TradDt,BizDt,Sgmt,Src,FinInstrmTp,FinInstrmId,ISIN,TckrSymb,SctySrs,XpryDt,FininstrmActlXpryDt,StrkPric,OptnTp,FinInstrmNm,OpnPric,HghPric,LwPric,ClsPric,LastPric,PrvsClsgPric,UndrlygPric,SttlmPric,OpnIntrst,ChngInOpnIntrst,TtlTradgVol,TtlTrfVal,TtlNbOfTxsExctd,SsnId,NewBrdLotQty,Rmks,Rsvd1,Rsvd2,Rsvd3,Rsvd4
2026-07-28,2026-07-28,FO,NSE,IDO,59108,,BANKNIFTY,,2026-08-25,2026-08-25,58000.00,CE,BANKNIFTY26AUG58000CE,579.85,579.85,445.00,461.60,472.45,607.50,56755.60,461.60,1796490,381510,46639,81849304135.50,29480,F1,30,,,,,
2026-07-28,2026-07-28,FO,NSE,IDO,59090,,BANKNIFTY,,2026-08-25,2026-08-25,57500.00,CE,BANKNIFTY26AUG57500CE,833.80,833.80,638.70,656.10,672.00,843.65,56755.60,656.10,351360,96720,16295,28452377919.00,10706,F1,30,,,,,
2026-07-28,2026-07-28,FO,NSE,IDO,59000,,BANKNIFTY,,2026-08-25,2026-08-25,54800.00,CE,BANKNIFTY26AUG54800CE,0.00,0.00,0.00,2602.75,2602.75,2602.75,56755.60,2683.45,300,0,0,0.00,0,F1,30,,,,,
2026-07-28,2026-07-28,FO,NSE,IDO,58918,,BANKNIFTY,,2026-08-25,2026-08-25,51900.00,CE,BANKNIFTY26AUG51900CE,0.00,0.00,0.00,4766.95,0.00,4766.95,56755.60,5165.45,0,0,0,0.00,0,F1,30,,,,,
2026-07-28,2026-07-28,FO,NSE,IDO,58862,,BANKNIFTY,,2026-08-25,2026-08-25,50300.00,CE,BANKNIFTY26AUG50300CE,0.00,0.00,0.00,6003.65,0.00,6003.65,56755.60,6705.90,0,0,0,0.00,0,F1,30,,,,,
2026-07-28,2026-07-28,FO,NSE,IDO,58852,,BANKNIFTY,,2026-08-25,2026-08-25,50000.00,CE,BANKNIFTY26AUG50000CE,7245.10,7245.10,6923.30,6958.90,7005.85,7324.70,56755.60,6958.90,117060,9240,584,1000029664.50,553,F1,30,,,,,
2026-07-28,2026-07-28,FO,NSE,IDO,58848,,BANKNIFTY,,2026-08-25,2026-08-25,49800.00,CE,BANKNIFTY26AUG49800CE,0.00,0.00,0.00,6416.75,0.00,6416.75,56755.60,7197.00,0,0,0,0.00,0,F1,30,,,,,
2026-07-28,2026-07-28,FO,NSE,IDO,58810,,BANKNIFTY,,2026-08-25,2026-08-25,48900.00,CE,BANKNIFTY26AUG48900CE,0.00,0.00,0.00,7186.90,0.00,7186.90,56755.60,8086.55,0,0,0,0.00,0,F1,30,,,,,
2026-07-28,2026-07-28,FO,NSE,IDO,62153,,BANKNIFTY,,2026-07-28,2026-07-28,66000.00,CE,BANKNIFTY26JUL66000CE,0.35,1.95,0.05,0.10,0.05,0.40,56755.60,56755.60,41640,-44070,7313,14479855683.00,2985,F1,30,,,,,
2026-07-28,2026-07-28,FO,NSE,IDO,62012,,BANKNIFTY,,2026-07-28,2026-07-28,61300.00,CE,BANKNIFTY26JUL61300CE,0.70,3.90,0.05,0.60,0.25,1.65,56755.60,56755.60,7470,-4500,1901,3495978205.50,532,F1,30,,,,,
2026-07-28,2026-07-28,FO,NSE,IDO,61873,,BANKNIFTY,,2026-07-28,2026-07-28,57300.00,CE,BANKNIFTY26JUL57300CE,98.00,98.00,0.05,0.60,0.05,130.85,56755.60,56755.60,613020,-24570,1428907,2456872118557.50,451051,F1,30,,,,,
2026-07-28,2026-07-28,FO,NSE,IDO,61770,,BANKNIFTY,,2026-07-28,2026-07-28,53700.00,CE,BANKNIFTY26JUL53700CE,0.00,0.00,0.00,3617.75,3617.75,3617.75,56755.60,56755.60,450,0,0,0.00,0,F1,30,,,,,
2026-07-28,2026-07-28,FO,NSE,IDO,61745,,BANKNIFTY,,2026-07-28,2026-07-28,52600.00,CE,BANKNIFTY26JUL52600CE,0.00,0.00,0.00,3327.90,3327.90,3327.90,56755.60,56755.60,90,0,0,0.00,0,F1,30,,,,,
2026-07-28,2026-07-28,FO,NSE,IDO,61739,,BANKNIFTY,,2026-07-28,2026-07-28,52300.00,CE,BANKNIFTY26JUL52300CE,0.00,0.00,0.00,4695.30,0.00,4695.30,56755.60,56755.60,0,0,0,0.00,0,F1,30,,,,,
2026-07-28,2026-07-28,FO,NSE,IDO,61721,,BANKNIFTY,,2026-07-28,2026-07-28,51600.00,CE,BANKNIFTY26JUL51600CE,0.00,0.00,0.00,5214.00,0.00,5214.00,56755.60,56755.60,0,0,0,0.00,0,F1,30,,,,,
2026-07-28,2026-07-28,FO,NSE,IDO,61643,,BANKNIFTY,,2026-07-28,2026-07-28,48400.00,CE,BANKNIFTY26JUL48400CE,0.00,0.00,0.00,7892.90,0.00,7892.90,56755.60,56755.60,0,0,0,0.00,0,F1,30,,,,,
2026-07-28,2026-07-28,FO,NSE,IDO,61627,,BANKNIFTY,,2026-07-28,2026-07-28,47600.00,CE,BANKNIFTY26JUL47600CE,0.00,0.00,0.00,8621.10,0.00,8621.10,56755.60,56755.60,0,0,0,0.00,0,F1,30,,,,,
2026-07-28,2026-07-28,FO,NSE,IDF,58067,,BANKNIFTY,,2026-08-25,2026-08-25,,,BANKNIFTY26AUGFUT,57474.00,57474.00,56960.00,57009.00,57085.00,57396.20,56755.60,57009.00,2163360,492450,29240,50098508298.00,20113,F1,30,,,,,
2026-07-28,2026-07-28,FO,NSE,IDO,70797,,BANKNIFTY,,2027-06-29,2027-06-29,60000.00,PE,BANKNIFTY27JUN60000PE,0.00,0.00,0.00,4251.70,0.00,4251.70,56755.60,4368.50,0,0,0,0.00,0,F1,30,,,,,
2026-07-28,2026-07-28,FO,NSE,IDO,53249,,BANKNIFTY,,2026-12-29,2026-12-29,64500.00,PE,BANKNIFTY26DEC64500PE,0.00,0.00,0.00,4582.05,0.00,4582.05,56755.60,7054.25,0,0,0,0.00,0,F1,30,,,,,
2026-07-28,2026-07-28,FO,NSE,IDO,53241,,BANKNIFTY,,2026-12-29,2026-12-29,60000.00,PE,BANKNIFTY26DEC60000PE,2627.05,2760.00,2620.00,2755.00,2755.00,2542.90,56755.60,2755.00,16830,90,17,31976886.00,16,F1,30,,,,,
2026-07-28,2026-07-28,FO,NSE,IDO,61925,,BANKNIFTY,,2026-07-28,2026-07-28,59200.00,CE,BANKNIFTY26JUL59200CE,3.25,3.25,0.05,0.65,0.05,3.20,56755.60,56755.60,107460,-11760,50890,90382949422.50,14839,F1,30,,,,,
2026-07-28,2026-07-28,FO,NSE,IDO,61858,,BANKNIFTY,,2026-07-28,2026-07-28,56800.00,CE,BANKNIFTY26JUL56800CE,300.00,315.00,0.05,3.15,0.05,436.70,56755.60,56755.60,3736980,3545640,6519521,11118300723594.00,2428148,F1,30,,,,,
2026-07-28,2026-07-28,FO,NSE,IDO,61789,,BANKNIFTY,,2026-07-28,2026-07-28,54200.00,CE,BANKNIFTY26JUL54200CE,2835.25,2835.25,2564.65,2564.65,2564.65,2882.35,56755.60,56755.60,750,-30,5,8533519.50,5,F1,30,,,,,
2026-07-28,2026-07-28,FO,NSE,IDO,61741,,BANKNIFTY,,2026-07-28,2026-07-28,52400.00,CE,BANKNIFTY26JUL52400CE,0.00,0.00,0.00,4623.10,0.00,4623.10,56755.60,56755.60,0,0,0,0.00,0,F1,30,,,,,
2026-07-28,2026-07-28,FO,NSE,IDO,61681,,BANKNIFTY,,2026-07-28,2026-07-28,50000.00,CE,BANKNIFTY26JUL50000CE,6925.15,7010.00,6700.00,6730.05,6763.35,7183.25,56755.60,56755.60,25440,-12240,450,768218406.00,285,F1,30,,,,,
2026-07-28,2026-07-28,FO,NSE,IDO,61631,,BANKNIFTY,,2026-07-28,2026-07-28,47800.00,CE,BANKNIFTY26JUL47800CE,0.00,0.00,0.00,8437.45,0.00,8437.45,56755.60,56755.60,0,0,0,0.00,0,F1,30,,,,,
2026-07-28,2026-07-28,FO,NSE,IDO,69769,,BANKNIFTY,,2026-09-29,2026-09-29,55100.00,CE,BANKNIFTY26SEP55100CE,0.00,0.00,0.00,4357.65,0.00,4357.65,56755.60,3276.85,0,0,0,0.00,0,F1,30,,,,,
2026-07-28,2026-07-28,FO,NSE,IDO,69761,,BANKNIFTY,,2026-09-29,2026-09-29,54700.00,CE,BANKNIFTY26SEP54700CE,0.00,0.00,0.00,4637.60,0.00,4637.60,56755.60,3546.25,0,0,0,0.00,0,F1,30,,,,,
2026-07-28,2026-07-28,FO,NSE,IDO,52286,,BANKNIFTY,,2026-09-29,2026-09-29,54000.00,CE,BANKNIFTY26SEP54000CE,3747.00,3835.05,3635.00,3644.00,3635.00,3838.95,56755.60,3644.00,4530,150,23,39854523.00,14,F1,30,,,,,
2026-07-28,2026-07-28,FO,NSE,IDO,69678,,BANKNIFTY,,2026-09-29,2026-09-29,52700.00,CE,BANKNIFTY26SEP52700CE,0.00,0.00,0.00,6155.30,0.00,6155.30,56755.60,5059.00,0,0,0,0.00,0,F1,30,,,,,
2026-07-28,2026-07-28,FO,NSE,IDO,70085,,BANKNIFTY,,2026-09-29,2026-09-29,62400.00,PE,BANKNIFTY26SEP62400PE,0.00,0.00,0.00,4929.15,0.00,4929.15,56755.60,5396.95,0,0,0,0.00,0,F1,30,,,,,
2026-07-28,2026-07-28,FO,NSE,IDO,70083,,BANKNIFTY,,2026-09-29,2026-09-29,62300.00,PE,BANKNIFTY26SEP62300PE,0.00,0.00,0.00,4853.00,0.00,4853.00,56755.60,5313.90,0,0,0,0.00,0,F1,30,,,,,
2026-07-28,2026-07-28,FO,NSE,IDO,59317,,BANKNIFTY,,2026-08-25,2026-08-25,64000.00,CE,BANKNIFTY26AUG64000CE,12.85,13.10,7.60,9.35,8.00,305.40,56755.60,9.35,3960,3960,210,403258698.00,72,F1,30,,,,,
2026-07-28,2026-07-28,FO,NSE,IDO,70018,,BANKNIFTY,,2026-09-29,2026-09-29,60400.00,PE,BANKNIFTY26SEP60400PE,0.00,0.00,0.00,3552.70,0.00,3552.70,56755.60,3830.20,0,0,0,0.00,0,F1,30,,,,,
2026-07-28,2026-07-28,FO,NSE,IDO,70014,,BANKNIFTY,,2026-09-29,2026-09-29,60200.00,PE,BANKNIFTY26SEP60200PE,0.00,0.00,0.00,3427.35,0.00,3427.35,56755.60,3686.05,0,0,0,0.00,0,F1,30,,,,,
2026-07-28,2026-07-28,FO,NSE,IDO,58910,,BANKNIFTY,,2026-08-25,2026-08-25,51700.00,CE,BANKNIFTY26AUG51700CE,0.00,0.00,0.00,4912.25,0.00,4912.25,56755.60,5354.25,0,0,0,0.00,0,F1,30,,,,,
2026-07-28,2026-07-28,FO,NSE,IDO,69664,,BANKNIFTY,,2026-09-29,2026-09-29,51900.00,CE,BANKNIFTY26SEP51900CE,0.00,0.00,0.00,6817.05,0.00,6817.05,56755.60,5729.85,0,0,0,0.00,0,F1,30,,,,,
2026-07-28,2026-07-28,FO,NSE,IDO,69782,,BANKNIFTY,,2026-09-29,2026-09-29,55700.00,PE,BANKNIFTY26SEP55700PE,1108.15,1108.15,1108.15,1108.15,1108.15,1262.00,56755.60,1207.00,30,30,1,1704244.50,1,F1,30,,,,,
2026-07-28,2026-07-28,FO,NSE,IDO,69768,,BANKNIFTY,,2026-09-29,2026-09-29,55000.00,PE,BANKNIFTY26SEP55000PE,443.00,498.95,436.20,482.80,472.05,425.60,56755.60,482.80,58890,9750,721,1199823028.50,381,F1,30,,,,,
2026-07-28,2026-07-28,FO,NSE,IDO,69695,,BANKNIFTY,,2026-09-29,2026-09-29,53500.00,PE,BANKNIFTY26SEP53500PE,256.40,263.20,234.00,259.80,250.55,228.35,56755.60,259.80,2940,60,42,67726120.50,21,F1,30,,,,,
2026-07-28,2026-07-28,FO,NSE,IDO,69663,,BANKNIFTY,,2026-09-29,2026-09-29,51800.00,PE,BANKNIFTY26SEP51800PE,0.00,0.00,0.00,364.20,0.00,364.20,56755.60,271.80,0,0,0,0.00,0,F1,30,,,,,
2026-07-28,2026-07-28,FO,NSE,IDO,59271,,BANKNIFTY,,2026-08-25,2026-08-25,62500.00,PE,BANKNIFTY26AUG62500PE,5154.65,5255.35,5154.65,5255.30,5255.30,5100.00,56755.60,5536.95,2790,300,10,20308854.00,8,F1,30,,,,,
2026-07-28,2026-07-28,FO,NSE,IDO,76418,,BANKNIFTY,,2027-03-30,2027-03-30,60000.00,PE,BANKNIFTY27MAR60000PE,0.00,0.00,0.00,7507.95,0.00,7507.95,56755.60,4218.55,0,0,0,0.00,0,F1,30,,,,,
2026-07-28,2026-07-28,FO,NSE,IDO,59286,,BANKNIFTY,,2026-08-25,2026-08-25,63000.00,CE,BANKNIFTY26AUG63000CE,11.25,18.00,9.25,10.15,11.00,11.45,56755.60,10.15,158250,28350,4327,8179461738.00,2679,F1,30,,,,,
2026-07-28,2026-07-28,FO,NSE,IDO,59248,,BANKNIFTY,,2026-08-25,2026-08-25,61700.00,CE,BANKNIFTY26AUG61700CE,0.00,0.00,0.00,591.05,0.00,591.05,56755.60,136.20,0,0,0,0.00,0,F1,30,,,,,
2026-07-28,2026-07-28,FO,NSE,IDO,59155,,BANKNIFTY,,2026-08-25,2026-08-25,59500.00,CE,BANKNIFTY26AUG59500CE,175.00,186.95,137.00,141.75,147.60,189.25,56755.60,141.75,297060,98370,13509,24177006966.00,6540,F1,30,,,,,
2026-07-28,2026-07-28,FO,NSE,IDO,59141,,BANKNIFTY,,2026-08-25,2026-08-25,58900.00,CE,BANKNIFTY26AUG58900CE,292.65,292.65,225.00,234.30,238.00,310.90,56755.60,234.30,17280,4050,678,1203124594.50,522,F1,30,,,,,
2026-07-28,2026-07-28,FO,NSE,IDO,61902,,BANKNIFTY,,2026-07-28,2026-07-28,58500.00,PE,BANKNIFTY26JUL58500PE,1484.75,1811.50,1446.15,1786.70,1746.15,1331.30,56755.60,56755.60,216150,-59580,4223,7620247624.50,2999,F1,30,,,,,
2026-07-28,2026-07-28,FO,NSE,IDO,61832,,BANKNIFTY,,2026-07-28,2026-07-28,55800.00,PE,BANKNIFTY26JUL55800PE,5.75,6.00,0.05,0.20,0.05,6.65,56755.60,56755.60,295560,151410,203200,340167373504.50,58698,F1,30,,,,,
2026-07-28,2026-07-28,FO,NSE,IDO,61830,,BANKNIFTY,,2026-07-28,2026-07-28,55700.00,PE,BANKNIFTY26JUL55700PE,7.25,7.25,0.05,0.25,0.05,6.00,56755.60,56755.60,307020,209550,234374,391649616990.00,79877,F1,30,,,,,
2026-07-28,2026-07-28,FO,NSE,IDO,59238,,BANKNIFTY,,2026-08-25,2026-08-25,61400.00,PE,BANKNIFTY26AUG61400PE,0.00,0.00,0.00,6041.20,0.00,6041.20,56755.60,4521.85,0,0,0,0.00,0,F1,30,,,,,
2026-07-28,2026-07-28,FO,NSE,IDO,59203,,BANKNIFTY,,2026-08-25,2026-08-25,60500.00,PE,BANKNIFTY26AUG60500PE,3334.35,3546.50,3293.95,3485.15,3475.25,3130.45,56755.60,3485.15,12300,4950,411,787846329.00,329,F1,30,,,,,
2026-07-28,2026-07-28,FO,NSE,IDO,58860,,BANKNIFTY,,2026-08-25,2026-08-25,50200.00,CE,BANKNIFTY26AUG50200CE,0.00,0.00,0.00,6085.35,0.00,6085.35,56755.60,6803.90,0,0,0,0.00,0,F1,30,,,,,
2026-07-28,2026-07-28,FO,NSE,IDO,58874,,BANKNIFTY,,2026-08-25,2026-08-25,50800.00,CE,BANKNIFTY26AUG50800CE,0.00,0.00,0.00,5602.30,0.00,5602.30,56755.60,6218.30,0,0,0,0.00,0,F1,30,,,,,
2026-07-28,2026-07-28,FO,NSE,IDO,59088,,BANKNIFTY,,2026-08-25,2026-08-25,57400.00,CE,BANKNIFTY26AUG57400CE,888.05,888.05,681.85,702.30,718.00,897.05,56755.60,702.30,41340,3390,1739,3033532639.50,1356,F1,30,,,,,
2026-07-28,2026-07-28,FO,NSE,IDO,61818,,BANKNIFTY,,2026-07-28,2026-07-28,55300.00,PE,BANKNIFTY26JUL55300PE,3.90,3.90,0.05,0.25,0.05,3.80,56755.60,56755.60,156600,62250,62696,104015128710.00,23053,F1,30,,,,,
2026-07-28,2026-07-28,FO,NSE,IDO,61785,,BANKNIFTY,,2026-07-28,2026-07-28,54000.00,PE,BANKNIFTY26JUL54000PE,1.95,6.55,0.05,0.20,0.05,2.10,56755.60,56755.60,297810,-94080,78422,127046425707.00,18809,F1,30,,,,,
2026-07-28,2026-07-28,FO,NSE,IDO,59049,,BANKNIFTY,,2026-08-25,2026-08-25,56400.00,CE,BANKNIFTY26AUG56400CE,1427.20,1436.20,1210.00,1261.30,1381.10,1507.90,56755.60,1261.30,6060,-1530,260,450050029.50,203,F1,30,,,,,
2026-07-28,2026-07-28,FO,NSE,IDO,61700,,BANKNIFTY,,2026-07-28,2026-07-28,50700.00,PE,BANKNIFTY26JUL50700PE,1.10,4.55,0.20,0.20,0.20,0.90,56755.60,56755.60,3090,480,50,76051174.50,23,F1,30,,,,,
2026-07-28,2026-07-28,FO,NSE,IDO,58948,,BANKNIFTY,,2026-08-25,2026-08-25,53200.00,CE,BANKNIFTY26AUG53200CE,0.00,0.00,0.00,4328.15,4328.15,4328.15,56755.60,3981.75,30,0,0,0.00,0,F1,30,,,,,
2026-07-28,2026-07-28,FO,NSE,IDO,58978,,BANKNIFTY,,2026-08-25,2026-08-25,54000.00,CE,BANKNIFTY26AUG54000CE,3398.60,3398.60,3064.65,3101.35,3145.00,3467.45,56755.60,3101.35,56130,10380,570,977633196.00,364,F1,30,,,,,
2026-07-28,2026-07-28,FO,NSE,IDO,58984,,BANKNIFTY,,2026-08-25,2026-08-25,54300.00,CE,BANKNIFTY26AUG54300CE,0.00,0.00,0.00,3896.00,3896.00,3896.00,56755.60,3064.10,30,0,0,0.00,0,F1,30,,,,,
2026-07-28,2026-07-28,FO,NSE,IDO,76399,,BANKNIFTY,,2027-03-30,2027-03-30,57000.00,PE,BANKNIFTY27MAR57000PE,0.00,0.00,0.00,5580.05,0.00,5580.05,56755.60,2781.50,0,0,0,0.00,0,F1,30,,,,,
2026-07-28,2026-07-28,FO,NSE,IDO,59386,,BANKNIFTY,,2026-08-25,2026-08-25,66000.00,CE,BANKNIFTY26AUG66000CE,5.95,6.25,4.60,5.50,5.40,5.55,56755.60,5.50,19290,2610,515,1019786274.00,214,F1,30,,,,,
2026-07-28,2026-07-28,FO,NSE,IDO,53229,,BANKNIFTY,,2026-12-29,2026-12-29,57000.00,PE,BANKNIFTY26DEC57000PE,1360.00,1404.45,1330.00,1385.90,1385.00,1266.90,56755.60,1385.90,9870,480,46,80554032.00,26,F1,30,,,,,
2026-07-28,2026-07-28,FO,NSE,IDO,61686,,BANKNIFTY,,2026-07-28,2026-07-28,50100.00,PE,BANKNIFTY26JUL50100PE,0.95,0.95,0.80,0.80,0.80,1.65,56755.60,56755.60,2010,0,9,13527247.50,4,F1,30,,,,,
2026-07-28,2026-07-28,FO,NSE,IDO,61672,,BANKNIFTY,,2026-07-28,2026-07-28,49500.00,PE,BANKNIFTY26JUL49500PE,0.70,0.70,0.05,0.10,0.05,0.75,56755.60,56755.60,6450,-2790,299,444017643.00,43,F1,30,,,,,
2026-07-28,2026-07-28,FO,NSE,IDO,61638,,BANKNIFTY,,2026-07-28,2026-07-28,48100.00,PE,BANKNIFTY26JUL48100PE,1.35,1.35,0.05,0.70,0.05,1.30,56755.60,56755.60,840,480,80,115441618.50,39,F1,30,,,,,
2026-07-28,2026-07-28,FO,NSE,IDO,70786,,BANKNIFTY,,2027-06-29,2027-06-29,54000.00,CE,BANKNIFTY27JUN54000CE,0.00,0.00,0.00,8730.20,0.00,8730.20,56755.60,7903.10,0,0,0,0.00,0,F1,30,,,,,
2026-07-28,2026-07-28,FO,NSE,IDO,53246,,BANKNIFTY,,2026-12-29,2026-12-29,63000.00,CE,BANKNIFTY26DEC63000CE,568.50,585.70,515.20,520.60,530.00,585.20,56755.60,520.60,14430,1260,99,188701735.50,46,F1,30,,,,,
2026-07-28,2026-07-28,FO,NSE,IDO,70013,,BANKNIFTY,,2026-09-29,2026-09-29,60200.00,CE,BANKNIFTY26SEP60200CE,0.00,0.00,0.00,1693.65,0.00,1693.65,56755.60,925.60,0,0,0,0.00,0,F1,30,,,,,
2026-07-28,2026-07-28,FO,NSE,IDO,53222,,BANKNIFTY,,2026-12-29,2026-12-29,52500.00,CE,BANKNIFTY26DEC52500CE,0.00,0.00,0.00,10279.15,0.00,10279.15,56755.60,6611.10,0,0,0,0.00,0,F1,30,,,,,
2026-07-28,2026-07-28,FO,NSE,IDO,70107,,BANKNIFTY,,2026-09-29,2026-09-29,63600.00,CE,BANKNIFTY26SEP63600CE,0.00,0.00,0.00,764.35,0.00,764.35,56755.60,303.55,0,0,0,0.00,0,F1,30,,,,,
2026-07-28,2026-07-28,FO,NSE,IDO,70120,,BANKNIFTY,,2026-09-29,2026-09-29,64200.00,PE,BANKNIFTY26SEP64200PE,0.00,0.00,0.00,6327.50,0.00,6327.50,56755.60,6958.70,0,0,0,0.00,0,F1,30,,,,,
2026-07-28,2026-07-28,FO,NSE,IDO,69797,,BANKNIFTY,,2026-09-29,2026-09-29,56300.00,CE,BANKNIFTY26SEP56300CE,0.00,0.00,0.00,3583.05,0.00,3583.05,56755.60,2542.00,0,0,0,0.00,0,F1,30,,,,,
2026-07-28,2026-07-28,FO,NSE,IDO,69994,,BANKNIFTY,,2026-09-29,2026-09-29,59700.00,CE,BANKNIFTY26SEP59700CE,0.00,0.00,0.00,1882.85,0.00,1882.85,56755.60,1070.80,0,0,0,0.00,0,F1,30,,,,,
2026-07-28,2026-07-28,FO,NSE,IDO,59144,,BANKNIFTY,,2026-08-25,2026-08-25,58900.00,PE,BANKNIFTY26AUG58900PE,2040.00,2130.00,2040.00,2130.00,2130.00,1800.00,56755.60,2130.00,1320,90,10,18295500.00,3,F1,30,,,,,
2026-07-28,2026-07-28,FO,NSE,IDO,59118,,BANKNIFTY,,2026-08-25,2026-08-25,58200.00,PE,BANKNIFTY26AUG58200PE,1425.25,1596.50,1425.25,1565.50,1574.60,1328.90,56755.60,1565.50,9690,750,132,236523481.50,102,F1,30,,,,,
2026-07-28,2026-07-28,FO,NSE,IDO,59097,,BANKNIFTY,,2026-08-25,2026-08-25,57800.00,PE,BANKNIFTY26AUG57800PE,1188.95,1362.00,1171.00,1338.25,1312.00,1104.20,56755.60,1338.25,18600,930,206,365110452.00,160,F1,30,,,,,
2026-07-28,2026-07-28,FO,NSE,IDO,59084,,BANKNIFTY,,2026-08-25,2026-08-25,57200.00,PE,BANKNIFTY26AUG57200PE,877.30,1025.10,867.80,989.40,957.40,818.05,56755.60,989.40,43440,-14370,3094,5397014574.00,2178,F1,30,,,,,
2026-07-28,2026-07-28,FO,NSE,IDO,59080,,BANKNIFTY,,2026-08-25,2026-08-25,57000.00,PE,BANKNIFTY26AUG57000PE,799.90,932.60,777.75,892.45,850.05,731.70,56755.60,892.45,604680,119970,35940,62381886076.50,24386,F1,30,,,,,
2026-07-28,2026-07-28,FO,NSE,IDO,59041,,BANKNIFTY,,2026-08-25,2026-08-25,56000.00,PE,BANKNIFTY26AUG56000PE,458.95,524.70,440.55,503.60,494.00,424.15,56755.60,503.60,484620,70770,18027,30548632704.00,10325,F1,30,,,,,
2026-07-28,2026-07-28,FO,NSE,IDO,59037,,BANKNIFTY,,2026-08-25,2026-08-25,55900.00,PE,BANKNIFTY26AUG55900PE,416.90,490.60,416.05,473.35,471.60,398.65,56755.60,473.35,12570,3870,433,732117382.50,328,F1,30,,,,,
2026-07-28,2026-07-28,FO,NSE,IDO,58887,,BANKNIFTY,,2026-08-25,2026-08-25,51400.00,PE,BANKNIFTY26AUG51400PE,32.10,37.20,32.10,33.70,33.70,33.35,56755.60,33.70,300,-90,15,23145510.00,7,F1,30,,,,,
2026-07-28,2026-07-28,FO,NSE,IDO,58869,,BANKNIFTY,,2026-08-25,2026-08-25,50500.00,PE,BANKNIFTY26AUG50500PE,24.95,27.25,20.65,24.30,23.50,25.00,56755.60,24.30,6630,3480,279,422887935.00,177,F1,30,,,,,
2026-07-28,2026-07-28,FO,NSE,IDO,62096,,BANKNIFTY,,2026-07-28,2026-07-28,64000.00,PE,BANKNIFTY26JUL64000PE,7100.00,7316.00,7000.15,7305.30,7316.00,6868.85,56755.60,56755.60,510,-990,44,93821890.50,31,F1,30,,,,,
2026-07-28,2026-07-28,FO,NSE,IDO,62060,,BANKNIFTY,,2026-07-28,2026-07-28,62600.00,PE,BANKNIFTY26JUL62600PE,0.00,0.00,0.00,6805.90,0.00,6805.90,56755.60,56755.60,0,0,0,0.00,0,F1,30,,,,,
2026-07-28,2026-07-28,FO,NSE,IDO,61928,,BANKNIFTY,,2026-07-28,2026-07-28,59300.00,PE,BANKNIFTY26JUL59300PE,2308.65,2560.00,2308.65,2560.00,2560.00,2136.00,56755.60,56755.60,7950,-30,13,24077578.50,12,F1,30,,,,,
2026-07-28,2026-07-28,FO,NSE,IDO,69779,,BANKNIFTY,,2026-09-29,2026-09-29,55600.00,CE,BANKNIFTY26SEP55600CE,0.00,0.00,0.00,4024.15,0.00,4024.15,56755.60,2957.10,0,0,0,0.00,0,F1,30,,,,,
2026-07-28,2026-07-28,FO,NSE,IDO,76401,,BANKNIFTY,,2027-03-30,2027-03-30,58500.00,PE,BANKNIFTY27MAR58500PE,0.00,0.00,0.00,6512.10,0.00,6512.10,56755.60,3457.10,0,0,0,0.00,0,F1,30,,,,,
2026-07-28,2026-07-28,FO,NSE,IDO,69787,,BANKNIFTY,,2026-09-29,2026-09-29,56000.00,CE,BANKNIFTY26SEP56000CE,2325.00,2325.00,2072.25,2105.15,2140.00,2410.25,56755.60,2105.15,11970,330,158,275747469.00,99,F1,30,,,,,
2026-07-28,2026-07-28,FO,NSE,IDO,58850,,BANKNIFTY,,2026-08-25,2026-08-25,49900.00,CE,BANKNIFTY26AUG49900CE,0.00,0.00,0.00,6333.25,0.00,6333.25,56755.60,7098.55,0,0,0,0.00,0,F1,30,,,,,
2026-07-28,2026-07-28,FO,NSE,IDO,58816,,BANKNIFTY,,2026-08-25,2026-08-25,49200.00,CE,BANKNIFTY26AUG49200CE,0.00,0.00,0.00,6926.65,0.00,6926.65,56755.60,7789.45,0,0,0,0.00,0,F1,30,,,,,
2026-07-28,2026-07-28,FO,NSE,IDO,58766,,BANKNIFTY,,2026-08-25,2026-08-25,48000.00,CE,BANKNIFTY26AUG48000CE,9012.00,9059.40,8903.05,8940.80,8940.80,9274.15,56755.60,8979.85,4380,120,13,22209079.50,13,F1,30,,,,,
2026-07-28,2026-07-28,FO,NSE,IDO,62091,,BANKNIFTY,,2026-07-28,2026-07-28,63800.00,CE,BANKNIFTY26JUL63800CE,0.90,2.00,0.05,1.10,0.05,0.95,56755.60,56755.60,4860,-1800,160,306243168.00,25,F1,30,,,,,
2026-07-28,2026-07-28,FO,NSE,IDO,62077,,BANKNIFTY,,2026-07-28,2026-07-28,63200.00,CE,BANKNIFTY26JUL63200CE,0.75,2.00,0.05,0.30,0.05,1.65,56755.60,56755.60,1260,-2460,299,566909620.50,103,F1,30,,,,,
2026-07-28,2026-07-28,FO,NSE,IDO,61998,,BANKNIFTY,,2026-07-28,2026-07-28,61000.00,CE,BANKNIFTY26JUL61000CE,1.00,4.90,0.05,1.70,0.05,1.30,56755.60,56755.60,516960,111960,87255,159680190165.00,20365,F1,30,,,,,
2026-07-28,2026-07-28,FO,NSE,IDO,61971,,BANKNIFTY,,2026-07-28,2026-07-28,60500.00,CE,BANKNIFTY26JUL60500CE,1.05,2.10,0.05,0.55,0.10,1.50,56755.60,56755.60,596790,292800,78515,142507696660.50,17815,F1,30,,,,,
2026-07-28,2026-07-28,FO,NSE,IDO,61927,,BANKNIFTY,,2026-07-28,2026-07-28,59300.00,CE,BANKNIFTY26JUL59300CE,1.85,2.45,0.05,0.55,0.15,2.75,56755.60,56755.60,103710,-96060,29855,53113527084.00,9717,F1,30,,,,,
2026-07-28,2026-07-28,FO,NSE,IDO,59099,,BANKNIFTY,,2026-08-25,2026-08-25,57900.00,PE,BANKNIFTY26AUG57900PE,1250.95,1432.25,1250.95,1381.25,1361.40,1155.05,56755.60,1381.25,121170,26490,1436,2551033813.50,519,F1,30,,,,,
2026-07-28,2026-07-28,FO,NSE,IDO,59093,,BANKNIFTY,,2026-08-25,2026-08-25,57600.00,PE,BANKNIFTY26AUG57600PE,1082.80,1233.80,1067.05,1199.60,1180.50,996.55,56755.60,1199.60,11580,60,155,273290566.50,123,F1,30,,,,,
2026-07-28,2026-07-28,FO,NSE,IDO,59091,,BANKNIFTY,,2026-08-25,2026-08-25,57500.00,PE,BANKNIFTY26AUG57500PE,1000.05,1190.00,1000.05,1157.05,1120.60,952.90,56755.60,1157.05,265440,66540,8957,15748827189.00,6244,F1,30,,,,,
2026-07-28,2026-07-28,FO,NSE,IDO,58931,,BANKNIFTY,,2026-08-25,2026-08-25,52500.00,PE,BANKNIFTY26AUG52500PE,56.30,59.60,46.60,51.95,50.05,51.80,56755.60,51.95,126600,41550,5045,7953699534.00,2272,F1,30,,,,,
2026-07-28,2026-07-28,FO,NSE,IDO,58927,,BANKNIFTY,,2026-08-25,2026-08-25,52300.00,PE,BANKNIFTY26AUG52300PE,47.90,52.90,41.50,45.55,44.00,47.90,56755.60,45.55,6540,5580,388,609303790.50,237,F1,30,,,,,
2026-07-28,2026-07-28,FO,NSE,IDO,58923,,BANKNIFTY,,2026-08-25,2026-08-25,52100.00,PE,BANKNIFTY26AUG52100PE,49.05,49.05,43.05,43.05,43.05,46.90,56755.60,43.05,780,180,12,18772546.50,4,F1,30,,,,,
2026-07-28,2026-07-28,FO,NSE,IDO,58859,,BANKNIFTY,,2026-08-25,2026-08-25,50100.00,PE,BANKNIFTY26AUG50100PE,20.50,23.50,20.50,22.40,22.40,19.30,56755.60,13.65,750,300,18,27065841.00,10,F1,30,,,,,
2026-07-28,2026-07-28,FO,NSE,IDO,58811,,BANKNIFTY,,2026-08-25,2026-08-25,48900.00,PE,BANKNIFTY26AUG48900PE,15.95,24.85,13.85,22.10,23.90,14.85,56755.60,22.10,5790,5520,329,482859499.50,65,F1,30,,,,,
2026-07-28,2026-07-28,FO,NSE,IDO,58805,,BANKNIFTY,,2026-08-25,2026-08-25,48700.00,PE,BANKNIFTY26AUG48700PE,0.00,0.00,0.00,249.85,0.00,249.85,56755.60,3.00,0,0,0,0.00,0,F1,30,,,,,
2026-07-28,2026-07-28,FO,NSE,IDO,62100,,BANKNIFTY,,2026-07-28,2026-07-28,64200.00,PE,BANKNIFTY26JUL64200PE,0.00,0.00,0.00,8196.15,0.00,8196.15,56755.60,56755.60,0,0,0,0.00,0,F1,30,,,,,
2026-07-28,2026-07-28,FO,NSE,IDO,62086,,BANKNIFTY,,2026-07-28,2026-07-28,63500.00,PE,BANKNIFTY26JUL63500PE,6697.00,6697.00,6517.45,6517.45,6517.45,6350.00,56755.60,56755.60,4050,0,3,6308236.50,3,F1,30,,,,,
2026-07-28,2026-07-28,FO,NSE,IDO,62078,,BANKNIFTY,,2026-07-28,2026-07-28,63200.00,PE,BANKNIFTY26JUL63200PE,0.00,0.00,0.00,7318.50,0.00,7318.50,56755.60,56755.60,0,0,0,0.00,0,F1,30,,,,,
2026-07-28,2026-07-28,FO,NSE,IDO,62011,,BANKNIFTY,,2026-07-28,2026-07-28,61200.00,PE,BANKNIFTY26JUL61200PE,0.00,0.00,0.00,4350.00,4350.00,4350.00,56755.60,56755.60,90,0,0,0.00,0,F1,30,,,,,
2026-07-28,2026-07-28,FO,NSE,IDO,61918,,BANKNIFTY,,2026-07-28,2026-07-28,59000.00,PE,BANKNIFTY26JUL59000PE,1963.45,2316.40,1948.10,2267.05,2245.00,1838.60,56755.60,56755.60,252600,-124830,9034,16558061094.00,7085,F1,30,,,,,
2026-07-28,2026-07-28,FO,NSE,IDO,61894,,BANKNIFTY,,2026-07-28,2026-07-28,58200.00,PE,BANKNIFTY26JUL58200PE,1190.00,1515.95,1155.20,1481.20,1446.15,1034.65,56755.60,56755.60,108480,-12150,855,1527608574.00,573,F1,30,,,,,
2026-07-28,2026-07-28,FO,NSE,IDO,61890,,BANKNIFTY,,2026-07-28,2026-07-28,58000.00,PE,BANKNIFTY26JUL58000PE,1000.00,1318.05,946.15,1271.00,1248.40,846.65,56755.60,56755.60,367230,-271980,25229,44747252439.00,15620,F1,30,,,,,
2026-07-28,2026-07-28,FO,NSE,IDO,61868,,BANKNIFTY,,2026-07-28,2026-07-28,57000.00,PE,BANKNIFTY26JUL57000PE,141.30,318.50,76.05,260.50,243.65,114.95,56755.60,56755.60,1085100,-100860,3042281,5215755653538.00,1606404,F1,30,,,,,
2026-07-28,2026-07-28,FO,NSE,IDO,61854,,BANKNIFTY,,2026-07-28,2026-07-28,56700.00,PE,BANKNIFTY26JUL56700PE,70.00,78.70,0.05,9.15,0.05,46.55,56755.60,56755.60,3531840,3181350,9484768,16138251987127.50,3106914,F1,30,,,,,
2026-07-28,2026-07-28,FO,NSE,IDO,61836,,BANKNIFTY,,2026-07-28,2026-07-28,56000.00,PE,BANKNIFTY26JUL56000PE,10.40,11.35,0.05,0.20,0.05,8.95,56755.60,56755.60,821160,-113100,620529,1042526513358.00,131154,F1,30,,,,,
2026-07-28,2026-07-28,FO,NSE,IDO,61742,,BANKNIFTY,,2026-07-28,2026-07-28,52400.00,PE,BANKNIFTY26JUL52400PE,2.10,2.50,0.05,0.15,0.95,1.75,56755.60,56755.60,1740,-690,250,393006481.50,119,F1,30,,,,,
2026-07-28,2026-07-28,FO,NSE,IDO,61702,,BANKNIFTY,,2026-07-28,2026-07-28,50800.00,PE,BANKNIFTY26JUL50800PE,0.50,0.65,0.05,0.05,0.05,1.75,56755.60,56755.60,2850,120,33,50292286.50,15,F1,30,,,,,
2026-07-28,2026-07-28,FO,NSE,IDO,70765,,BANKNIFTY,,2027-06-29,2027-06-29,51000.00,CE,BANKNIFTY27JUN51000CE,0.00,0.00,0.00,10793.90,0.00,10793.90,56755.60,9945.65,0,0,0,0.00,0,F1,30,,,,,
2026-07-28,2026-07-28,FO,NSE,IDO,76425,,BANKNIFTY,,2027-03-30,2027-03-30,63000.00,CE,BANKNIFTY27MAR63000CE,1386.05,1455.65,1384.05,1390.00,1390.00,1450.00,56755.60,1390.00,1260,240,8,15458292.00,8,F1,30,,,,,
2026-07-28,2026-07-28,FO,NSE,IDO,76402,,BANKNIFTY,,2027-03-30,2027-03-30,60000.00,CE,BANKNIFTY27MAR60000CE,0.00,0.00,0.00,1968.25,0.00,1968.25,56755.60,3581.90,0,0,0,0.00,0,F1,30,,,,,
2026-07-28,2026-07-28,FO,NSE,IDO,53218,,BANKNIFTY,,2026-12-29,2026-12-29,49500.00,CE,BANKNIFTY26DEC49500CE,0.00,0.00,0.00,12801.50,0.00,12801.50,56755.60,9006.60,0,0,0,0.00,0,F1,30,,,,,
2026-07-28,2026-07-28,FO,NSE,IDO,70086,,BANKNIFTY,,2026-09-29,2026-09-29,62500.00,CE,BANKNIFTY26SEP62500CE,0.00,0.00,0.00,1004.90,0.00,1004.90,56755.60,446.15,0,0,0,0.00,0,F1,30,,,,,
2026-07-28,2026-07-28,FO,NSE,IDO,70045,,BANKNIFTY,,2026-09-29,2026-09-29,61800.00,CE,BANKNIFTY26SEP61800CE,0.00,0.00,0.00,1183.35,0.00,1183.35,56755.60,563.20,0,0,0,0.00,0,F1,30,,,,,
2026-07-28,2026-07-28,FO,NSE,IDO,69872,,BANKNIFTY,,2026-09-29,2026-09-29,58900.00,CE,BANKNIFTY26SEP58900CE,0.00,0.00,0.00,2217.10,0.00,2217.10,56755.60,1338.50,0,0,0,0.00,0,F1,30,,,,,
2026-07-28,2026-07-28,FO,NSE,IDO,69826,,BANKNIFTY,,2026-09-29,2026-09-29,57700.00,CE,BANKNIFTY26SEP57700CE,1280.70,1280.70,1232.30,1232.45,1232.45,1280.70,56755.60,1828.25,900,210,7,12379843.50,7,F1,30,,,,,
2026-07-28,2026-07-28,FO,NSE,IDO,69817,,BANKNIFTY,,2026-09-29,2026-09-29,57300.00,CE,BANKNIFTY26SEP57300CE,1450.00,1450.00,1402.90,1439.90,1439.90,1516.15,56755.60,2016.20,1050,0,6,10570726.50,6,F1,30,,,,,
2026-07-28,2026-07-28,FO,NSE,IDO,69813,,BANKNIFTY,,2026-09-29,2026-09-29,57100.00,CE,BANKNIFTY26SEP57100CE,1565.30,1610.80,1340.50,1540.05,1540.05,1705.55,56755.60,2115.15,1740,30,6,10553619.00,6,F1,30,,,,,
2026-07-28,2026-07-28,FO,NSE,IDO,69684,,BANKNIFTY,,2026-09-29,2026-09-29,53000.00,CE,BANKNIFTY26SEP53000CE,0.00,0.00,0.00,5914.50,0.00,5914.50,56755.60,4816.25,0,0,0,0.00,0,F1,30,,,,,
2026-07-28,2026-07-28,FO,NSE,IDO,69674,,BANKNIFTY,,2026-09-29,2026-09-29,52400.00,CE,BANKNIFTY26SEP52400CE,0.00,0.00,0.00,6400.20,0.00,6400.20,56755.60,5306.70,0,0,0,0.00,0,F1,30,,,,,
2026-07-28,2026-07-28,FO,NSE,IDO,59300,,BANKNIFTY,,2026-08-25,2026-08-25,63500.00,CE,BANKNIFTY26AUG63500CE,0.00,0.00,0.00,354.45,0.00,354.45,56755.60,42.65,0,0,0,0.00,0,F1,30,,,,,
2026-07-28,2026-07-28,FO,NSE,IDO,69995,,BANKNIFTY,,2026-09-29,2026-09-29,59700.00,PE,BANKNIFTY26SEP59700PE,0.00,0.00,0.00,3124.25,0.00,3124.25,56755.60,3336.95,0,0,0,0.00,0,F1,30,,,,,
2026-07-28,2026-07-28,FO,NSE,IDO,70020,,BANKNIFTY,,2026-09-29,2026-09-29,60500.00,PE,BANKNIFTY26SEP60500PE,0.00,0.00,0.00,3616.25,0.00,3616.25,56755.60,3903.20,0,0,0,0.00,0,F1,30,,,,,
2026-07-28,2026-07-28,FO,NSE,IDO,59298,,BANKNIFTY,,2026-08-25,2026-08-25,63400.00,CE,BANKNIFTY26AUG63400CE,0.00,0.00,0.00,365.00,0.00,365.00,56755.60,45.65,0,0,0,0.00,0,F1,30,,,,,
2026-07-28,2026-07-28,FO,NSE,IDO,59256,,BANKNIFTY,,2026-08-25,2026-08-25,62100.00,CE,BANKNIFTY26AUG62100CE,0.00,0.00,0.00,529.35,0.00,529.35,56755.60,106.70,0,0,0,0.00,0,F1,30,,,,,
2026-07-28,2026-07-28,FO,NSE,IDO,59254,,BANKNIFTY,,2026-08-25,2026-08-25,62000.00,CE,BANKNIFTY26AUG62000CE,24.95,26.30,18.85,20.40,21.00,24.25,56755.60,20.40,273120,37410,7852,14609937589.50,4298,F1,30,,,,,
2026-07-28,2026-07-28,FO,NSE,IDO,59252,,BANKNIFTY,,2026-08-25,2026-08-25,61900.00,CE,BANKNIFTY26AUG61900CE,0.00,0.00,0.00,559.50,0.00,559.50,56755.60,120.65,0,0,0,0.00,0,F1,30,,,,,
2026-07-28,2026-07-28,FO,NSE,IDO,59246,,BANKNIFTY,,2026-08-25,2026-08-25,61600.00,CE,BANKNIFTY26AUG61600CE,0.00,0.00,0.00,607.40,0.00,607.40,56755.60,144.60,0,0,0,0.00,0,F1,30,,,,,
2026-07-28,2026-07-28,FO,NSE,IDO,59228,,BANKNIFTY,,2026-08-25,2026-08-25,61200.00,CE,BANKNIFTY26AUG61200CE,39.65,43.65,30.95,32.95,32.20,40.00,56755.60,32.95,29250,14130,1289,2368004032.50,425,F1,30,,,,,
2026-07-28,2026-07-28,FO,NSE,IDO,59170,,BANKNIFTY,,2026-08-25,2026-08-25,60100.00,CE,BANKNIFTY26AUG60100CE,101.60,116.25,81.00,83.20,89.70,111.80,56755.60,83.20,16710,11910,1152,2080278394.50,561,F1,30,,,,,
2026-07-28,2026-07-28,FO,NSE,IDO,59147,,BANKNIFTY,,2026-08-25,2026-08-25,59100.00,CE,BANKNIFTY26AUG59100CE,250.20,262.05,189.50,200.65,203.35,266.90,56755.60,200.65,12240,3330,414,736692387.00,300,F1,30,,,,,
2026-07-28,2026-07-28,FO,NSE,IDO,59139,,BANKNIFTY,,2026-08-25,2026-08-25,58800.00,CE,BANKNIFTY26AUG58800CE,319.95,326.65,241.45,251.80,263.00,340.10,56755.60,251.80,23010,9840,1203,2131878448.50,813,F1,30,,,,,
2026-07-28,2026-07-28,FO,NSE,IDO,59081,,BANKNIFTY,,2026-08-25,2026-08-25,57100.00,CE,BANKNIFTY26AUG57100CE,1094.30,1094.30,822.10,844.65,865.05,1067.65,56755.60,844.65,58140,1110,4165,7248528817.50,3026,F1,30,,,,,
2026-07-28,2026-07-28,FO,NSE,IDO,59055,,BANKNIFTY,,2026-08-25,2026-08-25,56500.00,CE,BANKNIFTY26AUG56500CE,1375.10,1375.10,1143.70,1177.25,1200.15,1434.50,56755.60,1177.25,159660,4590,6515,11283160990.50,4526,F1,30,,,,,
2026-07-28,2026-07-28,FO,NSE,IDO,70036,,BANKNIFTY,,2026-09-29,2026-09-29,61300.00,PE,BANKNIFTY26SEP61300PE,0.00,0.00,0.00,4144.70,0.00,4144.70,56755.60,4509.40,0,0,0,0.00,0,F1,30,,,,,
2026-07-28,2026-07-28,FO,NSE,IDO,70038,,BANKNIFTY,,2026-09-29,2026-09-29,61400.00,PE,BANKNIFTY26SEP61400PE,0.00,0.00,0.00,4213.25,0.00,4213.25,56755.60,4587.55,0,0,0,0.00,0,F1,30,,,,,
2026-07-28,2026-07-28,FO,NSE,IDO,70049,,BANKNIFTY,,2026-09-29,2026-09-29,61900.00,PE,BANKNIFTY26SEP61900PE,0.00,0.00,0.00,4563.60,0.00,4563.60,56755.60,4986.25,0,0,0,0.00,0,F1,30,,,,,
2026-07-28,2026-07-28,FO,NSE,IDO,59042,,BANKNIFTY,,2026-08-25,2026-08-25,56100.00,CE,BANKNIFTY26AUG56100CE,1606.50,1614.70,1400.00,1456.20,1448.50,1710.55,56755.60,1456.20,7560,-210,50,86382067.50,45,F1,30,,,,,
2026-07-28,2026-07-28,FO,NSE,IDO,58736,,BANKNIFTY,,2026-08-25,2026-08-25,47000.00,CE,BANKNIFTY26AUG47000CE,10051.15,10109.05,9880.00,9916.60,9930.00,10271.15,56755.60,9916.60,9690,-450,52,88987623.00,21,F1,30,,,,,
2026-07-28,2026-07-28,FO,NSE,IDO,62093,,BANKNIFTY,,2026-07-28,2026-07-28,63900.00,CE,BANKNIFTY26JUL63900CE,0.65,1.00,0.05,0.45,0.05,1.35,56755.60,56755.60,180,-390,69,132273970.50,11,F1,30,,,,,
2026-07-28,2026-07-28,FO,NSE,IDO,62061,,BANKNIFTY,,2026-07-28,2026-07-28,62700.00,CE,BANKNIFTY26JUL62700CE,0.95,0.95,0.05,0.10,0.05,1.00,56755.60,56755.60,4410,-1620,162,304723785.00,37,F1,30,,,,,
2026-07-28,2026-07-28,FO,NSE,IDO,62033,,BANKNIFTY,,2026-07-28,2026-07-28,62100.00,CE,BANKNIFTY26JUL62100CE,1.20,1.65,0.05,0.20,0.05,0.90,56755.60,56755.60,6510,-840,231,430356867.00,83,F1,30,,,,,
2026-07-28,2026-07-28,FO,NSE,IDO,62031,,BANKNIFTY,,2026-07-28,2026-07-28,62000.00,CE,BANKNIFTY26JUL62000CE,0.75,20.65,0.05,3.45,0.05,0.65,56755.60,56755.60,738690,286050,85678,159367350799.50,16980,F1,30,,,,,
2026-07-28,2026-07-28,FO,NSE,IDO,61903,,BANKNIFTY,,2026-07-28,2026-07-28,58600.00,CE,BANKNIFTY26JUL58600CE,4.30,4.30,0.05,0.65,0.10,6.60,56755.60,56755.60,314520,-67290,126354,222137226804.00,37680,F1,30,,,,,
2026-07-28,2026-07-28,FO,NSE,IDO,61849,,BANKNIFTY,,2026-07-28,2026-07-28,56500.00,CE,BANKNIFTY26JUL56500CE,598.90,598.90,181.50,234.30,254.50,699.55,56755.60,56755.60,237210,-49470,254157,433298463318.00,135355,F1,30,,,,,
2026-07-28,2026-07-28,FO,NSE,IDO,52427,,BANKNIFTY,,2026-09-29,2026-09-29,67500.00,PE,BANKNIFTY26SEP67500PE,0.00,0.00,0.00,9969.75,0.00,9969.75,56755.60,10042.25,0,0,0,0.00,0,F1,30,,,,,
2026-07-28,2026-07-28,FO,NSE,IDO,53245,,BANKNIFTY,,2026-12-29,2026-12-29,61500.00,PE,BANKNIFTY26DEC61500PE,0.00,0.00,0.00,3006.00,3006.00,3006.00,56755.60,4909.05,30,0,0,0.00,0,F1,30,,,,,
2026-07-28,2026-07-28,FO,NSE,IDO,53247,,BANKNIFTY,,2026-12-29,2026-12-29,63000.00,PE,BANKNIFTY26DEC63000PE,0.00,0.00,0.00,4550.00,4550.00,4550.00,56755.60,5939.05,390,0,0,0.00,0,F1,30,,,,,
2026-07-28,2026-07-28,FO,NSE,IDO,76424,,BANKNIFTY,,2027-03-30,2027-03-30,61500.00,PE,BANKNIFTY27MAR61500PE,0.00,0.00,0.00,8564.80,0.00,8564.80,56755.60,5062.55,0,0,0,0.00,0,F1,30,,,,,
2026-07-28,2026-07-28,FO,NSE,IDO,61807,,BANKNIFTY,,2026-07-28,2026-07-28,54800.00,CE,BANKNIFTY26JUL54800CE,2110.00,2110.00,1941.20,1941.20,1941.20,1640.00,56755.60,56755.60,450,-150,11,18757326.00,9,F1,30,,,,,
2026-07-28,2026-07-28,FO,NSE,IDO,61750,,BANKNIFTY,,2026-07-28,2026-07-28,52700.00,CE,BANKNIFTY26JUL52700CE,0.00,0.00,0.00,5217.50,5217.50,5217.50,56755.60,56755.60,180,0,0,0.00,0,F1,30,,,,,
2026-07-28,2026-07-28,FO,NSE,IDO,61710,,BANKNIFTY,,2026-07-28,2026-07-28,51200.00,CE,BANKNIFTY26JUL51200CE,4091.50,5700.00,4091.50,5700.00,5700.00,5523.40,56755.60,56755.60,30,30,2,3365745.00,2,F1,30,,,,,
2026-07-28,2026-07-28,FO,NSE,IDO,61665,,BANKNIFTY,,2026-07-28,2026-07-28,49300.00,CE,BANKNIFTY26JUL49300CE,0.00,0.00,0.00,7097.20,0.00,7097.20,56755.60,56755.60,0,0,0,0.00,0,F1,30,,,,,
2026-07-28,2026-07-28,FO,NSE,IDO,61637,,BANKNIFTY,,2026-07-28,2026-07-28,48100.00,CE,BANKNIFTY26JUL48100CE,0.00,0.00,0.00,8163.90,0.00,8163.90,56755.60,56755.60,0,0,0,0.00,0,F1,30,,,,,
2026-07-28,2026-07-28,FO,NSE,IDO,61613,,BANKNIFTY,,2026-07-28,2026-07-28,47000.00,CE,BANKNIFTY26JUL47000CE,10000.00,10063.45,9720.00,9782.85,9780.00,10200.00,56755.60,56755.60,2430,-120,16,27310704.00,11,F1,30,,,,,
2026-07-28,2026-07-28,FO,NSE,IDO,69591,,BANKNIFTY,,2026-09-29,2026-09-29,50500.00,CE,BANKNIFTY26SEP50500CE,0.00,0.00,0.00,8035.05,0.00,8035.05,56755.60,6972.45,0,0,0,0.00,0,F1,30,,,,,
2026-07-28,2026-07-28,FO,NSE,IDO,70023,,BANKNIFTY,,2026-09-29,2026-09-29,60700.00,CE,BANKNIFTY26SEP60700CE,0.00,0.00,0.00,1519.00,0.00,1519.00,56755.60,798.90,0,0,0,0.00,0,F1,30,,,,,
2026-07-28,2026-07-28,FO,NSE,IDO,70043,,BANKNIFTY,,2026-09-29,2026-09-29,61700.00,CE,BANKNIFTY26SEP61700CE,0.00,0.00,0.00,1211.20,0.00,1211.20,56755.60,581.85,0,0,0,0.00,0,F1,30,,,,,
2026-07-28,2026-07-28,FO,NSE,IDO,70088,,BANKNIFTY,,2026-09-29,2026-09-29,62600.00,CE,BANKNIFTY26SEP62600CE,0.00,0.00,0.00,981.05,0.00,981.05,56755.60,431.20,0,0,0,0.00,0,F1,30,,,,,
2026-07-28,2026-07-28,FO,NSE,IDO,70095,,BANKNIFTY,,2026-09-29,2026-09-29,62900.00,CE,BANKNIFTY26SEP62900CE,0.00,0.00,0.00,912.35,0.00,912.35,56755.60,388.90,0,0,0,0.00,0,F1,30,,,,,
2026-07-28,2026-07-28,FO,NSE,IDO,53228,,BANKNIFTY,,2026-12-29,2026-12-29,57000.00,CE,BANKNIFTY26DEC57000CE,3000.00,3075.00,2885.20,2886.80,2890.00,3129.15,56755.60,2886.80,1380,150,11,19788040.50,10,F1,30,,,,,
2026-07-28,2026-07-28,FO,NSE,IDO,70769,,BANKNIFTY,,2027-06-29,2027-06-29,52500.00,CE,BANKNIFTY27JUN52500CE,0.00,0.00,0.00,9732.10,0.00,9732.10,56755.60,8893.15,0,0,0,0.00,0,F1,30,,,,,
2026-07-28,2026-07-28,FO,NSE,IDO,61662,,BANKNIFTY,,2026-07-28,2026-07-28,49100.00,PE,BANKNIFTY26JUL49100PE,0.00,0.00,0.00,1.10,1.10,1.10,56755.60,56755.60,720,0,0,0.00,0,F1,30,,,,,
2026-07-28,2026-07-28,FO,NSE,IDO,61678,,BANKNIFTY,,2026-07-28,2026-07-28,49800.00,PE,BANKNIFTY26JUL49800PE,0.05,0.05,0.05,0.05,0.05,0.95,56755.60,56755.60,1860,-1050,35,52290052.50,3,F1,30,,,,,
2026-07-28,2026-07-28,FO,NSE,IDO,61682,,BANKNIFTY,,2026-07-28,2026-07-28,50000.00,PE,BANKNIFTY26JUL50000PE,0.55,1.45,0.05,0.10,0.05,0.65,56755.60,56755.60,111840,-89370,7233,10849600023.00,1664,F1,30,,,,,
2026-07-28,2026-07-28,FO,NSE,IDO,61783,,BANKNIFTY,,2026-07-28,2026-07-28,53900.00,PE,BANKNIFTY26JUL53900PE,2.00,2.15,0.05,0.15,0.05,2.00,56755.60,56755.60,17700,3930,4683,7572552735.00,2011,F1,30,,,,,
2026-07-28,2026-07-28,FO,NSE,IDO,61822,,BANKNIFTY,,2026-07-28,2026-07-28,55500.00,PE,BANKNIFTY26JUL55500PE,3.95,4.90,0.05,0.20,0.05,4.65,56755.60,56755.60,676080,168600,376946,627628442664.00,109867,F1,30,,,,,
2026-07-28,2026-07-28,FO,NSE,IDO,61884,,BANKNIFTY,,2026-07-28,2026-07-28,57700.00,PE,BANKNIFTY26JUL57700PE,685.10,1014.00,656.45,970.55,946.55,565.40,56755.60,56755.60,97770,-10230,5207,9142218679.50,3477,F1,30,,,,,
2026-07-28,2026-07-28,FO,NSE,IDO,61926,,BANKNIFTY,,2026-07-28,2026-07-28,59200.00,PE,BANKNIFTY26JUL59200PE,2561.55,2563.00,2192.80,2430.70,2430.70,2029.20,56755.60,56755.60,6720,-690,89,164314384.50,47,F1,30,,,,,
2026-07-28,2026-07-28,FO,NSE,IDO,61950,,BANKNIFTY,,2026-07-28,2026-07-28,59800.00,PE,BANKNIFTY26JUL59800PE,2905.55,2965.65,2905.55,2965.65,2965.65,2625.70,56755.60,56755.60,1650,-240,8,15054741.00,2,F1,30,,,,,
2026-07-28,2026-07-28,FO,NSE,IDO,61644,,BANKNIFTY,,2026-07-28,2026-07-28,48400.00,PE,BANKNIFTY26JUL48400PE,0.30,0.65,0.20,0.35,0.35,0.80,56755.60,56755.60,3030,-1140,74,107449035.00,28,F1,30,,,,,
2026-07-28,2026-07-28,FO,NSE,IDO,59160,,BANKNIFTY,,2026-08-25,2026-08-25,59600.00,PE,BANKNIFTY26AUG59600PE,2600.00,2700.00,2529.25,2700.00,2700.00,2360.00,56755.60,2997.25,420,300,13,24256191.00,6,F1,30,,,,,
2026-07-28,2026-07-28,FO,NSE,IDO,59251,,BANKNIFTY,,2026-08-25,2026-08-25,61800.00,PE,BANKNIFTY26AUG61800PE,0.00,0.00,0.00,6369.15,0.00,6369.15,56755.60,4885.50,0,0,0,0.00,0,F1,30,,,,,
2026-07-28,2026-07-28,FO,NSE,IDO,69547,,BANKNIFTY,,2026-09-29,2026-09-29,49000.00,PE,BANKNIFTY26SEP49000PE,0.00,0.00,0.00,111.40,0.00,111.40,56755.60,61.30,0,0,0,0.00,0,F1,30,,,,,
2026-07-28,2026-07-28,FO,NSE,IDO,52285,,BANKNIFTY,,2026-09-29,2026-09-29,52500.00,PE,BANKNIFTY26SEP52500PE,154.25,167.20,152.00,163.10,163.10,151.15,56755.60,371.55,17880,270,37,58453017.00,27,F1,30,,,,,
2026-07-28,2026-07-28,FO,NSE,IDO,69829,,BANKNIFTY,,2026-09-29,2026-09-29,57800.00,PE,BANKNIFTY26SEP57800PE,0.00,0.00,0.00,1515.95,1515.95,1515.95,56755.60,2170.90,1350,0,0,0.00,0,F1,30,,,,,
2026-07-28,2026-07-28,FO,NSE,IDO,70030,,BANKNIFTY,,2026-09-29,2026-09-29,61000.00,PE,BANKNIFTY26SEP61000PE,3539.80,3705.65,3539.80,3705.65,3705.65,3419.90,56755.60,4280.35,210,30,3,5818531.50,3,F1,30,,,,,
2026-07-28,2026-07-28,FO,NSE,IDO,69772,,BANKNIFTY,,2026-09-29,2026-09-29,55100.00,PE,BANKNIFTY26SEP55100PE,0.00,0.00,0.00,1069.60,0.00,1069.60,56755.60,995.25,0,0,0,0.00,0,F1,30,,,,,
2026-07-28,2026-07-28,FO,NSE,IDO,69810,,BANKNIFTY,,2026-09-29,2026-09-29,56800.00,PE,BANKNIFTY26SEP56800PE,0.00,0.00,0.00,1672.70,0.00,1672.70,56755.60,1668.35,0,0,0,0.00,0,F1,30,,,,,
2026-07-28,2026-07-28,FO,NSE,IDO,69814,,BANKNIFTY,,2026-09-29,2026-09-29,57100.00,PE,BANKNIFTY26SEP57100PE,1086.15,1150.00,1010.95,1150.00,1150.00,992.25,56755.60,1150.00,3480,120,20,34906041.00,13,F1,30,,,,,
2026-07-28,2026-07-28,FO,NSE,IDO,69854,,BANKNIFTY,,2026-09-29,2026-09-29,58600.00,PE,BANKNIFTY26SEP58600PE,0.00,0.00,0.00,2510.95,0.00,2510.95,56755.60,2629.40,0,0,0,0.00,0,F1,30,,,,,
2026-07-28,2026-07-28,FO,NSE,IDO,69703,,BANKNIFTY,,2026-09-29,2026-09-29,53900.00,PE,BANKNIFTY26SEP53900PE,0.00,0.00,0.00,748.95,0.00,748.95,56755.60,652.50,0,0,0,0.00,0,F1,30,,,,,
2026-07-28,2026-07-28,FO,NSE,IDO,69685,,BANKNIFTY,,2026-09-29,2026-09-29,53000.00,PE,BANKNIFTY26SEP53000PE,199.00,218.30,190.55,207.15,202.80,187.10,56755.60,207.15,26100,2250,693,1106114878.50,374,F1,30,,,,,
2026-07-28,2026-07-28,FO,NSE,IDO,59315,,BANKNIFTY,,2026-08-25,2026-08-25,63900.00,PE,BANKNIFTY26AUG63900PE,0.00,0.00,0.00,8177.75,0.00,8177.75,56755.60,6879.75,0,0,0,0.00,0,F1,30,,,,,
2026-07-28,2026-07-28,FO,NSE,IDO,59305,,BANKNIFTY,,2026-08-25,2026-08-25,63700.00,PE,BANKNIFTY26AUG63700PE,0.00,0.00,0.00,8000.05,0.00,8000.05,56755.60,6685.55,0,0,0,0.00,0,F1,30,,,,,
2026-07-28,2026-07-28,FO,NSE,IDO,59257,,BANKNIFTY,,2026-08-25,2026-08-25,62100.00,PE,BANKNIFTY26AUG62100PE,0.00,0.00,0.00,6619.00,0.00,6619.00,56755.60,5162.60,0,0,0,0.00,0,F1,30,,,,,
2026-07-28,2026-07-28,FO,NSE,IDO,61992,,BANKNIFTY,,2026-07-28,2026-07-28,60800.00,PE,BANKNIFTY26JUL60800PE,0.00,0.00,0.00,3811.20,3811.20,3811.20,56755.60,56755.60,420,0,0,0.00,0,F1,30,,,,,
2026-07-28,2026-07-28,FO,NSE,IDO,61958,,BANKNIFTY,,2026-07-28,2026-07-28,60000.00,PE,BANKNIFTY26JUL60000PE,2944.15,3312.30,2944.15,3263.10,3252.60,2829.95,56755.60,56755.60,368610,-89550,6099,11548702402.50,4966,F1,30,,,,,
2026-07-28,2026-07-28,FO,NSE,IDO,61952,,BANKNIFTY,,2026-07-28,2026-07-28,59900.00,PE,BANKNIFTY26JUL59900PE,0.00,0.00,0.00,3213.70,3213.70,3213.70,56755.60,56755.60,1230,0,0,0.00,0,F1,30,,,,,
2026-07-28,2026-07-28,FO,NSE,IDO,61948,,BANKNIFTY,,2026-07-28,2026-07-28,59700.00,PE,BANKNIFTY26JUL59700PE,2935.45,2935.45,2815.00,2815.00,2815.00,2525.00,56755.60,56755.60,2640,-30,9,16882663.50,2,F1,30,,,,,
2026-07-28,2026-07-28,FO,NSE,IDO,61942,,BANKNIFTY,,2026-07-28,2026-07-28,59600.00,PE,BANKNIFTY26JUL59600PE,2808.80,2836.70,2653.70,2756.10,2756.10,2903.10,56755.60,56755.60,3150,-30,9,16837903.50,8,F1,30,,,,,
2026-07-28,2026-07-28,FO,NSE,IDO,61904,,BANKNIFTY,,2026-07-28,2026-07-28,58600.00,PE,BANKNIFTY26JUL58600PE,1553.45,1927.70,1553.40,1881.70,1837.10,1430.15,56755.60,56755.60,51240,-4140,321,580370178.00,231,F1,30,,,,,
2026-07-28,2026-07-28,FO,NSE,IDO,61878,,BANKNIFTY,,2026-07-28,2026-07-28,57500.00,PE,BANKNIFTY26JUL57500PE,424.00,813.25,423.55,765.10,744.40,398.15,56755.60,56755.60,262890,-76500,63812,111226743499.50,35229,F1,30,,,,,
2026-07-28,2026-07-28,FO,NSE,IDO,61872,,BANKNIFTY,,2026-07-28,2026-07-28,57200.00,PE,BANKNIFTY26JUL57200PE,250.00,517.00,201.00,465.10,439.80,201.00,56755.60,56755.60,163440,-148530,370010,638299854361.50,212759,F1,30,,,,,
2026-07-28,2026-07-28,FO,NSE,IDO,61816,,BANKNIFTY,,2026-07-28,2026-07-28,55200.00,PE,BANKNIFTY26JUL55200PE,2.75,2.75,0.05,0.35,0.05,3.50,56755.60,56755.60,148350,35910,50507,83641726705.50,20343,F1,30,,,,,
2026-07-28,2026-07-28,FO,NSE,IDO,61781,,BANKNIFTY,,2026-07-28,2026-07-28,53800.00,PE,BANKNIFTY26JUL53800PE,2.40,2.40,0.05,0.40,0.05,2.05,56755.60,56755.60,11400,-3060,2867,4627428918.00,1489,F1,30,,,,,
2026-07-28,2026-07-28,FO,NSE,IDO,61761,,BANKNIFTY,,2026-07-28,2026-07-28,53200.00,PE,BANKNIFTY26JUL53200PE,1.50,2.05,0.05,0.20,0.05,1.50,56755.60,56755.60,7890,-4710,689,1099663876.50,346,F1,30,,,,,
2026-07-28,2026-07-28,FO,NSE,IDO,61746,,BANKNIFTY,,2026-07-28,2026-07-28,52600.00,PE,BANKNIFTY26JUL52600PE,1.45,1.95,0.05,0.15,0.05,1.80,56755.60,56755.60,2790,-1260,179,282464682.00,73,F1,30,,,,,
2026-07-28,2026-07-28,FO,NSE,IDO,61728,,BANKNIFTY,,2026-07-28,2026-07-28,51800.00,PE,BANKNIFTY26JUL51800PE,1.85,2.80,0.10,0.15,0.10,1.45,56755.60,56755.60,2820,-840,290,450668295.00,87,F1,30,,,,,
2026-07-28,2026-07-28,FO,NSE,IDO,61711,,BANKNIFTY,,2026-07-28,2026-07-28,51200.00,PE,BANKNIFTY26JUL51200PE,0.65,2.85,0.05,0.10,0.10,1.00,56755.60,56755.60,5610,-120,66,101377090.50,32,F1,30,,,,,
2026-07-28,2026-07-28,FO,NSE,IDO,61666,,BANKNIFTY,,2026-07-28,2026-07-28,49300.00,PE,BANKNIFTY26JUL49300PE,0.90,2.85,0.05,0.75,2.85,0.75,56755.60,56755.60,1440,-210,54,79867107.00,43,F1,30,,,,,
2026-07-28,2026-07-28,FO,NSE,IDO,61658,,BANKNIFTY,,2026-07-28,2026-07-28,49000.00,PE,BANKNIFTY26JUL49000PE,0.60,0.65,0.05,0.10,0.10,0.65,56755.60,56755.60,38790,-13050,1311,1927181956.50,252,F1,30,,,,,
2026-07-28,2026-07-28,FO,NSE,IDO,61636,,BANKNIFTY,,2026-07-28,2026-07-28,48000.00,PE,BANKNIFTY26JUL48000PE,0.70,2.35,0.05,0.10,0.15,0.65,56755.60,56755.60,45780,-18270,1736,2499882291.00,454,F1,30,,,,,
2026-07-28,2026-07-28,FO,NSE,IDO,70794,,BANKNIFTY,,2027-06-29,2027-06-29,58500.00,CE,BANKNIFTY27JUN58500CE,0.00,0.00,0.00,6124.45,0.00,6124.45,56755.60,5371.25,0,0,0,0.00,0,F1,30,,,,,
2026-07-28,2026-07-28,FO,NSE,IDO,53244,,BANKNIFTY,,2026-12-29,2026-12-29,61500.00,CE,BANKNIFTY26DEC61500CE,900.00,900.00,830.00,844.85,851.25,980.00,56755.60,844.85,2340,390,17,31803403.50,12,F1,30,,,,,
2026-07-28,2026-07-28,FO,NSE,IDO,70115,,BANKNIFTY,,2026-09-29,2026-09-29,64000.00,CE,BANKNIFTY26SEP64000CE,0.00,0.00,0.00,690.00,0.00,690.00,56755.60,262.40,0,0,0,0.00,0,F1,30,,,,,
2026-07-28,2026-07-28,FO,NSE,IDO,70080,,BANKNIFTY,,2026-09-29,2026-09-29,62200.00,CE,BANKNIFTY26SEP62200CE,0.00,0.00,0.00,1076.90,0.00,1076.90,56755.60,493.55,0,0,0,0.00,0,F1,30,,,,,
2026-07-28,2026-07-28,FO,NSE,IDO,70041,,BANKNIFTY,,2026-09-29,2026-09-29,61600.00,CE,BANKNIFTY26SEP61600CE,0.00,0.00,0.00,1239.60,0.00,1239.60,56755.60,600.95,0,0,0,0.00,0,F1,30,,,,,
2026-07-28,2026-07-28,FO,NSE,IDO,52360,,BANKNIFTY,,2026-09-29,2026-09-29,60000.00,CE,BANKNIFTY26SEP60000CE,420.00,435.20,365.00,369.80,373.10,446.30,56755.60,369.80,95550,330,1558,2822938374.00,787,F1,30,,,,,
2026-07-28,2026-07-28,FO,NSE,IDO,69822,,BANKNIFTY,,2026-09-29,2026-09-29,57500.00,CE,BANKNIFTY26SEP57500CE,1362.05,1378.50,1211.20,1217.40,1238.10,1450.55,56755.60,1217.40,19230,2160,358,631107951.00,280,F1,30,,,,,
2026-07-28,2026-07-28,FO,NSE,IDO,69722,,BANKNIFTY,,2026-09-29,2026-09-29,54500.00,CE,BANKNIFTY26SEP54500CE,3311.15,3311.15,3250.00,3250.00,3250.00,3389.15,56755.60,3250.00,180,30,2,3466834.50,2,F1,30,,,,,
2026-07-28,2026-07-28,FO,NSE,IDO,69676,,BANKNIFTY,,2026-09-29,2026-09-29,52600.00,CE,BANKNIFTY26SEP52600CE,0.00,0.00,0.00,6236.45,0.00,6236.45,56755.60,5141.05,0,0,0,0.00,0,F1,30,,,,,
2026-07-28,2026-07-28,FO,NSE,IDO,52264,,BANKNIFTY,,2026-09-29,2026-09-29,43500.00,CE,BANKNIFTY26SEP43500CE,0.00,0.00,0.00,13878.45,0.00,13878.45,56755.60,13750.65,0,0,0,0.00,0,F1,30,,,,,
2026-07-28,2026-07-28,FO,NSE,IDO,59330,,BANKNIFTY,,2026-08-25,2026-08-25,64500.00,CE,BANKNIFTY26AUG64500CE,10.50,10.70,7.55,9.05,8.10,9.30,56755.60,9.05,14730,7650,444,859263486.00,239,F1,30,,,,,
2026-07-28,2026-07-28,FO,NSE,IDO,59302,,BANKNIFTY,,2026-08-25,2026-08-25,63600.00,CE,BANKNIFTY26AUG63600CE,0.00,0.00,0.00,344.10,0.00,344.10,56755.60,39.75,0,0,0,0.00,0,F1,30,,,,,
2026-07-28,2026-07-28,FO,NSE,IDO,59296,,BANKNIFTY,,2026-08-25,2026-08-25,63300.00,CE,BANKNIFTY26AUG63300CE,42.65,42.65,42.65,42.65,42.65,54.00,56755.60,42.65,60,30,1,1900279.50,1,F1,30,,,,,
2026-07-28,2026-07-28,FO,NSE,IDO,59098,,BANKNIFTY,,2026-08-25,2026-08-25,57900.00,CE,BANKNIFTY26AUG57900CE,584.05,620.00,482.20,498.40,513.00,655.20,56755.60,498.40,70620,25740,2486,4357373331.00,1587,F1,30,,,,,
2026-07-28,2026-07-28,FO,NSE,IDO,59079,,BANKNIFTY,,2026-08-25,2026-08-25,57000.00,CE,BANKNIFTY26AUG57000CE,1031.80,1065.95,867.50,897.35,918.00,1121.05,56755.60,897.35,717870,186510,44092,76655131954.50,26937,F1,30,,,,,
2026-07-28,2026-07-28,FO,NSE,IDO,58972,,BANKNIFTY,,2026-08-25,2026-08-25,53800.00,CE,BANKNIFTY26AUG53800CE,0.00,0.00,0.00,3190.90,3190.90,3190.90,56755.60,3469.50,90,0,0,0.00,0,F1,30,,,,,
2026-07-28,2026-07-28,FO,NSE,IDO,58876,,BANKNIFTY,,2026-08-25,2026-08-25,50900.00,CE,BANKNIFTY26AUG50900CE,0.00,0.00,0.00,5523.50,0.00,5523.50,56755.60,6121.35,0,0,0,0.00,0,F1,30,,,,,
2026-07-28,2026-07-28,FO,NSE,IDO,58842,,BANKNIFTY,,2026-08-25,2026-08-25,49600.00,CE,BANKNIFTY26AUG49600CE,0.00,0.00,0.00,6585.05,0.00,6585.05,56755.60,7394.15,0,0,0,0.00,0,F1,30,,,,,
2026-07-28,2026-07-28,FO,NSE,IDO,62087,,BANKNIFTY,,2026-07-28,2026-07-28,63600.00,CE,BANKNIFTY26JUL63600CE,0.60,1.40,0.05,0.50,0.05,0.85,56755.60,56755.60,4350,-480,167,318638424.00,21,F1,30,,,,,
2026-07-28,2026-07-28,FO,NSE,IDO,62083,,BANKNIFTY,,2026-07-28,2026-07-28,63400.00,CE,BANKNIFTY26JUL63400CE,1.05,1.50,0.05,0.75,0.05,0.95,56755.60,56755.60,3810,-360,142,270086301.00,38,F1,30,,,,,
2026-07-28,2026-07-28,FO,NSE,IDO,62075,,BANKNIFTY,,2026-07-28,2026-07-28,63100.00,CE,BANKNIFTY26JUL63100CE,0.60,1.45,0.05,0.75,0.05,0.90,56755.60,56755.60,5610,-3210,208,393747088.50,48,F1,30,,,,,
2026-07-28,2026-07-28,FO,NSE,IDO,61989,,BANKNIFTY,,2026-07-28,2026-07-28,60700.00,CE,BANKNIFTY26JUL60700CE,1.05,2.90,0.05,0.55,0.05,1.85,56755.60,56755.60,26070,-6030,2581,4700063401.50,1019,F1,30,,,,,
2026-07-28,2026-07-28,FO,NSE,IDO,61941,,BANKNIFTY,,2026-07-28,2026-07-28,59600.00,CE,BANKNIFTY26JUL59600CE,2.25,2.40,0.05,0.55,0.45,2.60,56755.60,56755.60,68520,-5070,32039,57287098947.00,9873,F1,30,,,,,
2026-07-28,2026-07-28,FO,NSE,IDO,61939,,BANKNIFTY,,2026-07-28,2026-07-28,59500.00,CE,BANKNIFTY26JUL59500CE,1.45,2.25,0.05,0.45,0.10,2.50,56755.60,56755.60,540360,-163470,148244,264622128886.50,32333,F1,30,,,,,
2026-07-28,2026-07-28,FO,NSE,IDO,61905,,BANKNIFTY,,2026-07-28,2026-07-28,58700.00,CE,BANKNIFTY26JUL58700CE,3.90,3.90,0.05,0.60,0.05,5.55,56755.60,56755.60,529350,309210,203194,357833849830.50,59266,F1,30,,,,,
2026-07-28,2026-07-28,FO,NSE,IDO,61901,,BANKNIFTY,,2026-07-28,2026-07-28,58500.00,CE,BANKNIFTY26JUL58500CE,3.15,3.90,0.05,0.40,0.05,7.50,56755.60,56755.60,1038990,-77940,455453,799344992827.50,114276,F1,30,,,,,
2026-07-28,2026-07-28,FO,NSE,IDO,61893,,BANKNIFTY,,2026-07-28,2026-07-28,58200.00,CE,BANKNIFTY26JUL58200CE,5.00,5.75,0.05,0.45,0.05,12.15,56755.60,56755.60,413730,-66240,293469,512416896040.50,100565,F1,30,,,,,
2026-07-28,2026-07-28,FO,NSE,IDO,61871,,BANKNIFTY,,2026-07-28,2026-07-28,57200.00,CE,BANKNIFTY26JUL57200CE,94.95,95.00,0.05,0.50,0.10,173.70,56755.60,56755.60,718050,46680,2227625,3823961709972.00,748130,F1,30,,,,,
2026-07-28,2026-07-28,FO,NSE,IDO,61853,,BANKNIFTY,,2026-07-28,2026-07-28,56700.00,CE,BANKNIFTY26JUL56700CE,320.15,395.00,5.35,31.05,55.35,519.65,56755.60,56755.60,1987530,1833120,4158031,7080484548765.00,1673801,F1,30,,,,,
2026-07-28,2026-07-28,FO,NSE,IDO,61809,,BANKNIFTY,,2026-07-28,2026-07-28,54900.00,CE,BANKNIFTY26JUL54900CE,1900.00,1912.90,1810.00,1839.05,1868.10,2196.60,56755.60,56755.60,360,-60,20,34078405.50,20,F1,30,,,,,
2026-07-28,2026-07-28,FO,NSE,IDO,61803,,BANKNIFTY,,2026-07-28,2026-07-28,54600.00,CE,BANKNIFTY26JUL54600CE,2435.30,2435.40,2201.45,2201.45,2201.45,2493.00,56755.60,56755.60,1050,-270,12,20468259.00,12,F1,30,,,,,
2026-07-28,2026-07-28,FO,NSE,IDO,61768,,BANKNIFTY,,2026-07-28,2026-07-28,53600.00,CE,BANKNIFTY26JUL53600CE,0.00,0.00,0.00,3983.50,3983.50,3983.50,56755.60,56755.60,600,0,0,0.00,0,F1,30,,,,,
2026-07-28,2026-07-28,FO,NSE,IDO,61695,,BANKNIFTY,,2026-07-28,2026-07-28,50500.00,CE,BANKNIFTY26JUL50500CE,0.00,0.00,0.00,6300.00,6300.00,6300.00,56755.60,56755.60,390,0,0,0.00,0,F1,30,,,,,
2026-07-28,2026-07-28,FO,NSE,IDO,61679,,BANKNIFTY,,2026-07-28,2026-07-28,49900.00,CE,BANKNIFTY26JUL49900CE,0.00,0.00,0.00,6583.20,0.00,6583.20,56755.60,56755.60,0,0,0,0.00,0,F1,30,,,,,
2026-07-28,2026-07-28,FO,NSE,IDO,61657,,BANKNIFTY,,2026-07-28,2026-07-28,49000.00,CE,BANKNIFTY26JUL49000CE,7895.65,7972.15,7895.65,7972.15,7972.15,8189.45,56755.60,56755.60,330,0,2,3416034.00,2,F1,30,,,,,
2026-07-28,2026-07-28,FO,NSE,IDO,61635,,BANKNIFTY,,2026-07-28,2026-07-28,48000.00,CE,BANKNIFTY26JUL48000CE,9043.75,9043.75,8837.80,8956.40,8956.40,9190.90,56755.60,56755.60,1680,-570,24,40993537.50,23,F1,30,,,,,
2026-07-28,2026-07-28,FO,NSE,IDO,61633,,BANKNIFTY,,2026-07-28,2026-07-28,47900.00,CE,BANKNIFTY26JUL47900CE,0.00,0.00,0.00,8346.00,0.00,8346.00,56755.60,56755.60,0,0,0,0.00,0,F1,30,,,,,
2026-07-28,2026-07-28,FO,NSE,IDO,61629,,BANKNIFTY,,2026-07-28,2026-07-28,47700.00,CE,BANKNIFTY26JUL47700CE,0.00,0.00,0.00,8529.15,0.00,8529.15,56755.60,56755.60,0,0,0,0.00,0,F1,30,,,,,
2026-07-28,2026-07-28,FO,NSE,IDO,58909,,BANKNIFTY,,2026-08-25,2026-08-25,51600.00,PE,BANKNIFTY26AUG51600PE,37.45,37.45,27.85,33.70,34.75,34.00,56755.60,33.70,930,420,38,58865065.50,17,F1,30,,,,,
2026-07-28,2026-07-28,FO,NSE,IDO,58947,,BANKNIFTY,,2026-08-25,2026-08-25,53100.00,PE,BANKNIFTY26AUG53100PE,78.85,84.65,69.30,77.80,75.95,73.80,56755.60,77.80,3780,1020,77,122839434.00,55,F1,30,,,,,
2026-07-28,2026-07-28,FO,NSE,IDO,58959,,BANKNIFTY,,2026-08-25,2026-08-25,53400.00,PE,BANKNIFTY26AUG53400PE,95.90,101.90,83.40,92.35,91.80,88.55,56755.60,92.35,3750,1890,113,181342596.00,85,F1,30,,,,,
2026-07-28,2026-07-28,FO,NSE,IDO,59050,,BANKNIFTY,,2026-08-25,2026-08-25,56400.00,PE,BANKNIFTY26AUG56400PE,580.00,661.75,554.60,642.70,631.45,526.15,56755.60,642.70,19560,-300,1334,2281959622.50,1052,F1,30,,,,,
2026-07-28,2026-07-28,FO,NSE,IDO,59133,,BANKNIFTY,,2026-08-25,2026-08-25,58500.00,PE,BANKNIFTY26AUG58500PE,1630.00,1850.00,1605.00,1822.65,1779.00,1521.60,56755.60,1822.65,149760,38070,3521,6364790376.00,2879,F1,30,,,,,
2026-07-28,2026-07-28,FO,NSE,IDO,70099,,BANKNIFTY,,2026-09-29,2026-09-29,63200.00,CE,BANKNIFTY26SEP63200CE,0.00,0.00,0.00,845.10,0.00,845.10,56755.60,350.10,0,0,0,0.00,0,F1,30,,,,,
2026-07-28,2026-07-28,FO,NSE,IDO,52412,,BANKNIFTY,,2026-09-29,2026-09-29,64500.00,CE,BANKNIFTY26SEP64500CE,0.00,0.00,0.00,1685.65,0.00,1685.65,56755.60,217.80,0,0,0,0.00,0,F1,30,,,,,
2026-07-28,2026-07-28,FO,NSE,IDO,52439,,BANKNIFTY,,2026-09-29,2026-09-29,69000.00,CE,BANKNIFTY26SEP69000CE,27.00,27.00,18.00,18.00,18.00,882.60,56755.60,33.25,60,60,2,4141350.00,2,F1,30,,,,,
2026-07-28,2026-07-28,FO,NSE,IDO,59168,,BANKNIFTY,,2026-08-25,2026-08-25,60000.00,PE,BANKNIFTY26AUG60000PE,2734.95,3109.95,2734.95,3053.25,3018.60,2704.60,56755.60,3053.25,303150,56970,3365,6356652172.50,2755,F1,30,,,,,
2026-07-28,2026-07-28,FO,NSE,IDO,59218,,BANKNIFTY,,2026-08-25,2026-08-25,60900.00,PE,BANKNIFTY26AUG60900PE,0.00,0.00,0.00,5640.00,0.00,5640.00,56755.60,4078.05,0,0,0,0.00,0,F1,30,,,,,
2026-07-28,2026-07-28,FO,NSE,IDO,59255,,BANKNIFTY,,2026-08-25,2026-08-25,62000.00,PE,BANKNIFTY26AUG62000PE,4700.00,5010.00,4700.00,4993.50,4970.10,4589.10,56755.60,4993.50,72120,19350,1194,2395770946.50,994,F1,30,,,,,
2026-07-28,2026-07-28,FO,NSE,IDO,59265,,BANKNIFTY,,2026-08-25,2026-08-25,62400.00,PE,BANKNIFTY26AUG62400PE,0.00,0.00,0.00,6871.90,0.00,6871.90,56755.60,5442.90,0,0,0,0.00,0,F1,30,,,,,
2026-07-28,2026-07-28,FO,NSE,IDO,59341,,BANKNIFTY,,2026-08-25,2026-08-25,65000.00,PE,BANKNIFTY26AUG65000PE,7848.15,7960.00,7704.70,7909.60,7883.15,7553.15,56755.60,7909.60,66210,7740,345,753389449.50,312,F1,30,,,,,
2026-07-28,2026-07-28,FO,NSE,IDO,69899,,BANKNIFTY,,2026-09-29,2026-09-29,59200.00,CE,BANKNIFTY26SEP59200CE,0.00,0.00,0.00,2087.15,0.00,2087.15,56755.60,1232.85,0,0,0,0.00,0,F1,30,,,,,
2026-07-28,2026-07-28,FO,NSE,IDO,52358,,BANKNIFTY,,2026-09-29,2026-09-29,58500.00,CE,BANKNIFTY26SEP58500CE,927.00,927.00,780.00,787.80,847.00,953.25,56755.60,787.80,72060,3090,495,880933732.50,248,F1,30,,,,,
2026-07-28,2026-07-28,FO,NSE,IDO,70042,,BANKNIFTY,,2026-09-29,2026-09-29,61600.00,PE,BANKNIFTY26SEP61600PE,0.00,0.00,0.00,4351.85,0.00,4351.85,56755.60,4745.50,0,0,0,0.00,0,F1,30,,,,,
2026-07-28,2026-07-28,FO,NSE,IDO,69898,,BANKNIFTY,,2026-09-29,2026-09-29,59100.00,PE,BANKNIFTY26SEP59100PE,0.00,0.00,0.00,2780.45,0.00,2780.45,56755.60,2940.30,0,0,0,0.00,0,F1,30,,,,,
2026-07-28,2026-07-28,FO,NSE,IDO,69896,,BANKNIFTY,,2026-09-29,2026-09-29,59000.00,PE,BANKNIFTY26SEP59000PE,2125.00,2200.00,2010.30,2175.15,2150.05,1937.15,56755.60,2175.15,50460,2700,142,260498094.00,75,F1,30,,,,,
2026-07-28,2026-07-28,FO,NSE,IDO,69873,,BANKNIFTY,,2026-09-29,2026-09-29,58900.00,PE,BANKNIFTY26SEP58900PE,0.00,0.00,0.00,2670.75,0.00,2670.75,56755.60,2813.75,0,0,0,0.00,0,F1,30,,,,,
2026-07-28,2026-07-28,FO,NSE,IDO,52359,,BANKNIFTY,,2026-09-29,2026-09-29,58500.00,PE,BANKNIFTY26SEP58500PE,1706.00,1869.00,1670.05,1861.40,1840.00,1626.20,56755.60,1861.40,59820,210,75,135608103.00,57,F1,30,,,,,
2026-07-28,2026-07-28,FO,NSE,IDO,69851,,BANKNIFTY,,2026-09-29,2026-09-29,58400.00,PE,BANKNIFTY26SEP58400PE,0.00,0.00,0.00,2216.35,2216.35,2216.35,56755.60,2510.20,840,0,0,0.00,0,F1,30,,,,,
2026-07-28,2026-07-28,FO,NSE,IDO,69849,,BANKNIFTY,,2026-09-29,2026-09-29,58300.00,PE,BANKNIFTY26SEP58300PE,0.00,0.00,0.00,2356.80,0.00,2356.80,56755.60,2451.75,0,0,0,0.00,0,F1,30,,,,,
2026-07-28,2026-07-28,FO,NSE,IDO,69841,,BANKNIFTY,,2026-09-29,2026-09-29,58100.00,PE,BANKNIFTY26SEP58100PE,0.00,0.00,0.00,2257.45,0.00,2257.45,56755.60,2337.10,0,0,0,0.00,0,F1,30,,,,,
2026-07-28,2026-07-28,FO,NSE,IDO,69756,,BANKNIFTY,,2026-09-29,2026-09-29,54500.00,PE,BANKNIFTY26SEP54500PE,0.00,0.00,0.00,901.30,0.00,901.30,56755.60,810.60,0,0,0,0.00,0,F1,30,,,,,
2026-07-28,2026-07-28,FO,NSE,IDO,69679,,BANKNIFTY,,2026-09-29,2026-09-29,52700.00,PE,BANKNIFTY26SEP52700PE,0.00,0.00,0.00,504.05,0.00,504.05,56755.60,404.65,0,0,0,0.00,0,F1,30,,,,,
2026-07-28,2026-07-28,FO,NSE,IDO,69677,,BANKNIFTY,,2026-09-29,2026-09-29,52600.00,PE,BANKNIFTY26SEP52600PE,0.00,0.00,0.00,486.75,0.00,486.75,56755.60,387.85,0,0,0,0.00,0,F1,30,,,,,
2026-07-28,2026-07-28,FO,NSE,IDO,69675,,BANKNIFTY,,2026-09-29,2026-09-29,52400.00,PE,BANKNIFTY26SEP52400PE,0.00,0.00,0.00,453.55,0.00,453.55,56755.60,355.80,0,0,0,0.00,0,F1,30,,,,,
2026-07-28,2026-07-28,FO,NSE,IDO,52413,,BANKNIFTY,,2026-09-29,2026-09-29,64500.00,PE,BANKNIFTY26SEP64500PE,0.00,0.00,0.00,7730.90,0.00,7730.90,56755.60,7229.40,0,0,0,0.00,0,F1,30,,,,,
2026-07-28,2026-07-28,FO,NSE,IDO,70208,,BANKNIFTY,,2026-09-29,2026-09-29,65000.00,PE,BANKNIFTY26SEP65000PE,0.00,0.00,0.00,6080.00,6080.00,6080.00,56755.60,7685.85,90,0,0,0.00,0,F1,30,,,,,
2026-07-28,2026-07-28,FO,NSE,IDO,53213,,BANKNIFTY,,2026-12-29,2026-12-29,45000.00,PE,BANKNIFTY26DEC45000PE,75.80,83.00,75.10,81.20,81.00,75.25,56755.60,81.20,27870,1590,80,108191751.00,31,F1,30,,,,,
2026-07-28,2026-07-28,FO,NSE,IDO,76393,,BANKNIFTY,,2027-03-30,2027-03-30,52500.00,PE,BANKNIFTY27MAR52500PE,0.00,0.00,0.00,3218.25,0.00,3218.25,56755.60,1273.50,0,0,0,0.00,0,F1,30,,,,,
2026-07-28,2026-07-28,FO,NSE,IDO,59351,,BANKNIFTY,,2026-08-25,2026-08-25,65500.00,PE,BANKNIFTY26AUG65500PE,0.00,0.00,0.00,9631.45,0.00,9631.45,56755.60,8449.85,0,0,0,0.00,0,F1,30,,,,,
2026-07-28,2026-07-28,FO,NSE,IDO,70803,,BANKNIFTY,,2027-06-29,2027-06-29,64500.00,PE,BANKNIFTY27JUN64500PE,0.00,0.00,0.00,6674.35,0.00,6674.35,56755.60,6911.15,0,0,0,0.00,0,F1,30,,,,,
2026-07-28,2026-07-28,FO,NSE,IDO,70761,,BANKNIFTY,,2027-06-29,2027-06-29,49500.00,CE,BANKNIFTY27JUN49500CE,0.00,0.00,0.00,11915.80,0.00,11915.80,56755.60,11062.35,0,0,0,0.00,0,F1,30,,,,,
2026-07-28,2026-07-28,FO,NSE,IDO,70802,,BANKNIFTY,,2027-06-29,2027-06-29,64500.00,CE,BANKNIFTY27JUN64500CE,0.00,0.00,0.00,3584.50,0.00,3584.50,56755.60,2980.00,0,0,0,0.00,0,F1,30,,,,,
2026-07-28,2026-07-28,FO,NSE,IDO,61600,,BANKNIFTY,,2026-07-28,2026-07-28,46500.00,PE,BANKNIFTY26JUL46500PE,1.00,1.80,0.10,0.20,0.10,0.65,56755.60,56755.60,14190,-1350,621,866305932.00,160,F1,30,,,,,
2026-07-28,2026-07-28,FO,NSE,IDO,61642,,BANKNIFTY,,2026-07-28,2026-07-28,48300.00,PE,BANKNIFTY26JUL48300PE,0.50,0.50,0.50,0.50,0.50,1.15,56755.60,56755.60,1020,0,2,2898030.00,1,F1,30,,,,,
2026-07-28,2026-07-28,FO,NSE,IDO,61696,,BANKNIFTY,,2026-07-28,2026-07-28,50500.00,PE,BANKNIFTY26JUL50500PE,0.55,1.10,0.05,0.05,0.05,0.75,56755.60,56755.60,26580,-13620,1115,1689240741.00,304,F1,30,,,,,
2026-07-28,2026-07-28,FO,NSE,IDO,61698,,BANKNIFTY,,2026-07-28,2026-07-28,50600.00,PE,BANKNIFTY26JUL50600PE,0.65,1.00,0.55,0.95,0.95,0.95,56755.60,56755.60,1950,0,11,16698231.00,11,F1,30,,,,,
2026-07-28,2026-07-28,FO,NSE,IDO,61705,,BANKNIFTY,,2026-07-28,2026-07-28,50900.00,PE,BANKNIFTY26JUL50900PE,1.20,4.20,0.05,0.50,0.10,1.40,56755.60,56755.60,6180,-3030,259,395498991.00,101,F1,30,,,,,
2026-07-28,2026-07-28,FO,NSE,IDO,61715,,BANKNIFTY,,2026-07-28,2026-07-28,51400.00,PE,BANKNIFTY26JUL51400PE,0.90,3.90,0.65,0.85,0.85,1.00,56755.60,56755.60,2760,-570,54,83270089.50,26,F1,30,,,,,
2026-07-28,2026-07-28,FO,NSE,IDO,61736,,BANKNIFTY,,2026-07-28,2026-07-28,52100.00,PE,BANKNIFTY26JUL52100PE,2.15,3.80,0.05,0.25,0.05,1.55,56755.60,56755.60,2880,390,446,697112352.00,203,F1,30,,,,,
2026-07-28,2026-07-28,FO,NSE,IDO,61649,,BANKNIFTY,,2026-07-28,2026-07-28,48600.00,CE,BANKNIFTY26JUL48600CE,0.00,0.00,0.00,7713.75,0.00,7713.75,56755.60,56755.60,0,0,0,0.00,0,F1,30,,,,,
2026-07-28,2026-07-28,FO,NSE,IDO,61673,,BANKNIFTY,,2026-07-28,2026-07-28,49600.00,CE,BANKNIFTY26JUL49600CE,0.00,0.00,0.00,6838.45,0.00,6838.45,56755.60,56755.60,0,0,0,0.00,0,F1,30,,,,,
2026-07-28,2026-07-28,FO,NSE,IDO,61895,,BANKNIFTY,,2026-07-28,2026-07-28,58300.00,CE,BANKNIFTY26JUL58300CE,3.60,4.90,0.05,0.65,0.15,10.25,56755.60,56755.60,331590,-94470,184611,322897120741.50,62056,F1,30,,,,,
2026-07-28,2026-07-28,FO,NSE,IDO,62025,,BANKNIFTY,,2026-07-28,2026-07-28,61800.00,CE,BANKNIFTY26JUL61800CE,1.55,3.90,0.05,0.65,0.05,1.55,56755.60,56755.60,17820,-13740,1554,2881151541.00,470,F1,30,,,,,
2026-07-28,2026-07-28,FO,NSE,IDO,62089,,BANKNIFTY,,2026-07-28,2026-07-28,63700.00,CE,BANKNIFTY26JUL63700CE,1.00,1.35,0.05,0.25,0.05,1.05,56755.60,56755.60,18300,-7530,636,1215406021.50,135,F1,30,,,,,
2026-07-28,2026-07-28,FO,NSE,IDO,58868,,BANKNIFTY,,2026-08-25,2026-08-25,50500.00,CE,BANKNIFTY26AUG50500CE,0.00,0.00,0.00,7100.00,7100.00,7100.00,56755.60,6510.35,90,0,0,0.00,0,F1,30,,,,,
2026-07-28,2026-07-28,FO,NSE,IDO,58884,,BANKNIFTY,,2026-08-25,2026-08-25,51300.00,CE,BANKNIFTY26AUG51300CE,0.00,0.00,0.00,5213.60,0.00,5213.60,56755.60,5735.65,0,0,0,0.00,0,F1,30,,,,,
2026-07-28,2026-07-28,FO,NSE,IDO,58932,,BANKNIFTY,,2026-08-25,2026-08-25,52600.00,CE,BANKNIFTY26AUG52600CE,0.00,0.00,0.00,4266.95,0.00,4266.95,56755.60,4517.45,0,0,0,0.00,0,F1,30,,,,,
2026-07-28,2026-07-28,FO,NSE,IDO,58988,,BANKNIFTY,,2026-08-25,2026-08-25,54400.00,CE,BANKNIFTY26AUG54400CE,0.00,0.00,0.00,3129.90,0.00,3129.90,56755.60,2985.65,0,0,0,0.00,0,F1,30,,,,,
2026-07-28,2026-07-28,FO,NSE,IDO,59030,,BANKNIFTY,,2026-08-25,2026-08-25,55900.00,CE,BANKNIFTY26AUG55900CE,1776.45,1776.45,1460.30,1566.30,1649.95,1866.40,56755.60,1566.30,1770,150,32,55195992.00,23,F1,30,,,,,
2026-07-28,2026-07-28,FO,NSE,IDO,59111,,BANKNIFTY,,2026-08-25,2026-08-25,58100.00,CE,BANKNIFTY26AUG58100CE,526.00,537.30,418.50,429.65,447.65,571.95,56755.60,429.65,50130,8670,1192,2094334294.50,849,F1,30,,,,,
2026-07-28,2026-07-28,FO,NSE,IDO,59145,,BANKNIFTY,,2026-08-25,2026-08-25,59000.00,CE,BANKNIFTY26AUG59000CE,270.05,279.00,205.20,214.30,222.35,287.55,56755.60,214.30,942600,197280,26846,47708020081.50,14993,F1,30,,,,,
2026-07-28,2026-07-28,FO,NSE,IDO,59258,,BANKNIFTY,,2026-08-25,2026-08-25,62200.00,CE,BANKNIFTY26AUG62200CE,0.00,0.00,0.00,514.80,0.00,514.80,56755.60,100.25,0,0,0,0.00,0,F1,30,,,,,
2026-07-28,2026-07-28,FO,NSE,IDO,69658,,BANKNIFTY,,2026-09-29,2026-09-29,51600.00,CE,BANKNIFTY26SEP51600CE,0.00,0.00,0.00,7072.05,0.00,7072.05,56755.60,5989.40,0,0,0,0.00,0,F1,30,,,,,
2026-07-28,2026-07-28,FO,NSE,IDO,69672,,BANKNIFTY,,2026-09-29,2026-09-29,52300.00,CE,BANKNIFTY26SEP52300CE,0.00,0.00,0.00,6482.70,0.00,6482.70,56755.60,5390.35,0,0,0,0.00,0,F1,30,,,,,
2026-07-28,2026-07-28,FO,NSE,IDO,69806,,BANKNIFTY,,2026-09-29,2026-09-29,56700.00,CE,BANKNIFTY26SEP56700CE,0.00,0.00,0.00,3344.80,0.00,3344.80,56755.60,2322.20,0,0,0,0.00,0,F1,30,,,,,
2026-07-28,2026-07-28,FO,NSE,IDO,69828,,BANKNIFTY,,2026-09-29,2026-09-29,57800.00,CE,BANKNIFTY26SEP57800CE,0.00,0.00,0.00,1228.30,1234.40,1228.30,56755.60,1783.20,1290,0,0,0.00,0,F1,30,,,,,
2026-07-28,2026-07-28,FO,NSE,IDO,69848,,BANKNIFTY,,2026-09-29,2026-09-29,58300.00,CE,BANKNIFTY26SEP58300CE,0.00,0.00,0.00,2493.95,0.00,2493.95,56755.60,1569.70,0,0,0,0.00,0,F1,30,,,,,
2026-07-28,2026-07-28,FO,NSE,IDO,61744,,BANKNIFTY,,2026-07-28,2026-07-28,52500.00,PE,BANKNIFTY26JUL52500PE,1.80,4.90,0.05,0.20,0.15,1.65,56755.60,56755.60,140250,7470,24527,38630671090.50,4949,F1,30,,,,,
2026-07-28,2026-07-28,FO,NSE,IDO,61763,,BANKNIFTY,,2026-07-28,2026-07-28,53300.00,PE,BANKNIFTY26JUL53300PE,1.85,3.00,0.05,0.15,0.05,1.75,56755.60,56755.60,10440,-3960,1176,1880460840.00,411,F1,30,,,,,
2026-07-28,2026-07-28,FO,NSE,IDO,61767,,BANKNIFTY,,2026-07-28,2026-07-28,53500.00,PE,BANKNIFTY26JUL53500PE,1.45,2.95,0.05,0.30,0.10,2.05,56755.60,56755.60,401790,154710,81763,131232382929.00,16418,F1,30,,,,,
2026-07-28,2026-07-28,FO,NSE,IDO,61820,,BANKNIFTY,,2026-07-28,2026-07-28,55400.00,PE,BANKNIFTY26JUL55400PE,4.15,4.15,0.05,0.25,0.05,4.00,56755.60,56755.60,98790,18450,72143,119904506955.00,29782,F1,30,,,,,
2026-07-28,2026-07-28,FO,NSE,IDO,61827,,BANKNIFTY,,2026-07-28,2026-07-28,55600.00,PE,BANKNIFTY26JUL55600PE,5.40,5.40,0.05,0.25,0.05,5.30,56755.60,56755.60,288270,196650,295744,493312259751.00,112412,F1,30,,,,,
2026-07-28,2026-07-28,FO,NSE,IDO,61968,,BANKNIFTY,,2026-07-28,2026-07-28,60300.00,PE,BANKNIFTY26JUL60300PE,0.00,0.00,0.00,1960.40,1960.40,1960.40,56755.60,56755.60,120,0,0,0.00,0,F1,30,,,,,
2026-07-28,2026-07-28,FO,NSE,IDO,61996,,BANKNIFTY,,2026-07-28,2026-07-28,60900.00,PE,BANKNIFTY26JUL60900PE,0.00,0.00,0.00,2610.00,2610.00,2610.00,56755.60,56755.60,60,0,0,0.00,0,F1,30,,,,,
2026-07-28,2026-07-28,FO,NSE,IDO,62014,,BANKNIFTY,,2026-07-28,2026-07-28,61300.00,PE,BANKNIFTY26JUL61300PE,0.00,0.00,0.00,3160.00,3160.00,3160.00,56755.60,56755.60,90,0,0,0.00,0,F1,30,,,,,
2026-07-28,2026-07-28,FO,NSE,IDO,62024,,BANKNIFTY,,2026-07-28,2026-07-28,61700.00,PE,BANKNIFTY26JUL61700PE,0.00,0.00,0.00,3385.40,3385.40,3385.40,56755.60,56755.60,0,0,0,0.00,0,F1,30,,,,,
2026-07-28,2026-07-28,FO,NSE,IDO,62051,,BANKNIFTY,,2026-07-28,2026-07-28,62500.00,PE,BANKNIFTY26JUL62500PE,5540.00,5604.30,5526.95,5604.30,5604.30,5950.00,56755.60,56755.60,540,-480,23,46957219.50,13,F1,30,,,,,
2026-07-28,2026-07-28,FO,NSE,IDO,58703,,BANKNIFTY,,2026-08-25,2026-08-25,46000.00,PE,BANKNIFTY26AUG46000PE,13.70,13.70,9.35,10.60,10.50,13.15,56755.60,10.60,140610,-10590,2020,2788255279.50,775,F1,30,,,,,
2026-07-28,2026-07-28,FO,NSE,IDO,58843,,BANKNIFTY,,2026-08-25,2026-08-25,49600.00,PE,BANKNIFTY26AUG49600PE,20.05,21.70,16.45,17.35,16.45,19.10,56755.60,17.35,780,630,43,64010238.00,32,F1,30,,,,,
2026-07-28,2026-07-28,FO,NSE,IDO,58873,,BANKNIFTY,,2026-08-25,2026-08-25,50700.00,PE,BANKNIFTY26AUG50700PE,26.00,28.45,24.65,24.65,24.65,26.00,56755.60,24.35,330,60,8,12174264.00,4,F1,30,,,,,
2026-07-28,2026-07-28,FO,NSE,IDO,58881,,BANKNIFTY,,2026-08-25,2026-08-25,51100.00,PE,BANKNIFTY26AUG51100PE,31.05,31.05,23.55,28.80,28.80,31.85,56755.60,35.00,990,690,36,55217097.00,14,F1,30,,,,,
2026-07-28,2026-07-28,FO,NSE,IDO,58883,,BANKNIFTY,,2026-08-25,2026-08-25,51200.00,PE,BANKNIFTY26AUG51200PE,29.45,33.80,29.30,30.50,33.80,31.00,56755.60,30.50,810,510,29,44570862.00,18,F1,30,,,,,
2026-07-28,2026-07-28,FO,NSE,IDO,58919,,BANKNIFTY,,2026-08-25,2026-08-25,51900.00,PE,BANKNIFTY26AUG51900PE,45.05,45.65,33.30,37.90,38.75,43.35,56755.60,37.90,2160,1530,119,185418940.50,44,F1,30,,,,,
2026-07-28,2026-07-28,FO,NSE,IDO,70004,,BANKNIFTY,,2026-09-29,2026-09-29,59900.00,CE,BANKNIFTY26SEP59900CE,0.00,0.00,0.00,1805.40,0.00,1805.40,56755.60,1010.75,0,0,0,0.00,0,F1,30,,,,,
2026-07-28,2026-07-28,FO,NSE,IDO,53236,,BANKNIFTY,,2026-12-29,2026-12-29,58500.00,PE,BANKNIFTY26DEC58500PE,2000.00,2000.00,2000.00,2000.00,2000.00,2180.00,56755.60,3140.55,270,30,1,1815000.00,1,F1,30,,,,,
2026-07-28,2026-07-28,FO,NSE,IDO,70118,,BANKNIFTY,,2026-09-29,2026-09-29,64100.00,PE,BANKNIFTY26SEP64100PE,0.00,0.00,0.00,6246.30,0.00,6246.30,56755.60,6869.05,0,0,0,0.00,0,F1,30,,,,,
2026-07-28,2026-07-28,FO,NSE,IDO,59287,,BANKNIFTY,,2026-08-25,2026-08-25,63000.00,PE,BANKNIFTY26AUG63000PE,5649.95,5990.00,5649.90,5961.65,5897.10,5569.85,56755.60,5961.65,69990,13770,726,1498891561.50,644,F1,30,,,,,
2026-07-28,2026-07-28,FO,NSE,IDO,61706,,BANKNIFTY,,2026-07-28,2026-07-28,51000.00,CE,BANKNIFTY26JUL51000CE,5930.90,6005.00,5708.25,5708.25,5708.25,6172.00,56755.60,56755.60,1260,-1230,70,119508381.00,45,F1,30,,,,,
2026-07-28,2026-07-28,FO,NSE,IDO,61811,,BANKNIFTY,,2026-07-28,2026-07-28,55000.00,CE,BANKNIFTY26JUL55000CE,2023.20,2059.55,1689.40,1726.70,1760.55,2182.65,56755.60,56755.60,56730,-13260,1103,1882097499.00,817,F1,30,,,,,
2026-07-28,2026-07-28,FO,NSE,IDO,61993,,BANKNIFTY,,2026-07-28,2026-07-28,60900.00,CE,BANKNIFTY26JUL60900CE,1.30,3.90,0.05,0.70,0.10,1.75,56755.60,56755.60,15960,-5790,2800,5115677745.00,1168,F1,30,,,,,
2026-07-28,2026-07-28,FO,NSE,IDO,69780,,BANKNIFTY,,2026-09-29,2026-09-29,55600.00,PE,BANKNIFTY26SEP55600PE,0.00,0.00,0.00,1228.45,0.00,1228.45,56755.60,1169.80,0,0,0,0.00,0,F1,30,,,,,
2026-07-28,2026-07-28,FO,NSE,IDO,58886,,BANKNIFTY,,2026-08-25,2026-08-25,51400.00,CE,BANKNIFTY26AUG51400CE,0.00,0.00,0.00,5137.40,0.00,5137.40,56755.60,5639.85,0,0,0,0.00,0,F1,30,,,,,
2026-07-28,2026-07-28,FO,NSE,IDO,59288,,BANKNIFTY,,2026-08-25,2026-08-25,63100.00,CE,BANKNIFTY26AUG63100CE,0.00,0.00,0.00,398.40,0.00,398.40,56755.60,55.95,0,0,0,0.00,0,F1,30,,,,,
2026-07-28,2026-07-28,FO,NSE,IDO,69808,,BANKNIFTY,,2026-09-29,2026-09-29,56800.00,CE,BANKNIFTY26SEP56800CE,0.00,0.00,0.00,3286.85,0.00,3286.85,56755.60,2269.25,0,0,0,0.00,0,F1,30,,,,,
2026-07-28,2026-07-28,FO,NSE,IDO,70031,,BANKNIFTY,,2026-09-29,2026-09-29,61100.00,CE,BANKNIFTY26SEP61100CE,0.00,0.00,0.00,1389.40,0.00,1389.40,56755.60,704.40,0,0,0,0.00,0,F1,30,,,,,
2026-07-28,2026-07-28,FO,NSE,IDO,70047,,BANKNIFTY,,2026-09-29,2026-09-29,61900.00,CE,BANKNIFTY26SEP61900CE,0.00,0.00,0.00,1156.00,0.00,1156.00,56755.60,545.10,0,0,0,0.00,0,F1,30,,,,,
2026-07-28,2026-07-28,FO,NSE,IDO,70796,,BANKNIFTY,,2027-06-29,2027-06-29,60000.00,CE,BANKNIFTY27JUN60000CE,0.00,0.00,0.00,5392.05,0.00,5392.05,56755.60,4671.30,0,0,0,0.00,0,F1,30,,,,,
2026-07-28,2026-07-28,FO,NSE,IDO,52389,,BANKNIFTY,,2026-09-29,2026-09-29,61500.00,PE,BANKNIFTY26SEP61500PE,0.00,0.00,0.00,3362.90,3362.90,3362.90,56755.60,4666.30,330,0,0,0.00,0,F1,30,,,,,
2026-07-28,2026-07-28,FO,NSE,IDO,70026,,BANKNIFTY,,2026-09-29,2026-09-29,60800.00,PE,BANKNIFTY26SEP60800PE,0.00,0.00,0.00,3810.25,0.00,3810.25,56755.60,4128.65,0,0,0,0.00,0,F1,30,,,,,
2026-07-28,2026-07-28,FO,NSE,IDO,69833,,BANKNIFTY,,2026-09-29,2026-09-29,57900.00,PE,BANKNIFTY26SEP57900PE,0.00,0.00,0.00,2160.45,0.00,2160.45,56755.60,2225.55,0,0,0,0.00,0,F1,30,,,,,
2026-07-28,2026-07-28,FO,NSE,IDO,70798,,BANKNIFTY,,2027-06-29,2027-06-29,61500.00,CE,BANKNIFTY27JUN61500CE,0.00,0.00,0.00,4726.20,0.00,4726.20,56755.60,4041.60,0,0,0,0.00,0,F1,30,,,,,
2026-07-28,2026-07-28,FO,NSE,IDO,61628,,BANKNIFTY,,2026-07-28,2026-07-28,47600.00,PE,BANKNIFTY26JUL47600PE,0.30,0.45,0.25,0.25,0.25,0.75,56755.60,56755.60,1440,0,9,12852085.50,7,F1,30,,,,,
2026-07-28,2026-07-28,FO,NSE,IDO,53217,,BANKNIFTY,,2026-12-29,2026-12-29,48000.00,PE,BANKNIFTY26DEC48000PE,139.55,150.00,139.55,148.00,145.00,139.55,56755.60,148.00,1020,120,7,10110586.50,7,F1,30,,,,,
2026-07-28,2026-07-28,FO,NSE,IDO,61990,,BANKNIFTY,,2026-07-28,2026-07-28,60700.00,PE,BANKNIFTY26JUL60700PE,0.00,0.00,0.00,2361.30,2361.30,2361.30,56755.60,56755.60,60,0,0,0.00,0,F1,30,,,,,
2026-07-28,2026-07-28,FO,NSE,IDO,58971,,BANKNIFTY,,2026-08-25,2026-08-25,53700.00,PE,BANKNIFTY26AUG53700PE,108.60,122.80,101.70,112.25,105.10,103.30,56755.60,112.25,4710,2430,230,371296845.00,113,F1,30,,,,,
2026-07-28,2026-07-28,FO,NSE,IDO,59024,,BANKNIFTY,,2026-08-25,2026-08-25,55700.00,PE,BANKNIFTY26AUG55700PE,362.75,439.70,362.75,418.90,407.75,352.20,56755.60,418.90,11910,5280,589,991365822.00,404,F1,30,,,,,
2026-07-28,2026-07-28,FO,NSE,IDO,59135,,BANKNIFTY,,2026-08-25,2026-08-25,58600.00,PE,BANKNIFTY26AUG58600PE,1795.25,1901.80,1795.25,1836.80,1836.70,1600.00,56755.60,1836.80,2250,270,13,23576901.00,12,F1,30,,,,,
2026-07-28,2026-07-28,FO,NSE,IDO,59195,,BANKNIFTY,,2026-08-25,2026-08-25,60400.00,PE,BANKNIFTY26AUG60400PE,0.00,0.00,0.00,5249.35,0.00,5249.35,56755.60,3648.55,0,0,0,0.00,0,F1,30,,,,,
2026-07-28,2026-07-28,FO,NSE,IDO,53219,,BANKNIFTY,,2026-12-29,2026-12-29,49500.00,PE,BANKNIFTY26DEC49500PE,0.00,0.00,0.00,232.05,232.05,232.05,56755.60,387.55,30,0,0,0.00,0,F1,30,,,,,
2026-07-28,2026-07-28,FO,NSE,IDO,61669,,BANKNIFTY,,2026-07-28,2026-07-28,49500.00,CE,BANKNIFTY26JUL49500CE,7519.80,7519.80,7477.75,7484.35,7484.35,7320.00,56755.60,56755.60,330,0,3,5129457.00,3,F1,30,,,,,
2026-07-28,2026-07-28,FO,NSE,IDO,61743,,BANKNIFTY,,2026-07-28,2026-07-28,52500.00,CE,BANKNIFTY26JUL52500CE,4553.45,4553.45,4447.00,4485.00,4485.00,4691.90,56755.60,56755.60,540,-960,45,76911738.00,19,F1,30,,,,,
2026-07-28,2026-07-28,FO,NSE,IDO,61754,,BANKNIFTY,,2026-07-28,2026-07-28,52900.00,CE,BANKNIFTY26JUL52900CE,3970.00,3970.00,3890.15,3890.15,3890.15,4504.15,56755.60,56755.60,120,-30,4,6817737.00,4,F1,30,,,,,
2026-07-28,2026-07-28,FO,NSE,IDO,61801,,BANKNIFTY,,2026-07-28,2026-07-28,54500.00,CE,BANKNIFTY26JUL54500CE,2461.95,2519.90,2202.00,2260.65,2268.25,2662.80,56755.60,56755.60,10980,-570,83,141569916.00,57,F1,30,,,,,
2026-07-28,2026-07-28,FO,NSE,IDO,61826,,BANKNIFTY,,2026-07-28,2026-07-28,55600.00,CE,BANKNIFTY26JUL55600CE,1252.30,1377.00,1085.00,1131.15,1153.55,1576.35,56755.60,56755.60,3870,150,96,163560390.00,70,F1,30,,,,,
2026-07-28,2026-07-28,FO,NSE,IDO,61831,,BANKNIFTY,,2026-07-28,2026-07-28,55800.00,CE,BANKNIFTY26JUL55800CE,1215.00,1243.55,882.90,936.90,965.45,1384.55,56755.60,56755.60,13920,-5190,501,854911705.50,355,F1,30,,,,,
2026-07-28,2026-07-28,FO,NSE,IDO,61951,,BANKNIFTY,,2026-07-28,2026-07-28,59900.00,CE,BANKNIFTY26JUL59900CE,2.35,14.95,0.05,1.05,0.10,2.00,56755.60,56755.60,497760,423570,69104,124182382533.00,18067,F1,30,,,,,
2026-07-28,2026-07-28,FO,NSE,IDO,61967,,BANKNIFTY,,2026-07-28,2026-07-28,60300.00,CE,BANKNIFTY26JUL60300CE,1.40,1.90,0.05,0.80,0.05,1.80,56755.60,56755.60,47550,-7830,7381,13352464140.00,2873,F1,30,,,,,
2026-07-28,2026-07-28,FO,NSE,IDO,61987,,BANKNIFTY,,2026-07-28,2026-07-28,60600.00,CE,BANKNIFTY26JUL60600CE,1.80,3.95,0.05,1.30,0.15,1.80,56755.60,56755.60,23280,-2370,7526,13682533906.50,2584,F1,30,,,,,
2026-07-28,2026-07-28,FO,NSE,IDO,62001,,BANKNIFTY,,2026-07-28,2026-07-28,61100.00,CE,BANKNIFTY26JUL61100CE,1.10,7.00,0.05,2.10,0.80,1.75,56755.60,56755.60,12510,-7860,4456,8168102683.50,1503,F1,30,,,,,
2026-07-28,2026-07-28,FO,NSE,IDO,62015,,BANKNIFTY,,2026-07-28,2026-07-28,61400.00,CE,BANKNIFTY26JUL61400CE,1.05,5.00,0.05,1.10,0.05,1.70,56755.60,56755.60,16530,-9060,7326,13494728284.50,2337,F1,30,,,,,
2026-07-28,2026-07-28,FO,NSE,IDO,62085,,BANKNIFTY,,2026-07-28,2026-07-28,63500.00,CE,BANKNIFTY26JUL63500CE,0.50,2.70,0.05,0.40,0.10,0.85,56755.60,56755.60,68460,-9750,6216,11841549447.00,1122,F1,30,,,,,
2026-07-28,2026-07-28,FO,NSE,IDO,69721,,BANKNIFTY,,2026-09-29,2026-09-29,54400.00,PE,BANKNIFTY26SEP54400PE,0.00,0.00,0.00,745.90,745.90,745.90,56755.60,784.65,30,0,0,0.00,0,F1,30,,,,,
2026-07-28,2026-07-28,FO,NSE,IDO,69699,,BANKNIFTY,,2026-09-29,2026-09-29,53700.00,PE,BANKNIFTY26SEP53700PE,0.00,0.00,0.00,703.05,0.00,703.05,56755.60,604.95,0,0,0,0.00,0,F1,30,,,,,
2026-07-28,2026-07-28,FO,NSE,IDO,61911,,BANKNIFTY,,2026-07-28,2026-07-28,58800.00,CE,BANKNIFTY26JUL58800CE,3.30,3.45,0.05,0.45,0.25,4.75,56755.60,56755.60,538350,343500,185840,327830214802.50,51249,F1,30,,,,,
2026-07-28,2026-07-28,FO,NSE,IDO,69691,,BANKNIFTY,,2026-09-29,2026-09-29,53300.00,PE,BANKNIFTY26SEP53300PE,0.00,0.00,0.00,617.55,0.00,617.55,56755.60,517.60,0,0,0,0.00,0,F1,30,,,,,
2026-07-28,2026-07-28,FO,NSE,IDO,69687,,BANKNIFTY,,2026-09-29,2026-09-29,53100.00,PE,BANKNIFTY26SEP53100PE,0.00,0.00,0.00,577.80,0.00,577.80,56755.60,477.60,0,0,0,0.00,0,F1,30,,,,,
2026-07-28,2026-07-28,FO,NSE,IDO,69669,,BANKNIFTY,,2026-09-29,2026-09-29,52100.00,PE,BANKNIFTY26SEP52100PE,0.00,0.00,0.00,407.00,0.00,407.00,56755.60,311.60,0,0,0,0.00,0,F1,30,,,,,
2026-07-28,2026-07-28,FO,NSE,IDO,69665,,BANKNIFTY,,2026-09-29,2026-09-29,51900.00,PE,BANKNIFTY26SEP51900PE,0.00,0.00,0.00,378.05,0.00,378.05,56755.60,284.60,0,0,0,0.00,0,F1,30,,,,,
2026-07-28,2026-07-28,FO,NSE,IDO,52271,,BANKNIFTY,,2026-09-29,2026-09-29,46500.00,PE,BANKNIFTY26SEP46500PE,35.00,35.70,34.00,35.70,35.70,39.50,56755.60,11.15,13320,30,21,29317011.00,5,F1,30,,,,,
2026-07-28,2026-07-28,FO,NSE,IDO,59301,,BANKNIFTY,,2026-08-25,2026-08-25,63500.00,PE,BANKNIFTY26AUG63500PE,0.00,0.00,0.00,6000.00,6000.00,6000.00,56755.60,6492.05,900,0,0,0.00,0,F1,30,,,,,
2026-07-28,2026-07-28,FO,NSE,IDO,59180,,BANKNIFTY,,2026-08-25,2026-08-25,60200.00,PE,BANKNIFTY26AUG60200PE,0.00,0.00,0.00,2933.00,2933.00,2933.00,56755.60,3481.25,360,0,0,0.00,0,F1,30,,,,,
2026-07-28,2026-07-28,FO,NSE,IDO,59109,,BANKNIFTY,,2026-08-25,2026-08-25,58000.00,PE,BANKNIFTY26AUG58000PE,1358.90,1487.95,1275.65,1448.65,1419.00,1207.75,56755.60,1448.65,1227030,287700,20584,36672769297.50,14725,F1,30,,,,,
2026-07-28,2026-07-28,FO,NSE,IDO,59046,,BANKNIFTY,,2026-08-25,2026-08-25,56200.00,PE,BANKNIFTY26AUG56200PE,521.45,593.25,502.00,565.20,560.75,476.05,56755.60,565.20,23250,5730,950,1617579454.50,670,F1,30,,,,,
2026-07-28,2026-07-28,FO,NSE,IDO,59029,,BANKNIFTY,,2026-08-25,2026-08-25,55800.00,PE,BANKNIFTY26AUG55800PE,400.00,467.10,388.60,447.10,439.40,370.35,56755.60,447.10,18570,6120,819,1381572037.50,536,F1,30,,,,,
2026-07-28,2026-07-28,FO,NSE,IDO,58999,,BANKNIFTY,,2026-08-25,2026-08-25,54700.00,PE,BANKNIFTY26AUG54700PE,192.90,234.65,192.90,220.05,215.30,191.00,56755.60,220.05,6000,2280,212,349273171.50,140,F1,30,,,,,
2026-07-28,2026-07-28,FO,NSE,IDO,58989,,BANKNIFTY,,2026-08-25,2026-08-25,54400.00,PE,BANKNIFTY26AUG54400PE,172.10,188.20,162.00,177.15,177.00,160.85,56755.60,177.15,3840,630,138,225944730.00,101,F1,30,,,,,
2026-07-28,2026-07-28,FO,NSE,IDO,58925,,BANKNIFTY,,2026-08-25,2026-08-25,52200.00,PE,BANKNIFTY26AUG52200PE,45.00,51.75,41.90,42.60,42.05,44.75,56755.60,42.60,6870,3870,208,326001757.50,122,F1,30,,,,,
2026-07-28,2026-07-28,FO,NSE,IDO,58907,,BANKNIFTY,,2026-08-25,2026-08-25,51500.00,PE,BANKNIFTY26AUG51500PE,33.60,37.25,29.85,31.40,32.05,32.35,56755.60,31.40,51240,20400,1089,1683549097.50,475,F1,30,,,,,
2026-07-28,2026-07-28,FO,NSE,IDO,58815,,BANKNIFTY,,2026-08-25,2026-08-25,49100.00,PE,BANKNIFTY26AUG49100PE,16.20,24.50,14.15,18.25,18.25,16.20,56755.60,18.25,510,480,24,35364427.50,19,F1,30,,,,,
2026-07-28,2026-07-28,FO,NSE,IDO,62154,,BANKNIFTY,,2026-07-28,2026-07-28,66000.00,PE,BANKNIFTY26JUL66000PE,9050.00,9172.70,9050.00,9172.70,9172.70,7800.00,56755.60,56755.60,30,0,2,4506681.00,2,F1,30,,,,,
2026-07-28,2026-07-28,FO,NSE,IDO,62098,,BANKNIFTY,,2026-07-28,2026-07-28,64100.00,PE,BANKNIFTY26JUL64100PE,0.00,0.00,0.00,8107.20,0.00,8107.20,56755.60,56755.60,0,0,0,0.00,0,F1,30,,,,,
2026-07-28,2026-07-28,FO,NSE,IDO,62034,,BANKNIFTY,,2026-07-28,2026-07-28,62100.00,PE,BANKNIFTY26JUL62100PE,0.00,0.00,0.00,4169.70,4169.70,4169.70,56755.60,56755.60,30,0,0,0.00,0,F1,30,,,,,
2026-07-28,2026-07-28,FO,NSE,IDO,62018,,BANKNIFTY,,2026-07-28,2026-07-28,61500.00,PE,BANKNIFTY26JUL61500PE,4500.00,4815.00,4490.00,4790.80,4740.00,4347.55,56755.60,56755.60,6060,-9480,428,850077426.00,358,F1,30,,,,,
2026-07-28,2026-07-28,FO,NSE,IDO,62016,,BANKNIFTY,,2026-07-28,2026-07-28,61400.00,PE,BANKNIFTY26JUL61400PE,4510.35,4623.95,4510.35,4622.10,4622.10,3902.10,56755.60,56755.60,180,-60,4,7918083.00,4,F1,30,,,,,
2026-07-28,2026-07-28,FO,NSE,IDO,61938,,BANKNIFTY,,2026-07-28,2026-07-28,59400.00,PE,BANKNIFTY26JUL59400PE,2560.00,2712.45,2560.00,2709.50,2712.45,2230.40,56755.60,56755.60,5100,0,13,24218215.50,12,F1,30,,,,,
2026-07-28,2026-07-28,FO,NSE,IDO,61906,,BANKNIFTY,,2026-07-28,2026-07-28,58700.00,PE,BANKNIFTY26JUL58700PE,1690.00,2026.85,1674.50,1986.50,1962.60,1543.50,56755.60,56755.60,35370,-3630,214,388199473.50,150,F1,30,,,,,
2026-07-28,2026-07-28,FO,NSE,IDO,61896,,BANKNIFTY,,2026-07-28,2026-07-28,58300.00,PE,BANKNIFTY26JUL58300PE,1250.00,1670.65,1250.00,1585.25,1670.65,1132.60,56755.60,56755.60,81660,-7770,446,799099465.50,281,F1,30,,,,,
2026-07-28,2026-07-28,FO,NSE,IDO,61888,,BANKNIFTY,,2026-07-28,2026-07-28,57900.00,PE,BANKNIFTY26JUL57900PE,899.95,1213.50,848.60,1177.00,1146.80,747.85,56755.60,56755.60,105060,-19020,3179,5624757658.50,1658,F1,30,,,,,
2026-07-28,2026-07-28,FO,NSE,IDO,61886,,BANKNIFTY,,2026-07-28,2026-07-28,57800.00,PE,BANKNIFTY26JUL57800PE,647.40,1120.05,647.40,1073.25,1040.90,654.95,56755.60,56755.60,118530,-25800,4566,8047170238.50,2707,F1,30,,,,,
2026-07-28,2026-07-28,FO,NSE,IDO,61834,,BANKNIFTY,,2026-07-28,2026-07-28,55900.00,PE,BANKNIFTY26JUL55900PE,4.15,6.50,0.05,0.25,0.05,7.55,56755.60,56755.60,292980,102240,201400,337759110303.00,60756,F1,30,,,,,
2026-07-28,2026-07-28,FO,NSE,IDO,61814,,BANKNIFTY,,2026-07-28,2026-07-28,55100.00,PE,BANKNIFTY26JUL55100PE,1.55,2.65,0.05,0.25,0.05,3.25,56755.60,56755.60,156060,66120,65778,108733732492.50,24574,F1,30,,,,,
2026-07-28,2026-07-28,FO,NSE,IDO,61806,,BANKNIFTY,,2026-07-28,2026-07-28,54700.00,PE,BANKNIFTY26JUL54700PE,1.75,1.90,0.05,0.30,0.05,2.35,56755.60,56755.60,47970,-660,17870,29325241932.00,6938,F1,30,,,,,
2026-07-28,2026-07-28,FO,NSE,IDO,61713,,BANKNIFTY,,2026-07-28,2026-07-28,51300.00,PE,BANKNIFTY26JUL51300PE,2.85,2.85,0.05,0.20,0.05,1.15,56755.60,56755.60,1110,-780,100,153901681.50,48,F1,30,,,,,
2026-07-28,2026-07-28,FO,NSE,IDO,61650,,BANKNIFTY,,2026-07-28,2026-07-28,48600.00,PE,BANKNIFTY26JUL48600PE,0.30,0.60,0.30,0.30,0.30,2.30,56755.60,56755.60,240,-270,18,26244208.50,9,F1,30,,,,,
2026-07-28,2026-07-28,FO,NSE,IDO,70792,,BANKNIFTY,,2027-06-29,2027-06-29,57000.00,CE,BANKNIFTY27JUN57000CE,0.00,0.00,0.00,6924.35,0.00,6924.35,56755.60,6142.75,0,0,0,0.00,0,F1,30,,,,,
2026-07-28,2026-07-28,FO,NSE,IDO,76392,,BANKNIFTY,,2027-03-30,2027-03-30,52500.00,CE,BANKNIFTY27MAR52500CE,0.00,0.00,0.00,4655.40,0.00,4655.40,56755.60,7810.90,0,0,0,0.00,0,F1,30,,,,,
2026-07-28,2026-07-28,FO,NSE,IDO,76390,,BANKNIFTY,,2027-03-30,2027-03-30,51000.00,CE,BANKNIFTY27MAR51000CE,0.00,0.00,0.00,5420.45,0.00,5420.45,56755.60,8902.65,0,0,0,0.00,0,F1,30,,,,,
2026-07-28,2026-07-28,FO,NSE,IDO,76388,,BANKNIFTY,,2027-03-30,2027-03-30,49500.00,CE,BANKNIFTY27MAR49500CE,0.00,0.00,0.00,6266.75,0.00,6266.75,56755.60,10067.35,0,0,0,0.00,0,F1,30,,,,,
2026-07-28,2026-07-28,FO,NSE,IDO,70113,,BANKNIFTY,,2026-09-29,2026-09-29,63900.00,CE,BANKNIFTY26SEP63900CE,0.00,0.00,0.00,708.00,0.00,708.00,56755.60,272.20,0,0,0,0.00,0,F1,30,,,,,
2026-07-28,2026-07-28,FO,NSE,IDO,70111,,BANKNIFTY,,2026-09-29,2026-09-29,63800.00,CE,BANKNIFTY26SEP63800CE,0.00,0.00,0.00,726.40,0.00,726.40,56755.60,282.35,0,0,0,0.00,0,F1,30,,,,,
2026-07-28,2026-07-28,FO,NSE,IDO,70109,,BANKNIFTY,,2026-09-29,2026-09-29,63700.00,CE,BANKNIFTY26SEP63700CE,0.00,0.00,0.00,745.15,0.00,745.15,56755.60,292.80,0,0,0,0.00,0,F1,30,,,,,
2026-07-28,2026-07-28,FO,NSE,IDO,70103,,BANKNIFTY,,2026-09-29,2026-09-29,63400.00,CE,BANKNIFTY26SEP63400CE,0.00,0.00,0.00,803.90,0.00,803.90,56755.60,326.15,0,0,0,0.00,0,F1,30,,,,,
2026-07-28,2026-07-28,FO,NSE,IDO,70101,,BANKNIFTY,,2026-09-29,2026-09-29,63300.00,CE,BANKNIFTY26SEP63300CE,0.00,0.00,0.00,824.30,0.00,824.30,56755.60,337.95,0,0,0,0.00,0,F1,30,,,,,
2026-07-28,2026-07-28,FO,NSE,IDO,52404,,BANKNIFTY,,2026-09-29,2026-09-29,63000.00,CE,BANKNIFTY26SEP63000CE,87.85,87.85,71.05,72.75,72.20,87.45,56755.60,72.75,33060,-450,522,987781563.00,210,F1,30,,,,,
2026-07-28,2026-07-28,FO,NSE,IDO,70093,,BANKNIFTY,,2026-09-29,2026-09-29,62800.00,CE,BANKNIFTY26SEP62800CE,0.00,0.00,0.00,934.80,0.00,934.80,56755.60,402.60,0,0,0,0.00,0,F1,30,,,,,
2026-07-28,2026-07-28,FO,NSE,IDO,70082,,BANKNIFTY,,2026-09-29,2026-09-29,62300.00,CE,BANKNIFTY26SEP62300CE,0.00,0.00,0.00,1051.50,0.00,1051.50,56755.60,477.30,0,0,0,0.00,0,F1,30,,,,,
2026-07-28,2026-07-28,FO,NSE,IDO,52388,,BANKNIFTY,,2026-09-29,2026-09-29,61500.00,CE,BANKNIFTY26SEP61500CE,187.15,187.15,150.00,158.65,158.15,190.20,56755.60,158.65,12690,-3510,277,512472303.00,160,F1,30,,,,,
2026-07-28,2026-07-28,FO,NSE,IDO,70035,,BANKNIFTY,,2026-09-29,2026-09-29,61300.00,CE,BANKNIFTY26SEP61300CE,0.00,0.00,0.00,1327.90,0.00,1327.90,56755.60,661.45,0,0,0,0.00,0,F1,30,,,,,
2026-07-28,2026-07-28,FO,NSE,IDO,69895,,BANKNIFTY,,2026-09-29,2026-09-29,59000.00,CE,BANKNIFTY26SEP59000CE,718.65,718.65,613.60,623.45,630.00,756.65,56755.60,623.45,38820,270,737,1319070634.50,447,F1,30,,,,,
2026-07-28,2026-07-28,FO,NSE,IDO,69850,,BANKNIFTY,,2026-09-29,2026-09-29,58400.00,CE,BANKNIFTY26SEP58400CE,959.65,971.70,944.55,944.55,944.55,1001.15,56755.60,1529.30,4980,180,8,14246746.50,5,F1,30,,,,,
2026-07-28,2026-07-28,FO,NSE,IDO,69811,,BANKNIFTY,,2026-09-29,2026-09-29,56900.00,CE,BANKNIFTY26SEP56900CE,1621.05,1667.30,1521.80,1521.80,1521.80,1621.05,56755.60,2217.10,600,30,8,14041596.00,7,F1,30,,,,,
2026-07-28,2026-07-28,FO,NSE,IDO,69700,,BANKNIFTY,,2026-09-29,2026-09-29,53800.00,CE,BANKNIFTY26SEP53800CE,0.00,0.00,0.00,5293.85,0.00,5293.85,56755.60,4195.25,0,0,0,0.00,0,F1,30,,,,,
2026-07-28,2026-07-28,FO,NSE,IDO,70799,,BANKNIFTY,,2027-06-29,2027-06-29,61500.00,PE,BANKNIFTY27JUN61500PE,0.00,0.00,0.00,4995.95,0.00,4995.95,56755.60,5150.10,0,0,0,0.00,0,F1,30,,,,,
2026-07-28,2026-07-28,FO,NSE,IDO,69696,,BANKNIFTY,,2026-09-29,2026-09-29,53600.00,CE,BANKNIFTY26SEP53600CE,0.00,0.00,0.00,5446.00,0.00,5446.00,56755.60,4346.75,0,0,0,0.00,0,F1,30,,,,,
2026-07-28,2026-07-28,FO,NSE,IDO,69688,,BANKNIFTY,,2026-09-29,2026-09-29,53200.00,CE,BANKNIFTY26SEP53200CE,0.00,0.00,0.00,5756.35,0.00,5756.35,56755.60,4657.30,0,0,0,0.00,0,F1,30,,,,,
2026-07-28,2026-07-28,FO,NSE,IDO,69686,,BANKNIFTY,,2026-09-29,2026-09-29,53100.00,CE,BANKNIFTY26SEP53100CE,0.00,0.00,0.00,5835.15,0.00,5835.15,56755.60,4736.50,0,0,0,0.00,0,F1,30,,,,,
2026-07-28,2026-07-28,FO,NSE,IDO,52268,,BANKNIFTY,,2026-09-29,2026-09-29,45000.00,CE,BANKNIFTY26SEP45000CE,0.00,0.00,0.00,12567.35,0.00,12567.35,56755.60,12270.15,0,0,0,0.00,0,F1,30,,,,,
2026-07-28,2026-07-28,FO,NSE,IDO,59340,,BANKNIFTY,,2026-08-25,2026-08-25,65000.00,CE,BANKNIFTY26AUG65000CE,7.40,8.00,7.00,7.05,7.00,7.60,56755.60,7.05,172920,59070,3060,5967663636.00,905,F1,30,,,,,
2026-07-28,2026-07-28,FO,NSE,IDO,59178,,BANKNIFTY,,2026-08-25,2026-08-25,60200.00,CE,BANKNIFTY26AUG60200CE,0.00,0.00,0.00,880.55,0.00,880.55,56755.60,316.55,0,0,0,0.00,0,F1,30,,,,,
2026-07-28,2026-07-28,FO,NSE,IDO,59151,,BANKNIFTY,,2026-08-25,2026-08-25,59300.00,CE,BANKNIFTY26AUG59300CE,217.25,221.30,161.50,170.95,176.55,226.40,56755.60,170.95,11430,3150,544,970796341.50,377,F1,30,,,,,
2026-07-28,2026-07-28,FO,NSE,IDO,59136,,BANKNIFTY,,2026-08-25,2026-08-25,58700.00,CE,BANKNIFTY26AUG58700CE,340.60,352.85,258.85,269.95,288.30,368.35,56755.60,269.95,22440,5700,2032,3595908423.00,1140,F1,30,,,,,
2026-07-28,2026-07-28,FO,NSE,IDO,59077,,BANKNIFTY,,2026-08-25,2026-08-25,56900.00,CE,BANKNIFTY26AUG56900CE,1186.00,1186.00,920.55,941.40,969.00,1186.05,56755.60,941.40,93990,80070,9929,17246041140.00,6182,F1,30,,,,,
2026-07-28,2026-07-28,FO,NSE,IDO,59022,,BANKNIFTY,,2026-08-25,2026-08-25,55700.00,CE,BANKNIFTY26AUG55700CE,1825.70,1825.70,1659.30,1661.75,1662.95,1912.95,56755.60,1661.75,390,-30,5,8610709.50,5,F1,30,,,,,
2026-07-28,2026-07-28,FO,NSE,IDO,58965,,BANKNIFTY,,2026-08-25,2026-08-25,53700.00,CE,BANKNIFTY26AUG53700CE,0.00,0.00,0.00,3547.15,0.00,3547.15,56755.60,3553.05,0,0,0,0.00,0,F1,30,,,,,
2026-07-28,2026-07-28,FO,NSE,IDO,58958,,BANKNIFTY,,2026-08-25,2026-08-25,53400.00,CE,BANKNIFTY26AUG53400CE,0.00,0.00,0.00,3735.80,0.00,3735.80,56755.60,3808.15,0,0,0,0.00,0,F1,30,,,,,
2026-07-28,2026-07-28,FO,NSE,IDO,58908,,BANKNIFTY,,2026-08-25,2026-08-25,51600.00,CE,BANKNIFTY26AUG51600CE,0.00,0.00,0.00,4986.75,0.00,4986.75,56755.60,5449.10,0,0,0,0.00,0,F1,30,,,,,
2026-07-28,2026-07-28,FO,NSE,IDO,58858,,BANKNIFTY,,2026-08-25,2026-08-25,50100.00,CE,BANKNIFTY26AUG50100CE,0.00,0.00,0.00,6167.55,0.00,6167.55,56755.60,6902.00,0,0,0,0.00,0,F1,30,,,,,
2026-07-28,2026-07-28,FO,NSE,IDO,70771,,BANKNIFTY,,2027-06-29,2027-06-29,52500.00,PE,BANKNIFTY27JUN52500PE,0.00,0.00,0.00,1541.40,0.00,1541.40,56755.60,1533.70,0,0,0,0.00,0,F1,30,,,,,
2026-07-28,2026-07-28,FO,NSE,IDO,70110,,BANKNIFTY,,2026-09-29,2026-09-29,63700.00,PE,BANKNIFTY26SEP63700PE,0.00,0.00,0.00,5925.20,0.00,5925.20,56755.60,6513.50,0,0,0,0.00,0,F1,30,,,,,
2026-07-28,2026-07-28,FO,NSE,IDO,70077,,BANKNIFTY,,2026-09-29,2026-09-29,62000.00,PE,BANKNIFTY26SEP62000PE,0.00,0.00,0.00,4500.00,4500.00,4500.00,56755.60,5067.45,30,0,0,0.00,0,F1,30,,,,,
2026-07-28,2026-07-28,FO,NSE,IDO,70028,,BANKNIFTY,,2026-09-29,2026-09-29,60900.00,PE,BANKNIFTY26SEP60900PE,0.00,0.00,0.00,3876.05,0.00,3876.05,56755.60,4204.20,0,0,0,0.00,0,F1,30,,,,,
2026-07-28,2026-07-28,FO,NSE,IDO,70012,,BANKNIFTY,,2026-09-29,2026-09-29,60100.00,PE,BANKNIFTY26SEP60100PE,0.00,0.00,0.00,3365.55,0.00,3365.55,56755.60,3614.90,0,0,0,0.00,0,F1,30,,,,,
2026-07-28,2026-07-28,FO,NSE,IDO,52361,,BANKNIFTY,,2026-09-29,2026-09-29,60000.00,PE,BANKNIFTY26SEP60000PE,2800.00,2930.85,2778.80,2899.60,2863.15,2611.25,56755.60,2899.60,56160,270,95,179105091.00,57,F1,30,,,,,
2026-07-28,2026-07-28,FO,NSE,IDO,69871,,BANKNIFTY,,2026-09-29,2026-09-29,58800.00,PE,BANKNIFTY26SEP58800PE,0.00,0.00,0.00,2616.85,0.00,2616.85,56755.60,2751.55,0,0,0,0.00,0,F1,30,,,,,
2026-07-28,2026-07-28,FO,NSE,IDO,69869,,BANKNIFTY,,2026-09-29,2026-09-29,58700.00,PE,BANKNIFTY26SEP58700PE,0.00,0.00,0.00,1780.00,1780.00,1780.00,56755.60,2690.10,510,0,0,0.00,0,F1,30,,,,,
2026-07-28,2026-07-28,FO,NSE,IDO,69819,,BANKNIFTY,,2026-09-29,2026-09-29,57300.00,PE,BANKNIFTY26SEP57300PE,0.00,0.00,0.00,1088.65,1088.65,1088.65,56755.60,1909.60,1140,0,0,0.00,0,F1,30,,,,,
2026-07-28,2026-07-28,FO,NSE,IDO,69802,,BANKNIFTY,,2026-09-29,2026-09-29,56500.00,PE,BANKNIFTY26SEP56500PE,830.00,926.80,820.00,912.85,890.00,778.40,56755.60,912.85,39660,8580,659,1134220594.50,370,F1,30,,,,,
2026-07-28,2026-07-28,FO,NSE,IDO,69774,,BANKNIFTY,,2026-09-29,2026-09-29,55200.00,PE,BANKNIFTY26SEP55200PE,0.00,0.00,0.00,1100.15,1100.15,1100.15,56755.60,1028.65,30,0,0,0.00,0,F1,30,,,,,
2026-07-28,2026-07-28,FO,NSE,IDO,62143,,BANKNIFTY,,2026-07-28,2026-07-28,65500.00,CE,BANKNIFTY26JUL65500CE,0.50,1.40,0.05,0.25,0.05,0.65,56755.60,56755.60,48900,-28260,5890,11573938752.00,1259,F1,30,,,,,
2026-07-28,2026-07-28,FO,NSE,IDF,68390,,BANKNIFTY,,2026-09-29,2026-09-29,,,BANKNIFTY26SEPFUT,57710.80,57710.80,57362.00,57407.80,57450.00,57793.60,56755.60,57407.80,163620,15750,1072,1849325670.00,891,F1,30,,,,,
2026-07-28,2026-07-28,FO,NSE,IDO,61653,,BANKNIFTY,,2026-07-28,2026-07-28,48800.00,CE,BANKNIFTY26JUL48800CE,0.00,0.00,0.00,7535.90,0.00,7535.90,56755.60,56755.60,0,0,0,0.00,0,F1,30,,,,,
2026-07-28,2026-07-28,FO,NSE,IDO,61661,,BANKNIFTY,,2026-07-28,2026-07-28,49100.00,CE,BANKNIFTY26JUL49100CE,0.00,0.00,0.00,7271.60,0.00,7271.60,56755.60,56755.60,0,0,0,0.00,0,F1,30,,,,,
2026-07-28,2026-07-28,FO,NSE,IDO,58719,,BANKNIFTY,,2026-08-25,2026-08-25,46500.00,PE,BANKNIFTY26AUG46500PE,12.00,12.00,10.70,11.25,10.70,12.10,56755.60,11.25,810,90,9,12558183.00,6,F1,30,,,,,
2026-07-28,2026-07-28,FO,NSE,IDO,58813,,BANKNIFTY,,2026-08-25,2026-08-25,49000.00,PE,BANKNIFTY26AUG49000PE,15.65,18.30,14.30,15.70,17.65,15.20,56755.60,15.70,31740,3540,969,1424900967.00,549,F1,30,,,,,
2026-07-28,2026-07-28,FO,NSE,IDO,58935,,BANKNIFTY,,2026-08-25,2026-08-25,52700.00,PE,BANKNIFTY26AUG52700PE,62.40,66.00,56.50,58.80,57.95,58.40,56755.60,58.80,7350,630,113,178862671.50,68,F1,30,,,,,
2026-07-28,2026-07-28,FO,NSE,IDO,58975,,BANKNIFTY,,2026-08-25,2026-08-25,53800.00,PE,BANKNIFTY26AUG53800PE,115.65,131.45,106.45,119.75,118.00,109.75,56755.60,119.75,8310,810,301,486898212.00,144,F1,30,,,,,
2026-07-28,2026-07-28,FO,NSE,IDO,59082,,BANKNIFTY,,2026-08-25,2026-08-25,57100.00,PE,BANKNIFTY26AUG57100PE,805.00,974.60,788.15,936.55,908.45,774.40,56755.60,936.55,48690,19920,5032,8756835703.50,3322,F1,30,,,,,
2026-07-28,2026-07-28,FO,NSE,IDO,59125,,BANKNIFTY,,2026-08-25,2026-08-25,58400.00,PE,BANKNIFTY26AUG58400PE,1600.00,1749.45,1600.00,1748.80,1749.45,1454.50,56755.60,1748.80,7650,1080,65,117156190.50,39,F1,30,,,,,
2026-07-28,2026-07-28,FO,NSE,IDO,59146,,BANKNIFTY,,2026-08-25,2026-08-25,59000.00,PE,BANKNIFTY26AUG59000PE,1979.95,2248.45,1971.20,2206.20,2169.95,1881.00,56755.60,2206.20,320790,-27540,8033,14726978643.00,4941,F1,30,,,,,
2026-07-28,2026-07-28,FO,NSE,IDO,59154,,BANKNIFTY,,2026-08-25,2026-08-25,59400.00,PE,BANKNIFTY26AUG59400PE,0.00,0.00,0.00,2183.10,2183.10,2183.10,56755.60,2842.35,4950,0,0,0.00,0,F1,30,,,,,
2026-07-28,2026-07-28,FO,NSE,IDO,59164,,BANKNIFTY,,2026-08-25,2026-08-25,59800.00,PE,BANKNIFTY26AUG59800PE,2744.45,2889.30,2744.45,2889.30,2889.30,2597.35,56755.60,2889.30,420,-90,5,9394704.00,4,F1,30,,,,,
2026-07-28,2026-07-28,FO,NSE,IDO,59171,,BANKNIFTY,,2026-08-25,2026-08-25,60100.00,PE,BANKNIFTY26AUG60100PE,0.00,0.00,0.00,3042.60,3042.60,3042.60,56755.60,3398.70,180,0,0,0.00,0,F1,30,,,,,
2026-07-28,2026-07-28,FO,NSE,IDO,59227,,BANKNIFTY,,2026-08-25,2026-08-25,61100.00,PE,BANKNIFTY26AUG61100PE,0.00,0.00,0.00,2857.65,2857.65,2857.65,56755.60,4254.00,60,0,0,0.00,0,F1,30,,,,,
2026-07-28,2026-07-28,FO,NSE,IDO,59245,,BANKNIFTY,,2026-08-25,2026-08-25,61500.00,PE,BANKNIFTY26AUG61500PE,4300.00,4500.05,4300.00,4493.75,4481.15,4100.00,56755.60,4493.75,9990,6840,381,753836688.00,281,F1,30,,,,,
2026-07-28,2026-07-28,FO,NSE,IDO,70247,,BANKNIFTY,,2026-09-29,2026-09-29,65500.00,PE,BANKNIFTY26SEP65500PE,0.00,0.00,0.00,7415.10,0.00,7415.10,56755.60,8148.20,0,0,0,0.00,0,F1,30,,,,,
2026-07-28,2026-07-28,FO,NSE,IDO,70108,,BANKNIFTY,,2026-09-29,2026-09-29,63600.00,PE,BANKNIFTY26SEP63600PE,0.00,0.00,0.00,5845.90,0.00,5845.90,56755.60,6425.40,0,0,0,0.00,0,F1,30,,,,,
2026-07-28,2026-07-28,FO,NSE,IDO,52405,,BANKNIFTY,,2026-09-29,2026-09-29,63000.00,PE,BANKNIFTY26SEP63000PE,0.00,0.00,0.00,4310.00,4310.00,4310.00,56755.60,5904.20,90,0,0,0.00,0,F1,30,,,,,
2026-07-28,2026-07-28,FO,NSE,IDO,59163,,BANKNIFTY,,2026-08-25,2026-08-25,59800.00,CE,BANKNIFTY26AUG59800CE,153.85,153.85,104.80,108.80,115.65,146.50,56755.60,108.80,23490,7680,2153,3870146887.50,1136,F1,30,,,,,
2026-07-28,2026-07-28,FO,NSE,IDF,61088,,BANKNIFTY,,2026-07-28,2026-07-28,,,BANKNIFTY26JULFUT,57061.00,57099.80,56688.20,56731.80,56751.60,57176.40,56755.60,56755.60,722160,-356550,21665,36967508628.00,14966,F1,30,,,,,
2026-07-28,2026-07-28,FO,NSE,IDO,61599,,BANKNIFTY,,2026-07-28,2026-07-28,46500.00,CE,BANKNIFTY26JUL46500CE,0.00,0.00,0.00,10677.10,10677.10,10677.10,56755.60,56755.60,120,0,0,0.00,0,F1,30,,,,,
2026-07-28,2026-07-28,FO,NSE,IDO,61651,,BANKNIFTY,,2026-07-28,2026-07-28,48700.00,CE,BANKNIFTY26JUL48700CE,0.00,0.00,0.00,7624.65,0.00,7624.65,56755.60,56755.60,0,0,0,0.00,0,F1,30,,,,,
2026-07-28,2026-07-28,FO,NSE,IDO,61683,,BANKNIFTY,,2026-07-28,2026-07-28,50100.00,CE,BANKNIFTY26JUL50100CE,0.00,0.00,0.00,6415.15,0.00,6415.15,56755.60,56755.60,0,0,0,0.00,0,F1,30,,,,,
2026-07-28,2026-07-28,FO,NSE,IDO,61699,,BANKNIFTY,,2026-07-28,2026-07-28,50700.00,CE,BANKNIFTY26JUL50700CE,0.00,0.00,0.00,5921.60,0.00,5921.60,56755.60,56755.60,0,0,0,0.00,0,F1,30,,,,,
2026-07-28,2026-07-28,FO,NSE,IDO,61704,,BANKNIFTY,,2026-07-28,2026-07-28,50900.00,CE,BANKNIFTY26JUL50900CE,0.00,0.00,0.00,5760.85,0.00,5760.85,56755.60,56755.60,0,0,0,0.00,0,F1,30,,,,,
2026-07-28,2026-07-28,FO,NSE,IDO,61714,,BANKNIFTY,,2026-07-28,2026-07-28,51400.00,CE,BANKNIFTY26JUL51400CE,0.00,0.00,0.00,5367.65,0.00,5367.65,56755.60,56755.60,0,0,0,0.00,0,F1,30,,,,,
2026-07-28,2026-07-28,FO,NSE,IDO,61731,,BANKNIFTY,,2026-07-28,2026-07-28,52000.00,CE,BANKNIFTY26JUL52000CE,4978.75,5013.30,4698.05,4720.55,4780.00,5187.30,56755.60,56755.60,5580,-2430,166,283255774.50,102,F1,30,,,,,
2026-07-28,2026-07-28,FO,NSE,IDO,61735,,BANKNIFTY,,2026-07-28,2026-07-28,52100.00,CE,BANKNIFTY26JUL52100CE,0.00,0.00,0.00,4841.45,0.00,4841.45,56755.60,56755.60,0,0,0,0.00,0,F1,30,,,,,
2026-07-28,2026-07-28,FO,NSE,IDO,61737,,BANKNIFTY,,2026-07-28,2026-07-28,52200.00,CE,BANKNIFTY26JUL52200CE,0.00,0.00,0.00,4768.10,0.00,4768.10,56755.60,56755.60,0,0,0,0.00,0,F1,30,,,,,
2026-07-28,2026-07-28,FO,NSE,IDO,61760,,BANKNIFTY,,2026-07-28,2026-07-28,53200.00,CE,BANKNIFTY26JUL53200CE,3800.00,3800.00,3800.00,3800.00,3800.00,4698.00,56755.60,56755.60,270,-60,2,3420000.00,1,F1,30,,,,,
2026-07-28,2026-07-28,FO,NSE,IDO,61780,,BANKNIFTY,,2026-07-28,2026-07-28,53800.00,CE,BANKNIFTY26JUL53800CE,0.00,0.00,0.00,2853.00,2853.00,2853.00,56755.60,56755.60,570,0,0,0.00,0,F1,30,,,,,
2026-07-28,2026-07-28,FO,NSE,IDO,61782,,BANKNIFTY,,2026-07-28,2026-07-28,53900.00,CE,BANKNIFTY26JUL53900CE,3081.00,3081.00,2808.00,2808.00,2808.00,2847.40,56755.60,56755.60,1020,-270,9,15331840.50,7,F1,30,,,,,
2026-07-28,2026-07-28,FO,NSE,IDO,61813,,BANKNIFTY,,2026-07-28,2026-07-28,55100.00,CE,BANKNIFTY26JUL55100CE,1877.00,1877.00,1665.00,1710.55,1710.55,2043.15,56755.60,56755.60,1680,-930,76,129564406.50,19,F1,30,,,,,
2026-07-28,2026-07-28,FO,NSE,IDO,61817,,BANKNIFTY,,2026-07-28,2026-07-28,55300.00,CE,BANKNIFTY26JUL55300CE,1620.00,1645.00,1465.45,1466.80,1469.40,1803.80,56755.60,56755.60,4110,-90,25,42633733.50,24,F1,30,,,,,
2026-07-28,2026-07-28,FO,NSE,IDO,61833,,BANKNIFTY,,2026-07-28,2026-07-28,55900.00,CE,BANKNIFTY26JUL55900CE,1081.70,1126.65,779.60,820.15,852.95,1277.55,56755.60,56755.60,27870,-13440,965,1646657955.00,602,F1,30,,,,,
2026-07-28,2026-07-28,FO,NSE,IDO,61851,,BANKNIFTY,,2026-07-28,2026-07-28,56600.00,CE,BANKNIFTY26JUL56600CE,499.00,499.00,82.00,129.95,155.45,606.85,56755.60,56755.60,275520,210450,724192,1233468379690.50,377565,F1,30,,,,,
2026-07-28,2026-07-28,FO,NSE,IDO,61937,,BANKNIFTY,,2026-07-28,2026-07-28,59400.00,CE,BANKNIFTY26JUL59400CE,2.80,2.80,0.05,0.65,0.10,2.75,56755.60,56755.60,73920,18180,23852,42505257681.00,8039,F1,30,,,,,
2026-07-28,2026-07-28,FO,NSE,IDO,61957,,BANKNIFTY,,2026-07-28,2026-07-28,60000.00,CE,BANKNIFTY26JUL60000CE,1.65,2.15,0.05,0.55,0.05,2.05,56755.60,56755.60,1049490,-115590,162190,291947778414.00,41465,F1,30,,,,,
2026-07-28,2026-07-28,FO,NSE,IDO,61991,,BANKNIFTY,,2026-07-28,2026-07-28,60800.00,CE,BANKNIFTY26JUL60800CE,1.85,3.90,0.05,0.85,0.05,1.85,56755.60,56755.60,14730,-270,2952,5384540349.00,1253,F1,30,,,,,
2026-07-28,2026-07-28,FO,NSE,IDO,62048,,BANKNIFTY,,2026-07-28,2026-07-28,62400.00,CE,BANKNIFTY26JUL62400CE,1.10,5.70,0.05,1.85,0.05,0.90,56755.60,56755.60,7680,210,596,1115740846.50,225,F1,30,,,,,
2026-07-28,2026-07-28,FO,NSE,IDO,62071,,BANKNIFTY,,2026-07-28,2026-07-28,62900.00,CE,BANKNIFTY26JUL62900CE,0.60,1.40,0.05,0.70,0.05,1.10,56755.60,56755.60,2700,-2100,133,250973295.00,33,F1,30,,,,,
2026-07-28,2026-07-28,FO,NSE,IDO,58778,,BANKNIFTY,,2026-08-25,2026-08-25,48500.00,CE,BANKNIFTY26AUG48500CE,0.00,0.00,0.00,7539.00,0.00,7539.00,56755.60,8483.25,0,0,0,0.00,0,F1,30,,,,,
2026-07-28,2026-07-28,FO,NSE,IDO,58838,,BANKNIFTY,,2026-08-25,2026-08-25,49400.00,CE,BANKNIFTY26AUG49400CE,0.00,0.00,0.00,6755.05,0.00,6755.05,56755.60,7591.65,0,0,0,0.00,0,F1,30,,,,,
2026-07-28,2026-07-28,FO,NSE,IDO,58864,,BANKNIFTY,,2026-08-25,2026-08-25,50400.00,CE,BANKNIFTY26AUG50400CE,0.00,0.00,0.00,5922.40,0.00,5922.40,56755.60,6608.05,0,0,0,0.00,0,F1,30,,,,,
2026-07-28,2026-07-28,FO,NSE,IDO,58870,,BANKNIFTY,,2026-08-25,2026-08-25,50600.00,CE,BANKNIFTY26AUG50600CE,0.00,0.00,0.00,5761.40,0.00,5761.40,56755.60,6412.85,0,0,0,0.00,0,F1,30,,,,,
2026-07-28,2026-07-28,FO,NSE,IDO,58878,,BANKNIFTY,,2026-08-25,2026-08-25,51000.00,CE,BANKNIFTY26AUG51000CE,6080.00,6167.60,5961.00,5961.00,5961.00,6320.55,56755.60,6024.55,8640,2880,269,460248121.50,124,F1,30,,,,,
2026-07-28,2026-07-28,FO,NSE,IDO,58880,,BANKNIFTY,,2026-08-25,2026-08-25,51100.00,CE,BANKNIFTY26AUG51100CE,0.00,0.00,0.00,5701.00,5701.00,5701.00,56755.60,5928.00,30,0,0,0.00,0,F1,30,,,,,
2026-07-28,2026-07-28,FO,NSE,IDO,58882,,BANKNIFTY,,2026-08-25,2026-08-25,51200.00,CE,BANKNIFTY26AUG51200CE,0.00,0.00,0.00,5290.25,0.00,5290.25,56755.60,5831.70,0,0,0,0.00,0,F1,30,,,,,
2026-07-28,2026-07-28,FO,NSE,IDO,58994,,BANKNIFTY,,2026-08-25,2026-08-25,54600.00,CE,BANKNIFTY26AUG54600CE,2600.00,2600.00,2600.00,2600.00,2600.00,3000.00,56755.60,2831.50,90,0,1,1716000.00,1,F1,30,,,,,
2026-07-28,2026-07-28,FO,NSE,IDO,59008,,BANKNIFTY,,2026-08-25,2026-08-25,55200.00,CE,BANKNIFTY26AUG55200CE,2220.80,2260.00,2088.35,2088.35,2088.35,2391.40,56755.60,2088.35,390,30,5,8606347.50,4,F1,30,,,,,
2026-07-28,2026-07-28,FO,NSE,IDO,59012,,BANKNIFTY,,2026-08-25,2026-08-25,55400.00,CE,BANKNIFTY26AUG55400CE,0.00,0.00,0.00,2590.35,0.00,2590.35,56755.60,2254.80,0,0,0,0.00,0,F1,30,,,,,
2026-07-28,2026-07-28,FO,NSE,IDO,59025,,BANKNIFTY,,2026-08-25,2026-08-25,55800.00,CE,BANKNIFTY26AUG55800CE,1722.95,1723.00,1629.50,1651.65,1703.55,1941.90,56755.60,1651.65,750,150,10,17243865.00,10,F1,30,,,,,
2026-07-28,2026-07-28,FO,NSE,IDO,59038,,BANKNIFTY,,2026-08-25,2026-08-25,56000.00,CE,BANKNIFTY26AUG56000CE,1789.95,1795.90,1463.05,1497.80,1546.40,1795.95,56755.60,1497.80,164160,42570,5329,9204673282.50,3447,F1,30,,,,,
2026-07-28,2026-07-28,FO,NSE,IDO,59094,,BANKNIFTY,,2026-08-25,2026-08-25,57700.00,CE,BANKNIFTY26AUG57700CE,669.45,706.95,557.30,571.75,591.45,745.00,56755.60,571.75,54090,8430,1338,2340719544.00,1006,F1,30,,,,,
2026-07-28,2026-07-28,FO,NSE,IDO,59124,,BANKNIFTY,,2026-08-25,2026-08-25,58400.00,CE,BANKNIFTY26AUG58400CE,396.90,432.00,332.65,340.25,356.00,458.10,56755.60,340.25,27150,2940,732,1290556488.00,513,F1,30,,,,,
2026-07-28,2026-07-28,FO,NSE,IDO,69693,,BANKNIFTY,,2026-09-29,2026-09-29,53400.00,PE,BANKNIFTY26SEP53400PE,0.00,0.00,0.00,638.15,0.00,638.15,56755.60,538.50,0,0,0,0.00,0,F1,30,,,,,
2026-07-28,2026-07-28,FO,NSE,IDO,69681,,BANKNIFTY,,2026-09-29,2026-09-29,52800.00,PE,BANKNIFTY26SEP52800PE,0.00,0.00,0.00,521.75,0.00,521.75,56755.60,422.05,0,0,0,0.00,0,F1,30,,,,,
2026-07-28,2026-07-28,FO,NSE,IDO,69673,,BANKNIFTY,,2026-09-29,2026-09-29,52300.00,PE,BANKNIFTY26SEP52300PE,0.00,0.00,0.00,437.60,0.00,437.60,56755.60,340.55,0,0,0,0.00,0,F1,30,,,,,
2026-07-28,2026-07-28,FO,NSE,IDO,69667,,BANKNIFTY,,2026-09-29,2026-09-29,52000.00,PE,BANKNIFTY26SEP52000PE,135.60,148.20,125.00,134.15,133.00,126.10,56755.60,134.15,20820,2640,234,365994465.00,150,F1,30,,,,,
2026-07-28,2026-07-28,FO,NSE,IDO,69565,,BANKNIFTY,,2026-09-29,2026-09-29,50000.00,PE,BANKNIFTY26SEP50000PE,66.60,69.00,57.50,67.80,60.00,65.15,56755.60,67.80,7350,-60,104,156201558.00,39,F1,30,,,,,
2026-07-28,2026-07-28,FO,NSE,IDO,52273,,BANKNIFTY,,2026-09-29,2026-09-29,48000.00,PE,BANKNIFTY26SEP48000PE,47.85,50.00,40.25,43.00,40.50,47.85,56755.60,43.00,21630,1350,83,119636038.50,37,F1,30,,,,,
2026-07-28,2026-07-28,FO,NSE,IDO,59297,,BANKNIFTY,,2026-08-25,2026-08-25,63300.00,PE,BANKNIFTY26AUG63300PE,0.00,0.00,0.00,7647.80,0.00,7647.80,56755.60,6299.20,0,0,0,0.00,0,F1,30,,,,,
2026-07-28,2026-07-28,FO,NSE,IDO,59281,,BANKNIFTY,,2026-08-25,2026-08-25,62800.00,PE,BANKNIFTY26AUG62800PE,0.00,0.00,0.00,7213.70,0.00,7213.70,56755.60,5820.90,0,0,0,0.00,0,F1,30,,,,,
2026-07-28,2026-07-28,FO,NSE,IDO,59165,,BANKNIFTY,,2026-08-25,2026-08-25,59900.00,CE,BANKNIFTY26AUG59900CE,0.00,0.00,0.00,949.50,0.00,949.50,56755.60,369.65,0,0,0,0.00,0,F1,30,,,,,
2026-07-28,2026-07-28,FO,NSE,IDO,59230,,BANKNIFTY,,2026-08-25,2026-08-25,61300.00,CE,BANKNIFTY26AUG61300CE,0.00,0.00,0.00,658.70,0.00,658.70,56755.60,172.45,0,0,0,0.00,0,F1,30,,,,,
2026-07-28,2026-07-28,FO,NSE,IDO,59312,,BANKNIFTY,,2026-08-25,2026-08-25,63800.00,CE,BANKNIFTY26AUG63800CE,0.00,0.00,0.00,324.25,0.00,324.25,56755.60,34.60,0,0,0,0.00,0,F1,30,,,,,
2026-07-28,2026-07-28,FO,NSE,IDO,69564,,BANKNIFTY,,2026-09-29,2026-09-29,50000.00,CE,BANKNIFTY26SEP50000CE,7500.00,7500.00,7200.00,7300.00,7300.00,8500.00,56755.60,7433.00,390,300,10,17202000.00,5,F1,30,,,,,
2026-07-28,2026-07-28,FO,NSE,IDO,69656,,BANKNIFTY,,2026-09-29,2026-09-29,51500.00,CE,BANKNIFTY26SEP51500CE,0.00,0.00,0.00,7157.85,0.00,7157.85,56755.60,6076.80,0,0,0,0.00,0,F1,30,,,,,
2026-07-28,2026-07-28,FO,NSE,IDO,69694,,BANKNIFTY,,2026-09-29,2026-09-29,53500.00,CE,BANKNIFTY26SEP53500CE,0.00,0.00,0.00,5522.80,0.00,5522.80,56755.60,4423.45,0,0,0,0.00,0,F1,30,,,,,
2026-07-28,2026-07-28,FO,NSE,IDO,69704,,BANKNIFTY,,2026-09-29,2026-09-29,54100.00,CE,BANKNIFTY26SEP54100CE,0.00,0.00,0.00,5069.65,0.00,5069.65,56755.60,3974.95,0,0,0,0.00,0,F1,30,,,,,
2026-07-28,2026-07-28,FO,NSE,IDO,52297,,BANKNIFTY,,2026-09-29,2026-09-29,55500.00,CE,BANKNIFTY26SEP55500CE,2577.80,2580.00,2428.50,2493.05,2489.35,2766.00,56755.60,2493.05,15510,-270,17,29582428.50,17,F1,30,,,,,
2026-07-28,2026-07-28,FO,NSE,IDO,69785,,BANKNIFTY,,2026-09-29,2026-09-29,55900.00,CE,BANKNIFTY26SEP55900CE,0.00,0.00,0.00,3831.40,0.00,3831.40,56755.60,2774.45,0,0,0,0.00,0,F1,30,,,,,
2026-07-28,2026-07-28,FO,NSE,IDO,69793,,BANKNIFTY,,2026-09-29,2026-09-29,56100.00,CE,BANKNIFTY26SEP56100CE,0.00,0.00,0.00,3705.95,0.00,3705.95,56755.60,2656.65,0,0,0,0.00,0,F1,30,,,,,
2026-07-28,2026-07-28,FO,NSE,IDO,69845,,BANKNIFTY,,2026-09-29,2026-09-29,58200.00,CE,BANKNIFTY26SEP58200CE,1039.55,1039.55,1020.30,1020.30,1020.30,1095.00,56755.60,1610.85,2880,30,2,3553795.50,2,F1,30,,,,,
2026-07-28,2026-07-28,FO,NSE,IDO,70017,,BANKNIFTY,,2026-09-29,2026-09-29,60400.00,CE,BANKNIFTY26SEP60400CE,0.00,0.00,0.00,1622.05,0.00,1622.05,56755.60,872.00,0,0,0,0.00,0,F1,30,,,,,
2026-07-28,2026-07-28,FO,NSE,IDO,70078,,BANKNIFTY,,2026-09-29,2026-09-29,62100.00,CE,BANKNIFTY26SEP62100CE,0.00,0.00,0.00,1102.75,0.00,1102.75,56755.60,510.25,0,0,0,0.00,0,F1,30,,,,,
2026-07-28,2026-07-28,FO,NSE,IDO,70246,,BANKNIFTY,,2026-09-29,2026-09-29,65500.00,CE,BANKNIFTY26SEP65500CE,0.00,0.00,0.00,462.70,0.00,462.70,56755.60,148.00,0,0,0,0.00,0,F1,30,,,,,
2026-07-28,2026-07-28,FO,NSE,IDO,53226,,BANKNIFTY,,2026-12-29,2026-12-29,55500.00,CE,BANKNIFTY26DEC55500CE,0.00,0.00,0.00,7987.45,0.00,7987.45,56755.60,4590.15,0,0,0,0.00,0,F1,30,,,,,
2026-07-28,2026-07-28,FO,NSE,IDO,70804,,BANKNIFTY,,2027-06-29,2027-06-29,66000.00,CE,BANKNIFTY27JUN66000CE,0.00,0.00,0.00,3102.40,0.00,3102.40,56755.60,2540.40,0,0,0,0.00,0,F1,30,,,,,
2026-07-28,2026-07-28,FO,NSE,IDO,61640,,BANKNIFTY,,2026-07-28,2026-07-28,48200.00,PE,BANKNIFTY26JUL48200PE,0.50,1.50,0.05,0.05,0.05,1.30,56755.60,56755.60,3210,-2700,273,394761162.00,66,F1,30,,,,,
2026-07-28,2026-07-28,FO,NSE,IDO,61676,,BANKNIFTY,,2026-07-28,2026-07-28,49700.00,PE,BANKNIFTY26JUL49700PE,4.80,4.80,0.10,0.10,0.10,1.25,56755.60,56755.60,360,-150,69,102883374.00,24,F1,30,,,,,
2026-07-28,2026-07-28,FO,NSE,IDO,61707,,BANKNIFTY,,2026-07-28,2026-07-28,51000.00,PE,BANKNIFTY26JUL51000PE,0.75,1.25,0.05,0.10,0.10,0.75,56755.60,56755.60,82710,-41400,7447,11394005311.50,1354,F1,30,,,,,
2026-07-28,2026-07-28,FO,NSE,IDO,61718,,BANKNIFTY,,2026-07-28,2026-07-28,51500.00,PE,BANKNIFTY26JUL51500PE,0.85,1.40,0.05,0.05,0.05,0.85,56755.60,56755.60,40890,-31740,6460,9980795224.50,1508,F1,30,,,,,
2026-07-28,2026-07-28,FO,NSE,IDO,61751,,BANKNIFTY,,2026-07-28,2026-07-28,52700.00,PE,BANKNIFTY26JUL52700PE,0.85,1.95,0.05,0.30,0.05,1.70,56755.60,56755.60,5280,-1050,504,796836936.00,105,F1,30,,,,,
2026-07-28,2026-07-28,FO,NSE,IDO,61757,,BANKNIFTY,,2026-07-28,2026-07-28,53000.00,PE,BANKNIFTY26JUL53000PE,1.25,1.45,0.05,0.10,0.05,1.35,56755.60,56755.60,365580,-72750,41590,66128959806.00,10631,F1,30,,,,,
2026-07-28,2026-07-28,FO,NSE,IDO,61808,,BANKNIFTY,,2026-07-28,2026-07-28,54800.00,PE,BANKNIFTY26JUL54800PE,2.10,2.10,0.05,0.35,0.05,2.75,56755.60,56755.60,178530,111990,38212,62821584154.50,10441,F1,30,,,,,
2026-07-28,2026-07-28,FO,NSE,IDO,61838,,BANKNIFTY,,2026-07-28,2026-07-28,56100.00,PE,BANKNIFTY26JUL56100PE,9.85,9.90,0.05,0.25,0.05,10.55,56755.60,56755.60,234720,-50640,251241,422858229480.00,66262,F1,30,,,,,
2026-07-28,2026-07-28,FO,NSE,IDO,61842,,BANKNIFTY,,2026-07-28,2026-07-28,56300.00,PE,BANKNIFTY26JUL56300PE,15.85,18.40,0.05,0.30,0.05,15.55,56755.60,56755.60,289230,-1680,493281,833210425396.50,154480,F1,30,,,,,
2026-07-28,2026-07-28,FO,NSE,IDO,61940,,BANKNIFTY,,2026-07-28,2026-07-28,59500.00,PE,BANKNIFTY26JUL59500PE,2550.00,2820.25,2477.00,2760.60,2752.65,2343.40,56755.60,56755.60,20490,-3210,451,840168717.00,268,F1,30,,,,,
2026-07-28,2026-07-28,FO,NSE,IDO,61966,,BANKNIFTY,,2026-07-28,2026-07-28,60200.00,PE,BANKNIFTY26JUL60200PE,0.00,0.00,0.00,1825.00,1825.00,1825.00,56755.60,56755.60,330,0,0,0.00,0,F1,30,,,,,
2026-07-28,2026-07-28,FO,NSE,IDO,52335,,BANKNIFTY,,2026-09-29,2026-09-29,57000.00,PE,BANKNIFTY26SEP57000PE,1040.65,1120.00,973.00,1099.55,1090.70,952.25,56755.60,1099.55,131850,-720,893,1555434534.00,599,F1,30,,,,,
2026-07-28,2026-07-28,FO,NSE,IDO,69821,,BANKNIFTY,,2026-09-29,2026-09-29,57400.00,PE,BANKNIFTY26SEP57400PE,0.00,0.00,0.00,1929.10,0.00,1929.10,56755.60,1960.30,0,0,0,0.00,0,F1,30,,,,,
2026-07-28,2026-07-28,FO,NSE,IDO,69916,,BANKNIFTY,,2026-09-29,2026-09-29,59300.00,PE,BANKNIFTY26SEP59300PE,0.00,0.00,0.00,2892.60,0.00,2892.60,56755.60,3069.70,0,0,0,0.00,0,F1,30,,,,,
2026-07-28,2026-07-28,FO,NSE,IDO,69945,,BANKNIFTY,,2026-09-29,2026-09-29,59500.00,PE,BANKNIFTY26SEP59500PE,0.00,0.00,0.00,2707.60,2707.60,2707.60,56755.60,3201.95,420,0,0,0.00,0,F1,30,,,,,
2026-07-28,2026-07-28,FO,NSE,IDO,70034,,BANKNIFTY,,2026-09-29,2026-09-29,61200.00,PE,BANKNIFTY26SEP61200PE,0.00,0.00,0.00,4076.75,0.00,4076.75,56755.60,4431.75,0,0,0,0.00,0,F1,30,,,,,
2026-07-28,2026-07-28,FO,NSE,IDO,70090,,BANKNIFTY,,2026-09-29,2026-09-29,62600.00,PE,BANKNIFTY26SEP62600PE,0.00,0.00,0.00,5077.95,0.00,5077.95,56755.60,5564.40,0,0,0,0.00,0,F1,30,,,,,
2026-07-28,2026-07-28,FO,NSE,IDO,70094,,BANKNIFTY,,2026-09-29,2026-09-29,62800.00,PE,BANKNIFTY26SEP62800PE,0.00,0.00,0.00,5228.65,0.00,5228.65,56755.60,5733.50,0,0,0,0.00,0,F1,30,,,,,
2026-07-28,2026-07-28,FO,NSE,IDO,62040,,BANKNIFTY,,2026-07-28,2026-07-28,62200.00,PE,BANKNIFTY26JUL62200PE,5264.10,5378.45,5252.45,5378.45,5378.45,5521.70,56755.60,56755.60,540,-60,11,22265884.50,4,F1,30,,,,,
2026-07-28,2026-07-28,FO,NSE,IDO,62042,,BANKNIFTY,,2026-07-28,2026-07-28,62300.00,PE,BANKNIFTY26JUL62300PE,0.00,0.00,0.00,6554.05,0.00,6554.05,56755.60,56755.60,0,0,0,0.00,0,F1,30,,,,,
2026-07-28,2026-07-28,FO,NSE,IDO,62144,,BANKNIFTY,,2026-07-28,2026-07-28,65500.00,PE,BANKNIFTY26JUL65500PE,8734.60,8814.25,8500.00,8781.40,8761.70,8358.90,56755.60,56755.60,1500,-900,53,117947530.50,43,F1,30,,,,,
2026-07-28,2026-07-28,FO,NSE,IDO,52420,,BANKNIFTY,,2026-09-29,2026-09-29,66000.00,CE,BANKNIFTY26SEP66000CE,0.00,0.00,0.00,1369.25,0.00,1369.25,56755.60,121.15,0,0,0,0.00,0,F1,30,,,,,
2026-07-28,2026-07-28,FO,NSE,IDO,53220,,BANKNIFTY,,2026-12-29,2026-12-29,51000.00,CE,BANKNIFTY26DEC51000CE,0.00,0.00,0.00,11516.25,0.00,11516.25,56755.60,7767.95,0,0,0,0.00,0,F1,30,,,,,
2026-07-28,2026-07-28,FO,NSE,IDO,53235,,BANKNIFTY,,2026-12-29,2026-12-29,58500.00,CE,BANKNIFTY26DEC58500CE,2222.00,2222.00,2050.00,2050.00,2050.00,2230.00,56755.60,3007.50,1620,300,15,27272338.50,7,F1,30,,,,,
2026-07-28,2026-07-28,FO,NSE,IDO,53250,,BANKNIFTY,,2026-12-29,2026-12-29,66000.00,CE,BANKNIFTY26DEC66000CE,0.00,0.00,0.00,2499.10,0.00,2499.10,56755.60,813.70,0,0,0,0.00,0,F1,30,,,,,
2026-07-28,2026-07-28,FO,NSE,IDO,76398,,BANKNIFTY,,2027-03-30,2027-03-30,57000.00,CE,BANKNIFTY27MAR57000CE,0.00,0.00,0.00,2831.15,0.00,2831.15,56755.60,5014.45,0,0,0,0.00,0,F1,30,,,,,
2026-07-28,2026-07-28,FO,NSE,IDO,76429,,BANKNIFTY,,2027-03-30,2027-03-30,64500.00,CE,BANKNIFTY27MAR64500CE,0.00,0.00,0.00,1094.95,0.00,1094.95,56755.60,2037.85,0,0,0,0.00,0,F1,30,,,,,
2026-07-28,2026-07-28,FO,NSE,IDO,61729,,BANKNIFTY,,2026-07-28,2026-07-28,51900.00,CE,BANKNIFTY26JUL51900CE,0.00,0.00,0.00,4987.55,0.00,4987.55,56755.60,56755.60,0,0,0,0.00,0,F1,30,,,,,
2026-07-28,2026-07-28,FO,NSE,IDO,61752,,BANKNIFTY,,2026-07-28,2026-07-28,52800.00,CE,BANKNIFTY26JUL52800CE,0.00,0.00,0.00,5130.20,5130.20,5130.20,56755.60,56755.60,390,0,0,0.00,0,F1,30,,,,,
2026-07-28,2026-07-28,FO,NSE,IDO,61758,,BANKNIFTY,,2026-07-28,2026-07-28,53100.00,CE,BANKNIFTY26JUL53100CE,0.00,0.00,0.00,4112.25,4112.25,4112.25,56755.60,56755.60,210,0,0,0.00,0,F1,30,,,,,
2026-07-28,2026-07-28,FO,NSE,IDO,61766,,BANKNIFTY,,2026-07-28,2026-07-28,53500.00,CE,BANKNIFTY26JUL53500CE,3606.75,3606.75,3262.00,3268.90,3270.90,3663.75,56755.60,56755.60,3480,-4620,235,401781685.50,183,F1,30,,,,,
2026-07-28,2026-07-28,FO,NSE,IDO,61787,,BANKNIFTY,,2026-07-28,2026-07-28,54100.00,CE,BANKNIFTY26JUL54100CE,0.00,0.00,0.00,3288.95,3288.95,3288.95,56755.60,56755.60,780,0,0,0.00,0,F1,30,,,,,
2026-07-28,2026-07-28,FO,NSE,IDO,61791,,BANKNIFTY,,2026-07-28,2026-07-28,54300.00,CE,BANKNIFTY26JUL54300CE,2598.35,2598.35,2501.75,2503.80,2503.80,2535.00,56755.60,56755.60,360,-90,8,13636120.50,8,F1,30,,,,,
2026-07-28,2026-07-28,FO,NSE,IDO,61885,,BANKNIFTY,,2026-07-28,2026-07-28,57800.00,CE,BANKNIFTY26JUL57800CE,13.95,13.95,0.05,0.55,0.05,29.85,56755.60,56755.60,665280,188640,382817,663839394493.50,113969,F1,30,,,,,
2026-07-28,2026-07-28,FO,NSE,IDO,61891,,BANKNIFTY,,2026-07-28,2026-07-28,58100.00,CE,BANKNIFTY26JUL58100CE,7.05,7.05,0.05,0.50,0.05,14.80,56755.60,56755.60,535770,98790,312395,544524887187.00,104901,F1,30,,,,,
2026-07-28,2026-07-28,FO,NSE,IDO,61899,,BANKNIFTY,,2026-07-28,2026-07-28,58400.00,CE,BANKNIFTY26JUL58400CE,3.35,4.15,0.05,0.55,0.10,8.65,56755.60,56755.60,284730,-83490,198975,348616212055.50,75877,F1,30,,,,,
2026-07-28,2026-07-28,FO,NSE,IDO,61947,,BANKNIFTY,,2026-07-28,2026-07-28,59700.00,CE,BANKNIFTY26JUL59700CE,2.25,3.50,0.05,0.55,0.05,2.25,56755.60,56755.60,47460,-13050,22407,40131768898.50,7493,F1,30,,,,,
2026-07-28,2026-07-28,FO,NSE,IDO,61949,,BANKNIFTY,,2026-07-28,2026-07-28,59800.00,CE,BANKNIFTY26JUL59800CE,2.30,2.40,0.05,0.60,0.05,2.30,56755.60,56755.60,113220,44310,30385,54511776784.50,10194,F1,30,,,,,
2026-07-28,2026-07-28,FO,NSE,IDO,62005,,BANKNIFTY,,2026-07-28,2026-07-28,61200.00,CE,BANKNIFTY26JUL61200CE,1.30,3.40,0.05,1.00,0.15,1.75,56755.60,56755.60,26340,-10830,3313,6082770255.00,1387,F1,30,,,,,
2026-07-28,2026-07-28,FO,NSE,IDO,61654,,BANKNIFTY,,2026-07-28,2026-07-28,48800.00,PE,BANKNIFTY26JUL48800PE,0.45,0.75,0.10,0.10,0.10,1.75,56755.60,56755.60,690,-240,23,33672235.50,13,F1,30,,,,,
2026-07-28,2026-07-28,FO,NSE,IDO,61690,,BANKNIFTY,,2026-07-28,2026-07-28,50200.00,PE,BANKNIFTY26JUL50200PE,0.65,0.90,0.05,0.20,0.20,0.95,56755.60,56755.60,2910,-180,58,87348546.00,11,F1,30,,,,,
2026-07-28,2026-07-28,FO,NSE,IDO,61738,,BANKNIFTY,,2026-07-28,2026-07-28,52200.00,PE,BANKNIFTY26JUL52200PE,0.90,3.40,0.05,0.20,0.25,1.45,56755.60,56755.60,3120,-4260,448,701578809.00,138,F1,30,,,,,
2026-07-28,2026-07-28,FO,NSE,IDO,61777,,BANKNIFTY,,2026-07-28,2026-07-28,53700.00,PE,BANKNIFTY26JUL53700PE,0.95,1.90,0.05,0.15,0.05,2.20,56755.60,56755.60,15150,-6780,2095,3375120457.50,978,F1,30,,,,,
2026-07-28,2026-07-28,FO,NSE,IDO,61870,,BANKNIFTY,,2026-07-28,2026-07-28,57100.00,PE,BANKNIFTY26JUL57100PE,181.00,417.20,129.00,355.40,343.85,153.30,56755.60,56755.60,467940,66330,872611,1500529707994.50,469323,F1,30,,,,,
2026-07-28,2026-07-28,FO,NSE,IDO,61874,,BANKNIFTY,,2026-07-28,2026-07-28,57300.00,PE,BANKNIFTY26JUL57300PE,265.00,614.65,265.00,557.35,542.00,257.10,56755.60,56755.60,142380,-120780,133054,230297128320.00,76172,F1,30,,,,,
2026-07-28,2026-07-28,FO,NSE,IDO,61912,,BANKNIFTY,,2026-07-28,2026-07-28,58800.00,PE,BANKNIFTY26JUL58800PE,1796.90,2122.00,1780.80,2099.50,2070.00,1641.15,56755.60,56755.60,19200,-1620,207,376800471.00,114,F1,30,,,,,
2026-07-28,2026-07-28,FO,NSE,IDO,61920,,BANKNIFTY,,2026-07-28,2026-07-28,59100.00,PE,BANKNIFTY26JUL59100PE,2306.75,2403.25,2076.60,2380.20,2350.00,1997.45,56755.60,56755.60,12330,-60,144,264920740.50,77,F1,30,,,,,
2026-07-28,2026-07-28,FO,NSE,IDO,61970,,BANKNIFTY,,2026-07-28,2026-07-28,60400.00,PE,BANKNIFTY26JUL60400PE,0.00,0.00,0.00,2350.00,2350.00,2350.00,56755.60,56755.60,150,0,0,0.00,0,F1,30,,,,,
2026-07-28,2026-07-28,FO,NSE,IDO,62030,,BANKNIFTY,,2026-07-28,2026-07-28,61900.00,PE,BANKNIFTY26JUL61900PE,0.00,0.00,0.00,6223.15,0.00,6223.15,56755.60,56755.60,0,0,0,0.00,0,F1,30,,,,,
2026-07-28,2026-07-28,FO,NSE,IDO,62017,,BANKNIFTY,,2026-07-28,2026-07-28,61500.00,CE,BANKNIFTY26JUL61500CE,0.70,20.90,0.05,2.65,0.10,0.90,56755.60,56755.60,428850,289200,70710,130464606763.50,16871,F1,30,,,,,
2026-07-28,2026-07-28,FO,NSE,IDO,61625,,BANKNIFTY,,2026-07-28,2026-07-28,47500.00,CE,BANKNIFTY26JUL47500CE,0.00,0.00,0.00,8713.35,0.00,8713.35,56755.60,56755.60,0,0,0,0.00,0,F1,30,,,,,
2026-07-28,2026-07-28,FO,NSE,IDO,76426,,BANKNIFTY,,2027-03-30,2027-03-30,63000.00,PE,BANKNIFTY27MAR63000PE,0.00,0.00,0.00,9669.30,0.00,9669.30,56755.60,5984.55,0,0,0,0.00,0,F1,30,,,,,
2026-07-28,2026-07-28,FO,NSE,IDO,76395,,BANKNIFTY,,2027-03-30,2027-03-30,54000.00,PE,BANKNIFTY27MAR54000PE,0.00,0.00,0.00,3928.75,0.00,3928.75,56755.60,1689.65,0,0,0,0.00,0,F1,30,,,,,
2026-07-28,2026-07-28,FO,NSE,IDO,70112,,BANKNIFTY,,2026-09-29,2026-09-29,63800.00,PE,BANKNIFTY26SEP63800PE,0.00,0.00,0.00,6004.90,0.00,6004.90,56755.60,6601.90,0,0,0,0.00,0,F1,30,,,,,
2026-07-28,2026-07-28,FO,NSE,IDO,62035,,BANKNIFTY,,2026-07-28,2026-07-28,62200.00,CE,BANKNIFTY26JUL62200CE,1.55,2.90,0.05,0.90,0.10,1.55,56755.60,56755.60,5760,-3630,500,933012150.00,157,F1,30,,,,,
2026-07-28,2026-07-28,FO,NSE,IDO,62079,,BANKNIFTY,,2026-07-28,2026-07-28,63300.00,CE,BANKNIFTY26JUL63300CE,0.90,1.00,0.05,0.55,0.05,0.85,56755.60,56755.60,3450,-1560,162,307640061.00,29,F1,30,,,,,
2026-07-28,2026-07-28,FO,NSE,IDO,62099,,BANKNIFTY,,2026-07-28,2026-07-28,64200.00,CE,BANKNIFTY26JUL64200CE,0.60,1.00,0.15,0.45,0.45,0.75,56755.60,56755.60,3840,-2880,230,442983159.00,43,F1,30,,,,,
2026-07-28,2026-07-28,FO,NSE,IDO,62131,,BANKNIFTY,,2026-07-28,2026-07-28,65000.00,CE,BANKNIFTY26JUL65000CE,0.80,4.00,0.05,0.20,0.05,0.80,56755.60,56755.60,127680,-178770,57436,112001843656.50,10087,F1,30,,,,,
2026-07-28,2026-07-28,FO,NSE,IDO,58920,,BANKNIFTY,,2026-08-25,2026-08-25,52000.00,CE,BANKNIFTY26AUG52000CE,5130.00,5200.00,4942.85,4974.55,5021.70,5361.20,56755.60,4974.55,19200,1800,131,224101344.00,108,F1,30,,,,,
2026-07-28,2026-07-28,FO,NSE,IDO,58930,,BANKNIFTY,,2026-08-25,2026-08-25,52500.00,CE,BANKNIFTY26AUG52500CE,0.00,0.00,0.00,4850.00,4850.00,4850.00,56755.60,4608.65,330,0,0,0.00,0,F1,30,,,,,
2026-07-28,2026-07-28,FO,NSE,IDO,62067,,BANKNIFTY,,2026-07-28,2026-07-28,62800.00,PE,BANKNIFTY26JUL62800PE,0.00,0.00,0.00,6975.50,0.00,6975.50,56755.60,56755.60,0,0,0,0.00,0,F1,30,,,,,
2026-07-28,2026-07-28,FO,NSE,IDO,62090,,BANKNIFTY,,2026-07-28,2026-07-28,63700.00,PE,BANKNIFTY26JUL63700PE,0.00,0.00,0.00,7753.90,0.00,7753.90,56755.60,56755.60,0,0,0,0.00,0,F1,30,,,,,
2026-07-28,2026-07-28,FO,NSE,IDO,58779,,BANKNIFTY,,2026-08-25,2026-08-25,48500.00,PE,BANKNIFTY26AUG48500PE,15.50,18.75,13.05,17.65,16.15,15.50,56755.60,17.65,4050,3390,124,180485115.00,65,F1,30,,,,,
2026-07-28,2026-07-28,FO,NSE,IDO,58845,,BANKNIFTY,,2026-08-25,2026-08-25,49700.00,PE,BANKNIFTY26AUG49700PE,19.80,20.15,17.80,17.80,17.80,20.10,56755.60,17.80,390,270,11,16407496.50,5,F1,30,,,,,
2026-07-28,2026-07-28,FO,NSE,IDO,58885,,BANKNIFTY,,2026-08-25,2026-08-25,51300.00,PE,BANKNIFTY26AUG51300PE,33.50,37.25,31.80,35.15,34.20,33.50,56755.60,35.15,900,600,33,50821656.00,9,F1,30,,,,,
2026-07-28,2026-07-28,FO,NSE,IDO,58963,,BANKNIFTY,,2026-08-25,2026-08-25,53600.00,PE,BANKNIFTY26AUG53600PE,111.60,115.15,94.80,106.15,103.45,97.25,56755.60,106.15,7560,4260,310,499460170.50,167,F1,30,,,,,
2026-07-28,2026-07-28,FO,NSE,IDO,58977,,BANKNIFTY,,2026-08-25,2026-08-25,53900.00,PE,BANKNIFTY26AUG53900PE,124.00,139.50,118.35,128.90,129.85,116.40,56755.60,128.90,4260,1200,138,223685916.00,74,F1,30,,,,,
2026-07-28,2026-07-28,FO,NSE,IDO,59087,,BANKNIFTY,,2026-08-25,2026-08-25,57300.00,PE,BANKNIFTY26AUG57300PE,750.00,1073.45,750.00,1045.00,1029.00,862.30,56755.60,1045.00,29460,-2850,1325,2317417657.50,937,F1,30,,,,,
2026-07-28,2026-07-28,FO,NSE,IDO,59152,,BANKNIFTY,,2026-08-25,2026-08-25,59300.00,PE,BANKNIFTY26AUG59300PE,2434.85,2449.60,2434.85,2442.25,2449.60,2180.00,56755.60,2442.25,1920,-30,2,3704533.50,2,F1,30,,,,,
2026-07-28,2026-07-28,FO,NSE,IDO,59213,,BANKNIFTY,,2026-08-25,2026-08-25,60700.00,PE,BANKNIFTY26AUG60700PE,0.00,0.00,0.00,2552.30,2552.30,2552.30,56755.60,3904.40,30,0,0,0.00,0,F1,30,,,,,
2026-07-28,2026-07-28,FO,NSE,IDO,59285,,BANKNIFTY,,2026-08-25,2026-08-25,62900.00,PE,BANKNIFTY26AUG62900PE,0.00,0.00,0.00,7299.95,0.00,7299.95,56755.60,5916.10,0,0,0,0.00,0,F1,30,,,,,
2026-07-28,2026-07-28,FO,NSE,IDO,59289,,BANKNIFTY,,2026-08-25,2026-08-25,63100.00,PE,BANKNIFTY26AUG63100PE,0.00,0.00,0.00,7473.30,0.00,7473.30,56755.60,6107.20,0,0,0,0.00,0,F1,30,,,,,
2026-07-28,2026-07-28,FO,NSE,IDO,52265,,BANKNIFTY,,2026-09-29,2026-09-29,43500.00,PE,BANKNIFTY26SEP43500PE,0.00,0.00,0.00,23.00,23.00,23.00,56755.60,0.85,960,0,0,0.00,0,F1,30,,,,,
2026-07-28,2026-07-28,FO,NSE,IDO,52283,,BANKNIFTY,,2026-09-29,2026-09-29,51000.00,PE,BANKNIFTY26SEP51000PE,85.00,96.95,80.55,89.05,87.00,85.00,56755.60,89.05,16470,720,106,162458832.00,45,F1,30,,,,,
2026-07-28,2026-07-28,FO,NSE,IDO,69671,,BANKNIFTY,,2026-09-29,2026-09-29,52200.00,PE,BANKNIFTY26SEP52200PE,0.00,0.00,0.00,422.10,0.00,422.10,56755.60,325.80,0,0,0,0.00,0,F1,30,,,,,
2026-07-28,2026-07-28,FO,NSE,IDO,58955,,BANKNIFTY,,2026-08-25,2026-08-25,53300.00,CE,BANKNIFTY26AUG53300CE,0.00,0.00,0.00,3800.00,0.00,3800.00,56755.60,3894.65,0,0,0,0.00,0,F1,30,,,,,
2026-07-28,2026-07-28,FO,NSE,IDO,58962,,BANKNIFTY,,2026-08-25,2026-08-25,53600.00,CE,BANKNIFTY26AUG53600CE,0.00,0.00,0.00,3523.55,3523.55,3523.55,56755.60,3637.35,180,0,0,0.00,0,F1,30,,,,,
2026-07-28,2026-07-28,FO,NSE,IDO,69764,,BANKNIFTY,,2026-09-29,2026-09-29,54800.00,PE,BANKNIFTY26SEP54800PE,878.15,878.15,878.15,878.15,878.15,981.45,56755.60,899.60,120,120,4,6681378.00,1,F1,30,,,,,
2026-07-28,2026-07-28,FO,NSE,IDO,69784,,BANKNIFTY,,2026-09-29,2026-09-29,55800.00,PE,BANKNIFTY26SEP55800PE,0.00,0.00,0.00,1296.25,0.00,1296.25,56755.60,1245.00,0,0,0,0.00,0,F1,30,,,,,
2026-07-28,2026-07-28,FO,NSE,IDO,69786,,BANKNIFTY,,2026-09-29,2026-09-29,55900.00,PE,BANKNIFTY26SEP55900PE,0.00,0.00,0.00,981.55,981.55,981.55,56755.60,1283.75,570,0,0,0.00,0,F1,30,,,,,
2026-07-28,2026-07-28,FO,NSE,IDO,69816,,BANKNIFTY,,2026-09-29,2026-09-29,57200.00,PE,BANKNIFTY26SEP57200PE,0.00,0.00,0.00,1841.10,0.00,1841.10,56755.60,1859.70,0,0,0,0.00,0,F1,30,,,,,
2026-07-28,2026-07-28,FO,NSE,IDO,69825,,BANKNIFTY,,2026-09-29,2026-09-29,57600.00,PE,BANKNIFTY26SEP57600PE,0.00,0.00,0.00,2019.70,0.00,2019.70,56755.60,2064.05,0,0,0,0.00,0,F1,30,,,,,
2026-07-28,2026-07-28,FO,NSE,IDO,69900,,BANKNIFTY,,2026-09-29,2026-09-29,59200.00,PE,BANKNIFTY26SEP59200PE,0.00,0.00,0.00,2836.20,0.00,2836.20,56755.60,3004.65,0,0,0,0.00,0,F1,30,,,,,
2026-07-28,2026-07-28,FO,NSE,IDO,70044,,BANKNIFTY,,2026-09-29,2026-09-29,61700.00,PE,BANKNIFTY26SEP61700PE,0.00,0.00,0.00,4421.90,0.00,4421.90,56755.60,4825.25,0,0,0,0.00,0,F1,30,,,,,
2026-07-28,2026-07-28,FO,NSE,IDO,70104,,BANKNIFTY,,2026-09-29,2026-09-29,63400.00,PE,BANKNIFTY26SEP63400PE,0.00,0.00,0.00,5688.50,0.00,5688.50,56755.60,6250.25,0,0,0,0.00,0,F1,30,,,,,
2026-07-28,2026-07-28,FO,NSE,IDO,70106,,BANKNIFTY,,2026-09-29,2026-09-29,63500.00,PE,BANKNIFTY26SEP63500PE,0.00,0.00,0.00,5767.00,0.00,5767.00,56755.60,6337.65,0,0,0,0.00,0,F1,30,,,,,
2026-07-28,2026-07-28,FO,NSE,IDO,70025,,BANKNIFTY,,2026-09-29,2026-09-29,60800.00,CE,BANKNIFTY26SEP60800CE,0.00,0.00,0.00,1485.75,0.00,1485.75,56755.60,775.00,0,0,0,0.00,0,F1,30,,,,,
2026-07-28,2026-07-28,FO,NSE,IDO,69917,,BANKNIFTY,,2026-09-29,2026-09-29,59400.00,CE,BANKNIFTY26SEP59400CE,0.00,0.00,0.00,2003.60,0.00,2003.60,56755.60,1165.95,0,0,0,0.00,0,F1,30,,,,,
2026-07-28,2026-07-28,FO,NSE,IDO,69870,,BANKNIFTY,,2026-09-29,2026-09-29,58800.00,CE,BANKNIFTY26SEP58800CE,0.00,0.00,0.00,2261.70,0.00,2261.70,56755.60,1375.20,0,0,0,0.00,0,F1,30,,,,,
2026-07-28,2026-07-28,FO,NSE,IDO,70801,,BANKNIFTY,,2027-06-29,2027-06-29,63000.00,PE,BANKNIFTY27JUN63000PE,0.00,0.00,0.00,5804.40,0.00,5804.40,56755.60,5998.85,0,0,0,0.00,0,F1,30,,,,,
2026-07-28,2026-07-28,FO,NSE,IDO,59044,,BANKNIFTY,,2026-08-25,2026-08-25,56200.00,CE,BANKNIFTY26AUG56200CE,1520.60,1535.00,1340.20,1376.60,1393.50,1651.45,56755.60,1376.60,8400,-210,348,601742589.00,171,F1,30,,,,,
2026-07-28,2026-07-28,FO,NSE,IDO,59092,,BANKNIFTY,,2026-08-25,2026-08-25,57600.00,CE,BANKNIFTY26AUG57600CE,745.50,762.60,596.95,613.50,626.65,795.20,56755.60,613.50,39510,3390,1435,2508054708.00,1089,F1,30,,,,,
2026-07-28,2026-07-28,FO,NSE,IDO,59126,,BANKNIFTY,,2026-08-25,2026-08-25,58500.00,CE,BANKNIFTY26AUG58500CE,401.10,418.25,307.00,321.55,329.00,425.35,56755.60,321.55,382800,55740,15512,27384338629.50,9262,F1,30,,,,,
2026-07-28,2026-07-28,FO,NSE,IDO,59183,,BANKNIFTY,,2026-08-25,2026-08-25,60300.00,CE,BANKNIFTY26AUG60300CE,0.00,0.00,0.00,858.50,0.00,858.50,56755.60,300.30,0,0,0,0.00,0,F1,30,,,,,
2026-07-28,2026-07-28,FO,NSE,IDO,59260,,BANKNIFTY,,2026-08-25,2026-08-25,62300.00,CE,BANKNIFTY26AUG62300CE,0.00,0.00,0.00,500.60,0.00,500.60,56755.60,94.15,0,0,0,0.00,0,F1,30,,,,,
2026-07-28,2026-07-28,FO,NSE,IDO,59280,,BANKNIFTY,,2026-08-25,2026-08-25,62800.00,CE,BANKNIFTY26AUG62800CE,0.00,0.00,0.00,434.40,0.00,434.40,56755.60,68.25,0,0,0,0.00,0,F1,30,,,,,
2026-07-28,2026-07-28,FO,NSE,IDO,59290,,BANKNIFTY,,2026-08-25,2026-08-25,63200.00,CE,BANKNIFTY26AUG63200CE,0.00,0.00,0.00,387.00,0.00,387.00,56755.60,52.30,0,0,0,0.00,0,F1,30,,,,,
2026-07-28,2026-07-28,FO,NSE,IDO,52272,,BANKNIFTY,,2026-09-29,2026-09-29,48000.00,CE,BANKNIFTY26SEP48000CE,0.00,0.00,0.00,10129.10,10129.10,10129.10,56755.60,9333.40,150,0,0,0.00,0,F1,30,,,,,
2026-07-28,2026-07-28,FO,NSE,IDO,52280,,BANKNIFTY,,2026-09-29,2026-09-29,49500.00,CE,BANKNIFTY26SEP49500CE,0.00,0.00,0.00,8922.65,0.00,8922.65,56755.60,7900.45,0,0,0,0.00,0,F1,30,,,,,
2026-07-28,2026-07-28,FO,NSE,IDO,69660,,BANKNIFTY,,2026-09-29,2026-09-29,51700.00,CE,BANKNIFTY26SEP51700CE,0.00,0.00,0.00,6986.65,0.00,6986.65,56755.60,5902.40,0,0,0,0.00,0,F1,30,,,,,
2026-07-28,2026-07-28,FO,NSE,IDO,69698,,BANKNIFTY,,2026-09-29,2026-09-29,53700.00,CE,BANKNIFTY26SEP53700CE,0.00,0.00,0.00,5369.65,0.00,5369.65,56755.60,4270.65,0,0,0,0.00,0,F1,30,,,,,
2026-07-28,2026-07-28,FO,NSE,IDO,69702,,BANKNIFTY,,2026-09-29,2026-09-29,53900.00,CE,BANKNIFTY26SEP53900CE,0.00,0.00,0.00,5218.60,0.00,5218.60,56755.60,4120.45,0,0,0,0.00,0,F1,30,,,,,
2026-07-28,2026-07-28,FO,NSE,IDO,69781,,BANKNIFTY,,2026-09-29,2026-09-29,55700.00,CE,BANKNIFTY26SEP55700CE,0.00,0.00,0.00,3959.30,0.00,3959.30,56755.60,2895.45,0,0,0,0.00,0,F1,30,,,,,
2026-07-28,2026-07-28,FO,NSE,IDO,69824,,BANKNIFTY,,2026-09-29,2026-09-29,57600.00,CE,BANKNIFTY26SEP57600CE,0.00,0.00,0.00,1385.60,1385.60,1385.60,56755.60,1874.05,1710,0,0,0.00,0,F1,30,,,,,
2026-07-28,2026-07-28,FO,NSE,IDO,69838,,BANKNIFTY,,2026-09-29,2026-09-29,58000.00,CE,BANKNIFTY26SEP58000CE,1116.35,1150.65,975.00,998.05,1014.05,1188.55,56755.60,998.05,161580,23820,1536,2720316456.00,1334,F1,30,,,,,
2026-07-28,2026-07-28,FO,NSE,IDO,61667,,BANKNIFTY,,2026-07-28,2026-07-28,49400.00,CE,BANKNIFTY26JUL49400CE,0.00,0.00,0.00,7010.60,0.00,7010.60,56755.60,56755.60,0,0,0,0.00,0,F1,30,,,,,
2026-07-28,2026-07-28,FO,NSE,IDO,61689,,BANKNIFTY,,2026-07-28,2026-07-28,50200.00,CE,BANKNIFTY26JUL50200CE,0.00,0.00,0.00,8050.00,8050.00,8050.00,56755.60,56755.60,30,0,0,0.00,0,F1,30,,,,,
2026-07-28,2026-07-28,FO,NSE,IDO,61691,,BANKNIFTY,,2026-07-28,2026-07-28,50300.00,CE,BANKNIFTY26JUL50300CE,0.00,0.00,0.00,6248.85,0.00,6248.85,56755.60,56755.60,0,0,0,0.00,0,F1,30,,,,,
2026-07-28,2026-07-28,FO,NSE,IDO,70029,,BANKNIFTY,,2026-09-29,2026-09-29,61000.00,CE,BANKNIFTY26SEP61000CE,243.70,253.50,208.15,210.50,219.15,256.00,56755.60,210.50,25200,2190,658,1208568313.50,327,F1,30,,,,,
2026-07-28,2026-07-28,FO,NSE,IDO,70033,,BANKNIFTY,,2026-09-29,2026-09-29,61200.00,CE,BANKNIFTY26SEP61200CE,0.00,0.00,0.00,1358.35,0.00,1358.35,56755.60,682.65,0,0,0,0.00,0,F1,30,,,,,
2026-07-28,2026-07-28,FO,NSE,IDO,70051,,BANKNIFTY,,2026-09-29,2026-09-29,62000.00,CE,BANKNIFTY26SEP62000CE,145.20,145.20,120.00,121.45,122.40,145.10,56755.60,121.45,22080,720,172,320579868.00,120,F1,30,,,,,
2026-07-28,2026-07-28,FO,NSE,IDO,70154,,BANKNIFTY,,2026-09-29,2026-09-29,65000.00,CE,BANKNIFTY26SEP65000CE,0.00,0.00,0.00,530.10,0.00,530.10,56755.60,179.95,0,0,0,0.00,0,F1,30,,,,,
2026-07-28,2026-07-28,FO,NSE,IDO,61963,,BANKNIFTY,,2026-07-28,2026-07-28,60100.00,CE,BANKNIFTY26JUL60100CE,1.05,2.30,0.05,0.70,0.05,1.65,56755.60,56755.60,119970,55800,13072,23569277932.50,3989,F1,30,,,,,
2026-07-28,2026-07-28,FO,NSE,IDO,61879,,BANKNIFTY,,2026-07-28,2026-07-28,57600.00,CE,BANKNIFTY26JUL57600CE,27.05,27.60,0.05,0.60,0.10,52.80,56755.60,56755.60,357840,-118200,460487,795787476253.50,147767,F1,30,,,,,
2026-07-28,2026-07-28,FO,NSE,IDO,61877,,BANKNIFTY,,2026-07-28,2026-07-28,57500.00,CE,BANKNIFTY26JUL57500CE,36.00,49.90,0.05,0.50,0.05,72.05,56755.60,56755.60,1009830,-131160,1370850,2364984136585.50,316349,F1,30,,,,,
2026-07-28,2026-07-28,FO,NSE,IDO,61875,,BANKNIFTY,,2026-07-28,2026-07-28,57400.00,CE,BANKNIFTY26JUL57400CE,50.00,54.95,0.05,0.50,0.10,97.20,56755.60,56755.60,525390,-13830,888429,1530107888677.50,270242,F1,30,,,,,
2026-07-28,2026-07-28,FO,NSE,IDO,59225,,BANKNIFTY,,2026-08-25,2026-08-25,61000.00,PE,BANKNIFTY26AUG61000PE,3800.00,4040.00,3738.80,4003.40,3954.90,3622.95,56755.60,4003.40,60210,12870,807,1571177601.00,651,F1,30,,,,,
2026-07-28,2026-07-28,FO,NSE,IDO,59279,,BANKNIFTY,,2026-08-25,2026-08-25,62700.00,PE,BANKNIFTY26AUG62700PE,0.00,0.00,0.00,7127.80,0.00,7127.80,56755.60,5726.00,0,0,0,0.00,0,F1,30,,,,,
2026-07-28,2026-07-28,FO,NSE,IDO,59303,,BANKNIFTY,,2026-08-25,2026-08-25,63600.00,PE,BANKNIFTY26AUG63600PE,0.00,0.00,0.00,7911.60,0.00,7911.60,56755.60,6588.70,0,0,0,0.00,0,F1,30,,,,,
2026-07-28,2026-07-28,FO,NSE,IDO,59331,,BANKNIFTY,,2026-08-25,2026-08-25,64500.00,PE,BANKNIFTY26AUG64500PE,0.00,0.00,0.00,8716.60,0.00,8716.60,56755.60,7465.60,0,0,0,0.00,0,F1,30,,,,,
2026-07-28,2026-07-28,FO,NSE,IDO,59387,,BANKNIFTY,,2026-08-25,2026-08-25,66000.00,PE,BANKNIFTY26AUG66000PE,8700.00,8939.85,8623.85,8927.05,8918.25,8549.80,56755.60,8927.05,19320,2850,97,217650175.50,75,F1,30,,,,,
2026-07-28,2026-07-28,FO,NSE,IDO,52269,,BANKNIFTY,,2026-09-29,2026-09-29,45000.00,PE,BANKNIFTY26SEP45000PE,26.00,27.00,24.45,27.00,27.00,26.00,56755.60,27.00,11220,1830,63,85100817.00,18,F1,30,,,,,
2026-07-28,2026-07-28,FO,NSE,IDO,69697,,BANKNIFTY,,2026-09-29,2026-09-29,53600.00,PE,BANKNIFTY26SEP53600PE,0.00,0.00,0.00,680.90,0.00,680.90,56755.60,582.15,0,0,0,0.00,0,F1,30,,,,,
2026-07-28,2026-07-28,FO,NSE,IDO,69760,,BANKNIFTY,,2026-09-29,2026-09-29,54600.00,PE,BANKNIFTY26SEP54600PE,0.00,0.00,0.00,928.20,0.00,928.20,56755.60,839.55,0,0,0,0.00,0,F1,30,,,,,
2026-07-28,2026-07-28,FO,NSE,IDO,61843,,BANKNIFTY,,2026-07-28,2026-07-28,56400.00,CE,BANKNIFTY26JUL56400CE,599.00,674.40,282.50,344.30,354.40,792.85,56755.60,56755.60,41460,-1830,50261,85661215780.50,23027,F1,30,,,,,
2026-07-28,2026-07-28,FO,NSE,IDO,61819,,BANKNIFTY,,2026-07-28,2026-07-28,55400.00,CE,BANKNIFTY26JUL55400CE,1484.00,1557.80,1350.75,1374.25,1370.45,1784.50,56755.60,56755.60,3420,-210,64,109074064.50,38,F1,30,,,,,
2026-07-28,2026-07-28,FO,NSE,IDO,61805,,BANKNIFTY,,2026-07-28,2026-07-28,54700.00,CE,BANKNIFTY26JUL54700CE,2105.00,2132.35,1882.30,1882.30,1882.30,1584.20,56755.60,56755.60,840,-180,8,13627675.50,7,F1,30,,,,,
2026-07-28,2026-07-28,FO,NSE,IDO,61784,,BANKNIFTY,,2026-07-28,2026-07-28,54000.00,CE,BANKNIFTY26JUL54000CE,3075.00,3075.00,2651.05,2709.70,2758.75,3184.35,56755.60,56755.60,18840,-12450,708,1207706548.50,499,F1,30,,,,,
2026-07-28,2026-07-28,FO,NSE,IDO,61708,,BANKNIFTY,,2026-07-28,2026-07-28,51100.00,CE,BANKNIFTY26JUL51100CE,0.00,0.00,0.00,5602.05,0.00,5602.05,56755.60,56755.60,0,0,0,0.00,0,F1,30,,,,,
2026-07-28,2026-07-28,FO,NSE,IDO,61697,,BANKNIFTY,,2026-07-28,2026-07-28,50600.00,CE,BANKNIFTY26JUL50600CE,0.00,0.00,0.00,6002.70,0.00,6002.70,56755.60,56755.60,0,0,0,0.00,0,F1,30,,,,,
2026-07-28,2026-07-28,FO,NSE,IDO,61641,,BANKNIFTY,,2026-07-28,2026-07-28,48300.00,CE,BANKNIFTY26JUL48300CE,0.00,0.00,0.00,7982.95,0.00,7982.95,56755.60,56755.60,0,0,0,0.00,0,F1,30,,,,,
2026-07-28,2026-07-28,FO,NSE,IDO,61639,,BANKNIFTY,,2026-07-28,2026-07-28,48200.00,CE,BANKNIFTY26JUL48200CE,0.00,0.00,0.00,8073.25,0.00,8073.25,56755.60,56755.60,0,0,0,0.00,0,F1,30,,,,,
2026-07-28,2026-07-28,FO,NSE,IDO,58980,,BANKNIFTY,,2026-08-25,2026-08-25,54100.00,CE,BANKNIFTY26AUG54100CE,0.00,0.00,0.00,3304.80,0.00,3304.80,56755.60,3223.70,0,0,0,0.00,0,F1,30,,,,,
2026-07-28,2026-07-28,FO,NSE,IDO,59002,,BANKNIFTY,,2026-08-25,2026-08-25,54900.00,CE,BANKNIFTY26AUG54900CE,0.00,0.00,0.00,2851.80,0.00,2851.80,56755.60,2609.60,0,0,0,0.00,0,F1,30,,,,,
2026-07-28,2026-07-28,FO,NSE,IDO,59006,,BANKNIFTY,,2026-08-25,2026-08-25,55100.00,CE,BANKNIFTY26AUG55100CE,2212.75,2329.85,2212.75,2329.85,2329.85,2745.20,56755.60,2462.95,30,30,2,3442278.00,2,F1,30,,,,,
2026-07-28,2026-07-28,FO,NSE,IDO,59057,,BANKNIFTY,,2026-08-25,2026-08-25,56600.00,CE,BANKNIFTY26AUG56600CE,1331.65,1331.65,1088.50,1114.20,1135.05,1372.50,56755.60,1114.20,16560,4500,1246,2159000200.50,958,F1,30,,,,,
2026-07-28,2026-07-28,FO,NSE,IDO,59205,,BANKNIFTY,,2026-08-25,2026-08-25,60600.00,PE,BANKNIFTY26AUG60600PE,0.00,0.00,0.00,2479.80,2479.80,2479.80,56755.60,3818.50,30,0,0,0.00,0,F1,30,,,,,
2026-07-28,2026-07-28,FO,NSE,IDO,59148,,BANKNIFTY,,2026-08-25,2026-08-25,59100.00,PE,BANKNIFTY26AUG59100PE,2131.00,2149.00,2131.00,2149.00,2149.00,2000.00,56755.60,2616.15,1380,180,12,22046400.00,8,F1,30,,,,,
2026-07-28,2026-07-28,FO,NSE,IDO,59058,,BANKNIFTY,,2026-08-25,2026-08-25,56600.00,PE,BANKNIFTY26AUG56600PE,645.65,744.95,631.50,723.80,706.00,586.95,56755.60,723.80,18750,3510,1796,3087327627.00,1449,F1,30,,,,,
2026-07-28,2026-07-28,FO,NSE,IDO,59009,,BANKNIFTY,,2026-08-25,2026-08-25,55200.00,PE,BANKNIFTY26AUG55200PE,275.50,323.50,270.00,306.85,290.30,258.45,56755.60,306.85,17730,5910,677,1127210917.50,440,F1,30,,,,,
2026-07-28,2026-07-28,FO,NSE,IDO,59003,,BANKNIFTY,,2026-08-25,2026-08-25,54900.00,PE,BANKNIFTY26AUG54900PE,226.65,262.20,205.25,250.35,244.25,215.85,56755.60,250.35,17550,12180,806,1333342980.00,382,F1,30,,,,,
2026-07-28,2026-07-28,FO,NSE,IDO,58979,,BANKNIFTY,,2026-08-25,2026-08-25,54000.00,PE,BANKNIFTY26AUG54000PE,135.20,150.00,123.75,138.95,137.00,124.40,56755.60,138.95,408570,124740,13125,21316583637.00,6586,F1,30,,,,,
2026-07-28,2026-07-28,FO,NSE,IDO,58949,,BANKNIFTY,,2026-08-25,2026-08-25,53200.00,PE,BANKNIFTY26AUG53200PE,86.05,89.95,74.00,82.00,81.65,78.20,56755.60,82.00,6150,1920,144,230172739.50,72,F1,30,,,,,
2026-07-28,2026-07-28,FO,NSE,IDO,58929,,BANKNIFTY,,2026-08-25,2026-08-25,52400.00,PE,BANKNIFTY26AUG52400PE,51.65,57.00,44.30,49.50,49.40,50.40,56755.60,49.50,2460,1620,149,234446355.00,74,F1,30,,,,,
2026-07-28,2026-07-28,FO,NSE,IDO,58863,,BANKNIFTY,,2026-08-25,2026-08-25,50300.00,PE,BANKNIFTY26AUG50300PE,23.55,23.55,23.40,23.40,23.40,23.75,56755.60,16.60,270,240,9,13587340.50,3,F1,30,,,,,
2026-07-28,2026-07-28,FO,NSE,IDO,58861,,BANKNIFTY,,2026-08-25,2026-08-25,50200.00,PE,BANKNIFTY26AUG50200PE,23.15,23.90,20.80,23.70,23.70,24.70,56755.60,23.70,420,120,19,28626793.50,13,F1,30,,,,,
2026-07-28,2026-07-28,FO,NSE,IDO,58809,,BANKNIFTY,,2026-08-25,2026-08-25,48800.00,PE,BANKNIFTY26AUG48800PE,15.00,18.95,15.00,16.75,16.75,260.55,56755.60,3.35,180,180,8,11715780.00,4,F1,30,,,,,
2026-07-28,2026-07-28,FO,NSE,IDO,58755,,BANKNIFTY,,2026-08-25,2026-08-25,47500.00,PE,BANKNIFTY26AUG47500PE,11.00,13.80,10.00,11.55,13.80,12.35,56755.60,11.55,1650,-30,26,37058920.50,21,F1,30,,,,,
2026-07-28,2026-07-28,FO,NSE,IDO,62084,,BANKNIFTY,,2026-07-28,2026-07-28,63400.00,PE,BANKNIFTY26JUL63400PE,0.00,0.00,0.00,7491.80,0.00,7491.80,56755.60,56755.60,0,0,0,0.00,0,F1,30,,,,,
2026-07-28,2026-07-28,FO,NSE,IDO,59059,,BANKNIFTY,,2026-08-25,2026-08-25,56700.00,CE,BANKNIFTY26AUG56700CE,1271.10,1296.35,1030.00,1057.65,1086.00,1311.10,56755.60,1057.65,47040,30360,3926,6806790220.50,2568,F1,30,,,,,
2026-07-28,2026-07-28,FO,NSE,IDO,59061,,BANKNIFTY,,2026-08-25,2026-08-25,56800.00,CE,BANKNIFTY26AUG56800CE,1200.05,1225.95,978.75,1011.50,1029.80,1247.20,56755.60,1011.50,88950,71490,9069,15736773448.50,5985,F1,30,,,,,
2026-07-28,2026-07-28,FO,NSE,IDO,59086,,BANKNIFTY,,2026-08-25,2026-08-25,57300.00,CE,BANKNIFTY26AUG57300CE,885.00,901.90,728.15,747.00,765.00,951.45,56755.60,747.00,77250,10290,2941,5126143926.00,2140,F1,30,,,,,
2026-07-28,2026-07-28,FO,NSE,IDO,59202,,BANKNIFTY,,2026-08-25,2026-08-25,60500.00,CE,BANKNIFTY26AUG60500CE,81.95,82.55,56.95,59.40,61.45,79.30,56755.60,59.40,172170,84030,11383,20682875916.00,5547,F1,30,,,,,
2026-07-28,2026-07-28,FO,NSE,IDO,59204,,BANKNIFTY,,2026-08-25,2026-08-25,60600.00,CE,BANKNIFTY26AUG60600CE,0.00,0.00,0.00,792.50,0.00,792.50,56755.60,255.60,0,0,0,0.00,0,F1,30,,,,,
2026-07-28,2026-07-28,FO,NSE,IDO,59250,,BANKNIFTY,,2026-08-25,2026-08-25,61800.00,CE,BANKNIFTY26AUG61800CE,0.00,0.00,0.00,575.10,0.00,575.10,56755.60,128.20,0,0,0,0.00,0,F1,30,,,,,
2026-07-28,2026-07-28,FO,NSE,IDO,59272,,BANKNIFTY,,2026-08-25,2026-08-25,62600.00,CE,BANKNIFTY26AUG62600CE,0.00,0.00,0.00,459.90,0.00,459.90,56755.60,77.75,0,0,0,0.00,0,F1,30,,,,,
2026-07-28,2026-07-28,FO,NSE,IDO,59274,,BANKNIFTY,,2026-08-25,2026-08-25,62700.00,CE,BANKNIFTY26AUG62700CE,0.00,0.00,0.00,447.00,0.00,447.00,56755.60,72.85,0,0,0,0.00,0,F1,30,,,,,
2026-07-28,2026-07-28,FO,NSE,IDO,59321,,BANKNIFTY,,2026-08-25,2026-08-25,64200.00,CE,BANKNIFTY26AUG64200CE,0.00,0.00,0.00,287.50,0.00,287.50,56755.60,26.00,0,0,0,0.00,0,F1,30,,,,,
2026-07-28,2026-07-28,FO,NSE,IDO,59350,,BANKNIFTY,,2026-08-25,2026-08-25,65500.00,CE,BANKNIFTY26AUG65500CE,8.45,8.45,5.70,6.55,6.50,6.60,56755.60,6.55,4590,1740,170,334084561.50,49,F1,30,,,,,
2026-07-28,2026-07-28,FO,NSE,IDO,69668,,BANKNIFTY,,2026-09-29,2026-09-29,52100.00,CE,BANKNIFTY26SEP52100CE,0.00,0.00,0.00,6649.05,0.00,6649.05,56755.60,5559.10,0,0,0,0.00,0,F1,30,,,,,
2026-07-28,2026-07-28,FO,NSE,IDO,69773,,BANKNIFTY,,2026-09-29,2026-09-29,55200.00,CE,BANKNIFTY26SEP55200CE,0.00,0.00,0.00,4289.75,0.00,4289.75,56755.60,3211.40,0,0,0,0.00,0,F1,30,,,,,
2026-07-28,2026-07-28,FO,NSE,IDO,69777,,BANKNIFTY,,2026-09-29,2026-09-29,55400.00,CE,BANKNIFTY26SEP55400CE,0.00,0.00,0.00,4155.75,0.00,4155.75,56755.60,3082.70,0,0,0,0.00,0,F1,30,,,,,
2026-07-28,2026-07-28,FO,NSE,IDO,69897,,BANKNIFTY,,2026-09-29,2026-09-29,59100.00,CE,BANKNIFTY26SEP59100CE,0.00,0.00,0.00,2129.85,0.00,2129.85,56755.60,1267.35,0,0,0,0.00,0,F1,30,,,,,
2026-07-28,2026-07-28,FO,NSE,IDO,70019,,BANKNIFTY,,2026-09-29,2026-09-29,60500.00,CE,BANKNIFTY26SEP60500CE,322.95,326.95,267.40,280.10,287.20,337.80,56755.60,280.10,11820,1410,368,671215530.00,143,F1,30,,,,,
2026-07-28,2026-07-28,FO,NSE,IDO,70097,,BANKNIFTY,,2026-09-29,2026-09-29,63100.00,CE,BANKNIFTY26SEP63100CE,0.00,0.00,0.00,866.35,0.00,866.35,56755.60,362.65,0,0,0,0.00,0,F1,30,,,,,
2026-07-28,2026-07-28,FO,NSE,IDO,52426,,BANKNIFTY,,2026-09-29,2026-09-29,67500.00,CE,BANKNIFTY26SEP67500CE,0.00,0.00,0.00,1102.10,0.00,1102.10,56755.60,64.70,0,0,0,0.00,0,F1,30,,,,,
2026-07-28,2026-07-28,FO,NSE,IDO,53224,,BANKNIFTY,,2026-12-29,2026-12-29,54000.00,CE,BANKNIFTY26DEC54000CE,0.00,0.00,0.00,9099.90,0.00,9099.90,56755.60,5547.60,0,0,0,0.00,0,F1,30,,,,,
2026-07-28,2026-07-28,FO,NSE,IDO,53240,,BANKNIFTY,,2026-12-29,2026-12-29,60000.00,CE,BANKNIFTY26DEC60000CE,1450.05,1475.00,1365.10,1382.90,1469.05,1547.25,56755.60,1382.90,16830,510,141,259786461.00,79,F1,30,,,,,
2026-07-28,2026-07-28,FO,NSE,IDO,53248,,BANKNIFTY,,2026-12-29,2026-12-29,64500.00,CE,BANKNIFTY26DEC64500CE,0.00,0.00,0.00,3029.80,0.00,3029.80,56755.60,1086.45,0,0,0,0.00,0,F1,30,,,,,
2026-07-28,2026-07-28,FO,NSE,IDO,76400,,BANKNIFTY,,2027-03-30,2027-03-30,58500.00,CE,BANKNIFTY27MAR58500CE,0.00,0.00,0.00,2367.80,0.00,2367.80,56755.60,4255.30,0,0,0,0.00,0,F1,30,,,,,
2026-07-28,2026-07-28,FO,NSE,IDO,76419,,BANKNIFTY,,2027-03-30,2027-03-30,61500.00,CE,BANKNIFTY27MAR61500CE,0.00,0.00,0.00,1629.75,0.00,1629.75,56755.60,2991.10,0,0,0,0.00,0,F1,30,,,,,
2026-07-28,2026-07-28,FO,NSE,IDO,58754,,BANKNIFTY,,2026-08-25,2026-08-25,47500.00,CE,BANKNIFTY26AUG47500CE,0.00,0.00,0.00,8441.50,0.00,8441.50,56755.60,9476.95,0,0,0,0.00,0,F1,30,,,,,
2026-07-28,2026-07-28,FO,NSE,IDO,61585,,BANKNIFTY,,2026-07-28,2026-07-28,46000.00,PE,BANKNIFTY26JUL46000PE,0.35,0.45,0.05,0.10,0.05,0.35,56755.60,56755.60,111450,-16470,4381,6045805755.00,1607,F1,30,,,,,
2026-07-28,2026-07-28,FO,NSE,IDO,61626,,BANKNIFTY,,2026-07-28,2026-07-28,47500.00,PE,BANKNIFTY26JUL47500PE,0.85,1.85,0.05,0.05,0.20,0.70,56755.60,56755.60,15300,2280,401,571430089.50,71,F1,30,,,,,
2026-07-28,2026-07-28,FO,NSE,IDO,61630,,BANKNIFTY,,2026-07-28,2026-07-28,47700.00,PE,BANKNIFTY26JUL47700PE,0.55,0.55,0.35,0.35,0.35,1.55,56755.60,56755.60,510,-270,14,20034174.00,5,F1,30,,,,,
2026-07-28,2026-07-28,FO,NSE,IDO,61648,,BANKNIFTY,,2026-07-28,2026-07-28,48500.00,PE,BANKNIFTY26JUL48500PE,0.40,1.80,0.15,0.30,0.30,0.60,56755.60,56755.60,10710,-300,224,325923301.50,48,F1,30,,,,,
2026-07-28,2026-07-28,FO,NSE,IDO,61694,,BANKNIFTY,,2026-07-28,2026-07-28,50400.00,PE,BANKNIFTY26JUL50400PE,0.75,0.75,0.75,0.75,0.75,1.20,56755.60,56755.60,1230,-120,8,12096180.00,2,F1,30,,,,,
2026-07-28,2026-07-28,FO,NSE,IDO,61709,,BANKNIFTY,,2026-07-28,2026-07-28,51100.00,PE,BANKNIFTY26JUL51100PE,0.65,2.35,0.05,0.05,0.05,1.40,56755.60,56755.60,3270,-90,132,202358934.00,44,F1,30,,,,,
2026-07-28,2026-07-28,FO,NSE,IDO,61724,,BANKNIFTY,,2026-07-28,2026-07-28,51700.00,PE,BANKNIFTY26JUL51700PE,2.60,2.75,0.05,0.55,0.05,2.30,56755.60,56755.60,870,-870,165,255918655.50,89,F1,30,,,,,
2026-07-28,2026-07-28,FO,NSE,IDO,61732,,BANKNIFTY,,2026-07-28,2026-07-28,52000.00,PE,BANKNIFTY26JUL52000PE,0.75,1.50,0.05,0.10,0.05,1.20,56755.60,56755.60,108420,-31860,10713,16712473953.00,2422,F1,30,,,,,
2026-07-28,2026-07-28,FO,NSE,IDO,61755,,BANKNIFTY,,2026-07-28,2026-07-28,52900.00,PE,BANKNIFTY26JUL52900PE,1.90,2.50,0.05,0.25,0.05,1.80,56755.60,56755.60,7500,300,564,895086400.50,181,F1,30,,,,,
2026-07-28,2026-07-28,FO,NSE,IDO,61765,,BANKNIFTY,,2026-07-28,2026-07-28,53400.00,PE,BANKNIFTY26JUL53400PE,1.70,3.70,0.05,0.30,0.15,1.65,56755.60,56755.60,11160,-960,938,1502703153.00,440,F1,30,,,,,
2026-07-28,2026-07-28,FO,NSE,IDO,61769,,BANKNIFTY,,2026-07-28,2026-07-28,53600.00,PE,BANKNIFTY26JUL53600PE,0.95,4.50,0.05,0.40,0.45,1.80,56755.60,56755.60,15300,2160,1653,2658080154.00,698,F1,30,,,,,
2026-07-28,2026-07-28,FO,NSE,IDO,61788,,BANKNIFTY,,2026-07-28,2026-07-28,54100.00,PE,BANKNIFTY26JUL54100PE,1.10,2.05,0.05,0.25,0.05,2.20,56755.60,56755.60,29520,-7830,14159,22980523969.50,5245,F1,30,,,,,
2026-07-28,2026-07-28,FO,NSE,IDO,61850,,BANKNIFTY,,2026-07-28,2026-07-28,56500.00,PE,BANKNIFTY26JUL56500PE,35.40,35.75,0.05,0.45,0.05,26.30,56755.60,56755.60,855210,192810,2087142,3538202632476.00,451061,F1,30,,,,,
2026-07-28,2026-07-28,FO,NSE,IDO,69766,,BANKNIFTY,,2026-09-29,2026-09-29,54900.00,PE,BANKNIFTY26SEP54900PE,0.00,0.00,0.00,1010.25,0.00,1010.25,56755.60,930.75,0,0,0,0.00,0,F1,30,,,,,
2026-07-28,2026-07-28,FO,NSE,IDO,69792,,BANKNIFTY,,2026-09-29,2026-09-29,56000.00,PE,BANKNIFTY26SEP56000PE,688.40,749.90,668.00,736.55,730.00,635.60,56755.60,736.55,102660,9660,557,947586351.00,369,F1,30,,,,,
2026-07-28,2026-07-28,FO,NSE,IDO,69794,,BANKNIFTY,,2026-09-29,2026-09-29,56100.00,PE,BANKNIFTY26SEP56100PE,0.00,0.00,0.00,868.95,867.05,868.95,56755.60,1363.70,420,0,0,0.00,0,F1,30,,,,,
2026-07-28,2026-07-28,FO,NSE,IDO,69796,,BANKNIFTY,,2026-09-29,2026-09-29,56200.00,PE,BANKNIFTY26SEP56200PE,0.00,0.00,0.00,1439.25,0.00,1439.25,56755.60,1404.80,0,0,0,0.00,0,F1,30,,,,,
2026-07-28,2026-07-28,FO,NSE,IDO,70114,,BANKNIFTY,,2026-09-29,2026-09-29,63900.00,PE,BANKNIFTY26SEP63900PE,0.00,0.00,0.00,6084.95,0.00,6084.95,56755.60,6690.65,0,0,0,0.00,0,F1,30,,,,,
2026-07-28,2026-07-28,FO,NSE,IDO,53221,,BANKNIFTY,,2026-12-29,2026-12-29,51000.00,PE,BANKNIFTY26DEC51000PE,200.00,280.00,200.00,270.95,271.40,240.00,56755.60,270.95,930,-240,18,27685435.50,12,F1,30,,,,,
2026-07-28,2026-07-28,FO,NSE,IDO,61852,,BANKNIFTY,,2026-07-28,2026-07-28,56600.00,PE,BANKNIFTY26JUL56600PE,49.65,49.65,0.05,0.90,0.05,34.20,56755.60,56755.60,844590,564690,3366778,5717721782577.00,965823,F1,30,,,,,
2026-07-28,2026-07-28,FO,NSE,IDO,61892,,BANKNIFTY,,2026-07-28,2026-07-28,58100.00,PE,BANKNIFTY26JUL58100PE,1061.75,1409.40,1060.90,1364.30,1334.15,946.65,56755.60,56755.60,70290,-19980,1702,3029501289.00,765,F1,30,,,,,
2026-07-28,2026-07-28,FO,NSE,IDO,61972,,BANKNIFTY,,2026-07-28,2026-07-28,60500.00,PE,BANKNIFTY26JUL60500PE,3580.00,3817.00,3485.85,3755.10,3752.25,3334.75,56755.60,56755.60,11220,-2340,248,476883927.00,187,F1,30,,,,,
2026-07-28,2026-07-28,FO,NSE,IDO,62004,,BANKNIFTY,,2026-07-28,2026-07-28,61100.00,PE,BANKNIFTY26JUL61100PE,4125.00,4225.00,4125.00,4225.00,4225.00,3901.00,56755.60,56755.60,150,30,2,3916500.00,2,F1,30,,,,,
2026-07-28,2026-07-28,FO,NSE,IDO,62020,,BANKNIFTY,,2026-07-28,2026-07-28,61600.00,PE,BANKNIFTY26JUL61600PE,0.00,0.00,0.00,5978.90,0.00,5978.90,56755.60,56755.60,0,0,0,0.00,0,F1,30,,,,,
2026-07-28,2026-07-28,FO,NSE,IDO,62064,,BANKNIFTY,,2026-07-28,2026-07-28,62700.00,PE,BANKNIFTY26JUL62700PE,0.00,0.00,0.00,6890.55,0.00,6890.55,56755.60,56755.60,0,0,0,0.00,0,F1,30,,,,,
2026-07-28,2026-07-28,FO,NSE,IDO,62076,,BANKNIFTY,,2026-07-28,2026-07-28,63100.00,PE,BANKNIFTY26JUL63100PE,0.00,0.00,0.00,7232.25,0.00,7232.25,56755.60,56755.60,0,0,0,0.00,0,F1,30,,,,,
2026-07-28,2026-07-28,FO,NSE,IDO,62080,,BANKNIFTY,,2026-07-28,2026-07-28,63300.00,PE,BANKNIFTY26JUL63300PE,0.00,0.00,0.00,7405.00,0.00,7405.00,56755.60,56755.60,0,0,0,0.00,0,F1,30,,,,,
2026-07-28,2026-07-28,FO,NSE,IDO,53225,,BANKNIFTY,,2026-12-29,2026-12-29,54000.00,PE,BANKNIFTY26DEC54000PE,600.05,649.00,600.05,635.35,632.70,581.50,56755.60,635.35,19410,2310,130,213036028.50,78,F1,30,,,,,
2026-07-28,2026-07-28,FO,NSE,IDO,58924,,BANKNIFTY,,2026-08-25,2026-08-25,52200.00,CE,BANKNIFTY26AUG52200CE,4900.00,4900.00,4900.00,4900.00,4900.00,5140.00,56755.60,4885.10,30,0,1,1713000.00,1,F1,30,,,,,
2026-07-28,2026-07-28,FO,NSE,IDO,58906,,BANKNIFTY,,2026-08-25,2026-08-25,51500.00,CE,BANKNIFTY26AUG51500CE,0.00,0.00,0.00,5061.80,0.00,5061.80,56755.60,5544.35,0,0,0,0.00,0,F1,30,,,,,
2026-07-28,2026-07-28,FO,NSE,IDO,58872,,BANKNIFTY,,2026-08-25,2026-08-25,50700.00,CE,BANKNIFTY26AUG50700CE,0.00,0.00,0.00,5681.60,0.00,5681.60,56755.60,6315.50,0,0,0,0.00,0,F1,30,,,,,
2026-07-28,2026-07-28,FO,NSE,IDO,58814,,BANKNIFTY,,2026-08-25,2026-08-25,49100.00,CE,BANKNIFTY26AUG49100CE,0.00,0.00,0.00,7013.00,0.00,7013.00,56755.60,7888.40,0,0,0,0.00,0,F1,30,,,,,
2026-07-28,2026-07-28,FO,NSE,IDO,58808,,BANKNIFTY,,2026-08-25,2026-08-25,48800.00,CE,BANKNIFTY26AUG48800CE,0.00,0.00,0.00,7274.40,0.00,7274.40,56755.60,8185.65,0,0,0,0.00,0,F1,30,,,,,
2026-07-28,2026-07-28,FO,NSE,IDO,62073,,BANKNIFTY,,2026-07-28,2026-07-28,63000.00,CE,BANKNIFTY26JUL63000CE,0.60,1.90,0.05,0.35,0.05,0.60,56755.60,56755.60,164910,-49530,19909,37628209699.50,3603,F1,30,,,,,
2026-07-28,2026-07-28,FO,NSE,IDO,61919,,BANKNIFTY,,2026-07-28,2026-07-28,59100.00,CE,BANKNIFTY26JUL59100CE,1.30,2.85,0.05,0.60,0.10,3.25,56755.60,56755.60,89430,-9690,51574,91443209752.50,14927,F1,30,,,,,
2026-07-28,2026-07-28,FO,NSE,IDO,61969,,BANKNIFTY,,2026-07-28,2026-07-28,60400.00,CE,BANKNIFTY26JUL60400CE,1.45,1.95,0.05,0.70,0.05,1.80,56755.60,56755.60,32070,-9360,6298,11412170995.50,2324,F1,30,,,,,
2026-07-28,2026-07-28,FO,NSE,IDO,62021,,BANKNIFTY,,2026-07-28,2026-07-28,61700.00,CE,BANKNIFTY26JUL61700CE,1.80,3.90,0.05,0.65,0.30,1.10,56755.60,56755.60,6690,-1260,790,1462306243.50,306,F1,30,,,,,
2026-07-28,2026-07-28,FO,NSE,IDO,62050,,BANKNIFTY,,2026-07-28,2026-07-28,62500.00,CE,BANKNIFTY26JUL62500CE,0.85,3.50,0.05,1.10,0.10,0.90,56755.60,56755.60,120690,-29220,12411,23270961565.50,2998,F1,30,,,,,
2026-07-28,2026-07-28,FO,NSE,IDO,58818,,BANKNIFTY,,2026-08-25,2026-08-25,49300.00,CE,BANKNIFTY26AUG49300CE,0.00,0.00,0.00,6840.65,0.00,6840.65,56755.60,7690.50,0,0,0,0.00,0,F1,30,,,,,
2026-07-28,2026-07-28,FO,NSE,IDO,58922,,BANKNIFTY,,2026-08-25,2026-08-25,52100.00,CE,BANKNIFTY26AUG52100CE,0.00,0.00,0.00,4621.65,0.00,4621.65,56755.60,4978.15,0,0,0,0.00,0,F1,30,,,,,
2026-07-28,2026-07-28,FO,NSE,IDO,58926,,BANKNIFTY,,2026-08-25,2026-08-25,52300.00,CE,BANKNIFTY26AUG52300CE,0.00,0.00,0.00,4478.75,0.00,4478.75,56755.60,4792.50,0,0,0,0.00,0,F1,30,,,,,
2026-07-28,2026-07-28,FO,NSE,IDO,70795,,BANKNIFTY,,2027-06-29,2027-06-29,58500.00,PE,BANKNIFTY27JUN58500PE,0.00,0.00,0.00,3574.05,0.00,3574.05,56755.60,3657.05,0,0,0,0.00,0,F1,30,,,,,
2026-07-28,2026-07-28,FO,NSE,IDO,52440,,BANKNIFTY,,2026-09-29,2026-09-29,69000.00,PE,BANKNIFTY26SEP69000PE,0.00,0.00,0.00,9000.00,9000.00,9000.00,56755.60,11493.70,120,0,0,0.00,0,F1,30,,,,,
2026-07-28,2026-07-28,FO,NSE,IDO,70098,,BANKNIFTY,,2026-09-29,2026-09-29,63100.00,PE,BANKNIFTY26SEP63100PE,0.00,0.00,0.00,5455.60,0.00,5455.60,56755.60,5990.15,0,0,0,0.00,0,F1,30,,,,,
2026-07-28,2026-07-28,FO,NSE,IDO,70092,,BANKNIFTY,,2026-09-29,2026-09-29,62700.00,PE,BANKNIFTY26SEP62700PE,0.00,0.00,0.00,5153.10,0.00,5153.10,56755.60,5648.75,0,0,0,0.00,0,F1,30,,,,,
2026-07-28,2026-07-28,FO,NSE,IDO,70024,,BANKNIFTY,,2026-09-29,2026-09-29,60700.00,PE,BANKNIFTY26SEP60700PE,0.00,0.00,0.00,3745.00,0.00,3745.00,56755.60,4053.65,0,0,0,0.00,0,F1,30,,,,,
2026-07-28,2026-07-28,FO,NSE,IDO,70022,,BANKNIFTY,,2026-09-29,2026-09-29,60600.00,PE,BANKNIFTY26SEP60600PE,0.00,0.00,0.00,3680.35,0.00,3680.35,56755.60,3979.30,0,0,0,0.00,0,F1,30,,,,,
2026-07-28,2026-07-28,FO,NSE,IDO,70010,,BANKNIFTY,,2026-09-29,2026-09-29,59900.00,PE,BANKNIFTY26SEP59900PE,0.00,0.00,0.00,3243.70,0.00,3243.70,56755.60,3474.60,0,0,0,0.00,0,F1,30,,,,,
2026-07-28,2026-07-28,FO,NSE,IDO,69918,,BANKNIFTY,,2026-09-29,2026-09-29,59400.00,PE,BANKNIFTY26SEP59400PE,0.00,0.00,0.00,2949.60,0.00,2949.60,56755.60,3135.50,0,0,0,0.00,0,F1,30,,,,,
2026-07-28,2026-07-28,FO,NSE,IDO,69800,,BANKNIFTY,,2026-09-29,2026-09-29,56400.00,PE,BANKNIFTY26SEP56400PE,0.00,0.00,0.00,1514.55,0.00,1514.55,56755.60,1489.45,0,0,0,0.00,0,F1,30,,,,,
2026-07-28,2026-07-28,FO,NSE,IDO,69798,,BANKNIFTY,,2026-09-29,2026-09-29,56300.00,PE,BANKNIFTY26SEP56300PE,0.00,0.00,0.00,1476.60,0.00,1476.60,56755.60,1446.75,0,0,0,0.00,0,F1,30,,,,,
2026-07-28,2026-07-28,FO,NSE,IDO,69762,,BANKNIFTY,,2026-09-29,2026-09-29,54700.00,PE,BANKNIFTY26SEP54700PE,0.00,0.00,0.00,955.70,0.00,955.70,56755.60,869.20,0,0,0,0.00,0,F1,30,,,,,
2026-07-28,2026-07-28,FO,NSE,IDO,69707,,BANKNIFTY,,2026-09-29,2026-09-29,54200.00,PE,BANKNIFTY26SEP54200PE,0.00,0.00,0.00,823.90,0.00,823.90,56755.60,730.65,0,0,0,0.00,0,F1,30,,,,,
2026-07-28,2026-07-28,FO,NSE,IDO,69701,,BANKNIFTY,,2026-09-29,2026-09-29,53800.00,PE,BANKNIFTY26SEP53800PE,0.00,0.00,0.00,725.75,0.00,725.75,56755.60,628.40,0,0,0,0.00,0,F1,30,,,,,
2026-07-28,2026-07-28,FO,NSE,IDO,69689,,BANKNIFTY,,2026-09-29,2026-09-29,53200.00,PE,BANKNIFTY26SEP53200PE,0.00,0.00,0.00,597.40,0.00,597.40,56755.60,497.30,0,0,0,0.00,0,F1,30,,,,,
2026-07-28,2026-07-28,FO,NSE,IDO,69659,,BANKNIFTY,,2026-09-29,2026-09-29,51600.00,PE,BANKNIFTY26SEP51600PE,0.00,0.00,0.00,337.70,0.00,337.70,56755.60,247.55,0,0,0,0.00,0,F1,30,,,,,
2026-07-28,2026-07-28,FO,NSE,IDO,59291,,BANKNIFTY,,2026-08-25,2026-08-25,63200.00,PE,BANKNIFTY26AUG63200PE,0.00,0.00,0.00,7560.40,0.00,7560.40,56755.60,6203.10,0,0,0,0.00,0,F1,30,,,,,
2026-07-28,2026-07-28,FO,NSE,IDO,59273,,BANKNIFTY,,2026-08-25,2026-08-25,62600.00,PE,BANKNIFTY26AUG62600PE,0.00,0.00,0.00,7042.20,0.00,7042.20,56755.60,5631.35,0,0,0,0.00,0,F1,30,,,,,
2026-07-28,2026-07-28,FO,NSE,IDO,59259,,BANKNIFTY,,2026-08-25,2026-08-25,62200.00,PE,BANKNIFTY26AUG62200PE,0.00,0.00,0.00,6702.95,0.00,6702.95,56755.60,5255.70,0,0,0,0.00,0,F1,30,,,,,
2026-07-28,2026-07-28,FO,NSE,IDO,59191,,BANKNIFTY,,2026-08-25,2026-08-25,60300.00,PE,BANKNIFTY26AUG60300PE,0.00,0.00,0.00,5174.70,0.00,5174.70,56755.60,3564.55,0,0,0,0.00,0,F1,30,,,,,
2026-07-28,2026-07-28,FO,NSE,IDO,59007,,BANKNIFTY,,2026-08-25,2026-08-25,55100.00,PE,BANKNIFTY26AUG55100PE,286.30,299.70,253.60,287.35,278.95,244.15,56755.60,287.35,19710,8280,771,1281040099.50,464,F1,30,,,,,
2026-07-28,2026-07-28,FO,NSE,IDO,58983,,BANKNIFTY,,2026-08-25,2026-08-25,54200.00,PE,BANKNIFTY26AUG54200PE,142.75,170.30,141.30,155.50,155.00,140.30,56755.60,155.50,8070,5010,281,458226183.00,170,F1,30,,,,,
2026-07-28,2026-07-28,FO,NSE,IDO,58942,,BANKNIFTY,,2026-08-25,2026-08-25,53000.00,PE,BANKNIFTY26AUG53000PE,67.90,79.70,64.55,71.65,69.95,69.60,56755.60,71.65,281820,86730,9360,14902583430.00,4927,F1,30,,,,,
2026-07-28,2026-07-28,FO,NSE,IDO,58940,,BANKNIFTY,,2026-08-25,2026-08-25,52900.00,PE,BANKNIFTY26AUG52900PE,69.55,74.35,57.65,65.90,63.70,64.90,56755.60,65.90,10230,3300,259,411532401.00,160,F1,30,,,,,
2026-07-28,2026-07-28,FO,NSE,IDO,58933,,BANKNIFTY,,2026-08-25,2026-08-25,52600.00,PE,BANKNIFTY26AUG52600PE,59.75,62.15,50.10,55.90,53.80,57.30,56755.60,55.90,3360,900,186,293812494.00,80,F1,30,,,,,
2026-07-28,2026-07-28,FO,NSE,IDO,58875,,BANKNIFTY,,2026-08-25,2026-08-25,50800.00,PE,BANKNIFTY26AUG50800PE,27.05,27.05,25.00,25.05,25.00,26.75,56755.60,25.05,930,600,36,54891564.00,15,F1,30,,,,,
2026-07-28,2026-07-28,FO,NSE,IDO,58849,,BANKNIFTY,,2026-08-25,2026-08-25,49800.00,PE,BANKNIFTY26AUG49800PE,20.85,22.70,19.90,21.35,22.70,19.80,56755.60,21.35,450,240,26,38860276.50,10,F1,30,,,,,
2026-07-28,2026-07-28,FO,NSE,IDO,58839,,BANKNIFTY,,2026-08-25,2026-08-25,49400.00,PE,BANKNIFTY26AUG49400PE,19.70,21.85,19.35,21.00,21.85,20.40,56755.60,21.00,1470,780,34,50409132.00,9,F1,30,,,,,
2026-07-28,2026-07-28,FO,NSE,IDO,58817,,BANKNIFTY,,2026-08-25,2026-08-25,49200.00,PE,BANKNIFTY26AUG49200PE,16.90,18.10,16.90,18.10,18.10,24.70,56755.60,5.30,570,540,18,26577408.00,8,F1,30,,,,,
2026-07-28,2026-07-28,FO,NSE,IDO,62132,,BANKNIFTY,,2026-07-28,2026-07-28,65000.00,PE,BANKNIFTY26JUL65000PE,7957.40,8324.95,7957.40,8298.90,8260.35,7838.25,56755.60,56755.60,5970,-13230,590,1293671245.50,518,F1,30,,,,,
2026-07-28,2026-07-28,FO,NSE,IDO,62109,,BANKNIFTY,,2026-07-28,2026-07-28,64500.00,PE,BANKNIFTY26JUL64500PE,0.00,0.00,0.00,8100.00,8100.00,8100.00,56755.60,56755.60,90,0,0,0.00,0,F1,30,,,,,
2026-07-28,2026-07-28,FO,NSE,IDO,62088,,BANKNIFTY,,2026-07-28,2026-07-28,63600.00,PE,BANKNIFTY26JUL63600PE,0.00,0.00,0.00,7666.25,0.00,7666.25,56755.60,56755.60,0,0,0,0.00,0,F1,30,,,,,
2026-07-28,2026-07-28,FO,NSE,IDO,61900,,BANKNIFTY,,2026-07-28,2026-07-28,58400.00,PE,BANKNIFTY26JUL58400PE,1380.00,1714.95,1350.00,1687.50,1649.55,1236.60,56755.60,56755.60,100650,-4800,339,609336883.50,215,F1,30,,,,,
2026-07-28,2026-07-28,FO,NSE,IDO,61864,,BANKNIFTY,,2026-07-28,2026-07-28,56900.00,PE,BANKNIFTY26JUL56900PE,159.00,218.70,40.45,156.05,143.55,85.75,56755.60,56755.60,888030,483660,4581012,7832991256059.00,2212791,F1,30,,,,,
2026-07-28,2026-07-28,FO,NSE,IDO,61862,,BANKNIFTY,,2026-07-28,2026-07-28,56800.00,PE,BANKNIFTY26JUL56800PE,79.90,120.00,8.00,58.10,43.85,63.15,56755.60,56755.60,1045620,528300,8094106,13805264769703.50,3269763,F1,30,,,,,
2026-07-28,2026-07-28,FO,NSE,IDO,61844,,BANKNIFTY,,2026-07-28,2026-07-28,56400.00,PE,BANKNIFTY26JUL56400PE,26.40,26.40,0.05,0.30,0.05,20.05,56755.60,56755.60,415650,167250,832877,1409362130296.50,206787,F1,30,,,,,
2026-07-28,2026-07-28,FO,NSE,IDO,61812,,BANKNIFTY,,2026-07-28,2026-07-28,55000.00,PE,BANKNIFTY26JUL55000PE,2.40,2.40,0.05,0.20,0.05,2.70,56755.60,56755.60,755460,-34530,219943,362913939916.50,54551,F1,30,,,,,
2026-07-28,2026-07-28,FO,NSE,IDO,61753,,BANKNIFTY,,2026-07-28,2026-07-28,52800.00,PE,BANKNIFTY26JUL52800PE,1.00,2.80,0.05,0.15,1.05,1.75,56755.60,56755.60,4740,-630,493,780927627.00,186,F1,30,,,,,
2026-07-28,2026-07-28,FO,NSE,IDO,61740,,BANKNIFTY,,2026-07-28,2026-07-28,52300.00,PE,BANKNIFTY26JUL52300PE,1.30,3.20,0.05,0.45,0.10,2.05,56755.60,56755.60,4290,-2130,3289,5160550305.00,592,F1,30,,,,,
2026-07-28,2026-07-28,FO,NSE,IDO,61722,,BANKNIFTY,,2026-07-28,2026-07-28,51600.00,PE,BANKNIFTY26JUL51600PE,1.40,2.40,0.05,0.10,0.05,1.40,56755.60,56755.60,1800,-210,353,546452764.50,79,F1,30,,,,,
2026-07-28,2026-07-28,FO,NSE,IDO,61664,,BANKNIFTY,,2026-07-28,2026-07-28,49200.00,PE,BANKNIFTY26JUL49200PE,0.70,0.70,0.70,0.70,0.70,0.75,56755.60,56755.60,2250,0,1,1476021.00,1,F1,30,,,,,
2026-07-28,2026-07-28,FO,NSE,IDO,61634,,BANKNIFTY,,2026-07-28,2026-07-28,47900.00,PE,BANKNIFTY26JUL47900PE,0.55,0.55,0.55,0.55,0.55,0.55,56755.60,56755.60,300,0,7,10059115.50,2,F1,30,,,,,
2026-07-28,2026-07-28,FO,NSE,IDO,70788,,BANKNIFTY,,2027-06-29,2027-06-29,55500.00,CE,BANKNIFTY27JUN55500CE,0.00,0.00,0.00,7792.30,0.00,7792.30,56755.60,6986.85,0,0,0,0.00,0,F1,30,,,,,
2026-07-28,2026-07-28,FO,NSE,IDO,76394,,BANKNIFTY,,2027-03-30,2027-03-30,54000.00,CE,BANKNIFTY27MAR54000CE,0.00,0.00,0.00,3970.55,0.00,3970.55,56755.60,6792.25,0,0,0,0.00,0,F1,30,,,,,
2026-07-28,2026-07-28,FO,NSE,IDO,70119,,BANKNIFTY,,2026-09-29,2026-09-29,64200.00,CE,BANKNIFTY26SEP64200CE,0.00,0.00,0.00,655.15,0.00,655.15,56755.60,243.70,0,0,0,0.00,0,F1,30,,,,,
2026-07-28,2026-07-28,FO,NSE,IDO,70105,,BANKNIFTY,,2026-09-29,2026-09-29,63500.00,CE,BANKNIFTY26SEP63500CE,0.00,0.00,0.00,783.90,0.00,783.90,56755.60,314.65,0,0,0,0.00,0,F1,30,,,,,
2026-07-28,2026-07-28,FO,NSE,IDO,69913,,BANKNIFTY,,2026-09-29,2026-09-29,59300.00,CE,BANKNIFTY26SEP59300CE,0.00,0.00,0.00,2045.10,0.00,2045.10,56755.60,1199.05,0,0,0,0.00,0,F1,30,,,,,
2026-07-28,2026-07-28,FO,NSE,IDO,69803,,BANKNIFTY,,2026-09-29,2026-09-29,56600.00,CE,BANKNIFTY26SEP56600CE,0.00,0.00,0.00,3403.45,0.00,3403.45,56755.60,2375.95,0,0,0,0.00,0,F1,30,,,,,
2026-07-28,2026-07-28,FO,NSE,IDO,69795,,BANKNIFTY,,2026-09-29,2026-09-29,56200.00,CE,BANKNIFTY26SEP56200CE,0.00,0.00,0.00,3644.20,0.00,3644.20,56755.60,2598.90,0,0,0,0.00,0,F1,30,,,,,
2026-07-28,2026-07-28,FO,NSE,IDO,69708,,BANKNIFTY,,2026-09-29,2026-09-29,54300.00,CE,BANKNIFTY26SEP54300CE,0.00,0.00,0.00,4924.95,0.00,4924.95,56755.60,3829.85,0,0,0,0.00,0,F1,30,,,,,
2026-07-28,2026-07-28,FO,NSE,IDO,69706,,BANKNIFTY,,2026-09-29,2026-09-29,54200.00,CE,BANKNIFTY26SEP54200CE,0.00,0.00,0.00,4998.15,0.00,4998.15,56755.60,3902.05,0,0,0,0.00,0,F1,30,,,,,
2026-07-28,2026-07-28,FO,NSE,IDO,69692,,BANKNIFTY,,2026-09-29,2026-09-29,53400.00,CE,BANKNIFTY26SEP53400CE,0.00,0.00,0.00,5600.15,0.00,5600.15,56755.60,4500.80,0,0,0,0.00,0,F1,30,,,,,
2026-07-28,2026-07-28,FO,NSE,IDO,69682,,BANKNIFTY,,2026-09-29,2026-09-29,52900.00,CE,BANKNIFTY26SEP52900CE,0.00,0.00,0.00,5994.30,0.00,5994.30,56755.60,4896.60,0,0,0,0.00,0,F1,30,,,,,
2026-07-28,2026-07-28,FO,NSE,IDO,52284,,BANKNIFTY,,2026-09-29,2026-09-29,52500.00,CE,BANKNIFTY26SEP52500CE,0.00,0.00,0.00,6823.00,0.00,6823.00,56755.60,5223.60,0,0,0,0.00,0,F1,30,,,,,
2026-07-28,2026-07-28,FO,NSE,IDO,69546,,BANKNIFTY,,2026-09-29,2026-09-29,49000.00,CE,BANKNIFTY26SEP49000CE,0.00,0.00,0.00,9405.90,0.00,9405.90,56755.60,8373.60,0,0,0,0.00,0,F1,30,,,,,
2026-07-28,2026-07-28,FO,NSE,IDO,59304,,BANKNIFTY,,2026-08-25,2026-08-25,63700.00,CE,BANKNIFTY26AUG63700CE,0.00,0.00,0.00,334.05,0.00,334.05,56755.60,37.10,0,0,0,0.00,0,F1,30,,,,,
2026-07-28,2026-07-28,FO,NSE,IDO,59262,,BANKNIFTY,,2026-08-25,2026-08-25,62400.00,CE,BANKNIFTY26AUG62400CE,0.00,0.00,0.00,486.70,0.00,486.70,56755.60,88.40,0,0,0,0.00,0,F1,30,,,,,
2026-07-28,2026-07-28,FO,NSE,IDO,59239,,BANKNIFTY,,2026-08-25,2026-08-25,61500.00,CE,BANKNIFTY26AUG61500CE,34.05,36.15,25.00,27.15,28.10,32.85,56755.60,27.15,99060,1050,2860,5279187177.00,1537,F1,30,,,,,
2026-07-28,2026-07-28,FO,NSE,IDO,59192,,BANKNIFTY,,2026-08-25,2026-08-25,60400.00,CE,BANKNIFTY26AUG60400CE,79.35,90.70,60.80,64.35,68.00,85.90,56755.60,64.35,23760,15180,2270,4117917706.50,1057,F1,30,,,,,
2026-07-28,2026-07-28,FO,NSE,IDO,59134,,BANKNIFTY,,2026-08-25,2026-08-25,58600.00,CE,BANKNIFTY26AUG58600CE,372.00,372.85,285.00,294.25,306.00,394.90,56755.60,294.25,29850,5880,837,1479219616.50,531,F1,30,,,,,
2026-07-28,2026-07-28,FO,NSE,IDO,59114,,BANKNIFTY,,2026-08-25,2026-08-25,58200.00,CE,BANKNIFTY26AUG58200CE,478.05,504.00,388.00,398.80,416.00,529.85,56755.60,398.80,43200,6870,1084,1906541212.50,757,F1,30,,,,,
2026-07-28,2026-07-28,FO,NSE,IDO,59083,,BANKNIFTY,,2026-08-25,2026-08-25,57200.00,CE,BANKNIFTY26AUG57200CE,1036.00,1036.00,771.00,794.10,812.00,1008.25,56755.60,794.10,75240,14760,4632,8067176632.50,3347,F1,30,,,,,
2026-07-28,2026-07-28,FO,NSE,IDO,59014,,BANKNIFTY,,2026-08-25,2026-08-25,55500.00,CE,BANKNIFTY26AUG55500CE,2000.00,2044.75,1805.95,1849.35,1890.00,2182.85,56755.60,1849.35,14550,2100,273,470265013.50,155,F1,30,,,,,
2026-07-28,2026-07-28,FO,NSE,IDO,58998,,BANKNIFTY,,2026-08-25,2026-08-25,54700.00,CE,BANKNIFTY26AUG54700CE,0.00,0.00,0.00,2961.05,0.00,2961.05,56755.60,2755.90,0,0,0,0.00,0,F1,30,,,,,
2026-07-28,2026-07-28,FO,NSE,IDO,58990,,BANKNIFTY,,2026-08-25,2026-08-25,54500.00,CE,BANKNIFTY26AUG54500CE,2790.05,2860.20,2634.90,2671.05,2685.00,3036.65,56755.60,2671.05,3630,900,55,94400856.00,53,F1,30,,,,,
2026-07-28,2026-07-28,FO,NSE,IDO,58960,,BANKNIFTY,,2026-08-25,2026-08-25,53500.00,CE,BANKNIFTY26AUG53500CE,3593.10,3766.45,3563.10,3579.85,3580.00,3919.45,56755.60,3579.85,8400,5310,207,355436694.00,109,F1,30,,,,,
2026-07-28,2026-07-28,FO,NSE,IDO,58938,,BANKNIFTY,,2026-08-25,2026-08-25,52900.00,CE,BANKNIFTY26AUG52900CE,0.00,0.00,0.00,4063.05,0.00,4063.05,56755.60,4247.00,0,0,0,0.00,0,F1,30,,,,,
2026-07-28,2026-07-28,FO,NSE,IDO,58936,,BANKNIFTY,,2026-08-25,2026-08-25,52800.00,CE,BANKNIFTY26AUG52800CE,0.00,0.00,0.00,4130.40,0.00,4130.40,56755.60,4336.60,0,0,0,0.00,0,F1,30,,,,,
2026-07-28,2026-07-28,FO,NSE,IDO,61693,,BANKNIFTY,,2026-07-28,2026-07-28,50400.00,CE,BANKNIFTY26JUL50400CE,0.00,0.00,0.00,6166.35,0.00,6166.35,56755.60,56755.60,0,0,0,0.00,0,F1,30,,,,,
2026-07-28,2026-07-28,FO,NSE,IDO,61723,,BANKNIFTY,,2026-07-28,2026-07-28,51700.00,CE,BANKNIFTY26JUL51700CE,0.00,0.00,0.00,5137.95,0.00,5137.95,56755.60,56755.60,0,0,0,0.00,0,F1,30,,,,,
2026-07-28,2026-07-28,FO,NSE,IDO,61725,,BANKNIFTY,,2026-07-28,2026-07-28,51800.00,CE,BANKNIFTY26JUL51800CE,0.00,0.00,0.00,5062.50,0.00,5062.50,56755.60,56755.60,0,0,0,0.00,0,F1,30,,,,,
2026-07-28,2026-07-28,FO,NSE,IDO,61764,,BANKNIFTY,,2026-07-28,2026-07-28,53400.00,CE,BANKNIFTY26JUL53400CE,3340.00,3340.00,3340.00,3340.00,3340.00,4659.15,56755.60,56755.60,420,-30,1,1702200.00,1,F1,30,,,,,
2026-07-28,2026-07-28,FO,NSE,IDO,61799,,BANKNIFTY,,2026-07-28,2026-07-28,54400.00,CE,BANKNIFTY26JUL54400CE,0.00,0.00,0.00,3226.70,3226.70,3226.70,56755.60,56755.60,750,0,0,0.00,0,F1,30,,,,,
2026-07-28,2026-07-28,FO,NSE,IDO,61815,,BANKNIFTY,,2026-07-28,2026-07-28,55200.00,CE,BANKNIFTY26JUL55200CE,1695.00,1695.00,1516.60,1541.10,1547.20,1982.10,56755.60,56755.60,2580,-120,6,10218010.50,5,F1,30,,,,,
2026-07-28,2026-07-28,FO,NSE,IDO,61839,,BANKNIFTY,,2026-07-28,2026-07-28,56200.00,CE,BANKNIFTY26JUL56200CE,1126.10,1126.10,483.35,532.10,556.20,985.95,56755.60,56755.60,37110,-22620,8755,14924436331.50,4436,F1,30,,,,,
2026-07-28,2026-07-28,FO,NSE,IDO,61883,,BANKNIFTY,,2026-07-28,2026-07-28,57700.00,CE,BANKNIFTY26JUL57700CE,19.95,19.95,0.05,0.70,0.05,39.55,56755.60,56755.60,339900,-235560,414796,718059248160.00,132583,F1,30,,,,,
2026-07-28,2026-07-28,FO,NSE,IDO,61915,,BANKNIFTY,,2026-07-28,2026-07-28,58900.00,CE,BANKNIFTY26JUL58900CE,3.00,3.95,0.05,0.40,0.05,4.45,56755.60,56755.60,290370,126810,139580,246644973441.00,37441,F1,30,,,,,
2026-07-28,2026-07-28,FO,NSE,IDO,62028,,BANKNIFTY,,2026-07-28,2026-07-28,61800.00,PE,BANKNIFTY26JUL61800PE,0.00,0.00,0.00,6141.35,0.00,6141.35,56755.60,56755.60,0,0,0,0.00,0,F1,30,,,,,
2026-07-28,2026-07-28,FO,NSE,IDO,62072,,BANKNIFTY,,2026-07-28,2026-07-28,62900.00,PE,BANKNIFTY26JUL62900PE,0.00,0.00,0.00,7060.75,0.00,7060.75,56755.60,56755.60,0,0,0,0.00,0,F1,30,,,,,
2026-07-28,2026-07-28,FO,NSE,IDO,62092,,BANKNIFTY,,2026-07-28,2026-07-28,63800.00,PE,BANKNIFTY26JUL63800PE,0.00,0.00,0.00,7841.85,0.00,7841.85,56755.60,56755.60,0,0,0,0.00,0,F1,30,,,,,
2026-07-28,2026-07-28,FO,NSE,IDO,58737,,BANKNIFTY,,2026-08-25,2026-08-25,47000.00,PE,BANKNIFTY26AUG47000PE,11.55,13.50,9.85,11.30,12.85,11.85,56755.60,11.30,8820,30,219,308865597.00,130,F1,30,,,,,
2026-07-28,2026-07-28,FO,NSE,IDO,61964,,BANKNIFTY,,2026-07-28,2026-07-28,60100.00,PE,BANKNIFTY26JUL60100PE,0.00,0.00,0.00,3048.50,3048.50,3048.50,56755.60,56755.60,720,0,0,0.00,0,F1,30,,,,,
2026-07-28,2026-07-28,FO,NSE,IDO,70793,,BANKNIFTY,,2027-06-29,2027-06-29,57000.00,PE,BANKNIFTY27JUN57000PE,0.00,0.00,0.00,2963.90,0.00,2963.90,56755.60,3017.25,0,0,0,0.00,0,F1,30,,,,,
2026-07-28,2026-07-28,FO,NSE,IDO,70787,,BANKNIFTY,,2027-06-29,2027-06-29,54000.00,PE,BANKNIFTY27JUN54000PE,0.00,0.00,0.00,1949.60,0.00,1949.60,56755.60,1955.00,0,0,0,0.00,0,F1,30,,,,,
2026-07-28,2026-07-28,FO,NSE,IDO,70764,,BANKNIFTY,,2027-06-29,2027-06-29,49500.00,PE,BANKNIFTY27JUN49500PE,0.00,0.00,0.00,905.05,0.00,905.05,56755.60,880.25,0,0,0,0.00,0,F1,30,,,,,
2026-07-28,2026-07-28,FO,NSE,IDO,76434,,BANKNIFTY,,2027-03-30,2027-03-30,66000.00,PE,BANKNIFTY27MAR66000PE,0.00,0.00,0.00,12012.15,0.00,12012.15,56755.60,8042.25,0,0,0,0.00,0,F1,30,,,,,
2026-07-28,2026-07-28,FO,NSE,IDO,70032,,BANKNIFTY,,2026-09-29,2026-09-29,61100.00,PE,BANKNIFTY26SEP61100PE,0.00,0.00,0.00,4009.30,0.00,4009.30,56755.60,4354.65,0,0,0,0.00,0,F1,30,,,,,
2026-07-28,2026-07-28,FO,NSE,IDO,70016,,BANKNIFTY,,2026-09-29,2026-09-29,60300.00,PE,BANKNIFTY26SEP60300PE,0.00,0.00,0.00,3489.75,0.00,3489.75,56755.60,3757.80,0,0,0,0.00,0,F1,30,,,,,
2026-07-28,2026-07-28,FO,NSE,IDO,52298,,BANKNIFTY,,2026-09-29,2026-09-29,55500.00,PE,BANKNIFTY26SEP55500PE,540.00,631.90,540.00,598.30,590.05,519.90,56755.60,598.30,89940,4680,233,392025753.00,107,F1,30,,,,,
2026-07-28,2026-07-28,FO,NSE,IDO,69776,,BANKNIFTY,,2026-09-29,2026-09-29,55300.00,PE,BANKNIFTY26SEP55300PE,0.00,0.00,0.00,1131.30,0.00,1131.30,56755.60,1062.80,0,0,0,0.00,0,F1,30,,,,,
2026-07-28,2026-07-28,FO,NSE,IDO,52287,,BANKNIFTY,,2026-09-29,2026-09-29,54000.00,PE,BANKNIFTY26SEP54000PE,305.25,330.00,294.00,323.00,317.65,285.70,56755.60,323.00,99540,8880,900,1466496448.50,412,F1,30,,,,,
2026-07-28,2026-07-28,FO,NSE,IDO,69661,,BANKNIFTY,,2026-09-29,2026-09-29,51700.00,PE,BANKNIFTY26SEP51700PE,0.00,0.00,0.00,350.75,0.00,350.75,56755.60,259.45,0,0,0,0.00,0,F1,30,,,,,
2026-07-28,2026-07-28,FO,NSE,IDO,69657,,BANKNIFTY,,2026-09-29,2026-09-29,51500.00,PE,BANKNIFTY26SEP51500PE,0.00,0.00,0.00,325.00,0.00,325.00,56755.60,236.10,0,0,0,0.00,0,F1,30,,,,,
2026-07-28,2026-07-28,FO,NSE,IDO,69604,,BANKNIFTY,,2026-09-29,2026-09-29,50500.00,PE,BANKNIFTY26SEP50500PE,0.00,0.00,0.00,217.55,0.00,217.55,56755.60,143.10,0,0,0,0.00,0,F1,30,,,,,
2026-07-28,2026-07-28,FO,NSE,IDO,59322,,BANKNIFTY,,2026-08-25,2026-08-25,64200.00,PE,BANKNIFTY26AUG64200PE,0.00,0.00,0.00,5581.85,5581.85,5581.85,56755.60,7172.15,30,0,0,0.00,0,F1,30,,,,,
2026-07-28,2026-07-28,FO,NSE,IDO,59318,,BANKNIFTY,,2026-08-25,2026-08-25,64000.00,PE,BANKNIFTY26AUG64000PE,6370.05,6884.35,6370.05,6371.25,6371.25,6400.10,56755.60,6977.10,4470,120,4,8475300.00,4,F1,30,,,,,
2026-07-28,2026-07-28,FO,NSE,IDO,59253,,BANKNIFTY,,2026-08-25,2026-08-25,61900.00,PE,BANKNIFTY26AUG61900PE,0.00,0.00,0.00,6452.10,0.00,6452.10,56755.60,4977.50,0,0,0,0.00,0,F1,30,,,,,
2026-07-28,2026-07-28,FO,NSE,IDO,59229,,BANKNIFTY,,2026-08-25,2026-08-25,61200.00,PE,BANKNIFTY26AUG61200PE,0.00,0.00,0.00,3800.00,3800.00,3800.00,56755.60,4342.80,30,0,0,0.00,0,F1,30,,,,,
2026-07-28,2026-07-28,FO,NSE,IDO,59156,,BANKNIFTY,,2026-08-25,2026-08-25,59500.00,PE,BANKNIFTY26AUG59500PE,2400.10,2656.00,2400.10,2624.50,2576.70,2273.80,56755.60,2624.50,52860,10860,965,1796687613.00,875,F1,30,,,,,
2026-07-28,2026-07-28,FO,NSE,IDO,59150,,BANKNIFTY,,2026-08-25,2026-08-25,59200.00,PE,BANKNIFTY26AUG59200PE,0.00,0.00,0.00,2300.75,2303.95,2300.75,56755.60,2693.00,600,0,0,0.00,0,F1,30,,,,,
2026-07-28,2026-07-28,FO,NSE,IDO,59123,,BANKNIFTY,,2026-08-25,2026-08-25,58300.00,PE,BANKNIFTY26AUG58300PE,1531.20,1679.10,1492.35,1652.00,1652.00,1391.65,56755.60,1652.00,12780,1740,80,143621580.00,31,F1,30,,,,,
2026-07-28,2026-07-28,FO,NSE,IDO,59078,,BANKNIFTY,,2026-08-25,2026-08-25,56900.00,PE,BANKNIFTY26AUG56900PE,750.00,879.00,740.00,847.70,807.30,696.30,56755.60,847.70,50280,32040,9574,16577120163.00,7439,F1,30,,,,,
2026-07-28,2026-07-28,FO,NSE,IDO,59005,,BANKNIFTY,,2026-08-25,2026-08-25,55000.00,PE,BANKNIFTY26AUG55000PE,271.50,282.00,238.45,268.35,263.45,229.80,56755.60,268.35,500280,131970,14534,24095906089.50,7164,F1,30,,,,,
2026-07-28,2026-07-28,FO,NSE,IDO,58981,,BANKNIFTY,,2026-08-25,2026-08-25,54100.00,PE,BANKNIFTY26AUG54100PE,155.00,155.25,131.30,148.05,146.65,131.50,56755.60,148.05,5910,2880,528,859223764.50,181,F1,30,,,,,
2026-07-28,2026-07-28,FO,NSE,IDO,70766,,BANKNIFTY,,2027-06-29,2027-06-29,51000.00,PE,BANKNIFTY27JUN51000PE,0.00,0.00,0.00,1193.15,0.00,1193.15,56755.60,1174.90,0,0,0,0.00,0,F1,30,,,,,
2026-07-28,2026-07-28,FO,NSE,IDO,70791,,BANKNIFTY,,2027-06-29,2027-06-29,55500.00,PE,BANKNIFTY27JUN55500PE,0.00,0.00,0.00,2421.75,0.00,2421.75,56755.60,2450.05,0,0,0,0.00,0,F1,30,,,,,
2026-07-28,2026-07-28,FO,NSE,IDO,70805,,BANKNIFTY,,2027-06-29,2027-06-29,66000.00,PE,BANKNIFTY27JUN66000PE,0.00,0.00,0.00,7602.30,0.00,7602.30,56755.60,7882.85,0,0,0,0.00,0,F1,30,,,,,
2026-07-28,2026-07-28,FO,NSE,IDO,61965,,BANKNIFTY,,2026-07-28,2026-07-28,60200.00,CE,BANKNIFTY26JUL60200CE,4.00,4.00,0.05,0.75,0.05,1.60,56755.60,56755.60,81270,28830,11676,21087243148.50,3794,F1,30,,,,,
2026-07-28,2026-07-28,FO,NSE,IDO,61867,,BANKNIFTY,,2026-07-28,2026-07-28,57000.00,CE,BANKNIFTY26JUL57000CE,200.10,212.75,0.05,0.65,0.05,287.75,56755.60,56755.60,2723970,1525170,6823783,11677663504738.50,2206738,F1,30,,,,,
2026-07-28,2026-07-28,FO,NSE,IDO,61863,,BANKNIFTY,,2026-07-28,2026-07-28,56900.00,CE,BANKNIFTY26JUL56900CE,275.80,275.85,0.05,1.00,0.05,357.80,56755.60,56755.60,2522700,2339250,5654052,9659981481567.00,2140238,F1,30,,,,,
2026-07-28,2026-07-28,FO,NSE,IDO,61841,,BANKNIFTY,,2026-07-28,2026-07-28,56300.00,CE,BANKNIFTY26JUL56300CE,707.40,767.90,381.35,434.60,457.05,886.65,56755.60,56755.60,39690,-16830,19651,33503684365.50,11749,F1,30,,,,,
2026-07-28,2026-07-28,FO,NSE,IDO,61837,,BANKNIFTY,,2026-07-28,2026-07-28,56100.00,CE,BANKNIFTY26JUL56100CE,925.65,962.55,587.75,643.10,654.15,1082.00,56755.60,56755.60,49020,-18360,3466,5907762006.00,1937,F1,30,,,,,
2026-07-28,2026-07-28,FO,NSE,IDO,61829,,BANKNIFTY,,2026-07-28,2026-07-28,55700.00,CE,BANKNIFTY26JUL55700CE,1350.00,1350.00,990.00,1037.95,1063.55,1487.05,56755.60,56755.60,5940,-1530,293,499597170.00,176,F1,30,,,,,
2026-07-28,2026-07-28,FO,NSE,IDO,61821,,BANKNIFTY,,2026-07-28,2026-07-28,55500.00,CE,BANKNIFTY26JUL55500CE,1682.60,1682.60,1189.45,1244.85,1258.70,1675.55,56755.60,56755.60,32220,-7440,899,1534100049.00,567,F1,30,,,,,
2026-07-28,2026-07-28,FO,NSE,IDO,61762,,BANKNIFTY,,2026-07-28,2026-07-28,53300.00,CE,BANKNIFTY26JUL53300CE,3660.00,3660.00,3431.00,3431.00,3431.00,3200.00,56755.60,56755.60,420,-60,2,3410730.00,2,F1,30,,,,,
2026-07-28,2026-07-28,FO,NSE,IDO,61716,,BANKNIFTY,,2026-07-28,2026-07-28,51500.00,CE,BANKNIFTY26JUL51500CE,5600.00,5600.00,5550.00,5577.55,5577.55,5600.00,56755.60,56755.60,240,-30,3,5136826.50,3,F1,30,,,,,
2026-07-28,2026-07-28,FO,NSE,IDO,61712,,BANKNIFTY,,2026-07-28,2026-07-28,51300.00,CE,BANKNIFTY26JUL51300CE,0.00,0.00,0.00,5445.25,0.00,5445.25,56755.60,56755.60,0,0,0,0.00,0,F1,30,,,,,
2026-07-28,2026-07-28,FO,NSE,IDO,61677,,BANKNIFTY,,2026-07-28,2026-07-28,49800.00,CE,BANKNIFTY26JUL49800CE,0.00,0.00,0.00,6667.90,0.00,6667.90,56755.60,56755.60,0,0,0,0.00,0,F1,30,,,,,
2026-07-28,2026-07-28,FO,NSE,IDO,61645,,BANKNIFTY,,2026-07-28,2026-07-28,48500.00,CE,BANKNIFTY26JUL48500CE,0.00,0.00,0.00,7803.15,0.00,7803.15,56755.60,56755.60,0,0,0,0.00,0,F1,30,,,,,
2026-07-28,2026-07-28,FO,NSE,IDO,61584,,BANKNIFTY,,2026-07-28,2026-07-28,46000.00,CE,BANKNIFTY26JUL46000CE,11000.05,11044.80,10730.00,10758.70,10787.35,11186.50,56755.60,56755.60,2760,-4260,215,367530303.00,175,F1,30,,,,,
2026-07-28,2026-07-28,FO,NSE,IDO,59215,,BANKNIFTY,,2026-08-25,2026-08-25,60800.00,PE,BANKNIFTY26AUG60800PE,0.00,0.00,0.00,2625.95,2625.95,2625.95,56755.60,3990.95,30,0,0,0.00,0,F1,30,,,,,
2026-07-28,2026-07-28,FO,NSE,IDO,62029,,BANKNIFTY,,2026-07-28,2026-07-28,61900.00,CE,BANKNIFTY26JUL61900CE,1.80,5.80,0.05,1.15,0.10,1.05,56755.60,56755.60,23550,8100,3393,6300915517.50,972,F1,30,,,,,
2026-07-28,2026-07-28,FO,NSE,IDO,62041,,BANKNIFTY,,2026-07-28,2026-07-28,62300.00,CE,BANKNIFTY26JUL62300CE,1.20,2.20,0.05,0.40,0.05,1.10,56755.60,56755.60,14400,-9540,931,1740057019.50,302,F1,30,,,,,
2026-07-28,2026-07-28,FO,NSE,IDO,62095,,BANKNIFTY,,2026-07-28,2026-07-28,64000.00,CE,BANKNIFTY26JUL64000CE,0.65,1.55,0.05,0.35,0.05,0.80,56755.60,56755.60,51630,-26520,5900,11328067239.00,2372,F1,30,,,,,
2026-07-28,2026-07-28,FO,NSE,IDO,58702,,BANKNIFTY,,2026-08-25,2026-08-25,46000.00,CE,BANKNIFTY26AUG46000CE,10980.00,11110.00,10824.55,10850.80,10914.35,11251.75,56755.60,10850.80,19140,6060,210,359244870.00,201,F1,30,,,,,
2026-07-28,2026-07-28,FO,NSE,IDO,58718,,BANKNIFTY,,2026-08-25,2026-08-25,46500.00,CE,BANKNIFTY26AUG46500CE,0.00,0.00,0.00,9370.10,0.00,9370.10,56755.60,10471.80,0,0,0,0.00,0,F1,30,,,,,
2026-07-28,2026-07-28,FO,NSE,IDO,58812,,BANKNIFTY,,2026-08-25,2026-08-25,49000.00,CE,BANKNIFTY26AUG49000CE,8031.70,8031.70,8031.70,8031.70,8031.70,8293.65,56755.60,7987.45,210,30,1,1710951.00,1,F1,30,,,,,
2026-07-28,2026-07-28,FO,NSE,IDO,58840,,BANKNIFTY,,2026-08-25,2026-08-25,49500.00,CE,BANKNIFTY26AUG49500CE,7640.00,7640.00,7590.00,7595.35,7595.35,7450.00,56755.60,7492.90,1860,90,8,13703932.50,8,F1,30,,,,,
2026-07-28,2026-07-28,FO,NSE,IDO,58844,,BANKNIFTY,,2026-08-25,2026-08-25,49700.00,CE,BANKNIFTY26AUG49700CE,0.00,0.00,0.00,6500.70,0.00,6500.70,56755.60,7295.55,0,0,0,0.00,0,F1,30,,,,,
2026-07-28,2026-07-28,FO,NSE,IDO,58916,,BANKNIFTY,,2026-08-25,2026-08-25,51800.00,CE,BANKNIFTY26AUG51800CE,0.00,0.00,0.00,4838.30,0.00,4838.30,56755.60,5259.65,0,0,0,0.00,0,F1,30,,,,,
2026-07-28,2026-07-28,FO,NSE,IDO,58934,,BANKNIFTY,,2026-08-25,2026-08-25,52700.00,CE,BANKNIFTY26AUG52700CE,0.00,0.00,0.00,4198.35,0.00,4198.35,56755.60,4426.75,0,0,0,0.00,0,F1,30,,,,,
2026-07-28,2026-07-28,FO,NSE,IDO,58941,,BANKNIFTY,,2026-08-25,2026-08-25,53000.00,CE,BANKNIFTY26AUG53000CE,4300.00,4300.00,3990.00,4018.85,4057.15,4415.55,56755.60,4018.85,47640,10620,623,1067404612.50,451,F1,30,,,,,
2026-07-28,2026-07-28,FO,NSE,IDO,58982,,BANKNIFTY,,2026-08-25,2026-08-25,54200.00,CE,BANKNIFTY26AUG54200CE,0.00,0.00,0.00,3717.40,3717.40,3717.40,56755.60,3143.45,0,0,0,0.00,0,F1,30,,,,,
2026-07-28,2026-07-28,FO,NSE,IDO,59004,,BANKNIFTY,,2026-08-25,2026-08-25,55000.00,CE,BANKNIFTY26AUG55000CE,2450.05,2517.85,2204.00,2246.95,2285.00,2582.80,56755.60,2246.95,93930,3030,1102,1895034445.50,574,F1,30,,,,,
2026-07-28,2026-07-28,FO,NSE,IDO,59149,,BANKNIFTY,,2026-08-25,2026-08-25,59200.00,CE,BANKNIFTY26AUG59200CE,232.00,232.00,175.20,183.90,191.80,244.60,56755.60,183.90,19680,3900,634,1129772868.00,421,F1,30,,,,,
2026-07-28,2026-07-28,FO,NSE,IDO,59153,,BANKNIFTY,,2026-08-25,2026-08-25,59400.00,CE,BANKNIFTY26AUG59400CE,203.30,203.30,149.00,155.70,159.45,204.95,56755.60,155.70,7680,2130,459,820275561.00,341,F1,30,,,,,
2026-07-28,2026-07-28,FO,NSE,IDO,59161,,BANKNIFTY,,2026-08-25,2026-08-25,59700.00,CE,BANKNIFTY26AUG59700CE,0.00,0.00,0.00,997.85,0.00,997.85,56755.60,408.90,0,0,0,0.00,0,F1,30,,,,,
2026-07-28,2026-07-28,FO,NSE,IDO,59212,,BANKNIFTY,,2026-08-25,2026-08-25,60700.00,CE,BANKNIFTY26AUG60700CE,0.00,0.00,0.00,772.10,0.00,772.10,56755.60,242.00,0,0,0,0.00,0,F1,30,,,,,
2026-07-28,2026-07-28,FO,NSE,IDO,59214,,BANKNIFTY,,2026-08-25,2026-08-25,60800.00,CE,BANKNIFTY26AUG60800CE,0.00,0.00,0.00,752.15,0.00,752.15,56755.60,229.00,0,0,0,0.00,0,F1,30,,,,,
2026-07-28,2026-07-28,FO,NSE,IDO,59217,,BANKNIFTY,,2026-08-25,2026-08-25,60900.00,CE,BANKNIFTY26AUG60900CE,0.00,0.00,0.00,732.65,0.00,732.65,56755.60,216.60,0,0,0,0.00,0,F1,30,,,,,
2026-07-28,2026-07-28,FO,NSE,IDO,59226,,BANKNIFTY,,2026-08-25,2026-08-25,61100.00,CE,BANKNIFTY26AUG61100CE,0.00,0.00,0.00,694.85,0.00,694.85,56755.60,193.45,0,0,0,0.00,0,F1,30,,,,,
2026-07-28,2026-07-28,FO,NSE,IDO,59232,,BANKNIFTY,,2026-08-25,2026-08-25,61400.00,CE,BANKNIFTY26AUG61400CE,0.00,0.00,0.00,641.20,0.00,641.20,56755.60,162.70,0,0,0,0.00,0,F1,30,,,,,
2026-07-28,2026-07-28,FO,NSE,IDO,59314,,BANKNIFTY,,2026-08-25,2026-08-25,63900.00,CE,BANKNIFTY26AUG63900CE,0.00,0.00,0.00,314.70,0.00,314.70,56755.60,32.20,0,0,0,0.00,0,F1,30,,,,,
2026-07-28,2026-07-28,FO,NSE,IDO,52270,,BANKNIFTY,,2026-09-29,2026-09-29,46500.00,CE,BANKNIFTY26SEP46500CE,0.00,0.00,0.00,11298.00,0.00,11298.00,56755.60,10795.05,0,0,0,0.00,0,F1,30,,,,,
2026-07-28,2026-07-28,FO,NSE,IDO,69799,,BANKNIFTY,,2026-09-29,2026-09-29,56400.00,CE,BANKNIFTY26SEP56400CE,0.00,0.00,0.00,3522.55,0.00,3522.55,56755.60,2485.85,0,0,0,0.00,0,F1,30,,,,,
2026-07-28,2026-07-28,FO,NSE,IDO,69815,,BANKNIFTY,,2026-09-29,2026-09-29,57200.00,CE,BANKNIFTY26SEP57200CE,0.00,0.00,0.00,3061.35,0.00,3061.35,56755.60,2065.20,0,0,0,0.00,0,F1,30,,,,,
2026-07-28,2026-07-28,FO,NSE,IDO,69840,,BANKNIFTY,,2026-09-29,2026-09-29,58100.00,CE,BANKNIFTY26SEP58100CE,0.00,0.00,0.00,1722.60,1722.60,1722.60,56755.60,1652.80,120,0,0,0.00,0,F1,30,,,,,
2026-07-28,2026-07-28,FO,NSE,IDO,69944,,BANKNIFTY,,2026-09-29,2026-09-29,59500.00,CE,BANKNIFTY26SEP59500CE,0.00,0.00,0.00,1962.75,0.00,1962.75,56755.60,1133.55,0,0,0,0.00,0,F1,30,,,,,
2026-07-28,2026-07-28,FO,NSE,IDO,69982,,BANKNIFTY,,2026-09-29,2026-09-29,59600.00,CE,BANKNIFTY26SEP59600CE,0.00,0.00,0.00,1010.00,1010.00,1010.00,56755.60,1101.85,420,0,0,0.00,0,F1,30,,,,,
2026-07-28,2026-07-28,FO,NSE,IDO,61988,,BANKNIFTY,,2026-07-28,2026-07-28,60600.00,PE,BANKNIFTY26JUL60600PE,0.00,0.00,0.00,2670.05,2670.05,2670.05,56755.60,56755.60,150,0,0,0.00,0,F1,30,,,,,
2026-07-28,2026-07-28,FO,NSE,IDO,62032,,BANKNIFTY,,2026-07-28,2026-07-28,62000.00,PE,BANKNIFTY26JUL62000PE,4980.00,5376.25,4974.05,5298.50,5257.40,4833.65,56755.60,56755.60,62550,-1710,482,970463329.50,396,F1,30,,,,,
2026-07-28,2026-07-28,FO,NSE,IDO,58801,,BANKNIFTY,,2026-08-25,2026-08-25,48600.00,PE,BANKNIFTY26AUG48600PE,16.25,17.50,16.25,16.60,17.50,239.55,56755.60,16.60,120,120,4,5833987.50,4,F1,30,,,,,
2026-07-28,2026-07-28,FO,NSE,IDO,58879,,BANKNIFTY,,2026-08-25,2026-08-25,51000.00,PE,BANKNIFTY26AUG51000PE,28.85,32.25,24.80,28.05,28.40,27.50,56755.60,28.05,128040,33540,4113,6296364147.00,1722,F1,30,,,,,
2026-07-28,2026-07-28,FO,NSE,IDO,58987,,BANKNIFTY,,2026-08-25,2026-08-25,54300.00,PE,BANKNIFTY26AUG54300PE,154.95,178.85,150.45,166.90,164.10,151.40,56755.60,166.90,5760,2580,221,361102330.50,145,F1,30,,,,,
2026-07-28,2026-07-28,FO,NSE,IDO,59001,,BANKNIFTY,,2026-08-25,2026-08-25,54800.00,PE,BANKNIFTY26AUG54800PE,220.00,250.85,207.20,234.55,233.65,203.80,56755.60,234.55,9000,2820,365,602587651.50,245,F1,30,,,,,
2026-07-28,2026-07-28,FO,NSE,IDO,59013,,BANKNIFTY,,2026-08-25,2026-08-25,55400.00,PE,BANKNIFTY26AUG55400PE,316.50,361.15,309.35,347.15,336.90,294.30,56755.60,347.15,8130,2640,314,525075388.50,226,F1,30,,,,,
2026-07-28,2026-07-28,FO,NSE,IDO,59043,,BANKNIFTY,,2026-08-25,2026-08-25,56100.00,PE,BANKNIFTY26AUG56100PE,485.05,559.90,467.00,535.35,522.70,445.30,56755.60,535.35,20790,3690,609,1034523343.50,469,F1,30,,,,,
2026-07-28,2026-07-28,FO,NSE,IDO,59056,,BANKNIFTY,,2026-08-25,2026-08-25,56500.00,PE,BANKNIFTY26AUG56500PE,609.40,704.00,591.25,681.80,660.00,557.50,56755.60,681.80,340980,49170,11728,20110430380.50,8162,F1,30,,,,,
2026-07-28,2026-07-28,FO,NSE,IDO,59089,,BANKNIFTY,,2026-08-25,2026-08-25,57400.00,PE,BANKNIFTY26AUG57400PE,925.00,1132.80,925.00,1090.95,1077.30,902.90,56755.60,1090.95,17820,1140,1970,3454463548.50,1537,F1,30,,,,,
2026-07-28,2026-07-28,FO,NSE,IDO,59112,,BANKNIFTY,,2026-08-25,2026-08-25,58100.00,PE,BANKNIFTY26AUG58100PE,1450.00,1541.20,1385.55,1518.70,1500.00,1268.10,56755.60,1518.70,8670,990,77,137666400.00,51,F1,30,,,,,
2026-07-28,2026-07-28,FO,NSE,IDO,59138,,BANKNIFTY,,2026-08-25,2026-08-25,58700.00,PE,BANKNIFTY26AUG58700PE,1850.00,1954.60,1783.45,1954.60,1954.60,1652.70,56755.60,1954.60,2040,420,16,29048175.00,13,F1,30,,,,,
2026-07-28,2026-07-28,FO,NSE,IDO,58917,,BANKNIFTY,,2026-08-25,2026-08-25,51800.00,PE,BANKNIFTY26AUG51800PE,41.80,41.80,35.00,35.80,36.00,40.10,56755.60,35.80,1530,120,41,63760281.00,21,F1,30,,,,,
2026-07-28,2026-07-28,FO,NSE,IDO,58937,,BANKNIFTY,,2026-08-25,2026-08-25,52800.00,PE,BANKNIFTY26AUG52800PE,64.45,70.75,57.60,62.05,65.40,62.20,56755.60,62.05,10320,3960,240,380613073.50,113,F1,30,,,,,
2026-07-28,2026-07-28,FO,NSE,IDO,58957,,BANKNIFTY,,2026-08-25,2026-08-25,53300.00,PE,BANKNIFTY26AUG53300PE,89.25,109.70,78.20,87.20,83.10,83.15,56755.60,87.20,5790,3090,237,379587258.00,113,F1,30,,,,,
2026-07-28,2026-07-28,FO,NSE,IDO,58993,,BANKNIFTY,,2026-08-25,2026-08-25,54500.00,PE,BANKNIFTY26AUG54500PE,191.30,205.50,173.50,193.40,190.00,171.10,56755.60,193.40,155010,40560,5563,9127385116.50,2980,F1,30,,,,,
2026-07-28,2026-07-28,FO,NSE,IDO,59011,,BANKNIFTY,,2026-08-25,2026-08-25,55300.00,PE,BANKNIFTY26AUG55300PE,286.00,349.70,285.75,326.55,322.00,277.65,56755.60,326.55,11640,3300,308,513911794.50,258,F1,30,,,,,
2026-07-28,2026-07-28,FO,NSE,IDO,59015,,BANKNIFTY,,2026-08-25,2026-08-25,55500.00,PE,BANKNIFTY26AUG55500PE,340.00,384.40,325.80,368.50,362.10,310.00,56755.60,368.50,203010,49740,6484,10865304930.00,3762,F1,30,,,,,
2026-07-28,2026-07-28,FO,NSE,IDO,59021,,BANKNIFTY,,2026-08-25,2026-08-25,55600.00,PE,BANKNIFTY26AUG55600PE,351.05,410.00,346.00,394.70,389.55,327.30,56755.60,394.70,13440,4020,552,927060279.00,339,F1,30,,,,,
2026-07-28,2026-07-28,FO,NSE,IDO,59048,,BANKNIFTY,,2026-08-25,2026-08-25,56300.00,PE,BANKNIFTY26AUG56300PE,530.00,627.10,528.35,606.65,594.50,497.40,56755.60,606.65,24330,-7830,1361,2322338371.50,1094,F1,30,,,,,
2026-07-28,2026-07-28,FO,NSE,IDO,59074,,BANKNIFTY,,2026-08-25,2026-08-25,56800.00,PE,BANKNIFTY26AUG56800PE,729.40,833.30,702.05,804.75,772.00,657.80,56755.60,804.75,75330,48630,8971,15499158981.00,6162,F1,30,,,,,
2026-07-28,2026-07-28,FO,NSE,IDO,59095,,BANKNIFTY,,2026-08-25,2026-08-25,57700.00,PE,BANKNIFTY26AUG57700PE,1146.55,1298.00,1120.10,1273.30,1240.10,1048.75,56755.60,1273.30,14850,2250,291,514376409.00,215,F1,30,,,,,
2026-07-28,2026-07-28,FO,NSE,IDO,59140,,BANKNIFTY,,2026-08-25,2026-08-25,58800.00,PE,BANKNIFTY26AUG58800PE,1868.15,2060.00,1850.00,2047.85,2019.60,2054.15,56755.60,2047.85,3090,1710,86,156590580.00,41,F1,30,,,,,
2026-07-28,2026-07-28,FO,NSE,IDO,59166,,BANKNIFTY,,2026-08-25,2026-08-25,59900.00,PE,BANKNIFTY26AUG59900PE,0.00,0.00,0.00,2982.90,2982.90,2982.90,56755.60,3235.75,30,0,0,0.00,0,F1,30,,,,,
2026-07-28,2026-07-28,FO,NSE,IDO,59247,,BANKNIFTY,,2026-08-25,2026-08-25,61600.00,PE,BANKNIFTY26AUG61600PE,0.00,0.00,0.00,6204.45,0.00,6204.45,56755.60,4702.80,0,0,0,0.00,0,F1,30,,,,,
2026-07-28,2026-07-28,FO,NSE,IDO,59249,,BANKNIFTY,,2026-08-25,2026-08-25,61700.00,PE,BANKNIFTY26AUG61700PE,0.00,0.00,0.00,6286.60,0.00,6286.60,56755.60,4793.95,0,0,0,0.00,0,F1,30,,,,,
2026-07-28,2026-07-28,FO,NSE,IDO,59261,,BANKNIFTY,,2026-08-25,2026-08-25,62300.00,PE,BANKNIFTY26AUG62300PE,0.00,0.00,0.00,6787.25,0.00,6787.25,56755.60,5349.15,0,0,0,0.00,0,F1,30,,,,,
2026-07-28,2026-07-28,FO,NSE,IDO,59299,,BANKNIFTY,,2026-08-25,2026-08-25,63400.00,PE,BANKNIFTY26AUG63400PE,0.00,0.00,0.00,7735.45,0.00,7735.45,56755.60,6395.55,0,0,0,0.00,0,F1,30,,,,,
2026-07-28,2026-07-28,FO,NSE,IDO,52281,,BANKNIFTY,,2026-09-29,2026-09-29,49500.00,PE,BANKNIFTY26SEP49500PE,50.05,55.00,50.00,55.00,55.00,56.65,56755.60,55.00,24660,-30,15,22299451.50,6,F1,30,,,,,
2026-07-28,2026-07-28,FO,NSE,IDO,69683,,BANKNIFTY,,2026-09-29,2026-09-29,52900.00,PE,BANKNIFTY26SEP52900PE,0.00,0.00,0.00,539.95,0.00,539.95,56755.60,440.00,0,0,0,0.00,0,F1,30,,,,,
2026-07-28,2026-07-28,FO,NSE,IDO,69709,,BANKNIFTY,,2026-09-29,2026-09-29,54300.00,PE,BANKNIFTY26SEP54300PE,0.00,0.00,0.00,849.15,0.00,849.15,56755.60,757.30,0,0,0,0.00,0,F1,30,,,,,
2026-07-28,2026-07-28,FO,NSE,IDO,69778,,BANKNIFTY,,2026-09-29,2026-09-29,55400.00,PE,BANKNIFTY26SEP55400PE,0.00,0.00,0.00,1163.10,1163.10,1163.10,56755.60,1097.70,30,0,0,0.00,0,F1,30,,,,,
2026-07-28,2026-07-28,FO,NSE,IDO,69804,,BANKNIFTY,,2026-09-29,2026-09-29,56600.00,PE,BANKNIFTY26SEP56600PE,0.00,0.00,0.00,1241.10,1241.10,1241.10,56755.60,1577.30,1080,0,0,0.00,0,F1,30,,,,,
2026-07-28,2026-07-28,FO,NSE,IDO,69812,,BANKNIFTY,,2026-09-29,2026-09-29,56900.00,PE,BANKNIFTY26SEP56900PE,0.00,0.00,0.00,1713.85,0.00,1713.85,56755.60,1715.05,0,0,0,0.00,0,F1,30,,,,,
2026-07-28,2026-07-28,FO,NSE,IDO,69823,,BANKNIFTY,,2026-09-29,2026-09-29,57500.00,PE,BANKNIFTY26SEP57500PE,1240.80,1363.55,1217.15,1339.55,1311.55,1145.60,56755.60,1339.55,31020,9480,654,1152981735.00,621,F1,30,,,,,
2026-07-28,2026-07-28,FO,NSE,IDO,69846,,BANKNIFTY,,2026-09-29,2026-09-29,58200.00,PE,BANKNIFTY26SEP58200PE,0.00,0.00,0.00,1652.85,1652.85,1652.85,56755.60,2394.05,750,0,0,0.00,0,F1,30,,,,,
2026-07-28,2026-07-28,FO,NSE,IDO,69993,,BANKNIFTY,,2026-09-29,2026-09-29,59600.00,PE,BANKNIFTY26SEP59600PE,0.00,0.00,0.00,3065.45,0.00,3065.45,56755.60,3269.10,0,0,0,0.00,0,F1,30,,,,,
2026-07-28,2026-07-28,FO,NSE,IDO,70003,,BANKNIFTY,,2026-09-29,2026-09-29,59800.00,PE,BANKNIFTY26SEP59800PE,0.00,0.00,0.00,3183.70,0.00,3183.70,56755.60,3405.45,0,0,0,0.00,0,F1,30,,,,,
2026-07-28,2026-07-28,FO,NSE,IDO,70046,,BANKNIFTY,,2026-09-29,2026-09-29,61800.00,PE,BANKNIFTY26SEP61800PE,0.00,0.00,0.00,4492.50,0.00,4492.50,56755.60,4905.50,0,0,0,0.00,0,F1,30,,,,,
2026-07-28,2026-07-28,FO,NSE,IDO,70079,,BANKNIFTY,,2026-09-29,2026-09-29,62100.00,PE,BANKNIFTY26SEP62100PE,0.00,0.00,0.00,4707.30,0.00,4707.30,56755.60,5149.15,0,0,0,0.00,0,F1,30,,,,,
2026-07-28,2026-07-28,FO,NSE,IDO,70096,,BANKNIFTY,,2026-09-29,2026-09-29,62900.00,PE,BANKNIFTY26SEP62900PE,0.00,0.00,0.00,5304.65,0.00,5304.65,56755.60,5818.65,0,0,0,0.00,0,F1,30,,,,,
2026-07-28,2026-07-28,FO,NSE,IDO,70102,,BANKNIFTY,,2026-09-29,2026-09-29,63300.00,PE,BANKNIFTY26SEP63300PE,0.00,0.00,0.00,5610.45,0.00,5610.45,56755.60,6163.15,0,0,0,0.00,0,F1,30,,,,,
2026-07-28,2026-07-28,FO,NSE,IDO,52421,,BANKNIFTY,,2026-09-29,2026-09-29,66000.00,PE,BANKNIFTY26SEP66000PE,0.00,0.00,0.00,8825.75,0.00,8825.75,56755.60,8615.70,0,0,0,0.00,0,F1,30,,,,,
2026-07-28,2026-07-28,FO,NSE,IDO,53227,,BANKNIFTY,,2026-12-29,2026-12-29,55500.00,PE,BANKNIFTY26DEC55500PE,0.00,0.00,0.00,1066.65,0.00,1066.65,56755.60,1805.80,0,0,0,0.00,0,F1,30,,,,,
2026-07-28,2026-07-28,FO,NSE,IDO,53251,,BANKNIFTY,,2026-12-29,2026-12-29,66000.00,PE,BANKNIFTY26DEC66000PE,0.00,0.00,0.00,7592.00,7592.00,7592.00,56755.60,8240.20,60,0,0,0.00,0,F1,30,,,,,
2026-07-28,2026-07-28,FO,NSE,IDO,76389,,BANKNIFTY,,2027-03-30,2027-03-30,49500.00,PE,BANKNIFTY27MAR49500PE,0.00,0.00,0.00,2038.80,0.00,2038.80,56755.60,660.35,0,0,0,0.00,0,F1,30,,,,,
2026-07-28,2026-07-28,FO,NSE,IDO,76391,,BANKNIFTY,,2027-03-30,2027-03-30,51000.00,PE,BANKNIFTY27MAR51000PE,0.00,0.00,0.00,2587.90,0.00,2587.90,56755.60,930.45,0,0,0,0.00,0,F1,30,,,,,
2026-07-28,2026-07-28,FO,NSE,IDO,76397,,BANKNIFTY,,2027-03-30,2027-03-30,55500.00,PE,BANKNIFTY27MAR55500PE,0.00,0.00,0.00,4717.35,0.00,4717.35,56755.60,2192.50,0,0,0,0.00,0,F1,30,,,,,
2026-07-28,2026-07-28,FO,NSE,IDO,76432,,BANKNIFTY,,2027-03-30,2027-03-30,64500.00,PE,BANKNIFTY27MAR64500PE,0.00,0.00,0.00,10820.75,0.00,10820.75,56755.60,6978.90,0,0,0,0.00,0,F1,30,,,,,
2026-07-28,2026-07-28,FO,NSE,IDO,59266,,BANKNIFTY,,2026-08-25,2026-08-25,62500.00,CE,BANKNIFTY26AUG62500CE,19.60,20.00,13.00,15.40,14.85,16.55,56755.60,15.40,49860,5610,1095,2053636342.50,487,F1,30,,,,,
2026-07-28,2026-07-28,FO,NSE,IDO,59159,,BANKNIFTY,,2026-08-25,2026-08-25,59600.00,CE,BANKNIFTY26AUG59600CE,173.05,173.05,126.40,130.30,137.15,174.80,56755.60,130.30,17430,2220,910,1630918065.00,505,F1,30,,,,,
2026-07-28,2026-07-28,FO,NSE,IDO,59096,,BANKNIFTY,,2026-08-25,2026-08-25,57800.00,CE,BANKNIFTY26AUG57800CE,645.95,664.65,519.00,533.60,554.50,699.90,56755.60,533.60,72240,16380,2685,4701611784.00,1546,F1,30,,,,,
2026-07-28,2026-07-28,FO,NSE,IDO,59047,,BANKNIFTY,,2026-08-25,2026-08-25,56300.00,CE,BANKNIFTY26AUG56300CE,1422.00,1453.80,1273.50,1306.10,1333.70,1581.20,56755.60,1306.10,5580,-960,152,262829983.50,110,F1,30,,,,,
2026-07-28,2026-07-28,FO,NSE,IDO,59016,,BANKNIFTY,,2026-08-25,2026-08-25,55600.00,CE,BANKNIFTY26AUG55600CE,1900.00,1900.00,1784.45,1784.45,1784.45,1960.00,56755.60,2121.55,420,60,3,5169249.00,3,F1,30,,,,,
2026-07-28,2026-07-28,FO,NSE,IDO,59010,,BANKNIFTY,,2026-08-25,2026-08-25,55300.00,CE,BANKNIFTY26AUG55300CE,2167.85,2167.85,2040.80,2052.90,2052.90,2340.00,56755.60,2323.10,690,120,11,18933813.00,8,F1,30,,,,,
2026-07-28,2026-07-28,FO,NSE,IDO,58976,,BANKNIFTY,,2026-08-25,2026-08-25,53900.00,CE,BANKNIFTY26AUG53900CE,0.00,0.00,0.00,3424.65,0.00,3424.65,56755.60,3386.75,0,0,0,0.00,0,F1,30,,,,,
2026-07-28,2026-07-28,FO,NSE,IDO,58946,,BANKNIFTY,,2026-08-25,2026-08-25,53100.00,CE,BANKNIFTY26AUG53100CE,0.00,0.00,0.00,3930.25,0.00,3930.25,56755.60,4069.55,0,0,0,0.00,0,F1,30,,,,,
2026-07-28,2026-07-28,FO,NSE,IDO,58928,,BANKNIFTY,,2026-08-25,2026-08-25,52400.00,CE,BANKNIFTY26AUG52400CE,0.00,0.00,0.00,4408.20,0.00,4408.20,56755.60,4700.35,0,0,0,0.00,0,F1,30,,,,,
2026-07-28,2026-07-28,FO,NSE,IDO,58804,,BANKNIFTY,,2026-08-25,2026-08-25,48700.00,CE,BANKNIFTY26AUG48700CE,0.00,0.00,0.00,7362.25,0.00,7362.25,56755.60,8284.80,0,0,0,0.00,0,F1,30,,,,,
2026-07-28,2026-07-28,FO,NSE,IDO,58800,,BANKNIFTY,,2026-08-25,2026-08-25,48600.00,CE,BANKNIFTY26AUG48600CE,0.00,0.00,0.00,7450.45,0.00,7450.45,56755.60,8384.05,0,0,0,0.00,0,F1,30,,,,,
2026-07-28,2026-07-28,FO,NSE,IDO,62108,,BANKNIFTY,,2026-07-28,2026-07-28,64500.00,CE,BANKNIFTY26JUL64500CE,0.85,2.40,0.05,1.05,0.05,0.80,56755.60,56755.60,23970,-3420,715,1383539043.00,319,F1,30,,,,,
2026-07-28,2026-07-28,FO,NSE,IDO,62097,,BANKNIFTY,,2026-07-28,2026-07-28,64100.00,CE,BANKNIFTY26JUL64100CE,1.05,1.05,0.05,0.60,0.05,1.40,56755.60,56755.60,1380,540,90,173071696.50,19,F1,30,,,,,
2026-07-28,2026-07-28,FO,NSE,IDO,62065,,BANKNIFTY,,2026-07-28,2026-07-28,62800.00,CE,BANKNIFTY26JUL62800CE,0.75,1.95,0.05,0.60,0.05,1.15,56755.60,56755.60,2340,-4020,382,719695212.00,114,F1,30,,,,,
2026-07-28,2026-07-28,FO,NSE,IDO,62057,,BANKNIFTY,,2026-07-28,2026-07-28,62600.00,CE,BANKNIFTY26JUL62600CE,0.80,1.95,0.05,0.55,0.05,0.90,56755.60,56755.60,5670,-2970,473,888301350.00,122,F1,30,,,,,
2026-07-28,2026-07-28,FO,NSE,IDO,62019,,BANKNIFTY,,2026-07-28,2026-07-28,61600.00,CE,BANKNIFTY26JUL61600CE,1.05,9.95,0.05,1.85,0.10,1.45,56755.60,56755.60,11220,-14670,3576,6608611701.00,1158,F1,30,,,,,
2026-07-28,2026-07-28,FO,NSE,IDO,61917,,BANKNIFTY,,2026-07-28,2026-07-28,59000.00,CE,BANKNIFTY26JUL59000CE,2.00,3.15,0.05,0.40,0.10,3.80,56755.60,56755.60,1220850,-193230,365868,647603317555.50,82564,F1,30,,,,,
2026-07-28,2026-07-28,FO,NSE,IDO,61889,,BANKNIFTY,,2026-07-28,2026-07-28,58000.00,CE,BANKNIFTY26JUL58000CE,9.40,9.40,0.05,0.45,0.05,18.60,56755.60,56755.60,1442610,-457140,892565,1553124947931.00,236317,F1,30,,,,,
2026-07-28,2026-07-28,FO,NSE,IDO,61887,,BANKNIFTY,,2026-07-28,2026-07-28,57900.00,CE,BANKNIFTY26JUL57900CE,7.10,12.40,0.05,0.55,0.05,22.90,56755.60,56755.60,363870,-25950,318165,552677851453.50,98859,F1,30,,,,,
2026-07-28,2026-07-28,FO,NSE,IDO,61869,,BANKNIFTY,,2026-07-28,2026-07-28,57100.00,CE,BANKNIFTY26JUL57100CE,176.95,176.95,0.05,0.55,0.05,225.85,56755.60,56755.60,943860,521250,3265781,5597482539609.00,1155883,F1,30,,,,,
2026-07-28,2026-07-28,FO,NSE,IDO,61835,,BANKNIFTY,,2026-07-28,2026-07-28,56000.00,CE,BANKNIFTY26JUL56000CE,1143.20,1171.75,687.80,737.30,753.25,1178.45,56755.60,56755.60,86790,-80250,15600,26613747645.00,8737,F1,30,,,,,
2026-07-28,2026-07-28,FO,NSE,IDO,61756,,BANKNIFTY,,2026-07-28,2026-07-28,53000.00,CE,BANKNIFTY26JUL53000CE,4035.30,4050.00,3695.00,3743.20,3760.00,4164.80,56755.60,56755.60,29040,-13710,629,1074116719.50,446,F1,30,,,,,
2026-07-28,2026-07-28,FO,NSE,IDO,61701,,BANKNIFTY,,2026-07-28,2026-07-28,50800.00,CE,BANKNIFTY26JUL50800CE,0.00,0.00,0.00,5841.00,0.00,5841.00,56755.60,56755.60,0,0,0,0.00,0,F1,30,,,,,
2026-07-28,2026-07-28,FO,NSE,IDO,61675,,BANKNIFTY,,2026-07-28,2026-07-28,49700.00,CE,BANKNIFTY26JUL49700CE,0.00,0.00,0.00,6752.95,0.00,6752.95,56755.60,56755.60,0,0,0,0.00,0,F1,30,,,,,
2026-07-28,2026-07-28,FO,NSE,IDO,61663,,BANKNIFTY,,2026-07-28,2026-07-28,49200.00,CE,BANKNIFTY26JUL49200CE,0.00,0.00,0.00,7184.25,0.00,7184.25,56755.60,56755.60,0,0,0,0.00,0,F1,30,,,,,
2026-07-28,2026-07-28,FO,NSE,IDO,61655,,BANKNIFTY,,2026-07-28,2026-07-28,48900.00,CE,BANKNIFTY26JUL48900CE,0.00,0.00,0.00,7447.45,0.00,7447.45,56755.60,56755.60,0,0,0,0.00,0,F1,30,,,,,
2026-07-28,2026-07-28,FO,NSE,IDO,58921,,BANKNIFTY,,2026-08-25,2026-08-25,52000.00,PE,BANKNIFTY26AUG52000PE,43.60,45.85,37.00,39.95,39.00,41.15,56755.60,39.95,185340,46140,5824,9092622393.00,2669,F1,30,,,,,
2026-07-28,2026-07-28,FO,NSE,IDO,59282,,BANKNIFTY,,2026-08-25,2026-08-25,62900.00,CE,BANKNIFTY26AUG62900CE,0.00,0.00,0.00,422.10,0.00,422.10,56755.60,63.90,0,0,0,0.00,0,F1,30,,,,,
2026-07-28,2026-07-28,FO,NSE,IDO,59319,,BANKNIFTY,,2026-08-25,2026-08-25,64100.00,CE,BANKNIFTY26AUG64100CE,0.00,0.00,0.00,296.35,0.00,296.35,56755.60,27.95,0,0,0,0.00,0,F1,30,,,,,
2026-07-28,2026-07-28,FO,NSE,IDO,69662,,BANKNIFTY,,2026-09-29,2026-09-29,51800.00,CE,BANKNIFTY26SEP51800CE,0.00,0.00,0.00,6901.65,0.00,6901.65,56755.60,5815.90,0,0,0,0.00,0,F1,30,,,,,
2026-07-28,2026-07-28,FO,NSE,IDO,69670,,BANKNIFTY,,2026-09-29,2026-09-29,52200.00,CE,BANKNIFTY26SEP52200CE,0.00,0.00,0.00,6565.65,0.00,6565.65,56755.60,5474.50,0,0,0,0.00,0,F1,30,,,,,
2026-07-28,2026-07-28,FO,NSE,IDO,69710,,BANKNIFTY,,2026-09-29,2026-09-29,54400.00,CE,BANKNIFTY26SEP54400CE,0.00,0.00,0.00,4852.25,0.00,4852.25,56755.60,3758.30,0,0,0,0.00,0,F1,30,,,,,
2026-07-28,2026-07-28,FO,NSE,IDO,69757,,BANKNIFTY,,2026-09-29,2026-09-29,54600.00,CE,BANKNIFTY26SEP54600CE,0.00,0.00,0.00,4708.60,0.00,4708.60,56755.60,3615.45,0,0,0,0.00,0,F1,30,,,,,
2026-07-28,2026-07-28,FO,NSE,IDO,69763,,BANKNIFTY,,2026-09-29,2026-09-29,54800.00,CE,BANKNIFTY26SEP54800CE,0.00,0.00,0.00,4564.90,0.00,4564.90,56755.60,3477.80,0,0,0,0.00,0,F1,30,,,,,
2026-07-28,2026-07-28,FO,NSE,IDO,69765,,BANKNIFTY,,2026-09-29,2026-09-29,54900.00,CE,BANKNIFTY26SEP54900CE,0.00,0.00,0.00,4495.20,0.00,4495.20,56755.60,3410.10,0,0,0,0.00,0,F1,30,,,,,
2026-07-28,2026-07-28,FO,NSE,IDO,69801,,BANKNIFTY,,2026-09-29,2026-09-29,56500.00,CE,BANKNIFTY26SEP56500CE,1870.00,1939.65,1753.35,1795.35,1815.00,2053.70,56755.60,1795.35,20520,-390,182,318647119.50,158,F1,30,,,,,
2026-07-28,2026-07-28,FO,NSE,IDO,69820,,BANKNIFTY,,2026-09-29,2026-09-29,57400.00,CE,BANKNIFTY26SEP57400CE,0.00,0.00,0.00,2952.45,0.00,2952.45,56755.60,1968.05,0,0,0,0.00,0,F1,30,,,,,
2026-07-28,2026-07-28,FO,NSE,IDO,69868,,BANKNIFTY,,2026-09-29,2026-09-29,58700.00,CE,BANKNIFTY26SEP58700CE,0.00,0.00,0.00,658.05,658.05,658.05,56755.60,1412.60,4200,0,0,0.00,0,F1,30,,,,,
2026-07-28,2026-07-28,FO,NSE,IDO,69996,,BANKNIFTY,,2026-09-29,2026-09-29,59800.00,CE,BANKNIFTY26SEP59800CE,0.00,0.00,0.00,1843.85,0.00,1843.85,56755.60,1040.45,0,0,0,0.00,0,F1,30,,,,,
2026-07-28,2026-07-28,FO,NSE,IDO,70015,,BANKNIFTY,,2026-09-29,2026-09-29,60300.00,CE,BANKNIFTY26SEP60300CE,0.00,0.00,0.00,1657.55,0.00,1657.55,56755.60,898.50,0,0,0,0.00,0,F1,30,,,,,
2026-07-28,2026-07-28,FO,NSE,IDO,70021,,BANKNIFTY,,2026-09-29,2026-09-29,60600.00,CE,BANKNIFTY26SEP60600CE,0.00,0.00,0.00,1552.75,0.00,1552.75,56755.60,823.40,0,0,0,0.00,0,F1,30,,,,,
2026-07-28,2026-07-28,FO,NSE,IDO,70037,,BANKNIFTY,,2026-09-29,2026-09-29,61400.00,CE,BANKNIFTY26SEP61400CE,0.00,0.00,0.00,1297.95,0.00,1297.95,56755.60,640.75,0,0,0,0.00,0,F1,30,,,,,
2026-07-28,2026-07-28,FO,NSE,IDO,70117,,BANKNIFTY,,2026-09-29,2026-09-29,64100.00,CE,BANKNIFTY26SEP64100CE,0.00,0.00,0.00,672.40,0.00,672.40,56755.60,252.90,0,0,0,0.00,0,F1,30,,,,,
2026-07-28,2026-07-28,FO,NSE,IDO,76396,,BANKNIFTY,,2027-03-30,2027-03-30,55500.00,CE,BANKNIFTY27MAR55500CE,0.00,0.00,0.00,3363.80,0.00,3363.80,56755.60,5860.30,0,0,0,0.00,0,F1,30,,,,,
2026-07-28,2026-07-28,FO,NSE,IDO,76433,,BANKNIFTY,,2027-03-30,2027-03-30,66000.00,CE,BANKNIFTY27MAR66000CE,0.00,0.00,0.00,890.95,0.00,890.95,56755.60,1666.40,0,0,0,0.00,0,F1,30,,,,,
2026-07-28,2026-07-28,FO,NSE,IDO,61652,,BANKNIFTY,,2026-07-28,2026-07-28,48700.00,PE,BANKNIFTY26JUL48700PE,0.90,3.80,0.10,0.10,0.10,0.90,56755.60,56755.60,1830,90,37,54058062.00,10,F1,30,,,,,
2026-07-28,2026-07-28,FO,NSE,IDO,61656,,BANKNIFTY,,2026-07-28,2026-07-28,48900.00,PE,BANKNIFTY26JUL48900PE,1.35,1.35,0.05,0.40,0.05,1.35,56755.60,56755.60,1170,360,85,124696705.50,14,F1,30,,,,,
2026-07-28,2026-07-28,FO,NSE,IDO,61668,,BANKNIFTY,,2026-07-28,2026-07-28,49400.00,PE,BANKNIFTY26JUL49400PE,0.30,0.50,0.10,0.10,0.10,1.00,56755.60,56755.60,960,-90,35,51870405.00,16,F1,30,,,,,
2026-07-28,2026-07-28,FO,NSE,IDO,61674,,BANKNIFTY,,2026-07-28,2026-07-28,49600.00,PE,BANKNIFTY26JUL49600PE,0.05,0.05,0.05,0.05,0.05,0.85,56755.60,56755.60,2010,-600,20,29760030.00,3,F1,30,,,,,
2026-07-28,2026-07-28,FO,NSE,IDO,61730,,BANKNIFTY,,2026-07-28,2026-07-28,51900.00,PE,BANKNIFTY26JUL51900PE,1.10,3.20,0.05,0.25,0.15,1.45,56755.60,56755.60,2130,-1950,406,632150808.00,129,F1,30,,,,,
2026-07-28,2026-07-28,FO,NSE,IDO,61840,,BANKNIFTY,,2026-07-28,2026-07-28,56200.00,PE,BANKNIFTY26JUL56200PE,12.65,12.90,0.05,0.25,0.05,12.65,56755.60,56755.60,489480,96270,370240,624258226924.50,100691,F1,30,,,,,
2026-07-28,2026-07-28,FO,NSE,IDO,61880,,BANKNIFTY,,2026-07-28,2026-07-28,57600.00,PE,BANKNIFTY26JUL57600PE,660.00,917.00,557.00,865.50,835.30,478.50,56755.60,56755.60,47790,-25230,11672,20419447117.50,6601,F1,30,,,,,
2026-07-28,2026-07-28,FO,NSE,IDO,61916,,BANKNIFTY,,2026-07-28,2026-07-28,58900.00,PE,BANKNIFTY26JUL58900PE,1882.70,2125.75,1882.70,2117.35,2117.35,1746.95,56755.60,56755.60,35370,-780,97,177142008.00,64,F1,30,,,,,
2026-07-28,2026-07-28,FO,NSE,IDO,61999,,BANKNIFTY,,2026-07-28,2026-07-28,61000.00,PE,BANKNIFTY26JUL61000PE,3965.00,4300.00,3965.00,4275.10,4241.90,3842.05,56755.60,56755.60,21030,-8310,569,1111764856.50,475,F1,30,,,,,
2026-07-28,2026-07-28,FO,NSE,IDO,62074,,BANKNIFTY,,2026-07-28,2026-07-28,63000.00,PE,BANKNIFTY26JUL63000PE,6075.10,6318.05,5994.00,6302.75,6229.85,5846.00,56755.60,56755.60,50310,-5280,430,891669376.50,265,F1,30,,,,,
2026-07-28,2026-07-28,FO,NSE,IDO,58767,,BANKNIFTY,,2026-08-25,2026-08-25,48000.00,PE,BANKNIFTY26AUG48000PE,14.30,16.65,12.20,14.00,15.70,13.75,56755.60,14.00,18690,3120,614,884417674.50,360,F1,30,,,,,
2026-07-28,2026-07-28,FO,NSE,IDO,58853,,BANKNIFTY,,2026-08-25,2026-08-25,50000.00,PE,BANKNIFTY26AUG50000PE,21.00,34.05,18.05,20.60,22.40,20.40,56755.60,20.60,251730,60690,9165,13753722219.00,4091,F1,30,,,,,
2026-07-28,2026-07-28,FO,NSE,IDO,58865,,BANKNIFTY,,2026-08-25,2026-08-25,50400.00,PE,BANKNIFTY26AUG50400PE,24.00,29.10,22.15,22.15,22.15,24.40,56755.60,22.15,750,570,63,95303758.50,43,F1,30,,,,,
2026-07-28,2026-07-28,FO,NSE,IDO,58871,,BANKNIFTY,,2026-08-25,2026-08-25,50600.00,PE,BANKNIFTY26AUG50600PE,25.15,25.25,24.05,24.05,24.05,24.60,56755.60,22.15,420,150,9,13668700.50,3,F1,30,,,,,
2026-07-28,2026-07-28,FO,NSE,IDO,58877,,BANKNIFTY,,2026-08-25,2026-08-25,50900.00,PE,BANKNIFTY26AUG50900PE,28.95,35.60,27.55,28.25,28.00,27.70,56755.60,28.25,1380,1140,61,93202882.50,21,F1,30,,,,,
2026-07-28,2026-07-28,FO,NSE,IDO,53223,,BANKNIFTY,,2026-12-29,2026-12-29,52500.00,PE,BANKNIFTY26DEC52500PE,420.00,420.00,410.00,410.00,410.00,491.05,56755.60,410.00,2340,60,2,3174900.00,2,F1,30,,,,,
2026-07-28,2026-07-28,FO,NSE,IDO,70116,,BANKNIFTY,,2026-09-29,2026-09-29,64000.00,PE,BANKNIFTY26SEP64000PE,0.00,0.00,0.00,6165.45,0.00,6165.45,56755.60,6779.70,0,0,0,0.00,0,F1,30,,,,,
2026-07-28,2026-07-28,FO,NSE,IDO,70100,,BANKNIFTY,,2026-09-29,2026-09-29,63200.00,PE,BANKNIFTY26SEP63200PE,0.00,0.00,0.00,5532.80,0.00,5532.80,56755.60,6076.50,0,0,0,0.00,0,F1,30,,,,,
2026-07-28,2026-07-28,FO,NSE,IDO,70087,,BANKNIFTY,,2026-09-29,2026-09-29,62500.00,PE,BANKNIFTY26SEP62500PE,0.00,0.00,0.00,5003.35,0.00,5003.35,56755.60,5480.45,0,0,0,0.00,0,F1,30,,,,,
2026-07-28,2026-07-28,FO,NSE,IDO,70081,,BANKNIFTY,,2026-09-29,2026-09-29,62200.00,PE,BANKNIFTY26SEP62200PE,0.00,0.00,0.00,4779.90,0.00,4779.90,56755.60,5231.30,0,0,0,0.00,0,F1,30,,,,,
2026-07-28,2026-07-28,FO,NSE,IDO,69839,,BANKNIFTY,,2026-09-29,2026-09-29,58000.00,PE,BANKNIFTY26SEP58000PE,1425.00,1615.20,1425.00,1571.70,1549.90,1367.80,56755.60,1571.70,174300,1860,1059,1891392466.50,1045,F1,30,,,,,
2026-07-28,2026-07-28,FO,NSE,IDO,69827,,BANKNIFTY,,2026-09-29,2026-09-29,57700.00,PE,BANKNIFTY26SEP57700PE,0.00,0.00,0.00,2066.00,0.00,2066.00,56755.60,2117.10,0,0,0,0.00,0,F1,30,,,,,
2026-07-28,2026-07-28,FO,NSE,IDO,69807,,BANKNIFTY,,2026-09-29,2026-09-29,56700.00,PE,BANKNIFTY26SEP56700PE,0.00,0.00,0.00,1056.80,1051.50,1056.80,56755.60,1622.40,960,0,0,0.00,0,F1,30,,,,,
2026-07-28,2026-07-28,FO,NSE,IDO,69705,,BANKNIFTY,,2026-09-29,2026-09-29,54100.00,PE,BANKNIFTY26SEP54100PE,0.00,0.00,0.00,796.95,0.00,796.95,56755.60,704.70,0,0,0,0.00,0,F1,30,,,,,
2026-07-28,2026-07-28,FO,NSE,IDO,59320,,BANKNIFTY,,2026-08-25,2026-08-25,64100.00,PE,BANKNIFTY26AUG64100PE,0.00,0.00,0.00,8356.45,0.00,8356.45,56755.60,7074.55,0,0,0,0.00,0,F1,30,,,,,
2026-07-28,2026-07-28,FO,NSE,IDO,59313,,BANKNIFTY,,2026-08-25,2026-08-25,63800.00,PE,BANKNIFTY26AUG63800PE,0.00,0.00,0.00,8088.80,0.00,8088.80,56755.60,6782.60,0,0,0,0.00,0,F1,30,,,,,
2026-07-28,2026-07-28,FO,NSE,IDO,59231,,BANKNIFTY,,2026-08-25,2026-08-25,61300.00,PE,BANKNIFTY26AUG61300PE,0.00,0.00,0.00,5960.15,0.00,5960.15,56755.60,4432.05,0,0,0,0.00,0,F1,30,,,,,
2026-07-28,2026-07-28,FO,NSE,IDO,59162,,BANKNIFTY,,2026-08-25,2026-08-25,59700.00,PE,BANKNIFTY26AUG59700PE,2737.00,2737.00,2708.00,2708.00,2708.00,2461.70,56755.60,3075.95,300,240,9,16851030.00,6,F1,30,,,,,
2026-07-28,2026-07-28,FO,NSE,IDO,59060,,BANKNIFTY,,2026-08-25,2026-08-25,56700.00,PE,BANKNIFTY26AUG56700PE,679.95,791.25,659.70,763.90,741.00,622.10,56755.60,763.90,38400,18630,4050,6978899539.50,3082,F1,30,,,,,
2026-07-28,2026-07-28,FO,NSE,IDO,58997,,BANKNIFTY,,2026-08-25,2026-08-25,54600.00,PE,BANKNIFTY26AUG54600PE,209.35,219.80,184.55,204.55,205.10,178.60,56755.60,204.55,6960,2100,242,397869478.50,150,F1,30,,,,,
2026-07-28,2026-07-28,FO,NSE,IDO,58961,,BANKNIFTY,,2026-08-25,2026-08-25,53500.00,PE,BANKNIFTY26AUG53500PE,100.70,108.00,87.75,99.85,94.00,93.00,56755.60,99.85,122220,47730,4996,8032956184.50,2350,F1,30,,,,,
2026-07-28,2026-07-28,FO,NSE,IDO,58911,,BANKNIFTY,,2026-08-25,2026-08-25,51700.00,PE,BANKNIFTY26AUG51700PE,36.80,37.30,36.80,37.30,37.30,39.60,56755.60,37.30,450,210,7,10864786.50,3,F1,30,,,,,
2026-07-28,2026-07-28,FO,NSE,IDO,58851,,BANKNIFTY,,2026-08-25,2026-08-25,49900.00,PE,BANKNIFTY26AUG49900PE,20.95,25.20,18.65,20.90,25.20,20.90,56755.60,20.90,420,390,20,29952462.00,11,F1,30,,,,,
2026-07-28,2026-07-28,FO,NSE,IDO,58841,,BANKNIFTY,,2026-08-25,2026-08-25,49500.00,PE,BANKNIFTY26AUG49500PE,18.60,23.95,16.75,18.50,19.95,17.45,56755.60,18.50,2070,1050,75,111419884.50,55,F1,30,,,,,
2026-07-28,2026-07-28,FO,NSE,IDO,58819,,BANKNIFTY,,2026-08-25,2026-08-25,49300.00,PE,BANKNIFTY26AUG49300PE,16.95,23.85,16.95,22.05,23.30,24.60,56755.60,22.05,1950,1950,83,122809582.50,43,F1,30,,,,,
2026-07-28,2026-07-28,FO,NSE,IDO,62094,,BANKNIFTY,,2026-07-28,2026-07-28,63900.00,PE,BANKNIFTY26JUL63900PE,0.00,0.00,0.00,7930.05,0.00,7930.05,56755.60,56755.60,0,0,0,0.00,0,F1,30,,,,,
2026-07-28,2026-07-28,FO,NSE,IDO,62049,,BANKNIFTY,,2026-07-28,2026-07-28,62400.00,PE,BANKNIFTY26JUL62400PE,0.00,0.00,0.00,6637.65,0.00,6637.65,56755.60,56755.60,0,0,0,0.00,0,F1,30,,,,,
2026-07-28,2026-07-28,FO,NSE,IDO,61876,,BANKNIFTY,,2026-07-28,2026-07-28,57400.00,PE,BANKNIFTY26JUL57400PE,465.40,715.50,374.00,663.20,642.10,322.70,56755.60,56755.60,72810,-76320,47441,82399575894.00,26467,F1,30,,,,,
2026-07-28,2026-07-28,FO,NSE,IDO,61810,,BANKNIFTY,,2026-07-28,2026-07-28,54900.00,PE,BANKNIFTY26JUL54900PE,2.00,2.15,0.05,0.35,0.05,2.55,56755.60,56755.60,160740,70320,57060,93979574673.00,17801,F1,30,,,,,
2026-07-28,2026-07-28,FO,NSE,IDO,61804,,BANKNIFTY,,2026-07-28,2026-07-28,54600.00,PE,BANKNIFTY26JUL54600PE,1.05,1.95,0.05,0.20,0.05,2.45,56755.60,56755.60,29610,-23250,12612,20658805387.50,4577,F1,30,,,,,
2026-07-28,2026-07-28,FO,NSE,IDO,61802,,BANKNIFTY,,2026-07-28,2026-07-28,54500.00,PE,BANKNIFTY26JUL54500PE,1.45,2.05,0.05,0.15,0.05,2.25,56755.60,56755.60,313110,7050,81759,133678500588.00,18787,F1,30,,,,,
2026-07-28,2026-07-28,FO,NSE,IDO,61800,,BANKNIFTY,,2026-07-28,2026-07-28,54400.00,PE,BANKNIFTY26JUL54400PE,1.25,1.90,0.05,0.45,0.05,2.25,56755.60,56755.60,22470,3150,4406,7190745303.00,2241,F1,30,,,,,
2026-07-28,2026-07-28,FO,NSE,IDO,61792,,BANKNIFTY,,2026-07-28,2026-07-28,54300.00,PE,BANKNIFTY26JUL54300PE,1.85,2.25,0.05,0.15,0.05,1.95,56755.60,56755.60,52470,25770,37693,61403362287.00,9525,F1,30,,,,,
2026-07-28,2026-07-28,FO,NSE,IDO,61790,,BANKNIFTY,,2026-07-28,2026-07-28,54200.00,PE,BANKNIFTY26JUL54200PE,1.80,3.25,0.05,0.15,0.05,2.35,56755.60,56755.60,43830,16680,17314,28153194214.50,5498,F1,30,,,,,
2026-07-28,2026-07-28,FO,NSE,IDO,61759,,BANKNIFTY,,2026-07-28,2026-07-28,53100.00,PE,BANKNIFTY26JUL53100PE,1.00,3.15,0.05,0.20,0.05,1.90,56755.60,56755.60,5850,-240,711,1132642501.50,260,F1,30,,,,,
2026-07-28,2026-07-28,FO,NSE,IDO,61692,,BANKNIFTY,,2026-07-28,2026-07-28,50300.00,PE,BANKNIFTY26JUL50300PE,3.40,3.40,0.05,0.35,0.85,1.00,56755.60,56755.60,2370,270,58,87523747.50,16,F1,30,,,,,
2026-07-28,2026-07-28,FO,NSE,IDO,61680,,BANKNIFTY,,2026-07-28,2026-07-28,49900.00,PE,BANKNIFTY26JUL49900PE,1.05,1.10,0.45,1.00,1.00,1.20,56755.60,56755.60,780,0,30,44910675.00,25,F1,30,,,,,
2026-07-28,2026-07-28,FO,NSE,IDO,61632,,BANKNIFTY,,2026-07-28,2026-07-28,47800.00,PE,BANKNIFTY26JUL47800PE,0.95,0.95,0.25,0.40,0.40,0.95,56755.60,56755.60,450,-30,8,11472106.50,8,F1,30,,,,,
2026-07-28,2026-07-28,FO,NSE,IDO,61614,,BANKNIFTY,,2026-07-28,2026-07-28,47000.00,PE,BANKNIFTY26JUL47000PE,0.35,1.10,0.05,0.25,0.20,0.60,56755.60,56755.60,49170,-10470,1533,2161557048.00,677,F1,30,,,,,
2026-07-28,2026-07-28,FO,NSE,IDO,70800,,BANKNIFTY,,2027-06-29,2027-06-29,63000.00,CE,BANKNIFTY27JUN63000CE,0.00,0.00,0.00,4124.65,0.00,4124.65,56755.60,3479.00,0,0,0,0.00,0,F1,30,,,,,
2026-07-28,2026-07-28,FO,NSE,IDO,70091,,BANKNIFTY,,2026-09-29,2026-09-29,62700.00,CE,BANKNIFTY26SEP62700CE,0.00,0.00,0.00,957.70,0.00,957.70,56755.60,416.70,0,0,0,0.00,0,F1,30,,,,,
2026-07-28,2026-07-28,FO,NSE,IDO,70084,,BANKNIFTY,,2026-09-29,2026-09-29,62400.00,CE,BANKNIFTY26SEP62400CE,0.00,0.00,0.00,1029.20,0.00,1029.20,56755.60,461.50,0,0,0,0.00,0,F1,30,,,,,
2026-07-28,2026-07-28,FO,NSE,IDO,70027,,BANKNIFTY,,2026-09-29,2026-09-29,60900.00,CE,BANKNIFTY26SEP60900CE,0.00,0.00,0.00,1453.10,0.00,1453.10,56755.60,751.70,0,0,0,0.00,0,F1,30,,,,,
2026-07-28,2026-07-28,FO,NSE,IDO,70011,,BANKNIFTY,,2026-09-29,2026-09-29,60100.00,CE,BANKNIFTY26SEP60100CE,0.00,0.00,0.00,1730.30,0.00,1730.30,56755.60,953.35,0,0,0,0.00,0,F1,30,,,,,
2026-07-28,2026-07-28,FO,NSE,IDO,69853,,BANKNIFTY,,2026-09-29,2026-09-29,58600.00,CE,BANKNIFTY26SEP58600CE,0.00,0.00,0.00,1400.60,1400.60,1400.60,56755.60,1450.75,480,0,0,0.00,0,F1,30,,,,,
2026-07-28,2026-07-28,FO,NSE,IDO,69832,,BANKNIFTY,,2026-09-29,2026-09-29,57900.00,CE,BANKNIFTY26SEP57900CE,0.00,0.00,0.00,1253.15,1253.15,1253.15,56755.60,1738.95,1890,0,0,0.00,0,F1,30,,,,,
2026-07-28,2026-07-28,FO,NSE,IDO,52334,,BANKNIFTY,,2026-09-29,2026-09-29,57000.00,CE,BANKNIFTY26SEP57000CE,1650.00,1679.85,1475.00,1489.90,1500.90,1741.55,56755.60,1489.90,45780,2430,434,762418591.50,362,F1,30,,,,,
2026-07-28,2026-07-28,FO,NSE,IDO,69783,,BANKNIFTY,,2026-09-29,2026-09-29,55800.00,CE,BANKNIFTY26SEP55800CE,0.00,0.00,0.00,3895.05,0.00,3895.05,56755.60,2834.55,0,0,0,0.00,0,F1,30,,,,,
2026-07-28,2026-07-28,FO,NSE,IDO,69775,,BANKNIFTY,,2026-09-29,2026-09-29,55300.00,CE,BANKNIFTY26SEP55300CE,0.00,0.00,0.00,4222.45,0.00,4222.45,56755.60,3146.65,0,0,0,0.00,0,F1,30,,,,,
2026-07-28,2026-07-28,FO,NSE,IDO,69767,,BANKNIFTY,,2026-09-29,2026-09-29,55000.00,CE,BANKNIFTY26SEP55000CE,2975.00,2975.00,2800.05,2880.00,2880.00,3155.70,56755.60,3343.10,750,120,5,8680053.00,5,F1,30,,,,,
2026-07-28,2026-07-28,FO,NSE,IDO,69690,,BANKNIFTY,,2026-09-29,2026-09-29,53300.00,CE,BANKNIFTY26SEP53300CE,0.00,0.00,0.00,5678.00,0.00,5678.00,56755.60,4578.75,0,0,0,0.00,0,F1,30,,,,,
2026-07-28,2026-07-28,FO,NSE,IDO,69680,,BANKNIFTY,,2026-09-29,2026-09-29,52800.00,CE,BANKNIFTY26SEP52800CE,0.00,0.00,0.00,6074.55,0.00,6074.55,56755.60,4977.55,0,0,0,0.00,0,F1,30,,,,,
2026-07-28,2026-07-28,FO,NSE,IDO,69666,,BANKNIFTY,,2026-09-29,2026-09-29,52000.00,CE,BANKNIFTY26SEP52000CE,0.00,0.00,0.00,5700.00,5700.00,5700.00,56755.60,5644.25,30,0,0,0.00,0,F1,30,,,,,
2026-07-28,2026-07-28,FO,NSE,IDO,52282,,BANKNIFTY,,2026-09-29,2026-09-29,51000.00,CE,BANKNIFTY26SEP51000CE,0.00,0.00,0.00,7836.25,0.00,7836.25,56755.60,6519.95,0,0,0,0.00,0,F1,30,,,,,
2026-07-28,2026-07-28,FO,NSE,IDO,59221,,BANKNIFTY,,2026-08-25,2026-08-25,61000.00,CE,BANKNIFTY26AUG61000CE,50.00,55.70,38.50,40.05,41.15,51.20,56755.60,40.05,486000,135090,17602,32235652339.50,7472,F1,30,,,,,
2026-07-28,2026-07-28,FO,NSE,IDO,59167,,BANKNIFTY,,2026-08-25,2026-08-25,60000.00,CE,BANKNIFTY26AUG60000CE,123.75,126.40,90.00,93.75,97.15,123.25,56755.60,93.75,916710,291570,32454,58520599252.50,15098,F1,30,,,,,
2026-07-28,2026-07-28,FO,NSE,IDO,59119,,BANKNIFTY,,2026-08-25,2026-08-25,58300.00,CE,BANKNIFTY26AUG58300CE,452.80,468.30,360.00,371.30,385.60,494.50,56755.60,371.30,31350,4710,808,1422742453.50,558,F1,30,,,,,
2026-07-28,2026-07-28,FO,NSE,IDO,40960,,NIFTY,,2026-08-11,2026-08-11,23250.00,PE,NIFTY2681123250PE,31.45,33.20,23.00,25.80,23.00,32.40,23985.35,25.80,48360,17680,2118,3204618147.25,1469,F1,65,,,,,
2026-07-28,2026-07-28,FO,NSE,IDO,40950,,NIFTY,,2026-08-11,2026-08-11,23000.00,PE,NIFTY2681123000PE,18.90,18.90,11.75,13.15,12.80,18.65,23985.35,13.15,837915,158925,27021,40421407835.25,11413,F1,65,,,,,
2026-07-28,2026-07-28,FO,NSE,IDO,40914,,NIFTY,,2026-08-11,2026-08-11,22150.00,PE,NIFTY2681122150PE,5.00,5.40,4.20,4.50,4.20,7.45,23985.35,4.50,4615,-1560,122,175688246.50,62,F1,65,,,,,
2026-07-28,2026-07-28,FO,NSE,IDO,65948,,NIFTY,,2026-08-04,2026-08-04,25600.00,PE,NIFTY2680425600PE,0.00,0.00,0.00,1597.05,1597.05,1597.05,23985.35,1585.40,130,0,0,0.00,0,F1,65,,,,,
2026-07-28,2026-07-28,FO,NSE,IDO,65937,,NIFTY,,2026-08-04,2026-08-04,25350.00,PE,NIFTY2680425350PE,0.00,0.00,0.00,1420.00,1420.00,1420.00,23985.35,1337.10,520,0,0,0.00,0,F1,65,,,,,
2026-07-28,2026-07-28,FO,NSE,IDO,65853,,NIFTY,,2026-08-04,2026-08-04,24350.00,PE,NIFTY2680424350PE,382.15,389.00,322.40,347.60,339.00,353.55,23985.35,347.60,38025,19045,2014,3233767725.50,1466,F1,65,,,,,
2026-07-28,2026-07-28,FO,NSE,IDO,65520,,NIFTY,,2026-08-04,2026-08-04,23050.00,PE,NIFTY2680423050PE,9.05,9.05,4.85,5.20,4.85,9.35,23985.35,5.20,504400,275600,22420,33599586501.00,11023,F1,65,,,,,
2026-07-28,2026-07-28,FO,NSE,IDO,65430,,NIFTY,,2026-08-04,2026-08-04,22400.00,PE,NIFTY2680422400PE,4.75,4.90,2.00,2.25,2.00,4.30,23985.35,2.25,254085,108160,14750,21478683284.50,5741,F1,65,,,,,
2026-07-28,2026-07-28,FO,NSE,IDO,65414,,NIFTY,,2026-08-04,2026-08-04,22100.00,PE,NIFTY2680422100PE,3.15,3.15,1.55,1.95,1.85,3.55,23985.35,1.95,139230,64610,7397,10626997784.00,2922,F1,65,,,,,
2026-07-28,2026-07-28,FO,NSE,IDO,64047,,NIFTY,,2026-07-28,2026-07-28,26300.00,PE,NIFTY26JUL26300PE,2310.05,2361.30,2271.90,2329.05,2320.00,2279.35,23985.35,23985.35,331565,-6370,1628,3027027211.00,1232,F1,65,,,,,
2026-07-28,2026-07-28,FO,NSE,IDO,64024,,NIFTY,,2026-07-28,2026-07-28,25950.00,PE,NIFTY26JUL25950PE,1979.05,1979.05,1979.05,1979.05,1979.05,1975.00,23985.35,23985.35,390,-65,6,10892329.50,6,F1,65,,,,,
2026-07-28,2026-07-28,FO,NSE,IDO,63988,,NIFTY,,2026-07-28,2026-07-28,25200.00,PE,NIFTY26JUL25200PE,1180.05,1248.00,1162.95,1223.45,1212.50,1177.75,23985.35,23985.35,43420,-21385,658,1129380053.75,475,F1,65,,,,,
2026-07-28,2026-07-28,FO,NSE,IDO,63984,,NIFTY,,2026-07-28,2026-07-28,25100.00,PE,NIFTY26JUL25100PE,1282.15,1282.20,1070.65,1137.20,1114.50,1081.55,23985.35,23985.35,22880,-3900,327,556954999.25,143,F1,65,,,,,
2026-07-28,2026-07-28,FO,NSE,IDO,63980,,NIFTY,,2026-07-28,2026-07-28,25000.00,PE,NIFTY26JUL25000PE,1021.00,1053.85,962.50,1027.30,1017.85,975.95,23985.35,23985.35,670345,-308100,11429,19314026533.75,7168,F1,65,,,,,
2026-07-28,2026-07-28,FO,NSE,IDO,63954,,NIFTY,,2026-07-28,2026-07-28,24350.00,PE,NIFTY26JUL24350PE,349.10,404.40,312.25,373.05,364.80,324.80,23985.35,23985.35,136630,18395,18730,30073926545.00,9903,F1,65,,,,,
2026-07-28,2026-07-28,FO,NSE,IDO,63864,,NIFTY,,2026-07-28,2026-07-28,22200.00,PE,NIFTY26JUL22200PE,0.85,0.90,0.05,0.10,0.05,1.05,23985.35,23985.35,344500,-327080,26706,38537449093.00,4865,F1,65,,,,,
2026-07-28,2026-07-28,FO,NSE,IDO,63848,,NIFTY,,2026-07-28,2026-07-28,21800.00,PE,NIFTY26JUL21800PE,0.80,0.95,0.05,0.10,0.05,0.75,23985.35,23985.35,396825,-549705,42474,60186668850.75,4937,F1,65,,,,,
2026-07-28,2026-07-28,FO,NSE,IDO,63818,,NIFTY,,2026-07-28,2026-07-28,21250.00,PE,NIFTY26JUL21250PE,0.60,0.60,0.05,0.10,0.10,0.60,23985.35,23985.35,51675,-8905,3898,5384178982.00,1053,F1,65,,,,,
2026-07-28,2026-07-28,FO,NSE,IDO,74653,,NIFTY,,2031-06-24,2031-06-24,27000.00,CE,NIFTY31JUN27000CE,0.00,0.00,0.00,5699.00,0.00,5699.00,23985.35,5920.85,0,0,0,0.00,0,F1,65,,,,,
2026-07-28,2026-07-28,FO,NSE,IDO,55702,,NIFTY,,2030-12-31,2030-12-31,21000.00,CE,NIFTY30DEC21000CE,0.00,0.00,0.00,10552.50,0.00,10552.50,23985.35,8698.55,0,0,0,0.00,0,F1,65,,,,,
2026-07-28,2026-07-28,FO,NSE,IDO,61932,,NIFTY,,2029-12-24,2029-12-24,30000.00,CE,NIFTY29DEC30000CE,0.00,0.00,0.00,2863.20,2863.20,2863.20,23985.35,2973.45,8145,0,0,0.00,0,F1,65,,,,,
2026-07-28,2026-07-28,FO,NSE,IDO,55604,,NIFTY,,2029-12-24,2029-12-24,25500.00,CE,NIFTY29DEC25500CE,0.00,0.00,0.00,6500.60,0.00,6500.60,23985.35,4921.05,0,0,0,0.00,0,F1,65,,,,,
2026-07-28,2026-07-28,FO,NSE,IDO,89636,,NIFTY,,2029-06-26,2029-06-26,27000.00,CE,NIFTY29JUN27000CE,0.00,0.00,0.00,6570.40,0.00,6570.40,23985.35,3582.45,0,0,0,0.00,0,F1,65,,,,,
2026-07-28,2026-07-28,FO,NSE,IDO,55516,,NIFTY,,2028-12-26,2028-12-26,16500.00,CE,NIFTY28DEC16500CE,0.00,0.00,0.00,12176.65,0.00,12176.65,23985.35,9960.15,0,0,0,0.00,0,F1,65,,,,,
2026-07-28,2026-07-28,FO,NSE,IDO,80270,,NIFTY,,2027-03-30,2027-03-30,22500.00,CE,NIFTY27MAR22500CE,2650.10,2650.10,2650.10,2650.10,2650.10,2559.05,23985.35,2650.10,3055,1300,20,32695130.00,3,F1,65,,,,,
2026-07-28,2026-07-28,FO,NSE,IDO,55336,,NIFTY,,2026-12-29,2026-12-29,34500.00,CE,NIFTY26DEC34500CE,0.00,0.00,0.00,7.05,7.05,7.05,23985.35,0.90,650,0,0,0.00,0,F1,65,,,,,
2026-07-28,2026-07-28,FO,NSE,IDO,58640,,NIFTY,,2026-12-29,2026-12-29,18000.00,CE,NIFTY26DEC18000CE,0.00,0.00,0.00,6755.00,6755.00,6755.00,23985.35,6482.40,2145,0,0,0.00,0,F1,65,,,,,
2026-07-28,2026-07-28,FO,NSE,IDO,74386,,NIFTY,,2026-09-29,2026-09-29,25300.00,CE,NIFTY26SEP25300CE,105.30,112.50,101.10,103.65,105.95,111.60,23985.35,103.65,207350,34710,2259,3730527940.75,1227,F1,65,,,,,
2026-07-28,2026-07-28,FO,NSE,IDO,74384,,NIFTY,,2026-09-29,2026-09-29,25250.00,CE,NIFTY26SEP25250CE,0.00,0.00,0.00,422.05,0.00,422.05,23985.35,300.05,0,0,0,0.00,0,F1,65,,,,,
2026-07-28,2026-07-28,FO,NSE,IDO,74366,,NIFTY,,2026-09-29,2026-09-29,25050.00,CE,NIFTY26SEP25050CE,162.00,165.80,154.00,155.15,161.60,165.60,23985.35,155.15,14430,1040,80,131090440.00,48,F1,65,,,,,
2026-07-28,2026-07-28,FO,NSE,IDO,74097,,NIFTY,,2026-09-29,2026-09-29,24250.00,CE,NIFTY26SEP24250CE,480.00,483.35,460.00,470.40,476.95,476.15,23985.35,470.40,8450,325,42,67495606.75,42,F1,65,,,,,
2026-07-28,2026-07-28,FO,NSE,IDO,74005,,NIFTY,,2026-09-29,2026-09-29,23650.00,CE,NIFTY26SEP23650CE,0.00,0.00,0.00,788.95,788.95,788.95,23985.35,1003.85,585,0,0,0.00,0,F1,65,,,,,
2026-07-28,2026-07-28,FO,NSE,IDO,73985,,NIFTY,,2026-09-29,2026-09-29,23500.00,CE,NIFTY26SEP23500CE,951.20,968.35,918.05,945.45,960.95,953.20,23985.35,945.45,131040,780,453,719854128.50,337,F1,65,,,,,
2026-07-28,2026-07-28,FO,NSE,IDO,73964,,NIFTY,,2026-09-29,2026-09-29,23450.00,CE,NIFTY26SEP23450CE,0.00,0.00,0.00,1136.05,1136.05,1136.05,23985.35,1132.85,585,0,0,0.00,0,F1,65,,,,,
2026-07-28,2026-07-28,FO,NSE,IDO,73927,,NIFTY,,2026-09-29,2026-09-29,23400.00,CE,NIFTY26SEP23400CE,1015.25,1033.00,1008.70,1019.00,1033.00,1028.15,23985.35,1019.00,2405,-65,3,4761701.75,3,F1,65,,,,,
2026-07-28,2026-07-28,FO,NSE,IDO,73910,,NIFTY,,2026-09-29,2026-09-29,23200.00,CE,NIFTY26SEP23200CE,0.00,0.00,0.00,1068.50,1068.50,1068.50,23985.35,1307.35,1885,0,0,0.00,0,F1,65,,,,,
2026-07-28,2026-07-28,FO,NSE,IDO,73879,,NIFTY,,2026-09-29,2026-09-29,22350.00,CE,NIFTY26SEP22350CE,0.00,0.00,0.00,1788.15,1785.90,1788.15,23985.35,1983.80,195,0,0,0.00,0,F1,65,,,,,
2026-07-28,2026-07-28,FO,NSE,IDO,73877,,NIFTY,,2026-09-29,2026-09-29,22300.00,CE,NIFTY26SEP22300CE,0.00,0.00,0.00,1833.95,1831.70,1833.95,23985.35,2027.15,195,0,0,0.00,0,F1,65,,,,,
2026-07-28,2026-07-28,FO,NSE,IDO,65887,,NIFTY,,2026-09-29,2026-09-29,18000.00,CE,NIFTY26SEP18000CE,0.00,0.00,0.00,6137.70,6137.70,6137.70,23985.35,6189.90,1300,0,0,0.00,0,F1,65,,,,,
2026-07-28,2026-07-28,FO,NSE,IDO,65881,,NIFTY,,2026-09-29,2026-09-29,15000.00,CE,NIFTY26SEP15000CE,0.00,0.00,0.00,10499.30,0.00,10499.30,23985.35,9155.80,0,0,0,0.00,0,F1,65,,,,,
2026-07-28,2026-07-28,FO,NSE,IDO,47049,,NIFTY,,2026-09-01,2026-09-01,25600.00,CE,NIFTY2690125600CE,0.00,0.00,0.00,151.35,0.00,151.35,23985.35,82.80,0,0,0,0.00,0,F1,65,,,,,
2026-07-28,2026-07-28,FO,NSE,IDO,47037,,NIFTY,,2026-09-01,2026-09-01,25300.00,CE,NIFTY2690125300CE,0.00,0.00,0.00,215.90,0.00,215.90,23985.35,127.10,0,0,0,0.00,0,F1,65,,,,,
2026-07-28,2026-07-28,FO,NSE,IDO,47029,,NIFTY,,2026-09-01,2026-09-01,25100.00,CE,NIFTY2690125100CE,0.00,0.00,0.00,267.80,0.00,267.80,23985.35,166.10,0,0,0,0.00,0,F1,65,,,,,
2026-07-28,2026-07-28,FO,NSE,IDO,47011,,NIFTY,,2026-09-01,2026-09-01,24650.00,CE,NIFTY2690124650CE,0.00,0.00,0.00,422.75,0.00,422.75,23985.35,288.25,0,0,0,0.00,0,F1,65,,,,,
2026-07-28,2026-07-28,FO,NSE,IDO,46943,,NIFTY,,2026-09-01,2026-09-01,22950.00,CE,NIFTY2690122950CE,0.00,0.00,0.00,1501.80,0.00,1501.80,23985.35,1287.60,0,0,0,0.00,0,F1,65,,,,,
2026-07-28,2026-07-28,FO,NSE,IDO,46937,,NIFTY,,2026-09-01,2026-09-01,22800.00,CE,NIFTY2690122800CE,0.00,0.00,0.00,1629.40,0.00,1629.40,23985.35,1413.30,0,0,0,0.00,0,F1,65,,,,,
2026-07-28,2026-07-28,FO,NSE,IDO,46917,,NIFTY,,2026-09-01,2026-09-01,22300.00,CE,NIFTY2690122300CE,0.00,0.00,0.00,2078.55,0.00,2078.55,23985.35,1859.75,0,0,0,0.00,0,F1,65,,,,,
2026-07-28,2026-07-28,FO,NSE,IDO,61997,,NIFTY,,2026-08-25,2026-08-25,25800.00,CE,NIFTY26AUG25800CE,6.05,7.20,5.65,6.30,6.50,6.75,23985.35,6.30,37180,20215,568,952774137.25,316,F1,65,,,,,
2026-07-28,2026-07-28,FO,NSE,IDO,61975,,NIFTY,,2026-08-25,2026-08-25,25500.00,CE,NIFTY26AUG25500CE,12.45,13.85,11.05,11.95,12.20,12.75,23985.35,11.95,1958125,87165,17573,29141579694.50,9138,F1,65,,,,,
2026-07-28,2026-07-28,FO,NSE,IDO,61955,,NIFTY,,2026-08-25,2026-08-25,25400.00,CE,NIFTY26AUG25400CE,15.35,17.75,14.50,15.10,15.25,16.40,23985.35,15.10,245830,26325,3487,5760640252.25,2289,F1,65,,,,,
2026-07-28,2026-07-28,FO,NSE,IDO,61557,,NIFTY,,2026-08-25,2026-08-25,23900.00,CE,NIFTY26AUG23900CE,442.60,461.25,383.05,436.25,440.55,441.45,23985.35,436.25,501475,-1040,9450,14947163692.50,5795,F1,65,,,,,
2026-07-28,2026-07-28,FO,NSE,IDO,45186,,NIFTY,,2026-08-18,2026-08-18,25700.00,CE,NIFTY2681825700CE,3.80,4.25,3.80,3.80,3.80,4.20,23985.35,21.70,1300,195,13,21719954.75,6,F1,65,,,,,
2026-07-28,2026-07-28,FO,NSE,IDO,45120,,NIFTY,,2026-08-18,2026-08-18,24650.00,CE,NIFTY2681824650CE,72.85,72.95,61.40,65.90,68.00,72.95,23985.35,65.90,14625,845,161,258661351.00,107,F1,65,,,,,
2026-07-28,2026-07-28,FO,NSE,IDO,45067,,NIFTY,,2026-08-18,2026-08-18,23550.00,CE,NIFTY2681823550CE,648.05,648.05,623.05,627.20,627.20,625.60,23985.35,694.15,585,-520,8,12575556.50,8,F1,65,,,,,
2026-07-28,2026-07-28,FO,NSE,IDO,41075,,NIFTY,,2026-08-11,2026-08-11,25900.00,CE,NIFTY2681125900CE,2.05,3.45,1.20,1.75,1.30,1.85,23985.35,1.75,6435,4160,119,200350101.25,32,F1,65,,,,,
2026-07-28,2026-07-28,FO,NSE,IDO,41059,,NIFTY,,2026-08-11,2026-08-11,25550.00,CE,NIFTY2681125550CE,1.50,2.85,1.50,2.55,2.30,3.15,23985.35,2.55,975,-1495,80,132869727.25,19,F1,65,,,,,
2026-07-28,2026-07-28,FO,NSE,IDO,41057,,NIFTY,,2026-08-11,2026-08-11,25500.00,CE,NIFTY2681125500CE,2.85,3.80,2.00,2.45,2.00,3.05,23985.35,2.45,205595,84240,4066,6740058195.00,2086,F1,65,,,,,
2026-07-28,2026-07-28,FO,NSE,IDO,40963,,NIFTY,,2026-08-11,2026-08-11,23350.00,CE,NIFTY2681123350CE,668.75,726.05,668.75,713.00,713.00,607.25,23985.35,713.00,1625,-650,22,34414571.75,17,F1,65,,,,,
2026-07-28,2026-07-28,FO,NSE,IDO,40959,,NIFTY,,2026-08-11,2026-08-11,23250.00,CE,NIFTY2681123250CE,0.00,0.00,0.00,722.60,722.60,722.60,23985.35,851.90,390,0,0,0.00,0,F1,65,,,,,
2026-07-28,2026-07-28,FO,NSE,IDO,40937,,NIFTY,,2026-08-11,2026-08-11,22700.00,CE,NIFTY2681122700CE,0.00,0.00,0.00,1867.15,0.00,1867.15,23985.35,1350.70,0,0,0,0.00,0,F1,65,,,,,
2026-07-28,2026-07-28,FO,NSE,IDO,65942,,NIFTY,,2026-08-04,2026-08-04,25500.00,CE,NIFTY2680425500CE,1.30,1.35,0.90,1.00,0.95,1.25,23985.35,1.00,2568150,714870,94416,156500911453.25,13184,F1,65,,,,,
2026-07-28,2026-07-28,FO,NSE,IDO,65920,,NIFTY,,2026-08-04,2026-08-04,25100.00,CE,NIFTY2680425100CE,2.05,2.55,1.40,1.55,1.45,2.30,23985.35,1.55,1647360,190385,51197,83533430662.50,15968,F1,65,,,,,
2026-07-28,2026-07-28,FO,NSE,IDO,65883,,NIFTY,,2026-08-04,2026-08-04,24700.00,CE,NIFTY2680424700CE,9.70,9.80,5.10,5.70,5.95,9.75,23985.35,5.70,4694755,2867735,166908,268036864624.75,57610,F1,65,,,,,
2026-07-28,2026-07-28,FO,NSE,IDO,65871,,NIFTY,,2026-08-04,2026-08-04,24600.00,CE,NIFTY2680424600CE,17.80,17.80,8.80,9.65,10.25,16.00,23985.35,9.65,3551860,2120430,130484,208730448566.25,56369,F1,65,,,,,
2026-07-28,2026-07-28,FO,NSE,IDO,65867,,NIFTY,,2026-08-04,2026-08-04,24550.00,CE,NIFTY2680424550CE,20.75,20.75,11.65,12.90,12.50,20.25,23985.35,12.90,930735,337545,50776,81070499435.25,29591,F1,65,,,,,
2026-07-28,2026-07-28,FO,NSE,IDO,65447,,NIFTY,,2026-08-04,2026-08-04,22800.00,CE,NIFTY2680422800CE,0.00,0.00,0.00,1215.35,1215.35,1215.35,23985.35,1214.35,8775,0,0,0.00,0,F1,65,,,,,
2026-07-28,2026-07-28,FO,NSE,IDO,65445,,NIFTY,,2026-08-04,2026-08-04,22750.00,CE,NIFTY2680422750CE,0.00,0.00,0.00,1368.05,0.00,1368.05,23985.35,1263.70,0,0,0,0.00,0,F1,65,,,,,
2026-07-28,2026-07-28,FO,NSE,IDO,63998,,NIFTY,,2026-07-28,2026-07-28,25400.00,CE,NIFTY26JUL25400CE,0.50,0.65,0.05,0.10,0.05,0.55,23985.35,23985.35,1004380,-50765,62780,103650896280.75,7302,F1,65,,,,,
2026-07-28,2026-07-28,FO,NSE,IDO,63981,,NIFTY,,2026-07-28,2026-07-28,25050.00,CE,NIFTY26JUL25050CE,0.65,0.65,0.05,0.05,0.05,0.60,23985.35,23985.35,694720,68315,75732,123312547926.75,11995,F1,65,,,,,
2026-07-28,2026-07-28,FO,NSE,IDO,63975,,NIFTY,,2026-07-28,2026-07-28,24900.00,CE,NIFTY26JUL24900CE,0.55,0.70,0.05,0.05,0.05,0.75,23985.35,23985.35,2776800,210925,349590,565820491252.25,43145,F1,65,,,,,
2026-07-28,2026-07-28,FO,NSE,IDO,63971,,NIFTY,,2026-07-28,2026-07-28,24800.00,CE,NIFTY26JUL24800CE,0.65,0.80,0.05,0.10,0.05,0.90,23985.35,23985.35,6002815,131885,1033847,1666591370444.00,119712,F1,65,,,,,
2026-07-28,2026-07-28,FO,NSE,IDO,63925,,NIFTY,,2026-07-28,2026-07-28,23700.00,CE,NIFTY26JUL23700CE,314.00,341.20,244.35,272.10,259.00,331.50,23985.35,23985.35,1163175,-732875,102959,160613490596.00,56401,F1,65,,,,,
2026-07-28,2026-07-28,FO,NSE,IDO,63919,,NIFTY,,2026-07-28,2026-07-28,23600.00,CE,NIFTY26JUL23600CE,410.00,441.95,345.00,373.30,384.15,433.30,23985.35,23985.35,441285,-93470,21907,34174879914.50,10429,F1,65,,,,,
2026-07-28,2026-07-28,FO,NSE,IDO,63915,,NIFTY,,2026-07-28,2026-07-28,23500.00,CE,NIFTY26JUL23500CE,506.35,541.50,436.90,471.80,471.00,530.60,23985.35,23985.35,382265,-241735,23601,36816005245.50,9683,F1,65,,,,,
2026-07-28,2026-07-28,FO,NSE,IDO,63871,,NIFTY,,2026-07-28,2026-07-28,22400.00,CE,NIFTY26JUL22400CE,1640.00,1640.00,1640.00,1640.00,1640.00,1445.00,23985.35,23985.35,650,-65,1,1562600.00,1,F1,65,,,,,
2026-07-28,2026-07-28,FO,NSE,IDO,63849,,NIFTY,,2026-07-28,2026-07-28,21850.00,CE,NIFTY26JUL21850CE,0.00,0.00,0.00,2031.20,2031.20,2031.20,23985.35,23985.35,65,0,0,0.00,0,F1,65,,,,,
2026-07-28,2026-07-28,FO,NSE,IDO,55759,,NIFTY,,2030-12-31,2030-12-31,27000.00,PE,NIFTY30DEC27000PE,0.00,0.00,0.00,779.50,0.00,779.50,23985.35,1534.20,0,0,0,0.00,0,F1,65,,,,,
2026-07-28,2026-07-28,FO,NSE,IDO,65433,,NIFTY,,2026-08-04,2026-08-04,22500.00,CE,NIFTY2680422500CE,1520.00,1547.50,1512.25,1528.50,1542.45,1533.60,23985.35,1528.50,15340,2015,44,68718871.00,27,F1,65,,,,,
2026-07-28,2026-07-28,FO,NSE,IDO,65166,,NIFTY,,2026-08-04,2026-08-04,21750.00,CE,NIFTY2680421750CE,0.00,0.00,0.00,2253.60,0.00,2253.60,23985.35,2260.70,0,0,0,0.00,0,F1,65,,,,,
2026-07-28,2026-07-28,FO,NSE,IDO,64043,,NIFTY,,2026-07-28,2026-07-28,26250.00,CE,NIFTY26JUL26250CE,0.30,0.45,0.05,0.10,0.05,0.35,23985.35,23985.35,147875,26910,10606,18096617961.50,1619,F1,65,,,,,
2026-07-28,2026-07-28,FO,NSE,IDO,64015,,NIFTY,,2026-07-28,2026-07-28,25800.00,CE,NIFTY26JUL25800CE,0.40,0.45,0.05,0.05,0.05,0.40,23985.35,23985.35,759915,-99775,54082,90696359217.75,12780,F1,65,,,,,
2026-07-28,2026-07-28,FO,NSE,IDO,63983,,NIFTY,,2026-07-28,2026-07-28,25100.00,CE,NIFTY26JUL25100CE,0.60,0.75,0.05,0.05,0.05,0.60,23985.35,23985.35,1583790,-804180,127261,207629263123.75,14679,F1,65,,,,,
2026-07-28,2026-07-28,FO,NSE,IDO,63955,,NIFTY,,2026-07-28,2026-07-28,24400.00,CE,NIFTY26JUL24400CE,1.00,1.35,0.05,0.10,0.05,2.70,23985.35,23985.35,5789810,-1118195,1473564,2337136790823.25,228579,F1,65,,,,,
2026-07-28,2026-07-28,FO,NSE,IDO,63951,,NIFTY,,2026-07-28,2026-07-28,24300.00,CE,NIFTY26JUL24300CE,2.00,2.80,0.05,0.10,0.05,4.80,23985.35,23985.35,6965725,-3661840,2222555,3510672698799.50,336262,F1,65,,,,,
2026-07-28,2026-07-28,FO,NSE,IDO,58633,,NIFTY,,2026-12-29,2026-12-29,14000.00,PE,NIFTY26DEC14000PE,0.00,0.00,0.00,12.00,12.00,12.00,23985.35,0.00,8245,0,0,0.00,0,F1,65,,,,,
2026-07-28,2026-07-28,FO,NSE,IDO,55289,,NIFTY,,2026-09-29,2026-09-29,28500.00,PE,NIFTY26SEP28500PE,4185.00,4221.85,4155.35,4180.95,4155.35,4193.75,23985.35,4180.95,413075,2145,164,348330209.50,150,F1,65,,,,,
2026-07-28,2026-07-28,FO,NSE,IDO,74413,,NIFTY,,2026-09-29,2026-09-29,25600.00,PE,NIFTY26SEP25600PE,0.00,0.00,0.00,1670.65,0.00,1670.65,23985.35,1541.15,0,0,0,0.00,0,F1,65,,,,,
2026-07-28,2026-07-28,FO,NSE,IDO,65903,,NIFTY,,2026-09-29,2026-09-29,25000.00,PE,NIFTY26SEP25000PE,930.00,947.90,884.65,909.95,901.95,912.20,23985.35,909.95,820365,7215,1046,1761871793.50,753,F1,65,,,,,
2026-07-28,2026-07-28,FO,NSE,IDO,74057,,NIFTY,,2026-09-29,2026-09-29,23900.00,PE,NIFTY26SEP23900PE,334.00,353.65,321.30,338.85,327.35,341.85,23985.35,338.85,44915,8320,394,620724448.50,313,F1,65,,,,,
2026-07-28,2026-07-28,FO,NSE,IDO,73926,,NIFTY,,2026-09-29,2026-09-29,23350.00,PE,NIFTY26SEP23350PE,186.55,196.50,172.75,174.10,175.85,185.15,23985.35,174.10,8645,910,27,41298114.00,20,F1,65,,,,,
2026-07-28,2026-07-28,FO,NSE,IDO,73922,,NIFTY,,2026-09-29,2026-09-29,23250.00,PE,NIFTY26SEP23250PE,168.95,169.35,154.05,154.90,154.05,165.60,23985.35,154.90,10855,1885,68,103473864.00,46,F1,65,,,,,
2026-07-28,2026-07-28,FO,NSE,IDO,73898,,NIFTY,,2026-09-29,2026-09-29,22850.00,PE,NIFTY26SEP22850PE,105.40,105.90,96.50,100.90,96.50,105.90,23985.35,100.90,11050,520,25,37295433.50,16,F1,65,,,,,
2026-07-28,2026-07-28,FO,NSE,IDO,73878,,NIFTY,,2026-09-29,2026-09-29,22300.00,PE,NIFTY26SEP22300PE,56.05,58.00,50.35,52.70,52.00,57.00,23985.35,52.70,62075,5200,444,645135289.50,222,F1,65,,,,,
2026-07-28,2026-07-28,FO,NSE,IDO,73853,,NIFTY,,2026-09-29,2026-09-29,21800.00,PE,NIFTY26SEP21800PE,36.05,36.65,32.70,33.25,32.70,35.95,23985.35,33.25,21385,-3705,359,509506832.25,235,F1,65,,,,,
2026-07-28,2026-07-28,FO,NSE,IDO,73806,,NIFTY,,2026-09-29,2026-09-29,21600.00,PE,NIFTY26SEP21600PE,30.25,32.45,28.00,28.70,28.65,31.20,23985.35,28.70,36790,-1105,223,313518416.25,139,F1,65,,,,,
2026-07-28,2026-07-28,FO,NSE,IDO,47050,,NIFTY,,2026-09-01,2026-09-01,25600.00,PE,NIFTY2690125600PE,0.00,0.00,0.00,1385.45,0.00,1385.45,23985.35,1535.45,0,0,0,0.00,0,F1,65,,,,,
2026-07-28,2026-07-28,FO,NSE,IDO,47032,,NIFTY,,2026-09-01,2026-09-01,25150.00,PE,NIFTY2690125150PE,0.00,0.00,0.00,1040.90,0.00,1040.90,23985.35,1161.05,0,0,0,0.00,0,F1,65,,,,,
2026-07-28,2026-07-28,FO,NSE,IDO,47022,,NIFTY,,2026-09-01,2026-09-01,24900.00,PE,NIFTY2690124900PE,0.00,0.00,0.00,869.25,0.00,869.25,23985.35,971.00,0,0,0,0.00,0,F1,65,,,,,
2026-07-28,2026-07-28,FO,NSE,IDO,47018,,NIFTY,,2026-09-01,2026-09-01,24800.00,PE,NIFTY2690124800PE,0.00,0.00,0.00,804.95,0.00,804.95,23985.35,899.35,0,0,0,0.00,0,F1,65,,,,,
2026-07-28,2026-07-28,FO,NSE,IDO,46990,,NIFTY,,2026-09-01,2026-09-01,24100.00,PE,NIFTY2690124100PE,354.05,354.05,315.85,347.15,338.15,354.75,23985.35,347.15,7150,-1820,65,103270059.75,63,F1,65,,,,,
2026-07-28,2026-07-28,FO,NSE,IDO,46976,,NIFTY,,2026-09-01,2026-09-01,23750.00,PE,NIFTY2690123750PE,0.00,0.00,0.00,296.60,0.00,296.60,23985.35,323.95,0,0,0,0.00,0,F1,65,,,,,
2026-07-28,2026-07-28,FO,NSE,IDO,46974,,NIFTY,,2026-09-01,2026-09-01,23700.00,PE,NIFTY2690123700PE,188.70,188.70,188.70,188.70,188.70,320.00,23985.35,305.10,195,65,1,1552765.50,1,F1,65,,,,,
2026-07-28,2026-07-28,FO,NSE,IDO,46940,,NIFTY,,2026-09-01,2026-09-01,22850.00,PE,NIFTY2690122850PE,0.00,0.00,0.00,89.70,0.00,89.70,23985.35,90.95,0,0,0,0.00,0,F1,65,,,,,
2026-07-28,2026-07-28,FO,NSE,IDO,46926,,NIFTY,,2026-09-01,2026-09-01,22500.00,PE,NIFTY2690122500PE,28.25,32.65,27.00,27.00,27.00,33.50,23985.35,27.00,3705,1690,44,64435302.75,24,F1,65,,,,,
2026-07-28,2026-07-28,FO,NSE,IDO,62052,,NIFTY,,2026-08-25,2026-08-25,26100.00,PE,NIFTY26AUG26100PE,1978.35,2015.00,1939.65,1959.20,1958.40,1978.35,23985.35,1959.20,25350,4940,87,158770384.50,53,F1,65,,,,,
2026-07-28,2026-07-28,FO,NSE,IDO,55697,,NIFTY,,2030-12-31,2030-12-31,16500.00,PE,NIFTY30DEC16500PE,0.00,0.00,0.00,13.65,0.00,13.65,23985.35,68.20,0,0,0,0.00,0,F1,65,,,,,
2026-07-28,2026-07-28,FO,NSE,IDO,55599,,NIFTY,,2029-12-24,2029-12-24,16500.00,PE,NIFTY29DEC16500PE,0.00,0.00,0.00,10.15,0.00,10.15,23985.35,55.05,0,0,0,0.00,0,F1,65,,,,,
2026-07-28,2026-07-28,FO,NSE,IDO,61660,,NIFTY,,2029-12-24,2029-12-24,21000.00,PE,NIFTY29DEC21000PE,0.00,0.00,0.00,525.10,525.10,525.10,23985.35,377.50,650,0,0,0.00,0,F1,65,,,,,
2026-07-28,2026-07-28,FO,NSE,IDO,61933,,NIFTY,,2029-12-24,2029-12-24,30000.00,PE,NIFTY29DEC30000PE,0.00,0.00,0.00,1953.50,0.00,1953.50,23985.35,2924.30,0,0,0,0.00,0,F1,65,,,,,
2026-07-28,2026-07-28,FO,NSE,IDO,55701,,NIFTY,,2030-12-31,2030-12-31,19500.00,PE,NIFTY30DEC19500PE,0.00,0.00,0.00,67.40,0.00,67.40,23985.35,231.05,0,0,0,0.00,0,F1,65,,,,,
2026-07-28,2026-07-28,FO,NSE,IDO,61859,,NIFTY,,2026-08-25,2026-08-25,24900.00,PE,NIFTY26AUG24900PE,872.60,872.60,807.85,828.55,828.00,840.75,23985.35,828.55,116350,14235,401,670695961.00,305,F1,65,,,,,
2026-07-28,2026-07-28,FO,NSE,IDO,61670,,NIFTY,,2026-08-25,2026-08-25,24200.00,PE,NIFTY26AUG24200PE,379.50,394.30,337.50,361.40,346.45,373.15,23985.35,361.40,1356680,2600,7643,12202830129.75,5463,F1,65,,,,,
2026-07-28,2026-07-28,FO,NSE,IDO,61604,,NIFTY,,2026-08-25,2026-08-25,24000.00,PE,NIFTY26AUG24000PE,288.70,296.90,248.80,268.80,257.45,278.20,23985.35,268.80,7954700,737880,82018,129394356994.50,51641,F1,65,,,,,
2026-07-28,2026-07-28,FO,NSE,IDO,61500,,NIFTY,,2026-08-25,2026-08-25,23500.00,PE,NIFTY26AUG23500PE,126.95,132.50,107.65,115.70,109.45,122.95,23985.35,115.70,3215745,174330,31813,48838897373.50,16215,F1,65,,,,,
2026-07-28,2026-07-28,FO,NSE,IDO,61498,,NIFTY,,2026-08-25,2026-08-25,23450.00,PE,NIFTY26AUG23450PE,119.25,121.60,98.80,105.20,102.60,111.90,23985.35,105.20,41535,4355,582,891206134.00,464,F1,65,,,,,
2026-07-28,2026-07-28,FO,NSE,IDO,61381,,NIFTY,,2026-08-25,2026-08-25,22400.00,PE,NIFTY26AUG22400PE,20.90,21.20,17.25,17.75,17.90,21.30,23985.35,17.75,121485,15275,2102,3063074300.00,1264,F1,65,,,,,
2026-07-28,2026-07-28,FO,NSE,IDO,45203,,NIFTY,,2026-08-18,2026-08-18,26000.00,PE,NIFTY2681826000PE,0.00,0.00,0.00,1849.95,0.00,1849.95,23985.35,1934.65,0,0,0,0.00,0,F1,65,,,,,
2026-07-28,2026-07-28,FO,NSE,IDO,45187,,NIFTY,,2026-08-18,2026-08-18,25700.00,PE,NIFTY2681825700PE,0.00,0.00,0.00,1581.55,0.00,1581.55,23985.35,1646.75,0,0,0,0.00,0,F1,65,,,,,
2026-07-28,2026-07-28,FO,NSE,IDO,45159,,NIFTY,,2026-08-18,2026-08-18,25250.00,PE,NIFTY2681825250PE,0.00,0.00,0.00,1204.85,0.00,1204.85,23985.35,1233.30,0,0,0,0.00,0,F1,65,,,,,
2026-07-28,2026-07-28,FO,NSE,IDO,45151,,NIFTY,,2026-08-18,2026-08-18,25050.00,PE,NIFTY2681825050PE,0.00,0.00,0.00,1051.15,0.00,1051.15,23985.35,1060.65,0,0,0,0.00,0,F1,65,,,,,
2026-07-28,2026-07-28,FO,NSE,IDO,45149,,NIFTY,,2026-08-18,2026-08-18,25000.00,PE,NIFTY2681825000PE,0.00,0.00,0.00,1012.85,0.00,1012.85,23985.35,1018.85,0,0,0,0.00,0,F1,65,,,,,
2026-07-28,2026-07-28,FO,NSE,IDO,45097,,NIFTY,,2026-08-18,2026-08-18,24150.00,PE,NIFTY2681824150PE,314.30,317.95,286.00,292.65,289.25,329.55,23985.35,292.65,4940,1495,53,84231888.00,48,F1,65,,,,,
2026-07-28,2026-07-28,FO,NSE,IDO,45036,,NIFTY,,2026-08-18,2026-08-18,22900.00,PE,NIFTY2681822900PE,28.25,28.30,22.00,23.10,22.00,29.40,23985.35,23.10,19045,3120,176,262259422.75,89,F1,65,,,,,
2026-07-28,2026-07-28,FO,NSE,IDO,41042,,NIFTY,,2026-08-11,2026-08-11,25100.00,PE,NIFTY2681125100PE,0.00,0.00,0.00,900.00,900.00,900.00,23985.35,1092.10,65,0,0,0.00,0,F1,65,,,,,
2026-07-28,2026-07-28,FO,NSE,IDO,40986,,NIFTY,,2026-08-11,2026-08-11,23850.00,PE,NIFTY2681123850PE,148.00,155.35,121.85,129.50,123.55,140.90,23985.35,129.50,33150,11180,1434,2235572196.00,1110,F1,65,,,,,
2026-07-28,2026-07-28,FO,NSE,IDO,40978,,NIFTY,,2026-08-11,2026-08-11,23700.00,PE,NIFTY2681123700PE,99.75,108.60,81.90,87.60,83.30,99.75,23985.35,87.60,227240,77740,6721,10393772860.25,4794,F1,65,,,,,
2026-07-28,2026-07-28,FO,NSE,IDO,40956,,NIFTY,,2026-08-11,2026-08-11,23150.00,PE,NIFTY2681123150PE,26.20,26.20,17.30,18.55,18.10,26.15,23985.35,18.55,48685,25610,887,1335860373.25,396,F1,65,,,,,
2026-07-28,2026-07-28,FO,NSE,IDO,55323,,NIFTY,,2026-12-29,2026-12-29,16500.00,PE,NIFTY26DEC16500PE,0.00,0.00,0.00,20.10,20.10,20.10,23985.35,0.10,3185,0,0,0.00,0,F1,65,,,,,
2026-07-28,2026-07-28,FO,NSE,IDO,40930,,NIFTY,,2026-08-11,2026-08-11,22500.00,PE,NIFTY2681122500PE,8.15,8.50,5.20,5.65,5.50,8.95,23985.35,5.65,302705,183040,6783,9922961987.25,2719,F1,65,,,,,
2026-07-28,2026-07-28,FO,NSE,IDO,40908,,NIFTY,,2026-08-11,2026-08-11,22000.00,PE,NIFTY2681122000PE,6.20,6.85,4.20,4.40,4.35,7.15,23985.35,4.40,476385,99905,7878,11268101123.50,3280,F1,65,,,,,
2026-07-28,2026-07-28,FO,NSE,IDO,40906,,NIFTY,,2026-08-11,2026-08-11,21950.00,PE,NIFTY2681121950PE,4.50,7.30,4.25,4.30,4.30,7.00,23985.35,0.65,3315,-585,32,45665633.00,28,F1,65,,,,,
2026-07-28,2026-07-28,FO,NSE,IDO,40902,,NIFTY,,2026-08-11,2026-08-11,21850.00,PE,NIFTY2681121850PE,6.05,8.55,3.50,3.65,3.50,6.40,23985.35,3.65,4485,975,69,98018885.25,42,F1,65,,,,,
2026-07-28,2026-07-28,FO,NSE,IDO,65868,,NIFTY,,2026-08-04,2026-08-04,24550.00,PE,NIFTY2680424550PE,526.90,556.90,500.00,520.85,512.00,522.00,23985.35,520.85,10140,-390,135,220049982.75,115,F1,65,,,,,
2026-07-28,2026-07-28,FO,NSE,IDO,65855,,NIFTY,,2026-08-04,2026-08-04,24400.00,PE,NIFTY2680424400PE,425.05,432.50,361.85,393.45,374.00,389.80,23985.35,393.45,231855,73645,5366,8648380968.50,3711,F1,65,,,,,
2026-07-28,2026-07-28,FO,NSE,IDO,65776,,NIFTY,,2026-08-04,2026-08-04,24200.00,PE,NIFTY2680424200PE,252.00,278.75,215.10,244.35,227.80,246.95,23985.35,244.35,963820,253630,57021,90606154203.50,35416,F1,65,,,,,
2026-07-28,2026-07-28,FO,NSE,IDO,65700,,NIFTY,,2026-08-04,2026-08-04,24150.00,PE,NIFTY2680424150PE,228.00,246.00,186.00,209.40,204.45,216.30,23985.35,209.40,193050,110175,24096,38159750083.00,15867,F1,65,,,,,
2026-07-28,2026-07-28,FO,NSE,IDO,65683,,NIFTY,,2026-08-04,2026-08-04,23750.00,PE,NIFTY2680423750PE,52.70,69.05,42.95,49.85,45.75,61.00,23985.35,49.85,1436305,899925,92537,143169694447.00,55576,F1,65,,,,,
2026-07-28,2026-07-28,FO,NSE,IDO,65681,,NIFTY,,2026-08-04,2026-08-04,23700.00,PE,NIFTY2680423700PE,58.70,58.70,35.00,40.10,38.25,50.85,23985.35,40.10,3430895,1396265,185596,286427660223.25,102014,F1,65,,,,,
2026-07-28,2026-07-28,FO,NSE,IDO,65677,,NIFTY,,2026-08-04,2026-08-04,23600.00,PE,NIFTY2680423600PE,37.05,39.10,23.50,26.20,24.75,35.70,23985.35,26.20,2252575,884325,135050,207418015486.50,74175,F1,65,,,,,
2026-07-28,2026-07-28,FO,NSE,IDO,65675,,NIFTY,,2026-08-04,2026-08-04,23550.00,PE,NIFTY2680423550PE,30.75,32.95,19.45,21.65,21.20,30.00,23985.35,21.65,1065675,435955,69440,106402972841.75,40706,F1,65,,,,,
2026-07-28,2026-07-28,FO,NSE,IDO,65526,,NIFTY,,2026-08-04,2026-08-04,23200.00,PE,NIFTY2680423200PE,12.45,12.60,6.45,6.90,6.60,12.15,23985.35,6.90,2528175,651950,98198,148133582577.50,37794,F1,65,,,,,
2026-07-28,2026-07-28,FO,NSE,IDO,65412,,NIFTY,,2026-08-04,2026-08-04,22050.00,PE,NIFTY2680422050PE,3.30,3.30,1.60,1.95,1.85,3.35,23985.35,1.95,21710,6500,1115,1598235525.25,470,F1,65,,,,,
2026-07-28,2026-07-28,FO,NSE,IDO,65127,,NIFTY,,2026-08-04,2026-08-04,21600.00,PE,NIFTY2680421600PE,2.50,2.50,1.40,1.60,1.45,2.80,23985.35,1.60,3795740,1374880,63955,89801111123.75,10170,F1,65,,,,,
2026-07-28,2026-07-28,FO,NSE,IDO,64016,,NIFTY,,2026-07-28,2026-07-28,25800.00,PE,NIFTY26JUL25800PE,1812.00,1827.00,1775.00,1814.00,1814.00,1782.60,23985.35,23985.35,10205,-1560,100,179379957.25,55,F1,65,,,,,
2026-07-28,2026-07-28,FO,NSE,IDO,64007,,NIFTY,,2026-07-28,2026-07-28,25600.00,PE,NIFTY26JUL25600PE,1600.00,1645.10,1573.85,1642.40,1641.00,1580.70,23985.35,23985.35,8255,-1170,88,155579030.75,49,F1,65,,,,,
2026-07-28,2026-07-28,FO,NSE,IDO,63966,,NIFTY,,2026-07-28,2026-07-28,24650.00,PE,NIFTY26JUL24650PE,660.55,690.35,612.55,676.80,664.20,616.20,23985.35,23985.35,24570,-1300,229,376596727.00,205,F1,65,,,,,
2026-07-28,2026-07-28,FO,NSE,IDO,63946,,NIFTY,,2026-07-28,2026-07-28,24150.00,PE,NIFTY26JUL24150PE,150.00,206.40,115.20,180.00,164.65,144.45,23985.35,23985.35,418730,-151905,1188407,1877142880674.75,731039,F1,65,,,,,
2026-07-28,2026-07-28,FO,NSE,IDO,63930,,NIFTY,,2026-07-28,2026-07-28,23800.00,PE,NIFTY26JUL23800PE,4.30,7.25,0.05,0.15,0.10,9.55,23985.35,23985.35,6886100,-3491865,5417220,8381135123916.75,783562,F1,65,,,,,
2026-07-28,2026-07-28,FO,NSE,IDO,63898,,NIFTY,,2026-07-28,2026-07-28,23050.00,PE,NIFTY26JUL23050PE,1.50,1.50,0.05,0.05,0.05,1.80,23985.35,23985.35,1140230,260065,123886,185616551396.25,19002,F1,65,,,,,
2026-07-28,2026-07-28,FO,NSE,IDO,63892,,NIFTY,,2026-07-28,2026-07-28,22900.00,PE,NIFTY26JUL22900PE,0.65,0.90,0.05,0.05,0.05,1.50,23985.35,23985.35,1686165,-919360,207801,309318600438.25,28701,F1,65,,,,,
2026-07-28,2026-07-28,FO,NSE,IDO,63880,,NIFTY,,2026-07-28,2026-07-28,22600.00,PE,NIFTY26JUL22600PE,0.80,1.00,0.05,0.05,0.05,1.25,23985.35,23985.35,601055,-282360,56911,83604090274.25,9594,F1,65,,,,,
2026-07-28,2026-07-28,FO,NSE,IDO,63868,,NIFTY,,2026-07-28,2026-07-28,22300.00,PE,NIFTY26JUL22300PE,0.90,0.90,0.05,0.05,0.05,1.10,23985.35,23985.35,457145,-275080,38538,55861977762.50,6454,F1,65,,,,,
2026-07-28,2026-07-28,FO,NSE,IDO,63816,,NIFTY,,2026-07-28,2026-07-28,21200.00,PE,NIFTY26JUL21200PE,0.50,0.55,0.05,0.10,0.05,0.60,23985.35,23985.35,501085,-155480,60634,83554279389.75,18879,F1,65,,,,,
2026-07-28,2026-07-28,FO,NSE,IDO,74647,,NIFTY,,2031-06-24,2031-06-24,22500.00,CE,NIFTY31JUN22500CE,0.00,0.00,0.00,8012.75,0.00,8012.75,23985.35,8282.95,0,0,0,0.00,0,F1,65,,,,,
2026-07-28,2026-07-28,FO,NSE,IDO,60936,,NIFTY,,2030-06-25,2030-06-25,30000.00,CE,NIFTY30JUN30000CE,0.00,0.00,0.00,5580.35,0.00,5580.35,23985.35,3537.40,0,0,0,0.00,0,F1,65,,,,,
2026-07-28,2026-07-28,FO,NSE,IDO,55648,,NIFTY,,2030-06-25,2030-06-25,28500.00,CE,NIFTY30JUN28500CE,0.00,0.00,0.00,5382.85,0.00,5382.85,23985.35,4124.25,0,0,0,0.00,0,F1,65,,,,,
2026-07-28,2026-07-28,FO,NSE,IDO,55560,,NIFTY,,2029-06-26,2029-06-26,22500.00,CE,NIFTY29JUN22500CE,0.00,0.00,0.00,7946.50,0.00,7946.50,23985.35,6041.25,0,0,0,0.00,0,F1,65,,,,,
2026-07-28,2026-07-28,FO,NSE,IDO,67788,,NIFTY,,2028-12-26,2028-12-26,27000.00,CE,NIFTY28DEC27000CE,0.00,0.00,0.00,2635.00,2635.00,2635.00,23985.35,2955.90,715,0,0,0.00,0,F1,65,,,,,
2026-07-28,2026-07-28,FO,NSE,IDO,55478,,NIFTY,,2028-06-27,2028-06-27,28500.00,CE,NIFTY28JUN28500CE,0.00,0.00,0.00,2990.00,0.00,2990.00,23985.35,1753.70,0,0,0,0.00,0,F1,65,,,,,
2026-07-28,2026-07-28,FO,NSE,IDO,55472,,NIFTY,,2028-06-27,2028-06-27,22500.00,CE,NIFTY28JUN22500CE,0.00,0.00,0.00,6796.05,0.00,6796.05,23985.35,4752.20,0,0,0,0.00,0,F1,65,,,,,
2026-07-28,2026-07-28,FO,NSE,IDO,80278,,NIFTY,,2027-03-30,2027-03-30,28500.00,CE,NIFTY27MAR28500CE,95.00,95.90,89.85,92.00,91.00,96.70,23985.35,92.00,30160,2470,208,386558155.75,125,F1,65,,,,,
2026-07-28,2026-07-28,FO,NSE,IDO,80190,,NIFTY,,2027-03-30,2027-03-30,16500.00,CE,NIFTY27MAR16500CE,0.00,0.00,0.00,6995.90,0.00,6995.90,23985.35,8203.35,0,0,0,0.00,0,F1,65,,,,,
2026-07-28,2026-07-28,FO,NSE,IDO,58644,,NIFTY,,2026-12-29,2026-12-29,20000.00,CE,NIFTY26DEC20000CE,4465.00,4525.00,4457.70,4488.70,4517.40,4484.85,23985.35,4488.70,582295,455,71,113033849.50,50,F1,65,,,,,
2026-07-28,2026-07-28,FO,NSE,IDO,65904,,NIFTY,,2026-09-29,2026-09-29,26000.00,CE,NIFTY26SEP26000CE,36.50,38.65,32.90,33.45,34.25,38.45,23985.35,33.45,1923860,-33800,9179,15533609448.50,3814,F1,65,,,,,
2026-07-28,2026-07-28,FO,NSE,IDO,74422,,NIFTY,,2026-09-29,2026-09-29,25850.00,CE,NIFTY26SEP25850CE,0.00,0.00,0.00,117.25,117.25,117.25,23985.35,170.20,65,0,0,0.00,0,F1,65,,,,,
2026-07-28,2026-07-28,FO,NSE,IDO,74418,,NIFTY,,2026-09-29,2026-09-29,25750.00,CE,NIFTY26SEP25750CE,0.00,0.00,0.00,293.50,0.00,293.50,23985.35,187.95,0,0,0,0.00,0,F1,65,,,,,
2026-07-28,2026-07-28,FO,NSE,IDO,55286,,NIFTY,,2026-09-29,2026-09-29,25500.00,CE,NIFTY26SEP25500CE,81.50,82.20,73.00,74.85,75.30,82.00,23985.35,74.85,1498575,104520,10743,17860894018.50,5851,F1,65,,,,,
2026-07-28,2026-07-28,FO,NSE,IDO,74243,,NIFTY,,2026-09-29,2026-09-29,24550.00,CE,NIFTY26SEP24550CE,331.00,337.20,320.90,325.30,334.10,338.55,23985.35,325.30,9035,-845,56,90555000.25,45,F1,65,,,,,
2026-07-28,2026-07-28,FO,NSE,IDO,73925,,NIFTY,,2026-09-29,2026-09-29,23350.00,CE,NIFTY26SEP23350CE,0.00,0.00,0.00,1086.90,1086.90,1086.90,23985.35,1200.65,650,0,0,0.00,0,F1,65,,,,,
2026-07-28,2026-07-28,FO,NSE,IDO,73831,,NIFTY,,2026-09-29,2026-09-29,21650.00,CE,NIFTY26SEP21650CE,0.00,0.00,0.00,2630.65,0.00,2630.65,23985.35,2615.35,0,0,0,0.00,0,F1,65,,,,,
2026-07-28,2026-07-28,FO,NSE,IDO,55280,,NIFTY,,2026-09-29,2026-09-29,16500.00,CE,NIFTY26SEP16500CE,0.00,0.00,0.00,10168.85,0.00,10168.85,23985.35,7672.85,0,0,0,0.00,0,F1,65,,,,,
2026-07-28,2026-07-28,FO,NSE,IDO,47019,,NIFTY,,2026-09-01,2026-09-01,24850.00,CE,NIFTY2690124850CE,0.00,0.00,0.00,347.45,0.00,347.45,23985.35,227.45,0,0,0,0.00,0,F1,65,,,,,
2026-07-28,2026-07-28,FO,NSE,IDO,47017,,NIFTY,,2026-09-01,2026-09-01,24800.00,CE,NIFTY2690124800CE,0.00,0.00,0.00,365.30,0.00,365.30,23985.35,241.65,0,0,0,0.00,0,F1,65,,,,,
2026-07-28,2026-07-28,FO,NSE,IDO,47013,,NIFTY,,2026-09-01,2026-09-01,24700.00,CE,NIFTY2690124700CE,0.00,0.00,0.00,402.95,0.00,402.95,23985.35,272.00,0,0,0,0.00,0,F1,65,,,,,
2026-07-28,2026-07-28,FO,NSE,IDO,46981,,NIFTY,,2026-09-01,2026-09-01,23900.00,CE,NIFTY2690123900CE,482.50,484.75,471.50,471.50,471.50,475.35,23985.35,471.50,585,195,6,9506659.50,6,F1,65,,,,,
2026-07-28,2026-07-28,FO,NSE,IDO,46969,,NIFTY,,2026-09-01,2026-09-01,23600.00,CE,NIFTY2690123600CE,0.00,0.00,0.00,585.55,585.55,585.55,23985.35,804.35,65,0,0,0.00,0,F1,65,,,,,
2026-07-28,2026-07-28,FO,NSE,IDO,46919,,NIFTY,,2026-09-01,2026-09-01,22350.00,CE,NIFTY2690122350CE,0.00,0.00,0.00,2032.25,0.00,2032.25,23985.35,1813.55,0,0,0,0.00,0,F1,65,,,,,
2026-07-28,2026-07-28,FO,NSE,IDO,46907,,NIFTY,,2026-09-01,2026-09-01,22050.00,CE,NIFTY2690122050CE,0.00,0.00,0.00,2313.35,0.00,2313.35,23985.35,2094.65,0,0,0,0.00,0,F1,65,,,,,
2026-07-28,2026-07-28,FO,NSE,IDO,62066,,NIFTY,,2026-08-25,2026-08-25,26300.00,CE,NIFTY26AUG26300CE,2.10,2.50,1.80,2.25,2.25,2.20,23985.35,2.25,618475,33020,5877,10047542225.50,3359,F1,65,,,,,
2026-07-28,2026-07-28,FO,NSE,IDO,62045,,NIFTY,,2026-08-25,2026-08-25,26100.00,CE,NIFTY26AUG26100CE,3.75,3.90,2.45,3.50,2.75,3.30,23985.35,3.50,32370,6630,211,358006753.00,133,F1,65,,,,,
2026-07-28,2026-07-28,FO,NSE,IDO,62043,,NIFTY,,2026-08-25,2026-08-25,26050.00,CE,NIFTY26AUG26050CE,3.65,4.45,2.85,4.45,4.45,3.65,23985.35,4.45,10465,455,13,22015360.25,5,F1,65,,,,,
2026-07-28,2026-07-28,FO,NSE,IDO,62036,,NIFTY,,2026-08-25,2026-08-25,25950.00,CE,NIFTY26AUG25950CE,5.55,5.55,3.30,4.55,4.45,4.65,23985.35,4.55,6435,1690,170,286796861.00,99,F1,65,,,,,
2026-07-28,2026-07-28,FO,NSE,IDO,61979,,NIFTY,,2026-08-25,2026-08-25,25600.00,CE,NIFTY26AUG25600CE,10.70,11.45,7.90,9.65,9.50,10.30,23985.35,9.65,305760,-12870,2556,4254859245.00,1403,F1,65,,,,,
2026-07-28,2026-07-28,FO,NSE,IDO,61909,,NIFTY,,2026-08-25,2026-08-25,25050.00,CE,NIFTY26AUG25050CE,38.35,43.25,35.00,36.95,37.90,40.85,23985.35,36.95,95745,11765,1088,1774260868.25,763,F1,65,,,,,
2026-07-28,2026-07-28,FO,NSE,IDO,61865,,NIFTY,,2026-08-25,2026-08-25,24950.00,CE,NIFTY26AUG24950CE,49.60,55.10,45.75,48.15,48.70,52.70,23985.35,48.15,73060,14430,974,1582781317.00,776,F1,65,,,,,
2026-07-28,2026-07-28,FO,NSE,IDO,61857,,NIFTY,,2026-08-25,2026-08-25,24900.00,CE,NIFTY26AUG24900CE,59.50,62.35,50.00,54.55,54.65,59.50,23985.35,54.55,498420,35230,9182,14894534323.50,5846,F1,65,,,,,
2026-07-28,2026-07-28,FO,NSE,IDO,61734,,NIFTY,,2026-08-25,2026-08-25,24500.00,CE,NIFTY26AUG24500CE,140.00,159.75,135.25,143.45,147.05,153.80,23985.35,143.45,4731740,178295,44371,71082520424.50,23248,F1,65,,,,,
2026-07-28,2026-07-28,FO,NSE,IDO,61647,,NIFTY,,2026-08-25,2026-08-25,24200.00,CE,NIFTY26AUG24200CE,260.50,287.55,250.10,268.25,272.00,276.70,23985.35,268.25,1676870,-116480,16027,25490527510.50,9764,F1,65,,,,,
2026-07-28,2026-07-28,FO,NSE,IDO,61534,,NIFTY,,2026-08-25,2026-08-25,23800.00,CE,NIFTY26AUG23800CE,507.60,528.05,471.20,501.70,500.80,509.95,23985.35,501.70,770055,-40365,5601,8847109131.25,3887,F1,65,,,,,
2026-07-28,2026-07-28,FO,NSE,IDO,61532,,NIFTY,,2026-08-25,2026-08-25,23750.00,CE,NIFTY26AUG23750CE,537.60,560.00,509.30,523.40,542.10,536.50,23985.35,523.40,19045,-585,213,336200988.50,156,F1,65,,,,,
2026-07-28,2026-07-28,FO,NSE,IDO,61376,,NIFTY,,2026-08-25,2026-08-25,22300.00,CE,NIFTY26AUG22300CE,1800.00,1800.00,1800.00,1800.00,1800.00,1748.00,23985.35,1810.20,1755,130,2,3133000.00,1,F1,65,,,,,
2026-07-28,2026-07-28,FO,NSE,IDO,61364,,NIFTY,,2026-08-25,2026-08-25,22150.00,CE,NIFTY26AUG22150CE,0.00,0.00,0.00,2147.40,2147.40,2147.40,23985.35,1953.05,130,0,0,0.00,0,F1,65,,,,,
2026-07-28,2026-07-28,FO,NSE,IDO,61354,,NIFTY,,2026-08-25,2026-08-25,22050.00,CE,NIFTY26AUG22050CE,0.00,0.00,0.00,2323.10,0.00,2323.10,23985.35,2049.30,0,0,0,0.00,0,F1,65,,,,,
2026-07-28,2026-07-28,FO,NSE,IDO,61211,,NIFTY,,2026-08-25,2026-08-25,21500.00,CE,NIFTY26AUG21500CE,2583.05,2632.70,2545.00,2588.75,2611.65,2568.35,23985.35,2588.75,342940,28860,782,1225444431.25,755,F1,65,,,,,
2026-07-28,2026-07-28,FO,NSE,IDO,61175,,NIFTY,,2026-08-25,2026-08-25,21400.00,CE,NIFTY26AUG21400CE,0.00,0.00,0.00,2616.30,2616.30,2616.30,23985.35,2686.55,130,0,0,0.00,0,F1,65,,,,,
2026-07-28,2026-07-28,FO,NSE,IDO,61154,,NIFTY,,2026-08-25,2026-08-25,21250.00,CE,NIFTY26AUG21250CE,0.00,0.00,0.00,3030.30,0.00,3030.30,23985.35,2835.20,0,0,0,0.00,0,F1,65,,,,,
2026-07-28,2026-07-28,FO,NSE,IDO,45184,,NIFTY,,2026-08-18,2026-08-18,25650.00,CE,NIFTY2681825650CE,3.80,3.80,3.80,3.80,3.80,5.10,23985.35,3.80,715,0,2,3334994.00,2,F1,65,,,,,
2026-07-28,2026-07-28,FO,NSE,IDO,45156,,NIFTY,,2026-08-18,2026-08-18,25200.00,CE,NIFTY2681825200CE,0.00,0.00,0.00,162.75,0.00,162.75,23985.35,62.55,0,0,0,0.00,0,F1,65,,,,,
2026-07-28,2026-07-28,FO,NSE,IDO,45116,,NIFTY,,2026-08-18,2026-08-18,24600.00,CE,NIFTY2681824600CE,78.00,84.05,70.90,73.85,76.15,86.55,23985.35,73.85,48685,16510,1120,1796389205.00,650,F1,65,,,,,
2026-07-28,2026-07-28,FO,NSE,IDO,45106,,NIFTY,,2026-08-18,2026-08-18,24400.00,CE,NIFTY2681824400CE,129.20,143.05,122.35,128.15,127.80,142.65,23985.35,128.15,64155,29510,1387,2211523115.75,1112,F1,65,,,,,
2026-07-28,2026-07-28,FO,NSE,IDO,45071,,NIFTY,,2026-08-18,2026-08-18,23650.00,CE,NIFTY2681823650CE,572.90,572.90,540.00,540.00,540.00,505.00,23985.35,626.30,1495,-715,11,17310497.75,10,F1,65,,,,,
2026-07-28,2026-07-28,FO,NSE,IDO,58641,,NIFTY,,2026-12-29,2026-12-29,18000.00,PE,NIFTY26DEC18000PE,30.85,31.95,29.10,29.50,29.20,30.60,23985.35,29.50,465600,18330,935,1095802496.75,398,F1,65,,,,,
2026-07-28,2026-07-28,FO,NSE,IDO,58645,,NIFTY,,2026-12-29,2026-12-29,20000.00,PE,NIFTY26DEC20000PE,55.05,55.05,51.35,52.00,51.35,54.25,23985.35,52.00,1077845,-1040,1148,1496329497.00,669,F1,65,,,,,
2026-07-28,2026-07-28,FO,NSE,IDO,53625,,NIFTY,,2027-12-28,2027-12-28,24000.00,PE,NIFTY27DEC24000PE,784.80,856.00,771.00,786.45,772.55,787.95,23985.35,786.45,114110,1090,105,169314057.25,72,F1,65,,,,,
2026-07-28,2026-07-28,FO,NSE,IDF,61093,,NIFTY,,2026-07-28,2026-07-28,,,NIFTY26JULFUT,23998.00,24040.00,23947.60,23973.40,23983.20,24028.00,23985.35,23985.35,5709990,-2020005,63482,99054817381.00,32891,F1,65,,,,,
2026-07-28,2026-07-28,FO,NSE,IDO,80271,,NIFTY,,2027-03-30,2027-03-30,22500.00,PE,NIFTY27MAR22500PE,275.25,281.80,265.95,274.80,272.00,277.60,23985.35,274.80,900185,975,272,402613991.00,202,F1,65,,,,,
2026-07-28,2026-07-28,FO,NSE,IDO,63883,,NIFTY,,2026-07-28,2026-07-28,22700.00,CE,NIFTY26JUL22700CE,1330.00,1333.30,1258.45,1258.45,1258.45,1320.00,23985.35,23985.35,5200,-325,19,29654885.00,11,F1,65,,,,,
2026-07-28,2026-07-28,FO,NSE,IDO,63899,,NIFTY,,2026-07-28,2026-07-28,23100.00,CE,NIFTY26JUL23100CE,911.40,925.05,860.35,874.00,892.00,924.25,23985.35,23985.35,33800,-910,97,151274672.25,90,F1,65,,,,,
2026-07-28,2026-07-28,FO,NSE,IDO,63941,,NIFTY,,2026-07-28,2026-07-28,24050.00,CE,NIFTY26JUL24050CE,33.80,40.80,0.05,0.25,0.05,51.40,23985.35,23985.35,13107575,6866015,25118624,39286644849689.25,5797470,F1,65,,,,,
2026-07-28,2026-07-28,FO,NSE,IDO,45049,,NIFTY,,2026-08-18,2026-08-18,23200.00,CE,NIFTY2681823200CE,0.00,0.00,0.00,1136.90,0.00,1136.90,23985.35,959.10,0,0,0,0.00,0,F1,65,,,,,
2026-07-28,2026-07-28,FO,NSE,IDO,44991,,NIFTY,,2026-08-18,2026-08-18,22150.00,CE,NIFTY2681822150CE,0.00,0.00,0.00,2053.60,0.00,2053.60,23985.35,1919.20,0,0,0,0.00,0,F1,65,,,,,
2026-07-28,2026-07-28,FO,NSE,IDO,40989,,NIFTY,,2026-08-11,2026-08-11,23950.00,CE,NIFTY2681123950CE,273.10,296.85,256.25,279.50,278.05,293.80,23985.35,279.50,50830,6565,2352,3703986185.25,1807,F1,65,,,,,
2026-07-28,2026-07-28,FO,NSE,IDO,40977,,NIFTY,,2026-08-11,2026-08-11,23700.00,CE,NIFTY2681123700CE,451.05,474.35,420.00,450.45,457.90,462.65,23985.35,450.45,34515,-7995,517,811338255.00,450,F1,65,,,,,
2026-07-28,2026-07-28,FO,NSE,IDO,40973,,NIFTY,,2026-08-11,2026-08-11,23600.00,CE,NIFTY2681123600CE,541.45,550.35,492.60,529.80,537.50,537.25,23985.35,529.80,24635,-8320,349,547451456.50,206,F1,65,,,,,
2026-07-28,2026-07-28,FO,NSE,IDO,40941,,NIFTY,,2026-08-11,2026-08-11,22800.00,CE,NIFTY2681122800CE,0.00,0.00,0.00,1775.45,0.00,1775.45,23985.35,1255.75,0,0,0,0.00,0,F1,65,,,,,
2026-07-28,2026-07-28,FO,NSE,IDO,40935,,NIFTY,,2026-08-11,2026-08-11,22650.00,CE,NIFTY2681122650CE,0.00,0.00,0.00,1913.40,0.00,1913.40,23985.35,1398.60,0,0,0,0.00,0,F1,65,,,,,
2026-07-28,2026-07-28,FO,NSE,IDO,40903,,NIFTY,,2026-08-11,2026-08-11,21900.00,CE,NIFTY2681121900CE,0.00,0.00,0.00,2631.80,0.00,2631.80,23985.35,2136.80,0,0,0,0.00,0,F1,65,,,,,
2026-07-28,2026-07-28,FO,NSE,IDO,65938,,NIFTY,,2026-08-04,2026-08-04,25400.00,CE,NIFTY2680425400CE,1.15,1.30,0.95,1.05,1.00,1.25,23985.35,1.05,1151085,311675,41112,67878815748.25,12784,F1,65,,,,,
2026-07-28,2026-07-28,FO,NSE,IDO,65932,,NIFTY,,2026-08-04,2026-08-04,25300.00,CE,NIFTY2680425300CE,1.35,1.45,1.05,1.15,1.15,1.45,23985.35,1.15,1632800,478660,49795,81891819158.50,11905,F1,65,,,,,
2026-07-28,2026-07-28,FO,NSE,IDO,65860,,NIFTY,,2026-08-04,2026-08-04,24500.00,CE,NIFTY2680424500CE,25.00,27.85,15.15,17.00,17.20,26.20,23985.35,17.00,5069025,2183675,258237,411540577964.75,121765,F1,65,,,,,
2026-07-28,2026-07-28,FO,NSE,IDO,65774,,NIFTY,,2026-08-04,2026-08-04,24200.00,CE,NIFTY2680424200CE,89.55,91.55,67.85,77.40,82.50,95.70,23985.35,77.40,4154280,1661725,265560,419072619894.50,137061,F1,65,,,,,
2026-07-28,2026-07-28,FO,NSE,IDO,65689,,NIFTY,,2026-08-04,2026-08-04,23900.00,CE,NIFTY2680423900CE,238.55,252.60,203.25,225.30,233.00,248.80,23985.35,225.30,1416675,451815,127320,199674673588.00,78782,F1,65,,,,,
2026-07-28,2026-07-28,FO,NSE,IDO,65678,,NIFTY,,2026-08-04,2026-08-04,23650.00,CE,NIFTY2680423650CE,414.30,451.10,387.90,412.10,433.20,437.00,23985.35,412.10,62010,6435,1321,2066466483.25,888,F1,65,,,,,
2026-07-28,2026-07-28,FO,NSE,IDO,63863,,NIFTY,,2026-07-28,2026-07-28,22200.00,CE,NIFTY26JUL22200CE,1785.00,1790.00,1785.00,1790.00,1790.00,1836.15,23985.35,23985.35,325,0,2,3118375.00,2,F1,65,,,,,
2026-07-28,2026-07-28,FO,NSE,IDO,74639,,NIFTY,,2031-06-24,2031-06-24,16500.00,PE,NIFTY31JUN16500PE,0.00,0.00,0.00,95.65,0.00,95.65,23985.35,72.30,0,0,0,0.00,0,F1,65,,,,,
2026-07-28,2026-07-28,FO,NSE,IDO,55699,,NIFTY,,2030-12-31,2030-12-31,18000.00,PE,NIFTY30DEC18000PE,0.00,0.00,0.00,32.30,0.00,32.30,23985.35,131.65,0,0,0,0.00,0,F1,65,,,,,
2026-07-28,2026-07-28,FO,NSE,IDO,60939,,NIFTY,,2030-06-25,2030-06-25,30000.00,PE,NIFTY30JUN30000PE,0.00,0.00,0.00,2100.85,0.00,2100.85,23985.35,2706.85,0,0,0,0.00,0,F1,65,,,,,
2026-07-28,2026-07-28,FO,NSE,IDO,60911,,NIFTY,,2030-06-25,2030-06-25,27000.00,PE,NIFTY30JUN27000PE,0.00,0.00,0.00,1286.05,0.00,1286.05,23985.35,1637.75,0,0,0,0.00,0,F1,65,,,,,
2026-07-28,2026-07-28,FO,NSE,IDO,55645,,NIFTY,,2030-06-25,2030-06-25,22500.00,PE,NIFTY30JUN22500PE,0.00,0.00,0.00,223.75,0.00,223.75,23985.35,589.40,0,0,0,0.00,0,F1,65,,,,,
2026-07-28,2026-07-28,FO,NSE,IDO,60893,,NIFTY,,2030-06-25,2030-06-25,18000.00,PE,NIFTY30JUN18000PE,0.00,0.00,0.00,116.65,0.00,116.65,23985.35,125.40,0,0,0,0.00,0,F1,65,,,,,
2026-07-28,2026-07-28,FO,NSE,IDO,61375,,NIFTY,,2029-12-24,2029-12-24,15000.00,PE,NIFTY29DEC15000PE,0.00,0.00,0.00,29.00,29.00,29.00,23985.35,22.50,65,0,0,0.00,0,F1,65,,,,,
2026-07-28,2026-07-28,FO,NSE,IDO,53632,,NIFTY,,2027-12-28,2027-12-28,27000.00,PE,NIFTY27DEC27000PE,1820.00,1836.95,1820.00,1834.30,1834.30,1846.10,23985.35,1834.30,40065,195,4,7495562.75,4,F1,65,,,,,
2026-07-28,2026-07-28,FO,NSE,IDO,55421,,NIFTY,,2027-12-28,2027-12-28,16500.00,PE,NIFTY27DEC16500PE,0.00,0.00,0.00,52.05,52.05,52.05,23985.35,12.25,130,0,0,0.00,0,F1,65,,,,,
2026-07-28,2026-07-28,FO,NSE,IDO,80277,,NIFTY,,2027-03-30,2027-03-30,27000.00,PE,NIFTY27MAR27000PE,0.00,0.00,0.00,2210.00,2210.00,2210.00,23985.35,2477.20,195,0,0,0.00,0,F1,65,,,,,
2026-07-28,2026-07-28,FO,NSE,IDO,55333,,NIFTY,,2026-12-29,2026-12-29,31500.00,PE,NIFTY26DEC31500PE,0.00,0.00,0.00,4059.30,0.00,4059.30,23985.35,6659.70,0,0,0,0.00,0,F1,65,,,,,
2026-07-28,2026-07-28,FO,NSE,IDO,50548,,NIFTY,,2026-12-29,2026-12-29,28000.00,PE,NIFTY26DEC28000PE,3215.00,3290.95,3205.00,3233.35,3227.00,3235.00,23985.35,3233.35,851875,5475,143,290314839.75,123,F1,65,,,,,
2026-07-28,2026-07-28,FO,NSE,IDO,58647,,NIFTY,,2026-12-29,2026-12-29,21000.00,PE,NIFTY26DEC21000PE,81.05,81.05,74.05,75.80,75.45,79.25,23985.35,75.80,972380,10790,1639,2245336622.75,875,F1,65,,,,,
2026-07-28,2026-07-28,FO,NSE,IDO,74443,,NIFTY,,2026-09-29,2026-09-29,26100.00,PE,NIFTY26SEP26100PE,0.00,0.00,0.00,2057.70,0.00,2057.70,23985.35,1949.95,0,0,0,0.00,0,F1,65,,,,,
2026-07-28,2026-07-28,FO,NSE,IDO,55287,,NIFTY,,2026-09-29,2026-09-29,25500.00,PE,NIFTY26SEP25500PE,1300.00,1329.85,1268.10,1310.65,1292.80,1298.10,23985.35,1310.65,309465,10335,1185,2063938773.00,1110,F1,65,,,,,
2026-07-28,2026-07-28,FO,NSE,IDO,74369,,NIFTY,,2026-09-29,2026-09-29,25100.00,PE,NIFTY26SEP25100PE,0.00,0.00,0.00,1000.00,1000.00,1000.00,23985.35,1171.95,1625,0,0,0.00,0,F1,65,,,,,
2026-07-28,2026-07-28,FO,NSE,IDO,74046,,NIFTY,,2026-09-29,2026-09-29,23800.00,PE,NIFTY26SEP23800PE,311.00,320.95,290.90,293.80,292.00,305.50,23985.35,293.80,126685,-130,630,986943496.50,418,F1,65,,,,,
2026-07-28,2026-07-28,FO,NSE,IDO,73907,,NIFTY,,2026-09-29,2026-09-29,23100.00,PE,NIFTY26SEP23100PE,153.20,153.20,129.15,131.35,129.15,139.70,23985.35,131.35,99905,1365,532,803548755.75,313,F1,65,,,,,
2026-07-28,2026-07-28,FO,NSE,IDO,73892,,NIFTY,,2026-09-29,2026-09-29,22700.00,PE,NIFTY26SEP22700PE,89.05,90.15,80.80,82.80,81.00,88.00,23985.35,82.80,48360,3120,429,635365864.25,274,F1,65,,,,,
2026-07-28,2026-07-28,FO,NSE,IDO,63835,,NIFTY,,2026-07-28,2026-07-28,21550.00,CE,NIFTY26JUL21550CE,0.00,0.00,0.00,2828.20,0.00,2828.20,23985.35,23985.35,0,0,0,0.00,0,F1,65,,,,,
2026-07-28,2026-07-28,FO,NSE,IDO,73866,,NIFTY,,2026-09-29,2026-09-29,22000.00,PE,NIFTY26SEP22000PE,44.90,44.90,38.30,39.30,38.70,43.10,23985.35,39.30,753610,37960,5409,7749041823.25,2771,F1,65,,,,,
2026-07-28,2026-07-28,FO,NSE,IDO,47010,,NIFTY,,2026-09-01,2026-09-01,24600.00,PE,NIFTY2690124600PE,0.00,0.00,0.00,684.35,0.00,684.35,23985.35,764.15,0,0,0,0.00,0,F1,65,,,,,
2026-07-28,2026-07-28,FO,NSE,IDO,46972,,NIFTY,,2026-09-01,2026-09-01,23650.00,PE,NIFTY2690123650PE,0.00,0.00,0.00,264.15,0.00,264.15,23985.35,287.00,0,0,0,0.00,0,F1,65,,,,,
2026-07-28,2026-07-28,FO,NSE,IDO,46952,,NIFTY,,2026-09-01,2026-09-01,23150.00,PE,NIFTY2690123150PE,0.00,0.00,0.00,139.20,0.00,139.20,23985.35,145.70,0,0,0,0.00,0,F1,65,,,,,
2026-07-28,2026-07-28,FO,NSE,IDO,46942,,NIFTY,,2026-09-01,2026-09-01,22900.00,PE,NIFTY2690122900PE,49.15,56.00,49.10,51.80,49.50,62.40,23985.35,51.80,20995,19825,348,519137424.00,147,F1,65,,,,,
2026-07-28,2026-07-28,FO,NSE,IDO,46918,,NIFTY,,2026-09-01,2026-09-01,22300.00,PE,NIFTY2690122300PE,0.00,0.00,0.00,35.60,0.00,35.60,23985.35,33.30,0,0,0,0.00,0,F1,65,,,,,
2026-07-28,2026-07-28,FO,NSE,IDO,62068,,NIFTY,,2026-08-25,2026-08-25,26300.00,PE,NIFTY26AUG26300PE,2160.00,2228.60,2135.00,2167.65,2158.35,2175.05,23985.35,2167.65,473850,60645,1126,2083624393.50,906,F1,65,,,,,
2026-07-28,2026-07-28,FO,NSE,IDO,62023,,NIFTY,,2026-08-25,2026-08-25,25900.00,PE,NIFTY26AUG25900PE,1800.00,1805.00,1686.05,1771.50,1785.70,1890.00,23985.35,1771.50,6630,2080,42,75589478.25,26,F1,65,,,,,
2026-07-28,2026-07-28,FO,NSE,IDO,61982,,NIFTY,,2026-08-25,2026-08-25,25650.00,PE,NIFTY26AUG25650PE,0.00,0.00,0.00,1625.00,1625.00,1625.00,23985.35,1593.25,195,0,0,0.00,0,F1,65,,,,,
2026-07-28,2026-07-28,FO,NSE,IDO,61786,,NIFTY,,2026-08-25,2026-08-25,24650.00,PE,NIFTY26AUG24650PE,656.05,674.05,634.05,674.05,674.05,717.75,23985.35,777.05,2535,390,14,23016581.25,14,F1,65,,,,,
2026-07-28,2026-07-28,FO,NSE,IDO,61622,,NIFTY,,2026-08-25,2026-08-25,24100.00,PE,NIFTY26AUG24100PE,339.95,342.95,291.60,312.65,300.00,325.10,23985.35,312.65,1880970,363805,19771,31375644222.00,14859,F1,65,,,,,
2026-07-28,2026-07-28,FO,NSE,IDO,61588,,NIFTY,,2026-08-25,2026-08-25,23950.00,PE,NIFTY26AUG23950PE,261.55,275.60,232.55,259.20,240.70,256.65,23985.35,259.20,313625,266110,6511,10245404776.75,2854,F1,65,,,,,
2026-07-28,2026-07-28,FO,NSE,IDO,61586,,NIFTY,,2026-08-25,2026-08-25,23900.00,PE,NIFTY26AUG23900PE,248.00,255.75,212.85,230.90,219.90,238.95,23985.35,230.90,694070,56875,13458,21111314607.50,9532,F1,65,,,,,
2026-07-28,2026-07-28,FO,NSE,IDO,61458,,NIFTY,,2026-08-25,2026-08-25,23300.00,PE,NIFTY26AUG23300PE,91.15,93.85,75.30,80.05,77.05,87.70,23985.35,80.05,526630,-1235,7189,10926581207.75,4271,F1,65,,,,,
2026-07-28,2026-07-28,FO,NSE,IDO,61155,,NIFTY,,2026-08-25,2026-08-25,21250.00,PE,NIFTY26AUG21250PE,7.50,8.40,7.50,7.50,7.50,8.20,23985.35,1.10,4485,-65,5,6908746.00,3,F1,65,,,,,
2026-07-28,2026-07-28,FO,NSE,IDO,45173,,NIFTY,,2026-08-18,2026-08-18,25550.00,PE,NIFTY2681825550PE,0.00,0.00,0.00,1452.05,0.00,1452.05,23985.35,1505.90,0,0,0,0.00,0,F1,65,,,,,
2026-07-28,2026-07-28,FO,NSE,IDO,45101,,NIFTY,,2026-08-18,2026-08-18,24250.00,PE,NIFTY2681824250PE,339.75,350.00,337.25,350.00,350.00,368.70,23985.35,350.00,1560,-325,7,11188310.25,5,F1,65,,,,,
2026-07-28,2026-07-28,FO,NSE,IDO,45093,,NIFTY,,2026-08-18,2026-08-18,24050.00,PE,NIFTY2681824050PE,261.75,279.00,235.80,246.35,238.75,255.20,23985.35,246.35,5200,910,167,263838240.25,155,F1,65,,,,,
2026-07-28,2026-07-28,FO,NSE,IDO,45055,,NIFTY,,2026-08-18,2026-08-18,23300.00,PE,NIFTY2681823300PE,60.00,63.20,50.90,54.65,52.35,62.65,23985.35,54.65,21190,9685,590,895695680.75,404,F1,65,,,,,
2026-07-28,2026-07-28,FO,NSE,IDO,41068,,NIFTY,,2026-08-11,2026-08-11,25700.00,PE,NIFTY2681125700PE,0.00,0.00,0.00,1690.00,1690.00,1690.00,23985.35,1661.30,260,0,0,0.00,0,F1,65,,,,,
2026-07-28,2026-07-28,FO,NSE,IDO,41008,,NIFTY,,2026-08-11,2026-08-11,24400.00,PE,NIFTY2681124400PE,407.00,457.00,392.05,416.65,413.25,428.40,23985.35,416.65,29705,6045,377,608247120.00,297,F1,65,,,,,
2026-07-28,2026-07-28,FO,NSE,IDO,40976,,NIFTY,,2026-08-11,2026-08-11,23650.00,PE,NIFTY2681123650PE,93.95,94.60,71.90,76.85,72.75,87.50,23985.35,76.85,91715,60450,2609,4024153851.25,1745,F1,65,,,,,
2026-07-28,2026-07-28,FO,NSE,IDO,40974,,NIFTY,,2026-08-11,2026-08-11,23600.00,PE,NIFTY2681123600PE,79.45,83.95,62.20,66.55,65.85,79.55,23985.35,66.55,328510,48035,7799,11999595247.25,5145,F1,65,,,,,
2026-07-28,2026-07-28,FO,NSE,IDO,40968,,NIFTY,,2026-08-11,2026-08-11,23450.00,PE,NIFTY2681123450PE,52.90,56.20,41.85,44.20,42.60,52.90,23985.35,44.20,43095,14690,1653,2524705888.25,1218,F1,65,,,,,
2026-07-28,2026-07-28,FO,NSE,IDO,66031,,NIFTY,,2026-08-04,2026-08-04,25850.00,PE,NIFTY2680425850PE,1830.00,1832.00,1830.00,1832.00,1832.00,1800.00,23985.35,1834.70,260,130,2,3598530.00,2,F1,65,,,,,
2026-07-28,2026-07-28,FO,NSE,IDO,65946,,NIFTY,,2026-08-04,2026-08-04,25550.00,PE,NIFTY2680425550PE,0.00,0.00,0.00,1538.40,1538.40,1538.40,23985.35,1535.60,195,0,0,0.00,0,F1,65,,,,,
2026-07-28,2026-07-28,FO,NSE,IDO,65941,,NIFTY,,2026-08-04,2026-08-04,25450.00,PE,NIFTY2680425450PE,0.00,0.00,0.00,1480.00,1480.00,1480.00,23985.35,1436.20,65,0,0,0.00,0,F1,65,,,,,
2026-07-28,2026-07-28,FO,NSE,IDO,65694,,NIFTY,,2026-08-04,2026-08-04,24000.00,PE,NIFTY2680424000PE,146.55,169.10,113.05,130.45,123.00,140.85,23985.35,130.45,5911815,3083535,618725,970630688196.00,355017,F1,65,,,,,
2026-07-28,2026-07-28,FO,NSE,IDO,65528,,NIFTY,,2026-08-04,2026-08-04,23250.00,PE,NIFTY2680423250PE,12.50,13.55,7.00,7.85,7.15,13.10,23985.35,7.85,520845,40170,30386,45938699355.25,16349,F1,65,,,,,
2026-07-28,2026-07-28,FO,NSE,IDO,65522,,NIFTY,,2026-08-04,2026-08-04,23100.00,PE,NIFTY2680423100PE,5.05,10.10,5.05,5.70,5.20,9.85,23985.35,5.70,1256255,-148850,58540,87923235166.00,22877,F1,65,,,,,
2026-07-28,2026-07-28,FO,NSE,IDO,65444,,NIFTY,,2026-08-04,2026-08-04,22700.00,PE,NIFTY2680422700PE,5.45,6.25,3.00,3.25,3.10,6.05,23985.35,3.25,1195415,166400,61051,90096508355.75,18825,F1,65,,,,,
2026-07-28,2026-07-28,FO,NSE,IDO,65203,,NIFTY,,2026-08-04,2026-08-04,21800.00,PE,NIFTY2680421800PE,3.00,3.00,1.50,1.80,1.60,3.05,23985.35,1.80,598390,294775,13584,19250445214.00,2941,F1,65,,,,,
2026-07-28,2026-07-28,FO,NSE,IDO,64028,,NIFTY,,2026-07-28,2026-07-28,26050.00,PE,NIFTY26JUL26050PE,2080.05,2080.05,2080.05,2080.05,2080.05,2175.50,23985.35,23985.35,585,-455,16,29255252.00,3,F1,65,,,,,
2026-07-28,2026-07-28,FO,NSE,IDO,64018,,NIFTY,,2026-07-28,2026-07-28,25850.00,PE,NIFTY26JUL25850PE,1880.00,1880.00,1875.00,1875.00,1875.00,1870.00,23985.35,23985.35,65,-65,2,3604575.00,2,F1,65,,,,,
2026-07-28,2026-07-28,FO,NSE,IDO,64001,,NIFTY,,2026-07-28,2026-07-28,25450.00,PE,NIFTY26JUL25450PE,1440.00,1489.00,1440.00,1489.00,1489.00,1500.00,23985.35,23985.35,195,0,2,3498885.00,2,F1,65,,,,,
2026-07-28,2026-07-28,FO,NSE,IDO,63968,,NIFTY,,2026-07-28,2026-07-28,24700.00,PE,NIFTY26JUL24700PE,721.65,751.75,663.05,732.60,716.75,674.80,23985.35,23985.35,106145,-8450,1476,2437510923.25,897,F1,65,,,,,
2026-07-28,2026-07-28,FO,NSE,IDO,63956,,NIFTY,,2026-07-28,2026-07-28,24400.00,PE,NIFTY26JUL24400PE,403.55,454.45,362.55,426.70,415.45,377.50,23985.35,23985.35,488865,-202735,24581,39627136692.00,11629,F1,65,,,,,
2026-07-28,2026-07-28,FO,NSE,IDO,63940,,NIFTY,,2026-07-28,2026-07-28,24000.00,PE,NIFTY26JUL24000PE,59.00,64.90,6.45,27.30,14.50,49.85,23985.35,23985.35,16020030,2452060,37388862,58396533822688.75,11053583,F1,65,,,,,
2026-07-28,2026-07-28,FO,NSE,IDO,63928,,NIFTY,,2026-07-28,2026-07-28,23750.00,PE,NIFTY26JUL23750PE,3.00,5.00,0.05,0.15,0.05,7.00,23985.35,23985.35,3718520,-1833780,2647434,4087238108635.50,404075,F1,65,,,,,
2026-07-28,2026-07-28,FO,NSE,IDO,63926,,NIFTY,,2026-07-28,2026-07-28,23700.00,PE,NIFTY26JUL23700PE,3.75,6.00,0.05,0.10,0.05,5.60,23985.35,23985.35,7105150,-3137225,2706578,4169697680391.75,392808,F1,65,,,,,
2026-07-28,2026-07-28,FO,NSE,IDO,63910,,NIFTY,,2026-07-28,2026-07-28,23350.00,PE,NIFTY26JUL23350PE,1.20,1.25,0.05,0.05,0.05,2.45,23985.35,23985.35,2116530,-829855,437959,664730214999.50,72019,F1,65,,,,,
2026-07-28,2026-07-28,FO,NSE,IDO,63908,,NIFTY,,2026-07-28,2026-07-28,23300.00,PE,NIFTY26JUL23300PE,1.00,1.30,0.05,0.10,0.05,2.30,23985.35,23985.35,5059990,-1191255,887258,1343786839999.50,158232,F1,65,,,,,
2026-07-28,2026-07-28,FO,NSE,IDO,63896,,NIFTY,,2026-07-28,2026-07-28,23000.00,PE,NIFTY26JUL23000PE,0.85,1.00,0.05,0.05,0.05,1.80,23985.35,23985.35,8351525,-5711420,1169593,1748580782451.75,154643,F1,65,,,,,
2026-07-28,2026-07-28,FO,NSE,IDO,63882,,NIFTY,,2026-07-28,2026-07-28,22650.00,PE,NIFTY26JUL22650PE,0.80,0.85,0.05,0.10,0.05,1.25,23985.35,23985.35,260910,-419835,36874,54288877763.25,6148,F1,65,,,,,
2026-07-28,2026-07-28,FO,NSE,IDO,63843,,NIFTY,,2026-07-28,2026-07-28,21700.00,PE,NIFTY26JUL21700PE,0.50,0.90,0.05,0.10,0.05,0.65,23985.35,23985.35,112775,-123045,11620,16390285398.50,2035,F1,65,,,,,
2026-07-28,2026-07-28,FO,NSE,IDO,63826,,NIFTY,,2026-07-28,2026-07-28,21400.00,PE,NIFTY26JUL21400PE,0.60,0.85,0.05,0.05,0.05,0.60,23985.35,23985.35,212875,-139880,28139,39141783255.25,3829,F1,65,,,,,
2026-07-28,2026-07-28,FO,NSE,IDO,63820,,NIFTY,,2026-07-28,2026-07-28,21300.00,PE,NIFTY26JUL21300PE,0.50,0.90,0.05,0.05,0.05,0.55,23985.35,23985.35,678145,-71045,54633,75640098937.00,14785,F1,65,,,,,
2026-07-28,2026-07-28,FO,NSE,IDO,61794,,NIFTY,,2029-12-24,2029-12-24,27000.00,CE,NIFTY29DEC27000CE,0.00,0.00,0.00,6201.65,0.00,6201.65,23985.35,4188.30,0,0,0,0.00,0,F1,65,,,,,
2026-07-28,2026-07-28,FO,NSE,IDO,89630,,NIFTY,,2029-06-26,2029-06-26,24000.00,CE,NIFTY29JUN24000CE,0.00,0.00,0.00,8085.35,0.00,8085.35,23985.35,5128.15,0,0,0,0.00,0,F1,65,,,,,
2026-07-28,2026-07-28,FO,NSE,IDO,55518,,NIFTY,,2028-12-26,2028-12-26,19500.00,CE,NIFTY28DEC19500CE,0.00,0.00,0.00,9716.40,0.00,9716.40,23985.35,7555.25,0,0,0,0.00,0,F1,65,,,,,
2026-07-28,2026-07-28,FO,NSE,IDO,86145,,NIFTY,,2028-06-27,2028-06-27,21000.00,CE,NIFTY28JUN21000CE,0.00,0.00,0.00,5226.55,0.00,5226.55,23985.35,5812.00,0,0,0,0.00,0,F1,65,,,,,
2026-07-28,2026-07-28,FO,NSE,IDO,71547,,NIFTY,,2027-06-29,2027-06-29,18000.00,CE,NIFTY27JUN18000CE,0.00,0.00,0.00,4066.45,0.00,4066.45,23985.35,7067.20,0,0,0,0.00,0,F1,65,,,,,
2026-07-28,2026-07-28,FO,NSE,IDO,35235,,NIFTY,,2026-12-29,2026-12-29,30000.00,CE,NIFTY26DEC30000CE,19.65,20.20,18.65,19.25,19.35,19.70,23985.35,19.25,812265,6955,547,1067349016.50,256,F1,65,,,,,
2026-07-28,2026-07-28,FO,NSE,IDO,71501,,NIFTY,,2026-12-29,2026-12-29,24000.00,CE,NIFTY26DEC24000CE,1105.10,1142.00,1095.05,1117.65,1123.00,1132.00,23985.35,1117.65,964010,-4875,1911,3120116467.00,1134,F1,65,,,,,
2026-07-28,2026-07-28,FO,NSE,IDO,55292,,NIFTY,,2026-09-29,2026-09-29,34500.00,CE,NIFTY26SEP34500CE,0.00,0.00,0.00,0.95,0.85,0.95,23985.35,0.00,9815,0,0,0.00,0,F1,65,,,,,
2026-07-28,2026-07-28,FO,NSE,IDO,74388,,NIFTY,,2026-09-29,2026-09-29,25350.00,CE,NIFTY26SEP25350CE,0.00,0.00,0.00,393.25,0.00,393.25,23985.35,275.20,0,0,0,0.00,0,F1,65,,,,,
2026-07-28,2026-07-28,FO,NSE,IDO,74068,,NIFTY,,2026-09-29,2026-09-29,24200.00,CE,NIFTY26SEP24200CE,499.95,520.45,483.75,498.15,503.00,504.90,23985.35,498.15,131430,65,1219,1957363070.00,906,F1,65,,,,,
2026-07-28,2026-07-28,FO,NSE,IDO,74058,,NIFTY,,2026-09-29,2026-09-29,23950.00,CE,NIFTY26SEP23950CE,654.60,661.80,624.40,641.15,657.00,663.15,23985.35,641.15,5135,1560,139,222231298.25,115,F1,65,,,,,
2026-07-28,2026-07-28,FO,NSE,IDO,73901,,NIFTY,,2026-09-29,2026-09-29,22950.00,CE,NIFTY26SEP22950CE,0.00,0.00,0.00,1377.20,1377.20,1377.20,23985.35,1492.70,390,0,0,0.00,0,F1,65,,,,,
2026-07-28,2026-07-28,FO,NSE,IDO,55284,,NIFTY,,2026-09-29,2026-09-29,22500.00,CE,NIFTY26SEP22500CE,1788.25,1800.00,1761.00,1780.15,1800.00,1783.40,23985.35,1780.15,174070,-130,11,17358090.75,10,F1,65,,,,,
2026-07-28,2026-07-28,FO,NSE,IDO,73856,,NIFTY,,2026-09-29,2026-09-29,21900.00,CE,NIFTY26SEP21900CE,0.00,0.00,0.00,2350.00,2350.00,2350.00,23985.35,2384.25,130,0,0,0.00,0,F1,65,,,,,
2026-07-28,2026-07-28,FO,NSE,IDO,47055,,NIFTY,,2026-09-01,2026-09-01,25750.00,CE,NIFTY2690125750CE,0.00,0.00,0.00,125.80,0.00,125.80,23985.35,66.00,0,0,0,0.00,0,F1,65,,,,,
2026-07-28,2026-07-28,FO,NSE,IDO,46997,,NIFTY,,2026-09-01,2026-09-01,24300.00,CE,NIFTY2690124300CE,264.15,264.15,264.15,264.15,264.15,581.10,23985.35,422.20,65,65,1,1596669.75,1,F1,65,,,,,
2026-07-28,2026-07-28,FO,NSE,IDO,46993,,NIFTY,,2026-09-01,2026-09-01,24200.00,CE,NIFTY2690124200CE,327.70,327.70,297.95,306.15,306.15,327.70,23985.35,306.15,1300,715,34,54164948.50,23,F1,65,,,,,
2026-07-28,2026-07-28,FO,NSE,IDO,46987,,NIFTY,,2026-09-01,2026-09-01,24050.00,CE,NIFTY2690124050CE,0.00,0.00,0.00,715.35,0.00,715.35,23985.35,541.05,0,0,0,0.00,0,F1,65,,,,,
2026-07-28,2026-07-28,FO,NSE,IDO,46973,,NIFTY,,2026-09-01,2026-09-01,23700.00,CE,NIFTY2690123700CE,0.00,0.00,0.00,590.00,590.00,590.00,23985.35,740.40,0,0,0,0.00,0,F1,65,,,,,
2026-07-28,2026-07-28,FO,NSE,IDO,61983,,NIFTY,,2026-08-25,2026-08-25,25700.00,CE,NIFTY26AUG25700CE,7.00,8.85,6.90,7.50,7.20,8.15,23985.35,7.50,140920,21385,1967,3286905202.75,1001,F1,65,,,,,
2026-07-28,2026-07-28,FO,NSE,IDO,61981,,NIFTY,,2026-08-25,2026-08-25,25650.00,CE,NIFTY26AUG25650CE,10.05,10.80,7.90,8.55,8.90,9.15,23985.35,8.55,40365,2795,700,1167490197.25,296,F1,65,,,,,
2026-07-28,2026-07-28,FO,NSE,IDO,61717,,NIFTY,,2026-08-25,2026-08-25,24350.00,CE,NIFTY26AUG24350CE,207.60,217.00,187.25,199.75,202.85,210.60,23985.35,199.75,87880,28925,1569,2503710826.50,950,F1,65,,,,,
2026-07-28,2026-07-28,FO,NSE,IDO,61623,,NIFTY,,2026-08-25,2026-08-25,24150.00,CE,NIFTY26AUG24150CE,299.60,310.05,274.65,296.60,297.70,303.55,23985.35,296.60,73775,8255,875,1390311981.50,652,F1,65,,,,,
2026-07-28,2026-07-28,FO,NSE,IDO,61455,,NIFTY,,2026-08-25,2026-08-25,23300.00,CE,NIFTY26AUG23300CE,875.00,906.80,858.00,869.50,884.30,895.25,23985.35,869.50,30095,3445,186,292305269.75,117,F1,65,,,,,
2026-07-28,2026-07-28,FO,NSE,IDO,61403,,NIFTY,,2026-08-25,2026-08-25,22650.00,CE,NIFTY26AUG22650CE,0.00,0.00,0.00,1560.55,1560.55,1560.55,23985.35,1486.55,845,0,0,0.00,0,F1,65,,,,,
2026-07-28,2026-07-28,FO,NSE,IDO,61271,,NIFTY,,2026-08-25,2026-08-25,21550.00,CE,NIFTY26AUG21550CE,0.00,0.00,0.00,2758.30,0.00,2758.30,23985.35,2538.30,0,0,0,0.00,0,F1,65,,,,,
2026-07-28,2026-07-28,FO,NSE,IDO,61177,,NIFTY,,2026-08-25,2026-08-25,21450.00,CE,NIFTY26AUG21450CE,0.00,0.00,0.00,2848.15,0.00,2848.15,23985.35,2637.10,0,0,0,0.00,0,F1,65,,,,,
2026-07-28,2026-07-28,FO,NSE,IDO,45194,,NIFTY,,2026-08-18,2026-08-18,25850.00,CE,NIFTY2681825850CE,0.00,0.00,0.00,3.10,3.05,3.10,23985.35,15.30,65,0,0,0.00,0,F1,65,,,,,
2026-07-28,2026-07-28,FO,NSE,IDO,45192,,NIFTY,,2026-08-18,2026-08-18,25800.00,CE,NIFTY2681825800CE,3.80,6.75,2.50,2.95,2.95,3.40,23985.35,2.95,4030,65,54,90569076.00,26,F1,65,,,,,
2026-07-28,2026-07-28,FO,NSE,IDO,45146,,NIFTY,,2026-08-18,2026-08-18,24950.00,CE,NIFTY2681824950CE,0.00,0.00,0.00,222.15,0.00,222.15,23985.35,100.05,0,0,0,0.00,0,F1,65,,,,,
2026-07-28,2026-07-28,FO,NSE,IDO,45054,,NIFTY,,2026-08-18,2026-08-18,23300.00,CE,NIFTY2681823300CE,0.00,0.00,0.00,1060.70,0.00,1060.70,23985.35,879.40,0,0,0,0.00,0,F1,65,,,,,
2026-07-28,2026-07-28,FO,NSE,IDO,41037,,NIFTY,,2026-08-11,2026-08-11,25000.00,CE,NIFTY2681125000CE,10.40,10.90,6.50,8.00,8.10,12.00,23985.35,8.00,764725,448435,24486,39803598084.25,11690,F1,65,,,,,
2026-07-28,2026-07-28,FO,NSE,IDO,41020,,NIFTY,,2026-08-11,2026-08-11,24700.00,CE,NIFTY2681124700CE,29.05,32.45,26.25,27.90,28.50,35.25,23985.35,27.90,535340,119015,14226,22866380091.75,9600,F1,65,,,,,
2026-07-28,2026-07-28,FO,NSE,IDO,41015,,NIFTY,,2026-08-11,2026-08-11,24600.00,CE,NIFTY2681124600CE,42.00,47.15,37.80,40.55,42.60,49.35,23985.35,40.55,616395,280735,17512,28049850549.50,12443,F1,65,,,,,
2026-07-28,2026-07-28,FO,NSE,IDO,41005,,NIFTY,,2026-08-11,2026-08-11,24350.00,CE,NIFTY2681124350CE,113.50,113.50,87.95,96.05,101.55,109.80,23985.35,96.05,64220,32305,2182,3467383429.25,1605,F1,65,,,,,
2026-07-28,2026-07-28,FO,NSE,IDO,40985,,NIFTY,,2026-08-11,2026-08-11,23850.00,CE,NIFTY2681123850CE,351.95,366.70,318.35,336.50,353.35,357.45,23985.35,336.50,24895,1495,505,794110869.50,409,F1,65,,,,,
2026-07-28,2026-07-28,FO,NSE,IDO,40889,,NIFTY,,2026-08-11,2026-08-11,21700.00,CE,NIFTY2681121700CE,0.00,0.00,0.00,2828.05,0.00,2828.05,23985.35,2336.00,0,0,0,0.00,0,F1,65,,,,,
2026-07-28,2026-07-28,FO,NSE,IDO,66060,,NIFTY,,2026-08-04,2026-08-04,26100.00,CE,NIFTY2680426100CE,0.90,0.95,0.75,0.80,0.75,0.95,23985.35,0.80,53885,32500,1464,2483751546.25,251,F1,65,,,,,
2026-07-28,2026-07-28,FO,NSE,IDO,65922,,NIFTY,,2026-08-04,2026-08-04,25150.00,CE,NIFTY2680425150CE,2.70,2.70,1.30,1.40,1.30,2.05,23985.35,1.40,407680,147875,13681,22366306693.25,5131,F1,65,,,,,
2026-07-28,2026-07-28,FO,NSE,IDO,65918,,NIFTY,,2026-08-04,2026-08-04,25050.00,CE,NIFTY2680425050CE,4.20,4.20,1.70,1.85,1.75,2.90,23985.35,1.85,382785,104130,9897,16116088082.25,5378,F1,65,,,,,
2026-07-28,2026-07-28,FO,NSE,IDO,65914,,NIFTY,,2026-08-04,2026-08-04,24950.00,CE,NIFTY2680424950CE,2.55,4.20,2.15,2.40,2.35,4.15,23985.35,2.40,438945,178685,12765,20703824953.50,6100,F1,65,,,,,
2026-07-28,2026-07-28,FO,NSE,IDO,63965,,NIFTY,,2026-07-28,2026-07-28,24650.00,CE,NIFTY26JUL24650CE,0.70,0.90,0.05,0.10,0.05,1.10,23985.35,23985.35,1150565,-350870,299346,479637192105.50,48754,F1,65,,,,,
2026-07-28,2026-07-28,FO,NSE,IDO,63963,,NIFTY,,2026-07-28,2026-07-28,24600.00,CE,NIFTY26JUL24600CE,0.55,0.95,0.05,0.10,0.05,1.25,23985.35,23985.35,5009160,-76895,797091,1274577358499.25,128424,F1,65,,,,,
2026-07-28,2026-07-28,FO,NSE,IDO,63909,,NIFTY,,2026-07-28,2026-07-28,23350.00,CE,NIFTY26JUL23350CE,661.75,690.00,597.35,627.55,640.00,690.95,23985.35,23985.35,51025,-5850,339,528762640.25,226,F1,65,,,,,
2026-07-28,2026-07-28,FO,NSE,IDO,63903,,NIFTY,,2026-07-28,2026-07-28,23200.00,CE,NIFTY26JUL23200CE,811.70,839.90,714.75,776.40,784.25,833.60,23985.35,23985.35,42575,-5070,326,508596608.00,224,F1,65,,,,,
2026-07-28,2026-07-28,FO,NSE,IDO,63895,,NIFTY,,2026-07-28,2026-07-28,23000.00,CE,NIFTY26JUL23000CE,1047.00,1047.00,950.00,975.55,988.60,1034.15,23985.35,23985.35,286780,-58045,3576,5577909928.50,2289,F1,65,,,,,
2026-07-28,2026-07-28,FO,NSE,IDO,63893,,NIFTY,,2026-07-28,2026-07-28,22950.00,CE,NIFTY26JUL22950CE,1058.45,1074.75,1028.90,1028.90,1028.90,965.10,23985.35,23985.35,1495,0,5,7800198.25,5,F1,65,,,,,
2026-07-28,2026-07-28,FO,NSE,IDO,63891,,NIFTY,,2026-07-28,2026-07-28,22900.00,CE,NIFTY26JUL22900CE,1116.45,1134.60,1053.10,1068.90,1089.80,1138.15,23985.35,23985.35,19435,-1560,41,63953516.25,40,F1,65,,,,,
2026-07-28,2026-07-28,FO,NSE,IDO,47041,,NIFTY,,2026-09-01,2026-09-01,25400.00,CE,NIFTY2690125400CE,0.00,0.00,0.00,191.80,0.00,191.80,23985.35,110.55,0,0,0,0.00,0,F1,65,,,,,
2026-07-28,2026-07-28,FO,NSE,IDO,46965,,NIFTY,,2026-09-01,2026-09-01,23500.00,CE,NIFTY2690123500CE,774.00,789.00,746.05,766.55,766.55,781.80,23985.35,871.25,325,-325,10,15773059.25,9,F1,65,,,,,
2026-07-28,2026-07-28,FO,NSE,IDO,63840,,NIFTY,,2026-07-28,2026-07-28,21650.00,CE,NIFTY26JUL21650CE,0.00,0.00,0.00,1938.20,1938.20,1938.20,23985.35,23985.35,65,0,0,0.00,0,F1,65,,,,,
2026-07-28,2026-07-28,FO,NSE,IDO,63855,,NIFTY,,2026-07-28,2026-07-28,22000.00,CE,NIFTY26JUL22000CE,2020.00,2044.40,1950.00,1972.75,1984.95,2031.30,23985.35,23985.35,269230,-62205,1892,2951899330.25,1246,F1,65,,,,,
2026-07-28,2026-07-28,FO,NSE,IDO,73884,,NIFTY,,2026-09-29,2026-09-29,22450.00,PE,NIFTY26SEP22450PE,68.00,68.00,62.35,64.25,64.25,68.05,23985.35,107.75,8710,260,33,48293862.50,27,F1,65,,,,,
2026-07-28,2026-07-28,FO,NSE,IDO,63969,,NIFTY,,2026-07-28,2026-07-28,24750.00,CE,NIFTY26JUL24750CE,0.50,0.80,0.05,0.10,0.05,1.00,23985.35,23985.35,2190825,513045,267293,430015629641.00,51118,F1,65,,,,,
2026-07-28,2026-07-28,FO,NSE,IDO,64021,,NIFTY,,2026-07-28,2026-07-28,25900.00,CE,NIFTY26JUL25900CE,0.30,0.40,0.05,0.10,0.05,0.40,23985.35,23985.35,351260,101140,22909,38567710645.75,6807,F1,65,,,,,
2026-07-28,2026-07-28,FO,NSE,IDO,65455,,NIFTY,,2026-08-04,2026-08-04,23000.00,CE,NIFTY2680423000CE,1015.00,1068.35,998.85,1033.35,1054.00,1045.50,23985.35,1033.35,164060,73255,2275,3553289486.50,1406,F1,65,,,,,
2026-07-28,2026-07-28,FO,NSE,IDO,44983,,NIFTY,,2026-08-18,2026-08-18,22000.00,CE,NIFTY2681822000CE,0.00,0.00,0.00,2196.20,0.00,2196.20,23985.35,2066.15,0,0,0,0.00,0,F1,65,,,,,
2026-07-28,2026-07-28,FO,NSE,IDO,45039,,NIFTY,,2026-08-18,2026-08-18,23000.00,CE,NIFTY2681823000CE,0.00,0.00,0.00,1296.35,0.00,1296.35,23985.35,1126.75,0,0,0,0.00,0,F1,65,,,,,
2026-07-28,2026-07-28,FO,NSE,IDO,45052,,NIFTY,,2026-08-18,2026-08-18,23250.00,CE,NIFTY2681823250CE,0.00,0.00,0.00,755.00,755.00,755.00,23985.35,918.90,1365,0,0,0.00,0,F1,65,,,,,
2026-07-28,2026-07-28,FO,NSE,IDO,47034,,NIFTY,,2026-09-01,2026-09-01,25200.00,PE,NIFTY2690125200PE,0.00,0.00,0.00,1077.05,0.00,1077.05,23985.35,1200.75,0,0,0,0.00,0,F1,65,,,,,
2026-07-28,2026-07-28,FO,NSE,IDO,61910,,NIFTY,,2026-08-25,2026-08-25,25050.00,PE,NIFTY26AUG25050PE,982.00,982.00,982.00,982.00,982.00,1050.00,23985.35,982.00,455,65,1,1692080.00,1,F1,65,,,,,
2026-07-28,2026-07-28,FO,NSE,IDO,45006,,NIFTY,,2026-08-18,2026-08-18,22350.00,PE,NIFTY2681822350PE,13.50,13.50,10.10,11.00,11.00,13.50,23985.35,12.00,4810,0,37,53779524.50,13,F1,65,,,,,
2026-07-28,2026-07-28,FO,NSE,IDO,41046,,NIFTY,,2026-08-11,2026-08-11,25200.00,PE,NIFTY2681125200PE,1145.15,1145.15,1145.15,1145.15,1145.15,1145.15,23985.35,1183.65,260,0,2,3424869.50,2,F1,65,,,,,
2026-07-28,2026-07-28,FO,NSE,IDO,66014,,NIFTY,,2026-08-04,2026-08-04,25800.00,PE,NIFTY2680425800PE,0.00,0.00,0.00,1747.75,1745.00,1747.75,23985.35,1784.80,2405,0,0,0.00,0,F1,65,,,,,
2026-07-28,2026-07-28,FO,NSE,IDO,65861,,NIFTY,,2026-08-04,2026-08-04,24500.00,PE,NIFTY2680424500PE,499.95,522.00,446.00,478.90,459.15,474.95,23985.35,478.90,699855,238940,11419,18543006589.25,7207,F1,65,,,,,
2026-07-28,2026-07-28,FO,NSE,IDO,65219,,NIFTY,,2026-08-04,2026-08-04,21850.00,PE,NIFTY2680421850PE,2.85,2.85,1.55,1.75,1.55,3.15,23985.35,1.75,10140,3575,274,389183528.50,150,F1,65,,,,,
2026-07-28,2026-07-28,FO,NSE,IDO,80272,,NIFTY,,2027-03-30,2027-03-30,24000.00,CE,NIFTY27MAR24000CE,1545.60,1552.50,1507.15,1534.75,1540.00,1543.40,23985.35,1534.75,48295,9425,228,378420796.00,205,F1,65,,,,,
2026-07-28,2026-07-28,FO,NSE,IDO,55332,,NIFTY,,2026-12-29,2026-12-29,31500.00,CE,NIFTY26DEC31500CE,13.70,13.70,13.70,13.70,13.70,11.75,23985.35,12.70,19305,-130,24,49161372.00,4,F1,65,,,,,
2026-07-28,2026-07-28,FO,NSE,IDO,65906,,NIFTY,,2026-09-29,2026-09-29,27000.00,CE,NIFTY26SEP27000CE,10.40,10.75,8.60,9.25,9.55,10.15,23985.35,9.25,1498900,22165,3077,5402047940.25,1454,F1,65,,,,,
2026-07-28,2026-07-28,FO,NSE,IDO,45080,,NIFTY,,2026-08-18,2026-08-18,23850.00,CE,NIFTY2681823850CE,412.60,426.00,387.15,400.00,400.00,419.05,23985.35,400.00,2665,-1235,37,58336525.00,36,F1,65,,,,,
2026-07-28,2026-07-28,FO,NSE,IDO,61428,,NIFTY,,2026-08-25,2026-08-25,23000.00,CE,NIFTY26AUG23000CE,1127.00,1181.45,1102.40,1151.70,1163.15,1145.70,23985.35,1151.70,586365,27625,2024,3176605480.75,1485,F1,65,,,,,
2026-07-28,2026-07-28,FO,NSE,IDO,46927,,NIFTY,,2026-09-01,2026-09-01,22550.00,CE,NIFTY2690122550CE,0.00,0.00,0.00,1849.95,0.00,1849.95,23985.35,1631.90,0,0,0,0.00,0,F1,65,,,,,
2026-07-28,2026-07-28,FO,NSE,IDO,74442,,NIFTY,,2026-09-29,2026-09-29,26100.00,CE,NIFTY26SEP26100CE,0.00,0.00,0.00,223.80,0.00,223.80,23985.35,131.80,0,0,0,0.00,0,F1,65,,,,,
2026-07-28,2026-07-28,FO,NSE,IDO,73899,,NIFTY,,2026-09-29,2026-09-29,22900.00,CE,NIFTY26SEP22900CE,0.00,0.00,0.00,1405.00,1405.00,1405.00,23985.35,1531.35,1040,0,0,0.00,0,F1,65,,,,,
2026-07-28,2026-07-28,FO,NSE,IDO,65158,,NIFTY,,2026-08-04,2026-08-04,21650.00,CE,NIFTY2680421650CE,2402.85,2402.85,2396.15,2396.15,2396.15,2348.40,23985.35,2396.15,0,0,2,3126435.00,2,F1,65,,,,,
2026-07-28,2026-07-28,FO,NSE,IDO,65419,,NIFTY,,2026-08-04,2026-08-04,22250.00,CE,NIFTY2680422250CE,0.00,0.00,0.00,1793.65,0.00,1793.65,23985.35,1761.35,0,0,0,0.00,0,F1,65,,,,,
2026-07-28,2026-07-28,FO,NSE,IDO,65425,,NIFTY,,2026-08-04,2026-08-04,22350.00,CE,NIFTY2680422350CE,0.00,0.00,0.00,1705.25,0.00,1705.25,23985.35,1661.50,0,0,0,0.00,0,F1,65,,,,,
2026-07-28,2026-07-28,FO,NSE,IDO,65443,,NIFTY,,2026-08-04,2026-08-04,22700.00,CE,NIFTY2680422700CE,1300.15,1300.15,1300.15,1300.15,1300.15,1245.00,23985.35,1300.15,130,65,1,1560009.75,1,F1,65,,,,,
2026-07-28,2026-07-28,FO,NSE,IDO,65523,,NIFTY,,2026-08-04,2026-08-04,23150.00,CE,NIFTY2680423150CE,0.00,0.00,0.00,810.00,810.00,810.00,23985.35,875.80,845,0,0,0.00,0,F1,65,,,,,
2026-07-28,2026-07-28,FO,NSE,IDO,65527,,NIFTY,,2026-08-04,2026-08-04,23250.00,CE,NIFTY2680423250CE,781.40,811.00,769.45,794.35,811.00,802.70,23985.35,794.35,1625,130,7,10934459.25,7,F1,65,,,,,
2026-07-28,2026-07-28,FO,NSE,IDO,65697,,NIFTY,,2026-08-04,2026-08-04,24100.00,CE,NIFTY2680424100CE,141.15,141.15,102.20,116.70,121.00,137.15,23985.35,116.70,4041700,2509585,316919,498877989558.00,175115,F1,65,,,,,
2026-07-28,2026-07-28,FO,NSE,IDO,65806,,NIFTY,,2026-08-04,2026-08-04,24250.00,CE,NIFTY2680424250CE,70.00,74.25,54.30,61.75,64.55,78.65,23985.35,61.75,935935,422760,74063,117043108325.00,43027,F1,65,,,,,
2026-07-28,2026-07-28,FO,NSE,IDO,65854,,NIFTY,,2026-08-04,2026-08-04,24400.00,CE,NIFTY2680424400CE,42.00,42.00,26.00,29.40,31.45,41.25,23985.35,29.40,3732105,1740635,187801,298218041995.25,96905,F1,65,,,,,
2026-07-28,2026-07-28,FO,NSE,IDO,66015,,NIFTY,,2026-08-04,2026-08-04,25850.00,CE,NIFTY2680425850CE,1.25,1.25,0.80,0.90,0.80,1.00,23985.35,0.90,7865,2535,244,409995709.50,81,F1,65,,,,,
2026-07-28,2026-07-28,FO,NSE,IDO,40885,,NIFTY,,2026-08-11,2026-08-11,21650.00,CE,NIFTY2681121650CE,0.00,0.00,0.00,2877.30,0.00,2877.30,23985.35,2385.85,0,0,0,0.00,0,F1,65,,,,,
2026-07-28,2026-07-28,FO,NSE,IDO,40949,,NIFTY,,2026-08-11,2026-08-11,23000.00,CE,NIFTY2681123000CE,1052.00,1091.10,1030.00,1062.05,1080.65,1093.25,23985.35,1062.05,11700,4550,165,258098129.25,101,F1,65,,,,,
2026-07-28,2026-07-28,FO,NSE,IDO,40961,,NIFTY,,2026-08-11,2026-08-11,23300.00,CE,NIFTY2681123300CE,782.85,799.90,770.10,795.60,795.60,793.25,23985.35,810.30,14625,0,10,15655571.75,8,F1,65,,,,,
2026-07-28,2026-07-28,FO,NSE,IDO,41029,,NIFTY,,2026-08-11,2026-08-11,24850.00,CE,NIFTY2681124850CE,0.00,0.00,0.00,373.65,0.00,373.65,23985.35,65.95,0,0,0,0.00,0,F1,65,,,,,
2026-07-28,2026-07-28,FO,NSE,IDO,41055,,NIFTY,,2026-08-11,2026-08-11,25450.00,CE,NIFTY2681125450CE,4.15,4.50,1.80,2.15,1.85,3.35,23985.35,2.15,8970,3445,234,387138992.50,97,F1,65,,,,,
2026-07-28,2026-07-28,FO,NSE,IDO,45017,,NIFTY,,2026-08-18,2026-08-18,22550.00,CE,NIFTY2681822550CE,0.00,0.00,0.00,1684.20,0.00,1684.20,23985.35,1534.75,0,0,0,0.00,0,F1,65,,,,,
2026-07-28,2026-07-28,FO,NSE,IDO,45076,,NIFTY,,2026-08-18,2026-08-18,23750.00,CE,NIFTY2681823750CE,483.95,500.00,454.15,467.50,465.00,483.95,23985.35,467.50,2600,-1105,29,45677745.75,25,F1,65,,,,,
2026-07-28,2026-07-28,FO,NSE,IDO,45170,,NIFTY,,2026-08-18,2026-08-18,25500.00,CE,NIFTY2681825500CE,7.95,8.00,6.00,6.30,6.05,7.95,23985.35,6.30,146900,13195,759,1258365098.25,507,F1,65,,,,,
2026-07-28,2026-07-28,FO,NSE,IDO,45196,,NIFTY,,2026-08-18,2026-08-18,25900.00,CE,NIFTY2681825900CE,2.50,2.50,2.50,2.50,2.50,2.95,23985.35,2.50,650,325,5,8418312.50,1,F1,65,,,,,
2026-07-28,2026-07-28,FO,NSE,IDO,61344,,NIFTY,,2026-08-25,2026-08-25,21850.00,CE,NIFTY26AUG21850CE,0.00,0.00,0.00,2494.10,0.00,2494.10,23985.35,2243.65,0,0,0,0.00,0,F1,65,,,,,
2026-07-28,2026-07-28,FO,NSE,IDO,61350,,NIFTY,,2026-08-25,2026-08-25,21950.00,CE,NIFTY26AUG21950CE,0.00,0.00,0.00,2408.05,0.00,2408.05,23985.35,2146.20,0,0,0,0.00,0,F1,65,,,,,
2026-07-28,2026-07-28,FO,NSE,IDO,61411,,NIFTY,,2026-08-25,2026-08-25,22750.00,CE,NIFTY26AUG22750CE,0.00,0.00,0.00,1318.80,1318.80,1318.80,23985.35,1397.30,1300,0,0,0.00,0,F1,65,,,,,
2026-07-28,2026-07-28,FO,NSE,IDO,61436,,NIFTY,,2026-08-25,2026-08-25,23100.00,CE,NIFTY26AUG23100CE,1060.00,1060.00,1038.25,1039.15,1040.00,1059.85,23985.35,1039.15,7410,130,4,6278626.25,4,F1,65,,,,,
2026-07-28,2026-07-28,FO,NSE,IDO,61450,,NIFTY,,2026-08-25,2026-08-25,23250.00,CE,NIFTY26AUG23250CE,932.10,954.40,917.65,954.35,954.35,905.45,23985.35,982.10,1885,-390,7,11003291.00,6,F1,65,,,,,
2026-07-28,2026-07-28,FO,NSE,IDO,61459,,NIFTY,,2026-08-25,2026-08-25,23350.00,CE,NIFTY26AUG23350CE,815.95,839.80,815.95,832.00,832.00,825.00,23985.35,907.50,1560,-520,17,26718256.50,12,F1,65,,,,,
2026-07-28,2026-07-28,FO,NSE,IDO,61501,,NIFTY,,2026-08-25,2026-08-25,23550.00,CE,NIFTY26AUG23550CE,687.60,701.95,662.95,671.50,688.00,676.35,23985.35,671.50,7475,585,91,143313647.75,40,F1,65,,,,,
2026-07-28,2026-07-28,FO,NSE,IDO,61530,,NIFTY,,2026-08-25,2026-08-25,23700.00,CE,NIFTY26AUG23700CE,547.05,596.60,537.00,568.35,571.30,572.55,23985.35,568.35,315705,-62920,2364,3729285794.00,1530,F1,65,,,,,
2026-07-28,2026-07-28,FO,NSE,IDO,61593,,NIFTY,,2026-08-25,2026-08-25,24000.00,CE,NIFTY26AUG24000CE,368.00,399.15,350.10,374.05,377.70,380.40,23985.35,374.05,7935265,693290,82004,129925677397.75,44863,F1,65,,,,,
2026-07-28,2026-07-28,FO,NSE,IDO,61772,,NIFTY,,2026-08-25,2026-08-25,24550.00,CE,NIFTY26AUG24550CE,130.00,140.95,121.95,129.65,130.00,137.90,23985.35,129.65,65975,9815,911,1461461842.75,638,F1,65,,,,,
2026-07-28,2026-07-28,FO,NSE,IDO,61775,,NIFTY,,2026-08-25,2026-08-25,24600.00,CE,NIFTY26AUG24600CE,121.60,126.60,106.90,113.75,117.45,122.90,23985.35,113.75,815945,136305,9490,15246019659.00,6209,F1,65,,,,,
2026-07-28,2026-07-28,FO,NSE,IDO,61797,,NIFTY,,2026-08-25,2026-08-25,24750.00,CE,NIFTY26AUG24750CE,81.50,89.30,75.00,78.40,81.05,86.70,23985.35,78.40,80535,-4875,980,1581796391.50,775,F1,65,,,,,
2026-07-28,2026-07-28,FO,NSE,IDO,61897,,NIFTY,,2026-08-25,2026-08-25,25000.00,CE,NIFTY26AUG25000CE,42.20,49.85,38.15,43.10,43.60,46.75,23985.35,43.10,4685395,683020,65945,107353951581.50,32862,F1,65,,,,,
2026-07-28,2026-07-28,FO,NSE,IDO,61994,,NIFTY,,2026-08-25,2026-08-25,25750.00,CE,NIFTY26AUG25750CE,0.00,0.00,0.00,315.30,0.00,315.30,23985.35,39.80,0,0,0,0.00,0,F1,65,,,,,
2026-07-28,2026-07-28,FO,NSE,IDO,61492,,NIFTY,,2026-08-25,2026-08-25,23400.00,PE,NIFTY26AUG23400PE,111.30,111.30,90.00,96.55,90.60,103.15,23985.35,96.55,500565,52780,7076,10807764233.50,4802,F1,65,,,,,
2026-07-28,2026-07-28,FO,NSE,IDO,61446,,NIFTY,,2026-08-25,2026-08-25,23200.00,PE,NIFTY26AUG23200PE,76.95,78.55,62.60,67.70,65.65,73.60,23985.35,67.70,957580,109525,12528,18948223264.75,7156,F1,65,,,,,
2026-07-28,2026-07-28,FO,NSE,IDO,61365,,NIFTY,,2026-08-25,2026-08-25,22150.00,PE,NIFTY26AUG22150PE,15.45,15.70,12.05,12.70,13.00,16.50,23985.35,12.70,17810,2145,196,282357565.75,69,F1,65,,,,,
2026-07-28,2026-07-28,FO,NSE,IDO,61343,,NIFTY,,2026-08-25,2026-08-25,21800.00,PE,NIFTY26AUG21800PE,11.35,15.55,8.80,9.70,8.80,12.45,23985.35,9.70,73840,18395,837,1186569263.75,436,F1,65,,,,,
2026-07-28,2026-07-28,FO,NSE,IDO,61208,,NIFTY,,2026-08-25,2026-08-25,21450.00,PE,NIFTY26AUG21450PE,8.70,8.70,7.65,7.65,7.65,9.65,23985.35,7.65,2340,-325,57,79502618.00,30,F1,65,,,,,
2026-07-28,2026-07-28,FO,NSE,IDO,45181,,NIFTY,,2026-08-18,2026-08-18,25600.00,PE,NIFTY2681825600PE,0.00,0.00,0.00,1494.85,0.00,1494.85,23985.35,1552.55,0,0,0,0.00,0,F1,65,,,,,
2026-07-28,2026-07-28,FO,NSE,IDO,46925,,NIFTY,,2026-09-01,2026-09-01,22500.00,CE,NIFTY2690122500CE,0.00,0.00,0.00,1895.10,0.00,1895.10,23985.35,1676.80,0,0,0,0.00,0,F1,65,,,,,
2026-07-28,2026-07-28,FO,NSE,IDO,46935,,NIFTY,,2026-09-01,2026-09-01,22750.00,CE,NIFTY2690122750CE,0.00,0.00,0.00,1672.80,0.00,1672.80,23985.35,1456.15,0,0,0,0.00,0,F1,65,,,,,
2026-07-28,2026-07-28,FO,NSE,IDO,46979,,NIFTY,,2026-09-01,2026-09-01,23850.00,CE,NIFTY2690123850CE,518.90,518.90,503.15,503.15,503.15,491.80,23985.35,650.25,130,-390,6,9499870.25,4,F1,65,,,,,
2026-07-28,2026-07-28,FO,NSE,IDO,47007,,NIFTY,,2026-09-01,2026-09-01,24550.00,CE,NIFTY2690124550CE,0.00,0.00,0.00,464.50,0.00,464.50,23985.35,322.80,0,0,0,0.00,0,F1,65,,,,,
2026-07-28,2026-07-28,FO,NSE,IDO,47035,,NIFTY,,2026-09-01,2026-09-01,25250.00,CE,NIFTY2690125250CE,0.00,0.00,0.00,227.15,0.00,227.15,23985.35,136.05,0,0,0,0.00,0,F1,65,,,,,
2026-07-28,2026-07-28,FO,NSE,IDO,73871,,NIFTY,,2026-09-29,2026-09-29,22150.00,CE,NIFTY26SEP22150CE,0.00,0.00,0.00,2200.35,0.00,2200.35,23985.35,2159.00,0,0,0,0.00,0,F1,65,,,,,
2026-07-28,2026-07-28,FO,NSE,IDO,73875,,NIFTY,,2026-09-29,2026-09-29,22250.00,CE,NIFTY26SEP22250CE,0.00,0.00,0.00,2117.80,0.00,2117.80,23985.35,2070.80,0,0,0,0.00,0,F1,65,,,,,
2026-07-28,2026-07-28,FO,NSE,IDO,73881,,NIFTY,,2026-09-29,2026-09-29,22400.00,CE,NIFTY26SEP22400CE,0.00,0.00,0.00,1741.40,1738.55,1741.40,23985.35,1940.80,195,0,0,0.00,0,F1,65,,,,,
2026-07-28,2026-07-28,FO,NSE,IDO,73921,,NIFTY,,2026-09-29,2026-09-29,23250.00,CE,NIFTY26SEP23250CE,0.00,0.00,0.00,1240.10,1240.10,1240.10,23985.35,1270.55,650,0,0,0.00,0,F1,65,,,,,
2026-07-28,2026-07-28,FO,NSE,IDO,73995,,NIFTY,,2026-09-29,2026-09-29,23550.00,CE,NIFTY26SEP23550CE,0.00,0.00,0.00,812.55,812.55,812.55,23985.35,1067.25,910,0,0,0.00,0,F1,65,,,,,
2026-07-28,2026-07-28,FO,NSE,IDO,74045,,NIFTY,,2026-09-29,2026-09-29,23800.00,CE,NIFTY26SEP23800CE,750.05,761.80,715.40,749.70,753.00,748.55,23985.35,749.70,24700,-585,139,221740343.50,102,F1,65,,,,,
2026-07-28,2026-07-28,FO,NSE,IDO,74368,,NIFTY,,2026-09-29,2026-09-29,25100.00,CE,NIFTY26SEP25100CE,149.50,155.10,141.00,144.35,147.85,151.70,23985.35,144.35,54405,9815,505,828783783.75,362,F1,65,,,,,
2026-07-28,2026-07-28,FO,NSE,IDO,74463,,NIFTY,,2026-09-29,2026-09-29,26150.00,CE,NIFTY26SEP26150CE,0.00,0.00,0.00,215.05,0.00,215.05,23985.35,125.10,0,0,0,0.00,0,F1,65,,,,,
2026-07-28,2026-07-28,FO,NSE,IDO,58636,,NIFTY,,2026-12-29,2026-12-29,16000.00,CE,NIFTY26DEC16000CE,0.00,0.00,0.00,6200.00,6200.00,6200.00,23985.35,8426.10,50,0,0,0.00,0,F1,65,,,,,
2026-07-28,2026-07-28,FO,NSE,IDO,45117,,NIFTY,,2026-08-18,2026-08-18,24600.00,PE,NIFTY2681824600PE,0.00,0.00,0.00,738.50,0.00,738.50,23985.35,709.35,0,0,0,0.00,0,F1,65,,,,,
2026-07-28,2026-07-28,FO,NSE,IDO,45091,,NIFTY,,2026-08-18,2026-08-18,24000.00,PE,NIFTY2681824000PE,240.15,259.45,215.45,226.05,222.55,239.10,23985.35,226.05,108745,58110,2828,4454703097.00,1904,F1,65,,,,,
2026-07-28,2026-07-28,FO,NSE,IDO,45070,,NIFTY,,2026-08-18,2026-08-18,23600.00,PE,NIFTY2681823600PE,111.95,120.05,97.10,103.95,97.10,111.95,23985.35,103.95,25155,11050,404,622574088.50,294,F1,65,,,,,
2026-07-28,2026-07-28,FO,NSE,IDO,45057,,NIFTY,,2026-08-18,2026-08-18,23350.00,PE,NIFTY2681823350PE,68.20,73.85,56.55,58.45,58.00,68.00,23985.35,58.45,6435,455,101,153704716.75,72,F1,65,,,,,
2026-07-28,2026-07-28,FO,NSE,IDO,45050,,NIFTY,,2026-08-18,2026-08-18,23200.00,PE,NIFTY2681823200PE,50.05,53.30,41.20,44.00,41.75,51.15,23985.35,44.00,45370,-780,732,1106009515.00,519,F1,65,,,,,
2026-07-28,2026-07-28,FO,NSE,IDO,45022,,NIFTY,,2026-08-18,2026-08-18,22650.00,PE,NIFTY2681822650PE,16.25,16.25,14.20,14.65,14.20,19.75,23985.35,14.65,5525,-1365,97,142903644.00,37,F1,65,,,,,
2026-07-28,2026-07-28,FO,NSE,IDO,45000,,NIFTY,,2026-08-18,2026-08-18,22250.00,PE,NIFTY2681822250PE,10.00,10.00,9.00,9.05,9.05,11.70,23985.35,9.05,2925,-390,12,17362358.00,10,F1,65,,,,,
2026-07-28,2026-07-28,FO,NSE,IDO,44992,,NIFTY,,2026-08-18,2026-08-18,22150.00,PE,NIFTY2681822150PE,8.80,8.80,8.80,8.80,8.80,11.45,23985.35,6.65,1300,0,5,7201610.00,5,F1,65,,,,,
2026-07-28,2026-07-28,FO,NSE,IDO,41080,,NIFTY,,2026-08-11,2026-08-11,26000.00,PE,NIFTY2681126000PE,0.00,0.00,0.00,2300.00,2300.00,2300.00,23985.35,1956.55,1170,0,0,0.00,0,F1,65,,,,,
2026-07-28,2026-07-28,FO,NSE,IDO,41072,,NIFTY,,2026-08-11,2026-08-11,25800.00,PE,NIFTY2681125800PE,0.00,0.00,0.00,1775.00,1775.00,1775.00,23985.35,1759.30,780,0,0,0.00,0,F1,65,,,,,
2026-07-28,2026-07-28,FO,NSE,IDO,41064,,NIFTY,,2026-08-11,2026-08-11,25650.00,PE,NIFTY2681125650PE,0.00,0.00,0.00,1826.70,1826.70,1826.70,23985.35,1612.50,0,0,0,0.00,0,F1,65,,,,,
2026-07-28,2026-07-28,FO,NSE,IDO,41016,,NIFTY,,2026-08-11,2026-08-11,24600.00,PE,NIFTY2681124600PE,579.95,587.35,538.45,562.00,562.00,946.25,23985.35,562.00,2795,0,29,47446447.75,24,F1,65,,,,,
2026-07-28,2026-07-28,FO,NSE,IDO,55643,,NIFTY,,2030-06-25,2030-06-25,19500.00,PE,NIFTY30JUN19500PE,0.00,0.00,0.00,64.95,0.00,64.95,23985.35,227.30,0,0,0,0.00,0,F1,65,,,,,
2026-07-28,2026-07-28,FO,NSE,IDO,63992,,NIFTY,,2026-07-28,2026-07-28,25250.00,PE,NIFTY26JUL25250PE,0.00,0.00,0.00,1246.35,1246.35,1246.35,23985.35,23985.35,1170,0,0,0.00,0,F1,65,,,,,
2026-07-28,2026-07-28,FO,NSE,IDO,63944,,NIFTY,,2026-07-28,2026-07-28,24100.00,PE,NIFTY26JUL24100PE,79.00,157.80,71.40,130.30,114.45,106.50,23985.35,23985.35,2858765,-666185,4912449,7728538364787.50,2549845,F1,65,,,,,
2026-07-28,2026-07-28,FO,NSE,IDO,63936,,NIFTY,,2026-07-28,2026-07-28,23900.00,PE,NIFTY26JUL23900PE,19.50,25.00,0.05,0.60,0.05,20.60,23985.35,23985.35,13519415,1164410,18346898,28507857447514.25,2911718,F1,65,,,,,
2026-07-28,2026-07-28,FO,NSE,IDO,63914,,NIFTY,,2026-07-28,2026-07-28,23450.00,PE,NIFTY26JUL23450PE,1.65,1.65,0.05,0.10,0.05,2.95,23985.35,23985.35,2521935,-828035,966027,1472510225062.50,183253,F1,65,,,,,
2026-07-28,2026-07-28,FO,NSE,IDO,63876,,NIFTY,,2026-07-28,2026-07-28,22500.00,PE,NIFTY26JUL22500PE,0.75,0.85,0.05,0.10,0.05,1.30,23985.35,23985.35,4163120,-2319265,290383,424694234656.25,41994,F1,65,,,,,
2026-07-28,2026-07-28,FO,NSE,IDO,63866,,NIFTY,,2026-07-28,2026-07-28,22250.00,PE,NIFTY26JUL22250PE,0.60,0.90,0.05,0.05,0.05,1.00,23985.35,23985.35,148785,-78650,19571,28305080030.50,4009,F1,65,,,,,
2026-07-28,2026-07-28,FO,NSE,IDO,74661,,NIFTY,,2031-06-24,2031-06-24,31500.00,CE,NIFTY31JUN31500CE,0.00,0.00,0.00,3928.35,0.00,3928.35,23985.35,4091.80,0,0,0,0.00,0,F1,65,,,,,
2026-07-28,2026-07-28,FO,NSE,IDO,55760,,NIFTY,,2030-12-31,2030-12-31,28500.00,CE,NIFTY30DEC28500CE,0.00,0.00,0.00,5968.30,0.00,5968.30,23985.35,4715.40,0,0,0,0.00,0,F1,65,,,,,
2026-07-28,2026-07-28,FO,NSE,IDO,55696,,NIFTY,,2030-12-31,2030-12-31,16500.00,CE,NIFTY30DEC16500CE,0.00,0.00,0.00,13763.55,0.00,13763.55,23985.35,11747.60,0,0,0,0.00,0,F1,65,,,,,
2026-07-28,2026-07-28,FO,NSE,IDO,55650,,NIFTY,,2030-06-25,2030-06-25,31500.00,CE,NIFTY30JUN31500CE,0.00,0.00,0.00,3984.80,0.00,3984.80,23985.35,3020.10,0,0,0,0.00,0,F1,65,,,,,
2026-07-28,2026-07-28,FO,NSE,IDO,60892,,NIFTY,,2030-06-25,2030-06-25,18000.00,CE,NIFTY30JUN18000CE,0.00,0.00,0.00,12423.90,0.00,12423.90,23985.35,10217.90,0,0,0,0.00,0,F1,65,,,,,
2026-07-28,2026-07-28,FO,NSE,IDO,55606,,NIFTY,,2029-12-24,2029-12-24,28500.00,CE,NIFTY29DEC28500CE,0.00,0.00,0.00,4802.10,0.00,4802.10,23985.35,3540.45,0,0,0,0.00,0,F1,65,,,,,
2026-07-28,2026-07-28,FO,NSE,IDO,55598,,NIFTY,,2029-12-24,2029-12-24,16500.00,CE,NIFTY29DEC16500CE,0.00,0.00,0.00,12984.85,0.00,12984.85,23985.35,10875.45,0,0,0,0.00,0,F1,65,,,,,
2026-07-28,2026-07-28,FO,NSE,IDO,89624,,NIFTY,,2029-06-26,2029-06-26,21000.00,CE,NIFTY29JUN21000CE,0.00,0.00,0.00,9799.75,0.00,9799.75,23985.35,7040.55,0,0,0,0.00,0,F1,65,,,,,
2026-07-28,2026-07-28,FO,NSE,IDO,89612,,NIFTY,,2029-06-26,2029-06-26,18000.00,CE,NIFTY29JUN18000CE,0.00,0.00,0.00,11678.65,0.00,11678.65,23985.35,9248.60,0,0,0,0.00,0,F1,65,,,,,
2026-07-28,2026-07-28,FO,NSE,IDO,55470,,NIFTY,,2028-06-27,2028-06-27,19500.00,CE,NIFTY28JUN19500CE,0.00,0.00,0.00,9209.10,0.00,9209.10,23985.35,6969.10,0,0,0,0.00,0,F1,65,,,,,
2026-07-28,2026-07-28,FO,NSE,IDO,47194,,NIFTY,,2027-12-28,2027-12-28,33000.00,CE,NIFTY27DEC33000CE,0.00,0.00,0.00,150.00,150.00,150.00,23985.35,348.75,2795,0,0,0.00,0,F1,65,,,,,
2026-07-28,2026-07-28,FO,NSE,IDO,55376,,NIFTY,,2027-06-29,2027-06-29,25500.00,CE,NIFTY27JUN25500CE,0.00,0.00,0.00,3312.45,0.00,3312.45,23985.35,1534.65,0,0,0,0.00,0,F1,65,,,,,
2026-07-28,2026-07-28,FO,NSE,IDO,55326,,NIFTY,,2026-12-29,2026-12-29,22500.00,CE,NIFTY26DEC22500CE,2243.25,2299.30,2243.25,2259.50,2259.50,2259.05,23985.35,2383.15,15925,130,7,11269774.75,5,F1,65,,,,,
2026-07-28,2026-07-28,FO,NSE,IDO,41014,,NIFTY,,2026-08-11,2026-08-11,24550.00,PE,NIFTY2681124550PE,0.00,0.00,0.00,921.40,921.40,921.40,23985.35,633.80,1365,0,0,0.00,0,F1,65,,,,,
2026-07-28,2026-07-28,FO,NSE,IDO,40948,,NIFTY,,2026-08-11,2026-08-11,22950.00,PE,NIFTY2681122950PE,17.00,17.00,10.85,12.10,12.00,16.90,23985.35,12.10,27560,2860,640,955281869.75,342,F1,65,,,,,
2026-07-28,2026-07-28,FO,NSE,IDO,40940,,NIFTY,,2026-08-11,2026-08-11,22750.00,PE,NIFTY2681122750PE,10.90,10.90,7.90,8.15,8.25,12.10,23985.35,8.15,16055,0,94,139058790.00,57,F1,65,,,,,
2026-07-28,2026-07-28,FO,NSE,IDO,66063,,NIFTY,,2026-08-04,2026-08-04,26150.00,PE,NIFTY2680426150PE,0.00,0.00,0.00,2185.20,0.00,2185.20,23985.35,2134.25,0,0,0,0.00,0,F1,65,,,,,
2026-07-28,2026-07-28,FO,NSE,IDO,66059,,NIFTY,,2026-08-04,2026-08-04,26050.00,PE,NIFTY2680426050PE,0.00,0.00,0.00,2092.95,0.00,2092.95,23985.35,2034.40,0,0,0,0.00,0,F1,65,,,,,
2026-07-28,2026-07-28,FO,NSE,IDO,66057,,NIFTY,,2026-08-04,2026-08-04,26000.00,PE,NIFTY2680426000PE,1939.95,2007.85,1925.00,1958.70,1941.10,1947.80,23985.35,1958.70,93080,62790,1073,1950636532.00,675,F1,65,,,,,
2026-07-28,2026-07-28,FO,NSE,IDO,65456,,NIFTY,,2026-08-04,2026-08-04,23000.00,PE,NIFTY2680423000PE,8.00,8.95,4.55,5.00,4.70,8.75,23985.35,5.00,5484570,2568670,169147,252937423748.75,52933,F1,65,,,,,
2026-07-28,2026-07-28,FO,NSE,IDO,65439,,NIFTY,,2026-08-04,2026-08-04,22600.00,PE,NIFTY2680422600PE,5.00,5.55,2.45,2.75,2.45,5.25,23985.35,2.75,1006915,617240,50853,74713804330.75,16277,F1,65,,,,,
2026-07-28,2026-07-28,FO,NSE,IDO,65420,,NIFTY,,2026-08-04,2026-08-04,22250.00,PE,NIFTY2680422250PE,4.25,4.25,1.70,2.10,2.20,3.55,23985.35,2.10,159380,60840,6666,9641842811.25,2728,F1,65,,,,,
2026-07-28,2026-07-28,FO,NSE,IDO,64044,,NIFTY,,2026-07-28,2026-07-28,26250.00,PE,NIFTY26JUL26250PE,0.00,0.00,0.00,1770.65,1770.65,1770.65,23985.35,23985.35,65,0,0,0.00,0,F1,65,,,,,
2026-07-28,2026-07-28,FO,NSE,IDO,63999,,NIFTY,,2026-07-28,2026-07-28,25400.00,PE,NIFTY26JUL25400PE,1395.00,1434.60,1370.45,1421.65,1413.60,1375.00,23985.35,23985.35,5655,-3380,141,245579122.75,68,F1,65,,,,,
2026-07-28,2026-07-28,FO,NSE,IDO,55331,,NIFTY,,2026-12-29,2026-12-29,28500.00,PE,NIFTY26DEC28500PE,0.00,0.00,0.00,1948.15,0.00,1948.15,23985.35,3850.70,0,0,0,0.00,0,F1,65,,,,,
2026-07-28,2026-07-28,FO,NSE,IDO,80275,,NIFTY,,2027-03-30,2027-03-30,25500.00,PE,NIFTY27MAR25500PE,1167.00,1178.05,1088.25,1167.80,1158.85,1169.30,23985.35,1167.80,35815,1170,142,246022819.25,84,F1,65,,,,,
2026-07-28,2026-07-28,FO,NSE,IDO,80310,,NIFTY,,2027-03-30,2027-03-30,30000.00,PE,NIFTY27MAR30000PE,0.00,0.00,0.00,5754.50,5754.50,5754.50,23985.35,4873.45,130,0,0,0.00,0,F1,65,,,,,
2026-07-28,2026-07-28,FO,NSE,IDO,80312,,NIFTY,,2027-03-30,2027-03-30,31500.00,PE,NIFTY27MAR31500PE,0.00,0.00,0.00,7066.15,0.00,7066.15,23985.35,6220.15,0,0,0,0.00,0,F1,65,,,,,
2026-07-28,2026-07-28,FO,NSE,IDO,71504,,NIFTY,,2026-12-29,2026-12-29,25000.00,PE,NIFTY26DEC25000PE,911.35,938.30,896.20,911.00,900.00,914.55,23985.35,911.00,1693025,-7330,1456,2452495353.75,1067,F1,65,,,,,
2026-07-28,2026-07-28,FO,NSE,IDO,55325,,NIFTY,,2026-12-29,2026-12-29,19500.00,PE,NIFTY26DEC19500PE,44.70,46.65,43.50,46.00,45.65,46.15,23985.35,46.00,67080,-2015,92,116876545.50,37,F1,65,,,,,
2026-07-28,2026-07-28,FO,NSE,IDO,74390,,NIFTY,,2026-09-29,2026-09-29,25350.00,PE,NIFTY26SEP25350PE,0.00,0.00,0.00,1488.65,0.00,1488.65,23985.35,1351.80,0,0,0,0.00,0,F1,65,,,,,
2026-07-28,2026-07-28,FO,NSE,IDO,74371,,NIFTY,,2026-09-29,2026-09-29,25150.00,PE,NIFTY26SEP25150PE,0.00,0.00,0.00,1080.65,1080.65,1080.65,23985.35,1206.75,130,0,0,0.00,0,F1,65,,,,,
2026-07-28,2026-07-28,FO,NSE,IDO,71561,,NIFTY,,2027-06-29,2027-06-29,24000.00,PE,NIFTY27JUN24000PE,0.00,0.00,0.00,660.00,660.00,660.00,23985.35,894.40,65,0,0,0.00,0,F1,65,,,,,
2026-07-28,2026-07-28,FO,NSE,IDO,55381,,NIFTY,,2027-06-29,2027-06-29,31500.00,PE,NIFTY27JUN31500PE,0.00,0.00,0.00,3604.70,0.00,3604.70,23985.35,5841.75,0,0,0,0.00,0,F1,65,,,,,
2026-07-28,2026-07-28,FO,NSE,IDO,53595,,NIFTY,,2027-12-28,2027-12-28,15000.00,PE,NIFTY27DEC15000PE,0.00,0.00,0.00,39.00,39.00,39.00,23985.35,2.60,625,0,0,0.00,0,F1,65,,,,,
2026-07-28,2026-07-28,FO,NSE,IDO,74113,,NIFTY,,2026-09-29,2026-09-29,24350.00,PE,NIFTY26SEP24350PE,530.00,530.00,530.00,530.00,530.00,542.00,23985.35,712.70,10010,0,1,1617200.00,1,F1,65,,,,,
2026-07-28,2026-07-28,FO,NSE,IDO,62055,,NIFTY,,2026-08-25,2026-08-25,26200.00,CE,NIFTY26AUG26200CE,3.00,3.15,2.40,2.75,2.95,2.70,23985.35,2.75,38805,10855,479,815821256.25,291,F1,65,,,,,
2026-07-28,2026-07-28,FO,NSE,IDO,46963,,NIFTY,,2026-09-01,2026-09-01,23450.00,CE,NIFTY2690123450CE,0.00,0.00,0.00,1108.95,0.00,1108.95,23985.35,905.75,0,0,0,0.00,0,F1,65,,,,,
2026-07-28,2026-07-28,FO,NSE,IDO,46991,,NIFTY,,2026-09-01,2026-09-01,24150.00,CE,NIFTY2690124150CE,0.00,0.00,0.00,659.50,0.00,659.50,23985.35,491.10,0,0,0,0.00,0,F1,65,,,,,
2026-07-28,2026-07-28,FO,NSE,IDO,47039,,NIFTY,,2026-09-01,2026-09-01,25350.00,CE,NIFTY2690125350CE,0.00,0.00,0.00,203.15,0.00,203.15,23985.35,118.60,0,0,0,0.00,0,F1,65,,,,,
2026-07-28,2026-07-28,FO,NSE,IDO,47043,,NIFTY,,2026-09-01,2026-09-01,25450.00,CE,NIFTY2690125450CE,0.00,0.00,0.00,180.95,0.00,180.95,23985.35,103.00,0,0,0,0.00,0,F1,65,,,,,
2026-07-28,2026-07-28,FO,NSE,IDO,47053,,NIFTY,,2026-09-01,2026-09-01,25700.00,CE,NIFTY2690125700CE,0.00,0.00,0.00,133.90,0.00,133.90,23985.35,71.25,0,0,0,0.00,0,F1,65,,,,,
2026-07-28,2026-07-28,FO,NSE,IDO,74056,,NIFTY,,2026-09-29,2026-09-29,23900.00,CE,NIFTY26SEP23900CE,683.55,693.85,658.00,674.80,689.55,679.05,23985.35,674.80,28925,3705,215,343488668.25,191,F1,65,,,,,
2026-07-28,2026-07-28,FO,NSE,IDO,65900,,NIFTY,,2026-09-29,2026-09-29,24000.00,CE,NIFTY26SEP24000CE,597.00,633.55,590.00,613.35,615.00,618.80,23985.35,613.35,1540175,77025,3716,5945317657.50,2844,F1,65,,,,,
2026-07-28,2026-07-28,FO,NSE,IDO,74064,,NIFTY,,2026-09-29,2026-09-29,24100.00,CE,NIFTY26SEP24100CE,553.95,570.00,534.30,558.45,566.00,561.90,23985.35,558.45,39455,-975,292,467980227.00,204,F1,65,,,,,
2026-07-28,2026-07-28,FO,NSE,IDO,65692,,NIFTY,,2026-08-04,2026-08-04,23950.00,PE,NIFTY2680423950PE,131.95,138.20,95.05,110.50,102.00,120.15,23985.35,110.50,1308905,664300,177751,278040244914.25,99455,F1,65,,,,,
2026-07-28,2026-07-28,FO,NSE,IDO,65921,,NIFTY,,2026-08-04,2026-08-04,25100.00,PE,NIFTY2680425100PE,1028.10,1086.00,1028.10,1048.30,1045.00,1039.05,23985.35,1048.30,9165,6630,119,202293653.25,57,F1,65,,,,,
2026-07-28,2026-07-28,FO,NSE,IDO,74648,,NIFTY,,2031-06-24,2031-06-24,22500.00,PE,NIFTY31JUN22500PE,0.00,0.00,0.00,663.60,0.00,663.60,23985.35,554.20,0,0,0,0.00,0,F1,65,,,,,
2026-07-28,2026-07-28,FO,NSE,IDO,55765,,NIFTY,,2030-12-31,2030-12-31,31500.00,PE,NIFTY30DEC31500PE,0.00,0.00,0.00,1885.50,0.00,1885.50,23985.35,3085.20,0,0,0,0.00,0,F1,65,,,,,
2026-07-28,2026-07-28,FO,NSE,IDO,55761,,NIFTY,,2030-12-31,2030-12-31,28500.00,PE,NIFTY30DEC28500PE,0.00,0.00,0.00,1083.10,0.00,1083.10,23985.35,1985.85,0,0,0,0.00,0,F1,65,,,,,
2026-07-28,2026-07-28,FO,NSE,IDO,55705,,NIFTY,,2030-12-31,2030-12-31,22500.00,PE,NIFTY30DEC22500PE,0.00,0.00,0.00,219.35,0.00,219.35,23985.35,572.45,0,0,0,0.00,0,F1,65,,,,,
2026-07-28,2026-07-28,FO,NSE,IDO,55519,,NIFTY,,2028-12-26,2028-12-26,19500.00,PE,NIFTY28DEC19500PE,0.00,0.00,0.00,49.00,0.00,49.00,23985.35,187.25,0,0,0,0.00,0,F1,65,,,,,
2026-07-28,2026-07-28,FO,NSE,IDO,55481,,NIFTY,,2028-06-27,2028-06-27,31500.00,PE,NIFTY28JUN31500PE,0.00,0.00,0.00,2935.60,0.00,2935.60,23985.35,4723.85,0,0,0,0.00,0,F1,65,,,,,
2026-07-28,2026-07-28,FO,NSE,IDO,55475,,NIFTY,,2028-06-27,2028-06-27,22500.00,PE,NIFTY28JUN22500PE,0.00,0.00,0.00,206.95,0.00,206.95,23985.35,584.20,0,0,0,0.00,0,F1,65,,,,,
2026-07-28,2026-07-28,FO,NSE,IDO,55427,,NIFTY,,2027-12-28,2027-12-28,25500.00,PE,NIFTY27DEC25500PE,0.00,0.00,0.00,676.05,0.00,676.05,23985.35,1516.85,0,0,0,0.00,0,F1,65,,,,,
2026-07-28,2026-07-28,FO,NSE,IDO,55371,,NIFTY,,2027-06-29,2027-06-29,16500.00,PE,NIFTY27JUN16500PE,0.00,0.00,0.00,24.15,24.15,24.15,23985.35,3.30,650,0,0,0.00,0,F1,65,,,,,
2026-07-28,2026-07-28,FO,NSE,IDO,80306,,NIFTY,,2027-03-30,2027-03-30,28500.00,PE,NIFTY27MAR28500PE,0.00,0.00,0.00,4504.70,0.00,4504.70,23985.35,3608.95,0,0,0,0.00,0,F1,65,,,,,
2026-07-28,2026-07-28,FO,NSE,IDO,80269,,NIFTY,,2027-03-30,2027-03-30,21000.00,PE,NIFTY27MAR21000PE,133.00,135.00,127.00,131.95,130.50,134.70,23985.35,131.95,319345,715,216,296677995.25,135,F1,65,,,,,
2026-07-28,2026-07-28,FO,NSE,IDO,55329,,NIFTY,,2026-12-29,2026-12-29,25500.00,PE,NIFTY26DEC25500PE,1184.25,1214.20,1172.15,1195.10,1176.60,1184.25,23985.35,1195.10,163605,-6305,218,378362218.00,105,F1,65,,,,,
2026-07-28,2026-07-28,FO,NSE,IDO,65924,,NIFTY,,2026-09-29,2026-09-29,30000.00,PE,NIFTY26SEP30000PE,5700.25,5700.25,5636.25,5639.30,5642.30,5682.85,23985.35,5639.30,144820,0,17,39409925.75,11,F1,65,,,,,
2026-07-28,2026-07-28,FO,NSE,IDO,74421,,NIFTY,,2026-09-29,2026-09-29,25800.00,PE,NIFTY26SEP25800PE,0.00,0.00,0.00,1395.00,1395.00,1395.00,23985.35,1700.45,130,0,0,0.00,0,F1,65,,,,,
2026-07-28,2026-07-28,FO,NSE,IDO,74354,,NIFTY,,2026-09-29,2026-09-29,24700.00,PE,NIFTY26SEP24700PE,730.90,739.75,688.40,701.95,701.95,718.70,23985.35,701.95,60645,390,72,118939632.50,53,F1,65,,,,,
2026-07-28,2026-07-28,FO,NSE,IDO,65687,,NIFTY,,2026-08-04,2026-08-04,23850.00,PE,NIFTY2680423850PE,91.05,99.00,64.60,73.60,70.70,85.00,23985.35,73.60,899015,401310,88914,138292345327.50,52766,F1,65,,,,,
2026-07-28,2026-07-28,FO,NSE,IDO,65161,,NIFTY,,2026-08-04,2026-08-04,21650.00,PE,NIFTY2680421650PE,2.75,2.75,1.35,1.55,1.45,2.70,23985.35,1.55,8450,845,238,334956462.75,181,F1,65,,,,,
2026-07-28,2026-07-28,FO,NSE,IDO,64014,,NIFTY,,2026-07-28,2026-07-28,25750.00,PE,NIFTY26JUL25750PE,1792.00,1792.00,1792.00,1792.00,1792.00,1966.30,23985.35,23985.35,585,-65,1,1790230.00,1,F1,65,,,,,
2026-07-28,2026-07-28,FO,NSE,IDO,64005,,NIFTY,,2026-07-28,2026-07-28,25550.00,PE,NIFTY26JUL25550PE,1539.30,1540.00,1539.30,1540.00,1540.00,1541.10,23985.35,23985.35,130,-195,5,8804165.50,3,F1,65,,,,,
2026-07-28,2026-07-28,FO,NSE,IDO,73902,,NIFTY,,2026-09-29,2026-09-29,22950.00,PE,NIFTY26SEP22950PE,119.00,120.20,107.70,112.60,107.70,118.90,23985.35,112.60,18590,1820,84,125925202.00,59,F1,65,,,,,
2026-07-28,2026-07-28,FO,NSE,IDO,73896,,NIFTY,,2026-09-29,2026-09-29,22800.00,PE,NIFTY26SEP22800PE,107.25,107.25,90.75,92.50,91.50,99.20,23985.35,92.50,115180,5590,887,1320038053.75,553,F1,65,,,,,
2026-07-28,2026-07-28,FO,NSE,IDO,73872,,NIFTY,,2026-09-29,2026-09-29,22150.00,PE,NIFTY26SEP22150PE,48.10,48.10,45.25,46.30,46.30,48.15,23985.35,46.30,28925,0,22,31740930.00,14,F1,65,,,,,
2026-07-28,2026-07-28,FO,NSE,IDO,73855,,NIFTY,,2026-09-29,2026-09-29,21850.00,PE,NIFTY26SEP21850PE,37.10,37.10,33.70,35.00,35.00,38.15,23985.35,35.00,2600,-260,11,15647703.50,7,F1,65,,,,,
2026-07-28,2026-07-28,FO,NSE,IDO,47042,,NIFTY,,2026-09-01,2026-09-01,25400.00,PE,NIFTY2690125400PE,0.00,0.00,0.00,1227.30,0.00,1227.30,23985.35,1364.50,0,0,0,0.00,0,F1,65,,,,,
2026-07-28,2026-07-28,FO,NSE,IDO,47036,,NIFTY,,2026-09-01,2026-09-01,25250.00,PE,NIFTY2690125250PE,0.00,0.00,0.00,1113.75,0.00,1113.75,23985.35,1240.95,0,0,0,0.00,0,F1,65,,,,,
2026-07-28,2026-07-28,FO,NSE,IDO,47024,,NIFTY,,2026-09-01,2026-09-01,24950.00,PE,NIFTY2690124950PE,0.00,0.00,0.00,902.35,0.00,902.35,23985.35,1008.80,0,0,0,0.00,0,F1,65,,,,,
2026-07-28,2026-07-28,FO,NSE,IDO,63982,,NIFTY,,2026-07-28,2026-07-28,25050.00,PE,NIFTY26JUL25050PE,1033.50,1056.80,1033.50,1056.80,1056.80,1080.85,23985.35,23985.35,2015,-65,2,3392369.50,2,F1,65,,,,,
2026-07-28,2026-07-28,FO,NSE,IDO,63950,,NIFTY,,2026-07-28,2026-07-28,24250.00,PE,NIFTY26JUL24250PE,255.30,306.10,212.00,279.90,265.30,232.75,23985.35,23985.35,340730,-36010,120315,191588684595.75,68783,F1,65,,,,,
2026-07-28,2026-07-28,FO,NSE,IDO,47012,,NIFTY,,2026-09-01,2026-09-01,24650.00,PE,NIFTY2690124650PE,0.00,0.00,0.00,713.50,0.00,713.50,23985.35,796.90,0,0,0,0.00,0,F1,65,,,,,
2026-07-28,2026-07-28,FO,NSE,IDO,46984,,NIFTY,,2026-09-01,2026-09-01,23950.00,PE,NIFTY2690123950PE,0.00,0.00,0.00,369.60,0.00,369.60,23985.35,407.20,0,0,0,0.00,0,F1,65,,,,,
2026-07-28,2026-07-28,FO,NSE,IDO,61984,,NIFTY,,2026-08-25,2026-08-25,25700.00,PE,NIFTY26AUG25700PE,1600.00,1630.00,1550.00,1600.00,1600.00,1586.30,23985.35,1600.00,28275,3120,48,85103911.75,32,F1,65,,,,,
2026-07-28,2026-07-28,FO,NSE,IDO,63921,,NIFTY,,2026-07-28,2026-07-28,23600.00,PE,NIFTY26JUL23600PE,2.90,2.90,0.05,0.10,0.05,4.15,23985.35,23985.35,4694430,-3591380,1595027,2446862601238.25,257997,F1,65,,,,,
2026-07-28,2026-07-28,FO,NSE,IDO,63906,,NIFTY,,2026-07-28,2026-07-28,23250.00,PE,NIFTY26JUL23250PE,0.90,1.05,0.05,0.10,0.05,2.15,23985.35,23985.35,2027090,195455,324665,490662073554.25,55671,F1,65,,,,,
2026-07-28,2026-07-28,FO,NSE,IDO,61535,,NIFTY,,2026-08-25,2026-08-25,23800.00,PE,NIFTY26AUG23800PE,214.05,218.80,180.80,194.60,186.20,204.45,23985.35,194.60,1534845,114140,14575,22736277447.00,8628,F1,65,,,,,
2026-07-28,2026-07-28,FO,NSE,IDO,61454,,NIFTY,,2026-08-25,2026-08-25,23250.00,PE,NIFTY26AUG23250PE,81.05,85.45,64.10,73.60,64.10,80.35,23985.35,73.60,63895,5655,784,1188687964.75,489,F1,65,,,,,
2026-07-28,2026-07-28,FO,NSE,IDO,61437,,NIFTY,,2026-08-25,2026-08-25,23100.00,PE,NIFTY26AUG23100PE,64.00,65.80,52.50,56.35,54.50,61.65,23985.35,56.35,498550,-2275,7266,10937285404.50,3968,F1,65,,,,,
2026-07-28,2026-07-28,FO,NSE,IDO,61412,,NIFTY,,2026-08-25,2026-08-25,22750.00,PE,NIFTY26AUG22750PE,35.45,36.20,28.75,30.40,29.55,35.25,23985.35,30.40,38935,3120,330,488660575.00,185,F1,65,,,,,
2026-07-28,2026-07-28,FO,NSE,IDO,61353,,NIFTY,,2026-08-25,2026-08-25,22000.00,PE,NIFTY26AUG22000PE,14.65,18.95,11.15,11.50,11.15,14.10,23985.35,11.50,1786525,119405,13569,19414338375.25,8150,F1,65,,,,,
2026-07-28,2026-07-28,FO,NSE,IDO,61333,,NIFTY,,2026-08-25,2026-08-25,21550.00,PE,NIFTY26AUG21550PE,0.00,0.00,0.00,9.75,10.20,9.75,23985.35,2.85,6435,0,0,0.00,0,F1,65,,,,,
2026-07-28,2026-07-28,FO,NSE,IDO,61212,,NIFTY,,2026-08-25,2026-08-25,21500.00,PE,NIFTY26AUG21500PE,8.35,10.80,6.65,8.15,8.20,9.80,23985.35,8.15,787215,53625,6351,8878949108.25,3765,F1,65,,,,,
2026-07-28,2026-07-28,FO,NSE,IDO,45163,,NIFTY,,2026-08-18,2026-08-18,25300.00,PE,NIFTY2681825300PE,0.00,0.00,0.00,1244.85,0.00,1244.85,23985.35,1277.75,0,0,0,0.00,0,F1,65,,,,,
2026-07-28,2026-07-28,FO,NSE,IDO,45111,,NIFTY,,2026-08-18,2026-08-18,24500.00,PE,NIFTY2681824500PE,508.90,543.60,490.00,508.85,492.50,520.90,23985.35,508.85,7150,1625,54,87792500.25,48,F1,65,,,,,
2026-07-28,2026-07-28,FO,NSE,IDO,45081,,NIFTY,,2026-08-18,2026-08-18,23850.00,PE,NIFTY2681823850PE,178.85,189.95,162.35,169.50,165.00,176.90,23985.35,169.50,4095,455,32,49971967.50,32,F1,65,,,,,
2026-07-28,2026-07-28,FO,NSE,IDO,63874,,NIFTY,,2026-07-28,2026-07-28,22450.00,PE,NIFTY26JUL22450PE,0.75,1.10,0.05,0.05,0.05,1.15,23985.35,23985.35,263770,-137735,21648,31590490298.25,4144,F1,65,,,,,
2026-07-28,2026-07-28,FO,NSE,IDO,74649,,NIFTY,,2031-06-24,2031-06-24,24000.00,CE,NIFTY31JUN24000CE,0.00,0.00,0.00,7181.90,0.00,7181.90,23985.35,7437.65,0,0,0,0.00,0,F1,65,,,,,
2026-07-28,2026-07-28,FO,NSE,IDO,55762,,NIFTY,,2030-12-31,2030-12-31,30000.00,CE,NIFTY30DEC30000CE,0.00,0.00,0.00,5227.20,0.00,5227.20,23985.35,4114.85,0,0,0,0.00,0,F1,65,,,,,
2026-07-28,2026-07-28,FO,NSE,IDO,55644,,NIFTY,,2030-06-25,2030-06-25,22500.00,CE,NIFTY30JUN22500CE,0.00,0.00,0.00,9012.40,0.00,9012.40,23985.35,7208.65,0,0,0,0.00,0,F1,65,,,,,
2026-07-28,2026-07-28,FO,NSE,IDO,55608,,NIFTY,,2029-12-24,2029-12-24,31500.00,CE,NIFTY29DEC31500CE,0.00,0.00,0.00,3429.30,0.00,3429.30,23985.35,2482.70,0,0,0,0.00,0,F1,65,,,,,
2026-07-28,2026-07-28,FO,NSE,IDO,89642,,NIFTY,,2029-06-26,2029-06-26,30000.00,CE,NIFTY29JUN30000CE,0.00,0.00,0.00,5268.40,0.00,5268.40,23985.35,2414.15,0,0,0,0.00,0,F1,65,,,,,
2026-07-28,2026-07-28,FO,NSE,IDO,55564,,NIFTY,,2029-06-26,2029-06-26,28500.00,CE,NIFTY29JUN28500CE,0.00,0.00,0.00,4213.30,0.00,4213.30,23985.35,2953.15,0,0,0,0.00,0,F1,65,,,,,
2026-07-28,2026-07-28,FO,NSE,IDO,61396,,NIFTY,,2026-08-25,2026-08-25,22450.00,PE,NIFTY26AUG22450PE,23.15,23.20,18.40,19.15,18.85,22.85,23985.35,19.15,17615,-845,92,134372537.00,51,F1,65,,,,,
2026-07-28,2026-07-28,FO,NSE,IDO,63851,,NIFTY,,2026-07-28,2026-07-28,21900.00,CE,NIFTY26JUL21900CE,2125.00,2125.00,2091.10,2091.10,2091.10,2080.00,23985.35,23985.35,195,-325,7,10929171.50,4,F1,65,,,,,
2026-07-28,2026-07-28,FO,NSE,IDO,63913,,NIFTY,,2026-07-28,2026-07-28,23450.00,CE,NIFTY26JUL23450CE,544.45,590.80,497.35,519.25,535.50,587.40,23985.35,23985.35,60190,-9685,994,1550027778.00,680,F1,65,,,,,
2026-07-28,2026-07-28,FO,NSE,IDO,63917,,NIFTY,,2026-07-28,2026-07-28,23550.00,CE,NIFTY26JUL23550CE,445.10,489.95,398.95,426.35,434.80,482.70,23985.35,23985.35,120185,-35490,4082,6366669562.50,2365,F1,65,,,,,
2026-07-28,2026-07-28,FO,NSE,IDO,63929,,NIFTY,,2026-07-28,2026-07-28,23800.00,CE,NIFTY26JUL23800CE,223.00,242.65,144.55,169.60,184.80,234.65,23985.35,23985.35,1081405,-924885,652163,1017366225768.75,362567,F1,65,,,,,
2026-07-28,2026-07-28,FO,NSE,IDO,63933,,NIFTY,,2026-07-28,2026-07-28,23850.00,CE,NIFTY26JUL23850CE,177.00,194.00,94.45,119.05,134.75,188.40,23985.35,23985.35,832715,-323310,1261472,1968049031237.25,742750,F1,65,,,,,
2026-07-28,2026-07-28,FO,NSE,IDO,63953,,NIFTY,,2026-07-28,2026-07-28,24350.00,CE,NIFTY26JUL24350CE,1.50,2.00,0.05,0.10,0.05,3.30,23985.35,23985.35,3169335,-462540,1002604,1586923092287.00,168359,F1,65,,,,,
2026-07-28,2026-07-28,FO,NSE,IDO,63987,,NIFTY,,2026-07-28,2026-07-28,25200.00,CE,NIFTY26JUL25200CE,0.40,0.50,0.05,0.05,0.05,0.50,23985.35,23985.35,2145650,-543140,149675,245170802864.00,22880,F1,65,,,,,
2026-07-28,2026-07-28,FO,NSE,IDO,63995,,NIFTY,,2026-07-28,2026-07-28,25350.00,CE,NIFTY26JUL25350CE,0.40,0.70,0.05,0.05,0.05,0.45,23985.35,23985.35,1417260,-106860,245268,404144812334.25,23201,F1,65,,,,,
2026-07-28,2026-07-28,FO,NSE,IDO,64023,,NIFTY,,2026-07-28,2026-07-28,25950.00,CE,NIFTY26JUL25950CE,0.35,0.55,0.05,0.05,0.05,0.40,23985.35,23985.35,119210,36660,9031,15233198233.50,1749,F1,65,,,,,
2026-07-28,2026-07-28,FO,NSE,IDO,65429,,NIFTY,,2026-08-04,2026-08-04,22400.00,CE,NIFTY2680422400CE,0.00,0.00,0.00,1573.40,1573.40,1573.40,23985.35,1611.65,65,0,0,0.00,0,F1,65,,,,,
2026-07-28,2026-07-28,FO,NSE,IDO,65451,,NIFTY,,2026-08-04,2026-08-04,22900.00,CE,NIFTY2680422900CE,1084.25,1160.05,1084.20,1151.85,1153.35,1155.10,23985.35,1151.85,72475,23855,441,688679881.50,315,F1,65,,,,,
2026-07-28,2026-07-28,FO,NSE,IDO,65525,,NIFTY,,2026-08-04,2026-08-04,23200.00,CE,NIFTY2680423200CE,816.05,864.00,806.65,836.60,855.60,864.05,23985.35,836.60,19370,8190,413,645273921.50,320,F1,65,,,,,
2026-07-28,2026-07-28,FO,NSE,IDO,65529,,NIFTY,,2026-08-04,2026-08-04,23300.00,CE,NIFTY2680423300CE,746.20,770.00,708.85,732.45,757.65,763.65,23985.35,732.45,17290,2795,343,535970149.00,299,F1,65,,,,,
2026-07-28,2026-07-28,FO,NSE,IDO,65676,,NIFTY,,2026-08-04,2026-08-04,23600.00,CE,NIFTY2680423600CE,460.75,493.40,425.05,458.75,471.00,480.35,23985.35,458.75,237900,32240,6997,10942161941.75,4571,F1,65,,,,,
2026-07-28,2026-07-28,FO,NSE,IDO,65808,,NIFTY,,2026-08-04,2026-08-04,24300.00,CE,NIFTY2680424300CE,53.90,59.55,42.80,48.65,51.70,64.20,23985.35,48.65,3830580,1657500,224308,355014132437.25,117834,F1,65,,,,,
2026-07-28,2026-07-28,FO,NSE,IDO,65852,,NIFTY,,2026-08-04,2026-08-04,24350.00,CE,NIFTY2680424350CE,43.80,47.05,33.05,37.65,40.40,51.60,23985.35,37.65,936975,320580,96813,153473096302.50,51140,F1,65,,,,,
2026-07-28,2026-07-28,FO,NSE,IDO,65858,,NIFTY,,2026-08-04,2026-08-04,24450.00,CE,NIFTY2680424450CE,35.80,35.80,19.85,22.45,23.95,32.85,23985.35,22.45,944840,485485,75913,120758115721.75,42912,F1,65,,,,,
2026-07-28,2026-07-28,FO,NSE,IDO,65891,,NIFTY,,2026-08-04,2026-08-04,24750.00,CE,NIFTY2680424750CE,8.90,8.90,4.20,4.75,4.75,8.15,23985.35,4.75,758225,258245,31973,51447232362.50,14689,F1,65,,,,,
2026-07-28,2026-07-28,FO,NSE,IDO,65944,,NIFTY,,2026-08-04,2026-08-04,25550.00,CE,NIFTY2680425550CE,1.20,1.20,0.85,0.95,0.90,1.10,23985.35,0.95,183820,-8710,2057,3416290904.00,696,F1,65,,,,,
2026-07-28,2026-07-28,FO,NSE,IDO,40893,,NIFTY,,2026-08-11,2026-08-11,21800.00,CE,NIFTY2681121800CE,0.00,0.00,0.00,2729.80,0.00,2729.80,23985.35,2236.40,0,0,0,0.00,0,F1,65,,,,,
2026-07-28,2026-07-28,FO,NSE,IDO,40897,,NIFTY,,2026-08-11,2026-08-11,21850.00,CE,NIFTY2681121850CE,0.00,0.00,0.00,2680.75,0.00,2680.75,23985.35,2186.60,0,0,0,0.00,0,F1,65,,,,,
2026-07-28,2026-07-28,FO,NSE,IDO,40967,,NIFTY,,2026-08-11,2026-08-11,23450.00,CE,NIFTY2681123450CE,653.00,660.80,653.00,660.80,660.80,616.90,23985.35,690.70,975,-390,8,12535224.00,6,F1,65,,,,,
2026-07-28,2026-07-28,FO,NSE,IDO,45072,,NIFTY,,2026-08-18,2026-08-18,23650.00,PE,NIFTY2681823650PE,120.00,129.25,107.70,110.90,109.10,121.15,23985.35,110.90,4810,1300,69,106591722.25,48,F1,65,,,,,
2026-07-28,2026-07-28,FO,NSE,IDO,86139,,NIFTY,,2028-06-27,2028-06-27,18000.00,CE,NIFTY28JUN18000CE,0.00,0.00,0.00,6809.35,0.00,6809.35,23985.35,8199.00,0,0,0,0.00,0,F1,65,,,,,
2026-07-28,2026-07-28,FO,NSE,IDO,45068,,NIFTY,,2026-08-18,2026-08-18,23550.00,PE,NIFTY2681823550PE,98.50,108.05,87.40,90.05,88.00,98.60,23985.35,90.05,4485,2275,70,107580034.25,52,F1,65,,,,,
2026-07-28,2026-07-28,FO,NSE,IDO,45066,,NIFTY,,2026-08-18,2026-08-18,23500.00,PE,NIFTY2681823500PE,94.05,99.00,76.30,81.80,76.30,91.75,23985.35,81.80,104195,71435,2530,3878559278.75,1632,F1,65,,,,,
2026-07-28,2026-07-28,FO,NSE,IDO,45032,,NIFTY,,2026-08-18,2026-08-18,22850.00,PE,NIFTY2681822850PE,24.05,26.40,20.60,21.15,20.60,26.90,23985.35,21.15,10530,3835,171,254225679.50,72,F1,65,,,,,
2026-07-28,2026-07-28,FO,NSE,IDO,45028,,NIFTY,,2026-08-18,2026-08-18,22800.00,PE,NIFTY2681822800PE,23.25,23.30,18.25,19.00,18.45,24.65,23985.35,19.00,18265,130,153,226951120.50,85,F1,65,,,,,
2026-07-28,2026-07-28,FO,NSE,IDO,45026,,NIFTY,,2026-08-18,2026-08-18,22750.00,PE,NIFTY2681822750PE,21.80,21.80,17.00,17.60,17.00,22.05,23985.35,17.60,14690,195,103,152435744.50,32,F1,65,,,,,
2026-07-28,2026-07-28,FO,NSE,IDO,44990,,NIFTY,,2026-08-18,2026-08-18,22100.00,PE,NIFTY2681822100PE,8.90,8.90,7.80,8.20,8.90,10.95,23985.35,8.20,2275,650,21,30178174.00,16,F1,65,,,,,
2026-07-28,2026-07-28,FO,NSE,IDO,44988,,NIFTY,,2026-08-18,2026-08-18,22050.00,PE,NIFTY2681822050PE,8.25,10.20,5.60,7.50,7.50,9.85,23985.35,7.50,4680,715,61,87459180.25,29,F1,65,,,,,
2026-07-28,2026-07-28,FO,NSE,IDO,41012,,NIFTY,,2026-08-11,2026-08-11,24500.00,PE,NIFTY2681124500PE,542.65,542.65,467.95,493.00,480.55,501.10,23985.35,493.00,71305,13195,556,903330671.75,441,F1,65,,,,,
2026-07-28,2026-07-28,FO,NSE,IDO,40990,,NIFTY,,2026-08-11,2026-08-11,23950.00,PE,NIFTY2681123950PE,184.15,195.55,154.25,166.50,163.90,179.70,23985.35,166.50,88530,53040,3177,4981018688.75,2150,F1,65,,,,,
2026-07-28,2026-07-28,FO,NSE,IDO,40984,,NIFTY,,2026-08-11,2026-08-11,23800.00,PE,NIFTY2681123800PE,110.00,138.25,105.60,115.80,107.75,125.65,23985.35,115.80,224055,57330,7984,12413617342.75,5423,F1,65,,,,,
2026-07-28,2026-07-28,FO,NSE,IDO,55380,,NIFTY,,2027-06-29,2027-06-29,31500.00,CE,NIFTY27JUN31500CE,0.00,0.00,0.00,769.15,0.00,769.15,23985.35,189.40,0,0,0,0.00,0,F1,65,,,,,
2026-07-28,2026-07-28,FO,NSE,IDO,71549,,NIFTY,,2027-06-29,2027-06-29,19000.00,CE,NIFTY27JUN19000CE,0.00,0.00,0.00,7800.00,7800.00,7800.00,23985.35,6153.20,75,0,0,0.00,0,F1,65,,,,,
2026-07-28,2026-07-28,FO,NSE,IDO,37806,,NIFTY,,2026-12-29,2026-12-29,23000.00,CE,NIFTY26DEC23000CE,1854.00,1869.05,1812.00,1838.15,1855.00,1854.05,23985.35,1838.15,322350,-3835,206,332666496.50,148,F1,65,,,,,
2026-07-28,2026-07-28,FO,NSE,IDO,74414,,NIFTY,,2026-09-29,2026-09-29,25650.00,CE,NIFTY26SEP25650CE,0.00,0.00,0.00,317.20,0.00,317.20,23985.35,207.15,0,0,0,0.00,0,F1,65,,,,,
2026-07-28,2026-07-28,FO,NSE,IDO,74359,,NIFTY,,2026-09-29,2026-09-29,24850.00,CE,NIFTY26SEP24850CE,219.30,221.70,209.30,216.45,217.80,224.70,23985.35,216.45,11050,-455,46,74946313.00,32,F1,65,,,,,
2026-07-28,2026-07-28,FO,NSE,IDO,40970,,NIFTY,,2026-08-11,2026-08-11,23500.00,PE,NIFTY2681123500PE,61.05,65.90,47.55,51.70,49.45,61.05,23985.35,51.70,423605,120575,15168,23222858408.75,9629,F1,65,,,,,
2026-07-28,2026-07-28,FO,NSE,IDO,40958,,NIFTY,,2026-08-11,2026-08-11,23200.00,PE,NIFTY2681123200PE,31.20,31.20,20.25,22.35,20.70,30.45,23985.35,22.35,396500,92625,8165,12325627925.00,5669,F1,65,,,,,
2026-07-28,2026-07-28,FO,NSE,IDO,40952,,NIFTY,,2026-08-11,2026-08-11,23050.00,PE,NIFTY2681123050PE,18.70,19.75,12.50,14.15,14.80,20.60,23985.35,14.15,33020,14950,702,1052466210.25,335,F1,65,,,,,
2026-07-28,2026-07-28,FO,NSE,IDO,40925,,NIFTY,,2026-08-11,2026-08-11,22400.00,PE,NIFTY2681122400PE,8.95,9.80,4.90,5.55,4.90,8.50,23985.35,5.55,21450,-1820,433,630619869.75,305,F1,65,,,,,
2026-07-28,2026-07-28,FO,NSE,IDO,40916,,NIFTY,,2026-08-11,2026-08-11,22200.00,PE,NIFTY2681122200PE,7.20,7.70,4.55,4.70,4.55,7.50,23985.35,4.70,33475,4810,708,1021884314.75,431,F1,65,,,,,
2026-07-28,2026-07-28,FO,NSE,IDO,40904,,NIFTY,,2026-08-11,2026-08-11,21900.00,PE,NIFTY2681121900PE,6.70,8.20,3.85,4.20,4.15,6.70,23985.35,4.20,12805,3250,202,287605682.00,107,F1,65,,,,,
2026-07-28,2026-07-28,FO,NSE,IDO,66053,,NIFTY,,2026-08-04,2026-08-04,25900.00,PE,NIFTY2680425900PE,0.00,0.00,0.00,1956.25,0.00,1956.25,23985.35,1884.60,0,0,0,0.00,0,F1,65,,,,,
2026-07-28,2026-07-28,FO,NSE,IDO,40983,,NIFTY,,2026-08-11,2026-08-11,23800.00,CE,NIFTY2681123800CE,358.00,400.00,350.00,377.75,385.00,391.90,23985.35,377.75,71695,520,2020,3174150781.75,1569,F1,65,,,,,
2026-07-28,2026-07-28,FO,NSE,IDO,41081,,NIFTY,,2026-08-11,2026-08-11,26050.00,CE,NIFTY2681126050CE,1.55,1.55,0.90,1.30,1.30,1.90,23985.35,1.30,2210,-2275,40,67733363.75,24,F1,65,,,,,
2026-07-28,2026-07-28,FO,NSE,IDO,41083,,NIFTY,,2026-08-11,2026-08-11,26100.00,CE,NIFTY2681126100CE,1.70,1.70,1.15,1.30,1.25,1.60,23985.35,1.30,16510,2275,395,670153620.50,271,F1,65,,,,,
2026-07-28,2026-07-28,FO,NSE,IDO,44999,,NIFTY,,2026-08-18,2026-08-18,22250.00,CE,NIFTY2681822250CE,0.00,0.00,0.00,1959.60,0.00,1959.60,23985.35,1821.90,0,0,0,0.00,0,F1,65,,,,,
2026-07-28,2026-07-28,FO,NSE,IDO,45005,,NIFTY,,2026-08-18,2026-08-18,22350.00,CE,NIFTY2681822350CE,0.00,0.00,0.00,1866.60,0.00,1866.60,23985.35,1725.25,0,0,0,0.00,0,F1,65,,,,,
2026-07-28,2026-07-28,FO,NSE,IDO,45029,,NIFTY,,2026-08-18,2026-08-18,22850.00,CE,NIFTY2681822850CE,0.00,0.00,0.00,1421.60,0.00,1421.60,23985.35,1258.70,0,0,0,0.00,0,F1,65,,,,,
2026-07-28,2026-07-28,FO,NSE,IDO,45060,,NIFTY,,2026-08-18,2026-08-18,23450.00,CE,NIFTY2681823450CE,0.00,0.00,0.00,951.00,0.00,951.00,23985.35,766.60,0,0,0,0.00,0,F1,65,,,,,
2026-07-28,2026-07-28,FO,NSE,IDO,45082,,NIFTY,,2026-08-18,2026-08-18,23900.00,CE,NIFTY2681823900CE,375.05,395.90,351.15,369.20,377.15,385.65,23985.35,369.20,29380,14625,682,1076011192.75,420,F1,65,,,,,
2026-07-28,2026-07-28,FO,NSE,IDO,45086,,NIFTY,,2026-08-18,2026-08-18,24000.00,CE,NIFTY2681824000CE,351.75,351.75,295.05,315.25,317.90,327.35,23985.35,315.25,113555,46865,2876,4545811790.00,1967,F1,65,,,,,
2026-07-28,2026-07-28,FO,NSE,IDO,45144,,NIFTY,,2026-08-18,2026-08-18,24900.00,CE,NIFTY2681824900CE,0.00,0.00,0.00,235.90,0.00,235.90,23985.35,109.35,0,0,0,0.00,0,F1,65,,,,,
2026-07-28,2026-07-28,FO,NSE,IDO,45148,,NIFTY,,2026-08-18,2026-08-18,25000.00,CE,NIFTY2681825000CE,0.00,0.00,0.00,209.05,0.00,209.05,23985.35,91.35,0,0,0,0.00,0,F1,65,,,,,
2026-07-28,2026-07-28,FO,NSE,IDO,45152,,NIFTY,,2026-08-18,2026-08-18,25100.00,CE,NIFTY2681825100CE,0.00,0.00,0.00,184.85,0.00,184.85,23985.35,75.85,0,0,0,0.00,0,F1,65,,,,,
2026-07-28,2026-07-28,FO,NSE,IDO,45172,,NIFTY,,2026-08-18,2026-08-18,25550.00,CE,NIFTY2681825550CE,8.95,8.95,5.25,5.25,5.25,7.05,23985.35,5.25,3315,-130,17,28239604.25,11,F1,65,,,,,
2026-07-28,2026-07-28,FO,NSE,IDO,45190,,NIFTY,,2026-08-18,2026-08-18,25750.00,CE,NIFTY2681825750CE,0.00,0.00,0.00,3.80,3.80,3.80,23985.35,19.35,195,0,0,0.00,0,F1,65,,,,,
2026-07-28,2026-07-28,FO,NSE,IDO,45198,,NIFTY,,2026-08-18,2026-08-18,25950.00,CE,NIFTY2681825950CE,4.90,4.90,4.90,4.90,4.90,4.10,23985.35,12.00,325,65,1,1687068.50,1,F1,65,,,,,
2026-07-28,2026-07-28,FO,NSE,IDO,61346,,NIFTY,,2026-08-25,2026-08-25,21900.00,CE,NIFTY26AUG21900CE,0.00,0.00,0.00,1940.00,1940.00,1940.00,23985.35,2194.85,65,0,0,0.00,0,F1,65,,,,,
2026-07-28,2026-07-28,FO,NSE,IDO,61426,,NIFTY,,2026-08-25,2026-08-25,22950.00,CE,NIFTY26AUG22950CE,0.00,0.00,0.00,1215.95,1210.65,1215.95,23985.35,1224.45,1300,0,0,0.00,0,F1,65,,,,,
2026-07-28,2026-07-28,FO,NSE,IDO,61973,,NIFTY,,2026-08-25,2026-08-25,25450.00,CE,NIFTY26AUG25450CE,14.85,17.75,12.45,13.35,13.45,14.50,23985.35,13.35,29185,5915,430,711732180.25,227,F1,65,,,,,
2026-07-28,2026-07-28,FO,NSE,IDO,74642,,NIFTY,,2031-06-24,2031-06-24,18000.00,PE,NIFTY31JUN18000PE,0.00,0.00,0.00,173.45,0.00,173.45,23985.35,135.25,0,0,0,0.00,0,F1,65,,,,,
2026-07-28,2026-07-28,FO,NSE,IDO,61773,,NIFTY,,2029-12-24,2029-12-24,25000.00,PE,NIFTY29DEC25000PE,0.00,0.00,0.00,1101.00,1101.00,1101.00,23985.35,1145.45,420,0,0,0.00,0,F1,65,,,,,
2026-07-28,2026-07-28,FO,NSE,IDO,55559,,NIFTY,,2029-06-26,2029-06-26,19500.00,PE,NIFTY29JUN19500PE,0.00,0.00,0.00,56.00,0.00,56.00,23985.35,206.90,0,0,0,0.00,0,F1,65,,,,,
2026-07-28,2026-07-28,FO,NSE,IDO,89613,,NIFTY,,2029-06-26,2029-06-26,18000.00,PE,NIFTY29JUN18000PE,0.00,0.00,0.00,118.45,0.00,118.45,23985.35,104.30,0,0,0,0.00,0,F1,65,,,,,
2026-07-28,2026-07-28,FO,NSE,IDO,55557,,NIFTY,,2029-06-26,2029-06-26,16500.00,PE,NIFTY29JUN16500PE,0.00,0.00,0.00,8.10,0.00,8.10,23985.35,46.15,0,0,0,0.00,0,F1,65,,,,,
2026-07-28,2026-07-28,FO,NSE,IDO,55527,,NIFTY,,2028-12-26,2028-12-26,31500.00,PE,NIFTY28DEC31500PE,0.00,0.00,0.00,2673.40,0.00,2673.40,23985.35,4304.90,0,0,0,0.00,0,F1,65,,,,,
2026-07-28,2026-07-28,FO,NSE,IDO,67783,,NIFTY,,2028-12-26,2028-12-26,24000.00,PE,NIFTY28DEC24000PE,850.05,875.00,850.00,875.00,875.00,882.00,23985.35,953.05,3575,195,3,4847378.25,3,F1,65,,,,,
2026-07-28,2026-07-28,FO,NSE,IDO,86164,,NIFTY,,2028-06-27,2028-06-27,27000.00,PE,NIFTY28JUN27000PE,0.00,0.00,0.00,2752.35,0.00,2752.35,23985.35,2106.95,0,0,0,0.00,0,F1,65,,,,,
2026-07-28,2026-07-28,FO,NSE,IDO,50984,,NIFTY,,2027-06-29,2027-06-29,27000.00,PE,NIFTY27JUN27000PE,0.00,0.00,0.00,6273.45,0.00,6273.45,23985.35,2392.30,0,0,0,0.00,0,F1,65,,,,,
2026-07-28,2026-07-28,FO,NSE,IDO,71548,,NIFTY,,2027-06-29,2027-06-29,18000.00,PE,NIFTY27JUN18000PE,0.00,0.00,0.00,220.00,220.00,220.00,23985.35,17.65,230,0,0,0.00,0,F1,65,,,,,
2026-07-28,2026-07-28,FO,NSE,IDO,80248,,NIFTY,,2027-03-30,2027-03-30,18000.00,PE,NIFTY27MAR18000PE,0.00,0.00,0.00,37.30,37.30,37.30,23985.35,7.35,65,0,0,0.00,0,F1,65,,,,,
2026-07-28,2026-07-28,FO,NSE,IDO,58649,,NIFTY,,2026-12-29,2026-12-29,22000.00,PE,NIFTY26DEC22000PE,147.70,147.75,130.70,134.15,132.50,139.10,23985.35,134.15,1508180,21840,3758,5406911181.75,2327,F1,65,,,,,
2026-07-28,2026-07-28,FO,NSE,IDO,58643,,NIFTY,,2026-12-29,2026-12-29,19000.00,PE,NIFTY26DEC19000PE,41.85,43.95,40.60,41.10,40.70,43.05,23985.35,41.10,602295,9360,1215,1503820503.25,691,F1,65,,,,,
2026-07-28,2026-07-28,FO,NSE,IDO,74464,,NIFTY,,2026-09-29,2026-09-29,26150.00,PE,NIFTY26SEP26150PE,0.00,0.00,0.00,2098.20,0.00,2098.20,23985.35,1992.65,0,0,0,0.00,0,F1,65,,,,,
2026-07-28,2026-07-28,FO,NSE,IDO,74288,,NIFTY,,2026-09-29,2026-09-29,24550.00,PE,NIFTY26SEP24550PE,639.30,642.75,612.20,627.00,627.00,770.00,23985.35,823.05,13845,2015,79,129326674.75,72,F1,65,,,,,
2026-07-28,2026-07-28,FO,NSE,IDO,65901,,NIFTY,,2026-09-29,2026-09-29,24000.00,PE,NIFTY26SEP24000PE,385.05,393.85,354.85,370.15,359.25,376.30,23985.35,370.15,1693105,89635,6381,10108773086.75,4436,F1,65,,,,,
2026-07-28,2026-07-28,FO,NSE,IDO,74002,,NIFTY,,2026-09-29,2026-09-29,23550.00,PE,NIFTY26SEP23550PE,236.90,238.95,220.00,232.50,232.50,232.90,23985.35,364.35,14625,-455,82,126767563.00,79,F1,65,,,,,
2026-07-28,2026-07-28,FO,NSE,IDO,63817,,NIFTY,,2026-07-28,2026-07-28,21250.00,CE,NIFTY26JUL21250CE,0.00,0.00,0.00,2765.00,2765.00,2765.00,23985.35,23985.35,65,0,0,0.00,0,F1,65,,,,,
2026-07-28,2026-07-28,FO,NSE,IDO,63823,,NIFTY,,2026-07-28,2026-07-28,21350.00,CE,NIFTY26JUL21350CE,0.00,0.00,0.00,3009.55,0.00,3009.55,23985.35,23985.35,0,0,0,0.00,0,F1,65,,,,,
2026-07-28,2026-07-28,FO,NSE,IDO,63881,,NIFTY,,2026-07-28,2026-07-28,22650.00,CE,NIFTY26JUL22650CE,1361.05,1389.50,1338.25,1372.05,1372.05,1260.95,23985.35,23985.35,3315,-65,6,9364927.00,6,F1,65,,,,,
2026-07-28,2026-07-28,FO,NSE,IDO,63885,,NIFTY,,2026-07-28,2026-07-28,22750.00,CE,NIFTY26JUL22750CE,0.00,0.00,0.00,1080.25,1080.25,1080.25,23985.35,23985.35,4615,0,0,0.00,0,F1,65,,,,,
2026-07-28,2026-07-28,FO,NSE,IDO,63935,,NIFTY,,2026-07-28,2026-07-28,23900.00,CE,NIFTY26JUL23900CE,133.00,147.60,45.50,68.65,85.20,146.05,23985.35,23985.35,2937155,-642850,4948061,7718877689422.25,2400963,F1,65,,,,,
2026-07-28,2026-07-28,FO,NSE,IDO,63947,,NIFTY,,2026-07-28,2026-07-28,24200.00,CE,NIFTY26JUL24200CE,8.95,8.95,0.05,0.15,0.05,12.75,23985.35,23985.35,7875985,-6862505,5890841,9267072640250.75,812044,F1,65,,,,,
2026-07-28,2026-07-28,FO,NSE,IDO,63977,,NIFTY,,2026-07-28,2026-07-28,24950.00,CE,NIFTY26JUL24950CE,0.75,1.00,0.05,0.05,0.05,0.70,23985.35,23985.35,823940,-165815,121855,197621267730.25,16897,F1,65,,,,,
2026-07-28,2026-07-28,FO,NSE,IDO,73994,,NIFTY,,2026-09-29,2026-09-29,23500.00,PE,NIFTY26SEP23500PE,221.05,230.50,205.70,211.30,207.95,219.90,23985.35,211.30,741845,35815,4596,7085052936.00,2805,F1,65,,,,,
2026-07-28,2026-07-28,FO,NSE,IDO,47064,,NIFTY,,2026-09-01,2026-09-01,25950.00,PE,NIFTY2690125950PE,0.00,0.00,0.00,1679.00,0.00,1679.00,23985.35,1848.65,0,0,0,0.00,0,F1,65,,,,,
2026-07-28,2026-07-28,FO,NSE,IDO,47016,,NIFTY,,2026-09-01,2026-09-01,24750.00,PE,NIFTY2690124750PE,0.00,0.00,0.00,773.80,0.00,773.80,23985.35,864.55,0,0,0,0.00,0,F1,65,,,,,
2026-07-28,2026-07-28,FO,NSE,IDO,46978,,NIFTY,,2026-09-01,2026-09-01,23800.00,PE,NIFTY2690123800PE,224.80,232.55,210.45,216.20,210.45,227.05,23985.35,216.20,2730,845,36,56216530.50,24,F1,65,,,,,
2026-07-28,2026-07-28,FO,NSE,IDO,46962,,NIFTY,,2026-09-01,2026-09-01,23400.00,PE,NIFTY2690123400PE,123.50,123.80,112.50,116.10,115.10,135.70,23985.35,116.10,325,260,9,13759125.25,7,F1,65,,,,,
2026-07-28,2026-07-28,FO,NSE,IDO,46950,,NIFTY,,2026-09-01,2026-09-01,23100.00,PE,NIFTY2690123100PE,0.00,0.00,0.00,129.75,0.00,129.75,23985.35,135.15,0,0,0,0.00,0,F1,65,,,,,
2026-07-28,2026-07-28,FO,NSE,IDO,46936,,NIFTY,,2026-09-01,2026-09-01,22750.00,PE,NIFTY2690122750PE,0.00,0.00,0.00,76.75,0.00,76.75,23985.35,76.85,0,0,0,0.00,0,F1,65,,,,,
2026-07-28,2026-07-28,FO,NSE,IDO,46916,,NIFTY,,2026-09-01,2026-09-01,22250.00,PE,NIFTY2690122250PE,0.00,0.00,0.00,56.00,56.00,56.00,23985.35,30.10,325,0,0,0.00,0,F1,65,,,,,
2026-07-28,2026-07-28,FO,NSE,IDO,62059,,NIFTY,,2026-08-25,2026-08-25,26250.00,PE,NIFTY26AUG26250PE,0.00,0.00,0.00,1985.00,1985.00,1985.00,23985.35,2157.70,130,0,0,0.00,0,F1,65,,,,,
2026-07-28,2026-07-28,FO,NSE,IDO,61978,,NIFTY,,2026-08-25,2026-08-25,25550.00,PE,NIFTY26AUG25550PE,1420.00,1420.00,1400.00,1400.00,1400.00,1503.45,23985.35,1502.95,5460,5265,82,143675675.00,26,F1,65,,,,,
2026-07-28,2026-07-28,FO,NSE,IDO,61944,,NIFTY,,2026-08-25,2026-08-25,25300.00,PE,NIFTY26AUG25300PE,1187.50,1220.95,1175.00,1179.65,1176.00,1189.10,23985.35,1179.65,22295,9360,146,251440783.75,103,F1,65,,,,,
2026-07-28,2026-07-28,FO,NSE,IDO,61798,,NIFTY,,2026-08-25,2026-08-25,24750.00,PE,NIFTY26AUG24750PE,0.00,0.00,0.00,910.45,910.45,910.45,23985.35,847.75,1950,0,0,0.00,0,F1,65,,,,,
2026-07-28,2026-07-28,FO,NSE,IDO,61417,,NIFTY,,2026-08-25,2026-08-25,22800.00,PE,NIFTY26AUG22800PE,39.15,39.15,31.55,32.75,31.85,37.85,23985.35,32.75,395590,-12220,6494,9638606181.75,3595,F1,65,,,,,
2026-07-28,2026-07-28,FO,NSE,IDO,61398,,NIFTY,,2026-08-25,2026-08-25,22500.00,PE,NIFTY26AUG22500PE,28.00,28.00,19.10,20.10,19.80,24.10,23985.35,20.10,1688505,71565,14745,21584584167.25,8102,F1,65,,,,,
2026-07-28,2026-07-28,FO,NSE,IDO,61379,,NIFTY,,2026-08-25,2026-08-25,22350.00,PE,NIFTY26AUG22350PE,18.55,18.55,16.40,16.90,17.15,20.20,23985.35,16.90,11635,715,120,174463991.00,59,F1,65,,,,,
2026-07-28,2026-07-28,FO,NSE,IDO,61355,,NIFTY,,2026-08-25,2026-08-25,22050.00,PE,NIFTY26AUG22050PE,14.00,14.00,11.40,12.20,12.45,14.45,23985.35,12.20,4875,-1105,69,98950065.50,20,F1,65,,,,,
2026-07-28,2026-07-28,FO,NSE,IDO,63985,,NIFTY,,2026-07-28,2026-07-28,25150.00,CE,NIFTY26JUL25150CE,0.60,0.60,0.05,0.05,0.05,0.60,23985.35,23985.35,539240,-27365,82485,134844273963.75,11807,F1,65,,,,,
2026-07-28,2026-07-28,FO,NSE,IDO,65350,,NIFTY,,2026-08-04,2026-08-04,21950.00,CE,NIFTY2680421950CE,2070.00,2090.00,2070.00,2090.00,2090.00,2066.45,23985.35,2060.90,0,0,2,3123900.00,2,F1,65,,,,,
2026-07-28,2026-07-28,FO,NSE,IDO,65413,,NIFTY,,2026-08-04,2026-08-04,22100.00,CE,NIFTY2680422100CE,1951.70,1971.00,1951.70,1971.00,1971.00,1928.70,23985.35,1971.00,65,65,2,3127975.50,2,F1,65,,,,,
2026-07-28,2026-07-28,FO,NSE,IDO,65519,,NIFTY,,2026-08-04,2026-08-04,23050.00,CE,NIFTY2680423050CE,1005.00,1005.00,1005.00,1005.00,1005.00,907.85,23985.35,970.80,260,65,1,1563575.00,1,F1,65,,,,,
2026-07-28,2026-07-28,FO,NSE,IDO,65533,,NIFTY,,2026-08-04,2026-08-04,23400.00,CE,NIFTY2680423400CE,651.70,674.85,609.15,635.55,662.15,667.55,23985.35,635.55,83720,13585,839,1310911754.75,693,F1,65,,,,,
2026-07-28,2026-07-28,FO,NSE,IDO,65695,,NIFTY,,2026-08-04,2026-08-04,24050.00,CE,NIFTY2680424050CE,162.20,166.70,121.25,139.75,145.15,162.20,23985.35,139.75,1341860,829790,177936,279794012511.00,106383,F1,65,,,,,
2026-07-28,2026-07-28,FO,NSE,IDO,65998,,NIFTY,,2026-08-04,2026-08-04,25650.00,CE,NIFTY2680425650CE,1.10,1.10,0.85,0.90,0.85,1.05,23985.35,0.90,115505,8385,2055,3426322916.25,884,F1,65,,,,,
2026-07-28,2026-07-28,FO,NSE,IDO,40891,,NIFTY,,2026-08-11,2026-08-11,21750.00,CE,NIFTY2681121750CE,0.00,0.00,0.00,2778.90,0.00,2778.90,23985.35,2286.20,0,0,0,0.00,0,F1,65,,,,,
2026-07-28,2026-07-28,FO,NSE,IDO,40911,,NIFTY,,2026-08-11,2026-08-11,22100.00,CE,NIFTY2681122100CE,0.00,0.00,0.00,2436.90,0.00,2436.90,23985.35,1938.00,0,0,0,0.00,0,F1,65,,,,,
2026-07-28,2026-07-28,FO,NSE,IDO,40926,,NIFTY,,2026-08-11,2026-08-11,22450.00,CE,NIFTY2681122450CE,0.00,0.00,0.00,2101.00,0.00,2101.00,23985.35,1592.75,0,0,0,0.00,0,F1,65,,,,,
2026-07-28,2026-07-28,FO,NSE,IDO,40969,,NIFTY,,2026-08-11,2026-08-11,23500.00,CE,NIFTY2681123500CE,600.00,637.40,577.65,606.30,621.40,624.95,23985.35,606.30,27755,-5590,588,921464323.00,387,F1,65,,,,,
2026-07-28,2026-07-28,FO,NSE,IDO,40995,,NIFTY,,2026-08-11,2026-08-11,24100.00,CE,NIFTY2681124100CE,192.50,215.00,179.00,196.55,205.00,212.45,23985.35,196.55,356395,139750,10983,17345339163.75,8134,F1,65,,,,,
2026-07-28,2026-07-28,FO,NSE,IDO,41001,,NIFTY,,2026-08-11,2026-08-11,24250.00,CE,NIFTY2681124250CE,151.05,151.05,120.00,128.95,135.55,146.35,23985.35,128.95,133835,35035,2348,3720832427.00,1740,F1,65,,,,,
2026-07-28,2026-07-28,FO,NSE,IDO,41017,,NIFTY,,2026-08-11,2026-08-11,24650.00,CE,NIFTY2681124650CE,33.50,39.20,31.65,33.45,34.25,41.35,23985.35,33.45,63050,29250,2442,3918173827.75,1890,F1,65,,,,,
2026-07-28,2026-07-28,FO,NSE,IDO,41041,,NIFTY,,2026-08-11,2026-08-11,25100.00,CE,NIFTY2681125100CE,7.00,7.95,4.90,5.55,5.60,8.30,23985.35,5.55,235170,85995,4200,6853989330.50,2312,F1,65,,,,,
2026-07-28,2026-07-28,FO,NSE,IDO,41073,,NIFTY,,2026-08-11,2026-08-11,25850.00,CE,NIFTY2681125850CE,0.00,0.00,0.00,4.65,4.65,4.65,23985.35,3.95,455,0,0,0.00,0,F1,65,,,,,
2026-07-28,2026-07-28,FO,NSE,IDO,45003,,NIFTY,,2026-08-18,2026-08-18,22300.00,CE,NIFTY2681822300CE,0.00,0.00,0.00,1912.95,0.00,1912.95,23985.35,1773.50,0,0,0,0.00,0,F1,65,,,,,
2026-07-28,2026-07-28,FO,NSE,IDO,45043,,NIFTY,,2026-08-18,2026-08-18,23050.00,CE,NIFTY2681823050CE,0.00,0.00,0.00,1255.65,0.00,1255.65,23985.35,1083.90,0,0,0,0.00,0,F1,65,,,,,
2026-07-28,2026-07-28,FO,NSE,IDO,45056,,NIFTY,,2026-08-18,2026-08-18,23350.00,CE,NIFTY2681823350CE,0.00,0.00,0.00,695.75,695.75,695.75,23985.35,840.70,585,0,0,0.00,0,F1,65,,,,,
2026-07-28,2026-07-28,FO,NSE,IDO,45058,,NIFTY,,2026-08-18,2026-08-18,23400.00,CE,NIFTY2681823400CE,0.00,0.00,0.00,986.80,0.00,986.80,23985.35,802.85,0,0,0,0.00,0,F1,65,,,,,
2026-07-28,2026-07-28,FO,NSE,IDO,45112,,NIFTY,,2026-08-18,2026-08-18,24550.00,CE,NIFTY2681824550CE,97.40,97.50,81.25,88.00,89.75,97.40,23985.35,88.00,9230,-1430,178,285071153.25,91,F1,65,,,,,
2026-07-28,2026-07-28,FO,NSE,IDO,45150,,NIFTY,,2026-08-18,2026-08-18,25050.00,CE,NIFTY2681825050CE,0.00,0.00,0.00,197.65,0.00,197.65,23985.35,83.30,0,0,0,0.00,0,F1,65,,,,,
2026-07-28,2026-07-28,FO,NSE,IDO,45154,,NIFTY,,2026-08-18,2026-08-18,25150.00,CE,NIFTY2681825150CE,0.00,0.00,0.00,173.50,0.00,173.50,23985.35,68.95,0,0,0,0.00,0,F1,65,,,,,
2026-07-28,2026-07-28,FO,NSE,IDO,61389,,NIFTY,,2026-08-25,2026-08-25,22450.00,CE,NIFTY26AUG22450CE,0.00,0.00,0.00,1994.00,1994.00,1994.00,23985.35,1669.60,65,0,0,0.00,0,F1,65,,,,,
2026-07-28,2026-07-28,FO,NSE,IDO,61587,,NIFTY,,2026-08-25,2026-08-25,23950.00,CE,NIFTY26AUG23950CE,412.30,425.00,382.00,402.10,407.85,412.80,23985.35,402.10,49140,-1495,1196,1893266271.00,958,F1,65,,,,,
2026-07-28,2026-07-28,FO,NSE,IDO,61793,,NIFTY,,2026-08-25,2026-08-25,24700.00,CE,NIFTY26AUG24700CE,94.60,100.75,84.00,89.65,89.60,96.80,23985.35,89.65,758290,108355,11333,18263027828.50,7056,F1,65,,,,,
2026-07-28,2026-07-28,FO,NSE,IDO,61929,,NIFTY,,2026-08-25,2026-08-25,25200.00,CE,NIFTY26AUG25200CE,24.30,29.55,23.80,25.15,25.25,27.30,23985.35,25.15,688870,119730,9464,15518272812.25,5792,F1,65,,,,,
2026-07-28,2026-07-28,FO,NSE,IDO,61931,,NIFTY,,2026-08-25,2026-08-25,25250.00,CE,NIFTY26AUG25250CE,0.00,0.00,0.00,447.25,0.00,447.25,23985.35,94.15,0,0,0,0.00,0,F1,65,,,,,
2026-07-28,2026-07-28,FO,NSE,IDO,62038,,NIFTY,,2026-08-25,2026-08-25,26000.00,CE,NIFTY26AUG26000CE,3.85,4.35,3.25,4.00,3.95,4.05,23985.35,4.00,2755350,242775,17669,29865099283.50,9176,F1,65,,,,,
2026-07-28,2026-07-28,FO,NSE,IDO,46947,,NIFTY,,2026-09-01,2026-09-01,23050.00,CE,NIFTY2690123050CE,0.00,0.00,0.00,1418.95,0.00,1418.95,23985.35,1206.40,0,0,0,0.00,0,F1,65,,,,,
2026-07-28,2026-07-28,FO,NSE,IDO,46955,,NIFTY,,2026-09-01,2026-09-01,23250.00,CE,NIFTY2690123250CE,0.00,0.00,0.00,1259.15,0.00,1259.15,23985.35,1051.05,0,0,0,0.00,0,F1,65,,,,,
2026-07-28,2026-07-28,FO,NSE,IDO,46967,,NIFTY,,2026-09-01,2026-09-01,23550.00,CE,NIFTY2690123550CE,0.00,0.00,0.00,1035.90,0.00,1035.90,23985.35,837.40,0,0,0,0.00,0,F1,65,,,,,
2026-07-28,2026-07-28,FO,NSE,IDO,47033,,NIFTY,,2026-09-01,2026-09-01,25200.00,CE,NIFTY2690125200CE,0.00,0.00,0.00,240.15,0.00,240.15,23985.35,145.55,0,0,0,0.00,0,F1,65,,,,,
2026-07-28,2026-07-28,FO,NSE,IDO,47045,,NIFTY,,2026-09-01,2026-09-01,25500.00,CE,NIFTY2690125500CE,0.00,0.00,0.00,170.60,0.00,170.60,23985.35,95.85,0,0,0,0.00,0,F1,65,,,,,
2026-07-28,2026-07-28,FO,NSE,IDO,47059,,NIFTY,,2026-09-01,2026-09-01,25850.00,CE,NIFTY2690125850CE,36.20,36.20,11.00,11.00,11.00,110.80,23985.35,11.00,1495,1495,30,50436626.50,24,F1,65,,,,,
2026-07-28,2026-07-28,FO,NSE,IDO,73854,,NIFTY,,2026-09-29,2026-09-29,21850.00,CE,NIFTY26SEP21850CE,0.00,0.00,0.00,2455.30,0.00,2455.30,23985.35,2430.05,0,0,0,0.00,0,F1,65,,,,,
2026-07-28,2026-07-28,FO,NSE,IDO,73865,,NIFTY,,2026-09-29,2026-09-29,22000.00,CE,NIFTY26SEP22000CE,2200.00,2268.00,2200.00,2248.05,2254.15,2238.80,23985.35,2248.05,45825,-390,74,116653039.75,42,F1,65,,,,,
2026-07-28,2026-07-28,FO,NSE,IDO,73883,,NIFTY,,2026-09-29,2026-09-29,22450.00,CE,NIFTY26SEP22450CE,0.00,0.00,0.00,1843.95,1843.95,1843.95,23985.35,1898.15,65,0,0,0.00,0,F1,65,,,,,
2026-07-28,2026-07-28,FO,NSE,IDO,73885,,NIFTY,,2026-09-29,2026-09-29,22550.00,CE,NIFTY26SEP22550CE,0.00,0.00,0.00,1786.75,1786.75,1786.75,23985.35,1813.90,260,0,0,0.00,0,F1,65,,,,,
2026-07-28,2026-07-28,FO,NSE,IDO,73891,,NIFTY,,2026-09-29,2026-09-29,22700.00,CE,NIFTY26SEP22700CE,1580.85,1580.85,1580.85,1580.85,1580.85,1319.60,23985.35,1690.35,520,260,8,12626042.00,2,F1,65,,,,,
2026-07-28,2026-07-28,FO,NSE,IDO,73908,,NIFTY,,2026-09-29,2026-09-29,23150.00,CE,NIFTY26SEP23150CE,0.00,0.00,0.00,1302.00,1302.00,1302.00,23985.35,1343.70,585,0,0,0.00,0,F1,65,,,,,
2026-07-28,2026-07-28,FO,NSE,IDO,74112,,NIFTY,,2026-09-29,2026-09-29,24350.00,CE,NIFTY26SEP24350CE,420.00,432.50,417.75,420.25,432.50,427.00,23985.35,420.25,5395,-65,26,41864189.25,19,F1,65,,,,,
2026-07-28,2026-07-28,FO,NSE,IDO,74289,,NIFTY,,2026-09-29,2026-09-29,24600.00,CE,NIFTY26SEP24600CE,320.00,320.00,296.55,302.70,306.85,317.85,23985.35,302.70,91390,20085,498,806198675.75,412,F1,65,,,,,
2026-07-28,2026-07-28,FO,NSE,IDO,74351,,NIFTY,,2026-09-29,2026-09-29,24650.00,CE,NIFTY26SEP24650CE,289.10,297.45,286.30,297.45,297.45,289.10,23985.35,297.45,10010,-65,18,29183053.25,15,F1,65,,,,,
2026-07-28,2026-07-28,FO,NSE,IDO,74355,,NIFTY,,2026-09-29,2026-09-29,24750.00,CE,NIFTY26SEP24750CE,254.30,258.55,240.45,249.15,249.15,253.55,23985.35,249.15,36465,-325,67,108878136.25,47,F1,65,,,,,
2026-07-28,2026-07-28,FO,NSE,IDO,74365,,NIFTY,,2026-09-29,2026-09-29,25000.00,CE,NIFTY26SEP25000CE,169.90,182.90,165.60,170.65,174.40,178.85,23985.35,170.65,1050335,12025,7990,13074264222.50,4355,F1,65,,,,,
2026-07-28,2026-07-28,FO,NSE,IDO,74395,,NIFTY,,2026-09-29,2026-09-29,25450.00,CE,NIFTY26SEP25450CE,0.00,0.00,0.00,366.00,0.00,366.00,23985.35,251.25,0,0,0,0.00,0,F1,65,,,,,
2026-07-28,2026-07-28,FO,NSE,IDO,74397,,NIFTY,,2026-09-29,2026-09-29,25550.00,CE,NIFTY26SEP25550CE,0.00,0.00,0.00,340.30,0.00,340.30,23985.35,227.95,0,0,0,0.00,0,F1,65,,,,,
2026-07-28,2026-07-28,FO,NSE,IDO,74416,,NIFTY,,2026-09-29,2026-09-29,25700.00,CE,NIFTY26SEP25700CE,0.00,0.00,0.00,305.70,0.00,305.70,23985.35,197.35,0,0,0,0.00,0,F1,65,,,,,
2026-07-28,2026-07-28,FO,NSE,IDO,74426,,NIFTY,,2026-09-29,2026-09-29,25900.00,CE,NIFTY26SEP25900CE,0.00,0.00,0.00,261.75,0.00,261.75,23985.35,161.90,0,0,0,0.00,0,F1,65,,,,,
2026-07-28,2026-07-28,FO,NSE,IDO,74438,,NIFTY,,2026-09-29,2026-09-29,26050.00,CE,NIFTY26SEP26050CE,0.00,0.00,0.00,232.80,0.00,232.80,23985.35,138.85,0,0,0,0.00,0,F1,65,,,,,
2026-07-28,2026-07-28,FO,NSE,IDO,65923,,NIFTY,,2026-09-29,2026-09-29,30000.00,CE,NIFTY26SEP30000CE,3.50,4.35,3.10,3.65,3.50,3.85,23985.35,3.65,307690,2600,927,1807871396.50,728,F1,65,,,,,
2026-07-28,2026-07-28,FO,NSE,IDO,71503,,NIFTY,,2026-12-29,2026-12-29,25000.00,CE,NIFTY26DEC25000CE,579.75,587.45,559.35,568.65,574.95,582.10,23985.35,568.65,2221375,-1040,2684,4461485840.50,1770,F1,65,,,,,
2026-07-28,2026-07-28,FO,NSE,IDO,71505,,NIFTY,,2026-12-29,2026-12-29,26000.00,CE,NIFTY26DEC26000CE,247.95,254.45,237.00,239.35,241.55,251.35,23985.35,239.35,2570115,12610,3342,5700844327.75,1796,F1,65,,,,,
2026-07-28,2026-07-28,FO,NSE,IDO,35262,,NIFTY,,2027-06-29,2027-06-29,30000.00,CE,NIFTY27JUN30000CE,0.00,0.00,0.00,1478.40,0.00,1478.40,23985.35,341.15,0,0,0,0.00,0,F1,65,,,,,
2026-07-28,2026-07-28,FO,NSE,IDO,53624,,NIFTY,,2027-12-28,2027-12-28,24000.00,CE,NIFTY27DEC24000CE,2751.40,2829.25,2735.35,2740.00,2740.00,2767.25,23985.35,2740.00,26520,0,17,29555093.75,16,F1,65,,,,,
2026-07-28,2026-07-28,FO,NSE,IDO,67770,,NIFTY,,2028-12-26,2028-12-26,18000.00,CE,NIFTY28DEC18000CE,0.00,0.00,0.00,9380.30,0.00,9380.30,23985.35,8734.35,0,0,0,0.00,0,F1,65,,,,,
2026-07-28,2026-07-28,FO,NSE,IDO,67782,,NIFTY,,2028-12-26,2028-12-26,24000.00,CE,NIFTY28DEC24000CE,0.00,0.00,0.00,4002.05,4002.05,4002.05,23985.35,4486.30,260,0,0,0.00,0,F1,65,,,,,
2026-07-28,2026-07-28,FO,NSE,IDO,55522,,NIFTY,,2028-12-26,2028-12-26,25500.00,CE,NIFTY28DEC25500CE,0.00,0.00,0.00,3800.00,3800.00,3800.00,23985.35,3664.90,0,0,0,0.00,0,F1,65,,,,,
2026-07-28,2026-07-28,FO,NSE,IDO,67790,,NIFTY,,2028-12-26,2028-12-26,28000.00,CE,NIFTY28DEC28000CE,1999.45,1999.45,1999.45,1999.45,1999.45,1999.75,23985.35,2543.70,6315,65,1,1949964.25,1,F1,65,,,,,
2026-07-28,2026-07-28,FO,NSE,IDO,55524,,NIFTY,,2028-12-26,2028-12-26,28500.00,CE,NIFTY28DEC28500CE,0.00,0.00,0.00,3608.65,0.00,3608.65,23985.35,2355.10,0,0,0,0.00,0,F1,65,,,,,
2026-07-28,2026-07-28,FO,NSE,IDO,67794,,NIFTY,,2028-12-26,2028-12-26,30000.00,CE,NIFTY28DEC30000CE,0.00,0.00,0.00,1151.00,1151.00,1151.00,23985.35,1855.45,10450,0,0,0.00,0,F1,65,,,,,
2026-07-28,2026-07-28,FO,NSE,IDO,60904,,NIFTY,,2030-06-25,2030-06-25,24000.00,CE,NIFTY30JUN24000CE,0.00,0.00,0.00,8591.55,0.00,8591.55,23985.35,6328.70,0,0,0,0.00,0,F1,65,,,,,
2026-07-28,2026-07-28,FO,NSE,IDO,55704,,NIFTY,,2030-12-31,2030-12-31,22500.00,CE,NIFTY30DEC22500CE,0.00,0.00,0.00,9536.95,0.00,9536.95,23985.35,7776.95,0,0,0,0.00,0,F1,65,,,,,
2026-07-28,2026-07-28,FO,NSE,IDO,61176,,NIFTY,,2026-08-25,2026-08-25,21400.00,PE,NIFTY26AUG21400PE,10.00,10.00,7.00,7.50,8.05,9.45,23985.35,7.50,52130,195,196,272737318.75,98,F1,65,,,,,
2026-07-28,2026-07-28,FO,NSE,IDO,61172,,NIFTY,,2026-08-25,2026-08-25,21300.00,PE,NIFTY26AUG21300PE,9.00,9.15,6.85,7.00,6.90,8.80,23985.35,7.00,55120,3445,164,227138583.75,81,F1,65,,,,,
2026-07-28,2026-07-28,FO,NSE,IDO,45205,,NIFTY,,2026-08-18,2026-08-18,26050.00,PE,NIFTY2681826050PE,0.00,0.00,0.00,1895.70,0.00,1895.70,23985.35,1983.20,0,0,0,0.00,0,F1,65,,,,,
2026-07-28,2026-07-28,FO,NSE,IDO,45147,,NIFTY,,2026-08-18,2026-08-18,24950.00,PE,NIFTY2681824950PE,0.00,0.00,0.00,976.25,0.00,976.25,23985.35,977.70,0,0,0,0.00,0,F1,65,,,,,
2026-07-28,2026-07-28,FO,NSE,IDO,45075,,NIFTY,,2026-08-18,2026-08-18,23700.00,PE,NIFTY2681823700PE,134.50,150.00,120.15,129.05,122.10,137.70,23985.35,129.05,27625,1365,400,619649260.75,314,F1,65,,,,,
2026-07-28,2026-07-28,FO,NSE,IDO,45061,,NIFTY,,2026-08-18,2026-08-18,23450.00,PE,NIFTY2681823450PE,80.65,82.90,70.30,75.75,73.25,84.85,23985.35,75.75,5720,2015,81,123868108.00,58,F1,65,,,,,
2026-07-28,2026-07-28,FO,NSE,IDO,45016,,NIFTY,,2026-08-18,2026-08-18,22500.00,PE,NIFTY2681822500PE,15.35,16.35,11.70,11.95,12.00,15.35,23985.35,11.95,41210,7930,488,714103253.50,227,F1,65,,,,,
2026-07-28,2026-07-28,FO,NSE,IDO,45012,,NIFTY,,2026-08-18,2026-08-18,22450.00,PE,NIFTY2681822450PE,13.00,13.00,9.65,10.50,10.50,14.95,23985.35,10.50,6045,130,78,113877907.00,26,F1,65,,,,,
2026-07-28,2026-07-28,FO,NSE,IDO,44998,,NIFTY,,2026-08-18,2026-08-18,22200.00,PE,NIFTY2681822200PE,9.75,10.45,8.15,9.00,10.45,11.50,23985.35,9.00,7410,-2340,170,245414624.00,88,F1,65,,,,,
2026-07-28,2026-07-28,FO,NSE,IDO,41058,,NIFTY,,2026-08-11,2026-08-11,25500.00,PE,NIFTY2681125500PE,1402.60,1450.15,1402.55,1450.15,1450.15,1424.00,23985.35,1467.20,2795,585,9,15745414.75,8,F1,65,,,,,
2026-07-28,2026-07-28,FO,NSE,IDO,41030,,NIFTY,,2026-08-11,2026-08-11,24850.00,PE,NIFTY2681124850PE,0.00,0.00,0.00,681.20,0.00,681.20,23985.35,872.80,0,0,0,0.00,0,F1,65,,,,,
2026-07-28,2026-07-28,FO,NSE,IDO,41024,,NIFTY,,2026-08-11,2026-08-11,24700.00,PE,NIFTY2681124700PE,612.40,678.20,612.40,652.10,647.35,690.00,23985.35,652.10,1820,780,27,44492223.75,23,F1,65,,,,,
2026-07-28,2026-07-28,FO,NSE,IDO,41010,,NIFTY,,2026-08-11,2026-08-11,24450.00,PE,NIFTY2681124450PE,458.50,485.00,419.50,438.50,443.10,557.05,23985.35,438.50,1625,-260,27,43714248.50,27,F1,65,,,,,
2026-07-28,2026-07-28,FO,NSE,IDO,40996,,NIFTY,,2026-08-11,2026-08-11,24100.00,PE,NIFTY2681124100PE,256.00,297.10,216.35,232.50,223.40,248.25,23985.35,232.50,199030,92495,8085,12790809174.00,5888,F1,65,,,,,
2026-07-28,2026-07-28,FO,NSE,IDO,40922,,NIFTY,,2026-08-11,2026-08-11,22350.00,PE,NIFTY2681122350PE,6.35,6.35,5.00,5.10,5.10,8.50,23985.35,5.10,9945,-130,79,114795632.25,30,F1,65,,,,,
2026-07-28,2026-07-28,FO,NSE,IDO,40912,,NIFTY,,2026-08-11,2026-08-11,22100.00,PE,NIFTY2681122100PE,4.05,6.30,4.05,4.65,5.05,7.35,23985.35,4.65,8840,-2665,235,337652269.50,136,F1,65,,,,,
2026-07-28,2026-07-28,FO,NSE,IDO,40910,,NIFTY,,2026-08-11,2026-08-11,22050.00,PE,NIFTY2681122050PE,6.75,8.15,3.85,4.85,4.75,6.85,23985.35,4.85,6565,715,85,121855503.25,51,F1,65,,,,,
2026-07-28,2026-07-28,FO,NSE,IDO,66067,,NIFTY,,2026-08-04,2026-08-04,26200.00,PE,NIFTY2680426200PE,2160.00,2160.00,2120.00,2160.00,2160.00,2231.65,23985.35,2184.20,2080,2080,32,58977750.00,31,F1,65,,,,,
2026-07-28,2026-07-28,FO,NSE,IDO,65939,,NIFTY,,2026-08-04,2026-08-04,25400.00,PE,NIFTY2680425400PE,1340.00,1360.25,1338.85,1340.30,1341.75,1384.60,23985.35,1340.30,2275,1755,27,46957030.25,13,F1,65,,,,,
2026-07-28,2026-07-28,FO,NSE,IDO,65859,,NIFTY,,2026-08-04,2026-08-04,24450.00,PE,NIFTY2680424450PE,432.05,475.00,406.95,427.15,420.95,432.05,23985.35,427.15,20605,12805,812,1313265447.00,500,F1,65,,,,,
2026-07-28,2026-07-28,FO,NSE,IDO,64030,,NIFTY,,2026-07-28,2026-07-28,26100.00,PE,NIFTY26JUL26100PE,2227.90,2227.90,2082.00,2129.35,2117.10,2078.35,23985.35,23985.35,8515,-1300,90,165081660.25,48,F1,65,,,,,
2026-07-28,2026-07-28,FO,NSE,IDO,63978,,NIFTY,,2026-07-28,2026-07-28,24950.00,PE,NIFTY26JUL24950PE,943.70,979.15,916.15,975.40,966.50,927.20,23985.35,23985.35,12285,-455,95,159904351.75,51,F1,65,,,,,
2026-07-28,2026-07-28,FO,NSE,IDO,63964,,NIFTY,,2026-07-28,2026-07-28,24600.00,PE,NIFTY26JUL24600PE,630.60,650.80,564.05,628.60,626.35,574.05,23985.35,23985.35,171340,-24570,3343,5476997529.25,2024,F1,65,,,,,
2026-07-28,2026-07-28,FO,NSE,IDO,63960,,NIFTY,,2026-07-28,2026-07-28,24500.00,PE,NIFTY26JUL24500PE,500.05,555.00,462.60,527.25,516.00,475.75,23985.35,23985.35,897650,-579670,27642,44917598586.25,14540,F1,65,,,,,
2026-07-28,2026-07-28,FO,NSE,IDO,63912,,NIFTY,,2026-07-28,2026-07-28,23400.00,PE,NIFTY26JUL23400PE,1.20,1.65,0.05,0.10,0.05,2.75,23985.35,23985.35,5066620,-1775605,1091953,1660911051120.75,170967,F1,65,,,,,
2026-07-28,2026-07-28,FO,NSE,IDO,63894,,NIFTY,,2026-07-28,2026-07-28,22950.00,PE,NIFTY26JUL22950PE,1.10,1.10,0.05,0.05,0.05,1.55,23985.35,23985.35,986635,-247260,120749,180131173088.75,18990,F1,65,,,,,
2026-07-28,2026-07-28,FO,NSE,IDO,63872,,NIFTY,,2026-07-28,2026-07-28,22400.00,PE,NIFTY26JUL22400PE,0.70,0.80,0.05,0.05,0.05,1.05,23985.35,23985.35,558285,-636480,48383,70447103837.50,10854,F1,65,,,,,
2026-07-28,2026-07-28,FO,NSE,IDO,63858,,NIFTY,,2026-07-28,2026-07-28,22050.00,PE,NIFTY26JUL22050PE,0.70,0.95,0.05,0.10,0.05,0.90,23985.35,23985.35,74685,-15080,7796,11173813560.00,2119,F1,65,,,,,
2026-07-28,2026-07-28,FO,NSE,IDO,63832,,NIFTY,,2026-07-28,2026-07-28,21500.00,PE,NIFTY26JUL21500PE,0.70,0.75,0.05,0.05,0.05,0.70,23985.35,23985.35,821275,-630305,59942,83770004662.50,7082,F1,65,,,,,
2026-07-28,2026-07-28,FO,NSE,IDO,55758,,NIFTY,,2030-12-31,2030-12-31,27000.00,CE,NIFTY30DEC27000CE,0.00,0.00,0.00,6772.80,0.00,6772.80,23985.35,5382.50,0,0,0,0.00,0,F1,65,,,,,
2026-07-28,2026-07-28,FO,NSE,IDO,40938,,NIFTY,,2026-08-11,2026-08-11,22700.00,PE,NIFTY2681122700PE,11.00,11.00,6.95,7.40,7.30,11.25,23985.35,7.40,154180,49790,4120,6081237285.50,2298,F1,65,,,,,
2026-07-28,2026-07-28,FO,NSE,IDO,40920,,NIFTY,,2026-08-11,2026-08-11,22300.00,PE,NIFTY2681122300PE,7.95,7.95,4.50,4.85,5.10,8.00,23985.35,4.85,25805,-1885,363,526293205.75,219,F1,65,,,,,
2026-07-28,2026-07-28,FO,NSE,IDO,40918,,NIFTY,,2026-08-11,2026-08-11,22250.00,PE,NIFTY2681122250PE,6.05,6.75,4.50,4.50,4.50,7.70,23985.35,4.50,6110,-1950,66,95475740.75,35,F1,65,,,,,
2026-07-28,2026-07-28,FO,NSE,IDO,40890,,NIFTY,,2026-08-11,2026-08-11,21700.00,PE,NIFTY2681121700PE,4.05,4.45,3.50,4.00,3.90,5.85,23985.35,4.00,36660,9685,382,538911529.00,174,F1,65,,,,,
2026-07-28,2026-07-28,FO,NSE,IDO,66007,,NIFTY,,2026-08-04,2026-08-04,25750.00,PE,NIFTY2680425750PE,0.00,0.00,0.00,1822.00,0.00,1822.00,23985.35,1734.95,0,0,0,0.00,0,F1,65,,,,,
2026-07-28,2026-07-28,FO,NSE,IDO,65943,,NIFTY,,2026-08-04,2026-08-04,25500.00,PE,NIFTY2680425500PE,1450.00,1499.80,1427.95,1457.10,1444.00,1455.05,23985.35,1457.10,90220,51740,856,1500627027.25,484,F1,65,,,,,
2026-07-28,2026-07-28,FO,NSE,IDO,65809,,NIFTY,,2026-08-04,2026-08-04,24300.00,PE,NIFTY2680424300PE,324.00,351.70,283.00,310.85,298.95,314.35,23985.35,310.85,478075,148850,18399,29439410016.25,12013,F1,65,,,,,
2026-07-28,2026-07-28,FO,NSE,IDO,65807,,NIFTY,,2026-08-04,2026-08-04,24250.00,PE,NIFTY2680424250PE,300.05,314.20,247.10,273.35,260.05,279.80,23985.35,273.35,71305,27560,5682,9059145683.25,4230,F1,65,,,,,
2026-07-28,2026-07-28,FO,NSE,IDO,65696,,NIFTY,,2026-08-04,2026-08-04,24050.00,PE,NIFTY2680424050PE,179.80,186.55,134.50,155.50,148.00,163.40,23985.35,155.50,942240,637520,154117,242503906892.00,98074,F1,65,,,,,
2026-07-28,2026-07-28,FO,NSE,IDO,65685,,NIFTY,,2026-08-04,2026-08-04,23800.00,PE,NIFTY2680423800PE,86.70,86.75,52.75,61.30,56.05,72.20,23985.35,61.30,3295435,1397370,268425,416389174373.25,135893,F1,65,,,,,
2026-07-28,2026-07-28,FO,NSE,IDO,65673,,NIFTY,,2026-08-04,2026-08-04,23500.00,PE,NIFTY2680423500PE,20.00,27.80,16.10,17.80,17.10,25.80,23985.35,17.80,4146805,1993225,190498,291227504857.25,95205,F1,65,,,,,
2026-07-28,2026-07-28,FO,NSE,IDO,65532,,NIFTY,,2026-08-04,2026-08-04,23350.00,PE,NIFTY2680423350PE,13.15,16.90,3.90,10.45,10.05,16.30,23985.35,10.45,594360,164840,34506,52397830998.50,19281,F1,65,,,,,
2026-07-28,2026-07-28,FO,NSE,IDO,65351,,NIFTY,,2026-08-04,2026-08-04,21950.00,PE,NIFTY2680421950PE,3.00,3.00,1.55,1.80,1.65,3.25,23985.35,1.80,16315,2275,219,312486105.75,126,F1,65,,,,,
2026-07-28,2026-07-28,FO,NSE,IDO,64032,,NIFTY,,2026-07-28,2026-07-28,26150.00,PE,NIFTY26JUL26150PE,2150.00,2150.00,2150.00,2150.00,2150.00,2060.00,23985.35,23985.35,0,-65,1,1839500.00,1,F1,65,,,,,
2026-07-28,2026-07-28,FO,NSE,IDO,64022,,NIFTY,,2026-07-28,2026-07-28,25900.00,PE,NIFTY26JUL25900PE,2396.15,2396.15,1890.00,1932.00,1932.00,1889.00,23985.35,23985.35,2145,-260,29,52471500.25,12,F1,65,,,,,
2026-07-28,2026-07-28,FO,NSE,IDO,63986,,NIFTY,,2026-07-28,2026-07-28,25150.00,PE,NIFTY26JUL25150PE,1100.00,1135.00,1100.00,1133.00,1133.00,1131.35,23985.35,23985.35,1170,-715,16,27330550.00,6,F1,65,,,,,
2026-07-28,2026-07-28,FO,NSE,IDO,63976,,NIFTY,,2026-07-28,2026-07-28,24900.00,PE,NIFTY26JUL24900PE,904.70,945.00,870.80,927.05,911.85,871.80,23985.35,23985.35,49205,-4095,461,773146276.50,223,F1,65,,,,,
2026-07-28,2026-07-28,FO,NSE,IDO,63974,,NIFTY,,2026-07-28,2026-07-28,24850.00,PE,NIFTY26JUL24850PE,839.20,890.85,817.00,887.40,860.65,824.20,23985.35,23985.35,21125,2210,138,230614618.00,77,F1,65,,,,,
2026-07-28,2026-07-28,FO,NSE,IDO,63970,,NIFTY,,2026-07-28,2026-07-28,24750.00,PE,NIFTY26JUL24750PE,750.20,791.35,719.25,782.50,765.70,713.60,23985.35,23985.35,27560,1040,265,439512947.25,114,F1,65,,,,,
2026-07-28,2026-07-28,FO,NSE,IDO,63962,,NIFTY,,2026-07-28,2026-07-28,24550.00,PE,NIFTY26JUL24550PE,563.90,597.40,513.00,578.25,566.10,516.95,23985.35,23985.35,38935,-4485,1316,2147898974.00,852,F1,65,,,,,
2026-07-28,2026-07-28,FO,NSE,IDO,63841,,NIFTY,,2026-07-28,2026-07-28,21650.00,PE,NIFTY26JUL21650PE,0.60,0.90,0.05,0.10,0.05,0.70,23985.35,23985.35,63570,-26325,6532,9192311547.25,1440,F1,65,,,,,
2026-07-28,2026-07-28,FO,NSE,IDO,63839,,NIFTY,,2026-07-28,2026-07-28,21600.00,PE,NIFTY26JUL21600PE,0.65,0.70,0.05,0.10,0.05,0.70,23985.35,23985.35,150670,-87490,12530,17592382184.00,2681,F1,65,,,,,
2026-07-28,2026-07-28,FO,NSE,IDO,63824,,NIFTY,,2026-07-28,2026-07-28,21350.00,PE,NIFTY26JUL21350PE,0.50,0.65,0.05,0.10,0.05,0.60,23985.35,23985.35,115700,-52975,6536,9070431474.00,1589,F1,65,,,,,
2026-07-28,2026-07-28,FO,NSE,IDO,74657,,NIFTY,,2031-06-24,2031-06-24,30000.00,CE,NIFTY31JUN30000CE,0.00,0.00,0.00,4459.90,0.00,4459.90,23985.35,4642.65,0,0,0,0.00,0,F1,65,,,,,
2026-07-28,2026-07-28,FO,NSE,IDO,74641,,NIFTY,,2031-06-24,2031-06-24,18000.00,CE,NIFTY31JUN18000CE,0.00,0.00,0.00,10825.95,0.00,10825.95,23985.35,11115.30,0,0,0,0.00,0,F1,65,,,,,
2026-07-28,2026-07-28,FO,NSE,IDO,55756,,NIFTY,,2030-12-31,2030-12-31,25500.00,CE,NIFTY30DEC25500CE,0.00,0.00,0.00,7639.65,0.00,7639.65,23985.35,6115.80,0,0,0,0.00,0,F1,65,,,,,
2026-07-28,2026-07-28,FO,NSE,IDO,55700,,NIFTY,,2030-12-31,2030-12-31,19500.00,CE,NIFTY30DEC19500CE,0.00,0.00,0.00,11601.15,0.00,11601.15,23985.35,9672.95,0,0,0,0.00,0,F1,65,,,,,
2026-07-28,2026-07-28,FO,NSE,IDO,61659,,NIFTY,,2029-12-24,2029-12-24,21000.00,CE,NIFTY29DEC21000CE,0.00,0.00,0.00,9463.95,0.00,9463.95,23985.35,7607.50,0,0,0,0.00,0,F1,65,,,,,
2026-07-28,2026-07-28,FO,NSE,IDO,55562,,NIFTY,,2029-06-26,2029-06-26,25500.00,CE,NIFTY29JUN25500CE,0.00,0.00,0.00,5917.35,0.00,5917.35,23985.35,4306.50,0,0,0,0.00,0,F1,65,,,,,
2026-07-28,2026-07-28,FO,NSE,IDO,86163,,NIFTY,,2028-06-27,2028-06-27,27000.00,CE,NIFTY28JUN27000CE,0.00,0.00,0.00,2885.15,0.00,2885.15,23985.35,2311.50,0,0,0,0.00,0,F1,65,,,,,
2026-07-28,2026-07-28,FO,NSE,IDO,53613,,NIFTY,,2027-12-28,2027-12-28,21000.00,CE,NIFTY27DEC21000CE,0.00,0.00,0.00,4902.40,0.00,4902.40,23985.35,5141.90,0,0,0,0.00,0,F1,65,,,,,
2026-07-28,2026-07-28,FO,NSE,IDO,55372,,NIFTY,,2027-06-29,2027-06-29,19500.00,CE,NIFTY27JUN19500CE,0.00,0.00,0.00,8143.40,0.00,8143.40,23985.35,5705.50,0,0,0,0.00,0,F1,65,,,,,
2026-07-28,2026-07-28,FO,NSE,IDO,55368,,NIFTY,,2027-06-29,2027-06-29,16500.00,CE,NIFTY27JUN16500CE,0.00,0.00,0.00,10867.20,0.00,10867.20,23985.35,8464.10,0,0,0,0.00,0,F1,65,,,,,
2026-07-28,2026-07-28,FO,NSE,IDO,80307,,NIFTY,,2027-03-30,2027-03-30,30000.00,CE,NIFTY27MAR30000CE,45.40,47.45,44.00,44.55,44.20,48.25,23985.35,44.55,100620,16250,439,857332693.75,214,F1,65,,,,,
2026-07-28,2026-07-28,FO,NSE,IDO,80268,,NIFTY,,2027-03-30,2027-03-30,21000.00,CE,NIFTY27MAR21000CE,0.00,0.00,0.00,3217.45,0.00,3217.45,23985.35,4038.40,0,0,0,0.00,0,F1,65,,,,,
2026-07-28,2026-07-28,FO,NSE,IDO,55328,,NIFTY,,2026-12-29,2026-12-29,25500.00,CE,NIFTY26DEC25500CE,376.80,387.35,361.40,374.00,379.00,384.10,23985.35,374.00,502905,-1430,1546,2600482774.50,1038,F1,65,,,,,
2026-07-28,2026-07-28,FO,NSE,IDO,55324,,NIFTY,,2026-12-29,2026-12-29,19500.00,CE,NIFTY26DEC19500CE,0.00,0.00,0.00,7586.85,0.00,7586.85,23985.35,5035.35,0,0,0,0.00,0,F1,65,,,,,
2026-07-28,2026-07-28,FO,NSE,IDO,74432,,NIFTY,,2026-09-29,2026-09-29,25950.00,CE,NIFTY26SEP25950CE,0.00,0.00,0.00,251.80,0.00,251.80,23985.35,153.90,0,0,0,0.00,0,F1,65,,,,,
2026-07-28,2026-07-28,FO,NSE,IDO,74107,,NIFTY,,2026-09-29,2026-09-29,24300.00,CE,NIFTY26SEP24300CE,445.00,463.95,428.15,442.45,448.90,447.45,23985.35,442.45,94835,-195,509,818762126.00,360,F1,65,,,,,
2026-07-28,2026-07-28,FO,NSE,IDO,73906,,NIFTY,,2026-09-29,2026-09-29,23100.00,CE,NIFTY26SEP23100CE,0.00,0.00,0.00,1111.30,1113.60,1111.30,23985.35,1379.60,845,0,0,0.00,0,F1,65,,,,,
2026-07-28,2026-07-28,FO,NSE,IDO,73897,,NIFTY,,2026-09-29,2026-09-29,22850.00,CE,NIFTY26SEP22850CE,0.00,0.00,0.00,1453.00,1453.00,1453.00,23985.35,1570.45,390,0,0,0.00,0,F1,65,,,,,
2026-07-28,2026-07-28,FO,NSE,IDO,73859,,NIFTY,,2026-09-29,2026-09-29,21950.00,CE,NIFTY26SEP21950CE,0.00,0.00,0.00,2369.20,0.00,2369.20,23985.35,2338.70,0,0,0,0.00,0,F1,65,,,,,
2026-07-28,2026-07-28,FO,NSE,IDO,73805,,NIFTY,,2026-09-29,2026-09-29,21600.00,CE,NIFTY26SEP21600CE,0.00,0.00,0.00,2675.05,0.00,2675.05,23985.35,2662.10,0,0,0,0.00,0,F1,65,,,,,
2026-07-28,2026-07-28,FO,NSE,IDO,65893,,NIFTY,,2026-09-29,2026-09-29,21000.00,CE,NIFTY26SEP21000CE,3242.55,3242.55,3170.30,3189.65,3211.00,3198.65,23985.35,3189.65,489450,5330,107,168292351.50,91,F1,65,,,,,
2026-07-28,2026-07-28,FO,NSE,IDO,47047,,NIFTY,,2026-09-01,2026-09-01,25550.00,CE,NIFTY2690125550CE,57.50,57.50,19.70,19.70,19.70,160.75,23985.35,89.15,390,390,8,13302588.00,7,F1,65,,,,,
2026-07-28,2026-07-28,FO,NSE,IDO,47027,,NIFTY,,2026-09-01,2026-09-01,25050.00,CE,NIFTY2690125050CE,0.00,0.00,0.00,282.50,0.00,282.50,23985.35,177.25,0,0,0,0.00,0,F1,65,,,,,
2026-07-28,2026-07-28,FO,NSE,IDO,47015,,NIFTY,,2026-09-01,2026-09-01,24750.00,CE,NIFTY2690124750CE,0.00,0.00,0.00,383.80,0.00,383.80,23985.35,256.50,0,0,0,0.00,0,F1,65,,,,,
2026-07-28,2026-07-28,FO,NSE,IDO,47005,,NIFTY,,2026-09-01,2026-09-01,24500.00,CE,NIFTY2690124500CE,192.30,198.75,177.00,184.80,188.65,196.40,23985.35,184.80,5525,2730,97,155646666.50,61,F1,65,,,,,
2026-07-28,2026-07-28,FO,NSE,IDO,46975,,NIFTY,,2026-09-01,2026-09-01,23750.00,CE,NIFTY2690123750CE,0.00,0.00,0.00,899.60,0.00,899.60,23985.35,709.60,0,0,0,0.00,0,F1,65,,,,,
2026-07-28,2026-07-28,FO,NSE,IDO,46951,,NIFTY,,2026-09-01,2026-09-01,23150.00,CE,NIFTY2690123150CE,0.00,0.00,0.00,1338.05,0.00,1338.05,23985.35,1127.55,0,0,0,0.00,0,F1,65,,,,,
2026-07-28,2026-07-28,FO,NSE,IDO,46945,,NIFTY,,2026-09-01,2026-09-01,23000.00,CE,NIFTY2690123000CE,0.00,0.00,0.00,1050.00,1050.00,1050.00,23985.35,1246.75,650,0,0,0.00,0,F1,65,,,,,
2026-07-28,2026-07-28,FO,NSE,IDO,46933,,NIFTY,,2026-09-01,2026-09-01,22700.00,CE,NIFTY2690122700CE,0.00,0.00,0.00,1716.55,0.00,1716.55,23985.35,1499.45,0,0,0,0.00,0,F1,65,,,,,
2026-07-28,2026-07-28,FO,NSE,IDO,46921,,NIFTY,,2026-09-01,2026-09-01,22400.00,CE,NIFTY2690122400CE,0.00,0.00,0.00,1986.25,0.00,1986.25,23985.35,1767.65,0,0,0,0.00,0,F1,65,,,,,
2026-07-28,2026-07-28,FO,NSE,IDO,61977,,NIFTY,,2026-08-25,2026-08-25,25550.00,CE,NIFTY26AUG25550CE,0.00,0.00,0.00,362.90,0.00,362.90,23985.35,56.95,0,0,0,0.00,0,F1,65,,,,,
2026-07-28,2026-07-28,FO,NSE,IDO,61943,,NIFTY,,2026-08-25,2026-08-25,25300.00,CE,NIFTY26AUG25300CE,19.55,22.85,18.50,19.40,19.90,21.20,23985.35,19.40,422825,64025,5071,8345959115.00,3098,F1,65,,,,,
2026-07-28,2026-07-28,FO,NSE,IDO,61845,,NIFTY,,2026-08-25,2026-08-25,24800.00,CE,NIFTY26AUG24800CE,72.60,79.10,65.75,70.35,70.35,76.45,23985.35,70.35,834990,87750,11937,19298357065.00,8245,F1,65,,,,,
2026-07-28,2026-07-28,FO,NSE,IDO,61720,,NIFTY,,2026-08-25,2026-08-25,24400.00,CE,NIFTY26AUG24400CE,167.65,196.50,167.65,180.00,179.50,191.30,23985.35,180.00,650130,41990,6561,10483504937.75,4263,F1,65,,,,,
2026-07-28,2026-07-28,FO,NSE,IDO,61605,,NIFTY,,2026-08-25,2026-08-25,24050.00,CE,NIFTY26AUG24050CE,354.30,368.15,324.05,344.90,348.90,356.35,23985.35,344.90,66885,13520,1643,2605714260.50,1225,F1,65,,,,,
2026-07-28,2026-07-28,FO,NSE,IDO,61536,,NIFTY,,2026-08-25,2026-08-25,23850.00,CE,NIFTY26AUG23850CE,463.95,485.00,442.00,467.80,469.40,475.05,23985.35,467.80,24570,-390,271,428347110.75,233,F1,65,,,,,
2026-07-28,2026-07-28,FO,NSE,IDO,61519,,NIFTY,,2026-08-25,2026-08-25,23650.00,CE,NIFTY26AUG23650CE,612.60,631.05,578.55,612.80,616.15,612.30,23985.35,612.80,13065,-780,156,245941670.00,99,F1,65,,,,,
2026-07-28,2026-07-28,FO,NSE,IDO,61430,,NIFTY,,2026-08-25,2026-08-25,23050.00,CE,NIFTY26AUG23050CE,1055.75,1055.95,1055.75,1055.95,1055.95,1075.35,23985.35,1141.20,715,-260,4,6267534.00,3,F1,65,,,,,
2026-07-28,2026-07-28,FO,NSE,IDO,61342,,NIFTY,,2026-08-25,2026-08-25,21800.00,CE,NIFTY26AUG21800CE,0.00,0.00,0.00,2714.00,2714.00,2714.00,23985.35,2292.50,0,0,0,0.00,0,F1,65,,,,,
2026-07-28,2026-07-28,FO,NSE,IDO,61148,,NIFTY,,2026-08-25,2026-08-25,21200.00,CE,NIFTY26AUG21200CE,2850.00,2909.30,2845.75,2876.20,2895.00,2875.45,23985.35,2876.20,9425,3445,57,89181647.75,39,F1,65,,,,,
2026-07-28,2026-07-28,FO,NSE,IDO,45180,,NIFTY,,2026-08-18,2026-08-18,25600.00,CE,NIFTY2681825600CE,5.80,5.80,3.75,4.70,4.25,5.80,23985.35,4.70,19500,3055,139,231339780.75,84,F1,65,,,,,
2026-07-28,2026-07-28,FO,NSE,IDO,45140,,NIFTY,,2026-08-18,2026-08-18,24800.00,CE,NIFTY2681824800CE,41.10,47.40,39.20,41.40,42.95,48.10,23985.35,41.40,118560,23205,1712,2764524194.25,1010,F1,65,,,,,
2026-07-28,2026-07-28,FO,NSE,IDO,45110,,NIFTY,,2026-08-18,2026-08-18,24500.00,CE,NIFTY2681824500CE,100.00,111.15,92.95,100.55,100.00,112.05,23985.35,100.55,114465,36075,1999,3196613836.00,1323,F1,65,,,,,
2026-07-28,2026-07-28,FO,NSE,IDO,45037,,NIFTY,,2026-08-18,2026-08-18,22950.00,CE,NIFTY2681822950CE,0.00,0.00,0.00,1337.60,0.00,1337.60,23985.35,1170.20,0,0,0,0.00,0,F1,65,,,,,
2026-07-28,2026-07-28,FO,NSE,IDO,45025,,NIFTY,,2026-08-18,2026-08-18,22750.00,CE,NIFTY2681822750CE,0.00,0.00,0.00,1507.45,0.00,1507.45,23985.35,1349.10,0,0,0,0.00,0,F1,65,,,,,
2026-07-28,2026-07-28,FO,NSE,IDO,41093,,NIFTY,,2026-08-11,2026-08-11,26150.00,CE,NIFTY2681126150CE,1.55,2.10,1.25,1.25,1.25,1.50,23985.35,1.25,33085,6825,592,1006303866.75,340,F1,65,,,,,
2026-07-28,2026-07-28,FO,NSE,IDO,41071,,NIFTY,,2026-08-11,2026-08-11,25800.00,CE,NIFTY2681125800CE,1.65,1.95,1.35,1.55,1.35,1.90,23985.35,1.55,10205,1365,137,229763319.50,79,F1,65,,,,,
2026-07-28,2026-07-28,FO,NSE,IDO,41025,,NIFTY,,2026-08-11,2026-08-11,24750.00,CE,NIFTY2681124750CE,0.00,0.00,0.00,414.45,0.00,414.45,23985.35,82.70,0,0,0,0.00,0,F1,65,,,,,
2026-07-28,2026-07-28,FO,NSE,IDO,41007,,NIFTY,,2026-08-11,2026-08-11,24400.00,CE,NIFTY2681124400CE,96.60,96.65,74.45,80.45,85.00,93.05,23985.35,80.45,591045,152880,10630,16915239415.75,7426,F1,65,,,,,
2026-07-28,2026-07-28,FO,NSE,IDO,40991,,NIFTY,,2026-08-11,2026-08-11,24000.00,CE,NIFTY2681124000CE,280.00,280.00,230.00,247.85,252.40,265.05,23985.35,247.85,621075,248365,25055,39492890583.25,18108,F1,65,,,,,
2026-07-28,2026-07-28,FO,NSE,IDO,40965,,NIFTY,,2026-08-11,2026-08-11,23400.00,CE,NIFTY2681123400CE,705.00,718.80,656.80,715.05,715.05,711.75,23985.35,715.05,3705,455,20,31327075.00,17,F1,65,,,,,
2026-07-28,2026-07-28,FO,NSE,IDO,40947,,NIFTY,,2026-08-11,2026-08-11,22950.00,CE,NIFTY2681122950CE,0.00,0.00,0.00,1640.40,0.00,1640.40,23985.35,1116.20,0,0,0,0.00,0,F1,65,,,,,
2026-07-28,2026-07-28,FO,NSE,IDO,40933,,NIFTY,,2026-08-11,2026-08-11,22600.00,CE,NIFTY2681122600CE,0.00,0.00,0.00,1959.95,0.00,1959.95,23985.35,1446.80,0,0,0,0.00,0,F1,65,,,,,
2026-07-28,2026-07-28,FO,NSE,IDO,40921,,NIFTY,,2026-08-11,2026-08-11,22350.00,CE,NIFTY2681122350CE,0.00,0.00,0.00,2196.15,0.00,2196.15,23985.35,1690.85,0,0,0,0.00,0,F1,65,,,,,
2026-07-28,2026-07-28,FO,NSE,IDO,65940,,NIFTY,,2026-08-04,2026-08-04,25450.00,CE,NIFTY2680425450CE,1.20,1.25,0.95,1.00,0.95,1.20,23985.35,1.00,294645,101400,8714,14415746367.75,3138,F1,65,,,,,
2026-07-28,2026-07-28,FO,NSE,IDO,65934,,NIFTY,,2026-08-04,2026-08-04,25350.00,CE,NIFTY2680425350CE,1.40,1.40,1.00,1.10,1.05,1.40,23985.35,1.10,207350,95355,5613,9249258785.00,3271,F1,65,,,,,
2026-07-28,2026-07-28,FO,NSE,IDO,65896,,NIFTY,,2026-08-04,2026-08-04,24800.00,CE,NIFTY2680424800CE,3.60,6.10,3.45,3.95,3.95,6.80,23985.35,3.95,2696200,745160,84105,135600547140.50,26050,F1,65,,,,,
2026-07-28,2026-07-28,FO,NSE,IDO,65699,,NIFTY,,2026-08-04,2026-08-04,24150.00,CE,NIFTY2680424150CE,102.00,112.00,84.00,95.30,101.80,115.70,23985.35,95.30,874250,308035,92112,145171484529.50,54185,F1,65,,,,,
2026-07-28,2026-07-28,FO,NSE,IDO,65693,,NIFTY,,2026-08-04,2026-08-04,24000.00,CE,NIFTY2680424000CE,191.10,191.15,147.00,164.55,175.00,187.35,23985.35,164.55,6927245,3763760,617533,970036476740.50,326385,F1,65,,,,,
2026-07-28,2026-07-28,FO,NSE,IDO,65453,,NIFTY,,2026-08-04,2026-08-04,22950.00,CE,NIFTY2680422950CE,1085.20,1091.60,1085.20,1091.60,1091.60,945.15,23985.35,1067.40,130,0,2,3124992.00,2,F1,65,,,,,
2026-07-28,2026-07-28,FO,NSE,IDO,65441,,NIFTY,,2026-08-04,2026-08-04,22650.00,CE,NIFTY2680422650CE,0.00,0.00,0.00,1119.00,1119.00,1119.00,23985.35,1362.75,195,0,0,0.00,0,F1,65,,,,,
2026-07-28,2026-07-28,FO,NSE,IDO,65164,,NIFTY,,2026-08-04,2026-08-04,21700.00,CE,NIFTY2680421700CE,0.00,0.00,0.00,2300.90,0.00,2300.90,23985.35,2310.60,0,0,0,0.00,0,F1,65,,,,,
2026-07-28,2026-07-28,FO,NSE,IDO,64002,,NIFTY,,2026-07-28,2026-07-28,25500.00,CE,NIFTY26JUL25500CE,0.40,0.45,0.05,0.10,0.05,0.45,23985.35,23985.35,3410550,-1536080,224425,371988332553.50,34034,F1,65,,,,,
2026-07-28,2026-07-28,FO,NSE,IDO,63967,,NIFTY,,2026-07-28,2026-07-28,24700.00,CE,NIFTY26JUL24700CE,0.70,0.85,0.05,0.05,0.05,1.05,23985.35,23985.35,5542290,1146145,609744,978963256722.75,110525,F1,65,,,,,
2026-07-28,2026-07-28,FO,NSE,IDO,63961,,NIFTY,,2026-07-28,2026-07-28,24550.00,CE,NIFTY26JUL24550CE,0.95,1.05,0.05,0.10,0.05,1.60,23985.35,23985.35,1953315,-425100,845760,1349654108400.00,177475,F1,65,,,,,
2026-07-28,2026-07-28,FO,NSE,IDO,63939,,NIFTY,,2026-07-28,2026-07-28,24000.00,CE,NIFTY26JUL24000CE,64.00,80.00,0.05,0.85,0.05,76.05,23985.35,23985.35,31166200,18697185,40300828,62926763665434.50,10222465,F1,65,,,,,
2026-07-28,2026-07-28,FO,NSE,IDO,63937,,NIFTY,,2026-07-28,2026-07-28,23950.00,CE,NIFTY26JUL23950CE,94.00,109.60,8.05,19.60,35.30,108.00,23985.35,23985.35,9277060,5550220,14829028,23128689675308.75,5240370,F1,65,,,,,
2026-07-28,2026-07-28,FO,NSE,IDO,63927,,NIFTY,,2026-07-28,2026-07-28,23750.00,CE,NIFTY26JUL23750CE,269.00,291.80,194.85,221.50,234.75,284.60,23985.35,23985.35,289510,-133445,105368,164359364724.75,58887,F1,65,,,,,
2026-07-28,2026-07-28,FO,NSE,IDO,63907,,NIFTY,,2026-07-28,2026-07-28,23300.00,CE,NIFTY26JUL23300CE,711.80,742.30,649.50,673.00,684.00,736.30,23985.35,23985.35,65065,-8645,668,1041991262.00,473,F1,65,,,,,
2026-07-28,2026-07-28,FO,NSE,IDO,63889,,NIFTY,,2026-07-28,2026-07-28,22850.00,CE,NIFTY26JUL22850CE,1178.25,1178.25,1101.90,1116.00,1123.00,958.85,23985.35,23985.35,715,-195,6,9356668.75,5,F1,65,,,,,
2026-07-28,2026-07-28,FO,NSE,IDO,63877,,NIFTY,,2026-07-28,2026-07-28,22550.00,CE,NIFTY26JUL22550CE,1479.45,1479.45,1450.10,1450.10,1450.10,1639.65,23985.35,23985.35,325,65,2,3121920.75,2,F1,65,,,,,
2026-07-28,2026-07-28,FO,NSE,IDO,63867,,NIFTY,,2026-07-28,2026-07-28,22300.00,CE,NIFTY26JUL22300CE,1685.00,1690.00,1685.00,1690.00,1690.00,1497.25,23985.35,23985.35,195,-195,3,4677400.00,3,F1,65,,,,,
2026-07-28,2026-07-28,FO,NSE,IDO,63861,,NIFTY,,2026-07-28,2026-07-28,22150.00,CE,NIFTY26JUL22150CE,0.00,0.00,0.00,1902.90,1902.90,1902.90,23985.35,23985.35,1560,0,0,0.00,0,F1,65,,,,,
2026-07-28,2026-07-28,FO,NSE,IDO,63853,,NIFTY,,2026-07-28,2026-07-28,21950.00,CE,NIFTY26JUL21950CE,0.00,0.00,0.00,1875.90,1875.90,1875.90,23985.35,23985.35,455,0,0,0.00,0,F1,65,,,,,
2026-07-28,2026-07-28,FO,NSE,IDO,63831,,NIFTY,,2026-07-28,2026-07-28,21500.00,CE,NIFTY26JUL21500CE,2504.00,2549.20,2462.20,2476.65,2493.30,2529.20,23985.35,23985.35,139555,-14560,973,1519061612.25,654,F1,65,,,,,
2026-07-28,2026-07-28,FO,NSE,IDO,63829,,NIFTY,,2026-07-28,2026-07-28,21450.00,CE,NIFTY26JUL21450CE,0.00,0.00,0.00,2918.50,0.00,2918.50,23985.35,23985.35,0,0,0,0.00,0,F1,65,,,,,
2026-07-28,2026-07-28,FO,NSE,IDO,63825,,NIFTY,,2026-07-28,2026-07-28,21400.00,CE,NIFTY26JUL21400CE,0.00,0.00,0.00,2963.90,0.00,2963.90,23985.35,23985.35,0,0,0,0.00,0,F1,65,,,,,
2026-07-28,2026-07-28,FO,NSE,IDO,41044,,NIFTY,,2026-08-11,2026-08-11,25150.00,PE,NIFTY2681125150PE,0.00,0.00,0.00,884.05,884.05,884.05,23985.35,1137.65,65,0,0,0.00,0,F1,65,,,,,
2026-07-28,2026-07-28,FO,NSE,IDO,41062,,NIFTY,,2026-08-11,2026-08-11,25600.00,PE,NIFTY2681125600PE,0.00,0.00,0.00,1208.35,0.00,1208.35,23985.35,1563.85,0,0,0,0.00,0,F1,65,,,,,
2026-07-28,2026-07-28,FO,NSE,IDO,41070,,NIFTY,,2026-08-11,2026-08-11,25750.00,PE,NIFTY2681125750PE,0.00,0.00,0.00,1329.60,0.00,1329.60,23985.35,1710.20,0,0,0,0.00,0,F1,65,,,,,
2026-07-28,2026-07-28,FO,NSE,IDO,41074,,NIFTY,,2026-08-11,2026-08-11,25850.00,PE,NIFTY2681125850PE,0.00,0.00,0.00,1412.80,0.00,1412.80,23985.35,1808.45,0,0,0,0.00,0,F1,65,,,,,
2026-07-28,2026-07-28,FO,NSE,IDO,41094,,NIFTY,,2026-08-11,2026-08-11,26150.00,PE,NIFTY2681126150PE,0.00,0.00,0.00,1672.30,0.00,1672.30,23985.35,2105.25,0,0,0,0.00,0,F1,65,,,,,
2026-07-28,2026-07-28,FO,NSE,IDO,44984,,NIFTY,,2026-08-18,2026-08-18,22000.00,PE,NIFTY2681822000PE,9.45,9.45,6.35,8.05,8.10,9.85,23985.35,8.05,18850,18785,385,550746829.75,171,F1,65,,,,,
2026-07-28,2026-07-28,FO,NSE,IDO,45038,,NIFTY,,2026-08-18,2026-08-18,22950.00,PE,NIFTY2681822950PE,30.10,32.30,24.40,26.05,24.40,32.90,23985.35,26.05,9620,3380,130,194163115.25,68,F1,65,,,,,
2026-07-28,2026-07-28,FO,NSE,IDO,45044,,NIFTY,,2026-08-18,2026-08-18,23050.00,PE,NIFTY2681823050PE,37.25,39.70,30.35,32.05,30.35,38.95,23985.35,32.05,6240,1105,137,205558002.00,80,F1,65,,,,,
2026-07-28,2026-07-28,FO,NSE,IDO,45105,,NIFTY,,2026-08-18,2026-08-18,24350.00,PE,NIFTY2681824350PE,414.05,440.00,397.85,440.00,440.00,378.70,23985.35,542.95,2210,195,18,28976356.50,16,F1,65,,,,,
2026-07-28,2026-07-28,FO,NSE,IDO,45141,,NIFTY,,2026-08-18,2026-08-18,24800.00,PE,NIFTY2681824800PE,0.00,0.00,0.00,668.95,668.95,668.95,23985.35,858.25,130,0,0,0.00,0,F1,65,,,,,
2026-07-28,2026-07-28,FO,NSE,IDO,45165,,NIFTY,,2026-08-18,2026-08-18,25350.00,PE,NIFTY2681825350PE,0.00,0.00,0.00,1285.35,0.00,1285.35,23985.35,1322.60,0,0,0,0.00,0,F1,65,,,,,
2026-07-28,2026-07-28,FO,NSE,IDO,45169,,NIFTY,,2026-08-18,2026-08-18,25450.00,PE,NIFTY2681825450PE,0.00,0.00,0.00,1367.80,0.00,1367.80,23985.35,1413.55,0,0,0,0.00,0,F1,65,,,,,
2026-07-28,2026-07-28,FO,NSE,IDO,45199,,NIFTY,,2026-08-18,2026-08-18,25950.00,PE,NIFTY2681825950PE,0.00,0.00,0.00,1804.45,0.00,1804.45,23985.35,1886.20,0,0,0,0.00,0,F1,65,,,,,
2026-07-28,2026-07-28,FO,NSE,IDO,61153,,NIFTY,,2026-08-25,2026-08-25,21200.00,PE,NIFTY26AUG21200PE,7.25,8.95,6.50,6.95,6.85,8.45,23985.35,6.95,575120,42055,3188,4394546136.50,1680,F1,65,,,,,
2026-07-28,2026-07-28,FO,NSE,IDO,61174,,NIFTY,,2026-08-25,2026-08-25,21350.00,PE,NIFTY26AUG21350PE,8.90,9.00,6.50,8.60,7.95,8.90,23985.35,8.60,2340,-1040,36,49979101.25,8,F1,65,,,,,
2026-07-28,2026-07-28,FO,NSE,IDO,61357,,NIFTY,,2026-08-25,2026-08-25,22100.00,PE,NIFTY26AUG22100PE,15.85,15.85,11.85,12.50,12.40,15.55,23985.35,12.50,46345,3120,748,1075146257.25,332,F1,65,,,,,
2026-07-28,2026-07-28,FO,NSE,IDO,61367,,NIFTY,,2026-08-25,2026-08-25,22200.00,PE,NIFTY26AUG22200PE,17.15,17.15,13.25,13.90,14.50,17.15,23985.35,13.90,169000,5330,2729,3940538273.75,1498,F1,65,,,,,
2026-07-28,2026-07-28,FO,NSE,IDO,61408,,NIFTY,,2026-08-25,2026-08-25,22650.00,PE,NIFTY26AUG22650PE,28.95,31.00,24.30,25.95,24.70,30.35,23985.35,25.95,25480,3770,392,577813041.00,199,F1,65,,,,,
2026-07-28,2026-07-28,FO,NSE,IDO,61719,,NIFTY,,2026-08-25,2026-08-25,24350.00,PE,NIFTY26AUG24350PE,460.00,480.00,419.00,439.45,429.55,452.90,23985.35,439.45,19630,-520,154,248211122.25,116,F1,65,,,,,
2026-07-28,2026-07-28,FO,NSE,IDO,61898,,NIFTY,,2026-08-25,2026-08-25,25000.00,PE,NIFTY26AUG25000PE,1049.90,1049.90,896.55,928.75,914.00,935.50,23985.35,928.75,2012010,205205,15236,25668306885.00,7662,F1,65,,,,,
2026-07-28,2026-07-28,FO,NSE,IDO,61930,,NIFTY,,2026-08-25,2026-08-25,25200.00,PE,NIFTY26AUG25200PE,1100.00,1144.35,1068.15,1108.15,1090.00,1115.45,23985.35,1108.15,45630,7865,201,343783319.75,128,F1,65,,,,,
2026-07-28,2026-07-28,FO,NSE,IDO,61954,,NIFTY,,2026-08-25,2026-08-25,25350.00,PE,NIFTY26AUG25350PE,0.00,0.00,0.00,1244.40,1230.00,1244.40,23985.35,1326.90,1040,0,0,0.00,0,F1,65,,,,,
2026-07-28,2026-07-28,FO,NSE,IDO,46906,,NIFTY,,2026-09-01,2026-09-01,22000.00,PE,NIFTY2690122000PE,17.00,17.00,15.00,15.00,15.00,19.15,23985.35,15.00,4095,3965,75,107324993.75,27,F1,65,,,,,
2026-07-28,2026-07-28,FO,NSE,IDO,46982,,NIFTY,,2026-09-01,2026-09-01,23900.00,PE,NIFTY2690123900PE,266.85,267.00,260.20,267.00,267.00,305.10,23985.35,385.20,260,0,4,6282526.25,4,F1,65,,,,,
2026-07-28,2026-07-28,FO,NSE,IDO,47026,,NIFTY,,2026-09-01,2026-09-01,25000.00,PE,NIFTY2690125000PE,0.00,0.00,0.00,936.10,0.00,936.10,23985.35,1046.30,0,0,0,0.00,0,F1,65,,,,,
2026-07-28,2026-07-28,FO,NSE,IDO,73900,,NIFTY,,2026-09-29,2026-09-29,22900.00,PE,NIFTY26SEP22900PE,106.65,116.00,101.95,104.95,102.35,113.80,23985.35,104.95,86450,13910,517,773141570.50,290,F1,65,,,,,
2026-07-28,2026-07-28,FO,NSE,IDO,65899,,NIFTY,,2026-09-29,2026-09-29,23000.00,PE,NIFTY26SEP23000PE,132.65,133.25,116.60,120.45,116.70,126.35,23985.35,120.45,2057920,26795,5332,8013838085.50,2925,F1,65,,,,,
2026-07-28,2026-07-28,FO,NSE,IDO,74004,,NIFTY,,2026-09-29,2026-09-29,23600.00,PE,NIFTY26SEP23600PE,245.00,256.90,229.30,237.20,229.30,243.60,23985.35,237.20,56875,-16965,638,988784413.50,476,F1,65,,,,,
2026-07-28,2026-07-28,FO,NSE,IDO,74006,,NIFTY,,2026-09-29,2026-09-29,23650.00,PE,NIFTY26SEP23650PE,255.00,266.50,238.50,248.20,244.05,269.00,23985.35,248.20,8710,910,60,93216766.50,43,F1,65,,,,,
2026-07-28,2026-07-28,FO,NSE,IDO,74240,,NIFTY,,2026-09-29,2026-09-29,24450.00,PE,NIFTY26SEP24450PE,590.00,590.00,590.00,590.00,590.00,614.95,23985.35,766.70,8450,-65,2,3255200.00,2,F1,65,,,,,
2026-07-28,2026-07-28,FO,NSE,IDO,74358,,NIFTY,,2026-09-29,2026-09-29,24800.00,PE,NIFTY26SEP24800PE,785.00,805.90,760.00,760.00,760.00,785.05,23985.35,760.00,46280,260,14,23277296.25,10,F1,65,,,,,
2026-07-28,2026-07-28,FO,NSE,IDO,74423,,NIFTY,,2026-09-29,2026-09-29,25850.00,PE,NIFTY26SEP25850PE,0.00,0.00,0.00,1859.75,0.00,1859.75,23985.35,1741.20,0,0,0,0.00,0,F1,65,,,,,
2026-07-28,2026-07-28,FO,NSE,IDO,74466,,NIFTY,,2026-09-29,2026-09-29,26200.00,PE,NIFTY26SEP26200PE,0.00,0.00,0.00,1500.00,1500.00,1500.00,23985.35,2035.60,195,0,0,0.00,0,F1,65,,,,,
2026-07-28,2026-07-28,FO,NSE,IDO,58639,,NIFTY,,2026-12-29,2026-12-29,17000.00,PE,NIFTY26DEC17000PE,24.00,24.50,23.05,23.65,23.50,24.35,23985.35,23.65,188900,390,84,92949233.00,40,F1,65,,,,,
2026-07-28,2026-07-28,FO,NSE,IDO,55327,,NIFTY,,2026-12-29,2026-12-29,22500.00,PE,NIFTY26DEC22500PE,194.35,194.35,181.70,187.35,183.85,192.50,23985.35,187.35,578695,37830,1705,2514326005.75,1166,F1,65,,,,,
2026-07-28,2026-07-28,FO,NSE,IDO,50979,,NIFTY,,2026-12-29,2026-12-29,27000.00,PE,NIFTY26DEC27000PE,2369.80,2384.25,2319.95,2346.85,2342.95,2340.55,23985.35,2346.85,874540,-705,80,152587197.75,65,F1,65,,,,,
2026-07-28,2026-07-28,FO,NSE,IDO,38159,,NIFTY,,2026-12-29,2026-12-29,29000.00,PE,NIFTY26DEC29000PE,4200.00,4200.00,4187.60,4187.60,4187.60,4193.60,23985.35,4187.60,223095,0,3,6472388.00,3,F1,65,,,,,
2026-07-28,2026-07-28,FO,NSE,IDO,80189,,NIFTY,,2027-03-30,2027-03-30,15000.00,PE,NIFTY27MAR15000PE,0.00,0.00,0.00,17.05,17.05,17.05,23985.35,0.10,520,0,0,0.00,0,F1,65,,,,,
2026-07-28,2026-07-28,FO,NSE,IDO,55379,,NIFTY,,2027-06-29,2027-06-29,28500.00,PE,NIFTY27JUN28500PE,0.00,0.00,0.00,1807.05,0.00,1807.05,23985.35,3420.10,0,0,0,0.00,0,F1,65,,,,,
2026-07-28,2026-07-28,FO,NSE,IDO,35263,,NIFTY,,2027-06-29,2027-06-29,30000.00,PE,NIFTY27JUN30000PE,0.00,0.00,0.00,4000.05,4000.05,4000.05,23985.35,4582.20,65,0,0,0.00,0,F1,65,,,,,
2026-07-28,2026-07-28,FO,NSE,IDO,53619,,NIFTY,,2027-12-28,2027-12-28,23000.00,PE,NIFTY27DEC23000PE,592.95,595.00,575.00,581.15,580.00,581.05,23985.35,581.15,45010,380,41,62853839.75,28,F1,65,,,,,
2026-07-28,2026-07-28,FO,NSE,IDO,55469,,NIFTY,,2028-06-27,2028-06-27,16500.00,PE,NIFTY28JUN16500PE,0.00,0.00,0.00,3.80,0.00,3.80,23985.35,23.90,0,0,0,0.00,0,F1,65,,,,,
2026-07-28,2026-07-28,FO,NSE,IDO,67775,,NIFTY,,2028-12-26,2028-12-26,20000.00,PE,NIFTY28DEC20000PE,0.00,0.00,0.00,375.00,375.00,375.00,23985.35,234.10,2380,0,0,0.00,0,F1,65,,,,,
2026-07-28,2026-07-28,FO,NSE,IDO,55651,,NIFTY,,2030-06-25,2030-06-25,31500.00,PE,NIFTY30JUN31500PE,0.00,0.00,0.00,2056.30,0.00,2056.30,23985.35,3347.25,0,0,0,0.00,0,F1,65,,,,,
2026-07-28,2026-07-28,FO,NSE,IDO,74646,,NIFTY,,2031-06-24,2031-06-24,21000.00,PE,NIFTY31JUN21000PE,0.00,0.00,0.00,450.50,0.00,450.50,23985.35,368.95,0,0,0,0.00,0,F1,65,,,,,
2026-07-28,2026-07-28,FO,NSE,IDO,40972,,NIFTY,,2026-08-11,2026-08-11,23550.00,PE,NIFTY2681123550PE,66.90,73.00,55.15,57.95,56.20,68.65,23985.35,57.95,46865,21840,1900,2916038927.75,1232,F1,65,,,,,
2026-07-28,2026-07-28,FO,NSE,IDO,40946,,NIFTY,,2026-08-11,2026-08-11,22900.00,PE,NIFTY2681122900PE,15.85,16.15,9.50,10.50,9.65,15.60,23985.35,10.50,116675,-15535,5521,8222206612.75,3037,F1,65,,,,,
2026-07-28,2026-07-28,FO,NSE,IDO,50981,,NIFTY,,2027-06-29,2027-06-29,27000.00,CE,NIFTY27JUN27000CE,0.00,0.00,0.00,1932.50,0.00,1932.50,23985.35,973.90,0,0,0,0.00,0,F1,65,,,,,
2026-07-28,2026-07-28,FO,NSE,IDO,64029,,NIFTY,,2026-07-28,2026-07-28,26100.00,CE,NIFTY26JUL26100CE,0.20,0.50,0.05,0.05,0.05,0.35,23985.35,23985.35,232245,27365,18429,31265125251.75,7463,F1,65,,,,,
2026-07-28,2026-07-28,FO,NSE,IDO,63993,,NIFTY,,2026-07-28,2026-07-28,25300.00,CE,NIFTY26JUL25300CE,0.40,0.45,0.05,0.05,0.05,0.40,23985.35,23985.35,3068000,-992940,240308,395190904524.00,31579,F1,65,,,,,
2026-07-28,2026-07-28,FO,NSE,IDO,63945,,NIFTY,,2026-07-28,2026-07-28,24150.00,CE,NIFTY26JUL24150CE,10.00,11.50,0.05,0.15,0.05,20.40,23985.35,23985.35,5204875,-398190,6458519,10139606556550.25,1102284,F1,65,,,,,
2026-07-28,2026-07-28,FO,NSE,IDO,63943,,NIFTY,,2026-07-28,2026-07-28,24100.00,CE,NIFTY26JUL24100CE,11.90,22.30,0.05,0.20,0.05,32.95,23985.35,23985.35,10908625,486005,15245129,23887694952416.75,2713633,F1,65,,,,,
2026-07-28,2026-07-28,FO,NSE,IDO,63911,,NIFTY,,2026-07-28,2026-07-28,23400.00,CE,NIFTY26JUL23400CE,594.25,640.90,548.10,578.10,583.85,632.50,23985.35,23985.35,69160,-20085,1608,2508430951.00,1034,F1,65,,,,,
2026-07-28,2026-07-28,FO,NSE,IDO,63847,,NIFTY,,2026-07-28,2026-07-28,21800.00,CE,NIFTY26JUL21800CE,2187.60,2187.60,2187.60,2187.60,2187.60,2135.00,23985.35,23985.35,130,65,1,1559194.00,1,F1,65,,,,,
2026-07-28,2026-07-28,FO,NSE,IDO,61778,,NIFTY,,2026-08-25,2026-08-25,24650.00,CE,NIFTY26AUG24650CE,98.35,113.20,95.95,101.65,103.25,108.95,23985.35,101.65,77610,15535,1070,1721572687.25,767,F1,65,,,,,
2026-07-28,2026-07-28,FO,NSE,IDO,61921,,NIFTY,,2026-08-25,2026-08-25,25150.00,CE,NIFTY26AUG25150CE,32.70,33.65,27.30,28.50,28.85,31.45,23985.35,28.50,80860,6045,1090,1784017696.50,755,F1,65,,,,,
2026-07-28,2026-07-28,FO,NSE,IDO,46909,,NIFTY,,2026-09-01,2026-09-01,22100.00,CE,NIFTY2690122100CE,0.00,0.00,0.00,2265.95,0.00,2265.95,23985.35,2047.20,0,0,0,0.00,0,F1,65,,,,,
2026-07-28,2026-07-28,FO,NSE,IDO,46911,,NIFTY,,2026-09-01,2026-09-01,22150.00,CE,NIFTY2690122150CE,0.00,0.00,0.00,2218.80,0.00,2218.80,23985.35,2000.00,0,0,0,0.00,0,F1,65,,,,,
2026-07-28,2026-07-28,FO,NSE,IDO,46989,,NIFTY,,2026-09-01,2026-09-01,24100.00,CE,NIFTY2690124100CE,350.00,379.15,350.00,364.80,373.55,372.60,23985.35,364.80,11050,-3445,207,329189744.00,139,F1,65,,,,,
2026-07-28,2026-07-28,FO,NSE,IDO,73873,,NIFTY,,2026-09-29,2026-09-29,22200.00,CE,NIFTY26SEP22200CE,0.00,0.00,0.00,2158.90,0.00,2158.90,23985.35,2114.75,0,0,0,0.00,0,F1,65,,,,,
2026-07-28,2026-07-28,FO,NSE,IDO,73895,,NIFTY,,2026-09-29,2026-09-29,22800.00,CE,NIFTY26SEP22800CE,0.00,0.00,0.00,1370.50,1370.50,1370.50,23985.35,1610.00,455,0,0,0.00,0,F1,65,,,,,
2026-07-28,2026-07-28,FO,NSE,IDO,73903,,NIFTY,,2026-09-29,2026-09-29,23000.00,CE,NIFTY26SEP23000CE,1353.00,1380.75,1316.10,1329.95,1358.35,1353.00,23985.35,1329.95,116610,13455,359,567828560.00,291,F1,65,,,,,
2026-07-28,2026-07-28,FO,NSE,IDO,74007,,NIFTY,,2026-09-29,2026-09-29,23700.00,CE,NIFTY26SEP23700CE,822.00,827.45,790.05,821.15,827.45,811.35,23985.35,821.15,18655,-1040,26,41423365.75,25,F1,65,,,,,
2026-07-28,2026-07-28,FO,NSE,IDO,74372,,NIFTY,,2026-09-29,2026-09-29,25200.00,CE,NIFTY26SEP25200CE,0.00,0.00,0.00,437.00,0.00,437.00,23985.35,313.70,0,0,0,0.00,0,F1,65,,,,,
2026-07-28,2026-07-28,FO,NSE,IDO,74407,,NIFTY,,2026-09-29,2026-09-29,25600.00,CE,NIFTY26SEP25600CE,0.00,0.00,0.00,329.10,0.00,329.10,23985.35,217.35,0,0,0,0.00,0,F1,65,,,,,
2026-07-28,2026-07-28,FO,NSE,IDO,74465,,NIFTY,,2026-09-29,2026-09-29,26200.00,CE,NIFTY26SEP26200CE,0.00,0.00,0.00,206.55,0.00,206.55,23985.35,118.65,0,0,0,0.00,0,F1,65,,,,,
2026-07-28,2026-07-28,FO,NSE,IDO,58648,,NIFTY,,2026-12-29,2026-12-29,22000.00,CE,NIFTY26DEC22000CE,2714.65,2714.65,2636.95,2649.95,2670.00,2667.70,23985.35,2649.95,195975,5135,260,416876729.75,175,F1,65,,,,,
2026-07-28,2026-07-28,FO,NSE,IDO,50978,,NIFTY,,2026-12-29,2026-12-29,27000.00,CE,NIFTY26DEC27000CE,100.05,102.10,93.60,94.90,95.40,101.75,23985.35,94.90,2165570,1960,2769,4877026212.50,1788,F1,65,,,,,
2026-07-28,2026-07-28,FO,NSE,IDO,55330,,NIFTY,,2026-12-29,2026-12-29,28500.00,CE,NIFTY26DEC28500CE,31.55,39.30,28.00,29.55,31.40,32.50,23985.35,29.55,93665,1755,199,369042196.25,111,F1,65,,,,,
2026-07-28,2026-07-28,FO,NSE,IDO,38158,,NIFTY,,2026-12-29,2026-12-29,29000.00,CE,NIFTY26DEC29000CE,22.05,22.10,20.50,20.85,20.50,22.20,23985.35,20.85,473785,975,282,531962863.25,185,F1,65,,,,,
2026-07-28,2026-07-28,FO,NSE,IDO,42136,,NIFTY,,2026-12-29,2026-12-29,31000.00,CE,NIFTY26DEC31000CE,14.50,15.00,13.75,14.20,14.00,14.35,23985.35,14.20,161285,195,161,324566544.25,67,F1,65,,,,,
2026-07-28,2026-07-28,FO,NSE,IDO,80276,,NIFTY,,2027-03-30,2027-03-30,27000.00,CE,NIFTY27MAR27000CE,254.20,260.00,242.25,254.45,256.00,260.65,23985.35,254.45,243555,7735,504,892817207.75,354,F1,65,,,,,
2026-07-28,2026-07-28,FO,NSE,IDO,80311,,NIFTY,,2027-03-30,2027-03-30,31500.00,CE,NIFTY27MAR31500CE,0.00,0.00,0.00,94.65,0.00,94.65,23985.35,74.60,0,0,0,0.00,0,F1,65,,,,,
2026-07-28,2026-07-28,FO,NSE,IDO,55418,,NIFTY,,2027-12-28,2027-12-28,16500.00,CE,NIFTY27DEC16500CE,0.00,0.00,0.00,11316.40,0.00,11316.40,23985.35,8977.20,0,0,0,0.00,0,F1,65,,,,,
2026-07-28,2026-07-28,FO,NSE,IDO,61390,,NIFTY,,2029-12-24,2029-12-24,18000.00,CE,NIFTY29DEC18000CE,0.00,0.00,0.00,11362.40,0.00,11362.40,23985.35,9740.10,0,0,0,0.00,0,F1,65,,,,,
2026-07-28,2026-07-28,FO,NSE,IDO,60898,,NIFTY,,2030-06-25,2030-06-25,21000.00,CE,NIFTY30JUN21000CE,0.00,0.00,0.00,10421.65,0.00,10421.65,23985.35,8155.80,0,0,0,0.00,0,F1,65,,,,,
2026-07-28,2026-07-28,FO,NSE,IDO,55764,,NIFTY,,2030-12-31,2030-12-31,31500.00,CE,NIFTY30DEC31500CE,0.00,0.00,0.00,4554.55,0.00,4554.55,23985.35,3577.30,0,0,0,0.00,0,F1,65,,,,,
2026-07-28,2026-07-28,FO,NSE,IDO,74645,,NIFTY,,2031-06-24,2031-06-24,21000.00,CE,NIFTY31JUN21000CE,0.00,0.00,0.00,8900.75,0.00,8900.75,23985.35,9181.45,0,0,0,0.00,0,F1,65,,,,,
2026-07-28,2026-07-28,FO,NSE,IDO,63812,,NIFTY,,2026-07-28,2026-07-28,21100.00,PE,NIFTY26JUL21100PE,0.55,0.55,0.05,0.10,0.05,0.60,23985.35,23985.35,1287195,-1032460,82777,113529632771.75,11638,F1,65,,,,,
2026-07-28,2026-07-28,FO,NSE,IDO,63830,,NIFTY,,2026-07-28,2026-07-28,21450.00,PE,NIFTY26JUL21450PE,0.60,0.90,0.05,0.10,0.05,0.65,23985.35,23985.35,27625,-8840,1831,2552906024.50,688,F1,65,,,,,
2026-07-28,2026-07-28,FO,NSE,IDO,63942,,NIFTY,,2026-07-28,2026-07-28,24050.00,PE,NIFTY26JUL24050PE,65.55,107.10,36.40,78.50,64.30,74.65,23985.35,23985.35,4020315,1123590,10701584,16771763906290.25,4726686,F1,65,,,,,
2026-07-28,2026-07-28,FO,NSE,IDO,63952,,NIFTY,,2026-07-28,2026-07-28,24300.00,PE,NIFTY26JUL24300PE,277.05,355.75,262.70,326.00,314.65,277.05,23985.35,23985.35,597220,-361465,101541,162360209739.00,50230,F1,65,,,,,
2026-07-28,2026-07-28,FO,NSE,IDO,63994,,NIFTY,,2026-07-28,2026-07-28,25300.00,PE,NIFTY26JUL25300PE,1275.00,1336.20,1274.50,1321.00,1316.85,1280.50,23985.35,23985.35,12285,-3510,213,368431794.25,116,F1,65,,,,,
2026-07-28,2026-07-28,FO,NSE,IDO,64011,,NIFTY,,2026-07-28,2026-07-28,25700.00,PE,NIFTY26JUL25700PE,1700.00,1730.75,1670.00,1710.00,1710.00,1679.75,23985.35,23985.35,10075,-780,62,110406650.25,37,F1,65,,,,,
2026-07-28,2026-07-28,FO,NSE,IDO,64026,,NIFTY,,2026-07-28,2026-07-28,26000.00,PE,NIFTY26JUL26000PE,2000.05,2055.00,1966.15,2030.75,2020.20,1985.70,23985.35,23985.35,1123460,-55835,6042,10999206760.75,4438,F1,65,,,,,
2026-07-28,2026-07-28,FO,NSE,IDO,65448,,NIFTY,,2026-08-04,2026-08-04,22800.00,PE,NIFTY2680422800PE,6.65,6.65,3.25,3.65,3.40,6.60,23985.35,3.65,1632865,472030,93703,138894144031.50,23275,F1,65,,,,,
2026-07-28,2026-07-28,FO,NSE,IDO,65452,,NIFTY,,2026-08-04,2026-08-04,22900.00,PE,NIFTY2680422900PE,7.75,7.75,3.85,4.20,4.00,7.60,23985.35,4.20,1528410,471510,59408,88447690750.25,21896,F1,65,,,,,
2026-07-28,2026-07-28,FO,NSE,IDO,65872,,NIFTY,,2026-08-04,2026-08-04,24600.00,PE,NIFTY2680424600PE,594.45,613.00,539.00,581.40,562.70,559.75,23985.35,581.40,127855,87880,2718,4448106988.00,1676,F1,65,,,,,
2026-07-28,2026-07-28,FO,NSE,IDO,65917,,NIFTY,,2026-08-04,2026-08-04,25000.00,PE,NIFTY2680425000PE,975.70,1005.00,926.25,968.25,945.60,950.20,23985.35,968.25,349505,178230,3107,5244241327.00,2505,F1,65,,,,,
2026-07-28,2026-07-28,FO,NSE,IDO,65919,,NIFTY,,2026-08-04,2026-08-04,25050.00,PE,NIFTY2680425050PE,0.00,0.00,0.00,1085.00,1085.00,1085.00,23985.35,1043.30,520,0,0,0.00,0,F1,65,,,,,
2026-07-28,2026-07-28,FO,NSE,IDO,65931,,NIFTY,,2026-08-04,2026-08-04,25250.00,PE,NIFTY2680425250PE,0.00,0.00,0.00,1396.40,0.00,1396.40,23985.35,1238.40,0,0,0,0.00,0,F1,65,,,,,
2026-07-28,2026-07-28,FO,NSE,IDO,40880,,NIFTY,,2026-08-11,2026-08-11,21600.00,PE,NIFTY2681121600PE,4.75,5.10,3.35,3.80,3.80,4.95,23985.35,3.80,278330,189800,4713,6618226332.25,1357,F1,65,,,,,
2026-07-28,2026-07-28,FO,NSE,IDO,40927,,NIFTY,,2026-08-11,2026-08-11,22450.00,PE,NIFTY2681122450PE,6.25,7.60,5.25,5.40,5.25,8.35,23985.35,5.40,9295,455,39,56926548.25,16,F1,65,,,,,
2026-07-28,2026-07-28,FO,NSE,IDO,40942,,NIFTY,,2026-08-11,2026-08-11,22800.00,PE,NIFTY2681122800PE,12.20,12.20,8.25,9.10,8.85,13.00,23985.35,9.10,170365,40105,4452,6600729590.00,2284,F1,65,,,,,
2026-07-28,2026-07-28,FO,NSE,IDO,40998,,NIFTY,,2026-08-11,2026-08-11,24150.00,PE,NIFTY2681124150PE,270.60,291.55,243.70,263.70,251.55,270.00,23985.35,263.70,12025,195,445,706227587.00,330,F1,65,,,,,
2026-07-28,2026-07-28,FO,NSE,IDO,41006,,NIFTY,,2026-08-11,2026-08-11,24350.00,PE,NIFTY2681124350PE,388.00,420.00,353.65,375.70,370.85,401.40,23985.35,375.70,5655,-2145,153,245997563.50,120,F1,65,,,,,
2026-07-28,2026-07-28,FO,NSE,IDO,41038,,NIFTY,,2026-08-11,2026-08-11,25000.00,PE,NIFTY2681125000PE,945.00,967.55,921.30,956.55,933.75,954.05,23985.35,956.55,13455,8905,165,278274750.00,125,F1,65,,,,,
2026-07-28,2026-07-28,FO,NSE,IDO,41050,,NIFTY,,2026-08-11,2026-08-11,25300.00,PE,NIFTY2681125300PE,1267.00,1267.00,1267.00,1267.00,1267.00,1299.00,23985.35,1276.85,1560,0,1,1726855.00,1,F1,65,,,,,
2026-07-28,2026-07-28,FO,NSE,IDO,45010,,NIFTY,,2026-08-18,2026-08-18,22400.00,PE,NIFTY2681822400PE,11.45,11.50,10.15,10.60,10.20,14.25,23985.35,10.60,5460,-325,26,37874785.00,20,F1,65,,,,,
2026-07-28,2026-07-28,FO,NSE,IDO,45053,,NIFTY,,2026-08-18,2026-08-18,23250.00,PE,NIFTY2681823250PE,54.15,59.70,45.10,48.90,46.00,56.70,23985.35,48.90,5525,-1430,139,210523397.50,96,F1,65,,,,,
2026-07-28,2026-07-28,FO,NSE,IDO,45059,,NIFTY,,2026-08-18,2026-08-18,23400.00,PE,NIFTY2681823400PE,75.15,79.00,62.80,66.50,63.50,76.90,23985.35,66.50,19630,6630,409,623915438.25,258,F1,65,,,,,
2026-07-28,2026-07-28,FO,NSE,IDO,45083,,NIFTY,,2026-08-18,2026-08-18,23900.00,PE,NIFTY2681823900PE,198.50,214.20,178.15,192.00,179.05,199.50,23985.35,192.00,44655,25090,996,1559655578.00,798,F1,65,,,,,
2026-07-28,2026-07-28,FO,NSE,IDO,45099,,NIFTY,,2026-08-18,2026-08-18,24200.00,PE,NIFTY2681824200PE,321.00,357.45,305.55,315.75,307.85,334.00,23985.35,315.75,21125,13650,453,722018472.50,319,F1,65,,,,,
2026-07-28,2026-07-28,FO,NSE,IDO,45115,,NIFTY,,2026-08-18,2026-08-18,24550.00,PE,NIFTY2681824550PE,0.00,0.00,0.00,632.60,632.60,632.60,23985.35,674.30,65,0,0,0.00,0,F1,65,,,,,
2026-07-28,2026-07-28,FO,NSE,IDO,45167,,NIFTY,,2026-08-18,2026-08-18,25400.00,PE,NIFTY2681825400PE,0.00,0.00,0.00,1326.35,0.00,1326.35,23985.35,1367.85,0,0,0,0.00,0,F1,65,,,,,
2026-07-28,2026-07-28,FO,NSE,IDO,45191,,NIFTY,,2026-08-18,2026-08-18,25750.00,PE,NIFTY2681825750PE,0.00,0.00,0.00,1625.45,0.00,1625.45,23985.35,1694.20,0,0,0,0.00,0,F1,65,,,,,
2026-07-28,2026-07-28,FO,NSE,IDO,45195,,NIFTY,,2026-08-18,2026-08-18,25850.00,PE,NIFTY2681825850PE,0.00,0.00,0.00,1714.30,0.00,1714.30,23985.35,1789.85,0,0,0,0.00,0,F1,65,,,,,
2026-07-28,2026-07-28,FO,NSE,IDO,45197,,NIFTY,,2026-08-18,2026-08-18,25900.00,PE,NIFTY2681825900PE,0.00,0.00,0.00,1759.20,0.00,1759.20,23985.35,1837.95,0,0,0,0.00,0,F1,65,,,,,
2026-07-28,2026-07-28,FO,NSE,IDO,45207,,NIFTY,,2026-08-18,2026-08-18,26100.00,PE,NIFTY2681826100PE,0.00,0.00,0.00,1941.75,0.00,1941.75,23985.35,2031.95,0,0,0,0.00,0,F1,65,,,,,
2026-07-28,2026-07-28,FO,NSE,IDO,61400,,NIFTY,,2026-08-25,2026-08-25,22550.00,PE,NIFTY26AUG22550PE,25.85,25.85,21.40,22.25,21.40,26.55,23985.35,22.25,36790,-1495,339,497395817.75,188,F1,65,,,,,
2026-07-28,2026-07-28,FO,NSE,IDO,61402,,NIFTY,,2026-08-25,2026-08-25,22600.00,PE,NIFTY26AUG22600PE,28.50,28.50,22.40,23.50,22.85,27.75,23985.35,23.50,194220,21255,4556,6700028608.00,2571,F1,65,,,,,
2026-07-28,2026-07-28,FO,NSE,IDO,61467,,NIFTY,,2026-08-25,2026-08-25,23350.00,PE,NIFTY26AUG23350PE,115.15,115.15,83.95,89.95,86.00,96.10,23985.35,89.95,49465,5070,547,833432616.25,425,F1,65,,,,,
2026-07-28,2026-07-28,FO,NSE,IDO,61518,,NIFTY,,2026-08-25,2026-08-25,23600.00,PE,NIFTY26AUG23600PE,156.90,157.05,128.15,138.60,133.35,145.95,23985.35,138.60,580060,-1690,6818,10521677796.50,4437,F1,65,,,,,
2026-07-28,2026-07-28,FO,NSE,IDO,61703,,NIFTY,,2026-08-25,2026-08-25,24300.00,PE,NIFTY26AUG24300PE,436.35,451.90,388.75,413.05,402.00,426.80,23985.35,413.05,821340,-1235,3071,4933568094.00,2132,F1,65,,,,,
2026-07-28,2026-07-28,FO,NSE,IDO,61976,,NIFTY,,2026-08-25,2026-08-25,25500.00,PE,NIFTY26AUG25500PE,1445.45,1447.20,1355.00,1397.25,1378.05,1398.30,23985.35,1397.25,1530035,135850,5274,9216571819.00,3175,F1,65,,,,,
2026-07-28,2026-07-28,FO,NSE,IDO,62039,,NIFTY,,2026-08-25,2026-08-25,26000.00,PE,NIFTY26AUG26000PE,1899.00,1931.90,1840.00,1880.00,1866.00,1882.65,23985.35,1880.00,2311790,268190,6063,10986347931.00,5384,F1,65,,,,,
2026-07-28,2026-07-28,FO,NSE,IDO,62044,,NIFTY,,2026-08-25,2026-08-25,26050.00,PE,NIFTY26AUG26050PE,0.00,0.00,0.00,1910.00,1910.00,1910.00,23985.35,1966.10,260,0,0,0.00,0,F1,65,,,,,
2026-07-28,2026-07-28,FO,NSE,IDO,46922,,NIFTY,,2026-09-01,2026-09-01,22400.00,PE,NIFTY2690122400PE,27.00,27.00,27.00,27.00,27.00,42.65,23985.35,40.55,65,65,1,1457755.00,1,F1,65,,,,,
2026-07-28,2026-07-28,FO,NSE,IDO,46928,,NIFTY,,2026-09-01,2026-09-01,22550.00,PE,NIFTY2690122550PE,0.00,0.00,0.00,65.55,65.55,65.55,23985.35,53.85,130,0,0,0.00,0,F1,65,,,,,
2026-07-28,2026-07-28,FO,NSE,IDO,46930,,NIFTY,,2026-09-01,2026-09-01,22600.00,PE,NIFTY2690122600PE,32.50,37.20,31.05,31.85,31.85,37.45,23985.35,31.85,5590,1040,27,39721233.50,18,F1,65,,,,,
2026-07-28,2026-07-28,FO,NSE,IDO,46946,,NIFTY,,2026-09-01,2026-09-01,23000.00,PE,NIFTY2690123000PE,71.90,72.80,59.95,61.80,62.00,70.40,23985.35,61.80,11960,7865,213,319317056.50,110,F1,65,,,,,
2026-07-28,2026-07-28,FO,NSE,IDO,46954,,NIFTY,,2026-09-01,2026-09-01,23200.00,PE,NIFTY2690123200PE,89.60,102.80,80.65,87.90,87.30,106.05,23985.35,87.90,1820,1755,98,148352373.00,44,F1,65,,,,,
2026-07-28,2026-07-28,FO,NSE,IDO,46992,,NIFTY,,2026-09-01,2026-09-01,24150.00,PE,NIFTY2690124150PE,0.00,0.00,0.00,453.70,0.00,453.70,23985.35,502.95,0,0,0,0.00,0,F1,65,,,,,
2026-07-28,2026-07-28,FO,NSE,IDO,47000,,NIFTY,,2026-09-01,2026-09-01,24350.00,PE,NIFTY2690124350PE,0.00,0.00,0.00,549.10,0.00,549.10,23985.35,611.40,0,0,0,0.00,0,F1,65,,,,,
2026-07-28,2026-07-28,FO,NSE,IDO,47006,,NIFTY,,2026-09-01,2026-09-01,24500.00,PE,NIFTY2690124500PE,531.50,566.00,525.00,540.00,540.00,688.00,23985.35,700.80,260,-585,24,39068961.75,16,F1,65,,,,,
2026-07-28,2026-07-28,FO,NSE,IDO,47058,,NIFTY,,2026-09-01,2026-09-01,25800.00,PE,NIFTY2690125800PE,0.00,0.00,0.00,1550.85,0.00,1550.85,23985.35,1712.50,0,0,0,0.00,0,F1,65,,,,,
2026-07-28,2026-07-28,FO,NSE,IDO,73882,,NIFTY,,2026-09-29,2026-09-29,22400.00,PE,NIFTY26SEP22400PE,61.85,67.05,57.40,58.85,57.70,63.50,23985.35,58.85,91130,-1690,439,640925041.25,259,F1,65,,,,,
2026-07-28,2026-07-28,FO,NSE,IDO,73905,,NIFTY,,2026-09-29,2026-09-29,23050.00,PE,NIFTY26SEP23050PE,132.20,135.05,123.40,126.90,123.55,132.20,23985.35,126.90,18980,1560,65,97926413.00,53,F1,65,,,,,
2026-07-28,2026-07-28,FO,NSE,IDO,74360,,NIFTY,,2026-09-29,2026-09-29,24850.00,PE,NIFTY26SEP24850PE,0.00,0.00,0.00,880.00,880.00,880.00,23985.35,1005.35,5785,0,0,0.00,0,F1,65,,,,,
2026-07-28,2026-07-28,FO,NSE,IDO,74367,,NIFTY,,2026-09-29,2026-09-29,25050.00,PE,NIFTY26SEP25050PE,0.00,0.00,0.00,1007.80,1007.80,1007.80,23985.35,1137.60,130,0,0,0.00,0,F1,65,,,,,
2026-07-28,2026-07-28,FO,NSE,IDO,74387,,NIFTY,,2026-09-29,2026-09-29,25300.00,PE,NIFTY26SEP25300PE,1155.00,1155.00,1145.00,1145.00,1145.00,1032.90,23985.35,1314.10,260,65,2,3438500.00,2,F1,65,,,,,
2026-07-28,2026-07-28,FO,NSE,IDO,74406,,NIFTY,,2026-09-29,2026-09-29,25550.00,PE,NIFTY26SEP25550PE,0.00,0.00,0.00,1632.65,0.00,1632.65,23985.35,1502.30,0,0,0,0.00,0,F1,65,,,,,
2026-07-28,2026-07-28,FO,NSE,IDO,65905,,NIFTY,,2026-09-29,2026-09-29,26000.00,PE,NIFTY26SEP26000PE,1735.00,1783.60,1720.05,1750.40,1744.10,1758.10,23985.35,1750.40,635425,7815,436,786621134.00,384,F1,65,,,,,
2026-07-28,2026-07-28,FO,NSE,IDO,74439,,NIFTY,,2026-09-29,2026-09-29,26050.00,PE,NIFTY26SEP26050PE,0.00,0.00,0.00,2017.50,0.00,2017.50,23985.35,1907.55,0,0,0,0.00,0,F1,65,,,,,
2026-07-28,2026-07-28,FO,NSE,IDO,55293,,NIFTY,,2026-09-29,2026-09-29,34500.00,PE,NIFTY26SEP34500PE,0.00,0.00,0.00,7064.95,0.00,7064.95,23985.35,10122.70,0,0,0,0.00,0,F1,65,,,,,
2026-07-28,2026-07-28,FO,NSE,IDO,71554,,NIFTY,,2027-06-29,2027-06-29,21000.00,PE,NIFTY27JUN21000PE,0.00,0.00,0.00,218.00,218.00,218.00,23985.35,194.85,4535,0,0,0.00,0,F1,65,,,,,
2026-07-28,2026-07-28,FO,NSE,IDO,55377,,NIFTY,,2027-06-29,2027-06-29,25500.00,PE,NIFTY27JUN25500PE,0.00,0.00,0.00,667.15,0.00,667.15,23985.35,1541.75,0,0,0,0.00,0,F1,65,,,,,
2026-07-28,2026-07-28,FO,NSE,IDO,53602,,NIFTY,,2027-12-28,2027-12-28,17000.00,PE,NIFTY27DEC17000PE,0.00,0.00,0.00,95.00,95.00,95.00,23985.35,19.20,17685,0,0,0.00,0,F1,65,,,,,
2026-07-28,2026-07-28,FO,NSE,IDO,53615,,NIFTY,,2027-12-28,2027-12-28,21000.00,PE,NIFTY27DEC21000PE,0.00,0.00,0.00,303.55,300.00,303.55,23985.35,273.45,14090,0,0,0.00,0,F1,65,,,,,
2026-07-28,2026-07-28,FO,NSE,IDO,86152,,NIFTY,,2028-06-27,2028-06-27,24000.00,PE,NIFTY28JUN24000PE,0.00,0.00,0.00,1692.75,0.00,1692.75,23985.35,961.70,0,0,0,0.00,0,F1,65,,,,,
2026-07-28,2026-07-28,FO,NSE,IDO,55523,,NIFTY,,2028-12-26,2028-12-26,25500.00,PE,NIFTY28DEC25500PE,0.00,0.00,0.00,648.20,0.00,648.20,23985.35,1409.95,0,0,0,0.00,0,F1,65,,,,,
2026-07-28,2026-07-28,FO,NSE,IDO,55565,,NIFTY,,2029-06-26,2029-06-26,28500.00,PE,NIFTY29JUN28500PE,0.00,0.00,0.00,1349.10,0.00,1349.10,23985.35,2466.05,0,0,0,0.00,0,F1,65,,,,,
2026-07-28,2026-07-28,FO,NSE,IDO,55603,,NIFTY,,2029-12-24,2029-12-24,22500.00,PE,NIFTY29DEC22500PE,0.00,0.00,0.00,225.70,0.00,225.70,23985.35,601.50,0,0,0,0.00,0,F1,65,,,,,
2026-07-28,2026-07-28,FO,NSE,IDO,61795,,NIFTY,,2029-12-24,2029-12-24,27000.00,PE,NIFTY29DEC27000PE,0.00,0.00,0.00,1177.90,0.00,1177.90,23985.35,1745.50,0,0,0,0.00,0,F1,65,,,,,
2026-07-28,2026-07-28,FO,NSE,IDO,55607,,NIFTY,,2029-12-24,2029-12-24,28500.00,PE,NIFTY29DEC28500PE,0.00,0.00,0.00,1255.90,0.00,1255.90,23985.35,2294.50,0,0,0,0.00,0,F1,65,,,,,
2026-07-28,2026-07-28,FO,NSE,IDO,74654,,NIFTY,,2031-06-24,2031-06-24,27000.00,PE,NIFTY31JUN27000PE,0.00,0.00,0.00,1653.15,0.00,1653.15,23985.35,1443.45,0,0,0,0.00,0,F1,65,,,,,
2026-07-28,2026-07-28,FO,NSE,IDO,61685,,NIFTY,,2026-08-25,2026-08-25,24300.00,CE,NIFTY26AUG24300CE,210.00,239.95,207.00,221.40,219.20,231.25,23985.35,221.40,1201200,55900,9902,15783918731.75,6762,F1,65,,,,,
2026-07-28,2026-07-28,FO,NSE,IDO,61671,,NIFTY,,2026-08-25,2026-08-25,24250.00,CE,NIFTY26AUG24250CE,244.85,261.20,228.75,244.95,245.50,253.60,23985.35,244.95,72800,-1560,888,1413856674.75,658,F1,65,,,,,
2026-07-28,2026-07-28,FO,NSE,IDO,61517,,NIFTY,,2026-08-25,2026-08-25,23600.00,CE,NIFTY26AUG23600CE,653.60,671.15,608.00,645.25,649.05,647.10,23985.35,645.25,242710,-5785,1247,1964964953.25,831,F1,65,,,,,
2026-07-28,2026-07-28,FO,NSE,IDO,61468,,NIFTY,,2026-08-25,2026-08-25,23400.00,CE,NIFTY26AUG23400CE,788.85,830.90,764.00,795.40,807.05,803.55,23985.35,795.40,20670,-1560,339,533170358.50,241,F1,65,,,,,
2026-07-28,2026-07-28,FO,NSE,IDO,61445,,NIFTY,,2026-08-25,2026-08-25,23200.00,CE,NIFTY26AUG23200CE,967.60,990.00,936.15,973.85,975.40,977.30,23985.35,973.85,36660,1235,120,188530078.75,91,F1,65,,,,,
2026-07-28,2026-07-28,FO,NSE,IDO,65879,,NIFTY,,2026-08-04,2026-08-04,24650.00,CE,NIFTY2680424650CE,14.05,14.05,6.80,7.55,7.90,12.20,23985.35,7.55,713180,52845,56833,91089724037.00,27091,F1,65,,,,,
2026-07-28,2026-07-28,FO,NSE,IDO,65686,,NIFTY,,2026-08-04,2026-08-04,23850.00,CE,NIFTY2680423850CE,261.90,287.75,234.70,260.55,264.50,283.90,23985.35,260.55,166465,21255,18501,28995993598.00,12387,F1,65,,,,,
2026-07-28,2026-07-28,FO,NSE,IDO,65682,,NIFTY,,2026-08-04,2026-08-04,23750.00,CE,NIFTY2680423750CE,337.95,365.05,304.45,334.70,345.05,357.35,23985.35,334.70,106210,29770,5395,8445657252.50,3692,F1,65,,,,,
2026-07-28,2026-07-28,FO,NSE,IDO,65531,,NIFTY,,2026-08-04,2026-08-04,23350.00,CE,NIFTY2680423350CE,704.30,715.00,677.00,704.65,711.35,691.70,23985.35,704.65,1365,390,19,29703979.50,19,F1,65,,,,,
2026-07-28,2026-07-28,FO,NSE,IDO,65521,,NIFTY,,2026-08-04,2026-08-04,23100.00,CE,NIFTY2680423100CE,936.00,961.00,910.15,942.60,955.00,967.40,23985.35,942.60,3445,455,94,146905775.25,78,F1,65,,,,,
2026-07-28,2026-07-28,FO,NSE,IDO,65415,,NIFTY,,2026-08-04,2026-08-04,22150.00,CE,NIFTY2680422150CE,0.00,0.00,0.00,1883.40,0.00,1883.40,23985.35,1861.15,0,0,0,0.00,0,F1,65,,,,,
2026-07-28,2026-07-28,FO,NSE,IDO,65411,,NIFTY,,2026-08-04,2026-08-04,22050.00,CE,NIFTY2680422050CE,0.00,0.00,0.00,1974.35,0.00,1974.35,23985.35,1961.05,0,0,0,0.00,0,F1,65,,,,,
2026-07-28,2026-07-28,FO,NSE,IDO,64017,,NIFTY,,2026-07-28,2026-07-28,25850.00,CE,NIFTY26JUL25850CE,0.40,0.45,0.05,0.10,0.05,0.40,23985.35,23985.35,66885,-21580,4562,7665377791.50,1344,F1,65,,,,,
2026-07-28,2026-07-28,FO,NSE,IDO,64008,,NIFTY,,2026-07-28,2026-07-28,25650.00,CE,NIFTY26JUL25650CE,0.40,0.50,0.05,0.10,0.05,0.45,23985.35,23985.35,150800,-59475,15988,26656295633.50,2820,F1,65,,,,,
2026-07-28,2026-07-28,FO,NSE,IDO,63979,,NIFTY,,2026-07-28,2026-07-28,25000.00,CE,NIFTY26JUL25000CE,0.50,0.65,0.05,0.10,0.05,0.80,23985.35,23985.35,8796970,-3058315,851315,1383408273136.50,115060,F1,65,,,,,
2026-07-28,2026-07-28,FO,NSE,IDO,63875,,NIFTY,,2026-07-28,2026-07-28,22500.00,CE,NIFTY26JUL22500CE,1528.15,1540.00,1453.45,1464.50,1488.65,1529.50,23985.35,23985.35,136045,-10465,494,770657524.00,355,F1,65,,,,,
2026-07-28,2026-07-28,FO,NSE,IDO,63865,,NIFTY,,2026-07-28,2026-07-28,22250.00,CE,NIFTY26JUL22250CE,0.00,0.00,0.00,1733.55,1733.55,1733.55,23985.35,23985.35,260,0,0,0.00,0,F1,65,,,,,
2026-07-28,2026-07-28,FO,NSE,IDO,63844,,NIFTY,,2026-07-28,2026-07-28,21750.00,CE,NIFTY26JUL21750CE,0.00,0.00,0.00,2437.60,2437.60,2437.60,23985.35,23985.35,0,0,0,0.00,0,F1,65,,,,,
2026-07-28,2026-07-28,FO,NSE,IDF,58072,,NIFTY,,2026-08-25,2026-08-25,,,NIFTY26AUGFUT,24100.00,24150.00,24050.00,24098.80,24120.10,24101.80,23985.35,24098.80,13571415,3374280,81000,126927526011.00,39734,F1,65,,,,,
2026-07-28,2026-07-28,FO,NSE,IDO,74664,,NIFTY,,2031-06-24,2031-06-24,31500.00,PE,NIFTY31JUN31500PE,0.00,0.00,0.00,3185.85,0.00,3185.85,23985.35,2865.75,0,0,0,0.00,0,F1,65,,,,,
2026-07-28,2026-07-28,FO,NSE,IDO,55757,,NIFTY,,2030-12-31,2030-12-31,25500.00,PE,NIFTY30DEC25500PE,0.00,0.00,0.00,538.25,0.00,538.25,23985.35,1148.80,0,0,0,0.00,0,F1,65,,,,,
2026-07-28,2026-07-28,FO,NSE,IDO,60905,,NIFTY,,2030-06-25,2030-06-25,24000.00,PE,NIFTY30JUN24000PE,0.00,0.00,0.00,698.15,0.00,698.15,23985.35,867.15,0,0,0,0.00,0,F1,65,,,,,
2026-07-28,2026-07-28,FO,NSE,IDO,61779,,NIFTY,,2029-12-24,2029-12-24,26000.00,PE,NIFTY29DEC26000PE,0.00,0.00,0.00,2150.00,2150.00,2150.00,23985.35,1426.05,3665,0,0,0.00,0,F1,65,,,,,
2026-07-28,2026-07-28,FO,NSE,IDO,61747,,NIFTY,,2029-12-24,2029-12-24,23000.00,PE,NIFTY29DEC23000PE,0.00,0.00,0.00,865.00,865.00,865.00,23985.35,692.55,1560,0,0,0.00,0,F1,65,,,,,
2026-07-28,2026-07-28,FO,NSE,IDO,61391,,NIFTY,,2029-12-24,2029-12-24,18000.00,PE,NIFTY29DEC18000PE,0.00,0.00,0.00,96.50,0.00,96.50,23985.35,116.50,0,0,0,0.00,0,F1,65,,,,,
2026-07-28,2026-07-28,FO,NSE,IDO,55517,,NIFTY,,2028-12-26,2028-12-26,16500.00,PE,NIFTY28DEC16500PE,0.00,0.00,0.00,5.90,0.00,5.90,23985.35,35.60,0,0,0,0.00,0,F1,65,,,,,
2026-07-28,2026-07-28,FO,NSE,IDO,35353,,NIFTY,,2028-06-27,2028-06-27,30000.00,PE,NIFTY28JUN30000PE,0.00,0.00,0.00,3779.25,0.00,3779.25,23985.35,3747.15,0,0,0,0.00,0,F1,65,,,,,
2026-07-28,2026-07-28,FO,NSE,IDO,55471,,NIFTY,,2028-06-27,2028-06-27,19500.00,PE,NIFTY28JUN19500PE,0.00,0.00,0.00,40.05,0.00,40.05,23985.35,158.75,0,0,0,0.00,0,F1,65,,,,,
2026-07-28,2026-07-28,FO,NSE,IDO,55431,,NIFTY,,2027-12-28,2027-12-28,31500.00,PE,NIFTY27DEC31500PE,0.00,0.00,0.00,3240.00,0.00,3240.00,23985.35,5221.50,0,0,0,0.00,0,F1,65,,,,,
2026-07-28,2026-07-28,FO,NSE,IDO,55429,,NIFTY,,2027-12-28,2027-12-28,28500.00,PE,NIFTY27DEC28500PE,0.00,0.00,0.00,2979.70,2979.70,2979.70,23985.35,3116.70,260,0,0,0.00,0,F1,65,,,,,
2026-07-28,2026-07-28,FO,NSE,IDO,71502,,NIFTY,,2026-12-29,2026-12-29,24000.00,PE,NIFTY26DEC24000PE,517.20,521.45,490.05,502.10,497.00,511.30,23985.35,502.10,2057875,18285,3095,4929941620.50,1854,F1,65,,,,,
2026-07-28,2026-07-28,FO,NSE,IDO,58637,,NIFTY,,2026-12-29,2026-12-29,16000.00,PE,NIFTY26DEC16000PE,18.60,19.00,18.60,18.80,18.60,19.15,23985.35,18.80,125120,260,22,22906975.00,9,F1,65,,,,,
2026-07-28,2026-07-28,FO,NSE,IDO,58635,,NIFTY,,2026-12-29,2026-12-29,15000.00,PE,NIFTY26DEC15000PE,15.15,17.25,15.15,17.05,16.80,15.15,23985.35,17.05,116400,65,27,26352716.00,10,F1,65,,,,,
2026-07-28,2026-07-28,FO,NSE,IDO,74427,,NIFTY,,2026-09-29,2026-09-29,25900.00,PE,NIFTY26SEP25900PE,0.00,0.00,0.00,1898.75,0.00,1898.75,23985.35,1782.30,0,0,0,0.00,0,F1,65,,,,,
2026-07-28,2026-07-28,FO,NSE,IDO,74385,,NIFTY,,2026-09-29,2026-09-29,25250.00,PE,NIFTY26SEP25250PE,0.00,0.00,0.00,1100.00,1100.00,1100.00,23985.35,1277.85,390,0,0,0.00,0,F1,65,,,,,
2026-07-28,2026-07-28,FO,NSE,IDO,74362,,NIFTY,,2026-09-29,2026-09-29,24900.00,PE,NIFTY26SEP24900PE,0.00,0.00,0.00,835.80,836.00,835.80,23985.35,1037.65,6110,0,0,0.00,0,F1,65,,,,,
2026-07-28,2026-07-28,FO,NSE,IDO,74067,,NIFTY,,2026-09-29,2026-09-29,24150.00,PE,NIFTY26SEP24150PE,432.65,441.20,417.75,427.70,417.75,433.65,23985.35,427.70,9035,2275,49,78288044.25,22,F1,65,,,,,
2026-07-28,2026-07-28,FO,NSE,IDO,74063,,NIFTY,,2026-09-29,2026-09-29,24050.00,PE,NIFTY26SEP24050PE,394.45,407.75,374.40,378.65,378.95,398.75,23985.35,378.65,12415,-585,29,46066384.00,28,F1,65,,,,,
2026-07-28,2026-07-28,FO,NSE,IDO,73982,,NIFTY,,2026-09-29,2026-09-29,23450.00,PE,NIFTY26SEP23450PE,206.00,220.35,195.40,204.15,198.20,208.95,23985.35,204.15,13975,1040,42,64583850.50,39,F1,65,,,,,
2026-07-28,2026-07-28,FO,NSE,IDO,73911,,NIFTY,,2026-09-29,2026-09-29,23200.00,PE,NIFTY26SEP23200PE,158.75,164.40,145.20,147.50,145.20,156.50,23985.35,147.50,218595,34385,1382,2097706594.75,899,F1,65,,,,,
2026-07-28,2026-07-28,FO,NSE,IDO,73894,,NIFTY,,2026-09-29,2026-09-29,22750.00,PE,NIFTY26SEP22750PE,93.75,95.10,86.75,89.35,89.50,94.05,23985.35,89.35,14365,-455,60,89075125.75,37,F1,65,,,,,
2026-07-28,2026-07-28,FO,NSE,IDO,73880,,NIFTY,,2026-09-29,2026-09-29,22350.00,PE,NIFTY26SEP22350PE,57.00,61.05,54.90,56.85,56.85,61.15,23985.35,94.55,8645,-520,13,18933450.25,8,F1,65,,,,,
2026-07-28,2026-07-28,FO,NSE,IDO,73870,,NIFTY,,2026-09-29,2026-09-29,22100.00,PE,NIFTY26SEP22100PE,45.90,47.80,41.85,43.00,42.75,47.05,23985.35,43.00,386815,-7345,274,394399817.50,158,F1,65,,,,,
2026-07-28,2026-07-28,FO,NSE,IDO,73868,,NIFTY,,2026-09-29,2026-09-29,22050.00,PE,NIFTY26SEP22050PE,43.85,44.60,41.25,41.25,41.25,47.85,23985.35,62.45,3965,325,11,15796069.25,6,F1,65,,,,,
2026-07-28,2026-07-28,FO,NSE,IDO,73832,,NIFTY,,2026-09-29,2026-09-29,21650.00,PE,NIFTY26SEP21650PE,31.50,31.90,29.65,30.40,30.15,31.55,23985.35,30.40,5070,-4810,120,169108091.75,101,F1,65,,,,,
2026-07-28,2026-07-28,FO,NSE,IDO,55281,,NIFTY,,2026-09-29,2026-09-29,16500.00,PE,NIFTY26SEP16500PE,4.30,4.30,3.60,3.95,3.60,4.45,23985.35,3.95,151970,-5200,482,517063677.00,63,F1,65,,,,,
2026-07-28,2026-07-28,FO,NSE,IDO,47044,,NIFTY,,2026-09-01,2026-09-01,25450.00,PE,NIFTY2690125450PE,0.00,0.00,0.00,1266.10,0.00,1266.10,23985.35,1406.60,0,0,0,0.00,0,F1,65,,,,,
2026-07-28,2026-07-28,FO,NSE,IDO,47008,,NIFTY,,2026-09-01,2026-09-01,24550.00,PE,NIFTY2690124550PE,0.00,0.00,0.00,655.90,0.00,655.90,23985.35,732.10,0,0,0,0.00,0,F1,65,,,,,
2026-07-28,2026-07-28,FO,NSE,IDO,46980,,NIFTY,,2026-09-01,2026-09-01,23850.00,PE,NIFTY2690123850PE,255.35,255.40,225.15,225.15,225.15,236.75,23985.35,225.15,455,0,8,12528977.50,6,F1,65,,,,,
2026-07-28,2026-07-28,FO,NSE,IDO,46932,,NIFTY,,2026-09-01,2026-09-01,22650.00,PE,NIFTY2690122650PE,0.00,0.00,0.00,63.55,63.55,63.55,23985.35,64.50,65,0,0,0.00,0,F1,65,,,,,
2026-07-28,2026-07-28,FO,NSE,IDO,46914,,NIFTY,,2026-09-01,2026-09-01,22200.00,PE,NIFTY2690122200PE,20.65,20.70,14.10,16.30,18.00,29.60,23985.35,16.30,1820,1820,56,80868079.50,21,F1,65,,,,,
2026-07-28,2026-07-28,FO,NSE,IDO,62054,,NIFTY,,2026-08-25,2026-08-25,26150.00,PE,NIFTY26AUG26150PE,0.00,0.00,0.00,2082.50,0.00,2082.50,23985.35,2061.55,0,0,0,0.00,0,F1,65,,,,,
2026-07-28,2026-07-28,FO,NSE,IDO,62003,,NIFTY,,2026-08-25,2026-08-25,25850.00,PE,NIFTY26AUG25850PE,0.00,0.00,0.00,1835.00,1835.00,1835.00,23985.35,1777.60,585,0,0,0.00,0,F1,65,,,,,
2026-07-28,2026-07-28,FO,NSE,IDO,61995,,NIFTY,,2026-08-25,2026-08-25,25750.00,PE,NIFTY26AUG25750PE,1612.05,1612.05,1612.05,1612.05,1612.05,1908.00,23985.35,1684.85,130,65,1,1778533.25,1,F1,65,,,,,
2026-07-28,2026-07-28,FO,NSE,IDO,61974,,NIFTY,,2026-08-25,2026-08-25,25450.00,PE,NIFTY26AUG25450PE,0.00,0.00,0.00,1135.00,1135.00,1135.00,23985.35,1414.10,260,0,0,0.00,0,F1,65,,,,,
2026-07-28,2026-07-28,FO,NSE,IDO,61856,,NIFTY,,2026-08-25,2026-08-25,24850.00,PE,NIFTY26AUG24850PE,817.70,817.70,807.20,811.00,811.00,864.00,23985.35,922.50,1235,65,11,18349093.75,7,F1,65,,,,,
2026-07-28,2026-07-28,FO,NSE,IDO,61846,,NIFTY,,2026-08-25,2026-08-25,24800.00,PE,NIFTY26AUG24800PE,785.00,800.10,730.30,748.10,749.20,764.35,23985.35,748.10,252200,32435,1086,1804079381.00,775,F1,65,,,,,
2026-07-28,2026-07-28,FO,NSE,IDO,61796,,NIFTY,,2026-08-25,2026-08-25,24700.00,PE,NIFTY26AUG24700PE,696.15,720.00,655.15,674.90,666.00,683.70,23985.35,674.90,188045,7995,601,991553527.25,420,F1,65,,,,,
2026-07-28,2026-07-28,FO,NSE,IDO,61684,,NIFTY,,2026-08-25,2026-08-25,24250.00,PE,NIFTY26AUG24250PE,418.15,418.40,365.50,387.95,375.00,395.35,23985.35,387.95,37440,1495,232,371585084.00,169,F1,65,,,,,
2026-07-28,2026-07-28,FO,NSE,IDO,61550,,NIFTY,,2026-08-25,2026-08-25,23850.00,PE,NIFTY26AUG23850PE,226.95,234.75,195.45,212.50,205.25,219.20,23985.35,212.50,52975,-3640,1019,1593828860.00,696,F1,65,,,,,
2026-07-28,2026-07-28,FO,NSE,IDO,61531,,NIFTY,,2026-08-25,2026-08-25,23700.00,PE,NIFTY26AUG23700PE,169.00,184.15,151.50,162.60,157.00,171.95,23985.35,162.60,1042405,78065,11089,17202336482.50,7350,F1,65,,,,,
2026-07-28,2026-07-28,FO,NSE,IDO,61425,,NIFTY,,2026-08-25,2026-08-25,22900.00,PE,NIFTY26AUG22900PE,46.10,46.90,37.25,39.70,38.65,44.50,23985.35,39.70,277030,13455,3205,4779179814.50,2138,F1,65,,,,,
2026-07-28,2026-07-28,FO,NSE,IDO,61347,,NIFTY,,2026-08-25,2026-08-25,21900.00,PE,NIFTY26AUG21900PE,12.40,16.05,9.75,10.65,11.05,13.40,23985.35,10.65,23985,0,178,253514004.25,91,F1,65,,,,,
2026-07-28,2026-07-28,FO,NSE,IDO,61341,,NIFTY,,2026-08-25,2026-08-25,21750.00,PE,NIFTY26AUG21750PE,8.50,10.00,8.50,10.00,10.00,12.10,23985.35,5.10,2730,0,5,7071902.50,3,F1,65,,,,,
2026-07-28,2026-07-28,FO,NSE,IDO,61339,,NIFTY,,2026-08-25,2026-08-25,21700.00,PE,NIFTY26AUG21700PE,10.40,10.40,8.00,8.25,9.55,11.40,23985.35,8.25,33475,-3835,123,173562190.75,82,F1,65,,,,,
2026-07-28,2026-07-28,FO,NSE,IDO,61335,,NIFTY,,2026-08-25,2026-08-25,21600.00,PE,NIFTY26AUG21600PE,9.50,9.70,7.85,8.25,7.85,10.35,23985.35,8.25,35685,-2275,258,362381867.25,131,F1,65,,,,,
2026-07-28,2026-07-28,FO,NSE,IDO,45145,,NIFTY,,2026-08-18,2026-08-18,24900.00,PE,NIFTY2681824900PE,0.00,0.00,0.00,940.30,0.00,940.30,23985.35,937.20,0,0,0,0.00,0,F1,65,,,,,
2026-07-28,2026-07-28,FO,NSE,IDO,45121,,NIFTY,,2026-08-18,2026-08-18,24650.00,PE,NIFTY2681824650PE,0.00,0.00,0.00,575.85,575.85,575.85,23985.35,745.35,65,0,0,0.00,0,F1,65,,,,,
2026-07-28,2026-07-28,FO,NSE,IDO,45077,,NIFTY,,2026-08-18,2026-08-18,23750.00,PE,NIFTY2681823750PE,155.40,160.00,133.00,145.85,139.00,149.70,23985.35,145.85,7670,1560,72,111824212.50,46,F1,65,,,,,
2026-07-28,2026-07-28,FO,NSE,IDO,41054,,NIFTY,,2026-08-11,2026-08-11,25400.00,PE,NIFTY2681125400PE,0.00,0.00,0.00,1346.15,1334.70,1346.15,23985.35,1371.45,260,0,0,0.00,0,F1,65,,,,,
2026-07-28,2026-07-28,FO,NSE,IDO,41002,,NIFTY,,2026-08-11,2026-08-11,24250.00,PE,NIFTY2681124250PE,316.95,355.25,301.45,310.65,310.25,334.50,23985.35,310.65,6370,-195,175,279500958.75,149,F1,65,,,,,
2026-07-28,2026-07-28,FO,NSE,IDO,41000,,NIFTY,,2026-08-11,2026-08-11,24200.00,PE,NIFTY2681124200PE,304.55,366.10,269.85,285.70,278.00,300.00,23985.35,285.70,136565,11830,2671,4252211535.00,1858,F1,65,,,,,
2026-07-28,2026-07-28,FO,NSE,IDO,40994,,NIFTY,,2026-08-11,2026-08-11,24050.00,PE,NIFTY2681124050PE,224.70,240.85,194.65,209.35,204.80,219.95,23985.35,209.35,50570,22035,2756,4346713309.25,2281,F1,65,,,,,
2026-07-28,2026-07-28,FO,NSE,IDO,40982,,NIFTY,,2026-08-11,2026-08-11,23750.00,PE,NIFTY2681123750PE,93.30,122.25,93.00,99.60,99.20,112.40,23985.35,99.60,60125,28470,2027,3142774748.75,1349,F1,65,,,,,
2026-07-28,2026-07-28,FO,NSE,IDO,40966,,NIFTY,,2026-08-11,2026-08-11,23400.00,PE,NIFTY2681123400PE,47.45,50.10,36.50,39.05,37.00,48.10,23985.35,39.05,337285,104325,7480,11397473233.25,5189,F1,65,,,,,
2026-07-28,2026-07-28,FO,NSE,IDO,65999,,NIFTY,,2026-08-04,2026-08-04,25650.00,PE,NIFTY2680425650PE,1600.00,1600.00,1600.00,1600.00,1600.00,1715.00,23985.35,1635.20,780,260,4,7085000.00,4,F1,65,,,,,
2026-07-28,2026-07-28,FO,NSE,IDO,65915,,NIFTY,,2026-08-04,2026-08-04,24950.00,PE,NIFTY2680424950PE,899.55,965.95,899.55,946.60,946.60,876.00,23985.35,947.45,390,65,5,8415849.00,4,F1,65,,,,,
2026-07-28,2026-07-28,FO,NSE,IDO,65911,,NIFTY,,2026-08-04,2026-08-04,24850.00,PE,NIFTY2680424850PE,800.00,810.00,800.00,810.00,810.00,807.10,23985.35,853.40,260,0,2,3335150.00,2,F1,65,,,,,
2026-07-28,2026-07-28,FO,NSE,IDO,65884,,NIFTY,,2026-08-04,2026-08-04,24700.00,PE,NIFTY2680424700PE,667.80,706.30,638.80,675.85,655.90,655.95,23985.35,675.85,24050,7670,350,577070136.50,289,F1,65,,,,,
2026-07-28,2026-07-28,FO,NSE,IDO,65880,,NIFTY,,2026-08-04,2026-08-04,24650.00,PE,NIFTY2680424650PE,660.00,665.75,595.00,608.80,600.95,607.25,23985.35,608.80,1950,325,18,29570924.50,18,F1,65,,,,,
2026-07-28,2026-07-28,FO,NSE,IDO,65698,,NIFTY,,2026-08-04,2026-08-04,24100.00,PE,NIFTY2680424100PE,199.00,214.80,158.45,180.85,168.50,188.70,23985.35,180.85,1388725,615290,154096,243234845135.75,90886,F1,65,,,,,
2026-07-28,2026-07-28,FO,NSE,IDO,65589,,NIFTY,,2026-08-04,2026-08-04,23450.00,PE,NIFTY2680423450PE,22.15,22.65,13.50,14.80,13.50,22.10,23985.35,14.80,753350,402415,46750,71307984514.00,28160,F1,65,,,,,
2026-07-28,2026-07-28,FO,NSE,IDO,65530,,NIFTY,,2026-08-04,2026-08-04,23300.00,PE,NIFTY2680423300PE,14.95,15.65,8.10,8.90,8.10,14.70,23985.35,8.90,2163005,778765,104371,158137070653.25,45429,F1,65,,,,,
2026-07-28,2026-07-28,FO,NSE,IDO,65371,,NIFTY,,2026-08-04,2026-08-04,22000.00,PE,NIFTY2680422000PE,3.45,3.45,1.65,1.90,1.80,3.20,23985.35,1.90,1799330,337350,48148,68858642960.25,9038,F1,65,,,,,
2026-07-28,2026-07-28,FO,NSE,IDO,65165,,NIFTY,,2026-08-04,2026-08-04,21700.00,PE,NIFTY2680421700PE,2.55,2.65,1.40,1.65,1.40,2.95,23985.35,1.65,552045,471770,13409,18915260156.00,5022,F1,65,,,,,
2026-07-28,2026-07-28,FO,NSE,IDO,64042,,NIFTY,,2026-07-28,2026-07-28,26200.00,PE,NIFTY26JUL26200PE,2200.35,2255.10,2168.80,2232.70,2211.00,2173.60,23985.35,23985.35,20800,-8580,384,709106602.75,170,F1,65,,,,,
2026-07-28,2026-07-28,FO,NSE,IDO,64009,,NIFTY,,2026-07-28,2026-07-28,25650.00,PE,NIFTY26JUL25650PE,0.00,0.00,0.00,1715.00,1715.00,1715.00,23985.35,23985.35,390,0,0,0.00,0,F1,65,,,,,
2026-07-28,2026-07-28,FO,NSE,IDO,63972,,NIFTY,,2026-07-28,2026-07-28,24800.00,PE,NIFTY26JUL24800PE,810.70,846.30,762.85,823.50,816.30,770.60,23985.35,23985.35,112970,-14300,1415,2354551605.25,879,F1,65,,,,,
2026-07-28,2026-07-28,FO,NSE,IDO,63958,,NIFTY,,2026-07-28,2026-07-28,24450.00,PE,NIFTY26JUL24450PE,460.00,502.75,412.90,483.15,463.25,422.20,23985.35,23985.35,54795,-2470,2925,4735792106.50,1716,F1,65,,,,,
2026-07-28,2026-07-28,FO,NSE,IDO,63916,,NIFTY,,2026-07-28,2026-07-28,23500.00,PE,NIFTY26JUL23500PE,1.65,1.75,0.05,0.10,0.05,3.40,23985.35,23985.35,7620405,-2605395,2250888,3438338484412.00,403812,F1,65,,,,,
2026-07-28,2026-07-28,FO,NSE,IDO,63884,,NIFTY,,2026-07-28,2026-07-28,22700.00,PE,NIFTY26JUL22700PE,0.60,0.90,0.05,0.10,0.05,1.25,23985.35,23985.35,922870,-825955,113438,167381336879.25,24117,F1,65,,,,,
2026-07-28,2026-07-28,FO,NSE,IDO,63854,,NIFTY,,2026-07-28,2026-07-28,21950.00,PE,NIFTY26JUL21950PE,0.95,0.95,0.05,0.10,0.05,0.95,23985.35,23985.35,43095,-38285,4894,6982651432.25,1487,F1,65,,,,,
2026-07-28,2026-07-28,FO,NSE,IDO,63850,,NIFTY,,2026-07-28,2026-07-28,21850.00,PE,NIFTY26JUL21850PE,0.65,0.90,0.05,0.10,0.05,0.80,23985.35,23985.35,63765,-8775,7256,10305525636.25,1504,F1,65,,,,,
2026-07-28,2026-07-28,FO,NSE,IDO,63837,,NIFTY,,2026-07-28,2026-07-28,21550.00,PE,NIFTY26JUL21550PE,0.50,1.00,0.05,0.10,0.05,0.60,23985.35,23985.35,40820,-15145,3490,4888691242.50,1151,F1,65,,,,,
2026-07-28,2026-07-28,FO,NSE,IDO,74638,,NIFTY,,2031-06-24,2031-06-24,16500.00,CE,NIFTY31JUN16500CE,0.00,0.00,0.00,11849.25,0.00,11849.25,23985.35,12136.10,0,0,0,0.00,0,F1,65,,,,,
2026-07-28,2026-07-28,FO,NSE,IDO,55754,,NIFTY,,2030-12-31,2030-12-31,24000.00,CE,NIFTY30DEC24000CE,0.00,0.00,0.00,8563.30,0.00,8563.30,23985.35,6915.15,0,0,0,0.00,0,F1,65,,,,,
2026-07-28,2026-07-28,FO,NSE,IDO,55646,,NIFTY,,2030-06-25,2030-06-25,25500.00,CE,NIFTY30JUN25500CE,0.00,0.00,0.00,7070.45,0.00,7070.45,23985.35,5519.35,0,0,0,0.00,0,F1,65,,,,,
2026-07-28,2026-07-28,FO,NSE,IDO,55600,,NIFTY,,2029-12-24,2029-12-24,19500.00,CE,NIFTY29DEC19500CE,0.00,0.00,0.00,10678.80,0.00,10678.80,23985.35,8646.50,0,0,0,0.00,0,F1,65,,,,,
2026-07-28,2026-07-28,FO,NSE,IDO,55558,,NIFTY,,2029-06-26,2029-06-26,19500.00,CE,NIFTY29JUN19500CE,0.00,0.00,0.00,10206.95,0.00,10206.95,23985.35,8114.45,0,0,0,0.00,0,F1,65,,,,,
2026-07-28,2026-07-28,FO,NSE,IDO,55468,,NIFTY,,2028-06-27,2028-06-27,16500.00,CE,NIFTY28JUN16500CE,0.00,0.00,0.00,11752.80,0.00,11752.80,23985.35,9476.55,0,0,0,0.00,0,F1,65,,,,,
2026-07-28,2026-07-28,FO,NSE,IDO,55430,,NIFTY,,2027-12-28,2027-12-28,31500.00,CE,NIFTY27DEC31500CE,240.00,259.95,225.05,230.00,230.00,218.00,23985.35,531.50,2795,195,5,10314525.00,5,F1,65,,,,,
2026-07-28,2026-07-28,FO,NSE,IDO,35346,,NIFTY,,2027-12-28,2027-12-28,30000.00,CE,NIFTY27DEC30000CE,363.00,390.00,352.00,368.20,362.00,369.00,23985.35,368.20,111345,650,38,75001800.25,35,F1,65,,,,,
2026-07-28,2026-07-28,FO,NSE,IDO,53628,,NIFTY,,2027-12-28,2027-12-28,26000.00,CE,NIFTY27DEC26000CE,1602.00,1642.75,1590.00,1614.05,1629.55,1619.75,23985.35,1614.05,70955,-260,42,75387438.75,37,F1,65,,,,,
2026-07-28,2026-07-28,FO,NSE,IDO,53626,,NIFTY,,2027-12-28,2027-12-28,25000.00,CE,NIFTY27DEC25000CE,2130.00,2170.00,2119.85,2135.90,2169.55,2140.55,23985.35,2135.90,32055,1040,35,61746503.00,35,F1,65,,,,,
2026-07-28,2026-07-28,FO,NSE,IDO,55378,,NIFTY,,2027-06-29,2027-06-29,28500.00,CE,NIFTY27JUN28500CE,0.00,0.00,0.00,1711.90,0.00,1711.90,23985.35,590.35,0,0,0,0.00,0,F1,65,,,,,
2026-07-28,2026-07-28,FO,NSE,IDO,50547,,NIFTY,,2026-12-29,2026-12-29,28000.00,CE,NIFTY26DEC28000CE,43.15,43.65,40.40,40.90,40.40,43.40,23985.35,40.90,1490215,195,964,1757094231.75,614,F1,65,,,,,
2026-07-28,2026-07-28,FO,NSE,IDO,74420,,NIFTY,,2026-09-29,2026-09-29,25800.00,CE,NIFTY26SEP25800CE,47.85,51.00,43.30,44.15,43.90,50.50,23985.35,44.15,119730,42640,1632,2741797337.50,777,F1,65,,,,,
2026-07-28,2026-07-28,FO,NSE,IDO,74241,,NIFTY,,2026-09-29,2026-09-29,24500.00,CE,NIFTY26SEP24500CE,378.85,378.85,335.55,347.35,354.20,355.55,23985.35,347.35,935805,6305,3383,5464475074.50,2533,F1,65,,,,,
2026-07-28,2026-07-28,FO,NSE,IDO,74066,,NIFTY,,2026-09-29,2026-09-29,24150.00,CE,NIFTY26SEP24150CE,527.70,527.70,527.70,527.70,527.70,527.70,23985.35,527.70,4550,-65,1,1604050.50,1,F1,65,,,,,
2026-07-28,2026-07-28,FO,NSE,IDO,74010,,NIFTY,,2026-09-29,2026-09-29,23750.00,CE,NIFTY26SEP23750CE,771.30,785.00,771.30,785.00,785.00,770.00,23985.35,942.75,1235,-195,9,14346692.75,8,F1,65,,,,,
2026-07-28,2026-07-28,FO,NSE,IDO,73893,,NIFTY,,2026-09-29,2026-09-29,22750.00,CE,NIFTY26SEP22750CE,0.00,0.00,0.00,1386.55,1386.55,1386.55,23985.35,1649.95,260,0,0,0.00,0,F1,65,,,,,
2026-07-28,2026-07-28,FO,NSE,IDO,73833,,NIFTY,,2026-09-29,2026-09-29,21700.00,CE,NIFTY26SEP21700CE,0.00,0.00,0.00,2586.45,0.00,2586.45,23985.35,2568.70,0,0,0,0.00,0,F1,65,,,,,
2026-07-28,2026-07-28,FO,NSE,IDO,47051,,NIFTY,,2026-09-01,2026-09-01,25650.00,CE,NIFTY2690125650CE,0.00,0.00,0.00,142.40,0.00,142.40,23985.35,76.85,0,0,0,0.00,0,F1,65,,,,,
2026-07-28,2026-07-28,FO,NSE,IDO,47023,,NIFTY,,2026-09-01,2026-09-01,24950.00,CE,NIFTY2690124950CE,0.00,0.00,0.00,313.70,0.00,313.70,23985.35,202.00,0,0,0,0.00,0,F1,65,,,,,
2026-07-28,2026-07-28,FO,NSE,IDO,47021,,NIFTY,,2026-09-01,2026-09-01,24900.00,CE,NIFTY2690124900CE,0.00,0.00,0.00,330.25,0.00,330.25,23985.35,213.90,0,0,0,0.00,0,F1,65,,,,,
2026-07-28,2026-07-28,FO,NSE,IDO,46983,,NIFTY,,2026-09-01,2026-09-01,23950.00,CE,NIFTY2690123950CE,450.45,450.45,437.75,443.75,437.75,442.00,23985.35,443.75,390,390,6,9514430.25,4,F1,65,,,,,
2026-07-28,2026-07-28,FO,NSE,IDO,46961,,NIFTY,,2026-09-01,2026-09-01,23400.00,CE,NIFTY2690123400CE,0.00,0.00,0.00,1145.00,0.00,1145.00,23985.35,941.00,0,0,0,0.00,0,F1,65,,,,,
2026-07-28,2026-07-28,FO,NSE,IDO,46957,,NIFTY,,2026-09-01,2026-09-01,23300.00,CE,NIFTY2690123300CE,0.00,0.00,0.00,1220.55,0.00,1220.55,23985.35,1014.70,0,0,0,0.00,0,F1,65,,,,,
2026-07-28,2026-07-28,FO,NSE,IDO,46949,,NIFTY,,2026-09-01,2026-09-01,23100.00,CE,NIFTY2690123100CE,0.00,0.00,0.00,1378.25,0.00,1378.25,23985.35,1166.70,0,0,0,0.00,0,F1,65,,,,,
2026-07-28,2026-07-28,FO,NSE,IDO,46941,,NIFTY,,2026-09-01,2026-09-01,22900.00,CE,NIFTY2690122900CE,0.00,0.00,0.00,1543.90,0.00,1543.90,23985.35,1329.00,0,0,0,0.00,0,F1,65,,,,,
2026-07-28,2026-07-28,FO,NSE,IDO,46931,,NIFTY,,2026-09-01,2026-09-01,22650.00,CE,NIFTY2690122650CE,0.00,0.00,0.00,1760.65,0.00,1760.65,23985.35,1543.20,0,0,0,0.00,0,F1,65,,,,,
2026-07-28,2026-07-28,FO,NSE,IDO,46923,,NIFTY,,2026-09-01,2026-09-01,22450.00,CE,NIFTY2690122450CE,0.00,0.00,0.00,1940.55,0.00,1940.55,23985.35,1722.05,0,0,0,0.00,0,F1,65,,,,,
2026-07-28,2026-07-28,FO,NSE,IDO,46915,,NIFTY,,2026-09-01,2026-09-01,22250.00,CE,NIFTY2690122250CE,0.00,0.00,0.00,2125.05,0.00,2125.05,23985.35,1906.25,0,0,0,0.00,0,F1,65,,,,,
2026-07-28,2026-07-28,FO,NSE,IDO,62053,,NIFTY,,2026-08-25,2026-08-25,26150.00,CE,NIFTY26AUG26150CE,3.00,4.10,2.45,3.20,3.00,4.30,23985.35,3.20,2405,0,37,62898176.25,18,F1,65,,,,,
2026-07-28,2026-07-28,FO,NSE,IDO,61378,,NIFTY,,2026-08-25,2026-08-25,22350.00,CE,NIFTY26AUG22350CE,0.00,0.00,0.00,1794.90,1794.90,1794.90,23985.35,1763.05,130,0,0,0.00,0,F1,65,,,,,
2026-07-28,2026-07-28,FO,NSE,IDO,61334,,NIFTY,,2026-08-25,2026-08-25,21600.00,CE,NIFTY26AUG21600CE,0.00,0.00,0.00,2713.65,0.00,2713.65,23985.35,2489.00,0,0,0,0.00,0,F1,65,,,,,
2026-07-28,2026-07-28,FO,NSE,IDO,45200,,NIFTY,,2026-08-18,2026-08-18,26000.00,CE,NIFTY2681826000CE,2.40,2.90,2.05,2.65,2.85,2.40,23985.35,2.65,8580,3900,112,189297979.00,42,F1,65,,,,,
2026-07-28,2026-07-28,FO,NSE,IDO,45168,,NIFTY,,2026-08-18,2026-08-18,25450.00,CE,NIFTY2681825450CE,17.85,17.85,4.20,6.20,6.35,8.50,23985.35,6.20,4420,585,113,186978694.50,59,F1,65,,,,,
2026-07-28,2026-07-28,FO,NSE,IDO,45122,,NIFTY,,2026-08-18,2026-08-18,24700.00,CE,NIFTY2681824700CE,0.00,0.00,0.00,376.60,376.60,376.60,23985.35,154.60,65,0,0,0.00,0,F1,65,,,,,
2026-07-28,2026-07-28,FO,NSE,IDO,45100,,NIFTY,,2026-08-18,2026-08-18,24250.00,CE,NIFTY2681824250CE,202.15,202.15,174.00,182.85,188.15,202.15,23985.35,182.85,7215,390,64,101665443.75,60,F1,65,,,,,
2026-07-28,2026-07-28,FO,NSE,IDO,45098,,NIFTY,,2026-08-18,2026-08-18,24200.00,CE,NIFTY2681824200CE,232.95,233.00,196.20,209.30,213.05,224.25,23985.35,209.30,72150,15795,680,1078990588.00,472,F1,65,,,,,
2026-07-28,2026-07-28,FO,NSE,IDO,45047,,NIFTY,,2026-08-18,2026-08-18,23150.00,CE,NIFTY2681823150CE,0.00,0.00,0.00,721.75,721.75,721.75,23985.35,1000.05,845,0,0,0.00,0,F1,65,,,,,
2026-07-28,2026-07-28,FO,NSE,IDO,45033,,NIFTY,,2026-08-18,2026-08-18,22900.00,CE,NIFTY2681822900CE,0.00,0.00,0.00,1379.35,0.00,1379.35,23985.35,1214.20,0,0,0,0.00,0,F1,65,,,,,
2026-07-28,2026-07-28,FO,NSE,IDO,45021,,NIFTY,,2026-08-18,2026-08-18,22650.00,CE,NIFTY2681822650CE,0.00,0.00,0.00,1595.05,0.00,1595.05,23985.35,1441.20,0,0,0,0.00,0,F1,65,,,,,
2026-07-28,2026-07-28,FO,NSE,IDO,45019,,NIFTY,,2026-08-18,2026-08-18,22600.00,CE,NIFTY2681822600CE,0.00,0.00,0.00,1639.40,0.00,1639.40,23985.35,1487.80,0,0,0,0.00,0,F1,65,,,,,
2026-07-28,2026-07-28,FO,NSE,IDO,41077,,NIFTY,,2026-08-11,2026-08-11,25950.00,CE,NIFTY2681125950CE,2.05,2.15,1.20,1.30,1.20,3.45,23985.35,1.30,2795,1040,63,106270986.25,38,F1,65,,,,,
2026-07-28,2026-07-28,FO,NSE,IDO,41053,,NIFTY,,2026-08-11,2026-08-11,25400.00,CE,NIFTY2681125400CE,3.35,5.80,1.75,2.60,3.25,3.35,23985.35,2.60,20280,6370,482,795876016.00,269,F1,65,,,,,
2026-07-28,2026-07-28,FO,NSE,IDO,41045,,NIFTY,,2026-08-11,2026-08-11,25200.00,CE,NIFTY2681125200CE,5.15,5.70,3.80,4.50,4.25,5.80,23985.35,4.50,100555,25610,3849,6305849839.25,2029,F1,65,,,,,
2026-07-28,2026-07-28,FO,NSE,IDO,41013,,NIFTY,,2026-08-11,2026-08-11,24550.00,CE,NIFTY2681124550CE,58.70,58.70,44.75,47.95,50.00,58.70,23985.35,47.95,85800,20215,2683,4290029987.75,1880,F1,65,,,,,
2026-07-28,2026-07-28,FO,NSE,IDO,41011,,NIFTY,,2026-08-11,2026-08-11,24500.00,CE,NIFTY2681124500CE,66.00,66.45,53.40,57.75,59.55,68.85,23985.35,57.75,580060,244595,19930,31815335834.75,12985,F1,65,,,,,
2026-07-28,2026-07-28,FO,NSE,IDO,41009,,NIFTY,,2026-08-11,2026-08-11,24450.00,CE,NIFTY2681124450CE,82.65,82.65,63.25,68.25,69.65,81.15,23985.35,68.25,112385,80665,2785,4438428081.75,1638,F1,65,,,,,
2026-07-28,2026-07-28,FO,NSE,IDO,41003,,NIFTY,,2026-08-11,2026-08-11,24300.00,CE,NIFTY2681124300CE,123.30,125.20,103.00,111.40,116.35,126.50,23985.35,111.40,339690,104000,9835,15606534498.75,7015,F1,65,,,,,
2026-07-28,2026-07-28,FO,NSE,IDO,40975,,NIFTY,,2026-08-11,2026-08-11,23650.00,CE,NIFTY2681123650CE,475.05,509.35,463.20,485.70,503.00,502.45,23985.35,485.70,6695,-2795,122,191374046.50,107,F1,65,,,,,
2026-07-28,2026-07-28,FO,NSE,IDO,40971,,NIFTY,,2026-08-11,2026-08-11,23550.00,CE,NIFTY2681123550CE,567.90,570.45,540.30,551.40,551.40,567.90,23985.35,551.40,2535,-780,17,26632963.50,15,F1,65,,,,,
2026-07-28,2026-07-28,FO,NSE,IDO,40951,,NIFTY,,2026-08-11,2026-08-11,23050.00,CE,NIFTY2681123050CE,0.00,0.00,0.00,1552.25,0.00,1552.25,23985.35,1025.60,0,0,0,0.00,0,F1,65,,,,,
2026-07-28,2026-07-28,FO,NSE,IDO,40943,,NIFTY,,2026-08-11,2026-08-11,22850.00,CE,NIFTY2681122850CE,0.00,0.00,0.00,1730.10,0.00,1730.10,23985.35,1208.80,0,0,0,0.00,0,F1,65,,,,,
2026-07-28,2026-07-28,FO,NSE,IDO,40917,,NIFTY,,2026-08-11,2026-08-11,22250.00,CE,NIFTY2681122250CE,0.00,0.00,0.00,2292.00,0.00,2292.00,23985.35,1789.45,0,0,0,0.00,0,F1,65,,,,,
2026-07-28,2026-07-28,FO,NSE,IDO,40915,,NIFTY,,2026-08-11,2026-08-11,22200.00,CE,NIFTY2681122200CE,0.00,0.00,0.00,2340.15,0.00,2340.15,23985.35,1838.90,0,0,0,0.00,0,F1,65,,,,,
2026-07-28,2026-07-28,FO,NSE,IDO,40905,,NIFTY,,2026-08-11,2026-08-11,21950.00,CE,NIFTY2681121950CE,0.00,0.00,0.00,2582.90,0.00,2582.90,23985.35,2087.05,0,0,0,0.00,0,F1,65,,,,,
2026-07-28,2026-07-28,FO,NSE,IDO,40879,,NIFTY,,2026-08-11,2026-08-11,21600.00,CE,NIFTY2681121600CE,0.00,0.00,0.00,2926.60,2926.60,2926.60,23985.35,2435.70,65,0,0,0.00,0,F1,65,,,,,
2026-07-28,2026-07-28,FO,NSE,IDO,66062,,NIFTY,,2026-08-04,2026-08-04,26150.00,CE,NIFTY2680426150CE,0.90,1.05,0.75,0.80,0.75,0.95,23985.35,0.80,16120,-390,160,271968823.75,39,F1,65,,,,,
2026-07-28,2026-07-28,FO,NSE,IDO,66054,,NIFTY,,2026-08-04,2026-08-04,25950.00,CE,NIFTY2680425950CE,1.80,1.80,0.80,0.85,0.85,1.05,23985.35,0.85,7345,-2275,77,129884339.00,63,F1,65,,,,,
2026-07-28,2026-07-28,FO,NSE,IDO,65947,,NIFTY,,2026-08-04,2026-08-04,25600.00,CE,NIFTY2680425600CE,1.05,1.25,0.90,0.95,0.95,1.20,23985.35,0.95,122720,7995,1729,2877170864.75,778,F1,65,,,,,
2026-07-28,2026-07-28,FO,NSE,IDO,65916,,NIFTY,,2026-08-04,2026-08-04,25000.00,CE,NIFTY2680425000CE,3.65,3.70,2.00,2.25,2.10,3.65,23985.35,2.25,5692895,2174835,149434,242853978893.50,39398,F1,65,,,,,
2026-07-28,2026-07-28,FO,NSE,IDO,61726,,NIFTY,,2026-08-25,2026-08-25,24400.00,PE,NIFTY26AUG24400PE,493.25,513.00,450.00,467.10,463.75,490.95,23985.35,467.10,442910,-2665,1233,1993572727.25,918,F1,65,,,,,
2026-07-28,2026-07-28,FO,NSE,IDO,61444,,NIFTY,,2026-08-25,2026-08-25,23150.00,PE,NIFTY26AUG23150PE,67.50,71.80,58.55,61.10,59.95,67.05,23985.35,61.10,52130,1105,467,704666768.00,339,F1,65,,,,,
2026-07-28,2026-07-28,FO,NSE,IDO,61431,,NIFTY,,2026-08-25,2026-08-25,23050.00,PE,NIFTY26AUG23050PE,54.40,60.80,49.30,51.55,50.20,57.30,23985.35,51.55,54145,-2795,506,759858996.00,367,F1,65,,,,,
2026-07-28,2026-07-28,FO,NSE,IDO,61373,,NIFTY,,2026-08-25,2026-08-25,22250.00,PE,NIFTY26AUG22250PE,17.15,17.15,13.60,15.05,14.95,17.90,23985.35,15.05,15925,4550,190,274973673.00,108,F1,65,,,,,
2026-07-28,2026-07-28,FO,NSE,IDO,61345,,NIFTY,,2026-08-25,2026-08-25,21850.00,PE,NIFTY26AUG21850PE,9.45,10.70,9.45,10.00,10.00,12.05,23985.35,10.00,2340,-195,15,21313834.75,12,F1,65,,,,,
2026-07-28,2026-07-28,FO,NSE,IDO,45155,,NIFTY,,2026-08-18,2026-08-18,25150.00,PE,NIFTY2681825150PE,0.00,0.00,0.00,1126.45,0.00,1126.45,23985.35,1145.90,0,0,0,0.00,0,F1,65,,,,,
2026-07-28,2026-07-28,FO,NSE,IDO,45153,,NIFTY,,2026-08-18,2026-08-18,25100.00,PE,NIFTY2681825100PE,0.00,0.00,0.00,1088.10,0.00,1088.10,23985.35,1103.00,0,0,0,0.00,0,F1,65,,,,,
2026-07-28,2026-07-28,FO,NSE,IDO,45133,,NIFTY,,2026-08-18,2026-08-18,24750.00,PE,NIFTY2681824750PE,0.00,0.00,0.00,836.30,0.00,836.30,23985.35,819.90,0,0,0,0.00,0,F1,65,,,,,
2026-07-28,2026-07-28,FO,NSE,IDO,45123,,NIFTY,,2026-08-18,2026-08-18,24700.00,PE,NIFTY2681824700PE,0.00,0.00,0.00,803.00,0.00,803.00,23985.35,783.10,0,0,0,0.00,0,F1,65,,,,,
2026-07-28,2026-07-28,FO,NSE,IDO,45109,,NIFTY,,2026-08-18,2026-08-18,24450.00,PE,NIFTY2681824450PE,0.00,0.00,0.00,556.70,556.70,556.70,23985.35,606.75,65,0,0,0.00,0,F1,65,,,,,
2026-07-28,2026-07-28,FO,NSE,IDO,45107,,NIFTY,,2026-08-18,2026-08-18,24400.00,PE,NIFTY2681824400PE,452.00,470.20,452.00,462.10,456.95,456.10,23985.35,462.10,2340,-1235,32,51713099.75,25,F1,65,,,,,
2026-07-28,2026-07-28,FO,NSE,IDO,45095,,NIFTY,,2026-08-18,2026-08-18,24100.00,PE,NIFTY2681824100PE,283.80,303.00,258.00,273.50,262.60,283.90,23985.35,273.50,28730,19760,710,1124745170.25,495,F1,65,,,,,
2026-07-28,2026-07-28,FO,NSE,IDO,45048,,NIFTY,,2026-08-18,2026-08-18,23150.00,PE,NIFTY2681823150PE,45.30,49.30,37.00,38.30,37.00,47.90,23985.35,38.30,6045,130,126,189929229.75,78,F1,65,,,,,
2026-07-28,2026-07-28,FO,NSE,IDO,45020,,NIFTY,,2026-08-18,2026-08-18,22600.00,PE,NIFTY2681822600PE,17.55,19.30,12.70,13.35,12.70,18.85,23985.35,13.35,28275,15080,523,768780548.25,302,F1,65,,,,,
2026-07-28,2026-07-28,FO,NSE,IDO,41092,,NIFTY,,2026-08-11,2026-08-11,26100.00,PE,NIFTY2681126100PE,0.00,0.00,0.00,1628.10,0.00,1628.10,23985.35,2055.60,0,0,0,0.00,0,F1,65,,,,,
2026-07-28,2026-07-28,FO,NSE,IDO,41060,,NIFTY,,2026-08-11,2026-08-11,25550.00,PE,NIFTY2681125550PE,0.00,0.00,0.00,1168.95,0.00,1168.95,23985.35,1515.40,0,0,0,0.00,0,F1,65,,,,,
2026-07-28,2026-07-28,FO,NSE,IDO,41056,,NIFTY,,2026-08-11,2026-08-11,25450.00,PE,NIFTY2681125450PE,0.00,0.00,0.00,1091.80,0.00,1091.80,23985.35,1419.20,0,0,0,0.00,0,F1,65,,,,,
2026-07-28,2026-07-28,FO,NSE,IDO,41004,,NIFTY,,2026-08-11,2026-08-11,24300.00,PE,NIFTY2681124300PE,359.10,387.40,327.80,345.85,336.50,364.40,23985.35,345.85,66300,9295,1187,1901892320.25,861,F1,65,,,,,
2026-07-28,2026-07-28,FO,NSE,IDO,40988,,NIFTY,,2026-08-11,2026-08-11,23900.00,PE,NIFTY2681123900PE,164.95,175.00,135.70,148.15,143.35,160.20,23985.35,148.15,371540,198510,12755,19940857114.75,8588,F1,65,,,,,
2026-07-28,2026-07-28,FO,NSE,IDO,40954,,NIFTY,,2026-08-11,2026-08-11,23100.00,PE,NIFTY2681123100PE,21.60,22.40,13.40,15.65,15.50,23.10,23985.35,15.65,442780,304265,13432,20183185288.50,7018,F1,65,,,,,
2026-07-28,2026-07-28,FO,NSE,IDO,40944,,NIFTY,,2026-08-11,2026-08-11,22850.00,PE,NIFTY2681122850PE,13.35,16.20,7.70,9.70,9.65,13.75,23985.35,9.70,39975,23660,1703,2530465837.25,683,F1,65,,,,,
2026-07-28,2026-07-28,FO,NSE,IDO,40934,,NIFTY,,2026-08-11,2026-08-11,22600.00,PE,NIFTY2681122600PE,9.65,9.65,6.10,6.75,6.35,9.55,23985.35,6.75,102115,-3055,3213,4721396611.75,1664,F1,65,,,,,
2026-07-28,2026-07-28,FO,NSE,IDO,40932,,NIFTY,,2026-08-11,2026-08-11,22550.00,PE,NIFTY2681122550PE,7.65,8.40,6.00,6.20,7.25,9.55,23985.35,6.20,9880,65,62,90904937.50,29,F1,65,,,,,
2026-07-28,2026-07-28,FO,NSE,IDO,40894,,NIFTY,,2026-08-11,2026-08-11,21800.00,PE,NIFTY2681121800PE,5.90,6.25,3.75,4.10,4.05,6.20,23985.35,4.10,22490,-910,402,569750005.50,249,F1,65,,,,,
2026-07-28,2026-07-28,FO,NSE,IDO,40892,,NIFTY,,2026-08-11,2026-08-11,21750.00,PE,NIFTY2681121750PE,4.55,4.75,3.50,3.50,3.50,5.65,23985.35,3.50,4095,65,12,16968224.00,8,F1,65,,,,,
2026-07-28,2026-07-28,FO,NSE,IDO,66061,,NIFTY,,2026-08-04,2026-08-04,26100.00,PE,NIFTY2680426100PE,0.00,0.00,0.00,2138.95,0.00,2138.95,23985.35,2084.35,0,0,0,0.00,0,F1,65,,,,,
2026-07-28,2026-07-28,FO,NSE,IDO,66055,,NIFTY,,2026-08-04,2026-08-04,25950.00,PE,NIFTY2680425950PE,0.00,0.00,0.00,2001.55,0.00,2001.55,23985.35,1934.55,0,0,0,0.00,0,F1,65,,,,,
2026-07-28,2026-07-28,FO,NSE,IDO,66001,,NIFTY,,2026-08-04,2026-08-04,25700.00,PE,NIFTY2680425700PE,0.00,0.00,0.00,1777.85,0.00,1777.85,23985.35,1685.05,0,0,0,0.00,0,F1,65,,,,,
2026-07-28,2026-07-28,FO,NSE,IDO,65897,,NIFTY,,2026-08-04,2026-08-04,24800.00,PE,NIFTY2680424800PE,769.50,805.55,731.00,763.15,745.80,752.00,23985.35,763.15,28990,9165,245,407117766.25,190,F1,65,,,,,
2026-07-28,2026-07-28,FO,NSE,IDO,65690,,NIFTY,,2026-08-04,2026-08-04,23900.00,PE,NIFTY2680423900PE,107.05,117.05,78.55,90.65,84.20,101.85,23985.35,90.65,2566590,1177605,336301,524507943557.00,184402,F1,65,,,,,
2026-07-28,2026-07-28,FO,NSE,IDO,65679,,NIFTY,,2026-08-04,2026-08-04,23650.00,PE,NIFTY2680423650PE,43.00,47.45,28.00,33.05,31.00,43.10,23985.35,33.05,792155,317460,73020,112418886502.00,47626,F1,65,,,,,
2026-07-28,2026-07-28,FO,NSE,IDO,65534,,NIFTY,,2026-08-04,2026-08-04,23400.00,PE,NIFTY2680423400PE,18.00,19.65,11.05,12.20,11.05,18.95,23985.35,12.20,2969850,1795105,121747,185283812905.75,64370,F1,65,,,,,
2026-07-28,2026-07-28,FO,NSE,IDO,65454,,NIFTY,,2026-08-04,2026-08-04,22950.00,PE,NIFTY2680422950PE,8.20,8.25,4.15,4.55,4.35,8.00,23985.35,4.55,423605,201630,15104,22536482475.00,9008,F1,65,,,,,
2026-07-28,2026-07-28,FO,NSE,IDO,65450,,NIFTY,,2026-08-04,2026-08-04,22850.00,PE,NIFTY2680422850PE,7.05,7.05,3.55,3.95,3.75,6.90,23985.35,3.95,265460,142805,16545,24578352227.00,7870,F1,65,,,,,
2026-07-28,2026-07-28,FO,NSE,IDO,65442,,NIFTY,,2026-08-04,2026-08-04,22650.00,PE,NIFTY2680422650PE,4.50,5.25,2.70,3.00,2.80,5.60,23985.35,3.00,94510,19370,3919,5770664389.75,2194,F1,65,,,,,
2026-07-28,2026-07-28,FO,NSE,IDO,65426,,NIFTY,,2026-08-04,2026-08-04,22350.00,PE,NIFTY2680422350PE,4.00,4.00,1.90,2.25,2.10,4.10,23985.35,2.25,36985,6825,2026,2943650014.50,983,F1,65,,,,,
2026-07-28,2026-07-28,FO,NSE,IDO,65418,,NIFTY,,2026-08-04,2026-08-04,22200.00,PE,NIFTY2680422200PE,3.60,3.75,1.60,1.95,1.95,3.80,23985.35,1.95,336830,104325,16349,23594231459.50,6581,F1,65,,,,,
2026-07-28,2026-07-28,FO,NSE,IDO,63918,,NIFTY,,2026-07-28,2026-07-28,23550.00,PE,NIFTY26JUL23550PE,2.50,2.50,0.05,0.10,0.05,3.70,23985.35,23985.35,1658215,-1996540,714283,1093426059144.25,117530,F1,65,,,,,
2026-07-28,2026-07-28,FO,NSE,IDO,63902,,NIFTY,,2026-07-28,2026-07-28,23150.00,PE,NIFTY26JUL23150PE,0.90,1.00,0.05,0.10,0.05,1.95,23985.35,23985.35,1405040,-301340,197990,297932102672.75,32281,F1,65,,,,,
2026-07-28,2026-07-28,FO,NSE,IDO,63886,,NIFTY,,2026-07-28,2026-07-28,22750.00,PE,NIFTY26JUL22750PE,0.65,0.95,0.05,0.10,0.05,1.35,23985.35,23985.35,462670,-205855,48424,71608525144.00,10012,F1,65,,,,,
2026-07-28,2026-07-28,FO,NSE,IDO,63878,,NIFTY,,2026-07-28,2026-07-28,22550.00,PE,NIFTY26JUL22550PE,0.85,0.85,0.05,0.10,0.05,1.20,23985.35,23985.35,202670,-82680,25388,37213301365.50,5140,F1,65,,,,,
2026-07-28,2026-07-28,FO,NSE,IDO,63860,,NIFTY,,2026-07-28,2026-07-28,22100.00,PE,NIFTY26JUL22100PE,0.90,1.05,0.05,0.10,0.05,1.00,23985.35,23985.35,190840,-401765,28229,40551764519.50,4827,F1,65,,,,,
2026-07-28,2026-07-28,FO,NSE,IDO,63846,,NIFTY,,2026-07-28,2026-07-28,21750.00,PE,NIFTY26JUL21750PE,0.75,1.15,0.05,0.10,0.05,0.75,23985.35,23985.35,57460,10595,3015,4262549573.75,903,F1,65,,,,,
2026-07-28,2026-07-28,FO,NSE,IDO,74651,,NIFTY,,2031-06-24,2031-06-24,25500.00,CE,NIFTY31JUN25500CE,0.00,0.00,0.00,6409.80,0.00,6409.80,23985.35,6649.90,0,0,0,0.00,0,F1,65,,,,,
2026-07-28,2026-07-28,FO,NSE,IDO,74643,,NIFTY,,2031-06-24,2031-06-24,19500.00,CE,NIFTY31JUN19500CE,0.00,0.00,0.00,9840.60,0.00,9840.60,23985.35,10127.80,0,0,0,0.00,0,F1,65,,,,,
2026-07-28,2026-07-28,FO,NSE,IDO,46924,,NIFTY,,2026-09-01,2026-09-01,22450.00,PE,NIFTY2690122450PE,29.00,29.00,29.00,29.00,29.00,70.00,23985.35,44.65,455,65,1,1461135.00,1,F1,65,,,,,
2026-07-28,2026-07-28,FO,NSE,IDO,46968,,NIFTY,,2026-09-01,2026-09-01,23550.00,PE,NIFTY2690123550PE,0.00,0.00,0.00,234.30,0.00,234.30,23985.35,253.05,0,0,0,0.00,0,F1,65,,,,,
2026-07-28,2026-07-28,FO,NSE,IDO,46996,,NIFTY,,2026-09-01,2026-09-01,24250.00,PE,NIFTY2690124250PE,0.00,0.00,0.00,500.05,0.00,500.05,23985.35,555.60,0,0,0,0.00,0,F1,65,,,,,
2026-07-28,2026-07-28,FO,NSE,IDO,47054,,NIFTY,,2026-09-01,2026-09-01,25700.00,PE,NIFTY2690125700PE,0.00,0.00,0.00,1467.30,0.00,1467.30,23985.35,1623.30,0,0,0,0.00,0,F1,65,,,,,
2026-07-28,2026-07-28,FO,NSE,IDO,47060,,NIFTY,,2026-09-01,2026-09-01,25850.00,PE,NIFTY2690125850PE,0.00,0.00,0.00,1593.20,0.00,1593.20,23985.35,1757.60,0,0,0,0.00,0,F1,65,,,,,
2026-07-28,2026-07-28,FO,NSE,IDO,55283,,NIFTY,,2026-09-29,2026-09-29,19500.00,PE,NIFTY26SEP19500PE,15.90,16.15,13.60,14.00,13.90,16.50,23985.35,14.00,855595,-43225,3202,4061648984.25,1956,F1,65,,,,,
2026-07-28,2026-07-28,FO,NSE,IDO,73851,,NIFTY,,2026-09-29,2026-09-29,21750.00,PE,NIFTY26SEP21750PE,35.50,35.50,20.00,32.00,31.75,34.85,23985.35,32.00,5720,-260,82,116090799.50,46,F1,65,,,,,
2026-07-28,2026-07-28,FO,NSE,IDO,74083,,NIFTY,,2026-09-29,2026-09-29,24200.00,PE,NIFTY26SEP24200PE,462.05,476.00,435.45,448.60,443.35,459.75,23985.35,448.60,78130,7540,498,798006274.00,346,F1,65,,,,,
2026-07-28,2026-07-28,FO,NSE,IDO,74108,,NIFTY,,2026-09-29,2026-09-29,24300.00,PE,NIFTY26SEP24300PE,491.00,520.05,477.05,493.40,488.45,499.90,23985.35,493.40,38935,8645,275,443147880.50,184,F1,65,,,,,
2026-07-28,2026-07-28,FO,NSE,IDO,60910,,NIFTY,,2030-06-25,2030-06-25,27000.00,CE,NIFTY30JUN27000CE,0.00,0.00,0.00,6972.50,0.00,6972.50,23985.35,4783.80,0,0,0,0.00,0,F1,65,,,,,
2026-07-28,2026-07-28,FO,NSE,IDO,55556,,NIFTY,,2029-06-26,2029-06-26,16500.00,CE,NIFTY29JUN16500CE,0.00,0.00,0.00,12587.95,0.00,12587.95,23985.35,10427.25,0,0,0,0.00,0,F1,65,,,,,
2026-07-28,2026-07-28,FO,NSE,IDO,53631,,NIFTY,,2027-12-28,2027-12-28,27000.00,CE,NIFTY27DEC27000CE,1140.00,1155.00,1120.00,1134.10,1140.00,1134.40,23985.35,1134.10,41430,-1170,69,126177483.25,68,F1,65,,,,,
2026-07-28,2026-07-28,FO,NSE,IDO,55422,,NIFTY,,2027-12-28,2027-12-28,19500.00,CE,NIFTY27DEC19500CE,0.00,0.00,0.00,8684.70,0.00,8684.70,23985.35,6353.05,0,0,0,0.00,0,F1,65,,,,,
2026-07-28,2026-07-28,FO,NSE,IDO,55374,,NIFTY,,2027-06-29,2027-06-29,22500.00,CE,NIFTY27JUN22500CE,0.00,0.00,0.00,5539.60,0.00,5539.60,23985.35,3270.05,0,0,0,0.00,0,F1,65,,,,,
2026-07-28,2026-07-28,FO,NSE,IDO,80274,,NIFTY,,2027-03-30,2027-03-30,25500.00,CE,NIFTY27MAR25500CE,705.00,724.95,687.00,710.00,715.00,720.80,23985.35,710.00,798980,74360,1728,2943469763.00,1080,F1,65,,,,,
2026-07-28,2026-07-28,FO,NSE,IDO,47190,,NIFTY,,2026-12-29,2026-12-29,33000.00,CE,NIFTY26DEC33000CE,8.35,8.80,6.80,7.00,6.90,8.35,23985.35,7.00,99840,65,25,53636934.00,14,F1,65,,,,,
2026-07-28,2026-07-28,FO,NSE,IDO,55290,,NIFTY,,2026-09-29,2026-09-29,31500.00,CE,NIFTY26SEP31500CE,2.85,2.85,2.70,2.70,2.70,2.85,23985.35,0.05,9035,65,22,45049065.75,10,F1,65,,,,,
2026-07-28,2026-07-28,FO,NSE,IDO,55288,,NIFTY,,2026-09-29,2026-09-29,28500.00,CE,NIFTY26SEP28500CE,6.30,6.40,5.05,5.20,5.15,5.75,23985.35,5.20,547495,-5395,593,1098739902.00,389,F1,65,,,,,
2026-07-28,2026-07-28,FO,NSE,IDO,74391,,NIFTY,,2026-09-29,2026-09-29,25400.00,CE,NIFTY26SEP25400CE,0.00,0.00,0.00,379.45,0.00,379.45,23985.35,263.00,0,0,0,0.00,0,F1,65,,,,,
2026-07-28,2026-07-28,FO,NSE,IDO,74363,,NIFTY,,2026-09-29,2026-09-29,24950.00,CE,NIFTY26SEP24950CE,187.00,192.65,179.75,184.00,185.85,192.90,23985.35,184.00,16575,-780,86,140517809.25,46,F1,65,,,,,
2026-07-28,2026-07-28,FO,NSE,IDO,74048,,NIFTY,,2026-09-29,2026-09-29,23850.00,CE,NIFTY26SEP23850CE,702.30,708.75,697.50,708.75,708.75,670.00,23985.35,883.90,2665,-325,6,9574587.75,6,F1,65,,,,,
2026-07-28,2026-07-28,FO,NSE,IDO,73887,,NIFTY,,2026-09-29,2026-09-29,22600.00,CE,NIFTY26SEP22600CE,0.00,0.00,0.00,1734.30,1734.30,1734.30,23985.35,1772.35,195,0,0,0.00,0,F1,65,,,,,
2026-07-28,2026-07-28,FO,NSE,IDO,47031,,NIFTY,,2026-09-01,2026-09-01,25150.00,CE,NIFTY2690125150CE,0.00,0.00,0.00,253.70,0.00,253.70,23985.35,155.55,0,0,0,0.00,0,F1,65,,,,,
2026-07-28,2026-07-28,FO,NSE,IDO,46977,,NIFTY,,2026-09-01,2026-09-01,23800.00,CE,NIFTY2690123800CE,560.00,560.65,543.60,546.00,543.60,481.35,23985.35,546.00,2145,1690,32,50659228.75,15,F1,65,,,,,
2026-07-28,2026-07-28,FO,NSE,IDO,46971,,NIFTY,,2026-09-01,2026-09-01,23650.00,CE,NIFTY2690123650CE,0.00,0.00,0.00,966.45,0.00,966.45,23985.35,772.00,0,0,0,0.00,0,F1,65,,,,,
2026-07-28,2026-07-28,FO,NSE,IDO,46953,,NIFTY,,2026-09-01,2026-09-01,23200.00,CE,NIFTY2690123200CE,0.00,0.00,0.00,1298.35,0.00,1298.35,23985.35,1089.00,0,0,0,0.00,0,F1,65,,,,,
2026-07-28,2026-07-28,FO,NSE,IDO,46939,,NIFTY,,2026-09-01,2026-09-01,22850.00,CE,NIFTY2690122850CE,0.00,0.00,0.00,1586.45,0.00,1586.45,23985.35,1370.90,0,0,0,0.00,0,F1,65,,,,,
2026-07-28,2026-07-28,FO,NSE,IDO,46929,,NIFTY,,2026-09-01,2026-09-01,22600.00,CE,NIFTY2690122600CE,0.00,0.00,0.00,1805.15,0.00,1805.15,23985.35,1587.35,0,0,0,0.00,0,F1,65,,,,,
2026-07-28,2026-07-28,FO,NSE,IDO,61953,,NIFTY,,2026-08-25,2026-08-25,25350.00,CE,NIFTY26AUG25350CE,0.00,0.00,0.00,417.60,0.00,417.60,23985.35,80.00,0,0,0,0.00,0,F1,65,,,,,
2026-07-28,2026-07-28,FO,NSE,IDO,74242,,NIFTY,,2026-09-29,2026-09-29,24500.00,PE,NIFTY26SEP24500PE,600.75,629.15,574.80,595.20,584.05,602.20,23985.35,595.20,936650,21580,1859,3032908219.25,1417,F1,65,,,,,
2026-07-28,2026-07-28,FO,NSE,IDO,74352,,NIFTY,,2026-09-29,2026-09-29,24650.00,PE,NIFTY26SEP24650PE,0.00,0.00,0.00,770.00,770.00,770.00,23985.35,881.60,6565,0,0,0.00,0,F1,65,,,,,
2026-07-28,2026-07-28,FO,NSE,IDO,74373,,NIFTY,,2026-09-29,2026-09-29,25200.00,PE,NIFTY26SEP25200PE,1062.80,1062.80,1062.80,1062.80,1062.80,1093.90,23985.35,1062.80,5395,-65,1,1707082.00,1,F1,65,,,,,
2026-07-28,2026-07-28,FO,NSE,IDO,74394,,NIFTY,,2026-09-29,2026-09-29,25400.00,PE,NIFTY26SEP25400PE,0.00,0.00,0.00,1041.00,1041.00,1041.00,23985.35,1389.05,650,0,0,0.00,0,F1,65,,,,,
2026-07-28,2026-07-28,FO,NSE,IDO,74396,,NIFTY,,2026-09-29,2026-09-29,25450.00,PE,NIFTY26SEP25450PE,0.00,0.00,0.00,1559.90,0.00,1559.90,23985.35,1426.75,0,0,0,0.00,0,F1,65,,,,,
2026-07-28,2026-07-28,FO,NSE,IDO,74433,,NIFTY,,2026-09-29,2026-09-29,25950.00,PE,NIFTY26SEP25950PE,0.00,0.00,0.00,1938.00,0.00,1938.00,23985.35,1823.70,0,0,0,0.00,0,F1,65,,,,,
2026-07-28,2026-07-28,FO,NSE,IDO,37810,,NIFTY,,2026-12-29,2026-12-29,23000.00,PE,NIFTY26DEC23000PE,266.95,275.00,256.60,263.50,258.40,269.10,23985.35,263.50,2215400,56635,4135,6253431915.25,2768,F1,65,,,,,
2026-07-28,2026-07-28,FO,NSE,IDO,35237,,NIFTY,,2026-12-29,2026-12-29,30000.00,PE,NIFTY26DEC30000PE,5163.00,5193.00,5127.35,5156.20,5145.00,5126.60,23985.35,5156.20,407930,-3965,115,262794246.00,100,F1,65,,,,,
2026-07-28,2026-07-28,FO,NSE,IDO,80273,,NIFTY,,2027-03-30,2027-03-30,24000.00,PE,NIFTY27MAR24000PE,583.15,585.80,560.00,574.85,570.55,577.40,23985.35,574.85,177060,-3575,1088,1737796053.50,590,F1,65,,,,,
2026-07-28,2026-07-28,FO,NSE,IDO,55375,,NIFTY,,2027-06-29,2027-06-29,22500.00,PE,NIFTY27JUN22500PE,0.00,0.00,0.00,413.15,413.15,413.15,23985.35,454.45,650,0,0,0.00,0,F1,65,,,,,
2026-07-28,2026-07-28,FO,NSE,IDO,53627,,NIFTY,,2027-12-28,2027-12-28,25000.00,PE,NIFTY27DEC25000PE,1059.00,1094.00,1031.90,1058.25,1068.00,1059.90,23985.35,1058.25,62205,875,40,67760348.50,40,F1,65,,,,,
2026-07-28,2026-07-28,FO,NSE,IDO,53630,,NIFTY,,2027-12-28,2027-12-28,26000.00,PE,NIFTY27DEC26000PE,1460.00,1460.00,1410.05,1422.45,1427.70,1442.85,23985.35,1422.45,41830,-55,5,8913193.25,5,F1,65,,,,,
2026-07-28,2026-07-28,FO,NSE,IDO,67781,,NIFTY,,2028-12-26,2028-12-26,23000.00,PE,NIFTY28DEC23000PE,0.00,0.00,0.00,681.05,681.05,681.05,23985.35,708.85,1480,0,0,0.00,0,F1,65,,,,,
2026-07-28,2026-07-28,FO,NSE,IDO,67787,,NIFTY,,2028-12-26,2028-12-26,26000.00,PE,NIFTY28DEC26000PE,0.00,0.00,0.00,1450.00,1450.00,1450.00,23985.35,1587.35,6745,0,0,0.00,0,F1,65,,,,,
2026-07-28,2026-07-28,FO,NSE,IDO,61440,,NIFTY,,2026-08-25,2026-08-25,23150.00,CE,NIFTY26AUG23150CE,1010.85,1011.50,994.85,998.95,1003.05,988.20,23985.35,998.95,1170,65,20,31397063.75,15,F1,65,,,,,
2026-07-28,2026-07-28,FO,NSE,IDO,61424,,NIFTY,,2026-08-25,2026-08-25,22900.00,CE,NIFTY26AUG22900CE,1230.00,1239.65,1210.00,1223.60,1229.00,1256.05,23985.35,1223.60,6045,520,33,51743705.00,21,F1,65,,,,,
2026-07-28,2026-07-28,FO,NSE,IDO,61401,,NIFTY,,2026-08-25,2026-08-25,22600.00,CE,NIFTY26AUG22600CE,0.00,0.00,0.00,1475.00,1475.00,1475.00,23985.35,1531.75,1820,0,0,0.00,0,F1,65,,,,,
2026-07-28,2026-07-28,FO,NSE,IDO,61340,,NIFTY,,2026-08-25,2026-08-25,21750.00,CE,NIFTY26AUG21750CE,0.00,0.00,0.00,2581.20,0.00,2581.20,23985.35,2341.50,0,0,0,0.00,0,F1,65,,,,,
2026-07-28,2026-07-28,FO,NSE,IDO,61173,,NIFTY,,2026-08-25,2026-08-25,21350.00,CE,NIFTY26AUG21350CE,0.00,0.00,0.00,2938.85,0.00,2938.85,23985.35,2736.05,0,0,0,0.00,0,F1,65,,,,,
2026-07-28,2026-07-28,FO,NSE,IDO,45206,,NIFTY,,2026-08-18,2026-08-18,26100.00,CE,NIFTY2681826100CE,2.25,2.25,2.00,2.10,2.10,2.05,23985.35,2.10,2470,65,3,5089912.75,3,F1,65,,,,,
2026-07-28,2026-07-28,FO,NSE,IDO,45096,,NIFTY,,2026-08-18,2026-08-18,24150.00,CE,NIFTY2681824150CE,197.55,250.20,196.30,230.55,238.40,246.60,23985.35,230.55,6955,1105,116,183855464.00,104,F1,65,,,,,
2026-07-28,2026-07-28,FO,NSE,IDO,45092,,NIFTY,,2026-08-18,2026-08-18,24050.00,CE,NIFTY2681824050CE,279.95,304.90,250.75,279.90,285.35,301.35,23985.35,279.90,8580,3055,325,514086270.75,238,F1,65,,,,,
2026-07-28,2026-07-28,FO,NSE,IDO,45078,,NIFTY,,2026-08-18,2026-08-18,23800.00,CE,NIFTY2681823800CE,420.05,460.00,414.00,434.45,445.65,457.05,23985.35,434.45,9620,-780,205,322949916.25,167,F1,65,,,,,
2026-07-28,2026-07-28,FO,NSE,IDO,45074,,NIFTY,,2026-08-18,2026-08-18,23700.00,CE,NIFTY2681823700CE,525.05,530.45,493.00,507.70,520.00,525.80,23985.35,507.70,9490,-910,76,119608869.25,65,F1,65,,,,,
2026-07-28,2026-07-28,FO,NSE,IDO,45069,,NIFTY,,2026-08-18,2026-08-18,23600.00,CE,NIFTY2681823600CE,568.95,613.70,560.70,589.50,589.50,608.65,23985.35,659.75,7150,-1170,49,77054458.00,41,F1,65,,,,,
2026-07-28,2026-07-28,FO,NSE,IDO,45065,,NIFTY,,2026-08-18,2026-08-18,23500.00,CE,NIFTY2681823500CE,698.60,698.60,650.00,656.00,656.00,675.20,23985.35,656.00,4420,-390,16,25136965.75,16,F1,65,,,,,
2026-07-28,2026-07-28,FO,NSE,IDO,45013,,NIFTY,,2026-08-18,2026-08-18,22500.00,CE,NIFTY2681822500CE,0.00,0.00,0.00,1729.30,0.00,1729.30,23985.35,1582.00,0,0,0,0.00,0,F1,65,,,,,
2026-07-28,2026-07-28,FO,NSE,IDO,44989,,NIFTY,,2026-08-18,2026-08-18,22100.00,CE,NIFTY2681822100CE,0.00,0.00,0.00,2100.90,0.00,2100.90,23985.35,1968.05,0,0,0,0.00,0,F1,65,,,,,
2026-07-28,2026-07-28,FO,NSE,IDO,44985,,NIFTY,,2026-08-18,2026-08-18,22050.00,CE,NIFTY2681822050CE,0.00,0.00,0.00,2148.45,0.00,2148.45,23985.35,2017.05,0,0,0,0.00,0,F1,65,,,,,
2026-07-28,2026-07-28,FO,NSE,IDO,41065,,NIFTY,,2026-08-11,2026-08-11,25700.00,CE,NIFTY2681125700CE,2.40,3.30,1.45,1.75,1.55,1.95,23985.35,1.75,9230,1755,210,350834029.00,94,F1,65,,,,,
2026-07-28,2026-07-28,FO,NSE,IDO,41039,,NIFTY,,2026-08-11,2026-08-11,25050.00,CE,NIFTY2681125050CE,8.45,8.85,6.00,7.05,7.00,10.00,23985.35,7.05,15275,-3055,379,617304723.75,157,F1,65,,,,,
2026-07-28,2026-07-28,FO,NSE,IDO,41033,,NIFTY,,2026-08-11,2026-08-11,24950.00,CE,NIFTY2681124950CE,0.00,0.00,0.00,335.80,0.00,335.80,23985.35,52.05,0,0,0,0.00,0,F1,65,,,,,
2026-07-28,2026-07-28,FO,NSE,IDO,41031,,NIFTY,,2026-08-11,2026-08-11,24900.00,CE,NIFTY2681124900CE,38.40,38.40,10.90,12.05,12.25,354.35,23985.35,12.05,73190,73190,3308,5356773451.25,1638,F1,65,,,,,
2026-07-28,2026-07-28,FO,NSE,IDO,41027,,NIFTY,,2026-08-11,2026-08-11,24800.00,CE,NIFTY2681124800CE,20.00,22.70,17.25,18.55,18.95,24.05,23985.35,18.55,423995,195325,16862,27203114107.00,9063,F1,65,,,,,
2026-07-28,2026-07-28,FO,NSE,IDO,40993,,NIFTY,,2026-08-11,2026-08-11,24050.00,CE,NIFTY2681124050CE,222.50,240.90,204.45,222.90,229.75,239.80,23985.35,222.90,87230,16185,4213,6647288592.75,3523,F1,65,,,,,
2026-07-28,2026-07-28,FO,NSE,IDO,40955,,NIFTY,,2026-08-11,2026-08-11,23150.00,CE,NIFTY2681123150CE,0.00,0.00,0.00,921.30,921.30,921.30,23985.35,937.35,195,0,0,0.00,0,F1,65,,,,,
2026-07-28,2026-07-28,FO,NSE,IDO,40907,,NIFTY,,2026-08-11,2026-08-11,22000.00,CE,NIFTY2681122000CE,0.00,0.00,0.00,2190.00,2190.00,2190.00,23985.35,2037.35,1950,0,0,0.00,0,F1,65,,,,,
2026-07-28,2026-07-28,FO,NSE,IDO,65691,,NIFTY,,2026-08-04,2026-08-04,23950.00,CE,NIFTY2680423950CE,209.80,219.10,173.90,191.85,205.00,217.15,23985.35,191.85,811395,410605,119670,187810264726.50,72487,F1,65,,,,,
2026-07-28,2026-07-28,FO,NSE,IDO,65674,,NIFTY,,2026-08-04,2026-08-04,23550.00,CE,NIFTY2680423550CE,484.65,541.15,469.80,510.75,520.00,531.75,23985.35,510.75,41145,27235,917,1433453615.75,758,F1,65,,,,,
2026-07-28,2026-07-28,FO,NSE,IDO,65417,,NIFTY,,2026-08-04,2026-08-04,22200.00,CE,NIFTY2680422200CE,0.00,0.00,0.00,1838.35,0.00,1838.35,23985.35,1811.25,0,0,0,0.00,0,F1,65,,,,,
2026-07-28,2026-07-28,FO,NSE,IDO,65202,,NIFTY,,2026-08-04,2026-08-04,21800.00,CE,NIFTY2680421800CE,2220.00,2220.00,2220.00,2220.00,2220.00,2206.50,23985.35,2210.75,65,65,1,1561300.00,1,F1,65,,,,,
2026-07-28,2026-07-28,FO,NSE,IDO,65126,,NIFTY,,2026-08-04,2026-08-04,21600.00,CE,NIFTY2680421600CE,0.00,0.00,0.00,2447.25,2447.25,2447.25,23985.35,2410.50,1040,0,0,0.00,0,F1,65,,,,,
2026-07-28,2026-07-28,FO,NSE,IDO,64039,,NIFTY,,2026-07-28,2026-07-28,26200.00,CE,NIFTY26JUL26200CE,0.35,0.45,0.05,0.05,0.05,0.30,23985.35,23985.35,211120,6500,18326,31209462618.75,6900,F1,65,,,,,
2026-07-28,2026-07-28,FO,NSE,IDO,64000,,NIFTY,,2026-07-28,2026-07-28,25450.00,CE,NIFTY26JUL25450CE,0.55,0.60,0.05,0.10,0.05,0.55,23985.35,23985.35,327665,58110,37141,61441156097.75,7400,F1,65,,,,,
2026-07-28,2026-07-28,FO,NSE,IDO,63991,,NIFTY,,2026-07-28,2026-07-28,25250.00,CE,NIFTY26JUL25250CE,0.45,0.50,0.05,0.05,0.05,0.50,23985.35,23985.35,709930,-183885,38840,63746932219.75,6487,F1,65,,,,,
2026-07-28,2026-07-28,FO,NSE,IDO,63959,,NIFTY,,2026-07-28,2026-07-28,24500.00,CE,NIFTY26JUL24500CE,0.85,1.10,0.05,0.10,0.05,1.90,23985.35,23985.35,9498320,-892255,1987621,3165362704494.25,335900,F1,65,,,,,
2026-07-28,2026-07-28,FO,NSE,IDO,63887,,NIFTY,,2026-07-28,2026-07-28,22800.00,CE,NIFTY26JUL22800CE,1208.15,1235.00,1154.50,1159.35,1167.80,1217.50,23985.35,23985.35,9230,-195,32,49912463.25,18,F1,65,,,,,
2026-07-28,2026-07-28,FO,NSE,IDO,63873,,NIFTY,,2026-07-28,2026-07-28,22450.00,CE,NIFTY26JUL22450CE,0.00,0.00,0.00,1400.00,1400.00,1400.00,23985.35,23985.35,325,0,0,0.00,0,F1,65,,,,,
2026-07-28,2026-07-28,FO,NSE,IDO,63815,,NIFTY,,2026-07-28,2026-07-28,21200.00,CE,NIFTY26JUL21200CE,0.00,0.00,0.00,2521.10,2521.10,2521.10,23985.35,23985.35,195,0,0,0.00,0,F1,65,,,,,
2026-07-28,2026-07-28,FO,NSE,IDO,55563,,NIFTY,,2029-06-26,2029-06-26,25500.00,PE,NIFTY29JUN25500PE,0.00,0.00,0.00,624.25,0.00,624.25,23985.35,1345.90,0,0,0,0.00,0,F1,65,,,,,
2026-07-28,2026-07-28,FO,NSE,IDO,89637,,NIFTY,,2029-06-26,2029-06-26,27000.00,PE,NIFTY29JUN27000PE,0.00,0.00,0.00,1252.35,0.00,1252.35,23985.35,1858.60,0,0,0,0.00,0,F1,65,,,,,
2026-07-28,2026-07-28,FO,NSE,IDO,89643,,NIFTY,,2029-06-26,2029-06-26,30000.00,PE,NIFTY29JUN30000PE,0.00,0.00,0.00,2031.05,0.00,2031.05,23985.35,3163.80,0,0,0,0.00,0,F1,65,,,,,
2026-07-28,2026-07-28,FO,NSE,IDO,61749,,NIFTY,,2029-12-24,2029-12-24,24000.00,PE,NIFTY29DEC24000PE,0.00,0.00,0.00,1000.00,1000.00,1000.00,23985.35,901.30,390,0,0,0.00,0,F1,65,,,,,
2026-07-28,2026-07-28,FO,NSE,IDO,55649,,NIFTY,,2030-06-25,2030-06-25,28500.00,PE,NIFTY30JUN28500PE,0.00,0.00,0.00,1167.60,0.00,1167.60,23985.35,2135.95,0,0,0,0.00,0,F1,65,,,,,
2026-07-28,2026-07-28,FO,NSE,IDO,55755,,NIFTY,,2030-12-31,2030-12-31,24000.00,PE,NIFTY30DEC24000PE,0.00,0.00,0.00,1309.95,1309.95,1309.95,23985.35,829.45,325,0,0,0.00,0,F1,65,,,,,
2026-07-28,2026-07-28,FO,NSE,IDO,74644,,NIFTY,,2031-06-24,2031-06-24,19500.00,PE,NIFTY31JUN19500PE,0.00,0.00,0.00,289.20,0.00,289.20,23985.35,231.55,0,0,0,0.00,0,F1,65,,,,,
2026-07-28,2026-07-28,FO,NSE,IDO,61776,,NIFTY,,2026-08-25,2026-08-25,24600.00,PE,NIFTY26AUG24600PE,639.95,642.40,580.15,607.05,591.20,617.10,23985.35,607.05,165815,23010,818,1340140347.00,608,F1,65,,,,,
2026-07-28,2026-07-28,FO,NSE,IDO,41048,,NIFTY,,2026-08-11,2026-08-11,25250.00,PE,NIFTY2681125250PE,0.00,0.00,0.00,985.30,985.30,985.30,23985.35,1230.05,65,0,0,0.00,0,F1,65,,,,,
2026-07-28,2026-07-28,FO,NSE,IDO,41036,,NIFTY,,2026-08-11,2026-08-11,24950.00,PE,NIFTY2681124950PE,0.00,0.00,0.00,717.50,717.50,717.50,23985.35,958.70,65,0,0,0.00,0,F1,65,,,,,
2026-07-28,2026-07-28,FO,NSE,IDO,41026,,NIFTY,,2026-08-11,2026-08-11,24750.00,PE,NIFTY2681124750PE,0.00,0.00,0.00,576.00,576.00,576.00,23985.35,789.80,65,0,0,0.00,0,F1,65,,,,,
2026-07-28,2026-07-28,FO,NSE,IDO,40962,,NIFTY,,2026-08-11,2026-08-11,23300.00,PE,NIFTY2681123300PE,38.00,38.85,27.35,29.50,27.40,37.30,23985.35,29.50,359645,164775,10223,15503960904.25,7203,F1,65,,,,,
2026-07-28,2026-07-28,FO,NSE,IDO,40886,,NIFTY,,2026-08-11,2026-08-11,21650.00,PE,NIFTY2681121650PE,4.75,6.00,3.00,4.00,4.00,6.00,23985.35,0.15,4420,-585,76,106971403.50,24,F1,65,,,,,
2026-07-28,2026-07-28,FO,NSE,IDO,65927,,NIFTY,,2026-08-04,2026-08-04,25200.00,PE,NIFTY2680425200PE,1142.00,1190.00,1136.00,1169.45,1146.40,1135.60,23985.35,1169.45,51090,13715,215,368483355.50,166,F1,65,,,,,
2026-07-28,2026-07-28,FO,NSE,IDO,65925,,NIFTY,,2026-08-04,2026-08-04,25150.00,PE,NIFTY2680425150PE,1115.00,1118.00,1080.00,1090.00,1090.00,1212.00,23985.35,1140.40,1235,975,17,28994745.00,11,F1,65,,,,,
2026-07-28,2026-07-28,FO,NSE,IDO,65913,,NIFTY,,2026-08-04,2026-08-04,24900.00,PE,NIFTY2680424900PE,864.65,890.00,833.55,877.45,845.55,850.10,23985.35,877.45,14950,5265,114,190861957.00,86,F1,65,,,,,
2026-07-28,2026-07-28,FO,NSE,IDO,65524,,NIFTY,,2026-08-04,2026-08-04,23150.00,PE,NIFTY2680423150PE,11.10,11.10,5.80,6.30,5.95,10.80,23985.35,6.30,545870,158925,21458,32298757244.00,11527,F1,65,,,,,
2026-07-28,2026-07-28,FO,NSE,IDO,65446,,NIFTY,,2026-08-04,2026-08-04,22750.00,PE,NIFTY2680422750PE,6.00,6.10,3.10,3.50,3.15,6.30,23985.35,3.50,201955,-6825,8435,12475529501.50,3753,F1,65,,,,,
2026-07-28,2026-07-28,FO,NSE,IDO,65436,,NIFTY,,2026-08-04,2026-08-04,22550.00,PE,NIFTY2680422550PE,5.85,5.85,2.30,2.65,2.30,4.90,23985.35,2.65,52455,-13910,4538,6652524079.50,2203,F1,65,,,,,
2026-07-28,2026-07-28,FO,NSE,IDO,65432,,NIFTY,,2026-08-04,2026-08-04,22450.00,PE,NIFTY2680422450PE,4.10,4.55,2.10,2.40,2.40,4.70,23985.35,2.40,59150,-2470,3475,5071566877.00,1465,F1,65,,,,,
2026-07-28,2026-07-28,FO,NSE,IDO,65424,,NIFTY,,2026-08-04,2026-08-04,22300.00,PE,NIFTY2680422300PE,3.80,3.90,1.75,2.05,1.95,3.95,23985.35,2.05,387660,197600,18487,26800073014.00,6988,F1,65,,,,,
2026-07-28,2026-07-28,FO,NSE,IDO,65245,,NIFTY,,2026-08-04,2026-08-04,21900.00,PE,NIFTY2680421900PE,2.90,2.95,1.55,1.80,1.55,3.20,23985.35,1.80,108355,10725,4137,5889595734.75,1702,F1,65,,,,,
2026-07-28,2026-07-28,FO,NSE,IDO,65167,,NIFTY,,2026-08-04,2026-08-04,21750.00,PE,NIFTY2680421750PE,3.00,3.00,1.40,1.50,1.40,2.85,23985.35,1.50,8645,-780,225,318125593.50,174,F1,65,,,,,
2026-07-28,2026-07-28,FO,NSE,IDO,63997,,NIFTY,,2026-07-28,2026-07-28,25350.00,PE,NIFTY26JUL25350PE,0.00,0.00,0.00,1327.45,1315.00,1327.45,23985.35,23985.35,1040,0,0,0.00,0,F1,65,,,,,
2026-07-28,2026-07-28,FO,NSE,IDO,63904,,NIFTY,,2026-07-28,2026-07-28,23200.00,PE,NIFTY26JUL23200PE,0.90,1.05,0.05,0.05,0.05,2.10,23985.35,23985.35,5510570,289185,790817,1192581025486.50,102814,F1,65,,,,,
2026-07-28,2026-07-28,FO,NSE,IDO,63900,,NIFTY,,2026-07-28,2026-07-28,23100.00,PE,NIFTY26JUL23100PE,0.90,0.95,0.05,0.05,0.05,1.90,23985.35,23985.35,2783495,-27950,477549,717056559755.25,61805,F1,65,,,,,
2026-07-28,2026-07-28,FO,NSE,IDO,63890,,NIFTY,,2026-07-28,2026-07-28,22850.00,PE,NIFTY26JUL22850PE,0.65,1.25,0.05,0.05,0.05,1.55,23985.35,23985.35,652535,-83915,95227,141439085781.50,12921,F1,65,,,,,
2026-07-28,2026-07-28,FO,NSE,IDO,63862,,NIFTY,,2026-07-28,2026-07-28,22150.00,PE,NIFTY26JUL22150PE,0.90,0.90,0.05,0.10,0.05,1.00,23985.35,23985.35,102050,42380,8646,12448299035.25,2131,F1,65,,,,,
2026-07-28,2026-07-28,FO,NSE,IDO,63856,,NIFTY,,2026-07-28,2026-07-28,22000.00,PE,NIFTY26JUL22000PE,0.70,0.80,0.05,0.10,0.05,0.90,23985.35,23985.35,1686620,-1229605,103288,147704665189.25,14245,F1,65,,,,,
2026-07-28,2026-07-28,FO,NSE,IDO,63814,,NIFTY,,2026-07-28,2026-07-28,21150.00,PE,NIFTY26JUL21150PE,0.35,0.55,0.05,0.10,0.05,0.55,23985.35,23985.35,122070,-30550,6969,9580712336.00,2049,F1,65,,,,,
2026-07-28,2026-07-28,FO,NSE,IDO,55698,,NIFTY,,2030-12-31,2030-12-31,18000.00,CE,NIFTY30DEC18000CE,0.00,0.00,0.00,12674.15,0.00,12674.15,23985.35,10692.30,0,0,0,0.00,0,F1,65,,,,,
2026-07-28,2026-07-28,FO,NSE,IDO,61748,,NIFTY,,2029-12-24,2029-12-24,24000.00,CE,NIFTY29DEC24000CE,0.00,0.00,0.00,7730.00,0.00,7730.00,23985.35,5737.70,0,0,0,0.00,0,F1,65,,,,,
2026-07-28,2026-07-28,FO,NSE,IDO,55566,,NIFTY,,2029-06-26,2029-06-26,31500.00,CE,NIFTY29JUN31500CE,0.00,0.00,0.00,2878.65,0.00,2878.65,23985.35,1958.55,0,0,0,0.00,0,F1,65,,,,,
2026-07-28,2026-07-28,FO,NSE,IDO,55526,,NIFTY,,2028-12-26,2028-12-26,31500.00,CE,NIFTY28DEC31500CE,0.00,0.00,0.00,2327.60,0.00,2327.60,23985.35,1446.85,0,0,0,0.00,0,F1,65,,,,,
2026-07-28,2026-07-28,FO,NSE,IDO,55520,,NIFTY,,2028-12-26,2028-12-26,22500.00,CE,NIFTY28DEC22500CE,0.00,0.00,0.00,7382.90,0.00,7382.90,23985.35,5414.65,0,0,0,0.00,0,F1,65,,,,,
2026-07-28,2026-07-28,FO,NSE,IDO,35352,,NIFTY,,2028-06-27,2028-06-27,30000.00,CE,NIFTY28JUN30000CE,0.00,0.00,0.00,2278.45,0.00,2278.45,23985.35,1309.40,0,0,0,0.00,0,F1,65,,,,,
2026-07-28,2026-07-28,FO,NSE,IDO,86151,,NIFTY,,2028-06-27,2028-06-27,24000.00,CE,NIFTY28JUN24000CE,0.00,0.00,0.00,3918.85,0.00,3918.85,23985.35,3808.55,0,0,0,0.00,0,F1,65,,,,,
2026-07-28,2026-07-28,FO,NSE,IDO,53603,,NIFTY,,2027-12-28,2027-12-28,18000.00,CE,NIFTY27DEC18000CE,0.00,0.00,0.00,6285.70,0.00,6285.70,23985.35,7642.45,0,0,0,0.00,0,F1,65,,,,,
2026-07-28,2026-07-28,FO,NSE,IDO,80249,,NIFTY,,2027-03-30,2027-03-30,19500.00,CE,NIFTY27MAR19500CE,0.00,0.00,0.00,4365.40,0.00,4365.40,23985.35,5371.45,0,0,0,0.00,0,F1,65,,,,,
2026-07-28,2026-07-28,FO,NSE,IDO,58642,,NIFTY,,2026-12-29,2026-12-29,19000.00,CE,NIFTY26DEC19000CE,5490.00,5524.65,5435.35,5479.60,5475.00,5459.00,23985.35,5479.60,57980,-2210,124,197432075.75,121,F1,65,,,,,
2026-07-28,2026-07-28,FO,NSE,IDO,55322,,NIFTY,,2026-12-29,2026-12-29,16500.00,CE,NIFTY26DEC16500CE,0.00,0.00,0.00,10405.00,0.00,10405.00,23985.35,7939.90,0,0,0,0.00,0,F1,65,,,,,
2026-07-28,2026-07-28,FO,NSE,IDO,65929,,NIFTY,,2026-09-29,2026-09-29,33000.00,CE,NIFTY26SEP33000CE,1.75,1.75,1.40,1.40,1.40,1.65,23985.35,0.00,28990,845,14,30031537.25,3,F1,65,,,,,
2026-07-28,2026-07-28,FO,NSE,IDO,74370,,NIFTY,,2026-09-29,2026-09-29,25150.00,CE,NIFTY26SEP25150CE,146.75,157.55,129.75,132.50,135.65,140.15,23985.35,132.50,38870,3120,175,287623306.75,110,F1,65,,,,,
2026-07-28,2026-07-28,FO,NSE,IDO,74116,,NIFTY,,2026-09-29,2026-09-29,24450.00,CE,NIFTY26SEP24450CE,376.00,388.40,364.40,369.50,376.20,353.00,23985.35,369.50,4875,-650,36,58093870.25,30,F1,65,,,,,
2026-07-28,2026-07-28,FO,NSE,IDO,74060,,NIFTY,,2026-09-29,2026-09-29,24050.00,CE,NIFTY26SEP24050CE,590.40,600.65,573.55,582.45,590.00,586.15,23985.35,582.45,5720,-195,76,121723426.50,47,F1,65,,,,,
2026-07-28,2026-07-28,FO,NSE,IDO,74003,,NIFTY,,2026-09-29,2026-09-29,23600.00,CE,NIFTY26SEP23600CE,874.00,894.00,864.75,876.35,891.95,870.00,23985.35,876.35,5655,-455,23,36593566.75,20,F1,65,,,,,
2026-07-28,2026-07-28,FO,NSE,IDO,73923,,NIFTY,,2026-09-29,2026-09-29,23300.00,CE,NIFTY26SEP23300CE,1070.60,1122.10,1070.60,1103.00,1103.00,968.00,23985.35,1235.35,1170,0,5,7926990.50,5,F1,65,,,,,
2026-07-28,2026-07-28,FO,NSE,IDO,73904,,NIFTY,,2026-09-29,2026-09-29,23050.00,CE,NIFTY26SEP23050CE,0.00,0.00,0.00,1394.20,1394.20,1394.20,23985.35,1416.80,650,0,0,0.00,0,F1,65,,,,,
2026-07-28,2026-07-28,FO,NSE,IDO,73889,,NIFTY,,2026-09-29,2026-09-29,22650.00,CE,NIFTY26SEP22650CE,0.00,0.00,0.00,1410.05,1410.05,1410.05,23985.35,1731.15,325,0,0,0.00,0,F1,65,,,,,
2026-07-28,2026-07-28,FO,NSE,IDO,73867,,NIFTY,,2026-09-29,2026-09-29,22050.00,CE,NIFTY26SEP22050CE,0.00,0.00,0.00,2284.20,0.00,2284.20,23985.35,2248.30,0,0,0,0.00,0,F1,65,,,,,
2026-07-28,2026-07-28,FO,NSE,IDO,47063,,NIFTY,,2026-09-01,2026-09-01,25950.00,CE,NIFTY2690125950CE,0.00,0.00,0.00,97.35,0.00,97.35,23985.35,48.20,0,0,0,0.00,0,F1,65,,,,,
2026-07-28,2026-07-28,FO,NSE,IDO,47061,,NIFTY,,2026-09-01,2026-09-01,25900.00,CE,NIFTY2690125900CE,31.90,31.90,9.10,10.05,9.90,103.90,23985.35,10.05,3770,3770,209,352000070.50,101,F1,65,,,,,
2026-07-28,2026-07-28,FO,NSE,IDO,47057,,NIFTY,,2026-09-01,2026-09-01,25800.00,CE,NIFTY2690125800CE,0.00,0.00,0.00,118.10,0.00,118.10,23985.35,61.10,0,0,0,0.00,0,F1,65,,,,,
2026-07-28,2026-07-28,FO,NSE,IDO,47025,,NIFTY,,2026-09-01,2026-09-01,25000.00,CE,NIFTY2690125000CE,63.40,70.05,59.30,62.40,64.65,69.00,23985.35,62.40,37375,27430,659,1073695155.00,367,F1,65,,,,,
2026-07-28,2026-07-28,FO,NSE,IDO,47001,,NIFTY,,2026-09-01,2026-09-01,24400.00,CE,NIFTY2690124400CE,233.05,233.05,214.20,226.85,226.85,233.05,23985.35,380.20,260,0,13,20806451.25,10,F1,65,,,,,
2026-07-28,2026-07-28,FO,NSE,IDO,46999,,NIFTY,,2026-09-01,2026-09-01,24350.00,CE,NIFTY2690124350CE,0.00,0.00,0.00,556.30,0.00,556.30,23985.35,400.80,0,0,0,0.00,0,F1,65,,,,,
2026-07-28,2026-07-28,FO,NSE,IDO,46995,,NIFTY,,2026-09-01,2026-09-01,24250.00,CE,NIFTY2690124250CE,0.00,0.00,0.00,606.50,0.00,606.50,23985.35,444.40,0,0,0,0.00,0,F1,65,,,,,
2026-07-28,2026-07-28,FO,NSE,IDO,46985,,NIFTY,,2026-09-01,2026-09-01,24000.00,CE,NIFTY2690124000CE,425.00,448.60,404.15,426.05,433.00,436.65,23985.35,426.05,7865,1170,118,187369601.25,85,F1,65,,,,,
2026-07-28,2026-07-28,FO,NSE,IDO,46959,,NIFTY,,2026-09-01,2026-09-01,23350.00,CE,NIFTY2690123350CE,0.00,0.00,0.00,1182.50,0.00,1182.50,23985.35,977.95,0,0,0,0.00,0,F1,65,,,,,
2026-07-28,2026-07-28,FO,NSE,IDO,61913,,NIFTY,,2026-08-25,2026-08-25,25100.00,CE,NIFTY26AUG25100CE,36.10,38.00,30.85,32.80,32.75,35.35,23985.35,32.80,574015,85865,8712,14232975968.25,5259,F1,65,,,,,
2026-07-28,2026-07-28,FO,NSE,IDO,61855,,NIFTY,,2026-08-25,2026-08-25,24850.00,CE,NIFTY26AUG24850CE,65.45,69.65,58.50,62.00,62.10,67.90,23985.35,62.00,84045,4810,1061,1718101492.25,718,F1,65,,,,,
2026-07-28,2026-07-28,FO,NSE,IDO,61610,,NIFTY,,2026-08-25,2026-08-25,24100.00,CE,NIFTY26AUG24100CE,327.60,349.00,298.00,319.20,319.10,324.70,23985.35,319.20,1903525,307125,21188,33634213187.25,15926,F1,65,,,,,
2026-07-28,2026-07-28,FO,NSE,IDO,61499,,NIFTY,,2026-08-25,2026-08-25,23500.00,CE,NIFTY26AUG23500CE,700.30,751.80,681.80,716.35,725.05,723.35,23985.35,716.35,616525,31785,4399,6924613215.00,2666,F1,65,,,,,
2026-07-28,2026-07-28,FO,NSE,IDO,61493,,NIFTY,,2026-08-25,2026-08-25,23450.00,CE,NIFTY26AUG23450CE,746.05,767.90,746.00,755.90,755.90,750.95,23985.35,833.85,2405,-325,9,14158270.75,8,F1,65,,,,,
2026-07-28,2026-07-28,FO,NSE,IDO,61422,,NIFTY,,2026-08-25,2026-08-25,22850.00,CE,NIFTY26AUG22850CE,1268.00,1268.65,1268.00,1268.65,1268.65,1120.00,23985.35,1309.90,715,-260,4,6270806.75,4,F1,65,,,,,
2026-07-28,2026-07-28,FO,NSE,IDO,61416,,NIFTY,,2026-08-25,2026-08-25,22800.00,CE,NIFTY26AUG22800CE,1335.00,1349.15,1323.95,1342.00,1340.00,1324.40,23985.35,1342.00,7540,0,6,9414681.25,5,F1,65,,,,,
2026-07-28,2026-07-28,FO,NSE,IDO,61380,,NIFTY,,2026-08-25,2026-08-25,22400.00,CE,NIFTY26AUG22400CE,0.00,0.00,0.00,1643.35,1643.35,1643.35,23985.35,1716.20,2080,0,0,0.00,0,F1,65,,,,,
2026-07-28,2026-07-28,FO,NSE,IDO,61372,,NIFTY,,2026-08-25,2026-08-25,22250.00,CE,NIFTY26AUG22250CE,0.00,0.00,0.00,1585.40,1585.40,1585.40,23985.35,1857.60,65,0,0,0.00,0,F1,65,,,,,
2026-07-28,2026-07-28,FO,NSE,IDO,61366,,NIFTY,,2026-08-25,2026-08-25,22200.00,CE,NIFTY26AUG22200CE,1900.00,1900.00,1900.00,1900.00,1900.00,1804.60,23985.35,1905.20,390,65,1,1566500.00,1,F1,65,,,,,
2026-07-28,2026-07-28,FO,NSE,IDO,61352,,NIFTY,,2026-08-25,2026-08-25,22000.00,CE,NIFTY26AUG22000CE,2090.70,2144.40,2058.75,2103.05,2110.00,2096.75,23985.35,2103.05,650195,108680,2990,4684753563.75,2510,F1,65,,,,,
2026-07-28,2026-07-28,FO,NSE,IDO,45204,,NIFTY,,2026-08-18,2026-08-18,26050.00,CE,NIFTY2681826050CE,0.00,0.00,0.00,2.50,2.50,2.50,23985.35,9.40,260,0,0,0.00,0,F1,65,,,,,
2026-07-28,2026-07-28,FO,NSE,IDO,45158,,NIFTY,,2026-08-18,2026-08-18,25250.00,CE,NIFTY2681825250CE,0.00,0.00,0.00,152.50,0.00,152.50,23985.35,56.70,0,0,0,0.00,0,F1,65,,,,,
2026-07-28,2026-07-28,FO,NSE,IDO,45142,,NIFTY,,2026-08-18,2026-08-18,24850.00,CE,NIFTY2681824850CE,0.00,0.00,0.00,250.30,0.00,250.30,23985.35,119.35,0,0,0,0.00,0,F1,65,,,,,
2026-07-28,2026-07-28,FO,NSE,IDO,45108,,NIFTY,,2026-08-18,2026-08-18,24450.00,CE,NIFTY2681824450CE,128.20,128.20,108.15,111.80,115.20,126.20,23985.35,111.80,7540,-130,66,105389521.25,55,F1,65,,,,,
2026-07-28,2026-07-28,FO,NSE,IDO,45094,,NIFTY,,2026-08-18,2026-08-18,24100.00,CE,NIFTY2681824100CE,250.05,277.95,242.10,254.15,266.90,270.60,23985.35,254.15,77935,38935,1436,2273615467.50,1091,F1,65,,,,,
2026-07-28,2026-07-28,FO,NSE,IDO,45045,,NIFTY,,2026-08-18,2026-08-18,23100.00,CE,NIFTY2681823100CE,0.00,0.00,0.00,1040.00,1040.00,1040.00,23985.35,1041.65,975,0,0,0.00,0,F1,65,,,,,
2026-07-28,2026-07-28,FO,NSE,IDO,45007,,NIFTY,,2026-08-18,2026-08-18,22400.00,CE,NIFTY2681822400CE,0.00,0.00,0.00,1820.55,0.00,1820.55,23985.35,1677.25,0,0,0,0.00,0,F1,65,,,,,
2026-07-28,2026-07-28,FO,NSE,IDO,44993,,NIFTY,,2026-08-18,2026-08-18,22200.00,CE,NIFTY2681822200CE,0.00,0.00,0.00,2006.50,0.00,2006.50,23985.35,1870.45,0,0,0,0.00,0,F1,65,,,,,
2026-07-28,2026-07-28,FO,NSE,IDO,41043,,NIFTY,,2026-08-11,2026-08-11,25150.00,CE,NIFTY2681125150CE,6.10,6.70,4.30,4.90,5.00,7.10,23985.35,4.90,18265,-130,497,812648343.00,248,F1,65,,,,,
2026-07-28,2026-07-28,FO,NSE,IDO,40957,,NIFTY,,2026-08-11,2026-08-11,23200.00,CE,NIFTY2681123200CE,0.00,0.00,0.00,889.35,889.35,889.35,23985.35,894.25,4030,0,0,0.00,0,F1,65,,,,,
2026-07-28,2026-07-28,FO,NSE,IDO,40931,,NIFTY,,2026-08-11,2026-08-11,22550.00,CE,NIFTY2681122550CE,0.00,0.00,0.00,2006.75,0.00,2006.75,23985.35,1495.25,0,0,0,0.00,0,F1,65,,,,,
2026-07-28,2026-07-28,FO,NSE,IDO,40923,,NIFTY,,2026-08-11,2026-08-11,22400.00,CE,NIFTY2681122400CE,0.00,0.00,0.00,2148.50,0.00,2148.50,23985.35,1641.75,0,0,0,0.00,0,F1,65,,,,,
2026-07-28,2026-07-28,FO,NSE,IDO,65926,,NIFTY,,2026-08-04,2026-08-04,25200.00,CE,NIFTY2680425200CE,1.55,2.00,1.20,1.30,1.25,1.75,23985.35,1.30,2650505,1320085,90785,148714253044.50,21992,F1,65,,,,,
2026-07-28,2026-07-28,FO,NSE,IDO,65910,,NIFTY,,2026-08-04,2026-08-04,24850.00,CE,NIFTY2680424850CE,5.75,5.75,2.85,3.25,3.10,5.65,23985.35,3.25,408785,86905,17770,28707041775.75,8140,F1,65,,,,,
2026-07-28,2026-07-28,FO,NSE,IDO,65680,,NIFTY,,2026-08-04,2026-08-04,23700.00,CE,NIFTY2680423700CE,393.30,408.00,344.35,371.95,385.00,395.35,23985.35,371.95,349310,-43095,14770,23114099531.25,9690,F1,65,,,,,
2026-07-28,2026-07-28,FO,NSE,IDO,65449,,NIFTY,,2026-08-04,2026-08-04,22850.00,CE,NIFTY2680422850CE,0.00,0.00,0.00,1360.60,1360.60,1360.60,23985.35,1165.15,65,0,0,0.00,0,F1,65,,,,,
2026-07-28,2026-07-28,FO,NSE,IDO,65437,,NIFTY,,2026-08-04,2026-08-04,22600.00,CE,NIFTY2680422600CE,0.00,0.00,0.00,1491.15,0.00,1491.15,23985.35,1412.45,0,0,0,0.00,0,F1,65,,,,,
2026-07-28,2026-07-28,FO,NSE,IDO,65423,,NIFTY,,2026-08-04,2026-08-04,22300.00,CE,NIFTY2680422300CE,0.00,0.00,0.00,1749.25,0.00,1749.25,23985.35,1711.40,0,0,0,0.00,0,F1,65,,,,,
2026-07-28,2026-07-28,FO,NSE,IDO,65244,,NIFTY,,2026-08-04,2026-08-04,21900.00,CE,NIFTY2680421900CE,2148.55,2148.55,2145.00,2146.20,2146.20,2112.90,23985.35,2146.20,390,390,8,12503708.75,8,F1,65,,,,,
2026-07-28,2026-07-28,FO,NSE,IDO,64006,,NIFTY,,2026-07-28,2026-07-28,25600.00,CE,NIFTY26JUL25600CE,0.35,0.40,0.05,0.10,0.05,0.50,23985.35,23985.35,510705,-337935,29233,48644252871.50,4991,F1,65,,,,,
2026-07-28,2026-07-28,FO,NSE,IDO,63973,,NIFTY,,2026-07-28,2026-07-28,24850.00,CE,NIFTY26JUL24850CE,0.50,0.70,0.05,0.10,0.05,0.80,23985.35,23985.35,1238120,-194155,127516,205973966448.25,20128,F1,65,,,,,
2026-07-28,2026-07-28,FO,NSE,IDO,63949,,NIFTY,,2026-07-28,2026-07-28,24250.00,CE,NIFTY26JUL24250CE,3.50,4.55,0.05,0.10,0.05,7.60,23985.35,23985.35,4757935,-1106105,2458301,3875126789784.25,365338,F1,65,,,,,
2026-07-28,2026-07-28,FO,NSE,IDO,63923,,NIFTY,,2026-07-28,2026-07-28,23650.00,CE,NIFTY26JUL23650CE,339.55,391.10,294.50,324.75,335.80,382.45,23985.35,23985.35,384020,-260195,23606,36823735939.25,11263,F1,65,,,,,
2026-07-28,2026-07-28,FO,NSE,IDO,63857,,NIFTY,,2026-07-28,2026-07-28,22050.00,CE,NIFTY26JUL22050CE,0.00,0.00,0.00,1825.05,1825.05,1825.05,23985.35,23985.35,65,0,0,0.00,0,F1,65,,,,,
2026-07-28,2026-07-28,FO,NSE,IDO,63842,,NIFTY,,2026-07-28,2026-07-28,21700.00,CE,NIFTY26JUL21700CE,0.00,0.00,0.00,2305.00,2305.00,2305.00,23985.35,23985.35,0,0,0,0.00,0,F1,65,,,,,
2026-07-28,2026-07-28,FO,NSE,IDO,63819,,NIFTY,,2026-07-28,2026-07-28,21300.00,CE,NIFTY26JUL21300CE,2729.55,2729.55,2729.55,2729.55,2729.55,2615.00,23985.35,23985.35,2015,0,1,1561920.75,1,F1,65,,,,,
2026-07-28,2026-07-28,FO,NSE,IDO,63813,,NIFTY,,2026-07-28,2026-07-28,21150.00,CE,NIFTY26JUL21150CE,0.00,0.00,0.00,2502.70,2502.70,2502.70,23985.35,23985.35,130,0,0,0.00,0,F1,65,,,,,
2026-07-28,2026-07-28,FO,NSE,IDF,68407,,NIFTY,,2026-09-29,2026-09-29,,,NIFTY26SEPFUT,24200.10,24278.00,24185.10,24236.80,24260.00,24237.20,23985.35,24236.80,963430,88660,3277,5162716058.50,2298,F1,65,,,,,
2026-07-28,2026-07-28,FO,NSE,IDO,46970,,NIFTY,,2026-09-01,2026-09-01,23600.00,PE,NIFTY2690123600PE,171.90,171.90,155.05,155.85,155.70,271.95,23985.35,155.85,910,650,25,38615694.00,16,F1,65,,,,,
2026-07-28,2026-07-28,FO,NSE,IDO,47014,,NIFTY,,2026-09-01,2026-09-01,24700.00,PE,NIFTY2690124700PE,0.00,0.00,0.00,856.35,856.35,856.35,23985.35,830.40,65,0,0,0.00,0,F1,65,,,,,
2026-07-28,2026-07-28,FO,NSE,IDO,47040,,NIFTY,,2026-09-01,2026-09-01,25350.00,PE,NIFTY2690125350PE,0.00,0.00,0.00,1189.00,0.00,1189.00,23985.35,1322.85,0,0,0,0.00,0,F1,65,,,,,
2026-07-28,2026-07-28,FO,NSE,IDO,47052,,NIFTY,,2026-09-01,2026-09-01,25650.00,PE,NIFTY2690125650PE,0.00,0.00,0.00,1426.15,0.00,1426.15,23985.35,1579.20,0,0,0,0.00,0,F1,65,,,,,
2026-07-28,2026-07-28,FO,NSE,IDO,65882,,NIFTY,,2026-09-29,2026-09-29,15000.00,PE,NIFTY26SEP15000PE,2.70,5.00,2.70,3.20,3.20,3.80,23985.35,3.20,54860,2860,121,118003668.25,30,F1,65,,,,,
2026-07-28,2026-07-28,FO,NSE,IDO,73858,,NIFTY,,2026-09-29,2026-09-29,21900.00,PE,NIFTY26SEP21900PE,38.70,38.70,34.70,35.10,34.70,39.15,23985.35,35.10,31915,-780,173,246682650.50,97,F1,65,,,,,
2026-07-28,2026-07-28,FO,NSE,IDO,55285,,NIFTY,,2026-09-29,2026-09-29,22500.00,PE,NIFTY26SEP22500PE,68.00,77.25,63.60,65.50,63.60,71.25,23985.35,65.50,1467505,23790,7141,10475109479.25,3386,F1,65,,,,,
2026-07-28,2026-07-28,FO,NSE,IDO,73890,,NIFTY,,2026-09-29,2026-09-29,22650.00,PE,NIFTY26SEP22650PE,83.40,84.90,76.00,76.70,76.00,84.00,23985.35,76.70,9555,65,27,39889619.25,21,F1,65,,,,,
2026-07-28,2026-07-28,FO,NSE,IDO,65907,,NIFTY,,2026-09-29,2026-09-29,27000.00,PE,NIFTY26SEP27000PE,2695.00,2734.15,2685.00,2714.05,2687.10,2709.45,23985.35,2714.05,1430225,11915,434,838131989.50,405,F1,65,,,,,
2026-07-28,2026-07-28,FO,NSE,IDO,55291,,NIFTY,,2026-09-29,2026-09-29,31500.00,PE,NIFTY26SEP31500PE,0.00,0.00,0.00,4341.20,0.00,4341.20,23985.35,7156.85,0,0,0,0.00,0,F1,65,,,,,
2026-07-28,2026-07-28,FO,NSE,IDO,80191,,NIFTY,,2027-03-30,2027-03-30,16500.00,PE,NIFTY27MAR16500PE,0.00,0.00,0.00,38.00,38.00,38.00,23985.35,0.90,1625,0,0,0.00,0,F1,65,,,,,
2026-07-28,2026-07-28,FO,NSE,IDO,71550,,NIFTY,,2027-06-29,2027-06-29,19000.00,PE,NIFTY27JUN19000PE,0.00,0.00,0.00,195.00,195.00,195.00,23985.35,44.60,1135,0,0,0.00,0,F1,65,,,,,
2026-07-28,2026-07-28,FO,NSE,IDO,55373,,NIFTY,,2027-06-29,2027-06-29,19500.00,PE,NIFTY27JUN19500PE,0.00,0.00,0.00,17.30,0.00,17.30,23985.35,67.30,0,0,0,0.00,0,F1,65,,,,,
2026-07-28,2026-07-28,FO,NSE,IDO,53604,,NIFTY,,2027-12-28,2027-12-28,18000.00,PE,NIFTY27DEC18000PE,0.00,0.00,0.00,181.05,195.00,181.05,23985.35,43.05,11915,0,0,0.00,0,F1,65,,,,,
2026-07-28,2026-07-28,FO,NSE,IDO,53606,,NIFTY,,2027-12-28,2027-12-28,19000.00,PE,NIFTY27DEC19000PE,0.00,0.00,0.00,160.15,160.15,160.15,23985.35,86.80,1845,0,0,0.00,0,F1,65,,,,,
2026-07-28,2026-07-28,FO,NSE,IDO,53611,,NIFTY,,2027-12-28,2027-12-28,20000.00,PE,NIFTY27DEC20000PE,210.00,234.95,210.00,211.70,210.05,221.05,23985.35,211.70,29280,390,30,39422301.75,12,F1,65,,,,,
2026-07-28,2026-07-28,FO,NSE,IDO,55479,,NIFTY,,2028-06-27,2028-06-27,28500.00,PE,NIFTY28JUN28500PE,0.00,0.00,0.00,1560.85,0.00,1560.85,23985.35,2870.30,0,0,0,0.00,0,F1,65,,,,,
2026-07-28,2026-07-28,FO,NSE,IDO,67779,,NIFTY,,2028-12-26,2028-12-26,22000.00,PE,NIFTY28DEC22000PE,0.00,0.00,0.00,600.00,600.00,600.00,23985.35,509.30,7850,0,0,0.00,0,F1,65,,,,,
2026-07-28,2026-07-28,FO,NSE,IDO,55763,,NIFTY,,2030-12-31,2030-12-31,30000.00,PE,NIFTY30DEC30000PE,0.00,0.00,0.00,1450.10,0.00,1450.10,23985.35,2504.00,0,0,0,0.00,0,F1,65,,,,,
2026-07-28,2026-07-28,FO,NSE,IDO,74650,,NIFTY,,2031-06-24,2031-06-24,24000.00,PE,NIFTY31JUN24000PE,933.85,933.85,933.85,933.85,933.85,933.85,23985.35,792.70,65,65,1,1620700.25,1,F1,65,,,,,
2026-07-28,2026-07-28,FO,NSE,IDO,74652,,NIFTY,,2031-06-24,2031-06-24,25500.00,PE,NIFTY31JUN25500PE,0.00,0.00,0.00,1262.85,0.00,1262.85,23985.35,1088.75,0,0,0,0.00,0,F1,65,,,,,
2026-07-28,2026-07-28,FO,NSE,IDO,74656,,NIFTY,,2031-06-24,2031-06-24,28500.00,PE,NIFTY31JUN28500PE,0.00,0.00,0.00,2104.20,0.00,2104.20,23985.35,1857.65,0,0,0,0.00,0,F1,65,,,,,
2026-07-28,2026-07-28,FO,NSE,IDO,74660,,NIFTY,,2031-06-24,2031-06-24,30000.00,PE,NIFTY31JUN30000PE,0.00,0.00,0.00,2616.25,0.00,2616.25,23985.35,2332.80,0,0,0,0.00,0,F1,65,,,,,
2026-07-28,2026-07-28,FO,NSE,IDO,46966,,NIFTY,,2026-09-01,2026-09-01,23500.00,PE,NIFTY2690123500PE,145.00,156.85,133.15,145.55,133.90,150.10,23985.35,145.55,6435,1365,65,99898779.50,41,F1,65,,,,,
2026-07-28,2026-07-28,FO,NSE,IDO,46964,,NIFTY,,2026-09-01,2026-09-01,23450.00,PE,NIFTY2690123450PE,0.00,0.00,0.00,208.05,0.00,208.05,23985.35,222.05,0,0,0,0.00,0,F1,65,,,,,
2026-07-28,2026-07-28,FO,NSE,IDO,46934,,NIFTY,,2026-09-01,2026-09-01,22700.00,PE,NIFTY2690122700PE,35.50,35.50,35.50,35.50,35.50,53.50,23985.35,35.50,195,0,1,1477807.50,1,F1,65,,,,,
2026-07-28,2026-07-28,FO,NSE,IDO,61980,,NIFTY,,2026-08-25,2026-08-25,25600.00,PE,NIFTY26AUG25600PE,1475.00,1520.15,1428.80,1474.85,1468.65,1498.85,23985.35,1474.85,12740,3770,61,107398063.50,51,F1,65,,,,,
2026-07-28,2026-07-28,FO,NSE,IDO,61934,,NIFTY,,2026-08-25,2026-08-25,25250.00,PE,NIFTY26AUG25250PE,0.00,0.00,0.00,1736.20,1736.20,1736.20,23985.35,1241.50,65,0,0,0.00,0,F1,65,,,,,
2026-07-28,2026-07-28,FO,NSE,IDO,61866,,NIFTY,,2026-08-25,2026-08-25,24950.00,PE,NIFTY26AUG24950PE,885.00,892.90,885.00,892.90,892.90,926.00,23985.35,997.95,1560,-65,2,3359063.50,2,F1,65,,,,,
2026-07-28,2026-07-28,FO,NSE,IDO,61423,,NIFTY,,2026-08-25,2026-08-25,22850.00,PE,NIFTY26AUG22850PE,39.65,41.10,34.30,35.50,34.85,41.15,23985.35,35.50,34710,-780,311,462663106.75,181,F1,65,,,,,
2026-07-28,2026-07-28,FO,NSE,IDO,61410,,NIFTY,,2026-08-25,2026-08-25,22700.00,PE,NIFTY26AUG22700PE,32.20,33.30,26.65,28.00,27.50,32.35,23985.35,28.00,486785,11700,6123,9045932545.00,3232,F1,65,,,,,
2026-07-28,2026-07-28,FO,NSE,IDO,45042,,NIFTY,,2026-08-18,2026-08-18,23000.00,PE,NIFTY2681823000PE,35.40,35.45,26.00,27.85,26.65,34.60,23985.35,27.85,96525,1105,976,1461065190.00,556,F1,65,,,,,
2026-07-28,2026-07-28,FO,NSE,IDO,45004,,NIFTY,,2026-08-18,2026-08-18,22300.00,PE,NIFTY2681822300PE,10.85,10.85,9.50,9.70,9.65,12.95,23985.35,9.70,9360,-585,62,89909114.75,25,F1,65,,,,,
2026-07-28,2026-07-28,FO,NSE,IDO,41082,,NIFTY,,2026-08-11,2026-08-11,26050.00,PE,NIFTY2681126050PE,0.00,0.00,0.00,1584.30,0.00,1584.30,23985.35,2006.05,0,0,0,0.00,0,F1,65,,,,,
2026-07-28,2026-07-28,FO,NSE,IDO,41076,,NIFTY,,2026-08-11,2026-08-11,25900.00,PE,NIFTY2681125900PE,0.00,0.00,0.00,2100.00,2100.00,2100.00,23985.35,1857.75,65,0,0,0.00,0,F1,65,,,,,
2026-07-28,2026-07-28,FO,NSE,IDO,41052,,NIFTY,,2026-08-11,2026-08-11,25350.00,PE,NIFTY2681125350PE,0.00,0.00,0.00,1016.70,0.00,1016.70,23985.35,1324.00,0,0,0,0.00,0,F1,65,,,,,
2026-07-28,2026-07-28,FO,NSE,IDO,73876,,NIFTY,,2026-09-29,2026-09-29,22250.00,PE,NIFTY26SEP22250PE,52.95,54.35,48.80,50.65,51.20,54.30,23985.35,50.65,14300,650,25,36240194.25,15,F1,65,,,,,
2026-07-28,2026-07-28,FO,NSE,IDO,73874,,NIFTY,,2026-09-29,2026-09-29,22200.00,PE,NIFTY26SEP22200PE,52.90,53.50,45.90,48.50,46.55,51.35,23985.35,48.50,47710,2925,312,451209300.75,175,F1,65,,,,,
2026-07-28,2026-07-28,FO,NSE,IDO,73848,,NIFTY,,2026-09-29,2026-09-29,21700.00,PE,NIFTY26SEP21700PE,32.70,32.70,30.75,31.15,31.25,33.05,23985.35,31.15,15730,-2925,74,104529379.50,62,F1,65,,,,,
2026-07-28,2026-07-28,FO,NSE,IDO,47048,,NIFTY,,2026-09-01,2026-09-01,25550.00,PE,NIFTY2690125550PE,0.00,0.00,0.00,1345.20,0.00,1345.20,23985.35,1492.10,0,0,0,0.00,0,F1,65,,,,,
2026-07-28,2026-07-28,FO,NSE,IDO,47046,,NIFTY,,2026-09-01,2026-09-01,25500.00,PE,NIFTY2690125500PE,0.00,0.00,0.00,1305.40,0.00,1305.40,23985.35,1449.15,0,0,0,0.00,0,F1,65,,,,,
2026-07-28,2026-07-28,FO,NSE,IDO,47030,,NIFTY,,2026-09-01,2026-09-01,25100.00,PE,NIFTY2690125100PE,0.00,0.00,0.00,1005.40,0.00,1005.40,23985.35,1121.95,0,0,0,0.00,0,F1,65,,,,,
2026-07-28,2026-07-28,FO,NSE,IDO,47020,,NIFTY,,2026-09-01,2026-09-01,24850.00,PE,NIFTY2690124850PE,0.00,0.00,0.00,836.80,0.00,836.80,23985.35,934.85,0,0,0,0.00,0,F1,65,,,,,
2026-07-28,2026-07-28,FO,NSE,IDO,47002,,NIFTY,,2026-09-01,2026-09-01,24400.00,PE,NIFTY2690124400PE,0.00,0.00,0.00,574.75,0.00,574.75,23985.35,640.45,0,0,0,0.00,0,F1,65,,,,,
2026-07-28,2026-07-28,FO,NSE,IDO,46994,,NIFTY,,2026-09-01,2026-09-01,24200.00,PE,NIFTY2690124200PE,381.00,381.00,364.40,364.40,364.40,398.45,23985.35,528.85,455,0,2,3194451.00,2,F1,65,,,,,
2026-07-28,2026-07-28,FO,NSE,IDO,46948,,NIFTY,,2026-09-01,2026-09-01,23050.00,PE,NIFTY2690123050PE,0.00,0.00,0.00,120.80,0.00,120.80,23985.35,125.20,0,0,0,0.00,0,F1,65,,,,,
2026-07-28,2026-07-28,FO,NSE,IDO,46938,,NIFTY,,2026-09-01,2026-09-01,22800.00,PE,NIFTY2690122800PE,47.90,47.90,42.00,42.30,42.00,50.05,23985.35,42.30,2275,1365,44,65335309.00,27,F1,65,,,,,
2026-07-28,2026-07-28,FO,NSE,IDO,62000,,NIFTY,,2026-08-25,2026-08-25,25800.00,PE,NIFTY26AUG25800PE,1673.00,1700.00,1652.50,1700.00,1700.00,1676.90,23985.35,1731.10,9620,2210,48,85747385.75,40,F1,65,,,,,
2026-07-28,2026-07-28,FO,NSE,IDO,61922,,NIFTY,,2026-08-25,2026-08-25,25150.00,PE,NIFTY26AUG25150PE,0.00,0.00,0.00,1145.00,1145.00,1145.00,23985.35,1158.05,390,0,0,0.00,0,F1,65,,,,,
2026-07-28,2026-07-28,FO,NSE,IDO,61774,,NIFTY,,2026-08-25,2026-08-25,24550.00,PE,NIFTY26AUG24550PE,588.45,604.00,560.00,584.05,580.00,575.25,23985.35,584.05,7085,1170,45,73497388.25,38,F1,65,,,,,
2026-07-28,2026-07-28,FO,NSE,IDO,61646,,NIFTY,,2026-08-25,2026-08-25,24150.00,PE,NIFTY26AUG24150PE,359.95,365.00,315.00,329.50,326.95,343.50,23985.35,329.50,62075,15665,620,986729363.75,514,F1,65,,,,,
2026-07-28,2026-07-28,FO,NSE,IDO,61529,,NIFTY,,2026-08-25,2026-08-25,23650.00,PE,NIFTY26AUG23650PE,158.90,170.55,141.00,149.30,147.20,158.65,23985.35,149.30,53885,4550,850,1315091518.00,628,F1,65,,,,,
2026-07-28,2026-07-28,FO,NSE,IDO,61429,,NIFTY,,2026-08-25,2026-08-25,23000.00,PE,NIFTY26AUG23000PE,55.10,56.75,45.00,47.90,46.00,53.50,23985.35,47.90,2985060,237185,32633,48890676900.00,19645,F1,65,,,,,
2026-07-28,2026-07-28,FO,NSE,IDO,61351,,NIFTY,,2026-08-25,2026-08-25,21950.00,PE,NIFTY26AUG21950PE,12.85,12.90,11.10,11.10,11.10,15.60,23985.35,11.10,4680,-715,22,31405845.25,12,F1,65,,,,,
2026-07-28,2026-07-28,FO,NSE,IDO,45185,,NIFTY,,2026-08-18,2026-08-18,25650.00,PE,NIFTY2681825650PE,0.00,0.00,0.00,1538.00,0.00,1538.00,23985.35,1599.55,0,0,0,0.00,0,F1,65,,,,,
2026-07-28,2026-07-28,FO,NSE,IDO,45171,,NIFTY,,2026-08-18,2026-08-18,25500.00,PE,NIFTY2681825500PE,0.00,0.00,0.00,1409.70,0.00,1409.70,23985.35,1459.55,0,0,0,0.00,0,F1,65,,,,,
2026-07-28,2026-07-28,FO,NSE,IDO,45143,,NIFTY,,2026-08-18,2026-08-18,24850.00,PE,NIFTY2681824850PE,0.00,0.00,0.00,905.00,0.00,905.00,23985.35,897.35,0,0,0,0.00,0,F1,65,,,,,
2026-07-28,2026-07-28,FO,NSE,IDO,45018,,NIFTY,,2026-08-18,2026-08-18,22550.00,PE,NIFTY2681822550PE,14.50,15.50,12.55,12.85,12.55,17.40,23985.35,12.85,4875,325,40,58666825.75,23,F1,65,,,,,
2026-07-28,2026-07-28,FO,NSE,IDO,41040,,NIFTY,,2026-08-11,2026-08-11,25050.00,PE,NIFTY2681125050PE,0.00,0.00,0.00,800.15,800.15,800.15,23985.35,1047.10,65,0,0,0.00,0,F1,65,,,,,
2026-07-28,2026-07-28,FO,NSE,IDO,41028,,NIFTY,,2026-08-11,2026-08-11,24800.00,PE,NIFTY2681124800PE,730.00,769.05,730.00,769.05,769.05,650.00,23985.35,830.95,1755,1235,19,31532088.25,7,F1,65,,,,,
2026-07-28,2026-07-28,FO,NSE,IDO,40964,,NIFTY,,2026-08-11,2026-08-11,23350.00,PE,NIFTY2681123350PE,39.65,43.60,31.45,33.10,31.80,42.55,23985.35,33.10,32760,17550,1597,2427566635.00,1159,F1,65,,,,,
2026-07-28,2026-07-28,FO,NSE,IDO,40936,,NIFTY,,2026-08-11,2026-08-11,22650.00,PE,NIFTY2681122650PE,9.00,9.00,6.40,6.75,7.00,10.80,23985.35,6.75,18200,3380,288,424148764.00,152,F1,65,,,,,
2026-07-28,2026-07-28,FO,NSE,IDO,65933,,NIFTY,,2026-08-04,2026-08-04,25300.00,PE,NIFTY2680425300PE,1264.00,1265.00,1229.75,1265.00,1265.00,1330.00,23985.35,1287.70,6695,5980,92,158831894.00,44,F1,65,,,,,
2026-07-28,2026-07-28,FO,NSE,IDO,65892,,NIFTY,,2026-08-04,2026-08-04,24750.00,PE,NIFTY2680424750PE,722.80,742.80,696.10,709.25,703.00,730.00,23985.35,709.25,24635,23855,2582,4274658472.50,1235,F1,65,,,,,
2026-07-28,2026-07-28,FO,NSE,IDO,65434,,NIFTY,,2026-08-04,2026-08-04,22500.00,PE,NIFTY2680422500PE,5.00,5.00,2.25,2.40,2.30,4.65,23985.35,2.40,3124030,1106820,121900,178302991074.00,30415,F1,65,,,,,
2026-07-28,2026-07-28,FO,NSE,IDO,65416,,NIFTY,,2026-08-04,2026-08-04,22150.00,PE,NIFTY2680422150PE,11.45,11.45,1.65,1.90,2.00,3.60,23985.35,1.90,53235,45435,2301,3313251789.25,892,F1,65,,,,,
2026-07-28,2026-07-28,FO,NSE,IDO,64003,,NIFTY,,2026-07-28,2026-07-28,25500.00,PE,NIFTY26JUL25500PE,1510.20,1549.00,1465.00,1534.35,1519.20,1475.20,23985.35,23985.35,465790,-175435,4566,8013188313.00,3349,F1,65,,,,,
2026-07-28,2026-07-28,FO,NSE,IDO,63938,,NIFTY,,2026-07-28,2026-07-28,23950.00,PE,NIFTY26JUL23950PE,27.05,38.95,0.05,2.95,0.05,32.45,23985.35,23985.35,22580935,12597910,35295089,54966721713533.50,7130953,F1,65,,,,,
2026-07-28,2026-07-28,FO,NSE,IDO,63934,,NIFTY,,2026-07-28,2026-07-28,23850.00,PE,NIFTY26JUL23850PE,8.90,12.30,0.05,0.20,0.05,13.60,23985.35,23985.35,5219565,-568230,6501861,10080684855699.25,1039864,F1,65,,,,,
2026-07-28,2026-07-28,FO,NSE,IDO,63924,,NIFTY,,2026-07-28,2026-07-28,23650.00,PE,NIFTY26JUL23650PE,3.55,3.55,0.05,0.10,0.05,4.75,23985.35,23985.35,4301700,-872820,1245568,1914833118523.00,190232,F1,65,,,,,
2026-07-28,2026-07-28,FO,NSE,IDO,63888,,NIFTY,,2026-07-28,2026-07-28,22800.00,PE,NIFTY26JUL22800PE,1.00,1.05,0.05,0.05,0.05,1.50,23985.35,23985.35,2364245,-942890,336205,498266407372.50,72324,F1,65,,,,,
2026-07-28,2026-07-28,FO,NSE,IDO,63870,,NIFTY,,2026-07-28,2026-07-28,22350.00,PE,NIFTY26JUL22350PE,0.65,0.75,0.05,0.10,0.05,1.05,23985.35,23985.35,169975,-113425,13067,18983461308.50,2912,F1,65,,,,,
2026-07-28,2026-07-28,FO,NSE,IDO,63852,,NIFTY,,2026-07-28,2026-07-28,21900.00,PE,NIFTY26JUL21900PE,0.60,0.85,0.05,0.10,0.05,0.80,23985.35,23985.35,122850,-44005,8921,12699260005.25,1786,F1,65,,,,,
2026-07-28,2026-07-28,FO,NSE,IDO,74655,,NIFTY,,2031-06-24,2031-06-24,28500.00,CE,NIFTY31JUN28500CE,0.00,0.00,0.00,5048.95,0.00,5048.95,23985.35,5251.30,0,0,0,0.00,0,F1,65,,,,,
2026-07-28,2026-07-28,FO,NSE,IDO,55642,,NIFTY,,2030-06-25,2030-06-25,19500.00,CE,NIFTY30JUN19500CE,0.00,0.00,0.00,11140.25,0.00,11140.25,23985.35,9162.05,0,0,0,0.00,0,F1,65,,,,,
2026-07-28,2026-07-28,FO,NSE,IDO,55640,,NIFTY,,2030-06-25,2030-06-25,16500.00,CE,NIFTY30JUN16500CE,0.00,0.00,0.00,13374.05,0.00,13374.05,23985.35,11312.55,0,0,0,0.00,0,F1,65,,,,,
2026-07-28,2026-07-28,FO,NSE,IDO,55602,,NIFTY,,2029-12-24,2029-12-24,22500.00,CE,NIFTY29DEC22500CE,0.00,0.00,0.00,8486.15,0.00,8486.15,23985.35,6634.70,0,0,0,0.00,0,F1,65,,,,,
2026-07-28,2026-07-28,FO,NSE,IDO,67776,,NIFTY,,2028-12-26,2028-12-26,21000.00,CE,NIFTY28DEC21000CE,0.00,0.00,0.00,7512.50,0.00,7512.50,23985.35,6442.60,0,0,0,0.00,0,F1,65,,,,,
2026-07-28,2026-07-28,FO,NSE,IDO,55480,,NIFTY,,2028-06-27,2028-06-27,31500.00,CE,NIFTY28JUN31500CE,0.00,0.00,0.00,1784.80,0.00,1784.80,23985.35,964.95,0,0,0,0.00,0,F1,65,,,,,
2026-07-28,2026-07-28,FO,NSE,IDO,55476,,NIFTY,,2028-06-27,2028-06-27,25500.00,CE,NIFTY28JUN25500CE,0.00,0.00,0.00,4676.60,0.00,4676.60,23985.35,2994.60,0,0,0,0.00,0,F1,65,,,,,
2026-07-28,2026-07-28,FO,NSE,IDO,55428,,NIFTY,,2027-12-28,2027-12-28,28500.00,CE,NIFTY27DEC28500CE,650.00,650.00,626.70,638.00,638.00,663.20,23985.35,638.00,8255,1170,28,53027065.00,23,F1,65,,,,,
2026-07-28,2026-07-28,FO,NSE,IDO,55426,,NIFTY,,2027-12-28,2027-12-28,25500.00,CE,NIFTY27DEC25500CE,0.00,0.00,0.00,2400.00,2400.00,2400.00,23985.35,2288.80,0,0,0,0.00,0,F1,65,,,,,
2026-07-28,2026-07-28,FO,NSE,IDO,55424,,NIFTY,,2027-12-28,2027-12-28,22500.00,CE,NIFTY27DEC22500CE,0.00,0.00,0.00,6183.00,0.00,6183.00,23985.35,4043.75,0,0,0,0.00,0,F1,65,,,,,
2026-07-28,2026-07-28,FO,NSE,IDO,64027,,NIFTY,,2026-07-28,2026-07-28,26050.00,CE,NIFTY26JUL26050CE,0.40,0.40,0.05,0.05,0.05,0.45,23985.35,23985.35,128375,6500,11265,19074631949.75,1734,F1,65,,,,,
2026-07-28,2026-07-28,FO,NSE,IDO,71560,,NIFTY,,2027-06-29,2027-06-29,24000.00,CE,NIFTY27JUN24000CE,1985.00,1985.30,1975.00,1985.30,1985.30,1975.00,23985.35,2298.65,1055,125,4,6754819.50,4,F1,65,,,,,
2026-07-28,2026-07-28,FO,NSE,IDO,71553,,NIFTY,,2027-06-29,2027-06-29,21000.00,CE,NIFTY27JUN21000CE,0.00,0.00,0.00,3061.80,0.00,3061.80,23985.35,4421.75,0,0,0,0.00,0,F1,65,,,,,
2026-07-28,2026-07-28,FO,NSE,IDO,80192,,NIFTY,,2027-03-30,2027-03-30,18000.00,CE,NIFTY27MAR18000CE,0.00,0.00,0.00,5643.55,0.00,5643.55,23985.35,6775.05,0,0,0,0.00,0,F1,65,,,,,
2026-07-28,2026-07-28,FO,NSE,IDO,58646,,NIFTY,,2026-12-29,2026-12-29,21000.00,CE,NIFTY26DEC21000CE,3560.00,3590.20,3550.75,3550.75,3550.75,3560.45,23985.35,3550.75,182820,1170,36,57512542.75,24,F1,65,,,,,
2026-07-28,2026-07-28,FO,NSE,IDO,74361,,NIFTY,,2026-09-29,2026-09-29,24900.00,CE,NIFTY26SEP24900CE,202.00,210.00,194.15,201.45,200.95,206.00,23985.35,201.45,51805,-3445,476,776657274.25,341,F1,65,,,,,
2026-07-28,2026-07-28,FO,NSE,IDO,74357,,NIFTY,,2026-09-29,2026-09-29,24800.00,CE,NIFTY26SEP24800CE,238.15,242.00,223.70,229.55,228.00,238.20,23985.35,229.55,149370,5200,738,1200824924.00,439,F1,65,,,,,
2026-07-28,2026-07-28,FO,NSE,IDO,74353,,NIFTY,,2026-09-29,2026-09-29,24700.00,CE,NIFTY26SEP24700CE,291.95,291.95,255.80,267.55,270.45,272.50,23985.35,267.55,65195,1885,392,636198065.75,237,F1,65,,,,,
2026-07-28,2026-07-28,FO,NSE,IDO,74114,,NIFTY,,2026-09-29,2026-09-29,24400.00,CE,NIFTY26SEP24400CE,403.05,410.05,383.50,396.05,406.00,402.10,23985.35,396.05,69160,5005,556,896174275.75,314,F1,65,,,,,
2026-07-28,2026-07-28,FO,NSE,IDO,73869,,NIFTY,,2026-09-29,2026-09-29,22100.00,CE,NIFTY26SEP22100CE,0.00,0.00,0.00,2242.10,0.00,2242.10,23985.35,2203.50,0,0,0,0.00,0,F1,65,,,,,
2026-07-28,2026-07-28,FO,NSE,IDO,73852,,NIFTY,,2026-09-29,2026-09-29,21800.00,CE,NIFTY26SEP21800CE,0.00,0.00,0.00,2498.75,0.00,2498.75,23985.35,2476.05,0,0,0,0.00,0,F1,65,,,,,
2026-07-28,2026-07-28,FO,NSE,IDO,73849,,NIFTY,,2026-09-29,2026-09-29,21750.00,CE,NIFTY26SEP21750CE,0.00,0.00,0.00,2542.45,0.00,2542.45,23985.35,2522.30,0,0,0,0.00,0,F1,65,,,,,
2026-07-28,2026-07-28,FO,NSE,IDO,55282,,NIFTY,,2026-09-29,2026-09-29,19500.00,CE,NIFTY26SEP19500CE,4708.60,4708.60,4675.00,4697.10,4708.15,4727.20,23985.35,4697.10,150930,-65,23,36162685.00,14,F1,65,,,,,
2026-07-28,2026-07-28,FO,NSE,IDO,47009,,NIFTY,,2026-09-01,2026-09-01,24600.00,CE,NIFTY2690124600CE,0.00,0.00,0.00,443.30,0.00,443.30,23985.35,305.15,0,0,0,0.00,0,F1,65,,,,,
2026-07-28,2026-07-28,FO,NSE,IDO,47003,,NIFTY,,2026-09-01,2026-09-01,24450.00,CE,NIFTY2690124450CE,0.00,0.00,0.00,508.95,0.00,508.95,23985.35,360.30,0,0,0,0.00,0,F1,65,,,,,
2026-07-28,2026-07-28,FO,NSE,IDO,46913,,NIFTY,,2026-09-01,2026-09-01,22200.00,CE,NIFTY2690122200CE,0.00,0.00,0.00,2171.80,0.00,2171.80,23985.35,1953.00,0,0,0,0.00,0,F1,65,,,,,
2026-07-28,2026-07-28,FO,NSE,IDO,46905,,NIFTY,,2026-09-01,2026-09-01,22000.00,CE,NIFTY2690122000CE,0.00,0.00,0.00,2360.90,0.00,2360.90,23985.35,2142.25,0,0,0,0.00,0,F1,65,,,,,
2026-07-28,2026-07-28,FO,NSE,IDO,62058,,NIFTY,,2026-08-25,2026-08-25,26250.00,CE,NIFTY26AUG26250CE,2.65,3.15,2.10,2.70,2.90,2.45,23985.35,2.70,14885,4940,536,914641279.50,318,F1,65,,,,,
2026-07-28,2026-07-28,FO,NSE,IDO,62022,,NIFTY,,2026-08-25,2026-08-25,25900.00,CE,NIFTY26AUG25900CE,6.00,6.15,4.25,5.05,5.00,5.45,23985.35,5.05,18590,6370,213,358656753.00,113,F1,65,,,,,
2026-07-28,2026-07-28,FO,NSE,IDO,62002,,NIFTY,,2026-08-25,2026-08-25,25850.00,CE,NIFTY26AUG25850CE,0.00,0.00,0.00,6.60,6.60,6.60,23985.35,33.05,1495,0,0,0.00,0,F1,65,,,,,
2026-07-28,2026-07-28,FO,NSE,IDO,61727,,NIFTY,,2026-08-25,2026-08-25,24450.00,CE,NIFTY26AUG24450CE,171.60,177.40,153.05,159.70,163.40,172.20,23985.35,159.70,46150,4745,749,1198239591.25,502,F1,65,,,,,
2026-07-28,2026-07-28,FO,NSE,IDO,61397,,NIFTY,,2026-08-25,2026-08-25,22500.00,CE,NIFTY26AUG22500CE,1625.00,1650.00,1568.00,1599.80,1625.90,1605.30,23985.35,1599.80,330655,10595,780,1222524559.75,737,F1,65,,,,,
2026-07-28,2026-07-28,FO,NSE,IDO,61338,,NIFTY,,2026-08-25,2026-08-25,21700.00,CE,NIFTY26AUG21700CE,0.00,0.00,0.00,2625.10,0.00,2625.10,23985.35,2390.60,0,0,0,0.00,0,F1,65,,,,,
2026-07-28,2026-07-28,FO,NSE,IDO,61336,,NIFTY,,2026-08-25,2026-08-25,21650.00,CE,NIFTY26AUG21650CE,0.00,0.00,0.00,2669.30,0.00,2669.30,23985.35,2439.75,0,0,0,0.00,0,F1,65,,,,,
2026-07-28,2026-07-28,FO,NSE,IDO,61156,,NIFTY,,2026-08-25,2026-08-25,21300.00,CE,NIFTY26AUG21300CE,0.00,0.00,0.00,2725.00,2725.00,2725.00,23985.35,2785.60,3835,0,0,0.00,0,F1,65,,,,,
2026-07-28,2026-07-28,FO,NSE,IDO,45132,,NIFTY,,2026-08-18,2026-08-18,24750.00,CE,NIFTY2681824750CE,0.00,0.00,0.00,281.05,0.00,281.05,23985.35,141.50,0,0,0,0.00,0,F1,65,,,,,
2026-07-28,2026-07-28,FO,NSE,IDO,45027,,NIFTY,,2026-08-18,2026-08-18,22800.00,CE,NIFTY2681822800CE,0.00,0.00,0.00,1464.30,0.00,1464.30,23985.35,1303.70,0,0,0,0.00,0,F1,65,,,,,
2026-07-28,2026-07-28,FO,NSE,IDO,41069,,NIFTY,,2026-08-11,2026-08-11,25750.00,CE,NIFTY2681125750CE,0.00,0.00,0.00,4.05,4.05,4.05,23985.35,5.45,650,0,0,0.00,0,F1,65,,,,,
2026-07-28,2026-07-28,FO,NSE,IDO,41063,,NIFTY,,2026-08-11,2026-08-11,25650.00,CE,NIFTY2681125650CE,2.65,2.65,2.65,2.65,2.65,2.75,23985.35,7.50,1950,65,1,1667422.25,1,F1,65,,,,,
2026-07-28,2026-07-28,FO,NSE,IDO,41047,,NIFTY,,2026-08-11,2026-08-11,25250.00,CE,NIFTY2681125250CE,4.50,4.65,3.15,3.55,3.30,5.60,23985.35,3.55,3120,910,99,162509701.25,39,F1,65,,,,,
2026-07-28,2026-07-28,FO,NSE,IDO,40999,,NIFTY,,2026-08-11,2026-08-11,24200.00,CE,NIFTY2681124200CE,144.40,166.30,138.45,151.05,156.00,166.60,23985.35,151.05,429520,64870,9957,15760379963.25,7600,F1,65,,,,,
2026-07-28,2026-07-28,FO,NSE,IDO,40997,,NIFTY,,2026-08-11,2026-08-11,24150.00,CE,NIFTY2681124150CE,173.95,190.75,158.50,173.85,178.00,190.05,23985.35,173.85,65130,9425,1879,2970803520.75,1444,F1,65,,,,,
2026-07-28,2026-07-28,FO,NSE,IDO,40953,,NIFTY,,2026-08-11,2026-08-11,23100.00,CE,NIFTY2681123100CE,0.00,0.00,0.00,800.00,800.00,800.00,23985.35,981.15,650,0,0,0.00,0,F1,65,,,,,
2026-07-28,2026-07-28,FO,NSE,IDO,40939,,NIFTY,,2026-08-11,2026-08-11,22750.00,CE,NIFTY2681122750CE,0.00,0.00,0.00,1821.15,0.00,1821.15,23985.35,1303.05,0,0,0,0.00,0,F1,65,,,,,
2026-07-28,2026-07-28,FO,NSE,IDO,40929,,NIFTY,,2026-08-11,2026-08-11,22500.00,CE,NIFTY2681122500CE,0.00,0.00,0.00,2053.75,0.00,2053.75,23985.35,1543.90,0,0,0,0.00,0,F1,65,,,,,
2026-07-28,2026-07-28,FO,NSE,IDO,66056,,NIFTY,,2026-08-04,2026-08-04,26000.00,CE,NIFTY2680426000CE,4.00,4.00,0.75,0.80,0.85,1.00,23985.35,0.80,1762020,350220,18718,31634431721.75,6247,F1,65,,,,,
2026-07-28,2026-07-28,FO,NSE,IDO,66052,,NIFTY,,2026-08-04,2026-08-04,25900.00,CE,NIFTY2680425900CE,0.95,0.95,0.75,0.90,0.90,1.00,23985.35,0.90,127465,92300,2517,4237513803.25,583,F1,65,,,,,
2026-07-28,2026-07-28,FO,NSE,IDO,66008,,NIFTY,,2026-08-04,2026-08-04,25800.00,CE,NIFTY2680425800CE,1.05,1.10,0.80,0.85,0.85,1.05,23985.35,0.85,96915,23660,1766,2961681030.75,523,F1,65,,,,,
2026-07-28,2026-07-28,FO,NSE,IDO,66000,,NIFTY,,2026-08-04,2026-08-04,25700.00,CE,NIFTY2680425700CE,1.25,1.30,0.85,0.90,0.85,1.20,23985.35,0.90,473915,-153790,17674,29525476682.00,5208,F1,65,,,,,
2026-07-28,2026-07-28,FO,NSE,IDO,65928,,NIFTY,,2026-08-04,2026-08-04,25250.00,CE,NIFTY2680425250CE,1.35,1.60,1.10,1.15,1.10,1.60,23985.35,1.15,307255,93145,10553,17320965187.50,4660,F1,65,,,,,
2026-07-28,2026-07-28,FO,NSE,IDO,65912,,NIFTY,,2026-08-04,2026-08-04,24900.00,CE,NIFTY2680424900CE,4.40,4.40,2.40,2.75,2.70,4.80,23985.35,2.75,1589315,319475,81839,132472567561.75,30613,F1,65,,,,,
2026-07-28,2026-07-28,FO,NSE,IDO,65431,,NIFTY,,2026-08-04,2026-08-04,22450.00,CE,NIFTY2680422450CE,0.00,0.00,0.00,1618.40,0.00,1618.40,23985.35,1561.80,0,0,0,0.00,0,F1,65,,,,,
2026-07-28,2026-07-28,FO,NSE,IDO,65218,,NIFTY,,2026-08-04,2026-08-04,21850.00,CE,NIFTY2680421850CE,0.00,0.00,0.00,2159.60,0.00,2159.60,23985.35,2160.80,0,0,0,0.00,0,F1,65,,,,,
2026-07-28,2026-07-28,FO,NSE,IDO,64045,,NIFTY,,2026-07-28,2026-07-28,26300.00,CE,NIFTY26JUL26300CE,0.30,0.35,0.05,0.10,0.05,0.35,23985.35,23985.35,981240,207025,45779,78259720132.75,9449,F1,65,,,,,
2026-07-28,2026-07-28,FO,NSE,IDO,64010,,NIFTY,,2026-07-28,2026-07-28,25700.00,CE,NIFTY26JUL25700CE,0.35,0.45,0.05,0.05,0.05,0.35,23985.35,23985.35,407355,-198640,25914,43289766588.25,6496,F1,65,,,,,
2026-07-28,2026-07-28,FO,NSE,IDO,58631,,NIFTY,,2026-12-29,2026-12-29,13000.00,PE,NIFTY26DEC13000PE,9.00,9.00,9.00,9.00,9.00,8.00,23985.35,0.00,10670,-390,6,5073510.00,1,F1,65,,,,,
2026-07-28,2026-07-28,FO,NSE,IDO,71506,,NIFTY,,2026-12-29,2026-12-29,26000.00,PE,NIFTY26DEC26000PE,1533.70,1570.70,1505.40,1533.80,1523.30,1527.40,23985.35,1533.80,1293855,2145,260,465281940.50,208,F1,65,,,,,
2026-07-28,2026-07-28,FO,NSE,IDO,80267,,NIFTY,,2027-03-30,2027-03-30,19500.00,PE,NIFTY27MAR19500PE,74.90,74.90,67.15,71.10,71.20,74.05,23985.35,71.10,45955,2080,94,119576167.75,59,F1,65,,,,,
2026-07-28,2026-07-28,FO,NSE,IDO,67789,,NIFTY,,2028-12-26,2028-12-26,27000.00,PE,NIFTY28DEC27000PE,0.00,0.00,0.00,1799.60,1800.00,1799.60,23985.35,1979.20,11540,0,0,0.00,0,F1,65,,,,,
2026-07-28,2026-07-28,FO,NSE,IDO,55525,,NIFTY,,2028-12-26,2028-12-26,28500.00,PE,NIFTY28DEC28500PE,0.00,0.00,0.00,1451.15,0.00,1451.15,23985.35,2656.60,0,0,0,0.00,0,F1,65,,,,,
2026-07-28,2026-07-28,FO,NSE,IDO,89631,,NIFTY,,2029-06-26,2029-06-26,24000.00,PE,NIFTY29JUN24000PE,0.00,0.00,0.00,825.00,825.00,825.00,23985.35,930.80,155,0,0,0.00,0,F1,65,,,,,
2026-07-28,2026-07-28,FO,NSE,IDO,55605,,NIFTY,,2029-12-24,2029-12-24,25500.00,PE,NIFTY29DEC25500PE,0.00,0.00,0.00,597.30,0.00,597.30,23985.35,1281.50,0,0,0,0.00,0,F1,65,,,,,
2026-07-28,2026-07-28,FO,NSE,IDO,55609,,NIFTY,,2029-12-24,2029-12-24,31500.00,PE,NIFTY29DEC31500PE,0.00,0.00,0.00,2240.25,0.00,2240.25,23985.35,3630.35,0,0,0,0.00,0,F1,65,,,,,
2026-07-28,2026-07-28,FO,NSE,IDO,60899,,NIFTY,,2030-06-25,2030-06-25,21000.00,PE,NIFTY30JUN21000PE,0.00,0.00,0.00,220.00,220.00,220.00,23985.35,378.80,65,0,0,0.00,0,F1,65,,,,,
2026-07-28,2026-07-28,FO,NSE,IDO,55647,,NIFTY,,2030-06-25,2030-06-25,25500.00,PE,NIFTY30JUN25500PE,0.00,0.00,0.00,568.55,0.00,568.55,23985.35,1215.55,0,0,0,0.00,0,F1,65,,,,,
2026-07-28,2026-07-28,FO,NSE,IDO,64004,,NIFTY,,2026-07-28,2026-07-28,25550.00,CE,NIFTY26JUL25550CE,0.40,0.65,0.05,0.05,0.05,0.35,23985.35,23985.35,452140,-42185,30886,51294421906.00,4585,F1,65,,,,,
2026-07-28,2026-07-28,FO,NSE,IDO,63905,,NIFTY,,2026-07-28,2026-07-28,23250.00,CE,NIFTY26JUL23250CE,762.45,776.95,710.00,719.50,739.60,788.55,23985.35,23985.35,13975,-780,90,140370457.50,77,F1,65,,,,,
2026-07-28,2026-07-28,FO,NSE,IDO,63879,,NIFTY,,2026-07-28,2026-07-28,22600.00,CE,NIFTY26JUL22600CE,1420.00,1420.00,1400.00,1410.00,1410.00,1436.45,23985.35,23985.35,1235,-195,7,10925885.75,7,F1,65,,,,,
2026-07-28,2026-07-28,FO,NSE,IDO,63859,,NIFTY,,2026-07-28,2026-07-28,22100.00,CE,NIFTY26JUL22100CE,1870.00,1870.00,1870.00,1870.00,1870.00,1586.15,23985.35,23985.35,130,-65,1,1558050.00,1,F1,65,,,,,
2026-07-28,2026-07-28,FO,NSE,IDO,63811,,NIFTY,,2026-07-28,2026-07-28,21100.00,CE,NIFTY26JUL21100CE,2917.70,2975.20,2860.00,2877.70,2885.00,2937.50,23985.35,23985.35,10530,-3835,132,206009128.00,111,F1,65,,,,,
2026-07-28,2026-07-28,FO,NSE,IDO,55703,,NIFTY,,2030-12-31,2030-12-31,21000.00,PE,NIFTY30DEC21000PE,0.00,0.00,0.00,455.05,455.05,455.05,23985.35,375.35,780,0,0,0.00,0,F1,65,,,,,
2026-07-28,2026-07-28,FO,NSE,IDO,74419,,NIFTY,,2026-09-29,2026-09-29,25750.00,PE,NIFTY26SEP25750PE,0.00,0.00,0.00,1782.80,0.00,1782.80,23985.35,1660.05,0,0,0,0.00,0,F1,65,,,,,
2026-07-28,2026-07-28,FO,NSE,IDO,74350,,NIFTY,,2026-09-29,2026-09-29,24600.00,PE,NIFTY26SEP24600PE,654.00,679.45,630.00,652.20,652.20,655.05,23985.35,852.05,97500,5785,334,548365314.25,294,F1,65,,,,,
2026-07-28,2026-07-28,FO,NSE,IDO,74115,,NIFTY,,2026-09-29,2026-09-29,24400.00,PE,NIFTY26SEP24400PE,544.00,575.80,531.85,538.75,538.30,553.05,23985.35,538.75,57655,2405,163,264389021.00,88,F1,65,,,,,
2026-07-28,2026-07-28,FO,NSE,IDO,74098,,NIFTY,,2026-09-29,2026-09-29,24250.00,PE,NIFTY26SEP24250PE,489.00,497.40,458.80,466.25,464.75,475.95,23985.35,466.25,10855,1495,59,94804183.50,44,F1,65,,,,,
2026-07-28,2026-07-28,FO,NSE,IDO,74065,,NIFTY,,2026-09-29,2026-09-29,24100.00,PE,NIFTY26SEP24100PE,407.10,429.00,397.35,406.20,401.45,417.10,23985.35,406.20,40235,3705,201,320247687.50,158,F1,65,,,,,
2026-07-28,2026-07-28,FO,NSE,IDO,74059,,NIFTY,,2026-09-29,2026-09-29,23950.00,PE,NIFTY26SEP23950PE,364.05,370.20,340.80,351.50,340.80,361.70,23985.35,351.50,7930,1040,39,61616330.75,34,F1,65,,,,,
2026-07-28,2026-07-28,FO,NSE,IDO,74011,,NIFTY,,2026-09-29,2026-09-29,23750.00,PE,NIFTY26SEP23750PE,284.30,295.40,270.00,273.35,275.65,286.80,23985.35,273.35,11375,1755,41,64039657.50,26,F1,65,,,,,
2026-07-28,2026-07-28,FO,NSE,IDO,74009,,NIFTY,,2026-09-29,2026-09-29,23700.00,PE,NIFTY26SEP23700PE,286.10,286.85,259.00,263.95,261.35,274.80,23985.35,263.95,71435,3900,369,574927505.75,289,F1,65,,,,,
2026-07-28,2026-07-28,FO,NSE,IDO,73909,,NIFTY,,2026-09-29,2026-09-29,23150.00,PE,NIFTY26SEP23150PE,152.05,153.50,138.00,138.95,138.00,148.00,23985.35,138.95,13650,-845,100,151409186.50,73,F1,65,,,,,
2026-07-28,2026-07-28,FO,NSE,IDO,74055,,NIFTY,,2026-09-29,2026-09-29,23850.00,PE,NIFTY26SEP23850PE,325.00,326.00,305.15,307.60,309.60,325.00,23985.35,307.60,6500,130,9,14134513.25,7,F1,65,,,,,
2026-07-28,2026-07-28,FO,NSE,IDO,73924,,NIFTY,,2026-09-29,2026-09-29,23300.00,PE,NIFTY26SEP23300PE,179.20,184.10,164.05,165.65,164.10,175.30,23985.35,165.65,116090,8970,1092,1666010352.50,513,F1,65,,,,,
2026-07-28,2026-07-28,FO,NSE,IDO,65888,,NIFTY,,2026-09-29,2026-09-29,18000.00,PE,NIFTY26SEP18000PE,8.10,9.65,8.05,8.80,8.70,9.50,23985.35,8.80,1061320,5980,390,456526450.25,98,F1,65,,,,,
2026-07-28,2026-07-28,FO,NSE,IDO,47028,,NIFTY,,2026-09-01,2026-09-01,25050.00,PE,NIFTY2690125050PE,0.00,0.00,0.00,970.45,0.00,970.45,23985.35,1083.35,0,0,0,0.00,0,F1,65,,,,,
2026-07-28,2026-07-28,FO,NSE,IDO,47004,,NIFTY,,2026-09-01,2026-09-01,24450.00,PE,NIFTY2690124450PE,0.00,0.00,0.00,601.10,0.00,601.10,23985.35,670.25,0,0,0,0.00,0,F1,65,,,,,
2026-07-28,2026-07-28,FO,NSE,IDO,46986,,NIFTY,,2026-09-01,2026-09-01,24000.00,PE,NIFTY2690124000PE,305.00,318.05,277.25,290.65,286.45,296.80,23985.35,290.65,10465,3380,203,320598460.00,131,F1,65,,,,,
2026-07-28,2026-07-28,FO,NSE,IDO,46960,,NIFTY,,2026-09-01,2026-09-01,23350.00,PE,NIFTY2690123350PE,0.00,0.00,0.00,182.25,0.00,182.25,23985.35,194.85,0,0,0,0.00,0,F1,65,,,,,
2026-07-28,2026-07-28,FO,NSE,IDO,46958,,NIFTY,,2026-09-01,2026-09-01,23300.00,PE,NIFTY2690123300PE,0.00,0.00,0.00,170.65,0.00,170.65,23985.35,181.90,0,0,0,0.00,0,F1,65,,,,,
2026-07-28,2026-07-28,FO,NSE,IDO,46956,,NIFTY,,2026-09-01,2026-09-01,23250.00,PE,NIFTY2690123250PE,0.00,0.00,0.00,159.65,0.00,159.65,23985.35,168.60,0,0,0,0.00,0,F1,65,,,,,
2026-07-28,2026-07-28,FO,NSE,IDO,46912,,NIFTY,,2026-09-01,2026-09-01,22150.00,PE,NIFTY2690122150PE,0.00,0.00,0.00,42.00,42.00,42.00,23985.35,24.45,65,0,0,0.00,0,F1,65,,,,,
2026-07-28,2026-07-28,FO,NSE,IDO,46910,,NIFTY,,2026-09-01,2026-09-01,22100.00,PE,NIFTY2690122100PE,0.00,0.00,0.00,22.00,22.00,22.00,23985.35,22.00,65,0,0,0.00,0,F1,65,,,,,
2026-07-28,2026-07-28,FO,NSE,IDO,46908,,NIFTY,,2026-09-01,2026-09-01,22050.00,PE,NIFTY2690122050PE,0.00,0.00,0.00,22.15,0.00,22.15,23985.35,19.75,0,0,0,0.00,0,F1,65,,,,,
2026-07-28,2026-07-28,FO,NSE,IDO,62056,,NIFTY,,2026-08-25,2026-08-25,26200.00,PE,NIFTY26AUG26200PE,2000.00,2111.00,2000.00,2071.60,2055.80,2071.30,23985.35,2071.60,36205,12545,198,363850324.50,133,F1,65,,,,,
2026-07-28,2026-07-28,FO,NSE,IDO,53617,,NIFTY,,2027-12-28,2027-12-28,22000.00,PE,NIFTY27DEC22000PE,440.00,440.00,410.00,410.00,410.00,456.45,23985.35,410.00,31090,1560,49,71416709.00,24,F1,65,,,,,
2026-07-28,2026-07-28,FO,NSE,IDO,86146,,NIFTY,,2028-06-27,2028-06-27,21000.00,PE,NIFTY28JUN21000PE,0.00,0.00,0.00,907.20,0.00,907.20,23985.35,322.80,0,0,0,0.00,0,F1,65,,,,,
2026-07-28,2026-07-28,FO,NSE,IDO,67771,,NIFTY,,2028-12-26,2028-12-26,18000.00,PE,NIFTY28DEC18000PE,0.00,0.00,0.00,250.00,250.00,250.00,23985.35,88.05,75,0,0,0.00,0,F1,65,,,,,
2026-07-28,2026-07-28,FO,NSE,IDO,67785,,NIFTY,,2028-12-26,2028-12-26,25000.00,PE,NIFTY28DEC25000PE,0.00,0.00,0.00,1200.00,1200.00,1200.00,23985.35,1244.85,5620,0,0,0.00,0,F1,65,,,,,
2026-07-28,2026-07-28,FO,NSE,IDO,89625,,NIFTY,,2029-06-26,2029-06-26,21000.00,PE,NIFTY29JUN21000PE,0.00,0.00,0.00,320.25,0.00,320.25,23985.35,369.75,0,0,0,0.00,0,F1,65,,,,,
2026-07-28,2026-07-28,FO,NSE,IDO,55567,,NIFTY,,2029-06-26,2029-06-26,31500.00,PE,NIFTY29JUN31500PE,0.00,0.00,0.00,2443.35,0.00,2443.35,23985.35,3944.95,0,0,0,0.00,0,F1,65,,,,,
2026-07-28,2026-07-28,FO,NSE,IDO,55641,,NIFTY,,2030-06-25,2030-06-25,16500.00,PE,NIFTY30JUN16500PE,0.00,0.00,0.00,12.00,0.00,12.00,23985.35,62.35,0,0,0,0.00,0,F1,65,,,,,
2026-07-28,2026-07-28,FO,NSE,IDO,61914,,NIFTY,,2026-08-25,2026-08-25,25100.00,PE,NIFTY26AUG25100PE,1000.65,1045.00,980.65,1017.05,998.40,1030.05,23985.35,1017.05,40235,15210,274,465138771.50,208,F1,65,,,,,
2026-07-28,2026-07-28,FO,NSE,IDO,61733,,NIFTY,,2026-08-25,2026-08-25,24450.00,PE,NIFTY26AUG24450PE,535.00,540.00,478.95,515.55,488.15,508.05,23985.35,515.55,11310,1690,65,105460754.75,47,F1,65,,,,,
2026-07-28,2026-07-28,FO,NSE,IDO,61514,,NIFTY,,2026-08-25,2026-08-25,23550.00,PE,NIFTY26AUG23550PE,136.40,143.00,118.15,128.70,120.50,133.80,23985.35,128.70,87490,46215,1486,2287168533.00,1041,F1,65,,,,,
2026-07-28,2026-07-28,FO,NSE,IDO,63838,,NIFTY,,2026-07-28,2026-07-28,21600.00,CE,NIFTY26JUL21600CE,0.00,0.00,0.00,2783.40,0.00,2783.40,23985.35,23985.35,0,0,0,0.00,0,F1,65,,,,,
2026-07-28,2026-07-28,FO,NSE,IDO,63869,,NIFTY,,2026-07-28,2026-07-28,22350.00,CE,NIFTY26JUL22350CE,0.00,0.00,0.00,1636.55,1636.55,1636.55,23985.35,23985.35,260,0,0,0.00,0,F1,65,,,,,
2026-07-28,2026-07-28,FO,NSE,IDO,63897,,NIFTY,,2026-07-28,2026-07-28,23050.00,CE,NIFTY26JUL23050CE,960.20,992.45,884.10,928.90,939.10,975.55,23985.35,23985.35,2080,0,22,34306421.50,16,F1,65,,,,,
2026-07-28,2026-07-28,FO,NSE,IDO,63901,,NIFTY,,2026-07-28,2026-07-28,23150.00,CE,NIFTY26JUL23150CE,861.70,884.15,820.85,832.60,835.00,883.85,23985.35,23985.35,8905,715,61,95197742.25,53,F1,65,,,,,
2026-07-28,2026-07-28,FO,NSE,IDO,63957,,NIFTY,,2026-07-28,2026-07-28,24450.00,CE,NIFTY26JUL24450CE,1.00,1.45,0.05,0.10,0.05,2.10,23985.35,23985.35,1614210,-1138020,854076,1357369647478.00,147653,F1,65,,,,,
2026-07-28,2026-07-28,FO,NSE,IDO,64013,,NIFTY,,2026-07-28,2026-07-28,25750.00,CE,NIFTY26JUL25750CE,0.35,0.55,0.05,0.10,0.10,0.45,23985.35,23985.35,107965,-34320,8729,14610305667.75,2009,F1,65,,,,,
2026-07-28,2026-07-28,FO,NSE,IDO,64025,,NIFTY,,2026-07-28,2026-07-28,26000.00,CE,NIFTY26JUL26000CE,0.35,0.40,0.05,0.10,0.05,0.35,23985.35,23985.35,2954120,-541450,86129,145559367668.00,15657,F1,65,,,,,
2026-07-28,2026-07-28,FO,NSE,IDO,63948,,NIFTY,,2026-07-28,2026-07-28,24200.00,PE,NIFTY26JUL24200PE,199.00,256.05,163.50,229.80,213.60,185.75,23985.35,23985.35,1517100,-718445,728586,1155483393629.50,404230,F1,65,,,,,
2026-07-28,2026-07-28,FO,NSE,IDO,64031,,NIFTY,,2026-07-28,2026-07-28,26150.00,CE,NIFTY26JUL26150CE,0.40,0.45,0.05,0.10,0.05,0.40,23985.35,23985.35,93925,34580,6262,10643926738.25,1242,F1,65,,,,,
2026-07-28,2026-07-28,FO,NSE,IDO,65370,,NIFTY,,2026-08-04,2026-08-04,22000.00,CE,NIFTY2680422000CE,2025.00,2049.00,2009.00,2022.25,2042.30,2025.00,23985.35,2022.25,6175,5590,114,177999861.00,91,F1,65,,,,,
2026-07-28,2026-07-28,FO,NSE,IDO,65435,,NIFTY,,2026-08-04,2026-08-04,22550.00,CE,NIFTY2680422550CE,0.00,0.00,0.00,1533.15,0.00,1533.15,23985.35,1462.15,0,0,0,0.00,0,F1,65,,,,,
2026-07-28,2026-07-28,FO,NSE,IDO,65588,,NIFTY,,2026-08-04,2026-08-04,23450.00,CE,NIFTY2680423450CE,575.60,627.10,572.65,591.30,613.50,614.00,23985.35,591.30,15210,8190,416,650032048.25,194,F1,65,,,,,
2026-07-28,2026-07-28,FO,NSE,IDO,65672,,NIFTY,,2026-08-04,2026-08-04,23500.00,CE,NIFTY2680423500CE,543.45,586.90,515.10,550.75,563.05,572.45,23985.35,550.75,269750,18070,7145,11169129910.25,4638,F1,65,,,,,
2026-07-28,2026-07-28,FO,NSE,IDO,65684,,NIFTY,,2026-08-04,2026-08-04,23800.00,CE,NIFTY2680423800CE,304.90,325.00,268.25,295.85,310.00,317.80,23985.35,295.85,877370,73840,53385,83617998746.75,30595,F1,65,,,,,
2026-07-28,2026-07-28,FO,NSE,IDO,66006,,NIFTY,,2026-08-04,2026-08-04,25750.00,CE,NIFTY2680425750CE,1.10,1.10,0.80,0.90,0.85,1.10,23985.35,0.90,12740,2145,285,477036212.25,137,F1,65,,,,,
2026-07-28,2026-07-28,FO,NSE,IDO,66058,,NIFTY,,2026-08-04,2026-08-04,26050.00,CE,NIFTY2680426050CE,0.95,1.00,0.75,0.85,0.80,1.00,23985.35,0.85,13520,-2015,300,507991331.25,78,F1,65,,,,,
2026-07-28,2026-07-28,FO,NSE,IDO,66066,,NIFTY,,2026-08-04,2026-08-04,26200.00,CE,NIFTY2680426200CE,0.90,0.90,0.70,0.75,0.70,0.85,23985.35,0.75,379340,250510,8592,14632598227.00,963,F1,65,,,,,
2026-07-28,2026-07-28,FO,NSE,IDO,40909,,NIFTY,,2026-08-11,2026-08-11,22050.00,CE,NIFTY2681122050CE,0.00,0.00,0.00,2485.45,0.00,2485.45,23985.35,1987.65,0,0,0,0.00,0,F1,65,,,,,
2026-07-28,2026-07-28,FO,NSE,IDO,40913,,NIFTY,,2026-08-11,2026-08-11,22150.00,CE,NIFTY2681122150CE,0.00,0.00,0.00,2388.45,0.00,2388.45,23985.35,1888.45,0,0,0,0.00,0,F1,65,,,,,
2026-07-28,2026-07-28,FO,NSE,IDO,40919,,NIFTY,,2026-08-11,2026-08-11,22300.00,CE,NIFTY2681122300CE,0.00,0.00,0.00,2244.00,0.00,2244.00,23985.35,1740.10,0,0,0,0.00,0,F1,65,,,,,
2026-07-28,2026-07-28,FO,NSE,IDO,40945,,NIFTY,,2026-08-11,2026-08-11,22900.00,CE,NIFTY2681122900CE,0.00,0.00,0.00,1120.00,1120.00,1120.00,23985.35,1162.30,195,0,0,0.00,0,F1,65,,,,,
2026-07-28,2026-07-28,FO,NSE,IDO,40979,,NIFTY,,2026-08-11,2026-08-11,23750.00,CE,NIFTY2681123750CE,424.95,433.00,381.30,417.65,422.00,426.85,23985.35,417.65,9815,-2925,122,191599970.25,119,F1,65,,,,,
2026-07-28,2026-07-28,FO,NSE,IDO,40987,,NIFTY,,2026-08-11,2026-08-11,23900.00,CE,NIFTY2681123900CE,300.00,331.25,287.05,307.10,311.00,325.85,23985.35,307.10,145795,21905,4855,7639466926.00,3664,F1,65,,,,,
2026-07-28,2026-07-28,FO,NSE,IDO,41049,,NIFTY,,2026-08-11,2026-08-11,25300.00,CE,NIFTY2681125300CE,4.10,4.85,2.70,3.20,2.90,4.60,23985.35,3.20,102115,40040,2129,3501650958.00,954,F1,65,,,,,
2026-07-28,2026-07-28,FO,NSE,IDO,41051,,NIFTY,,2026-08-11,2026-08-11,25350.00,CE,NIFTY2681125350CE,3.55,4.40,2.45,2.60,2.85,4.20,23985.35,2.60,7605,-2730,202,332889498.50,98,F1,65,,,,,
2026-07-28,2026-07-28,FO,NSE,IDO,41061,,NIFTY,,2026-08-11,2026-08-11,25600.00,CE,NIFTY2681125600CE,2.20,4.70,1.65,2.75,1.80,2.25,23985.35,2.75,5265,2535,86,143119132.00,53,F1,65,,,,,
2026-07-28,2026-07-28,FO,NSE,IDO,41079,,NIFTY,,2026-08-11,2026-08-11,26000.00,CE,NIFTY2681126000CE,1.60,2.00,1.30,1.40,1.45,1.75,23985.35,1.40,138970,19370,2068,3495121639.75,999,F1,65,,,,,
2026-07-28,2026-07-28,FO,NSE,IDO,45011,,NIFTY,,2026-08-18,2026-08-18,22450.00,CE,NIFTY2681822450CE,0.00,0.00,0.00,1774.75,0.00,1774.75,23985.35,1629.50,0,0,0,0.00,0,F1,65,,,,,
2026-07-28,2026-07-28,FO,NSE,IDO,45023,,NIFTY,,2026-08-18,2026-08-18,22700.00,CE,NIFTY2681822700CE,0.00,0.00,0.00,1551.05,0.00,1551.05,23985.35,1395.00,0,0,0,0.00,0,F1,65,,,,,
2026-07-28,2026-07-28,FO,NSE,IDO,45084,,NIFTY,,2026-08-18,2026-08-18,23950.00,CE,NIFTY2681823950CE,353.15,360.85,325.45,340.25,349.00,356.25,23985.35,340.25,7345,-130,103,162624614.75,97,F1,65,,,,,
2026-07-28,2026-07-28,FO,NSE,IDO,45102,,NIFTY,,2026-08-18,2026-08-18,24300.00,CE,NIFTY2681824300CE,173.00,183.00,155.20,161.90,167.40,181.00,23985.35,161.90,43160,16835,637,1012986672.75,513,F1,65,,,,,
2026-07-28,2026-07-28,FO,NSE,IDO,45104,,NIFTY,,2026-08-18,2026-08-18,24350.00,CE,NIFTY2681824350CE,157.25,164.80,139.40,149.75,152.55,161.15,23985.35,149.75,8060,-260,75,119436349.50,61,F1,65,,,,,
2026-07-28,2026-07-28,FO,NSE,IDO,45162,,NIFTY,,2026-08-18,2026-08-18,25300.00,CE,NIFTY2681825300CE,32.95,32.95,8.30,9.10,8.95,109.95,23985.35,9.10,11245,11180,511,840672647.75,229,F1,65,,,,,
2026-07-28,2026-07-28,FO,NSE,IDO,45164,,NIFTY,,2026-08-18,2026-08-18,25350.00,CE,NIFTY2681825350CE,0.00,0.00,0.00,133.55,0.00,133.55,23985.35,46.30,0,0,0,0.00,0,F1,65,,,,,
2026-07-28,2026-07-28,FO,NSE,IDO,45166,,NIFTY,,2026-08-18,2026-08-18,25400.00,CE,NIFTY2681825400CE,7.80,10.10,7.15,7.40,8.25,9.75,23985.35,7.40,12285,1430,160,264240668.25,116,F1,65,,,,,
2026-07-28,2026-07-28,FO,NSE,IDO,61356,,NIFTY,,2026-08-25,2026-08-25,22100.00,CE,NIFTY26AUG22100CE,0.00,0.00,0.00,2281.05,0.00,2281.05,23985.35,2001.10,0,0,0,0.00,0,F1,65,,,,,
2026-07-28,2026-07-28,FO,NSE,IDO,61399,,NIFTY,,2026-08-25,2026-08-25,22550.00,CE,NIFTY26AUG22550CE,0.00,0.00,0.00,1773.25,1773.25,1773.25,23985.35,1577.35,130,0,0,0.00,0,F1,65,,,,,
2026-07-28,2026-07-28,FO,NSE,IDO,61409,,NIFTY,,2026-08-25,2026-08-25,22700.00,CE,NIFTY26AUG22700CE,1403.00,1447.00,1401.00,1431.90,1431.90,1395.00,23985.35,1441.70,5720,260,7,10972188.50,7,F1,65,,,,,
2026-07-28,2026-07-28,FO,NSE,IDO,55601,,NIFTY,,2029-12-24,2029-12-24,19500.00,PE,NIFTY29DEC19500PE,0.00,0.00,0.00,61.20,0.00,61.20,23985.35,219.65,0,0,0,0.00,0,F1,65,,,,,
2026-07-28,2026-07-28,FO,NSE,IDO,89635,,NIFTY,,2029-06-26,2029-06-26,26000.00,PE,NIFTY29JUN26000PE,0.00,0.00,0.00,1650.00,1650.00,1650.00,23985.35,1506.15,50,0,0,0.00,0,F1,65,,,,,
2026-07-28,2026-07-28,FO,NSE,IDO,55561,,NIFTY,,2029-06-26,2029-06-26,22500.00,PE,NIFTY29JUN22500PE,0.00,0.00,0.00,224.45,0.00,224.45,23985.35,607.15,0,0,0,0.00,0,F1,65,,,,,
2026-07-28,2026-07-28,FO,NSE,IDO,67795,,NIFTY,,2028-12-26,2028-12-26,30000.00,PE,NIFTY28DEC30000PE,0.00,0.00,0.00,2352.75,0.00,2352.75,23985.35,3435.25,0,0,0,0.00,0,F1,65,,,,,
2026-07-28,2026-07-28,FO,NSE,IDO,55521,,NIFTY,,2028-12-26,2028-12-26,22500.00,PE,NIFTY28DEC22500PE,0.00,0.00,0.00,218.80,0.00,218.80,23985.35,603.15,0,0,0,0.00,0,F1,65,,,,,
2026-07-28,2026-07-28,FO,NSE,IDO,67777,,NIFTY,,2028-12-26,2028-12-26,21000.00,PE,NIFTY28DEC21000PE,0.00,0.00,0.00,490.00,490.00,490.00,23985.35,352.80,6930,0,0,0.00,0,F1,65,,,,,
2026-07-28,2026-07-28,FO,NSE,IDO,55477,,NIFTY,,2028-06-27,2028-06-27,25500.00,PE,NIFTY28JUN25500PE,0.00,0.00,0.00,667.45,0.00,667.45,23985.35,1468.90,0,0,0,0.00,0,F1,65,,,,,
2026-07-28,2026-07-28,FO,NSE,IDO,86148,,NIFTY,,2028-06-27,2028-06-27,22000.00,PE,NIFTY28JUN22000PE,0.00,0.00,0.00,555.00,550.00,555.00,23985.35,484.90,845,0,0,0.00,0,F1,65,,,,,
2026-07-28,2026-07-28,FO,NSE,IDO,86140,,NIFTY,,2028-06-27,2028-06-27,18000.00,PE,NIFTY28JUN18000PE,0.00,0.00,0.00,396.75,0.00,396.75,23985.35,67.50,0,0,0,0.00,0,F1,65,,,,,
2026-07-28,2026-07-28,FO,NSE,IDO,35347,,NIFTY,,2027-12-28,2027-12-28,30000.00,PE,NIFTY27DEC30000PE,0.00,0.00,0.00,4150.00,4150.00,4150.00,23985.35,4118.55,130,0,0,0.00,0,F1,65,,,,,
2026-07-28,2026-07-28,FO,NSE,IDO,55425,,NIFTY,,2027-12-28,2027-12-28,22500.00,PE,NIFTY27DEC22500PE,0.00,0.00,0.00,186.50,0.00,186.50,23985.35,540.80,0,0,0,0.00,0,F1,65,,,,,
2026-07-28,2026-07-28,FO,NSE,IDO,55423,,NIFTY,,2027-12-28,2027-12-28,19500.00,PE,NIFTY27DEC19500PE,0.00,0.00,0.00,29.25,0.00,29.25,23985.35,119.10,0,0,0,0.00,0,F1,65,,,,,
2026-07-28,2026-07-28,FO,NSE,IDO,58629,,NIFTY,,2026-12-29,2026-12-29,12000.00,PE,NIFTY26DEC12000PE,0.00,0.00,0.00,5.50,5.50,5.50,23985.35,0.00,21530,0,0,0.00,0,F1,65,,,,,
2026-07-28,2026-07-28,FO,NSE,IDO,65930,,NIFTY,,2026-09-29,2026-09-29,33000.00,PE,NIFTY26SEP33000PE,0.00,0.00,0.00,6552.15,0.00,6552.15,23985.35,8639.75,0,0,0,0.00,0,F1,65,,,,,
2026-07-28,2026-07-28,FO,NSE,IDO,74417,,NIFTY,,2026-09-29,2026-09-29,25700.00,PE,NIFTY26SEP25700PE,0.00,0.00,0.00,1665.00,1665.00,1665.00,23985.35,1620.05,65,0,0,0.00,0,F1,65,,,,,
2026-07-28,2026-07-28,FO,NSE,IDO,74415,,NIFTY,,2026-09-29,2026-09-29,25650.00,PE,NIFTY26SEP25650PE,0.00,0.00,0.00,1708.05,0.00,1708.05,23985.35,1580.40,0,0,0,0.00,0,F1,65,,,,,
2026-07-28,2026-07-28,FO,NSE,IDO,74364,,NIFTY,,2026-09-29,2026-09-29,24950.00,PE,NIFTY26SEP24950PE,0.00,0.00,0.00,940.90,940.90,940.90,23985.35,1070.45,260,0,0,0.00,0,F1,65,,,,,
2026-07-28,2026-07-28,FO,NSE,IDO,74356,,NIFTY,,2026-09-29,2026-09-29,24750.00,PE,NIFTY26SEP24750PE,0.00,0.00,0.00,814.40,814.40,814.40,23985.35,942.40,32695,0,0,0.00,0,F1,65,,,,,
2026-07-28,2026-07-28,FO,NSE,IDO,73928,,NIFTY,,2026-09-29,2026-09-29,23400.00,PE,NIFTY26SEP23400PE,196.00,206.00,184.50,191.45,187.35,195.95,23985.35,191.45,63180,2925,491,752970023.00,336,F1,65,,,,,
2026-07-28,2026-07-28,FO,NSE,IDO,73888,,NIFTY,,2026-09-29,2026-09-29,22600.00,PE,NIFTY26SEP22600PE,80.00,80.85,71.60,73.80,71.70,79.25,23985.35,73.80,46085,10465,505,744316989.00,318,F1,65,,,,,
2026-07-28,2026-07-28,FO,NSE,IDO,73886,,NIFTY,,2026-09-29,2026-09-29,22550.00,PE,NIFTY26SEP22550PE,74.15,74.15,68.65,69.00,69.00,75.75,23985.35,69.00,6565,130,41,60283070.25,18,F1,65,,,,,
2026-07-28,2026-07-28,FO,NSE,IDO,73864,,NIFTY,,2026-09-29,2026-09-29,21950.00,PE,NIFTY26SEP21950PE,39.90,39.95,37.75,38.90,38.90,45.30,23985.35,53.95,3250,-390,12,17151342.00,8,F1,65,,,,,
2026-07-28,2026-07-28,FO,NSE,IDO,65894,,NIFTY,,2026-09-29,2026-09-29,21000.00,PE,NIFTY26SEP21000PE,25.55,26.15,23.00,23.50,23.55,26.10,23985.35,23.50,1617915,-2665,3204,4378486235.50,1342,F1,65,,,,,
2026-07-28,2026-07-28,FO,NSE,IDO,47062,,NIFTY,,2026-09-01,2026-09-01,25900.00,PE,NIFTY2690125900PE,0.00,0.00,0.00,1635.90,0.00,1635.90,23985.35,1803.00,0,0,0,0.00,0,F1,65,,,,,
2026-07-28,2026-07-28,FO,NSE,IDO,47056,,NIFTY,,2026-09-01,2026-09-01,25750.00,PE,NIFTY2690125750PE,0.00,0.00,0.00,1508.85,0.00,1508.85,23985.35,1667.75,0,0,0,0.00,0,F1,65,,,,,
2026-07-28,2026-07-28,FO,NSE,IDO,47038,,NIFTY,,2026-09-01,2026-09-01,25300.00,PE,NIFTY2690125300PE,0.00,0.00,0.00,1152.10,0.00,1152.10,23985.35,1281.65,0,0,0,0.00,0,F1,65,,,,,
2026-07-28,2026-07-28,FO,NSE,IDO,46998,,NIFTY,,2026-09-01,2026-09-01,24300.00,PE,NIFTY2690124300PE,476.35,478.35,401.00,401.00,401.00,524.25,23985.35,583.10,130,130,4,6432185.50,3,F1,65,,,,,
2026-07-28,2026-07-28,FO,NSE,IDO,46988,,NIFTY,,2026-09-01,2026-09-01,24050.00,PE,NIFTY2690124050PE,0.00,0.00,0.00,410.25,0.00,410.25,23985.35,453.50,0,0,0,0.00,0,F1,65,,,,,
2026-07-28,2026-07-28,FO,NSE,IDO,46944,,NIFTY,,2026-09-01,2026-09-01,22950.00,PE,NIFTY2690122950PE,0.00,0.00,0.00,104.35,0.00,104.35,23985.35,107.05,0,0,0,0.00,0,F1,65,,,,,
2026-07-28,2026-07-28,FO,NSE,IDO,46920,,NIFTY,,2026-09-01,2026-09-01,22350.00,PE,NIFTY2690122350PE,0.00,0.00,0.00,39.00,0.00,39.00,23985.35,36.80,0,0,0,0.00,0,F1,65,,,,,
2026-07-28,2026-07-28,FO,NSE,IDO,62037,,NIFTY,,2026-08-25,2026-08-25,25950.00,PE,NIFTY26AUG25950PE,0.00,0.00,0.00,2100.00,2100.00,2100.00,23985.35,1871.40,260,0,0,0.00,0,F1,65,,,,,
2026-07-28,2026-07-28,FO,NSE,IDO,61956,,NIFTY,,2026-08-25,2026-08-25,25400.00,PE,NIFTY26AUG25400PE,1264.40,1316.00,1264.00,1286.35,1286.35,1282.05,23985.35,1286.35,10205,2535,51,88438444.25,36,F1,65,,,,,
2026-07-28,2026-07-28,FO,NSE,IDO,61771,,NIFTY,,2026-08-25,2026-08-25,24500.00,PE,NIFTY26AUG24500PE,561.50,577.15,507.55,534.95,520.00,547.60,23985.35,534.95,2425800,70200,9876,16072840585.75,7301,F1,65,,,,,
2026-07-28,2026-07-28,FO,NSE,IDO,61609,,NIFTY,,2026-08-25,2026-08-25,24050.00,PE,NIFTY26AUG24050PE,310.00,318.65,269.15,291.85,275.35,297.50,23985.35,291.85,115180,36010,2711,4288495454.75,1645,F1,65,,,,,
2026-07-28,2026-07-28,FO,NSE,IDO,61533,,NIFTY,,2026-08-25,2026-08-25,23750.00,PE,NIFTY26AUG23750PE,185.00,200.80,166.75,180.25,171.90,185.60,23985.35,180.25,53170,-6110,685,1065550339.75,627,F1,65,,,,,
2026-07-28,2026-07-28,FO,NSE,IDO,61427,,NIFTY,,2026-08-25,2026-08-25,22950.00,PE,NIFTY26AUG22950PE,48.25,50.00,41.30,42.70,42.10,48.65,23985.35,42.70,45240,6760,1265,1890810041.25,744,F1,65,,,,,
2026-07-28,2026-07-28,FO,NSE,IDO,61377,,NIFTY,,2026-08-25,2026-08-25,22300.00,PE,NIFTY26AUG22300PE,17.50,18.10,14.30,15.20,14.90,18.50,23985.35,15.20,367575,11440,2966,4302309011.00,1765,F1,65,,,,,
2026-07-28,2026-07-28,FO,NSE,IDO,61337,,NIFTY,,2026-08-25,2026-08-25,21650.00,PE,NIFTY26AUG21650PE,8.65,9.25,7.10,8.55,9.25,12.30,23985.35,8.55,1820,-1300,35,49273809.00,12,F1,65,,,,,
2026-07-28,2026-07-28,FO,NSE,IDO,45193,,NIFTY,,2026-08-18,2026-08-18,25800.00,PE,NIFTY2681825800PE,0.00,0.00,0.00,1669.70,0.00,1669.70,23985.35,1741.90,0,0,0,0.00,0,F1,65,,,,,
2026-07-28,2026-07-28,FO,NSE,IDO,45157,,NIFTY,,2026-08-18,2026-08-18,25200.00,PE,NIFTY2681825200PE,0.00,0.00,0.00,1165.40,0.00,1165.40,23985.35,1189.35,0,0,0,0.00,0,F1,65,,,,,
2026-07-28,2026-07-28,FO,NSE,IDO,45103,,NIFTY,,2026-08-18,2026-08-18,24300.00,PE,NIFTY2681824300PE,392.00,399.60,356.70,387.40,370.00,388.75,23985.35,387.40,2730,-520,56,89824692.75,44,F1,65,,,,,
2026-07-28,2026-07-28,FO,NSE,IDO,45085,,NIFTY,,2026-08-18,2026-08-18,23950.00,PE,NIFTY2681823950PE,275.95,275.95,196.15,212.95,202.05,222.25,23985.35,212.95,11115,3250,259,406818223.50,199,F1,65,,,,,
2026-07-28,2026-07-28,FO,NSE,IDO,45079,,NIFTY,,2026-08-18,2026-08-18,23800.00,PE,NIFTY2681823800PE,161.45,177.50,146.50,154.40,148.00,164.70,23985.35,154.40,28405,11245,582,906335602.25,447,F1,65,,,,,
2026-07-28,2026-07-28,FO,NSE,IDO,45046,,NIFTY,,2026-08-18,2026-08-18,23100.00,PE,NIFTY2681823100PE,40.35,43.55,33.00,34.10,33.00,42.55,23985.35,34.10,34320,9490,456,685760952.50,268,F1,65,,,,,
2026-07-28,2026-07-28,FO,NSE,IDO,45024,,NIFTY,,2026-08-18,2026-08-18,22700.00,PE,NIFTY2681822700PE,19.55,19.90,15.35,15.90,15.55,21.65,23985.35,15.90,23270,5200,276,407548111.75,121,F1,65,,,,,
2026-07-28,2026-07-28,FO,NSE,IDO,41078,,NIFTY,,2026-08-11,2026-08-11,25950.00,PE,NIFTY2681125950PE,0.00,0.00,0.00,1497.75,0.00,1497.75,23985.35,1907.10,0,0,0,0.00,0,F1,65,,,,,
2026-07-28,2026-07-28,FO,NSE,IDO,41032,,NIFTY,,2026-08-11,2026-08-11,24900.00,PE,NIFTY2681124900PE,0.00,0.00,0.00,910.40,910.40,910.40,23985.35,915.40,65,0,0,0.00,0,F1,65,,,,,
2026-07-28,2026-07-28,FO,NSE,IDO,41019,,NIFTY,,2026-08-11,2026-08-11,24650.00,PE,NIFTY2681124650PE,0.00,0.00,0.00,578.25,578.25,578.25,23985.35,710.05,195,0,0,0.00,0,F1,65,,,,,
2026-07-28,2026-07-28,FO,NSE,IDO,40992,,NIFTY,,2026-08-11,2026-08-11,24000.00,PE,NIFTY2681124000PE,200.30,217.95,172.65,188.95,184.05,199.45,23985.35,188.95,647465,314405,25982,40859105836.25,19223,F1,65,,,,,
