TradDt,BizDt,Sgmt,Src,FinInstrmTp,FinInstrmId,ISIN,TckrSymb,SctySrs,XpryDt,FininstrmActlXpryDt,StrkPric,OptnTp,FinInstrmNm,OpnPric,HghPric,LwPric,ClsPric,LastPric,PrvsClsgPric,UndrlygPric,SttlmPric,OpnIntrst,ChngInOpnIntrst,TtlTradgVol,TtlTrfVal,TtlNbOfTxsExctd,SsnId,NewBrdLotQty,Rmks,Rsvd1,Rsvd2,Rsvd3,Rsvd4
2026-08-12,2026-08-12,FO,NSE,IDO,59074,,BANKNIFTY,,2026-08-25,2026-08-25,56800.00,PE,BANKNIFTY26AUG56800PE,275.55,313.25,149.15,153.00,153.95,275.55,57885.85,153.00,137670,18240,16502,28220650201.50,12844,F1,30,,,,,
2026-08-12,2026-08-12,FO,NSE,IDO,59048,,BANKNIFTY,,2026-08-25,2026-08-25,56300.00,PE,BANKNIFTY26AUG56300PE,183.35,187.95,86.35,88.25,88.50,166.15,57885.85,88.25,88530,3600,8537,14450179354.50,5892,F1,30,,,,,
2026-08-12,2026-08-12,FO,NSE,IDO,59021,,BANKNIFTY,,2026-08-25,2026-08-25,55600.00,PE,BANKNIFTY26AUG55600PE,79.75,90.65,41.20,42.20,41.55,79.75,57885.85,42.20,59670,9480,5103,8520235362.00,2542,F1,30,,,,,
2026-08-12,2026-08-12,FO,NSE,IDO,59015,,BANKNIFTY,,2026-08-25,2026-08-25,55500.00,PE,BANKNIFTY26AUG55500PE,69.40,80.15,37.30,38.35,38.65,71.30,57885.85,38.35,287370,17070,29862,49764467310.00,17455,F1,30,,,,,
2026-08-12,2026-08-12,FO,NSE,IDO,59011,,BANKNIFTY,,2026-08-25,2026-08-25,55300.00,PE,BANKNIFTY26AUG55300PE,57.00,63.25,29.90,31.60,32.05,58.30,57885.85,31.60,48660,9960,5751,9547696410.00,2832,F1,30,,,,,
2026-08-12,2026-08-12,FO,NSE,IDO,58993,,BANKNIFTY,,2026-08-25,2026-08-25,54500.00,PE,BANKNIFTY26AUG54500PE,26.85,28.90,15.70,16.45,16.50,27.55,57885.85,16.45,207270,-15090,21687,35471593561.50,12154,F1,30,,,,,
2026-08-12,2026-08-12,FO,NSE,IDO,58957,,BANKNIFTY,,2026-08-25,2026-08-25,53300.00,PE,BANKNIFTY26AUG53300PE,10.95,11.75,9.05,10.10,10.25,13.25,57885.85,10.10,6120,30,93,148736104.50,67,F1,30,,,,,
2026-08-12,2026-08-12,FO,NSE,IDO,58937,,BANKNIFTY,,2026-08-25,2026-08-25,52800.00,PE,BANKNIFTY26AUG52800PE,10.50,10.50,6.35,7.10,7.15,10.50,57885.85,7.10,11460,1620,323,511711527.00,156,F1,30,,,,,
2026-08-12,2026-08-12,FO,NSE,IDO,58921,,BANKNIFTY,,2026-08-25,2026-08-25,52000.00,PE,BANKNIFTY26AUG52000PE,8.30,8.50,5.90,6.35,6.05,8.00,57885.85,6.35,322770,-31530,8468,13211861581.50,4799,F1,30,,,,,
2026-08-12,2026-08-12,FO,NSE,IDO,58917,,BANKNIFTY,,2026-08-25,2026-08-25,51800.00,PE,BANKNIFTY26AUG51800PE,7.90,7.90,5.85,6.40,6.40,8.00,57885.85,1.08,1380,-30,30,46625665.50,20,F1,30,,,,,
2026-08-12,2026-08-12,FO,NSE,IDO,58877,,BANKNIFTY,,2026-08-25,2026-08-25,50900.00,PE,BANKNIFTY26AUG50900PE,7.05,7.10,5.30,6.15,6.00,8.60,57885.85,6.15,1920,90,36,54978916.50,24,F1,30,,,,,
2026-08-12,2026-08-12,FO,NSE,IDO,58871,,BANKNIFTY,,2026-08-25,2026-08-25,50600.00,PE,BANKNIFTY26AUG50600PE,5.45,6.85,4.65,6.50,6.50,6.30,57885.85,0.11,510,90,14,21254397.00,12,F1,30,,,,,
2026-08-12,2026-08-12,FO,NSE,IDO,58865,,BANKNIFTY,,2026-08-25,2026-08-25,50400.00,PE,BANKNIFTY26AUG50400PE,6.15,6.15,4.95,5.25,5.25,6.65,57885.85,0.07,1020,30,9,13609474.50,4,F1,30,,,,,
2026-08-12,2026-08-12,FO,NSE,IDO,58853,,BANKNIFTY,,2026-08-25,2026-08-25,50000.00,PE,BANKNIFTY26AUG50000PE,5.55,6.20,4.55,4.95,5.45,5.65,57885.85,4.95,295380,-12270,2233,3349852539.00,1290,F1,30,,,,,
2026-08-12,2026-08-12,FO,NSE,IDO,58767,,BANKNIFTY,,2026-08-25,2026-08-25,48000.00,PE,BANKNIFTY26AUG48000PE,3.65,4.75,3.50,3.90,3.50,4.50,57885.85,3.90,28410,120,201,289464283.50,166,F1,30,,,,,
2026-08-12,2026-08-12,FO,NSE,IDO,76433,,BANKNIFTY,,2027-03-30,2027-03-30,66000.00,CE,BANKNIFTY27MAR66000CE,0.00,0.00,0.00,890.95,0.00,890.95,57885.85,1801.68,0,0,0,0.00,0,F1,30,,,,,
2026-08-12,2026-08-12,FO,NSE,IDO,76396,,BANKNIFTY,,2027-03-30,2027-03-30,55500.00,CE,BANKNIFTY27MAR55500CE,0.00,0.00,0.00,3363.80,0.00,3363.80,57885.85,6391.62,0,0,0,0.00,0,F1,30,,,,,
2026-08-12,2026-08-12,FO,NSE,IDO,49677,,BANKNIFTY,,2026-10-27,2026-10-27,64000.00,CE,BANKNIFTY26OCT64000CE,0.00,0.00,0.00,516.25,0.00,516.25,57885.85,545.01,0,0,0,0.00,0,F1,30,,,,,
2026-08-12,2026-08-12,FO,NSE,IDO,49655,,BANKNIFTY,,2026-10-27,2026-10-27,63400.00,CE,BANKNIFTY26OCT63400CE,0.00,0.00,0.00,608.30,0.00,608.30,57885.85,650.61,0,0,0,0.00,0,F1,30,,,,,
2026-08-12,2026-08-12,FO,NSE,IDO,49603,,BANKNIFTY,,2026-10-27,2026-10-27,61400.00,CE,BANKNIFTY26OCT61400CE,0.00,0.00,0.00,1017.85,0.00,1017.85,57885.85,1128.08,0,0,0,0.00,0,F1,30,,,,,
2026-08-12,2026-08-12,FO,NSE,IDO,49599,,BANKNIFTY,,2026-10-27,2026-10-27,61200.00,CE,BANKNIFTY26OCT61200CE,0.00,0.00,0.00,1068.95,0.00,1068.95,57885.85,1188.11,0,0,0,0.00,0,F1,30,,,,,
2026-08-12,2026-08-12,FO,NSE,IDO,49579,,BANKNIFTY,,2026-10-27,2026-10-27,60300.00,CE,BANKNIFTY26OCT60300CE,0.00,0.00,0.00,1324.65,0.00,1324.65,57885.85,1488.94,0,0,0,0.00,0,F1,30,,,,,
2026-08-12,2026-08-12,FO,NSE,IDO,49575,,BANKNIFTY,,2026-10-27,2026-10-27,60100.00,CE,BANKNIFTY26OCT60100CE,0.00,0.00,0.00,1387.45,0.00,1387.45,57885.85,1562.89,0,0,0,0.00,0,F1,30,,,,,
2026-08-12,2026-08-12,FO,NSE,IDO,49567,,BANKNIFTY,,2026-10-27,2026-10-27,59800.00,CE,BANKNIFTY26OCT59800CE,0.00,0.00,0.00,1485.85,0.00,1485.85,57885.85,1678.82,0,0,0,0.00,0,F1,30,,,,,
2026-08-12,2026-08-12,FO,NSE,IDO,49527,,BANKNIFTY,,2026-10-27,2026-10-27,58300.00,CE,BANKNIFTY26OCT58300CE,0.00,0.00,0.00,2058.40,0.00,2058.40,57885.85,2352.36,0,0,0,0.00,0,F1,30,,,,,
2026-08-12,2026-08-12,FO,NSE,IDO,49503,,BANKNIFTY,,2026-10-27,2026-10-27,57400.00,CE,BANKNIFTY26OCT57400CE,1962.55,1983.00,1847.00,1977.05,1977.05,1743.40,57885.85,1977.05,210,90,8,14235940.50,8,F1,30,,,,,
2026-08-12,2026-08-12,FO,NSE,IDO,49497,,BANKNIFTY,,2026-10-27,2026-10-27,57100.00,CE,BANKNIFTY26OCT57100CE,0.00,0.00,0.00,2618.95,0.00,2618.95,57885.85,3006.78,0,0,0,0.00,0,F1,30,,,,,
2026-08-12,2026-08-12,FO,NSE,IDO,49433,,BANKNIFTY,,2026-10-27,2026-10-27,54800.00,CE,BANKNIFTY26OCT54800CE,0.00,0.00,0.00,3956.60,0.00,3956.60,57885.85,4542.94,0,0,0,0.00,0,F1,30,,,,,
2026-08-12,2026-08-12,FO,NSE,IDO,49417,,BANKNIFTY,,2026-10-27,2026-10-27,54100.00,CE,BANKNIFTY26OCT54100CE,0.00,0.00,0.00,4430.75,0.00,4430.75,57885.85,5077.13,0,0,0,0.00,0,F1,30,,,,,
2026-08-12,2026-08-12,FO,NSE,IDO,49394,,BANKNIFTY,,2026-10-27,2026-10-27,53300.00,CE,BANKNIFTY26OCT53300CE,0.00,0.00,0.00,5009.50,0.00,5009.50,57885.85,5720.56,0,0,0,0.00,0,F1,30,,,,,
2026-08-12,2026-08-12,FO,NSE,IDO,70117,,BANKNIFTY,,2026-09-29,2026-09-29,64100.00,CE,BANKNIFTY26SEP64100CE,0.00,0.00,0.00,672.40,0.00,672.40,57885.85,228.43,0,0,0,0.00,0,F1,30,,,,,
2026-08-12,2026-08-12,FO,NSE,IDO,70037,,BANKNIFTY,,2026-09-29,2026-09-29,61400.00,CE,BANKNIFTY26SEP61400CE,0.00,0.00,0.00,1297.95,0.00,1297.95,57885.85,662.35,0,0,0,0.00,0,F1,30,,,,,
2026-08-12,2026-08-12,FO,NSE,IDO,58800,,BANKNIFTY,,2026-08-25,2026-08-25,48600.00,CE,BANKNIFTY26AUG48600CE,0.00,0.00,0.00,7450.45,0.00,7450.45,57885.85,9390.63,0,0,0,0.00,0,F1,30,,,,,
2026-08-12,2026-08-12,FO,NSE,IDO,58804,,BANKNIFTY,,2026-08-25,2026-08-25,48700.00,CE,BANKNIFTY26AUG48700CE,0.00,0.00,0.00,7362.25,0.00,7362.25,57885.85,9290.85,0,0,0,0.00,0,F1,30,,,,,
2026-08-12,2026-08-12,FO,NSE,IDO,58928,,BANKNIFTY,,2026-08-25,2026-08-25,52400.00,CE,BANKNIFTY26AUG52400CE,0.00,0.00,0.00,4408.20,0.00,4408.20,57885.85,5601.76,0,0,0,0.00,0,F1,30,,,,,
2026-08-12,2026-08-12,FO,NSE,IDO,58946,,BANKNIFTY,,2026-08-25,2026-08-25,53100.00,CE,BANKNIFTY26AUG53100CE,0.00,0.00,0.00,3930.25,0.00,3930.25,57885.85,4908.74,0,0,0,0.00,0,F1,30,,,,,
2026-08-12,2026-08-12,FO,NSE,IDO,58976,,BANKNIFTY,,2026-08-25,2026-08-25,53900.00,CE,BANKNIFTY26AUG53900CE,0.00,0.00,0.00,3976.25,3976.25,3976.25,57885.85,4126.50,120,0,0,0.00,0,F1,30,,,,,
2026-08-12,2026-08-12,FO,NSE,IDO,59010,,BANKNIFTY,,2026-08-25,2026-08-25,55300.00,CE,BANKNIFTY26AUG55300CE,0.00,0.00,0.00,2177.75,2177.75,2177.75,57885.85,2820.38,690,0,0,0.00,0,F1,30,,,,,
2026-08-12,2026-08-12,FO,NSE,IDO,59016,,BANKNIFTY,,2026-08-25,2026-08-25,55600.00,CE,BANKNIFTY26AUG55600CE,2016.20,2380.00,2016.20,2380.00,2380.00,2075.00,57885.85,2558.95,1530,-90,7,12151213.50,6,F1,30,,,,,
2026-08-12,2026-08-12,FO,NSE,IDO,59047,,BANKNIFTY,,2026-08-25,2026-08-25,56300.00,CE,BANKNIFTY26AUG56300CE,1359.45,1826.45,1336.25,1785.80,1792.00,1433.50,57885.85,1785.80,8700,1410,315,546559029.00,168,F1,30,,,,,
2026-08-12,2026-08-12,FO,NSE,IDO,59096,,BANKNIFTY,,2026-08-25,2026-08-25,57800.00,CE,BANKNIFTY26AUG57800CE,440.05,680.00,389.00,641.35,634.00,455.55,57885.85,641.35,333240,-42360,74837,131026691275.50,57510,F1,30,,,,,
2026-08-12,2026-08-12,FO,NSE,IDO,59159,,BANKNIFTY,,2026-08-25,2026-08-25,59600.00,CE,BANKNIFTY26AUG59600CE,46.30,79.90,41.40,70.55,75.00,48.50,57885.85,70.55,82440,10800,9387,16800989700.00,4627,F1,30,,,,,
2026-08-12,2026-08-12,FO,NSE,IDO,59266,,BANKNIFTY,,2026-08-25,2026-08-25,62500.00,CE,BANKNIFTY26AUG62500CE,4.35,7.05,4.10,6.20,6.00,4.60,57885.85,6.20,102060,9330,2689,5042309662.50,1921,F1,30,,,,,
2026-08-12,2026-08-12,FO,NSE,IDO,59282,,BANKNIFTY,,2026-08-25,2026-08-25,62900.00,CE,BANKNIFTY26AUG62900CE,4.25,7.20,3.15,4.60,4.10,4.25,57885.85,4.60,2610,1170,190,358558054.50,147,F1,30,,,,,
2026-08-12,2026-08-12,FO,NSE,IDO,59319,,BANKNIFTY,,2026-08-25,2026-08-25,64100.00,CE,BANKNIFTY26AUG64100CE,0.00,0.00,0.00,3.35,3.35,3.35,57885.85,3.78,210,0,0,0.00,0,F1,30,,,,,
2026-08-12,2026-08-12,FO,NSE,IDO,69662,,BANKNIFTY,,2026-09-29,2026-09-29,51800.00,CE,BANKNIFTY26SEP51800CE,0.00,0.00,0.00,6901.65,0.00,6901.65,57885.85,6624.43,0,0,0,0.00,0,F1,30,,,,,
2026-08-12,2026-08-12,FO,NSE,IDO,69670,,BANKNIFTY,,2026-09-29,2026-09-29,52200.00,CE,BANKNIFTY26SEP52200CE,0.00,0.00,0.00,6565.65,0.00,6565.65,57885.85,6253.64,0,0,0,0.00,0,F1,30,,,,,
2026-08-12,2026-08-12,FO,NSE,IDO,69710,,BANKNIFTY,,2026-09-29,2026-09-29,54400.00,CE,BANKNIFTY26SEP54400CE,0.00,0.00,0.00,4852.25,0.00,4852.25,57885.85,4336.20,0,0,0,0.00,0,F1,30,,,,,
2026-08-12,2026-08-12,FO,NSE,IDO,69757,,BANKNIFTY,,2026-09-29,2026-09-29,54600.00,CE,BANKNIFTY26SEP54600CE,0.00,0.00,0.00,4708.60,0.00,4708.60,57885.85,4175.12,0,0,0,0.00,0,F1,30,,,,,
2026-08-12,2026-08-12,FO,NSE,IDO,69763,,BANKNIFTY,,2026-09-29,2026-09-29,54800.00,CE,BANKNIFTY26SEP54800CE,0.00,0.00,0.00,4564.90,0.00,4564.90,57885.85,4016.70,0,0,0,0.00,0,F1,30,,,,,
2026-08-12,2026-08-12,FO,NSE,IDO,69765,,BANKNIFTY,,2026-09-29,2026-09-29,54900.00,CE,BANKNIFTY26SEP54900CE,0.00,0.00,0.00,4495.20,0.00,4495.20,57885.85,3938.53,0,0,0,0.00,0,F1,30,,,,,
2026-08-12,2026-08-12,FO,NSE,IDO,69801,,BANKNIFTY,,2026-09-29,2026-09-29,56500.00,CE,BANKNIFTY26SEP56500CE,1950.00,2170.00,1945.00,2165.60,2170.00,1951.35,57885.85,2165.60,21600,-30,40,70257198.00,38,F1,30,,,,,
2026-08-12,2026-08-12,FO,NSE,IDO,69820,,BANKNIFTY,,2026-09-29,2026-09-29,57400.00,CE,BANKNIFTY26SEP57400CE,1339.00,1520.20,1339.00,1512.15,1518.70,1339.00,57885.85,1512.15,4470,120,45,79428894.00,41,F1,30,,,,,
2026-08-12,2026-08-12,FO,NSE,IDO,69868,,BANKNIFTY,,2026-09-29,2026-09-29,58700.00,CE,BANKNIFTY26SEP58700CE,699.00,873.50,699.00,794.75,794.75,694.90,57885.85,794.75,7440,2220,114,203443149.00,84,F1,30,,,,,
2026-08-12,2026-08-12,FO,NSE,IDO,69996,,BANKNIFTY,,2026-09-29,2026-09-29,59800.00,CE,BANKNIFTY26SEP59800CE,0.00,0.00,0.00,1843.85,0.00,1843.85,57885.85,1130.53,0,0,0,0.00,0,F1,30,,,,,
2026-08-12,2026-08-12,FO,NSE,IDO,70015,,BANKNIFTY,,2026-09-29,2026-09-29,60300.00,CE,BANKNIFTY26SEP60300CE,0.00,0.00,0.00,1657.55,0.00,1657.55,57885.85,962.21,0,0,0,0.00,0,F1,30,,,,,
2026-08-12,2026-08-12,FO,NSE,IDO,59260,,BANKNIFTY,,2026-08-25,2026-08-25,62300.00,CE,BANKNIFTY26AUG62300CE,5.45,7.50,3.55,6.25,6.80,5.40,57885.85,6.25,4440,-990,238,444864882.00,166,F1,30,,,,,
2026-08-12,2026-08-12,FO,NSE,IDO,59183,,BANKNIFTY,,2026-08-25,2026-08-25,60300.00,CE,BANKNIFTY26AUG60300CE,21.10,30.65,17.65,26.85,27.30,21.10,57885.85,26.85,23280,5700,2800,5067140296.50,1681,F1,30,,,,,
2026-08-12,2026-08-12,FO,NSE,IDO,59126,,BANKNIFTY,,2026-08-25,2026-08-25,58500.00,CE,BANKNIFTY26AUG58500CE,205.00,335.00,174.30,308.15,311.00,205.85,57885.85,308.15,821310,-61260,72329,127510170586.50,50550,F1,30,,,,,
2026-08-12,2026-08-12,FO,NSE,IDO,59092,,BANKNIFTY,,2026-08-25,2026-08-25,57600.00,CE,BANKNIFTY26AUG57600CE,540.00,804.70,488.75,764.20,762.60,550.35,57885.85,764.20,187710,-25050,87146,152317061808.00,65085,F1,30,,,,,
2026-08-12,2026-08-12,FO,NSE,IDO,59044,,BANKNIFTY,,2026-08-25,2026-08-25,56200.00,CE,BANKNIFTY26AUG56200CE,1470.00,1900.00,1470.00,1900.00,1900.00,1530.00,57885.85,2065.30,9030,60,37,64298277.00,29,F1,30,,,,,
2026-08-12,2026-08-12,FO,NSE,IDO,58962,,BANKNIFTY,,2026-08-25,2026-08-25,53600.00,CE,BANKNIFTY26AUG53600CE,0.00,0.00,0.00,4284.45,4284.45,4284.45,57885.85,4418.06,120,0,0,0.00,0,F1,30,,,,,
2026-08-12,2026-08-12,FO,NSE,IDO,58955,,BANKNIFTY,,2026-08-25,2026-08-25,53300.00,CE,BANKNIFTY26AUG53300CE,0.00,0.00,0.00,3800.00,0.00,3800.00,57885.85,4711.88,0,0,0,0.00,0,F1,30,,,,,
2026-08-12,2026-08-12,FO,NSE,IDO,58930,,BANKNIFTY,,2026-08-25,2026-08-25,52500.00,CE,BANKNIFTY26AUG52500CE,0.00,0.00,0.00,4850.00,4850.00,4850.00,57885.85,5502.47,330,0,0,0.00,0,F1,30,,,,,
2026-08-12,2026-08-12,FO,NSE,IDO,58920,,BANKNIFTY,,2026-08-25,2026-08-25,52000.00,CE,BANKNIFTY26AUG52000CE,5905.00,5905.00,5905.00,5905.00,5905.00,5548.00,57885.85,5999.49,20580,0,1,1737150.00,1,F1,30,,,,,
2026-08-12,2026-08-12,FO,NSE,IDO,49494,,BANKNIFTY,,2026-10-27,2026-10-27,56900.00,PE,BANKNIFTY26OCT56900PE,0.00,0.00,0.00,2011.30,0.00,2011.30,57885.85,1368.12,0,0,0,0.00,0,F1,30,,,,,
2026-08-12,2026-08-12,FO,NSE,IDO,49570,,BANKNIFTY,,2026-10-27,2026-10-27,59900.00,PE,BANKNIFTY26OCT59900PE,0.00,0.00,0.00,2223.15,2223.15,2223.15,57885.85,2841.03,120,0,0,0.00,0,F1,30,,,,,
2026-08-12,2026-08-12,FO,NSE,IDO,49656,,BANKNIFTY,,2026-10-27,2026-10-27,63400.00,PE,BANKNIFTY26OCT63400PE,0.00,0.00,0.00,6300.50,0.00,6300.50,57885.85,5304.65,0,0,0,0.00,0,F1,30,,,,,
2026-08-12,2026-08-12,FO,NSE,IDO,76395,,BANKNIFTY,,2027-03-30,2027-03-30,54000.00,PE,BANKNIFTY27MAR54000PE,0.00,0.00,0.00,3928.75,0.00,3928.75,57885.85,1323.83,0,0,0,0.00,0,F1,30,,,,,
2026-08-12,2026-08-12,FO,NSE,IDO,76426,,BANKNIFTY,,2027-03-30,2027-03-30,63000.00,PE,BANKNIFTY27MAR63000PE,0.00,0.00,0.00,9669.30,0.00,9669.30,57885.85,5263.94,0,0,0,0.00,0,F1,30,,,,,
2026-08-12,2026-08-12,FO,NSE,IDO,70801,,BANKNIFTY,,2027-06-29,2027-06-29,63000.00,PE,BANKNIFTY27JUN63000PE,0.00,0.00,0.00,5804.40,0.00,5804.40,57885.85,5341.31,0,0,0,0.00,0,F1,30,,,,,
2026-08-12,2026-08-12,FO,NSE,IDO,69900,,BANKNIFTY,,2026-09-29,2026-09-29,59200.00,PE,BANKNIFTY26SEP59200PE,0.00,0.00,0.00,1436.30,1436.30,1436.30,57885.85,2165.68,210,0,0,0.00,0,F1,30,,,,,
2026-08-12,2026-08-12,FO,NSE,IDO,49490,,BANKNIFTY,,2026-10-27,2026-10-27,56700.00,PE,BANKNIFTY26OCT56700PE,0.00,0.00,0.00,1919.45,0.00,1919.45,57885.85,1292.78,0,0,0,0.00,0,F1,30,,,,,
2026-08-12,2026-08-12,FO,NSE,IDO,49470,,BANKNIFTY,,2026-10-27,2026-10-27,56100.00,PE,BANKNIFTY26OCT56100PE,0.00,0.00,0.00,1659.85,0.00,1659.85,57885.85,1083.51,0,0,0,0.00,0,F1,30,,,,,
2026-08-12,2026-08-12,FO,NSE,IDO,49468,,BANKNIFTY,,2026-10-27,2026-10-27,56000.00,PE,BANKNIFTY26OCT56000PE,0.00,0.00,0.00,1618.90,0.00,1618.90,57885.85,1051.04,0,0,0,0.00,0,F1,30,,,,,
2026-08-12,2026-08-12,FO,NSE,IDO,49445,,BANKNIFTY,,2026-10-27,2026-10-27,55100.00,PE,BANKNIFTY26OCT55100PE,0.00,0.00,0.00,1279.50,0.00,1279.50,57885.85,791.49,0,0,0,0.00,0,F1,30,,,,,
2026-08-12,2026-08-12,FO,NSE,IDO,49422,,BANKNIFTY,,2026-10-27,2026-10-27,54300.00,PE,BANKNIFTY26OCT54300PE,0.00,0.00,0.00,1021.05,0.00,1021.05,57885.85,599.12,0,0,0,0.00,0,F1,30,,,,,
2026-08-12,2026-08-12,FO,NSE,IDO,49418,,BANKNIFTY,,2026-10-27,2026-10-27,54100.00,PE,BANKNIFTY26OCT54100PE,0.00,0.00,0.00,962.60,0.00,962.60,57885.85,557.34,0,0,0,0.00,0,F1,30,,,,,
2026-08-12,2026-08-12,FO,NSE,IDO,49412,,BANKNIFTY,,2026-10-27,2026-10-27,53800.00,PE,BANKNIFTY26OCT53800PE,0.00,0.00,0.00,882.10,0.00,882.10,57885.85,498.78,0,0,0,0.00,0,F1,30,,,,,
2026-08-12,2026-08-12,FO,NSE,IDO,49370,,BANKNIFTY,,2026-10-27,2026-10-27,52100.00,PE,BANKNIFTY26OCT52100PE,0.00,0.00,0.00,503.35,0.00,503.35,57885.85,249.97,0,0,0,0.00,0,F1,30,,,,,
2026-08-12,2026-08-12,FO,NSE,IDO,49368,,BANKNIFTY,,2026-10-27,2026-10-27,52000.00,PE,BANKNIFTY26OCT52000PE,0.00,0.00,0.00,485.80,0.00,485.80,57885.85,239.19,0,0,0,0.00,0,F1,30,,,,,
2026-08-12,2026-08-12,FO,NSE,IDO,49321,,BANKNIFTY,,2026-10-27,2026-10-27,50500.00,PE,BANKNIFTY26OCT50500PE,0.00,0.00,0.00,274.10,0.00,274.10,57885.85,117.39,0,0,0,0.00,0,F1,30,,,,,
2026-08-12,2026-08-12,FO,NSE,IDO,49311,,BANKNIFTY,,2026-10-27,2026-10-27,50000.00,PE,BANKNIFTY26OCT50000PE,50.00,57.95,46.35,46.35,46.35,62.00,57885.85,46.35,450,30,10,15014719.50,5,F1,30,,,,,
2026-08-12,2026-08-12,FO,NSE,IDO,70112,,BANKNIFTY,,2026-09-29,2026-09-29,63800.00,PE,BANKNIFTY26SEP63800PE,0.00,0.00,0.00,6004.90,0.00,6004.90,57885.85,5625.61,0,0,0,0.00,0,F1,30,,,,,
2026-08-12,2026-08-12,FO,NSE,IDO,70106,,BANKNIFTY,,2026-09-29,2026-09-29,63500.00,PE,BANKNIFTY26SEP63500PE,0.00,0.00,0.00,5767.00,0.00,5767.00,57885.85,5362.76,0,0,0,0.00,0,F1,30,,,,,
2026-08-12,2026-08-12,FO,NSE,IDO,70104,,BANKNIFTY,,2026-09-29,2026-09-29,63400.00,PE,BANKNIFTY26SEP63400PE,0.00,0.00,0.00,5688.50,0.00,5688.50,57885.85,5275.97,0,0,0,0.00,0,F1,30,,,,,
2026-08-12,2026-08-12,FO,NSE,IDO,70044,,BANKNIFTY,,2026-09-29,2026-09-29,61700.00,PE,BANKNIFTY26SEP61700PE,0.00,0.00,0.00,4421.90,0.00,4421.90,57885.85,3876.55,0,0,0,0.00,0,F1,30,,,,,
2026-08-12,2026-08-12,FO,NSE,IDO,69825,,BANKNIFTY,,2026-09-29,2026-09-29,57600.00,PE,BANKNIFTY26SEP57600PE,899.95,900.00,597.45,668.20,597.45,870.75,57885.85,668.20,10740,4230,445,779037859.50,340,F1,30,,,,,
2026-08-12,2026-08-12,FO,NSE,IDO,59008,,BANKNIFTY,,2026-08-25,2026-08-25,55200.00,CE,BANKNIFTY26AUG55200CE,0.00,0.00,0.00,2634.15,2634.15,2634.15,57885.85,2909.37,300,0,0,0.00,0,F1,30,,,,,
2026-08-12,2026-08-12,FO,NSE,IDO,59012,,BANKNIFTY,,2026-08-25,2026-08-25,55400.00,CE,BANKNIFTY26AUG55400CE,0.00,0.00,0.00,2248.05,2248.05,2248.05,57885.85,2732.29,540,0,0,0.00,0,F1,30,,,,,
2026-08-12,2026-08-12,FO,NSE,IDO,59025,,BANKNIFTY,,2026-08-25,2026-08-25,55800.00,CE,BANKNIFTY26AUG55800CE,2101.40,2268.00,2016.30,2268.00,2268.00,1860.30,57885.85,2268.00,1950,120,10,17372301.00,9,F1,30,,,,,
2026-08-12,2026-08-12,FO,NSE,IDO,59038,,BANKNIFTY,,2026-08-25,2026-08-25,56000.00,CE,BANKNIFTY26AUG56000CE,1689.95,2124.40,1588.40,2063.50,2064.90,1690.40,57885.85,2063.50,122850,-300,1924,3340433002.50,1234,F1,30,,,,,
2026-08-12,2026-08-12,FO,NSE,IDO,59094,,BANKNIFTY,,2026-08-25,2026-08-25,57700.00,CE,BANKNIFTY26AUG57700CE,501.90,740.00,444.70,698.10,690.00,502.50,57885.85,698.10,276060,-31830,88359,154575640707.00,66270,F1,30,,,,,
2026-08-12,2026-08-12,FO,NSE,IDO,59124,,BANKNIFTY,,2026-08-25,2026-08-25,58400.00,CE,BANKNIFTY26AUG58400CE,211.00,380.00,201.75,346.70,343.60,232.95,57885.85,346.70,96090,4500,19764,34802901105.00,15030,F1,30,,,,,
2026-08-12,2026-08-12,FO,NSE,IDO,59163,,BANKNIFTY,,2026-08-25,2026-08-25,59800.00,CE,BANKNIFTY26AUG59800CE,35.65,59.65,32.50,53.10,54.60,37.70,57885.85,53.10,87240,120,5335,9578177259.00,2983,F1,30,,,,,
2026-08-12,2026-08-12,FO,NSE,IDO,59165,,BANKNIFTY,,2026-08-25,2026-08-25,59900.00,CE,BANKNIFTY26AUG59900CE,29.20,52.00,28.65,46.40,48.75,33.35,57885.85,46.40,70410,-7590,4952,8904608667.00,2591,F1,30,,,,,
2026-08-12,2026-08-12,FO,NSE,IDO,59230,,BANKNIFTY,,2026-08-25,2026-08-25,61300.00,CE,BANKNIFTY26AUG61300CE,0.00,0.00,0.00,658.70,0.00,658.70,57885.85,81.07,0,0,0,0.00,0,F1,30,,,,,
2026-08-12,2026-08-12,FO,NSE,IDO,59312,,BANKNIFTY,,2026-08-25,2026-08-25,63800.00,CE,BANKNIFTY26AUG63800CE,4.15,5.05,2.70,3.25,2.70,3.25,57885.85,3.25,900,-990,148,283288789.50,72,F1,30,,,,,
2026-08-12,2026-08-12,FO,NSE,IDO,69564,,BANKNIFTY,,2026-09-29,2026-09-29,50000.00,CE,BANKNIFTY26SEP50000CE,7955.80,8109.45,7906.15,7906.15,7906.15,7859.35,57885.85,8342.76,11190,120,5,8696490.00,5,F1,30,,,,,
2026-08-12,2026-08-12,FO,NSE,IDO,69656,,BANKNIFTY,,2026-09-29,2026-09-29,51500.00,CE,BANKNIFTY26SEP51500CE,0.00,0.00,0.00,7157.85,0.00,7157.85,57885.85,6905.71,0,0,0,0.00,0,F1,30,,,,,
2026-08-12,2026-08-12,FO,NSE,IDO,69694,,BANKNIFTY,,2026-09-29,2026-09-29,53500.00,CE,BANKNIFTY26SEP53500CE,0.00,0.00,0.00,5522.80,0.00,5522.80,57885.85,5091.27,0,0,0,0.00,0,F1,30,,,,,
2026-08-12,2026-08-12,FO,NSE,IDO,69704,,BANKNIFTY,,2026-09-29,2026-09-29,54100.00,CE,BANKNIFTY26SEP54100CE,0.00,0.00,0.00,5069.65,0.00,5069.65,57885.85,4582.60,0,0,0,0.00,0,F1,30,,,,,
2026-08-12,2026-08-12,FO,NSE,IDO,52297,,BANKNIFTY,,2026-09-29,2026-09-29,55500.00,CE,BANKNIFTY26SEP55500CE,2580.10,3064.80,2580.10,3024.25,3024.25,2760.00,57885.85,3024.25,6000,-210,28,49091520.00,27,F1,30,,,,,
2026-08-12,2026-08-12,FO,NSE,IDO,69785,,BANKNIFTY,,2026-09-29,2026-09-29,55900.00,CE,BANKNIFTY26SEP55900CE,0.00,0.00,0.00,3831.40,0.00,3831.40,57885.85,3196.89,0,0,0,0.00,0,F1,30,,,,,
2026-08-12,2026-08-12,FO,NSE,IDO,69793,,BANKNIFTY,,2026-09-29,2026-09-29,56100.00,CE,BANKNIFTY26SEP56100CE,0.00,0.00,0.00,3705.95,0.00,3705.95,57885.85,3058.22,0,0,0,0.00,0,F1,30,,,,,
2026-08-12,2026-08-12,FO,NSE,IDO,69845,,BANKNIFTY,,2026-09-29,2026-09-29,58200.00,CE,BANKNIFTY26SEP58200CE,897.10,1082.85,897.00,1062.05,1066.95,918.50,57885.85,1062.05,12510,4230,393,698147467.50,317,F1,30,,,,,
2026-08-12,2026-08-12,FO,NSE,IDO,70017,,BANKNIFTY,,2026-09-29,2026-09-29,60400.00,CE,BANKNIFTY26SEP60400CE,0.00,0.00,0.00,1622.05,0.00,1622.05,57885.85,930.94,0,0,0,0.00,0,F1,30,,,,,
2026-08-12,2026-08-12,FO,NSE,IDO,70078,,BANKNIFTY,,2026-09-29,2026-09-29,62100.00,CE,BANKNIFTY26SEP62100CE,0.00,0.00,0.00,1102.75,0.00,1102.75,57885.85,510.78,0,0,0,0.00,0,F1,30,,,,,
2026-08-12,2026-08-12,FO,NSE,IDO,70246,,BANKNIFTY,,2026-09-29,2026-09-29,65500.00,CE,BANKNIFTY26SEP65500CE,0.00,0.00,0.00,462.70,0.00,462.70,57885.85,122.13,0,0,0,0.00,0,F1,30,,,,,
2026-08-12,2026-08-12,FO,NSE,IDO,49363,,BANKNIFTY,,2026-10-27,2026-10-27,51800.00,CE,BANKNIFTY26OCT51800CE,0.00,0.00,0.00,6185.60,0.00,6185.60,57885.85,7007.32,0,0,0,0.00,0,F1,30,,,,,
2026-08-12,2026-08-12,FO,NSE,IDO,49375,,BANKNIFTY,,2026-10-27,2026-10-27,52400.00,CE,BANKNIFTY26OCT52400CE,0.00,0.00,0.00,5701.60,0.00,5701.60,57885.85,6481.37,0,0,0,0.00,0,F1,30,,,,,
2026-08-12,2026-08-12,FO,NSE,IDO,49425,,BANKNIFTY,,2026-10-27,2026-10-27,54500.00,CE,BANKNIFTY26OCT54500CE,0.00,0.00,0.00,4156.10,0.00,4156.10,57885.85,4768.39,0,0,0,0.00,0,F1,30,,,,,
2026-08-12,2026-08-12,FO,NSE,IDO,49431,,BANKNIFTY,,2026-10-27,2026-10-27,54700.00,CE,BANKNIFTY26OCT54700CE,0.00,0.00,0.00,4022.45,0.00,4022.45,57885.85,4617.50,0,0,0,0.00,0,F1,30,,,,,
2026-08-12,2026-08-12,FO,NSE,IDO,49469,,BANKNIFTY,,2026-10-27,2026-10-27,56100.00,CE,BANKNIFTY26OCT56100CE,0.00,0.00,0.00,3158.05,0.00,3158.05,57885.85,3630.43,0,0,0,0.00,0,F1,30,,,,,
2026-08-12,2026-08-12,FO,NSE,IDO,49477,,BANKNIFTY,,2026-10-27,2026-10-27,56400.00,CE,BANKNIFTY26OCT56400CE,0.00,0.00,0.00,2989.40,0.00,2989.40,57885.85,3436.02,0,0,0,0.00,0,F1,30,,,,,
2026-08-12,2026-08-12,FO,NSE,IDO,49517,,BANKNIFTY,,2026-10-27,2026-10-27,57900.00,CE,BANKNIFTY26OCT57900CE,0.00,0.00,0.00,2234.00,2234.00,2234.00,57885.85,2558.98,30,0,0,0.00,0,F1,30,,,,,
2026-08-12,2026-08-12,FO,NSE,IDO,49565,,BANKNIFTY,,2026-10-27,2026-10-27,59700.00,CE,BANKNIFTY26OCT59700CE,0.00,0.00,0.00,1519.80,0.00,1519.80,57885.85,1718.82,0,0,0,0.00,0,F1,30,,,,,
2026-08-12,2026-08-12,FO,NSE,IDO,49577,,BANKNIFTY,,2026-10-27,2026-10-27,60200.00,CE,BANKNIFTY26OCT60200CE,0.00,0.00,0.00,1355.75,0.00,1355.75,57885.85,1525.59,0,0,0,0.00,0,F1,30,,,,,
2026-08-12,2026-08-12,FO,NSE,IDO,49615,,BANKNIFTY,,2026-10-27,2026-10-27,61800.00,CE,BANKNIFTY26OCT61800CE,0.00,0.00,0.00,924.50,0.00,924.50,57885.85,1015.10,0,0,0,0.00,0,F1,30,,,,,
2026-08-12,2026-08-12,FO,NSE,IDO,49645,,BANKNIFTY,,2026-10-27,2026-10-27,62900.00,CE,BANKNIFTY26OCT62900CE,0.00,0.00,0.00,695.15,0.00,695.15,57885.85,750.94,0,0,0,0.00,0,F1,30,,,,,
2026-08-12,2026-08-12,FO,NSE,IDO,53226,,BANKNIFTY,,2026-12-29,2026-12-29,55500.00,CE,BANKNIFTY26DEC55500CE,0.00,0.00,0.00,7987.45,0.00,7987.45,57885.85,5096.89,0,0,0,0.00,0,F1,30,,,,,
2026-08-12,2026-08-12,FO,NSE,IDO,70804,,BANKNIFTY,,2027-06-29,2027-06-29,66000.00,CE,BANKNIFTY27JUN66000CE,0.00,0.00,0.00,3102.40,0.00,3102.40,57885.85,2737.90,0,0,0,0.00,0,F1,30,,,,,
2026-08-12,2026-08-12,FO,NSE,IDO,58719,,BANKNIFTY,,2026-08-25,2026-08-25,46500.00,PE,BANKNIFTY26AUG46500PE,3.90,4.05,2.15,2.50,2.25,3.25,57885.85,2.50,5370,-270,156,217634205.00,89,F1,30,,,,,
2026-08-12,2026-08-12,FO,NSE,IDO,58813,,BANKNIFTY,,2026-08-25,2026-08-25,49000.00,PE,BANKNIFTY26AUG49000PE,4.75,5.20,3.50,4.55,4.05,5.10,57885.85,4.55,52200,-1890,364,535129798.50,209,F1,30,,,,,
2026-08-12,2026-08-12,FO,NSE,IDO,58935,,BANKNIFTY,,2026-08-25,2026-08-25,52700.00,PE,BANKNIFTY26AUG52700PE,8.05,9.65,6.90,7.45,7.20,9.80,57885.85,7.45,10830,-1080,91,143892280.50,59,F1,30,,,,,
2026-08-12,2026-08-12,FO,NSE,IDO,58975,,BANKNIFTY,,2026-08-25,2026-08-25,53800.00,PE,BANKNIFTY26AUG53800PE,15.85,15.85,9.75,10.95,9.80,16.65,57885.85,10.95,19620,-3150,1727,2788045540.50,1293,F1,30,,,,,
2026-08-12,2026-08-12,FO,NSE,IDO,59082,,BANKNIFTY,,2026-08-25,2026-08-25,57100.00,PE,BANKNIFTY26AUG57100PE,358.35,414.15,206.50,212.70,214.50,366.25,57885.85,212.70,118950,3690,32136,55325671560.00,24349,F1,30,,,,,
2026-08-12,2026-08-12,FO,NSE,IDO,59125,,BANKNIFTY,,2026-08-25,2026-08-25,58400.00,PE,BANKNIFTY26AUG58400PE,1050.75,1131.40,706.05,736.05,740.45,1050.75,57885.85,736.05,23070,-2100,5340,9495436318.50,2634,F1,30,,,,,
2026-08-12,2026-08-12,FO,NSE,IDO,59146,,BANKNIFTY,,2026-08-25,2026-08-25,59000.00,PE,BANKNIFTY26AUG59000PE,1537.45,1627.45,1116.05,1155.35,1165.00,1519.55,57885.85,1155.35,303030,3090,5403,9775213167.00,3563,F1,30,,,,,
2026-08-12,2026-08-12,FO,NSE,IDO,59154,,BANKNIFTY,,2026-08-25,2026-08-25,59400.00,PE,BANKNIFTY26AUG59400PE,1749.10,1782.90,1469.55,1469.55,1469.55,1650.80,57885.85,1469.55,5310,390,26,47695422.00,26,F1,30,,,,,
2026-08-12,2026-08-12,FO,NSE,IDO,59164,,BANKNIFTY,,2026-08-25,2026-08-25,59800.00,PE,BANKNIFTY26AUG59800PE,2048.45,2048.45,2026.80,2026.80,2026.80,2030.00,57885.85,2068.15,300,0,2,3710257.50,2,F1,30,,,,,
2026-08-12,2026-08-12,FO,NSE,IDO,59171,,BANKNIFTY,,2026-08-25,2026-08-25,60100.00,PE,BANKNIFTY26AUG60100PE,0.00,0.00,0.00,2287.65,2287.65,2287.65,57885.85,2309.70,210,0,0,0.00,0,F1,30,,,,,
2026-08-12,2026-08-12,FO,NSE,IDO,59227,,BANKNIFTY,,2026-08-25,2026-08-25,61100.00,PE,BANKNIFTY26AUG61100PE,0.00,0.00,0.00,2857.65,2857.65,2857.65,57885.85,3179.70,60,0,0,0.00,0,F1,30,,,,,
2026-08-12,2026-08-12,FO,NSE,IDO,59245,,BANKNIFTY,,2026-08-25,2026-08-25,61500.00,PE,BANKNIFTY26AUG61500PE,3750.40,3750.40,3441.00,3460.00,3460.00,3952.60,57885.85,3548.79,10440,240,10,19493892.00,6,F1,30,,,,,
2026-08-12,2026-08-12,FO,NSE,IDO,59281,,BANKNIFTY,,2026-08-25,2026-08-25,62800.00,PE,BANKNIFTY26AUG62800PE,0.00,0.00,0.00,7213.70,0.00,7213.70,57885.85,4796.43,0,0,0,0.00,0,F1,30,,,,,
2026-08-12,2026-08-12,FO,NSE,IDO,59297,,BANKNIFTY,,2026-08-25,2026-08-25,63300.00,PE,BANKNIFTY26AUG63300PE,0.00,0.00,0.00,7647.80,0.00,7647.80,57885.85,5287.69,0,0,0,0.00,0,F1,30,,,,,
2026-08-12,2026-08-12,FO,NSE,IDO,52273,,BANKNIFTY,,2026-09-29,2026-09-29,48000.00,PE,BANKNIFTY26SEP48000PE,21.00,21.35,17.00,17.50,18.30,23.55,57885.85,17.50,49890,-870,304,437940180.00,147,F1,30,,,,,
2026-08-12,2026-08-12,FO,NSE,IDO,69565,,BANKNIFTY,,2026-09-29,2026-09-29,50000.00,PE,BANKNIFTY26SEP50000PE,30.85,30.85,22.55,23.65,23.40,30.85,57885.85,23.65,32970,450,648,972528504.00,414,F1,30,,,,,
2026-08-12,2026-08-12,FO,NSE,IDO,69667,,BANKNIFTY,,2026-09-29,2026-09-29,52000.00,PE,BANKNIFTY26SEP52000PE,50.00,52.00,37.85,38.35,38.50,49.90,57885.85,38.35,57690,4530,1096,1711208691.00,663,F1,30,,,,,
2026-08-12,2026-08-12,FO,NSE,IDO,49447,,BANKNIFTY,,2026-10-27,2026-10-27,55200.00,PE,BANKNIFTY26OCT55200PE,0.00,0.00,0.00,1314.65,0.00,1314.65,57885.85,817.89,0,0,0,0.00,0,F1,30,,,,,
2026-08-12,2026-08-12,FO,NSE,IDO,49580,,BANKNIFTY,,2026-10-27,2026-10-27,60300.00,PE,BANKNIFTY26OCT60300PE,0.00,0.00,0.00,2393.10,2393.10,2393.10,57885.85,3085.05,90,0,0,0.00,0,F1,30,,,,,
2026-08-12,2026-08-12,FO,NSE,IDO,49644,,BANKNIFTY,,2026-10-27,2026-10-27,62800.00,PE,BANKNIFTY26OCT62800PE,0.00,0.00,0.00,5814.90,0.00,5814.90,57885.85,4834.63,0,0,0,0.00,0,F1,30,,,,,
2026-08-12,2026-08-12,FO,NSE,IDO,49664,,BANKNIFTY,,2026-10-27,2026-10-27,63700.00,PE,BANKNIFTY26OCT63700PE,0.00,0.00,0.00,6548.35,0.00,6548.35,57885.85,5545.85,0,0,0,0.00,0,F1,30,,,,,
2026-08-12,2026-08-12,FO,NSE,IDO,69673,,BANKNIFTY,,2026-09-29,2026-09-29,52300.00,PE,BANKNIFTY26SEP52300PE,0.00,0.00,0.00,437.60,0.00,437.60,57885.85,126.69,0,0,0,0.00,0,F1,30,,,,,
2026-08-12,2026-08-12,FO,NSE,IDO,69681,,BANKNIFTY,,2026-09-29,2026-09-29,52800.00,PE,BANKNIFTY26SEP52800PE,0.00,0.00,0.00,521.75,0.00,521.75,57885.85,168.75,0,0,0,0.00,0,F1,30,,,,,
2026-08-12,2026-08-12,FO,NSE,IDO,69693,,BANKNIFTY,,2026-09-29,2026-09-29,53400.00,PE,BANKNIFTY26SEP53400PE,0.00,0.00,0.00,638.15,0.00,638.15,57885.85,233.40,0,0,0,0.00,0,F1,30,,,,,
2026-08-12,2026-08-12,FO,NSE,IDO,52335,,BANKNIFTY,,2026-09-29,2026-09-29,57000.00,PE,BANKNIFTY26SEP57000PE,644.90,678.65,470.00,475.40,470.00,641.25,57885.85,475.40,198600,2340,3600,6214652428.50,2340,F1,30,,,,,
2026-08-12,2026-08-12,FO,NSE,IDO,69821,,BANKNIFTY,,2026-09-29,2026-09-29,57400.00,PE,BANKNIFTY26SEP57400PE,788.50,803.60,593.00,595.90,596.40,785.60,57885.85,595.90,13800,5550,423,737022934.50,293,F1,30,,,,,
2026-08-12,2026-08-12,FO,NSE,IDO,69916,,BANKNIFTY,,2026-09-29,2026-09-29,59300.00,PE,BANKNIFTY26SEP59300PE,0.00,0.00,0.00,1495.50,1503.60,1495.50,57885.85,2224.42,300,0,0,0.00,0,F1,30,,,,,
2026-08-12,2026-08-12,FO,NSE,IDO,69945,,BANKNIFTY,,2026-09-29,2026-09-29,59500.00,PE,BANKNIFTY26SEP59500PE,2020.00,2020.05,1640.85,1640.85,1640.85,1900.00,57885.85,2344.50,1440,180,22,40467457.50,18,F1,30,,,,,
2026-08-12,2026-08-12,FO,NSE,IDO,70034,,BANKNIFTY,,2026-09-29,2026-09-29,61200.00,PE,BANKNIFTY26SEP61200PE,0.00,0.00,0.00,4076.75,0.00,4076.75,57885.85,3498.99,0,0,0,0.00,0,F1,30,,,,,
2026-08-12,2026-08-12,FO,NSE,IDO,70090,,BANKNIFTY,,2026-09-29,2026-09-29,62600.00,PE,BANKNIFTY26SEP62600PE,0.00,0.00,0.00,5077.95,0.00,5077.95,57885.85,4598.31,0,0,0,0.00,0,F1,30,,,,,
2026-08-12,2026-08-12,FO,NSE,IDO,70094,,BANKNIFTY,,2026-09-29,2026-09-29,62800.00,PE,BANKNIFTY26SEP62800PE,0.00,0.00,0.00,5228.65,0.00,5228.65,57885.85,4764.80,0,0,0,0.00,0,F1,30,,,,,
2026-08-12,2026-08-12,FO,NSE,IDO,52405,,BANKNIFTY,,2026-09-29,2026-09-29,63000.00,PE,BANKNIFTY26SEP63000PE,4885.00,4885.00,4878.70,4878.70,4878.70,4809.85,57885.85,4933.30,1290,30,2,4072911.00,2,F1,30,,,,,
2026-08-12,2026-08-12,FO,NSE,IDO,70108,,BANKNIFTY,,2026-09-29,2026-09-29,63600.00,PE,BANKNIFTY26SEP63600PE,0.00,0.00,0.00,5845.90,0.00,5845.90,57885.85,5449.96,0,0,0,0.00,0,F1,30,,,,,
2026-08-12,2026-08-12,FO,NSE,IDO,70247,,BANKNIFTY,,2026-09-29,2026-09-29,65500.00,PE,BANKNIFTY26SEP65500PE,0.00,0.00,0.00,7415.10,0.00,7415.10,57885.85,7173.66,0,0,0,0.00,0,F1,30,,,,,
2026-08-12,2026-08-12,FO,NSE,IDO,49362,,BANKNIFTY,,2026-10-27,2026-10-27,51700.00,PE,BANKNIFTY26OCT51700PE,0.00,0.00,0.00,435.80,0.00,435.80,57885.85,209.04,0,0,0,0.00,0,F1,30,,,,,
2026-08-12,2026-08-12,FO,NSE,IDO,49366,,BANKNIFTY,,2026-10-27,2026-10-27,51900.00,PE,BANKNIFTY26OCT51900PE,0.00,0.00,0.00,468.65,0.00,468.65,57885.85,228.78,0,0,0,0.00,0,F1,30,,,,,
2026-08-12,2026-08-12,FO,NSE,IDO,49390,,BANKNIFTY,,2026-10-27,2026-10-27,53100.00,PE,BANKNIFTY26OCT53100PE,0.00,0.00,0.00,706.45,0.00,706.45,57885.85,380.23,0,0,0,0.00,0,F1,30,,,,,
2026-08-12,2026-08-12,FO,NSE,IDO,49406,,BANKNIFTY,,2026-10-27,2026-10-27,53600.00,PE,BANKNIFTY26OCT53600PE,0.00,0.00,0.00,829.85,0.00,829.85,57885.85,462.39,0,0,0,0.00,0,F1,30,,,,,
2026-08-12,2026-08-12,FO,NSE,IDO,49424,,BANKNIFTY,,2026-10-27,2026-10-27,54400.00,PE,BANKNIFTY26OCT54400PE,0.00,0.00,0.00,1051.20,0.00,1051.20,57885.85,620.86,0,0,0,0.00,0,F1,30,,,,,
2026-08-12,2026-08-12,FO,NSE,IDO,58778,,BANKNIFTY,,2026-08-25,2026-08-25,48500.00,CE,BANKNIFTY26AUG48500CE,0.00,0.00,0.00,7539.00,0.00,7539.00,57885.85,9490.42,0,0,0,0.00,0,F1,30,,,,,
2026-08-12,2026-08-12,FO,NSE,IDO,58838,,BANKNIFTY,,2026-08-25,2026-08-25,49400.00,CE,BANKNIFTY26AUG49400CE,0.00,0.00,0.00,6755.05,0.00,6755.05,57885.85,8592.37,0,0,0,0.00,0,F1,30,,,,,
2026-08-12,2026-08-12,FO,NSE,IDO,58864,,BANKNIFTY,,2026-08-25,2026-08-25,50400.00,CE,BANKNIFTY26AUG50400CE,0.00,0.00,0.00,5922.40,0.00,5922.40,57885.85,7594.59,0,0,0,0.00,0,F1,30,,,,,
2026-08-12,2026-08-12,FO,NSE,IDO,58870,,BANKNIFTY,,2026-08-25,2026-08-25,50600.00,CE,BANKNIFTY26AUG50600CE,0.00,0.00,0.00,5761.40,0.00,5761.40,57885.85,7395.06,0,0,0,0.00,0,F1,30,,,,,
2026-08-12,2026-08-12,FO,NSE,IDO,58878,,BANKNIFTY,,2026-08-25,2026-08-25,51000.00,CE,BANKNIFTY26AUG51000CE,0.00,0.00,0.00,6650.00,6650.00,6650.00,57885.85,6996.06,8310,0,0,0.00,0,F1,30,,,,,
2026-08-12,2026-08-12,FO,NSE,IDO,58880,,BANKNIFTY,,2026-08-25,2026-08-25,51100.00,CE,BANKNIFTY26AUG51100CE,0.00,0.00,0.00,6201.00,6201.00,6201.00,57885.85,6896.33,60,0,0,0.00,0,F1,30,,,,,
2026-08-12,2026-08-12,FO,NSE,IDO,58882,,BANKNIFTY,,2026-08-25,2026-08-25,51200.00,CE,BANKNIFTY26AUG51200CE,0.00,0.00,0.00,5290.25,0.00,5290.25,57885.85,6796.60,0,0,0,0.00,0,F1,30,,,,,
2026-08-12,2026-08-12,FO,NSE,IDO,58994,,BANKNIFTY,,2026-08-25,2026-08-25,54600.00,CE,BANKNIFTY26AUG54600CE,0.00,0.00,0.00,3031.75,3031.75,3031.75,57885.85,3459.26,60,0,0,0.00,0,F1,30,,,,,
2026-08-12,2026-08-12,FO,NSE,IDO,49465,,BANKNIFTY,,2026-10-27,2026-10-27,55900.00,CE,BANKNIFTY26OCT55900CE,0.00,0.00,0.00,3273.80,0.00,3273.80,57885.85,3763.46,0,0,0,0.00,0,F1,30,,,,,
2026-08-12,2026-08-12,FO,NSE,IDO,49435,,BANKNIFTY,,2026-10-27,2026-10-27,54900.00,CE,BANKNIFTY26OCT54900CE,0.00,0.00,0.00,3891.30,0.00,3891.30,57885.85,4468.99,0,0,0,0.00,0,F1,30,,,,,
2026-08-12,2026-08-12,FO,NSE,IDO,49415,,BANKNIFTY,,2026-10-27,2026-10-27,54000.00,CE,BANKNIFTY26OCT54000CE,0.00,0.00,0.00,4600.00,4600.00,4600.00,57885.85,5155.71,30,0,0,0.00,0,F1,30,,,,,
2026-08-12,2026-08-12,FO,NSE,IDO,49401,,BANKNIFTY,,2026-10-27,2026-10-27,53400.00,CE,BANKNIFTY26OCT53400CE,0.00,0.00,0.00,4935.25,0.00,4935.25,57885.85,5638.34,0,0,0,0.00,0,F1,30,,,,,
2026-08-12,2026-08-12,FO,NSE,IDO,49371,,BANKNIFTY,,2026-10-27,2026-10-27,52200.00,CE,BANKNIFTY26OCT52200CE,0.00,0.00,0.00,5861.05,0.00,5861.05,57885.85,6655.15,0,0,0,0.00,0,F1,30,,,,,
2026-08-12,2026-08-12,FO,NSE,IDO,70107,,BANKNIFTY,,2026-09-29,2026-09-29,63600.00,CE,BANKNIFTY26SEP63600CE,0.00,0.00,0.00,764.35,0.00,764.35,57885.85,282.12,0,0,0,0.00,0,F1,30,,,,,
2026-08-12,2026-08-12,FO,NSE,IDO,70013,,BANKNIFTY,,2026-09-29,2026-09-29,60200.00,CE,BANKNIFTY26SEP60200CE,0.00,0.00,0.00,1693.65,0.00,1693.65,57885.85,994.26,0,0,0,0.00,0,F1,30,,,,,
2026-08-12,2026-08-12,FO,NSE,IDO,69994,,BANKNIFTY,,2026-09-29,2026-09-29,59700.00,CE,BANKNIFTY26SEP59700CE,0.00,0.00,0.00,1882.85,0.00,1882.85,57885.85,1166.66,0,0,0,0.00,0,F1,30,,,,,
2026-08-12,2026-08-12,FO,NSE,IDO,69797,,BANKNIFTY,,2026-09-29,2026-09-29,56300.00,CE,BANKNIFTY26SEP56300CE,0.00,0.00,0.00,3583.05,0.00,3583.05,57885.85,2922.88,0,0,0,0.00,0,F1,30,,,,,
2026-08-12,2026-08-12,FO,NSE,IDO,69787,,BANKNIFTY,,2026-09-29,2026-09-29,56000.00,CE,BANKNIFTY26SEP56000CE,2280.00,2597.45,2280.00,2578.80,2564.30,2305.15,57885.85,2578.80,9270,-90,121,212185801.50,84,F1,30,,,,,
2026-08-12,2026-08-12,FO,NSE,IDO,69779,,BANKNIFTY,,2026-09-29,2026-09-29,55600.00,CE,BANKNIFTY26SEP55600CE,0.00,0.00,0.00,4024.15,0.00,4024.15,57885.85,3413.65,0,0,0,0.00,0,F1,30,,,,,
2026-08-12,2026-08-12,FO,NSE,IDO,69769,,BANKNIFTY,,2026-09-29,2026-09-29,55100.00,CE,BANKNIFTY26SEP55100CE,0.00,0.00,0.00,4357.65,0.00,4357.65,57885.85,3784.31,0,0,0,0.00,0,F1,30,,,,,
2026-08-12,2026-08-12,FO,NSE,IDO,69761,,BANKNIFTY,,2026-09-29,2026-09-29,54700.00,CE,BANKNIFTY26SEP54700CE,0.00,0.00,0.00,4637.60,0.00,4637.60,57885.85,4095.57,0,0,0,0.00,0,F1,30,,,,,
2026-08-12,2026-08-12,FO,NSE,IDO,52286,,BANKNIFTY,,2026-09-29,2026-09-29,54000.00,CE,BANKNIFTY26SEP54000CE,4100.00,4386.00,4100.00,4361.35,4379.80,4025.55,57885.85,4361.35,33690,300,207,362225851.50,145,F1,30,,,,,
2026-08-12,2026-08-12,FO,NSE,IDO,69678,,BANKNIFTY,,2026-09-29,2026-09-29,52700.00,CE,BANKNIFTY26SEP52700CE,0.00,0.00,0.00,6155.30,0.00,6155.30,57885.85,5798.07,0,0,0,0.00,0,F1,30,,,,,
2026-08-12,2026-08-12,FO,NSE,IDO,69664,,BANKNIFTY,,2026-09-29,2026-09-29,51900.00,CE,BANKNIFTY26SEP51900CE,0.00,0.00,0.00,6817.05,0.00,6817.05,57885.85,6531.25,0,0,0,0.00,0,F1,30,,,,,
2026-08-12,2026-08-12,FO,NSE,IDO,59386,,BANKNIFTY,,2026-08-25,2026-08-25,66000.00,CE,BANKNIFTY26AUG66000CE,1.35,1.60,1.15,1.40,1.35,1.40,57885.85,1.40,76950,1050,7548,14945356647.00,5832,F1,30,,,,,
2026-08-12,2026-08-12,FO,NSE,IDO,59317,,BANKNIFTY,,2026-08-25,2026-08-25,64000.00,CE,BANKNIFTY26AUG64000CE,2.80,4.05,2.50,3.25,3.50,3.00,57885.85,3.25,50310,1560,2216,4254936411.00,1492,F1,30,,,,,
2026-08-12,2026-08-12,FO,NSE,IDO,59286,,BANKNIFTY,,2026-08-25,2026-08-25,63000.00,CE,BANKNIFTY26AUG63000CE,4.90,5.85,3.45,4.50,5.30,4.05,57885.85,4.50,216300,-2310,8046,15208031731.50,3818,F1,30,,,,,
2026-08-12,2026-08-12,FO,NSE,IDO,59248,,BANKNIFTY,,2026-08-25,2026-08-25,61700.00,CE,BANKNIFTY26AUG61700CE,0.00,0.00,0.00,591.05,0.00,591.05,57885.85,55.49,0,0,0,0.00,0,F1,30,,,,,
2026-08-12,2026-08-12,FO,NSE,IDO,59155,,BANKNIFTY,,2026-08-25,2026-08-25,59500.00,CE,BANKNIFTY26AUG59500CE,56.20,90.90,47.15,81.50,84.50,55.80,57885.85,81.50,448170,21900,37385,66809166952.50,23550,F1,30,,,,,
2026-08-12,2026-08-12,FO,NSE,IDO,59141,,BANKNIFTY,,2026-08-25,2026-08-25,58900.00,CE,BANKNIFTY26AUG58900CE,126.30,205.55,104.35,187.30,190.00,123.25,57885.85,187.30,130470,38220,12433,22028461426.50,9048,F1,30,,,,,
2026-08-12,2026-08-12,FO,NSE,IDO,59088,,BANKNIFTY,,2026-08-25,2026-08-25,57400.00,CE,BANKNIFTY26AUG57400CE,659.35,939.90,590.00,895.55,882.90,661.05,57885.85,895.55,95520,-46260,35233,61472435344.50,26800,F1,30,,,,,
2026-08-12,2026-08-12,FO,NSE,IDO,59049,,BANKNIFTY,,2026-08-25,2026-08-25,56400.00,CE,BANKNIFTY26AUG56400CE,1300.80,1739.40,1300.00,1696.30,1693.05,1360.00,57885.85,1696.30,12120,1260,323,560841466.50,191,F1,30,,,,,
2026-08-12,2026-08-12,FO,NSE,IDO,58984,,BANKNIFTY,,2026-08-25,2026-08-25,54300.00,CE,BANKNIFTY26AUG54300CE,3500.00,3500.00,3500.00,3500.00,3500.00,3700.00,57885.85,3742.53,60,30,1,1734000.00,1,F1,30,,,,,
2026-08-12,2026-08-12,FO,NSE,IDO,58978,,BANKNIFTY,,2026-08-25,2026-08-25,54000.00,CE,BANKNIFTY26AUG54000CE,3500.05,4051.40,3500.00,4025.90,4016.80,3579.75,57885.85,4025.90,30870,-120,50,86750518.50,39,F1,30,,,,,
2026-08-12,2026-08-12,FO,NSE,IDO,58948,,BANKNIFTY,,2026-08-25,2026-08-25,53200.00,CE,BANKNIFTY26AUG53200CE,0.00,0.00,0.00,4328.15,4328.15,4328.15,57885.85,4810.22,30,0,0,0.00,0,F1,30,,,,,
2026-08-12,2026-08-12,FO,NSE,IDO,58910,,BANKNIFTY,,2026-08-25,2026-08-25,51700.00,CE,BANKNIFTY26AUG51700CE,0.00,0.00,0.00,4912.25,0.00,4912.25,57885.85,6298.23,0,0,0,0.00,0,F1,30,,,,,
2026-08-12,2026-08-12,FO,NSE,IDO,58874,,BANKNIFTY,,2026-08-25,2026-08-25,50800.00,CE,BANKNIFTY26AUG50800CE,0.00,0.00,0.00,5602.30,0.00,5602.30,57885.85,7195.54,0,0,0,0.00,0,F1,30,,,,,
2026-08-12,2026-08-12,FO,NSE,IDO,58860,,BANKNIFTY,,2026-08-25,2026-08-25,50200.00,CE,BANKNIFTY26AUG50200CE,0.00,0.00,0.00,6085.35,0.00,6085.35,57885.85,7794.13,0,0,0,0.00,0,F1,30,,,,,
2026-08-12,2026-08-12,FO,NSE,IDO,58850,,BANKNIFTY,,2026-08-25,2026-08-25,49900.00,CE,BANKNIFTY26AUG49900CE,0.00,0.00,0.00,6333.25,0.00,6333.25,57885.85,8093.46,0,0,0,0.00,0,F1,30,,,,,
2026-08-12,2026-08-12,FO,NSE,IDO,58816,,BANKNIFTY,,2026-08-25,2026-08-25,49200.00,CE,BANKNIFTY26AUG49200CE,0.00,0.00,0.00,6926.65,0.00,6926.65,57885.85,8791.93,0,0,0,0.00,0,F1,30,,,,,
2026-08-12,2026-08-12,FO,NSE,IDO,58766,,BANKNIFTY,,2026-08-25,2026-08-25,48000.00,CE,BANKNIFTY26AUG48000CE,0.00,0.00,0.00,9478.90,9478.90,9478.90,57885.85,9989.34,4500,0,0,0.00,0,F1,30,,,,,
2026-08-12,2026-08-12,FO,NSE,IDO,58887,,BANKNIFTY,,2026-08-25,2026-08-25,51400.00,PE,BANKNIFTY26AUG51400PE,6.60,7.50,5.75,7.20,7.20,6.35,57885.85,7.20,960,240,22,33928204.50,17,F1,30,,,,,
2026-08-12,2026-08-12,FO,NSE,IDO,59037,,BANKNIFTY,,2026-08-25,2026-08-25,55900.00,PE,BANKNIFTY26AUG55900PE,107.40,123.55,56.60,57.95,58.30,107.40,57885.85,57.95,38400,4500,6759,11350281825.00,4077,F1,30,,,,,
2026-08-12,2026-08-12,FO,NSE,IDO,59041,,BANKNIFTY,,2026-08-25,2026-08-25,56000.00,PE,BANKNIFTY26AUG56000PE,123.05,137.20,62.85,64.65,64.00,121.70,57885.85,64.65,759090,80970,71290,119954763724.50,44681,F1,30,,,,,
2026-08-12,2026-08-12,FO,NSE,IDO,59080,,BANKNIFTY,,2026-08-25,2026-08-25,57000.00,PE,BANKNIFTY26AUG57000PE,321.00,376.90,184.40,189.90,190.15,332.35,57885.85,189.90,1009410,29280,109898,188764241658.00,74008,F1,30,,,,,
2026-08-12,2026-08-12,FO,NSE,IDO,59084,,BANKNIFTY,,2026-08-25,2026-08-25,57200.00,PE,BANKNIFTY26AUG57200PE,399.35,454.20,227.50,235.30,235.15,400.70,57885.85,235.30,180780,5130,42002,72475015729.50,31315,F1,30,,,,,
2026-08-12,2026-08-12,FO,NSE,IDO,59097,,BANKNIFTY,,2026-08-25,2026-08-25,57800.00,PE,BANKNIFTY26AUG57800PE,675.30,747.80,411.75,432.35,430.05,669.95,57885.85,432.35,170370,40680,89777,157124349811.50,62487,F1,30,,,,,
2026-08-12,2026-08-12,FO,NSE,IDO,59118,,BANKNIFTY,,2026-08-25,2026-08-25,58200.00,PE,BANKNIFTY26AUG58200PE,921.30,986.90,598.50,621.85,612.35,906.65,57885.85,621.85,132030,7410,33506,59275364848.50,16332,F1,30,,,,,
2026-08-12,2026-08-12,FO,NSE,IDO,59144,,BANKNIFTY,,2026-08-25,2026-08-25,58900.00,PE,BANKNIFTY26AUG58900PE,1203.65,1370.00,1039.75,1071.25,1081.65,1439.95,57885.85,1071.25,10950,1320,453,816868749.00,288,F1,30,,,,,
2026-08-12,2026-08-12,FO,NSE,IDO,59203,,BANKNIFTY,,2026-08-25,2026-08-25,60500.00,PE,BANKNIFTY26AUG60500PE,3067.05,3067.05,2500.00,2500.00,2500.00,2921.00,57885.85,2500.00,10410,-90,11,20848309.50,6,F1,30,,,,,
2026-08-12,2026-08-12,FO,NSE,IDO,59238,,BANKNIFTY,,2026-08-25,2026-08-25,61400.00,PE,BANKNIFTY26AUG61400PE,0.00,0.00,0.00,6041.20,0.00,6041.20,57885.85,3455.65,0,0,0,0.00,0,F1,30,,,,,
2026-08-12,2026-08-12,FO,NSE,IDO,59271,,BANKNIFTY,,2026-08-25,2026-08-25,62500.00,PE,BANKNIFTY26AUG62500PE,0.00,0.00,0.00,4510.05,4510.05,4510.05,57885.85,4503.91,3150,0,0,0.00,0,F1,30,,,,,
2026-08-12,2026-08-12,FO,NSE,IDO,69663,,BANKNIFTY,,2026-09-29,2026-09-29,51800.00,PE,BANKNIFTY26SEP51800PE,0.00,0.00,0.00,364.20,0.00,364.20,57885.85,93.63,0,0,0,0.00,0,F1,30,,,,,
2026-08-12,2026-08-12,FO,NSE,IDO,69695,,BANKNIFTY,,2026-09-29,2026-09-29,53500.00,PE,BANKNIFTY26SEP53500PE,95.00,95.00,69.00,72.10,69.00,94.10,57885.85,72.10,14400,-240,448,720114301.50,303,F1,30,,,,,
2026-08-12,2026-08-12,FO,NSE,IDO,69768,,BANKNIFTY,,2026-09-29,2026-09-29,55000.00,PE,BANKNIFTY26SEP55000PE,219.95,233.45,155.00,156.75,155.00,217.55,57885.85,156.75,173760,5760,3281,5431718493.00,1928,F1,30,,,,,
2026-08-12,2026-08-12,FO,NSE,IDO,69782,,BANKNIFTY,,2026-09-29,2026-09-29,55700.00,PE,BANKNIFTY26SEP55700PE,0.00,0.00,0.00,1108.15,1108.15,1108.15,57885.85,676.97,30,0,0,0.00,0,F1,30,,,,,
2026-08-12,2026-08-12,FO,NSE,IDO,70014,,BANKNIFTY,,2026-09-29,2026-09-29,60200.00,PE,BANKNIFTY26SEP60200PE,0.00,0.00,0.00,3427.35,0.00,3427.35,57885.85,2791.31,0,0,0,0.00,0,F1,30,,,,,
2026-08-12,2026-08-12,FO,NSE,IDO,70018,,BANKNIFTY,,2026-09-29,2026-09-29,60400.00,PE,BANKNIFTY26SEP60400PE,0.00,0.00,0.00,3552.70,0.00,3552.70,57885.85,2926.27,0,0,0,0.00,0,F1,30,,,,,
2026-08-12,2026-08-12,FO,NSE,IDO,70083,,BANKNIFTY,,2026-09-29,2026-09-29,62300.00,PE,BANKNIFTY26SEP62300PE,0.00,0.00,0.00,4853.00,0.00,4853.00,57885.85,4352.56,0,0,0,0.00,0,F1,30,,,,,
2026-08-12,2026-08-12,FO,NSE,IDO,70085,,BANKNIFTY,,2026-09-29,2026-09-29,62400.00,PE,BANKNIFTY26SEP62400PE,0.00,0.00,0.00,4929.15,0.00,4929.15,57885.85,4433.93,0,0,0,0.00,0,F1,30,,,,,
2026-08-12,2026-08-12,FO,NSE,IDO,70120,,BANKNIFTY,,2026-09-29,2026-09-29,64200.00,PE,BANKNIFTY26SEP64200PE,0.00,0.00,0.00,6327.50,0.00,6327.50,57885.85,5981.50,0,0,0,0.00,0,F1,30,,,,,
2026-08-12,2026-08-12,FO,NSE,IDO,49376,,BANKNIFTY,,2026-10-27,2026-10-27,52400.00,PE,BANKNIFTY26OCT52400PE,0.00,0.00,0.00,559.00,0.00,559.00,57885.85,284.65,0,0,0,0.00,0,F1,30,,,,,
2026-08-12,2026-08-12,FO,NSE,IDO,49416,,BANKNIFTY,,2026-10-27,2026-10-27,54000.00,PE,BANKNIFTY26OCT54000PE,0.00,0.00,0.00,936.70,0.00,936.70,57885.85,537.28,0,0,0,0.00,0,F1,30,,,,,
2026-08-12,2026-08-12,FO,NSE,IDO,49420,,BANKNIFTY,,2026-10-27,2026-10-27,54200.00,PE,BANKNIFTY26OCT54200PE,0.00,0.00,0.00,991.55,0.00,991.55,57885.85,577.95,0,0,0,0.00,0,F1,30,,,,,
2026-08-12,2026-08-12,FO,NSE,IDO,49486,,BANKNIFTY,,2026-10-27,2026-10-27,56600.00,PE,BANKNIFTY26OCT56600PE,0.00,0.00,0.00,1874.55,0.00,1874.55,57885.85,1256.16,0,0,0,0.00,0,F1,30,,,,,
2026-08-12,2026-08-12,FO,NSE,IDO,49512,,BANKNIFTY,,2026-10-27,2026-10-27,57700.00,PE,BANKNIFTY26OCT57700PE,0.00,0.00,0.00,1082.40,1082.40,1082.40,57885.85,1697.99,540,0,0,0.00,0,F1,30,,,,,
2026-08-12,2026-08-12,FO,NSE,IDO,49538,,BANKNIFTY,,2026-10-27,2026-10-27,58600.00,PE,BANKNIFTY26OCT58600PE,0.00,0.00,0.00,2897.05,0.00,2897.05,57885.85,2123.88,0,0,0,0.00,0,F1,30,,,,,
2026-08-12,2026-08-12,FO,NSE,IDO,49594,,BANKNIFTY,,2026-10-27,2026-10-27,60900.00,PE,BANKNIFTY26OCT60900PE,0.00,0.00,0.00,4379.15,0.00,4379.15,57885.85,3470.68,0,0,0,0.00,0,F1,30,,,,,
2026-08-12,2026-08-12,FO,NSE,IDO,49600,,BANKNIFTY,,2026-10-27,2026-10-27,61200.00,PE,BANKNIFTY26OCT61200PE,0.00,0.00,0.00,4594.15,0.00,4594.15,57885.85,3672.00,0,0,0,0.00,0,F1,30,,,,,
2026-08-12,2026-08-12,FO,NSE,IDO,49616,,BANKNIFTY,,2026-10-27,2026-10-27,61800.00,PE,BANKNIFTY26OCT61800PE,0.00,0.00,0.00,5040.70,0.00,5040.70,57885.85,4090.85,0,0,0,0.00,0,F1,30,,,,,
2026-08-12,2026-08-12,FO,NSE,IDO,49654,,BANKNIFTY,,2026-10-27,2026-10-27,63300.00,PE,BANKNIFTY26OCT63300PE,0.00,0.00,0.00,6218.60,0.00,6218.60,57885.85,5225.15,0,0,0,0.00,0,F1,30,,,,,
2026-08-12,2026-08-12,FO,NSE,IDO,76399,,BANKNIFTY,,2027-03-30,2027-03-30,57000.00,PE,BANKNIFTY27MAR57000PE,0.00,0.00,0.00,1110.00,1110.00,1110.00,57885.85,2282.58,840,0,0,0.00,0,F1,30,,,,,
2026-08-12,2026-08-12,FO,NSE,IDO,76401,,BANKNIFTY,,2027-03-30,2027-03-30,58500.00,PE,BANKNIFTY27MAR58500PE,0.00,0.00,0.00,6512.10,0.00,6512.10,57885.85,2896.00,0,0,0,0.00,0,F1,30,,,,,
2026-08-12,2026-08-12,FO,NSE,IDO,76418,,BANKNIFTY,,2027-03-30,2027-03-30,60000.00,PE,BANKNIFTY27MAR60000PE,0.00,0.00,0.00,7507.95,0.00,7507.95,57885.85,3598.71,0,0,0,0.00,0,F1,30,,,,,
2026-08-12,2026-08-12,FO,NSE,IDO,49473,,BANKNIFTY,,2026-10-27,2026-10-27,56300.00,CE,BANKNIFTY26OCT56300CE,0.00,0.00,0.00,3044.95,0.00,3044.95,57885.85,3500.14,0,0,0,0.00,0,F1,30,,,,,
2026-08-12,2026-08-12,FO,NSE,IDO,58869,,BANKNIFTY,,2026-08-25,2026-08-25,50500.00,PE,BANKNIFTY26AUG50500PE,6.20,6.75,5.00,5.65,6.50,6.15,57885.85,5.65,28530,-7440,778,1178804737.50,451,F1,30,,,,,
2026-08-12,2026-08-12,FO,NSE,IDO,70786,,BANKNIFTY,,2027-06-29,2027-06-29,54000.00,CE,BANKNIFTY27JUN54000CE,0.00,0.00,0.00,8730.20,0.00,8730.20,57885.85,8513.59,0,0,0,0.00,0,F1,30,,,,,
2026-08-12,2026-08-12,FO,NSE,IDO,53246,,BANKNIFTY,,2026-12-29,2026-12-29,63000.00,CE,BANKNIFTY26DEC63000CE,478.65,550.00,471.45,533.75,539.95,477.10,57885.85,533.75,23280,5070,367,699292312.50,107,F1,30,,,,,
2026-08-12,2026-08-12,FO,NSE,IDO,53222,,BANKNIFTY,,2026-12-29,2026-12-29,52500.00,CE,BANKNIFTY26DEC52500CE,0.00,0.00,0.00,10279.15,0.00,10279.15,57885.85,7294.92,0,0,0,0.00,0,F1,30,,,,,
2026-08-12,2026-08-12,FO,NSE,IDO,49629,,BANKNIFTY,,2026-10-27,2026-10-27,62500.00,CE,BANKNIFTY26OCT62500CE,0.00,0.00,0.00,771.80,0.00,771.80,57885.85,842.00,0,0,0,0.00,0,F1,30,,,,,
2026-08-12,2026-08-12,FO,NSE,IDO,49550,,BANKNIFTY,,2026-10-27,2026-10-27,59200.00,CE,BANKNIFTY26OCT59200CE,0.00,0.00,0.00,1698.45,0.00,1698.45,57885.85,1929.15,0,0,0,0.00,0,F1,30,,,,,
2026-08-12,2026-08-12,FO,NSE,IDO,49547,,BANKNIFTY,,2026-10-27,2026-10-27,59100.00,CE,BANKNIFTY26OCT59100CE,0.00,0.00,0.00,1735.95,0.00,1735.95,57885.85,1973.31,0,0,0,0.00,0,F1,30,,,,,
2026-08-12,2026-08-12,FO,NSE,IDO,49533,,BANKNIFTY,,2026-10-27,2026-10-27,58600.00,CE,BANKNIFTY26OCT58600CE,0.00,0.00,0.00,1932.80,0.00,1932.80,57885.85,2204.72,0,0,0,0.00,0,F1,30,,,,,
2026-08-12,2026-08-12,FO,NSE,IDO,49493,,BANKNIFTY,,2026-10-27,2026-10-27,56900.00,CE,BANKNIFTY26OCT56900CE,0.00,0.00,0.00,2721.50,0.00,2721.50,57885.85,3125.89,0,0,0,0.00,0,F1,30,,,,,
2026-08-12,2026-08-12,FO,NSE,IDO,49467,,BANKNIFTY,,2026-10-27,2026-10-27,56000.00,CE,BANKNIFTY26OCT56000CE,2855.00,3030.35,2855.00,3030.30,3030.30,2740.00,57885.85,3030.30,2400,0,7,12388756.50,5,F1,30,,,,,
2026-08-12,2026-08-12,FO,NSE,IDO,69760,,BANKNIFTY,,2026-09-29,2026-09-29,54600.00,PE,BANKNIFTY26SEP54600PE,0.00,0.00,0.00,928.20,0.00,928.20,57885.85,420.27,0,0,0,0.00,0,F1,30,,,,,
2026-08-12,2026-08-12,FO,NSE,IDO,69697,,BANKNIFTY,,2026-09-29,2026-09-29,53600.00,PE,BANKNIFTY26SEP53600PE,0.00,0.00,0.00,680.90,0.00,680.90,57885.85,258.85,0,0,0,0.00,0,F1,30,,,,,
2026-08-12,2026-08-12,FO,NSE,IDO,52269,,BANKNIFTY,,2026-09-29,2026-09-29,45000.00,PE,BANKNIFTY26SEP45000PE,14.90,15.00,11.00,14.50,12.20,13.85,57885.85,14.50,7680,-330,45,60769233.00,15,F1,30,,,,,
2026-08-12,2026-08-12,FO,NSE,IDO,59387,,BANKNIFTY,,2026-08-25,2026-08-25,66000.00,PE,BANKNIFTY26AUG66000PE,8155.00,8259.60,7962.95,7962.95,7962.95,8390.00,57885.85,7972.13,18450,870,36,80134762.50,30,F1,30,,,,,
2026-08-12,2026-08-12,FO,NSE,IDO,59331,,BANKNIFTY,,2026-08-25,2026-08-25,64500.00,PE,BANKNIFTY26AUG64500PE,0.00,0.00,0.00,8716.60,0.00,8716.60,57885.85,6477.35,0,0,0,0.00,0,F1,30,,,,,
2026-08-12,2026-08-12,FO,NSE,IDO,59303,,BANKNIFTY,,2026-08-25,2026-08-25,63600.00,PE,BANKNIFTY26AUG63600PE,0.00,0.00,0.00,7911.60,0.00,7911.60,57885.85,5584.04,0,0,0,0.00,0,F1,30,,,,,
2026-08-12,2026-08-12,FO,NSE,IDO,59279,,BANKNIFTY,,2026-08-25,2026-08-25,62700.00,PE,BANKNIFTY26AUG62700PE,0.00,0.00,0.00,7127.80,0.00,7127.80,57885.85,4698.71,0,0,0,0.00,0,F1,30,,,,,
2026-08-12,2026-08-12,FO,NSE,IDO,59225,,BANKNIFTY,,2026-08-25,2026-08-25,61000.00,PE,BANKNIFTY26AUG61000PE,3486.30,3610.55,2959.00,2988.95,2988.95,3410.85,57885.85,2988.95,67350,-3720,494,951866356.50,282,F1,30,,,,,
2026-08-12,2026-08-12,FO,NSE,IDO,59205,,BANKNIFTY,,2026-08-25,2026-08-25,60600.00,PE,BANKNIFTY26AUG60600PE,0.00,0.00,0.00,3420.45,3420.45,3420.45,57885.85,2733.72,300,0,0,0.00,0,F1,30,,,,,
2026-08-12,2026-08-12,FO,NSE,IDO,59148,,BANKNIFTY,,2026-08-25,2026-08-25,59100.00,PE,BANKNIFTY26AUG59100PE,1400.00,1520.00,1196.40,1228.60,1231.25,1599.55,57885.85,1228.60,6090,990,152,275857408.50,94,F1,30,,,,,
2026-08-12,2026-08-12,FO,NSE,IDO,59058,,BANKNIFTY,,2026-08-25,2026-08-25,56600.00,PE,BANKNIFTY26AUG56600PE,225.55,255.00,120.00,124.05,123.95,225.55,57885.85,124.05,76800,14580,8507,14485500088.50,6147,F1,30,,,,,
2026-08-12,2026-08-12,FO,NSE,IDO,59009,,BANKNIFTY,,2026-08-25,2026-08-25,55200.00,PE,BANKNIFTY26AUG55200PE,51.90,57.30,27.00,28.70,29.35,51.90,57885.85,28.70,49560,-30930,8285,13728991135.50,4443,F1,30,,,,,
2026-08-12,2026-08-12,FO,NSE,IDO,59003,,BANKNIFTY,,2026-08-25,2026-08-25,54900.00,PE,BANKNIFTY26AUG54900PE,37.95,42.30,21.00,21.90,22.70,39.25,57885.85,21.90,20700,-3000,4607,7591576959.00,3702,F1,30,,,,,
2026-08-12,2026-08-12,FO,NSE,IDO,58979,,BANKNIFTY,,2026-08-25,2026-08-25,54000.00,PE,BANKNIFTY26AUG54000PE,16.05,19.15,11.60,12.05,11.95,18.80,57885.85,12.05,352530,-37830,23505,38088335796.00,12895,F1,30,,,,,
2026-08-12,2026-08-12,FO,NSE,IDO,58949,,BANKNIFTY,,2026-08-25,2026-08-25,53200.00,PE,BANKNIFTY26AUG53200PE,10.95,11.30,7.30,8.80,9.85,12.70,57885.85,8.80,5070,-60,220,351186550.50,202,F1,30,,,,,
2026-08-12,2026-08-12,FO,NSE,IDO,58929,,BANKNIFTY,,2026-08-25,2026-08-25,52400.00,PE,BANKNIFTY26AUG52400PE,7.00,9.30,6.35,6.85,6.60,9.05,57885.85,6.85,6000,930,487,765675088.50,153,F1,30,,,,,
2026-08-12,2026-08-12,FO,NSE,IDO,58863,,BANKNIFTY,,2026-08-25,2026-08-25,50300.00,PE,BANKNIFTY26AUG50300PE,5.75,5.75,4.80,5.75,5.75,6.20,57885.85,0.06,810,60,7,10564125.00,7,F1,30,,,,,
2026-08-12,2026-08-12,FO,NSE,IDO,58861,,BANKNIFTY,,2026-08-25,2026-08-25,50200.00,PE,BANKNIFTY26AUG50200PE,5.05,6.15,3.20,4.30,4.25,4.95,57885.85,4.30,1710,30,49,73801092.00,35,F1,30,,,,,
2026-08-12,2026-08-12,FO,NSE,IDO,58809,,BANKNIFTY,,2026-08-25,2026-08-25,48800.00,PE,BANKNIFTY26AUG48800PE,5.25,5.25,4.20,4.20,4.20,7.80,57885.85,0.00,1380,30,14,20497795.50,3,F1,30,,,,,
2026-08-12,2026-08-12,FO,NSE,IDO,58755,,BANKNIFTY,,2026-08-25,2026-08-25,47500.00,PE,BANKNIFTY26AUG47500PE,3.75,3.75,2.50,2.55,2.50,3.40,57885.85,2.55,13350,0,113,161035434.00,59,F1,30,,,,,
2026-08-12,2026-08-12,FO,NSE,IDO,76419,,BANKNIFTY,,2027-03-30,2027-03-30,61500.00,CE,BANKNIFTY27MAR61500CE,0.00,0.00,0.00,1629.75,0.00,1629.75,57885.85,3265.57,0,0,0,0.00,0,F1,30,,,,,
2026-08-12,2026-08-12,FO,NSE,IDO,76400,,BANKNIFTY,,2027-03-30,2027-03-30,58500.00,CE,BANKNIFTY27MAR58500CE,0.00,0.00,0.00,2367.80,0.00,2367.80,57885.85,4650.77,0,0,0,0.00,0,F1,30,,,,,
2026-08-12,2026-08-12,FO,NSE,IDO,53248,,BANKNIFTY,,2026-12-29,2026-12-29,64500.00,CE,BANKNIFTY26DEC64500CE,0.00,0.00,0.00,3029.80,0.00,3029.80,57885.85,1179.79,0,0,0,0.00,0,F1,30,,,,,
2026-08-12,2026-08-12,FO,NSE,IDO,53240,,BANKNIFTY,,2026-12-29,2026-12-29,60000.00,CE,BANKNIFTY26DEC60000CE,1350.10,1557.60,1350.05,1531.20,1544.60,1392.60,57885.85,1531.20,30810,3030,287,529487901.00,169,F1,30,,,,,
2026-08-12,2026-08-12,FO,NSE,IDO,53224,,BANKNIFTY,,2026-12-29,2026-12-29,54000.00,CE,BANKNIFTY26DEC54000CE,0.00,0.00,0.00,9099.90,0.00,9099.90,57885.85,6146.02,0,0,0,0.00,0,F1,30,,,,,
2026-08-12,2026-08-12,FO,NSE,IDO,49649,,BANKNIFTY,,2026-10-27,2026-10-27,63100.00,CE,BANKNIFTY26OCT63100CE,0.00,0.00,0.00,659.25,0.00,659.25,57885.85,709.40,0,0,0,0.00,0,F1,30,,,,,
2026-08-12,2026-08-12,FO,NSE,IDO,49607,,BANKNIFTY,,2026-10-27,2026-10-27,61500.00,CE,BANKNIFTY26OCT61500CE,0.00,0.00,0.00,995.60,0.00,995.60,57885.85,1098.96,0,0,0,0.00,0,F1,30,,,,,
2026-08-12,2026-08-12,FO,NSE,IDO,49569,,BANKNIFTY,,2026-10-27,2026-10-27,59900.00,CE,BANKNIFTY26OCT59900CE,0.00,0.00,0.00,1452.45,0.00,1452.45,57885.85,1639.50,0,0,0,0.00,0,F1,30,,,,,
2026-08-12,2026-08-12,FO,NSE,IDO,49554,,BANKNIFTY,,2026-10-27,2026-10-27,59300.00,CE,BANKNIFTY26OCT59300CE,0.00,0.00,0.00,1661.50,0.00,1661.50,57885.85,1885.69,0,0,0,0.00,0,F1,30,,,,,
2026-08-12,2026-08-12,FO,NSE,IDO,49539,,BANKNIFTY,,2026-10-27,2026-10-27,58700.00,CE,BANKNIFTY26OCT58700CE,0.00,0.00,0.00,1892.20,0.00,1892.20,57885.85,2157.01,0,0,0,0.00,0,F1,30,,,,,
2026-08-12,2026-08-12,FO,NSE,IDO,49448,,BANKNIFTY,,2026-10-27,2026-10-27,55300.00,CE,BANKNIFTY26OCT55300CE,0.00,0.00,0.00,3636.60,0.00,3636.60,57885.85,4181.00,0,0,0,0.00,0,F1,30,,,,,
2026-08-12,2026-08-12,FO,NSE,IDO,49441,,BANKNIFTY,,2026-10-27,2026-10-27,55000.00,CE,BANKNIFTY26OCT55000CE,3732.40,3854.95,3615.35,3854.95,3854.95,3558.50,57885.85,4397.71,330,120,12,21137643.00,12,F1,30,,,,,
2026-08-12,2026-08-12,FO,NSE,IDO,49389,,BANKNIFTY,,2026-10-27,2026-10-27,53100.00,CE,BANKNIFTY26OCT53100CE,0.00,0.00,0.00,5159.60,0.00,5159.60,57885.85,5886.45,0,0,0,0.00,0,F1,30,,,,,
2026-08-12,2026-08-12,FO,NSE,IDO,49379,,BANKNIFTY,,2026-10-27,2026-10-27,52600.00,CE,BANKNIFTY26OCT52600CE,0.00,0.00,0.00,5544.15,0.00,5544.15,57885.85,6309.22,0,0,0,0.00,0,F1,30,,,,,
2026-08-12,2026-08-12,FO,NSE,IDO,49367,,BANKNIFTY,,2026-10-27,2026-10-27,52000.00,CE,BANKNIFTY26OCT52000CE,0.00,0.00,0.00,6100.00,6100.00,6100.00,57885.85,6830.49,30,0,0,0.00,0,F1,30,,,,,
2026-08-12,2026-08-12,FO,NSE,IDO,49365,,BANKNIFTY,,2026-10-27,2026-10-27,51900.00,CE,BANKNIFTY26OCT51900CE,0.00,0.00,0.00,6103.80,0.00,6103.80,57885.85,6918.72,0,0,0,0.00,0,F1,30,,,,,
2026-08-12,2026-08-12,FO,NSE,IDO,52426,,BANKNIFTY,,2026-09-29,2026-09-29,67500.00,CE,BANKNIFTY26SEP67500CE,0.00,0.00,0.00,1102.10,0.00,1102.10,57885.85,45.75,0,0,0,0.00,0,F1,30,,,,,
2026-08-12,2026-08-12,FO,NSE,IDO,70097,,BANKNIFTY,,2026-09-29,2026-09-29,63100.00,CE,BANKNIFTY26SEP63100CE,0.00,0.00,0.00,866.35,0.00,866.35,57885.85,346.14,0,0,0,0.00,0,F1,30,,,,,
2026-08-12,2026-08-12,FO,NSE,IDO,70019,,BANKNIFTY,,2026-09-29,2026-09-29,60500.00,CE,BANKNIFTY26SEP60500CE,208.00,273.75,198.70,262.05,265.00,211.05,57885.85,262.05,41550,5970,935,1703811396.00,650,F1,30,,,,,
2026-08-12,2026-08-12,FO,NSE,IDO,69897,,BANKNIFTY,,2026-09-29,2026-09-29,59100.00,CE,BANKNIFTY26SEP59100CE,0.00,0.00,0.00,2129.85,0.00,2129.85,57885.85,1401.31,0,0,0,0.00,0,F1,30,,,,,
2026-08-12,2026-08-12,FO,NSE,IDO,69777,,BANKNIFTY,,2026-09-29,2026-09-29,55400.00,CE,BANKNIFTY26SEP55400CE,0.00,0.00,0.00,4155.75,0.00,4155.75,57885.85,3558.49,0,0,0,0.00,0,F1,30,,,,,
2026-08-12,2026-08-12,FO,NSE,IDO,69773,,BANKNIFTY,,2026-09-29,2026-09-29,55200.00,CE,BANKNIFTY26SEP55200CE,0.00,0.00,0.00,4289.75,0.00,4289.75,57885.85,3708.29,0,0,0,0.00,0,F1,30,,,,,
2026-08-12,2026-08-12,FO,NSE,IDO,69668,,BANKNIFTY,,2026-09-29,2026-09-29,52100.00,CE,BANKNIFTY26SEP52100CE,0.00,0.00,0.00,6649.05,0.00,6649.05,57885.85,6345.84,0,0,0,0.00,0,F1,30,,,,,
2026-08-12,2026-08-12,FO,NSE,IDO,59350,,BANKNIFTY,,2026-08-25,2026-08-25,65500.00,CE,BANKNIFTY26AUG65500CE,1.45,1.65,1.25,1.35,1.25,1.40,57885.85,1.35,76980,60,2114,4154100588.00,1309,F1,30,,,,,
2026-08-12,2026-08-12,FO,NSE,IDO,59321,,BANKNIFTY,,2026-08-25,2026-08-25,64200.00,CE,BANKNIFTY26AUG64200CE,3.30,3.30,2.10,3.10,3.30,3.30,57885.85,3.10,8430,-150,13,25039153.50,11,F1,30,,,,,
2026-08-12,2026-08-12,FO,NSE,IDO,59274,,BANKNIFTY,,2026-08-25,2026-08-25,62700.00,CE,BANKNIFTY26AUG62700CE,4.40,5.75,3.70,4.45,4.40,447.00,57885.85,4.45,1830,1830,122,229499032.50,87,F1,30,,,,,
2026-08-12,2026-08-12,FO,NSE,IDO,59272,,BANKNIFTY,,2026-08-25,2026-08-25,62600.00,CE,BANKNIFTY26AUG62600CE,4.50,6.80,3.90,5.25,5.20,459.90,57885.85,5.25,2160,2160,263,493954462.50,143,F1,30,,,,,
2026-08-12,2026-08-12,FO,NSE,IDO,59250,,BANKNIFTY,,2026-08-25,2026-08-25,61800.00,CE,BANKNIFTY26AUG61800CE,0.00,0.00,0.00,575.10,0.00,575.10,57885.85,50.32,0,0,0,0.00,0,F1,30,,,,,
2026-08-12,2026-08-12,FO,NSE,IDO,59204,,BANKNIFTY,,2026-08-25,2026-08-25,60600.00,CE,BANKNIFTY26AUG60600CE,15.15,21.15,12.80,18.60,19.25,15.60,57885.85,18.60,19350,6300,2990,5437340052.00,1589,F1,30,,,,,
2026-08-12,2026-08-12,FO,NSE,IDO,59202,,BANKNIFTY,,2026-08-25,2026-08-25,60500.00,CE,BANKNIFTY26AUG60500CE,15.50,23.70,14.10,21.50,23.30,16.85,57885.85,21.50,401010,33270,28236,51263763160.50,14559,F1,30,,,,,
2026-08-12,2026-08-12,FO,NSE,IDO,59086,,BANKNIFTY,,2026-08-25,2026-08-25,57300.00,CE,BANKNIFTY26AUG57300CE,656.60,1010.10,645.15,965.05,952.00,720.95,57885.85,965.05,124560,-45240,28253,49262393668.50,20821,F1,30,,,,,
2026-08-12,2026-08-12,FO,NSE,IDO,59061,,BANKNIFTY,,2026-08-25,2026-08-25,56800.00,CE,BANKNIFTY26AUG56800CE,1039.00,1404.50,978.75,1361.95,1358.30,1047.85,57885.85,1361.95,47880,-2460,963,1675924188.00,732,F1,30,,,,,
2026-08-12,2026-08-12,FO,NSE,IDO,59059,,BANKNIFTY,,2026-08-25,2026-08-25,56700.00,CE,BANKNIFTY26AUG56700CE,1086.10,1480.00,1049.20,1438.35,1430.00,1119.00,57885.85,1438.35,22020,-1230,570,991867884.00,394,F1,30,,,,,
2026-08-12,2026-08-12,FO,NSE,IDO,59057,,BANKNIFTY,,2026-08-25,2026-08-25,56600.00,CE,BANKNIFTY26AUG56600CE,1145.80,1570.00,1108.85,1535.25,1521.40,1201.55,57885.85,1535.25,11010,-660,308,535897800.00,231,F1,30,,,,,
2026-08-12,2026-08-12,FO,NSE,IDO,59006,,BANKNIFTY,,2026-08-25,2026-08-25,55100.00,CE,BANKNIFTY26AUG55100CE,2814.00,2814.00,2814.00,2814.00,2814.00,2458.40,57885.85,2999.19,420,30,1,1737420.00,1,F1,30,,,,,
2026-08-12,2026-08-12,FO,NSE,IDO,59002,,BANKNIFTY,,2026-08-25,2026-08-25,54900.00,CE,BANKNIFTY26AUG54900CE,0.00,0.00,0.00,2851.80,0.00,2851.80,57885.85,3181.16,0,0,0,0.00,0,F1,30,,,,,
2026-08-12,2026-08-12,FO,NSE,IDO,58980,,BANKNIFTY,,2026-08-25,2026-08-25,54100.00,CE,BANKNIFTY26AUG54100CE,0.00,0.00,0.00,3304.80,0.00,3304.80,57885.85,3933.73,0,0,0,0.00,0,F1,30,,,,,
2026-08-12,2026-08-12,FO,NSE,IDO,58924,,BANKNIFTY,,2026-08-25,2026-08-25,52200.00,CE,BANKNIFTY26AUG52200CE,0.00,0.00,0.00,4900.00,4900.00,4900.00,57885.85,5800.52,30,0,0,0.00,0,F1,30,,,,,
2026-08-12,2026-08-12,FO,NSE,IDO,58906,,BANKNIFTY,,2026-08-25,2026-08-25,51500.00,CE,BANKNIFTY26AUG51500CE,0.00,0.00,0.00,5875.00,5875.00,5875.00,57885.85,6497.52,360,0,0,0.00,0,F1,30,,,,,
2026-08-12,2026-08-12,FO,NSE,IDO,58872,,BANKNIFTY,,2026-08-25,2026-08-25,50700.00,CE,BANKNIFTY26AUG50700CE,0.00,0.00,0.00,5681.60,0.00,5681.60,57885.85,7295.30,0,0,0,0.00,0,F1,30,,,,,
2026-08-12,2026-08-12,FO,NSE,IDO,58814,,BANKNIFTY,,2026-08-25,2026-08-25,49100.00,CE,BANKNIFTY26AUG49100CE,0.00,0.00,0.00,7013.00,0.00,7013.00,57885.85,8891.71,0,0,0,0.00,0,F1,30,,,,,
2026-08-12,2026-08-12,FO,NSE,IDO,58808,,BANKNIFTY,,2026-08-25,2026-08-25,48800.00,CE,BANKNIFTY26AUG48800CE,0.00,0.00,0.00,7274.40,0.00,7274.40,57885.85,9191.07,0,0,0,0.00,0,F1,30,,,,,
2026-08-12,2026-08-12,FO,NSE,IDO,58754,,BANKNIFTY,,2026-08-25,2026-08-25,47500.00,CE,BANKNIFTY26AUG47500CE,0.00,0.00,0.00,9750.85,9750.85,9750.85,57885.85,10488.26,120,0,0,0.00,0,F1,30,,,,,
2026-08-12,2026-08-12,FO,NSE,IDO,69792,,BANKNIFTY,,2026-09-29,2026-09-29,56000.00,PE,BANKNIFTY26SEP56000PE,400.00,426.20,270.00,273.45,277.60,372.25,57885.85,273.45,221880,47910,5083,8587660719.00,3336,F1,30,,,,,
2026-08-12,2026-08-12,FO,NSE,IDO,69794,,BANKNIFTY,,2026-09-29,2026-09-29,56100.00,PE,BANKNIFTY26SEP56100PE,0.00,0.00,0.00,868.95,867.05,868.95,57885.85,790.48,420,0,0,0.00,0,F1,30,,,,,
2026-08-12,2026-08-12,FO,NSE,IDO,69796,,BANKNIFTY,,2026-09-29,2026-09-29,56200.00,PE,BANKNIFTY26SEP56200PE,378.10,388.30,300.85,303.60,302.50,417.75,57885.85,303.60,5130,-1680,239,405351255.00,156,F1,30,,,,,
2026-08-12,2026-08-12,FO,NSE,IDO,70114,,BANKNIFTY,,2026-09-29,2026-09-29,63900.00,PE,BANKNIFTY26SEP63900PE,0.00,0.00,0.00,6084.95,0.00,6084.95,57885.85,5714.02,0,0,0,0.00,0,F1,30,,,,,
2026-08-12,2026-08-12,FO,NSE,IDO,49380,,BANKNIFTY,,2026-10-27,2026-10-27,52600.00,PE,BANKNIFTY26OCT52600PE,0.00,0.00,0.00,598.55,0.00,598.55,57885.85,309.79,0,0,0,0.00,0,F1,30,,,,,
2026-08-12,2026-08-12,FO,NSE,IDO,49434,,BANKNIFTY,,2026-10-27,2026-10-27,54800.00,PE,BANKNIFTY26OCT54800PE,0.00,0.00,0.00,1177.90,0.00,1177.90,57885.85,713.65,0,0,0,0.00,0,F1,30,,,,,
2026-08-12,2026-08-12,FO,NSE,IDO,49450,,BANKNIFTY,,2026-10-27,2026-10-27,55300.00,PE,BANKNIFTY26OCT55300PE,0.00,0.00,0.00,1350.40,0.00,1350.40,57885.85,844.93,0,0,0,0.00,0,F1,30,,,,,
2026-08-12,2026-08-12,FO,NSE,IDO,49549,,BANKNIFTY,,2026-10-27,2026-10-27,59100.00,PE,BANKNIFTY26OCT59100PE,0.00,0.00,0.00,1664.20,1664.20,1664.20,57885.85,2385.69,150,0,0,0.00,0,F1,30,,,,,
2026-08-12,2026-08-12,FO,NSE,IDO,49637,,BANKNIFTY,,2026-10-27,2026-10-27,62600.00,PE,BANKNIFTY26OCT62600PE,0.00,0.00,0.00,5656.20,0.00,5656.20,57885.85,4684.03,0,0,0,0.00,0,F1,30,,,,,
2026-08-12,2026-08-12,FO,NSE,IDO,49652,,BANKNIFTY,,2026-10-27,2026-10-27,63200.00,PE,BANKNIFTY26OCT63200PE,0.00,0.00,0.00,6137.05,0.00,6137.05,57885.85,5146.10,0,0,0,0.00,0,F1,30,,,,,
2026-08-12,2026-08-12,FO,NSE,IDO,49700,,BANKNIFTY,,2026-10-27,2026-10-27,65000.00,PE,BANKNIFTY26OCT65000PE,0.00,0.00,0.00,7657.20,0.00,7657.20,57885.85,6633.19,0,0,0,0.00,0,F1,30,,,,,
2026-08-12,2026-08-12,FO,NSE,IDO,49714,,BANKNIFTY,,2026-10-27,2026-10-27,65500.00,PE,BANKNIFTY26OCT65500PE,0.00,0.00,0.00,8096.85,0.00,8096.85,57885.85,7067.40,0,0,0,0.00,0,F1,30,,,,,
2026-08-12,2026-08-12,FO,NSE,IDO,53221,,BANKNIFTY,,2026-12-29,2026-12-29,51000.00,PE,BANKNIFTY26DEC51000PE,171.90,172.40,151.00,157.40,159.00,182.00,57885.85,157.40,2160,120,15,23024431.50,13,F1,30,,,,,
2026-08-12,2026-08-12,FO,NSE,IDO,53225,,BANKNIFTY,,2026-12-29,2026-12-29,54000.00,PE,BANKNIFTY26DEC54000PE,375.00,399.15,343.00,351.85,355.00,395.80,57885.85,351.85,19290,-120,286,466399665.00,172,F1,30,,,,,
2026-08-12,2026-08-12,FO,NSE,IDO,69766,,BANKNIFTY,,2026-09-29,2026-09-29,54900.00,PE,BANKNIFTY26SEP54900PE,0.00,0.00,0.00,1010.25,0.00,1010.25,57885.85,481.10,0,0,0,0.00,0,F1,30,,,,,
2026-08-12,2026-08-12,FO,NSE,IDO,59145,,BANKNIFTY,,2026-08-25,2026-08-25,59000.00,CE,BANKNIFTY26AUG59000CE,107.70,182.00,92.75,165.10,170.00,108.95,57885.85,165.10,1277490,12840,89955,159598579669.50,60034,F1,30,,,,,
2026-08-12,2026-08-12,FO,NSE,IDO,59258,,BANKNIFTY,,2026-08-25,2026-08-25,62200.00,CE,BANKNIFTY26AUG62200CE,5.50,6.80,5.05,6.35,6.35,514.80,57885.85,33.61,570,570,85,158625145.50,45,F1,30,,,,,
2026-08-12,2026-08-12,FO,NSE,IDO,69658,,BANKNIFTY,,2026-09-29,2026-09-29,51600.00,CE,BANKNIFTY26SEP51600CE,0.00,0.00,0.00,7072.05,0.00,7072.05,57885.85,6811.67,0,0,0,0.00,0,F1,30,,,,,
2026-08-12,2026-08-12,FO,NSE,IDO,69672,,BANKNIFTY,,2026-09-29,2026-09-29,52300.00,CE,BANKNIFTY26SEP52300CE,0.00,0.00,0.00,6482.70,0.00,6482.70,57885.85,6161.78,0,0,0,0.00,0,F1,30,,,,,
2026-08-12,2026-08-12,FO,NSE,IDO,69806,,BANKNIFTY,,2026-09-29,2026-09-29,56700.00,CE,BANKNIFTY26SEP56700CE,1850.00,1850.00,1850.00,1850.00,1850.00,1633.20,57885.85,2662.48,270,0,1,1756500.00,1,F1,30,,,,,
2026-08-12,2026-08-12,FO,NSE,IDO,69828,,BANKNIFTY,,2026-09-29,2026-09-29,57800.00,CE,BANKNIFTY26SEP57800CE,1096.80,1321.85,1096.80,1282.90,1280.70,1123.25,57885.85,1282.90,10680,2880,273,483450525.00,228,F1,30,,,,,
2026-08-12,2026-08-12,FO,NSE,IDO,69848,,BANKNIFTY,,2026-09-29,2026-09-29,58300.00,CE,BANKNIFTY26SEP58300CE,939.75,1029.10,885.00,1008.40,1005.70,888.80,57885.85,1008.40,10020,3180,294,522715018.50,268,F1,30,,,,,
2026-08-12,2026-08-12,FO,NSE,IDO,52358,,BANKNIFTY,,2026-09-29,2026-09-29,58500.00,CE,BANKNIFTY26SEP58500CE,733.10,933.25,725.25,909.05,913.10,776.55,57885.85,909.05,98430,7530,1642,2924011501.50,1330,F1,30,,,,,
2026-08-12,2026-08-12,FO,NSE,IDO,69899,,BANKNIFTY,,2026-09-29,2026-09-29,59200.00,CE,BANKNIFTY26SEP59200CE,0.00,0.00,0.00,2087.15,0.00,2087.15,57885.85,1360.04,0,0,0,0.00,0,F1,30,,,,,
2026-08-12,2026-08-12,FO,NSE,IDO,70004,,BANKNIFTY,,2026-09-29,2026-09-29,59900.00,CE,BANKNIFTY26SEP59900CE,0.00,0.00,0.00,1805.40,0.00,1805.40,57885.85,1095.24,0,0,0,0.00,0,F1,30,,,,,
2026-08-12,2026-08-12,FO,NSE,IDO,70099,,BANKNIFTY,,2026-09-29,2026-09-29,63200.00,CE,BANKNIFTY26SEP63200CE,0.00,0.00,0.00,845.10,0.00,845.10,57885.85,332.44,0,0,0,0.00,0,F1,30,,,,,
2026-08-12,2026-08-12,FO,NSE,IDO,52412,,BANKNIFTY,,2026-09-29,2026-09-29,64500.00,CE,BANKNIFTY26SEP64500CE,0.00,0.00,0.00,1685.65,0.00,1685.65,57885.85,192.01,0,0,0,0.00,0,F1,30,,,,,
2026-08-12,2026-08-12,FO,NSE,IDO,52439,,BANKNIFTY,,2026-09-29,2026-09-29,69000.00,CE,BANKNIFTY26SEP69000CE,8.50,8.50,5.40,5.40,5.40,8.00,57885.85,5.40,2340,810,34,70388230.50,16,F1,30,,,,,
2026-08-12,2026-08-12,FO,NSE,IDO,49373,,BANKNIFTY,,2026-10-27,2026-10-27,52300.00,CE,BANKNIFTY26OCT52300CE,0.00,0.00,0.00,5781.10,0.00,5781.10,57885.85,6568.06,0,0,0,0.00,0,F1,30,,,,,
2026-08-12,2026-08-12,FO,NSE,IDO,49387,,BANKNIFTY,,2026-10-27,2026-10-27,53000.00,CE,BANKNIFTY26OCT53000CE,0.00,0.00,0.00,4850.00,4850.00,4850.00,57885.85,5970.10,60,0,0,0.00,0,F1,30,,,,,
2026-08-12,2026-08-12,FO,NSE,IDO,49443,,BANKNIFTY,,2026-10-27,2026-10-27,55100.00,CE,BANKNIFTY26OCT55100CE,0.00,0.00,0.00,3762.70,0.00,3762.70,57885.85,4324.85,0,0,0,0.00,0,F1,30,,,,,
2026-08-12,2026-08-12,FO,NSE,IDO,49501,,BANKNIFTY,,2026-10-27,2026-10-27,57300.00,CE,BANKNIFTY26OCT57300CE,0.00,0.00,0.00,2519.05,0.00,2519.05,57885.85,2890.53,0,0,0,0.00,0,F1,30,,,,,
2026-08-12,2026-08-12,FO,NSE,IDO,49541,,BANKNIFTY,,2026-10-27,2026-10-27,58800.00,CE,BANKNIFTY26OCT58800CE,0.00,0.00,0.00,1852.20,0.00,1852.20,57885.85,2110.02,0,0,0,0.00,0,F1,30,,,,,
2026-08-12,2026-08-12,FO,NSE,IDO,49601,,BANKNIFTY,,2026-10-27,2026-10-27,61300.00,CE,BANKNIFTY26OCT61300CE,0.00,0.00,0.00,1043.15,0.00,1043.15,57885.85,1157.80,0,0,0,0.00,0,F1,30,,,,,
2026-08-12,2026-08-12,FO,NSE,IDO,49617,,BANKNIFTY,,2026-10-27,2026-10-27,61900.00,CE,BANKNIFTY26OCT61900CE,0.00,0.00,0.00,901.70,0.00,901.70,57885.85,988.29,0,0,0,0.00,0,F1,30,,,,,
2026-08-12,2026-08-12,FO,NSE,IDO,49619,,BANKNIFTY,,2026-10-27,2026-10-27,62000.00,CE,BANKNIFTY26OCT62000CE,0.00,0.00,0.00,879.40,0.00,879.40,57885.85,962.04,0,0,0,0.00,0,F1,30,,,,,
2026-08-12,2026-08-12,FO,NSE,IDO,49641,,BANKNIFTY,,2026-10-27,2026-10-27,62800.00,CE,BANKNIFTY26OCT62800CE,0.00,0.00,0.00,713.70,0.00,713.70,57885.85,772.45,0,0,0,0.00,0,F1,30,,,,,
2026-08-12,2026-08-12,FO,NSE,IDO,70761,,BANKNIFTY,,2027-06-29,2027-06-29,49500.00,CE,BANKNIFTY27JUN49500CE,0.00,0.00,0.00,11915.80,0.00,11915.80,57885.85,11834.13,0,0,0,0.00,0,F1,30,,,,,
2026-08-12,2026-08-12,FO,NSE,IDO,70802,,BANKNIFTY,,2027-06-29,2027-06-29,64500.00,CE,BANKNIFTY27JUN64500CE,0.00,0.00,0.00,3584.50,0.00,3584.50,57885.85,3216.47,0,0,0,0.00,0,F1,30,,,,,
2026-08-12,2026-08-12,FO,NSE,IDO,58703,,BANKNIFTY,,2026-08-25,2026-08-25,46000.00,PE,BANKNIFTY26AUG46000PE,2.75,2.80,2.10,2.40,2.20,2.50,57885.85,2.40,240120,-4500,442,609990403.50,228,F1,30,,,,,
2026-08-12,2026-08-12,FO,NSE,IDO,58843,,BANKNIFTY,,2026-08-25,2026-08-25,49600.00,PE,BANKNIFTY26AUG49600PE,4.40,5.15,4.30,5.15,5.15,5.30,57885.85,0.01,480,30,6,8928867.00,6,F1,30,,,,,
2026-08-12,2026-08-12,FO,NSE,IDO,58873,,BANKNIFTY,,2026-08-25,2026-08-25,50700.00,PE,BANKNIFTY26AUG50700PE,0.00,0.00,0.00,6.20,6.20,6.20,57885.85,0.14,510,0,0,0.00,0,F1,30,,,,,
2026-08-12,2026-08-12,FO,NSE,IDO,58881,,BANKNIFTY,,2026-08-25,2026-08-25,51100.00,PE,BANKNIFTY26AUG51100PE,7.35,8.10,4.80,5.90,4.80,6.55,57885.85,5.90,1080,30,66,101189524.50,26,F1,30,,,,,
2026-08-12,2026-08-12,FO,NSE,IDO,58883,,BANKNIFTY,,2026-08-25,2026-08-25,51200.00,PE,BANKNIFTY26AUG51200PE,6.45,7.40,5.70,6.25,6.45,7.10,57885.85,6.25,22860,21030,929,1427123445.00,217,F1,30,,,,,
2026-08-12,2026-08-12,FO,NSE,IDO,58919,,BANKNIFTY,,2026-08-25,2026-08-25,51900.00,PE,BANKNIFTY26AUG51900PE,6.20,8.50,5.50,6.85,5.55,7.60,57885.85,6.85,2940,-30,76,118346718.00,39,F1,30,,,,,
2026-08-12,2026-08-12,FO,NSE,IDO,58947,,BANKNIFTY,,2026-08-25,2026-08-25,53100.00,PE,BANKNIFTY26AUG53100PE,9.75,10.60,7.40,8.00,8.00,12.05,57885.85,8.40,4500,-60,58,92410498.50,34,F1,30,,,,,
2026-08-12,2026-08-12,FO,NSE,IDO,58959,,BANKNIFTY,,2026-08-25,2026-08-25,53400.00,PE,BANKNIFTY26AUG53400PE,12.55,12.80,9.00,9.90,9.30,14.00,57885.85,9.90,5040,-1770,328,525560320.50,242,F1,30,,,,,
2026-08-12,2026-08-12,FO,NSE,IDO,59050,,BANKNIFTY,,2026-08-25,2026-08-25,56400.00,PE,BANKNIFTY26AUG56400PE,189.05,208.30,96.80,99.40,98.25,184.45,57885.85,99.40,76380,11190,10241,17369017885.50,7426,F1,30,,,,,
2026-08-12,2026-08-12,FO,NSE,IDO,59133,,BANKNIFTY,,2026-08-25,2026-08-25,58500.00,PE,BANKNIFTY26AUG58500PE,1175.00,1217.95,770.00,799.95,806.00,1118.75,57885.85,799.95,260820,6930,10439,18613084534.50,7551,F1,30,,,,,
2026-08-12,2026-08-12,FO,NSE,IDO,59168,,BANKNIFTY,,2026-08-25,2026-08-25,60000.00,PE,BANKNIFTY26AUG60000PE,2534.70,2536.10,1979.65,2028.30,2042.15,2438.50,57885.85,2028.30,298710,-1800,1115,2079204597.00,832,F1,30,,,,,
2026-08-12,2026-08-12,FO,NSE,IDO,59218,,BANKNIFTY,,2026-08-25,2026-08-25,60900.00,PE,BANKNIFTY26AUG60900PE,0.00,0.00,0.00,5640.00,0.00,5640.00,57885.85,2999.02,0,0,0,0.00,0,F1,30,,,,,
2026-08-12,2026-08-12,FO,NSE,IDO,59255,,BANKNIFTY,,2026-08-25,2026-08-25,62000.00,PE,BANKNIFTY26AUG62000PE,4150.00,4235.00,3950.00,3950.00,3950.00,4391.20,57885.85,4021.70,72180,-750,71,140855802.00,28,F1,30,,,,,
2026-08-12,2026-08-12,FO,NSE,IDO,59265,,BANKNIFTY,,2026-08-25,2026-08-25,62400.00,PE,BANKNIFTY26AUG62400PE,0.00,0.00,0.00,4481.80,4481.80,4481.80,57885.85,4406.88,0,0,0,0.00,0,F1,30,,,,,
2026-08-12,2026-08-12,FO,NSE,IDO,59030,,BANKNIFTY,,2026-08-25,2026-08-25,55900.00,CE,BANKNIFTY26AUG55900CE,1885.00,2249.05,1885.00,2249.05,2249.05,1801.10,57885.85,2306.82,2070,-30,3,5215321.50,3,F1,30,,,,,
2026-08-12,2026-08-12,FO,NSE,IDO,59341,,BANKNIFTY,,2026-08-25,2026-08-25,65000.00,PE,BANKNIFTY26AUG65000PE,7180.00,7250.00,6949.55,6968.30,6949.55,7385.00,57885.85,6968.30,67020,-150,14,30292713.00,12,F1,30,,,,,
2026-08-12,2026-08-12,FO,NSE,IDO,59351,,BANKNIFTY,,2026-08-25,2026-08-25,65500.00,PE,BANKNIFTY26AUG65500PE,0.00,0.00,0.00,9631.45,0.00,9631.45,57885.85,7473.50,0,0,0,0.00,0,F1,30,,,,,
2026-08-12,2026-08-12,FO,NSE,IDO,69675,,BANKNIFTY,,2026-09-29,2026-09-29,52400.00,PE,BANKNIFTY26SEP52400PE,0.00,0.00,0.00,453.55,0.00,453.55,57885.85,134.33,0,0,0,0.00,0,F1,30,,,,,
2026-08-12,2026-08-12,FO,NSE,IDO,69677,,BANKNIFTY,,2026-09-29,2026-09-29,52600.00,PE,BANKNIFTY26SEP52600PE,0.00,0.00,0.00,486.75,0.00,486.75,57885.85,150.74,0,0,0,0.00,0,F1,30,,,,,
2026-08-12,2026-08-12,FO,NSE,IDO,69679,,BANKNIFTY,,2026-09-29,2026-09-29,52700.00,PE,BANKNIFTY26SEP52700PE,0.00,0.00,0.00,504.05,0.00,504.05,57885.85,159.54,0,0,0,0.00,0,F1,30,,,,,
2026-08-12,2026-08-12,FO,NSE,IDO,69756,,BANKNIFTY,,2026-09-29,2026-09-29,54500.00,PE,BANKNIFTY26SEP54500PE,0.00,0.00,0.00,901.30,0.00,901.30,57885.85,401.34,0,0,0,0.00,0,F1,30,,,,,
2026-08-12,2026-08-12,FO,NSE,IDO,69841,,BANKNIFTY,,2026-09-29,2026-09-29,58100.00,PE,BANKNIFTY26SEP58100PE,1126.60,1126.60,865.40,874.75,878.80,1086.20,57885.85,874.75,7200,3360,341,603884533.50,288,F1,30,,,,,
2026-08-12,2026-08-12,FO,NSE,IDO,69849,,BANKNIFTY,,2026-09-29,2026-09-29,58300.00,PE,BANKNIFTY26SEP58300PE,1150.00,1150.00,960.55,968.80,973.10,1088.20,57885.85,968.80,4650,840,89,158357230.50,81,F1,30,,,,,
2026-08-12,2026-08-12,FO,NSE,IDO,69851,,BANKNIFTY,,2026-09-29,2026-09-29,58400.00,PE,BANKNIFTY26SEP58400PE,1151.50,1198.15,985.45,1019.40,1019.45,1274.00,57885.85,1019.40,3480,270,39,69596358.00,39,F1,30,,,,,
2026-08-12,2026-08-12,FO,NSE,IDO,52359,,BANKNIFTY,,2026-09-29,2026-09-29,58500.00,PE,BANKNIFTY26SEP58500PE,1397.00,1397.00,1034.20,1066.15,1072.90,1306.35,57885.85,1066.15,83940,480,1091,1952601414.00,976,F1,30,,,,,
2026-08-12,2026-08-12,FO,NSE,IDO,69873,,BANKNIFTY,,2026-09-29,2026-09-29,58900.00,PE,BANKNIFTY26SEP58900PE,1355.55,1355.55,1273.05,1284.85,1287.70,1392.95,57885.85,1284.85,2190,120,46,83093418.00,46,F1,30,,,,,
2026-08-12,2026-08-12,FO,NSE,IDO,69896,,BANKNIFTY,,2026-09-29,2026-09-29,59000.00,PE,BANKNIFTY26SEP59000PE,1649.80,1672.00,1314.45,1346.15,1343.00,1603.05,57885.85,1346.15,79380,2580,816,1479110826.00,689,F1,30,,,,,
2026-08-12,2026-08-12,FO,NSE,IDO,69898,,BANKNIFTY,,2026-09-29,2026-09-29,59100.00,PE,BANKNIFTY26SEP59100PE,0.00,0.00,0.00,1450.50,1450.50,1450.50,57885.85,2107.81,1290,0,0,0.00,0,F1,30,,,,,
2026-08-12,2026-08-12,FO,NSE,IDO,70042,,BANKNIFTY,,2026-09-29,2026-09-29,61600.00,PE,BANKNIFTY26SEP61600PE,0.00,0.00,0.00,4351.85,0.00,4351.85,57885.85,3799.36,0,0,0,0.00,0,F1,30,,,,,
2026-08-12,2026-08-12,FO,NSE,IDO,52413,,BANKNIFTY,,2026-09-29,2026-09-29,64500.00,PE,BANKNIFTY26SEP64500PE,0.00,0.00,0.00,7730.90,0.00,7730.90,57885.85,6252.13,0,0,0,0.00,0,F1,30,,,,,
2026-08-12,2026-08-12,FO,NSE,IDO,70208,,BANKNIFTY,,2026-09-29,2026-09-29,65000.00,PE,BANKNIFTY26SEP65000PE,0.00,0.00,0.00,6437.90,6437.90,6437.90,57885.85,6709.46,570,0,0,0.00,0,F1,30,,,,,
2026-08-12,2026-08-12,FO,NSE,IDO,49466,,BANKNIFTY,,2026-10-27,2026-10-27,55900.00,PE,BANKNIFTY26OCT55900PE,0.00,0.00,0.00,1578.60,0.00,1578.60,57885.85,1019.25,0,0,0,0.00,0,F1,30,,,,,
2026-08-12,2026-08-12,FO,NSE,IDO,49478,,BANKNIFTY,,2026-10-27,2026-10-27,56400.00,PE,BANKNIFTY26OCT56400PE,0.00,0.00,0.00,1786.70,0.00,1786.70,57885.85,1185.03,0,0,0,0.00,0,F1,30,,,,,
2026-08-12,2026-08-12,FO,NSE,IDO,49526,,BANKNIFTY,,2026-10-27,2026-10-27,58200.00,PE,BANKNIFTY26OCT58200PE,0.00,0.00,0.00,2671.80,0.00,2671.80,57885.85,1927.52,0,0,0,0.00,0,F1,30,,,,,
2026-08-12,2026-08-12,FO,NSE,IDO,49544,,BANKNIFTY,,2026-10-27,2026-10-27,58900.00,PE,BANKNIFTY26OCT58900PE,0.00,0.00,0.00,3072.60,0.00,3072.60,57885.85,2278.84,0,0,0,0.00,0,F1,30,,,,,
2026-08-12,2026-08-12,FO,NSE,IDO,49568,,BANKNIFTY,,2026-10-27,2026-10-27,59800.00,PE,BANKNIFTY26OCT59800PE,0.00,0.00,0.00,3632.10,0.00,3632.10,57885.85,2781.71,0,0,0,0.00,0,F1,30,,,,,
2026-08-12,2026-08-12,FO,NSE,IDO,49586,,BANKNIFTY,,2026-10-27,2026-10-27,60600.00,PE,BANKNIFTY26OCT60600PE,0.00,0.00,0.00,4168.85,0.00,4168.85,57885.85,3274.98,0,0,0,0.00,0,F1,30,,,,,
2026-08-12,2026-08-12,FO,NSE,IDO,49588,,BANKNIFTY,,2026-10-27,2026-10-27,60700.00,PE,BANKNIFTY26OCT60700PE,0.00,0.00,0.00,4238.45,0.00,4238.45,57885.85,3339.58,0,0,0,0.00,0,F1,30,,,,,
2026-08-12,2026-08-12,FO,NSE,IDO,49596,,BANKNIFTY,,2026-10-27,2026-10-27,61000.00,PE,BANKNIFTY26OCT61000PE,0.00,0.00,0.00,4450.30,0.00,4450.30,57885.85,3537.17,0,0,0,0.00,0,F1,30,,,,,
2026-08-12,2026-08-12,FO,NSE,IDO,49622,,BANKNIFTY,,2026-10-27,2026-10-27,62100.00,PE,BANKNIFTY26OCT62100PE,0.00,0.00,0.00,5266.95,0.00,5266.95,57885.85,4308.03,0,0,0,0.00,0,F1,30,,,,,
2026-08-12,2026-08-12,FO,NSE,IDO,49624,,BANKNIFTY,,2026-10-27,2026-10-27,62200.00,PE,BANKNIFTY26OCT62200PE,0.00,0.00,0.00,5343.90,0.00,5343.90,57885.85,4384.08,0,0,0,0.00,0,F1,30,,,,,
2026-08-12,2026-08-12,FO,NSE,IDO,49631,,BANKNIFTY,,2026-10-27,2026-10-27,62500.00,PE,BANKNIFTY26OCT62500PE,0.00,0.00,0.00,5577.50,0.00,5577.50,57885.85,4608.26,0,0,0,0.00,0,F1,30,,,,,
2026-08-12,2026-08-12,FO,NSE,IDO,49676,,BANKNIFTY,,2026-10-27,2026-10-27,63900.00,PE,BANKNIFTY26OCT63900PE,0.00,0.00,0.00,6715.40,0.00,6715.40,57885.85,5708.81,0,0,0,0.00,0,F1,30,,,,,
2026-08-12,2026-08-12,FO,NSE,IDO,53213,,BANKNIFTY,,2026-12-29,2026-12-29,45000.00,PE,BANKNIFTY26DEC45000PE,52.15,52.15,51.00,52.00,52.00,56.95,57885.85,52.00,28650,-390,70,94608318.00,23,F1,30,,,,,
2026-08-12,2026-08-12,FO,NSE,IDO,76393,,BANKNIFTY,,2027-03-30,2027-03-30,52500.00,PE,BANKNIFTY27MAR52500PE,0.00,0.00,0.00,3218.25,0.00,3218.25,57885.85,966.26,0,0,0,0.00,0,F1,30,,,,,
2026-08-12,2026-08-12,FO,NSE,IDO,70803,,BANKNIFTY,,2027-06-29,2027-06-29,64500.00,PE,BANKNIFTY27JUN64500PE,0.00,0.00,0.00,6674.35,0.00,6674.35,57885.85,6214.79,0,0,0,0.00,0,F1,30,,,,,
2026-08-12,2026-08-12,FO,NSE,IDO,58868,,BANKNIFTY,,2026-08-25,2026-08-25,50500.00,CE,BANKNIFTY26AUG50500CE,0.00,0.00,0.00,6774.30,6774.30,6774.30,57885.85,7494.82,210,0,0,0.00,0,F1,30,,,,,
2026-08-12,2026-08-12,FO,NSE,IDO,58884,,BANKNIFTY,,2026-08-25,2026-08-25,51300.00,CE,BANKNIFTY26AUG51300CE,0.00,0.00,0.00,5213.60,0.00,5213.60,57885.85,6696.90,0,0,0,0.00,0,F1,30,,,,,
2026-08-12,2026-08-12,FO,NSE,IDO,58932,,BANKNIFTY,,2026-08-25,2026-08-25,52600.00,CE,BANKNIFTY26AUG52600CE,0.00,0.00,0.00,4266.95,0.00,4266.95,57885.85,5403.26,0,0,0,0.00,0,F1,30,,,,,
2026-08-12,2026-08-12,FO,NSE,IDO,58988,,BANKNIFTY,,2026-08-25,2026-08-25,54400.00,CE,BANKNIFTY26AUG54400CE,0.00,0.00,0.00,3000.00,3000.00,3000.00,57885.85,3647.60,210,0,0,0.00,0,F1,30,,,,,
2026-08-12,2026-08-12,FO,NSE,IDO,59111,,BANKNIFTY,,2026-08-25,2026-08-25,58100.00,CE,BANKNIFTY26AUG58100CE,330.00,513.70,288.60,480.05,477.00,329.75,57885.85,480.05,236460,27930,31817,55852163440.50,25663,F1,30,,,,,
2026-08-12,2026-08-12,FO,NSE,IDO,59150,,BANKNIFTY,,2026-08-25,2026-08-25,59200.00,PE,BANKNIFTY26AUG59200PE,1639.25,1639.25,1297.40,1304.95,1319.25,1689.25,57885.85,1304.95,13710,270,119,216467185.50,65,F1,30,,,,,
2026-08-12,2026-08-12,FO,NSE,IDO,59156,,BANKNIFTY,,2026-08-25,2026-08-25,59500.00,PE,BANKNIFTY26AUG59500PE,1926.05,1926.05,1535.80,1565.90,1576.95,1960.00,57885.85,1565.90,68100,-4710,541,993173083.50,298,F1,30,,,,,
2026-08-12,2026-08-12,FO,NSE,IDO,59229,,BANKNIFTY,,2026-08-25,2026-08-25,61200.00,PE,BANKNIFTY26AUG61200PE,0.00,0.00,0.00,3250.00,3250.00,3250.00,57885.85,3271.07,30,0,0,0.00,0,F1,30,,,,,
2026-08-12,2026-08-12,FO,NSE,IDO,59253,,BANKNIFTY,,2026-08-25,2026-08-25,61900.00,PE,BANKNIFTY26AUG61900PE,0.00,0.00,0.00,6452.10,0.00,6452.10,57885.85,3926.26,0,0,0,0.00,0,F1,30,,,,,
2026-08-12,2026-08-12,FO,NSE,IDO,59318,,BANKNIFTY,,2026-08-25,2026-08-25,64000.00,PE,BANKNIFTY26AUG64000PE,0.00,0.00,0.00,6380.00,6380.00,6380.00,57885.85,5980.46,2310,0,0,0.00,0,F1,30,,,,,
2026-08-12,2026-08-12,FO,NSE,IDO,59322,,BANKNIFTY,,2026-08-25,2026-08-25,64200.00,PE,BANKNIFTY26AUG64200PE,0.00,0.00,0.00,5581.85,5581.85,5581.85,57885.85,6179.07,30,0,0,0.00,0,F1,30,,,,,
2026-08-12,2026-08-12,FO,NSE,IDO,69604,,BANKNIFTY,,2026-09-29,2026-09-29,50500.00,PE,BANKNIFTY26SEP50500PE,0.00,0.00,0.00,217.55,0.00,217.55,57885.85,39.46,0,0,0,0.00,0,F1,30,,,,,
2026-08-12,2026-08-12,FO,NSE,IDO,69657,,BANKNIFTY,,2026-09-29,2026-09-29,51500.00,PE,BANKNIFTY26SEP51500PE,0.00,0.00,0.00,325.00,0.00,325.00,57885.85,77.49,0,0,0,0.00,0,F1,30,,,,,
2026-08-12,2026-08-12,FO,NSE,IDO,69661,,BANKNIFTY,,2026-09-29,2026-09-29,51700.00,PE,BANKNIFTY26SEP51700PE,0.00,0.00,0.00,350.75,0.00,350.75,57885.85,87.96,0,0,0,0.00,0,F1,30,,,,,
2026-08-12,2026-08-12,FO,NSE,IDO,52287,,BANKNIFTY,,2026-09-29,2026-09-29,54000.00,PE,BANKNIFTY26SEP54000PE,124.95,135.00,89.05,91.10,90.00,123.75,57885.85,91.10,106410,10710,2032,3298130281.50,1248,F1,30,,,,,
2026-08-12,2026-08-12,FO,NSE,IDO,69776,,BANKNIFTY,,2026-09-29,2026-09-29,55300.00,PE,BANKNIFTY26SEP55300PE,0.00,0.00,0.00,1131.30,0.00,1131.30,57885.85,572.15,0,0,0,0.00,0,F1,30,,,,,
2026-08-12,2026-08-12,FO,NSE,IDO,52298,,BANKNIFTY,,2026-09-29,2026-09-29,55500.00,PE,BANKNIFTY26SEP55500PE,301.85,305.20,200.40,204.50,200.40,284.30,57885.85,204.50,151140,9300,2972,4969004575.50,1811,F1,30,,,,,
2026-08-12,2026-08-12,FO,NSE,IDO,70016,,BANKNIFTY,,2026-09-29,2026-09-29,60300.00,PE,BANKNIFTY26SEP60300PE,0.00,0.00,0.00,3489.75,0.00,3489.75,57885.85,2858.40,0,0,0,0.00,0,F1,30,,,,,
2026-08-12,2026-08-12,FO,NSE,IDO,70032,,BANKNIFTY,,2026-09-29,2026-09-29,61100.00,PE,BANKNIFTY26SEP61100PE,0.00,0.00,0.00,4009.30,0.00,4009.30,57885.85,3422.64,0,0,0,0.00,0,F1,30,,,,,
2026-08-12,2026-08-12,FO,NSE,IDO,49301,,BANKNIFTY,,2026-10-27,2026-10-27,49500.00,PE,BANKNIFTY26OCT49500PE,0.00,0.00,0.00,179.20,0.00,179.20,57885.85,69.06,0,0,0,0.00,0,F1,30,,,,,
2026-08-12,2026-08-12,FO,NSE,IDO,49358,,BANKNIFTY,,2026-10-27,2026-10-27,51600.00,PE,BANKNIFTY26OCT51600PE,0.00,0.00,0.00,420.05,0.00,420.05,57885.85,199.70,0,0,0,0.00,0,F1,30,,,,,
2026-08-12,2026-08-12,FO,NSE,IDO,49372,,BANKNIFTY,,2026-10-27,2026-10-27,52200.00,PE,BANKNIFTY26OCT52200PE,0.00,0.00,0.00,521.40,0.00,521.40,57885.85,261.14,0,0,0,0.00,0,F1,30,,,,,
2026-08-12,2026-08-12,FO,NSE,IDO,49378,,BANKNIFTY,,2026-10-27,2026-10-27,52500.00,PE,BANKNIFTY26OCT52500PE,0.00,0.00,0.00,578.50,0.00,578.50,57885.85,297.01,0,0,0,0.00,0,F1,30,,,,,
2026-08-12,2026-08-12,FO,NSE,IDO,49382,,BANKNIFTY,,2026-10-27,2026-10-27,52700.00,PE,BANKNIFTY26OCT52700PE,0.00,0.00,0.00,619.10,0.00,619.10,57885.85,322.99,0,0,0,0.00,0,F1,30,,,,,
2026-08-12,2026-08-12,FO,NSE,IDO,49414,,BANKNIFTY,,2026-10-27,2026-10-27,53900.00,PE,BANKNIFTY26OCT53900PE,0.00,0.00,0.00,909.10,0.00,909.10,57885.85,517.76,0,0,0,0.00,0,F1,30,,,,,
2026-08-12,2026-08-12,FO,NSE,IDO,49442,,BANKNIFTY,,2026-10-27,2026-10-27,55000.00,PE,BANKNIFTY26OCT55000PE,315.00,321.60,253.20,264.55,254.50,306.45,57885.85,264.55,20430,2880,699,1159261276.50,351,F1,30,,,,,
2026-08-12,2026-08-12,FO,NSE,IDO,49460,,BANKNIFTY,,2026-10-27,2026-10-27,55600.00,PE,BANKNIFTY26OCT55600PE,0.00,0.00,0.00,1461.60,0.00,1461.60,57885.85,927.88,0,0,0,0.00,0,F1,30,,,,,
2026-08-12,2026-08-12,FO,NSE,IDO,49464,,BANKNIFTY,,2026-10-27,2026-10-27,55800.00,PE,BANKNIFTY26OCT55800PE,0.00,0.00,0.00,1538.95,0.00,1538.95,57885.85,988.13,0,0,0,0.00,0,F1,30,,,,,
2026-08-12,2026-08-12,FO,NSE,IDO,49480,,BANKNIFTY,,2026-10-27,2026-10-27,56500.00,PE,BANKNIFTY26OCT56500PE,630.00,630.00,477.70,482.50,477.75,692.90,57885.85,482.50,2370,2130,79,135210048.00,49,F1,30,,,,,
2026-08-12,2026-08-12,FO,NSE,IDO,49492,,BANKNIFTY,,2026-10-27,2026-10-27,56800.00,PE,BANKNIFTY26OCT56800PE,0.00,0.00,0.00,1965.05,0.00,1965.05,57885.85,1330.10,0,0,0,0.00,0,F1,30,,,,,
2026-08-12,2026-08-12,FO,NSE,IDO,49504,,BANKNIFTY,,2026-10-27,2026-10-27,57400.00,PE,BANKNIFTY26OCT57400PE,790.00,790.00,748.60,748.60,748.60,904.35,57885.85,1568.91,330,90,3,5234616.00,2,F1,30,,,,,
2026-08-12,2026-08-12,FO,NSE,IDO,49510,,BANKNIFTY,,2026-10-27,2026-10-27,57600.00,PE,BANKNIFTY26OCT57600PE,0.00,0.00,0.00,2353.15,0.00,2353.15,57885.85,1654.24,0,0,0,0.00,0,F1,30,,,,,
2026-08-12,2026-08-12,FO,NSE,IDO,49546,,BANKNIFTY,,2026-10-27,2026-10-27,59000.00,PE,BANKNIFTY26OCT59000PE,1550.00,1570.00,1380.00,1387.20,1395.00,1640.00,57885.85,1387.20,1590,210,29,52612176.00,29,F1,30,,,,,
2026-08-12,2026-08-12,FO,NSE,IDO,49553,,BANKNIFTY,,2026-10-27,2026-10-27,59200.00,PE,BANKNIFTY26OCT59200PE,0.00,0.00,0.00,1725.75,1725.75,1725.75,57885.85,2440.18,60,0,0,0.00,0,F1,30,,,,,
2026-08-12,2026-08-12,FO,NSE,IDO,49557,,BANKNIFTY,,2026-10-27,2026-10-27,59300.00,PE,BANKNIFTY26OCT59300PE,0.00,0.00,0.00,3315.25,0.00,3315.25,57885.85,2495.36,0,0,0,0.00,0,F1,30,,,,,
2026-08-12,2026-08-12,FO,NSE,IDO,49560,,BANKNIFTY,,2026-10-27,2026-10-27,59400.00,PE,BANKNIFTY26OCT59400PE,0.00,0.00,0.00,1832.65,1832.65,1832.65,57885.85,2551.25,120,0,0,0.00,0,F1,30,,,,,
2026-08-12,2026-08-12,FO,NSE,IDO,49604,,BANKNIFTY,,2026-10-27,2026-10-27,61400.00,PE,BANKNIFTY26OCT61400PE,0.00,0.00,0.00,4740.05,0.00,4740.05,57885.85,3809.26,0,0,0,0.00,0,F1,30,,,,,
2026-08-12,2026-08-12,FO,NSE,IDO,49608,,BANKNIFTY,,2026-10-27,2026-10-27,61500.00,PE,BANKNIFTY26OCT61500PE,0.00,0.00,0.00,4816.30,0.00,4816.30,57885.85,3878.78,0,0,0,0.00,0,F1,30,,,,,
2026-08-12,2026-08-12,FO,NSE,IDO,49620,,BANKNIFTY,,2026-10-27,2026-10-27,62000.00,PE,BANKNIFTY26OCT62000PE,0.00,0.00,0.00,5192.60,0.00,5192.60,57885.85,4235.08,0,0,0,0.00,0,F1,30,,,,,
2026-08-12,2026-08-12,FO,NSE,IDO,49640,,BANKNIFTY,,2026-10-27,2026-10-27,62700.00,PE,BANKNIFTY26OCT62700PE,0.00,0.00,0.00,5735.35,0.00,5735.35,57885.85,4760.32,0,0,0,0.00,0,F1,30,,,,,
2026-08-12,2026-08-12,FO,NSE,IDO,49678,,BANKNIFTY,,2026-10-27,2026-10-27,64000.00,PE,BANKNIFTY26OCT64000PE,0.00,0.00,0.00,6799.40,0.00,6799.40,57885.85,5790.91,0,0,0,0.00,0,F1,30,,,,,
2026-08-12,2026-08-12,FO,NSE,IDO,76434,,BANKNIFTY,,2027-03-30,2027-03-30,66000.00,PE,BANKNIFTY27MAR66000PE,0.00,0.00,0.00,12012.15,0.00,12012.15,57885.85,7243.21,0,0,0,0.00,0,F1,30,,,,,
2026-08-12,2026-08-12,FO,NSE,IDO,70764,,BANKNIFTY,,2027-06-29,2027-06-29,49500.00,PE,BANKNIFTY27JUN49500PE,0.00,0.00,0.00,905.05,0.00,905.05,57885.85,673.34,0,0,0,0.00,0,F1,30,,,,,
2026-08-12,2026-08-12,FO,NSE,IDO,70787,,BANKNIFTY,,2027-06-29,2027-06-29,54000.00,PE,BANKNIFTY27JUN54000PE,0.00,0.00,0.00,1949.60,0.00,1949.60,57885.85,1600.54,0,0,0,0.00,0,F1,30,,,,,
2026-08-12,2026-08-12,FO,NSE,IDO,70793,,BANKNIFTY,,2027-06-29,2027-06-29,57000.00,PE,BANKNIFTY27JUN57000PE,0.00,0.00,0.00,2963.90,0.00,2963.90,57885.85,2551.97,0,0,0,0.00,0,F1,30,,,,,
2026-08-12,2026-08-12,FO,NSE,IDO,58909,,BANKNIFTY,,2026-08-25,2026-08-25,51600.00,PE,BANKNIFTY26AUG51600PE,7.15,8.20,6.00,6.40,6.40,7.60,57885.85,0.76,1860,-90,37,57283557.00,23,F1,30,,,,,
2026-08-12,2026-08-12,FO,NSE,IDO,58737,,BANKNIFTY,,2026-08-25,2026-08-25,47000.00,PE,BANKNIFTY26AUG47000PE,3.55,3.85,2.35,2.70,3.85,3.55,57885.85,2.70,21630,-1080,191,269328517.50,127,F1,30,,,,,
2026-08-12,2026-08-12,FO,NSE,IDO,70794,,BANKNIFTY,,2027-06-29,2027-06-29,58500.00,CE,BANKNIFTY27JUN58500CE,0.00,0.00,0.00,6124.45,0.00,6124.45,57885.85,5804.74,0,0,0,0.00,0,F1,30,,,,,
2026-08-12,2026-08-12,FO,NSE,IDO,53244,,BANKNIFTY,,2026-12-29,2026-12-29,61500.00,CE,BANKNIFTY26DEC61500CE,834.30,960.00,827.25,954.80,954.80,856.25,57885.85,954.80,8400,240,50,93607270.50,43,F1,30,,,,,
2026-08-12,2026-08-12,FO,NSE,IDO,49661,,BANKNIFTY,,2026-10-27,2026-10-27,63600.00,CE,BANKNIFTY26OCT63600CE,0.00,0.00,0.00,576.20,0.00,576.20,57885.85,613.68,0,0,0,0.00,0,F1,30,,,,,
2026-08-12,2026-08-12,FO,NSE,IDO,49653,,BANKNIFTY,,2026-10-27,2026-10-27,63300.00,CE,BANKNIFTY26OCT63300CE,0.00,0.00,0.00,624.90,0.00,624.90,57885.85,669.74,0,0,0,0.00,0,F1,30,,,,,
2026-08-12,2026-08-12,FO,NSE,IDO,49632,,BANKNIFTY,,2026-10-27,2026-10-27,62600.00,CE,BANKNIFTY26OCT62600CE,0.00,0.00,0.00,752.00,0.00,752.00,57885.85,819.13,0,0,0,0.00,0,F1,30,,,,,
2026-08-12,2026-08-12,FO,NSE,IDO,49623,,BANKNIFTY,,2026-10-27,2026-10-27,62200.00,CE,BANKNIFTY26OCT62200CE,0.00,0.00,0.00,833.75,0.00,833.75,57885.85,913.75,0,0,0,0.00,0,F1,30,,,,,
2026-08-12,2026-08-12,FO,NSE,IDO,49597,,BANKNIFTY,,2026-10-27,2026-10-27,61100.00,CE,BANKNIFTY26OCT61100CE,0.00,0.00,0.00,1095.30,0.00,1095.30,57885.85,1219.03,0,0,0,0.00,0,F1,30,,,,,
2026-08-12,2026-08-12,FO,NSE,IDO,49511,,BANKNIFTY,,2026-10-27,2026-10-27,57700.00,CE,BANKNIFTY26OCT57700CE,1728.50,1797.00,1728.50,1797.00,1797.00,1735.55,57885.85,2666.61,330,60,2,3567765.00,2,F1,30,,,,,
2026-08-12,2026-08-12,FO,NSE,IDO,49377,,BANKNIFTY,,2026-10-27,2026-10-27,52500.00,CE,BANKNIFTY26OCT52500CE,0.00,0.00,0.00,5622.65,0.00,5622.65,57885.85,6395.09,0,0,0,0.00,0,F1,30,,,,,
2026-08-12,2026-08-12,FO,NSE,IDO,49355,,BANKNIFTY,,2026-10-27,2026-10-27,51500.00,CE,BANKNIFTY26OCT51500CE,0.00,0.00,0.00,6433.85,0.00,6433.85,57885.85,7275.20,0,0,0,0.00,0,F1,30,,,,,
2026-08-12,2026-08-12,FO,NSE,IDO,70115,,BANKNIFTY,,2026-09-29,2026-09-29,64000.00,CE,BANKNIFTY26SEP64000CE,0.00,0.00,0.00,690.00,0.00,690.00,57885.85,238.40,0,0,0,0.00,0,F1,30,,,,,
2026-08-12,2026-08-12,FO,NSE,IDO,70080,,BANKNIFTY,,2026-09-29,2026-09-29,62200.00,CE,BANKNIFTY26SEP62200CE,0.00,0.00,0.00,1076.90,0.00,1076.90,57885.85,491.88,0,0,0,0.00,0,F1,30,,,,,
2026-08-12,2026-08-12,FO,NSE,IDO,70041,,BANKNIFTY,,2026-09-29,2026-09-29,61600.00,CE,BANKNIFTY26SEP61600CE,0.00,0.00,0.00,1239.60,0.00,1239.60,57885.85,614.34,0,0,0,0.00,0,F1,30,,,,,
2026-08-12,2026-08-12,FO,NSE,IDO,52360,,BANKNIFTY,,2026-09-29,2026-09-29,60000.00,CE,BANKNIFTY26SEP60000CE,285.00,385.15,280.05,370.80,370.00,302.40,57885.85,370.80,193860,22920,5430,9829810455.00,3235,F1,30,,,,,
2026-08-12,2026-08-12,FO,NSE,IDO,69822,,BANKNIFTY,,2026-09-29,2026-09-29,57500.00,CE,BANKNIFTY26SEP57500CE,1250.05,1488.00,1226.30,1453.70,1456.35,1281.65,57885.85,1453.70,360330,326700,13361,23597151184.50,5699,F1,30,,,,,
2026-08-12,2026-08-12,FO,NSE,IDO,69722,,BANKNIFTY,,2026-09-29,2026-09-29,54500.00,CE,BANKNIFTY26SEP54500CE,0.00,0.00,0.00,4075.00,4075.00,4075.00,57885.85,4255.33,240,0,0,0.00,0,F1,30,,,,,
2026-08-12,2026-08-12,FO,NSE,IDO,69676,,BANKNIFTY,,2026-09-29,2026-09-29,52600.00,CE,BANKNIFTY26SEP52600CE,0.00,0.00,0.00,6236.45,0.00,6236.45,57885.85,5888.41,0,0,0,0.00,0,F1,30,,,,,
2026-08-12,2026-08-12,FO,NSE,IDO,52264,,BANKNIFTY,,2026-09-29,2026-09-29,43500.00,CE,BANKNIFTY26SEP43500CE,0.00,0.00,0.00,13878.45,0.00,13878.45,57885.85,14759.54,0,0,0,0.00,0,F1,30,,,,,
2026-08-12,2026-08-12,FO,NSE,IDO,59330,,BANKNIFTY,,2026-08-25,2026-08-25,64500.00,CE,BANKNIFTY26AUG64500CE,2.55,3.40,2.25,2.55,2.35,2.55,57885.85,2.55,38070,9900,2855,5524664937.00,1276,F1,30,,,,,
2026-08-12,2026-08-12,FO,NSE,IDO,59302,,BANKNIFTY,,2026-08-25,2026-08-25,63600.00,CE,BANKNIFTY26AUG63600CE,3.75,4.95,3.25,3.90,3.40,3.15,57885.85,3.90,660,0,55,104946373.50,28,F1,30,,,,,
2026-08-12,2026-08-12,FO,NSE,IDO,59296,,BANKNIFTY,,2026-08-25,2026-08-25,63300.00,CE,BANKNIFTY26AUG63300CE,4.40,4.85,2.55,4.05,4.00,3.55,57885.85,4.05,10770,-3810,273,518456973.00,152,F1,30,,,,,
2026-08-12,2026-08-12,FO,NSE,IDO,59098,,BANKNIFTY,,2026-08-25,2026-08-25,57900.00,CE,BANKNIFTY26AUG57900CE,397.35,622.00,360.00,584.25,581.45,409.90,57885.85,584.25,242820,13350,54793,96011489647.50,43894,F1,30,,,,,
2026-08-12,2026-08-12,FO,NSE,IDO,59079,,BANKNIFTY,,2026-08-25,2026-08-25,57000.00,CE,BANKNIFTY26AUG57000CE,841.00,1246.15,828.00,1192.50,1182.00,908.15,57885.85,1192.50,621450,-13410,27987,48744605002.50,18279,F1,30,,,,,
2026-08-12,2026-08-12,FO,NSE,IDO,58972,,BANKNIFTY,,2026-08-25,2026-08-25,53800.00,CE,BANKNIFTY26AUG53800CE,0.00,0.00,0.00,4091.70,4091.70,4091.70,57885.85,4223.39,90,0,0,0.00,0,F1,30,,,,,
2026-08-12,2026-08-12,FO,NSE,IDO,58876,,BANKNIFTY,,2026-08-25,2026-08-25,50900.00,CE,BANKNIFTY26AUG50900CE,0.00,0.00,0.00,5523.50,0.00,5523.50,57885.85,7095.80,0,0,0,0.00,0,F1,30,,,,,
2026-08-12,2026-08-12,FO,NSE,IDO,58842,,BANKNIFTY,,2026-08-25,2026-08-25,49600.00,CE,BANKNIFTY26AUG49600CE,0.00,0.00,0.00,6585.05,0.00,6585.05,57885.85,8392.80,0,0,0,0.00,0,F1,30,,,,,
2026-08-12,2026-08-12,FO,NSE,IDO,58981,,BANKNIFTY,,2026-08-25,2026-08-25,54100.00,PE,BANKNIFTY26AUG54100PE,20.45,20.55,12.40,12.95,13.05,20.10,57885.85,12.95,16620,3900,1459,2368629880.50,1153,F1,30,,,,,
2026-08-12,2026-08-12,FO,NSE,IDO,59005,,BANKNIFTY,,2026-08-25,2026-08-25,55000.00,PE,BANKNIFTY26AUG55000PE,40.90,47.45,22.90,23.95,23.65,43.20,57885.85,23.95,564390,39780,54031,89200530084.00,27898,F1,30,,,,,
2026-08-12,2026-08-12,FO,NSE,IDO,59078,,BANKNIFTY,,2026-08-25,2026-08-25,56900.00,PE,BANKNIFTY26AUG56900PE,296.85,341.65,165.25,170.65,168.65,303.50,57885.85,170.65,123120,13350,17190,29460990375.00,13518,F1,30,,,,,
2026-08-12,2026-08-12,FO,NSE,IDO,59123,,BANKNIFTY,,2026-08-25,2026-08-25,58300.00,PE,BANKNIFTY26AUG58300PE,1048.30,1058.70,653.30,678.60,686.90,979.10,57885.85,678.60,73680,-990,15539,27563716356.00,7988,F1,30,,,,,
2026-08-12,2026-08-12,FO,NSE,IDO,49411,,BANKNIFTY,,2026-10-27,2026-10-27,53800.00,CE,BANKNIFTY26OCT53800CE,0.00,0.00,0.00,4645.75,0.00,4645.75,57885.85,5314.50,0,0,0,0.00,0,F1,30,,,,,
2026-08-12,2026-08-12,FO,NSE,IDO,49403,,BANKNIFTY,,2026-10-27,2026-10-27,53500.00,CE,BANKNIFTY26OCT53500CE,0.00,0.00,0.00,4863.70,0.00,4863.70,57885.85,5556.62,0,0,0,0.00,0,F1,30,,,,,
2026-08-12,2026-08-12,FO,NSE,IDO,49320,,BANKNIFTY,,2026-10-27,2026-10-27,50500.00,CE,BANKNIFTY26OCT50500CE,0.00,0.00,0.00,7288.15,0.00,7288.15,57885.85,8188.34,0,0,0,0.00,0,F1,30,,,,,
2026-08-12,2026-08-12,FO,NSE,IDO,49310,,BANKNIFTY,,2026-10-27,2026-10-27,50000.00,CE,BANKNIFTY26OCT50000CE,0.00,0.00,0.00,8600.00,8600.00,8600.00,57885.85,8654.74,90,0,0,0.00,0,F1,30,,,,,
2026-08-12,2026-08-12,FO,NSE,IDO,70091,,BANKNIFTY,,2026-09-29,2026-09-29,62700.00,CE,BANKNIFTY26SEP62700CE,0.00,0.00,0.00,957.70,0.00,957.70,57885.85,405.72,0,0,0,0.00,0,F1,30,,,,,
2026-08-12,2026-08-12,FO,NSE,IDO,70084,,BANKNIFTY,,2026-09-29,2026-09-29,62400.00,CE,BANKNIFTY26SEP62400CE,0.00,0.00,0.00,1029.20,0.00,1029.20,57885.85,455.78,0,0,0,0.00,0,F1,30,,,,,
2026-08-12,2026-08-12,FO,NSE,IDO,70027,,BANKNIFTY,,2026-09-29,2026-09-29,60900.00,CE,BANKNIFTY26SEP60900CE,0.00,0.00,0.00,1453.10,0.00,1453.10,57885.85,786.10,0,0,0,0.00,0,F1,30,,,,,
2026-08-12,2026-08-12,FO,NSE,IDO,70011,,BANKNIFTY,,2026-09-29,2026-09-29,60100.00,CE,BANKNIFTY26SEP60100CE,0.00,0.00,0.00,1730.30,0.00,1730.30,57885.85,1027.11,0,0,0,0.00,0,F1,30,,,,,
2026-08-12,2026-08-12,FO,NSE,IDO,69853,,BANKNIFTY,,2026-09-29,2026-09-29,58600.00,CE,BANKNIFTY26SEP58600CE,0.00,0.00,0.00,881.35,883.75,881.35,57885.85,1620.98,4950,0,0,0.00,0,F1,30,,,,,
2026-08-12,2026-08-12,FO,NSE,IDO,69832,,BANKNIFTY,,2026-09-29,2026-09-29,57900.00,CE,BANKNIFTY26SEP57900CE,1042.50,1246.15,1042.50,1227.70,1240.85,1066.75,57885.85,1227.70,10110,2400,272,481887745.50,195,F1,30,,,,,
2026-08-12,2026-08-12,FO,NSE,IDO,52334,,BANKNIFTY,,2026-09-29,2026-09-29,57000.00,CE,BANKNIFTY26SEP57000CE,1572.80,1833.80,1520.00,1799.40,1789.00,1592.80,57885.85,1799.40,46170,300,935,1646997702.00,701,F1,30,,,,,
2026-08-12,2026-08-12,FO,NSE,IDO,69783,,BANKNIFTY,,2026-09-29,2026-09-29,55800.00,CE,BANKNIFTY26SEP55800CE,0.00,0.00,0.00,3895.05,0.00,3895.05,57885.85,3267.46,0,0,0,0.00,0,F1,30,,,,,
2026-08-12,2026-08-12,FO,NSE,IDO,69775,,BANKNIFTY,,2026-09-29,2026-09-29,55300.00,CE,BANKNIFTY26SEP55300CE,0.00,0.00,0.00,4222.45,0.00,4222.45,57885.85,3633.01,0,0,0,0.00,0,F1,30,,,,,
2026-08-12,2026-08-12,FO,NSE,IDO,69767,,BANKNIFTY,,2026-09-29,2026-09-29,55000.00,CE,BANKNIFTY26SEP55000CE,3100.00,3465.00,3100.00,3457.05,3457.05,3119.65,57885.85,3457.05,25680,3960,178,311615943.00,91,F1,30,,,,,
2026-08-12,2026-08-12,FO,NSE,IDO,69690,,BANKNIFTY,,2026-09-29,2026-09-29,53300.00,CE,BANKNIFTY26SEP53300CE,0.00,0.00,0.00,5678.00,0.00,5678.00,57885.85,5265.12,0,0,0,0.00,0,F1,30,,,,,
2026-08-12,2026-08-12,FO,NSE,IDO,69680,,BANKNIFTY,,2026-09-29,2026-09-29,52800.00,CE,BANKNIFTY26SEP52800CE,0.00,0.00,0.00,6074.55,0.00,6074.55,57885.85,5708.14,0,0,0,0.00,0,F1,30,,,,,
2026-08-12,2026-08-12,FO,NSE,IDO,69666,,BANKNIFTY,,2026-09-29,2026-09-29,52000.00,CE,BANKNIFTY26SEP52000CE,0.00,0.00,0.00,5950.00,5950.00,5950.00,57885.85,6438.39,270,0,0,0.00,0,F1,30,,,,,
2026-08-12,2026-08-12,FO,NSE,IDO,52282,,BANKNIFTY,,2026-09-29,2026-09-29,51000.00,CE,BANKNIFTY26SEP51000CE,0.00,0.00,0.00,7836.25,0.00,7836.25,57885.85,7379.71,0,0,0,0.00,0,F1,30,,,,,
2026-08-12,2026-08-12,FO,NSE,IDO,59221,,BANKNIFTY,,2026-08-25,2026-08-25,61000.00,CE,BANKNIFTY26AUG61000CE,10.95,15.00,9.55,13.60,14.90,11.40,57885.85,13.60,709980,57420,26466,48442402299.00,12854,F1,30,,,,,
2026-08-12,2026-08-12,FO,NSE,IDO,59167,,BANKNIFTY,,2026-08-25,2026-08-25,60000.00,CE,BANKNIFTY26AUG60000CE,28.00,46.00,25.10,40.70,42.50,30.10,57885.85,40.70,1363230,-98040,64614,116373702109.50,30991,F1,30,,,,,
2026-08-12,2026-08-12,FO,NSE,IDO,59119,,BANKNIFTY,,2026-08-25,2026-08-25,58300.00,CE,BANKNIFTY26AUG58300CE,250.00,422.95,221.85,388.85,390.45,262.10,57885.85,388.85,162570,-37410,27535,48432763342.50,21847,F1,30,,,,,
2026-08-12,2026-08-12,FO,NSE,IDO,59108,,BANKNIFTY,,2026-08-25,2026-08-25,58000.00,CE,BANKNIFTY26AUG58000CE,351.65,565.00,321.00,529.25,529.05,365.80,57885.85,529.25,2126970,-243060,179920,315541951312.50,116661,F1,30,,,,,
2026-08-12,2026-08-12,FO,NSE,IDO,59090,,BANKNIFTY,,2026-08-25,2026-08-25,57500.00,CE,BANKNIFTY26AUG57500CE,603.75,868.25,538.65,825.40,805.10,603.50,57885.85,825.40,573060,-143790,141395,246928259467.50,92924,F1,30,,,,,
2026-08-12,2026-08-12,FO,NSE,IDO,59000,,BANKNIFTY,,2026-08-25,2026-08-25,54800.00,CE,BANKNIFTY26AUG54800CE,0.00,0.00,0.00,3120.10,3120.10,3120.10,57885.85,3273.22,0,0,0,0.00,0,F1,30,,,,,
2026-08-12,2026-08-12,FO,NSE,IDO,58918,,BANKNIFTY,,2026-08-25,2026-08-25,51900.00,CE,BANKNIFTY26AUG51900CE,0.00,0.00,0.00,4766.95,0.00,4766.95,57885.85,6099.04,0,0,0,0.00,0,F1,30,,,,,
2026-08-12,2026-08-12,FO,NSE,IDO,58862,,BANKNIFTY,,2026-08-25,2026-08-25,50300.00,CE,BANKNIFTY26AUG50300CE,0.00,0.00,0.00,6003.65,0.00,6003.65,57885.85,7694.36,0,0,0,0.00,0,F1,30,,,,,
2026-08-12,2026-08-12,FO,NSE,IDO,58852,,BANKNIFTY,,2026-08-25,2026-08-25,50000.00,CE,BANKNIFTY26AUG50000CE,7800.00,7963.80,7668.00,7963.80,7963.80,7592.25,57885.85,7993.68,112440,630,42,72752587.50,26,F1,30,,,,,
2026-08-12,2026-08-12,FO,NSE,IDO,58848,,BANKNIFTY,,2026-08-25,2026-08-25,49800.00,CE,BANKNIFTY26AUG49800CE,0.00,0.00,0.00,6416.75,0.00,6416.75,57885.85,8193.24,0,0,0,0.00,0,F1,30,,,,,
2026-08-12,2026-08-12,FO,NSE,IDO,58810,,BANKNIFTY,,2026-08-25,2026-08-25,48900.00,CE,BANKNIFTY26AUG48900CE,0.00,0.00,0.00,7186.90,0.00,7186.90,57885.85,9091.28,0,0,0,0.00,0,F1,30,,,,,
2026-08-12,2026-08-12,FO,NSE,IDF,48699,,BANKNIFTY,,2026-10-27,2026-10-27,,,BANKNIFTY26OCTFUT,58201.20,58750.00,58157.20,58703.80,58685.00,58300.80,57885.85,58703.80,26970,-3030,546,958802022.00,402,F1,30,,,,,
2026-08-12,2026-08-12,FO,NSE,IDF,58067,,BANKNIFTY,,2026-08-25,2026-08-25,,,BANKNIFTY26AUGFUT,57576.00,58088.80,57464.20,58007.40,58000.00,57576.20,57885.85,58007.40,2072640,5340,20355,35337315516.00,13461,F1,30,,,,,
2026-08-12,2026-08-12,FO,NSE,IDO,49505,,BANKNIFTY,,2026-10-27,2026-10-27,57500.00,CE,BANKNIFTY26OCT57500CE,1850.00,1930.00,1741.95,1930.00,1930.00,1722.15,57885.85,1930.00,4590,1110,102,181590252.00,77,F1,30,,,,,
2026-08-12,2026-08-12,FO,NSE,IDO,49519,,BANKNIFTY,,2026-10-27,2026-10-27,58000.00,CE,BANKNIFTY26OCT58000CE,1410.00,1669.90,1410.00,1623.10,1629.45,1413.65,57885.85,1623.10,17340,2670,254,453586900.50,191,F1,30,,,,,
2026-08-12,2026-08-12,FO,NSE,IDO,49595,,BANKNIFTY,,2026-10-27,2026-10-27,61000.00,CE,BANKNIFTY26OCT61000CE,347.25,435.45,347.25,412.45,405.70,353.15,57885.85,412.45,7410,420,128,235761393.00,95,F1,30,,,,,
2026-08-12,2026-08-12,FO,NSE,IDO,49611,,BANKNIFTY,,2026-10-27,2026-10-27,61700.00,CE,BANKNIFTY26OCT61700CE,0.00,0.00,0.00,947.70,0.00,947.70,57885.85,1042.48,0,0,0,0.00,0,F1,30,,,,,
2026-08-12,2026-08-12,FO,NSE,IDO,49627,,BANKNIFTY,,2026-10-27,2026-10-27,62400.00,CE,BANKNIFTY26OCT62400CE,0.00,0.00,0.00,792.00,0.00,792.00,57885.85,865.39,0,0,0,0.00,0,F1,30,,,,,
2026-08-12,2026-08-12,FO,NSE,IDO,49638,,BANKNIFTY,,2026-10-27,2026-10-27,62700.00,CE,BANKNIFTY26OCT62700CE,0.00,0.00,0.00,732.65,0.00,732.65,57885.85,796.78,0,0,0,0.00,0,F1,30,,,,,
2026-08-12,2026-08-12,FO,NSE,IDO,70800,,BANKNIFTY,,2027-06-29,2027-06-29,63000.00,CE,BANKNIFTY27JUN63000CE,0.00,0.00,0.00,4124.65,0.00,4124.65,57885.85,3758.90,0,0,0,0.00,0,F1,30,,,,,
2026-08-12,2026-08-12,FO,NSE,IDO,58819,,BANKNIFTY,,2026-08-25,2026-08-25,49300.00,PE,BANKNIFTY26AUG49300PE,0.00,0.00,0.00,5.05,5.05,5.05,57885.85,0.01,1830,0,0,0.00,0,F1,30,,,,,
2026-08-12,2026-08-12,FO,NSE,IDO,58841,,BANKNIFTY,,2026-08-25,2026-08-25,49500.00,PE,BANKNIFTY26AUG49500PE,4.75,6.05,4.05,4.65,4.05,5.00,57885.85,4.65,8220,-720,77,114355908.00,65,F1,30,,,,,
2026-08-12,2026-08-12,FO,NSE,IDO,58851,,BANKNIFTY,,2026-08-25,2026-08-25,49900.00,PE,BANKNIFTY26AUG49900PE,5.35,5.35,5.35,5.35,5.35,5.35,57885.85,0.03,450,180,6,8982963.00,6,F1,30,,,,,
2026-08-12,2026-08-12,FO,NSE,IDO,58911,,BANKNIFTY,,2026-08-25,2026-08-25,51700.00,PE,BANKNIFTY26AUG51700PE,6.20,7.95,4.90,6.10,5.50,7.70,57885.85,6.10,1950,180,106,164426430.00,67,F1,30,,,,,
2026-08-12,2026-08-12,FO,NSE,IDO,58961,,BANKNIFTY,,2026-08-25,2026-08-25,53500.00,PE,BANKNIFTY26AUG53500PE,14.30,14.30,9.05,9.80,10.35,14.30,57885.85,9.80,144000,17310,11819,18973484248.50,7262,F1,30,,,,,
2026-08-12,2026-08-12,FO,NSE,IDO,58997,,BANKNIFTY,,2026-08-25,2026-08-25,54600.00,PE,BANKNIFTY26AUG54600PE,30.10,31.05,16.85,17.55,17.45,29.40,57885.85,17.55,32760,3930,3009,4930704276.00,2353,F1,30,,,,,
2026-08-12,2026-08-12,FO,NSE,IDO,59060,,BANKNIFTY,,2026-08-25,2026-08-25,56700.00,PE,BANKNIFTY26AUG56700PE,248.45,280.85,134.00,137.70,136.05,248.45,57885.85,137.70,101640,13080,11823,20176426612.50,9641,F1,30,,,,,
2026-08-12,2026-08-12,FO,NSE,IDO,59162,,BANKNIFTY,,2026-08-25,2026-08-25,59700.00,PE,BANKNIFTY26AUG59700PE,0.00,0.00,0.00,1926.80,1926.80,1926.80,57885.85,1990.05,630,0,0,0.00,0,F1,30,,,,,
2026-08-12,2026-08-12,FO,NSE,IDO,59231,,BANKNIFTY,,2026-08-25,2026-08-25,61300.00,PE,BANKNIFTY26AUG61300PE,0.00,0.00,0.00,5960.15,0.00,5960.15,57885.85,3363.06,0,0,0,0.00,0,F1,30,,,,,
2026-08-12,2026-08-12,FO,NSE,IDO,59313,,BANKNIFTY,,2026-08-25,2026-08-25,63800.00,PE,BANKNIFTY26AUG63800PE,0.00,0.00,0.00,8088.80,0.00,8088.80,57885.85,5782.10,0,0,0,0.00,0,F1,30,,,,,
2026-08-12,2026-08-12,FO,NSE,IDO,59320,,BANKNIFTY,,2026-08-25,2026-08-25,64100.00,PE,BANKNIFTY26AUG64100PE,0.00,0.00,0.00,8356.45,0.00,8356.45,57885.85,6079.73,0,0,0,0.00,0,F1,30,,,,,
2026-08-12,2026-08-12,FO,NSE,IDO,69705,,BANKNIFTY,,2026-09-29,2026-09-29,54100.00,PE,BANKNIFTY26SEP54100PE,0.00,0.00,0.00,796.95,0.00,796.95,57885.85,332.04,0,0,0,0.00,0,F1,30,,,,,
2026-08-12,2026-08-12,FO,NSE,IDO,69807,,BANKNIFTY,,2026-09-29,2026-09-29,56700.00,PE,BANKNIFTY26SEP56700PE,501.45,508.35,395.05,399.45,399.40,535.70,57885.85,399.45,5070,0,74,126839247.00,48,F1,30,,,,,
2026-08-12,2026-08-12,FO,NSE,IDO,69827,,BANKNIFTY,,2026-09-29,2026-09-29,57700.00,PE,BANKNIFTY26SEP57700PE,819.40,867.10,697.95,708.20,710.00,932.45,57885.85,708.20,7650,2970,327,573731920.50,271,F1,30,,,,,
2026-08-12,2026-08-12,FO,NSE,IDO,69839,,BANKNIFTY,,2026-09-29,2026-09-29,58000.00,PE,BANKNIFTY26SEP58000PE,1081.55,1107.60,811.00,827.70,811.00,1047.45,57885.85,827.70,311190,65070,5276,9326362128.00,3726,F1,30,,,,,
2026-08-12,2026-08-12,FO,NSE,IDO,70081,,BANKNIFTY,,2026-09-29,2026-09-29,62200.00,PE,BANKNIFTY26SEP62200PE,0.00,0.00,0.00,4779.90,0.00,4779.90,57885.85,4271.75,0,0,0,0.00,0,F1,30,,,,,
2026-08-12,2026-08-12,FO,NSE,IDO,70087,,BANKNIFTY,,2026-09-29,2026-09-29,62500.00,PE,BANKNIFTY26SEP62500PE,0.00,0.00,0.00,5003.35,0.00,5003.35,57885.85,4515.85,0,0,0,0.00,0,F1,30,,,,,
2026-08-12,2026-08-12,FO,NSE,IDO,70100,,BANKNIFTY,,2026-09-29,2026-09-29,63200.00,PE,BANKNIFTY26SEP63200PE,0.00,0.00,0.00,5532.80,0.00,5532.80,57885.85,5103.72,0,0,0,0.00,0,F1,30,,,,,
2026-08-12,2026-08-12,FO,NSE,IDO,70116,,BANKNIFTY,,2026-09-29,2026-09-29,64000.00,PE,BANKNIFTY26SEP64000PE,0.00,0.00,0.00,6165.45,0.00,6165.45,57885.85,5802.81,0,0,0,0.00,0,F1,30,,,,,
2026-08-12,2026-08-12,FO,NSE,IDO,49364,,BANKNIFTY,,2026-10-27,2026-10-27,51800.00,PE,BANKNIFTY26OCT51800PE,0.00,0.00,0.00,452.00,0.00,452.00,57885.85,218.73,0,0,0,0.00,0,F1,30,,,,,
2026-08-12,2026-08-12,FO,NSE,IDO,49404,,BANKNIFTY,,2026-10-27,2026-10-27,53500.00,PE,BANKNIFTY26OCT53500PE,0.00,0.00,0.00,804.60,0.00,804.60,57885.85,444.97,0,0,0,0.00,0,F1,30,,,,,
2026-08-12,2026-08-12,FO,NSE,IDO,49528,,BANKNIFTY,,2026-10-27,2026-10-27,58300.00,PE,BANKNIFTY26OCT58300PE,0.00,0.00,0.00,2727.15,0.00,2727.15,57885.85,1975.59,0,0,0,0.00,0,F1,30,,,,,
2026-08-12,2026-08-12,FO,NSE,IDO,49576,,BANKNIFTY,,2026-10-27,2026-10-27,60100.00,PE,BANKNIFTY26OCT60100PE,0.00,0.00,0.00,2234.15,2234.15,2234.15,57885.85,2961.70,150,0,0,0.00,0,F1,30,,,,,
2026-08-12,2026-08-12,FO,NSE,IDO,49582,,BANKNIFTY,,2026-10-27,2026-10-27,60400.00,PE,BANKNIFTY26OCT60400PE,0.00,0.00,0.00,4031.35,0.00,4031.35,57885.85,3147.71,0,0,0,0.00,0,F1,30,,,,,
2026-08-12,2026-08-12,FO,NSE,IDO,49614,,BANKNIFTY,,2026-10-27,2026-10-27,61700.00,PE,BANKNIFTY26OCT61700PE,0.00,0.00,0.00,4965.40,0.00,4965.40,57885.85,4019.59,0,0,0,0.00,0,F1,30,,,,,
2026-08-12,2026-08-12,FO,NSE,IDO,49650,,BANKNIFTY,,2026-10-27,2026-10-27,63100.00,PE,BANKNIFTY26OCT63100PE,0.00,0.00,0.00,6055.95,0.00,6055.95,57885.85,5067.51,0,0,0,0.00,0,F1,30,,,,,
2026-08-12,2026-08-12,FO,NSE,IDO,49660,,BANKNIFTY,,2026-10-27,2026-10-27,63500.00,PE,BANKNIFTY26OCT63500PE,0.00,0.00,0.00,6382.75,0.00,6382.75,57885.85,5384.61,0,0,0,0.00,0,F1,30,,,,,
2026-08-12,2026-08-12,FO,NSE,IDO,53223,,BANKNIFTY,,2026-12-29,2026-12-29,52500.00,PE,BANKNIFTY26DEC52500PE,265.00,265.00,217.00,219.65,220.00,265.00,57885.85,219.65,3030,750,34,53782599.00,28,F1,30,,,,,
2026-08-12,2026-08-12,FO,NSE,IDO,53241,,BANKNIFTY,,2026-12-29,2026-12-29,60000.00,PE,BANKNIFTY26DEC60000PE,2248.70,2316.95,1980.00,2018.80,2000.15,2225.00,57885.85,2018.80,17730,-840,135,251450371.50,110,F1,30,,,,,
2026-08-12,2026-08-12,FO,NSE,IDO,53249,,BANKNIFTY,,2026-12-29,2026-12-29,64500.00,PE,BANKNIFTY26DEC64500PE,0.00,0.00,0.00,4582.05,0.00,4582.05,57885.85,6202.57,0,0,0,0.00,0,F1,30,,,,,
2026-08-12,2026-08-12,FO,NSE,IDO,70797,,BANKNIFTY,,2027-06-29,2027-06-29,60000.00,PE,BANKNIFTY27JUN60000PE,0.00,0.00,0.00,4251.70,0.00,4251.70,57885.85,3801.05,0,0,0,0.00,0,F1,30,,,,,
2026-08-12,2026-08-12,FO,NSE,IDO,49471,,BANKNIFTY,,2026-10-27,2026-10-27,56200.00,CE,BANKNIFTY26OCT56200CE,0.00,0.00,0.00,3101.20,0.00,3101.20,57885.85,3564.94,0,0,0,0.00,0,F1,30,,,,,
2026-08-12,2026-08-12,FO,NSE,IDO,49427,,BANKNIFTY,,2026-10-27,2026-10-27,54600.00,CE,BANKNIFTY26OCT54600CE,0.00,0.00,0.00,4089.00,0.00,4089.00,57885.85,4692.65,0,0,0,0.00,0,F1,30,,,,,
2026-08-12,2026-08-12,FO,NSE,IDO,58983,,BANKNIFTY,,2026-08-25,2026-08-25,54200.00,PE,BANKNIFTY26AUG54200PE,20.40,20.40,13.15,13.70,14.15,21.15,57885.85,13.70,20280,5640,1532,2491794747.00,1241,F1,30,,,,,
2026-08-12,2026-08-12,FO,NSE,IDO,59007,,BANKNIFTY,,2026-08-25,2026-08-25,55100.00,PE,BANKNIFTY26AUG55100PE,47.10,51.65,24.80,25.70,25.70,47.50,57885.85,25.70,100920,6420,6643,10987407007.50,4177,F1,30,,,,,
2026-08-12,2026-08-12,FO,NSE,IDO,59191,,BANKNIFTY,,2026-08-25,2026-08-25,60300.00,PE,BANKNIFTY26AUG60300PE,0.00,0.00,0.00,2680.00,2680.00,2680.00,57885.85,2476.32,30,0,0,0.00,0,F1,30,,,,,
2026-08-12,2026-08-12,FO,NSE,IDO,59259,,BANKNIFTY,,2026-08-25,2026-08-25,62200.00,PE,BANKNIFTY26AUG62200PE,0.00,0.00,0.00,6702.95,0.00,6702.95,57885.85,4213.65,0,0,0,0.00,0,F1,30,,,,,
2026-08-12,2026-08-12,FO,NSE,IDO,59273,,BANKNIFTY,,2026-08-25,2026-08-25,62600.00,PE,BANKNIFTY26AUG62600PE,0.00,0.00,0.00,7042.20,0.00,7042.20,57885.85,4601.19,0,0,0,0.00,0,F1,30,,,,,
2026-08-12,2026-08-12,FO,NSE,IDO,59291,,BANKNIFTY,,2026-08-25,2026-08-25,63200.00,PE,BANKNIFTY26AUG63200PE,0.00,0.00,0.00,7560.40,0.00,7560.40,57885.85,5189.14,0,0,0,0.00,0,F1,30,,,,,
2026-08-12,2026-08-12,FO,NSE,IDO,69707,,BANKNIFTY,,2026-09-29,2026-09-29,54200.00,PE,BANKNIFTY26SEP54200PE,0.00,0.00,0.00,823.90,0.00,823.90,57885.85,348.43,0,0,0,0.00,0,F1,30,,,,,
2026-08-12,2026-08-12,FO,NSE,IDO,69659,,BANKNIFTY,,2026-09-29,2026-09-29,51600.00,PE,BANKNIFTY26SEP51600PE,0.00,0.00,0.00,337.70,0.00,337.70,57885.85,82.59,0,0,0,0.00,0,F1,30,,,,,
2026-08-12,2026-08-12,FO,NSE,IDO,69689,,BANKNIFTY,,2026-09-29,2026-09-29,53200.00,PE,BANKNIFTY26SEP53200PE,0.00,0.00,0.00,597.40,0.00,597.40,57885.85,209.97,0,0,0,0.00,0,F1,30,,,,,
2026-08-12,2026-08-12,FO,NSE,IDO,69701,,BANKNIFTY,,2026-09-29,2026-09-29,53800.00,PE,BANKNIFTY26SEP53800PE,0.00,0.00,0.00,725.75,0.00,725.75,57885.85,286.43,0,0,0,0.00,0,F1,30,,,,,
2026-08-12,2026-08-12,FO,NSE,IDO,70795,,BANKNIFTY,,2027-06-29,2027-06-29,58500.00,PE,BANKNIFTY27JUN58500PE,0.00,0.00,0.00,3574.05,0.00,3574.05,57885.85,3139.41,0,0,0,0.00,0,F1,30,,,,,
2026-08-12,2026-08-12,FO,NSE,IDO,49667,,BANKNIFTY,,2026-10-27,2026-10-27,63800.00,PE,BANKNIFTY26OCT63800PE,0.00,0.00,0.00,6631.70,0.00,6631.70,57885.85,5627.12,0,0,0,0.00,0,F1,30,,,,,
2026-08-12,2026-08-12,FO,NSE,IDO,49648,,BANKNIFTY,,2026-10-27,2026-10-27,63000.00,PE,BANKNIFTY26OCT63000PE,0.00,0.00,0.00,5975.20,0.00,5975.20,57885.85,4989.40,0,0,0,0.00,0,F1,30,,,,,
2026-08-12,2026-08-12,FO,NSE,IDO,49428,,BANKNIFTY,,2026-10-27,2026-10-27,54600.00,PE,BANKNIFTY26OCT54600PE,0.00,0.00,0.00,1113.35,0.00,1113.35,57885.85,666.08,0,0,0,0.00,0,F1,30,,,,,
2026-08-12,2026-08-12,FO,NSE,IDO,49426,,BANKNIFTY,,2026-10-27,2026-10-27,54500.00,PE,BANKNIFTY26OCT54500PE,0.00,0.00,0.00,1081.95,0.00,1081.95,57885.85,643.18,0,0,0,0.00,0,F1,30,,,,,
2026-08-12,2026-08-12,FO,NSE,IDO,49392,,BANKNIFTY,,2026-10-27,2026-10-27,53200.00,PE,BANKNIFTY26OCT53200PE,0.00,0.00,0.00,729.60,0.00,729.60,57885.85,395.69,0,0,0,0.00,0,F1,30,,,,,
2026-08-12,2026-08-12,FO,NSE,IDO,49386,,BANKNIFTY,,2026-10-27,2026-10-27,52900.00,PE,BANKNIFTY26OCT52900PE,0.00,0.00,0.00,661.70,0.00,661.70,57885.85,350.71,0,0,0,0.00,0,F1,30,,,,,
2026-08-12,2026-08-12,FO,NSE,IDO,52440,,BANKNIFTY,,2026-09-29,2026-09-29,69000.00,PE,BANKNIFTY26SEP69000PE,0.00,0.00,0.00,9000.00,9000.00,9000.00,57885.85,10541.97,120,0,0,0.00,0,F1,30,,,,,
2026-08-12,2026-08-12,FO,NSE,IDO,70098,,BANKNIFTY,,2026-09-29,2026-09-29,63100.00,PE,BANKNIFTY26SEP63100PE,0.00,0.00,0.00,5455.60,0.00,5455.60,57885.85,5018.28,0,0,0,0.00,0,F1,30,,,,,
2026-08-12,2026-08-12,FO,NSE,IDO,70092,,BANKNIFTY,,2026-09-29,2026-09-29,62700.00,PE,BANKNIFTY26SEP62700PE,0.00,0.00,0.00,5153.10,0.00,5153.10,57885.85,4681.30,0,0,0,0.00,0,F1,30,,,,,
2026-08-12,2026-08-12,FO,NSE,IDO,70024,,BANKNIFTY,,2026-09-29,2026-09-29,60700.00,PE,BANKNIFTY26SEP60700PE,0.00,0.00,0.00,3745.00,0.00,3745.00,57885.85,3134.53,0,0,0,0.00,0,F1,30,,,,,
2026-08-12,2026-08-12,FO,NSE,IDO,70022,,BANKNIFTY,,2026-09-29,2026-09-29,60600.00,PE,BANKNIFTY26SEP60600PE,0.00,0.00,0.00,3680.35,0.00,3680.35,57885.85,3064.35,0,0,0,0.00,0,F1,30,,,,,
2026-08-12,2026-08-12,FO,NSE,IDO,70010,,BANKNIFTY,,2026-09-29,2026-09-29,59900.00,PE,BANKNIFTY26SEP59900PE,0.00,0.00,0.00,3243.70,0.00,3243.70,57885.85,2594.86,0,0,0,0.00,0,F1,30,,,,,
2026-08-12,2026-08-12,FO,NSE,IDO,69918,,BANKNIFTY,,2026-09-29,2026-09-29,59400.00,PE,BANKNIFTY26SEP59400PE,0.00,0.00,0.00,2949.60,0.00,2949.60,57885.85,2284.03,0,0,0,0.00,0,F1,30,,,,,
2026-08-12,2026-08-12,FO,NSE,IDO,69800,,BANKNIFTY,,2026-09-29,2026-09-29,56400.00,PE,BANKNIFTY26SEP56400PE,0.00,0.00,0.00,1514.55,0.00,1514.55,57885.85,886.18,0,0,0,0.00,0,F1,30,,,,,
2026-08-12,2026-08-12,FO,NSE,IDO,69798,,BANKNIFTY,,2026-09-29,2026-09-29,56300.00,PE,BANKNIFTY26SEP56300PE,459.95,474.15,317.50,323.50,317.50,443.80,57885.85,323.50,4410,-1740,152,258405562.50,98,F1,30,,,,,
2026-08-12,2026-08-12,FO,NSE,IDO,69762,,BANKNIFTY,,2026-09-29,2026-09-29,54700.00,PE,BANKNIFTY26SEP54700PE,0.00,0.00,0.00,955.70,0.00,955.70,57885.85,439.86,0,0,0,0.00,0,F1,30,,,,,
2026-08-12,2026-08-12,FO,NSE,IDO,58818,,BANKNIFTY,,2026-08-25,2026-08-25,49300.00,CE,BANKNIFTY26AUG49300CE,0.00,0.00,0.00,6840.65,0.00,6840.65,57885.85,8692.15,0,0,0,0.00,0,F1,30,,,,,
2026-08-12,2026-08-12,FO,NSE,IDO,58922,,BANKNIFTY,,2026-08-25,2026-08-25,52100.00,CE,BANKNIFTY26AUG52100CE,0.00,0.00,0.00,4621.65,0.00,4621.65,57885.85,5899.98,0,0,0,0.00,0,F1,30,,,,,
2026-08-12,2026-08-12,FO,NSE,IDO,58926,,BANKNIFTY,,2026-08-25,2026-08-25,52300.00,CE,BANKNIFTY26AUG52300CE,0.00,0.00,0.00,4478.75,0.00,4478.75,57885.85,5701.11,0,0,0,0.00,0,F1,30,,,,,
2026-08-12,2026-08-12,FO,NSE,IDO,58936,,BANKNIFTY,,2026-08-25,2026-08-25,52800.00,CE,BANKNIFTY26AUG52800CE,0.00,0.00,0.00,4130.40,0.00,4130.40,57885.85,5205.11,0,0,0,0.00,0,F1,30,,,,,
2026-08-12,2026-08-12,FO,NSE,IDO,58938,,BANKNIFTY,,2026-08-25,2026-08-25,52900.00,CE,BANKNIFTY26AUG52900CE,0.00,0.00,0.00,4063.05,0.00,4063.05,57885.85,5106.19,0,0,0,0.00,0,F1,30,,,,,
2026-08-12,2026-08-12,FO,NSE,IDO,58960,,BANKNIFTY,,2026-08-25,2026-08-25,53500.00,CE,BANKNIFTY26AUG53500CE,0.00,0.00,0.00,4214.55,4227.00,4214.55,57885.85,4515.78,7800,0,0,0.00,0,F1,30,,,,,
2026-08-12,2026-08-12,FO,NSE,IDO,58990,,BANKNIFTY,,2026-08-25,2026-08-25,54500.00,CE,BANKNIFTY26AUG54500CE,3114.50,3114.50,3114.50,3114.50,3114.50,3130.00,57885.85,3553.16,3450,0,1,1728435.00,1,F1,30,,,,,
2026-08-12,2026-08-12,FO,NSE,IDO,58998,,BANKNIFTY,,2026-08-25,2026-08-25,54700.00,CE,BANKNIFTY26AUG54700CE,0.00,0.00,0.00,2961.05,0.00,2961.05,57885.85,3365.93,0,0,0,0.00,0,F1,30,,,,,
2026-08-12,2026-08-12,FO,NSE,IDO,59014,,BANKNIFTY,,2026-08-25,2026-08-25,55500.00,CE,BANKNIFTY26AUG55500CE,2250.00,2558.00,2236.80,2535.00,2535.00,2148.25,57885.85,2535.00,14790,-240,59,102459318.00,47,F1,30,,,,,
2026-08-12,2026-08-12,FO,NSE,IDO,59083,,BANKNIFTY,,2026-08-25,2026-08-25,57200.00,CE,BANKNIFTY26AUG57200CE,740.80,1083.90,701.00,1044.55,1029.70,780.10,57885.85,1044.55,88020,-25170,11868,20686471164.00,9024,F1,30,,,,,
2026-08-12,2026-08-12,FO,NSE,IDO,59114,,BANKNIFTY,,2026-08-25,2026-08-25,58200.00,CE,BANKNIFTY26AUG58200CE,273.80,465.00,257.20,432.80,434.95,295.95,57885.85,432.80,303360,114540,43015,75592441150.50,32416,F1,30,,,,,
2026-08-12,2026-08-12,FO,NSE,IDO,59134,,BANKNIFTY,,2026-08-25,2026-08-25,58600.00,CE,BANKNIFTY26AUG58600CE,165.00,300.00,144.50,274.65,270.00,181.35,57885.85,274.65,152520,38610,15915,28091418712.50,11525,F1,30,,,,,
2026-08-12,2026-08-12,FO,NSE,IDO,59192,,BANKNIFTY,,2026-08-25,2026-08-25,60400.00,CE,BANKNIFTY26AUG60400CE,18.00,26.55,15.65,24.05,26.00,18.45,57885.85,24.05,85980,-360,4799,8698678656.00,3232,F1,30,,,,,
2026-08-12,2026-08-12,FO,NSE,IDO,59239,,BANKNIFTY,,2026-08-25,2026-08-25,61500.00,CE,BANKNIFTY26AUG61500CE,7.80,9.75,6.40,8.75,8.35,7.80,57885.85,8.75,170760,32340,8941,16498338091.50,5132,F1,30,,,,,
2026-08-12,2026-08-12,FO,NSE,IDO,59262,,BANKNIFTY,,2026-08-25,2026-08-25,62400.00,CE,BANKNIFTY26AUG62400CE,4.70,7.35,4.60,5.85,4.60,5.10,57885.85,5.85,2610,2490,154,288312201.00,63,F1,30,,,,,
2026-08-12,2026-08-12,FO,NSE,IDO,59304,,BANKNIFTY,,2026-08-25,2026-08-25,63700.00,CE,BANKNIFTY26AUG63700CE,3.75,4.35,3.30,3.40,3.40,3.00,57885.85,3.40,1470,-150,72,137600049.00,34,F1,30,,,,,
2026-08-12,2026-08-12,FO,NSE,IDO,69546,,BANKNIFTY,,2026-09-29,2026-09-29,49000.00,CE,BANKNIFTY26SEP49000CE,0.00,0.00,0.00,9405.90,0.00,9405.90,57885.85,9319.26,0,0,0,0.00,0,F1,30,,,,,
2026-08-12,2026-08-12,FO,NSE,IDO,52284,,BANKNIFTY,,2026-09-29,2026-09-29,52500.00,CE,BANKNIFTY26SEP52500CE,0.00,0.00,0.00,6823.00,0.00,6823.00,57885.85,5979.15,0,0,0,0.00,0,F1,30,,,,,
2026-08-12,2026-08-12,FO,NSE,IDO,69682,,BANKNIFTY,,2026-09-29,2026-09-29,52900.00,CE,BANKNIFTY26SEP52900CE,0.00,0.00,0.00,5994.30,0.00,5994.30,57885.85,5618.64,0,0,0,0.00,0,F1,30,,,,,
2026-08-12,2026-08-12,FO,NSE,IDO,69692,,BANKNIFTY,,2026-09-29,2026-09-29,53400.00,CE,BANKNIFTY26SEP53400CE,0.00,0.00,0.00,5600.15,0.00,5600.15,57885.85,5177.94,0,0,0,0.00,0,F1,30,,,,,
2026-08-12,2026-08-12,FO,NSE,IDO,69706,,BANKNIFTY,,2026-09-29,2026-09-29,54200.00,CE,BANKNIFTY26SEP54200CE,0.00,0.00,0.00,4998.15,0.00,4998.15,57885.85,4499.85,0,0,0,0.00,0,F1,30,,,,,
2026-08-12,2026-08-12,FO,NSE,IDO,69708,,BANKNIFTY,,2026-09-29,2026-09-29,54300.00,CE,BANKNIFTY26SEP54300CE,0.00,0.00,0.00,4924.95,0.00,4924.95,57885.85,4417.71,0,0,0,0.00,0,F1,30,,,,,
2026-08-12,2026-08-12,FO,NSE,IDO,69795,,BANKNIFTY,,2026-09-29,2026-09-29,56200.00,CE,BANKNIFTY26SEP56200CE,2154.75,2317.15,2154.75,2317.15,2317.15,2160.30,57885.85,2990.13,120,60,4,7007442.00,2,F1,30,,,,,
2026-08-12,2026-08-12,FO,NSE,IDO,69803,,BANKNIFTY,,2026-09-29,2026-09-29,56600.00,CE,BANKNIFTY26SEP56600CE,0.00,0.00,0.00,1755.00,1755.00,1755.00,57885.85,2726.28,300,0,0,0.00,0,F1,30,,,,,
2026-08-12,2026-08-12,FO,NSE,IDO,69913,,BANKNIFTY,,2026-09-29,2026-09-29,59300.00,CE,BANKNIFTY26SEP59300CE,0.00,0.00,0.00,2045.10,0.00,2045.10,57885.85,1319.64,0,0,0,0.00,0,F1,30,,,,,
2026-08-12,2026-08-12,FO,NSE,IDO,70105,,BANKNIFTY,,2026-09-29,2026-09-29,63500.00,CE,BANKNIFTY26SEP63500CE,0.00,0.00,0.00,783.90,0.00,783.90,57885.85,294.06,0,0,0,0.00,0,F1,30,,,,,
2026-08-12,2026-08-12,FO,NSE,IDO,70119,,BANKNIFTY,,2026-09-29,2026-09-29,64200.00,CE,BANKNIFTY26SEP64200CE,0.00,0.00,0.00,655.15,0.00,655.15,57885.85,218.81,0,0,0,0.00,0,F1,30,,,,,
2026-08-12,2026-08-12,FO,NSE,IDO,49383,,BANKNIFTY,,2026-10-27,2026-10-27,52800.00,CE,BANKNIFTY26OCT52800CE,0.00,0.00,0.00,5388.75,0.00,5388.75,57885.85,6138.78,0,0,0,0.00,0,F1,30,,,,,
2026-08-12,2026-08-12,FO,NSE,IDO,49391,,BANKNIFTY,,2026-10-27,2026-10-27,53200.00,CE,BANKNIFTY26OCT53200CE,0.00,0.00,0.00,5084.25,0.00,5084.25,57885.85,5803.27,0,0,0,0.00,0,F1,30,,,,,
2026-08-12,2026-08-12,FO,NSE,IDO,49409,,BANKNIFTY,,2026-10-27,2026-10-27,53700.00,CE,BANKNIFTY26OCT53700CE,0.00,0.00,0.00,4717.85,0.00,4717.85,57885.85,5394.69,0,0,0,0.00,0,F1,30,,,,,
2026-08-12,2026-08-12,FO,NSE,IDO,49419,,BANKNIFTY,,2026-10-27,2026-10-27,54200.00,CE,BANKNIFTY26OCT54200CE,0.00,0.00,0.00,4361.20,0.00,4361.20,57885.85,4999.10,0,0,0,0.00,0,F1,30,,,,,
2026-08-12,2026-08-12,FO,NSE,IDO,49508,,BANKNIFTY,,2026-10-27,2026-10-27,57600.00,CE,BANKNIFTY26OCT57600CE,1820.65,1820.65,1780.10,1786.10,1786.10,1719.95,57885.85,2721.51,210,120,6,10690176.00,6,F1,30,,,,,
2026-08-12,2026-08-12,FO,NSE,IDO,49663,,BANKNIFTY,,2026-10-27,2026-10-27,63700.00,CE,BANKNIFTY26OCT63700CE,0.00,0.00,0.00,560.70,0.00,560.70,57885.85,595.88,0,0,0,0.00,0,F1,30,,,,,
2026-08-12,2026-08-12,FO,NSE,IDO,49713,,BANKNIFTY,,2026-10-27,2026-10-27,65500.00,CE,BANKNIFTY26OCT65500CE,0.00,0.00,0.00,336.25,0.00,336.25,57885.85,341.85,0,0,0,0.00,0,F1,30,,,,,
2026-08-12,2026-08-12,FO,NSE,IDO,76394,,BANKNIFTY,,2027-03-30,2027-03-30,54000.00,CE,BANKNIFTY27MAR54000CE,0.00,0.00,0.00,3970.55,0.00,3970.55,57885.85,7396.37,0,0,0,0.00,0,F1,30,,,,,
2026-08-12,2026-08-12,FO,NSE,IDO,70788,,BANKNIFTY,,2027-06-29,2027-06-29,55500.00,CE,BANKNIFTY27JUN55500CE,0.00,0.00,0.00,7792.30,0.00,7792.30,57885.85,7535.63,0,0,0,0.00,0,F1,30,,,,,
2026-08-12,2026-08-12,FO,NSE,IDO,58817,,BANKNIFTY,,2026-08-25,2026-08-25,49200.00,PE,BANKNIFTY26AUG49200PE,4.65,4.65,4.65,4.65,4.65,7.25,57885.85,0.00,420,90,3,4428418.50,2,F1,30,,,,,
2026-08-12,2026-08-12,FO,NSE,IDO,58839,,BANKNIFTY,,2026-08-25,2026-08-25,49400.00,PE,BANKNIFTY26AUG49400PE,3.70,3.70,3.70,3.70,3.70,4.60,57885.85,0.01,510,0,2,2964222.00,1,F1,30,,,,,
2026-08-12,2026-08-12,FO,NSE,IDO,58849,,BANKNIFTY,,2026-08-25,2026-08-25,49800.00,PE,BANKNIFTY26AUG49800PE,5.25,5.25,5.25,5.25,5.25,4.55,57885.85,0.02,1110,120,4,5976630.00,4,F1,30,,,,,
2026-08-12,2026-08-12,FO,NSE,IDO,58875,,BANKNIFTY,,2026-08-25,2026-08-25,50800.00,PE,BANKNIFTY26AUG50800PE,5.55,7.00,4.90,4.90,4.90,5.70,57885.85,0.17,630,270,54,82304763.00,47,F1,30,,,,,
2026-08-12,2026-08-12,FO,NSE,IDO,58933,,BANKNIFTY,,2026-08-25,2026-08-25,52600.00,PE,BANKNIFTY26AUG52600PE,8.40,9.50,6.90,7.70,7.00,9.95,57885.85,7.70,3180,-540,158,249363321.00,52,F1,30,,,,,
2026-08-12,2026-08-12,FO,NSE,IDO,58940,,BANKNIFTY,,2026-08-25,2026-08-25,52900.00,PE,BANKNIFTY26AUG52900PE,9.35,12.00,7.10,7.75,8.80,10.85,57885.85,7.75,9300,1800,310,492055452.00,127,F1,30,,,,,
2026-08-12,2026-08-12,FO,NSE,IDO,58942,,BANKNIFTY,,2026-08-25,2026-08-25,53000.00,PE,BANKNIFTY26AUG53000PE,9.80,10.45,7.75,8.15,8.20,10.90,57885.85,8.15,389790,-14160,12032,19134127137.00,6568,F1,30,,,,,
2026-08-12,2026-08-12,FO,NSE,IDO,59298,,BANKNIFTY,,2026-08-25,2026-08-25,63400.00,CE,BANKNIFTY26AUG63400CE,4.35,5.50,3.20,3.90,3.50,3.10,57885.85,3.90,1860,570,83,157876561.50,56,F1,30,,,,,
2026-08-12,2026-08-12,FO,NSE,IDO,58736,,BANKNIFTY,,2026-08-25,2026-08-25,47000.00,CE,BANKNIFTY26AUG47000CE,0.00,0.00,0.00,10511.00,10511.00,10511.00,57885.85,10987.18,11130,0,0,0.00,0,F1,30,,,,,
2026-08-12,2026-08-12,FO,NSE,IDO,59042,,BANKNIFTY,,2026-08-25,2026-08-25,56100.00,CE,BANKNIFTY26AUG56100CE,1608.75,2015.60,1608.75,1980.00,1980.00,1604.80,57885.85,1980.00,10380,-120,18,31327248.00,17,F1,30,,,,,
2026-08-12,2026-08-12,FO,NSE,IDO,59055,,BANKNIFTY,,2026-08-25,2026-08-25,56500.00,CE,BANKNIFTY26AUG56500CE,1250.00,1664.20,1180.00,1612.35,1610.00,1281.45,57885.85,1612.35,158160,30,2192,3810967801.50,1579,F1,30,,,,,
2026-08-12,2026-08-12,FO,NSE,IDO,59081,,BANKNIFTY,,2026-08-25,2026-08-25,57100.00,CE,BANKNIFTY26AUG57100CE,862.95,1167.05,766.65,1113.55,1108.00,841.90,57885.85,1113.55,85260,-2490,3422,5961034287.00,2801,F1,30,,,,,
2026-08-12,2026-08-12,FO,NSE,IDO,59139,,BANKNIFTY,,2026-08-25,2026-08-25,58800.00,CE,BANKNIFTY26AUG58800CE,139.90,233.60,120.00,213.55,217.80,140.90,57885.85,213.55,151680,29580,15246,26976206659.50,11453,F1,30,,,,,
2026-08-12,2026-08-12,FO,NSE,IDO,59147,,BANKNIFTY,,2026-08-25,2026-08-25,59100.00,CE,BANKNIFTY26AUG59100CE,95.30,159.45,81.25,143.45,150.35,94.95,57885.85,143.45,81990,6780,9406,16711028119.50,7009,F1,30,,,,,
2026-08-12,2026-08-12,FO,NSE,IDO,59170,,BANKNIFTY,,2026-08-25,2026-08-25,60100.00,CE,BANKNIFTY26AUG60100CE,26.70,39.20,22.55,35.20,35.65,26.15,57885.85,35.20,90270,33390,10291,18563735058.00,5463,F1,30,,,,,
2026-08-12,2026-08-12,FO,NSE,IDO,59228,,BANKNIFTY,,2026-08-25,2026-08-25,61200.00,CE,BANKNIFTY26AUG61200CE,9.20,12.20,7.15,10.90,11.95,9.40,57885.85,10.90,65520,-4440,2736,5024101609.50,1497,F1,30,,,,,
2026-08-12,2026-08-12,FO,NSE,IDO,59246,,BANKNIFTY,,2026-08-25,2026-08-25,61600.00,CE,BANKNIFTY26AUG61600CE,0.00,0.00,0.00,607.40,0.00,607.40,57885.85,61.12,0,0,0,0.00,0,F1,30,,,,,
2026-08-12,2026-08-12,FO,NSE,IDO,59252,,BANKNIFTY,,2026-08-25,2026-08-25,61900.00,CE,BANKNIFTY26AUG61900CE,0.00,0.00,0.00,559.50,0.00,559.50,57885.85,45.57,0,0,0,0.00,0,F1,30,,,,,
2026-08-12,2026-08-12,FO,NSE,IDO,59254,,BANKNIFTY,,2026-08-25,2026-08-25,62000.00,CE,BANKNIFTY26AUG62000CE,6.00,7.95,4.40,6.80,7.95,5.50,57885.85,6.80,386280,-17880,13554,25212937894.50,7469,F1,30,,,,,
2026-08-12,2026-08-12,FO,NSE,IDO,59256,,BANKNIFTY,,2026-08-25,2026-08-25,62100.00,CE,BANKNIFTY26AUG62100CE,0.00,0.00,0.00,529.35,0.00,529.35,57885.85,37.24,0,0,0,0.00,0,F1,30,,,,,
2026-08-12,2026-08-12,FO,NSE,IDO,59300,,BANKNIFTY,,2026-08-25,2026-08-25,63500.00,CE,BANKNIFTY26AUG63500CE,3.30,4.70,2.95,3.90,4.70,3.45,57885.85,3.90,23820,-6390,1493,2844337408.50,1177,F1,30,,,,,
2026-08-12,2026-08-12,FO,NSE,IDO,69591,,BANKNIFTY,,2026-09-29,2026-09-29,50500.00,CE,BANKNIFTY26SEP50500CE,0.00,0.00,0.00,8035.05,0.00,8035.05,57885.85,7859.09,0,0,0,0.00,0,F1,30,,,,,
2026-08-12,2026-08-12,FO,NSE,IDO,69674,,BANKNIFTY,,2026-09-29,2026-09-29,52400.00,CE,BANKNIFTY26SEP52400CE,0.00,0.00,0.00,6400.20,0.00,6400.20,57885.85,6070.28,0,0,0,0.00,0,F1,30,,,,,
2026-08-12,2026-08-12,FO,NSE,IDO,69684,,BANKNIFTY,,2026-09-29,2026-09-29,53000.00,CE,BANKNIFTY26SEP53000CE,5210.00,5210.00,5210.00,5210.00,5210.00,4970.00,57885.85,5529.57,510,30,1,1746300.00,1,F1,30,,,,,
2026-08-12,2026-08-12,FO,NSE,IDO,69813,,BANKNIFTY,,2026-09-29,2026-09-29,57100.00,CE,BANKNIFTY26SEP57100CE,1650.95,1680.70,1586.05,1586.05,1586.05,1586.85,57885.85,2416.12,2700,-90,7,12337041.00,7,F1,30,,,,,
2026-08-12,2026-08-12,FO,NSE,IDO,69817,,BANKNIFTY,,2026-09-29,2026-09-29,57300.00,CE,BANKNIFTY26SEP57300CE,1500.00,1620.00,1430.00,1603.80,1585.20,1414.30,57885.85,1603.80,3570,-540,72,127032429.00,65,F1,30,,,,,
2026-08-12,2026-08-12,FO,NSE,IDO,69826,,BANKNIFTY,,2026-09-29,2026-09-29,57700.00,CE,BANKNIFTY26SEP57700CE,1300.00,1384.95,1187.65,1339.05,1338.60,1170.25,57885.85,1339.05,10800,2610,350,619238851.50,275,F1,30,,,,,
2026-08-12,2026-08-12,FO,NSE,IDO,69872,,BANKNIFTY,,2026-09-29,2026-09-29,58900.00,CE,BANKNIFTY26SEP58900CE,0.00,0.00,0.00,2217.10,0.00,2217.10,57885.85,1486.51,0,0,0,0.00,0,F1,30,,,,,
2026-08-12,2026-08-12,FO,NSE,IDO,70045,,BANKNIFTY,,2026-09-29,2026-09-29,61800.00,CE,BANKNIFTY26SEP61800CE,0.00,0.00,0.00,1183.35,0.00,1183.35,57885.85,571.06,0,0,0,0.00,0,F1,30,,,,,
2026-08-12,2026-08-12,FO,NSE,IDO,70086,,BANKNIFTY,,2026-09-29,2026-09-29,62500.00,CE,BANKNIFTY26SEP62500CE,0.00,0.00,0.00,1004.90,0.00,1004.90,57885.85,438.56,0,0,0,0.00,0,F1,30,,,,,
2026-08-12,2026-08-12,FO,NSE,IDO,49446,,BANKNIFTY,,2026-10-27,2026-10-27,55200.00,CE,BANKNIFTY26OCT55200CE,0.00,0.00,0.00,3699.30,0.00,3699.30,57885.85,4252.60,0,0,0,0.00,0,F1,30,,,,,
2026-08-12,2026-08-12,FO,NSE,IDO,49451,,BANKNIFTY,,2026-10-27,2026-10-27,55400.00,CE,BANKNIFTY26OCT55400CE,0.00,0.00,0.00,3574.50,0.00,3574.50,57885.85,4107.68,0,0,0,0.00,0,F1,30,,,,,
2026-08-12,2026-08-12,FO,NSE,IDO,49529,,BANKNIFTY,,2026-10-27,2026-10-27,58400.00,CE,BANKNIFTY26OCT58400CE,0.00,0.00,0.00,2015.90,0.00,2015.90,57885.85,2302.50,0,0,0,0.00,0,F1,30,,,,,
2026-08-12,2026-08-12,FO,NSE,IDO,49545,,BANKNIFTY,,2026-10-27,2026-10-27,59000.00,CE,BANKNIFTY26OCT59000CE,0.00,0.00,0.00,1774.10,0.00,1774.10,57885.85,2018.17,0,0,0,0.00,0,F1,30,,,,,
2026-08-12,2026-08-12,FO,NSE,IDO,49647,,BANKNIFTY,,2026-10-27,2026-10-27,63000.00,CE,BANKNIFTY26OCT63000CE,0.00,0.00,0.00,677.00,0.00,677.00,57885.85,729.93,0,0,0,0.00,0,F1,30,,,,,
2026-08-12,2026-08-12,FO,NSE,IDO,49651,,BANKNIFTY,,2026-10-27,2026-10-27,63200.00,CE,BANKNIFTY26OCT63200CE,0.00,0.00,0.00,641.90,0.00,641.90,57885.85,689.34,0,0,0,0.00,0,F1,30,,,,,
2026-08-12,2026-08-12,FO,NSE,IDO,49697,,BANKNIFTY,,2026-10-27,2026-10-27,65000.00,CE,BANKNIFTY26OCT65000CE,0.00,0.00,0.00,389.05,0.00,389.05,57885.85,400.85,0,0,0,0.00,0,F1,30,,,,,
2026-08-12,2026-08-12,FO,NSE,IDO,53218,,BANKNIFTY,,2026-12-29,2026-12-29,49500.00,CE,BANKNIFTY26DEC49500CE,0.00,0.00,0.00,12801.50,0.00,12801.50,57885.85,9837.72,0,0,0,0.00,0,F1,30,,,,,
2026-08-12,2026-08-12,FO,NSE,IDO,76402,,BANKNIFTY,,2027-03-30,2027-03-30,60000.00,CE,BANKNIFTY27MAR60000CE,0.00,0.00,0.00,1968.25,0.00,1968.25,57885.85,3914.21,0,0,0,0.00,0,F1,30,,,,,
2026-08-12,2026-08-12,FO,NSE,IDO,76425,,BANKNIFTY,,2027-03-30,2027-03-30,63000.00,CE,BANKNIFTY27MAR63000CE,1402.05,1544.95,1402.05,1544.95,1544.95,1406.15,57885.85,1544.95,2250,150,17,32869611.00,17,F1,30,,,,,
2026-08-12,2026-08-12,FO,NSE,IDO,70765,,BANKNIFTY,,2027-06-29,2027-06-29,51000.00,CE,BANKNIFTY27JUN51000CE,0.00,0.00,0.00,10793.90,0.00,10793.90,57885.85,10665.73,0,0,0,0.00,0,F1,30,,,,,
2026-08-12,2026-08-12,FO,NSE,IDO,58805,,BANKNIFTY,,2026-08-25,2026-08-25,48700.00,PE,BANKNIFTY26AUG48700PE,4.75,4.75,2.90,3.65,3.65,4.00,57885.85,0.00,630,90,12,17533446.00,9,F1,30,,,,,
2026-08-12,2026-08-12,FO,NSE,IDO,58811,,BANKNIFTY,,2026-08-25,2026-08-25,48900.00,PE,BANKNIFTY26AUG48900PE,5.00,6.00,3.30,4.15,3.70,4.00,57885.85,4.15,6090,240,73,107101056.00,33,F1,30,,,,,
2026-08-12,2026-08-12,FO,NSE,IDO,58859,,BANKNIFTY,,2026-08-25,2026-08-25,50100.00,PE,BANKNIFTY26AUG50100PE,5.75,5.75,4.20,4.20,4.20,7.00,57885.85,0.04,990,120,20,30063009.00,15,F1,30,,,,,
2026-08-12,2026-08-12,FO,NSE,IDO,58923,,BANKNIFTY,,2026-08-25,2026-08-25,52100.00,PE,BANKNIFTY26AUG52100PE,6.40,9.05,5.45,6.20,5.45,7.15,57885.85,6.20,1770,-180,273,426757393.50,128,F1,30,,,,,
2026-08-12,2026-08-12,FO,NSE,IDO,58927,,BANKNIFTY,,2026-08-25,2026-08-25,52300.00,PE,BANKNIFTY26AUG52300PE,7.95,8.80,6.15,7.15,7.10,8.40,57885.85,7.15,4680,-1170,103,161628796.50,52,F1,30,,,,,
2026-08-12,2026-08-12,FO,NSE,IDO,58931,,BANKNIFTY,,2026-08-25,2026-08-25,52500.00,PE,BANKNIFTY26AUG52500PE,7.50,9.35,6.30,7.50,7.80,9.20,57885.85,7.50,135630,21840,7006,11036157019.50,3960,F1,30,,,,,
2026-08-12,2026-08-12,FO,NSE,IDO,59091,,BANKNIFTY,,2026-08-25,2026-08-25,57500.00,PE,BANKNIFTY26AUG57500PE,524.85,587.20,310.00,321.55,320.20,521.50,57885.85,321.55,633420,84600,181248,314926818085.50,123237,F1,30,,,,,
2026-08-12,2026-08-12,FO,NSE,IDO,59093,,BANKNIFTY,,2026-08-25,2026-08-25,57600.00,PE,BANKNIFTY26AUG57600PE,569.00,636.15,341.65,355.50,358.50,569.15,57885.85,355.50,209370,28110,136073,237022398684.00,92648,F1,30,,,,,
2026-08-12,2026-08-12,FO,NSE,IDO,59099,,BANKNIFTY,,2026-08-25,2026-08-25,57900.00,PE,BANKNIFTY26AUG57900PE,749.20,808.75,456.55,475.20,483.00,726.45,57885.85,475.20,173100,63810,68199,119686026045.00,42460,F1,30,,,,,
2026-08-12,2026-08-12,FO,NSE,IDO,59257,,BANKNIFTY,,2026-08-25,2026-08-25,62100.00,PE,BANKNIFTY26AUG62100PE,0.00,0.00,0.00,6619.00,0.00,6619.00,57885.85,4117.50,0,0,0,0.00,0,F1,30,,,,,
2026-08-12,2026-08-12,FO,NSE,IDO,59305,,BANKNIFTY,,2026-08-25,2026-08-25,63700.00,PE,BANKNIFTY26AUG63700PE,0.00,0.00,0.00,8000.05,0.00,8000.05,57885.85,5683.03,0,0,0,0.00,0,F1,30,,,,,
2026-08-12,2026-08-12,FO,NSE,IDO,59315,,BANKNIFTY,,2026-08-25,2026-08-25,63900.00,PE,BANKNIFTY26AUG63900PE,0.00,0.00,0.00,8177.75,0.00,8177.75,57885.85,5881.24,0,0,0,0.00,0,F1,30,,,,,
2026-08-12,2026-08-12,FO,NSE,IDO,69685,,BANKNIFTY,,2026-09-29,2026-09-29,53000.00,PE,BANKNIFTY26SEP53000PE,79.45,79.45,58.00,58.60,58.00,75.40,57885.85,58.60,54600,-4620,1130,1798951605.00,662,F1,30,,,,,
2026-08-12,2026-08-12,FO,NSE,IDO,69703,,BANKNIFTY,,2026-09-29,2026-09-29,53900.00,PE,BANKNIFTY26SEP53900PE,0.00,0.00,0.00,748.95,0.00,748.95,57885.85,301.06,0,0,0,0.00,0,F1,30,,,,,
2026-08-12,2026-08-12,FO,NSE,IDO,69772,,BANKNIFTY,,2026-09-29,2026-09-29,55100.00,PE,BANKNIFTY26SEP55100PE,0.00,0.00,0.00,1069.60,0.00,1069.60,57885.85,525.17,0,0,0,0.00,0,F1,30,,,,,
2026-08-12,2026-08-12,FO,NSE,IDO,69810,,BANKNIFTY,,2026-09-29,2026-09-29,56800.00,PE,BANKNIFTY26SEP56800PE,0.00,0.00,0.00,528.00,528.00,528.00,57885.85,1025.81,6150,0,0,0.00,0,F1,30,,,,,
2026-08-12,2026-08-12,FO,NSE,IDO,69814,,BANKNIFTY,,2026-09-29,2026-09-29,57100.00,PE,BANKNIFTY26SEP57100PE,605.70,637.00,492.20,501.30,499.20,670.55,57885.85,501.30,9540,1410,148,256076397.00,126,F1,30,,,,,
2026-08-12,2026-08-12,FO,NSE,IDO,69854,,BANKNIFTY,,2026-09-29,2026-09-29,58600.00,PE,BANKNIFTY26SEP58600PE,1248.90,1273.00,1152.65,1152.65,1152.65,1252.90,57885.85,1831.77,1890,120,25,44866866.00,22,F1,30,,,,,
2026-08-12,2026-08-12,FO,NSE,IDO,69995,,BANKNIFTY,,2026-09-29,2026-09-29,59700.00,PE,BANKNIFTY26SEP59700PE,0.00,0.00,0.00,2101.00,2101.00,2101.00,57885.85,2468.00,30,0,0,0.00,0,F1,30,,,,,
2026-08-12,2026-08-12,FO,NSE,IDO,70020,,BANKNIFTY,,2026-09-29,2026-09-29,60500.00,PE,BANKNIFTY26SEP60500PE,2499.95,2544.55,2499.95,2544.55,2544.55,2770.00,57885.85,2994.93,600,-30,3,5671335.00,3,F1,30,,,,,
2026-08-12,2026-08-12,FO,NSE,IDO,70036,,BANKNIFTY,,2026-09-29,2026-09-29,61300.00,PE,BANKNIFTY26SEP61300PE,0.00,0.00,0.00,4144.70,0.00,4144.70,57885.85,3573.70,0,0,0,0.00,0,F1,30,,,,,
2026-08-12,2026-08-12,FO,NSE,IDO,70038,,BANKNIFTY,,2026-09-29,2026-09-29,61400.00,PE,BANKNIFTY26SEP61400PE,0.00,0.00,0.00,4213.25,0.00,4213.25,57885.85,3649.09,0,0,0,0.00,0,F1,30,,,,,
2026-08-12,2026-08-12,FO,NSE,IDO,70049,,BANKNIFTY,,2026-09-29,2026-09-29,61900.00,PE,BANKNIFTY26SEP61900PE,0.00,0.00,0.00,4563.60,0.00,4563.60,57885.85,4032.81,0,0,0,0.00,0,F1,30,,,,,
2026-08-12,2026-08-12,FO,NSE,IDO,52427,,BANKNIFTY,,2026-09-29,2026-09-29,67500.00,PE,BANKNIFTY26SEP67500PE,0.00,0.00,0.00,9000.00,9000.00,9000.00,57885.85,9080.09,60,0,0,0.00,0,F1,30,,,,,
2026-08-12,2026-08-12,FO,NSE,IDO,49402,,BANKNIFTY,,2026-10-27,2026-10-27,53400.00,PE,BANKNIFTY26OCT53400PE,140.35,145.00,128.00,128.00,128.00,189.45,57885.85,428.05,630,480,25,40152040.50,19,F1,30,,,,,
2026-08-12,2026-08-12,FO,NSE,IDO,49462,,BANKNIFTY,,2026-10-27,2026-10-27,55700.00,PE,BANKNIFTY26OCT55700PE,0.00,0.00,0.00,1499.95,0.00,1499.95,57885.85,957.67,0,0,0,0.00,0,F1,30,,,,,
2026-08-12,2026-08-12,FO,NSE,IDO,49472,,BANKNIFTY,,2026-10-27,2026-10-27,56200.00,PE,BANKNIFTY26OCT56200PE,0.00,0.00,0.00,1701.50,0.00,1701.50,57885.85,1116.67,0,0,0,0.00,0,F1,30,,,,,
2026-08-12,2026-08-12,FO,NSE,IDO,49498,,BANKNIFTY,,2026-10-27,2026-10-27,57100.00,PE,BANKNIFTY26OCT57100PE,0.00,0.00,0.00,2105.75,0.00,2105.75,57885.85,1446.30,0,0,0,0.00,0,F1,30,,,,,
2026-08-12,2026-08-12,FO,NSE,IDO,49516,,BANKNIFTY,,2026-10-27,2026-10-27,57800.00,PE,BANKNIFTY26OCT57800PE,0.00,0.00,0.00,2456.75,0.00,2456.75,57885.85,1742.45,0,0,0,0.00,0,F1,30,,,,,
2026-08-12,2026-08-12,FO,NSE,IDO,49592,,BANKNIFTY,,2026-10-27,2026-10-27,60800.00,PE,BANKNIFTY26OCT60800PE,0.00,0.00,0.00,4308.55,0.00,4308.55,57885.85,3404.81,0,0,0,0.00,0,F1,30,,,,,
2026-08-12,2026-08-12,FO,NSE,IDO,53245,,BANKNIFTY,,2026-12-29,2026-12-29,61500.00,PE,BANKNIFTY26DEC61500PE,0.00,0.00,0.00,3042.70,3048.70,3042.70,57885.85,4145.59,330,0,0,0.00,0,F1,30,,,,,
2026-08-12,2026-08-12,FO,NSE,IDO,53247,,BANKNIFTY,,2026-12-29,2026-12-29,63000.00,PE,BANKNIFTY26DEC63000PE,0.00,0.00,0.00,4210.00,4210.00,4210.00,57885.85,5125.09,780,0,0,0.00,0,F1,30,,,,,
2026-08-12,2026-08-12,FO,NSE,IDO,76424,,BANKNIFTY,,2027-03-30,2027-03-30,61500.00,PE,BANKNIFTY27MAR61500PE,0.00,0.00,0.00,8564.80,0.00,8564.80,57885.85,4389.33,0,0,0,0.00,0,F1,30,,,,,
2026-08-12,2026-08-12,FO,NSE,IDO,69833,,BANKNIFTY,,2026-09-29,2026-09-29,57900.00,PE,BANKNIFTY26SEP57900PE,1016.65,1016.65,778.30,787.40,792.05,1009.70,57885.85,787.40,8040,1680,199,350786700.00,165,F1,30,,,,,
2026-08-12,2026-08-12,FO,NSE,IDO,69780,,BANKNIFTY,,2026-09-29,2026-09-29,55600.00,PE,BANKNIFTY26SEP55600PE,0.00,0.00,0.00,1228.45,0.00,1228.45,57885.85,650.21,0,0,0,0.00,0,F1,30,,,,,
2026-08-12,2026-08-12,FO,NSE,IDO,59287,,BANKNIFTY,,2026-08-25,2026-08-25,63000.00,PE,BANKNIFTY26AUG63000PE,5175.05,5225.00,4999.00,4999.00,4999.00,5353.60,57885.85,4999.00,69720,-510,18,36787153.50,16,F1,30,,,,,
2026-08-12,2026-08-12,FO,NSE,IDO,59195,,BANKNIFTY,,2026-08-25,2026-08-25,60400.00,PE,BANKNIFTY26AUG60400PE,0.00,0.00,0.00,5249.35,0.00,5249.35,57885.85,2561.17,0,0,0,0.00,0,F1,30,,,,,
2026-08-12,2026-08-12,FO,NSE,IDO,59135,,BANKNIFTY,,2026-08-25,2026-08-25,58600.00,PE,BANKNIFTY26AUG58600PE,1180.00,1190.10,831.85,860.30,865.85,1194.90,57885.85,860.30,15870,2340,1032,1845081385.50,716,F1,30,,,,,
2026-08-12,2026-08-12,FO,NSE,IDO,59024,,BANKNIFTY,,2026-08-25,2026-08-25,55700.00,PE,BANKNIFTY26AUG55700PE,90.00,100.75,44.70,46.50,44.70,87.65,57885.85,46.50,39960,-3840,6369,10653919390.50,3049,F1,30,,,,,
2026-08-12,2026-08-12,FO,NSE,IDO,58971,,BANKNIFTY,,2026-08-25,2026-08-25,53700.00,PE,BANKNIFTY26AUG53700PE,13.50,14.35,9.15,10.40,10.00,15.90,57885.85,10.40,17370,-5940,691,1113449626.50,557,F1,30,,,,,
2026-08-12,2026-08-12,FO,NSE,IDO,70798,,BANKNIFTY,,2027-06-29,2027-06-29,61500.00,CE,BANKNIFTY27JUN61500CE,0.00,0.00,0.00,4726.20,0.00,4726.20,57885.85,4369.10,0,0,0,0.00,0,F1,30,,,,,
2026-08-12,2026-08-12,FO,NSE,IDO,70796,,BANKNIFTY,,2027-06-29,2027-06-29,60000.00,CE,BANKNIFTY27JUN60000CE,0.00,0.00,0.00,5392.05,0.00,5392.05,57885.85,5050.47,0,0,0,0.00,0,F1,30,,,,,
2026-08-12,2026-08-12,FO,NSE,IDO,49687,,BANKNIFTY,,2026-10-27,2026-10-27,64500.00,CE,BANKNIFTY26OCT64500CE,0.00,0.00,0.00,448.85,0.00,448.85,57885.85,468.28,0,0,0,0.00,0,F1,30,,,,,
2026-08-12,2026-08-12,FO,NSE,IDO,49499,,BANKNIFTY,,2026-10-27,2026-10-27,57200.00,CE,BANKNIFTY26OCT57200CE,0.00,0.00,0.00,2568.65,0.00,2568.65,57885.85,2948.30,0,0,0,0.00,0,F1,30,,,,,
2026-08-12,2026-08-12,FO,NSE,IDO,49491,,BANKNIFTY,,2026-10-27,2026-10-27,56800.00,CE,BANKNIFTY26OCT56800CE,0.00,0.00,0.00,2773.75,0.00,2773.75,57885.85,3186.51,0,0,0,0.00,0,F1,30,,,,,
2026-08-12,2026-08-12,FO,NSE,IDO,49369,,BANKNIFTY,,2026-10-27,2026-10-27,52100.00,CE,BANKNIFTY26OCT52100CE,0.00,0.00,0.00,5941.50,0.00,5941.50,57885.85,6742.63,0,0,0,0.00,0,F1,30,,,,,
2026-08-12,2026-08-12,FO,NSE,IDO,70047,,BANKNIFTY,,2026-09-29,2026-09-29,61900.00,CE,BANKNIFTY26SEP61900CE,0.00,0.00,0.00,1156.00,0.00,1156.00,57885.85,550.36,0,0,0,0.00,0,F1,30,,,,,
2026-08-12,2026-08-12,FO,NSE,IDO,70031,,BANKNIFTY,,2026-09-29,2026-09-29,61100.00,CE,BANKNIFTY26SEP61100CE,0.00,0.00,0.00,1389.40,0.00,1389.40,57885.85,733.32,0,0,0,0.00,0,F1,30,,,,,
2026-08-12,2026-08-12,FO,NSE,IDO,69808,,BANKNIFTY,,2026-09-29,2026-09-29,56800.00,CE,BANKNIFTY26SEP56800CE,1760.00,1916.35,1760.00,1916.35,1916.35,1750.00,57885.85,1916.35,1710,0,2,3518290.50,2,F1,30,,,,,
2026-08-12,2026-08-12,FO,NSE,IDO,59288,,BANKNIFTY,,2026-08-25,2026-08-25,63100.00,CE,BANKNIFTY26AUG63100CE,5.40,5.40,3.40,3.75,3.75,3.90,57885.85,3.75,780,60,3,5679376.50,3,F1,30,,,,,
2026-08-12,2026-08-12,FO,NSE,IDO,58886,,BANKNIFTY,,2026-08-25,2026-08-25,51400.00,CE,BANKNIFTY26AUG51400CE,0.00,0.00,0.00,5137.40,0.00,5137.40,57885.85,6597.20,0,0,0,0.00,0,F1,30,,,,,
2026-08-12,2026-08-12,FO,NSE,IDO,52389,,BANKNIFTY,,2026-09-29,2026-09-29,61500.00,PE,BANKNIFTY26SEP61500PE,3351.00,3455.00,3268.45,3268.45,3268.45,3376.05,57885.85,3268.45,420,30,5,9726135.00,5,F1,30,,,,,
2026-08-12,2026-08-12,FO,NSE,IDO,70118,,BANKNIFTY,,2026-09-29,2026-09-29,64100.00,PE,BANKNIFTY26SEP64100PE,0.00,0.00,0.00,6246.30,0.00,6246.30,57885.85,5891.97,0,0,0,0.00,0,F1,30,,,,,
2026-08-12,2026-08-12,FO,NSE,IDO,49458,,BANKNIFTY,,2026-10-27,2026-10-27,55500.00,PE,BANKNIFTY26OCT55500PE,0.00,0.00,0.00,1423.90,0.00,1423.90,57885.85,898.74,0,0,0,0.00,0,F1,30,,,,,
2026-08-12,2026-08-12,FO,NSE,IDO,49506,,BANKNIFTY,,2026-10-27,2026-10-27,57500.00,PE,BANKNIFTY26OCT57500PE,934.00,970.00,738.00,751.30,763.95,911.55,57885.85,751.30,35340,4980,332,580977957.00,286,F1,30,,,,,
2026-08-12,2026-08-12,FO,NSE,IDO,49602,,BANKNIFTY,,2026-10-27,2026-10-27,61300.00,PE,BANKNIFTY26OCT61300PE,0.00,0.00,0.00,4666.85,0.00,4666.85,57885.85,3740.33,0,0,0,0.00,0,F1,30,,,,,
2026-08-12,2026-08-12,FO,NSE,IDO,49610,,BANKNIFTY,,2026-10-27,2026-10-27,61600.00,PE,BANKNIFTY26OCT61600PE,0.00,0.00,0.00,4890.60,0.00,4890.60,57885.85,3948.89,0,0,0,0.00,0,F1,30,,,,,
2026-08-12,2026-08-12,FO,NSE,IDO,53219,,BANKNIFTY,,2026-12-29,2026-12-29,49500.00,PE,BANKNIFTY26DEC49500PE,0.00,0.00,0.00,232.05,232.05,232.05,57885.85,230.58,30,0,0,0.00,0,F1,30,,,,,
2026-08-12,2026-08-12,FO,NSE,IDO,53236,,BANKNIFTY,,2026-12-29,2026-12-29,58500.00,PE,BANKNIFTY26DEC58500PE,1600.00,1600.00,1341.70,1347.00,1345.00,1540.00,57885.85,1347.00,5010,480,67,120531447.00,38,F1,30,,,,,
2026-08-12,2026-08-12,FO,NSE,IDO,70026,,BANKNIFTY,,2026-09-29,2026-09-29,60800.00,PE,BANKNIFTY26SEP60800PE,0.00,0.00,0.00,3810.25,0.00,3810.25,57885.85,3205.47,0,0,0,0.00,0,F1,30,,,,,
2026-08-12,2026-08-12,FO,NSE,IDO,69840,,BANKNIFTY,,2026-09-29,2026-09-29,58100.00,CE,BANKNIFTY26SEP58100CE,1013.55,1132.00,964.95,1111.20,1106.75,971.25,57885.85,1111.20,13800,4680,478,848104071.00,368,F1,30,,,,,
2026-08-12,2026-08-12,FO,NSE,IDO,69815,,BANKNIFTY,,2026-09-29,2026-09-29,57200.00,CE,BANKNIFTY26SEP57200CE,1554.00,1666.00,1554.00,1666.00,1666.00,1443.55,57885.85,2356.77,2850,-270,17,29987077.50,13,F1,30,,,,,
2026-08-12,2026-08-12,FO,NSE,IDO,69799,,BANKNIFTY,,2026-09-29,2026-09-29,56400.00,CE,BANKNIFTY26SEP56400CE,0.00,0.00,0.00,3522.55,0.00,3522.55,57885.85,2856.49,0,0,0,0.00,0,F1,30,,,,,
2026-08-12,2026-08-12,FO,NSE,IDO,52270,,BANKNIFTY,,2026-09-29,2026-09-29,46500.00,CE,BANKNIFTY26SEP46500CE,0.00,0.00,0.00,11298.00,0.00,11298.00,57885.85,11786.49,0,0,0,0.00,0,F1,30,,,,,
2026-08-12,2026-08-12,FO,NSE,IDO,59314,,BANKNIFTY,,2026-08-25,2026-08-25,63900.00,CE,BANKNIFTY26AUG63900CE,4.50,4.50,2.90,3.55,3.60,4.50,57885.85,3.55,1080,-3300,150,287564958.00,56,F1,30,,,,,
2026-08-12,2026-08-12,FO,NSE,IDO,59232,,BANKNIFTY,,2026-08-25,2026-08-25,61400.00,CE,BANKNIFTY26AUG61400CE,0.00,0.00,0.00,641.20,0.00,641.20,57885.85,73.88,0,0,0,0.00,0,F1,30,,,,,
2026-08-12,2026-08-12,FO,NSE,IDO,59226,,BANKNIFTY,,2026-08-25,2026-08-25,61100.00,CE,BANKNIFTY26AUG61100CE,0.00,0.00,0.00,694.85,0.00,694.85,57885.85,97.28,0,0,0,0.00,0,F1,30,,,,,
2026-08-12,2026-08-12,FO,NSE,IDO,59217,,BANKNIFTY,,2026-08-25,2026-08-25,60900.00,CE,BANKNIFTY26AUG60900CE,0.00,0.00,0.00,732.65,0.00,732.65,57885.85,116.17,0,0,0,0.00,0,F1,30,,,,,
2026-08-12,2026-08-12,FO,NSE,IDO,59214,,BANKNIFTY,,2026-08-25,2026-08-25,60800.00,CE,BANKNIFTY26AUG60800CE,12.55,17.45,9.55,15.40,16.90,12.90,57885.85,15.40,35220,1230,2454,4477124044.50,1348,F1,30,,,,,
2026-08-12,2026-08-12,FO,NSE,IDO,59212,,BANKNIFTY,,2026-08-25,2026-08-25,60700.00,CE,BANKNIFTY26AUG60700CE,0.00,0.00,0.00,772.10,0.00,772.10,57885.85,138.05,0,0,0,0.00,0,F1,30,,,,,
2026-08-12,2026-08-12,FO,NSE,IDO,59161,,BANKNIFTY,,2026-08-25,2026-08-25,59700.00,CE,BANKNIFTY26AUG59700CE,40.00,69.65,36.30,61.50,63.10,44.25,57885.85,61.50,81060,6450,6782,12157662897.00,3381,F1,30,,,,,
2026-08-12,2026-08-12,FO,NSE,IDO,59153,,BANKNIFTY,,2026-08-25,2026-08-25,59400.00,CE,BANKNIFTY26AUG59400CE,70.15,104.95,53.55,93.15,100.00,63.75,57885.85,93.15,55380,-2490,7450,13293577492.50,5092,F1,30,,,,,
2026-08-12,2026-08-12,FO,NSE,IDO,59149,,BANKNIFTY,,2026-08-25,2026-08-25,59200.00,CE,BANKNIFTY26AUG59200CE,78.45,139.15,70.20,125.15,127.20,82.90,57885.85,125.15,104520,24030,13226,23531524848.00,9343,F1,30,,,,,
2026-08-12,2026-08-12,FO,NSE,IDO,59004,,BANKNIFTY,,2026-08-25,2026-08-25,55000.00,CE,BANKNIFTY26AUG55000CE,2627.25,3074.90,2532.40,3022.80,3010.70,2622.60,57885.85,3022.80,59820,-540,790,1371637659.00,506,F1,30,,,,,
2026-08-12,2026-08-12,FO,NSE,IDO,58982,,BANKNIFTY,,2026-08-25,2026-08-25,54200.00,CE,BANKNIFTY26AUG54200CE,0.00,0.00,0.00,3717.40,3717.40,3717.40,57885.85,3837.92,0,0,0,0.00,0,F1,30,,,,,
2026-08-12,2026-08-12,FO,NSE,IDO,58941,,BANKNIFTY,,2026-08-25,2026-08-25,53000.00,CE,BANKNIFTY26AUG53000CE,4851.00,5007.00,4725.00,5004.00,5004.00,4585.00,57885.85,5007.40,44700,-300,23,39934905.00,20,F1,30,,,,,
2026-08-12,2026-08-12,FO,NSE,IDO,58934,,BANKNIFTY,,2026-08-25,2026-08-25,52700.00,CE,BANKNIFTY26AUG52700CE,0.00,0.00,0.00,4198.35,0.00,4198.35,57885.85,5304.14,0,0,0,0.00,0,F1,30,,,,,
2026-08-12,2026-08-12,FO,NSE,IDO,58916,,BANKNIFTY,,2026-08-25,2026-08-25,51800.00,CE,BANKNIFTY26AUG51800CE,0.00,0.00,0.00,4838.30,0.00,4838.30,57885.85,6198.62,0,0,0,0.00,0,F1,30,,,,,
2026-08-12,2026-08-12,FO,NSE,IDO,58844,,BANKNIFTY,,2026-08-25,2026-08-25,49700.00,CE,BANKNIFTY26AUG49700CE,0.00,0.00,0.00,6500.70,0.00,6500.70,57885.85,8293.02,0,0,0,0.00,0,F1,30,,,,,
2026-08-12,2026-08-12,FO,NSE,IDO,58840,,BANKNIFTY,,2026-08-25,2026-08-25,49500.00,CE,BANKNIFTY26AUG49500CE,0.00,0.00,0.00,7595.35,7595.35,7595.35,57885.85,8492.58,1860,0,0,0.00,0,F1,30,,,,,
2026-08-12,2026-08-12,FO,NSE,IDO,58812,,BANKNIFTY,,2026-08-25,2026-08-25,49000.00,CE,BANKNIFTY26AUG49000CE,0.00,0.00,0.00,8279.55,8279.55,8279.55,57885.85,8991.50,690,0,0,0.00,0,F1,30,,,,,
2026-08-12,2026-08-12,FO,NSE,IDO,58718,,BANKNIFTY,,2026-08-25,2026-08-25,46500.00,CE,BANKNIFTY26AUG46500CE,0.00,0.00,0.00,10745.35,10745.35,10745.35,57885.85,11486.11,120,0,0,0.00,0,F1,30,,,,,
2026-08-12,2026-08-12,FO,NSE,IDO,58702,,BANKNIFTY,,2026-08-25,2026-08-25,46000.00,CE,BANKNIFTY26AUG46000CE,0.00,0.00,0.00,11533.75,11533.75,11533.75,57885.85,11985.03,22080,0,0,0.00,0,F1,30,,,,,
2026-08-12,2026-08-12,FO,NSE,IDO,70023,,BANKNIFTY,,2026-09-29,2026-09-29,60700.00,CE,BANKNIFTY26SEP60700CE,0.00,0.00,0.00,1519.00,0.00,1519.00,57885.85,841.78,0,0,0,0.00,0,F1,30,,,,,
2026-08-12,2026-08-12,FO,NSE,IDO,70043,,BANKNIFTY,,2026-09-29,2026-09-29,61700.00,CE,BANKNIFTY26SEP61700CE,0.00,0.00,0.00,1211.20,0.00,1211.20,57885.85,592.38,0,0,0,0.00,0,F1,30,,,,,
2026-08-12,2026-08-12,FO,NSE,IDO,70088,,BANKNIFTY,,2026-09-29,2026-09-29,62600.00,CE,BANKNIFTY26SEP62600CE,0.00,0.00,0.00,981.05,0.00,981.05,57885.85,421.88,0,0,0,0.00,0,F1,30,,,,,
2026-08-12,2026-08-12,FO,NSE,IDO,70095,,BANKNIFTY,,2026-09-29,2026-09-29,62900.00,CE,BANKNIFTY26SEP62900CE,0.00,0.00,0.00,912.35,0.00,912.35,57885.85,374.95,0,0,0,0.00,0,F1,30,,,,,
2026-08-12,2026-08-12,FO,NSE,IDO,49338,,BANKNIFTY,,2026-10-27,2026-10-27,51000.00,CE,BANKNIFTY26OCT51000CE,0.00,0.00,0.00,6856.05,0.00,6856.05,57885.85,7728.17,0,0,0,0.00,0,F1,30,,,,,
2026-08-12,2026-08-12,FO,NSE,IDO,49357,,BANKNIFTY,,2026-10-27,2026-10-27,51600.00,CE,BANKNIFTY26OCT51600CE,0.00,0.00,0.00,6350.65,0.00,6350.65,57885.85,7185.57,0,0,0,0.00,0,F1,30,,,,,
2026-08-12,2026-08-12,FO,NSE,IDO,49413,,BANKNIFTY,,2026-10-27,2026-10-27,53900.00,CE,BANKNIFTY26OCT53900CE,0.00,0.00,0.00,4574.25,0.00,4574.25,57885.85,5234.83,0,0,0,0.00,0,F1,30,,,,,
2026-08-12,2026-08-12,FO,NSE,IDO,49459,,BANKNIFTY,,2026-10-27,2026-10-27,55600.00,CE,BANKNIFTY26OCT55600CE,0.00,0.00,0.00,3452.25,0.00,3452.25,57885.85,3968.02,0,0,0,0.00,0,F1,30,,,,,
2026-08-12,2026-08-12,FO,NSE,IDO,49479,,BANKNIFTY,,2026-10-27,2026-10-27,56500.00,CE,BANKNIFTY26OCT56500CE,0.00,0.00,0.00,2934.50,0.00,2934.50,57885.85,3372.59,0,0,0,0.00,0,F1,30,,,,,
2026-08-12,2026-08-12,FO,NSE,IDO,49481,,BANKNIFTY,,2026-10-27,2026-10-27,56600.00,CE,BANKNIFTY26OCT56600CE,0.00,0.00,0.00,2880.25,0.00,2880.25,57885.85,3309.87,0,0,0,0.00,0,F1,30,,,,,
2026-08-12,2026-08-12,FO,NSE,IDO,49525,,BANKNIFTY,,2026-10-27,2026-10-27,58200.00,CE,BANKNIFTY26OCT58200CE,0.00,0.00,0.00,2101.55,0.00,2101.55,57885.85,2402.93,0,0,0,0.00,0,F1,30,,,,,
2026-08-12,2026-08-12,FO,NSE,IDO,49558,,BANKNIFTY,,2026-10-27,2026-10-27,59400.00,CE,BANKNIFTY26OCT59400CE,0.00,0.00,0.00,1625.20,0.00,1625.20,57885.85,1842.94,0,0,0,0.00,0,F1,30,,,,,
2026-08-12,2026-08-12,FO,NSE,IDO,49587,,BANKNIFTY,,2026-10-27,2026-10-27,60700.00,CE,BANKNIFTY26OCT60700CE,0.00,0.00,0.00,1205.70,0.00,1205.70,57885.85,1348.90,0,0,0,0.00,0,F1,30,,,,,
2026-08-12,2026-08-12,FO,NSE,IDO,49625,,BANKNIFTY,,2026-10-27,2026-10-27,62300.00,CE,BANKNIFTY26OCT62300CE,0.00,0.00,0.00,812.65,0.00,812.65,57885.85,889.31,0,0,0,0.00,0,F1,30,,,,,
2026-08-12,2026-08-12,FO,NSE,IDO,53228,,BANKNIFTY,,2026-12-29,2026-12-29,57000.00,CE,BANKNIFTY26DEC57000CE,3069.20,3252.20,3069.20,3229.20,3229.20,3018.00,57885.85,3229.20,7080,660,36,64973244.00,35,F1,30,,,,,
2026-08-12,2026-08-12,FO,NSE,IDO,70769,,BANKNIFTY,,2027-06-29,2027-06-29,52500.00,CE,BANKNIFTY27JUN52500CE,0.00,0.00,0.00,9732.10,0.00,9732.10,57885.85,9556.59,0,0,0,0.00,0,F1,30,,,,,
2026-08-12,2026-08-12,FO,NSE,IDO,58801,,BANKNIFTY,,2026-08-25,2026-08-25,48600.00,PE,BANKNIFTY26AUG48600PE,4.60,4.60,3.15,3.55,3.55,5.10,57885.85,0.00,270,0,5,7290582.00,5,F1,30,,,,,
2026-08-12,2026-08-12,FO,NSE,IDO,58879,,BANKNIFTY,,2026-08-25,2026-08-25,51000.00,PE,BANKNIFTY26AUG51000PE,5.85,7.30,5.30,5.85,6.35,7.20,57885.85,5.85,211260,-4950,6142,9398425227.00,2782,F1,30,,,,,
2026-08-12,2026-08-12,FO,NSE,IDO,58987,,BANKNIFTY,,2026-08-25,2026-08-25,54300.00,PE,BANKNIFTY26AUG54300PE,22.70,23.65,13.85,14.60,14.60,23.60,57885.85,14.60,28560,4860,1588,2587679145.00,1254,F1,30,,,,,
2026-08-12,2026-08-12,FO,NSE,IDO,59001,,BANKNIFTY,,2026-08-25,2026-08-25,54800.00,PE,BANKNIFTY26AUG54800PE,34.80,37.75,19.30,20.25,21.00,35.35,57885.85,20.25,44640,-2640,4988,8203998297.00,3302,F1,30,,,,,
2026-08-12,2026-08-12,FO,NSE,IDO,59013,,BANKNIFTY,,2026-08-25,2026-08-25,55400.00,PE,BANKNIFTY26AUG55400PE,63.00,71.25,33.75,34.95,35.55,64.60,57885.85,34.95,57810,16530,4935,8208438499.50,2243,F1,30,,,,,
2026-08-12,2026-08-12,FO,NSE,IDO,59043,,BANKNIFTY,,2026-08-25,2026-08-25,56100.00,PE,BANKNIFTY26AUG56100PE,133.05,153.55,69.35,71.50,70.25,133.30,57885.85,71.50,63150,3060,6098,10280554953.00,3959,F1,30,,,,,
2026-08-12,2026-08-12,FO,NSE,IDO,59056,,BANKNIFTY,,2026-08-25,2026-08-25,56500.00,PE,BANKNIFTY26AUG56500PE,205.10,230.00,107.00,110.60,110.00,203.00,57885.85,110.60,470640,20610,47609,80909212140.00,33441,F1,30,,,,,
2026-08-12,2026-08-12,FO,NSE,IDO,59089,,BANKNIFTY,,2026-08-25,2026-08-25,57400.00,PE,BANKNIFTY26AUG57400PE,501.00,540.85,278.20,289.00,288.90,479.15,57885.85,289.00,193890,68610,69834,121069554342.00,52388,F1,30,,,,,
2026-08-12,2026-08-12,FO,NSE,IDO,59112,,BANKNIFTY,,2026-08-25,2026-08-25,58100.00,PE,BANKNIFTY26AUG58100PE,890.00,890.75,548.00,569.90,580.30,844.75,57885.85,569.90,215130,16320,45991,81131754415.50,22951,F1,30,,,,,
2026-08-12,2026-08-12,FO,NSE,IDO,59138,,BANKNIFTY,,2026-08-25,2026-08-25,58700.00,PE,BANKNIFTY26AUG58700PE,1265.20,1265.20,898.05,929.40,932.75,1267.85,57885.85,929.40,12150,540,489,876085062.00,356,F1,30,,,,,
2026-08-12,2026-08-12,FO,NSE,IDO,59160,,BANKNIFTY,,2026-08-25,2026-08-25,59600.00,PE,BANKNIFTY26AUG59600PE,1850.00,1850.00,1650.00,1650.00,1650.00,2060.00,57885.85,1650.00,750,0,6,11049000.00,2,F1,30,,,,,
2026-08-12,2026-08-12,FO,NSE,IDO,59215,,BANKNIFTY,,2026-08-25,2026-08-25,60800.00,PE,BANKNIFTY26AUG60800PE,0.00,0.00,0.00,2920.00,2920.00,2920.00,57885.85,2909.78,60,0,0,0.00,0,F1,30,,,,,
2026-08-12,2026-08-12,FO,NSE,IDO,59251,,BANKNIFTY,,2026-08-25,2026-08-25,61800.00,PE,BANKNIFTY26AUG61800PE,0.00,0.00,0.00,6369.15,0.00,6369.15,57885.85,3831.23,0,0,0,0.00,0,F1,30,,,,,
2026-08-12,2026-08-12,FO,NSE,IDO,69547,,BANKNIFTY,,2026-09-29,2026-09-29,49000.00,PE,BANKNIFTY26SEP49000PE,0.00,0.00,0.00,24.65,25.25,24.65,57885.85,12.51,720,0,0,0.00,0,F1,30,,,,,
2026-08-12,2026-08-12,FO,NSE,IDO,52285,,BANKNIFTY,,2026-09-29,2026-09-29,52500.00,PE,BANKNIFTY26SEP52500PE,61.25,61.30,43.70,46.15,44.65,61.15,57885.85,46.15,15480,-1950,237,373651383.00,125,F1,30,,,,,
2026-08-12,2026-08-12,FO,NSE,IDO,69829,,BANKNIFTY,,2026-09-29,2026-09-29,57800.00,PE,BANKNIFTY26SEP57800PE,953.05,953.05,736.05,748.30,750.50,964.20,57885.85,748.30,13320,2370,326,573358245.00,268,F1,30,,,,,
2026-08-12,2026-08-12,FO,NSE,IDO,70030,,BANKNIFTY,,2026-09-29,2026-09-29,61000.00,PE,BANKNIFTY26SEP61000PE,2955.00,3089.15,2777.00,2815.00,2815.00,3119.60,57885.85,2815.00,1950,120,9,17259244.50,9,F1,30,,,,,
2026-08-12,2026-08-12,FO,NSE,IDO,49340,,BANKNIFTY,,2026-10-27,2026-10-27,51000.00,PE,BANKNIFTY26OCT51000PE,0.00,0.00,0.00,334.45,0.00,334.45,57885.85,150.43,0,0,0,0.00,0,F1,30,,,,,
2026-08-12,2026-08-12,FO,NSE,IDO,49374,,BANKNIFTY,,2026-10-27,2026-10-27,52300.00,PE,BANKNIFTY26OCT52300PE,0.00,0.00,0.00,539.95,0.00,539.95,57885.85,272.69,0,0,0,0.00,0,F1,30,,,,,
2026-08-12,2026-08-12,FO,NSE,IDO,49384,,BANKNIFTY,,2026-10-27,2026-10-27,52800.00,PE,BANKNIFTY26OCT52800PE,0.00,0.00,0.00,640.15,0.00,640.15,57885.85,336.63,0,0,0,0.00,0,F1,30,,,,,
2026-08-12,2026-08-12,FO,NSE,IDO,49388,,BANKNIFTY,,2026-10-27,2026-10-27,53000.00,PE,BANKNIFTY26OCT53000PE,0.00,0.00,0.00,683.80,0.00,683.80,57885.85,365.24,0,0,0,0.00,0,F1,30,,,,,
2026-08-12,2026-08-12,FO,NSE,IDO,49396,,BANKNIFTY,,2026-10-27,2026-10-27,53300.00,PE,BANKNIFTY26OCT53300PE,0.00,0.00,0.00,753.35,0.00,753.35,57885.85,411.63,0,0,0,0.00,0,F1,30,,,,,
2026-08-12,2026-08-12,FO,NSE,IDO,49410,,BANKNIFTY,,2026-10-27,2026-10-27,53700.00,PE,BANKNIFTY26OCT53700PE,0.00,0.00,0.00,855.70,0.00,855.70,57885.85,480.33,0,0,0,0.00,0,F1,30,,,,,
2026-08-12,2026-08-12,FO,NSE,IDO,49432,,BANKNIFTY,,2026-10-27,2026-10-27,54700.00,PE,BANKNIFTY26OCT54700PE,0.00,0.00,0.00,1145.30,0.00,1145.30,57885.85,689.57,0,0,0,0.00,0,F1,30,,,,,
2026-08-12,2026-08-12,FO,NSE,IDO,49456,,BANKNIFTY,,2026-10-27,2026-10-27,55400.00,PE,BANKNIFTY26OCT55400PE,0.00,0.00,0.00,1386.80,0.00,1386.80,57885.85,870.26,0,0,0,0.00,0,F1,30,,,,,
2026-08-12,2026-08-12,FO,NSE,IDO,49496,,BANKNIFTY,,2026-10-27,2026-10-27,57000.00,PE,BANKNIFTY26OCT57000PE,761.00,778.80,595.00,603.50,599.65,745.65,57885.85,603.50,57870,3180,843,1458242671.50,499,F1,30,,,,,
2026-08-12,2026-08-12,FO,NSE,IDO,49500,,BANKNIFTY,,2026-10-27,2026-10-27,57200.00,PE,BANKNIFTY26OCT57200PE,0.00,0.00,0.00,2153.95,0.00,2153.95,57885.85,1486.45,0,0,0,0.00,0,F1,30,,,,,
2026-08-12,2026-08-12,FO,NSE,IDO,49521,,BANKNIFTY,,2026-10-27,2026-10-27,58000.00,PE,BANKNIFTY26OCT58000PE,1130.00,1150.00,907.80,930.10,930.00,1113.80,57885.85,930.10,22200,3000,350,619606965.00,205,F1,30,,,,,
2026-08-12,2026-08-12,FO,NSE,IDO,49530,,BANKNIFTY,,2026-10-27,2026-10-27,58400.00,PE,BANKNIFTY26OCT58400PE,0.00,0.00,0.00,2783.15,0.00,2783.15,57885.85,2024.38,0,0,0,0.00,0,F1,30,,,,,
2026-08-12,2026-08-12,FO,NSE,IDO,49540,,BANKNIFTY,,2026-10-27,2026-10-27,58700.00,PE,BANKNIFTY26OCT58700PE,0.00,0.00,0.00,2954.95,0.00,2954.95,57885.85,2174.82,0,0,0,0.00,0,F1,30,,,,,
2026-08-12,2026-08-12,FO,NSE,IDO,49542,,BANKNIFTY,,2026-10-27,2026-10-27,58800.00,PE,BANKNIFTY26OCT58800PE,0.00,0.00,0.00,3013.45,0.00,3013.45,57885.85,2226.47,0,0,0,0.00,0,F1,30,,,,,
2026-08-12,2026-08-12,FO,NSE,IDO,49562,,BANKNIFTY,,2026-10-27,2026-10-27,59500.00,PE,BANKNIFTY26OCT59500PE,0.00,0.00,0.00,1752.30,1752.30,1752.30,57885.85,2607.83,60,0,0,0.00,0,F1,30,,,,,
2026-08-12,2026-08-12,FO,NSE,IDO,49566,,BANKNIFTY,,2026-10-27,2026-10-27,59700.00,PE,BANKNIFTY26OCT59700PE,0.00,0.00,0.00,1977.65,1977.65,1977.65,57885.85,2723.06,120,0,0,0.00,0,F1,30,,,,,
2026-08-12,2026-08-12,FO,NSE,IDO,49578,,BANKNIFTY,,2026-10-27,2026-10-27,60200.00,PE,BANKNIFTY26OCT60200PE,0.00,0.00,0.00,2298.30,2298.30,2298.30,57885.85,3023.04,90,0,0,0.00,0,F1,30,,,,,
2026-08-12,2026-08-12,FO,NSE,IDO,49598,,BANKNIFTY,,2026-10-27,2026-10-27,61100.00,PE,BANKNIFTY26OCT61100PE,0.00,0.00,0.00,4522.00,0.00,4522.00,57885.85,3604.28,0,0,0,0.00,0,F1,30,,,,,
2026-08-12,2026-08-12,FO,NSE,IDO,49626,,BANKNIFTY,,2026-10-27,2026-10-27,62300.00,PE,BANKNIFTY26OCT62300PE,0.00,0.00,0.00,5421.35,0.00,5421.35,57885.85,4458.27,0,0,0,0.00,0,F1,30,,,,,
2026-08-12,2026-08-12,FO,NSE,IDO,49628,,BANKNIFTY,,2026-10-27,2026-10-27,62400.00,PE,BANKNIFTY26OCT62400PE,0.00,0.00,0.00,5499.20,0.00,5499.20,57885.85,4533.00,0,0,0,0.00,0,F1,30,,,,,
2026-08-12,2026-08-12,FO,NSE,IDO,53217,,BANKNIFTY,,2026-12-29,2026-12-29,48000.00,PE,BANKNIFTY26DEC48000PE,0.00,0.00,0.00,130.00,130.00,130.00,57885.85,129.41,1080,0,0,0.00,0,F1,30,,,,,
2026-08-12,2026-08-12,FO,NSE,IDO,70766,,BANKNIFTY,,2027-06-29,2027-06-29,51000.00,PE,BANKNIFTY27JUN51000PE,0.00,0.00,0.00,1193.15,0.00,1193.15,57885.85,920.85,0,0,0,0.00,0,F1,30,,,,,
2026-08-12,2026-08-12,FO,NSE,IDO,70791,,BANKNIFTY,,2027-06-29,2027-06-29,55500.00,PE,BANKNIFTY27JUN55500PE,0.00,0.00,0.00,2421.75,0.00,2421.75,57885.85,2038.48,0,0,0,0.00,0,F1,30,,,,,
2026-08-12,2026-08-12,FO,NSE,IDO,70805,,BANKNIFTY,,2027-06-29,2027-06-29,66000.00,PE,BANKNIFTY27JUN66000PE,0.00,0.00,0.00,7602.30,0.00,7602.30,57885.85,7152.13,0,0,0,0.00,0,F1,30,,,,,
2026-08-12,2026-08-12,FO,NSE,IDO,69982,,BANKNIFTY,,2026-09-29,2026-09-29,59600.00,CE,BANKNIFTY26SEP59600CE,460.00,493.70,400.55,481.70,483.70,397.25,57885.85,481.70,6090,270,144,259370628.00,118,F1,30,,,,,
2026-08-12,2026-08-12,FO,NSE,IDO,69944,,BANKNIFTY,,2026-09-29,2026-09-29,59500.00,CE,BANKNIFTY26SEP59500CE,412.30,527.90,396.90,510.55,514.00,422.90,57885.85,510.55,44580,14040,1644,2958166983.00,1008,F1,30,,,,,
2026-08-12,2026-08-12,FO,NSE,IDO,53229,,BANKNIFTY,,2026-12-29,2026-12-29,57000.00,PE,BANKNIFTY26DEC57000PE,1037.95,1038.00,847.75,853.00,850.00,991.35,57885.85,853.00,34200,1560,145,251874060.00,115,F1,30,,,,,
2026-08-12,2026-08-12,FO,NSE,IDO,59280,,BANKNIFTY,,2026-08-25,2026-08-25,62800.00,CE,BANKNIFTY26AUG62800CE,4.55,8.00,3.75,4.50,3.85,434.40,57885.85,4.50,2160,2160,232,437121345.00,95,F1,30,,,,,
2026-08-12,2026-08-12,FO,NSE,IDO,59290,,BANKNIFTY,,2026-08-25,2026-08-25,63200.00,CE,BANKNIFTY26AUG63200CE,4.70,4.70,3.85,3.85,3.85,4.30,57885.85,11.25,270,150,6,11376820.50,3,F1,30,,,,,
2026-08-12,2026-08-12,FO,NSE,IDO,52272,,BANKNIFTY,,2026-09-29,2026-09-29,48000.00,CE,BANKNIFTY26SEP48000CE,0.00,0.00,0.00,10129.10,10129.10,10129.10,57885.85,10303.42,150,0,0,0.00,0,F1,30,,,,,
2026-08-12,2026-08-12,FO,NSE,IDO,52280,,BANKNIFTY,,2026-09-29,2026-09-29,49500.00,CE,BANKNIFTY26SEP49500CE,0.00,0.00,0.00,8922.65,0.00,8922.65,57885.85,8829.74,0,0,0,0.00,0,F1,30,,,,,
2026-08-12,2026-08-12,FO,NSE,IDO,69660,,BANKNIFTY,,2026-09-29,2026-09-29,51700.00,CE,BANKNIFTY26SEP51700CE,0.00,0.00,0.00,6986.65,0.00,6986.65,57885.85,6717.90,0,0,0,0.00,0,F1,30,,,,,
2026-08-12,2026-08-12,FO,NSE,IDO,69698,,BANKNIFTY,,2026-09-29,2026-09-29,53700.00,CE,BANKNIFTY26SEP53700CE,0.00,0.00,0.00,5369.65,0.00,5369.65,57885.85,4919.49,0,0,0,0.00,0,F1,30,,,,,
2026-08-12,2026-08-12,FO,NSE,IDO,69702,,BANKNIFTY,,2026-09-29,2026-09-29,53900.00,CE,BANKNIFTY26SEP53900CE,0.00,0.00,0.00,5218.60,0.00,5218.60,57885.85,4749.89,0,0,0,0.00,0,F1,30,,,,,
2026-08-12,2026-08-12,FO,NSE,IDO,69781,,BANKNIFTY,,2026-09-29,2026-09-29,55700.00,CE,BANKNIFTY26SEP55700CE,0.00,0.00,0.00,3959.30,0.00,3959.30,57885.85,3341.26,0,0,0,0.00,0,F1,30,,,,,
2026-08-12,2026-08-12,FO,NSE,IDO,69824,,BANKNIFTY,,2026-09-29,2026-09-29,57600.00,CE,BANKNIFTY26SEP57600CE,1200.00,1435.40,1200.00,1412.25,1400.00,1228.05,57885.85,1412.25,10020,3960,452,799005027.00,382,F1,30,,,,,
2026-08-12,2026-08-12,FO,NSE,IDO,69838,,BANKNIFTY,,2026-09-29,2026-09-29,58000.00,CE,BANKNIFTY26SEP58000CE,1000.00,1199.00,955.00,1165.25,1169.95,1009.30,57885.85,1165.25,200790,7680,5070,8990490022.50,3467,F1,30,,,,,
2026-08-12,2026-08-12,FO,NSE,IDO,69870,,BANKNIFTY,,2026-09-29,2026-09-29,58800.00,CE,BANKNIFTY26SEP58800CE,732.55,787.90,674.15,773.95,775.85,648.25,57885.85,773.95,4650,210,20,35721772.50,20,F1,30,,,,,
2026-08-12,2026-08-12,FO,NSE,IDO,69917,,BANKNIFTY,,2026-09-29,2026-09-29,59400.00,CE,BANKNIFTY26SEP59400CE,0.00,0.00,0.00,2003.60,0.00,2003.60,57885.85,1280.11,0,0,0,0.00,0,F1,30,,,,,
2026-08-12,2026-08-12,FO,NSE,IDO,70025,,BANKNIFTY,,2026-09-29,2026-09-29,60800.00,CE,BANKNIFTY26SEP60800CE,0.00,0.00,0.00,1485.75,0.00,1485.75,57885.85,813.57,0,0,0,0.00,0,F1,30,,,,,
2026-08-12,2026-08-12,FO,NSE,IDO,70029,,BANKNIFTY,,2026-09-29,2026-09-29,61000.00,CE,BANKNIFTY26SEP61000CE,144.45,189.90,136.20,180.65,184.45,146.10,57885.85,180.65,114570,23220,2815,5165482687.50,1726,F1,30,,,,,
2026-08-12,2026-08-12,FO,NSE,IDO,70033,,BANKNIFTY,,2026-09-29,2026-09-29,61200.00,CE,BANKNIFTY26SEP61200CE,0.00,0.00,0.00,1358.35,0.00,1358.35,57885.85,710.53,0,0,0,0.00,0,F1,30,,,,,
2026-08-12,2026-08-12,FO,NSE,IDO,70051,,BANKNIFTY,,2026-09-29,2026-09-29,62000.00,CE,BANKNIFTY26SEP62000CE,69.15,88.75,66.50,83.95,82.60,69.80,57885.85,83.95,82830,12090,2051,3819631476.00,1267,F1,30,,,,,
2026-08-12,2026-08-12,FO,NSE,IDO,70154,,BANKNIFTY,,2026-09-29,2026-09-29,65000.00,CE,BANKNIFTY26SEP65000CE,0.00,0.00,0.00,530.10,0.00,530.10,57885.85,153.64,0,0,0,0.00,0,F1,30,,,,,
2026-08-12,2026-08-12,FO,NSE,IDO,52420,,BANKNIFTY,,2026-09-29,2026-09-29,66000.00,CE,BANKNIFTY26SEP66000CE,11.50,12.95,9.15,11.15,12.40,11.50,57885.85,11.15,15240,1320,287,568358226.00,162,F1,30,,,,,
2026-08-12,2026-08-12,FO,NSE,IDO,49300,,BANKNIFTY,,2026-10-27,2026-10-27,49500.00,CE,BANKNIFTY26OCT49500CE,0.00,0.00,0.00,8178.25,0.00,8178.25,57885.85,9126.44,0,0,0,0.00,0,F1,30,,,,,
2026-08-12,2026-08-12,FO,NSE,IDO,49381,,BANKNIFTY,,2026-10-27,2026-10-27,52700.00,CE,BANKNIFTY26OCT52700CE,0.00,0.00,0.00,5466.20,0.00,5466.20,57885.85,6223.78,0,0,0,0.00,0,F1,30,,,,,
2026-08-12,2026-08-12,FO,NSE,IDO,49385,,BANKNIFTY,,2026-10-27,2026-10-27,52900.00,CE,BANKNIFTY26OCT52900CE,0.00,0.00,0.00,5311.85,0.00,5311.85,57885.85,6054.22,0,0,0,0.00,0,F1,30,,,,,
2026-08-12,2026-08-12,FO,NSE,IDO,49405,,BANKNIFTY,,2026-10-27,2026-10-27,53600.00,CE,BANKNIFTY26OCT53600CE,0.00,0.00,0.00,4790.50,0.00,4790.50,57885.85,5475.40,0,0,0,0.00,0,F1,30,,,,,
2026-08-12,2026-08-12,FO,NSE,IDO,49457,,BANKNIFTY,,2026-10-27,2026-10-27,55500.00,CE,BANKNIFTY26OCT55500CE,0.00,0.00,0.00,3400.00,3400.00,3400.00,57885.85,4037.52,0,0,0,0.00,0,F1,30,,,,,
2026-08-12,2026-08-12,FO,NSE,IDO,49461,,BANKNIFTY,,2026-10-27,2026-10-27,55700.00,CE,BANKNIFTY26OCT55700CE,0.00,0.00,0.00,3392.10,0.00,3392.10,57885.85,3899.17,0,0,0,0.00,0,F1,30,,,,,
2026-08-12,2026-08-12,FO,NSE,IDO,49581,,BANKNIFTY,,2026-10-27,2026-10-27,60400.00,CE,BANKNIFTY26OCT60400CE,0.00,0.00,0.00,1294.10,0.00,1294.10,57885.85,1452.96,0,0,0,0.00,0,F1,30,,,,,
2026-08-12,2026-08-12,FO,NSE,IDO,49583,,BANKNIFTY,,2026-10-27,2026-10-27,60500.00,CE,BANKNIFTY26OCT60500CE,0.00,0.00,0.00,1264.10,0.00,1264.10,57885.85,1417.63,0,0,0,0.00,0,F1,30,,,,,
2026-08-12,2026-08-12,FO,NSE,IDO,49589,,BANKNIFTY,,2026-10-27,2026-10-27,60800.00,CE,BANKNIFTY26OCT60800CE,0.00,0.00,0.00,1177.30,0.00,1177.30,57885.85,1315.49,0,0,0,0.00,0,F1,30,,,,,
2026-08-12,2026-08-12,FO,NSE,IDO,49593,,BANKNIFTY,,2026-10-27,2026-10-27,60900.00,CE,BANKNIFTY26OCT60900CE,0.00,0.00,0.00,1149.45,0.00,1149.45,57885.85,1282.72,0,0,0,0.00,0,F1,30,,,,,
2026-08-12,2026-08-12,FO,NSE,IDO,49609,,BANKNIFTY,,2026-10-27,2026-10-27,61600.00,CE,BANKNIFTY26OCT61600CE,0.00,0.00,0.00,971.40,0.00,971.40,57885.85,1070.43,0,0,0,0.00,0,F1,30,,,,,
2026-08-12,2026-08-12,FO,NSE,IDO,49657,,BANKNIFTY,,2026-10-27,2026-10-27,63500.00,CE,BANKNIFTY26OCT63500CE,0.00,0.00,0.00,592.10,0.00,592.10,57885.85,631.92,0,0,0,0.00,0,F1,30,,,,,
2026-08-12,2026-08-12,FO,NSE,IDO,49665,,BANKNIFTY,,2026-10-27,2026-10-27,63800.00,CE,BANKNIFTY26OCT63800CE,0.00,0.00,0.00,545.55,0.00,545.55,57885.85,578.50,0,0,0,0.00,0,F1,30,,,,,
2026-08-12,2026-08-12,FO,NSE,IDO,53220,,BANKNIFTY,,2026-12-29,2026-12-29,51000.00,CE,BANKNIFTY26DEC51000CE,0.00,0.00,0.00,11516.25,0.00,11516.25,57885.85,8530.76,0,0,0,0.00,0,F1,30,,,,,
2026-08-12,2026-08-12,FO,NSE,IDO,53235,,BANKNIFTY,,2026-12-29,2026-12-29,58500.00,CE,BANKNIFTY26DEC58500CE,2066.85,3041.05,2066.85,2558.95,2319.10,2131.80,57885.85,2558.95,9630,2610,110,200447895.00,106,F1,30,,,,,
2026-08-12,2026-08-12,FO,NSE,IDO,53250,,BANKNIFTY,,2026-12-29,2026-12-29,66000.00,CE,BANKNIFTY26DEC66000CE,0.00,0.00,0.00,2499.10,0.00,2499.10,57885.85,872.20,0,0,0,0.00,0,F1,30,,,,,
2026-08-12,2026-08-12,FO,NSE,IDO,76398,,BANKNIFTY,,2027-03-30,2027-03-30,57000.00,CE,BANKNIFTY27MAR57000CE,0.00,0.00,0.00,2831.15,0.00,2831.15,57885.85,5476.61,0,0,0,0.00,0,F1,30,,,,,
2026-08-12,2026-08-12,FO,NSE,IDO,76429,,BANKNIFTY,,2027-03-30,2027-03-30,64500.00,CE,BANKNIFTY27MAR64500CE,0.00,0.00,0.00,1094.95,0.00,1094.95,57885.85,2215.07,0,0,0,0.00,0,F1,30,,,,,
2026-08-12,2026-08-12,FO,NSE,IDO,58779,,BANKNIFTY,,2026-08-25,2026-08-25,48500.00,PE,BANKNIFTY26AUG48500PE,4.05,6.20,3.55,4.65,5.80,4.90,57885.85,4.65,5550,-240,84,122231517.00,69,F1,30,,,,,
2026-08-12,2026-08-12,FO,NSE,IDO,58845,,BANKNIFTY,,2026-08-25,2026-08-25,49700.00,PE,BANKNIFTY26AUG49700PE,5.90,5.90,4.75,5.45,5.45,4.95,57885.85,0.02,360,60,5,7455810.00,5,F1,30,,,,,
2026-08-12,2026-08-12,FO,NSE,IDO,58885,,BANKNIFTY,,2026-08-25,2026-08-25,51300.00,PE,BANKNIFTY26AUG51300PE,6.40,7.25,5.35,5.65,5.35,7.15,57885.85,5.65,1170,120,41,63106302.00,32,F1,30,,,,,
2026-08-12,2026-08-12,FO,NSE,IDO,58963,,BANKNIFTY,,2026-08-25,2026-08-25,53600.00,PE,BANKNIFTY26AUG53600PE,15.65,15.65,7.85,9.10,8.95,15.30,57885.85,9.10,14550,2730,1231,1979867325.00,646,F1,30,,,,,
2026-08-12,2026-08-12,FO,NSE,IDO,58977,,BANKNIFTY,,2026-08-25,2026-08-25,53900.00,PE,BANKNIFTY26AUG53900PE,18.10,19.50,10.40,11.65,11.60,18.10,57885.85,11.65,14850,-2490,1956,3163675083.00,1500,F1,30,,,,,
2026-08-12,2026-08-12,FO,NSE,IDO,59087,,BANKNIFTY,,2026-08-25,2026-08-25,57300.00,PE,BANKNIFTY26AUG57300PE,456.85,494.95,252.60,261.10,261.75,438.85,57885.85,261.10,187590,8730,57076,98726627848.50,42538,F1,30,,,,,
2026-08-12,2026-08-12,FO,NSE,IDO,59152,,BANKNIFTY,,2026-08-25,2026-08-25,59300.00,PE,BANKNIFTY26AUG59300PE,1530.80,1688.20,1385.65,1396.70,1401.50,1766.80,57885.85,1396.70,6810,750,233,425571556.50,130,F1,30,,,,,
2026-08-12,2026-08-12,FO,NSE,IDO,59213,,BANKNIFTY,,2026-08-25,2026-08-25,60700.00,PE,BANKNIFTY26AUG60700PE,0.00,0.00,0.00,2552.30,2552.30,2552.30,57885.85,2821.33,30,0,0,0.00,0,F1,30,,,,,
2026-08-12,2026-08-12,FO,NSE,IDO,59285,,BANKNIFTY,,2026-08-25,2026-08-25,62900.00,PE,BANKNIFTY26AUG62900PE,0.00,0.00,0.00,7299.95,0.00,7299.95,57885.85,4894.36,0,0,0,0.00,0,F1,30,,,,,
2026-08-12,2026-08-12,FO,NSE,IDO,59289,,BANKNIFTY,,2026-08-25,2026-08-25,63100.00,PE,BANKNIFTY26AUG63100PE,0.00,0.00,0.00,7473.30,0.00,7473.30,57885.85,5090.72,0,0,0,0.00,0,F1,30,,,,,
2026-08-12,2026-08-12,FO,NSE,IDO,52265,,BANKNIFTY,,2026-09-29,2026-09-29,43500.00,PE,BANKNIFTY26SEP43500PE,0.00,0.00,0.00,20.50,20.50,20.50,57885.85,0.03,1020,0,0,0.00,0,F1,30,,,,,
2026-08-12,2026-08-12,FO,NSE,IDO,52283,,BANKNIFTY,,2026-09-29,2026-09-29,51000.00,PE,BANKNIFTY26SEP51000PE,35.05,39.00,27.00,29.20,31.00,39.00,57885.85,29.20,19620,2100,333,509823117.00,155,F1,30,,,,,
2026-08-12,2026-08-12,FO,NSE,IDO,69671,,BANKNIFTY,,2026-09-29,2026-09-29,52200.00,PE,BANKNIFTY26SEP52200PE,0.00,0.00,0.00,422.10,0.00,422.10,57885.85,119.40,0,0,0,0.00,0,F1,30,,,,,
2026-08-12,2026-08-12,FO,NSE,IDO,69764,,BANKNIFTY,,2026-09-29,2026-09-29,54800.00,PE,BANKNIFTY26SEP54800PE,164.40,178.10,137.80,140.20,137.80,193.60,57885.85,140.20,4200,150,94,155000934.00,31,F1,30,,,,,
2026-08-12,2026-08-12,FO,NSE,IDO,69784,,BANKNIFTY,,2026-09-29,2026-09-29,55800.00,PE,BANKNIFTY26SEP55800PE,0.00,0.00,0.00,747.05,747.05,747.05,57885.85,702.31,30,0,0,0.00,0,F1,30,,,,,
2026-08-12,2026-08-12,FO,NSE,IDO,69786,,BANKNIFTY,,2026-09-29,2026-09-29,55900.00,PE,BANKNIFTY26SEP55900PE,0.00,0.00,0.00,981.55,981.55,981.55,57885.85,730.88,570,0,0,0.00,0,F1,30,,,,,
2026-08-12,2026-08-12,FO,NSE,IDO,69816,,BANKNIFTY,,2026-09-29,2026-09-29,57200.00,PE,BANKNIFTY26SEP57200PE,712.00,712.00,522.65,533.40,522.65,714.40,57885.85,533.40,24300,7980,573,993659202.00,407,F1,30,,,,,
2026-08-12,2026-08-12,FO,NSE,IDO,58908,,BANKNIFTY,,2026-08-25,2026-08-25,51600.00,CE,BANKNIFTY26AUG51600CE,0.00,0.00,0.00,4986.75,0.00,4986.75,57885.85,6397.86,0,0,0,0.00,0,F1,30,,,,,
2026-08-12,2026-08-12,FO,NSE,IDO,58858,,BANKNIFTY,,2026-08-25,2026-08-25,50100.00,CE,BANKNIFTY26AUG50100CE,0.00,0.00,0.00,6167.55,0.00,6167.55,57885.85,7893.91,0,0,0,0.00,0,F1,30,,,,,
2026-08-12,2026-08-12,FO,NSE,IDF,68390,,BANKNIFTY,,2026-09-29,2026-09-29,,,BANKNIFTY26SEPFUT,57600.20,58400.00,57600.20,58352.00,58349.00,57954.80,57885.85,58352.00,186510,-1920,1706,2978944206.00,1442,F1,30,,,,,
2026-08-12,2026-08-12,FO,NSE,IDO,70799,,BANKNIFTY,,2027-06-29,2027-06-29,61500.00,PE,BANKNIFTY27JUN61500PE,0.00,0.00,0.00,4995.95,0.00,4995.95,57885.85,4535.60,0,0,0,0.00,0,F1,30,,,,,
2026-08-12,2026-08-12,FO,NSE,IDO,70771,,BANKNIFTY,,2027-06-29,2027-06-29,52500.00,PE,BANKNIFTY27JUN52500PE,0.00,0.00,0.00,1541.40,0.00,1541.40,57885.85,1227.62,0,0,0,0.00,0,F1,30,,,,,
2026-08-12,2026-08-12,FO,NSE,IDO,49688,,BANKNIFTY,,2026-10-27,2026-10-27,64500.00,PE,BANKNIFTY26OCT64500PE,0.00,0.00,0.00,7224.45,0.00,7224.45,57885.85,6207.40,0,0,0,0.00,0,F1,30,,,,,
2026-08-12,2026-08-12,FO,NSE,IDO,49662,,BANKNIFTY,,2026-10-27,2026-10-27,63600.00,PE,BANKNIFTY26OCT63600PE,0.00,0.00,0.00,6465.40,0.00,6465.40,57885.85,5465.01,0,0,0,0.00,0,F1,30,,,,,
2026-08-12,2026-08-12,FO,NSE,IDO,49584,,BANKNIFTY,,2026-10-27,2026-10-27,60500.00,PE,BANKNIFTY26OCT60500PE,0.00,0.00,0.00,4099.80,0.00,4099.80,57885.85,3211.02,0,0,0,0.00,0,F1,30,,,,,
2026-08-12,2026-08-12,FO,NSE,IDO,49574,,BANKNIFTY,,2026-10-27,2026-10-27,60000.00,PE,BANKNIFTY26OCT60000PE,2287.80,2287.80,1990.05,1990.10,1990.05,2279.00,57885.85,1990.10,6240,510,65,121085923.50,57,F1,30,,,,,
2026-08-12,2026-08-12,FO,NSE,IDO,49532,,BANKNIFTY,,2026-10-27,2026-10-27,58500.00,PE,BANKNIFTY26OCT58500PE,0.00,0.00,0.00,1750.00,1750.00,1750.00,57885.85,2073.66,30,0,0,0.00,0,F1,30,,,,,
2026-08-12,2026-08-12,FO,NSE,IDO,49518,,BANKNIFTY,,2026-10-27,2026-10-27,57900.00,PE,BANKNIFTY26OCT57900PE,0.00,0.00,0.00,2509.55,0.00,2509.55,57885.85,1787.64,0,0,0,0.00,0,F1,30,,,,,
2026-08-12,2026-08-12,FO,NSE,IDO,49440,,BANKNIFTY,,2026-10-27,2026-10-27,54900.00,PE,BANKNIFTY26OCT54900PE,0.00,0.00,0.00,1211.15,0.00,1211.15,57885.85,738.34,0,0,0,0.00,0,F1,30,,,,,
2026-08-12,2026-08-12,FO,NSE,IDO,49356,,BANKNIFTY,,2026-10-27,2026-10-27,51500.00,PE,BANKNIFTY26OCT51500PE,0.00,0.00,0.00,404.75,0.00,404.75,57885.85,190.69,0,0,0,0.00,0,F1,30,,,,,
2026-08-12,2026-08-12,FO,NSE,IDO,70110,,BANKNIFTY,,2026-09-29,2026-09-29,63700.00,PE,BANKNIFTY26SEP63700PE,0.00,0.00,0.00,5925.20,0.00,5925.20,57885.85,5537.58,0,0,0,0.00,0,F1,30,,,,,
2026-08-12,2026-08-12,FO,NSE,IDO,70077,,BANKNIFTY,,2026-09-29,2026-09-29,62000.00,PE,BANKNIFTY26SEP62000PE,3950.00,3950.00,3650.00,3700.00,3700.00,4030.05,57885.85,4111.86,3480,60,4,7888500.00,4,F1,30,,,,,
2026-08-12,2026-08-12,FO,NSE,IDO,70028,,BANKNIFTY,,2026-09-29,2026-09-29,60900.00,PE,BANKNIFTY26SEP60900PE,0.00,0.00,0.00,3876.05,0.00,3876.05,57885.85,3277.13,0,0,0,0.00,0,F1,30,,,,,
2026-08-12,2026-08-12,FO,NSE,IDO,70012,,BANKNIFTY,,2026-09-29,2026-09-29,60100.00,PE,BANKNIFTY26SEP60100PE,0.00,0.00,0.00,3365.55,0.00,3365.55,57885.85,2725.01,0,0,0,0.00,0,F1,30,,,,,
2026-08-12,2026-08-12,FO,NSE,IDO,52361,,BANKNIFTY,,2026-09-29,2026-09-29,60000.00,PE,BANKNIFTY26SEP60000PE,2491.55,2491.55,1975.20,2008.10,2001.15,2305.75,57885.85,2008.10,102150,9090,604,1124516628.00,463,F1,30,,,,,
2026-08-12,2026-08-12,FO,NSE,IDO,69871,,BANKNIFTY,,2026-09-29,2026-09-29,58800.00,PE,BANKNIFTY26SEP58800PE,1213.05,1238.85,1212.60,1227.45,1229.75,1285.45,57885.85,1227.45,1470,390,35,63026959.50,34,F1,30,,,,,
2026-08-12,2026-08-12,FO,NSE,IDO,69869,,BANKNIFTY,,2026-09-29,2026-09-29,58700.00,PE,BANKNIFTY26SEP58700PE,1285.25,1347.85,1138.85,1138.85,1138.85,1408.25,57885.85,1885.19,2040,300,41,73792204.50,38,F1,30,,,,,
2026-08-12,2026-08-12,FO,NSE,IDO,69819,,BANKNIFTY,,2026-09-29,2026-09-29,57300.00,PE,BANKNIFTY26SEP57300PE,789.95,790.00,554.00,563.10,557.45,749.90,57885.85,563.10,13410,2130,257,446790007.50,198,F1,30,,,,,
2026-08-12,2026-08-12,FO,NSE,IDO,69802,,BANKNIFTY,,2026-09-29,2026-09-29,56500.00,PE,BANKNIFTY26SEP56500PE,549.95,549.95,355.55,358.85,358.50,490.30,57885.85,358.85,78840,5160,1942,3315028195.50,1136,F1,30,,,,,
2026-08-12,2026-08-12,FO,NSE,IDO,69774,,BANKNIFTY,,2026-09-29,2026-09-29,55200.00,PE,BANKNIFTY26SEP55200PE,0.00,0.00,0.00,1100.15,1100.15,1100.15,57885.85,548.29,30,0,0,0.00,0,F1,30,,,,,
2026-08-12,2026-08-12,FO,NSE,IDO,69721,,BANKNIFTY,,2026-09-29,2026-09-29,54400.00,PE,BANKNIFTY26SEP54400PE,157.20,158.85,110.55,112.50,113.65,154.65,57885.85,112.50,7770,-1170,258,422097945.00,152,F1,30,,,,,
2026-08-12,2026-08-12,FO,NSE,IDO,69699,,BANKNIFTY,,2026-09-29,2026-09-29,53700.00,PE,BANKNIFTY26SEP53700PE,0.00,0.00,0.00,703.05,0.00,703.05,57885.85,272.37,0,0,0,0.00,0,F1,30,,,,,
2026-08-12,2026-08-12,FO,NSE,IDO,69691,,BANKNIFTY,,2026-09-29,2026-09-29,53300.00,PE,BANKNIFTY26SEP53300PE,0.00,0.00,0.00,617.55,0.00,617.55,57885.85,221.44,0,0,0,0.00,0,F1,30,,,,,
2026-08-12,2026-08-12,FO,NSE,IDO,69687,,BANKNIFTY,,2026-09-29,2026-09-29,53100.00,PE,BANKNIFTY26SEP53100PE,0.00,0.00,0.00,577.80,0.00,577.80,57885.85,198.98,0,0,0,0.00,0,F1,30,,,,,
2026-08-12,2026-08-12,FO,NSE,IDO,69669,,BANKNIFTY,,2026-09-29,2026-09-29,52100.00,PE,BANKNIFTY26SEP52100PE,0.00,0.00,0.00,54.00,54.00,54.00,57885.85,112.47,300,0,0,0.00,0,F1,30,,,,,
2026-08-12,2026-08-12,FO,NSE,IDO,69665,,BANKNIFTY,,2026-09-29,2026-09-29,51900.00,PE,BANKNIFTY26SEP51900PE,0.00,0.00,0.00,378.05,0.00,378.05,57885.85,99.59,0,0,0,0.00,0,F1,30,,,,,
2026-08-12,2026-08-12,FO,NSE,IDO,52271,,BANKNIFTY,,2026-09-29,2026-09-29,46500.00,PE,BANKNIFTY26SEP46500PE,16.00,16.95,14.50,15.00,15.00,18.80,57885.85,15.00,11130,-2460,105,146521657.50,32,F1,30,,,,,
2026-08-12,2026-08-12,FO,NSE,IDO,59301,,BANKNIFTY,,2026-08-25,2026-08-25,63500.00,PE,BANKNIFTY26AUG63500PE,0.00,0.00,0.00,5584.20,5584.20,5584.20,57885.85,5485.15,900,0,0,0.00,0,F1,30,,,,,
2026-08-12,2026-08-12,FO,NSE,IDO,59180,,BANKNIFTY,,2026-08-25,2026-08-25,60200.00,PE,BANKNIFTY26AUG60200PE,0.00,0.00,0.00,2366.80,2366.80,2366.80,57885.85,2392.48,360,0,0,0.00,0,F1,30,,,,,
2026-08-12,2026-08-12,FO,NSE,IDO,59109,,BANKNIFTY,,2026-08-25,2026-08-25,58000.00,PE,BANKNIFTY26AUG58000PE,824.95,866.00,501.00,523.10,528.00,784.05,57885.85,523.10,1454310,-84570,122373,215267083884.00,71877,F1,30,,,,,
2026-08-12,2026-08-12,FO,NSE,IDO,59046,,BANKNIFTY,,2026-08-25,2026-08-25,56200.00,PE,BANKNIFTY26AUG56200PE,151.90,168.90,77.30,79.15,79.65,148.90,57885.85,79.15,88950,26220,10216,17256780744.00,6991,F1,30,,,,,
2026-08-12,2026-08-12,FO,NSE,IDO,59029,,BANKNIFTY,,2026-08-25,2026-08-25,55800.00,PE,BANKNIFTY26AUG55800PE,96.00,111.40,49.90,51.45,52.05,97.90,57885.85,51.45,90360,26400,7521,12605331780.00,3906,F1,30,,,,,
2026-08-12,2026-08-12,FO,NSE,IDO,58999,,BANKNIFTY,,2026-08-25,2026-08-25,54700.00,PE,BANKNIFTY26AUG54700PE,34.60,34.60,17.95,18.70,19.50,32.15,57885.85,18.70,36210,11880,2241,3678994854.00,1620,F1,30,,,,,
2026-08-12,2026-08-12,FO,NSE,IDO,58989,,BANKNIFTY,,2026-08-25,2026-08-25,54400.00,PE,BANKNIFTY26AUG54400PE,26.45,26.45,14.75,15.55,14.85,25.20,57885.85,15.55,29760,9360,3201,5225881204.50,2249,F1,30,,,,,
2026-08-12,2026-08-12,FO,NSE,IDO,58925,,BANKNIFTY,,2026-08-25,2026-08-25,52200.00,PE,BANKNIFTY26AUG52200PE,7.75,8.95,5.35,7.00,7.00,7.95,57885.85,7.00,3090,-450,51,79876903.50,27,F1,30,,,,,
2026-08-12,2026-08-12,FO,NSE,IDO,58907,,BANKNIFTY,,2026-08-25,2026-08-25,51500.00,PE,BANKNIFTY26AUG51500PE,6.00,7.95,5.10,5.70,6.00,7.65,57885.85,5.70,73170,-21150,3735,5771276980.50,1441,F1,30,,,,,
2026-08-12,2026-08-12,FO,NSE,IDO,58815,,BANKNIFTY,,2026-08-25,2026-08-25,49100.00,PE,BANKNIFTY26AUG49100PE,5.00,5.00,5.00,5.00,5.00,4.65,57885.85,0.00,630,60,2,2946300.00,2,F1,30,,,,,
2026-08-12,2026-08-12,FO,NSE,IDO,70792,,BANKNIFTY,,2027-06-29,2027-06-29,57000.00,CE,BANKNIFTY27JUN57000CE,0.00,0.00,0.00,6924.35,0.00,6924.35,57885.85,6633.20,0,0,0,0.00,0,F1,30,,,,,
2026-08-12,2026-08-12,FO,NSE,IDO,76392,,BANKNIFTY,,2027-03-30,2027-03-30,52500.00,CE,BANKNIFTY27MAR52500CE,0.00,0.00,0.00,4655.40,0.00,4655.40,57885.85,8478.06,0,0,0,0.00,0,F1,30,,,,,
2026-08-12,2026-08-12,FO,NSE,IDO,76390,,BANKNIFTY,,2027-03-30,2027-03-30,51000.00,CE,BANKNIFTY27MAR51000CE,0.00,0.00,0.00,5420.45,0.00,5420.45,57885.85,9635.71,0,0,0,0.00,0,F1,30,,,,,
2026-08-12,2026-08-12,FO,NSE,IDO,76388,,BANKNIFTY,,2027-03-30,2027-03-30,49500.00,CE,BANKNIFTY27MAR49500CE,0.00,0.00,0.00,6266.75,0.00,6266.75,57885.85,10859.10,0,0,0,0.00,0,F1,30,,,,,
2026-08-12,2026-08-12,FO,NSE,IDO,49668,,BANKNIFTY,,2026-10-27,2026-10-27,63900.00,CE,BANKNIFTY26OCT63900CE,0.00,0.00,0.00,530.75,0.00,530.75,57885.85,561.55,0,0,0,0.00,0,F1,30,,,,,
2026-08-12,2026-08-12,FO,NSE,IDO,49621,,BANKNIFTY,,2026-10-27,2026-10-27,62100.00,CE,BANKNIFTY26OCT62100CE,0.00,0.00,0.00,855.25,0.00,855.25,57885.85,936.35,0,0,0,0.00,0,F1,30,,,,,
2026-08-12,2026-08-12,FO,NSE,IDO,49585,,BANKNIFTY,,2026-10-27,2026-10-27,60600.00,CE,BANKNIFTY26OCT60600CE,0.00,0.00,0.00,1234.65,0.00,1234.65,57885.85,1382.94,0,0,0,0.00,0,F1,30,,,,,
2026-08-12,2026-08-12,FO,NSE,IDO,49573,,BANKNIFTY,,2026-10-27,2026-10-27,60000.00,CE,BANKNIFTY26OCT60000CE,580.00,707.05,570.00,694.70,693.35,606.35,57885.85,694.70,7230,4350,362,658575277.50,210,F1,30,,,,,
2026-08-12,2026-08-12,FO,NSE,IDO,49563,,BANKNIFTY,,2026-10-27,2026-10-27,59600.00,CE,BANKNIFTY26OCT59600CE,0.00,0.00,0.00,1554.35,0.00,1554.35,57885.85,1759.50,0,0,0,0.00,0,F1,30,,,,,
2026-08-12,2026-08-12,FO,NSE,IDO,49561,,BANKNIFTY,,2026-10-27,2026-10-27,59500.00,CE,BANKNIFTY26OCT59500CE,0.00,0.00,0.00,1589.45,0.00,1589.45,57885.85,1800.87,0,0,0,0.00,0,F1,30,,,,,
2026-08-12,2026-08-12,FO,NSE,IDO,49543,,BANKNIFTY,,2026-10-27,2026-10-27,58900.00,CE,BANKNIFTY26OCT58900CE,0.00,0.00,0.00,1812.85,0.00,1812.85,57885.85,2063.74,0,0,0,0.00,0,F1,30,,,,,
2026-08-12,2026-08-12,FO,NSE,IDO,49531,,BANKNIFTY,,2026-10-27,2026-10-27,58500.00,CE,BANKNIFTY26OCT58500CE,1125.00,1350.00,1125.00,1350.00,1350.00,1164.75,57885.85,2253.14,4080,930,52,93177672.00,38,F1,30,,,,,
2026-08-12,2026-08-12,FO,NSE,IDO,49522,,BANKNIFTY,,2026-10-27,2026-10-27,58100.00,CE,BANKNIFTY26OCT58100CE,0.00,0.00,0.00,2145.30,0.00,2145.30,57885.85,2454.23,0,0,0,0.00,0,F1,30,,,,,
2026-08-12,2026-08-12,FO,NSE,IDO,49513,,BANKNIFTY,,2026-10-27,2026-10-27,57800.00,CE,BANKNIFTY26OCT57800CE,0.00,0.00,0.00,2280.50,0.00,2280.50,57885.85,2612.44,0,0,0,0.00,0,F1,30,,,,,
2026-08-12,2026-08-12,FO,NSE,IDO,49495,,BANKNIFTY,,2026-10-27,2026-10-27,57000.00,CE,BANKNIFTY26OCT57000CE,1990.00,2284.15,1990.00,2267.15,2267.15,2049.65,57885.85,3065.98,7650,1320,88,156105820.50,68,F1,30,,,,,
2026-08-12,2026-08-12,FO,NSE,IDO,49487,,BANKNIFTY,,2026-10-27,2026-10-27,56700.00,CE,BANKNIFTY26OCT56700CE,0.00,0.00,0.00,2826.70,0.00,2826.70,57885.85,3247.84,0,0,0,0.00,0,F1,30,,,,,
2026-08-12,2026-08-12,FO,NSE,IDO,49463,,BANKNIFTY,,2026-10-27,2026-10-27,55800.00,CE,BANKNIFTY26OCT55800CE,0.00,0.00,0.00,3332.60,0.00,3332.60,57885.85,3830.98,0,0,0,0.00,0,F1,30,,,,,
2026-08-12,2026-08-12,FO,NSE,IDO,49423,,BANKNIFTY,,2026-10-27,2026-10-27,54400.00,CE,BANKNIFTY26OCT54400CE,0.00,0.00,0.00,4223.85,0.00,4223.85,57885.85,4844.72,0,0,0,0.00,0,F1,30,,,,,
2026-08-12,2026-08-12,FO,NSE,IDO,49421,,BANKNIFTY,,2026-10-27,2026-10-27,54300.00,CE,BANKNIFTY26OCT54300CE,0.00,0.00,0.00,4292.25,0.00,4292.25,57885.85,4921.62,0,0,0,0.00,0,F1,30,,,,,
2026-08-12,2026-08-12,FO,NSE,IDO,49359,,BANKNIFTY,,2026-10-27,2026-10-27,51700.00,CE,BANKNIFTY26OCT51700CE,0.00,0.00,0.00,6267.90,0.00,6267.90,57885.85,7096.27,0,0,0,0.00,0,F1,30,,,,,
2026-08-12,2026-08-12,FO,NSE,IDO,70113,,BANKNIFTY,,2026-09-29,2026-09-29,63900.00,CE,BANKNIFTY26SEP63900CE,0.00,0.00,0.00,708.00,0.00,708.00,57885.85,248.75,0,0,0,0.00,0,F1,30,,,,,
2026-08-12,2026-08-12,FO,NSE,IDO,70111,,BANKNIFTY,,2026-09-29,2026-09-29,63800.00,CE,BANKNIFTY26SEP63800CE,0.00,0.00,0.00,726.40,0.00,726.40,57885.85,259.48,0,0,0,0.00,0,F1,30,,,,,
2026-08-12,2026-08-12,FO,NSE,IDO,70109,,BANKNIFTY,,2026-09-29,2026-09-29,63700.00,CE,BANKNIFTY26SEP63700CE,0.00,0.00,0.00,745.15,0.00,745.15,57885.85,270.60,0,0,0,0.00,0,F1,30,,,,,
2026-08-12,2026-08-12,FO,NSE,IDO,70103,,BANKNIFTY,,2026-09-29,2026-09-29,63400.00,CE,BANKNIFTY26SEP63400CE,0.00,0.00,0.00,803.90,0.00,803.90,57885.85,306.41,0,0,0,0.00,0,F1,30,,,,,
2026-08-12,2026-08-12,FO,NSE,IDO,70101,,BANKNIFTY,,2026-09-29,2026-09-29,63300.00,CE,BANKNIFTY26SEP63300CE,0.00,0.00,0.00,824.30,0.00,824.30,57885.85,319.21,0,0,0,0.00,0,F1,30,,,,,
2026-08-12,2026-08-12,FO,NSE,IDO,52404,,BANKNIFTY,,2026-09-29,2026-09-29,63000.00,CE,BANKNIFTY26SEP63000CE,36.00,44.25,31.35,40.50,44.25,35.25,57885.85,40.50,163230,4620,3470,6562116009.00,1617,F1,30,,,,,
2026-08-12,2026-08-12,FO,NSE,IDO,70093,,BANKNIFTY,,2026-09-29,2026-09-29,62800.00,CE,BANKNIFTY26SEP62800CE,0.00,0.00,0.00,934.80,0.00,934.80,57885.85,390.08,0,0,0,0.00,0,F1,30,,,,,
2026-08-12,2026-08-12,FO,NSE,IDO,70082,,BANKNIFTY,,2026-09-29,2026-09-29,62300.00,CE,BANKNIFTY26SEP62300CE,0.00,0.00,0.00,1051.50,0.00,1051.50,57885.85,473.55,0,0,0,0.00,0,F1,30,,,,,
2026-08-12,2026-08-12,FO,NSE,IDO,52388,,BANKNIFTY,,2026-09-29,2026-09-29,61500.00,CE,BANKNIFTY26SEP61500CE,97.95,130.60,94.25,123.40,126.95,99.65,57885.85,123.40,47790,3510,1071,1979562907.50,715,F1,30,,,,,
2026-08-12,2026-08-12,FO,NSE,IDO,70035,,BANKNIFTY,,2026-09-29,2026-09-29,61300.00,CE,BANKNIFTY26SEP61300CE,0.00,0.00,0.00,1327.90,0.00,1327.90,57885.85,686.10,0,0,0,0.00,0,F1,30,,,,,
2026-08-12,2026-08-12,FO,NSE,IDO,69895,,BANKNIFTY,,2026-09-29,2026-09-29,59000.00,CE,BANKNIFTY26SEP59000CE,580.75,711.45,547.00,689.50,695.40,580.75,57885.85,689.50,131370,8340,1820,3256724307.00,1224,F1,30,,,,,
2026-08-12,2026-08-12,FO,NSE,IDO,69850,,BANKNIFTY,,2026-09-29,2026-09-29,58400.00,CE,BANKNIFTY26SEP58400CE,896.90,979.80,836.00,956.20,956.65,979.80,57885.85,956.20,14940,4200,278,494671702.50,251,F1,30,,,,,
2026-08-12,2026-08-12,FO,NSE,IDO,69811,,BANKNIFTY,,2026-09-29,2026-09-29,56900.00,CE,BANKNIFTY26SEP56900CE,1674.95,1900.00,1674.95,1900.00,1900.00,1588.95,57885.85,2537.52,1650,-30,4,7041159.00,4,F1,30,,,,,
2026-08-12,2026-08-12,FO,NSE,IDO,69700,,BANKNIFTY,,2026-09-29,2026-09-29,53800.00,CE,BANKNIFTY26SEP53800CE,0.00,0.00,0.00,5293.85,0.00,5293.85,57885.85,4834.41,0,0,0,0.00,0,F1,30,,,,,
2026-08-12,2026-08-12,FO,NSE,IDO,69696,,BANKNIFTY,,2026-09-29,2026-09-29,53600.00,CE,BANKNIFTY26SEP53600CE,0.00,0.00,0.00,5446.00,0.00,5446.00,57885.85,5005.11,0,0,0,0.00,0,F1,30,,,,,
2026-08-12,2026-08-12,FO,NSE,IDO,69688,,BANKNIFTY,,2026-09-29,2026-09-29,53200.00,CE,BANKNIFTY26SEP53200CE,0.00,0.00,0.00,5756.35,0.00,5756.35,57885.85,5352.80,0,0,0,0.00,0,F1,30,,,,,
2026-08-12,2026-08-12,FO,NSE,IDO,69686,,BANKNIFTY,,2026-09-29,2026-09-29,53100.00,CE,BANKNIFTY26SEP53100CE,0.00,0.00,0.00,5835.15,0.00,5835.15,57885.85,5440.95,0,0,0,0.00,0,F1,30,,,,,
2026-08-12,2026-08-12,FO,NSE,IDO,52268,,BANKNIFTY,,2026-09-29,2026-09-29,45000.00,CE,BANKNIFTY26SEP45000CE,0.00,0.00,0.00,12567.35,0.00,12567.35,57885.85,13272.62,0,0,0,0.00,0,F1,30,,,,,
2026-08-12,2026-08-12,FO,NSE,IDO,59340,,BANKNIFTY,,2026-08-25,2026-08-25,65000.00,CE,BANKNIFTY26AUG65000CE,2.10,2.20,1.80,1.95,1.90,2.05,57885.85,1.95,276420,-5220,2251,4389583798.50,1336,F1,30,,,,,
2026-08-12,2026-08-12,FO,NSE,IDO,59178,,BANKNIFTY,,2026-08-25,2026-08-25,60200.00,CE,BANKNIFTY26AUG60200CE,22.85,34.90,19.65,30.55,31.70,23.05,57885.85,30.55,35190,13650,3792,6851422618.50,2346,F1,30,,,,,
2026-08-12,2026-08-12,FO,NSE,IDO,59151,,BANKNIFTY,,2026-08-25,2026-08-25,59300.00,CE,BANKNIFTY26AUG59300CE,66.65,120.75,61.60,107.95,110.50,72.20,57885.85,107.95,70980,2070,9968,17760526471.50,6443,F1,30,,,,,
2026-08-12,2026-08-12,FO,NSE,IDO,59136,,BANKNIFTY,,2026-08-25,2026-08-25,58700.00,CE,BANKNIFTY26AUG58700CE,152.95,264.25,136.00,242.35,242.65,158.40,57885.85,242.35,141450,21630,13296,23496682158.00,9759,F1,30,,,,,
2026-08-12,2026-08-12,FO,NSE,IDO,59077,,BANKNIFTY,,2026-08-25,2026-08-25,56900.00,CE,BANKNIFTY26AUG56900CE,980.00,1320.00,902.95,1273.80,1261.95,982.35,57885.85,1273.80,71910,-600,1306,2273703109.50,856,F1,30,,,,,
2026-08-12,2026-08-12,FO,NSE,IDO,59022,,BANKNIFTY,,2026-08-25,2026-08-25,55700.00,CE,BANKNIFTY26AUG55700CE,2237.60,2237.60,2237.15,2237.15,2237.15,1970.10,57885.85,2473.81,630,90,3,5214357.00,3,F1,30,,,,,
2026-08-12,2026-08-12,FO,NSE,IDO,58965,,BANKNIFTY,,2026-08-25,2026-08-25,53700.00,CE,BANKNIFTY26AUG53700CE,0.00,0.00,0.00,3547.15,0.00,3547.15,57885.85,4320.58,0,0,0,0.00,0,F1,30,,,,,
2026-08-12,2026-08-12,FO,NSE,IDO,58958,,BANKNIFTY,,2026-08-25,2026-08-25,53400.00,CE,BANKNIFTY26AUG53400CE,0.00,0.00,0.00,3735.80,0.00,3735.80,57885.85,4613.73,0,0,0,0.00,0,F1,30,,,,,
2026-08-12,2026-08-12,FO,NSE,IDO,70021,,BANKNIFTY,,2026-09-29,2026-09-29,60600.00,CE,BANKNIFTY26SEP60600CE,0.00,0.00,0.00,1552.75,0.00,1552.75,57885.85,870.74,0,0,0,0.00,0,F1,30,,,,,
2026-08-12,2026-08-12,FO,NSE,IDO,76432,,BANKNIFTY,,2027-03-30,2027-03-30,64500.00,PE,BANKNIFTY27MAR64500PE,0.00,0.00,0.00,10820.75,0.00,10820.75,57885.85,6217.34,0,0,0,0.00,0,F1,30,,,,,
2026-08-12,2026-08-12,FO,NSE,IDO,76397,,BANKNIFTY,,2027-03-30,2027-03-30,55500.00,PE,BANKNIFTY27MAR55500PE,0.00,0.00,0.00,4717.35,0.00,4717.35,57885.85,1758.33,0,0,0,0.00,0,F1,30,,,,,
2026-08-12,2026-08-12,FO,NSE,IDO,76391,,BANKNIFTY,,2027-03-30,2027-03-30,51000.00,PE,BANKNIFTY27MAR51000PE,0.00,0.00,0.00,2587.90,0.00,2587.90,57885.85,684.65,0,0,0,0.00,0,F1,30,,,,,
2026-08-12,2026-08-12,FO,NSE,IDO,76389,,BANKNIFTY,,2027-03-30,2027-03-30,49500.00,PE,BANKNIFTY27MAR49500PE,0.00,0.00,0.00,2038.80,0.00,2038.80,57885.85,468.79,0,0,0,0.00,0,F1,30,,,,,
2026-08-12,2026-08-12,FO,NSE,IDO,53251,,BANKNIFTY,,2026-12-29,2026-12-29,66000.00,PE,BANKNIFTY26DEC66000PE,0.00,0.00,0.00,7592.00,7592.00,7592.00,57885.85,7357.97,60,0,0,0.00,0,F1,30,,,,,
2026-08-12,2026-08-12,FO,NSE,IDO,53227,,BANKNIFTY,,2026-12-29,2026-12-29,55500.00,PE,BANKNIFTY26DEC55500PE,621.00,621.00,540.00,548.00,545.75,636.00,57885.85,548.00,2550,-240,65,109346739.00,44,F1,30,,,,,
2026-08-12,2026-08-12,FO,NSE,IDO,49646,,BANKNIFTY,,2026-10-27,2026-10-27,62900.00,PE,BANKNIFTY26OCT62900PE,0.00,0.00,0.00,5894.85,0.00,5894.85,57885.85,4911.77,0,0,0,0.00,0,F1,30,,,,,
2026-08-12,2026-08-12,FO,NSE,IDO,49618,,BANKNIFTY,,2026-10-27,2026-10-27,61900.00,PE,BANKNIFTY26OCT61900PE,0.00,0.00,0.00,5116.40,0.00,5116.40,57885.85,4162.69,0,0,0,0.00,0,F1,30,,,,,
2026-08-12,2026-08-12,FO,NSE,IDO,49564,,BANKNIFTY,,2026-10-27,2026-10-27,59600.00,PE,BANKNIFTY26OCT59600PE,0.00,0.00,0.00,1954.55,1954.55,1954.55,57885.85,2665.10,90,0,0,0.00,0,F1,30,,,,,
2026-08-12,2026-08-12,FO,NSE,IDO,49524,,BANKNIFTY,,2026-10-27,2026-10-27,58100.00,PE,BANKNIFTY26OCT58100PE,0.00,0.00,0.00,2617.10,0.00,2617.10,57885.85,1880.18,0,0,0,0.00,0,F1,30,,,,,
2026-08-12,2026-08-12,FO,NSE,IDO,49502,,BANKNIFTY,,2026-10-27,2026-10-27,57300.00,PE,BANKNIFTY26OCT57300PE,0.00,0.00,0.00,2202.80,0.00,2202.80,57885.85,1527.33,0,0,0,0.00,0,F1,30,,,,,
2026-08-12,2026-08-12,FO,NSE,IDO,49476,,BANKNIFTY,,2026-10-27,2026-10-27,56300.00,PE,BANKNIFTY26OCT56300PE,0.00,0.00,0.00,1743.75,0.00,1743.75,57885.85,1150.50,0,0,0,0.00,0,F1,30,,,,,
2026-08-12,2026-08-12,FO,NSE,IDO,52421,,BANKNIFTY,,2026-09-29,2026-09-29,66000.00,PE,BANKNIFTY26SEP66000PE,7355.30,7355.30,7355.30,7355.30,7355.30,7200.00,57885.85,7355.30,120,30,1,2200659.00,1,F1,30,,,,,
2026-08-12,2026-08-12,FO,NSE,IDO,70102,,BANKNIFTY,,2026-09-29,2026-09-29,63300.00,PE,BANKNIFTY26SEP63300PE,0.00,0.00,0.00,5610.45,0.00,5610.45,57885.85,5189.63,0,0,0,0.00,0,F1,30,,,,,
2026-08-12,2026-08-12,FO,NSE,IDO,70096,,BANKNIFTY,,2026-09-29,2026-09-29,62900.00,PE,BANKNIFTY26SEP62900PE,0.00,0.00,0.00,5304.65,0.00,5304.65,57885.85,4848.80,0,0,0,0.00,0,F1,30,,,,,
2026-08-12,2026-08-12,FO,NSE,IDO,70079,,BANKNIFTY,,2026-09-29,2026-09-29,62100.00,PE,BANKNIFTY26SEP62100PE,0.00,0.00,0.00,4707.30,0.00,4707.30,57885.85,4191.51,0,0,0,0.00,0,F1,30,,,,,
2026-08-12,2026-08-12,FO,NSE,IDO,70046,,BANKNIFTY,,2026-09-29,2026-09-29,61800.00,PE,BANKNIFTY26SEP61800PE,0.00,0.00,0.00,4492.50,0.00,4492.50,57885.85,3954.37,0,0,0,0.00,0,F1,30,,,,,
2026-08-12,2026-08-12,FO,NSE,IDO,70003,,BANKNIFTY,,2026-09-29,2026-09-29,59800.00,PE,BANKNIFTY26SEP59800PE,0.00,0.00,0.00,3183.70,0.00,3183.70,57885.85,2531.01,0,0,0,0.00,0,F1,30,,,,,
2026-08-12,2026-08-12,FO,NSE,IDO,69993,,BANKNIFTY,,2026-09-29,2026-09-29,59600.00,PE,BANKNIFTY26SEP59600PE,0.00,0.00,0.00,3065.45,0.00,3065.45,57885.85,2405.83,0,0,0,0.00,0,F1,30,,,,,
2026-08-12,2026-08-12,FO,NSE,IDO,69846,,BANKNIFTY,,2026-09-29,2026-09-29,58200.00,PE,BANKNIFTY26SEP58200PE,1106.95,1106.95,906.00,918.05,922.35,1226.80,57885.85,918.05,5340,240,95,168613212.00,78,F1,30,,,,,
2026-08-12,2026-08-12,FO,NSE,IDO,69823,,BANKNIFTY,,2026-09-29,2026-09-29,57500.00,PE,BANKNIFTY26SEP57500PE,832.05,880.80,613.40,627.25,613.40,827.65,57885.85,627.25,276300,200280,11640,20326193983.50,4840,F1,30,,,,,
2026-08-12,2026-08-12,FO,NSE,IDO,69812,,BANKNIFTY,,2026-09-29,2026-09-29,56900.00,PE,BANKNIFTY26SEP56900PE,674.80,674.80,448.30,450.95,448.65,882.80,57885.85,450.95,2880,1020,38,65386863.00,33,F1,30,,,,,
2026-08-12,2026-08-12,FO,NSE,IDO,69804,,BANKNIFTY,,2026-09-29,2026-09-29,56600.00,PE,BANKNIFTY26SEP56600PE,562.20,562.20,380.00,381.20,382.65,515.90,57885.85,381.20,6450,-1350,144,246392218.50,110,F1,30,,,,,
2026-08-12,2026-08-12,FO,NSE,IDO,69778,,BANKNIFTY,,2026-09-29,2026-09-29,55400.00,PE,BANKNIFTY26SEP55400PE,0.00,0.00,0.00,1163.10,1163.10,1163.10,57885.85,596.76,30,0,0,0.00,0,F1,30,,,,,
2026-08-12,2026-08-12,FO,NSE,IDO,69709,,BANKNIFTY,,2026-09-29,2026-09-29,54300.00,PE,BANKNIFTY26SEP54300PE,0.00,0.00,0.00,849.15,0.00,849.15,57885.85,365.44,0,0,0,0.00,0,F1,30,,,,,
2026-08-12,2026-08-12,FO,NSE,IDO,69683,,BANKNIFTY,,2026-09-29,2026-09-29,52900.00,PE,BANKNIFTY26SEP52900PE,0.00,0.00,0.00,539.95,0.00,539.95,57885.85,178.39,0,0,0,0.00,0,F1,30,,,,,
2026-08-12,2026-08-12,FO,NSE,IDO,52281,,BANKNIFTY,,2026-09-29,2026-09-29,49500.00,PE,BANKNIFTY26SEP49500PE,26.00,26.00,22.50,23.10,24.50,28.80,57885.85,23.10,27240,-510,64,95087275.50,28,F1,30,,,,,
2026-08-12,2026-08-12,FO,NSE,IDO,59299,,BANKNIFTY,,2026-08-25,2026-08-25,63400.00,PE,BANKNIFTY26AUG63400PE,0.00,0.00,0.00,7735.45,0.00,7735.45,57885.85,5386.36,0,0,0,0.00,0,F1,30,,,,,
2026-08-12,2026-08-12,FO,NSE,IDO,59261,,BANKNIFTY,,2026-08-25,2026-08-25,62300.00,PE,BANKNIFTY26AUG62300PE,0.00,0.00,0.00,6787.25,0.00,6787.25,57885.85,4310.12,0,0,0,0.00,0,F1,30,,,,,
2026-08-12,2026-08-12,FO,NSE,IDO,59249,,BANKNIFTY,,2026-08-25,2026-08-25,61700.00,PE,BANKNIFTY26AUG61700PE,0.00,0.00,0.00,6286.60,0.00,6286.60,57885.85,3736.61,0,0,0,0.00,0,F1,30,,,,,
2026-08-12,2026-08-12,FO,NSE,IDO,59247,,BANKNIFTY,,2026-08-25,2026-08-25,61600.00,PE,BANKNIFTY26AUG61600PE,0.00,0.00,0.00,6204.45,0.00,6204.45,57885.85,3642.46,0,0,0,0.00,0,F1,30,,,,,
2026-08-12,2026-08-12,FO,NSE,IDO,59166,,BANKNIFTY,,2026-08-25,2026-08-25,59900.00,PE,BANKNIFTY26AUG59900PE,0.00,0.00,0.00,2086.80,2086.80,2086.80,57885.85,2147.49,60,0,0,0.00,0,F1,30,,,,,
2026-08-12,2026-08-12,FO,NSE,IDO,59140,,BANKNIFTY,,2026-08-25,2026-08-25,58800.00,PE,BANKNIFTY26AUG58800PE,1350.00,1350.00,971.65,1001.25,1013.40,1356.05,57885.85,1001.25,27750,450,547,983638312.50,442,F1,30,,,,,
2026-08-12,2026-08-12,FO,NSE,IDO,59095,,BANKNIFTY,,2026-08-25,2026-08-25,57700.00,PE,BANKNIFTY26AUG57700PE,626.60,689.75,376.25,393.20,393.30,618.90,57885.85,393.20,216960,54150,123094,214914653962.50,84787,F1,30,,,,,
2026-08-12,2026-08-12,FO,NSE,IDO,61391,,NIFTY,,2029-12-24,2029-12-24,18000.00,PE,NIFTY29DEC18000PE,0.00,0.00,0.00,96.50,0.00,96.50,24435.95,95.97,0,0,0,0.00,0,F1,65,,,,,
2026-08-12,2026-08-12,FO,NSE,IDO,61779,,NIFTY,,2029-12-24,2029-12-24,26000.00,PE,NIFTY29DEC26000PE,0.00,0.00,0.00,2150.00,2150.00,2150.00,24435.95,1302.05,3665,0,0,0.00,0,F1,65,,,,,
2026-08-12,2026-08-12,FO,NSE,IDO,60905,,NIFTY,,2030-06-25,2030-06-25,24000.00,PE,NIFTY30JUN24000PE,0.00,0.00,0.00,698.15,0.00,698.15,24435.95,780.79,0,0,0,0.00,0,F1,65,,,,,
2026-08-12,2026-08-12,FO,NSE,IDO,55757,,NIFTY,,2030-12-31,2030-12-31,25500.00,PE,NIFTY30DEC25500PE,0.00,0.00,0.00,538.25,0.00,538.25,24435.95,1051.62,0,0,0,0.00,0,F1,65,,,,,
2026-08-12,2026-08-12,FO,NSE,IDO,74664,,NIFTY,,2031-06-24,2031-06-24,31500.00,PE,NIFTY31JUN31500PE,0.00,0.00,0.00,3185.85,0.00,3185.85,24435.95,2710.38,0,0,0,0.00,0,F1,65,,,,,
2026-08-12,2026-08-12,FO,NSE,IDO,45211,,NIFTY,,2026-08-18,2026-08-18,26200.00,PE,NIFTY2681826200PE,0.00,0.00,0.00,1677.00,1677.00,1677.00,24435.95,1738.05,65,0,0,0.00,0,F1,65,,,,,
2026-08-12,2026-08-12,FO,NSE,IDO,45145,,NIFTY,,2026-08-18,2026-08-18,24900.00,PE,NIFTY2681824900PE,405.45,575.30,399.00,466.05,462.40,411.45,24435.95,466.05,354510,-41015,8622,14228078777.25,6236,F1,65,,,,,
2026-08-12,2026-08-12,FO,NSE,IDO,45121,,NIFTY,,2026-08-18,2026-08-18,24650.00,PE,NIFTY2681824650PE,201.60,348.95,201.55,251.65,248.20,219.90,24435.95,251.65,332930,-54795,58255,94337372886.25,41889,F1,65,,,,,
2026-08-12,2026-08-12,FO,NSE,IDO,45077,,NIFTY,,2026-08-18,2026-08-18,23750.00,PE,NIFTY2681823750PE,6.50,11.15,4.35,4.90,5.00,6.35,24435.95,4.90,1102270,631735,261785,404260984933.00,69850,F1,65,,,,,
2026-08-12,2026-08-12,FO,NSE,IDO,74638,,NIFTY,,2031-06-24,2031-06-24,16500.00,CE,NIFTY31JUN16500CE,0.00,0.00,0.00,11849.25,0.00,11849.25,24435.95,12507.34,0,0,0,0.00,0,F1,65,,,,,
2026-08-12,2026-08-12,FO,NSE,IDO,55754,,NIFTY,,2030-12-31,2030-12-31,24000.00,CE,NIFTY30DEC24000CE,0.00,0.00,0.00,8563.30,0.00,8563.30,24435.95,7190.27,0,0,0,0.00,0,F1,65,,,,,
2026-08-12,2026-08-12,FO,NSE,IDO,55646,,NIFTY,,2030-06-25,2030-06-25,25500.00,CE,NIFTY30JUN25500CE,0.00,0.00,0.00,7070.45,0.00,7070.45,24435.95,5763.94,0,0,0,0.00,0,F1,65,,,,,
2026-08-12,2026-08-12,FO,NSE,IDO,55600,,NIFTY,,2029-12-24,2029-12-24,19500.00,CE,NIFTY29DEC19500CE,0.00,0.00,0.00,10678.80,0.00,10678.80,24435.95,8989.33,0,0,0,0.00,0,F1,65,,,,,
2026-08-12,2026-08-12,FO,NSE,IDO,55558,,NIFTY,,2029-06-26,2029-06-26,19500.00,CE,NIFTY29JUN19500CE,0.00,0.00,0.00,10206.95,0.00,10206.95,24435.95,8458.94,0,0,0,0.00,0,F1,65,,,,,
2026-08-12,2026-08-12,FO,NSE,IDO,47273,,NIFTY,,2026-09-15,2026-09-15,22900.00,CE,NIFTY2691522900CE,0.00,0.00,0.00,1748.55,0.00,1748.55,24435.95,1718.85,0,0,0,0.00,0,F1,65,,,,,
2026-08-12,2026-08-12,FO,NSE,IDO,47305,,NIFTY,,2026-09-15,2026-09-15,23700.00,CE,NIFTY2691523700CE,0.00,0.00,0.00,1074.80,0.00,1074.80,24435.95,1046.36,0,0,0,0.00,0,F1,65,,,,,
2026-08-12,2026-08-12,FO,NSE,IDO,47331,,NIFTY,,2026-09-15,2026-09-15,24300.00,CE,NIFTY2691524300CE,424.00,424.00,410.00,410.00,410.00,670.15,24435.95,644.90,390,390,8,12853831.25,8,F1,65,,,,,
2026-08-12,2026-08-12,FO,NSE,IDO,47371,,NIFTY,,2026-09-15,2026-09-15,25200.00,CE,NIFTY2691525200CE,0.00,0.00,0.00,268.55,0.00,268.55,24435.95,251.82,0,0,0,0.00,0,F1,65,,,,,
2026-08-12,2026-08-12,FO,NSE,IDO,55468,,NIFTY,,2028-06-27,2028-06-27,16500.00,CE,NIFTY28JUN16500CE,0.00,0.00,0.00,11752.80,0.00,11752.80,24435.95,9864.17,0,0,0,0.00,0,F1,65,,,,,
2026-08-12,2026-08-12,FO,NSE,IDO,55430,,NIFTY,,2027-12-28,2027-12-28,31500.00,CE,NIFTY27DEC31500CE,0.00,0.00,0.00,195.00,195.00,195.00,24435.95,575.37,2145,0,0,0.00,0,F1,65,,,,,
2026-08-12,2026-08-12,FO,NSE,IDO,73833,,NIFTY,,2026-09-29,2026-09-29,21700.00,CE,NIFTY26SEP21700CE,0.00,0.00,0.00,2586.45,0.00,2586.45,24435.95,2930.79,0,0,0,0.00,0,F1,65,,,,,
2026-08-12,2026-08-12,FO,NSE,IDO,73893,,NIFTY,,2026-09-29,2026-09-29,22750.00,CE,NIFTY26SEP22750CE,0.00,0.00,0.00,1386.55,1386.55,1386.55,24435.95,1941.27,260,0,0,0.00,0,F1,65,,,,,
2026-08-12,2026-08-12,FO,NSE,IDO,74010,,NIFTY,,2026-09-29,2026-09-29,23750.00,CE,NIFTY26SEP23750CE,900.40,940.00,900.10,940.00,940.00,920.90,24435.95,1125.98,1235,65,6,9616490.00,6,F1,65,,,,,
2026-08-12,2026-08-12,FO,NSE,IDO,74066,,NIFTY,,2026-09-29,2026-09-29,24150.00,CE,NIFTY26SEP24150CE,611.85,670.00,611.80,670.00,670.00,817.80,24435.95,670.00,6305,2535,47,75671700.00,24,F1,65,,,,,
2026-08-12,2026-08-12,FO,NSE,IDO,74241,,NIFTY,,2026-09-29,2026-09-29,24500.00,CE,NIFTY26SEP24500CE,492.70,492.75,389.10,438.55,442.00,483.05,24435.95,438.55,1803100,171600,17216,27892611240.00,11860,F1,65,,,,,
2026-08-12,2026-08-12,FO,NSE,IDO,74420,,NIFTY,,2026-09-29,2026-09-29,25800.00,CE,NIFTY26SEP25800CE,46.75,48.25,36.10,40.30,40.30,49.55,24435.95,40.30,348985,25220,4830,8112239976.75,2807,F1,65,,,,,
2026-08-12,2026-08-12,FO,NSE,IDO,51356,,NIFTY,,2026-10-27,2026-10-27,23100.00,CE,NIFTY26OCT23100CE,0.00,0.00,0.00,1547.05,0.00,1547.05,24435.95,1820.75,0,0,0,0.00,0,F1,65,,,,,
2026-08-12,2026-08-12,FO,NSE,IDO,51380,,NIFTY,,2026-10-27,2026-10-27,23700.00,CE,NIFTY26OCT23700CE,0.00,0.00,0.00,1151.60,0.00,1151.60,24435.95,1369.31,0,0,0,0.00,0,F1,65,,,,,
2026-08-12,2026-08-12,FO,NSE,IDO,35346,,NIFTY,,2027-12-28,2027-12-28,30000.00,CE,NIFTY27DEC30000CE,377.00,402.00,364.10,399.00,402.00,375.55,24435.95,399.00,118885,260,184,363387833.25,141,F1,65,,,,,
2026-08-12,2026-08-12,FO,NSE,IDO,53628,,NIFTY,,2027-12-28,2027-12-28,26000.00,CE,NIFTY27DEC26000CE,1805.00,1843.65,1745.00,1783.00,1783.00,1820.00,24435.95,1783.00,68485,-650,31,55983521.75,30,F1,65,,,,,
2026-08-12,2026-08-12,FO,NSE,IDO,53626,,NIFTY,,2027-12-28,2027-12-28,25000.00,CE,NIFTY27DEC25000CE,2368.15,2368.15,2270.20,2300.00,2300.00,2368.15,24435.95,2737.93,33745,65,11,19529857.75,9,F1,65,,,,,
2026-08-12,2026-08-12,FO,NSE,IDO,55378,,NIFTY,,2027-06-29,2027-06-29,28500.00,CE,NIFTY27JUN28500CE,0.00,0.00,0.00,1711.90,0.00,1711.90,24435.95,651.03,0,0,0,0.00,0,F1,65,,,,,
2026-08-12,2026-08-12,FO,NSE,IDO,51536,,NIFTY,,2026-10-27,2026-10-27,27100.00,CE,NIFTY26OCT27100CE,0.00,0.00,0.00,101.30,0.00,101.30,24435.95,111.19,0,0,0,0.00,0,F1,65,,,,,
2026-08-12,2026-08-12,FO,NSE,IDO,51530,,NIFTY,,2026-10-27,2026-10-27,27000.00,CE,NIFTY26OCT27000CE,18.05,19.25,16.30,17.80,17.40,19.50,24435.95,17.80,61230,10400,483,848209095.50,325,F1,65,,,,,
2026-08-12,2026-08-12,FO,NSE,IDO,50547,,NIFTY,,2026-12-29,2026-12-29,28000.00,CE,NIFTY26DEC28000CE,40.40,42.50,38.55,40.55,40.55,42.00,24435.95,40.55,1574645,-6060,2210,4027921394.25,1256,F1,65,,,,,
2026-08-12,2026-08-12,FO,NSE,IDO,46949,,NIFTY,,2026-09-01,2026-09-01,23100.00,CE,NIFTY2690123100CE,0.00,0.00,0.00,1378.25,0.00,1378.25,24435.95,1437.46,0,0,0,0.00,0,F1,65,,,,,
2026-08-12,2026-08-12,FO,NSE,IDO,46957,,NIFTY,,2026-09-01,2026-09-01,23300.00,CE,NIFTY2690123300CE,0.00,0.00,0.00,1220.55,0.00,1220.55,24435.95,1254.20,0,0,0,0.00,0,F1,65,,,,,
2026-08-12,2026-08-12,FO,NSE,IDO,51524,,NIFTY,,2026-10-27,2026-10-27,26850.00,CE,NIFTY26OCT26850CE,0.00,0.00,0.00,126.70,0.00,126.70,24435.95,141.33,0,0,0,0.00,0,F1,65,,,,,
2026-08-12,2026-08-12,FO,NSE,IDO,51492,,NIFTY,,2026-10-27,2026-10-27,26050.00,CE,NIFTY26OCT26050CE,0.00,0.00,0.00,247.25,0.00,247.25,24435.95,287.67,0,0,0,0.00,0,F1,65,,,,,
2026-08-12,2026-08-12,FO,NSE,IDO,51456,,NIFTY,,2026-10-27,2026-10-27,25400.00,CE,NIFTY26OCT25400CE,211.35,230.95,187.00,205.40,209.85,232.80,24435.95,205.40,17355,5005,625,1040016022.50,455,F1,65,,,,,
2026-08-12,2026-08-12,FO,NSE,IDO,51440,,NIFTY,,2026-10-27,2026-10-27,25000.00,CE,NIFTY26OCT25000CE,385.65,392.90,321.15,350.25,353.40,390.50,24435.95,350.25,330915,8450,8050,13261288251.25,4281,F1,65,,,,,
2026-08-12,2026-08-12,FO,NSE,IDO,51436,,NIFTY,,2026-10-27,2026-10-27,24950.00,CE,NIFTY26OCT24950CE,0.00,0.00,0.00,415.00,415.00,415.00,24435.95,654.60,2925,0,0,0.00,0,F1,65,,,,,
2026-08-12,2026-08-12,FO,NSE,IDO,51430,,NIFTY,,2026-10-27,2026-10-27,24800.00,CE,NIFTY26OCT24800CE,464.00,476.30,404.00,445.00,453.95,491.80,24435.95,445.00,28405,12155,570,935241411.00,309,F1,65,,,,,
2026-08-12,2026-08-12,FO,NSE,IDO,46961,,NIFTY,,2026-09-01,2026-09-01,23400.00,CE,NIFTY2690123400CE,0.00,0.00,0.00,1145.00,0.00,1145.00,24435.95,1165.30,0,0,0,0.00,0,F1,65,,,,,
2026-08-12,2026-08-12,FO,NSE,IDO,46983,,NIFTY,,2026-09-01,2026-09-01,23950.00,CE,NIFTY2690123950CE,0.00,0.00,0.00,542.40,542.40,542.40,24435.95,722.31,390,0,0,0.00,0,F1,65,,,,,
2026-08-12,2026-08-12,FO,NSE,IDO,47021,,NIFTY,,2026-09-01,2026-09-01,24900.00,CE,NIFTY2690124900CE,116.95,117.05,70.20,88.20,89.80,116.95,24435.95,88.20,55640,27040,1789,2905294561.00,1361,F1,65,,,,,
2026-08-12,2026-08-12,FO,NSE,IDO,47023,,NIFTY,,2026-09-01,2026-09-01,24950.00,CE,NIFTY2690124950CE,88.80,93.80,61.25,75.60,77.70,101.45,24435.95,75.60,8190,6110,279,453833263.00,234,F1,65,,,,,
2026-08-12,2026-08-12,FO,NSE,IDO,47051,,NIFTY,,2026-09-01,2026-09-01,25650.00,CE,NIFTY2690125650CE,11.65,11.65,8.10,8.90,8.90,13.10,24435.95,8.90,4355,-1690,216,360266835.50,107,F1,65,,,,,
2026-08-12,2026-08-12,FO,NSE,IDO,47087,,NIFTY,,2026-09-01,2026-09-01,26550.00,CE,NIFTY2690126550CE,2.35,3.50,2.20,2.65,2.65,2.75,24435.95,7.25,910,520,11,18985034.25,10,F1,65,,,,,
2026-08-12,2026-08-12,FO,NSE,IDO,42627,,NIFTY,,2026-09-08,2026-09-08,23700.00,CE,NIFTY2690823700CE,0.00,0.00,0.00,1192.80,0.00,1192.80,24435.95,977.15,0,0,0,0.00,0,F1,65,,,,,
2026-08-12,2026-08-12,FO,NSE,IDO,42657,,NIFTY,,2026-09-08,2026-09-08,24400.00,CE,NIFTY2690824400CE,390.00,400.00,303.30,354.75,359.00,407.05,24435.95,354.75,19760,18330,571,917852965.25,496,F1,65,,,,,
2026-08-12,2026-08-12,FO,NSE,IDO,42667,,NIFTY,,2026-09-08,2026-09-08,24650.00,CE,NIFTY2690824650CE,0.00,0.00,0.00,340.00,340.00,340.00,24435.95,389.92,65,0,0,0.00,0,F1,65,,,,,
2026-08-12,2026-08-12,FO,NSE,IDO,42727,,NIFTY,,2026-09-08,2026-09-08,25700.00,CE,NIFTY2690825700CE,0.00,0.00,0.00,82.35,82.35,82.35,24435.95,90.43,65,0,0,0.00,0,F1,65,,,,,
2026-08-12,2026-08-12,FO,NSE,IDO,47265,,NIFTY,,2026-09-15,2026-09-15,22700.00,CE,NIFTY2691522700CE,0.00,0.00,0.00,1933.10,0.00,1933.10,24435.95,1903.37,0,0,0,0.00,0,F1,65,,,,,
2026-08-12,2026-08-12,FO,NSE,IDO,51366,,NIFTY,,2026-10-27,2026-10-27,23350.00,CE,NIFTY26OCT23350CE,0.00,0.00,0.00,1373.70,0.00,1373.70,24435.95,1625.31,0,0,0,0.00,0,F1,65,,,,,
2026-08-12,2026-08-12,FO,NSE,IDO,51368,,NIFTY,,2026-10-27,2026-10-27,23400.00,CE,NIFTY26OCT23400CE,0.00,0.00,0.00,1589.00,1589.00,1589.00,24435.95,1587.46,65,0,0,0.00,0,F1,65,,,,,
2026-08-12,2026-08-12,FO,NSE,IDO,61846,,NIFTY,,2026-08-25,2026-08-25,24800.00,PE,NIFTY26AUG24800PE,360.95,485.15,332.35,392.25,389.40,357.50,24435.95,392.25,534625,-51090,5730,9388521064.00,4224,F1,65,,,,,
2026-08-12,2026-08-12,FO,NSE,IDO,61796,,NIFTY,,2026-08-25,2026-08-25,24700.00,PE,NIFTY26AUG24700PE,283.80,410.00,281.20,319.90,323.35,291.65,24435.95,319.90,1034475,-13520,11534,18773853319.00,8664,F1,65,,,,,
2026-08-12,2026-08-12,FO,NSE,IDO,61684,,NIFTY,,2026-08-25,2026-08-25,24250.00,PE,NIFTY26AUG24250PE,98.35,156.35,93.15,106.30,104.80,101.40,24435.95,106.30,317460,82225,17607,27900329018.25,13884,F1,65,,,,,
2026-08-12,2026-08-12,FO,NSE,IDO,61550,,NIFTY,,2026-08-25,2026-08-25,23850.00,PE,NIFTY26AUG23850PE,34.85,52.20,29.75,31.90,31.60,34.00,24435.95,31.90,439660,57070,9542,14817890512.75,6846,F1,65,,,,,
2026-08-12,2026-08-12,FO,NSE,IDO,61531,,NIFTY,,2026-08-25,2026-08-25,23700.00,PE,NIFTY26AUG23700PE,23.00,33.50,19.65,20.65,20.10,22.85,24435.95,20.65,1422200,552565,56648,87361346497.75,33230,F1,65,,,,,
2026-08-12,2026-08-12,FO,NSE,IDO,61425,,NIFTY,,2026-08-25,2026-08-25,22900.00,PE,NIFTY26AUG22900PE,6.20,6.60,5.15,5.25,5.40,5.90,24435.95,5.25,273000,15210,3572,5318251952.00,2327,F1,65,,,,,
2026-08-12,2026-08-12,FO,NSE,IDO,46941,,NIFTY,,2026-09-01,2026-09-01,22900.00,CE,NIFTY2690122900CE,0.00,0.00,0.00,1543.90,0.00,1543.90,24435.95,1626.37,0,0,0,0.00,0,F1,65,,,,,
2026-08-12,2026-08-12,FO,NSE,IDO,46931,,NIFTY,,2026-09-01,2026-09-01,22650.00,CE,NIFTY2690122650CE,0.00,0.00,0.00,1760.65,0.00,1760.65,24435.95,1867.95,0,0,0,0.00,0,F1,65,,,,,
2026-08-12,2026-08-12,FO,NSE,IDO,46923,,NIFTY,,2026-09-01,2026-09-01,22450.00,CE,NIFTY2690122450CE,0.00,0.00,0.00,1940.55,0.00,1940.55,24435.95,2063.99,0,0,0,0.00,0,F1,65,,,,,
2026-08-12,2026-08-12,FO,NSE,IDO,46915,,NIFTY,,2026-09-01,2026-09-01,22250.00,CE,NIFTY2690122250CE,0.00,0.00,0.00,2125.05,0.00,2125.05,24435.95,2261.51,0,0,0,0.00,0,F1,65,,,,,
2026-08-12,2026-08-12,FO,NSE,IDO,62236,,NIFTY,,2026-08-25,2026-08-25,27100.00,CE,NIFTY26AUG27100CE,0.70,0.80,0.60,0.70,0.70,0.65,24435.95,0.70,15145,3640,233,410440062.50,51,F1,65,,,,,
2026-08-12,2026-08-12,FO,NSE,IDO,62166,,NIFTY,,2026-08-25,2026-08-25,26600.00,CE,NIFTY26AUG26600CE,0.75,0.85,0.70,0.75,0.75,0.80,24435.95,0.75,53885,130,514,888730791.00,343,F1,65,,,,,
2026-08-12,2026-08-12,FO,NSE,IDO,62053,,NIFTY,,2026-08-25,2026-08-25,26150.00,CE,NIFTY26AUG26150CE,1.15,1.70,1.05,1.15,1.10,1.45,24435.95,1.15,90025,17290,1747,2969617443.00,1503,F1,65,,,,,
2026-08-12,2026-08-12,FO,NSE,IDO,61378,,NIFTY,,2026-08-25,2026-08-25,22350.00,CE,NIFTY26AUG22350CE,0.00,0.00,0.00,1794.90,1794.90,1794.90,24435.95,2134.50,130,0,0,0.00,0,F1,65,,,,,
2026-08-12,2026-08-12,FO,NSE,IDO,61334,,NIFTY,,2026-08-25,2026-08-25,21600.00,CE,NIFTY26AUG21600CE,0.00,0.00,0.00,2713.65,0.00,2713.65,24435.95,2882.52,0,0,0,0.00,0,F1,65,,,,,
2026-08-12,2026-08-12,FO,NSE,IDO,45270,,NIFTY,,2026-08-18,2026-08-18,27200.00,CE,NIFTY2681827200CE,0.55,1.05,0.40,0.45,0.45,0.55,24435.95,0.45,245895,102375,21725,38410598369.00,4333,F1,65,,,,,
2026-08-12,2026-08-12,FO,NSE,IDO,45257,,NIFTY,,2026-08-18,2026-08-18,26900.00,CE,NIFTY2681826900CE,0.60,3.80,0.45,0.50,0.50,0.60,24435.95,0.50,142285,127075,6301,11017539698.75,1446,F1,65,,,,,
2026-08-12,2026-08-12,FO,NSE,IDO,45200,,NIFTY,,2026-08-18,2026-08-18,26000.00,CE,NIFTY2681826000CE,0.95,1.30,0.75,0.80,0.85,0.90,24435.95,0.80,6460220,1820130,289617,489470044677.25,52742,F1,65,,,,,
2026-08-12,2026-08-12,FO,NSE,IDO,45168,,NIFTY,,2026-08-18,2026-08-18,25450.00,CE,NIFTY2681825450CE,2.05,2.40,1.20,1.30,1.40,2.05,24435.95,1.30,1507935,903305,116807,193241758381.75,24963,F1,65,,,,,
2026-08-12,2026-08-12,FO,NSE,IDO,45122,,NIFTY,,2026-08-18,2026-08-18,24700.00,CE,NIFTY2681824700CE,57.85,63.65,22.35,34.60,35.10,60.65,24435.95,34.60,5875805,1045005,919907,1478968676337.75,306104,F1,65,,,,,
2026-08-12,2026-08-12,FO,NSE,IDO,45100,,NIFTY,,2026-08-18,2026-08-18,24250.00,CE,NIFTY2681824250CE,313.75,321.35,179.25,243.60,247.00,307.25,24435.95,243.60,347555,267150,367573,584312786037.50,222745,F1,65,,,,,
2026-08-12,2026-08-12,FO,NSE,IDO,45098,,NIFTY,,2026-08-18,2026-08-18,24200.00,CE,NIFTY2681824200CE,354.95,363.00,211.80,281.55,285.95,347.05,24435.95,281.55,835770,399490,320917,509943010911.75,185467,F1,65,,,,,
2026-08-12,2026-08-12,FO,NSE,IDO,45047,,NIFTY,,2026-08-18,2026-08-18,23150.00,CE,NIFTY2681823150CE,0.00,0.00,0.00,1432.75,1432.75,1432.75,24435.95,1309.76,390,0,0,0.00,0,F1,65,,,,,
2026-08-12,2026-08-12,FO,NSE,IDO,61856,,NIFTY,,2026-08-25,2026-08-25,24850.00,PE,NIFTY26AUG24850PE,381.65,524.45,381.35,432.90,428.20,392.35,24435.95,432.90,54990,-65780,2354,3865548800.75,2253,F1,65,,,,,
2026-08-12,2026-08-12,FO,NSE,IDO,61974,,NIFTY,,2026-08-25,2026-08-25,25450.00,PE,NIFTY26AUG25450PE,976.30,1079.25,976.30,1079.25,1079.25,905.00,24435.95,1000.20,1625,910,17,29301379.25,6,F1,65,,,,,
2026-08-12,2026-08-12,FO,NSE,IDO,61995,,NIFTY,,2026-08-25,2026-08-25,25750.00,PE,NIFTY26AUG25750PE,0.00,0.00,0.00,1105.00,1105.00,1105.00,24435.95,1276.51,195,0,0,0.00,0,F1,65,,,,,
2026-08-12,2026-08-12,FO,NSE,IDO,62003,,NIFTY,,2026-08-25,2026-08-25,25850.00,PE,NIFTY26AUG25850PE,0.00,0.00,0.00,1150.00,1150.00,1150.00,24435.95,1371.67,585,0,0,0.00,0,F1,65,,,,,
2026-08-12,2026-08-12,FO,NSE,IDO,62054,,NIFTY,,2026-08-25,2026-08-25,26150.00,PE,NIFTY26AUG26150PE,0.00,0.00,0.00,2082.50,0.00,2082.50,24435.95,1662.79,0,0,0,0.00,0,F1,65,,,,,
2026-08-12,2026-08-12,FO,NSE,IDO,62120,,NIFTY,,2026-08-25,2026-08-25,26450.00,PE,NIFTY26AUG26450PE,0.00,0.00,0.00,2328.90,0.00,2328.90,24435.95,1958.80,0,0,0,0.00,0,F1,65,,,,,
2026-08-12,2026-08-12,FO,NSE,IDO,62176,,NIFTY,,2026-08-25,2026-08-25,26700.00,PE,NIFTY26AUG26700PE,0.00,0.00,0.00,2541.20,0.00,2541.20,24435.95,2207.17,0,0,0,0.00,0,F1,65,,,,,
2026-08-12,2026-08-12,FO,NSE,IDO,45033,,NIFTY,,2026-08-18,2026-08-18,22900.00,CE,NIFTY2681822900CE,0.00,0.00,0.00,1379.35,0.00,1379.35,24435.95,1558.88,0,0,0,0.00,0,F1,65,,,,,
2026-08-12,2026-08-12,FO,NSE,IDO,61347,,NIFTY,,2026-08-25,2026-08-25,21900.00,PE,NIFTY26AUG21900PE,3.30,3.40,2.75,3.00,3.20,3.35,24435.95,3.00,33670,-325,321,457005172.00,223,F1,65,,,,,
2026-08-12,2026-08-12,FO,NSE,IDO,61341,,NIFTY,,2026-08-25,2026-08-25,21750.00,PE,NIFTY26AUG21750PE,0.00,0.00,0.00,5.20,5.20,5.20,24435.95,0.01,3705,0,0,0.00,0,F1,65,,,,,
2026-08-12,2026-08-12,FO,NSE,IDO,45120,,NIFTY,,2026-08-18,2026-08-18,24650.00,CE,NIFTY2681824650CE,74.80,81.35,29.35,45.50,46.15,77.55,24435.95,45.50,2498340,864500,594233,953866480307.00,244204,F1,65,,,,,
2026-08-12,2026-08-12,FO,NSE,IDO,45186,,NIFTY,,2026-08-18,2026-08-18,25700.00,CE,NIFTY2681825700CE,1.35,1.70,0.80,0.90,0.85,1.20,24435.95,0.90,3521765,1373515,192047,320828547507.00,36821,F1,65,,,,,
2026-08-12,2026-08-12,FO,NSE,IDO,45219,,NIFTY,,2026-08-18,2026-08-18,26300.00,CE,NIFTY2681826300CE,0.95,1.70,0.55,0.65,0.60,0.65,24435.95,0.65,91130,41470,10941,18704177898.25,2674,F1,65,,,,,
2026-08-12,2026-08-12,FO,NSE,IDO,45225,,NIFTY,,2026-08-18,2026-08-18,26350.00,CE,NIFTY2681826350CE,0.85,1.20,0.55,0.65,0.60,0.75,24435.95,0.65,25415,11830,3926,6724456388.00,1199,F1,65,,,,,
2026-08-12,2026-08-12,FO,NSE,IDO,45268,,NIFTY,,2026-08-18,2026-08-18,27150.00,CE,NIFTY2681827150CE,1.35,1.35,0.40,0.45,0.45,0.65,24435.95,0.45,58175,52715,3517,6206777040.75,835,F1,65,,,,,
2026-08-12,2026-08-12,FO,NSE,IDO,61557,,NIFTY,,2026-08-25,2026-08-25,23900.00,CE,NIFTY26AUG23900CE,631.05,675.15,520.70,605.40,611.85,671.25,24435.95,605.40,149565,-6760,886,1409887703.25,713,F1,65,,,,,
2026-08-12,2026-08-12,FO,NSE,IDO,61955,,NIFTY,,2026-08-25,2026-08-25,25400.00,CE,NIFTY26AUG25400CE,9.80,10.60,5.85,6.15,6.15,9.60,24435.95,6.15,832390,-54730,35407,58472786599.50,18298,F1,65,,,,,
2026-08-12,2026-08-12,FO,NSE,IDO,61975,,NIFTY,,2026-08-25,2026-08-25,25500.00,CE,NIFTY26AUG25500CE,6.00,6.80,4.25,4.50,4.50,6.50,24435.95,4.50,3106415,70330,57554,95413956296.75,23155,F1,65,,,,,
2026-08-12,2026-08-12,FO,NSE,IDO,61997,,NIFTY,,2026-08-25,2026-08-25,25800.00,CE,NIFTY26AUG25800CE,2.95,2.95,1.75,1.90,1.85,2.85,24435.95,1.90,655915,243555,16725,28050379418.75,11834,F1,65,,,,,
2026-08-12,2026-08-12,FO,NSE,IDO,62135,,NIFTY,,2026-08-25,2026-08-25,26550.00,CE,NIFTY26AUG26550CE,0.80,1.05,0.75,0.80,0.80,1.15,24435.95,0.80,6825,4290,137,236434763.50,55,F1,65,,,,,
2026-08-12,2026-08-12,FO,NSE,IDO,46917,,NIFTY,,2026-09-01,2026-09-01,22300.00,CE,NIFTY2690122300CE,0.00,0.00,0.00,2078.55,0.00,2078.55,24435.95,2212.03,0,0,0,0.00,0,F1,65,,,,,
2026-08-12,2026-08-12,FO,NSE,IDO,46937,,NIFTY,,2026-09-01,2026-09-01,22800.00,CE,NIFTY2690122800CE,0.00,0.00,0.00,1629.40,0.00,1629.40,24435.95,1722.41,0,0,0,0.00,0,F1,65,,,,,
2026-08-12,2026-08-12,FO,NSE,IDO,46943,,NIFTY,,2026-09-01,2026-09-01,22950.00,CE,NIFTY2690122950CE,0.00,0.00,0.00,1501.80,0.00,1501.80,24435.95,1578.71,0,0,0,0.00,0,F1,65,,,,,
2026-08-12,2026-08-12,FO,NSE,IDO,47011,,NIFTY,,2026-09-01,2026-09-01,24650.00,CE,NIFTY2690124650CE,211.40,212.90,139.75,172.70,174.75,216.80,24435.95,172.70,15080,1235,536,864535938.50,377,F1,65,,,,,
2026-08-12,2026-08-12,FO,NSE,IDO,47029,,NIFTY,,2026-09-01,2026-09-01,25100.00,CE,NIFTY2690125100CE,60.05,64.40,39.00,49.00,49.40,68.80,24435.95,49.00,80600,51090,3151,5150455011.00,1932,F1,65,,,,,
2026-08-12,2026-08-12,FO,NSE,IDO,47037,,NIFTY,,2026-09-01,2026-09-01,25300.00,CE,NIFTY2690125300CE,0.00,0.00,0.00,215.90,0.00,215.90,24435.95,113.65,0,0,0,0.00,0,F1,65,,,,,
2026-08-12,2026-08-12,FO,NSE,IDO,47049,,NIFTY,,2026-09-01,2026-09-01,25600.00,CE,NIFTY2690125600CE,0.00,0.00,0.00,151.35,0.00,151.35,24435.95,64.66,0,0,0,0.00,0,F1,65,,,,,
2026-08-12,2026-08-12,FO,NSE,IDO,47071,,NIFTY,,2026-09-01,2026-09-01,26150.00,CE,NIFTY2690126150CE,2.85,3.80,2.85,3.35,3.35,74.45,24435.95,19.63,1170,1170,33,56099104.75,17,F1,65,,,,,
2026-08-12,2026-08-12,FO,NSE,IDO,47073,,NIFTY,,2026-09-01,2026-09-01,26200.00,CE,NIFTY2690126200CE,2.45,4.75,2.45,3.65,3.65,69.55,24435.95,17.44,1365,1365,35,59612725.25,29,F1,65,,,,,
2026-08-12,2026-08-12,FO,NSE,IDO,47097,,NIFTY,,2026-09-01,2026-09-01,26700.00,CE,NIFTY2690126700CE,1.95,2.20,1.95,2.20,2.20,2.35,24435.95,4.85,1560,390,8,13885072.50,7,F1,65,,,,,
2026-08-12,2026-08-12,FO,NSE,IDO,42599,,NIFTY,,2026-09-08,2026-09-08,23200.00,CE,NIFTY2690823200CE,0.00,0.00,0.00,1612.45,0.00,1612.45,24435.95,1393.81,0,0,0,0.00,0,F1,65,,,,,
2026-08-12,2026-08-12,FO,NSE,IDO,42610,,NIFTY,,2026-09-08,2026-09-08,23450.00,CE,NIFTY2690823450CE,0.00,0.00,0.00,1396.60,0.00,1396.60,24435.95,1178.32,0,0,0,0.00,0,F1,65,,,,,
2026-08-12,2026-08-12,FO,NSE,IDO,42623,,NIFTY,,2026-09-08,2026-09-08,23600.00,CE,NIFTY2690823600CE,0.00,0.00,0.00,1272.75,0.00,1272.75,24435.95,1055.70,0,0,0,0.00,0,F1,65,,,,,
2026-08-12,2026-08-12,FO,NSE,IDO,42665,,NIFTY,,2026-09-08,2026-09-08,24600.00,CE,NIFTY2690824600CE,266.40,290.35,208.00,245.00,245.35,289.00,24435.95,245.00,39390,20280,680,1097619370.25,612,F1,65,,,,,
2026-08-12,2026-08-12,FO,NSE,IDO,42694,,NIFTY,,2026-09-08,2026-09-08,25150.00,CE,NIFTY2690825150CE,0.00,0.00,0.00,343.00,0.00,343.00,24435.95,206.82,0,0,0,0.00,0,F1,65,,,,,
2026-08-12,2026-08-12,FO,NSE,IDO,42743,,NIFTY,,2026-09-08,2026-09-08,25950.00,CE,NIFTY2690825950CE,0.00,0.00,0.00,130.75,0.00,130.75,24435.95,59.19,0,0,0,0.00,0,F1,65,,,,,
2026-08-12,2026-08-12,FO,NSE,IDO,47341,,NIFTY,,2026-09-15,2026-09-15,24550.00,CE,NIFTY2691524550CE,0.00,0.00,0.00,533.55,0.00,533.55,24435.95,510.34,0,0,0,0.00,0,F1,65,,,,,
2026-08-12,2026-08-12,FO,NSE,IDO,47405,,NIFTY,,2026-09-15,2026-09-15,25700.00,CE,NIFTY2691525700CE,0.00,0.00,0.00,144.00,0.00,144.00,24435.95,132.48,0,0,0,0.00,0,F1,65,,,,,
2026-08-12,2026-08-12,FO,NSE,IDO,65881,,NIFTY,,2026-09-29,2026-09-29,15000.00,CE,NIFTY26SEP15000CE,0.00,0.00,0.00,10499.30,0.00,10499.30,24435.95,9564.80,0,0,0,0.00,0,F1,65,,,,,
2026-08-12,2026-08-12,FO,NSE,IDO,65887,,NIFTY,,2026-09-29,2026-09-29,18000.00,CE,NIFTY26SEP18000CE,0.00,0.00,0.00,6300.00,6300.00,6300.00,24435.95,6590.57,1300,0,0,0.00,0,F1,65,,,,,
2026-08-12,2026-08-12,FO,NSE,IDO,73877,,NIFTY,,2026-09-29,2026-09-29,22300.00,CE,NIFTY26SEP22300CE,0.00,0.00,0.00,1833.95,1831.70,1833.95,24435.95,2355.30,195,0,0,0.00,0,F1,65,,,,,
2026-08-12,2026-08-12,FO,NSE,IDO,73879,,NIFTY,,2026-09-29,2026-09-29,22350.00,CE,NIFTY26SEP22350CE,0.00,0.00,0.00,1788.15,1785.90,1788.15,24435.95,2308.36,195,0,0,0.00,0,F1,65,,,,,
2026-08-12,2026-08-12,FO,NSE,IDO,73910,,NIFTY,,2026-09-29,2026-09-29,23200.00,CE,NIFTY26SEP23200CE,1445.75,1445.75,1395.10,1395.10,1395.10,1575.00,24435.95,1552.37,1625,-195,6,9607949.00,4,F1,65,,,,,
2026-08-12,2026-08-12,FO,NSE,IDO,73927,,NIFTY,,2026-09-29,2026-09-29,23400.00,CE,NIFTY26SEP23400CE,1300.05,1300.05,1224.15,1280.00,1280.00,1315.05,24435.95,1280.00,2860,-130,17,27275862.25,11,F1,65,,,,,
2026-08-12,2026-08-12,FO,NSE,IDO,73964,,NIFTY,,2026-09-29,2026-09-29,23450.00,CE,NIFTY26SEP23450CE,0.00,0.00,0.00,1402.05,1402.05,1402.05,24435.95,1350.98,390,0,0,0.00,0,F1,65,,,,,
2026-08-12,2026-08-12,FO,NSE,IDO,73985,,NIFTY,,2026-09-29,2026-09-29,23500.00,CE,NIFTY26SEP23500CE,1262.45,1262.45,1101.00,1181.90,1184.05,1243.15,24435.95,1181.90,164970,19240,602,965072442.75,478,F1,65,,,,,
2026-08-12,2026-08-12,FO,NSE,IDO,74005,,NIFTY,,2026-09-29,2026-09-29,23650.00,CE,NIFTY26SEP23650CE,0.00,0.00,0.00,1221.60,1221.60,1221.60,24435.95,1199.87,650,0,0,0.00,0,F1,65,,,,,
2026-08-12,2026-08-12,FO,NSE,IDO,74097,,NIFTY,,2026-09-29,2026-09-29,24250.00,CE,NIFTY26SEP24250CE,624.80,629.65,541.40,598.00,596.00,650.00,24435.95,598.00,10920,845,75,120995530.50,68,F1,65,,,,,
2026-08-12,2026-08-12,FO,NSE,IDO,74366,,NIFTY,,2026-09-29,2026-09-29,25050.00,CE,NIFTY26SEP25050CE,202.05,202.05,163.00,187.20,187.55,214.55,24435.95,187.20,26455,910,219,359100816.75,173,F1,65,,,,,
2026-08-12,2026-08-12,FO,NSE,IDO,74384,,NIFTY,,2026-09-29,2026-09-29,25250.00,CE,NIFTY26SEP25250CE,0.00,0.00,0.00,422.05,0.00,422.05,24435.95,341.12,0,0,0,0.00,0,F1,65,,,,,
2026-08-12,2026-08-12,FO,NSE,IDO,74386,,NIFTY,,2026-09-29,2026-09-29,25300.00,CE,NIFTY26SEP25300CE,135.45,136.75,100.05,115.95,118.15,137.40,24435.95,115.95,489775,17940,5038,8321342708.25,3441,F1,65,,,,,
2026-08-12,2026-08-12,FO,NSE,IDO,51371,,NIFTY,,2026-10-27,2026-10-27,23450.00,PE,NIFTY26OCT23450PE,112.65,130.40,109.00,116.75,115.55,112.05,24435.95,116.75,22815,780,30,45966508.25,23,F1,65,,,,,
2026-08-12,2026-08-12,FO,NSE,IDO,74495,,NIFTY,,2026-09-29,2026-09-29,26850.00,CE,NIFTY26SEP26850CE,0.00,0.00,0.00,119.45,0.00,119.45,24435.95,53.31,0,0,0,0.00,0,F1,65,,,,,
2026-08-12,2026-08-12,FO,NSE,IDO,51318,,NIFTY,,2026-10-27,2026-10-27,22250.00,CE,NIFTY26OCT22250CE,0.00,0.00,0.00,2207.30,0.00,2207.30,24435.95,2549.30,0,0,0,0.00,0,F1,65,,,,,
2026-08-12,2026-08-12,FO,NSE,IDO,51328,,NIFTY,,2026-10-27,2026-10-27,22450.00,CE,NIFTY26OCT22450CE,0.00,0.00,0.00,2042.45,0.00,2042.45,24435.95,2370.40,0,0,0,0.00,0,F1,65,,,,,
2026-08-12,2026-08-12,FO,NSE,IDO,51342,,NIFTY,,2026-10-27,2026-10-27,22750.00,CE,NIFTY26OCT22750CE,0.00,0.00,0.00,1805.40,0.00,1805.40,24435.95,2110.03,0,0,0,0.00,0,F1,65,,,,,
2026-08-12,2026-08-12,FO,NSE,IDO,51358,,NIFTY,,2026-10-27,2026-10-27,23150.00,CE,NIFTY26OCT23150CE,0.00,0.00,0.00,1510.70,0.00,1510.70,24435.95,1780.87,0,0,0,0.00,0,F1,65,,,,,
2026-08-12,2026-08-12,FO,NSE,IDO,51420,,NIFTY,,2026-10-27,2026-10-27,24550.00,CE,NIFTY26OCT24550CE,0.00,0.00,0.00,722.30,718.55,722.30,24435.95,847.92,1560,0,0,0.00,0,F1,65,,,,,
2026-08-12,2026-08-12,FO,NSE,IDO,51448,,NIFTY,,2026-10-27,2026-10-27,25200.00,CE,NIFTY26OCT25200CE,286.00,304.00,245.00,271.15,273.60,304.70,24435.95,271.15,20020,2925,612,1013160073.25,473,F1,65,,,,,
2026-08-12,2026-08-12,FO,NSE,IDO,51500,,NIFTY,,2026-10-27,2026-10-27,26250.00,CE,NIFTY26OCT26250CE,0.00,0.00,0.00,210.65,0.00,210.65,24435.95,242.36,0,0,0,0.00,0,F1,65,,,,,
2026-08-12,2026-08-12,FO,NSE,IDO,51504,,NIFTY,,2026-10-27,2026-10-27,26350.00,CE,NIFTY26OCT26350CE,0.00,0.00,0.00,194.10,0.00,194.10,24435.95,222.32,0,0,0,0.00,0,F1,65,,,,,
2026-08-12,2026-08-12,FO,NSE,IDO,58640,,NIFTY,,2026-12-29,2026-12-29,18000.00,CE,NIFTY26DEC18000CE,0.00,0.00,0.00,6925.15,6925.15,6925.15,24435.95,6880.40,2275,0,0,0.00,0,F1,65,,,,,
2026-08-12,2026-08-12,FO,NSE,IDO,55336,,NIFTY,,2026-12-29,2026-12-29,34500.00,CE,NIFTY26DEC34500CE,4.95,4.95,4.95,4.95,4.95,5.00,24435.95,0.70,975,65,1,2242821.75,1,F1,65,,,,,
2026-08-12,2026-08-12,FO,NSE,IDO,80270,,NIFTY,,2027-03-30,2027-03-30,22500.00,CE,NIFTY27MAR22500CE,2950.00,2950.00,2890.00,2890.00,2890.00,3127.00,24435.95,3127.77,3445,65,2,3304600.00,2,F1,65,,,,,
2026-08-12,2026-08-12,FO,NSE,IDO,55516,,NIFTY,,2028-12-26,2028-12-26,16500.00,CE,NIFTY28DEC16500CE,0.00,0.00,0.00,12176.65,0.00,12176.65,24435.95,10343.42,0,0,0,0.00,0,F1,65,,,,,
2026-08-12,2026-08-12,FO,NSE,IDO,89636,,NIFTY,,2029-06-26,2029-06-26,27000.00,CE,NIFTY29JUN27000CE,0.00,0.00,0.00,6570.40,0.00,6570.40,24435.95,3778.13,0,0,0,0.00,0,F1,65,,,,,
2026-08-12,2026-08-12,FO,NSE,IDO,55604,,NIFTY,,2029-12-24,2029-12-24,25500.00,CE,NIFTY29DEC25500CE,0.00,0.00,0.00,6500.60,0.00,6500.60,24435.95,5158.05,0,0,0,0.00,0,F1,65,,,,,
2026-08-12,2026-08-12,FO,NSE,IDO,61932,,NIFTY,,2029-12-24,2029-12-24,30000.00,CE,NIFTY29DEC30000CE,0.00,0.00,0.00,2863.20,2863.20,2863.20,24435.95,3125.74,8145,0,0,0.00,0,F1,65,,,,,
2026-08-12,2026-08-12,FO,NSE,IDO,55702,,NIFTY,,2030-12-31,2030-12-31,21000.00,CE,NIFTY30DEC21000CE,0.00,0.00,0.00,10552.50,0.00,10552.50,24435.95,9019.93,0,0,0,0.00,0,F1,65,,,,,
2026-08-12,2026-08-12,FO,NSE,IDO,74653,,NIFTY,,2031-06-24,2031-06-24,27000.00,CE,NIFTY31JUN27000CE,0.00,0.00,0.00,5699.00,0.00,5699.00,24435.95,6154.39,0,0,0,0.00,0,F1,65,,,,,
2026-08-12,2026-08-12,FO,NSE,IDO,45024,,NIFTY,,2026-08-18,2026-08-18,22700.00,PE,NIFTY2681822700PE,1.95,2.00,1.25,1.40,1.55,1.75,24435.95,1.40,367380,47645,31360,46274893600.00,6283,F1,65,,,,,
2026-08-12,2026-08-12,FO,NSE,IDO,45046,,NIFTY,,2026-08-18,2026-08-18,23100.00,PE,NIFTY2681823100PE,2.45,3.40,1.70,1.95,1.90,2.45,24435.95,1.95,1073865,121225,70941,106528465468.75,13556,F1,65,,,,,
2026-08-12,2026-08-12,FO,NSE,IDO,45079,,NIFTY,,2026-08-18,2026-08-18,23800.00,PE,NIFTY2681823800PE,9.00,13.65,5.20,5.85,6.05,7.35,24435.95,5.85,4924595,694785,666207,1031015233459.25,156708,F1,65,,,,,
2026-08-12,2026-08-12,FO,NSE,IDO,45085,,NIFTY,,2026-08-18,2026-08-18,23950.00,PE,NIFTY2681823950PE,15.00,26.80,8.95,11.35,11.35,13.60,24435.95,11.35,1426945,688285,390301,608070109559.25,131240,F1,65,,,,,
2026-08-12,2026-08-12,FO,NSE,IDO,45103,,NIFTY,,2026-08-18,2026-08-18,24300.00,PE,NIFTY2681824300PE,59.00,121.65,51.30,65.85,64.75,63.05,24435.95,65.85,5641935,2905110,2351426,3728493308793.50,1055420,F1,65,,,,,
2026-08-12,2026-08-12,FO,NSE,IDO,45157,,NIFTY,,2026-08-18,2026-08-18,25200.00,PE,NIFTY2681825200PE,695.05,872.20,688.85,760.80,754.10,695.00,24435.95,760.80,102375,4160,645,1089144186.00,547,F1,65,,,,,
2026-08-12,2026-08-12,FO,NSE,IDO,45193,,NIFTY,,2026-08-18,2026-08-18,25800.00,PE,NIFTY2681825800PE,1450.00,1450.00,1450.00,1450.00,1450.00,1280.00,24435.95,1339.40,845,65,1,1771250.00,1,F1,65,,,,,
2026-08-12,2026-08-12,FO,NSE,IDO,45209,,NIFTY,,2026-08-18,2026-08-18,26150.00,PE,NIFTY2681826150PE,0.00,0.00,0.00,1988.05,0.00,1988.05,24435.95,1688.13,0,0,0,0.00,0,F1,65,,,,,
2026-08-12,2026-08-12,FO,NSE,IDO,45262,,NIFTY,,2026-08-18,2026-08-18,27000.00,PE,NIFTY2681827000PE,2640.00,2646.00,2640.00,2646.00,2646.00,2801.40,24435.95,2537.17,520,520,8,15414893.00,5,F1,65,,,,,
2026-08-12,2026-08-12,FO,NSE,IDO,45265,,NIFTY,,2026-08-18,2026-08-18,27050.00,PE,NIFTY2681827050PE,0.00,0.00,0.00,2850.25,0.00,2850.25,24435.95,2587.12,0,0,0,0.00,0,F1,65,,,,,
2026-08-12,2026-08-12,FO,NSE,IDO,61337,,NIFTY,,2026-08-25,2026-08-25,21650.00,PE,NIFTY26AUG21650PE,2.20,2.95,2.20,2.85,2.95,4.25,24435.95,2.85,1820,-260,10,14074167.25,6,F1,65,,,,,
2026-08-12,2026-08-12,FO,NSE,IDO,61377,,NIFTY,,2026-08-25,2026-08-25,22300.00,PE,NIFTY26AUG22300PE,4.30,4.30,3.30,3.70,3.35,3.75,24435.95,3.70,296205,51740,3710,5378533472.00,1493,F1,65,,,,,
2026-08-12,2026-08-12,FO,NSE,IDO,61427,,NIFTY,,2026-08-25,2026-08-25,22950.00,PE,NIFTY26AUG22950PE,6.65,7.00,5.50,5.55,5.50,6.40,24435.95,5.55,66235,3510,722,1077332824.75,549,F1,65,,,,,
2026-08-12,2026-08-12,FO,NSE,IDO,61533,,NIFTY,,2026-08-25,2026-08-25,23750.00,PE,NIFTY26AUG23750PE,26.00,39.10,22.55,24.20,23.25,26.00,24435.95,24.20,237510,67730,7605,11754612181.00,5547,F1,65,,,,,
2026-08-12,2026-08-12,FO,NSE,IDO,61609,,NIFTY,,2026-08-25,2026-08-25,24050.00,PE,NIFTY26AUG24050PE,59.40,92.40,53.10,58.75,57.55,59.40,24435.95,58.75,289315,105300,11456,17964111035.00,9008,F1,65,,,,,
2026-08-12,2026-08-12,FO,NSE,IDO,61771,,NIFTY,,2026-08-25,2026-08-25,24500.00,PE,NIFTY26AUG24500PE,177.10,278.10,176.90,204.55,204.40,188.75,24435.95,204.55,5436340,148720,122992,197689884476.50,81645,F1,65,,,,,
2026-08-12,2026-08-12,FO,NSE,IDO,61956,,NIFTY,,2026-08-25,2026-08-25,25400.00,PE,NIFTY26AUG25400PE,865.00,1038.60,865.00,952.85,952.85,865.05,24435.95,955.90,20280,-455,36,61744787.00,35,F1,65,,,,,
2026-08-12,2026-08-12,FO,NSE,IDO,62037,,NIFTY,,2026-08-25,2026-08-25,25950.00,PE,NIFTY26AUG25950PE,0.00,0.00,0.00,1325.00,1325.00,1325.00,24435.95,1467.92,130,0,0,0.00,0,F1,65,,,,,
2026-08-12,2026-08-12,FO,NSE,IDO,62245,,NIFTY,,2026-08-25,2026-08-25,27200.00,PE,NIFTY26AUG27200PE,0.00,0.00,0.00,2981.55,0.00,2981.55,24435.95,2705.49,0,0,0,0.00,0,F1,65,,,,,
2026-08-12,2026-08-12,FO,NSE,IDO,46920,,NIFTY,,2026-09-01,2026-09-01,22350.00,PE,NIFTY2690122350PE,6.35,6.65,6.05,6.05,6.05,10.15,24435.95,6.05,1235,1170,37,53767239.50,31,F1,65,,,,,
2026-08-12,2026-08-12,FO,NSE,IDO,46944,,NIFTY,,2026-09-01,2026-09-01,22950.00,PE,NIFTY2690122950PE,10.85,11.40,8.90,9.10,9.50,11.95,24435.95,9.10,3510,1560,63,94024541.00,32,F1,65,,,,,
2026-08-12,2026-08-12,FO,NSE,IDO,46988,,NIFTY,,2026-09-01,2026-09-01,24050.00,PE,NIFTY2690124050PE,0.00,0.00,0.00,410.25,0.00,410.25,24435.95,186.66,0,0,0,0.00,0,F1,65,,,,,
2026-08-12,2026-08-12,FO,NSE,IDO,46998,,NIFTY,,2026-09-01,2026-09-01,24300.00,PE,NIFTY2690124300PE,144.00,210.00,140.65,157.90,158.10,148.30,24435.95,157.90,83460,33735,4521,7193464326.75,3033,F1,65,,,,,
2026-08-12,2026-08-12,FO,NSE,IDO,47038,,NIFTY,,2026-09-01,2026-09-01,25300.00,PE,NIFTY2690125300PE,0.00,0.00,0.00,1152.10,0.00,1152.10,24435.95,893.83,0,0,0,0.00,0,F1,65,,,,,
2026-08-12,2026-08-12,FO,NSE,IDO,47056,,NIFTY,,2026-09-01,2026-09-01,25750.00,PE,NIFTY2690125750PE,0.00,0.00,0.00,1508.85,0.00,1508.85,24435.95,1276.37,0,0,0,0.00,0,F1,65,,,,,
2026-08-12,2026-08-12,FO,NSE,IDO,47062,,NIFTY,,2026-09-01,2026-09-01,25900.00,PE,NIFTY2690125900PE,0.00,0.00,0.00,1635.90,0.00,1635.90,24435.95,1412.82,0,0,0,0.00,0,F1,65,,,,,
2026-08-12,2026-08-12,FO,NSE,IDO,47072,,NIFTY,,2026-09-01,2026-09-01,26150.00,PE,NIFTY2690126150PE,0.00,0.00,0.00,1854.75,0.00,1854.75,24435.95,1647.00,0,0,0,0.00,0,F1,65,,,,,
2026-08-12,2026-08-12,FO,NSE,IDO,47076,,NIFTY,,2026-09-01,2026-09-01,26250.00,PE,NIFTY2690126250PE,0.00,0.00,0.00,1944.45,0.00,1944.45,24435.95,1742.49,0,0,0,0.00,0,F1,65,,,,,
2026-08-12,2026-08-12,FO,NSE,IDO,47095,,NIFTY,,2026-09-01,2026-09-01,26650.00,PE,NIFTY2690126650PE,0.00,0.00,0.00,2313.10,0.00,2313.10,24435.95,2131.26,0,0,0,0.00,0,F1,65,,,,,
2026-08-12,2026-08-12,FO,NSE,IDO,42598,,NIFTY,,2026-09-08,2026-09-08,23150.00,PE,NIFTY2690823150PE,21.35,27.85,19.90,20.40,20.50,22.25,24435.95,20.40,5915,5200,185,278660031.00,120,F1,65,,,,,
2026-08-12,2026-08-12,FO,NSE,IDO,42614,,NIFTY,,2026-09-08,2026-09-08,23500.00,PE,NIFTY2690823500PE,40.00,52.00,37.60,38.50,38.15,38.90,24435.95,38.50,30940,26195,1034,1582391694.00,835,F1,65,,,,,
2026-08-12,2026-08-12,FO,NSE,IDO,42684,,NIFTY,,2026-09-08,2026-09-08,25000.00,PE,NIFTY2690825000PE,620.00,645.00,620.00,645.00,645.00,641.45,24435.95,705.34,520,520,8,13324080.25,4,F1,65,,,,,
2026-08-12,2026-08-12,FO,NSE,IDO,42695,,NIFTY,,2026-09-08,2026-09-08,25150.00,PE,NIFTY2690825150PE,0.00,0.00,0.00,731.90,0.00,731.90,24435.95,808.38,0,0,0,0.00,0,F1,65,,,,,
2026-08-12,2026-08-12,FO,NSE,IDO,42698,,NIFTY,,2026-09-08,2026-09-08,25200.00,PE,NIFTY2690825200PE,0.00,0.00,0.00,763.50,0.00,763.50,24435.95,844.25,0,0,0,0.00,0,F1,65,,,,,
2026-08-12,2026-08-12,FO,NSE,IDO,42706,,NIFTY,,2026-09-08,2026-09-08,25350.00,PE,NIFTY2690825350PE,0.00,0.00,0.00,862.50,0.00,862.50,24435.95,956.35,0,0,0,0.00,0,F1,65,,,,,
2026-08-12,2026-08-12,FO,NSE,IDO,47266,,NIFTY,,2026-09-15,2026-09-15,22700.00,PE,NIFTY2691522700PE,0.00,0.00,0.00,29.85,0.00,29.85,24435.95,29.13,0,0,0,0.00,0,F1,65,,,,,
2026-08-12,2026-08-12,FO,NSE,IDO,47284,,NIFTY,,2026-09-15,2026-09-15,23150.00,PE,NIFTY2691523150PE,0.00,0.00,0.00,69.55,0.00,69.55,24435.95,68.80,0,0,0,0.00,0,F1,65,,,,,
2026-08-12,2026-08-12,FO,NSE,IDO,47288,,NIFTY,,2026-09-15,2026-09-15,23250.00,PE,NIFTY2691523250PE,0.00,0.00,0.00,82.50,0.00,82.50,24435.95,81.83,0,0,0,0.00,0,F1,65,,,,,
2026-08-12,2026-08-12,FO,NSE,IDO,47300,,NIFTY,,2026-09-15,2026-09-15,23550.00,PE,NIFTY2691523550PE,0.00,0.00,0.00,133.00,0.00,133.00,24435.95,132.83,0,0,0,0.00,0,F1,65,,,,,
2026-08-12,2026-08-12,FO,NSE,IDO,47302,,NIFTY,,2026-09-15,2026-09-15,23600.00,PE,NIFTY2691523600PE,0.00,0.00,0.00,143.35,0.00,143.35,24435.95,143.28,0,0,0,0.00,0,F1,65,,,,,
2026-08-12,2026-08-12,FO,NSE,IDO,46981,,NIFTY,,2026-09-01,2026-09-01,23900.00,CE,NIFTY2690123900CE,629.25,652.15,629.25,652.15,652.15,712.45,24435.95,759.71,845,-195,7,11162297.25,4,F1,65,,,,,
2026-08-12,2026-08-12,FO,NSE,IDO,47013,,NIFTY,,2026-09-01,2026-09-01,24700.00,CE,NIFTY2690124700CE,173.05,189.00,122.10,152.45,155.15,191.75,24435.95,152.45,74230,24505,2360,3810743170.00,1807,F1,65,,,,,
2026-08-12,2026-08-12,FO,NSE,IDO,47017,,NIFTY,,2026-09-01,2026-09-01,24800.00,CE,NIFTY2690124800CE,137.20,147.50,93.95,116.45,118.35,148.55,24435.95,116.45,92300,52650,3201,5182800226.50,2300,F1,65,,,,,
2026-08-12,2026-08-12,FO,NSE,IDO,55701,,NIFTY,,2030-12-31,2030-12-31,19500.00,PE,NIFTY30DEC19500PE,0.00,0.00,0.00,67.40,0.00,67.40,24435.95,199.68,0,0,0,0.00,0,F1,65,,,,,
2026-08-12,2026-08-12,FO,NSE,IDO,55697,,NIFTY,,2030-12-31,2030-12-31,16500.00,PE,NIFTY30DEC16500PE,0.00,0.00,0.00,13.65,0.00,13.65,24435.95,56.32,0,0,0,0.00,0,F1,65,,,,,
2026-08-12,2026-08-12,FO,NSE,IDO,61933,,NIFTY,,2029-12-24,2029-12-24,30000.00,PE,NIFTY29DEC30000PE,0.00,0.00,0.00,1953.50,0.00,1953.50,24435.95,2739.77,0,0,0,0.00,0,F1,65,,,,,
2026-08-12,2026-08-12,FO,NSE,IDO,61660,,NIFTY,,2029-12-24,2029-12-24,21000.00,PE,NIFTY29DEC21000PE,0.00,0.00,0.00,350.05,350.05,350.05,24435.95,326.67,715,0,0,0.00,0,F1,65,,,,,
2026-08-12,2026-08-12,FO,NSE,IDO,55599,,NIFTY,,2029-12-24,2029-12-24,16500.00,PE,NIFTY29DEC16500PE,0.00,0.00,0.00,10.15,0.00,10.15,24435.95,43.91,0,0,0,0.00,0,F1,65,,,,,
2026-08-12,2026-08-12,FO,NSE,IDO,53625,,NIFTY,,2027-12-28,2027-12-28,24000.00,PE,NIFTY27DEC24000PE,613.15,656.20,611.55,642.95,640.00,620.00,24435.95,642.95,128945,1170,87,139350666.00,53,F1,65,,,,,
2026-08-12,2026-08-12,FO,NSE,IDO,80271,,NIFTY,,2027-03-30,2027-03-30,22500.00,PE,NIFTY27MAR22500PE,176.75,195.15,172.95,178.60,179.35,174.55,24435.95,178.60,416390,51480,2881,4248168616.25,1481,F1,65,,,,,
2026-08-12,2026-08-12,FO,NSE,IDO,58645,,NIFTY,,2026-12-29,2026-12-29,20000.00,PE,NIFTY26DEC20000PE,35.40,37.70,34.10,36.35,36.05,35.50,24435.95,36.35,1184385,36400,1915,2494049629.50,1226,F1,65,,,,,
2026-08-12,2026-08-12,FO,NSE,IDO,58641,,NIFTY,,2026-12-29,2026-12-29,18000.00,PE,NIFTY26DEC18000PE,21.40,23.95,20.25,21.85,21.75,21.20,24435.95,21.85,496605,27105,1072,1255805804.50,442,F1,65,,,,,
2026-08-12,2026-08-12,FO,NSE,IDO,55323,,NIFTY,,2026-12-29,2026-12-29,16500.00,PE,NIFTY26DEC16500PE,0.00,0.00,0.00,15.05,15.05,15.05,24435.95,0.01,4160,0,0,0.00,0,F1,65,,,,,
2026-08-12,2026-08-12,FO,NSE,IDO,58633,,NIFTY,,2026-12-29,2026-12-29,14000.00,PE,NIFTY26DEC14000PE,0.00,0.00,0.00,9.00,9.00,9.00,24435.95,0.00,8310,0,0,0.00,0,F1,65,,,,,
2026-08-12,2026-08-12,FO,NSE,IDO,51521,,NIFTY,,2026-10-27,2026-10-27,26750.00,PE,NIFTY26OCT26750PE,0.00,0.00,0.00,2501.20,0.00,2501.20,24435.95,2106.33,0,0,0,0.00,0,F1,65,,,,,
2026-08-12,2026-08-12,FO,NSE,IDO,51511,,NIFTY,,2026-10-27,2026-10-27,26500.00,PE,NIFTY26OCT26500PE,1707.55,1842.65,1703.15,1747.55,1747.55,1685.00,24435.95,1747.55,1365,260,7,12855768.25,7,F1,65,,,,,
2026-08-12,2026-08-12,FO,NSE,IDO,51477,,NIFTY,,2026-10-27,2026-10-27,25650.00,PE,NIFTY26OCT25650PE,0.00,0.00,0.00,944.65,944.65,944.65,24435.95,1260.70,130,0,0,0.00,0,F1,65,,,,,
2026-08-12,2026-08-12,FO,NSE,IDO,51459,,NIFTY,,2026-10-27,2026-10-27,25450.00,PE,NIFTY26OCT25450PE,0.00,0.00,0.00,848.50,848.50,848.50,24435.95,1128.03,130,0,0,0.00,0,F1,65,,,,,
2026-08-12,2026-08-12,FO,NSE,IDO,51429,,NIFTY,,2026-10-27,2026-10-27,24750.00,PE,NIFTY26OCT24750PE,537.50,537.50,467.85,467.85,467.85,470.00,24435.95,467.85,455,-130,3,4925449.75,3,F1,65,,,,,
2026-08-12,2026-08-12,FO,NSE,IDO,51421,,NIFTY,,2026-10-27,2026-10-27,24550.00,PE,NIFTY26OCT24550PE,422.35,422.35,382.50,388.35,387.45,386.05,24435.95,388.35,2340,0,29,47028858.50,14,F1,65,,,,,
2026-08-12,2026-08-12,FO,NSE,IDO,51393,,NIFTY,,2026-10-27,2026-10-27,24000.00,PE,NIFTY26OCT24000PE,216.55,248.60,201.00,219.45,216.75,208.50,24435.95,219.45,322530,67210,3405,5363096427.00,2552,F1,65,,,,,
2026-08-12,2026-08-12,FO,NSE,IDO,51391,,NIFTY,,2026-10-27,2026-10-27,23950.00,PE,NIFTY26OCT23950PE,0.00,0.00,0.00,612.05,0.00,612.05,24435.95,389.87,0,0,0,0.00,0,F1,65,,,,,
2026-08-12,2026-08-12,FO,NSE,IDO,51367,,NIFTY,,2026-10-27,2026-10-27,23350.00,PE,NIFTY26OCT23350PE,0.00,0.00,0.00,387.65,0.00,387.65,24435.95,222.59,0,0,0,0.00,0,F1,65,,,,,
2026-08-12,2026-08-12,FO,NSE,IDO,51365,,NIFTY,,2026-10-27,2026-10-27,23300.00,PE,NIFTY26OCT23300PE,99.00,112.00,91.65,98.90,98.95,94.05,24435.95,98.90,44980,6825,245,372706168.25,177,F1,65,,,,,
2026-08-12,2026-08-12,FO,NSE,IDO,51355,,NIFTY,,2026-10-27,2026-10-27,23050.00,PE,NIFTY26OCT23050PE,0.00,0.00,0.00,301.35,0.00,301.35,24435.95,162.36,0,0,0,0.00,0,F1,65,,,,,
2026-08-12,2026-08-12,FO,NSE,IDO,55289,,NIFTY,,2026-09-29,2026-09-29,28500.00,PE,NIFTY26SEP28500PE,3770.65,3932.50,3758.15,3820.25,3821.30,3765.00,24435.95,3820.25,419315,585,125,263021330.00,107,F1,65,,,,,
2026-08-12,2026-08-12,FO,NSE,IDO,74498,,NIFTY,,2026-09-29,2026-09-29,26900.00,PE,NIFTY26SEP26900PE,0.00,0.00,0.00,2127.90,2127.90,2127.90,24435.95,2282.79,65,0,0,0.00,0,F1,65,,,,,
2026-08-12,2026-08-12,FO,NSE,IDO,74496,,NIFTY,,2026-09-29,2026-09-29,26850.00,PE,NIFTY26SEP26850PE,0.00,0.00,0.00,2691.90,0.00,2691.90,24435.95,2236.73,0,0,0,0.00,0,F1,65,,,,,
2026-08-12,2026-08-12,FO,NSE,IDO,74492,,NIFTY,,2026-09-29,2026-09-29,26750.00,PE,NIFTY26SEP26750PE,0.00,0.00,0.00,2604.30,0.00,2604.30,24435.95,2145.27,0,0,0,0.00,0,F1,65,,,,,
2026-08-12,2026-08-12,FO,NSE,IDO,74413,,NIFTY,,2026-09-29,2026-09-29,25600.00,PE,NIFTY26SEP25600PE,1003.95,1004.00,975.00,1000.00,1000.00,970.00,24435.95,1183.74,390,0,7,12100526.75,4,F1,65,,,,,
2026-08-12,2026-08-12,FO,NSE,IDO,65903,,NIFTY,,2026-09-29,2026-09-29,25000.00,PE,NIFTY26SEP25000PE,577.95,656.15,538.00,582.85,581.00,554.20,24435.95,582.85,1199165,32695,7250,12070211533.25,5154,F1,65,,,,,
2026-08-12,2026-08-12,FO,NSE,IDO,74057,,NIFTY,,2026-09-29,2026-09-29,23900.00,PE,NIFTY26SEP23900PE,136.50,168.35,127.35,143.50,143.30,135.35,24435.95,143.50,279760,92950,4329,6768171247.50,3096,F1,65,,,,,
2026-08-12,2026-08-12,FO,NSE,IDO,73926,,NIFTY,,2026-09-29,2026-09-29,23350.00,PE,NIFTY26SEP23350PE,62.85,77.65,60.00,64.65,65.40,61.90,24435.95,64.65,19955,455,337,512979707.50,172,F1,65,,,,,
2026-08-12,2026-08-12,FO,NSE,IDO,73922,,NIFTY,,2026-09-29,2026-09-29,23250.00,PE,NIFTY26SEP23250PE,54.35,66.05,50.10,57.45,57.00,52.70,24435.95,57.45,17485,-1625,328,496918821.75,191,F1,65,,,,,
2026-08-12,2026-08-12,FO,NSE,IDO,73898,,NIFTY,,2026-09-29,2026-09-29,22850.00,PE,NIFTY26SEP22850PE,35.40,37.30,32.90,33.15,32.90,36.15,24435.95,33.15,14690,390,14,20825567.75,12,F1,65,,,,,
2026-08-12,2026-08-12,FO,NSE,IDO,73878,,NIFTY,,2026-09-29,2026-09-29,22300.00,PE,NIFTY26SEP22300PE,18.85,20.60,17.80,18.30,18.30,18.70,24435.95,18.30,123370,2340,220,319168112.25,152,F1,65,,,,,
2026-08-12,2026-08-12,FO,NSE,IDO,73853,,NIFTY,,2026-09-29,2026-09-29,21800.00,PE,NIFTY26SEP21800PE,14.00,15.15,12.90,13.55,12.90,13.85,24435.95,13.55,30160,1105,117,165897299.75,105,F1,65,,,,,
2026-08-12,2026-08-12,FO,NSE,IDO,73806,,NIFTY,,2026-09-29,2026-09-29,21600.00,PE,NIFTY26SEP21600PE,12.90,15.00,11.35,12.05,11.35,12.90,24435.95,12.05,35425,-1040,606,851327187.75,449,F1,65,,,,,
2026-08-12,2026-08-12,FO,NSE,IDO,47370,,NIFTY,,2026-09-15,2026-09-15,25150.00,PE,NIFTY2691525150PE,0.00,0.00,0.00,817.10,0.00,817.10,24435.95,828.09,0,0,0,0.00,0,F1,65,,,,,
2026-08-12,2026-08-12,FO,NSE,IDO,47368,,NIFTY,,2026-09-15,2026-09-15,25100.00,PE,NIFTY2691525100PE,0.00,0.00,0.00,784.05,0.00,784.05,24435.95,794.54,0,0,0,0.00,0,F1,65,,,,,
2026-08-12,2026-08-12,FO,NSE,IDO,47360,,NIFTY,,2026-09-15,2026-09-15,24900.00,PE,NIFTY2691524900PE,0.00,0.00,0.00,659.05,0.00,659.05,24435.95,667.54,0,0,0,0.00,0,F1,65,,,,,
2026-08-12,2026-08-12,FO,NSE,IDO,47334,,NIFTY,,2026-09-15,2026-09-15,24350.00,PE,NIFTY2691524350PE,0.00,0.00,0.00,378.45,0.00,378.45,24435.95,382.11,0,0,0,0.00,0,F1,65,,,,,
2026-08-12,2026-08-12,FO,NSE,IDO,47304,,NIFTY,,2026-09-15,2026-09-15,23650.00,PE,NIFTY2691523650PE,0.00,0.00,0.00,154.25,0.00,154.25,24435.95,154.34,0,0,0,0.00,0,F1,65,,,,,
2026-08-12,2026-08-12,FO,NSE,IDO,47274,,NIFTY,,2026-09-15,2026-09-15,22900.00,PE,NIFTY2691522900PE,0.00,0.00,0.00,44.15,0.00,44.15,24435.95,43.39,0,0,0,0.00,0,F1,65,,,,,
2026-08-12,2026-08-12,FO,NSE,IDO,42766,,NIFTY,,2026-09-08,2026-09-08,26300.00,PE,NIFTY2690826300PE,0.00,0.00,0.00,1612.35,0.00,1612.35,24435.95,1777.50,0,0,0,0.00,0,F1,65,,,,,
2026-08-12,2026-08-12,FO,NSE,IDO,42742,,NIFTY,,2026-09-08,2026-09-08,25900.00,PE,NIFTY2690825900PE,0.00,0.00,0.00,1274.25,0.00,1274.25,24435.95,1412.79,0,0,0,0.00,0,F1,65,,,,,
2026-08-12,2026-08-12,FO,NSE,IDO,42702,,NIFTY,,2026-09-08,2026-09-08,25300.00,PE,NIFTY2690825300PE,0.00,0.00,0.00,828.80,0.00,828.80,24435.95,919.30,0,0,0,0.00,0,F1,65,,,,,
2026-08-12,2026-08-12,FO,NSE,IDO,42700,,NIFTY,,2026-09-08,2026-09-08,25250.00,PE,NIFTY2690825250PE,0.00,0.00,0.00,795.80,0.00,795.80,24435.95,880.85,0,0,0,0.00,0,F1,65,,,,,
2026-08-12,2026-08-12,FO,NSE,IDO,42668,,NIFTY,,2026-09-08,2026-09-08,24650.00,PE,NIFTY2690824650PE,0.00,0.00,0.00,305.00,305.00,305.00,24435.95,493.72,0,0,0,0.00,0,F1,65,,,,,
2026-08-12,2026-08-12,FO,NSE,IDO,42646,,NIFTY,,2026-09-08,2026-09-08,24150.00,PE,NIFTY2690824150PE,0.00,0.00,0.00,258.15,0.00,258.15,24435.95,266.56,0,0,0,0.00,0,F1,65,,,,,
2026-08-12,2026-08-12,FO,NSE,IDO,47103,,NIFTY,,2026-09-01,2026-09-01,26800.00,PE,NIFTY2690126800PE,0.00,0.00,0.00,2454.60,0.00,2454.60,24435.95,2278.88,0,0,0,0.00,0,F1,65,,,,,
2026-08-12,2026-08-12,FO,NSE,IDO,47050,,NIFTY,,2026-09-01,2026-09-01,25600.00,PE,NIFTY2690125600PE,0.00,0.00,0.00,1385.45,0.00,1385.45,24435.95,1143.84,0,0,0,0.00,0,F1,65,,,,,
2026-08-12,2026-08-12,FO,NSE,IDO,47032,,NIFTY,,2026-09-01,2026-09-01,25150.00,PE,NIFTY2690125150PE,0.00,0.00,0.00,1040.90,0.00,1040.90,24435.95,778.96,0,0,0,0.00,0,F1,65,,,,,
2026-08-12,2026-08-12,FO,NSE,IDO,47022,,NIFTY,,2026-09-01,2026-09-01,24900.00,PE,NIFTY2690124900PE,450.00,566.00,449.95,490.00,490.00,437.35,24435.95,490.00,3445,-390,13,21473429.25,13,F1,65,,,,,
2026-08-12,2026-08-12,FO,NSE,IDO,47018,,NIFTY,,2026-09-01,2026-09-01,24800.00,PE,NIFTY2690124800PE,399.50,490.00,371.90,411.80,410.30,372.90,24435.95,411.80,7865,-1040,184,301939157.00,167,F1,65,,,,,
2026-08-12,2026-08-12,FO,NSE,IDO,46990,,NIFTY,,2026-09-01,2026-09-01,24100.00,PE,NIFTY2690124100PE,100.00,137.85,90.40,100.05,99.00,97.60,24435.95,100.05,59150,32045,1351,2126663919.25,1063,F1,65,,,,,
2026-08-12,2026-08-12,FO,NSE,IDO,46976,,NIFTY,,2026-09-01,2026-09-01,23750.00,PE,NIFTY2690123750PE,0.00,0.00,0.00,53.85,53.85,53.85,24435.95,108.36,260,0,0,0.00,0,F1,65,,,,,
2026-08-12,2026-08-12,FO,NSE,IDO,46974,,NIFTY,,2026-09-01,2026-09-01,23700.00,PE,NIFTY2690123700PE,38.00,54.90,35.70,36.65,36.00,39.05,24435.95,36.65,65325,41145,1300,2006536015.25,1043,F1,65,,,,,
2026-08-12,2026-08-12,FO,NSE,IDO,46940,,NIFTY,,2026-09-01,2026-09-01,22850.00,PE,NIFTY2690122850PE,10.30,10.30,8.15,8.25,8.35,10.05,24435.95,8.25,1950,-130,49,72806747.00,38,F1,65,,,,,
2026-08-12,2026-08-12,FO,NSE,IDO,46926,,NIFTY,,2026-09-01,2026-09-01,22500.00,PE,NIFTY2690122500PE,8.45,8.45,6.20,6.75,6.55,8.00,24435.95,6.75,70265,10660,817,1195254414.25,448,F1,65,,,,,
2026-08-12,2026-08-12,FO,NSE,IDO,62168,,NIFTY,,2026-08-25,2026-08-25,26600.00,PE,NIFTY26AUG26600PE,0.00,0.00,0.00,2455.55,0.00,2455.55,24435.95,2107.71,0,0,0,0.00,0,F1,65,,,,,
2026-08-12,2026-08-12,FO,NSE,IDO,62136,,NIFTY,,2026-08-25,2026-08-25,26550.00,PE,NIFTY26AUG26550PE,0.00,0.00,0.00,2413.10,0.00,2413.10,24435.95,2058.03,0,0,0,0.00,0,F1,65,,,,,
2026-08-12,2026-08-12,FO,NSE,IDO,62052,,NIFTY,,2026-08-25,2026-08-25,26100.00,PE,NIFTY26AUG26100PE,0.00,0.00,0.00,1430.00,1430.00,1430.00,24435.95,1613.83,26780,0,0,0.00,0,F1,65,,,,,
2026-08-12,2026-08-12,FO,NSE,IDO,61859,,NIFTY,,2026-08-25,2026-08-25,24900.00,PE,NIFTY26AUG24900PE,428.85,568.30,418.40,471.20,469.00,427.90,24435.95,471.20,181675,-38480,2728,4500972082.75,2096,F1,65,,,,,
2026-08-12,2026-08-12,FO,NSE,IDO,61670,,NIFTY,,2026-08-25,2026-08-25,24200.00,PE,NIFTY26AUG24200PE,89.80,137.90,81.05,92.25,91.15,89.80,24435.95,92.25,2930460,337805,65198,103028504380.75,44368,F1,65,,,,,
2026-08-12,2026-08-12,FO,NSE,IDO,61604,,NIFTY,,2026-08-25,2026-08-25,24000.00,PE,NIFTY26AUG24000PE,54.55,80.55,45.85,50.45,50.20,52.05,24435.95,50.45,8735545,-47060,122003,190826654235.75,70445,F1,65,,,,,
2026-08-12,2026-08-12,FO,NSE,IDO,61500,,NIFTY,,2026-08-25,2026-08-25,23500.00,PE,NIFTY26AUG23500PE,13.80,20.00,10.30,12.55,12.55,14.25,24435.95,12.55,3576300,636935,82349,125872826241.50,42347,F1,65,,,,,
2026-08-12,2026-08-12,FO,NSE,IDO,61498,,NIFTY,,2026-08-25,2026-08-25,23450.00,PE,NIFTY26AUG23450PE,13.25,17.20,10.70,11.15,11.15,12.70,24435.95,11.15,141960,7540,5669,8645981584.50,4124,F1,65,,,,,
2026-08-12,2026-08-12,FO,NSE,IDO,61381,,NIFTY,,2026-08-25,2026-08-25,22400.00,PE,NIFTY26AUG22400PE,4.40,4.40,3.40,3.85,4.10,4.05,24435.95,3.85,121095,23205,2612,3803710914.25,1319,F1,65,,,,,
2026-08-12,2026-08-12,FO,NSE,IDO,45230,,NIFTY,,2026-08-18,2026-08-18,26450.00,PE,NIFTY2681826450PE,0.00,0.00,0.00,2270.20,0.00,2270.20,24435.95,1987.73,0,0,0,0.00,0,F1,65,,,,,
2026-08-12,2026-08-12,FO,NSE,IDO,45203,,NIFTY,,2026-08-18,2026-08-18,26000.00,PE,NIFTY2681826000PE,1480.00,1660.00,1480.00,1550.00,1550.40,1490.30,24435.95,1550.00,139230,1625,58,104005482.75,54,F1,65,,,,,
2026-08-12,2026-08-12,FO,NSE,IDO,45187,,NIFTY,,2026-08-18,2026-08-18,25700.00,PE,NIFTY2681825700PE,0.00,0.00,0.00,1194.20,1194.20,1194.20,24435.95,1240.26,1040,0,0,0.00,0,F1,65,,,,,
2026-08-12,2026-08-12,FO,NSE,IDO,45159,,NIFTY,,2026-08-18,2026-08-18,25250.00,PE,NIFTY2681825250PE,791.65,910.05,743.55,810.40,802.60,562.95,24435.95,810.40,15080,15015,268,454257072.75,267,F1,65,,,,,
2026-08-12,2026-08-12,FO,NSE,IDO,45151,,NIFTY,,2026-08-18,2026-08-18,25050.00,PE,NIFTY2681825050PE,578.15,719.55,545.65,612.35,605.75,546.70,24435.95,612.35,36465,19370,593,989651650.00,549,F1,65,,,,,
2026-08-12,2026-08-12,FO,NSE,IDO,45149,,NIFTY,,2026-08-18,2026-08-18,25000.00,PE,NIFTY2681825000PE,478.05,670.00,478.00,561.55,559.75,502.55,24435.95,561.55,428740,-58435,10333,17191887956.75,7009,F1,65,,,,,
2026-08-12,2026-08-12,FO,NSE,IDO,45097,,NIFTY,,2026-08-18,2026-08-18,24150.00,PE,NIFTY2681824150PE,35.10,66.55,26.80,31.40,31.00,33.15,24435.95,31.40,1478685,923130,554401,872015215994.00,239880,F1,65,,,,,
2026-08-12,2026-08-12,FO,NSE,IDO,45036,,NIFTY,,2026-08-18,2026-08-18,22900.00,PE,NIFTY2681822900PE,1.95,4.65,1.45,1.60,1.65,2.00,24435.95,1.60,317785,60060,41498,61774711696.75,9095,F1,65,,,,,
2026-08-12,2026-08-12,FO,NSE,IDO,74647,,NIFTY,,2031-06-24,2031-06-24,22500.00,CE,NIFTY31JUN22500CE,0.00,0.00,0.00,8012.75,0.00,8012.75,24435.95,8584.58,0,0,0,0.00,0,F1,65,,,,,
2026-08-12,2026-08-12,FO,NSE,IDO,60936,,NIFTY,,2030-06-25,2030-06-25,30000.00,CE,NIFTY30JUN30000CE,0.00,0.00,0.00,5580.35,0.00,5580.35,24435.95,3703.26,0,0,0,0.00,0,F1,65,,,,,
2026-08-12,2026-08-12,FO,NSE,IDO,55648,,NIFTY,,2030-06-25,2030-06-25,28500.00,CE,NIFTY30JUN28500CE,0.00,0.00,0.00,5382.85,0.00,5382.85,24435.95,4315.24,0,0,0,0.00,0,F1,65,,,,,
2026-08-12,2026-08-12,FO,NSE,IDO,55560,,NIFTY,,2029-06-26,2029-06-26,22500.00,CE,NIFTY29JUN22500CE,0.00,0.00,0.00,7946.50,0.00,7946.50,24435.95,6332.73,0,0,0,0.00,0,F1,65,,,,,
2026-08-12,2026-08-12,FO,NSE,IDO,67788,,NIFTY,,2028-12-26,2028-12-26,27000.00,CE,NIFTY28DEC27000CE,0.00,0.00,0.00,2700.00,2700.00,2700.00,24435.95,3137.26,845,0,0,0.00,0,F1,65,,,,,
2026-08-12,2026-08-12,FO,NSE,IDO,55478,,NIFTY,,2028-06-27,2028-06-27,28500.00,CE,NIFTY28JUN28500CE,0.00,0.00,0.00,2990.00,0.00,2990.00,24435.95,1880.34,0,0,0,0.00,0,F1,65,,,,,
2026-08-12,2026-08-12,FO,NSE,IDO,55472,,NIFTY,,2028-06-27,2028-06-27,22500.00,CE,NIFTY28JUN22500CE,0.00,0.00,0.00,6796.05,0.00,6796.05,24435.95,5037.78,0,0,0,0.00,0,F1,65,,,,,
2026-08-12,2026-08-12,FO,NSE,IDO,80278,,NIFTY,,2027-03-30,2027-03-30,28500.00,CE,NIFTY27MAR28500CE,105.30,105.35,94.10,101.15,102.95,105.35,24435.95,101.15,89570,3770,327,607887231.25,204,F1,65,,,,,
2026-08-12,2026-08-12,FO,NSE,IDO,80190,,NIFTY,,2027-03-30,2027-03-30,16500.00,CE,NIFTY27MAR16500CE,0.00,0.00,0.00,6995.90,0.00,6995.90,24435.95,8604.43,0,0,0,0.00,0,F1,65,,,,,
2026-08-12,2026-08-12,FO,NSE,IDO,58644,,NIFTY,,2026-12-29,2026-12-29,20000.00,CE,NIFTY26DEC20000CE,4910.00,4917.45,4784.30,4892.25,4909.50,4925.85,24435.95,4892.25,575665,-1495,218,351987564.50,167,F1,65,,,,,
2026-08-12,2026-08-12,FO,NSE,IDO,51510,,NIFTY,,2026-10-27,2026-10-27,26500.00,CE,NIFTY26OCT26500CE,38.30,40.50,32.50,35.05,35.95,40.55,24435.95,35.05,69680,17875,997,1719590678.00,629,F1,65,,,,,
2026-08-12,2026-08-12,FO,NSE,IDO,51488,,NIFTY,,2026-10-27,2026-10-27,25950.00,CE,NIFTY26OCT25950CE,0.00,0.00,0.00,267.40,0.00,267.40,24435.95,311.02,0,0,0,0.00,0,F1,65,,,,,
2026-08-12,2026-08-12,FO,NSE,IDO,51450,,NIFTY,,2026-10-27,2026-10-27,25250.00,CE,NIFTY26OCT25250CE,0.00,0.00,0.00,447.85,0.00,447.85,24435.95,531.42,0,0,0,0.00,0,F1,65,,,,,
2026-08-12,2026-08-12,FO,NSE,IDO,51424,,NIFTY,,2026-10-27,2026-10-27,24650.00,CE,NIFTY26OCT24650CE,493.20,546.00,480.00,525.80,528.00,673.15,24435.95,525.80,3055,455,41,67073054.75,37,F1,65,,,,,
2026-08-12,2026-08-12,FO,NSE,IDO,51386,,NIFTY,,2026-10-27,2026-10-27,23850.00,CE,NIFTY26OCT23850CE,0.00,0.00,0.00,1063.45,0.00,1063.45,24435.95,1266.70,0,0,0,0.00,0,F1,65,,,,,
2026-08-12,2026-08-12,FO,NSE,IDO,51384,,NIFTY,,2026-10-27,2026-10-27,23800.00,CE,NIFTY26OCT23800CE,1021.90,1099.60,1021.90,1099.60,1099.60,1092.35,24435.95,1300.42,260,260,17,27476699.25,17,F1,65,,,,,
2026-08-12,2026-08-12,FO,NSE,IDO,51382,,NIFTY,,2026-10-27,2026-10-27,23750.00,CE,NIFTY26OCT23750CE,0.00,0.00,0.00,1121.75,0.00,1121.75,24435.95,1334.62,0,0,0,0.00,0,F1,65,,,,,
2026-08-12,2026-08-12,FO,NSE,IDO,51330,,NIFTY,,2026-10-27,2026-10-27,22500.00,CE,NIFTY26OCT22500CE,0.00,0.00,0.00,2266.15,2266.00,2266.15,24435.95,2326.30,260,0,0,0.00,0,F1,65,,,,,
2026-08-12,2026-08-12,FO,NSE,IDO,74505,,NIFTY,,2026-09-29,2026-09-29,27150.00,CE,NIFTY26SEP27150CE,0.00,0.00,0.00,91.35,0.00,91.35,24435.95,35.09,0,0,0,0.00,0,F1,65,,,,,
2026-08-12,2026-08-12,FO,NSE,IDO,74485,,NIFTY,,2026-09-29,2026-09-29,26600.00,CE,NIFTY26SEP26600CE,9.65,10.80,8.85,9.75,9.95,9.95,24435.95,9.75,42315,455,295,510234887.50,129,F1,65,,,,,
2026-08-12,2026-08-12,FO,NSE,IDO,65904,,NIFTY,,2026-09-29,2026-09-29,26000.00,CE,NIFTY26SEP26000CE,32.25,33.20,24.40,27.15,27.55,32.15,24435.95,27.15,2526670,86165,16284,27548600235.00,8325,F1,65,,,,,
2026-08-12,2026-08-12,FO,NSE,IDO,74422,,NIFTY,,2026-09-29,2026-09-29,25850.00,CE,NIFTY26SEP25850CE,0.00,0.00,0.00,117.25,117.25,117.25,24435.95,183.09,65,0,0,0.00,0,F1,65,,,,,
2026-08-12,2026-08-12,FO,NSE,IDO,74418,,NIFTY,,2026-09-29,2026-09-29,25750.00,CE,NIFTY26SEP25750CE,0.00,0.00,0.00,293.50,0.00,293.50,24435.95,204.34,0,0,0,0.00,0,F1,65,,,,,
2026-08-12,2026-08-12,FO,NSE,IDO,55286,,NIFTY,,2026-09-29,2026-09-29,25500.00,CE,NIFTY26SEP25500CE,92.95,94.05,68.05,78.30,79.00,93.50,24435.95,78.30,2179125,234455,22278,37037498153.50,12465,F1,65,,,,,
2026-08-12,2026-08-12,FO,NSE,IDO,74243,,NIFTY,,2026-09-29,2026-09-29,24550.00,CE,NIFTY26SEP24550CE,457.15,457.15,363.05,411.80,415.50,457.15,24435.95,411.80,21840,4615,332,538233959.25,236,F1,65,,,,,
2026-08-12,2026-08-12,FO,NSE,IDO,73925,,NIFTY,,2026-09-29,2026-09-29,23350.00,CE,NIFTY26SEP23350CE,0.00,0.00,0.00,1399.00,1399.00,1399.00,24435.95,1430.11,455,0,0,0.00,0,F1,65,,,,,
2026-08-12,2026-08-12,FO,NSE,IDO,73831,,NIFTY,,2026-09-29,2026-09-29,21650.00,CE,NIFTY26SEP21650CE,0.00,0.00,0.00,2630.65,0.00,2630.65,24435.95,2979.50,0,0,0,0.00,0,F1,65,,,,,
2026-08-12,2026-08-12,FO,NSE,IDO,55280,,NIFTY,,2026-09-29,2026-09-29,16500.00,CE,NIFTY26SEP16500CE,0.00,0.00,0.00,10168.85,0.00,10168.85,24435.95,8077.68,0,0,0,0.00,0,F1,65,,,,,
2026-08-12,2026-08-12,FO,NSE,IDO,47363,,NIFTY,,2026-09-15,2026-09-15,25000.00,CE,NIFTY2691525000CE,0.00,0.00,0.00,336.65,0.00,336.65,24435.95,317.82,0,0,0,0.00,0,F1,65,,,,,
2026-08-12,2026-08-12,FO,NSE,IDO,47295,,NIFTY,,2026-09-15,2026-09-15,23450.00,CE,NIFTY2691523450CE,0.00,0.00,0.00,1271.65,0.00,1271.65,24435.95,1242.49,0,0,0,0.00,0,F1,65,,,,,
2026-08-12,2026-08-12,FO,NSE,IDO,42761,,NIFTY,,2026-09-08,2026-09-08,26200.00,CE,NIFTY2690826200CE,0.00,0.00,0.00,92.55,0.00,92.55,24435.95,37.59,0,0,0,0.00,0,F1,65,,,,,
2026-08-12,2026-08-12,FO,NSE,IDO,42753,,NIFTY,,2026-09-08,2026-09-08,26100.00,CE,NIFTY2690826100CE,0.00,0.00,0.00,106.55,0.00,106.55,24435.95,45.24,0,0,0,0.00,0,F1,65,,,,,
2026-08-12,2026-08-12,FO,NSE,IDO,42741,,NIFTY,,2026-09-08,2026-09-08,25900.00,CE,NIFTY2690825900CE,0.00,0.00,0.00,139.75,0.00,139.75,24435.95,64.58,0,0,0,0.00,0,F1,65,,,,,
2026-08-12,2026-08-12,FO,NSE,IDO,42723,,NIFTY,,2026-09-08,2026-09-08,25600.00,CE,NIFTY2690825600CE,26.80,26.80,17.00,19.30,19.40,26.90,24435.95,19.30,42640,13130,1082,1801837007.75,537,F1,65,,,,,
2026-08-12,2026-08-12,FO,NSE,IDO,42714,,NIFTY,,2026-09-08,2026-09-08,25550.00,CE,NIFTY2690825550CE,0.00,0.00,0.00,217.20,0.00,217.20,24435.95,114.95,0,0,0,0.00,0,F1,65,,,,,
2026-08-12,2026-08-12,FO,NSE,IDO,42709,,NIFTY,,2026-09-08,2026-09-08,25450.00,CE,NIFTY2690825450CE,0.00,0.00,0.00,244.70,0.00,244.70,24435.95,134.09,0,0,0,0.00,0,F1,65,,,,,
2026-08-12,2026-08-12,FO,NSE,IDO,42643,,NIFTY,,2026-09-08,2026-09-08,24100.00,CE,NIFTY2690824100CE,0.00,0.00,0.00,897.30,0.00,897.30,24435.95,692.44,0,0,0,0.00,0,F1,65,,,,,
2026-08-12,2026-08-12,FO,NSE,IDO,42633,,NIFTY,,2026-09-08,2026-09-08,23850.00,CE,NIFTY2690823850CE,0.00,0.00,0.00,1077.30,0.00,1077.30,24435.95,864.43,0,0,0,0.00,0,F1,65,,,,,
2026-08-12,2026-08-12,FO,NSE,IDO,42625,,NIFTY,,2026-09-08,2026-09-08,23650.00,CE,NIFTY2690823650CE,0.00,0.00,0.00,1232.50,0.00,1232.50,24435.95,1016.09,0,0,0,0.00,0,F1,65,,,,,
2026-08-12,2026-08-12,FO,NSE,IDO,42589,,NIFTY,,2026-09-08,2026-09-08,22950.00,CE,NIFTY2690822950CE,0.00,0.00,0.00,1838.05,0.00,1838.05,24435.95,1620.46,0,0,0,0.00,0,F1,65,,,,,
2026-08-12,2026-08-12,FO,NSE,IDO,47119,,NIFTY,,2026-09-01,2026-09-01,27200.00,CE,NIFTY2690127200CE,1.50,2.20,1.30,1.45,1.60,1.05,24435.95,1.45,4160,2080,47,83101612.75,23,F1,65,,,,,
2026-08-12,2026-08-12,FO,NSE,IDO,47069,,NIFTY,,2026-09-01,2026-09-01,26100.00,CE,NIFTY2690126100CE,3.30,5.15,3.30,4.00,3.80,79.70,24435.95,4.00,15145,15145,424,719432051.00,232,F1,65,,,,,
2026-08-12,2026-08-12,FO,NSE,IDO,47019,,NIFTY,,2026-09-01,2026-09-01,24850.00,CE,NIFTY2690124850CE,116.45,129.85,81.35,101.85,103.15,131.30,24435.95,101.85,31395,5005,399,647101926.25,324,F1,65,,,,,
2026-08-12,2026-08-12,FO,NSE,IDO,44991,,NIFTY,,2026-08-18,2026-08-18,22150.00,CE,NIFTY2681822150CE,0.00,0.00,0.00,2053.60,0.00,2053.60,24435.95,2308.00,0,0,0,0.00,0,F1,65,,,,,
2026-08-12,2026-08-12,FO,NSE,IDO,45049,,NIFTY,,2026-08-18,2026-08-18,23200.00,CE,NIFTY2681823200CE,1260.00,1260.00,1130.05,1202.80,1202.80,1315.00,24435.95,1260.10,2080,260,25,39607860.50,24,F1,65,,,,,
2026-08-12,2026-08-12,FO,NSE,IDO,45071,,NIFTY,,2026-08-18,2026-08-18,23650.00,CE,NIFTY2681823650CE,848.65,856.10,696.00,798.35,804.90,849.65,24435.95,798.35,1950,910,53,84027593.00,42,F1,65,,,,,
2026-08-12,2026-08-12,FO,NSE,IDO,45106,,NIFTY,,2026-08-18,2026-08-18,24400.00,CE,NIFTY2681824400CE,205.00,214.05,100.00,145.05,147.60,202.45,24435.95,145.05,6040580,4206280,2050696,3270674506177.00,1037501,F1,65,,,,,
2026-08-12,2026-08-12,FO,NSE,IDO,45116,,NIFTY,,2026-08-18,2026-08-18,24600.00,CE,NIFTY2681824600CE,93.45,101.85,38.40,59.60,60.30,97.05,24435.95,59.60,7078565,2571790,1196117,1917155884543.25,454654,F1,65,,,,,
2026-08-12,2026-08-12,FO,NSE,IDO,45156,,NIFTY,,2026-08-18,2026-08-18,25200.00,CE,NIFTY2681825200CE,3.55,4.40,2.05,2.30,2.40,4.35,24435.95,2.30,4349150,549705,748981,1226980774997.25,128649,F1,65,,,,,
2026-08-12,2026-08-12,FO,NSE,IDO,45184,,NIFTY,,2026-08-18,2026-08-18,25650.00,CE,NIFTY2681825650CE,1.45,1.80,0.85,0.95,0.90,1.40,24435.95,0.95,954330,384670,50024,83406738158.25,15423,F1,65,,,,,
2026-08-12,2026-08-12,FO,NSE,IDO,61154,,NIFTY,,2026-08-25,2026-08-25,21250.00,CE,NIFTY26AUG21250CE,0.00,0.00,0.00,3030.30,0.00,3030.30,24435.95,3231.77,0,0,0,0.00,0,F1,65,,,,,
2026-08-12,2026-08-12,FO,NSE,IDO,61175,,NIFTY,,2026-08-25,2026-08-25,21400.00,CE,NIFTY26AUG21400CE,0.00,0.00,0.00,2616.30,2616.30,2616.30,24435.95,3082.09,130,0,0,0.00,0,F1,65,,,,,
2026-08-12,2026-08-12,FO,NSE,IDO,61211,,NIFTY,,2026-08-25,2026-08-25,21500.00,CE,NIFTY26AUG21500CE,2886.00,2955.00,2865.45,2955.00,2955.00,3036.65,24435.95,2982.31,346710,-4225,78,123664580.00,53,F1,65,,,,,
2026-08-12,2026-08-12,FO,NSE,IDO,61354,,NIFTY,,2026-08-25,2026-08-25,22050.00,CE,NIFTY26AUG22050CE,0.00,0.00,0.00,2323.10,0.00,2323.10,24435.95,2433.57,0,0,0,0.00,0,F1,65,,,,,
2026-08-12,2026-08-12,FO,NSE,IDO,61364,,NIFTY,,2026-08-25,2026-08-25,22150.00,CE,NIFTY26AUG22150CE,0.00,0.00,0.00,2147.40,2147.40,2147.40,24435.95,2333.84,130,0,0,0.00,0,F1,65,,,,,
2026-08-12,2026-08-12,FO,NSE,IDO,61376,,NIFTY,,2026-08-25,2026-08-25,22300.00,CE,NIFTY26AUG22300CE,0.00,0.00,0.00,2020.00,2020.00,2020.00,24435.95,2184.31,1820,0,0,0.00,0,F1,65,,,,,
2026-08-12,2026-08-12,FO,NSE,IDO,61532,,NIFTY,,2026-08-25,2026-08-25,23750.00,CE,NIFTY26AUG23750CE,715.00,756.00,655.00,756.00,756.00,805.35,24435.95,802.42,16900,-1365,38,60407441.25,18,F1,65,,,,,
2026-08-12,2026-08-12,FO,NSE,IDO,61534,,NIFTY,,2026-08-25,2026-08-25,23800.00,CE,NIFTY26AUG23800CE,762.20,765.20,607.00,698.65,699.35,764.50,24435.95,698.65,497965,-12415,1228,1952617082.00,910,F1,65,,,,,
2026-08-12,2026-08-12,FO,NSE,IDO,61647,,NIFTY,,2026-08-25,2026-08-25,24200.00,CE,NIFTY26AUG24200CE,426.85,436.20,296.60,361.35,366.95,424.10,24435.95,361.35,1309035,159510,21661,34547026848.75,14679,F1,65,,,,,
2026-08-12,2026-08-12,FO,NSE,IDO,61734,,NIFTY,,2026-08-25,2026-08-25,24500.00,CE,NIFTY26AUG24500CE,235.85,235.85,136.80,177.30,179.30,225.25,24435.95,177.30,6882265,831350,157240,252138366119.25,103762,F1,65,,,,,
2026-08-12,2026-08-12,FO,NSE,IDO,61857,,NIFTY,,2026-08-25,2026-08-25,24900.00,CE,NIFTY26AUG24900CE,70.70,70.70,34.05,46.00,47.10,67.75,24435.95,46.00,1611545,624195,85637,138848052170.75,50681,F1,65,,,,,
2026-08-12,2026-08-12,FO,NSE,IDO,61865,,NIFTY,,2026-08-25,2026-08-25,24950.00,CE,NIFTY26AUG24950CE,57.65,57.65,28.55,37.80,38.90,56.25,24435.95,37.80,312845,55380,16467,26743919367.75,11610,F1,65,,,,,
2026-08-12,2026-08-12,FO,NSE,IDO,61909,,NIFTY,,2026-08-25,2026-08-25,25050.00,CE,NIFTY26AUG25050CE,38.75,38.75,19.60,25.55,25.90,38.65,24435.95,25.55,358735,141375,17692,28835674218.00,12430,F1,65,,,,,
2026-08-12,2026-08-12,FO,NSE,IDO,61979,,NIFTY,,2026-08-25,2026-08-25,25600.00,CE,NIFTY26AUG25600CE,4.85,4.85,3.20,3.40,3.20,4.85,24435.95,3.40,551265,-93860,22217,36974578641.00,11045,F1,65,,,,,
2026-08-12,2026-08-12,FO,NSE,IDO,62036,,NIFTY,,2026-08-25,2026-08-25,25950.00,CE,NIFTY26AUG25950CE,1.80,2.80,1.55,1.65,1.60,2.15,24435.95,1.65,111410,-3380,3506,5914199070.00,2616,F1,65,,,,,
2026-08-12,2026-08-12,FO,NSE,IDO,62043,,NIFTY,,2026-08-25,2026-08-25,26050.00,CE,NIFTY26AUG26050CE,2.00,2.20,1.30,1.35,1.45,1.85,24435.95,1.35,130975,-2015,4849,8211121132.50,3553,F1,65,,,,,
2026-08-12,2026-08-12,FO,NSE,IDO,62045,,NIFTY,,2026-08-25,2026-08-25,26100.00,CE,NIFTY26AUG26100CE,1.30,1.95,1.05,1.20,1.20,1.55,24435.95,1.20,370240,82875,9382,15917442147.75,5885,F1,65,,,,,
2026-08-12,2026-08-12,FO,NSE,IDO,62066,,NIFTY,,2026-08-25,2026-08-25,26300.00,CE,NIFTY26AUG26300CE,1.35,1.45,0.90,0.95,0.95,1.20,24435.95,0.95,914745,-2730,4628,7911907942.25,2273,F1,65,,,,,
2026-08-12,2026-08-12,FO,NSE,IDO,62172,,NIFTY,,2026-08-25,2026-08-25,26700.00,CE,NIFTY26AUG26700CE,0.90,0.95,0.65,0.70,0.65,0.70,24435.95,0.70,58890,-585,291,505044354.75,178,F1,65,,,,,
2026-08-12,2026-08-12,FO,NSE,IDO,62238,,NIFTY,,2026-08-25,2026-08-25,27150.00,CE,NIFTY26AUG27150CE,0.00,0.00,0.00,0.65,0.65,0.65,24435.95,0.10,18590,0,0,0.00,0,F1,65,,,,,
2026-08-12,2026-08-12,FO,NSE,IDO,46907,,NIFTY,,2026-09-01,2026-09-01,22050.00,CE,NIFTY2690122050CE,0.00,0.00,0.00,2313.35,0.00,2313.35,24435.95,2459.90,0,0,0,0.00,0,F1,65,,,,,
2026-08-12,2026-08-12,FO,NSE,IDO,46919,,NIFTY,,2026-09-01,2026-09-01,22350.00,CE,NIFTY2690122350CE,0.00,0.00,0.00,2032.25,0.00,2032.25,24435.95,2162.61,0,0,0,0.00,0,F1,65,,,,,
2026-08-12,2026-08-12,FO,NSE,IDO,46969,,NIFTY,,2026-09-01,2026-09-01,23600.00,CE,NIFTY2690123600CE,0.00,0.00,0.00,585.55,585.55,585.55,24435.95,994.28,65,0,0,0.00,0,F1,65,,,,,
2026-08-12,2026-08-12,FO,NSE,IDO,45067,,NIFTY,,2026-08-18,2026-08-18,23550.00,CE,NIFTY2681823550CE,860.50,916.90,764.80,910.35,916.90,952.20,24435.95,910.35,1040,325,55,87182836.00,39,F1,65,,,,,
2026-08-12,2026-08-12,FO,NSE,IDO,80314,,NIFTY,,2027-03-30,2027-03-30,33000.00,PE,NIFTY27MAR33000PE,0.00,0.00,0.00,8415.45,0.00,8415.45,24435.95,7261.37,0,0,0,0.00,0,F1,65,,,,,
2026-08-12,2026-08-12,FO,NSE,IDO,58629,,NIFTY,,2026-12-29,2026-12-29,12000.00,PE,NIFTY26DEC12000PE,0.00,0.00,0.00,7.80,8.00,7.80,24435.95,0.00,17825,0,0,0.00,0,F1,65,,,,,
2026-08-12,2026-08-12,FO,NSE,IDO,51515,,NIFTY,,2026-10-27,2026-10-27,26600.00,PE,NIFTY26OCT26600PE,0.00,0.00,0.00,2372.55,0.00,2372.55,24435.95,1981.24,0,0,0,0.00,0,F1,65,,,,,
2026-08-12,2026-08-12,FO,NSE,IDO,51491,,NIFTY,,2026-10-27,2026-10-27,26000.00,PE,NIFTY26OCT26000PE,1299.00,1399.40,1270.00,1305.00,1305.00,1263.45,24435.95,1305.00,39910,1235,130,231065360.50,108,F1,65,,,,,
2026-08-12,2026-08-12,FO,NSE,IDO,51473,,NIFTY,,2026-10-27,2026-10-27,25600.00,PE,NIFTY26OCT25600PE,0.00,0.00,0.00,847.95,847.95,847.95,24435.95,1226.85,195,0,0,0.00,0,F1,65,,,,,
2026-08-12,2026-08-12,FO,NSE,IDO,51449,,NIFTY,,2026-10-27,2026-10-27,25200.00,PE,NIFTY26OCT25200PE,715.50,773.30,558.25,558.30,558.25,696.55,24435.95,558.30,4940,-260,36,60667847.50,20,F1,65,,,,,
2026-08-12,2026-08-12,FO,NSE,IDO,47193,,NIFTY,,2027-06-29,2027-06-29,33000.00,PE,NIFTY27JUN33000PE,0.00,0.00,0.00,4691.70,0.00,4691.70,24435.95,6822.86,0,0,0,0.00,0,F1,65,,,,,
2026-08-12,2026-08-12,FO,NSE,IDO,51441,,NIFTY,,2026-10-27,2026-10-27,25000.00,PE,NIFTY26OCT25000PE,603.45,665.95,565.00,599.00,598.90,574.75,24435.95,599.00,236665,5590,2319,3863324731.50,1794,F1,65,,,,,
2026-08-12,2026-08-12,FO,NSE,IDO,51433,,NIFTY,,2026-10-27,2026-10-27,24850.00,PE,NIFTY26OCT24850PE,0.00,0.00,0.00,486.25,486.25,486.25,24435.95,776.68,1495,0,0,0.00,0,F1,65,,,,,
2026-08-12,2026-08-12,FO,NSE,IDO,51431,,NIFTY,,2026-10-27,2026-10-27,24800.00,PE,NIFTY26OCT24800PE,470.00,555.55,470.00,499.25,493.25,473.20,24435.95,499.25,15015,1625,374,615458883.00,179,F1,65,,,,,
2026-08-12,2026-08-12,FO,NSE,IDO,51407,,NIFTY,,2026-10-27,2026-10-27,24300.00,PE,NIFTY26OCT24300PE,299.95,338.30,280.00,300.50,298.85,291.05,24435.95,300.50,25480,4355,485,776136169.25,341,F1,65,,,,,
2026-08-12,2026-08-12,FO,NSE,IDO,51357,,NIFTY,,2026-10-27,2026-10-27,23100.00,PE,NIFTY26OCT23100PE,75.30,89.70,71.80,80.00,80.00,75.70,24435.95,80.00,27300,1430,66,99450708.50,48,F1,65,,,,,
2026-08-12,2026-08-12,FO,NSE,IDO,65930,,NIFTY,,2026-09-29,2026-09-29,33000.00,PE,NIFTY26SEP33000PE,0.00,0.00,0.00,6552.15,0.00,6552.15,24435.95,8280.59,0,0,0,0.00,0,F1,65,,,,,
2026-08-12,2026-08-12,FO,NSE,IDO,74506,,NIFTY,,2026-09-29,2026-09-29,27150.00,PE,NIFTY26SEP27150PE,0.00,0.00,0.00,2959.15,0.00,2959.15,24435.95,2515.92,0,0,0,0.00,0,F1,65,,,,,
2026-08-12,2026-08-12,FO,NSE,IDO,74417,,NIFTY,,2026-09-29,2026-09-29,25700.00,PE,NIFTY26SEP25700PE,0.00,0.00,0.00,1015.95,1015.95,1015.95,24435.95,1258.97,195,0,0,0.00,0,F1,65,,,,,
2026-08-12,2026-08-12,FO,NSE,IDO,74415,,NIFTY,,2026-09-29,2026-09-29,25650.00,PE,NIFTY26SEP25650PE,0.00,0.00,0.00,1016.85,1016.85,1016.85,24435.95,1222.13,65,0,0,0.00,0,F1,65,,,,,
2026-08-12,2026-08-12,FO,NSE,IDO,74364,,NIFTY,,2026-09-29,2026-09-29,24950.00,PE,NIFTY26SEP24950PE,523.00,606.00,523.00,578.05,578.05,523.00,24435.95,750.86,3770,-260,10,16588997.75,9,F1,65,,,,,
2026-08-12,2026-08-12,FO,NSE,IDO,74356,,NIFTY,,2026-09-29,2026-09-29,24750.00,PE,NIFTY26SEP24750PE,420.10,506.00,405.00,437.60,438.70,419.35,24435.95,437.60,35815,-2470,167,273805330.50,102,F1,65,,,,,
2026-08-12,2026-08-12,FO,NSE,IDO,73928,,NIFTY,,2026-09-29,2026-09-29,23400.00,PE,NIFTY26SEP23400PE,67.65,82.55,62.00,71.35,70.20,66.55,24435.95,71.35,165815,39650,2803,4277135333.25,1742,F1,65,,,,,
2026-08-12,2026-08-12,FO,NSE,IDO,73888,,NIFTY,,2026-09-29,2026-09-29,22600.00,PE,NIFTY26SEP22600PE,24.80,27.80,23.05,24.65,25.15,24.10,24435.95,24.65,36205,-1625,394,579435866.75,288,F1,65,,,,,
2026-08-12,2026-08-12,FO,NSE,IDO,73886,,NIFTY,,2026-09-29,2026-09-29,22550.00,PE,NIFTY26SEP22550PE,23.55,26.25,22.75,23.80,23.80,23.20,24435.95,43.13,10075,2470,58,85105410.00,50,F1,65,,,,,
2026-08-12,2026-08-12,FO,NSE,IDO,55423,,NIFTY,,2027-12-28,2027-12-28,19500.00,PE,NIFTY27DEC19500PE,0.00,0.00,0.00,29.25,0.00,29.25,24435.95,88.81,0,0,0,0.00,0,F1,65,,,,,
2026-08-12,2026-08-12,FO,NSE,IDO,55425,,NIFTY,,2027-12-28,2027-12-28,22500.00,PE,NIFTY27DEC22500PE,0.00,0.00,0.00,186.50,0.00,186.50,24435.95,445.64,0,0,0,0.00,0,F1,65,,,,,
2026-08-12,2026-08-12,FO,NSE,IDO,35347,,NIFTY,,2027-12-28,2027-12-28,30000.00,PE,NIFTY27DEC30000PE,0.00,0.00,0.00,3339.00,3339.00,3339.00,24435.95,3832.14,195,0,0,0.00,0,F1,65,,,,,
2026-08-12,2026-08-12,FO,NSE,IDO,86140,,NIFTY,,2028-06-27,2028-06-27,18000.00,PE,NIFTY28JUN18000PE,0.00,0.00,0.00,396.75,0.00,396.75,24435.95,50.74,0,0,0,0.00,0,F1,65,,,,,
2026-08-12,2026-08-12,FO,NSE,IDO,86148,,NIFTY,,2028-06-27,2028-06-27,22000.00,PE,NIFTY28JUN22000PE,387.05,387.05,387.05,387.05,387.05,387.05,24435.95,407.14,1105,65,2,2910316.50,2,F1,65,,,,,
2026-08-12,2026-08-12,FO,NSE,IDO,55477,,NIFTY,,2028-06-27,2028-06-27,25500.00,PE,NIFTY28JUN25500PE,0.00,0.00,0.00,667.45,0.00,667.45,24435.95,1308.18,0,0,0,0.00,0,F1,65,,,,,
2026-08-12,2026-08-12,FO,NSE,IDO,67777,,NIFTY,,2028-12-26,2028-12-26,21000.00,PE,NIFTY28DEC21000PE,360.05,360.05,360.05,360.05,360.05,340.05,24435.95,296.82,7710,-65,1,1388403.25,1,F1,65,,,,,
2026-08-12,2026-08-12,FO,NSE,IDO,55521,,NIFTY,,2028-12-26,2028-12-26,22500.00,PE,NIFTY28DEC22500PE,0.00,0.00,0.00,218.80,0.00,218.80,24435.95,520.81,0,0,0,0.00,0,F1,65,,,,,
2026-08-12,2026-08-12,FO,NSE,IDO,67795,,NIFTY,,2028-12-26,2028-12-26,30000.00,PE,NIFTY28DEC30000PE,0.00,0.00,0.00,2352.75,0.00,2352.75,24435.95,3208.78,0,0,0,0.00,0,F1,65,,,,,
2026-08-12,2026-08-12,FO,NSE,IDO,55561,,NIFTY,,2029-06-26,2029-06-26,22500.00,PE,NIFTY29JUN22500PE,0.00,0.00,0.00,224.45,0.00,224.45,24435.95,530.68,0,0,0,0.00,0,F1,65,,,,,
2026-08-12,2026-08-12,FO,NSE,IDO,89635,,NIFTY,,2029-06-26,2029-06-26,26000.00,PE,NIFTY29JUN26000PE,0.00,0.00,0.00,1650.00,1650.00,1650.00,24435.95,1368.09,50,0,0,0.00,0,F1,65,,,,,
2026-08-12,2026-08-12,FO,NSE,IDO,55601,,NIFTY,,2029-12-24,2029-12-24,19500.00,PE,NIFTY29DEC19500PE,0.00,0.00,0.00,61.20,0.00,61.20,24435.95,185.87,0,0,0,0.00,0,F1,65,,,,,
2026-08-12,2026-08-12,FO,NSE,IDO,55759,,NIFTY,,2030-12-31,2030-12-31,27000.00,PE,NIFTY30DEC27000PE,0.00,0.00,0.00,779.50,0.00,779.50,24435.95,1418.11,0,0,0,0.00,0,F1,65,,,,,
2026-08-12,2026-08-12,FO,NSE,IDO,55767,,NIFTY,,2030-12-31,2030-12-31,33000.00,PE,NIFTY30DEC33000PE,0.00,0.00,0.00,2387.30,0.00,2387.30,24435.95,3542.65,0,0,0,0.00,0,F1,65,,,,,
2026-08-12,2026-08-12,FO,NSE,IDO,73864,,NIFTY,,2026-09-29,2026-09-29,21950.00,PE,NIFTY26SEP21950PE,19.95,19.95,15.15,15.15,15.15,21.10,24435.95,15.15,8580,-260,7,9995703.25,4,F1,65,,,,,
2026-08-12,2026-08-12,FO,NSE,IDO,65894,,NIFTY,,2026-09-29,2026-09-29,21000.00,PE,NIFTY26SEP21000PE,12.25,13.40,10.70,11.35,11.20,12.30,24435.95,11.35,1399190,-10270,4382,5984917110.25,1356,F1,65,,,,,
2026-08-12,2026-08-12,FO,NSE,IDO,47404,,NIFTY,,2026-09-15,2026-09-15,25650.00,PE,NIFTY2691525650PE,0.00,0.00,0.00,1183.55,0.00,1183.55,24435.95,1199.64,0,0,0,0.00,0,F1,65,,,,,
2026-08-12,2026-08-12,FO,NSE,IDO,47366,,NIFTY,,2026-09-15,2026-09-15,25050.00,PE,NIFTY2691525050PE,0.00,0.00,0.00,751.70,0.00,751.70,24435.95,761.69,0,0,0,0.00,0,F1,65,,,,,
2026-08-12,2026-08-12,FO,NSE,IDO,47335,,NIFTY,,2026-09-15,2026-09-15,24400.00,CE,NIFTY2691524400CE,430.00,430.00,350.55,402.35,403.50,613.15,24435.95,402.35,1950,1950,59,95108825.50,31,F1,65,,,,,
2026-08-12,2026-08-12,FO,NSE,IDO,47349,,NIFTY,,2026-09-15,2026-09-15,24700.00,CE,NIFTY2691524700CE,0.00,0.00,0.00,460.90,0.00,460.90,24435.95,439.07,0,0,0,0.00,0,F1,65,,,,,
2026-08-12,2026-08-12,FO,NSE,IDO,47379,,NIFTY,,2026-09-15,2026-09-15,25300.00,CE,NIFTY2691525300CE,0.00,0.00,0.00,238.65,0.00,238.65,24435.95,222.97,0,0,0,0.00,0,F1,65,,,,,
2026-08-12,2026-08-12,FO,NSE,IDO,47421,,NIFTY,,2026-09-15,2026-09-15,25900.00,CE,NIFTY2691525900CE,0.00,0.00,0.00,109.55,0.00,109.55,24435.95,99.88,0,0,0,0.00,0,F1,65,,,,,
2026-08-12,2026-08-12,FO,NSE,IDO,47423,,NIFTY,,2026-09-15,2026-09-15,25950.00,CE,NIFTY2691525950CE,0.00,0.00,0.00,102.05,0.00,102.05,24435.95,92.86,0,0,0,0.00,0,F1,65,,,,,
2026-08-12,2026-08-12,FO,NSE,IDO,73867,,NIFTY,,2026-09-29,2026-09-29,22050.00,CE,NIFTY26SEP22050CE,0.00,0.00,0.00,2284.20,0.00,2284.20,24435.95,2592.70,0,0,0,0.00,0,F1,65,,,,,
2026-08-12,2026-08-12,FO,NSE,IDO,73889,,NIFTY,,2026-09-29,2026-09-29,22650.00,CE,NIFTY26SEP22650CE,0.00,0.00,0.00,1410.05,1410.05,1410.05,24435.95,2031.46,325,0,0,0.00,0,F1,65,,,,,
2026-08-12,2026-08-12,FO,NSE,IDO,73904,,NIFTY,,2026-09-29,2026-09-29,23050.00,CE,NIFTY26SEP23050CE,1592.00,1592.00,1592.00,1592.00,1592.00,1601.70,24435.95,1678.58,390,0,1,1601730.00,1,F1,65,,,,,
2026-08-12,2026-08-12,FO,NSE,IDO,73923,,NIFTY,,2026-09-29,2026-09-29,23300.00,CE,NIFTY26SEP23300CE,1330.00,1364.50,1279.00,1358.55,1358.55,1535.00,24435.95,1358.55,1950,845,44,70479743.75,32,F1,65,,,,,
2026-08-12,2026-08-12,FO,NSE,IDO,74003,,NIFTY,,2026-09-29,2026-09-29,23600.00,CE,NIFTY26SEP23600CE,1070.00,1070.00,1034.85,1053.00,1053.00,1255.00,24435.95,1236.14,4875,65,5,8010882.75,5,F1,65,,,,,
2026-08-12,2026-08-12,FO,NSE,IDO,74060,,NIFTY,,2026-09-29,2026-09-29,24050.00,CE,NIFTY26SEP24050CE,741.20,741.20,681.70,730.50,730.50,895.10,24435.95,922.20,4940,260,16,25754140.75,14,F1,65,,,,,
2026-08-12,2026-08-12,FO,NSE,IDO,74116,,NIFTY,,2026-09-29,2026-09-29,24450.00,CE,NIFTY26SEP24450CE,506.40,527.25,418.40,471.50,473.75,515.70,24435.95,471.50,21385,10335,372,602701508.50,266,F1,65,,,,,
2026-08-12,2026-08-12,FO,NSE,IDO,74370,,NIFTY,,2026-09-29,2026-09-29,25150.00,CE,NIFTY26SEP25150CE,167.95,179.65,134.50,154.50,157.10,179.55,24435.95,154.50,56355,-1950,197,323942625.50,150,F1,65,,,,,
2026-08-12,2026-08-12,FO,NSE,IDO,74471,,NIFTY,,2026-09-29,2026-09-29,26300.00,CE,NIFTY26SEP26300CE,17.90,17.90,13.60,14.80,15.40,17.20,24435.95,14.80,55770,7735,584,998910383.25,398,F1,65,,,,,
2026-08-12,2026-08-12,FO,NSE,IDO,74499,,NIFTY,,2026-09-29,2026-09-29,26950.00,CE,NIFTY26SEP26950CE,0.00,0.00,0.00,109.35,0.00,109.35,24435.95,46.49,0,0,0,0.00,0,F1,65,,,,,
2026-08-12,2026-08-12,FO,NSE,IDO,65929,,NIFTY,,2026-09-29,2026-09-29,33000.00,CE,NIFTY26SEP33000CE,1.35,4.40,1.25,1.80,1.70,1.40,24435.95,1.80,32630,2145,83,178047766.00,23,F1,65,,,,,
2026-08-12,2026-08-12,FO,NSE,IDO,51372,,NIFTY,,2026-10-27,2026-10-27,23500.00,CE,NIFTY26OCT23500CE,1382.00,1402.55,1279.65,1358.75,1362.50,1419.60,24435.95,1358.75,22750,6370,229,369342948.00,197,F1,65,,,,,
2026-08-12,2026-08-12,FO,NSE,IDO,51404,,NIFTY,,2026-10-27,2026-10-27,24250.00,CE,NIFTY26OCT24250CE,755.00,755.00,715.00,715.65,715.65,735.00,24435.95,1014.96,260,195,5,8117333.25,5,F1,65,,,,,
2026-08-12,2026-08-12,FO,NSE,IDO,51454,,NIFTY,,2026-10-27,2026-10-27,25350.00,CE,NIFTY26OCT25350CE,0.00,0.00,0.00,417.40,0.00,417.40,24435.95,494.37,0,0,0,0.00,0,F1,65,,,,,
2026-08-12,2026-08-12,FO,NSE,IDO,51498,,NIFTY,,2026-10-27,2026-10-27,26200.00,CE,NIFTY26OCT26200CE,0.00,0.00,0.00,219.35,0.00,219.35,24435.95,252.91,0,0,0,0.00,0,F1,65,,,,,
2026-08-12,2026-08-12,FO,NSE,IDO,51516,,NIFTY,,2026-10-27,2026-10-27,26650.00,CE,NIFTY26OCT26650CE,0.00,0.00,0.00,150.80,0.00,150.80,24435.95,170.14,0,0,0,0.00,0,F1,65,,,,,
2026-08-12,2026-08-12,FO,NSE,IDO,55322,,NIFTY,,2026-12-29,2026-12-29,16500.00,CE,NIFTY26DEC16500CE,0.00,0.00,0.00,10405.00,0.00,10405.00,24435.95,8343.06,0,0,0,0.00,0,F1,65,,,,,
2026-08-12,2026-08-12,FO,NSE,IDO,58642,,NIFTY,,2026-12-29,2026-12-29,19000.00,CE,NIFTY26DEC19000CE,5928.75,5928.75,5855.00,5855.00,5855.00,5960.00,24435.95,5906.99,57980,65,9,14544975.25,5,F1,65,,,,,
2026-08-12,2026-08-12,FO,NSE,IDO,80249,,NIFTY,,2027-03-30,2027-03-30,19500.00,CE,NIFTY27MAR19500CE,0.00,0.00,0.00,4365.40,0.00,4365.40,24435.95,5747.62,0,0,0,0.00,0,F1,65,,,,,
2026-08-12,2026-08-12,FO,NSE,IDO,80313,,NIFTY,,2027-03-30,2027-03-30,33000.00,CE,NIFTY27MAR33000CE,21.00,24.90,21.00,22.95,24.90,19.90,24435.95,22.95,3120,65,2,4292983.50,2,F1,65,,,,,
2026-08-12,2026-08-12,FO,NSE,IDO,53603,,NIFTY,,2027-12-28,2027-12-28,18000.00,CE,NIFTY27DEC18000CE,0.00,0.00,0.00,6285.70,0.00,6285.70,24435.95,8021.75,0,0,0,0.00,0,F1,65,,,,,
2026-08-12,2026-08-12,FO,NSE,IDO,86151,,NIFTY,,2028-06-27,2028-06-27,24000.00,CE,NIFTY28JUN24000CE,0.00,0.00,0.00,3918.85,0.00,3918.85,24435.95,4054.97,0,0,0,0.00,0,F1,65,,,,,
2026-08-12,2026-08-12,FO,NSE,IDO,35352,,NIFTY,,2028-06-27,2028-06-27,30000.00,CE,NIFTY28JUN30000CE,0.00,0.00,0.00,2278.45,0.00,2278.45,24435.95,1404.73,0,0,0,0.00,0,F1,65,,,,,
2026-08-12,2026-08-12,FO,NSE,IDO,55520,,NIFTY,,2028-12-26,2028-12-26,22500.00,CE,NIFTY28DEC22500CE,0.00,0.00,0.00,7382.90,0.00,7382.90,24435.95,5703.26,0,0,0,0.00,0,F1,65,,,,,
2026-08-12,2026-08-12,FO,NSE,IDO,55526,,NIFTY,,2028-12-26,2028-12-26,31500.00,CE,NIFTY28DEC31500CE,0.00,0.00,0.00,2327.60,0.00,2327.60,24435.95,1538.92,0,0,0,0.00,0,F1,65,,,,,
2026-08-12,2026-08-12,FO,NSE,IDO,55566,,NIFTY,,2029-06-26,2029-06-26,31500.00,CE,NIFTY29JUN31500CE,0.00,0.00,0.00,2878.65,0.00,2878.65,24435.95,2069.81,0,0,0,0.00,0,F1,65,,,,,
2026-08-12,2026-08-12,FO,NSE,IDO,61748,,NIFTY,,2029-12-24,2029-12-24,24000.00,CE,NIFTY29DEC24000CE,0.00,0.00,0.00,7730.00,0.00,7730.00,24435.95,6004.03,0,0,0,0.00,0,F1,65,,,,,
2026-08-12,2026-08-12,FO,NSE,IDO,62006,,NIFTY,,2029-12-24,2029-12-24,33000.00,CE,NIFTY29DEC33000CE,0.00,0.00,0.00,3816.05,0.00,3816.05,24435.95,2167.90,0,0,0,0.00,0,F1,65,,,,,
2026-08-12,2026-08-12,FO,NSE,IDO,55698,,NIFTY,,2030-12-31,2030-12-31,18000.00,CE,NIFTY30DEC18000CE,0.00,0.00,0.00,12674.15,0.00,12674.15,24435.95,11050.61,0,0,0,0.00,0,F1,65,,,,,
2026-08-12,2026-08-12,FO,NSE,IDO,45004,,NIFTY,,2026-08-18,2026-08-18,22300.00,PE,NIFTY2681822300PE,1.25,1.50,0.95,1.10,1.00,1.20,24435.95,1.10,146120,-3705,10753,15587285385.75,3467,F1,65,,,,,
2026-08-12,2026-08-12,FO,NSE,IDO,45042,,NIFTY,,2026-08-18,2026-08-18,23000.00,PE,NIFTY2681823000PE,1.95,3.40,1.55,1.80,1.85,2.25,24435.95,1.80,4641000,297765,195132,291748443515.75,28822,F1,65,,,,,
2026-08-12,2026-08-12,FO,NSE,IDO,45228,,NIFTY,,2026-08-18,2026-08-18,26400.00,PE,NIFTY2681826400PE,0.00,0.00,0.00,2222.70,0.00,2222.70,24435.95,1937.79,0,0,0,0.00,0,F1,65,,,,,
2026-08-12,2026-08-12,FO,NSE,IDO,45252,,NIFTY,,2026-08-18,2026-08-18,26800.00,PE,NIFTY2681826800PE,0.00,0.00,0.00,2606.70,0.00,2606.70,24435.95,2337.37,0,0,0,0.00,0,F1,65,,,,,
2026-08-12,2026-08-12,FO,NSE,IDO,45269,,NIFTY,,2026-08-18,2026-08-18,27150.00,PE,NIFTY2681827150PE,0.00,0.00,0.00,2948.25,0.00,2948.25,24435.95,2687.02,0,0,0,0.00,0,F1,65,,,,,
2026-08-12,2026-08-12,FO,NSE,IDO,61410,,NIFTY,,2026-08-25,2026-08-25,22700.00,PE,NIFTY26AUG22700PE,5.30,5.35,4.35,4.60,4.75,4.95,24435.95,4.60,457860,34320,6900,10183050969.00,3527,F1,65,,,,,
2026-08-12,2026-08-12,FO,NSE,IDO,61423,,NIFTY,,2026-08-25,2026-08-25,22850.00,PE,NIFTY26AUG22850PE,5.90,6.15,4.85,4.95,5.00,5.65,24435.95,4.95,37245,2665,934,1387545321.50,725,F1,65,,,,,
2026-08-12,2026-08-12,FO,NSE,IDO,61866,,NIFTY,,2026-08-25,2026-08-25,24950.00,PE,NIFTY26AUG24950PE,461.35,604.35,459.50,514.15,517.60,462.20,24435.95,514.15,17095,-4875,180,298021912.50,173,F1,65,,,,,
2026-08-12,2026-08-12,FO,NSE,IDO,61934,,NIFTY,,2026-08-25,2026-08-25,25250.00,PE,NIFTY26AUG25250PE,733.00,860.45,733.00,860.40,860.40,739.00,24435.95,826.92,1690,-130,4,6774157.00,4,F1,65,,,,,
2026-08-12,2026-08-12,FO,NSE,IDO,61980,,NIFTY,,2026-08-25,2026-08-25,25600.00,PE,NIFTY26AUG25600PE,1210.00,1210.00,1133.00,1149.65,1149.65,1063.25,24435.95,1136.35,16185,130,7,12182998.75,7,F1,65,,,,,
2026-08-12,2026-08-12,FO,NSE,IDO,46934,,NIFTY,,2026-09-01,2026-09-01,22700.00,PE,NIFTY2690122700PE,7.90,8.50,7.55,7.65,7.65,8.70,24435.95,7.65,2730,1950,64,94465559.50,41,F1,65,,,,,
2026-08-12,2026-08-12,FO,NSE,IDO,46964,,NIFTY,,2026-09-01,2026-09-01,23450.00,PE,NIFTY2690123450PE,0.00,0.00,0.00,208.05,0.00,208.05,24435.95,57.96,0,0,0,0.00,0,F1,65,,,,,
2026-08-12,2026-08-12,FO,NSE,IDO,46966,,NIFTY,,2026-09-01,2026-09-01,23500.00,PE,NIFTY2690123500PE,23.95,33.55,21.50,22.15,22.15,24.50,24435.95,22.15,645840,489775,19110,29224726475.75,9779,F1,65,,,,,
2026-08-12,2026-08-12,FO,NSE,IDO,46970,,NIFTY,,2026-09-01,2026-09-01,23600.00,PE,NIFTY2690123600PE,34.25,43.15,28.15,28.90,29.00,31.10,24435.95,28.90,122850,66430,3141,4825434464.50,2046,F1,65,,,,,
2026-08-12,2026-08-12,FO,NSE,IDO,47014,,NIFTY,,2026-09-01,2026-09-01,24700.00,PE,NIFTY2690124700PE,277.50,424.85,277.50,348.05,348.20,316.45,24435.95,348.05,51805,6890,630,1027187781.75,510,F1,65,,,,,
2026-08-12,2026-08-12,FO,NSE,IDO,47040,,NIFTY,,2026-09-01,2026-09-01,25350.00,PE,NIFTY2690125350PE,0.00,0.00,0.00,1189.00,0.00,1189.00,24435.95,933.89,0,0,0,0.00,0,F1,65,,,,,
2026-08-12,2026-08-12,FO,NSE,IDO,47052,,NIFTY,,2026-09-01,2026-09-01,25650.00,PE,NIFTY2690125650PE,0.00,0.00,0.00,1426.15,0.00,1426.15,24435.95,1187.53,0,0,0,0.00,0,F1,65,,,,,
2026-08-12,2026-08-12,FO,NSE,IDO,47088,,NIFTY,,2026-09-01,2026-09-01,26550.00,PE,NIFTY2690126550PE,0.00,0.00,0.00,2219.65,0.00,2219.65,24435.95,2033.28,0,0,0,0.00,0,F1,65,,,,,
2026-08-12,2026-08-12,FO,NSE,IDO,47115,,NIFTY,,2026-09-01,2026-09-01,27100.00,PE,NIFTY2690127100PE,0.00,0.00,0.00,2741.55,0.00,2741.55,24435.95,2575.75,0,0,0,0.00,0,F1,65,,,,,
2026-08-12,2026-08-12,FO,NSE,IDO,42594,,NIFTY,,2026-09-08,2026-09-08,23050.00,PE,NIFTY2690823050PE,18.45,19.90,17.55,17.55,17.55,18.60,24435.95,39.61,975,520,14,20992065.25,5,F1,65,,,,,
2026-08-12,2026-08-12,FO,NSE,IDO,42611,,NIFTY,,2026-09-08,2026-09-08,23450.00,PE,NIFTY2690823450PE,0.00,0.00,0.00,95.40,0.00,95.40,24435.95,87.49,0,0,0,0.00,0,F1,65,,,,,
2026-08-12,2026-08-12,FO,NSE,IDO,42621,,NIFTY,,2026-09-08,2026-09-08,23550.00,PE,NIFTY2690823550PE,0.00,0.00,0.00,111.70,0.00,111.70,24435.95,104.68,0,0,0,0.00,0,F1,65,,,,,
2026-08-12,2026-08-12,FO,NSE,IDO,42642,,NIFTY,,2026-09-08,2026-09-08,24050.00,PE,NIFTY2690824050PE,121.00,153.75,117.00,118.40,117.05,109.75,24435.95,118.40,4940,2730,81,127319533.25,44,F1,65,,,,,
2026-08-12,2026-08-12,FO,NSE,IDO,42660,,NIFTY,,2026-09-08,2026-09-08,24450.00,PE,NIFTY2690824450PE,232.15,303.30,232.15,246.50,248.10,229.95,24435.95,246.50,9360,6175,174,279696634.75,124,F1,65,,,,,
2026-08-12,2026-08-12,FO,NSE,IDO,42688,,NIFTY,,2026-09-08,2026-09-08,25050.00,PE,NIFTY2690825050PE,0.00,0.00,0.00,670.90,0.00,670.90,24435.95,738.91,0,0,0,0.00,0,F1,65,,,,,
2026-08-12,2026-08-12,FO,NSE,IDO,42712,,NIFTY,,2026-09-08,2026-09-08,25500.00,PE,NIFTY2690825500PE,0.00,0.00,0.00,967.50,0.00,967.50,24435.95,1074.22,0,0,0,0.00,0,F1,65,,,,,
2026-08-12,2026-08-12,FO,NSE,IDO,42754,,NIFTY,,2026-09-08,2026-09-08,26100.00,PE,NIFTY2690826100PE,0.00,0.00,0.00,1439.90,0.00,1439.90,24435.95,1592.55,0,0,0,0.00,0,F1,65,,,,,
2026-08-12,2026-08-12,FO,NSE,IDO,47306,,NIFTY,,2026-09-15,2026-09-15,23700.00,PE,NIFTY2691523700PE,0.00,0.00,0.00,165.80,0.00,165.80,24435.95,166.03,0,0,0,0.00,0,F1,65,,,,,
2026-08-12,2026-08-12,FO,NSE,IDO,47320,,NIFTY,,2026-09-15,2026-09-15,24000.00,PE,NIFTY2691524000PE,0.00,0.00,0.00,248.65,0.00,248.65,24435.95,250.13,0,0,0,0.00,0,F1,65,,,,,
2026-08-12,2026-08-12,FO,NSE,IDO,47328,,NIFTY,,2026-09-15,2026-09-15,24200.00,PE,NIFTY2691524200PE,0.00,0.00,0.00,318.30,0.00,318.30,24435.95,320.90,0,0,0,0.00,0,F1,65,,,,,
2026-08-12,2026-08-12,FO,NSE,IDO,47350,,NIFTY,,2026-09-15,2026-09-15,24700.00,PE,NIFTY2691524700PE,0.00,0.00,0.00,546.10,0.00,546.10,24435.95,552.65,0,0,0,0.00,0,F1,65,,,,,
2026-08-12,2026-08-12,FO,NSE,IDO,47406,,NIFTY,,2026-09-15,2026-09-15,25700.00,PE,NIFTY2691525700PE,0.00,0.00,0.00,1223.40,0.00,1223.40,24435.95,1239.97,0,0,0,0.00,0,F1,65,,,,,
2026-08-12,2026-08-12,FO,NSE,IDO,47414,,NIFTY,,2026-09-15,2026-09-15,25800.00,PE,NIFTY2691525800PE,0.00,0.00,0.00,1304.65,0.00,1304.65,24435.95,1322.12,0,0,0,0.00,0,F1,65,,,,,
2026-08-12,2026-08-12,FO,NSE,IDO,47422,,NIFTY,,2026-09-15,2026-09-15,25900.00,PE,NIFTY2691525900PE,0.00,0.00,0.00,1387.75,0.00,1387.75,24435.95,1406.15,0,0,0,0.00,0,F1,65,,,,,
2026-08-12,2026-08-12,FO,NSE,IDO,47438,,NIFTY,,2026-09-15,2026-09-15,26100.00,PE,NIFTY2691526100PE,0.00,0.00,0.00,1559.20,0.00,1559.20,24435.95,1579.25,0,0,0,0.00,0,F1,65,,,,,
2026-08-12,2026-08-12,FO,NSE,IDO,65882,,NIFTY,,2026-09-29,2026-09-29,15000.00,PE,NIFTY26SEP15000PE,1.40,1.85,1.20,1.35,1.85,2.30,24435.95,1.35,50700,-1755,65,63380674.50,7,F1,65,,,,,
2026-08-12,2026-08-12,FO,NSE,IDO,73858,,NIFTY,,2026-09-29,2026-09-29,21900.00,PE,NIFTY26SEP21900PE,13.00,16.15,13.00,14.35,13.80,15.10,24435.95,14.35,37635,-1560,121,172361195.50,85,F1,65,,,,,
2026-08-12,2026-08-12,FO,NSE,IDO,55285,,NIFTY,,2026-09-29,2026-09-29,22500.00,PE,NIFTY26SEP22500PE,22.00,25.00,21.00,22.20,22.45,21.35,24435.95,22.20,1252420,63830,7110,10408923112.25,4107,F1,65,,,,,
2026-08-12,2026-08-12,FO,NSE,IDO,73890,,NIFTY,,2026-09-29,2026-09-29,22650.00,PE,NIFTY26SEP22650PE,26.70,30.95,25.25,26.35,26.20,26.30,24435.95,26.35,11700,1170,81,119401818.25,59,F1,65,,,,,
2026-08-12,2026-08-12,FO,NSE,IDO,74500,,NIFTY,,2026-09-29,2026-09-29,26950.00,PE,NIFTY26SEP26950PE,0.00,0.00,0.00,2780.25,0.00,2780.25,24435.95,2329.04,0,0,0,0.00,0,F1,65,,,,,
2026-08-12,2026-08-12,FO,NSE,IDO,65907,,NIFTY,,2026-09-29,2026-09-29,27000.00,PE,NIFTY26SEP27000PE,2314.40,2454.45,2300.90,2351.65,2347.65,2282.60,24435.95,2351.65,1434320,3445,234,447178969.25,219,F1,65,,,,,
2026-08-12,2026-08-12,FO,NSE,IDO,55291,,NIFTY,,2026-09-29,2026-09-29,31500.00,PE,NIFTY26SEP31500PE,0.00,0.00,0.00,4341.20,0.00,4341.20,24435.95,6793.48,0,0,0,0.00,0,F1,65,,,,,
2026-08-12,2026-08-12,FO,NSE,IDO,51327,,NIFTY,,2026-10-27,2026-10-27,22400.00,PE,NIFTY26OCT22400PE,35.35,41.15,34.05,38.00,38.00,35.60,24435.95,74.92,34125,2080,73,106470357.50,53,F1,65,,,,,
2026-08-12,2026-08-12,FO,NSE,IDO,51399,,NIFTY,,2026-10-27,2026-10-27,24100.00,PE,NIFTY26OCT24100PE,0.00,0.00,0.00,678.90,0.00,678.90,24435.95,442.65,0,0,0,0.00,0,F1,65,,,,,
2026-08-12,2026-08-12,FO,NSE,IDO,51401,,NIFTY,,2026-10-27,2026-10-27,24150.00,PE,NIFTY26OCT24150PE,250.00,281.20,240.25,280.30,280.30,242.95,24435.95,461.26,23205,195,32,50793668.25,21,F1,65,,,,,
2026-08-12,2026-08-12,FO,NSE,IDO,42631,,NIFTY,,2026-09-08,2026-09-08,23800.00,CE,NIFTY2690823800CE,0.00,0.00,0.00,1115.20,0.00,1115.20,24435.95,902.36,0,0,0,0.00,0,F1,65,,,,,
2026-08-12,2026-08-12,FO,NSE,IDO,47108,,NIFTY,,2026-09-01,2026-09-01,26950.00,CE,NIFTY2690126950CE,2.40,2.40,1.50,1.50,1.50,2.35,24435.95,1.50,14170,10530,215,376656653.75,91,F1,65,,,,,
2026-08-12,2026-08-12,FO,NSE,IDO,47063,,NIFTY,,2026-09-01,2026-09-01,25950.00,CE,NIFTY2690125950CE,4.20,5.15,4.20,4.75,4.55,97.35,24435.95,4.75,975,975,32,53985698.00,21,F1,65,,,,,
2026-08-12,2026-08-12,FO,NSE,IDO,47061,,NIFTY,,2026-09-01,2026-09-01,25900.00,CE,NIFTY2690125900CE,6.45,6.50,5.15,5.30,5.25,6.90,24435.95,5.30,64155,1820,573,964854429.50,369,F1,65,,,,,
2026-08-12,2026-08-12,FO,NSE,IDO,51443,,NIFTY,,2026-10-27,2026-10-27,25050.00,PE,NIFTY26OCT25050PE,0.00,0.00,0.00,540.05,540.05,540.05,24435.95,885.72,325,0,0,0.00,0,F1,65,,,,,
2026-08-12,2026-08-12,FO,NSE,IDO,51451,,NIFTY,,2026-10-27,2026-10-27,25250.00,PE,NIFTY26OCT25250PE,0.00,0.00,0.00,675.60,675.60,675.60,24435.95,1002.92,65,0,0,0.00,0,F1,65,,,,,
2026-08-12,2026-08-12,FO,NSE,IDO,51495,,NIFTY,,2026-10-27,2026-10-27,26100.00,PE,NIFTY26OCT26100PE,0.00,0.00,0.00,1960.30,0.00,1960.30,24435.95,1586.06,0,0,0,0.00,0,F1,65,,,,,
2026-08-12,2026-08-12,FO,NSE,IDO,51527,,NIFTY,,2026-10-27,2026-10-27,26900.00,PE,NIFTY26OCT26900PE,0.00,0.00,0.00,2631.85,0.00,2631.85,24435.95,2233.93,0,0,0,0.00,0,F1,65,,,,,
2026-08-12,2026-08-12,FO,NSE,IDO,80191,,NIFTY,,2027-03-30,2027-03-30,16500.00,PE,NIFTY27MAR16500PE,20.40,20.40,20.40,20.40,20.40,18.80,24435.95,0.33,1560,0,2,2147652.00,1,F1,65,,,,,
2026-08-12,2026-08-12,FO,NSE,IDO,71550,,NIFTY,,2027-06-29,2027-06-29,19000.00,PE,NIFTY27JUN19000PE,0.00,0.00,0.00,195.00,195.00,195.00,24435.95,28.29,1135,0,0,0.00,0,F1,65,,,,,
2026-08-12,2026-08-12,FO,NSE,IDO,55373,,NIFTY,,2027-06-29,2027-06-29,19500.00,PE,NIFTY27JUN19500PE,0.00,0.00,0.00,17.30,0.00,17.30,24435.95,44.31,0,0,0,0.00,0,F1,65,,,,,
2026-08-12,2026-08-12,FO,NSE,IDO,53604,,NIFTY,,2027-12-28,2027-12-28,18000.00,PE,NIFTY27DEC18000PE,0.00,0.00,0.00,181.05,195.00,181.05,24435.95,29.95,11915,0,0,0.00,0,F1,65,,,,,
2026-08-12,2026-08-12,FO,NSE,IDO,53606,,NIFTY,,2027-12-28,2027-12-28,19000.00,PE,NIFTY27DEC19000PE,0.00,0.00,0.00,132.50,140.00,132.50,24435.95,63.36,1975,0,0,0.00,0,F1,65,,,,,
2026-08-12,2026-08-12,FO,NSE,IDO,53611,,NIFTY,,2027-12-28,2027-12-28,20000.00,PE,NIFTY27DEC20000PE,171.95,178.95,168.00,174.00,174.00,171.25,24435.95,174.00,38380,2925,61,79999643.75,49,F1,65,,,,,
2026-08-12,2026-08-12,FO,NSE,IDO,55479,,NIFTY,,2028-06-27,2028-06-27,28500.00,PE,NIFTY28JUN28500PE,0.00,0.00,0.00,1560.85,0.00,1560.85,24435.95,2643.08,0,0,0,0.00,0,F1,65,,,,,
2026-08-12,2026-08-12,FO,NSE,IDO,67779,,NIFTY,,2028-12-26,2028-12-26,22000.00,PE,NIFTY28DEC22000PE,494.95,494.95,494.95,494.95,494.95,510.00,24435.95,494.95,8800,0,1,1462171.75,1,F1,65,,,,,
2026-08-12,2026-08-12,FO,NSE,IDO,55763,,NIFTY,,2030-12-31,2030-12-31,30000.00,PE,NIFTY30DEC30000PE,0.00,0.00,0.00,1450.10,0.00,1450.10,24435.95,2351.50,0,0,0,0.00,0,F1,65,,,,,
2026-08-12,2026-08-12,FO,NSE,IDO,74650,,NIFTY,,2031-06-24,2031-06-24,24000.00,PE,NIFTY31JUN24000PE,0.00,0.00,0.00,933.85,933.85,933.85,24435.95,719.85,65,0,0,0.00,0,F1,65,,,,,
2026-08-12,2026-08-12,FO,NSE,IDO,74652,,NIFTY,,2031-06-24,2031-06-24,25500.00,PE,NIFTY31JUN25500PE,0.00,0.00,0.00,1262.85,0.00,1262.85,24435.95,999.21,0,0,0,0.00,0,F1,65,,,,,
2026-08-12,2026-08-12,FO,NSE,IDO,74656,,NIFTY,,2031-06-24,2031-06-24,28500.00,PE,NIFTY31JUN28500PE,0.00,0.00,0.00,2104.20,0.00,2104.20,24435.95,1733.87,0,0,0,0.00,0,F1,65,,,,,
2026-08-12,2026-08-12,FO,NSE,IDO,74660,,NIFTY,,2031-06-24,2031-06-24,30000.00,PE,NIFTY31JUN30000PE,0.00,0.00,0.00,2616.25,0.00,2616.25,24435.95,2192.71,0,0,0,0.00,0,F1,65,,,,,
2026-08-12,2026-08-12,FO,NSE,IDO,47057,,NIFTY,,2026-09-01,2026-09-01,25800.00,CE,NIFTY2690125800CE,7.40,7.50,5.75,6.20,6.45,8.35,24435.95,6.20,36595,16900,820,1375479160.25,442,F1,65,,,,,
2026-08-12,2026-08-12,FO,NSE,IDO,47025,,NIFTY,,2026-09-01,2026-09-01,25000.00,CE,NIFTY2690125000CE,85.20,89.55,52.65,66.25,67.00,88.90,24435.95,66.25,279370,97565,9721,15837492336.25,6378,F1,65,,,,,
2026-08-12,2026-08-12,FO,NSE,IDO,47001,,NIFTY,,2026-09-01,2026-09-01,24400.00,CE,NIFTY2690124400CE,347.85,353.25,249.20,298.95,301.20,352.55,24435.95,298.95,100620,88205,3798,6093682738.00,3299,F1,65,,,,,
2026-08-12,2026-08-12,FO,NSE,IDO,46999,,NIFTY,,2026-09-01,2026-09-01,24350.00,CE,NIFTY2690124350CE,372.95,372.95,276.50,330.55,332.00,389.40,24435.95,330.55,16510,15925,700,1122231162.00,514,F1,65,,,,,
2026-08-12,2026-08-12,FO,NSE,IDO,46995,,NIFTY,,2026-09-01,2026-09-01,24250.00,CE,NIFTY2690124250CE,444.80,454.00,333.15,394.60,396.80,449.80,24435.95,394.60,4160,2925,435,696020630.50,365,F1,65,,,,,
2026-08-12,2026-08-12,FO,NSE,IDO,46985,,NIFTY,,2026-09-01,2026-09-01,24000.00,CE,NIFTY2690124000CE,600.00,649.95,504.25,578.95,578.05,644.95,24435.95,578.95,17290,6890,292,466121581.25,210,F1,65,,,,,
2026-08-12,2026-08-12,FO,NSE,IDO,46959,,NIFTY,,2026-09-01,2026-09-01,23350.00,CE,NIFTY2690123350CE,0.00,0.00,0.00,1182.50,0.00,1182.50,24435.95,1209.49,0,0,0,0.00,0,F1,65,,,,,
2026-08-12,2026-08-12,FO,NSE,IDO,62234,,NIFTY,,2026-08-25,2026-08-25,27050.00,CE,NIFTY26AUG27050CE,0.00,0.00,0.00,0.70,0.70,0.70,24435.95,0.16,8905,0,0,0.00,0,F1,65,,,,,
2026-08-12,2026-08-12,FO,NSE,IDO,61913,,NIFTY,,2026-08-25,2026-08-25,25100.00,CE,NIFTY26AUG25100CE,32.45,32.45,16.35,20.45,21.00,31.70,24435.95,20.45,1656720,168480,77859,127127761858.50,40932,F1,65,,,,,
2026-08-12,2026-08-12,FO,NSE,IDO,61855,,NIFTY,,2026-08-25,2026-08-25,24850.00,CE,NIFTY26AUG24850CE,81.60,81.65,40.90,54.80,56.45,80.70,24435.95,54.80,295230,-7410,17143,27749671641.25,12927,F1,65,,,,,
2026-08-12,2026-08-12,FO,NSE,IDO,61610,,NIFTY,,2026-08-25,2026-08-25,24100.00,CE,NIFTY26AUG24100CE,520.75,520.75,365.95,441.15,444.35,508.05,24435.95,441.15,1428700,30745,5048,8041762280.50,3737,F1,65,,,,,
2026-08-12,2026-08-12,FO,NSE,IDO,61499,,NIFTY,,2026-08-25,2026-08-25,23500.00,CE,NIFTY26AUG23500CE,1051.25,1055.60,882.40,980.85,983.50,1046.95,24435.95,980.85,461110,-11440,1567,2488918870.75,1176,F1,65,,,,,
2026-08-12,2026-08-12,FO,NSE,IDO,47307,,NIFTY,,2026-09-15,2026-09-15,23750.00,CE,NIFTY2691523750CE,0.00,0.00,0.00,1037.30,0.00,1037.30,24435.95,1009.95,0,0,0,0.00,0,F1,65,,,,,
2026-08-12,2026-08-12,FO,NSE,IDO,61493,,NIFTY,,2026-08-25,2026-08-25,23450.00,CE,NIFTY26AUG23450CE,1066.45,1066.60,930.40,930.40,930.40,1271.65,24435.95,1064.85,1950,-260,19,30216137.25,19,F1,65,,,,,
2026-08-12,2026-08-12,FO,NSE,IDO,61422,,NIFTY,,2026-08-25,2026-08-25,22850.00,CE,NIFTY26AUG22850CE,1646.50,1646.50,1538.45,1538.45,1538.45,1725.00,24435.95,1638.68,585,-65,2,3177521.75,2,F1,65,,,,,
2026-08-12,2026-08-12,FO,NSE,IDO,61416,,NIFTY,,2026-08-25,2026-08-25,22800.00,CE,NIFTY26AUG22800CE,1680.00,1680.00,1663.20,1663.20,1663.20,1750.00,24435.95,1687.93,5460,-650,12,19093308.00,5,F1,65,,,,,
2026-08-12,2026-08-12,FO,NSE,IDO,61380,,NIFTY,,2026-08-25,2026-08-25,22400.00,CE,NIFTY26AUG22400CE,1990.00,1990.00,1990.00,1990.00,1990.00,2327.75,24435.95,2084.71,2275,130,12,19024200.00,2,F1,65,,,,,
2026-08-12,2026-08-12,FO,NSE,IDO,61372,,NIFTY,,2026-08-25,2026-08-25,22250.00,CE,NIFTY26AUG22250CE,0.00,0.00,0.00,1585.40,1585.40,1585.40,24435.95,2234.14,65,0,0,0.00,0,F1,65,,,,,
2026-08-12,2026-08-12,FO,NSE,IDO,61366,,NIFTY,,2026-08-25,2026-08-25,22200.00,CE,NIFTY26AUG22200CE,0.00,0.00,0.00,1900.00,1900.00,1900.00,24435.95,2283.98,390,0,0,0.00,0,F1,65,,,,,
2026-08-12,2026-08-12,FO,NSE,IDO,61352,,NIFTY,,2026-08-25,2026-08-25,22000.00,CE,NIFTY26AUG22000CE,2542.10,2542.10,2358.55,2465.55,2465.00,2530.25,24435.95,2465.55,660010,-130,254,403376883.00,206,F1,65,,,,,
2026-08-12,2026-08-12,FO,NSE,IDO,45253,,NIFTY,,2026-08-18,2026-08-18,26850.00,CE,NIFTY2681826850CE,0.95,1.20,0.50,0.55,0.50,0.65,24435.95,0.55,40820,23465,2344,4090970039.00,752,F1,65,,,,,
2026-08-12,2026-08-12,FO,NSE,IDO,45208,,NIFTY,,2026-08-18,2026-08-18,26150.00,CE,NIFTY2681826150CE,0.80,4.90,0.60,0.70,0.80,0.70,24435.95,0.70,152490,19240,17800,30256442485.75,4406,F1,65,,,,,
2026-08-12,2026-08-12,FO,NSE,IDO,45204,,NIFTY,,2026-08-18,2026-08-18,26050.00,CE,NIFTY2681826050CE,0.80,1.20,0.65,0.70,0.75,0.80,24435.95,0.70,262340,35555,18672,31617374522.50,3646,F1,65,,,,,
2026-08-12,2026-08-12,FO,NSE,IDO,45158,,NIFTY,,2026-08-18,2026-08-18,25250.00,CE,NIFTY2681825250CE,2.80,3.90,1.75,2.05,2.20,3.80,24435.95,2.05,1164410,-923455,427809,702220333412.00,64521,F1,65,,,,,
2026-08-12,2026-08-12,FO,NSE,IDO,45142,,NIFTY,,2026-08-18,2026-08-18,24850.00,CE,NIFTY2681824850CE,27.20,28.45,9.90,13.85,13.90,27.90,24435.95,13.85,3181100,2182440,430545,695859240680.50,154185,F1,65,,,,,
2026-08-12,2026-08-12,FO,NSE,IDO,45108,,NIFTY,,2026-08-18,2026-08-18,24450.00,CE,NIFTY2681824450CE,198.00,198.00,80.85,119.25,121.10,171.50,24435.95,119.25,3162315,1554020,1194468,1907500811515.00,643223,F1,65,,,,,
2026-08-12,2026-08-12,FO,NSE,IDO,45094,,NIFTY,,2026-08-18,2026-08-18,24100.00,CE,NIFTY2681824100CE,441.40,447.70,284.65,365.75,369.20,431.70,24435.95,365.75,321035,134160,57539,91358527627.25,37586,F1,65,,,,,
2026-08-12,2026-08-12,FO,NSE,IDO,45045,,NIFTY,,2026-08-18,2026-08-18,23100.00,CE,NIFTY2681823100CE,0.00,0.00,0.00,1400.00,1400.00,1400.00,24435.95,1359.50,260,0,0,0.00,0,F1,65,,,,,
2026-08-12,2026-08-12,FO,NSE,IDO,45007,,NIFTY,,2026-08-18,2026-08-18,22400.00,CE,NIFTY2681822400CE,0.00,0.00,0.00,1820.55,0.00,1820.55,24435.95,2058.25,0,0,0,0.00,0,F1,65,,,,,
2026-08-12,2026-08-12,FO,NSE,IDO,44993,,NIFTY,,2026-08-18,2026-08-18,22200.00,CE,NIFTY2681822200CE,0.00,0.00,0.00,2006.50,0.00,2006.50,24435.95,2258.05,0,0,0,0.00,0,F1,65,,,,,
2026-08-12,2026-08-12,FO,NSE,IDF,68407,,NIFTY,,2026-09-29,2026-09-29,,,NIFTY26SEPFUT,24670.20,24698.90,24505.00,24602.90,24618.60,24674.10,24435.95,24602.90,1528540,122850,6585,10512790385.50,4444,F1,65,,,,,
2026-08-12,2026-08-12,FO,NSE,IDO,42635,,NIFTY,,2026-09-08,2026-09-08,23900.00,CE,NIFTY2690823900CE,0.00,0.00,0.00,1040.95,0.00,1040.95,24435.95,828.43,0,0,0,0.00,0,F1,65,,,,,
2026-08-12,2026-08-12,FO,NSE,IDO,42671,,NIFTY,,2026-09-08,2026-09-08,24750.00,CE,NIFTY2690824750CE,154.70,186.35,153.45,181.45,186.35,234.95,24435.95,181.45,3640,3445,57,92282606.00,45,F1,65,,,,,
2026-08-12,2026-08-12,FO,NSE,IDO,42673,,NIFTY,,2026-09-08,2026-09-08,24800.00,CE,NIFTY2690824800CE,169.90,190.75,136.00,159.05,164.00,196.35,24435.95,159.05,29510,14625,637,1033164827.50,411,F1,65,,,,,
2026-08-12,2026-08-12,FO,NSE,IDO,42677,,NIFTY,,2026-09-08,2026-09-08,24900.00,CE,NIFTY2690824900CE,0.00,0.00,0.00,444.55,0.00,444.55,24435.95,287.96,0,0,0,0.00,0,F1,65,,,,,
2026-08-12,2026-08-12,FO,NSE,IDO,42681,,NIFTY,,2026-09-08,2026-09-08,24950.00,CE,NIFTY2690824950CE,0.00,0.00,0.00,422.75,0.00,422.75,24435.95,270.13,0,0,0,0.00,0,F1,65,,,,,
2026-08-12,2026-08-12,FO,NSE,IDO,42697,,NIFTY,,2026-09-08,2026-09-08,25200.00,CE,NIFTY2690825200CE,0.00,0.00,0.00,324.90,0.00,324.90,24435.95,192.91,0,0,0,0.00,0,F1,65,,,,,
2026-08-12,2026-08-12,FO,NSE,IDO,42701,,NIFTY,,2026-09-08,2026-09-08,25300.00,CE,NIFTY2690825300CE,56.70,57.50,36.05,43.45,44.70,59.15,24435.95,43.45,25805,19890,586,965260263.50,326,F1,65,,,,,
2026-08-12,2026-08-12,FO,NSE,IDO,42725,,NIFTY,,2026-09-08,2026-09-08,25650.00,CE,NIFTY2690825650CE,0.00,0.00,0.00,193.40,0.00,193.40,24435.95,98.07,0,0,0,0.00,0,F1,65,,,,,
2026-08-12,2026-08-12,FO,NSE,IDO,42733,,NIFTY,,2026-09-08,2026-09-08,25800.00,CE,NIFTY2690825800CE,0.00,0.00,0.00,159.20,0.00,159.20,24435.95,76.60,0,0,0,0.00,0,F1,65,,,,,
2026-08-12,2026-08-12,FO,NSE,IDO,47299,,NIFTY,,2026-09-15,2026-09-15,23550.00,CE,NIFTY2691523550CE,0.00,0.00,0.00,1191.15,0.00,1191.15,24435.95,1162.25,0,0,0,0.00,0,F1,65,,,,,
2026-08-12,2026-08-12,FO,NSE,IDO,47303,,NIFTY,,2026-09-15,2026-09-15,23650.00,CE,NIFTY2691523650CE,0.00,0.00,0.00,1113.00,0.00,1113.00,24435.95,1084.37,0,0,0,0.00,0,F1,65,,,,,
2026-08-12,2026-08-12,FO,NSE,IDO,47309,,NIFTY,,2026-09-15,2026-09-15,23800.00,CE,NIFTY2691523800CE,0.00,0.00,0.00,1001.25,0.00,1001.25,24435.95,973.11,0,0,0,0.00,0,F1,65,,,,,
2026-08-12,2026-08-12,FO,NSE,IDO,45074,,NIFTY,,2026-08-18,2026-08-18,23700.00,CE,NIFTY2681823700CE,799.60,824.55,643.45,746.70,751.50,807.50,24435.95,746.70,29250,8255,782,1240647596.50,607,F1,65,,,,,
2026-08-12,2026-08-12,FO,NSE,IDO,45078,,NIFTY,,2026-08-18,2026-08-18,23800.00,CE,NIFTY2681823800CE,720.00,722.45,545.00,645.65,650.35,707.65,24435.95,645.65,64350,16120,2548,4041981333.00,2012,F1,65,,,,,
2026-08-12,2026-08-12,FO,NSE,IDO,45092,,NIFTY,,2026-08-18,2026-08-18,24050.00,CE,NIFTY2681824050CE,483.95,486.25,320.00,409.40,413.10,476.40,24435.95,409.40,76570,50440,9745,15466483051.50,7678,F1,65,,,,,
2026-08-12,2026-08-12,FO,NSE,IDO,45096,,NIFTY,,2026-08-18,2026-08-18,24150.00,CE,NIFTY2681824150CE,403.90,403.90,247.10,323.60,326.45,391.35,24435.95,323.60,166790,140140,44411,70534542152.75,31451,F1,65,,,,,
2026-08-12,2026-08-12,FO,NSE,IDO,45206,,NIFTY,,2026-08-18,2026-08-18,26100.00,CE,NIFTY2681826100CE,0.80,5.00,0.60,0.70,0.75,0.75,24435.95,0.70,1020695,-80600,58896,99920207331.75,13606,F1,65,,,,,
2026-08-12,2026-08-12,FO,NSE,IDO,45266,,NIFTY,,2026-08-18,2026-08-18,27100.00,CE,NIFTY2681827100CE,1.35,1.35,0.40,0.45,0.40,0.65,24435.95,0.45,51805,47710,8331,14675403873.00,1617,F1,65,,,,,
2026-08-12,2026-08-12,FO,NSE,IDO,61173,,NIFTY,,2026-08-25,2026-08-25,21350.00,CE,NIFTY26AUG21350CE,0.00,0.00,0.00,2938.85,0.00,2938.85,24435.95,3131.98,0,0,0,0.00,0,F1,65,,,,,
2026-08-12,2026-08-12,FO,NSE,IDO,61340,,NIFTY,,2026-08-25,2026-08-25,21750.00,CE,NIFTY26AUG21750CE,0.00,0.00,0.00,2581.20,0.00,2581.20,24435.95,2732.86,0,0,0,0.00,0,F1,65,,,,,
2026-08-12,2026-08-12,FO,NSE,IDO,61401,,NIFTY,,2026-08-25,2026-08-25,22600.00,CE,NIFTY26AUG22600CE,0.00,0.00,0.00,1878.55,1878.55,1878.55,24435.95,1885.87,1820,0,0,0.00,0,F1,65,,,,,
2026-08-12,2026-08-12,FO,NSE,IDO,61424,,NIFTY,,2026-08-25,2026-08-25,22900.00,CE,NIFTY26AUG22900CE,1584.70,1585.10,1493.75,1565.45,1565.45,1635.00,24435.95,1565.45,5200,-455,19,30176617.25,15,F1,65,,,,,
2026-08-12,2026-08-12,FO,NSE,IDO,61440,,NIFTY,,2026-08-25,2026-08-25,23150.00,CE,NIFTY26AUG23150CE,1384.15,1385.25,1346.95,1359.00,1359.00,1351.75,24435.95,1346.56,390,-390,13,20718038.25,7,F1,65,,,,,
2026-08-12,2026-08-12,FO,NSE,IDO,61953,,NIFTY,,2026-08-25,2026-08-25,25350.00,CE,NIFTY26AUG25350CE,11.45,11.50,7.15,7.55,7.75,11.90,24435.95,7.55,94185,-74230,9983,16454772724.00,7400,F1,65,,,,,
2026-08-12,2026-08-12,FO,NSE,IDO,46929,,NIFTY,,2026-09-01,2026-09-01,22600.00,CE,NIFTY2690122600CE,0.00,0.00,0.00,1805.15,0.00,1805.15,24435.95,1916.78,0,0,0,0.00,0,F1,65,,,,,
2026-08-12,2026-08-12,FO,NSE,IDO,46939,,NIFTY,,2026-09-01,2026-09-01,22850.00,CE,NIFTY2690122850CE,0.00,0.00,0.00,1586.45,0.00,1586.45,24435.95,1674.28,0,0,0,0.00,0,F1,65,,,,,
2026-08-12,2026-08-12,FO,NSE,IDO,46953,,NIFTY,,2026-09-01,2026-09-01,23200.00,CE,NIFTY2690123200CE,0.00,0.00,0.00,1298.35,0.00,1298.35,24435.95,1345.00,0,0,0,0.00,0,F1,65,,,,,
2026-08-12,2026-08-12,FO,NSE,IDO,46971,,NIFTY,,2026-09-01,2026-09-01,23650.00,CE,NIFTY2690123650CE,0.00,0.00,0.00,966.45,0.00,966.45,24435.95,953.14,0,0,0,0.00,0,F1,65,,,,,
2026-08-12,2026-08-12,FO,NSE,IDO,46977,,NIFTY,,2026-09-01,2026-09-01,23800.00,CE,NIFTY2690123800CE,785.00,785.00,666.40,748.00,748.00,925.00,24435.95,748.00,2145,325,12,19112629.25,12,F1,65,,,,,
2026-08-12,2026-08-12,FO,NSE,IDO,47031,,NIFTY,,2026-09-01,2026-09-01,25150.00,CE,NIFTY2690125150CE,0.00,0.00,0.00,253.70,0.00,253.70,24435.95,148.28,0,0,0,0.00,0,F1,65,,,,,
2026-08-12,2026-08-12,FO,NSE,IDO,47089,,NIFTY,,2026-09-01,2026-09-01,26600.00,CE,NIFTY2690126600CE,2.25,2.40,1.80,2.35,2.35,3.50,24435.95,6.35,2405,195,11,19020592.50,7,F1,65,,,,,
2026-08-12,2026-08-12,FO,NSE,IDO,42585,,NIFTY,,2026-09-08,2026-09-08,22850.00,CE,NIFTY2690822850CE,0.00,0.00,0.00,1930.45,0.00,1930.45,24435.95,1713.56,0,0,0,0.00,0,F1,65,,,,,
2026-08-12,2026-08-12,FO,NSE,IDO,42603,,NIFTY,,2026-09-08,2026-09-08,23300.00,CE,NIFTY2690823300CE,0.00,0.00,0.00,1524.85,0.00,1524.85,24435.95,1306.10,0,0,0,0.00,0,F1,65,,,,,
2026-08-12,2026-08-12,FO,NSE,IDO,42615,,NIFTY,,2026-09-08,2026-09-08,23550.00,CE,NIFTY2690823550CE,0.00,0.00,0.00,1313.50,0.00,1313.50,24435.95,1095.96,0,0,0,0.00,0,F1,65,,,,,
2026-08-12,2026-08-12,FO,NSE,IDO,42629,,NIFTY,,2026-09-08,2026-09-08,23750.00,CE,NIFTY2690823750CE,0.00,0.00,0.00,1153.70,0.00,1153.70,24435.95,938.91,0,0,0,0.00,0,F1,65,,,,,
2026-08-12,2026-08-12,FO,NSE,IDO,42645,,NIFTY,,2026-09-08,2026-09-08,24150.00,CE,NIFTY2690824150CE,0.00,0.00,0.00,863.40,0.00,863.40,24435.95,660.53,0,0,0,0.00,0,F1,65,,,,,
2026-08-12,2026-08-12,FO,NSE,IDO,42651,,NIFTY,,2026-09-08,2026-09-08,24300.00,CE,NIFTY2690824300CE,403.20,430.00,359.00,417.90,415.00,766.05,24435.95,417.90,10595,10595,357,572645547.50,267,F1,65,,,,,
2026-08-12,2026-08-12,FO,NSE,IDO,47267,,NIFTY,,2026-09-15,2026-09-15,22750.00,CE,NIFTY2691522750CE,0.00,0.00,0.00,1886.50,0.00,1886.50,24435.95,1856.81,0,0,0,0.00,0,F1,65,,,,,
2026-08-12,2026-08-12,FO,NSE,IDO,47271,,NIFTY,,2026-09-15,2026-09-15,22850.00,CE,NIFTY2691522850CE,0.00,0.00,0.00,1794.25,0.00,1794.25,24435.95,1764.53,0,0,0,0.00,0,F1,65,,,,,
2026-08-12,2026-08-12,FO,NSE,IDO,47289,,NIFTY,,2026-09-15,2026-09-15,23300.00,CE,NIFTY2691523300CE,0.00,0.00,0.00,1396.35,0.00,1396.35,24435.95,1366.93,0,0,0,0.00,0,F1,65,,,,,
2026-08-12,2026-08-12,FO,NSE,IDO,47325,,NIFTY,,2026-09-15,2026-09-15,24150.00,CE,NIFTY2691524150CE,0.00,0.00,0.00,761.40,0.00,761.40,24435.95,735.14,0,0,0,0.00,0,F1,65,,,,,
2026-08-12,2026-08-12,FO,NSE,IDO,47353,,NIFTY,,2026-09-15,2026-09-15,24800.00,CE,NIFTY2691524800CE,0.00,0.00,0.00,416.45,0.00,416.45,24435.95,395.58,0,0,0,0.00,0,F1,65,,,,,
2026-08-12,2026-08-12,FO,NSE,IDO,47387,,NIFTY,,2026-09-15,2026-09-15,25450.00,CE,NIFTY2691525450CE,0.00,0.00,0.00,199.70,0.00,199.70,24435.95,185.74,0,0,0,0.00,0,F1,65,,,,,
2026-08-12,2026-08-12,FO,NSE,IDO,47389,,NIFTY,,2026-09-15,2026-09-15,25500.00,CE,NIFTY2691525500CE,0.00,0.00,0.00,187.75,0.00,187.75,24435.95,173.18,0,0,0,0.00,0,F1,65,,,,,
2026-08-12,2026-08-12,FO,NSE,IDO,73887,,NIFTY,,2026-09-29,2026-09-29,22600.00,CE,NIFTY26SEP22600CE,0.00,0.00,0.00,1734.30,1734.30,1734.30,24435.95,2076.98,195,0,0,0.00,0,F1,65,,,,,
2026-08-12,2026-08-12,FO,NSE,IDO,74048,,NIFTY,,2026-09-29,2026-09-29,23850.00,CE,NIFTY26SEP23850CE,832.05,832.05,832.05,832.05,832.05,1043.75,24435.95,1055.61,1950,65,1,1604333.25,1,F1,65,,,,,
2026-08-12,2026-08-12,FO,NSE,IDO,74363,,NIFTY,,2026-09-29,2026-09-29,24950.00,CE,NIFTY26SEP24950CE,238.00,241.80,192.85,221.25,224.50,255.50,24435.95,221.25,23075,6110,278,454659331.75,184,F1,65,,,,,
2026-08-12,2026-08-12,FO,NSE,IDO,74391,,NIFTY,,2026-09-29,2026-09-29,25400.00,CE,NIFTY26SEP25400CE,116.05,116.05,82.25,94.70,95.00,114.00,24435.95,94.70,211705,7930,4293,7113654353.00,2928,F1,65,,,,,
2026-08-12,2026-08-12,FO,NSE,IDO,74481,,NIFTY,,2026-09-29,2026-09-29,26500.00,CE,NIFTY26SEP26500CE,10.90,11.95,9.75,10.60,10.30,11.90,24435.95,10.60,169715,28925,2630,4531962730.75,1566,F1,65,,,,,
2026-08-12,2026-08-12,FO,NSE,IDO,74487,,NIFTY,,2026-09-29,2026-09-29,26650.00,CE,NIFTY26SEP26650CE,0.00,0.00,0.00,142.10,0.00,142.10,24435.95,69.60,0,0,0,0.00,0,F1,65,,,,,
2026-08-12,2026-08-12,FO,NSE,IDO,55288,,NIFTY,,2026-09-29,2026-09-29,28500.00,CE,NIFTY26SEP28500CE,3.40,3.60,2.70,3.25,3.25,3.55,24435.95,3.25,516620,-1105,191,353865278.00,111,F1,65,,,,,
2026-08-12,2026-08-12,FO,NSE,IDO,55290,,NIFTY,,2026-09-29,2026-09-29,31500.00,CE,NIFTY26SEP31500CE,2.40,2.40,1.80,2.15,1.80,2.25,24435.95,2.15,16575,2405,58,118763352.50,18,F1,65,,,,,
2026-08-12,2026-08-12,FO,NSE,IDO,51374,,NIFTY,,2026-10-27,2026-10-27,23550.00,CE,NIFTY26OCT23550CE,0.00,0.00,0.00,1244.00,0.00,1244.00,24435.95,1477.33,0,0,0,0.00,0,F1,65,,,,,
2026-08-12,2026-08-12,FO,NSE,IDO,51400,,NIFTY,,2026-10-27,2026-10-27,24150.00,CE,NIFTY26OCT24150CE,0.00,0.00,0.00,980.00,980.00,980.00,24435.95,1074.83,195,0,0,0.00,0,F1,65,,,,,
2026-08-12,2026-08-12,FO,NSE,IDO,51406,,NIFTY,,2026-10-27,2026-10-27,24300.00,CE,NIFTY26OCT24300CE,750.00,750.00,681.25,736.85,742.80,906.00,24435.95,736.85,3510,2210,117,190150177.75,78,F1,65,,,,,
2026-08-12,2026-08-12,FO,NSE,IDO,51426,,NIFTY,,2026-10-27,2026-10-27,24700.00,CE,NIFTY26OCT24700CE,526.05,526.05,453.60,496.45,500.00,548.35,24435.95,496.45,46345,31850,823,1347897551.00,360,F1,65,,,,,
2026-08-12,2026-08-12,FO,NSE,IDO,51506,,NIFTY,,2026-10-27,2026-10-27,26400.00,CE,NIFTY26OCT26400CE,0.00,0.00,0.00,186.25,0.00,186.25,24435.95,212.81,0,0,0,0.00,0,F1,65,,,,,
2026-08-12,2026-08-12,FO,NSE,IDO,51526,,NIFTY,,2026-10-27,2026-10-27,26900.00,CE,NIFTY26OCT26900CE,18.75,18.75,18.75,18.75,18.75,22.55,24435.95,134.81,1170,-65,1,1749718.75,1,F1,65,,,,,
2026-08-12,2026-08-12,FO,NSE,IDO,47190,,NIFTY,,2026-12-29,2026-12-29,33000.00,CE,NIFTY26DEC33000CE,0.00,0.00,0.00,6.00,6.00,6.00,24435.95,3.09,96590,0,0,0.00,0,F1,65,,,,,
2026-08-12,2026-08-12,FO,NSE,IDO,80274,,NIFTY,,2027-03-30,2027-03-30,25500.00,CE,NIFTY27MAR25500CE,884.90,884.95,811.00,853.15,859.90,884.40,24435.95,853.15,453830,40235,1871,3203375340.75,1329,F1,65,,,,,
2026-08-12,2026-08-12,FO,NSE,IDO,55374,,NIFTY,,2027-06-29,2027-06-29,22500.00,CE,NIFTY27JUN22500CE,0.00,0.00,0.00,5539.60,0.00,5539.60,24435.95,3550.77,0,0,0,0.00,0,F1,65,,,,,
2026-08-12,2026-08-12,FO,NSE,IDO,55422,,NIFTY,,2027-12-28,2027-12-28,19500.00,CE,NIFTY27DEC19500CE,0.00,0.00,0.00,8684.70,0.00,8684.70,24435.95,6710.27,0,0,0,0.00,0,F1,65,,,,,
2026-08-12,2026-08-12,FO,NSE,IDO,53631,,NIFTY,,2027-12-28,2027-12-28,27000.00,CE,NIFTY27DEC27000CE,1320.00,1357.00,1280.00,1290.20,1290.20,1330.00,24435.95,1290.20,39870,-1495,50,91994067.75,38,F1,65,,,,,
2026-08-12,2026-08-12,FO,NSE,IDO,47196,,NIFTY,,2028-06-27,2028-06-27,33000.00,CE,NIFTY28JUN33000CE,0.00,0.00,0.00,2004.15,0.00,2004.15,24435.95,750.30,0,0,0,0.00,0,F1,65,,,,,
2026-08-12,2026-08-12,FO,NSE,IDO,55556,,NIFTY,,2029-06-26,2029-06-26,16500.00,CE,NIFTY29JUN16500CE,0.00,0.00,0.00,12587.95,0.00,12587.95,24435.95,10806.98,0,0,0,0.00,0,F1,65,,,,,
2026-08-12,2026-08-12,FO,NSE,IDO,60910,,NIFTY,,2030-06-25,2030-06-25,27000.00,CE,NIFTY30JUN27000CE,0.00,0.00,0.00,6972.50,0.00,6972.50,24435.95,5001.19,0,0,0,0.00,0,F1,65,,,,,
2026-08-12,2026-08-12,FO,NSE,IDO,74643,,NIFTY,,2031-06-24,2031-06-24,19500.00,CE,NIFTY31JUN19500CE,0.00,0.00,0.00,9840.60,0.00,9840.60,24435.95,10468.71,0,0,0,0.00,0,F1,65,,,,,
2026-08-12,2026-08-12,FO,NSE,IDO,74651,,NIFTY,,2031-06-24,2031-06-24,25500.00,CE,NIFTY31JUN25500CE,0.00,0.00,0.00,6409.80,0.00,6409.80,24435.95,6906.75,0,0,0,0.00,0,F1,65,,,,,
2026-08-12,2026-08-12,FO,NSE,IDO,45020,,NIFTY,,2026-08-18,2026-08-18,22600.00,PE,NIFTY2681822600PE,1.55,1.75,1.20,1.35,1.30,1.60,24435.95,1.35,335075,-34970,34513,50702928422.25,7146,F1,65,,,,,
2026-08-12,2026-08-12,FO,NSE,IDO,45048,,NIFTY,,2026-08-18,2026-08-18,23150.00,PE,NIFTY2681823150PE,2.70,2.95,1.75,2.00,1.80,2.55,24435.95,2.00,107250,36790,43114,64882575111.25,10404,F1,65,,,,,
2026-08-12,2026-08-12,FO,NSE,IDO,45095,,NIFTY,,2026-08-18,2026-08-18,24100.00,PE,NIFTY2681824100PE,26.65,53.50,21.45,24.10,23.65,26.40,24435.95,24.10,3302650,1303705,765883,1201621424490.50,299608,F1,65,,,,,
2026-08-12,2026-08-12,FO,NSE,IDO,45107,,NIFTY,,2026-08-18,2026-08-18,24400.00,PE,NIFTY2681824400PE,91.00,172.95,79.05,102.95,100.85,94.80,24435.95,102.95,4849520,1725035,2413660,3847622509412.50,1201174,F1,65,,,,,
2026-08-12,2026-08-12,FO,NSE,IDO,45109,,NIFTY,,2026-08-18,2026-08-18,24450.00,PE,NIFTY2681824450PE,109.00,202.85,97.00,126.30,124.40,113.70,24435.95,126.30,1450475,-122850,1129531,1805545869279.75,653195,F1,65,,,,,
2026-08-12,2026-08-12,FO,NSE,IDO,45123,,NIFTY,,2026-08-18,2026-08-18,24700.00,PE,NIFTY2681824700PE,249.65,391.75,227.40,291.65,287.65,254.15,24435.95,291.65,833885,-153920,80751,131266198937.25,50826,F1,65,,,,,
2026-08-12,2026-08-12,FO,NSE,IDO,45133,,NIFTY,,2026-08-18,2026-08-18,24750.00,PE,NIFTY2681824750PE,279.65,434.85,264.70,332.25,330.15,290.70,24435.95,332.25,125515,-22555,12921,21079106226.75,10066,F1,65,,,,,
2026-08-12,2026-08-12,FO,NSE,IDO,45153,,NIFTY,,2026-08-18,2026-08-18,25100.00,PE,NIFTY2681825100PE,605.95,768.15,587.75,660.10,654.70,598.75,24435.95,660.10,82680,7410,737,1235175409.00,694,F1,65,,,,,
2026-08-12,2026-08-12,FO,NSE,IDO,45155,,NIFTY,,2026-08-18,2026-08-18,25150.00,PE,NIFTY2681825150PE,693.35,814.45,653.10,711.25,705.70,646.40,24435.95,711.25,18915,16510,370,622141796.25,355,F1,65,,,,,
2026-08-12,2026-08-12,FO,NSE,IDO,45218,,NIFTY,,2026-08-18,2026-08-18,26250.00,PE,NIFTY2681826250PE,0.00,0.00,0.00,2081.30,0.00,2081.30,24435.95,1787.98,0,0,0,0.00,0,F1,65,,,,,
2026-08-12,2026-08-12,FO,NSE,IDO,45246,,NIFTY,,2026-08-18,2026-08-18,26650.00,PE,NIFTY2681826650PE,0.00,0.00,0.00,2461.70,0.00,2461.70,24435.95,2187.52,0,0,0,0.00,0,F1,65,,,,,
2026-08-12,2026-08-12,FO,NSE,IDO,61345,,NIFTY,,2026-08-25,2026-08-25,21850.00,PE,NIFTY26AUG21850PE,0.00,0.00,0.00,3.65,3.65,3.65,24435.95,0.02,4875,0,0,0.00,0,F1,65,,,,,
2026-08-12,2026-08-12,FO,NSE,IDO,61373,,NIFTY,,2026-08-25,2026-08-25,22250.00,PE,NIFTY26AUG22250PE,3.90,3.90,3.00,3.50,3.35,3.80,24435.95,3.50,10075,-780,105,151879305.50,61,F1,65,,,,,
2026-08-12,2026-08-12,FO,NSE,IDO,61431,,NIFTY,,2026-08-25,2026-08-25,23050.00,PE,NIFTY26AUG23050PE,7.45,7.95,5.95,6.15,6.05,6.80,24435.95,6.15,89505,3575,1449,2171588250.00,1052,F1,65,,,,,
2026-08-12,2026-08-12,FO,NSE,IDO,61444,,NIFTY,,2026-08-25,2026-08-25,23150.00,PE,NIFTY26AUG23150PE,8.10,9.10,6.65,6.75,6.70,7.50,24435.95,6.75,66820,14885,1214,1827361142.75,965,F1,65,,,,,
2026-08-12,2026-08-12,FO,NSE,IDO,61726,,NIFTY,,2026-08-25,2026-08-25,24400.00,PE,NIFTY26AUG24400PE,142.40,223.15,137.80,158.85,157.20,148.25,24435.95,158.85,1946815,280475,99015,158224571709.75,67145,F1,65,,,,,
2026-08-12,2026-08-12,FO,NSE,IDO,44985,,NIFTY,,2026-08-18,2026-08-18,22050.00,CE,NIFTY2681822050CE,0.00,0.00,0.00,2148.45,0.00,2148.45,24435.95,2407.90,0,0,0,0.00,0,F1,65,,,,,
2026-08-12,2026-08-12,FO,NSE,IDO,61776,,NIFTY,,2026-08-25,2026-08-25,24600.00,PE,NIFTY26AUG24600PE,238.75,340.75,225.35,257.50,256.20,236.05,24435.95,257.50,1715415,-24960,45573,73708726438.75,31562,F1,65,,,,,
2026-08-12,2026-08-12,FO,NSE,IDO,62230,,NIFTY,,2026-08-25,2026-08-25,27000.00,PE,NIFTY26AUG27000PE,2550.00,2550.00,2550.00,2550.00,2550.00,2330.80,24435.95,2506.03,41080,0,1,1920750.00,1,F1,65,,,,,
2026-08-12,2026-08-12,FO,NSE,IDO,62241,,NIFTY,,2026-08-25,2026-08-25,27150.00,PE,NIFTY26AUG27150PE,0.00,0.00,0.00,2936.70,0.00,2936.70,24435.95,2655.62,0,0,0,0.00,0,F1,65,,,,,
2026-08-12,2026-08-12,FO,NSE,IDO,46924,,NIFTY,,2026-09-01,2026-09-01,22450.00,PE,NIFTY2690122450PE,6.80,7.25,6.10,6.20,6.10,5.75,24435.95,6.20,2925,130,93,135750865.25,64,F1,65,,,,,
2026-08-12,2026-08-12,FO,NSE,IDO,46968,,NIFTY,,2026-09-01,2026-09-01,23550.00,PE,NIFTY2690123550PE,0.00,0.00,0.00,234.30,0.00,234.30,24435.95,72.08,0,0,0,0.00,0,F1,65,,,,,
2026-08-12,2026-08-12,FO,NSE,IDO,46996,,NIFTY,,2026-09-01,2026-09-01,24250.00,PE,NIFTY2690124250PE,135.60,190.10,125.25,142.05,139.65,135.05,24435.95,142.05,12805,-2340,469,744313349.00,382,F1,65,,,,,
2026-08-12,2026-08-12,FO,NSE,IDO,47054,,NIFTY,,2026-09-01,2026-09-01,25700.00,PE,NIFTY2690125700PE,1540.65,1540.65,1540.65,1540.65,1540.65,1467.30,24435.95,1231.72,130,130,2,3541284.50,2,F1,65,,,,,
2026-08-12,2026-08-12,FO,NSE,IDO,47060,,NIFTY,,2026-09-01,2026-09-01,25850.00,PE,NIFTY2690125850PE,0.00,0.00,0.00,1593.20,0.00,1593.20,24435.95,1366.94,0,0,0,0.00,0,F1,65,,,,,
2026-08-12,2026-08-12,FO,NSE,IDO,47084,,NIFTY,,2026-09-01,2026-09-01,26450.00,PE,NIFTY2690126450PE,0.00,0.00,0.00,2127.00,0.00,2127.00,24435.95,1935.76,0,0,0,0.00,0,F1,65,,,,,
2026-08-12,2026-08-12,FO,NSE,IDO,47086,,NIFTY,,2026-09-01,2026-09-01,26500.00,PE,NIFTY2690126500PE,0.00,0.00,0.00,2173.20,0.00,2173.20,24435.95,1984.46,0,0,0,0.00,0,F1,65,,,,,
2026-08-12,2026-08-12,FO,NSE,IDO,47120,,NIFTY,,2026-09-01,2026-09-01,27200.00,PE,NIFTY2690127200PE,0.00,0.00,0.00,2838.15,0.00,2838.15,24435.95,2675.02,0,0,0,0.00,0,F1,65,,,,,
2026-08-12,2026-08-12,FO,NSE,IDO,42582,,NIFTY,,2026-09-08,2026-09-08,22750.00,PE,NIFTY2690822750PE,0.00,0.00,0.00,26.80,0.00,26.80,24435.95,20.10,0,0,0,0.00,0,F1,65,,,,,
2026-08-12,2026-08-12,FO,NSE,IDO,42602,,NIFTY,,2026-09-08,2026-09-08,23250.00,PE,NIFTY2690823250PE,0.00,0.00,0.00,68.40,0.00,68.40,24435.95,59.78,0,0,0,0.00,0,F1,65,,,,,
2026-08-12,2026-08-12,FO,NSE,IDO,42624,,NIFTY,,2026-09-08,2026-09-08,23600.00,PE,NIFTY2690823600PE,0.00,0.00,0.00,120.65,0.00,120.65,24435.95,114.19,0,0,0,0.00,0,F1,65,,,,,
2026-08-12,2026-08-12,FO,NSE,IDO,42640,,NIFTY,,2026-09-08,2026-09-08,24000.00,PE,NIFTY2690824000PE,109.00,138.45,96.40,106.20,106.00,129.30,24435.95,106.20,23920,23855,1087,1703846800.50,677,F1,65,,,,,
2026-08-12,2026-08-12,FO,NSE,IDO,42650,,NIFTY,,2026-09-08,2026-09-08,24250.00,PE,NIFTY2690824250PE,185.60,225.00,162.30,172.55,171.10,291.90,24435.95,172.55,3575,3575,180,286156884.00,123,F1,65,,,,,
2026-08-12,2026-08-12,FO,NSE,IDO,42654,,NIFTY,,2026-09-08,2026-09-08,24350.00,PE,NIFTY2690824350PE,218.55,259.30,203.15,206.20,205.00,210.00,24435.95,206.20,5135,5070,113,180592187.75,66,F1,65,,,,,
2026-08-12,2026-08-12,FO,NSE,IDO,42724,,NIFTY,,2026-09-08,2026-09-08,25600.00,PE,NIFTY2690825600PE,0.00,0.00,0.00,1041.75,0.00,1041.75,24435.95,1155.79,0,0,0,0.00,0,F1,65,,,,,
2026-08-12,2026-08-12,FO,NSE,IDO,42732,,NIFTY,,2026-09-08,2026-09-08,25750.00,PE,NIFTY2690825750PE,0.00,0.00,0.00,1155.15,0.00,1155.15,24435.95,1282.15,0,0,0,0.00,0,F1,65,,,,,
2026-08-12,2026-08-12,FO,NSE,IDO,47290,,NIFTY,,2026-09-15,2026-09-15,23300.00,PE,NIFTY2691523300PE,0.00,0.00,0.00,89.65,0.00,89.65,24435.95,89.04,0,0,0,0.00,0,F1,65,,,,,
2026-08-12,2026-08-12,FO,NSE,IDO,47336,,NIFTY,,2026-09-15,2026-09-15,24400.00,PE,NIFTY2691524400PE,251.20,291.70,238.60,242.75,245.40,400.05,24435.95,242.75,2080,2080,41,65705649.75,20,F1,65,,,,,
2026-08-12,2026-08-12,FO,NSE,IDO,47380,,NIFTY,,2026-09-15,2026-09-15,25300.00,PE,NIFTY2691525300PE,0.00,0.00,0.00,920.35,0.00,920.35,24435.95,932.89,0,0,0,0.00,0,F1,65,,,,,
2026-08-12,2026-08-12,FO,NSE,IDO,55283,,NIFTY,,2026-09-29,2026-09-29,19500.00,PE,NIFTY26SEP19500PE,9.50,9.65,8.25,8.45,8.75,9.15,24435.95,8.45,899470,33930,1060,1344185488.75,311,F1,65,,,,,
2026-08-12,2026-08-12,FO,NSE,IDO,73851,,NIFTY,,2026-09-29,2026-09-29,21750.00,PE,NIFTY26SEP21750PE,0.00,0.00,0.00,14.95,14.95,14.95,24435.95,9.40,4355,0,0,0.00,0,F1,65,,,,,
2026-08-12,2026-08-12,FO,NSE,IDO,74083,,NIFTY,,2026-09-29,2026-09-29,24200.00,PE,NIFTY26SEP24200PE,208.30,257.45,198.15,219.60,218.00,208.30,24435.95,219.60,505310,47775,4394,6979413606.75,3198,F1,65,,,,,
2026-08-12,2026-08-12,FO,NSE,IDO,74108,,NIFTY,,2026-09-29,2026-09-29,24300.00,PE,NIFTY26SEP24300PE,233.05,292.90,227.35,250.00,249.95,235.40,24435.95,250.00,275600,40885,4236,6764959139.25,3344,F1,65,,,,,
2026-08-12,2026-08-12,FO,NSE,IDO,74242,,NIFTY,,2026-09-29,2026-09-29,24500.00,PE,NIFTY26SEP24500PE,280.20,376.75,280.20,323.80,321.30,308.00,24435.95,323.80,2107235,138580,17097,27607759302.50,13084,F1,65,,,,,
2026-08-12,2026-08-12,FO,NSE,IDO,74352,,NIFTY,,2026-09-29,2026-09-29,24650.00,PE,NIFTY26SEP24650PE,376.10,445.80,361.30,388.85,389.35,367.70,24435.95,388.85,12935,-325,159,259042160.00,109,F1,65,,,,,
2026-08-12,2026-08-12,FO,NSE,IDO,74373,,NIFTY,,2026-09-29,2026-09-29,25200.00,PE,NIFTY26SEP25200PE,722.95,795.25,686.00,717.95,716.20,682.50,24435.95,717.95,28925,-780,95,160226469.00,84,F1,65,,,,,
2026-08-12,2026-08-12,FO,NSE,IDO,74394,,NIFTY,,2026-09-29,2026-09-29,25400.00,PE,NIFTY26SEP25400PE,839.40,939.65,839.40,865.05,864.20,822.45,24435.95,865.05,6825,0,12,20492325.75,10,F1,65,,,,,
2026-08-12,2026-08-12,FO,NSE,IDO,74396,,NIFTY,,2026-09-29,2026-09-29,25450.00,PE,NIFTY26SEP25450PE,975.00,988.25,975.00,988.25,988.25,861.75,24435.95,1075.21,715,0,2,3436111.25,2,F1,65,,,,,
2026-08-12,2026-08-12,FO,NSE,IDO,74433,,NIFTY,,2026-09-29,2026-09-29,25950.00,PE,NIFTY26SEP25950PE,1299.00,1299.00,1299.00,1299.00,1299.00,1248.00,24435.95,1454.79,65,0,1,1771185.00,1,F1,65,,,,,
2026-08-12,2026-08-12,FO,NSE,IDO,51369,,NIFTY,,2026-10-27,2026-10-27,23400.00,PE,NIFTY26OCT23400PE,0.00,0.00,0.00,403.80,0.00,403.80,24435.95,234.05,0,0,0,0.00,0,F1,65,,,,,
2026-08-12,2026-08-12,FO,NSE,IDO,51377,,NIFTY,,2026-10-27,2026-10-27,23600.00,PE,NIFTY26OCT23600PE,128.45,157.00,128.45,137.45,136.55,131.55,24435.95,137.45,35360,2015,126,194468894.75,96,F1,65,,,,,
2026-08-12,2026-08-12,FO,NSE,IDO,51379,,NIFTY,,2026-10-27,2026-10-27,23650.00,PE,NIFTY26OCT23650PE,0.00,0.00,0.00,491.35,0.00,491.35,24435.95,297.67,0,0,0,0.00,0,F1,65,,,,,
2026-08-12,2026-08-12,FO,NSE,IDO,51403,,NIFTY,,2026-10-27,2026-10-27,24200.00,PE,NIFTY26OCT24200PE,275.10,305.15,253.00,269.65,268.15,261.30,24435.95,269.65,28405,2470,249,396275951.50,160,F1,65,,,,,
2026-08-12,2026-08-12,FO,NSE,IDO,51425,,NIFTY,,2026-10-27,2026-10-27,24650.00,PE,NIFTY26OCT24650PE,457.95,476.25,423.10,429.55,428.65,377.40,24435.95,429.55,2470,455,44,71744013.25,26,F1,65,,,,,
2026-08-12,2026-08-12,FO,NSE,IDO,51427,,NIFTY,,2026-10-27,2026-10-27,24700.00,PE,NIFTY26OCT24700PE,442.00,506.60,442.00,450.95,450.45,437.45,24435.95,450.95,16575,2015,389,636529881.00,244,F1,65,,,,,
2026-08-12,2026-08-12,FO,NSE,IDO,51439,,NIFTY,,2026-10-27,2026-10-27,24950.00,PE,NIFTY26OCT24950PE,601.40,633.20,567.60,567.60,567.60,510.65,24435.95,830.17,3770,130,5,8308186.25,5,F1,65,,,,,
2026-08-12,2026-08-12,FO,NSE,IDO,51513,,NIFTY,,2026-10-27,2026-10-27,26550.00,PE,NIFTY26OCT26550PE,0.00,0.00,0.00,2330.10,0.00,2330.10,24435.95,1940.14,0,0,0,0.00,0,F1,65,,,,,
2026-08-12,2026-08-12,FO,NSE,IDO,51525,,NIFTY,,2026-10-27,2026-10-27,26850.00,PE,NIFTY26OCT26850PE,0.00,0.00,0.00,2588.10,0.00,2588.10,24435.95,2191.13,0,0,0,0.00,0,F1,65,,,,,
2026-08-12,2026-08-12,FO,NSE,IDO,51539,,NIFTY,,2026-10-27,2026-10-27,27150.00,PE,NIFTY26OCT27150PE,0.00,0.00,0.00,2853.65,0.00,2853.65,24435.95,2451.59,0,0,0,0.00,0,F1,65,,,,,
2026-08-12,2026-08-12,FO,NSE,IDO,51541,,NIFTY,,2026-10-27,2026-10-27,27200.00,PE,NIFTY26OCT27200PE,0.00,0.00,0.00,2898.55,0.00,2898.55,24435.95,2495.81,0,0,0,0.00,0,F1,65,,,,,
2026-08-12,2026-08-12,FO,NSE,IDO,37810,,NIFTY,,2026-12-29,2026-12-29,23000.00,PE,NIFTY26DEC23000PE,147.00,161.60,141.25,150.00,149.50,145.75,24435.95,150.00,2459340,-11715,4040,6080450714.00,2464,F1,65,,,,,
2026-08-12,2026-08-12,FO,NSE,IDO,35237,,NIFTY,,2026-12-29,2026-12-29,30000.00,PE,NIFTY26DEC30000PE,4795.40,4920.00,4751.05,4820.80,4820.80,4751.00,24435.95,4866.83,385180,-715,87,197346662.50,49,F1,65,,,,,
2026-08-12,2026-08-12,FO,NSE,IDO,80273,,NIFTY,,2027-03-30,2027-03-30,24000.00,PE,NIFTY27MAR24000PE,408.10,439.90,394.00,412.70,411.00,399.25,24435.95,412.70,820885,28470,2339,3713284311.75,1761,F1,65,,,,,
2026-08-12,2026-08-12,FO,NSE,IDO,55375,,NIFTY,,2027-06-29,2027-06-29,22500.00,PE,NIFTY27JUN22500PE,0.00,0.00,0.00,269.25,269.25,269.25,24435.95,353.48,650,0,0,0.00,0,F1,65,,,,,
2026-08-12,2026-08-12,FO,NSE,IDO,53627,,NIFTY,,2027-12-28,2027-12-28,25000.00,PE,NIFTY27DEC25000PE,899.70,954.65,892.75,913.20,913.20,887.85,24435.95,1141.08,69260,-65,58,97723002.00,48,F1,65,,,,,
2026-08-12,2026-08-12,FO,NSE,IDO,53630,,NIFTY,,2027-12-28,2027-12-28,26000.00,PE,NIFTY27DEC26000PE,1240.65,1310.00,1240.65,1253.80,1253.50,1240.00,24435.95,1253.80,53500,1960,53,93993116.75,43,F1,65,,,,,
2026-08-12,2026-08-12,FO,NSE,IDO,47197,,NIFTY,,2028-06-27,2028-06-27,33000.00,PE,NIFTY28JUN33000PE,0.00,0.00,0.00,3707.80,0.00,3707.80,24435.95,5491.78,0,0,0,0.00,0,F1,65,,,,,
2026-08-12,2026-08-12,FO,NSE,IDO,67781,,NIFTY,,2028-12-26,2028-12-26,23000.00,PE,NIFTY28DEC23000PE,627.95,627.95,627.95,627.95,627.95,519.00,24435.95,616.12,1610,-65,1,1535816.75,1,F1,65,,,,,
2026-08-12,2026-08-12,FO,NSE,IDO,67787,,NIFTY,,2028-12-26,2028-12-26,26000.00,PE,NIFTY28DEC26000PE,0.00,0.00,0.00,1240.05,1240.05,1240.05,24435.95,1433.82,6745,0,0,0.00,0,F1,65,,,,,
2026-08-12,2026-08-12,FO,NSE,IDO,55563,,NIFTY,,2029-06-26,2029-06-26,25500.00,PE,NIFTY29JUN25500PE,0.00,0.00,0.00,624.25,0.00,624.25,24435.95,1216.87,0,0,0,0.00,0,F1,65,,,,,
2026-08-12,2026-08-12,FO,NSE,IDO,89637,,NIFTY,,2029-06-26,2029-06-26,27000.00,PE,NIFTY29JUN27000PE,0.00,0.00,0.00,1252.35,0.00,1252.35,24435.95,1702.87,0,0,0,0.00,0,F1,65,,,,,
2026-08-12,2026-08-12,FO,NSE,IDO,89643,,NIFTY,,2029-06-26,2029-06-26,30000.00,PE,NIFTY29JUN30000PE,0.00,0.00,0.00,2031.05,0.00,2031.05,24435.95,2960.00,0,0,0,0.00,0,F1,65,,,,,
2026-08-12,2026-08-12,FO,NSE,IDO,61749,,NIFTY,,2029-12-24,2029-12-24,24000.00,PE,NIFTY29DEC24000PE,0.00,0.00,0.00,1000.00,1000.00,1000.00,24435.95,808.07,390,0,0,0.00,0,F1,65,,,,,
2026-08-12,2026-08-12,FO,NSE,IDO,62007,,NIFTY,,2029-12-24,2029-12-24,33000.00,PE,NIFTY29DEC33000PE,0.00,0.00,0.00,2953.70,0.00,2953.70,24435.95,4186.93,0,0,0,0.00,0,F1,65,,,,,
2026-08-12,2026-08-12,FO,NSE,IDO,55649,,NIFTY,,2030-06-25,2030-06-25,28500.00,PE,NIFTY30JUN28500PE,0.00,0.00,0.00,1167.60,0.00,1167.60,24435.95,1987.55,0,0,0,0.00,0,F1,65,,,,,
2026-08-12,2026-08-12,FO,NSE,IDO,55755,,NIFTY,,2030-12-31,2030-12-31,24000.00,PE,NIFTY30DEC24000PE,0.00,0.00,0.00,1000.00,1000.00,1000.00,24435.95,750.02,520,0,0,0.00,0,F1,65,,,,,
2026-08-12,2026-08-12,FO,NSE,IDO,74644,,NIFTY,,2031-06-24,2031-06-24,19500.00,PE,NIFTY31JUN19500PE,0.00,0.00,0.00,289.20,0.00,289.20,24435.95,201.54,0,0,0,0.00,0,F1,65,,,,,
2026-08-12,2026-08-12,FO,NSE,IDO,45065,,NIFTY,,2026-08-18,2026-08-18,23500.00,CE,NIFTY2681823500CE,1037.20,1037.20,836.00,945.20,951.00,1011.90,24435.95,945.20,108615,9360,1365,2165093112.00,877,F1,65,,,,,
2026-08-12,2026-08-12,FO,NSE,IDO,44989,,NIFTY,,2026-08-18,2026-08-18,22100.00,CE,NIFTY2681822100CE,0.00,0.00,0.00,2100.90,0.00,2100.90,24435.95,2357.95,0,0,0,0.00,0,F1,65,,,,,
2026-08-12,2026-08-12,FO,NSE,IDO,45013,,NIFTY,,2026-08-18,2026-08-18,22500.00,CE,NIFTY2681822500CE,1924.00,1924.00,1924.00,1924.00,1924.00,2008.05,24435.95,1958.36,6500,-65,1,1587560.00,1,F1,65,,,,,
2026-08-12,2026-08-12,FO,NSE,IDO,45069,,NIFTY,,2026-08-18,2026-08-18,23600.00,CE,NIFTY2681823600CE,898.75,917.70,739.85,845.70,846.20,907.85,24435.95,845.70,19305,-585,202,320496705.75,184,F1,65,,,,,
2026-08-12,2026-08-12,FO,NSE,IDO,89625,,NIFTY,,2029-06-26,2029-06-26,21000.00,PE,NIFTY29JUN21000PE,0.00,0.00,0.00,320.25,0.00,320.25,24435.95,316.18,0,0,0,0.00,0,F1,65,,,,,
2026-08-12,2026-08-12,FO,NSE,IDO,47199,,NIFTY,,2028-12-26,2028-12-26,33000.00,PE,NIFTY28DEC33000PE,0.00,0.00,0.00,3315.40,0.00,3315.40,24435.95,4992.01,0,0,0,0.00,0,F1,65,,,,,
2026-08-12,2026-08-12,FO,NSE,IDO,67785,,NIFTY,,2028-12-26,2028-12-26,25000.00,PE,NIFTY28DEC25000PE,0.00,0.00,0.00,955.10,955.10,955.10,24435.95,1112.03,6010,0,0,0.00,0,F1,65,,,,,
2026-08-12,2026-08-12,FO,NSE,IDO,67771,,NIFTY,,2028-12-26,2028-12-26,18000.00,PE,NIFTY28DEC18000PE,0.00,0.00,0.00,250.00,250.00,250.00,24435.95,69.14,75,0,0,0.00,0,F1,65,,,,,
2026-08-12,2026-08-12,FO,NSE,IDO,86146,,NIFTY,,2028-06-27,2028-06-27,21000.00,PE,NIFTY28JUN21000PE,0.00,0.00,0.00,907.20,0.00,907.20,24435.95,265.02,0,0,0,0.00,0,F1,65,,,,,
2026-08-12,2026-08-12,FO,NSE,IDO,53617,,NIFTY,,2027-12-28,2027-12-28,22000.00,PE,NIFTY27DEC22000PE,319.50,333.00,319.50,321.20,321.20,315.00,24435.95,321.20,36485,0,14,20318876.50,12,F1,65,,,,,
2026-08-12,2026-08-12,FO,NSE,IDO,53595,,NIFTY,,2027-12-28,2027-12-28,15000.00,PE,NIFTY27DEC15000PE,21.70,21.70,21.70,21.70,21.70,39.00,24435.95,1.48,755,130,2,1952821.00,1,F1,65,,,,,
2026-08-12,2026-08-12,FO,NSE,IDO,55381,,NIFTY,,2027-06-29,2027-06-29,31500.00,PE,NIFTY27JUN31500PE,0.00,0.00,0.00,3604.70,0.00,3604.70,24435.95,5504.25,0,0,0,0.00,0,F1,65,,,,,
2026-08-12,2026-08-12,FO,NSE,IDO,71561,,NIFTY,,2027-06-29,2027-06-29,24000.00,PE,NIFTY27JUN24000PE,506.00,531.15,506.00,531.15,531.15,490.00,24435.95,735.92,1365,520,8,12752785.50,8,F1,65,,,,,
2026-08-12,2026-08-12,FO,NSE,IDO,80312,,NIFTY,,2027-03-30,2027-03-30,31500.00,PE,NIFTY27MAR31500PE,0.00,0.00,0.00,7066.15,0.00,7066.15,24435.95,5868.41,0,0,0,0.00,0,F1,65,,,,,
2026-08-12,2026-08-12,FO,NSE,IDO,80310,,NIFTY,,2027-03-30,2027-03-30,30000.00,PE,NIFTY27MAR30000PE,4351.65,4378.15,4350.00,4375.00,4375.00,4233.00,24435.95,4527.37,3055,2600,46,102773593.00,18,F1,65,,,,,
2026-08-12,2026-08-12,FO,NSE,IDO,80275,,NIFTY,,2027-03-30,2027-03-30,25500.00,PE,NIFTY27MAR25500PE,906.65,964.10,873.40,911.55,913.80,891.85,24435.95,911.55,139360,4160,470,807476523.75,305,F1,65,,,,,
2026-08-12,2026-08-12,FO,NSE,IDO,55331,,NIFTY,,2026-12-29,2026-12-29,28500.00,PE,NIFTY26DEC28500PE,0.00,0.00,0.00,2260.00,2260.00,2260.00,24435.95,3492.89,65,0,0,0.00,0,F1,65,,,,,
2026-08-12,2026-08-12,FO,NSE,IDO,71504,,NIFTY,,2026-12-29,2026-12-29,25000.00,PE,NIFTY26DEC25000PE,629.00,699.95,617.00,648.45,646.60,626.85,24435.95,648.45,2068520,31855,3564,5945733690.00,2457,F1,65,,,,,
2026-08-12,2026-08-12,FO,NSE,IDO,55325,,NIFTY,,2026-12-29,2026-12-29,19500.00,PE,NIFTY26DEC19500PE,31.90,33.65,30.40,31.80,33.65,31.65,24435.95,31.80,129480,5915,233,295818396.25,182,F1,65,,,,,
2026-08-12,2026-08-12,FO,NSE,IDO,51519,,NIFTY,,2026-10-27,2026-10-27,26700.00,PE,NIFTY26OCT26700PE,0.00,0.00,0.00,2458.10,0.00,2458.10,24435.95,2064.34,0,0,0,0.00,0,F1,65,,,,,
2026-08-12,2026-08-12,FO,NSE,IDO,51505,,NIFTY,,2026-10-27,2026-10-27,26350.00,PE,NIFTY26OCT26350PE,0.00,0.00,0.00,2163.00,0.00,2163.00,24435.95,1778.90,0,0,0,0.00,0,F1,65,,,,,
2026-08-12,2026-08-12,FO,NSE,IDO,51499,,NIFTY,,2026-10-27,2026-10-27,26200.00,PE,NIFTY26OCT26200PE,0.00,0.00,0.00,2040.50,0.00,2040.50,24435.95,1661.53,0,0,0,0.00,0,F1,65,,,,,
2026-08-12,2026-08-12,FO,NSE,IDO,51331,,NIFTY,,2026-10-27,2026-10-27,22500.00,PE,NIFTY26OCT22500PE,38.85,46.65,37.00,41.45,40.70,39.30,24435.95,41.45,226915,1625,1998,2927580308.25,1079,F1,65,,,,,
2026-08-12,2026-08-12,FO,NSE,IDO,74490,,NIFTY,,2026-09-29,2026-09-29,26700.00,PE,NIFTY26SEP26700PE,0.00,0.00,0.00,2560.85,0.00,2560.85,24435.95,2099.88,0,0,0,0.00,0,F1,65,,,,,
2026-08-12,2026-08-12,FO,NSE,IDO,74390,,NIFTY,,2026-09-29,2026-09-29,25350.00,PE,NIFTY26SEP25350PE,0.00,0.00,0.00,1488.65,0.00,1488.65,24435.95,1005.60,0,0,0,0.00,0,F1,65,,,,,
2026-08-12,2026-08-12,FO,NSE,IDO,74371,,NIFTY,,2026-09-29,2026-09-29,25150.00,PE,NIFTY26SEP25150PE,667.05,667.05,667.05,667.05,667.05,653.40,24435.95,873.34,1430,65,1,1678108.25,1,F1,65,,,,,
2026-08-12,2026-08-12,FO,NSE,IDO,74113,,NIFTY,,2026-09-29,2026-09-29,24350.00,PE,NIFTY26SEP24350PE,246.90,308.75,246.90,266.05,265.35,252.05,24435.95,266.05,17160,4030,465,744707470.00,353,F1,65,,,,,
2026-08-12,2026-08-12,FO,NSE,IDO,74055,,NIFTY,,2026-09-29,2026-09-29,23850.00,PE,NIFTY26SEP23850PE,131.05,157.40,129.80,134.40,135.90,127.50,24435.95,134.40,27820,-2275,155,241708756.25,101,F1,65,,,,,
2026-08-12,2026-08-12,FO,NSE,IDO,73924,,NIFTY,,2026-09-29,2026-09-29,23300.00,PE,NIFTY26SEP23300PE,58.00,71.40,53.90,61.60,61.25,56.80,24435.95,61.60,223990,29120,4154,6308717467.00,2656,F1,65,,,,,
2026-08-12,2026-08-12,FO,NSE,IDO,65888,,NIFTY,,2026-09-29,2026-09-29,18000.00,PE,NIFTY26SEP18000PE,5.40,5.40,3.75,4.05,4.30,4.65,24435.95,4.05,945620,-76960,1994,2333593405.00,430,F1,65,,,,,
2026-08-12,2026-08-12,FO,NSE,IDO,47420,,NIFTY,,2026-09-15,2026-09-15,25850.00,PE,NIFTY2691525850PE,0.00,0.00,0.00,1345.95,0.00,1345.95,24435.95,1363.91,0,0,0,0.00,0,F1,65,,,,,
2026-08-12,2026-08-12,FO,NSE,IDO,47362,,NIFTY,,2026-09-15,2026-09-15,24950.00,PE,NIFTY2691524950PE,0.00,0.00,0.00,689.20,0.00,689.20,24435.95,698.18,0,0,0,0.00,0,F1,65,,,,,
2026-08-12,2026-08-12,FO,NSE,IDO,47322,,NIFTY,,2026-09-15,2026-09-15,24050.00,PE,NIFTY2691524050PE,0.00,0.00,0.00,264.95,0.00,264.95,24435.95,266.69,0,0,0,0.00,0,F1,65,,,,,
2026-08-12,2026-08-12,FO,NSE,IDO,47316,,NIFTY,,2026-09-15,2026-09-15,23900.00,PE,NIFTY2691523900PE,0.00,0.00,0.00,218.25,0.00,218.25,24435.95,219.22,0,0,0,0.00,0,F1,65,,,,,
2026-08-12,2026-08-12,FO,NSE,IDO,47298,,NIFTY,,2026-09-15,2026-09-15,23500.00,PE,NIFTY2691523500PE,0.00,0.00,0.00,123.25,0.00,123.25,24435.95,122.97,0,0,0,0.00,0,F1,65,,,,,
2026-08-12,2026-08-12,FO,NSE,IDO,47280,,NIFTY,,2026-09-15,2026-09-15,23050.00,PE,NIFTY2691523050PE,0.00,0.00,0.00,58.25,0.00,58.25,24435.95,57.49,0,0,0,0.00,0,F1,65,,,,,
2026-08-12,2026-08-12,FO,NSE,IDO,42726,,NIFTY,,2026-09-08,2026-09-08,25650.00,PE,NIFTY2690825650PE,0.00,0.00,0.00,1079.40,0.00,1079.40,24435.95,1197.40,0,0,0,0.00,0,F1,65,,,,,
2026-08-12,2026-08-12,FO,NSE,IDO,42626,,NIFTY,,2026-09-08,2026-09-08,23650.00,PE,NIFTY2690823650PE,0.00,0.00,0.00,130.10,0.00,130.10,24435.95,124.36,0,0,0,0.00,0,F1,65,,,,,
2026-08-12,2026-08-12,FO,NSE,IDO,42590,,NIFTY,,2026-09-08,2026-09-08,22950.00,PE,NIFTY2690822950PE,17.50,17.50,14.75,14.75,14.75,17.50,24435.95,31.86,325,65,5,7464080.00,3,F1,65,,,,,
2026-08-12,2026-08-12,FO,NSE,IDO,42580,,NIFTY,,2026-09-08,2026-09-08,22700.00,PE,NIFTY2690822700PE,11.70,11.85,10.60,11.20,10.60,24.20,24435.95,11.20,260,260,10,14762345.00,6,F1,65,,,,,
2026-08-12,2026-08-12,FO,NSE,IDO,47118,,NIFTY,,2026-09-01,2026-09-01,27150.00,PE,NIFTY2690127150PE,0.00,0.00,0.00,2789.80,0.00,2789.80,24435.95,2625.37,0,0,0,0.00,0,F1,65,,,,,
2026-08-12,2026-08-12,FO,NSE,IDO,47082,,NIFTY,,2026-09-01,2026-09-01,26400.00,PE,NIFTY2690126400PE,0.00,0.00,0.00,2081.00,0.00,2081.00,24435.95,1887.20,0,0,0,0.00,0,F1,65,,,,,
2026-08-12,2026-08-12,FO,NSE,IDO,47066,,NIFTY,,2026-09-01,2026-09-01,26000.00,PE,NIFTY2690126000PE,1513.95,1513.95,1513.95,1513.95,1513.95,1500.00,24435.95,1505.60,130,65,1,1788406.75,1,F1,65,,,,,
2026-08-12,2026-08-12,FO,NSE,IDO,47028,,NIFTY,,2026-09-01,2026-09-01,25050.00,PE,NIFTY2690125050PE,0.00,0.00,0.00,970.45,0.00,970.45,24435.95,704.72,0,0,0,0.00,0,F1,65,,,,,
2026-08-12,2026-08-12,FO,NSE,IDO,47004,,NIFTY,,2026-09-01,2026-09-01,24450.00,PE,NIFTY2690124450PE,199.35,276.35,188.65,216.85,218.15,200.75,24435.95,216.85,11960,1495,627,1006031958.75,496,F1,65,,,,,
2026-08-12,2026-08-12,FO,NSE,IDO,46986,,NIFTY,,2026-09-01,2026-09-01,24000.00,PE,NIFTY2690124000PE,76.00,110.00,71.20,77.30,77.00,78.95,24435.95,77.30,235690,109915,8865,13883137245.25,6165,F1,65,,,,,
2026-08-12,2026-08-12,FO,NSE,IDO,46960,,NIFTY,,2026-09-01,2026-09-01,23350.00,PE,NIFTY2690123350PE,0.00,0.00,0.00,182.25,0.00,182.25,24435.95,46.14,0,0,0,0.00,0,F1,65,,,,,
2026-08-12,2026-08-12,FO,NSE,IDO,46958,,NIFTY,,2026-09-01,2026-09-01,23300.00,PE,NIFTY2690123300PE,17.05,22.05,14.35,14.90,14.40,16.90,24435.95,14.90,88010,24375,2702,4095454155.00,1554,F1,65,,,,,
2026-08-12,2026-08-12,FO,NSE,IDO,46956,,NIFTY,,2026-09-01,2026-09-01,23250.00,PE,NIFTY2690123250PE,15.45,19.15,13.35,13.35,13.35,15.05,24435.95,13.35,3315,2860,127,192070274.50,85,F1,65,,,,,
2026-08-12,2026-08-12,FO,NSE,IDO,46912,,NIFTY,,2026-09-01,2026-09-01,22150.00,PE,NIFTY2690122150PE,6.30,6.30,5.05,5.45,5.35,5.85,24435.95,5.45,975,195,22,31682381.25,19,F1,65,,,,,
2026-08-12,2026-08-12,FO,NSE,IDO,46910,,NIFTY,,2026-09-01,2026-09-01,22100.00,PE,NIFTY2690122100PE,4.65,5.50,4.50,5.45,5.50,4.35,24435.95,5.45,4485,3900,82,117820504.75,26,F1,65,,,,,
2026-08-12,2026-08-12,FO,NSE,IDO,46908,,NIFTY,,2026-09-01,2026-09-01,22050.00,PE,NIFTY2690122050PE,4.85,5.55,4.45,4.95,4.65,7.25,24435.95,4.95,715,585,12,17202916.25,10,F1,65,,,,,
2026-08-12,2026-08-12,FO,NSE,IDO,62056,,NIFTY,,2026-08-25,2026-08-25,26200.00,PE,NIFTY26AUG26200PE,1681.00,1821.00,1681.00,1748.30,1748.30,1520.00,24435.95,1711.89,44200,-130,5,9074799.50,5,F1,65,,,,,
2026-08-12,2026-08-12,FO,NSE,IDO,61914,,NIFTY,,2026-08-25,2026-08-25,25100.00,PE,NIFTY26AUG25100PE,615.00,750.00,587.10,644.30,645.00,594.05,24435.95,644.30,67080,-3770,178,298332277.75,165,F1,65,,,,,
2026-08-12,2026-08-12,FO,NSE,IDO,61733,,NIFTY,,2026-08-25,2026-08-25,24450.00,PE,NIFTY26AUG24450PE,167.95,249.55,157.50,180.60,180.00,167.90,24435.95,180.60,384865,-9425,25382,40657571100.25,16474,F1,65,,,,,
2026-08-12,2026-08-12,FO,NSE,IDO,61514,,NIFTY,,2026-08-25,2026-08-25,23550.00,PE,NIFTY26AUG23550PE,16.65,22.35,13.20,13.85,13.90,15.70,24435.95,13.85,199550,21840,6926,10609952060.50,5063,F1,65,,,,,
2026-08-12,2026-08-12,FO,NSE,IDO,61492,,NIFTY,,2026-08-25,2026-08-25,23400.00,PE,NIFTY26AUG23400PE,10.55,15.05,9.70,9.95,10.30,10.90,24435.95,9.95,693160,-84305,28837,43882552132.25,15620,F1,65,,,,,
2026-08-12,2026-08-12,FO,NSE,IDO,61446,,NIFTY,,2026-08-25,2026-08-25,23200.00,PE,NIFTY26AUG23200PE,8.00,10.00,7.00,7.20,7.05,8.00,24435.95,7.20,456430,60385,12080,18223072647.00,7435,F1,65,,,,,
2026-08-12,2026-08-12,FO,NSE,IDO,61365,,NIFTY,,2026-08-25,2026-08-25,22150.00,PE,NIFTY26AUG22150PE,3.25,3.65,2.95,3.35,3.60,3.55,24435.95,3.35,14625,-845,117,168475775.00,75,F1,65,,,,,
2026-08-12,2026-08-12,FO,NSE,IDO,61343,,NIFTY,,2026-08-25,2026-08-25,21800.00,PE,NIFTY26AUG21800PE,2.70,3.20,2.20,2.80,2.55,3.20,24435.95,2.80,65195,11635,543,769529894.25,435,F1,65,,,,,
2026-08-12,2026-08-12,FO,NSE,IDO,61208,,NIFTY,,2026-08-25,2026-08-25,21450.00,PE,NIFTY26AUG21450PE,2.35,2.45,2.35,2.45,2.45,2.75,24435.95,2.45,5655,-260,4,5577627.25,3,F1,65,,,,,
2026-08-12,2026-08-12,FO,NSE,IDO,45234,,NIFTY,,2026-08-18,2026-08-18,26550.00,PE,NIFTY2681826550PE,0.00,0.00,0.00,2365.65,0.00,2365.65,24435.95,2087.62,0,0,0,0.00,0,F1,65,,,,,
2026-08-12,2026-08-12,FO,NSE,IDO,45226,,NIFTY,,2026-08-18,2026-08-18,26350.00,PE,NIFTY2681826350PE,0.00,0.00,0.00,2175.40,0.00,2175.40,24435.95,1887.84,0,0,0,0.00,0,F1,65,,,,,
2026-08-12,2026-08-12,FO,NSE,IDO,45220,,NIFTY,,2026-08-18,2026-08-18,26300.00,PE,NIFTY2681826300PE,0.00,0.00,0.00,2128.25,0.00,2128.25,24435.95,1837.91,0,0,0,0.00,0,F1,65,,,,,
2026-08-12,2026-08-12,FO,NSE,IDO,45181,,NIFTY,,2026-08-18,2026-08-18,25600.00,PE,NIFTY2681825600PE,1089.00,1185.85,1089.00,1185.85,1185.85,1089.00,24435.95,1141.60,2340,130,8,13907016.50,6,F1,65,,,,,
2026-08-12,2026-08-12,FO,NSE,IDO,45117,,NIFTY,,2026-08-18,2026-08-18,24600.00,PE,NIFTY2681824600PE,184.00,309.15,166.15,216.55,213.05,189.10,24435.95,216.55,1664195,-207805,330816,534025556688.00,209477,F1,65,,,,,
2026-08-12,2026-08-12,FO,NSE,IDO,45091,,NIFTY,,2026-08-18,2026-08-18,24000.00,PE,NIFTY2681824000PE,18.10,33.90,13.65,14.65,14.55,17.25,24435.95,14.65,7693010,1841190,1229884,1920478519160.50,375490,F1,65,,,,,
2026-08-12,2026-08-12,FO,NSE,IDO,45070,,NIFTY,,2026-08-18,2026-08-18,23600.00,PE,NIFTY2681823600PE,4.35,6.50,2.95,3.35,3.40,4.25,24435.95,3.35,2461485,656435,442554,679010630314.25,84454,F1,65,,,,,
2026-08-12,2026-08-12,FO,NSE,IDO,45057,,NIFTY,,2026-08-18,2026-08-18,23350.00,PE,NIFTY2681823350PE,2.95,4.30,2.00,2.40,2.05,2.85,24435.95,2.40,450255,244075,117063,177695076221.00,30556,F1,65,,,,,
2026-08-12,2026-08-12,FO,NSE,IDO,45050,,NIFTY,,2026-08-18,2026-08-18,23200.00,PE,NIFTY2681823200PE,2.35,3.90,1.85,2.10,2.20,2.65,24435.95,2.10,2363010,728650,168082,253495051540.25,36239,F1,65,,,,,
2026-08-12,2026-08-12,FO,NSE,IDO,45022,,NIFTY,,2026-08-18,2026-08-18,22650.00,PE,NIFTY2681822650PE,1.70,1.75,1.25,1.40,1.65,1.70,24435.95,1.40,40495,29835,4158,6122017996.25,1684,F1,65,,,,,
2026-08-12,2026-08-12,FO,NSE,IDO,45000,,NIFTY,,2026-08-18,2026-08-18,22250.00,PE,NIFTY2681822250PE,1.45,1.55,0.90,1.10,0.95,1.20,24435.95,1.10,31590,22035,1718,2484784077.75,900,F1,65,,,,,
2026-08-12,2026-08-12,FO,NSE,IDO,44992,,NIFTY,,2026-08-18,2026-08-18,22150.00,PE,NIFTY2681822150PE,1.20,1.65,0.85,0.95,0.85,1.20,24435.95,0.95,39520,27950,2497,3595226969.75,921,F1,65,,,,,
2026-08-12,2026-08-12,FO,NSE,IDO,74661,,NIFTY,,2031-06-24,2031-06-24,31500.00,CE,NIFTY31JUN31500CE,0.00,0.00,0.00,3928.35,0.00,3928.35,24435.95,4258.30,0,0,0,0.00,0,F1,65,,,,,
2026-08-12,2026-08-12,FO,NSE,IDO,55760,,NIFTY,,2030-12-31,2030-12-31,28500.00,CE,NIFTY30DEC28500CE,0.00,0.00,0.00,5968.30,0.00,5968.30,24435.95,4917.05,0,0,0,0.00,0,F1,65,,,,,
2026-08-12,2026-08-12,FO,NSE,IDO,55696,,NIFTY,,2030-12-31,2030-12-31,16500.00,CE,NIFTY30DEC16500CE,0.00,0.00,0.00,13763.55,0.00,13763.55,24435.95,12120.22,0,0,0,0.00,0,F1,65,,,,,
2026-08-12,2026-08-12,FO,NSE,IDO,55650,,NIFTY,,2030-06-25,2030-06-25,31500.00,CE,NIFTY30JUN31500CE,0.00,0.00,0.00,3984.80,0.00,3984.80,24435.95,3162.49,0,0,0,0.00,0,F1,65,,,,,
2026-08-12,2026-08-12,FO,NSE,IDO,60892,,NIFTY,,2030-06-25,2030-06-25,18000.00,CE,NIFTY30JUN18000CE,0.00,0.00,0.00,12423.90,0.00,12423.90,24435.95,10577.72,0,0,0,0.00,0,F1,65,,,,,
2026-08-12,2026-08-12,FO,NSE,IDO,55606,,NIFTY,,2029-12-24,2029-12-24,28500.00,CE,NIFTY29DEC28500CE,0.00,0.00,0.00,4802.10,0.00,4802.10,24435.95,3719.42,0,0,0,0.00,0,F1,65,,,,,
2026-08-12,2026-08-12,FO,NSE,IDO,55598,,NIFTY,,2029-12-24,2029-12-24,16500.00,CE,NIFTY29DEC16500CE,0.00,0.00,0.00,12984.85,0.00,12984.85,24435.95,11252.37,0,0,0,0.00,0,F1,65,,,,,
2026-08-12,2026-08-12,FO,NSE,IDO,89648,,NIFTY,,2029-06-26,2029-06-26,33000.00,CE,NIFTY29JUN33000CE,0.00,0.00,0.00,4179.45,0.00,4179.45,24435.95,1667.21,0,0,0,0.00,0,F1,65,,,,,
2026-08-12,2026-08-12,FO,NSE,IDO,89624,,NIFTY,,2029-06-26,2029-06-26,21000.00,CE,NIFTY29JUN21000CE,0.00,0.00,0.00,9799.75,0.00,9799.75,24435.95,7360.49,0,0,0,0.00,0,F1,65,,,,,
2026-08-12,2026-08-12,FO,NSE,IDO,89612,,NIFTY,,2029-06-26,2029-06-26,18000.00,CE,NIFTY29JUN18000CE,0.00,0.00,0.00,11678.65,0.00,11678.65,24435.95,9613.05,0,0,0,0.00,0,F1,65,,,,,
2026-08-12,2026-08-12,FO,NSE,IDO,55470,,NIFTY,,2028-06-27,2028-06-27,19500.00,CE,NIFTY28JUN19500CE,0.00,0.00,0.00,9209.10,0.00,9209.10,24435.95,7320.00,0,0,0,0.00,0,F1,65,,,,,
2026-08-12,2026-08-12,FO,NSE,IDO,47194,,NIFTY,,2027-12-28,2027-12-28,33000.00,CE,NIFTY27DEC33000CE,0.00,0.00,0.00,120.00,120.00,120.00,24435.95,376.16,3510,0,0,0.00,0,F1,65,,,,,
2026-08-12,2026-08-12,FO,NSE,IDO,47192,,NIFTY,,2027-06-29,2027-06-29,33000.00,CE,NIFTY27JUN33000CE,0.00,0.00,0.00,1122.75,0.00,1122.75,24435.95,108.77,0,0,0,0.00,0,F1,65,,,,,
2026-08-12,2026-08-12,FO,NSE,IDO,55376,,NIFTY,,2027-06-29,2027-06-29,25500.00,CE,NIFTY27JUN25500CE,0.00,0.00,0.00,1300.00,1300.00,1300.00,24435.95,1690.90,0,0,0,0.00,0,F1,65,,,,,
2026-08-12,2026-08-12,FO,NSE,IDO,55326,,NIFTY,,2026-12-29,2026-12-29,22500.00,CE,NIFTY26DEC22500CE,0.00,0.00,0.00,2623.00,2622.95,2623.00,24435.95,2669.81,15405,0,0,0.00,0,F1,65,,,,,
2026-08-12,2026-08-12,FO,NSE,IDO,58636,,NIFTY,,2026-12-29,2026-12-29,16000.00,CE,NIFTY26DEC16000CE,8724.00,8724.00,8724.00,8724.00,8724.00,8930.10,24435.95,8830.71,375,65,1,1607060.00,1,F1,65,,,,,
2026-08-12,2026-08-12,FO,NSE,IDO,51540,,NIFTY,,2026-10-27,2026-10-27,27200.00,CE,NIFTY26OCT27200CE,0.00,0.00,0.00,92.40,0.00,92.40,24435.95,100.77,0,0,0,0.00,0,F1,65,,,,,
2026-08-12,2026-08-12,FO,NSE,IDO,51476,,NIFTY,,2026-10-27,2026-10-27,25650.00,CE,NIFTY26OCT25650CE,157.70,160.20,127.65,140.40,144.05,161.70,24435.95,140.40,13260,0,69,115653502.25,57,F1,65,,,,,
2026-08-12,2026-08-12,FO,NSE,IDO,51446,,NIFTY,,2026-10-27,2026-10-27,25150.00,CE,NIFTY26OCT25150CE,0.00,0.00,0.00,479.95,0.00,479.95,24435.95,570.46,0,0,0,0.00,0,F1,65,,,,,
2026-08-12,2026-08-12,FO,NSE,IDO,51442,,NIFTY,,2026-10-27,2026-10-27,25050.00,CE,NIFTY26OCT25050CE,0.00,0.00,0.00,424.00,424.00,424.00,24435.95,611.51,1365,0,0,0.00,0,F1,65,,,,,
2026-08-12,2026-08-12,FO,NSE,IDO,51354,,NIFTY,,2026-10-27,2026-10-27,23050.00,CE,NIFTY26OCT23050CE,0.00,0.00,0.00,1582.90,0.00,1582.90,24435.95,1861.01,0,0,0,0.00,0,F1,65,,,,,
2026-08-12,2026-08-12,FO,NSE,IDO,51352,,NIFTY,,2026-10-27,2026-10-27,23000.00,CE,NIFTY26OCT23000CE,1800.00,1800.00,1703.05,1786.45,1792.85,1852.00,24435.95,1786.45,3445,195,48,77215992.75,26,F1,65,,,,,
2026-08-12,2026-08-12,FO,NSE,IDO,74501,,NIFTY,,2026-09-29,2026-09-29,27050.00,CE,NIFTY26SEP27050CE,0.00,0.00,0.00,100.00,0.00,100.00,24435.95,40.44,0,0,0,0.00,0,F1,65,,,,,
2026-08-12,2026-08-12,FO,NSE,IDO,74463,,NIFTY,,2026-09-29,2026-09-29,26150.00,CE,NIFTY26SEP26150CE,0.00,0.00,0.00,215.05,0.00,215.05,24435.95,129.78,0,0,0,0.00,0,F1,65,,,,,
2026-08-12,2026-08-12,FO,NSE,IDO,74368,,NIFTY,,2026-09-29,2026-09-29,25100.00,CE,NIFTY26SEP25100CE,185.05,197.90,147.65,169.90,170.70,198.60,24435.95,169.90,159120,10530,2395,3933045418.25,1789,F1,65,,,,,
2026-08-12,2026-08-12,FO,NSE,IDO,74045,,NIFTY,,2026-09-29,2026-09-29,23800.00,CE,NIFTY26SEP23800CE,950.00,965.05,859.00,934.75,933.00,983.05,24435.95,934.75,18070,1495,84,134807026.25,64,F1,65,,,,,
2026-08-12,2026-08-12,FO,NSE,IDO,73995,,NIFTY,,2026-09-29,2026-09-29,23550.00,CE,NIFTY26SEP23550CE,0.00,0.00,0.00,1090.30,1090.20,1090.30,24435.95,1273.89,780,0,0,0.00,0,F1,65,,,,,
2026-08-12,2026-08-12,FO,NSE,IDO,73921,,NIFTY,,2026-09-29,2026-09-29,23250.00,CE,NIFTY26SEP23250CE,0.00,0.00,0.00,1565.20,1565.20,1565.20,24435.95,1511.16,390,0,0,0.00,0,F1,65,,,,,
2026-08-12,2026-08-12,FO,NSE,IDO,73881,,NIFTY,,2026-09-29,2026-09-29,22400.00,CE,NIFTY26SEP22400CE,0.00,0.00,0.00,1741.40,1738.55,1741.40,24435.95,2261.63,195,0,0,0.00,0,F1,65,,,,,
2026-08-12,2026-08-12,FO,NSE,IDO,73875,,NIFTY,,2026-09-29,2026-09-29,22250.00,CE,NIFTY26SEP22250CE,0.00,0.00,0.00,2117.80,0.00,2117.80,24435.95,2402.44,0,0,0,0.00,0,F1,65,,,,,
2026-08-12,2026-08-12,FO,NSE,IDO,73871,,NIFTY,,2026-09-29,2026-09-29,22150.00,CE,NIFTY26SEP22150CE,0.00,0.00,0.00,2200.35,0.00,2200.35,24435.95,2497.24,0,0,0,0.00,0,F1,65,,,,,
2026-08-12,2026-08-12,FO,NSE,IDO,47439,,NIFTY,,2026-09-15,2026-09-15,26150.00,CE,NIFTY2691526150CE,0.00,0.00,0.00,76.25,0.00,76.25,24435.95,68.73,0,0,0,0.00,0,F1,65,,,,,
2026-08-12,2026-08-12,FO,NSE,IDO,47333,,NIFTY,,2026-09-15,2026-09-15,24350.00,CE,NIFTY2691524350CE,446.20,446.25,389.30,430.00,430.00,641.25,24435.95,430.00,520,520,22,35420596.25,15,F1,65,,,,,
2026-08-12,2026-08-12,FO,NSE,IDO,47319,,NIFTY,,2026-09-15,2026-09-15,24000.00,CE,NIFTY2691524000CE,0.00,0.00,0.00,859.45,0.00,859.45,24435.95,832.29,0,0,0,0.00,0,F1,65,,,,,
2026-08-12,2026-08-12,FO,NSE,IDO,47293,,NIFTY,,2026-09-15,2026-09-15,23400.00,CE,NIFTY2691523400CE,0.00,0.00,0.00,1312.70,0.00,1312.70,24435.95,1283.45,0,0,0,0.00,0,F1,65,,,,,
2026-08-12,2026-08-12,FO,NSE,IDO,42767,,NIFTY,,2026-09-08,2026-09-08,26350.00,CE,NIFTY2690826350CE,3.80,4.50,3.80,4.50,4.50,74.45,24435.95,28.21,910,910,54,92502351.50,27,F1,65,,,,,
2026-08-12,2026-08-12,FO,NSE,IDO,42711,,NIFTY,,2026-09-08,2026-09-08,25500.00,CE,NIFTY2690825500CE,0.00,0.00,0.00,230.65,0.00,230.65,24435.95,124.22,0,0,0,0.00,0,F1,65,,,,,
2026-08-12,2026-08-12,FO,NSE,IDO,42663,,NIFTY,,2026-09-08,2026-09-08,24550.00,CE,NIFTY2690824550CE,308.25,310.65,230.10,272.15,273.45,313.80,24435.95,272.15,3770,3185,122,196809938.00,88,F1,65,,,,,
2026-08-12,2026-08-12,FO,NSE,IDO,42595,,NIFTY,,2026-09-08,2026-09-08,23100.00,CE,NIFTY2690823100CE,0.00,0.00,0.00,1701.65,0.00,1701.65,24435.95,1483.30,0,0,0,0.00,0,F1,65,,,,,
2026-08-12,2026-08-12,FO,NSE,IDO,47114,,NIFTY,,2026-09-01,2026-09-01,27100.00,CE,NIFTY2690127100CE,1.70,3.80,1.15,1.40,1.40,1.60,24435.95,1.54,910,130,35,61657518.00,23,F1,65,,,,,
2026-08-12,2026-08-12,FO,NSE,IDO,47083,,NIFTY,,2026-09-01,2026-09-01,26450.00,CE,NIFTY2690126450CE,1.85,2.55,1.85,2.25,2.25,2.35,24435.95,9.39,975,780,14,24071541.00,8,F1,65,,,,,
2026-08-12,2026-08-12,FO,NSE,IDO,47067,,NIFTY,,2026-09-01,2026-09-01,26050.00,CE,NIFTY2690126050CE,3.50,4.30,3.50,4.20,4.20,85.25,24435.95,24.76,1170,1170,43,72820481.50,28,F1,65,,,,,
2026-08-12,2026-08-12,FO,NSE,IDO,47035,,NIFTY,,2026-09-01,2026-09-01,25250.00,CE,NIFTY2690125250CE,0.00,0.00,0.00,227.15,0.00,227.15,24435.95,124.13,0,0,0,0.00,0,F1,65,,,,,
2026-08-12,2026-08-12,FO,NSE,IDO,47007,,NIFTY,,2026-09-01,2026-09-01,24550.00,CE,NIFTY2690124550CE,275.70,275.70,178.65,219.30,223.50,267.60,24435.95,219.30,22360,9685,818,1316547609.00,625,F1,65,,,,,
2026-08-12,2026-08-12,FO,NSE,IDO,46979,,NIFTY,,2026-09-01,2026-09-01,23850.00,CE,NIFTY2690123850CE,0.00,0.00,0.00,630.00,630.00,630.00,24435.95,796.06,65,0,0,0.00,0,F1,65,,,,,
2026-08-12,2026-08-12,FO,NSE,IDO,46935,,NIFTY,,2026-09-01,2026-09-01,22750.00,CE,NIFTY2690122750CE,0.00,0.00,0.00,1672.80,0.00,1672.80,24435.95,1770.75,0,0,0,0.00,0,F1,65,,,,,
2026-08-12,2026-08-12,FO,NSE,IDO,46925,,NIFTY,,2026-09-01,2026-09-01,22500.00,CE,NIFTY2690122500CE,0.00,0.00,0.00,2150.00,2150.00,2150.00,24435.95,2014.81,0,0,0,0.00,0,F1,65,,,,,
2026-08-12,2026-08-12,FO,NSE,IDO,62229,,NIFTY,,2026-08-25,2026-08-25,27000.00,CE,NIFTY26AUG27000CE,0.70,0.80,0.65,0.75,0.65,0.70,24435.95,0.75,90220,-27300,1066,1870879936.25,177,F1,65,,,,,
2026-08-12,2026-08-12,FO,NSE,IDO,62170,,NIFTY,,2026-08-25,2026-08-25,26650.00,CE,NIFTY26AUG26650CE,1.45,1.45,0.65,0.65,0.70,1.10,24435.95,0.65,7540,0,67,116064074.75,31,F1,65,,,,,
2026-08-12,2026-08-12,FO,NSE,IDO,61994,,NIFTY,,2026-08-25,2026-08-25,25750.00,CE,NIFTY26AUG25750CE,3.15,3.15,2.20,2.35,2.30,3.10,24435.95,2.35,132210,50895,3479,5823572017.25,2859,F1,65,,,,,
2026-08-12,2026-08-12,FO,NSE,IDO,61897,,NIFTY,,2026-08-25,2026-08-25,25000.00,CE,NIFTY26AUG25000CE,47.65,49.65,24.00,31.45,32.50,47.75,24435.95,31.45,7325890,392210,177340,288532293162.75,88909,F1,65,,,,,
2026-08-12,2026-08-12,FO,NSE,IDO,61797,,NIFTY,,2026-08-25,2026-08-25,24750.00,CE,NIFTY26AUG24750CE,113.90,113.95,58.80,78.70,80.50,111.75,24435.95,78.70,435175,163020,19453,31390626146.75,13682,F1,65,,,,,
2026-08-12,2026-08-12,FO,NSE,IDO,61775,,NIFTY,,2026-08-25,2026-08-25,24600.00,CE,NIFTY26AUG24600CE,175.95,178.95,99.00,130.75,133.05,174.15,24435.95,130.75,2827695,330265,93661,150539945988.25,64905,F1,65,,,,,
2026-08-12,2026-08-12,FO,NSE,IDO,61772,,NIFTY,,2026-08-25,2026-08-25,24550.00,CE,NIFTY26AUG24550CE,190.25,203.85,116.35,152.45,154.45,199.45,24435.95,152.45,477490,135980,20668,33175510797.00,14715,F1,65,,,,,
2026-08-12,2026-08-12,FO,NSE,IDO,61593,,NIFTY,,2026-08-25,2026-08-25,24000.00,CE,NIFTY26AUG24000CE,587.90,599.20,440.05,520.65,523.10,588.60,24435.95,520.65,5606380,1170,23814,37909956324.50,14981,F1,65,,,,,
2026-08-12,2026-08-12,FO,NSE,IDO,61530,,NIFTY,,2026-08-25,2026-08-25,23700.00,CE,NIFTY26AUG23700CE,811.90,855.00,694.45,790.35,795.10,860.00,24435.95,790.35,176540,-4550,451,716859221.00,322,F1,65,,,,,
2026-08-12,2026-08-12,FO,NSE,IDO,61501,,NIFTY,,2026-08-25,2026-08-25,23550.00,CE,NIFTY26AUG23550CE,964.35,966.05,860.60,860.60,860.60,977.45,24435.95,974.72,5720,-325,5,7949834.75,5,F1,65,,,,,
2026-08-12,2026-08-12,FO,NSE,IDO,61459,,NIFTY,,2026-08-25,2026-08-25,23350.00,CE,NIFTY26AUG23350CE,1153.75,1167.50,1138.70,1167.50,1167.50,1160.00,24435.95,1157.11,1235,-195,6,9556319.50,5,F1,65,,,,,
2026-08-12,2026-08-12,FO,NSE,IDO,61450,,NIFTY,,2026-08-25,2026-08-25,23250.00,CE,NIFTY26AUG23250CE,1232.80,1290.55,1120.00,1120.00,1120.00,1451.50,24435.95,1251.12,910,-455,11,17506372.00,11,F1,65,,,,,
2026-08-12,2026-08-12,FO,NSE,IDO,61436,,NIFTY,,2026-08-25,2026-08-25,23100.00,CE,NIFTY26AUG23100CE,1292.30,1367.25,1292.30,1361.95,1361.95,1567.10,24435.95,1394.71,5135,0,19,30153067.75,19,F1,65,,,,,
2026-08-12,2026-08-12,FO,NSE,IDO,61411,,NIFTY,,2026-08-25,2026-08-25,22750.00,CE,NIFTY26AUG22750CE,0.00,0.00,0.00,1318.80,1318.80,1318.80,24435.95,1737.29,1300,0,0,0.00,0,F1,65,,,,,
2026-08-12,2026-08-12,FO,NSE,IDO,61350,,NIFTY,,2026-08-25,2026-08-25,21950.00,CE,NIFTY26AUG21950CE,0.00,0.00,0.00,2408.05,0.00,2408.05,24435.95,2533.32,0,0,0,0.00,0,F1,65,,,,,
2026-08-12,2026-08-12,FO,NSE,IDO,61344,,NIFTY,,2026-08-25,2026-08-25,21850.00,CE,NIFTY26AUG21850CE,0.00,0.00,0.00,2494.10,0.00,2494.10,24435.95,2633.08,0,0,0,0.00,0,F1,65,,,,,
2026-08-12,2026-08-12,FO,NSE,IDO,45196,,NIFTY,,2026-08-18,2026-08-18,25900.00,CE,NIFTY2681825900CE,0.85,1.40,0.70,0.80,0.80,0.95,24435.95,0.80,3034590,1271400,152414,256598642521.00,38757,F1,65,,,,,
2026-08-12,2026-08-12,FO,NSE,IDO,45170,,NIFTY,,2026-08-18,2026-08-18,25500.00,CE,NIFTY2681825500CE,1.75,2.25,1.20,1.30,1.35,1.90,24435.95,1.30,7352540,2138760,411472,682058627328.00,79333,F1,65,,,,,
2026-08-12,2026-08-12,FO,NSE,IDO,45076,,NIFTY,,2026-08-18,2026-08-18,23750.00,CE,NIFTY2681823750CE,715.40,732.80,599.00,698.75,700.30,763.40,24435.95,698.75,3510,1820,145,229964309.25,131,F1,65,,,,,
2026-08-12,2026-08-12,FO,NSE,IDO,45017,,NIFTY,,2026-08-18,2026-08-18,22550.00,CE,NIFTY2681822550CE,0.00,0.00,0.00,1684.20,0.00,1684.20,24435.95,1908.41,0,0,0,0.00,0,F1,65,,,,,
2026-08-12,2026-08-12,FO,NSE,IDO,60945,,NIFTY,,2030-06-25,2030-06-25,33000.00,PE,NIFTY30JUN33000PE,0.00,0.00,0.00,3143.90,0.00,3143.90,24435.95,3851.69,0,0,0,0.00,0,F1,65,,,,,
2026-08-12,2026-08-12,FO,NSE,IDO,55643,,NIFTY,,2030-06-25,2030-06-25,19500.00,PE,NIFTY30JUN19500PE,0.00,0.00,0.00,64.95,0.00,64.95,24435.95,194.62,0,0,0,0.00,0,F1,65,,,,,
2026-08-12,2026-08-12,FO,NSE,IDO,55641,,NIFTY,,2030-06-25,2030-06-25,16500.00,PE,NIFTY30JUN16500PE,0.00,0.00,0.00,12.00,0.00,12.00,24435.95,50.70,0,0,0,0.00,0,F1,65,,,,,
2026-08-12,2026-08-12,FO,NSE,IDO,55567,,NIFTY,,2029-06-26,2029-06-26,31500.00,PE,NIFTY29JUN31500PE,0.00,0.00,0.00,2443.35,0.00,2443.35,24435.95,3721.33,0,0,0,0.00,0,F1,65,,,,,
2026-08-12,2026-08-12,FO,NSE,IDO,47045,,NIFTY,,2026-09-01,2026-09-01,25500.00,CE,NIFTY2690125500CE,19.20,19.45,12.10,13.80,14.00,19.15,24435.95,13.80,111865,-2405,4818,7990240755.25,2360,F1,65,,,,,
2026-08-12,2026-08-12,FO,NSE,IDO,47033,,NIFTY,,2026-09-01,2026-09-01,25200.00,CE,NIFTY2690125200CE,65.00,70.30,28.90,35.40,36.00,50.20,24435.95,35.40,242125,11960,10680,17518554007.50,5979,F1,65,,,,,
2026-08-12,2026-08-12,FO,NSE,IDO,46967,,NIFTY,,2026-09-01,2026-09-01,23550.00,CE,NIFTY2690123550CE,0.00,0.00,0.00,1035.90,0.00,1035.90,24435.95,1036.10,0,0,0,0.00,0,F1,65,,,,,
2026-08-12,2026-08-12,FO,NSE,IDO,67794,,NIFTY,,2028-12-26,2028-12-26,30000.00,CE,NIFTY28DEC30000CE,0.00,0.00,0.00,1370.00,1370.00,1370.00,24435.95,1973.40,11555,0,0,0.00,0,F1,65,,,,,
2026-08-12,2026-08-12,FO,NSE,IDO,60904,,NIFTY,,2030-06-25,2030-06-25,24000.00,CE,NIFTY30JUN24000CE,0.00,0.00,0.00,8591.55,0.00,8591.55,24435.95,6599.26,0,0,0,0.00,0,F1,65,,,,,
2026-08-12,2026-08-12,FO,NSE,IDO,60944,,NIFTY,,2030-06-25,2030-06-25,33000.00,CE,NIFTY30JUN33000CE,0.00,0.00,0.00,4416.45,0.00,4416.45,24435.95,2688.61,0,0,0,0.00,0,F1,65,,,,,
2026-08-12,2026-08-12,FO,NSE,IDO,55704,,NIFTY,,2030-12-31,2030-12-31,22500.00,CE,NIFTY30DEC22500CE,0.00,0.00,0.00,9536.95,0.00,9536.95,24435.95,8076.37,0,0,0,0.00,0,F1,65,,,,,
2026-08-12,2026-08-12,FO,NSE,IDO,55758,,NIFTY,,2030-12-31,2030-12-31,27000.00,CE,NIFTY30DEC27000CE,0.00,0.00,0.00,6772.80,0.00,6772.80,24435.95,5608.90,0,0,0,0.00,0,F1,65,,,,,
2026-08-12,2026-08-12,FO,NSE,IDO,44998,,NIFTY,,2026-08-18,2026-08-18,22200.00,PE,NIFTY2681822200PE,1.50,1.60,0.90,1.00,0.90,1.15,24435.95,1.00,517465,165555,21086,30428556941.25,8183,F1,65,,,,,
2026-08-12,2026-08-12,FO,NSE,IDO,45012,,NIFTY,,2026-08-18,2026-08-18,22450.00,PE,NIFTY2681822450PE,1.65,1.90,1.10,1.25,1.10,1.35,24435.95,1.25,37895,25155,2908,4243746838.50,1341,F1,65,,,,,
2026-08-12,2026-08-12,FO,NSE,IDO,45016,,NIFTY,,2026-08-18,2026-08-18,22500.00,PE,NIFTY2681822500PE,1.30,1.65,1.20,1.35,1.40,1.50,24435.95,1.35,3383120,1009970,113625,166186970264.25,22283,F1,65,,,,,
2026-08-12,2026-08-12,FO,NSE,IDO,45061,,NIFTY,,2026-08-18,2026-08-18,23450.00,PE,NIFTY2681823450PE,2.95,4.60,2.40,2.70,2.60,3.35,24435.95,2.70,495820,282360,103073,157132286083.50,26211,F1,65,,,,,
2026-08-12,2026-08-12,FO,NSE,IDO,45075,,NIFTY,,2026-08-18,2026-08-18,23700.00,PE,NIFTY2681823700PE,6.15,9.20,3.80,4.35,4.55,5.45,24435.95,4.35,3020095,1193270,398729,614404885035.50,90042,F1,65,,,,,
2026-08-12,2026-08-12,FO,NSE,IDO,61747,,NIFTY,,2029-12-24,2029-12-24,23000.00,PE,NIFTY29DEC23000PE,0.00,0.00,0.00,725.00,725.00,725.00,24435.95,614.26,1560,0,0,0.00,0,F1,65,,,,,
2026-08-12,2026-08-12,FO,NSE,IDO,45147,,NIFTY,,2026-08-18,2026-08-18,24950.00,PE,NIFTY2681824950PE,450.05,626.05,444.70,516.30,511.90,459.75,24435.95,516.30,35490,18070,1158,1917482918.00,1047,F1,65,,,,,
2026-08-12,2026-08-12,FO,NSE,IDO,45205,,NIFTY,,2026-08-18,2026-08-18,26050.00,PE,NIFTY2681826050PE,0.00,0.00,0.00,1895.70,0.00,1895.70,24435.95,1588.34,0,0,0,0.00,0,F1,65,,,,,
2026-08-12,2026-08-12,FO,NSE,IDO,45232,,NIFTY,,2026-08-18,2026-08-18,26500.00,PE,NIFTY2681826500PE,0.00,0.00,0.00,1975.00,1975.00,1975.00,24435.95,2037.68,975,0,0,0.00,0,F1,65,,,,,
2026-08-12,2026-08-12,FO,NSE,IDO,45254,,NIFTY,,2026-08-18,2026-08-18,26850.00,PE,NIFTY2681826850PE,0.00,0.00,0.00,2655.25,0.00,2655.25,24435.95,2387.32,0,0,0,0.00,0,F1,65,,,,,
2026-08-12,2026-08-12,FO,NSE,IDO,61172,,NIFTY,,2026-08-25,2026-08-25,21300.00,PE,NIFTY26AUG21300PE,2.95,2.95,1.80,2.40,2.35,2.70,24435.95,2.40,70330,-2860,282,390469482.00,161,F1,65,,,,,
2026-08-12,2026-08-12,FO,NSE,IDO,61176,,NIFTY,,2026-08-25,2026-08-25,21400.00,PE,NIFTY26AUG21400PE,2.60,2.80,2.25,2.50,2.25,2.85,24435.95,2.50,46345,1625,151,210065453.00,65,F1,65,,,,,
2026-08-12,2026-08-12,FO,NSE,IDO,61355,,NIFTY,,2026-08-25,2026-08-25,22050.00,PE,NIFTY26AUG22050PE,3.75,3.75,3.00,3.35,3.25,3.65,24435.95,3.35,8710,-390,122,174882665.75,74,F1,65,,,,,
2026-08-12,2026-08-12,FO,NSE,IDO,61379,,NIFTY,,2026-08-25,2026-08-25,22350.00,PE,NIFTY26AUG22350PE,3.85,3.90,3.15,3.70,3.75,3.80,24435.95,3.70,6890,455,64,92991099.50,46,F1,65,,,,,
2026-08-12,2026-08-12,FO,NSE,IDO,61398,,NIFTY,,2026-08-25,2026-08-25,22500.00,PE,NIFTY26AUG22500PE,4.15,4.40,3.60,3.95,4.05,4.20,24435.95,3.95,1510600,81965,14702,21505411671.25,4977,F1,65,,,,,
2026-08-12,2026-08-12,FO,NSE,IDO,46955,,NIFTY,,2026-09-01,2026-09-01,23250.00,CE,NIFTY2690123250CE,0.00,0.00,0.00,1259.15,0.00,1259.15,24435.95,1299.38,0,0,0,0.00,0,F1,65,,,,,
2026-08-12,2026-08-12,FO,NSE,IDO,61798,,NIFTY,,2026-08-25,2026-08-25,24750.00,PE,NIFTY26AUG24750PE,320.50,441.50,317.60,356.10,355.15,324.30,24435.95,356.10,88335,-11960,1175,1918722087.75,946,F1,65,,,,,
2026-08-12,2026-08-12,FO,NSE,IDO,61944,,NIFTY,,2026-08-25,2026-08-25,25300.00,PE,NIFTY26AUG25300PE,783.35,926.85,783.35,835.05,832.10,773.45,24435.95,835.05,46995,260,72,122536781.25,54,F1,65,,,,,
2026-08-12,2026-08-12,FO,NSE,IDO,46947,,NIFTY,,2026-09-01,2026-09-01,23050.00,CE,NIFTY2690123050CE,0.00,0.00,0.00,1418.95,0.00,1418.95,24435.95,1484.23,0,0,0,0.00,0,F1,65,,,,,
2026-08-12,2026-08-12,FO,NSE,IDO,62125,,NIFTY,,2026-08-25,2026-08-25,26500.00,CE,NIFTY26AUG26500CE,0.85,1.30,0.80,0.85,0.90,1.00,24435.95,0.85,329615,52975,4043,6964322911.00,1766,F1,65,,,,,
2026-08-12,2026-08-12,FO,NSE,IDO,62101,,NIFTY,,2026-08-25,2026-08-25,26350.00,CE,NIFTY26AUG26350CE,1.15,1.15,0.75,0.90,0.80,1.15,24435.95,0.90,7605,-1820,217,371681157.25,114,F1,65,,,,,
2026-08-12,2026-08-12,FO,NSE,IDO,62038,,NIFTY,,2026-08-25,2026-08-25,26000.00,CE,NIFTY26AUG26000CE,2.00,2.50,1.45,1.55,1.55,2.20,24435.95,1.55,3998930,309140,36654,61949515160.00,16928,F1,65,,,,,
2026-08-12,2026-08-12,FO,NSE,IDO,61978,,NIFTY,,2026-08-25,2026-08-25,25550.00,PE,NIFTY26AUG25550PE,1080.00,1080.00,1080.00,1080.00,1080.00,945.45,24435.95,1090.47,5460,65,1,1730950.00,1,F1,65,,,,,
2026-08-12,2026-08-12,FO,NSE,IDO,62059,,NIFTY,,2026-08-25,2026-08-25,26250.00,PE,NIFTY26AUG26250PE,0.00,0.00,0.00,1985.00,1985.00,1985.00,24435.95,1761.09,130,0,0,0.00,0,F1,65,,,,,
2026-08-12,2026-08-12,FO,NSE,IDO,62126,,NIFTY,,2026-08-25,2026-08-25,26500.00,PE,NIFTY26AUG26500PE,2050.00,2116.00,2026.00,2028.00,2026.00,1976.15,24435.95,2028.00,6890,130,7,13003038.75,7,F1,65,,,,,
2026-08-12,2026-08-12,FO,NSE,IDO,62171,,NIFTY,,2026-08-25,2026-08-25,26650.00,PE,NIFTY26AUG26650PE,0.00,0.00,0.00,2498.25,0.00,2498.25,24435.95,2157.42,0,0,0,0.00,0,F1,65,,,,,
2026-08-12,2026-08-12,FO,NSE,IDO,62196,,NIFTY,,2026-08-25,2026-08-25,26750.00,PE,NIFTY26AUG26750PE,0.00,0.00,0.00,2584.30,0.00,2584.30,24435.95,2256.93,0,0,0,0.00,0,F1,65,,,,,
2026-08-12,2026-08-12,FO,NSE,IDO,46916,,NIFTY,,2026-09-01,2026-09-01,22250.00,PE,NIFTY2690122250PE,5.75,6.10,5.75,5.90,5.90,56.00,24435.95,1.80,1170,845,41,59311989.75,28,F1,65,,,,,
2026-08-12,2026-08-12,FO,NSE,IDO,46936,,NIFTY,,2026-09-01,2026-09-01,22750.00,PE,NIFTY2690122750PE,7.60,7.60,7.60,7.60,7.60,12.60,24435.95,7.60,715,195,3,4437732.00,1,F1,65,,,,,
2026-08-12,2026-08-12,FO,NSE,IDO,46950,,NIFTY,,2026-09-01,2026-09-01,23100.00,PE,NIFTY2690123100PE,12.15,14.55,10.50,10.95,11.20,11.70,24435.95,10.95,9230,3965,166,249390605.75,155,F1,65,,,,,
2026-08-12,2026-08-12,FO,NSE,IDO,46962,,NIFTY,,2026-09-01,2026-09-01,23400.00,PE,NIFTY2690123400PE,20.60,26.45,17.55,18.35,17.55,19.55,24435.95,18.35,82355,64220,2710,4125705168.00,1614,F1,65,,,,,
2026-08-12,2026-08-12,FO,NSE,IDO,46978,,NIFTY,,2026-09-01,2026-09-01,23800.00,PE,NIFTY2690123800PE,52.25,69.00,45.00,47.10,46.15,50.05,24435.95,47.10,76440,33605,2285,3543214268.75,1604,F1,65,,,,,
2026-08-12,2026-08-12,FO,NSE,IDO,47016,,NIFTY,,2026-09-01,2026-09-01,24750.00,PE,NIFTY2690124750PE,350.95,455.45,339.80,374.25,374.25,353.20,24435.95,374.25,2990,-3705,96,156991844.75,93,F1,65,,,,,
2026-08-12,2026-08-12,FO,NSE,IDO,47064,,NIFTY,,2026-09-01,2026-09-01,25950.00,PE,NIFTY2690125950PE,0.00,0.00,0.00,1679.00,0.00,1679.00,24435.95,1459.04,0,0,0,0.00,0,F1,65,,,,,
2026-08-12,2026-08-12,FO,NSE,IDO,47109,,NIFTY,,2026-09-01,2026-09-01,26950.00,PE,NIFTY2690126950PE,0.00,0.00,0.00,2597.50,0.00,2597.50,24435.95,2427.11,0,0,0,0.00,0,F1,65,,,,,
2026-08-12,2026-08-12,FO,NSE,IDO,42596,,NIFTY,,2026-09-08,2026-09-08,23100.00,PE,NIFTY2690823100PE,19.40,23.40,18.15,18.70,18.75,20.00,24435.95,18.70,3315,1950,163,244960355.25,120,F1,65,,,,,
2026-08-12,2026-08-12,FO,NSE,IDO,42652,,NIFTY,,2026-09-08,2026-09-08,24300.00,PE,NIFTY2690824300PE,186.60,237.50,172.00,188.95,189.60,173.50,24435.95,188.95,10855,9685,303,482878067.75,239,F1,65,,,,,
2026-08-12,2026-08-12,FO,NSE,IDO,42666,,NIFTY,,2026-09-08,2026-09-08,24600.00,PE,NIFTY2690824600PE,299.90,385.80,283.65,317.20,314.15,295.50,24435.95,317.20,34775,21385,429,695956001.00,423,F1,65,,,,,
2026-08-12,2026-08-12,FO,NSE,IDO,42674,,NIFTY,,2026-09-08,2026-09-08,24800.00,PE,NIFTY2690824800PE,430.00,504.75,398.75,432.15,428.25,391.80,24435.95,432.15,3445,3315,73,119834159.25,73,F1,65,,,,,
2026-08-12,2026-08-12,FO,NSE,IDO,42734,,NIFTY,,2026-09-08,2026-09-08,25800.00,PE,NIFTY2690825800PE,0.00,0.00,0.00,1194.35,0.00,1194.35,24435.95,1325.26,0,0,0,0.00,0,F1,65,,,,,
2026-08-12,2026-08-12,FO,NSE,IDO,47286,,NIFTY,,2026-09-15,2026-09-15,23200.00,PE,NIFTY2691523200PE,0.00,0.00,0.00,75.80,0.00,75.80,24435.95,75.09,0,0,0,0.00,0,F1,65,,,,,
2026-08-12,2026-08-12,FO,NSE,IDO,47330,,NIFTY,,2026-09-15,2026-09-15,24250.00,PE,NIFTY2691524250PE,0.00,0.00,0.00,337.60,0.00,337.60,24435.95,340.52,0,0,0,0.00,0,F1,65,,,,,
2026-08-12,2026-08-12,FO,NSE,IDO,47343,,NIFTY,,2026-09-15,2026-09-15,24550.00,PE,NIFTY2691524550PE,291.00,309.60,291.00,307.70,305.80,469.60,24435.95,307.70,260,260,4,6461477.75,4,F1,65,,,,,
2026-08-12,2026-08-12,FO,NSE,IDO,47364,,NIFTY,,2026-09-15,2026-09-15,25000.00,PE,NIFTY2691525000PE,0.00,0.00,0.00,720.10,0.00,720.10,24435.95,729.56,0,0,0,0.00,0,F1,65,,,,,
2026-08-12,2026-08-12,FO,NSE,IDO,47388,,NIFTY,,2026-09-15,2026-09-15,25450.00,PE,NIFTY2691525450PE,0.00,0.00,0.00,1030.55,0.00,1030.55,24435.95,1044.75,0,0,0,0.00,0,F1,65,,,,,
2026-08-12,2026-08-12,FO,NSE,IDO,47396,,NIFTY,,2026-09-15,2026-09-15,25600.00,PE,NIFTY2691525600PE,0.00,0.00,0.00,1144.25,0.00,1144.25,24435.95,1159.84,0,0,0,0.00,0,F1,65,,,,,
2026-08-12,2026-08-12,FO,NSE,IDO,47412,,NIFTY,,2026-09-15,2026-09-15,25750.00,PE,NIFTY2691525750PE,0.00,0.00,0.00,1263.75,0.00,1263.75,24435.95,1280.80,0,0,0,0.00,0,F1,65,,,,,
2026-08-12,2026-08-12,FO,NSE,IDO,73994,,NIFTY,,2026-09-29,2026-09-29,23500.00,PE,NIFTY26SEP23500PE,71.15,96.60,71.15,81.90,81.00,76.15,24435.95,81.90,1723800,272805,19845,30425517856.50,12165,F1,65,,,,,
2026-08-12,2026-08-12,FO,NSE,IDO,74002,,NIFTY,,2026-09-29,2026-09-29,23550.00,PE,NIFTY26SEP23550PE,85.35,102.50,81.30,88.20,86.35,81.80,24435.95,88.20,27300,-3445,199,305848091.25,129,F1,65,,,,,
2026-08-12,2026-08-12,FO,NSE,IDO,65901,,NIFTY,,2026-09-29,2026-09-29,24000.00,PE,NIFTY26SEP24000PE,160.35,196.60,148.80,166.80,164.95,157.20,24435.95,166.80,3004460,118235,21628,33991563807.50,13130,F1,65,,,,,
2026-08-12,2026-08-12,FO,NSE,IDO,74288,,NIFTY,,2026-09-29,2026-09-29,24550.00,PE,NIFTY26SEP24550PE,327.40,397.80,319.65,342.70,340.70,327.40,24435.95,342.70,23595,-1040,271,438908424.50,212,F1,65,,,,,
2026-08-12,2026-08-12,FO,NSE,IDO,74464,,NIFTY,,2026-09-29,2026-09-29,26150.00,PE,NIFTY26SEP26150PE,0.00,0.00,0.00,2098.20,0.00,2098.20,24435.95,1619.21,0,0,0,0.00,0,F1,65,,,,,
2026-08-12,2026-08-12,FO,NSE,IDO,74476,,NIFTY,,2026-09-29,2026-09-29,26350.00,PE,NIFTY26SEP26350PE,0.00,0.00,0.00,2262.90,0.00,2262.90,24435.95,1789.61,0,0,0,0.00,0,F1,65,,,,,
2026-08-12,2026-08-12,FO,NSE,IDO,74478,,NIFTY,,2026-09-29,2026-09-29,26400.00,PE,NIFTY26SEP26400PE,0.00,0.00,0.00,1700.00,1700.00,1700.00,24435.95,1833.06,195,0,0,0.00,0,F1,65,,,,,
2026-08-12,2026-08-12,FO,NSE,IDO,74484,,NIFTY,,2026-09-29,2026-09-29,26550.00,PE,NIFTY26SEP26550PE,0.00,0.00,0.00,2431.75,0.00,2431.75,24435.95,1965.22,0,0,0,0.00,0,F1,65,,,,,
2026-08-12,2026-08-12,FO,NSE,IDO,51321,,NIFTY,,2026-10-27,2026-10-27,22300.00,PE,NIFTY26OCT22300PE,32.65,37.30,32.65,34.40,34.40,32.65,24435.95,65.74,14950,1625,68,98724632.50,35,F1,65,,,,,
2026-08-12,2026-08-12,FO,NSE,IDO,51373,,NIFTY,,2026-10-27,2026-10-27,23500.00,PE,NIFTY26OCT23500PE,122.60,143.75,114.20,125.80,125.25,120.55,24435.95,125.80,421590,31590,2676,4110224465.75,1604,F1,65,,,,,
2026-08-12,2026-08-12,FO,NSE,IDO,51455,,NIFTY,,2026-10-27,2026-10-27,25350.00,PE,NIFTY26OCT25350PE,0.00,0.00,0.00,783.00,783.00,783.00,24435.95,1064.51,130,0,0,0.00,0,F1,65,,,,,
2026-08-12,2026-08-12,FO,NSE,IDO,51489,,NIFTY,,2026-10-27,2026-10-27,25950.00,PE,NIFTY26OCT25950PE,0.00,0.00,0.00,1842.30,0.00,1842.30,24435.95,1473.02,0,0,0,0.00,0,F1,65,,,,,
2026-08-12,2026-08-12,FO,NSE,IDO,58643,,NIFTY,,2026-12-29,2026-12-29,19000.00,PE,NIFTY26DEC19000PE,28.10,31.35,27.60,28.45,28.40,28.50,24435.95,28.45,613835,21320,1006,1244351254.25,595,F1,65,,,,,
2026-08-12,2026-08-12,FO,NSE,IDO,58649,,NIFTY,,2026-12-29,2026-12-29,22000.00,PE,NIFTY26DEC22000PE,74.50,82.20,73.05,78.40,78.00,74.50,24435.95,78.40,1537760,-10885,2949,4232174599.25,1643,F1,65,,,,,
2026-08-12,2026-08-12,FO,NSE,IDO,80248,,NIFTY,,2027-03-30,2027-03-30,18000.00,PE,NIFTY27MAR18000PE,0.00,0.00,0.00,37.30,37.30,37.30,24435.95,3.49,65,0,0,0.00,0,F1,65,,,,,
2026-08-12,2026-08-12,FO,NSE,IDO,71548,,NIFTY,,2027-06-29,2027-06-29,18000.00,PE,NIFTY27JUN18000PE,0.00,0.00,0.00,220.00,220.00,220.00,24435.95,10.32,230,0,0,0.00,0,F1,65,,,,,
2026-08-12,2026-08-12,FO,NSE,IDO,50984,,NIFTY,,2027-06-29,2027-06-29,27000.00,PE,NIFTY27JUN27000PE,0.00,0.00,0.00,1312.00,1312.00,1312.00,24435.95,2126.33,130,0,0,0.00,0,F1,65,,,,,
2026-08-12,2026-08-12,FO,NSE,IDO,86164,,NIFTY,,2028-06-27,2028-06-27,27000.00,PE,NIFTY28JUN27000PE,0.00,0.00,0.00,2752.35,0.00,2752.35,24435.95,1911.09,0,0,0,0.00,0,F1,65,,,,,
2026-08-12,2026-08-12,FO,NSE,IDO,67783,,NIFTY,,2028-12-26,2028-12-26,24000.00,PE,NIFTY28DEC24000PE,730.00,769.90,730.00,768.95,769.90,736.00,24435.95,768.95,4745,-130,3,4827413.50,3,F1,65,,,,,
2026-08-12,2026-08-12,FO,NSE,IDO,55527,,NIFTY,,2028-12-26,2028-12-26,31500.00,PE,NIFTY28DEC31500PE,0.00,0.00,0.00,2673.40,0.00,2673.40,24435.95,4057.87,0,0,0,0.00,0,F1,65,,,,,
2026-08-12,2026-08-12,FO,NSE,IDO,55557,,NIFTY,,2029-06-26,2029-06-26,16500.00,PE,NIFTY29JUN16500PE,0.00,0.00,0.00,8.10,0.00,8.10,24435.95,35.89,0,0,0,0.00,0,F1,65,,,,,
2026-08-12,2026-08-12,FO,NSE,IDO,89613,,NIFTY,,2029-06-26,2029-06-26,18000.00,PE,NIFTY29JUN18000PE,0.00,0.00,0.00,118.45,0.00,118.45,24435.95,84.22,0,0,0,0.00,0,F1,65,,,,,
2026-08-12,2026-08-12,FO,NSE,IDO,55559,,NIFTY,,2029-06-26,2029-06-26,19500.00,PE,NIFTY29JUN19500PE,0.00,0.00,0.00,56.00,0.00,56.00,24435.95,172.37,0,0,0,0.00,0,F1,65,,,,,
2026-08-12,2026-08-12,FO,NSE,IDO,61773,,NIFTY,,2029-12-24,2029-12-24,25000.00,PE,NIFTY29DEC25000PE,1090.00,1090.00,1090.00,1090.00,1090.00,1100.00,24435.95,1036.52,550,0,1,1695850.00,1,F1,65,,,,,
2026-08-12,2026-08-12,FO,NSE,IDO,74642,,NIFTY,,2031-06-24,2031-06-24,18000.00,PE,NIFTY31JUN18000PE,0.00,0.00,0.00,173.45,0.00,173.45,24435.95,115.49,0,0,0,0.00,0,F1,65,,,,,
2026-08-12,2026-08-12,FO,NSE,IDO,61931,,NIFTY,,2026-08-25,2026-08-25,25250.00,CE,NIFTY26AUG25250CE,17.00,17.35,9.90,11.30,11.30,17.40,24435.95,11.30,305825,85020,12114,19891206377.25,7533,F1,65,,,,,
2026-08-12,2026-08-12,FO,NSE,IDO,61929,,NIFTY,,2026-08-25,2026-08-25,25200.00,CE,NIFTY26AUG25200CE,21.80,21.80,11.55,13.65,14.05,21.30,24435.95,13.65,1782365,-60450,77983,127807105260.25,37986,F1,65,,,,,
2026-08-12,2026-08-12,FO,NSE,IDO,61793,,NIFTY,,2026-08-25,2026-08-25,24700.00,CE,NIFTY26AUG24700CE,132.50,133.65,70.60,94.20,95.70,130.75,24435.95,94.20,2135835,280345,61610,99275210450.00,41309,F1,65,,,,,
2026-08-12,2026-08-12,FO,NSE,IDO,61587,,NIFTY,,2026-08-25,2026-08-25,23950.00,CE,NIFTY26AUG23950CE,622.90,627.15,480.00,561.35,560.45,628.10,24435.95,561.35,21580,-5785,247,393120965.25,164,F1,65,,,,,
2026-08-12,2026-08-12,FO,NSE,IDO,61389,,NIFTY,,2026-08-25,2026-08-25,22450.00,CE,NIFTY26AUG22450CE,0.00,0.00,0.00,2199.25,2199.25,2199.25,24435.95,2034.95,65,0,0,0.00,0,F1,65,,,,,
2026-08-12,2026-08-12,FO,NSE,IDO,61417,,NIFTY,,2026-08-25,2026-08-25,22800.00,PE,NIFTY26AUG22800PE,2.50,5.90,2.50,4.85,5.05,5.35,24435.95,4.85,298740,2080,4378,6489633257.25,2511,F1,65,,,,,
2026-08-12,2026-08-12,FO,NSE,IDO,45247,,NIFTY,,2026-08-18,2026-08-18,26700.00,CE,NIFTY2681826700CE,0.65,2.40,0.50,0.60,0.50,0.65,24435.95,0.60,29445,3575,1592,2762988020.00,622,F1,65,,,,,
2026-08-12,2026-08-12,FO,NSE,IDO,45245,,NIFTY,,2026-08-18,2026-08-18,26650.00,CE,NIFTY2681826650CE,0.70,1.25,0.55,0.60,0.55,0.65,24435.95,0.60,19760,10140,1231,2132459010.50,442,F1,65,,,,,
2026-08-12,2026-08-12,FO,NSE,IDO,45229,,NIFTY,,2026-08-18,2026-08-18,26450.00,CE,NIFTY2681826450CE,0.70,0.95,0.55,0.65,0.55,0.65,24435.95,0.65,27820,-10855,2189,3763539747.50,818,F1,65,,,,,
2026-08-12,2026-08-12,FO,NSE,IDO,45212,,NIFTY,,2026-08-18,2026-08-18,26250.00,CE,NIFTY2681826250CE,0.65,1.05,0.55,0.65,0.65,0.65,24435.95,0.65,51740,-63310,15503,26452740284.75,2971,F1,65,,,,,
2026-08-12,2026-08-12,FO,NSE,IDO,45154,,NIFTY,,2026-08-18,2026-08-18,25150.00,CE,NIFTY2681825150CE,4.65,5.40,2.55,2.85,3.30,5.35,24435.95,2.85,1421225,337935,512837,838484284846.00,84277,F1,65,,,,,
2026-08-12,2026-08-12,FO,NSE,IDO,45150,,NIFTY,,2026-08-18,2026-08-18,25050.00,CE,NIFTY2681825050CE,8.50,8.80,4.10,4.55,4.85,8.85,24435.95,4.55,1411280,337870,363554,592083608636.00,85580,F1,65,,,,,
2026-08-12,2026-08-12,FO,NSE,IDO,45112,,NIFTY,,2026-08-18,2026-08-18,24550.00,CE,NIFTY2681824550CE,115.00,125.00,49.50,76.25,77.90,118.80,24435.95,76.25,2861235,1354080,794109,1271053613004.50,359951,F1,65,,,,,
2026-08-12,2026-08-12,FO,NSE,IDO,45058,,NIFTY,,2026-08-18,2026-08-18,23400.00,CE,NIFTY2681823400CE,1106.00,1106.05,940.00,1041.70,1045.70,1106.50,24435.95,1041.70,7020,1560,296,469716741.00,188,F1,65,,,,,
2026-08-12,2026-08-12,FO,NSE,IDO,45056,,NIFTY,,2026-08-18,2026-08-18,23350.00,CE,NIFTY2681823350CE,1050.00,1081.25,984.95,1081.25,1081.25,1301.60,24435.95,1081.25,325,0,6,9513026.25,6,F1,65,,,,,
2026-08-12,2026-08-12,FO,NSE,IDO,45043,,NIFTY,,2026-08-18,2026-08-18,23050.00,CE,NIFTY2681823050CE,0.00,0.00,0.00,1255.65,0.00,1255.65,24435.95,1409.29,0,0,0,0.00,0,F1,65,,,,,
2026-08-12,2026-08-12,FO,NSE,IDO,45003,,NIFTY,,2026-08-18,2026-08-18,22300.00,CE,NIFTY2681822300CE,0.00,0.00,0.00,1912.95,0.00,1912.95,24435.95,2158.15,0,0,0,0.00,0,F1,65,,,,,
2026-08-12,2026-08-12,FO,NSE,IDO,47281,,NIFTY,,2026-09-15,2026-09-15,23100.00,CE,NIFTY2691523100CE,0.00,0.00,0.00,1569.25,0.00,1569.25,24435.95,1539.62,0,0,0,0.00,0,F1,65,,,,,
2026-08-12,2026-08-12,FO,NSE,IDO,47321,,NIFTY,,2026-09-15,2026-09-15,24050.00,CE,NIFTY2691524050CE,0.00,0.00,0.00,826.00,0.00,826.00,24435.95,799.16,0,0,0,0.00,0,F1,65,,,,,
2026-08-12,2026-08-12,FO,NSE,IDO,47345,,NIFTY,,2026-09-15,2026-09-15,24600.00,CE,NIFTY2691524600CE,285.00,285.00,281.15,281.15,281.15,508.50,24435.95,485.72,65,65,2,3234799.75,2,F1,65,,,,,
2026-08-12,2026-08-12,FO,NSE,IDO,47347,,NIFTY,,2026-09-15,2026-09-15,24650.00,CE,NIFTY2691524650CE,0.00,0.00,0.00,484.30,0.00,484.30,24435.95,462.00,0,0,0,0.00,0,F1,65,,,,,
2026-08-12,2026-08-12,FO,NSE,IDO,47359,,NIFTY,,2026-09-15,2026-09-15,24900.00,CE,NIFTY2691524900CE,0.00,0.00,0.00,375.05,0.00,375.05,24435.95,355.18,0,0,0,0.00,0,F1,65,,,,,
2026-08-12,2026-08-12,FO,NSE,IDO,47369,,NIFTY,,2026-09-15,2026-09-15,25150.00,CE,NIFTY2691525150CE,0.00,0.00,0.00,284.50,0.00,284.50,24435.95,267.26,0,0,0,0.00,0,F1,65,,,,,
2026-08-12,2026-08-12,FO,NSE,IDO,47393,,NIFTY,,2026-09-15,2026-09-15,25550.00,CE,NIFTY2691525550CE,0.00,0.00,0.00,175.20,0.00,175.20,24435.95,162.18,0,0,0,0.00,0,F1,65,,,,,
2026-08-12,2026-08-12,FO,NSE,IDO,47429,,NIFTY,,2026-09-15,2026-09-15,26000.00,CE,NIFTY2691526000CE,0.00,0.00,0.00,95.00,0.00,95.00,24435.95,86.25,0,0,0,0.00,0,F1,65,,,,,
2026-08-12,2026-08-12,FO,NSE,IDO,73854,,NIFTY,,2026-09-29,2026-09-29,21850.00,CE,NIFTY26SEP21850CE,0.00,0.00,0.00,2455.30,0.00,2455.30,24435.95,2785.23,0,0,0,0.00,0,F1,65,,,,,
2026-08-12,2026-08-12,FO,NSE,IDO,73865,,NIFTY,,2026-09-29,2026-09-29,22000.00,CE,NIFTY26SEP22000CE,2580.00,2593.75,2498.00,2590.95,2593.75,2650.30,24435.95,2590.95,74815,10270,205,326858584.00,147,F1,65,,,,,
2026-08-12,2026-08-12,FO,NSE,IDO,73883,,NIFTY,,2026-09-29,2026-09-29,22450.00,CE,NIFTY26SEP22450CE,0.00,0.00,0.00,1843.95,1843.95,1843.95,24435.95,2215.11,65,0,0,0.00,0,F1,65,,,,,
2026-08-12,2026-08-12,FO,NSE,IDO,73885,,NIFTY,,2026-09-29,2026-09-29,22550.00,CE,NIFTY26SEP22550CE,0.00,0.00,0.00,1786.75,1786.75,1786.75,24435.95,2122.78,260,0,0,0.00,0,F1,65,,,,,
2026-08-12,2026-08-12,FO,NSE,IDO,73891,,NIFTY,,2026-09-29,2026-09-29,22700.00,CE,NIFTY26SEP22700CE,0.00,0.00,0.00,1580.85,1580.85,1580.85,24435.95,1986.22,520,0,0,0.00,0,F1,65,,,,,
2026-08-12,2026-08-12,FO,NSE,IDO,73908,,NIFTY,,2026-09-29,2026-09-29,23150.00,CE,NIFTY26SEP23150CE,0.00,0.00,0.00,1642.85,1642.85,1642.85,24435.95,1594.02,325,0,0,0.00,0,F1,65,,,,,
2026-08-12,2026-08-12,FO,NSE,IDO,74112,,NIFTY,,2026-09-29,2026-09-29,24350.00,CE,NIFTY26SEP24350CE,573.00,579.15,481.00,530.85,535.65,573.00,24435.95,530.85,10465,3640,158,255321644.50,130,F1,65,,,,,
2026-08-12,2026-08-12,FO,NSE,IDO,74289,,NIFTY,,2026-09-29,2026-09-29,24600.00,CE,NIFTY26SEP24600CE,426.55,430.25,337.10,383.30,384.65,426.55,24435.95,383.30,317200,64870,4060,6588477317.50,3180,F1,65,,,,,
2026-08-12,2026-08-12,FO,NSE,IDO,74351,,NIFTY,,2026-09-29,2026-09-29,24650.00,CE,NIFTY26SEP24650CE,375.00,401.00,317.65,359.15,361.15,400.15,24435.95,359.15,26455,7540,337,547417695.50,225,F1,65,,,,,
2026-08-12,2026-08-12,FO,NSE,IDO,74355,,NIFTY,,2026-09-29,2026-09-29,24750.00,CE,NIFTY26SEP24750CE,370.00,370.00,270.85,309.35,309.55,348.25,24435.95,309.35,36660,2080,242,393944473.00,186,F1,65,,,,,
2026-08-12,2026-08-12,FO,NSE,IDO,74365,,NIFTY,,2026-09-29,2026-09-29,25000.00,CE,NIFTY26SEP25000CE,233.60,239.25,178.85,206.05,206.60,238.15,24435.95,206.05,1978080,184795,20737,33963544650.75,13264,F1,65,,,,,
2026-08-12,2026-08-12,FO,NSE,IDO,74395,,NIFTY,,2026-09-29,2026-09-29,25450.00,CE,NIFTY26SEP25450CE,0.00,0.00,0.00,366.00,0.00,366.00,24435.95,279.77,0,0,0,0.00,0,F1,65,,,,,
2026-08-12,2026-08-12,FO,NSE,IDO,74397,,NIFTY,,2026-09-29,2026-09-29,25550.00,CE,NIFTY26SEP25550CE,0.00,0.00,0.00,340.30,0.00,340.30,24435.95,252.45,0,0,0,0.00,0,F1,65,,,,,
2026-08-12,2026-08-12,FO,NSE,IDO,74416,,NIFTY,,2026-09-29,2026-09-29,25700.00,CE,NIFTY26SEP25700CE,59.20,60.45,44.30,50.00,50.70,60.30,24435.95,50.00,186160,7995,3606,6035298304.75,2455,F1,65,,,,,
2026-08-12,2026-08-12,FO,NSE,IDO,74426,,NIFTY,,2026-09-29,2026-09-29,25900.00,CE,NIFTY26SEP25900CE,0.00,0.00,0.00,261.75,0.00,261.75,24435.95,173.15,0,0,0,0.00,0,F1,65,,,,,
2026-08-12,2026-08-12,FO,NSE,IDO,74438,,NIFTY,,2026-09-29,2026-09-29,26050.00,CE,NIFTY26SEP26050CE,0.00,0.00,0.00,232.80,0.00,232.80,24435.95,145.91,0,0,0,0.00,0,F1,65,,,,,
2026-08-12,2026-08-12,FO,NSE,IDO,74479,,NIFTY,,2026-09-29,2026-09-29,26450.00,CE,NIFTY26SEP26450CE,0.00,0.00,0.00,168.30,0.00,168.30,24435.95,89.97,0,0,0,0.00,0,F1,65,,,,,
2026-08-12,2026-08-12,FO,NSE,IDO,74491,,NIFTY,,2026-09-29,2026-09-29,26750.00,CE,NIFTY26SEP26750CE,0.00,0.00,0.00,130.35,0.00,130.35,24435.95,60.99,0,0,0,0.00,0,F1,65,,,,,
2026-08-12,2026-08-12,FO,NSE,IDO,65923,,NIFTY,,2026-09-29,2026-09-29,30000.00,CE,NIFTY26SEP30000CE,2.50,3.00,2.30,2.70,2.65,2.55,24435.95,2.70,311145,-2795,143,278874982.75,28,F1,65,,,,,
2026-08-12,2026-08-12,FO,NSE,IDO,51332,,NIFTY,,2026-10-27,2026-10-27,22550.00,CE,NIFTY26OCT22550CE,0.00,0.00,0.00,1962.00,0.00,1962.00,24435.95,2282.47,0,0,0,0.00,0,F1,65,,,,,
2026-08-12,2026-08-12,FO,NSE,IDO,51390,,NIFTY,,2026-10-27,2026-10-27,23950.00,CE,NIFTY26OCT23950CE,0.00,0.00,0.00,1007.10,0.00,1007.10,24435.95,1200.73,0,0,0,0.00,0,F1,65,,,,,
2026-08-12,2026-08-12,FO,NSE,IDO,51444,,NIFTY,,2026-10-27,2026-10-27,25100.00,CE,NIFTY26OCT25100CE,326.00,335.00,282.00,308.70,314.20,341.70,24435.95,308.70,7540,1495,209,345033321.75,154,F1,65,,,,,
2026-08-12,2026-08-12,FO,NSE,IDO,51452,,NIFTY,,2026-10-27,2026-10-27,25300.00,CE,NIFTY26OCT25300CE,0.00,0.00,0.00,432.40,0.00,432.40,24435.95,512.65,0,0,0,0.00,0,F1,65,,,,,
2026-08-12,2026-08-12,FO,NSE,IDO,51468,,NIFTY,,2026-10-27,2026-10-27,25500.00,CE,NIFTY26OCT25500CE,201.70,201.70,160.70,178.30,182.45,202.15,24435.95,178.30,684905,84045,4862,8113509209.00,3470,F1,65,,,,,
2026-08-12,2026-08-12,FO,NSE,IDO,51472,,NIFTY,,2026-10-27,2026-10-27,25600.00,CE,NIFTY26OCT25600CE,162.30,166.10,137.00,152.00,153.80,174.35,24435.95,152.00,13585,7345,262,438449098.75,169,F1,65,,,,,
2026-08-12,2026-08-12,FO,NSE,IDO,51482,,NIFTY,,2026-10-27,2026-10-27,25800.00,CE,NIFTY26OCT25800CE,0.00,0.00,0.00,301.05,0.00,301.05,24435.95,350.90,0,0,0,0.00,0,F1,65,,,,,
2026-08-12,2026-08-12,FO,NSE,IDO,51494,,NIFTY,,2026-10-27,2026-10-27,26100.00,CE,NIFTY26OCT26100CE,0.00,0.00,0.00,237.65,0.00,237.65,24435.95,276.09,0,0,0,0.00,0,F1,65,,,,,
2026-08-12,2026-08-12,FO,NSE,IDO,51518,,NIFTY,,2026-10-27,2026-10-27,26700.00,CE,NIFTY26OCT26700CE,0.00,0.00,0.00,144.45,0.00,144.45,24435.95,162.51,0,0,0,0.00,0,F1,65,,,,,
2026-08-12,2026-08-12,FO,NSE,IDO,71503,,NIFTY,,2026-12-29,2026-12-29,25000.00,CE,NIFTY26DEC25000CE,729.95,729.95,641.00,682.80,690.00,726.75,24435.95,682.80,2189480,-2410,4482,7479150406.00,2920,F1,65,,,,,
2026-08-12,2026-08-12,FO,NSE,IDO,71505,,NIFTY,,2026-12-29,2026-12-29,26000.00,CE,NIFTY26DEC26000CE,297.60,302.80,263.00,283.75,288.35,302.60,24435.95,283.75,2803965,6990,6077,10378811537.25,3510,F1,65,,,,,
2026-08-12,2026-08-12,FO,NSE,IDO,35262,,NIFTY,,2027-06-29,2027-06-29,30000.00,CE,NIFTY27JUN30000CE,0.00,0.00,0.00,1478.40,0.00,1478.40,24435.95,374.51,0,0,0,0.00,0,F1,65,,,,,
2026-08-12,2026-08-12,FO,NSE,IDO,53624,,NIFTY,,2027-12-28,2027-12-28,24000.00,CE,NIFTY27DEC24000CE,2999.00,2999.00,2941.25,2941.25,2941.25,3013.95,24435.95,3321.11,26520,0,3,5258321.25,3,F1,65,,,,,
2026-08-12,2026-08-12,FO,NSE,IDO,67770,,NIFTY,,2028-12-26,2028-12-26,18000.00,CE,NIFTY28DEC18000CE,0.00,0.00,0.00,9380.30,0.00,9380.30,24435.95,9102.29,0,0,0,0.00,0,F1,65,,,,,
2026-08-12,2026-08-12,FO,NSE,IDO,67782,,NIFTY,,2028-12-26,2028-12-26,24000.00,CE,NIFTY28DEC24000CE,4691.25,4691.25,4691.25,4691.25,4691.25,4800.00,24435.95,4740.07,455,0,1,1864931.25,1,F1,65,,,,,
2026-08-12,2026-08-12,FO,NSE,IDO,55522,,NIFTY,,2028-12-26,2028-12-26,25500.00,CE,NIFTY28DEC25500CE,0.00,0.00,0.00,3800.00,3800.00,3800.00,24435.95,3882.00,0,0,0,0.00,0,F1,65,,,,,
2026-08-12,2026-08-12,FO,NSE,IDO,67790,,NIFTY,,2028-12-26,2028-12-26,28000.00,CE,NIFTY28DEC28000CE,2150.00,2150.00,2150.00,2150.00,2150.00,2274.05,24435.95,2702.39,8395,0,1,1959750.00,1,F1,65,,,,,
2026-08-12,2026-08-12,FO,NSE,IDO,55524,,NIFTY,,2028-12-26,2028-12-26,28500.00,CE,NIFTY28DEC28500CE,0.00,0.00,0.00,3608.65,0.00,3608.65,24435.95,2503.00,0,0,0,0.00,0,F1,65,,,,,
2026-08-12,2026-08-12,FO,NSE,IDO,42759,,NIFTY,,2026-09-08,2026-09-08,26150.00,CE,NIFTY2690826150CE,0.00,0.00,0.00,99.35,0.00,99.35,24435.95,41.26,0,0,0,0.00,0,F1,65,,,,,
2026-08-12,2026-08-12,FO,NSE,IDO,42707,,NIFTY,,2026-09-08,2026-09-08,25400.00,CE,NIFTY2690825400CE,0.00,0.00,0.00,259.40,0.00,259.40,24435.95,144.57,0,0,0,0.00,0,F1,65,,,,,
2026-08-12,2026-08-12,FO,NSE,IDO,42641,,NIFTY,,2026-09-08,2026-09-08,24050.00,CE,NIFTY2690824050CE,0.00,0.00,0.00,931.90,0.00,931.90,24435.95,725.20,0,0,0,0.00,0,F1,65,,,,,
2026-08-12,2026-08-12,FO,NSE,IDO,42593,,NIFTY,,2026-09-08,2026-09-08,23050.00,CE,NIFTY2690823050CE,0.00,0.00,0.00,1746.80,0.00,1746.80,24435.95,1528.66,0,0,0,0.00,0,F1,65,,,,,
2026-08-12,2026-08-12,FO,NSE,IDO,42583,,NIFTY,,2026-09-08,2026-09-08,22800.00,CE,NIFTY2690822800CE,0.00,0.00,0.00,1977.10,0.00,1977.10,24435.95,1760.55,0,0,0,0.00,0,F1,65,,,,,
2026-08-12,2026-08-12,FO,NSE,IDO,47094,,NIFTY,,2026-09-01,2026-09-01,26650.00,CE,NIFTY2690126650CE,0.00,0.00,0.00,2.50,2.50,2.50,24435.95,5.55,1495,0,0,0.00,0,F1,65,,,,,
2026-08-12,2026-08-12,FO,NSE,IDO,47065,,NIFTY,,2026-09-01,2026-09-01,26000.00,CE,NIFTY2690126000CE,4.95,5.40,4.20,4.35,4.25,5.70,24435.95,4.35,129220,5135,1749,2956336734.00,922,F1,65,,,,,
2026-08-12,2026-08-12,FO,NSE,IDO,47059,,NIFTY,,2026-09-01,2026-09-01,25850.00,CE,NIFTY2690125850CE,6.50,6.50,5.45,5.70,5.45,7.45,24435.95,5.70,18850,0,92,154618298.25,54,F1,65,,,,,
2026-08-12,2026-08-12,FO,NSE,IDO,47041,,NIFTY,,2026-09-01,2026-09-01,25400.00,CE,NIFTY2690125400CE,26.35,27.30,16.55,19.25,19.50,27.60,24435.95,19.25,248040,20540,4947,8173765060.50,2918,F1,65,,,,,
2026-08-12,2026-08-12,FO,NSE,IDO,55332,,NIFTY,,2026-12-29,2026-12-29,31500.00,CE,NIFTY26DEC31500CE,9.00,9.30,8.05,9.30,9.30,9.15,24435.95,12.23,31070,0,24,49154033.50,17,F1,65,,,,,
2026-08-12,2026-08-12,FO,NSE,IDO,80272,,NIFTY,,2027-03-30,2027-03-30,24000.00,CE,NIFTY27MAR24000CE,1789.00,1810.90,1692.20,1759.85,1763.00,1807.95,24435.95,1759.85,256490,1235,241,403044222.75,191,F1,65,,,,,
2026-08-12,2026-08-12,FO,NSE,IDO,45006,,NIFTY,,2026-08-18,2026-08-18,22350.00,PE,NIFTY2681822350PE,1.30,1.50,1.00,1.20,1.05,1.35,24435.95,1.20,25090,4875,2380,3457732489.25,1179,F1,65,,,,,
2026-08-12,2026-08-12,FO,NSE,IDO,61910,,NIFTY,,2026-08-25,2026-08-25,25050.00,PE,NIFTY26AUG25050PE,592.10,690.75,546.65,600.35,600.35,541.80,24435.95,600.35,8255,-455,116,193524428.50,116,F1,65,,,,,
2026-08-12,2026-08-12,FO,NSE,IDO,47034,,NIFTY,,2026-09-01,2026-09-01,25200.00,PE,NIFTY2690125200PE,731.45,810.00,731.45,790.00,790.00,670.35,24435.95,815.87,65,65,4,6752235.75,4,F1,65,,,,,
2026-08-12,2026-08-12,FO,NSE,IDO,47107,,NIFTY,,2026-09-01,2026-09-01,26900.00,PE,NIFTY2690126900PE,0.00,0.00,0.00,2549.75,0.00,2549.75,24435.95,2377.64,0,0,0,0.00,0,F1,65,,,,,
2026-08-12,2026-08-12,FO,NSE,IDO,42588,,NIFTY,,2026-09-08,2026-09-08,22900.00,PE,NIFTY2690822900PE,15.00,16.50,14.85,16.50,16.50,16.50,24435.95,28.48,3120,585,17,25321442.25,10,F1,65,,,,,
2026-08-12,2026-08-12,FO,NSE,IDO,46965,,NIFTY,,2026-09-01,2026-09-01,23500.00,CE,NIFTY2690123500CE,1030.00,1030.00,946.20,1024.00,1024.00,1088.00,24435.95,1024.00,520,130,6,9548519.50,6,F1,65,,,,,
2026-08-12,2026-08-12,FO,NSE,IDO,46927,,NIFTY,,2026-09-01,2026-09-01,22550.00,CE,NIFTY2690122550CE,0.00,0.00,0.00,1849.95,0.00,1849.95,24435.95,1965.74,0,0,0,0.00,0,F1,65,,,,,
2026-08-12,2026-08-12,FO,NSE,IDO,61428,,NIFTY,,2026-08-25,2026-08-25,23000.00,CE,NIFTY26AUG23000CE,1501.55,1549.05,1372.00,1474.45,1475.45,1541.70,24435.95,1474.45,469755,-39260,1017,1616176165.50,764,F1,65,,,,,
2026-08-12,2026-08-12,FO,NSE,IDO,45080,,NIFTY,,2026-08-18,2026-08-18,23850.00,CE,NIFTY2681823850CE,619.10,665.35,500.00,598.25,602.10,669.80,24435.95,598.25,21905,4550,640,1015382361.50,550,F1,65,,,,,
2026-08-12,2026-08-12,FO,NSE,IDO,45052,,NIFTY,,2026-08-18,2026-08-18,23250.00,CE,NIFTY2681823250CE,1471.95,1471.95,1144.00,1144.00,1144.00,1401.90,24435.95,1210.53,65,-195,13,20721051.00,7,F1,65,,,,,
2026-08-12,2026-08-12,FO,NSE,IDO,45039,,NIFTY,,2026-08-18,2026-08-18,23000.00,CE,NIFTY2681823000CE,1474.00,1483.30,1333.60,1441.55,1440.90,1510.60,24435.95,1441.55,42640,4940,138,218685918.75,109,F1,65,,,,,
2026-08-12,2026-08-12,FO,NSE,IDO,44983,,NIFTY,,2026-08-18,2026-08-18,22000.00,CE,NIFTY2681822000CE,2500.00,2500.00,2360.00,2365.00,2365.00,2498.10,24435.95,2457.85,4095,1495,26,41335528.00,26,F1,65,,,,,
2026-08-12,2026-08-12,FO,NSE,IDO,42636,,NIFTY,,2026-09-08,2026-09-08,23900.00,PE,NIFTY2690823900PE,0.00,0.00,0.00,187.10,0.00,187.10,24435.95,185.58,0,0,0,0.00,0,F1,65,,,,,
2026-08-12,2026-08-12,FO,NSE,IDO,47294,,NIFTY,,2026-09-15,2026-09-15,23400.00,PE,NIFTY2691523400PE,0.00,0.00,0.00,105.40,0.00,105.40,24435.95,104.95,0,0,0,0.00,0,F1,65,,,,,
2026-08-12,2026-08-12,FO,NSE,IDO,73884,,NIFTY,,2026-09-29,2026-09-29,22450.00,PE,NIFTY26SEP22450PE,22.00,23.95,20.40,21.65,21.65,21.65,24435.95,21.65,7410,1300,87,127080164.25,51,F1,65,,,,,
2026-08-12,2026-08-12,FO,NSE,IDO,42687,,NIFTY,,2026-09-08,2026-09-08,25050.00,CE,NIFTY2690825050CE,0.00,0.00,0.00,381.40,0.00,381.40,24435.95,236.90,0,0,0,0.00,0,F1,65,,,,,
2026-08-12,2026-08-12,FO,NSE,IDO,42735,,NIFTY,,2026-09-08,2026-09-08,25850.00,CE,NIFTY2690825850CE,0.00,0.00,0.00,149.20,0.00,149.20,24435.95,70.38,0,0,0,0.00,0,F1,65,,,,,
2026-08-12,2026-08-12,FO,NSE,IDO,47385,,NIFTY,,2026-09-15,2026-09-15,25400.00,CE,NIFTY2691525400CE,0.00,0.00,0.00,211.35,0.00,211.35,24435.95,197.79,0,0,0,0.00,0,F1,65,,,,,
2026-08-12,2026-08-12,FO,NSE,IDO,73899,,NIFTY,,2026-09-29,2026-09-29,22900.00,CE,NIFTY26SEP22900CE,0.00,0.00,0.00,1917.75,1917.75,1917.75,24435.95,1808.35,585,0,0,0.00,0,F1,65,,,,,
2026-08-12,2026-08-12,FO,NSE,IDO,74442,,NIFTY,,2026-09-29,2026-09-29,26100.00,CE,NIFTY26SEP26100CE,0.00,0.00,0.00,223.80,0.00,223.80,24435.95,137.65,0,0,0,0.00,0,F1,65,,,,,
2026-08-12,2026-08-12,FO,NSE,IDO,65906,,NIFTY,,2026-09-29,2026-09-29,27000.00,CE,NIFTY26SEP27000CE,6.35,6.70,5.50,6.05,6.10,6.30,24435.95,6.05,1677390,-6045,3519,6177214364.75,1461,F1,65,,,,,
2026-08-12,2026-08-12,FO,NSE,IDO,42579,,NIFTY,,2026-09-08,2026-09-08,22700.00,CE,NIFTY2690822700CE,0.00,0.00,0.00,2071.05,0.00,2071.05,24435.95,1855.30,0,0,0,0.00,0,F1,65,,,,,
2026-08-12,2026-08-12,FO,NSE,IDO,47117,,NIFTY,,2026-09-01,2026-09-01,27150.00,CE,NIFTY2690127150CE,0.00,0.00,0.00,1.85,1.85,1.85,24435.95,1.32,455,0,0,0.00,0,F1,65,,,,,
2026-08-12,2026-08-12,FO,NSE,IDO,55565,,NIFTY,,2029-06-26,2029-06-26,28500.00,PE,NIFTY29JUN28500PE,0.00,0.00,0.00,1349.10,0.00,1349.10,24435.95,2285.05,0,0,0,0.00,0,F1,65,,,,,
2026-08-12,2026-08-12,FO,NSE,IDO,89649,,NIFTY,,2029-06-26,2029-06-26,33000.00,PE,NIFTY29JUN33000PE,0.00,0.00,0.00,3022.85,0.00,3022.85,24435.95,4560.99,0,0,0,0.00,0,F1,65,,,,,
2026-08-12,2026-08-12,FO,NSE,IDO,55603,,NIFTY,,2029-12-24,2029-12-24,22500.00,PE,NIFTY29DEC22500PE,0.00,0.00,0.00,225.70,0.00,225.70,24435.95,530.50,0,0,0,0.00,0,F1,65,,,,,
2026-08-12,2026-08-12,FO,NSE,IDO,61795,,NIFTY,,2029-12-24,2029-12-24,27000.00,PE,NIFTY29DEC27000PE,0.00,0.00,0.00,1177.90,0.00,1177.90,24435.95,1604.73,0,0,0,0.00,0,F1,65,,,,,
2026-08-12,2026-08-12,FO,NSE,IDO,55607,,NIFTY,,2029-12-24,2029-12-24,28500.00,PE,NIFTY29DEC28500PE,0.00,0.00,0.00,1255.90,0.00,1255.90,24435.95,2130.96,0,0,0,0.00,0,F1,65,,,,,
2026-08-12,2026-08-12,FO,NSE,IDO,74654,,NIFTY,,2031-06-24,2031-06-24,27000.00,PE,NIFTY31JUN27000PE,0.00,0.00,0.00,1653.15,0.00,1653.15,24435.95,1336.76,0,0,0,0.00,0,F1,65,,,,,
2026-08-12,2026-08-12,FO,NSE,IDO,45011,,NIFTY,,2026-08-18,2026-08-18,22450.00,CE,NIFTY2681822450CE,0.00,0.00,0.00,1774.75,0.00,1774.75,24435.95,2008.31,0,0,0,0.00,0,F1,65,,,,,
2026-08-12,2026-08-12,FO,NSE,IDO,45023,,NIFTY,,2026-08-18,2026-08-18,22700.00,CE,NIFTY2681822700CE,0.00,0.00,0.00,1551.05,0.00,1551.05,24435.95,1758.58,0,0,0,0.00,0,F1,65,,,,,
2026-08-12,2026-08-12,FO,NSE,IDO,45084,,NIFTY,,2026-08-18,2026-08-18,23950.00,CE,NIFTY2681823950CE,560.10,580.40,410.05,503.35,508.60,570.00,24435.95,503.35,33085,20540,2518,3996195622.25,1870,F1,65,,,,,
2026-08-12,2026-08-12,FO,NSE,IDO,45102,,NIFTY,,2026-08-18,2026-08-18,24300.00,CE,NIFTY2681824300CE,280.45,285.55,150.20,207.80,211.00,270.60,24435.95,207.80,2388555,1854775,1283886,2042894595348.75,692287,F1,65,,,,,
2026-08-12,2026-08-12,FO,NSE,IDO,45104,,NIFTY,,2026-08-18,2026-08-18,24350.00,CE,NIFTY2681824350CE,237.00,248.35,123.80,174.90,177.95,234.70,24435.95,174.90,1469065,1286090,952776,1517707365323.50,559153,F1,65,,,,,
2026-08-12,2026-08-12,FO,NSE,IDO,45162,,NIFTY,,2026-08-18,2026-08-18,25300.00,CE,NIFTY2681825300CE,2.50,3.35,1.55,1.75,1.85,3.15,24435.95,1.75,2982525,386425,641467,1054995939539.75,88664,F1,65,,,,,
2026-08-12,2026-08-12,FO,NSE,IDO,45164,,NIFTY,,2026-08-18,2026-08-18,25350.00,CE,NIFTY2681825350CE,2.25,2.95,1.45,1.65,1.65,2.70,24435.95,1.65,1295190,-46930,358308,590455070432.50,52555,F1,65,,,,,
2026-08-12,2026-08-12,FO,NSE,IDO,45166,,NIFTY,,2026-08-18,2026-08-18,25400.00,CE,NIFTY2681825400CE,2.05,2.60,1.30,1.45,1.55,2.25,24435.95,1.45,2621905,8515,502294,829353143768.50,72651,F1,65,,,,,
2026-08-12,2026-08-12,FO,NSE,IDO,45210,,NIFTY,,2026-08-18,2026-08-18,26200.00,CE,NIFTY2681826200CE,0.65,0.95,0.60,0.70,0.75,0.70,24435.95,0.70,259220,-156845,37674,64160667379.25,10490,F1,65,,,,,
2026-08-12,2026-08-12,FO,NSE,IDO,45243,,NIFTY,,2026-08-18,2026-08-18,26600.00,CE,NIFTY2681826600CE,1.05,1.10,0.55,0.60,0.55,0.70,24435.95,0.60,48555,37375,3148,5443040674.50,1032,F1,65,,,,,
2026-08-12,2026-08-12,FO,NSE,IDO,45249,,NIFTY,,2026-08-18,2026-08-18,26750.00,CE,NIFTY2681826750CE,0.80,1.05,0.50,0.60,0.55,0.75,24435.95,0.60,8775,7150,612,1064143661.75,253,F1,65,,,,,
2026-08-12,2026-08-12,FO,NSE,IDO,45261,,NIFTY,,2026-08-18,2026-08-18,27000.00,CE,NIFTY2681827000CE,0.50,0.75,0.45,0.50,0.45,0.55,24435.95,0.50,390975,-54210,45222,79366268783.75,7603,F1,65,,,,,
2026-08-12,2026-08-12,FO,NSE,IDO,61356,,NIFTY,,2026-08-25,2026-08-25,22100.00,CE,NIFTY26AUG22100CE,0.00,0.00,0.00,2281.05,0.00,2281.05,24435.95,2383.70,0,0,0,0.00,0,F1,65,,,,,
2026-08-12,2026-08-12,FO,NSE,IDO,61399,,NIFTY,,2026-08-25,2026-08-25,22550.00,CE,NIFTY26AUG22550CE,0.00,0.00,0.00,1773.25,1773.25,1773.25,24435.95,1935.52,130,0,0,0.00,0,F1,65,,,,,
2026-08-12,2026-08-12,FO,NSE,IDO,61409,,NIFTY,,2026-08-25,2026-08-25,22700.00,CE,NIFTY26AUG22700CE,0.00,0.00,0.00,1610.65,1610.60,1610.65,24435.95,1786.75,5850,0,0,0.00,0,F1,65,,,,,
2026-08-12,2026-08-12,FO,NSE,IDO,61445,,NIFTY,,2026-08-25,2026-08-25,23200.00,CE,NIFTY26AUG23200CE,1295.40,1295.40,1179.00,1268.60,1268.60,1332.00,24435.95,1298.68,25740,-325,19,30147962.00,14,F1,65,,,,,
2026-08-12,2026-08-12,FO,NSE,IDO,61468,,NIFTY,,2026-08-25,2026-08-25,23400.00,CE,NIFTY26AUG23400CE,1084.70,1097.60,977.95,1073.35,1073.55,1151.55,24435.95,1073.35,21905,520,63,100089336.75,62,F1,65,,,,,
2026-08-12,2026-08-12,FO,NSE,IDO,61517,,NIFTY,,2026-08-25,2026-08-25,23600.00,CE,NIFTY26AUG23600CE,923.20,955.00,785.65,880.25,885.40,948.60,24435.95,880.25,215020,-2665,306,486336955.00,234,F1,65,,,,,
2026-08-12,2026-08-12,FO,NSE,IDO,61671,,NIFTY,,2026-08-25,2026-08-25,24250.00,CE,NIFTY26AUG24250CE,394.05,394.05,265.00,326.35,328.85,385.95,24435.95,326.35,107835,18785,6089,9714747786.25,4809,F1,65,,,,,
2026-08-12,2026-08-12,FO,NSE,IDO,61685,,NIFTY,,2026-08-25,2026-08-25,24300.00,CE,NIFTY26AUG24300CE,349.45,360.50,234.85,292.60,295.05,351.10,24435.95,292.60,1458795,644735,65399,104440895406.25,42590,F1,65,,,,,
2026-08-12,2026-08-12,FO,NSE,IDO,61778,,NIFTY,,2026-08-25,2026-08-25,24650.00,CE,NIFTY26AUG24650CE,154.10,155.65,84.05,111.60,113.55,151.50,24435.95,111.60,714415,9685,21390,34421952249.75,15762,F1,65,,,,,
2026-08-12,2026-08-12,FO,NSE,IDO,61921,,NIFTY,,2026-08-25,2026-08-25,25150.00,CE,NIFTY26AUG25150CE,27.00,27.00,13.70,17.15,17.35,25.85,24435.95,17.15,196430,55575,11433,18702757622.25,7552,F1,65,,,,,
2026-08-12,2026-08-12,FO,NSE,IDO,62242,,NIFTY,,2026-08-25,2026-08-25,27200.00,CE,NIFTY26AUG27200CE,0.85,0.90,0.65,0.70,0.70,0.70,24435.95,0.70,40300,-195,128,226309785.00,41,F1,65,,,,,
2026-08-12,2026-08-12,FO,NSE,IDO,46909,,NIFTY,,2026-09-01,2026-09-01,22100.00,CE,NIFTY2690122100CE,0.00,0.00,0.00,2265.95,0.00,2265.95,24435.95,2410.24,0,0,0,0.00,0,F1,65,,,,,
2026-08-12,2026-08-12,FO,NSE,IDO,46911,,NIFTY,,2026-09-01,2026-09-01,22150.00,CE,NIFTY2690122150CE,0.00,0.00,0.00,2218.80,0.00,2218.80,24435.95,2360.62,0,0,0,0.00,0,F1,65,,,,,
2026-08-12,2026-08-12,FO,NSE,IDO,46989,,NIFTY,,2026-09-01,2026-09-01,24100.00,CE,NIFTY2690124100CE,550.00,550.00,437.15,501.05,500.50,568.65,24435.95,501.05,18330,2210,131,209202051.50,108,F1,65,,,,,
2026-08-12,2026-08-12,FO,NSE,IDO,47110,,NIFTY,,2026-09-01,2026-09-01,27000.00,CE,NIFTY2690127000CE,1.85,2.45,1.50,1.80,1.75,1.80,24435.95,1.80,16835,6175,255,447556993.00,132,F1,65,,,,,
2026-08-12,2026-08-12,FO,NSE,IDO,42637,,NIFTY,,2026-09-08,2026-09-08,23950.00,CE,NIFTY2690823950CE,0.00,0.00,0.00,1004.15,0.00,1004.15,24435.95,793.21,0,0,0,0.00,0,F1,65,,,,,
2026-08-12,2026-08-12,FO,NSE,IDO,42647,,NIFTY,,2026-09-08,2026-09-08,24200.00,CE,NIFTY2690824200CE,472.00,490.05,426.00,485.20,490.05,830.25,24435.95,485.20,1755,1755,55,88127006.50,41,F1,65,,,,,
2026-08-12,2026-08-12,FO,NSE,IDO,42661,,NIFTY,,2026-09-08,2026-09-08,24500.00,CE,NIFTY2690824500CE,346.15,346.65,250.05,298.40,302.00,345.05,24435.95,298.40,50245,33410,1298,2091239540.00,1087,F1,65,,,,,
2026-08-12,2026-08-12,FO,NSE,IDO,42675,,NIFTY,,2026-09-08,2026-09-08,24850.00,CE,NIFTY2690824850CE,171.60,171.60,125.00,143.45,143.60,176.00,24435.95,143.45,4875,4745,95,154334488.75,49,F1,65,,,,,
2026-08-12,2026-08-12,FO,NSE,IDO,42699,,NIFTY,,2026-09-08,2026-09-08,25250.00,CE,NIFTY2690825250CE,0.00,0.00,0.00,307.50,0.00,307.50,24435.95,179.74,0,0,0,0.00,0,F1,65,,,,,
2026-08-12,2026-08-12,FO,NSE,IDO,42705,,NIFTY,,2026-09-08,2026-09-08,25350.00,CE,NIFTY2690825350CE,0.00,0.00,0.00,274.75,0.00,274.75,24435.95,155.68,0,0,0,0.00,0,F1,65,,,,,
2026-08-12,2026-08-12,FO,NSE,IDO,42745,,NIFTY,,2026-09-08,2026-09-08,26000.00,CE,NIFTY2690826000CE,10.60,10.60,6.65,7.85,8.25,10.55,24435.95,7.85,20410,16445,542,916277115.00,264,F1,65,,,,,
2026-08-12,2026-08-12,FO,NSE,IDO,42763,,NIFTY,,2026-09-08,2026-09-08,26250.00,CE,NIFTY2690826250CE,0.00,0.00,0.00,86.15,0.00,86.15,24435.95,34.20,0,0,0,0.00,0,F1,65,,,,,
2026-08-12,2026-08-12,FO,NSE,IDO,47291,,NIFTY,,2026-09-15,2026-09-15,23350.00,CE,NIFTY2691523350CE,0.00,0.00,0.00,1354.25,0.00,1354.25,24435.95,1324.94,0,0,0,0.00,0,F1,65,,,,,
2026-08-12,2026-08-12,FO,NSE,IDO,47317,,NIFTY,,2026-09-15,2026-09-15,23950.00,CE,NIFTY2691523950CE,0.00,0.00,0.00,893.55,0.00,893.55,24435.95,866.17,0,0,0,0.00,0,F1,65,,,,,
2026-08-12,2026-08-12,FO,NSE,IDO,47367,,NIFTY,,2026-09-15,2026-09-15,25100.00,CE,NIFTY2691525100CE,0.00,0.00,0.00,301.20,0.00,301.20,24435.95,283.40,0,0,0,0.00,0,F1,65,,,,,
2026-08-12,2026-08-12,FO,NSE,IDO,47413,,NIFTY,,2026-09-15,2026-09-15,25800.00,CE,NIFTY2691525800CE,0.00,0.00,0.00,125.80,0.00,125.80,24435.95,115.24,0,0,0,0.00,0,F1,65,,,,,
2026-08-12,2026-08-12,FO,NSE,IDO,47435,,NIFTY,,2026-09-15,2026-09-15,26050.00,CE,NIFTY2691526050CE,0.00,0.00,0.00,88.40,0.00,88.40,24435.95,80.03,0,0,0,0.00,0,F1,65,,,,,
2026-08-12,2026-08-12,FO,NSE,IDO,73873,,NIFTY,,2026-09-29,2026-09-29,22200.00,CE,NIFTY26SEP22200CE,0.00,0.00,0.00,2158.90,0.00,2158.90,24435.95,2449.75,0,0,0,0.00,0,F1,65,,,,,
2026-08-12,2026-08-12,FO,NSE,IDO,73895,,NIFTY,,2026-09-29,2026-09-29,22800.00,CE,NIFTY26SEP22800CE,0.00,0.00,0.00,1650.50,1650.50,1650.50,24435.95,1896.64,455,0,0,0.00,0,F1,65,,,,,
2026-08-12,2026-08-12,FO,NSE,IDO,73903,,NIFTY,,2026-09-29,2026-09-29,23000.00,CE,NIFTY26SEP23000CE,1700.00,1700.60,1545.00,1637.40,1636.40,1695.65,24435.95,1637.40,122460,260,377,602594057.00,253,F1,65,,,,,
2026-08-12,2026-08-12,FO,NSE,IDO,74007,,NIFTY,,2026-09-29,2026-09-29,23700.00,CE,NIFTY26SEP23700CE,1020.00,1040.00,945.70,945.70,945.70,1070.00,24435.95,1163.11,16185,520,35,56159242.75,34,F1,65,,,,,
2026-08-12,2026-08-12,FO,NSE,IDO,74372,,NIFTY,,2026-09-29,2026-09-29,25200.00,CE,NIFTY26SEP25200CE,164.95,165.90,122.00,140.60,143.00,166.15,24435.95,140.60,389220,149955,6939,11427172367.00,4309,F1,65,,,,,
2026-08-12,2026-08-12,FO,NSE,IDO,74407,,NIFTY,,2026-09-29,2026-09-29,25600.00,CE,NIFTY26SEP25600CE,66.55,79.90,54.55,62.15,62.25,75.00,24435.95,62.15,117130,36010,4140,6905312521.25,3085,F1,65,,,,,
2026-08-12,2026-08-12,FO,NSE,IDO,74465,,NIFTY,,2026-09-29,2026-09-29,26200.00,CE,NIFTY26SEP26200CE,21.90,21.90,17.05,18.50,19.15,21.35,24435.95,18.50,179335,1625,2017,3437374300.75,1213,F1,65,,,,,
2026-08-12,2026-08-12,FO,NSE,IDO,74493,,NIFTY,,2026-09-29,2026-09-29,26800.00,CE,NIFTY26SEP26800CE,0.00,0.00,0.00,124.80,0.00,124.80,24435.95,57.04,0,0,0,0.00,0,F1,65,,,,,
2026-08-12,2026-08-12,FO,NSE,IDO,74503,,NIFTY,,2026-09-29,2026-09-29,27100.00,CE,NIFTY26SEP27100CE,0.00,0.00,0.00,95.60,0.00,95.60,24435.95,37.68,0,0,0,0.00,0,F1,65,,,,,
2026-08-12,2026-08-12,FO,NSE,IDO,51344,,NIFTY,,2026-10-27,2026-10-27,22800.00,CE,NIFTY26OCT22800CE,0.00,0.00,0.00,1767.20,0.00,1767.20,24435.95,2067.68,0,0,0,0.00,0,F1,65,,,,,
2026-08-12,2026-08-12,FO,NSE,IDO,51360,,NIFTY,,2026-10-27,2026-10-27,23200.00,CE,NIFTY26OCT23200CE,0.00,0.00,0.00,1475.80,0.00,1475.80,24435.95,1741.38,0,0,0,0.00,0,F1,65,,,,,
2026-08-12,2026-08-12,FO,NSE,IDO,51370,,NIFTY,,2026-10-27,2026-10-27,23450.00,CE,NIFTY26OCT23450CE,0.00,0.00,0.00,1307.95,0.00,1307.95,24435.95,1550.03,0,0,0,0.00,0,F1,65,,,,,
2026-08-12,2026-08-12,FO,NSE,IDO,51376,,NIFTY,,2026-10-27,2026-10-27,23600.00,CE,NIFTY26OCT23600CE,0.00,0.00,0.00,1212.70,0.00,1212.70,24435.95,1441.15,0,0,0,0.00,0,F1,65,,,,,
2026-08-12,2026-08-12,FO,NSE,IDO,51396,,NIFTY,,2026-10-27,2026-10-27,24050.00,CE,NIFTY26OCT24050CE,0.00,0.00,0.00,952.70,0.00,952.70,24435.95,1136.77,0,0,0,0.00,0,F1,65,,,,,
2026-08-12,2026-08-12,FO,NSE,IDO,51428,,NIFTY,,2026-10-27,2026-10-27,24750.00,CE,NIFTY26OCT24750CE,436.65,436.65,436.65,436.65,436.65,522.95,24435.95,747.01,260,65,1,1637132.25,1,F1,65,,,,,
2026-08-12,2026-08-12,FO,NSE,IDO,51432,,NIFTY,,2026-10-27,2026-10-27,24850.00,CE,NIFTY26OCT24850CE,409.00,434.55,409.00,419.15,420.85,546.25,24435.95,419.15,2210,-325,49,80500173.00,32,F1,65,,,,,
2026-08-12,2026-08-12,FO,NSE,IDO,51480,,NIFTY,,2026-10-27,2026-10-27,25750.00,CE,NIFTY26OCT25750CE,128.00,135.05,110.00,120.20,121.80,138.35,24435.95,120.20,53625,5590,670,1126455157.75,313,F1,65,,,,,
2026-08-12,2026-08-12,FO,NSE,IDO,51484,,NIFTY,,2026-10-27,2026-10-27,25850.00,CE,NIFTY26OCT25850CE,0.00,0.00,0.00,288.85,0.00,288.85,24435.95,337.19,0,0,0,0.00,0,F1,65,,,,,
2026-08-12,2026-08-12,FO,NSE,IDO,51502,,NIFTY,,2026-10-27,2026-10-27,26300.00,CE,NIFTY26OCT26300CE,0.00,0.00,0.00,202.25,0.00,202.25,24435.95,232.16,0,0,0,0.00,0,F1,65,,,,,
2026-08-12,2026-08-12,FO,NSE,IDO,58648,,NIFTY,,2026-12-29,2026-12-29,22000.00,CE,NIFTY26DEC22000CE,3040.00,3049.10,2921.95,3004.40,2999.80,3050.55,24435.95,3004.40,262535,1300,136,220827499.75,106,F1,65,,,,,
2026-08-12,2026-08-12,FO,NSE,IDO,50978,,NIFTY,,2026-12-29,2026-12-29,27000.00,CE,NIFTY26DEC27000CE,104.05,107.10,92.00,100.05,101.30,106.80,24435.95,100.05,2380575,7345,5167,9100875400.50,3183,F1,65,,,,,
2026-08-12,2026-08-12,FO,NSE,IDO,55330,,NIFTY,,2026-12-29,2026-12-29,28500.00,CE,NIFTY26DEC28500CE,29.30,29.95,26.80,28.90,28.95,29.60,24435.95,28.90,120835,-2275,718,1331433142.00,565,F1,65,,,,,
2026-08-12,2026-08-12,FO,NSE,IDO,38158,,NIFTY,,2026-12-29,2026-12-29,29000.00,CE,NIFTY26DEC29000CE,21.65,21.95,20.20,21.10,21.10,21.85,24435.95,21.10,507045,10465,882,1663778590.50,562,F1,65,,,,,
2026-08-12,2026-08-12,FO,NSE,IDO,42136,,NIFTY,,2026-12-29,2026-12-29,31000.00,CE,NIFTY26DEC31000CE,11.40,12.70,10.15,10.85,10.15,11.70,24435.95,10.85,171405,-2990,99,199555850.00,40,F1,65,,,,,
2026-08-12,2026-08-12,FO,NSE,IDO,80276,,NIFTY,,2027-03-30,2027-03-30,27000.00,CE,NIFTY27MAR27000CE,332.80,336.40,301.05,323.40,328.20,334.05,24435.95,323.40,619450,59605,2931,5203822273.00,2280,F1,65,,,,,
2026-08-12,2026-08-12,FO,NSE,IDO,80311,,NIFTY,,2027-03-30,2027-03-30,31500.00,CE,NIFTY27MAR31500CE,0.00,0.00,0.00,94.65,0.00,94.65,24435.95,79.93,0,0,0,0.00,0,F1,65,,,,,
2026-08-12,2026-08-12,FO,NSE,IDO,55418,,NIFTY,,2027-12-28,2027-12-28,16500.00,CE,NIFTY27DEC16500CE,0.00,0.00,0.00,11316.40,0.00,11316.40,24435.95,9369.98,0,0,0,0.00,0,F1,65,,,,,
2026-08-12,2026-08-12,FO,NSE,IDO,61390,,NIFTY,,2029-12-24,2029-12-24,18000.00,CE,NIFTY29DEC18000CE,0.00,0.00,0.00,11362.40,0.00,11362.40,24435.95,10101.93,0,0,0,0.00,0,F1,65,,,,,
2026-08-12,2026-08-12,FO,NSE,IDO,60898,,NIFTY,,2030-06-25,2030-06-25,21000.00,CE,NIFTY30JUN21000CE,0.00,0.00,0.00,10421.65,0.00,10421.65,24435.95,8476.48,0,0,0,0.00,0,F1,65,,,,,
2026-08-12,2026-08-12,FO,NSE,IDO,55764,,NIFTY,,2030-12-31,2030-12-31,31500.00,CE,NIFTY30DEC31500CE,0.00,0.00,0.00,4554.55,0.00,4554.55,24435.95,3732.95,0,0,0,0.00,0,F1,65,,,,,
2026-08-12,2026-08-12,FO,NSE,IDO,74645,,NIFTY,,2031-06-24,2031-06-24,21000.00,CE,NIFTY31JUN21000CE,0.00,0.00,0.00,8900.75,0.00,8900.75,24435.95,9503.67,0,0,0,0.00,0,F1,65,,,,,
2026-08-12,2026-08-12,FO,NSE,IDO,74665,,NIFTY,,2031-06-24,2031-06-24,33000.00,CE,NIFTY31JUN33000CE,0.00,0.00,0.00,3451.55,0.00,3451.55,24435.95,3742.76,0,0,0,0.00,0,F1,65,,,,,
2026-08-12,2026-08-12,FO,NSE,IDO,45010,,NIFTY,,2026-08-18,2026-08-18,22400.00,PE,NIFTY2681822400PE,1.65,1.70,1.05,1.15,1.10,1.30,24435.95,1.15,180115,75010,17117,24923739538.75,5624,F1,65,,,,,
2026-08-12,2026-08-12,FO,NSE,IDO,45053,,NIFTY,,2026-08-18,2026-08-18,23250.00,PE,NIFTY2681823250PE,3.95,4.60,1.85,2.15,2.05,2.70,24435.95,2.15,247065,108485,83501,126205342347.50,22279,F1,65,,,,,
2026-08-12,2026-08-12,FO,NSE,IDO,45059,,NIFTY,,2026-08-18,2026-08-18,23400.00,PE,NIFTY2681823400PE,2.90,4.15,2.20,2.45,2.40,3.05,24435.95,2.45,1778140,307255,222327,338203750667.25,50586,F1,65,,,,,
2026-08-12,2026-08-12,FO,NSE,IDO,45083,,NIFTY,,2026-08-18,2026-08-18,23900.00,PE,NIFTY2681823900PE,9.90,21.35,7.25,8.75,8.70,10.75,24435.95,8.75,4600375,1093300,643568,1000379947664.50,189618,F1,65,,,,,
2026-08-12,2026-08-12,FO,NSE,IDO,45099,,NIFTY,,2026-08-18,2026-08-18,24200.00,PE,NIFTY2681824200PE,38.65,82.00,33.35,40.25,39.25,40.95,24435.95,40.25,4705545,1169805,1337429,2109032298337.25,504369,F1,65,,,,,
2026-08-12,2026-08-12,FO,NSE,IDO,45115,,NIFTY,,2026-08-18,2026-08-18,24550.00,PE,NIFTY2681824550PE,157.00,271.45,137.85,183.15,180.65,161.35,24435.95,183.15,472095,-87100,250853,403501244233.75,172178,F1,65,,,,,
2026-08-12,2026-08-12,FO,NSE,IDO,45167,,NIFTY,,2026-08-18,2026-08-18,25400.00,PE,NIFTY2681825400PE,940.40,1055.25,891.90,957.80,957.80,891.10,24435.95,957.80,15470,455,59,101168284.75,39,F1,65,,,,,
2026-08-12,2026-08-12,FO,NSE,IDO,45191,,NIFTY,,2026-08-18,2026-08-18,25750.00,PE,NIFTY2681825750PE,0.00,0.00,0.00,1625.45,0.00,1625.45,24435.95,1289.78,0,0,0,0.00,0,F1,65,,,,,
2026-08-12,2026-08-12,FO,NSE,IDO,45195,,NIFTY,,2026-08-18,2026-08-18,25850.00,PE,NIFTY2681825850PE,0.00,0.00,0.00,1334.00,1334.00,1334.00,24435.95,1389.09,260,0,0,0.00,0,F1,65,,,,,
2026-08-12,2026-08-12,FO,NSE,IDO,45197,,NIFTY,,2026-08-18,2026-08-18,25900.00,PE,NIFTY2681825900PE,0.00,0.00,0.00,1260.65,1265.60,1260.65,24435.95,1438.84,585,0,0,0.00,0,F1,65,,,,,
2026-08-12,2026-08-12,FO,NSE,IDO,45207,,NIFTY,,2026-08-18,2026-08-18,26100.00,PE,NIFTY2681826100PE,0.00,0.00,0.00,1570.00,1570.00,1570.00,24435.95,1638.23,130,0,0,0.00,0,F1,65,,,,,
2026-08-12,2026-08-12,FO,NSE,IDO,45244,,NIFTY,,2026-08-18,2026-08-18,26600.00,PE,NIFTY2681826600PE,0.00,0.00,0.00,2413.60,0.00,2413.60,24435.95,2137.57,0,0,0,0.00,0,F1,65,,,,,
2026-08-12,2026-08-12,FO,NSE,IDO,45260,,NIFTY,,2026-08-18,2026-08-18,26950.00,PE,NIFTY2681826950PE,0.00,0.00,0.00,2752.60,0.00,2752.60,24435.95,2487.22,0,0,0,0.00,0,F1,65,,,,,
2026-08-12,2026-08-12,FO,NSE,IDO,61400,,NIFTY,,2026-08-25,2026-08-25,22550.00,PE,NIFTY26AUG22550PE,4.80,4.80,3.75,3.95,3.85,4.40,24435.95,3.95,17940,-455,759,1112706195.25,590,F1,65,,,,,
2026-08-12,2026-08-12,FO,NSE,IDO,61402,,NIFTY,,2026-08-25,2026-08-25,22600.00,PE,NIFTY26AUG22600PE,4.90,5.30,3.80,4.20,4.40,4.60,24435.95,4.20,104910,-5395,3203,4706096879.25,1952,F1,65,,,,,
2026-08-12,2026-08-12,FO,NSE,IDO,61467,,NIFTY,,2026-08-25,2026-08-25,23350.00,PE,NIFTY26AUG23350PE,10.85,13.60,8.75,9.10,8.90,10.00,24435.95,9.10,62595,-5005,4308,6541426846.50,2908,F1,65,,,,,
2026-08-12,2026-08-12,FO,NSE,IDO,61518,,NIFTY,,2026-08-25,2026-08-25,23600.00,PE,NIFTY26AUG23600PE,17.75,25.50,15.05,15.55,15.25,17.50,24435.95,15.55,986180,-146055,37917,58213508167.75,24030,F1,65,,,,,
2026-08-12,2026-08-12,FO,NSE,IDO,61703,,NIFTY,,2026-08-25,2026-08-25,24300.00,PE,NIFTY26AUG24300PE,109.10,176.80,106.30,121.55,121.10,115.80,24435.95,121.55,2468635,846235,90207,143333355779.25,64105,F1,65,,,,,
2026-08-12,2026-08-12,FO,NSE,IDO,61976,,NIFTY,,2026-08-25,2026-08-25,25500.00,PE,NIFTY26AUG25500PE,974.15,1135.50,960.00,1028.00,1024.45,968.70,24435.95,1028.00,1319435,-39325,1782,3079547328.00,1323,F1,65,,,,,
2026-08-12,2026-08-12,FO,NSE,IDO,62039,,NIFTY,,2026-08-25,2026-08-25,26000.00,PE,NIFTY26AUG26000PE,1500.00,1630.00,1450.60,1523.00,1524.05,1459.95,24435.95,1523.00,2232815,520,859,1539371067.00,730,F1,65,,,,,
2026-08-12,2026-08-12,FO,NSE,IDO,62044,,NIFTY,,2026-08-25,2026-08-25,26050.00,PE,NIFTY26AUG26050PE,0.00,0.00,0.00,1763.20,1763.20,1763.20,24435.95,1565.02,260,0,0,0.00,0,F1,65,,,,,
2026-08-12,2026-08-12,FO,NSE,IDO,62106,,NIFTY,,2026-08-25,2026-08-25,26350.00,PE,NIFTY26AUG26350PE,0.00,0.00,0.00,1699.45,1699.45,1699.45,24435.95,1859.80,65,0,0,0.00,0,F1,65,,,,,
2026-08-12,2026-08-12,FO,NSE,IDO,62226,,NIFTY,,2026-08-25,2026-08-25,26900.00,PE,NIFTY26AUG26900PE,0.00,0.00,0.00,2715.00,0.00,2715.00,24435.95,2406.35,0,0,0,0.00,0,F1,65,,,,,
2026-08-12,2026-08-12,FO,NSE,IDO,46922,,NIFTY,,2026-09-01,2026-09-01,22400.00,PE,NIFTY2690122400PE,7.45,11.85,6.35,6.40,6.40,7.55,24435.95,6.40,4095,1885,72,104865042.75,54,F1,65,,,,,
2026-08-12,2026-08-12,FO,NSE,IDO,46928,,NIFTY,,2026-09-01,2026-09-01,22550.00,PE,NIFTY2690122550PE,7.05,7.75,6.85,6.85,6.85,7.05,24435.95,6.85,2275,1755,43,63048280.75,42,F1,65,,,,,
2026-08-12,2026-08-12,FO,NSE,IDO,46930,,NIFTY,,2026-09-01,2026-09-01,22600.00,PE,NIFTY2690122600PE,8.70,8.70,6.65,6.90,7.05,8.25,24435.95,6.90,9815,1495,170,249814314.75,105,F1,65,,,,,
2026-08-12,2026-08-12,FO,NSE,IDO,46946,,NIFTY,,2026-09-01,2026-09-01,23000.00,PE,NIFTY2690123000PE,11.25,12.35,9.00,9.85,9.75,11.35,24435.95,9.85,126360,45110,2906,4346538410.50,1470,F1,65,,,,,
2026-08-12,2026-08-12,FO,NSE,IDO,46954,,NIFTY,,2026-09-01,2026-09-01,23200.00,PE,NIFTY2690123200PE,14.45,17.25,12.10,12.70,12.80,14.50,24435.95,12.70,27365,3510,576,869154162.50,349,F1,65,,,,,
2026-08-12,2026-08-12,FO,NSE,IDO,46992,,NIFTY,,2026-09-01,2026-09-01,24150.00,PE,NIFTY2690124150PE,0.00,0.00,0.00,453.70,0.00,453.70,24435.95,220.15,0,0,0,0.00,0,F1,65,,,,,
2026-08-12,2026-08-12,FO,NSE,IDO,47000,,NIFTY,,2026-09-01,2026-09-01,24350.00,PE,NIFTY2690124350PE,178.00,230.35,161.70,176.15,175.15,168.95,24435.95,176.15,21775,8255,650,1037212208.50,536,F1,65,,,,,
2026-08-12,2026-08-12,FO,NSE,IDO,47006,,NIFTY,,2026-09-01,2026-09-01,24500.00,PE,NIFTY2690124500PE,217.60,306.85,212.50,241.35,240.20,222.00,24435.95,241.35,205660,80600,8221,13230410534.25,5731,F1,65,,,,,
2026-08-12,2026-08-12,FO,NSE,IDO,47058,,NIFTY,,2026-09-01,2026-09-01,25800.00,PE,NIFTY2690125800PE,0.00,0.00,0.00,1550.85,0.00,1550.85,24435.95,1321.45,0,0,0,0.00,0,F1,65,,,,,
2026-08-12,2026-08-12,FO,NSE,IDO,47074,,NIFTY,,2026-09-01,2026-09-01,26200.00,PE,NIFTY2690126200PE,0.00,0.00,0.00,1899.45,0.00,1899.45,24435.95,1694.63,0,0,0,0.00,0,F1,65,,,,,
2026-08-12,2026-08-12,FO,NSE,IDO,47105,,NIFTY,,2026-09-01,2026-09-01,26850.00,PE,NIFTY2690126850PE,0.00,0.00,0.00,2502.10,0.00,2502.10,24435.95,2328.23,0,0,0,0.00,0,F1,65,,,,,
2026-08-12,2026-08-12,FO,NSE,IDO,42634,,NIFTY,,2026-09-08,2026-09-08,23850.00,PE,NIFTY2690823850PE,0.00,0.00,0.00,173.75,0.00,173.75,24435.95,171.81,0,0,0,0.00,0,F1,65,,,,,
2026-08-12,2026-08-12,FO,NSE,IDO,42638,,NIFTY,,2026-09-08,2026-09-08,23950.00,PE,NIFTY2690823950PE,0.00,0.00,0.00,200.05,0.00,200.05,24435.95,200.14,0,0,0,0.00,0,F1,65,,,,,
2026-08-12,2026-08-12,FO,NSE,IDO,42750,,NIFTY,,2026-09-08,2026-09-08,26050.00,PE,NIFTY2690826050PE,0.00,0.00,0.00,1397.80,0.00,1397.80,24435.95,1547.07,0,0,0,0.00,0,F1,65,,,,,
2026-08-12,2026-08-12,FO,NSE,IDO,42760,,NIFTY,,2026-09-08,2026-09-08,26150.00,PE,NIFTY2690826150PE,0.00,0.00,0.00,1482.45,0.00,1482.45,24435.95,1638.35,0,0,0,0.00,0,F1,65,,,,,
2026-08-12,2026-08-12,FO,NSE,IDO,42762,,NIFTY,,2026-09-08,2026-09-08,26200.00,PE,NIFTY2690826200PE,0.00,0.00,0.00,1525.35,0.00,1525.35,24435.95,1684.45,0,0,0,0.00,0,F1,65,,,,,
2026-08-12,2026-08-12,FO,NSE,IDO,42770,,NIFTY,,2026-09-08,2026-09-08,26400.00,PE,NIFTY2690826400PE,0.00,0.00,0.00,1700.80,0.00,1700.80,24435.95,1871.54,0,0,0,0.00,0,F1,65,,,,,
2026-08-12,2026-08-12,FO,NSE,IDO,47270,,NIFTY,,2026-09-15,2026-09-15,22800.00,PE,NIFTY2691522800PE,0.00,0.00,0.00,36.45,0.00,36.45,24435.95,35.67,0,0,0,0.00,0,F1,65,,,,,
2026-08-12,2026-08-12,FO,NSE,IDO,47326,,NIFTY,,2026-09-15,2026-09-15,24150.00,PE,NIFTY2691524150PE,0.00,0.00,0.00,299.75,0.00,299.75,24435.95,302.07,0,0,0,0.00,0,F1,65,,,,,
2026-08-12,2026-08-12,FO,NSE,IDO,47338,,NIFTY,,2026-09-15,2026-09-15,24450.00,PE,NIFTY2691524450PE,0.00,0.00,0.00,422.45,0.00,422.45,24435.95,426.87,0,0,0,0.00,0,F1,65,,,,,
2026-08-12,2026-08-12,FO,NSE,IDO,47340,,NIFTY,,2026-09-15,2026-09-15,24500.00,PE,NIFTY2691524500PE,282.70,341.45,279.45,279.45,279.45,445.65,24435.95,279.45,1105,1105,21,33855844.75,17,F1,65,,,,,
2026-08-12,2026-08-12,FO,NSE,IDO,47384,,NIFTY,,2026-09-15,2026-09-15,25350.00,PE,NIFTY2691525350PE,0.00,0.00,0.00,956.10,0.00,956.10,24435.95,969.15,0,0,0,0.00,0,F1,65,,,,,
2026-08-12,2026-08-12,FO,NSE,IDO,47432,,NIFTY,,2026-09-15,2026-09-15,26000.00,PE,NIFTY2691526000PE,0.00,0.00,0.00,1472.65,0.00,1472.65,24435.95,1491.90,0,0,0,0.00,0,F1,65,,,,,
2026-08-12,2026-08-12,FO,NSE,IDO,47442,,NIFTY,,2026-09-15,2026-09-15,26200.00,PE,NIFTY2691526200PE,0.00,0.00,0.00,1647.25,0.00,1647.25,24435.95,1668.04,0,0,0,0.00,0,F1,65,,,,,
2026-08-12,2026-08-12,FO,NSE,IDO,73882,,NIFTY,,2026-09-29,2026-09-29,22400.00,PE,NIFTY26SEP22400PE,21.80,22.85,19.85,20.20,20.00,20.30,24435.95,20.20,33475,4485,291,424101323.75,186,F1,65,,,,,
2026-08-12,2026-08-12,FO,NSE,IDO,73905,,NIFTY,,2026-09-29,2026-09-29,23050.00,PE,NIFTY26SEP23050PE,40.00,49.65,40.00,43.10,43.30,40.65,24435.95,43.10,20605,-585,121,181654187.00,67,F1,65,,,,,
2026-08-12,2026-08-12,FO,NSE,IDO,74360,,NIFTY,,2026-09-29,2026-09-29,24850.00,PE,NIFTY26SEP24850PE,463.75,543.35,463.75,485.25,485.25,469.40,24435.95,693.45,8125,0,20,32955711.75,16,F1,65,,,,,
2026-08-12,2026-08-12,FO,NSE,IDO,74367,,NIFTY,,2026-09-29,2026-09-29,25050.00,PE,NIFTY26SEP25050PE,0.00,0.00,0.00,584.55,588.00,584.55,24435.95,810.84,2275,0,0,0.00,0,F1,65,,,,,
2026-08-12,2026-08-12,FO,NSE,IDO,74387,,NIFTY,,2026-09-29,2026-09-29,25300.00,PE,NIFTY26SEP25300PE,758.00,827.20,758.00,790.00,790.00,753.65,24435.95,790.00,10205,65,7,11863159.75,5,F1,65,,,,,
2026-08-12,2026-08-12,FO,NSE,IDO,74406,,NIFTY,,2026-09-29,2026-09-29,25550.00,PE,NIFTY26SEP25550PE,0.00,0.00,0.00,930.00,930.00,930.00,24435.95,1147.03,130,0,0,0.00,0,F1,65,,,,,
2026-08-12,2026-08-12,FO,NSE,IDO,65905,,NIFTY,,2026-09-29,2026-09-29,26000.00,PE,NIFTY26SEP26000PE,1373.30,1484.10,1332.00,1390.95,1385.65,1325.80,24435.95,1390.95,909920,15600,901,1605915138.75,604,F1,65,,,,,
2026-08-12,2026-08-12,FO,NSE,IDO,74439,,NIFTY,,2026-09-29,2026-09-29,26050.00,PE,NIFTY26SEP26050PE,0.00,0.00,0.00,2017.50,0.00,2017.50,24435.95,1536.20,0,0,0,0.00,0,F1,65,,,,,
2026-08-12,2026-08-12,FO,NSE,IDO,55293,,NIFTY,,2026-09-29,2026-09-29,34500.00,PE,NIFTY26SEP34500PE,0.00,0.00,0.00,7064.95,0.00,7064.95,24435.95,9767.70,0,0,0,0.00,0,F1,65,,,,,
2026-08-12,2026-08-12,FO,NSE,IDO,51349,,NIFTY,,2026-10-27,2026-10-27,22900.00,PE,NIFTY26OCT22900PE,0.00,0.00,0.00,262.65,0.00,262.65,24435.95,137.36,0,0,0,0.00,0,F1,65,,,,,
2026-08-12,2026-08-12,FO,NSE,IDO,51351,,NIFTY,,2026-10-27,2026-10-27,22950.00,PE,NIFTY26OCT22950PE,0.00,0.00,0.00,274.90,0.00,274.90,24435.95,145.34,0,0,0,0.00,0,F1,65,,,,,
2026-08-12,2026-08-12,FO,NSE,IDO,51359,,NIFTY,,2026-10-27,2026-10-27,23150.00,PE,NIFTY26OCT23150PE,0.00,0.00,0.00,327.65,0.00,327.65,24435.95,180.86,0,0,0,0.00,0,F1,65,,,,,
2026-08-12,2026-08-12,FO,NSE,IDO,51383,,NIFTY,,2026-10-27,2026-10-27,23750.00,PE,NIFTY26OCT23750PE,0.00,0.00,0.00,529.65,0.00,529.65,24435.95,326.47,0,0,0,0.00,0,F1,65,,,,,
2026-08-12,2026-08-12,FO,NSE,IDO,51385,,NIFTY,,2026-10-27,2026-10-27,23800.00,PE,NIFTY26OCT23800PE,172.95,196.25,159.65,173.05,171.30,164.80,24435.95,173.05,49530,5655,269,419300550.50,189,F1,65,,,,,
2026-08-12,2026-08-12,FO,NSE,IDO,51479,,NIFTY,,2026-10-27,2026-10-27,25700.00,PE,NIFTY26OCT25700PE,0.00,0.00,0.00,952.10,959.15,952.10,24435.95,1295.01,260,0,0,0.00,0,F1,65,,,,,
2026-08-12,2026-08-12,FO,NSE,IDO,51501,,NIFTY,,2026-10-27,2026-10-27,26250.00,PE,NIFTY26OCT26250PE,0.00,0.00,0.00,2081.05,0.00,2081.05,24435.95,1700.29,0,0,0,0.00,0,F1,65,,,,,
2026-08-12,2026-08-12,FO,NSE,IDO,51507,,NIFTY,,2026-10-27,2026-10-27,26400.00,PE,NIFTY26OCT26400PE,0.00,0.00,0.00,2204.40,0.00,2204.40,24435.95,1818.71,0,0,0,0.00,0,F1,65,,,,,
2026-08-12,2026-08-12,FO,NSE,IDO,71554,,NIFTY,,2027-06-29,2027-06-29,21000.00,PE,NIFTY27JUN21000PE,135.00,140.75,135.00,140.55,140.75,140.40,24435.95,140.55,6855,260,40,54960363.25,32,F1,65,,,,,
2026-08-12,2026-08-12,FO,NSE,IDO,55377,,NIFTY,,2027-06-29,2027-06-29,25500.00,PE,NIFTY27JUN25500PE,0.00,0.00,0.00,667.15,0.00,667.15,24435.95,1325.43,0,0,0,0.00,0,F1,65,,,,,
2026-08-12,2026-08-12,FO,NSE,IDO,53602,,NIFTY,,2027-12-28,2027-12-28,17000.00,PE,NIFTY27DEC17000PE,0.00,0.00,0.00,57.20,57.20,57.20,24435.95,12.65,17750,0,0,0.00,0,F1,65,,,,,
2026-08-12,2026-08-12,FO,NSE,IDO,53615,,NIFTY,,2027-12-28,2027-12-28,21000.00,PE,NIFTY27DEC21000PE,216.00,243.00,216.00,239.05,239.05,233.00,24435.95,215.47,17300,520,29,40028976.00,15,F1,65,,,,,
2026-08-12,2026-08-12,FO,NSE,IDO,86152,,NIFTY,,2028-06-27,2028-06-27,24000.00,PE,NIFTY28JUN24000PE,0.00,0.00,0.00,1692.75,0.00,1692.75,24435.95,838.96,0,0,0,0.00,0,F1,65,,,,,
2026-08-12,2026-08-12,FO,NSE,IDO,55523,,NIFTY,,2028-12-26,2028-12-26,25500.00,PE,NIFTY28DEC25500PE,0.00,0.00,0.00,648.20,0.00,648.20,24435.95,1266.69,0,0,0,0.00,0,F1,65,,,,,
2026-08-12,2026-08-12,FO,NSE,IDO,47002,,NIFTY,,2026-09-01,2026-09-01,24400.00,PE,NIFTY2690124400PE,213.70,255.00,173.25,196.00,195.35,181.60,24435.95,196.00,111150,66560,3900,6242483835.25,3347,F1,65,,,,,
2026-08-12,2026-08-12,FO,NSE,IDO,46994,,NIFTY,,2026-09-01,2026-09-01,24200.00,PE,NIFTY2690124200PE,128.45,171.00,112.05,126.90,126.25,120.40,24435.95,126.90,56160,6955,2087,3303029999.75,1562,F1,65,,,,,
2026-08-12,2026-08-12,FO,NSE,IDO,46948,,NIFTY,,2026-09-01,2026-09-01,23050.00,PE,NIFTY2690123050PE,11.10,13.40,10.05,10.15,10.40,13.05,24435.95,10.15,2665,1365,48,71952848.50,28,F1,65,,,,,
2026-08-12,2026-08-12,FO,NSE,IDO,55640,,NIFTY,,2030-06-25,2030-06-25,16500.00,CE,NIFTY30JUN16500CE,0.00,0.00,0.00,13374.05,0.00,13374.05,24435.95,11687.13,0,0,0,0.00,0,F1,65,,,,,
2026-08-12,2026-08-12,FO,NSE,IDO,55703,,NIFTY,,2030-12-31,2030-12-31,21000.00,PE,NIFTY30DEC21000PE,0.00,0.00,0.00,455.05,455.05,455.05,24435.95,330.22,780,0,0,0.00,0,F1,65,,,,,
2026-08-12,2026-08-12,FO,NSE,IDO,55647,,NIFTY,,2030-06-25,2030-06-25,25500.00,PE,NIFTY30JUN25500PE,0.00,0.00,0.00,568.55,0.00,568.55,24435.95,1109.07,0,0,0,0.00,0,F1,65,,,,,
2026-08-12,2026-08-12,FO,NSE,IDO,60899,,NIFTY,,2030-06-25,2030-06-25,21000.00,PE,NIFTY30JUN21000PE,0.00,0.00,0.00,220.00,220.00,220.00,24435.95,330.83,65,0,0,0.00,0,F1,65,,,,,
2026-08-12,2026-08-12,FO,NSE,IDO,55609,,NIFTY,,2029-12-24,2029-12-24,31500.00,PE,NIFTY29DEC31500PE,0.00,0.00,0.00,2240.25,0.00,2240.25,24435.95,3427.07,0,0,0,0.00,0,F1,65,,,,,
2026-08-12,2026-08-12,FO,NSE,IDO,55605,,NIFTY,,2029-12-24,2029-12-24,25500.00,PE,NIFTY29DEC25500PE,0.00,0.00,0.00,597.30,0.00,597.30,24435.95,1164.59,0,0,0,0.00,0,F1,65,,,,,
2026-08-12,2026-08-12,FO,NSE,IDO,89631,,NIFTY,,2029-06-26,2029-06-26,24000.00,PE,NIFTY29JUN24000PE,0.00,0.00,0.00,825.00,825.00,825.00,24435.95,828.93,155,0,0,0.00,0,F1,65,,,,,
2026-08-12,2026-08-12,FO,NSE,IDO,55525,,NIFTY,,2028-12-26,2028-12-26,28500.00,PE,NIFTY28DEC28500PE,0.00,0.00,0.00,1451.15,0.00,1451.15,24435.95,2454.82,0,0,0,0.00,0,F1,65,,,,,
2026-08-12,2026-08-12,FO,NSE,IDO,67789,,NIFTY,,2028-12-26,2028-12-26,27000.00,PE,NIFTY28DEC27000PE,1640.00,1640.00,1640.00,1640.00,1640.00,1605.00,24435.95,1805.51,13035,-65,3,5584800.00,3,F1,65,,,,,
2026-08-12,2026-08-12,FO,NSE,IDO,80267,,NIFTY,,2027-03-30,2027-03-30,19500.00,PE,NIFTY27MAR19500PE,53.10,58.90,52.55,55.90,55.40,54.15,24435.95,55.90,69160,3250,156,198293501.25,128,F1,65,,,,,
2026-08-12,2026-08-12,FO,NSE,IDO,71506,,NIFTY,,2026-12-29,2026-12-29,26000.00,PE,NIFTY26DEC26000PE,1205.20,1276.75,1153.00,1207.00,1203.15,1164.75,24435.95,1207.00,1368860,13505,888,1571892276.50,689,F1,65,,,,,
2026-08-12,2026-08-12,FO,NSE,IDO,58631,,NIFTY,,2026-12-29,2026-12-29,13000.00,PE,NIFTY26DEC13000PE,0.00,0.00,0.00,9.20,9.20,9.20,24435.95,0.00,8200,0,0,0.00,0,F1,65,,,,,
2026-08-12,2026-08-12,FO,NSE,IDO,51497,,NIFTY,,2026-10-27,2026-10-27,26150.00,PE,NIFTY26OCT26150PE,0.00,0.00,0.00,2000.25,0.00,2000.25,24435.95,1623.12,0,0,0,0.00,0,F1,65,,,,,
2026-08-12,2026-08-12,FO,NSE,IDO,51487,,NIFTY,,2026-10-27,2026-10-27,25900.00,PE,NIFTY26OCT25900PE,1231.50,1231.50,1231.50,1231.50,1231.50,1803.60,24435.95,1436.58,65,65,1,1763547.50,1,F1,65,,,,,
2026-08-12,2026-08-12,FO,NSE,IDO,51481,,NIFTY,,2026-10-27,2026-10-27,25750.00,PE,NIFTY26OCT25750PE,1116.30,1149.95,1116.30,1149.95,1149.95,1003.65,24435.95,1329.76,260,195,3,5243303.00,3,F1,65,,,,,
2026-08-12,2026-08-12,FO,NSE,IDO,51347,,NIFTY,,2026-10-27,2026-10-27,22850.00,PE,NIFTY26OCT22850PE,0.00,0.00,0.00,250.85,0.00,250.85,24435.95,129.72,0,0,0,0.00,0,F1,65,,,,,
2026-08-12,2026-08-12,FO,NSE,IDO,51345,,NIFTY,,2026-10-27,2026-10-27,22800.00,PE,NIFTY26OCT22800PE,0.00,0.00,0.00,239.40,0.00,239.40,24435.95,122.42,0,0,0,0.00,0,F1,65,,,,,
2026-08-12,2026-08-12,FO,NSE,IDO,51339,,NIFTY,,2026-10-27,2026-10-27,22650.00,PE,NIFTY26OCT22650PE,49.65,53.50,49.65,53.50,53.50,46.15,24435.95,102.43,910,195,6,8854114.75,3,F1,65,,,,,
2026-08-12,2026-08-12,FO,NSE,IDO,51319,,NIFTY,,2026-10-27,2026-10-27,22250.00,PE,NIFTY26OCT22250PE,32.00,36.25,30.00,32.50,32.40,31.15,24435.95,32.50,87360,6760,240,347616438.00,146,F1,65,,,,,
2026-08-12,2026-08-12,FO,NSE,IDO,74508,,NIFTY,,2026-09-29,2026-09-29,27200.00,PE,NIFTY26SEP27200PE,0.00,0.00,0.00,3004.30,0.00,3004.30,24435.95,2563.06,0,0,0,0.00,0,F1,65,,,,,
2026-08-12,2026-08-12,FO,NSE,IDO,74472,,NIFTY,,2026-09-29,2026-09-29,26300.00,PE,NIFTY26SEP26300PE,0.00,0.00,0.00,2221.30,0.00,2221.30,24435.95,1746.49,0,0,0,0.00,0,F1,65,,,,,
2026-08-12,2026-08-12,FO,NSE,IDO,74419,,NIFTY,,2026-09-29,2026-09-29,25750.00,PE,NIFTY26SEP25750PE,0.00,0.00,0.00,1035.00,1035.00,1035.00,24435.95,1297.21,390,0,0,0.00,0,F1,65,,,,,
2026-08-12,2026-08-12,FO,NSE,IDO,74350,,NIFTY,,2026-09-29,2026-09-29,24600.00,PE,NIFTY26SEP24600PE,350.00,423.60,336.65,366.45,364.00,349.05,24435.95,366.45,313235,15990,3791,6155972215.25,2841,F1,65,,,,,
2026-08-12,2026-08-12,FO,NSE,IDO,74115,,NIFTY,,2026-09-29,2026-09-29,24400.00,PE,NIFTY26SEP24400PE,265.45,331.50,260.20,284.45,284.50,270.55,24435.95,284.45,198965,35815,3569,5730533399.50,2731,F1,65,,,,,
2026-08-12,2026-08-12,FO,NSE,IDO,74098,,NIFTY,,2026-09-29,2026-09-29,24250.00,PE,NIFTY26SEP24250PE,231.00,272.50,222.10,233.45,231.00,221.05,24435.95,233.45,34840,-1430,263,418984793.50,211,F1,65,,,,,
2026-08-12,2026-08-12,FO,NSE,IDO,74065,,NIFTY,,2026-09-29,2026-09-29,24100.00,PE,NIFTY26SEP24100PE,192.00,224.20,172.10,189.85,188.90,180.15,24435.95,189.85,115310,-8450,2370,3744520516.75,1850,F1,65,,,,,
2026-08-12,2026-08-12,FO,NSE,IDO,74059,,NIFTY,,2026-09-29,2026-09-29,23950.00,PE,NIFTY26SEP23950PE,149.35,181.95,144.05,154.25,152.75,146.55,24435.95,154.25,17225,390,152,238273548.50,98,F1,65,,,,,
2026-08-12,2026-08-12,FO,NSE,IDO,74011,,NIFTY,,2026-09-29,2026-09-29,23750.00,PE,NIFTY26SEP23750PE,111.95,136.00,103.05,116.20,114.95,109.95,24435.95,116.20,52455,3575,322,499616234.00,209,F1,65,,,,,
2026-08-12,2026-08-12,FO,NSE,IDO,74009,,NIFTY,,2026-09-29,2026-09-29,23700.00,PE,NIFTY26SEP23700PE,104.95,127.50,94.90,108.80,106.30,100.40,24435.95,108.80,277940,40690,4001,6193652578.75,2679,F1,65,,,,,
2026-08-12,2026-08-12,FO,NSE,IDO,73909,,NIFTY,,2026-09-29,2026-09-29,23150.00,PE,NIFTY26SEP23150PE,47.80,56.75,47.10,49.75,49.00,47.55,24435.95,49.75,22035,585,95,143264995.25,64,F1,65,,,,,
2026-08-12,2026-08-12,FO,NSE,IDO,73876,,NIFTY,,2026-09-29,2026-09-29,22250.00,PE,NIFTY26SEP22250PE,20.35,20.35,18.00,18.00,18.00,18.60,24435.95,18.00,13390,1105,26,37635113.75,23,F1,65,,,,,
2026-08-12,2026-08-12,FO,NSE,IDO,73874,,NIFTY,,2026-09-29,2026-09-29,22200.00,PE,NIFTY26SEP22200PE,17.95,19.65,16.85,17.30,17.65,17.35,24435.95,17.30,49985,1365,444,641220271.25,276,F1,65,,,,,
2026-08-12,2026-08-12,FO,NSE,IDO,45027,,NIFTY,,2026-08-18,2026-08-18,22800.00,CE,NIFTY2681822800CE,0.00,0.00,0.00,1464.30,0.00,1464.30,24435.95,1658.71,0,0,0,0.00,0,F1,65,,,,,
2026-08-12,2026-08-12,FO,NSE,IDO,45132,,NIFTY,,2026-08-18,2026-08-18,24750.00,CE,NIFTY2681824750CE,44.65,49.10,16.95,25.60,25.95,47.40,24435.95,25.60,2072980,-132925,485627,782072716249.50,168588,F1,65,,,,,
2026-08-12,2026-08-12,FO,NSE,IDO,45233,,NIFTY,,2026-08-18,2026-08-18,26550.00,CE,NIFTY2681826550CE,0.65,1.05,0.55,0.65,0.55,0.70,24435.95,0.65,12025,6240,2186,3772589304.25,703,F1,65,,,,,
2026-08-12,2026-08-12,FO,NSE,IDO,61156,,NIFTY,,2026-08-25,2026-08-25,21300.00,CE,NIFTY26AUG21300CE,3070.00,3070.00,3070.00,3070.00,3070.00,3250.00,24435.95,3181.87,3705,-65,1,1584050.00,1,F1,65,,,,,
2026-08-12,2026-08-12,FO,NSE,IDO,61336,,NIFTY,,2026-08-25,2026-08-25,21650.00,CE,NIFTY26AUG21650CE,0.00,0.00,0.00,2669.30,0.00,2669.30,24435.95,2832.63,0,0,0,0.00,0,F1,65,,,,,
2026-08-12,2026-08-12,FO,NSE,IDO,61338,,NIFTY,,2026-08-25,2026-08-25,21700.00,CE,NIFTY26AUG21700CE,0.00,0.00,0.00,2625.10,0.00,2625.10,24435.95,2782.74,0,0,0,0.00,0,F1,65,,,,,
2026-08-12,2026-08-12,FO,NSE,IDO,61397,,NIFTY,,2026-08-25,2026-08-25,22500.00,CE,NIFTY26AUG22500CE,1988.00,2015.00,1865.00,1970.00,1970.00,2038.40,24435.95,1985.22,303680,-1235,70,111102748.25,65,F1,65,,,,,
2026-08-12,2026-08-12,FO,NSE,IDO,61727,,NIFTY,,2026-08-25,2026-08-25,24450.00,CE,NIFTY26AUG24450CE,261.00,261.80,158.80,203.25,204.45,255.90,24435.95,203.25,308165,131300,18503,29644331596.75,13256,F1,65,,,,,
2026-08-12,2026-08-12,FO,NSE,IDO,62002,,NIFTY,,2026-08-25,2026-08-25,25850.00,CE,NIFTY26AUG25850CE,2.35,2.40,1.70,1.85,1.80,2.50,24435.95,1.85,41275,25675,1871,3144015540.25,1677,F1,65,,,,,
2026-08-12,2026-08-12,FO,NSE,IDO,62022,,NIFTY,,2026-08-25,2026-08-25,25900.00,CE,NIFTY26AUG25900CE,2.40,2.60,1.50,1.60,1.55,2.35,24435.95,1.60,432445,161135,15895,26761306546.00,11249,F1,65,,,,,
2026-08-12,2026-08-12,FO,NSE,IDO,62058,,NIFTY,,2026-08-25,2026-08-25,26250.00,CE,NIFTY26AUG26250CE,1.50,1.60,0.95,1.05,1.15,1.35,24435.95,1.05,99515,2860,2071,3533809324.50,1481,F1,65,,,,,
2026-08-12,2026-08-12,FO,NSE,IDO,62222,,NIFTY,,2026-08-25,2026-08-25,26900.00,CE,NIFTY26AUG26900CE,0.65,0.85,0.65,0.70,0.65,0.65,24435.95,0.70,28275,0,48,83930184.00,11,F1,65,,,,,
2026-08-12,2026-08-12,FO,NSE,IDO,46905,,NIFTY,,2026-09-01,2026-09-01,22000.00,CE,NIFTY2690122000CE,0.00,0.00,0.00,2360.90,0.00,2360.90,24435.95,2509.58,0,0,0,0.00,0,F1,65,,,,,
2026-08-12,2026-08-12,FO,NSE,IDO,46913,,NIFTY,,2026-09-01,2026-09-01,22200.00,CE,NIFTY2690122200CE,0.00,0.00,0.00,2171.80,0.00,2171.80,24435.95,2311.04,0,0,0,0.00,0,F1,65,,,,,
2026-08-12,2026-08-12,FO,NSE,IDO,47003,,NIFTY,,2026-09-01,2026-09-01,24450.00,CE,NIFTY2690124450CE,317.65,322.50,224.60,271.75,276.80,319.75,24435.95,271.75,26195,15860,851,1366862610.75,661,F1,65,,,,,
2026-08-12,2026-08-12,FO,NSE,IDO,47009,,NIFTY,,2026-09-01,2026-09-01,24600.00,CE,NIFTY2690124600CE,228.05,237.00,158.20,193.65,198.25,240.10,24435.95,193.65,138060,65845,4440,7151884174.50,3550,F1,65,,,,,
2026-08-12,2026-08-12,FO,NSE,IDO,47075,,NIFTY,,2026-09-01,2026-09-01,26250.00,CE,NIFTY2690126250CE,2.50,3.90,2.40,3.20,3.20,64.85,24435.95,15.46,1040,1040,24,40954680.00,20,F1,65,,,,,
2026-08-12,2026-08-12,FO,NSE,IDO,47081,,NIFTY,,2026-09-01,2026-09-01,26400.00,CE,NIFTY2690126400CE,3.00,3.50,2.30,2.90,3.15,2.35,24435.95,2.90,3770,3055,94,161321335.50,46,F1,65,,,,,
2026-08-12,2026-08-12,FO,NSE,IDO,47102,,NIFTY,,2026-09-01,2026-09-01,26800.00,CE,NIFTY2690126800CE,2.25,2.30,1.95,1.95,1.95,2.25,24435.95,3.68,2795,1235,36,62716949.75,31,F1,65,,,,,
2026-08-12,2026-08-12,FO,NSE,IDO,47104,,NIFTY,,2026-09-01,2026-09-01,26850.00,CE,NIFTY2690126850CE,2.05,2.20,1.90,2.00,2.00,1.45,24435.95,3.19,1105,650,18,31416908.25,16,F1,65,,,,,
2026-08-12,2026-08-12,FO,NSE,IDO,42587,,NIFTY,,2026-09-08,2026-09-08,22900.00,CE,NIFTY2690822900CE,0.00,0.00,0.00,1884.10,0.00,1884.10,24435.95,1666.86,0,0,0,0.00,0,F1,65,,,,,
2026-08-12,2026-08-12,FO,NSE,IDO,42597,,NIFTY,,2026-09-08,2026-09-08,23150.00,CE,NIFTY2690823150CE,0.00,0.00,0.00,1656.90,0.00,1656.90,24435.95,1438.35,0,0,0,0.00,0,F1,65,,,,,
2026-08-12,2026-08-12,FO,NSE,IDO,42601,,NIFTY,,2026-09-08,2026-09-08,23250.00,CE,NIFTY2690823250CE,0.00,0.00,0.00,1568.45,0.00,1568.45,24435.95,1349.72,0,0,0,0.00,0,F1,65,,,,,
2026-08-12,2026-08-12,FO,NSE,IDO,42669,,NIFTY,,2026-09-08,2026-09-08,24700.00,CE,NIFTY2690824700CE,227.20,234.35,168.00,202.90,205.00,245.60,24435.95,202.90,19435,13195,406,656963875.75,336,F1,65,,,,,
2026-08-12,2026-08-12,FO,NSE,IDO,42683,,NIFTY,,2026-09-08,2026-09-08,25000.00,CE,NIFTY2690825000CE,123.05,125.00,82.90,100.55,102.80,128.30,24435.95,100.55,52520,29120,1689,2755365811.25,1129,F1,65,,,,,
2026-08-12,2026-08-12,FO,NSE,IDO,42769,,NIFTY,,2026-09-08,2026-09-08,26400.00,CE,NIFTY2690826400CE,4.15,4.50,3.25,3.50,3.50,69.15,24435.95,3.50,2340,2340,78,133867032.00,32,F1,65,,,,,
2026-08-12,2026-08-12,FO,NSE,IDO,47277,,NIFTY,,2026-09-15,2026-09-15,23000.00,CE,NIFTY2691523000CE,0.00,0.00,0.00,1658.15,0.00,1658.15,24435.95,1628.49,0,0,0,0.00,0,F1,65,,,,,
2026-08-12,2026-08-12,FO,NSE,IDO,47279,,NIFTY,,2026-09-15,2026-09-15,23050.00,CE,NIFTY2691523050CE,0.00,0.00,0.00,1613.50,0.00,1613.50,24435.95,1583.86,0,0,0,0.00,0,F1,65,,,,,
2026-08-12,2026-08-12,FO,NSE,IDO,47283,,NIFTY,,2026-09-15,2026-09-15,23150.00,CE,NIFTY2691523150CE,0.00,0.00,0.00,1525.35,0.00,1525.35,24435.95,1495.78,0,0,0,0.00,0,F1,65,,,,,
2026-08-12,2026-08-12,FO,NSE,IDO,73848,,NIFTY,,2026-09-29,2026-09-29,21700.00,PE,NIFTY26SEP21700PE,14.70,15.00,12.10,12.95,12.75,14.70,24435.95,12.95,13260,-585,101,142547359.50,75,F1,65,,,,,
2026-08-12,2026-08-12,FO,NSE,IDO,47436,,NIFTY,,2026-09-15,2026-09-15,26050.00,PE,NIFTY2691526050PE,0.00,0.00,0.00,1515.75,0.00,1515.75,24435.95,1535.39,0,0,0,0.00,0,F1,65,,,,,
2026-08-12,2026-08-12,FO,NSE,IDO,47372,,NIFTY,,2026-09-15,2026-09-15,25200.00,PE,NIFTY2691525200PE,0.00,0.00,0.00,850.85,0.00,850.85,24435.95,862.35,0,0,0,0.00,0,F1,65,,,,,
2026-08-12,2026-08-12,FO,NSE,IDO,47346,,NIFTY,,2026-09-15,2026-09-15,24600.00,PE,NIFTY2691524600PE,308.65,383.55,308.65,327.00,326.75,494.25,24435.95,327.00,1495,1495,23,37271071.50,10,F1,65,,,,,
2026-08-12,2026-08-12,FO,NSE,IDO,47332,,NIFTY,,2026-09-15,2026-09-15,24300.00,PE,NIFTY2691524300PE,0.00,0.00,0.00,357.65,0.00,357.65,24435.95,360.92,0,0,0,0.00,0,F1,65,,,,,
2026-08-12,2026-08-12,FO,NSE,IDO,47318,,NIFTY,,2026-09-15,2026-09-15,23950.00,PE,NIFTY2691523950PE,0.00,0.00,0.00,233.10,0.00,233.10,24435.95,234.31,0,0,0,0.00,0,F1,65,,,,,
2026-08-12,2026-08-12,FO,NSE,IDO,47292,,NIFTY,,2026-09-15,2026-09-15,23350.00,PE,NIFTY2691523350PE,0.00,0.00,0.00,97.30,0.00,97.30,24435.95,96.74,0,0,0,0.00,0,F1,65,,,,,
2026-08-12,2026-08-12,FO,NSE,IDO,47282,,NIFTY,,2026-09-15,2026-09-15,23100.00,PE,NIFTY2691523100PE,0.00,0.00,0.00,63.70,0.00,63.70,24435.95,62.94,0,0,0,0.00,0,F1,65,,,,,
2026-08-12,2026-08-12,FO,NSE,IDO,42670,,NIFTY,,2026-09-08,2026-09-08,24700.00,PE,NIFTY2690824700PE,391.45,444.05,365.75,372.70,370.75,353.20,24435.95,372.70,10595,8515,156,254714876.00,156,F1,65,,,,,
2026-08-12,2026-08-12,FO,NSE,IDO,42628,,NIFTY,,2026-09-08,2026-09-08,23700.00,PE,NIFTY2690823700PE,58.20,76.30,54.25,57.20,56.30,55.80,24435.95,57.20,21060,10465,451,696644633.75,336,F1,65,,,,,
2026-08-12,2026-08-12,FO,NSE,IDO,42600,,NIFTY,,2026-09-08,2026-09-08,23200.00,PE,NIFTY2690823200PE,0.00,0.00,0.00,62.70,0.00,62.70,24435.95,54.09,0,0,0,0.00,0,F1,65,,,,,
2026-08-12,2026-08-12,FO,NSE,IDO,47287,,NIFTY,,2026-09-15,2026-09-15,23250.00,CE,NIFTY2691523250CE,0.00,0.00,0.00,1438.90,0.00,1438.90,24435.95,1409.42,0,0,0,0.00,0,F1,65,,,,,
2026-08-12,2026-08-12,FO,NSE,IDO,47297,,NIFTY,,2026-09-15,2026-09-15,23500.00,CE,NIFTY2691523500CE,0.00,0.00,0.00,1231.15,0.00,1231.15,24435.95,1202.09,0,0,0,0.00,0,F1,65,,,,,
2026-08-12,2026-08-12,FO,NSE,IDO,47323,,NIFTY,,2026-09-15,2026-09-15,24100.00,CE,NIFTY2691524100CE,0.00,0.00,0.00,793.35,0.00,793.35,24435.95,766.77,0,0,0,0.00,0,F1,65,,,,,
2026-08-12,2026-08-12,FO,NSE,IDO,47356,,NIFTY,,2026-09-15,2026-09-15,24850.00,CE,NIFTY2691524850CE,0.00,0.00,0.00,395.35,0.00,395.35,24435.95,374.99,0,0,0,0.00,0,F1,65,,,,,
2026-08-12,2026-08-12,FO,NSE,IDO,47365,,NIFTY,,2026-09-15,2026-09-15,25050.00,CE,NIFTY2691525050CE,0.00,0.00,0.00,318.55,0.00,318.55,24435.95,300.24,0,0,0,0.00,0,F1,65,,,,,
2026-08-12,2026-08-12,FO,NSE,IDO,47373,,NIFTY,,2026-09-15,2026-09-15,25250.00,CE,NIFTY2691525250CE,0.00,0.00,0.00,253.25,0.00,253.25,24435.95,237.06,0,0,0,0.00,0,F1,65,,,,,
2026-08-12,2026-08-12,FO,NSE,IDO,47397,,NIFTY,,2026-09-15,2026-09-15,25650.00,CE,NIFTY2691525650CE,0.00,0.00,0.00,153.90,0.00,153.90,24435.95,141.85,0,0,0,0.00,0,F1,65,,,,,
2026-08-12,2026-08-12,FO,NSE,IDO,47407,,NIFTY,,2026-09-15,2026-09-15,25750.00,CE,NIFTY2691525750CE,0.00,0.00,0.00,134.65,0.00,134.65,24435.95,123.62,0,0,0,0.00,0,F1,65,,,,,
2026-08-12,2026-08-12,FO,NSE,IDO,47415,,NIFTY,,2026-09-15,2026-09-15,25850.00,CE,NIFTY2691525850CE,0.00,0.00,0.00,117.45,0.00,117.45,24435.95,107.34,0,0,0,0.00,0,F1,65,,,,,
2026-08-12,2026-08-12,FO,NSE,IDO,47437,,NIFTY,,2026-09-15,2026-09-15,26100.00,CE,NIFTY2691526100CE,0.00,0.00,0.00,82.15,0.00,82.15,24435.95,74.20,0,0,0,0.00,0,F1,65,,,,,
2026-08-12,2026-08-12,FO,NSE,IDO,47441,,NIFTY,,2026-09-15,2026-09-15,26200.00,CE,NIFTY2691526200CE,0.00,0.00,0.00,70.75,0.00,70.75,24435.95,63.60,0,0,0,0.00,0,F1,65,,,,,
2026-08-12,2026-08-12,FO,NSE,IDO,55282,,NIFTY,,2026-09-29,2026-09-29,19500.00,CE,NIFTY26SEP19500CE,5020.00,5020.00,4994.60,4994.60,4994.60,5151.50,24435.95,5103.46,140660,-1300,22,35028955.00,17,F1,65,,,,,
2026-08-12,2026-08-12,FO,NSE,IDO,73849,,NIFTY,,2026-09-29,2026-09-29,21750.00,CE,NIFTY26SEP21750CE,0.00,0.00,0.00,2542.45,0.00,2542.45,24435.95,2882.18,0,0,0,0.00,0,F1,65,,,,,
2026-08-12,2026-08-12,FO,NSE,IDO,73852,,NIFTY,,2026-09-29,2026-09-29,21800.00,CE,NIFTY26SEP21800CE,0.00,0.00,0.00,2929.00,2929.00,2929.00,24435.95,2833.66,65,0,0,0.00,0,F1,65,,,,,
2026-08-12,2026-08-12,FO,NSE,IDO,73869,,NIFTY,,2026-09-29,2026-09-29,22100.00,CE,NIFTY26SEP22100CE,0.00,0.00,0.00,2242.10,0.00,2242.10,24435.95,2544.89,0,0,0,0.00,0,F1,65,,,,,
2026-08-12,2026-08-12,FO,NSE,IDO,74114,,NIFTY,,2026-09-29,2026-09-29,24400.00,CE,NIFTY26SEP24400CE,521.05,550.00,445.45,498.85,504.85,549.15,24435.95,498.85,138125,40885,2614,4227934948.25,2097,F1,65,,,,,
2026-08-12,2026-08-12,FO,NSE,IDO,74353,,NIFTY,,2026-09-29,2026-09-29,24700.00,CE,NIFTY26SEP24700CE,358.65,373.65,291.40,331.60,333.00,375.85,24435.95,331.60,311805,33735,5510,8960733652.00,3900,F1,65,,,,,
2026-08-12,2026-08-12,FO,NSE,IDO,74357,,NIFTY,,2026-09-29,2026-09-29,24800.00,CE,NIFTY26SEP24800CE,322.00,322.30,249.00,283.50,285.25,322.80,24435.95,283.50,299195,18525,3260,5313009445.25,2556,F1,65,,,,,
2026-08-12,2026-08-12,FO,NSE,IDO,74361,,NIFTY,,2026-09-29,2026-09-29,24900.00,CE,NIFTY26SEP24900CE,258.60,276.90,211.65,241.60,245.30,276.55,24435.95,241.60,178035,-13325,2436,3978800111.00,1807,F1,65,,,,,
2026-08-12,2026-08-12,FO,NSE,IDO,74477,,NIFTY,,2026-09-29,2026-09-29,26400.00,CE,NIFTY26SEP26400CE,0.00,0.00,0.00,175.40,0.00,175.40,24435.95,95.78,0,0,0,0.00,0,F1,65,,,,,
2026-08-12,2026-08-12,FO,NSE,IDO,51324,,NIFTY,,2026-10-27,2026-10-27,22350.00,CE,NIFTY26OCT22350CE,0.00,0.00,0.00,2124.25,0.00,2124.25,24435.95,2459.37,0,0,0,0.00,0,F1,65,,,,,
2026-08-12,2026-08-12,FO,NSE,IDO,51350,,NIFTY,,2026-10-27,2026-10-27,22950.00,CE,NIFTY26OCT22950CE,0.00,0.00,0.00,1654.95,0.00,1654.95,24435.95,1942.63,0,0,0,0.00,0,F1,65,,,,,
2026-08-12,2026-08-12,FO,NSE,IDO,51388,,NIFTY,,2026-10-27,2026-10-27,23900.00,CE,NIFTY26OCT23900CE,967.50,994.40,967.50,994.40,994.40,1154.35,24435.95,1233.47,65,0,2,3234523.50,2,F1,65,,,,,
2026-08-12,2026-08-12,FO,NSE,IDO,51402,,NIFTY,,2026-10-27,2026-10-27,24200.00,CE,NIFTY26OCT24200CE,809.00,820.25,748.00,798.10,798.10,860.00,24435.95,798.10,5915,1365,97,157436646.25,72,F1,65,,,,,
2026-08-12,2026-08-12,FO,NSE,IDO,51418,,NIFTY,,2026-10-27,2026-10-27,24500.00,CE,NIFTY26OCT24500CE,680.40,680.40,560.05,609.20,616.90,659.50,24435.95,609.20,177320,13910,2504,4083967065.75,1991,F1,65,,,,,
2026-08-12,2026-08-12,FO,NSE,IDO,51458,,NIFTY,,2026-10-27,2026-10-27,25450.00,CE,NIFTY26OCT25450CE,0.00,0.00,0.00,388.60,0.00,388.60,24435.95,459.24,0,0,0,0.00,0,F1,65,,,,,
2026-08-12,2026-08-12,FO,NSE,IDO,51490,,NIFTY,,2026-10-27,2026-10-27,26000.00,CE,NIFTY26OCT26000CE,90.75,93.10,73.50,81.30,83.00,93.45,24435.95,81.30,586820,77805,6323,10718437154.75,3657,F1,65,,,,,
2026-08-12,2026-08-12,FO,NSE,IDO,51514,,NIFTY,,2026-10-27,2026-10-27,26600.00,CE,NIFTY26OCT26600CE,0.00,0.00,0.00,157.40,0.00,157.40,24435.95,178.05,0,0,0,0.00,0,F1,65,,,,,
2026-08-12,2026-08-12,FO,NSE,IDO,51520,,NIFTY,,2026-10-27,2026-10-27,26750.00,CE,NIFTY26OCT26750CE,0.00,0.00,0.00,138.30,0.00,138.30,24435.95,155.18,0,0,0,0.00,0,F1,65,,,,,
2026-08-12,2026-08-12,FO,NSE,IDO,58646,,NIFTY,,2026-12-29,2026-12-29,21000.00,CE,NIFTY26DEC21000CE,3920.00,3961.10,3855.00,3944.75,3929.30,3989.45,24435.95,3944.75,195235,130,52,84166891.25,42,F1,65,,,,,
2026-08-12,2026-08-12,FO,NSE,IDO,80192,,NIFTY,,2027-03-30,2027-03-30,18000.00,CE,NIFTY27MAR18000CE,0.00,0.00,0.00,5643.55,0.00,5643.55,24435.95,7168.33,0,0,0,0.00,0,F1,65,,,,,
2026-08-12,2026-08-12,FO,NSE,IDO,71553,,NIFTY,,2027-06-29,2027-06-29,21000.00,CE,NIFTY27JUN21000CE,0.00,0.00,0.00,3061.80,0.00,3061.80,24435.95,4754.07,0,0,0,0.00,0,F1,65,,,,,
2026-08-12,2026-08-12,FO,NSE,IDO,71560,,NIFTY,,2027-06-29,2027-06-29,24000.00,CE,NIFTY27JUN24000CE,2200.00,2200.00,2200.00,2200.00,2200.00,2303.90,24435.95,2517.30,1185,65,1,1703000.00,1,F1,65,,,,,
2026-08-12,2026-08-12,FO,NSE,IDO,50981,,NIFTY,,2027-06-29,2027-06-29,27000.00,CE,NIFTY27JUN27000CE,0.00,0.00,0.00,695.95,695.95,695.95,24435.95,1075.89,195,0,0,0.00,0,F1,65,,,,,
2026-08-12,2026-08-12,FO,NSE,IDO,55424,,NIFTY,,2027-12-28,2027-12-28,22500.00,CE,NIFTY27DEC22500CE,0.00,0.00,0.00,6183.00,0.00,6183.00,24435.95,4326.41,0,0,0,0.00,0,F1,65,,,,,
2026-08-12,2026-08-12,FO,NSE,IDO,55426,,NIFTY,,2027-12-28,2027-12-28,25500.00,CE,NIFTY27DEC25500CE,0.00,0.00,0.00,2400.00,2400.00,2400.00,24435.95,2473.47,0,0,0,0.00,0,F1,65,,,,,
2026-08-12,2026-08-12,FO,NSE,IDO,55428,,NIFTY,,2027-12-28,2027-12-28,28500.00,CE,NIFTY27DEC28500CE,731.00,745.00,693.15,693.15,693.15,739.05,24435.95,1256.59,11635,-65,3,5698494.75,3,F1,65,,,,,
2026-08-12,2026-08-12,FO,NSE,IDO,55476,,NIFTY,,2028-06-27,2028-06-27,25500.00,CE,NIFTY28JUN25500CE,0.00,0.00,0.00,4676.60,0.00,4676.60,24435.95,3197.94,0,0,0,0.00,0,F1,65,,,,,
2026-08-12,2026-08-12,FO,NSE,IDO,55480,,NIFTY,,2028-06-27,2028-06-27,31500.00,CE,NIFTY28JUN31500CE,0.00,0.00,0.00,1784.80,0.00,1784.80,24435.95,1034.40,0,0,0,0.00,0,F1,65,,,,,
2026-08-12,2026-08-12,FO,NSE,IDO,67776,,NIFTY,,2028-12-26,2028-12-26,21000.00,CE,NIFTY28DEC21000CE,0.00,0.00,0.00,7512.50,0.00,7512.50,24435.95,6762.84,0,0,0,0.00,0,F1,65,,,,,
2026-08-12,2026-08-12,FO,NSE,IDO,55602,,NIFTY,,2029-12-24,2029-12-24,22500.00,CE,NIFTY29DEC22500CE,0.00,0.00,0.00,8486.15,0.00,8486.15,24435.95,6928.96,0,0,0,0.00,0,F1,65,,,,,
2026-08-12,2026-08-12,FO,NSE,IDO,55642,,NIFTY,,2030-06-25,2030-06-25,19500.00,CE,NIFTY30JUN19500CE,0.00,0.00,0.00,11140.25,0.00,11140.25,24435.95,9503.87,0,0,0,0.00,0,F1,65,,,,,
2026-08-12,2026-08-12,FO,NSE,IDO,74655,,NIFTY,,2031-06-24,2031-06-24,28500.00,CE,NIFTY31JUN28500CE,0.00,0.00,0.00,5048.95,0.00,5048.95,24435.95,5461.59,0,0,0,0.00,0,F1,65,,,,,
2026-08-12,2026-08-12,FO,NSE,IDO,45018,,NIFTY,,2026-08-18,2026-08-18,22550.00,PE,NIFTY2681822550PE,1.70,2.30,1.05,1.30,1.50,1.60,24435.95,1.30,33280,21385,4087,5990900737.25,1423,F1,65,,,,,
2026-08-12,2026-08-12,FO,NSE,IDO,45143,,NIFTY,,2026-08-18,2026-08-18,24850.00,PE,NIFTY2681824850PE,362.30,529.15,358.85,421.10,418.00,371.25,24435.95,421.10,38545,1690,3565,5859950232.50,3073,F1,65,,,,,
2026-08-12,2026-08-12,FO,NSE,IDO,45171,,NIFTY,,2026-08-18,2026-08-18,25500.00,PE,NIFTY2681825500PE,1025.00,1160.35,1000.00,1058.00,1050.70,986.70,24435.95,1058.00,171405,1820,271,468202988.50,177,F1,65,,,,,
2026-08-12,2026-08-12,FO,NSE,IDO,45185,,NIFTY,,2026-08-18,2026-08-18,25650.00,PE,NIFTY2681825650PE,1178.30,1178.30,1178.30,1178.30,1178.30,1538.00,24435.95,1190.86,520,520,8,13950716.00,3,F1,65,,,,,
2026-08-12,2026-08-12,FO,NSE,IDO,45250,,NIFTY,,2026-08-18,2026-08-18,26750.00,PE,NIFTY2681826750PE,0.00,0.00,0.00,2558.25,0.00,2558.25,24435.95,2287.42,0,0,0,0.00,0,F1,65,,,,,
2026-08-12,2026-08-12,FO,NSE,IDO,61351,,NIFTY,,2026-08-25,2026-08-25,21950.00,PE,NIFTY26AUG21950PE,2.80,3.55,2.55,3.10,3.45,3.60,24435.95,3.10,9165,5590,265,378138036.25,143,F1,65,,,,,
2026-08-12,2026-08-12,FO,NSE,IDO,61429,,NIFTY,,2026-08-25,2026-08-25,23000.00,PE,NIFTY26AUG23000PE,6.80,7.65,5.75,5.90,6.00,6.75,24435.95,5.90,3155620,133380,33901,50696388814.50,14048,F1,65,,,,,
2026-08-12,2026-08-12,FO,NSE,IDO,61529,,NIFTY,,2026-08-25,2026-08-25,23650.00,PE,NIFTY26AUG23650PE,21.05,29.25,17.15,17.85,17.90,19.75,24435.95,17.85,335140,131820,11022,16959500535.25,7849,F1,65,,,,,
2026-08-12,2026-08-12,FO,NSE,IDO,61646,,NIFTY,,2026-08-25,2026-08-25,24150.00,PE,NIFTY26AUG24150PE,76.05,120.75,70.65,79.15,78.35,78.00,24435.95,79.15,279825,59865,11496,18117568654.25,9050,F1,65,,,,,
2026-08-12,2026-08-12,FO,NSE,IDO,61774,,NIFTY,,2026-08-25,2026-08-25,24550.00,PE,NIFTY26AUG24550PE,210.35,307.10,200.90,230.55,229.40,210.80,24435.95,230.55,188890,-34970,7913,12760054586.50,6005,F1,65,,,,,
2026-08-12,2026-08-12,FO,NSE,IDO,61922,,NIFTY,,2026-08-25,2026-08-25,25150.00,PE,NIFTY26AUG25150PE,666.95,792.30,627.60,771.20,771.20,668.85,24435.95,744.69,3900,1885,48,80853217.25,37,F1,65,,,,,
2026-08-12,2026-08-12,FO,NSE,IDO,62000,,NIFTY,,2026-08-25,2026-08-25,25800.00,PE,NIFTY26AUG25800PE,1388.00,1420.00,1338.00,1338.00,1338.00,1256.35,24435.95,1323.94,12025,-65,5,8837023.00,5,F1,65,,,,,
2026-08-12,2026-08-12,FO,NSE,IDO,62221,,NIFTY,,2026-08-25,2026-08-25,26850.00,PE,NIFTY26AUG26850PE,0.00,0.00,0.00,2671.25,0.00,2671.25,24435.95,2356.53,0,0,0,0.00,0,F1,65,,,,,
2026-08-12,2026-08-12,FO,NSE,IDO,46938,,NIFTY,,2026-09-01,2026-09-01,22800.00,PE,NIFTY2690122800PE,9.40,9.60,7.65,8.00,8.50,8.55,24435.95,8.00,44915,7215,486,720522858.25,343,F1,65,,,,,
2026-08-12,2026-08-12,FO,NSE,IDO,47111,,NIFTY,,2026-09-01,2026-09-01,27000.00,PE,NIFTY2690127000PE,0.00,0.00,0.00,2645.40,0.00,2645.40,24435.95,2476.61,0,0,0,0.00,0,F1,65,,,,,
2026-08-12,2026-08-12,FO,NSE,IDO,47099,,NIFTY,,2026-09-01,2026-09-01,26700.00,PE,NIFTY2690126700PE,0.00,0.00,0.00,2360.10,0.00,2360.10,24435.95,2180.38,0,0,0,0.00,0,F1,65,,,,,
2026-08-12,2026-08-12,FO,NSE,IDO,47078,,NIFTY,,2026-09-01,2026-09-01,26300.00,PE,NIFTY2690126300PE,0.00,0.00,0.00,1989.70,0.00,1989.70,24435.95,1790.55,0,0,0,0.00,0,F1,65,,,,,
2026-08-12,2026-08-12,FO,NSE,IDO,47048,,NIFTY,,2026-09-01,2026-09-01,25550.00,PE,NIFTY2690125550PE,0.00,0.00,0.00,1345.20,0.00,1345.20,24435.95,1100.68,0,0,0,0.00,0,F1,65,,,,,
2026-08-12,2026-08-12,FO,NSE,IDO,47046,,NIFTY,,2026-09-01,2026-09-01,25500.00,PE,NIFTY2690125500PE,0.00,0.00,0.00,1305.40,0.00,1305.40,24435.95,1058.07,0,0,0,0.00,0,F1,65,,,,,
2026-08-12,2026-08-12,FO,NSE,IDO,47030,,NIFTY,,2026-09-01,2026-09-01,25100.00,PE,NIFTY2690125100PE,0.00,0.00,0.00,1005.40,0.00,1005.40,24435.95,740.88,0,0,0,0.00,0,F1,65,,,,,
2026-08-12,2026-08-12,FO,NSE,IDO,47020,,NIFTY,,2026-09-01,2026-09-01,24850.00,PE,NIFTY2690124850PE,0.00,0.00,0.00,418.00,418.00,418.00,24435.95,569.01,65,0,0,0.00,0,F1,65,,,,,
2026-08-12,2026-08-12,FO,NSE,IDO,42715,,NIFTY,,2026-09-08,2026-09-08,25550.00,PE,NIFTY2690825550PE,0.00,0.00,0.00,1003.80,0.00,1003.80,24435.95,1114.72,0,0,0,0.00,0,F1,65,,,,,
2026-08-12,2026-08-12,FO,NSE,IDO,42736,,NIFTY,,2026-09-08,2026-09-08,25850.00,PE,NIFTY2690825850PE,0.00,0.00,0.00,1234.05,0.00,1234.05,24435.95,1368.81,0,0,0,0.00,0,F1,65,,,,,
2026-08-12,2026-08-12,FO,NSE,IDO,42746,,NIFTY,,2026-09-08,2026-09-08,26000.00,PE,NIFTY2690826000PE,0.00,0.00,0.00,1356.15,0.00,1356.15,24435.95,1501.94,0,0,0,0.00,0,F1,65,,,,,
2026-08-12,2026-08-12,FO,NSE,IDO,47276,,NIFTY,,2026-09-15,2026-09-15,22950.00,PE,NIFTY2691522950PE,0.00,0.00,0.00,48.50,0.00,48.50,24435.95,47.73,0,0,0,0.00,0,F1,65,,,,,
2026-08-12,2026-08-12,FO,NSE,IDO,47296,,NIFTY,,2026-09-15,2026-09-15,23450.00,PE,NIFTY2691523450PE,0.00,0.00,0.00,114.05,0.00,114.05,24435.95,113.68,0,0,0,0.00,0,F1,65,,,,,
2026-08-12,2026-08-12,FO,NSE,IDO,47352,,NIFTY,,2026-09-15,2026-09-15,24750.00,PE,NIFTY2691524750PE,0.00,0.00,0.00,573.20,0.00,573.20,24435.95,580.20,0,0,0,0.00,0,F1,65,,,,,
2026-08-12,2026-08-12,FO,NSE,IDO,47355,,NIFTY,,2026-09-15,2026-09-15,24800.00,PE,NIFTY2691524800PE,0.00,0.00,0.00,601.05,0.00,601.05,24435.95,608.54,0,0,0,0.00,0,F1,65,,,,,
2026-08-12,2026-08-12,FO,NSE,IDO,73866,,NIFTY,,2026-09-29,2026-09-29,22000.00,PE,NIFTY26SEP22000PE,15.90,17.25,14.95,15.45,15.25,15.95,24435.95,15.45,738530,7800,4445,6361025713.25,2514,F1,65,,,,,
2026-08-12,2026-08-12,FO,NSE,IDO,73892,,NIFTY,,2026-09-29,2026-09-29,22700.00,PE,NIFTY26SEP22700PE,28.00,31.85,25.30,27.55,26.95,26.85,24435.95,27.55,55185,5265,497,734238144.25,276,F1,65,,,,,
2026-08-12,2026-08-12,FO,NSE,IDO,73907,,NIFTY,,2026-09-29,2026-09-29,23100.00,PE,NIFTY26SEP23100PE,45.00,53.40,41.10,46.80,46.10,43.35,24435.95,46.80,135655,39715,1880,2828791403.75,1229,F1,65,,,,,
2026-08-12,2026-08-12,FO,NSE,IDO,74046,,NIFTY,,2026-09-29,2026-09-29,23800.00,PE,NIFTY26SEP23800PE,123.30,146.40,109.55,124.90,122.55,115.95,24435.95,124.90,500695,41015,4533,7052153377.75,3065,F1,65,,,,,
2026-08-12,2026-08-12,FO,NSE,IDO,74369,,NIFTY,,2026-09-29,2026-09-29,25100.00,PE,NIFTY26SEP25100PE,639.95,720.00,619.95,646.70,645.50,613.85,24435.95,646.70,23010,-1235,71,118907087.00,70,F1,65,,,,,
2026-08-12,2026-08-12,FO,NSE,IDO,55287,,NIFTY,,2026-09-29,2026-09-29,25500.00,PE,NIFTY26SEP25500PE,940.85,1037.05,888.65,948.45,947.60,902.25,24435.95,948.45,627185,19305,2078,3577637170.25,1472,F1,65,,,,,
2026-08-12,2026-08-12,FO,NSE,IDO,74443,,NIFTY,,2026-09-29,2026-09-29,26100.00,PE,NIFTY26SEP26100PE,0.00,0.00,0.00,1296.00,1296.00,1296.00,24435.95,1577.51,65,0,0,0.00,0,F1,65,,,,,
2026-08-12,2026-08-12,FO,NSE,IDO,74468,,NIFTY,,2026-09-29,2026-09-29,26250.00,PE,NIFTY26SEP26250PE,0.00,0.00,0.00,2180.00,0.00,2180.00,24435.95,1703.71,0,0,0,0.00,0,F1,65,,,,,
2026-08-12,2026-08-12,FO,NSE,IDO,74486,,NIFTY,,2026-09-29,2026-09-29,26600.00,PE,NIFTY26SEP26600PE,0.00,0.00,0.00,2474.55,0.00,2474.55,24435.95,2009.84,0,0,0,0.00,0,F1,65,,,,,
2026-08-12,2026-08-12,FO,NSE,IDO,51325,,NIFTY,,2026-10-27,2026-10-27,22350.00,PE,NIFTY26OCT22350PE,0.00,0.00,0.00,40.50,40.50,40.50,24435.95,70.21,910,0,0,0.00,0,F1,65,,,,,
2026-08-12,2026-08-12,FO,NSE,IDO,42592,,NIFTY,,2026-09-08,2026-09-08,23000.00,PE,NIFTY2690823000PE,17.40,20.05,15.25,15.80,16.20,16.40,24435.95,15.80,25610,5525,430,643356025.00,251,F1,65,,,,,
2026-08-12,2026-08-12,FO,NSE,IDO,42584,,NIFTY,,2026-09-08,2026-09-08,22800.00,PE,NIFTY2690822800PE,12.10,12.45,12.10,12.35,12.30,29.65,24435.95,12.35,0,0,16,23724818.00,8,F1,65,,,,,
2026-08-12,2026-08-12,FO,NSE,IDO,47068,,NIFTY,,2026-09-01,2026-09-01,26050.00,PE,NIFTY2690126050PE,0.00,0.00,0.00,1766.25,0.00,1766.25,24435.95,1552.46,0,0,0,0.00,0,F1,65,,,,,
2026-08-12,2026-08-12,FO,NSE,IDO,47010,,NIFTY,,2026-09-01,2026-09-01,24600.00,PE,NIFTY2690124600PE,277.75,362.55,258.10,291.75,285.00,264.85,24435.95,291.75,72280,27235,1426,2309723776.75,1296,F1,65,,,,,
2026-08-12,2026-08-12,FO,NSE,IDO,46972,,NIFTY,,2026-09-01,2026-09-01,23650.00,PE,NIFTY2690123650PE,0.00,0.00,0.00,264.15,0.00,264.15,24435.95,88.79,0,0,0,0.00,0,F1,65,,,,,
2026-08-12,2026-08-12,FO,NSE,IDO,51329,,NIFTY,,2026-10-27,2026-10-27,22450.00,PE,NIFTY26OCT22450PE,0.00,0.00,0.00,43.05,43.05,43.05,24435.95,79.88,845,0,0,0.00,0,F1,65,,,,,
2026-08-12,2026-08-12,FO,NSE,IDO,51363,,NIFTY,,2026-10-27,2026-10-27,23250.00,PE,NIFTY26OCT23250PE,0.00,0.00,0.00,356.75,0.00,356.75,24435.95,200.92,0,0,0,0.00,0,F1,65,,,,,
2026-08-12,2026-08-12,FO,NSE,IDO,51389,,NIFTY,,2026-10-27,2026-10-27,23900.00,PE,NIFTY26OCT23900PE,189.00,218.45,179.40,192.70,193.20,184.25,24435.95,192.70,36920,5005,166,260052468.00,116,F1,65,,,,,
2026-08-12,2026-08-12,FO,NSE,IDO,51397,,NIFTY,,2026-10-27,2026-10-27,24050.00,PE,NIFTY26OCT24050PE,0.00,0.00,0.00,656.15,0.00,656.15,24435.95,424.55,0,0,0,0.00,0,F1,65,,,,,
2026-08-12,2026-08-12,FO,NSE,IDO,51405,,NIFTY,,2026-10-27,2026-10-27,24250.00,PE,NIFTY26OCT24250PE,285.75,322.00,285.75,315.40,315.40,275.80,24435.95,500.03,13260,325,12,19160427.00,12,F1,65,,,,,
2026-08-12,2026-08-12,FO,NSE,IDO,51453,,NIFTY,,2026-10-27,2026-10-27,25300.00,PE,NIFTY26OCT25300PE,826.00,826.00,826.00,826.00,826.00,683.20,24435.95,1033.47,455,65,2,3396380.00,2,F1,65,,,,,
2026-08-12,2026-08-12,FO,NSE,IDO,51503,,NIFTY,,2026-10-27,2026-10-27,26300.00,PE,NIFTY26OCT26300PE,0.00,0.00,0.00,2121.90,0.00,2121.90,24435.95,1739.42,0,0,0,0.00,0,F1,65,,,,,
2026-08-12,2026-08-12,FO,NSE,IDO,51531,,NIFTY,,2026-10-27,2026-10-27,27000.00,PE,NIFTY26OCT27000PE,2169.15,2316.80,2150.00,2259.85,2259.85,2147.55,24435.95,2320.28,12935,1755,60,114209241.25,60,F1,65,,,,,
2026-08-12,2026-08-12,FO,NSE,IDO,58647,,NIFTY,,2026-12-29,2026-12-29,21000.00,PE,NIFTY26DEC21000PE,47.65,50.65,46.35,49.15,49.40,47.60,24435.95,49.15,1086245,24165,1735,2373797130.25,1134,F1,65,,,,,
2026-08-12,2026-08-12,FO,NSE,IDO,46952,,NIFTY,,2026-09-01,2026-09-01,23150.00,PE,NIFTY2690123150PE,12.65,15.60,11.95,12.10,11.95,15.15,24435.95,12.10,1560,1495,64,96360254.25,50,F1,65,,,,,
2026-08-12,2026-08-12,FO,NSE,IDO,46942,,NIFTY,,2026-09-01,2026-09-01,22900.00,PE,NIFTY2690122900PE,10.00,10.85,8.45,8.55,8.55,10.50,24435.95,8.55,9555,2015,84,125087209.00,53,F1,65,,,,,
2026-08-12,2026-08-12,FO,NSE,IDO,46918,,NIFTY,,2026-09-01,2026-09-01,22300.00,PE,NIFTY2690122300PE,6.00,6.40,5.70,5.95,6.00,6.65,24435.95,5.95,1755,1300,39,56545856.25,27,F1,65,,,,,
2026-08-12,2026-08-12,FO,NSE,IDO,62198,,NIFTY,,2026-08-25,2026-08-25,26800.00,PE,NIFTY26AUG26800PE,0.00,0.00,0.00,2250.00,2250.00,2250.00,24435.95,2306.72,130,0,0,0.00,0,F1,65,,,,,
2026-08-12,2026-08-12,FO,NSE,IDO,62068,,NIFTY,,2026-08-25,2026-08-25,26300.00,PE,NIFTY26AUG26300PE,1795.00,1927.00,1795.00,1821.00,1821.00,1754.10,24435.95,1821.00,477685,2665,77,141077719.25,44,F1,65,,,,,
2026-08-12,2026-08-12,FO,NSE,IDO,62023,,NIFTY,,2026-08-25,2026-08-25,25900.00,PE,NIFTY26AUG25900PE,1508.95,1526.35,1508.95,1520.00,1520.00,1247.40,24435.95,1419.67,4355,-195,3,5346594.50,3,F1,65,,,,,
2026-08-12,2026-08-12,FO,NSE,IDO,61982,,NIFTY,,2026-08-25,2026-08-25,25650.00,PE,NIFTY26AUG25650PE,0.00,0.00,0.00,1625.00,1625.00,1625.00,24435.95,1182.68,195,0,0,0.00,0,F1,65,,,,,
2026-08-12,2026-08-12,FO,NSE,IDO,61786,,NIFTY,,2026-08-25,2026-08-25,24650.00,PE,NIFTY26AUG24650PE,259.60,373.95,253.00,288.60,287.30,263.55,24435.95,288.60,241930,-55120,5376,8726751540.00,3945,F1,65,,,,,
2026-08-12,2026-08-12,FO,NSE,IDO,61622,,NIFTY,,2026-08-25,2026-08-25,24100.00,PE,NIFTY26AUG24100PE,64.85,106.25,61.75,68.90,68.00,68.75,24435.95,68.90,2501655,155220,43862,68950412118.25,30963,F1,65,,,,,
2026-08-12,2026-08-12,FO,NSE,IDO,61588,,NIFTY,,2026-08-25,2026-08-25,23950.00,PE,NIFTY26AUG23950PE,43.10,70.00,40.00,43.45,43.70,44.45,24435.95,43.45,251095,64740,12913,20145447062.00,8505,F1,65,,,,,
2026-08-12,2026-08-12,FO,NSE,IDO,61586,,NIFTY,,2026-08-25,2026-08-25,23900.00,PE,NIFTY26AUG23900PE,38.95,60.95,34.50,37.20,36.60,39.40,24435.95,37.20,1014130,176150,41712,64924431637.00,28291,F1,65,,,,,
2026-08-12,2026-08-12,FO,NSE,IDO,61458,,NIFTY,,2026-08-25,2026-08-25,23300.00,PE,NIFTY26AUG23300PE,10.60,12.10,7.95,8.35,8.45,9.40,24435.95,8.35,741975,178880,26056,39478338181.75,14572,F1,65,,,,,
2026-08-12,2026-08-12,FO,NSE,IDO,61155,,NIFTY,,2026-08-25,2026-08-25,21250.00,PE,NIFTY26AUG21250PE,2.05,2.50,2.05,2.40,2.50,3.00,24435.95,2.40,7410,-390,24,33153503.50,20,F1,65,,,,,
2026-08-12,2026-08-12,FO,NSE,IDO,45173,,NIFTY,,2026-08-18,2026-08-18,25550.00,PE,NIFTY2681825550PE,0.00,0.00,0.00,1452.05,0.00,1452.05,24435.95,1092.53,0,0,0,0.00,0,F1,65,,,,,
2026-08-12,2026-08-12,FO,NSE,IDO,45101,,NIFTY,,2026-08-18,2026-08-18,24250.00,PE,NIFTY2681824250PE,49.00,100.60,42.35,51.55,50.10,51.15,24435.95,51.55,2467465,1078220,1221009,1930816122677.00,544178,F1,65,,,,,
2026-08-12,2026-08-12,FO,NSE,IDO,45093,,NIFTY,,2026-08-18,2026-08-18,24050.00,PE,NIFTY2681824050PE,20.95,42.70,17.40,18.70,18.00,21.15,24435.95,18.70,1171040,503945,477843,747922618586.00,177376,F1,65,,,,,
2026-08-12,2026-08-12,FO,NSE,IDO,45055,,NIFTY,,2026-08-18,2026-08-18,23300.00,PE,NIFTY2681823300PE,2.70,4.10,2.00,2.30,2.25,2.85,24435.95,2.30,2225405,395460,224187,339572535893.50,47035,F1,65,,,,,
2026-08-12,2026-08-12,FO,NSE,IDO,55766,,NIFTY,,2030-12-31,2030-12-31,33000.00,CE,NIFTY30DEC33000CE,0.00,0.00,0.00,3948.25,0.00,3948.25,24435.95,3234.51,0,0,0,0.00,0,F1,65,,,,,
2026-08-12,2026-08-12,FO,NSE,IDO,61794,,NIFTY,,2029-12-24,2029-12-24,27000.00,CE,NIFTY29DEC27000CE,0.00,0.00,0.00,6201.65,0.00,6201.65,24435.95,4395.69,0,0,0,0.00,0,F1,65,,,,,
2026-08-12,2026-08-12,FO,NSE,IDO,89630,,NIFTY,,2029-06-26,2029-06-26,24000.00,CE,NIFTY29JUN24000CE,0.00,0.00,0.00,8085.35,0.00,8085.35,24435.95,5388.71,0,0,0,0.00,0,F1,65,,,,,
2026-08-12,2026-08-12,FO,NSE,IDO,47198,,NIFTY,,2028-12-26,2028-12-26,33000.00,CE,NIFTY28DEC33000CE,0.00,0.00,0.00,2477.50,0.00,2477.50,24435.95,1189.49,0,0,0,0.00,0,F1,65,,,,,
2026-08-12,2026-08-12,FO,NSE,IDO,55518,,NIFTY,,2028-12-26,2028-12-26,19500.00,CE,NIFTY28DEC19500CE,0.00,0.00,0.00,9716.40,0.00,9716.40,24435.95,7902.25,0,0,0,0.00,0,F1,65,,,,,
2026-08-12,2026-08-12,FO,NSE,IDO,86145,,NIFTY,,2028-06-27,2028-06-27,21000.00,CE,NIFTY28JUN21000CE,0.00,0.00,0.00,5226.55,0.00,5226.55,24435.95,6133.52,0,0,0,0.00,0,F1,65,,,,,
2026-08-12,2026-08-12,FO,NSE,IDO,71547,,NIFTY,,2027-06-29,2027-06-29,18000.00,CE,NIFTY27JUN18000CE,0.00,0.00,0.00,4066.45,0.00,4066.45,24435.95,7455.34,0,0,0,0.00,0,F1,65,,,,,
2026-08-12,2026-08-12,FO,NSE,IDO,50548,,NIFTY,,2026-12-29,2026-12-29,28000.00,PE,NIFTY26DEC28000PE,2840.00,2980.00,2840.00,2887.45,2893.35,2823.75,24435.95,2887.45,856310,650,97,194977250.00,75,F1,65,,,,,
2026-08-12,2026-08-12,FO,NSE,IDO,55333,,NIFTY,,2026-12-29,2026-12-29,31500.00,PE,NIFTY26DEC31500PE,0.00,0.00,0.00,4059.30,0.00,4059.30,24435.95,6299.10,0,0,0,0.00,0,F1,65,,,,,
2026-08-12,2026-08-12,FO,NSE,IDO,80277,,NIFTY,,2027-03-30,2027-03-30,27000.00,PE,NIFTY27MAR27000PE,1789.90,1886.00,1764.00,1815.40,1815.85,1768.85,24435.95,1815.40,47840,-520,126,236071676.75,89,F1,65,,,,,
2026-08-12,2026-08-12,FO,NSE,IDO,55421,,NIFTY,,2027-12-28,2027-12-28,16500.00,PE,NIFTY27DEC16500PE,0.00,0.00,0.00,52.05,52.05,52.05,24435.95,7.84,130,0,0,0.00,0,F1,65,,,,,
2026-08-12,2026-08-12,FO,NSE,IDO,53632,,NIFTY,,2027-12-28,2027-12-28,27000.00,PE,NIFTY27DEC27000PE,1651.00,1739.05,1651.00,1693.00,1693.00,1646.00,24435.95,1693.00,46425,195,73,136196788.00,48,F1,65,,,,,
2026-08-12,2026-08-12,FO,NSE,IDO,61375,,NIFTY,,2029-12-24,2029-12-24,15000.00,PE,NIFTY29DEC15000PE,0.00,0.00,0.00,29.00,29.00,29.00,24435.95,17.26,65,0,0,0.00,0,F1,65,,,,,
2026-08-12,2026-08-12,FO,NSE,IDO,60893,,NIFTY,,2030-06-25,2030-06-25,18000.00,PE,NIFTY30JUN18000PE,0.00,0.00,0.00,116.65,0.00,116.65,24435.95,104.88,0,0,0,0.00,0,F1,65,,,,,
2026-08-12,2026-08-12,FO,NSE,IDO,55645,,NIFTY,,2030-06-25,2030-06-25,22500.00,PE,NIFTY30JUN22500PE,0.00,0.00,0.00,223.75,0.00,223.75,24435.95,523.48,0,0,0,0.00,0,F1,65,,,,,
2026-08-12,2026-08-12,FO,NSE,IDO,60911,,NIFTY,,2030-06-25,2030-06-25,27000.00,PE,NIFTY30JUN27000PE,0.00,0.00,0.00,1286.05,0.00,1286.05,24435.95,1509.90,0,0,0,0.00,0,F1,65,,,,,
2026-08-12,2026-08-12,FO,NSE,IDO,60939,,NIFTY,,2030-06-25,2030-06-25,30000.00,PE,NIFTY30JUN30000PE,0.00,0.00,0.00,2100.85,0.00,2100.85,24435.95,2539.16,0,0,0,0.00,0,F1,65,,,,,
2026-08-12,2026-08-12,FO,NSE,IDO,55699,,NIFTY,,2030-12-31,2030-12-31,18000.00,PE,NIFTY30DEC18000PE,0.00,0.00,0.00,32.30,0.00,32.30,24435.95,111.43,0,0,0,0.00,0,F1,65,,,,,
2026-08-12,2026-08-12,FO,NSE,IDO,74639,,NIFTY,,2031-06-24,2031-06-24,16500.00,PE,NIFTY31JUN16500PE,0.00,0.00,0.00,95.65,0.00,95.65,24435.95,60.36,0,0,0,0.00,0,F1,65,,,,,
2026-08-12,2026-08-12,FO,NSE,IDO,35235,,NIFTY,,2026-12-29,2026-12-29,30000.00,CE,NIFTY26DEC30000CE,14.65,15.50,14.00,14.75,14.90,14.40,24435.95,14.75,795990,28200,1328,2590866791.50,677,F1,65,,,,,
2026-08-12,2026-08-12,FO,NSE,IDO,71501,,NIFTY,,2026-12-29,2026-12-29,24000.00,CE,NIFTY26DEC24000CE,1360.00,1369.90,1245.00,1306.25,1310.00,1365.10,24435.95,1306.25,1100335,8625,1884,3096620062.25,1345,F1,65,,,,,
2026-08-12,2026-08-12,FO,NSE,IDO,51538,,NIFTY,,2026-10-27,2026-10-27,27150.00,CE,NIFTY26OCT27150CE,0.00,0.00,0.00,96.75,0.00,96.75,24435.95,105.87,0,0,0,0.00,0,F1,65,,,,,
2026-08-12,2026-08-12,FO,NSE,IDO,51534,,NIFTY,,2026-10-27,2026-10-27,27050.00,CE,NIFTY26OCT27050CE,0.00,0.00,0.00,106.00,0.00,106.00,24435.95,116.74,0,0,0,0.00,0,F1,65,,,,,
2026-08-12,2026-08-12,FO,NSE,IDO,51486,,NIFTY,,2026-10-27,2026-10-27,25900.00,CE,NIFTY26OCT25900CE,0.00,0.00,0.00,277.95,0.00,277.95,24435.95,323.90,0,0,0,0.00,0,F1,65,,,,,
2026-08-12,2026-08-12,FO,NSE,IDO,51478,,NIFTY,,2026-10-27,2026-10-27,25700.00,CE,NIFTY26OCT25700CE,149.15,149.15,117.95,129.60,131.25,145.55,24435.95,129.60,56290,15405,687,1153209560.75,390,F1,65,,,,,
2026-08-12,2026-08-12,FO,NSE,IDO,51470,,NIFTY,,2026-10-27,2026-10-27,25550.00,CE,NIFTY26OCT25550CE,0.00,0.00,0.00,361.35,0.00,361.35,24435.95,426.02,0,0,0,0.00,0,F1,65,,,,,
2026-08-12,2026-08-12,FO,NSE,IDO,51434,,NIFTY,,2026-10-27,2026-10-27,24900.00,CE,NIFTY26OCT24900CE,422.00,422.00,364.00,395.80,398.20,438.00,24435.95,395.80,12350,-2730,201,330444829.00,118,F1,65,,,,,
2026-08-12,2026-08-12,FO,NSE,IDO,51412,,NIFTY,,2026-10-27,2026-10-27,24450.00,CE,NIFTY26OCT24450CE,0.00,0.00,0.00,804.60,804.60,804.60,24435.95,901.49,65,0,0,0.00,0,F1,65,,,,,
2026-08-12,2026-08-12,FO,NSE,IDO,51410,,NIFTY,,2026-10-27,2026-10-27,24400.00,CE,NIFTY26OCT24400CE,685.50,714.65,621.80,681.85,684.90,728.50,24435.95,681.85,8970,3445,268,436434862.50,182,F1,65,,,,,
2026-08-12,2026-08-12,FO,NSE,IDO,51392,,NIFTY,,2026-10-27,2026-10-27,24000.00,CE,NIFTY26OCT24000CE,994.30,1005.90,882.05,950.40,955.00,1006.45,24435.95,950.40,73645,3510,719,1164534062.25,503,F1,65,,,,,
2026-08-12,2026-08-12,FO,NSE,IDO,51346,,NIFTY,,2026-10-27,2026-10-27,22850.00,CE,NIFTY26OCT22850CE,0.00,0.00,0.00,1729.40,0.00,1729.40,24435.95,2025.66,0,0,0,0.00,0,F1,65,,,,,
2026-08-12,2026-08-12,FO,NSE,IDO,51340,,NIFTY,,2026-10-27,2026-10-27,22700.00,CE,NIFTY26OCT22700CE,0.00,0.00,0.00,1844.00,0.00,1844.00,24435.95,2152.69,0,0,0,0.00,0,F1,65,,,,,
2026-08-12,2026-08-12,FO,NSE,IDO,51334,,NIFTY,,2026-10-27,2026-10-27,22600.00,CE,NIFTY26OCT22600CE,0.00,0.00,0.00,1922.30,0.00,1922.30,24435.95,2238.92,0,0,0,0.00,0,F1,65,,,,,
2026-08-12,2026-08-12,FO,NSE,IDO,51326,,NIFTY,,2026-10-27,2026-10-27,22400.00,CE,NIFTY26OCT22400CE,0.00,0.00,0.00,2083.15,0.00,2083.15,24435.95,2414.75,0,0,0,0.00,0,F1,65,,,,,
2026-08-12,2026-08-12,FO,NSE,IDO,51320,,NIFTY,,2026-10-27,2026-10-27,22300.00,CE,NIFTY26OCT22300CE,0.00,0.00,0.00,2165.60,0.00,2165.60,24435.95,2504.22,0,0,0,0.00,0,F1,65,,,,,
2026-08-12,2026-08-12,FO,NSE,IDO,55292,,NIFTY,,2026-09-29,2026-09-29,34500.00,CE,NIFTY26SEP34500CE,0.00,0.00,0.00,0.50,0.50,0.50,24435.95,0.00,9815,0,0,0.00,0,F1,65,,,,,
2026-08-12,2026-08-12,FO,NSE,IDO,74507,,NIFTY,,2026-09-29,2026-09-29,27200.00,CE,NIFTY26SEP27200CE,5.80,6.30,4.90,5.85,6.00,5.75,24435.95,5.85,14170,6630,138,244036302.25,103,F1,65,,,,,
2026-08-12,2026-08-12,FO,NSE,IDO,74483,,NIFTY,,2026-09-29,2026-09-29,26550.00,CE,NIFTY26SEP26550CE,0.00,0.00,0.00,154.75,0.00,154.75,24435.95,79.23,0,0,0,0.00,0,F1,65,,,,,
2026-08-12,2026-08-12,FO,NSE,IDO,74475,,NIFTY,,2026-09-29,2026-09-29,26350.00,CE,NIFTY26SEP26350CE,0.00,0.00,0.00,182.80,0.00,182.80,24435.95,101.90,0,0,0,0.00,0,F1,65,,,,,
2026-08-12,2026-08-12,FO,NSE,IDO,74467,,NIFTY,,2026-09-29,2026-09-29,26250.00,CE,NIFTY26SEP26250CE,0.00,0.00,0.00,198.40,0.00,198.40,24435.95,115.14,0,0,0,0.00,0,F1,65,,,,,
2026-08-12,2026-08-12,FO,NSE,IDO,74388,,NIFTY,,2026-09-29,2026-09-29,25350.00,CE,NIFTY26SEP25350CE,0.00,0.00,0.00,393.25,0.00,393.25,24435.95,309.30,0,0,0,0.00,0,F1,65,,,,,
2026-08-12,2026-08-12,FO,NSE,IDO,74068,,NIFTY,,2026-09-29,2026-09-29,24200.00,CE,NIFTY26SEP24200CE,649.10,683.00,564.60,630.20,636.25,678.90,24435.95,630.20,87425,3445,834,1344197543.00,675,F1,65,,,,,
2026-08-12,2026-08-12,FO,NSE,IDO,74058,,NIFTY,,2026-09-29,2026-09-29,23950.00,CE,NIFTY26SEP23950CE,787.65,787.65,787.65,787.65,787.65,865.00,24435.95,987.66,3185,65,1,1607947.25,1,F1,65,,,,,
2026-08-12,2026-08-12,FO,NSE,IDO,73901,,NIFTY,,2026-09-29,2026-09-29,22950.00,CE,NIFTY26SEP22950CE,0.00,0.00,0.00,1377.20,1377.20,1377.20,24435.95,1764.72,390,0,0,0.00,0,F1,65,,,,,
2026-08-12,2026-08-12,FO,NSE,IDO,55284,,NIFTY,,2026-09-29,2026-09-29,22500.00,CE,NIFTY26SEP22500CE,2135.05,2180.00,2027.30,2113.80,2118.90,2179.00,24435.95,2113.80,261040,17745,506,808659800.00,424,F1,65,,,,,
2026-08-12,2026-08-12,FO,NSE,IDO,73856,,NIFTY,,2026-09-29,2026-09-29,21900.00,CE,NIFTY26SEP21900CE,0.00,0.00,0.00,2350.00,2350.00,2350.00,24435.95,2736.92,130,0,0,0.00,0,F1,65,,,,,
2026-08-12,2026-08-12,FO,NSE,IDO,47275,,NIFTY,,2026-09-15,2026-09-15,22950.00,CE,NIFTY2691522950CE,0.00,0.00,0.00,1703.20,0.00,1703.20,24435.95,1673.49,0,0,0,0.00,0,F1,65,,,,,
2026-08-12,2026-08-12,FO,NSE,IDO,47269,,NIFTY,,2026-09-15,2026-09-15,22800.00,CE,NIFTY2691522800CE,0.00,0.00,0.00,1840.25,0.00,1840.25,24435.95,1810.52,0,0,0,0.00,0,F1,65,,,,,
2026-08-12,2026-08-12,FO,NSE,IDO,42747,,NIFTY,,2026-09-08,2026-09-08,26050.00,CE,NIFTY2690826050CE,10.55,10.55,6.60,7.45,7.00,10.20,24435.95,7.45,30550,10725,284,481018190.25,163,F1,65,,,,,
2026-08-12,2026-08-12,FO,NSE,IDO,42729,,NIFTY,,2026-09-08,2026-09-08,25750.00,CE,NIFTY2690825750CE,0.00,0.00,0.00,169.75,0.00,169.75,24435.95,83.28,0,0,0,0.00,0,F1,65,,,,,
2026-08-12,2026-08-12,FO,NSE,IDO,42608,,NIFTY,,2026-09-08,2026-09-08,23400.00,CE,NIFTY2690823400CE,0.00,0.00,0.00,1438.90,0.00,1438.90,24435.95,1220.38,0,0,0,0.00,0,F1,65,,,,,
2026-08-12,2026-08-12,FO,NSE,IDO,47100,,NIFTY,,2026-09-01,2026-09-01,26750.00,CE,NIFTY2690126750CE,2.25,2.25,1.85,1.85,1.85,2.00,24435.95,4.22,1495,0,4,6955555.75,3,F1,65,,,,,
2026-08-12,2026-08-12,FO,NSE,IDO,47077,,NIFTY,,2026-09-01,2026-09-01,26300.00,CE,NIFTY2690126300CE,2.05,3.35,2.05,2.90,2.65,60.45,24435.95,2.90,975,975,27,46161371.75,16,F1,65,,,,,
2026-08-12,2026-08-12,FO,NSE,IDO,47055,,NIFTY,,2026-09-01,2026-09-01,25750.00,CE,NIFTY2690125750CE,0.00,0.00,0.00,125.80,0.00,125.80,24435.95,47.68,0,0,0,0.00,0,F1,65,,,,,
2026-08-12,2026-08-12,FO,NSE,IDO,46997,,NIFTY,,2026-09-01,2026-09-01,24300.00,CE,NIFTY2690124300CE,392.95,420.00,305.00,361.30,364.70,410.45,24435.95,361.30,46800,35750,2733,4376246897.75,2102,F1,65,,,,,
2026-08-12,2026-08-12,FO,NSE,IDO,46993,,NIFTY,,2026-09-01,2026-09-01,24200.00,CE,NIFTY2690124200CE,460.00,471.20,367.60,428.10,428.80,484.85,24435.95,428.10,39065,34645,1208,1931024706.00,779,F1,65,,,,,
2026-08-12,2026-08-12,FO,NSE,IDO,46987,,NIFTY,,2026-09-01,2026-09-01,24050.00,CE,NIFTY2690124050CE,562.80,588.90,500.25,535.70,535.70,715.35,24435.95,535.70,130,130,4,6395197.25,4,F1,65,,,,,
2026-08-12,2026-08-12,FO,NSE,IDO,46973,,NIFTY,,2026-09-01,2026-09-01,23700.00,CE,NIFTY2690123700CE,761.00,761.00,761.00,761.00,761.00,590.00,24435.95,912.72,65,65,1,1589965.00,1,F1,65,,,,,
2026-08-12,2026-08-12,FO,NSE,IDO,62227,,NIFTY,,2026-08-25,2026-08-25,26950.00,CE,NIFTY26AUG26950CE,0.60,0.80,0.60,0.75,0.75,0.60,24435.95,0.75,7020,3185,187,327585618.75,48,F1,65,,,,,
2026-08-12,2026-08-12,FO,NSE,IDO,62220,,NIFTY,,2026-08-25,2026-08-25,26850.00,CE,NIFTY26AUG26850CE,0.65,0.65,0.65,0.65,0.65,0.75,24435.95,0.37,9230,-65,1,1745292.25,1,F1,65,,,,,
2026-08-12,2026-08-12,FO,NSE,IDO,61983,,NIFTY,,2026-08-25,2026-08-25,25700.00,CE,NIFTY26AUG25700CE,4.80,4.80,2.35,2.50,2.50,3.40,24435.95,2.50,500695,21580,12798,21381451113.75,7366,F1,65,,,,,
2026-08-12,2026-08-12,FO,NSE,IDO,61981,,NIFTY,,2026-08-25,2026-08-25,25650.00,CE,NIFTY26AUG25650CE,4.00,4.05,2.80,3.00,3.00,4.10,24435.95,3.00,128960,24115,5534,9227776883.00,4349,F1,65,,,,,
2026-08-12,2026-08-12,FO,NSE,IDO,61717,,NIFTY,,2026-08-25,2026-08-25,24350.00,CE,NIFTY26AUG24350CE,317.50,326.25,206.90,260.60,263.00,317.50,24435.95,260.60,335335,212680,19765,31593456427.00,14385,F1,65,,,,,
2026-08-12,2026-08-12,FO,NSE,IDO,61623,,NIFTY,,2026-08-25,2026-08-25,24150.00,CE,NIFTY26AUG24150CE,440.30,462.70,330.00,399.75,404.60,465.65,24435.95,399.75,57655,7735,1069,1703343424.25,886,F1,65,,,,,
2026-08-12,2026-08-12,FO,NSE,IDO,61455,,NIFTY,,2026-08-25,2026-08-25,23300.00,CE,NIFTY26AUG23300CE,1221.70,1221.70,1072.50,1170.60,1170.60,1221.70,24435.95,1203.92,27235,-1105,49,77785064.50,44,F1,65,,,,,
2026-08-12,2026-08-12,FO,NSE,IDO,61403,,NIFTY,,2026-08-25,2026-08-25,22650.00,CE,NIFTY26AUG22650CE,0.00,0.00,0.00,1653.90,1653.90,1653.90,24435.95,1836.28,780,0,0,0.00,0,F1,65,,,,,
2026-08-12,2026-08-12,FO,NSE,IDO,61271,,NIFTY,,2026-08-25,2026-08-25,21550.00,CE,NIFTY26AUG21550CE,0.00,0.00,0.00,2758.30,0.00,2758.30,24435.95,2932.42,0,0,0,0.00,0,F1,65,,,,,
2026-08-12,2026-08-12,FO,NSE,IDO,61177,,NIFTY,,2026-08-25,2026-08-25,21450.00,CE,NIFTY26AUG21450CE,0.00,0.00,0.00,2848.15,0.00,2848.15,24435.95,3032.20,0,0,0,0.00,0,F1,65,,,,,
2026-08-12,2026-08-12,FO,NSE,IDO,45259,,NIFTY,,2026-08-18,2026-08-18,26950.00,CE,NIFTY2681826950CE,1.30,1.35,0.45,0.50,0.45,0.55,24435.95,0.50,46735,46345,3932,6888059467.25,1051,F1,65,,,,,
2026-08-12,2026-08-12,FO,NSE,IDO,45251,,NIFTY,,2026-08-18,2026-08-18,26800.00,CE,NIFTY2681826800CE,0.65,1.05,0.50,0.55,0.50,0.65,24435.95,0.55,61880,2340,2279,3970112263.00,900,F1,65,,,,,
2026-08-12,2026-08-12,FO,NSE,IDO,45231,,NIFTY,,2026-08-18,2026-08-18,26500.00,CE,NIFTY2681826500CE,0.85,1.40,0.55,0.55,0.55,0.70,24435.95,0.55,269815,142025,21857,37649670841.25,3202,F1,65,,,,,
2026-08-12,2026-08-12,FO,NSE,IDO,45227,,NIFTY,,2026-08-18,2026-08-18,26400.00,CE,NIFTY2681826400CE,0.90,1.90,0.60,0.65,0.75,0.75,24435.95,0.65,66495,-845,9095,15607474879.75,2833,F1,65,,,,,
2026-08-12,2026-08-12,FO,NSE,IDO,45194,,NIFTY,,2026-08-18,2026-08-18,25850.00,CE,NIFTY2681825850CE,1.20,1.45,0.70,0.80,0.80,1.00,24435.95,0.80,784420,581490,42043,70645555019.00,10342,F1,65,,,,,
2026-08-12,2026-08-12,FO,NSE,IDO,45192,,NIFTY,,2026-08-18,2026-08-18,25800.00,CE,NIFTY2681825800CE,1.15,1.55,0.75,0.85,0.80,1.10,24435.95,0.85,3437070,848900,136335,228643121635.50,29293,F1,65,,,,,
2026-08-12,2026-08-12,FO,NSE,IDO,45146,,NIFTY,,2026-08-18,2026-08-18,24950.00,CE,NIFTY2681824950CE,14.90,15.75,6.40,7.55,7.90,15.60,24435.95,7.55,2116400,850005,322522,523233983899.25,95301,F1,65,,,,,
2026-08-12,2026-08-12,FO,NSE,IDO,45054,,NIFTY,,2026-08-18,2026-08-18,23300.00,CE,NIFTY2681823300CE,1054.05,1054.05,1054.05,1054.05,1054.05,1205.80,24435.95,1161.08,2535,-65,1,1583013.25,1,F1,65,,,,,
2026-08-12,2026-08-12,FO,NSE,IDO,42630,,NIFTY,,2026-09-08,2026-09-08,23750.00,PE,NIFTY2690823750PE,0.00,0.00,0.00,150.75,0.00,150.75,24435.95,146.74,0,0,0,0.00,0,F1,65,,,,,
2026-08-12,2026-08-12,FO,NSE,IDO,42644,,NIFTY,,2026-09-08,2026-09-08,24100.00,PE,NIFTY2690824100PE,120.75,165.70,120.75,129.15,129.20,120.75,24435.95,129.15,9750,4875,215,338859498.25,165,F1,65,,,,,
2026-08-12,2026-08-12,FO,NSE,IDO,42648,,NIFTY,,2026-09-08,2026-09-08,24200.00,PE,NIFTY2690824200PE,148.45,199.90,145.05,156.20,156.40,145.90,24435.95,156.20,19045,4810,364,576770129.00,270,F1,65,,,,,
2026-08-12,2026-08-12,FO,NSE,IDO,42676,,NIFTY,,2026-09-08,2026-09-08,24850.00,PE,NIFTY2690824850PE,0.00,0.00,0.00,557.75,0.00,557.75,24435.95,609.54,0,0,0,0.00,0,F1,65,,,,,
2026-08-12,2026-08-12,FO,NSE,IDO,58639,,NIFTY,,2026-12-29,2026-12-29,17000.00,PE,NIFTY26DEC17000PE,15.60,16.95,15.00,16.70,16.75,16.40,24435.95,16.70,195530,-1885,103,113922149.25,32,F1,65,,,,,
2026-08-12,2026-08-12,FO,NSE,IDO,51537,,NIFTY,,2026-10-27,2026-10-27,27100.00,PE,NIFTY26OCT27100PE,0.00,0.00,0.00,2808.90,0.00,2808.90,24435.95,2407.59,0,0,0,0.00,0,F1,65,,,,,
2026-08-12,2026-08-12,FO,NSE,IDO,51535,,NIFTY,,2026-10-27,2026-10-27,27050.00,PE,NIFTY26OCT27050PE,0.00,0.00,0.00,2764.35,0.00,2764.35,24435.95,2363.82,0,0,0,0.00,0,F1,65,,,,,
2026-08-12,2026-08-12,FO,NSE,IDO,51523,,NIFTY,,2026-10-27,2026-10-27,26800.00,PE,NIFTY26OCT26800PE,0.00,0.00,0.00,2544.55,0.00,2544.55,24435.95,2148.59,0,0,0,0.00,0,F1,65,,,,,
2026-08-12,2026-08-12,FO,NSE,IDO,51517,,NIFTY,,2026-10-27,2026-10-27,26650.00,PE,NIFTY26OCT26650PE,0.00,0.00,0.00,2415.20,0.00,2415.20,24435.95,2022.64,0,0,0,0.00,0,F1,65,,,,,
2026-08-12,2026-08-12,FO,NSE,IDO,51509,,NIFTY,,2026-10-27,2026-10-27,26450.00,PE,NIFTY26OCT26450PE,0.00,0.00,0.00,2246.05,0.00,2246.05,24435.95,1858.86,0,0,0,0.00,0,F1,65,,,,,
2026-08-12,2026-08-12,FO,NSE,IDO,51485,,NIFTY,,2026-10-27,2026-10-27,25850.00,PE,NIFTY26OCT25850PE,0.00,0.00,0.00,1093.80,1093.80,1093.80,24435.95,1400.55,65,0,0,0.00,0,F1,65,,,,,
2026-08-12,2026-08-12,FO,NSE,IDF,48704,,NIFTY,,2026-10-27,2026-10-27,,,NIFTY26OCTFUT,24803.00,24820.00,24637.50,24741.20,24740.00,24809.10,24435.95,24741.20,390585,66690,2132,3421833987.00,1636,F1,65,,,,,
2026-08-12,2026-08-12,FO,NSE,IDO,45025,,NIFTY,,2026-08-18,2026-08-18,22750.00,CE,NIFTY2681822750CE,0.00,0.00,0.00,1507.45,0.00,1507.45,24435.95,1708.64,0,0,0,0.00,0,F1,65,,,,,
2026-08-12,2026-08-12,FO,NSE,IDO,45037,,NIFTY,,2026-08-18,2026-08-18,22950.00,CE,NIFTY2681822950CE,0.00,0.00,0.00,1337.60,0.00,1337.60,24435.95,1508.99,0,0,0,0.00,0,F1,65,,,,,
2026-08-12,2026-08-12,FO,NSE,IDO,45110,,NIFTY,,2026-08-18,2026-08-18,24500.00,CE,NIFTY2681824500CE,140.00,152.20,63.70,96.20,98.35,143.95,24435.95,96.20,8939710,3802435,1988153,3178236296920.75,875602,F1,65,,,,,
2026-08-12,2026-08-12,FO,NSE,IDO,45140,,NIFTY,,2026-08-18,2026-08-18,24800.00,CE,NIFTY2681824800CE,32.00,37.60,12.90,18.85,19.40,36.25,24435.95,18.85,5559970,1291225,839722,1354707504299.50,243648,F1,65,,,,,
2026-08-12,2026-08-12,FO,NSE,IDO,45180,,NIFTY,,2026-08-18,2026-08-18,25600.00,CE,NIFTY2681825600CE,1.25,1.90,0.90,1.00,1.00,1.35,24435.95,1.00,3917940,1474135,291368,484860318569.25,60550,F1,65,,,,,
2026-08-12,2026-08-12,FO,NSE,IDO,45263,,NIFTY,,2026-08-18,2026-08-18,27050.00,CE,NIFTY2681827050CE,0.80,0.95,0.45,0.50,0.45,0.80,24435.95,0.50,22230,21580,1315,2312151780.25,371,F1,65,,,,,
2026-08-12,2026-08-12,FO,NSE,IDO,61148,,NIFTY,,2026-08-25,2026-08-25,21200.00,CE,NIFTY26AUG21200CE,0.00,0.00,0.00,3470.00,3470.00,3470.00,24435.95,3281.66,10075,0,0,0.00,0,F1,65,,,,,
2026-08-12,2026-08-12,FO,NSE,IDO,61342,,NIFTY,,2026-08-25,2026-08-25,21800.00,CE,NIFTY26AUG21800CE,0.00,0.00,0.00,2490.00,2490.00,2490.00,24435.95,2682.97,130,0,0,0.00,0,F1,65,,,,,
2026-08-12,2026-08-12,FO,NSE,IDO,61430,,NIFTY,,2026-08-25,2026-08-25,23050.00,CE,NIFTY26AUG23050CE,1442.25,1451.55,1429.20,1435.00,1435.00,1055.95,24435.95,1443.12,455,-260,7,11143990.00,7,F1,65,,,,,
2026-08-12,2026-08-12,FO,NSE,IDO,61519,,NIFTY,,2026-08-25,2026-08-25,23650.00,CE,NIFTY26AUG23650CE,889.00,889.00,762.85,788.00,788.00,911.90,24435.95,887.10,7540,-520,18,28619955.00,17,F1,65,,,,,
2026-08-12,2026-08-12,FO,NSE,IDO,61536,,NIFTY,,2026-08-25,2026-08-25,23850.00,CE,NIFTY26AUG23850CE,673.15,720.10,565.85,649.75,649.60,717.15,24435.95,649.75,18005,-1430,85,135282904.25,75,F1,65,,,,,
2026-08-12,2026-08-12,FO,NSE,IDO,61605,,NIFTY,,2026-08-25,2026-08-25,24050.00,CE,NIFTY26AUG24050CE,539.75,543.00,404.30,478.45,485.30,543.10,24435.95,478.45,31265,-195,627,998182042.00,526,F1,65,,,,,
2026-08-12,2026-08-12,FO,NSE,IDO,61720,,NIFTY,,2026-08-25,2026-08-25,24400.00,CE,NIFTY26AUG24400CE,289.95,294.00,181.00,230.50,232.95,286.30,24435.95,230.50,1872650,880165,95451,152739912029.25,61975,F1,65,,,,,
2026-08-12,2026-08-12,FO,NSE,IDO,61845,,NIFTY,,2026-08-25,2026-08-25,24800.00,CE,NIFTY26AUG24800CE,94.50,97.10,49.20,66.50,67.75,94.70,24435.95,66.50,2899910,370500,87099,140760935240.25,51220,F1,65,,,,,
2026-08-12,2026-08-12,FO,NSE,IDO,61943,,NIFTY,,2026-08-25,2026-08-25,25300.00,CE,NIFTY26AUG25300CE,13.55,13.85,8.20,9.05,9.20,14.00,24435.95,9.05,1279720,13130,43596,71721569777.00,21935,F1,65,,,,,
2026-08-12,2026-08-12,FO,NSE,IDO,61977,,NIFTY,,2026-08-25,2026-08-25,25550.00,CE,NIFTY26AUG25550CE,5.40,5.40,3.70,3.85,3.85,5.40,24435.95,3.85,73515,-107185,13243,21996790903.75,9001,F1,65,,,,,
2026-08-12,2026-08-12,FO,NSE,IDO,62117,,NIFTY,,2026-08-25,2026-08-25,26400.00,CE,NIFTY26AUG26400CE,1.00,1.30,0.75,0.85,0.80,0.90,24435.95,0.85,242580,0,7522,12908224270.50,3322,F1,65,,,,,
2026-08-12,2026-08-12,FO,NSE,IDO,62119,,NIFTY,,2026-08-25,2026-08-25,26450.00,CE,NIFTY26AUG26450CE,1.30,1.30,0.75,0.80,0.75,1.55,24435.95,0.80,4745,975,109,187404808.50,67,F1,65,,,,,
2026-08-12,2026-08-12,FO,NSE,IDO,62195,,NIFTY,,2026-08-25,2026-08-25,26750.00,CE,NIFTY26AUG26750CE,1.00,1.00,0.70,0.90,0.90,1.05,24435.95,0.56,4615,2210,38,66074294.00,34,F1,65,,,,,
2026-08-12,2026-08-12,FO,NSE,IDO,46921,,NIFTY,,2026-09-01,2026-09-01,22400.00,CE,NIFTY2690122400CE,0.00,0.00,0.00,1986.25,0.00,1986.25,24435.95,2113.26,0,0,0,0.00,0,F1,65,,,,,
2026-08-12,2026-08-12,FO,NSE,IDO,46933,,NIFTY,,2026-09-01,2026-09-01,22700.00,CE,NIFTY2690122700CE,0.00,0.00,0.00,1716.55,0.00,1716.55,24435.95,1819.27,0,0,0,0.00,0,F1,65,,,,,
2026-08-12,2026-08-12,FO,NSE,IDO,46945,,NIFTY,,2026-09-01,2026-09-01,23000.00,CE,NIFTY2690123000CE,1507.55,1507.55,1506.00,1506.00,1506.00,1050.00,24435.95,1506.00,715,65,3,4778770.75,2,F1,65,,,,,
2026-08-12,2026-08-12,FO,NSE,IDO,46951,,NIFTY,,2026-09-01,2026-09-01,23150.00,CE,NIFTY2690123150CE,0.00,0.00,0.00,1338.05,0.00,1338.05,24435.95,1391.04,0,0,0,0.00,0,F1,65,,,,,
2026-08-12,2026-08-12,FO,NSE,IDO,46975,,NIFTY,,2026-09-01,2026-09-01,23750.00,CE,NIFTY2690123750CE,0.00,0.00,0.00,899.60,0.00,899.60,24435.95,873.04,0,0,0,0.00,0,F1,65,,,,,
2026-08-12,2026-08-12,FO,NSE,IDO,47005,,NIFTY,,2026-09-01,2026-09-01,24500.00,CE,NIFTY2690124500CE,289.30,299.00,200.55,245.20,246.65,291.40,24435.95,245.20,185185,70265,7069,11364700405.50,5523,F1,65,,,,,
2026-08-12,2026-08-12,FO,NSE,IDO,47015,,NIFTY,,2026-09-01,2026-09-01,24750.00,CE,NIFTY2690124750CE,175.70,175.70,107.40,134.15,135.40,171.40,24435.95,134.15,24635,16575,1494,2416241977.50,543,F1,65,,,,,
2026-08-12,2026-08-12,FO,NSE,IDO,47027,,NIFTY,,2026-09-01,2026-09-01,25050.00,CE,NIFTY2690125050CE,83.30,83.30,48.60,57.00,58.75,100.45,24435.95,57.00,3055,2795,90,146860909.00,69,F1,65,,,,,
2026-08-12,2026-08-12,FO,NSE,IDO,47047,,NIFTY,,2026-09-01,2026-09-01,25550.00,CE,NIFTY2690125550CE,16.25,16.30,11.05,12.30,12.20,18.30,24435.95,12.30,111800,6890,1365,2268033443.00,782,F1,65,,,,,
2026-08-12,2026-08-12,FO,NSE,IDO,47085,,NIFTY,,2026-09-01,2026-09-01,26500.00,CE,NIFTY2690126500CE,1.90,2.70,1.85,2.40,2.40,1.80,24435.95,2.40,17810,15665,298,513349843.50,120,F1,65,,,,,
2026-08-12,2026-08-12,FO,NSE,IDO,42639,,NIFTY,,2026-09-08,2026-09-08,24000.00,CE,NIFTY2690824000CE,676.60,690.00,557.90,629.55,632.35,700.00,24435.95,629.55,2860,2145,113,180591557.25,72,F1,65,,,,,
2026-08-12,2026-08-12,FO,NSE,IDO,73900,,NIFTY,,2026-09-29,2026-09-29,22900.00,PE,NIFTY26SEP22900PE,35.60,40.00,32.35,34.90,34.25,33.40,24435.95,34.90,75205,5785,566,843803567.75,336,F1,65,,,,,
2026-08-12,2026-08-12,FO,NSE,IDO,47440,,NIFTY,,2026-09-15,2026-09-15,26150.00,PE,NIFTY2691526150PE,0.00,0.00,0.00,1603.05,0.00,1603.05,24435.95,1623.47,0,0,0,0.00,0,F1,65,,,,,
2026-08-12,2026-08-12,FO,NSE,IDO,47392,,NIFTY,,2026-09-15,2026-09-15,25500.00,PE,NIFTY2691525500PE,0.00,0.00,0.00,1068.30,0.00,1068.30,24435.95,1081.88,0,0,0,0.00,0,F1,65,,,,,
2026-08-12,2026-08-12,FO,NSE,IDO,47278,,NIFTY,,2026-09-15,2026-09-15,23000.00,PE,NIFTY2691523000PE,0.00,0.00,0.00,53.20,0.00,53.20,24435.95,52.43,0,0,0,0.00,0,F1,65,,,,,
2026-08-12,2026-08-12,FO,NSE,IDO,47272,,NIFTY,,2026-09-15,2026-09-15,22850.00,PE,NIFTY2691522850PE,0.00,0.00,0.00,40.15,0.00,40.15,24435.95,39.37,0,0,0,0.00,0,F1,65,,,,,
2026-08-12,2026-08-12,FO,NSE,IDO,47268,,NIFTY,,2026-09-15,2026-09-15,22750.00,PE,NIFTY2691522750PE,0.00,0.00,0.00,33.00,0.00,33.00,24435.95,32.26,0,0,0,0.00,0,F1,65,,,,,
2026-08-12,2026-08-12,FO,NSE,IDO,42764,,NIFTY,,2026-09-08,2026-09-08,26250.00,PE,NIFTY2690826250PE,0.00,0.00,0.00,1568.65,0.00,1568.65,24435.95,1730.84,0,0,0,0.00,0,F1,65,,,,,
2026-08-12,2026-08-12,FO,NSE,IDO,42744,,NIFTY,,2026-09-08,2026-09-08,25950.00,PE,NIFTY2690825950PE,0.00,0.00,0.00,1315.00,0.00,1315.00,24435.95,1457.17,0,0,0,0.00,0,F1,65,,,,,
2026-08-12,2026-08-12,FO,NSE,IDO,42710,,NIFTY,,2026-09-08,2026-09-08,25450.00,PE,NIFTY2690825450PE,0.00,0.00,0.00,931.85,0.00,931.85,24435.95,1034.31,0,0,0,0.00,0,F1,65,,,,,
2026-08-12,2026-08-12,FO,NSE,IDO,42682,,NIFTY,,2026-09-08,2026-09-08,24950.00,PE,NIFTY2690824950PE,0.00,0.00,0.00,612.80,0.00,612.80,24435.95,672.58,0,0,0,0.00,0,F1,65,,,,,
2026-08-12,2026-08-12,FO,NSE,IDO,74646,,NIFTY,,2031-06-24,2031-06-24,21000.00,PE,NIFTY31JUN21000PE,0.00,0.00,0.00,450.50,0.00,450.50,24435.95,326.42,0,0,0,0.00,0,F1,65,,,,,
2026-08-12,2026-08-12,FO,NSE,IDO,65899,,NIFTY,,2026-09-29,2026-09-29,23000.00,PE,NIFTY26SEP23000PE,41.00,46.20,35.40,39.85,39.75,38.30,24435.95,39.85,2941310,154750,14198,21264441890.25,7897,F1,65,,,,,
2026-08-12,2026-08-12,FO,NSE,IDO,74004,,NIFTY,,2026-09-29,2026-09-29,23600.00,PE,NIFTY26SEP23600PE,90.05,110.45,83.00,94.45,93.70,87.80,24435.95,94.45,260845,33865,3549,5467070225.50,2298,F1,65,,,,,
2026-08-12,2026-08-12,FO,NSE,IDO,74006,,NIFTY,,2026-09-29,2026-09-29,23650.00,PE,NIFTY26SEP23650PE,98.20,120.45,88.05,101.30,100.00,95.50,24435.95,101.30,19500,-1625,274,423083495.25,181,F1,65,,,,,
2026-08-12,2026-08-12,FO,NSE,IDO,74240,,NIFTY,,2026-09-29,2026-09-29,24450.00,PE,NIFTY26SEP24450PE,266.80,352.50,266.80,302.45,300.10,288.40,24435.95,302.45,18330,260,334,537773882.75,257,F1,65,,,,,
2026-08-12,2026-08-12,FO,NSE,IDO,74358,,NIFTY,,2026-09-29,2026-09-29,24800.00,PE,NIFTY26SEP24800PE,450.30,530.00,429.00,465.05,460.95,442.80,24435.95,465.05,220415,-10595,1512,2485383192.50,1032,F1,65,,,,,
2026-08-12,2026-08-12,FO,NSE,IDO,74423,,NIFTY,,2026-09-29,2026-09-29,25850.00,PE,NIFTY26SEP25850PE,0.00,0.00,0.00,1859.75,0.00,1859.75,24435.95,1375.10,0,0,0,0.00,0,F1,65,,,,,
2026-08-12,2026-08-12,FO,NSE,IDO,74466,,NIFTY,,2026-09-29,2026-09-29,26200.00,PE,NIFTY26SEP26200PE,0.00,0.00,0.00,1750.00,1750.00,1750.00,24435.95,1661.28,130,0,0,0.00,0,F1,65,,,,,
2026-08-12,2026-08-12,FO,NSE,IDO,74482,,NIFTY,,2026-09-29,2026-09-29,26500.00,PE,NIFTY26SEP26500PE,1800.70,1961.25,1800.70,1952.85,1952.85,1800.70,24435.95,1920.87,33020,715,162,299523172.00,158,F1,65,,,,,
2026-08-12,2026-08-12,FO,NSE,IDO,74502,,NIFTY,,2026-09-29,2026-09-29,27050.00,PE,NIFTY26SEP27050PE,0.00,0.00,0.00,2869.35,0.00,2869.35,24435.95,2422.13,0,0,0,0.00,0,F1,65,,,,,
2026-08-12,2026-08-12,FO,NSE,IDO,51333,,NIFTY,,2026-10-27,2026-10-27,22550.00,PE,NIFTY26OCT22550PE,0.00,0.00,0.00,46.60,46.60,46.60,24435.95,90.60,715,0,0,0.00,0,F1,65,,,,,
2026-08-12,2026-08-12,FO,NSE,IDO,51341,,NIFTY,,2026-10-27,2026-10-27,22700.00,PE,NIFTY26OCT22700PE,47.00,57.55,45.05,50.35,50.55,51.50,24435.95,50.35,15275,4680,174,257331425.00,143,F1,65,,,,,
2026-08-12,2026-08-12,FO,NSE,IDO,51375,,NIFTY,,2026-10-27,2026-10-27,23550.00,PE,NIFTY26OCT23550PE,0.00,0.00,0.00,454.95,0.00,454.95,24435.95,271.90,0,0,0,0.00,0,F1,65,,,,,
2026-08-12,2026-08-12,FO,NSE,IDO,51387,,NIFTY,,2026-10-27,2026-10-27,23850.00,PE,NIFTY26OCT23850PE,0.00,0.00,0.00,569.90,0.00,569.90,24435.95,357.19,0,0,0,0.00,0,F1,65,,,,,
2026-08-12,2026-08-12,FO,NSE,IDO,51409,,NIFTY,,2026-10-27,2026-10-27,24350.00,PE,NIFTY26OCT24350PE,0.00,0.00,0.00,277.20,277.20,277.20,24435.95,540.89,2730,0,0,0.00,0,F1,65,,,,,
2026-08-12,2026-08-12,FO,NSE,IDO,42659,,NIFTY,,2026-09-08,2026-09-08,24450.00,CE,NIFTY2690824450CE,347.25,367.25,280.15,322.10,330.20,375.00,24435.95,322.10,3705,3640,144,231735546.25,118,F1,65,,,,,
2026-08-12,2026-08-12,FO,NSE,IDO,42691,,NIFTY,,2026-09-08,2026-09-08,25100.00,CE,NIFTY2690825100CE,115.20,115.20,62.85,76.65,77.30,361.85,24435.95,76.65,7735,7735,290,474418880.00,163,F1,65,,,,,
2026-08-12,2026-08-12,FO,NSE,IDO,42765,,NIFTY,,2026-09-08,2026-09-08,26300.00,CE,NIFTY2690826300CE,4.65,5.05,3.30,4.35,4.30,6.50,24435.95,4.35,7150,-2730,248,424021581.75,83,F1,65,,,,,
2026-08-12,2026-08-12,FO,NSE,IDO,47285,,NIFTY,,2026-09-15,2026-09-15,23200.00,CE,NIFTY2691523200CE,0.00,0.00,0.00,1481.90,0.00,1481.90,24435.95,1452.38,0,0,0,0.00,0,F1,65,,,,,
2026-08-12,2026-08-12,FO,NSE,IDO,47301,,NIFTY,,2026-09-15,2026-09-15,23600.00,CE,NIFTY2691523600CE,0.00,0.00,0.00,1151.80,0.00,1151.80,24435.95,1123.01,0,0,0,0.00,0,F1,65,,,,,
2026-08-12,2026-08-12,FO,NSE,IDO,47315,,NIFTY,,2026-09-15,2026-09-15,23900.00,CE,NIFTY2691523900CE,0.00,0.00,0.00,928.40,0.00,928.40,24435.95,900.77,0,0,0,0.00,0,F1,65,,,,,
2026-08-12,2026-08-12,FO,NSE,IDO,47339,,NIFTY,,2026-09-15,2026-09-15,24500.00,CE,NIFTY2691524500CE,365.05,365.05,298.00,341.95,342.00,559.30,24435.95,341.95,3120,3120,82,132313311.00,70,F1,65,,,,,
2026-08-12,2026-08-12,FO,NSE,IDO,47395,,NIFTY,,2026-09-15,2026-09-15,25600.00,CE,NIFTY2691525600CE,0.00,0.00,0.00,164.30,0.00,164.30,24435.95,151.75,0,0,0,0.00,0,F1,65,,,,,
2026-08-12,2026-08-12,FO,NSE,IDO,65893,,NIFTY,,2026-09-29,2026-09-29,21000.00,CE,NIFTY26SEP21000CE,3563.65,3648.40,3492.15,3583.70,3585.00,3655.00,24435.95,3583.70,477165,-1625,76,121355263.25,57,F1,65,,,,,
2026-08-12,2026-08-12,FO,NSE,IDO,73805,,NIFTY,,2026-09-29,2026-09-29,21600.00,CE,NIFTY26SEP21600CE,0.00,0.00,0.00,2922.00,2922.00,2922.00,24435.95,3028.28,1430,0,0,0.00,0,F1,65,,,,,
2026-08-12,2026-08-12,FO,NSE,IDO,73859,,NIFTY,,2026-09-29,2026-09-29,21950.00,CE,NIFTY26SEP21950CE,0.00,0.00,0.00,2369.20,0.00,2369.20,24435.95,2688.72,0,0,0,0.00,0,F1,65,,,,,
2026-08-12,2026-08-12,FO,NSE,IDO,73897,,NIFTY,,2026-09-29,2026-09-29,22850.00,CE,NIFTY26SEP22850CE,0.00,0.00,0.00,1453.00,1453.00,1453.00,24435.95,1852.32,390,0,0,0.00,0,F1,65,,,,,
2026-08-12,2026-08-12,FO,NSE,IDO,73906,,NIFTY,,2026-09-29,2026-09-29,23100.00,CE,NIFTY26SEP23100CE,1505.55,1507.10,1505.55,1507.10,1507.10,1527.35,24435.95,1636.10,780,130,4,6397654.25,4,F1,65,,,,,
2026-08-12,2026-08-12,FO,NSE,IDO,74107,,NIFTY,,2026-09-29,2026-09-29,24300.00,CE,NIFTY26SEP24300CE,593.00,621.85,504.60,564.20,566.00,615.25,24435.95,564.20,183430,40820,2674,4317109706.00,2052,F1,65,,,,,
2026-08-12,2026-08-12,FO,NSE,IDO,74432,,NIFTY,,2026-09-29,2026-09-29,25950.00,CE,NIFTY26SEP25950CE,0.00,0.00,0.00,251.80,0.00,251.80,24435.95,163.65,0,0,0,0.00,0,F1,65,,,,,
2026-08-12,2026-08-12,FO,NSE,IDO,51338,,NIFTY,,2026-10-27,2026-10-27,22650.00,CE,NIFTY26OCT22650CE,0.00,0.00,0.00,1882.95,0.00,1882.95,24435.95,2195.65,0,0,0,0.00,0,F1,65,,,,,
2026-08-12,2026-08-12,FO,NSE,IDO,51362,,NIFTY,,2026-10-27,2026-10-27,23250.00,CE,NIFTY26OCT23250CE,0.00,0.00,0.00,1441.30,0.00,1441.30,24435.95,1702.28,0,0,0,0.00,0,F1,65,,,,,
2026-08-12,2026-08-12,FO,NSE,IDO,51378,,NIFTY,,2026-10-27,2026-10-27,23650.00,CE,NIFTY26OCT23650CE,0.00,0.00,0.00,1181.90,0.00,1181.90,24435.95,1404.47,0,0,0,0.00,0,F1,65,,,,,
2026-08-12,2026-08-12,FO,NSE,IDO,51398,,NIFTY,,2026-10-27,2026-10-27,24100.00,CE,NIFTY26OCT24100CE,836.00,892.00,821.35,888.00,888.00,910.00,24435.95,1105.54,260,130,19,30825720.25,12,F1,65,,,,,
2026-08-12,2026-08-12,FO,NSE,IDO,51422,,NIFTY,,2026-10-27,2026-10-27,24600.00,CE,NIFTY26OCT24600CE,580.90,587.85,500.00,553.50,558.40,599.00,24435.95,553.50,20865,1040,253,413379408.00,178,F1,65,,,,,
2026-08-12,2026-08-12,FO,NSE,IDO,51508,,NIFTY,,2026-10-27,2026-10-27,26450.00,CE,NIFTY26OCT26450CE,0.00,0.00,0.00,178.65,0.00,178.65,24435.95,203.64,0,0,0,0.00,0,F1,65,,,,,
2026-08-12,2026-08-12,FO,NSE,IDO,55324,,NIFTY,,2026-12-29,2026-12-29,19500.00,CE,NIFTY26DEC19500CE,0.00,0.00,0.00,7586.85,0.00,7586.85,24435.95,5422.19,0,0,0,0.00,0,F1,65,,,,,
2026-08-12,2026-08-12,FO,NSE,IDO,55328,,NIFTY,,2026-12-29,2026-12-29,25500.00,CE,NIFTY26DEC25500CE,469.70,479.90,424.00,454.55,456.85,481.60,24435.95,454.55,709735,41795,2780,4686901498.50,1749,F1,65,,,,,
2026-08-12,2026-08-12,FO,NSE,IDO,80268,,NIFTY,,2027-03-30,2027-03-30,21000.00,CE,NIFTY27MAR21000CE,0.00,0.00,0.00,3217.45,0.00,3217.45,24435.95,4378.67,0,0,0,0.00,0,F1,65,,,,,
2026-08-12,2026-08-12,FO,NSE,IDO,80307,,NIFTY,,2027-03-30,2027-03-30,30000.00,CE,NIFTY27MAR30000CE,45.30,46.55,42.80,44.85,43.30,47.65,24435.95,44.85,83070,-5265,394,769436534.75,210,F1,65,,,,,
2026-08-12,2026-08-12,FO,NSE,IDO,55368,,NIFTY,,2027-06-29,2027-06-29,16500.00,CE,NIFTY27JUN16500CE,0.00,0.00,0.00,10867.20,0.00,10867.20,24435.95,8862.57,0,0,0,0.00,0,F1,65,,,,,
2026-08-12,2026-08-12,FO,NSE,IDO,55372,,NIFTY,,2027-06-29,2027-06-29,19500.00,CE,NIFTY27JUN19500CE,0.00,0.00,0.00,8143.40,0.00,8143.40,24435.95,6073.42,0,0,0,0.00,0,F1,65,,,,,
2026-08-12,2026-08-12,FO,NSE,IDO,53613,,NIFTY,,2027-12-28,2027-12-28,21000.00,CE,NIFTY27DEC21000CE,0.00,0.00,0.00,4902.40,0.00,4902.40,24435.95,5466.59,0,0,0,0.00,0,F1,65,,,,,
2026-08-12,2026-08-12,FO,NSE,IDO,86163,,NIFTY,,2028-06-27,2028-06-27,27000.00,CE,NIFTY28JUN27000CE,0.00,0.00,0.00,1935.00,1935.00,1935.00,24435.95,2474.61,0,0,0,0.00,0,F1,65,,,,,
2026-08-12,2026-08-12,FO,NSE,IDO,55562,,NIFTY,,2029-06-26,2029-06-26,25500.00,CE,NIFTY29JUN25500CE,0.00,0.00,0.00,5917.35,0.00,5917.35,24435.95,4534.39,0,0,0,0.00,0,F1,65,,,,,
2026-08-12,2026-08-12,FO,NSE,IDO,61659,,NIFTY,,2029-12-24,2029-12-24,21000.00,CE,NIFTY29DEC21000CE,0.00,0.00,0.00,9463.95,0.00,9463.95,24435.95,7927.63,0,0,0,0.00,0,F1,65,,,,,
2026-08-12,2026-08-12,FO,NSE,IDO,55700,,NIFTY,,2030-12-31,2030-12-31,19500.00,CE,NIFTY30DEC19500CE,0.00,0.00,0.00,11601.15,0.00,11601.15,24435.95,10014.12,0,0,0,0.00,0,F1,65,,,,,
2026-08-12,2026-08-12,FO,NSE,IDO,55756,,NIFTY,,2030-12-31,2030-12-31,25500.00,CE,NIFTY30DEC25500CE,0.00,0.00,0.00,7639.65,0.00,7639.65,24435.95,6367.14,0,0,0,0.00,0,F1,65,,,,,
2026-08-12,2026-08-12,FO,NSE,IDO,74641,,NIFTY,,2031-06-24,2031-06-24,18000.00,CE,NIFTY31JUN18000CE,0.00,0.00,0.00,10825.95,0.00,10825.95,24435.95,11472.56,0,0,0,0.00,0,F1,65,,,,,
2026-08-12,2026-08-12,FO,NSE,IDO,74657,,NIFTY,,2031-06-24,2031-06-24,30000.00,CE,NIFTY31JUN30000CE,0.00,0.00,0.00,4459.90,0.00,4459.90,24435.95,4830.53,0,0,0,0.00,0,F1,65,,,,,
2026-08-12,2026-08-12,FO,NSE,IDO,44984,,NIFTY,,2026-08-18,2026-08-18,22000.00,PE,NIFTY2681822000PE,1.15,1.20,0.75,0.85,0.80,1.10,24435.95,0.85,3372525,110695,68655,98180889189.50,10763,F1,65,,,,,
2026-08-12,2026-08-12,FO,NSE,IDO,45038,,NIFTY,,2026-08-18,2026-08-18,22950.00,PE,NIFTY2681822950PE,2.30,2.50,1.50,1.70,1.65,2.10,24435.95,1.70,114595,45695,22930,34208710409.25,4641,F1,65,,,,,
2026-08-12,2026-08-12,FO,NSE,IDO,45044,,NIFTY,,2026-08-18,2026-08-18,23050.00,PE,NIFTY2681823050PE,2.65,3.05,1.60,1.80,1.60,2.30,24435.95,1.80,163735,93860,34701,51995564322.00,8721,F1,65,,,,,
2026-08-12,2026-08-12,FO,NSE,IDO,45105,,NIFTY,,2026-08-18,2026-08-18,24350.00,PE,NIFTY2681824350PE,74.00,145.95,64.65,83.10,81.00,77.90,24435.95,83.10,2307175,1287715,1600395,2544303130733.00,832150,F1,65,,,,,
2026-08-12,2026-08-12,FO,NSE,IDO,45141,,NIFTY,,2026-08-18,2026-08-18,24800.00,PE,NIFTY2681824800PE,309.15,480.10,305.00,375.10,371.35,329.10,24435.95,375.10,448955,11635,26653,43641812077.50,18460,F1,65,,,,,
2026-08-12,2026-08-12,FO,NSE,IDO,45165,,NIFTY,,2026-08-18,2026-08-18,25350.00,PE,NIFTY2681825350PE,887.80,1003.75,842.30,930.80,930.80,849.50,24435.95,898.93,5980,4550,86,146884890.75,78,F1,65,,,,,
2026-08-12,2026-08-12,FO,NSE,IDO,45169,,NIFTY,,2026-08-18,2026-08-18,25450.00,PE,NIFTY2681825450PE,941.70,1077.70,941.70,990.70,990.70,800.00,24435.95,995.09,455,390,8,13771712.50,8,F1,65,,,,,
2026-08-12,2026-08-12,FO,NSE,IDO,45199,,NIFTY,,2026-08-18,2026-08-18,25950.00,PE,NIFTY2681825950PE,0.00,0.00,0.00,1804.45,0.00,1804.45,24435.95,1488.64,0,0,0,0.00,0,F1,65,,,,,
2026-08-12,2026-08-12,FO,NSE,IDO,61153,,NIFTY,,2026-08-25,2026-08-25,21200.00,PE,NIFTY26AUG21200PE,2.10,2.55,1.95,2.25,2.25,2.35,24435.95,2.25,1153815,96265,3774,5201116817.00,913,F1,65,,,,,
2026-08-12,2026-08-12,FO,NSE,IDO,61174,,NIFTY,,2026-08-25,2026-08-25,21350.00,PE,NIFTY26AUG21350PE,2.00,2.40,2.00,2.20,2.20,3.00,24435.95,0.00,3380,0,74,102703848.00,55,F1,65,,,,,
2026-08-12,2026-08-12,FO,NSE,IDO,61357,,NIFTY,,2026-08-25,2026-08-25,22100.00,PE,NIFTY26AUG22100PE,4.00,4.10,2.60,3.35,2.60,3.70,24435.95,3.35,73905,-1105,537,771517539.00,386,F1,65,,,,,
2026-08-12,2026-08-12,FO,NSE,IDO,61367,,NIFTY,,2026-08-25,2026-08-25,22200.00,PE,NIFTY26AUG22200PE,3.20,3.85,3.10,3.60,3.65,3.70,24435.95,3.60,300690,65910,2375,3427669960.00,913,F1,65,,,,,
2026-08-12,2026-08-12,FO,NSE,IDO,55651,,NIFTY,,2030-06-25,2030-06-25,31500.00,PE,NIFTY30JUN31500PE,0.00,0.00,0.00,2056.30,0.00,2056.30,24435.95,3161.99,0,0,0,0.00,0,F1,65,,,,,
2026-08-12,2026-08-12,FO,NSE,IDO,67775,,NIFTY,,2028-12-26,2028-12-26,20000.00,PE,NIFTY28DEC20000PE,0.00,0.00,0.00,280.00,280.00,280.00,24435.95,193.00,3420,0,0,0.00,0,F1,65,,,,,
2026-08-12,2026-08-12,FO,NSE,IDO,55469,,NIFTY,,2028-06-27,2028-06-27,16500.00,PE,NIFTY28JUN16500PE,0.00,0.00,0.00,3.80,0.00,3.80,24435.95,16.93,0,0,0,0.00,0,F1,65,,,,,
2026-08-12,2026-08-12,FO,NSE,IDO,53619,,NIFTY,,2027-12-28,2027-12-28,23000.00,PE,NIFTY27DEC23000PE,469.00,474.50,456.65,469.80,469.80,455.00,24435.95,469.80,49245,400,63,96106650.25,35,F1,65,,,,,
2026-08-12,2026-08-12,FO,NSE,IDO,35263,,NIFTY,,2027-06-29,2027-06-29,30000.00,PE,NIFTY27JUN30000PE,3835.00,3930.00,3835.00,3930.00,3930.00,3835.00,24435.95,3930.00,325,130,2,4404725.00,2,F1,65,,,,,
2026-08-12,2026-08-12,FO,NSE,IDO,55379,,NIFTY,,2027-06-29,2027-06-29,28500.00,PE,NIFTY27JUN28500PE,0.00,0.00,0.00,1807.05,0.00,1807.05,24435.95,3117.39,0,0,0,0.00,0,F1,65,,,,,
2026-08-12,2026-08-12,FO,NSE,IDO,61719,,NIFTY,,2026-08-25,2026-08-25,24350.00,PE,NIFTY26AUG24350PE,135.40,199.20,121.70,139.50,135.95,132.10,24435.95,139.50,440700,268905,31015,49417200881.75,22044,F1,65,,,,,
2026-08-12,2026-08-12,FO,NSE,IDO,61898,,NIFTY,,2026-08-25,2026-08-25,25000.00,PE,NIFTY26AUG25000PE,507.95,659.00,497.00,557.60,555.00,509.25,24435.95,557.60,2096900,-174200,12433,20686172198.25,8714,F1,65,,,,,
2026-08-12,2026-08-12,FO,NSE,IDO,61930,,NIFTY,,2026-08-25,2026-08-25,25200.00,PE,NIFTY26AUG25200PE,683.95,843.00,676.00,737.70,736.00,681.90,24435.95,737.70,114530,-7670,400,675323402.00,287,F1,65,,,,,
2026-08-12,2026-08-12,FO,NSE,IDO,61954,,NIFTY,,2026-08-25,2026-08-25,25350.00,PE,NIFTY26AUG25350PE,0.00,0.00,0.00,705.15,705.15,705.15,24435.95,912.22,1040,0,0,0.00,0,F1,65,,,,,
2026-08-12,2026-08-12,FO,NSE,IDO,46906,,NIFTY,,2026-09-01,2026-09-01,22000.00,PE,NIFTY2690122000PE,5.00,6.10,4.30,5.35,5.30,5.10,24435.95,5.35,44655,15535,551,788119988.50,228,F1,65,,,,,
2026-08-12,2026-08-12,FO,NSE,IDO,46982,,NIFTY,,2026-09-01,2026-09-01,23900.00,PE,NIFTY2690123900PE,68.45,88.10,57.10,60.10,59.10,62.25,24435.95,60.10,55835,26910,2109,3286394488.00,1535,F1,65,,,,,
2026-08-12,2026-08-12,FO,NSE,IDO,47026,,NIFTY,,2026-09-01,2026-09-01,25000.00,PE,NIFTY2690125000PE,552.00,650.00,508.05,559.75,560.00,496.10,24435.95,559.75,24700,1040,310,515353169.50,213,F1,65,,,,,
2026-08-12,2026-08-12,FO,NSE,IDO,51411,,NIFTY,,2026-10-27,2026-10-27,24400.00,PE,NIFTY26OCT24400PE,337.00,378.00,319.30,333.25,329.50,321.90,24435.95,333.25,13715,-390,347,558271983.75,242,F1,65,,,,,
2026-08-12,2026-08-12,FO,NSE,IDO,51419,,NIFTY,,2026-10-27,2026-10-27,24500.00,PE,NIFTY26OCT24500PE,362.85,417.65,342.95,369.25,367.45,355.75,24435.95,369.25,251810,-10660,2822,4565233845.25,2087,F1,65,,,,,
2026-08-12,2026-08-12,FO,NSE,IDO,51471,,NIFTY,,2026-10-27,2026-10-27,25550.00,PE,NIFTY26OCT25550PE,0.00,0.00,0.00,901.90,901.90,901.90,24435.95,1193.45,130,0,0,0.00,0,F1,65,,,,,
2026-08-12,2026-08-12,FO,NSE,IDO,61408,,NIFTY,,2026-08-25,2026-08-25,22650.00,PE,NIFTY26AUG22650PE,5.20,5.20,4.15,4.30,4.35,4.80,24435.95,4.30,25350,-130,718,1057285768.50,550,F1,65,,,,,
2026-08-12,2026-08-12,FO,NSE,IDO,80189,,NIFTY,,2027-03-30,2027-03-30,15000.00,PE,NIFTY27MAR15000PE,0.00,0.00,0.00,15.05,15.00,15.05,24435.95,0.02,585,0,0,0.00,0,F1,65,,,,,
2026-08-12,2026-08-12,FO,NSE,IDO,38159,,NIFTY,,2026-12-29,2026-12-29,29000.00,PE,NIFTY26DEC29000PE,3834.65,3946.20,3800.00,3852.30,3859.40,3781.10,24435.95,3852.30,222510,-520,53,113297544.75,49,F1,65,,,,,
2026-08-12,2026-08-12,FO,NSE,IDO,50979,,NIFTY,,2026-12-29,2026-12-29,27000.00,PE,NIFTY26DEC27000PE,1964.80,2074.25,1931.30,1986.40,1982.40,1938.85,24435.95,1986.40,895150,-2405,550,1037782265.00,388,F1,65,,,,,
2026-08-12,2026-08-12,FO,NSE,IDO,55327,,NIFTY,,2026-12-29,2026-12-29,22500.00,PE,NIFTY26DEC22500PE,100.35,110.85,98.20,104.45,104.70,100.50,24435.95,104.45,614250,55445,2682,3941011434.75,1536,F1,65,,,,,
2026-08-12,2026-08-12,FO,NSE,IDO,47042,,NIFTY,,2026-09-01,2026-09-01,25400.00,PE,NIFTY2690125400PE,0.00,0.00,0.00,1227.30,0.00,1227.30,24435.95,974.64,0,0,0,0.00,0,F1,65,,,,,
2026-08-12,2026-08-12,FO,NSE,IDO,47070,,NIFTY,,2026-09-01,2026-09-01,26100.00,PE,NIFTY2690126100PE,0.00,0.00,0.00,1810.35,0.00,1810.35,24435.95,1599.60,0,0,0,0.00,0,F1,65,,,,,
2026-08-12,2026-08-12,FO,NSE,IDO,47090,,NIFTY,,2026-09-01,2026-09-01,26600.00,PE,NIFTY2690126600PE,0.00,0.00,0.00,2266.30,0.00,2266.30,24435.95,2082.22,0,0,0,0.00,0,F1,65,,,,,
2026-08-12,2026-08-12,FO,NSE,IDO,42604,,NIFTY,,2026-09-08,2026-09-08,23300.00,PE,NIFTY2690823300PE,0.00,0.00,0.00,74.50,0.00,74.50,24435.95,65.94,0,0,0,0.00,0,F1,65,,,,,
2026-08-12,2026-08-12,FO,NSE,IDO,42658,,NIFTY,,2026-09-08,2026-09-08,24400.00,PE,NIFTY2690824400PE,250.00,282.25,205.15,226.55,227.00,209.80,24435.95,226.55,26130,19500,709,1136318868.75,617,F1,65,,,,,
2026-08-12,2026-08-12,FO,NSE,IDO,42662,,NIFTY,,2026-09-08,2026-09-08,24500.00,PE,NIFTY2690824500PE,257.55,332.15,243.50,268.85,268.00,251.30,24435.95,268.85,58240,29250,1032,1663323411.75,944,F1,65,,,,,
2026-08-12,2026-08-12,FO,NSE,IDO,42692,,NIFTY,,2026-09-08,2026-09-08,25100.00,PE,NIFTY2690825100PE,0.00,0.00,0.00,701.05,0.00,701.05,24435.95,773.26,0,0,0,0.00,0,F1,65,,,,,
2026-08-12,2026-08-12,FO,NSE,IDO,42728,,NIFTY,,2026-09-08,2026-09-08,25700.00,PE,NIFTY2690825700PE,0.00,0.00,0.00,1116.50,0.00,1116.50,24435.95,1239.53,0,0,0,0.00,0,F1,65,,,,,
2026-08-12,2026-08-12,FO,NSE,IDO,42768,,NIFTY,,2026-09-08,2026-09-08,26350.00,PE,NIFTY2690826350PE,0.00,0.00,0.00,1656.40,0.00,1656.40,24435.95,1824.40,0,0,0,0.00,0,F1,65,,,,,
2026-08-12,2026-08-12,FO,NSE,IDO,47310,,NIFTY,,2026-09-15,2026-09-15,23800.00,PE,NIFTY2691523800PE,0.00,0.00,0.00,191.65,0.00,191.65,24435.95,192.17,0,0,0,0.00,0,F1,65,,,,,
2026-08-12,2026-08-12,FO,NSE,IDO,47312,,NIFTY,,2026-09-15,2026-09-15,23850.00,PE,NIFTY2691523850PE,0.00,0.00,0.00,204.05,0.00,204.05,24435.95,204.83,0,0,0,0.00,0,F1,65,,,,,
2026-08-12,2026-08-12,FO,NSE,IDO,47324,,NIFTY,,2026-09-15,2026-09-15,24100.00,PE,NIFTY2691524100PE,0.00,0.00,0.00,282.00,0.00,282.00,24435.95,284.00,0,0,0,0.00,0,F1,65,,,,,
2026-08-12,2026-08-12,FO,NSE,IDO,47424,,NIFTY,,2026-09-15,2026-09-15,25950.00,PE,NIFTY2691525950PE,0.00,0.00,0.00,1430.00,0.00,1430.00,24435.95,1448.82,0,0,0,0.00,0,F1,65,,,,,
2026-08-12,2026-08-12,FO,NSE,IDO,73855,,NIFTY,,2026-09-29,2026-09-29,21850.00,PE,NIFTY26SEP21850PE,0.00,0.00,0.00,15.90,15.90,15.90,24435.95,11.60,845,0,0,0.00,0,F1,65,,,,,
2026-08-12,2026-08-12,FO,NSE,IDO,55761,,NIFTY,,2030-12-31,2030-12-31,28500.00,PE,NIFTY30DEC28500PE,0.00,0.00,0.00,1083.10,0.00,1083.10,24435.95,1850.99,0,0,0,0.00,0,F1,65,,,,,
2026-08-12,2026-08-12,FO,NSE,IDO,80269,,NIFTY,,2027-03-30,2027-03-30,21000.00,PE,NIFTY27MAR21000PE,90.75,93.45,85.75,90.05,90.50,87.20,24435.95,90.05,391690,35750,1773,2430481072.50,799,F1,65,,,,,
2026-08-12,2026-08-12,FO,NSE,IDO,80306,,NIFTY,,2027-03-30,2027-03-30,28500.00,PE,NIFTY27MAR28500PE,2937.15,2937.15,2937.15,2937.15,2937.15,2877.00,24435.95,3279.91,65,0,1,2043414.75,1,F1,65,,,,,
2026-08-12,2026-08-12,FO,NSE,IDO,55371,,NIFTY,,2027-06-29,2027-06-29,16500.00,PE,NIFTY27JUN16500PE,0.00,0.00,0.00,25.00,25.00,25.00,24435.95,1.64,780,0,0,0.00,0,F1,65,,,,,
2026-08-12,2026-08-12,FO,NSE,IDO,55427,,NIFTY,,2027-12-28,2027-12-28,25500.00,PE,NIFTY27DEC25500PE,0.00,0.00,0.00,676.05,0.00,676.05,24435.95,1333.40,0,0,0,0.00,0,F1,65,,,,,
2026-08-12,2026-08-12,FO,NSE,IDO,55475,,NIFTY,,2028-06-27,2028-06-27,22500.00,PE,NIFTY28JUN22500PE,0.00,0.00,0.00,206.95,0.00,206.95,24435.95,495.53,0,0,0,0.00,0,F1,65,,,,,
2026-08-12,2026-08-12,FO,NSE,IDO,55481,,NIFTY,,2028-06-27,2028-06-27,31500.00,PE,NIFTY28JUN31500PE,0.00,0.00,0.00,2935.60,0.00,2935.60,24435.95,4449.63,0,0,0,0.00,0,F1,65,,,,,
2026-08-12,2026-08-12,FO,NSE,IDO,55519,,NIFTY,,2028-12-26,2028-12-26,19500.00,PE,NIFTY28DEC19500PE,0.00,0.00,0.00,49.00,0.00,49.00,24435.95,152.67,0,0,0,0.00,0,F1,65,,,,,
2026-08-12,2026-08-12,FO,NSE,IDO,44999,,NIFTY,,2026-08-18,2026-08-18,22250.00,CE,NIFTY2681822250CE,0.00,0.00,0.00,1959.60,0.00,1959.60,24435.95,2208.10,0,0,0,0.00,0,F1,65,,,,,
2026-08-12,2026-08-12,FO,NSE,IDO,45005,,NIFTY,,2026-08-18,2026-08-18,22350.00,CE,NIFTY2681822350CE,0.00,0.00,0.00,1866.60,0.00,1866.60,24435.95,2108.20,0,0,0,0.00,0,F1,65,,,,,
2026-08-12,2026-08-12,FO,NSE,IDO,45029,,NIFTY,,2026-08-18,2026-08-18,22850.00,CE,NIFTY2681822850CE,0.00,0.00,0.00,1421.60,0.00,1421.60,24435.95,1608.79,0,0,0,0.00,0,F1,65,,,,,
2026-08-12,2026-08-12,FO,NSE,IDO,45060,,NIFTY,,2026-08-18,2026-08-18,23450.00,CE,NIFTY2681823450CE,0.00,0.00,0.00,951.00,0.00,951.00,24435.95,1013.80,0,0,0,0.00,0,F1,65,,,,,
2026-08-12,2026-08-12,FO,NSE,IDO,45082,,NIFTY,,2026-08-18,2026-08-18,23900.00,CE,NIFTY2681823900CE,617.60,626.80,454.05,548.70,553.05,617.60,24435.95,548.70,231465,60515,5546,8797033534.25,3884,F1,65,,,,,
2026-08-12,2026-08-12,FO,NSE,IDO,45086,,NIFTY,,2026-08-18,2026-08-18,24000.00,CE,NIFTY2681824000CE,516.75,539.00,366.20,456.65,461.55,522.90,24435.95,456.65,469365,115895,55480,88039825107.00,32611,F1,65,,,,,
2026-08-12,2026-08-12,FO,NSE,IDO,45144,,NIFTY,,2026-08-18,2026-08-18,24900.00,CE,NIFTY2681824900CE,19.00,21.20,7.75,10.15,10.45,21.20,24435.95,10.15,4669925,1759160,572242,926596925504.25,171459,F1,65,,,,,
2026-08-12,2026-08-12,FO,NSE,IDO,45148,,NIFTY,,2026-08-18,2026-08-18,25000.00,CE,NIFTY2681825000CE,10.90,12.45,5.50,6.05,6.45,11.90,24435.95,6.05,9137440,2629770,824244,1339767971841.00,182339,F1,65,,,,,
2026-08-12,2026-08-12,FO,NSE,IDO,45152,,NIFTY,,2026-08-18,2026-08-18,25100.00,CE,NIFTY2681825100CE,7.20,7.20,3.10,3.50,3.85,6.80,24435.95,3.50,3141970,917995,573343,935574108335.75,119638,F1,65,,,,,
2026-08-12,2026-08-12,FO,NSE,IDO,45172,,NIFTY,,2026-08-18,2026-08-18,25550.00,CE,NIFTY2681825550CE,1.45,1.95,1.05,1.15,1.15,1.60,24435.95,1.15,761735,111475,65436,108679452859.25,18031,F1,65,,,,,
2026-08-12,2026-08-12,FO,NSE,IDO,45190,,NIFTY,,2026-08-18,2026-08-18,25750.00,CE,NIFTY2681825750CE,1.10,1.60,0.80,0.85,0.85,1.20,24435.95,0.85,927290,588770,45509,76174104542.25,11243,F1,65,,,,,
2026-08-12,2026-08-12,FO,NSE,IDO,45198,,NIFTY,,2026-08-18,2026-08-18,25950.00,CE,NIFTY2681825950CE,1.15,1.60,0.70,0.80,0.80,0.90,24435.95,0.80,426725,213850,25693,43339309598.00,6787,F1,65,,,,,
2026-08-12,2026-08-12,FO,NSE,IDO,61346,,NIFTY,,2026-08-25,2026-08-25,21900.00,CE,NIFTY26AUG21900CE,0.00,0.00,0.00,2725.00,2725.00,2725.00,24435.95,2583.20,455,0,0,0.00,0,F1,65,,,,,
2026-08-12,2026-08-12,FO,NSE,IDO,61426,,NIFTY,,2026-08-25,2026-08-25,22950.00,CE,NIFTY26AUG22950CE,1538.50,1580.55,1538.50,1580.55,1580.55,1735.25,24435.95,1540.56,195,-65,2,3186238.25,2,F1,65,,,,,
2026-08-12,2026-08-12,FO,NSE,IDO,61973,,NIFTY,,2026-08-25,2026-08-25,25450.00,CE,NIFTY26AUG25450CE,8.30,8.30,5.15,5.35,5.35,8.10,24435.95,5.35,140920,31655,7222,11949745219.75,5264,F1,65,,,,,
2026-08-12,2026-08-12,FO,NSE,IDO,62055,,NIFTY,,2026-08-25,2026-08-25,26200.00,CE,NIFTY26AUG26200CE,1.30,1.55,0.90,1.00,1.00,1.25,24435.95,1.00,455260,71370,7581,12911018389.75,4399,F1,65,,,,,
2026-08-12,2026-08-12,FO,NSE,IDO,62197,,NIFTY,,2026-08-25,2026-08-25,26800.00,CE,NIFTY26AUG26800CE,0.65,0.80,0.65,0.70,0.65,0.75,24435.95,0.70,28210,-65,97,168978400.50,26,F1,65,,,,,
2026-08-12,2026-08-12,FO,NSE,IDO,46963,,NIFTY,,2026-09-01,2026-09-01,23450.00,CE,NIFTY2690123450CE,0.00,0.00,0.00,1108.95,0.00,1108.95,24435.95,1121.64,0,0,0,0.00,0,F1,65,,,,,
2026-08-12,2026-08-12,FO,NSE,IDO,46991,,NIFTY,,2026-09-01,2026-09-01,24150.00,CE,NIFTY2690124150CE,0.00,0.00,0.00,534.00,534.00,534.00,24435.95,586.16,130,0,0,0.00,0,F1,65,,,,,
2026-08-12,2026-08-12,FO,NSE,IDO,47039,,NIFTY,,2026-09-01,2026-09-01,25350.00,CE,NIFTY2690125350CE,0.00,0.00,0.00,203.15,0.00,203.15,24435.95,103.88,0,0,0,0.00,0,F1,65,,,,,
2026-08-12,2026-08-12,FO,NSE,IDO,47043,,NIFTY,,2026-09-01,2026-09-01,25450.00,CE,NIFTY2690125450CE,0.00,0.00,0.00,180.95,0.00,180.95,24435.95,86.36,0,0,0,0.00,0,F1,65,,,,,
2026-08-12,2026-08-12,FO,NSE,IDO,47053,,NIFTY,,2026-09-01,2026-09-01,25700.00,CE,NIFTY2690125700CE,9.95,10.20,7.25,8.00,8.20,11.00,24435.95,8.00,27950,-520,763,1274994145.75,418,F1,65,,,,,
2026-08-12,2026-08-12,FO,NSE,IDO,47079,,NIFTY,,2026-09-01,2026-09-01,26350.00,CE,NIFTY2690126350CE,2.55,3.00,2.40,2.95,2.95,1.95,24435.95,12.09,1105,650,21,35971435.50,12,F1,65,,,,,
2026-08-12,2026-08-12,FO,NSE,IDO,47106,,NIFTY,,2026-09-01,2026-09-01,26900.00,CE,NIFTY2690126900CE,1.80,2.20,1.50,1.85,1.85,3.40,24435.95,2.77,1040,650,33,57704604.75,26,F1,65,,,,,
2026-08-12,2026-08-12,FO,NSE,IDO,47112,,NIFTY,,2026-09-01,2026-09-01,27050.00,CE,NIFTY2690127050CE,1.70,2.40,1.60,1.75,1.75,2.15,24435.95,1.79,1560,585,17,29892346.25,15,F1,65,,,,,
2026-08-12,2026-08-12,FO,NSE,IDO,42581,,NIFTY,,2026-09-08,2026-09-08,22750.00,CE,NIFTY2690822750CE,0.00,0.00,0.00,2023.95,0.00,2023.95,24435.95,1807.80,0,0,0,0.00,0,F1,65,,,,,
2026-08-12,2026-08-12,FO,NSE,IDO,42591,,NIFTY,,2026-09-08,2026-09-08,23000.00,CE,NIFTY2690823000CE,0.00,0.00,0.00,1792.25,0.00,1792.25,24435.95,1574.38,0,0,0,0.00,0,F1,65,,,,,
2026-08-12,2026-08-12,FO,NSE,IDO,42605,,NIFTY,,2026-09-08,2026-09-08,23350.00,CE,NIFTY2690823350CE,0.00,0.00,0.00,1481.65,0.00,1481.65,24435.95,1262.98,0,0,0,0.00,0,F1,65,,,,,
2026-08-12,2026-08-12,FO,NSE,IDO,42612,,NIFTY,,2026-09-08,2026-09-08,23500.00,CE,NIFTY2690823500CE,1086.45,1086.45,1064.75,1064.75,1064.75,1354.80,24435.95,1136.84,195,195,3,4791536.75,2,F1,65,,,,,
2026-08-12,2026-08-12,FO,NSE,IDO,42649,,NIFTY,,2026-09-08,2026-09-08,24250.00,CE,NIFTY2690824250CE,0.00,0.00,0.00,797.75,0.00,797.75,24435.95,599.30,0,0,0,0.00,0,F1,65,,,,,
2026-08-12,2026-08-12,FO,NSE,IDO,42653,,NIFTY,,2026-09-08,2026-09-08,24350.00,CE,NIFTY2690824350CE,391.15,398.40,337.35,385.05,383.50,735.05,24435.95,385.05,2665,2665,89,142932858.25,67,F1,65,,,,,
2026-08-12,2026-08-12,FO,NSE,IDO,47311,,NIFTY,,2026-09-15,2026-09-15,23850.00,CE,NIFTY2691523850CE,0.00,0.00,0.00,963.95,0.00,963.95,24435.95,936.08,0,0,0,0.00,0,F1,65,,,,,
2026-08-12,2026-08-12,FO,NSE,IDO,47327,,NIFTY,,2026-09-15,2026-09-15,24200.00,CE,NIFTY2691524200CE,0.00,0.00,0.00,730.20,0.00,730.20,24435.95,704.28,0,0,0,0.00,0,F1,65,,,,,
2026-08-12,2026-08-12,FO,NSE,IDO,47329,,NIFTY,,2026-09-15,2026-09-15,24250.00,CE,NIFTY2691524250CE,0.00,0.00,0.00,699.80,0.00,699.80,24435.95,674.20,0,0,0,0.00,0,F1,65,,,,,
2026-08-12,2026-08-12,FO,NSE,IDO,47337,,NIFTY,,2026-09-15,2026-09-15,24450.00,CE,NIFTY2691524450CE,0.00,0.00,0.00,585.85,0.00,585.85,24435.95,561.77,0,0,0,0.00,0,F1,65,,,,,
2026-08-12,2026-08-12,FO,NSE,IDO,47351,,NIFTY,,2026-09-15,2026-09-15,24750.00,CE,NIFTY2691524750CE,0.00,0.00,0.00,438.30,0.00,438.30,24435.95,416.93,0,0,0,0.00,0,F1,65,,,,,
2026-08-12,2026-08-12,FO,NSE,IDO,47361,,NIFTY,,2026-09-15,2026-09-15,24950.00,CE,NIFTY2691524950CE,0.00,0.00,0.00,355.50,0.00,355.50,24435.95,336.12,0,0,0,0.00,0,F1,65,,,,,
2026-08-12,2026-08-12,FO,NSE,IDO,47381,,NIFTY,,2026-09-15,2026-09-15,25350.00,CE,NIFTY2691525350CE,0.00,0.00,0.00,224.65,0.00,224.65,24435.95,209.53,0,0,0,0.00,0,F1,65,,,,,
2026-08-12,2026-08-12,FO,NSE,IDO,74056,,NIFTY,,2026-09-29,2026-09-29,23900.00,CE,NIFTY26SEP23900CE,829.85,853.45,779.05,844.70,844.70,905.55,24435.95,844.70,23335,260,68,109204446.00,51,F1,65,,,,,
2026-08-12,2026-08-12,FO,NSE,IDO,65900,,NIFTY,,2026-09-29,2026-09-29,24000.00,CE,NIFTY26SEP24000CE,827.70,833.20,707.05,777.35,775.05,825.45,24435.95,777.35,1396655,24115,4239,6819347304.25,2965,F1,65,,,,,
2026-08-12,2026-08-12,FO,NSE,IDO,74064,,NIFTY,,2026-09-29,2026-09-29,24100.00,CE,NIFTY26SEP24100CE,720.05,750.00,637.00,702.15,709.15,752.30,24435.95,702.15,35685,2795,368,592389937.75,292,F1,65,,,,,
2026-08-12,2026-08-12,FO,NSE,IDO,74359,,NIFTY,,2026-09-29,2026-09-29,24850.00,CE,NIFTY26SEP24850CE,300.00,300.00,229.15,263.80,264.65,299.95,24435.95,263.80,18200,1430,339,553029145.50,208,F1,65,,,,,
2026-08-12,2026-08-12,FO,NSE,IDO,74414,,NIFTY,,2026-09-29,2026-09-29,25650.00,CE,NIFTY26SEP25650CE,0.00,0.00,0.00,317.20,0.00,317.20,24435.95,228.40,0,0,0,0.00,0,F1,65,,,,,
2026-08-12,2026-08-12,FO,NSE,IDO,74489,,NIFTY,,2026-09-29,2026-09-29,26700.00,CE,NIFTY26SEP26700CE,0.00,0.00,0.00,136.15,0.00,136.15,24435.95,65.17,0,0,0,0.00,0,F1,65,,,,,
2026-08-12,2026-08-12,FO,NSE,IDO,74497,,NIFTY,,2026-09-29,2026-09-29,26900.00,CE,NIFTY26SEP26900CE,0.00,0.00,0.00,114.30,0.00,114.30,24435.95,49.80,0,0,0,0.00,0,F1,65,,,,,
2026-08-12,2026-08-12,FO,NSE,IDO,51348,,NIFTY,,2026-10-27,2026-10-27,22900.00,CE,NIFTY26OCT22900CE,0.00,0.00,0.00,1691.95,0.00,1691.95,24435.95,1983.98,0,0,0,0.00,0,F1,65,,,,,
2026-08-12,2026-08-12,FO,NSE,IDO,51364,,NIFTY,,2026-10-27,2026-10-27,23300.00,CE,NIFTY26OCT23300CE,0.00,0.00,0.00,1407.30,0.00,1407.30,24435.95,1663.59,0,0,0,0.00,0,F1,65,,,,,
2026-08-12,2026-08-12,FO,NSE,IDO,51408,,NIFTY,,2026-10-27,2026-10-27,24350.00,CE,NIFTY26OCT24350CE,0.00,0.00,0.00,801.00,0.00,801.00,24435.95,957.18,0,0,0,0.00,0,F1,65,,,,,
2026-08-12,2026-08-12,FO,NSE,IDO,51496,,NIFTY,,2026-10-27,2026-10-27,26150.00,CE,NIFTY26OCT26150CE,0.00,0.00,0.00,228.35,0.00,228.35,24435.95,263.83,0,0,0,0.00,0,F1,65,,,,,
2026-08-12,2026-08-12,FO,NSE,IDO,51512,,NIFTY,,2026-10-27,2026-10-27,26550.00,CE,NIFTY26OCT26550CE,0.00,0.00,0.00,164.25,0.00,164.25,24435.95,186.27,0,0,0,0.00,0,F1,65,,,,,
2026-08-12,2026-08-12,FO,NSE,IDO,51522,,NIFTY,,2026-10-27,2026-10-27,26800.00,CE,NIFTY26OCT26800CE,0.00,0.00,0.00,132.40,0.00,132.40,24435.95,148.12,0,0,0,0.00,0,F1,65,,,,,
2026-08-12,2026-08-12,FO,NSE,IDO,51528,,NIFTY,,2026-10-27,2026-10-27,26950.00,CE,NIFTY26OCT26950CE,0.00,0.00,0.00,115.95,0.00,115.95,24435.95,128.54,0,0,0,0.00,0,F1,65,,,,,
2026-08-12,2026-08-12,FO,NSE,IDO,37806,,NIFTY,,2026-12-29,2026-12-29,23000.00,CE,NIFTY26DEC23000CE,2163.05,2168.45,2030.00,2112.95,2107.00,2163.05,24435.95,2112.95,336065,-3055,363,591930186.25,259,F1,65,,,,,
2026-08-12,2026-08-12,FO,NSE,IDO,71549,,NIFTY,,2027-06-29,2027-06-29,19000.00,CE,NIFTY27JUN19000CE,0.00,0.00,0.00,7800.00,7800.00,7800.00,24435.95,6529.37,75,0,0,0.00,0,F1,65,,,,,
2026-08-12,2026-08-12,FO,NSE,IDO,55380,,NIFTY,,2027-06-29,2027-06-29,31500.00,CE,NIFTY27JUN31500CE,0.00,0.00,0.00,769.15,0.00,769.15,24435.95,206.07,0,0,0,0.00,0,F1,65,,,,,
2026-08-12,2026-08-12,FO,NSE,IDO,86139,,NIFTY,,2028-06-27,2028-06-27,18000.00,CE,NIFTY28JUN18000CE,0.00,0.00,0.00,6809.35,0.00,6809.35,24435.95,8571.73,0,0,0,0.00,0,F1,65,,,,,
2026-08-12,2026-08-12,FO,NSE,IDO,55564,,NIFTY,,2029-06-26,2029-06-26,28500.00,CE,NIFTY29JUN28500CE,0.00,0.00,0.00,4213.30,0.00,4213.30,24435.95,3118.06,0,0,0,0.00,0,F1,65,,,,,
2026-08-12,2026-08-12,FO,NSE,IDO,89642,,NIFTY,,2029-06-26,2029-06-26,30000.00,CE,NIFTY29JUN30000CE,0.00,0.00,0.00,5268.40,0.00,5268.40,24435.95,2550.74,0,0,0,0.00,0,F1,65,,,,,
2026-08-12,2026-08-12,FO,NSE,IDO,55608,,NIFTY,,2029-12-24,2029-12-24,31500.00,CE,NIFTY29DEC31500CE,0.00,0.00,0.00,3429.30,0.00,3429.30,24435.95,2610.53,0,0,0,0.00,0,F1,65,,,,,
2026-08-12,2026-08-12,FO,NSE,IDO,55644,,NIFTY,,2030-06-25,2030-06-25,22500.00,CE,NIFTY30JUN22500CE,0.00,0.00,0.00,9012.40,0.00,9012.40,24435.95,7505.54,0,0,0,0.00,0,F1,65,,,,,
2026-08-12,2026-08-12,FO,NSE,IDO,55762,,NIFTY,,2030-12-31,2030-12-31,30000.00,CE,NIFTY30DEC30000CE,0.00,0.00,0.00,5227.20,0.00,5227.20,24435.95,4292.83,0,0,0,0.00,0,F1,65,,,,,
2026-08-12,2026-08-12,FO,NSE,IDO,74649,,NIFTY,,2031-06-24,2031-06-24,24000.00,CE,NIFTY31JUN24000CE,0.00,0.00,0.00,7181.90,0.00,7181.90,24435.95,7717.30,0,0,0,0.00,0,F1,65,,,,,
2026-08-12,2026-08-12,FO,NSE,IDO,44988,,NIFTY,,2026-08-18,2026-08-18,22050.00,PE,NIFTY2681822050PE,1.05,1.25,0.80,0.85,0.85,1.05,24435.95,0.85,187005,13650,12357,17711425979.00,3421,F1,65,,,,,
2026-08-12,2026-08-12,FO,NSE,IDO,44990,,NIFTY,,2026-08-18,2026-08-18,22100.00,PE,NIFTY2681822100PE,1.15,1.40,0.80,0.90,0.90,1.10,24435.95,0.90,461305,204295,21222,30486719857.75,5388,F1,65,,,,,
2026-08-12,2026-08-12,FO,NSE,IDO,45026,,NIFTY,,2026-08-18,2026-08-18,22750.00,PE,NIFTY2681822750PE,2.10,2.10,1.30,1.45,1.35,1.80,24435.95,1.45,51090,14625,5558,8219468227.75,2180,F1,65,,,,,
2026-08-12,2026-08-12,FO,NSE,IDO,55705,,NIFTY,,2030-12-31,2030-12-31,22500.00,PE,NIFTY30DEC22500PE,0.00,0.00,0.00,219.35,0.00,219.35,24435.95,511.38,0,0,0,0.00,0,F1,65,,,,,
2026-08-12,2026-08-12,FO,NSE,IDO,55765,,NIFTY,,2030-12-31,2030-12-31,31500.00,PE,NIFTY30DEC31500PE,0.00,0.00,0.00,1885.50,0.00,1885.50,24435.95,2916.35,0,0,0,0.00,0,F1,65,,,,,
2026-08-12,2026-08-12,FO,NSE,IDO,55329,,NIFTY,,2026-12-29,2026-12-29,25500.00,PE,NIFTY26DEC25500PE,887.60,954.30,851.85,897.85,890.15,865.00,24435.95,897.85,385905,-14885,746,1280913829.00,529,F1,65,,,,,
2026-08-12,2026-08-12,FO,NSE,IDO,51493,,NIFTY,,2026-10-27,2026-10-27,26050.00,PE,NIFTY26OCT26050PE,0.00,0.00,0.00,1920.65,0.00,1920.65,24435.95,1548.32,0,0,0,0.00,0,F1,65,,,,,
2026-08-12,2026-08-12,FO,NSE,IDO,51483,,NIFTY,,2026-10-27,2026-10-27,25800.00,PE,NIFTY26OCT25800PE,0.00,0.00,0.00,1055.90,1055.90,1055.90,24435.95,1364.94,390,0,0,0.00,0,F1,65,,,,,
2026-08-12,2026-08-12,FO,NSE,IDO,51361,,NIFTY,,2026-10-27,2026-10-27,23200.00,PE,NIFTY26OCT23200PE,0.00,0.00,0.00,342.00,0.00,342.00,24435.95,190.69,0,0,0,0.00,0,F1,65,,,,,
2026-08-12,2026-08-12,FO,NSE,IDO,65924,,NIFTY,,2026-09-29,2026-09-29,30000.00,PE,NIFTY26SEP30000PE,5400.00,5418.80,5298.00,5298.00,5298.00,5260.00,24435.95,5306.59,147485,-130,9,20699045.25,9,F1,65,,,,,
2026-08-12,2026-08-12,FO,NSE,IDO,74504,,NIFTY,,2026-09-29,2026-09-29,27100.00,PE,NIFTY26SEP27100PE,0.00,0.00,0.00,2914.15,0.00,2914.15,24435.95,2468.95,0,0,0,0.00,0,F1,65,,,,,
2026-08-12,2026-08-12,FO,NSE,IDO,74494,,NIFTY,,2026-09-29,2026-09-29,26800.00,PE,NIFTY26SEP26800PE,0.00,0.00,0.00,2648.00,0.00,2648.00,24435.95,2190.89,0,0,0,0.00,0,F1,65,,,,,
2026-08-12,2026-08-12,FO,NSE,IDO,74488,,NIFTY,,2026-09-29,2026-09-29,26650.00,PE,NIFTY26SEP26650PE,0.00,0.00,0.00,2517.60,0.00,2517.60,24435.95,2054.73,0,0,0,0.00,0,F1,65,,,,,
2026-08-12,2026-08-12,FO,NSE,IDO,74648,,NIFTY,,2031-06-24,2031-06-24,22500.00,PE,NIFTY31JUN22500PE,0.00,0.00,0.00,663.60,0.00,663.60,24435.95,497.22,0,0,0,0.00,0,F1,65,,,,,
2026-08-12,2026-08-12,FO,NSE,IDO,74666,,NIFTY,,2031-06-24,2031-06-24,33000.00,PE,NIFTY31JUN33000PE,0.00,0.00,0.00,3810.15,0.00,3810.15,24435.95,3284.75,0,0,0,0.00,0,F1,65,,,,,
2026-08-12,2026-08-12,FO,NSE,IDO,51381,,NIFTY,,2026-10-27,2026-10-27,23700.00,PE,NIFTY26OCT23700PE,153.95,175.10,140.45,155.70,154.45,146.70,24435.95,155.70,50375,5980,298,462143207.50,236,F1,65,,,,,
2026-08-12,2026-08-12,FO,NSE,IDO,74421,,NIFTY,,2026-09-29,2026-09-29,25800.00,PE,NIFTY26SEP25800PE,0.00,0.00,0.00,992.25,992.25,992.25,24435.95,1335.92,845,0,0,0.00,0,F1,65,,,,,
2026-08-12,2026-08-12,FO,NSE,IDO,74354,,NIFTY,,2026-09-29,2026-09-29,24700.00,PE,NIFTY26SEP24700PE,405.55,475.00,379.65,413.60,412.80,394.15,24435.95,413.60,210925,12610,1537,2510929112.25,1152,F1,65,,,,,
2026-08-12,2026-08-12,FO,NSE,IDO,73902,,NIFTY,,2026-09-29,2026-09-29,22950.00,PE,NIFTY26SEP22950PE,35.50,41.45,35.50,38.30,38.30,35.50,24435.95,38.30,21255,715,31,46321574.00,23,F1,65,,,,,
2026-08-12,2026-08-12,FO,NSE,IDO,51417,,NIFTY,,2026-10-27,2026-10-27,24450.00,PE,NIFTY26OCT24450PE,366.00,391.00,352.35,352.35,352.35,344.00,24435.95,352.35,1495,-65,18,29051886.50,8,F1,65,,,,,
2026-08-12,2026-08-12,FO,NSE,IDO,73896,,NIFTY,,2026-09-29,2026-09-29,22800.00,PE,NIFTY26SEP22800PE,29.90,35.25,28.65,30.90,30.95,29.90,24435.95,30.90,138190,3185,1604,2380490030.75,1050,F1,65,,,,,
2026-08-12,2026-08-12,FO,NSE,IDO,73872,,NIFTY,,2026-09-29,2026-09-29,22150.00,PE,NIFTY26SEP22150PE,15.70,18.45,15.70,18.05,18.05,15.70,24435.95,21.03,20930,130,7,10086378.25,5,F1,65,,,,,
2026-08-12,2026-08-12,FO,NSE,IDO,45028,,NIFTY,,2026-08-18,2026-08-18,22800.00,PE,NIFTY2681822800PE,1.40,2.20,1.30,1.50,1.65,1.85,24435.95,1.50,948740,381160,62623,92813952533.25,15848,F1,65,,,,,
2026-08-12,2026-08-12,FO,NSE,IDO,45032,,NIFTY,,2026-08-18,2026-08-18,22850.00,PE,NIFTY2681822850PE,2.35,2.40,1.45,1.60,1.55,1.95,24435.95,1.60,89310,38935,15401,22876084718.50,3622,F1,65,,,,,
2026-08-12,2026-08-12,FO,NSE,IDO,45066,,NIFTY,,2026-08-18,2026-08-18,23500.00,PE,NIFTY2681823500PE,3.35,5.15,2.60,2.95,2.95,3.65,24435.95,2.95,5374265,1029340,421567,644045292887.75,90726,F1,65,,,,,
2026-08-12,2026-08-12,FO,NSE,IDO,45068,,NIFTY,,2026-08-18,2026-08-18,23550.00,PE,NIFTY2681823550PE,4.95,5.70,2.70,3.05,3.30,3.85,24435.95,3.05,683410,366795,124273,190264599560.75,31991,F1,65,,,,,
2026-08-12,2026-08-12,FO,NSE,IDO,45072,,NIFTY,,2026-08-18,2026-08-18,23650.00,PE,NIFTY2681823650PE,4.40,7.60,3.25,3.70,3.65,4.75,24435.95,3.70,1069120,404820,256969,395115926998.00,53494,F1,65,,,,,
2026-08-12,2026-08-12,FO,NSE,IDO,45081,,NIFTY,,2026-08-18,2026-08-18,23850.00,PE,NIFTY2681823850PE,9.45,17.00,6.50,7.15,7.10,9.00,24435.95,7.15,1660490,927420,301646,467851344281.75,88920,F1,65,,,,,
2026-08-12,2026-08-12,FO,NSE,IDO,45111,,NIFTY,,2026-08-18,2026-08-18,24500.00,PE,NIFTY2681824500PE,131.00,235.70,118.70,153.10,150.25,136.80,24435.95,153.10,3082040,-1187420,1213594,1946168192302.75,706299,F1,65,,,,,
2026-08-12,2026-08-12,FO,NSE,IDO,45163,,NIFTY,,2026-08-18,2026-08-18,25300.00,PE,NIFTY2681825300PE,810.00,962.60,785.10,864.10,864.05,791.85,24435.95,864.10,37180,7670,272,463206607.50,256,F1,65,,,,,
2026-08-12,2026-08-12,FO,NSE,IDO,45248,,NIFTY,,2026-08-18,2026-08-18,26700.00,PE,NIFTY2681826700PE,0.00,0.00,0.00,2509.90,0.00,2509.90,24435.95,2237.47,0,0,0,0.00,0,F1,65,,,,,
2026-08-12,2026-08-12,FO,NSE,IDO,45258,,NIFTY,,2026-08-18,2026-08-18,26900.00,PE,NIFTY2681826900PE,0.00,0.00,0.00,2703.85,0.00,2703.85,24435.95,2437.27,0,0,0,0.00,0,F1,65,,,,,
2026-08-12,2026-08-12,FO,NSE,IDO,45267,,NIFTY,,2026-08-18,2026-08-18,27100.00,PE,NIFTY2681827100PE,0.00,0.00,0.00,2899.20,0.00,2899.20,24435.95,2637.07,0,0,0,0.00,0,F1,65,,,,,
2026-08-12,2026-08-12,FO,NSE,IDO,61212,,NIFTY,,2026-08-25,2026-08-25,21500.00,PE,NIFTY26AUG21500PE,2.90,2.90,2.30,2.55,2.45,2.75,24435.95,2.55,952965,40495,4836,6759117657.50,1609,F1,65,,,,,
2026-08-12,2026-08-12,FO,NSE,IDO,61333,,NIFTY,,2026-08-25,2026-08-25,21550.00,PE,NIFTY26AUG21550PE,2.85,2.85,2.85,2.85,2.85,4.65,24435.95,0.00,6565,-650,10,14009352.50,1,F1,65,,,,,
2026-08-12,2026-08-12,FO,NSE,IDO,61353,,NIFTY,,2026-08-25,2026-08-25,22000.00,PE,NIFTY26AUG22000PE,3.05,3.80,2.95,3.35,3.35,3.55,24435.95,3.35,2492945,414830,22544,32242641184.00,5415,F1,65,,,,,
2026-08-12,2026-08-12,FO,NSE,IDO,61396,,NIFTY,,2026-08-25,2026-08-25,22450.00,PE,NIFTY26AUG22450PE,4.25,4.25,3.40,3.65,3.80,4.10,24435.95,3.65,21775,-1365,372,542930807.25,291,F1,65,,,,,
2026-08-12,2026-08-12,FO,NSE,IDO,61412,,NIFTY,,2026-08-25,2026-08-25,22750.00,PE,NIFTY26AUG22750PE,5.50,5.50,4.45,4.90,4.85,5.20,24435.95,4.90,64545,9425,900,1331159518.00,695,F1,65,,,,,
2026-08-12,2026-08-12,FO,NSE,IDO,61437,,NIFTY,,2026-08-25,2026-08-25,23100.00,PE,NIFTY26AUG23100PE,7.25,8.55,6.20,6.40,6.50,7.15,24435.95,6.40,326950,99450,9508,14280714178.25,5531,F1,65,,,,,
2026-08-12,2026-08-12,FO,NSE,IDO,61454,,NIFTY,,2026-08-25,2026-08-25,23250.00,PE,NIFTY26AUG23250PE,9.35,10.95,7.40,7.70,7.65,8.55,24435.95,7.70,169585,109525,5239,7920317548.00,3621,F1,65,,,,,
2026-08-12,2026-08-12,FO,NSE,IDO,61535,,NIFTY,,2026-08-25,2026-08-25,23800.00,PE,NIFTY26AUG23800PE,30.10,45.65,23.80,27.80,27.75,30.05,24435.95,27.80,2307760,401505,63623,98572432517.00,36371,F1,65,,,,,
2026-08-12,2026-08-12,FO,NSE,IDO,61984,,NIFTY,,2026-08-25,2026-08-25,25700.00,PE,NIFTY26AUG25700PE,1210.00,1320.00,1196.65,1220.00,1220.00,1167.75,24435.95,1220.00,29705,325,11,19271157.75,10,F1,65,,,,,
2026-08-12,2026-08-12,FO,NSE,IDO,62118,,NIFTY,,2026-08-25,2026-08-25,26400.00,PE,NIFTY26AUG26400PE,0.00,0.00,0.00,1670.00,1670.00,1670.00,24435.95,1909.27,130,0,0,0.00,0,F1,65,,,,,
2026-08-12,2026-08-12,FO,NSE,IDO,62237,,NIFTY,,2026-08-25,2026-08-25,27100.00,PE,NIFTY26AUG27100PE,0.00,0.00,0.00,2350.00,2350.00,2350.00,24435.95,2605.75,65,0,0,0.00,0,F1,65,,,,,
2026-08-12,2026-08-12,FO,NSE,IDO,46984,,NIFTY,,2026-09-01,2026-09-01,23950.00,PE,NIFTY2690123950PE,126.40,126.40,67.95,69.75,67.95,60.70,24435.95,69.75,6435,5460,140,218685912.25,120,F1,65,,,,,
2026-08-12,2026-08-12,FO,NSE,IDO,47012,,NIFTY,,2026-09-01,2026-09-01,24650.00,PE,NIFTY2690124650PE,289.45,388.85,285.30,315.85,315.85,287.65,24435.95,315.85,4420,-3510,129,209581989.50,105,F1,65,,,,,
2026-08-12,2026-08-12,FO,NSE,IDO,47024,,NIFTY,,2026-09-01,2026-09-01,24950.00,PE,NIFTY2690124950PE,528.40,528.40,528.40,528.40,528.40,404.85,24435.95,635.02,2860,0,1,1656096.00,1,F1,65,,,,,
2026-08-12,2026-08-12,FO,NSE,IDO,47036,,NIFTY,,2026-09-01,2026-09-01,25250.00,PE,NIFTY2690125250PE,0.00,0.00,0.00,1113.75,0.00,1113.75,24435.95,854.48,0,0,0,0.00,0,F1,65,,,,,
2026-08-12,2026-08-12,FO,NSE,IDO,62228,,NIFTY,,2026-08-25,2026-08-25,26950.00,PE,NIFTY26AUG26950PE,0.00,0.00,0.00,2758.95,0.00,2758.95,24435.95,2456.19,0,0,0,0.00,0,F1,65,,,,,
2026-08-12,2026-08-12,FO,NSE,IDO,62235,,NIFTY,,2026-08-25,2026-08-25,27050.00,PE,NIFTY26AUG27050PE,0.00,0.00,0.00,2847.45,0.00,2847.45,24435.95,2555.89,0,0,0,0.00,0,F1,65,,,,,
2026-08-12,2026-08-12,FO,NSE,IDO,46914,,NIFTY,,2026-09-01,2026-09-01,22200.00,PE,NIFTY2690122200PE,5.50,6.40,5.25,5.85,5.85,6.40,24435.95,1.50,3055,910,28,40413984.00,16,F1,65,,,,,
2026-08-12,2026-08-12,FO,NSE,IDO,46932,,NIFTY,,2026-09-01,2026-09-01,22650.00,PE,NIFTY2690122650PE,8.15,8.35,7.15,7.40,7.15,9.35,24435.95,7.40,1430,1040,30,44183122.75,28,F1,65,,,,,
2026-08-12,2026-08-12,FO,NSE,IDO,46980,,NIFTY,,2026-09-01,2026-09-01,23850.00,PE,NIFTY2690123850PE,82.75,82.75,52.10,53.30,53.65,82.75,24435.95,53.30,7280,6175,219,340422325.75,201,F1,65,,,,,
2026-08-12,2026-08-12,FO,NSE,IDO,47008,,NIFTY,,2026-09-01,2026-09-01,24550.00,PE,NIFTY2690124550PE,242.05,330.50,236.00,264.65,263.95,240.05,24435.95,264.65,14430,2275,380,613301068.25,314,F1,65,,,,,
2026-08-12,2026-08-12,FO,NSE,IDO,47044,,NIFTY,,2026-09-01,2026-09-01,25450.00,PE,NIFTY2690125450PE,0.00,0.00,0.00,1266.10,0.00,1266.10,24435.95,1016.04,0,0,0,0.00,0,F1,65,,,,,
2026-08-12,2026-08-12,FO,NSE,IDO,47080,,NIFTY,,2026-09-01,2026-09-01,26350.00,PE,NIFTY2690126350PE,0.00,0.00,0.00,2035.25,0.00,2035.25,24435.95,1838.79,0,0,0,0.00,0,F1,65,,,,,
2026-08-12,2026-08-12,FO,NSE,IDO,47101,,NIFTY,,2026-09-01,2026-09-01,26750.00,PE,NIFTY2690126750PE,0.00,0.00,0.00,2407.30,0.00,2407.30,24435.95,2229.60,0,0,0,0.00,0,F1,65,,,,,
2026-08-12,2026-08-12,FO,NSE,IDO,47113,,NIFTY,,2026-09-01,2026-09-01,27050.00,PE,NIFTY2690127050PE,0.00,0.00,0.00,2693.45,0.00,2693.45,24435.95,2526.16,0,0,0,0.00,0,F1,65,,,,,
2026-08-12,2026-08-12,FO,NSE,IDO,42586,,NIFTY,,2026-09-08,2026-09-08,22850.00,PE,NIFTY2690822850PE,13.65,15.65,12.75,12.85,12.75,13.40,24435.95,12.85,4615,2015,33,49045070.75,20,F1,65,,,,,
2026-08-12,2026-08-12,FO,NSE,IDO,42607,,NIFTY,,2026-09-08,2026-09-08,23350.00,PE,NIFTY2690823350PE,29.00,37.25,26.65,28.00,28.60,26.65,24435.95,28.00,18135,10140,470,714323454.00,249,F1,65,,,,,
2026-08-12,2026-08-12,FO,NSE,IDO,42609,,NIFTY,,2026-09-08,2026-09-08,23400.00,PE,NIFTY2690823400PE,0.00,0.00,0.00,87.95,0.00,87.95,24435.95,79.76,0,0,0,0.00,0,F1,65,,,,,
2026-08-12,2026-08-12,FO,NSE,IDO,42632,,NIFTY,,2026-09-08,2026-09-08,23800.00,PE,NIFTY2690823800PE,0.00,0.00,0.00,161.95,0.00,161.95,24435.95,159.96,0,0,0,0.00,0,F1,65,,,,,
2026-08-12,2026-08-12,FO,NSE,IDO,42664,,NIFTY,,2026-09-08,2026-09-08,24550.00,PE,NIFTY2690824550PE,291.75,353.30,291.75,301.00,301.00,411.10,24435.95,441.10,1885,1885,31,50162144.50,28,F1,65,,,,,
2026-08-12,2026-08-12,FO,NSE,IDO,42672,,NIFTY,,2026-09-08,2026-09-08,24750.00,PE,NIFTY2690824750PE,0.00,0.00,0.00,505.75,0.00,505.75,24435.95,549.88,0,0,0,0.00,0,F1,65,,,,,
2026-08-12,2026-08-12,FO,NSE,IDO,42680,,NIFTY,,2026-09-08,2026-09-08,24900.00,PE,NIFTY2690824900PE,0.00,0.00,0.00,584.90,0.00,584.90,24435.95,640.64,0,0,0,0.00,0,F1,65,,,,,
2026-08-12,2026-08-12,FO,NSE,IDO,42708,,NIFTY,,2026-09-08,2026-09-08,25400.00,PE,NIFTY2690825400PE,0.00,0.00,0.00,896.85,0.00,896.85,24435.95,995.01,0,0,0,0.00,0,F1,65,,,,,
2026-08-12,2026-08-12,FO,NSE,IDO,47308,,NIFTY,,2026-09-15,2026-09-15,23750.00,PE,NIFTY2691523750PE,0.00,0.00,0.00,177.95,0.00,177.95,24435.95,179.31,0,0,0,0.00,0,F1,65,,,,,
2026-08-12,2026-08-12,FO,NSE,IDO,47348,,NIFTY,,2026-09-15,2026-09-15,24650.00,PE,NIFTY2691524650PE,331.20,353.15,331.20,353.15,353.15,519.80,24435.95,525.88,130,130,2,3248982.75,2,F1,65,,,,,
2026-08-12,2026-08-12,FO,NSE,IDO,47358,,NIFTY,,2026-09-15,2026-09-15,24850.00,PE,NIFTY2691524850PE,0.00,0.00,0.00,629.70,0.00,629.70,24435.95,637.66,0,0,0,0.00,0,F1,65,,,,,
2026-08-12,2026-08-12,FO,NSE,IDO,61339,,NIFTY,,2026-08-25,2026-08-25,21700.00,PE,NIFTY26AUG21700PE,2.80,3.05,2.50,2.70,2.50,3.10,24435.95,2.70,75985,5070,729,1028385345.00,490,F1,65,,,,,
2026-08-12,2026-08-12,FO,NSE,IDO,47378,,NIFTY,,2026-09-15,2026-09-15,25250.00,PE,NIFTY2691525250PE,0.00,0.00,0.00,885.25,0.00,885.25,24435.95,897.29,0,0,0,0.00,0,F1,65,,,,,
2026-08-12,2026-08-12,FO,NSE,IDO,47386,,NIFTY,,2026-09-15,2026-09-15,25400.00,PE,NIFTY2691525400PE,0.00,0.00,0.00,992.45,0.00,992.45,24435.95,1007.10,0,0,0,0.00,0,F1,65,,,,,
2026-08-12,2026-08-12,FO,NSE,IDO,47394,,NIFTY,,2026-09-15,2026-09-15,25550.00,PE,NIFTY2691525550PE,0.00,0.00,0.00,1105.50,0.00,1105.50,24435.95,1120.58,0,0,0,0.00,0,F1,65,,,,,
2026-08-12,2026-08-12,FO,NSE,IDO,55281,,NIFTY,,2026-09-29,2026-09-29,16500.00,PE,NIFTY26SEP16500PE,2.25,2.25,1.60,1.70,1.60,2.25,24435.95,1.70,135460,0,31,33251016.50,11,F1,65,,,,,
2026-08-12,2026-08-12,FO,NSE,IDO,73832,,NIFTY,,2026-09-29,2026-09-29,21650.00,PE,NIFTY26SEP21650PE,12.25,17.00,11.40,12.60,11.50,13.40,24435.95,12.60,1820,-130,214,301332824.00,120,F1,65,,,,,
2026-08-12,2026-08-12,FO,NSE,IDO,73868,,NIFTY,,2026-09-29,2026-09-29,22050.00,PE,NIFTY26SEP22050PE,22.95,23.00,15.35,15.35,15.35,17.40,24435.95,17.34,2015,-130,30,43032333.50,16,F1,65,,,,,
2026-08-12,2026-08-12,FO,NSE,IDO,73870,,NIFTY,,2026-09-29,2026-09-29,22100.00,PE,NIFTY26SEP22100PE,16.10,18.45,15.70,16.60,16.40,17.15,24435.95,16.60,114140,-4485,506,727425734.75,342,F1,65,,,,,
2026-08-12,2026-08-12,FO,NSE,IDO,73880,,NIFTY,,2026-09-29,2026-09-29,22350.00,PE,NIFTY26SEP22350PE,21.00,21.70,20.90,21.45,21.45,20.00,24435.95,30.43,8580,1170,57,82885260.25,45,F1,65,,,,,
2026-08-12,2026-08-12,FO,NSE,IDO,73894,,NIFTY,,2026-09-29,2026-09-29,22750.00,PE,NIFTY26SEP22750PE,27.50,32.90,27.50,29.25,28.50,28.95,24435.95,29.25,16510,1430,37,54785133.00,33,F1,65,,,,,
2026-08-12,2026-08-12,FO,NSE,IDO,73911,,NIFTY,,2026-09-29,2026-09-29,23200.00,PE,NIFTY26SEP23200PE,51.00,61.60,46.30,53.15,52.05,49.35,24435.95,53.15,281970,40495,4847,7326999130.75,3041,F1,65,,,,,
2026-08-12,2026-08-12,FO,NSE,IDO,73982,,NIFTY,,2026-09-29,2026-09-29,23450.00,PE,NIFTY26SEP23450PE,73.85,88.25,66.65,76.60,75.05,70.80,24435.95,76.60,39000,-3510,333,509301201.50,209,F1,65,,,,,
2026-08-12,2026-08-12,FO,NSE,IDO,74063,,NIFTY,,2026-09-29,2026-09-29,24050.00,PE,NIFTY26SEP24050PE,173.05,208.30,161.45,178.05,176.85,168.85,24435.95,178.05,20150,-9685,303,477400972.75,200,F1,65,,,,,
2026-08-12,2026-08-12,FO,NSE,IDO,74067,,NIFTY,,2026-09-29,2026-09-29,24150.00,PE,NIFTY26SEP24150PE,200.05,237.00,185.50,203.80,203.80,194.25,24435.95,203.80,17290,195,106,167865087.00,74,F1,65,,,,,
2026-08-12,2026-08-12,FO,NSE,IDO,74362,,NIFTY,,2026-09-29,2026-09-29,24900.00,PE,NIFTY26SEP24900PE,520.30,591.30,484.45,522.85,520.40,495.15,24435.95,522.85,59020,-780,206,340694428.75,174,F1,65,,,,,
2026-08-12,2026-08-12,FO,NSE,IDO,74385,,NIFTY,,2026-09-29,2026-09-29,25250.00,PE,NIFTY26SEP25250PE,0.00,0.00,0.00,630.85,630.85,630.85,24435.95,938.28,325,0,0,0.00,0,F1,65,,,,,
2026-08-12,2026-08-12,FO,NSE,IDO,74427,,NIFTY,,2026-09-29,2026-09-29,25900.00,PE,NIFTY26SEP25900PE,0.00,0.00,0.00,1077.70,1077.70,1077.70,24435.95,1414.73,780,0,0,0.00,0,F1,65,,,,,
2026-08-12,2026-08-12,FO,NSE,IDO,74480,,NIFTY,,2026-09-29,2026-09-29,26450.00,PE,NIFTY26SEP26450PE,0.00,0.00,0.00,2346.80,0.00,2346.80,24435.95,1876.82,0,0,0,0.00,0,F1,65,,,,,
2026-08-12,2026-08-12,FO,NSE,IDO,51337,,NIFTY,,2026-10-27,2026-10-27,22600.00,PE,NIFTY26OCT22600PE,44.50,52.00,44.50,49.05,49.05,46.00,24435.95,96.37,3315,1625,52,76552534.50,34,F1,65,,,,,
2026-08-12,2026-08-12,FO,NSE,IDO,45021,,NIFTY,,2026-08-18,2026-08-18,22650.00,CE,NIFTY2681822650CE,0.00,0.00,0.00,1595.05,0.00,1595.05,24435.95,1808.52,0,0,0,0.00,0,F1,65,,,,,
2026-08-12,2026-08-12,FO,NSE,IDO,45019,,NIFTY,,2026-08-18,2026-08-18,22600.00,CE,NIFTY2681822600CE,0.00,0.00,0.00,1639.40,0.00,1639.40,24435.95,1858.46,0,0,0,0.00,0,F1,65,,,,,
2026-08-12,2026-08-12,FO,NSE,IDF,58072,,NIFTY,,2026-08-25,2026-08-25,,,NIFTY26AUGFUT,24555.00,24563.00,24363.20,24470.50,24480.90,24540.50,24435.95,24470.50,12562810,438815,46992,74625737654.00,30059,F1,65,,,,,
2026-08-12,2026-08-12,FO,NSE,IDO,61335,,NIFTY,,2026-08-25,2026-08-25,21600.00,PE,NIFTY26AUG21600PE,2.50,2.80,2.45,2.65,2.70,2.95,24435.95,2.65,41600,10075,483,678214296.50,238,F1,65,,,,,
2026-08-12,2026-08-12,FO,NSE,IDO,45271,,NIFTY,,2026-08-18,2026-08-18,27200.00,PE,NIFTY2681827200PE,0.00,0.00,0.00,2997.30,0.00,2997.30,24435.95,2736.97,0,0,0,0.00,0,F1,65,,,,,
2026-08-12,2026-08-12,FO,NSE,IDO,51343,,NIFTY,,2026-10-27,2026-10-27,22750.00,PE,NIFTY26OCT22750PE,0.00,0.00,0.00,228.35,0.00,228.35,24435.95,115.44,0,0,0,0.00,0,F1,65,,,,,
2026-08-12,2026-08-12,FO,NSE,IDO,51353,,NIFTY,,2026-10-27,2026-10-27,23000.00,PE,NIFTY26OCT23000PE,71.20,82.60,63.25,71.35,71.00,67.00,24435.95,71.35,468910,40625,4909,7362986244.25,2690,F1,65,,,,,
2026-08-12,2026-08-12,FO,NSE,IDO,51423,,NIFTY,,2026-10-27,2026-10-27,24600.00,PE,NIFTY26OCT24600PE,403.10,461.60,385.35,413.25,415.65,392.00,24435.95,413.25,37960,-845,266,432758608.75,155,F1,65,,,,,
2026-08-12,2026-08-12,FO,NSE,IDO,51435,,NIFTY,,2026-10-27,2026-10-27,24900.00,PE,NIFTY26OCT24900PE,530.00,605.95,513.20,542.10,542.10,518.85,24435.95,542.10,19240,1495,224,370816091.75,140,F1,65,,,,,
2026-08-12,2026-08-12,FO,NSE,IDO,51445,,NIFTY,,2026-10-27,2026-10-27,25100.00,PE,NIFTY26OCT25100PE,670.00,715.00,646.00,660.00,660.00,649.00,24435.95,914.26,1430,195,38,63648240.50,16,F1,65,,,,,
2026-08-12,2026-08-12,FO,NSE,IDO,51447,,NIFTY,,2026-10-27,2026-10-27,25150.00,PE,NIFTY26OCT25150PE,0.00,0.00,0.00,639.15,639.15,639.15,24435.95,943.32,325,0,0,0.00,0,F1,65,,,,,
2026-08-12,2026-08-12,FO,NSE,IDO,51457,,NIFTY,,2026-10-27,2026-10-27,25400.00,PE,NIFTY26OCT25400PE,905.00,905.00,833.95,851.15,851.15,816.00,24435.95,1096.03,455,195,11,18765691.75,11,F1,65,,,,,
2026-08-12,2026-08-12,FO,NSE,IDO,51469,,NIFTY,,2026-10-27,2026-10-27,25500.00,PE,NIFTY26OCT25500PE,910.60,992.05,860.00,918.85,911.10,875.55,24435.95,918.85,153465,-2600,720,1237345274.75,610,F1,65,,,,,
2026-08-12,2026-08-12,FO,NSE,IDO,51529,,NIFTY,,2026-10-27,2026-10-27,26950.00,PE,NIFTY26OCT26950PE,0.00,0.00,0.00,2675.85,0.00,2675.85,24435.95,2276.98,0,0,0,0.00,0,F1,65,,,,,
2026-08-12,2026-08-12,FO,NSE,IDO,58635,,NIFTY,,2026-12-29,2026-12-29,15000.00,PE,NIFTY26DEC15000PE,14.00,14.45,13.15,13.50,13.50,13.65,24435.95,0.00,118220,650,30,29276666.25,11,F1,65,,,,,
2026-08-12,2026-08-12,FO,NSE,IDO,58637,,NIFTY,,2026-12-29,2026-12-29,16000.00,PE,NIFTY26DEC16000PE,15.40,16.00,15.40,16.00,16.00,16.75,24435.95,16.00,122585,-65,43,44764404.75,11,F1,65,,,,,
2026-08-12,2026-08-12,FO,NSE,IDO,71502,,NIFTY,,2026-12-29,2026-12-29,24000.00,PE,NIFTY26DEC24000PE,308.00,342.00,296.95,315.30,312.90,305.20,24435.95,315.30,2219035,6955,5616,8878735638.50,3711,F1,65,,,,,
2026-08-12,2026-08-12,FO,NSE,IDO,47191,,NIFTY,,2026-12-29,2026-12-29,33000.00,PE,NIFTY26DEC33000PE,0.00,0.00,0.00,5263.45,0.00,5263.45,24435.95,7752.95,0,0,0,0.00,0,F1,65,,,,,
2026-08-12,2026-08-12,FO,NSE,IDO,55429,,NIFTY,,2027-12-28,2027-12-28,28500.00,PE,NIFTY27DEC28500PE,0.00,0.00,0.00,2979.70,2979.70,2979.70,24435.95,2857.20,260,0,0,0.00,0,F1,65,,,,,
2026-08-12,2026-08-12,FO,NSE,IDO,55431,,NIFTY,,2027-12-28,2027-12-28,31500.00,PE,NIFTY27DEC31500PE,0.00,0.00,0.00,3240.00,0.00,3240.00,24435.95,4916.68,0,0,0,0.00,0,F1,65,,,,,
2026-08-12,2026-08-12,FO,NSE,IDO,47195,,NIFTY,,2027-12-28,2027-12-28,33000.00,PE,NIFTY27DEC33000PE,0.00,0.00,0.00,4155.55,0.00,4155.55,24435.95,6087.81,0,0,0,0.00,0,F1,65,,,,,
2026-08-12,2026-08-12,FO,NSE,IDO,55471,,NIFTY,,2028-06-27,2028-06-27,19500.00,PE,NIFTY28JUN19500PE,0.00,0.00,0.00,40.05,0.00,40.05,24435.95,125.26,0,0,0,0.00,0,F1,65,,,,,
2026-08-12,2026-08-12,FO,NSE,IDO,35353,,NIFTY,,2028-06-27,2028-06-27,30000.00,PE,NIFTY28JUN30000PE,0.00,0.00,0.00,3779.25,0.00,3779.25,24435.95,3493.71,0,0,0,0.00,0,F1,65,,,,,
2026-08-12,2026-08-12,FO,NSE,IDO,55517,,NIFTY,,2028-12-26,2028-12-26,16500.00,PE,NIFTY28DEC16500PE,0.00,0.00,0.00,5.90,0.00,5.90,24435.95,26.70,0,0,0,0.00,0,F1,65,,,,,
