TradDt,BizDt,Sgmt,Src,FinInstrmTp,FinInstrmId,ISIN,TckrSymb,SctySrs,XpryDt,FininstrmActlXpryDt,StrkPric,OptnTp,FinInstrmNm,OpnPric,HghPric,LwPric,ClsPric,LastPric,PrvsClsgPric,UndrlygPric,SttlmPric,OpnIntrst,ChngInOpnIntrst,TtlTradgVol,TtlTrfVal,TtlNbOfTxsExctd,SsnId,NewBrdLotQty,Rmks,Rsvd1,Rsvd2,Rsvd3,Rsvd4
2026-07-31,2026-07-31,FO,NSE,IDO,69591,,BANKNIFTY,,2026-09-29,2026-09-29,50500.00,CE,BANKNIFTY26SEP50500CE,0.00,0.00,0.00,8035.05,0.00,8035.05,57264.85,7412.50,0,0,0,0.00,0,F1,30,,,,,
2026-07-31,2026-07-31,FO,NSE,IDO,59300,,BANKNIFTY,,2026-08-25,2026-08-25,63500.00,CE,BANKNIFTY26AUG63500CE,0.00,0.00,0.00,354.45,0.00,354.45,57264.85,43.95,0,0,0,0.00,0,F1,30,,,,,
2026-07-31,2026-07-31,FO,NSE,IDO,59298,,BANKNIFTY,,2026-08-25,2026-08-25,63400.00,CE,BANKNIFTY26AUG63400CE,0.00,0.00,0.00,365.00,0.00,365.00,57264.85,47.30,0,0,0,0.00,0,F1,30,,,,,
2026-07-31,2026-07-31,FO,NSE,IDO,59256,,BANKNIFTY,,2026-08-25,2026-08-25,62100.00,CE,BANKNIFTY26AUG62100CE,0.00,0.00,0.00,529.35,0.00,529.35,57264.85,115.10,0,0,0,0.00,0,F1,30,,,,,
2026-07-31,2026-07-31,FO,NSE,IDO,59254,,BANKNIFTY,,2026-08-25,2026-08-25,62000.00,CE,BANKNIFTY26AUG62000CE,14.30,16.60,11.60,12.15,12.35,14.30,57264.85,12.15,309870,1650,9228,17167735164.00,5310,F1,30,,,,,
2026-07-31,2026-07-31,FO,NSE,IDO,59252,,BANKNIFTY,,2026-08-25,2026-08-25,61900.00,CE,BANKNIFTY26AUG61900CE,0.00,0.00,0.00,559.50,0.00,559.50,57264.85,130.85,0,0,0,0.00,0,F1,30,,,,,
2026-07-31,2026-07-31,FO,NSE,IDO,59246,,BANKNIFTY,,2026-08-25,2026-08-25,61600.00,CE,BANKNIFTY26AUG61600CE,0.00,0.00,0.00,607.40,0.00,607.40,57264.85,157.95,0,0,0,0.00,0,F1,30,,,,,
2026-07-31,2026-07-31,FO,NSE,IDO,59228,,BANKNIFTY,,2026-08-25,2026-08-25,61200.00,CE,BANKNIFTY26AUG61200CE,24.65,28.60,20.00,20.40,20.50,25.30,57264.85,20.40,39540,330,978,1796295702.00,500,F1,30,,,,,
2026-07-31,2026-07-31,FO,NSE,IDO,59170,,BANKNIFTY,,2026-08-25,2026-08-25,60100.00,CE,BANKNIFTY26AUG60100CE,76.00,83.00,57.40,59.35,60.60,69.75,57264.85,59.35,34740,14160,2161,3900588045.00,1229,F1,30,,,,,
2026-07-31,2026-07-31,FO,NSE,IDO,59147,,BANKNIFTY,,2026-08-25,2026-08-25,59100.00,CE,BANKNIFTY26AUG59100CE,207.05,226.90,163.15,166.95,165.10,181.25,57264.85,166.95,28710,3300,5650,10048809693.00,3361,F1,30,,,,,
2026-07-31,2026-07-31,FO,NSE,IDO,59139,,BANKNIFTY,,2026-08-25,2026-08-25,58800.00,CE,BANKNIFTY26AUG58800CE,286.00,300.00,220.00,226.80,224.80,240.70,57264.85,226.80,45690,10080,7417,13140984739.50,5291,F1,30,,,,,
2026-07-31,2026-07-31,FO,NSE,IDO,59081,,BANKNIFTY,,2026-08-25,2026-08-25,57100.00,CE,BANKNIFTY26AUG57100CE,960.00,1063.40,900.05,928.95,910.80,898.55,57264.85,928.95,125220,-26940,23207,40427006482.50,17588,F1,30,,,,,
2026-07-31,2026-07-31,FO,NSE,IDO,59055,,BANKNIFTY,,2026-08-25,2026-08-25,56500.00,CE,BANKNIFTY26AUG56500CE,1384.95,1457.60,1292.00,1311.75,1294.05,1271.40,57264.85,1311.75,189720,37410,5215,9050093790.00,3232,F1,30,,,,,
2026-07-31,2026-07-31,FO,NSE,IDO,58736,,BANKNIFTY,,2026-08-25,2026-08-25,47000.00,CE,BANKNIFTY26AUG47000CE,10360.00,10360.00,10360.00,10360.00,10360.00,10232.55,57264.85,10360.00,10590,150,5,8604000.00,2,F1,30,,,,,
2026-07-31,2026-07-31,FO,NSE,IDO,49448,,BANKNIFTY,,2026-10-27,2026-10-27,55300.00,CE,BANKNIFTY26OCT55300CE,0.00,0.00,0.00,3636.60,0.00,3636.60,57264.85,3968.80,0,0,0,0.00,0,F1,30,,,,,
2026-07-31,2026-07-31,FO,NSE,IDO,69850,,BANKNIFTY,,2026-09-29,2026-09-29,58400.00,CE,BANKNIFTY26SEP58400CE,954.00,993.10,880.75,883.90,880.75,820.15,57264.85,883.90,8160,630,70,124598109.00,57,F1,30,,,,,
2026-07-31,2026-07-31,FO,NSE,IDO,69895,,BANKNIFTY,,2026-09-29,2026-09-29,59000.00,CE,BANKNIFTY26SEP59000CE,694.95,740.15,635.00,644.85,635.00,648.15,57264.85,644.85,70680,9720,920,1647254923.50,661,F1,30,,,,,
2026-07-31,2026-07-31,FO,NSE,IDO,70035,,BANKNIFTY,,2026-09-29,2026-09-29,61300.00,CE,BANKNIFTY26SEP61300CE,0.00,0.00,0.00,1327.90,0.00,1327.90,57264.85,736.30,0,0,0,0.00,0,F1,30,,,,,
2026-07-31,2026-07-31,FO,NSE,IDO,52388,,BANKNIFTY,,2026-09-29,2026-09-29,61500.00,CE,BANKNIFTY26SEP61500CE,165.00,165.00,134.60,134.90,134.65,145.75,57264.85,134.90,16290,-90,174,321786039.00,78,F1,30,,,,,
2026-07-31,2026-07-31,FO,NSE,IDO,70082,,BANKNIFTY,,2026-09-29,2026-09-29,62300.00,CE,BANKNIFTY26SEP62300CE,0.00,0.00,0.00,1051.50,0.00,1051.50,57264.85,529.50,0,0,0,0.00,0,F1,30,,,,,
2026-07-31,2026-07-31,FO,NSE,IDO,70093,,BANKNIFTY,,2026-09-29,2026-09-29,62800.00,CE,BANKNIFTY26SEP62800CE,0.00,0.00,0.00,934.80,0.00,934.80,57264.85,446.30,0,0,0,0.00,0,F1,30,,,,,
2026-07-31,2026-07-31,FO,NSE,IDO,52404,,BANKNIFTY,,2026-09-29,2026-09-29,63000.00,CE,BANKNIFTY26SEP63000CE,60.95,63.60,48.15,50.80,50.05,56.85,57264.85,50.80,60270,3060,1832,3465411448.50,1307,F1,30,,,,,
2026-07-31,2026-07-31,FO,NSE,IDO,70101,,BANKNIFTY,,2026-09-29,2026-09-29,63300.00,CE,BANKNIFTY26SEP63300CE,0.00,0.00,0.00,824.30,0.00,824.30,57264.85,374.25,0,0,0,0.00,0,F1,30,,,,,
2026-07-31,2026-07-31,FO,NSE,IDO,70103,,BANKNIFTY,,2026-09-29,2026-09-29,63400.00,CE,BANKNIFTY26SEP63400CE,0.00,0.00,0.00,803.90,0.00,803.90,57264.85,361.10,0,0,0,0.00,0,F1,30,,,,,
2026-07-31,2026-07-31,FO,NSE,IDO,70109,,BANKNIFTY,,2026-09-29,2026-09-29,63700.00,CE,BANKNIFTY26SEP63700CE,0.00,0.00,0.00,745.15,0.00,745.15,57264.85,323.90,0,0,0,0.00,0,F1,30,,,,,
2026-07-31,2026-07-31,FO,NSE,IDO,70111,,BANKNIFTY,,2026-09-29,2026-09-29,63800.00,CE,BANKNIFTY26SEP63800CE,0.00,0.00,0.00,726.40,0.00,726.40,57264.85,312.30,0,0,0,0.00,0,F1,30,,,,,
2026-07-31,2026-07-31,FO,NSE,IDO,70113,,BANKNIFTY,,2026-09-29,2026-09-29,63900.00,CE,BANKNIFTY26SEP63900CE,0.00,0.00,0.00,708.00,0.00,708.00,57264.85,301.00,0,0,0,0.00,0,F1,30,,,,,
2026-07-31,2026-07-31,FO,NSE,IDO,49421,,BANKNIFTY,,2026-10-27,2026-10-27,54300.00,CE,BANKNIFTY26OCT54300CE,0.00,0.00,0.00,4292.25,0.00,4292.25,57264.85,4664.95,0,0,0,0.00,0,F1,30,,,,,
2026-07-31,2026-07-31,FO,NSE,IDO,49423,,BANKNIFTY,,2026-10-27,2026-10-27,54400.00,CE,BANKNIFTY26OCT54400CE,0.00,0.00,0.00,4223.85,0.00,4223.85,57264.85,4592.75,0,0,0,0.00,0,F1,30,,,,,
2026-07-31,2026-07-31,FO,NSE,IDO,49463,,BANKNIFTY,,2026-10-27,2026-10-27,55800.00,CE,BANKNIFTY26OCT55800CE,0.00,0.00,0.00,3332.60,0.00,3332.60,57264.85,3645.55,0,0,0,0.00,0,F1,30,,,,,
2026-07-31,2026-07-31,FO,NSE,IDO,49487,,BANKNIFTY,,2026-10-27,2026-10-27,56700.00,CE,BANKNIFTY26OCT56700CE,0.00,0.00,0.00,2826.70,0.00,2826.70,57264.85,3104.60,0,0,0,0.00,0,F1,30,,,,,
2026-07-31,2026-07-31,FO,NSE,IDO,49495,,BANKNIFTY,,2026-10-27,2026-10-27,57000.00,CE,BANKNIFTY26OCT57000CE,2153.00,2184.75,2039.80,2053.00,2045.00,2028.20,57264.85,2053.00,2160,750,55,97532751.00,54,F1,30,,,,,
2026-07-31,2026-07-31,FO,NSE,IDO,49513,,BANKNIFTY,,2026-10-27,2026-10-27,57800.00,CE,BANKNIFTY26OCT57800CE,0.00,0.00,0.00,2280.50,0.00,2280.50,57264.85,2516.50,0,0,0,0.00,0,F1,30,,,,,
2026-07-31,2026-07-31,FO,NSE,IDO,49522,,BANKNIFTY,,2026-10-27,2026-10-27,58100.00,CE,BANKNIFTY26OCT58100CE,0.00,0.00,0.00,2145.30,0.00,2145.30,57264.85,2369.90,0,0,0,0.00,0,F1,30,,,,,
2026-07-31,2026-07-31,FO,NSE,IDO,49531,,BANKNIFTY,,2026-10-27,2026-10-27,58500.00,CE,BANKNIFTY26OCT58500CE,1287.65,1287.65,1230.80,1230.80,1230.80,1206.00,57264.85,2184.00,450,270,13,23304127.50,12,F1,30,,,,,
2026-07-31,2026-07-31,FO,NSE,IDO,49543,,BANKNIFTY,,2026-10-27,2026-10-27,58900.00,CE,BANKNIFTY26OCT58900CE,0.00,0.00,0.00,1812.85,0.00,1812.85,57264.85,2008.60,0,0,0,0.00,0,F1,30,,,,,
2026-07-31,2026-07-31,FO,NSE,IDO,49561,,BANKNIFTY,,2026-10-27,2026-10-27,59500.00,CE,BANKNIFTY26OCT59500CE,0.00,0.00,0.00,1589.45,0.00,1589.45,57264.85,1764.70,0,0,0,0.00,0,F1,30,,,,,
2026-07-31,2026-07-31,FO,NSE,IDO,49563,,BANKNIFTY,,2026-10-27,2026-10-27,59600.00,CE,BANKNIFTY26OCT59600CE,0.00,0.00,0.00,1554.35,0.00,1554.35,57264.85,1726.30,0,0,0,0.00,0,F1,30,,,,,
2026-07-31,2026-07-31,FO,NSE,IDO,49573,,BANKNIFTY,,2026-10-27,2026-10-27,60000.00,CE,BANKNIFTY26OCT60000CE,0.00,0.00,0.00,1419.65,0.00,1419.65,57264.85,1578.70,0,0,0,0.00,0,F1,30,,,,,
2026-07-31,2026-07-31,FO,NSE,IDO,49585,,BANKNIFTY,,2026-10-27,2026-10-27,60600.00,CE,BANKNIFTY26OCT60600CE,0.00,0.00,0.00,1234.65,0.00,1234.65,57264.85,1375.30,0,0,0,0.00,0,F1,30,,,,,
2026-07-31,2026-07-31,FO,NSE,IDO,49621,,BANKNIFTY,,2026-10-27,2026-10-27,62100.00,CE,BANKNIFTY26OCT62100CE,0.00,0.00,0.00,855.25,0.00,855.25,57264.85,957.50,0,0,0,0.00,0,F1,30,,,,,
2026-07-31,2026-07-31,FO,NSE,IDO,70021,,BANKNIFTY,,2026-09-29,2026-09-29,60600.00,CE,BANKNIFTY26SEP60600CE,0.00,0.00,0.00,1552.75,0.00,1552.75,57264.85,911.15,0,0,0,0.00,0,F1,30,,,,,
2026-07-31,2026-07-31,FO,NSE,IDO,70037,,BANKNIFTY,,2026-09-29,2026-09-29,61400.00,CE,BANKNIFTY26SEP61400CE,0.00,0.00,0.00,1297.95,0.00,1297.95,57264.85,713.50,0,0,0,0.00,0,F1,30,,,,,
2026-07-31,2026-07-31,FO,NSE,IDO,70117,,BANKNIFTY,,2026-09-29,2026-09-29,64100.00,CE,BANKNIFTY26SEP64100CE,0.00,0.00,0.00,672.40,0.00,672.40,57264.85,279.45,0,0,0,0.00,0,F1,30,,,,,
2026-07-31,2026-07-31,FO,NSE,IDO,49394,,BANKNIFTY,,2026-10-27,2026-10-27,53300.00,CE,BANKNIFTY26OCT53300CE,0.00,0.00,0.00,5009.50,0.00,5009.50,57264.85,5414.50,0,0,0,0.00,0,F1,30,,,,,
2026-07-31,2026-07-31,FO,NSE,IDO,49417,,BANKNIFTY,,2026-10-27,2026-10-27,54100.00,CE,BANKNIFTY26OCT54100CE,0.00,0.00,0.00,4430.75,0.00,4430.75,57264.85,4808.85,0,0,0,0.00,0,F1,30,,,,,
2026-07-31,2026-07-31,FO,NSE,IDO,49433,,BANKNIFTY,,2026-10-27,2026-10-27,54800.00,CE,BANKNIFTY26OCT54800CE,0.00,0.00,0.00,3956.60,0.00,3956.60,57264.85,4307.80,0,0,0,0.00,0,F1,30,,,,,
2026-07-31,2026-07-31,FO,NSE,IDO,49497,,BANKNIFTY,,2026-10-27,2026-10-27,57100.00,CE,BANKNIFTY26OCT57100CE,0.00,0.00,0.00,2618.95,0.00,2618.95,57264.85,2881.35,0,0,0,0.00,0,F1,30,,,,,
2026-07-31,2026-07-31,FO,NSE,IDO,49503,,BANKNIFTY,,2026-10-27,2026-10-27,57400.00,CE,BANKNIFTY26OCT57400CE,0.00,0.00,0.00,2469.85,0.00,2469.85,57264.85,2721.00,0,0,0,0.00,0,F1,30,,,,,
2026-07-31,2026-07-31,FO,NSE,IDO,49527,,BANKNIFTY,,2026-10-27,2026-10-27,58300.00,CE,BANKNIFTY26OCT58300CE,0.00,0.00,0.00,2058.40,0.00,2058.40,57264.85,2275.65,0,0,0,0.00,0,F1,30,,,,,
2026-07-31,2026-07-31,FO,NSE,IDO,49567,,BANKNIFTY,,2026-10-27,2026-10-27,59800.00,CE,BANKNIFTY26OCT59800CE,0.00,0.00,0.00,1485.85,0.00,1485.85,57264.85,1651.25,0,0,0,0.00,0,F1,30,,,,,
2026-07-31,2026-07-31,FO,NSE,IDO,49575,,BANKNIFTY,,2026-10-27,2026-10-27,60100.00,CE,BANKNIFTY26OCT60100CE,0.00,0.00,0.00,1387.45,0.00,1387.45,57264.85,1543.30,0,0,0,0.00,0,F1,30,,,,,
2026-07-31,2026-07-31,FO,NSE,IDO,76432,,BANKNIFTY,,2027-03-30,2027-03-30,64500.00,PE,BANKNIFTY27MAR64500PE,0.00,0.00,0.00,10820.75,0.00,10820.75,57264.85,6622.15,0,0,0,0.00,0,F1,30,,,,,
2026-07-31,2026-07-31,FO,NSE,IDO,76397,,BANKNIFTY,,2027-03-30,2027-03-30,55500.00,PE,BANKNIFTY27MAR55500PE,0.00,0.00,0.00,4717.35,0.00,4717.35,57264.85,2001.70,0,0,0,0.00,0,F1,30,,,,,
2026-07-31,2026-07-31,FO,NSE,IDO,76391,,BANKNIFTY,,2027-03-30,2027-03-30,51000.00,PE,BANKNIFTY27MAR51000PE,0.00,0.00,0.00,2587.90,0.00,2587.90,57264.85,824.65,0,0,0,0.00,0,F1,30,,,,,
2026-07-31,2026-07-31,FO,NSE,IDO,76389,,BANKNIFTY,,2027-03-30,2027-03-30,49500.00,PE,BANKNIFTY27MAR49500PE,0.00,0.00,0.00,2038.80,0.00,2038.80,57264.85,578.20,0,0,0,0.00,0,F1,30,,,,,
2026-07-31,2026-07-31,FO,NSE,IDO,53251,,BANKNIFTY,,2026-12-29,2026-12-29,66000.00,PE,BANKNIFTY26DEC66000PE,0.00,0.00,0.00,7592.00,7592.00,7592.00,57264.85,7825.75,60,0,0,0.00,0,F1,30,,,,,
2026-07-31,2026-07-31,FO,NSE,IDO,53227,,BANKNIFTY,,2026-12-29,2026-12-29,55500.00,PE,BANKNIFTY26DEC55500PE,0.00,0.00,0.00,1066.65,0.00,1066.65,57264.85,1608.75,0,0,0,0.00,0,F1,30,,,,,
2026-07-31,2026-07-31,FO,NSE,IDO,49618,,BANKNIFTY,,2026-10-27,2026-10-27,61900.00,PE,BANKNIFTY26OCT61900PE,0.00,0.00,0.00,5116.40,0.00,5116.40,57264.85,4656.15,0,0,0,0.00,0,F1,30,,,,,
2026-07-31,2026-07-31,FO,NSE,IDO,49564,,BANKNIFTY,,2026-10-27,2026-10-27,59600.00,PE,BANKNIFTY26OCT59600PE,0.00,0.00,0.00,3503.60,0.00,3503.60,57264.85,3114.90,0,0,0,0.00,0,F1,30,,,,,
2026-07-31,2026-07-31,FO,NSE,IDO,49524,,BANKNIFTY,,2026-10-27,2026-10-27,58100.00,PE,BANKNIFTY26OCT58100PE,0.00,0.00,0.00,2617.10,0.00,2617.10,57264.85,2282.35,0,0,0,0.00,0,F1,30,,,,,
2026-07-31,2026-07-31,FO,NSE,IDO,49502,,BANKNIFTY,,2026-10-27,2026-10-27,57300.00,PE,BANKNIFTY26OCT57300PE,0.00,0.00,0.00,2202.80,0.00,2202.80,57264.85,1898.95,0,0,0,0.00,0,F1,30,,,,,
2026-07-31,2026-07-31,FO,NSE,IDO,49476,,BANKNIFTY,,2026-10-27,2026-10-27,56300.00,PE,BANKNIFTY26OCT56300PE,0.00,0.00,0.00,1743.75,0.00,1743.75,57264.85,1479.45,0,0,0,0.00,0,F1,30,,,,,
2026-07-31,2026-07-31,FO,NSE,IDO,52421,,BANKNIFTY,,2026-09-29,2026-09-29,66000.00,PE,BANKNIFTY26SEP66000PE,0.00,0.00,0.00,8825.75,0.00,8825.75,57264.85,8151.40,0,0,0,0.00,0,F1,30,,,,,
2026-07-31,2026-07-31,FO,NSE,IDO,70102,,BANKNIFTY,,2026-09-29,2026-09-29,63300.00,PE,BANKNIFTY26SEP63300PE,0.00,0.00,0.00,5610.45,0.00,5610.45,57264.85,5722.25,0,0,0,0.00,0,F1,30,,,,,
2026-07-31,2026-07-31,FO,NSE,IDO,70096,,BANKNIFTY,,2026-09-29,2026-09-29,62900.00,PE,BANKNIFTY26SEP62900PE,0.00,0.00,0.00,5304.65,0.00,5304.65,57264.85,5383.35,0,0,0,0.00,0,F1,30,,,,,
2026-07-31,2026-07-31,FO,NSE,IDO,70079,,BANKNIFTY,,2026-09-29,2026-09-29,62100.00,PE,BANKNIFTY26SEP62100PE,0.00,0.00,0.00,4707.30,0.00,4707.30,57264.85,4727.20,0,0,0,0.00,0,F1,30,,,,,
2026-07-31,2026-07-31,FO,NSE,IDO,70046,,BANKNIFTY,,2026-09-29,2026-09-29,61800.00,PE,BANKNIFTY26SEP61800PE,0.00,0.00,0.00,4492.50,0.00,4492.50,57264.85,4489.35,0,0,0,0.00,0,F1,30,,,,,
2026-07-31,2026-07-31,FO,NSE,IDO,70003,,BANKNIFTY,,2026-09-29,2026-09-29,59800.00,PE,BANKNIFTY26SEP59800PE,0.00,0.00,0.00,3183.70,0.00,3183.70,57264.85,3039.70,0,0,0,0.00,0,F1,30,,,,,
2026-07-31,2026-07-31,FO,NSE,IDO,69993,,BANKNIFTY,,2026-09-29,2026-09-29,59600.00,PE,BANKNIFTY26SEP59600PE,0.00,0.00,0.00,3065.45,0.00,3065.45,57264.85,2909.55,0,0,0,0.00,0,F1,30,,,,,
2026-07-31,2026-07-31,FO,NSE,IDO,69846,,BANKNIFTY,,2026-09-29,2026-09-29,58200.00,PE,BANKNIFTY26SEP58200PE,1344.80,1420.00,1310.50,1382.50,1376.50,1474.00,57264.85,1382.50,2190,630,61,109009623.00,54,F1,30,,,,,
2026-07-31,2026-07-31,FO,NSE,IDO,69823,,BANKNIFTY,,2026-09-29,2026-09-29,57500.00,PE,BANKNIFTY26SEP57500PE,1043.40,1103.75,998.00,1038.85,1035.65,1162.00,57264.85,1038.85,32040,2700,284,498763393.50,195,F1,30,,,,,
2026-07-31,2026-07-31,FO,NSE,IDO,69812,,BANKNIFTY,,2026-09-29,2026-09-29,56900.00,PE,BANKNIFTY26SEP56900PE,0.00,0.00,0.00,882.80,882.80,882.80,57264.85,1454.70,1860,0,0,0.00,0,F1,30,,,,,
2026-07-31,2026-07-31,FO,NSE,IDO,69804,,BANKNIFTY,,2026-09-29,2026-09-29,56600.00,PE,BANKNIFTY26SEP56600PE,707.50,715.45,668.15,698.55,707.70,844.95,57264.85,698.55,4020,1320,65,111720850.50,50,F1,30,,,,,
2026-07-31,2026-07-31,FO,NSE,IDO,69778,,BANKNIFTY,,2026-09-29,2026-09-29,55400.00,PE,BANKNIFTY26SEP55400PE,0.00,0.00,0.00,1163.10,1163.10,1163.10,57264.85,899.20,30,0,0,0.00,0,F1,30,,,,,
2026-07-31,2026-07-31,FO,NSE,IDO,69709,,BANKNIFTY,,2026-09-29,2026-09-29,54300.00,PE,BANKNIFTY26SEP54300PE,0.00,0.00,0.00,849.15,0.00,849.15,57264.85,601.05,0,0,0,0.00,0,F1,30,,,,,
2026-07-31,2026-07-31,FO,NSE,IDO,69683,,BANKNIFTY,,2026-09-29,2026-09-29,52900.00,PE,BANKNIFTY26SEP52900PE,0.00,0.00,0.00,539.95,0.00,539.95,57264.85,335.10,0,0,0,0.00,0,F1,30,,,,,
2026-07-31,2026-07-31,FO,NSE,IDO,52281,,BANKNIFTY,,2026-09-29,2026-09-29,49500.00,PE,BANKNIFTY26SEP49500PE,43.00,43.00,39.55,42.35,43.00,46.05,57264.85,42.35,26910,1800,108,160513858.50,51,F1,30,,,,,
2026-07-31,2026-07-31,FO,NSE,IDO,59299,,BANKNIFTY,,2026-08-25,2026-08-25,63400.00,PE,BANKNIFTY26AUG63400PE,0.00,0.00,0.00,7735.45,0.00,7735.45,57264.85,5918.50,0,0,0,0.00,0,F1,30,,,,,
2026-07-31,2026-07-31,FO,NSE,IDO,59261,,BANKNIFTY,,2026-08-25,2026-08-25,62300.00,PE,BANKNIFTY26AUG62300PE,0.00,0.00,0.00,6787.25,0.00,6787.25,57264.85,4876.85,0,0,0,0.00,0,F1,30,,,,,
2026-07-31,2026-07-31,FO,NSE,IDO,59249,,BANKNIFTY,,2026-08-25,2026-08-25,61700.00,PE,BANKNIFTY26AUG61700PE,0.00,0.00,0.00,6286.60,0.00,6286.60,57264.85,4326.75,0,0,0,0.00,0,F1,30,,,,,
2026-07-31,2026-07-31,FO,NSE,IDO,59247,,BANKNIFTY,,2026-08-25,2026-08-25,61600.00,PE,BANKNIFTY26AUG61600PE,0.00,0.00,0.00,6204.45,0.00,6204.45,57264.85,4236.70,0,0,0,0.00,0,F1,30,,,,,
2026-07-31,2026-07-31,FO,NSE,IDO,59166,,BANKNIFTY,,2026-08-25,2026-08-25,59900.00,PE,BANKNIFTY26AUG59900PE,0.00,0.00,0.00,2982.90,2982.90,2982.90,57264.85,2801.95,30,0,0,0.00,0,F1,30,,,,,
2026-07-31,2026-07-31,FO,NSE,IDO,59140,,BANKNIFTY,,2026-08-25,2026-08-25,58800.00,PE,BANKNIFTY26AUG58800PE,1498.70,1654.55,1498.70,1609.60,1610.00,1878.15,57264.85,1609.60,2910,-240,77,139426407.00,59,F1,30,,,,,
2026-07-31,2026-07-31,FO,NSE,IDO,59095,,BANKNIFTY,,2026-08-25,2026-08-25,57700.00,PE,BANKNIFTY26AUG57700PE,1024.15,1024.15,820.00,882.60,892.85,1024.15,57264.85,882.60,19020,-2100,3735,6563440089.00,3177,F1,30,,,,,
2026-07-31,2026-07-31,FO,NSE,IDO,59074,,BANKNIFTY,,2026-08-25,2026-08-25,56800.00,PE,BANKNIFTY26AUG56800PE,519.15,556.05,460.35,500.35,514.65,614.15,57264.85,500.35,120870,-2430,13521,23243881377.00,8640,F1,30,,,,,
2026-07-31,2026-07-31,FO,NSE,IDO,59048,,BANKNIFTY,,2026-08-25,2026-08-25,56300.00,PE,BANKNIFTY26AUG56300PE,390.00,400.75,324.20,353.85,357.75,443.25,57264.85,353.85,42090,4710,3120,5303297548.50,2269,F1,30,,,,,
2026-07-31,2026-07-31,FO,NSE,IDO,59021,,BANKNIFTY,,2026-08-25,2026-08-25,55600.00,PE,BANKNIFTY26AUG55600PE,228.05,244.15,194.00,213.70,221.20,279.35,57264.85,213.70,19920,-1230,2042,3419172757.50,1327,F1,30,,,,,
2026-07-31,2026-07-31,FO,NSE,IDO,59015,,BANKNIFTY,,2026-08-25,2026-08-25,55500.00,PE,BANKNIFTY26AUG55500PE,213.05,227.20,180.25,197.80,200.05,261.05,57264.85,197.80,259740,11940,18989,31731490272.00,12281,F1,30,,,,,
2026-07-31,2026-07-31,FO,NSE,IDO,59011,,BANKNIFTY,,2026-08-25,2026-08-25,55300.00,PE,BANKNIFTY26AUG55300PE,190.00,197.10,153.75,172.80,172.55,226.15,57264.85,172.80,18780,-990,1096,1823941891.50,729,F1,30,,,,,
2026-07-31,2026-07-31,FO,NSE,IDO,58993,,BANKNIFTY,,2026-08-25,2026-08-25,54500.00,PE,BANKNIFTY26AUG54500PE,115.00,115.00,83.60,94.05,94.35,128.10,57264.85,94.05,174240,-22950,12267,20091538716.00,7006,F1,30,,,,,
2026-07-31,2026-07-31,FO,NSE,IDO,58957,,BANKNIFTY,,2026-08-25,2026-08-25,53300.00,PE,BANKNIFTY26AUG53300PE,44.05,48.25,36.25,41.45,42.80,55.15,57264.85,41.45,8640,-2070,600,960159789.00,304,F1,30,,,,,
2026-07-31,2026-07-31,FO,NSE,IDO,58937,,BANKNIFTY,,2026-08-25,2026-08-25,52800.00,PE,BANKNIFTY26AUG52800PE,32.00,35.00,27.20,32.60,34.65,39.20,57264.85,32.60,15990,-7860,1680,2662700586.00,871,F1,30,,,,,
2026-07-31,2026-07-31,FO,NSE,IDO,58921,,BANKNIFTY,,2026-08-25,2026-08-25,52000.00,PE,BANKNIFTY26AUG52000PE,28.70,28.70,20.25,22.80,23.40,27.50,57264.85,22.80,241110,420,7609,11875105176.00,4104,F1,30,,,,,
2026-07-31,2026-07-31,FO,NSE,IDO,58917,,BANKNIFTY,,2026-08-25,2026-08-25,51800.00,PE,BANKNIFTY26AUG51800PE,18.90,23.90,18.55,19.80,20.00,24.90,57264.85,19.80,2880,-120,108,167898759.00,49,F1,30,,,,,
2026-07-31,2026-07-31,FO,NSE,IDO,58877,,BANKNIFTY,,2026-08-25,2026-08-25,50900.00,PE,BANKNIFTY26AUG50900PE,15.00,15.05,14.25,14.75,14.75,18.00,57264.85,12.65,2010,0,14,21384136.50,14,F1,30,,,,,
2026-07-31,2026-07-31,FO,NSE,IDO,58871,,BANKNIFTY,,2026-08-25,2026-08-25,50600.00,PE,BANKNIFTY26AUG50600PE,14.20,15.25,13.55,15.25,15.25,17.50,57264.85,15.25,810,30,28,42515740.50,27,F1,30,,,,,
2026-07-31,2026-07-31,FO,NSE,IDO,58865,,BANKNIFTY,,2026-08-25,2026-08-25,50400.00,PE,BANKNIFTY26AUG50400PE,12.70,13.65,11.15,13.00,13.00,15.90,57264.85,7.35,960,-270,15,22685718.00,7,F1,30,,,,,
2026-07-31,2026-07-31,FO,NSE,IDO,58853,,BANKNIFTY,,2026-08-25,2026-08-25,50000.00,PE,BANKNIFTY26AUG50000PE,12.10,14.20,10.30,12.95,13.10,13.45,57264.85,12.95,353940,56460,6347,9522881319.00,3898,F1,30,,,,,
2026-07-31,2026-07-31,FO,NSE,IDO,58767,,BANKNIFTY,,2026-08-25,2026-08-25,48000.00,PE,BANKNIFTY26AUG48000PE,7.80,9.25,7.00,7.45,7.40,8.65,57264.85,7.45,26070,-3810,1244,1791651493.50,797,F1,30,,,,,
2026-07-31,2026-07-31,FO,NSE,IDO,76433,,BANKNIFTY,,2027-03-30,2027-03-30,66000.00,CE,BANKNIFTY27MAR66000CE,0.00,0.00,0.00,890.95,0.00,890.95,57264.85,1771.90,0,0,0,0.00,0,F1,30,,,,,
2026-07-31,2026-07-31,FO,NSE,IDO,76396,,BANKNIFTY,,2027-03-30,2027-03-30,55500.00,CE,BANKNIFTY27MAR55500CE,0.00,0.00,0.00,3363.80,0.00,3363.80,57264.85,6156.90,0,0,0,0.00,0,F1,30,,,,,
2026-07-31,2026-07-31,FO,NSE,IDO,49677,,BANKNIFTY,,2026-10-27,2026-10-27,64000.00,CE,BANKNIFTY26OCT64000CE,0.00,0.00,0.00,516.25,0.00,516.25,57264.85,578.45,0,0,0,0.00,0,F1,30,,,,,
2026-07-31,2026-07-31,FO,NSE,IDO,49603,,BANKNIFTY,,2026-10-27,2026-10-27,61400.00,CE,BANKNIFTY26OCT61400CE,0.00,0.00,0.00,1017.85,0.00,1017.85,57264.85,1136.10,0,0,0,0.00,0,F1,30,,,,,
2026-07-31,2026-07-31,FO,NSE,IDO,49599,,BANKNIFTY,,2026-10-27,2026-10-27,61200.00,CE,BANKNIFTY26OCT61200CE,0.00,0.00,0.00,1068.95,0.00,1068.95,57264.85,1192.60,0,0,0,0.00,0,F1,30,,,,,
2026-07-31,2026-07-31,FO,NSE,IDO,49579,,BANKNIFTY,,2026-10-27,2026-10-27,60300.00,CE,BANKNIFTY26OCT60300CE,0.00,0.00,0.00,1324.65,0.00,1324.65,57264.85,1474.35,0,0,0,0.00,0,F1,30,,,,,
2026-07-31,2026-07-31,FO,NSE,IDO,58800,,BANKNIFTY,,2026-08-25,2026-08-25,48600.00,CE,BANKNIFTY26AUG48600CE,0.00,0.00,0.00,7450.45,0.00,7450.45,57264.85,8867.95,0,0,0,0.00,0,F1,30,,,,,
2026-07-31,2026-07-31,FO,NSE,IDO,58804,,BANKNIFTY,,2026-08-25,2026-08-25,48700.00,CE,BANKNIFTY26AUG48700CE,0.00,0.00,0.00,7362.25,0.00,7362.25,57264.85,8768.50,0,0,0,0.00,0,F1,30,,,,,
2026-07-31,2026-07-31,FO,NSE,IDO,58928,,BANKNIFTY,,2026-08-25,2026-08-25,52400.00,CE,BANKNIFTY26AUG52400CE,0.00,0.00,0.00,4408.20,0.00,4408.20,57264.85,5136.15,0,0,0,0.00,0,F1,30,,,,,
2026-07-31,2026-07-31,FO,NSE,IDO,58946,,BANKNIFTY,,2026-08-25,2026-08-25,53100.00,CE,BANKNIFTY26AUG53100CE,0.00,0.00,0.00,3930.25,0.00,3930.25,57264.85,4480.85,0,0,0,0.00,0,F1,30,,,,,
2026-07-31,2026-07-31,FO,NSE,IDO,58976,,BANKNIFTY,,2026-08-25,2026-08-25,53900.00,CE,BANKNIFTY26AUG53900CE,0.00,0.00,0.00,3424.65,0.00,3424.65,57264.85,3761.85,0,0,0,0.00,0,F1,30,,,,,
2026-07-31,2026-07-31,FO,NSE,IDO,59010,,BANKNIFTY,,2026-08-25,2026-08-25,55300.00,CE,BANKNIFTY26AUG55300CE,2300.00,2315.35,2275.85,2275.85,2275.85,2290.00,57264.85,2617.50,870,-90,10,17276167.50,6,F1,30,,,,,
2026-07-31,2026-07-31,FO,NSE,IDO,59016,,BANKNIFTY,,2026-08-25,2026-08-25,55600.00,CE,BANKNIFTY26AUG55600CE,2035.30,2035.30,2008.90,2014.25,2008.90,1941.70,57264.85,2014.25,840,180,15,25927047.00,15,F1,30,,,,,
2026-07-31,2026-07-31,FO,NSE,IDO,59047,,BANKNIFTY,,2026-08-25,2026-08-25,56300.00,CE,BANKNIFTY26AUG56300CE,1579.95,1600.00,1440.00,1447.85,1446.00,1414.05,57264.85,1447.85,6300,-600,161,279296173.50,87,F1,30,,,,,
2026-07-31,2026-07-31,FO,NSE,IDO,59096,,BANKNIFTY,,2026-08-25,2026-08-25,57800.00,CE,BANKNIFTY26AUG57800CE,586.95,673.20,545.25,559.55,552.05,556.95,57264.85,559.55,94110,-18330,13521,23690315461.50,10752,F1,30,,,,,
2026-07-31,2026-07-31,FO,NSE,IDO,59159,,BANKNIFTY,,2026-08-25,2026-08-25,59600.00,CE,BANKNIFTY26AUG59600CE,127.90,138.70,97.00,99.70,97.90,112.80,57264.85,99.70,38640,3960,2978,5334718956.00,2027,F1,30,,,,,
2026-07-31,2026-07-31,FO,NSE,IDO,59266,,BANKNIFTY,,2026-08-25,2026-08-25,62500.00,CE,BANKNIFTY26AUG62500CE,10.40,11.70,9.10,9.45,9.20,10.45,57264.85,9.45,70530,4680,2951,5534020225.50,1699,F1,30,,,,,
2026-07-31,2026-07-31,FO,NSE,IDO,59282,,BANKNIFTY,,2026-08-25,2026-08-25,62900.00,CE,BANKNIFTY26AUG62900CE,0.00,0.00,0.00,422.10,0.00,422.10,57264.85,67.35,0,0,0,0.00,0,F1,30,,,,,
2026-07-31,2026-07-31,FO,NSE,IDO,59319,,BANKNIFTY,,2026-08-25,2026-08-25,64100.00,CE,BANKNIFTY26AUG64100CE,7.45,7.50,5.05,6.05,6.05,7.55,57264.85,28.15,570,30,44,84619963.50,29,F1,30,,,,,
2026-07-31,2026-07-31,FO,NSE,IDO,69662,,BANKNIFTY,,2026-09-29,2026-09-29,51800.00,CE,BANKNIFTY26SEP51800CE,0.00,0.00,0.00,6901.65,0.00,6901.65,57264.85,6226.20,0,0,0,0.00,0,F1,30,,,,,
2026-07-31,2026-07-31,FO,NSE,IDO,69670,,BANKNIFTY,,2026-09-29,2026-09-29,52200.00,CE,BANKNIFTY26SEP52200CE,0.00,0.00,0.00,6565.65,0.00,6565.65,57264.85,5873.65,0,0,0,0.00,0,F1,30,,,,,
2026-07-31,2026-07-31,FO,NSE,IDO,69710,,BANKNIFTY,,2026-09-29,2026-09-29,54400.00,CE,BANKNIFTY26SEP54400CE,0.00,0.00,0.00,4852.25,0.00,4852.25,57264.85,4080.15,0,0,0,0.00,0,F1,30,,,,,
2026-07-31,2026-07-31,FO,NSE,IDO,69757,,BANKNIFTY,,2026-09-29,2026-09-29,54600.00,CE,BANKNIFTY26SEP54600CE,0.00,0.00,0.00,4708.60,0.00,4708.60,57264.85,3933.80,0,0,0,0.00,0,F1,30,,,,,
2026-07-31,2026-07-31,FO,NSE,IDO,69763,,BANKNIFTY,,2026-09-29,2026-09-29,54800.00,CE,BANKNIFTY26SEP54800CE,0.00,0.00,0.00,4564.90,0.00,4564.90,57264.85,3787.75,0,0,0,0.00,0,F1,30,,,,,
2026-07-31,2026-07-31,FO,NSE,IDO,69765,,BANKNIFTY,,2026-09-29,2026-09-29,54900.00,CE,BANKNIFTY26SEP54900CE,0.00,0.00,0.00,4495.20,0.00,4495.20,57264.85,3715.80,0,0,0,0.00,0,F1,30,,,,,
2026-07-31,2026-07-31,FO,NSE,IDO,69801,,BANKNIFTY,,2026-09-29,2026-09-29,56500.00,CE,BANKNIFTY26SEP56500CE,2004.55,2080.00,1925.75,1925.80,1925.75,1897.90,57264.85,1925.80,20790,-270,33,57910753.50,28,F1,30,,,,,
2026-07-31,2026-07-31,FO,NSE,IDO,69820,,BANKNIFTY,,2026-09-29,2026-09-29,57400.00,CE,BANKNIFTY26SEP57400CE,1466.30,1499.00,1394.00,1401.00,1401.00,1352.10,57264.85,1401.00,1890,210,19,33540432.00,19,F1,30,,,,,
2026-07-31,2026-07-31,FO,NSE,IDO,69868,,BANKNIFTY,,2026-09-29,2026-09-29,58700.00,CE,BANKNIFTY26SEP58700CE,0.00,0.00,0.00,658.05,658.05,658.05,57264.85,1562.65,4200,0,0,0.00,0,F1,30,,,,,
2026-07-31,2026-07-31,FO,NSE,IDO,69996,,BANKNIFTY,,2026-09-29,2026-09-29,59800.00,CE,BANKNIFTY26SEP59800CE,0.00,0.00,0.00,1843.85,0.00,1843.85,57264.85,1153.75,0,0,0,0.00,0,F1,30,,,,,
2026-07-31,2026-07-31,FO,NSE,IDO,70015,,BANKNIFTY,,2026-09-29,2026-09-29,60300.00,CE,BANKNIFTY26SEP60300CE,0.00,0.00,0.00,1657.55,0.00,1657.55,57264.85,997.00,0,0,0,0.00,0,F1,30,,,,,
2026-07-31,2026-07-31,FO,NSE,IDO,69698,,BANKNIFTY,,2026-09-29,2026-09-29,53700.00,CE,BANKNIFTY26SEP53700CE,0.00,0.00,0.00,5369.65,0.00,5369.65,57264.85,4620.50,0,0,0,0.00,0,F1,30,,,,,
2026-07-31,2026-07-31,FO,NSE,IDO,69660,,BANKNIFTY,,2026-09-29,2026-09-29,51700.00,CE,BANKNIFTY26SEP51700CE,0.00,0.00,0.00,6986.65,0.00,6986.65,57264.85,6315.35,0,0,0,0.00,0,F1,30,,,,,
2026-07-31,2026-07-31,FO,NSE,IDO,52280,,BANKNIFTY,,2026-09-29,2026-09-29,49500.00,CE,BANKNIFTY26SEP49500CE,0.00,0.00,0.00,8922.65,0.00,8922.65,57264.85,8356.95,0,0,0,0.00,0,F1,30,,,,,
2026-07-31,2026-07-31,FO,NSE,IDO,52272,,BANKNIFTY,,2026-09-29,2026-09-29,48000.00,CE,BANKNIFTY26SEP48000CE,0.00,0.00,0.00,10129.10,10129.10,10129.10,57264.85,9805.90,150,0,0,0.00,0,F1,30,,,,,
2026-07-31,2026-07-31,FO,NSE,IDO,59290,,BANKNIFTY,,2026-08-25,2026-08-25,63200.00,CE,BANKNIFTY26AUG63200CE,0.00,0.00,0.00,387.00,0.00,387.00,57264.85,54.55,0,0,0,0.00,0,F1,30,,,,,
2026-07-31,2026-07-31,FO,NSE,IDO,59280,,BANKNIFTY,,2026-08-25,2026-08-25,62800.00,CE,BANKNIFTY26AUG62800CE,0.00,0.00,0.00,434.40,0.00,434.40,57264.85,72.15,0,0,0,0.00,0,F1,30,,,,,
2026-07-31,2026-07-31,FO,NSE,IDO,59260,,BANKNIFTY,,2026-08-25,2026-08-25,62300.00,CE,BANKNIFTY26AUG62300CE,62.25,62.25,62.25,62.25,62.25,500.60,57264.85,101.00,300,300,10,18708675.00,2,F1,30,,,,,
2026-07-31,2026-07-31,FO,NSE,IDO,59183,,BANKNIFTY,,2026-08-25,2026-08-25,60300.00,CE,BANKNIFTY26AUG60300CE,0.00,0.00,0.00,858.50,0.00,858.50,57264.85,336.25,0,0,0,0.00,0,F1,30,,,,,
2026-07-31,2026-07-31,FO,NSE,IDO,59126,,BANKNIFTY,,2026-08-25,2026-08-25,58500.00,CE,BANKNIFTY26AUG58500CE,323.55,389.05,295.00,303.05,300.00,312.20,57264.85,303.05,483720,68850,26212,46262531778.00,18833,F1,30,,,,,
2026-07-31,2026-07-31,FO,NSE,IDO,59092,,BANKNIFTY,,2026-08-25,2026-08-25,57600.00,CE,BANKNIFTY26AUG57600CE,697.95,776.50,637.90,652.95,645.00,643.10,57264.85,652.95,71130,1350,16738,29272349575.50,12903,F1,30,,,,,
2026-07-31,2026-07-31,FO,NSE,IDO,59044,,BANKNIFTY,,2026-08-25,2026-08-25,56200.00,CE,BANKNIFTY26AUG56200CE,1635.75,1666.40,1500.70,1537.55,1537.55,1469.05,57264.85,1537.55,7200,-120,152,263392522.50,89,F1,30,,,,,
2026-07-31,2026-07-31,FO,NSE,IDO,58962,,BANKNIFTY,,2026-08-25,2026-08-25,53600.00,CE,BANKNIFTY26AUG53600CE,0.00,0.00,0.00,3528.35,3528.35,3528.35,57264.85,4027.05,150,0,0,0.00,0,F1,30,,,,,
2026-07-31,2026-07-31,FO,NSE,IDO,58955,,BANKNIFTY,,2026-08-25,2026-08-25,53300.00,CE,BANKNIFTY26AUG53300CE,0.00,0.00,0.00,3800.00,0.00,3800.00,57264.85,4297.70,0,0,0,0.00,0,F1,30,,,,,
2026-07-31,2026-07-31,FO,NSE,IDO,58930,,BANKNIFTY,,2026-08-25,2026-08-25,52500.00,CE,BANKNIFTY26AUG52500CE,0.00,0.00,0.00,4850.00,4850.00,4850.00,57264.85,5041.35,330,0,0,0.00,0,F1,30,,,,,
2026-07-31,2026-07-31,FO,NSE,IDO,58920,,BANKNIFTY,,2026-08-25,2026-08-25,52000.00,CE,BANKNIFTY26AUG52000CE,5515.00,5515.00,5410.00,5415.45,5410.00,5238.50,57264.85,5415.45,21210,840,31,53420499.00,12,F1,30,,,,,
2026-07-31,2026-07-31,FO,NSE,IDO,58845,,BANKNIFTY,,2026-08-25,2026-08-25,49700.00,PE,BANKNIFTY26AUG49700PE,11.30,11.30,11.25,11.30,11.30,14.45,57264.85,3.25,330,90,3,4474015.50,3,F1,30,,,,,
2026-07-31,2026-07-31,FO,NSE,IDO,58885,,BANKNIFTY,,2026-08-25,2026-08-25,51300.00,PE,BANKNIFTY26AUG51300PE,18.15,18.35,15.35,16.00,16.00,22.00,57264.85,19.05,1740,30,24,36947847.00,12,F1,30,,,,,
2026-07-31,2026-07-31,FO,NSE,IDO,58963,,BANKNIFTY,,2026-08-25,2026-08-25,53600.00,PE,BANKNIFTY26AUG53600PE,40.00,64.20,40.00,49.05,50.85,67.65,57264.85,49.05,21930,-5100,3051,4910610697.50,1493,F1,30,,,,,
2026-07-31,2026-07-31,FO,NSE,IDO,58977,,BANKNIFTY,,2026-08-25,2026-08-25,53900.00,PE,BANKNIFTY26AUG53900PE,70.15,71.60,54.05,62.25,62.20,84.35,57264.85,62.25,12840,1980,672,1087873627.50,333,F1,30,,,,,
2026-07-31,2026-07-31,FO,NSE,IDO,59087,,BANKNIFTY,,2026-08-25,2026-08-25,57300.00,PE,BANKNIFTY26AUG57300PE,785.20,785.20,640.00,694.60,692.25,821.40,57264.85,694.60,145980,23010,43057,74911172746.50,33297,F1,30,,,,,
2026-07-31,2026-07-31,FO,NSE,IDO,59152,,BANKNIFTY,,2026-08-25,2026-08-25,59300.00,PE,BANKNIFTY26AUG59300PE,2006.05,2058.45,2000.80,2044.70,2044.70,2173.20,57264.85,2351.20,2220,60,7,12877540.50,7,F1,30,,,,,
2026-07-31,2026-07-31,FO,NSE,IDO,59213,,BANKNIFTY,,2026-08-25,2026-08-25,60700.00,PE,BANKNIFTY26AUG60700PE,0.00,0.00,0.00,2552.30,2552.30,2552.30,57264.85,3451.75,30,0,0,0.00,0,F1,30,,,,,
2026-07-31,2026-07-31,FO,NSE,IDO,59285,,BANKNIFTY,,2026-08-25,2026-08-25,62900.00,PE,BANKNIFTY26AUG62900PE,0.00,0.00,0.00,7299.95,0.00,7299.95,57264.85,5440.65,0,0,0,0.00,0,F1,30,,,,,
2026-07-31,2026-07-31,FO,NSE,IDO,59289,,BANKNIFTY,,2026-08-25,2026-08-25,63100.00,PE,BANKNIFTY26AUG63100PE,0.00,0.00,0.00,7473.30,0.00,7473.30,57264.85,5631.05,0,0,0,0.00,0,F1,30,,,,,
2026-07-31,2026-07-31,FO,NSE,IDO,52265,,BANKNIFTY,,2026-09-29,2026-09-29,43500.00,PE,BANKNIFTY26SEP43500PE,20.00,20.50,19.00,20.50,20.50,23.00,57264.85,20.50,1020,60,31,40473660.00,10,F1,30,,,,,
2026-07-31,2026-07-31,FO,NSE,IDO,52283,,BANKNIFTY,,2026-09-29,2026-09-29,51000.00,PE,BANKNIFTY26SEP51000PE,65.35,66.00,55.60,61.05,64.00,71.40,57264.85,61.05,17940,570,314,481004679.00,128,F1,30,,,,,
2026-07-31,2026-07-31,FO,NSE,IDO,69671,,BANKNIFTY,,2026-09-29,2026-09-29,52200.00,PE,BANKNIFTY26SEP52200PE,0.00,0.00,0.00,422.10,0.00,422.10,57264.85,242.15,0,0,0,0.00,0,F1,30,,,,,
2026-07-31,2026-07-31,FO,NSE,IDO,69764,,BANKNIFTY,,2026-09-29,2026-09-29,54800.00,PE,BANKNIFTY26SEP54800PE,0.00,0.00,0.00,878.15,878.15,878.15,57264.85,728.00,120,0,0,0.00,0,F1,30,,,,,
2026-07-31,2026-07-31,FO,NSE,IDO,69784,,BANKNIFTY,,2026-09-29,2026-09-29,55800.00,PE,BANKNIFTY26SEP55800PE,0.00,0.00,0.00,1296.25,0.00,1296.25,57264.85,1030.00,0,0,0,0.00,0,F1,30,,,,,
2026-07-31,2026-07-31,FO,NSE,IDO,69786,,BANKNIFTY,,2026-09-29,2026-09-29,55900.00,PE,BANKNIFTY26SEP55900PE,0.00,0.00,0.00,981.55,981.55,981.55,57264.85,1064.65,570,0,0,0.00,0,F1,30,,,,,
2026-07-31,2026-07-31,FO,NSE,IDO,69816,,BANKNIFTY,,2026-09-29,2026-09-29,57200.00,PE,BANKNIFTY26SEP57200PE,905.85,975.05,880.00,917.15,927.00,1041.95,57264.85,917.15,7290,3630,189,329539894.50,133,F1,30,,,,,
2026-07-31,2026-07-31,FO,NSE,IDO,69825,,BANKNIFTY,,2026-09-29,2026-09-29,57600.00,PE,BANKNIFTY26SEP57600PE,1099.70,1134.75,1042.60,1068.70,1068.85,1212.40,57264.85,1068.70,2040,870,60,105644517.00,43,F1,30,,,,,
2026-07-31,2026-07-31,FO,NSE,IDO,69900,,BANKNIFTY,,2026-09-29,2026-09-29,59200.00,PE,BANKNIFTY26SEP59200PE,0.00,0.00,0.00,2836.20,0.00,2836.20,57264.85,2657.95,0,0,0,0.00,0,F1,30,,,,,
2026-07-31,2026-07-31,FO,NSE,IDO,70044,,BANKNIFTY,,2026-09-29,2026-09-29,61700.00,PE,BANKNIFTY26SEP61700PE,0.00,0.00,0.00,4421.90,0.00,4421.90,57264.85,4411.15,0,0,0,0.00,0,F1,30,,,,,
2026-07-31,2026-07-31,FO,NSE,IDO,70104,,BANKNIFTY,,2026-09-29,2026-09-29,63400.00,PE,BANKNIFTY26SEP63400PE,0.00,0.00,0.00,5688.50,0.00,5688.50,57264.85,5808.00,0,0,0,0.00,0,F1,30,,,,,
2026-07-31,2026-07-31,FO,NSE,IDO,70106,,BANKNIFTY,,2026-09-29,2026-09-29,63500.00,PE,BANKNIFTY26SEP63500PE,0.00,0.00,0.00,5767.00,0.00,5767.00,57264.85,5894.15,0,0,0,0.00,0,F1,30,,,,,
2026-07-31,2026-07-31,FO,NSE,IDO,70112,,BANKNIFTY,,2026-09-29,2026-09-29,63800.00,PE,BANKNIFTY26SEP63800PE,0.00,0.00,0.00,6004.90,0.00,6004.90,57264.85,6154.85,0,0,0,0.00,0,F1,30,,,,,
2026-07-31,2026-07-31,FO,NSE,IDO,49311,,BANKNIFTY,,2026-10-27,2026-10-27,50000.00,PE,BANKNIFTY26OCT50000PE,0.00,0.00,0.00,222.60,0.00,222.60,57264.85,163.60,0,0,0,0.00,0,F1,30,,,,,
2026-07-31,2026-07-31,FO,NSE,IDO,49321,,BANKNIFTY,,2026-10-27,2026-10-27,50500.00,PE,BANKNIFTY26OCT50500PE,0.00,0.00,0.00,274.10,0.00,274.10,57264.85,204.40,0,0,0,0.00,0,F1,30,,,,,
2026-07-31,2026-07-31,FO,NSE,IDO,49368,,BANKNIFTY,,2026-10-27,2026-10-27,52000.00,PE,BANKNIFTY26OCT52000PE,0.00,0.00,0.00,485.80,0.00,485.80,57264.85,377.15,0,0,0,0.00,0,F1,30,,,,,
2026-07-31,2026-07-31,FO,NSE,IDO,49370,,BANKNIFTY,,2026-10-27,2026-10-27,52100.00,PE,BANKNIFTY26OCT52100PE,0.00,0.00,0.00,503.35,0.00,503.35,57264.85,391.80,0,0,0,0.00,0,F1,30,,,,,
2026-07-31,2026-07-31,FO,NSE,IDO,49412,,BANKNIFTY,,2026-10-27,2026-10-27,53800.00,PE,BANKNIFTY26OCT53800PE,0.00,0.00,0.00,882.10,0.00,882.10,57264.85,712.60,0,0,0,0.00,0,F1,30,,,,,
2026-07-31,2026-07-31,FO,NSE,IDO,49418,,BANKNIFTY,,2026-10-27,2026-10-27,54100.00,PE,BANKNIFTY26OCT54100PE,0.00,0.00,0.00,962.60,0.00,962.60,57264.85,784.85,0,0,0,0.00,0,F1,30,,,,,
2026-07-31,2026-07-31,FO,NSE,IDO,49422,,BANKNIFTY,,2026-10-27,2026-10-27,54300.00,PE,BANKNIFTY26OCT54300PE,0.00,0.00,0.00,1021.05,0.00,1021.05,57264.85,837.75,0,0,0,0.00,0,F1,30,,,,,
2026-07-31,2026-07-31,FO,NSE,IDO,49445,,BANKNIFTY,,2026-10-27,2026-10-27,55100.00,PE,BANKNIFTY26OCT55100PE,0.00,0.00,0.00,1279.50,0.00,1279.50,57264.85,1062.65,0,0,0,0.00,0,F1,30,,,,,
2026-07-31,2026-07-31,FO,NSE,IDO,49468,,BANKNIFTY,,2026-10-27,2026-10-27,56000.00,PE,BANKNIFTY26OCT56000PE,0.00,0.00,0.00,1618.90,0.00,1618.90,57264.85,1366.50,0,0,0,0.00,0,F1,30,,,,,
2026-07-31,2026-07-31,FO,NSE,IDO,49470,,BANKNIFTY,,2026-10-27,2026-10-27,56100.00,PE,BANKNIFTY26OCT56100PE,0.00,0.00,0.00,1659.85,0.00,1659.85,57264.85,1403.50,0,0,0,0.00,0,F1,30,,,,,
2026-07-31,2026-07-31,FO,NSE,IDO,49490,,BANKNIFTY,,2026-10-27,2026-10-27,56700.00,PE,BANKNIFTY26OCT56700PE,0.00,0.00,0.00,1919.45,0.00,1919.45,57264.85,1639.25,0,0,0,0.00,0,F1,30,,,,,
2026-07-31,2026-07-31,FO,NSE,IDO,49494,,BANKNIFTY,,2026-10-27,2026-10-27,56900.00,PE,BANKNIFTY26OCT56900PE,0.00,0.00,0.00,2011.30,0.00,2011.30,57264.85,1723.15,0,0,0,0.00,0,F1,30,,,,,
2026-07-31,2026-07-31,FO,NSE,IDO,49570,,BANKNIFTY,,2026-10-27,2026-10-27,59900.00,PE,BANKNIFTY26OCT59900PE,0.00,0.00,0.00,3697.20,0.00,3697.20,57264.85,3298.55,0,0,0,0.00,0,F1,30,,,,,
2026-07-31,2026-07-31,FO,NSE,IDO,76395,,BANKNIFTY,,2027-03-30,2027-03-30,54000.00,PE,BANKNIFTY27MAR54000PE,0.00,0.00,0.00,3928.75,0.00,3928.75,57264.85,1531.35,0,0,0,0.00,0,F1,30,,,,,
2026-07-31,2026-07-31,FO,NSE,IDO,76426,,BANKNIFTY,,2027-03-30,2027-03-30,63000.00,PE,BANKNIFTY27MAR63000PE,0.00,0.00,0.00,9669.30,0.00,9669.30,57264.85,5650.95,0,0,0,0.00,0,F1,30,,,,,
2026-07-31,2026-07-31,FO,NSE,IDO,70801,,BANKNIFTY,,2027-06-29,2027-06-29,63000.00,PE,BANKNIFTY27JUN63000PE,0.00,0.00,0.00,5804.40,0.00,5804.40,57264.85,5689.60,0,0,0,0.00,0,F1,30,,,,,
2026-07-31,2026-07-31,FO,NSE,IDO,58779,,BANKNIFTY,,2026-08-25,2026-08-25,48500.00,PE,BANKNIFTY26AUG48500PE,9.90,9.90,7.05,8.95,9.10,9.50,57264.85,8.95,3210,60,217,315793104.00,164,F1,30,,,,,
2026-07-31,2026-07-31,FO,NSE,IDO,76429,,BANKNIFTY,,2027-03-30,2027-03-30,64500.00,CE,BANKNIFTY27MAR64500CE,0.00,0.00,0.00,1094.95,0.00,1094.95,57264.85,2165.00,0,0,0,0.00,0,F1,30,,,,,
2026-07-31,2026-07-31,FO,NSE,IDO,76398,,BANKNIFTY,,2027-03-30,2027-03-30,57000.00,CE,BANKNIFTY27MAR57000CE,0.00,0.00,0.00,2831.15,0.00,2831.15,57264.85,5280.05,0,0,0,0.00,0,F1,30,,,,,
2026-07-31,2026-07-31,FO,NSE,IDO,53250,,BANKNIFTY,,2026-12-29,2026-12-29,66000.00,CE,BANKNIFTY26DEC66000CE,0.00,0.00,0.00,2499.10,0.00,2499.10,57264.85,878.95,0,0,0,0.00,0,F1,30,,,,,
2026-07-31,2026-07-31,FO,NSE,IDO,53235,,BANKNIFTY,,2026-12-29,2026-12-29,58500.00,CE,BANKNIFTY26DEC58500CE,2210.00,2218.00,2150.00,2150.00,2150.00,2081.50,57264.85,2150.00,2640,600,26,47338300.50,10,F1,30,,,,,
2026-07-31,2026-07-31,FO,NSE,IDO,59089,,BANKNIFTY,,2026-08-25,2026-08-25,57400.00,PE,BANKNIFTY26AUG57400PE,803.95,803.95,681.50,737.60,754.40,870.00,57264.85,737.60,78810,25230,29936,52211853951.00,23221,F1,30,,,,,
2026-07-31,2026-07-31,FO,NSE,IDO,59056,,BANKNIFTY,,2026-08-25,2026-08-25,56500.00,PE,BANKNIFTY26AUG56500PE,461.00,466.90,372.05,405.40,412.00,504.10,57264.85,405.40,317460,-24330,21430,36587371693.50,14885,F1,30,,,,,
2026-07-31,2026-07-31,FO,NSE,IDO,59043,,BANKNIFTY,,2026-08-25,2026-08-25,56100.00,PE,BANKNIFTY26AUG56100PE,350.00,350.00,280.05,312.00,314.00,389.10,57264.85,312.00,49890,13950,4438,7510543404.00,2957,F1,30,,,,,
2026-07-31,2026-07-31,FO,NSE,IDO,59013,,BANKNIFTY,,2026-08-25,2026-08-25,55400.00,PE,BANKNIFTY26AUG55400PE,204.85,211.85,169.30,184.85,191.05,244.05,57264.85,184.85,23790,570,2785,4644475365.00,1676,F1,30,,,,,
2026-07-31,2026-07-31,FO,NSE,IDO,59001,,BANKNIFTY,,2026-08-25,2026-08-25,54800.00,PE,BANKNIFTY26AUG54800PE,130.05,137.15,104.50,121.00,120.10,159.15,57264.85,121.00,43050,-5190,2941,4845471351.00,1710,F1,30,,,,,
2026-07-31,2026-07-31,FO,NSE,IDO,58987,,BANKNIFTY,,2026-08-25,2026-08-25,54300.00,PE,BANKNIFTY26AUG54300PE,86.20,93.35,71.80,81.50,82.50,110.75,57264.85,81.50,20460,3660,1541,2514137698.50,737,F1,30,,,,,
2026-07-31,2026-07-31,FO,NSE,IDO,58879,,BANKNIFTY,,2026-08-25,2026-08-25,51000.00,PE,BANKNIFTY26AUG51000PE,19.15,19.15,14.35,15.95,15.85,18.75,57264.85,15.95,156300,18240,5043,7718153107.50,2834,F1,30,,,,,
2026-07-31,2026-07-31,FO,NSE,IDO,58801,,BANKNIFTY,,2026-08-25,2026-08-25,48600.00,PE,BANKNIFTY26AUG48600PE,8.00,8.55,8.00,8.40,8.40,10.90,57264.85,0.80,270,-210,8,11666008.50,4,F1,30,,,,,
2026-07-31,2026-07-31,FO,NSE,IDO,70769,,BANKNIFTY,,2027-06-29,2027-06-29,52500.00,CE,BANKNIFTY27JUN52500CE,0.00,0.00,0.00,9732.10,0.00,9732.10,57264.85,9249.85,0,0,0,0.00,0,F1,30,,,,,
2026-07-31,2026-07-31,FO,NSE,IDO,53228,,BANKNIFTY,,2026-12-29,2026-12-29,57000.00,CE,BANKNIFTY26DEC57000CE,3100.00,3161.00,2971.10,3015.60,3000.30,2953.70,57264.85,3015.60,5730,780,31,55857306.00,27,F1,30,,,,,
2026-07-31,2026-07-31,FO,NSE,IDO,49587,,BANKNIFTY,,2026-10-27,2026-10-27,60700.00,CE,BANKNIFTY26OCT60700CE,0.00,0.00,0.00,1205.70,0.00,1205.70,57264.85,1343.45,0,0,0,0.00,0,F1,30,,,,,
2026-07-31,2026-07-31,FO,NSE,IDO,49558,,BANKNIFTY,,2026-10-27,2026-10-27,59400.00,CE,BANKNIFTY26OCT59400CE,0.00,0.00,0.00,1625.20,0.00,1625.20,57264.85,1803.80,0,0,0,0.00,0,F1,30,,,,,
2026-07-31,2026-07-31,FO,NSE,IDO,49525,,BANKNIFTY,,2026-10-27,2026-10-27,58200.00,CE,BANKNIFTY26OCT58200CE,0.00,0.00,0.00,2101.55,0.00,2101.55,57264.85,2322.45,0,0,0,0.00,0,F1,30,,,,,
2026-07-31,2026-07-31,FO,NSE,IDO,49481,,BANKNIFTY,,2026-10-27,2026-10-27,56600.00,CE,BANKNIFTY26OCT56600CE,0.00,0.00,0.00,2880.25,0.00,2880.25,57264.85,3162.05,0,0,0,0.00,0,F1,30,,,,,
2026-07-31,2026-07-31,FO,NSE,IDO,49479,,BANKNIFTY,,2026-10-27,2026-10-27,56500.00,CE,BANKNIFTY26OCT56500CE,0.00,0.00,0.00,2934.50,0.00,2934.50,57264.85,3220.15,0,0,0,0.00,0,F1,30,,,,,
2026-07-31,2026-07-31,FO,NSE,IDO,49459,,BANKNIFTY,,2026-10-27,2026-10-27,55600.00,CE,BANKNIFTY26OCT55600CE,0.00,0.00,0.00,3452.25,0.00,3452.25,57264.85,3772.90,0,0,0,0.00,0,F1,30,,,,,
2026-07-31,2026-07-31,FO,NSE,IDO,49413,,BANKNIFTY,,2026-10-27,2026-10-27,53900.00,CE,BANKNIFTY26OCT53900CE,0.00,0.00,0.00,4574.25,0.00,4574.25,57264.85,4957.00,0,0,0,0.00,0,F1,30,,,,,
2026-07-31,2026-07-31,FO,NSE,IDO,49338,,BANKNIFTY,,2026-10-27,2026-10-27,51000.00,CE,BANKNIFTY26OCT51000CE,0.00,0.00,0.00,6856.05,0.00,6856.05,57264.85,7327.75,0,0,0,0.00,0,F1,30,,,,,
2026-07-31,2026-07-31,FO,NSE,IDO,70095,,BANKNIFTY,,2026-09-29,2026-09-29,62900.00,CE,BANKNIFTY26SEP62900CE,0.00,0.00,0.00,912.35,0.00,912.35,57264.85,431.00,0,0,0,0.00,0,F1,30,,,,,
2026-07-31,2026-07-31,FO,NSE,IDO,70088,,BANKNIFTY,,2026-09-29,2026-09-29,62600.00,CE,BANKNIFTY26SEP62600CE,0.00,0.00,0.00,981.05,0.00,981.05,57264.85,478.15,0,0,0,0.00,0,F1,30,,,,,
2026-07-31,2026-07-31,FO,NSE,IDO,70043,,BANKNIFTY,,2026-09-29,2026-09-29,61700.00,CE,BANKNIFTY26SEP61700CE,0.00,0.00,0.00,1211.20,0.00,1211.20,57264.85,645.80,0,0,0,0.00,0,F1,30,,,,,
2026-07-31,2026-07-31,FO,NSE,IDO,70023,,BANKNIFTY,,2026-09-29,2026-09-29,60700.00,CE,BANKNIFTY26SEP60700CE,0.00,0.00,0.00,1519.00,0.00,1519.00,57264.85,883.90,0,0,0,0.00,0,F1,30,,,,,
2026-07-31,2026-07-31,FO,NSE,IDO,69982,,BANKNIFTY,,2026-09-29,2026-09-29,59600.00,CE,BANKNIFTY26SEP59600CE,0.00,0.00,0.00,1010.00,1010.00,1010.00,57264.85,1221.40,420,0,0,0.00,0,F1,30,,,,,
2026-07-31,2026-07-31,FO,NSE,IDO,69944,,BANKNIFTY,,2026-09-29,2026-09-29,59500.00,CE,BANKNIFTY26SEP59500CE,0.00,0.00,0.00,1962.75,0.00,1962.75,57264.85,1256.30,0,0,0,0.00,0,F1,30,,,,,
2026-07-31,2026-07-31,FO,NSE,IDO,69840,,BANKNIFTY,,2026-09-29,2026-09-29,58100.00,CE,BANKNIFTY26SEP58100CE,1120.00,1120.00,1005.30,1022.45,1005.30,1020.75,57264.85,1022.45,2370,750,33,58556817.00,22,F1,30,,,,,
2026-07-31,2026-07-31,FO,NSE,IDO,69815,,BANKNIFTY,,2026-09-29,2026-09-29,57200.00,CE,BANKNIFTY26SEP57200CE,1550.00,1550.00,1483.45,1483.45,1483.45,1467.10,57264.85,1483.45,2700,90,6,10569067.50,6,F1,30,,,,,
2026-07-31,2026-07-31,FO,NSE,IDO,69799,,BANKNIFTY,,2026-09-29,2026-09-29,56400.00,CE,BANKNIFTY26SEP56400CE,0.00,0.00,0.00,3522.55,0.00,3522.55,57264.85,2726.80,0,0,0,0.00,0,F1,30,,,,,
2026-07-31,2026-07-31,FO,NSE,IDO,52270,,BANKNIFTY,,2026-09-29,2026-09-29,46500.00,CE,BANKNIFTY26SEP46500CE,0.00,0.00,0.00,11298.00,0.00,11298.00,57264.85,11275.95,0,0,0,0.00,0,F1,30,,,,,
2026-07-31,2026-07-31,FO,NSE,IDO,59314,,BANKNIFTY,,2026-08-25,2026-08-25,63900.00,CE,BANKNIFTY26AUG63900CE,0.00,0.00,0.00,314.70,0.00,314.70,57264.85,32.75,0,0,0,0.00,0,F1,30,,,,,
2026-07-31,2026-07-31,FO,NSE,IDO,59232,,BANKNIFTY,,2026-08-25,2026-08-25,61400.00,CE,BANKNIFTY26AUG61400CE,0.00,0.00,0.00,641.20,0.00,641.20,57264.85,178.55,0,0,0,0.00,0,F1,30,,,,,
2026-07-31,2026-07-31,FO,NSE,IDO,59226,,BANKNIFTY,,2026-08-25,2026-08-25,61100.00,CE,BANKNIFTY26AUG61100CE,0.00,0.00,0.00,694.85,0.00,694.85,57264.85,213.65,0,0,0,0.00,0,F1,30,,,,,
2026-07-31,2026-07-31,FO,NSE,IDO,59217,,BANKNIFTY,,2026-08-25,2026-08-25,60900.00,CE,BANKNIFTY26AUG60900CE,0.00,0.00,0.00,732.65,0.00,732.65,57264.85,240.10,0,0,0,0.00,0,F1,30,,,,,
2026-07-31,2026-07-31,FO,NSE,IDO,59214,,BANKNIFTY,,2026-08-25,2026-08-25,60800.00,CE,BANKNIFTY26AUG60800CE,0.00,0.00,0.00,752.15,0.00,752.15,57264.85,254.35,0,0,0,0.00,0,F1,30,,,,,
2026-07-31,2026-07-31,FO,NSE,IDO,59212,,BANKNIFTY,,2026-08-25,2026-08-25,60700.00,CE,BANKNIFTY26AUG60700CE,0.00,0.00,0.00,772.10,0.00,772.10,57264.85,269.25,0,0,0,0.00,0,F1,30,,,,,
2026-07-31,2026-07-31,FO,NSE,IDO,59161,,BANKNIFTY,,2026-08-25,2026-08-25,59700.00,CE,BANKNIFTY26AUG59700CE,115.70,115.70,87.80,89.80,89.50,997.85,57264.85,89.80,8610,8610,1118,2005557810.00,663,F1,30,,,,,
2026-07-31,2026-07-31,FO,NSE,IDO,59153,,BANKNIFTY,,2026-08-25,2026-08-25,59400.00,CE,BANKNIFTY26AUG59400CE,154.85,170.90,119.90,123.20,123.15,137.05,57264.85,123.20,43170,2850,3240,5786645340.00,1982,F1,30,,,,,
2026-07-31,2026-07-31,FO,NSE,IDO,59149,,BANKNIFTY,,2026-08-25,2026-08-25,59200.00,CE,BANKNIFTY26AUG59200CE,192.45,206.95,147.50,152.00,151.00,167.10,57264.85,152.00,51990,10860,4664,8307095238.00,2960,F1,30,,,,,
2026-07-31,2026-07-31,FO,NSE,IDO,59004,,BANKNIFTY,,2026-08-25,2026-08-25,55000.00,CE,BANKNIFTY26AUG55000CE,2649.95,2680.00,2500.00,2539.20,2518.00,2436.55,57264.85,2539.20,78060,-5190,486,839584371.00,322,F1,30,,,,,
2026-07-31,2026-07-31,FO,NSE,IDO,58982,,BANKNIFTY,,2026-08-25,2026-08-25,54200.00,CE,BANKNIFTY26AUG54200CE,0.00,0.00,0.00,3717.40,3717.40,3717.40,57264.85,3502.90,0,0,0,0.00,0,F1,30,,,,,
2026-07-31,2026-07-31,FO,NSE,IDO,58941,,BANKNIFTY,,2026-08-25,2026-08-25,53000.00,CE,BANKNIFTY26AUG53000CE,4500.00,4553.05,4370.00,4440.00,4400.10,4276.25,57264.85,4440.00,46440,240,162,279060679.50,86,F1,30,,,,,
2026-07-31,2026-07-31,FO,NSE,IDO,58934,,BANKNIFTY,,2026-08-25,2026-08-25,52700.00,CE,BANKNIFTY26AUG52700CE,0.00,0.00,0.00,4198.35,0.00,4198.35,57264.85,4852.85,0,0,0,0.00,0,F1,30,,,,,
2026-07-31,2026-07-31,FO,NSE,IDO,58916,,BANKNIFTY,,2026-08-25,2026-08-25,51800.00,CE,BANKNIFTY26AUG51800CE,0.00,0.00,0.00,4838.30,0.00,4838.30,57264.85,5711.40,0,0,0,0.00,0,F1,30,,,,,
2026-07-31,2026-07-31,FO,NSE,IDO,58844,,BANKNIFTY,,2026-08-25,2026-08-25,49700.00,CE,BANKNIFTY26AUG49700CE,0.00,0.00,0.00,6500.70,0.00,6500.70,57264.85,7775.00,0,0,0,0.00,0,F1,30,,,,,
2026-07-31,2026-07-31,FO,NSE,IDO,58840,,BANKNIFTY,,2026-08-25,2026-08-25,49500.00,CE,BANKNIFTY26AUG49500CE,0.00,0.00,0.00,7595.35,7595.35,7595.35,57264.85,7973.45,1860,0,0,0.00,0,F1,30,,,,,
2026-07-31,2026-07-31,FO,NSE,IDO,58812,,BANKNIFTY,,2026-08-25,2026-08-25,49000.00,CE,BANKNIFTY26AUG49000CE,0.00,0.00,0.00,8279.55,8279.55,8279.55,57264.85,8470.15,690,0,0,0.00,0,F1,30,,,,,
2026-07-31,2026-07-31,FO,NSE,IDO,58718,,BANKNIFTY,,2026-08-25,2026-08-25,46500.00,CE,BANKNIFTY26AUG46500CE,0.00,0.00,0.00,10745.35,10745.35,10745.35,57264.85,10958.45,120,0,0,0.00,0,F1,30,,,,,
2026-07-31,2026-07-31,FO,NSE,IDO,58702,,BANKNIFTY,,2026-08-25,2026-08-25,46000.00,CE,BANKNIFTY26AUG46000CE,11304.00,11304.00,11304.00,11304.00,11304.00,11164.35,57264.85,11456.35,19680,30,1,1719120.00,1,F1,30,,,,,
2026-07-31,2026-07-31,FO,NSE,IDO,59215,,BANKNIFTY,,2026-08-25,2026-08-25,60800.00,PE,BANKNIFTY26AUG60800PE,0.00,0.00,0.00,2625.95,2625.95,2625.95,57264.85,3536.40,30,0,0,0.00,0,F1,30,,,,,
2026-07-31,2026-07-31,FO,NSE,IDO,59251,,BANKNIFTY,,2026-08-25,2026-08-25,61800.00,PE,BANKNIFTY26AUG61800PE,0.00,0.00,0.00,6369.15,0.00,6369.15,57264.85,4417.30,0,0,0,0.00,0,F1,30,,,,,
2026-07-31,2026-07-31,FO,NSE,IDO,69547,,BANKNIFTY,,2026-09-29,2026-09-29,49000.00,PE,BANKNIFTY26SEP49000PE,35.00,36.00,35.00,35.00,35.00,111.40,57264.85,39.75,90,90,3,4413180.00,3,F1,30,,,,,
2026-07-31,2026-07-31,FO,NSE,IDO,52285,,BANKNIFTY,,2026-09-29,2026-09-29,52500.00,PE,BANKNIFTY26SEP52500PE,108.90,122.30,100.35,108.30,111.00,134.35,57264.85,108.30,20130,750,151,238324308.00,88,F1,30,,,,,
2026-07-31,2026-07-31,FO,NSE,IDO,69829,,BANKNIFTY,,2026-09-29,2026-09-29,57800.00,PE,BANKNIFTY26SEP57800PE,1154.75,1217.00,1154.75,1173.55,1185.25,1313.20,57264.85,1173.55,2130,210,16,28312402.50,14,F1,30,,,,,
2026-07-31,2026-07-31,FO,NSE,IDO,70030,,BANKNIFTY,,2026-09-29,2026-09-29,61000.00,PE,BANKNIFTY26SEP61000PE,0.00,0.00,0.00,3442.85,3442.85,3442.85,57264.85,3881.25,210,0,0,0.00,0,F1,30,,,,,
2026-07-31,2026-07-31,FO,NSE,IDO,49340,,BANKNIFTY,,2026-10-27,2026-10-27,51000.00,PE,BANKNIFTY26OCT51000PE,0.00,0.00,0.00,334.45,0.00,334.45,57264.85,252.95,0,0,0,0.00,0,F1,30,,,,,
2026-07-31,2026-07-31,FO,NSE,IDO,49374,,BANKNIFTY,,2026-10-27,2026-10-27,52300.00,PE,BANKNIFTY26OCT52300PE,0.00,0.00,0.00,539.95,0.00,539.95,57264.85,422.35,0,0,0,0.00,0,F1,30,,,,,
2026-07-31,2026-07-31,FO,NSE,IDO,49384,,BANKNIFTY,,2026-10-27,2026-10-27,52800.00,PE,BANKNIFTY26OCT52800PE,0.00,0.00,0.00,640.15,0.00,640.15,57264.85,506.75,0,0,0,0.00,0,F1,30,,,,,
2026-07-31,2026-07-31,FO,NSE,IDO,49388,,BANKNIFTY,,2026-10-27,2026-10-27,53000.00,PE,BANKNIFTY26OCT53000PE,0.00,0.00,0.00,683.80,0.00,683.80,57264.85,543.80,0,0,0,0.00,0,F1,30,,,,,
2026-07-31,2026-07-31,FO,NSE,IDO,49396,,BANKNIFTY,,2026-10-27,2026-10-27,53300.00,PE,BANKNIFTY26OCT53300PE,0.00,0.00,0.00,753.35,0.00,753.35,57264.85,603.20,0,0,0,0.00,0,F1,30,,,,,
2026-07-31,2026-07-31,FO,NSE,IDO,49410,,BANKNIFTY,,2026-10-27,2026-10-27,53700.00,PE,BANKNIFTY26OCT53700PE,0.00,0.00,0.00,855.70,0.00,855.70,57264.85,689.65,0,0,0,0.00,0,F1,30,,,,,
2026-07-31,2026-07-31,FO,NSE,IDO,49432,,BANKNIFTY,,2026-10-27,2026-10-27,54700.00,PE,BANKNIFTY26OCT54700PE,0.00,0.00,0.00,1145.30,0.00,1145.30,57264.85,943.90,0,0,0,0.00,0,F1,30,,,,,
2026-07-31,2026-07-31,FO,NSE,IDO,49456,,BANKNIFTY,,2026-10-27,2026-10-27,55400.00,PE,BANKNIFTY26OCT55400PE,0.00,0.00,0.00,1386.80,0.00,1386.80,57264.85,1158.20,0,0,0,0.00,0,F1,30,,,,,
2026-07-31,2026-07-31,FO,NSE,IDO,49496,,BANKNIFTY,,2026-10-27,2026-10-27,57000.00,PE,BANKNIFTY26OCT57000PE,1020.05,1027.30,919.10,969.80,984.35,1095.10,57264.85,969.80,6660,5340,266,462519057.00,237,F1,30,,,,,
2026-07-31,2026-07-31,FO,NSE,IDO,49500,,BANKNIFTY,,2026-10-27,2026-10-27,57200.00,PE,BANKNIFTY26OCT57200PE,0.00,0.00,0.00,2153.95,0.00,2153.95,57264.85,1854.00,0,0,0,0.00,0,F1,30,,,,,
2026-07-31,2026-07-31,FO,NSE,IDO,49521,,BANKNIFTY,,2026-10-27,2026-10-27,58000.00,PE,BANKNIFTY26OCT58000PE,0.00,0.00,0.00,2563.00,0.00,2563.00,57264.85,2232.05,0,0,0,0.00,0,F1,30,,,,,
2026-07-31,2026-07-31,FO,NSE,IDO,49530,,BANKNIFTY,,2026-10-27,2026-10-27,58400.00,PE,BANKNIFTY26OCT58400PE,0.00,0.00,0.00,2783.15,0.00,2783.15,57264.85,2437.15,0,0,0,0.00,0,F1,30,,,,,
2026-07-31,2026-07-31,FO,NSE,IDO,49540,,BANKNIFTY,,2026-10-27,2026-10-27,58700.00,PE,BANKNIFTY26OCT58700PE,0.00,0.00,0.00,2954.95,0.00,2954.95,57264.85,2597.90,0,0,0,0.00,0,F1,30,,,,,
2026-07-31,2026-07-31,FO,NSE,IDO,49542,,BANKNIFTY,,2026-10-27,2026-10-27,58800.00,PE,BANKNIFTY26OCT58800PE,0.00,0.00,0.00,3013.45,0.00,3013.45,57264.85,2652.80,0,0,0,0.00,0,F1,30,,,,,
2026-07-31,2026-07-31,FO,NSE,IDO,49562,,BANKNIFTY,,2026-10-27,2026-10-27,59500.00,PE,BANKNIFTY26OCT59500PE,0.00,0.00,0.00,3440.20,0.00,3440.20,57264.85,3054.95,0,0,0,0.00,0,F1,30,,,,,
2026-07-31,2026-07-31,FO,NSE,IDO,49566,,BANKNIFTY,,2026-10-27,2026-10-27,59700.00,PE,BANKNIFTY26OCT59700PE,0.00,0.00,0.00,3567.55,0.00,3567.55,57264.85,3175.50,0,0,0,0.00,0,F1,30,,,,,
2026-07-31,2026-07-31,FO,NSE,IDO,49578,,BANKNIFTY,,2026-10-27,2026-10-27,60200.00,PE,BANKNIFTY26OCT60200PE,0.00,0.00,0.00,3896.00,0.00,3896.00,57264.85,3487.60,0,0,0,0.00,0,F1,30,,,,,
2026-07-31,2026-07-31,FO,NSE,IDO,49598,,BANKNIFTY,,2026-10-27,2026-10-27,61100.00,PE,BANKNIFTY26OCT61100PE,0.00,0.00,0.00,4522.00,0.00,4522.00,57264.85,4086.45,0,0,0,0.00,0,F1,30,,,,,
2026-07-31,2026-07-31,FO,NSE,IDO,53217,,BANKNIFTY,,2026-12-29,2026-12-29,48000.00,PE,BANKNIFTY26DEC48000PE,125.00,125.00,125.00,125.00,125.00,125.00,57264.85,190.60,1050,30,1,1443750.00,1,F1,30,,,,,
2026-07-31,2026-07-31,FO,NSE,IDO,70766,,BANKNIFTY,,2027-06-29,2027-06-29,51000.00,PE,BANKNIFTY27JUN51000PE,0.00,0.00,0.00,1193.15,0.00,1193.15,57264.85,1062.90,0,0,0,0.00,0,F1,30,,,,,
2026-07-31,2026-07-31,FO,NSE,IDO,70791,,BANKNIFTY,,2027-06-29,2027-06-29,55500.00,PE,BANKNIFTY27JUN55500PE,0.00,0.00,0.00,2421.75,0.00,2421.75,57264.85,2264.95,0,0,0,0.00,0,F1,30,,,,,
2026-07-31,2026-07-31,FO,NSE,IDO,70805,,BANKNIFTY,,2027-06-29,2027-06-29,66000.00,PE,BANKNIFTY27JUN66000PE,0.00,0.00,0.00,7602.30,0.00,7602.30,57264.85,7532.30,0,0,0,0.00,0,F1,30,,,,,
2026-07-31,2026-07-31,FO,NSE,IDO,59138,,BANKNIFTY,,2026-08-25,2026-08-25,58700.00,PE,BANKNIFTY26AUG58700PE,1427.95,1585.05,1427.95,1515.45,1533.55,1694.50,57264.85,1515.45,3180,360,265,478427928.00,175,F1,30,,,,,
2026-07-31,2026-07-31,FO,NSE,IDO,59160,,BANKNIFTY,,2026-08-25,2026-08-25,59600.00,PE,BANKNIFTY26AUG59600PE,2300.00,2300.00,2250.00,2250.00,2250.00,2460.00,57264.85,2250.00,300,0,2,3712500.00,2,F1,30,,,,,
2026-07-31,2026-07-31,FO,NSE,IDO,59112,,BANKNIFTY,,2026-08-25,2026-08-25,58100.00,PE,BANKNIFTY26AUG58100PE,1220.00,1220.00,1033.95,1108.60,1139.95,1266.25,57264.85,1108.60,10200,1920,1268,2252003760.00,1056,F1,30,,,,,
2026-07-31,2026-07-31,FO,NSE,IDO,59146,,BANKNIFTY,,2026-08-25,2026-08-25,59000.00,PE,BANKNIFTY26AUG59000PE,1720.10,1828.00,1660.00,1764.90,1781.00,1924.65,57264.85,1764.90,324990,5370,1979,3606088809.00,1321,F1,30,,,,,
2026-07-31,2026-07-31,FO,NSE,IDO,59125,,BANKNIFTY,,2026-08-25,2026-08-25,58400.00,PE,BANKNIFTY26AUG58400PE,1251.05,1364.00,1227.00,1296.25,1308.00,1471.50,57264.85,1296.25,9990,2010,134,239888176.50,109,F1,30,,,,,
2026-07-31,2026-07-31,FO,NSE,IDO,59082,,BANKNIFTY,,2026-08-25,2026-08-25,57100.00,PE,BANKNIFTY26AUG57100PE,690.00,703.00,562.65,608.90,620.00,734.00,57264.85,608.90,118590,3870,19970,34578919909.50,15606,F1,30,,,,,
2026-07-31,2026-07-31,FO,NSE,IDO,58975,,BANKNIFTY,,2026-08-25,2026-08-25,53800.00,PE,BANKNIFTY26AUG53800PE,70.00,71.60,50.25,57.35,59.75,78.15,57264.85,57.35,17730,2400,1036,1673912722.50,483,F1,30,,,,,
2026-07-31,2026-07-31,FO,NSE,IDO,58935,,BANKNIFTY,,2026-08-25,2026-08-25,52700.00,PE,BANKNIFTY26AUG52700PE,30.25,31.65,26.60,30.90,31.55,37.20,57264.85,30.90,9090,420,330,522021894.00,280,F1,30,,,,,
2026-07-31,2026-07-31,FO,NSE,IDO,58813,,BANKNIFTY,,2026-08-25,2026-08-25,49000.00,PE,BANKNIFTY26AUG49000PE,9.00,10.85,8.00,9.50,9.00,10.05,57264.85,9.50,62220,4950,1828,2687685094.50,1103,F1,30,,,,,
2026-07-31,2026-07-31,FO,NSE,IDO,58719,,BANKNIFTY,,2026-08-25,2026-08-25,46500.00,PE,BANKNIFTY26AUG46500PE,5.55,5.85,4.25,4.65,4.55,5.90,57264.85,4.65,2730,180,209,291585336.00,152,F1,30,,,,,
2026-07-31,2026-07-31,FO,NSE,IDO,70804,,BANKNIFTY,,2027-06-29,2027-06-29,66000.00,CE,BANKNIFTY27JUN66000CE,0.00,0.00,0.00,3102.40,0.00,3102.40,57264.85,2676.60,0,0,0,0.00,0,F1,30,,,,,
2026-07-31,2026-07-31,FO,NSE,IDO,53226,,BANKNIFTY,,2026-12-29,2026-12-29,55500.00,CE,BANKNIFTY26DEC55500CE,0.00,0.00,0.00,7987.45,0.00,7987.45,57264.85,4877.40,0,0,0,0.00,0,F1,30,,,,,
2026-07-31,2026-07-31,FO,NSE,IDO,49615,,BANKNIFTY,,2026-10-27,2026-10-27,61800.00,CE,BANKNIFTY26OCT61800CE,0.00,0.00,0.00,924.50,0.00,924.50,57264.85,1029.40,0,0,0,0.00,0,F1,30,,,,,
2026-07-31,2026-07-31,FO,NSE,IDO,49577,,BANKNIFTY,,2026-10-27,2026-10-27,60200.00,CE,BANKNIFTY26OCT60200CE,0.00,0.00,0.00,1355.75,0.00,1355.75,57264.85,1508.55,0,0,0,0.00,0,F1,30,,,,,
2026-07-31,2026-07-31,FO,NSE,IDO,49565,,BANKNIFTY,,2026-10-27,2026-10-27,59700.00,CE,BANKNIFTY26OCT59700CE,0.00,0.00,0.00,1519.80,0.00,1519.80,57264.85,1688.45,0,0,0,0.00,0,F1,30,,,,,
2026-07-31,2026-07-31,FO,NSE,IDO,49517,,BANKNIFTY,,2026-10-27,2026-10-27,57900.00,CE,BANKNIFTY26OCT57900CE,0.00,0.00,0.00,2234.80,0.00,2234.80,57264.85,2466.80,0,0,0,0.00,0,F1,30,,,,,
2026-07-31,2026-07-31,FO,NSE,IDO,49477,,BANKNIFTY,,2026-10-27,2026-10-27,56400.00,CE,BANKNIFTY26OCT56400CE,0.00,0.00,0.00,2989.40,0.00,2989.40,57264.85,3278.95,0,0,0,0.00,0,F1,30,,,,,
2026-07-31,2026-07-31,FO,NSE,IDO,49469,,BANKNIFTY,,2026-10-27,2026-10-27,56100.00,CE,BANKNIFTY26OCT56100CE,0.00,0.00,0.00,3158.05,0.00,3158.05,57264.85,3459.30,0,0,0,0.00,0,F1,30,,,,,
2026-07-31,2026-07-31,FO,NSE,IDO,49431,,BANKNIFTY,,2026-10-27,2026-10-27,54700.00,CE,BANKNIFTY26OCT54700CE,0.00,0.00,0.00,4022.45,0.00,4022.45,57264.85,4377.45,0,0,0,0.00,0,F1,30,,,,,
2026-07-31,2026-07-31,FO,NSE,IDO,49425,,BANKNIFTY,,2026-10-27,2026-10-27,54500.00,CE,BANKNIFTY26OCT54500CE,0.00,0.00,0.00,4156.10,0.00,4156.10,57264.85,4521.15,0,0,0,0.00,0,F1,30,,,,,
2026-07-31,2026-07-31,FO,NSE,IDO,49375,,BANKNIFTY,,2026-10-27,2026-10-27,52400.00,CE,BANKNIFTY26OCT52400CE,0.00,0.00,0.00,5701.60,0.00,5701.60,57264.85,6135.35,0,0,0,0.00,0,F1,30,,,,,
2026-07-31,2026-07-31,FO,NSE,IDO,49363,,BANKNIFTY,,2026-10-27,2026-10-27,51800.00,CE,BANKNIFTY26OCT51800CE,0.00,0.00,0.00,6185.60,0.00,6185.60,57264.85,6636.65,0,0,0,0.00,0,F1,30,,,,,
2026-07-31,2026-07-31,FO,NSE,IDO,70246,,BANKNIFTY,,2026-09-29,2026-09-29,65500.00,CE,BANKNIFTY26SEP65500CE,0.00,0.00,0.00,462.70,0.00,462.70,57264.85,162.55,0,0,0,0.00,0,F1,30,,,,,
2026-07-31,2026-07-31,FO,NSE,IDO,70078,,BANKNIFTY,,2026-09-29,2026-09-29,62100.00,CE,BANKNIFTY26SEP62100CE,0.00,0.00,0.00,1102.75,0.00,1102.75,57264.85,566.20,0,0,0,0.00,0,F1,30,,,,,
2026-07-31,2026-07-31,FO,NSE,IDO,70017,,BANKNIFTY,,2026-09-29,2026-09-29,60400.00,CE,BANKNIFTY26SEP60400CE,0.00,0.00,0.00,1622.05,0.00,1622.05,57264.85,967.75,0,0,0,0.00,0,F1,30,,,,,
2026-07-31,2026-07-31,FO,NSE,IDO,69845,,BANKNIFTY,,2026-09-29,2026-09-29,58200.00,CE,BANKNIFTY26SEP58200CE,1023.00,1029.00,981.00,981.00,981.00,838.00,57264.85,981.00,3900,30,4,7105680.00,3,F1,30,,,,,
2026-07-31,2026-07-31,FO,NSE,IDO,69793,,BANKNIFTY,,2026-09-29,2026-09-29,56100.00,CE,BANKNIFTY26SEP56100CE,0.00,0.00,0.00,3705.95,0.00,3705.95,57264.85,2910.15,0,0,0,0.00,0,F1,30,,,,,
2026-07-31,2026-07-31,FO,NSE,IDO,69785,,BANKNIFTY,,2026-09-29,2026-09-29,55900.00,CE,BANKNIFTY26SEP55900CE,0.00,0.00,0.00,3831.40,0.00,3831.40,57264.85,3036.35,0,0,0,0.00,0,F1,30,,,,,
2026-07-31,2026-07-31,FO,NSE,IDO,52297,,BANKNIFTY,,2026-09-29,2026-09-29,55500.00,CE,BANKNIFTY26SEP55500CE,2752.50,2827.20,2675.90,2694.40,2675.90,2614.25,57264.85,2694.40,9330,-2370,93,162508560.00,93,F1,30,,,,,
2026-07-31,2026-07-31,FO,NSE,IDO,69704,,BANKNIFTY,,2026-09-29,2026-09-29,54100.00,CE,BANKNIFTY26SEP54100CE,0.00,0.00,0.00,5069.65,0.00,5069.65,57264.85,4307.90,0,0,0,0.00,0,F1,30,,,,,
2026-07-31,2026-07-31,FO,NSE,IDO,69694,,BANKNIFTY,,2026-09-29,2026-09-29,53500.00,CE,BANKNIFTY26SEP53500CE,0.00,0.00,0.00,5522.80,0.00,5522.80,57264.85,4780.50,0,0,0,0.00,0,F1,30,,,,,
2026-07-31,2026-07-31,FO,NSE,IDO,69656,,BANKNIFTY,,2026-09-29,2026-09-29,51500.00,CE,BANKNIFTY26SEP51500CE,0.00,0.00,0.00,7157.85,0.00,7157.85,57264.85,6494.80,0,0,0,0.00,0,F1,30,,,,,
2026-07-31,2026-07-31,FO,NSE,IDO,69564,,BANKNIFTY,,2026-09-29,2026-09-29,50000.00,CE,BANKNIFTY26SEP50000CE,7700.00,7800.00,7700.00,7800.00,7800.00,7200.00,57264.85,7881.95,1080,120,4,6933000.00,4,F1,30,,,,,
2026-07-31,2026-07-31,FO,NSE,IDO,59312,,BANKNIFTY,,2026-08-25,2026-08-25,63800.00,CE,BANKNIFTY26AUG63800CE,0.00,0.00,0.00,324.25,0.00,324.25,57264.85,35.25,0,0,0,0.00,0,F1,30,,,,,
2026-07-31,2026-07-31,FO,NSE,IDO,59230,,BANKNIFTY,,2026-08-25,2026-08-25,61300.00,CE,BANKNIFTY26AUG61300CE,0.00,0.00,0.00,658.70,0.00,658.70,57264.85,189.65,0,0,0,0.00,0,F1,30,,,,,
2026-07-31,2026-07-31,FO,NSE,IDO,59165,,BANKNIFTY,,2026-08-25,2026-08-25,59900.00,CE,BANKNIFTY26AUG59900CE,93.60,102.80,71.45,73.85,73.00,83.75,57264.85,73.85,23340,-7320,3358,6042353919.00,1731,F1,30,,,,,
2026-07-31,2026-07-31,FO,NSE,IDO,59163,,BANKNIFTY,,2026-08-25,2026-08-25,59800.00,CE,BANKNIFTY26AUG59800CE,104.00,113.75,77.70,81.05,81.75,93.50,57264.85,81.05,91740,8430,4739,8514289450.50,2303,F1,30,,,,,
2026-07-31,2026-07-31,FO,NSE,IDO,59124,,BANKNIFTY,,2026-08-25,2026-08-25,58400.00,CE,BANKNIFTY26AUG58400CE,389.00,423.85,324.10,334.40,325.65,343.65,57264.85,334.40,52830,4080,6029,10628203797.00,4308,F1,30,,,,,
2026-07-31,2026-07-31,FO,NSE,IDO,59094,,BANKNIFTY,,2026-08-25,2026-08-25,57700.00,CE,BANKNIFTY26AUG57700CE,659.00,721.05,592.50,605.30,603.95,597.95,57264.85,605.30,78060,-1050,10257,17954547015.00,8311,F1,30,,,,,
2026-07-31,2026-07-31,FO,NSE,IDO,59038,,BANKNIFTY,,2026-08-25,2026-08-25,56000.00,CE,BANKNIFTY26AUG56000CE,1721.95,1844.00,1621.45,1693.15,1672.25,1622.85,57264.85,1693.15,155160,-3780,2377,4117578000.00,1535,F1,30,,,,,
2026-07-31,2026-07-31,FO,NSE,IDO,59025,,BANKNIFTY,,2026-08-25,2026-08-25,55800.00,CE,BANKNIFTY26AUG55800CE,1961.20,1967.00,1820.80,1928.00,1928.00,1793.95,57264.85,2254.15,930,-240,26,45008952.00,19,F1,30,,,,,
2026-07-31,2026-07-31,FO,NSE,IDO,59012,,BANKNIFTY,,2026-08-25,2026-08-25,55400.00,CE,BANKNIFTY26AUG55400CE,2233.00,2316.15,2191.90,2315.80,2315.80,2097.35,57264.85,2545.00,420,-60,8,13842304.50,8,F1,30,,,,,
2026-07-31,2026-07-31,FO,NSE,IDO,59008,,BANKNIFTY,,2026-08-25,2026-08-25,55200.00,CE,BANKNIFTY26AUG55200CE,0.00,0.00,0.00,2210.00,2210.00,2210.00,57264.85,2693.30,360,0,0,0.00,0,F1,30,,,,,
2026-07-31,2026-07-31,FO,NSE,IDO,58994,,BANKNIFTY,,2026-08-25,2026-08-25,54600.00,CE,BANKNIFTY26AUG54600CE,0.00,0.00,0.00,2600.00,2600.00,2600.00,57264.85,3168.45,90,0,0,0.00,0,F1,30,,,,,
2026-07-31,2026-07-31,FO,NSE,IDO,58882,,BANKNIFTY,,2026-08-25,2026-08-25,51200.00,CE,BANKNIFTY26AUG51200CE,0.00,0.00,0.00,5290.25,0.00,5290.25,57264.85,6295.20,0,0,0,0.00,0,F1,30,,,,,
2026-07-31,2026-07-31,FO,NSE,IDO,58880,,BANKNIFTY,,2026-08-25,2026-08-25,51100.00,CE,BANKNIFTY26AUG51100CE,6201.00,6201.00,6201.00,6201.00,6201.00,5701.00,57264.85,6393.10,60,30,1,1719030.00,1,F1,30,,,,,
2026-07-31,2026-07-31,FO,NSE,IDO,58878,,BANKNIFTY,,2026-08-25,2026-08-25,51000.00,CE,BANKNIFTY26AUG51000CE,0.00,0.00,0.00,6236.95,6250.00,6236.95,57264.85,6491.20,8490,0,0,0.00,0,F1,30,,,,,
2026-07-31,2026-07-31,FO,NSE,IDO,58870,,BANKNIFTY,,2026-08-25,2026-08-25,50600.00,CE,BANKNIFTY26AUG50600CE,0.00,0.00,0.00,5761.40,0.00,5761.40,57264.85,6884.65,0,0,0,0.00,0,F1,30,,,,,
2026-07-31,2026-07-31,FO,NSE,IDO,58864,,BANKNIFTY,,2026-08-25,2026-08-25,50400.00,CE,BANKNIFTY26AUG50400CE,0.00,0.00,0.00,5922.40,0.00,5922.40,57264.85,7082.00,0,0,0,0.00,0,F1,30,,,,,
2026-07-31,2026-07-31,FO,NSE,IDO,58838,,BANKNIFTY,,2026-08-25,2026-08-25,49400.00,CE,BANKNIFTY26AUG49400CE,0.00,0.00,0.00,6755.05,0.00,6755.05,57264.85,8072.75,0,0,0,0.00,0,F1,30,,,,,
2026-07-31,2026-07-31,FO,NSE,IDO,58778,,BANKNIFTY,,2026-08-25,2026-08-25,48500.00,CE,BANKNIFTY26AUG48500CE,0.00,0.00,0.00,7539.00,0.00,7539.00,57264.85,8967.45,0,0,0,0.00,0,F1,30,,,,,
2026-07-31,2026-07-31,FO,NSE,IDO,59227,,BANKNIFTY,,2026-08-25,2026-08-25,61100.00,PE,BANKNIFTY26AUG61100PE,0.00,0.00,0.00,2857.65,2857.65,2857.65,57264.85,3794.45,60,0,0,0.00,0,F1,30,,,,,
2026-07-31,2026-07-31,FO,NSE,IDO,59245,,BANKNIFTY,,2026-08-25,2026-08-25,61500.00,PE,BANKNIFTY26AUG61500PE,0.00,0.00,0.00,4530.00,4530.00,4530.00,57264.85,4147.10,10080,0,0,0.00,0,F1,30,,,,,
2026-07-31,2026-07-31,FO,NSE,IDO,59281,,BANKNIFTY,,2026-08-25,2026-08-25,62800.00,PE,BANKNIFTY26AUG62800PE,0.00,0.00,0.00,7213.70,0.00,7213.70,57264.85,5345.90,0,0,0,0.00,0,F1,30,,,,,
2026-07-31,2026-07-31,FO,NSE,IDO,59297,,BANKNIFTY,,2026-08-25,2026-08-25,63300.00,PE,BANKNIFTY26AUG63300PE,0.00,0.00,0.00,7647.80,0.00,7647.80,57264.85,5822.45,0,0,0,0.00,0,F1,30,,,,,
2026-07-31,2026-07-31,FO,NSE,IDO,52273,,BANKNIFTY,,2026-09-29,2026-09-29,48000.00,PE,BANKNIFTY26SEP48000PE,34.15,35.00,28.50,30.90,31.20,36.45,57264.85,30.90,27150,2430,255,367433149.50,97,F1,30,,,,,
2026-07-31,2026-07-31,FO,NSE,IDO,69565,,BANKNIFTY,,2026-09-29,2026-09-29,50000.00,PE,BANKNIFTY26SEP50000PE,49.30,50.10,41.20,46.45,45.80,49.95,57264.85,46.45,13140,4710,301,451900602.00,137,F1,30,,,,,
2026-07-31,2026-07-31,FO,NSE,IDO,69667,,BANKNIFTY,,2026-09-29,2026-09-29,52000.00,PE,BANKNIFTY26SEP52000PE,95.00,99.75,80.70,89.75,93.05,106.80,57264.85,89.75,22920,-510,753,1176693825.00,424,F1,30,,,,,
2026-07-31,2026-07-31,FO,NSE,IDO,69673,,BANKNIFTY,,2026-09-29,2026-09-29,52300.00,PE,BANKNIFTY26SEP52300PE,0.00,0.00,0.00,437.60,0.00,437.60,57264.85,254.00,0,0,0,0.00,0,F1,30,,,,,
2026-07-31,2026-07-31,FO,NSE,IDO,69681,,BANKNIFTY,,2026-09-29,2026-09-29,52800.00,PE,BANKNIFTY26SEP52800PE,0.00,0.00,0.00,521.75,0.00,521.75,57264.85,320.35,0,0,0,0.00,0,F1,30,,,,,
2026-07-31,2026-07-31,FO,NSE,IDO,69693,,BANKNIFTY,,2026-09-29,2026-09-29,53400.00,PE,BANKNIFTY26SEP53400PE,0.00,0.00,0.00,638.15,0.00,638.15,57264.85,416.85,0,0,0,0.00,0,F1,30,,,,,
2026-07-31,2026-07-31,FO,NSE,IDO,52335,,BANKNIFTY,,2026-09-29,2026-09-29,57000.00,PE,BANKNIFTY26SEP57000PE,899.35,900.00,800.00,840.25,843.25,937.45,57264.85,840.25,128280,750,1924,3337990827.00,946,F1,30,,,,,
2026-07-31,2026-07-31,FO,NSE,IDO,69821,,BANKNIFTY,,2026-09-29,2026-09-29,57400.00,PE,BANKNIFTY26SEP57400PE,1000.00,1070.45,983.25,1019.90,1019.90,1131.00,57264.85,1680.05,2040,240,11,19274488.50,7,F1,30,,,,,
2026-07-31,2026-07-31,FO,NSE,IDO,69916,,BANKNIFTY,,2026-09-29,2026-09-29,59300.00,PE,BANKNIFTY26SEP59300PE,0.00,0.00,0.00,2892.60,0.00,2892.60,57264.85,2719.75,0,0,0,0.00,0,F1,30,,,,,
2026-07-31,2026-07-31,FO,NSE,IDO,69945,,BANKNIFTY,,2026-09-29,2026-09-29,59500.00,PE,BANKNIFTY26SEP59500PE,0.00,0.00,0.00,2707.60,2707.60,2707.60,57264.85,2845.55,420,0,0,0.00,0,F1,30,,,,,
2026-07-31,2026-07-31,FO,NSE,IDO,70034,,BANKNIFTY,,2026-09-29,2026-09-29,61200.00,PE,BANKNIFTY26SEP61200PE,0.00,0.00,0.00,4076.75,0.00,4076.75,57264.85,4030.45,0,0,0,0.00,0,F1,30,,,,,
2026-07-31,2026-07-31,FO,NSE,IDO,70090,,BANKNIFTY,,2026-09-29,2026-09-29,62600.00,PE,BANKNIFTY26SEP62600PE,0.00,0.00,0.00,5077.95,0.00,5077.95,57264.85,5133.75,0,0,0,0.00,0,F1,30,,,,,
2026-07-31,2026-07-31,FO,NSE,IDO,70094,,BANKNIFTY,,2026-09-29,2026-09-29,62800.00,PE,BANKNIFTY26SEP62800PE,0.00,0.00,0.00,5228.65,0.00,5228.65,57264.85,5299.70,0,0,0,0.00,0,F1,30,,,,,
2026-07-31,2026-07-31,FO,NSE,IDO,52405,,BANKNIFTY,,2026-09-29,2026-09-29,63000.00,PE,BANKNIFTY26SEP63000PE,0.00,0.00,0.00,4310.00,4310.00,4310.00,57264.85,5467.45,90,0,0,0.00,0,F1,30,,,,,
2026-07-31,2026-07-31,FO,NSE,IDO,70108,,BANKNIFTY,,2026-09-29,2026-09-29,63600.00,PE,BANKNIFTY26SEP63600PE,0.00,0.00,0.00,5845.90,0.00,5845.90,57264.85,5980.65,0,0,0,0.00,0,F1,30,,,,,
2026-07-31,2026-07-31,FO,NSE,IDO,70247,,BANKNIFTY,,2026-09-29,2026-09-29,65500.00,PE,BANKNIFTY26SEP65500PE,0.00,0.00,0.00,7415.10,0.00,7415.10,57264.85,7686.65,0,0,0,0.00,0,F1,30,,,,,
2026-07-31,2026-07-31,FO,NSE,IDO,49366,,BANKNIFTY,,2026-10-27,2026-10-27,51900.00,PE,BANKNIFTY26OCT51900PE,0.00,0.00,0.00,468.65,0.00,468.65,57264.85,362.95,0,0,0,0.00,0,F1,30,,,,,
2026-07-31,2026-07-31,FO,NSE,IDO,49390,,BANKNIFTY,,2026-10-27,2026-10-27,53100.00,PE,BANKNIFTY26OCT53100PE,0.00,0.00,0.00,706.45,0.00,706.45,57264.85,563.10,0,0,0,0.00,0,F1,30,,,,,
2026-07-31,2026-07-31,FO,NSE,IDO,49406,,BANKNIFTY,,2026-10-27,2026-10-27,53600.00,PE,BANKNIFTY26OCT53600PE,0.00,0.00,0.00,829.85,0.00,829.85,57264.85,667.25,0,0,0,0.00,0,F1,30,,,,,
2026-07-31,2026-07-31,FO,NSE,IDO,49424,,BANKNIFTY,,2026-10-27,2026-10-27,54400.00,PE,BANKNIFTY26OCT54400PE,0.00,0.00,0.00,1051.20,0.00,1051.20,57264.85,863.95,0,0,0,0.00,0,F1,30,,,,,
2026-07-31,2026-07-31,FO,NSE,IDO,49447,,BANKNIFTY,,2026-10-27,2026-10-27,55200.00,PE,BANKNIFTY26OCT55200PE,0.00,0.00,0.00,1314.65,0.00,1314.65,57264.85,1093.85,0,0,0,0.00,0,F1,30,,,,,
2026-07-31,2026-07-31,FO,NSE,IDO,49580,,BANKNIFTY,,2026-10-27,2026-10-27,60300.00,PE,BANKNIFTY26OCT60300PE,0.00,0.00,0.00,3963.40,0.00,3963.40,57264.85,3551.85,0,0,0,0.00,0,F1,30,,,,,
2026-07-31,2026-07-31,FO,NSE,IDO,69811,,BANKNIFTY,,2026-09-29,2026-09-29,56900.00,CE,BANKNIFTY26SEP56900CE,1762.75,1762.75,1762.75,1762.75,1762.75,1631.10,57264.85,2437.25,1380,-60,2,3519765.00,2,F1,30,,,,,
2026-07-31,2026-07-31,FO,NSE,IDO,69700,,BANKNIFTY,,2026-09-29,2026-09-29,53800.00,CE,BANKNIFTY26SEP53800CE,0.00,0.00,0.00,5293.85,0.00,5293.85,57264.85,4541.45,0,0,0,0.00,0,F1,30,,,,,
2026-07-31,2026-07-31,FO,NSE,IDO,69696,,BANKNIFTY,,2026-09-29,2026-09-29,53600.00,CE,BANKNIFTY26SEP53600CE,0.00,0.00,0.00,5446.00,0.00,5446.00,57264.85,4700.20,0,0,0,0.00,0,F1,30,,,,,
2026-07-31,2026-07-31,FO,NSE,IDO,69688,,BANKNIFTY,,2026-09-29,2026-09-29,53200.00,CE,BANKNIFTY26SEP53200CE,0.00,0.00,0.00,5756.35,0.00,5756.35,57264.85,5024.85,0,0,0,0.00,0,F1,30,,,,,
2026-07-31,2026-07-31,FO,NSE,IDO,69686,,BANKNIFTY,,2026-09-29,2026-09-29,53100.00,CE,BANKNIFTY26SEP53100CE,0.00,0.00,0.00,5835.15,0.00,5835.15,57264.85,5107.45,0,0,0,0.00,0,F1,30,,,,,
2026-07-31,2026-07-31,FO,NSE,IDO,52268,,BANKNIFTY,,2026-09-29,2026-09-29,45000.00,CE,BANKNIFTY26SEP45000CE,0.00,0.00,0.00,12567.35,0.00,12567.35,57264.85,12755.05,0,0,0,0.00,0,F1,30,,,,,
2026-07-31,2026-07-31,FO,NSE,IDO,59340,,BANKNIFTY,,2026-08-25,2026-08-25,65000.00,CE,BANKNIFTY26AUG65000CE,5.95,6.40,5.00,5.15,5.25,5.90,57264.85,5.15,213990,19650,4402,8584613283.00,2435,F1,30,,,,,
2026-07-31,2026-07-31,FO,NSE,IDO,59171,,BANKNIFTY,,2026-08-25,2026-08-25,60100.00,PE,BANKNIFTY26AUG60100PE,2632.00,2632.00,2632.00,2632.00,2632.00,3042.60,57264.85,2959.45,210,30,1,1881960.00,1,F1,30,,,,,
2026-07-31,2026-07-31,FO,NSE,IDO,59164,,BANKNIFTY,,2026-08-25,2026-08-25,59800.00,PE,BANKNIFTY26AUG59800PE,2412.55,2412.55,2412.55,2412.55,2412.55,2889.30,57264.85,2724.50,390,-30,1,1866376.50,1,F1,30,,,,,
2026-07-31,2026-07-31,FO,NSE,IDO,59154,,BANKNIFTY,,2026-08-25,2026-08-25,59400.00,PE,BANKNIFTY26AUG59400PE,0.00,0.00,0.00,2218.00,2218.00,2218.00,57264.85,2423.75,4950,0,0,0.00,0,F1,30,,,,,
2026-07-31,2026-07-31,FO,NSE,IDO,49441,,BANKNIFTY,,2026-10-27,2026-10-27,55000.00,CE,BANKNIFTY26OCT55000CE,0.00,0.00,0.00,3826.70,0.00,3826.70,57264.85,4170.35,0,0,0,0.00,0,F1,30,,,,,
2026-07-31,2026-07-31,FO,NSE,IDO,49389,,BANKNIFTY,,2026-10-27,2026-10-27,53100.00,CE,BANKNIFTY26OCT53100CE,0.00,0.00,0.00,5159.60,0.00,5159.60,57264.85,5571.25,0,0,0,0.00,0,F1,30,,,,,
2026-07-31,2026-07-31,FO,NSE,IDO,49379,,BANKNIFTY,,2026-10-27,2026-10-27,52600.00,CE,BANKNIFTY26OCT52600CE,0.00,0.00,0.00,5544.15,0.00,5544.15,57264.85,5971.80,0,0,0,0.00,0,F1,30,,,,,
2026-07-31,2026-07-31,FO,NSE,IDO,49367,,BANKNIFTY,,2026-10-27,2026-10-27,52000.00,CE,BANKNIFTY26OCT52000CE,6100.00,6100.00,6100.00,6100.00,6100.00,6022.40,57264.85,6467.85,30,30,1,1743000.00,1,F1,30,,,,,
2026-07-31,2026-07-31,FO,NSE,IDO,49365,,BANKNIFTY,,2026-10-27,2026-10-27,51900.00,CE,BANKNIFTY26OCT51900CE,0.00,0.00,0.00,6103.80,0.00,6103.80,57264.85,6552.05,0,0,0,0.00,0,F1,30,,,,,
2026-07-31,2026-07-31,FO,NSE,IDO,52426,,BANKNIFTY,,2026-09-29,2026-09-29,67500.00,CE,BANKNIFTY26SEP67500CE,0.00,0.00,0.00,1102.10,0.00,1102.10,57264.85,70.20,0,0,0,0.00,0,F1,30,,,,,
2026-07-31,2026-07-31,FO,NSE,IDO,70097,,BANKNIFTY,,2026-09-29,2026-09-29,63100.00,CE,BANKNIFTY26SEP63100CE,0.00,0.00,0.00,866.35,0.00,866.35,57264.85,401.80,0,0,0,0.00,0,F1,30,,,,,
2026-07-31,2026-07-31,FO,NSE,IDO,70019,,BANKNIFTY,,2026-09-29,2026-09-29,60500.00,CE,BANKNIFTY26SEP60500CE,322.05,322.05,254.30,261.45,259.40,277.55,57264.85,261.45,17280,1680,355,647274648.00,222,F1,30,,,,,
2026-07-31,2026-07-31,FO,NSE,IDO,69897,,BANKNIFTY,,2026-09-29,2026-09-29,59100.00,CE,BANKNIFTY26SEP59100CE,0.00,0.00,0.00,2129.85,0.00,2129.85,57264.85,1403.40,0,0,0,0.00,0,F1,30,,,,,
2026-07-31,2026-07-31,FO,NSE,IDO,69777,,BANKNIFTY,,2026-09-29,2026-09-29,55400.00,CE,BANKNIFTY26SEP55400CE,0.00,0.00,0.00,4155.75,0.00,4155.75,57264.85,3365.45,0,0,0,0.00,0,F1,30,,,,,
2026-07-31,2026-07-31,FO,NSE,IDO,69773,,BANKNIFTY,,2026-09-29,2026-09-29,55200.00,CE,BANKNIFTY26SEP55200CE,0.00,0.00,0.00,4289.75,0.00,4289.75,57264.85,3502.40,0,0,0,0.00,0,F1,30,,,,,
2026-07-31,2026-07-31,FO,NSE,IDO,69668,,BANKNIFTY,,2026-09-29,2026-09-29,52100.00,CE,BANKNIFTY26SEP52100CE,0.00,0.00,0.00,6649.05,0.00,6649.05,57264.85,5961.15,0,0,0,0.00,0,F1,30,,,,,
2026-07-31,2026-07-31,FO,NSE,IDO,59350,,BANKNIFTY,,2026-08-25,2026-08-25,65500.00,CE,BANKNIFTY26AUG65500CE,5.00,5.50,4.20,4.55,4.55,5.00,57264.85,4.55,6540,420,1127,2214713722.50,679,F1,30,,,,,
2026-07-31,2026-07-31,FO,NSE,IDO,59321,,BANKNIFTY,,2026-08-25,2026-08-25,64200.00,CE,BANKNIFTY26AUG64200CE,7.00,7.00,5.70,6.10,6.10,8.45,57264.85,6.10,270,-420,20,38523612.00,8,F1,30,,,,,
2026-07-31,2026-07-31,FO,NSE,IDO,59274,,BANKNIFTY,,2026-08-25,2026-08-25,62700.00,CE,BANKNIFTY26AUG62700CE,0.00,0.00,0.00,447.00,0.00,447.00,57264.85,77.25,0,0,0,0.00,0,F1,30,,,,,
2026-07-31,2026-07-31,FO,NSE,IDO,59272,,BANKNIFTY,,2026-08-25,2026-08-25,62600.00,CE,BANKNIFTY26AUG62600CE,0.00,0.00,0.00,459.90,0.00,459.90,57264.85,82.70,0,0,0,0.00,0,F1,30,,,,,
2026-07-31,2026-07-31,FO,NSE,IDO,59250,,BANKNIFTY,,2026-08-25,2026-08-25,61800.00,CE,BANKNIFTY26AUG61800CE,0.00,0.00,0.00,575.10,0.00,575.10,57264.85,139.40,0,0,0,0.00,0,F1,30,,,,,
2026-07-31,2026-07-31,FO,NSE,IDO,59204,,BANKNIFTY,,2026-08-25,2026-08-25,60600.00,CE,BANKNIFTY26AUG60600CE,0.00,0.00,0.00,136.20,136.20,136.20,57264.85,284.85,30,0,0,0.00,0,F1,30,,,,,
2026-07-31,2026-07-31,FO,NSE,IDO,59202,,BANKNIFTY,,2026-08-25,2026-08-25,60500.00,CE,BANKNIFTY26AUG60500CE,49.05,56.55,37.15,38.40,39.10,46.65,57264.85,38.40,241350,9450,17013,30900597952.50,8882,F1,30,,,,,
2026-07-31,2026-07-31,FO,NSE,IDO,59086,,BANKNIFTY,,2026-08-25,2026-08-25,57300.00,CE,BANKNIFTY26AUG57300CE,856.80,944.65,794.00,812.55,795.00,794.00,57264.85,812.55,251010,46890,58570,102186929191.50,42888,F1,30,,,,,
2026-07-31,2026-07-31,FO,NSE,IDO,59061,,BANKNIFTY,,2026-08-25,2026-08-25,56800.00,CE,BANKNIFTY26AUG56800CE,1150.00,1258.00,1091.25,1112.90,1095.20,1074.60,57264.85,1112.90,76770,-11220,3060,5321311045.50,2291,F1,30,,,,,
2026-07-31,2026-07-31,FO,NSE,IDO,59059,,BANKNIFTY,,2026-08-25,2026-08-25,56700.00,CE,BANKNIFTY26AUG56700CE,1275.95,1323.95,1160.00,1176.00,1160.00,1136.10,57264.85,1176.00,34080,-2430,1407,2445392335.50,1091,F1,30,,,,,
2026-07-31,2026-07-31,FO,NSE,IDO,59057,,BANKNIFTY,,2026-08-25,2026-08-25,56600.00,CE,BANKNIFTY26AUG56600CE,1275.75,1391.45,1225.00,1243.25,1225.00,1205.50,57264.85,1243.25,12930,-960,663,1151495581.50,368,F1,30,,,,,
2026-07-31,2026-07-31,FO,NSE,IDO,59006,,BANKNIFTY,,2026-08-25,2026-08-25,55100.00,CE,BANKNIFTY26AUG55100CE,0.00,0.00,0.00,2145.30,2145.30,2145.30,57264.85,2770.05,270,0,0,0.00,0,F1,30,,,,,
2026-07-31,2026-07-31,FO,NSE,IDO,59002,,BANKNIFTY,,2026-08-25,2026-08-25,54900.00,CE,BANKNIFTY26AUG54900CE,0.00,0.00,0.00,2851.80,0.00,2851.80,57264.85,2926.60,0,0,0,0.00,0,F1,30,,,,,
2026-07-31,2026-07-31,FO,NSE,IDO,58980,,BANKNIFTY,,2026-08-25,2026-08-25,54100.00,CE,BANKNIFTY26AUG54100CE,0.00,0.00,0.00,3304.80,0.00,3304.80,57264.85,3588.50,0,0,0,0.00,0,F1,30,,,,,
2026-07-31,2026-07-31,FO,NSE,IDO,58924,,BANKNIFTY,,2026-08-25,2026-08-25,52200.00,CE,BANKNIFTY26AUG52200CE,0.00,0.00,0.00,4900.00,4900.00,4900.00,57264.85,5326.75,30,0,0,0.00,0,F1,30,,,,,
2026-07-31,2026-07-31,FO,NSE,IDO,58906,,BANKNIFTY,,2026-08-25,2026-08-25,51500.00,CE,BANKNIFTY26AUG51500CE,5875.00,5875.00,5875.00,5875.00,5875.00,5803.60,57264.85,6002.45,360,0,1,1721250.00,1,F1,30,,,,,
2026-07-31,2026-07-31,FO,NSE,IDO,58872,,BANKNIFTY,,2026-08-25,2026-08-25,50700.00,CE,BANKNIFTY26AUG50700CE,0.00,0.00,0.00,5681.60,0.00,5681.60,57264.85,6786.10,0,0,0,0.00,0,F1,30,,,,,
2026-07-31,2026-07-31,FO,NSE,IDO,58814,,BANKNIFTY,,2026-08-25,2026-08-25,49100.00,CE,BANKNIFTY26AUG49100CE,0.00,0.00,0.00,7013.00,0.00,7013.00,57264.85,8370.75,0,0,0,0.00,0,F1,30,,,,,
2026-07-31,2026-07-31,FO,NSE,IDO,58808,,BANKNIFTY,,2026-08-25,2026-08-25,48800.00,CE,BANKNIFTY26AUG48800CE,0.00,0.00,0.00,7274.40,0.00,7274.40,57264.85,8669.00,0,0,0,0.00,0,F1,30,,,,,
2026-07-31,2026-07-31,FO,NSE,IDO,58754,,BANKNIFTY,,2026-08-25,2026-08-25,47500.00,CE,BANKNIFTY26AUG47500CE,0.00,0.00,0.00,9750.85,9750.85,9750.85,57264.85,9962.75,120,0,0,0.00,0,F1,30,,,,,
2026-07-31,2026-07-31,FO,NSE,IDO,53240,,BANKNIFTY,,2026-12-29,2026-12-29,60000.00,CE,BANKNIFTY26DEC60000CE,1496.20,1528.75,1422.65,1432.60,1422.65,1422.75,57264.85,1432.60,20010,600,92,169674252.00,73,F1,30,,,,,
2026-07-31,2026-07-31,FO,NSE,IDO,53248,,BANKNIFTY,,2026-12-29,2026-12-29,64500.00,CE,BANKNIFTY26DEC64500CE,0.00,0.00,0.00,3029.80,0.00,3029.80,57264.85,1174.20,0,0,0,0.00,0,F1,30,,,,,
2026-07-31,2026-07-31,FO,NSE,IDO,76400,,BANKNIFTY,,2027-03-30,2027-03-30,58500.00,CE,BANKNIFTY27MAR58500CE,0.00,0.00,0.00,2367.80,0.00,2367.80,57264.85,4490.35,0,0,0,0.00,0,F1,30,,,,,
2026-07-31,2026-07-31,FO,NSE,IDO,76419,,BANKNIFTY,,2027-03-30,2027-03-30,61500.00,CE,BANKNIFTY27MAR61500CE,0.00,0.00,0.00,1629.75,0.00,1629.75,57264.85,3168.05,0,0,0,0.00,0,F1,30,,,,,
2026-07-31,2026-07-31,FO,NSE,IDO,58755,,BANKNIFTY,,2026-08-25,2026-08-25,47500.00,PE,BANKNIFTY26AUG47500PE,7.65,8.50,6.00,6.50,6.00,7.55,57264.85,6.50,2640,450,112,159623458.50,80,F1,30,,,,,
2026-07-31,2026-07-31,FO,NSE,IDO,58809,,BANKNIFTY,,2026-08-25,2026-08-25,48800.00,PE,BANKNIFTY26AUG48800PE,10.10,10.10,9.50,9.50,9.50,10.45,57264.85,1.05,1230,0,4,5857194.00,4,F1,30,,,,,
2026-07-31,2026-07-31,FO,NSE,IDO,58861,,BANKNIFTY,,2026-08-25,2026-08-25,50200.00,PE,BANKNIFTY26AUG50200PE,12.60,13.90,11.30,12.20,12.40,15.40,57264.85,12.20,750,-300,59,88875771.00,27,F1,30,,,,,
2026-07-31,2026-07-31,FO,NSE,IDO,58863,,BANKNIFTY,,2026-08-25,2026-08-25,50300.00,PE,BANKNIFTY26AUG50300PE,13.25,13.25,11.45,12.00,12.00,15.25,57264.85,6.60,420,-90,12,18112479.00,7,F1,30,,,,,
2026-07-31,2026-07-31,FO,NSE,IDO,58929,,BANKNIFTY,,2026-08-25,2026-08-25,52400.00,PE,BANKNIFTY26AUG52400PE,26.20,29.00,23.40,26.20,27.40,32.45,57264.85,26.20,3720,1350,152,239061295.50,114,F1,30,,,,,
2026-07-31,2026-07-31,FO,NSE,IDO,58949,,BANKNIFTY,,2026-08-25,2026-08-25,53200.00,PE,BANKNIFTY26AUG53200PE,51.90,51.90,33.90,38.80,41.10,51.90,57264.85,38.80,24570,16110,1239,1978857765.00,540,F1,30,,,,,
2026-07-31,2026-07-31,FO,NSE,IDO,58979,,BANKNIFTY,,2026-08-25,2026-08-25,54000.00,PE,BANKNIFTY26AUG54000PE,76.55,80.65,58.35,66.00,68.25,89.80,57264.85,66.00,381600,990,18110,29374548448.50,9520,F1,30,,,,,
2026-07-31,2026-07-31,FO,NSE,IDO,59003,,BANKNIFTY,,2026-08-25,2026-08-25,54900.00,PE,BANKNIFTY26AUG54900PE,163.40,163.40,113.35,132.20,127.05,172.80,57264.85,132.20,19530,-11610,2442,4031517013.50,1118,F1,30,,,,,
2026-07-31,2026-07-31,FO,NSE,IDO,59009,,BANKNIFTY,,2026-08-25,2026-08-25,55200.00,PE,BANKNIFTY26AUG55200PE,178.05,182.25,142.25,159.15,163.60,212.60,57264.85,159.15,32040,3810,1706,2833321567.50,1138,F1,30,,,,,
2026-07-31,2026-07-31,FO,NSE,IDO,59058,,BANKNIFTY,,2026-08-25,2026-08-25,56600.00,PE,BANKNIFTY26AUG56600PE,460.90,488.20,400.60,437.25,440.00,543.00,57264.85,437.25,67530,-19260,5282,9038931366.00,3915,F1,30,,,,,
2026-07-31,2026-07-31,FO,NSE,IDO,59148,,BANKNIFTY,,2026-08-25,2026-08-25,59100.00,PE,BANKNIFTY26AUG59100PE,0.00,0.00,0.00,2020.00,2020.00,2020.00,57264.85,2209.20,1650,0,0,0.00,0,F1,30,,,,,
2026-07-31,2026-07-31,FO,NSE,IDO,59205,,BANKNIFTY,,2026-08-25,2026-08-25,60600.00,PE,BANKNIFTY26AUG60600PE,0.00,0.00,0.00,3420.45,3420.45,3420.45,57264.85,3367.75,300,0,0,0.00,0,F1,30,,,,,
2026-07-31,2026-07-31,FO,NSE,IDO,59225,,BANKNIFTY,,2026-08-25,2026-08-25,61000.00,PE,BANKNIFTY26AUG61000PE,3475.00,3602.00,3450.00,3596.50,3591.00,3752.30,57264.85,3596.50,68910,90,30,58071898.50,29,F1,30,,,,,
2026-07-31,2026-07-31,FO,NSE,IDO,59279,,BANKNIFTY,,2026-08-25,2026-08-25,62700.00,PE,BANKNIFTY26AUG62700PE,0.00,0.00,0.00,7127.80,0.00,7127.80,57264.85,5251.40,0,0,0,0.00,0,F1,30,,,,,
2026-07-31,2026-07-31,FO,NSE,IDO,59303,,BANKNIFTY,,2026-08-25,2026-08-25,63600.00,PE,BANKNIFTY26AUG63600PE,0.00,0.00,0.00,7911.60,0.00,7911.60,57264.85,6111.30,0,0,0,0.00,0,F1,30,,,,,
2026-07-31,2026-07-31,FO,NSE,IDO,59178,,BANKNIFTY,,2026-08-25,2026-08-25,60200.00,CE,BANKNIFTY26AUG60200CE,0.00,0.00,0.00,880.55,0.00,880.55,57264.85,354.95,0,0,0,0.00,0,F1,30,,,,,
2026-07-31,2026-07-31,FO,NSE,IDO,59151,,BANKNIFTY,,2026-08-25,2026-08-25,59300.00,CE,BANKNIFTY26AUG59300CE,183.00,186.95,131.25,136.85,133.90,150.80,57264.85,136.85,34050,12810,2917,5202572628.00,1969,F1,30,,,,,
2026-07-31,2026-07-31,FO,NSE,IDO,59136,,BANKNIFTY,,2026-08-25,2026-08-25,58700.00,CE,BANKNIFTY26AUG58700CE,274.00,327.95,240.65,249.75,240.65,264.30,57264.85,249.75,35790,-7110,5269,9322724091.00,3540,F1,30,,,,,
2026-07-31,2026-07-31,FO,NSE,IDO,59077,,BANKNIFTY,,2026-08-25,2026-08-25,56900.00,CE,BANKNIFTY26AUG56900CE,1055.00,1326.70,1024.10,1046.20,1024.35,1015.60,57264.85,1046.20,84690,-21750,5336,9285414352.50,3746,F1,30,,,,,
2026-07-31,2026-07-31,FO,NSE,IDO,59022,,BANKNIFTY,,2026-08-25,2026-08-25,55700.00,CE,BANKNIFTY26AUG55700CE,1980.00,2030.00,1927.00,1951.10,1951.10,1849.90,57264.85,1951.10,720,-30,28,48449896.50,23,F1,30,,,,,
2026-07-31,2026-07-31,FO,NSE,IDO,58965,,BANKNIFTY,,2026-08-25,2026-08-25,53700.00,CE,BANKNIFTY26AUG53700CE,0.00,0.00,0.00,3547.15,0.00,3547.15,57264.85,3938.00,0,0,0,0.00,0,F1,30,,,,,
2026-07-31,2026-07-31,FO,NSE,IDO,58958,,BANKNIFTY,,2026-08-25,2026-08-25,53400.00,CE,BANKNIFTY26AUG53400CE,0.00,0.00,0.00,3735.80,0.00,3735.80,57264.85,4206.90,0,0,0,0.00,0,F1,30,,,,,
2026-07-31,2026-07-31,FO,NSE,IDO,58908,,BANKNIFTY,,2026-08-25,2026-08-25,51600.00,CE,BANKNIFTY26AUG51600CE,0.00,0.00,0.00,4986.75,0.00,4986.75,57264.85,5905.25,0,0,0,0.00,0,F1,30,,,,,
2026-07-31,2026-07-31,FO,NSE,IDO,58858,,BANKNIFTY,,2026-08-25,2026-08-25,50100.00,CE,BANKNIFTY26AUG50100CE,0.00,0.00,0.00,6167.55,0.00,6167.55,57264.85,7378.65,0,0,0,0.00,0,F1,30,,,,,
2026-07-31,2026-07-31,FO,NSE,IDF,68390,,BANKNIFTY,,2026-09-29,2026-09-29,,,BANKNIFTY26SEPFUT,57753.80,57950.00,57707.80,57790.40,57792.60,57653.80,57264.85,57790.40,165840,2730,910,1578589878.00,679,F1,30,,,,,
2026-07-31,2026-07-31,FO,NSE,IDO,76390,,BANKNIFTY,,2027-03-30,2027-03-30,51000.00,CE,BANKNIFTY27MAR51000CE,0.00,0.00,0.00,5420.45,0.00,5420.45,57264.85,9286.00,0,0,0,0.00,0,F1,30,,,,,
2026-07-31,2026-07-31,FO,NSE,IDO,76392,,BANKNIFTY,,2027-03-30,2027-03-30,52500.00,CE,BANKNIFTY27MAR52500CE,0.00,0.00,0.00,4655.40,0.00,4655.40,57264.85,8165.45,0,0,0,0.00,0,F1,30,,,,,
2026-07-31,2026-07-31,FO,NSE,IDO,70792,,BANKNIFTY,,2027-06-29,2027-06-29,57000.00,CE,BANKNIFTY27JUN57000CE,0.00,0.00,0.00,6924.35,0.00,6924.35,57264.85,6421.60,0,0,0,0.00,0,F1,30,,,,,
2026-07-31,2026-07-31,FO,NSE,IDO,58815,,BANKNIFTY,,2026-08-25,2026-08-25,49100.00,PE,BANKNIFTY26AUG49100PE,8.65,8.65,8.65,8.65,8.65,10.40,57264.85,1.55,720,-30,1,1473259.50,1,F1,30,,,,,
2026-07-31,2026-07-31,FO,NSE,IDO,58907,,BANKNIFTY,,2026-08-25,2026-08-25,51500.00,PE,BANKNIFTY26AUG51500PE,21.25,21.90,17.35,18.90,18.65,22.45,57264.85,18.90,109590,6090,2814,4349190888.00,1816,F1,30,,,,,
2026-07-31,2026-07-31,FO,NSE,IDO,58925,,BANKNIFTY,,2026-08-25,2026-08-25,52200.00,PE,BANKNIFTY26AUG52200PE,28.00,28.00,22.25,24.05,25.50,29.65,57264.85,24.05,6780,2070,336,526417414.50,200,F1,30,,,,,
2026-07-31,2026-07-31,FO,NSE,IDO,58989,,BANKNIFTY,,2026-08-25,2026-08-25,54400.00,PE,BANKNIFTY26AUG54400PE,98.25,102.50,77.85,88.20,90.75,120.40,57264.85,88.20,19410,6210,1928,3151751304.00,809,F1,30,,,,,
2026-07-31,2026-07-31,FO,NSE,IDO,58999,,BANKNIFTY,,2026-08-25,2026-08-25,54700.00,PE,BANKNIFTY26AUG54700PE,122.80,127.80,97.75,109.55,110.30,147.75,57264.85,109.55,16350,5190,2000,3288579693.00,1030,F1,30,,,,,
2026-07-31,2026-07-31,FO,NSE,IDO,59029,,BANKNIFTY,,2026-08-25,2026-08-25,55800.00,PE,BANKNIFTY26AUG55800PE,290.00,290.00,225.10,247.50,252.50,319.85,57264.85,247.50,35220,8160,4534,7624103811.00,3130,F1,30,,,,,
2026-07-31,2026-07-31,FO,NSE,IDO,59046,,BANKNIFTY,,2026-08-25,2026-08-25,56200.00,PE,BANKNIFTY26AUG56200PE,352.00,371.55,301.35,329.00,336.75,416.10,57264.85,329.00,46860,7140,3597,6100055992.50,2678,F1,30,,,,,
2026-07-31,2026-07-31,FO,NSE,IDO,59109,,BANKNIFTY,,2026-08-25,2026-08-25,58000.00,PE,BANKNIFTY26AUG58000PE,1100.00,1119.75,977.35,1050.15,1057.05,1204.00,57264.85,1050.15,1315500,3090,12130,21486121422.00,9390,F1,30,,,,,
2026-07-31,2026-07-31,FO,NSE,IDO,59180,,BANKNIFTY,,2026-08-25,2026-08-25,60200.00,PE,BANKNIFTY26AUG60200PE,0.00,0.00,0.00,2933.00,2933.00,2933.00,57264.85,3039.50,360,0,0,0.00,0,F1,30,,,,,
2026-07-31,2026-07-31,FO,NSE,IDO,59301,,BANKNIFTY,,2026-08-25,2026-08-25,63500.00,PE,BANKNIFTY26AUG63500PE,0.00,0.00,0.00,6000.00,6000.00,6000.00,57264.85,6014.80,900,0,0,0.00,0,F1,30,,,,,
2026-07-31,2026-07-31,FO,NSE,IDO,52271,,BANKNIFTY,,2026-09-29,2026-09-29,46500.00,PE,BANKNIFTY26SEP46500PE,26.50,29.00,25.00,26.10,26.10,30.00,57264.85,6.30,14160,930,64,89328915.00,20,F1,30,,,,,
2026-07-31,2026-07-31,FO,NSE,IDO,69665,,BANKNIFTY,,2026-09-29,2026-09-29,51900.00,PE,BANKNIFTY26SEP51900PE,0.00,0.00,0.00,378.05,0.00,378.05,57264.85,209.15,0,0,0,0.00,0,F1,30,,,,,
2026-07-31,2026-07-31,FO,NSE,IDO,69669,,BANKNIFTY,,2026-09-29,2026-09-29,52100.00,PE,BANKNIFTY26SEP52100PE,0.00,0.00,0.00,407.00,0.00,407.00,57264.85,230.70,0,0,0,0.00,0,F1,30,,,,,
2026-07-31,2026-07-31,FO,NSE,IDO,69687,,BANKNIFTY,,2026-09-29,2026-09-29,53100.00,PE,BANKNIFTY26SEP53100PE,0.00,0.00,0.00,577.80,0.00,577.80,57264.85,366.15,0,0,0,0.00,0,F1,30,,,,,
2026-07-31,2026-07-31,FO,NSE,IDO,69691,,BANKNIFTY,,2026-09-29,2026-09-29,53300.00,PE,BANKNIFTY26SEP53300PE,0.00,0.00,0.00,617.55,0.00,617.55,57264.85,399.40,0,0,0,0.00,0,F1,30,,,,,
2026-07-31,2026-07-31,FO,NSE,IDO,69699,,BANKNIFTY,,2026-09-29,2026-09-29,53700.00,PE,BANKNIFTY26SEP53700PE,0.00,0.00,0.00,703.05,0.00,703.05,57264.85,472.70,0,0,0,0.00,0,F1,30,,,,,
2026-07-31,2026-07-31,FO,NSE,IDO,69721,,BANKNIFTY,,2026-09-29,2026-09-29,54400.00,PE,BANKNIFTY26SEP54400PE,379.20,379.20,251.40,251.40,251.40,745.90,57264.85,624.75,330,300,10,16399254.00,4,F1,30,,,,,
2026-07-31,2026-07-31,FO,NSE,IDO,69774,,BANKNIFTY,,2026-09-29,2026-09-29,55200.00,PE,BANKNIFTY26SEP55200PE,0.00,0.00,0.00,1100.15,1100.15,1100.15,57264.85,838.30,30,0,0,0.00,0,F1,30,,,,,
2026-07-31,2026-07-31,FO,NSE,IDO,69802,,BANKNIFTY,,2026-09-29,2026-09-29,56500.00,PE,BANKNIFTY26SEP56500PE,756.00,756.00,642.00,672.20,689.75,774.30,57264.85,672.20,50940,2430,590,1012114128.00,405,F1,30,,,,,
2026-07-31,2026-07-31,FO,NSE,IDO,69819,,BANKNIFTY,,2026-09-29,2026-09-29,57300.00,PE,BANKNIFTY26SEP57300PE,987.95,1016.00,928.15,952.60,968.15,1094.95,57264.85,952.60,3570,1290,64,111853098.00,53,F1,30,,,,,
2026-07-31,2026-07-31,FO,NSE,IDO,69869,,BANKNIFTY,,2026-09-29,2026-09-29,58700.00,PE,BANKNIFTY26SEP58700PE,0.00,0.00,0.00,1780.00,1780.00,1780.00,57264.85,2360.55,510,0,0,0.00,0,F1,30,,,,,
2026-07-31,2026-07-31,FO,NSE,IDO,69871,,BANKNIFTY,,2026-09-29,2026-09-29,58800.00,PE,BANKNIFTY26SEP58800PE,0.00,0.00,0.00,2616.85,0.00,2616.85,57264.85,2418.50,0,0,0,0.00,0,F1,30,,,,,
2026-07-31,2026-07-31,FO,NSE,IDO,52361,,BANKNIFTY,,2026-09-29,2026-09-29,60000.00,PE,BANKNIFTY26SEP60000PE,2464.50,2569.00,2450.00,2502.80,2517.20,2672.25,57264.85,2502.80,55950,180,64,119981982.00,51,F1,30,,,,,
2026-07-31,2026-07-31,FO,NSE,IDO,70012,,BANKNIFTY,,2026-09-29,2026-09-29,60100.00,PE,BANKNIFTY26SEP60100PE,0.00,0.00,0.00,3365.55,0.00,3365.55,57264.85,3240.35,0,0,0,0.00,0,F1,30,,,,,
2026-07-31,2026-07-31,FO,NSE,IDO,70028,,BANKNIFTY,,2026-09-29,2026-09-29,60900.00,PE,BANKNIFTY26SEP60900PE,0.00,0.00,0.00,3876.05,0.00,3876.05,57264.85,3805.25,0,0,0,0.00,0,F1,30,,,,,
2026-07-31,2026-07-31,FO,NSE,IDO,70077,,BANKNIFTY,,2026-09-29,2026-09-29,62000.00,PE,BANKNIFTY26SEP62000PE,4300.20,4300.20,4300.20,4300.20,4300.20,4340.00,57264.85,4647.40,120,0,1,1989006.00,1,F1,30,,,,,
2026-07-31,2026-07-31,FO,NSE,IDO,70110,,BANKNIFTY,,2026-09-29,2026-09-29,63700.00,PE,BANKNIFTY26SEP63700PE,0.00,0.00,0.00,5925.20,0.00,5925.20,57264.85,6067.55,0,0,0,0.00,0,F1,30,,,,,
2026-07-31,2026-07-31,FO,NSE,IDO,49356,,BANKNIFTY,,2026-10-27,2026-10-27,51500.00,PE,BANKNIFTY26OCT51500PE,0.00,0.00,0.00,404.75,0.00,404.75,57264.85,310.20,0,0,0,0.00,0,F1,30,,,,,
2026-07-31,2026-07-31,FO,NSE,IDO,49440,,BANKNIFTY,,2026-10-27,2026-10-27,54900.00,PE,BANKNIFTY26OCT54900PE,0.00,0.00,0.00,1211.15,0.00,1211.15,57264.85,1002.05,0,0,0,0.00,0,F1,30,,,,,
2026-07-31,2026-07-31,FO,NSE,IDO,49518,,BANKNIFTY,,2026-10-27,2026-10-27,57900.00,PE,BANKNIFTY26OCT57900PE,0.00,0.00,0.00,2509.55,0.00,2509.55,57264.85,2182.45,0,0,0,0.00,0,F1,30,,,,,
2026-07-31,2026-07-31,FO,NSE,IDO,49532,,BANKNIFTY,,2026-10-27,2026-10-27,58500.00,PE,BANKNIFTY26OCT58500PE,0.00,0.00,0.00,1750.00,1750.00,1750.00,57264.85,2490.10,30,0,0,0.00,0,F1,30,,,,,
2026-07-31,2026-07-31,FO,NSE,IDO,49574,,BANKNIFTY,,2026-10-27,2026-10-27,60000.00,PE,BANKNIFTY26OCT60000PE,0.00,0.00,0.00,2650.00,2650.00,2650.00,57264.85,3360.95,150,0,0,0.00,0,F1,30,,,,,
2026-07-31,2026-07-31,FO,NSE,IDO,49584,,BANKNIFTY,,2026-10-27,2026-10-27,60500.00,PE,BANKNIFTY26OCT60500PE,0.00,0.00,0.00,4099.80,0.00,4099.80,57264.85,3682.05,0,0,0,0.00,0,F1,30,,,,,
2026-07-31,2026-07-31,FO,NSE,IDO,49688,,BANKNIFTY,,2026-10-27,2026-10-27,64500.00,PE,BANKNIFTY26OCT64500PE,0.00,0.00,0.00,7224.45,0.00,7224.45,57264.85,6713.85,0,0,0,0.00,0,F1,30,,,,,
2026-07-31,2026-07-31,FO,NSE,IDO,70771,,BANKNIFTY,,2027-06-29,2027-06-29,52500.00,PE,BANKNIFTY27JUN52500PE,0.00,0.00,0.00,1541.40,0.00,1541.40,57264.85,1399.00,0,0,0,0.00,0,F1,30,,,,,
2026-07-31,2026-07-31,FO,NSE,IDO,70799,,BANKNIFTY,,2027-06-29,2027-06-29,61500.00,PE,BANKNIFTY27JUN61500PE,0.00,0.00,0.00,4995.95,0.00,4995.95,57264.85,4863.90,0,0,0,0.00,0,F1,30,,,,,
2026-07-31,2026-07-31,FO,NSE,IDO,76388,,BANKNIFTY,,2027-03-30,2027-03-30,49500.00,CE,BANKNIFTY27MAR49500CE,0.00,0.00,0.00,6266.75,0.00,6266.75,57264.85,10475.00,0,0,0,0.00,0,F1,30,,,,,
2026-07-31,2026-07-31,FO,NSE,IDO,53220,,BANKNIFTY,,2026-12-29,2026-12-29,51000.00,CE,BANKNIFTY26DEC51000CE,0.00,0.00,0.00,11516.25,0.00,11516.25,57264.85,8162.15,0,0,0,0.00,0,F1,30,,,,,
2026-07-31,2026-07-31,FO,NSE,IDO,49657,,BANKNIFTY,,2026-10-27,2026-10-27,63500.00,CE,BANKNIFTY26OCT63500CE,0.00,0.00,0.00,592.10,0.00,592.10,57264.85,663.05,0,0,0,0.00,0,F1,30,,,,,
2026-07-31,2026-07-31,FO,NSE,IDO,49609,,BANKNIFTY,,2026-10-27,2026-10-27,61600.00,CE,BANKNIFTY26OCT61600CE,0.00,0.00,0.00,971.40,0.00,971.40,57264.85,1081.70,0,0,0,0.00,0,F1,30,,,,,
2026-07-31,2026-07-31,FO,NSE,IDO,49593,,BANKNIFTY,,2026-10-27,2026-10-27,60900.00,CE,BANKNIFTY26OCT60900CE,0.00,0.00,0.00,1149.45,0.00,1149.45,57264.85,1281.45,0,0,0,0.00,0,F1,30,,,,,
2026-07-31,2026-07-31,FO,NSE,IDO,49589,,BANKNIFTY,,2026-10-27,2026-10-27,60800.00,CE,BANKNIFTY26OCT60800CE,0.00,0.00,0.00,1177.30,0.00,1177.30,57264.85,1312.15,0,0,0,0.00,0,F1,30,,,,,
2026-07-31,2026-07-31,FO,NSE,IDO,49583,,BANKNIFTY,,2026-10-27,2026-10-27,60500.00,CE,BANKNIFTY26OCT60500CE,0.00,0.00,0.00,1264.10,0.00,1264.10,57264.85,1407.75,0,0,0,0.00,0,F1,30,,,,,
2026-07-31,2026-07-31,FO,NSE,IDO,49581,,BANKNIFTY,,2026-10-27,2026-10-27,60400.00,CE,BANKNIFTY26OCT60400CE,0.00,0.00,0.00,1294.10,0.00,1294.10,57264.85,1440.75,0,0,0,0.00,0,F1,30,,,,,
2026-07-31,2026-07-31,FO,NSE,IDO,49461,,BANKNIFTY,,2026-10-27,2026-10-27,55700.00,CE,BANKNIFTY26OCT55700CE,0.00,0.00,0.00,3392.10,0.00,3392.10,57264.85,3708.90,0,0,0,0.00,0,F1,30,,,,,
2026-07-31,2026-07-31,FO,NSE,IDO,49457,,BANKNIFTY,,2026-10-27,2026-10-27,55500.00,CE,BANKNIFTY26OCT55500CE,0.00,0.00,0.00,3513.05,0.00,3513.05,57264.85,3837.60,0,0,0,0.00,0,F1,30,,,,,
2026-07-31,2026-07-31,FO,NSE,IDO,49405,,BANKNIFTY,,2026-10-27,2026-10-27,53600.00,CE,BANKNIFTY26OCT53600CE,0.00,0.00,0.00,4790.50,0.00,4790.50,57264.85,5183.35,0,0,0,0.00,0,F1,30,,,,,
2026-07-31,2026-07-31,FO,NSE,IDO,49385,,BANKNIFTY,,2026-10-27,2026-10-27,52900.00,CE,BANKNIFTY26OCT52900CE,0.00,0.00,0.00,5311.85,0.00,5311.85,57264.85,5730.00,0,0,0,0.00,0,F1,30,,,,,
2026-07-31,2026-07-31,FO,NSE,IDO,49381,,BANKNIFTY,,2026-10-27,2026-10-27,52700.00,CE,BANKNIFTY26OCT52700CE,0.00,0.00,0.00,5466.20,0.00,5466.20,57264.85,5890.70,0,0,0,0.00,0,F1,30,,,,,
2026-07-31,2026-07-31,FO,NSE,IDO,49300,,BANKNIFTY,,2026-10-27,2026-10-27,49500.00,CE,BANKNIFTY26OCT49500CE,0.00,0.00,0.00,8178.25,0.00,8178.25,57264.85,8680.65,0,0,0,0.00,0,F1,30,,,,,
2026-07-31,2026-07-31,FO,NSE,IDO,52420,,BANKNIFTY,,2026-09-29,2026-09-29,66000.00,CE,BANKNIFTY26SEP66000CE,0.00,0.00,0.00,1369.25,0.00,1369.25,57264.85,132.75,0,0,0,0.00,0,F1,30,,,,,
2026-07-31,2026-07-31,FO,NSE,IDO,70154,,BANKNIFTY,,2026-09-29,2026-09-29,65000.00,CE,BANKNIFTY26SEP65000CE,0.00,0.00,0.00,530.10,0.00,530.10,57264.85,198.15,0,0,0,0.00,0,F1,30,,,,,
2026-07-31,2026-07-31,FO,NSE,IDO,70051,,BANKNIFTY,,2026-09-29,2026-09-29,62000.00,CE,BANKNIFTY26SEP62000CE,115.00,119.05,94.45,96.55,97.45,105.80,57264.85,96.55,33630,4860,885,1648912222.50,585,F1,30,,,,,
2026-07-31,2026-07-31,FO,NSE,IDO,70033,,BANKNIFTY,,2026-09-29,2026-09-29,61200.00,CE,BANKNIFTY26SEP61200CE,0.00,0.00,0.00,1358.35,0.00,1358.35,57264.85,759.70,0,0,0,0.00,0,F1,30,,,,,
2026-07-31,2026-07-31,FO,NSE,IDO,70029,,BANKNIFTY,,2026-09-29,2026-09-29,61000.00,CE,BANKNIFTY26SEP61000CE,225.50,233.50,187.00,189.80,187.00,203.30,57264.85,189.80,38910,4620,746,1369705743.00,497,F1,30,,,,,
2026-07-31,2026-07-31,FO,NSE,IDO,70025,,BANKNIFTY,,2026-09-29,2026-09-29,60800.00,CE,BANKNIFTY26SEP60800CE,0.00,0.00,0.00,1485.75,0.00,1485.75,57264.85,857.20,0,0,0,0.00,0,F1,30,,,,,
2026-07-31,2026-07-31,FO,NSE,IDO,69917,,BANKNIFTY,,2026-09-29,2026-09-29,59400.00,CE,BANKNIFTY26SEP59400CE,0.00,0.00,0.00,2003.60,0.00,2003.60,57264.85,1291.95,0,0,0,0.00,0,F1,30,,,,,
2026-07-31,2026-07-31,FO,NSE,IDO,69870,,BANKNIFTY,,2026-09-29,2026-09-29,58800.00,CE,BANKNIFTY26SEP58800CE,0.00,0.00,0.00,2261.70,0.00,2261.70,57264.85,1521.65,0,0,0,0.00,0,F1,30,,,,,
2026-07-31,2026-07-31,FO,NSE,IDO,69838,,BANKNIFTY,,2026-09-29,2026-09-29,58000.00,CE,BANKNIFTY26SEP58000CE,1060.45,1182.55,1055.00,1068.60,1061.40,1053.60,57264.85,1068.60,159270,-1800,824,1461150417.00,544,F1,30,,,,,
2026-07-31,2026-07-31,FO,NSE,IDO,69824,,BANKNIFTY,,2026-09-29,2026-09-29,57600.00,CE,BANKNIFTY26SEP57600CE,1342.40,1342.40,1268.70,1279.75,1268.70,1199.20,57264.85,1279.75,2130,210,39,68934330.00,35,F1,30,,,,,
2026-07-31,2026-07-31,FO,NSE,IDO,69781,,BANKNIFTY,,2026-09-29,2026-09-29,55700.00,CE,BANKNIFTY26SEP55700CE,0.00,0.00,0.00,3959.30,0.00,3959.30,57264.85,3165.65,0,0,0,0.00,0,F1,30,,,,,
2026-07-31,2026-07-31,FO,NSE,IDO,69702,,BANKNIFTY,,2026-09-29,2026-09-29,53900.00,CE,BANKNIFTY26SEP53900CE,0.00,0.00,0.00,5218.60,0.00,5218.60,57264.85,4462.95,0,0,0,0.00,0,F1,30,,,,,
2026-07-31,2026-07-31,FO,NSE,IDO,70118,,BANKNIFTY,,2026-09-29,2026-09-29,64100.00,PE,BANKNIFTY26SEP64100PE,0.00,0.00,0.00,6246.30,0.00,6246.30,57264.85,6418.75,0,0,0,0.00,0,F1,30,,,,,
2026-07-31,2026-07-31,FO,NSE,IDO,49458,,BANKNIFTY,,2026-10-27,2026-10-27,55500.00,PE,BANKNIFTY26OCT55500PE,0.00,0.00,0.00,1423.90,0.00,1423.90,57264.85,1191.30,0,0,0,0.00,0,F1,30,,,,,
2026-07-31,2026-07-31,FO,NSE,IDO,53236,,BANKNIFTY,,2026-12-29,2026-12-29,58500.00,PE,BANKNIFTY26DEC58500PE,1730.00,1765.00,1700.95,1745.00,1745.00,1859.80,57264.85,1745.00,600,300,17,30722608.50,13,F1,30,,,,,
2026-07-31,2026-07-31,FO,NSE,IDO,53219,,BANKNIFTY,,2026-12-29,2026-12-29,49500.00,PE,BANKNIFTY26DEC49500PE,0.00,0.00,0.00,232.05,232.05,232.05,57264.85,322.05,30,0,0,0.00,0,F1,30,,,,,
2026-07-31,2026-07-31,FO,NSE,IDO,49610,,BANKNIFTY,,2026-10-27,2026-10-27,61600.00,PE,BANKNIFTY26OCT61600PE,0.00,0.00,0.00,4890.60,0.00,4890.60,57264.85,4438.60,0,0,0,0.00,0,F1,30,,,,,
2026-07-31,2026-07-31,FO,NSE,IDO,49602,,BANKNIFTY,,2026-10-27,2026-10-27,61300.00,PE,BANKNIFTY26OCT61300PE,0.00,0.00,0.00,4666.85,0.00,4666.85,57264.85,4225.70,0,0,0,0.00,0,F1,30,,,,,
2026-07-31,2026-07-31,FO,NSE,IDO,49506,,BANKNIFTY,,2026-10-27,2026-10-27,57500.00,PE,BANKNIFTY26OCT57500PE,1168.45,1168.45,1111.00,1111.00,1111.00,1350.00,57264.85,1990.85,150,0,3,5276893.50,3,F1,30,,,,,
2026-07-31,2026-07-31,FO,NSE,IDO,58886,,BANKNIFTY,,2026-08-25,2026-08-25,51400.00,CE,BANKNIFTY26AUG51400CE,0.00,0.00,0.00,5137.40,0.00,5137.40,57264.85,6099.85,0,0,0,0.00,0,F1,30,,,,,
2026-07-31,2026-07-31,FO,NSE,IDO,59288,,BANKNIFTY,,2026-08-25,2026-08-25,63100.00,CE,BANKNIFTY26AUG63100CE,0.00,0.00,0.00,398.40,0.00,398.40,57264.85,58.55,0,0,0,0.00,0,F1,30,,,,,
2026-07-31,2026-07-31,FO,NSE,IDO,69808,,BANKNIFTY,,2026-09-29,2026-09-29,56800.00,CE,BANKNIFTY26SEP56800CE,0.00,0.00,0.00,1711.50,1692.10,1711.50,57264.85,2493.55,1890,0,0,0.00,0,F1,30,,,,,
2026-07-31,2026-07-31,FO,NSE,IDO,70031,,BANKNIFTY,,2026-09-29,2026-09-29,61100.00,CE,BANKNIFTY26SEP61100CE,0.00,0.00,0.00,1389.40,0.00,1389.40,57264.85,783.70,0,0,0,0.00,0,F1,30,,,,,
2026-07-31,2026-07-31,FO,NSE,IDO,70047,,BANKNIFTY,,2026-09-29,2026-09-29,61900.00,CE,BANKNIFTY26SEP61900CE,0.00,0.00,0.00,1156.00,0.00,1156.00,57264.85,604.90,0,0,0,0.00,0,F1,30,,,,,
2026-07-31,2026-07-31,FO,NSE,IDO,49369,,BANKNIFTY,,2026-10-27,2026-10-27,52100.00,CE,BANKNIFTY26OCT52100CE,0.00,0.00,0.00,5941.50,0.00,5941.50,57264.85,6384.05,0,0,0,0.00,0,F1,30,,,,,
2026-07-31,2026-07-31,FO,NSE,IDO,49491,,BANKNIFTY,,2026-10-27,2026-10-27,56800.00,CE,BANKNIFTY26OCT56800CE,0.00,0.00,0.00,2773.75,0.00,2773.75,57264.85,3047.75,0,0,0,0.00,0,F1,30,,,,,
2026-07-31,2026-07-31,FO,NSE,IDO,49499,,BANKNIFTY,,2026-10-27,2026-10-27,57200.00,CE,BANKNIFTY26OCT57200CE,0.00,0.00,0.00,2568.65,0.00,2568.65,57264.85,2827.25,0,0,0,0.00,0,F1,30,,,,,
2026-07-31,2026-07-31,FO,NSE,IDO,59331,,BANKNIFTY,,2026-08-25,2026-08-25,64500.00,PE,BANKNIFTY26AUG64500PE,0.00,0.00,0.00,8716.60,0.00,8716.60,57264.85,6987.35,0,0,0,0.00,0,F1,30,,,,,
2026-07-31,2026-07-31,FO,NSE,IDO,59387,,BANKNIFTY,,2026-08-25,2026-08-25,66000.00,PE,BANKNIFTY26AUG66000PE,8446.65,8560.00,8446.65,8510.85,8510.85,8700.00,57264.85,8510.85,19770,240,12,26813640.00,9,F1,30,,,,,
2026-07-31,2026-07-31,FO,NSE,IDO,52269,,BANKNIFTY,,2026-09-29,2026-09-29,45000.00,PE,BANKNIFTY26SEP45000PE,25.00,25.30,24.00,24.50,25.00,28.60,57264.85,24.50,10650,-570,26,35119512.00,12,F1,30,,,,,
2026-07-31,2026-07-31,FO,NSE,IDO,49687,,BANKNIFTY,,2026-10-27,2026-10-27,64500.00,CE,BANKNIFTY26OCT64500CE,0.00,0.00,0.00,448.85,0.00,448.85,57264.85,503.05,0,0,0,0.00,0,F1,30,,,,,
2026-07-31,2026-07-31,FO,NSE,IDO,70796,,BANKNIFTY,,2027-06-29,2027-06-29,60000.00,CE,BANKNIFTY27JUN60000CE,0.00,0.00,0.00,5392.05,0.00,5392.05,57264.85,4898.20,0,0,0,0.00,0,F1,30,,,,,
2026-07-31,2026-07-31,FO,NSE,IDO,70798,,BANKNIFTY,,2027-06-29,2027-06-29,61500.00,CE,BANKNIFTY27JUN61500CE,0.00,0.00,0.00,4726.20,0.00,4726.20,57264.85,4243.70,0,0,0,0.00,0,F1,30,,,,,
2026-07-31,2026-07-31,FO,NSE,IDO,58971,,BANKNIFTY,,2026-08-25,2026-08-25,53700.00,PE,BANKNIFTY26AUG53700PE,55.30,61.35,47.50,53.50,54.55,72.90,57264.85,53.50,38100,-3000,983,1585191177.00,546,F1,30,,,,,
2026-07-31,2026-07-31,FO,NSE,IDO,59024,,BANKNIFTY,,2026-08-25,2026-08-25,55700.00,PE,BANKNIFTY26AUG55700PE,289.60,289.60,209.85,228.55,235.75,298.10,57264.85,228.55,24570,-660,2571,4314160215.00,1701,F1,30,,,,,
2026-07-31,2026-07-31,FO,NSE,IDO,59135,,BANKNIFTY,,2026-08-25,2026-08-25,58600.00,PE,BANKNIFTY26AUG58600PE,1376.05,1504.85,1372.05,1442.70,1478.45,1615.85,57264.85,1442.70,3210,840,105,189036711.00,79,F1,30,,,,,
2026-07-31,2026-07-31,FO,NSE,IDO,59195,,BANKNIFTY,,2026-08-25,2026-08-25,60400.00,PE,BANKNIFTY26AUG60400PE,0.00,0.00,0.00,5249.35,0.00,5249.35,57264.85,3202.05,0,0,0,0.00,0,F1,30,,,,,
2026-07-31,2026-07-31,FO,NSE,IDO,59287,,BANKNIFTY,,2026-08-25,2026-08-25,63000.00,PE,BANKNIFTY26AUG63000PE,5590.00,5590.00,5518.20,5525.60,5518.20,5650.00,57264.85,5525.60,70500,-60,6,12340626.00,4,F1,30,,,,,
2026-07-31,2026-07-31,FO,NSE,IDO,69780,,BANKNIFTY,,2026-09-29,2026-09-29,55600.00,PE,BANKNIFTY26SEP55600PE,0.00,0.00,0.00,1228.45,0.00,1228.45,57264.85,963.05,0,0,0,0.00,0,F1,30,,,,,
2026-07-31,2026-07-31,FO,NSE,IDO,69833,,BANKNIFTY,,2026-09-29,2026-09-29,57900.00,PE,BANKNIFTY26SEP57900PE,1200.95,1261.20,1177.65,1219.50,1233.95,1357.30,57264.85,1219.50,1830,210,26,46108644.00,24,F1,30,,,,,
2026-07-31,2026-07-31,FO,NSE,IDO,70026,,BANKNIFTY,,2026-09-29,2026-09-29,60800.00,PE,BANKNIFTY26SEP60800PE,0.00,0.00,0.00,3810.25,0.00,3810.25,57264.85,3732.35,0,0,0,0.00,0,F1,30,,,,,
2026-07-31,2026-07-31,FO,NSE,IDO,52389,,BANKNIFTY,,2026-09-29,2026-09-29,61500.00,PE,BANKNIFTY26SEP61500PE,0.00,0.00,0.00,3362.90,3362.90,3362.90,57264.85,4256.35,330,0,0,0.00,0,F1,30,,,,,
2026-07-31,2026-07-31,FO,NSE,IDO,52287,,BANKNIFTY,,2026-09-29,2026-09-29,54000.00,PE,BANKNIFTY26SEP54000PE,225.05,236.80,203.95,214.50,219.95,256.80,57264.85,214.50,95970,-2940,1311,2132394151.50,666,F1,30,,,,,
2026-07-31,2026-07-31,FO,NSE,IDO,69661,,BANKNIFTY,,2026-09-29,2026-09-29,51700.00,PE,BANKNIFTY26SEP51700PE,0.00,0.00,0.00,350.75,0.00,350.75,57264.85,189.25,0,0,0,0.00,0,F1,30,,,,,
2026-07-31,2026-07-31,FO,NSE,IDO,69657,,BANKNIFTY,,2026-09-29,2026-09-29,51500.00,PE,BANKNIFTY26SEP51500PE,0.00,0.00,0.00,325.00,0.00,325.00,57264.85,170.90,0,0,0,0.00,0,F1,30,,,,,
2026-07-31,2026-07-31,FO,NSE,IDO,69604,,BANKNIFTY,,2026-09-29,2026-09-29,50500.00,PE,BANKNIFTY26SEP50500PE,0.00,0.00,0.00,217.55,0.00,217.55,57264.85,99.45,0,0,0,0.00,0,F1,30,,,,,
2026-07-31,2026-07-31,FO,NSE,IDO,59322,,BANKNIFTY,,2026-08-25,2026-08-25,64200.00,PE,BANKNIFTY26AUG64200PE,0.00,0.00,0.00,5581.85,5581.85,5581.85,57264.85,6694.00,30,0,0,0.00,0,F1,30,,,,,
2026-07-31,2026-07-31,FO,NSE,IDO,59318,,BANKNIFTY,,2026-08-25,2026-08-25,64000.00,PE,BANKNIFTY26AUG64000PE,0.00,0.00,0.00,6619.90,6624.80,6619.90,57264.85,6499.10,4590,0,0,0.00,0,F1,30,,,,,
2026-07-31,2026-07-31,FO,NSE,IDO,59253,,BANKNIFTY,,2026-08-25,2026-08-25,61900.00,PE,BANKNIFTY26AUG61900PE,0.00,0.00,0.00,6452.10,0.00,6452.10,57264.85,4508.35,0,0,0,0.00,0,F1,30,,,,,
2026-07-31,2026-07-31,FO,NSE,IDO,59229,,BANKNIFTY,,2026-08-25,2026-08-25,61200.00,PE,BANKNIFTY26AUG61200PE,0.00,0.00,0.00,3800.00,3800.00,3800.00,57264.85,3881.75,30,0,0,0.00,0,F1,30,,,,,
2026-07-31,2026-07-31,FO,NSE,IDO,59156,,BANKNIFTY,,2026-08-25,2026-08-25,59500.00,PE,BANKNIFTY26AUG59500PE,2058.60,2220.00,2048.50,2134.00,2134.00,2342.90,57264.85,2134.00,53310,-600,63,116449837.50,42,F1,30,,,,,
2026-07-31,2026-07-31,FO,NSE,IDO,59150,,BANKNIFTY,,2026-08-25,2026-08-25,59200.00,PE,BANKNIFTY26AUG59200PE,1835.80,1990.40,1823.00,1883.65,1883.65,2099.75,57264.85,2279.65,8850,0,15,27496599.00,15,F1,30,,,,,
2026-07-31,2026-07-31,FO,NSE,IDO,59123,,BANKNIFTY,,2026-08-25,2026-08-25,58300.00,PE,BANKNIFTY26AUG58300PE,1192.05,1302.10,1170.00,1222.55,1240.00,1461.80,57264.85,1222.55,12630,-1290,341,608898250.50,261,F1,30,,,,,
2026-07-31,2026-07-31,FO,NSE,IDO,59078,,BANKNIFTY,,2026-08-25,2026-08-25,56900.00,PE,BANKNIFTY26AUG56900PE,634.60,634.60,492.30,535.05,542.00,651.55,57264.85,535.05,127890,-10980,10292,17735445591.00,7874,F1,30,,,,,
2026-07-31,2026-07-31,FO,NSE,IDO,59005,,BANKNIFTY,,2026-08-25,2026-08-25,55000.00,PE,BANKNIFTY26AUG55000PE,170.00,170.00,122.50,136.60,140.80,184.30,57264.85,136.60,484470,-37290,35535,58780200187.50,21119,F1,30,,,,,
2026-07-31,2026-07-31,FO,NSE,IDO,58981,,BANKNIFTY,,2026-08-25,2026-08-25,54100.00,PE,BANKNIFTY26AUG54100PE,96.60,96.60,63.00,71.55,71.85,96.55,57264.85,71.55,17250,4050,1396,2268692013.00,763,F1,30,,,,,
2026-07-31,2026-07-31,FO,NSE,IDO,58909,,BANKNIFTY,,2026-08-25,2026-08-25,51600.00,PE,BANKNIFTY26AUG51600PE,20.65,20.85,15.25,18.70,18.05,22.50,57264.85,18.70,2190,360,121,187375198.50,51,F1,30,,,,,
2026-07-31,2026-07-31,FO,NSE,IDO,58737,,BANKNIFTY,,2026-08-25,2026-08-25,47000.00,PE,BANKNIFTY26AUG47000PE,6.45,8.80,4.55,5.65,5.35,7.05,57264.85,5.65,20220,-2220,1484,2092716631.50,649,F1,30,,,,,
2026-07-31,2026-07-31,FO,NSE,IDO,70794,,BANKNIFTY,,2027-06-29,2027-06-29,58500.00,CE,BANKNIFTY27JUN58500CE,0.00,0.00,0.00,6124.45,0.00,6124.45,57264.85,5623.85,0,0,0,0.00,0,F1,30,,,,,
2026-07-31,2026-07-31,FO,NSE,IDO,53244,,BANKNIFTY,,2026-12-29,2026-12-29,61500.00,CE,BANKNIFTY26DEC61500CE,970.00,970.00,890.00,890.05,890.00,900.00,57264.85,890.05,5880,450,31,58049049.00,23,F1,30,,,,,
2026-07-31,2026-07-31,FO,NSE,IDO,49623,,BANKNIFTY,,2026-10-27,2026-10-27,62200.00,CE,BANKNIFTY26OCT62200CE,0.00,0.00,0.00,833.75,0.00,833.75,57264.85,933.75,0,0,0,0.00,0,F1,30,,,,,
2026-07-31,2026-07-31,FO,NSE,IDO,49597,,BANKNIFTY,,2026-10-27,2026-10-27,61100.00,CE,BANKNIFTY26OCT61100CE,0.00,0.00,0.00,1095.30,0.00,1095.30,57264.85,1221.65,0,0,0,0.00,0,F1,30,,,,,
2026-07-31,2026-07-31,FO,NSE,IDO,49511,,BANKNIFTY,,2026-10-27,2026-10-27,57700.00,CE,BANKNIFTY26OCT57700CE,0.00,0.00,0.00,1450.00,1450.00,1450.00,57264.85,2566.60,30,0,0,0.00,0,F1,30,,,,,
2026-07-31,2026-07-31,FO,NSE,IDO,49377,,BANKNIFTY,,2026-10-27,2026-10-27,52500.00,CE,BANKNIFTY26OCT52500CE,0.00,0.00,0.00,5622.65,0.00,5622.65,57264.85,6053.35,0,0,0,0.00,0,F1,30,,,,,
2026-07-31,2026-07-31,FO,NSE,IDO,49355,,BANKNIFTY,,2026-10-27,2026-10-27,51500.00,CE,BANKNIFTY26OCT51500CE,0.00,0.00,0.00,6433.85,0.00,6433.85,57264.85,6892.95,0,0,0,0.00,0,F1,30,,,,,
2026-07-31,2026-07-31,FO,NSE,IDO,70115,,BANKNIFTY,,2026-09-29,2026-09-29,64000.00,CE,BANKNIFTY26SEP64000CE,0.00,0.00,0.00,690.00,0.00,690.00,57264.85,290.05,0,0,0,0.00,0,F1,30,,,,,
2026-07-31,2026-07-31,FO,NSE,IDO,70080,,BANKNIFTY,,2026-09-29,2026-09-29,62200.00,CE,BANKNIFTY26SEP62200CE,0.00,0.00,0.00,1076.90,0.00,1076.90,57264.85,547.60,0,0,0,0.00,0,F1,30,,,,,
2026-07-31,2026-07-31,FO,NSE,IDO,70041,,BANKNIFTY,,2026-09-29,2026-09-29,61600.00,CE,BANKNIFTY26SEP61600CE,0.00,0.00,0.00,1239.60,0.00,1239.60,57264.85,667.05,0,0,0,0.00,0,F1,30,,,,,
2026-07-31,2026-07-31,FO,NSE,IDO,52360,,BANKNIFTY,,2026-09-29,2026-09-29,60000.00,CE,BANKNIFTY26SEP60000CE,394.95,427.55,354.60,359.75,355.00,374.30,57264.85,359.75,107190,6720,1685,3052254570.00,977,F1,30,,,,,
2026-07-31,2026-07-31,FO,NSE,IDO,69822,,BANKNIFTY,,2026-09-29,2026-09-29,57500.00,CE,BANKNIFTY26SEP57500CE,1425.00,1450.00,1314.55,1329.80,1315.00,1306.30,57264.85,1329.80,22380,1350,331,584595849.00,208,F1,30,,,,,
2026-07-31,2026-07-31,FO,NSE,IDO,69722,,BANKNIFTY,,2026-09-29,2026-09-29,54500.00,CE,BANKNIFTY26SEP54500CE,0.00,0.00,0.00,3273.05,3273.05,3273.05,57264.85,4005.55,210,0,0,0.00,0,F1,30,,,,,
2026-07-31,2026-07-31,FO,NSE,IDO,69676,,BANKNIFTY,,2026-09-29,2026-09-29,52600.00,CE,BANKNIFTY26SEP52600CE,0.00,0.00,0.00,6236.45,0.00,6236.45,57264.85,5528.20,0,0,0,0.00,0,F1,30,,,,,
2026-07-31,2026-07-31,FO,NSE,IDO,52264,,BANKNIFTY,,2026-09-29,2026-09-29,43500.00,CE,BANKNIFTY26SEP43500CE,0.00,0.00,0.00,13878.45,0.00,13878.45,57264.85,14237.45,0,0,0,0.00,0,F1,30,,,,,
2026-07-31,2026-07-31,FO,NSE,IDO,59330,,BANKNIFTY,,2026-08-25,2026-08-25,64500.00,CE,BANKNIFTY26AUG64500CE,6.20,6.70,5.15,5.70,5.65,6.20,57264.85,5.70,33990,-330,1880,3638134623.00,955,F1,30,,,,,
2026-07-31,2026-07-31,FO,NSE,IDO,59302,,BANKNIFTY,,2026-08-25,2026-08-25,63600.00,CE,BANKNIFTY26AUG63600CE,0.00,0.00,0.00,344.10,0.00,344.10,57264.85,40.90,0,0,0,0.00,0,F1,30,,,,,
2026-07-31,2026-07-31,FO,NSE,IDO,59296,,BANKNIFTY,,2026-08-25,2026-08-25,63300.00,CE,BANKNIFTY26AUG63300CE,7.75,9.05,6.90,7.60,7.40,7.75,57264.85,7.60,8040,5430,719,1365550201.50,430,F1,30,,,,,
2026-07-31,2026-07-31,FO,NSE,IDO,59098,,BANKNIFTY,,2026-08-25,2026-08-25,57900.00,CE,BANKNIFTY26AUG57900CE,527.00,625.15,500.00,515.70,514.20,515.90,57264.85,515.70,90330,-4710,8166,14320440076.50,6553,F1,30,,,,,
2026-07-31,2026-07-31,FO,NSE,IDO,59079,,BANKNIFTY,,2026-08-25,2026-08-25,57000.00,CE,BANKNIFTY26AUG57000CE,1001.20,1124.80,962.00,984.70,965.05,954.10,57264.85,984.70,775440,-28500,48642,84678579015.00,32906,F1,30,,,,,
2026-07-31,2026-07-31,FO,NSE,IDO,58972,,BANKNIFTY,,2026-08-25,2026-08-25,53800.00,CE,BANKNIFTY26AUG53800CE,0.00,0.00,0.00,3190.90,3190.90,3190.90,57264.85,3849.60,90,0,0,0.00,0,F1,30,,,,,
2026-07-31,2026-07-31,FO,NSE,IDO,58876,,BANKNIFTY,,2026-08-25,2026-08-25,50900.00,CE,BANKNIFTY26AUG50900CE,0.00,0.00,0.00,5523.50,0.00,5523.50,57264.85,6589.35,0,0,0,0.00,0,F1,30,,,,,
2026-07-31,2026-07-31,FO,NSE,IDO,58842,,BANKNIFTY,,2026-08-25,2026-08-25,49600.00,CE,BANKNIFTY26AUG49600CE,0.00,0.00,0.00,6585.05,0.00,6585.05,57264.85,7874.20,0,0,0,0.00,0,F1,30,,,,,
2026-07-31,2026-07-31,FO,NSE,IDO,49546,,BANKNIFTY,,2026-10-27,2026-10-27,59000.00,PE,BANKNIFTY26OCT59000PE,1800.00,1850.00,1800.00,1850.00,1850.00,2250.00,57264.85,2764.50,270,240,9,16423500.00,3,F1,30,,,,,
2026-07-31,2026-07-31,FO,NSE,IDO,49553,,BANKNIFTY,,2026-10-27,2026-10-27,59200.00,PE,BANKNIFTY26OCT59200PE,0.00,0.00,0.00,3253.65,0.00,3253.65,57264.85,2878.75,0,0,0,0.00,0,F1,30,,,,,
2026-07-31,2026-07-31,FO,NSE,IDO,49557,,BANKNIFTY,,2026-10-27,2026-10-27,59300.00,PE,BANKNIFTY26OCT59300PE,0.00,0.00,0.00,3315.25,0.00,3315.25,57264.85,2936.85,0,0,0,0.00,0,F1,30,,,,,
2026-07-31,2026-07-31,FO,NSE,IDO,49560,,BANKNIFTY,,2026-10-27,2026-10-27,59400.00,PE,BANKNIFTY26OCT59400PE,0.00,0.00,0.00,3377.45,0.00,3377.45,57264.85,2995.60,0,0,0,0.00,0,F1,30,,,,,
2026-07-31,2026-07-31,FO,NSE,IDO,49604,,BANKNIFTY,,2026-10-27,2026-10-27,61400.00,PE,BANKNIFTY26OCT61400PE,0.00,0.00,0.00,4740.05,0.00,4740.05,57264.85,4296.15,0,0,0,0.00,0,F1,30,,,,,
2026-07-31,2026-07-31,FO,NSE,IDO,49608,,BANKNIFTY,,2026-10-27,2026-10-27,61500.00,PE,BANKNIFTY26OCT61500PE,0.00,0.00,0.00,4816.30,0.00,4816.30,57264.85,4367.10,0,0,0,0.00,0,F1,30,,,,,
2026-07-31,2026-07-31,FO,NSE,IDO,49620,,BANKNIFTY,,2026-10-27,2026-10-27,62000.00,PE,BANKNIFTY26OCT62000PE,0.00,0.00,0.00,5192.60,0.00,5192.60,57264.85,4732.25,0,0,0,0.00,0,F1,30,,,,,
2026-07-31,2026-07-31,FO,NSE,IDO,49678,,BANKNIFTY,,2026-10-27,2026-10-27,64000.00,PE,BANKNIFTY26OCT64000PE,0.00,0.00,0.00,6799.40,0.00,6799.40,57264.85,6297.20,0,0,0,0.00,0,F1,30,,,,,
2026-07-31,2026-07-31,FO,NSE,IDO,76434,,BANKNIFTY,,2027-03-30,2027-03-30,66000.00,PE,BANKNIFTY27MAR66000PE,0.00,0.00,0.00,12012.15,0.00,12012.15,57264.85,7664.50,0,0,0,0.00,0,F1,30,,,,,
2026-07-31,2026-07-31,FO,NSE,IDO,70764,,BANKNIFTY,,2027-06-29,2027-06-29,49500.00,PE,BANKNIFTY27JUN49500PE,0.00,0.00,0.00,905.05,0.00,905.05,57264.85,789.50,0,0,0,0.00,0,F1,30,,,,,
2026-07-31,2026-07-31,FO,NSE,IDO,70787,,BANKNIFTY,,2027-06-29,2027-06-29,54000.00,PE,BANKNIFTY27JUN54000PE,0.00,0.00,0.00,1949.60,0.00,1949.60,57264.85,1798.00,0,0,0,0.00,0,F1,30,,,,,
2026-07-31,2026-07-31,FO,NSE,IDO,70793,,BANKNIFTY,,2027-06-29,2027-06-29,57000.00,PE,BANKNIFTY27JUN57000PE,0.00,0.00,0.00,2963.90,0.00,2963.90,57264.85,2806.30,0,0,0,0.00,0,F1,30,,,,,
2026-07-31,2026-07-31,FO,NSE,IDO,49492,,BANKNIFTY,,2026-10-27,2026-10-27,56800.00,PE,BANKNIFTY26OCT56800PE,0.00,0.00,0.00,1965.05,0.00,1965.05,57264.85,1680.85,0,0,0,0.00,0,F1,30,,,,,
2026-07-31,2026-07-31,FO,NSE,IDO,49504,,BANKNIFTY,,2026-10-27,2026-10-27,57400.00,PE,BANKNIFTY26OCT57400PE,0.00,0.00,0.00,1400.00,1400.00,1400.00,57264.85,1944.55,30,0,0,0.00,0,F1,30,,,,,
2026-07-31,2026-07-31,FO,NSE,IDO,49510,,BANKNIFTY,,2026-10-27,2026-10-27,57600.00,PE,BANKNIFTY26OCT57600PE,0.00,0.00,0.00,2353.15,0.00,2353.15,57264.85,2037.80,0,0,0,0.00,0,F1,30,,,,,
2026-07-31,2026-07-31,FO,NSE,IDO,49480,,BANKNIFTY,,2026-10-27,2026-10-27,56500.00,PE,BANKNIFTY26OCT56500PE,0.00,0.00,0.00,1830.30,0.00,1830.30,57264.85,1558.05,0,0,0,0.00,0,F1,30,,,,,
2026-07-31,2026-07-31,FO,NSE,IDO,49464,,BANKNIFTY,,2026-10-27,2026-10-27,55800.00,PE,BANKNIFTY26OCT55800PE,0.00,0.00,0.00,1538.95,0.00,1538.95,57264.85,1294.50,0,0,0,0.00,0,F1,30,,,,,
2026-07-31,2026-07-31,FO,NSE,IDO,49460,,BANKNIFTY,,2026-10-27,2026-10-27,55600.00,PE,BANKNIFTY26OCT55600PE,0.00,0.00,0.00,1461.60,0.00,1461.60,57264.85,1225.05,0,0,0,0.00,0,F1,30,,,,,
2026-07-31,2026-07-31,FO,NSE,IDO,49442,,BANKNIFTY,,2026-10-27,2026-10-27,55000.00,PE,BANKNIFTY26OCT55000PE,0.00,0.00,0.00,1245.00,0.00,1245.00,57264.85,1032.05,0,0,0,0.00,0,F1,30,,,,,
2026-07-31,2026-07-31,FO,NSE,IDO,49414,,BANKNIFTY,,2026-10-27,2026-10-27,53900.00,PE,BANKNIFTY26OCT53900PE,0.00,0.00,0.00,909.10,0.00,909.10,57264.85,736.15,0,0,0,0.00,0,F1,30,,,,,
2026-07-31,2026-07-31,FO,NSE,IDO,49382,,BANKNIFTY,,2026-10-27,2026-10-27,52700.00,PE,BANKNIFTY26OCT52700PE,0.00,0.00,0.00,619.10,0.00,619.10,57264.85,488.90,0,0,0,0.00,0,F1,30,,,,,
2026-07-31,2026-07-31,FO,NSE,IDO,49378,,BANKNIFTY,,2026-10-27,2026-10-27,52500.00,PE,BANKNIFTY26OCT52500PE,0.00,0.00,0.00,578.50,0.00,578.50,57264.85,454.70,0,0,0,0.00,0,F1,30,,,,,
2026-07-31,2026-07-31,FO,NSE,IDO,49372,,BANKNIFTY,,2026-10-27,2026-10-27,52200.00,PE,BANKNIFTY26OCT52200PE,0.00,0.00,0.00,521.40,0.00,521.40,57264.85,406.85,0,0,0,0.00,0,F1,30,,,,,
2026-07-31,2026-07-31,FO,NSE,IDO,49301,,BANKNIFTY,,2026-10-27,2026-10-27,49500.00,PE,BANKNIFTY26OCT49500PE,0.00,0.00,0.00,179.20,0.00,179.20,57264.85,129.65,0,0,0,0.00,0,F1,30,,,,,
2026-07-31,2026-07-31,FO,NSE,IDO,70032,,BANKNIFTY,,2026-09-29,2026-09-29,61100.00,PE,BANKNIFTY26SEP61100PE,0.00,0.00,0.00,4009.30,0.00,4009.30,57264.85,3955.55,0,0,0,0.00,0,F1,30,,,,,
2026-07-31,2026-07-31,FO,NSE,IDO,70016,,BANKNIFTY,,2026-09-29,2026-09-29,60300.00,PE,BANKNIFTY26SEP60300PE,0.00,0.00,0.00,3489.75,0.00,3489.75,57264.85,3377.55,0,0,0,0.00,0,F1,30,,,,,
2026-07-31,2026-07-31,FO,NSE,IDO,52298,,BANKNIFTY,,2026-09-29,2026-09-29,55500.00,PE,BANKNIFTY26SEP55500PE,450.00,455.00,397.90,423.05,427.90,494.95,57264.85,423.05,102240,690,1036,1738007947.50,609,F1,30,,,,,
2026-07-31,2026-07-31,FO,NSE,IDO,69776,,BANKNIFTY,,2026-09-29,2026-09-29,55300.00,PE,BANKNIFTY26SEP55300PE,0.00,0.00,0.00,1131.30,0.00,1131.30,57264.85,868.35,0,0,0,0.00,0,F1,30,,,,,
2026-07-31,2026-07-31,FO,NSE,IDO,58997,,BANKNIFTY,,2026-08-25,2026-08-25,54600.00,PE,BANKNIFTY26AUG54600PE,108.30,118.65,90.20,101.80,102.75,136.30,57264.85,101.80,32460,10710,2318,3803999073.00,1190,F1,30,,,,,
2026-07-31,2026-07-31,FO,NSE,IDO,59162,,BANKNIFTY,,2026-08-25,2026-08-25,59700.00,PE,BANKNIFTY26AUG59700PE,2366.65,2366.65,2320.40,2331.40,2342.40,2499.60,57264.85,2331.40,540,240,12,22341103.50,9,F1,30,,,,,
2026-07-31,2026-07-31,FO,NSE,IDO,59231,,BANKNIFTY,,2026-08-25,2026-08-25,61300.00,PE,BANKNIFTY26AUG61300PE,0.00,0.00,0.00,5960.15,0.00,5960.15,57264.85,3969.65,0,0,0,0.00,0,F1,30,,,,,
2026-07-31,2026-07-31,FO,NSE,IDO,59313,,BANKNIFTY,,2026-08-25,2026-08-25,63800.00,PE,BANKNIFTY26AUG63800PE,0.00,0.00,0.00,8088.80,0.00,8088.80,57264.85,6304.85,0,0,0,0.00,0,F1,30,,,,,
2026-07-31,2026-07-31,FO,NSE,IDO,59320,,BANKNIFTY,,2026-08-25,2026-08-25,64100.00,PE,BANKNIFTY26AUG64100PE,0.00,0.00,0.00,8356.45,0.00,8356.45,57264.85,6596.45,0,0,0,0.00,0,F1,30,,,,,
2026-07-31,2026-07-31,FO,NSE,IDO,69705,,BANKNIFTY,,2026-09-29,2026-09-29,54100.00,PE,BANKNIFTY26SEP54100PE,0.00,0.00,0.00,796.95,0.00,796.95,57264.85,555.75,0,0,0,0.00,0,F1,30,,,,,
2026-07-31,2026-07-31,FO,NSE,IDO,69807,,BANKNIFTY,,2026-09-29,2026-09-29,56700.00,PE,BANKNIFTY26SEP56700PE,787.05,795.00,724.35,724.35,724.35,854.65,57264.85,1370.25,3060,630,60,103446174.00,31,F1,30,,,,,
2026-07-31,2026-07-31,FO,NSE,IDO,69827,,BANKNIFTY,,2026-09-29,2026-09-29,57700.00,PE,BANKNIFTY26SEP57700PE,1148.35,1149.00,1081.60,1135.70,1143.85,1253.95,57264.85,1135.70,1770,360,24,42350401.50,20,F1,30,,,,,
2026-07-31,2026-07-31,FO,NSE,IDO,69839,,BANKNIFTY,,2026-09-29,2026-09-29,58000.00,PE,BANKNIFTY26SEP58000PE,1300.00,1340.00,1210.10,1271.10,1280.00,1401.00,57264.85,1271.10,183480,3720,700,1244678704.50,466,F1,30,,,,,
2026-07-31,2026-07-31,FO,NSE,IDO,70081,,BANKNIFTY,,2026-09-29,2026-09-29,62200.00,PE,BANKNIFTY26SEP62200PE,0.00,0.00,0.00,4779.90,0.00,4779.90,57264.85,4807.50,0,0,0,0.00,0,F1,30,,,,,
2026-07-31,2026-07-31,FO,NSE,IDO,70087,,BANKNIFTY,,2026-09-29,2026-09-29,62500.00,PE,BANKNIFTY26SEP62500PE,0.00,0.00,0.00,5003.35,0.00,5003.35,57264.85,5051.45,0,0,0,0.00,0,F1,30,,,,,
2026-07-31,2026-07-31,FO,NSE,IDO,70100,,BANKNIFTY,,2026-09-29,2026-09-29,63200.00,PE,BANKNIFTY26SEP63200PE,0.00,0.00,0.00,5532.80,0.00,5532.80,57264.85,5636.90,0,0,0,0.00,0,F1,30,,,,,
2026-07-31,2026-07-31,FO,NSE,IDO,59060,,BANKNIFTY,,2026-08-25,2026-08-25,56700.00,PE,BANKNIFTY26AUG56700PE,491.00,522.20,430.60,470.15,477.50,578.75,57264.85,470.15,101280,16710,6555,11242901421.00,5071,F1,30,,,,,
2026-07-31,2026-07-31,FO,NSE,IDO,70797,,BANKNIFTY,,2027-06-29,2027-06-29,60000.00,PE,BANKNIFTY27JUN60000PE,0.00,0.00,0.00,4251.70,0.00,4251.70,57264.85,4106.55,0,0,0,0.00,0,F1,30,,,,,
2026-07-31,2026-07-31,FO,NSE,IDO,53249,,BANKNIFTY,,2026-12-29,2026-12-29,64500.00,PE,BANKNIFTY26DEC64500PE,0.00,0.00,0.00,4582.05,0.00,4582.05,57264.85,6661.70,0,0,0,0.00,0,F1,30,,,,,
2026-07-31,2026-07-31,FO,NSE,IDO,69697,,BANKNIFTY,,2026-09-29,2026-09-29,53600.00,PE,BANKNIFTY26SEP53600PE,0.00,0.00,0.00,680.90,0.00,680.90,57264.85,453.50,0,0,0,0.00,0,F1,30,,,,,
2026-07-31,2026-07-31,FO,NSE,IDO,69760,,BANKNIFTY,,2026-09-29,2026-09-29,54600.00,PE,BANKNIFTY26SEP54600PE,0.00,0.00,0.00,928.20,0.00,928.20,57264.85,676.20,0,0,0,0.00,0,F1,30,,,,,
2026-07-31,2026-07-31,FO,NSE,IDO,69766,,BANKNIFTY,,2026-09-29,2026-09-29,54900.00,PE,BANKNIFTY26SEP54900PE,0.00,0.00,0.00,1010.25,0.00,1010.25,57264.85,754.95,0,0,0,0.00,0,F1,30,,,,,
2026-07-31,2026-07-31,FO,NSE,IDO,69792,,BANKNIFTY,,2026-09-29,2026-09-29,56000.00,PE,BANKNIFTY26SEP56000PE,546.45,583.00,506.25,535.55,545.00,613.95,57264.85,535.55,128310,7590,986,1672243009.50,670,F1,30,,,,,
2026-07-31,2026-07-31,FO,NSE,IDO,69794,,BANKNIFTY,,2026-09-29,2026-09-29,56100.00,PE,BANKNIFTY26SEP56100PE,0.00,0.00,0.00,868.95,867.05,868.95,57264.85,1136.30,420,0,0,0.00,0,F1,30,,,,,
2026-07-31,2026-07-31,FO,NSE,IDO,69796,,BANKNIFTY,,2026-09-29,2026-09-29,56200.00,PE,BANKNIFTY26SEP56200PE,599.70,599.70,560.30,573.70,573.70,776.50,57264.85,1173.30,3540,2250,78,132841071.00,58,F1,30,,,,,
2026-07-31,2026-07-31,FO,NSE,IDO,70114,,BANKNIFTY,,2026-09-29,2026-09-29,63900.00,PE,BANKNIFTY26SEP63900PE,0.00,0.00,0.00,6084.95,0.00,6084.95,57264.85,6242.45,0,0,0,0.00,0,F1,30,,,,,
2026-07-31,2026-07-31,FO,NSE,IDO,49380,,BANKNIFTY,,2026-10-27,2026-10-27,52600.00,PE,BANKNIFTY26OCT52600PE,0.00,0.00,0.00,598.55,0.00,598.55,57264.85,471.60,0,0,0,0.00,0,F1,30,,,,,
2026-07-31,2026-07-31,FO,NSE,IDO,49434,,BANKNIFTY,,2026-10-27,2026-10-27,54800.00,PE,BANKNIFTY26OCT54800PE,0.00,0.00,0.00,1177.90,0.00,1177.90,57264.85,972.65,0,0,0,0.00,0,F1,30,,,,,
2026-07-31,2026-07-31,FO,NSE,IDO,49450,,BANKNIFTY,,2026-10-27,2026-10-27,55300.00,PE,BANKNIFTY26OCT55300PE,0.00,0.00,0.00,1350.40,0.00,1350.40,57264.85,1125.70,0,0,0,0.00,0,F1,30,,,,,
2026-07-31,2026-07-31,FO,NSE,IDO,49549,,BANKNIFTY,,2026-10-27,2026-10-27,59100.00,PE,BANKNIFTY26OCT59100PE,0.00,0.00,0.00,3192.70,0.00,3192.70,57264.85,2821.30,0,0,0,0.00,0,F1,30,,,,,
2026-07-31,2026-07-31,FO,NSE,IDO,53221,,BANKNIFTY,,2026-12-29,2026-12-29,51000.00,PE,BANKNIFTY26DEC51000PE,240.10,270.00,210.00,234.95,234.95,268.00,57264.85,515.40,1230,240,14,21514651.50,8,F1,30,,,,,
2026-07-31,2026-07-31,FO,NSE,IDO,53225,,BANKNIFTY,,2026-12-29,2026-12-29,54000.00,PE,BANKNIFTY26DEC54000PE,520.00,545.00,507.55,524.40,523.00,572.60,57264.85,524.40,20580,-570,173,282975498.00,123,F1,30,,,,,
2026-07-31,2026-07-31,FO,NSE,IDO,53224,,BANKNIFTY,,2026-12-29,2026-12-29,54000.00,CE,BANKNIFTY26DEC54000CE,0.00,0.00,0.00,9099.90,0.00,9099.90,57264.85,5876.20,0,0,0,0.00,0,F1,30,,,,,
2026-07-31,2026-07-31,FO,NSE,IDO,49607,,BANKNIFTY,,2026-10-27,2026-10-27,61500.00,CE,BANKNIFTY26OCT61500CE,0.00,0.00,0.00,995.60,0.00,995.60,57264.85,1108.65,0,0,0,0.00,0,F1,30,,,,,
2026-07-31,2026-07-31,FO,NSE,IDO,49569,,BANKNIFTY,,2026-10-27,2026-10-27,59900.00,CE,BANKNIFTY26OCT59900CE,0.00,0.00,0.00,1452.45,0.00,1452.45,57264.85,1614.65,0,0,0,0.00,0,F1,30,,,,,
2026-07-31,2026-07-31,FO,NSE,IDO,49554,,BANKNIFTY,,2026-10-27,2026-10-27,59300.00,CE,BANKNIFTY26OCT59300CE,0.00,0.00,0.00,1661.50,0.00,1661.50,57264.85,1843.45,0,0,0,0.00,0,F1,30,,,,,
2026-07-31,2026-07-31,FO,NSE,IDO,49539,,BANKNIFTY,,2026-10-27,2026-10-27,58700.00,CE,BANKNIFTY26OCT58700CE,0.00,0.00,0.00,1892.20,0.00,1892.20,57264.85,2095.00,0,0,0,0.00,0,F1,30,,,,,
2026-07-31,2026-07-31,FO,NSE,IDO,53241,,BANKNIFTY,,2026-12-29,2026-12-29,60000.00,PE,BANKNIFTY26DEC60000PE,2427.45,2500.00,2376.05,2469.45,2479.00,2589.35,57264.85,2469.45,17160,90,27,50584048.50,25,F1,30,,,,,
2026-07-31,2026-07-31,FO,NSE,IDO,53223,,BANKNIFTY,,2026-12-29,2026-12-29,52500.00,PE,BANKNIFTY26DEC52500PE,330.00,340.00,325.00,334.20,325.00,370.00,57264.85,334.20,2820,30,7,11095050.00,7,F1,30,,,,,
2026-07-31,2026-07-31,FO,NSE,IDO,49660,,BANKNIFTY,,2026-10-27,2026-10-27,63500.00,PE,BANKNIFTY26OCT63500PE,0.00,0.00,0.00,6382.75,0.00,6382.75,57264.85,5889.75,0,0,0,0.00,0,F1,30,,,,,
2026-07-31,2026-07-31,FO,NSE,IDO,49614,,BANKNIFTY,,2026-10-27,2026-10-27,61700.00,PE,BANKNIFTY26OCT61700PE,0.00,0.00,0.00,4965.40,0.00,4965.40,57264.85,4510.60,0,0,0,0.00,0,F1,30,,,,,
2026-07-31,2026-07-31,FO,NSE,IDO,49582,,BANKNIFTY,,2026-10-27,2026-10-27,60400.00,PE,BANKNIFTY26OCT60400PE,0.00,0.00,0.00,4031.35,0.00,4031.35,57264.85,3616.65,0,0,0,0.00,0,F1,30,,,,,
2026-07-31,2026-07-31,FO,NSE,IDO,49576,,BANKNIFTY,,2026-10-27,2026-10-27,60100.00,PE,BANKNIFTY26OCT60100PE,0.00,0.00,0.00,3829.15,0.00,3829.15,57264.85,3424.00,0,0,0,0.00,0,F1,30,,,,,
2026-07-31,2026-07-31,FO,NSE,IDO,49528,,BANKNIFTY,,2026-10-27,2026-10-27,58300.00,PE,BANKNIFTY26OCT58300PE,0.00,0.00,0.00,2727.15,0.00,2727.15,57264.85,2384.90,0,0,0,0.00,0,F1,30,,,,,
2026-07-31,2026-07-31,FO,NSE,IDO,49404,,BANKNIFTY,,2026-10-27,2026-10-27,53500.00,PE,BANKNIFTY26OCT53500PE,0.00,0.00,0.00,804.60,0.00,804.60,57264.85,645.35,0,0,0,0.00,0,F1,30,,,,,
2026-07-31,2026-07-31,FO,NSE,IDO,49364,,BANKNIFTY,,2026-10-27,2026-10-27,51800.00,PE,BANKNIFTY26OCT51800PE,0.00,0.00,0.00,452.00,0.00,452.00,57264.85,349.15,0,0,0,0.00,0,F1,30,,,,,
2026-07-31,2026-07-31,FO,NSE,IDO,70116,,BANKNIFTY,,2026-09-29,2026-09-29,64000.00,PE,BANKNIFTY26SEP64000PE,0.00,0.00,0.00,6165.45,0.00,6165.45,57264.85,6330.45,0,0,0,0.00,0,F1,30,,,,,
2026-07-31,2026-07-31,FO,NSE,IDF,58067,,BANKNIFTY,,2026-08-25,2026-08-25,,,BANKNIFTY26AUGFUT,57460.00,57576.00,57361.00,57425.20,57412.00,57294.60,57264.85,57425.20,2115210,-12450,13806,23801443116.00,8924,F1,30,,,,,
2026-07-31,2026-07-31,FO,NSE,IDF,48699,,BANKNIFTY,,2026-10-27,2026-10-27,,,BANKNIFTY26OCTFUT,58345.40,58345.40,58046.80,58092.60,58077.20,57964.40,57264.85,58092.60,10650,3000,319,556390554.00,222,F1,30,,,,,
2026-07-31,2026-07-31,FO,NSE,IDO,58810,,BANKNIFTY,,2026-08-25,2026-08-25,48900.00,CE,BANKNIFTY26AUG48900CE,0.00,0.00,0.00,7186.90,0.00,7186.90,57264.85,8569.60,0,0,0,0.00,0,F1,30,,,,,
2026-07-31,2026-07-31,FO,NSE,IDO,58848,,BANKNIFTY,,2026-08-25,2026-08-25,49800.00,CE,BANKNIFTY26AUG49800CE,0.00,0.00,0.00,6416.75,0.00,6416.75,57264.85,7675.80,0,0,0,0.00,0,F1,30,,,,,
2026-07-31,2026-07-31,FO,NSE,IDO,58852,,BANKNIFTY,,2026-08-25,2026-08-25,50000.00,CE,BANKNIFTY26AUG50000CE,7468.55,7490.60,7330.00,7350.00,7350.00,7209.55,57264.85,7350.00,124140,-90,13,22392994.50,11,F1,30,,,,,
2026-07-31,2026-07-31,FO,NSE,IDO,58862,,BANKNIFTY,,2026-08-25,2026-08-25,50300.00,CE,BANKNIFTY26AUG50300CE,0.00,0.00,0.00,6003.65,0.00,6003.65,57264.85,7180.80,0,0,0,0.00,0,F1,30,,,,,
2026-07-31,2026-07-31,FO,NSE,IDO,58918,,BANKNIFTY,,2026-08-25,2026-08-25,51900.00,CE,BANKNIFTY26AUG51900CE,0.00,0.00,0.00,4766.95,0.00,4766.95,57264.85,5614.85,0,0,0,0.00,0,F1,30,,,,,
2026-07-31,2026-07-31,FO,NSE,IDO,59000,,BANKNIFTY,,2026-08-25,2026-08-25,54800.00,CE,BANKNIFTY26AUG54800CE,2758.25,2758.25,2758.25,2758.25,2758.25,2398.20,57264.85,3006.30,120,-120,4,6906990.00,1,F1,30,,,,,
2026-07-31,2026-07-31,FO,NSE,IDO,59090,,BANKNIFTY,,2026-08-25,2026-08-25,57500.00,CE,BANKNIFTY26AUG57500CE,743.15,827.95,689.60,705.00,692.00,692.50,57264.85,705.00,624900,123750,74418,130034043124.50,52989,F1,30,,,,,
2026-07-31,2026-07-31,FO,NSE,IDO,59108,,BANKNIFTY,,2026-08-25,2026-08-25,58000.00,CE,BANKNIFTY26AUG58000CE,500.00,578.40,461.00,472.50,461.00,472.45,57264.85,472.50,2153460,28020,77553,136129452459.00,52714,F1,30,,,,,
2026-07-31,2026-07-31,FO,NSE,IDO,59119,,BANKNIFTY,,2026-08-25,2026-08-25,58300.00,CE,BANKNIFTY26AUG58300CE,380.00,459.85,352.60,364.80,352.60,370.40,57264.85,364.80,80760,19230,8193,14428037631.00,6502,F1,30,,,,,
2026-07-31,2026-07-31,FO,NSE,IDO,59167,,BANKNIFTY,,2026-08-25,2026-08-25,60000.00,CE,BANKNIFTY26AUG60000CE,90.00,93.95,64.10,66.40,66.90,78.25,57264.85,66.40,1168620,48360,47624,85828563594.00,21684,F1,30,,,,,
2026-07-31,2026-07-31,FO,NSE,IDO,59221,,BANKNIFTY,,2026-08-25,2026-08-25,61000.00,CE,BANKNIFTY26AUG61000CE,29.95,33.70,23.50,24.35,25.05,29.40,57264.85,24.35,546420,-43500,18986,34760084679.00,9520,F1,30,,,,,
2026-07-31,2026-07-31,FO,NSE,IDO,52282,,BANKNIFTY,,2026-09-29,2026-09-29,51000.00,CE,BANKNIFTY26SEP51000CE,0.00,0.00,0.00,7836.25,0.00,7836.25,57264.85,6949.70,0,0,0,0.00,0,F1,30,,,,,
2026-07-31,2026-07-31,FO,NSE,IDO,69666,,BANKNIFTY,,2026-09-29,2026-09-29,52000.00,CE,BANKNIFTY26SEP52000CE,0.00,0.00,0.00,5430.00,5430.00,5430.00,57264.85,6049.10,150,0,0,0.00,0,F1,30,,,,,
2026-07-31,2026-07-31,FO,NSE,IDO,69680,,BANKNIFTY,,2026-09-29,2026-09-29,52800.00,CE,BANKNIFTY26SEP52800CE,0.00,0.00,0.00,6074.55,0.00,6074.55,57264.85,5358.35,0,0,0,0.00,0,F1,30,,,,,
2026-07-31,2026-07-31,FO,NSE,IDO,69690,,BANKNIFTY,,2026-09-29,2026-09-29,53300.00,CE,BANKNIFTY26SEP53300CE,0.00,0.00,0.00,5678.00,0.00,5678.00,57264.85,4942.85,0,0,0,0.00,0,F1,30,,,,,
2026-07-31,2026-07-31,FO,NSE,IDO,69767,,BANKNIFTY,,2026-09-29,2026-09-29,55000.00,CE,BANKNIFTY26SEP55000CE,3100.00,3157.55,3060.00,3085.00,3060.00,2980.50,57264.85,3085.00,13320,1710,64,111547104.00,28,F1,30,,,,,
2026-07-31,2026-07-31,FO,NSE,IDO,69775,,BANKNIFTY,,2026-09-29,2026-09-29,55300.00,CE,BANKNIFTY26SEP55300CE,0.00,0.00,0.00,4222.45,0.00,4222.45,57264.85,3433.55,0,0,0,0.00,0,F1,30,,,,,
2026-07-31,2026-07-31,FO,NSE,IDO,69783,,BANKNIFTY,,2026-09-29,2026-09-29,55800.00,CE,BANKNIFTY26SEP55800CE,0.00,0.00,0.00,3895.05,0.00,3895.05,57264.85,3100.60,0,0,0,0.00,0,F1,30,,,,,
2026-07-31,2026-07-31,FO,NSE,IDO,52334,,BANKNIFTY,,2026-09-29,2026-09-29,57000.00,CE,BANKNIFTY26SEP57000CE,1700.00,1757.35,1612.00,1619.50,1612.00,1589.45,57264.85,1619.50,45300,240,470,827306994.00,323,F1,30,,,,,
2026-07-31,2026-07-31,FO,NSE,IDO,69832,,BANKNIFTY,,2026-09-29,2026-09-29,57900.00,CE,BANKNIFTY26SEP57900CE,1226.95,1227.75,1104.05,1104.05,1104.05,1094.35,57264.85,1104.05,2070,0,15,26581158.00,14,F1,30,,,,,
2026-07-31,2026-07-31,FO,NSE,IDO,69853,,BANKNIFTY,,2026-09-29,2026-09-29,58600.00,CE,BANKNIFTY26SEP58600CE,0.00,0.00,0.00,1400.60,1400.60,1400.60,57264.85,1604.40,480,0,0,0.00,0,F1,30,,,,,
2026-07-31,2026-07-31,FO,NSE,IDO,70011,,BANKNIFTY,,2026-09-29,2026-09-29,60100.00,CE,BANKNIFTY26SEP60100CE,0.00,0.00,0.00,1730.30,0.00,1730.30,57264.85,1057.60,0,0,0,0.00,0,F1,30,,,,,
2026-07-31,2026-07-31,FO,NSE,IDO,70027,,BANKNIFTY,,2026-09-29,2026-09-29,60900.00,CE,BANKNIFTY26SEP60900CE,0.00,0.00,0.00,1453.10,0.00,1453.10,57264.85,831.20,0,0,0,0.00,0,F1,30,,,,,
2026-07-31,2026-07-31,FO,NSE,IDO,70084,,BANKNIFTY,,2026-09-29,2026-09-29,62400.00,CE,BANKNIFTY26SEP62400CE,0.00,0.00,0.00,1029.20,0.00,1029.20,57264.85,511.90,0,0,0,0.00,0,F1,30,,,,,
2026-07-31,2026-07-31,FO,NSE,IDO,70091,,BANKNIFTY,,2026-09-29,2026-09-29,62700.00,CE,BANKNIFTY26SEP62700CE,0.00,0.00,0.00,957.70,0.00,957.70,57264.85,462.00,0,0,0,0.00,0,F1,30,,,,,
2026-07-31,2026-07-31,FO,NSE,IDO,49310,,BANKNIFTY,,2026-10-27,2026-10-27,50000.00,CE,BANKNIFTY26OCT50000CE,0.00,0.00,0.00,7729.20,0.00,7729.20,57264.85,8222.50,0,0,0,0.00,0,F1,30,,,,,
2026-07-31,2026-07-31,FO,NSE,IDO,49320,,BANKNIFTY,,2026-10-27,2026-10-27,50500.00,CE,BANKNIFTY26OCT50500CE,0.00,0.00,0.00,7288.15,0.00,7288.15,57264.85,7771.25,0,0,0,0.00,0,F1,30,,,,,
2026-07-31,2026-07-31,FO,NSE,IDO,49403,,BANKNIFTY,,2026-10-27,2026-10-27,53500.00,CE,BANKNIFTY26OCT53500CE,0.00,0.00,0.00,4863.70,0.00,4863.70,57264.85,5259.85,0,0,0,0.00,0,F1,30,,,,,
2026-07-31,2026-07-31,FO,NSE,IDO,49411,,BANKNIFTY,,2026-10-27,2026-10-27,53800.00,CE,BANKNIFTY26OCT53800CE,0.00,0.00,0.00,4645.75,0.00,4645.75,57264.85,5031.90,0,0,0,0.00,0,F1,30,,,,,
2026-07-31,2026-07-31,FO,NSE,IDO,49427,,BANKNIFTY,,2026-10-27,2026-10-27,54600.00,CE,BANKNIFTY26OCT54600CE,0.00,0.00,0.00,4089.00,0.00,4089.00,57264.85,4450.15,0,0,0,0.00,0,F1,30,,,,,
2026-07-31,2026-07-31,FO,NSE,IDO,49471,,BANKNIFTY,,2026-10-27,2026-10-27,56200.00,CE,BANKNIFTY26OCT56200CE,0.00,0.00,0.00,3101.20,0.00,3101.20,57264.85,3398.55,0,0,0,0.00,0,F1,30,,,,,
2026-07-31,2026-07-31,FO,NSE,IDO,49505,,BANKNIFTY,,2026-10-27,2026-10-27,57500.00,CE,BANKNIFTY26OCT57500CE,0.00,0.00,0.00,1737.30,1737.30,1737.30,57264.85,2668.85,240,0,0,0.00,0,F1,30,,,,,
2026-07-31,2026-07-31,FO,NSE,IDO,49519,,BANKNIFTY,,2026-10-27,2026-10-27,58000.00,CE,BANKNIFTY26OCT58000CE,1478.40,1537.50,1460.00,1471.35,1460.00,1433.95,57264.85,1471.35,3510,2250,99,176698251.00,59,F1,30,,,,,
2026-07-31,2026-07-31,FO,NSE,IDO,49595,,BANKNIFTY,,2026-10-27,2026-10-27,61000.00,CE,BANKNIFTY26OCT61000CE,0.00,0.00,0.00,1122.10,0.00,1122.10,57264.85,1251.30,0,0,0,0.00,0,F1,30,,,,,
2026-07-31,2026-07-31,FO,NSE,IDO,49611,,BANKNIFTY,,2026-10-27,2026-10-27,61700.00,CE,BANKNIFTY26OCT61700CE,0.00,0.00,0.00,947.70,0.00,947.70,57264.85,1055.30,0,0,0,0.00,0,F1,30,,,,,
2026-07-31,2026-07-31,FO,NSE,IDO,70800,,BANKNIFTY,,2027-06-29,2027-06-29,63000.00,CE,BANKNIFTY27JUN63000CE,0.00,0.00,0.00,4124.65,0.00,4124.65,57264.85,3657.60,0,0,0,0.00,0,F1,30,,,,,
2026-07-31,2026-07-31,FO,NSE,IDO,58819,,BANKNIFTY,,2026-08-25,2026-08-25,49300.00,PE,BANKNIFTY26AUG49300PE,9.60,10.70,8.45,9.85,9.85,11.95,57264.85,2.00,1740,-30,20,29585755.50,19,F1,30,,,,,
2026-07-31,2026-07-31,FO,NSE,IDO,58841,,BANKNIFTY,,2026-08-25,2026-08-25,49500.00,PE,BANKNIFTY26AUG49500PE,10.55,11.80,9.00,10.45,10.05,11.80,57264.85,10.45,7920,420,540,802065282.00,372,F1,30,,,,,
2026-07-31,2026-07-31,FO,NSE,IDO,58851,,BANKNIFTY,,2026-08-25,2026-08-25,49900.00,PE,BANKNIFTY26AUG49900PE,11.55,12.85,10.15,10.40,11.00,13.00,57264.85,10.40,300,-30,20,29946640.50,16,F1,30,,,,,
2026-07-31,2026-07-31,FO,NSE,IDO,58911,,BANKNIFTY,,2026-08-25,2026-08-25,51700.00,PE,BANKNIFTY26AUG51700PE,18.60,21.45,17.10,18.95,18.95,23.30,57264.85,28.15,1740,450,39,60510988.50,20,F1,30,,,,,
2026-07-31,2026-07-31,FO,NSE,IDO,58961,,BANKNIFTY,,2026-08-25,2026-08-25,53500.00,PE,BANKNIFTY26AUG53500PE,61.25,61.25,41.65,46.95,48.40,63.65,57264.85,46.95,152040,-7710,12270,19710803419.50,6648,F1,30,,,,,
2026-07-31,2026-07-31,FO,NSE,IDO,58839,,BANKNIFTY,,2026-08-25,2026-08-25,49400.00,PE,BANKNIFTY26AUG49400PE,9.85,11.30,9.85,11.30,11.30,11.65,57264.85,11.30,810,90,3,4446930.00,2,F1,30,,,,,
2026-07-31,2026-07-31,FO,NSE,IDO,58875,,BANKNIFTY,,2026-08-25,2026-08-25,50800.00,PE,BANKNIFTY26AUG50800PE,14.60,15.50,13.60,15.50,15.50,16.20,57264.85,15.50,1800,360,47,71648425.50,32,F1,30,,,,,
2026-07-31,2026-07-31,FO,NSE,IDO,58933,,BANKNIFTY,,2026-08-25,2026-08-25,52600.00,PE,BANKNIFTY26AUG52600PE,28.75,30.60,25.45,28.40,29.50,35.55,57264.85,28.40,5040,-4440,503,794160307.50,269,F1,30,,,,,
2026-07-31,2026-07-31,FO,NSE,IDO,58940,,BANKNIFTY,,2026-08-25,2026-08-25,52900.00,PE,BANKNIFTY26AUG52900PE,35.35,36.10,29.05,33.05,35.05,41.95,57264.85,33.05,11760,750,354,562142463.00,247,F1,30,,,,,
2026-07-31,2026-07-31,FO,NSE,IDO,58942,,BANKNIFTY,,2026-08-25,2026-08-25,53000.00,PE,BANKNIFTY26AUG53000PE,40.40,41.85,30.80,35.85,38.00,44.85,57264.85,35.85,367800,-51180,13971,22228604586.00,7386,F1,30,,,,,
2026-07-31,2026-07-31,FO,NSE,IDO,58849,,BANKNIFTY,,2026-08-25,2026-08-25,49800.00,PE,BANKNIFTY26AUG49800PE,0.00,0.00,0.00,13.15,13.50,13.15,57264.85,3.70,330,0,0,0.00,0,F1,30,,,,,
2026-07-31,2026-07-31,FO,NSE,IDO,70795,,BANKNIFTY,,2027-06-29,2027-06-29,58500.00,PE,BANKNIFTY27JUN58500PE,0.00,0.00,0.00,3574.05,0.00,3574.05,57264.85,3420.35,0,0,0,0.00,0,F1,30,,,,,
2026-07-31,2026-07-31,FO,NSE,IDO,49648,,BANKNIFTY,,2026-10-27,2026-10-27,63000.00,PE,BANKNIFTY26OCT63000PE,0.00,0.00,0.00,5975.20,0.00,5975.20,57264.85,5492.30,0,0,0,0.00,0,F1,30,,,,,
2026-07-31,2026-07-31,FO,NSE,IDO,49428,,BANKNIFTY,,2026-10-27,2026-10-27,54600.00,PE,BANKNIFTY26OCT54600PE,0.00,0.00,0.00,1113.35,0.00,1113.35,57264.85,918.20,0,0,0,0.00,0,F1,30,,,,,
2026-07-31,2026-07-31,FO,NSE,IDO,49426,,BANKNIFTY,,2026-10-27,2026-10-27,54500.00,PE,BANKNIFTY26OCT54500PE,0.00,0.00,0.00,1081.95,0.00,1081.95,57264.85,890.80,0,0,0,0.00,0,F1,30,,,,,
2026-07-31,2026-07-31,FO,NSE,IDO,49392,,BANKNIFTY,,2026-10-27,2026-10-27,53200.00,PE,BANKNIFTY26OCT53200PE,0.00,0.00,0.00,729.60,0.00,729.60,57264.85,582.90,0,0,0,0.00,0,F1,30,,,,,
2026-07-31,2026-07-31,FO,NSE,IDO,49386,,BANKNIFTY,,2026-10-27,2026-10-27,52900.00,PE,BANKNIFTY26OCT52900PE,0.00,0.00,0.00,661.70,0.00,661.70,57264.85,525.05,0,0,0,0.00,0,F1,30,,,,,
2026-07-31,2026-07-31,FO,NSE,IDO,52440,,BANKNIFTY,,2026-09-29,2026-09-29,69000.00,PE,BANKNIFTY26SEP69000PE,0.00,0.00,0.00,9000.00,9000.00,9000.00,57264.85,11021.70,120,0,0,0.00,0,F1,30,,,,,
2026-07-31,2026-07-31,FO,NSE,IDO,70098,,BANKNIFTY,,2026-09-29,2026-09-29,63100.00,PE,BANKNIFTY26SEP63100PE,0.00,0.00,0.00,5455.60,0.00,5455.60,57264.85,5551.95,0,0,0,0.00,0,F1,30,,,,,
2026-07-31,2026-07-31,FO,NSE,IDO,70092,,BANKNIFTY,,2026-09-29,2026-09-29,62700.00,PE,BANKNIFTY26SEP62700PE,0.00,0.00,0.00,5153.10,0.00,5153.10,57264.85,5216.50,0,0,0,0.00,0,F1,30,,,,,
2026-07-31,2026-07-31,FO,NSE,IDO,70024,,BANKNIFTY,,2026-09-29,2026-09-29,60700.00,PE,BANKNIFTY26SEP60700PE,0.00,0.00,0.00,3745.00,0.00,3745.00,57264.85,3660.10,0,0,0,0.00,0,F1,30,,,,,
2026-07-31,2026-07-31,FO,NSE,IDO,70022,,BANKNIFTY,,2026-09-29,2026-09-29,60600.00,PE,BANKNIFTY26SEP60600PE,0.00,0.00,0.00,3680.35,0.00,3680.35,57264.85,3588.45,0,0,0,0.00,0,F1,30,,,,,
2026-07-31,2026-07-31,FO,NSE,IDO,70010,,BANKNIFTY,,2026-09-29,2026-09-29,59900.00,PE,BANKNIFTY26SEP59900PE,0.00,0.00,0.00,3243.70,0.00,3243.70,57264.85,3105.90,0,0,0,0.00,0,F1,30,,,,,
2026-07-31,2026-07-31,FO,NSE,IDO,69918,,BANKNIFTY,,2026-09-29,2026-09-29,59400.00,PE,BANKNIFTY26SEP59400PE,0.00,0.00,0.00,2949.60,0.00,2949.60,57264.85,2782.25,0,0,0,0.00,0,F1,30,,,,,
2026-07-31,2026-07-31,FO,NSE,IDO,69800,,BANKNIFTY,,2026-09-29,2026-09-29,56400.00,PE,BANKNIFTY26SEP56400PE,0.00,0.00,0.00,1514.55,0.00,1514.55,57264.85,1249.65,0,0,0,0.00,0,F1,30,,,,,
2026-07-31,2026-07-31,FO,NSE,IDO,69798,,BANKNIFTY,,2026-09-29,2026-09-29,56300.00,PE,BANKNIFTY26SEP56300PE,625.45,649.60,597.05,622.40,625.45,684.65,57264.85,622.40,3000,840,44,75147135.00,32,F1,30,,,,,
2026-07-31,2026-07-31,FO,NSE,IDO,69762,,BANKNIFTY,,2026-09-29,2026-09-29,54700.00,PE,BANKNIFTY26SEP54700PE,0.00,0.00,0.00,955.70,0.00,955.70,57264.85,701.75,0,0,0,0.00,0,F1,30,,,,,
2026-07-31,2026-07-31,FO,NSE,IDO,69707,,BANKNIFTY,,2026-09-29,2026-09-29,54200.00,PE,BANKNIFTY26SEP54200PE,0.00,0.00,0.00,823.90,0.00,823.90,57264.85,578.05,0,0,0,0.00,0,F1,30,,,,,
2026-07-31,2026-07-31,FO,NSE,IDO,69701,,BANKNIFTY,,2026-09-29,2026-09-29,53800.00,PE,BANKNIFTY26SEP53800PE,0.00,0.00,0.00,725.75,0.00,725.75,57264.85,492.55,0,0,0,0.00,0,F1,30,,,,,
2026-07-31,2026-07-31,FO,NSE,IDO,69689,,BANKNIFTY,,2026-09-29,2026-09-29,53200.00,PE,BANKNIFTY26SEP53200PE,0.00,0.00,0.00,597.40,0.00,597.40,57264.85,382.50,0,0,0,0.00,0,F1,30,,,,,
2026-07-31,2026-07-31,FO,NSE,IDO,69659,,BANKNIFTY,,2026-09-29,2026-09-29,51600.00,PE,BANKNIFTY26SEP51600PE,0.00,0.00,0.00,337.70,0.00,337.70,57264.85,179.90,0,0,0,0.00,0,F1,30,,,,,
2026-07-31,2026-07-31,FO,NSE,IDO,59291,,BANKNIFTY,,2026-08-25,2026-08-25,63200.00,PE,BANKNIFTY26AUG63200PE,0.00,0.00,0.00,7560.40,0.00,7560.40,57264.85,5726.65,0,0,0,0.00,0,F1,30,,,,,
2026-07-31,2026-07-31,FO,NSE,IDO,59273,,BANKNIFTY,,2026-08-25,2026-08-25,62600.00,PE,BANKNIFTY26AUG62600PE,0.00,0.00,0.00,7042.20,0.00,7042.20,57264.85,5157.25,0,0,0,0.00,0,F1,30,,,,,
2026-07-31,2026-07-31,FO,NSE,IDO,59259,,BANKNIFTY,,2026-08-25,2026-08-25,62200.00,PE,BANKNIFTY26AUG62200PE,0.00,0.00,0.00,6702.95,0.00,6702.95,57264.85,4784.10,0,0,0,0.00,0,F1,30,,,,,
2026-07-31,2026-07-31,FO,NSE,IDO,59191,,BANKNIFTY,,2026-08-25,2026-08-25,60300.00,PE,BANKNIFTY26AUG60300PE,0.00,0.00,0.00,5174.70,0.00,5174.70,57264.85,3120.40,0,0,0,0.00,0,F1,30,,,,,
2026-07-31,2026-07-31,FO,NSE,IDO,59007,,BANKNIFTY,,2026-08-25,2026-08-25,55100.00,PE,BANKNIFTY26AUG55100PE,170.00,171.15,132.65,151.10,152.65,195.85,57264.85,151.10,20100,-15090,3117,5166409857.00,1561,F1,30,,,,,
2026-07-31,2026-07-31,FO,NSE,IDO,58983,,BANKNIFTY,,2026-08-25,2026-08-25,54200.00,PE,BANKNIFTY26AUG54200PE,98.00,98.00,66.55,77.05,76.80,103.30,57264.85,77.05,39270,3840,2265,3688126402.50,892,F1,30,,,,,
2026-07-31,2026-07-31,FO,NSE,IDO,58818,,BANKNIFTY,,2026-08-25,2026-08-25,49300.00,CE,BANKNIFTY26AUG49300CE,0.00,0.00,0.00,6840.65,0.00,6840.65,57264.85,8172.05,0,0,0,0.00,0,F1,30,,,,,
2026-07-31,2026-07-31,FO,NSE,IDO,58922,,BANKNIFTY,,2026-08-25,2026-08-25,52100.00,CE,BANKNIFTY26AUG52100CE,0.00,0.00,0.00,4621.65,0.00,4621.65,57264.85,5422.50,0,0,0,0.00,0,F1,30,,,,,
2026-07-31,2026-07-31,FO,NSE,IDO,58926,,BANKNIFTY,,2026-08-25,2026-08-25,52300.00,CE,BANKNIFTY26AUG52300CE,0.00,0.00,0.00,4478.75,0.00,4478.75,57264.85,5231.30,0,0,0,0.00,0,F1,30,,,,,
2026-07-31,2026-07-31,FO,NSE,IDO,58936,,BANKNIFTY,,2026-08-25,2026-08-25,52800.00,CE,BANKNIFTY26AUG52800CE,0.00,0.00,0.00,4130.40,0.00,4130.40,57264.85,4759.20,0,0,0,0.00,0,F1,30,,,,,
2026-07-31,2026-07-31,FO,NSE,IDO,58938,,BANKNIFTY,,2026-08-25,2026-08-25,52900.00,CE,BANKNIFTY26AUG52900CE,0.00,0.00,0.00,4063.05,0.00,4063.05,57264.85,4666.00,0,0,0,0.00,0,F1,30,,,,,
2026-07-31,2026-07-31,FO,NSE,IDO,58960,,BANKNIFTY,,2026-08-25,2026-08-25,53500.00,CE,BANKNIFTY26AUG53500CE,3965.50,3965.50,3965.50,3965.50,3965.50,3793.35,57264.85,3965.50,8460,-30,1,1723965.00,1,F1,30,,,,,
2026-07-31,2026-07-31,FO,NSE,IDO,58990,,BANKNIFTY,,2026-08-25,2026-08-25,54500.00,CE,BANKNIFTY26AUG54500CE,2980.00,3085.00,2955.00,3020.00,3020.00,2881.85,57264.85,3020.00,4200,0,14,24154687.50,12,F1,30,,,,,
2026-07-31,2026-07-31,FO,NSE,IDO,58998,,BANKNIFTY,,2026-08-25,2026-08-25,54700.00,CE,BANKNIFTY26AUG54700CE,0.00,0.00,0.00,2961.05,0.00,2961.05,57264.85,3086.90,0,0,0,0.00,0,F1,30,,,,,
2026-07-31,2026-07-31,FO,NSE,IDO,59014,,BANKNIFTY,,2026-08-25,2026-08-25,55500.00,CE,BANKNIFTY26AUG55500CE,2147.90,2250.00,2080.00,2104.75,2080.00,1992.70,57264.85,2104.75,14910,-1410,139,240408555.00,109,F1,30,,,,,
2026-07-31,2026-07-31,FO,NSE,IDO,59083,,BANKNIFTY,,2026-08-25,2026-08-25,57200.00,CE,BANKNIFTY26AUG57200CE,926.95,1003.90,850.00,869.60,850.00,845.10,57264.85,869.60,174900,3900,63885,111365557575.00,46354,F1,30,,,,,
2026-07-31,2026-07-31,FO,NSE,IDO,59114,,BANKNIFTY,,2026-08-25,2026-08-25,58200.00,CE,BANKNIFTY26AUG58200CE,440.10,497.10,387.55,399.20,389.50,404.35,57264.85,399.20,82560,4890,6534,11493325386.00,5250,F1,30,,,,,
2026-07-31,2026-07-31,FO,NSE,IDO,59134,,BANKNIFTY,,2026-08-25,2026-08-25,58600.00,CE,BANKNIFTY26AUG58600CE,315.00,359.35,268.00,275.60,270.00,286.75,57264.85,275.60,60270,8880,5007,8849256264.00,3743,F1,30,,,,,
2026-07-31,2026-07-31,FO,NSE,IDO,59192,,BANKNIFTY,,2026-08-25,2026-08-25,60400.00,CE,BANKNIFTY26AUG60400CE,53.55,62.05,41.65,43.05,43.00,51.65,57264.85,43.05,41430,11460,2645,4796604381.00,1605,F1,30,,,,,
2026-07-31,2026-07-31,FO,NSE,IDO,59239,,BANKNIFTY,,2026-08-25,2026-08-25,61500.00,CE,BANKNIFTY26AUG61500CE,19.55,21.95,15.50,16.10,16.40,19.05,57264.85,16.10,140040,-11580,11441,21114783499.50,7680,F1,30,,,,,
2026-07-31,2026-07-31,FO,NSE,IDO,59262,,BANKNIFTY,,2026-08-25,2026-08-25,62400.00,CE,BANKNIFTY26AUG62400CE,0.00,0.00,0.00,486.70,0.00,486.70,57264.85,94.55,0,0,0,0.00,0,F1,30,,,,,
2026-07-31,2026-07-31,FO,NSE,IDO,59304,,BANKNIFTY,,2026-08-25,2026-08-25,63700.00,CE,BANKNIFTY26AUG63700CE,0.00,0.00,0.00,334.05,0.00,334.05,57264.85,38.00,0,0,0,0.00,0,F1,30,,,,,
2026-07-31,2026-07-31,FO,NSE,IDO,69546,,BANKNIFTY,,2026-09-29,2026-09-29,49000.00,CE,BANKNIFTY26SEP49000CE,0.00,0.00,0.00,9405.90,0.00,9405.90,57264.85,8836.50,0,0,0,0.00,0,F1,30,,,,,
2026-07-31,2026-07-31,FO,NSE,IDO,52284,,BANKNIFTY,,2026-09-29,2026-09-29,52500.00,CE,BANKNIFTY26SEP52500CE,0.00,0.00,0.00,6823.00,0.00,6823.00,57264.85,5613.85,0,0,0,0.00,0,F1,30,,,,,
2026-07-31,2026-07-31,FO,NSE,IDO,69682,,BANKNIFTY,,2026-09-29,2026-09-29,52900.00,CE,BANKNIFTY26SEP52900CE,0.00,0.00,0.00,5994.30,0.00,5994.30,57264.85,5274.20,0,0,0,0.00,0,F1,30,,,,,
2026-07-31,2026-07-31,FO,NSE,IDO,69692,,BANKNIFTY,,2026-09-29,2026-09-29,53400.00,CE,BANKNIFTY26SEP53400CE,0.00,0.00,0.00,5600.15,0.00,5600.15,57264.85,4861.40,0,0,0,0.00,0,F1,30,,,,,
2026-07-31,2026-07-31,FO,NSE,IDO,69706,,BANKNIFTY,,2026-09-29,2026-09-29,54200.00,CE,BANKNIFTY26SEP54200CE,0.00,0.00,0.00,4998.15,0.00,4998.15,57264.85,4231.30,0,0,0,0.00,0,F1,30,,,,,
2026-07-31,2026-07-31,FO,NSE,IDO,69708,,BANKNIFTY,,2026-09-29,2026-09-29,54300.00,CE,BANKNIFTY26SEP54300CE,0.00,0.00,0.00,4924.95,0.00,4924.95,57264.85,4155.40,0,0,0,0.00,0,F1,30,,,,,
2026-07-31,2026-07-31,FO,NSE,IDO,69795,,BANKNIFTY,,2026-09-29,2026-09-29,56200.00,CE,BANKNIFTY26SEP56200CE,0.00,0.00,0.00,3644.20,0.00,3644.20,57264.85,2848.25,0,0,0,0.00,0,F1,30,,,,,
2026-07-31,2026-07-31,FO,NSE,IDO,69803,,BANKNIFTY,,2026-09-29,2026-09-29,56600.00,CE,BANKNIFTY26SEP56600CE,0.00,0.00,0.00,1755.00,1755.00,1755.00,57264.85,2608.55,300,0,0,0.00,0,F1,30,,,,,
2026-07-31,2026-07-31,FO,NSE,IDO,69913,,BANKNIFTY,,2026-09-29,2026-09-29,59300.00,CE,BANKNIFTY26SEP59300CE,0.00,0.00,0.00,2045.10,0.00,2045.10,57264.85,1328.35,0,0,0,0.00,0,F1,30,,,,,
2026-07-31,2026-07-31,FO,NSE,IDO,70105,,BANKNIFTY,,2026-09-29,2026-09-29,63500.00,CE,BANKNIFTY26SEP63500CE,0.00,0.00,0.00,783.90,0.00,783.90,57264.85,348.30,0,0,0,0.00,0,F1,30,,,,,
2026-07-31,2026-07-31,FO,NSE,IDO,70119,,BANKNIFTY,,2026-09-29,2026-09-29,64200.00,CE,BANKNIFTY26SEP64200CE,0.00,0.00,0.00,655.15,0.00,655.15,57264.85,269.20,0,0,0,0.00,0,F1,30,,,,,
2026-07-31,2026-07-31,FO,NSE,IDO,49383,,BANKNIFTY,,2026-10-27,2026-10-27,52800.00,CE,BANKNIFTY26OCT52800CE,0.00,0.00,0.00,5388.75,0.00,5388.75,57264.85,5810.10,0,0,0,0.00,0,F1,30,,,,,
2026-07-31,2026-07-31,FO,NSE,IDO,49391,,BANKNIFTY,,2026-10-27,2026-10-27,53200.00,CE,BANKNIFTY26OCT53200CE,0.00,0.00,0.00,5084.25,0.00,5084.25,57264.85,5492.65,0,0,0,0.00,0,F1,30,,,,,
2026-07-31,2026-07-31,FO,NSE,IDO,49409,,BANKNIFTY,,2026-10-27,2026-10-27,53700.00,CE,BANKNIFTY26OCT53700CE,0.00,0.00,0.00,4717.85,0.00,4717.85,57264.85,5107.35,0,0,0,0.00,0,F1,30,,,,,
2026-07-31,2026-07-31,FO,NSE,IDO,49419,,BANKNIFTY,,2026-10-27,2026-10-27,54200.00,CE,BANKNIFTY26OCT54200CE,0.00,0.00,0.00,4361.20,0.00,4361.20,57264.85,4737.70,0,0,0,0.00,0,F1,30,,,,,
2026-07-31,2026-07-31,FO,NSE,IDO,49508,,BANKNIFTY,,2026-10-27,2026-10-27,57600.00,CE,BANKNIFTY26OCT57600CE,0.00,0.00,0.00,2373.85,0.00,2373.85,57264.85,2617.40,0,0,0,0.00,0,F1,30,,,,,
2026-07-31,2026-07-31,FO,NSE,IDO,76394,,BANKNIFTY,,2027-03-30,2027-03-30,54000.00,CE,BANKNIFTY27MAR54000CE,0.00,0.00,0.00,3970.55,0.00,3970.55,57264.85,7121.90,0,0,0,0.00,0,F1,30,,,,,
2026-07-31,2026-07-31,FO,NSE,IDO,70788,,BANKNIFTY,,2027-06-29,2027-06-29,55500.00,CE,BANKNIFTY27JUN55500CE,0.00,0.00,0.00,7792.30,0.00,7792.30,57264.85,7292.10,0,0,0,0.00,0,F1,30,,,,,
2026-07-31,2026-07-31,FO,NSE,IDO,58817,,BANKNIFTY,,2026-08-25,2026-08-25,49200.00,PE,BANKNIFTY26AUG49200PE,10.25,10.25,9.25,9.25,9.25,13.50,57264.85,1.75,420,0,2,2952585.00,2,F1,30,,,,,
2026-07-31,2026-07-31,FO,NSE,IDO,49467,,BANKNIFTY,,2026-10-27,2026-10-27,56000.00,CE,BANKNIFTY26OCT56000CE,0.00,0.00,0.00,3215.60,0.00,3215.60,57264.85,3520.70,0,0,0,0.00,0,F1,30,,,,,
2026-07-31,2026-07-31,FO,NSE,IDO,49493,,BANKNIFTY,,2026-10-27,2026-10-27,56900.00,CE,BANKNIFTY26OCT56900CE,0.00,0.00,0.00,2721.50,0.00,2721.50,57264.85,2991.65,0,0,0,0.00,0,F1,30,,,,,
2026-07-31,2026-07-31,FO,NSE,IDO,49533,,BANKNIFTY,,2026-10-27,2026-10-27,58600.00,CE,BANKNIFTY26OCT58600CE,0.00,0.00,0.00,1932.80,0.00,1932.80,57264.85,2139.15,0,0,0,0.00,0,F1,30,,,,,
2026-07-31,2026-07-31,FO,NSE,IDO,49547,,BANKNIFTY,,2026-10-27,2026-10-27,59100.00,CE,BANKNIFTY26OCT59100CE,0.00,0.00,0.00,1735.95,0.00,1735.95,57264.85,1924.75,0,0,0,0.00,0,F1,30,,,,,
2026-07-31,2026-07-31,FO,NSE,IDO,49550,,BANKNIFTY,,2026-10-27,2026-10-27,59200.00,CE,BANKNIFTY26OCT59200CE,0.00,0.00,0.00,1698.45,0.00,1698.45,57264.85,1883.80,0,0,0,0.00,0,F1,30,,,,,
2026-07-31,2026-07-31,FO,NSE,IDO,49473,,BANKNIFTY,,2026-10-27,2026-10-27,56300.00,CE,BANKNIFTY26OCT56300CE,0.00,0.00,0.00,3044.95,0.00,3044.95,57264.85,3338.40,0,0,0,0.00,0,F1,30,,,,,
2026-07-31,2026-07-31,FO,NSE,IDO,76418,,BANKNIFTY,,2027-03-30,2027-03-30,60000.00,PE,BANKNIFTY27MAR60000PE,0.00,0.00,0.00,7507.95,0.00,7507.95,57264.85,3938.05,0,0,0,0.00,0,F1,30,,,,,
2026-07-31,2026-07-31,FO,NSE,IDO,76401,,BANKNIFTY,,2027-03-30,2027-03-30,58500.00,PE,BANKNIFTY27MAR58500PE,0.00,0.00,0.00,6512.10,0.00,6512.10,57264.85,3205.95,0,0,0,0.00,0,F1,30,,,,,
2026-07-31,2026-07-31,FO,NSE,IDO,76399,,BANKNIFTY,,2027-03-30,2027-03-30,57000.00,PE,BANKNIFTY27MAR57000PE,1350.00,1350.00,1324.10,1329.35,1329.35,2250.00,57264.85,2560.25,120,60,4,7000603.50,3,F1,30,,,,,
2026-07-31,2026-07-31,FO,NSE,IDO,53229,,BANKNIFTY,,2026-12-29,2026-12-29,57000.00,PE,BANKNIFTY26DEC57000PE,1200.00,1240.00,1150.05,1198.75,1200.50,1272.65,57264.85,1198.75,11580,1020,108,188539779.00,77,F1,30,,,,,
2026-07-31,2026-07-31,FO,NSE,IDO,49616,,BANKNIFTY,,2026-10-27,2026-10-27,61800.00,PE,BANKNIFTY26OCT61800PE,0.00,0.00,0.00,5040.70,0.00,5040.70,57264.85,4583.10,0,0,0,0.00,0,F1,30,,,,,
2026-07-31,2026-07-31,FO,NSE,IDO,49600,,BANKNIFTY,,2026-10-27,2026-10-27,61200.00,PE,BANKNIFTY26OCT61200PE,0.00,0.00,0.00,4594.15,0.00,4594.15,57264.85,4155.80,0,0,0,0.00,0,F1,30,,,,,
2026-07-31,2026-07-31,FO,NSE,IDO,49594,,BANKNIFTY,,2026-10-27,2026-10-27,60900.00,PE,BANKNIFTY26OCT60900PE,0.00,0.00,0.00,4379.15,0.00,4379.15,57264.85,3949.40,0,0,0,0.00,0,F1,30,,,,,
2026-07-31,2026-07-31,FO,NSE,IDO,49538,,BANKNIFTY,,2026-10-27,2026-10-27,58600.00,PE,BANKNIFTY26OCT58600PE,0.00,0.00,0.00,2897.05,0.00,2897.05,57264.85,2543.70,0,0,0,0.00,0,F1,30,,,,,
2026-07-31,2026-07-31,FO,NSE,IDO,49512,,BANKNIFTY,,2026-10-27,2026-10-27,57700.00,PE,BANKNIFTY26OCT57700PE,0.00,0.00,0.00,2404.65,0.00,2404.65,57264.85,2085.40,0,0,0,0.00,0,F1,30,,,,,
2026-07-31,2026-07-31,FO,NSE,IDO,49486,,BANKNIFTY,,2026-10-27,2026-10-27,56600.00,PE,BANKNIFTY26OCT56600PE,0.00,0.00,0.00,1874.55,0.00,1874.55,57264.85,1598.30,0,0,0,0.00,0,F1,30,,,,,
2026-07-31,2026-07-31,FO,NSE,IDO,49420,,BANKNIFTY,,2026-10-27,2026-10-27,54200.00,PE,BANKNIFTY26OCT54200PE,0.00,0.00,0.00,991.55,0.00,991.55,57264.85,812.10,0,0,0,0.00,0,F1,30,,,,,
2026-07-31,2026-07-31,FO,NSE,IDO,49416,,BANKNIFTY,,2026-10-27,2026-10-27,54000.00,PE,BANKNIFTY26OCT54000PE,0.00,0.00,0.00,936.70,0.00,936.70,57264.85,760.20,0,0,0,0.00,0,F1,30,,,,,
2026-07-31,2026-07-31,FO,NSE,IDO,49376,,BANKNIFTY,,2026-10-27,2026-10-27,52400.00,PE,BANKNIFTY26OCT52400PE,0.00,0.00,0.00,559.00,0.00,559.00,57264.85,438.30,0,0,0,0.00,0,F1,30,,,,,
2026-07-31,2026-07-31,FO,NSE,IDO,70120,,BANKNIFTY,,2026-09-29,2026-09-29,64200.00,PE,BANKNIFTY26SEP64200PE,0.00,0.00,0.00,6327.50,0.00,6327.50,57264.85,6507.40,0,0,0,0.00,0,F1,30,,,,,
2026-07-31,2026-07-31,FO,NSE,IDO,70085,,BANKNIFTY,,2026-09-29,2026-09-29,62400.00,PE,BANKNIFTY26SEP62400PE,0.00,0.00,0.00,4929.15,0.00,4929.15,57264.85,4969.65,0,0,0,0.00,0,F1,30,,,,,
2026-07-31,2026-07-31,FO,NSE,IDO,70083,,BANKNIFTY,,2026-09-29,2026-09-29,62300.00,PE,BANKNIFTY26SEP62300PE,0.00,0.00,0.00,4853.00,0.00,4853.00,57264.85,4888.35,0,0,0,0.00,0,F1,30,,,,,
2026-07-31,2026-07-31,FO,NSE,IDO,70018,,BANKNIFTY,,2026-09-29,2026-09-29,60400.00,PE,BANKNIFTY26SEP60400PE,0.00,0.00,0.00,3552.70,0.00,3552.70,57264.85,3447.20,0,0,0,0.00,0,F1,30,,,,,
2026-07-31,2026-07-31,FO,NSE,IDO,70014,,BANKNIFTY,,2026-09-29,2026-09-29,60200.00,PE,BANKNIFTY26SEP60200PE,0.00,0.00,0.00,3427.35,0.00,3427.35,57264.85,3308.60,0,0,0,0.00,0,F1,30,,,,,
2026-07-31,2026-07-31,FO,NSE,IDO,69782,,BANKNIFTY,,2026-09-29,2026-09-29,55700.00,PE,BANKNIFTY26SEP55700PE,0.00,0.00,0.00,1108.15,1108.15,1108.15,57264.85,996.15,30,0,0,0.00,0,F1,30,,,,,
2026-07-31,2026-07-31,FO,NSE,IDO,69768,,BANKNIFTY,,2026-09-29,2026-09-29,55000.00,PE,BANKNIFTY26SEP55000PE,360.00,373.00,310.05,339.35,343.00,394.85,57264.85,339.35,64290,-600,1345,2232952363.50,712,F1,30,,,,,
2026-07-31,2026-07-31,FO,NSE,IDO,69695,,BANKNIFTY,,2026-09-29,2026-09-29,53500.00,PE,BANKNIFTY26SEP53500PE,182.00,188.00,164.15,173.65,176.95,200.65,57264.85,173.65,5130,1230,367,590960829.00,119,F1,30,,,,,
2026-07-31,2026-07-31,FO,NSE,IDO,69663,,BANKNIFTY,,2026-09-29,2026-09-29,51800.00,PE,BANKNIFTY26SEP51800PE,0.00,0.00,0.00,364.20,0.00,364.20,57264.85,199.00,0,0,0,0.00,0,F1,30,,,,,
2026-07-31,2026-07-31,FO,NSE,IDO,59271,,BANKNIFTY,,2026-08-25,2026-08-25,62500.00,PE,BANKNIFTY26AUG62500PE,0.00,0.00,0.00,5247.30,5247.30,5247.30,57264.85,5063.45,2880,0,0,0.00,0,F1,30,,,,,
2026-07-31,2026-07-31,FO,NSE,IDO,59238,,BANKNIFTY,,2026-08-25,2026-08-25,61400.00,PE,BANKNIFTY26AUG61400PE,0.00,0.00,0.00,6041.20,0.00,6041.20,57264.85,4058.10,0,0,0,0.00,0,F1,30,,,,,
2026-07-31,2026-07-31,FO,NSE,IDO,59203,,BANKNIFTY,,2026-08-25,2026-08-25,60500.00,PE,BANKNIFTY26AUG60500PE,3044.10,3102.15,3044.10,3102.15,3102.15,3254.35,57264.85,3102.15,10320,-30,6,11441092.50,6,F1,30,,,,,
2026-07-31,2026-07-31,FO,NSE,IDO,59144,,BANKNIFTY,,2026-08-25,2026-08-25,58900.00,PE,BANKNIFTY26AUG58900PE,1575.20,1730.15,1575.20,1684.35,1694.00,1840.80,57264.85,1684.35,1380,90,35,63564058.50,32,F1,30,,,,,
2026-07-31,2026-07-31,FO,NSE,IDO,59118,,BANKNIFTY,,2026-08-25,2026-08-25,58200.00,PE,BANKNIFTY26AUG58200PE,1150.65,1237.75,1098.55,1167.10,1183.55,1331.60,57264.85,1167.10,13950,4230,691,1230460824.00,541,F1,30,,,,,
2026-07-31,2026-07-31,FO,NSE,IDO,59097,,BANKNIFTY,,2026-08-25,2026-08-25,57800.00,PE,BANKNIFTY26AUG57800PE,934.40,1006.80,869.85,934.15,949.40,1084.00,57264.85,934.15,21840,3360,2000,3523891993.50,1567,F1,30,,,,,
2026-07-31,2026-07-31,FO,NSE,IDO,59084,,BANKNIFTY,,2026-08-25,2026-08-25,57200.00,PE,BANKNIFTY26AUG57200PE,700.95,714.40,600.00,651.70,654.85,781.50,57264.85,651.70,163830,16650,47193,81917738217.00,36136,F1,30,,,,,
2026-07-31,2026-07-31,FO,NSE,IDO,59080,,BANKNIFTY,,2026-08-25,2026-08-25,57000.00,PE,BANKNIFTY26AUG57000PE,690.00,690.00,524.00,570.00,571.70,692.75,57264.85,570.00,904020,56970,63858,110302951818.00,42062,F1,30,,,,,
2026-07-31,2026-07-31,FO,NSE,IDO,59041,,BANKNIFTY,,2026-08-25,2026-08-25,56000.00,PE,BANKNIFTY26AUG56000PE,316.25,325.00,261.35,287.10,293.30,364.55,57264.85,287.10,572100,-10470,28744,48539661001.50,19077,F1,30,,,,,
2026-07-31,2026-07-31,FO,NSE,IDO,59037,,BANKNIFTY,,2026-08-25,2026-08-25,55900.00,PE,BANKNIFTY26AUG55900PE,288.05,302.00,242.45,265.15,275.55,340.75,57264.85,265.15,34410,-5490,2971,5006278215.00,2197,F1,30,,,,,
2026-07-31,2026-07-31,FO,NSE,IDO,58887,,BANKNIFTY,,2026-08-25,2026-08-25,51400.00,PE,BANKNIFTY26AUG51400PE,16.60,19.55,15.75,16.55,16.55,20.80,57264.85,16.55,1410,210,22,33935007.00,10,F1,30,,,,,
2026-07-31,2026-07-31,FO,NSE,IDO,58869,,BANKNIFTY,,2026-08-25,2026-08-25,50500.00,PE,BANKNIFTY26AUG50500PE,13.80,15.55,12.30,14.60,14.25,16.35,57264.85,14.60,25410,1770,874,1324473135.00,608,F1,30,,,,,
2026-07-31,2026-07-31,FO,NSE,IDO,70786,,BANKNIFTY,,2027-06-29,2027-06-29,54000.00,CE,BANKNIFTY27JUN54000CE,0.00,0.00,0.00,8730.20,0.00,8730.20,57264.85,8236.95,0,0,0,0.00,0,F1,30,,,,,
2026-07-31,2026-07-31,FO,NSE,IDO,53246,,BANKNIFTY,,2026-12-29,2026-12-29,63000.00,CE,BANKNIFTY26DEC63000CE,570.00,580.00,516.00,519.00,516.00,525.25,57264.85,519.00,16620,180,46,87693288.00,38,F1,30,,,,,
2026-07-31,2026-07-31,FO,NSE,IDO,53222,,BANKNIFTY,,2026-12-29,2026-12-29,52500.00,CE,BANKNIFTY26DEC52500CE,0.00,0.00,0.00,10279.15,0.00,10279.15,57264.85,6973.05,0,0,0,0.00,0,F1,30,,,,,
2026-07-31,2026-07-31,FO,NSE,IDO,49629,,BANKNIFTY,,2026-10-27,2026-10-27,62500.00,CE,BANKNIFTY26OCT62500CE,0.00,0.00,0.00,771.80,0.00,771.80,57264.85,865.35,0,0,0,0.00,0,F1,30,,,,,
2026-07-31,2026-07-31,FO,NSE,IDO,58766,,BANKNIFTY,,2026-08-25,2026-08-25,48000.00,CE,BANKNIFTY26AUG48000CE,9453.80,9453.80,9453.80,9453.80,9453.80,9153.80,57264.85,9465.00,4470,-30,1,1723614.00,1,F1,30,,,,,
2026-07-31,2026-07-31,FO,NSE,IDO,58816,,BANKNIFTY,,2026-08-25,2026-08-25,49200.00,CE,BANKNIFTY26AUG49200CE,0.00,0.00,0.00,6926.65,0.00,6926.65,57264.85,8271.40,0,0,0,0.00,0,F1,30,,,,,
2026-07-31,2026-07-31,FO,NSE,IDO,58850,,BANKNIFTY,,2026-08-25,2026-08-25,49900.00,CE,BANKNIFTY26AUG49900CE,0.00,0.00,0.00,6333.25,0.00,6333.25,57264.85,7576.70,0,0,0,0.00,0,F1,30,,,,,
2026-07-31,2026-07-31,FO,NSE,IDO,58860,,BANKNIFTY,,2026-08-25,2026-08-25,50200.00,CE,BANKNIFTY26AUG50200CE,0.00,0.00,0.00,6085.35,0.00,6085.35,57264.85,7279.70,0,0,0,0.00,0,F1,30,,,,,
2026-07-31,2026-07-31,FO,NSE,IDO,58874,,BANKNIFTY,,2026-08-25,2026-08-25,50800.00,CE,BANKNIFTY26AUG50800CE,0.00,0.00,0.00,5602.30,0.00,5602.30,57264.85,6687.70,0,0,0,0.00,0,F1,30,,,,,
2026-07-31,2026-07-31,FO,NSE,IDO,58910,,BANKNIFTY,,2026-08-25,2026-08-25,51700.00,CE,BANKNIFTY26AUG51700CE,0.00,0.00,0.00,4912.25,0.00,4912.25,57264.85,5808.20,0,0,0,0.00,0,F1,30,,,,,
2026-07-31,2026-07-31,FO,NSE,IDO,58948,,BANKNIFTY,,2026-08-25,2026-08-25,53200.00,CE,BANKNIFTY26AUG53200CE,0.00,0.00,0.00,4328.15,4328.15,4328.15,57264.85,4389.00,30,0,0,0.00,0,F1,30,,,,,
2026-07-31,2026-07-31,FO,NSE,IDO,58978,,BANKNIFTY,,2026-08-25,2026-08-25,54000.00,CE,BANKNIFTY26AUG54000CE,3599.95,3600.00,3430.00,3462.15,3440.00,3330.60,57264.85,3462.15,56850,-1290,107,184578663.00,61,F1,30,,,,,
2026-07-31,2026-07-31,FO,NSE,IDO,58984,,BANKNIFTY,,2026-08-25,2026-08-25,54300.00,CE,BANKNIFTY26AUG54300CE,3300.00,3300.00,3150.00,3150.00,3150.00,3896.00,57264.85,3150.00,30,0,2,3451500.00,2,F1,30,,,,,
2026-07-31,2026-07-31,FO,NSE,IDO,59049,,BANKNIFTY,,2026-08-25,2026-08-25,56400.00,CE,BANKNIFTY26AUG56400CE,1492.10,1537.00,1368.20,1389.85,1375.20,1344.90,57264.85,1389.85,36030,30960,1522,2640897387.00,808,F1,30,,,,,
2026-07-31,2026-07-31,FO,NSE,IDO,59088,,BANKNIFTY,,2026-08-25,2026-08-25,57400.00,CE,BANKNIFTY26AUG57400CE,830.05,888.90,740.60,757.25,749.15,739.80,57264.85,757.25,159210,52680,34975,61071148737.00,27327,F1,30,,,,,
2026-07-31,2026-07-31,FO,NSE,IDO,59141,,BANKNIFTY,,2026-08-25,2026-08-25,58900.00,CE,BANKNIFTY26AUG58900CE,241.75,273.60,199.60,206.20,200.80,219.00,57264.85,206.20,30690,-840,3274,5807724538.50,2357,F1,30,,,,,
2026-07-31,2026-07-31,FO,NSE,IDO,59155,,BANKNIFTY,,2026-08-25,2026-08-25,59500.00,CE,BANKNIFTY26AUG59500CE,136.65,153.50,108.10,111.10,111.00,124.20,57264.85,111.10,434940,23790,19162,34275423411.00,12483,F1,30,,,,,
2026-07-31,2026-07-31,FO,NSE,IDO,59248,,BANKNIFTY,,2026-08-25,2026-08-25,61700.00,CE,BANKNIFTY26AUG61700CE,0.00,0.00,0.00,591.05,0.00,591.05,57264.85,148.40,0,0,0,0.00,0,F1,30,,,,,
2026-07-31,2026-07-31,FO,NSE,IDO,59286,,BANKNIFTY,,2026-08-25,2026-08-25,63000.00,CE,BANKNIFTY26AUG63000CE,9.45,9.85,7.20,7.55,7.70,8.55,57264.85,7.55,166710,3000,2977,5627242474.50,2123,F1,30,,,,,
2026-07-31,2026-07-31,FO,NSE,IDO,59317,,BANKNIFTY,,2026-08-25,2026-08-25,64000.00,CE,BANKNIFTY26AUG64000CE,7.30,7.30,6.00,6.35,6.10,6.60,57264.85,6.35,26040,-1020,1416,2718997834.50,839,F1,30,,,,,
2026-07-31,2026-07-31,FO,NSE,IDO,59386,,BANKNIFTY,,2026-08-25,2026-08-25,66000.00,CE,BANKNIFTY26AUG66000CE,4.85,4.85,3.65,3.85,3.75,4.75,57264.85,3.85,38970,5880,3070,6078964698.00,1482,F1,30,,,,,
2026-07-31,2026-07-31,FO,NSE,IDO,69664,,BANKNIFTY,,2026-09-29,2026-09-29,51900.00,CE,BANKNIFTY26SEP51900CE,0.00,0.00,0.00,6817.05,0.00,6817.05,57264.85,6137.45,0,0,0,0.00,0,F1,30,,,,,
2026-07-31,2026-07-31,FO,NSE,IDO,69678,,BANKNIFTY,,2026-09-29,2026-09-29,52700.00,CE,BANKNIFTY26SEP52700CE,0.00,0.00,0.00,6155.30,0.00,6155.30,57264.85,5443.05,0,0,0,0.00,0,F1,30,,,,,
2026-07-31,2026-07-31,FO,NSE,IDO,52286,,BANKNIFTY,,2026-09-29,2026-09-29,54000.00,CE,BANKNIFTY26SEP54000CE,3936.00,4050.00,3910.00,3941.70,3910.00,3840.00,57264.85,3941.70,5910,1050,37,64344379.50,12,F1,30,,,,,
2026-07-31,2026-07-31,FO,NSE,IDO,69761,,BANKNIFTY,,2026-09-29,2026-09-29,54700.00,CE,BANKNIFTY26SEP54700CE,0.00,0.00,0.00,4637.60,0.00,4637.60,57264.85,3860.40,0,0,0,0.00,0,F1,30,,,,,
2026-07-31,2026-07-31,FO,NSE,IDO,69769,,BANKNIFTY,,2026-09-29,2026-09-29,55100.00,CE,BANKNIFTY26SEP55100CE,0.00,0.00,0.00,4357.65,0.00,4357.65,57264.85,3572.00,0,0,0,0.00,0,F1,30,,,,,
2026-07-31,2026-07-31,FO,NSE,IDO,69779,,BANKNIFTY,,2026-09-29,2026-09-29,55600.00,CE,BANKNIFTY26SEP55600CE,0.00,0.00,0.00,4024.15,0.00,4024.15,57264.85,3231.50,0,0,0,0.00,0,F1,30,,,,,
2026-07-31,2026-07-31,FO,NSE,IDO,69787,,BANKNIFTY,,2026-09-29,2026-09-29,56000.00,CE,BANKNIFTY26SEP56000CE,2300.00,2430.00,2280.00,2280.00,2280.00,2241.25,57264.85,2280.00,10050,-480,94,164555416.50,53,F1,30,,,,,
2026-07-31,2026-07-31,FO,NSE,IDO,69797,,BANKNIFTY,,2026-09-29,2026-09-29,56300.00,CE,BANKNIFTY26SEP56300CE,0.00,0.00,0.00,3583.05,0.00,3583.05,57264.85,2787.10,0,0,0,0.00,0,F1,30,,,,,
2026-07-31,2026-07-31,FO,NSE,IDO,69994,,BANKNIFTY,,2026-09-29,2026-09-29,59700.00,CE,BANKNIFTY26SEP59700CE,0.00,0.00,0.00,1882.85,0.00,1882.85,57264.85,1187.20,0,0,0,0.00,0,F1,30,,,,,
2026-07-31,2026-07-31,FO,NSE,IDO,70013,,BANKNIFTY,,2026-09-29,2026-09-29,60200.00,CE,BANKNIFTY26SEP60200CE,0.00,0.00,0.00,1693.65,0.00,1693.65,57264.85,1026.95,0,0,0,0.00,0,F1,30,,,,,
2026-07-31,2026-07-31,FO,NSE,IDO,70107,,BANKNIFTY,,2026-09-29,2026-09-29,63600.00,CE,BANKNIFTY26SEP63600CE,0.00,0.00,0.00,764.35,0.00,764.35,57264.85,335.95,0,0,0,0.00,0,F1,30,,,,,
2026-07-31,2026-07-31,FO,NSE,IDO,49371,,BANKNIFTY,,2026-10-27,2026-10-27,52200.00,CE,BANKNIFTY26OCT52200CE,0.00,0.00,0.00,5861.05,0.00,5861.05,57264.85,6300.70,0,0,0,0.00,0,F1,30,,,,,
2026-07-31,2026-07-31,FO,NSE,IDO,49401,,BANKNIFTY,,2026-10-27,2026-10-27,53400.00,CE,BANKNIFTY26OCT53400CE,0.00,0.00,0.00,4935.25,0.00,4935.25,57264.85,5336.95,0,0,0,0.00,0,F1,30,,,,,
2026-07-31,2026-07-31,FO,NSE,IDO,49415,,BANKNIFTY,,2026-10-27,2026-10-27,54000.00,CE,BANKNIFTY26OCT54000CE,0.00,0.00,0.00,4503.35,0.00,4503.35,57264.85,4882.65,0,0,0,0.00,0,F1,30,,,,,
2026-07-31,2026-07-31,FO,NSE,IDO,49435,,BANKNIFTY,,2026-10-27,2026-10-27,54900.00,CE,BANKNIFTY26OCT54900CE,0.00,0.00,0.00,3891.30,0.00,3891.30,57264.85,4238.80,0,0,0,0.00,0,F1,30,,,,,
2026-07-31,2026-07-31,FO,NSE,IDO,49465,,BANKNIFTY,,2026-10-27,2026-10-27,55900.00,CE,BANKNIFTY26OCT55900CE,0.00,0.00,0.00,3273.80,0.00,3273.80,57264.85,3582.80,0,0,0,0.00,0,F1,30,,,,,
2026-07-31,2026-07-31,FO,NSE,IDO,49443,,BANKNIFTY,,2026-10-27,2026-10-27,55100.00,CE,BANKNIFTY26OCT55100CE,0.00,0.00,0.00,3762.70,0.00,3762.70,57264.85,4102.55,0,0,0,0.00,0,F1,30,,,,,
2026-07-31,2026-07-31,FO,NSE,IDO,49501,,BANKNIFTY,,2026-10-27,2026-10-27,57300.00,CE,BANKNIFTY26OCT57300CE,0.00,0.00,0.00,2519.05,0.00,2519.05,57264.85,2773.80,0,0,0,0.00,0,F1,30,,,,,
2026-07-31,2026-07-31,FO,NSE,IDO,49541,,BANKNIFTY,,2026-10-27,2026-10-27,58800.00,CE,BANKNIFTY26OCT58800CE,0.00,0.00,0.00,1852.20,0.00,1852.20,57264.85,2051.45,0,0,0,0.00,0,F1,30,,,,,
2026-07-31,2026-07-31,FO,NSE,IDO,49601,,BANKNIFTY,,2026-10-27,2026-10-27,61300.00,CE,BANKNIFTY26OCT61300CE,0.00,0.00,0.00,1043.15,0.00,1043.15,57264.85,1164.10,0,0,0,0.00,0,F1,30,,,,,
2026-07-31,2026-07-31,FO,NSE,IDO,70803,,BANKNIFTY,,2027-06-29,2027-06-29,64500.00,PE,BANKNIFTY27JUN64500PE,0.00,0.00,0.00,6674.35,0.00,6674.35,57264.85,6580.40,0,0,0,0.00,0,F1,30,,,,,
2026-07-31,2026-07-31,FO,NSE,IDO,76393,,BANKNIFTY,,2027-03-30,2027-03-30,52500.00,PE,BANKNIFTY27MAR52500PE,0.00,0.00,0.00,3218.25,0.00,3218.25,57264.85,1139.45,0,0,0,0.00,0,F1,30,,,,,
2026-07-31,2026-07-31,FO,NSE,IDO,53213,,BANKNIFTY,,2026-12-29,2026-12-29,45000.00,PE,BANKNIFTY26DEC45000PE,77.85,77.85,73.00,75.00,75.00,77.60,57264.85,55.35,28710,0,16,21636075.00,14,F1,30,,,,,
2026-07-31,2026-07-31,FO,NSE,IDO,49631,,BANKNIFTY,,2026-10-27,2026-10-27,62500.00,PE,BANKNIFTY26OCT62500PE,0.00,0.00,0.00,5577.50,0.00,5577.50,57264.85,5107.95,0,0,0,0.00,0,F1,30,,,,,
2026-07-31,2026-07-31,FO,NSE,IDO,49624,,BANKNIFTY,,2026-10-27,2026-10-27,62200.00,PE,BANKNIFTY26OCT62200PE,0.00,0.00,0.00,5343.90,0.00,5343.90,57264.85,4881.05,0,0,0,0.00,0,F1,30,,,,,
2026-07-31,2026-07-31,FO,NSE,IDO,49622,,BANKNIFTY,,2026-10-27,2026-10-27,62100.00,PE,BANKNIFTY26OCT62100PE,0.00,0.00,0.00,5266.95,0.00,5266.95,57264.85,4806.40,0,0,0,0.00,0,F1,30,,,,,
2026-07-31,2026-07-31,FO,NSE,IDO,49596,,BANKNIFTY,,2026-10-27,2026-10-27,61000.00,PE,BANKNIFTY26OCT61000PE,0.00,0.00,0.00,4450.30,0.00,4450.30,57264.85,4017.65,0,0,0,0.00,0,F1,30,,,,,
2026-07-31,2026-07-31,FO,NSE,IDO,49588,,BANKNIFTY,,2026-10-27,2026-10-27,60700.00,PE,BANKNIFTY26OCT60700PE,0.00,0.00,0.00,4238.45,0.00,4238.45,57264.85,3814.60,0,0,0,0.00,0,F1,30,,,,,
2026-07-31,2026-07-31,FO,NSE,IDO,49586,,BANKNIFTY,,2026-10-27,2026-10-27,60600.00,PE,BANKNIFTY26OCT60600PE,0.00,0.00,0.00,4168.85,0.00,4168.85,57264.85,3748.05,0,0,0,0.00,0,F1,30,,,,,
2026-07-31,2026-07-31,FO,NSE,IDO,49568,,BANKNIFTY,,2026-10-27,2026-10-27,59800.00,PE,BANKNIFTY26OCT59800PE,0.00,0.00,0.00,3632.10,0.00,3632.10,57264.85,3236.70,0,0,0,0.00,0,F1,30,,,,,
2026-07-31,2026-07-31,FO,NSE,IDO,49544,,BANKNIFTY,,2026-10-27,2026-10-27,58900.00,PE,BANKNIFTY26OCT58900PE,0.00,0.00,0.00,3072.60,0.00,3072.60,57264.85,2708.30,0,0,0,0.00,0,F1,30,,,,,
2026-07-31,2026-07-31,FO,NSE,IDO,49526,,BANKNIFTY,,2026-10-27,2026-10-27,58200.00,PE,BANKNIFTY26OCT58200PE,0.00,0.00,0.00,2671.80,0.00,2671.80,57264.85,2333.30,0,0,0,0.00,0,F1,30,,,,,
2026-07-31,2026-07-31,FO,NSE,IDO,49478,,BANKNIFTY,,2026-10-27,2026-10-27,56400.00,PE,BANKNIFTY26OCT56400PE,0.00,0.00,0.00,1786.70,0.00,1786.70,57264.85,1518.40,0,0,0,0.00,0,F1,30,,,,,
2026-07-31,2026-07-31,FO,NSE,IDO,49466,,BANKNIFTY,,2026-10-27,2026-10-27,55900.00,PE,BANKNIFTY26OCT55900PE,0.00,0.00,0.00,1578.60,0.00,1578.60,57264.85,1330.20,0,0,0,0.00,0,F1,30,,,,,
2026-07-31,2026-07-31,FO,NSE,IDO,70208,,BANKNIFTY,,2026-09-29,2026-09-29,65000.00,PE,BANKNIFTY26SEP65000PE,0.00,0.00,0.00,6080.00,6080.00,6080.00,57264.85,7227.70,90,0,0,0.00,0,F1,30,,,,,
2026-07-31,2026-07-31,FO,NSE,IDO,52413,,BANKNIFTY,,2026-09-29,2026-09-29,64500.00,PE,BANKNIFTY26SEP64500PE,0.00,0.00,0.00,7730.90,0.00,7730.90,57264.85,6775.30,0,0,0,0.00,0,F1,30,,,,,
2026-07-31,2026-07-31,FO,NSE,IDO,70042,,BANKNIFTY,,2026-09-29,2026-09-29,61600.00,PE,BANKNIFTY26SEP61600PE,0.00,0.00,0.00,4351.85,0.00,4351.85,57264.85,4333.45,0,0,0,0.00,0,F1,30,,,,,
2026-07-31,2026-07-31,FO,NSE,IDO,69898,,BANKNIFTY,,2026-09-29,2026-09-29,59100.00,PE,BANKNIFTY26SEP59100PE,0.00,0.00,0.00,2780.45,0.00,2780.45,57264.85,2596.95,0,0,0,0.00,0,F1,30,,,,,
2026-07-31,2026-07-31,FO,NSE,IDO,69896,,BANKNIFTY,,2026-09-29,2026-09-29,59000.00,PE,BANKNIFTY26SEP59000PE,1882.55,1912.05,1749.45,1818.75,1816.55,1975.35,57264.85,1818.75,51240,960,116,211588660.50,91,F1,30,,,,,
2026-07-31,2026-07-31,FO,NSE,IDO,69873,,BANKNIFTY,,2026-09-29,2026-09-29,58900.00,PE,BANKNIFTY26SEP58900PE,0.00,0.00,0.00,2670.75,0.00,2670.75,57264.85,2477.20,0,0,0,0.00,0,F1,30,,,,,
2026-07-31,2026-07-31,FO,NSE,IDO,52359,,BANKNIFTY,,2026-09-29,2026-09-29,58500.00,PE,BANKNIFTY26SEP58500PE,1540.15,1605.85,1476.10,1535.90,1556.45,1672.65,57264.85,1535.90,63900,1860,246,443044722.00,226,F1,30,,,,,
2026-07-31,2026-07-31,FO,NSE,IDO,69851,,BANKNIFTY,,2026-09-29,2026-09-29,58400.00,PE,BANKNIFTY26SEP58400PE,1492.00,1492.00,1492.00,1492.00,1492.00,1652.15,57264.85,2191.45,2010,60,2,3593520.00,1,F1,30,,,,,
2026-07-31,2026-07-31,FO,NSE,IDO,69849,,BANKNIFTY,,2026-09-29,2026-09-29,58300.00,PE,BANKNIFTY26SEP58300PE,1393.30,1439.55,1393.30,1439.55,1439.55,1518.05,57264.85,2136.65,1050,210,7,12541909.50,5,F1,30,,,,,
2026-07-31,2026-07-31,FO,NSE,IDO,69841,,BANKNIFTY,,2026-09-29,2026-09-29,58100.00,PE,BANKNIFTY26SEP58100PE,1303.00,1364.00,1273.25,1301.25,1301.25,1443.05,57264.85,1301.25,1440,420,28,49918851.00,23,F1,30,,,,,
2026-07-31,2026-07-31,FO,NSE,IDO,69756,,BANKNIFTY,,2026-09-29,2026-09-29,54500.00,PE,BANKNIFTY26SEP54500PE,0.00,0.00,0.00,901.30,0.00,901.30,57264.85,649.05,0,0,0,0.00,0,F1,30,,,,,
2026-07-31,2026-07-31,FO,NSE,IDO,69679,,BANKNIFTY,,2026-09-29,2026-09-29,52700.00,PE,BANKNIFTY26SEP52700PE,0.00,0.00,0.00,504.05,0.00,504.05,57264.85,306.10,0,0,0,0.00,0,F1,30,,,,,
2026-07-31,2026-07-31,FO,NSE,IDO,69677,,BANKNIFTY,,2026-09-29,2026-09-29,52600.00,PE,BANKNIFTY26SEP52600PE,0.00,0.00,0.00,486.75,0.00,486.75,57264.85,292.35,0,0,0,0.00,0,F1,30,,,,,
2026-07-31,2026-07-31,FO,NSE,IDO,69675,,BANKNIFTY,,2026-09-29,2026-09-29,52400.00,PE,BANKNIFTY26SEP52400PE,0.00,0.00,0.00,453.55,0.00,453.55,57264.85,266.30,0,0,0,0.00,0,F1,30,,,,,
2026-07-31,2026-07-31,FO,NSE,IDO,59351,,BANKNIFTY,,2026-08-25,2026-08-25,65500.00,PE,BANKNIFTY26AUG65500PE,0.00,0.00,0.00,9631.45,0.00,9631.45,57264.85,7971.70,0,0,0,0.00,0,F1,30,,,,,
2026-07-31,2026-07-31,FO,NSE,IDO,59341,,BANKNIFTY,,2026-08-25,2026-08-25,65000.00,PE,BANKNIFTY26AUG65000PE,7407.35,7550.00,7368.45,7534.05,7529.90,7667.35,57264.85,7534.05,68190,-30,19,41309404.50,17,F1,30,,,,,
2026-07-31,2026-07-31,FO,NSE,IDO,59265,,BANKNIFTY,,2026-08-25,2026-08-25,62400.00,PE,BANKNIFTY26AUG62400PE,0.00,0.00,0.00,6871.90,0.00,6871.90,57264.85,4969.95,0,0,0,0.00,0,F1,30,,,,,
2026-07-31,2026-07-31,FO,NSE,IDO,59255,,BANKNIFTY,,2026-08-25,2026-08-25,62000.00,PE,BANKNIFTY26AUG62000PE,4459.50,4613.05,4450.00,4571.15,4613.05,4724.65,57264.85,4571.15,71370,0,14,27950404.50,12,F1,30,,,,,
2026-07-31,2026-07-31,FO,NSE,IDO,59218,,BANKNIFTY,,2026-08-25,2026-08-25,60900.00,PE,BANKNIFTY26AUG60900PE,0.00,0.00,0.00,5640.00,0.00,5640.00,57264.85,3621.75,0,0,0,0.00,0,F1,30,,,,,
2026-07-31,2026-07-31,FO,NSE,IDO,59168,,BANKNIFTY,,2026-08-25,2026-08-25,60000.00,PE,BANKNIFTY26AUG60000PE,2700.00,2700.00,2497.60,2631.50,2657.80,2793.25,57264.85,2631.50,303030,-960,625,1173329089.50,462,F1,30,,,,,
2026-07-31,2026-07-31,FO,NSE,IDO,59133,,BANKNIFTY,,2026-08-25,2026-08-25,58500.00,PE,BANKNIFTY26AUG58500PE,1450.00,1450.00,1290.00,1377.90,1403.50,1529.05,57264.85,1377.90,152130,540,1522,2733450108.00,1172,F1,30,,,,,
2026-07-31,2026-07-31,FO,NSE,IDO,59050,,BANKNIFTY,,2026-08-25,2026-08-25,56400.00,PE,BANKNIFTY26AUG56400PE,440.00,440.00,345.35,381.50,384.25,476.70,57264.85,381.50,42570,7470,3602,6136441227.00,2706,F1,30,,,,,
2026-07-31,2026-07-31,FO,NSE,IDO,58959,,BANKNIFTY,,2026-08-25,2026-08-25,53400.00,PE,BANKNIFTY26AUG53400PE,50.00,56.00,38.85,44.35,44.95,59.90,57264.85,44.35,22830,2970,1941,3112130350.50,802,F1,30,,,,,
2026-07-31,2026-07-31,FO,NSE,IDO,58947,,BANKNIFTY,,2026-08-25,2026-08-25,53100.00,PE,BANKNIFTY26AUG53100PE,40.45,43.25,32.20,37.65,38.55,48.30,57264.85,37.65,5160,-10290,1024,1632425776.50,520,F1,30,,,,,
2026-07-31,2026-07-31,FO,NSE,IDO,58919,,BANKNIFTY,,2026-08-25,2026-08-25,51900.00,PE,BANKNIFTY26AUG51900PE,22.30,23.15,19.20,22.35,22.80,25.70,57264.85,22.35,4500,420,103,160437033.00,65,F1,30,,,,,
2026-07-31,2026-07-31,FO,NSE,IDO,58883,,BANKNIFTY,,2026-08-25,2026-08-25,51200.00,PE,BANKNIFTY26AUG51200PE,19.05,19.05,15.00,18.40,18.40,19.05,57264.85,17.25,1650,330,29,44558275.50,19,F1,30,,,,,
2026-07-31,2026-07-31,FO,NSE,IDO,58881,,BANKNIFTY,,2026-08-25,2026-08-25,51100.00,PE,BANKNIFTY26AUG51100PE,16.90,17.25,14.50,16.00,16.00,19.65,57264.85,15.55,1440,-240,53,81274080.00,27,F1,30,,,,,
2026-07-31,2026-07-31,FO,NSE,IDO,58873,,BANKNIFTY,,2026-08-25,2026-08-25,50700.00,PE,BANKNIFTY26AUG50700PE,13.35,14.65,13.35,14.50,14.50,17.20,57264.85,10.25,810,0,20,30428343.00,20,F1,30,,,,,
2026-07-31,2026-07-31,FO,NSE,IDO,58843,,BANKNIFTY,,2026-08-25,2026-08-25,49600.00,PE,BANKNIFTY26AUG49600PE,10.15,10.90,10.15,10.90,10.90,13.05,57264.85,2.90,1290,-60,6,8929917.00,2,F1,30,,,,,
2026-07-31,2026-07-31,FO,NSE,IDO,58703,,BANKNIFTY,,2026-08-25,2026-08-25,46000.00,PE,BANKNIFTY26AUG46000PE,5.30,5.35,3.85,4.15,4.15,5.20,57264.85,4.15,202440,22260,4595,6341683795.50,3143,F1,30,,,,,
2026-07-31,2026-07-31,FO,NSE,IDO,70802,,BANKNIFTY,,2027-06-29,2027-06-29,64500.00,CE,BANKNIFTY27JUN64500CE,0.00,0.00,0.00,3584.50,0.00,3584.50,57264.85,3136.55,0,0,0,0.00,0,F1,30,,,,,
2026-07-31,2026-07-31,FO,NSE,IDO,70761,,BANKNIFTY,,2027-06-29,2027-06-29,49500.00,CE,BANKNIFTY27JUN49500CE,0.00,0.00,0.00,11915.80,0.00,11915.80,57264.85,11464.00,0,0,0,0.00,0,F1,30,,,,,
2026-07-31,2026-07-31,FO,NSE,IDO,49619,,BANKNIFTY,,2026-10-27,2026-10-27,62000.00,CE,BANKNIFTY26OCT62000CE,0.00,0.00,0.00,879.40,0.00,879.40,57264.85,981.75,0,0,0,0.00,0,F1,30,,,,,
2026-07-31,2026-07-31,FO,NSE,IDO,49617,,BANKNIFTY,,2026-10-27,2026-10-27,61900.00,CE,BANKNIFTY26OCT61900CE,0.00,0.00,0.00,901.70,0.00,901.70,57264.85,1004.05,0,0,0,0.00,0,F1,30,,,,,
2026-07-31,2026-07-31,FO,NSE,IDO,58868,,BANKNIFTY,,2026-08-25,2026-08-25,50500.00,CE,BANKNIFTY26AUG50500CE,0.00,0.00,0.00,6774.30,6774.30,6774.30,57264.85,6983.30,210,0,0,0.00,0,F1,30,,,,,
2026-07-31,2026-07-31,FO,NSE,IDO,58884,,BANKNIFTY,,2026-08-25,2026-08-25,51300.00,CE,BANKNIFTY26AUG51300CE,0.00,0.00,0.00,5213.60,0.00,5213.60,57264.85,6197.45,0,0,0,0.00,0,F1,30,,,,,
2026-07-31,2026-07-31,FO,NSE,IDO,58932,,BANKNIFTY,,2026-08-25,2026-08-25,52600.00,CE,BANKNIFTY26AUG52600CE,0.00,0.00,0.00,4266.95,0.00,4266.95,57264.85,4946.95,0,0,0,0.00,0,F1,30,,,,,
2026-07-31,2026-07-31,FO,NSE,IDO,58988,,BANKNIFTY,,2026-08-25,2026-08-25,54400.00,CE,BANKNIFTY26AUG54400CE,0.00,0.00,0.00,3004.80,3004.80,3004.80,57264.85,3334.00,120,0,0,0.00,0,F1,30,,,,,
2026-07-31,2026-07-31,FO,NSE,IDO,59030,,BANKNIFTY,,2026-08-25,2026-08-25,55900.00,CE,BANKNIFTY26AUG55900CE,1928.35,1928.35,1786.80,1843.25,1843.25,1699.05,57264.85,2184.95,1680,-90,11,19056684.00,10,F1,30,,,,,
2026-07-31,2026-07-31,FO,NSE,IDO,59111,,BANKNIFTY,,2026-08-25,2026-08-25,58100.00,CE,BANKNIFTY26AUG58100CE,447.35,536.70,424.30,433.75,425.05,437.65,57264.85,433.75,97500,-20010,6597,11591918046.00,5246,F1,30,,,,,
2026-07-31,2026-07-31,FO,NSE,IDO,59145,,BANKNIFTY,,2026-08-25,2026-08-25,59000.00,CE,BANKNIFTY26AUG59000CE,206.25,250.00,180.85,186.25,182.00,201.20,57264.85,186.25,987210,1590,44092,78315477988.50,25378,F1,30,,,,,
2026-07-31,2026-07-31,FO,NSE,IDO,59258,,BANKNIFTY,,2026-08-25,2026-08-25,62200.00,CE,BANKNIFTY26AUG62200CE,0.00,0.00,0.00,514.80,0.00,514.80,57264.85,107.85,0,0,0,0.00,0,F1,30,,,,,
2026-07-31,2026-07-31,FO,NSE,IDO,69658,,BANKNIFTY,,2026-09-29,2026-09-29,51600.00,CE,BANKNIFTY26SEP51600CE,0.00,0.00,0.00,7072.05,0.00,7072.05,57264.85,6404.90,0,0,0,0.00,0,F1,30,,,,,
2026-07-31,2026-07-31,FO,NSE,IDO,69672,,BANKNIFTY,,2026-09-29,2026-09-29,52300.00,CE,BANKNIFTY26SEP52300CE,0.00,0.00,0.00,6482.70,0.00,6482.70,57264.85,5786.60,0,0,0,0.00,0,F1,30,,,,,
2026-07-31,2026-07-31,FO,NSE,IDO,69806,,BANKNIFTY,,2026-09-29,2026-09-29,56700.00,CE,BANKNIFTY26SEP56700CE,0.00,0.00,0.00,1633.20,1633.20,1633.20,57264.85,2550.65,270,0,0,0.00,0,F1,30,,,,,
2026-07-31,2026-07-31,FO,NSE,IDO,69828,,BANKNIFTY,,2026-09-29,2026-09-29,57800.00,CE,BANKNIFTY26SEP57800CE,1279.90,1279.90,1125.75,1125.75,1125.75,1150.00,57264.85,1125.75,3390,240,24,42487792.50,19,F1,30,,,,,
2026-07-31,2026-07-31,FO,NSE,IDO,69848,,BANKNIFTY,,2026-09-29,2026-09-29,58300.00,CE,BANKNIFTY26SEP58300CE,0.00,0.00,0.00,2493.95,0.00,2493.95,57264.85,1734.40,0,0,0,0.00,0,F1,30,,,,,
2026-07-31,2026-07-31,FO,NSE,IDO,52358,,BANKNIFTY,,2026-09-29,2026-09-29,58500.00,CE,BANKNIFTY26SEP58500CE,898.90,941.50,830.00,842.55,840.10,836.30,57264.85,842.55,78180,3270,266,473793331.50,182,F1,30,,,,,
2026-07-31,2026-07-31,FO,NSE,IDO,69899,,BANKNIFTY,,2026-09-29,2026-09-29,59200.00,CE,BANKNIFTY26SEP59200CE,0.00,0.00,0.00,2087.15,0.00,2087.15,57264.85,1365.50,0,0,0,0.00,0,F1,30,,,,,
2026-07-31,2026-07-31,FO,NSE,IDO,70004,,BANKNIFTY,,2026-09-29,2026-09-29,59900.00,CE,BANKNIFTY26SEP59900CE,0.00,0.00,0.00,1805.40,0.00,1805.40,57264.85,1121.00,0,0,0,0.00,0,F1,30,,,,,
2026-07-31,2026-07-31,FO,NSE,IDO,70099,,BANKNIFTY,,2026-09-29,2026-09-29,63200.00,CE,BANKNIFTY26SEP63200CE,0.00,0.00,0.00,845.10,0.00,845.10,57264.85,387.80,0,0,0,0.00,0,F1,30,,,,,
2026-07-31,2026-07-31,FO,NSE,IDO,52412,,BANKNIFTY,,2026-09-29,2026-09-29,64500.00,CE,BANKNIFTY26SEP64500CE,0.00,0.00,0.00,1685.65,0.00,1685.65,57264.85,240.35,0,0,0,0.00,0,F1,30,,,,,
2026-07-31,2026-07-31,FO,NSE,IDO,52439,,BANKNIFTY,,2026-09-29,2026-09-29,69000.00,CE,BANKNIFTY26SEP69000CE,16.45,16.45,16.45,16.45,16.45,17.45,57264.85,16.45,180,30,1,2070493.50,1,F1,30,,,,,
2026-07-31,2026-07-31,FO,NSE,IDO,49373,,BANKNIFTY,,2026-10-27,2026-10-27,52300.00,CE,BANKNIFTY26OCT52300CE,0.00,0.00,0.00,5781.10,0.00,5781.10,57264.85,6217.80,0,0,0,0.00,0,F1,30,,,,,
2026-07-31,2026-07-31,FO,NSE,IDO,49387,,BANKNIFTY,,2026-10-27,2026-10-27,53000.00,CE,BANKNIFTY26OCT53000CE,0.00,0.00,0.00,4850.00,4850.00,4850.00,57264.85,5650.35,60,0,0,0.00,0,F1,30,,,,,
2026-07-31,2026-07-31,FO,NSE,IDO,59042,,BANKNIFTY,,2026-08-25,2026-08-25,56100.00,CE,BANKNIFTY26AUG56100CE,1724.10,1761.95,1591.55,1617.40,1591.55,1554.55,57264.85,1617.40,23700,17580,3368,5837709309.00,1104,F1,30,,,,,
2026-07-31,2026-07-31,FO,NSE,IDO,76424,,BANKNIFTY,,2027-03-30,2027-03-30,61500.00,PE,BANKNIFTY27MAR61500PE,0.00,0.00,0.00,8564.80,0.00,8564.80,57264.85,4754.45,0,0,0,0.00,0,F1,30,,,,,
2026-07-31,2026-07-31,FO,NSE,IDO,53247,,BANKNIFTY,,2026-12-29,2026-12-29,63000.00,PE,BANKNIFTY26DEC63000PE,4405.00,4435.00,4405.00,4435.00,4435.00,4500.00,57264.85,5568.85,750,120,4,8090850.00,4,F1,30,,,,,
2026-07-31,2026-07-31,FO,NSE,IDO,53245,,BANKNIFTY,,2026-12-29,2026-12-29,61500.00,PE,BANKNIFTY26DEC61500PE,0.00,0.00,0.00,3006.00,3006.00,3006.00,57264.85,4567.35,30,0,0,0.00,0,F1,30,,,,,
2026-07-31,2026-07-31,FO,NSE,IDO,49592,,BANKNIFTY,,2026-10-27,2026-10-27,60800.00,PE,BANKNIFTY26OCT60800PE,0.00,0.00,0.00,4308.55,0.00,4308.55,57264.85,3881.75,0,0,0,0.00,0,F1,30,,,,,
2026-07-31,2026-07-31,FO,NSE,IDO,49516,,BANKNIFTY,,2026-10-27,2026-10-27,57800.00,PE,BANKNIFTY26OCT57800PE,0.00,0.00,0.00,2456.75,0.00,2456.75,57264.85,2133.70,0,0,0,0.00,0,F1,30,,,,,
2026-07-31,2026-07-31,FO,NSE,IDO,49498,,BANKNIFTY,,2026-10-27,2026-10-27,57100.00,PE,BANKNIFTY26OCT57100PE,0.00,0.00,0.00,2105.75,0.00,2105.75,57264.85,1809.70,0,0,0,0.00,0,F1,30,,,,,
2026-07-31,2026-07-31,FO,NSE,IDO,49472,,BANKNIFTY,,2026-10-27,2026-10-27,56200.00,PE,BANKNIFTY26OCT56200PE,0.00,0.00,0.00,1701.50,0.00,1701.50,57264.85,1441.15,0,0,0,0.00,0,F1,30,,,,,
2026-07-31,2026-07-31,FO,NSE,IDO,49462,,BANKNIFTY,,2026-10-27,2026-10-27,55700.00,PE,BANKNIFTY26OCT55700PE,0.00,0.00,0.00,1499.95,0.00,1499.95,57264.85,1259.45,0,0,0,0.00,0,F1,30,,,,,
2026-07-31,2026-07-31,FO,NSE,IDO,49402,,BANKNIFTY,,2026-10-27,2026-10-27,53400.00,PE,BANKNIFTY26OCT53400PE,0.00,0.00,0.00,777.60,0.00,777.60,57264.85,624.00,0,0,0,0.00,0,F1,30,,,,,
2026-07-31,2026-07-31,FO,NSE,IDO,52427,,BANKNIFTY,,2026-09-29,2026-09-29,67500.00,PE,BANKNIFTY26SEP67500PE,0.00,0.00,0.00,9969.75,0.00,9969.75,57264.85,9572.60,0,0,0,0.00,0,F1,30,,,,,
2026-07-31,2026-07-31,FO,NSE,IDO,70049,,BANKNIFTY,,2026-09-29,2026-09-29,61900.00,PE,BANKNIFTY26SEP61900PE,0.00,0.00,0.00,4563.60,0.00,4563.60,57264.85,4568.10,0,0,0,0.00,0,F1,30,,,,,
2026-07-31,2026-07-31,FO,NSE,IDO,70038,,BANKNIFTY,,2026-09-29,2026-09-29,61400.00,PE,BANKNIFTY26SEP61400PE,0.00,0.00,0.00,4213.25,0.00,4213.25,57264.85,4182.10,0,0,0,0.00,0,F1,30,,,,,
2026-07-31,2026-07-31,FO,NSE,IDO,70036,,BANKNIFTY,,2026-09-29,2026-09-29,61300.00,PE,BANKNIFTY26SEP61300PE,0.00,0.00,0.00,4144.70,0.00,4144.70,57264.85,4106.00,0,0,0,0.00,0,F1,30,,,,,
2026-07-31,2026-07-31,FO,NSE,IDO,70020,,BANKNIFTY,,2026-09-29,2026-09-29,60500.00,PE,BANKNIFTY26SEP60500PE,0.00,0.00,0.00,3033.65,3033.65,3033.65,57264.85,3517.50,270,0,0,0.00,0,F1,30,,,,,
2026-07-31,2026-07-31,FO,NSE,IDO,69995,,BANKNIFTY,,2026-09-29,2026-09-29,59700.00,PE,BANKNIFTY26SEP59700PE,0.00,0.00,0.00,3124.25,0.00,3124.25,57264.85,2974.25,0,0,0,0.00,0,F1,30,,,,,
2026-07-31,2026-07-31,FO,NSE,IDO,69854,,BANKNIFTY,,2026-09-29,2026-09-29,58600.00,PE,BANKNIFTY26SEP58600PE,1603.70,1632.75,1593.50,1599.40,1599.40,2510.95,57264.85,2303.40,420,420,14,25286880.00,13,F1,30,,,,,
2026-07-31,2026-07-31,FO,NSE,IDO,69814,,BANKNIFTY,,2026-09-29,2026-09-29,57100.00,PE,BANKNIFTY26SEP57100PE,904.15,918.40,839.65,875.75,886.90,990.75,57264.85,875.75,6360,1560,96,166943844.00,64,F1,30,,,,,
2026-07-31,2026-07-31,FO,NSE,IDO,69810,,BANKNIFTY,,2026-09-29,2026-09-29,56800.00,PE,BANKNIFTY26SEP56800PE,764.25,808.60,735.00,755.90,757.70,873.30,57264.85,755.90,4680,1590,74,127778409.00,54,F1,30,,,,,
2026-07-31,2026-07-31,FO,NSE,IDO,69772,,BANKNIFTY,,2026-09-29,2026-09-29,55100.00,PE,BANKNIFTY26SEP55100PE,0.00,0.00,0.00,1069.60,0.00,1069.60,57264.85,809.00,0,0,0,0.00,0,F1,30,,,,,
2026-07-31,2026-07-31,FO,NSE,IDO,69703,,BANKNIFTY,,2026-09-29,2026-09-29,53900.00,PE,BANKNIFTY26SEP53900PE,0.00,0.00,0.00,748.95,0.00,748.95,57264.85,512.95,0,0,0,0.00,0,F1,30,,,,,
2026-07-31,2026-07-31,FO,NSE,IDO,69685,,BANKNIFTY,,2026-09-29,2026-09-29,53000.00,PE,BANKNIFTY26SEP53000PE,143.15,153.70,130.50,139.50,139.20,166.50,57264.85,139.50,30300,1080,377,601018578.00,195,F1,30,,,,,
2026-07-31,2026-07-31,FO,NSE,IDO,59315,,BANKNIFTY,,2026-08-25,2026-08-25,63900.00,PE,BANKNIFTY26AUG63900PE,0.00,0.00,0.00,8177.75,0.00,8177.75,57264.85,6401.90,0,0,0,0.00,0,F1,30,,,,,
2026-07-31,2026-07-31,FO,NSE,IDO,59305,,BANKNIFTY,,2026-08-25,2026-08-25,63700.00,PE,BANKNIFTY26AUG63700PE,0.00,0.00,0.00,8000.05,0.00,8000.05,57264.85,6207.95,0,0,0,0.00,0,F1,30,,,,,
2026-07-31,2026-07-31,FO,NSE,IDO,59257,,BANKNIFTY,,2026-08-25,2026-08-25,62100.00,PE,BANKNIFTY26AUG62100PE,0.00,0.00,0.00,6619.00,0.00,6619.00,57264.85,4691.75,0,0,0,0.00,0,F1,30,,,,,
2026-07-31,2026-07-31,FO,NSE,IDO,59099,,BANKNIFTY,,2026-08-25,2026-08-25,57900.00,PE,BANKNIFTY26AUG57900PE,986.35,1064.15,920.80,999.90,1015.10,1146.85,57264.85,999.90,62250,-83430,12921,22826730316.50,6100,F1,30,,,,,
2026-07-31,2026-07-31,FO,NSE,IDO,59093,,BANKNIFTY,,2026-08-25,2026-08-25,57600.00,PE,BANKNIFTY26AUG57600PE,881.85,976.95,772.00,834.90,853.60,974.70,57264.85,834.90,34740,5910,7188,12600051033.00,5808,F1,30,,,,,
2026-07-31,2026-07-31,FO,NSE,IDO,59091,,BANKNIFTY,,2026-08-25,2026-08-25,57500.00,PE,BANKNIFTY26AUG57500PE,850.00,852.15,725.10,784.65,796.15,923.30,57264.85,784.65,377130,10920,45844,80155080376.50,31918,F1,30,,,,,
2026-07-31,2026-07-31,FO,NSE,IDO,58931,,BANKNIFTY,,2026-08-25,2026-08-25,52500.00,PE,BANKNIFTY26AUG52500PE,29.85,32.65,24.85,28.65,29.00,34.40,57264.85,28.65,126060,8580,6212,9789066430.50,3968,F1,30,,,,,
2026-07-31,2026-07-31,FO,NSE,IDO,58927,,BANKNIFTY,,2026-08-25,2026-08-25,52300.00,PE,BANKNIFTY26AUG52300PE,24.85,27.70,22.70,25.60,26.25,30.85,57264.85,25.60,7200,1710,363,569819646.00,270,F1,30,,,,,
2026-07-31,2026-07-31,FO,NSE,IDO,58923,,BANKNIFTY,,2026-08-25,2026-08-25,52100.00,PE,BANKNIFTY26AUG52100PE,28.95,29.80,20.70,23.35,24.35,28.95,57264.85,23.35,2370,1530,142,222043249.50,74,F1,30,,,,,
2026-07-31,2026-07-31,FO,NSE,IDO,58859,,BANKNIFTY,,2026-08-25,2026-08-25,50100.00,PE,BANKNIFTY26AUG50100PE,13.75,14.65,11.60,14.65,14.65,12.50,57264.85,14.65,630,-150,44,66148899.00,28,F1,30,,,,,
2026-07-31,2026-07-31,FO,NSE,IDO,58811,,BANKNIFTY,,2026-08-25,2026-08-25,48900.00,PE,BANKNIFTY26AUG48900PE,10.55,11.00,8.85,9.80,11.00,10.55,57264.85,9.80,5970,60,19,27878592.00,13,F1,30,,,,,
2026-07-31,2026-07-31,FO,NSE,IDO,58805,,BANKNIFTY,,2026-08-25,2026-08-25,48700.00,PE,BANKNIFTY26AUG48700PE,10.70,10.70,7.75,8.10,8.40,10.30,57264.85,8.10,600,0,6,8767611.00,3,F1,30,,,,,
2026-07-31,2026-07-31,FO,NSE,IDO,70765,,BANKNIFTY,,2027-06-29,2027-06-29,51000.00,CE,BANKNIFTY27JUN51000CE,0.00,0.00,0.00,10793.90,0.00,10793.90,57264.85,10325.55,0,0,0,0.00,0,F1,30,,,,,
2026-07-31,2026-07-31,FO,NSE,IDO,76425,,BANKNIFTY,,2027-03-30,2027-03-30,63000.00,CE,BANKNIFTY27MAR63000CE,0.00,0.00,0.00,1330.00,1330.00,1330.00,57264.85,2629.15,1350,0,0,0.00,0,F1,30,,,,,
2026-07-31,2026-07-31,FO,NSE,IDO,76402,,BANKNIFTY,,2027-03-30,2027-03-30,60000.00,CE,BANKNIFTY27MAR60000CE,0.00,0.00,0.00,1968.25,0.00,1968.25,57264.85,3787.05,0,0,0,0.00,0,F1,30,,,,,
2026-07-31,2026-07-31,FO,NSE,IDO,53218,,BANKNIFTY,,2026-12-29,2026-12-29,49500.00,CE,BANKNIFTY26DEC49500CE,0.00,0.00,0.00,12801.50,0.00,12801.50,57264.85,9428.10,0,0,0,0.00,0,F1,30,,,,,
2026-07-31,2026-07-31,FO,NSE,IDO,49647,,BANKNIFTY,,2026-10-27,2026-10-27,63000.00,CE,BANKNIFTY26OCT63000CE,0.00,0.00,0.00,677.00,0.00,677.00,57264.85,757.70,0,0,0,0.00,0,F1,30,,,,,
2026-07-31,2026-07-31,FO,NSE,IDO,49545,,BANKNIFTY,,2026-10-27,2026-10-27,59000.00,CE,BANKNIFTY26OCT59000CE,0.00,0.00,0.00,1774.10,0.00,1774.10,57264.85,1966.35,0,0,0,0.00,0,F1,30,,,,,
2026-07-31,2026-07-31,FO,NSE,IDO,49529,,BANKNIFTY,,2026-10-27,2026-10-27,58400.00,CE,BANKNIFTY26OCT58400CE,0.00,0.00,0.00,2015.90,0.00,2015.90,57264.85,2229.50,0,0,0,0.00,0,F1,30,,,,,
2026-07-31,2026-07-31,FO,NSE,IDO,49451,,BANKNIFTY,,2026-10-27,2026-10-27,55400.00,CE,BANKNIFTY26OCT55400CE,0.00,0.00,0.00,3574.50,0.00,3574.50,57264.85,3902.85,0,0,0,0.00,0,F1,30,,,,,
2026-07-31,2026-07-31,FO,NSE,IDO,49446,,BANKNIFTY,,2026-10-27,2026-10-27,55200.00,CE,BANKNIFTY26OCT55200CE,0.00,0.00,0.00,3699.30,0.00,3699.30,57264.85,4035.35,0,0,0,0.00,0,F1,30,,,,,
2026-07-31,2026-07-31,FO,NSE,IDO,70086,,BANKNIFTY,,2026-09-29,2026-09-29,62500.00,CE,BANKNIFTY26SEP62500CE,0.00,0.00,0.00,1004.90,0.00,1004.90,57264.85,494.80,0,0,0,0.00,0,F1,30,,,,,
2026-07-31,2026-07-31,FO,NSE,IDO,70045,,BANKNIFTY,,2026-09-29,2026-09-29,61800.00,CE,BANKNIFTY26SEP61800CE,0.00,0.00,0.00,1183.35,0.00,1183.35,57264.85,625.10,0,0,0,0.00,0,F1,30,,,,,
2026-07-31,2026-07-31,FO,NSE,IDO,69872,,BANKNIFTY,,2026-09-29,2026-09-29,58900.00,CE,BANKNIFTY26SEP58900CE,0.00,0.00,0.00,2217.10,0.00,2217.10,57264.85,1481.45,0,0,0,0.00,0,F1,30,,,,,
2026-07-31,2026-07-31,FO,NSE,IDO,69826,,BANKNIFTY,,2026-09-29,2026-09-29,57700.00,CE,BANKNIFTY26SEP57700CE,1276.00,1288.15,1218.85,1231.75,1218.85,1211.40,57264.85,1231.75,2970,810,53,93727254.00,42,F1,30,,,,,
2026-07-31,2026-07-31,FO,NSE,IDO,69817,,BANKNIFTY,,2026-09-29,2026-09-29,57300.00,CE,BANKNIFTY26SEP57300CE,1500.50,1547.55,1435.65,1439.85,1444.00,1387.30,57264.85,1439.85,2340,660,54,95240874.00,43,F1,30,,,,,
2026-07-31,2026-07-31,FO,NSE,IDO,69813,,BANKNIFTY,,2026-09-29,2026-09-29,57100.00,CE,BANKNIFTY26SEP57100CE,1578.95,1645.75,1569.10,1574.00,1574.00,1522.80,57264.85,2327.10,3000,330,26,45794251.50,25,F1,30,,,,,
2026-07-31,2026-07-31,FO,NSE,IDO,69684,,BANKNIFTY,,2026-09-29,2026-09-29,53000.00,CE,BANKNIFTY26SEP53000CE,4830.00,4830.00,4830.00,4830.00,4830.00,4830.00,57264.85,5190.55,330,300,10,17349000.00,6,F1,30,,,,,
2026-07-31,2026-07-31,FO,NSE,IDO,69674,,BANKNIFTY,,2026-09-29,2026-09-29,52400.00,CE,BANKNIFTY26SEP52400CE,0.00,0.00,0.00,6400.20,0.00,6400.20,57264.85,5700.00,0,0,0,0.00,0,F1,30,,,,,
2026-07-31,2026-07-31,FO,NSE,IDO,40879,,NIFTY,,2026-08-11,2026-08-11,21600.00,CE,NIFTY2681121600CE,0.00,0.00,0.00,2926.60,2926.60,2926.60,24383.60,2823.25,65,0,0,0.00,0,F1,65,,,,,
2026-07-31,2026-07-31,FO,NSE,IDO,66062,,NIFTY,,2026-08-04,2026-08-04,26150.00,CE,NIFTY2680426150CE,0.50,0.60,0.40,0.45,0.45,0.50,24383.60,0.45,180830,20475,10402,17681134610.75,2096,F1,65,,,,,
2026-07-31,2026-07-31,FO,NSE,IDO,66054,,NIFTY,,2026-08-04,2026-08-04,25950.00,CE,NIFTY2680425950CE,0.40,0.75,0.40,0.55,0.50,0.60,24383.60,0.55,75465,31005,3839,6475579724.25,908,F1,65,,,,,
2026-07-31,2026-07-31,FO,NSE,IDO,65947,,NIFTY,,2026-08-04,2026-08-04,25600.00,CE,NIFTY2680425600CE,0.60,0.95,0.60,0.65,0.65,0.70,24383.60,0.65,335400,40950,49975,83160909455.00,15971,F1,65,,,,,
2026-07-31,2026-07-31,FO,NSE,IDO,45093,,NIFTY,,2026-08-18,2026-08-18,24050.00,PE,NIFTY2681824050PE,110.00,121.45,92.50,97.95,98.25,133.85,24383.60,97.95,17355,6565,588,923080145.00,358,F1,65,,,,,
2026-07-31,2026-07-31,FO,NSE,IDO,45101,,NIFTY,,2026-08-18,2026-08-18,24250.00,PE,NIFTY2681824250PE,173.35,187.85,145.00,152.00,157.80,205.25,24383.60,152.00,45760,13845,918,1456488254.00,580,F1,65,,,,,
2026-07-31,2026-07-31,FO,NSE,IDO,45173,,NIFTY,,2026-08-18,2026-08-18,25550.00,PE,NIFTY2681825550PE,0.00,0.00,0.00,1452.05,0.00,1452.05,24383.60,1144.15,0,0,0,0.00,0,F1,65,,,,,
2026-07-31,2026-07-31,FO,NSE,IDO,61155,,NIFTY,,2026-08-25,2026-08-25,21250.00,PE,NIFTY26AUG21250PE,6.70,7.00,5.00,6.60,6.60,6.40,24383.60,6.60,6630,195,41,56645839.25,14,F1,65,,,,,
2026-07-31,2026-07-31,FO,NSE,IDO,61458,,NIFTY,,2026-08-25,2026-08-25,23300.00,PE,NIFTY26AUG23300PE,39.00,40.00,31.75,32.80,33.60,42.45,24383.60,32.80,506870,-103610,9178,13920562444.75,4960,F1,65,,,,,
2026-07-31,2026-07-31,FO,NSE,IDO,61586,,NIFTY,,2026-08-25,2026-08-25,23900.00,PE,NIFTY26AUG23900PE,112.70,118.75,92.40,96.85,99.00,129.50,24383.60,96.85,727610,50310,10083,15730477987.25,7072,F1,65,,,,,
2026-07-31,2026-07-31,FO,NSE,IDO,61588,,NIFTY,,2026-08-25,2026-08-25,23950.00,PE,NIFTY26AUG23950PE,130.40,130.50,101.55,106.45,107.70,141.35,24383.60,106.45,123760,14950,2347,3670793951.50,1599,F1,65,,,,,
2026-07-31,2026-07-31,FO,NSE,IDO,61622,,NIFTY,,2026-08-25,2026-08-25,24100.00,PE,NIFTY26AUG24100PE,162.05,172.55,134.80,142.15,145.70,185.75,24383.60,142.15,1844375,115375,20137,31742469512.00,13427,F1,65,,,,,
2026-07-31,2026-07-31,FO,NSE,IDO,61786,,NIFTY,,2026-08-25,2026-08-25,24650.00,PE,NIFTY26AUG24650PE,390.00,425.00,349.60,365.65,371.25,442.60,24383.60,365.65,143845,4225,568,924301241.50,502,F1,65,,,,,
2026-07-31,2026-07-31,FO,NSE,IDO,61982,,NIFTY,,2026-08-25,2026-08-25,25650.00,PE,NIFTY26AUG25650PE,0.00,0.00,0.00,1625.00,1625.00,1625.00,24383.60,1240.50,195,0,0,0.00,0,F1,65,,,,,
2026-07-31,2026-07-31,FO,NSE,IDO,62023,,NIFTY,,2026-08-25,2026-08-25,25900.00,PE,NIFTY26AUG25900PE,1435.55,1450.00,1410.00,1445.00,1445.00,1552.80,24383.60,1445.00,6500,-195,13,23092091.75,10,F1,65,,,,,
2026-07-31,2026-07-31,FO,NSE,IDO,62068,,NIFTY,,2026-08-25,2026-08-25,26300.00,PE,NIFTY26AUG26300PE,1870.00,1910.00,1803.75,1830.55,1840.05,1916.20,24383.60,1830.55,485615,-3315,407,744258524.75,264,F1,65,,,,,
2026-07-31,2026-07-31,FO,NSE,IDO,46918,,NIFTY,,2026-09-01,2026-09-01,22300.00,PE,NIFTY2690122300PE,0.00,0.00,0.00,16.20,15.90,16.20,24383.60,12.05,130,0,0,0.00,0,F1,65,,,,,
2026-07-31,2026-07-31,FO,NSE,IDO,46942,,NIFTY,,2026-09-01,2026-09-01,22900.00,PE,NIFTY2690122900PE,26.70,29.30,26.50,26.70,26.50,31.80,24383.60,26.70,7280,-325,20,29805610.25,12,F1,65,,,,,
2026-07-31,2026-07-31,FO,NSE,IDO,46952,,NIFTY,,2026-09-01,2026-09-01,23150.00,PE,NIFTY2690123150PE,0.00,0.00,0.00,139.20,0.00,139.20,24383.60,70.60,0,0,0,0.00,0,F1,65,,,,,
2026-07-31,2026-07-31,FO,NSE,IDO,46972,,NIFTY,,2026-09-01,2026-09-01,23650.00,PE,NIFTY2690123650PE,0.00,0.00,0.00,264.15,0.00,264.15,24383.60,159.70,0,0,0,0.00,0,F1,65,,,,,
2026-07-31,2026-07-31,FO,NSE,IDO,47010,,NIFTY,,2026-09-01,2026-09-01,24600.00,PE,NIFTY2690124600PE,0.00,0.00,0.00,684.35,0.00,684.35,24383.60,519.60,0,0,0,0.00,0,F1,65,,,,,
2026-07-31,2026-07-31,FO,NSE,IDO,47068,,NIFTY,,2026-09-01,2026-09-01,26050.00,PE,NIFTY2690126050PE,0.00,0.00,0.00,1766.25,0.00,1766.25,24383.60,1582.55,0,0,0,0.00,0,F1,65,,,,,
2026-07-31,2026-07-31,FO,NSE,IDO,73866,,NIFTY,,2026-09-29,2026-09-29,22000.00,PE,NIFTY26SEP22000PE,27.75,29.05,26.95,27.50,28.55,30.15,24383.60,27.50,672685,-16575,3387,4849532629.50,1681,F1,65,,,,,
2026-07-31,2026-07-31,FO,NSE,IDO,73892,,NIFTY,,2026-09-29,2026-09-29,22700.00,PE,NIFTY26SEP22700PE,54.00,54.50,47.50,48.65,48.40,58.85,24383.60,48.65,59540,-4680,638,943466914.00,395,F1,65,,,,,
2026-07-31,2026-07-31,FO,NSE,IDO,73907,,NIFTY,,2026-09-29,2026-09-29,23100.00,PE,NIFTY26SEP23100PE,83.10,85.40,73.95,76.50,77.95,92.20,24383.60,76.50,110955,20150,1510,2274899360.50,930,F1,65,,,,,
2026-07-31,2026-07-31,FO,NSE,IDO,74046,,NIFTY,,2026-09-29,2026-09-29,23800.00,PE,NIFTY26SEP23800PE,200.00,200.00,170.80,176.05,180.00,210.35,24383.60,176.05,185445,22620,2300,3585473489.00,1343,F1,65,,,,,
2026-07-31,2026-07-31,FO,NSE,IDO,74369,,NIFTY,,2026-09-29,2026-09-29,25100.00,PE,NIFTY26SEP25100PE,730.70,736.75,702.00,715.90,719.80,785.80,24383.60,715.90,3315,1300,40,67130524.50,37,F1,65,,,,,
2026-07-31,2026-07-31,FO,NSE,IDO,55287,,NIFTY,,2026-09-29,2026-09-29,25500.00,PE,NIFTY26SEP25500PE,1017.40,1060.00,978.05,1006.65,1015.00,1088.90,24383.60,1006.65,455780,59345,1590,2739777576.25,1529,F1,65,,,,,
2026-07-31,2026-07-31,FO,NSE,IDO,74443,,NIFTY,,2026-09-29,2026-09-29,26100.00,PE,NIFTY26SEP26100PE,0.00,0.00,0.00,2057.70,0.00,2057.70,24383.60,1622.60,0,0,0,0.00,0,F1,65,,,,,
2026-07-31,2026-07-31,FO,NSE,IDO,51325,,NIFTY,,2026-10-27,2026-10-27,22350.00,PE,NIFTY26OCT22350PE,59.60,59.60,56.70,56.85,57.00,153.20,24383.60,56.85,130,130,4,5826138.50,3,F1,65,,,,,
2026-07-31,2026-07-31,FO,NSE,IDO,51329,,NIFTY,,2026-10-27,2026-10-27,22450.00,PE,NIFTY26OCT22450PE,0.00,0.00,0.00,169.90,0.00,169.90,24383.60,106.70,0,0,0,0.00,0,F1,65,,,,,
2026-07-31,2026-07-31,FO,NSE,IDO,51363,,NIFTY,,2026-10-27,2026-10-27,23250.00,PE,NIFTY26OCT23250PE,0.00,0.00,0.00,356.75,0.00,356.75,24383.60,243.55,0,0,0,0.00,0,F1,65,,,,,
2026-07-31,2026-07-31,FO,NSE,IDO,51389,,NIFTY,,2026-10-27,2026-10-27,23900.00,PE,NIFTY26OCT23900PE,279.00,279.00,246.05,249.00,249.00,301.00,24383.60,249.00,1040,910,21,32971675.75,18,F1,65,,,,,
2026-07-31,2026-07-31,FO,NSE,IDO,51397,,NIFTY,,2026-10-27,2026-10-27,24050.00,PE,NIFTY26OCT24050PE,0.00,0.00,0.00,656.15,0.00,656.15,24383.60,479.70,0,0,0,0.00,0,F1,65,,,,,
2026-07-31,2026-07-31,FO,NSE,IDO,51405,,NIFTY,,2026-10-27,2026-10-27,24250.00,PE,NIFTY26OCT24250PE,370.00,370.00,370.00,370.00,370.00,419.50,24383.60,557.05,585,65,1,1600300.00,1,F1,65,,,,,
2026-07-31,2026-07-31,FO,NSE,IDO,51453,,NIFTY,,2026-10-27,2026-10-27,25300.00,PE,NIFTY26OCT25300PE,0.00,0.00,0.00,1367.05,0.00,1367.05,24383.60,1089.55,0,0,0,0.00,0,F1,65,,,,,
2026-07-31,2026-07-31,FO,NSE,IDO,58647,,NIFTY,,2026-12-29,2026-12-29,21000.00,PE,NIFTY26DEC21000PE,60.00,62.40,57.90,59.60,60.00,63.75,24383.60,59.60,1007855,-16900,3590,4914288622.75,1633,F1,65,,,,,
2026-07-31,2026-07-31,FO,NSE,IDO,50548,,NIFTY,,2026-12-29,2026-12-29,28000.00,PE,NIFTY26DEC28000PE,2993.00,2993.00,2917.10,2947.30,2940.15,3037.20,24383.60,2947.30,851785,-2015,109,219219477.75,90,F1,65,,,,,
2026-07-31,2026-07-31,FO,NSE,IDO,55333,,NIFTY,,2026-12-29,2026-12-29,31500.00,PE,NIFTY26DEC31500PE,0.00,0.00,0.00,4059.30,0.00,4059.30,24383.60,6280.60,0,0,0,0.00,0,F1,65,,,,,
2026-07-31,2026-07-31,FO,NSE,IDO,80277,,NIFTY,,2027-03-30,2027-03-30,27000.00,PE,NIFTY27MAR27000PE,1850.00,1850.00,1850.00,1850.00,1850.00,1920.00,24383.60,2210.00,975,0,1,1875250.00,1,F1,65,,,,,
2026-07-31,2026-07-31,FO,NSE,IDO,55421,,NIFTY,,2027-12-28,2027-12-28,16500.00,PE,NIFTY27DEC16500PE,0.00,0.00,0.00,52.05,52.05,52.05,24383.60,9.20,130,0,0,0.00,0,F1,65,,,,,
2026-07-31,2026-07-31,FO,NSE,IDO,53632,,NIFTY,,2027-12-28,2027-12-28,27000.00,PE,NIFTY27DEC27000PE,1720.90,1731.55,1674.05,1697.00,1700.00,1720.95,24383.60,1697.00,41615,260,45,83926407.50,44,F1,65,,,,,
2026-07-31,2026-07-31,FO,NSE,IDO,61375,,NIFTY,,2029-12-24,2029-12-24,15000.00,PE,NIFTY29DEC15000PE,0.00,0.00,0.00,29.00,29.00,29.00,24383.60,18.70,65,0,0,0.00,0,F1,65,,,,,
2026-07-31,2026-07-31,FO,NSE,IDO,66014,,NIFTY,,2026-08-04,2026-08-04,25800.00,PE,NIFTY2680425800PE,1420.00,1420.60,1385.00,1420.60,1420.60,1438.80,24383.60,1399.30,2275,-195,4,7074379.00,4,F1,65,,,,,
2026-07-31,2026-07-31,FO,NSE,IDO,65861,,NIFTY,,2026-08-04,2026-08-04,24500.00,PE,NIFTY2680424500PE,214.00,222.00,137.15,154.50,162.05,241.75,24383.60,154.50,2048735,942305,1262867,2024484326016.75,699741,F1,65,,,,,
2026-07-31,2026-07-31,FO,NSE,IDO,65219,,NIFTY,,2026-08-04,2026-08-04,21850.00,PE,NIFTY2680421850PE,1.05,1.30,0.80,0.95,1.00,0.90,24383.60,0.95,126880,106145,6806,9666640444.50,2133,F1,65,,,,,
2026-07-31,2026-07-31,FO,NSE,IDO,80272,,NIFTY,,2027-03-30,2027-03-30,24000.00,CE,NIFTY27MAR24000CE,1740.00,1760.00,1714.00,1724.00,1717.95,1683.00,24383.60,1724.00,57590,3575,115,192384380.50,86,F1,65,,,,,
2026-07-31,2026-07-31,FO,NSE,IDO,55332,,NIFTY,,2026-12-29,2026-12-29,31500.00,CE,NIFTY26DEC31500CE,11.30,12.95,11.30,12.80,12.95,12.75,24383.60,12.80,20800,-65,8,16386370.00,8,F1,65,,,,,
2026-07-31,2026-07-31,FO,NSE,IDO,65906,,NIFTY,,2026-09-29,2026-09-29,27000.00,CE,NIFTY26SEP27000CE,8.10,9.65,7.60,8.55,9.15,8.45,24383.60,8.55,1603290,-4030,4089,7178440171.50,1746,F1,65,,,,,
2026-07-31,2026-07-31,FO,NSE,IDO,74442,,NIFTY,,2026-09-29,2026-09-29,26100.00,CE,NIFTY26SEP26100CE,0.00,0.00,0.00,223.80,0.00,223.80,24383.60,189.55,0,0,0,0.00,0,F1,65,,,,,
2026-07-31,2026-07-31,FO,NSE,IDO,73899,,NIFTY,,2026-09-29,2026-09-29,22900.00,CE,NIFTY26SEP22900CE,0.00,0.00,0.00,1405.00,1405.00,1405.00,24383.60,1844.45,1040,0,0,0.00,0,F1,65,,,,,
2026-07-31,2026-07-31,FO,NSE,IDO,47041,,NIFTY,,2026-09-01,2026-09-01,25400.00,CE,NIFTY2690125400CE,0.00,0.00,0.00,86.45,86.45,86.45,24383.60,173.30,65,0,0,0.00,0,F1,65,,,,,
2026-07-31,2026-07-31,FO,NSE,IDO,46965,,NIFTY,,2026-09-01,2026-09-01,23500.00,CE,NIFTY2690123500CE,0.00,0.00,0.00,1226.00,1226.00,1226.00,24383.60,1147.00,390,0,0,0.00,0,F1,65,,,,,
2026-07-31,2026-07-31,FO,NSE,IDO,46927,,NIFTY,,2026-09-01,2026-09-01,22550.00,CE,NIFTY2690122550CE,0.00,0.00,0.00,1849.95,0.00,1849.95,24383.60,1985.90,0,0,0,0.00,0,F1,65,,,,,
2026-07-31,2026-07-31,FO,NSE,IDO,61428,,NIFTY,,2026-08-25,2026-08-25,23000.00,CE,NIFTY26AUG23000CE,1408.95,1498.00,1393.50,1466.40,1451.00,1369.60,24383.60,1466.40,576420,-27690,1024,1627763319.00,743,F1,65,,,,,
2026-07-31,2026-07-31,FO,NSE,IDO,45080,,NIFTY,,2026-08-18,2026-08-18,23850.00,CE,NIFTY2681823850CE,588.85,615.00,588.85,615.00,615.00,571.75,24383.60,738.95,650,0,2,3178750.25,2,F1,65,,,,,
2026-07-31,2026-07-31,FO,NSE,IDO,45052,,NIFTY,,2026-08-18,2026-08-18,23250.00,CE,NIFTY2681823250CE,0.00,0.00,0.00,1037.55,1037.55,1037.55,24383.60,1238.50,325,0,0,0.00,0,F1,65,,,,,
2026-07-31,2026-07-31,FO,NSE,IDO,45039,,NIFTY,,2026-08-18,2026-08-18,23000.00,CE,NIFTY2681823000CE,0.00,0.00,0.00,1332.25,1332.25,1332.25,24383.60,1470.55,0,0,0,0.00,0,F1,65,,,,,
2026-07-31,2026-07-31,FO,NSE,IDO,61910,,NIFTY,,2026-08-25,2026-08-25,25050.00,PE,NIFTY26AUG25050PE,674.60,674.60,625.00,650.00,650.00,982.00,24383.60,650.00,520,65,9,15028312.00,6,F1,65,,,,,
2026-07-31,2026-07-31,FO,NSE,IDO,47034,,NIFTY,,2026-09-01,2026-09-01,25200.00,PE,NIFTY2690125200PE,0.00,0.00,0.00,1077.05,0.00,1077.05,24383.60,894.35,0,0,0,0.00,0,F1,65,,,,,
2026-07-31,2026-07-31,FO,NSE,IDO,73884,,NIFTY,,2026-09-29,2026-09-29,22450.00,PE,NIFTY26SEP22450PE,40.00,41.55,37.25,37.55,37.70,45.30,24383.60,37.55,7800,-455,24,35083789.00,15,F1,65,,,,,
2026-07-31,2026-07-31,FO,NSE,IDO,44983,,NIFTY,,2026-08-18,2026-08-18,22000.00,CE,NIFTY2681822000CE,0.00,0.00,0.00,2196.20,0.00,2196.20,24383.60,2450.15,0,0,0,0.00,0,F1,65,,,,,
2026-07-31,2026-07-31,FO,NSE,IDO,65455,,NIFTY,,2026-08-04,2026-08-04,23000.00,CE,NIFTY2680423000CE,1271.00,1416.25,1271.00,1382.65,1375.25,1283.85,24383.60,1382.65,227435,5005,743,1176700209.75,572,F1,65,,,,,
2026-07-31,2026-07-31,FO,NSE,IDO,45006,,NIFTY,,2026-08-18,2026-08-18,22350.00,PE,NIFTY2681822350PE,5.65,7.35,5.65,6.85,6.85,7.10,24383.60,6.85,3380,-520,41,59579269.75,18,F1,65,,,,,
2026-07-31,2026-07-31,FO,NSE,IDO,41046,,NIFTY,,2026-08-11,2026-08-11,25200.00,PE,NIFTY2681125200PE,0.00,0.00,0.00,1145.15,1145.15,1145.15,24383.60,822.40,260,0,0,0.00,0,F1,65,,,,,
2026-07-31,2026-07-31,FO,NSE,IDO,45117,,NIFTY,,2026-08-18,2026-08-18,24600.00,PE,NIFTY2681824600PE,348.80,360.00,300.05,318.65,322.25,392.40,24383.60,318.65,24310,20475,674,1091701048.75,588,F1,65,,,,,
2026-07-31,2026-07-31,FO,NSE,IDO,61208,,NIFTY,,2026-08-25,2026-08-25,21450.00,PE,NIFTY26AUG21450PE,6.30,6.30,6.20,6.20,6.20,6.85,24383.60,0.35,4810,-130,10,13946543.00,5,F1,65,,,,,
2026-07-31,2026-07-31,FO,NSE,IDO,61343,,NIFTY,,2026-08-25,2026-08-25,21800.00,PE,NIFTY26AUG21800PE,7.00,8.70,6.65,7.75,7.45,8.05,24383.60,7.75,69745,-6110,526,745606741.75,348,F1,65,,,,,
2026-07-31,2026-07-31,FO,NSE,IDO,61365,,NIFTY,,2026-08-25,2026-08-25,22150.00,PE,NIFTY26AUG22150PE,8.50,9.95,7.85,9.00,9.25,9.30,24383.60,9.00,15665,-325,256,368718005.50,169,F1,65,,,,,
2026-07-31,2026-07-31,FO,NSE,IDO,61446,,NIFTY,,2026-08-25,2026-08-25,23200.00,PE,NIFTY26AUG23200PE,26.00,32.75,26.00,27.40,27.35,35.75,24383.60,27.40,803595,16445,13340,20141948183.50,8044,F1,65,,,,,
2026-07-31,2026-07-31,FO,NSE,IDO,61492,,NIFTY,,2026-08-25,2026-08-25,23400.00,PE,NIFTY26AUG23400PE,42.40,45.70,37.75,38.45,39.25,50.70,24383.60,38.45,754845,55510,15584,23744496889.75,9631,F1,65,,,,,
2026-07-31,2026-07-31,FO,NSE,IDO,61514,,NIFTY,,2026-08-25,2026-08-25,23550.00,PE,NIFTY26AUG23550PE,58.00,60.50,49.10,50.25,51.45,67.65,24383.60,50.25,113100,15535,2170,3329217316.75,1499,F1,65,,,,,
2026-07-31,2026-07-31,FO,NSE,IDO,61733,,NIFTY,,2026-08-25,2026-08-25,24450.00,PE,NIFTY26AUG24450PE,294.65,313.75,254.00,267.55,269.30,331.15,24383.60,267.55,83850,60255,2937,4719570206.00,2326,F1,65,,,,,
2026-07-31,2026-07-31,FO,NSE,IDO,61914,,NIFTY,,2026-08-25,2026-08-25,25100.00,PE,NIFTY26AUG25100PE,731.10,758.45,664.05,693.55,692.55,777.30,24383.60,693.55,49920,2080,372,624073680.75,264,F1,65,,,,,
2026-07-31,2026-07-31,FO,NSE,IDO,62056,,NIFTY,,2026-08-25,2026-08-25,26200.00,PE,NIFTY26AUG26200PE,1765.00,1815.00,1705.00,1730.20,1730.00,1827.00,24383.60,1730.20,49270,7735,162,293939067.50,114,F1,65,,,,,
2026-07-31,2026-07-31,FO,NSE,IDO,46908,,NIFTY,,2026-09-01,2026-09-01,22050.00,PE,NIFTY2690122050PE,0.00,0.00,0.00,22.15,0.00,22.15,24383.60,6.45,0,0,0,0.00,0,F1,65,,,,,
2026-07-31,2026-07-31,FO,NSE,IDO,46910,,NIFTY,,2026-09-01,2026-09-01,22100.00,PE,NIFTY2690122100PE,12.15,12.15,10.15,11.10,11.20,13.25,24383.60,11.10,260,0,8,11498087.25,5,F1,65,,,,,
2026-07-31,2026-07-31,FO,NSE,IDO,46912,,NIFTY,,2026-09-01,2026-09-01,22150.00,PE,NIFTY2690122150PE,0.00,0.00,0.00,42.00,42.00,42.00,24383.60,8.35,65,0,0,0.00,0,F1,65,,,,,
2026-07-31,2026-07-31,FO,NSE,IDO,46956,,NIFTY,,2026-09-01,2026-09-01,23250.00,PE,NIFTY2690123250PE,0.00,0.00,0.00,159.65,0.00,159.65,24383.60,84.15,0,0,0,0.00,0,F1,65,,,,,
2026-07-31,2026-07-31,FO,NSE,IDO,46958,,NIFTY,,2026-09-01,2026-09-01,23300.00,PE,NIFTY2690123300PE,0.00,0.00,0.00,170.65,0.00,170.65,24383.60,91.65,0,0,0,0.00,0,F1,65,,,,,
2026-07-31,2026-07-31,FO,NSE,IDO,65158,,NIFTY,,2026-08-04,2026-08-04,21650.00,CE,NIFTY2680421650CE,0.00,0.00,0.00,2396.15,2396.15,2396.15,24383.60,2748.05,0,0,0,0.00,0,F1,65,,,,,
2026-07-31,2026-07-31,FO,NSE,IDO,65419,,NIFTY,,2026-08-04,2026-08-04,22250.00,CE,NIFTY2680422250CE,2220.05,2220.05,2041.65,2108.40,2108.40,1793.65,24383.60,2148.45,65,65,4,6337243.25,4,F1,65,,,,,
2026-07-31,2026-07-31,FO,NSE,IDO,65425,,NIFTY,,2026-08-04,2026-08-04,22350.00,CE,NIFTY2680422350CE,0.00,0.00,0.00,1705.25,0.00,1705.25,24383.60,2048.55,0,0,0,0.00,0,F1,65,,,,,
2026-07-31,2026-07-31,FO,NSE,IDO,65443,,NIFTY,,2026-08-04,2026-08-04,22700.00,CE,NIFTY2680422700CE,0.00,0.00,0.00,1552.15,1564.85,1552.15,24383.60,1698.75,260,0,0,0.00,0,F1,65,,,,,
2026-07-31,2026-07-31,FO,NSE,IDO,65523,,NIFTY,,2026-08-04,2026-08-04,23150.00,CE,NIFTY2680423150CE,0.00,0.00,0.00,1055.30,1055.30,1055.30,24383.60,1249.20,845,0,0,0.00,0,F1,65,,,,,
2026-07-31,2026-07-31,FO,NSE,IDO,65527,,NIFTY,,2026-08-04,2026-08-04,23250.00,CE,NIFTY2680423250CE,1129.90,1168.50,1116.50,1146.55,1146.55,1031.65,24383.60,1149.50,4030,-65,7,11095600.75,7,F1,65,,,,,
2026-07-31,2026-07-31,FO,NSE,IDO,65697,,NIFTY,,2026-08-04,2026-08-04,24100.00,CE,NIFTY2680424100CE,245.70,336.35,245.70,298.35,284.10,233.30,24383.60,298.35,1251770,-372385,152044,241033670569.25,94598,F1,65,,,,,
2026-07-31,2026-07-31,FO,NSE,IDO,46960,,NIFTY,,2026-09-01,2026-09-01,23350.00,PE,NIFTY2690123350PE,0.00,0.00,0.00,182.25,0.00,182.25,24383.60,99.65,0,0,0,0.00,0,F1,65,,,,,
2026-07-31,2026-07-31,FO,NSE,IDO,46986,,NIFTY,,2026-09-01,2026-09-01,24000.00,PE,NIFTY2690124000PE,199.80,199.80,140.05,141.55,140.40,184.20,24383.60,141.55,27430,9945,438,687520463.50,253,F1,65,,,,,
2026-07-31,2026-07-31,FO,NSE,IDO,47004,,NIFTY,,2026-09-01,2026-09-01,24450.00,PE,NIFTY2690124450PE,0.00,0.00,0.00,601.10,0.00,601.10,24383.60,443.75,0,0,0,0.00,0,F1,65,,,,,
2026-07-31,2026-07-31,FO,NSE,IDO,47028,,NIFTY,,2026-09-01,2026-09-01,25050.00,PE,NIFTY2690125050PE,0.00,0.00,0.00,970.45,0.00,970.45,24383.60,790.55,0,0,0,0.00,0,F1,65,,,,,
2026-07-31,2026-07-31,FO,NSE,IDO,47066,,NIFTY,,2026-09-01,2026-09-01,26000.00,PE,NIFTY2690126000PE,0.00,0.00,0.00,1722.45,0.00,1722.45,24383.60,1538.35,0,0,0,0.00,0,F1,65,,,,,
2026-07-31,2026-07-31,FO,NSE,IDO,65888,,NIFTY,,2026-09-29,2026-09-29,18000.00,PE,NIFTY26SEP18000PE,8.20,8.85,7.85,8.05,8.00,8.40,24383.60,8.05,1104480,11960,533,623889415.50,77,F1,65,,,,,
2026-07-31,2026-07-31,FO,NSE,IDO,73924,,NIFTY,,2026-09-29,2026-09-29,23300.00,PE,NIFTY26SEP23300PE,104.05,108.20,93.50,95.40,98.20,115.60,24383.60,95.40,198315,19370,2883,4384786422.25,1910,F1,65,,,,,
2026-07-31,2026-07-31,FO,NSE,IDO,74055,,NIFTY,,2026-09-29,2026-09-29,23850.00,PE,NIFTY26SEP23850PE,200.00,210.55,185.00,188.05,190.60,223.75,24383.60,188.05,11505,1950,152,237570762.00,104,F1,65,,,,,
2026-07-31,2026-07-31,FO,NSE,IDO,74113,,NIFTY,,2026-09-29,2026-09-29,24350.00,PE,NIFTY26SEP24350PE,355.00,369.45,330.10,339.50,342.55,394.60,24383.60,339.50,10465,-585,138,221529139.00,110,F1,65,,,,,
2026-07-31,2026-07-31,FO,NSE,IDO,74371,,NIFTY,,2026-09-29,2026-09-29,25150.00,PE,NIFTY26SEP25150PE,0.00,0.00,0.00,1080.65,1080.65,1080.65,24383.60,941.10,130,0,0,0.00,0,F1,65,,,,,
2026-07-31,2026-07-31,FO,NSE,IDO,74390,,NIFTY,,2026-09-29,2026-09-29,25350.00,PE,NIFTY26SEP25350PE,0.00,0.00,0.00,1488.65,0.00,1488.65,24383.60,1069.85,0,0,0,0.00,0,F1,65,,,,,
2026-07-31,2026-07-31,FO,NSE,IDO,65429,,NIFTY,,2026-08-04,2026-08-04,22400.00,CE,NIFTY2680422400CE,0.00,0.00,0.00,1573.40,1573.40,1573.40,24383.60,1998.55,65,0,0,0.00,0,F1,65,,,,,
2026-07-31,2026-07-31,FO,NSE,IDO,65451,,NIFTY,,2026-08-04,2026-08-04,22900.00,CE,NIFTY2680422900CE,1508.00,1508.00,1508.00,1508.00,1508.00,1380.00,24383.60,1498.90,73255,-195,3,4759560.00,1,F1,65,,,,,
2026-07-31,2026-07-31,FO,NSE,IDO,65525,,NIFTY,,2026-08-04,2026-08-04,23200.00,CE,NIFTY2680423200CE,1162.00,1214.00,1118.95,1184.00,1181.45,1089.50,24383.60,1184.00,18915,-1885,172,272467191.75,110,F1,65,,,,,
2026-07-31,2026-07-31,FO,NSE,IDO,65529,,NIFTY,,2026-08-04,2026-08-04,23300.00,CE,NIFTY2680423300CE,1066.20,1115.00,1024.05,1087.90,1081.60,984.00,24383.60,1087.90,30615,-65,136,215410815.75,115,F1,65,,,,,
2026-07-31,2026-07-31,FO,NSE,IDO,65676,,NIFTY,,2026-08-04,2026-08-04,23600.00,CE,NIFTY2680423600CE,749.90,820.80,716.10,785.85,772.00,696.10,24383.60,785.85,152165,-32175,1619,2565340956.75,916,F1,65,,,,,
2026-07-31,2026-07-31,FO,NSE,IDO,65808,,NIFTY,,2026-08-04,2026-08-04,24300.00,CE,NIFTY2680424300CE,129.30,168.75,108.10,136.40,124.45,104.20,24383.60,136.40,5001295,-1612390,3566664,5664614022658.50,1741430,F1,65,,,,,
2026-07-31,2026-07-31,FO,NSE,IDO,65852,,NIFTY,,2026-08-04,2026-08-04,24350.00,CE,NIFTY2680424350CE,108.00,145.00,82.90,105.05,93.65,80.85,24383.60,105.05,3991780,1448395,4986586,7926336002520.00,2236442,F1,65,,,,,
2026-07-31,2026-07-31,FO,NSE,IDO,65858,,NIFTY,,2026-08-04,2026-08-04,24450.00,CE,NIFTY2680424450CE,61.40,78.00,44.00,54.75,47.20,44.00,24383.60,54.75,4491500,2245035,3419309,5447474473899.25,1282238,F1,65,,,,,
2026-07-31,2026-07-31,FO,NSE,IDO,65891,,NIFTY,,2026-08-04,2026-08-04,24750.00,CE,NIFTY2680424750CE,6.65,8.00,3.05,4.15,3.35,4.05,24383.60,4.15,3898245,1948960,863326,1389174067466.25,173499,F1,65,,,,,
2026-07-31,2026-07-31,FO,NSE,IDO,65944,,NIFTY,,2026-08-04,2026-08-04,25550.00,CE,NIFTY2680425550CE,0.80,0.95,0.60,0.65,0.60,0.70,24383.60,0.65,225355,32890,13734,22809431911.50,2533,F1,65,,,,,
2026-07-31,2026-07-31,FO,NSE,IDO,40893,,NIFTY,,2026-08-11,2026-08-11,21800.00,CE,NIFTY2681121800CE,0.00,0.00,0.00,2729.80,0.00,2729.80,24383.60,2623.60,0,0,0,0.00,0,F1,65,,,,,
2026-07-31,2026-07-31,FO,NSE,IDO,40897,,NIFTY,,2026-08-11,2026-08-11,21850.00,CE,NIFTY2681121850CE,0.00,0.00,0.00,2680.75,0.00,2680.75,24383.60,2573.70,0,0,0,0.00,0,F1,65,,,,,
2026-07-31,2026-07-31,FO,NSE,IDO,40967,,NIFTY,,2026-08-11,2026-08-11,23450.00,CE,NIFTY2681123450CE,969.00,969.00,960.00,966.75,960.00,850.70,24383.60,966.75,390,-130,4,6348355.00,3,F1,65,,,,,
2026-07-31,2026-07-31,FO,NSE,IDO,40983,,NIFTY,,2026-08-11,2026-08-11,23800.00,CE,NIFTY2681123800CE,610.85,660.00,565.55,625.65,615.00,550.45,24383.60,625.65,51805,780,736,1167759524.75,545,F1,65,,,,,
2026-07-31,2026-07-31,FO,NSE,IDO,41081,,NIFTY,,2026-08-11,2026-08-11,26050.00,CE,NIFTY2681126050CE,1.00,1.15,1.00,1.05,1.00,0.95,24383.60,1.05,10660,2080,93,157478441.25,65,F1,65,,,,,
2026-07-31,2026-07-31,FO,NSE,IDO,41083,,NIFTY,,2026-08-11,2026-08-11,26100.00,CE,NIFTY2681126100CE,1.10,1.20,0.90,1.00,1.00,0.95,24383.60,1.00,27105,4420,693,1175719012.00,241,F1,65,,,,,
2026-07-31,2026-07-31,FO,NSE,IDO,44999,,NIFTY,,2026-08-18,2026-08-18,22250.00,CE,NIFTY2681822250CE,0.00,0.00,0.00,1959.60,0.00,1959.60,24383.60,2201.85,0,0,0,0.00,0,F1,65,,,,,
2026-07-31,2026-07-31,FO,NSE,IDO,45005,,NIFTY,,2026-08-18,2026-08-18,22350.00,CE,NIFTY2681822350CE,0.00,0.00,0.00,1866.60,0.00,1866.60,24383.60,2102.80,0,0,0,0.00,0,F1,65,,,,,
2026-07-31,2026-07-31,FO,NSE,IDO,45029,,NIFTY,,2026-08-18,2026-08-18,22850.00,CE,NIFTY2681822850CE,0.00,0.00,0.00,1421.60,0.00,1421.60,24383.60,1613.75,0,0,0,0.00,0,F1,65,,,,,
2026-07-31,2026-07-31,FO,NSE,IDO,45060,,NIFTY,,2026-08-18,2026-08-18,23450.00,CE,NIFTY2681823450CE,0.00,0.00,0.00,951.00,0.00,951.00,24383.60,1061.05,0,0,0,0.00,0,F1,65,,,,,
2026-07-31,2026-07-31,FO,NSE,IDO,45082,,NIFTY,,2026-08-18,2026-08-18,23900.00,CE,NIFTY2681823900CE,569.05,614.80,542.85,582.25,567.50,521.80,24383.60,582.25,28795,2145,128,203703457.75,110,F1,65,,,,,
2026-07-31,2026-07-31,FO,NSE,IDO,45086,,NIFTY,,2026-08-18,2026-08-18,24000.00,CE,NIFTY2681824000CE,500.00,535.00,458.00,504.05,499.60,447.30,24383.60,504.05,71175,-8320,726,1156136072.00,530,F1,65,,,,,
2026-07-31,2026-07-31,FO,NSE,IDO,45144,,NIFTY,,2026-08-18,2026-08-18,24900.00,CE,NIFTY2681824900CE,0.00,0.00,0.00,235.90,0.00,235.90,24383.60,185.10,0,0,0,0.00,0,F1,65,,,,,
2026-07-31,2026-07-31,FO,NSE,IDO,45148,,NIFTY,,2026-08-18,2026-08-18,25000.00,CE,NIFTY2681825000CE,39.60,44.75,32.75,37.20,36.75,33.80,24383.60,37.20,315380,164385,11172,18181841115.75,6165,F1,65,,,,,
2026-07-31,2026-07-31,FO,NSE,IDO,45152,,NIFTY,,2026-08-18,2026-08-18,25100.00,CE,NIFTY2681825100CE,0.00,0.00,0.00,184.85,0.00,184.85,24383.60,131.20,0,0,0,0.00,0,F1,65,,,,,
2026-07-31,2026-07-31,FO,NSE,IDO,45172,,NIFTY,,2026-08-18,2026-08-18,25550.00,CE,NIFTY2681825550CE,5.30,6.15,4.80,5.80,5.30,5.20,24383.60,5.80,2470,325,25,41527557.50,17,F1,65,,,,,
2026-07-31,2026-07-31,FO,NSE,IDO,45190,,NIFTY,,2026-08-18,2026-08-18,25750.00,CE,NIFTY2681825750CE,0.00,0.00,0.00,3.80,3.80,3.80,24383.60,35.05,195,0,0,0.00,0,F1,65,,,,,
2026-07-31,2026-07-31,FO,NSE,IDO,45198,,NIFTY,,2026-08-18,2026-08-18,25950.00,CE,NIFTY2681825950CE,1.90,2.80,1.90,2.40,2.40,2.35,24383.60,2.40,975,-65,14,23616648.25,9,F1,65,,,,,
2026-07-31,2026-07-31,FO,NSE,IDO,61346,,NIFTY,,2026-08-25,2026-08-25,21900.00,CE,NIFTY26AUG21900CE,0.00,0.00,0.00,1940.00,1940.00,1940.00,24383.60,2576.50,65,0,0,0.00,0,F1,65,,,,,
2026-07-31,2026-07-31,FO,NSE,IDO,61426,,NIFTY,,2026-08-25,2026-08-25,22950.00,CE,NIFTY26AUG22950CE,0.00,0.00,0.00,1400.00,1400.00,1400.00,24383.60,1560.90,1300,0,0,0.00,0,F1,65,,,,,
2026-07-31,2026-07-31,FO,NSE,IDO,61973,,NIFTY,,2026-08-25,2026-08-25,25450.00,CE,NIFTY26AUG25450CE,18.30,19.90,15.25,17.60,17.00,16.65,24383.60,17.60,59085,13130,701,1160407524.25,464,F1,65,,,,,
2026-07-31,2026-07-31,FO,NSE,IDO,62055,,NIFTY,,2026-08-25,2026-08-25,26200.00,CE,NIFTY26AUG26200CE,8.30,8.30,2.60,3.65,3.80,3.05,24383.60,3.65,53820,6110,880,1498836365.00,593,F1,65,,,,,
2026-07-31,2026-07-31,FO,NSE,IDO,46963,,NIFTY,,2026-09-01,2026-09-01,23450.00,CE,NIFTY2690123450CE,0.00,0.00,0.00,1108.95,0.00,1108.95,24383.60,1187.00,0,0,0,0.00,0,F1,65,,,,,
2026-07-31,2026-07-31,FO,NSE,IDO,46991,,NIFTY,,2026-09-01,2026-09-01,24150.00,CE,NIFTY2690124150CE,0.00,0.00,0.00,445.85,445.85,445.85,24383.60,687.60,65,0,0,0.00,0,F1,65,,,,,
2026-07-31,2026-07-31,FO,NSE,IDO,47039,,NIFTY,,2026-09-01,2026-09-01,25350.00,CE,NIFTY2690125350CE,0.00,0.00,0.00,203.15,0.00,203.15,24383.60,186.05,0,0,0,0.00,0,F1,65,,,,,
2026-07-31,2026-07-31,FO,NSE,IDO,47043,,NIFTY,,2026-09-01,2026-09-01,25450.00,CE,NIFTY2690125450CE,0.00,0.00,0.00,180.95,0.00,180.95,24383.60,162.10,0,0,0,0.00,0,F1,65,,,,,
2026-07-31,2026-07-31,FO,NSE,IDO,47053,,NIFTY,,2026-09-01,2026-09-01,25700.00,CE,NIFTY2690125700CE,0.00,0.00,0.00,59.95,59.95,59.95,24383.60,114.35,130,0,0,0.00,0,F1,65,,,,,
2026-07-31,2026-07-31,FO,NSE,IDO,74056,,NIFTY,,2026-09-29,2026-09-29,23900.00,CE,NIFTY26SEP23900CE,846.90,885.30,831.45,868.35,871.30,815.80,24383.60,868.35,24050,-390,45,72424894.75,35,F1,65,,,,,
2026-07-31,2026-07-31,FO,NSE,IDO,65900,,NIFTY,,2026-09-29,2026-09-29,24000.00,CE,NIFTY26SEP24000CE,746.10,822.40,746.10,794.55,789.75,746.65,24383.60,794.55,1487460,-28275,3729,6009440417.50,2914,F1,65,,,,,
2026-07-31,2026-07-31,FO,NSE,IDO,74064,,NIFTY,,2026-09-29,2026-09-29,24100.00,CE,NIFTY26SEP24100CE,713.55,748.90,705.00,727.85,724.55,688.40,24383.60,727.85,38675,-6695,299,482427478.00,185,F1,65,,,,,
2026-07-31,2026-07-31,FO,NSE,IDO,74359,,NIFTY,,2026-09-29,2026-09-29,24850.00,CE,NIFTY26SEP24850CE,286.25,314.10,286.25,302.70,299.60,260.20,24383.60,302.70,11960,-130,35,57212600.25,29,F1,65,,,,,
2026-07-31,2026-07-31,FO,NSE,IDO,74414,,NIFTY,,2026-09-29,2026-09-29,25650.00,CE,NIFTY26SEP25650CE,0.00,0.00,0.00,317.20,0.00,317.20,24383.60,290.50,0,0,0,0.00,0,F1,65,,,,,
2026-07-31,2026-07-31,FO,NSE,IDO,51348,,NIFTY,,2026-10-27,2026-10-27,22900.00,CE,NIFTY26OCT22900CE,0.00,0.00,0.00,1691.95,0.00,1691.95,24383.60,2020.40,0,0,0,0.00,0,F1,65,,,,,
2026-07-31,2026-07-31,FO,NSE,IDO,51364,,NIFTY,,2026-10-27,2026-10-27,23300.00,CE,NIFTY26OCT23300CE,0.00,0.00,0.00,1407.30,0.00,1407.30,24383.60,1708.75,0,0,0,0.00,0,F1,65,,,,,
2026-07-31,2026-07-31,FO,NSE,IDO,51408,,NIFTY,,2026-10-27,2026-10-27,24350.00,CE,NIFTY26OCT24350CE,0.00,0.00,0.00,801.00,0.00,801.00,24383.60,1018.90,0,0,0,0.00,0,F1,65,,,,,
2026-07-31,2026-07-31,FO,NSE,IDO,37806,,NIFTY,,2026-12-29,2026-12-29,23000.00,CE,NIFTY26DEC23000CE,2060.00,2100.00,2021.35,2072.25,2060.00,2021.00,24383.60,2072.25,334310,3640,512,834493062.00,324,F1,65,,,,,
2026-07-31,2026-07-31,FO,NSE,IDO,71549,,NIFTY,,2027-06-29,2027-06-29,19000.00,CE,NIFTY27JUN19000CE,0.00,0.00,0.00,7800.00,7800.00,7800.00,24383.60,6533.50,75,0,0,0.00,0,F1,65,,,,,
2026-07-31,2026-07-31,FO,NSE,IDO,55380,,NIFTY,,2027-06-29,2027-06-29,31500.00,CE,NIFTY27JUN31500CE,0.00,0.00,0.00,769.15,0.00,769.15,24383.60,229.00,0,0,0,0.00,0,F1,65,,,,,
2026-07-31,2026-07-31,FO,NSE,IDO,86139,,NIFTY,,2028-06-27,2028-06-27,18000.00,CE,NIFTY28JUN18000CE,0.00,0.00,0.00,6809.35,0.00,6809.35,24383.60,8582.30,0,0,0,0.00,0,F1,65,,,,,
2026-07-31,2026-07-31,FO,NSE,IDO,89642,,NIFTY,,2029-06-26,2029-06-26,30000.00,CE,NIFTY29JUN30000CE,0.00,0.00,0.00,5268.40,0.00,5268.40,24383.60,2610.05,0,0,0,0.00,0,F1,65,,,,,
2026-07-31,2026-07-31,FO,NSE,IDO,55608,,NIFTY,,2029-12-24,2029-12-24,31500.00,CE,NIFTY29DEC31500CE,0.00,0.00,0.00,3429.30,0.00,3429.30,24383.60,2673.70,0,0,0,0.00,0,F1,65,,,,,
2026-07-31,2026-07-31,FO,NSE,IDO,55644,,NIFTY,,2030-06-25,2030-06-25,22500.00,CE,NIFTY30JUN22500CE,0.00,0.00,0.00,9012.40,0.00,9012.40,24383.60,7554.15,0,0,0,0.00,0,F1,65,,,,,
2026-07-31,2026-07-31,FO,NSE,IDO,55762,,NIFTY,,2030-12-31,2030-12-31,30000.00,CE,NIFTY30DEC30000CE,0.00,0.00,0.00,5227.20,0.00,5227.20,24383.60,4365.25,0,0,0,0.00,0,F1,65,,,,,
2026-07-31,2026-07-31,FO,NSE,IDO,74649,,NIFTY,,2031-06-24,2031-06-24,24000.00,CE,NIFTY31JUN24000CE,0.00,0.00,0.00,7181.90,0.00,7181.90,24383.60,7777.40,0,0,0,0.00,0,F1,65,,,,,
2026-07-31,2026-07-31,FO,NSE,IDO,65161,,NIFTY,,2026-08-04,2026-08-04,21650.00,PE,NIFTY2680421650PE,0.75,1.20,0.55,0.90,1.00,0.85,24383.60,0.90,290485,226590,15203,21395284699.75,2652,F1,65,,,,,
2026-07-31,2026-07-31,FO,NSE,IDO,65687,,NIFTY,,2026-08-04,2026-08-04,23850.00,PE,NIFTY2680423850PE,10.00,11.05,5.50,6.45,6.90,13.75,24383.60,6.45,2917915,83200,489780,759525690748.50,113150,F1,65,,,,,
2026-07-31,2026-07-31,FO,NSE,IDO,65692,,NIFTY,,2026-08-04,2026-08-04,23950.00,PE,NIFTY2680423950PE,16.80,17.55,7.70,8.95,9.40,22.00,24383.60,8.95,5017805,2530255,613630,955714765063.50,180635,F1,65,,,,,
2026-07-31,2026-07-31,FO,NSE,IDO,65921,,NIFTY,,2026-08-04,2026-08-04,25100.00,PE,NIFTY2680425100PE,750.00,773.50,684.30,716.95,730.00,805.55,24383.60,716.95,11245,585,109,183004864.25,104,F1,65,,,,,
2026-07-31,2026-07-31,FO,NSE,IDO,66053,,NIFTY,,2026-08-04,2026-08-04,25900.00,PE,NIFTY2680425900PE,0.00,0.00,0.00,1600.00,1600.00,1600.00,24383.60,1499.20,0,0,0,0.00,0,F1,65,,,,,
2026-07-31,2026-07-31,FO,NSE,IDO,40904,,NIFTY,,2026-08-11,2026-08-11,21900.00,PE,NIFTY2681121900PE,2.55,3.75,2.50,3.15,3.55,3.15,24383.60,3.15,15665,650,132,187929108.25,81,F1,65,,,,,
2026-07-31,2026-07-31,FO,NSE,IDO,40916,,NIFTY,,2026-08-11,2026-08-11,22200.00,PE,NIFTY2681122200PE,3.20,4.25,2.75,3.55,3.80,3.80,24383.60,3.55,159640,38220,4684,6760123617.00,1819,F1,65,,,,,
2026-07-31,2026-07-31,FO,NSE,IDO,40925,,NIFTY,,2026-08-11,2026-08-11,22400.00,PE,NIFTY2681122400PE,3.50,4.90,2.70,4.15,4.35,4.00,24383.60,4.15,63050,-1495,2637,3840151916.25,1258,F1,65,,,,,
2026-07-31,2026-07-31,FO,NSE,IDO,40952,,NIFTY,,2026-08-11,2026-08-11,23050.00,PE,NIFTY2681123050PE,5.55,8.40,5.50,7.35,7.45,7.20,24383.60,7.35,56420,11440,2321,3478547033.00,1219,F1,65,,,,,
2026-07-31,2026-07-31,FO,NSE,IDO,40958,,NIFTY,,2026-08-11,2026-08-11,23200.00,PE,NIFTY2681123200PE,7.55,9.60,6.45,8.50,8.95,9.20,24383.60,8.50,529555,61230,28455,42925088043.50,12288,F1,65,,,,,
2026-07-31,2026-07-31,FO,NSE,IDO,40970,,NIFTY,,2026-08-11,2026-08-11,23500.00,PE,NIFTY2681123500PE,16.00,16.00,11.75,13.55,14.35,17.90,24383.60,13.55,1462110,660270,52394,80077483908.50,25840,F1,65,,,,,
2026-07-31,2026-07-31,FO,NSE,IDO,40984,,NIFTY,,2026-08-11,2026-08-11,23800.00,PE,NIFTY2681123800PE,33.95,36.30,24.60,26.90,28.70,42.90,24383.60,26.90,1015235,255840,42660,66073536174.75,24343,F1,65,,,,,
2026-07-31,2026-07-31,FO,NSE,IDO,40990,,NIFTY,,2026-08-11,2026-08-11,23950.00,PE,NIFTY2681123950PE,57.45,58.25,38.70,42.50,44.00,67.45,24383.60,42.50,422630,159835,24314,37919366777.50,14772,F1,65,,,,,
2026-07-31,2026-07-31,FO,NSE,IDO,41012,,NIFTY,,2026-08-11,2026-08-11,24500.00,PE,NIFTY2681124500PE,278.75,278.75,202.20,218.50,225.65,290.75,24383.60,218.50,698750,452790,38732,62241333586.25,23237,F1,65,,,,,
2026-07-31,2026-07-31,FO,NSE,IDO,44988,,NIFTY,,2026-08-18,2026-08-18,22050.00,PE,NIFTY2681822050PE,5.65,6.80,5.55,6.20,6.20,5.05,24383.60,0.70,5720,260,106,151965690.50,31,F1,65,,,,,
2026-07-31,2026-07-31,FO,NSE,IDO,44990,,NIFTY,,2026-08-18,2026-08-18,22100.00,PE,NIFTY2681822100PE,4.95,6.60,4.50,5.75,6.30,5.80,24383.60,5.75,5915,975,110,158056268.50,21,F1,65,,,,,
2026-07-31,2026-07-31,FO,NSE,IDO,45026,,NIFTY,,2026-08-18,2026-08-18,22750.00,PE,NIFTY2681822750PE,8.80,10.50,7.55,9.35,9.40,10.65,24383.60,9.35,12025,-845,28,41421760.25,11,F1,65,,,,,
2026-07-31,2026-07-31,FO,NSE,IDO,45028,,NIFTY,,2026-08-18,2026-08-18,22800.00,PE,NIFTY2681822800PE,9.75,10.90,8.15,10.15,10.00,11.45,24383.60,10.15,31005,5720,376,557466328.25,241,F1,65,,,,,
2026-07-31,2026-07-31,FO,NSE,IDO,45032,,NIFTY,,2026-08-18,2026-08-18,22850.00,PE,NIFTY2681822850PE,10.00,10.80,9.60,10.25,10.55,11.55,24383.60,10.25,7215,-65,51,75781719.00,23,F1,65,,,,,
2026-07-31,2026-07-31,FO,NSE,IDO,45066,,NIFTY,,2026-08-18,2026-08-18,23500.00,PE,NIFTY2681823500PE,31.05,33.75,26.25,27.95,29.35,39.15,24383.60,27.95,202280,49855,5411,8275543087.50,3290,F1,65,,,,,
2026-07-31,2026-07-31,FO,NSE,IDO,45068,,NIFTY,,2026-08-18,2026-08-18,23550.00,PE,NIFTY2681823550PE,34.45,37.60,30.15,31.25,32.75,44.05,24383.60,31.25,20410,5850,424,649938916.25,290,F1,65,,,,,
2026-07-31,2026-07-31,FO,NSE,IDO,45072,,NIFTY,,2026-08-18,2026-08-18,23650.00,PE,NIFTY2681823650PE,44.75,47.40,36.30,38.30,40.35,55.50,24383.60,38.30,14885,1300,478,736088216.50,260,F1,65,,,,,
2026-07-31,2026-07-31,FO,NSE,IDO,45081,,NIFTY,,2026-08-18,2026-08-18,23850.00,PE,NIFTY2681823850PE,87.70,87.70,57.35,60.55,62.30,86.85,24383.60,60.55,13260,4680,461,716589263.00,271,F1,65,,,,,
2026-07-31,2026-07-31,FO,NSE,IDO,45111,,NIFTY,,2026-08-18,2026-08-18,24500.00,PE,NIFTY2681824500PE,265.00,308.30,245.65,260.70,266.95,330.35,24383.60,260.70,126490,68380,2931,4717629887.75,2145,F1,65,,,,,
2026-07-31,2026-07-31,FO,NSE,IDO,45163,,NIFTY,,2026-08-18,2026-08-18,25300.00,PE,NIFTY2681825300PE,0.00,0.00,0.00,1244.85,0.00,1244.85,24383.60,930.90,0,0,0,0.00,0,F1,65,,,,,
2026-07-31,2026-07-31,FO,NSE,IDO,61212,,NIFTY,,2026-08-25,2026-08-25,21500.00,PE,NIFTY26AUG21500PE,6.30,8.65,6.05,6.95,7.15,7.30,24383.60,6.95,912275,-8385,3617,5056337406.25,1701,F1,65,,,,,
2026-07-31,2026-07-31,FO,NSE,IDO,61333,,NIFTY,,2026-08-25,2026-08-25,21550.00,PE,NIFTY26AUG21550PE,5.90,6.75,5.90,6.40,6.40,6.85,24383.60,0.55,4615,-130,8,11209243.50,3,F1,65,,,,,
2026-07-31,2026-07-31,FO,NSE,IDO,61353,,NIFTY,,2026-08-25,2026-08-25,22000.00,PE,NIFTY26AUG22000PE,8.90,9.50,7.20,8.55,8.60,9.45,24383.60,8.55,1674010,-15730,9474,13553043819.25,4066,F1,65,,,,,
2026-07-31,2026-07-31,FO,NSE,IDO,61396,,NIFTY,,2026-08-25,2026-08-25,22450.00,PE,NIFTY26AUG22450PE,11.00,12.70,10.10,11.45,11.65,12.75,24383.60,11.45,26455,650,531,775262897.50,327,F1,65,,,,,
2026-07-31,2026-07-31,FO,NSE,IDO,61412,,NIFTY,,2026-08-25,2026-08-25,22750.00,PE,NIFTY26AUG22750PE,15.00,17.95,14.20,15.30,16.05,17.55,24383.60,15.30,35945,-7735,4501,6660562528.75,4130,F1,65,,,,,
2026-07-31,2026-07-31,FO,NSE,IDO,61437,,NIFTY,,2026-08-25,2026-08-25,23100.00,PE,NIFTY26AUG23100PE,25.65,27.35,22.80,23.95,24.30,29.80,24383.60,23.95,332735,-106925,6752,10149186979.75,5056,F1,65,,,,,
2026-07-31,2026-07-31,FO,NSE,IDO,61454,,NIFTY,,2026-08-25,2026-08-25,23250.00,PE,NIFTY26AUG23250PE,32.30,34.95,29.30,29.85,30.50,39.20,24383.60,29.85,57070,-8320,1128,1706974980.75,719,F1,65,,,,,
2026-07-31,2026-07-31,FO,NSE,IDO,61535,,NIFTY,,2026-08-25,2026-08-25,23800.00,PE,NIFTY26AUG23800PE,100.00,100.00,76.75,80.60,83.10,108.30,24383.60,80.60,1584960,53885,22104,34316440379.00,11832,F1,65,,,,,
2026-07-31,2026-07-31,FO,NSE,IDO,61984,,NIFTY,,2026-08-25,2026-08-25,25700.00,PE,NIFTY26AUG25700PE,1280.00,1285.00,1249.00,1249.00,1249.00,1332.40,24383.60,1283.60,28990,-325,15,26295899.50,11,F1,65,,,,,
2026-07-31,2026-07-31,FO,NSE,IDO,46984,,NIFTY,,2026-09-01,2026-09-01,23950.00,PE,NIFTY2690123950PE,0.00,0.00,0.00,369.60,0.00,369.60,24383.60,243.15,0,0,0,0.00,0,F1,65,,,,,
2026-07-31,2026-07-31,FO,NSE,IDO,47012,,NIFTY,,2026-09-01,2026-09-01,24650.00,PE,NIFTY2690124650PE,0.00,0.00,0.00,713.50,0.00,713.50,24383.60,546.60,0,0,0,0.00,0,F1,65,,,,,
2026-07-31,2026-07-31,FO,NSE,IDO,47024,,NIFTY,,2026-09-01,2026-09-01,24950.00,PE,NIFTY2690124950PE,0.00,0.00,0.00,902.35,0.00,902.35,24383.60,725.00,0,0,0,0.00,0,F1,65,,,,,
2026-07-31,2026-07-31,FO,NSE,IDO,47036,,NIFTY,,2026-09-01,2026-09-01,25250.00,PE,NIFTY2690125250PE,0.00,0.00,0.00,1113.75,0.00,1113.75,24383.60,930.30,0,0,0,0.00,0,F1,65,,,,,
2026-07-31,2026-07-31,FO,NSE,IDO,47042,,NIFTY,,2026-09-01,2026-09-01,25400.00,PE,NIFTY2690125400PE,0.00,0.00,0.00,1227.30,0.00,1227.30,24383.60,1042.25,0,0,0,0.00,0,F1,65,,,,,
2026-07-31,2026-07-31,FO,NSE,IDO,73855,,NIFTY,,2026-09-29,2026-09-29,21850.00,PE,NIFTY26SEP21850PE,24.75,25.00,23.90,24.20,25.00,26.40,24383.60,24.20,1430,-325,12,17061947.50,10,F1,65,,,,,
2026-07-31,2026-07-31,FO,NSE,IDO,73872,,NIFTY,,2026-09-29,2026-09-29,22150.00,PE,NIFTY26SEP22150PE,30.40,30.85,29.30,29.75,30.85,35.20,24383.60,29.75,20345,-650,26,37484534.75,12,F1,65,,,,,
2026-07-31,2026-07-31,FO,NSE,IDO,73896,,NIFTY,,2026-09-29,2026-09-29,22800.00,PE,NIFTY26SEP22800PE,58.40,59.65,53.15,54.35,55.95,64.50,24383.60,54.35,187005,-48750,2280,3387097827.75,1366,F1,65,,,,,
2026-07-31,2026-07-31,FO,NSE,IDO,73902,,NIFTY,,2026-09-29,2026-09-29,22950.00,PE,NIFTY26SEP22950PE,69.65,72.85,63.05,64.60,64.90,77.50,24383.60,64.60,21125,-1755,271,405454419.50,178,F1,65,,,,,
2026-07-31,2026-07-31,FO,NSE,IDO,74354,,NIFTY,,2026-09-29,2026-09-29,24700.00,PE,NIFTY26SEP24700PE,520.40,530.10,475.00,490.85,499.00,555.45,24383.60,490.85,87880,11830,351,574791652.50,238,F1,65,,,,,
2026-07-31,2026-07-31,FO,NSE,IDO,74421,,NIFTY,,2026-09-29,2026-09-29,25800.00,PE,NIFTY26SEP25800PE,0.00,0.00,0.00,1395.00,1395.00,1395.00,24383.60,1390.40,130,0,0,0.00,0,F1,65,,,,,
2026-07-31,2026-07-31,FO,NSE,IDO,65924,,NIFTY,,2026-09-29,2026-09-29,30000.00,PE,NIFTY26SEP30000PE,5357.05,5425.00,5310.00,5335.00,5335.00,5460.00,24383.60,5335.00,144560,-130,40,91926597.75,38,F1,65,,,,,
2026-07-31,2026-07-31,FO,NSE,IDO,51361,,NIFTY,,2026-10-27,2026-10-27,23200.00,PE,NIFTY26OCT23200PE,0.00,0.00,0.00,342.00,0.00,342.00,24383.60,232.40,0,0,0,0.00,0,F1,65,,,,,
2026-07-31,2026-07-31,FO,NSE,IDO,51381,,NIFTY,,2026-10-27,2026-10-27,23700.00,PE,NIFTY26OCT23700PE,241.60,241.60,203.00,207.30,211.05,242.65,24383.60,207.30,7475,4030,116,180293717.50,73,F1,65,,,,,
2026-07-31,2026-07-31,FO,NSE,IDO,51417,,NIFTY,,2026-10-27,2026-10-27,24450.00,PE,NIFTY26OCT24450PE,0.00,0.00,0.00,851.80,0.00,851.80,24383.60,642.10,0,0,0,0.00,0,F1,65,,,,,
2026-07-31,2026-07-31,FO,NSE,IDO,51483,,NIFTY,,2026-10-27,2026-10-27,25800.00,PE,NIFTY26OCT25800PE,0.00,0.00,0.00,1728.20,0.00,1728.20,24383.60,1414.65,0,0,0,0.00,0,F1,65,,,,,
2026-07-31,2026-07-31,FO,NSE,IDO,51493,,NIFTY,,2026-10-27,2026-10-27,26050.00,PE,NIFTY26OCT26050PE,0.00,0.00,0.00,1920.65,0.00,1920.65,24383.60,1592.60,0,0,0,0.00,0,F1,65,,,,,
2026-07-31,2026-07-31,FO,NSE,IDO,55329,,NIFTY,,2026-12-29,2026-12-29,25500.00,PE,NIFTY26DEC25500PE,999.95,1025.00,959.75,977.90,989.25,1041.55,24383.60,977.90,169000,5655,468,805735430.50,336,F1,65,,,,,
2026-07-31,2026-07-31,FO,NSE,IDO,80269,,NIFTY,,2027-03-30,2027-03-30,21000.00,PE,NIFTY27MAR21000PE,111.40,116.00,103.05,105.60,105.65,116.55,24383.60,105.60,334035,8580,720,987871553.50,415,F1,65,,,,,
2026-07-31,2026-07-31,FO,NSE,IDO,80306,,NIFTY,,2027-03-30,2027-03-30,28500.00,PE,NIFTY27MAR28500PE,0.00,0.00,0.00,4504.70,0.00,4504.70,24383.60,3294.10,0,0,0,0.00,0,F1,65,,,,,
2026-07-31,2026-07-31,FO,NSE,IDO,55371,,NIFTY,,2027-06-29,2027-06-29,16500.00,PE,NIFTY27JUN16500PE,0.00,0.00,0.00,24.15,24.15,24.15,24383.60,2.20,650,0,0,0.00,0,F1,65,,,,,
2026-07-31,2026-07-31,FO,NSE,IDO,55427,,NIFTY,,2027-12-28,2027-12-28,25500.00,PE,NIFTY27DEC25500PE,0.00,0.00,0.00,676.05,0.00,676.05,24383.60,1356.25,0,0,0,0.00,0,F1,65,,,,,
2026-07-31,2026-07-31,FO,NSE,IDO,55475,,NIFTY,,2028-06-27,2028-06-27,22500.00,PE,NIFTY28JUN22500PE,0.00,0.00,0.00,206.95,0.00,206.95,24383.60,511.40,0,0,0,0.00,0,F1,65,,,,,
2026-07-31,2026-07-31,FO,NSE,IDO,55481,,NIFTY,,2028-06-27,2028-06-27,31500.00,PE,NIFTY28JUN31500PE,0.00,0.00,0.00,2935.60,0.00,2935.60,24383.60,4443.40,0,0,0,0.00,0,F1,65,,,,,
2026-07-31,2026-07-31,FO,NSE,IDO,55519,,NIFTY,,2028-12-26,2028-12-26,19500.00,PE,NIFTY28DEC19500PE,0.00,0.00,0.00,49.00,0.00,49.00,24383.60,160.35,0,0,0,0.00,0,F1,65,,,,,
2026-07-31,2026-07-31,FO,NSE,IDO,55705,,NIFTY,,2030-12-31,2030-12-31,22500.00,PE,NIFTY30DEC22500PE,0.00,0.00,0.00,219.35,0.00,219.35,24383.60,519.25,0,0,0,0.00,0,F1,65,,,,,
2026-07-31,2026-07-31,FO,NSE,IDO,55761,,NIFTY,,2030-12-31,2030-12-31,28500.00,PE,NIFTY30DEC28500PE,0.00,0.00,0.00,1083.10,0.00,1083.10,24383.60,1852.60,0,0,0,0.00,0,F1,65,,,,,
2026-07-31,2026-07-31,FO,NSE,IDO,55765,,NIFTY,,2030-12-31,2030-12-31,31500.00,PE,NIFTY30DEC31500PE,0.00,0.00,0.00,1885.50,0.00,1885.50,24383.60,2907.65,0,0,0,0.00,0,F1,65,,,,,
2026-07-31,2026-07-31,FO,NSE,IDO,74648,,NIFTY,,2031-06-24,2031-06-24,22500.00,PE,NIFTY31JUN22500PE,0.00,0.00,0.00,663.60,0.00,663.60,24383.60,504.10,0,0,0,0.00,0,F1,65,,,,,
2026-07-31,2026-07-31,FO,NSE,IDO,55564,,NIFTY,,2029-06-26,2029-06-26,28500.00,CE,NIFTY29JUN28500CE,0.00,0.00,0.00,4213.30,0.00,4213.30,24383.60,3177.60,0,0,0,0.00,0,F1,65,,,,,
2026-07-31,2026-07-31,FO,NSE,IDO,74654,,NIFTY,,2031-06-24,2031-06-24,27000.00,PE,NIFTY31JUN27000PE,0.00,0.00,0.00,1653.15,0.00,1653.15,24383.60,1340.45,0,0,0,0.00,0,F1,65,,,,,
2026-07-31,2026-07-31,FO,NSE,IDO,55607,,NIFTY,,2029-12-24,2029-12-24,28500.00,PE,NIFTY29DEC28500PE,0.00,0.00,0.00,1255.90,0.00,1255.90,24383.60,2135.55,0,0,0,0.00,0,F1,65,,,,,
2026-07-31,2026-07-31,FO,NSE,IDO,61795,,NIFTY,,2029-12-24,2029-12-24,27000.00,PE,NIFTY29DEC27000PE,0.00,0.00,0.00,1177.90,0.00,1177.90,24383.60,1613.05,0,0,0,0.00,0,F1,65,,,,,
2026-07-31,2026-07-31,FO,NSE,IDO,55603,,NIFTY,,2029-12-24,2029-12-24,22500.00,PE,NIFTY29DEC22500PE,0.00,0.00,0.00,225.70,0.00,225.70,24383.60,540.95,0,0,0,0.00,0,F1,65,,,,,
2026-07-31,2026-07-31,FO,NSE,IDO,55565,,NIFTY,,2029-06-26,2029-06-26,28500.00,PE,NIFTY29JUN28500PE,0.00,0.00,0.00,1349.10,0.00,1349.10,24383.60,2291.40,0,0,0,0.00,0,F1,65,,,,,
2026-07-31,2026-07-31,FO,NSE,IDO,55523,,NIFTY,,2028-12-26,2028-12-26,25500.00,PE,NIFTY28DEC25500PE,0.00,0.00,0.00,648.20,0.00,648.20,24383.60,1281.90,0,0,0,0.00,0,F1,65,,,,,
2026-07-31,2026-07-31,FO,NSE,IDO,86152,,NIFTY,,2028-06-27,2028-06-27,24000.00,PE,NIFTY28JUN24000PE,0.00,0.00,0.00,1692.75,0.00,1692.75,24383.60,857.25,0,0,0,0.00,0,F1,65,,,,,
2026-07-31,2026-07-31,FO,NSE,IDO,53615,,NIFTY,,2027-12-28,2027-12-28,21000.00,PE,NIFTY27DEC21000PE,265.00,276.00,265.00,274.00,272.00,267.10,24383.60,274.00,14545,130,30,41472886.00,21,F1,65,,,,,
2026-07-31,2026-07-31,FO,NSE,IDO,53602,,NIFTY,,2027-12-28,2027-12-28,17000.00,PE,NIFTY27DEC17000PE,37.45,57.20,37.45,57.20,57.20,95.00,24383.60,57.20,17750,65,3,3324857.25,3,F1,65,,,,,
2026-07-31,2026-07-31,FO,NSE,IDO,55377,,NIFTY,,2027-06-29,2027-06-29,25500.00,PE,NIFTY27JUN25500PE,0.00,0.00,0.00,667.15,0.00,667.15,24383.60,1355.10,0,0,0,0.00,0,F1,65,,,,,
2026-07-31,2026-07-31,FO,NSE,IDO,71554,,NIFTY,,2027-06-29,2027-06-29,21000.00,PE,NIFTY27JUN21000PE,181.55,181.55,175.05,175.30,175.05,181.55,24383.60,175.30,5425,175,5,6883191.25,5,F1,65,,,,,
2026-07-31,2026-07-31,FO,NSE,IDO,51479,,NIFTY,,2026-10-27,2026-10-27,25700.00,PE,NIFTY26OCT25700PE,0.00,0.00,0.00,1653.05,0.00,1653.05,24383.60,1346.20,0,0,0,0.00,0,F1,65,,,,,
2026-07-31,2026-07-31,FO,NSE,IDO,51385,,NIFTY,,2026-10-27,2026-10-27,23800.00,PE,NIFTY26OCT23800PE,242.00,250.00,223.75,229.60,232.90,265.90,24383.60,229.60,10270,7930,206,321791574.00,121,F1,65,,,,,
2026-07-31,2026-07-31,FO,NSE,IDO,51383,,NIFTY,,2026-10-27,2026-10-27,23750.00,PE,NIFTY26OCT23750PE,0.00,0.00,0.00,529.65,0.00,529.65,24383.60,377.70,0,0,0,0.00,0,F1,65,,,,,
2026-07-31,2026-07-31,FO,NSE,IDO,51359,,NIFTY,,2026-10-27,2026-10-27,23150.00,PE,NIFTY26OCT23150PE,0.00,0.00,0.00,327.65,0.00,327.65,24383.60,221.60,0,0,0,0.00,0,F1,65,,,,,
2026-07-31,2026-07-31,FO,NSE,IDO,51351,,NIFTY,,2026-10-27,2026-10-27,22950.00,PE,NIFTY26OCT22950PE,0.00,0.00,0.00,274.90,0.00,274.90,24383.60,182.10,0,0,0,0.00,0,F1,65,,,,,
2026-07-31,2026-07-31,FO,NSE,IDO,51349,,NIFTY,,2026-10-27,2026-10-27,22900.00,PE,NIFTY26OCT22900PE,0.00,0.00,0.00,262.65,0.00,262.65,24383.60,173.10,0,0,0,0.00,0,F1,65,,,,,
2026-07-31,2026-07-31,FO,NSE,IDO,55293,,NIFTY,,2026-09-29,2026-09-29,34500.00,PE,NIFTY26SEP34500PE,0.00,0.00,0.00,7064.95,0.00,7064.95,24383.60,9741.90,0,0,0,0.00,0,F1,65,,,,,
2026-07-31,2026-07-31,FO,NSE,IDO,74439,,NIFTY,,2026-09-29,2026-09-29,26050.00,PE,NIFTY26SEP26050PE,0.00,0.00,0.00,2017.50,0.00,2017.50,24383.60,1582.75,0,0,0,0.00,0,F1,65,,,,,
2026-07-31,2026-07-31,FO,NSE,IDO,65905,,NIFTY,,2026-09-29,2026-09-29,26000.00,PE,NIFTY26SEP26000PE,1472.30,1506.75,1401.70,1438.95,1441.95,1518.35,24383.60,1438.95,672020,3380,467,832954144.75,313,F1,65,,,,,
2026-07-31,2026-07-31,FO,NSE,IDO,74406,,NIFTY,,2026-09-29,2026-09-29,25550.00,PE,NIFTY26SEP25550PE,0.00,0.00,0.00,1632.65,0.00,1632.65,24383.60,1206.95,0,0,0,0.00,0,F1,65,,,,,
2026-07-31,2026-07-31,FO,NSE,IDO,74387,,NIFTY,,2026-09-29,2026-09-29,25300.00,PE,NIFTY26SEP25300PE,851.50,855.00,851.50,855.00,855.00,941.30,24383.60,1036.85,130,-520,8,13600372.50,4,F1,65,,,,,
2026-07-31,2026-07-31,FO,NSE,IDO,74367,,NIFTY,,2026-09-29,2026-09-29,25050.00,PE,NIFTY26SEP25050PE,0.00,0.00,0.00,1007.80,1007.80,1007.80,24383.60,879.95,130,0,0,0.00,0,F1,65,,,,,
2026-07-31,2026-07-31,FO,NSE,IDO,74360,,NIFTY,,2026-09-29,2026-09-29,24850.00,PE,NIFTY26SEP24850PE,609.00,609.00,609.00,609.00,609.00,660.00,24383.60,764.45,5785,0,1,1654835.00,1,F1,65,,,,,
2026-07-31,2026-07-31,FO,NSE,IDO,73905,,NIFTY,,2026-09-29,2026-09-29,23050.00,PE,NIFTY26SEP23050PE,77.65,79.15,71.25,72.95,73.55,86.70,24383.60,72.95,23205,2340,202,303630258.75,123,F1,65,,,,,
2026-07-31,2026-07-31,FO,NSE,IDO,73882,,NIFTY,,2026-09-29,2026-09-29,22400.00,PE,NIFTY26SEP22400PE,37.90,42.35,34.90,36.00,37.50,42.15,24383.60,36.00,52390,4355,393,573160880.50,219,F1,65,,,,,
2026-07-31,2026-07-31,FO,NSE,IDO,47058,,NIFTY,,2026-09-01,2026-09-01,25800.00,PE,NIFTY2690125800PE,0.00,0.00,0.00,1550.85,0.00,1550.85,24383.60,1365.40,0,0,0,0.00,0,F1,65,,,,,
2026-07-31,2026-07-31,FO,NSE,IDO,47006,,NIFTY,,2026-09-01,2026-09-01,24500.00,PE,NIFTY2690124500PE,341.00,358.00,301.80,316.15,318.05,381.70,24383.60,316.15,31590,29835,642,1036119639.75,333,F1,65,,,,,
2026-07-31,2026-07-31,FO,NSE,IDO,47000,,NIFTY,,2026-09-01,2026-09-01,24350.00,PE,NIFTY2690124350PE,300.00,300.00,245.55,250.00,250.00,313.00,24383.60,250.00,585,520,62,99224518.25,31,F1,65,,,,,
2026-07-31,2026-07-31,FO,NSE,IDO,46992,,NIFTY,,2026-09-01,2026-09-01,24150.00,PE,NIFTY2690124150PE,0.00,0.00,0.00,453.70,0.00,453.70,24383.60,313.80,0,0,0,0.00,0,F1,65,,,,,
2026-07-31,2026-07-31,FO,NSE,IDO,46954,,NIFTY,,2026-09-01,2026-09-01,23200.00,PE,NIFTY2690123200PE,43.20,43.25,39.50,40.30,39.95,50.65,24383.60,40.30,8450,2145,125,188840349.75,67,F1,65,,,,,
2026-07-31,2026-07-31,FO,NSE,IDO,46946,,NIFTY,,2026-09-01,2026-09-01,23000.00,PE,NIFTY2690123000PE,31.40,33.60,29.65,30.30,31.55,36.90,24383.60,30.30,31525,3055,262,392227416.75,173,F1,65,,,,,
2026-07-31,2026-07-31,FO,NSE,IDO,46930,,NIFTY,,2026-09-01,2026-09-01,22600.00,PE,NIFTY2690122600PE,18.75,19.30,18.50,18.80,19.05,20.30,24383.60,18.80,7475,0,30,44106829.00,19,F1,65,,,,,
2026-07-31,2026-07-31,FO,NSE,IDO,46928,,NIFTY,,2026-09-01,2026-09-01,22550.00,PE,NIFTY2690122550PE,0.00,0.00,0.00,65.55,65.55,65.55,24383.60,21.40,130,0,0,0.00,0,F1,65,,,,,
2026-07-31,2026-07-31,FO,NSE,IDO,46922,,NIFTY,,2026-09-01,2026-09-01,22400.00,PE,NIFTY2690122400PE,0.00,0.00,0.00,16.55,16.55,16.55,24383.60,15.25,2210,0,0,0.00,0,F1,65,,,,,
2026-07-31,2026-07-31,FO,NSE,IDO,62044,,NIFTY,,2026-08-25,2026-08-25,26050.00,PE,NIFTY26AUG26050PE,0.00,0.00,0.00,1763.20,1763.20,1763.20,24383.60,1597.05,260,0,0,0.00,0,F1,65,,,,,
2026-07-31,2026-07-31,FO,NSE,IDO,62039,,NIFTY,,2026-08-25,2026-08-25,26000.00,PE,NIFTY26AUG26000PE,1581.00,1617.15,1507.00,1538.95,1545.00,1632.45,24383.60,1538.95,2288845,-11830,835,1495824541.25,615,F1,65,,,,,
2026-07-31,2026-07-31,FO,NSE,IDO,61976,,NIFTY,,2026-08-25,2026-08-25,25500.00,PE,NIFTY26AUG25500PE,1100.00,1129.90,1021.65,1054.55,1066.00,1143.05,24383.60,1054.55,1425515,-61100,2738,4726144328.75,2490,F1,65,,,,,
2026-07-31,2026-07-31,FO,NSE,IDO,61703,,NIFTY,,2026-08-25,2026-08-25,24300.00,PE,NIFTY26AUG24300PE,253.95,253.95,194.00,204.30,206.90,262.20,24383.60,204.30,1476995,157300,40228,64103257796.50,28097,F1,65,,,,,
2026-07-31,2026-07-31,FO,NSE,IDO,61467,,NIFTY,,2026-08-25,2026-08-25,23350.00,PE,NIFTY26AUG23350PE,38.50,41.90,34.75,35.70,36.20,46.85,24383.60,35.70,56290,-19435,1268,1927601032.50,681,F1,65,,,,,
2026-07-31,2026-07-31,FO,NSE,IDO,61402,,NIFTY,,2026-08-25,2026-08-25,22600.00,PE,NIFTY26AUG22600PE,15.00,15.00,11.75,13.10,13.65,14.90,24383.60,13.10,159900,26065,4266,6270565720.25,2516,F1,65,,,,,
2026-07-31,2026-07-31,FO,NSE,IDO,65370,,NIFTY,,2026-08-04,2026-08-04,22000.00,CE,NIFTY2680422000CE,2382.70,2382.70,2370.00,2373.00,2370.85,2250.00,24383.60,2373.00,9425,1755,40,63376114.75,25,F1,65,,,,,
2026-07-31,2026-07-31,FO,NSE,IDO,65435,,NIFTY,,2026-08-04,2026-08-04,22550.00,CE,NIFTY2680422550CE,0.00,0.00,0.00,1533.15,0.00,1533.15,24383.60,1848.65,0,0,0,0.00,0,F1,65,,,,,
2026-07-31,2026-07-31,FO,NSE,IDO,65588,,NIFTY,,2026-08-04,2026-08-04,23450.00,CE,NIFTY2680423450CE,917.60,966.35,902.15,928.80,929.40,845.30,24383.60,928.80,41600,455,44,69726562.75,41,F1,65,,,,,
2026-07-31,2026-07-31,FO,NSE,IDO,65672,,NIFTY,,2026-08-04,2026-08-04,23500.00,CE,NIFTY2680423500CE,850.00,920.00,813.20,877.30,871.25,790.70,24383.60,877.30,263510,-22620,2166,3431426323.00,1323,F1,65,,,,,
2026-07-31,2026-07-31,FO,NSE,IDO,65684,,NIFTY,,2026-08-04,2026-08-04,23800.00,CE,NIFTY2680423800CE,525.00,624.35,516.25,582.80,574.25,499.45,24383.60,582.80,568490,-40495,7183,11381019198.25,4620,F1,65,,,,,
2026-07-31,2026-07-31,FO,NSE,IDO,66006,,NIFTY,,2026-08-04,2026-08-04,25750.00,CE,NIFTY2680425750CE,0.70,0.80,0.50,0.55,0.55,0.65,24383.60,0.55,157430,100880,9611,16086827406.00,1733,F1,65,,,,,
2026-07-31,2026-07-31,FO,NSE,IDO,66058,,NIFTY,,2026-08-04,2026-08-04,26050.00,CE,NIFTY2680426050CE,0.50,0.65,0.45,0.50,0.45,0.55,24383.60,0.50,133055,40430,9619,16287714319.50,1650,F1,65,,,,,
2026-07-31,2026-07-31,FO,NSE,IDO,66066,,NIFTY,,2026-08-04,2026-08-04,26200.00,CE,NIFTY2680426200CE,0.50,0.65,0.40,0.45,0.40,0.50,24383.60,0.45,1517035,621660,80401,136925359619.75,11069,F1,65,,,,,
2026-07-31,2026-07-31,FO,NSE,IDO,40909,,NIFTY,,2026-08-11,2026-08-11,22050.00,CE,NIFTY2681122050CE,0.00,0.00,0.00,2485.45,0.00,2485.45,24383.60,2374.10,0,0,0,0.00,0,F1,65,,,,,
2026-07-31,2026-07-31,FO,NSE,IDO,40913,,NIFTY,,2026-08-11,2026-08-11,22150.00,CE,NIFTY2681122150CE,0.00,0.00,0.00,2388.45,0.00,2388.45,24383.60,2274.30,0,0,0,0.00,0,F1,65,,,,,
2026-07-31,2026-07-31,FO,NSE,IDO,40919,,NIFTY,,2026-08-11,2026-08-11,22300.00,CE,NIFTY2681122300CE,0.00,0.00,0.00,2244.00,0.00,2244.00,24383.60,2124.65,0,0,0,0.00,0,F1,65,,,,,
2026-07-31,2026-07-31,FO,NSE,IDO,40945,,NIFTY,,2026-08-11,2026-08-11,22900.00,CE,NIFTY2681122900CE,0.00,0.00,0.00,1120.00,1120.00,1120.00,24383.60,1528.70,195,0,0,0.00,0,F1,65,,,,,
2026-07-31,2026-07-31,FO,NSE,IDO,40979,,NIFTY,,2026-08-11,2026-08-11,23750.00,CE,NIFTY2681123750CE,628.40,692.80,615.00,675.35,670.10,588.95,24383.60,675.35,8840,0,47,74568494.00,45,F1,65,,,,,
2026-07-31,2026-07-31,FO,NSE,IDO,40987,,NIFTY,,2026-08-11,2026-08-11,23900.00,CE,NIFTY2681123900CE,524.20,567.80,479.15,537.00,525.40,462.80,24383.60,537.00,78910,-7540,1156,1835249513.50,863,F1,65,,,,,
2026-07-31,2026-07-31,FO,NSE,IDO,41049,,NIFTY,,2026-08-11,2026-08-11,25300.00,CE,NIFTY2681125300CE,2.70,4.40,2.30,3.05,3.00,2.70,24383.60,3.05,468325,133770,18625,30632844437.00,6928,F1,65,,,,,
2026-07-31,2026-07-31,FO,NSE,IDO,41051,,NIFTY,,2026-08-11,2026-08-11,25350.00,CE,NIFTY2681125350CE,2.60,3.70,1.90,2.75,2.70,2.50,24383.60,2.75,37895,-4680,1988,3276085618.00,933,F1,65,,,,,
2026-07-31,2026-07-31,FO,NSE,IDO,41061,,NIFTY,,2026-08-11,2026-08-11,25600.00,CE,NIFTY2681125600CE,1.35,2.15,1.35,1.70,1.70,1.35,24383.60,1.70,66365,15340,4092,6809532785.25,2017,F1,65,,,,,
2026-07-31,2026-07-31,FO,NSE,IDO,41079,,NIFTY,,2026-08-11,2026-08-11,26000.00,CE,NIFTY2681126000CE,0.95,1.10,0.90,1.00,0.95,1.00,24383.60,1.00,1029470,333645,13122,22177042962.75,3645,F1,65,,,,,
2026-07-31,2026-07-31,FO,NSE,IDO,45011,,NIFTY,,2026-08-18,2026-08-18,22450.00,CE,NIFTY2681822450CE,0.00,0.00,0.00,1774.75,0.00,1774.75,24383.60,2004.05,0,0,0,0.00,0,F1,65,,,,,
2026-07-31,2026-07-31,FO,NSE,IDO,45023,,NIFTY,,2026-08-18,2026-08-18,22700.00,CE,NIFTY2681822700CE,0.00,0.00,0.00,1551.05,0.00,1551.05,24383.60,1758.95,0,0,0,0.00,0,F1,65,,,,,
2026-07-31,2026-07-31,FO,NSE,IDO,45084,,NIFTY,,2026-08-18,2026-08-18,23950.00,CE,NIFTY2681823950CE,544.95,545.00,521.45,542.50,543.85,493.05,24383.60,542.50,2665,-845,41,65268502.00,31,F1,65,,,,,
2026-07-31,2026-07-31,FO,NSE,IDO,61400,,NIFTY,,2026-08-25,2026-08-25,22550.00,PE,NIFTY26AUG22550PE,12.50,14.15,11.20,12.90,13.00,13.90,24383.60,12.90,20865,-10985,848,1243673050.75,697,F1,65,,,,,
2026-07-31,2026-07-31,FO,NSE,IDO,45207,,NIFTY,,2026-08-18,2026-08-18,26100.00,PE,NIFTY2681826100PE,1670.00,1670.00,1650.00,1650.00,1650.00,1790.00,24383.60,1653.25,65,-130,3,5412550.00,3,F1,65,,,,,
2026-07-31,2026-07-31,FO,NSE,IDO,45197,,NIFTY,,2026-08-18,2026-08-18,25900.00,PE,NIFTY2681825900PE,0.00,0.00,0.00,1759.20,0.00,1759.20,24383.60,1463.45,0,0,0,0.00,0,F1,65,,,,,
2026-07-31,2026-07-31,FO,NSE,IDO,45195,,NIFTY,,2026-08-18,2026-08-18,25850.00,PE,NIFTY2681825850PE,0.00,0.00,0.00,1714.30,0.00,1714.30,24383.60,1416.70,0,0,0,0.00,0,F1,65,,,,,
2026-07-31,2026-07-31,FO,NSE,IDO,45191,,NIFTY,,2026-08-18,2026-08-18,25750.00,PE,NIFTY2681825750PE,0.00,0.00,0.00,1625.45,0.00,1625.45,24383.60,1324.25,0,0,0,0.00,0,F1,65,,,,,
2026-07-31,2026-07-31,FO,NSE,IDO,45167,,NIFTY,,2026-08-18,2026-08-18,25400.00,PE,NIFTY2681825400PE,0.00,0.00,0.00,1150.00,1150.00,1150.00,24383.60,1014.40,65,0,0,0.00,0,F1,65,,,,,
2026-07-31,2026-07-31,FO,NSE,IDO,45115,,NIFTY,,2026-08-18,2026-08-18,24550.00,PE,NIFTY2681824550PE,310.70,333.35,274.60,290.35,294.65,356.35,24383.60,290.35,3640,3250,149,240588101.00,135,F1,65,,,,,
2026-07-31,2026-07-31,FO,NSE,IDO,45099,,NIFTY,,2026-08-18,2026-08-18,24200.00,PE,NIFTY2681824200PE,160.05,168.95,128.65,136.20,139.15,183.60,24383.60,136.20,267475,107185,5379,8510030061.00,3617,F1,65,,,,,
2026-07-31,2026-07-31,FO,NSE,IDO,45083,,NIFTY,,2026-08-18,2026-08-18,23900.00,PE,NIFTY2681823900PE,81.05,85.40,64.50,67.95,67.50,96.75,24383.60,67.95,130975,37050,2816,4387633932.50,1744,F1,65,,,,,
2026-07-31,2026-07-31,FO,NSE,IDO,45059,,NIFTY,,2026-08-18,2026-08-18,23400.00,PE,NIFTY2681823400PE,25.75,27.00,22.15,22.90,24.55,31.55,24383.60,22.90,81705,8580,1149,1749407874.50,627,F1,65,,,,,
2026-07-31,2026-07-31,FO,NSE,IDO,45053,,NIFTY,,2026-08-18,2026-08-18,23250.00,PE,NIFTY2681823250PE,17.85,22.20,17.10,18.55,19.15,22.50,24383.60,18.55,8580,-3120,207,313078551.50,101,F1,65,,,,,
2026-07-31,2026-07-31,FO,NSE,IDO,45010,,NIFTY,,2026-08-18,2026-08-18,22400.00,PE,NIFTY2681822400PE,5.80,7.55,5.80,7.20,7.15,7.10,24383.60,7.20,11960,-195,174,253416120.75,99,F1,65,,,,,
2026-07-31,2026-07-31,FO,NSE,IDO,45102,,NIFTY,,2026-08-18,2026-08-18,24300.00,CE,NIFTY2681824300CE,280.00,317.25,258.75,290.45,281.00,256.90,24383.60,290.45,149370,54470,5501,8792731740.00,3830,F1,65,,,,,
2026-07-31,2026-07-31,FO,NSE,IDO,45104,,NIFTY,,2026-08-18,2026-08-18,24350.00,CE,NIFTY2681824350CE,249.00,285.50,230.50,260.25,256.00,232.35,24383.60,260.25,15470,3575,1191,1905125036.75,875,F1,65,,,,,
2026-07-31,2026-07-31,FO,NSE,IDO,45162,,NIFTY,,2026-08-18,2026-08-18,25300.00,CE,NIFTY2681825300CE,11.00,14.15,9.90,12.45,11.65,10.95,24383.60,12.45,73970,27820,1742,2866075104.75,964,F1,65,,,,,
2026-07-31,2026-07-31,FO,NSE,IDO,45164,,NIFTY,,2026-08-18,2026-08-18,25350.00,CE,NIFTY2681825350CE,0.00,0.00,0.00,133.55,0.00,133.55,24383.60,81.95,0,0,0,0.00,0,F1,65,,,,,
2026-07-31,2026-07-31,FO,NSE,IDO,45166,,NIFTY,,2026-08-18,2026-08-18,25400.00,CE,NIFTY2681825400CE,8.00,10.05,7.45,8.40,8.45,7.75,24383.60,8.40,24115,6370,585,966166435.00,397,F1,65,,,,,
2026-07-31,2026-07-31,FO,NSE,IDO,61356,,NIFTY,,2026-08-25,2026-08-25,22100.00,CE,NIFTY26AUG22100CE,0.00,0.00,0.00,2281.05,0.00,2281.05,24383.60,2378.90,0,0,0,0.00,0,F1,65,,,,,
2026-07-31,2026-07-31,FO,NSE,IDO,61399,,NIFTY,,2026-08-25,2026-08-25,22550.00,CE,NIFTY26AUG22550CE,0.00,0.00,0.00,1773.25,1773.25,1773.25,24383.60,1939.35,130,0,0,0.00,0,F1,65,,,,,
2026-07-31,2026-07-31,FO,NSE,IDO,61409,,NIFTY,,2026-08-25,2026-08-25,22700.00,CE,NIFTY26AUG22700CE,0.00,0.00,0.00,1610.65,1610.60,1610.65,24383.60,1795.60,5850,0,0,0.00,0,F1,65,,,,,
2026-07-31,2026-07-31,FO,NSE,IDO,61445,,NIFTY,,2026-08-25,2026-08-25,23200.00,CE,NIFTY26AUG23200CE,1235.85,1290.00,1211.95,1272.15,1265.00,1165.85,24383.60,1272.15,28860,-1690,54,85819045.00,30,F1,65,,,,,
2026-07-31,2026-07-31,FO,NSE,IDO,61468,,NIFTY,,2026-08-25,2026-08-25,23400.00,CE,NIFTY26AUG23400CE,1051.85,1115.00,1021.00,1075.20,1075.20,1002.55,24383.60,1075.20,24960,-455,99,157413044.75,92,F1,65,,,,,
2026-07-31,2026-07-31,FO,NSE,IDO,61517,,NIFTY,,2026-08-25,2026-08-25,23600.00,CE,NIFTY26AUG23600CE,885.20,934.95,845.60,902.00,897.90,830.45,24383.60,902.00,222300,-1950,182,289812909.75,151,F1,65,,,,,
2026-07-31,2026-07-31,FO,NSE,IDO,61671,,NIFTY,,2026-08-25,2026-08-25,24250.00,CE,NIFTY26AUG24250CE,386.70,415.85,352.00,386.45,376.65,351.80,24383.60,386.45,126165,-11310,2762,4422494960.00,1879,F1,65,,,,,
2026-07-31,2026-07-31,FO,NSE,IDO,61685,,NIFTY,,2026-08-25,2026-08-25,24300.00,CE,NIFTY26AUG24300CE,350.00,385.00,323.20,355.75,352.00,323.75,24383.60,355.75,1584505,-176800,36232,58064371501.50,22773,F1,65,,,,,
2026-07-31,2026-07-31,FO,NSE,IDO,61778,,NIFTY,,2026-08-25,2026-08-25,24650.00,CE,NIFTY26AUG24650CE,166.75,190.50,154.75,171.10,167.00,158.05,24383.60,171.10,137345,13520,4043,6522738852.50,3459,F1,65,,,,,
2026-07-31,2026-07-31,FO,NSE,IDO,41050,,NIFTY,,2026-08-11,2026-08-11,25300.00,PE,NIFTY2681125300PE,925.00,950.00,870.00,870.00,870.00,1014.70,24383.60,909.80,1560,455,12,20444667.75,11,F1,65,,,,,
2026-07-31,2026-07-31,FO,NSE,IDO,41038,,NIFTY,,2026-08-11,2026-08-11,25000.00,PE,NIFTY2681125000PE,625.05,677.35,575.00,606.55,616.05,698.00,24383.60,606.55,58370,30095,1246,2074628887.50,1094,F1,65,,,,,
2026-07-31,2026-07-31,FO,NSE,IDO,41006,,NIFTY,,2026-08-11,2026-08-11,24350.00,PE,NIFTY2681124350PE,180.00,186.65,134.00,145.55,146.45,205.35,24383.60,145.55,400530,216255,38168,60794741679.75,22719,F1,65,,,,,
2026-07-31,2026-07-31,FO,NSE,IDO,40998,,NIFTY,,2026-08-11,2026-08-11,24150.00,PE,NIFTY2681124150PE,90.20,107.00,74.00,79.45,82.50,120.45,24383.60,79.45,207220,60450,13141,20701127726.50,9392,F1,65,,,,,
2026-07-31,2026-07-31,FO,NSE,IDO,40942,,NIFTY,,2026-08-11,2026-08-11,22800.00,PE,NIFTY2681122800PE,3.50,6.75,3.50,5.50,5.60,5.40,24383.60,5.50,313755,132080,13015,19292777884.25,6131,F1,65,,,,,
2026-07-31,2026-07-31,FO,NSE,IDO,40927,,NIFTY,,2026-08-11,2026-08-11,22450.00,PE,NIFTY2681122450PE,4.00,4.90,2.95,4.35,4.80,3.95,24383.60,4.35,10270,-130,391,570660723.75,221,F1,65,,,,,
2026-07-31,2026-07-31,FO,NSE,IDO,40880,,NIFTY,,2026-08-11,2026-08-11,21600.00,PE,NIFTY2681121600PE,2.00,3.15,2.00,2.90,3.05,3.00,24383.60,2.90,1571960,250770,20473,28747737141.50,4006,F1,65,,,,,
2026-07-31,2026-07-31,FO,NSE,IDO,65931,,NIFTY,,2026-08-04,2026-08-04,25250.00,PE,NIFTY2680425250PE,0.00,0.00,0.00,1396.40,0.00,1396.40,24383.60,853.70,0,0,0,0.00,0,F1,65,,,,,
2026-07-31,2026-07-31,FO,NSE,IDO,65919,,NIFTY,,2026-08-04,2026-08-04,25050.00,PE,NIFTY2680425050PE,684.65,713.75,635.00,655.20,655.20,1085.00,24383.60,662.35,2080,1560,41,68544420.75,28,F1,65,,,,,
2026-07-31,2026-07-31,FO,NSE,IDO,65917,,NIFTY,,2026-08-04,2026-08-04,25000.00,PE,NIFTY2680425000PE,649.70,692.05,579.90,619.80,633.25,709.50,24383.60,619.80,342615,-15535,7510,12506324853.75,5243,F1,65,,,,,
2026-07-31,2026-07-31,FO,NSE,IDO,65872,,NIFTY,,2026-08-04,2026-08-04,24600.00,PE,NIFTY2680424600PE,275.05,305.00,208.00,232.40,243.55,324.25,24383.60,232.40,742040,467675,263554,425518859135.50,161845,F1,65,,,,,
2026-07-31,2026-07-31,FO,NSE,IDO,65452,,NIFTY,,2026-08-04,2026-08-04,22900.00,PE,NIFTY2680422900PE,2.85,2.85,1.30,1.90,1.90,1.80,24383.60,1.90,1996215,453635,142150,211607495375.25,22307,F1,65,,,,,
2026-07-31,2026-07-31,FO,NSE,IDO,61921,,NIFTY,,2026-08-25,2026-08-25,25150.00,CE,NIFTY26AUG25150CE,43.45,48.90,39.05,42.95,42.80,41.40,24383.60,42.95,95355,3445,1514,2479296813.50,1123,F1,65,,,,,
2026-07-31,2026-07-31,FO,NSE,IDO,46909,,NIFTY,,2026-09-01,2026-09-01,22100.00,CE,NIFTY2690122100CE,0.00,0.00,0.00,2265.95,0.00,2265.95,24383.60,2419.25,0,0,0,0.00,0,F1,65,,,,,
2026-07-31,2026-07-31,FO,NSE,IDO,46911,,NIFTY,,2026-09-01,2026-09-01,22150.00,CE,NIFTY2690122150CE,0.00,0.00,0.00,2218.80,0.00,2218.80,24383.60,2370.50,0,0,0,0.00,0,F1,65,,,,,
2026-07-31,2026-07-31,FO,NSE,IDO,46989,,NIFTY,,2026-09-01,2026-09-01,24100.00,CE,NIFTY2690124100CE,518.95,570.15,515.00,545.40,546.55,499.70,24383.60,545.40,16315,195,32,51271814.75,22,F1,65,,,,,
2026-07-31,2026-07-31,FO,NSE,IDO,73873,,NIFTY,,2026-09-29,2026-09-29,22200.00,CE,NIFTY26SEP22200CE,0.00,0.00,0.00,2158.90,0.00,2158.90,24383.60,2466.15,0,0,0,0.00,0,F1,65,,,,,
2026-07-31,2026-07-31,FO,NSE,IDO,73895,,NIFTY,,2026-09-29,2026-09-29,22800.00,CE,NIFTY26SEP22800CE,0.00,0.00,0.00,1650.50,1650.50,1650.50,24383.60,1929.60,455,0,0,0.00,0,F1,65,,,,,
2026-07-31,2026-07-31,FO,NSE,IDO,73903,,NIFTY,,2026-09-29,2026-09-29,23000.00,CE,NIFTY26SEP23000CE,1599.95,1650.00,1555.00,1623.75,1618.15,1548.10,24383.60,1623.75,133965,2990,502,803136925.50,250,F1,65,,,,,
2026-07-31,2026-07-31,FO,NSE,IDO,74007,,NIFTY,,2026-09-29,2026-09-29,23700.00,CE,NIFTY26SEP23700CE,1000.00,1050.00,980.00,1029.15,1029.05,958.65,24383.60,1029.15,15990,-1495,45,72280409.50,30,F1,65,,,,,
2026-07-31,2026-07-31,FO,NSE,IDO,74372,,NIFTY,,2026-09-29,2026-09-29,25200.00,CE,NIFTY26SEP25200CE,174.50,187.55,164.30,176.40,175.85,165.95,24383.60,176.40,43810,33735,1021,1683966495.25,722,F1,65,,,,,
2026-07-31,2026-07-31,FO,NSE,IDO,74407,,NIFTY,,2026-09-29,2026-09-29,25600.00,CE,NIFTY26SEP25600CE,0.00,0.00,0.00,329.10,0.00,329.10,24383.60,303.95,0,0,0,0.00,0,F1,65,,,,,
2026-07-31,2026-07-31,FO,NSE,IDO,74465,,NIFTY,,2026-09-29,2026-09-29,26200.00,CE,NIFTY26SEP26200CE,29.00,34.90,25.20,28.75,28.00,28.10,24383.60,28.75,74490,42575,1286,2192441514.25,688,F1,65,,,,,
2026-07-31,2026-07-31,FO,NSE,IDO,51344,,NIFTY,,2026-10-27,2026-10-27,22800.00,CE,NIFTY26OCT22800CE,0.00,0.00,0.00,1767.20,0.00,1767.20,24383.60,2101.85,0,0,0,0.00,0,F1,65,,,,,
2026-07-31,2026-07-31,FO,NSE,IDO,51360,,NIFTY,,2026-10-27,2026-10-27,23200.00,CE,NIFTY26OCT23200CE,0.00,0.00,0.00,1475.80,0.00,1475.80,24383.60,1784.45,0,0,0,0.00,0,F1,65,,,,,
2026-07-31,2026-07-31,FO,NSE,IDO,51370,,NIFTY,,2026-10-27,2026-10-27,23450.00,CE,NIFTY26OCT23450CE,0.00,0.00,0.00,1307.95,0.00,1307.95,24383.60,1599.15,0,0,0,0.00,0,F1,65,,,,,
2026-07-31,2026-07-31,FO,NSE,IDO,51376,,NIFTY,,2026-10-27,2026-10-27,23600.00,CE,NIFTY26OCT23600CE,0.00,0.00,0.00,1212.70,0.00,1212.70,24383.60,1491.25,0,0,0,0.00,0,F1,65,,,,,
2026-07-31,2026-07-31,FO,NSE,IDO,51396,,NIFTY,,2026-10-27,2026-10-27,24050.00,CE,NIFTY26OCT24050CE,0.00,0.00,0.00,952.70,0.00,952.70,24383.60,1195.20,0,0,0,0.00,0,F1,65,,,,,
2026-07-31,2026-07-31,FO,NSE,IDO,51428,,NIFTY,,2026-10-27,2026-10-27,24750.00,CE,NIFTY26OCT24750CE,0.00,0.00,0.00,625.75,0.00,625.75,24383.60,810.80,0,0,0,0.00,0,F1,65,,,,,
2026-07-31,2026-07-31,FO,NSE,IDO,51432,,NIFTY,,2026-10-27,2026-10-27,24850.00,CE,NIFTY26OCT24850CE,0.00,0.00,0.00,586.60,0.00,586.60,24383.60,763.65,0,0,0,0.00,0,F1,65,,,,,
2026-07-31,2026-07-31,FO,NSE,IDO,51480,,NIFTY,,2026-10-27,2026-10-27,25750.00,CE,NIFTY26OCT25750CE,142.30,155.85,134.85,148.45,143.40,133.70,24383.60,148.45,14625,-6240,248,417414825.75,196,F1,65,,,,,
2026-07-31,2026-07-31,FO,NSE,IDO,51484,,NIFTY,,2026-10-27,2026-10-27,25850.00,CE,NIFTY26OCT25850CE,0.00,0.00,0.00,288.85,0.00,288.85,24383.60,393.55,0,0,0,0.00,0,F1,65,,,,,
2026-07-31,2026-07-31,FO,NSE,IDO,58648,,NIFTY,,2026-12-29,2026-12-29,22000.00,CE,NIFTY26DEC22000CE,2930.00,2981.50,2895.00,2949.70,2942.65,2885.95,24383.60,2949.70,260455,9295,248,402199521.75,175,F1,65,,,,,
2026-07-31,2026-07-31,FO,NSE,IDO,50978,,NIFTY,,2026-12-29,2026-12-29,27000.00,CE,NIFTY26DEC27000CE,109.00,114.15,105.60,108.75,108.00,107.45,24383.60,108.75,2289000,5985,4089,7205190700.50,2333,F1,65,,,,,
2026-07-31,2026-07-31,FO,NSE,IDO,55330,,NIFTY,,2026-12-29,2026-12-29,28500.00,CE,NIFTY26DEC28500CE,30.25,31.20,28.65,30.55,29.55,30.15,24383.60,30.55,103805,-260,168,311549498.00,121,F1,65,,,,,
2026-07-31,2026-07-31,FO,NSE,IDO,38158,,NIFTY,,2026-12-29,2026-12-29,29000.00,CE,NIFTY26DEC29000CE,21.90,23.35,21.10,22.40,22.70,21.40,24383.60,22.40,463540,-8645,703,1326168346.75,357,F1,65,,,,,
2026-07-31,2026-07-31,FO,NSE,IDO,65448,,NIFTY,,2026-08-04,2026-08-04,22800.00,PE,NIFTY2680422800PE,2.65,2.65,1.25,1.75,1.95,1.60,24383.60,1.75,3575650,642980,173452,257075562636.75,29395,F1,65,,,,,
2026-07-31,2026-07-31,FO,NSE,IDO,74645,,NIFTY,,2031-06-24,2031-06-24,21000.00,CE,NIFTY31JUN21000CE,0.00,0.00,0.00,8900.75,0.00,8900.75,24383.60,9550.05,0,0,0,0.00,0,F1,65,,,,,
2026-07-31,2026-07-31,FO,NSE,IDO,55764,,NIFTY,,2030-12-31,2030-12-31,31500.00,CE,NIFTY30DEC31500CE,0.00,0.00,0.00,4554.55,0.00,4554.55,24383.60,3806.00,0,0,0,0.00,0,F1,65,,,,,
2026-07-31,2026-07-31,FO,NSE,IDO,60898,,NIFTY,,2030-06-25,2030-06-25,21000.00,CE,NIFTY30JUN21000CE,0.00,0.00,0.00,10421.65,0.00,10421.65,24383.60,8517.80,0,0,0,0.00,0,F1,65,,,,,
2026-07-31,2026-07-31,FO,NSE,IDO,61390,,NIFTY,,2029-12-24,2029-12-24,18000.00,CE,NIFTY29DEC18000CE,0.00,0.00,0.00,11362.40,0.00,11362.40,24383.60,10124.45,0,0,0,0.00,0,F1,65,,,,,
2026-07-31,2026-07-31,FO,NSE,IDO,55418,,NIFTY,,2027-12-28,2027-12-28,16500.00,CE,NIFTY27DEC16500CE,0.00,0.00,0.00,11316.40,0.00,11316.40,24383.60,9368.45,0,0,0,0.00,0,F1,65,,,,,
2026-07-31,2026-07-31,FO,NSE,IDO,80311,,NIFTY,,2027-03-30,2027-03-30,31500.00,CE,NIFTY27MAR31500CE,0.00,0.00,0.00,94.65,0.00,94.65,24383.60,94.75,0,0,0,0.00,0,F1,65,,,,,
2026-07-31,2026-07-31,FO,NSE,IDO,80276,,NIFTY,,2027-03-30,2027-03-30,27000.00,CE,NIFTY27MAR27000CE,299.95,310.00,285.70,302.05,301.25,293.40,24383.60,302.05,252655,2470,746,1323838009.00,458,F1,65,,,,,
2026-07-31,2026-07-31,FO,NSE,IDO,42136,,NIFTY,,2026-12-29,2026-12-29,31000.00,CE,NIFTY26DEC31000CE,13.15,14.25,13.10,14.20,14.20,13.95,24383.60,26.35,156150,-910,118,237875664.00,47,F1,65,,,,,
2026-07-31,2026-07-31,FO,NSE,IDO,61518,,NIFTY,,2026-08-25,2026-08-25,23600.00,PE,NIFTY26AUG23600PE,67.60,67.60,53.50,55.05,56.10,74.10,24383.60,55.05,863200,68185,15413,23702046277.00,9253,F1,65,,,,,
2026-07-31,2026-07-31,FO,NSE,IDO,41093,,NIFTY,,2026-08-11,2026-08-11,26150.00,CE,NIFTY2681126150CE,0.95,1.20,0.90,1.05,1.00,0.90,24383.60,1.05,52585,12675,650,1104880367.50,194,F1,65,,,,,
2026-07-31,2026-07-31,FO,NSE,IDO,41071,,NIFTY,,2026-08-11,2026-08-11,25800.00,CE,NIFTY2681125800CE,1.10,1.25,1.05,1.15,1.10,1.10,24383.60,1.15,156455,140920,7091,11892136048.00,3600,F1,65,,,,,
2026-07-31,2026-07-31,FO,NSE,IDO,74646,,NIFTY,,2031-06-24,2031-06-24,21000.00,PE,NIFTY31JUN21000PE,0.00,0.00,0.00,450.50,0.00,450.50,24383.60,332.70,0,0,0,0.00,0,F1,65,,,,,
2026-07-31,2026-07-31,FO,NSE,IDO,55651,,NIFTY,,2030-06-25,2030-06-25,31500.00,PE,NIFTY30JUN31500PE,0.00,0.00,0.00,2056.30,0.00,2056.30,24383.60,3153.85,0,0,0,0.00,0,F1,65,,,,,
2026-07-31,2026-07-31,FO,NSE,IDO,67775,,NIFTY,,2028-12-26,2028-12-26,20000.00,PE,NIFTY28DEC20000PE,0.00,0.00,0.00,375.00,375.00,375.00,24383.60,201.80,2380,0,0,0.00,0,F1,65,,,,,
2026-07-31,2026-07-31,FO,NSE,IDO,61845,,NIFTY,,2026-08-25,2026-08-25,24800.00,CE,NIFTY26AUG24800CE,123.95,131.50,105.60,116.00,112.60,109.75,24383.60,116.00,2213445,982345,41108,66570402288.00,24589,F1,65,,,,,
2026-07-31,2026-07-31,FO,NSE,IDO,61943,,NIFTY,,2026-08-25,2026-08-25,25300.00,CE,NIFTY26AUG25300CE,27.55,31.25,24.40,27.30,27.10,26.15,24383.60,27.30,646880,106535,10670,17565914164.50,5949,F1,65,,,,,
2026-07-31,2026-07-31,FO,NSE,IDO,61977,,NIFTY,,2026-08-25,2026-08-25,25550.00,CE,NIFTY26AUG25550CE,0.00,0.00,0.00,362.90,0.00,362.90,24383.60,95.75,0,0,0,0.00,0,F1,65,,,,,
2026-07-31,2026-07-31,FO,NSE,IDO,46921,,NIFTY,,2026-09-01,2026-09-01,22400.00,CE,NIFTY2690122400CE,0.00,0.00,0.00,1986.25,0.00,1986.25,24383.60,2128.85,0,0,0,0.00,0,F1,65,,,,,
2026-07-31,2026-07-31,FO,NSE,IDO,46933,,NIFTY,,2026-09-01,2026-09-01,22700.00,CE,NIFTY2690122700CE,0.00,0.00,0.00,1716.55,0.00,1716.55,24383.60,1844.90,0,0,0,0.00,0,F1,65,,,,,
2026-07-31,2026-07-31,FO,NSE,IDO,46945,,NIFTY,,2026-09-01,2026-09-01,23000.00,CE,NIFTY2690123000CE,0.00,0.00,0.00,1050.00,1050.00,1050.00,24383.60,1570.70,650,0,0,0.00,0,F1,65,,,,,
2026-07-31,2026-07-31,FO,NSE,IDO,46951,,NIFTY,,2026-09-01,2026-09-01,23150.00,CE,NIFTY2690123150CE,0.00,0.00,0.00,1338.05,0.00,1338.05,24383.60,1438.55,0,0,0,0.00,0,F1,65,,,,,
2026-07-31,2026-07-31,FO,NSE,IDO,46975,,NIFTY,,2026-09-01,2026-09-01,23750.00,CE,NIFTY2690123750CE,0.00,0.00,0.00,899.60,0.00,899.60,24383.60,957.05,0,0,0,0.00,0,F1,65,,,,,
2026-07-31,2026-07-31,FO,NSE,IDO,47005,,NIFTY,,2026-09-01,2026-09-01,24500.00,CE,NIFTY2690124500CE,297.45,316.00,275.55,296.05,297.00,272.90,24383.60,296.05,15535,4940,375,604393426.00,226,F1,65,,,,,
2026-07-31,2026-07-31,FO,NSE,IDO,47015,,NIFTY,,2026-09-01,2026-09-01,24750.00,CE,NIFTY2690124750CE,0.00,0.00,0.00,383.80,0.00,383.80,24383.60,380.15,0,0,0,0.00,0,F1,65,,,,,
2026-07-31,2026-07-31,FO,NSE,IDO,47027,,NIFTY,,2026-09-01,2026-09-01,25050.00,CE,NIFTY2690125050CE,0.00,0.00,0.00,282.50,0.00,282.50,24383.60,269.60,0,0,0,0.00,0,F1,65,,,,,
2026-07-31,2026-07-31,FO,NSE,IDO,47047,,NIFTY,,2026-09-01,2026-09-01,25550.00,CE,NIFTY2690125550CE,25.05,26.65,21.45,24.45,25.30,22.15,24383.60,24.45,12740,1885,129,214436823.25,92,F1,65,,,,,
2026-07-31,2026-07-31,FO,NSE,IDO,65893,,NIFTY,,2026-09-29,2026-09-29,21000.00,CE,NIFTY26SEP21000CE,3520.00,3575.15,3477.00,3544.35,3547.00,3443.70,24383.60,3544.35,488930,-1365,57,90907059.75,51,F1,65,,,,,
2026-07-31,2026-07-31,FO,NSE,IDO,73805,,NIFTY,,2026-09-29,2026-09-29,21600.00,CE,NIFTY26SEP21600CE,2890.00,2922.00,2890.00,2922.00,2922.00,2675.05,24383.60,3033.15,1430,1430,22,35033830.00,10,F1,65,,,,,
2026-07-31,2026-07-31,FO,NSE,IDO,73859,,NIFTY,,2026-09-29,2026-09-29,21950.00,CE,NIFTY26SEP21950CE,0.00,0.00,0.00,2369.20,0.00,2369.20,24383.60,2699.65,0,0,0,0.00,0,F1,65,,,,,
2026-07-31,2026-07-31,FO,NSE,IDO,73897,,NIFTY,,2026-09-29,2026-09-29,22850.00,CE,NIFTY26SEP22850CE,0.00,0.00,0.00,1453.00,1453.00,1453.00,24383.60,1886.85,390,0,0,0.00,0,F1,65,,,,,
2026-07-31,2026-07-31,FO,NSE,IDO,73906,,NIFTY,,2026-09-29,2026-09-29,23100.00,CE,NIFTY26SEP23100CE,1526.80,1527.70,1526.80,1527.35,1527.70,1111.30,24383.60,1527.35,650,-195,3,4802333.25,3,F1,65,,,,,
2026-07-31,2026-07-31,FO,NSE,IDO,74107,,NIFTY,,2026-09-29,2026-09-29,24300.00,CE,NIFTY26SEP24300CE,600.00,621.50,562.60,596.85,594.90,561.05,24383.60,596.85,158145,8320,1176,1902684498.00,814,F1,65,,,,,
2026-07-31,2026-07-31,FO,NSE,IDO,74432,,NIFTY,,2026-09-29,2026-09-29,25950.00,CE,NIFTY26SEP25950CE,0.00,0.00,0.00,251.80,0.00,251.80,24383.60,219.50,0,0,0,0.00,0,F1,65,,,,,
2026-07-31,2026-07-31,FO,NSE,IDO,51338,,NIFTY,,2026-10-27,2026-10-27,22650.00,CE,NIFTY26OCT22650CE,0.00,0.00,0.00,1882.95,0.00,1882.95,24383.60,2226.50,0,0,0,0.00,0,F1,65,,,,,
2026-07-31,2026-07-31,FO,NSE,IDO,51362,,NIFTY,,2026-10-27,2026-10-27,23250.00,CE,NIFTY26OCT23250CE,0.00,0.00,0.00,1441.30,0.00,1441.30,24383.60,1746.40,0,0,0,0.00,0,F1,65,,,,,
2026-07-31,2026-07-31,FO,NSE,IDO,51378,,NIFTY,,2026-10-27,2026-10-27,23650.00,CE,NIFTY26OCT23650CE,0.00,0.00,0.00,1181.90,0.00,1181.90,24383.60,1456.55,0,0,0,0.00,0,F1,65,,,,,
2026-07-31,2026-07-31,FO,NSE,IDO,51398,,NIFTY,,2026-10-27,2026-10-27,24100.00,CE,NIFTY26OCT24100CE,886.00,910.00,886.00,910.00,910.00,926.25,24383.60,1164.65,130,130,2,3249740.00,2,F1,65,,,,,
2026-07-31,2026-07-31,FO,NSE,IDO,51422,,NIFTY,,2026-10-27,2026-10-27,24600.00,CE,NIFTY26OCT24600CE,578.00,605.00,560.00,602.55,602.55,687.95,24383.60,885.25,520,520,13,21288189.00,11,F1,65,,,,,
2026-07-31,2026-07-31,FO,NSE,IDO,41025,,NIFTY,,2026-08-11,2026-08-11,24750.00,CE,NIFTY2681124750CE,42.45,52.90,34.35,41.50,41.00,36.10,24383.60,41.50,328640,202345,27260,43928630746.00,15859,F1,65,,,,,
2026-07-31,2026-07-31,FO,NSE,IDO,55469,,NIFTY,,2028-06-27,2028-06-27,16500.00,PE,NIFTY28JUN16500PE,0.00,0.00,0.00,3.80,0.00,3.80,24383.60,18.95,0,0,0,0.00,0,F1,65,,,,,
2026-07-31,2026-07-31,FO,NSE,IDO,41007,,NIFTY,,2026-08-11,2026-08-11,24400.00,CE,NIFTY2681124400CE,160.95,193.50,142.00,167.80,162.20,141.00,24383.60,167.80,1557595,584025,96724,154466952991.00,61480,F1,65,,,,,
2026-07-31,2026-07-31,FO,NSE,IDO,40991,,NIFTY,,2026-08-11,2026-08-11,24000.00,CE,NIFTY2681124000CE,429.15,485.65,397.90,450.70,445.65,386.80,24383.60,450.70,566280,66820,8945,14215286543.25,5970,F1,65,,,,,
2026-07-31,2026-07-31,FO,NSE,IDO,40965,,NIFTY,,2026-08-11,2026-08-11,23400.00,CE,NIFTY2681123400CE,948.65,1033.25,948.65,1004.20,1005.40,925.55,24383.60,1004.20,4225,585,24,38045130.50,20,F1,65,,,,,
2026-07-31,2026-07-31,FO,NSE,IDO,40947,,NIFTY,,2026-08-11,2026-08-11,22950.00,CE,NIFTY2681122950CE,0.00,0.00,0.00,1640.40,0.00,1640.40,24383.60,1479.55,0,0,0,0.00,0,F1,65,,,,,
2026-07-31,2026-07-31,FO,NSE,IDO,40933,,NIFTY,,2026-08-11,2026-08-11,22600.00,CE,NIFTY2681122600CE,0.00,0.00,0.00,1959.95,0.00,1959.95,24383.60,1825.85,0,0,0,0.00,0,F1,65,,,,,
2026-07-31,2026-07-31,FO,NSE,IDO,65693,,NIFTY,,2026-08-04,2026-08-04,24000.00,CE,NIFTY2680424000CE,343.00,430.50,330.80,392.90,382.00,315.80,24383.60,392.90,2222610,-537160,115284,182713363517.75,61100,F1,65,,,,,
2026-07-31,2026-07-31,FO,NSE,IDO,53619,,NIFTY,,2027-12-28,2027-12-28,23000.00,PE,NIFTY27DEC23000PE,499.95,530.00,499.95,521.90,516.60,532.50,24383.60,521.90,45605,270,72,110081006.75,52,F1,65,,,,,
2026-07-31,2026-07-31,FO,NSE,IDO,35263,,NIFTY,,2027-06-29,2027-06-29,30000.00,PE,NIFTY27JUN30000PE,0.00,0.00,0.00,4000.05,4000.05,4000.05,24383.60,4259.10,65,0,0,0.00,0,F1,65,,,,,
2026-07-31,2026-07-31,FO,NSE,IDO,55379,,NIFTY,,2027-06-29,2027-06-29,28500.00,PE,NIFTY27JUN28500PE,0.00,0.00,0.00,1807.05,0.00,1807.05,24383.60,3132.10,0,0,0,0.00,0,F1,65,,,,,
2026-07-31,2026-07-31,FO,NSE,IDO,80189,,NIFTY,,2027-03-30,2027-03-30,15000.00,PE,NIFTY27MAR15000PE,0.00,0.00,0.00,15.05,15.00,15.05,24383.60,0.05,585,0,0,0.00,0,F1,65,,,,,
2026-07-31,2026-07-31,FO,NSE,IDO,38159,,NIFTY,,2026-12-29,2026-12-29,29000.00,PE,NIFTY26DEC29000PE,3968.55,3985.00,3875.00,3886.20,3885.00,4025.05,24383.60,3886.20,223875,195,31,66319399.25,30,F1,65,,,,,
2026-07-31,2026-07-31,FO,NSE,IDO,65934,,NIFTY,,2026-08-04,2026-08-04,25350.00,CE,NIFTY2680425350CE,0.90,1.15,0.70,0.80,0.75,0.80,24383.60,0.80,463645,188955,56139,92506420249.75,10763,F1,65,,,,,
2026-07-31,2026-07-31,FO,NSE,IDO,50979,,NIFTY,,2026-12-29,2026-12-29,27000.00,PE,NIFTY26DEC27000PE,2100.00,2127.00,2034.00,2059.85,2062.90,2150.80,24383.60,2059.85,876750,1560,131,247525258.50,112,F1,65,,,,,
2026-07-31,2026-07-31,FO,NSE,IDO,55327,,NIFTY,,2026-12-29,2026-12-29,22500.00,PE,NIFTY26DEC22500PE,150.00,150.00,136.05,137.10,138.95,152.90,24383.60,137.10,584220,-17810,2390,3517328899.50,1424,F1,65,,,,,
2026-07-31,2026-07-31,FO,NSE,IDO,58639,,NIFTY,,2026-12-29,2026-12-29,17000.00,PE,NIFTY26DEC17000PE,21.25,21.75,20.30,21.05,21.05,21.25,24383.60,21.05,187600,-520,44,48679881.25,28,F1,65,,,,,
2026-07-31,2026-07-31,FO,NSE,IDO,65699,,NIFTY,,2026-08-04,2026-08-04,24150.00,CE,NIFTY2680424150CE,231.95,291.95,206.85,254.85,242.65,196.45,24383.60,254.85,558935,-301665,143158,227006509661.75,97059,F1,65,,,,,
2026-07-31,2026-07-31,FO,NSE,IDO,65896,,NIFTY,,2026-08-04,2026-08-04,24800.00,CE,NIFTY2680424800CE,2.65,5.65,2.35,3.15,2.65,2.90,24383.60,3.15,6829810,1902745,1168078,1883234938360.75,203183,F1,65,,,,,
2026-07-31,2026-07-31,FO,NSE,IDO,65453,,NIFTY,,2026-08-04,2026-08-04,22950.00,CE,NIFTY2680422950CE,0.00,0.00,0.00,1091.60,1091.60,1091.60,24383.60,1448.95,130,0,0,0.00,0,F1,65,,,,,
2026-07-31,2026-07-31,FO,NSE,IDO,65441,,NIFTY,,2026-08-04,2026-08-04,22650.00,CE,NIFTY2680422650CE,0.00,0.00,0.00,1119.00,1119.00,1119.00,24383.60,1748.75,195,0,0,0.00,0,F1,65,,,,,
2026-07-31,2026-07-31,FO,NSE,IDO,55324,,NIFTY,,2026-12-29,2026-12-29,19500.00,CE,NIFTY26DEC19500CE,0.00,0.00,0.00,7586.85,0.00,7586.85,24383.60,5419.65,0,0,0,0.00,0,F1,65,,,,,
2026-07-31,2026-07-31,FO,NSE,IDO,55328,,NIFTY,,2026-12-29,2026-12-29,25500.00,CE,NIFTY26DEC25500CE,455.00,472.40,439.15,460.75,458.00,439.50,24383.60,460.75,568360,13325,2226,3755834498.00,1116,F1,65,,,,,
2026-07-31,2026-07-31,FO,NSE,IDO,80268,,NIFTY,,2027-03-30,2027-03-30,21000.00,CE,NIFTY27MAR21000CE,0.00,0.00,0.00,3217.45,0.00,3217.45,24383.60,4393.65,0,0,0,0.00,0,F1,65,,,,,
2026-07-31,2026-07-31,FO,NSE,IDO,51485,,NIFTY,,2026-10-27,2026-10-27,25850.00,PE,NIFTY26OCT25850PE,0.00,0.00,0.00,1765.25,0.00,1765.25,24383.60,1449.45,0,0,0,0.00,0,F1,65,,,,,
2026-07-31,2026-07-31,FO,NSE,IDO,51471,,NIFTY,,2026-10-27,2026-10-27,25550.00,PE,NIFTY26OCT25550PE,0.00,0.00,0.00,1542.25,0.00,1542.25,24383.60,1246.70,0,0,0,0.00,0,F1,65,,,,,
2026-07-31,2026-07-31,FO,NSE,IDO,51419,,NIFTY,,2026-10-27,2026-10-27,24500.00,PE,NIFTY26OCT24500PE,470.00,479.30,429.00,440.45,449.85,497.15,24383.60,440.45,92495,43420,1347,2184104026.00,858,F1,65,,,,,
2026-07-31,2026-07-31,FO,NSE,IDO,51411,,NIFTY,,2026-10-27,2026-10-27,24400.00,PE,NIFTY26OCT24400PE,415.15,415.15,392.00,403.65,408.15,825.60,24383.60,403.65,3510,3510,104,167671042.50,51,F1,65,,,,,
2026-07-31,2026-07-31,FO,NSE,IDO,51409,,NIFTY,,2026-10-27,2026-10-27,24350.00,PE,NIFTY26OCT24350PE,400.00,415.00,376.40,385.00,385.00,799.95,24383.60,598.60,520,520,17,27338743.25,10,F1,65,,,,,
2026-07-31,2026-07-31,FO,NSE,IDO,51387,,NIFTY,,2026-10-27,2026-10-27,23850.00,PE,NIFTY26OCT23850PE,0.00,0.00,0.00,569.90,0.00,569.90,24383.60,409.85,0,0,0,0.00,0,F1,65,,,,,
2026-07-31,2026-07-31,FO,NSE,IDO,51375,,NIFTY,,2026-10-27,2026-10-27,23550.00,PE,NIFTY26OCT23550PE,0.00,0.00,0.00,454.95,0.00,454.95,24383.60,318.80,0,0,0,0.00,0,F1,65,,,,,
2026-07-31,2026-07-31,FO,NSE,IDO,51341,,NIFTY,,2026-10-27,2026-10-27,22700.00,PE,NIFTY26OCT22700PE,0.00,0.00,0.00,217.70,0.00,217.70,24383.60,140.50,0,0,0,0.00,0,F1,65,,,,,
2026-07-31,2026-07-31,FO,NSE,IDO,51333,,NIFTY,,2026-10-27,2026-10-27,22550.00,PE,NIFTY26OCT22550PE,0.00,0.00,0.00,187.95,0.00,187.95,24383.60,119.35,0,0,0,0.00,0,F1,65,,,,,
2026-07-31,2026-07-31,FO,NSE,IDO,74466,,NIFTY,,2026-09-29,2026-09-29,26200.00,PE,NIFTY26SEP26200PE,0.00,0.00,0.00,1750.00,1750.00,1750.00,24383.60,1703.45,130,0,0,0.00,0,F1,65,,,,,
2026-07-31,2026-07-31,FO,NSE,IDO,74423,,NIFTY,,2026-09-29,2026-09-29,25850.00,PE,NIFTY26SEP25850PE,0.00,0.00,0.00,1859.75,0.00,1859.75,24383.60,1427.30,0,0,0,0.00,0,F1,65,,,,,
2026-07-31,2026-07-31,FO,NSE,IDO,74358,,NIFTY,,2026-09-29,2026-09-29,24800.00,PE,NIFTY26SEP24800PE,559.05,579.00,524.55,539.20,541.40,607.35,24383.60,539.20,65325,8645,266,438282552.50,214,F1,65,,,,,
2026-07-31,2026-07-31,FO,NSE,IDO,74240,,NIFTY,,2026-09-29,2026-09-29,24450.00,PE,NIFTY26SEP24450PE,399.80,417.60,368.45,379.90,383.00,434.40,24383.60,379.90,9230,-195,73,117846030.25,55,F1,65,,,,,
2026-07-31,2026-07-31,FO,NSE,IDO,74006,,NIFTY,,2026-09-29,2026-09-29,23650.00,PE,NIFTY26SEP23650PE,159.50,161.40,143.35,146.95,149.30,175.05,24383.60,146.95,7930,-780,152,235164393.75,97,F1,65,,,,,
2026-07-31,2026-07-31,FO,NSE,IDO,74004,,NIFTY,,2026-09-29,2026-09-29,23600.00,PE,NIFTY26SEP23600PE,165.85,165.90,133.60,137.05,140.70,165.85,24383.60,137.05,97175,2405,1665,2569517710.50,1043,F1,65,,,,,
2026-07-31,2026-07-31,FO,NSE,IDO,65899,,NIFTY,,2026-09-29,2026-09-29,23000.00,PE,NIFTY26SEP23000PE,78.20,78.20,66.85,68.65,70.60,82.20,24383.60,68.65,2025965,-27300,9835,14748307642.25,5265,F1,65,,,,,
2026-07-31,2026-07-31,FO,NSE,IDO,73900,,NIFTY,,2026-09-29,2026-09-29,22900.00,PE,NIFTY26SEP22900PE,65.65,67.20,59.35,61.15,62.85,73.00,24383.60,61.15,90610,780,848,1265650740.25,494,F1,65,,,,,
2026-07-31,2026-07-31,FO,NSE,IDO,47026,,NIFTY,,2026-09-01,2026-09-01,25000.00,PE,NIFTY2690125000PE,0.00,0.00,0.00,936.10,0.00,936.10,24383.60,757.40,0,0,0,0.00,0,F1,65,,,,,
2026-07-31,2026-07-31,FO,NSE,IDO,46982,,NIFTY,,2026-09-01,2026-09-01,23900.00,PE,NIFTY2690123900PE,157.40,157.40,119.05,121.35,122.10,157.45,24383.60,121.35,4875,1755,134,209314007.50,83,F1,65,,,,,
2026-07-31,2026-07-31,FO,NSE,IDO,80307,,NIFTY,,2027-03-30,2027-03-30,30000.00,CE,NIFTY27MAR30000CE,47.00,49.05,45.60,47.65,46.75,47.05,24383.60,47.65,81965,0,194,378899595.75,114,F1,65,,,,,
2026-07-31,2026-07-31,FO,NSE,IDO,65164,,NIFTY,,2026-08-04,2026-08-04,21700.00,CE,NIFTY2680421700CE,0.00,0.00,0.00,2300.90,0.00,2300.90,24383.60,2698.10,0,0,0,0.00,0,F1,65,,,,,
2026-07-31,2026-07-31,FO,NSE,IDF,48704,,NIFTY,,2026-10-27,2026-10-27,,,NIFTY26OCTFUT,24639.90,24723.90,24620.00,24698.30,24680.00,24608.60,24383.60,24698.30,111410,34775,1345,2157967116.50,930,F1,65,,,,,
2026-07-31,2026-07-31,FO,NSE,IDO,40920,,NIFTY,,2026-08-11,2026-08-11,22300.00,PE,NIFTY2681122300PE,3.35,4.55,2.75,3.80,4.05,3.80,24383.60,3.80,127985,34515,3156,4575394330.00,1339,F1,65,,,,,
2026-07-31,2026-07-31,FO,NSE,IDO,40938,,NIFTY,,2026-08-11,2026-08-11,22700.00,PE,NIFTY2681122700PE,5.00,6.15,3.20,5.15,5.55,4.85,24383.60,5.15,207090,26455,7375,10884091279.75,3127,F1,65,,,,,
2026-07-31,2026-07-31,FO,NSE,IDO,40946,,NIFTY,,2026-08-11,2026-08-11,22900.00,PE,NIFTY2681122900PE,5.15,7.30,4.55,6.25,6.15,5.95,24383.60,6.25,160680,30030,7274,10830106943.50,3625,F1,65,,,,,
2026-07-31,2026-07-31,FO,NSE,IDO,46906,,NIFTY,,2026-09-01,2026-09-01,22000.00,PE,NIFTY2690122000PE,11.15,11.60,10.15,11.25,10.25,12.15,24383.60,11.25,11245,3445,97,138779007.25,43,F1,65,,,,,
2026-07-31,2026-07-31,FO,NSE,IDO,61954,,NIFTY,,2026-08-25,2026-08-25,25350.00,PE,NIFTY26AUG25350PE,0.00,0.00,0.00,1244.40,1230.00,1244.40,24383.60,993.05,1040,0,0,0.00,0,F1,65,,,,,
2026-07-31,2026-07-31,FO,NSE,IDO,61930,,NIFTY,,2026-08-25,2026-08-25,25200.00,PE,NIFTY26AUG25200PE,807.35,847.50,746.25,779.60,782.00,869.75,24383.60,779.60,57785,-325,224,378369413.50,185,F1,65,,,,,
2026-07-31,2026-07-31,FO,NSE,IDO,55368,,NIFTY,,2027-06-29,2027-06-29,16500.00,CE,NIFTY27JUN16500CE,0.00,0.00,0.00,10867.20,0.00,10867.20,24383.60,8855.65,0,0,0,0.00,0,F1,65,,,,,
2026-07-31,2026-07-31,FO,NSE,IDO,55372,,NIFTY,,2027-06-29,2027-06-29,19500.00,CE,NIFTY27JUN19500CE,0.00,0.00,0.00,8143.40,0.00,8143.40,24383.60,6080.65,0,0,0,0.00,0,F1,65,,,,,
2026-07-31,2026-07-31,FO,NSE,IDO,53613,,NIFTY,,2027-12-28,2027-12-28,21000.00,CE,NIFTY27DEC21000CE,0.00,0.00,0.00,4902.40,0.00,4902.40,24383.60,5490.30,0,0,0,0.00,0,F1,65,,,,,
2026-07-31,2026-07-31,FO,NSE,IDO,86163,,NIFTY,,2028-06-27,2028-06-27,27000.00,CE,NIFTY28JUN27000CE,0.00,0.00,0.00,1935.00,1935.00,1935.00,24383.60,2525.95,0,0,0,0.00,0,F1,65,,,,,
2026-07-31,2026-07-31,FO,NSE,IDO,55562,,NIFTY,,2029-06-26,2029-06-26,25500.00,CE,NIFTY29JUN25500CE,0.00,0.00,0.00,5917.35,0.00,5917.35,24383.60,4589.05,0,0,0,0.00,0,F1,65,,,,,
2026-07-31,2026-07-31,FO,NSE,IDO,61659,,NIFTY,,2029-12-24,2029-12-24,21000.00,CE,NIFTY29DEC21000CE,0.00,0.00,0.00,9463.95,0.00,9463.95,24383.60,7966.10,0,0,0,0.00,0,F1,65,,,,,
2026-07-31,2026-07-31,FO,NSE,IDO,55700,,NIFTY,,2030-12-31,2030-12-31,19500.00,CE,NIFTY30DEC19500CE,0.00,0.00,0.00,11601.15,0.00,11601.15,24383.60,10050.50,0,0,0,0.00,0,F1,65,,,,,
2026-07-31,2026-07-31,FO,NSE,IDO,55756,,NIFTY,,2030-12-31,2030-12-31,25500.00,CE,NIFTY30DEC25500CE,0.00,0.00,0.00,7639.65,0.00,7639.65,24383.60,6430.40,0,0,0,0.00,0,F1,65,,,,,
2026-07-31,2026-07-31,FO,NSE,IDO,74641,,NIFTY,,2031-06-24,2031-06-24,18000.00,CE,NIFTY31JUN18000CE,0.00,0.00,0.00,10825.95,0.00,10825.95,24383.60,11503.40,0,0,0,0.00,0,F1,65,,,,,
2026-07-31,2026-07-31,FO,NSE,IDO,74657,,NIFTY,,2031-06-24,2031-06-24,30000.00,CE,NIFTY31JUN30000CE,0.00,0.00,0.00,4459.90,0.00,4459.90,24383.60,4906.45,0,0,0,0.00,0,F1,65,,,,,
2026-07-31,2026-07-31,FO,NSE,IDO,65351,,NIFTY,,2026-08-04,2026-08-04,21950.00,PE,NIFTY2680421950PE,0.95,1.35,0.85,1.05,1.15,0.95,24383.60,1.05,181220,154245,15182,21661898830.00,2695,F1,65,,,,,
2026-07-31,2026-07-31,FO,NSE,IDO,65532,,NIFTY,,2026-08-04,2026-08-04,23350.00,PE,NIFTY2680423350PE,2.15,3.50,2.15,2.75,2.90,3.35,24383.60,2.75,1383785,225420,231729,351750669744.50,49920,F1,65,,,,,
2026-07-31,2026-07-31,FO,NSE,IDO,40918,,NIFTY,,2026-08-11,2026-08-11,22250.00,PE,NIFTY2681122250PE,2.95,4.55,2.35,3.70,3.65,3.60,24383.60,3.70,6825,-260,259,374636658.50,179,F1,65,,,,,
2026-07-31,2026-07-31,FO,NSE,IDO,40890,,NIFTY,,2026-08-11,2026-08-11,21700.00,PE,NIFTY2681121700PE,2.50,3.40,2.40,3.00,3.20,3.05,24383.60,3.00,64480,6435,674,950800672.25,256,F1,65,,,,,
2026-07-31,2026-07-31,FO,NSE,IDO,65943,,NIFTY,,2026-08-04,2026-08-04,25500.00,PE,NIFTY2680425500PE,1119.15,1182.00,1086.95,1111.40,1126.50,1210.15,24383.60,1111.40,216450,24960,580,1004112044.00,542,F1,65,,,,,
2026-07-31,2026-07-31,FO,NSE,IDO,66007,,NIFTY,,2026-08-04,2026-08-04,25750.00,PE,NIFTY2680425750PE,0.00,0.00,0.00,1822.00,0.00,1822.00,24383.60,1349.35,0,0,0,0.00,0,F1,65,,,,,
2026-07-31,2026-07-31,FO,NSE,IDO,61898,,NIFTY,,2026-08-25,2026-08-25,25000.00,PE,NIFTY26AUG25000PE,687.60,687.60,584.35,612.05,623.00,699.30,24383.60,612.05,2056665,-40495,6526,10866538816.25,4722,F1,65,,,,,
2026-07-31,2026-07-31,FO,NSE,IDO,61719,,NIFTY,,2026-08-25,2026-08-25,24350.00,PE,NIFTY26AUG24350PE,241.50,266.70,212.85,223.40,229.00,283.00,24383.60,223.40,128830,48490,7481,11955129995.25,5398,F1,65,,,,,
2026-07-31,2026-07-31,FO,NSE,IDO,61408,,NIFTY,,2026-08-25,2026-08-25,22650.00,PE,NIFTY26AUG22650PE,12.60,15.95,11.70,14.15,14.45,15.65,24383.60,14.15,20865,-11700,1520,2239225907.75,1281,F1,65,,,,,
2026-07-31,2026-07-31,FO,NSE,IDO,61367,,NIFTY,,2026-08-25,2026-08-25,22200.00,PE,NIFTY26AUG22200PE,8.80,10.20,7.70,9.10,9.45,10.25,24383.60,9.10,170690,-9750,2385,3442955971.00,1393,F1,65,,,,,
2026-07-31,2026-07-31,FO,NSE,IDO,61357,,NIFTY,,2026-08-25,2026-08-25,22100.00,PE,NIFTY26AUG22100PE,8.40,9.70,7.75,8.75,9.20,9.85,24383.60,8.75,48035,-13975,841,1208571149.50,466,F1,65,,,,,
2026-07-31,2026-07-31,FO,NSE,IDO,61174,,NIFTY,,2026-08-25,2026-08-25,21350.00,PE,NIFTY26AUG21350PE,0.00,0.00,0.00,6.05,6.05,6.05,24383.60,0.25,2015,0,0,0.00,0,F1,65,,,,,
2026-07-31,2026-07-31,FO,NSE,IDO,61153,,NIFTY,,2026-08-25,2026-08-25,21200.00,PE,NIFTY26AUG21200PE,5.35,6.30,4.95,5.90,6.00,6.25,24383.60,5.90,696605,63115,4664,6428708971.75,1221,F1,65,,,,,
2026-07-31,2026-07-31,FO,NSE,IDO,45199,,NIFTY,,2026-08-18,2026-08-18,25950.00,PE,NIFTY2681825950PE,0.00,0.00,0.00,1804.45,0.00,1804.45,24383.60,1510.50,0,0,0,0.00,0,F1,65,,,,,
2026-07-31,2026-07-31,FO,NSE,IDO,45169,,NIFTY,,2026-08-18,2026-08-18,25450.00,PE,NIFTY2681825450PE,0.00,0.00,0.00,1367.80,0.00,1367.80,24383.60,1057.10,0,0,0,0.00,0,F1,65,,,,,
2026-07-31,2026-07-31,FO,NSE,IDO,45165,,NIFTY,,2026-08-18,2026-08-18,25350.00,PE,NIFTY2681825350PE,0.00,0.00,0.00,1285.35,0.00,1285.35,24383.60,972.30,0,0,0,0.00,0,F1,65,,,,,
2026-07-31,2026-07-31,FO,NSE,IDO,45141,,NIFTY,,2026-08-18,2026-08-18,24800.00,PE,NIFTY2681824800PE,490.00,505.50,430.00,451.20,456.50,521.75,24383.60,451.20,4030,3575,120,197080832.00,92,F1,65,,,,,
2026-07-31,2026-07-31,FO,NSE,IDO,45105,,NIFTY,,2026-08-18,2026-08-18,24350.00,PE,NIFTY2681824350PE,233.00,233.00,180.00,190.15,194.00,248.10,24383.60,190.15,114075,101335,3277,5229901131.00,2209,F1,65,,,,,
2026-07-31,2026-07-31,FO,NSE,IDO,45044,,NIFTY,,2026-08-18,2026-08-18,23050.00,PE,NIFTY2681823050PE,12.80,14.25,12.40,13.70,13.90,15.80,24383.60,13.70,6955,325,86,128925338.75,56,F1,65,,,,,
2026-07-31,2026-07-31,FO,NSE,IDO,65673,,NIFTY,,2026-08-04,2026-08-04,23500.00,PE,NIFTY2680423500PE,3.30,4.20,2.85,3.35,3.55,4.45,24383.60,3.35,7576920,809835,805349,1230357271253.50,149904,F1,65,,,,,
2026-07-31,2026-07-31,FO,NSE,IDO,65685,,NIFTY,,2026-08-04,2026-08-04,23800.00,PE,NIFTY2680423800PE,8.00,9.05,4.95,5.85,6.20,11.20,24383.60,5.85,5989425,-71305,822197,1272296760371.00,175191,F1,65,,,,,
2026-07-31,2026-07-31,FO,NSE,IDO,65696,,NIFTY,,2026-08-04,2026-08-04,24050.00,PE,NIFTY2680424050PE,23.55,29.35,11.75,13.65,14.15,35.70,24383.60,13.65,3166865,168090,776366,1214541347825.00,219016,F1,65,,,,,
2026-07-31,2026-07-31,FO,NSE,IDO,65807,,NIFTY,,2026-08-04,2026-08-04,24250.00,PE,NIFTY2680424250PE,81.40,81.40,35.35,40.05,41.90,93.20,24383.60,40.05,7333820,2679235,1907960,3013695550173.75,735052,F1,65,,,,,
2026-07-31,2026-07-31,FO,NSE,IDO,65809,,NIFTY,,2026-08-04,2026-08-04,24300.00,PE,NIFTY2680424300PE,97.00,99.50,48.25,53.80,56.00,115.50,24383.60,53.80,9853870,3898635,4693660,7433972529145.50,1721020,F1,65,,,,,
2026-07-31,2026-07-31,FO,NSE,IDO,45038,,NIFTY,,2026-08-18,2026-08-18,22950.00,PE,NIFTY2681822950PE,11.35,12.75,10.80,12.10,12.40,14.10,24383.60,12.10,7280,1170,85,126864806.25,55,F1,65,,,,,
2026-07-31,2026-07-31,FO,NSE,IDO,44984,,NIFTY,,2026-08-18,2026-08-18,22000.00,PE,NIFTY2681822000PE,5.55,6.90,5.00,6.00,6.00,5.95,24383.60,6.00,91065,17030,1224,1750786599.25,534,F1,65,,,,,
2026-07-31,2026-07-31,FO,NSE,IDO,41094,,NIFTY,,2026-08-11,2026-08-11,26150.00,PE,NIFTY2681126150PE,0.00,0.00,0.00,1672.30,0.00,1672.30,24383.60,1720.80,0,0,0,0.00,0,F1,65,,,,,
2026-07-31,2026-07-31,FO,NSE,IDO,41074,,NIFTY,,2026-08-11,2026-08-11,25850.00,PE,NIFTY2681125850PE,0.00,0.00,0.00,1412.80,0.00,1412.80,24383.60,1426.10,0,0,0,0.00,0,F1,65,,,,,
2026-07-31,2026-07-31,FO,NSE,IDO,41070,,NIFTY,,2026-08-11,2026-08-11,25750.00,PE,NIFTY2681125750PE,0.00,0.00,0.00,1329.60,0.00,1329.60,24383.60,1329.20,0,0,0,0.00,0,F1,65,,,,,
2026-07-31,2026-07-31,FO,NSE,IDO,41062,,NIFTY,,2026-08-11,2026-08-11,25600.00,PE,NIFTY2681125600PE,1180.00,1180.00,1170.00,1170.00,1170.00,1208.35,24383.60,1185.75,195,195,3,5221450.00,3,F1,65,,,,,
2026-07-31,2026-07-31,FO,NSE,IDO,41044,,NIFTY,,2026-08-11,2026-08-11,25150.00,PE,NIFTY2681125150PE,0.00,0.00,0.00,884.05,884.05,884.05,24383.60,779.80,65,0,0,0.00,0,F1,65,,,,,
2026-07-31,2026-07-31,FO,NSE,IDO,40972,,NIFTY,,2026-08-11,2026-08-11,23550.00,PE,NIFTY2681123550PE,21.35,21.35,11.40,14.50,15.35,20.35,24383.60,14.50,147095,-5200,8690,13310570039.00,5633,F1,65,,,,,
2026-07-31,2026-07-31,FO,NSE,IDO,40921,,NIFTY,,2026-08-11,2026-08-11,22350.00,CE,NIFTY2681122350CE,0.00,0.00,0.00,2196.15,0.00,2196.15,24383.60,2074.80,0,0,0,0.00,0,F1,65,,,,,
2026-07-31,2026-07-31,FO,NSE,IDO,65940,,NIFTY,,2026-08-04,2026-08-04,25450.00,CE,NIFTY2680425450CE,0.65,1.05,0.65,0.70,0.70,0.70,24383.60,0.70,314080,27105,26982,44636424950.00,4705,F1,65,,,,,
2026-07-31,2026-07-31,FO,NSE,IDO,45140,,NIFTY,,2026-08-18,2026-08-18,24800.00,CE,NIFTY2681824800CE,73.80,86.60,64.95,74.40,72.40,66.30,24383.60,74.40,261885,75465,6918,11184912118.25,4534,F1,65,,,,,
2026-07-31,2026-07-31,FO,NSE,IDO,45180,,NIFTY,,2026-08-18,2026-08-18,25600.00,CE,NIFTY2681825600CE,4.70,5.95,3.80,4.95,4.60,4.45,24383.60,4.95,20410,-130,268,446039269.00,184,F1,65,,,,,
2026-07-31,2026-07-31,FO,NSE,IDO,61148,,NIFTY,,2026-08-25,2026-08-25,21200.00,CE,NIFTY26AUG21200CE,3200.00,3251.40,3200.00,3251.40,3251.40,3120.40,24383.60,3272.00,9815,195,3,4764591.00,3,F1,65,,,,,
2026-07-31,2026-07-31,FO,NSE,IDO,61342,,NIFTY,,2026-08-25,2026-08-25,21800.00,CE,NIFTY26AUG21800CE,0.00,0.00,0.00,2490.00,2490.00,2490.00,24383.60,2675.60,130,0,0,0.00,0,F1,65,,,,,
2026-07-31,2026-07-31,FO,NSE,IDO,61430,,NIFTY,,2026-08-25,2026-08-25,23050.00,CE,NIFTY26AUG23050CE,0.00,0.00,0.00,1055.95,1055.95,1055.95,24383.60,1469.25,715,0,0,0.00,0,F1,65,,,,,
2026-07-31,2026-07-31,FO,NSE,IDO,61519,,NIFTY,,2026-08-25,2026-08-25,23650.00,CE,NIFTY26AUG23650CE,823.85,887.20,823.85,855.00,855.00,799.40,24383.60,855.00,11310,-390,14,22299725.50,14,F1,65,,,,,
2026-07-31,2026-07-31,FO,NSE,IDO,61536,,NIFTY,,2026-08-25,2026-08-25,23850.00,CE,NIFTY26AUG23850CE,660.80,717.65,638.95,683.40,683.40,628.45,24383.60,810.05,21060,-520,34,54220452.00,33,F1,65,,,,,
2026-07-31,2026-07-31,FO,NSE,IDO,61605,,NIFTY,,2026-08-25,2026-08-25,24050.00,CE,NIFTY26AUG24050CE,523.00,560.00,486.20,525.05,517.60,480.70,24383.60,525.05,44005,-9035,289,461673702.75,239,F1,65,,,,,
2026-07-31,2026-07-31,FO,NSE,IDO,61720,,NIFTY,,2026-08-25,2026-08-25,24400.00,CE,NIFTY26AUG24400CE,289.95,322.60,268.05,295.55,290.75,269.20,24383.60,295.55,1234935,479115,38840,62353280476.50,26168,F1,65,,,,,
2026-07-31,2026-07-31,FO,NSE,IDO,45110,,NIFTY,,2026-08-18,2026-08-18,24500.00,CE,NIFTY2681824500CE,182.45,202.90,147.05,181.35,175.00,160.40,24383.60,181.35,216450,82420,6950,11149879991.25,4448,F1,65,,,,,
2026-07-31,2026-07-31,FO,NSE,IDO,45037,,NIFTY,,2026-08-18,2026-08-18,22950.00,CE,NIFTY2681822950CE,0.00,0.00,0.00,1337.60,0.00,1337.60,24383.60,1518.00,0,0,0,0.00,0,F1,65,,,,,
2026-07-31,2026-07-31,FO,NSE,IDO,45025,,NIFTY,,2026-08-18,2026-08-18,22750.00,CE,NIFTY2681822750CE,0.00,0.00,0.00,1507.45,0.00,1507.45,24383.60,1710.35,0,0,0,0.00,0,F1,65,,,,,
2026-07-31,2026-07-31,FO,NSE,IDO,61980,,NIFTY,,2026-08-25,2026-08-25,25600.00,PE,NIFTY26AUG25600PE,1185.00,1185.00,1114.05,1151.45,1155.55,1236.10,24383.60,1151.45,18655,4615,104,180826477.00,82,F1,65,,,,,
2026-07-31,2026-07-31,FO,NSE,IDO,46934,,NIFTY,,2026-09-01,2026-09-01,22700.00,PE,NIFTY2690122700PE,20.45,20.45,20.30,20.35,20.30,25.15,24383.60,20.35,650,325,5,7384107.25,3,F1,65,,,,,
2026-07-31,2026-07-31,FO,NSE,IDO,46964,,NIFTY,,2026-09-01,2026-09-01,23450.00,PE,NIFTY2690123450PE,0.00,0.00,0.00,208.05,0.00,208.05,24383.60,117.30,0,0,0,0.00,0,F1,65,,,,,
2026-07-31,2026-07-31,FO,NSE,IDO,46966,,NIFTY,,2026-09-01,2026-09-01,23500.00,PE,NIFTY2690123500PE,69.35,74.95,62.85,64.00,65.00,81.70,24383.60,64.00,11895,910,117,179229479.00,83,F1,65,,,,,
2026-07-31,2026-07-31,FO,NSE,IDO,46970,,NIFTY,,2026-09-01,2026-09-01,23600.00,PE,NIFTY2690123600PE,81.20,85.95,73.15,74.35,74.95,97.30,24383.60,74.35,4745,325,71,109271058.00,48,F1,65,,,,,
2026-07-31,2026-07-31,FO,NSE,IDO,47014,,NIFTY,,2026-09-01,2026-09-01,24700.00,PE,NIFTY2690124700PE,481.00,481.00,422.60,431.90,433.15,494.00,24383.60,431.90,325,260,5,8170451.25,4,F1,65,,,,,
2026-07-31,2026-07-31,FO,NSE,IDO,47040,,NIFTY,,2026-09-01,2026-09-01,25350.00,PE,NIFTY2690125350PE,0.00,0.00,0.00,1189.00,0.00,1189.00,24383.60,1005.30,0,0,0,0.00,0,F1,65,,,,,
2026-07-31,2026-07-31,FO,NSE,IDO,47052,,NIFTY,,2026-09-01,2026-09-01,25650.00,PE,NIFTY2690125650PE,0.00,0.00,0.00,1426.15,0.00,1426.15,24383.60,1240.35,0,0,0,0.00,0,F1,65,,,,,
2026-07-31,2026-07-31,FO,NSE,IDO,65882,,NIFTY,,2026-09-29,2026-09-29,15000.00,PE,NIFTY26SEP15000PE,3.95,4.35,2.60,2.60,2.60,2.25,24383.60,2.60,54730,130,11,10727476.50,9,F1,65,,,,,
2026-07-31,2026-07-31,FO,NSE,IDO,73858,,NIFTY,,2026-09-29,2026-09-29,21900.00,PE,NIFTY26SEP21900PE,24.95,31.95,24.80,25.10,25.05,28.10,24383.60,25.10,42185,130,163,232305911.50,109,F1,65,,,,,
2026-07-31,2026-07-31,FO,NSE,IDO,55285,,NIFTY,,2026-09-29,2026-09-29,22500.00,PE,NIFTY26SEP22500PE,43.40,47.00,39.05,39.75,40.50,47.65,24383.60,39.75,1269970,60125,9104,13338882167.00,4473,F1,65,,,,,
2026-07-31,2026-07-31,FO,NSE,IDO,73890,,NIFTY,,2026-09-29,2026-09-29,22650.00,PE,NIFTY26SEP22650PE,49.80,50.80,44.70,47.45,48.25,53.85,24383.60,47.45,8840,-260,49,72295645.50,36,F1,65,,,,,
2026-07-31,2026-07-31,FO,NSE,IDO,65907,,NIFTY,,2026-09-29,2026-09-29,27000.00,PE,NIFTY26SEP27000PE,2420.00,2460.00,2350.00,2382.50,2386.00,2484.20,24383.60,2382.50,1428060,1735,260,496524863.25,221,F1,65,,,,,
2026-07-31,2026-07-31,FO,NSE,IDO,55291,,NIFTY,,2026-09-29,2026-09-29,31500.00,PE,NIFTY26SEP31500PE,0.00,0.00,0.00,4341.20,0.00,4341.20,24383.60,6774.55,0,0,0,0.00,0,F1,65,,,,,
2026-07-31,2026-07-31,FO,NSE,IDO,41076,,NIFTY,,2026-08-11,2026-08-11,25900.00,PE,NIFTY2681125900PE,0.00,0.00,0.00,2100.00,2100.00,2100.00,24383.60,1474.85,65,0,0,0.00,0,F1,65,,,,,
2026-07-31,2026-07-31,FO,NSE,IDO,41052,,NIFTY,,2026-08-11,2026-08-11,25350.00,PE,NIFTY2681125350PE,0.00,0.00,0.00,1016.70,0.00,1016.70,24383.60,954.50,0,0,0,0.00,0,F1,65,,,,,
2026-07-31,2026-07-31,FO,NSE,IDO,41048,,NIFTY,,2026-08-11,2026-08-11,25250.00,PE,NIFTY2681125250PE,0.00,0.00,0.00,985.30,985.30,985.30,24383.60,865.75,65,0,0,0.00,0,F1,65,,,,,
2026-07-31,2026-07-31,FO,NSE,IDO,41036,,NIFTY,,2026-08-11,2026-08-11,24950.00,PE,NIFTY2681124950PE,551.00,561.35,548.00,554.25,558.10,635.00,24383.60,554.25,2145,650,18,29840209.75,17,F1,65,,,,,
2026-07-31,2026-07-31,FO,NSE,IDO,41026,,NIFTY,,2026-08-11,2026-08-11,24750.00,PE,NIFTY2681124750PE,410.50,443.25,367.15,392.75,404.15,478.80,24383.60,392.75,13845,12350,547,894248449.25,385,F1,65,,,,,
2026-07-31,2026-07-31,FO,NSE,IDO,40962,,NIFTY,,2026-08-11,2026-08-11,23300.00,PE,NIFTY2681123300PE,8.60,10.70,7.75,9.70,10.40,11.15,24383.60,9.70,744185,255970,31508,47737707732.00,13751,F1,65,,,,,
2026-07-31,2026-07-31,FO,NSE,IDO,40886,,NIFTY,,2026-08-11,2026-08-11,21650.00,PE,NIFTY2681121650PE,2.35,3.25,2.25,3.05,3.05,3.05,24383.60,3.05,10530,2080,186,261782335.75,120,F1,65,,,,,
2026-07-31,2026-07-31,FO,NSE,IDO,65927,,NIFTY,,2026-08-04,2026-08-04,25200.00,PE,NIFTY2680425200PE,852.00,865.85,790.00,812.80,816.00,907.20,24383.60,812.80,26065,-1365,102,172496574.25,93,F1,65,,,,,
2026-07-31,2026-07-31,FO,NSE,IDO,65925,,NIFTY,,2026-08-04,2026-08-04,25150.00,PE,NIFTY2680425150PE,784.65,833.30,747.30,773.35,782.20,885.85,24383.60,773.35,1755,390,46,77535597.75,35,F1,65,,,,,
2026-07-31,2026-07-31,FO,NSE,IDO,65913,,NIFTY,,2026-08-04,2026-08-04,24900.00,PE,NIFTY2680424900PE,532.10,591.25,484.50,525.15,534.60,612.90,24383.60,525.15,35295,13845,2941,4859355224.75,2246,F1,65,,,,,
2026-07-31,2026-07-31,FO,NSE,IDO,65524,,NIFTY,,2026-08-04,2026-08-04,23150.00,PE,NIFTY2680423150PE,2.20,2.85,1.85,2.20,2.60,2.55,24383.60,2.20,2102230,573690,169377,254896412771.00,26707,F1,65,,,,,
2026-07-31,2026-07-31,FO,NSE,IDO,65446,,NIFTY,,2026-08-04,2026-08-04,22750.00,PE,NIFTY2680422750PE,3.15,3.15,1.15,1.70,1.95,1.55,24383.60,1.70,376740,38545,34853,51542640253.00,5199,F1,65,,,,,
2026-07-31,2026-07-31,FO,NSE,IDO,65436,,NIFTY,,2026-08-04,2026-08-04,22550.00,PE,NIFTY2680422550PE,1.05,1.80,1.05,1.50,1.60,1.35,24383.60,1.50,296660,176930,30188,44250946704.25,5453,F1,65,,,,,
2026-07-31,2026-07-31,FO,NSE,IDO,51327,,NIFTY,,2026-10-27,2026-10-27,22400.00,PE,NIFTY26OCT22400PE,62.75,69.20,56.60,60.15,60.35,71.05,24383.60,60.15,21320,21190,591,862875828.75,184,F1,65,,,,,
2026-07-31,2026-07-31,FO,NSE,IDO,51399,,NIFTY,,2026-10-27,2026-10-27,24100.00,PE,NIFTY26OCT24100PE,0.00,0.00,0.00,678.90,0.00,678.90,24383.60,498.30,0,0,0,0.00,0,F1,65,,,,,
2026-07-31,2026-07-31,FO,NSE,IDO,51401,,NIFTY,,2026-10-27,2026-10-27,24150.00,PE,NIFTY26OCT24150PE,0.00,0.00,0.00,702.15,0.00,702.15,24383.60,517.40,0,0,0,0.00,0,F1,65,,,,,
2026-07-31,2026-07-31,FO,NSE,IDO,51443,,NIFTY,,2026-10-27,2026-10-27,25050.00,PE,NIFTY26OCT25050PE,0.00,0.00,0.00,1202.15,0.00,1202.15,24383.60,943.65,0,0,0,0.00,0,F1,65,,,,,
2026-07-31,2026-07-31,FO,NSE,IDO,65432,,NIFTY,,2026-08-04,2026-08-04,22450.00,PE,NIFTY2680422450PE,0.90,1.70,0.90,1.40,1.70,1.25,24383.60,1.40,190190,93730,24833,36239790122.25,4215,F1,65,,,,,
2026-07-31,2026-07-31,FO,NSE,IDO,65424,,NIFTY,,2026-08-04,2026-08-04,22300.00,PE,NIFTY2680422300PE,1.05,1.55,0.90,1.30,1.35,1.10,24383.60,1.30,722800,286390,45224,65555815243.75,8450,F1,65,,,,,
2026-07-31,2026-07-31,FO,NSE,IDO,65245,,NIFTY,,2026-08-04,2026-08-04,21900.00,PE,NIFTY2680421900PE,0.95,1.35,0.75,1.00,1.15,0.95,24383.60,1.00,272480,90090,18930,26948053470.00,3367,F1,65,,,,,
2026-07-31,2026-07-31,FO,NSE,IDO,65167,,NIFTY,,2026-08-04,2026-08-04,21750.00,PE,NIFTY2680421750PE,0.90,1.25,0.65,0.95,1.15,0.85,24383.60,0.95,110305,87685,8424,11909897684.75,2202,F1,65,,,,,
2026-07-31,2026-07-31,FO,NSE,IDO,51451,,NIFTY,,2026-10-27,2026-10-27,25250.00,PE,NIFTY26OCT25250PE,0.00,0.00,0.00,1333.25,0.00,1333.25,24383.60,1059.45,0,0,0,0.00,0,F1,65,,,,,
2026-07-31,2026-07-31,FO,NSE,IDO,80191,,NIFTY,,2027-03-30,2027-03-30,16500.00,PE,NIFTY27MAR16500PE,0.00,0.00,0.00,38.00,38.00,38.00,24383.60,0.55,1625,0,0,0.00,0,F1,65,,,,,
2026-07-31,2026-07-31,FO,NSE,IDO,71550,,NIFTY,,2027-06-29,2027-06-29,19000.00,PE,NIFTY27JUN19000PE,0.00,0.00,0.00,195.00,195.00,195.00,24383.60,33.05,1135,0,0,0.00,0,F1,65,,,,,
2026-07-31,2026-07-31,FO,NSE,IDO,55373,,NIFTY,,2027-06-29,2027-06-29,19500.00,PE,NIFTY27JUN19500PE,0.00,0.00,0.00,17.30,0.00,17.30,24383.60,50.85,0,0,0,0.00,0,F1,65,,,,,
2026-07-31,2026-07-31,FO,NSE,IDO,53604,,NIFTY,,2027-12-28,2027-12-28,18000.00,PE,NIFTY27DEC18000PE,0.00,0.00,0.00,181.05,195.00,181.05,24383.60,33.65,11915,0,0,0.00,0,F1,65,,,,,
2026-07-31,2026-07-31,FO,NSE,IDO,53606,,NIFTY,,2027-12-28,2027-12-28,19000.00,PE,NIFTY27DEC19000PE,0.00,0.00,0.00,132.50,140.00,132.50,24383.60,69.55,1975,0,0,0.00,0,F1,65,,,,,
2026-07-31,2026-07-31,FO,NSE,IDO,53611,,NIFTY,,2027-12-28,2027-12-28,20000.00,PE,NIFTY27DEC20000PE,210.00,220.00,186.00,187.45,186.05,200.35,24383.60,187.45,32010,780,52,68263854.75,28,F1,65,,,,,
2026-07-31,2026-07-31,FO,NSE,IDO,55479,,NIFTY,,2028-06-27,2028-06-27,28500.00,PE,NIFTY28JUN28500PE,0.00,0.00,0.00,1560.85,0.00,1560.85,24383.60,2653.75,0,0,0,0.00,0,F1,65,,,,,
2026-07-31,2026-07-31,FO,NSE,IDO,67779,,NIFTY,,2028-12-26,2028-12-26,22000.00,PE,NIFTY28DEC22000PE,501.05,501.05,501.05,501.05,501.05,555.00,24383.60,501.05,8110,195,3,4387704.75,2,F1,65,,,,,
2026-07-31,2026-07-31,FO,NSE,IDO,55763,,NIFTY,,2030-12-31,2030-12-31,30000.00,PE,NIFTY30DEC30000PE,0.00,0.00,0.00,1450.10,0.00,1450.10,24383.60,2348.55,0,0,0,0.00,0,F1,65,,,,,
2026-07-31,2026-07-31,FO,NSE,IDO,74650,,NIFTY,,2031-06-24,2031-06-24,24000.00,PE,NIFTY31JUN24000PE,0.00,0.00,0.00,933.85,933.85,933.85,24383.60,726.65,65,0,0,0.00,0,F1,65,,,,,
2026-07-31,2026-07-31,FO,NSE,IDO,74652,,NIFTY,,2031-06-24,2031-06-24,25500.00,PE,NIFTY31JUN25500PE,0.00,0.00,0.00,1262.85,0.00,1262.85,24383.60,1004.95,0,0,0,0.00,0,F1,65,,,,,
2026-07-31,2026-07-31,FO,NSE,IDO,74656,,NIFTY,,2031-06-24,2031-06-24,28500.00,PE,NIFTY31JUN28500PE,0.00,0.00,0.00,2104.20,0.00,2104.20,24383.60,1734.40,0,0,0,0.00,0,F1,65,,,,,
2026-07-31,2026-07-31,FO,NSE,IDO,74660,,NIFTY,,2031-06-24,2031-06-24,30000.00,PE,NIFTY31JUN30000PE,0.00,0.00,0.00,2616.25,0.00,2616.25,24383.60,2188.90,0,0,0,0.00,0,F1,65,,,,,
2026-07-31,2026-07-31,FO,NSE,IDO,55698,,NIFTY,,2030-12-31,2030-12-31,18000.00,CE,NIFTY30DEC18000CE,0.00,0.00,0.00,12674.15,0.00,12674.15,24383.60,11079.10,0,0,0,0.00,0,F1,65,,,,,
2026-07-31,2026-07-31,FO,NSE,IDO,61748,,NIFTY,,2029-12-24,2029-12-24,24000.00,CE,NIFTY29DEC24000CE,0.00,0.00,0.00,7730.00,0.00,7730.00,24383.60,6056.40,0,0,0,0.00,0,F1,65,,,,,
2026-07-31,2026-07-31,FO,NSE,IDO,55566,,NIFTY,,2029-06-26,2029-06-26,31500.00,CE,NIFTY29JUN31500CE,0.00,0.00,0.00,2878.65,0.00,2878.65,24383.60,2127.35,0,0,0,0.00,0,F1,65,,,,,
2026-07-31,2026-07-31,FO,NSE,IDO,55526,,NIFTY,,2028-12-26,2028-12-26,31500.00,CE,NIFTY28DEC31500CE,0.00,0.00,0.00,2327.60,0.00,2327.60,24383.60,1590.20,0,0,0,0.00,0,F1,65,,,,,
2026-07-31,2026-07-31,FO,NSE,IDO,55520,,NIFTY,,2028-12-26,2028-12-26,22500.00,CE,NIFTY28DEC22500CE,0.00,0.00,0.00,7382.90,0.00,7382.90,24383.60,5743.15,0,0,0,0.00,0,F1,65,,,,,
2026-07-31,2026-07-31,FO,NSE,IDO,35352,,NIFTY,,2028-06-27,2028-06-27,30000.00,CE,NIFTY28JUN30000CE,0.00,0.00,0.00,2278.45,0.00,2278.45,24383.60,1453.00,0,0,0,0.00,0,F1,65,,,,,
2026-07-31,2026-07-31,FO,NSE,IDO,86151,,NIFTY,,2028-06-27,2028-06-27,24000.00,CE,NIFTY28JUN24000CE,0.00,0.00,0.00,3918.85,0.00,3918.85,24383.60,4098.95,0,0,0,0.00,0,F1,65,,,,,
2026-07-31,2026-07-31,FO,NSE,IDO,53603,,NIFTY,,2027-12-28,2027-12-28,18000.00,CE,NIFTY27DEC18000CE,0.00,0.00,0.00,6285.70,0.00,6285.70,24383.60,8027.00,0,0,0,0.00,0,F1,65,,,,,
2026-07-31,2026-07-31,FO,NSE,IDO,80249,,NIFTY,,2027-03-30,2027-03-30,19500.00,CE,NIFTY27MAR19500CE,0.00,0.00,0.00,4365.40,0.00,4365.40,24383.60,5750.55,0,0,0,0.00,0,F1,65,,,,,
2026-07-31,2026-07-31,FO,NSE,IDO,58642,,NIFTY,,2026-12-29,2026-12-29,19000.00,CE,NIFTY26DEC19000CE,5779.95,5804.60,5770.00,5790.00,5790.00,5715.00,24383.60,5790.00,57980,-195,5,8056470.50,5,F1,65,,,,,
2026-07-31,2026-07-31,FO,NSE,IDO,55322,,NIFTY,,2026-12-29,2026-12-29,16500.00,CE,NIFTY26DEC16500CE,0.00,0.00,0.00,10405.00,0.00,10405.00,24383.60,8330.70,0,0,0,0.00,0,F1,65,,,,,
2026-07-31,2026-07-31,FO,NSE,IDO,51454,,NIFTY,,2026-10-27,2026-10-27,25350.00,CE,NIFTY26OCT25350CE,0.00,0.00,0.00,417.40,0.00,417.40,24383.60,556.30,0,0,0,0.00,0,F1,65,,,,,
2026-07-31,2026-07-31,FO,NSE,IDO,51404,,NIFTY,,2026-10-27,2026-10-27,24250.00,CE,NIFTY26OCT24250CE,0.00,0.00,0.00,735.00,735.00,735.00,24383.60,1075.75,65,0,0,0.00,0,F1,65,,,,,
2026-07-31,2026-07-31,FO,NSE,IDO,51372,,NIFTY,,2026-10-27,2026-10-27,23500.00,CE,NIFTY26OCT23500CE,1340.00,1380.00,1292.70,1354.00,1354.00,1295.80,24383.60,1354.00,11505,910,101,163076826.25,75,F1,65,,,,,
2026-07-31,2026-07-31,FO,NSE,IDO,65929,,NIFTY,,2026-09-29,2026-09-29,33000.00,CE,NIFTY26SEP33000CE,1.45,1.75,1.20,1.75,1.75,1.45,24383.60,1.75,28535,-455,24,51481976.00,11,F1,65,,,,,
2026-07-31,2026-07-31,FO,NSE,IDO,74370,,NIFTY,,2026-09-29,2026-09-29,25150.00,CE,NIFTY26SEP25150CE,184.00,199.90,180.00,191.85,191.00,178.10,24383.60,191.85,60710,11245,293,482610264.50,185,F1,65,,,,,
2026-07-31,2026-07-31,FO,NSE,IDO,74116,,NIFTY,,2026-09-29,2026-09-29,24450.00,CE,NIFTY26SEP24450CE,496.75,528.00,474.35,509.95,506.75,477.35,24383.60,509.95,7865,0,65,105432811.25,51,F1,65,,,,,
2026-07-31,2026-07-31,FO,NSE,IDO,74060,,NIFTY,,2026-09-29,2026-09-29,24050.00,CE,NIFTY26SEP24050CE,0.00,0.00,0.00,700.00,700.00,700.00,24383.60,991.00,4810,0,0,0.00,0,F1,65,,,,,
2026-07-31,2026-07-31,FO,NSE,IDO,74003,,NIFTY,,2026-09-29,2026-09-29,23600.00,CE,NIFTY26SEP23600CE,1103.45,1137.75,1080.10,1121.00,1121.00,993.70,24383.60,1294.75,5070,0,10,16052913.50,10,F1,65,,,,,
2026-07-31,2026-07-31,FO,NSE,IDO,73923,,NIFTY,,2026-09-29,2026-09-29,23300.00,CE,NIFTY26SEP23300CE,1345.00,1345.05,1345.00,1345.05,1345.05,1103.00,24383.60,1519.20,1170,0,2,3203853.25,2,F1,65,,,,,
2026-07-31,2026-07-31,FO,NSE,IDO,73904,,NIFTY,,2026-09-29,2026-09-29,23050.00,CE,NIFTY26SEP23050CE,1598.00,1601.70,1598.00,1601.70,1601.70,1394.20,24383.60,1719.45,390,-260,4,6409201.50,3,F1,65,,,,,
2026-07-31,2026-07-31,FO,NSE,IDO,73889,,NIFTY,,2026-09-29,2026-09-29,22650.00,CE,NIFTY26SEP22650CE,0.00,0.00,0.00,1410.05,1410.05,1410.05,24383.60,2059.90,325,0,0,0.00,0,F1,65,,,,,
2026-07-31,2026-07-31,FO,NSE,IDO,73867,,NIFTY,,2026-09-29,2026-09-29,22050.00,CE,NIFTY26SEP22050CE,0.00,0.00,0.00,2284.20,0.00,2284.20,24383.60,2605.70,0,0,0,0.00,0,F1,65,,,,,
2026-07-31,2026-07-31,FO,NSE,IDO,47063,,NIFTY,,2026-09-01,2026-09-01,25950.00,CE,NIFTY2690125950CE,0.00,0.00,0.00,97.35,0.00,97.35,24383.60,78.75,0,0,0,0.00,0,F1,65,,,,,
2026-07-31,2026-07-31,FO,NSE,IDO,47061,,NIFTY,,2026-09-01,2026-09-01,25900.00,CE,NIFTY2690125900CE,10.45,11.70,9.65,11.10,10.40,10.00,24383.60,11.10,11375,3315,146,245891516.00,102,F1,65,,,,,
2026-07-31,2026-07-31,FO,NSE,IDO,47057,,NIFTY,,2026-09-01,2026-09-01,25800.00,CE,NIFTY2690125800CE,0.00,0.00,0.00,118.10,0.00,118.10,24383.60,98.75,0,0,0,0.00,0,F1,65,,,,,
2026-07-31,2026-07-31,FO,NSE,IDO,47025,,NIFTY,,2026-09-01,2026-09-01,25000.00,CE,NIFTY2690125000CE,103.00,114.00,93.00,103.05,103.70,95.35,24383.60,103.05,55120,21775,894,1458790235.50,656,F1,65,,,,,
2026-07-31,2026-07-31,FO,NSE,IDO,47001,,NIFTY,,2026-09-01,2026-09-01,24400.00,CE,NIFTY2690124400CE,350.00,370.45,328.90,353.55,350.00,321.30,24383.60,353.55,2925,2405,119,191464000.00,75,F1,65,,,,,
2026-07-31,2026-07-31,FO,NSE,IDO,46999,,NIFTY,,2026-09-01,2026-09-01,24350.00,CE,NIFTY2690124350CE,410.65,411.90,376.50,381.00,376.50,556.30,24383.60,381.00,260,260,14,22518619.50,8,F1,65,,,,,
2026-07-31,2026-07-31,FO,NSE,IDO,46995,,NIFTY,,2026-09-01,2026-09-01,24250.00,CE,NIFTY2690124250CE,427.30,458.65,427.30,450.00,450.00,406.30,24383.60,450.00,715,0,6,9629659.00,6,F1,65,,,,,
2026-07-31,2026-07-31,FO,NSE,IDO,46985,,NIFTY,,2026-09-01,2026-09-01,24000.00,CE,NIFTY2690124000CE,610.00,645.00,575.00,615.75,617.75,571.00,24383.60,615.75,8840,260,66,105634054.50,39,F1,65,,,,,
2026-07-31,2026-07-31,FO,NSE,IDO,61866,,NIFTY,,2026-08-25,2026-08-25,24950.00,PE,NIFTY26AUG24950PE,555.00,590.25,555.00,575.45,590.25,892.90,24383.60,575.45,2275,715,55,91244536.50,48,F1,65,,,,,
2026-07-31,2026-07-31,FO,NSE,IDO,46959,,NIFTY,,2026-09-01,2026-09-01,23350.00,CE,NIFTY2690123350CE,0.00,0.00,0.00,1182.50,0.00,1182.50,24383.60,1268.75,0,0,0,0.00,0,F1,65,,,,,
2026-07-31,2026-07-31,FO,NSE,IDO,61913,,NIFTY,,2026-08-25,2026-08-25,25100.00,CE,NIFTY26AUG25100CE,52.20,57.25,45.10,49.70,48.85,47.60,24383.60,49.70,814190,114205,15006,24531115924.25,9890,F1,65,,,,,
2026-07-31,2026-07-31,FO,NSE,IDO,61855,,NIFTY,,2026-08-25,2026-08-25,24850.00,CE,NIFTY26AUG24850CE,106.20,115.60,93.25,101.95,99.60,96.95,24383.60,101.95,138450,23335,2719,4410139090.50,1914,F1,65,,,,,
2026-07-31,2026-07-31,FO,NSE,IDO,61610,,NIFTY,,2026-08-25,2026-08-25,24100.00,CE,NIFTY26AUG24100CE,471.60,522.90,450.55,493.10,487.55,447.60,24383.60,493.10,1600300,-132730,8509,13598811170.75,6123,F1,65,,,,,
2026-07-31,2026-07-31,FO,NSE,IDO,61499,,NIFTY,,2026-08-25,2026-08-25,23500.00,CE,NIFTY26AUG23500CE,966.05,1026.05,927.15,994.40,985.10,916.45,24383.60,994.40,551070,9945,2048,3259702000.75,1521,F1,65,,,,,
2026-07-31,2026-07-31,FO,NSE,IDO,61493,,NIFTY,,2026-08-25,2026-08-25,23450.00,CE,NIFTY26AUG23450CE,0.00,0.00,0.00,906.30,906.30,906.30,24383.60,1120.40,2340,0,0,0.00,0,F1,65,,,,,
2026-07-31,2026-07-31,FO,NSE,IDO,61422,,NIFTY,,2026-08-25,2026-08-25,22850.00,CE,NIFTY26AUG22850CE,0.00,0.00,0.00,1268.65,1268.65,1268.65,24383.60,1653.90,715,0,0,0.00,0,F1,65,,,,,
2026-07-31,2026-07-31,FO,NSE,IDO,61416,,NIFTY,,2026-08-25,2026-08-25,22800.00,CE,NIFTY26AUG22800CE,0.00,0.00,0.00,1523.75,1523.75,1523.75,24383.60,1700.85,7865,0,0,0.00,0,F1,65,,,,,
2026-07-31,2026-07-31,FO,NSE,IDO,61380,,NIFTY,,2026-08-25,2026-08-25,22400.00,CE,NIFTY26AUG22400CE,2099.15,2099.15,2067.80,2067.80,2067.80,1918.90,24383.60,2067.80,2145,-65,2,3182851.75,2,F1,65,,,,,
2026-07-31,2026-07-31,FO,NSE,IDO,61372,,NIFTY,,2026-08-25,2026-08-25,22250.00,CE,NIFTY26AUG22250CE,0.00,0.00,0.00,1585.40,1585.40,1585.40,24383.60,2231.40,65,0,0,0.00,0,F1,65,,,,,
2026-07-31,2026-07-31,FO,NSE,IDO,61366,,NIFTY,,2026-08-25,2026-08-25,22200.00,CE,NIFTY26AUG22200CE,0.00,0.00,0.00,1900.00,1900.00,1900.00,24383.60,2280.45,390,0,0,0.00,0,F1,65,,,,,
2026-07-31,2026-07-31,FO,NSE,IDO,61352,,NIFTY,,2026-08-25,2026-08-25,22000.00,CE,NIFTY26AUG22000CE,2401.10,2482.50,2375.25,2440.95,2438.35,2347.70,24383.60,2440.95,660920,6435,278,441375905.75,203,F1,65,,,,,
2026-07-31,2026-07-31,FO,NSE,IDO,45204,,NIFTY,,2026-08-18,2026-08-18,26050.00,CE,NIFTY2681826050CE,2.40,2.85,2.25,2.80,2.80,2.60,24383.60,2.80,1690,585,11,18627648.00,6,F1,65,,,,,
2026-07-31,2026-07-31,FO,NSE,IDO,45158,,NIFTY,,2026-08-18,2026-08-18,25250.00,CE,NIFTY2681825250CE,14.30,17.75,12.75,14.30,13.55,13.65,24383.60,14.30,7540,4615,382,627323482.50,174,F1,65,,,,,
2026-07-31,2026-07-31,FO,NSE,IDO,45142,,NIFTY,,2026-08-18,2026-08-18,24850.00,CE,NIFTY2681824850CE,112.80,112.80,61.75,63.05,61.90,250.30,24383.60,63.05,7930,7930,282,456698950.50,148,F1,65,,,,,
2026-07-31,2026-07-31,FO,NSE,IDO,45108,,NIFTY,,2026-08-18,2026-08-18,24450.00,CE,NIFTY2681824450CE,206.50,229.20,182.00,206.05,201.65,180.95,24383.60,206.05,19435,9945,605,969661751.50,485,F1,65,,,,,
2026-07-31,2026-07-31,FO,NSE,IDO,45094,,NIFTY,,2026-08-18,2026-08-18,24100.00,CE,NIFTY2681824100CE,422.25,453.65,385.85,424.45,422.45,378.20,24383.60,424.45,68835,-1625,540,860875473.25,461,F1,65,,,,,
2026-07-31,2026-07-31,FO,NSE,IDO,45045,,NIFTY,,2026-08-18,2026-08-18,23100.00,CE,NIFTY2681823100CE,0.00,0.00,0.00,1193.70,1193.70,1193.70,24383.60,1376.60,130,0,0,0.00,0,F1,65,,,,,
2026-07-31,2026-07-31,FO,NSE,IDO,45007,,NIFTY,,2026-08-18,2026-08-18,22400.00,CE,NIFTY2681822400CE,0.00,0.00,0.00,1820.55,0.00,1820.55,24383.60,2053.40,0,0,0,0.00,0,F1,65,,,,,
2026-07-31,2026-07-31,FO,NSE,IDO,44993,,NIFTY,,2026-08-18,2026-08-18,22200.00,CE,NIFTY2681822200CE,0.00,0.00,0.00,2006.50,0.00,2006.50,24383.60,2251.40,0,0,0,0.00,0,F1,65,,,,,
2026-07-31,2026-07-31,FO,NSE,IDO,41043,,NIFTY,,2026-08-11,2026-08-11,25150.00,CE,NIFTY2681125150CE,5.30,7.30,4.60,5.35,5.25,4.95,24383.60,5.35,102635,17940,10369,16954446011.75,5296,F1,65,,,,,
2026-07-31,2026-07-31,FO,NSE,IDO,40957,,NIFTY,,2026-08-11,2026-08-11,23200.00,CE,NIFTY2681123200CE,1159.75,1178.00,1159.75,1178.00,1178.00,1119.55,24383.60,1236.60,4420,0,3,4752523.75,2,F1,65,,,,,
2026-07-31,2026-07-31,FO,NSE,IDO,40931,,NIFTY,,2026-08-11,2026-08-11,22550.00,CE,NIFTY2681122550CE,0.00,0.00,0.00,2006.75,0.00,2006.75,24383.60,1875.55,0,0,0,0.00,0,F1,65,,,,,
2026-07-31,2026-07-31,FO,NSE,IDO,40923,,NIFTY,,2026-08-11,2026-08-11,22400.00,CE,NIFTY2681122400CE,0.00,0.00,0.00,2148.50,0.00,2148.50,24383.60,2024.95,0,0,0,0.00,0,F1,65,,,,,
2026-07-31,2026-07-31,FO,NSE,IDO,65926,,NIFTY,,2026-08-04,2026-08-04,25200.00,CE,NIFTY2680425200CE,0.85,1.40,0.80,0.85,0.85,0.90,24383.60,0.85,4090450,845455,396083,648810165081.00,57158,F1,65,,,,,
2026-07-31,2026-07-31,FO,NSE,IDO,65910,,NIFTY,,2026-08-04,2026-08-04,24850.00,CE,NIFTY2680424850CE,2.30,4.25,1.40,2.35,1.75,2.10,24383.60,2.35,2193750,564525,574619,928262075055.25,95793,F1,65,,,,,
2026-07-31,2026-07-31,FO,NSE,IDO,65680,,NIFTY,,2026-08-04,2026-08-04,23700.00,CE,NIFTY2680423700CE,658.25,723.00,614.55,685.70,670.00,596.15,24383.60,685.70,228670,-40040,2303,3649301340.75,1749,F1,65,,,,,
2026-07-31,2026-07-31,FO,NSE,IDO,65449,,NIFTY,,2026-08-04,2026-08-04,22850.00,CE,NIFTY2680422850CE,0.00,0.00,0.00,1385.90,1385.90,1385.90,24383.60,1548.85,65,0,0,0.00,0,F1,65,,,,,
2026-07-31,2026-07-31,FO,NSE,IDO,65437,,NIFTY,,2026-08-04,2026-08-04,22600.00,CE,NIFTY2680422600CE,0.00,0.00,0.00,1491.15,0.00,1491.15,24383.60,1798.70,0,0,0,0.00,0,F1,65,,,,,
2026-07-31,2026-07-31,FO,NSE,IDO,65423,,NIFTY,,2026-08-04,2026-08-04,22300.00,CE,NIFTY2680422300CE,0.00,0.00,0.00,1749.25,0.00,1749.25,24383.60,2098.50,0,0,0,0.00,0,F1,65,,,,,
2026-07-31,2026-07-31,FO,NSE,IDO,65244,,NIFTY,,2026-08-04,2026-08-04,21900.00,CE,NIFTY2680421900CE,0.00,0.00,0.00,2380.00,2380.00,2380.00,24383.60,2498.25,650,0,0,0.00,0,F1,65,,,,,
2026-07-31,2026-07-31,FO,NSE,IDF,68407,,NIFTY,,2026-09-29,2026-09-29,,,NIFTY26SEPFUT,24490.10,24600.00,24490.10,24567.50,24560.60,24474.30,24383.60,24567.50,1051310,22750,2622,4185525064.50,1888,F1,65,,,,,
2026-07-31,2026-07-31,FO,NSE,IDO,41082,,NIFTY,,2026-08-11,2026-08-11,26050.00,PE,NIFTY2681126050PE,0.00,0.00,0.00,1584.30,0.00,1584.30,24383.60,1622.10,0,0,0,0.00,0,F1,65,,,,,
2026-07-31,2026-07-31,FO,NSE,IDO,45004,,NIFTY,,2026-08-18,2026-08-18,22300.00,PE,NIFTY2681822300PE,5.25,6.75,5.25,6.40,6.20,6.30,24383.60,6.40,12090,1235,70,101492332.50,31,F1,65,,,,,
2026-07-31,2026-07-31,FO,NSE,IDO,45042,,NIFTY,,2026-08-18,2026-08-18,23000.00,PE,NIFTY2681823000PE,12.00,13.90,11.50,13.15,13.80,14.90,24383.60,13.15,223535,55510,3350,5011034366.00,1560,F1,65,,,,,
2026-07-31,2026-07-31,FO,NSE,IDO,61410,,NIFTY,,2026-08-25,2026-08-25,22700.00,PE,NIFTY26AUG22700PE,15.00,16.75,13.45,14.70,14.65,16.80,24383.60,14.70,427570,-39455,6230,9198542830.75,4076,F1,65,,,,,
2026-07-31,2026-07-31,FO,NSE,IDO,61423,,NIFTY,,2026-08-25,2026-08-25,22850.00,PE,NIFTY26AUG22850PE,17.00,20.20,16.15,17.25,17.85,20.25,24383.60,17.25,25285,-11895,3742,5562224421.00,3524,F1,65,,,,,
2026-07-31,2026-07-31,FO,NSE,IDO,61934,,NIFTY,,2026-08-25,2026-08-25,25250.00,PE,NIFTY26AUG25250PE,0.00,0.00,0.00,1736.20,1736.20,1736.20,24383.60,915.40,65,0,0,0.00,0,F1,65,,,,,
2026-07-31,2026-07-31,FO,NSE,IDO,73883,,NIFTY,,2026-09-29,2026-09-29,22450.00,CE,NIFTY26SEP22450CE,0.00,0.00,0.00,1843.95,1843.95,1843.95,24383.60,2237.85,65,0,0,0.00,0,F1,65,,,,,
2026-07-31,2026-07-31,FO,NSE,IDO,73885,,NIFTY,,2026-09-29,2026-09-29,22550.00,CE,NIFTY26SEP22550CE,0.00,0.00,0.00,1786.75,1786.75,1786.75,24383.60,2148.30,260,0,0,0.00,0,F1,65,,,,,
2026-07-31,2026-07-31,FO,NSE,IDO,73891,,NIFTY,,2026-09-29,2026-09-29,22700.00,CE,NIFTY26SEP22700CE,0.00,0.00,0.00,1580.85,1580.85,1580.85,24383.60,2016.15,520,0,0,0.00,0,F1,65,,,,,
2026-07-31,2026-07-31,FO,NSE,IDO,73908,,NIFTY,,2026-09-29,2026-09-29,23150.00,CE,NIFTY26SEP23150CE,0.00,0.00,0.00,1302.00,1302.00,1302.00,24383.60,1638.10,585,0,0,0.00,0,F1,65,,,,,
2026-07-31,2026-07-31,FO,NSE,IDO,74642,,NIFTY,,2031-06-24,2031-06-24,18000.00,PE,NIFTY31JUN18000PE,0.00,0.00,0.00,173.45,0.00,173.45,24383.60,119.45,0,0,0,0.00,0,F1,65,,,,,
2026-07-31,2026-07-31,FO,NSE,IDO,61773,,NIFTY,,2029-12-24,2029-12-24,25000.00,PE,NIFTY29DEC25000PE,0.00,0.00,0.00,1101.00,1101.00,1101.00,24383.60,1047.35,420,0,0,0.00,0,F1,65,,,,,
2026-07-31,2026-07-31,FO,NSE,IDO,55559,,NIFTY,,2029-06-26,2029-06-26,19500.00,PE,NIFTY29JUN19500PE,0.00,0.00,0.00,56.00,0.00,56.00,24383.60,179.65,0,0,0,0.00,0,F1,65,,,,,
2026-07-31,2026-07-31,FO,NSE,IDO,89613,,NIFTY,,2029-06-26,2029-06-26,18000.00,PE,NIFTY29JUN18000PE,0.00,0.00,0.00,118.45,0.00,118.45,24383.60,88.95,0,0,0,0.00,0,F1,65,,,,,
2026-07-31,2026-07-31,FO,NSE,IDO,55557,,NIFTY,,2029-06-26,2029-06-26,16500.00,PE,NIFTY29JUN16500PE,0.00,0.00,0.00,8.10,0.00,8.10,24383.60,38.55,0,0,0,0.00,0,F1,65,,,,,
2026-07-31,2026-07-31,FO,NSE,IDO,55527,,NIFTY,,2028-12-26,2028-12-26,31500.00,PE,NIFTY28DEC31500PE,0.00,0.00,0.00,2673.40,0.00,2673.40,24383.60,4051.65,0,0,0,0.00,0,F1,65,,,,,
2026-07-31,2026-07-31,FO,NSE,IDO,67783,,NIFTY,,2028-12-26,2028-12-26,24000.00,PE,NIFTY28DEC24000PE,879.95,879.95,856.05,856.05,856.05,879.95,24383.60,856.55,3770,0,8,12932913.50,4,F1,65,,,,,
2026-07-31,2026-07-31,FO,NSE,IDO,86164,,NIFTY,,2028-06-27,2028-06-27,27000.00,PE,NIFTY28JUN27000PE,0.00,0.00,0.00,2752.35,0.00,2752.35,24383.60,1927.00,0,0,0,0.00,0,F1,65,,,,,
2026-07-31,2026-07-31,FO,NSE,IDO,50984,,NIFTY,,2027-06-29,2027-06-29,27000.00,PE,NIFTY27JUN27000PE,0.00,0.00,0.00,6273.45,0.00,6273.45,24383.60,2151.05,0,0,0,0.00,0,F1,65,,,,,
2026-07-31,2026-07-31,FO,NSE,IDO,71548,,NIFTY,,2027-06-29,2027-06-29,18000.00,PE,NIFTY27JUN18000PE,0.00,0.00,0.00,220.00,220.00,220.00,24383.60,12.60,230,0,0,0.00,0,F1,65,,,,,
2026-07-31,2026-07-31,FO,NSE,IDO,80248,,NIFTY,,2027-03-30,2027-03-30,18000.00,PE,NIFTY27MAR18000PE,0.00,0.00,0.00,37.30,37.30,37.30,24383.60,4.75,65,0,0,0.00,0,F1,65,,,,,
2026-07-31,2026-07-31,FO,NSE,IDO,58649,,NIFTY,,2026-12-29,2026-12-29,22000.00,PE,NIFTY26DEC22000PE,103.70,106.95,96.00,97.35,98.80,109.60,24383.60,97.35,1580595,62660,5378,7725526659.50,2652,F1,65,,,,,
2026-07-31,2026-07-31,FO,NSE,IDO,58643,,NIFTY,,2026-12-29,2026-12-29,19000.00,PE,NIFTY26DEC19000PE,35.00,38.00,34.90,36.25,35.80,37.00,24383.60,36.25,612860,7995,962,1190323797.00,444,F1,65,,,,,
2026-07-31,2026-07-31,FO,NSE,IDO,51489,,NIFTY,,2026-10-27,2026-10-27,25950.00,PE,NIFTY26OCT25950PE,0.00,0.00,0.00,1842.30,0.00,1842.30,24383.60,1520.25,0,0,0,0.00,0,F1,65,,,,,
2026-07-31,2026-07-31,FO,NSE,IDO,51455,,NIFTY,,2026-10-27,2026-10-27,25350.00,PE,NIFTY26OCT25350PE,0.00,0.00,0.00,1401.30,0.00,1401.30,24383.60,1120.10,0,0,0,0.00,0,F1,65,,,,,
2026-07-31,2026-07-31,FO,NSE,IDO,51373,,NIFTY,,2026-10-27,2026-10-27,23500.00,PE,NIFTY26OCT23500PE,184.20,187.95,166.65,170.25,171.40,199.55,24383.60,170.25,144430,8450,1395,2146665745.25,964,F1,65,,,,,
2026-07-31,2026-07-31,FO,NSE,IDO,51321,,NIFTY,,2026-10-27,2026-10-27,22300.00,PE,NIFTY26OCT22300PE,56.25,56.25,54.00,54.35,54.35,145.35,24383.60,54.35,130,130,4,5812355.25,3,F1,65,,,,,
2026-07-31,2026-07-31,FO,NSE,IDO,74464,,NIFTY,,2026-09-29,2026-09-29,26150.00,PE,NIFTY26SEP26150PE,0.00,0.00,0.00,2098.20,0.00,2098.20,24383.60,1662.85,0,0,0,0.00,0,F1,65,,,,,
2026-07-31,2026-07-31,FO,NSE,IDO,74288,,NIFTY,,2026-09-29,2026-09-29,24550.00,PE,NIFTY26SEP24550PE,435.35,459.80,409.35,422.20,428.05,480.35,24383.60,422.20,12350,-325,53,86033083.50,41,F1,65,,,,,
2026-07-31,2026-07-31,FO,NSE,IDO,65901,,NIFTY,,2026-09-29,2026-09-29,24000.00,PE,NIFTY26SEP24000PE,250.10,260.95,200.10,225.45,230.00,266.30,24383.60,225.45,1930125,84150,10881,17138217073.25,7863,F1,65,,,,,
2026-07-31,2026-07-31,FO,NSE,IDO,74002,,NIFTY,,2026-09-29,2026-09-29,23550.00,PE,NIFTY26SEP23550PE,141.40,142.85,127.60,130.85,132.25,155.05,24383.60,130.85,18655,910,270,415679745.00,150,F1,65,,,,,
2026-07-31,2026-07-31,FO,NSE,IDO,73994,,NIFTY,,2026-09-29,2026-09-29,23500.00,PE,NIFTY26SEP23500PE,134.25,138.25,119.00,123.40,126.45,147.55,24383.60,123.40,948480,80470,10122,15544478511.25,5295,F1,65,,,,,
2026-07-31,2026-07-31,FO,NSE,IDO,47064,,NIFTY,,2026-09-01,2026-09-01,25950.00,PE,NIFTY2690125950PE,0.00,0.00,0.00,1679.00,0.00,1679.00,24383.60,1494.50,0,0,0,0.00,0,F1,65,,,,,
2026-07-31,2026-07-31,FO,NSE,IDO,47016,,NIFTY,,2026-09-01,2026-09-01,24750.00,PE,NIFTY2690124750PE,0.00,0.00,0.00,773.80,0.00,773.80,24383.60,602.90,0,0,0,0.00,0,F1,65,,,,,
2026-07-31,2026-07-31,FO,NSE,IDO,46978,,NIFTY,,2026-09-01,2026-09-01,23800.00,PE,NIFTY2690123800PE,112.60,122.15,101.05,104.60,104.50,135.80,24383.60,104.60,9230,4485,211,327885411.75,121,F1,65,,,,,
2026-07-31,2026-07-31,FO,NSE,IDO,46962,,NIFTY,,2026-09-01,2026-09-01,23400.00,PE,NIFTY2690123400PE,58.75,62.75,50.85,54.80,54.45,68.45,24383.60,54.80,5005,3055,188,286629391.75,94,F1,65,,,,,
2026-07-31,2026-07-31,FO,NSE,IDO,46950,,NIFTY,,2026-09-01,2026-09-01,23100.00,PE,NIFTY2690123100PE,0.00,0.00,0.00,129.75,0.00,129.75,24383.60,64.50,0,0,0,0.00,0,F1,65,,,,,
2026-07-31,2026-07-31,FO,NSE,IDO,46936,,NIFTY,,2026-09-01,2026-09-01,22750.00,PE,NIFTY2690122750PE,22.90,22.90,22.50,22.50,22.50,76.75,24383.60,32.75,195,195,3,4440686.25,3,F1,65,,,,,
2026-07-31,2026-07-31,FO,NSE,IDO,46916,,NIFTY,,2026-09-01,2026-09-01,22250.00,PE,NIFTY2690122250PE,0.00,0.00,0.00,56.00,56.00,56.00,24383.60,10.70,325,0,0,0.00,0,F1,65,,,,,
2026-07-31,2026-07-31,FO,NSE,IDO,62059,,NIFTY,,2026-08-25,2026-08-25,26250.00,PE,NIFTY26AUG26250PE,0.00,0.00,0.00,1985.00,1985.00,1985.00,24383.60,1783.45,130,0,0,0.00,0,F1,65,,,,,
2026-07-31,2026-07-31,FO,NSE,IDO,61978,,NIFTY,,2026-08-25,2026-08-25,25550.00,PE,NIFTY26AUG25550PE,0.00,0.00,0.00,1228.00,1228.00,1228.00,24383.60,1155.75,5395,0,0,0.00,0,F1,65,,,,,
2026-07-31,2026-07-31,FO,NSE,IDO,61944,,NIFTY,,2026-08-25,2026-08-25,25300.00,PE,NIFTY26AUG25300PE,912.40,912.65,840.75,868.40,870.05,987.70,24383.60,868.40,29900,1430,135,229775035.75,94,F1,65,,,,,
2026-07-31,2026-07-31,FO,NSE,IDO,61798,,NIFTY,,2026-08-25,2026-08-25,24750.00,PE,NIFTY26AUG24750PE,450.00,471.00,410.00,427.75,432.15,512.25,24383.60,427.75,16575,6825,384,628648601.75,382,F1,65,,,,,
2026-07-31,2026-07-31,FO,NSE,IDO,61417,,NIFTY,,2026-08-25,2026-08-25,22800.00,PE,NIFTY26AUG22800PE,16.55,19.45,15.15,16.05,16.35,18.95,24383.60,16.05,478530,42900,10491,15559229117.25,6893,F1,65,,,,,
2026-07-31,2026-07-31,FO,NSE,IDO,61398,,NIFTY,,2026-08-25,2026-08-25,22500.00,PE,NIFTY26AUG22500PE,12.60,13.20,10.55,11.95,12.05,13.25,24383.60,11.95,1480570,-22555,15297,22384097827.00,8699,F1,65,,,,,
2026-07-31,2026-07-31,FO,NSE,IDO,61379,,NIFTY,,2026-08-25,2026-08-25,22350.00,PE,NIFTY26AUG22350PE,10.35,11.70,9.30,10.40,10.85,11.55,24383.60,10.40,19045,-1105,439,638051921.00,284,F1,65,,,,,
2026-07-31,2026-07-31,FO,NSE,IDO,61355,,NIFTY,,2026-08-25,2026-08-25,22050.00,PE,NIFTY26AUG22050PE,8.15,9.10,7.40,8.50,8.40,9.10,24383.60,8.50,3250,-1105,87,124739280.25,44,F1,65,,,,,
2026-07-31,2026-07-31,FO,NSE,IDO,61176,,NIFTY,,2026-08-25,2026-08-25,21400.00,PE,NIFTY26AUG21400PE,6.30,6.75,6.10,6.10,6.10,6.70,24383.60,6.10,54470,-455,41,57047984.50,19,F1,65,,,,,
2026-07-31,2026-07-31,FO,NSE,IDO,61172,,NIFTY,,2026-08-25,2026-08-25,21300.00,PE,NIFTY26AUG21300PE,5.45,7.00,5.45,6.20,5.85,6.80,24383.60,6.20,57135,715,77,106636377.25,59,F1,65,,,,,
2026-07-31,2026-07-31,FO,NSE,IDO,45205,,NIFTY,,2026-08-18,2026-08-18,26050.00,PE,NIFTY2681826050PE,0.00,0.00,0.00,1895.70,0.00,1895.70,24383.60,1605.40,0,0,0,0.00,0,F1,65,,,,,
2026-07-31,2026-07-31,FO,NSE,IDO,45147,,NIFTY,,2026-08-18,2026-08-18,24950.00,PE,NIFTY2681824950PE,0.00,0.00,0.00,976.25,0.00,976.25,24383.60,661.85,0,0,0,0.00,0,F1,65,,,,,
2026-07-31,2026-07-31,FO,NSE,IDO,45075,,NIFTY,,2026-08-18,2026-08-18,23700.00,PE,NIFTY2681823700PE,38.95,53.45,38.95,42.55,44.50,61.40,24383.60,42.55,181480,25870,3255,5023948813.00,2150,F1,65,,,,,
2026-07-31,2026-07-31,FO,NSE,IDO,45061,,NIFTY,,2026-08-18,2026-08-18,23450.00,PE,NIFTY2681823450PE,27.60,30.55,24.30,25.70,26.65,35.80,24383.60,25.70,26390,-585,170,259414736.75,77,F1,65,,,,,
2026-07-31,2026-07-31,FO,NSE,IDO,45016,,NIFTY,,2026-08-18,2026-08-18,22500.00,PE,NIFTY2681822500PE,6.55,8.60,6.15,7.40,7.50,7.85,24383.60,7.40,104390,23920,1127,1648760600.50,468,F1,65,,,,,
2026-07-31,2026-07-31,FO,NSE,IDO,45012,,NIFTY,,2026-08-18,2026-08-18,22450.00,PE,NIFTY2681822450PE,6.15,7.95,6.15,7.15,6.95,7.30,24383.60,7.15,3315,-1300,46,67147431.00,22,F1,65,,,,,
2026-07-31,2026-07-31,FO,NSE,IDO,44998,,NIFTY,,2026-08-18,2026-08-18,22200.00,PE,NIFTY2681822200PE,5.45,6.70,4.95,6.40,6.70,5.90,24383.60,6.40,10920,1560,58,83715206.25,31,F1,65,,,,,
2026-07-31,2026-07-31,FO,NSE,IDO,41058,,NIFTY,,2026-08-11,2026-08-11,25500.00,PE,NIFTY2681125500PE,1149.90,1163.00,1065.00,1098.95,1103.65,1180.30,24383.60,1098.95,38285,1625,59,102028036.50,55,F1,65,,,,,
2026-07-31,2026-07-31,FO,NSE,IDO,41030,,NIFTY,,2026-08-11,2026-08-11,24850.00,PE,NIFTY2681124850PE,511.85,511.85,452.30,475.35,479.95,560.00,24383.60,475.35,4420,4355,450,740522194.75,171,F1,65,,,,,
2026-07-31,2026-07-31,FO,NSE,IDO,41024,,NIFTY,,2026-08-11,2026-08-11,24700.00,PE,NIFTY2681124700PE,371.55,413.75,328.20,350.45,360.05,436.95,24383.60,350.45,61555,45110,2476,4032174370.25,1640,F1,65,,,,,
2026-07-31,2026-07-31,FO,NSE,IDO,41010,,NIFTY,,2026-08-11,2026-08-11,24450.00,PE,NIFTY2681124450PE,240.90,240.90,177.60,191.20,195.10,261.40,24383.60,191.20,166075,143780,10688,17121355140.50,7299,F1,65,,,,,
2026-07-31,2026-07-31,FO,NSE,IDO,40996,,NIFTY,,2026-08-11,2026-08-11,24100.00,PE,NIFTY2681124100PE,86.20,92.35,63.00,68.05,68.05,105.15,24383.60,68.05,909610,288730,36866,57922991626.50,21868,F1,65,,,,,
2026-07-31,2026-07-31,FO,NSE,IDO,40922,,NIFTY,,2026-08-11,2026-08-11,22350.00,PE,NIFTY2681122350PE,3.20,4.65,2.85,3.75,3.95,4.05,24383.60,3.75,13520,2860,153,222307631.00,82,F1,65,,,,,
2026-07-31,2026-07-31,FO,NSE,IDO,40912,,NIFTY,,2026-08-11,2026-08-11,22100.00,PE,NIFTY2681122100PE,3.15,4.15,2.80,3.45,3.50,3.70,24383.60,3.45,45825,11375,1493,2145028284.75,644,F1,65,,,,,
2026-07-31,2026-07-31,FO,NSE,IDO,40910,,NIFTY,,2026-08-11,2026-08-11,22050.00,PE,NIFTY2681122050PE,3.00,4.00,2.80,3.45,3.25,3.55,24383.60,3.45,8125,-130,81,116111456.50,63,F1,65,,,,,
2026-07-31,2026-07-31,FO,NSE,IDO,66067,,NIFTY,,2026-08-04,2026-08-04,26200.00,PE,NIFTY2680426200PE,1860.05,1860.05,1833.60,1833.60,1833.60,1918.60,24383.60,1798.95,2470,-130,11,20059344.50,6,F1,65,,,,,
2026-07-31,2026-07-31,FO,NSE,IDO,65939,,NIFTY,,2026-08-04,2026-08-04,25400.00,PE,NIFTY2680425400PE,1032.80,1078.00,998.15,1021.00,1020.00,1113.85,24383.60,1021.00,2795,-130,45,77315000.75,44,F1,65,,,,,
2026-07-31,2026-07-31,FO,NSE,IDO,65859,,NIFTY,,2026-08-04,2026-08-04,24450.00,PE,NIFTY2680424450PE,168.40,185.50,108.05,121.95,127.45,205.40,24383.60,121.95,1450865,1130025,1466056,2342217865380.25,815626,F1,65,,,,,
2026-07-31,2026-07-31,FO,NSE,IDO,55758,,NIFTY,,2030-12-31,2030-12-31,27000.00,CE,NIFTY30DEC27000CE,0.00,0.00,0.00,6772.80,0.00,6772.80,24383.60,5676.45,0,0,0,0.00,0,F1,65,,,,,
2026-07-31,2026-07-31,FO,NSE,IDO,55704,,NIFTY,,2030-12-31,2030-12-31,22500.00,CE,NIFTY30DEC22500CE,0.00,0.00,0.00,9536.95,0.00,9536.95,24383.60,8127.70,0,0,0,0.00,0,F1,65,,,,,
2026-07-31,2026-07-31,FO,NSE,IDO,60904,,NIFTY,,2030-06-25,2030-06-25,24000.00,CE,NIFTY30JUN24000CE,0.00,0.00,0.00,8591.55,0.00,8591.55,24383.60,6654.35,0,0,0,0.00,0,F1,65,,,,,
2026-07-31,2026-07-31,FO,NSE,IDO,67794,,NIFTY,,2028-12-26,2028-12-26,30000.00,CE,NIFTY28DEC30000CE,0.00,0.00,0.00,1320.00,1320.00,1320.00,24383.60,2027.55,10580,0,0,0.00,0,F1,65,,,,,
2026-07-31,2026-07-31,FO,NSE,IDO,55524,,NIFTY,,2028-12-26,2028-12-26,28500.00,CE,NIFTY28DEC28500CE,0.00,0.00,0.00,3608.65,0.00,3608.65,24383.60,2558.45,0,0,0,0.00,0,F1,65,,,,,
2026-07-31,2026-07-31,FO,NSE,IDO,67790,,NIFTY,,2028-12-26,2028-12-26,28000.00,CE,NIFTY28DEC28000CE,2051.00,2051.00,2051.00,2051.00,2051.00,2113.00,24383.60,2757.80,7810,0,1,1953315.00,1,F1,65,,,,,
2026-07-31,2026-07-31,FO,NSE,IDO,55522,,NIFTY,,2028-12-26,2028-12-26,25500.00,CE,NIFTY28DEC25500CE,0.00,0.00,0.00,3800.00,3800.00,3800.00,24383.60,3933.80,0,0,0,0.00,0,F1,65,,,,,
2026-07-31,2026-07-31,FO,NSE,IDO,67782,,NIFTY,,2028-12-26,2028-12-26,24000.00,CE,NIFTY28DEC24000CE,4700.00,4700.00,4700.00,4700.00,4700.00,4002.05,24383.60,4786.80,325,65,1,1865500.00,1,F1,65,,,,,
2026-07-31,2026-07-31,FO,NSE,IDO,67770,,NIFTY,,2028-12-26,2028-12-26,18000.00,CE,NIFTY28DEC18000CE,0.00,0.00,0.00,9380.30,0.00,9380.30,24383.60,9117.40,0,0,0,0.00,0,F1,65,,,,,
2026-07-31,2026-07-31,FO,NSE,IDO,53624,,NIFTY,,2027-12-28,2027-12-28,24000.00,CE,NIFTY27DEC24000CE,2972.65,3014.20,2921.30,2989.80,2985.00,2903.00,24383.60,2989.80,26390,130,22,38578406.75,17,F1,65,,,,,
2026-07-31,2026-07-31,FO,NSE,IDO,35262,,NIFTY,,2027-06-29,2027-06-29,30000.00,CE,NIFTY27JUN30000CE,0.00,0.00,0.00,1478.40,0.00,1478.40,24383.60,406.10,0,0,0,0.00,0,F1,65,,,,,
2026-07-31,2026-07-31,FO,NSE,IDO,71505,,NIFTY,,2026-12-29,2026-12-29,26000.00,CE,NIFTY26DEC26000CE,298.75,301.85,279.40,294.20,291.50,278.85,24383.60,294.20,2620825,-26400,4441,7589451090.00,2615,F1,65,,,,,
2026-07-31,2026-07-31,FO,NSE,IDO,71503,,NIFTY,,2026-12-29,2026-12-29,25000.00,CE,NIFTY26DEC25000CE,680.00,705.00,661.80,686.90,680.00,659.95,24383.60,686.90,2356010,61555,4884,8153865456.75,2375,F1,65,,,,,
2026-07-31,2026-07-31,FO,NSE,IDO,51482,,NIFTY,,2026-10-27,2026-10-27,25800.00,CE,NIFTY26OCT25800CE,0.00,0.00,0.00,301.05,0.00,301.05,24383.60,407.95,0,0,0,0.00,0,F1,65,,,,,
2026-07-31,2026-07-31,FO,NSE,IDO,51472,,NIFTY,,2026-10-27,2026-10-27,25600.00,CE,NIFTY26OCT25600CE,0.00,0.00,0.00,348.25,0.00,348.25,24383.60,469.60,0,0,0,0.00,0,F1,65,,,,,
2026-07-31,2026-07-31,FO,NSE,IDO,51468,,NIFTY,,2026-10-27,2026-10-27,25500.00,CE,NIFTY26OCT25500CE,204.05,219.55,194.85,211.40,212.35,193.30,24383.60,211.40,348790,49790,1653,2762150300.00,1059,F1,65,,,,,
2026-07-31,2026-07-31,FO,NSE,IDO,51452,,NIFTY,,2026-10-27,2026-10-27,25300.00,CE,NIFTY26OCT25300CE,0.00,0.00,0.00,432.40,0.00,432.40,24383.60,574.95,0,0,0,0.00,0,F1,65,,,,,
2026-07-31,2026-07-31,FO,NSE,IDO,51444,,NIFTY,,2026-10-27,2026-10-27,25100.00,CE,NIFTY26OCT25100CE,0.00,0.00,0.00,496.60,0.00,496.60,24383.60,654.15,0,0,0,0.00,0,F1,65,,,,,
2026-07-31,2026-07-31,FO,NSE,IDO,51390,,NIFTY,,2026-10-27,2026-10-27,23950.00,CE,NIFTY26OCT23950CE,0.00,0.00,0.00,1007.10,0.00,1007.10,24383.60,1257.80,0,0,0,0.00,0,F1,65,,,,,
2026-07-31,2026-07-31,FO,NSE,IDO,51332,,NIFTY,,2026-10-27,2026-10-27,22550.00,CE,NIFTY26OCT22550CE,0.00,0.00,0.00,1962.00,0.00,1962.00,24383.60,2311.10,0,0,0,0.00,0,F1,65,,,,,
2026-07-31,2026-07-31,FO,NSE,IDO,73854,,NIFTY,,2026-09-29,2026-09-29,21850.00,CE,NIFTY26SEP21850CE,0.00,0.00,0.00,2455.30,0.00,2455.30,24383.60,2794.25,0,0,0,0.00,0,F1,65,,,,,
2026-07-31,2026-07-31,FO,NSE,IDO,65923,,NIFTY,,2026-09-29,2026-09-29,30000.00,CE,NIFTY26SEP30000CE,3.95,4.00,3.55,3.75,3.60,3.95,24383.60,3.75,309770,130,132,257433049.25,86,F1,65,,,,,
2026-07-31,2026-07-31,FO,NSE,IDO,74438,,NIFTY,,2026-09-29,2026-09-29,26050.00,CE,NIFTY26SEP26050CE,0.00,0.00,0.00,232.80,0.00,232.80,24383.60,199.15,0,0,0,0.00,0,F1,65,,,,,
2026-07-31,2026-07-31,FO,NSE,IDO,74426,,NIFTY,,2026-09-29,2026-09-29,25900.00,CE,NIFTY26SEP25900CE,0.00,0.00,0.00,261.75,0.00,261.75,24383.60,230.30,0,0,0,0.00,0,F1,65,,,,,
2026-07-31,2026-07-31,FO,NSE,IDO,74416,,NIFTY,,2026-09-29,2026-09-29,25700.00,CE,NIFTY26SEP25700CE,73.20,79.00,66.50,73.05,72.80,68.40,24383.60,73.05,97760,10855,1303,2182766774.50,908,F1,65,,,,,
2026-07-31,2026-07-31,FO,NSE,IDO,65350,,NIFTY,,2026-08-04,2026-08-04,21950.00,CE,NIFTY2680421950CE,0.00,0.00,0.00,2090.00,2090.00,2090.00,24383.60,2448.25,0,0,0,0.00,0,F1,65,,,,,
2026-07-31,2026-07-31,FO,NSE,IDO,65413,,NIFTY,,2026-08-04,2026-08-04,22100.00,CE,NIFTY2680422100CE,0.00,0.00,0.00,1971.00,1971.00,1971.00,24383.60,2298.35,65,0,0,0.00,0,F1,65,,,,,
2026-07-31,2026-07-31,FO,NSE,IDO,65519,,NIFTY,,2026-08-04,2026-08-04,23050.00,CE,NIFTY2680423050CE,0.00,0.00,0.00,1005.00,1005.00,1005.00,24383.60,1349.05,260,0,0,0.00,0,F1,65,,,,,
2026-07-31,2026-07-31,FO,NSE,IDO,65533,,NIFTY,,2026-08-04,2026-08-04,23400.00,CE,NIFTY2680423400CE,950.00,1016.30,917.10,981.80,977.00,891.45,24383.60,981.80,79690,-2470,239,378777837.75,203,F1,65,,,,,
2026-07-31,2026-07-31,FO,NSE,IDO,74397,,NIFTY,,2026-09-29,2026-09-29,25550.00,CE,NIFTY26SEP25550CE,0.00,0.00,0.00,340.30,0.00,340.30,24383.60,317.90,0,0,0,0.00,0,F1,65,,,,,
2026-07-31,2026-07-31,FO,NSE,IDO,74395,,NIFTY,,2026-09-29,2026-09-29,25450.00,CE,NIFTY26SEP25450CE,0.00,0.00,0.00,366.00,0.00,366.00,24383.60,347.25,0,0,0,0.00,0,F1,65,,,,,
2026-07-31,2026-07-31,FO,NSE,IDO,74365,,NIFTY,,2026-09-29,2026-09-29,25000.00,CE,NIFTY26SEP25000CE,233.05,259.15,226.50,244.80,242.00,227.35,24383.60,244.80,1405430,29055,8623,14148786837.25,5066,F1,65,,,,,
2026-07-31,2026-07-31,FO,NSE,IDO,74355,,NIFTY,,2026-09-29,2026-09-29,24750.00,CE,NIFTY26SEP24750CE,348.00,360.00,329.65,347.10,347.10,326.95,24383.60,347.10,35035,260,23,37515221.25,19,F1,65,,,,,
2026-07-31,2026-07-31,FO,NSE,IDO,74351,,NIFTY,,2026-09-29,2026-09-29,24650.00,CE,NIFTY26SEP24650CE,386.70,411.00,382.00,395.25,394.90,374.30,24383.60,395.25,10725,130,28,45582979.00,27,F1,65,,,,,
2026-07-31,2026-07-31,FO,NSE,IDO,74289,,NIFTY,,2026-09-29,2026-09-29,24600.00,CE,NIFTY26SEP24600CE,458.70,458.70,397.70,421.35,420.70,395.00,24383.60,421.35,117845,12220,720,1171046223.75,584,F1,65,,,,,
2026-07-31,2026-07-31,FO,NSE,IDO,74112,,NIFTY,,2026-09-29,2026-09-29,24350.00,CE,NIFTY26SEP24350CE,558.75,590.00,539.80,559.30,564.45,532.15,24383.60,559.30,7995,2340,93,150572610.50,68,F1,65,,,,,
2026-07-31,2026-07-31,FO,NSE,IDO,65695,,NIFTY,,2026-08-04,2026-08-04,24050.00,CE,NIFTY2680424050CE,322.95,382.80,287.90,344.60,333.05,274.15,24383.60,344.60,247520,-121160,23592,37393024340.75,16938,F1,65,,,,,
2026-07-31,2026-07-31,FO,NSE,IDO,65998,,NIFTY,,2026-08-04,2026-08-04,25650.00,CE,NIFTY2680425650CE,0.60,0.90,0.55,0.60,0.60,0.65,24383.60,0.60,442585,322595,32731,54572239686.25,4589,F1,65,,,,,
2026-07-31,2026-07-31,FO,NSE,IDO,40891,,NIFTY,,2026-08-11,2026-08-11,21750.00,CE,NIFTY2681121750CE,0.00,0.00,0.00,2778.90,0.00,2778.90,24383.60,2673.50,0,0,0,0.00,0,F1,65,,,,,
2026-07-31,2026-07-31,FO,NSE,IDO,40911,,NIFTY,,2026-08-11,2026-08-11,22100.00,CE,NIFTY2681122100CE,0.00,0.00,0.00,2436.90,0.00,2436.90,24383.60,2324.20,0,0,0,0.00,0,F1,65,,,,,
2026-07-31,2026-07-31,FO,NSE,IDO,40926,,NIFTY,,2026-08-11,2026-08-11,22450.00,CE,NIFTY2681122450CE,0.00,0.00,0.00,2101.00,0.00,2101.00,24383.60,1975.15,0,0,0,0.00,0,F1,65,,,,,
2026-07-31,2026-07-31,FO,NSE,IDO,40969,,NIFTY,,2026-08-11,2026-08-11,23500.00,CE,NIFTY2681123500CE,875.25,940.85,842.60,907.00,901.10,823.95,24383.60,907.00,29900,3250,205,325019155.50,168,F1,65,,,,,
2026-07-31,2026-07-31,FO,NSE,IDO,40995,,NIFTY,,2026-08-11,2026-08-11,24100.00,CE,NIFTY2681124100CE,359.20,401.90,321.90,366.75,349.00,311.40,24383.60,366.75,298675,-1040,5827,9265658402.00,3644,F1,65,,,,,
2026-07-31,2026-07-31,FO,NSE,IDO,41001,,NIFTY,,2026-08-11,2026-08-11,24250.00,CE,NIFTY2681124250CE,245.00,288.60,222.00,257.90,250.65,218.50,24383.60,257.90,162175,-2730,10618,16911506517.75,7105,F1,65,,,,,
2026-07-31,2026-07-31,FO,NSE,IDO,41017,,NIFTY,,2026-08-11,2026-08-11,24650.00,CE,NIFTY2681124650CE,59.30,80.50,55.00,66.30,65.00,56.05,24383.60,66.30,327210,157560,17854,28683427565.00,13144,F1,65,,,,,
2026-07-31,2026-07-31,FO,NSE,IDO,41041,,NIFTY,,2026-08-11,2026-08-11,25100.00,CE,NIFTY2681125100CE,6.80,9.15,5.70,6.55,6.00,5.75,24383.60,6.55,795535,-62530,37810,61704009328.00,15925,F1,65,,,,,
2026-07-31,2026-07-31,FO,NSE,IDO,41073,,NIFTY,,2026-08-11,2026-08-11,25850.00,CE,NIFTY2681125850CE,1.25,1.40,1.00,1.25,1.20,0.95,24383.60,1.25,12870,11180,314,527623258.50,196,F1,65,,,,,
2026-07-31,2026-07-31,FO,NSE,IDO,45003,,NIFTY,,2026-08-18,2026-08-18,22300.00,CE,NIFTY2681822300CE,0.00,0.00,0.00,1912.95,0.00,1912.95,24383.60,2152.30,0,0,0,0.00,0,F1,65,,,,,
2026-07-31,2026-07-31,FO,NSE,IDO,45043,,NIFTY,,2026-08-18,2026-08-18,23050.00,CE,NIFTY2681823050CE,0.00,0.00,0.00,1255.65,0.00,1255.65,24383.60,1423.40,0,0,0,0.00,0,F1,65,,,,,
2026-07-31,2026-07-31,FO,NSE,IDO,45056,,NIFTY,,2026-08-18,2026-08-18,23350.00,CE,NIFTY2681823350CE,0.00,0.00,0.00,994.20,994.20,994.20,24383.60,1148.70,520,0,0,0.00,0,F1,65,,,,,
2026-07-31,2026-07-31,FO,NSE,IDO,45058,,NIFTY,,2026-08-18,2026-08-18,23400.00,CE,NIFTY2681823400CE,0.00,0.00,0.00,986.80,0.00,986.80,24383.60,1104.60,0,0,0,0.00,0,F1,65,,,,,
2026-07-31,2026-07-31,FO,NSE,IDO,45112,,NIFTY,,2026-08-18,2026-08-18,24550.00,CE,NIFTY2681824550CE,163.90,176.35,141.10,158.25,158.25,140.80,24383.60,158.25,16250,2275,263,422400030.00,217,F1,65,,,,,
2026-07-31,2026-07-31,FO,NSE,IDO,45150,,NIFTY,,2026-08-18,2026-08-18,25050.00,CE,NIFTY2681825050CE,0.00,0.00,0.00,197.65,0.00,197.65,24383.60,144.30,0,0,0,0.00,0,F1,65,,,,,
2026-07-31,2026-07-31,FO,NSE,IDO,45154,,NIFTY,,2026-08-18,2026-08-18,25150.00,CE,NIFTY2681825150CE,0.00,0.00,0.00,173.50,0.00,173.50,24383.60,119.85,0,0,0,0.00,0,F1,65,,,,,
2026-07-31,2026-07-31,FO,NSE,IDO,61389,,NIFTY,,2026-08-25,2026-08-25,22450.00,CE,NIFTY26AUG22450CE,0.00,0.00,0.00,1994.00,1994.00,1994.00,24383.60,2036.15,65,0,0,0.00,0,F1,65,,,,,
2026-07-31,2026-07-31,FO,NSE,IDO,61587,,NIFTY,,2026-08-25,2026-08-25,23950.00,CE,NIFTY26AUG23950CE,585.90,637.50,569.90,604.80,603.00,551.45,24383.60,604.80,37180,-1430,126,201018678.25,122,F1,65,,,,,
2026-07-31,2026-07-31,FO,NSE,IDO,61793,,NIFTY,,2026-08-25,2026-08-25,24700.00,CE,NIFTY26AUG24700CE,150.00,169.15,137.25,151.65,149.50,140.75,24383.60,151.65,1087905,77740,15969,25796892654.00,10827,F1,65,,,,,
2026-07-31,2026-07-31,FO,NSE,IDO,61929,,NIFTY,,2026-08-25,2026-08-25,25200.00,CE,NIFTY26AUG25200CE,40.00,42.40,33.25,37.20,35.60,35.40,24383.60,37.20,1316510,110955,20093,32960866549.00,12520,F1,65,,,,,
2026-07-31,2026-07-31,FO,NSE,IDO,61931,,NIFTY,,2026-08-25,2026-08-25,25250.00,CE,NIFTY26AUG25250CE,0.00,0.00,0.00,447.25,0.00,447.25,24383.60,154.10,0,0,0,0.00,0,F1,65,,,,,
2026-07-31,2026-07-31,FO,NSE,IDO,62038,,NIFTY,,2026-08-25,2026-08-25,26000.00,CE,NIFTY26AUG26000CE,4.60,5.90,3.95,4.95,4.80,4.50,24383.60,4.95,2925780,-69810,15001,25356278489.75,6325,F1,65,,,,,
2026-07-31,2026-07-31,FO,NSE,IDO,46947,,NIFTY,,2026-09-01,2026-09-01,23050.00,CE,NIFTY2690123050CE,0.00,0.00,0.00,1418.95,0.00,1418.95,24383.60,1526.25,0,0,0,0.00,0,F1,65,,,,,
2026-07-31,2026-07-31,FO,NSE,IDO,46955,,NIFTY,,2026-09-01,2026-09-01,23250.00,CE,NIFTY2690123250CE,0.00,0.00,0.00,1259.15,0.00,1259.15,24383.60,1352.70,0,0,0,0.00,0,F1,65,,,,,
2026-07-31,2026-07-31,FO,NSE,IDO,46967,,NIFTY,,2026-09-01,2026-09-01,23550.00,CE,NIFTY2690123550CE,0.00,0.00,0.00,1035.90,0.00,1035.90,24383.60,1107.55,0,0,0,0.00,0,F1,65,,,,,
2026-07-31,2026-07-31,FO,NSE,IDO,47033,,NIFTY,,2026-09-01,2026-09-01,25200.00,CE,NIFTY2690125200CE,0.00,0.00,0.00,240.15,0.00,240.15,24383.60,224.20,0,0,0,0.00,0,F1,65,,,,,
2026-07-31,2026-07-31,FO,NSE,IDO,47045,,NIFTY,,2026-09-01,2026-09-01,25500.00,CE,NIFTY2690125500CE,0.00,0.00,0.00,170.60,0.00,170.60,24383.60,151.45,0,0,0,0.00,0,F1,65,,,,,
2026-07-31,2026-07-31,FO,NSE,IDO,47059,,NIFTY,,2026-09-01,2026-09-01,25850.00,CE,NIFTY2690125850CE,13.60,16.75,11.50,14.35,13.95,13.75,24383.60,14.35,3380,780,38,63884226.25,21,F1,65,,,,,
2026-07-31,2026-07-31,FO,NSE,IDO,47065,,NIFTY,,2026-09-01,2026-09-01,26000.00,CE,NIFTY2690126000CE,0.00,0.00,0.00,91.15,0.00,91.15,24383.60,72.85,0,0,0,0.00,0,F1,65,,,,,
2026-07-31,2026-07-31,FO,NSE,IDO,73865,,NIFTY,,2026-09-29,2026-09-29,22000.00,CE,NIFTY26SEP22000CE,2527.00,2580.55,2490.00,2556.35,2559.00,2467.50,24383.60,2556.35,55510,2535,51,81382336.75,39,F1,65,,,,,
2026-07-31,2026-07-31,FO,NSE,IDO,61440,,NIFTY,,2026-08-25,2026-08-25,23150.00,CE,NIFTY26AUG23150CE,1344.45,1344.45,1344.45,1344.45,1344.45,998.95,24383.60,1344.45,1170,0,1,1592139.25,1,F1,65,,,,,
2026-07-31,2026-07-31,FO,NSE,IDO,61424,,NIFTY,,2026-08-25,2026-08-25,22900.00,CE,NIFTY26AUG22900CE,1480.00,1572.00,1480.00,1572.00,1572.00,1491.75,24383.60,1572.00,5720,65,23,36567680.50,15,F1,65,,,,,
2026-07-31,2026-07-31,FO,NSE,IDO,61401,,NIFTY,,2026-08-25,2026-08-25,22600.00,CE,NIFTY26AUG22600CE,0.00,0.00,0.00,1475.00,1475.00,1475.00,24383.60,1891.25,1820,0,0,0.00,0,F1,65,,,,,
2026-07-31,2026-07-31,FO,NSE,IDO,61340,,NIFTY,,2026-08-25,2026-08-25,21750.00,CE,NIFTY26AUG21750CE,0.00,0.00,0.00,2581.20,0.00,2581.20,24383.60,2725.20,0,0,0,0.00,0,F1,65,,,,,
2026-07-31,2026-07-31,FO,NSE,IDO,61173,,NIFTY,,2026-08-25,2026-08-25,21350.00,CE,NIFTY26AUG21350CE,0.00,0.00,0.00,2938.85,0.00,2938.85,24383.60,3122.75,0,0,0,0.00,0,F1,65,,,,,
2026-07-31,2026-07-31,FO,NSE,IDO,45206,,NIFTY,,2026-08-18,2026-08-18,26100.00,CE,NIFTY2681826100CE,2.15,2.60,2.15,2.25,2.15,2.15,24383.60,2.25,6565,2925,93,157788439.25,43,F1,65,,,,,
2026-07-31,2026-07-31,FO,NSE,IDO,45096,,NIFTY,,2026-08-18,2026-08-18,24150.00,CE,NIFTY2681824150CE,390.00,419.00,360.00,391.10,391.95,351.55,24383.60,391.10,4485,-2275,135,215369141.00,116,F1,65,,,,,
2026-07-31,2026-07-31,FO,NSE,IDO,45092,,NIFTY,,2026-08-18,2026-08-18,24050.00,CE,NIFTY2681824050CE,430.00,481.80,430.00,464.35,457.95,418.25,24383.60,464.35,2080,0,12,19126402.75,10,F1,65,,,,,
2026-07-31,2026-07-31,FO,NSE,IDO,45078,,NIFTY,,2026-08-18,2026-08-18,23800.00,CE,NIFTY2681823800CE,640.00,699.90,616.05,667.60,670.90,611.65,24383.60,667.60,7475,130,39,61978299.50,27,F1,65,,,,,
2026-07-31,2026-07-31,FO,NSE,IDO,74644,,NIFTY,,2031-06-24,2031-06-24,19500.00,PE,NIFTY31JUN19500PE,0.00,0.00,0.00,289.20,0.00,289.20,24383.60,206.75,0,0,0,0.00,0,F1,65,,,,,
2026-07-31,2026-07-31,FO,NSE,IDO,55755,,NIFTY,,2030-12-31,2030-12-31,24000.00,PE,NIFTY30DEC24000PE,0.00,0.00,0.00,1309.95,1309.95,1309.95,24383.60,758.00,325,0,0,0.00,0,F1,65,,,,,
2026-07-31,2026-07-31,FO,NSE,IDO,55649,,NIFTY,,2030-06-25,2030-06-25,28500.00,PE,NIFTY30JUN28500PE,0.00,0.00,0.00,1167.60,0.00,1167.60,24383.60,1990.50,0,0,0,0.00,0,F1,65,,,,,
2026-07-31,2026-07-31,FO,NSE,IDO,61749,,NIFTY,,2029-12-24,2029-12-24,24000.00,PE,NIFTY29DEC24000PE,0.00,0.00,0.00,1000.00,1000.00,1000.00,24383.60,819.15,390,0,0,0.00,0,F1,65,,,,,
2026-07-31,2026-07-31,FO,NSE,IDO,89643,,NIFTY,,2029-06-26,2029-06-26,30000.00,PE,NIFTY29JUN30000PE,0.00,0.00,0.00,2031.05,0.00,2031.05,24383.60,2960.55,0,0,0,0.00,0,F1,65,,,,,
2026-07-31,2026-07-31,FO,NSE,IDO,89637,,NIFTY,,2029-06-26,2029-06-26,27000.00,PE,NIFTY29JUN27000PE,0.00,0.00,0.00,1252.35,0.00,1252.35,24383.60,1713.25,0,0,0,0.00,0,F1,65,,,,,
2026-07-31,2026-07-31,FO,NSE,IDO,55563,,NIFTY,,2029-06-26,2029-06-26,25500.00,PE,NIFTY29JUN25500PE,0.00,0.00,0.00,624.25,0.00,624.25,24383.60,1229.45,0,0,0,0.00,0,F1,65,,,,,
2026-07-31,2026-07-31,FO,NSE,IDO,67787,,NIFTY,,2028-12-26,2028-12-26,26000.00,PE,NIFTY28DEC26000PE,0.00,0.00,0.00,1450.00,1450.00,1450.00,24383.60,1448.50,6745,0,0,0.00,0,F1,65,,,,,
2026-07-31,2026-07-31,FO,NSE,IDO,67781,,NIFTY,,2028-12-26,2028-12-26,23000.00,PE,NIFTY28DEC23000PE,0.00,0.00,0.00,652.05,652.05,652.05,24383.60,630.60,1545,0,0,0.00,0,F1,65,,,,,
2026-07-31,2026-07-31,FO,NSE,IDO,53630,,NIFTY,,2027-12-28,2027-12-28,26000.00,PE,NIFTY27DEC26000PE,1320.00,1333.10,1294.00,1295.00,1295.00,1323.50,24383.60,1566.10,43325,390,25,44389403.50,19,F1,65,,,,,
2026-07-31,2026-07-31,FO,NSE,IDO,53627,,NIFTY,,2027-12-28,2027-12-28,25000.00,PE,NIFTY27DEC25000PE,982.95,993.60,962.00,966.85,965.00,990.85,24383.60,966.85,63820,325,54,91168964.25,45,F1,65,,,,,
2026-07-31,2026-07-31,FO,NSE,IDO,55375,,NIFTY,,2027-06-29,2027-06-29,22500.00,PE,NIFTY27JUN22500PE,0.00,0.00,0.00,413.15,413.15,413.15,24383.60,375.65,650,0,0,0.00,0,F1,65,,,,,
2026-07-31,2026-07-31,FO,NSE,IDO,80273,,NIFTY,,2027-03-30,2027-03-30,24000.00,PE,NIFTY27MAR24000PE,483.20,498.95,466.25,479.85,484.95,507.75,24383.60,479.85,262860,77610,2583,4110988466.00,1190,F1,65,,,,,
2026-07-31,2026-07-31,FO,NSE,IDO,35237,,NIFTY,,2026-12-29,2026-12-29,30000.00,PE,NIFTY26DEC30000PE,4957.10,4957.10,4840.00,4876.60,4891.90,4961.70,24383.60,4876.60,393565,-7540,149,337993721.00,54,F1,65,,,,,
2026-07-31,2026-07-31,FO,NSE,IDO,37810,,NIFTY,,2026-12-29,2026-12-29,23000.00,PE,NIFTY26DEC23000PE,204.65,208.85,190.00,193.00,194.55,214.65,24383.60,193.00,2300425,28990,5001,7540804544.00,2967,F1,65,,,,,
2026-07-31,2026-07-31,FO,NSE,IDO,51439,,NIFTY,,2026-10-27,2026-10-27,24950.00,PE,NIFTY26OCT24950PE,0.00,0.00,0.00,1139.20,0.00,1139.20,24383.60,888.60,0,0,0,0.00,0,F1,65,,,,,
2026-07-31,2026-07-31,FO,NSE,IDO,51427,,NIFTY,,2026-10-27,2026-10-27,24700.00,PE,NIFTY26OCT24700PE,545.00,545.00,514.20,522.25,530.00,989.70,24383.60,522.25,1885,1885,53,86904964.25,27,F1,65,,,,,
2026-07-31,2026-07-31,FO,NSE,IDO,51425,,NIFTY,,2026-10-27,2026-10-27,24650.00,PE,NIFTY26OCT24650PE,0.00,0.00,0.00,961.15,0.00,961.15,24383.60,734.95,0,0,0,0.00,0,F1,65,,,,,
2026-07-31,2026-07-31,FO,NSE,IDO,65126,,NIFTY,,2026-08-04,2026-08-04,21600.00,CE,NIFTY2680421600CE,0.00,0.00,0.00,2447.25,2447.25,2447.25,24383.60,2798.05,1040,0,0,0.00,0,F1,65,,,,,
2026-07-31,2026-07-31,FO,NSE,IDO,65202,,NIFTY,,2026-08-04,2026-08-04,21800.00,CE,NIFTY2680421800CE,0.00,0.00,0.00,2220.00,2220.00,2220.00,24383.60,2598.15,65,0,0,0.00,0,F1,65,,,,,
2026-07-31,2026-07-31,FO,NSE,IDO,65417,,NIFTY,,2026-08-04,2026-08-04,22200.00,CE,NIFTY2680422200CE,0.00,0.00,0.00,1838.35,0.00,1838.35,24383.60,2198.45,0,0,0,0.00,0,F1,65,,,,,
2026-07-31,2026-07-31,FO,NSE,IDO,65674,,NIFTY,,2026-08-04,2026-08-04,23550.00,CE,NIFTY2680423550CE,796.00,866.05,761.80,836.70,830.55,746.15,24383.60,836.70,54470,-910,104,164826847.25,96,F1,65,,,,,
2026-07-31,2026-07-31,FO,NSE,IDO,65691,,NIFTY,,2026-08-04,2026-08-04,23950.00,CE,NIFTY2680423950CE,420.90,479.00,376.00,440.35,430.00,360.25,24383.60,440.35,224640,-50375,9268,14685694809.50,6068,F1,65,,,,,
2026-07-31,2026-07-31,FO,NSE,IDO,40907,,NIFTY,,2026-08-11,2026-08-11,22000.00,CE,NIFTY2681122000CE,0.00,0.00,0.00,2190.00,2190.00,2190.00,24383.60,2424.00,1950,0,0,0.00,0,F1,65,,,,,
2026-07-31,2026-07-31,FO,NSE,IDO,40955,,NIFTY,,2026-08-11,2026-08-11,23150.00,CE,NIFTY2681123150CE,0.00,0.00,0.00,921.30,921.30,921.30,24383.60,1284.70,195,0,0,0.00,0,F1,65,,,,,
2026-07-31,2026-07-31,FO,NSE,IDO,40993,,NIFTY,,2026-08-11,2026-08-11,24050.00,CE,NIFTY2681124050CE,399.15,439.50,360.00,410.95,400.00,349.95,24383.60,410.95,39650,-4095,1022,1624233539.50,745,F1,65,,,,,
2026-07-31,2026-07-31,FO,NSE,IDO,41027,,NIFTY,,2026-08-11,2026-08-11,24800.00,CE,NIFTY2681124800CE,37.50,41.85,27.15,32.45,30.90,28.75,24383.60,32.45,1697215,428610,80531,129990303826.50,44684,F1,65,,,,,
2026-07-31,2026-07-31,FO,NSE,IDO,51403,,NIFTY,,2026-10-27,2026-10-27,24200.00,PE,NIFTY26OCT24200PE,360.00,364.15,327.00,337.55,340.75,396.60,24383.60,337.55,2795,1690,74,118055580.50,37,F1,65,,,,,
2026-07-31,2026-07-31,FO,NSE,IDO,51379,,NIFTY,,2026-10-27,2026-10-27,23650.00,PE,NIFTY26OCT23650PE,0.00,0.00,0.00,491.35,0.00,491.35,24383.60,347.40,0,0,0,0.00,0,F1,65,,,,,
2026-07-31,2026-07-31,FO,NSE,IDO,51377,,NIFTY,,2026-10-27,2026-10-27,23600.00,PE,NIFTY26OCT23600PE,199.00,208.25,183.15,189.30,190.85,219.95,24383.60,189.30,8645,4550,134,207199690.75,66,F1,65,,,,,
2026-07-31,2026-07-31,FO,NSE,IDO,51369,,NIFTY,,2026-10-27,2026-10-27,23400.00,PE,NIFTY26OCT23400PE,0.00,0.00,0.00,403.80,0.00,403.80,24383.60,280.40,0,0,0,0.00,0,F1,65,,,,,
2026-07-31,2026-07-31,FO,NSE,IDO,74433,,NIFTY,,2026-09-29,2026-09-29,25950.00,PE,NIFTY26SEP25950PE,0.00,0.00,0.00,1938.00,0.00,1938.00,24383.60,1504.20,0,0,0,0.00,0,F1,65,,,,,
2026-07-31,2026-07-31,FO,NSE,IDO,74396,,NIFTY,,2026-09-29,2026-09-29,25450.00,PE,NIFTY26SEP25450PE,0.00,0.00,0.00,1559.90,0.00,1559.90,24383.60,1137.40,0,0,0,0.00,0,F1,65,,,,,
2026-07-31,2026-07-31,FO,NSE,IDO,41031,,NIFTY,,2026-08-11,2026-08-11,24900.00,CE,NIFTY2681124900CE,19.05,25.90,16.30,19.05,18.35,17.00,24383.60,19.05,869115,292825,43797,70941479251.50,25192,F1,65,,,,,
2026-07-31,2026-07-31,FO,NSE,IDO,41033,,NIFTY,,2026-08-11,2026-08-11,24950.00,CE,NIFTY2681124950CE,16.60,19.95,12.55,14.75,13.40,13.10,24383.60,14.75,144170,53625,14617,23719417241.00,9148,F1,65,,,,,
2026-07-31,2026-07-31,FO,NSE,IDO,41039,,NIFTY,,2026-08-11,2026-08-11,25050.00,CE,NIFTY2681125050CE,7.95,11.50,7.20,8.40,7.75,7.25,24383.60,8.40,570570,85540,15808,25748210640.75,8369,F1,65,,,,,
2026-07-31,2026-07-31,FO,NSE,IDO,41065,,NIFTY,,2026-08-11,2026-08-11,25700.00,CE,NIFTY2681125700CE,1.35,1.75,1.20,1.50,1.75,1.25,24383.60,1.50,59930,37310,1803,3012081046.00,779,F1,65,,,,,
2026-07-31,2026-07-31,FO,NSE,IDO,44985,,NIFTY,,2026-08-18,2026-08-18,22050.00,CE,NIFTY2681822050CE,0.00,0.00,0.00,2148.45,0.00,2148.45,24383.60,2400.40,0,0,0,0.00,0,F1,65,,,,,
2026-07-31,2026-07-31,FO,NSE,IDO,44989,,NIFTY,,2026-08-18,2026-08-18,22100.00,CE,NIFTY2681822100CE,0.00,0.00,0.00,2100.90,0.00,2100.90,24383.60,2350.70,0,0,0,0.00,0,F1,65,,,,,
2026-07-31,2026-07-31,FO,NSE,IDO,74394,,NIFTY,,2026-09-29,2026-09-29,25400.00,PE,NIFTY26SEP25400PE,936.00,944.95,910.75,922.65,922.65,1041.00,24383.60,1103.35,1040,390,25,42781999.00,17,F1,65,,,,,
2026-07-31,2026-07-31,FO,NSE,IDO,74352,,NIFTY,,2026-09-29,2026-09-29,24650.00,PE,NIFTY26SEP24650PE,0.00,0.00,0.00,525.00,525.00,525.00,24383.60,658.25,6630,0,0,0.00,0,F1,65,,,,,
2026-07-31,2026-07-31,FO,NSE,IDO,74242,,NIFTY,,2026-09-29,2026-09-29,24500.00,PE,NIFTY26SEP24500PE,427.00,439.90,385.00,399.35,404.50,457.35,24383.60,399.35,1224990,75530,7655,12392518372.00,5125,F1,65,,,,,
2026-07-31,2026-07-31,FO,NSE,IDO,74108,,NIFTY,,2026-09-29,2026-09-29,24300.00,PE,NIFTY26SEP24300PE,349.80,356.85,311.60,320.40,325.50,372.95,24383.60,320.40,148590,29510,2394,3832631962.25,1578,F1,65,,,,,
2026-07-31,2026-07-31,FO,NSE,IDO,74083,,NIFTY,,2026-09-29,2026-09-29,24200.00,PE,NIFTY26SEP24200PE,316.00,320.00,278.00,286.15,290.00,333.90,24383.60,286.15,193570,11180,2404,3827485077.00,1556,F1,65,,,,,
2026-07-31,2026-07-31,FO,NSE,IDO,73851,,NIFTY,,2026-09-29,2026-09-29,21750.00,PE,NIFTY26SEP21750PE,23.15,23.15,22.00,22.00,22.00,25.35,24383.60,19.70,6175,-130,12,16982309.50,2,F1,65,,,,,
2026-07-31,2026-07-31,FO,NSE,IDO,55283,,NIFTY,,2026-09-29,2026-09-29,19500.00,PE,NIFTY26SEP19500PE,13.40,13.70,12.20,13.15,13.25,13.40,24383.60,13.15,906100,8710,406,514946835.00,233,F1,65,,,,,
2026-07-31,2026-07-31,FO,NSE,IDO,47060,,NIFTY,,2026-09-01,2026-09-01,25850.00,PE,NIFTY2690125850PE,0.00,0.00,0.00,1593.20,0.00,1593.20,24383.60,1408.00,0,0,0,0.00,0,F1,65,,,,,
2026-07-31,2026-07-31,FO,NSE,IDO,47054,,NIFTY,,2026-09-01,2026-09-01,25700.00,PE,NIFTY2690125700PE,0.00,0.00,0.00,1467.30,0.00,1467.30,24383.60,1281.55,0,0,0,0.00,0,F1,65,,,,,
2026-07-31,2026-07-31,FO,NSE,IDO,46996,,NIFTY,,2026-09-01,2026-09-01,24250.00,PE,NIFTY2690124250PE,255.60,255.60,203.50,218.10,213.40,291.65,24383.60,218.10,2925,1560,63,100208491.50,45,F1,65,,,,,
2026-07-31,2026-07-31,FO,NSE,IDO,46968,,NIFTY,,2026-09-01,2026-09-01,23550.00,PE,NIFTY2690123550PE,0.00,0.00,0.00,234.30,0.00,234.30,24383.60,137.25,0,0,0,0.00,0,F1,65,,,,,
2026-07-31,2026-07-31,FO,NSE,IDO,46924,,NIFTY,,2026-09-01,2026-09-01,22450.00,PE,NIFTY2690122450PE,0.00,0.00,0.00,18.00,18.00,18.00,24383.60,17.10,2340,0,0,0.00,0,F1,65,,,,,
2026-07-31,2026-07-31,FO,NSE,IDO,61776,,NIFTY,,2026-08-25,2026-08-25,24600.00,PE,NIFTY26AUG24600PE,370.40,395.40,323.00,338.30,343.75,412.70,24383.60,338.30,271635,57525,5645,9153802274.50,4205,F1,65,,,,,
2026-07-31,2026-07-31,FO,NSE,IDO,61726,,NIFTY,,2026-08-25,2026-08-25,24400.00,PE,NIFTY26AUG24400PE,269.90,291.30,231.50,244.95,250.10,304.65,24383.60,244.95,1558180,687115,47716,76466499817.50,31032,F1,65,,,,,
2026-07-31,2026-07-31,FO,NSE,IDO,61444,,NIFTY,,2026-08-25,2026-08-25,23150.00,PE,NIFTY26AUG23150PE,27.05,29.45,24.85,25.65,25.70,32.75,24383.60,25.65,43160,-2730,485,730651142.00,284,F1,65,,,,,
2026-07-31,2026-07-31,FO,NSE,IDO,61431,,NIFTY,,2026-08-25,2026-08-25,23050.00,PE,NIFTY26AUG23050PE,23.05,26.00,21.35,22.40,23.05,26.95,24383.60,22.40,160680,-3575,3999,5997595968.00,3579,F1,65,,,,,
2026-07-31,2026-07-31,FO,NSE,IDO,61373,,NIFTY,,2026-08-25,2026-08-25,22250.00,PE,NIFTY26AUG22250PE,9.10,10.70,8.45,9.25,9.55,10.55,24383.60,9.25,17745,390,316,457213623.75,232,F1,65,,,,,
2026-07-31,2026-07-31,FO,NSE,IDO,61345,,NIFTY,,2026-08-25,2026-08-25,21850.00,PE,NIFTY26AUG21850PE,7.05,8.00,6.45,7.75,8.00,7.90,24383.60,7.75,3965,1105,43,61091121.00,32,F1,65,,,,,
2026-07-31,2026-07-31,FO,NSE,IDO,45155,,NIFTY,,2026-08-18,2026-08-18,25150.00,PE,NIFTY2681825150PE,0.00,0.00,0.00,1126.45,0.00,1126.45,24383.60,810.85,0,0,0,0.00,0,F1,65,,,,,
2026-07-31,2026-07-31,FO,NSE,IDO,45153,,NIFTY,,2026-08-18,2026-08-18,25100.00,PE,NIFTY2681825100PE,0.00,0.00,0.00,1088.10,0.00,1088.10,24383.60,772.35,0,0,0,0.00,0,F1,65,,,,,
2026-07-31,2026-07-31,FO,NSE,IDO,45133,,NIFTY,,2026-08-18,2026-08-18,24750.00,PE,NIFTY2681824750PE,0.00,0.00,0.00,836.30,0.00,836.30,24383.60,527.70,0,0,0,0.00,0,F1,65,,,,,
2026-07-31,2026-07-31,FO,NSE,IDO,45123,,NIFTY,,2026-08-18,2026-08-18,24700.00,PE,NIFTY2681824700PE,431.30,435.00,360.15,379.45,389.00,504.15,24383.60,379.45,9880,9620,270,440121448.00,211,F1,65,,,,,
2026-07-31,2026-07-31,FO,NSE,IDO,45109,,NIFTY,,2026-08-18,2026-08-18,24450.00,PE,NIFTY2681824450PE,253.20,276.00,222.95,234.20,240.00,296.90,24383.60,234.20,8710,6760,374,600155302.50,302,F1,65,,,,,
2026-07-31,2026-07-31,FO,NSE,IDO,45107,,NIFTY,,2026-08-18,2026-08-18,24400.00,PE,NIFTY2681824400PE,240.75,254.80,198.00,211.30,217.30,274.65,24383.60,211.30,164970,144820,6107,9770196965.75,4015,F1,65,,,,,
2026-07-31,2026-07-31,FO,NSE,IDO,45095,,NIFTY,,2026-08-18,2026-08-18,24100.00,PE,NIFTY2681824100PE,132.60,136.60,102.70,108.35,110.00,151.20,24383.60,108.35,126880,38610,3885,6114688147.75,2770,F1,65,,,,,
2026-07-31,2026-07-31,FO,NSE,IDO,45048,,NIFTY,,2026-08-18,2026-08-18,23150.00,PE,NIFTY2681823150PE,15.95,16.50,14.65,15.70,16.25,19.20,24383.60,15.70,4745,-1820,89,134014630.75,41,F1,65,,,,,
2026-07-31,2026-07-31,FO,NSE,IDO,45020,,NIFTY,,2026-08-18,2026-08-18,22600.00,PE,NIFTY2681822600PE,7.15,9.10,6.40,8.35,8.15,8.85,24383.60,8.35,22360,-7800,329,483469158.25,166,F1,65,,,,,
2026-07-31,2026-07-31,FO,NSE,IDO,41092,,NIFTY,,2026-08-11,2026-08-11,26100.00,PE,NIFTY2681126100PE,0.00,0.00,0.00,1628.10,0.00,1628.10,24383.60,1671.40,0,0,0,0.00,0,F1,65,,,,,
2026-07-31,2026-07-31,FO,NSE,IDO,41060,,NIFTY,,2026-08-11,2026-08-11,25550.00,PE,NIFTY2681125550PE,1160.00,1160.00,1160.00,1160.00,1160.00,1168.95,24383.60,1138.65,65,65,1,1736150.00,1,F1,65,,,,,
2026-07-31,2026-07-31,FO,NSE,IDO,41056,,NIFTY,,2026-08-11,2026-08-11,25450.00,PE,NIFTY2681125450PE,0.00,0.00,0.00,1091.80,0.00,1091.80,24383.60,1045.60,0,0,0,0.00,0,F1,65,,,,,
2026-07-31,2026-07-31,FO,NSE,IDO,41004,,NIFTY,,2026-08-11,2026-08-11,24300.00,PE,NIFTY2681124300PE,150.85,163.75,115.30,124.95,127.20,180.45,24383.60,124.95,1191905,421525,73312,116431908872.50,48268,F1,65,,,,,
2026-07-31,2026-07-31,FO,NSE,IDO,40988,,NIFTY,,2026-08-11,2026-08-11,23900.00,PE,NIFTY2681123900PE,55.00,55.00,33.40,36.40,36.50,58.90,24383.60,36.40,690560,134745,40624,63210096810.25,21389,F1,65,,,,,
2026-07-31,2026-07-31,FO,NSE,IDO,40954,,NIFTY,,2026-08-11,2026-08-11,23100.00,PE,NIFTY2681123100PE,7.00,8.85,6.00,7.80,7.70,7.65,24383.60,7.80,506025,18395,26755,40185641502.50,9548,F1,65,,,,,
2026-07-31,2026-07-31,FO,NSE,IDO,40944,,NIFTY,,2026-08-11,2026-08-11,22850.00,PE,NIFTY2681122850PE,4.10,6.90,4.05,5.95,5.80,5.60,24383.60,5.95,23465,-12545,1210,1797584958.00,666,F1,65,,,,,
2026-07-31,2026-07-31,FO,NSE,IDO,40934,,NIFTY,,2026-08-11,2026-08-11,22600.00,PE,NIFTY2681122600PE,3.60,5.75,3.45,4.80,4.85,4.50,24383.60,4.80,91000,585,4887,7180441719.75,2313,F1,65,,,,,
2026-07-31,2026-07-31,FO,NSE,IDO,40932,,NIFTY,,2026-08-11,2026-08-11,22550.00,PE,NIFTY2681122550PE,3.70,5.45,3.25,4.50,5.10,4.25,24383.60,4.50,16445,9815,320,469131695.50,141,F1,65,,,,,
2026-07-31,2026-07-31,FO,NSE,IDO,40894,,NIFTY,,2026-08-11,2026-08-11,21800.00,PE,NIFTY2681121800PE,2.55,3.70,2.55,2.95,2.95,3.15,24383.60,2.95,62985,25675,1091,1546159140.50,516,F1,65,,,,,
2026-07-31,2026-07-31,FO,NSE,IDO,40892,,NIFTY,,2026-08-11,2026-08-11,21750.00,PE,NIFTY2681121750PE,2.35,3.40,2.30,2.90,2.50,2.75,24383.60,2.90,6760,2340,155,219160032.00,133,F1,65,,,,,
2026-07-31,2026-07-31,FO,NSE,IDO,66061,,NIFTY,,2026-08-04,2026-08-04,26100.00,PE,NIFTY2680426100PE,0.00,0.00,0.00,2138.95,0.00,2138.95,24383.60,1699.00,0,0,0,0.00,0,F1,65,,,,,
2026-07-31,2026-07-31,FO,NSE,IDO,66055,,NIFTY,,2026-08-04,2026-08-04,25950.00,PE,NIFTY2680425950PE,0.00,0.00,0.00,2001.55,0.00,2001.55,24383.60,1549.15,0,0,0,0.00,0,F1,65,,,,,
2026-07-31,2026-07-31,FO,NSE,IDO,66001,,NIFTY,,2026-08-04,2026-08-04,25700.00,PE,NIFTY2680425700PE,0.00,0.00,0.00,1777.85,0.00,1777.85,24383.60,1299.45,0,0,0,0.00,0,F1,65,,,,,
2026-07-31,2026-07-31,FO,NSE,IDO,65897,,NIFTY,,2026-08-04,2026-08-04,24800.00,PE,NIFTY2680424800PE,479.60,494.00,386.90,420.50,430.35,512.70,24383.60,420.50,87620,20540,16045,26304661012.50,9962,F1,65,,,,,
2026-07-31,2026-07-31,FO,NSE,IDO,65690,,NIFTY,,2026-08-04,2026-08-04,23900.00,PE,NIFTY2680423900PE,13.85,13.85,6.50,7.65,8.10,17.30,24383.60,7.65,6721845,2072720,857791,1333086549525.25,196173,F1,65,,,,,
2026-07-31,2026-07-31,FO,NSE,IDO,65679,,NIFTY,,2026-08-04,2026-08-04,23650.00,PE,NIFTY2680423650PE,5.90,5.90,3.75,4.30,4.70,6.60,24383.60,4.30,5418790,2899325,571523,878750612688.00,111483,F1,65,,,,,
2026-07-31,2026-07-31,FO,NSE,IDO,65534,,NIFTY,,2026-08-04,2026-08-04,23400.00,PE,NIFTY2680423400PE,3.25,3.70,2.45,2.90,3.15,3.75,24383.60,2.90,5672290,-1527240,619169,941879860330.50,102956,F1,65,,,,,
2026-07-31,2026-07-31,FO,NSE,IDO,65454,,NIFTY,,2026-08-04,2026-08-04,22950.00,PE,NIFTY2680422950PE,2.90,2.90,1.40,2.00,2.25,1.85,24383.60,2.00,783900,401245,98085,146331079843.00,15470,F1,65,,,,,
2026-07-31,2026-07-31,FO,NSE,IDO,65450,,NIFTY,,2026-08-04,2026-08-04,22850.00,PE,NIFTY2680422850PE,1.30,2.20,1.30,1.85,2.10,1.70,24383.60,1.85,646425,187525,74706,110965818323.75,11637,F1,65,,,,,
2026-07-31,2026-07-31,FO,NSE,IDO,65442,,NIFTY,,2026-08-04,2026-08-04,22650.00,PE,NIFTY2680422650PE,1.15,1.85,1.10,1.60,1.80,1.45,24383.60,1.60,316160,148265,34223,50388313504.75,5436,F1,65,,,,,
2026-07-31,2026-07-31,FO,NSE,IDO,65426,,NIFTY,,2026-08-04,2026-08-04,22350.00,PE,NIFTY2680422350PE,0.85,1.60,0.85,1.30,1.55,1.20,24383.60,1.30,243750,150085,20986,30489169301.50,3649,F1,65,,,,,
2026-07-31,2026-07-31,FO,NSE,IDO,65418,,NIFTY,,2026-08-04,2026-08-04,22200.00,PE,NIFTY2680422200PE,1.05,1.50,0.95,1.25,1.30,1.15,24383.60,1.25,1139775,648635,60759,87680013053.75,9138,F1,65,,,,,
2026-07-31,2026-07-31,FO,NSE,IDO,74651,,NIFTY,,2031-06-24,2031-06-24,25500.00,CE,NIFTY31JUN25500CE,0.00,0.00,0.00,6409.80,0.00,6409.80,24383.60,6972.45,0,0,0,0.00,0,F1,65,,,,,
2026-07-31,2026-07-31,FO,NSE,IDO,74643,,NIFTY,,2031-06-24,2031-06-24,19500.00,CE,NIFTY31JUN19500CE,0.00,0.00,0.00,9840.60,0.00,9840.60,24383.60,10507.45,0,0,0,0.00,0,F1,65,,,,,
2026-07-31,2026-07-31,FO,NSE,IDO,60910,,NIFTY,,2030-06-25,2030-06-25,27000.00,CE,NIFTY30JUN27000CE,0.00,0.00,0.00,6972.50,0.00,6972.50,24383.60,5065.60,0,0,0,0.00,0,F1,65,,,,,
2026-07-31,2026-07-31,FO,NSE,IDO,55556,,NIFTY,,2029-06-26,2029-06-26,16500.00,CE,NIFTY29JUN16500CE,0.00,0.00,0.00,12587.95,0.00,12587.95,24383.60,10818.40,0,0,0,0.00,0,F1,65,,,,,
2026-07-31,2026-07-31,FO,NSE,IDO,53631,,NIFTY,,2027-12-28,2027-12-28,27000.00,CE,NIFTY27DEC27000CE,1213.55,1259.95,1203.60,1238.35,1231.10,1198.40,24383.60,1238.35,43770,455,28,51386188.75,21,F1,65,,,,,
2026-07-31,2026-07-31,FO,NSE,IDO,55422,,NIFTY,,2027-12-28,2027-12-28,19500.00,CE,NIFTY27DEC19500CE,0.00,0.00,0.00,8684.70,0.00,8684.70,24383.60,6724.10,0,0,0,0.00,0,F1,65,,,,,
2026-07-31,2026-07-31,FO,NSE,IDO,55374,,NIFTY,,2027-06-29,2027-06-29,22500.00,CE,NIFTY27JUN22500CE,0.00,0.00,0.00,5539.60,0.00,5539.60,24383.60,3581.80,0,0,0,0.00,0,F1,65,,,,,
2026-07-31,2026-07-31,FO,NSE,IDO,80274,,NIFTY,,2027-03-30,2027-03-30,25500.00,CE,NIFTY27MAR25500CE,835.00,855.95,814.20,833.00,835.45,809.45,24383.60,833.00,871520,4225,369,631693578.75,302,F1,65,,,,,
2026-07-31,2026-07-31,FO,NSE,IDO,47190,,NIFTY,,2026-12-29,2026-12-29,33000.00,CE,NIFTY26DEC33000CE,7.80,8.00,7.00,7.90,8.00,7.05,24383.60,7.90,99645,-65,24,51492343.50,11,F1,65,,,,,
2026-07-31,2026-07-31,FO,NSE,IDO,51426,,NIFTY,,2026-10-27,2026-10-27,24700.00,CE,NIFTY26OCT24700CE,513.95,546.00,513.95,529.85,529.00,475.10,24383.60,529.85,1950,1690,45,73808608.25,34,F1,65,,,,,
2026-07-31,2026-07-31,FO,NSE,IDO,51406,,NIFTY,,2026-10-27,2026-10-27,24300.00,CE,NIFTY26OCT24300CE,746.65,778.00,735.00,760.00,760.00,700.00,24383.60,760.00,1235,390,13,21175924.25,12,F1,65,,,,,
2026-07-31,2026-07-31,FO,NSE,IDO,51400,,NIFTY,,2026-10-27,2026-10-27,24150.00,CE,NIFTY26OCT24150CE,847.00,847.00,847.00,847.00,847.00,790.00,24383.60,847.00,130,65,1,1624805.00,1,F1,65,,,,,
2026-07-31,2026-07-31,FO,NSE,IDO,51374,,NIFTY,,2026-10-27,2026-10-27,23550.00,CE,NIFTY26OCT23550CE,0.00,0.00,0.00,1244.00,0.00,1244.00,24383.60,1526.40,0,0,0,0.00,0,F1,65,,,,,
2026-07-31,2026-07-31,FO,NSE,IDO,55290,,NIFTY,,2026-09-29,2026-09-29,31500.00,CE,NIFTY26SEP31500CE,3.20,3.40,2.65,2.85,2.65,2.60,24383.60,2.85,10920,715,20,40954095.00,19,F1,65,,,,,
2026-07-31,2026-07-31,FO,NSE,IDO,55288,,NIFTY,,2026-09-29,2026-09-29,28500.00,CE,NIFTY26SEP28500CE,5.15,5.35,4.55,4.65,4.60,5.15,24383.60,4.65,554840,130,325,602163893.50,163,F1,65,,,,,
2026-07-31,2026-07-31,FO,NSE,IDO,74391,,NIFTY,,2026-09-29,2026-09-29,25400.00,CE,NIFTY26SEP25400CE,122.00,134.65,115.50,125.60,125.45,117.90,24383.60,125.60,45435,9230,1183,1962947252.50,770,F1,65,,,,,
2026-07-31,2026-07-31,FO,NSE,IDO,74363,,NIFTY,,2026-09-29,2026-09-29,24950.00,CE,NIFTY26SEP24950CE,254.75,271.40,244.05,262.10,260.80,244.75,24383.60,262.10,17550,-65,52,85200651.25,41,F1,65,,,,,
2026-07-31,2026-07-31,FO,NSE,IDO,74048,,NIFTY,,2026-09-29,2026-09-29,23850.00,CE,NIFTY26SEP23850CE,862.75,862.75,862.75,862.75,862.75,859.50,24383.60,1120.05,2015,0,1,1606328.75,1,F1,65,,,,,
2026-07-31,2026-07-31,FO,NSE,IDO,73887,,NIFTY,,2026-09-29,2026-09-29,22600.00,CE,NIFTY26SEP22600CE,0.00,0.00,0.00,1734.30,1734.30,1734.30,24383.60,2103.95,195,0,0,0.00,0,F1,65,,,,,
2026-07-31,2026-07-31,FO,NSE,IDO,47031,,NIFTY,,2026-09-01,2026-09-01,25150.00,CE,NIFTY2690125150CE,0.00,0.00,0.00,253.70,0.00,253.70,24383.60,238.65,0,0,0,0.00,0,F1,65,,,,,
2026-07-31,2026-07-31,FO,NSE,IDO,46977,,NIFTY,,2026-09-01,2026-09-01,23800.00,CE,NIFTY2690123800CE,0.00,0.00,0.00,694.30,694.30,694.30,24383.60,919.85,1950,0,0,0.00,0,F1,65,,,,,
2026-07-31,2026-07-31,FO,NSE,IDO,46971,,NIFTY,,2026-09-01,2026-09-01,23650.00,CE,NIFTY2690123650CE,0.00,0.00,0.00,966.45,0.00,966.45,24383.60,1030.55,0,0,0,0.00,0,F1,65,,,,,
2026-07-31,2026-07-31,FO,NSE,IDO,46953,,NIFTY,,2026-09-01,2026-09-01,23200.00,CE,NIFTY2690123200CE,0.00,0.00,0.00,1298.35,0.00,1298.35,24383.60,1395.40,0,0,0,0.00,0,F1,65,,,,,
2026-07-31,2026-07-31,FO,NSE,IDO,46939,,NIFTY,,2026-09-01,2026-09-01,22850.00,CE,NIFTY2690122850CE,0.00,0.00,0.00,1586.45,0.00,1586.45,24383.60,1706.30,0,0,0,0.00,0,F1,65,,,,,
2026-07-31,2026-07-31,FO,NSE,IDO,46929,,NIFTY,,2026-09-01,2026-09-01,22600.00,CE,NIFTY2690122600CE,0.00,0.00,0.00,1805.15,0.00,1805.15,24383.60,1938.65,0,0,0,0.00,0,F1,65,,,,,
2026-07-31,2026-07-31,FO,NSE,IDO,61953,,NIFTY,,2026-08-25,2026-08-25,25350.00,CE,NIFTY26AUG25350CE,0.00,0.00,0.00,417.60,0.00,417.60,24383.60,132.15,0,0,0,0.00,0,F1,65,,,,,
2026-07-31,2026-07-31,FO,NSE,IDO,45013,,NIFTY,,2026-08-18,2026-08-18,22500.00,CE,NIFTY2681822500CE,0.00,0.00,0.00,1729.30,0.00,1729.30,24383.60,1954.80,0,0,0,0.00,0,F1,65,,,,,
2026-07-31,2026-07-31,FO,NSE,IDO,45065,,NIFTY,,2026-08-18,2026-08-18,23500.00,CE,NIFTY2681823500CE,783.05,975.00,783.05,967.90,967.90,866.15,24383.60,1018.15,4355,455,19,30176084.25,18,F1,65,,,,,
2026-07-31,2026-07-31,FO,NSE,IDO,45069,,NIFTY,,2026-08-18,2026-08-18,23600.00,CE,NIFTY2681823600CE,819.75,870.15,794.70,854.25,854.25,777.15,24383.60,854.25,3965,260,13,20648156.75,13,F1,65,,,,,
2026-07-31,2026-07-31,FO,NSE,IDO,45074,,NIFTY,,2026-08-18,2026-08-18,23700.00,CE,NIFTY2681823700CE,746.75,791.35,703.55,780.00,780.00,687.90,24383.60,853.30,4940,-520,36,57196561.50,27,F1,65,,,,,
2026-07-31,2026-07-31,FO,NSE,IDO,74373,,NIFTY,,2026-09-29,2026-09-29,25200.00,PE,NIFTY26SEP25200PE,810.00,810.05,760.90,782.25,782.45,866.00,24383.60,782.25,7215,1820,46,77670986.25,45,F1,65,,,,,
2026-07-31,2026-07-31,FO,NSE,IDO,55701,,NIFTY,,2030-12-31,2030-12-31,19500.00,PE,NIFTY30DEC19500PE,0.00,0.00,0.00,67.40,0.00,67.40,24383.60,205.40,0,0,0,0.00,0,F1,65,,,,,
2026-07-31,2026-07-31,FO,NSE,IDO,58633,,NIFTY,,2026-12-29,2026-12-29,14000.00,PE,NIFTY26DEC14000PE,0.00,0.00,0.00,10.25,10.25,10.25,24383.60,0.00,8245,0,0,0.00,0,F1,65,,,,,
2026-07-31,2026-07-31,FO,NSE,IDO,51477,,NIFTY,,2026-10-27,2026-10-27,25650.00,PE,NIFTY26OCT25650PE,0.00,0.00,0.00,1615.00,0.00,1615.00,24383.60,1312.65,0,0,0,0.00,0,F1,65,,,,,
2026-07-31,2026-07-31,FO,NSE,IDO,51459,,NIFTY,,2026-10-27,2026-10-27,25450.00,PE,NIFTY26OCT25450PE,0.00,0.00,0.00,1471.00,0.00,1471.00,24383.60,1182.55,0,0,0,0.00,0,F1,65,,,,,
2026-07-31,2026-07-31,FO,NSE,IDO,51429,,NIFTY,,2026-10-27,2026-10-27,24750.00,PE,NIFTY26OCT24750PE,0.00,0.00,0.00,1018.65,0.00,1018.65,24383.60,784.15,0,0,0,0.00,0,F1,65,,,,,
2026-07-31,2026-07-31,FO,NSE,IDO,51421,,NIFTY,,2026-10-27,2026-10-27,24550.00,PE,NIFTY26OCT24550PE,0.00,0.00,0.00,905.50,0.00,905.50,24383.60,687.55,0,0,0,0.00,0,F1,65,,,,,
2026-07-31,2026-07-31,FO,NSE,IDO,51393,,NIFTY,,2026-10-27,2026-10-27,24000.00,PE,NIFTY26OCT24000PE,295.70,307.55,272.00,279.80,283.00,319.75,24383.60,279.80,109200,38155,1678,2648783865.00,1208,F1,65,,,,,
2026-07-31,2026-07-31,FO,NSE,IDO,51391,,NIFTY,,2026-10-27,2026-10-27,23950.00,PE,NIFTY26OCT23950PE,0.00,0.00,0.00,612.05,0.00,612.05,24383.60,443.85,0,0,0,0.00,0,F1,65,,,,,
2026-07-31,2026-07-31,FO,NSE,IDO,51367,,NIFTY,,2026-10-27,2026-10-27,23350.00,PE,NIFTY26OCT23350PE,0.00,0.00,0.00,387.65,0.00,387.65,24383.60,267.10,0,0,0,0.00,0,F1,65,,,,,
2026-07-31,2026-07-31,FO,NSE,IDO,51365,,NIFTY,,2026-10-27,2026-10-27,23300.00,PE,NIFTY26OCT23300PE,163.20,165.00,135.55,140.25,141.90,372.00,24383.60,140.25,3315,3315,110,167609565.50,74,F1,65,,,,,
2026-07-31,2026-07-31,FO,NSE,IDO,51355,,NIFTY,,2026-10-27,2026-10-27,23050.00,PE,NIFTY26OCT23050PE,0.00,0.00,0.00,301.35,0.00,301.35,24383.60,201.10,0,0,0,0.00,0,F1,65,,,,,
2026-07-31,2026-07-31,FO,NSE,IDO,55289,,NIFTY,,2026-09-29,2026-09-29,28500.00,PE,NIFTY26SEP28500PE,3865.00,3926.05,3819.95,3837.80,3837.80,3987.90,24383.60,3837.80,418015,3575,183,384731405.50,122,F1,65,,,,,
2026-07-31,2026-07-31,FO,NSE,IDO,74413,,NIFTY,,2026-09-29,2026-09-29,25600.00,PE,NIFTY26SEP25600PE,0.00,0.00,0.00,1670.65,0.00,1670.65,24383.60,1242.45,0,0,0,0.00,0,F1,65,,,,,
2026-07-31,2026-07-31,FO,NSE,IDO,65903,,NIFTY,,2026-09-29,2026-09-29,25000.00,PE,NIFTY26SEP25000PE,682.05,709.85,636.85,656.50,669.00,731.00,24383.60,656.50,951730,25675,3218,5368851299.50,2292,F1,65,,,,,
2026-07-31,2026-07-31,FO,NSE,IDO,74057,,NIFTY,,2026-09-29,2026-09-29,23900.00,PE,NIFTY26SEP23900PE,226.00,226.00,194.00,198.80,202.85,237.05,24383.60,198.80,99775,8775,1387,2173259097.75,988,F1,65,,,,,
2026-07-31,2026-07-31,FO,NSE,IDO,73926,,NIFTY,,2026-09-29,2026-09-29,23350.00,PE,NIFTY26SEP23350PE,110.50,113.15,100.25,101.35,101.40,123.00,24383.60,101.35,10725,2405,158,240873291.75,108,F1,65,,,,,
2026-07-31,2026-07-31,FO,NSE,IDO,73922,,NIFTY,,2026-09-29,2026-09-29,23250.00,PE,NIFTY26SEP23250PE,97.50,102.75,88.60,91.65,92.45,108.70,24383.60,91.65,10855,-1105,158,239736113.50,96,F1,65,,,,,
2026-07-31,2026-07-31,FO,NSE,IDO,73898,,NIFTY,,2026-09-29,2026-09-29,22850.00,PE,NIFTY26SEP22850PE,61.60,62.40,54.15,57.20,58.70,69.90,24383.60,57.20,10465,195,143,212947874.75,80,F1,65,,,,,
2026-07-31,2026-07-31,FO,NSE,IDO,73878,,NIFTY,,2026-09-29,2026-09-29,22300.00,PE,NIFTY26SEP22300PE,35.20,36.25,31.00,33.40,33.35,38.45,24383.60,33.40,56550,-10660,677,982808966.75,353,F1,65,,,,,
2026-07-31,2026-07-31,FO,NSE,IDO,73853,,NIFTY,,2026-09-29,2026-09-29,21800.00,PE,NIFTY26SEP21800PE,23.95,25.10,23.25,23.40,23.25,23.90,24383.60,23.40,27560,650,138,195763860.50,80,F1,65,,,,,
2026-07-31,2026-07-31,FO,NSE,IDO,73806,,NIFTY,,2026-09-29,2026-09-29,21600.00,PE,NIFTY26SEP21600PE,23.15,23.40,20.50,21.30,21.45,23.85,24383.60,21.30,42640,-780,79,111026594.25,45,F1,65,,,,,
2026-07-31,2026-07-31,FO,NSE,IDO,47050,,NIFTY,,2026-09-01,2026-09-01,25600.00,PE,NIFTY2690125600PE,0.00,0.00,0.00,1385.45,0.00,1385.45,24383.60,1199.65,0,0,0,0.00,0,F1,65,,,,,
2026-07-31,2026-07-31,FO,NSE,IDO,47032,,NIFTY,,2026-09-01,2026-09-01,25150.00,PE,NIFTY2690125150PE,0.00,0.00,0.00,1040.90,0.00,1040.90,24383.60,859.05,0,0,0,0.00,0,F1,65,,,,,
2026-07-31,2026-07-31,FO,NSE,IDO,47022,,NIFTY,,2026-09-01,2026-09-01,24900.00,PE,NIFTY2690124900PE,0.00,0.00,0.00,869.25,0.00,869.25,24383.60,693.30,0,0,0,0.00,0,F1,65,,,,,
2026-07-31,2026-07-31,FO,NSE,IDO,47018,,NIFTY,,2026-09-01,2026-09-01,24800.00,PE,NIFTY2690124800PE,475.00,475.00,475.00,475.00,475.00,804.95,24383.60,632.25,195,195,3,4928625.00,1,F1,65,,,,,
2026-07-31,2026-07-31,FO,NSE,IDO,46990,,NIFTY,,2026-09-01,2026-09-01,24100.00,PE,NIFTY2690124100PE,180.45,201.65,163.40,169.95,172.80,216.15,24383.60,169.95,5980,-1495,180,284075168.00,107,F1,65,,,,,
2026-07-31,2026-07-31,FO,NSE,IDO,46976,,NIFTY,,2026-09-01,2026-09-01,23750.00,PE,NIFTY2690123750PE,0.00,0.00,0.00,296.60,0.00,296.60,24383.60,185.60,0,0,0,0.00,0,F1,65,,,,,
2026-07-31,2026-07-31,FO,NSE,IDO,46974,,NIFTY,,2026-09-01,2026-09-01,23700.00,PE,NIFTY2690123700PE,99.00,99.00,85.75,88.00,87.15,116.45,24383.60,88.00,2990,650,109,168565130.50,65,F1,65,,,,,
2026-07-31,2026-07-31,FO,NSE,IDO,46940,,NIFTY,,2026-09-01,2026-09-01,22850.00,PE,NIFTY2690122850PE,0.00,0.00,0.00,89.70,0.00,89.70,24383.60,40.10,0,0,0,0.00,0,F1,65,,,,,
2026-07-31,2026-07-31,FO,NSE,IDO,46926,,NIFTY,,2026-09-01,2026-09-01,22500.00,PE,NIFTY2690122500PE,16.60,19.30,16.10,16.70,17.25,17.90,24383.60,16.70,11310,2860,234,342483937.25,126,F1,65,,,,,
2026-07-31,2026-07-31,FO,NSE,IDO,62052,,NIFTY,,2026-08-25,2026-08-25,26100.00,PE,NIFTY26AUG26100PE,0.00,0.00,0.00,1748.95,1748.95,1748.95,24383.60,1643.25,25155,0,0,0.00,0,F1,65,,,,,
2026-07-31,2026-07-31,FO,NSE,IDO,61859,,NIFTY,,2026-08-25,2026-08-25,24900.00,PE,NIFTY26AUG24900PE,550.00,596.35,509.55,536.00,544.95,616.75,24383.60,536.00,122460,1755,480,793784764.50,364,F1,65,,,,,
2026-07-31,2026-07-31,FO,NSE,IDO,61670,,NIFTY,,2026-08-25,2026-08-25,24200.00,PE,NIFTY26AUG24200PE,202.00,207.30,161.95,170.60,173.90,220.85,24383.60,170.60,2042885,34450,33332,52820248932.75,20765,F1,65,,,,,
2026-07-31,2026-07-31,FO,NSE,IDO,61604,,NIFTY,,2026-08-25,2026-08-25,24000.00,PE,NIFTY26AUG24000PE,140.00,143.40,111.00,117.60,118.00,155.75,24383.60,117.60,8171800,216580,75967,119112614348.00,38804,F1,65,,,,,
2026-07-31,2026-07-31,FO,NSE,IDO,61500,,NIFTY,,2026-08-25,2026-08-25,23500.00,PE,NIFTY26AUG23500PE,57.05,60.00,45.30,46.40,46.60,62.00,24383.60,46.40,3188380,-77740,36229,55455383535.50,21250,F1,65,,,,,
2026-07-31,2026-07-31,FO,NSE,IDO,61498,,NIFTY,,2026-08-25,2026-08-25,23450.00,PE,NIFTY26AUG23450PE,48.00,49.90,41.35,41.90,41.60,55.65,24383.60,41.90,287495,-3900,2316,3536834840.50,1429,F1,65,,,,,
2026-07-31,2026-07-31,FO,NSE,IDO,61381,,NIFTY,,2026-08-25,2026-08-25,22400.00,PE,NIFTY26AUG22400PE,10.45,12.00,9.45,10.85,10.60,12.15,24383.60,10.85,171210,-15080,3472,5057691115.75,2320,F1,65,,,,,
2026-07-31,2026-07-31,FO,NSE,IDO,45203,,NIFTY,,2026-08-18,2026-08-18,26000.00,PE,NIFTY2681826000PE,1600.00,1600.00,1542.10,1570.45,1580.00,1710.00,24383.60,1570.45,1820,1560,44,78855959.00,23,F1,65,,,,,
2026-07-31,2026-07-31,FO,NSE,IDO,45187,,NIFTY,,2026-08-18,2026-08-18,25700.00,PE,NIFTY2681825700PE,1280.00,1290.00,1280.00,1290.00,1290.00,1581.55,24383.60,1278.55,195,195,3,5261750.00,3,F1,65,,,,,
2026-07-31,2026-07-31,FO,NSE,IDO,45159,,NIFTY,,2026-08-18,2026-08-18,25250.00,PE,NIFTY2681825250PE,0.00,0.00,0.00,1204.85,0.00,1204.85,24383.60,890.15,0,0,0,0.00,0,F1,65,,,,,
2026-07-31,2026-07-31,FO,NSE,IDO,45151,,NIFTY,,2026-08-18,2026-08-18,25050.00,PE,NIFTY2681825050PE,0.00,0.00,0.00,1051.15,0.00,1051.15,24383.60,735.55,0,0,0,0.00,0,F1,65,,,,,
2026-07-31,2026-07-31,FO,NSE,IDO,45149,,NIFTY,,2026-08-18,2026-08-18,25000.00,PE,NIFTY2681825000PE,653.30,653.30,586.00,605.80,611.50,681.75,24383.60,605.80,2340,2210,50,83239198.25,42,F1,65,,,,,
2026-07-31,2026-07-31,FO,NSE,IDO,45097,,NIFTY,,2026-08-18,2026-08-18,24150.00,PE,NIFTY2681824150PE,140.05,151.30,115.60,121.90,126.20,167.05,24383.60,121.90,26390,8385,601,948424694.75,412,F1,65,,,,,
2026-07-31,2026-07-31,FO,NSE,IDO,45036,,NIFTY,,2026-08-18,2026-08-18,22900.00,PE,NIFTY2681822900PE,10.25,12.55,9.25,11.40,11.80,12.65,24383.60,11.40,25220,1820,318,473570633.25,223,F1,65,,,,,
2026-07-31,2026-07-31,FO,NSE,IDO,41042,,NIFTY,,2026-08-11,2026-08-11,25100.00,PE,NIFTY2681125100PE,763.00,763.00,670.00,695.55,699.00,900.00,24383.60,695.55,1235,1170,20,33540838.50,16,F1,65,,,,,
2026-07-31,2026-07-31,FO,NSE,IDO,40986,,NIFTY,,2026-08-11,2026-08-11,23850.00,PE,NIFTY2681123850PE,39.60,42.75,28.65,31.50,31.50,50.65,24383.60,31.50,295295,-22230,23687,36771945070.25,14843,F1,65,,,,,
2026-07-31,2026-07-31,FO,NSE,IDO,40978,,NIFTY,,2026-08-11,2026-08-11,23700.00,PE,NIFTY2681123700PE,24.80,26.70,18.50,20.50,21.45,31.65,24383.60,20.50,819520,103285,34503,53199259259.25,22664,F1,65,,,,,
2026-07-31,2026-07-31,FO,NSE,IDO,40956,,NIFTY,,2026-08-11,2026-08-11,23150.00,PE,NIFTY2681123150PE,6.70,9.20,6.40,8.50,8.85,8.45,24383.60,8.50,105950,60190,5650,8504851689.75,2582,F1,65,,,,,
2026-07-31,2026-07-31,FO,NSE,IDO,40930,,NIFTY,,2026-08-11,2026-08-11,22500.00,PE,NIFTY2681122500PE,3.30,5.20,3.15,4.50,4.50,4.15,24383.60,4.50,1143545,106340,28326,41434455396.75,7034,F1,65,,,,,
2026-07-31,2026-07-31,FO,NSE,IDO,40908,,NIFTY,,2026-08-11,2026-08-11,22000.00,PE,NIFTY2681122000PE,2.65,3.95,2.60,3.30,3.50,3.50,24383.60,3.30,1728870,347880,26220,37500268718.25,6947,F1,65,,,,,
2026-07-31,2026-07-31,FO,NSE,IDO,40906,,NIFTY,,2026-08-11,2026-08-11,21950.00,PE,NIFTY2681121950PE,2.70,3.85,2.45,3.25,3.10,3.40,24383.60,3.25,4485,-195,66,94179033.00,56,F1,65,,,,,
2026-07-31,2026-07-31,FO,NSE,IDO,40902,,NIFTY,,2026-08-11,2026-08-11,21850.00,PE,NIFTY2681121850PE,2.50,3.85,2.45,3.15,3.00,2.80,24383.60,3.15,2990,-65,47,66760726.50,41,F1,65,,,,,
2026-07-31,2026-07-31,FO,NSE,IDO,65868,,NIFTY,,2026-08-04,2026-08-04,24550.00,PE,NIFTY2680424550PE,227.00,261.75,169.80,191.00,200.30,282.45,24383.60,191.00,326950,178750,259537,417506946473.50,168072,F1,65,,,,,
2026-07-31,2026-07-31,FO,NSE,IDO,65855,,NIFTY,,2026-08-04,2026-08-04,24400.00,PE,NIFTY2680424400PE,139.95,152.80,83.10,94.55,98.95,171.45,24383.60,94.55,6086600,4537195,4963564,7905432307500.00,2145383,F1,65,,,,,
2026-07-31,2026-07-31,FO,NSE,IDO,65776,,NIFTY,,2026-08-04,2026-08-04,24200.00,PE,NIFTY2680424200PE,50.10,62.10,26.50,30.10,30.80,74.10,24383.60,30.10,11814790,1047280,2638271,4156623447106.00,864620,F1,65,,,,,
2026-07-31,2026-07-31,FO,NSE,IDO,65700,,NIFTY,,2026-08-04,2026-08-04,24150.00,PE,NIFTY2680424150PE,44.05,48.20,19.65,22.70,23.40,58.50,24383.60,22.70,4095130,-68055,1050234,1650582816220.00,375360,F1,65,,,,,
2026-07-31,2026-07-31,FO,NSE,IDO,65683,,NIFTY,,2026-08-04,2026-08-04,23750.00,PE,NIFTY2680423750PE,7.80,7.80,4.40,5.15,5.65,9.30,24383.60,5.15,2292485,189930,457622,706628473882.50,108291,F1,65,,,,,
2026-07-31,2026-07-31,FO,NSE,IDO,65681,,NIFTY,,2026-08-04,2026-08-04,23700.00,PE,NIFTY2680423700PE,6.35,6.45,4.00,4.65,5.05,7.95,24383.60,4.65,6185855,699530,764887,1178567890938.75,152200,F1,65,,,,,
2026-07-31,2026-07-31,FO,NSE,IDO,65677,,NIFTY,,2026-08-04,2026-08-04,23600.00,PE,NIFTY2680423600PE,4.45,5.00,3.30,3.85,4.25,5.75,24383.60,3.85,5191745,390325,749221,1149512460960.50,152080,F1,65,,,,,
2026-07-31,2026-07-31,FO,NSE,IDO,65675,,NIFTY,,2026-08-04,2026-08-04,23550.00,PE,NIFTY2680423550PE,4.00,4.55,3.05,3.55,3.70,5.00,24383.60,3.55,1978665,569140,343253,525521513796.50,65446,F1,65,,,,,
2026-07-31,2026-07-31,FO,NSE,IDO,65526,,NIFTY,,2026-08-04,2026-08-04,23200.00,PE,NIFTY2680423200PE,2.15,2.95,1.90,2.30,2.60,2.65,24383.60,2.30,6203340,1531725,485997,732960843530.50,71498,F1,65,,,,,
2026-07-31,2026-07-31,FO,NSE,IDO,65412,,NIFTY,,2026-08-04,2026-08-04,22050.00,PE,NIFTY2680422050PE,1.00,1.45,0.85,1.15,1.15,1.05,24383.60,1.15,124020,95095,13046,18699102444.75,3877,F1,65,,,,,
2026-07-31,2026-07-31,FO,NSE,IDO,65127,,NIFTY,,2026-08-04,2026-08-04,21600.00,PE,NIFTY2680421600PE,0.80,1.10,0.65,0.80,0.95,0.90,24383.60,0.80,3709680,-303225,107458,150876649472.25,16188,F1,65,,,,,
2026-07-31,2026-07-31,FO,NSE,IDO,74647,,NIFTY,,2031-06-24,2031-06-24,22500.00,CE,NIFTY31JUN22500CE,0.00,0.00,0.00,8012.75,0.00,8012.75,24383.60,8638.15,0,0,0,0.00,0,F1,65,,,,,
2026-07-31,2026-07-31,FO,NSE,IDO,60936,,NIFTY,,2030-06-25,2030-06-25,30000.00,CE,NIFTY30JUN30000CE,0.00,0.00,0.00,5580.35,0.00,5580.35,24383.60,3771.55,0,0,0,0.00,0,F1,65,,,,,
2026-07-31,2026-07-31,FO,NSE,IDO,55648,,NIFTY,,2030-06-25,2030-06-25,28500.00,CE,NIFTY30JUN28500CE,0.00,0.00,0.00,5382.85,0.00,5382.85,24383.60,4382.30,0,0,0,0.00,0,F1,65,,,,,
2026-07-31,2026-07-31,FO,NSE,IDO,55560,,NIFTY,,2029-06-26,2029-06-26,22500.00,CE,NIFTY29JUN22500CE,0.00,0.00,0.00,7946.50,0.00,7946.50,24383.60,6375.70,0,0,0,0.00,0,F1,65,,,,,
2026-07-31,2026-07-31,FO,NSE,IDO,67788,,NIFTY,,2028-12-26,2028-12-26,27000.00,CE,NIFTY28DEC27000CE,0.00,0.00,0.00,2635.00,2635.00,2635.00,24383.60,3191.95,715,0,0,0.00,0,F1,65,,,,,
2026-07-31,2026-07-31,FO,NSE,IDO,55478,,NIFTY,,2028-06-27,2028-06-27,28500.00,CE,NIFTY28JUN28500CE,0.00,0.00,0.00,2990.00,0.00,2990.00,24383.60,1931.30,0,0,0,0.00,0,F1,65,,,,,
2026-07-31,2026-07-31,FO,NSE,IDO,55472,,NIFTY,,2028-06-27,2028-06-27,22500.00,CE,NIFTY28JUN22500CE,0.00,0.00,0.00,6796.05,0.00,6796.05,24383.60,5074.50,0,0,0,0.00,0,F1,65,,,,,
2026-07-31,2026-07-31,FO,NSE,IDO,80278,,NIFTY,,2027-03-30,2027-03-30,28500.00,CE,NIFTY27MAR28500CE,98.00,100.00,94.00,99.25,100.00,97.70,24383.60,99.25,39260,2990,185,343875103.00,113,F1,65,,,,,
2026-07-31,2026-07-31,FO,NSE,IDO,80190,,NIFTY,,2027-03-30,2027-03-30,16500.00,CE,NIFTY27MAR16500CE,0.00,0.00,0.00,6995.90,0.00,6995.90,24383.60,8594.75,0,0,0,0.00,0,F1,65,,,,,
2026-07-31,2026-07-31,FO,NSE,IDO,58644,,NIFTY,,2026-12-29,2026-12-29,20000.00,CE,NIFTY26DEC20000CE,4799.00,4848.00,4764.95,4795.00,4777.65,4735.90,24383.60,4795.00,583335,-520,38,61267518.00,37,F1,65,,,,,
2026-07-31,2026-07-31,FO,NSE,IDO,51488,,NIFTY,,2026-10-27,2026-10-27,25950.00,CE,NIFTY26OCT25950CE,0.00,0.00,0.00,267.40,0.00,267.40,24383.60,365.95,0,0,0,0.00,0,F1,65,,,,,
2026-07-31,2026-07-31,FO,NSE,IDO,51450,,NIFTY,,2026-10-27,2026-10-27,25250.00,CE,NIFTY26OCT25250CE,0.00,0.00,0.00,447.85,0.00,447.85,24383.60,594.05,0,0,0,0.00,0,F1,65,,,,,
2026-07-31,2026-07-31,FO,NSE,IDO,51424,,NIFTY,,2026-10-27,2026-10-27,24650.00,CE,NIFTY26OCT24650CE,0.00,0.00,0.00,666.75,0.00,666.75,24383.60,860.00,0,0,0,0.00,0,F1,65,,,,,
2026-07-31,2026-07-31,FO,NSE,IDO,51386,,NIFTY,,2026-10-27,2026-10-27,23850.00,CE,NIFTY26OCT23850CE,0.00,0.00,0.00,1063.45,0.00,1063.45,24383.60,1322.25,0,0,0,0.00,0,F1,65,,,,,
2026-07-31,2026-07-31,FO,NSE,IDO,51384,,NIFTY,,2026-10-27,2026-10-27,23800.00,CE,NIFTY26OCT23800CE,0.00,0.00,0.00,1092.35,0.00,1092.35,24383.60,1355.15,0,0,0,0.00,0,F1,65,,,,,
2026-07-31,2026-07-31,FO,NSE,IDO,51382,,NIFTY,,2026-10-27,2026-10-27,23750.00,CE,NIFTY26OCT23750CE,0.00,0.00,0.00,1121.75,0.00,1121.75,24383.60,1388.50,0,0,0,0.00,0,F1,65,,,,,
2026-07-31,2026-07-31,FO,NSE,IDO,51330,,NIFTY,,2026-10-27,2026-10-27,22500.00,CE,NIFTY26OCT22500CE,0.00,0.00,0.00,2002.05,0.00,2002.05,24383.60,2353.85,0,0,0,0.00,0,F1,65,,,,,
2026-07-31,2026-07-31,FO,NSE,IDO,65904,,NIFTY,,2026-09-29,2026-09-29,26000.00,CE,NIFTY26SEP26000CE,42.80,48.25,38.00,42.65,42.30,40.80,24383.60,42.65,2338040,108030,13005,22014427139.25,6740,F1,65,,,,,
2026-07-31,2026-07-31,FO,NSE,IDO,74422,,NIFTY,,2026-09-29,2026-09-29,25850.00,CE,NIFTY26SEP25850CE,0.00,0.00,0.00,117.25,117.25,117.25,24383.60,241.50,65,0,0,0.00,0,F1,65,,,,,
2026-07-31,2026-07-31,FO,NSE,IDO,74418,,NIFTY,,2026-09-29,2026-09-29,25750.00,CE,NIFTY26SEP25750CE,0.00,0.00,0.00,293.50,0.00,293.50,24383.60,266.05,0,0,0,0.00,0,F1,65,,,,,
2026-07-31,2026-07-31,FO,NSE,IDO,55286,,NIFTY,,2026-09-29,2026-09-29,25500.00,CE,NIFTY26SEP25500CE,105.00,114.10,97.15,105.90,105.35,99.75,24383.60,105.90,1632865,24895,10774,17931670591.25,6497,F1,65,,,,,
2026-07-31,2026-07-31,FO,NSE,IDO,74243,,NIFTY,,2026-09-29,2026-09-29,24550.00,CE,NIFTY26SEP24550CE,430.00,465.40,430.00,457.90,457.90,418.95,24383.60,708.85,9360,-130,36,58488153.75,34,F1,65,,,,,
2026-07-31,2026-07-31,FO,NSE,IDO,73925,,NIFTY,,2026-09-29,2026-09-29,23350.00,CE,NIFTY26SEP23350CE,0.00,0.00,0.00,1086.90,1086.90,1086.90,24383.60,1480.50,650,0,0,0.00,0,F1,65,,,,,
2026-07-31,2026-07-31,FO,NSE,IDO,73831,,NIFTY,,2026-09-29,2026-09-29,21650.00,CE,NIFTY26SEP21650CE,0.00,0.00,0.00,2630.65,0.00,2630.65,24383.60,2985.15,0,0,0,0.00,0,F1,65,,,,,
2026-07-31,2026-07-31,FO,NSE,IDO,55280,,NIFTY,,2026-09-29,2026-09-29,16500.00,CE,NIFTY26SEP16500CE,0.00,0.00,0.00,10168.85,0.00,10168.85,24383.60,8062.75,0,0,0,0.00,0,F1,65,,,,,
2026-07-31,2026-07-31,FO,NSE,IDO,47019,,NIFTY,,2026-09-01,2026-09-01,24850.00,CE,NIFTY2690124850CE,0.00,0.00,0.00,347.45,0.00,347.45,24383.60,340.25,0,0,0,0.00,0,F1,65,,,,,
2026-07-31,2026-07-31,FO,NSE,IDO,47017,,NIFTY,,2026-09-01,2026-09-01,24800.00,CE,NIFTY2690124800CE,0.00,0.00,0.00,365.30,0.00,365.30,24383.60,359.80,0,0,0,0.00,0,F1,65,,,,,
2026-07-31,2026-07-31,FO,NSE,IDO,47013,,NIFTY,,2026-09-01,2026-09-01,24700.00,CE,NIFTY2690124700CE,0.00,0.00,0.00,402.95,0.00,402.95,24383.60,401.30,0,0,0,0.00,0,F1,65,,,,,
2026-07-31,2026-07-31,FO,NSE,IDO,46981,,NIFTY,,2026-09-01,2026-09-01,23900.00,CE,NIFTY2690123900CE,0.00,0.00,0.00,600.00,600.00,600.00,24383.60,849.70,780,0,0,0.00,0,F1,65,,,,,
2026-07-31,2026-07-31,FO,NSE,IDO,46969,,NIFTY,,2026-09-01,2026-09-01,23600.00,CE,NIFTY2690123600CE,0.00,0.00,0.00,585.55,585.55,585.55,24383.60,1068.75,65,0,0,0.00,0,F1,65,,,,,
2026-07-31,2026-07-31,FO,NSE,IDO,46919,,NIFTY,,2026-09-01,2026-09-01,22350.00,CE,NIFTY2690122350CE,0.00,0.00,0.00,2032.25,0.00,2032.25,24383.60,2176.90,0,0,0,0.00,0,F1,65,,,,,
2026-07-31,2026-07-31,FO,NSE,IDO,46907,,NIFTY,,2026-09-01,2026-09-01,22050.00,CE,NIFTY2690122050CE,0.00,0.00,0.00,2313.35,0.00,2313.35,24383.60,2468.05,0,0,0,0.00,0,F1,65,,,,,
2026-07-31,2026-07-31,FO,NSE,IDO,62066,,NIFTY,,2026-08-25,2026-08-25,26300.00,CE,NIFTY26AUG26300CE,2.60,3.95,2.25,3.45,3.05,2.55,24383.60,3.45,704730,63960,8082,13817728089.75,3447,F1,65,,,,,
2026-07-31,2026-07-31,FO,NSE,IDO,62045,,NIFTY,,2026-08-25,2026-08-25,26100.00,CE,NIFTY26AUG26100CE,3.55,4.45,3.00,4.25,4.10,3.55,24383.60,4.25,46865,2795,1327,2251579034.25,884,F1,65,,,,,
2026-07-31,2026-07-31,FO,NSE,IDO,62043,,NIFTY,,2026-08-25,2026-08-25,26050.00,CE,NIFTY26AUG26050CE,4.25,4.95,3.40,4.45,4.10,3.75,24383.60,4.45,24635,3900,1897,3212590163.25,1613,F1,65,,,,,
2026-07-31,2026-07-31,FO,NSE,IDO,62036,,NIFTY,,2026-08-25,2026-08-25,25950.00,CE,NIFTY26AUG25950CE,4.65,5.75,4.05,5.30,5.00,4.55,24383.60,5.30,17225,-4420,2022,3411246725.25,1814,F1,65,,,,,
2026-07-31,2026-07-31,FO,NSE,IDO,61979,,NIFTY,,2026-08-25,2026-08-25,25600.00,CE,NIFTY26AUG25600CE,11.00,13.20,10.00,11.70,11.60,11.00,24383.60,11.70,321360,9035,5008,8337057693.25,3387,F1,65,,,,,
2026-07-31,2026-07-31,FO,NSE,IDO,61909,,NIFTY,,2026-08-25,2026-08-25,25050.00,CE,NIFTY26AUG25050CE,60.85,66.65,52.75,58.00,56.55,55.45,24383.60,58.00,126555,10790,1956,3192414322.50,1437,F1,65,,,,,
2026-07-31,2026-07-31,FO,NSE,IDO,61865,,NIFTY,,2026-08-25,2026-08-25,24950.00,CE,NIFTY26AUG24950CE,77.35,87.95,70.85,77.40,75.60,73.40,24383.60,77.40,101790,17225,2019,3284436678.25,1312,F1,65,,,,,
2026-07-31,2026-07-31,FO,NSE,IDO,61857,,NIFTY,,2026-08-25,2026-08-25,24900.00,CE,NIFTY26AUG24900CE,92.80,101.85,80.85,88.75,88.80,84.25,24383.60,88.75,664820,61360,13761,22352202141.75,8972,F1,65,,,,,
2026-07-31,2026-07-31,FO,NSE,IDO,61734,,NIFTY,,2026-08-25,2026-08-25,24500.00,CE,NIFTY26AUG24500CE,234.95,265.70,218.65,240.65,235.70,221.10,24383.60,240.65,4390230,-59670,72819,117117392424.50,40986,F1,65,,,,,
2026-07-31,2026-07-31,FO,NSE,IDO,61647,,NIFTY,,2026-08-25,2026-08-25,24200.00,CE,NIFTY26AUG24200CE,418.30,451.65,384.00,420.25,415.00,382.45,24383.60,420.25,1471665,-211380,23592,37753473221.75,15735,F1,65,,,,,
2026-07-31,2026-07-31,FO,NSE,IDO,61534,,NIFTY,,2026-08-25,2026-08-25,23800.00,CE,NIFTY26AUG23800CE,707.65,761.70,673.40,731.15,721.10,667.20,24383.60,731.15,548275,-23335,1229,1959127898.00,896,F1,65,,,,,
2026-07-31,2026-07-31,FO,NSE,IDO,61532,,NIFTY,,2026-08-25,2026-08-25,23750.00,CE,NIFTY26AUG23750CE,744.40,805.40,742.65,776.85,771.15,703.50,24383.60,776.85,17355,585,61,97232671.25,59,F1,65,,,,,
2026-07-31,2026-07-31,FO,NSE,IDO,61376,,NIFTY,,2026-08-25,2026-08-25,22300.00,CE,NIFTY26AUG22300CE,0.00,0.00,0.00,2020.00,2020.00,2020.00,24383.60,2182.40,1820,0,0,0.00,0,F1,65,,,,,
2026-07-31,2026-07-31,FO,NSE,IDO,61364,,NIFTY,,2026-08-25,2026-08-25,22150.00,CE,NIFTY26AUG22150CE,0.00,0.00,0.00,2147.40,2147.40,2147.40,24383.60,2329.65,130,0,0,0.00,0,F1,65,,,,,
2026-07-31,2026-07-31,FO,NSE,IDO,61354,,NIFTY,,2026-08-25,2026-08-25,22050.00,CE,NIFTY26AUG22050CE,0.00,0.00,0.00,2323.10,0.00,2323.10,24383.60,2428.20,0,0,0,0.00,0,F1,65,,,,,
2026-07-31,2026-07-31,FO,NSE,IDO,61211,,NIFTY,,2026-08-25,2026-08-25,21500.00,CE,NIFTY26AUG21500CE,2900.00,2920.00,2883.25,2920.00,2920.00,2837.70,24383.60,2973.55,361010,1560,66,104664270.75,38,F1,65,,,,,
2026-07-31,2026-07-31,FO,NSE,IDO,61175,,NIFTY,,2026-08-25,2026-08-25,21400.00,CE,NIFTY26AUG21400CE,0.00,0.00,0.00,2616.30,2616.30,2616.30,24383.60,3073.00,130,0,0,0.00,0,F1,65,,,,,
2026-07-31,2026-07-31,FO,NSE,IDO,61154,,NIFTY,,2026-08-25,2026-08-25,21250.00,CE,NIFTY26AUG21250CE,0.00,0.00,0.00,3030.30,0.00,3030.30,24383.60,3222.25,0,0,0,0.00,0,F1,65,,,,,
2026-07-31,2026-07-31,FO,NSE,IDO,45184,,NIFTY,,2026-08-18,2026-08-18,25650.00,CE,NIFTY2681825650CE,4.15,4.70,4.15,4.45,4.45,4.15,24383.60,43.85,1300,-130,85,141740413.75,18,F1,65,,,,,
2026-07-31,2026-07-31,FO,NSE,IDO,45156,,NIFTY,,2026-08-18,2026-08-18,25200.00,CE,NIFTY2681825200CE,34.25,34.25,14.95,17.15,16.85,57.90,24383.60,17.15,39455,39000,1250,2048893804.75,586,F1,65,,,,,
2026-07-31,2026-07-31,FO,NSE,IDO,45116,,NIFTY,,2026-08-18,2026-08-18,24600.00,CE,NIFTY2681824600CE,138.45,156.90,121.80,138.95,135.85,122.70,24383.60,138.95,176345,104390,4956,7969875121.00,3347,F1,65,,,,,
2026-07-31,2026-07-31,FO,NSE,IDO,45106,,NIFTY,,2026-08-18,2026-08-18,24400.00,CE,NIFTY2681824400CE,227.95,256.65,205.35,232.20,228.20,204.00,24383.60,232.20,226980,105170,6764,10831645292.00,4705,F1,65,,,,,
2026-07-31,2026-07-31,FO,NSE,IDO,45071,,NIFTY,,2026-08-18,2026-08-18,23650.00,CE,NIFTY2681823650CE,894.30,894.30,894.30,894.30,894.30,708.10,24383.60,893.40,455,-65,1,1595379.50,1,F1,65,,,,,
2026-07-31,2026-07-31,FO,NSE,IDO,45049,,NIFTY,,2026-08-18,2026-08-18,23200.00,CE,NIFTY2681823200CE,0.00,0.00,0.00,1136.90,0.00,1136.90,24383.60,1284.10,0,0,0,0.00,0,F1,65,,,,,
2026-07-31,2026-07-31,FO,NSE,IDO,44991,,NIFTY,,2026-08-18,2026-08-18,22150.00,CE,NIFTY2681822150CE,0.00,0.00,0.00,2053.60,0.00,2053.60,24383.60,2301.05,0,0,0,0.00,0,F1,65,,,,,
2026-07-31,2026-07-31,FO,NSE,IDO,40989,,NIFTY,,2026-08-11,2026-08-11,23950.00,CE,NIFTY2681123950CE,483.70,522.50,439.95,493.25,480.10,426.25,24383.60,493.25,28405,2470,452,717581689.50,306,F1,65,,,,,
2026-07-31,2026-07-31,FO,NSE,IDO,40977,,NIFTY,,2026-08-11,2026-08-11,23700.00,CE,NIFTY2681123700CE,698.65,750.00,654.65,716.10,715.00,640.05,24383.60,716.10,38415,3510,516,818800508.50,304,F1,65,,,,,
2026-07-31,2026-07-31,FO,NSE,IDO,40973,,NIFTY,,2026-08-11,2026-08-11,23600.00,CE,NIFTY2681123600CE,787.30,847.65,753.05,813.05,810.35,731.50,24383.60,813.05,26910,3185,222,352197771.25,206,F1,65,,,,,
2026-07-31,2026-07-31,FO,NSE,IDO,40941,,NIFTY,,2026-08-11,2026-08-11,22800.00,CE,NIFTY2681122800CE,0.00,0.00,0.00,1775.45,0.00,1775.45,24383.60,1627.40,0,0,0,0.00,0,F1,65,,,,,
2026-07-31,2026-07-31,FO,NSE,IDO,40935,,NIFTY,,2026-08-11,2026-08-11,22650.00,CE,NIFTY2681122650CE,0.00,0.00,0.00,1913.40,0.00,1913.40,24383.60,1776.15,0,0,0,0.00,0,F1,65,,,,,
2026-07-31,2026-07-31,FO,NSE,IDO,40903,,NIFTY,,2026-08-11,2026-08-11,21900.00,CE,NIFTY2681121900CE,0.00,0.00,0.00,2631.80,0.00,2631.80,24383.60,2523.80,0,0,0,0.00,0,F1,65,,,,,
2026-07-31,2026-07-31,FO,NSE,IDO,65938,,NIFTY,,2026-08-04,2026-08-04,25400.00,CE,NIFTY2680425400CE,0.75,1.10,0.65,0.70,0.65,0.75,24383.60,0.70,2628340,501865,122629,202467372220.75,20604,F1,65,,,,,
2026-07-31,2026-07-31,FO,NSE,IDO,65932,,NIFTY,,2026-08-04,2026-08-04,25300.00,CE,NIFTY2680425300CE,0.85,1.20,0.75,0.80,0.80,0.90,24383.60,0.80,3363685,585000,195684,321814706733.00,30427,F1,65,,,,,
2026-07-31,2026-07-31,FO,NSE,IDO,65860,,NIFTY,,2026-08-04,2026-08-04,24500.00,CE,NIFTY2680424500CE,46.60,56.80,30.00,37.05,31.15,31.15,24383.60,37.05,9080110,-903890,4248839,6777719862072.25,1377733,F1,65,,,,,
2026-07-31,2026-07-31,FO,NSE,IDO,65774,,NIFTY,,2026-08-04,2026-08-04,24200.00,CE,NIFTY2680424200CE,194.35,248.50,170.25,213.40,201.00,162.70,24383.60,213.40,3336515,-2499185,1019573,1617477537760.50,584675,F1,65,,,,,
2026-07-31,2026-07-31,FO,NSE,IDO,65689,,NIFTY,,2026-08-04,2026-08-04,23900.00,CE,NIFTY2680423900CE,450.40,526.00,422.15,489.20,475.05,404.05,24383.60,489.20,601835,-75660,13904,22029832126.25,8432,F1,65,,,,,
2026-07-31,2026-07-31,FO,NSE,IDO,65678,,NIFTY,,2026-08-04,2026-08-04,23650.00,CE,NIFTY2680423650CE,715.00,771.40,670.60,736.90,719.70,643.75,24383.60,736.90,48425,2990,281,445420092.00,262,F1,65,,,,,
2026-07-31,2026-07-31,FO,NSE,IDO,65433,,NIFTY,,2026-08-04,2026-08-04,22500.00,CE,NIFTY2680422500CE,1888.00,1905.50,1888.00,1897.20,1897.20,1782.40,24383.60,1898.65,16120,-1365,23,36476748.75,20,F1,65,,,,,
2026-07-31,2026-07-31,FO,NSE,IDO,65166,,NIFTY,,2026-08-04,2026-08-04,21750.00,CE,NIFTY2680421750CE,0.00,0.00,0.00,2253.60,0.00,2253.60,24383.60,2648.15,0,0,0,0.00,0,F1,65,,,,,
2026-07-31,2026-07-31,FO,NSE,IDO,61933,,NIFTY,,2029-12-24,2029-12-24,30000.00,PE,NIFTY29DEC30000PE,0.00,0.00,0.00,1953.50,0.00,1953.50,24383.60,2739.10,0,0,0,0.00,0,F1,65,,,,,
2026-07-31,2026-07-31,FO,NSE,IDO,80271,,NIFTY,,2027-03-30,2027-03-30,22500.00,PE,NIFTY27MAR22500PE,225.00,231.05,211.80,217.15,214.80,235.95,24383.60,217.15,838045,-78780,2582,3813820517.00,922,F1,65,,,,,
2026-07-31,2026-07-31,FO,NSE,IDO,58645,,NIFTY,,2026-12-29,2026-12-29,20000.00,PE,NIFTY26DEC20000PE,45.45,46.40,42.95,43.85,43.80,46.35,24383.60,43.85,1075895,5200,1168,1521746759.00,632,F1,65,,,,,
2026-07-31,2026-07-31,FO,NSE,IDO,58641,,NIFTY,,2026-12-29,2026-12-29,18000.00,PE,NIFTY26DEC18000PE,26.75,28.35,26.60,27.00,27.55,27.55,24383.60,27.00,463325,-4160,502,588227383.25,227,F1,65,,,,,
2026-07-31,2026-07-31,FO,NSE,IDO,55323,,NIFTY,,2026-12-29,2026-12-29,16500.00,PE,NIFTY26DEC16500PE,17.95,17.95,17.95,17.95,17.95,18.00,24383.60,0.05,3185,65,1,1073666.75,1,F1,65,,,,,
2026-07-31,2026-07-31,FO,NSE,IDO,53625,,NIFTY,,2027-12-28,2027-12-28,24000.00,PE,NIFTY27DEC24000PE,720.00,735.00,712.00,717.65,712.00,737.80,24383.60,717.65,119180,1365,128,205675226.25,95,F1,65,,,,,
2026-07-31,2026-07-31,FO,NSE,IDO,55599,,NIFTY,,2029-12-24,2029-12-24,16500.00,PE,NIFTY29DEC16500PE,0.00,0.00,0.00,10.15,0.00,10.15,24383.60,46.70,0,0,0,0.00,0,F1,65,,,,,
2026-07-31,2026-07-31,FO,NSE,IDO,61660,,NIFTY,,2029-12-24,2029-12-24,21000.00,PE,NIFTY29DEC21000PE,0.00,0.00,0.00,525.10,525.10,525.10,24383.60,335.55,650,0,0,0.00,0,F1,65,,,,,
2026-07-31,2026-07-31,FO,NSE,IDO,55697,,NIFTY,,2030-12-31,2030-12-31,16500.00,PE,NIFTY30DEC16500PE,0.00,0.00,0.00,13.65,0.00,13.65,24383.60,59.10,0,0,0,0.00,0,F1,65,,,,,
2026-07-31,2026-07-31,FO,NSE,IDO,45181,,NIFTY,,2026-08-18,2026-08-18,25600.00,PE,NIFTY2681825600PE,1190.00,1190.00,1150.00,1150.00,1150.00,1494.85,24383.60,1188.50,130,130,2,3480100.00,2,F1,65,,,,,
2026-07-31,2026-07-31,FO,NSE,IDO,45091,,NIFTY,,2026-08-18,2026-08-18,24000.00,PE,NIFTY2681824000PE,100.00,108.90,81.55,85.95,87.85,121.35,24383.60,85.95,287170,54535,10561,16538249432.25,6504,F1,65,,,,,
2026-07-31,2026-07-31,FO,NSE,IDO,45070,,NIFTY,,2026-08-18,2026-08-18,23600.00,PE,NIFTY2681823600PE,32.35,42.40,31.80,33.95,35.25,48.95,24383.60,33.95,86320,12220,2493,3830094030.75,1660,F1,65,,,,,
2026-07-31,2026-07-31,FO,NSE,IDO,45057,,NIFTY,,2026-08-18,2026-08-18,23350.00,PE,NIFTY2681823350PE,21.80,24.65,20.85,21.60,22.25,29.10,24383.60,21.60,17550,-1170,191,290160390.00,95,F1,65,,,,,
2026-07-31,2026-07-31,FO,NSE,IDO,45050,,NIFTY,,2026-08-18,2026-08-18,23200.00,PE,NIFTY2681823200PE,16.15,17.70,15.30,16.45,17.25,20.70,24383.60,16.45,59085,-6825,1283,1936160164.25,687,F1,65,,,,,
2026-07-31,2026-07-31,FO,NSE,IDO,45022,,NIFTY,,2026-08-18,2026-08-18,22650.00,PE,NIFTY2681822650PE,8.60,9.30,7.85,8.50,8.50,9.30,24383.60,8.50,1625,-2340,60,88369245.25,14,F1,65,,,,,
2026-07-31,2026-07-31,FO,NSE,IDO,45000,,NIFTY,,2026-08-18,2026-08-18,22250.00,PE,NIFTY2681822250PE,5.80,6.55,4.50,6.20,6.55,6.10,24383.60,6.20,1885,-260,133,192403285.75,30,F1,65,,,,,
2026-07-31,2026-07-31,FO,NSE,IDO,44992,,NIFTY,,2026-08-18,2026-08-18,22150.00,PE,NIFTY2681822150PE,5.85,6.45,5.70,6.00,6.25,6.50,24383.60,6.00,2080,0,104,149775122.25,16,F1,65,,,,,
2026-07-31,2026-07-31,FO,NSE,IDO,41080,,NIFTY,,2026-08-11,2026-08-11,26000.00,PE,NIFTY2681126000PE,1638.90,1658.00,1554.45,1599.50,1600.00,1688.30,24383.60,1599.50,19045,-1235,40,71761543.75,23,F1,65,,,,,
2026-07-31,2026-07-31,FO,NSE,IDO,41072,,NIFTY,,2026-08-11,2026-08-11,25800.00,PE,NIFTY2681125800PE,1430.00,1430.00,1365.00,1365.00,1365.00,1775.00,24383.60,1377.55,1040,260,4,7071675.00,4,F1,65,,,,,
2026-07-31,2026-07-31,FO,NSE,IDO,41064,,NIFTY,,2026-08-11,2026-08-11,25650.00,PE,NIFTY2681125650PE,0.00,0.00,0.00,1826.70,1826.70,1826.70,24383.60,1233.25,0,0,0,0.00,0,F1,65,,,,,
2026-07-31,2026-07-31,FO,NSE,IDO,41016,,NIFTY,,2026-08-11,2026-08-11,24600.00,PE,NIFTY2681124600PE,310.00,340.95,260.10,280.00,285.10,359.10,24383.60,280.00,172770,107445,7392,11957268999.00,5107,F1,65,,,,,
2026-07-31,2026-07-31,FO,NSE,IDO,41014,,NIFTY,,2026-08-11,2026-08-11,24550.00,PE,NIFTY2681124550PE,283.25,302.40,230.65,249.20,255.60,322.10,24383.60,249.20,145145,132860,4440,7160826312.25,2981,F1,65,,,,,
2026-07-31,2026-07-31,FO,NSE,IDO,40948,,NIFTY,,2026-08-11,2026-08-11,22950.00,PE,NIFTY2681122950PE,5.05,7.70,4.85,6.65,7.15,6.40,24383.60,6.65,38155,6630,935,1395186464.75,559,F1,65,,,,,
2026-07-31,2026-07-31,FO,NSE,IDO,40940,,NIFTY,,2026-08-11,2026-08-11,22750.00,PE,NIFTY2681122750PE,4.20,6.35,3.60,5.40,5.90,5.15,24383.60,5.40,24700,10400,684,1011693185.75,419,F1,65,,,,,
2026-07-31,2026-07-31,FO,NSE,IDO,66063,,NIFTY,,2026-08-04,2026-08-04,26150.00,PE,NIFTY2680426150PE,0.00,0.00,0.00,2185.20,0.00,2185.20,24383.60,1749.00,0,0,0,0.00,0,F1,65,,,,,
2026-07-31,2026-07-31,FO,NSE,IDO,66059,,NIFTY,,2026-08-04,2026-08-04,26050.00,PE,NIFTY2680426050PE,0.00,0.00,0.00,2092.95,0.00,2092.95,24383.60,1649.05,0,0,0,0.00,0,F1,65,,,,,
2026-07-31,2026-07-31,FO,NSE,IDO,66057,,NIFTY,,2026-08-04,2026-08-04,26000.00,PE,NIFTY2680426000PE,1702.50,1702.50,1580.00,1622.10,1633.25,1702.50,24383.60,1622.10,98150,5525,178,319587177.00,130,F1,65,,,,,
2026-07-31,2026-07-31,FO,NSE,IDO,65456,,NIFTY,,2026-08-04,2026-08-04,23000.00,PE,NIFTY2680423000PE,1.65,2.50,1.55,2.00,2.20,2.05,24383.60,2.00,10813075,3172455,821482,1228225065645.50,125452,F1,65,,,,,
2026-07-31,2026-07-31,FO,NSE,IDO,65439,,NIFTY,,2026-08-04,2026-08-04,22600.00,PE,NIFTY2680422600PE,1.00,1.80,1.00,1.55,1.70,1.40,24383.60,1.55,1157130,124215,106459,156398790518.75,15031,F1,65,,,,,
2026-07-31,2026-07-31,FO,NSE,IDO,65420,,NIFTY,,2026-08-04,2026-08-04,22250.00,PE,NIFTY2680422250PE,0.95,1.50,0.90,1.35,1.35,1.10,24383.60,1.35,253305,146380,19244,27833189972.25,2983,F1,65,,,,,
2026-07-31,2026-07-31,FO,NSE,IDO,74661,,NIFTY,,2031-06-24,2031-06-24,31500.00,CE,NIFTY31JUN31500CE,0.00,0.00,0.00,3928.35,0.00,3928.35,24383.60,4335.45,0,0,0,0.00,0,F1,65,,,,,
2026-07-31,2026-07-31,FO,NSE,IDO,55760,,NIFTY,,2030-12-31,2030-12-31,28500.00,CE,NIFTY30DEC28500CE,0.00,0.00,0.00,5968.30,0.00,5968.30,24383.60,4987.65,0,0,0,0.00,0,F1,65,,,,,
2026-07-31,2026-07-31,FO,NSE,IDO,55696,,NIFTY,,2030-12-31,2030-12-31,16500.00,CE,NIFTY30DEC16500CE,0.00,0.00,0.00,13763.55,0.00,13763.55,24383.60,12140.90,0,0,0,0.00,0,F1,65,,,,,
2026-07-31,2026-07-31,FO,NSE,IDO,55650,,NIFTY,,2030-06-25,2030-06-25,31500.00,CE,NIFTY30JUN31500CE,0.00,0.00,0.00,3984.80,0.00,3984.80,24383.60,3230.70,0,0,0,0.00,0,F1,65,,,,,
2026-07-31,2026-07-31,FO,NSE,IDO,60892,,NIFTY,,2030-06-25,2030-06-25,18000.00,CE,NIFTY30JUN18000CE,0.00,0.00,0.00,12423.90,0.00,12423.90,24383.60,10603.35,0,0,0,0.00,0,F1,65,,,,,
2026-07-31,2026-07-31,FO,NSE,IDO,55606,,NIFTY,,2029-12-24,2029-12-24,28500.00,CE,NIFTY29DEC28500CE,0.00,0.00,0.00,4802.10,0.00,4802.10,24383.60,3782.85,0,0,0,0.00,0,F1,65,,,,,
2026-07-31,2026-07-31,FO,NSE,IDO,55598,,NIFTY,,2029-12-24,2029-12-24,16500.00,CE,NIFTY29DEC16500CE,0.00,0.00,0.00,12984.85,0.00,12984.85,24383.60,11267.20,0,0,0,0.00,0,F1,65,,,,,
2026-07-31,2026-07-31,FO,NSE,IDO,89624,,NIFTY,,2029-06-26,2029-06-26,21000.00,CE,NIFTY29JUN21000CE,0.00,0.00,0.00,9799.75,0.00,9799.75,24383.60,7395.80,0,0,0,0.00,0,F1,65,,,,,
2026-07-31,2026-07-31,FO,NSE,IDO,89612,,NIFTY,,2029-06-26,2029-06-26,18000.00,CE,NIFTY29JUN18000CE,0.00,0.00,0.00,11678.65,0.00,11678.65,24383.60,9632.10,0,0,0,0.00,0,F1,65,,,,,
2026-07-31,2026-07-31,FO,NSE,IDO,55470,,NIFTY,,2028-06-27,2028-06-27,19500.00,CE,NIFTY28JUN19500CE,0.00,0.00,0.00,9209.10,0.00,9209.10,24383.60,7339.00,0,0,0,0.00,0,F1,65,,,,,
2026-07-31,2026-07-31,FO,NSE,IDO,47194,,NIFTY,,2027-12-28,2027-12-28,33000.00,CE,NIFTY27DEC33000CE,120.00,120.00,120.00,120.00,120.00,120.05,24383.60,404.45,3510,0,1,2152800.00,1,F1,65,,,,,
2026-07-31,2026-07-31,FO,NSE,IDO,55376,,NIFTY,,2027-06-29,2027-06-29,25500.00,CE,NIFTY27JUN25500CE,1425.00,1425.00,1425.00,1425.00,1425.00,1050.00,24383.60,1737.60,65,0,1,1750125.00,1,F1,65,,,,,
2026-07-31,2026-07-31,FO,NSE,IDO,55326,,NIFTY,,2026-12-29,2026-12-29,22500.00,CE,NIFTY26DEC22500CE,2525.00,2525.00,2525.00,2525.00,2525.00,2385.35,24383.60,2699.10,15860,0,4,6506500.00,1,F1,65,,,,,
2026-07-31,2026-07-31,FO,NSE,IDO,58636,,NIFTY,,2026-12-29,2026-12-29,16000.00,CE,NIFTY26DEC16000CE,8600.00,8600.00,8600.00,8600.00,8600.00,6200.00,24383.60,8817.15,115,65,1,1599000.00,1,F1,65,,,,,
2026-07-31,2026-07-31,FO,NSE,IDO,51476,,NIFTY,,2026-10-27,2026-10-27,25650.00,CE,NIFTY26OCT25650CE,163.50,172.95,157.65,171.90,171.65,154.60,24383.60,171.90,1950,520,34,57056021.75,21,F1,65,,,,,
2026-07-31,2026-07-31,FO,NSE,IDO,51446,,NIFTY,,2026-10-27,2026-10-27,25150.00,CE,NIFTY26OCT25150CE,0.00,0.00,0.00,479.95,0.00,479.95,24383.60,633.65,0,0,0,0.00,0,F1,65,,,,,
2026-07-31,2026-07-31,FO,NSE,IDO,51442,,NIFTY,,2026-10-27,2026-10-27,25050.00,CE,NIFTY26OCT25050CE,0.00,0.00,0.00,513.75,0.00,513.75,24383.60,675.10,0,0,0,0.00,0,F1,65,,,,,
2026-07-31,2026-07-31,FO,NSE,IDO,51354,,NIFTY,,2026-10-27,2026-10-27,23050.00,CE,NIFTY26OCT23050CE,0.00,0.00,0.00,1582.90,0.00,1582.90,24383.60,1900.80,0,0,0,0.00,0,F1,65,,,,,
2026-07-31,2026-07-31,FO,NSE,IDO,51352,,NIFTY,,2026-10-27,2026-10-27,23000.00,CE,NIFTY26OCT23000CE,1750.00,1750.00,1750.00,1750.00,1750.00,1682.00,24383.60,1940.30,1625,0,3,4826250.00,3,F1,65,,,,,
2026-07-31,2026-07-31,FO,NSE,IDO,74463,,NIFTY,,2026-09-29,2026-09-29,26150.00,CE,NIFTY26SEP26150CE,0.00,0.00,0.00,215.05,0.00,215.05,24383.60,180.35,0,0,0,0.00,0,F1,65,,,,,
2026-07-31,2026-07-31,FO,NSE,IDO,74368,,NIFTY,,2026-09-29,2026-09-29,25100.00,CE,NIFTY26SEP25100CE,213.55,219.80,193.40,207.55,204.10,194.40,24383.60,207.55,122980,27885,1109,1824155927.75,836,F1,65,,,,,
2026-07-31,2026-07-31,FO,NSE,IDO,74045,,NIFTY,,2026-09-29,2026-09-29,23800.00,CE,NIFTY26SEP23800CE,922.60,973.35,911.80,935.35,935.35,891.50,24383.60,1153.70,22750,390,73,117427111.75,60,F1,65,,,,,
2026-07-31,2026-07-31,FO,NSE,IDO,73995,,NIFTY,,2026-09-29,2026-09-29,23550.00,CE,NIFTY26SEP23550CE,0.00,0.00,0.00,1090.30,1090.20,1090.30,24383.60,1331.20,780,0,0,0.00,0,F1,65,,,,,
2026-07-31,2026-07-31,FO,NSE,IDO,73921,,NIFTY,,2026-09-29,2026-09-29,23250.00,CE,NIFTY26SEP23250CE,0.00,0.00,0.00,1240.10,1240.10,1240.10,24383.60,1558.40,650,0,0,0.00,0,F1,65,,,,,
2026-07-31,2026-07-31,FO,NSE,IDO,73881,,NIFTY,,2026-09-29,2026-09-29,22400.00,CE,NIFTY26SEP22400CE,0.00,0.00,0.00,1741.40,1738.55,1741.40,24383.60,2283.05,195,0,0,0.00,0,F1,65,,,,,
2026-07-31,2026-07-31,FO,NSE,IDO,73875,,NIFTY,,2026-09-29,2026-09-29,22250.00,CE,NIFTY26SEP22250CE,0.00,0.00,0.00,2117.80,0.00,2117.80,24383.60,2420.00,0,0,0,0.00,0,F1,65,,,,,
2026-07-31,2026-07-31,FO,NSE,IDO,73871,,NIFTY,,2026-09-29,2026-09-29,22150.00,CE,NIFTY26SEP22150CE,0.00,0.00,0.00,2200.35,0.00,2200.35,24383.60,2512.45,0,0,0,0.00,0,F1,65,,,,,
2026-07-31,2026-07-31,FO,NSE,IDO,47067,,NIFTY,,2026-09-01,2026-09-01,26050.00,CE,NIFTY2690126050CE,0.00,0.00,0.00,85.25,0.00,85.25,24383.60,67.35,0,0,0,0.00,0,F1,65,,,,,
2026-07-31,2026-07-31,FO,NSE,IDO,47035,,NIFTY,,2026-09-01,2026-09-01,25250.00,CE,NIFTY2690125250CE,0.00,0.00,0.00,227.15,0.00,227.15,24383.60,210.45,0,0,0,0.00,0,F1,65,,,,,
2026-07-31,2026-07-31,FO,NSE,IDO,47007,,NIFTY,,2026-09-01,2026-09-01,24550.00,CE,NIFTY2690124550CE,0.00,0.00,0.00,464.50,0.00,464.50,24383.60,469.60,0,0,0,0.00,0,F1,65,,,,,
2026-07-31,2026-07-31,FO,NSE,IDO,46979,,NIFTY,,2026-09-01,2026-09-01,23850.00,CE,NIFTY2690123850CE,0.00,0.00,0.00,630.00,630.00,630.00,24383.60,884.40,65,0,0,0.00,0,F1,65,,,,,
2026-07-31,2026-07-31,FO,NSE,IDO,46935,,NIFTY,,2026-09-01,2026-09-01,22750.00,CE,NIFTY2690122750CE,0.00,0.00,0.00,1672.80,0.00,1672.80,24383.60,1798.40,0,0,0,0.00,0,F1,65,,,,,
2026-07-31,2026-07-31,FO,NSE,IDO,46925,,NIFTY,,2026-09-01,2026-09-01,22500.00,CE,NIFTY2690122500CE,0.00,0.00,0.00,1895.10,0.00,1895.10,24383.60,2033.35,0,0,0,0.00,0,F1,65,,,,,
2026-07-31,2026-07-31,FO,NSE,IDO,61994,,NIFTY,,2026-08-25,2026-08-25,25750.00,CE,NIFTY26AUG25750CE,0.00,0.00,0.00,34.60,34.60,34.60,24383.60,67.95,65,0,0,0.00,0,F1,65,,,,,
2026-07-31,2026-07-31,FO,NSE,IDO,61897,,NIFTY,,2026-08-25,2026-08-25,25000.00,CE,NIFTY26AUG25000CE,73.00,77.10,61.65,67.65,67.00,64.40,24383.60,67.65,5434650,156130,70783,115339712861.75,33899,F1,65,,,,,
2026-07-31,2026-07-31,FO,NSE,IDO,61797,,NIFTY,,2026-08-25,2026-08-25,24750.00,CE,NIFTY26AUG24750CE,138.25,150.00,121.00,133.25,131.00,125.40,24383.60,133.25,130845,-260,2383,3854582013.75,1854,F1,65,,,,,
2026-07-31,2026-07-31,FO,NSE,IDO,61775,,NIFTY,,2026-08-25,2026-08-25,24600.00,CE,NIFTY26AUG24600CE,191.00,212.60,175.00,192.55,188.80,176.95,24383.60,192.55,980135,1430,20993,33832625940.75,14193,F1,65,,,,,
2026-07-31,2026-07-31,FO,NSE,IDO,61772,,NIFTY,,2026-08-25,2026-08-25,24550.00,CE,NIFTY26AUG24550CE,216.90,239.00,196.05,217.45,211.80,198.35,24383.60,217.45,97175,6240,2782,4479288602.75,2051,F1,65,,,,,
2026-07-31,2026-07-31,FO,NSE,IDO,61593,,NIFTY,,2026-08-25,2026-08-25,24000.00,CE,NIFTY26AUG24000CE,525.00,599.00,520.10,567.00,558.90,515.50,24383.60,567.00,6078605,-194675,16696,26657662560.75,11112,F1,65,,,,,
2026-07-31,2026-07-31,FO,NSE,IDO,61530,,NIFTY,,2026-08-25,2026-08-25,23700.00,CE,NIFTY26AUG23700CE,794.95,848.30,761.10,813.80,801.50,749.65,24383.60,813.80,208000,-14885,699,1113727179.50,533,F1,65,,,,,
2026-07-31,2026-07-31,FO,NSE,IDO,61501,,NIFTY,,2026-08-25,2026-08-25,23550.00,CE,NIFTY26AUG23550CE,919.00,919.00,919.00,919.00,919.00,836.00,24383.60,1038.70,6435,0,1,1590485.00,1,F1,65,,,,,
2026-07-31,2026-07-31,FO,NSE,IDO,61459,,NIFTY,,2026-08-25,2026-08-25,23350.00,CE,NIFTY26AUG23350CE,1100.00,1160.00,1100.00,1160.00,1160.00,1042.95,24383.60,1204.55,1430,0,4,6362531.50,4,F1,65,,,,,
2026-07-31,2026-07-31,FO,NSE,IDO,61450,,NIFTY,,2026-08-25,2026-08-25,23250.00,CE,NIFTY26AUG23250CE,0.00,0.00,0.00,1092.70,1092.70,1092.70,24383.60,1290.85,1755,0,0,0.00,0,F1,65,,,,,
2026-07-31,2026-07-31,FO,NSE,IDO,61436,,NIFTY,,2026-08-25,2026-08-25,23100.00,CE,NIFTY26AUG23100CE,1324.50,1395.00,1324.50,1390.00,1390.00,1240.00,24383.60,1424.00,6500,-390,19,30199325.00,13,F1,65,,,,,
2026-07-31,2026-07-31,FO,NSE,IDO,61411,,NIFTY,,2026-08-25,2026-08-25,22750.00,CE,NIFTY26AUG22750CE,0.00,0.00,0.00,1318.80,1318.80,1318.80,24383.60,1748.10,1300,0,0,0.00,0,F1,65,,,,,
2026-07-31,2026-07-31,FO,NSE,IDO,61350,,NIFTY,,2026-08-25,2026-08-25,21950.00,CE,NIFTY26AUG21950CE,0.00,0.00,0.00,2408.05,0.00,2408.05,24383.60,2527.00,0,0,0,0.00,0,F1,65,,,,,
2026-07-31,2026-07-31,FO,NSE,IDO,55643,,NIFTY,,2030-06-25,2030-06-25,19500.00,PE,NIFTY30JUN19500PE,0.00,0.00,0.00,64.95,0.00,64.95,24383.60,200.85,0,0,0,0.00,0,F1,65,,,,,
2026-07-31,2026-07-31,FO,NSE,IDO,55641,,NIFTY,,2030-06-25,2030-06-25,16500.00,PE,NIFTY30JUN16500PE,0.00,0.00,0.00,12.00,0.00,12.00,24383.60,53.50,0,0,0,0.00,0,F1,65,,,,,
2026-07-31,2026-07-31,FO,NSE,IDO,55567,,NIFTY,,2029-06-26,2029-06-26,31500.00,PE,NIFTY29JUN31500PE,0.00,0.00,0.00,2443.35,0.00,2443.35,24383.60,3714.55,0,0,0,0.00,0,F1,65,,,,,
2026-07-31,2026-07-31,FO,NSE,IDO,89625,,NIFTY,,2029-06-26,2029-06-26,21000.00,PE,NIFTY29JUN21000PE,0.00,0.00,0.00,320.25,0.00,320.25,24383.60,326.05,0,0,0,0.00,0,F1,65,,,,,
2026-07-31,2026-07-31,FO,NSE,IDO,67785,,NIFTY,,2028-12-26,2028-12-26,25000.00,PE,NIFTY28DEC25000PE,1169.95,1169.95,1169.95,1169.95,1169.95,1200.00,24383.60,1127.50,5685,65,1,1701046.75,1,F1,65,,,,,
2026-07-31,2026-07-31,FO,NSE,IDO,61344,,NIFTY,,2026-08-25,2026-08-25,21850.00,CE,NIFTY26AUG21850CE,0.00,0.00,0.00,2494.10,0.00,2494.10,24383.60,2626.05,0,0,0,0.00,0,F1,65,,,,,
2026-07-31,2026-07-31,FO,NSE,IDO,45196,,NIFTY,,2026-08-18,2026-08-18,25900.00,CE,NIFTY2681825900CE,2.70,3.50,2.70,3.05,3.15,2.50,24383.60,3.05,4615,195,65,109440509.75,44,F1,65,,,,,
2026-07-31,2026-07-31,FO,NSE,IDO,45170,,NIFTY,,2026-08-18,2026-08-18,25500.00,CE,NIFTY2681825500CE,6.35,7.50,5.70,6.65,6.55,5.90,24383.60,6.65,143975,34255,2660,4410119366.25,1188,F1,65,,,,,
2026-07-31,2026-07-31,FO,NSE,IDO,45076,,NIFTY,,2026-08-18,2026-08-18,23750.00,CE,NIFTY2681823750CE,712.90,712.90,702.25,710.00,710.00,632.60,24383.60,814.05,325,-65,3,4769384.75,3,F1,65,,,,,
2026-07-31,2026-07-31,FO,NSE,IDO,45017,,NIFTY,,2026-08-18,2026-08-18,22550.00,CE,NIFTY2681822550CE,0.00,0.00,0.00,1684.20,0.00,1684.20,24383.60,1905.65,0,0,0,0.00,0,F1,65,,,,,
2026-07-31,2026-07-31,FO,NSE,IDO,41055,,NIFTY,,2026-08-11,2026-08-11,25450.00,CE,NIFTY2681125450CE,1.95,3.00,1.75,2.25,2.05,1.90,24383.60,2.25,28210,3315,1875,3101995919.75,1049,F1,65,,,,,
2026-07-31,2026-07-31,FO,NSE,IDO,41029,,NIFTY,,2026-08-11,2026-08-11,24850.00,CE,NIFTY2681124850CE,25.70,33.00,20.95,25.05,25.35,22.35,24383.60,25.05,241410,97825,17183,27783076980.75,11042,F1,65,,,,,
2026-07-31,2026-07-31,FO,NSE,IDO,40961,,NIFTY,,2026-08-11,2026-08-11,23300.00,CE,NIFTY2681123300CE,1076.95,1135.00,1049.05,1101.85,1105.00,969.55,24383.60,1101.85,18070,3120,144,228375397.25,81,F1,65,,,,,
2026-07-31,2026-07-31,FO,NSE,IDO,40949,,NIFTY,,2026-08-11,2026-08-11,23000.00,CE,NIFTY2681123000CE,1380.00,1434.05,1345.00,1405.90,1404.20,1303.55,24383.60,1405.90,17680,4940,309,489624398.25,187,F1,65,,,,,
2026-07-31,2026-07-31,FO,NSE,IDO,40885,,NIFTY,,2026-08-11,2026-08-11,21650.00,CE,NIFTY2681121650CE,0.00,0.00,0.00,2877.30,0.00,2877.30,24383.60,2773.30,0,0,0,0.00,0,F1,65,,,,,
2026-07-31,2026-07-31,FO,NSE,IDO,66015,,NIFTY,,2026-08-04,2026-08-04,25850.00,CE,NIFTY2680425850CE,0.60,0.75,0.50,0.60,0.55,0.60,24383.60,0.60,90155,49920,6354,10676567690.75,1698,F1,65,,,,,
2026-07-31,2026-07-31,FO,NSE,IDO,65854,,NIFTY,,2026-08-04,2026-08-04,24400.00,CE,NIFTY2680424400CE,79.95,104.00,61.45,77.75,68.30,60.35,24383.60,77.75,8327865,3481400,6794099,10811447819422.25,2624912,F1,65,,,,,
2026-07-31,2026-07-31,FO,NSE,IDO,65806,,NIFTY,,2026-08-04,2026-08-04,24250.00,CE,NIFTY2680424250CE,160.00,207.00,135.00,172.95,159.95,131.30,24383.60,172.95,1701440,-1725425,927714,1472423851843.75,552304,F1,65,,,,,
2026-07-31,2026-07-31,FO,NSE,IDO,67771,,NIFTY,,2028-12-26,2028-12-26,18000.00,PE,NIFTY28DEC18000PE,0.00,0.00,0.00,250.00,250.00,250.00,24383.60,73.85,75,0,0,0.00,0,F1,65,,,,,
2026-07-31,2026-07-31,FO,NSE,IDO,86146,,NIFTY,,2028-06-27,2028-06-27,21000.00,PE,NIFTY28JUN21000PE,0.00,0.00,0.00,907.20,0.00,907.20,24383.60,277.10,0,0,0,0.00,0,F1,65,,,,,
2026-07-31,2026-07-31,FO,NSE,IDO,53617,,NIFTY,,2027-12-28,2027-12-28,22000.00,PE,NIFTY27DEC22000PE,374.05,381.10,365.75,373.10,369.00,370.20,24383.60,373.10,32845,-520,67,97426735.25,39,F1,65,,,,,
2026-07-31,2026-07-31,FO,NSE,IDO,53595,,NIFTY,,2027-12-28,2027-12-28,15000.00,PE,NIFTY27DEC15000PE,0.00,0.00,0.00,39.00,39.00,39.00,24383.60,1.85,625,0,0,0.00,0,F1,65,,,,,
2026-07-31,2026-07-31,FO,NSE,IDO,55381,,NIFTY,,2027-06-29,2027-06-29,31500.00,PE,NIFTY27JUN31500PE,0.00,0.00,0.00,3604.70,0.00,3604.70,24383.60,5493.85,0,0,0,0.00,0,F1,65,,,,,
2026-07-31,2026-07-31,FO,NSE,IDO,71561,,NIFTY,,2027-06-29,2027-06-29,24000.00,PE,NIFTY27JUN24000PE,0.00,0.00,0.00,660.00,660.00,660.00,24383.60,764.40,65,0,0,0.00,0,F1,65,,,,,
2026-07-31,2026-07-31,FO,NSE,IDO,80312,,NIFTY,,2027-03-30,2027-03-30,31500.00,PE,NIFTY27MAR31500PE,0.00,0.00,0.00,7066.15,0.00,7066.15,24383.60,5854.50,0,0,0,0.00,0,F1,65,,,,,
2026-07-31,2026-07-31,FO,NSE,IDO,80310,,NIFTY,,2027-03-30,2027-03-30,30000.00,PE,NIFTY27MAR30000PE,0.00,0.00,0.00,4501.00,4501.00,4501.00,24383.60,4526.70,260,0,0,0.00,0,F1,65,,,,,
2026-07-31,2026-07-31,FO,NSE,IDO,80275,,NIFTY,,2027-03-30,2027-03-30,25500.00,PE,NIFTY27MAR25500PE,1001.00,1016.00,960.00,975.80,982.00,1023.70,24383.60,975.80,64350,5330,168,289159988.00,141,F1,65,,,,,
2026-07-31,2026-07-31,FO,NSE,IDO,55331,,NIFTY,,2026-12-29,2026-12-29,28500.00,PE,NIFTY26DEC28500PE,0.00,0.00,0.00,1948.15,0.00,1948.15,24383.60,3502.65,0,0,0,0.00,0,F1,65,,,,,
2026-07-31,2026-07-31,FO,NSE,IDO,71504,,NIFTY,,2026-12-29,2026-12-29,25000.00,PE,NIFTY26DEC25000PE,757.00,769.35,710.80,726.65,734.00,782.15,24383.60,726.65,1809280,43300,3029,5066451227.50,2159,F1,65,,,,,
2026-07-31,2026-07-31,FO,NSE,IDO,55325,,NIFTY,,2026-12-29,2026-12-29,19500.00,PE,NIFTY26DEC19500PE,37.00,38.15,36.10,37.00,37.25,38.10,24383.60,37.00,69875,-325,61,77464088.00,40,F1,65,,,,,
2026-07-31,2026-07-31,FO,NSE,IDO,51331,,NIFTY,,2026-10-27,2026-10-27,22500.00,PE,NIFTY26OCT22500PE,71.60,72.15,63.15,64.70,64.50,75.80,24383.60,64.70,290940,21970,1399,2052061241.75,788,F1,65,,,,,
2026-07-31,2026-07-31,FO,NSE,IDO,41045,,NIFTY,,2026-08-11,2026-08-11,25200.00,CE,NIFTY2681125200CE,4.45,6.10,3.80,4.35,4.40,3.95,24383.60,4.35,599430,25285,26844,43978723847.50,9640,F1,65,,,,,
2026-07-31,2026-07-31,FO,NSE,IDO,41011,,NIFTY,,2026-08-11,2026-08-11,24500.00,CE,NIFTY2681124500CE,119.00,141.00,99.65,119.70,115.70,100.35,24383.60,119.70,1330875,375570,88139,141051650733.50,52241,F1,65,,,,,
2026-07-31,2026-07-31,FO,NSE,IDO,41009,,NIFTY,,2026-08-11,2026-08-11,24450.00,CE,NIFTY2681124450CE,141.35,166.00,120.00,142.75,139.90,120.05,24383.60,142.75,288145,132080,21965,35113540257.25,13460,F1,65,,,,,
2026-07-31,2026-07-31,FO,NSE,IDF,58072,,NIFTY,,2026-08-25,2026-08-25,,,NIFTY26AUGFUT,24407.50,24490.00,24370.00,24452.60,24430.00,24358.00,24383.60,24452.60,12620920,-558740,35962,57141675571.50,21955,F1,65,,,,,
2026-07-31,2026-07-31,FO,NSE,IDO,65411,,NIFTY,,2026-08-04,2026-08-04,22050.00,CE,NIFTY2680422050CE,0.00,0.00,0.00,1974.35,0.00,1974.35,24383.60,2348.35,0,0,0,0.00,0,F1,65,,,,,
2026-07-31,2026-07-31,FO,NSE,IDO,65415,,NIFTY,,2026-08-04,2026-08-04,22150.00,CE,NIFTY2680422150CE,0.00,0.00,0.00,1883.40,0.00,1883.40,24383.60,2248.40,0,0,0,0.00,0,F1,65,,,,,
2026-07-31,2026-07-31,FO,NSE,IDO,65521,,NIFTY,,2026-08-04,2026-08-04,23100.00,CE,NIFTY2680423100CE,1249.00,1289.00,1213.00,1284.90,1282.70,1194.75,24383.60,1284.90,13130,-195,9,14249735.50,9,F1,65,,,,,
2026-07-31,2026-07-31,FO,NSE,IDO,65531,,NIFTY,,2026-08-04,2026-08-04,23350.00,CE,NIFTY2680423350CE,1024.95,1065.55,1000.00,1025.75,1023.45,946.20,24383.60,1025.75,21645,-130,49,77636851.50,37,F1,65,,,,,
2026-07-31,2026-07-31,FO,NSE,IDO,65682,,NIFTY,,2026-08-04,2026-08-04,23750.00,CE,NIFTY2680423750CE,575.95,675.15,562.40,634.95,624.10,544.95,24383.60,634.95,81770,1755,1014,1606648426.50,878,F1,65,,,,,
2026-07-31,2026-07-31,FO,NSE,IDO,65686,,NIFTY,,2026-08-04,2026-08-04,23850.00,CE,NIFTY2680423850CE,510.00,575.00,469.35,535.90,525.05,452.00,24383.60,535.90,106665,-17615,2521,3994555357.00,1994,F1,65,,,,,
2026-07-31,2026-07-31,FO,NSE,IDO,65879,,NIFTY,,2026-08-04,2026-08-04,24650.00,CE,NIFTY2680424650CE,19.75,19.75,6.70,9.20,7.20,8.90,24383.60,9.20,5245305,1368185,1461368,2342594500408.50,342934,F1,65,,,,,
2026-07-31,2026-07-31,FO,NSE,IDO,65916,,NIFTY,,2026-08-04,2026-08-04,25000.00,CE,NIFTY2680425000CE,1.30,2.35,1.30,1.55,1.60,1.45,24383.60,1.55,10899850,2248350,1001992,1628354252759.00,140583,F1,65,,,,,
2026-07-31,2026-07-31,FO,NSE,IDO,45055,,NIFTY,,2026-08-18,2026-08-18,23300.00,PE,NIFTY2681823300PE,20.25,21.55,18.40,19.70,20.30,25.45,24383.60,19.70,56030,-27170,2007,3042199966.00,989,F1,65,,,,,
2026-07-31,2026-07-31,FO,NSE,IDO,41068,,NIFTY,,2026-08-11,2026-08-11,25700.00,PE,NIFTY2681125700PE,0.00,0.00,0.00,1450.00,1450.00,1450.00,24383.60,1281.10,260,0,0,0.00,0,F1,65,,,,,
2026-07-31,2026-07-31,FO,NSE,IDO,41008,,NIFTY,,2026-08-11,2026-08-11,24400.00,PE,NIFTY2681124400PE,230.90,230.90,153.85,166.00,172.00,230.90,24383.60,166.00,1327560,1016925,83652,133599088051.00,52146,F1,65,,,,,
2026-07-31,2026-07-31,FO,NSE,IDO,40976,,NIFTY,,2026-08-11,2026-08-11,23650.00,PE,NIFTY2681123650PE,21.05,22.95,16.30,18.30,19.30,26.95,24383.60,18.30,184470,51220,9385,14438326779.50,5727,F1,65,,,,,
2026-07-31,2026-07-31,FO,NSE,IDO,40974,,NIFTY,,2026-08-11,2026-08-11,23600.00,PE,NIFTY2681123600PE,18.45,20.05,14.60,15.70,18.00,23.60,24383.60,15.70,838890,256555,32607,50053576293.50,18441,F1,65,,,,,
2026-07-31,2026-07-31,FO,NSE,IDO,40968,,NIFTY,,2026-08-11,2026-08-11,23450.00,PE,NIFTY2681123450PE,15.60,15.60,10.25,12.60,12.65,15.55,24383.60,12.60,234065,145795,11026,16815169731.75,6153,F1,65,,,,,
2026-07-31,2026-07-31,FO,NSE,IDO,66031,,NIFTY,,2026-08-04,2026-08-04,25850.00,PE,NIFTY2680425850PE,0.00,0.00,0.00,1832.00,1832.00,1832.00,24383.60,1449.25,260,0,0,0.00,0,F1,65,,,,,
2026-07-31,2026-07-31,FO,NSE,IDO,65946,,NIFTY,,2026-08-04,2026-08-04,25550.00,PE,NIFTY2680425550PE,1130.00,1130.00,1130.00,1130.00,1130.00,1538.40,24383.60,1149.95,260,65,1,1734200.00,1,F1,65,,,,,
2026-07-31,2026-07-31,FO,NSE,IDO,65941,,NIFTY,,2026-08-04,2026-08-04,25450.00,PE,NIFTY2680425450PE,0.00,0.00,0.00,1200.00,1200.00,1200.00,24383.60,1050.60,130,0,0,0.00,0,F1,65,,,,,
2026-07-31,2026-07-31,FO,NSE,IDO,65694,,NIFTY,,2026-08-04,2026-08-04,24000.00,PE,NIFTY2680424000PE,21.95,24.95,9.60,11.10,11.55,28.15,24383.60,11.10,14686165,3755895,1756313,2741481545816.00,449800,F1,65,,,,,
2026-07-31,2026-07-31,FO,NSE,IDO,65528,,NIFTY,,2026-08-04,2026-08-04,23250.00,PE,NIFTY2680423250PE,2.30,3.10,2.05,2.45,2.80,2.85,24383.60,2.45,1520285,600795,170067,257042447067.25,34174,F1,65,,,,,
2026-07-31,2026-07-31,FO,NSE,IDO,65522,,NIFTY,,2026-08-04,2026-08-04,23100.00,PE,NIFTY2680423100PE,3.25,3.25,1.70,2.20,2.20,2.25,24383.60,2.20,4370665,2154035,394814,592870489120.00,60299,F1,65,,,,,
2026-07-31,2026-07-31,FO,NSE,IDO,65444,,NIFTY,,2026-08-04,2026-08-04,22700.00,PE,NIFTY2680422700PE,1.05,1.95,1.05,1.60,1.90,1.50,24383.60,1.60,1455675,379990,83695,123500823052.75,11964,F1,65,,,,,
2026-07-31,2026-07-31,FO,NSE,IDO,65203,,NIFTY,,2026-08-04,2026-08-04,21800.00,PE,NIFTY2680421800PE,0.95,1.30,0.70,0.90,1.00,0.90,24383.60,0.90,484575,-102375,30373,43040276331.00,7949,F1,65,,,,,
2026-07-31,2026-07-31,FO,NSE,IDO,61794,,NIFTY,,2029-12-24,2029-12-24,27000.00,CE,NIFTY29DEC27000CE,0.00,0.00,0.00,6201.65,0.00,6201.65,24383.60,4457.00,0,0,0,0.00,0,F1,65,,,,,
2026-07-31,2026-07-31,FO,NSE,IDO,89630,,NIFTY,,2029-06-26,2029-06-26,24000.00,CE,NIFTY29JUN24000CE,0.00,0.00,0.00,8085.35,0.00,8085.35,24383.60,5438.25,0,0,0,0.00,0,F1,65,,,,,
2026-07-31,2026-07-31,FO,NSE,IDO,55518,,NIFTY,,2028-12-26,2028-12-26,19500.00,CE,NIFTY28DEC19500CE,0.00,0.00,0.00,9716.40,0.00,9716.40,24383.60,7925.60,0,0,0,0.00,0,F1,65,,,,,
2026-07-31,2026-07-31,FO,NSE,IDO,86145,,NIFTY,,2028-06-27,2028-06-27,21000.00,CE,NIFTY28JUN21000CE,0.00,0.00,0.00,5226.55,0.00,5226.55,24383.60,6161.55,0,0,0,0.00,0,F1,65,,,,,
2026-07-31,2026-07-31,FO,NSE,IDO,71547,,NIFTY,,2027-06-29,2027-06-29,18000.00,CE,NIFTY27JUN18000CE,0.00,0.00,0.00,4066.45,0.00,4066.45,24383.60,7454.25,0,0,0,0.00,0,F1,65,,,,,
2026-07-31,2026-07-31,FO,NSE,IDO,35235,,NIFTY,,2026-12-29,2026-12-29,30000.00,CE,NIFTY26DEC30000CE,19.50,19.90,18.10,19.35,19.00,19.25,24383.60,19.35,835140,2860,459,895628002.75,231,F1,65,,,,,
2026-07-31,2026-07-31,FO,NSE,IDO,71501,,NIFTY,,2026-12-29,2026-12-29,24000.00,CE,NIFTY26DEC24000CE,1293.85,1333.05,1258.00,1303.90,1300.00,1253.85,24383.60,1303.90,866985,-40755,2002,3292543868.25,1182,F1,65,,,,,
2026-07-31,2026-07-31,FO,NSE,IDO,51486,,NIFTY,,2026-10-27,2026-10-27,25900.00,CE,NIFTY26OCT25900CE,0.00,0.00,0.00,277.95,0.00,277.95,24383.60,379.55,0,0,0,0.00,0,F1,65,,,,,
2026-07-31,2026-07-31,FO,NSE,IDO,51478,,NIFTY,,2026-10-27,2026-10-27,25700.00,CE,NIFTY26OCT25700CE,150.95,165.40,146.30,158.45,160.25,145.40,24383.60,158.45,16640,10530,317,532780904.50,254,F1,65,,,,,
2026-07-31,2026-07-31,FO,NSE,IDO,51434,,NIFTY,,2026-10-27,2026-10-27,24900.00,CE,NIFTY26OCT24900CE,450.95,451.00,427.40,432.50,430.85,567.75,24383.60,432.50,2600,2600,45,74102905.50,28,F1,65,,,,,
2026-07-31,2026-07-31,FO,NSE,IDO,51412,,NIFTY,,2026-10-27,2026-10-27,24450.00,CE,NIFTY26OCT24450CE,0.00,0.00,0.00,754.35,0.00,754.35,24383.60,964.00,0,0,0,0.00,0,F1,65,,,,,
2026-07-31,2026-07-31,FO,NSE,IDO,51410,,NIFTY,,2026-10-27,2026-10-27,24400.00,CE,NIFTY26OCT24400CE,693.00,725.00,688.65,697.00,699.90,660.00,24383.60,697.00,3055,2405,52,84850671.75,34,F1,65,,,,,
2026-07-31,2026-07-31,FO,NSE,IDO,51392,,NIFTY,,2026-10-27,2026-10-27,24000.00,CE,NIFTY26OCT24000CE,950.00,996.00,925.00,965.40,959.90,918.10,24383.60,965.40,41080,7735,289,468998143.25,216,F1,65,,,,,
2026-07-31,2026-07-31,FO,NSE,IDO,51346,,NIFTY,,2026-10-27,2026-10-27,22850.00,CE,NIFTY26OCT22850CE,0.00,0.00,0.00,1729.40,0.00,1729.40,24383.60,2060.95,0,0,0,0.00,0,F1,65,,,,,
2026-07-31,2026-07-31,FO,NSE,IDO,51340,,NIFTY,,2026-10-27,2026-10-27,22700.00,CE,NIFTY26OCT22700CE,0.00,0.00,0.00,1844.00,0.00,1844.00,24383.60,2184.65,0,0,0,0.00,0,F1,65,,,,,
2026-07-31,2026-07-31,FO,NSE,IDO,51334,,NIFTY,,2026-10-27,2026-10-27,22600.00,CE,NIFTY26OCT22600CE,0.00,0.00,0.00,1922.30,0.00,1922.30,24383.60,2268.65,0,0,0,0.00,0,F1,65,,,,,
2026-07-31,2026-07-31,FO,NSE,IDO,51326,,NIFTY,,2026-10-27,2026-10-27,22400.00,CE,NIFTY26OCT22400CE,0.00,0.00,0.00,2083.15,0.00,2083.15,24383.60,2440.15,0,0,0,0.00,0,F1,65,,,,,
2026-07-31,2026-07-31,FO,NSE,IDO,51320,,NIFTY,,2026-10-27,2026-10-27,22300.00,CE,NIFTY26OCT22300CE,0.00,0.00,0.00,2165.60,0.00,2165.60,24383.60,2527.50,0,0,0,0.00,0,F1,65,,,,,
2026-07-31,2026-07-31,FO,NSE,IDO,55292,,NIFTY,,2026-09-29,2026-09-29,34500.00,CE,NIFTY26SEP34500CE,1.00,1.00,0.55,0.55,0.55,0.95,24383.60,0.00,9815,0,2,4485100.75,2,F1,65,,,,,
2026-07-31,2026-07-31,FO,NSE,IDO,51470,,NIFTY,,2026-10-27,2026-10-27,25550.00,CE,NIFTY26OCT25550CE,0.00,0.00,0.00,361.35,0.00,361.35,24383.60,486.10,0,0,0,0.00,0,F1,65,,,,,
2026-07-31,2026-07-31,FO,NSE,IDO,74388,,NIFTY,,2026-09-29,2026-09-29,25350.00,CE,NIFTY26SEP25350CE,0.00,0.00,0.00,393.25,0.00,393.25,24383.60,378.65,0,0,0,0.00,0,F1,65,,,,,
2026-07-31,2026-07-31,FO,NSE,IDO,74068,,NIFTY,,2026-09-29,2026-09-29,24200.00,CE,NIFTY26SEP24200CE,650.00,685.50,626.55,659.25,661.20,618.00,24383.60,659.25,100815,-3445,777,1255730846.50,624,F1,65,,,,,
2026-07-31,2026-07-31,FO,NSE,IDO,74058,,NIFTY,,2026-09-29,2026-09-29,23950.00,CE,NIFTY26SEP23950CE,850.65,861.40,826.00,826.70,826.70,782.90,24383.60,1054.40,2795,-130,4,6445708.75,4,F1,65,,,,,
2026-07-31,2026-07-31,FO,NSE,IDO,73901,,NIFTY,,2026-09-29,2026-09-29,22950.00,CE,NIFTY26SEP22950CE,0.00,0.00,0.00,1377.20,1377.20,1377.20,24383.60,1802.40,390,0,0,0.00,0,F1,65,,,,,
2026-07-31,2026-07-31,FO,NSE,IDO,55284,,NIFTY,,2026-09-29,2026-09-29,22500.00,CE,NIFTY26SEP22500CE,2060.00,2120.65,2043.00,2075.00,2075.00,1987.75,24383.60,2192.95,178555,-650,33,52741741.00,31,F1,65,,,,,
2026-07-31,2026-07-31,FO,NSE,IDO,73856,,NIFTY,,2026-09-29,2026-09-29,21900.00,CE,NIFTY26SEP21900CE,0.00,0.00,0.00,2350.00,2350.00,2350.00,24383.60,2746.85,130,0,0,0.00,0,F1,65,,,,,
2026-07-31,2026-07-31,FO,NSE,IDO,47055,,NIFTY,,2026-09-01,2026-09-01,25750.00,CE,NIFTY2690125750CE,0.00,0.00,0.00,125.80,0.00,125.80,24383.60,106.30,0,0,0,0.00,0,F1,65,,,,,
2026-07-31,2026-07-31,FO,NSE,IDO,46997,,NIFTY,,2026-09-01,2026-09-01,24300.00,CE,NIFTY2690124300CE,400.00,435.00,384.85,412.10,410.00,379.85,24383.60,412.10,2340,195,73,117243272.25,61,F1,65,,,,,
2026-07-31,2026-07-31,FO,NSE,IDO,46993,,NIFTY,,2026-09-01,2026-09-01,24200.00,CE,NIFTY2690124200CE,450.00,500.00,450.00,476.75,476.75,436.30,24383.60,476.75,1950,130,25,40095331.25,23,F1,65,,,,,
2026-07-31,2026-07-31,FO,NSE,IDO,46987,,NIFTY,,2026-09-01,2026-09-01,24050.00,CE,NIFTY2690124050CE,0.00,0.00,0.00,715.35,0.00,715.35,24383.60,750.10,0,0,0,0.00,0,F1,65,,,,,
2026-07-31,2026-07-31,FO,NSE,IDO,46973,,NIFTY,,2026-09-01,2026-09-01,23700.00,CE,NIFTY2690123700CE,0.00,0.00,0.00,590.00,590.00,590.00,24383.60,993.05,0,0,0,0.00,0,F1,65,,,,,
2026-07-31,2026-07-31,FO,NSE,IDO,61983,,NIFTY,,2026-08-25,2026-08-25,25700.00,CE,NIFTY26AUG25700CE,8.25,10.35,7.55,8.90,8.25,8.30,24383.60,8.90,211965,20605,5090,8505765014.50,2996,F1,65,,,,,
2026-07-31,2026-07-31,FO,NSE,IDO,61981,,NIFTY,,2026-08-25,2026-08-25,25650.00,CE,NIFTY26AUG25650CE,9.65,11.50,8.65,10.30,10.05,9.55,24383.60,10.30,50245,2925,589,982387243.50,416,F1,65,,,,,
2026-07-31,2026-07-31,FO,NSE,IDO,61717,,NIFTY,,2026-08-25,2026-08-25,24350.00,CE,NIFTY26AUG24350CE,327.95,352.25,295.35,324.80,319.85,299.50,24383.60,324.80,191880,-65910,8980,14402467566.50,6412,F1,65,,,,,
2026-07-31,2026-07-31,FO,NSE,IDO,61623,,NIFTY,,2026-08-25,2026-08-25,24150.00,CE,NIFTY26AUG24150CE,428.00,485.00,416.55,454.85,440.00,413.45,24383.60,454.85,62660,-11765,1462,2338038244.75,1146,F1,65,,,,,
2026-07-31,2026-07-31,FO,NSE,IDO,61455,,NIFTY,,2026-08-25,2026-08-25,23300.00,CE,NIFTY26AUG23300CE,1136.00,1200.00,1130.00,1173.65,1174.25,1091.75,24383.60,1173.65,28730,130,54,85894844.75,35,F1,65,,,,,
2026-07-31,2026-07-31,FO,NSE,IDO,61403,,NIFTY,,2026-08-25,2026-08-25,22650.00,CE,NIFTY26AUG22650CE,0.00,0.00,0.00,1653.90,1653.90,1653.90,24383.60,1843.30,780,0,0,0.00,0,F1,65,,,,,
2026-07-31,2026-07-31,FO,NSE,IDO,61271,,NIFTY,,2026-08-25,2026-08-25,21550.00,CE,NIFTY26AUG21550CE,0.00,0.00,0.00,2758.30,0.00,2758.30,24383.60,2923.85,0,0,0,0.00,0,F1,65,,,,,
2026-07-31,2026-07-31,FO,NSE,IDO,61177,,NIFTY,,2026-08-25,2026-08-25,21450.00,CE,NIFTY26AUG21450CE,0.00,0.00,0.00,2848.15,0.00,2848.15,24383.60,3023.25,0,0,0,0.00,0,F1,65,,,,,
2026-07-31,2026-07-31,FO,NSE,IDO,45194,,NIFTY,,2026-08-18,2026-08-18,25850.00,CE,NIFTY2681825850CE,0.00,0.00,0.00,3.10,3.05,3.10,24383.60,27.80,65,0,0,0.00,0,F1,65,,,,,
2026-07-31,2026-07-31,FO,NSE,IDO,45192,,NIFTY,,2026-08-18,2026-08-18,25800.00,CE,NIFTY2681825800CE,3.45,4.05,3.00,3.35,3.20,3.35,24383.60,3.35,13455,3120,325,545102330.50,181,F1,65,,,,,
2026-07-31,2026-07-31,FO,NSE,IDO,45146,,NIFTY,,2026-08-18,2026-08-18,24950.00,CE,NIFTY2681824950CE,0.00,0.00,0.00,222.15,0.00,222.15,24383.60,170.25,0,0,0,0.00,0,F1,65,,,,,
2026-07-31,2026-07-31,FO,NSE,IDO,45054,,NIFTY,,2026-08-18,2026-08-18,23300.00,CE,NIFTY2681823300CE,0.00,0.00,0.00,1060.70,0.00,1060.70,24383.60,1193.35,0,0,0,0.00,0,F1,65,,,,,
2026-07-31,2026-07-31,FO,NSE,IDO,41037,,NIFTY,,2026-08-11,2026-08-11,25000.00,CE,NIFTY2681125000CE,11.40,15.50,9.65,11.45,11.00,9.90,24383.60,11.45,1952470,661570,76913,125042462320.75,35166,F1,65,,,,,
2026-07-31,2026-07-31,FO,NSE,IDO,41020,,NIFTY,,2026-08-11,2026-08-11,24700.00,CE,NIFTY2681124700CE,54.95,65.65,43.95,52.75,49.45,45.40,24383.60,52.75,1278615,188370,53119,85468536604.75,32087,F1,65,,,,,
2026-07-31,2026-07-31,FO,NSE,IDO,41015,,NIFTY,,2026-08-11,2026-08-11,24600.00,CE,NIFTY2681124600CE,80.00,98.45,68.00,81.65,77.65,69.45,24383.60,81.65,1037920,53300,44953,72120902031.75,28329,F1,65,,,,,
2026-07-31,2026-07-31,FO,NSE,IDO,41005,,NIFTY,,2026-08-11,2026-08-11,24350.00,CE,NIFTY2681124350CE,192.80,223.00,166.25,195.65,189.90,165.30,24383.60,195.65,333710,139295,38437,61316522709.00,25707,F1,65,,,,,
2026-07-31,2026-07-31,FO,NSE,IDO,40985,,NIFTY,,2026-08-11,2026-08-11,23850.00,CE,NIFTY2681123850CE,555.60,610.00,519.00,578.40,576.60,510.05,24383.60,578.40,11635,195,74,117409665.75,63,F1,65,,,,,
2026-07-31,2026-07-31,FO,NSE,IDO,40889,,NIFTY,,2026-08-11,2026-08-11,21700.00,CE,NIFTY2681121700CE,0.00,0.00,0.00,2828.05,0.00,2828.05,24383.60,2723.40,0,0,0,0.00,0,F1,65,,,,,
2026-07-31,2026-07-31,FO,NSE,IDO,66060,,NIFTY,,2026-08-04,2026-08-04,26100.00,CE,NIFTY2680426100CE,0.50,0.65,0.40,0.50,0.50,0.50,24383.60,0.50,224835,-257790,31618,53640990071.50,5333,F1,65,,,,,
2026-07-31,2026-07-31,FO,NSE,IDO,65922,,NIFTY,,2026-08-04,2026-08-04,25150.00,CE,NIFTY2680425150CE,1.05,1.50,0.85,0.95,0.90,1.00,24383.60,0.95,983125,408850,146591,239651049267.50,31878,F1,65,,,,,
2026-07-31,2026-07-31,FO,NSE,IDO,65918,,NIFTY,,2026-08-04,2026-08-04,25050.00,CE,NIFTY2680425050CE,1.15,1.90,1.15,1.30,1.40,1.25,24383.60,1.30,1194180,332280,202283,329387724789.50,39368,F1,65,,,,,
2026-07-31,2026-07-31,FO,NSE,IDO,65914,,NIFTY,,2026-08-04,2026-08-04,24950.00,CE,NIFTY2680424950CE,0.65,2.65,0.65,1.70,1.50,1.55,24383.60,1.70,1385475,375830,456689,740696833838.00,71629,F1,65,,,,,
2026-07-31,2026-07-31,FO,NSE,IDO,74639,,NIFTY,,2031-06-24,2031-06-24,16500.00,PE,NIFTY31JUN16500PE,0.00,0.00,0.00,95.65,0.00,95.65,24383.60,63.05,0,0,0,0.00,0,F1,65,,,,,
2026-07-31,2026-07-31,FO,NSE,IDO,55699,,NIFTY,,2030-12-31,2030-12-31,18000.00,PE,NIFTY30DEC18000PE,0.00,0.00,0.00,32.30,0.00,32.30,24383.60,115.65,0,0,0,0.00,0,F1,65,,,,,
2026-07-31,2026-07-31,FO,NSE,IDO,60939,,NIFTY,,2030-06-25,2030-06-25,30000.00,PE,NIFTY30JUN30000PE,0.00,0.00,0.00,2100.85,0.00,2100.85,24383.60,2537.25,0,0,0,0.00,0,F1,65,,,,,
2026-07-31,2026-07-31,FO,NSE,IDO,60911,,NIFTY,,2030-06-25,2030-06-25,27000.00,PE,NIFTY30JUN27000PE,0.00,0.00,0.00,1286.05,0.00,1286.05,24383.60,1516.40,0,0,0,0.00,0,F1,65,,,,,
2026-07-31,2026-07-31,FO,NSE,IDO,55645,,NIFTY,,2030-06-25,2030-06-25,22500.00,PE,NIFTY30JUN22500PE,0.00,0.00,0.00,223.75,0.00,223.75,24383.60,532.55,0,0,0,0.00,0,F1,65,,,,,
2026-07-31,2026-07-31,FO,NSE,IDO,60893,,NIFTY,,2030-06-25,2030-06-25,18000.00,PE,NIFTY30JUN18000PE,0.00,0.00,0.00,116.65,0.00,116.65,24383.60,109.30,0,0,0,0.00,0,F1,65,,,,,
2026-07-31,2026-07-31,FO,NSE,IDO,51473,,NIFTY,,2026-10-27,2026-10-27,25600.00,PE,NIFTY26OCT25600PE,0.00,0.00,0.00,1578.40,0.00,1578.40,24383.60,1279.45,0,0,0,0.00,0,F1,65,,,,,
2026-07-31,2026-07-31,FO,NSE,IDO,51491,,NIFTY,,2026-10-27,2026-10-27,26000.00,PE,NIFTY26OCT26000PE,1350.00,1374.90,1331.20,1374.90,1374.90,1438.25,24383.60,1374.90,1430,1105,57,101344369.75,31,F1,65,,,,,
2026-07-31,2026-07-31,FO,NSE,IDO,58629,,NIFTY,,2026-12-29,2026-12-29,12000.00,PE,NIFTY26DEC12000PE,0.00,0.00,0.00,5.05,5.05,5.05,24383.60,0.00,21465,0,0,0.00,0,F1,65,,,,,
2026-07-31,2026-07-31,FO,NSE,IDO,55423,,NIFTY,,2027-12-28,2027-12-28,19500.00,PE,NIFTY27DEC19500PE,0.00,0.00,0.00,29.25,0.00,29.25,24383.60,96.55,0,0,0,0.00,0,F1,65,,,,,
2026-07-31,2026-07-31,FO,NSE,IDO,55425,,NIFTY,,2027-12-28,2027-12-28,22500.00,PE,NIFTY27DEC22500PE,0.00,0.00,0.00,186.50,0.00,186.50,24383.60,464.20,0,0,0,0.00,0,F1,65,,,,,
2026-07-31,2026-07-31,FO,NSE,IDO,35347,,NIFTY,,2027-12-28,2027-12-28,30000.00,PE,NIFTY27DEC30000PE,0.00,0.00,0.00,4150.00,4150.00,4150.00,24383.60,3835.75,130,0,0,0.00,0,F1,65,,,,,
2026-07-31,2026-07-31,FO,NSE,IDO,51431,,NIFTY,,2026-10-27,2026-10-27,24800.00,PE,NIFTY26OCT24800PE,0.00,0.00,0.00,1048.10,0.00,1048.10,24383.60,809.55,0,0,0,0.00,0,F1,65,,,,,
2026-07-31,2026-07-31,FO,NSE,IDO,51407,,NIFTY,,2026-10-27,2026-10-27,24300.00,PE,NIFTY26OCT24300PE,397.85,400.55,360.00,371.60,379.45,420.10,24383.60,371.60,6500,5655,185,296744025.50,95,F1,65,,,,,
2026-07-31,2026-07-31,FO,NSE,IDO,51371,,NIFTY,,2026-10-27,2026-10-27,23450.00,PE,NIFTY26OCT23450PE,174.05,174.05,158.25,163.75,164.10,188.85,24383.60,163.75,5720,130,35,53718538.25,14,F1,65,,,,,
2026-07-31,2026-07-31,FO,NSE,IDO,51357,,NIFTY,,2026-10-27,2026-10-27,23100.00,PE,NIFTY26OCT23100PE,123.05,124.00,111.55,114.75,121.80,137.55,24383.60,114.75,7930,2600,121,182600002.00,64,F1,65,,,,,
2026-07-31,2026-07-31,FO,NSE,IDO,65930,,NIFTY,,2026-09-29,2026-09-29,33000.00,PE,NIFTY26SEP33000PE,0.00,0.00,0.00,6552.15,0.00,6552.15,24383.60,8258.20,0,0,0,0.00,0,F1,65,,,,,
2026-07-31,2026-07-31,FO,NSE,IDO,74417,,NIFTY,,2026-09-29,2026-09-29,25700.00,PE,NIFTY26SEP25700PE,0.00,0.00,0.00,1330.45,1330.45,1330.45,24383.60,1314.90,65,0,0,0.00,0,F1,65,,,,,
2026-07-31,2026-07-31,FO,NSE,IDO,74415,,NIFTY,,2026-09-29,2026-09-29,25650.00,PE,NIFTY26SEP25650PE,0.00,0.00,0.00,1708.05,0.00,1708.05,24383.60,1278.45,0,0,0,0.00,0,F1,65,,,,,
2026-07-31,2026-07-31,FO,NSE,IDO,74364,,NIFTY,,2026-09-29,2026-09-29,24950.00,PE,NIFTY26SEP24950PE,0.00,0.00,0.00,940.90,940.90,940.90,24383.60,821.05,260,0,0,0.00,0,F1,65,,,,,
2026-07-31,2026-07-31,FO,NSE,IDO,74356,,NIFTY,,2026-09-29,2026-09-29,24750.00,PE,NIFTY26SEP24750PE,515.30,520.25,509.95,515.30,520.25,622.00,24383.60,515.30,32760,65,7,11495009.50,7,F1,65,,,,,
2026-07-31,2026-07-31,FO,NSE,IDO,73928,,NIFTY,,2026-09-29,2026-09-29,23400.00,PE,NIFTY26SEP23400PE,115.35,122.45,105.75,108.30,111.40,130.35,24383.60,108.30,112645,38740,1817,2776895140.50,1445,F1,65,,,,,
2026-07-31,2026-07-31,FO,NSE,IDO,73888,,NIFTY,,2026-09-29,2026-09-29,22600.00,PE,NIFTY26SEP22600PE,47.10,48.20,42.45,44.00,45.00,52.25,24383.60,44.00,38090,-1755,435,640285269.00,285,F1,65,,,,,
2026-07-31,2026-07-31,FO,NSE,IDO,86140,,NIFTY,,2028-06-27,2028-06-27,18000.00,PE,NIFTY28JUN18000PE,0.00,0.00,0.00,396.75,0.00,396.75,24383.60,55.15,0,0,0,0.00,0,F1,65,,,,,
2026-07-31,2026-07-31,FO,NSE,IDO,86148,,NIFTY,,2028-06-27,2028-06-27,22000.00,PE,NIFTY28JUN22000PE,422.05,430.00,422.05,430.00,430.00,555.00,24383.60,430.00,975,130,6,8745828.00,6,F1,65,,,,,
2026-07-31,2026-07-31,FO,NSE,IDO,55477,,NIFTY,,2028-06-27,2028-06-27,25500.00,PE,NIFTY28JUN25500PE,0.00,0.00,0.00,667.45,0.00,667.45,24383.60,1326.65,0,0,0,0.00,0,F1,65,,,,,
2026-07-31,2026-07-31,FO,NSE,IDO,67777,,NIFTY,,2028-12-26,2028-12-26,21000.00,PE,NIFTY28DEC21000PE,0.00,0.00,0.00,490.00,490.00,490.00,24383.60,307.80,6930,0,0,0.00,0,F1,65,,,,,
2026-07-31,2026-07-31,FO,NSE,IDO,55521,,NIFTY,,2028-12-26,2028-12-26,22500.00,PE,NIFTY28DEC22500PE,0.00,0.00,0.00,218.80,0.00,218.80,24383.60,534.60,0,0,0,0.00,0,F1,65,,,,,
2026-07-31,2026-07-31,FO,NSE,IDO,67795,,NIFTY,,2028-12-26,2028-12-26,30000.00,PE,NIFTY28DEC30000PE,0.00,0.00,0.00,2352.75,0.00,2352.75,24383.60,3210.65,0,0,0,0.00,0,F1,65,,,,,
2026-07-31,2026-07-31,FO,NSE,IDO,55561,,NIFTY,,2029-06-26,2029-06-26,22500.00,PE,NIFTY29JUN22500PE,0.00,0.00,0.00,224.45,0.00,224.45,24383.60,542.65,0,0,0,0.00,0,F1,65,,,,,
2026-07-31,2026-07-31,FO,NSE,IDO,89635,,NIFTY,,2029-06-26,2029-06-26,26000.00,PE,NIFTY29JUN26000PE,0.00,0.00,0.00,1650.00,1650.00,1650.00,24383.60,1380.15,50,0,0,0.00,0,F1,65,,,,,
2026-07-31,2026-07-31,FO,NSE,IDO,55601,,NIFTY,,2029-12-24,2029-12-24,19500.00,PE,NIFTY29DEC19500PE,0.00,0.00,0.00,61.20,0.00,61.20,24383.60,192.65,0,0,0,0.00,0,F1,65,,,,,
2026-07-31,2026-07-31,FO,NSE,IDO,55759,,NIFTY,,2030-12-31,2030-12-31,27000.00,PE,NIFTY30DEC27000PE,0.00,0.00,0.00,779.50,0.00,779.50,24383.60,1423.05,0,0,0,0.00,0,F1,65,,,,,
2026-07-31,2026-07-31,FO,NSE,IDO,73886,,NIFTY,,2026-09-29,2026-09-29,22550.00,PE,NIFTY26SEP22550PE,44.70,47.90,40.75,41.85,42.40,49.15,24383.60,41.85,6695,-195,39,57274626.50,19,F1,65,,,,,
2026-07-31,2026-07-31,FO,NSE,IDO,73864,,NIFTY,,2026-09-29,2026-09-29,21950.00,PE,NIFTY26SEP21950PE,26.10,27.35,25.40,25.50,25.50,28.80,24383.60,27.75,8385,-325,16,22855517.75,13,F1,65,,,,,
2026-07-31,2026-07-31,FO,NSE,IDO,65894,,NIFTY,,2026-09-29,2026-09-29,21000.00,PE,NIFTY26SEP21000PE,19.45,20.90,18.75,19.65,19.85,20.60,24383.60,19.65,1604135,-6045,4055,5540272728.25,1721,F1,65,,,,,
2026-07-31,2026-07-31,FO,NSE,IDO,47062,,NIFTY,,2026-09-01,2026-09-01,25900.00,PE,NIFTY2690125900PE,0.00,0.00,0.00,1635.90,0.00,1635.90,24383.60,1451.05,0,0,0,0.00,0,F1,65,,,,,
2026-07-31,2026-07-31,FO,NSE,IDO,47056,,NIFTY,,2026-09-01,2026-09-01,25750.00,PE,NIFTY2690125750PE,0.00,0.00,0.00,1508.85,0.00,1508.85,24383.60,1323.25,0,0,0,0.00,0,F1,65,,,,,
2026-07-31,2026-07-31,FO,NSE,IDO,47038,,NIFTY,,2026-09-01,2026-09-01,25300.00,PE,NIFTY2690125300PE,0.00,0.00,0.00,1152.10,0.00,1152.10,24383.60,966.90,0,0,0,0.00,0,F1,65,,,,,
2026-07-31,2026-07-31,FO,NSE,IDO,46998,,NIFTY,,2026-09-01,2026-09-01,24300.00,PE,NIFTY2690124300PE,262.15,272.00,225.60,234.05,238.35,286.70,24383.60,234.05,7800,3445,155,247330924.75,95,F1,65,,,,,
2026-07-31,2026-07-31,FO,NSE,IDO,46988,,NIFTY,,2026-09-01,2026-09-01,24050.00,PE,NIFTY2690124050PE,0.00,0.00,0.00,410.25,0.00,410.25,24383.60,276.90,0,0,0,0.00,0,F1,65,,,,,
2026-07-31,2026-07-31,FO,NSE,IDO,46944,,NIFTY,,2026-09-01,2026-09-01,22950.00,PE,NIFTY2690122950PE,0.00,0.00,0.00,104.35,0.00,104.35,24383.60,48.75,0,0,0,0.00,0,F1,65,,,,,
2026-07-31,2026-07-31,FO,NSE,IDO,46920,,NIFTY,,2026-09-01,2026-09-01,22350.00,PE,NIFTY2690122350PE,0.00,0.00,0.00,39.00,0.00,39.00,24383.60,13.55,0,0,0,0.00,0,F1,65,,,,,
2026-07-31,2026-07-31,FO,NSE,IDO,62037,,NIFTY,,2026-08-25,2026-08-25,25950.00,PE,NIFTY26AUG25950PE,1588.45,1588.45,1560.00,1560.00,1560.00,1686.20,24383.60,1505.60,195,-65,2,3578149.25,2,F1,65,,,,,
2026-07-31,2026-07-31,FO,NSE,IDO,61956,,NIFTY,,2026-08-25,2026-08-25,25400.00,PE,NIFTY26AUG25400PE,1009.05,1026.65,935.00,954.60,960.05,1046.05,24383.60,954.60,16445,2470,123,210923020.75,88,F1,65,,,,,
2026-07-31,2026-07-31,FO,NSE,IDO,61771,,NIFTY,,2026-08-25,2026-08-25,24500.00,PE,NIFTY26AUG24500PE,333.30,340.00,275.40,289.25,289.85,357.90,24383.60,289.25,3161340,365105,40447,65195714938.25,24775,F1,65,,,,,
2026-07-31,2026-07-31,FO,NSE,IDO,61609,,NIFTY,,2026-08-25,2026-08-25,24050.00,PE,NIFTY26AUG24050PE,141.90,156.80,122.80,129.15,131.00,169.80,24383.60,129.15,109460,-845,2024,3181914180.25,1404,F1,65,,,,,
2026-07-31,2026-07-31,FO,NSE,IDO,61533,,NIFTY,,2026-08-25,2026-08-25,23750.00,PE,NIFTY26AUG23750PE,87.05,88.70,69.90,73.15,74.00,97.10,24383.60,73.15,74360,-19760,3456,5352220828.50,1969,F1,65,,,,,
2026-07-31,2026-07-31,FO,NSE,IDO,61427,,NIFTY,,2026-08-25,2026-08-25,22950.00,PE,NIFTY26AUG22950PE,19.85,22.85,18.70,19.80,20.30,23.85,24383.60,19.80,128180,26325,4022,6005213337.50,3704,F1,65,,,,,
2026-07-31,2026-07-31,FO,NSE,IDO,61377,,NIFTY,,2026-08-25,2026-08-25,22300.00,PE,NIFTY26AUG22300PE,8.75,10.70,8.50,9.50,9.65,10.75,24383.60,9.50,377975,-2730,4193,6080352213.00,2509,F1,65,,,,,
2026-07-31,2026-07-31,FO,NSE,IDO,61337,,NIFTY,,2026-08-25,2026-08-25,21650.00,PE,NIFTY26AUG21650PE,6.45,7.80,6.45,7.40,7.10,8.00,24383.60,7.40,2275,130,22,30969789.50,11,F1,65,,,,,
2026-07-31,2026-07-31,FO,NSE,IDO,45193,,NIFTY,,2026-08-18,2026-08-18,25800.00,PE,NIFTY2681825800PE,0.00,0.00,0.00,1450.00,1450.00,1450.00,24383.60,1370.30,65,0,0,0.00,0,F1,65,,,,,
2026-07-31,2026-07-31,FO,NSE,IDO,45157,,NIFTY,,2026-08-18,2026-08-18,25200.00,PE,NIFTY2681825200PE,0.00,0.00,0.00,1165.40,0.00,1165.40,24383.60,850.10,0,0,0,0.00,0,F1,65,,,,,
2026-07-31,2026-07-31,FO,NSE,IDO,45103,,NIFTY,,2026-08-18,2026-08-18,24300.00,PE,NIFTY2681824300PE,210.00,210.05,160.00,169.45,169.65,225.75,24383.60,169.45,185315,97630,7548,12008567405.25,4449,F1,65,,,,,
2026-07-31,2026-07-31,FO,NSE,IDO,45085,,NIFTY,,2026-08-18,2026-08-18,23950.00,PE,NIFTY2681823950PE,110.35,110.35,71.05,75.05,77.00,108.05,24383.60,75.05,17745,5460,409,638843127.00,317,F1,65,,,,,
2026-07-31,2026-07-31,FO,NSE,IDO,45079,,NIFTY,,2026-08-18,2026-08-18,23800.00,PE,NIFTY2681823800PE,64.00,67.65,51.05,53.30,56.10,77.65,24383.60,53.30,140140,50635,4003,6207225677.25,2771,F1,65,,,,,
2026-07-31,2026-07-31,FO,NSE,IDO,45046,,NIFTY,,2026-08-18,2026-08-18,23100.00,PE,NIFTY2681823100PE,13.75,16.55,12.70,14.60,15.25,17.65,24383.60,14.60,32890,-3510,503,755731089.75,303,F1,65,,,,,
2026-07-31,2026-07-31,FO,NSE,IDO,45024,,NIFTY,,2026-08-18,2026-08-18,22700.00,PE,NIFTY2681822700PE,8.40,10.35,7.25,9.35,9.05,10.30,24383.60,9.35,55705,5200,580,856137457.50,393,F1,65,,,,,
2026-07-31,2026-07-31,FO,NSE,IDO,41078,,NIFTY,,2026-08-11,2026-08-11,25950.00,PE,NIFTY2681125950PE,0.00,0.00,0.00,1497.75,0.00,1497.75,24383.60,1523.80,0,0,0,0.00,0,F1,65,,,,,
2026-07-31,2026-07-31,FO,NSE,IDO,41032,,NIFTY,,2026-08-11,2026-08-11,24900.00,PE,NIFTY2681124900PE,550.00,580.00,489.30,515.60,525.00,612.45,24383.60,515.60,9425,8710,280,462553139.75,187,F1,65,,,,,
2026-07-31,2026-07-31,FO,NSE,IDO,41019,,NIFTY,,2026-08-11,2026-08-11,24650.00,PE,NIFTY2681124650PE,345.95,373.00,292.30,317.65,322.00,397.10,24383.60,317.65,19955,13520,785,1273975511.25,627,F1,65,,,,,
2026-07-31,2026-07-31,FO,NSE,IDO,40992,,NIFTY,,2026-08-11,2026-08-11,24000.00,PE,NIFTY2681124000PE,66.35,68.15,45.85,49.55,51.55,78.25,24383.60,49.55,1791205,435500,75352,117806771114.50,42233,F1,65,,,,,
2026-07-31,2026-07-31,FO,NSE,IDO,40960,,NIFTY,,2026-08-11,2026-08-11,23250.00,PE,NIFTY2681123250PE,7.05,10.10,7.05,9.15,9.60,10.00,24383.60,9.15,70135,21255,4356,6585454138.25,2297,F1,65,,,,,
2026-07-31,2026-07-31,FO,NSE,IDO,40950,,NIFTY,,2026-08-11,2026-08-11,23000.00,PE,NIFTY2681123000PE,6.00,8.10,5.20,6.95,7.20,6.90,24383.60,6.95,2304770,1102010,60301,90177098540.75,18375,F1,65,,,,,
2026-07-31,2026-07-31,FO,NSE,IDO,40914,,NIFTY,,2026-08-11,2026-08-11,22150.00,PE,NIFTY2681122150PE,2.90,4.10,2.80,3.55,3.35,3.70,24383.60,3.55,5005,-325,66,95038310.25,52,F1,65,,,,,
2026-07-31,2026-07-31,FO,NSE,IDO,65948,,NIFTY,,2026-08-04,2026-08-04,25600.00,PE,NIFTY2680425600PE,0.00,0.00,0.00,1294.75,1294.75,1294.75,24383.60,1199.75,130,0,0,0.00,0,F1,65,,,,,
2026-07-31,2026-07-31,FO,NSE,IDO,65937,,NIFTY,,2026-08-04,2026-08-04,25350.00,PE,NIFTY2680425350PE,990.00,1016.55,885.75,885.75,885.75,1090.00,24383.60,951.75,1690,1040,64,109525240.50,37,F1,65,,,,,
2026-07-31,2026-07-31,FO,NSE,IDO,65853,,NIFTY,,2026-08-04,2026-08-04,24350.00,PE,NIFTY2680424350PE,123.00,124.00,63.80,72.15,75.00,142.30,24383.60,72.15,5786105,4520230,4982605,7913686977446.25,2070457,F1,65,,,,,
2026-07-31,2026-07-31,FO,NSE,IDO,65520,,NIFTY,,2026-08-04,2026-08-04,23050.00,PE,NIFTY2680423050PE,3.05,3.05,1.50,2.05,2.30,2.15,24383.60,2.05,1238705,743730,140912,211141210267.00,22466,F1,65,,,,,
2026-07-31,2026-07-31,FO,NSE,IDO,65430,,NIFTY,,2026-08-04,2026-08-04,22400.00,PE,NIFTY2680422400PE,2.00,2.00,1.05,1.35,1.45,1.30,24383.60,1.35,855075,376545,43030,62655369049.00,7380,F1,65,,,,,
2026-07-31,2026-07-31,FO,NSE,IDO,65414,,NIFTY,,2026-08-04,2026-08-04,22100.00,PE,NIFTY2680422100PE,0.90,1.45,0.90,1.10,1.20,1.05,24383.60,1.10,366275,203190,23344,33535349812.25,4532,F1,65,,,,,
2026-07-31,2026-07-31,FO,NSE,IDO,74653,,NIFTY,,2031-06-24,2031-06-24,27000.00,CE,NIFTY31JUN27000CE,0.00,0.00,0.00,5699.00,0.00,5699.00,24383.60,6224.65,0,0,0,0.00,0,F1,65,,,,,
2026-07-31,2026-07-31,FO,NSE,IDO,55702,,NIFTY,,2030-12-31,2030-12-31,21000.00,CE,NIFTY30DEC21000CE,0.00,0.00,0.00,10552.50,0.00,10552.50,24383.60,9064.05,0,0,0,0.00,0,F1,65,,,,,
2026-07-31,2026-07-31,FO,NSE,IDO,61932,,NIFTY,,2029-12-24,2029-12-24,30000.00,CE,NIFTY29DEC30000CE,0.00,0.00,0.00,2863.20,2863.20,2863.20,24383.60,3189.75,8145,0,0,0.00,0,F1,65,,,,,
2026-07-31,2026-07-31,FO,NSE,IDO,55604,,NIFTY,,2029-12-24,2029-12-24,25500.00,CE,NIFTY29DEC25500CE,0.00,0.00,0.00,6500.60,0.00,6500.60,24383.60,5215.65,0,0,0,0.00,0,F1,65,,,,,
2026-07-31,2026-07-31,FO,NSE,IDO,89636,,NIFTY,,2029-06-26,2029-06-26,27000.00,CE,NIFTY29JUN27000CE,0.00,0.00,0.00,6570.40,0.00,6570.40,24383.60,3836.15,0,0,0,0.00,0,F1,65,,,,,
2026-07-31,2026-07-31,FO,NSE,IDO,55516,,NIFTY,,2028-12-26,2028-12-26,16500.00,CE,NIFTY28DEC16500CE,0.00,0.00,0.00,12176.65,0.00,12176.65,24383.60,10351.05,0,0,0,0.00,0,F1,65,,,,,
2026-07-31,2026-07-31,FO,NSE,IDO,80270,,NIFTY,,2027-03-30,2027-03-30,22500.00,CE,NIFTY27MAR22500CE,2900.00,2900.00,2900.00,2900.00,2900.00,2650.10,24383.60,3157.85,3055,0,1,1651000.00,1,F1,65,,,,,
2026-07-31,2026-07-31,FO,NSE,IDO,55336,,NIFTY,,2026-12-29,2026-12-29,34500.00,CE,NIFTY26DEC34500CE,0.00,0.00,0.00,7.05,7.05,7.05,24383.60,1.30,650,0,0,0.00,0,F1,65,,,,,
2026-07-31,2026-07-31,FO,NSE,IDO,58640,,NIFTY,,2026-12-29,2026-12-29,18000.00,CE,NIFTY26DEC18000CE,0.00,0.00,0.00,6755.00,6755.00,6755.00,24383.60,6872.00,2145,0,0,0.00,0,F1,65,,,,,
2026-07-31,2026-07-31,FO,NSE,IDO,51448,,NIFTY,,2026-10-27,2026-10-27,25200.00,CE,NIFTY26OCT25200CE,286.10,311.00,283.20,305.65,305.00,283.55,24383.60,305.65,3250,1040,32,53047959.25,27,F1,65,,,,,
2026-07-31,2026-07-31,FO,NSE,IDO,51420,,NIFTY,,2026-10-27,2026-10-27,24550.00,CE,NIFTY26OCT24550CE,0.00,0.00,0.00,709.60,0.00,709.60,24383.60,911.05,0,0,0,0.00,0,F1,65,,,,,
2026-07-31,2026-07-31,FO,NSE,IDO,51358,,NIFTY,,2026-10-27,2026-10-27,23150.00,CE,NIFTY26OCT23150CE,0.00,0.00,0.00,1510.70,0.00,1510.70,24383.60,1822.85,0,0,0,0.00,0,F1,65,,,,,
2026-07-31,2026-07-31,FO,NSE,IDO,51342,,NIFTY,,2026-10-27,2026-10-27,22750.00,CE,NIFTY26OCT22750CE,0.00,0.00,0.00,1805.40,0.00,1805.40,24383.60,2143.10,0,0,0,0.00,0,F1,65,,,,,
2026-07-31,2026-07-31,FO,NSE,IDO,51328,,NIFTY,,2026-10-27,2026-10-27,22450.00,CE,NIFTY26OCT22450CE,0.00,0.00,0.00,2042.45,0.00,2042.45,24383.60,2396.85,0,0,0,0.00,0,F1,65,,,,,
2026-07-31,2026-07-31,FO,NSE,IDO,51318,,NIFTY,,2026-10-27,2026-10-27,22250.00,CE,NIFTY26OCT22250CE,0.00,0.00,0.00,2207.30,0.00,2207.30,24383.60,2571.55,0,0,0,0.00,0,F1,65,,,,,
2026-07-31,2026-07-31,FO,NSE,IDO,74386,,NIFTY,,2026-09-29,2026-09-29,25300.00,CE,NIFTY26SEP25300CE,147.50,159.55,139.15,149.35,148.85,139.90,24383.60,149.35,299910,39065,2181,3607710112.50,1294,F1,65,,,,,
2026-07-31,2026-07-31,FO,NSE,IDO,74384,,NIFTY,,2026-09-29,2026-09-29,25250.00,CE,NIFTY26SEP25250CE,0.00,0.00,0.00,422.05,0.00,422.05,24383.60,412.10,0,0,0,0.00,0,F1,65,,,,,
2026-07-31,2026-07-31,FO,NSE,IDO,74366,,NIFTY,,2026-09-29,2026-09-29,25050.00,CE,NIFTY26SEP25050CE,215.15,237.15,215.00,225.05,222.35,212.25,24383.60,225.05,16640,845,42,69003346.75,27,F1,65,,,,,
2026-07-31,2026-07-31,FO,NSE,IDO,74097,,NIFTY,,2026-09-29,2026-09-29,24250.00,CE,NIFTY26SEP24250CE,615.00,645.00,598.15,629.05,628.80,589.50,24383.60,629.05,13585,130,58,93781450.75,38,F1,65,,,,,
2026-07-31,2026-07-31,FO,NSE,IDO,74005,,NIFTY,,2026-09-29,2026-09-29,23650.00,CE,NIFTY26SEP23650CE,0.00,0.00,0.00,956.60,956.60,956.60,24383.60,1257.90,585,0,0,0.00,0,F1,65,,,,,
2026-07-31,2026-07-31,FO,NSE,IDO,73985,,NIFTY,,2026-09-29,2026-09-29,23500.00,CE,NIFTY26SEP23500CE,1175.40,1215.65,1136.00,1186.05,1183.45,1119.45,24383.60,1186.05,140725,390,185,296742579.25,161,F1,65,,,,,
2026-07-31,2026-07-31,FO,NSE,IDO,73964,,NIFTY,,2026-09-29,2026-09-29,23450.00,CE,NIFTY26SEP23450CE,0.00,0.00,0.00,1136.05,1136.05,1136.05,24383.60,1404.45,585,0,0,0.00,0,F1,65,,,,,
2026-07-31,2026-07-31,FO,NSE,IDO,73927,,NIFTY,,2026-09-29,2026-09-29,23400.00,CE,NIFTY26SEP23400CE,1255.00,1255.00,1233.50,1253.35,1253.35,1200.60,24383.60,1253.35,4680,65,3,4806220.25,3,F1,65,,,,,
2026-07-31,2026-07-31,FO,NSE,IDO,73910,,NIFTY,,2026-09-29,2026-09-29,23200.00,CE,NIFTY26SEP23200CE,1428.50,1428.55,1397.65,1397.65,1397.65,1328.55,24383.60,1598.05,1755,65,3,4800555.50,3,F1,65,,,,,
2026-07-31,2026-07-31,FO,NSE,IDO,73879,,NIFTY,,2026-09-29,2026-09-29,22350.00,CE,NIFTY26SEP22350CE,0.00,0.00,0.00,1788.15,1785.90,1788.15,24383.60,2328.45,195,0,0,0.00,0,F1,65,,,,,
2026-07-31,2026-07-31,FO,NSE,IDO,73877,,NIFTY,,2026-09-29,2026-09-29,22300.00,CE,NIFTY26SEP22300CE,0.00,0.00,0.00,1833.95,1831.70,1833.95,24383.60,2374.15,195,0,0,0.00,0,F1,65,,,,,
2026-07-31,2026-07-31,FO,NSE,IDO,65887,,NIFTY,,2026-09-29,2026-09-29,18000.00,CE,NIFTY26SEP18000CE,0.00,0.00,0.00,6300.00,6300.00,6300.00,24383.60,6579.00,1300,0,0,0.00,0,F1,65,,,,,
2026-07-31,2026-07-31,FO,NSE,IDO,65881,,NIFTY,,2026-09-29,2026-09-29,15000.00,CE,NIFTY26SEP15000CE,0.00,0.00,0.00,10499.30,0.00,10499.30,24383.60,9546.45,0,0,0,0.00,0,F1,65,,,,,
2026-07-31,2026-07-31,FO,NSE,IDO,47049,,NIFTY,,2026-09-01,2026-09-01,25600.00,CE,NIFTY2690125600CE,0.00,0.00,0.00,151.35,0.00,151.35,24383.60,131.85,0,0,0,0.00,0,F1,65,,,,,
2026-07-31,2026-07-31,FO,NSE,IDO,47037,,NIFTY,,2026-09-01,2026-09-01,25300.00,CE,NIFTY2690125300CE,0.00,0.00,0.00,215.90,0.00,215.90,24383.60,197.35,0,0,0,0.00,0,F1,65,,,,,
2026-07-31,2026-07-31,FO,NSE,IDO,47029,,NIFTY,,2026-09-01,2026-09-01,25100.00,CE,NIFTY2690125100CE,77.90,88.45,72.65,80.15,79.00,74.40,24383.60,80.15,5070,1495,245,400992377.50,138,F1,65,,,,,
2026-07-31,2026-07-31,FO,NSE,IDO,47011,,NIFTY,,2026-09-01,2026-09-01,24650.00,CE,NIFTY2690124650CE,0.00,0.00,0.00,422.75,0.00,422.75,24383.60,423.25,0,0,0,0.00,0,F1,65,,,,,
2026-07-31,2026-07-31,FO,NSE,IDO,46943,,NIFTY,,2026-09-01,2026-09-01,22950.00,CE,NIFTY2690122950CE,0.00,0.00,0.00,1501.80,0.00,1501.80,24383.60,1615.55,0,0,0,0.00,0,F1,65,,,,,
2026-07-31,2026-07-31,FO,NSE,IDO,46937,,NIFTY,,2026-09-01,2026-09-01,22800.00,CE,NIFTY2690122800CE,0.00,0.00,0.00,1629.40,0.00,1629.40,24383.60,1752.20,0,0,0,0.00,0,F1,65,,,,,
2026-07-31,2026-07-31,FO,NSE,IDO,46917,,NIFTY,,2026-09-01,2026-09-01,22300.00,CE,NIFTY2690122300CE,0.00,0.00,0.00,2078.55,0.00,2078.55,24383.60,2225.10,0,0,0,0.00,0,F1,65,,,,,
2026-07-31,2026-07-31,FO,NSE,IDO,61997,,NIFTY,,2026-08-25,2026-08-25,25800.00,CE,NIFTY26AUG25800CE,6.85,7.95,5.90,7.25,7.30,6.40,24383.60,7.25,142090,23595,2932,4918265586.00,2077,F1,65,,,,,
2026-07-31,2026-07-31,FO,NSE,IDO,61975,,NIFTY,,2026-08-25,2026-08-25,25500.00,CE,NIFTY26AUG25500CE,15.00,17.10,13.10,14.85,14.40,14.30,24383.60,14.85,2460770,111605,24077,39930746446.50,12434,F1,65,,,,,
2026-07-31,2026-07-31,FO,NSE,IDO,61955,,NIFTY,,2026-08-25,2026-08-25,25400.00,CE,NIFTY26AUG25400CE,21.15,23.10,17.70,20.15,19.95,19.30,24383.60,20.15,341835,23205,6099,10077310854.00,4310,F1,65,,,,,
2026-07-31,2026-07-31,FO,NSE,IDO,61557,,NIFTY,,2026-08-25,2026-08-25,23900.00,CE,NIFTY26AUG23900CE,629.95,678.80,597.70,646.00,623.05,590.55,24383.60,646.00,326755,-13000,1022,1630446925.25,748,F1,65,,,,,
2026-07-31,2026-07-31,FO,NSE,IDO,45186,,NIFTY,,2026-08-18,2026-08-18,25700.00,CE,NIFTY2681825700CE,3.70,4.90,3.15,3.75,3.60,3.35,24383.60,3.75,6175,3380,112,187124853.50,43,F1,65,,,,,
2026-07-31,2026-07-31,FO,NSE,IDO,45120,,NIFTY,,2026-08-18,2026-08-18,24650.00,CE,NIFTY2681824650CE,121.40,135.25,105.00,119.40,118.55,107.45,24383.60,119.40,24895,1105,426,685870243.50,319,F1,65,,,,,
2026-07-31,2026-07-31,FO,NSE,IDO,45067,,NIFTY,,2026-08-18,2026-08-18,23550.00,CE,NIFTY2681823550CE,0.00,0.00,0.00,627.20,627.20,627.20,24383.60,975.85,585,0,0,0.00,0,F1,65,,,,,
2026-07-31,2026-07-31,FO,NSE,IDO,41075,,NIFTY,,2026-08-11,2026-08-11,25900.00,CE,NIFTY2681125900CE,0.95,1.25,0.95,1.00,1.00,1.00,24383.60,1.00,147225,125580,6944,11690694671.50,3842,F1,65,,,,,
2026-07-31,2026-07-31,FO,NSE,IDO,41059,,NIFTY,,2026-08-11,2026-08-11,25550.00,CE,NIFTY2681125550CE,1.75,2.35,1.20,2.10,2.05,1.75,24383.60,2.10,70460,60450,1922,3192207632.25,879,F1,65,,,,,
2026-07-31,2026-07-31,FO,NSE,IDO,41057,,NIFTY,,2026-08-11,2026-08-11,25500.00,CE,NIFTY2681125500CE,1.80,2.50,1.65,2.20,2.30,1.75,24383.60,2.20,601185,290745,20395,33807517474.25,7115,F1,65,,,,,
2026-07-31,2026-07-31,FO,NSE,IDO,40963,,NIFTY,,2026-08-11,2026-08-11,23350.00,CE,NIFTY2681123350CE,1042.05,1050.00,1042.05,1046.05,1050.00,923.30,24383.60,1046.05,1625,0,2,3171483.25,2,F1,65,,,,,
2026-07-31,2026-07-31,FO,NSE,IDO,40959,,NIFTY,,2026-08-11,2026-08-11,23250.00,CE,NIFTY2681123250CE,0.00,0.00,0.00,995.85,995.85,995.85,24383.60,1188.80,195,0,0,0.00,0,F1,65,,,,,
2026-07-31,2026-07-31,FO,NSE,IDO,40937,,NIFTY,,2026-08-11,2026-08-11,22700.00,CE,NIFTY2681122700CE,0.00,0.00,0.00,1867.15,0.00,1867.15,24383.60,1726.50,0,0,0,0.00,0,F1,65,,,,,
2026-07-31,2026-07-31,FO,NSE,IDO,65942,,NIFTY,,2026-08-04,2026-08-04,25500.00,CE,NIFTY2680425500CE,0.75,1.05,0.65,0.70,0.65,0.75,24383.60,0.70,3808090,433355,186726,309508293204.50,36530,F1,65,,,,,
2026-07-31,2026-07-31,FO,NSE,IDO,65920,,NIFTY,,2026-08-04,2026-08-04,25100.00,CE,NIFTY2680425100CE,1.00,1.60,0.95,1.05,1.10,1.10,24383.60,1.05,3449810,360750,389089,634830897506.00,62296,F1,65,,,,,
2026-07-31,2026-07-31,FO,NSE,IDO,65883,,NIFTY,,2026-08-04,2026-08-04,24700.00,CE,NIFTY2680424700CE,6.95,11.45,4.40,5.95,5.00,5.85,24383.60,5.95,9196590,1450215,1617484,2597682209635.50,336036,F1,65,,,,,
2026-07-31,2026-07-31,FO,NSE,IDO,65871,,NIFTY,,2026-08-04,2026-08-04,24600.00,CE,NIFTY2680424600CE,16.00,26.35,11.05,14.90,11.90,13.60,24383.60,14.90,12035075,1856660,2814363,4503467120603.75,705515,F1,65,,,,,
2026-07-31,2026-07-31,FO,NSE,IDO,65867,,NIFTY,,2026-08-04,2026-08-04,24550.00,CE,NIFTY2680424550CE,33.45,39.35,18.55,24.05,19.95,20.80,24383.60,24.05,3199560,745810,1917855,3063901230552.50,620957,F1,65,,,,,
2026-07-31,2026-07-31,FO,NSE,IDO,65447,,NIFTY,,2026-08-04,2026-08-04,22800.00,CE,NIFTY2680422800CE,1613.00,1613.00,1497.80,1586.30,1586.25,1446.60,24383.60,1586.30,8515,-260,22,34850539.75,21,F1,65,,,,,
2026-07-31,2026-07-31,FO,NSE,IDO,65445,,NIFTY,,2026-08-04,2026-08-04,22750.00,CE,NIFTY2680422750CE,0.00,0.00,0.00,1516.80,1548.00,1516.80,24383.60,1648.80,455,0,0,0.00,0,F1,65,,,,,
2026-07-31,2026-07-31,FO,NSE,IDO,51433,,NIFTY,,2026-10-27,2026-10-27,24850.00,PE,NIFTY26OCT24850PE,0.00,0.00,0.00,1078.05,0.00,1078.05,24383.60,835.40,0,0,0,0.00,0,F1,65,,,,,
2026-07-31,2026-07-31,FO,NSE,IDO,51441,,NIFTY,,2026-10-27,2026-10-27,25000.00,PE,NIFTY26OCT25000PE,667.50,722.50,650.10,673.20,681.50,736.65,24383.60,673.20,95615,59995,1377,2298288658.25,1109,F1,65,,,,,
2026-07-31,2026-07-31,FO,NSE,IDO,51449,,NIFTY,,2026-10-27,2026-10-27,25200.00,PE,NIFTY26OCT25200PE,0.00,0.00,0.00,869.00,869.00,869.00,24383.60,1029.80,130,0,0,0.00,0,F1,65,,,,,
2026-07-31,2026-07-31,FO,NSE,IDO,40999,,NIFTY,,2026-08-11,2026-08-11,24200.00,CE,NIFTY2681124200CE,290.25,325.00,250.55,294.95,288.00,247.80,24383.60,294.95,1383070,-4875,32780,52176863043.50,21114,F1,65,,,,,
2026-07-31,2026-07-31,FO,NSE,IDO,58631,,NIFTY,,2026-12-29,2026-12-29,13000.00,PE,NIFTY26DEC13000PE,0.00,0.00,0.00,9.00,9.00,9.00,24383.60,0.00,10670,0,0,0.00,0,F1,65,,,,,
2026-07-31,2026-07-31,FO,NSE,IDO,71506,,NIFTY,,2026-12-29,2026-12-29,26000.00,PE,NIFTY26DEC26000PE,1322.45,1340.00,1265.00,1286.70,1290.20,1354.70,24383.60,1286.70,1290755,-3215,807,1431523223.00,540,F1,65,,,,,
2026-07-31,2026-07-31,FO,NSE,IDO,80267,,NIFTY,,2027-03-30,2027-03-30,19500.00,PE,NIFTY27MAR19500PE,67.05,69.90,63.80,67.05,67.25,68.65,24383.60,67.05,56810,5460,146,185698558.50,93,F1,65,,,,,
2026-07-31,2026-07-31,FO,NSE,IDO,67789,,NIFTY,,2028-12-26,2028-12-26,27000.00,PE,NIFTY28DEC27000PE,1685.70,1685.70,1685.70,1685.70,1685.70,1695.90,24383.60,1818.40,11995,65,1,1864570.50,1,F1,65,,,,,
2026-07-31,2026-07-31,FO,NSE,IDO,55525,,NIFTY,,2028-12-26,2028-12-26,28500.00,PE,NIFTY28DEC28500PE,0.00,0.00,0.00,1451.15,0.00,1451.15,24383.60,2463.20,0,0,0,0.00,0,F1,65,,,,,
2026-07-31,2026-07-31,FO,NSE,IDO,40953,,NIFTY,,2026-08-11,2026-08-11,23100.00,CE,NIFTY2681123100CE,1260.00,1329.00,1260.00,1329.00,1329.00,1143.60,24383.60,1333.10,325,-65,2,3171285.00,2,F1,65,,,,,
2026-07-31,2026-07-31,FO,NSE,IDO,40939,,NIFTY,,2026-08-11,2026-08-11,22750.00,CE,NIFTY2681122750CE,0.00,0.00,0.00,1821.15,0.00,1821.15,24383.60,1676.90,0,0,0,0.00,0,F1,65,,,,,
2026-07-31,2026-07-31,FO,NSE,IDO,89631,,NIFTY,,2029-06-26,2029-06-26,24000.00,PE,NIFTY29JUN24000PE,0.00,0.00,0.00,825.00,825.00,825.00,24383.60,841.95,155,0,0,0.00,0,F1,65,,,,,
2026-07-31,2026-07-31,FO,NSE,IDO,55605,,NIFTY,,2029-12-24,2029-12-24,25500.00,PE,NIFTY29DEC25500PE,0.00,0.00,0.00,597.30,0.00,597.30,24383.60,1175.05,0,0,0,0.00,0,F1,65,,,,,
2026-07-31,2026-07-31,FO,NSE,IDO,55609,,NIFTY,,2029-12-24,2029-12-24,31500.00,PE,NIFTY29DEC31500PE,0.00,0.00,0.00,2240.25,0.00,2240.25,24383.60,3419.70,0,0,0,0.00,0,F1,65,,,,,
2026-07-31,2026-07-31,FO,NSE,IDO,60899,,NIFTY,,2030-06-25,2030-06-25,21000.00,PE,NIFTY30JUN21000PE,0.00,0.00,0.00,220.00,220.00,220.00,24383.60,338.75,65,0,0,0.00,0,F1,65,,,,,
2026-07-31,2026-07-31,FO,NSE,IDO,55647,,NIFTY,,2030-06-25,2030-06-25,25500.00,PE,NIFTY30JUN25500PE,0.00,0.00,0.00,568.55,0.00,568.55,24383.60,1117.65,0,0,0,0.00,0,F1,65,,,,,
2026-07-31,2026-07-31,FO,NSE,IDO,40929,,NIFTY,,2026-08-11,2026-08-11,22500.00,CE,NIFTY2681122500CE,0.00,0.00,0.00,1746.30,1746.30,1746.30,24383.60,1925.35,65,0,0,0.00,0,F1,65,,,,,
2026-07-31,2026-07-31,FO,NSE,IDO,66056,,NIFTY,,2026-08-04,2026-08-04,26000.00,CE,NIFTY2680426000CE,0.60,0.65,0.45,0.55,0.55,0.60,24383.60,0.55,2607540,398255,203634,344148606548.50,22607,F1,65,,,,,
2026-07-31,2026-07-31,FO,NSE,IDO,66052,,NIFTY,,2026-08-04,2026-08-04,25900.00,CE,NIFTY2680425900CE,0.60,0.75,0.50,0.60,0.60,0.55,24383.60,0.60,286520,89960,19368,32606784177.50,3865,F1,65,,,,,
2026-07-31,2026-07-31,FO,NSE,IDO,66008,,NIFTY,,2026-08-04,2026-08-04,25800.00,CE,NIFTY2680425800CE,0.60,0.80,0.50,0.60,0.55,0.60,24383.60,0.60,299260,116610,25275,42387204138.50,4542,F1,65,,,,,
2026-07-31,2026-07-31,FO,NSE,IDO,66000,,NIFTY,,2026-08-04,2026-08-04,25700.00,CE,NIFTY2680425700CE,0.65,0.80,0.55,0.60,0.55,0.60,24383.60,0.60,891150,558025,57339,95787365836.50,11737,F1,65,,,,,
2026-07-31,2026-07-31,FO,NSE,IDO,65928,,NIFTY,,2026-08-04,2026-08-04,25250.00,CE,NIFTY2680425250CE,1.15,1.30,0.75,0.85,0.80,0.95,24383.60,0.85,798915,126035,101522,166629849590.75,18024,F1,65,,,,,
2026-07-31,2026-07-31,FO,NSE,IDO,65912,,NIFTY,,2026-08-04,2026-08-04,24900.00,CE,NIFTY2680424900CE,1.90,3.25,1.45,1.95,1.65,1.70,24383.60,1.95,3770455,1174225,828314,1340753114889.50,126608,F1,65,,,,,
2026-07-31,2026-07-31,FO,NSE,IDO,65431,,NIFTY,,2026-08-04,2026-08-04,22450.00,CE,NIFTY2680422450CE,2016.75,2016.75,1874.65,1874.65,1874.65,1618.40,24383.60,1948.60,65,65,4,6337831.50,4,F1,65,,,,,
2026-07-31,2026-07-31,FO,NSE,IDO,65218,,NIFTY,,2026-08-04,2026-08-04,21850.00,CE,NIFTY2680421850CE,0.00,0.00,0.00,2159.60,0.00,2159.60,24383.60,2548.20,0,0,0,0.00,0,F1,65,,,,,
2026-07-31,2026-07-31,FO,NSE,IDO,55428,,NIFTY,,2027-12-28,2027-12-28,28500.00,CE,NIFTY27DEC28500CE,700.00,700.00,671.55,698.00,698.00,690.00,24383.60,698.00,10530,130,3,5692020.75,3,F1,65,,,,,
2026-07-31,2026-07-31,FO,NSE,IDO,55476,,NIFTY,,2028-06-27,2028-06-27,25500.00,CE,NIFTY28JUN25500CE,0.00,0.00,0.00,4676.60,0.00,4676.60,24383.60,3247.00,0,0,0,0.00,0,F1,65,,,,,
2026-07-31,2026-07-31,FO,NSE,IDO,55480,,NIFTY,,2028-06-27,2028-06-27,31500.00,CE,NIFTY28JUN31500CE,0.00,0.00,0.00,1784.80,0.00,1784.80,24383.60,1078.25,0,0,0,0.00,0,F1,65,,,,,
2026-07-31,2026-07-31,FO,NSE,IDO,67776,,NIFTY,,2028-12-26,2028-12-26,21000.00,CE,NIFTY28DEC21000CE,0.00,0.00,0.00,7512.50,0.00,7512.50,24383.60,6794.65,0,0,0,0.00,0,F1,65,,,,,
2026-07-31,2026-07-31,FO,NSE,IDO,55602,,NIFTY,,2029-12-24,2029-12-24,22500.00,CE,NIFTY29DEC22500CE,0.00,0.00,0.00,8486.15,0.00,8486.15,24383.60,6974.85,0,0,0,0.00,0,F1,65,,,,,
2026-07-31,2026-07-31,FO,NSE,IDO,55640,,NIFTY,,2030-06-25,2030-06-25,16500.00,CE,NIFTY30JUN16500CE,0.00,0.00,0.00,13374.05,0.00,13374.05,24383.60,11705.00,0,0,0,0.00,0,F1,65,,,,,
2026-07-31,2026-07-31,FO,NSE,IDO,55642,,NIFTY,,2030-06-25,2030-06-25,19500.00,CE,NIFTY30JUN19500CE,0.00,0.00,0.00,11140.25,0.00,11140.25,24383.60,9537.40,0,0,0,0.00,0,F1,65,,,,,
2026-07-31,2026-07-31,FO,NSE,IDO,74655,,NIFTY,,2031-06-24,2031-06-24,28500.00,CE,NIFTY31JUN28500CE,0.00,0.00,0.00,5048.95,0.00,5048.95,24383.60,5535.25,0,0,0,0.00,0,F1,65,,,,,
2026-07-31,2026-07-31,FO,NSE,IDO,65416,,NIFTY,,2026-08-04,2026-08-04,22150.00,PE,NIFTY2680422150PE,1.05,1.45,0.85,1.15,1.20,1.10,24383.60,1.15,137085,88140,12976,18683164652.75,3055,F1,65,,,,,
2026-07-31,2026-07-31,FO,NSE,IDO,65434,,NIFTY,,2026-08-04,2026-08-04,22500.00,PE,NIFTY2680422500PE,1.10,1.75,1.10,1.40,1.65,1.35,24383.60,1.40,5821465,1566955,284177,415635110855.25,35639,F1,65,,,,,
2026-07-31,2026-07-31,FO,NSE,IDO,65892,,NIFTY,,2026-08-04,2026-08-04,24750.00,PE,NIFTY2680424750PE,400.00,446.20,339.60,372.55,384.95,464.50,24383.60,372.55,40040,9945,8409,13733495399.00,6058,F1,65,,,,,
2026-07-31,2026-07-31,FO,NSE,IDO,65933,,NIFTY,,2026-08-04,2026-08-04,25300.00,PE,NIFTY2680425300PE,934.15,985.00,882.10,915.50,917.15,996.35,24383.60,915.50,8190,1820,137,233541152.00,101,F1,65,,,,,
2026-07-31,2026-07-31,FO,NSE,IDO,40936,,NIFTY,,2026-08-11,2026-08-11,22650.00,PE,NIFTY2681122650PE,5.80,5.90,3.40,5.05,4.95,4.75,24383.60,5.05,16445,3510,619,911511591.25,318,F1,65,,,,,
2026-07-31,2026-07-31,FO,NSE,IDO,40964,,NIFTY,,2026-08-11,2026-08-11,23350.00,PE,NIFTY2681123350PE,7.65,11.40,7.60,10.50,10.40,12.40,24383.60,10.50,130065,55835,7171,10888441778.50,3769,F1,65,,,,,
2026-07-31,2026-07-31,FO,NSE,IDO,41028,,NIFTY,,2026-08-11,2026-08-11,24800.00,PE,NIFTY2681124800PE,460.90,495.00,400.10,431.10,440.00,517.20,24383.60,431.10,52260,42120,1872,3069746000.75,1078,F1,65,,,,,
2026-07-31,2026-07-31,FO,NSE,IDO,41040,,NIFTY,,2026-08-11,2026-08-11,25050.00,PE,NIFTY2681125050PE,0.00,0.00,0.00,800.15,800.15,800.15,24383.60,697.10,65,0,0,0.00,0,F1,65,,,,,
2026-07-31,2026-07-31,FO,NSE,IDO,45018,,NIFTY,,2026-08-18,2026-08-18,22550.00,PE,NIFTY2681822550PE,6.85,8.85,6.30,8.05,8.45,8.00,24383.60,8.05,1820,-1495,53,77710629.75,28,F1,65,,,,,
2026-07-31,2026-07-31,FO,NSE,IDO,41063,,NIFTY,,2026-08-11,2026-08-11,25650.00,CE,NIFTY2681125650CE,1.90,2.15,1.35,1.70,2.15,1.55,24383.60,1.70,14690,9555,573,955397966.25,295,F1,65,,,,,
2026-07-31,2026-07-31,FO,NSE,IDO,41069,,NIFTY,,2026-08-11,2026-08-11,25750.00,CE,NIFTY2681125750CE,1.25,1.50,1.20,1.25,1.20,1.20,24383.60,1.25,2470,1495,71,118842470.50,39,F1,65,,,,,
2026-07-31,2026-07-31,FO,NSE,IDO,45027,,NIFTY,,2026-08-18,2026-08-18,22800.00,CE,NIFTY2681822800CE,0.00,0.00,0.00,1464.30,0.00,1464.30,24383.60,1661.95,0,0,0,0.00,0,F1,65,,,,,
2026-07-31,2026-07-31,FO,NSE,IDO,51490,,NIFTY,,2026-10-27,2026-10-27,26000.00,CE,NIFTY26OCT26000CE,106.55,110.00,91.30,103.25,104.55,126.60,24383.60,103.25,123175,103740,3179,5393027926.00,1827,F1,65,,,,,
2026-07-31,2026-07-31,FO,NSE,IDO,45132,,NIFTY,,2026-08-18,2026-08-18,24750.00,CE,NIFTY2681824750CE,132.20,132.20,85.05,91.10,85.05,281.05,24383.60,91.10,3120,3120,72,116256182.25,43,F1,65,,,,,
2026-07-31,2026-07-31,FO,NSE,IDO,45143,,NIFTY,,2026-08-18,2026-08-18,24850.00,PE,NIFTY2681824850PE,0.00,0.00,0.00,905.00,0.00,905.00,24383.60,592.80,0,0,0,0.00,0,F1,65,,,,,
2026-07-31,2026-07-31,FO,NSE,IDO,45171,,NIFTY,,2026-08-18,2026-08-18,25500.00,PE,NIFTY2681825500PE,0.00,0.00,0.00,1409.70,0.00,1409.70,24383.60,1100.35,0,0,0,0.00,0,F1,65,,,,,
2026-07-31,2026-07-31,FO,NSE,IDO,61156,,NIFTY,,2026-08-25,2026-08-25,21300.00,CE,NIFTY26AUG21300CE,0.00,0.00,0.00,2725.00,2725.00,2725.00,24383.60,3172.50,3835,0,0,0.00,0,F1,65,,,,,
2026-07-31,2026-07-31,FO,NSE,IDO,61336,,NIFTY,,2026-08-25,2026-08-25,21650.00,CE,NIFTY26AUG21650CE,0.00,0.00,0.00,2669.30,0.00,2669.30,24383.60,2824.45,0,0,0,0.00,0,F1,65,,,,,
2026-07-31,2026-07-31,FO,NSE,IDO,61338,,NIFTY,,2026-08-25,2026-08-25,21700.00,CE,NIFTY26AUG21700CE,0.00,0.00,0.00,2625.10,0.00,2625.10,24383.60,2774.80,0,0,0,0.00,0,F1,65,,,,,
2026-07-31,2026-07-31,FO,NSE,IDO,61397,,NIFTY,,2026-08-25,2026-08-25,22500.00,CE,NIFTY26AUG22500CE,1894.00,1981.90,1888.00,1946.60,1935.75,1861.95,24383.60,1946.60,317850,-5525,228,362318934.25,174,F1,65,,,,,
2026-07-31,2026-07-31,FO,NSE,IDO,61727,,NIFTY,,2026-08-25,2026-08-25,24450.00,CE,NIFTY26AUG24450CE,266.15,292.70,243.00,267.70,264.75,243.60,24383.60,267.70,117520,50635,5091,8181500548.00,3779,F1,65,,,,,
2026-07-31,2026-07-31,FO,NSE,IDO,62002,,NIFTY,,2026-08-25,2026-08-25,25850.00,CE,NIFTY26AUG25850CE,0.00,0.00,0.00,6.60,6.60,6.60,24383.60,56.80,1495,0,0,0.00,0,F1,65,,,,,
2026-07-31,2026-07-31,FO,NSE,IDO,62022,,NIFTY,,2026-08-25,2026-08-25,25900.00,CE,NIFTY26AUG25900CE,5.50,6.40,4.65,5.75,5.80,5.15,24383.60,5.75,69095,4290,2823,4753501918.75,2287,F1,65,,,,,
2026-07-31,2026-07-31,FO,NSE,IDO,62058,,NIFTY,,2026-08-25,2026-08-25,26250.00,CE,NIFTY26AUG26250CE,2.65,3.90,2.45,3.40,3.20,2.95,24383.60,3.40,29510,650,506,863467832.50,285,F1,65,,,,,
2026-07-31,2026-07-31,FO,NSE,IDO,46905,,NIFTY,,2026-09-01,2026-09-01,22000.00,CE,NIFTY2690122000CE,0.00,0.00,0.00,2360.90,0.00,2360.90,24383.60,2517.00,0,0,0,0.00,0,F1,65,,,,,
2026-07-31,2026-07-31,FO,NSE,IDO,46913,,NIFTY,,2026-09-01,2026-09-01,22200.00,CE,NIFTY2690122200CE,0.00,0.00,0.00,2171.80,0.00,2171.80,24383.60,2321.90,0,0,0,0.00,0,F1,65,,,,,
2026-07-31,2026-07-31,FO,NSE,IDO,47003,,NIFTY,,2026-09-01,2026-09-01,24450.00,CE,NIFTY2690124450CE,0.00,0.00,0.00,508.95,0.00,508.95,24383.60,519.25,0,0,0,0.00,0,F1,65,,,,,
2026-07-31,2026-07-31,FO,NSE,IDO,47009,,NIFTY,,2026-09-01,2026-09-01,24600.00,CE,NIFTY2690124600CE,0.00,0.00,0.00,443.30,0.00,443.30,24383.60,446.00,0,0,0,0.00,0,F1,65,,,,,
2026-07-31,2026-07-31,FO,NSE,IDO,55703,,NIFTY,,2030-12-31,2030-12-31,21000.00,PE,NIFTY30DEC21000PE,0.00,0.00,0.00,455.05,455.05,455.05,24383.60,337.25,780,0,0,0.00,0,F1,65,,,,,
2026-07-31,2026-07-31,FO,NSE,IDO,45185,,NIFTY,,2026-08-18,2026-08-18,25650.00,PE,NIFTY2681825650PE,0.00,0.00,0.00,1538.00,0.00,1538.00,24383.60,1233.30,0,0,0,0.00,0,F1,65,,,,,
2026-07-31,2026-07-31,FO,NSE,IDO,61351,,NIFTY,,2026-08-25,2026-08-25,21950.00,PE,NIFTY26AUG21950PE,7.45,9.40,6.85,8.15,7.50,8.25,24383.60,8.15,2535,0,57,81354009.75,30,F1,65,,,,,
2026-07-31,2026-07-31,FO,NSE,IDO,61429,,NIFTY,,2026-08-25,2026-08-25,23000.00,PE,NIFTY26AUG23000PE,21.05,24.35,20.35,21.35,21.30,26.15,24383.60,21.35,3085745,225160,34256,51262637510.50,19511,F1,65,,,,,
2026-07-31,2026-07-31,FO,NSE,IDO,61529,,NIFTY,,2026-08-25,2026-08-25,23650.00,PE,NIFTY26AUG23650PE,72.00,73.30,58.05,60.75,61.90,81.60,24383.60,60.75,70135,6630,1517,2338240560.50,987,F1,65,,,,,
2026-07-31,2026-07-31,FO,NSE,IDO,61646,,NIFTY,,2026-08-25,2026-08-25,24150.00,PE,NIFTY26AUG24150PE,169.85,189.00,147.40,154.70,157.35,202.15,24383.60,154.70,259545,3640,3949,6240471701.75,2697,F1,65,,,,,
2026-07-31,2026-07-31,FO,NSE,IDO,61774,,NIFTY,,2026-08-25,2026-08-25,24550.00,PE,NIFTY26AUG24550PE,342.85,362.40,298.40,311.70,317.80,389.35,24383.60,311.70,16185,-2340,510,824405887.50,432,F1,65,,,,,
2026-07-31,2026-07-31,FO,NSE,IDO,61922,,NIFTY,,2026-08-25,2026-08-25,25150.00,PE,NIFTY26AUG25150PE,0.00,0.00,0.00,847.60,848.90,847.60,24383.60,840.35,455,0,0,0.00,0,F1,65,,,,,
2026-07-31,2026-07-31,FO,NSE,IDO,62000,,NIFTY,,2026-08-25,2026-08-25,25800.00,PE,NIFTY26AUG25800PE,1400.00,1400.00,1312.00,1340.00,1340.00,1430.00,24383.60,1340.00,9360,0,8,14121766.75,8,F1,65,,,,,
2026-07-31,2026-07-31,FO,NSE,IDO,46938,,NIFTY,,2026-09-01,2026-09-01,22800.00,PE,NIFTY2690122800PE,22.45,25.50,22.45,24.65,23.45,29.55,24383.60,24.65,2535,-130,25,37089607.75,18,F1,65,,,,,
2026-07-31,2026-07-31,FO,NSE,IDO,46948,,NIFTY,,2026-09-01,2026-09-01,23050.00,PE,NIFTY2690123050PE,0.00,0.00,0.00,120.80,0.00,120.80,24383.60,58.85,0,0,0,0.00,0,F1,65,,,,,
2026-07-31,2026-07-31,FO,NSE,IDO,46994,,NIFTY,,2026-09-01,2026-09-01,24200.00,PE,NIFTY2690124200PE,228.00,239.95,191.55,200.55,203.30,253.20,24383.60,200.55,22035,6305,251,398275546.50,181,F1,65,,,,,
2026-07-31,2026-07-31,FO,NSE,IDO,47002,,NIFTY,,2026-09-01,2026-09-01,24400.00,PE,NIFTY2690124400PE,301.20,315.00,263.00,273.35,276.00,335.00,24383.60,273.35,3315,3055,141,226160018.50,99,F1,65,,,,,
2026-07-31,2026-07-31,FO,NSE,IDO,47020,,NIFTY,,2026-09-01,2026-09-01,24850.00,PE,NIFTY2690124850PE,0.00,0.00,0.00,836.80,0.00,836.80,24383.60,662.40,0,0,0,0.00,0,F1,65,,,,,
2026-07-31,2026-07-31,FO,NSE,IDO,47030,,NIFTY,,2026-09-01,2026-09-01,25100.00,PE,NIFTY2690125100PE,0.00,0.00,0.00,1005.40,0.00,1005.40,24383.60,824.45,0,0,0,0.00,0,F1,65,,,,,
2026-07-31,2026-07-31,FO,NSE,IDO,47046,,NIFTY,,2026-09-01,2026-09-01,25500.00,PE,NIFTY2690125500PE,0.00,0.00,0.00,1305.40,0.00,1305.40,24383.60,1119.85,0,0,0,0.00,0,F1,65,,,,,
2026-07-31,2026-07-31,FO,NSE,IDO,47048,,NIFTY,,2026-09-01,2026-09-01,25550.00,PE,NIFTY2690125550PE,0.00,0.00,0.00,1345.20,0.00,1345.20,24383.60,1159.45,0,0,0,0.00,0,F1,65,,,,,
2026-07-31,2026-07-31,FO,NSE,IDO,73848,,NIFTY,,2026-09-29,2026-09-29,21700.00,PE,NIFTY26SEP21700PE,22.50,23.65,20.55,22.15,20.55,24.85,24383.60,22.15,13325,-520,72,101663357.25,52,F1,65,,,,,
2026-07-31,2026-07-31,FO,NSE,IDO,73874,,NIFTY,,2026-09-29,2026-09-29,22200.00,PE,NIFTY26SEP22200PE,33.00,33.20,30.05,31.70,32.00,35.40,24383.60,31.70,35230,-3315,249,359815930.50,127,F1,65,,,,,
2026-07-31,2026-07-31,FO,NSE,IDO,73876,,NIFTY,,2026-09-29,2026-09-29,22250.00,PE,NIFTY26SEP22250PE,33.05,34.60,31.70,32.10,32.90,37.10,24383.60,32.10,14105,-260,24,34760982.75,14,F1,65,,,,,
2026-07-31,2026-07-31,FO,NSE,IDO,73909,,NIFTY,,2026-09-29,2026-09-29,23150.00,PE,NIFTY26SEP23150PE,86.90,88.95,79.80,81.50,82.50,97.45,24383.60,81.50,14560,-130,204,308080591.00,127,F1,65,,,,,
2026-07-31,2026-07-31,FO,NSE,IDO,74009,,NIFTY,,2026-09-29,2026-09-29,23700.00,PE,NIFTY26SEP23700PE,175.35,176.45,151.00,156.70,159.55,186.75,24383.60,156.70,121810,36335,2552,3958015802.00,1641,F1,65,,,,,
2026-07-31,2026-07-31,FO,NSE,IDO,74011,,NIFTY,,2026-09-29,2026-09-29,23750.00,PE,NIFTY26SEP23750PE,178.00,188.70,161.50,165.65,168.15,198.65,24383.60,165.65,35425,14365,403,626596230.00,275,F1,65,,,,,
2026-07-31,2026-07-31,FO,NSE,IDO,74059,,NIFTY,,2026-09-29,2026-09-29,23950.00,PE,NIFTY26SEP23950PE,231.00,238.15,206.10,212.90,215.75,248.55,24383.60,212.90,11570,845,97,152385753.00,74,F1,65,,,,,
2026-07-31,2026-07-31,FO,NSE,IDO,74065,,NIFTY,,2026-09-29,2026-09-29,24100.00,PE,NIFTY26SEP24100PE,280.00,283.85,246.90,254.20,256.95,298.15,24383.60,254.20,77935,22425,1142,1808271390.25,836,F1,65,,,,,
2026-07-31,2026-07-31,FO,NSE,IDO,74098,,NIFTY,,2026-09-29,2026-09-29,24250.00,PE,NIFTY26SEP24250PE,323.00,334.45,295.05,300.40,307.00,350.95,24383.60,300.40,26195,8255,283,451709979.50,182,F1,65,,,,,
2026-07-31,2026-07-31,FO,NSE,IDO,74115,,NIFTY,,2026-09-29,2026-09-29,24400.00,PE,NIFTY26SEP24400PE,390.00,394.00,346.50,356.95,363.10,414.35,24383.60,356.95,109590,16705,1888,3038694925.50,1488,F1,65,,,,,
2026-07-31,2026-07-31,FO,NSE,IDO,74350,,NIFTY,,2026-09-29,2026-09-29,24600.00,PE,NIFTY26SEP24600PE,487.70,487.70,427.60,443.25,448.00,503.95,24383.60,443.25,114855,12675,510,830310845.00,409,F1,65,,,,,
2026-07-31,2026-07-31,FO,NSE,IDO,74419,,NIFTY,,2026-09-29,2026-09-29,25750.00,PE,NIFTY26SEP25750PE,1195.35,1195.35,1175.00,1175.00,1175.00,1782.80,24383.60,1352.90,325,325,5,8754593.25,5,F1,65,,,,,
2026-07-31,2026-07-31,FO,NSE,IDO,51319,,NIFTY,,2026-10-27,2026-10-27,22250.00,PE,NIFTY26OCT22250PE,58.00,58.00,48.50,51.70,52.85,60.75,24383.60,51.70,17745,16055,314,455212585.75,150,F1,65,,,,,
2026-07-31,2026-07-31,FO,NSE,IDO,51339,,NIFTY,,2026-10-27,2026-10-27,22650.00,PE,NIFTY26OCT22650PE,0.00,0.00,0.00,207.45,0.00,207.45,24383.60,133.15,0,0,0,0.00,0,F1,65,,,,,
2026-07-31,2026-07-31,FO,NSE,IDO,51345,,NIFTY,,2026-10-27,2026-10-27,22800.00,PE,NIFTY26OCT22800PE,0.00,0.00,0.00,239.40,0.00,239.40,24383.60,156.15,0,0,0,0.00,0,F1,65,,,,,
2026-07-31,2026-07-31,FO,NSE,IDO,51347,,NIFTY,,2026-10-27,2026-10-27,22850.00,PE,NIFTY26OCT22850PE,0.00,0.00,0.00,250.85,0.00,250.85,24383.60,164.45,0,0,0,0.00,0,F1,65,,,,,
2026-07-31,2026-07-31,FO,NSE,IDO,51481,,NIFTY,,2026-10-27,2026-10-27,25750.00,PE,NIFTY26OCT25750PE,0.00,0.00,0.00,1690.45,0.00,1690.45,24383.60,1380.20,0,0,0,0.00,0,F1,65,,,,,
2026-07-31,2026-07-31,FO,NSE,IDO,51487,,NIFTY,,2026-10-27,2026-10-27,25900.00,PE,NIFTY26OCT25900PE,0.00,0.00,0.00,1803.60,0.00,1803.60,24383.60,1484.65,0,0,0,0.00,0,F1,65,,,,,
2026-07-31,2026-07-31,FO,NSE,IDO,58646,,NIFTY,,2026-12-29,2026-12-29,21000.00,CE,NIFTY26DEC21000CE,3852.65,3895.70,3845.65,3880.15,3878.00,3791.30,24383.60,3880.15,188215,2015,47,75991526.00,32,F1,65,,,,,
2026-07-31,2026-07-31,FO,NSE,IDO,80192,,NIFTY,,2027-03-30,2027-03-30,18000.00,CE,NIFTY27MAR18000CE,0.00,0.00,0.00,5643.55,0.00,5643.55,24383.60,7163.60,0,0,0,0.00,0,F1,65,,,,,
2026-07-31,2026-07-31,FO,NSE,IDO,71553,,NIFTY,,2027-06-29,2027-06-29,21000.00,CE,NIFTY27JUN21000CE,0.00,0.00,0.00,3061.80,0.00,3061.80,24383.60,4772.60,0,0,0,0.00,0,F1,65,,,,,
2026-07-31,2026-07-31,FO,NSE,IDO,71560,,NIFTY,,2027-06-29,2027-06-29,24000.00,CE,NIFTY27JUN24000CE,0.00,0.00,0.00,1986.05,1986.05,1986.05,24383.60,2558.75,925,0,0,0.00,0,F1,65,,,,,
2026-07-31,2026-07-31,FO,NSE,IDO,50981,,NIFTY,,2027-06-29,2027-06-29,27000.00,CE,NIFTY27JUN27000CE,755.00,755.00,755.00,755.00,755.00,1400.00,24383.60,1121.70,65,0,1,1804075.00,1,F1,65,,,,,
2026-07-31,2026-07-31,FO,NSE,IDO,51458,,NIFTY,,2026-10-27,2026-10-27,25450.00,CE,NIFTY26OCT25450CE,0.00,0.00,0.00,388.60,0.00,388.60,24383.60,520.30,0,0,0,0.00,0,F1,65,,,,,
2026-07-31,2026-07-31,FO,NSE,IDO,51418,,NIFTY,,2026-10-27,2026-10-27,24500.00,CE,NIFTY26OCT24500CE,639.15,664.95,614.15,640.70,627.95,607.35,24383.60,640.70,75920,18200,588,960854147.50,463,F1,65,,,,,
2026-07-31,2026-07-31,FO,NSE,IDO,51402,,NIFTY,,2026-10-27,2026-10-27,24200.00,CE,NIFTY26OCT24200CE,816.00,824.00,816.00,824.00,824.00,746.15,24383.60,824.00,195,65,2,3252600.00,2,F1,65,,,,,
2026-07-31,2026-07-31,FO,NSE,IDO,51388,,NIFTY,,2026-10-27,2026-10-27,23900.00,CE,NIFTY26OCT23900CE,0.00,0.00,0.00,1035.05,0.00,1035.05,24383.60,1289.80,0,0,0,0.00,0,F1,65,,,,,
2026-07-31,2026-07-31,FO,NSE,IDO,51350,,NIFTY,,2026-10-27,2026-10-27,22950.00,CE,NIFTY26OCT22950CE,0.00,0.00,0.00,1654.95,0.00,1654.95,24383.60,1980.15,0,0,0,0.00,0,F1,65,,,,,
2026-07-31,2026-07-31,FO,NSE,IDO,51324,,NIFTY,,2026-10-27,2026-10-27,22350.00,CE,NIFTY26OCT22350CE,0.00,0.00,0.00,2124.25,0.00,2124.25,24383.60,2483.70,0,0,0,0.00,0,F1,65,,,,,
2026-07-31,2026-07-31,FO,NSE,IDO,74361,,NIFTY,,2026-09-29,2026-09-29,24900.00,CE,NIFTY26SEP24900CE,284.95,297.00,264.45,282.45,280.10,262.35,24383.60,282.45,61295,-3770,444,726707374.25,296,F1,65,,,,,
2026-07-31,2026-07-31,FO,NSE,IDO,74357,,NIFTY,,2026-09-29,2026-09-29,24800.00,CE,NIFTY26SEP24800CE,320.05,342.00,305.90,324.00,321.05,303.20,24383.60,324.00,169195,6305,1192,1946705978.75,922,F1,65,,,,,
2026-07-31,2026-07-31,FO,NSE,IDO,74353,,NIFTY,,2026-09-29,2026-09-29,24700.00,CE,NIFTY26SEP24700CE,367.95,390.90,350.15,372.05,369.00,347.00,24383.60,372.05,76115,1300,677,1103283964.25,443,F1,65,,,,,
2026-07-31,2026-07-31,FO,NSE,IDO,74114,,NIFTY,,2026-09-29,2026-09-29,24400.00,CE,NIFTY26SEP24400CE,518.45,558.95,505.35,536.60,528.25,501.40,24383.60,536.60,127530,8515,1317,2134599395.50,1012,F1,65,,,,,
2026-07-31,2026-07-31,FO,NSE,IDO,73869,,NIFTY,,2026-09-29,2026-09-29,22100.00,CE,NIFTY26SEP22100CE,0.00,0.00,0.00,2242.10,0.00,2242.10,24383.60,2558.95,0,0,0,0.00,0,F1,65,,,,,
2026-07-31,2026-07-31,FO,NSE,IDO,73852,,NIFTY,,2026-09-29,2026-09-29,21800.00,CE,NIFTY26SEP21800CE,0.00,0.00,0.00,2498.75,0.00,2498.75,24383.60,2841.75,0,0,0,0.00,0,F1,65,,,,,
2026-07-31,2026-07-31,FO,NSE,IDO,73849,,NIFTY,,2026-09-29,2026-09-29,21750.00,CE,NIFTY26SEP21750CE,0.00,0.00,0.00,2542.45,0.00,2542.45,24383.60,2889.40,0,0,0,0.00,0,F1,65,,,,,
2026-07-31,2026-07-31,FO,NSE,IDO,40997,,NIFTY,,2026-08-11,2026-08-11,24150.00,CE,NIFTY2681124150CE,316.45,359.00,286.10,328.05,324.20,282.35,24383.60,328.05,58760,1495,1979,3148434019.25,1389,F1,65,,,,,
2026-07-31,2026-07-31,FO,NSE,IDO,55424,,NIFTY,,2027-12-28,2027-12-28,22500.00,CE,NIFTY27DEC22500CE,0.00,0.00,0.00,6183.00,0.00,6183.00,24383.60,4360.05,0,0,0,0.00,0,F1,65,,,,,
2026-07-31,2026-07-31,FO,NSE,IDO,55426,,NIFTY,,2027-12-28,2027-12-28,25500.00,CE,NIFTY27DEC25500CE,0.00,0.00,0.00,2400.00,2400.00,2400.00,24383.60,2520.40,0,0,0,0.00,0,F1,65,,,,,
2026-07-31,2026-07-31,FO,NSE,IDO,41047,,NIFTY,,2026-08-11,2026-08-11,25250.00,CE,NIFTY2681125250CE,3.00,5.00,3.00,3.50,3.05,3.20,24383.60,3.50,154505,73710,5525,9069210176.00,2588,F1,65,,,,,
2026-07-31,2026-07-31,FO,NSE,IDO,55282,,NIFTY,,2026-09-29,2026-09-29,19500.00,CE,NIFTY26SEP19500CE,5024.20,5057.60,4990.00,5026.35,5026.35,4908.85,24383.60,5026.35,141960,65,14,22329606.00,10,F1,65,,,,,
2026-07-31,2026-07-31,FO,NSE,IDO,41053,,NIFTY,,2026-08-11,2026-08-11,25400.00,CE,NIFTY2681125400CE,2.20,3.25,1.80,2.60,2.50,2.15,24383.60,2.60,268970,114725,12819,21166346353.75,4887,F1,65,,,,,
2026-07-31,2026-07-31,FO,NSE,IDO,41077,,NIFTY,,2026-08-11,2026-08-11,25950.00,CE,NIFTY2681125950CE,1.00,1.25,0.95,1.05,1.10,0.95,24383.60,1.05,6175,-6045,454,765816122.50,255,F1,65,,,,,
2026-07-31,2026-07-31,FO,NSE,IDO,45019,,NIFTY,,2026-08-18,2026-08-18,22600.00,CE,NIFTY2681822600CE,0.00,0.00,0.00,1639.40,0.00,1639.40,24383.60,1856.60,0,0,0,0.00,0,F1,65,,,,,
2026-07-31,2026-07-31,FO,NSE,IDO,45021,,NIFTY,,2026-08-18,2026-08-18,22650.00,CE,NIFTY2681822650CE,0.00,0.00,0.00,1595.05,0.00,1595.05,24383.60,1807.70,0,0,0,0.00,0,F1,65,,,,,
2026-07-31,2026-07-31,FO,NSE,IDO,45033,,NIFTY,,2026-08-18,2026-08-18,22900.00,CE,NIFTY2681822900CE,0.00,0.00,0.00,1379.35,0.00,1379.35,24383.60,1565.75,0,0,0,0.00,0,F1,65,,,,,
2026-07-31,2026-07-31,FO,NSE,IDO,45047,,NIFTY,,2026-08-18,2026-08-18,23150.00,CE,NIFTY2681823150CE,0.00,0.00,0.00,1129.60,1129.60,1129.60,24383.60,1330.15,390,0,0,0.00,0,F1,65,,,,,
2026-07-31,2026-07-31,FO,NSE,IDO,45098,,NIFTY,,2026-08-18,2026-08-18,24200.00,CE,NIFTY2681824200CE,353.10,386.95,317.45,353.80,349.80,316.00,24383.60,353.80,122980,1755,2329,3717243793.25,1967,F1,65,,,,,
2026-07-31,2026-07-31,FO,NSE,IDO,45100,,NIFTY,,2026-08-18,2026-08-18,24250.00,CE,NIFTY2681824250CE,320.00,350.00,289.65,325.05,319.45,285.50,24383.60,325.05,46085,-1495,535,854456443.75,408,F1,65,,,,,
2026-07-31,2026-07-31,FO,NSE,IDO,45122,,NIFTY,,2026-08-18,2026-08-18,24700.00,CE,NIFTY2681824700CE,105.65,117.35,89.70,102.10,104.20,90.70,24383.60,102.10,143975,72670,6646,10715004719.25,4886,F1,65,,,,,
2026-07-31,2026-07-31,FO,NSE,IDO,45168,,NIFTY,,2026-08-18,2026-08-18,25450.00,CE,NIFTY2681825450CE,7.05,8.75,6.75,7.55,7.85,7.00,24383.60,7.55,7605,1690,46,76118805.75,27,F1,65,,,,,
2026-07-31,2026-07-31,FO,NSE,IDO,45200,,NIFTY,,2026-08-18,2026-08-18,26000.00,CE,NIFTY2681826000CE,2.40,3.20,2.40,2.70,2.70,2.65,24383.60,2.70,143390,45630,1926,3255284678.75,994,F1,65,,,,,
2026-07-31,2026-07-31,FO,NSE,IDO,61334,,NIFTY,,2026-08-25,2026-08-25,21600.00,CE,NIFTY26AUG21600CE,0.00,0.00,0.00,2713.65,0.00,2713.65,24383.60,2874.15,0,0,0,0.00,0,F1,65,,,,,
2026-07-31,2026-07-31,FO,NSE,IDO,61378,,NIFTY,,2026-08-25,2026-08-25,22350.00,CE,NIFTY26AUG22350CE,0.00,0.00,0.00,1794.90,1794.90,1794.90,24383.60,2133.55,130,0,0,0.00,0,F1,65,,,,,
2026-07-31,2026-07-31,FO,NSE,IDO,62053,,NIFTY,,2026-08-25,2026-08-25,26150.00,CE,NIFTY26AUG26150CE,3.65,4.25,2.85,3.55,3.45,3.20,24383.60,3.55,15665,65,416,707187880.75,338,F1,65,,,,,
2026-07-31,2026-07-31,FO,NSE,IDO,46915,,NIFTY,,2026-09-01,2026-09-01,22250.00,CE,NIFTY2690122250CE,0.00,0.00,0.00,2125.05,0.00,2125.05,24383.60,2273.45,0,0,0,0.00,0,F1,65,,,,,
2026-07-31,2026-07-31,FO,NSE,IDO,46923,,NIFTY,,2026-09-01,2026-09-01,22450.00,CE,NIFTY2690122450CE,0.00,0.00,0.00,1940.55,0.00,1940.55,24383.60,2081.00,0,0,0,0.00,0,F1,65,,,,,
2026-07-31,2026-07-31,FO,NSE,IDO,46931,,NIFTY,,2026-09-01,2026-09-01,22650.00,CE,NIFTY2690122650CE,0.00,0.00,0.00,1760.65,0.00,1760.65,24383.60,1891.65,0,0,0,0.00,0,F1,65,,,,,
2026-07-31,2026-07-31,FO,NSE,IDO,46941,,NIFTY,,2026-09-01,2026-09-01,22900.00,CE,NIFTY2690122900CE,0.00,0.00,0.00,1543.90,0.00,1543.90,24383.60,1660.75,0,0,0,0.00,0,F1,65,,,,,
2026-07-31,2026-07-31,FO,NSE,IDO,46949,,NIFTY,,2026-09-01,2026-09-01,23100.00,CE,NIFTY2690123100CE,0.00,0.00,0.00,1378.25,0.00,1378.25,24383.60,1482.20,0,0,0,0.00,0,F1,65,,,,,
2026-07-31,2026-07-31,FO,NSE,IDO,46957,,NIFTY,,2026-09-01,2026-09-01,23300.00,CE,NIFTY2690123300CE,0.00,0.00,0.00,1220.55,0.00,1220.55,24383.60,1310.45,0,0,0,0.00,0,F1,65,,,,,
2026-07-31,2026-07-31,FO,NSE,IDO,46961,,NIFTY,,2026-09-01,2026-09-01,23400.00,CE,NIFTY2690123400CE,0.00,0.00,0.00,1145.00,0.00,1145.00,24383.60,1227.60,0,0,0,0.00,0,F1,65,,,,,
2026-07-31,2026-07-31,FO,NSE,IDO,46983,,NIFTY,,2026-09-01,2026-09-01,23950.00,CE,NIFTY2690123950CE,0.00,0.00,0.00,542.40,542.40,542.40,24383.60,815.75,390,0,0,0.00,0,F1,65,,,,,
2026-07-31,2026-07-31,FO,NSE,IDO,47021,,NIFTY,,2026-09-01,2026-09-01,24900.00,CE,NIFTY2690124900CE,192.25,192.25,192.25,192.25,192.25,330.25,24383.60,192.25,195,195,3,4892988.75,1,F1,65,,,,,
2026-07-31,2026-07-31,FO,NSE,IDO,47023,,NIFTY,,2026-09-01,2026-09-01,24950.00,CE,NIFTY2690124950CE,0.00,0.00,0.00,313.70,0.00,313.70,24383.60,303.40,0,0,0,0.00,0,F1,65,,,,,
2026-07-31,2026-07-31,FO,NSE,IDO,47051,,NIFTY,,2026-09-01,2026-09-01,25650.00,CE,NIFTY2690125650CE,0.00,0.00,0.00,142.40,0.00,142.40,24383.60,122.85,0,0,0,0.00,0,F1,65,,,,,
2026-07-31,2026-07-31,FO,NSE,IDO,73833,,NIFTY,,2026-09-29,2026-09-29,21700.00,CE,NIFTY26SEP21700CE,0.00,0.00,0.00,2586.45,0.00,2586.45,24383.60,2937.20,0,0,0,0.00,0,F1,65,,,,,
2026-07-31,2026-07-31,FO,NSE,IDO,73893,,NIFTY,,2026-09-29,2026-09-29,22750.00,CE,NIFTY26SEP22750CE,0.00,0.00,0.00,1386.55,1386.55,1386.55,24383.60,1972.75,260,0,0,0.00,0,F1,65,,,,,
2026-07-31,2026-07-31,FO,NSE,IDO,74010,,NIFTY,,2026-09-29,2026-09-29,23750.00,CE,NIFTY26SEP23750CE,0.00,0.00,0.00,920.90,920.90,920.90,24383.60,1187.90,1170,0,0,0.00,0,F1,65,,,,,
2026-07-31,2026-07-31,FO,NSE,IDO,74066,,NIFTY,,2026-09-29,2026-09-29,24150.00,CE,NIFTY26SEP24150CE,680.00,713.00,654.70,695.75,699.00,651.25,24383.60,695.75,5980,195,45,72664553.00,30,F1,65,,,,,
2026-07-31,2026-07-31,FO,NSE,IDO,74241,,NIFTY,,2026-09-29,2026-09-29,24500.00,CE,NIFTY26SEP24500CE,469.00,498.90,448.05,476.90,475.85,445.65,24383.60,476.90,1140295,59085,6381,10358235186.00,4394,F1,65,,,,,
2026-07-31,2026-07-31,FO,NSE,IDO,74420,,NIFTY,,2026-09-29,2026-09-29,25800.00,CE,NIFTY26SEP25800CE,60.15,65.85,55.20,60.30,59.50,56.90,24383.60,60.30,192660,1170,1749,2939900866.50,1102,F1,65,,,,,
2026-07-31,2026-07-31,FO,NSE,IDO,51356,,NIFTY,,2026-10-27,2026-10-27,23100.00,CE,NIFTY26OCT23100CE,0.00,0.00,0.00,1547.05,0.00,1547.05,24383.60,1861.60,0,0,0,0.00,0,F1,65,,,,,
2026-07-31,2026-07-31,FO,NSE,IDO,51366,,NIFTY,,2026-10-27,2026-10-27,23350.00,CE,NIFTY26OCT23350CE,0.00,0.00,0.00,1373.70,0.00,1373.70,24383.60,1671.55,0,0,0,0.00,0,F1,65,,,,,
2026-07-31,2026-07-31,FO,NSE,IDO,51368,,NIFTY,,2026-10-27,2026-10-27,23400.00,CE,NIFTY26OCT23400CE,0.00,0.00,0.00,1340.60,0.00,1340.60,24383.60,1635.65,0,0,0,0.00,0,F1,65,,,,,
2026-07-31,2026-07-31,FO,NSE,IDO,51380,,NIFTY,,2026-10-27,2026-10-27,23700.00,CE,NIFTY26OCT23700CE,0.00,0.00,0.00,1151.60,0.00,1151.60,24383.60,1422.30,0,0,0,0.00,0,F1,65,,,,,
2026-07-31,2026-07-31,FO,NSE,IDO,51430,,NIFTY,,2026-10-27,2026-10-27,24800.00,CE,NIFTY26OCT24800CE,489.00,494.50,489.00,494.50,494.50,430.00,24383.60,787.00,260,130,2,3287927.50,2,F1,65,,,,,
2026-07-31,2026-07-31,FO,NSE,IDO,51436,,NIFTY,,2026-10-27,2026-10-27,24950.00,CE,NIFTY26OCT24950CE,0.00,0.00,0.00,549.30,0.00,549.30,24383.60,718.45,0,0,0,0.00,0,F1,65,,,,,
2026-07-31,2026-07-31,FO,NSE,IDO,51440,,NIFTY,,2026-10-27,2026-10-27,25000.00,CE,NIFTY26OCT25000CE,379.50,400.00,363.25,385.90,378.55,364.10,24383.60,385.90,67730,9815,1263,2083895209.50,790,F1,65,,,,,
2026-07-31,2026-07-31,FO,NSE,IDO,51456,,NIFTY,,2026-10-27,2026-10-27,25400.00,CE,NIFTY26OCT25400CE,0.00,0.00,0.00,402.80,0.00,402.80,24383.60,538.05,0,0,0,0.00,0,F1,65,,,,,
2026-07-31,2026-07-31,FO,NSE,IDO,51492,,NIFTY,,2026-10-27,2026-10-27,26050.00,CE,NIFTY26OCT26050CE,0.00,0.00,0.00,247.25,0.00,247.25,24383.60,339.90,0,0,0,0.00,0,F1,65,,,,,
2026-07-31,2026-07-31,FO,NSE,IDO,50547,,NIFTY,,2026-12-29,2026-12-29,28000.00,CE,NIFTY26DEC28000CE,43.05,46.55,42.15,44.60,44.10,42.50,24383.60,44.60,1503745,-5705,1892,3448862722.50,1113,F1,65,,,,,
2026-07-31,2026-07-31,FO,NSE,IDO,55378,,NIFTY,,2027-06-29,2027-06-29,28500.00,CE,NIFTY27JUN28500CE,0.00,0.00,0.00,1711.90,0.00,1711.90,24383.60,690.90,0,0,0,0.00,0,F1,65,,,,,
2026-07-31,2026-07-31,FO,NSE,IDO,53626,,NIFTY,,2027-12-28,2027-12-28,25000.00,CE,NIFTY27DEC25000CE,2307.85,2339.40,2300.00,2323.30,2312.50,2272.10,24383.60,2323.30,33420,130,7,12430158.00,7,F1,65,,,,,
2026-07-31,2026-07-31,FO,NSE,IDO,53628,,NIFTY,,2027-12-28,2027-12-28,26000.00,CE,NIFTY27DEC26000CE,1740.10,1830.60,1740.10,1790.00,1790.00,1718.50,24383.60,2275.00,69590,-975,44,79478252.75,32,F1,65,,,,,
2026-07-31,2026-07-31,FO,NSE,IDO,35346,,NIFTY,,2027-12-28,2027-12-28,30000.00,CE,NIFTY27DEC30000CE,368.05,380.00,368.05,372.20,370.05,383.95,24383.60,372.20,114855,-195,36,71078410.00,26,F1,65,,,,,
2026-07-31,2026-07-31,FO,NSE,IDO,55430,,NIFTY,,2027-12-28,2027-12-28,31500.00,CE,NIFTY27DEC31500CE,209.00,210.00,186.20,186.20,186.20,185.00,24383.60,186.20,2080,-130,4,8242988.00,3,F1,65,,,,,
2026-07-31,2026-07-31,FO,NSE,IDO,55468,,NIFTY,,2028-06-27,2028-06-27,16500.00,CE,NIFTY28JUN16500CE,0.00,0.00,0.00,11752.80,0.00,11752.80,24383.60,9867.45,0,0,0,0.00,0,F1,65,,,,,
2026-07-31,2026-07-31,FO,NSE,IDO,55558,,NIFTY,,2029-06-26,2029-06-26,19500.00,CE,NIFTY29JUN19500CE,0.00,0.00,0.00,10206.95,0.00,10206.95,24383.60,8486.10,0,0,0,0.00,0,F1,65,,,,,
2026-07-31,2026-07-31,FO,NSE,IDO,55600,,NIFTY,,2029-12-24,2029-12-24,19500.00,CE,NIFTY29DEC19500CE,0.00,0.00,0.00,10678.80,0.00,10678.80,24383.60,9019.85,0,0,0,0.00,0,F1,65,,,,,
2026-07-31,2026-07-31,FO,NSE,IDO,55646,,NIFTY,,2030-06-25,2030-06-25,25500.00,CE,NIFTY30JUN25500CE,0.00,0.00,0.00,7070.45,0.00,7070.45,24383.60,5824.35,0,0,0,0.00,0,F1,65,,,,,
2026-07-31,2026-07-31,FO,NSE,IDO,55754,,NIFTY,,2030-12-31,2030-12-31,24000.00,CE,NIFTY30DEC24000CE,0.00,0.00,0.00,8563.30,0.00,8563.30,24383.60,7248.05,0,0,0,0.00,0,F1,65,,,,,
2026-07-31,2026-07-31,FO,NSE,IDO,74638,,NIFTY,,2031-06-24,2031-06-24,16500.00,CE,NIFTY31JUN16500CE,0.00,0.00,0.00,11849.25,0.00,11849.25,24383.60,12530.30,0,0,0,0.00,0,F1,65,,,,,
2026-07-31,2026-07-31,FO,NSE,IDO,65165,,NIFTY,,2026-08-04,2026-08-04,21700.00,PE,NIFTY2680421700PE,0.75,1.20,0.60,0.90,0.90,0.85,24383.60,0.90,997295,145925,61646,86955064426.75,13810,F1,65,,,,,
2026-07-31,2026-07-31,FO,NSE,IDO,65371,,NIFTY,,2026-08-04,2026-08-04,22000.00,PE,NIFTY2680422000PE,0.95,1.35,0.80,1.05,1.10,1.00,24383.60,1.05,2885740,-10075,128474,183726335942.50,16194,F1,65,,,,,
2026-07-31,2026-07-31,FO,NSE,IDO,65530,,NIFTY,,2026-08-04,2026-08-04,23300.00,PE,NIFTY2680423300PE,2.70,3.20,2.25,2.60,2.75,3.15,24383.60,2.60,4650295,36075,516317,782054018518.50,89852,F1,65,,,,,
2026-07-31,2026-07-31,FO,NSE,IDO,65589,,NIFTY,,2026-08-04,2026-08-04,23450.00,PE,NIFTY2680423450PE,3.00,4.55,2.60,3.10,3.40,4.10,24383.60,3.10,1664910,321880,215639,328734292058.25,47207,F1,65,,,,,
2026-07-31,2026-07-31,FO,NSE,IDO,65698,,NIFTY,,2026-08-04,2026-08-04,24100.00,PE,NIFTY2680424100PE,33.95,37.15,14.80,17.15,17.80,45.65,24383.60,17.15,7644130,1842620,1547405,2426268464301.50,438852,F1,65,,,,,
2026-07-31,2026-07-31,FO,NSE,IDO,65880,,NIFTY,,2026-08-04,2026-08-04,24650.00,PE,NIFTY2680424650PE,333.20,349.35,249.55,277.30,286.40,370.35,24383.60,277.30,106535,52975,41801,67738033044.50,29314,F1,65,,,,,
2026-07-31,2026-07-31,FO,NSE,IDO,65884,,NIFTY,,2026-08-04,2026-08-04,24700.00,PE,NIFTY2680424700PE,378.10,397.00,293.10,323.85,332.50,416.10,24383.60,323.85,203580,123045,55695,90592156096.00,31490,F1,65,,,,,
2026-07-31,2026-07-31,FO,NSE,IDO,65911,,NIFTY,,2026-08-04,2026-08-04,24850.00,PE,NIFTY2680424850PE,486.85,545.75,436.00,470.50,465.80,563.55,24383.60,470.50,20280,13065,2535,4171574608.50,1893,F1,65,,,,,
2026-07-31,2026-07-31,FO,NSE,IDO,65915,,NIFTY,,2026-08-04,2026-08-04,24950.00,PE,NIFTY2680424950PE,585.90,632.05,531.90,570.85,579.50,662.90,24383.60,570.85,13520,10140,392,649951432.00,366,F1,65,,,,,
2026-07-31,2026-07-31,FO,NSE,IDO,65999,,NIFTY,,2026-08-04,2026-08-04,25650.00,PE,NIFTY2680425650PE,0.00,0.00,0.00,1600.00,1600.00,1600.00,24383.60,1249.60,780,0,0,0.00,0,F1,65,,,,,
2026-07-31,2026-07-31,FO,NSE,IDO,40966,,NIFTY,,2026-08-11,2026-08-11,23400.00,PE,NIFTY2681123400PE,10.00,12.45,9.25,11.20,11.70,13.45,24383.60,11.20,1131195,80990,49316,75044392829.25,20829,F1,65,,,,,
2026-07-31,2026-07-31,FO,NSE,IDO,40982,,NIFTY,,2026-08-11,2026-08-11,23750.00,PE,NIFTY2681123750PE,28.60,31.35,21.25,23.30,24.70,37.00,24383.60,23.30,286000,136110,13404,20713203764.50,7717,F1,65,,,,,
2026-07-31,2026-07-31,FO,NSE,IDO,40994,,NIFTY,,2026-08-11,2026-08-11,24050.00,PE,NIFTY2681124050PE,68.20,79.40,53.50,57.50,59.30,90.45,24383.60,57.50,305370,197210,13723,21506303087.75,9207,F1,65,,,,,
2026-07-31,2026-07-31,FO,NSE,IDO,41000,,NIFTY,,2026-08-11,2026-08-11,24200.00,PE,NIFTY2681124200PE,116.05,123.90,85.55,92.45,94.70,138.65,24383.60,92.45,1799655,176735,73308,115788661589.25,43281,F1,65,,,,,
2026-07-31,2026-07-31,FO,NSE,IDO,41002,,NIFTY,,2026-08-11,2026-08-11,24250.00,PE,NIFTY2681124250PE,128.65,142.60,99.40,107.95,110.85,159.20,24383.60,107.95,403845,81315,22429,35522810433.50,14265,F1,65,,,,,
2026-07-31,2026-07-31,FO,NSE,IDO,41054,,NIFTY,,2026-08-11,2026-08-11,25400.00,PE,NIFTY2681125400PE,1035.00,1035.00,1035.00,1035.00,1035.00,1163.65,24383.60,999.75,260,0,1,1718275.00,1,F1,65,,,,,
2026-07-31,2026-07-31,FO,NSE,IDO,45077,,NIFTY,,2026-08-18,2026-08-18,23750.00,PE,NIFTY2681823750PE,60.30,60.30,45.35,47.95,49.50,69.20,24383.60,47.95,22815,-3120,954,1475892512.25,533,F1,65,,,,,
2026-07-31,2026-07-31,FO,NSE,IDO,45121,,NIFTY,,2026-08-18,2026-08-18,24650.00,PE,NIFTY2681824650PE,372.25,373.95,334.00,346.00,348.45,460.25,24383.60,346.00,2600,2470,60,97515648.75,57,F1,65,,,,,
2026-07-31,2026-07-31,FO,NSE,IDO,45145,,NIFTY,,2026-08-18,2026-08-18,24900.00,PE,NIFTY2681824900PE,525.00,525.00,525.00,525.00,525.00,940.30,24383.60,525.00,130,130,2,3305250.00,2,F1,65,,,,,
2026-07-31,2026-07-31,FO,NSE,IDO,61335,,NIFTY,,2026-08-25,2026-08-25,21600.00,PE,NIFTY26AUG21600PE,6.30,7.85,6.25,7.20,7.25,7.55,24383.60,7.20,40690,-1170,133,186792544.25,77,F1,65,,,,,
2026-07-31,2026-07-31,FO,NSE,IDO,61339,,NIFTY,,2026-08-25,2026-08-25,21700.00,PE,NIFTY26AUG21700PE,6.70,8.45,6.40,7.30,8.45,7.55,24383.60,7.30,36465,-4745,369,520647903.75,260,F1,65,,,,,
2026-07-31,2026-07-31,FO,NSE,IDO,61341,,NIFTY,,2026-08-25,2026-08-25,21750.00,PE,NIFTY26AUG21750PE,6.65,8.00,6.05,6.50,6.40,7.40,24383.60,6.50,2795,-260,56,79194482.25,27,F1,65,,,,,
2026-07-31,2026-07-31,FO,NSE,IDO,61347,,NIFTY,,2026-08-25,2026-08-25,21900.00,PE,NIFTY26AUG21900PE,7.40,8.70,6.55,7.50,7.95,8.50,24383.60,7.50,31850,6370,434,618003925.50,288,F1,65,,,,,
2026-07-31,2026-07-31,FO,NSE,IDO,61425,,NIFTY,,2026-08-25,2026-08-25,22900.00,PE,NIFTY26AUG22900PE,21.90,21.90,17.40,18.70,19.10,21.95,24383.60,18.70,269425,-62010,7610,11337157685.75,5503,F1,65,,,,,
2026-07-31,2026-07-31,FO,NSE,IDO,61531,,NIFTY,,2026-08-25,2026-08-25,23700.00,PE,NIFTY26AUG23700PE,78.00,80.70,63.60,66.00,68.00,89.05,24383.60,66.00,1078610,12935,17355,26813675804.50,10531,F1,65,,,,,
2026-07-31,2026-07-31,FO,NSE,IDO,61550,,NIFTY,,2026-08-25,2026-08-25,23850.00,PE,NIFTY26AUG23850PE,102.90,107.30,84.05,88.10,88.15,117.80,24383.60,88.10,105300,9620,1421,2211529073.00,1058,F1,65,,,,,
2026-07-31,2026-07-31,FO,NSE,IDO,61684,,NIFTY,,2026-08-25,2026-08-25,24250.00,PE,NIFTY26AUG24250PE,210.40,225.70,177.45,187.05,187.10,240.75,24383.60,187.05,183885,-1560,5208,8276168696.25,3964,F1,65,,,,,
2026-07-31,2026-07-31,FO,NSE,IDO,61796,,NIFTY,,2026-08-25,2026-08-25,24700.00,PE,NIFTY26AUG24700PE,462.60,462.60,378.30,397.25,408.70,473.30,24383.60,397.25,361855,51090,4569,7456035915.25,3793,F1,65,,,,,
2026-07-31,2026-07-31,FO,NSE,IDO,61846,,NIFTY,,2026-08-25,2026-08-25,24800.00,PE,NIFTY26AUG24800PE,491.20,522.70,439.00,461.50,467.30,543.05,24383.60,461.50,283140,-2730,2182,3584211319.00,1649,F1,65,,,,,
2026-07-31,2026-07-31,FO,NSE,IDO,61856,,NIFTY,,2026-08-25,2026-08-25,24850.00,PE,NIFTY26AUG24850PE,553.95,553.95,478.85,496.65,498.50,576.15,24383.60,496.65,4290,1755,62,102171767.75,62,F1,65,,,,,
2026-07-31,2026-07-31,FO,NSE,IDO,61974,,NIFTY,,2026-08-25,2026-08-25,25450.00,PE,NIFTY26AUG25450PE,1060.00,1060.00,1060.00,1060.00,1060.00,1120.00,24383.60,1073.20,195,-65,1,1723150.00,1,F1,65,,,,,
2026-07-31,2026-07-31,FO,NSE,IDO,61995,,NIFTY,,2026-08-25,2026-08-25,25750.00,PE,NIFTY26AUG25750PE,1310.00,1310.00,1310.00,1310.00,1310.00,1612.05,24383.60,1327.15,325,195,3,5276700.00,3,F1,65,,,,,
2026-07-31,2026-07-31,FO,NSE,IDO,62003,,NIFTY,,2026-08-25,2026-08-25,25850.00,PE,NIFTY26AUG25850PE,0.00,0.00,0.00,1550.00,1550.00,1550.00,24383.60,1415.60,585,0,0,0.00,0,F1,65,,,,,
2026-07-31,2026-07-31,FO,NSE,IDO,62054,,NIFTY,,2026-08-25,2026-08-25,26150.00,PE,NIFTY26AUG26150PE,0.00,0.00,0.00,2082.50,0.00,2082.50,24383.60,1689.70,0,0,0,0.00,0,F1,65,,,,,
2026-07-31,2026-07-31,FO,NSE,IDO,46914,,NIFTY,,2026-09-01,2026-09-01,22200.00,PE,NIFTY2690122200PE,0.00,0.00,0.00,13.50,13.50,13.50,24383.60,9.45,1820,0,0,0.00,0,F1,65,,,,,
2026-07-31,2026-07-31,FO,NSE,IDO,46932,,NIFTY,,2026-09-01,2026-09-01,22650.00,PE,NIFTY2690122650PE,0.00,0.00,0.00,63.55,63.55,63.55,24383.60,26.55,65,0,0,0.00,0,F1,65,,,,,
2026-07-31,2026-07-31,FO,NSE,IDO,46980,,NIFTY,,2026-09-01,2026-09-01,23850.00,PE,NIFTY2690123850PE,0.00,0.00,0.00,167.55,167.55,167.55,24383.60,212.40,455,0,0,0.00,0,F1,65,,,,,
2026-07-31,2026-07-31,FO,NSE,IDO,47008,,NIFTY,,2026-09-01,2026-09-01,24550.00,PE,NIFTY2690124550PE,0.00,0.00,0.00,655.90,0.00,655.90,24383.60,493.50,0,0,0,0.00,0,F1,65,,,,,
2026-07-31,2026-07-31,FO,NSE,IDO,47044,,NIFTY,,2026-09-01,2026-09-01,25450.00,PE,NIFTY2690125450PE,0.00,0.00,0.00,1266.10,0.00,1266.10,24383.60,1080.75,0,0,0,0.00,0,F1,65,,,,,
2026-07-31,2026-07-31,FO,NSE,IDO,55281,,NIFTY,,2026-09-29,2026-09-29,16500.00,PE,NIFTY26SEP16500PE,3.35,3.60,2.75,3.25,3.55,3.35,24383.60,3.25,141310,-195,84,90108226.00,20,F1,65,,,,,
2026-07-31,2026-07-31,FO,NSE,IDO,73832,,NIFTY,,2026-09-29,2026-09-29,21650.00,PE,NIFTY26SEP21650PE,0.00,0.00,0.00,23.70,23.15,23.70,24383.60,16.50,3315,0,0,0.00,0,F1,65,,,,,
2026-07-31,2026-07-31,FO,NSE,IDO,73868,,NIFTY,,2026-09-29,2026-09-29,22050.00,PE,NIFTY26SEP22050PE,28.10,30.10,27.95,28.50,28.50,31.55,24383.60,28.50,2405,-910,26,37313071.25,16,F1,65,,,,,
2026-07-31,2026-07-31,FO,NSE,IDO,73870,,NIFTY,,2026-09-29,2026-09-29,22100.00,PE,NIFTY26SEP22100PE,29.35,30.65,27.85,29.00,29.65,32.50,24383.60,29.00,237835,-123955,2651,3813187319.50,1013,F1,65,,,,,
2026-07-31,2026-07-31,FO,NSE,IDO,73880,,NIFTY,,2026-09-29,2026-09-29,22350.00,PE,NIFTY26SEP22350PE,36.30,38.10,33.20,34.85,34.65,41.00,24383.60,34.85,10270,-65,73,106218216.00,37,F1,65,,,,,
2026-07-31,2026-07-31,FO,NSE,IDO,73894,,NIFTY,,2026-09-29,2026-09-29,22750.00,PE,NIFTY26SEP22750PE,55.85,56.25,50.45,51.45,52.60,61.85,24383.60,51.45,12415,130,76,112645295.75,38,F1,65,,,,,
2026-07-31,2026-07-31,FO,NSE,IDO,73911,,NIFTY,,2026-09-29,2026-09-29,23200.00,PE,NIFTY26SEP23200PE,91.60,97.55,82.75,84.80,86.15,101.95,24383.60,84.80,262405,16835,3051,4618239080.00,1671,F1,65,,,,,
2026-07-31,2026-07-31,FO,NSE,IDO,73982,,NIFTY,,2026-09-29,2026-09-29,23450.00,PE,NIFTY26SEP23450PE,123.70,126.35,112.10,116.10,118.10,137.80,24383.60,116.10,22165,4030,257,393672032.00,175,F1,65,,,,,
2026-07-31,2026-07-31,FO,NSE,IDO,74063,,NIFTY,,2026-09-29,2026-09-29,24050.00,PE,NIFTY26SEP24050PE,256.25,266.15,231.70,237.20,241.95,281.00,24383.60,237.20,67210,48815,953,1505176991.50,867,F1,65,,,,,
2026-07-31,2026-07-31,FO,NSE,IDO,74067,,NIFTY,,2026-09-29,2026-09-29,24150.00,PE,NIFTY26SEP24150PE,283.00,291.10,260.00,270.35,273.65,316.80,24383.60,270.35,14235,4550,176,279373724.50,161,F1,65,,,,,
2026-07-31,2026-07-31,FO,NSE,IDO,74362,,NIFTY,,2026-09-29,2026-09-29,24900.00,PE,NIFTY26SEP24900PE,620.00,626.00,580.15,595.05,600.95,665.60,24383.60,595.05,5980,1105,53,87836554.00,45,F1,65,,,,,
2026-07-31,2026-07-31,FO,NSE,IDO,74385,,NIFTY,,2026-09-29,2026-09-29,25250.00,PE,NIFTY26SEP25250PE,872.35,872.35,820.00,822.50,825.00,1100.00,24383.60,822.50,325,-65,3,5087377.75,3,F1,65,,,,,
2026-07-31,2026-07-31,FO,NSE,IDO,74427,,NIFTY,,2026-09-29,2026-09-29,25900.00,PE,NIFTY26SEP25900PE,0.00,0.00,0.00,1898.75,0.00,1898.75,24383.60,1465.55,0,0,0,0.00,0,F1,65,,,,,
2026-07-31,2026-07-31,FO,NSE,IDO,51337,,NIFTY,,2026-10-27,2026-10-27,22600.00,PE,NIFTY26OCT22600PE,0.00,0.00,0.00,197.50,0.00,197.50,24383.60,126.10,0,0,0,0.00,0,F1,65,,,,,
2026-07-31,2026-07-31,FO,NSE,IDO,51343,,NIFTY,,2026-10-27,2026-10-27,22750.00,PE,NIFTY26OCT22750PE,0.00,0.00,0.00,228.35,0.00,228.35,24383.60,148.20,0,0,0,0.00,0,F1,65,,,,,
2026-07-31,2026-07-31,FO,NSE,IDO,51353,,NIFTY,,2026-10-27,2026-10-27,23000.00,PE,NIFTY26OCT23000PE,111.35,115.00,101.10,103.35,102.80,123.85,24383.60,103.35,111995,44265,1440,2162765696.00,897,F1,65,,,,,
2026-07-31,2026-07-31,FO,NSE,IDO,51423,,NIFTY,,2026-10-27,2026-10-27,24600.00,PE,NIFTY26OCT24600PE,493.05,494.25,471.70,480.70,486.75,933.10,24383.60,480.70,5330,5330,101,164668942.75,40,F1,65,,,,,
2026-07-31,2026-07-31,FO,NSE,IDO,51435,,NIFTY,,2026-10-27,2026-10-27,24900.00,PE,NIFTY26OCT24900PE,0.00,0.00,0.00,1108.40,0.00,1108.40,24383.60,861.75,0,0,0,0.00,0,F1,65,,,,,
2026-07-31,2026-07-31,FO,NSE,IDO,51445,,NIFTY,,2026-10-27,2026-10-27,25100.00,PE,NIFTY26OCT25100PE,730.00,730.00,730.00,730.00,730.00,1234.30,24383.60,730.00,65,65,1,1678950.00,1,F1,65,,,,,
2026-07-31,2026-07-31,FO,NSE,IDO,51447,,NIFTY,,2026-10-27,2026-10-27,25150.00,PE,NIFTY26OCT25150PE,0.00,0.00,0.00,1266.85,0.00,1266.85,24383.60,1000.65,0,0,0,0.00,0,F1,65,,,,,
2026-07-31,2026-07-31,FO,NSE,IDO,51457,,NIFTY,,2026-10-27,2026-10-27,25400.00,PE,NIFTY26OCT25400PE,0.00,0.00,0.00,1435.95,0.00,1435.95,24383.60,1151.10,0,0,0,0.00,0,F1,65,,,,,
2026-07-31,2026-07-31,FO,NSE,IDO,51469,,NIFTY,,2026-10-27,2026-10-27,25500.00,PE,NIFTY26OCT25500PE,1000.00,1032.05,962.05,987.00,992.00,1054.75,24383.60,987.00,6305,3900,104,179038869.75,65,F1,65,,,,,
2026-07-31,2026-07-31,FO,NSE,IDO,58635,,NIFTY,,2026-12-29,2026-12-29,15000.00,PE,NIFTY26DEC15000PE,14.80,15.70,14.00,15.20,14.15,14.80,24383.60,15.20,115425,260,184,179578376.25,40,F1,65,,,,,
2026-07-31,2026-07-31,FO,NSE,IDO,58637,,NIFTY,,2026-12-29,2026-12-29,16000.00,PE,NIFTY26DEC16000PE,15.05,17.35,15.05,16.65,17.10,16.40,24383.60,16.65,122390,-65,29,30191827.25,17,F1,65,,,,,
2026-07-31,2026-07-31,FO,NSE,IDO,71502,,NIFTY,,2026-12-29,2026-12-29,24000.00,PE,NIFTY26DEC24000PE,410.00,410.00,375.80,383.35,386.95,418.30,24383.60,383.35,2175580,57035,5185,8219379268.75,3523,F1,65,,,,,
2026-07-31,2026-07-31,FO,NSE,IDO,55429,,NIFTY,,2027-12-28,2027-12-28,28500.00,PE,NIFTY27DEC28500PE,0.00,0.00,0.00,2979.70,2979.70,2979.70,24383.60,2870.20,260,0,0,0.00,0,F1,65,,,,,
2026-07-31,2026-07-31,FO,NSE,IDO,55431,,NIFTY,,2027-12-28,2027-12-28,31500.00,PE,NIFTY27DEC31500PE,0.00,0.00,0.00,3240.00,0.00,3240.00,24383.60,4909.60,0,0,0,0.00,0,F1,65,,,,,
2026-07-31,2026-07-31,FO,NSE,IDO,55471,,NIFTY,,2028-06-27,2028-06-27,19500.00,PE,NIFTY28JUN19500PE,0.00,0.00,0.00,40.05,0.00,40.05,24383.60,133.20,0,0,0,0.00,0,F1,65,,,,,
2026-07-31,2026-07-31,FO,NSE,IDO,35353,,NIFTY,,2028-06-27,2028-06-27,30000.00,PE,NIFTY28JUN30000PE,0.00,0.00,0.00,3779.25,0.00,3779.25,24383.60,3496.80,0,0,0,0.00,0,F1,65,,,,,
2026-07-31,2026-07-31,FO,NSE,IDO,55517,,NIFTY,,2028-12-26,2028-12-26,16500.00,PE,NIFTY28DEC16500PE,0.00,0.00,0.00,5.90,0.00,5.90,24383.60,29.15,0,0,0,0.00,0,F1,65,,,,,
2026-07-31,2026-07-31,FO,NSE,IDO,61391,,NIFTY,,2029-12-24,2029-12-24,18000.00,PE,NIFTY29DEC18000PE,0.00,0.00,0.00,96.50,0.00,96.50,24383.60,100.60,0,0,0,0.00,0,F1,65,,,,,
2026-07-31,2026-07-31,FO,NSE,IDO,61747,,NIFTY,,2029-12-24,2029-12-24,23000.00,PE,NIFTY29DEC23000PE,0.00,0.00,0.00,865.00,865.00,865.00,24383.60,625.05,1560,0,0,0.00,0,F1,65,,,,,
2026-07-31,2026-07-31,FO,NSE,IDO,61779,,NIFTY,,2029-12-24,2029-12-24,26000.00,PE,NIFTY29DEC26000PE,0.00,0.00,0.00,2150.00,2150.00,2150.00,24383.60,1312.00,3665,0,0,0.00,0,F1,65,,,,,
2026-07-31,2026-07-31,FO,NSE,IDO,60905,,NIFTY,,2030-06-25,2030-06-25,24000.00,PE,NIFTY30JUN24000PE,0.00,0.00,0.00,698.15,0.00,698.15,24383.60,790.20,0,0,0,0.00,0,F1,65,,,,,
2026-07-31,2026-07-31,FO,NSE,IDO,55757,,NIFTY,,2030-12-31,2030-12-31,25500.00,PE,NIFTY30DEC25500PE,0.00,0.00,0.00,538.25,0.00,538.25,24383.60,1058.65,0,0,0,0.00,0,F1,65,,,,,
2026-07-31,2026-07-31,FO,NSE,IDO,74664,,NIFTY,,2031-06-24,2031-06-24,31500.00,PE,NIFTY31JUN31500PE,0.00,0.00,0.00,3185.85,0.00,3185.85,24383.60,2701.20,0,0,0,0.00,0,F1,65,,,,,
2026-07-31,2026-07-31,FO,NSE,IDO,41013,,NIFTY,,2026-08-11,2026-08-11,24550.00,CE,NIFTY2681124550CE,109.70,118.50,83.00,99.30,95.80,83.50,24383.60,99.30,232635,111540,15323,24551616654.50,11279,F1,65,,,,,
2026-07-31,2026-07-31,FO,NSE,IDO,41003,,NIFTY,,2026-08-11,2026-08-11,24300.00,CE,NIFTY2681124300CE,209.90,254.10,192.45,225.50,219.25,189.70,24383.60,225.50,947895,22685,59063,94141376780.75,36669,F1,65,,,,,
2026-07-31,2026-07-31,FO,NSE,IDO,40975,,NIFTY,,2026-08-11,2026-08-11,23650.00,CE,NIFTY2681123650CE,735.80,796.40,724.35,767.65,762.70,683.15,24383.60,767.65,3315,-65,80,126916471.50,67,F1,65,,,,,
2026-07-31,2026-07-31,FO,NSE,IDO,40971,,NIFTY,,2026-08-11,2026-08-11,23550.00,CE,NIFTY2681123550CE,816.35,884.55,816.35,873.45,884.55,738.25,24383.60,873.45,2795,0,24,38066733.25,23,F1,65,,,,,
2026-07-31,2026-07-31,FO,NSE,IDO,40951,,NIFTY,,2026-08-11,2026-08-11,23050.00,CE,NIFTY2681123050CE,0.00,0.00,0.00,1552.25,0.00,1552.25,24383.60,1381.70,0,0,0,0.00,0,F1,65,,,,,
2026-07-31,2026-07-31,FO,NSE,IDO,40943,,NIFTY,,2026-08-11,2026-08-11,22850.00,CE,NIFTY2681122850CE,0.00,0.00,0.00,1730.10,0.00,1730.10,24383.60,1578.00,0,0,0,0.00,0,F1,65,,,,,
2026-07-31,2026-07-31,FO,NSE,IDO,40917,,NIFTY,,2026-08-11,2026-08-11,22250.00,CE,NIFTY2681122250CE,0.00,0.00,0.00,2292.00,0.00,2292.00,24383.60,2174.55,0,0,0,0.00,0,F1,65,,,,,
2026-07-31,2026-07-31,FO,NSE,IDO,40915,,NIFTY,,2026-08-11,2026-08-11,22200.00,CE,NIFTY2681122200CE,0.00,0.00,0.00,2340.15,0.00,2340.15,24383.60,2224.40,0,0,0,0.00,0,F1,65,,,,,
2026-07-31,2026-07-31,FO,NSE,IDO,40905,,NIFTY,,2026-08-11,2026-08-11,21950.00,CE,NIFTY2681121950CE,0.00,0.00,0.00,2582.90,0.00,2582.90,24383.60,2473.90,0,0,0,0.00,0,F1,65,,,,,
