TradDt,BizDt,Sgmt,Src,FinInstrmTp,FinInstrmId,ISIN,TckrSymb,SctySrs,XpryDt,FininstrmActlXpryDt,StrkPric,OptnTp,FinInstrmNm,OpnPric,HghPric,LwPric,ClsPric,LastPric,PrvsClsgPric,UndrlygPric,SttlmPric,OpnIntrst,ChngInOpnIntrst,TtlTradgVol,TtlTrfVal,TtlNbOfTxsExctd,SsnId,NewBrdLotQty,Rmks,Rsvd1,Rsvd2,Rsvd3,Rsvd4
2026-08-04,2026-08-04,FO,NSE,IDO,58811,,BANKNIFTY,,2026-08-25,2026-08-25,48900.00,PE,BANKNIFTY26AUG48900PE,7.75,12.50,7.75,11.75,9.35,6.80,57907.20,11.75,5850,-60,38,55756443.00,21,F1,30,,,,,
2026-08-04,2026-08-04,FO,NSE,IDO,58859,,BANKNIFTY,,2026-08-25,2026-08-25,50100.00,PE,BANKNIFTY26AUG50100PE,10.65,10.65,10.10,10.30,10.30,10.65,57907.20,1.13,570,0,6,9019863.00,3,F1,30,,,,,
2026-08-04,2026-08-04,FO,NSE,IDO,58923,,BANKNIFTY,,2026-08-25,2026-08-25,52100.00,PE,BANKNIFTY26AUG52100PE,17.05,22.85,14.80,22.05,22.00,16.30,57907.20,22.05,3120,870,149,232975866.00,104,F1,30,,,,,
2026-08-04,2026-08-04,FO,NSE,IDO,58927,,BANKNIFTY,,2026-08-25,2026-08-25,52300.00,PE,BANKNIFTY26AUG52300PE,17.20,28.05,15.40,22.70,23.55,19.30,57907.20,22.70,4230,-1110,225,353160736.50,137,F1,30,,,,,
2026-08-04,2026-08-04,FO,NSE,IDO,58931,,BANKNIFTY,,2026-08-25,2026-08-25,52500.00,PE,BANKNIFTY26AUG52500PE,20.20,25.50,16.85,24.20,24.85,20.60,57907.20,24.20,143250,21180,9929,15644600766.00,4715,F1,30,,,,,
2026-08-04,2026-08-04,FO,NSE,IDO,59091,,BANKNIFTY,,2026-08-25,2026-08-25,57500.00,PE,BANKNIFTY26AUG57500PE,549.60,698.00,450.00,606.60,607.85,549.60,57907.20,606.60,458220,-63360,81709,142396039353.00,59178,F1,30,,,,,
2026-08-04,2026-08-04,FO,NSE,IDO,59093,,BANKNIFTY,,2026-08-25,2026-08-25,57600.00,PE,BANKNIFTY26AUG57600PE,591.70,744.75,484.45,654.15,650.05,591.70,57907.20,654.15,89790,9720,34916,61007765772.00,27969,F1,30,,,,,
2026-08-04,2026-08-04,FO,NSE,IDO,59099,,BANKNIFTY,,2026-08-25,2026-08-25,57900.00,PE,BANKNIFTY26AUG57900PE,706.25,895.40,603.00,795.65,801.15,721.20,57907.20,795.65,99030,8550,30760,54089602444.50,23064,F1,30,,,,,
2026-08-04,2026-08-04,FO,NSE,IDO,59257,,BANKNIFTY,,2026-08-25,2026-08-25,62100.00,PE,BANKNIFTY26AUG62100PE,0.00,0.00,0.00,6619.00,0.00,6619.00,57907.20,4103.64,0,0,0,0.00,0,F1,30,,,,,
2026-08-04,2026-08-04,FO,NSE,IDO,59305,,BANKNIFTY,,2026-08-25,2026-08-25,63700.00,PE,BANKNIFTY26AUG63700PE,0.00,0.00,0.00,8000.05,0.00,8000.05,57907.20,5609.47,0,0,0,0.00,0,F1,30,,,,,
2026-08-04,2026-08-04,FO,NSE,IDO,59315,,BANKNIFTY,,2026-08-25,2026-08-25,63900.00,PE,BANKNIFTY26AUG63900PE,0.00,0.00,0.00,8177.75,0.00,8177.75,57907.20,5802.98,0,0,0,0.00,0,F1,30,,,,,
2026-08-04,2026-08-04,FO,NSE,IDO,69685,,BANKNIFTY,,2026-09-29,2026-09-29,53000.00,PE,BANKNIFTY26SEP53000PE,100.40,118.20,92.50,109.85,107.85,105.45,57907.20,109.85,35160,5610,531,845988925.50,317,F1,30,,,,,
2026-08-04,2026-08-04,FO,NSE,IDO,69703,,BANKNIFTY,,2026-09-29,2026-09-29,53900.00,PE,BANKNIFTY26SEP53900PE,0.00,0.00,0.00,748.95,0.00,748.95,57907.20,375.24,0,0,0,0.00,0,F1,30,,,,,
2026-08-04,2026-08-04,FO,NSE,IDO,69772,,BANKNIFTY,,2026-09-29,2026-09-29,55100.00,PE,BANKNIFTY26SEP55100PE,0.00,0.00,0.00,1069.60,0.00,1069.60,57907.20,618.27,0,0,0,0.00,0,F1,30,,,,,
2026-08-04,2026-08-04,FO,NSE,IDO,69810,,BANKNIFTY,,2026-09-29,2026-09-29,56800.00,PE,BANKNIFTY26SEP56800PE,530.05,662.00,530.00,632.90,631.90,592.65,57907.20,632.90,5010,210,20,34449187.50,14,F1,30,,,,,
2026-08-04,2026-08-04,FO,NSE,IDO,69814,,BANKNIFTY,,2026-09-29,2026-09-29,57100.00,PE,BANKNIFTY26SEP57100PE,650.60,748.05,645.40,723.85,723.85,680.25,57907.20,1249.91,6960,180,13,22537443.00,13,F1,30,,,,,
2026-08-04,2026-08-04,FO,NSE,IDO,69854,,BANKNIFTY,,2026-09-29,2026-09-29,58600.00,PE,BANKNIFTY26SEP58600PE,1232.35,1232.35,1232.35,1232.35,1232.35,1302.40,57907.20,1935.81,960,30,1,1794970.50,1,F1,30,,,,,
2026-08-04,2026-08-04,FO,NSE,IDO,69995,,BANKNIFTY,,2026-09-29,2026-09-29,59700.00,PE,BANKNIFTY26SEP59700PE,0.00,0.00,0.00,2101.00,2101.00,2101.00,57907.20,2556.74,30,0,0,0.00,0,F1,30,,,,,
2026-08-04,2026-08-04,FO,NSE,IDO,70020,,BANKNIFTY,,2026-09-29,2026-09-29,60500.00,PE,BANKNIFTY26SEP60500PE,2291.00,2494.00,2291.00,2494.00,2494.00,3033.65,57907.20,3067.76,420,150,6,11325288.00,6,F1,30,,,,,
2026-08-04,2026-08-04,FO,NSE,IDO,70036,,BANKNIFTY,,2026-09-29,2026-09-29,61300.00,PE,BANKNIFTY26SEP61300PE,0.00,0.00,0.00,4144.70,0.00,4144.70,57907.20,3624.97,0,0,0,0.00,0,F1,30,,,,,
2026-08-04,2026-08-04,FO,NSE,IDO,70038,,BANKNIFTY,,2026-09-29,2026-09-29,61400.00,PE,BANKNIFTY26SEP61400PE,0.00,0.00,0.00,4213.25,0.00,4213.25,57907.20,3697.65,0,0,0,0.00,0,F1,30,,,,,
2026-08-04,2026-08-04,FO,NSE,IDO,52427,,BANKNIFTY,,2026-09-29,2026-09-29,67500.00,PE,BANKNIFTY26SEP67500PE,0.00,0.00,0.00,9969.75,0.00,9969.75,57907.20,8995.56,0,0,0,0.00,0,F1,30,,,,,
2026-08-04,2026-08-04,FO,NSE,IDO,49402,,BANKNIFTY,,2026-10-27,2026-10-27,53400.00,PE,BANKNIFTY26OCT53400PE,0.00,0.00,0.00,777.60,0.00,777.60,57907.20,492.18,0,0,0,0.00,0,F1,30,,,,,
2026-08-04,2026-08-04,FO,NSE,IDO,49462,,BANKNIFTY,,2026-10-27,2026-10-27,55700.00,PE,BANKNIFTY26OCT55700PE,0.00,0.00,0.00,1499.95,0.00,1499.95,57907.20,1042.06,0,0,0,0.00,0,F1,30,,,,,
2026-08-04,2026-08-04,FO,NSE,IDO,49472,,BANKNIFTY,,2026-10-27,2026-10-27,56200.00,PE,BANKNIFTY26OCT56200PE,0.00,0.00,0.00,1701.50,0.00,1701.50,57907.20,1203.44,0,0,0,0.00,0,F1,30,,,,,
2026-08-04,2026-08-04,FO,NSE,IDO,49498,,BANKNIFTY,,2026-10-27,2026-10-27,57100.00,PE,BANKNIFTY26OCT57100PE,0.00,0.00,0.00,2105.75,0.00,2105.75,57907.20,1534.88,0,0,0,0.00,0,F1,30,,,,,
2026-08-04,2026-08-04,FO,NSE,IDO,49516,,BANKNIFTY,,2026-10-27,2026-10-27,57800.00,PE,BANKNIFTY26OCT57800PE,0.00,0.00,0.00,2456.75,0.00,2456.75,57907.20,1830.03,0,0,0,0.00,0,F1,30,,,,,
2026-08-04,2026-08-04,FO,NSE,IDO,49592,,BANKNIFTY,,2026-10-27,2026-10-27,60800.00,PE,BANKNIFTY26OCT60800PE,0.00,0.00,0.00,4308.55,0.00,4308.55,57907.20,3464.56,0,0,0,0.00,0,F1,30,,,,,
2026-08-04,2026-08-04,FO,NSE,IDO,53245,,BANKNIFTY,,2026-12-29,2026-12-29,61500.00,PE,BANKNIFTY26DEC61500PE,3080.00,3190.00,3080.00,3190.00,3190.00,3020.00,57907.20,4191.91,150,60,2,3878100.00,2,F1,30,,,,,
2026-08-04,2026-08-04,FO,NSE,IDO,53247,,BANKNIFTY,,2026-12-29,2026-12-29,63000.00,PE,BANKNIFTY26DEC63000PE,4210.00,4210.00,4210.00,4210.00,4210.00,4435.00,57907.20,5155.96,780,30,1,2016300.00,1,F1,30,,,,,
2026-08-04,2026-08-04,FO,NSE,IDO,76424,,BANKNIFTY,,2027-03-30,2027-03-30,61500.00,PE,BANKNIFTY27MAR61500PE,0.00,0.00,0.00,8564.80,0.00,8564.80,57907.20,4434.77,0,0,0,0.00,0,F1,30,,,,,
2026-08-04,2026-08-04,FO,NSE,IDO,70049,,BANKNIFTY,,2026-09-29,2026-09-29,61900.00,PE,BANKNIFTY26SEP61900PE,0.00,0.00,0.00,4563.60,0.00,4563.60,57907.20,4073.76,0,0,0,0.00,0,F1,30,,,,,
2026-08-04,2026-08-04,FO,NSE,IDO,49622,,BANKNIFTY,,2026-10-27,2026-10-27,62100.00,PE,BANKNIFTY26OCT62100PE,0.00,0.00,0.00,5266.95,0.00,5266.95,57907.20,4346.41,0,0,0,0.00,0,F1,30,,,,,
2026-08-04,2026-08-04,FO,NSE,IDO,49624,,BANKNIFTY,,2026-10-27,2026-10-27,62200.00,PE,BANKNIFTY26OCT62200PE,0.00,0.00,0.00,5343.90,0.00,5343.90,57907.20,4418.12,0,0,0,0.00,0,F1,30,,,,,
2026-08-04,2026-08-04,FO,NSE,IDO,49631,,BANKNIFTY,,2026-10-27,2026-10-27,62500.00,PE,BANKNIFTY26OCT62500PE,0.00,0.00,0.00,5577.50,0.00,5577.50,57907.20,4638.88,0,0,0,0.00,0,F1,30,,,,,
2026-08-04,2026-08-04,FO,NSE,IDO,49676,,BANKNIFTY,,2026-10-27,2026-10-27,63900.00,PE,BANKNIFTY26OCT63900PE,0.00,0.00,0.00,6715.40,0.00,6715.40,57907.20,5713.48,0,0,0,0.00,0,F1,30,,,,,
2026-08-04,2026-08-04,FO,NSE,IDO,53213,,BANKNIFTY,,2026-12-29,2026-12-29,45000.00,PE,BANKNIFTY26DEC45000PE,66.00,66.00,62.00,62.00,62.00,61.25,57907.20,62.00,27390,-210,97,131132136.00,34,F1,30,,,,,
2026-08-04,2026-08-04,FO,NSE,IDO,76393,,BANKNIFTY,,2027-03-30,2027-03-30,52500.00,PE,BANKNIFTY27MAR52500PE,0.00,0.00,0.00,3218.25,0.00,3218.25,57907.20,1016.25,0,0,0,0.00,0,F1,30,,,,,
2026-08-04,2026-08-04,FO,NSE,IDO,70803,,BANKNIFTY,,2027-06-29,2027-06-29,64500.00,PE,BANKNIFTY27JUN64500PE,0.00,0.00,0.00,6674.35,0.00,6674.35,57907.20,6246.61,0,0,0,0.00,0,F1,30,,,,,
2026-08-04,2026-08-04,FO,NSE,IDO,58868,,BANKNIFTY,,2026-08-25,2026-08-25,50500.00,CE,BANKNIFTY26AUG50500CE,0.00,0.00,0.00,6774.30,6774.30,6774.30,57907.20,7585.51,210,0,0,0.00,0,F1,30,,,,,
2026-08-04,2026-08-04,FO,NSE,IDO,58884,,BANKNIFTY,,2026-08-25,2026-08-25,51300.00,CE,BANKNIFTY26AUG51300CE,0.00,0.00,0.00,5213.60,0.00,5213.60,57907.20,6791.83,0,0,0,0.00,0,F1,30,,,,,
2026-08-04,2026-08-04,FO,NSE,IDO,58932,,BANKNIFTY,,2026-08-25,2026-08-25,52600.00,CE,BANKNIFTY26AUG52600CE,0.00,0.00,0.00,4266.95,0.00,4266.95,57907.20,5514.55,0,0,0,0.00,0,F1,30,,,,,
2026-08-04,2026-08-04,FO,NSE,IDO,58988,,BANKNIFTY,,2026-08-25,2026-08-25,54400.00,CE,BANKNIFTY26AUG54400CE,0.00,0.00,0.00,3004.80,3004.80,3004.80,57907.20,3819.00,120,0,0,0.00,0,F1,30,,,,,
2026-08-04,2026-08-04,FO,NSE,IDO,59030,,BANKNIFTY,,2026-08-25,2026-08-25,55900.00,CE,BANKNIFTY26AUG55900CE,1956.00,1956.00,1956.00,1956.00,1956.00,2124.45,57907.20,2557.57,1710,0,2,3471360.00,1,F1,30,,,,,
2026-08-04,2026-08-04,FO,NSE,IDO,59111,,BANKNIFTY,,2026-08-25,2026-08-25,58100.00,CE,BANKNIFTY26AUG58100CE,585.40,640.00,480.00,522.80,512.30,573.90,57907.20,522.80,118170,11520,14903,26224234150.50,11963,F1,30,,,,,
2026-08-04,2026-08-04,FO,NSE,IDO,59145,,BANKNIFTY,,2026-08-25,2026-08-25,59000.00,CE,BANKNIFTY26AUG59000CE,175.00,282.95,175.00,228.55,225.25,254.50,57907.20,228.55,1352580,23880,56667,100714174465.50,37524,F1,30,,,,,
2026-08-04,2026-08-04,FO,NSE,IDO,59258,,BANKNIFTY,,2026-08-25,2026-08-25,62200.00,CE,BANKNIFTY26AUG62200CE,0.00,0.00,0.00,514.80,0.00,514.80,57907.20,119.20,0,0,0,0.00,0,F1,30,,,,,
2026-08-04,2026-08-04,FO,NSE,IDO,69658,,BANKNIFTY,,2026-09-29,2026-09-29,51600.00,CE,BANKNIFTY26SEP51600CE,0.00,0.00,0.00,7072.05,0.00,7072.05,57907.20,6944.64,0,0,0,0.00,0,F1,30,,,,,
2026-08-04,2026-08-04,FO,NSE,IDO,69672,,BANKNIFTY,,2026-09-29,2026-09-29,52300.00,CE,BANKNIFTY26SEP52300CE,0.00,0.00,0.00,6482.70,0.00,6482.70,57907.20,6306.36,0,0,0,0.00,0,F1,30,,,,,
2026-08-04,2026-08-04,FO,NSE,IDO,69806,,BANKNIFTY,,2026-09-29,2026-09-29,56700.00,CE,BANKNIFTY26SEP56700CE,0.00,0.00,0.00,1633.20,1633.20,1633.20,57907.20,2875.10,270,0,0,0.00,0,F1,30,,,,,
2026-08-04,2026-08-04,FO,NSE,IDO,69828,,BANKNIFTY,,2026-09-29,2026-09-29,57800.00,CE,BANKNIFTY26SEP57800CE,1380.00,1450.00,1238.05,1302.55,1307.90,1357.65,57907.20,1302.55,6000,1560,95,168592864.50,79,F1,30,,,,,
2026-08-04,2026-08-04,FO,NSE,IDO,69848,,BANKNIFTY,,2026-09-29,2026-09-29,58300.00,CE,BANKNIFTY26SEP58300CE,1128.15,1162.50,1010.45,1036.70,1043.30,1118.20,57907.20,1036.70,3360,510,31,55210795.50,29,F1,30,,,,,
2026-08-04,2026-08-04,FO,NSE,IDO,52358,,BANKNIFTY,,2026-09-29,2026-09-29,58500.00,CE,BANKNIFTY26SEP58500CE,995.00,1069.50,891.65,940.65,934.40,995.00,57907.20,940.65,83340,3570,489,872286814.50,393,F1,30,,,,,
2026-08-04,2026-08-04,FO,NSE,IDO,69899,,BANKNIFTY,,2026-09-29,2026-09-29,59200.00,CE,BANKNIFTY26SEP59200CE,0.00,0.00,0.00,2087.15,0.00,2087.15,57907.20,1564.26,0,0,0,0.00,0,F1,30,,,,,
2026-08-04,2026-08-04,FO,NSE,IDO,70004,,BANKNIFTY,,2026-09-29,2026-09-29,59900.00,CE,BANKNIFTY26SEP59900CE,0.00,0.00,0.00,1805.40,0.00,1805.40,57907.20,1288.83,0,0,0,0.00,0,F1,30,,,,,
2026-08-04,2026-08-04,FO,NSE,IDO,70099,,BANKNIFTY,,2026-09-29,2026-09-29,63200.00,CE,BANKNIFTY26SEP63200CE,0.00,0.00,0.00,845.10,0.00,845.10,57907.20,450.09,0,0,0,0.00,0,F1,30,,,,,
2026-08-04,2026-08-04,FO,NSE,IDO,52412,,BANKNIFTY,,2026-09-29,2026-09-29,64500.00,CE,BANKNIFTY26SEP64500CE,0.00,0.00,0.00,1685.65,0.00,1685.65,57907.20,278.96,0,0,0,0.00,0,F1,30,,,,,
2026-08-04,2026-08-04,FO,NSE,IDO,52439,,BANKNIFTY,,2026-09-29,2026-09-29,69000.00,CE,BANKNIFTY26SEP69000CE,14.50,14.50,14.50,14.50,14.50,15.00,57907.20,14.50,360,60,2,4140870.00,1,F1,30,,,,,
2026-08-04,2026-08-04,FO,NSE,IDO,49373,,BANKNIFTY,,2026-10-27,2026-10-27,52300.00,CE,BANKNIFTY26OCT52300CE,0.00,0.00,0.00,5781.10,0.00,5781.10,57907.20,6717.52,0,0,0,0.00,0,F1,30,,,,,
2026-08-04,2026-08-04,FO,NSE,IDO,49387,,BANKNIFTY,,2026-10-27,2026-10-27,53000.00,CE,BANKNIFTY26OCT53000CE,0.00,0.00,0.00,4850.00,4850.00,4850.00,57907.20,6128.62,60,0,0,0.00,0,F1,30,,,,,
2026-08-04,2026-08-04,FO,NSE,IDO,49443,,BANKNIFTY,,2026-10-27,2026-10-27,55100.00,CE,BANKNIFTY26OCT55100CE,0.00,0.00,0.00,3762.70,0.00,3762.70,57907.20,4507.00,0,0,0,0.00,0,F1,30,,,,,
2026-08-04,2026-08-04,FO,NSE,IDO,49501,,BANKNIFTY,,2026-10-27,2026-10-27,57300.00,CE,BANKNIFTY26OCT57300CE,0.00,0.00,0.00,2519.05,0.00,2519.05,57907.20,3084.20,0,0,0,0.00,0,F1,30,,,,,
2026-08-04,2026-08-04,FO,NSE,IDO,49541,,BANKNIFTY,,2026-10-27,2026-10-27,58800.00,CE,BANKNIFTY26OCT58800CE,0.00,0.00,0.00,1852.20,0.00,1852.20,57907.20,2299.76,0,0,0,0.00,0,F1,30,,,,,
2026-08-04,2026-08-04,FO,NSE,IDO,49601,,BANKNIFTY,,2026-10-27,2026-10-27,61300.00,CE,BANKNIFTY26OCT61300CE,0.00,0.00,0.00,1043.15,0.00,1043.15,57907.20,1320.81,0,0,0,0.00,0,F1,30,,,,,
2026-08-04,2026-08-04,FO,NSE,IDO,49617,,BANKNIFTY,,2026-10-27,2026-10-27,61900.00,CE,BANKNIFTY26OCT61900CE,0.00,0.00,0.00,901.70,0.00,901.70,57907.20,1142.09,0,0,0,0.00,0,F1,30,,,,,
2026-08-04,2026-08-04,FO,NSE,IDO,49619,,BANKNIFTY,,2026-10-27,2026-10-27,62000.00,CE,BANKNIFTY26OCT62000CE,0.00,0.00,0.00,879.40,0.00,879.40,57907.20,1114.23,0,0,0,0.00,0,F1,30,,,,,
2026-08-04,2026-08-04,FO,NSE,IDO,49641,,BANKNIFTY,,2026-10-27,2026-10-27,62800.00,CE,BANKNIFTY26OCT62800CE,0.00,0.00,0.00,713.70,0.00,713.70,57907.20,913.15,0,0,0,0.00,0,F1,30,,,,,
2026-08-04,2026-08-04,FO,NSE,IDO,70761,,BANKNIFTY,,2027-06-29,2027-06-29,49500.00,CE,BANKNIFTY27JUN49500CE,0.00,0.00,0.00,11915.80,0.00,11915.80,57907.20,11969.23,0,0,0,0.00,0,F1,30,,,,,
2026-08-04,2026-08-04,FO,NSE,IDO,70802,,BANKNIFTY,,2027-06-29,2027-06-29,64500.00,CE,BANKNIFTY27JUN64500CE,0.00,0.00,0.00,3584.50,0.00,3584.50,57907.20,3368.08,0,0,0,0.00,0,F1,30,,,,,
2026-08-04,2026-08-04,FO,NSE,IDO,58703,,BANKNIFTY,,2026-08-25,2026-08-25,46000.00,PE,BANKNIFTY26AUG46000PE,3.90,4.75,3.30,3.60,3.95,3.90,57907.20,3.60,256350,19350,2816,3886400959.50,989,F1,30,,,,,
2026-08-04,2026-08-04,FO,NSE,IDO,58843,,BANKNIFTY,,2026-08-25,2026-08-25,49600.00,PE,BANKNIFTY26AUG49600PE,10.50,12.90,10.00,12.50,12.50,10.15,57907.20,12.50,1260,30,15,22324884.00,7,F1,30,,,,,
2026-08-04,2026-08-04,FO,NSE,IDO,58873,,BANKNIFTY,,2026-08-25,2026-08-25,50700.00,PE,BANKNIFTY26AUG50700PE,11.25,12.60,11.25,12.10,12.10,12.05,57907.20,2.57,210,-240,26,39555261.00,7,F1,30,,,,,
2026-08-04,2026-08-04,FO,NSE,IDO,58881,,BANKNIFTY,,2026-08-25,2026-08-25,51100.00,PE,BANKNIFTY26AUG51100PE,12.45,16.95,12.45,16.55,16.35,14.20,57907.20,16.55,2220,870,45,69006342.00,30,F1,30,,,,,
2026-08-04,2026-08-04,FO,NSE,IDO,58883,,BANKNIFTY,,2026-08-25,2026-08-25,51200.00,PE,BANKNIFTY26AUG51200PE,13.05,18.35,13.00,17.05,16.90,13.50,57907.20,17.05,1920,330,61,93723595.50,27,F1,30,,,,,
2026-08-04,2026-08-04,FO,NSE,IDO,58919,,BANKNIFTY,,2026-08-25,2026-08-25,51900.00,PE,BANKNIFTY26AUG51900PE,16.50,21.30,16.05,20.30,20.35,18.25,57907.20,20.30,4260,90,62,96570147.00,38,F1,30,,,,,
2026-08-04,2026-08-04,FO,NSE,IDO,58947,,BANKNIFTY,,2026-08-25,2026-08-25,53100.00,PE,BANKNIFTY26AUG53100PE,26.05,30.85,21.50,29.30,29.90,26.60,57907.20,29.30,3690,-360,315,502045755.00,214,F1,30,,,,,
2026-08-04,2026-08-04,FO,NSE,IDO,58959,,BANKNIFTY,,2026-08-25,2026-08-25,53400.00,PE,BANKNIFTY26AUG53400PE,30.05,34.60,25.25,32.65,32.45,31.95,57907.20,32.65,13170,-600,484,775818162.00,355,F1,30,,,,,
2026-08-04,2026-08-04,FO,NSE,IDO,59050,,BANKNIFTY,,2026-08-25,2026-08-25,56400.00,PE,BANKNIFTY26AUG56400PE,238.60,315.00,187.75,264.30,262.45,239.50,57907.20,264.30,51600,8310,4387,7456598427.00,3641,F1,30,,,,,
2026-08-04,2026-08-04,FO,NSE,IDO,59133,,BANKNIFTY,,2026-08-25,2026-08-25,58500.00,PE,BANKNIFTY26AUG58500PE,1051.90,1267.55,908.65,1145.70,1136.85,1046.70,57907.20,1145.70,225600,43620,8790,15715751493.00,6163,F1,30,,,,,
2026-08-04,2026-08-04,FO,NSE,IDO,59168,,BANKNIFTY,,2026-08-25,2026-08-25,60000.00,PE,BANKNIFTY26AUG60000PE,2240.00,2486.10,2037.05,2341.70,2346.40,2226.95,57907.20,2341.70,294150,-1980,1035,1933848708.00,754,F1,30,,,,,
2026-08-04,2026-08-04,FO,NSE,IDO,59218,,BANKNIFTY,,2026-08-25,2026-08-25,60900.00,PE,BANKNIFTY26AUG60900PE,0.00,0.00,0.00,5640.00,0.00,5640.00,57907.20,3056.63,0,0,0,0.00,0,F1,30,,,,,
2026-08-04,2026-08-04,FO,NSE,IDO,59255,,BANKNIFTY,,2026-08-25,2026-08-25,62000.00,PE,BANKNIFTY26AUG62000PE,4100.00,4380.00,3950.00,4259.45,4265.00,4109.50,57907.20,4259.45,73650,1020,97,192755527.50,50,F1,30,,,,,
2026-08-04,2026-08-04,FO,NSE,IDO,59265,,BANKNIFTY,,2026-08-25,2026-08-25,62400.00,PE,BANKNIFTY26AUG62400PE,4496.50,4496.50,4481.80,4481.80,4481.80,6871.90,57907.20,4378.56,0,0,2,4013349.00,2,F1,30,,,,,
2026-08-04,2026-08-04,FO,NSE,IDO,59341,,BANKNIFTY,,2026-08-25,2026-08-25,65000.00,PE,BANKNIFTY26AUG65000PE,7040.00,7378.00,6962.10,7278.05,7278.05,7108.05,57907.20,6878.97,66150,-420,69,149416509.00,69,F1,30,,,,,
2026-08-04,2026-08-04,FO,NSE,IDO,59351,,BANKNIFTY,,2026-08-25,2026-08-25,65500.00,PE,BANKNIFTY26AUG65500PE,0.00,0.00,0.00,9631.45,0.00,9631.45,57907.20,7372.47,0,0,0,0.00,0,F1,30,,,,,
2026-08-04,2026-08-04,FO,NSE,IDO,69675,,BANKNIFTY,,2026-09-29,2026-09-29,52400.00,PE,BANKNIFTY26SEP52400PE,0.00,0.00,0.00,453.55,0.00,453.55,57907.20,183.08,0,0,0,0.00,0,F1,30,,,,,
2026-08-04,2026-08-04,FO,NSE,IDO,69677,,BANKNIFTY,,2026-09-29,2026-09-29,52600.00,PE,BANKNIFTY26SEP52600PE,0.00,0.00,0.00,486.75,0.00,486.75,57907.20,202.77,0,0,0,0.00,0,F1,30,,,,,
2026-08-04,2026-08-04,FO,NSE,IDO,69679,,BANKNIFTY,,2026-09-29,2026-09-29,52700.00,PE,BANKNIFTY26SEP52700PE,0.00,0.00,0.00,504.05,0.00,504.05,57907.20,213.22,0,0,0,0.00,0,F1,30,,,,,
2026-08-04,2026-08-04,FO,NSE,IDO,69756,,BANKNIFTY,,2026-09-29,2026-09-29,54500.00,PE,BANKNIFTY26SEP54500PE,0.00,0.00,0.00,901.30,0.00,901.30,57907.20,485.44,0,0,0,0.00,0,F1,30,,,,,
2026-08-04,2026-08-04,FO,NSE,IDO,69841,,BANKNIFTY,,2026-09-29,2026-09-29,58100.00,PE,BANKNIFTY26SEP58100PE,1009.45,1179.60,1009.45,1179.60,1179.60,1059.95,57907.20,1686.53,1680,0,2,3551671.50,2,F1,30,,,,,
2026-08-04,2026-08-04,FO,NSE,IDO,69849,,BANKNIFTY,,2026-09-29,2026-09-29,58300.00,PE,BANKNIFTY26SEP58300PE,1158.90,1305.00,1089.50,1236.65,1236.65,1156.10,57907.20,1783.84,2040,210,14,24986691.00,14,F1,30,,,,,
2026-08-04,2026-08-04,FO,NSE,IDO,69851,,BANKNIFTY,,2026-09-29,2026-09-29,58400.00,PE,BANKNIFTY26SEP58400PE,1128.50,1198.80,1128.50,1198.80,1198.80,1222.60,57907.20,1833.52,2460,60,9,16082649.00,9,F1,30,,,,,
2026-08-04,2026-08-04,FO,NSE,IDO,52359,,BANKNIFTY,,2026-09-29,2026-09-29,58500.00,PE,BANKNIFTY26SEP58500PE,1280.00,1419.95,1143.55,1339.05,1326.05,1258.15,57907.20,1339.05,67290,2460,343,615080316.00,303,F1,30,,,,,
2026-08-04,2026-08-04,FO,NSE,IDO,69873,,BANKNIFTY,,2026-09-29,2026-09-29,58900.00,PE,BANKNIFTY26SEP58900PE,0.00,0.00,0.00,1490.05,1490.05,1490.05,57907.20,2095.45,360,0,0,0.00,0,F1,30,,,,,
2026-08-04,2026-08-04,FO,NSE,IDO,69896,,BANKNIFTY,,2026-09-29,2026-09-29,59000.00,PE,BANKNIFTY26SEP59000PE,1465.75,1705.95,1401.00,1600.40,1596.20,1523.25,57907.20,1600.40,66780,13140,688,1251053647.50,634,F1,30,,,,,
2026-08-04,2026-08-04,FO,NSE,IDO,69898,,BANKNIFTY,,2026-09-29,2026-09-29,59100.00,PE,BANKNIFTY26SEP59100PE,0.00,0.00,0.00,2780.45,0.00,2780.45,57907.20,2205.96,0,0,0,0.00,0,F1,30,,,,,
2026-08-04,2026-08-04,FO,NSE,IDO,70042,,BANKNIFTY,,2026-09-29,2026-09-29,61600.00,PE,BANKNIFTY26SEP61600PE,0.00,0.00,0.00,4351.85,0.00,4351.85,57907.20,3847.57,0,0,0,0.00,0,F1,30,,,,,
2026-08-04,2026-08-04,FO,NSE,IDO,52413,,BANKNIFTY,,2026-09-29,2026-09-29,64500.00,PE,BANKNIFTY26SEP64500PE,0.00,0.00,0.00,7730.90,0.00,7730.90,57907.20,6223.88,0,0,0,0.00,0,F1,30,,,,,
2026-08-04,2026-08-04,FO,NSE,IDO,70208,,BANKNIFTY,,2026-09-29,2026-09-29,65000.00,PE,BANKNIFTY26SEP65000PE,0.00,0.00,0.00,6048.65,6048.65,6048.65,57907.20,6669.77,150,0,0,0.00,0,F1,30,,,,,
2026-08-04,2026-08-04,FO,NSE,IDO,49466,,BANKNIFTY,,2026-10-27,2026-10-27,55900.00,PE,BANKNIFTY26OCT55900PE,0.00,0.00,0.00,1578.60,0.00,1578.60,57907.20,1104.70,0,0,0,0.00,0,F1,30,,,,,
2026-08-04,2026-08-04,FO,NSE,IDO,49478,,BANKNIFTY,,2026-10-27,2026-10-27,56400.00,PE,BANKNIFTY26OCT56400PE,0.00,0.00,0.00,1786.70,0.00,1786.70,57907.20,1272.49,0,0,0,0.00,0,F1,30,,,,,
2026-08-04,2026-08-04,FO,NSE,IDO,49526,,BANKNIFTY,,2026-10-27,2026-10-27,58200.00,PE,BANKNIFTY26OCT58200PE,0.00,0.00,0.00,2671.80,0.00,2671.80,57907.20,2013.56,0,0,0,0.00,0,F1,30,,,,,
2026-08-04,2026-08-04,FO,NSE,IDO,49544,,BANKNIFTY,,2026-10-27,2026-10-27,58900.00,PE,BANKNIFTY26OCT58900PE,0.00,0.00,0.00,3072.60,0.00,3072.60,57907.20,2360.46,0,0,0,0.00,0,F1,30,,,,,
2026-08-04,2026-08-04,FO,NSE,IDO,49568,,BANKNIFTY,,2026-10-27,2026-10-27,59800.00,PE,BANKNIFTY26OCT59800PE,0.00,0.00,0.00,3632.10,0.00,3632.10,57907.20,2854.64,0,0,0,0.00,0,F1,30,,,,,
2026-08-04,2026-08-04,FO,NSE,IDO,49586,,BANKNIFTY,,2026-10-27,2026-10-27,60600.00,PE,BANKNIFTY26OCT60600PE,0.00,0.00,0.00,4168.85,0.00,4168.85,57907.20,3337.62,0,0,0,0.00,0,F1,30,,,,,
2026-08-04,2026-08-04,FO,NSE,IDO,49588,,BANKNIFTY,,2026-10-27,2026-10-27,60700.00,PE,BANKNIFTY26OCT60700PE,0.00,0.00,0.00,4238.45,0.00,4238.45,57907.20,3400.79,0,0,0,0.00,0,F1,30,,,,,
2026-08-04,2026-08-04,FO,NSE,IDO,49596,,BANKNIFTY,,2026-10-27,2026-10-27,61000.00,PE,BANKNIFTY26OCT61000PE,0.00,0.00,0.00,4450.30,0.00,4450.30,57907.20,3593.90,0,0,0,0.00,0,F1,30,,,,,
2026-08-04,2026-08-04,FO,NSE,IDO,69853,,BANKNIFTY,,2026-09-29,2026-09-29,58600.00,CE,BANKNIFTY26SEP58600CE,974.10,974.10,877.55,898.60,902.95,1400.60,57907.20,898.60,2790,2310,87,155268984.00,71,F1,30,,,,,
2026-08-04,2026-08-04,FO,NSE,IDO,70011,,BANKNIFTY,,2026-09-29,2026-09-29,60100.00,CE,BANKNIFTY26SEP60100CE,0.00,0.00,0.00,1730.30,0.00,1730.30,57907.20,1217.11,0,0,0,0.00,0,F1,30,,,,,
2026-08-04,2026-08-04,FO,NSE,IDO,70027,,BANKNIFTY,,2026-09-29,2026-09-29,60900.00,CE,BANKNIFTY26SEP60900CE,0.00,0.00,0.00,1453.10,0.00,1453.10,57907.20,959.76,0,0,0,0.00,0,F1,30,,,,,
2026-08-04,2026-08-04,FO,NSE,IDO,70084,,BANKNIFTY,,2026-09-29,2026-09-29,62400.00,CE,BANKNIFTY26SEP62400CE,0.00,0.00,0.00,1029.20,0.00,1029.20,57907.20,593.40,0,0,0,0.00,0,F1,30,,,,,
2026-08-04,2026-08-04,FO,NSE,IDO,70091,,BANKNIFTY,,2026-09-29,2026-09-29,62700.00,CE,BANKNIFTY26SEP62700CE,0.00,0.00,0.00,957.70,0.00,957.70,57907.20,535.83,0,0,0,0.00,0,F1,30,,,,,
2026-08-04,2026-08-04,FO,NSE,IDO,49310,,BANKNIFTY,,2026-10-27,2026-10-27,50000.00,CE,BANKNIFTY26OCT50000CE,8400.00,8400.00,8400.00,8400.00,8400.00,8250.00,57907.20,8776.36,60,30,1,1752000.00,1,F1,30,,,,,
2026-08-04,2026-08-04,FO,NSE,IDO,49320,,BANKNIFTY,,2026-10-27,2026-10-27,50500.00,CE,BANKNIFTY26OCT50500CE,0.00,0.00,0.00,7288.15,0.00,7288.15,57907.20,8315.48,0,0,0,0.00,0,F1,30,,,,,
2026-08-04,2026-08-04,FO,NSE,IDO,49403,,BANKNIFTY,,2026-10-27,2026-10-27,53500.00,CE,BANKNIFTY26OCT53500CE,0.00,0.00,0.00,4863.70,0.00,4863.70,57907.20,5721.44,0,0,0,0.00,0,F1,30,,,,,
2026-08-04,2026-08-04,FO,NSE,IDO,49411,,BANKNIFTY,,2026-10-27,2026-10-27,53800.00,CE,BANKNIFTY26OCT53800CE,0.00,0.00,0.00,4645.75,0.00,4645.75,57907.20,5482.97,0,0,0,0.00,0,F1,30,,,,,
2026-08-04,2026-08-04,FO,NSE,IDO,49427,,BANKNIFTY,,2026-10-27,2026-10-27,54600.00,CE,BANKNIFTY26OCT54600CE,0.00,0.00,0.00,4089.00,0.00,4089.00,57907.20,4870.12,0,0,0,0.00,0,F1,30,,,,,
2026-08-04,2026-08-04,FO,NSE,IDO,49471,,BANKNIFTY,,2026-10-27,2026-10-27,56200.00,CE,BANKNIFTY26OCT56200CE,0.00,0.00,0.00,3101.20,0.00,3101.20,57907.20,3755.26,0,0,0,0.00,0,F1,30,,,,,
2026-08-04,2026-08-04,FO,NSE,IDO,49505,,BANKNIFTY,,2026-10-27,2026-10-27,57500.00,CE,BANKNIFTY26OCT57500CE,1920.85,1955.00,1824.45,1850.55,1850.55,1957.95,57907.20,2970.86,930,540,30,53461152.00,15,F1,30,,,,,
2026-08-04,2026-08-04,FO,NSE,IDO,49519,,BANKNIFTY,,2026-10-27,2026-10-27,58000.00,CE,BANKNIFTY26OCT58000CE,1720.25,1765.70,1515.75,1583.55,1610.00,1672.95,57907.20,1583.55,4050,360,92,164528419.50,63,F1,30,,,,,
2026-08-04,2026-08-04,FO,NSE,IDO,69767,,BANKNIFTY,,2026-09-29,2026-09-29,55000.00,CE,BANKNIFTY26SEP55000CE,3450.00,3530.25,3234.20,3292.00,3292.00,3405.40,57907.20,4054.12,16320,-30,10,17509728.00,10,F1,30,,,,,
2026-08-04,2026-08-04,FO,NSE,IDO,49595,,BANKNIFTY,,2026-10-27,2026-10-27,61000.00,CE,BANKNIFTY26OCT61000CE,0.00,0.00,0.00,1122.10,0.00,1122.10,57907.20,1417.87,0,0,0,0.00,0,F1,30,,,,,
2026-08-04,2026-08-04,FO,NSE,IDO,49611,,BANKNIFTY,,2026-10-27,2026-10-27,61700.00,CE,BANKNIFTY26OCT61700CE,0.00,0.00,0.00,947.70,0.00,947.70,57907.20,1199.43,0,0,0,0.00,0,F1,30,,,,,
2026-08-04,2026-08-04,FO,NSE,IDO,49627,,BANKNIFTY,,2026-10-27,2026-10-27,62400.00,CE,BANKNIFTY26OCT62400CE,0.00,0.00,0.00,792.00,0.00,792.00,57907.20,1008.11,0,0,0,0.00,0,F1,30,,,,,
2026-08-04,2026-08-04,FO,NSE,IDO,49638,,BANKNIFTY,,2026-10-27,2026-10-27,62700.00,CE,BANKNIFTY26OCT62700CE,0.00,0.00,0.00,732.65,0.00,732.65,57907.20,936.73,0,0,0,0.00,0,F1,30,,,,,
2026-08-04,2026-08-04,FO,NSE,IDO,70800,,BANKNIFTY,,2027-06-29,2027-06-29,63000.00,CE,BANKNIFTY27JUN63000CE,0.00,0.00,0.00,4124.65,0.00,4124.65,57907.20,3916.37,0,0,0,0.00,0,F1,30,,,,,
2026-08-04,2026-08-04,FO,NSE,IDO,58819,,BANKNIFTY,,2026-08-25,2026-08-25,49300.00,PE,BANKNIFTY26AUG49300PE,9.45,13.05,9.45,11.75,10.40,9.85,57907.20,11.75,1860,60,6,8875837.50,3,F1,30,,,,,
2026-08-04,2026-08-04,FO,NSE,IDO,58841,,BANKNIFTY,,2026-08-25,2026-08-25,49500.00,PE,BANKNIFTY26AUG49500PE,9.00,12.25,8.15,10.95,10.50,9.95,57907.20,10.95,7860,30,264,392121876.00,209,F1,30,,,,,
2026-08-04,2026-08-04,FO,NSE,IDO,58851,,BANKNIFTY,,2026-08-25,2026-08-25,49900.00,PE,BANKNIFTY26AUG49900PE,0.00,0.00,0.00,10.35,10.35,10.35,57907.20,0.85,450,0,0,0.00,0,F1,30,,,,,
2026-08-04,2026-08-04,FO,NSE,IDO,58911,,BANKNIFTY,,2026-08-25,2026-08-25,51700.00,PE,BANKNIFTY26AUG51700PE,15.00,20.00,11.90,19.15,16.50,15.00,57907.20,19.15,2010,270,43,66716166.00,22,F1,30,,,,,
2026-08-04,2026-08-04,FO,NSE,IDO,58961,,BANKNIFTY,,2026-08-25,2026-08-25,53500.00,PE,BANKNIFTY26AUG53500PE,33.95,36.50,25.80,33.90,34.95,32.85,57907.20,33.90,135240,9030,6169,9907198914.00,4251,F1,30,,,,,
2026-08-04,2026-08-04,FO,NSE,IDO,58997,,BANKNIFTY,,2026-08-25,2026-08-25,54600.00,PE,BANKNIFTY26AUG54600PE,62.00,75.00,47.25,64.10,64.75,61.95,57907.20,64.10,24300,630,987,1618547398.50,546,F1,30,,,,,
2026-08-04,2026-08-04,FO,NSE,IDO,59060,,BANKNIFTY,,2026-08-25,2026-08-25,56700.00,PE,BANKNIFTY26AUG56700PE,307.45,396.80,238.30,334.10,339.35,299.95,57907.20,334.10,98250,-2490,7008,11988417472.50,5725,F1,30,,,,,
2026-08-04,2026-08-04,FO,NSE,IDO,59162,,BANKNIFTY,,2026-08-25,2026-08-25,59700.00,PE,BANKNIFTY26AUG59700PE,0.00,0.00,0.00,1942.80,1942.80,1942.80,57907.20,2127.23,420,0,0,0.00,0,F1,30,,,,,
2026-08-04,2026-08-04,FO,NSE,IDO,59231,,BANKNIFTY,,2026-08-25,2026-08-25,61300.00,PE,BANKNIFTY26AUG61300PE,0.00,0.00,0.00,5960.15,0.00,5960.15,57907.20,3394.80,0,0,0,0.00,0,F1,30,,,,,
2026-08-04,2026-08-04,FO,NSE,IDO,59313,,BANKNIFTY,,2026-08-25,2026-08-25,63800.00,PE,BANKNIFTY26AUG63800PE,0.00,0.00,0.00,8088.80,0.00,8088.80,57907.20,5706.12,0,0,0,0.00,0,F1,30,,,,,
2026-08-04,2026-08-04,FO,NSE,IDO,59320,,BANKNIFTY,,2026-08-25,2026-08-25,64100.00,PE,BANKNIFTY26AUG64100PE,0.00,0.00,0.00,8356.45,0.00,8356.45,57907.20,5997.27,0,0,0,0.00,0,F1,30,,,,,
2026-08-04,2026-08-04,FO,NSE,IDO,69705,,BANKNIFTY,,2026-09-29,2026-09-29,54100.00,PE,BANKNIFTY26SEP54100PE,0.00,0.00,0.00,796.95,0.00,796.95,57907.20,409.60,0,0,0,0.00,0,F1,30,,,,,
2026-08-04,2026-08-04,FO,NSE,IDO,69807,,BANKNIFTY,,2026-09-29,2026-09-29,56700.00,PE,BANKNIFTY26SEP56700PE,0.00,0.00,0.00,724.35,724.35,724.35,57907.20,1098.37,3060,0,0,0.00,0,F1,30,,,,,
2026-08-04,2026-08-04,FO,NSE,IDO,69827,,BANKNIFTY,,2026-09-29,2026-09-29,57700.00,PE,BANKNIFTY26SEP57700PE,898.30,1031.60,810.85,954.30,948.10,894.85,57907.20,954.30,3840,1350,119,209304937.50,86,F1,30,,,,,
2026-08-04,2026-08-04,FO,NSE,IDO,69839,,BANKNIFTY,,2026-09-29,2026-09-29,58000.00,PE,BANKNIFTY26SEP58000PE,1013.70,1166.00,919.90,1084.85,1090.30,1028.05,57907.20,1084.85,210480,20670,1796,3181423365.00,1429,F1,30,,,,,
2026-08-04,2026-08-04,FO,NSE,IDO,70081,,BANKNIFTY,,2026-09-29,2026-09-29,62200.00,PE,BANKNIFTY26SEP62200PE,0.00,0.00,0.00,4779.90,0.00,4779.90,57907.20,4302.53,0,0,0,0.00,0,F1,30,,,,,
2026-08-04,2026-08-04,FO,NSE,IDO,70087,,BANKNIFTY,,2026-09-29,2026-09-29,62500.00,PE,BANKNIFTY26SEP62500PE,0.00,0.00,0.00,5003.35,0.00,5003.35,57907.20,4538.69,0,0,0,0.00,0,F1,30,,,,,
2026-08-04,2026-08-04,FO,NSE,IDO,70100,,BANKNIFTY,,2026-09-29,2026-09-29,63200.00,PE,BANKNIFTY26SEP63200PE,0.00,0.00,0.00,5532.80,0.00,5532.80,57907.20,5108.07,0,0,0,0.00,0,F1,30,,,,,
2026-08-04,2026-08-04,FO,NSE,IDO,70116,,BANKNIFTY,,2026-09-29,2026-09-29,64000.00,PE,BANKNIFTY26SEP64000PE,0.00,0.00,0.00,6165.45,0.00,6165.45,57907.20,5786.69,0,0,0,0.00,0,F1,30,,,,,
2026-08-04,2026-08-04,FO,NSE,IDO,49364,,BANKNIFTY,,2026-10-27,2026-10-27,51800.00,PE,BANKNIFTY26OCT51800PE,0.00,0.00,0.00,452.00,0.00,452.00,57907.20,264.62,0,0,0,0.00,0,F1,30,,,,,
2026-08-04,2026-08-04,FO,NSE,IDO,49404,,BANKNIFTY,,2026-10-27,2026-10-27,53500.00,PE,BANKNIFTY26OCT53500PE,0.00,0.00,0.00,804.60,0.00,804.60,57907.20,510.19,0,0,0,0.00,0,F1,30,,,,,
2026-08-04,2026-08-04,FO,NSE,IDO,49528,,BANKNIFTY,,2026-10-27,2026-10-27,58300.00,PE,BANKNIFTY26OCT58300PE,0.00,0.00,0.00,2727.15,0.00,2727.15,57907.20,2061.13,0,0,0,0.00,0,F1,30,,,,,
2026-08-04,2026-08-04,FO,NSE,IDO,49576,,BANKNIFTY,,2026-10-27,2026-10-27,60100.00,PE,BANKNIFTY26OCT60100PE,0.00,0.00,0.00,3829.15,0.00,3829.15,57907.20,3031.04,0,0,0,0.00,0,F1,30,,,,,
2026-08-04,2026-08-04,FO,NSE,IDO,49582,,BANKNIFTY,,2026-10-27,2026-10-27,60400.00,PE,BANKNIFTY26OCT60400PE,0.00,0.00,0.00,4031.35,0.00,4031.35,57907.20,3213.13,0,0,0,0.00,0,F1,30,,,,,
2026-08-04,2026-08-04,FO,NSE,IDO,49614,,BANKNIFTY,,2026-10-27,2026-10-27,61700.00,PE,BANKNIFTY26OCT61700PE,0.00,0.00,0.00,4965.40,0.00,4965.40,57907.20,4064.95,0,0,0,0.00,0,F1,30,,,,,
2026-08-04,2026-08-04,FO,NSE,IDO,49650,,BANKNIFTY,,2026-10-27,2026-10-27,63100.00,PE,BANKNIFTY26OCT63100PE,0.00,0.00,0.00,6055.95,0.00,6055.95,57907.20,5089.77,0,0,0,0.00,0,F1,30,,,,,
2026-08-04,2026-08-04,FO,NSE,IDO,49660,,BANKNIFTY,,2026-10-27,2026-10-27,63500.00,PE,BANKNIFTY26OCT63500PE,0.00,0.00,0.00,6382.75,0.00,6382.75,57907.20,5396.93,0,0,0,0.00,0,F1,30,,,,,
2026-08-04,2026-08-04,FO,NSE,IDO,53223,,BANKNIFTY,,2026-12-29,2026-12-29,52500.00,PE,BANKNIFTY26DEC52500PE,280.00,299.00,280.00,299.00,299.00,260.15,57907.20,299.00,2610,-30,4,6335310.00,4,F1,30,,,,,
2026-08-04,2026-08-04,FO,NSE,IDO,53241,,BANKNIFTY,,2026-12-29,2026-12-29,60000.00,PE,BANKNIFTY26DEC60000PE,2172.00,2350.00,2100.00,2229.60,2225.00,2216.00,57907.20,2229.60,16950,-90,48,89617270.50,44,F1,30,,,,,
2026-08-04,2026-08-04,FO,NSE,IDO,53249,,BANKNIFTY,,2026-12-29,2026-12-29,64500.00,PE,BANKNIFTY26DEC64500PE,0.00,0.00,0.00,4582.05,0.00,4582.05,57907.20,6215.22,0,0,0,0.00,0,F1,30,,,,,
2026-08-04,2026-08-04,FO,NSE,IDO,70797,,BANKNIFTY,,2027-06-29,2027-06-29,60000.00,PE,BANKNIFTY27JUN60000PE,0.00,0.00,0.00,4251.70,0.00,4251.70,57907.20,3852.53,0,0,0,0.00,0,F1,30,,,,,
2026-08-04,2026-08-04,FO,NSE,IDO,69690,,BANKNIFTY,,2026-09-29,2026-09-29,53300.00,CE,BANKNIFTY26SEP53300CE,0.00,0.00,0.00,5678.00,0.00,5678.00,57907.20,5427.90,0,0,0,0.00,0,F1,30,,,,,
2026-08-04,2026-08-04,FO,NSE,IDO,69680,,BANKNIFTY,,2026-09-29,2026-09-29,52800.00,CE,BANKNIFTY26SEP52800CE,0.00,0.00,0.00,6074.55,0.00,6074.55,57907.20,5861.66,0,0,0,0.00,0,F1,30,,,,,
2026-08-04,2026-08-04,FO,NSE,IDO,69666,,BANKNIFTY,,2026-09-29,2026-09-29,52000.00,CE,BANKNIFTY26SEP52000CE,0.00,0.00,0.00,5430.00,5430.00,5430.00,57907.20,6577.84,150,0,0,0.00,0,F1,30,,,,,
2026-08-04,2026-08-04,FO,NSE,IDO,52282,,BANKNIFTY,,2026-09-29,2026-09-29,51000.00,CE,BANKNIFTY26SEP51000CE,0.00,0.00,0.00,7836.25,0.00,7836.25,57907.20,7503.83,0,0,0,0.00,0,F1,30,,,,,
2026-08-04,2026-08-04,FO,NSE,IDO,59221,,BANKNIFTY,,2026-08-25,2026-08-25,61000.00,CE,BANKNIFTY26AUG61000CE,26.00,30.40,18.85,27.50,28.05,28.00,57907.20,27.50,563730,6780,15477,28335551343.00,8936,F1,30,,,,,
2026-08-04,2026-08-04,FO,NSE,IDO,59167,,BANKNIFTY,,2026-08-25,2026-08-25,60000.00,CE,BANKNIFTY26AUG60000CE,85.05,94.60,71.40,78.00,78.25,84.50,57907.20,78.00,1073940,21120,37222,67089034308.00,21082,F1,30,,,,,
2026-08-04,2026-08-04,FO,NSE,IDO,59119,,BANKNIFTY,,2026-08-25,2026-08-25,58300.00,CE,BANKNIFTY26AUG58300CE,483.65,542.60,404.80,441.15,441.35,487.05,57907.20,441.15,70080,6360,11738,20694612309.00,9396,F1,30,,,,,
2026-08-04,2026-08-04,FO,NSE,IDO,59108,,BANKNIFTY,,2026-08-25,2026-08-25,58000.00,CE,BANKNIFTY26AUG58000CE,624.95,692.00,522.05,565.35,561.00,622.20,57907.20,565.35,2314350,96210,107491,188959641006.00,67954,F1,30,,,,,
2026-08-04,2026-08-04,FO,NSE,IDO,59090,,BANKNIFTY,,2026-08-25,2026-08-25,57500.00,CE,BANKNIFTY26AUG57500CE,907.15,991.45,763.35,823.75,818.00,892.80,57907.20,823.75,655830,123270,76464,133828395106.50,53434,F1,30,,,,,
2026-08-04,2026-08-04,FO,NSE,IDO,59000,,BANKNIFTY,,2026-08-25,2026-08-25,54800.00,CE,BANKNIFTY26AUG54800CE,0.00,0.00,0.00,3120.10,3120.10,3120.10,57907.20,3464.62,0,0,0,0.00,0,F1,30,,,,,
2026-08-04,2026-08-04,FO,NSE,IDO,58918,,BANKNIFTY,,2026-08-25,2026-08-25,51900.00,CE,BANKNIFTY26AUG51900CE,0.00,0.00,0.00,4766.95,0.00,4766.95,57907.20,6199.56,0,0,0,0.00,0,F1,30,,,,,
2026-08-04,2026-08-04,FO,NSE,IDO,58862,,BANKNIFTY,,2026-08-25,2026-08-25,50300.00,CE,BANKNIFTY26AUG50300CE,0.00,0.00,0.00,6003.65,0.00,6003.65,57907.20,7784.34,0,0,0,0.00,0,F1,30,,,,,
2026-08-04,2026-08-04,FO,NSE,IDO,58852,,BANKNIFTY,,2026-08-25,2026-08-25,50000.00,CE,BANKNIFTY26AUG50000CE,7890.00,7941.00,7549.40,7678.55,7678.55,7825.00,57907.20,7678.55,119070,-3150,174,301618681.50,136,F1,30,,,,,
2026-08-04,2026-08-04,FO,NSE,IDO,58848,,BANKNIFTY,,2026-08-25,2026-08-25,49800.00,CE,BANKNIFTY26AUG49800CE,0.00,0.00,0.00,6416.75,0.00,6416.75,57907.20,8281.84,0,0,0,0.00,0,F1,30,,,,,
2026-08-04,2026-08-04,FO,NSE,IDO,58810,,BANKNIFTY,,2026-08-25,2026-08-25,48900.00,CE,BANKNIFTY26AUG48900CE,0.00,0.00,0.00,7186.90,0.00,7186.90,57907.20,9178.14,0,0,0,0.00,0,F1,30,,,,,
2026-08-04,2026-08-04,FO,NSE,IDF,48699,,BANKNIFTY,,2026-10-27,2026-10-27,,,BANKNIFTY26OCTFUT,58565.20,58713.20,58300.00,58424.20,58410.00,58565.20,57907.20,58424.20,19290,4980,439,770710740.00,310,F1,30,,,,,
2026-08-04,2026-08-04,FO,NSE,IDF,58067,,BANKNIFTY,,2026-08-25,2026-08-25,,,BANKNIFTY26AUGFUT,57830.00,58074.00,57581.00,57716.40,57710.00,57861.60,57907.20,57716.40,2147910,48180,15378,26664942684.00,10022,F1,30,,,,,
2026-08-04,2026-08-04,FO,NSE,IDO,69775,,BANKNIFTY,,2026-09-29,2026-09-29,55300.00,CE,BANKNIFTY26SEP55300CE,0.00,0.00,0.00,4222.45,0.00,4222.45,57907.20,3832.76,0,0,0,0.00,0,F1,30,,,,,
2026-08-04,2026-08-04,FO,NSE,IDO,69783,,BANKNIFTY,,2026-09-29,2026-09-29,55800.00,CE,BANKNIFTY26SEP55800CE,0.00,0.00,0.00,3895.05,0.00,3895.05,57907.20,3471.73,0,0,0,0.00,0,F1,30,,,,,
2026-08-04,2026-08-04,FO,NSE,IDO,52334,,BANKNIFTY,,2026-09-29,2026-09-29,57000.00,CE,BANKNIFTY26SEP57000CE,1888.00,1976.55,1686.60,1784.20,1789.45,1828.80,57907.20,1784.20,43260,30,498,878076343.50,447,F1,30,,,,,
2026-08-04,2026-08-04,FO,NSE,IDO,69832,,BANKNIFTY,,2026-09-29,2026-09-29,57900.00,CE,BANKNIFTY26SEP57900CE,1341.50,1376.00,1195.00,1219.60,1219.60,1320.05,57907.20,1219.60,4980,720,43,76362493.50,41,F1,30,,,,,
2026-08-04,2026-08-04,FO,NSE,IDO,49506,,BANKNIFTY,,2026-10-27,2026-10-27,57500.00,PE,BANKNIFTY26OCT57500PE,1007.00,1020.00,870.00,980.00,980.00,945.00,57907.20,980.00,1110,720,37,64912939.50,27,F1,30,,,,,
2026-08-04,2026-08-04,FO,NSE,IDO,58971,,BANKNIFTY,,2026-08-25,2026-08-25,53700.00,PE,BANKNIFTY26AUG53700PE,38.35,40.65,27.65,37.45,36.70,37.35,57907.20,37.45,29130,2880,532,857630992.50,308,F1,30,,,,,
2026-08-04,2026-08-04,FO,NSE,IDO,70118,,BANKNIFTY,,2026-09-29,2026-09-29,64100.00,PE,BANKNIFTY26SEP64100PE,0.00,0.00,0.00,6246.30,0.00,6246.30,57907.20,5873.38,0,0,0,0.00,0,F1,30,,,,,
2026-08-04,2026-08-04,FO,NSE,IDO,52389,,BANKNIFTY,,2026-09-29,2026-09-29,61500.00,PE,BANKNIFTY26SEP61500PE,0.00,0.00,0.00,3262.05,3262.05,3262.05,57907.20,3770.99,360,0,0,0.00,0,F1,30,,,,,
2026-08-04,2026-08-04,FO,NSE,IDO,58886,,BANKNIFTY,,2026-08-25,2026-08-25,51400.00,CE,BANKNIFTY26AUG51400CE,0.00,0.00,0.00,5137.40,0.00,5137.40,57907.20,6692.89,0,0,0,0.00,0,F1,30,,,,,
2026-08-04,2026-08-04,FO,NSE,IDO,59288,,BANKNIFTY,,2026-08-25,2026-08-25,63100.00,CE,BANKNIFTY26AUG63100CE,0.00,0.00,0.00,398.40,0.00,398.40,57907.20,62.21,0,0,0,0.00,0,F1,30,,,,,
2026-08-04,2026-08-04,FO,NSE,IDO,70026,,BANKNIFTY,,2026-09-29,2026-09-29,60800.00,PE,BANKNIFTY26SEP60800PE,0.00,0.00,0.00,3810.25,0.00,3810.25,57907.20,3271.52,0,0,0,0.00,0,F1,30,,,,,
2026-08-04,2026-08-04,FO,NSE,IDO,69833,,BANKNIFTY,,2026-09-29,2026-09-29,57900.00,PE,BANKNIFTY26SEP57900PE,999.85,1102.60,799.05,1018.95,1004.90,992.70,57907.20,1018.95,3480,960,106,187156662.00,64,F1,30,,,,,
2026-08-04,2026-08-04,FO,NSE,IDO,53236,,BANKNIFTY,,2026-12-29,2026-12-29,58500.00,PE,BANKNIFTY26DEC58500PE,1521.50,1639.75,1412.65,1582.85,1582.85,1544.00,57907.20,1582.85,810,30,16,28816941.00,13,F1,30,,,,,
2026-08-04,2026-08-04,FO,NSE,IDO,53219,,BANKNIFTY,,2026-12-29,2026-12-29,49500.00,PE,BANKNIFTY26DEC49500PE,0.00,0.00,0.00,232.05,232.05,232.05,57907.20,262.62,30,0,0,0.00,0,F1,30,,,,,
2026-08-04,2026-08-04,FO,NSE,IDO,49610,,BANKNIFTY,,2026-10-27,2026-10-27,61600.00,PE,BANKNIFTY26OCT61600PE,0.00,0.00,0.00,4890.60,0.00,4890.60,57907.20,3995.95,0,0,0,0.00,0,F1,30,,,,,
2026-08-04,2026-08-04,FO,NSE,IDO,49602,,BANKNIFTY,,2026-10-27,2026-10-27,61300.00,PE,BANKNIFTY26OCT61300PE,0.00,0.00,0.00,4666.85,0.00,4666.85,57907.20,3792.34,0,0,0,0.00,0,F1,30,,,,,
2026-08-04,2026-08-04,FO,NSE,IDO,69808,,BANKNIFTY,,2026-09-29,2026-09-29,56800.00,CE,BANKNIFTY26SEP56800CE,1951.85,1951.85,1951.00,1951.00,1951.00,2052.00,57907.20,2812.77,1710,-150,11,19387975.50,4,F1,30,,,,,
2026-08-04,2026-08-04,FO,NSE,IDO,70031,,BANKNIFTY,,2026-09-29,2026-09-29,61100.00,CE,BANKNIFTY26SEP61100CE,0.00,0.00,0.00,1389.40,0.00,1389.40,57907.20,902.48,0,0,0,0.00,0,F1,30,,,,,
2026-08-04,2026-08-04,FO,NSE,IDO,70047,,BANKNIFTY,,2026-09-29,2026-09-29,61900.00,CE,BANKNIFTY26SEP61900CE,0.00,0.00,0.00,1156.00,0.00,1156.00,57907.20,702.71,0,0,0,0.00,0,F1,30,,,,,
2026-08-04,2026-08-04,FO,NSE,IDO,49369,,BANKNIFTY,,2026-10-27,2026-10-27,52100.00,CE,BANKNIFTY26OCT52100CE,0.00,0.00,0.00,5941.50,0.00,5941.50,57907.20,6889.49,0,0,0,0.00,0,F1,30,,,,,
2026-08-04,2026-08-04,FO,NSE,IDO,49491,,BANKNIFTY,,2026-10-27,2026-10-27,56800.00,CE,BANKNIFTY26OCT56800CE,0.00,0.00,0.00,2773.75,0.00,2773.75,57907.20,3379.29,0,0,0,0.00,0,F1,30,,,,,
2026-08-04,2026-08-04,FO,NSE,IDO,49499,,BANKNIFTY,,2026-10-27,2026-10-27,57200.00,CE,BANKNIFTY26OCT57200CE,0.00,0.00,0.00,2568.65,0.00,2568.65,57907.20,3141.88,0,0,0,0.00,0,F1,30,,,,,
2026-08-04,2026-08-04,FO,NSE,IDO,69780,,BANKNIFTY,,2026-09-29,2026-09-29,55600.00,PE,BANKNIFTY26SEP55600PE,0.00,0.00,0.00,1228.45,0.00,1228.45,57907.20,749.46,0,0,0,0.00,0,F1,30,,,,,
2026-08-04,2026-08-04,FO,NSE,IDO,59287,,BANKNIFTY,,2026-08-25,2026-08-25,63000.00,PE,BANKNIFTY26AUG63000PE,5130.00,5310.00,5130.00,5278.60,5278.60,5097.45,57907.20,4939.86,70380,60,8,16371810.00,7,F1,30,,,,,
2026-08-04,2026-08-04,FO,NSE,IDO,59195,,BANKNIFTY,,2026-08-25,2026-08-25,60400.00,PE,BANKNIFTY26AUG60400PE,0.00,0.00,0.00,5249.35,0.00,5249.35,57907.20,2652.53,0,0,0,0.00,0,F1,30,,,,,
2026-08-04,2026-08-04,FO,NSE,IDO,49687,,BANKNIFTY,,2026-10-27,2026-10-27,64500.00,CE,BANKNIFTY26OCT64500CE,0.00,0.00,0.00,448.85,0.00,448.85,57907.20,577.19,0,0,0,0.00,0,F1,30,,,,,
2026-08-04,2026-08-04,FO,NSE,IDO,49458,,BANKNIFTY,,2026-10-27,2026-10-27,55500.00,PE,BANKNIFTY26OCT55500PE,0.00,0.00,0.00,1423.90,0.00,1423.90,57907.20,981.92,0,0,0,0.00,0,F1,30,,,,,
2026-08-04,2026-08-04,FO,NSE,IDO,70796,,BANKNIFTY,,2027-06-29,2027-06-29,60000.00,CE,BANKNIFTY27JUN60000CE,0.00,0.00,0.00,5392.05,0.00,5392.05,57907.20,5214.86,0,0,0,0.00,0,F1,30,,,,,
2026-08-04,2026-08-04,FO,NSE,IDO,70798,,BANKNIFTY,,2027-06-29,2027-06-29,61500.00,CE,BANKNIFTY27JUN61500CE,0.00,0.00,0.00,4726.20,0.00,4726.20,57907.20,4530.90,0,0,0,0.00,0,F1,30,,,,,
2026-08-04,2026-08-04,FO,NSE,IDO,59135,,BANKNIFTY,,2026-08-25,2026-08-25,58600.00,PE,BANKNIFTY26AUG58600PE,1080.00,1320.00,972.25,1215.25,1206.95,1106.70,57907.20,1215.25,7050,1800,632,1131972399.00,514,F1,30,,,,,
2026-08-04,2026-08-04,FO,NSE,IDO,59024,,BANKNIFTY,,2026-08-25,2026-08-25,55700.00,PE,BANKNIFTY26AUG55700PE,142.00,181.55,106.45,149.80,153.85,137.80,57907.20,149.80,35040,3450,2988,5006162023.50,2047,F1,30,,,,,
2026-08-04,2026-08-04,FO,NSE,IDO,58800,,BANKNIFTY,,2026-08-25,2026-08-25,48600.00,CE,BANKNIFTY26AUG48600CE,0.00,0.00,0.00,7450.45,0.00,7450.45,57907.20,9477.02,0,0,0,0.00,0,F1,30,,,,,
2026-08-04,2026-08-04,FO,NSE,IDO,58804,,BANKNIFTY,,2026-08-25,2026-08-25,48700.00,CE,BANKNIFTY26AUG48700CE,0.00,0.00,0.00,7362.25,0.00,7362.25,57907.20,9377.39,0,0,0,0.00,0,F1,30,,,,,
2026-08-04,2026-08-04,FO,NSE,IDO,58928,,BANKNIFTY,,2026-08-25,2026-08-25,52400.00,CE,BANKNIFTY26AUG52400CE,0.00,0.00,0.00,4408.20,0.00,4408.20,57907.20,5709.39,0,0,0,0.00,0,F1,30,,,,,
2026-08-04,2026-08-04,FO,NSE,IDO,58946,,BANKNIFTY,,2026-08-25,2026-08-25,53100.00,CE,BANKNIFTY26AUG53100CE,0.00,0.00,0.00,3930.25,0.00,3930.25,57907.20,5031.56,0,0,0,0.00,0,F1,30,,,,,
2026-08-04,2026-08-04,FO,NSE,IDO,58976,,BANKNIFTY,,2026-08-25,2026-08-25,53900.00,CE,BANKNIFTY26AUG53900CE,0.00,0.00,0.00,3976.25,3976.25,3976.25,57907.20,4275.97,120,0,0,0.00,0,F1,30,,,,,
2026-08-04,2026-08-04,FO,NSE,IDO,59010,,BANKNIFTY,,2026-08-25,2026-08-25,55300.00,CE,BANKNIFTY26AUG55300CE,2741.40,2741.40,2741.40,2741.40,2741.40,2633.35,57907.20,3038.71,750,0,1,1741242.00,1,F1,30,,,,,
2026-08-04,2026-08-04,FO,NSE,IDO,59016,,BANKNIFTY,,2026-08-25,2026-08-25,55600.00,CE,BANKNIFTY26AUG55600CE,2270.00,2270.00,2270.00,2270.00,2270.00,2434.70,57907.20,2793.71,1380,30,1,1736100.00,1,F1,30,,,,,
2026-08-04,2026-08-04,FO,NSE,IDO,59047,,BANKNIFTY,,2026-08-25,2026-08-25,56300.00,CE,BANKNIFTY26AUG56300CE,1798.00,1882.85,1567.60,1641.05,1648.25,1747.50,57907.20,1641.05,5190,-450,51,88893259.50,46,F1,30,,,,,
2026-08-04,2026-08-04,FO,NSE,IDO,59096,,BANKNIFTY,,2026-08-25,2026-08-25,57800.00,CE,BANKNIFTY26AUG57800CE,730.85,805.30,612.45,664.00,662.90,723.70,57907.20,664.00,340290,88020,55014,96569881167.00,42213,F1,30,,,,,
2026-08-04,2026-08-04,FO,NSE,IDO,59159,,BANKNIFTY,,2026-08-25,2026-08-25,59600.00,CE,BANKNIFTY26AUG59600CE,131.10,150.95,110.95,119.85,121.40,133.85,57907.20,119.85,58830,8730,4960,8887336836.00,3544,F1,30,,,,,
2026-08-04,2026-08-04,FO,NSE,IDO,59266,,BANKNIFTY,,2026-08-25,2026-08-25,62500.00,CE,BANKNIFTY26AUG62500CE,8.65,11.10,8.65,10.15,9.60,9.95,57907.20,10.15,80250,10560,2429,4555115694.00,1771,F1,30,,,,,
2026-08-04,2026-08-04,FO,NSE,IDO,59282,,BANKNIFTY,,2026-08-25,2026-08-25,62900.00,CE,BANKNIFTY26AUG62900CE,0.00,0.00,0.00,422.10,0.00,422.10,57907.20,72.23,0,0,0,0.00,0,F1,30,,,,,
2026-08-04,2026-08-04,FO,NSE,IDO,59319,,BANKNIFTY,,2026-08-25,2026-08-25,64100.00,CE,BANKNIFTY26AUG64100CE,6.95,7.85,4.75,6.50,6.50,6.95,57907.20,6.50,630,60,27,51926421.00,14,F1,30,,,,,
2026-08-04,2026-08-04,FO,NSE,IDO,69662,,BANKNIFTY,,2026-09-29,2026-09-29,51800.00,CE,BANKNIFTY26SEP51800CE,0.00,0.00,0.00,6901.65,0.00,6901.65,57907.20,6760.59,0,0,0,0.00,0,F1,30,,,,,
2026-08-04,2026-08-04,FO,NSE,IDO,69670,,BANKNIFTY,,2026-09-29,2026-09-29,52200.00,CE,BANKNIFTY26SEP52200CE,0.00,0.00,0.00,6565.65,0.00,6565.65,57907.20,6396.49,0,0,0,0.00,0,F1,30,,,,,
2026-08-04,2026-08-04,FO,NSE,IDO,69710,,BANKNIFTY,,2026-09-29,2026-09-29,54400.00,CE,BANKNIFTY26SEP54400CE,0.00,0.00,0.00,4852.25,0.00,4852.25,57907.20,4519.19,0,0,0,0.00,0,F1,30,,,,,
2026-08-04,2026-08-04,FO,NSE,IDO,69757,,BANKNIFTY,,2026-09-29,2026-09-29,54600.00,CE,BANKNIFTY26SEP54600CE,0.00,0.00,0.00,4708.60,0.00,4708.60,57907.20,4361.58,0,0,0,0.00,0,F1,30,,,,,
2026-08-04,2026-08-04,FO,NSE,IDO,69763,,BANKNIFTY,,2026-09-29,2026-09-29,54800.00,CE,BANKNIFTY26SEP54800CE,0.00,0.00,0.00,4564.90,0.00,4564.90,57907.20,4206.53,0,0,0,0.00,0,F1,30,,,,,
2026-08-04,2026-08-04,FO,NSE,IDO,69765,,BANKNIFTY,,2026-09-29,2026-09-29,54900.00,CE,BANKNIFTY26SEP54900CE,0.00,0.00,0.00,4495.20,0.00,4495.20,57907.20,4129.99,0,0,0,0.00,0,F1,30,,,,,
2026-08-04,2026-08-04,FO,NSE,IDO,69801,,BANKNIFTY,,2026-09-29,2026-09-29,56500.00,CE,BANKNIFTY26SEP56500CE,2312.00,2312.00,2035.05,2102.00,2117.30,2215.80,57907.20,2102.00,21120,60,49,86158804.50,49,F1,30,,,,,
2026-08-04,2026-08-04,FO,NSE,IDO,69820,,BANKNIFTY,,2026-09-29,2026-09-29,57400.00,CE,BANKNIFTY26SEP57400CE,1623.25,1623.25,1477.00,1532.70,1539.05,1623.25,57907.20,1532.70,3690,1620,93,164359561.50,61,F1,30,,,,,
2026-08-04,2026-08-04,FO,NSE,IDO,69868,,BANKNIFTY,,2026-09-29,2026-09-29,58700.00,CE,BANKNIFTY26SEP58700CE,0.00,0.00,0.00,658.05,658.05,658.05,57907.20,1785.02,4200,0,0,0.00,0,F1,30,,,,,
2026-08-04,2026-08-04,FO,NSE,IDO,69996,,BANKNIFTY,,2026-09-29,2026-09-29,59800.00,CE,BANKNIFTY26SEP59800CE,0.00,0.00,0.00,1843.85,0.00,1843.85,57907.20,1325.83,0,0,0,0.00,0,F1,30,,,,,
2026-08-04,2026-08-04,FO,NSE,IDO,70015,,BANKNIFTY,,2026-09-29,2026-09-29,60300.00,CE,BANKNIFTY26SEP60300CE,0.00,0.00,0.00,1657.55,0.00,1657.55,57907.20,1148.41,0,0,0,0.00,0,F1,30,,,,,
2026-08-04,2026-08-04,FO,NSE,IDO,70021,,BANKNIFTY,,2026-09-29,2026-09-29,60600.00,CE,BANKNIFTY26SEP60600CE,0.00,0.00,0.00,1552.75,0.00,1552.75,57907.20,1050.87,0,0,0,0.00,0,F1,30,,,,,
2026-08-04,2026-08-04,FO,NSE,IDO,70037,,BANKNIFTY,,2026-09-29,2026-09-29,61400.00,CE,BANKNIFTY26SEP61400CE,0.00,0.00,0.00,1297.95,0.00,1297.95,57907.20,821.59,0,0,0,0.00,0,F1,30,,,,,
2026-08-04,2026-08-04,FO,NSE,IDO,70117,,BANKNIFTY,,2026-09-29,2026-09-29,64100.00,CE,BANKNIFTY26SEP64100CE,0.00,0.00,0.00,672.40,0.00,672.40,57907.20,324.43,0,0,0,0.00,0,F1,30,,,,,
2026-08-04,2026-08-04,FO,NSE,IDO,49394,,BANKNIFTY,,2026-10-27,2026-10-27,53300.00,CE,BANKNIFTY26OCT53300CE,0.00,0.00,0.00,5009.50,0.00,5009.50,57907.20,5882.89,0,0,0,0.00,0,F1,30,,,,,
2026-08-04,2026-08-04,FO,NSE,IDO,49417,,BANKNIFTY,,2026-10-27,2026-10-27,54100.00,CE,BANKNIFTY26OCT54100CE,0.00,0.00,0.00,4430.75,0.00,4430.75,57907.20,5249.12,0,0,0,0.00,0,F1,30,,,,,
2026-08-04,2026-08-04,FO,NSE,IDO,49433,,BANKNIFTY,,2026-10-27,2026-10-27,54800.00,CE,BANKNIFTY26OCT54800CE,0.00,0.00,0.00,3956.60,0.00,3956.60,57907.20,4724.58,0,0,0,0.00,0,F1,30,,,,,
2026-08-04,2026-08-04,FO,NSE,IDO,49497,,BANKNIFTY,,2026-10-27,2026-10-27,57100.00,CE,BANKNIFTY26OCT57100CE,0.00,0.00,0.00,2618.95,0.00,2618.95,57907.20,3200.23,0,0,0,0.00,0,F1,30,,,,,
2026-08-04,2026-08-04,FO,NSE,IDO,49503,,BANKNIFTY,,2026-10-27,2026-10-27,57400.00,CE,BANKNIFTY26OCT57400CE,0.00,0.00,0.00,2469.85,0.00,2469.85,57907.20,3027.19,0,0,0,0.00,0,F1,30,,,,,
2026-08-04,2026-08-04,FO,NSE,IDO,49527,,BANKNIFTY,,2026-10-27,2026-10-27,58300.00,CE,BANKNIFTY26OCT58300CE,0.00,0.00,0.00,2058.40,0.00,2058.40,57907.20,2544.52,0,0,0,0.00,0,F1,30,,,,,
2026-08-04,2026-08-04,FO,NSE,IDO,49567,,BANKNIFTY,,2026-10-27,2026-10-27,59800.00,CE,BANKNIFTY26OCT59800CE,0.00,0.00,0.00,1485.85,0.00,1485.85,57907.20,1860.57,0,0,0,0.00,0,F1,30,,,,,
2026-08-04,2026-08-04,FO,NSE,IDO,49575,,BANKNIFTY,,2026-10-27,2026-10-27,60100.00,CE,BANKNIFTY26OCT60100CE,0.00,0.00,0.00,1387.45,0.00,1387.45,57907.20,1741.48,0,0,0,0.00,0,F1,30,,,,,
2026-08-04,2026-08-04,FO,NSE,IDO,49579,,BANKNIFTY,,2026-10-27,2026-10-27,60300.00,CE,BANKNIFTY26OCT60300CE,0.00,0.00,0.00,1324.65,0.00,1324.65,57907.20,1665.25,0,0,0,0.00,0,F1,30,,,,,
2026-08-04,2026-08-04,FO,NSE,IDO,49599,,BANKNIFTY,,2026-10-27,2026-10-27,61200.00,CE,BANKNIFTY26OCT61200CE,0.00,0.00,0.00,1068.95,0.00,1068.95,57907.20,1352.58,0,0,0,0.00,0,F1,30,,,,,
2026-08-04,2026-08-04,FO,NSE,IDO,49603,,BANKNIFTY,,2026-10-27,2026-10-27,61400.00,CE,BANKNIFTY26OCT61400CE,0.00,0.00,0.00,1017.85,0.00,1017.85,57907.20,1289.61,0,0,0,0.00,0,F1,30,,,,,
2026-08-04,2026-08-04,FO,NSE,IDO,49655,,BANKNIFTY,,2026-10-27,2026-10-27,63400.00,CE,BANKNIFTY26OCT63400CE,0.00,0.00,0.00,608.30,0.00,608.30,57907.20,778.91,0,0,0,0.00,0,F1,30,,,,,
2026-08-04,2026-08-04,FO,NSE,IDO,49677,,BANKNIFTY,,2026-10-27,2026-10-27,64000.00,CE,BANKNIFTY26OCT64000CE,0.00,0.00,0.00,516.25,0.00,516.25,57907.20,662.72,0,0,0,0.00,0,F1,30,,,,,
2026-08-04,2026-08-04,FO,NSE,IDO,76433,,BANKNIFTY,,2027-03-30,2027-03-30,66000.00,CE,BANKNIFTY27MAR66000CE,0.00,0.00,0.00,890.95,0.00,890.95,57907.20,1934.15,0,0,0,0.00,0,F1,30,,,,,
2026-08-04,2026-08-04,FO,NSE,IDO,58767,,BANKNIFTY,,2026-08-25,2026-08-25,48000.00,PE,BANKNIFTY26AUG48000PE,7.50,9.15,7.00,7.85,7.30,7.60,57907.20,7.85,29160,2040,1445,2081144343.00,606,F1,30,,,,,
2026-08-04,2026-08-04,FO,NSE,IDO,58853,,BANKNIFTY,,2026-08-25,2026-08-25,50000.00,PE,BANKNIFTY26AUG50000PE,11.50,14.35,9.20,13.00,12.95,11.35,57907.20,13.00,338970,-1650,2515,3773352393.00,1248,F1,30,,,,,
2026-08-04,2026-08-04,FO,NSE,IDO,58865,,BANKNIFTY,,2026-08-25,2026-08-25,50400.00,PE,BANKNIFTY26AUG50400PE,11.60,13.80,11.60,12.50,12.50,12.85,57907.20,12.50,780,-150,11,16635982.50,7,F1,30,,,,,
2026-08-04,2026-08-04,FO,NSE,IDO,58871,,BANKNIFTY,,2026-08-25,2026-08-25,50600.00,PE,BANKNIFTY26AUG50600PE,12.40,16.00,12.40,14.40,14.40,11.05,57907.20,14.40,810,120,13,19739484.00,8,F1,30,,,,,
2026-08-04,2026-08-04,FO,NSE,IDO,58877,,BANKNIFTY,,2026-08-25,2026-08-25,50900.00,PE,BANKNIFTY26AUG50900PE,11.60,17.10,11.60,14.80,14.80,13.10,57907.20,3.33,2220,450,40,61096824.00,24,F1,30,,,,,
2026-08-04,2026-08-04,FO,NSE,IDO,58917,,BANKNIFTY,,2026-08-25,2026-08-25,51800.00,PE,BANKNIFTY26AUG51800PE,15.60,27.40,12.55,22.35,17.55,15.45,57907.20,22.35,3090,570,133,206757922.50,56,F1,30,,,,,
2026-08-04,2026-08-04,FO,NSE,IDO,58921,,BANKNIFTY,,2026-08-25,2026-08-25,52000.00,PE,BANKNIFTY26AUG52000PE,16.20,22.90,14.00,21.45,21.95,16.85,57907.20,21.45,269850,38340,10292,16061443281.00,4849,F1,30,,,,,
2026-08-04,2026-08-04,FO,NSE,IDO,58937,,BANKNIFTY,,2026-08-25,2026-08-25,52800.00,PE,BANKNIFTY26AUG52800PE,19.85,30.00,15.85,26.25,26.75,24.00,57907.20,26.25,12390,90,745,1180596036.00,292,F1,30,,,,,
2026-08-04,2026-08-04,FO,NSE,IDO,58957,,BANKNIFTY,,2026-08-25,2026-08-25,53300.00,PE,BANKNIFTY26AUG53300PE,28.70,32.80,23.70,31.55,31.95,30.45,57907.20,31.55,6270,780,436,697525353.00,247,F1,30,,,,,
2026-08-04,2026-08-04,FO,NSE,IDO,58993,,BANKNIFTY,,2026-08-25,2026-08-25,54500.00,PE,BANKNIFTY26AUG54500PE,64.00,69.50,44.40,60.15,60.90,58.50,57907.20,60.15,179370,5460,8766,14347495918.50,5219,F1,30,,,,,
2026-08-04,2026-08-04,FO,NSE,IDO,59011,,BANKNIFTY,,2026-08-25,2026-08-25,55300.00,PE,BANKNIFTY26AUG55300PE,104.20,130.40,77.45,109.25,111.60,101.65,57907.20,109.25,34650,3300,2749,4569054676.50,1629,F1,30,,,,,
2026-08-04,2026-08-04,FO,NSE,IDO,59015,,BANKNIFTY,,2026-08-25,2026-08-25,55500.00,PE,BANKNIFTY26AUG55500PE,138.90,154.05,90.10,128.95,130.85,120.05,57907.20,128.95,259620,-23610,17164,28639872045.00,10970,F1,30,,,,,
2026-08-04,2026-08-04,FO,NSE,IDO,59021,,BANKNIFTY,,2026-08-25,2026-08-25,55600.00,PE,BANKNIFTY26AUG55600PE,128.65,166.35,98.40,137.95,142.75,128.65,57907.20,137.95,45000,16320,3407,5696774326.50,2275,F1,30,,,,,
2026-08-04,2026-08-04,FO,NSE,IDO,59048,,BANKNIFTY,,2026-08-25,2026-08-25,56300.00,PE,BANKNIFTY26AUG56300PE,225.00,290.75,172.55,245.30,248.35,219.55,57907.20,245.30,45630,3840,3216,5453940940.50,2508,F1,30,,,,,
2026-08-04,2026-08-04,FO,NSE,IDO,59074,,BANKNIFTY,,2026-08-25,2026-08-25,56800.00,PE,BANKNIFTY26AUG56800PE,331.10,427.65,258.75,362.65,360.60,323.05,57907.20,362.65,119280,-10110,8786,15061059337.50,7039,F1,30,,,,,
2026-08-04,2026-08-04,FO,NSE,IDO,59095,,BANKNIFTY,,2026-08-25,2026-08-25,57700.00,PE,BANKNIFTY26AUG57700PE,600.00,793.45,522.05,697.25,685.80,632.55,57907.20,697.25,113610,17580,43899,76858846633.50,34142,F1,30,,,,,
2026-08-04,2026-08-04,FO,NSE,IDO,59140,,BANKNIFTY,,2026-08-25,2026-08-25,58800.00,PE,BANKNIFTY26AUG58800PE,1284.10,1466.35,1103.60,1331.20,1342.40,1252.80,57907.20,1331.20,5910,-1080,336,605354412.00,244,F1,30,,,,,
2026-08-04,2026-08-04,FO,NSE,IDO,59166,,BANKNIFTY,,2026-08-25,2026-08-25,59900.00,PE,BANKNIFTY26AUG59900PE,2017.90,2017.90,2017.90,2017.90,2017.90,2982.90,57907.20,2271.84,30,0,1,1857537.00,1,F1,30,,,,,
2026-08-04,2026-08-04,FO,NSE,IDO,59247,,BANKNIFTY,,2026-08-25,2026-08-25,61600.00,PE,BANKNIFTY26AUG61600PE,0.00,0.00,0.00,6204.45,0.00,6204.45,57907.20,3655.99,0,0,0,0.00,0,F1,30,,,,,
2026-08-04,2026-08-04,FO,NSE,IDO,59249,,BANKNIFTY,,2026-08-25,2026-08-25,61700.00,PE,BANKNIFTY26AUG61700PE,0.00,0.00,0.00,6286.60,0.00,6286.60,57907.20,3744.36,0,0,0,0.00,0,F1,30,,,,,
2026-08-04,2026-08-04,FO,NSE,IDO,59261,,BANKNIFTY,,2026-08-25,2026-08-25,62300.00,PE,BANKNIFTY26AUG62300PE,0.00,0.00,0.00,6787.25,0.00,6787.25,57907.20,4286.45,0,0,0,0.00,0,F1,30,,,,,
2026-08-04,2026-08-04,FO,NSE,IDO,58972,,BANKNIFTY,,2026-08-25,2026-08-25,53800.00,CE,BANKNIFTY26AUG53800CE,0.00,0.00,0.00,4091.70,4091.70,4091.70,57907.20,4368.96,90,0,0,0.00,0,F1,30,,,,,
2026-08-04,2026-08-04,FO,NSE,IDO,59079,,BANKNIFTY,,2026-08-25,2026-08-25,57000.00,CE,BANKNIFTY26AUG57000CE,1238.00,1338.95,1056.65,1134.40,1121.65,1216.85,57907.20,1134.40,658770,-37080,18899,32976498319.50,13557,F1,30,,,,,
2026-08-04,2026-08-04,FO,NSE,IDO,59098,,BANKNIFTY,,2026-08-25,2026-08-25,57900.00,CE,BANKNIFTY26AUG57900CE,683.95,748.00,566.00,614.20,609.00,671.60,57907.20,614.20,154650,39000,32211,56589583900.50,24464,F1,30,,,,,
2026-08-04,2026-08-04,FO,NSE,IDO,59296,,BANKNIFTY,,2026-08-25,2026-08-25,63300.00,CE,BANKNIFTY26AUG63300CE,7.85,9.85,5.95,8.10,7.85,7.85,57907.20,8.10,12420,90,395,750203203.50,182,F1,30,,,,,
2026-08-04,2026-08-04,FO,NSE,IDO,59302,,BANKNIFTY,,2026-08-25,2026-08-25,63600.00,CE,BANKNIFTY26AUG63600CE,0.00,0.00,0.00,344.10,0.00,344.10,57907.20,42.32,0,0,0,0.00,0,F1,30,,,,,
2026-08-04,2026-08-04,FO,NSE,IDO,59330,,BANKNIFTY,,2026-08-25,2026-08-25,64500.00,CE,BANKNIFTY26AUG64500CE,5.30,7.45,5.30,6.05,5.60,6.30,57907.20,6.05,35070,2280,1480,2864080639.50,686,F1,30,,,,,
2026-08-04,2026-08-04,FO,NSE,IDO,52264,,BANKNIFTY,,2026-09-29,2026-09-29,43500.00,CE,BANKNIFTY26SEP43500CE,0.00,0.00,0.00,13878.45,0.00,13878.45,57907.20,14844.28,0,0,0,0.00,0,F1,30,,,,,
2026-08-04,2026-08-04,FO,NSE,IDO,69676,,BANKNIFTY,,2026-09-29,2026-09-29,52600.00,CE,BANKNIFTY26SEP52600CE,0.00,0.00,0.00,6236.45,0.00,6236.45,57907.20,6038.31,0,0,0,0.00,0,F1,30,,,,,
2026-08-04,2026-08-04,FO,NSE,IDO,69722,,BANKNIFTY,,2026-09-29,2026-09-29,54500.00,CE,BANKNIFTY26SEP54500CE,0.00,0.00,0.00,3273.05,3273.05,3273.05,57907.20,4440.07,210,0,0,0.00,0,F1,30,,,,,
2026-08-04,2026-08-04,FO,NSE,IDO,69822,,BANKNIFTY,,2026-09-29,2026-09-29,57500.00,CE,BANKNIFTY26SEP57500CE,1527.70,1628.00,1404.25,1468.75,1470.15,1537.50,57907.20,1468.75,23730,3330,375,663417153.00,312,F1,30,,,,,
2026-08-04,2026-08-04,FO,NSE,IDO,52360,,BANKNIFTY,,2026-09-29,2026-09-29,60000.00,CE,BANKNIFTY26SEP60000CE,410.00,474.95,385.00,409.50,409.00,436.45,57907.20,409.50,132750,14940,2040,3697800369.00,1413,F1,30,,,,,
2026-08-04,2026-08-04,FO,NSE,IDO,70041,,BANKNIFTY,,2026-09-29,2026-09-29,61600.00,CE,BANKNIFTY26SEP61600CE,0.00,0.00,0.00,1239.60,0.00,1239.60,57907.20,773.51,0,0,0,0.00,0,F1,30,,,,,
2026-08-04,2026-08-04,FO,NSE,IDO,70080,,BANKNIFTY,,2026-09-29,2026-09-29,62200.00,CE,BANKNIFTY26SEP62200CE,0.00,0.00,0.00,1076.90,0.00,1076.90,57907.20,634.50,0,0,0,0.00,0,F1,30,,,,,
2026-08-04,2026-08-04,FO,NSE,IDO,70115,,BANKNIFTY,,2026-09-29,2026-09-29,64000.00,CE,BANKNIFTY26SEP64000CE,0.00,0.00,0.00,690.00,0.00,690.00,57907.20,336.74,0,0,0,0.00,0,F1,30,,,,,
2026-08-04,2026-08-04,FO,NSE,IDO,49355,,BANKNIFTY,,2026-10-27,2026-10-27,51500.00,CE,BANKNIFTY26OCT51500CE,0.00,0.00,0.00,6433.85,0.00,6433.85,57907.20,7414.40,0,0,0,0.00,0,F1,30,,,,,
2026-08-04,2026-08-04,FO,NSE,IDO,49377,,BANKNIFTY,,2026-10-27,2026-10-27,52500.00,CE,BANKNIFTY26OCT52500CE,0.00,0.00,0.00,5622.65,0.00,5622.65,57907.20,6547.14,0,0,0,0.00,0,F1,30,,,,,
2026-08-04,2026-08-04,FO,NSE,IDO,49511,,BANKNIFTY,,2026-10-27,2026-10-27,57700.00,CE,BANKNIFTY26OCT57700CE,2104.85,2186.65,1729.60,1729.60,1729.60,1450.00,57907.20,2860.21,90,60,4,7167780.00,4,F1,30,,,,,
2026-08-04,2026-08-04,FO,NSE,IDO,49597,,BANKNIFTY,,2026-10-27,2026-10-27,61100.00,CE,BANKNIFTY26OCT61100CE,0.00,0.00,0.00,1095.30,0.00,1095.30,57907.20,1384.93,0,0,0,0.00,0,F1,30,,,,,
2026-08-04,2026-08-04,FO,NSE,IDO,49623,,BANKNIFTY,,2026-10-27,2026-10-27,62200.00,CE,BANKNIFTY26OCT62200CE,0.00,0.00,0.00,833.75,0.00,833.75,57907.20,1060.12,0,0,0,0.00,0,F1,30,,,,,
2026-08-04,2026-08-04,FO,NSE,IDO,49632,,BANKNIFTY,,2026-10-27,2026-10-27,62600.00,CE,BANKNIFTY26OCT62600CE,0.00,0.00,0.00,752.00,0.00,752.00,57907.20,960.81,0,0,0,0.00,0,F1,30,,,,,
2026-08-04,2026-08-04,FO,NSE,IDO,49653,,BANKNIFTY,,2026-10-27,2026-10-27,63300.00,CE,BANKNIFTY26OCT63300CE,0.00,0.00,0.00,624.90,0.00,624.90,57907.20,799.80,0,0,0,0.00,0,F1,30,,,,,
2026-08-04,2026-08-04,FO,NSE,IDO,49661,,BANKNIFTY,,2026-10-27,2026-10-27,63600.00,CE,BANKNIFTY26OCT63600CE,0.00,0.00,0.00,576.20,0.00,576.20,57907.20,738.46,0,0,0,0.00,0,F1,30,,,,,
2026-08-04,2026-08-04,FO,NSE,IDO,53244,,BANKNIFTY,,2026-12-29,2026-12-29,61500.00,CE,BANKNIFTY26DEC61500CE,991.00,1034.00,930.00,947.55,948.60,991.00,57907.20,947.55,7470,270,19,35604550.50,17,F1,30,,,,,
2026-08-04,2026-08-04,FO,NSE,IDO,70794,,BANKNIFTY,,2027-06-29,2027-06-29,58500.00,CE,BANKNIFTY27JUN58500CE,0.00,0.00,0.00,6124.45,0.00,6124.45,57907.20,5969.88,0,0,0,0.00,0,F1,30,,,,,
2026-08-04,2026-08-04,FO,NSE,IDO,58737,,BANKNIFTY,,2026-08-25,2026-08-25,47000.00,PE,BANKNIFTY26AUG47000PE,5.85,6.70,5.05,5.40,5.20,5.85,57907.20,5.40,20910,360,296,417413341.50,183,F1,30,,,,,
2026-08-04,2026-08-04,FO,NSE,IDO,58909,,BANKNIFTY,,2026-08-25,2026-08-25,51600.00,PE,BANKNIFTY26AUG51600PE,17.50,19.95,17.45,18.00,18.50,14.10,57907.20,18.00,2310,-120,19,29422401.00,5,F1,30,,,,,
2026-08-04,2026-08-04,FO,NSE,IDO,58981,,BANKNIFTY,,2026-08-25,2026-08-25,54100.00,PE,BANKNIFTY26AUG54100PE,42.55,51.60,35.00,46.85,46.90,46.00,57907.20,46.85,28020,-5490,1017,1651991199.00,477,F1,30,,,,,
2026-08-04,2026-08-04,FO,NSE,IDO,59005,,BANKNIFTY,,2026-08-25,2026-08-25,55000.00,PE,BANKNIFTY26AUG55000PE,81.70,103.00,62.00,86.60,85.55,81.60,57907.20,86.60,435240,17490,19265,31835174835.00,11146,F1,30,,,,,
2026-08-04,2026-08-04,FO,NSE,IDO,59078,,BANKNIFTY,,2026-08-25,2026-08-25,56900.00,PE,BANKNIFTY26AUG56900PE,372.90,458.20,281.65,392.10,391.00,352.15,57907.20,392.10,129270,9630,7886,13552334539.50,6338,F1,30,,,,,
2026-08-04,2026-08-04,FO,NSE,IDO,59123,,BANKNIFTY,,2026-08-25,2026-08-25,58300.00,PE,BANKNIFTY26AUG58300PE,974.05,1139.05,799.20,1023.00,1029.75,920.20,57907.20,1023.00,38490,22080,4479,7964547370.50,3373,F1,30,,,,,
2026-08-04,2026-08-04,FO,NSE,IDO,59150,,BANKNIFTY,,2026-08-25,2026-08-25,59200.00,PE,BANKNIFTY26AUG59200PE,1388.50,1745.85,1388.50,1697.25,1697.25,1549.10,57907.20,1786.01,8580,-300,19,34618575.00,16,F1,30,,,,,
2026-08-04,2026-08-04,FO,NSE,IDO,59156,,BANKNIFTY,,2026-08-25,2026-08-25,59500.00,PE,BANKNIFTY26AUG59500PE,1710.00,2024.90,1630.00,1906.05,1893.00,1784.85,57907.20,1906.05,56340,2820,327,601548178.50,215,F1,30,,,,,
2026-08-04,2026-08-04,FO,NSE,IDO,59229,,BANKNIFTY,,2026-08-25,2026-08-25,61200.00,PE,BANKNIFTY26AUG61200PE,0.00,0.00,0.00,3250.00,3250.00,3250.00,57907.20,3309.13,30,0,0,0.00,0,F1,30,,,,,
2026-08-04,2026-08-04,FO,NSE,IDO,59253,,BANKNIFTY,,2026-08-25,2026-08-25,61900.00,PE,BANKNIFTY26AUG61900PE,0.00,0.00,0.00,6452.10,0.00,6452.10,57907.20,3922.88,0,0,0,0.00,0,F1,30,,,,,
2026-08-04,2026-08-04,FO,NSE,IDO,76434,,BANKNIFTY,,2027-03-30,2027-03-30,66000.00,PE,BANKNIFTY27MAR66000PE,0.00,0.00,0.00,12012.15,0.00,12012.15,57907.20,7255.09,0,0,0,0.00,0,F1,30,,,,,
2026-08-04,2026-08-04,FO,NSE,IDO,59318,,BANKNIFTY,,2026-08-25,2026-08-25,64000.00,PE,BANKNIFTY26AUG64000PE,0.00,0.00,0.00,6040.00,6040.00,6040.00,57907.20,5900.03,2250,0,0,0.00,0,F1,30,,,,,
2026-08-04,2026-08-04,FO,NSE,IDO,59322,,BANKNIFTY,,2026-08-25,2026-08-25,64200.00,PE,BANKNIFTY26AUG64200PE,0.00,0.00,0.00,5581.85,5581.85,5581.85,57907.20,6094.68,30,0,0,0.00,0,F1,30,,,,,
2026-08-04,2026-08-04,FO,NSE,IDO,69604,,BANKNIFTY,,2026-09-29,2026-09-29,50500.00,PE,BANKNIFTY26SEP50500PE,0.00,0.00,0.00,217.55,0.00,217.55,57907.20,62.26,0,0,0,0.00,0,F1,30,,,,,
2026-08-04,2026-08-04,FO,NSE,IDO,69657,,BANKNIFTY,,2026-09-29,2026-09-29,51500.00,PE,BANKNIFTY26SEP51500PE,0.00,0.00,0.00,325.00,0.00,325.00,57907.20,112.64,0,0,0,0.00,0,F1,30,,,,,
2026-08-04,2026-08-04,FO,NSE,IDO,69661,,BANKNIFTY,,2026-09-29,2026-09-29,51700.00,PE,BANKNIFTY26SEP51700PE,0.00,0.00,0.00,350.75,0.00,350.75,57907.20,125.96,0,0,0,0.00,0,F1,30,,,,,
2026-08-04,2026-08-04,FO,NSE,IDO,52287,,BANKNIFTY,,2026-09-29,2026-09-29,54000.00,PE,BANKNIFTY26SEP54000PE,158.45,181.95,134.85,167.00,167.95,156.65,57907.20,167.00,96510,2580,1269,2061913206.00,624,F1,30,,,,,
2026-08-04,2026-08-04,FO,NSE,IDO,69776,,BANKNIFTY,,2026-09-29,2026-09-29,55300.00,PE,BANKNIFTY26SEP55300PE,0.00,0.00,0.00,1131.30,0.00,1131.30,57907.20,670.09,0,0,0,0.00,0,F1,30,,,,,
2026-08-04,2026-08-04,FO,NSE,IDO,52298,,BANKNIFTY,,2026-09-29,2026-09-29,55500.00,PE,BANKNIFTY26SEP55500PE,312.55,372.95,268.70,335.55,339.15,310.80,57907.20,335.55,115740,6870,1496,2505387513.00,946,F1,30,,,,,
2026-08-04,2026-08-04,FO,NSE,IDO,70016,,BANKNIFTY,,2026-09-29,2026-09-29,60300.00,PE,BANKNIFTY26SEP60300PE,0.00,0.00,0.00,3489.75,0.00,3489.75,57907.20,2935.52,0,0,0,0.00,0,F1,30,,,,,
2026-08-04,2026-08-04,FO,NSE,IDO,70032,,BANKNIFTY,,2026-09-29,2026-09-29,61100.00,PE,BANKNIFTY26SEP61100PE,0.00,0.00,0.00,4009.30,0.00,4009.30,57907.20,3481.56,0,0,0,0.00,0,F1,30,,,,,
2026-08-04,2026-08-04,FO,NSE,IDO,49301,,BANKNIFTY,,2026-10-27,2026-10-27,49500.00,PE,BANKNIFTY26OCT49500PE,0.00,0.00,0.00,179.20,0.00,179.20,57907.20,91.84,0,0,0,0.00,0,F1,30,,,,,
2026-08-04,2026-08-04,FO,NSE,IDO,49358,,BANKNIFTY,,2026-10-27,2026-10-27,51600.00,PE,BANKNIFTY26OCT51600PE,0.00,0.00,0.00,420.05,0.00,420.05,57907.20,243.33,0,0,0,0.00,0,F1,30,,,,,
2026-08-04,2026-08-04,FO,NSE,IDO,49372,,BANKNIFTY,,2026-10-27,2026-10-27,52200.00,PE,BANKNIFTY26OCT52200PE,0.00,0.00,0.00,521.40,0.00,521.40,57907.20,311.60,0,0,0,0.00,0,F1,30,,,,,
2026-08-04,2026-08-04,FO,NSE,IDO,49378,,BANKNIFTY,,2026-10-27,2026-10-27,52500.00,PE,BANKNIFTY26OCT52500PE,0.00,0.00,0.00,578.50,0.00,578.50,57907.20,350.93,0,0,0,0.00,0,F1,30,,,,,
2026-08-04,2026-08-04,FO,NSE,IDO,49382,,BANKNIFTY,,2026-10-27,2026-10-27,52700.00,PE,BANKNIFTY26OCT52700PE,0.00,0.00,0.00,619.10,0.00,619.10,57907.20,379.21,0,0,0,0.00,0,F1,30,,,,,
2026-08-04,2026-08-04,FO,NSE,IDO,49414,,BANKNIFTY,,2026-10-27,2026-10-27,53900.00,PE,BANKNIFTY26OCT53900PE,0.00,0.00,0.00,909.10,0.00,909.10,57907.20,587.24,0,0,0,0.00,0,F1,30,,,,,
2026-08-04,2026-08-04,FO,NSE,IDO,49442,,BANKNIFTY,,2026-10-27,2026-10-27,55000.00,PE,BANKNIFTY26OCT55000PE,345.00,389.40,317.00,363.25,365.00,352.10,57907.20,363.25,3810,3090,140,232508232.00,109,F1,30,,,,,
2026-08-04,2026-08-04,FO,NSE,IDO,49460,,BANKNIFTY,,2026-10-27,2026-10-27,55600.00,PE,BANKNIFTY26OCT55600PE,0.00,0.00,0.00,1461.60,0.00,1461.60,57907.20,1011.68,0,0,0,0.00,0,F1,30,,,,,
2026-08-04,2026-08-04,FO,NSE,IDO,49464,,BANKNIFTY,,2026-10-27,2026-10-27,55800.00,PE,BANKNIFTY26OCT55800PE,0.00,0.00,0.00,1538.95,0.00,1538.95,57907.20,1073.06,0,0,0,0.00,0,F1,30,,,,,
2026-08-04,2026-08-04,FO,NSE,IDO,49480,,BANKNIFTY,,2026-10-27,2026-10-27,56500.00,PE,BANKNIFTY26OCT56500PE,0.00,0.00,0.00,1830.30,0.00,1830.30,57907.20,1307.99,0,0,0,0.00,0,F1,30,,,,,
2026-08-04,2026-08-04,FO,NSE,IDO,49492,,BANKNIFTY,,2026-10-27,2026-10-27,56800.00,PE,BANKNIFTY26OCT56800PE,0.00,0.00,0.00,1965.05,0.00,1965.05,57907.20,1418.45,0,0,0,0.00,0,F1,30,,,,,
2026-08-04,2026-08-04,FO,NSE,IDO,49504,,BANKNIFTY,,2026-10-27,2026-10-27,57400.00,PE,BANKNIFTY26OCT57400PE,0.00,0.00,0.00,1400.00,1400.00,1400.00,57907.20,1657.33,30,0,0,0.00,0,F1,30,,,,,
2026-08-04,2026-08-04,FO,NSE,IDO,49510,,BANKNIFTY,,2026-10-27,2026-10-27,57600.00,PE,BANKNIFTY26OCT57600PE,0.00,0.00,0.00,2353.15,0.00,2353.15,57907.20,1742.33,0,0,0,0.00,0,F1,30,,,,,
2026-08-04,2026-08-04,FO,NSE,IDO,49546,,BANKNIFTY,,2026-10-27,2026-10-27,59000.00,PE,BANKNIFTY26OCT59000PE,1655.10,1692.60,1655.10,1665.00,1665.00,1545.00,57907.20,2412.73,660,360,22,40041021.00,19,F1,30,,,,,
2026-08-04,2026-08-04,FO,NSE,IDO,49553,,BANKNIFTY,,2026-10-27,2026-10-27,59200.00,PE,BANKNIFTY26OCT59200PE,0.00,0.00,0.00,3253.65,0.00,3253.65,57907.20,2519.27,0,0,0,0.00,0,F1,30,,,,,
2026-08-04,2026-08-04,FO,NSE,IDO,49557,,BANKNIFTY,,2026-10-27,2026-10-27,59300.00,PE,BANKNIFTY26OCT59300PE,0.00,0.00,0.00,3315.25,0.00,3315.25,57907.20,2573.53,0,0,0,0.00,0,F1,30,,,,,
2026-08-04,2026-08-04,FO,NSE,IDO,49560,,BANKNIFTY,,2026-10-27,2026-10-27,59400.00,PE,BANKNIFTY26OCT59400PE,0.00,0.00,0.00,3377.45,0.00,3377.45,57907.20,2628.45,0,0,0,0.00,0,F1,30,,,,,
2026-08-04,2026-08-04,FO,NSE,IDO,49604,,BANKNIFTY,,2026-10-27,2026-10-27,61400.00,PE,BANKNIFTY26OCT61400PE,0.00,0.00,0.00,4740.05,0.00,4740.05,57907.20,3859.64,0,0,0,0.00,0,F1,30,,,,,
2026-08-04,2026-08-04,FO,NSE,IDO,49608,,BANKNIFTY,,2026-10-27,2026-10-27,61500.00,PE,BANKNIFTY26OCT61500PE,0.00,0.00,0.00,4816.30,0.00,4816.30,57907.20,3927.51,0,0,0,0.00,0,F1,30,,,,,
2026-08-04,2026-08-04,FO,NSE,IDO,49620,,BANKNIFTY,,2026-10-27,2026-10-27,62000.00,PE,BANKNIFTY26OCT62000PE,0.00,0.00,0.00,5192.60,0.00,5192.60,57907.20,4275.23,0,0,0,0.00,0,F1,30,,,,,
2026-08-04,2026-08-04,FO,NSE,IDO,49640,,BANKNIFTY,,2026-10-27,2026-10-27,62700.00,PE,BANKNIFTY26OCT62700PE,0.00,0.00,0.00,5735.35,0.00,5735.35,57907.20,4787.22,0,0,0,0.00,0,F1,30,,,,,
2026-08-04,2026-08-04,FO,NSE,IDO,58816,,BANKNIFTY,,2026-08-25,2026-08-25,49200.00,CE,BANKNIFTY26AUG49200CE,0.00,0.00,0.00,6926.65,0.00,6926.65,57907.20,8879.30,0,0,0,0.00,0,F1,30,,,,,
2026-08-04,2026-08-04,FO,NSE,IDO,58766,,BANKNIFTY,,2026-08-25,2026-08-25,48000.00,CE,BANKNIFTY26AUG48000CE,9957.85,9957.85,9570.00,9570.00,9570.00,9876.25,57907.20,10074.85,4470,-60,37,64136494.50,37,F1,30,,,,,
2026-08-04,2026-08-04,FO,NSE,IDO,76418,,BANKNIFTY,,2027-03-30,2027-03-30,60000.00,PE,BANKNIFTY27MAR60000PE,0.00,0.00,0.00,7507.95,0.00,7507.95,57907.20,3651.28,0,0,0,0.00,0,F1,30,,,,,
2026-08-04,2026-08-04,FO,NSE,IDO,76401,,BANKNIFTY,,2027-03-30,2027-03-30,58500.00,PE,BANKNIFTY27MAR58500PE,0.00,0.00,0.00,6512.10,0.00,6512.10,57907.20,2953.13,0,0,0,0.00,0,F1,30,,,,,
2026-08-04,2026-08-04,FO,NSE,IDO,76399,,BANKNIFTY,,2027-03-30,2027-03-30,57000.00,PE,BANKNIFTY27MAR57000PE,1150.00,1250.00,1112.40,1220.00,1220.00,1159.70,57907.20,2341.57,540,240,12,20948976.00,11,F1,30,,,,,
2026-08-04,2026-08-04,FO,NSE,IDO,53229,,BANKNIFTY,,2026-12-29,2026-12-29,57000.00,PE,BANKNIFTY26DEC57000PE,1000.00,1112.00,952.35,1054.55,1050.30,1009.80,57907.20,1054.55,14460,1050,171,297749926.50,139,F1,30,,,,,
2026-08-04,2026-08-04,FO,NSE,IDO,49654,,BANKNIFTY,,2026-10-27,2026-10-27,63300.00,PE,BANKNIFTY26OCT63300PE,0.00,0.00,0.00,6218.60,0.00,6218.60,57907.20,5241.27,0,0,0,0.00,0,F1,30,,,,,
2026-08-04,2026-08-04,FO,NSE,IDO,49616,,BANKNIFTY,,2026-10-27,2026-10-27,61800.00,PE,BANKNIFTY26OCT61800PE,0.00,0.00,0.00,5040.70,0.00,5040.70,57907.20,4134.50,0,0,0,0.00,0,F1,30,,,,,
2026-08-04,2026-08-04,FO,NSE,IDO,49600,,BANKNIFTY,,2026-10-27,2026-10-27,61200.00,PE,BANKNIFTY26OCT61200PE,0.00,0.00,0.00,4594.15,0.00,4594.15,57907.20,3725.61,0,0,0,0.00,0,F1,30,,,,,
2026-08-04,2026-08-04,FO,NSE,IDO,49594,,BANKNIFTY,,2026-10-27,2026-10-27,60900.00,PE,BANKNIFTY26OCT60900PE,0.00,0.00,0.00,4379.15,0.00,4379.15,57907.20,3528.93,0,0,0,0.00,0,F1,30,,,,,
2026-08-04,2026-08-04,FO,NSE,IDO,49538,,BANKNIFTY,,2026-10-27,2026-10-27,58600.00,PE,BANKNIFTY26OCT58600PE,0.00,0.00,0.00,2897.05,0.00,2897.05,57907.20,2207.66,0,0,0,0.00,0,F1,30,,,,,
2026-08-04,2026-08-04,FO,NSE,IDO,49512,,BANKNIFTY,,2026-10-27,2026-10-27,57700.00,PE,BANKNIFTY26OCT57700PE,2300.00,2300.00,2300.00,2300.00,2300.00,2404.65,57907.20,1785.84,60,60,2,3600000.00,1,F1,30,,,,,
2026-08-04,2026-08-04,FO,NSE,IDO,49486,,BANKNIFTY,,2026-10-27,2026-10-27,56600.00,PE,BANKNIFTY26OCT56600PE,0.00,0.00,0.00,1874.55,0.00,1874.55,57907.20,1344.15,0,0,0,0.00,0,F1,30,,,,,
2026-08-04,2026-08-04,FO,NSE,IDO,49420,,BANKNIFTY,,2026-10-27,2026-10-27,54200.00,PE,BANKNIFTY26OCT54200PE,0.00,0.00,0.00,991.55,0.00,991.55,57907.20,650.45,0,0,0,0.00,0,F1,30,,,,,
2026-08-04,2026-08-04,FO,NSE,IDO,49416,,BANKNIFTY,,2026-10-27,2026-10-27,54000.00,PE,BANKNIFTY26OCT54000PE,0.00,0.00,0.00,936.70,0.00,936.70,57907.20,607.78,0,0,0,0.00,0,F1,30,,,,,
2026-08-04,2026-08-04,FO,NSE,IDO,49376,,BANKNIFTY,,2026-10-27,2026-10-27,52400.00,PE,BANKNIFTY26OCT52400PE,0.00,0.00,0.00,559.00,0.00,559.00,57907.20,337.41,0,0,0,0.00,0,F1,30,,,,,
2026-08-04,2026-08-04,FO,NSE,IDO,70120,,BANKNIFTY,,2026-09-29,2026-09-29,64200.00,PE,BANKNIFTY26SEP64200PE,0.00,0.00,0.00,6327.50,0.00,6327.50,57907.20,5960.45,0,0,0,0.00,0,F1,30,,,,,
2026-08-04,2026-08-04,FO,NSE,IDO,70085,,BANKNIFTY,,2026-09-29,2026-09-29,62400.00,PE,BANKNIFTY26SEP62400PE,0.00,0.00,0.00,4929.15,0.00,4929.15,57907.20,4459.42,0,0,0,0.00,0,F1,30,,,,,
2026-08-04,2026-08-04,FO,NSE,IDO,70083,,BANKNIFTY,,2026-09-29,2026-09-29,62300.00,PE,BANKNIFTY26SEP62300PE,0.00,0.00,0.00,4853.00,0.00,4853.00,57907.20,4380.70,0,0,0,0.00,0,F1,30,,,,,
2026-08-04,2026-08-04,FO,NSE,IDO,70018,,BANKNIFTY,,2026-09-29,2026-09-29,60400.00,PE,BANKNIFTY26SEP60400PE,0.00,0.00,0.00,3552.70,0.00,3552.70,57907.20,3001.28,0,0,0,0.00,0,F1,30,,,,,
2026-08-04,2026-08-04,FO,NSE,IDO,70014,,BANKNIFTY,,2026-09-29,2026-09-29,60200.00,PE,BANKNIFTY26SEP60200PE,0.00,0.00,0.00,3427.35,0.00,3427.35,57907.20,2870.51,0,0,0,0.00,0,F1,30,,,,,
2026-08-04,2026-08-04,FO,NSE,IDO,69782,,BANKNIFTY,,2026-09-29,2026-09-29,55700.00,PE,BANKNIFTY26SEP55700PE,0.00,0.00,0.00,1108.15,1108.15,1108.15,57907.20,775.20,30,0,0,0.00,0,F1,30,,,,,
2026-08-04,2026-08-04,FO,NSE,IDO,69768,,BANKNIFTY,,2026-09-29,2026-09-29,55000.00,PE,BANKNIFTY26SEP55000PE,252.30,293.20,212.00,266.20,269.15,246.35,57907.20,266.20,94920,27870,2342,3882270831.00,1130,F1,30,,,,,
2026-08-04,2026-08-04,FO,NSE,IDO,69695,,BANKNIFTY,,2026-09-29,2026-09-29,53500.00,PE,BANKNIFTY26SEP53500PE,121.95,147.15,109.80,136.05,136.35,126.60,57907.20,136.05,6420,840,151,242951700.00,113,F1,30,,,,,
2026-08-04,2026-08-04,FO,NSE,IDO,69663,,BANKNIFTY,,2026-09-29,2026-09-29,51800.00,PE,BANKNIFTY26SEP51800PE,0.00,0.00,0.00,364.20,0.00,364.20,57907.20,133.08,0,0,0,0.00,0,F1,30,,,,,
2026-08-04,2026-08-04,FO,NSE,IDO,59271,,BANKNIFTY,,2026-08-25,2026-08-25,62500.00,PE,BANKNIFTY26AUG62500PE,0.00,0.00,0.00,4510.05,4510.05,4510.05,57907.20,4471.12,3150,0,0,0.00,0,F1,30,,,,,
2026-08-04,2026-08-04,FO,NSE,IDO,59238,,BANKNIFTY,,2026-08-25,2026-08-25,61400.00,PE,BANKNIFTY26AUG61400PE,0.00,0.00,0.00,6041.20,0.00,6041.20,57907.20,3481.19,0,0,0,0.00,0,F1,30,,,,,
2026-08-04,2026-08-04,FO,NSE,IDO,59203,,BANKNIFTY,,2026-08-25,2026-08-25,60500.00,PE,BANKNIFTY26AUG60500PE,2540.00,2880.00,2540.00,2798.90,2774.05,2651.70,57907.20,2798.90,13290,240,39,74042277.00,27,F1,30,,,,,
2026-08-04,2026-08-04,FO,NSE,IDO,59144,,BANKNIFTY,,2026-08-25,2026-08-25,58900.00,PE,BANKNIFTY26AUG58900PE,1275.00,1509.75,1168.00,1425.45,1421.50,1341.00,57907.20,1425.45,2400,-30,73,131981173.50,68,F1,30,,,,,
2026-08-04,2026-08-04,FO,NSE,IDO,59118,,BANKNIFTY,,2026-08-25,2026-08-25,58200.00,PE,BANKNIFTY26AUG58200PE,900.00,1069.75,744.50,956.25,945.65,862.00,57907.20,956.25,37440,7770,7038,12477660105.00,5735,F1,30,,,,,
2026-08-04,2026-08-04,FO,NSE,IDO,59097,,BANKNIFTY,,2026-08-25,2026-08-25,57800.00,PE,BANKNIFTY26AUG57800PE,697.80,844.00,562.05,746.30,745.05,674.40,57907.20,746.30,115110,-18570,49466,86776091770.50,38692,F1,30,,,,,
2026-08-04,2026-08-04,FO,NSE,IDO,59084,,BANKNIFTY,,2026-08-25,2026-08-25,57200.00,PE,BANKNIFTY26AUG57200PE,437.15,569.00,355.50,489.30,495.00,438.20,57907.20,489.30,130680,1200,15309,26490170413.50,12118,F1,30,,,,,
2026-08-04,2026-08-04,FO,NSE,IDO,59080,,BANKNIFTY,,2026-08-25,2026-08-25,57000.00,PE,BANKNIFTY26AUG57000PE,443.95,493.60,304.30,422.10,427.85,378.60,57907.20,422.10,924960,-9390,48737,83933491545.00,35441,F1,30,,,,,
2026-08-04,2026-08-04,FO,NSE,IDO,59041,,BANKNIFTY,,2026-08-25,2026-08-25,56000.00,PE,BANKNIFTY26AUG56000PE,166.00,231.05,135.30,192.95,190.90,174.35,57907.20,192.95,598020,-6630,29046,48960284647.50,19383,F1,30,,,,,
2026-08-04,2026-08-04,FO,NSE,IDO,59037,,BANKNIFTY,,2026-08-25,2026-08-25,55900.00,PE,BANKNIFTY26AUG55900PE,163.95,212.00,125.00,176.10,180.20,162.35,57907.20,176.10,34710,1020,2792,4696719417.00,1925,F1,30,,,,,
2026-08-04,2026-08-04,FO,NSE,IDO,58887,,BANKNIFTY,,2026-08-25,2026-08-25,51400.00,PE,BANKNIFTY26AUG51400PE,14.90,17.85,10.10,13.90,16.00,16.55,57907.20,13.90,1860,450,41,63240432.00,16,F1,30,,,,,
2026-08-04,2026-08-04,FO,NSE,IDO,58869,,BANKNIFTY,,2026-08-25,2026-08-25,50500.00,PE,BANKNIFTY26AUG50500PE,12.50,16.55,9.30,14.35,15.70,12.45,57907.20,14.35,25470,-630,336,509175034.50,219,F1,30,,,,,
2026-08-04,2026-08-04,FO,NSE,IDO,70786,,BANKNIFTY,,2027-06-29,2027-06-29,54000.00,CE,BANKNIFTY27JUN54000CE,0.00,0.00,0.00,8730.20,0.00,8730.20,57907.20,8669.94,0,0,0,0.00,0,F1,30,,,,,
2026-08-04,2026-08-04,FO,NSE,IDO,53246,,BANKNIFTY,,2026-12-29,2026-12-29,63000.00,CE,BANKNIFTY26DEC63000CE,599.05,605.20,533.35,547.75,547.75,589.25,57907.20,1710.75,16590,-1050,95,181131250.50,48,F1,30,,,,,
2026-08-04,2026-08-04,FO,NSE,IDO,53222,,BANKNIFTY,,2026-12-29,2026-12-29,52500.00,CE,BANKNIFTY26DEC52500CE,0.00,0.00,0.00,10279.15,0.00,10279.15,57907.20,7446.69,0,0,0,0.00,0,F1,30,,,,,
2026-08-04,2026-08-04,FO,NSE,IDO,49629,,BANKNIFTY,,2026-10-27,2026-10-27,62500.00,CE,BANKNIFTY26OCT62500CE,0.00,0.00,0.00,771.80,0.00,771.80,57907.20,985.39,0,0,0,0.00,0,F1,30,,,,,
2026-08-04,2026-08-04,FO,NSE,IDO,49550,,BANKNIFTY,,2026-10-27,2026-10-27,59200.00,CE,BANKNIFTY26OCT59200CE,0.00,0.00,0.00,1698.45,0.00,1698.45,57907.20,2116.18,0,0,0,0.00,0,F1,30,,,,,
2026-08-04,2026-08-04,FO,NSE,IDO,49547,,BANKNIFTY,,2026-10-27,2026-10-27,59100.00,CE,BANKNIFTY26OCT59100CE,0.00,0.00,0.00,1735.95,0.00,1735.95,57907.20,2161.08,0,0,0,0.00,0,F1,30,,,,,
2026-08-04,2026-08-04,FO,NSE,IDO,49533,,BANKNIFTY,,2026-10-27,2026-10-27,58600.00,CE,BANKNIFTY26OCT58600CE,0.00,0.00,0.00,1932.80,0.00,1932.80,57907.20,2395.55,0,0,0,0.00,0,F1,30,,,,,
2026-08-04,2026-08-04,FO,NSE,IDO,49493,,BANKNIFTY,,2026-10-27,2026-10-27,56900.00,CE,BANKNIFTY26OCT56900CE,0.00,0.00,0.00,2721.50,0.00,2721.50,57907.20,3318.94,0,0,0,0.00,0,F1,30,,,,,
2026-08-04,2026-08-04,FO,NSE,IDO,49473,,BANKNIFTY,,2026-10-27,2026-10-27,56300.00,CE,BANKNIFTY26OCT56300CE,0.00,0.00,0.00,3044.95,0.00,3044.95,57907.20,3690.97,0,0,0,0.00,0,F1,30,,,,,
2026-08-04,2026-08-04,FO,NSE,IDO,49467,,BANKNIFTY,,2026-10-27,2026-10-27,56000.00,CE,BANKNIFTY26OCT56000CE,0.00,0.00,0.00,3215.60,0.00,3215.60,57907.20,3885.79,0,0,0,0.00,0,F1,30,,,,,
2026-08-04,2026-08-04,FO,NSE,IDO,49465,,BANKNIFTY,,2026-10-27,2026-10-27,55900.00,CE,BANKNIFTY26OCT55900CE,0.00,0.00,0.00,3273.80,0.00,3273.80,57907.20,3952.02,0,0,0,0.00,0,F1,30,,,,,
2026-08-04,2026-08-04,FO,NSE,IDO,49435,,BANKNIFTY,,2026-10-27,2026-10-27,54900.00,CE,BANKNIFTY26OCT54900CE,0.00,0.00,0.00,3891.30,0.00,3891.30,57907.20,4651.46,0,0,0,0.00,0,F1,30,,,,,
2026-08-04,2026-08-04,FO,NSE,IDO,49415,,BANKNIFTY,,2026-10-27,2026-10-27,54000.00,CE,BANKNIFTY26OCT54000CE,0.00,0.00,0.00,4503.35,0.00,4503.35,57907.20,5326.54,0,0,0,0.00,0,F1,30,,,,,
2026-08-04,2026-08-04,FO,NSE,IDO,49401,,BANKNIFTY,,2026-10-27,2026-10-27,53400.00,CE,BANKNIFTY26OCT53400CE,0.00,0.00,0.00,4935.25,0.00,4935.25,57907.20,5801.92,0,0,0,0.00,0,F1,30,,,,,
2026-08-04,2026-08-04,FO,NSE,IDO,49371,,BANKNIFTY,,2026-10-27,2026-10-27,52200.00,CE,BANKNIFTY26OCT52200CE,0.00,0.00,0.00,5861.05,0.00,5861.05,57907.20,6803.31,0,0,0,0.00,0,F1,30,,,,,
2026-08-04,2026-08-04,FO,NSE,IDO,70107,,BANKNIFTY,,2026-09-29,2026-09-29,63600.00,CE,BANKNIFTY26SEP63600CE,0.00,0.00,0.00,764.35,0.00,764.35,57907.20,389.97,0,0,0,0.00,0,F1,30,,,,,
2026-08-04,2026-08-04,FO,NSE,IDO,70013,,BANKNIFTY,,2026-09-29,2026-09-29,60200.00,CE,BANKNIFTY26SEP60200CE,0.00,0.00,0.00,1693.65,0.00,1693.65,57907.20,1182.39,0,0,0,0.00,0,F1,30,,,,,
2026-08-04,2026-08-04,FO,NSE,IDO,69994,,BANKNIFTY,,2026-09-29,2026-09-29,59700.00,CE,BANKNIFTY26SEP59700CE,0.00,0.00,0.00,1882.85,0.00,1882.85,57907.20,1363.60,0,0,0,0.00,0,F1,30,,,,,
2026-08-04,2026-08-04,FO,NSE,IDO,69797,,BANKNIFTY,,2026-09-29,2026-09-29,56300.00,CE,BANKNIFTY26SEP56300CE,0.00,0.00,0.00,3583.05,0.00,3583.05,57907.20,3132.44,0,0,0,0.00,0,F1,30,,,,,
2026-08-04,2026-08-04,FO,NSE,IDO,69787,,BANKNIFTY,,2026-09-29,2026-09-29,56000.00,CE,BANKNIFTY26SEP56000CE,2679.05,2709.75,2410.00,2494.95,2499.40,2613.75,57907.20,2494.95,9120,-960,76,133493362.50,46,F1,30,,,,,
2026-08-04,2026-08-04,FO,NSE,IDO,69779,,BANKNIFTY,,2026-09-29,2026-09-29,55600.00,CE,BANKNIFTY26SEP55600CE,0.00,0.00,0.00,4024.15,0.00,4024.15,57907.20,3615.14,0,0,0,0.00,0,F1,30,,,,,
2026-08-04,2026-08-04,FO,NSE,IDO,69769,,BANKNIFTY,,2026-09-29,2026-09-29,55100.00,CE,BANKNIFTY26SEP55100CE,0.00,0.00,0.00,4357.65,0.00,4357.65,57907.20,3978.93,0,0,0,0.00,0,F1,30,,,,,
2026-08-04,2026-08-04,FO,NSE,IDO,69761,,BANKNIFTY,,2026-09-29,2026-09-29,54700.00,CE,BANKNIFTY26SEP54700CE,0.00,0.00,0.00,4637.60,0.00,4637.60,57907.20,4283.73,0,0,0,0.00,0,F1,30,,,,,
2026-08-04,2026-08-04,FO,NSE,IDO,52286,,BANKNIFTY,,2026-09-29,2026-09-29,54000.00,CE,BANKNIFTY26SEP54000CE,4401.00,4440.00,4070.00,4185.75,4181.75,4267.60,57907.20,4185.75,11520,4500,170,297020301.00,79,F1,30,,,,,
2026-08-04,2026-08-04,FO,NSE,IDO,69678,,BANKNIFTY,,2026-09-29,2026-09-29,52700.00,CE,BANKNIFTY26SEP52700CE,0.00,0.00,0.00,6155.30,0.00,6155.30,57907.20,5949.77,0,0,0,0.00,0,F1,30,,,,,
2026-08-04,2026-08-04,FO,NSE,IDO,69664,,BANKNIFTY,,2026-09-29,2026-09-29,51900.00,CE,BANKNIFTY26SEP51900CE,0.00,0.00,0.00,6817.05,0.00,6817.05,57907.20,6669.05,0,0,0,0.00,0,F1,30,,,,,
2026-08-04,2026-08-04,FO,NSE,IDO,59386,,BANKNIFTY,,2026-08-25,2026-08-25,66000.00,CE,BANKNIFTY26AUG66000CE,3.50,3.85,3.10,3.25,3.15,3.45,57907.20,3.25,76860,570,2566,5080941466.50,1206,F1,30,,,,,
2026-08-04,2026-08-04,FO,NSE,IDO,59317,,BANKNIFTY,,2026-08-25,2026-08-25,64000.00,CE,BANKNIFTY26AUG64000CE,7.15,7.60,6.15,6.55,6.85,6.80,57907.20,6.55,33120,3000,891,1710901768.50,479,F1,30,,,,,
2026-08-04,2026-08-04,FO,NSE,IDO,59286,,BANKNIFTY,,2026-08-25,2026-08-25,63000.00,CE,BANKNIFTY26AUG63000CE,8.30,9.20,6.05,8.05,8.00,8.30,57907.20,8.05,188760,3450,3011,5691525603.00,1999,F1,30,,,,,
2026-08-04,2026-08-04,FO,NSE,IDO,59248,,BANKNIFTY,,2026-08-25,2026-08-25,61700.00,CE,BANKNIFTY26AUG61700CE,0.00,0.00,0.00,591.05,0.00,591.05,57907.20,167.01,0,0,0,0.00,0,F1,30,,,,,
2026-08-04,2026-08-04,FO,NSE,IDO,59155,,BANKNIFTY,,2026-08-25,2026-08-25,59500.00,CE,BANKNIFTY26AUG59500CE,148.05,165.25,122.90,134.20,133.25,147.65,57907.20,134.20,405030,-480,24793,44360068044.00,16866,F1,30,,,,,
2026-08-04,2026-08-04,FO,NSE,IDO,59141,,BANKNIFTY,,2026-08-25,2026-08-25,58900.00,CE,BANKNIFTY26AUG58900CE,250.05,311.00,230.00,250.75,249.50,279.10,57907.20,250.75,49410,12090,6363,11295142582.50,5058,F1,30,,,,,
2026-08-04,2026-08-04,FO,NSE,IDO,59088,,BANKNIFTY,,2026-08-25,2026-08-25,57400.00,CE,BANKNIFTY26AUG57400CE,975.00,1055.60,818.90,882.60,876.05,955.00,57907.20,882.60,132960,32430,17694,30933143797.50,13755,F1,30,,,,,
2026-08-04,2026-08-04,FO,NSE,IDO,59049,,BANKNIFTY,,2026-08-25,2026-08-25,56400.00,CE,BANKNIFTY26AUG56400CE,1775.00,1787.05,1480.75,1571.65,1581.50,1665.45,57907.20,1571.65,11730,-12150,805,1401036345.00,363,F1,30,,,,,
2026-08-04,2026-08-04,FO,NSE,IDO,58984,,BANKNIFTY,,2026-08-25,2026-08-25,54300.00,CE,BANKNIFTY26AUG54300CE,0.00,0.00,0.00,3550.00,3550.00,3550.00,57907.20,3909.25,30,0,0,0.00,0,F1,30,,,,,
2026-08-04,2026-08-04,FO,NSE,IDO,58978,,BANKNIFTY,,2026-08-25,2026-08-25,54000.00,CE,BANKNIFTY26AUG54000CE,3810.65,4008.00,3600.00,3710.00,3710.00,3835.75,57907.20,4183.49,51480,-4200,224,388523809.50,127,F1,30,,,,,
2026-08-04,2026-08-04,FO,NSE,IDO,58948,,BANKNIFTY,,2026-08-25,2026-08-25,53200.00,CE,BANKNIFTY26AUG53200CE,0.00,0.00,0.00,4328.15,4328.15,4328.15,57907.20,4935.80,30,0,0,0.00,0,F1,30,,,,,
2026-08-04,2026-08-04,FO,NSE,IDO,58910,,BANKNIFTY,,2026-08-25,2026-08-25,51700.00,CE,BANKNIFTY26AUG51700CE,0.00,0.00,0.00,4912.25,0.00,4912.25,57907.20,6396.58,0,0,0,0.00,0,F1,30,,,,,
2026-08-04,2026-08-04,FO,NSE,IDO,58874,,BANKNIFTY,,2026-08-25,2026-08-25,50800.00,CE,BANKNIFTY26AUG50800CE,0.00,0.00,0.00,5602.30,0.00,5602.30,57907.20,7287.52,0,0,0,0.00,0,F1,30,,,,,
2026-08-04,2026-08-04,FO,NSE,IDO,58860,,BANKNIFTY,,2026-08-25,2026-08-25,50200.00,CE,BANKNIFTY26AUG50200CE,0.00,0.00,0.00,6085.35,0.00,6085.35,57907.20,7883.80,0,0,0,0.00,0,F1,30,,,,,
2026-08-04,2026-08-04,FO,NSE,IDO,58850,,BANKNIFTY,,2026-08-25,2026-08-25,49900.00,CE,BANKNIFTY26AUG49900CE,0.00,0.00,0.00,6333.25,0.00,6333.25,57907.20,8182.30,0,0,0,0.00,0,F1,30,,,,,
2026-08-04,2026-08-04,FO,NSE,IDO,59058,,BANKNIFTY,,2026-08-25,2026-08-25,56600.00,PE,BANKNIFTY26AUG56600PE,290.05,367.25,220.00,309.60,313.00,276.60,57907.20,309.60,62430,4200,6359,10854892983.00,5175,F1,30,,,,,
2026-08-04,2026-08-04,FO,NSE,IDO,53225,,BANKNIFTY,,2026-12-29,2026-12-29,54000.00,PE,BANKNIFTY26DEC54000PE,423.85,471.00,401.00,442.20,440.00,434.70,57907.20,442.20,19380,780,125,204153559.50,82,F1,30,,,,,
2026-08-04,2026-08-04,FO,NSE,IDO,53221,,BANKNIFTY,,2026-12-29,2026-12-29,51000.00,PE,BANKNIFTY26DEC51000PE,180.00,190.00,150.00,190.00,190.00,192.00,57907.20,429.10,1590,90,5,7676500.50,5,F1,30,,,,,
2026-08-04,2026-08-04,FO,NSE,IDO,49714,,BANKNIFTY,,2026-10-27,2026-10-27,65500.00,PE,BANKNIFTY26OCT65500PE,0.00,0.00,0.00,8096.85,0.00,8096.85,57907.20,7042.03,0,0,0,0.00,0,F1,30,,,,,
2026-08-04,2026-08-04,FO,NSE,IDO,49700,,BANKNIFTY,,2026-10-27,2026-10-27,65000.00,PE,BANKNIFTY26OCT65000PE,0.00,0.00,0.00,7657.20,0.00,7657.20,57907.20,6617.00,0,0,0,0.00,0,F1,30,,,,,
2026-08-04,2026-08-04,FO,NSE,IDO,49652,,BANKNIFTY,,2026-10-27,2026-10-27,63200.00,PE,BANKNIFTY26OCT63200PE,0.00,0.00,0.00,6137.05,0.00,6137.05,57907.20,5164.12,0,0,0,0.00,0,F1,30,,,,,
2026-08-04,2026-08-04,FO,NSE,IDO,49637,,BANKNIFTY,,2026-10-27,2026-10-27,62600.00,PE,BANKNIFTY26OCT62600PE,0.00,0.00,0.00,5656.20,0.00,5656.20,57907.20,4712.80,0,0,0,0.00,0,F1,30,,,,,
2026-08-04,2026-08-04,FO,NSE,IDO,49549,,BANKNIFTY,,2026-10-27,2026-10-27,59100.00,PE,BANKNIFTY26OCT59100PE,0.00,0.00,0.00,3192.70,0.00,3192.70,57907.20,2465.67,0,0,0,0.00,0,F1,30,,,,,
2026-08-04,2026-08-04,FO,NSE,IDO,49450,,BANKNIFTY,,2026-10-27,2026-10-27,55300.00,PE,BANKNIFTY26OCT55300PE,0.00,0.00,0.00,1350.40,0.00,1350.40,57907.20,926.63,0,0,0,0.00,0,F1,30,,,,,
2026-08-04,2026-08-04,FO,NSE,IDO,49434,,BANKNIFTY,,2026-10-27,2026-10-27,54800.00,PE,BANKNIFTY26OCT54800PE,0.00,0.00,0.00,1177.90,0.00,1177.90,57907.20,793.79,0,0,0,0.00,0,F1,30,,,,,
2026-08-04,2026-08-04,FO,NSE,IDO,49380,,BANKNIFTY,,2026-10-27,2026-10-27,52600.00,PE,BANKNIFTY26OCT52600PE,0.00,0.00,0.00,598.55,0.00,598.55,57907.20,364.85,0,0,0,0.00,0,F1,30,,,,,
2026-08-04,2026-08-04,FO,NSE,IDO,70114,,BANKNIFTY,,2026-09-29,2026-09-29,63900.00,PE,BANKNIFTY26SEP63900PE,0.00,0.00,0.00,6084.95,0.00,6084.95,57907.20,5700.39,0,0,0,0.00,0,F1,30,,,,,
2026-08-04,2026-08-04,FO,NSE,IDO,69796,,BANKNIFTY,,2026-09-29,2026-09-29,56200.00,PE,BANKNIFTY26SEP56200PE,472.00,519.85,471.05,473.25,478.00,419.00,57907.20,473.25,4170,600,47,79931794.50,39,F1,30,,,,,
2026-08-04,2026-08-04,FO,NSE,IDO,69794,,BANKNIFTY,,2026-09-29,2026-09-29,56100.00,PE,BANKNIFTY26SEP56100PE,0.00,0.00,0.00,868.95,867.05,868.95,57907.20,895.15,420,0,0,0.00,0,F1,30,,,,,
2026-08-04,2026-08-04,FO,NSE,IDO,69792,,BANKNIFTY,,2026-09-29,2026-09-29,56000.00,PE,BANKNIFTY26SEP56000PE,389.95,474.60,345.95,430.55,429.50,399.25,57907.20,430.55,147720,9000,1989,3366125620.50,1466,F1,30,,,,,
2026-08-04,2026-08-04,FO,NSE,IDO,69766,,BANKNIFTY,,2026-09-29,2026-09-29,54900.00,PE,BANKNIFTY26SEP54900PE,0.00,0.00,0.00,1010.25,0.00,1010.25,57907.20,571.34,0,0,0,0.00,0,F1,30,,,,,
2026-08-04,2026-08-04,FO,NSE,IDO,69760,,BANKNIFTY,,2026-09-29,2026-09-29,54600.00,PE,BANKNIFTY26SEP54600PE,0.00,0.00,0.00,928.20,0.00,928.20,57907.20,505.94,0,0,0,0.00,0,F1,30,,,,,
2026-08-04,2026-08-04,FO,NSE,IDO,69697,,BANKNIFTY,,2026-09-29,2026-09-29,53600.00,PE,BANKNIFTY26SEP53600PE,0.00,0.00,0.00,680.90,0.00,680.90,57907.20,327.90,0,0,0,0.00,0,F1,30,,,,,
2026-08-04,2026-08-04,FO,NSE,IDO,52269,,BANKNIFTY,,2026-09-29,2026-09-29,45000.00,PE,BANKNIFTY26SEP45000PE,14.05,20.00,12.50,19.95,20.00,16.80,57907.20,19.95,6900,-120,20,27010405.50,14,F1,30,,,,,
2026-08-04,2026-08-04,FO,NSE,IDO,59387,,BANKNIFTY,,2026-08-25,2026-08-25,66000.00,PE,BANKNIFTY26AUG66000PE,7979.50,8326.25,7979.50,8315.70,8315.70,8029.25,57907.20,7867.60,20820,1260,42,93387937.50,42,F1,30,,,,,
2026-08-04,2026-08-04,FO,NSE,IDO,59331,,BANKNIFTY,,2026-08-25,2026-08-25,64500.00,PE,BANKNIFTY26AUG64500PE,0.00,0.00,0.00,8716.60,0.00,8716.60,57907.20,6387.84,0,0,0,0.00,0,F1,30,,,,,
2026-08-04,2026-08-04,FO,NSE,IDO,59303,,BANKNIFTY,,2026-08-25,2026-08-25,63600.00,PE,BANKNIFTY26AUG63600PE,0.00,0.00,0.00,7911.60,0.00,7911.60,57907.20,5513.03,0,0,0,0.00,0,F1,30,,,,,
2026-08-04,2026-08-04,FO,NSE,IDO,70246,,BANKNIFTY,,2026-09-29,2026-09-29,65500.00,CE,BANKNIFTY26SEP65500CE,0.00,0.00,0.00,462.70,0.00,462.70,57907.20,188.42,0,0,0,0.00,0,F1,30,,,,,
2026-08-04,2026-08-04,FO,NSE,IDO,70078,,BANKNIFTY,,2026-09-29,2026-09-29,62100.00,CE,BANKNIFTY26SEP62100CE,0.00,0.00,0.00,1102.75,0.00,1102.75,57907.20,655.89,0,0,0,0.00,0,F1,30,,,,,
2026-08-04,2026-08-04,FO,NSE,IDO,70017,,BANKNIFTY,,2026-09-29,2026-09-29,60400.00,CE,BANKNIFTY26SEP60400CE,0.00,0.00,0.00,1622.05,0.00,1622.05,57907.20,1115.17,0,0,0,0.00,0,F1,30,,,,,
2026-08-04,2026-08-04,FO,NSE,IDO,49363,,BANKNIFTY,,2026-10-27,2026-10-27,51800.00,CE,BANKNIFTY26OCT51800CE,0.00,0.00,0.00,6185.60,0.00,6185.60,57907.20,7150.32,0,0,0,0.00,0,F1,30,,,,,
2026-08-04,2026-08-04,FO,NSE,IDO,58975,,BANKNIFTY,,2026-08-25,2026-08-25,53800.00,PE,BANKNIFTY26AUG53800PE,39.20,42.80,29.50,39.15,40.30,39.15,57907.20,39.15,20880,180,450,726811119.00,233,F1,30,,,,,
2026-08-04,2026-08-04,FO,NSE,IDO,58935,,BANKNIFTY,,2026-08-25,2026-08-25,52700.00,PE,BANKNIFTY26AUG52700PE,22.65,26.80,18.45,25.45,25.80,22.05,57907.20,25.45,11280,2340,248,392265706.50,165,F1,30,,,,,
2026-08-04,2026-08-04,FO,NSE,IDO,58813,,BANKNIFTY,,2026-08-25,2026-08-25,49000.00,PE,BANKNIFTY26AUG49000PE,8.95,11.15,7.65,10.65,11.05,10.00,57907.20,10.65,54690,360,676,993913816.50,443,F1,30,,,,,
2026-08-04,2026-08-04,FO,NSE,IDO,58719,,BANKNIFTY,,2026-08-25,2026-08-25,46500.00,PE,BANKNIFTY26AUG46500PE,5.50,6.00,4.50,4.75,4.70,5.00,57907.20,4.75,5130,1380,273,380877603.00,157,F1,30,,,,,
2026-08-04,2026-08-04,FO,NSE,IDO,70804,,BANKNIFTY,,2027-06-29,2027-06-29,66000.00,CE,BANKNIFTY27JUN66000CE,0.00,0.00,0.00,3102.40,0.00,3102.40,57907.20,2882.34,0,0,0,0.00,0,F1,30,,,,,
2026-08-04,2026-08-04,FO,NSE,IDO,53226,,BANKNIFTY,,2026-12-29,2026-12-29,55500.00,CE,BANKNIFTY26DEC55500CE,0.00,0.00,0.00,7987.45,0.00,7987.45,57907.20,5267.50,0,0,0,0.00,0,F1,30,,,,,
2026-08-04,2026-08-04,FO,NSE,IDO,49645,,BANKNIFTY,,2026-10-27,2026-10-27,62900.00,CE,BANKNIFTY26OCT62900CE,0.00,0.00,0.00,695.15,0.00,695.15,57907.20,890.05,0,0,0,0.00,0,F1,30,,,,,
2026-08-04,2026-08-04,FO,NSE,IDO,49615,,BANKNIFTY,,2026-10-27,2026-10-27,61800.00,CE,BANKNIFTY26OCT61800CE,0.00,0.00,0.00,924.50,0.00,924.50,57907.20,1170.48,0,0,0,0.00,0,F1,30,,,,,
2026-08-04,2026-08-04,FO,NSE,IDO,49577,,BANKNIFTY,,2026-10-27,2026-10-27,60200.00,CE,BANKNIFTY26OCT60200CE,0.00,0.00,0.00,1355.75,0.00,1355.75,57907.20,1703.05,0,0,0,0.00,0,F1,30,,,,,
2026-08-04,2026-08-04,FO,NSE,IDO,49565,,BANKNIFTY,,2026-10-27,2026-10-27,59700.00,CE,BANKNIFTY26OCT59700CE,0.00,0.00,0.00,1519.80,0.00,1519.80,57907.20,1901.54,0,0,0,0.00,0,F1,30,,,,,
2026-08-04,2026-08-04,FO,NSE,IDO,49517,,BANKNIFTY,,2026-10-27,2026-10-27,57900.00,CE,BANKNIFTY26OCT57900CE,0.00,0.00,0.00,2234.80,0.00,2234.80,57907.20,2752.28,0,0,0,0.00,0,F1,30,,,,,
2026-08-04,2026-08-04,FO,NSE,IDO,49477,,BANKNIFTY,,2026-10-27,2026-10-27,56400.00,CE,BANKNIFTY26OCT56400CE,0.00,0.00,0.00,2989.40,0.00,2989.40,57907.20,3627.32,0,0,0,0.00,0,F1,30,,,,,
2026-08-04,2026-08-04,FO,NSE,IDO,49469,,BANKNIFTY,,2026-10-27,2026-10-27,56100.00,CE,BANKNIFTY26OCT56100CE,0.00,0.00,0.00,3158.05,0.00,3158.05,57907.20,3820.21,0,0,0,0.00,0,F1,30,,,,,
2026-08-04,2026-08-04,FO,NSE,IDO,49431,,BANKNIFTY,,2026-10-27,2026-10-27,54700.00,CE,BANKNIFTY26OCT54700CE,0.00,0.00,0.00,4022.45,0.00,4022.45,57907.20,4795.99,0,0,0,0.00,0,F1,30,,,,,
2026-08-04,2026-08-04,FO,NSE,IDO,49425,,BANKNIFTY,,2026-10-27,2026-10-27,54500.00,CE,BANKNIFTY26OCT54500CE,0.00,0.00,0.00,4156.10,0.00,4156.10,57907.20,4944.81,0,0,0,0.00,0,F1,30,,,,,
2026-08-04,2026-08-04,FO,NSE,IDO,49375,,BANKNIFTY,,2026-10-27,2026-10-27,52400.00,CE,BANKNIFTY26OCT52400CE,0.00,0.00,0.00,5701.60,0.00,5701.60,57907.20,6632.13,0,0,0,0.00,0,F1,30,,,,,
2026-08-04,2026-08-04,FO,NSE,IDO,59192,,BANKNIFTY,,2026-08-25,2026-08-25,60400.00,CE,BANKNIFTY26AUG60400CE,54.10,58.95,44.70,49.30,49.45,52.80,57907.20,49.30,90960,12330,2834,5139456333.00,1976,F1,30,,,,,
2026-08-04,2026-08-04,FO,NSE,IDO,59082,,BANKNIFTY,,2026-08-25,2026-08-25,57100.00,PE,BANKNIFTY26AUG57100PE,428.95,530.00,329.30,456.20,459.05,408.50,57907.20,456.20,117720,-2010,11272,19456789420.50,8461,F1,30,,,,,
2026-08-04,2026-08-04,FO,NSE,IDO,59125,,BANKNIFTY,,2026-08-25,2026-08-25,58400.00,PE,BANKNIFTY26AUG58400PE,1051.95,1195.00,854.70,1084.05,1090.80,983.55,57907.20,1084.05,14640,2490,2026,3609842416.50,1652,F1,30,,,,,
2026-08-04,2026-08-04,FO,NSE,IDO,59146,,BANKNIFTY,,2026-08-25,2026-08-25,59000.00,PE,BANKNIFTY26AUG59000PE,1387.45,1631.05,1235.70,1508.00,1524.85,1399.45,57907.20,1508.00,323250,-3330,3746,6793230825.00,2653,F1,30,,,,,
2026-08-04,2026-08-04,FO,NSE,IDO,59154,,BANKNIFTY,,2026-08-25,2026-08-25,59400.00,PE,BANKNIFTY26AUG59400PE,0.00,0.00,0.00,1685.40,1685.40,1685.40,57907.20,1918.91,4950,0,0,0.00,0,F1,30,,,,,
2026-08-04,2026-08-04,FO,NSE,IDO,59164,,BANKNIFTY,,2026-08-25,2026-08-25,59800.00,PE,BANKNIFTY26AUG59800PE,2030.00,2030.00,2030.00,2030.00,2030.00,2008.00,57907.20,2198.98,300,-60,2,3709800.00,1,F1,30,,,,,
2026-08-04,2026-08-04,FO,NSE,IDO,59171,,BANKNIFTY,,2026-08-25,2026-08-25,60100.00,PE,BANKNIFTY26AUG60100PE,0.00,0.00,0.00,2287.65,2287.65,2287.65,57907.20,2423.57,210,0,0,0.00,0,F1,30,,,,,
2026-08-04,2026-08-04,FO,NSE,IDO,59227,,BANKNIFTY,,2026-08-25,2026-08-25,61100.00,PE,BANKNIFTY26AUG61100PE,0.00,0.00,0.00,2857.65,2857.65,2857.65,57907.20,3224.19,60,0,0,0.00,0,F1,30,,,,,
2026-08-04,2026-08-04,FO,NSE,IDO,59245,,BANKNIFTY,,2026-08-25,2026-08-25,61500.00,PE,BANKNIFTY26AUG61500PE,3725.00,3842.60,3725.00,3842.60,3842.60,3712.95,57907.20,3568.26,10290,30,3,5873778.00,3,F1,30,,,,,
2026-08-04,2026-08-04,FO,NSE,IDO,59281,,BANKNIFTY,,2026-08-25,2026-08-25,62800.00,PE,BANKNIFTY26AUG62800PE,0.00,0.00,0.00,7213.70,0.00,7213.70,57907.20,4751.25,0,0,0,0.00,0,F1,30,,,,,
2026-08-04,2026-08-04,FO,NSE,IDO,59297,,BANKNIFTY,,2026-08-25,2026-08-25,63300.00,PE,BANKNIFTY26AUG63300PE,0.00,0.00,0.00,7647.80,0.00,7647.80,57907.20,5225.20,0,0,0,0.00,0,F1,30,,,,,
2026-08-04,2026-08-04,FO,NSE,IDO,52273,,BANKNIFTY,,2026-09-29,2026-09-29,48000.00,PE,BANKNIFTY26SEP48000PE,26.80,29.00,23.25,26.85,28.50,26.00,57907.20,26.85,27060,-270,148,213233757.00,79,F1,30,,,,,
2026-08-04,2026-08-04,FO,NSE,IDO,69565,,BANKNIFTY,,2026-09-29,2026-09-29,50000.00,PE,BANKNIFTY26SEP50000PE,33.85,51.75,33.70,45.20,51.75,39.20,57907.20,45.20,22680,6630,348,522447136.50,222,F1,30,,,,,
2026-08-04,2026-08-04,FO,NSE,IDO,69667,,BANKNIFTY,,2026-09-29,2026-09-29,52000.00,PE,BANKNIFTY26SEP52000PE,75.25,82.00,64.20,76.90,76.45,71.70,57907.20,76.90,27930,1920,303,473364438.00,212,F1,30,,,,,
2026-08-04,2026-08-04,FO,NSE,IDO,69673,,BANKNIFTY,,2026-09-29,2026-09-29,52300.00,PE,BANKNIFTY26SEP52300PE,0.00,0.00,0.00,437.60,0.00,437.60,57907.20,173.83,0,0,0,0.00,0,F1,30,,,,,
2026-08-04,2026-08-04,FO,NSE,IDO,69681,,BANKNIFTY,,2026-09-29,2026-09-29,52800.00,PE,BANKNIFTY26SEP52800PE,0.00,0.00,0.00,521.75,0.00,521.75,57907.20,224.11,0,0,0,0.00,0,F1,30,,,,,
2026-08-04,2026-08-04,FO,NSE,IDO,69693,,BANKNIFTY,,2026-09-29,2026-09-29,53400.00,PE,BANKNIFTY26SEP53400PE,0.00,0.00,0.00,638.15,0.00,638.15,57907.20,299.01,0,0,0,0.00,0,F1,30,,,,,
2026-08-04,2026-08-04,FO,NSE,IDO,52335,,BANKNIFTY,,2026-09-29,2026-09-29,57000.00,PE,BANKNIFTY26SEP57000PE,649.05,759.50,573.70,692.15,700.60,649.85,57907.20,692.15,159360,14580,1240,2145839821.50,935,F1,30,,,,,
2026-08-04,2026-08-04,FO,NSE,IDO,69821,,BANKNIFTY,,2026-09-29,2026-09-29,57400.00,PE,BANKNIFTY26SEP57400PE,784.00,902.75,713.00,836.15,828.75,784.00,57907.20,836.15,6450,3390,151,263941510.50,82,F1,30,,,,,
2026-08-04,2026-08-04,FO,NSE,IDO,69916,,BANKNIFTY,,2026-09-29,2026-09-29,59300.00,PE,BANKNIFTY26SEP59300PE,0.00,0.00,0.00,2892.60,0.00,2892.60,57907.20,2319.70,0,0,0,0.00,0,F1,30,,,,,
2026-08-04,2026-08-04,FO,NSE,IDO,69945,,BANKNIFTY,,2026-09-29,2026-09-29,59500.00,PE,BANKNIFTY26SEP59500PE,0.00,0.00,0.00,2707.60,2707.60,2707.60,57907.20,2436.64,420,0,0,0.00,0,F1,30,,,,,
2026-08-04,2026-08-04,FO,NSE,IDO,70034,,BANKNIFTY,,2026-09-29,2026-09-29,61200.00,PE,BANKNIFTY26SEP61200PE,0.00,0.00,0.00,4076.75,0.00,4076.75,57907.20,3552.93,0,0,0,0.00,0,F1,30,,,,,
2026-08-04,2026-08-04,FO,NSE,IDO,70090,,BANKNIFTY,,2026-09-29,2026-09-29,62600.00,PE,BANKNIFTY26SEP62600PE,0.00,0.00,0.00,5077.95,0.00,5077.95,57907.20,4618.50,0,0,0,0.00,0,F1,30,,,,,
2026-08-04,2026-08-04,FO,NSE,IDO,70094,,BANKNIFTY,,2026-09-29,2026-09-29,62800.00,PE,BANKNIFTY26SEP62800PE,0.00,0.00,0.00,5228.65,0.00,5228.65,57907.20,4779.69,0,0,0,0.00,0,F1,30,,,,,
2026-08-04,2026-08-04,FO,NSE,IDO,52405,,BANKNIFTY,,2026-09-29,2026-09-29,63000.00,PE,BANKNIFTY26SEP63000PE,0.00,0.00,0.00,4310.00,4310.00,4310.00,57907.20,4942.90,90,0,0,0.00,0,F1,30,,,,,
2026-08-04,2026-08-04,FO,NSE,IDO,70108,,BANKNIFTY,,2026-09-29,2026-09-29,63600.00,PE,BANKNIFTY26SEP63600PE,0.00,0.00,0.00,5845.90,0.00,5845.90,57907.20,5443.94,0,0,0,0.00,0,F1,30,,,,,
2026-08-04,2026-08-04,FO,NSE,IDO,70247,,BANKNIFTY,,2026-09-29,2026-09-29,65500.00,PE,BANKNIFTY26SEP65500PE,0.00,0.00,0.00,7415.10,0.00,7415.10,57907.20,7123.30,0,0,0,0.00,0,F1,30,,,,,
2026-08-04,2026-08-04,FO,NSE,IDO,49362,,BANKNIFTY,,2026-10-27,2026-10-27,51700.00,PE,BANKNIFTY26OCT51700PE,0.00,0.00,0.00,435.80,0.00,435.80,57907.20,253.80,0,0,0,0.00,0,F1,30,,,,,
2026-08-04,2026-08-04,FO,NSE,IDO,49366,,BANKNIFTY,,2026-10-27,2026-10-27,51900.00,PE,BANKNIFTY26OCT51900PE,0.00,0.00,0.00,468.65,0.00,468.65,57907.20,275.80,0,0,0,0.00,0,F1,30,,,,,
2026-08-04,2026-08-04,FO,NSE,IDO,49390,,BANKNIFTY,,2026-10-27,2026-10-27,53100.00,PE,BANKNIFTY26OCT53100PE,0.00,0.00,0.00,706.45,0.00,706.45,57907.20,441.01,0,0,0,0.00,0,F1,30,,,,,
2026-08-04,2026-08-04,FO,NSE,IDO,49406,,BANKNIFTY,,2026-10-27,2026-10-27,53600.00,PE,BANKNIFTY26OCT53600PE,0.00,0.00,0.00,829.85,0.00,829.85,57907.20,528.70,0,0,0,0.00,0,F1,30,,,,,
2026-08-04,2026-08-04,FO,NSE,IDO,49424,,BANKNIFTY,,2026-10-27,2026-10-27,54400.00,PE,BANKNIFTY26OCT54400PE,0.00,0.00,0.00,1051.20,0.00,1051.20,57907.20,695.29,0,0,0,0.00,0,F1,30,,,,,
2026-08-04,2026-08-04,FO,NSE,IDO,49447,,BANKNIFTY,,2026-10-27,2026-10-27,55200.00,PE,BANKNIFTY26OCT55200PE,0.00,0.00,0.00,1314.65,0.00,1314.65,57907.20,898.87,0,0,0,0.00,0,F1,30,,,,,
2026-08-04,2026-08-04,FO,NSE,IDO,49580,,BANKNIFTY,,2026-10-27,2026-10-27,60300.00,PE,BANKNIFTY26OCT60300PE,0.00,0.00,0.00,3963.40,0.00,3963.40,57907.20,3151.81,0,0,0,0.00,0,F1,30,,,,,
2026-08-04,2026-08-04,FO,NSE,IDO,49644,,BANKNIFTY,,2026-10-27,2026-10-27,62800.00,PE,BANKNIFTY26OCT62800PE,0.00,0.00,0.00,5814.90,0.00,5814.90,57907.20,4862.13,0,0,0,0.00,0,F1,30,,,,,
2026-08-04,2026-08-04,FO,NSE,IDO,49664,,BANKNIFTY,,2026-10-27,2026-10-27,63700.00,PE,BANKNIFTY26OCT63700PE,0.00,0.00,0.00,6548.35,0.00,6548.35,57907.20,5554.35,0,0,0,0.00,0,F1,30,,,,,
2026-08-04,2026-08-04,FO,NSE,IDO,69704,,BANKNIFTY,,2026-09-29,2026-09-29,54100.00,CE,BANKNIFTY26SEP54100CE,0.00,0.00,0.00,5069.65,0.00,5069.65,57907.20,4760.21,0,0,0,0.00,0,F1,30,,,,,
2026-08-04,2026-08-04,FO,NSE,IDO,69694,,BANKNIFTY,,2026-09-29,2026-09-29,53500.00,CE,BANKNIFTY26SEP53500CE,0.00,0.00,0.00,5522.80,0.00,5522.80,57907.20,5257.78,0,0,0,0.00,0,F1,30,,,,,
2026-08-04,2026-08-04,FO,NSE,IDO,76396,,BANKNIFTY,,2027-03-30,2027-03-30,55500.00,CE,BANKNIFTY27MAR55500CE,0.00,0.00,0.00,3363.80,0.00,3363.80,57907.20,6554.62,0,0,0,0.00,0,F1,30,,,,,
2026-08-04,2026-08-04,FO,NSE,IDO,76432,,BANKNIFTY,,2027-03-30,2027-03-30,64500.00,PE,BANKNIFTY27MAR64500PE,0.00,0.00,0.00,10820.75,0.00,10820.75,57907.20,6242.02,0,0,0,0.00,0,F1,30,,,,,
2026-08-04,2026-08-04,FO,NSE,IDO,76397,,BANKNIFTY,,2027-03-30,2027-03-30,55500.00,PE,BANKNIFTY27MAR55500PE,0.00,0.00,0.00,4717.35,0.00,4717.35,57907.20,1816.54,0,0,0,0.00,0,F1,30,,,,,
2026-08-04,2026-08-04,FO,NSE,IDO,76391,,BANKNIFTY,,2027-03-30,2027-03-30,51000.00,PE,BANKNIFTY27MAR51000PE,0.00,0.00,0.00,2587.90,0.00,2587.90,57907.20,728.17,0,0,0,0.00,0,F1,30,,,,,
2026-08-04,2026-08-04,FO,NSE,IDO,76389,,BANKNIFTY,,2027-03-30,2027-03-30,49500.00,PE,BANKNIFTY27MAR49500PE,0.00,0.00,0.00,2038.80,0.00,2038.80,57907.20,505.07,0,0,0,0.00,0,F1,30,,,,,
2026-08-04,2026-08-04,FO,NSE,IDO,53251,,BANKNIFTY,,2026-12-29,2026-12-29,66000.00,PE,BANKNIFTY26DEC66000PE,0.00,0.00,0.00,7592.00,7592.00,7592.00,57907.20,7351.90,60,0,0,0.00,0,F1,30,,,,,
2026-08-04,2026-08-04,FO,NSE,IDO,53227,,BANKNIFTY,,2026-12-29,2026-12-29,55500.00,PE,BANKNIFTY26DEC55500PE,899.95,900.00,695.00,695.00,695.00,1066.65,57907.20,695.00,360,360,17,28693417.50,13,F1,30,,,,,
2026-08-04,2026-08-04,FO,NSE,IDO,49646,,BANKNIFTY,,2026-10-27,2026-10-27,62900.00,PE,BANKNIFTY26OCT62900PE,0.00,0.00,0.00,5894.85,0.00,5894.85,57907.20,4937.53,0,0,0,0.00,0,F1,30,,,,,
2026-08-04,2026-08-04,FO,NSE,IDO,59279,,BANKNIFTY,,2026-08-25,2026-08-25,62700.00,PE,BANKNIFTY26AUG62700PE,0.00,0.00,0.00,7127.80,0.00,7127.80,57907.20,4657.49,0,0,0,0.00,0,F1,30,,,,,
2026-08-04,2026-08-04,FO,NSE,IDO,59225,,BANKNIFTY,,2026-08-25,2026-08-25,61000.00,PE,BANKNIFTY26AUG61000PE,3240.05,3435.80,2970.30,3276.95,3280.95,3162.55,57907.20,3276.95,64830,510,242,465701821.50,130,F1,30,,,,,
2026-08-04,2026-08-04,FO,NSE,IDO,59205,,BANKNIFTY,,2026-08-25,2026-08-25,60600.00,PE,BANKNIFTY26AUG60600PE,0.00,0.00,0.00,3420.45,3420.45,3420.45,57907.20,2811.50,300,0,0,0.00,0,F1,30,,,,,
2026-08-04,2026-08-04,FO,NSE,IDO,59148,,BANKNIFTY,,2026-08-25,2026-08-25,59100.00,PE,BANKNIFTY26AUG59100PE,1400.00,1500.00,1327.95,1500.00,1500.00,1500.00,57907.20,1721.42,1530,-60,14,25419240.00,11,F1,30,,,,,
2026-08-04,2026-08-04,FO,NSE,IDO,59009,,BANKNIFTY,,2026-08-25,2026-08-25,55200.00,PE,BANKNIFTY26AUG55200PE,99.05,121.00,72.00,101.20,102.05,94.25,57907.20,101.20,36900,-2100,2165,3591426489.00,1426,F1,30,,,,,
2026-08-04,2026-08-04,FO,NSE,IDO,59003,,BANKNIFTY,,2026-08-25,2026-08-25,54900.00,PE,BANKNIFTY26AUG54900PE,75.95,96.15,58.45,80.55,82.00,76.20,57907.20,80.55,22590,990,1576,2599355850.00,815,F1,30,,,,,
2026-08-04,2026-08-04,FO,NSE,IDO,58979,,BANKNIFTY,,2026-08-25,2026-08-25,54000.00,PE,BANKNIFTY26AUG54000PE,43.45,49.95,33.40,44.20,45.55,43.45,57907.20,44.20,358560,-3750,15208,24656225686.50,8763,F1,30,,,,,
2026-08-04,2026-08-04,FO,NSE,IDO,58949,,BANKNIFTY,,2026-08-25,2026-08-25,53200.00,PE,BANKNIFTY26AUG53200PE,30.20,34.30,22.80,30.90,31.40,28.80,57907.20,30.90,8520,-2340,369,589235601.00,222,F1,30,,,,,
2026-08-04,2026-08-04,FO,NSE,IDO,58929,,BANKNIFTY,,2026-08-25,2026-08-25,52400.00,PE,BANKNIFTY26AUG52400PE,20.25,24.50,16.45,23.25,22.00,19.40,57907.20,23.25,4230,570,258,405738919.50,149,F1,30,,,,,
2026-08-04,2026-08-04,FO,NSE,IDO,58863,,BANKNIFTY,,2026-08-25,2026-08-25,50300.00,PE,BANKNIFTY26AUG50300PE,12.05,12.05,12.05,12.05,12.05,11.20,57907.20,1.50,600,0,4,6037446.00,1,F1,30,,,,,
2026-08-04,2026-08-04,FO,NSE,IDO,58861,,BANKNIFTY,,2026-08-25,2026-08-25,50200.00,PE,BANKNIFTY26AUG50200PE,12.00,12.50,10.45,11.35,11.35,10.95,57907.20,1.30,870,0,17,25607844.00,16,F1,30,,,,,
2026-08-04,2026-08-04,FO,NSE,IDO,58809,,BANKNIFTY,,2026-08-25,2026-08-25,48800.00,PE,BANKNIFTY26AUG48800PE,11.70,11.70,8.05,9.85,9.85,11.80,57907.20,9.85,1230,0,13,19035784.50,10,F1,30,,,,,
2026-08-04,2026-08-04,FO,NSE,IDO,58755,,BANKNIFTY,,2026-08-25,2026-08-25,47500.00,PE,BANKNIFTY26AUG47500PE,7.45,7.90,5.50,5.95,5.60,7.45,57907.20,5.95,14250,1230,1700,2422816645.50,708,F1,30,,,,,
2026-08-04,2026-08-04,FO,NSE,IDO,76419,,BANKNIFTY,,2027-03-30,2027-03-30,61500.00,CE,BANKNIFTY27MAR61500CE,0.00,0.00,0.00,1629.75,0.00,1629.75,57907.20,3424.84,0,0,0,0.00,0,F1,30,,,,,
2026-08-04,2026-08-04,FO,NSE,IDO,76400,,BANKNIFTY,,2027-03-30,2027-03-30,58500.00,CE,BANKNIFTY27MAR58500CE,0.00,0.00,0.00,2367.80,0.00,2367.80,57907.20,4817.20,0,0,0,0.00,0,F1,30,,,,,
2026-08-04,2026-08-04,FO,NSE,IDO,49618,,BANKNIFTY,,2026-10-27,2026-10-27,61900.00,PE,BANKNIFTY26OCT61900PE,0.00,0.00,0.00,5116.40,0.00,5116.40,57907.20,4204.59,0,0,0,0.00,0,F1,30,,,,,
2026-08-04,2026-08-04,FO,NSE,IDO,49564,,BANKNIFTY,,2026-10-27,2026-10-27,59600.00,PE,BANKNIFTY26OCT59600PE,0.00,0.00,0.00,3503.60,0.00,3503.60,57907.20,2740.24,0,0,0,0.00,0,F1,30,,,,,
2026-08-04,2026-08-04,FO,NSE,IDO,49524,,BANKNIFTY,,2026-10-27,2026-10-27,58100.00,PE,BANKNIFTY26OCT58100PE,0.00,0.00,0.00,2617.10,0.00,2617.10,57907.20,1966.66,0,0,0,0.00,0,F1,30,,,,,
2026-08-04,2026-08-04,FO,NSE,IDO,49502,,BANKNIFTY,,2026-10-27,2026-10-27,57300.00,PE,BANKNIFTY26OCT57300PE,0.00,0.00,0.00,2202.80,0.00,2202.80,57907.20,1615.84,0,0,0,0.00,0,F1,30,,,,,
2026-08-04,2026-08-04,FO,NSE,IDO,49476,,BANKNIFTY,,2026-10-27,2026-10-27,56300.00,PE,BANKNIFTY26OCT56300PE,0.00,0.00,0.00,1743.75,0.00,1743.75,57907.20,1237.64,0,0,0,0.00,0,F1,30,,,,,
2026-08-04,2026-08-04,FO,NSE,IDO,52421,,BANKNIFTY,,2026-09-29,2026-09-29,66000.00,PE,BANKNIFTY26SEP66000PE,0.00,0.00,0.00,8825.75,0.00,8825.75,57907.20,7583.50,0,0,0,0.00,0,F1,30,,,,,
2026-08-04,2026-08-04,FO,NSE,IDO,70102,,BANKNIFTY,,2026-09-29,2026-09-29,63300.00,PE,BANKNIFTY26SEP63300PE,0.00,0.00,0.00,5610.45,0.00,5610.45,57907.20,5191.36,0,0,0,0.00,0,F1,30,,,,,
2026-08-04,2026-08-04,FO,NSE,IDO,70096,,BANKNIFTY,,2026-09-29,2026-09-29,62900.00,PE,BANKNIFTY26SEP62900PE,0.00,0.00,0.00,5304.65,0.00,5304.65,57907.20,4861.05,0,0,0,0.00,0,F1,30,,,,,
2026-08-04,2026-08-04,FO,NSE,IDO,70079,,BANKNIFTY,,2026-09-29,2026-09-29,62100.00,PE,BANKNIFTY26SEP62100PE,0.00,0.00,0.00,4707.30,0.00,4707.30,57907.20,4224.93,0,0,0,0.00,0,F1,30,,,,,
2026-08-04,2026-08-04,FO,NSE,IDO,70046,,BANKNIFTY,,2026-09-29,2026-09-29,61800.00,PE,BANKNIFTY26SEP61800PE,0.00,0.00,0.00,4492.50,0.00,4492.50,57907.20,3997.75,0,0,0,0.00,0,F1,30,,,,,
2026-08-04,2026-08-04,FO,NSE,IDO,70003,,BANKNIFTY,,2026-09-29,2026-09-29,59800.00,PE,BANKNIFTY26SEP59800PE,0.00,0.00,0.00,3183.70,0.00,3183.70,57907.20,2617.97,0,0,0,0.00,0,F1,30,,,,,
2026-08-04,2026-08-04,FO,NSE,IDO,69993,,BANKNIFTY,,2026-09-29,2026-09-29,59600.00,PE,BANKNIFTY26SEP59600PE,0.00,0.00,0.00,3065.45,0.00,3065.45,57907.20,2496.30,0,0,0,0.00,0,F1,30,,,,,
2026-08-04,2026-08-04,FO,NSE,IDO,69846,,BANKNIFTY,,2026-09-29,2026-09-29,58200.00,PE,BANKNIFTY26SEP58200PE,1140.45,1192.90,1026.30,1192.90,1192.90,1109.40,57907.20,1734.77,3810,150,17,30248034.00,13,F1,30,,,,,
2026-08-04,2026-08-04,FO,NSE,IDO,69823,,BANKNIFTY,,2026-09-29,2026-09-29,57500.00,PE,BANKNIFTY26SEP57500PE,819.30,944.50,728.15,873.10,869.50,819.30,57907.20,873.10,47220,10980,981,1717541491.50,799,F1,30,,,,,
2026-08-04,2026-08-04,FO,NSE,IDO,69812,,BANKNIFTY,,2026-09-29,2026-09-29,56900.00,PE,BANKNIFTY26SEP56900PE,0.00,0.00,0.00,882.80,882.80,882.80,57907.20,1172.51,1860,0,0,0.00,0,F1,30,,,,,
2026-08-04,2026-08-04,FO,NSE,IDO,69804,,BANKNIFTY,,2026-09-29,2026-09-29,56600.00,PE,BANKNIFTY26SEP56600PE,542.45,595.00,482.40,578.30,578.65,549.90,57907.20,578.30,5340,540,51,87436143.00,39,F1,30,,,,,
2026-08-04,2026-08-04,FO,NSE,IDO,69778,,BANKNIFTY,,2026-09-29,2026-09-29,55400.00,PE,BANKNIFTY26SEP55400PE,0.00,0.00,0.00,1163.10,1163.10,1163.10,57907.20,695.82,30,0,0,0.00,0,F1,30,,,,,
2026-08-04,2026-08-04,FO,NSE,IDO,69709,,BANKNIFTY,,2026-09-29,2026-09-29,54300.00,PE,BANKNIFTY26SEP54300PE,0.00,0.00,0.00,849.15,0.00,849.15,57907.20,446.30,0,0,0,0.00,0,F1,30,,,,,
2026-08-04,2026-08-04,FO,NSE,IDO,69683,,BANKNIFTY,,2026-09-29,2026-09-29,52900.00,PE,BANKNIFTY26SEP52900PE,0.00,0.00,0.00,539.95,0.00,539.95,57907.20,235.43,0,0,0,0.00,0,F1,30,,,,,
2026-08-04,2026-08-04,FO,NSE,IDO,52281,,BANKNIFTY,,2026-09-29,2026-09-29,49500.00,PE,BANKNIFTY26SEP49500PE,28.05,40.40,28.05,39.05,39.00,36.70,57907.20,39.05,28950,1050,85,126325032.00,56,F1,30,,,,,
2026-08-04,2026-08-04,FO,NSE,IDO,59299,,BANKNIFTY,,2026-08-25,2026-08-25,63400.00,PE,BANKNIFTY26AUG63400PE,0.00,0.00,0.00,7735.45,0.00,7735.45,57907.20,5320.88,0,0,0,0.00,0,F1,30,,,,,
2026-08-04,2026-08-04,FO,NSE,IDO,53248,,BANKNIFTY,,2026-12-29,2026-12-29,64500.00,CE,BANKNIFTY26DEC64500CE,0.00,0.00,0.00,3029.80,0.00,3029.80,57907.20,1309.24,0,0,0,0.00,0,F1,30,,,,,
2026-08-04,2026-08-04,FO,NSE,IDO,53240,,BANKNIFTY,,2026-12-29,2026-12-29,60000.00,CE,BANKNIFTY26DEC60000CE,1625.75,1699.90,1481.40,1492.00,1492.00,1591.35,57907.20,2806.25,21060,-540,66,121887262.50,52,F1,30,,,,,
2026-08-04,2026-08-04,FO,NSE,IDO,53224,,BANKNIFTY,,2026-12-29,2026-12-29,54000.00,CE,BANKNIFTY26DEC54000CE,0.00,0.00,0.00,9099.90,0.00,9099.90,57907.20,6308.68,0,0,0,0.00,0,F1,30,,,,,
2026-08-04,2026-08-04,FO,NSE,IDO,49649,,BANKNIFTY,,2026-10-27,2026-10-27,63100.00,CE,BANKNIFTY26OCT63100CE,0.00,0.00,0.00,659.25,0.00,659.25,57907.20,845.29,0,0,0,0.00,0,F1,30,,,,,
2026-08-04,2026-08-04,FO,NSE,IDO,49607,,BANKNIFTY,,2026-10-27,2026-10-27,61500.00,CE,BANKNIFTY26OCT61500CE,0.00,0.00,0.00,995.60,0.00,995.60,57907.20,1258.99,0,0,0,0.00,0,F1,30,,,,,
2026-08-04,2026-08-04,FO,NSE,IDO,49569,,BANKNIFTY,,2026-10-27,2026-10-27,59900.00,CE,BANKNIFTY26OCT59900CE,0.00,0.00,0.00,1452.45,0.00,1452.45,57907.20,1820.23,0,0,0,0.00,0,F1,30,,,,,
2026-08-04,2026-08-04,FO,NSE,IDO,49554,,BANKNIFTY,,2026-10-27,2026-10-27,59300.00,CE,BANKNIFTY26OCT59300CE,0.00,0.00,0.00,1661.50,0.00,1661.50,57907.20,2071.94,0,0,0,0.00,0,F1,30,,,,,
2026-08-04,2026-08-04,FO,NSE,IDO,49539,,BANKNIFTY,,2026-10-27,2026-10-27,58700.00,CE,BANKNIFTY26OCT58700CE,0.00,0.00,0.00,1892.20,0.00,1892.20,57907.20,2347.32,0,0,0,0.00,0,F1,30,,,,,
2026-08-04,2026-08-04,FO,NSE,IDO,49448,,BANKNIFTY,,2026-10-27,2026-10-27,55300.00,CE,BANKNIFTY26OCT55300CE,0.00,0.00,0.00,3636.60,0.00,3636.60,57907.20,4364.93,0,0,0,0.00,0,F1,30,,,,,
2026-08-04,2026-08-04,FO,NSE,IDO,49441,,BANKNIFTY,,2026-10-27,2026-10-27,55000.00,CE,BANKNIFTY26OCT55000CE,0.00,0.00,0.00,3826.70,0.00,3826.70,57907.20,4578.94,0,0,0,0.00,0,F1,30,,,,,
2026-08-04,2026-08-04,FO,NSE,IDO,49389,,BANKNIFTY,,2026-10-27,2026-10-27,53100.00,CE,BANKNIFTY26OCT53100CE,0.00,0.00,0.00,5159.60,0.00,5159.60,57907.20,6046.24,0,0,0,0.00,0,F1,30,,,,,
2026-08-04,2026-08-04,FO,NSE,IDO,49379,,BANKNIFTY,,2026-10-27,2026-10-27,52600.00,CE,BANKNIFTY26OCT52600CE,0.00,0.00,0.00,5544.15,0.00,5544.15,57907.20,6462.58,0,0,0,0.00,0,F1,30,,,,,
2026-08-04,2026-08-04,FO,NSE,IDO,49367,,BANKNIFTY,,2026-10-27,2026-10-27,52000.00,CE,BANKNIFTY26OCT52000CE,0.00,0.00,0.00,6100.00,6100.00,6100.00,57907.20,6976.06,30,0,0,0.00,0,F1,30,,,,,
2026-08-04,2026-08-04,FO,NSE,IDO,49365,,BANKNIFTY,,2026-10-27,2026-10-27,51900.00,CE,BANKNIFTY26OCT51900CE,0.00,0.00,0.00,6103.80,0.00,6103.80,57907.20,7063.01,0,0,0,0.00,0,F1,30,,,,,
2026-08-04,2026-08-04,FO,NSE,IDO,52426,,BANKNIFTY,,2026-09-29,2026-09-29,67500.00,CE,BANKNIFTY26SEP67500CE,0.00,0.00,0.00,1102.10,0.00,1102.10,57907.20,80.77,0,0,0,0.00,0,F1,30,,,,,
2026-08-04,2026-08-04,FO,NSE,IDO,70097,,BANKNIFTY,,2026-09-29,2026-09-29,63100.00,CE,BANKNIFTY26SEP63100CE,0.00,0.00,0.00,866.35,0.00,866.35,57907.20,466.26,0,0,0,0.00,0,F1,30,,,,,
2026-08-04,2026-08-04,FO,NSE,IDO,70019,,BANKNIFTY,,2026-09-29,2026-09-29,60500.00,CE,BANKNIFTY26SEP60500CE,321.90,340.00,278.25,295.95,296.75,315.65,57907.20,295.95,24150,4140,568,1035942885.00,330,F1,30,,,,,
2026-08-04,2026-08-04,FO,NSE,IDO,69897,,BANKNIFTY,,2026-09-29,2026-09-29,59100.00,CE,BANKNIFTY26SEP59100CE,0.00,0.00,0.00,2129.85,0.00,2129.85,57907.20,1606.79,0,0,0,0.00,0,F1,30,,,,,
2026-08-04,2026-08-04,FO,NSE,IDO,69777,,BANKNIFTY,,2026-09-29,2026-09-29,55400.00,CE,BANKNIFTY26SEP55400CE,0.00,0.00,0.00,4155.75,0.00,4155.75,57907.20,3759.49,0,0,0,0.00,0,F1,30,,,,,
2026-08-04,2026-08-04,FO,NSE,IDO,69773,,BANKNIFTY,,2026-09-29,2026-09-29,55200.00,CE,BANKNIFTY26SEP55200CE,0.00,0.00,0.00,4289.75,0.00,4289.75,57907.20,3904.43,0,0,0,0.00,0,F1,30,,,,,
2026-08-04,2026-08-04,FO,NSE,IDO,69668,,BANKNIFTY,,2026-09-29,2026-09-29,52100.00,CE,BANKNIFTY26SEP52100CE,0.00,0.00,0.00,6649.05,0.00,6649.05,57907.20,6486.99,0,0,0,0.00,0,F1,30,,,,,
2026-08-04,2026-08-04,FO,NSE,IDO,59350,,BANKNIFTY,,2026-08-25,2026-08-25,65500.00,CE,BANKNIFTY26AUG65500CE,5.75,5.80,3.65,3.85,3.65,4.75,57907.20,3.85,68250,49350,4542,8925628837.50,1626,F1,30,,,,,
2026-08-04,2026-08-04,FO,NSE,IDO,59321,,BANKNIFTY,,2026-08-25,2026-08-25,64200.00,CE,BANKNIFTY26AUG64200CE,7.90,8.00,5.65,6.75,6.50,6.05,57907.20,6.75,1230,150,74,142539138.00,18,F1,30,,,,,
2026-08-04,2026-08-04,FO,NSE,IDO,59274,,BANKNIFTY,,2026-08-25,2026-08-25,62700.00,CE,BANKNIFTY26AUG62700CE,0.00,0.00,0.00,447.00,0.00,447.00,57907.20,83.63,0,0,0,0.00,0,F1,30,,,,,
2026-08-04,2026-08-04,FO,NSE,IDO,59272,,BANKNIFTY,,2026-08-25,2026-08-25,62600.00,CE,BANKNIFTY26AUG62600CE,0.00,0.00,0.00,459.90,0.00,459.90,57907.20,89.90,0,0,0,0.00,0,F1,30,,,,,
2026-08-04,2026-08-04,FO,NSE,IDO,59250,,BANKNIFTY,,2026-08-25,2026-08-25,61800.00,CE,BANKNIFTY26AUG61800CE,0.00,0.00,0.00,575.10,0.00,575.10,57907.20,156.33,0,0,0,0.00,0,F1,30,,,,,
2026-08-04,2026-08-04,FO,NSE,IDO,59204,,BANKNIFTY,,2026-08-25,2026-08-25,60600.00,CE,BANKNIFTY26AUG60600CE,0.00,0.00,0.00,136.20,136.20,136.20,57907.20,330.31,30,0,0,0.00,0,F1,30,,,,,
2026-08-04,2026-08-04,FO,NSE,IDO,59202,,BANKNIFTY,,2026-08-25,2026-08-25,60500.00,CE,BANKNIFTY26AUG60500CE,44.00,52.85,39.90,44.25,44.15,46.65,57907.20,44.25,311460,15150,19210,34891955026.50,10405,F1,30,,,,,
2026-08-04,2026-08-04,FO,NSE,IDO,59086,,BANKNIFTY,,2026-08-25,2026-08-25,57300.00,CE,BANKNIFTY26AUG57300CE,1086.55,1124.85,874.00,942.35,923.60,1014.90,57907.20,942.35,116760,-7680,7883,13774142776.50,5865,F1,30,,,,,
2026-08-04,2026-08-04,FO,NSE,IDO,59061,,BANKNIFTY,,2026-08-25,2026-08-25,56800.00,CE,BANKNIFTY26AUG56800CE,1333.25,1488.00,1186.85,1276.05,1282.05,1352.15,57907.20,1276.05,57570,-240,619,1079445285.00,493,F1,30,,,,,
2026-08-04,2026-08-04,FO,NSE,IDO,59059,,BANKNIFTY,,2026-08-25,2026-08-25,56700.00,CE,BANKNIFTY26AUG56700CE,1392.45,1570.75,1260.35,1350.35,1338.65,1451.85,57907.20,1350.35,28500,-300,317,552354631.50,248,F1,30,,,,,
2026-08-04,2026-08-04,FO,NSE,IDO,59057,,BANKNIFTY,,2026-08-25,2026-08-25,56600.00,CE,BANKNIFTY26AUG56600CE,1575.00,1649.00,1337.45,1426.65,1436.90,1553.15,57907.20,1426.65,11160,-60,174,303194235.00,131,F1,30,,,,,
2026-08-04,2026-08-04,FO,NSE,IDO,59006,,BANKNIFTY,,2026-08-25,2026-08-25,55100.00,CE,BANKNIFTY26AUG55100CE,2704.05,2704.05,2704.05,2704.05,2704.05,2884.05,57907.20,2704.05,330,0,1,1734121.50,1,F1,30,,,,,
2026-08-04,2026-08-04,FO,NSE,IDO,59002,,BANKNIFTY,,2026-08-25,2026-08-25,54900.00,CE,BANKNIFTY26AUG54900CE,0.00,0.00,0.00,2851.80,0.00,2851.80,57907.20,3377.82,0,0,0,0.00,0,F1,30,,,,,
2026-08-04,2026-08-04,FO,NSE,IDO,58980,,BANKNIFTY,,2026-08-25,2026-08-25,54100.00,CE,BANKNIFTY26AUG54100CE,0.00,0.00,0.00,3304.80,0.00,3304.80,57907.20,4091.52,0,0,0,0.00,0,F1,30,,,,,
2026-08-04,2026-08-04,FO,NSE,IDO,58924,,BANKNIFTY,,2026-08-25,2026-08-25,52200.00,CE,BANKNIFTY26AUG52200CE,0.00,0.00,0.00,4900.00,4900.00,4900.00,57907.20,5904.99,30,0,0,0.00,0,F1,30,,,,,
2026-08-04,2026-08-04,FO,NSE,IDO,58906,,BANKNIFTY,,2026-08-25,2026-08-25,51500.00,CE,BANKNIFTY26AUG51500CE,0.00,0.00,0.00,5875.00,5875.00,5875.00,57907.20,6594.03,360,0,0,0.00,0,F1,30,,,,,
2026-08-04,2026-08-04,FO,NSE,IDO,58872,,BANKNIFTY,,2026-08-25,2026-08-25,50700.00,CE,BANKNIFTY26AUG50700CE,0.00,0.00,0.00,5681.60,0.00,5681.60,57907.20,7386.81,0,0,0,0.00,0,F1,30,,,,,
2026-08-04,2026-08-04,FO,NSE,IDO,58814,,BANKNIFTY,,2026-08-25,2026-08-25,49100.00,CE,BANKNIFTY26AUG49100CE,0.00,0.00,0.00,7013.00,0.00,7013.00,57907.20,8978.91,0,0,0,0.00,0,F1,30,,,,,
2026-08-04,2026-08-04,FO,NSE,IDO,58808,,BANKNIFTY,,2026-08-25,2026-08-25,48800.00,CE,BANKNIFTY26AUG48800CE,0.00,0.00,0.00,7274.40,0.00,7274.40,57907.20,9277.76,0,0,0,0.00,0,F1,30,,,,,
2026-08-04,2026-08-04,FO,NSE,IDO,58754,,BANKNIFTY,,2026-08-25,2026-08-25,47500.00,CE,BANKNIFTY26AUG47500CE,0.00,0.00,0.00,9750.85,9750.85,9750.85,57907.20,10573.08,120,0,0,0.00,0,F1,30,,,,,
2026-08-04,2026-08-04,FO,NSE,IDO,69671,,BANKNIFTY,,2026-09-29,2026-09-29,52200.00,PE,BANKNIFTY26SEP52200PE,0.00,0.00,0.00,422.10,0.00,422.10,57907.20,164.96,0,0,0,0.00,0,F1,30,,,,,
2026-08-04,2026-08-04,FO,NSE,IDO,69764,,BANKNIFTY,,2026-09-29,2026-09-29,54800.00,PE,BANKNIFTY26SEP54800PE,0.00,0.00,0.00,878.15,878.15,878.15,57907.20,548.89,120,0,0,0.00,0,F1,30,,,,,
2026-08-04,2026-08-04,FO,NSE,IDO,69784,,BANKNIFTY,,2026-09-29,2026-09-29,55800.00,PE,BANKNIFTY26SEP55800PE,0.00,0.00,0.00,747.05,747.05,747.05,57907.20,804.05,30,0,0,0.00,0,F1,30,,,,,
2026-08-04,2026-08-04,FO,NSE,IDO,58920,,BANKNIFTY,,2026-08-25,2026-08-25,52000.00,CE,BANKNIFTY26AUG52000CE,5840.00,6011.00,5580.00,5655.55,5655.55,5800.00,57907.20,6101.23,21240,-120,14,24253933.50,10,F1,30,,,,,
2026-08-04,2026-08-04,FO,NSE,IDO,59289,,BANKNIFTY,,2026-08-25,2026-08-25,63100.00,PE,BANKNIFTY26AUG63100PE,0.00,0.00,0.00,7473.30,0.00,7473.30,57907.20,5034.67,0,0,0,0.00,0,F1,30,,,,,
2026-08-04,2026-08-04,FO,NSE,IDO,59285,,BANKNIFTY,,2026-08-25,2026-08-25,62900.00,PE,BANKNIFTY26AUG62900PE,0.00,0.00,0.00,7299.95,0.00,7299.95,57907.20,4845.39,0,0,0,0.00,0,F1,30,,,,,
2026-08-04,2026-08-04,FO,NSE,IDO,59213,,BANKNIFTY,,2026-08-25,2026-08-25,60700.00,PE,BANKNIFTY26AUG60700PE,0.00,0.00,0.00,2552.30,2552.30,2552.30,57907.20,2892.34,30,0,0,0.00,0,F1,30,,,,,
2026-08-04,2026-08-04,FO,NSE,IDO,59152,,BANKNIFTY,,2026-08-25,2026-08-25,59300.00,PE,BANKNIFTY26AUG59300PE,1500.00,1825.70,1500.00,1825.70,1825.70,1596.45,57907.20,1851.85,2220,30,13,23793448.50,9,F1,30,,,,,
2026-08-04,2026-08-04,FO,NSE,IDO,49665,,BANKNIFTY,,2026-10-27,2026-10-27,63800.00,CE,BANKNIFTY26OCT63800CE,0.00,0.00,0.00,545.55,0.00,545.55,57907.20,699.75,0,0,0,0.00,0,F1,30,,,,,
2026-08-04,2026-08-04,FO,NSE,IDO,76398,,BANKNIFTY,,2027-03-30,2027-03-30,57000.00,CE,BANKNIFTY27MAR57000CE,0.00,0.00,0.00,2831.15,0.00,2831.15,57907.20,5642.64,0,0,0,0.00,0,F1,30,,,,,
2026-08-04,2026-08-04,FO,NSE,IDO,76429,,BANKNIFTY,,2027-03-30,2027-03-30,64500.00,CE,BANKNIFTY27MAR64500CE,0.00,0.00,0.00,1094.95,0.00,1094.95,57907.20,2358.08,0,0,0,0.00,0,F1,30,,,,,
2026-08-04,2026-08-04,FO,NSE,IDO,58779,,BANKNIFTY,,2026-08-25,2026-08-25,48500.00,PE,BANKNIFTY26AUG48500PE,9.10,10.40,7.60,9.40,7.75,9.10,57907.20,9.40,3930,450,246,357993757.50,195,F1,30,,,,,
2026-08-04,2026-08-04,FO,NSE,IDO,58845,,BANKNIFTY,,2026-08-25,2026-08-25,49700.00,PE,BANKNIFTY26AUG49700PE,10.60,10.60,10.60,10.60,10.60,10.60,57907.20,0.63,360,-150,5,7456590.00,1,F1,30,,,,,
2026-08-04,2026-08-04,FO,NSE,IDO,58885,,BANKNIFTY,,2026-08-25,2026-08-25,51300.00,PE,BANKNIFTY26AUG51300PE,12.45,17.70,12.45,17.30,17.40,13.80,57907.20,17.30,1740,120,39,60039837.00,26,F1,30,,,,,
2026-08-04,2026-08-04,FO,NSE,IDO,58930,,BANKNIFTY,,2026-08-25,2026-08-25,52500.00,CE,BANKNIFTY26AUG52500CE,0.00,0.00,0.00,4850.00,4850.00,4850.00,57907.20,5611.87,330,0,0,0.00,0,F1,30,,,,,
2026-08-04,2026-08-04,FO,NSE,IDO,58955,,BANKNIFTY,,2026-08-25,2026-08-25,53300.00,CE,BANKNIFTY26AUG53300CE,0.00,0.00,0.00,3800.00,0.00,3800.00,57907.20,4840.38,0,0,0,0.00,0,F1,30,,,,,
2026-08-04,2026-08-04,FO,NSE,IDO,58962,,BANKNIFTY,,2026-08-25,2026-08-25,53600.00,CE,BANKNIFTY26AUG53600CE,0.00,0.00,0.00,4284.45,4284.45,4284.45,57907.20,4556.29,120,0,0,0.00,0,F1,30,,,,,
2026-08-04,2026-08-04,FO,NSE,IDO,59044,,BANKNIFTY,,2026-08-25,2026-08-25,56200.00,CE,BANKNIFTY26AUG56200CE,1900.00,1965.05,1662.45,1718.15,1718.15,1858.60,57907.20,1718.15,6810,-390,35,60902533.50,30,F1,30,,,,,
2026-08-04,2026-08-04,FO,NSE,IDO,59092,,BANKNIFTY,,2026-08-25,2026-08-25,57600.00,CE,BANKNIFTY26AUG57600CE,800.00,925.00,709.40,768.30,765.95,833.10,57907.20,768.30,161250,40440,31707,55538164566.00,24161,F1,30,,,,,
2026-08-04,2026-08-04,FO,NSE,IDO,70106,,BANKNIFTY,,2026-09-29,2026-09-29,63500.00,PE,BANKNIFTY26SEP63500PE,0.00,0.00,0.00,5767.00,0.00,5767.00,57907.20,5359.30,0,0,0,0.00,0,F1,30,,,,,
2026-08-04,2026-08-04,FO,NSE,IDO,70112,,BANKNIFTY,,2026-09-29,2026-09-29,63800.00,PE,BANKNIFTY26SEP63800PE,0.00,0.00,0.00,6004.90,0.00,6004.90,57907.20,5614.49,0,0,0,0.00,0,F1,30,,,,,
2026-08-04,2026-08-04,FO,NSE,IDO,49311,,BANKNIFTY,,2026-10-27,2026-10-27,50000.00,PE,BANKNIFTY26OCT50000PE,0.00,0.00,0.00,100.00,100.00,100.00,57907.20,117.71,30,0,0,0.00,0,F1,30,,,,,
2026-08-04,2026-08-04,FO,NSE,IDO,49321,,BANKNIFTY,,2026-10-27,2026-10-27,50500.00,PE,BANKNIFTY26OCT50500PE,0.00,0.00,0.00,274.10,0.00,274.10,57907.20,149.31,0,0,0,0.00,0,F1,30,,,,,
2026-08-04,2026-08-04,FO,NSE,IDO,49368,,BANKNIFTY,,2026-10-27,2026-10-27,52000.00,PE,BANKNIFTY26OCT52000PE,0.00,0.00,0.00,485.80,0.00,485.80,57907.20,287.36,0,0,0,0.00,0,F1,30,,,,,
2026-08-04,2026-08-04,FO,NSE,IDO,49370,,BANKNIFTY,,2026-10-27,2026-10-27,52100.00,PE,BANKNIFTY26OCT52100PE,0.00,0.00,0.00,503.35,0.00,503.35,57907.20,299.29,0,0,0,0.00,0,F1,30,,,,,
2026-08-04,2026-08-04,FO,NSE,IDO,49412,,BANKNIFTY,,2026-10-27,2026-10-27,53800.00,PE,BANKNIFTY26OCT53800PE,0.00,0.00,0.00,882.10,0.00,882.10,57907.20,567.21,0,0,0,0.00,0,F1,30,,,,,
2026-08-04,2026-08-04,FO,NSE,IDO,49418,,BANKNIFTY,,2026-10-27,2026-10-27,54100.00,PE,BANKNIFTY26OCT54100PE,0.00,0.00,0.00,962.60,0.00,962.60,57907.20,628.85,0,0,0,0.00,0,F1,30,,,,,
2026-08-04,2026-08-04,FO,NSE,IDO,49609,,BANKNIFTY,,2026-10-27,2026-10-27,61600.00,CE,BANKNIFTY26OCT61600CE,0.00,0.00,0.00,971.40,0.00,971.40,57907.20,1228.93,0,0,0,0.00,0,F1,30,,,,,
2026-08-04,2026-08-04,FO,NSE,IDO,49445,,BANKNIFTY,,2026-10-27,2026-10-27,55100.00,PE,BANKNIFTY26OCT55100PE,0.00,0.00,0.00,1279.50,0.00,1279.50,57907.20,871.71,0,0,0,0.00,0,F1,30,,,,,
2026-08-04,2026-08-04,FO,NSE,IDO,49468,,BANKNIFTY,,2026-10-27,2026-10-27,56000.00,PE,BANKNIFTY26OCT56000PE,0.00,0.00,0.00,1618.90,0.00,1618.90,57907.20,1136.97,0,0,0,0.00,0,F1,30,,,,,
2026-08-04,2026-08-04,FO,NSE,IDO,70104,,BANKNIFTY,,2026-09-29,2026-09-29,63400.00,PE,BANKNIFTY26SEP63400PE,0.00,0.00,0.00,5688.50,0.00,5688.50,57907.20,5275.11,0,0,0,0.00,0,F1,30,,,,,
2026-08-04,2026-08-04,FO,NSE,IDO,70044,,BANKNIFTY,,2026-09-29,2026-09-29,61700.00,PE,BANKNIFTY26SEP61700PE,0.00,0.00,0.00,4421.90,0.00,4421.90,57907.20,3922.35,0,0,0,0.00,0,F1,30,,,,,
2026-08-04,2026-08-04,FO,NSE,IDO,69900,,BANKNIFTY,,2026-09-29,2026-09-29,59200.00,PE,BANKNIFTY26SEP59200PE,0.00,0.00,0.00,2836.20,0.00,2836.20,57907.20,2262.43,0,0,0,0.00,0,F1,30,,,,,
2026-08-04,2026-08-04,FO,NSE,IDO,69825,,BANKNIFTY,,2026-09-29,2026-09-29,57600.00,PE,BANKNIFTY26SEP57600PE,772.75,985.25,772.75,914.70,915.10,847.05,57907.20,914.70,4620,750,62,108790000.50,56,F1,30,,,,,
2026-08-04,2026-08-04,FO,NSE,IDO,69816,,BANKNIFTY,,2026-09-29,2026-09-29,57200.00,PE,BANKNIFTY26SEP57200PE,679.80,828.40,662.85,762.40,760.00,710.20,57907.20,762.40,9510,270,41,71296431.00,26,F1,30,,,,,
2026-08-04,2026-08-04,FO,NSE,IDO,58963,,BANKNIFTY,,2026-08-25,2026-08-25,53600.00,PE,BANKNIFTY26AUG53600PE,31.15,38.70,27.85,35.55,36.10,34.85,57907.20,35.55,21660,3900,734,1181012031.00,412,F1,30,,,,,
2026-08-04,2026-08-04,FO,NSE,IDO,58977,,BANKNIFTY,,2026-08-25,2026-08-25,53900.00,PE,BANKNIFTY26AUG53900PE,38.65,45.60,31.15,41.30,42.60,40.65,57907.20,41.30,12540,-690,525,849565033.50,279,F1,30,,,,,
2026-08-04,2026-08-04,FO,NSE,IDO,49470,,BANKNIFTY,,2026-10-27,2026-10-27,56100.00,PE,BANKNIFTY26OCT56100PE,0.00,0.00,0.00,1659.85,0.00,1659.85,57907.20,1169.88,0,0,0,0.00,0,F1,30,,,,,
2026-08-04,2026-08-04,FO,NSE,IDO,49490,,BANKNIFTY,,2026-10-27,2026-10-27,56700.00,PE,BANKNIFTY26OCT56700PE,0.00,0.00,0.00,1919.45,0.00,1919.45,57907.20,1380.97,0,0,0,0.00,0,F1,30,,,,,
2026-08-04,2026-08-04,FO,NSE,IDO,49494,,BANKNIFTY,,2026-10-27,2026-10-27,56900.00,PE,BANKNIFTY26OCT56900PE,0.00,0.00,0.00,2011.30,0.00,2011.30,57907.20,1456.59,0,0,0,0.00,0,F1,30,,,,,
2026-08-04,2026-08-04,FO,NSE,IDO,49570,,BANKNIFTY,,2026-10-27,2026-10-27,59900.00,PE,BANKNIFTY26OCT59900PE,0.00,0.00,0.00,3697.20,0.00,3697.20,57907.20,2912.80,0,0,0,0.00,0,F1,30,,,,,
2026-08-04,2026-08-04,FO,NSE,IDO,49656,,BANKNIFTY,,2026-10-27,2026-10-27,63400.00,PE,BANKNIFTY26OCT63400PE,0.00,0.00,0.00,6300.50,0.00,6300.50,57907.20,5318.88,0,0,0,0.00,0,F1,30,,,,,
2026-08-04,2026-08-04,FO,NSE,IDO,76395,,BANKNIFTY,,2027-03-30,2027-03-30,54000.00,PE,BANKNIFTY27MAR54000PE,0.00,0.00,0.00,3928.75,0.00,3928.75,57907.20,1378.84,0,0,0,0.00,0,F1,30,,,,,
2026-08-04,2026-08-04,FO,NSE,IDO,76426,,BANKNIFTY,,2027-03-30,2027-03-30,63000.00,PE,BANKNIFTY27MAR63000PE,0.00,0.00,0.00,9669.30,0.00,9669.30,57907.20,5299.96,0,0,0,0.00,0,F1,30,,,,,
2026-08-04,2026-08-04,FO,NSE,IDO,70801,,BANKNIFTY,,2027-06-29,2027-06-29,63000.00,PE,BANKNIFTY27JUN63000PE,0.00,0.00,0.00,5804.40,0.00,5804.40,57907.20,5381.28,0,0,0,0.00,0,F1,30,,,,,
2026-08-04,2026-08-04,FO,NSE,IDO,69786,,BANKNIFTY,,2026-09-29,2026-09-29,55900.00,PE,BANKNIFTY26SEP55900PE,0.00,0.00,0.00,981.55,981.55,981.55,57907.20,833.65,570,0,0,0.00,0,F1,30,,,,,
2026-08-04,2026-08-04,FO,NSE,IDO,53250,,BANKNIFTY,,2026-12-29,2026-12-29,66000.00,CE,BANKNIFTY26DEC66000CE,0.00,0.00,0.00,2499.10,0.00,2499.10,57907.20,985.15,0,0,0,0.00,0,F1,30,,,,,
2026-08-04,2026-08-04,FO,NSE,IDO,53235,,BANKNIFTY,,2026-12-29,2026-12-29,58500.00,CE,BANKNIFTY26DEC58500CE,2425.00,2450.00,2259.10,2264.55,2259.10,2343.85,57907.20,2264.55,2940,60,11,20070862.50,10,F1,30,,,,,
2026-08-04,2026-08-04,FO,NSE,IDO,53220,,BANKNIFTY,,2026-12-29,2026-12-29,51000.00,CE,BANKNIFTY26DEC51000CE,0.00,0.00,0.00,11516.25,0.00,11516.25,57907.20,8670.06,0,0,0,0.00,0,F1,30,,,,,
2026-08-04,2026-08-04,FO,NSE,IDO,49422,,BANKNIFTY,,2026-10-27,2026-10-27,54300.00,PE,BANKNIFTY26OCT54300PE,0.00,0.00,0.00,1021.05,0.00,1021.05,57907.20,672.60,0,0,0,0.00,0,F1,30,,,,,
2026-08-04,2026-08-04,FO,NSE,IDO,49657,,BANKNIFTY,,2026-10-27,2026-10-27,63500.00,CE,BANKNIFTY26OCT63500CE,0.00,0.00,0.00,592.10,0.00,592.10,57907.20,758.46,0,0,0,0.00,0,F1,30,,,,,
2026-08-04,2026-08-04,FO,NSE,IDO,59126,,BANKNIFTY,,2026-08-25,2026-08-25,58500.00,CE,BANKNIFTY26AUG58500CE,413.90,456.00,337.10,369.45,367.00,406.85,57907.20,369.45,571350,96630,41916,74052973596.00,30088,F1,30,,,,,
2026-08-04,2026-08-04,FO,NSE,IDO,59087,,BANKNIFTY,,2026-08-25,2026-08-25,57300.00,PE,BANKNIFTY26AUG57300PE,475.10,610.00,385.75,527.65,518.00,476.05,57907.20,527.65,91020,-8550,14540,25219539480.00,11938,F1,30,,,,,
2026-08-04,2026-08-04,FO,NSE,IDO,59183,,BANKNIFTY,,2026-08-25,2026-08-25,60300.00,CE,BANKNIFTY26AUG60300CE,0.00,0.00,0.00,858.50,0.00,858.50,57907.20,392.23,0,0,0,0.00,0,F1,30,,,,,
2026-08-04,2026-08-04,FO,NSE,IDO,59260,,BANKNIFTY,,2026-08-25,2026-08-25,62300.00,CE,BANKNIFTY26AUG62300CE,10.50,12.30,9.70,10.40,9.90,12.60,57907.20,10.40,1050,390,118,220580130.00,79,F1,30,,,,,
2026-08-04,2026-08-04,FO,NSE,IDO,59280,,BANKNIFTY,,2026-08-25,2026-08-25,62800.00,CE,BANKNIFTY26AUG62800CE,0.00,0.00,0.00,434.40,0.00,434.40,57907.20,77.75,0,0,0,0.00,0,F1,30,,,,,
2026-08-04,2026-08-04,FO,NSE,IDO,59290,,BANKNIFTY,,2026-08-25,2026-08-25,63200.00,CE,BANKNIFTY26AUG63200CE,0.00,0.00,0.00,387.00,0.00,387.00,57907.20,57.68,0,0,0,0.00,0,F1,30,,,,,
2026-08-04,2026-08-04,FO,NSE,IDO,52272,,BANKNIFTY,,2026-09-29,2026-09-29,48000.00,CE,BANKNIFTY26SEP48000CE,0.00,0.00,0.00,10129.10,10129.10,10129.10,57907.20,10400.10,150,0,0,0.00,0,F1,30,,,,,
2026-08-04,2026-08-04,FO,NSE,IDO,52280,,BANKNIFTY,,2026-09-29,2026-09-29,49500.00,CE,BANKNIFTY26SEP49500CE,0.00,0.00,0.00,8922.65,0.00,8922.65,57907.20,8936.81,0,0,0,0.00,0,F1,30,,,,,
2026-08-04,2026-08-04,FO,NSE,IDO,69660,,BANKNIFTY,,2026-09-29,2026-09-29,51700.00,CE,BANKNIFTY26SEP51700CE,0.00,0.00,0.00,6986.65,0.00,6986.65,57907.20,6852.46,0,0,0,0.00,0,F1,30,,,,,
2026-08-04,2026-08-04,FO,NSE,IDO,69698,,BANKNIFTY,,2026-09-29,2026-09-29,53700.00,CE,BANKNIFTY26SEP53700CE,0.00,0.00,0.00,5369.65,0.00,5369.65,57907.20,5089.73,0,0,0,0.00,0,F1,30,,,,,
2026-08-04,2026-08-04,FO,NSE,IDO,69702,,BANKNIFTY,,2026-09-29,2026-09-29,53900.00,CE,BANKNIFTY26SEP53900CE,0.00,0.00,0.00,5218.60,0.00,5218.60,57907.20,4923.84,0,0,0,0.00,0,F1,30,,,,,
2026-08-04,2026-08-04,FO,NSE,IDO,69781,,BANKNIFTY,,2026-09-29,2026-09-29,55700.00,CE,BANKNIFTY26SEP55700CE,0.00,0.00,0.00,3959.30,0.00,3959.30,57907.20,3541.88,0,0,0,0.00,0,F1,30,,,,,
2026-08-04,2026-08-04,FO,NSE,IDO,69824,,BANKNIFTY,,2026-09-29,2026-09-29,57600.00,CE,BANKNIFTY26SEP57600CE,1472.35,1472.35,1374.85,1403.40,1381.00,1472.35,57907.20,1403.40,3030,210,24,42497097.00,21,F1,30,,,,,
2026-08-04,2026-08-04,FO,NSE,IDO,69838,,BANKNIFTY,,2026-09-29,2026-09-29,58000.00,CE,BANKNIFTY26SEP58000CE,1244.60,1330.00,1123.60,1185.55,1189.75,1248.95,57907.20,1185.55,170250,5460,1076,1910764984.50,793,F1,30,,,,,
2026-08-04,2026-08-04,FO,NSE,IDO,69870,,BANKNIFTY,,2026-09-29,2026-09-29,58800.00,CE,BANKNIFTY26SEP58800CE,0.00,0.00,0.00,2261.70,0.00,2261.70,57907.20,1739.24,0,0,0,0.00,0,F1,30,,,,,
2026-08-04,2026-08-04,FO,NSE,IDO,69917,,BANKNIFTY,,2026-09-29,2026-09-29,59400.00,CE,BANKNIFTY26SEP59400CE,0.00,0.00,0.00,2003.60,0.00,2003.60,57907.20,1481.62,0,0,0,0.00,0,F1,30,,,,,
2026-08-04,2026-08-04,FO,NSE,IDO,70025,,BANKNIFTY,,2026-09-29,2026-09-29,60800.00,CE,BANKNIFTY26SEP60800CE,0.00,0.00,0.00,1485.75,0.00,1485.75,57907.20,989.43,0,0,0,0.00,0,F1,30,,,,,
2026-08-04,2026-08-04,FO,NSE,IDO,70029,,BANKNIFTY,,2026-09-29,2026-09-29,61000.00,CE,BANKNIFTY26SEP61000CE,224.05,243.75,202.00,213.60,213.95,232.60,57907.20,213.60,52410,5790,1013,1860399127.50,538,F1,30,,,,,
2026-08-04,2026-08-04,FO,NSE,IDO,70033,,BANKNIFTY,,2026-09-29,2026-09-29,61200.00,CE,BANKNIFTY26SEP61200CE,0.00,0.00,0.00,1358.35,0.00,1358.35,57907.20,874.86,0,0,0,0.00,0,F1,30,,,,,
2026-08-04,2026-08-04,FO,NSE,IDO,70051,,BANKNIFTY,,2026-09-29,2026-09-29,62000.00,CE,BANKNIFTY26SEP62000CE,112.55,122.00,99.50,107.50,110.35,114.05,57907.20,107.50,38340,360,551,1026666103.50,336,F1,30,,,,,
2026-08-04,2026-08-04,FO,NSE,IDO,70154,,BANKNIFTY,,2026-09-29,2026-09-29,65000.00,CE,BANKNIFTY26SEP65000CE,0.00,0.00,0.00,530.10,0.00,530.10,57907.20,229.87,0,0,0,0.00,0,F1,30,,,,,
2026-08-04,2026-08-04,FO,NSE,IDO,52420,,BANKNIFTY,,2026-09-29,2026-09-29,66000.00,CE,BANKNIFTY26SEP66000CE,18.00,18.00,18.00,18.00,18.00,18.00,57907.20,153.64,120,30,1,1980540.00,1,F1,30,,,,,
2026-08-04,2026-08-04,FO,NSE,IDO,49300,,BANKNIFTY,,2026-10-27,2026-10-27,49500.00,CE,BANKNIFTY26OCT49500CE,0.00,0.00,0.00,8178.25,0.00,8178.25,57907.20,9242.97,0,0,0,0.00,0,F1,30,,,,,
2026-08-04,2026-08-04,FO,NSE,IDO,49381,,BANKNIFTY,,2026-10-27,2026-10-27,52700.00,CE,BANKNIFTY26OCT52700CE,0.00,0.00,0.00,5466.20,0.00,5466.20,57907.20,6378.43,0,0,0,0.00,0,F1,30,,,,,
2026-08-04,2026-08-04,FO,NSE,IDO,49385,,BANKNIFTY,,2026-10-27,2026-10-27,52900.00,CE,BANKNIFTY26OCT52900CE,0.00,0.00,0.00,5311.85,0.00,5311.85,57907.20,6211.45,0,0,0,0.00,0,F1,30,,,,,
2026-08-04,2026-08-04,FO,NSE,IDO,49405,,BANKNIFTY,,2026-10-27,2026-10-27,53600.00,CE,BANKNIFTY26OCT53600CE,0.00,0.00,0.00,4790.50,0.00,4790.50,57907.20,5641.45,0,0,0,0.00,0,F1,30,,,,,
2026-08-04,2026-08-04,FO,NSE,IDO,49457,,BANKNIFTY,,2026-10-27,2026-10-27,55500.00,CE,BANKNIFTY26OCT55500CE,0.00,0.00,0.00,3400.00,3400.00,3400.00,57907.20,4223.23,0,0,0,0.00,0,F1,30,,,,,
2026-08-04,2026-08-04,FO,NSE,IDO,49461,,BANKNIFTY,,2026-10-27,2026-10-27,55700.00,CE,BANKNIFTY26OCT55700CE,0.00,0.00,0.00,3392.10,0.00,3392.10,57907.20,4086.37,0,0,0,0.00,0,F1,30,,,,,
2026-08-04,2026-08-04,FO,NSE,IDO,49581,,BANKNIFTY,,2026-10-27,2026-10-27,60400.00,CE,BANKNIFTY26OCT60400CE,0.00,0.00,0.00,1294.10,0.00,1294.10,57907.20,1628.08,0,0,0,0.00,0,F1,30,,,,,
2026-08-04,2026-08-04,FO,NSE,IDO,49593,,BANKNIFTY,,2026-10-27,2026-10-27,60900.00,CE,BANKNIFTY26OCT60900CE,0.00,0.00,0.00,1149.45,0.00,1149.45,57907.20,1451.40,0,0,0,0.00,0,F1,30,,,,,
2026-08-04,2026-08-04,FO,NSE,IDO,49589,,BANKNIFTY,,2026-10-27,2026-10-27,60800.00,CE,BANKNIFTY26OCT60800CE,0.00,0.00,0.00,1177.30,0.00,1177.30,57907.20,1485.52,0,0,0,0.00,0,F1,30,,,,,
2026-08-04,2026-08-04,FO,NSE,IDO,49583,,BANKNIFTY,,2026-10-27,2026-10-27,60500.00,CE,BANKNIFTY26OCT60500CE,0.00,0.00,0.00,1264.10,0.00,1264.10,57907.20,1591.52,0,0,0,0.00,0,F1,30,,,,,
2026-08-04,2026-08-04,FO,NSE,IDO,52265,,BANKNIFTY,,2026-09-29,2026-09-29,43500.00,PE,BANKNIFTY26SEP43500PE,0.00,0.00,0.00,20.50,20.50,20.50,57907.20,0.14,1020,0,0,0.00,0,F1,30,,,,,
2026-08-04,2026-08-04,FO,NSE,IDO,52283,,BANKNIFTY,,2026-09-29,2026-09-29,51000.00,PE,BANKNIFTY26SEP51000PE,54.05,62.10,48.80,55.50,55.50,53.55,57907.20,55.50,19110,1980,148,226683069.00,105,F1,30,,,,,
2026-08-04,2026-08-04,FO,NSE,IDO,70769,,BANKNIFTY,,2027-06-29,2027-06-29,52500.00,CE,BANKNIFTY27JUN52500CE,0.00,0.00,0.00,9732.10,0.00,9732.10,57907.20,9706.89,0,0,0,0.00,0,F1,30,,,,,
2026-08-04,2026-08-04,FO,NSE,IDO,59153,,BANKNIFTY,,2026-08-25,2026-08-25,59400.00,CE,BANKNIFTY26AUG59400CE,154.95,185.25,137.00,149.15,150.00,164.50,57907.20,149.15,41640,4620,5135,9175176642.00,3952,F1,30,,,,,
2026-08-04,2026-08-04,FO,NSE,IDO,59161,,BANKNIFTY,,2026-08-25,2026-08-25,59700.00,CE,BANKNIFTY26AUG59700CE,118.55,133.65,97.00,107.50,108.90,118.55,57907.20,107.50,23730,6060,2234,4008609753.00,1565,F1,30,,,,,
2026-08-04,2026-08-04,FO,NSE,IDO,59212,,BANKNIFTY,,2026-08-25,2026-08-25,60700.00,CE,BANKNIFTY26AUG60700CE,0.00,0.00,0.00,772.10,0.00,772.10,57907.20,311.50,0,0,0,0.00,0,F1,30,,,,,
2026-08-04,2026-08-04,FO,NSE,IDO,59214,,BANKNIFTY,,2026-08-25,2026-08-25,60800.00,CE,BANKNIFTY26AUG60800CE,0.00,0.00,0.00,752.15,0.00,752.15,57907.20,293.57,0,0,0,0.00,0,F1,30,,,,,
2026-08-04,2026-08-04,FO,NSE,IDO,59217,,BANKNIFTY,,2026-08-25,2026-08-25,60900.00,CE,BANKNIFTY26AUG60900CE,0.00,0.00,0.00,732.65,0.00,732.65,57907.20,276.49,0,0,0,0.00,0,F1,30,,,,,
2026-08-04,2026-08-04,FO,NSE,IDO,59226,,BANKNIFTY,,2026-08-25,2026-08-25,61100.00,CE,BANKNIFTY26AUG61100CE,0.00,0.00,0.00,694.85,0.00,694.85,57907.20,244.75,0,0,0,0.00,0,F1,30,,,,,
2026-08-04,2026-08-04,FO,NSE,IDO,59232,,BANKNIFTY,,2026-08-25,2026-08-25,61400.00,CE,BANKNIFTY26AUG61400CE,0.00,0.00,0.00,641.20,0.00,641.20,57907.20,202.80,0,0,0,0.00,0,F1,30,,,,,
2026-08-04,2026-08-04,FO,NSE,IDO,59314,,BANKNIFTY,,2026-08-25,2026-08-25,63900.00,CE,BANKNIFTY26AUG63900CE,0.00,0.00,0.00,314.70,0.00,314.70,57907.20,33.31,0,0,0,0.00,0,F1,30,,,,,
2026-08-04,2026-08-04,FO,NSE,IDO,52270,,BANKNIFTY,,2026-09-29,2026-09-29,46500.00,CE,BANKNIFTY26SEP46500CE,0.00,0.00,0.00,11298.00,0.00,11298.00,57907.20,11877.31,0,0,0,0.00,0,F1,30,,,,,
2026-08-04,2026-08-04,FO,NSE,IDO,69799,,BANKNIFTY,,2026-09-29,2026-09-29,56400.00,CE,BANKNIFTY26SEP56400CE,0.00,0.00,0.00,3522.55,0.00,3522.55,57907.20,3066.91,0,0,0,0.00,0,F1,30,,,,,
2026-08-04,2026-08-04,FO,NSE,IDO,69815,,BANKNIFTY,,2026-09-29,2026-09-29,57200.00,CE,BANKNIFTY26SEP57200CE,1821.80,1821.80,1630.90,1630.90,1630.90,1691.00,57907.20,2571.59,2640,0,2,3535581.00,2,F1,30,,,,,
2026-08-04,2026-08-04,FO,NSE,IDO,69840,,BANKNIFTY,,2026-09-29,2026-09-29,58100.00,CE,BANKNIFTY26SEP58100CE,1245.35,1274.70,1080.00,1125.15,1131.40,1215.00,57907.20,1125.15,4230,1680,76,135154365.00,63,F1,30,,,,,
2026-08-04,2026-08-04,FO,NSE,IDO,69944,,BANKNIFTY,,2026-09-29,2026-09-29,59500.00,CE,BANKNIFTY26SEP59500CE,0.00,0.00,0.00,1962.75,0.00,1962.75,57907.20,1441.49,0,0,0,0.00,0,F1,30,,,,,
2026-08-04,2026-08-04,FO,NSE,IDO,69982,,BANKNIFTY,,2026-09-29,2026-09-29,59600.00,CE,BANKNIFTY26SEP59600CE,0.00,0.00,0.00,1010.00,1010.00,1010.00,57907.20,1402.16,420,0,0,0.00,0,F1,30,,,,,
2026-08-04,2026-08-04,FO,NSE,IDO,70023,,BANKNIFTY,,2026-09-29,2026-09-29,60700.00,CE,BANKNIFTY26SEP60700CE,0.00,0.00,0.00,1519.00,0.00,1519.00,57907.20,1019.80,0,0,0,0.00,0,F1,30,,,,,
2026-08-04,2026-08-04,FO,NSE,IDO,70043,,BANKNIFTY,,2026-09-29,2026-09-29,61700.00,CE,BANKNIFTY26SEP61700CE,0.00,0.00,0.00,1211.20,0.00,1211.20,57907.20,749.30,0,0,0,0.00,0,F1,30,,,,,
2026-08-04,2026-08-04,FO,NSE,IDO,70088,,BANKNIFTY,,2026-09-29,2026-09-29,62600.00,CE,BANKNIFTY26SEP62600CE,0.00,0.00,0.00,981.05,0.00,981.05,57907.20,554.49,0,0,0,0.00,0,F1,30,,,,,
2026-08-04,2026-08-04,FO,NSE,IDO,70095,,BANKNIFTY,,2026-09-29,2026-09-29,62900.00,CE,BANKNIFTY26SEP62900CE,0.00,0.00,0.00,912.35,0.00,912.35,57907.20,500.05,0,0,0,0.00,0,F1,30,,,,,
2026-08-04,2026-08-04,FO,NSE,IDO,49338,,BANKNIFTY,,2026-10-27,2026-10-27,51000.00,CE,BANKNIFTY26OCT51000CE,0.00,0.00,0.00,6856.05,0.00,6856.05,57907.20,7861.18,0,0,0,0.00,0,F1,30,,,,,
2026-08-04,2026-08-04,FO,NSE,IDO,49357,,BANKNIFTY,,2026-10-27,2026-10-27,51600.00,CE,BANKNIFTY26OCT51600CE,0.00,0.00,0.00,6350.65,0.00,6350.65,57907.20,7326.02,0,0,0,0.00,0,F1,30,,,,,
2026-08-04,2026-08-04,FO,NSE,IDO,49413,,BANKNIFTY,,2026-10-27,2026-10-27,53900.00,CE,BANKNIFTY26OCT53900CE,0.00,0.00,0.00,4574.25,0.00,4574.25,57907.20,5404.50,0,0,0,0.00,0,F1,30,,,,,
2026-08-04,2026-08-04,FO,NSE,IDO,49459,,BANKNIFTY,,2026-10-27,2026-10-27,55600.00,CE,BANKNIFTY26OCT55600CE,0.00,0.00,0.00,3452.25,0.00,3452.25,57907.20,4154.49,0,0,0,0.00,0,F1,30,,,,,
2026-08-04,2026-08-04,FO,NSE,IDO,49479,,BANKNIFTY,,2026-10-27,2026-10-27,56500.00,CE,BANKNIFTY26OCT56500CE,0.00,0.00,0.00,2934.50,0.00,2934.50,57907.20,3564.33,0,0,0,0.00,0,F1,30,,,,,
2026-08-04,2026-08-04,FO,NSE,IDO,49481,,BANKNIFTY,,2026-10-27,2026-10-27,56600.00,CE,BANKNIFTY26OCT56600CE,0.00,0.00,0.00,2880.25,0.00,2880.25,57907.20,3501.99,0,0,0,0.00,0,F1,30,,,,,
2026-08-04,2026-08-04,FO,NSE,IDO,49525,,BANKNIFTY,,2026-10-27,2026-10-27,58200.00,CE,BANKNIFTY26OCT58200CE,0.00,0.00,0.00,2101.55,0.00,2101.55,57907.20,2595.44,0,0,0,0.00,0,F1,30,,,,,
2026-08-04,2026-08-04,FO,NSE,IDO,49558,,BANKNIFTY,,2026-10-27,2026-10-27,59400.00,CE,BANKNIFTY26OCT59400CE,0.00,0.00,0.00,1625.20,0.00,1625.20,57907.20,2028.36,0,0,0,0.00,0,F1,30,,,,,
2026-08-04,2026-08-04,FO,NSE,IDO,49587,,BANKNIFTY,,2026-10-27,2026-10-27,60700.00,CE,BANKNIFTY26OCT60700CE,0.00,0.00,0.00,1205.70,0.00,1205.70,57907.20,1520.25,0,0,0,0.00,0,F1,30,,,,,
2026-08-04,2026-08-04,FO,NSE,IDO,49625,,BANKNIFTY,,2026-10-27,2026-10-27,62300.00,CE,BANKNIFTY26OCT62300CE,0.00,0.00,0.00,812.65,0.00,812.65,57907.20,1033.85,0,0,0,0.00,0,F1,30,,,,,
2026-08-04,2026-08-04,FO,NSE,IDO,53228,,BANKNIFTY,,2026-12-29,2026-12-29,57000.00,CE,BANKNIFTY26DEC57000CE,3319.10,3394.50,3117.40,3171.85,3181.35,3296.05,57907.20,3171.85,7260,600,33,59623669.50,33,F1,30,,,,,
2026-08-04,2026-08-04,FO,NSE,IDO,58801,,BANKNIFTY,,2026-08-25,2026-08-25,48600.00,PE,BANKNIFTY26AUG48600PE,8.60,8.60,7.60,8.05,8.05,7.70,57907.20,8.05,300,60,37,53954887.50,11,F1,30,,,,,
2026-08-04,2026-08-04,FO,NSE,IDO,58879,,BANKNIFTY,,2026-08-25,2026-08-25,51000.00,PE,BANKNIFTY26AUG51000PE,13.50,17.65,11.10,16.60,16.75,13.80,57907.20,16.60,141540,-480,2653,4060317567.00,1408,F1,30,,,,,
2026-08-04,2026-08-04,FO,NSE,IDO,58987,,BANKNIFTY,,2026-08-25,2026-08-25,54300.00,PE,BANKNIFTY26AUG54300PE,48.15,60.30,39.35,52.80,53.05,50.75,57907.20,52.80,17880,3600,1758,2866539280.50,728,F1,30,,,,,
2026-08-04,2026-08-04,FO,NSE,IDO,59001,,BANKNIFTY,,2026-08-25,2026-08-25,54800.00,PE,BANKNIFTY26AUG54800PE,73.35,86.75,54.30,74.50,75.10,70.65,57907.20,74.50,28920,1380,1233,2029693962.00,732,F1,30,,,,,
2026-08-04,2026-08-04,FO,NSE,IDO,59013,,BANKNIFTY,,2026-08-25,2026-08-25,55400.00,PE,BANKNIFTY26AUG55400PE,112.05,143.00,83.95,118.15,121.65,109.30,57907.20,118.15,39570,3000,2225,3705798768.00,1573,F1,30,,,,,
2026-08-04,2026-08-04,FO,NSE,IDO,59043,,BANKNIFTY,,2026-08-25,2026-08-25,56100.00,PE,BANKNIFTY26AUG56100PE,190.10,249.35,147.45,207.85,210.85,189.35,57907.20,207.85,46950,3840,3684,6222196650.00,2795,F1,30,,,,,
2026-08-04,2026-08-04,FO,NSE,IDO,59056,,BANKNIFTY,,2026-08-25,2026-08-25,56500.00,PE,BANKNIFTY26AUG56500PE,262.30,340.35,203.60,285.90,289.20,256.45,57907.20,285.90,391980,4110,20015,34090245207.00,15430,F1,30,,,,,
2026-08-04,2026-08-04,FO,NSE,IDO,59089,,BANKNIFTY,,2026-08-25,2026-08-25,57400.00,PE,BANKNIFTY26AUG57400PE,524.05,653.35,416.60,567.10,560.55,511.30,57907.20,567.10,93510,9570,20890,36335463790.50,17386,F1,30,,,,,
2026-08-04,2026-08-04,FO,NSE,IDO,59112,,BANKNIFTY,,2026-08-25,2026-08-25,58100.00,PE,BANKNIFTY26AUG58100PE,810.00,1012.50,693.75,903.20,900.75,820.90,57907.20,903.20,40110,2520,7095,12546003337.50,6019,F1,30,,,,,
2026-08-04,2026-08-04,FO,NSE,IDO,59138,,BANKNIFTY,,2026-08-25,2026-08-25,58700.00,PE,BANKNIFTY26AUG58700PE,1228.05,1398.70,1039.95,1284.05,1274.85,1174.85,57907.20,1284.05,3810,270,431,774549280.50,293,F1,30,,,,,
2026-08-04,2026-08-04,FO,NSE,IDO,59160,,BANKNIFTY,,2026-08-25,2026-08-25,59600.00,PE,BANKNIFTY26AUG59600PE,2050.00,2050.00,2050.00,2050.00,2050.00,1787.20,57907.20,2056.62,360,120,4,7398000.00,1,F1,30,,,,,
2026-08-04,2026-08-04,FO,NSE,IDO,59251,,BANKNIFTY,,2026-08-25,2026-08-25,61800.00,PE,BANKNIFTY26AUG61800PE,0.00,0.00,0.00,6369.15,0.00,6369.15,57907.20,3833.33,0,0,0,0.00,0,F1,30,,,,,
2026-08-04,2026-08-04,FO,NSE,IDO,69547,,BANKNIFTY,,2026-09-29,2026-09-29,49000.00,PE,BANKNIFTY26SEP49000PE,33.00,36.00,33.00,35.50,35.50,33.00,57907.20,22.83,270,90,6,8826330.00,6,F1,30,,,,,
2026-08-04,2026-08-04,FO,NSE,IDO,52285,,BANKNIFTY,,2026-09-29,2026-09-29,52500.00,PE,BANKNIFTY26SEP52500PE,84.65,105.00,75.90,90.40,89.85,84.65,57907.20,90.40,17250,-810,178,280830801.00,113,F1,30,,,,,
2026-08-04,2026-08-04,FO,NSE,IDO,69829,,BANKNIFTY,,2026-09-29,2026-09-29,57800.00,PE,BANKNIFTY26SEP57800PE,882.00,1065.35,850.00,993.35,999.95,940.45,57907.20,993.35,8430,930,89,156890941.50,63,F1,30,,,,,
2026-08-04,2026-08-04,FO,NSE,IDO,70030,,BANKNIFTY,,2026-09-29,2026-09-29,61000.00,PE,BANKNIFTY26SEP61000PE,2896.55,3140.00,2896.55,3140.00,3140.00,2940.00,57907.20,3410.86,540,30,9,17299024.50,9,F1,30,,,,,
2026-08-04,2026-08-04,FO,NSE,IDO,49340,,BANKNIFTY,,2026-10-27,2026-10-27,51000.00,PE,BANKNIFTY26OCT51000PE,0.00,0.00,0.00,334.45,0.00,334.45,57907.20,187.51,0,0,0,0.00,0,F1,30,,,,,
2026-08-04,2026-08-04,FO,NSE,IDO,49374,,BANKNIFTY,,2026-10-27,2026-10-27,52300.00,PE,BANKNIFTY26OCT52300PE,0.00,0.00,0.00,539.95,0.00,539.95,57907.20,324.30,0,0,0,0.00,0,F1,30,,,,,
2026-08-04,2026-08-04,FO,NSE,IDO,49384,,BANKNIFTY,,2026-10-27,2026-10-27,52800.00,PE,BANKNIFTY26OCT52800PE,0.00,0.00,0.00,640.15,0.00,640.15,57907.20,393.99,0,0,0,0.00,0,F1,30,,,,,
2026-08-04,2026-08-04,FO,NSE,IDO,49388,,BANKNIFTY,,2026-10-27,2026-10-27,53000.00,PE,BANKNIFTY26OCT53000PE,0.00,0.00,0.00,683.80,0.00,683.80,57907.20,424.88,0,0,0,0.00,0,F1,30,,,,,
2026-08-04,2026-08-04,FO,NSE,IDO,49396,,BANKNIFTY,,2026-10-27,2026-10-27,53300.00,PE,BANKNIFTY26OCT53300PE,0.00,0.00,0.00,753.35,0.00,753.35,57907.20,474.65,0,0,0,0.00,0,F1,30,,,,,
2026-08-04,2026-08-04,FO,NSE,IDO,49410,,BANKNIFTY,,2026-10-27,2026-10-27,53700.00,PE,BANKNIFTY26OCT53700PE,0.00,0.00,0.00,855.70,0.00,855.70,57907.20,547.70,0,0,0,0.00,0,F1,30,,,,,
2026-08-04,2026-08-04,FO,NSE,IDO,49432,,BANKNIFTY,,2026-10-27,2026-10-27,54700.00,PE,BANKNIFTY26OCT54700PE,0.00,0.00,0.00,1145.30,0.00,1145.30,57907.20,766.71,0,0,0,0.00,0,F1,30,,,,,
2026-08-04,2026-08-04,FO,NSE,IDO,49456,,BANKNIFTY,,2026-10-27,2026-10-27,55400.00,PE,BANKNIFTY26OCT55400PE,0.00,0.00,0.00,1386.80,0.00,1386.80,57907.20,952.78,0,0,0,0.00,0,F1,30,,,,,
2026-08-04,2026-08-04,FO,NSE,IDO,49496,,BANKNIFTY,,2026-10-27,2026-10-27,57000.00,PE,BANKNIFTY26OCT57000PE,750.00,862.55,705.00,798.50,794.35,771.15,57907.20,798.50,22920,8790,399,691832877.00,306,F1,30,,,,,
2026-08-04,2026-08-04,FO,NSE,IDO,49500,,BANKNIFTY,,2026-10-27,2026-10-27,57200.00,PE,BANKNIFTY26OCT57200PE,0.00,0.00,0.00,2153.95,0.00,2153.95,57907.20,1575.02,0,0,0,0.00,0,F1,30,,,,,
2026-08-04,2026-08-04,FO,NSE,IDO,49521,,BANKNIFTY,,2026-10-27,2026-10-27,58000.00,PE,BANKNIFTY26OCT58000PE,1080.00,1230.90,1020.00,1160.00,1160.00,1127.10,57907.20,1160.00,4080,3120,121,214654905.00,117,F1,30,,,,,
2026-08-04,2026-08-04,FO,NSE,IDO,49530,,BANKNIFTY,,2026-10-27,2026-10-27,58400.00,PE,BANKNIFTY26OCT58400PE,0.00,0.00,0.00,2783.15,0.00,2783.15,57907.20,2109.37,0,0,0,0.00,0,F1,30,,,,,
2026-08-04,2026-08-04,FO,NSE,IDO,49540,,BANKNIFTY,,2026-10-27,2026-10-27,58700.00,PE,BANKNIFTY26OCT58700PE,0.00,0.00,0.00,2954.95,0.00,2954.95,57907.20,2257.92,0,0,0,0.00,0,F1,30,,,,,
2026-08-04,2026-08-04,FO,NSE,IDO,49542,,BANKNIFTY,,2026-10-27,2026-10-27,58800.00,PE,BANKNIFTY26OCT58800PE,0.00,0.00,0.00,3013.45,0.00,3013.45,57907.20,2308.86,0,0,0,0.00,0,F1,30,,,,,
2026-08-04,2026-08-04,FO,NSE,IDO,49562,,BANKNIFTY,,2026-10-27,2026-10-27,59500.00,PE,BANKNIFTY26OCT59500PE,0.00,0.00,0.00,3440.20,0.00,3440.20,57907.20,2684.02,0,0,0,0.00,0,F1,30,,,,,
2026-08-04,2026-08-04,FO,NSE,IDO,49566,,BANKNIFTY,,2026-10-27,2026-10-27,59700.00,PE,BANKNIFTY26OCT59700PE,0.00,0.00,0.00,3567.55,0.00,3567.55,57907.20,2797.12,0,0,0,0.00,0,F1,30,,,,,
2026-08-04,2026-08-04,FO,NSE,IDO,49578,,BANKNIFTY,,2026-10-27,2026-10-27,60200.00,PE,BANKNIFTY26OCT60200PE,0.00,0.00,0.00,3896.00,0.00,3896.00,57907.20,3091.11,0,0,0,0.00,0,F1,30,,,,,
2026-08-04,2026-08-04,FO,NSE,IDO,49598,,BANKNIFTY,,2026-10-27,2026-10-27,61100.00,PE,BANKNIFTY26OCT61100PE,0.00,0.00,0.00,4522.00,0.00,4522.00,57907.20,3659.46,0,0,0,0.00,0,F1,30,,,,,
2026-08-04,2026-08-04,FO,NSE,IDO,49626,,BANKNIFTY,,2026-10-27,2026-10-27,62300.00,PE,BANKNIFTY26OCT62300PE,0.00,0.00,0.00,5421.35,0.00,5421.35,57907.20,4490.35,0,0,0,0.00,0,F1,30,,,,,
2026-08-04,2026-08-04,FO,NSE,IDO,49628,,BANKNIFTY,,2026-10-27,2026-10-27,62400.00,PE,BANKNIFTY26OCT62400PE,0.00,0.00,0.00,5499.20,0.00,5499.20,57907.20,4563.10,0,0,0,0.00,0,F1,30,,,,,
2026-08-04,2026-08-04,FO,NSE,IDO,53217,,BANKNIFTY,,2026-12-29,2026-12-29,48000.00,PE,BANKNIFTY26DEC48000PE,0.00,0.00,0.00,125.00,125.00,125.00,57907.20,151.92,1050,0,0,0.00,0,F1,30,,,,,
2026-08-04,2026-08-04,FO,NSE,IDO,70766,,BANKNIFTY,,2027-06-29,2027-06-29,51000.00,PE,BANKNIFTY27JUN51000PE,0.00,0.00,0.00,1193.15,0.00,1193.15,57907.20,964.74,0,0,0,0.00,0,F1,30,,,,,
2026-08-04,2026-08-04,FO,NSE,IDO,70791,,BANKNIFTY,,2027-06-29,2027-06-29,55500.00,PE,BANKNIFTY27JUN55500PE,0.00,0.00,0.00,2421.75,0.00,2421.75,57907.20,2093.46,0,0,0,0.00,0,F1,30,,,,,
2026-08-04,2026-08-04,FO,NSE,IDO,70805,,BANKNIFTY,,2027-06-29,2027-06-29,66000.00,PE,BANKNIFTY27JUN66000PE,0.00,0.00,0.00,7602.30,0.00,7602.30,57907.20,7174.49,0,0,0,0.00,0,F1,30,,,,,
2026-08-04,2026-08-04,FO,NSE,IDO,59215,,BANKNIFTY,,2026-08-25,2026-08-25,60800.00,PE,BANKNIFTY26AUG60800PE,0.00,0.00,0.00,2920.00,2920.00,2920.00,57907.20,2974.06,60,0,0,0.00,0,F1,30,,,,,
2026-08-04,2026-08-04,FO,NSE,IDO,58934,,BANKNIFTY,,2026-08-25,2026-08-25,52700.00,CE,BANKNIFTY26AUG52700CE,0.00,0.00,0.00,4198.35,0.00,4198.35,57907.20,5417.45,0,0,0,0.00,0,F1,30,,,,,
2026-08-04,2026-08-04,FO,NSE,IDO,58916,,BANKNIFTY,,2026-08-25,2026-08-25,51800.00,CE,BANKNIFTY26AUG51800CE,0.00,0.00,0.00,4838.30,0.00,4838.30,57907.20,6298.01,0,0,0,0.00,0,F1,30,,,,,
2026-08-04,2026-08-04,FO,NSE,IDO,58844,,BANKNIFTY,,2026-08-25,2026-08-25,49700.00,CE,BANKNIFTY26AUG49700CE,0.00,0.00,0.00,6500.70,0.00,6500.70,57907.20,8381.39,0,0,0,0.00,0,F1,30,,,,,
2026-08-04,2026-08-04,FO,NSE,IDO,58840,,BANKNIFTY,,2026-08-25,2026-08-25,49500.00,CE,BANKNIFTY26AUG49500CE,0.00,0.00,0.00,7595.35,7595.35,7595.35,57907.20,8580.52,1860,0,0,0.00,0,F1,30,,,,,
2026-08-04,2026-08-04,FO,NSE,IDO,58812,,BANKNIFTY,,2026-08-25,2026-08-25,49000.00,CE,BANKNIFTY26AUG49000CE,0.00,0.00,0.00,8279.55,8279.55,8279.55,57907.20,9078.52,690,0,0,0.00,0,F1,30,,,,,
2026-08-04,2026-08-04,FO,NSE,IDO,58718,,BANKNIFTY,,2026-08-25,2026-08-25,46500.00,CE,BANKNIFTY26AUG46500CE,0.00,0.00,0.00,10745.35,10745.35,10745.35,57907.20,11569.58,120,0,0,0.00,0,F1,30,,,,,
2026-08-04,2026-08-04,FO,NSE,IDO,58702,,BANKNIFTY,,2026-08-25,2026-08-25,46000.00,CE,BANKNIFTY26AUG46000CE,11536.35,11536.35,11534.00,11534.00,11534.00,11304.00,57907.20,12067.83,19680,0,2,3452110.50,2,F1,30,,,,,
2026-08-04,2026-08-04,FO,NSE,IDO,58941,,BANKNIFTY,,2026-08-25,2026-08-25,53000.00,CE,BANKNIFTY26AUG53000CE,4900.00,4959.15,4610.75,4707.00,4721.00,4811.25,57907.20,4707.00,45930,-420,41,71113567.50,21,F1,30,,,,,
2026-08-04,2026-08-04,FO,NSE,IDO,58982,,BANKNIFTY,,2026-08-25,2026-08-25,54200.00,CE,BANKNIFTY26AUG54200CE,0.00,0.00,0.00,3717.40,3717.40,3717.40,57907.20,4000.10,0,0,0,0.00,0,F1,30,,,,,
2026-08-04,2026-08-04,FO,NSE,IDO,59004,,BANKNIFTY,,2026-08-25,2026-08-25,55000.00,CE,BANKNIFTY26AUG55000CE,2852.35,3056.50,2662.00,2789.65,2785.00,2916.20,57907.20,2789.65,75750,600,324,561935316.00,210,F1,30,,,,,
2026-08-04,2026-08-04,FO,NSE,IDO,59149,,BANKNIFTY,,2026-08-25,2026-08-25,59200.00,CE,BANKNIFTY26AUG59200CE,210.00,236.90,169.15,184.70,182.45,204.85,57907.20,184.70,94830,32670,8295,14781023721.00,5932,F1,30,,,,,
2026-08-04,2026-08-04,FO,NSE,IDO,58965,,BANKNIFTY,,2026-08-25,2026-08-25,53700.00,CE,BANKNIFTY26AUG53700CE,0.00,0.00,0.00,3547.15,0.00,3547.15,57907.20,4462.40,0,0,0,0.00,0,F1,30,,,,,
2026-08-04,2026-08-04,FO,NSE,IDO,70799,,BANKNIFTY,,2027-06-29,2027-06-29,61500.00,PE,BANKNIFTY27JUN61500PE,0.00,0.00,0.00,4995.95,0.00,4995.95,57907.20,4582.18,0,0,0,0.00,0,F1,30,,,,,
2026-08-04,2026-08-04,FO,NSE,IDO,70771,,BANKNIFTY,,2027-06-29,2027-06-29,52500.00,PE,BANKNIFTY27JUN52500PE,0.00,0.00,0.00,1541.40,0.00,1541.40,57907.20,1276.44,0,0,0,0.00,0,F1,30,,,,,
2026-08-04,2026-08-04,FO,NSE,IDO,49688,,BANKNIFTY,,2026-10-27,2026-10-27,64500.00,PE,BANKNIFTY26OCT64500PE,0.00,0.00,0.00,7224.45,0.00,7224.45,57907.20,6200.62,0,0,0,0.00,0,F1,30,,,,,
2026-08-04,2026-08-04,FO,NSE,IDO,49662,,BANKNIFTY,,2026-10-27,2026-10-27,63600.00,PE,BANKNIFTY26OCT63600PE,0.00,0.00,0.00,6465.40,0.00,6465.40,57907.20,5475.42,0,0,0,0.00,0,F1,30,,,,,
2026-08-04,2026-08-04,FO,NSE,IDO,49584,,BANKNIFTY,,2026-10-27,2026-10-27,60500.00,PE,BANKNIFTY26OCT60500PE,0.00,0.00,0.00,4099.80,0.00,4099.80,57907.20,3275.07,0,0,0,0.00,0,F1,30,,,,,
2026-08-04,2026-08-04,FO,NSE,IDO,49574,,BANKNIFTY,,2026-10-27,2026-10-27,60000.00,PE,BANKNIFTY26OCT60000PE,2100.00,2300.00,2100.00,2300.00,2300.00,2100.00,57907.20,2971.60,720,510,17,31726309.50,15,F1,30,,,,,
2026-08-04,2026-08-04,FO,NSE,IDO,49532,,BANKNIFTY,,2026-10-27,2026-10-27,58500.00,PE,BANKNIFTY26OCT58500PE,0.00,0.00,0.00,1750.00,1750.00,1750.00,57907.20,2158.07,30,0,0,0.00,0,F1,30,,,,,
2026-08-04,2026-08-04,FO,NSE,IDO,49518,,BANKNIFTY,,2026-10-27,2026-10-27,57900.00,PE,BANKNIFTY26OCT57900PE,0.00,0.00,0.00,2509.55,0.00,2509.55,57907.20,1874.90,0,0,0,0.00,0,F1,30,,,,,
2026-08-04,2026-08-04,FO,NSE,IDO,49440,,BANKNIFTY,,2026-10-27,2026-10-27,54900.00,PE,BANKNIFTY26OCT54900PE,0.00,0.00,0.00,1211.15,0.00,1211.15,57907.20,819.18,0,0,0,0.00,0,F1,30,,,,,
2026-08-04,2026-08-04,FO,NSE,IDO,49356,,BANKNIFTY,,2026-10-27,2026-10-27,51500.00,PE,BANKNIFTY26OCT51500PE,0.00,0.00,0.00,404.75,0.00,404.75,57907.20,233.21,0,0,0,0.00,0,F1,30,,,,,
2026-08-04,2026-08-04,FO,NSE,IDO,70110,,BANKNIFTY,,2026-09-29,2026-09-29,63700.00,PE,BANKNIFTY26SEP63700PE,0.00,0.00,0.00,5925.20,0.00,5925.20,57907.20,5529.01,0,0,0,0.00,0,F1,30,,,,,
2026-08-04,2026-08-04,FO,NSE,IDO,70077,,BANKNIFTY,,2026-09-29,2026-09-29,62000.00,PE,BANKNIFTY26SEP62000PE,3877.85,3877.85,3877.85,3877.85,3877.85,3800.00,57907.20,4147.90,180,30,1,1976335.50,1,F1,30,,,,,
2026-08-04,2026-08-04,FO,NSE,IDO,70028,,BANKNIFTY,,2026-09-29,2026-09-29,60900.00,PE,BANKNIFTY26SEP60900PE,0.00,0.00,0.00,3876.05,0.00,3876.05,57907.20,3340.85,0,0,0,0.00,0,F1,30,,,,,
2026-08-04,2026-08-04,FO,NSE,IDO,70012,,BANKNIFTY,,2026-09-29,2026-09-29,60100.00,PE,BANKNIFTY26SEP60100PE,0.00,0.00,0.00,3365.55,0.00,3365.55,57907.20,2806.24,0,0,0,0.00,0,F1,30,,,,,
2026-08-04,2026-08-04,FO,NSE,IDO,52361,,BANKNIFTY,,2026-09-29,2026-09-29,60000.00,PE,BANKNIFTY26SEP60000PE,2140.05,2365.80,2040.00,2287.05,2285.45,2178.70,57907.20,2287.05,57930,1650,256,477241191.00,250,F1,30,,,,,
2026-08-04,2026-08-04,FO,NSE,IDO,69871,,BANKNIFTY,,2026-09-29,2026-09-29,58800.00,PE,BANKNIFTY26SEP58800PE,0.00,0.00,0.00,1447.65,1447.65,1447.65,57907.20,2041.42,300,0,0,0.00,0,F1,30,,,,,
2026-08-04,2026-08-04,FO,NSE,IDO,69869,,BANKNIFTY,,2026-09-29,2026-09-29,58700.00,PE,BANKNIFTY26SEP58700PE,0.00,0.00,0.00,1289.35,1289.35,1289.35,57907.20,1988.20,1320,0,0,0.00,0,F1,30,,,,,
2026-08-04,2026-08-04,FO,NSE,IDO,69819,,BANKNIFTY,,2026-09-29,2026-09-29,57300.00,PE,BANKNIFTY26SEP57300PE,710.00,840.50,710.00,825.60,825.60,751.90,57907.20,1330.59,8190,90,12,20911125.00,11,F1,30,,,,,
2026-08-04,2026-08-04,FO,NSE,IDO,69802,,BANKNIFTY,,2026-09-29,2026-09-29,56500.00,PE,BANKNIFTY26SEP56500PE,500.05,602.10,450.05,546.75,545.00,516.50,57907.20,546.75,57270,1500,751,1284971085.00,587,F1,30,,,,,
2026-08-04,2026-08-04,FO,NSE,IDO,69774,,BANKNIFTY,,2026-09-29,2026-09-29,55200.00,PE,BANKNIFTY26SEP55200PE,0.00,0.00,0.00,1100.15,1100.15,1100.15,57907.20,642.77,30,0,0,0.00,0,F1,30,,,,,
2026-08-04,2026-08-04,FO,NSE,IDO,69721,,BANKNIFTY,,2026-09-29,2026-09-29,54400.00,PE,BANKNIFTY26SEP54400PE,177.95,216.95,162.00,199.15,197.35,187.60,57907.20,199.15,2850,360,76,124472203.50,66,F1,30,,,,,
2026-08-04,2026-08-04,FO,NSE,IDO,69699,,BANKNIFTY,,2026-09-29,2026-09-29,53700.00,PE,BANKNIFTY26SEP53700PE,0.00,0.00,0.00,703.05,0.00,703.05,57907.20,343.14,0,0,0,0.00,0,F1,30,,,,,
2026-08-04,2026-08-04,FO,NSE,IDO,69691,,BANKNIFTY,,2026-09-29,2026-09-29,53300.00,PE,BANKNIFTY26SEP53300PE,0.00,0.00,0.00,617.55,0.00,617.55,57907.20,285.32,0,0,0,0.00,0,F1,30,,,,,
2026-08-04,2026-08-04,FO,NSE,IDO,69687,,BANKNIFTY,,2026-09-29,2026-09-29,53100.00,PE,BANKNIFTY26SEP53100PE,0.00,0.00,0.00,577.80,0.00,577.80,57907.20,259.43,0,0,0,0.00,0,F1,30,,,,,
2026-08-04,2026-08-04,FO,NSE,IDO,69669,,BANKNIFTY,,2026-09-29,2026-09-29,52100.00,PE,BANKNIFTY26SEP52100PE,0.00,0.00,0.00,407.00,0.00,407.00,57907.20,156.47,0,0,0,0.00,0,F1,30,,,,,
2026-08-04,2026-08-04,FO,NSE,IDO,69665,,BANKNIFTY,,2026-09-29,2026-09-29,51900.00,PE,BANKNIFTY26SEP51900PE,0.00,0.00,0.00,378.05,0.00,378.05,57907.20,140.54,0,0,0,0.00,0,F1,30,,,,,
2026-08-04,2026-08-04,FO,NSE,IDO,52271,,BANKNIFTY,,2026-09-29,2026-09-29,46500.00,PE,BANKNIFTY26SEP46500PE,16.10,22.40,16.10,22.40,22.40,20.50,57907.20,3.04,12870,-510,44,61406214.00,26,F1,30,,,,,
2026-08-04,2026-08-04,FO,NSE,IDO,59301,,BANKNIFTY,,2026-08-25,2026-08-25,63500.00,PE,BANKNIFTY26AUG63500PE,0.00,0.00,0.00,5584.20,5584.20,5584.20,57907.20,5416.83,900,0,0,0.00,0,F1,30,,,,,
2026-08-04,2026-08-04,FO,NSE,IDO,59180,,BANKNIFTY,,2026-08-25,2026-08-25,60200.00,PE,BANKNIFTY26AUG60200PE,0.00,0.00,0.00,2933.00,2933.00,2933.00,57907.20,2497.39,360,0,0,0.00,0,F1,30,,,,,
2026-08-04,2026-08-04,FO,NSE,IDO,59109,,BANKNIFTY,,2026-08-25,2026-08-25,58000.00,PE,BANKNIFTY26AUG58000PE,705.00,950.00,646.75,844.20,845.15,767.35,57907.20,844.20,1568940,17040,62933,110980758000.00,45554,F1,30,,,,,
2026-08-04,2026-08-04,FO,NSE,IDO,59046,,BANKNIFTY,,2026-08-25,2026-08-25,56200.00,PE,BANKNIFTY26AUG56200PE,208.00,269.55,158.30,224.55,229.00,201.85,57907.20,224.55,69840,8880,4024,6810132651.00,3034,F1,30,,,,,
2026-08-04,2026-08-04,FO,NSE,IDO,59029,,BANKNIFTY,,2026-08-25,2026-08-25,55800.00,PE,BANKNIFTY26AUG55800PE,149.10,196.80,115.00,162.95,164.45,149.15,57907.20,162.95,60720,10440,3406,5717276469.00,2405,F1,30,,,,,
2026-08-04,2026-08-04,FO,NSE,IDO,58999,,BANKNIFTY,,2026-08-25,2026-08-25,54700.00,PE,BANKNIFTY26AUG54700PE,66.40,81.00,50.85,68.90,70.05,66.40,57907.20,68.90,22320,-2250,1057,1736646310.50,616,F1,30,,,,,
2026-08-04,2026-08-04,FO,NSE,IDO,58989,,BANKNIFTY,,2026-08-25,2026-08-25,54400.00,PE,BANKNIFTY26AUG54400PE,60.00,63.80,41.95,55.40,57.65,54.25,57907.20,55.40,79470,62910,7409,12103950340.50,2974,F1,30,,,,,
2026-08-04,2026-08-04,FO,NSE,IDO,58925,,BANKNIFTY,,2026-08-25,2026-08-25,52200.00,PE,BANKNIFTY26AUG52200PE,17.75,23.35,15.80,21.70,20.15,18.25,57907.20,21.70,3540,330,138,216189591.00,90,F1,30,,,,,
2026-08-04,2026-08-04,FO,NSE,IDO,58907,,BANKNIFTY,,2026-08-25,2026-08-25,51500.00,PE,BANKNIFTY26AUG51500PE,14.90,20.75,11.65,19.05,18.90,14.55,57907.20,19.05,100260,28770,5404,8351973486.00,2286,F1,30,,,,,
2026-08-04,2026-08-04,FO,NSE,IDO,58815,,BANKNIFTY,,2026-08-25,2026-08-25,49100.00,PE,BANKNIFTY26AUG49100PE,0.00,0.00,0.00,9.00,9.00,9.00,57907.20,0.25,690,0,0,0.00,0,F1,30,,,,,
2026-08-04,2026-08-04,FO,NSE,IDO,70792,,BANKNIFTY,,2027-06-29,2027-06-29,57000.00,CE,BANKNIFTY27JUN57000CE,0.00,0.00,0.00,6924.35,0.00,6924.35,57907.20,6797.20,0,0,0,0.00,0,F1,30,,,,,
2026-08-04,2026-08-04,FO,NSE,IDO,76392,,BANKNIFTY,,2027-03-30,2027-03-30,52500.00,CE,BANKNIFTY27MAR52500CE,0.00,0.00,0.00,4655.40,0.00,4655.40,57907.20,8628.34,0,0,0,0.00,0,F1,30,,,,,
2026-08-04,2026-08-04,FO,NSE,IDO,76390,,BANKNIFTY,,2027-03-30,2027-03-30,51000.00,CE,BANKNIFTY27MAR51000CE,0.00,0.00,0.00,5420.45,0.00,5420.45,57907.20,9777.26,0,0,0,0.00,0,F1,30,,,,,
2026-08-04,2026-08-04,FO,NSE,IDO,76388,,BANKNIFTY,,2027-03-30,2027-03-30,49500.00,CE,BANKNIFTY27MAR49500CE,0.00,0.00,0.00,6266.75,0.00,6266.75,57907.20,10991.16,0,0,0,0.00,0,F1,30,,,,,
2026-08-04,2026-08-04,FO,NSE,IDO,49668,,BANKNIFTY,,2026-10-27,2026-10-27,63900.00,CE,BANKNIFTY26OCT63900CE,0.00,0.00,0.00,530.75,0.00,530.75,57907.20,681.03,0,0,0,0.00,0,F1,30,,,,,
2026-08-04,2026-08-04,FO,NSE,IDO,49621,,BANKNIFTY,,2026-10-27,2026-10-27,62100.00,CE,BANKNIFTY26OCT62100CE,0.00,0.00,0.00,855.25,0.00,855.25,57907.20,1086.91,0,0,0,0.00,0,F1,30,,,,,
2026-08-04,2026-08-04,FO,NSE,IDO,49585,,BANKNIFTY,,2026-10-27,2026-10-27,60600.00,CE,BANKNIFTY26OCT60600CE,0.00,0.00,0.00,1234.65,0.00,1234.65,57907.20,1555.58,0,0,0,0.00,0,F1,30,,,,,
2026-08-04,2026-08-04,FO,NSE,IDO,49573,,BANKNIFTY,,2026-10-27,2026-10-27,60000.00,CE,BANKNIFTY26OCT60000CE,0.00,0.00,0.00,1419.65,0.00,1419.65,57907.20,1780.54,0,0,0,0.00,0,F1,30,,,,,
2026-08-04,2026-08-04,FO,NSE,IDO,49563,,BANKNIFTY,,2026-10-27,2026-10-27,59600.00,CE,BANKNIFTY26OCT59600CE,0.00,0.00,0.00,1554.35,0.00,1554.35,57907.20,1943.17,0,0,0,0.00,0,F1,30,,,,,
2026-08-04,2026-08-04,FO,NSE,IDO,49561,,BANKNIFTY,,2026-10-27,2026-10-27,59500.00,CE,BANKNIFTY26OCT59500CE,0.00,0.00,0.00,1589.45,0.00,1589.45,57907.20,1985.44,0,0,0,0.00,0,F1,30,,,,,
2026-08-04,2026-08-04,FO,NSE,IDO,49543,,BANKNIFTY,,2026-10-27,2026-10-27,58900.00,CE,BANKNIFTY26OCT58900CE,0.00,0.00,0.00,1812.85,0.00,1812.85,57907.20,2252.87,0,0,0,0.00,0,F1,30,,,,,
2026-08-04,2026-08-04,FO,NSE,IDO,49531,,BANKNIFTY,,2026-10-27,2026-10-27,58500.00,CE,BANKNIFTY26OCT58500CE,1428.70,1428.70,1295.35,1298.90,1302.35,1465.00,57907.20,1298.90,1530,840,38,68193382.50,21,F1,30,,,,,
2026-08-04,2026-08-04,FO,NSE,IDO,49522,,BANKNIFTY,,2026-10-27,2026-10-27,58100.00,CE,BANKNIFTY26OCT58100CE,0.00,0.00,0.00,2145.30,0.00,2145.30,57907.20,2647.04,0,0,0,0.00,0,F1,30,,,,,
2026-08-04,2026-08-04,FO,NSE,IDO,49513,,BANKNIFTY,,2026-10-27,2026-10-27,57800.00,CE,BANKNIFTY26OCT57800CE,0.00,0.00,0.00,2280.50,0.00,2280.50,57907.20,2805.91,0,0,0,0.00,0,F1,30,,,,,
2026-08-04,2026-08-04,FO,NSE,IDO,49495,,BANKNIFTY,,2026-10-27,2026-10-27,57000.00,CE,BANKNIFTY26OCT57000CE,2380.00,2399.50,2150.00,2219.50,2219.50,2331.60,57907.20,2219.50,2460,-30,23,40901067.00,21,F1,30,,,,,
2026-08-04,2026-08-04,FO,NSE,IDO,49487,,BANKNIFTY,,2026-10-27,2026-10-27,56700.00,CE,BANKNIFTY26OCT56700CE,0.00,0.00,0.00,2826.70,0.00,2826.70,57907.20,3440.31,0,0,0,0.00,0,F1,30,,,,,
2026-08-04,2026-08-04,FO,NSE,IDO,49463,,BANKNIFTY,,2026-10-27,2026-10-27,55800.00,CE,BANKNIFTY26OCT55800CE,0.00,0.00,0.00,3332.60,0.00,3332.60,57907.20,4018.88,0,0,0,0.00,0,F1,30,,,,,
2026-08-04,2026-08-04,FO,NSE,IDO,49423,,BANKNIFTY,,2026-10-27,2026-10-27,54400.00,CE,BANKNIFTY26OCT54400CE,0.00,0.00,0.00,4223.85,0.00,4223.85,57907.20,5020.06,0,0,0,0.00,0,F1,30,,,,,
2026-08-04,2026-08-04,FO,NSE,IDO,49421,,BANKNIFTY,,2026-10-27,2026-10-27,54300.00,CE,BANKNIFTY26OCT54300CE,0.00,0.00,0.00,4292.25,0.00,4292.25,57907.20,5095.87,0,0,0,0.00,0,F1,30,,,,,
2026-08-04,2026-08-04,FO,NSE,IDO,49359,,BANKNIFTY,,2026-10-27,2026-10-27,51700.00,CE,BANKNIFTY26OCT51700CE,0.00,0.00,0.00,6267.90,0.00,6267.90,57907.20,7237.99,0,0,0,0.00,0,F1,30,,,,,
2026-08-04,2026-08-04,FO,NSE,IDO,70113,,BANKNIFTY,,2026-09-29,2026-09-29,63900.00,CE,BANKNIFTY26SEP63900CE,0.00,0.00,0.00,708.00,0.00,708.00,57907.20,349.44,0,0,0,0.00,0,F1,30,,,,,
2026-08-04,2026-08-04,FO,NSE,IDO,70111,,BANKNIFTY,,2026-09-29,2026-09-29,63800.00,CE,BANKNIFTY26SEP63800CE,0.00,0.00,0.00,726.40,0.00,726.40,57907.20,362.54,0,0,0,0.00,0,F1,30,,,,,
2026-08-04,2026-08-04,FO,NSE,IDO,70109,,BANKNIFTY,,2026-09-29,2026-09-29,63700.00,CE,BANKNIFTY26SEP63700CE,0.00,0.00,0.00,745.15,0.00,745.15,57907.20,376.04,0,0,0,0.00,0,F1,30,,,,,
2026-08-04,2026-08-04,FO,NSE,IDO,70103,,BANKNIFTY,,2026-09-29,2026-09-29,63400.00,CE,BANKNIFTY26SEP63400CE,0.00,0.00,0.00,803.90,0.00,803.90,57907.20,419.13,0,0,0,0.00,0,F1,30,,,,,
2026-08-04,2026-08-04,FO,NSE,IDO,70101,,BANKNIFTY,,2026-09-29,2026-09-29,63300.00,CE,BANKNIFTY26SEP63300CE,0.00,0.00,0.00,824.30,0.00,824.30,57907.20,434.38,0,0,0,0.00,0,F1,30,,,,,
2026-08-04,2026-08-04,FO,NSE,IDO,52404,,BANKNIFTY,,2026-09-29,2026-09-29,63000.00,CE,BANKNIFTY26SEP63000CE,61.90,63.60,53.25,56.20,57.35,58.00,57907.20,56.20,63570,1980,545,1030974862.50,335,F1,30,,,,,
2026-08-04,2026-08-04,FO,NSE,IDO,70093,,BANKNIFTY,,2026-09-29,2026-09-29,62800.00,CE,BANKNIFTY26SEP62800CE,0.00,0.00,0.00,934.80,0.00,934.80,57907.20,517.69,0,0,0,0.00,0,F1,30,,,,,
2026-08-04,2026-08-04,FO,NSE,IDO,70082,,BANKNIFTY,,2026-09-29,2026-09-29,62300.00,CE,BANKNIFTY26SEP62300CE,0.00,0.00,0.00,1051.50,0.00,1051.50,57907.20,613.67,0,0,0,0.00,0,F1,30,,,,,
2026-08-04,2026-08-04,FO,NSE,IDO,52388,,BANKNIFTY,,2026-09-29,2026-09-29,61500.00,CE,BANKNIFTY26SEP61500CE,162.00,169.65,142.75,150.35,150.60,162.20,57907.20,150.35,26010,6780,591,1093195228.50,263,F1,30,,,,,
2026-08-04,2026-08-04,FO,NSE,IDO,70035,,BANKNIFTY,,2026-09-29,2026-09-29,61300.00,CE,BANKNIFTY26SEP61300CE,0.00,0.00,0.00,1327.90,0.00,1327.90,57907.20,847.90,0,0,0,0.00,0,F1,30,,,,,
2026-08-04,2026-08-04,FO,NSE,IDO,69895,,BANKNIFTY,,2026-09-29,2026-09-29,59000.00,CE,BANKNIFTY26SEP59000CE,750.15,830.80,682.50,728.15,722.80,775.95,57907.20,728.15,72900,510,1243,2227806858.00,977,F1,30,,,,,
2026-08-04,2026-08-04,FO,NSE,IDO,69850,,BANKNIFTY,,2026-09-29,2026-09-29,58400.00,CE,BANKNIFTY26SEP58400CE,1025.30,1063.85,940.00,1013.90,998.00,1062.00,57907.20,1013.90,9990,840,52,92599813.50,20,F1,30,,,,,
2026-08-04,2026-08-04,FO,NSE,IDO,69811,,BANKNIFTY,,2026-09-29,2026-09-29,56900.00,CE,BANKNIFTY26SEP56900CE,1987.60,1987.60,1821.30,1850.00,1850.00,1813.30,57907.20,2751.25,1470,90,5,8815728.00,5,F1,30,,,,,
2026-08-04,2026-08-04,FO,NSE,IDO,69700,,BANKNIFTY,,2026-09-29,2026-09-29,53800.00,CE,BANKNIFTY26SEP53800CE,0.00,0.00,0.00,5293.85,0.00,5293.85,57907.20,5006.51,0,0,0,0.00,0,F1,30,,,,,
2026-08-04,2026-08-04,FO,NSE,IDO,69696,,BANKNIFTY,,2026-09-29,2026-09-29,53600.00,CE,BANKNIFTY26SEP53600CE,0.00,0.00,0.00,5446.00,0.00,5446.00,57907.20,5173.49,0,0,0,0.00,0,F1,30,,,,,
2026-08-04,2026-08-04,FO,NSE,IDO,69688,,BANKNIFTY,,2026-09-29,2026-09-29,53200.00,CE,BANKNIFTY26SEP53200CE,0.00,0.00,0.00,5756.35,0.00,5756.35,57907.20,5513.71,0,0,0,0.00,0,F1,30,,,,,
2026-08-04,2026-08-04,FO,NSE,IDO,69686,,BANKNIFTY,,2026-09-29,2026-09-29,53100.00,CE,BANKNIFTY26SEP53100CE,0.00,0.00,0.00,5835.15,0.00,5835.15,57907.20,5600.00,0,0,0,0.00,0,F1,30,,,,,
2026-08-04,2026-08-04,FO,NSE,IDO,52268,,BANKNIFTY,,2026-09-29,2026-09-29,45000.00,CE,BANKNIFTY26SEP45000CE,0.00,0.00,0.00,12567.35,0.00,12567.35,57907.20,13359.92,0,0,0,0.00,0,F1,30,,,,,
2026-08-04,2026-08-04,FO,NSE,IDO,59340,,BANKNIFTY,,2026-08-25,2026-08-25,65000.00,CE,BANKNIFTY26AUG65000CE,5.45,5.95,4.80,5.00,4.95,5.20,57907.20,5.00,193950,2880,2848,5554058194.50,1407,F1,30,,,,,
2026-08-04,2026-08-04,FO,NSE,IDO,59178,,BANKNIFTY,,2026-08-25,2026-08-25,60200.00,CE,BANKNIFTY26AUG60200CE,0.00,0.00,0.00,880.55,0.00,880.55,57907.20,414.80,0,0,0,0.00,0,F1,30,,,,,
2026-08-04,2026-08-04,FO,NSE,IDO,59151,,BANKNIFTY,,2026-08-25,2026-08-25,59300.00,CE,BANKNIFTY26AUG59300CE,173.00,210.10,152.25,166.20,165.00,184.40,57907.20,166.20,38820,8580,6358,11344716279.00,4916,F1,30,,,,,
2026-08-04,2026-08-04,FO,NSE,IDO,59136,,BANKNIFTY,,2026-08-25,2026-08-25,58700.00,CE,BANKNIFTY26AUG58700CE,353.80,379.20,279.25,306.00,300.05,337.95,57907.20,306.00,49920,5790,6812,12061614660.00,5665,F1,30,,,,,
2026-08-04,2026-08-04,FO,NSE,IDO,59077,,BANKNIFTY,,2026-08-25,2026-08-25,56900.00,CE,BANKNIFTY26AUG56900CE,1260.05,1404.60,1116.50,1202.10,1194.70,1283.30,57907.20,1202.10,74640,-2490,1575,2745343096.50,1242,F1,30,,,,,
2026-08-04,2026-08-04,FO,NSE,IDO,59022,,BANKNIFTY,,2026-08-25,2026-08-25,55700.00,CE,BANKNIFTY26AUG55700CE,2115.00,2115.00,2115.00,2115.00,2115.00,2297.05,57907.20,2713.97,540,-90,3,5203350.00,3,F1,30,,,,,
2026-08-04,2026-08-04,FO,NSE,IDO,58958,,BANKNIFTY,,2026-08-25,2026-08-25,53400.00,CE,BANKNIFTY26AUG53400CE,0.00,0.00,0.00,3735.80,0.00,3735.80,57907.20,4745.31,0,0,0,0.00,0,F1,30,,,,,
2026-08-04,2026-08-04,FO,NSE,IDO,58908,,BANKNIFTY,,2026-08-25,2026-08-25,51600.00,CE,BANKNIFTY26AUG51600CE,0.00,0.00,0.00,4986.75,0.00,4986.75,57907.20,6495.26,0,0,0,0.00,0,F1,30,,,,,
2026-08-04,2026-08-04,FO,NSE,IDO,58858,,BANKNIFTY,,2026-08-25,2026-08-25,50100.00,CE,BANKNIFTY26AUG50100CE,0.00,0.00,0.00,6167.55,0.00,6167.55,57907.20,7983.28,0,0,0,0.00,0,F1,30,,,,,
2026-08-04,2026-08-04,FO,NSE,IDF,68390,,BANKNIFTY,,2026-09-29,2026-09-29,,,BANKNIFTY26SEPFUT,58151.40,58421.00,57967.80,58111.40,58096.20,58251.40,57907.20,58111.40,168540,10530,1455,2540308884.00,1101,F1,30,,,,,
2026-08-04,2026-08-04,FO,NSE,IDO,69656,,BANKNIFTY,,2026-09-29,2026-09-29,51500.00,CE,BANKNIFTY26SEP51500CE,0.00,0.00,0.00,7157.85,0.00,7157.85,57907.20,7037.13,0,0,0,0.00,0,F1,30,,,,,
2026-08-04,2026-08-04,FO,NSE,IDO,69564,,BANKNIFTY,,2026-09-29,2026-09-29,50000.00,CE,BANKNIFTY26SEP50000CE,8200.00,8200.00,8091.25,8099.60,8099.60,8220.00,57907.20,8454.70,3840,1350,45,78464046.00,44,F1,30,,,,,
2026-08-04,2026-08-04,FO,NSE,IDO,59312,,BANKNIFTY,,2026-08-25,2026-08-25,63800.00,CE,BANKNIFTY26AUG63800CE,0.00,0.00,0.00,324.25,0.00,324.25,57907.20,36.11,0,0,0,0.00,0,F1,30,,,,,
2026-08-04,2026-08-04,FO,NSE,IDO,59230,,BANKNIFTY,,2026-08-25,2026-08-25,61300.00,CE,BANKNIFTY26AUG61300CE,0.00,0.00,0.00,658.70,0.00,658.70,57907.20,216.06,0,0,0,0.00,0,F1,30,,,,,
2026-08-04,2026-08-04,FO,NSE,IDO,59165,,BANKNIFTY,,2026-08-25,2026-08-25,59900.00,CE,BANKNIFTY26AUG59900CE,95.40,105.95,78.45,86.70,87.70,95.60,57907.20,86.70,34770,3210,2219,3993531673.50,1472,F1,30,,,,,
2026-08-04,2026-08-04,FO,NSE,IDO,59163,,BANKNIFTY,,2026-08-25,2026-08-25,59800.00,CE,BANKNIFTY26AUG59800CE,111.55,119.25,88.25,96.15,96.00,105.15,57907.20,96.15,94020,16740,3873,6959890776.00,2334,F1,30,,,,,
2026-08-04,2026-08-04,FO,NSE,IDO,59124,,BANKNIFTY,,2026-08-25,2026-08-25,58400.00,CE,BANKNIFTY26AUG58400CE,458.10,498.20,369.15,403.60,404.20,446.95,57907.20,403.60,63870,15000,11121,19626654292.50,8639,F1,30,,,,,
2026-08-04,2026-08-04,FO,NSE,IDO,59094,,BANKNIFTY,,2026-08-25,2026-08-25,57700.00,CE,BANKNIFTY26AUG57700CE,850.00,865.00,660.50,714.65,714.00,777.65,57907.20,714.65,281310,92100,47226,82817721021.00,34308,F1,30,,,,,
2026-08-04,2026-08-04,FO,NSE,IDO,59038,,BANKNIFTY,,2026-08-25,2026-08-25,56000.00,CE,BANKNIFTY26AUG56000CE,2067.45,2159.80,1786.10,1902.95,1897.50,2017.00,57907.20,1902.95,144930,-690,1045,1816276536.00,719,F1,30,,,,,
2026-08-04,2026-08-04,FO,NSE,IDO,59025,,BANKNIFTY,,2026-08-25,2026-08-25,55800.00,CE,BANKNIFTY26AUG55800CE,2216.05,2305.00,1975.80,1975.80,1975.80,2245.00,57907.20,2635.25,1800,-60,12,20871205.50,12,F1,30,,,,,
2026-08-04,2026-08-04,FO,NSE,IDO,59012,,BANKNIFTY,,2026-08-25,2026-08-25,55400.00,CE,BANKNIFTY26AUG55400CE,2685.45,2685.45,2400.00,2410.00,2410.00,2690.00,57907.20,2410.00,510,0,3,5210863.50,3,F1,30,,,,,
2026-08-04,2026-08-04,FO,NSE,IDO,59008,,BANKNIFTY,,2026-08-25,2026-08-25,55200.00,CE,BANKNIFTY26AUG55200CE,2833.00,2833.00,2833.00,2833.00,2833.00,2892.40,57907.20,3122.22,360,0,1,1740990.00,1,F1,30,,,,,
2026-08-04,2026-08-04,FO,NSE,IDO,58994,,BANKNIFTY,,2026-08-25,2026-08-25,54600.00,CE,BANKNIFTY26AUG54600CE,0.00,0.00,0.00,3303.65,3303.65,3303.65,57907.20,3640.43,60,0,0,0.00,0,F1,30,,,,,
2026-08-04,2026-08-04,FO,NSE,IDO,58882,,BANKNIFTY,,2026-08-25,2026-08-25,51200.00,CE,BANKNIFTY26AUG51200CE,0.00,0.00,0.00,5290.25,0.00,5290.25,57907.20,6890.85,0,0,0,0.00,0,F1,30,,,,,
2026-08-04,2026-08-04,FO,NSE,IDO,58880,,BANKNIFTY,,2026-08-25,2026-08-25,51100.00,CE,BANKNIFTY26AUG51100CE,0.00,0.00,0.00,6201.00,6201.00,6201.00,57907.20,6989.93,60,0,0,0.00,0,F1,30,,,,,
2026-08-04,2026-08-04,FO,NSE,IDO,58878,,BANKNIFTY,,2026-08-25,2026-08-25,51000.00,CE,BANKNIFTY26AUG51000CE,6651.00,6684.10,6565.00,6676.40,6684.10,6820.00,57907.20,6676.40,8670,60,5,8647354.50,5,F1,30,,,,,
2026-08-04,2026-08-04,FO,NSE,IDO,58870,,BANKNIFTY,,2026-08-25,2026-08-25,50600.00,CE,BANKNIFTY26AUG50600CE,0.00,0.00,0.00,5761.40,0.00,5761.40,57907.20,7486.14,0,0,0,0.00,0,F1,30,,,,,
2026-08-04,2026-08-04,FO,NSE,IDO,58864,,BANKNIFTY,,2026-08-25,2026-08-25,50400.00,CE,BANKNIFTY26AUG50400CE,0.00,0.00,0.00,5922.40,0.00,5922.40,57907.20,7684.91,0,0,0,0.00,0,F1,30,,,,,
2026-08-04,2026-08-04,FO,NSE,IDO,58838,,BANKNIFTY,,2026-08-25,2026-08-25,49400.00,CE,BANKNIFTY26AUG49400CE,0.00,0.00,0.00,6755.05,0.00,6755.05,57907.20,8680.11,0,0,0,0.00,0,F1,30,,,,,
2026-08-04,2026-08-04,FO,NSE,IDO,58778,,BANKNIFTY,,2026-08-25,2026-08-25,48500.00,CE,BANKNIFTY26AUG48500CE,0.00,0.00,0.00,7539.00,0.00,7539.00,57907.20,9576.65,0,0,0,0.00,0,F1,30,,,,,
2026-08-04,2026-08-04,FO,NSE,IDO,52297,,BANKNIFTY,,2026-09-29,2026-09-29,55500.00,CE,BANKNIFTY26SEP55500CE,3069.95,3100.00,2850.00,2888.20,2888.15,3072.70,57907.20,2888.20,6210,-90,13,22807858.50,12,F1,30,,,,,
2026-08-04,2026-08-04,FO,NSE,IDO,69785,,BANKNIFTY,,2026-09-29,2026-09-29,55900.00,CE,BANKNIFTY26SEP55900CE,0.00,0.00,0.00,3831.40,0.00,3831.40,57907.20,3402.34,0,0,0,0.00,0,F1,30,,,,,
2026-08-04,2026-08-04,FO,NSE,IDO,69793,,BANKNIFTY,,2026-09-29,2026-09-29,56100.00,CE,BANKNIFTY26SEP56100CE,0.00,0.00,0.00,3705.95,0.00,3705.95,57907.20,3265.85,0,0,0,0.00,0,F1,30,,,,,
2026-08-04,2026-08-04,FO,NSE,IDO,69845,,BANKNIFTY,,2026-09-29,2026-09-29,58200.00,CE,BANKNIFTY26SEP58200CE,1124.15,1161.70,1075.30,1086.05,1086.05,1143.20,57907.20,1086.05,4530,270,15,26690511.00,15,F1,30,,,,,
2026-08-04,2026-08-04,FO,NSE,IDO,70092,,BANKNIFTY,,2026-09-29,2026-09-29,62700.00,PE,BANKNIFTY26SEP62700PE,0.00,0.00,0.00,5153.10,0.00,5153.10,57907.20,4698.84,0,0,0,0.00,0,F1,30,,,,,
2026-08-04,2026-08-04,FO,NSE,IDO,70098,,BANKNIFTY,,2026-09-29,2026-09-29,63100.00,PE,BANKNIFTY26SEP63100PE,0.00,0.00,0.00,5455.60,0.00,5455.60,57907.20,5025.25,0,0,0,0.00,0,F1,30,,,,,
2026-08-04,2026-08-04,FO,NSE,IDO,52440,,BANKNIFTY,,2026-09-29,2026-09-29,69000.00,PE,BANKNIFTY26SEP69000PE,0.00,0.00,0.00,9000.00,9000.00,9000.00,57907.20,10440.31,120,0,0,0.00,0,F1,30,,,,,
2026-08-04,2026-08-04,FO,NSE,IDO,49386,,BANKNIFTY,,2026-10-27,2026-10-27,52900.00,PE,BANKNIFTY26OCT52900PE,0.00,0.00,0.00,661.70,0.00,661.70,57907.20,409.21,0,0,0,0.00,0,F1,30,,,,,
2026-08-04,2026-08-04,FO,NSE,IDO,49392,,BANKNIFTY,,2026-10-27,2026-10-27,53200.00,PE,BANKNIFTY26OCT53200PE,0.00,0.00,0.00,729.60,0.00,729.60,57907.20,457.59,0,0,0,0.00,0,F1,30,,,,,
2026-08-04,2026-08-04,FO,NSE,IDO,49426,,BANKNIFTY,,2026-10-27,2026-10-27,54500.00,PE,BANKNIFTY26OCT54500PE,0.00,0.00,0.00,1081.95,0.00,1081.95,57907.20,718.53,0,0,0,0.00,0,F1,30,,,,,
2026-08-04,2026-08-04,FO,NSE,IDO,49428,,BANKNIFTY,,2026-10-27,2026-10-27,54600.00,PE,BANKNIFTY26OCT54600PE,0.00,0.00,0.00,1113.35,0.00,1113.35,57907.20,742.34,0,0,0,0.00,0,F1,30,,,,,
2026-08-04,2026-08-04,FO,NSE,IDO,49648,,BANKNIFTY,,2026-10-27,2026-10-27,63000.00,PE,BANKNIFTY26OCT63000PE,0.00,0.00,0.00,5975.20,0.00,5975.20,57907.20,5013.41,0,0,0,0.00,0,F1,30,,,,,
2026-08-04,2026-08-04,FO,NSE,IDO,49667,,BANKNIFTY,,2026-10-27,2026-10-27,63800.00,PE,BANKNIFTY26OCT63800PE,0.00,0.00,0.00,6631.70,0.00,6631.70,57907.20,5633.70,0,0,0,0.00,0,F1,30,,,,,
2026-08-04,2026-08-04,FO,NSE,IDO,70795,,BANKNIFTY,,2027-06-29,2027-06-29,58500.00,PE,BANKNIFTY27JUN58500PE,0.00,0.00,0.00,3574.05,0.00,3574.05,57907.20,3193.92,0,0,0,0.00,0,F1,30,,,,,
2026-08-04,2026-08-04,FO,NSE,IDO,59239,,BANKNIFTY,,2026-08-25,2026-08-25,61500.00,CE,BANKNIFTY26AUG61500CE,18.75,19.95,15.30,17.95,18.25,18.30,57907.20,17.95,155940,7890,13111,24196784739.00,9097,F1,30,,,,,
2026-08-04,2026-08-04,FO,NSE,IDO,59262,,BANKNIFTY,,2026-08-25,2026-08-25,62400.00,CE,BANKNIFTY26AUG62400CE,0.00,0.00,0.00,486.70,0.00,486.70,57907.20,103.66,0,0,0,0.00,0,F1,30,,,,,
2026-08-04,2026-08-04,FO,NSE,IDO,59304,,BANKNIFTY,,2026-08-25,2026-08-25,63700.00,CE,BANKNIFTY26AUG63700CE,0.00,0.00,0.00,334.05,0.00,334.05,57907.20,39.10,0,0,0,0.00,0,F1,30,,,,,
2026-08-04,2026-08-04,FO,NSE,IDO,69546,,BANKNIFTY,,2026-09-29,2026-09-29,49000.00,CE,BANKNIFTY26SEP49000CE,0.00,0.00,0.00,9405.90,0.00,9405.90,57907.20,9422.21,0,0,0,0.00,0,F1,30,,,,,
2026-08-04,2026-08-04,FO,NSE,IDO,49678,,BANKNIFTY,,2026-10-27,2026-10-27,64000.00,PE,BANKNIFTY26OCT64000PE,0.00,0.00,0.00,6799.40,0.00,6799.40,57907.20,5793.67,0,0,0,0.00,0,F1,30,,,,,
2026-08-04,2026-08-04,FO,NSE,IDO,70764,,BANKNIFTY,,2027-06-29,2027-06-29,49500.00,PE,BANKNIFTY27JUN49500PE,0.00,0.00,0.00,905.05,0.00,905.05,57907.20,711.54,0,0,0,0.00,0,F1,30,,,,,
2026-08-04,2026-08-04,FO,NSE,IDO,70787,,BANKNIFTY,,2027-06-29,2027-06-29,54000.00,PE,BANKNIFTY27JUN54000PE,0.00,0.00,0.00,1949.60,0.00,1949.60,57907.20,1653.12,0,0,0,0.00,0,F1,30,,,,,
2026-08-04,2026-08-04,FO,NSE,IDO,70793,,BANKNIFTY,,2027-06-29,2027-06-29,57000.00,PE,BANKNIFTY27JUN57000PE,0.00,0.00,0.00,2963.90,0.00,2963.90,57907.20,2607.63,0,0,0,0.00,0,F1,30,,,,,
2026-08-04,2026-08-04,FO,NSE,IDO,58842,,BANKNIFTY,,2026-08-25,2026-08-25,49600.00,CE,BANKNIFTY26AUG49600CE,0.00,0.00,0.00,6585.05,0.00,6585.05,57907.20,8480.95,0,0,0,0.00,0,F1,30,,,,,
2026-08-04,2026-08-04,FO,NSE,IDO,58876,,BANKNIFTY,,2026-08-25,2026-08-25,50900.00,CE,BANKNIFTY26AUG50900CE,0.00,0.00,0.00,5523.50,0.00,5523.50,57907.20,7188.27,0,0,0,0.00,0,F1,30,,,,,
2026-08-04,2026-08-04,FO,NSE,IDO,70024,,BANKNIFTY,,2026-09-29,2026-09-29,60700.00,PE,BANKNIFTY26SEP60700PE,0.00,0.00,0.00,3745.00,0.00,3745.00,57907.20,3202.89,0,0,0,0.00,0,F1,30,,,,,
2026-08-04,2026-08-04,FO,NSE,IDO,70022,,BANKNIFTY,,2026-09-29,2026-09-29,60600.00,PE,BANKNIFTY26SEP60600PE,0.00,0.00,0.00,3680.35,0.00,3680.35,57907.20,3134.97,0,0,0,0.00,0,F1,30,,,,,
2026-08-04,2026-08-04,FO,NSE,IDO,70010,,BANKNIFTY,,2026-09-29,2026-09-29,59900.00,PE,BANKNIFTY26SEP59900PE,0.00,0.00,0.00,3243.70,0.00,3243.70,57907.20,2679.96,0,0,0,0.00,0,F1,30,,,,,
2026-08-04,2026-08-04,FO,NSE,IDO,69918,,BANKNIFTY,,2026-09-29,2026-09-29,59400.00,PE,BANKNIFTY26SEP59400PE,0.00,0.00,0.00,2949.60,0.00,2949.60,57907.20,2377.77,0,0,0,0.00,0,F1,30,,,,,
2026-08-04,2026-08-04,FO,NSE,IDO,69800,,BANKNIFTY,,2026-09-29,2026-09-29,56400.00,PE,BANKNIFTY26SEP56400PE,0.00,0.00,0.00,1514.55,0.00,1514.55,57907.20,993.20,0,0,0,0.00,0,F1,30,,,,,
2026-08-04,2026-08-04,FO,NSE,IDO,69798,,BANKNIFTY,,2026-09-29,2026-09-29,56300.00,PE,BANKNIFTY26SEP56300PE,467.95,541.00,410.00,499.35,500.15,458.95,57907.20,499.35,4380,1140,62,105617406.00,53,F1,30,,,,,
2026-08-04,2026-08-04,FO,NSE,IDO,69762,,BANKNIFTY,,2026-09-29,2026-09-29,54700.00,PE,BANKNIFTY26SEP54700PE,0.00,0.00,0.00,955.70,0.00,955.70,57907.20,527.09,0,0,0,0.00,0,F1,30,,,,,
2026-08-04,2026-08-04,FO,NSE,IDO,69707,,BANKNIFTY,,2026-09-29,2026-09-29,54200.00,PE,BANKNIFTY26SEP54200PE,0.00,0.00,0.00,823.90,0.00,823.90,57907.20,427.65,0,0,0,0.00,0,F1,30,,,,,
2026-08-04,2026-08-04,FO,NSE,IDO,69701,,BANKNIFTY,,2026-09-29,2026-09-29,53800.00,PE,BANKNIFTY26SEP53800PE,0.00,0.00,0.00,725.75,0.00,725.75,57907.20,358.91,0,0,0,0.00,0,F1,30,,,,,
2026-08-04,2026-08-04,FO,NSE,IDO,69689,,BANKNIFTY,,2026-09-29,2026-09-29,53200.00,PE,BANKNIFTY26SEP53200PE,0.00,0.00,0.00,597.40,0.00,597.40,57907.20,272.14,0,0,0,0.00,0,F1,30,,,,,
2026-08-04,2026-08-04,FO,NSE,IDO,69659,,BANKNIFTY,,2026-09-29,2026-09-29,51600.00,PE,BANKNIFTY26SEP51600PE,0.00,0.00,0.00,337.70,0.00,337.70,57907.20,119.14,0,0,0,0.00,0,F1,30,,,,,
2026-08-04,2026-08-04,FO,NSE,IDO,59291,,BANKNIFTY,,2026-08-25,2026-08-25,63200.00,PE,BANKNIFTY26AUG63200PE,0.00,0.00,0.00,7560.40,0.00,7560.40,57907.20,5129.79,0,0,0,0.00,0,F1,30,,,,,
2026-08-04,2026-08-04,FO,NSE,IDO,59273,,BANKNIFTY,,2026-08-25,2026-08-25,62600.00,PE,BANKNIFTY26AUG62600PE,0.00,0.00,0.00,7042.20,0.00,7042.20,57907.20,4564.10,0,0,0,0.00,0,F1,30,,,,,
2026-08-04,2026-08-04,FO,NSE,IDO,59259,,BANKNIFTY,,2026-08-25,2026-08-25,62200.00,PE,BANKNIFTY26AUG62200PE,0.00,0.00,0.00,6702.95,0.00,6702.95,57907.20,4194.80,0,0,0,0.00,0,F1,30,,,,,
2026-08-04,2026-08-04,FO,NSE,IDO,59191,,BANKNIFTY,,2026-08-25,2026-08-25,60300.00,PE,BANKNIFTY26AUG60300PE,2473.00,2680.00,2473.00,2680.00,2680.00,5174.70,57907.20,2574.47,30,30,2,3772590.00,2,F1,30,,,,,
2026-08-04,2026-08-04,FO,NSE,IDO,59007,,BANKNIFTY,,2026-08-25,2026-08-25,55100.00,PE,BANKNIFTY26AUG55100PE,90.00,111.40,66.95,92.80,93.85,87.70,57907.20,92.80,44640,22920,2926,4845046384.50,1525,F1,30,,,,,
2026-08-04,2026-08-04,FO,NSE,IDO,58983,,BANKNIFTY,,2026-08-25,2026-08-25,54200.00,PE,BANKNIFTY26AUG54200PE,49.00,56.00,36.70,49.75,49.90,48.55,57907.20,49.75,18360,-2130,1071,1743031650.00,531,F1,30,,,,,
2026-08-04,2026-08-04,FO,NSE,IDO,58942,,BANKNIFTY,,2026-08-25,2026-08-25,53000.00,PE,BANKNIFTY26AUG53000PE,27.00,30.20,18.00,28.50,28.75,25.65,57907.20,28.50,364020,27990,12311,19584037239.00,6456,F1,30,,,,,
2026-08-04,2026-08-04,FO,NSE,IDO,58940,,BANKNIFTY,,2026-08-25,2026-08-25,52900.00,PE,BANKNIFTY26AUG52900PE,21.70,28.75,19.50,27.00,28.00,24.75,57907.20,27.00,13290,720,468,743056866.00,264,F1,30,,,,,
2026-08-04,2026-08-04,FO,NSE,IDO,58933,,BANKNIFTY,,2026-08-25,2026-08-25,52600.00,PE,BANKNIFTY26AUG52600PE,17.60,26.35,17.30,24.05,23.15,21.75,57907.20,24.05,5670,720,112,176811916.50,72,F1,30,,,,,
2026-08-04,2026-08-04,FO,NSE,IDO,58875,,BANKNIFTY,,2026-08-25,2026-08-25,50800.00,PE,BANKNIFTY26AUG50800PE,12.15,16.15,10.75,14.55,15.25,12.15,57907.20,14.55,1110,270,46,70122664.50,24,F1,30,,,,,
2026-08-04,2026-08-04,FO,NSE,IDO,58849,,BANKNIFTY,,2026-08-25,2026-08-25,49800.00,PE,BANKNIFTY26AUG49800PE,0.00,0.00,0.00,10.20,10.20,10.20,57907.20,0.74,450,0,0,0.00,0,F1,30,,,,,
2026-08-04,2026-08-04,FO,NSE,IDO,58839,,BANKNIFTY,,2026-08-25,2026-08-25,49400.00,PE,BANKNIFTY26AUG49400PE,8.15,9.00,8.15,8.90,8.90,11.30,57907.20,0.40,570,-390,17,25198536.00,8,F1,30,,,,,
2026-08-04,2026-08-04,FO,NSE,IDO,58817,,BANKNIFTY,,2026-08-25,2026-08-25,49200.00,PE,BANKNIFTY26AUG49200PE,8.85,8.85,8.85,8.85,8.85,9.30,57907.20,0.30,420,-90,3,4428796.50,1,F1,30,,,,,
2026-08-04,2026-08-04,FO,NSE,IDO,70788,,BANKNIFTY,,2027-06-29,2027-06-29,55500.00,CE,BANKNIFTY27JUN55500CE,0.00,0.00,0.00,7792.30,0.00,7792.30,57907.20,7696.66,0,0,0,0.00,0,F1,30,,,,,
2026-08-04,2026-08-04,FO,NSE,IDO,76394,,BANKNIFTY,,2027-03-30,2027-03-30,54000.00,CE,BANKNIFTY27MAR54000CE,0.00,0.00,0.00,3970.55,0.00,3970.55,57907.20,7553.92,0,0,0,0.00,0,F1,30,,,,,
2026-08-04,2026-08-04,FO,NSE,IDO,49713,,BANKNIFTY,,2026-10-27,2026-10-27,65500.00,CE,BANKNIFTY26OCT65500CE,0.00,0.00,0.00,336.25,0.00,336.25,57907.20,433.62,0,0,0,0.00,0,F1,30,,,,,
2026-08-04,2026-08-04,FO,NSE,IDO,49663,,BANKNIFTY,,2026-10-27,2026-10-27,63700.00,CE,BANKNIFTY26OCT63700CE,0.00,0.00,0.00,560.70,0.00,560.70,57907.20,718.89,0,0,0,0.00,0,F1,30,,,,,
2026-08-04,2026-08-04,FO,NSE,IDO,49508,,BANKNIFTY,,2026-10-27,2026-10-27,57600.00,CE,BANKNIFTY26OCT57600CE,0.00,0.00,0.00,2373.85,0.00,2373.85,57907.20,2915.20,0,0,0,0.00,0,F1,30,,,,,
2026-08-04,2026-08-04,FO,NSE,IDO,49419,,BANKNIFTY,,2026-10-27,2026-10-27,54200.00,CE,BANKNIFTY26OCT54200CE,0.00,0.00,0.00,4361.20,0.00,4361.20,57907.20,5172.22,0,0,0,0.00,0,F1,30,,,,,
2026-08-04,2026-08-04,FO,NSE,IDO,49409,,BANKNIFTY,,2026-10-27,2026-10-27,53700.00,CE,BANKNIFTY26OCT53700CE,0.00,0.00,0.00,4717.85,0.00,4717.85,57907.20,5561.96,0,0,0,0.00,0,F1,30,,,,,
2026-08-04,2026-08-04,FO,NSE,IDO,49391,,BANKNIFTY,,2026-10-27,2026-10-27,53200.00,CE,BANKNIFTY26OCT53200CE,0.00,0.00,0.00,5084.25,0.00,5084.25,57907.20,5964.33,0,0,0,0.00,0,F1,30,,,,,
2026-08-04,2026-08-04,FO,NSE,IDO,49383,,BANKNIFTY,,2026-10-27,2026-10-27,52800.00,CE,BANKNIFTY26OCT52800CE,0.00,0.00,0.00,5388.75,0.00,5388.75,57907.20,6294.72,0,0,0,0.00,0,F1,30,,,,,
2026-08-04,2026-08-04,FO,NSE,IDO,70119,,BANKNIFTY,,2026-09-29,2026-09-29,64200.00,CE,BANKNIFTY26SEP64200CE,0.00,0.00,0.00,655.15,0.00,655.15,57907.20,312.51,0,0,0,0.00,0,F1,30,,,,,
2026-08-04,2026-08-04,FO,NSE,IDO,70105,,BANKNIFTY,,2026-09-29,2026-09-29,63500.00,CE,BANKNIFTY26SEP63500CE,0.00,0.00,0.00,783.90,0.00,783.90,57907.20,404.33,0,0,0,0.00,0,F1,30,,,,,
2026-08-04,2026-08-04,FO,NSE,IDO,69913,,BANKNIFTY,,2026-09-29,2026-09-29,59300.00,CE,BANKNIFTY26SEP59300CE,0.00,0.00,0.00,2045.10,0.00,2045.10,57907.20,1522.54,0,0,0,0.00,0,F1,30,,,,,
2026-08-04,2026-08-04,FO,NSE,IDO,69803,,BANKNIFTY,,2026-09-29,2026-09-29,56600.00,CE,BANKNIFTY26SEP56600CE,0.00,0.00,0.00,1755.00,1755.00,1755.00,57907.20,2938.24,300,0,0,0.00,0,F1,30,,,,,
2026-08-04,2026-08-04,FO,NSE,IDO,69795,,BANKNIFTY,,2026-09-29,2026-09-29,56200.00,CE,BANKNIFTY26SEP56200CE,0.00,0.00,0.00,3644.20,0.00,3644.20,57907.20,3198.75,0,0,0,0.00,0,F1,30,,,,,
2026-08-04,2026-08-04,FO,NSE,IDO,69708,,BANKNIFTY,,2026-09-29,2026-09-29,54300.00,CE,BANKNIFTY26SEP54300CE,0.00,0.00,0.00,4924.95,0.00,4924.95,57907.20,4598.92,0,0,0,0.00,0,F1,30,,,,,
2026-08-04,2026-08-04,FO,NSE,IDO,69706,,BANKNIFTY,,2026-09-29,2026-09-29,54200.00,CE,BANKNIFTY26SEP54200CE,0.00,0.00,0.00,4998.15,0.00,4998.15,57907.20,4679.27,0,0,0,0.00,0,F1,30,,,,,
2026-08-04,2026-08-04,FO,NSE,IDO,69692,,BANKNIFTY,,2026-09-29,2026-09-29,53400.00,CE,BANKNIFTY26SEP53400CE,0.00,0.00,0.00,5600.15,0.00,5600.15,57907.20,5342.58,0,0,0,0.00,0,F1,30,,,,,
2026-08-04,2026-08-04,FO,NSE,IDO,69682,,BANKNIFTY,,2026-09-29,2026-09-29,52900.00,CE,BANKNIFTY26SEP52900CE,0.00,0.00,0.00,5994.30,0.00,5994.30,57907.20,5773.99,0,0,0,0.00,0,F1,30,,,,,
2026-08-04,2026-08-04,FO,NSE,IDO,52284,,BANKNIFTY,,2026-09-29,2026-09-29,52500.00,CE,BANKNIFTY26SEP52500CE,0.00,0.00,0.00,6823.00,0.00,6823.00,57907.20,6127.26,0,0,0,0.00,0,F1,30,,,,,
2026-08-04,2026-08-04,FO,NSE,IDO,58818,,BANKNIFTY,,2026-08-25,2026-08-25,49300.00,CE,BANKNIFTY26AUG49300CE,0.00,0.00,0.00,6840.65,0.00,6840.65,57907.20,8779.70,0,0,0,0.00,0,F1,30,,,,,
2026-08-04,2026-08-04,FO,NSE,IDO,58922,,BANKNIFTY,,2026-08-25,2026-08-25,52100.00,CE,BANKNIFTY26AUG52100CE,0.00,0.00,0.00,4621.65,0.00,4621.65,57907.20,6003.03,0,0,0,0.00,0,F1,30,,,,,
2026-08-04,2026-08-04,FO,NSE,IDO,58926,,BANKNIFTY,,2026-08-25,2026-08-25,52300.00,CE,BANKNIFTY26AUG52300CE,0.00,0.00,0.00,4478.75,0.00,4478.75,57907.20,5807.10,0,0,0,0.00,0,F1,30,,,,,
2026-08-04,2026-08-04,FO,NSE,IDO,58936,,BANKNIFTY,,2026-08-25,2026-08-25,52800.00,CE,BANKNIFTY26AUG52800CE,0.00,0.00,0.00,4130.40,0.00,4130.40,57907.20,5320.58,0,0,0,0.00,0,F1,30,,,,,
2026-08-04,2026-08-04,FO,NSE,IDO,58938,,BANKNIFTY,,2026-08-25,2026-08-25,52900.00,CE,BANKNIFTY26AUG52900CE,0.00,0.00,0.00,4063.05,0.00,4063.05,57907.20,5223.96,0,0,0,0.00,0,F1,30,,,,,
2026-08-04,2026-08-04,FO,NSE,IDO,58960,,BANKNIFTY,,2026-08-25,2026-08-25,53500.00,CE,BANKNIFTY26AUG53500CE,4341.00,4341.00,4100.00,4214.55,4227.00,4400.00,57907.20,4214.55,7800,-240,35,60592575.00,27,F1,30,,,,,
2026-08-04,2026-08-04,FO,NSE,IDO,58990,,BANKNIFTY,,2026-08-25,2026-08-25,54500.00,CE,BANKNIFTY26AUG54500CE,3443.95,3500.00,3180.00,3263.45,3263.45,3443.95,57907.20,3729.39,3780,-480,36,62493252.00,25,F1,30,,,,,
2026-08-04,2026-08-04,FO,NSE,IDO,58998,,BANKNIFTY,,2026-08-25,2026-08-25,54700.00,CE,BANKNIFTY26AUG54700CE,0.00,0.00,0.00,2961.05,0.00,2961.05,57907.20,3552.17,0,0,0,0.00,0,F1,30,,,,,
2026-08-04,2026-08-04,FO,NSE,IDO,59014,,BANKNIFTY,,2026-08-25,2026-08-25,55500.00,CE,BANKNIFTY26AUG55500CE,2480.00,2610.00,2220.00,2335.00,2330.00,2456.95,57907.20,2335.00,14760,-30,66,114603750.00,61,F1,30,,,,,
2026-08-04,2026-08-04,FO,NSE,IDO,59083,,BANKNIFTY,,2026-08-25,2026-08-25,57200.00,CE,BANKNIFTY26AUG57200CE,1083.00,1194.20,932.00,1005.05,1000.00,1081.90,57907.20,1005.05,82410,-1680,4530,7910834928.00,3278,F1,30,,,,,
2026-08-04,2026-08-04,FO,NSE,IDO,59114,,BANKNIFTY,,2026-08-25,2026-08-25,58200.00,CE,BANKNIFTY26AUG58200CE,535.00,590.50,440.50,481.60,471.60,531.55,57907.20,481.60,119490,39150,15451,27214327519.50,12672,F1,30,,,,,
2026-08-04,2026-08-04,FO,NSE,IDO,59134,,BANKNIFTY,,2026-08-25,2026-08-25,58600.00,CE,BANKNIFTY26AUG58600CE,382.05,416.85,306.85,336.25,333.05,372.75,57907.20,336.25,73080,4890,11331,20040807243.00,8995,F1,30,,,,,
2026-08-04,2026-08-04,FO,NSE,IDO,58736,,BANKNIFTY,,2026-08-25,2026-08-25,47000.00,CE,BANKNIFTY26AUG47000CE,10653.00,10653.00,10625.00,10625.00,10625.00,10815.40,57907.20,11071.33,10590,-90,3,5187657.00,3,F1,30,,,,,
2026-08-04,2026-08-04,FO,NSE,IDO,59042,,BANKNIFTY,,2026-08-25,2026-08-25,56100.00,CE,BANKNIFTY26AUG56100CE,1982.35,2060.75,1715.00,1815.50,1808.75,1924.45,57907.20,1815.50,10860,-5010,467,811972746.00,197,F1,30,,,,,
2026-08-04,2026-08-04,FO,NSE,IDO,59055,,BANKNIFTY,,2026-08-25,2026-08-25,56500.00,CE,BANKNIFTY26AUG56500CE,1550.00,1730.00,1404.00,1492.70,1501.55,1605.25,57907.20,1492.70,138870,-46320,3721,6484224445.50,1927,F1,30,,,,,
2026-08-04,2026-08-04,FO,NSE,IDO,59081,,BANKNIFTY,,2026-08-25,2026-08-25,57100.00,CE,BANKNIFTY26AUG57100CE,1119.90,1265.00,994.05,1066.20,1069.75,1147.55,57907.20,1066.20,80760,-6960,1892,3303279837.00,1473,F1,30,,,,,
2026-08-04,2026-08-04,FO,NSE,IDO,59139,,BANKNIFTY,,2026-08-25,2026-08-25,58800.00,CE,BANKNIFTY26AUG58800CE,305.00,343.80,254.00,276.25,275.70,307.80,57907.20,276.25,65160,13050,9836,17438242462.50,7672,F1,30,,,,,
2026-08-04,2026-08-04,FO,NSE,IDO,59147,,BANKNIFTY,,2026-08-25,2026-08-25,59100.00,CE,BANKNIFTY26AUG59100CE,230.75,254.55,187.50,204.50,205.50,227.70,57907.20,204.50,80190,44400,7444,13245983709.00,5534,F1,30,,,,,
2026-08-04,2026-08-04,FO,NSE,IDO,59170,,BANKNIFTY,,2026-08-25,2026-08-25,60100.00,CE,BANKNIFTY26AUG60100CE,76.50,84.65,61.50,69.90,70.70,75.45,57907.20,69.90,39930,4830,2836,5119416598.50,1775,F1,30,,,,,
2026-08-04,2026-08-04,FO,NSE,IDO,59228,,BANKNIFTY,,2026-08-25,2026-08-25,61200.00,CE,BANKNIFTY26AUG61200CE,24.95,25.25,17.65,22.75,22.90,23.25,57907.20,22.75,50970,7530,1463,2687053608.00,767,F1,30,,,,,
2026-08-04,2026-08-04,FO,NSE,IDO,59246,,BANKNIFTY,,2026-08-25,2026-08-25,61600.00,CE,BANKNIFTY26AUG61600CE,0.00,0.00,0.00,607.40,0.00,607.40,57907.20,178.30,0,0,0,0.00,0,F1,30,,,,,
2026-08-04,2026-08-04,FO,NSE,IDO,59252,,BANKNIFTY,,2026-08-25,2026-08-25,61900.00,CE,BANKNIFTY26AUG61900CE,0.00,0.00,0.00,559.50,0.00,559.50,57907.20,146.24,0,0,0,0.00,0,F1,30,,,,,
2026-08-04,2026-08-04,FO,NSE,IDO,59254,,BANKNIFTY,,2026-08-25,2026-08-25,62000.00,CE,BANKNIFTY26AUG62000CE,13.00,14.35,11.65,13.45,14.00,13.10,57907.20,13.45,355740,19560,8875,16511071395.00,4742,F1,30,,,,,
2026-08-04,2026-08-04,FO,NSE,IDO,59256,,BANKNIFTY,,2026-08-25,2026-08-25,62100.00,CE,BANKNIFTY26AUG62100CE,0.00,0.00,0.00,529.35,0.00,529.35,57907.20,127.69,0,0,0,0.00,0,F1,30,,,,,
2026-08-04,2026-08-04,FO,NSE,IDO,59298,,BANKNIFTY,,2026-08-25,2026-08-25,63400.00,CE,BANKNIFTY26AUG63400CE,0.00,0.00,0.00,365.00,0.00,365.00,57907.20,49.47,0,0,0,0.00,0,F1,30,,,,,
2026-08-04,2026-08-04,FO,NSE,IDO,59300,,BANKNIFTY,,2026-08-25,2026-08-25,63500.00,CE,BANKNIFTY26AUG63500CE,7.75,9.00,6.00,6.95,8.50,7.60,57907.20,6.95,22500,-1710,956,1821395401.50,400,F1,30,,,,,
2026-08-04,2026-08-04,FO,NSE,IDO,69591,,BANKNIFTY,,2026-09-29,2026-09-29,50500.00,CE,BANKNIFTY26SEP50500CE,0.00,0.00,0.00,8035.05,0.00,8035.05,57907.20,7976.71,0,0,0,0.00,0,F1,30,,,,,
2026-08-04,2026-08-04,FO,NSE,IDO,69674,,BANKNIFTY,,2026-09-29,2026-09-29,52400.00,CE,BANKNIFTY26SEP52400CE,0.00,0.00,0.00,6400.20,0.00,6400.20,57907.20,6216.62,0,0,0,0.00,0,F1,30,,,,,
2026-08-04,2026-08-04,FO,NSE,IDO,69684,,BANKNIFTY,,2026-09-29,2026-09-29,53000.00,CE,BANKNIFTY26SEP53000CE,0.00,0.00,0.00,4830.00,4830.00,4830.00,57907.20,5686.76,330,0,0,0.00,0,F1,30,,,,,
2026-08-04,2026-08-04,FO,NSE,IDO,69813,,BANKNIFTY,,2026-09-29,2026-09-29,57100.00,CE,BANKNIFTY26SEP57100CE,1837.35,1837.35,1712.30,1712.30,1712.30,1798.85,57907.20,1712.30,2760,30,3,5299050.00,3,F1,30,,,,,
2026-08-04,2026-08-04,FO,NSE,IDO,69817,,BANKNIFTY,,2026-09-29,2026-09-29,57300.00,CE,BANKNIFTY26SEP57300CE,1759.20,1759.20,1582.40,1584.80,1582.40,1793.35,57907.20,1584.80,2340,0,8,14151664.50,8,F1,30,,,,,
2026-08-04,2026-08-04,FO,NSE,IDO,69826,,BANKNIFTY,,2026-09-29,2026-09-29,57700.00,CE,BANKNIFTY26SEP57700CE,1462.80,1505.00,1293.70,1352.25,1333.30,1426.55,57907.20,1352.25,6690,3060,131,232283425.50,84,F1,30,,,,,
2026-08-04,2026-08-04,FO,NSE,IDO,69872,,BANKNIFTY,,2026-09-29,2026-09-29,58900.00,CE,BANKNIFTY26SEP58900CE,0.00,0.00,0.00,2217.10,0.00,2217.10,57907.20,1694.27,0,0,0,0.00,0,F1,30,,,,,
2026-08-04,2026-08-04,FO,NSE,IDO,70045,,BANKNIFTY,,2026-09-29,2026-09-29,61800.00,CE,BANKNIFTY26SEP61800CE,0.00,0.00,0.00,1183.35,0.00,1183.35,57907.20,725.70,0,0,0,0.00,0,F1,30,,,,,
2026-08-04,2026-08-04,FO,NSE,IDO,70086,,BANKNIFTY,,2026-09-29,2026-09-29,62500.00,CE,BANKNIFTY26SEP62500CE,0.00,0.00,0.00,1004.90,0.00,1004.90,57907.20,573.68,0,0,0,0.00,0,F1,30,,,,,
2026-08-04,2026-08-04,FO,NSE,IDO,49446,,BANKNIFTY,,2026-10-27,2026-10-27,55200.00,CE,BANKNIFTY26OCT55200CE,0.00,0.00,0.00,3699.30,0.00,3699.30,57907.20,4435.66,0,0,0,0.00,0,F1,30,,,,,
2026-08-04,2026-08-04,FO,NSE,IDO,49451,,BANKNIFTY,,2026-10-27,2026-10-27,55400.00,CE,BANKNIFTY26OCT55400CE,0.00,0.00,0.00,3574.50,0.00,3574.50,57907.20,4292.59,0,0,0,0.00,0,F1,30,,,,,
2026-08-04,2026-08-04,FO,NSE,IDO,49529,,BANKNIFTY,,2026-10-27,2026-10-27,58400.00,CE,BANKNIFTY26OCT58400CE,0.00,0.00,0.00,2015.90,0.00,2015.90,57907.20,2494.26,0,0,0,0.00,0,F1,30,,,,,
2026-08-04,2026-08-04,FO,NSE,IDO,49545,,BANKNIFTY,,2026-10-27,2026-10-27,59000.00,CE,BANKNIFTY26OCT59000CE,0.00,0.00,0.00,1774.10,0.00,1774.10,57907.20,2206.64,0,0,0,0.00,0,F1,30,,,,,
2026-08-04,2026-08-04,FO,NSE,IDO,49647,,BANKNIFTY,,2026-10-27,2026-10-27,63000.00,CE,BANKNIFTY26OCT63000CE,0.00,0.00,0.00,677.00,0.00,677.00,57907.20,867.44,0,0,0,0.00,0,F1,30,,,,,
2026-08-04,2026-08-04,FO,NSE,IDO,49651,,BANKNIFTY,,2026-10-27,2026-10-27,63200.00,CE,BANKNIFTY26OCT63200CE,0.00,0.00,0.00,641.90,0.00,641.90,57907.20,821.15,0,0,0,0.00,0,F1,30,,,,,
2026-08-04,2026-08-04,FO,NSE,IDO,49697,,BANKNIFTY,,2026-10-27,2026-10-27,65000.00,CE,BANKNIFTY26OCT65000CE,0.00,0.00,0.00,389.05,0.00,389.05,57907.20,501.08,0,0,0,0.00,0,F1,30,,,,,
2026-08-04,2026-08-04,FO,NSE,IDO,53218,,BANKNIFTY,,2026-12-29,2026-12-29,49500.00,CE,BANKNIFTY26DEC49500CE,0.00,0.00,0.00,12801.50,0.00,12801.50,57907.20,9964.35,0,0,0,0.00,0,F1,30,,,,,
2026-08-04,2026-08-04,FO,NSE,IDO,76402,,BANKNIFTY,,2027-03-30,2027-03-30,60000.00,CE,BANKNIFTY27MAR60000CE,0.00,0.00,0.00,1968.25,0.00,1968.25,57907.20,4078.35,0,0,0,0.00,0,F1,30,,,,,
2026-08-04,2026-08-04,FO,NSE,IDO,76425,,BANKNIFTY,,2027-03-30,2027-03-30,63000.00,CE,BANKNIFTY27MAR63000CE,1550.00,1550.00,1500.75,1500.75,1500.75,1550.00,57907.20,2853.02,1470,0,2,3871522.50,2,F1,30,,,,,
2026-08-04,2026-08-04,FO,NSE,IDO,70765,,BANKNIFTY,,2027-06-29,2027-06-29,51000.00,CE,BANKNIFTY27JUN51000CE,0.00,0.00,0.00,10793.90,0.00,10793.90,57907.20,10808.80,0,0,0,0.00,0,F1,30,,,,,
2026-08-04,2026-08-04,FO,NSE,IDO,58805,,BANKNIFTY,,2026-08-25,2026-08-25,48700.00,PE,BANKNIFTY26AUG48700PE,0.00,0.00,0.00,8.10,8.40,8.10,57907.20,0.13,600,0,0,0.00,0,F1,30,,,,,
2026-08-04,2026-08-04,FO,NSE,IDO,46976,,NIFTY,,2026-09-01,2026-09-01,23750.00,PE,NIFTY2690123750PE,0.00,0.00,0.00,296.60,0.00,296.60,24614.90,119.36,0,0,0,0.00,0,F1,65,,,,,
2026-08-04,2026-08-04,FO,NSE,IDO,46974,,NIFTY,,2026-09-01,2026-09-01,23700.00,PE,NIFTY2690123700PE,54.75,69.65,49.00,63.70,62.35,55.25,24614.90,63.70,6175,2470,97,149792318.00,71,F1,65,,,,,
2026-08-04,2026-08-04,FO,NSE,IDO,46940,,NIFTY,,2026-09-01,2026-09-01,22850.00,PE,NIFTY2690122850PE,0.00,0.00,0.00,18.60,18.60,18.60,24614.90,20.22,65,0,0,0.00,0,F1,65,,,,,
2026-08-04,2026-08-04,FO,NSE,IDO,46926,,NIFTY,,2026-09-01,2026-09-01,22500.00,PE,NIFTY2690122500PE,11.00,15.20,11.00,14.30,14.05,14.10,24614.90,14.30,13260,2470,170,248772251.00,92,F1,65,,,,,
2026-08-04,2026-08-04,FO,NSE,IDO,62168,,NIFTY,,2026-08-25,2026-08-25,26600.00,PE,NIFTY26AUG26600PE,0.00,0.00,0.00,2455.55,0.00,2455.55,24614.90,1905.57,0,0,0,0.00,0,F1,65,,,,,
2026-08-04,2026-08-04,FO,NSE,IDO,62136,,NIFTY,,2026-08-25,2026-08-25,26550.00,PE,NIFTY26AUG26550PE,0.00,0.00,0.00,2413.10,0.00,2413.10,24614.90,1857.41,0,0,0,0.00,0,F1,65,,,,,
2026-08-04,2026-08-04,FO,NSE,IDO,62052,,NIFTY,,2026-08-25,2026-08-25,26100.00,PE,NIFTY26AUG26100PE,1420.00,1560.00,1420.00,1545.00,1545.00,1433.55,24614.90,1434.19,26780,975,19,34123908.00,12,F1,65,,,,,
2026-08-04,2026-08-04,FO,NSE,IDO,61859,,NIFTY,,2026-08-25,2026-08-25,24900.00,PE,NIFTY26AUG24900PE,372.05,502.00,353.05,448.55,458.45,389.65,24614.90,448.55,172770,24375,2495,4104395412.00,1986,F1,65,,,,,
2026-08-04,2026-08-04,FO,NSE,IDO,61670,,NIFTY,,2026-08-25,2026-08-25,24200.00,PE,NIFTY26AUG24200PE,98.95,151.65,88.45,125.95,126.50,104.80,24614.90,125.95,2136290,-39780,31682,50077006378.75,21441,F1,65,,,,,
2026-08-04,2026-08-04,FO,NSE,IDO,61604,,NIFTY,,2026-08-25,2026-08-25,24000.00,PE,NIFTY26AUG24000PE,68.90,101.20,60.00,83.50,83.65,71.30,24614.90,83.50,8001890,-275730,69612,108950333199.50,41002,F1,65,,,,,
2026-08-04,2026-08-04,FO,NSE,IDO,61500,,NIFTY,,2026-08-25,2026-08-25,23500.00,PE,NIFTY26AUG23500PE,29.90,38.30,24.80,31.35,31.20,29.25,24614.90,31.35,2772250,61750,35995,55053769273.75,21170,F1,65,,,,,
2026-08-04,2026-08-04,FO,NSE,IDO,65860,,NIFTY,,2026-08-04,2026-08-04,24500.00,CE,NIFTY2680424500CE,138.75,161.65,18.20,56.00,114.70,104.95,24614.90,24614.90,7286890,2536560,20793042,33174528730632.25,7077958,F1,65,,,,,
2026-08-04,2026-08-04,FO,NSE,IDO,65932,,NIFTY,,2026-08-04,2026-08-04,25300.00,CE,NIFTY2680425300CE,0.85,0.85,0.05,0.05,0.05,0.90,24614.90,24614.90,4067440,910780,1083422,1781718778524.75,181419,F1,65,,,,,
2026-08-04,2026-08-04,FO,NSE,IDO,65938,,NIFTY,,2026-08-04,2026-08-04,25400.00,CE,NIFTY2680425400CE,0.50,0.80,0.05,0.05,0.05,0.75,24614.90,24614.90,4004520,2142530,747149,1233564324820.75,116498,F1,65,,,,,
2026-08-04,2026-08-04,FO,NSE,IDO,40903,,NIFTY,,2026-08-11,2026-08-11,21900.00,CE,NIFTY2681121900CE,0.00,0.00,0.00,2631.80,0.00,2631.80,24614.90,2740.42,0,0,0,0.00,0,F1,65,,,,,
2026-08-04,2026-08-04,FO,NSE,IDO,61498,,NIFTY,,2026-08-25,2026-08-25,23450.00,PE,NIFTY26AUG23450PE,25.85,34.45,22.50,28.25,27.20,26.85,24614.90,28.25,271310,325,3314,5057113967.75,2663,F1,65,,,,,
2026-08-04,2026-08-04,FO,NSE,IDO,61381,,NIFTY,,2026-08-25,2026-08-25,22400.00,PE,NIFTY26AUG22400PE,21.05,21.05,7.75,8.25,7.90,9.15,24614.90,8.25,112710,-5135,2164,3152016825.75,1344,F1,65,,,,,
2026-08-04,2026-08-04,FO,NSE,IDO,45230,,NIFTY,,2026-08-18,2026-08-18,26450.00,PE,NIFTY2681826450PE,0.00,0.00,0.00,2270.20,0.00,2270.20,24614.90,1778.70,0,0,0,0.00,0,F1,65,,,,,
2026-08-04,2026-08-04,FO,NSE,IDO,45203,,NIFTY,,2026-08-18,2026-08-18,26000.00,PE,NIFTY2681826000PE,0.00,0.00,0.00,1419.15,1419.15,1419.15,24614.90,1344.21,1755,0,0,0.00,0,F1,65,,,,,
2026-08-04,2026-08-04,FO,NSE,IDO,45187,,NIFTY,,2026-08-18,2026-08-18,25700.00,PE,NIFTY2681825700PE,0.00,0.00,0.00,1290.00,1290.00,1290.00,24614.90,1067.95,195,0,0,0.00,0,F1,65,,,,,
2026-08-04,2026-08-04,FO,NSE,IDO,45159,,NIFTY,,2026-08-18,2026-08-18,25250.00,PE,NIFTY2681825250PE,0.00,0.00,0.00,1204.85,0.00,1204.85,24614.90,692.65,0,0,0,0.00,0,F1,65,,,,,
2026-08-04,2026-08-04,FO,NSE,IDO,45151,,NIFTY,,2026-08-18,2026-08-18,25050.00,PE,NIFTY2681825050PE,0.00,0.00,0.00,1051.15,0.00,1051.15,24614.90,547.82,0,0,0,0.00,0,F1,65,,,,,
2026-08-04,2026-08-04,FO,NSE,IDO,45149,,NIFTY,,2026-08-18,2026-08-18,25000.00,PE,NIFTY2681825000PE,424.10,557.25,404.00,514.30,525.75,435.05,24614.90,514.30,120900,82355,1953,3231123496.25,1250,F1,65,,,,,
2026-08-04,2026-08-04,FO,NSE,IDO,45097,,NIFTY,,2026-08-18,2026-08-18,24150.00,PE,NIFTY2681824150PE,61.15,97.15,50.20,77.80,77.15,62.30,24614.90,77.80,44655,-650,1809,2848199061.50,1115,F1,65,,,,,
2026-08-04,2026-08-04,FO,NSE,IDO,45036,,NIFTY,,2026-08-18,2026-08-18,22900.00,PE,NIFTY2681822900PE,6.50,8.60,5.80,6.90,7.05,8.70,24614.90,6.90,24050,-2795,319,474982417.00,169,F1,65,,,,,
2026-08-04,2026-08-04,FO,NSE,IDO,41042,,NIFTY,,2026-08-11,2026-08-11,25100.00,PE,NIFTY2681125100PE,486.15,655.00,470.25,599.75,610.00,514.90,24614.90,599.75,23335,13780,921,1534757796.00,699,F1,65,,,,,
2026-08-04,2026-08-04,FO,NSE,IDO,40986,,NIFTY,,2026-08-11,2026-08-11,23850.00,PE,NIFTY2681123850PE,12.35,15.90,7.80,11.55,10.55,13.80,24614.90,11.55,878345,546715,46501,72120478586.00,24082,F1,65,,,,,
2026-08-04,2026-08-04,FO,NSE,IDO,40978,,NIFTY,,2026-08-11,2026-08-11,23700.00,PE,NIFTY2681123700PE,10.15,10.15,5.60,7.85,6.95,10.20,24614.90,7.85,1420445,177515,107289,165330782266.00,45244,F1,65,,,,,
2026-08-04,2026-08-04,FO,NSE,IDO,40956,,NIFTY,,2026-08-11,2026-08-11,23150.00,PE,NIFTY2681123150PE,4.95,5.45,2.15,3.50,3.15,5.70,24614.90,3.50,101660,25155,7653,11517719135.00,3999,F1,65,,,,,
2026-08-04,2026-08-04,FO,NSE,IDO,40930,,NIFTY,,2026-08-11,2026-08-11,22500.00,PE,NIFTY2681122500PE,2.65,3.55,1.45,1.70,1.85,3.40,24614.90,1.70,2458560,363480,105096,153716849994.50,19893,F1,65,,,,,
2026-08-04,2026-08-04,FO,NSE,IDO,40908,,NIFTY,,2026-08-11,2026-08-11,22000.00,PE,NIFTY2681122000PE,2.45,2.85,1.35,1.45,1.50,2.65,24614.90,1.45,2289950,254020,46839,66985009269.75,11503,F1,65,,,,,
2026-08-04,2026-08-04,FO,NSE,IDO,40906,,NIFTY,,2026-08-11,2026-08-11,21950.00,PE,NIFTY2681121950PE,2.25,2.25,1.15,1.50,1.20,2.40,24614.90,1.50,10595,5850,237,338162955.00,104,F1,65,,,,,
2026-08-04,2026-08-04,FO,NSE,IDO,40902,,NIFTY,,2026-08-11,2026-08-11,21850.00,PE,NIFTY2681121850PE,2.05,2.25,1.20,1.40,1.20,2.50,24614.90,1.40,3705,910,63,89482012.75,46,F1,65,,,,,
2026-08-04,2026-08-04,FO,NSE,IDO,66105,,NIFTY,,2026-08-04,2026-08-04,27150.00,PE,NIFTY2680427150PE,0.00,0.00,0.00,3142.25,0.00,3142.25,24614.90,24614.90,0,0,0,0.00,0,F1,65,,,,,
2026-08-04,2026-08-04,FO,NSE,IDO,66087,,NIFTY,,2026-08-04,2026-08-04,26700.00,PE,NIFTY2680426700PE,0.00,0.00,0.00,2705.65,0.00,2705.65,24614.90,24614.90,0,0,0,0.00,0,F1,65,,,,,
2026-08-04,2026-08-04,FO,NSE,IDO,66083,,NIFTY,,2026-08-04,2026-08-04,26600.00,PE,NIFTY2680426600PE,0.00,0.00,0.00,2609.70,0.00,2609.70,24614.90,24614.90,0,0,0,0.00,0,F1,65,,,,,
2026-08-04,2026-08-04,FO,NSE,IDO,65868,,NIFTY,,2026-08-04,2026-08-04,24550.00,PE,NIFTY2680424550PE,38.40,126.00,0.05,28.55,0.10,45.75,24614.90,24614.90,7429500,-774215,16576099,26498527697213.00,5654506,F1,65,,,,,
2026-08-04,2026-08-04,FO,NSE,IDO,65855,,NIFTY,,2026-08-04,2026-08-04,24400.00,PE,NIFTY2680424400PE,4.95,28.75,0.05,9.15,0.05,12.50,24614.90,24614.90,7241910,-3861845,20309943,32227940243450.25,4020338,F1,65,,,,,
2026-08-04,2026-08-04,FO,NSE,IDO,65776,,NIFTY,,2026-08-04,2026-08-04,24200.00,PE,NIFTY2680424200PE,2.00,2.90,0.05,0.85,0.05,5.55,24614.90,24614.90,5669690,-9005295,5255678,8267590120796.50,695627,F1,65,,,,,
2026-08-04,2026-08-04,FO,NSE,IDO,65700,,NIFTY,,2026-08-04,2026-08-04,24150.00,PE,NIFTY2680424150PE,1.80,1.80,0.05,0.40,0.05,4.80,24614.90,24614.90,2218580,-2372435,1374658,2157945686611.00,222496,F1,65,,,,,
2026-08-04,2026-08-04,FO,NSE,IDO,65683,,NIFTY,,2026-08-04,2026-08-04,23750.00,PE,NIFTY2680423750PE,0.90,1.00,0.05,0.05,0.05,2.25,24614.90,24614.90,1328405,-256815,267424,412842506878.75,55860,F1,65,,,,,
2026-08-04,2026-08-04,FO,NSE,IDO,65681,,NIFTY,,2026-08-04,2026-08-04,23700.00,PE,NIFTY2680423700PE,0.85,1.10,0.05,0.05,0.05,2.10,24614.90,24614.90,3597490,-2174835,615865,948755122682.25,94989,F1,65,,,,,
2026-08-04,2026-08-04,FO,NSE,IDO,65677,,NIFTY,,2026-08-04,2026-08-04,23600.00,PE,NIFTY2680423600PE,1.40,1.40,0.05,0.05,0.05,1.85,24614.90,24614.90,3551210,-662285,460140,705865093033.75,62955,F1,65,,,,,
2026-08-04,2026-08-04,FO,NSE,IDO,65675,,NIFTY,,2026-08-04,2026-08-04,23550.00,PE,NIFTY2680423550PE,0.80,0.90,0.05,0.05,0.05,1.70,24614.90,24614.90,1296620,-677170,123627,189245079767.25,23390,F1,65,,,,,
2026-08-04,2026-08-04,FO,NSE,IDO,65526,,NIFTY,,2026-08-04,2026-08-04,23200.00,PE,NIFTY2680423200PE,0.80,0.85,0.05,0.05,0.05,1.30,24614.90,24614.90,1251445,-1675830,111007,167401090821.25,23881,F1,65,,,,,
2026-08-04,2026-08-04,FO,NSE,IDO,65412,,NIFTY,,2026-08-04,2026-08-04,22050.00,PE,NIFTY2680422050PE,0.45,0.70,0.05,0.05,0.05,0.55,24614.90,24614.90,100035,15340,7022,10064367807.00,1773,F1,65,,,,,
2026-08-04,2026-08-04,FO,NSE,IDO,65127,,NIFTY,,2026-08-04,2026-08-04,21600.00,PE,NIFTY2680421600PE,0.40,0.45,0.05,0.05,0.05,0.40,24614.90,24614.90,1695590,-687570,79607,111769212672.00,10453,F1,65,,,,,
2026-08-04,2026-08-04,FO,NSE,IDO,74647,,NIFTY,,2031-06-24,2031-06-24,22500.00,CE,NIFTY31JUN22500CE,0.00,0.00,0.00,8012.75,0.00,8012.75,24614.90,8803.43,0,0,0,0.00,0,F1,65,,,,,
2026-08-04,2026-08-04,FO,NSE,IDO,60936,,NIFTY,,2030-06-25,2030-06-25,30000.00,CE,NIFTY30JUN30000CE,0.00,0.00,0.00,5580.35,0.00,5580.35,24614.90,3892.15,0,0,0,0.00,0,F1,65,,,,,
2026-08-04,2026-08-04,FO,NSE,IDO,55648,,NIFTY,,2030-06-25,2030-06-25,28500.00,CE,NIFTY30JUN28500CE,0.00,0.00,0.00,5382.85,0.00,5382.85,24614.90,4512.94,0,0,0,0.00,0,F1,65,,,,,
2026-08-04,2026-08-04,FO,NSE,IDO,55560,,NIFTY,,2029-06-26,2029-06-26,22500.00,CE,NIFTY29JUN22500CE,0.00,0.00,0.00,7946.50,0.00,7946.50,24614.90,6544.16,0,0,0,0.00,0,F1,65,,,,,
2026-08-04,2026-08-04,FO,NSE,IDO,67788,,NIFTY,,2028-12-26,2028-12-26,27000.00,CE,NIFTY28DEC27000CE,0.00,0.00,0.00,2635.00,2635.00,2635.00,24614.90,3319.57,715,0,0,0.00,0,F1,65,,,,,
2026-08-04,2026-08-04,FO,NSE,IDO,55478,,NIFTY,,2028-06-27,2028-06-27,28500.00,CE,NIFTY28JUN28500CE,0.00,0.00,0.00,2990.00,0.00,2990.00,24614.90,2032.50,0,0,0,0.00,0,F1,65,,,,,
2026-08-04,2026-08-04,FO,NSE,IDO,55472,,NIFTY,,2028-06-27,2028-06-27,22500.00,CE,NIFTY28JUN22500CE,0.00,0.00,0.00,6796.05,0.00,6796.05,24614.90,5244.02,0,0,0,0.00,0,F1,65,,,,,
2026-08-04,2026-08-04,FO,NSE,IDO,80278,,NIFTY,,2027-03-30,2027-03-30,28500.00,CE,NIFTY27MAR28500CE,106.00,109.10,100.05,102.25,100.05,103.10,24614.90,102.25,52390,5850,395,734423995.50,199,F1,65,,,,,
2026-08-04,2026-08-04,FO,NSE,IDO,80190,,NIFTY,,2027-03-30,2027-03-30,16500.00,CE,NIFTY27MAR16500CE,0.00,0.00,0.00,6995.90,0.00,6995.90,24614.90,8808.25,0,0,0,0.00,0,F1,65,,,,,
2026-08-04,2026-08-04,FO,NSE,IDO,58644,,NIFTY,,2026-12-29,2026-12-29,20000.00,CE,NIFTY26DEC20000CE,5005.75,5056.20,4892.50,4940.30,4925.00,5005.75,24614.90,4940.30,584895,1300,96,155727822.25,90,F1,65,,,,,
2026-08-04,2026-08-04,FO,NSE,IDO,51510,,NIFTY,,2026-10-27,2026-10-27,26500.00,CE,NIFTY26OCT26500CE,0.00,0.00,0.00,171.30,0.00,171.30,24614.90,278.27,0,0,0,0.00,0,F1,65,,,,,
2026-08-04,2026-08-04,FO,NSE,IDO,51488,,NIFTY,,2026-10-27,2026-10-27,25950.00,CE,NIFTY26OCT25950CE,0.00,0.00,0.00,267.40,0.00,267.40,24614.90,419.86,0,0,0,0.00,0,F1,65,,,,,
2026-08-04,2026-08-04,FO,NSE,IDO,51450,,NIFTY,,2026-10-27,2026-10-27,25250.00,CE,NIFTY26OCT25250CE,0.00,0.00,0.00,447.85,0.00,447.85,24614.90,673.51,0,0,0,0.00,0,F1,65,,,,,
2026-08-04,2026-08-04,FO,NSE,IDO,51424,,NIFTY,,2026-10-27,2026-10-27,24650.00,CE,NIFTY26OCT24650CE,600.00,600.00,600.00,600.00,600.00,666.75,24614.90,964.43,1040,1040,16,26260000.00,2,F1,65,,,,,
2026-08-04,2026-08-04,FO,NSE,IDO,51386,,NIFTY,,2026-10-27,2026-10-27,23850.00,CE,NIFTY26OCT23850CE,0.00,0.00,0.00,1063.45,0.00,1063.45,24614.90,1460.72,0,0,0,0.00,0,F1,65,,,,,
2026-08-04,2026-08-04,FO,NSE,IDO,51384,,NIFTY,,2026-10-27,2026-10-27,23800.00,CE,NIFTY26OCT23800CE,0.00,0.00,0.00,1092.35,0.00,1092.35,24614.90,1495.67,0,0,0,0.00,0,F1,65,,,,,
2026-08-04,2026-08-04,FO,NSE,IDO,51382,,NIFTY,,2026-10-27,2026-10-27,23750.00,CE,NIFTY26OCT23750CE,0.00,0.00,0.00,1121.75,0.00,1121.75,24614.90,1532.11,0,0,0,0.00,0,F1,65,,,,,
2026-08-04,2026-08-04,FO,NSE,IDO,51330,,NIFTY,,2026-10-27,2026-10-27,22500.00,CE,NIFTY26OCT22500CE,0.00,0.00,0.00,2002.05,0.00,2002.05,24614.90,2538.38,0,0,0,0.00,0,F1,65,,,,,
2026-08-04,2026-08-04,FO,NSE,IDO,74505,,NIFTY,,2026-09-29,2026-09-29,27150.00,CE,NIFTY26SEP27150CE,0.00,0.00,0.00,91.35,0.00,91.35,24614.90,71.37,0,0,0,0.00,0,F1,65,,,,,
2026-08-04,2026-08-04,FO,NSE,IDO,74485,,NIFTY,,2026-09-29,2026-09-29,26600.00,CE,NIFTY26SEP26600CE,89.70,89.70,12.15,17.70,12.15,148.30,24614.90,17.70,5785,5785,110,190325778.50,39,F1,65,,,,,
2026-08-04,2026-08-04,FO,NSE,IDO,65904,,NIFTY,,2026-09-29,2026-09-29,26000.00,CE,NIFTY26SEP26000CE,55.00,57.70,46.50,50.85,49.25,52.45,24614.90,50.85,2606165,181870,16481,27908712175.50,10410,F1,65,,,,,
2026-08-04,2026-08-04,FO,NSE,IDO,74422,,NIFTY,,2026-09-29,2026-09-29,25850.00,CE,NIFTY26SEP25850CE,0.00,0.00,0.00,117.25,117.25,117.25,24614.90,282.41,65,0,0,0.00,0,F1,65,,,,,
2026-08-04,2026-08-04,FO,NSE,IDO,74418,,NIFTY,,2026-09-29,2026-09-29,25750.00,CE,NIFTY26SEP25750CE,0.00,0.00,0.00,293.50,0.00,293.50,24614.90,309.74,0,0,0,0.00,0,F1,65,,,,,
2026-08-04,2026-08-04,FO,NSE,IDO,55286,,NIFTY,,2026-09-29,2026-09-29,25500.00,CE,NIFTY26SEP25500CE,140.20,143.00,114.85,120.95,117.20,131.95,24614.90,120.95,1786590,49465,11779,19621051424.00,6962,F1,65,,,,,
2026-08-04,2026-08-04,FO,NSE,IDO,74243,,NIFTY,,2026-09-29,2026-09-29,24550.00,CE,NIFTY26SEP24550CE,551.75,566.20,475.00,498.65,503.25,539.10,24614.90,498.65,18525,3965,111,180807051.75,103,F1,65,,,,,
2026-08-04,2026-08-04,FO,NSE,IDO,73925,,NIFTY,,2026-09-29,2026-09-29,23350.00,CE,NIFTY26SEP23350CE,1398.10,1399.00,1398.10,1399.00,1399.00,1086.90,24614.90,1641.87,455,-195,3,4825996.50,3,F1,65,,,,,
2026-08-04,2026-08-04,FO,NSE,IDO,53625,,NIFTY,,2027-12-28,2027-12-28,24000.00,PE,NIFTY27DEC24000PE,654.00,679.80,635.00,656.50,660.00,656.45,24614.90,656.50,122560,2665,76,121789671.25,64,F1,65,,,,,
2026-08-04,2026-08-04,FO,NSE,IDO,80271,,NIFTY,,2027-03-30,2027-03-30,22500.00,PE,NIFTY27MAR22500PE,179.40,191.90,170.20,182.95,179.55,180.45,24614.90,182.95,248170,2015,2241,3303774951.75,975,F1,65,,,,,
2026-08-04,2026-08-04,FO,NSE,IDO,62066,,NIFTY,,2026-08-25,2026-08-25,26300.00,CE,NIFTY26AUG26300CE,3.95,5.00,3.15,3.75,3.30,3.95,24614.90,3.75,734370,9490,6379,10906524395.00,4538,F1,65,,,,,
2026-08-04,2026-08-04,FO,NSE,IDO,40935,,NIFTY,,2026-08-11,2026-08-11,22650.00,CE,NIFTY2681122650CE,0.00,0.00,0.00,1913.40,0.00,1913.40,24614.90,1991.31,0,0,0,0.00,0,F1,65,,,,,
2026-08-04,2026-08-04,FO,NSE,IDO,40941,,NIFTY,,2026-08-11,2026-08-11,22800.00,CE,NIFTY2681122800CE,1690.00,1690.35,1689.00,1690.00,1690.00,1775.45,24614.90,1841.53,3640,3640,56,89143392.00,45,F1,65,,,,,
2026-08-04,2026-08-04,FO,NSE,IDO,40973,,NIFTY,,2026-08-11,2026-08-11,23600.00,CE,NIFTY2681123600CE,1033.35,1046.10,875.55,910.85,906.75,994.70,24614.90,910.85,30680,-8450,338,538500621.75,283,F1,65,,,,,
2026-08-04,2026-08-04,FO,NSE,IDO,40977,,NIFTY,,2026-08-11,2026-08-11,23700.00,CE,NIFTY2681123700CE,933.00,943.50,768.95,816.55,805.05,897.20,24614.90,816.55,41340,-1105,586,934645413.00,419,F1,65,,,,,
2026-08-04,2026-08-04,FO,NSE,IDO,40989,,NIFTY,,2026-08-11,2026-08-11,23950.00,CE,NIFTY2681123950CE,668.75,701.00,532.00,569.35,563.00,657.50,24614.90,569.35,32760,7020,315,503193203.50,247,F1,65,,,,,
2026-08-04,2026-08-04,FO,NSE,IDO,41095,,NIFTY,,2026-08-11,2026-08-11,26200.00,CE,NIFTY2681126200CE,1.20,1.30,0.75,0.90,0.80,67.05,24614.90,0.90,20605,20605,1582,2694235388.00,674,F1,65,,,,,
2026-08-04,2026-08-04,FO,NSE,IDO,41111,,NIFTY,,2026-08-11,2026-08-11,26500.00,CE,NIFTY2681126500CE,0.70,1.35,0.70,0.80,0.75,42.10,24614.90,0.80,81835,81835,4381,7546488842.75,2022,F1,65,,,,,
2026-08-04,2026-08-04,FO,NSE,IDO,41125,,NIFTY,,2026-08-11,2026-08-11,26850.00,CE,NIFTY2681126850CE,0.60,1.10,0.60,0.80,0.65,23.55,24614.90,0.80,1690,1690,34,59340375.25,20,F1,65,,,,,
2026-08-04,2026-08-04,FO,NSE,IDO,41141,,NIFTY,,2026-08-11,2026-08-11,27150.00,CE,NIFTY2681127150CE,0.75,1.60,0.65,0.80,0.80,13.80,24614.90,0.80,130390,130390,3060,5400315722.75,663,F1,65,,,,,
2026-08-04,2026-08-04,FO,NSE,IDO,44991,,NIFTY,,2026-08-18,2026-08-18,22150.00,CE,NIFTY2681822150CE,0.00,0.00,0.00,2053.60,0.00,2053.60,24614.90,2516.60,0,0,0,0.00,0,F1,65,,,,,
2026-08-04,2026-08-04,FO,NSE,IDO,45049,,NIFTY,,2026-08-18,2026-08-18,23200.00,CE,NIFTY2681823200CE,0.00,0.00,0.00,1136.90,0.00,1136.90,24614.90,1478.34,0,0,0,0.00,0,F1,65,,,,,
2026-08-04,2026-08-04,FO,NSE,IDO,45071,,NIFTY,,2026-08-18,2026-08-18,23650.00,CE,NIFTY2681823650CE,894.30,894.30,894.30,894.30,894.30,894.30,24614.90,1057.24,390,-65,1,1595379.50,1,F1,65,,,,,
2026-08-04,2026-08-04,FO,NSE,IDO,45106,,NIFTY,,2026-08-18,2026-08-18,24400.00,CE,NIFTY2681824400CE,337.80,364.00,254.40,280.00,278.90,332.55,24614.90,280.00,256100,34645,7873,12635831507.00,5255,F1,65,,,,,
2026-08-04,2026-08-04,FO,NSE,IDO,45116,,NIFTY,,2026-08-18,2026-08-18,24600.00,CE,NIFTY2681824600CE,224.20,231.95,155.35,169.25,167.90,206.80,24614.90,169.25,450450,99905,19414,31276418273.75,13068,F1,65,,,,,
2026-08-04,2026-08-04,FO,NSE,IDO,45156,,NIFTY,,2026-08-18,2026-08-18,25200.00,CE,NIFTY2681825200CE,31.50,34.30,21.00,24.55,24.40,28.65,24614.90,24.55,421720,216645,16482,27024876459.75,10276,F1,65,,,,,
2026-08-04,2026-08-04,FO,NSE,IDO,45184,,NIFTY,,2026-08-18,2026-08-18,25650.00,CE,NIFTY2681825650CE,6.85,7.60,3.50,4.00,4.95,6.05,24614.90,4.00,318500,311350,6576,10965652798.75,3065,F1,65,,,,,
2026-08-04,2026-08-04,FO,NSE,IDO,61154,,NIFTY,,2026-08-25,2026-08-25,21250.00,CE,NIFTY26AUG21250CE,0.00,0.00,0.00,3030.30,0.00,3030.30,24614.90,3439.12,0,0,0,0.00,0,F1,65,,,,,
2026-08-04,2026-08-04,FO,NSE,IDO,61175,,NIFTY,,2026-08-25,2026-08-25,21400.00,CE,NIFTY26AUG21400CE,0.00,0.00,0.00,2616.30,2616.30,2616.30,24614.90,3289.67,130,0,0,0.00,0,F1,65,,,,,
2026-08-04,2026-08-04,FO,NSE,IDO,61211,,NIFTY,,2026-08-25,2026-08-25,21500.00,CE,NIFTY26AUG21500CE,3140.00,3178.15,2990.00,3053.20,3044.90,3110.50,24614.90,3053.20,355550,-2795,103,164429775.25,92,F1,65,,,,,
2026-08-04,2026-08-04,FO,NSE,IDO,61354,,NIFTY,,2026-08-25,2026-08-25,22050.00,CE,NIFTY26AUG22050CE,0.00,0.00,0.00,2323.10,0.00,2323.10,24614.90,2642.57,0,0,0,0.00,0,F1,65,,,,,
2026-08-04,2026-08-04,FO,NSE,IDO,61364,,NIFTY,,2026-08-25,2026-08-25,22150.00,CE,NIFTY26AUG22150CE,0.00,0.00,0.00,2147.40,2147.40,2147.40,24614.90,2543.23,130,0,0,0.00,0,F1,65,,,,,
2026-08-04,2026-08-04,FO,NSE,IDO,61376,,NIFTY,,2026-08-25,2026-08-25,22300.00,CE,NIFTY26AUG22300CE,0.00,0.00,0.00,2020.00,2020.00,2020.00,24614.90,2394.45,1820,0,0,0.00,0,F1,65,,,,,
2026-08-04,2026-08-04,FO,NSE,IDO,61532,,NIFTY,,2026-08-25,2026-08-25,23750.00,CE,NIFTY26AUG23750CE,867.70,875.00,835.00,835.00,835.00,904.20,24614.90,1032.98,18200,-650,18,28797154.75,16,F1,65,,,,,
2026-08-04,2026-08-04,FO,NSE,IDO,55697,,NIFTY,,2030-12-31,2030-12-31,16500.00,PE,NIFTY30DEC16500PE,0.00,0.00,0.00,13.65,0.00,13.65,24614.90,58.03,0,0,0,0.00,0,F1,65,,,,,
2026-08-04,2026-08-04,FO,NSE,IDO,55701,,NIFTY,,2030-12-31,2030-12-31,19500.00,PE,NIFTY30DEC19500PE,0.00,0.00,0.00,67.40,0.00,67.40,24614.90,201.83,0,0,0,0.00,0,F1,65,,,,,
2026-08-04,2026-08-04,FO,NSE,IDO,62045,,NIFTY,,2026-08-25,2026-08-25,26100.00,CE,NIFTY26AUG26100CE,5.05,6.25,4.15,4.80,4.45,4.75,24614.90,4.80,70265,20215,3526,5983030839.50,3043,F1,65,,,,,
2026-08-04,2026-08-04,FO,NSE,IDO,51477,,NIFTY,,2026-10-27,2026-10-27,25650.00,PE,NIFTY26OCT25650PE,0.00,0.00,0.00,1615.00,0.00,1615.00,24614.90,1167.43,0,0,0,0.00,0,F1,65,,,,,
2026-08-04,2026-08-04,FO,NSE,IDO,51511,,NIFTY,,2026-10-27,2026-10-27,26500.00,PE,NIFTY26OCT26500PE,1580.00,1580.00,1575.00,1575.00,1575.00,2287.95,24614.90,1765.10,195,195,3,5475275.00,3,F1,65,,,,,
2026-08-04,2026-08-04,FO,NSE,IDO,51521,,NIFTY,,2026-10-27,2026-10-27,26750.00,PE,NIFTY26OCT26750PE,0.00,0.00,0.00,2501.20,0.00,2501.20,24614.90,1961.08,0,0,0,0.00,0,F1,65,,,,,
2026-08-04,2026-08-04,FO,NSE,IDO,58633,,NIFTY,,2026-12-29,2026-12-29,14000.00,PE,NIFTY26DEC14000PE,0.00,0.00,0.00,9.55,9.55,9.55,24614.90,0.00,8440,0,0,0.00,0,F1,65,,,,,
2026-08-04,2026-08-04,FO,NSE,IDO,55323,,NIFTY,,2026-12-29,2026-12-29,16500.00,PE,NIFTY26DEC16500PE,0.00,0.00,0.00,17.95,17.95,17.95,24614.90,0.01,3185,0,0,0.00,0,F1,65,,,,,
2026-08-04,2026-08-04,FO,NSE,IDO,58641,,NIFTY,,2026-12-29,2026-12-29,18000.00,PE,NIFTY26DEC18000PE,26.10,27.90,25.00,26.65,26.50,27.05,24614.90,26.65,468135,13975,1011,1184569808.50,645,F1,65,,,,,
2026-08-04,2026-08-04,FO,NSE,IDO,58645,,NIFTY,,2026-12-29,2026-12-29,20000.00,PE,NIFTY26DEC20000PE,43.00,43.00,39.65,41.15,39.70,40.90,24614.90,41.15,1175735,38870,2916,3798609519.25,1885,F1,65,,,,,
2026-08-04,2026-08-04,FO,NSE,IDO,73831,,NIFTY,,2026-09-29,2026-09-29,21650.00,CE,NIFTY26SEP21650CE,0.00,0.00,0.00,2630.65,0.00,2630.65,24614.90,3192.05,0,0,0,0.00,0,F1,65,,,,,
2026-08-04,2026-08-04,FO,NSE,IDO,55280,,NIFTY,,2026-09-29,2026-09-29,16500.00,CE,NIFTY26SEP16500CE,0.00,0.00,0.00,10168.85,0.00,10168.85,24614.90,8280.64,0,0,0,0.00,0,F1,65,,,,,
2026-08-04,2026-08-04,FO,NSE,IDO,47119,,NIFTY,,2026-09-01,2026-09-01,27200.00,CE,NIFTY2690127200CE,2.00,2.00,2.00,2.00,2.00,15.20,24614.90,9.01,455,455,7,12376910.00,2,F1,65,,,,,
2026-08-04,2026-08-04,FO,NSE,IDO,47069,,NIFTY,,2026-09-01,2026-09-01,26100.00,CE,NIFTY2690126100CE,0.00,0.00,0.00,79.70,0.00,79.70,24614.90,71.85,0,0,0,0.00,0,F1,65,,,,,
2026-08-04,2026-08-04,FO,NSE,IDO,47019,,NIFTY,,2026-09-01,2026-09-01,24850.00,CE,NIFTY2690124850CE,0.00,0.00,0.00,347.45,0.00,347.45,24614.90,400.44,0,0,0,0.00,0,F1,65,,,,,
2026-08-04,2026-08-04,FO,NSE,IDO,47017,,NIFTY,,2026-09-01,2026-09-01,24800.00,CE,NIFTY2690124800CE,0.00,0.00,0.00,365.30,0.00,365.30,24614.90,423.23,0,0,0,0.00,0,F1,65,,,,,
2026-08-04,2026-08-04,FO,NSE,IDO,47013,,NIFTY,,2026-09-01,2026-09-01,24700.00,CE,NIFTY2690124700CE,226.20,278.75,216.70,233.35,227.35,271.90,24614.90,233.35,9425,6565,208,337080900.00,130,F1,65,,,,,
2026-08-04,2026-08-04,FO,NSE,IDO,46981,,NIFTY,,2026-09-01,2026-09-01,23900.00,CE,NIFTY2690123900CE,863.75,863.75,863.75,863.75,863.75,863.75,24614.90,978.06,780,0,1,1609643.75,1,F1,65,,,,,
2026-08-04,2026-08-04,FO,NSE,IDO,46969,,NIFTY,,2026-09-01,2026-09-01,23600.00,CE,NIFTY2690123600CE,0.00,0.00,0.00,585.55,585.55,585.55,24614.90,1217.13,65,0,0,0.00,0,F1,65,,,,,
2026-08-04,2026-08-04,FO,NSE,IDO,46919,,NIFTY,,2026-09-01,2026-09-01,22350.00,CE,NIFTY2690122350CE,0.00,0.00,0.00,2032.25,0.00,2032.25,24614.90,2374.62,0,0,0,0.00,0,F1,65,,,,,
2026-08-04,2026-08-04,FO,NSE,IDO,46907,,NIFTY,,2026-09-01,2026-09-01,22050.00,CE,NIFTY2690122050CE,0.00,0.00,0.00,2313.35,0.00,2313.35,24614.90,2669.92,0,0,0,0.00,0,F1,65,,,,,
2026-08-04,2026-08-04,FO,NSE,IDO,62238,,NIFTY,,2026-08-25,2026-08-25,27150.00,CE,NIFTY26AUG27150CE,2.15,2.40,1.25,1.85,1.25,101.50,24614.90,1.85,7085,7085,361,637122817.50,186,F1,65,,,,,
2026-08-04,2026-08-04,FO,NSE,IDO,60944,,NIFTY,,2030-06-25,2030-06-25,33000.00,CE,NIFTY30JUN33000CE,0.00,0.00,0.00,4416.45,0.00,4416.45,24614.90,2855.96,0,0,0,0.00,0,F1,65,,,,,
2026-08-04,2026-08-04,FO,NSE,IDO,60904,,NIFTY,,2030-06-25,2030-06-25,24000.00,CE,NIFTY30JUN24000CE,0.00,0.00,0.00,8591.55,0.00,8591.55,24614.90,6813.29,0,0,0,0.00,0,F1,65,,,,,
2026-08-04,2026-08-04,FO,NSE,IDO,67794,,NIFTY,,2028-12-26,2028-12-26,30000.00,CE,NIFTY28DEC30000CE,1464.95,1464.95,1464.95,1464.95,1464.95,1320.00,24614.90,1464.95,10580,0,1,2045221.75,1,F1,65,,,,,
2026-08-04,2026-08-04,FO,NSE,IDO,55524,,NIFTY,,2028-12-26,2028-12-26,28500.00,CE,NIFTY28DEC28500CE,0.00,0.00,0.00,3608.65,0.00,3608.65,24614.90,2670.71,0,0,0,0.00,0,F1,65,,,,,
2026-08-04,2026-08-04,FO,NSE,IDO,67790,,NIFTY,,2028-12-26,2028-12-26,28000.00,CE,NIFTY28DEC28000CE,0.00,0.00,0.00,2250.00,2250.00,2250.00,24614.90,2875.21,8395,0,0,0.00,0,F1,65,,,,,
2026-08-04,2026-08-04,FO,NSE,IDO,55522,,NIFTY,,2028-12-26,2028-12-26,25500.00,CE,NIFTY28DEC25500CE,0.00,0.00,0.00,3800.00,3800.00,3800.00,24614.90,4076.38,0,0,0,0.00,0,F1,65,,,,,
2026-08-04,2026-08-04,FO,NSE,IDO,67782,,NIFTY,,2028-12-26,2028-12-26,24000.00,CE,NIFTY28DEC24000CE,0.00,0.00,0.00,4700.00,4700.00,4700.00,24614.90,4943.48,325,0,0,0.00,0,F1,65,,,,,
2026-08-04,2026-08-04,FO,NSE,IDO,66082,,NIFTY,,2026-08-04,2026-08-04,26600.00,CE,NIFTY2680426600CE,8.00,8.00,0.05,0.05,0.05,22.60,24614.90,24614.90,70200,70200,3294,5695389999.00,1366,F1,65,,,,,
2026-08-04,2026-08-04,FO,NSE,IDO,74656,,NIFTY,,2031-06-24,2031-06-24,28500.00,PE,NIFTY31JUN28500PE,0.00,0.00,0.00,2104.20,0.00,2104.20,24614.90,1714.86,0,0,0,0.00,0,F1,65,,,,,
2026-08-04,2026-08-04,FO,NSE,IDO,61342,,NIFTY,,2026-08-25,2026-08-25,21800.00,CE,NIFTY26AUG21800CE,0.00,0.00,0.00,2490.00,2490.00,2490.00,24614.90,2891.27,130,0,0,0.00,0,F1,65,,,,,
2026-08-04,2026-08-04,FO,NSE,IDO,61148,,NIFTY,,2026-08-25,2026-08-25,21200.00,CE,NIFTY26AUG21200CE,3300.00,3310.00,3255.35,3310.00,3310.00,3414.00,24614.90,3488.95,9945,0,4,6367130.25,4,F1,65,,,,,
2026-08-04,2026-08-04,FO,NSE,IDF,48704,,NIFTY,,2026-10-27,2026-10-27,,,NIFTY26OCTFUT,24850.10,24947.80,24762.00,24820.50,24815.00,24887.10,24614.90,24820.50,192985,49985,1596,2579467605.00,1231,F1,65,,,,,
2026-08-04,2026-08-04,FO,NSE,IDO,65164,,NIFTY,,2026-08-04,2026-08-04,21700.00,CE,NIFTY2680421700CE,0.00,0.00,0.00,2300.90,0.00,2300.90,24614.90,24614.90,0,0,0,0.00,0,F1,65,,,,,
2026-08-04,2026-08-04,FO,NSE,IDO,65441,,NIFTY,,2026-08-04,2026-08-04,22650.00,CE,NIFTY2680422650CE,1938.65,1938.65,1827.30,1827.35,1827.35,1119.00,24614.90,24614.90,195,0,4,6378573.50,4,F1,65,,,,,
2026-08-04,2026-08-04,FO,NSE,IDO,65453,,NIFTY,,2026-08-04,2026-08-04,22950.00,CE,NIFTY2680422950CE,0.00,0.00,0.00,1091.60,1091.60,1091.60,24614.90,24614.90,130,0,0,0.00,0,F1,65,,,,,
2026-08-04,2026-08-04,FO,NSE,IDO,65693,,NIFTY,,2026-08-04,2026-08-04,24000.00,CE,NIFTY2680424000CE,655.00,655.05,435.80,532.50,613.60,577.95,24614.90,24614.90,982800,-607750,35334,56325480523.00,21518,F1,65,,,,,
2026-08-04,2026-08-04,FO,NSE,IDO,65699,,NIFTY,,2026-08-04,2026-08-04,24150.00,CE,NIFTY2680424150CE,466.20,487.85,286.35,385.50,465.55,429.00,24614.90,24614.90,198900,-114140,16008,25517634226.50,8872,F1,65,,,,,
2026-08-04,2026-08-04,FO,NSE,IDO,65896,,NIFTY,,2026-08-04,2026-08-04,24800.00,CE,NIFTY2680424800CE,5.00,9.80,0.05,1.35,0.05,7.20,24614.90,24614.90,6363175,-5314660,6875649,11084480261845.25,1035744,F1,65,,,,,
2026-08-04,2026-08-04,FO,NSE,IDO,65934,,NIFTY,,2026-08-04,2026-08-04,25350.00,CE,NIFTY2680425350CE,0.65,0.80,0.05,0.05,0.05,0.75,24614.90,24614.90,1676935,1073020,475465,783462066848.50,100773,F1,65,,,,,
2026-08-04,2026-08-04,FO,NSE,IDO,65940,,NIFTY,,2026-08-04,2026-08-04,25450.00,CE,NIFTY2680425450CE,0.50,0.85,0.05,0.05,0.05,0.70,24614.90,24614.90,1589640,1269190,226441,374596272170.25,44452,F1,65,,,,,
2026-08-04,2026-08-04,FO,NSE,IDO,66072,,NIFTY,,2026-08-04,2026-08-04,26350.00,CE,NIFTY2680426350CE,0.65,0.75,0.05,0.10,0.05,33.35,24614.90,24614.90,75595,75595,3008,5151991650.00,974,F1,65,,,,,
2026-08-04,2026-08-04,FO,NSE,IDO,66106,,NIFTY,,2026-08-04,2026-08-04,27200.00,CE,NIFTY2680427200CE,0.50,0.80,0.05,0.05,0.05,8.30,24614.90,24614.90,301925,301925,18827,33286393890.75,2987,F1,65,,,,,
2026-08-04,2026-08-04,FO,NSE,IDO,40921,,NIFTY,,2026-08-11,2026-08-11,22350.00,CE,NIFTY2681122350CE,0.00,0.00,0.00,2196.15,0.00,2196.15,24614.90,2290.95,0,0,0,0.00,0,F1,65,,,,,
2026-08-04,2026-08-04,FO,NSE,IDO,40933,,NIFTY,,2026-08-11,2026-08-11,22600.00,CE,NIFTY2681122600CE,0.00,0.00,0.00,1959.95,0.00,1959.95,24614.90,2041.25,0,0,0,0.00,0,F1,65,,,,,
2026-08-04,2026-08-04,FO,NSE,IDO,40947,,NIFTY,,2026-08-11,2026-08-11,22950.00,CE,NIFTY2681122950CE,0.00,0.00,0.00,1640.40,0.00,1640.40,24614.90,1691.81,0,0,0,0.00,0,F1,65,,,,,
2026-08-04,2026-08-04,FO,NSE,IDO,40965,,NIFTY,,2026-08-11,2026-08-11,23400.00,CE,NIFTY2681123400CE,1233.00,1233.00,1069.80,1102.70,1102.05,1204.90,24614.90,1102.70,10855,1235,79,125915299.25,62,F1,65,,,,,
2026-08-04,2026-08-04,FO,NSE,IDO,40991,,NIFTY,,2026-08-11,2026-08-11,24000.00,CE,NIFTY2681124000CE,640.00,655.00,479.55,529.80,522.00,608.95,24614.90,529.80,775255,125450,13314,21241043031.00,8502,F1,65,,,,,
2026-08-04,2026-08-04,FO,NSE,IDO,41007,,NIFTY,,2026-08-11,2026-08-11,24400.00,CE,NIFTY2681124400CE,274.45,299.00,183.50,208.75,201.30,264.45,24614.90,208.75,1747915,518960,145737,233208036142.25,85340,F1,65,,,,,
2026-08-04,2026-08-04,FO,NSE,IDO,41025,,NIFTY,,2026-08-11,2026-08-11,24750.00,CE,NIFTY2681124750CE,70.95,93.00,49.15,57.15,53.50,77.90,24614.90,57.15,1105195,609960,118001,190336310671.00,68210,F1,65,,,,,
2026-08-04,2026-08-04,FO,NSE,IDO,41071,,NIFTY,,2026-08-11,2026-08-11,25800.00,CE,NIFTY2681125800CE,1.55,2.05,1.10,1.45,1.50,1.50,24614.90,1.45,2537925,1218165,99181,166334948679.25,27260,F1,65,,,,,
2026-08-04,2026-08-04,FO,NSE,IDO,41093,,NIFTY,,2026-08-11,2026-08-11,26150.00,CE,NIFTY2681126150CE,0.90,0.95,0.75,0.85,0.80,0.90,24614.90,0.85,233675,58240,13003,22102566690.75,3493,F1,65,,,,,
2026-08-04,2026-08-04,FO,NSE,IDO,41127,,NIFTY,,2026-08-11,2026-08-11,26900.00,CE,NIFTY2681126900CE,0.70,0.95,0.60,0.75,0.60,21.60,24614.90,0.75,455,455,8,13988373.75,8,F1,65,,,,,
2026-08-04,2026-08-04,FO,NSE,IDO,41131,,NIFTY,,2026-08-11,2026-08-11,27000.00,CE,NIFTY2681127000CE,0.80,1.40,0.45,0.80,0.80,18.10,24614.90,0.80,13520,13520,368,645858687.50,199,F1,65,,,,,
2026-08-04,2026-08-04,FO,NSE,IDO,45025,,NIFTY,,2026-08-18,2026-08-18,22750.00,CE,NIFTY2681822750CE,0.00,0.00,0.00,1507.45,0.00,1507.45,24614.90,1919.63,0,0,0,0.00,0,F1,65,,,,,
2026-08-04,2026-08-04,FO,NSE,IDO,45037,,NIFTY,,2026-08-18,2026-08-18,22950.00,CE,NIFTY2681822950CE,0.00,0.00,0.00,1337.60,0.00,1337.60,24614.90,1722.19,0,0,0,0.00,0,F1,65,,,,,
2026-08-04,2026-08-04,FO,NSE,IDO,45110,,NIFTY,,2026-08-18,2026-08-18,24500.00,CE,NIFTY2681824500CE,276.55,293.90,201.65,221.40,220.00,263.35,24614.90,221.40,469690,170430,16691,26832155343.50,10912,F1,65,,,,,
2026-08-04,2026-08-04,FO,NSE,IDO,45140,,NIFTY,,2026-08-18,2026-08-18,24800.00,CE,NIFTY2681824800CE,116.50,132.00,85.20,94.45,93.00,118.20,24614.90,94.45,379535,41925,13793,22326470968.75,9245,F1,65,,,,,
2026-08-04,2026-08-04,FO,NSE,IDO,45180,,NIFTY,,2026-08-18,2026-08-18,25600.00,CE,NIFTY2681825600CE,7.00,8.50,5.05,5.75,6.00,7.15,24614.90,5.75,117130,57265,3586,5968560022.75,1838,F1,65,,,,,
2026-08-04,2026-08-04,FO,NSE,IDO,45263,,NIFTY,,2026-08-18,2026-08-18,27050.00,CE,NIFTY2681827050CE,1.30,1.95,1.20,1.40,1.40,8.30,24614.90,0.65,260,260,14,24616705.75,4,F1,65,,,,,
2026-08-04,2026-08-04,FO,NSE,IDO,74646,,NIFTY,,2031-06-24,2031-06-24,21000.00,PE,NIFTY31JUN21000PE,0.00,0.00,0.00,450.50,0.00,450.50,24614.90,328.40,0,0,0,0.00,0,F1,65,,,,,
2026-08-04,2026-08-04,FO,NSE,IDO,55651,,NIFTY,,2030-06-25,2030-06-25,31500.00,PE,NIFTY30JUN31500PE,0.00,0.00,0.00,2056.30,0.00,2056.30,24614.90,3107.51,0,0,0,0.00,0,F1,65,,,,,
2026-08-04,2026-08-04,FO,NSE,IDO,67775,,NIFTY,,2028-12-26,2028-12-26,20000.00,PE,NIFTY28DEC20000PE,0.00,0.00,0.00,375.00,375.00,375.00,24614.90,192.78,2380,0,0,0.00,0,F1,65,,,,,
2026-08-04,2026-08-04,FO,NSE,IDO,55469,,NIFTY,,2028-06-27,2028-06-27,16500.00,PE,NIFTY28JUN16500PE,0.00,0.00,0.00,3.80,0.00,3.80,24614.90,17.55,0,0,0,0.00,0,F1,65,,,,,
2026-08-04,2026-08-04,FO,NSE,IDO,53619,,NIFTY,,2027-12-28,2027-12-28,23000.00,PE,NIFTY27DEC23000PE,472.05,490.00,460.10,485.00,485.00,472.05,24614.90,485.00,46970,910,44,67140680.75,38,F1,65,,,,,
2026-08-04,2026-08-04,FO,NSE,IDO,35263,,NIFTY,,2027-06-29,2027-06-29,30000.00,PE,NIFTY27JUN30000PE,0.00,0.00,0.00,4000.05,4000.05,4000.05,24614.90,4104.33,65,0,0,0.00,0,F1,65,,,,,
2026-08-04,2026-08-04,FO,NSE,IDO,55379,,NIFTY,,2027-06-29,2027-06-29,28500.00,PE,NIFTY27JUN28500PE,0.00,0.00,0.00,1807.05,0.00,1807.05,24614.90,2995.12,0,0,0,0.00,0,F1,65,,,,,
2026-08-04,2026-08-04,FO,NSE,IDO,80189,,NIFTY,,2027-03-30,2027-03-30,15000.00,PE,NIFTY27MAR15000PE,0.00,0.00,0.00,15.05,15.00,15.05,24614.90,0.02,585,0,0,0.00,0,F1,65,,,,,
2026-08-04,2026-08-04,FO,NSE,IDO,38159,,NIFTY,,2026-12-29,2026-12-29,29000.00,PE,NIFTY26DEC29000PE,3732.85,3800.00,3665.00,3770.40,3772.00,3704.75,24614.90,3770.40,225305,455,55,117013685.75,47,F1,65,,,,,
2026-08-04,2026-08-04,FO,NSE,IDO,50979,,NIFTY,,2026-12-29,2026-12-29,27000.00,PE,NIFTY26DEC27000PE,1887.15,1976.65,1822.10,1938.15,1946.50,1887.15,24614.90,1938.15,877010,1560,210,394329760.50,163,F1,65,,,,,
2026-08-04,2026-08-04,FO,NSE,IDO,55327,,NIFTY,,2026-12-29,2026-12-29,22500.00,PE,NIFTY26DEC22500PE,114.95,121.00,108.00,114.20,114.50,115.00,24614.90,114.20,547495,23725,3433,5045908523.50,1836,F1,65,,,,,
2026-08-04,2026-08-04,FO,NSE,IDO,58639,,NIFTY,,2026-12-29,2026-12-29,17000.00,PE,NIFTY26DEC17000PE,22.25,22.55,19.25,20.70,21.40,21.00,24614.90,20.70,187990,2145,99,109529982.25,37,F1,65,,,,,
2026-08-04,2026-08-04,FO,NSE,IDO,51537,,NIFTY,,2026-10-27,2026-10-27,27100.00,PE,NIFTY26OCT27100PE,0.00,0.00,0.00,2808.90,0.00,2808.90,24614.90,2248.15,0,0,0,0.00,0,F1,65,,,,,
2026-08-04,2026-08-04,FO,NSE,IDO,51535,,NIFTY,,2026-10-27,2026-10-27,27050.00,PE,NIFTY26OCT27050PE,0.00,0.00,0.00,2764.35,0.00,2764.35,24614.90,2206.31,0,0,0,0.00,0,F1,65,,,,,
2026-08-04,2026-08-04,FO,NSE,IDO,51523,,NIFTY,,2026-10-27,2026-10-27,26800.00,PE,NIFTY26OCT26800PE,0.00,0.00,0.00,2544.55,0.00,2544.55,24614.90,2001.22,0,0,0,0.00,0,F1,65,,,,,
2026-08-04,2026-08-04,FO,NSE,IDO,51517,,NIFTY,,2026-10-27,2026-10-27,26650.00,PE,NIFTY26OCT26650PE,0.00,0.00,0.00,2415.20,0.00,2415.20,24614.90,1881.72,0,0,0,0.00,0,F1,65,,,,,
2026-08-04,2026-08-04,FO,NSE,IDO,51509,,NIFTY,,2026-10-27,2026-10-27,26450.00,PE,NIFTY26OCT26450PE,0.00,0.00,0.00,2246.05,0.00,2246.05,24614.90,1726.90,0,0,0,0.00,0,F1,65,,,,,
2026-08-04,2026-08-04,FO,NSE,IDO,51485,,NIFTY,,2026-10-27,2026-10-27,25850.00,PE,NIFTY26OCT25850PE,0.00,0.00,0.00,1765.25,0.00,1765.25,24614.90,1297.40,0,0,0,0.00,0,F1,65,,,,,
2026-08-04,2026-08-04,FO,NSE,IDO,51471,,NIFTY,,2026-10-27,2026-10-27,25550.00,PE,NIFTY26OCT25550PE,0.00,0.00,0.00,859.45,859.45,859.45,24614.90,1105.10,65,0,0,0.00,0,F1,65,,,,,
2026-08-04,2026-08-04,FO,NSE,IDO,51419,,NIFTY,,2026-10-27,2026-10-27,24500.00,PE,NIFTY26OCT24500PE,353.75,408.45,331.00,379.00,385.45,354.30,24614.90,379.00,155415,15405,1769,2859763133.50,1324,F1,65,,,,,
2026-08-04,2026-08-04,FO,NSE,IDO,51411,,NIFTY,,2026-10-27,2026-10-27,24400.00,PE,NIFTY26OCT24400PE,312.40,372.25,301.00,341.75,357.00,321.85,24614.90,341.75,7345,1300,155,249259175.75,94,F1,65,,,,,
2026-08-04,2026-08-04,FO,NSE,IDO,51409,,NIFTY,,2026-10-27,2026-10-27,24350.00,PE,NIFTY26OCT24350PE,302.00,350.00,302.00,338.35,338.35,310.00,24614.90,505.40,1495,845,13,20866865.50,6,F1,65,,,,,
2026-08-04,2026-08-04,FO,NSE,IDO,51387,,NIFTY,,2026-10-27,2026-10-27,23850.00,PE,NIFTY26OCT23850PE,0.00,0.00,0.00,569.90,0.00,569.90,24614.90,337.38,0,0,0,0.00,0,F1,65,,,,,
2026-08-04,2026-08-04,FO,NSE,IDO,51375,,NIFTY,,2026-10-27,2026-10-27,23550.00,PE,NIFTY26OCT23550PE,0.00,0.00,0.00,454.95,0.00,454.95,24614.90,258.41,0,0,0,0.00,0,F1,65,,,,,
2026-08-04,2026-08-04,FO,NSE,IDO,51341,,NIFTY,,2026-10-27,2026-10-27,22700.00,PE,NIFTY26OCT22700PE,62.20,67.70,59.05,66.00,66.00,217.70,24614.90,66.00,780,780,17,25154668.50,13,F1,65,,,,,
2026-08-04,2026-08-04,FO,NSE,IDO,51333,,NIFTY,,2026-10-27,2026-10-27,22550.00,PE,NIFTY26OCT22550PE,55.05,56.60,53.05,56.60,56.60,187.95,24614.90,90.55,390,390,7,10285437.50,7,F1,65,,,,,
2026-08-04,2026-08-04,FO,NSE,IDO,74502,,NIFTY,,2026-09-29,2026-09-29,27050.00,PE,NIFTY26SEP27050PE,0.00,0.00,0.00,2869.35,0.00,2869.35,24614.90,2243.68,0,0,0,0.00,0,F1,65,,,,,
2026-08-04,2026-08-04,FO,NSE,IDO,74482,,NIFTY,,2026-09-29,2026-09-29,26500.00,PE,NIFTY26SEP26500PE,1688.00,1810.00,1684.00,1810.00,1810.00,2389.15,24614.90,1766.97,7345,7345,114,209092136.50,89,F1,65,,,,,
2026-08-04,2026-08-04,FO,NSE,IDO,74466,,NIFTY,,2026-09-29,2026-09-29,26200.00,PE,NIFTY26SEP26200PE,0.00,0.00,0.00,1750.00,1750.00,1750.00,24614.90,1523.53,130,0,0,0.00,0,F1,65,,,,,
2026-08-04,2026-08-04,FO,NSE,IDO,74423,,NIFTY,,2026-09-29,2026-09-29,25850.00,PE,NIFTY26SEP25850PE,0.00,0.00,0.00,1859.75,0.00,1859.75,24614.90,1257.85,0,0,0,0.00,0,F1,65,,,,,
2026-08-04,2026-08-04,FO,NSE,IDO,74358,,NIFTY,,2026-09-29,2026-09-29,24800.00,PE,NIFTY26SEP24800PE,426.20,505.50,398.05,464.00,479.25,429.60,24614.90,464.00,145470,33280,1826,2995894473.00,1550,F1,65,,,,,
2026-08-04,2026-08-04,FO,NSE,IDO,74240,,NIFTY,,2026-09-29,2026-09-29,24450.00,PE,NIFTY26SEP24450PE,274.50,341.90,265.00,312.35,312.20,286.45,24614.90,312.35,11440,1235,208,334808106.75,164,F1,65,,,,,
2026-08-04,2026-08-04,FO,NSE,IDO,74006,,NIFTY,,2026-09-29,2026-09-29,23650.00,PE,NIFTY26SEP23650PE,104.10,126.55,97.15,113.95,115.60,105.50,24614.90,113.95,13195,-715,127,196131721.50,99,F1,65,,,,,
2026-08-04,2026-08-04,FO,NSE,IDO,74004,,NIFTY,,2026-09-29,2026-09-29,23600.00,PE,NIFTY26SEP23600PE,97.50,120.70,90.80,109.25,110.00,100.55,24614.90,109.25,132275,22685,1443,2223179491.00,1036,F1,65,,,,,
2026-08-04,2026-08-04,FO,NSE,IDO,65899,,NIFTY,,2026-09-29,2026-09-29,23000.00,PE,NIFTY26SEP23000PE,52.80,59.80,47.00,54.40,54.80,52.80,24614.90,54.40,2207475,55315,9446,14153934486.25,5707,F1,65,,,,,
2026-08-04,2026-08-04,FO,NSE,IDO,73900,,NIFTY,,2026-09-29,2026-09-29,22900.00,PE,NIFTY26SEP22900PE,46.90,53.00,42.80,48.90,48.30,47.30,24614.90,48.90,68315,-3120,436,650312936.00,326,F1,65,,,,,
2026-08-04,2026-08-04,FO,NSE,IDO,47026,,NIFTY,,2026-09-01,2026-09-01,25000.00,PE,NIFTY2690125000PE,450.00,575.85,450.00,532.30,536.00,492.50,24614.90,532.30,2340,1365,99,164129520.75,82,F1,65,,,,,
2026-08-04,2026-08-04,FO,NSE,IDO,46982,,NIFTY,,2026-09-01,2026-09-01,23900.00,PE,NIFTY2690123900PE,75.65,100.75,70.00,87.85,87.30,81.35,24614.90,87.85,5395,195,73,113808675.50,54,F1,65,,,,,
2026-08-04,2026-08-04,FO,NSE,IDO,46906,,NIFTY,,2026-09-01,2026-09-01,22000.00,PE,NIFTY2690122000PE,9.20,9.85,7.15,8.95,8.45,9.20,24614.90,8.95,15080,2535,208,297558322.75,115,F1,65,,,,,
2026-08-04,2026-08-04,FO,NSE,IDO,61954,,NIFTY,,2026-08-25,2026-08-25,25350.00,PE,NIFTY26AUG25350PE,0.00,0.00,0.00,1244.40,1230.00,1244.40,24614.90,805.22,1040,0,0,0.00,0,F1,65,,,,,
2026-08-04,2026-08-04,FO,NSE,IDO,61930,,NIFTY,,2026-08-25,2026-08-25,25200.00,PE,NIFTY26AUG25200PE,600.95,739.50,568.05,687.50,687.00,618.50,24614.90,687.50,77935,5915,896,1504939140.25,614,F1,65,,,,,
2026-08-04,2026-08-04,FO,NSE,IDO,61898,,NIFTY,,2026-08-25,2026-08-25,25000.00,PE,NIFTY26AUG25000PE,430.00,580.00,411.15,523.40,529.00,455.30,24614.90,523.40,2064465,47320,13602,22534444211.50,8961,F1,65,,,,,
2026-08-04,2026-08-04,FO,NSE,IDO,61719,,NIFTY,,2026-08-25,2026-08-25,24350.00,PE,NIFTY26AUG24350PE,142.90,203.00,122.90,171.80,168.25,141.65,24614.90,171.80,149565,-12285,4181,6661438137.25,3206,F1,65,,,,,
2026-08-04,2026-08-04,FO,NSE,IDO,61408,,NIFTY,,2026-08-25,2026-08-25,22650.00,PE,NIFTY26AUG22650PE,12.00,12.65,9.50,10.60,10.10,11.05,24614.90,10.60,24895,9490,1540,2268398795.00,1400,F1,65,,,,,
2026-08-04,2026-08-04,FO,NSE,IDO,61367,,NIFTY,,2026-08-25,2026-08-25,22200.00,PE,NIFTY26AUG22200PE,8.00,12.70,6.55,7.10,6.60,8.05,24614.90,7.10,157300,-12675,2179,3145352382.25,1376,F1,65,,,,,
2026-08-04,2026-08-04,FO,NSE,IDO,61357,,NIFTY,,2026-08-25,2026-08-25,22100.00,PE,NIFTY26AUG22100PE,7.00,8.10,6.05,6.70,6.75,7.60,24614.90,6.70,45630,8840,932,1339254572.50,666,F1,65,,,,,
2026-08-04,2026-08-04,FO,NSE,IDO,61174,,NIFTY,,2026-08-25,2026-08-25,21350.00,PE,NIFTY26AUG21350PE,4.75,5.25,4.75,5.25,5.25,5.35,24614.90,0.03,1755,-260,9,12492694.50,6,F1,65,,,,,
2026-08-04,2026-08-04,FO,NSE,IDO,61153,,NIFTY,,2026-08-25,2026-08-25,21200.00,PE,NIFTY26AUG21200PE,6.00,6.30,4.25,4.70,4.50,5.75,24614.90,4.70,704730,5070,5971,8230013239.50,1352,F1,65,,,,,
2026-08-04,2026-08-04,FO,NSE,IDO,45199,,NIFTY,,2026-08-18,2026-08-18,25950.00,PE,NIFTY2681825950PE,0.00,0.00,0.00,1804.45,0.00,1804.45,24614.90,1297.17,0,0,0,0.00,0,F1,65,,,,,
2026-08-04,2026-08-04,FO,NSE,IDO,45169,,NIFTY,,2026-08-18,2026-08-18,25450.00,PE,NIFTY2681825450PE,0.00,0.00,0.00,1367.80,0.00,1367.80,24614.90,852.12,0,0,0,0.00,0,F1,65,,,,,
2026-08-04,2026-08-04,FO,NSE,IDO,45165,,NIFTY,,2026-08-18,2026-08-18,25350.00,PE,NIFTY2681825350PE,0.00,0.00,0.00,1285.35,0.00,1285.35,24614.90,770.72,0,0,0,0.00,0,F1,65,,,,,
2026-08-04,2026-08-04,FO,NSE,IDO,45141,,NIFTY,,2026-08-18,2026-08-18,24800.00,PE,NIFTY2681824800PE,304.10,409.00,270.00,360.80,357.15,301.15,24614.90,360.80,38350,13585,2299,3756065209.00,1685,F1,65,,,,,
2026-08-04,2026-08-04,FO,NSE,IDO,45105,,NIFTY,,2026-08-18,2026-08-18,24350.00,PE,NIFTY2681824350PE,98.10,160.90,86.90,127.70,132.10,102.80,24614.90,127.70,107770,46735,5074,8070858503.50,2671,F1,65,,,,,
2026-08-04,2026-08-04,FO,NSE,IDO,45044,,NIFTY,,2026-08-18,2026-08-18,23050.00,PE,NIFTY2681823050PE,9.25,9.40,7.00,8.65,8.65,10.00,24614.90,8.65,6110,-780,57,85431212.75,37,F1,65,,,,,
2026-08-04,2026-08-04,FO,NSE,IDO,45038,,NIFTY,,2026-08-18,2026-08-18,22950.00,PE,NIFTY2681822950PE,8.80,8.85,6.20,6.75,7.00,9.10,24614.90,6.75,8450,-260,62,92519056.50,34,F1,65,,,,,
2026-08-04,2026-08-04,FO,NSE,IDO,44984,,NIFTY,,2026-08-18,2026-08-18,22000.00,PE,NIFTY2681822000PE,5.05,5.05,3.50,4.00,4.00,4.80,24614.90,4.00,334360,190060,4972,7111248862.25,1430,F1,65,,,,,
2026-08-04,2026-08-04,FO,NSE,IDO,41144,,NIFTY,,2026-08-11,2026-08-11,27200.00,PE,NIFTY2681127200PE,0.00,0.00,0.00,2656.55,0.00,2656.55,24614.90,2553.40,0,0,0,0.00,0,F1,65,,,,,
2026-08-04,2026-08-04,FO,NSE,IDO,41140,,NIFTY,,2026-08-11,2026-08-11,27100.00,PE,NIFTY2681127100PE,0.00,0.00,0.00,2559.70,0.00,2559.70,24614.90,2453.52,0,0,0,0.00,0,F1,65,,,,,
2026-08-04,2026-08-04,FO,NSE,IDO,41124,,NIFTY,,2026-08-11,2026-08-11,26800.00,PE,NIFTY2681126800PE,0.00,0.00,0.00,2271.90,0.00,2271.90,24614.90,2153.89,0,0,0,0.00,0,F1,65,,,,,
2026-08-04,2026-08-04,FO,NSE,IDO,41120,,NIFTY,,2026-08-11,2026-08-11,26700.00,PE,NIFTY2681126700PE,0.00,0.00,0.00,2177.20,0.00,2177.20,24614.90,2054.03,0,0,0,0.00,0,F1,65,,,,,
2026-08-04,2026-08-04,FO,NSE,IDO,41108,,NIFTY,,2026-08-11,2026-08-11,26400.00,PE,NIFTY2681126400PE,0.00,0.00,0.00,1897.95,0.00,1897.95,24614.90,1754.59,0,0,0,0.00,0,F1,65,,,,,
2026-08-04,2026-08-04,FO,NSE,IDO,41094,,NIFTY,,2026-08-11,2026-08-11,26150.00,PE,NIFTY2681126150PE,0.00,0.00,0.00,1672.30,0.00,1672.30,24614.90,1505.63,0,0,0,0.00,0,F1,65,,,,,
2026-08-04,2026-08-04,FO,NSE,IDO,41074,,NIFTY,,2026-08-11,2026-08-11,25850.00,PE,NIFTY2681125850PE,1380.00,1380.00,1340.00,1350.00,1350.00,1220.00,24614.90,1209.28,325,260,4,7074275.00,4,F1,65,,,,,
2026-08-04,2026-08-04,FO,NSE,IDO,41070,,NIFTY,,2026-08-11,2026-08-11,25750.00,PE,NIFTY2681125750PE,0.00,0.00,0.00,1170.00,1170.00,1170.00,24614.90,1111.78,65,0,0,0.00,0,F1,65,,,,,
2026-08-04,2026-08-04,FO,NSE,IDO,41062,,NIFTY,,2026-08-11,2026-08-11,25600.00,PE,NIFTY2681125600PE,960.00,1100.50,957.70,1086.40,1100.50,986.95,24614.90,1086.40,3120,1885,39,67625392.25,32,F1,65,,,,,
2026-08-04,2026-08-04,FO,NSE,IDO,41044,,NIFTY,,2026-08-11,2026-08-11,25150.00,PE,NIFTY2681125150PE,530.00,661.90,530.00,648.65,648.60,564.20,24614.90,648.65,910,455,20,33479218.50,17,F1,65,,,,,
2026-08-04,2026-08-04,FO,NSE,IDO,40972,,NIFTY,,2026-08-11,2026-08-11,23550.00,PE,NIFTY2681123550PE,8.65,8.65,4.60,5.85,4.85,8.45,24614.90,5.85,557700,405795,23880,36563673019.25,12921,F1,65,,,,,
2026-08-04,2026-08-04,FO,NSE,IDO,40946,,NIFTY,,2026-08-11,2026-08-11,22900.00,PE,NIFTY2681122900PE,4.40,4.40,2.00,2.60,2.00,4.40,24614.90,2.60,836420,392990,38531,57360524526.50,14543,F1,65,,,,,
2026-08-04,2026-08-04,FO,NSE,IDO,40938,,NIFTY,,2026-08-11,2026-08-11,22700.00,PE,NIFTY2681122700PE,3.50,4.55,1.50,2.25,1.50,3.85,24614.90,2.25,413660,80145,25673,37884670323.50,9053,F1,65,,,,,
2026-08-04,2026-08-04,FO,NSE,IDO,40920,,NIFTY,,2026-08-11,2026-08-11,22300.00,PE,NIFTY2681122300PE,2.50,3.50,1.40,1.65,1.50,3.05,24614.90,1.65,276705,84175,11448,16595302298.25,4525,F1,65,,,,,
2026-08-04,2026-08-04,FO,NSE,IDO,40918,,NIFTY,,2026-08-11,2026-08-11,22250.00,PE,NIFTY2681122250PE,2.95,2.95,1.40,1.65,1.85,2.80,24614.90,1.65,13325,1430,302,436804078.75,194,F1,65,,,,,
2026-08-04,2026-08-04,FO,NSE,IDO,40890,,NIFTY,,2026-08-11,2026-08-11,21700.00,PE,NIFTY2681121700PE,2.45,3.10,1.10,1.25,1.10,2.20,24614.90,1.25,136630,61815,3680,5190957349.50,1839,F1,65,,,,,
2026-08-04,2026-08-04,FO,NSE,IDO,66099,,NIFTY,,2026-08-04,2026-08-04,27000.00,PE,NIFTY2680427000PE,0.00,0.00,0.00,2996.00,0.00,2996.00,24614.90,24614.90,0,0,0,0.00,0,F1,65,,,,,
2026-08-04,2026-08-04,FO,NSE,IDO,66007,,NIFTY,,2026-08-04,2026-08-04,25750.00,PE,NIFTY2680425750PE,0.00,0.00,0.00,1822.00,0.00,1822.00,24614.90,24614.90,0,0,0,0.00,0,F1,65,,,,,
2026-08-04,2026-08-04,FO,NSE,IDO,65943,,NIFTY,,2026-08-04,2026-08-04,25500.00,PE,NIFTY2680425500PE,884.75,1064.20,862.35,945.90,886.00,920.80,24614.90,24614.90,126685,-65000,2222,3823177358.00,1851,F1,65,,,,,
2026-08-04,2026-08-04,FO,NSE,IDO,65809,,NIFTY,,2026-08-04,2026-08-04,24300.00,PE,NIFTY2680424300PE,3.00,7.30,0.05,2.25,0.05,7.65,24614.90,24614.90,4261595,-6990620,9358119,14782948148423.00,1353334,F1,65,,,,,
2026-08-04,2026-08-04,FO,NSE,IDO,65807,,NIFTY,,2026-08-04,2026-08-04,24250.00,PE,NIFTY2680424250PE,2.80,4.55,0.05,1.10,0.05,6.25,24614.90,24614.90,3407105,-3350230,5815241,9166920752333.50,788404,F1,65,,,,,
2026-08-04,2026-08-04,FO,NSE,IDO,65696,,NIFTY,,2026-08-04,2026-08-04,24050.00,PE,NIFTY2680424050PE,1.50,1.50,0.05,0.20,0.05,3.80,24614.90,24614.90,1340820,-1225705,871356,1362184219958.25,166780,F1,65,,,,,
2026-08-04,2026-08-04,FO,NSE,IDO,65685,,NIFTY,,2026-08-04,2026-08-04,23800.00,PE,NIFTY2680423800PE,0.95,1.05,0.05,0.05,0.05,2.40,24614.90,24614.90,3932825,-2407535,893545,1382339544657.50,149893,F1,65,,,,,
2026-08-04,2026-08-04,FO,NSE,IDO,65673,,NIFTY,,2026-08-04,2026-08-04,23500.00,PE,NIFTY2680423500PE,0.75,0.95,0.05,0.05,0.05,1.75,24614.90,24614.90,4141540,-5138510,753301,1150685531082.75,97402,F1,65,,,,,
2026-08-04,2026-08-04,FO,NSE,IDO,65532,,NIFTY,,2026-08-04,2026-08-04,23350.00,PE,NIFTY2680423350PE,0.70,0.85,0.05,0.05,0.05,1.35,24614.90,24614.90,1078545,-216580,91878,139449800207.25,17250,F1,65,,,,,
2026-08-04,2026-08-04,FO,NSE,IDO,65351,,NIFTY,,2026-08-04,2026-08-04,21950.00,PE,NIFTY2680421950PE,0.55,0.70,0.05,0.05,0.05,0.45,24614.90,24614.90,121615,-17810,3791,5408859540.50,775,F1,65,,,,,
2026-08-04,2026-08-04,FO,NSE,IDO,74657,,NIFTY,,2031-06-24,2031-06-24,30000.00,CE,NIFTY31JUN30000CE,0.00,0.00,0.00,4459.90,0.00,4459.90,24614.90,5034.69,0,0,0,0.00,0,F1,65,,,,,
2026-08-04,2026-08-04,FO,NSE,IDO,74641,,NIFTY,,2031-06-24,2031-06-24,18000.00,CE,NIFTY31JUN18000CE,0.00,0.00,0.00,10825.95,0.00,10825.95,24614.90,11685.47,0,0,0,0.00,0,F1,65,,,,,
2026-08-04,2026-08-04,FO,NSE,IDO,55756,,NIFTY,,2030-12-31,2030-12-31,25500.00,CE,NIFTY30DEC25500CE,0.00,0.00,0.00,7639.65,0.00,7639.65,24614.90,6581.47,0,0,0,0.00,0,F1,65,,,,,
2026-08-04,2026-08-04,FO,NSE,IDO,55700,,NIFTY,,2030-12-31,2030-12-31,19500.00,CE,NIFTY30DEC19500CE,0.00,0.00,0.00,11601.15,0.00,11601.15,24614.90,10229.11,0,0,0,0.00,0,F1,65,,,,,
2026-08-04,2026-08-04,FO,NSE,IDO,61659,,NIFTY,,2029-12-24,2029-12-24,21000.00,CE,NIFTY29DEC21000CE,0.00,0.00,0.00,9463.95,0.00,9463.95,24614.90,8141.88,0,0,0,0.00,0,F1,65,,,,,
2026-08-04,2026-08-04,FO,NSE,IDO,55562,,NIFTY,,2029-06-26,2029-06-26,25500.00,CE,NIFTY29JUN25500CE,0.00,0.00,0.00,5917.35,0.00,5917.35,24614.90,4736.28,0,0,0,0.00,0,F1,65,,,,,
2026-08-04,2026-08-04,FO,NSE,IDO,86163,,NIFTY,,2028-06-27,2028-06-27,27000.00,CE,NIFTY28JUN27000CE,0.00,0.00,0.00,1935.00,1935.00,1935.00,24614.90,2645.40,0,0,0,0.00,0,F1,65,,,,,
2026-08-04,2026-08-04,FO,NSE,IDO,53613,,NIFTY,,2027-12-28,2027-12-28,21000.00,CE,NIFTY27DEC21000CE,0.00,0.00,0.00,4902.40,0.00,4902.40,24614.90,5675.32,0,0,0,0.00,0,F1,65,,,,,
2026-08-04,2026-08-04,FO,NSE,IDO,55372,,NIFTY,,2027-06-29,2027-06-29,19500.00,CE,NIFTY27JUN19500CE,0.00,0.00,0.00,8143.40,0.00,8143.40,24614.90,6282.41,0,0,0,0.00,0,F1,65,,,,,
2026-08-04,2026-08-04,FO,NSE,IDO,55368,,NIFTY,,2027-06-29,2027-06-29,16500.00,CE,NIFTY27JUN16500CE,0.00,0.00,0.00,10867.20,0.00,10867.20,24614.90,9066.86,0,0,0,0.00,0,F1,65,,,,,
2026-08-04,2026-08-04,FO,NSE,IDO,80307,,NIFTY,,2027-03-30,2027-03-30,30000.00,CE,NIFTY27MAR30000CE,49.95,50.45,48.00,48.70,48.00,49.85,24614.90,48.70,87750,-65,295,576191128.50,175,F1,65,,,,,
2026-08-04,2026-08-04,FO,NSE,IDO,80268,,NIFTY,,2027-03-30,2027-03-30,21000.00,CE,NIFTY27MAR21000CE,0.00,0.00,0.00,3217.45,0.00,3217.45,24614.90,4587.97,0,0,0,0.00,0,F1,65,,,,,
2026-08-04,2026-08-04,FO,NSE,IDO,55328,,NIFTY,,2026-12-29,2026-12-29,25500.00,CE,NIFTY26DEC25500CE,537.40,542.40,484.10,495.10,492.00,524.30,24614.90,495.10,627640,23725,1586,2681395899.00,1038,F1,65,,,,,
2026-08-04,2026-08-04,FO,NSE,IDO,55324,,NIFTY,,2026-12-29,2026-12-29,19500.00,CE,NIFTY26DEC19500CE,0.00,0.00,0.00,7586.85,0.00,7586.85,24614.90,5630.53,0,0,0,0.00,0,F1,65,,,,,
2026-08-04,2026-08-04,FO,NSE,IDO,51508,,NIFTY,,2026-10-27,2026-10-27,26450.00,CE,NIFTY26OCT26450CE,0.00,0.00,0.00,178.65,0.00,178.65,24614.90,289.32,0,0,0,0.00,0,F1,65,,,,,
2026-08-04,2026-08-04,FO,NSE,IDO,51422,,NIFTY,,2026-10-27,2026-10-27,24600.00,CE,NIFTY26OCT24600CE,696.00,710.15,610.05,631.95,631.95,679.10,24614.90,631.95,3055,-390,56,91975399.75,46,F1,65,,,,,
2026-08-04,2026-08-04,FO,NSE,IDO,51398,,NIFTY,,2026-10-27,2026-10-27,24100.00,CE,NIFTY26OCT24100CE,0.00,0.00,0.00,910.00,910.00,910.00,24614.90,1292.68,130,0,0,0.00,0,F1,65,,,,,
2026-08-04,2026-08-04,FO,NSE,IDO,51378,,NIFTY,,2026-10-27,2026-10-27,23650.00,CE,NIFTY26OCT23650CE,0.00,0.00,0.00,1181.90,0.00,1181.90,24614.90,1604.37,0,0,0,0.00,0,F1,65,,,,,
2026-08-04,2026-08-04,FO,NSE,IDO,51362,,NIFTY,,2026-10-27,2026-10-27,23250.00,CE,NIFTY26OCT23250CE,0.00,0.00,0.00,1441.30,0.00,1441.30,24614.90,1908.04,0,0,0,0.00,0,F1,65,,,,,
2026-08-04,2026-08-04,FO,NSE,IDO,51338,,NIFTY,,2026-10-27,2026-10-27,22650.00,CE,NIFTY26OCT22650CE,0.00,0.00,0.00,1882.95,0.00,1882.95,24614.90,2407.06,0,0,0,0.00,0,F1,65,,,,,
2026-08-04,2026-08-04,FO,NSE,IDO,74432,,NIFTY,,2026-09-29,2026-09-29,25950.00,CE,NIFTY26SEP25950CE,0.00,0.00,0.00,251.80,0.00,251.80,24614.90,258.11,0,0,0,0.00,0,F1,65,,,,,
2026-08-04,2026-08-04,FO,NSE,IDO,74107,,NIFTY,,2026-09-29,2026-09-29,24300.00,CE,NIFTY26SEP24300CE,721.65,732.30,617.60,648.40,656.25,703.80,24614.90,648.40,152360,3835,298,483546436.75,283,F1,65,,,,,
2026-08-04,2026-08-04,FO,NSE,IDO,73906,,NIFTY,,2026-09-29,2026-09-29,23100.00,CE,NIFTY26SEP23100CE,0.00,0.00,0.00,1527.35,1527.70,1527.35,24614.90,1850.26,650,0,0,0.00,0,F1,65,,,,,
2026-08-04,2026-08-04,FO,NSE,IDO,73897,,NIFTY,,2026-09-29,2026-09-29,22850.00,CE,NIFTY26SEP22850CE,0.00,0.00,0.00,1453.00,1453.00,1453.00,24614.90,2067.64,390,0,0,0.00,0,F1,65,,,,,
2026-08-04,2026-08-04,FO,NSE,IDO,73859,,NIFTY,,2026-09-29,2026-09-29,21950.00,CE,NIFTY26SEP21950CE,0.00,0.00,0.00,2369.20,0.00,2369.20,24614.90,2902.46,0,0,0,0.00,0,F1,65,,,,,
2026-08-04,2026-08-04,FO,NSE,IDO,73805,,NIFTY,,2026-09-29,2026-09-29,21600.00,CE,NIFTY26SEP21600CE,0.00,0.00,0.00,2922.00,2922.00,2922.00,24614.90,3240.63,1430,0,0,0.00,0,F1,65,,,,,
2026-08-04,2026-08-04,FO,NSE,IDO,65893,,NIFTY,,2026-09-29,2026-09-29,21000.00,CE,NIFTY26SEP21000CE,3823.75,3823.75,3621.00,3652.20,3662.65,3704.15,24614.90,3652.20,484055,-4225,158,253750776.50,148,F1,65,,,,,
2026-08-04,2026-08-04,FO,NSE,IDO,47085,,NIFTY,,2026-09-01,2026-09-01,26500.00,CE,NIFTY2690126500CE,0.00,0.00,0.00,45.35,0.00,45.35,24614.90,35.94,0,0,0,0.00,0,F1,65,,,,,
2026-08-04,2026-08-04,FO,NSE,IDO,47047,,NIFTY,,2026-09-01,2026-09-01,25550.00,CE,NIFTY2690125550CE,34.95,47.95,26.50,31.30,30.25,33.40,24614.90,31.30,25675,975,340,565385278.25,199,F1,65,,,,,
2026-08-04,2026-08-04,FO,NSE,IDO,47027,,NIFTY,,2026-09-01,2026-09-01,25050.00,CE,NIFTY2690125050CE,195.35,195.35,100.45,100.45,100.45,282.50,24614.90,100.45,260,260,6,9820908.50,6,F1,65,,,,,
2026-08-04,2026-08-04,FO,NSE,IDO,47015,,NIFTY,,2026-09-01,2026-09-01,24750.00,CE,NIFTY2690124750CE,0.00,0.00,0.00,383.80,0.00,383.80,24614.90,446.87,0,0,0,0.00,0,F1,65,,,,,
2026-08-04,2026-08-04,FO,NSE,IDO,47005,,NIFTY,,2026-09-01,2026-09-01,24500.00,CE,NIFTY2690124500CE,391.30,413.55,318.85,338.30,340.35,381.95,24614.90,338.30,26975,10140,662,1069121023.75,438,F1,65,,,,,
2026-08-04,2026-08-04,FO,NSE,IDO,46975,,NIFTY,,2026-09-01,2026-09-01,23750.00,CE,NIFTY2690123750CE,0.00,0.00,0.00,899.60,0.00,899.60,24614.90,1094.78,0,0,0,0.00,0,F1,65,,,,,
2026-08-04,2026-08-04,FO,NSE,IDO,46951,,NIFTY,,2026-09-01,2026-09-01,23150.00,CE,NIFTY2690123150CE,0.00,0.00,0.00,1338.05,0.00,1338.05,24614.90,1611.68,0,0,0,0.00,0,F1,65,,,,,
2026-08-04,2026-08-04,FO,NSE,IDO,46945,,NIFTY,,2026-09-01,2026-09-01,23000.00,CE,NIFTY2690123000CE,0.00,0.00,0.00,1050.00,1050.00,1050.00,24614.90,1750.27,650,0,0,0.00,0,F1,65,,,,,
2026-08-04,2026-08-04,FO,NSE,IDO,46933,,NIFTY,,2026-09-01,2026-09-01,22700.00,CE,NIFTY2690122700CE,0.00,0.00,0.00,1716.55,0.00,1716.55,24614.90,2034.69,0,0,0,0.00,0,F1,65,,,,,
2026-08-04,2026-08-04,FO,NSE,IDO,46921,,NIFTY,,2026-09-01,2026-09-01,22400.00,CE,NIFTY2690122400CE,0.00,0.00,0.00,1986.25,0.00,1986.25,24614.90,2325.69,0,0,0,0.00,0,F1,65,,,,,
2026-08-04,2026-08-04,FO,NSE,IDO,62195,,NIFTY,,2026-08-25,2026-08-25,26750.00,CE,NIFTY26AUG26750CE,2.00,2.85,2.00,2.85,2.85,143.20,24614.90,9.31,1690,1690,85,147805869.25,33,F1,65,,,,,
2026-08-04,2026-08-04,FO,NSE,IDO,62119,,NIFTY,,2026-08-25,2026-08-25,26450.00,CE,NIFTY26AUG26450CE,2.55,4.20,2.55,3.20,3.20,183.35,24614.90,18.90,650,650,45,77376165.75,32,F1,65,,,,,
2026-08-04,2026-08-04,FO,NSE,IDO,62117,,NIFTY,,2026-08-25,2026-08-25,26400.00,CE,NIFTY26AUG26400CE,3.05,5.25,2.35,3.25,3.35,190.90,24614.90,3.25,1040,1040,169,290040208.25,106,F1,65,,,,,
2026-08-04,2026-08-04,FO,NSE,IDO,61977,,NIFTY,,2026-08-25,2026-08-25,25550.00,CE,NIFTY26AUG25550CE,0.00,0.00,0.00,362.90,0.00,362.90,24614.90,113.27,0,0,0,0.00,0,F1,65,,,,,
2026-08-04,2026-08-04,FO,NSE,IDO,61943,,NIFTY,,2026-08-25,2026-08-25,25300.00,CE,NIFTY26AUG25300CE,37.85,44.05,30.40,34.50,33.20,39.00,24614.90,34.50,808730,-22490,21047,34661724984.25,15796,F1,65,,,,,
2026-08-04,2026-08-04,FO,NSE,IDO,61845,,NIFTY,,2026-08-25,2026-08-25,24800.00,CE,NIFTY26AUG24800CE,177.20,188.60,130.00,141.60,141.55,168.80,24614.90,141.60,2204280,-9685,26896,43627271701.00,16993,F1,65,,,,,
2026-08-04,2026-08-04,FO,NSE,IDO,65922,,NIFTY,,2026-08-04,2026-08-04,25150.00,CE,NIFTY2680425150CE,1.65,1.65,0.05,0.10,0.05,1.10,24614.90,24614.90,1290380,39910,667988,1092017983423.25,146210,F1,65,,,,,
2026-08-04,2026-08-04,FO,NSE,IDO,65918,,NIFTY,,2026-08-04,2026-08-04,25050.00,CE,NIFTY2680425050CE,1.50,1.50,0.05,0.10,0.05,1.55,24614.90,24614.90,2852005,-61295,1007416,1640366301905.50,205551,F1,65,,,,,
2026-08-04,2026-08-04,FO,NSE,IDO,65914,,NIFTY,,2026-08-04,2026-08-04,24950.00,CE,NIFTY2680424950CE,3.50,4.75,0.05,0.30,0.05,2.55,24614.90,24614.90,1587105,-952510,1132200,1836209133960.50,213861,F1,65,,,,,
2026-08-04,2026-08-04,FO,NSE,IDO,61455,,NIFTY,,2026-08-25,2026-08-25,23300.00,CE,NIFTY26AUG23300CE,1403.50,1403.50,1230.25,1257.55,1257.55,1363.80,24614.90,1428.00,28275,-455,83,132914814.50,61,F1,65,,,,,
2026-08-04,2026-08-04,FO,NSE,IDO,74639,,NIFTY,,2031-06-24,2031-06-24,16500.00,PE,NIFTY31JUN16500PE,0.00,0.00,0.00,95.65,0.00,95.65,24614.90,62.24,0,0,0,0.00,0,F1,65,,,,,
2026-08-04,2026-08-04,FO,NSE,IDO,55699,,NIFTY,,2030-12-31,2030-12-31,18000.00,PE,NIFTY30DEC18000PE,0.00,0.00,0.00,32.30,0.00,32.30,24614.90,113.59,0,0,0,0.00,0,F1,65,,,,,
2026-08-04,2026-08-04,FO,NSE,IDO,60939,,NIFTY,,2030-06-25,2030-06-25,30000.00,PE,NIFTY30JUN30000PE,0.00,0.00,0.00,2100.85,0.00,2100.85,24614.90,2497.58,0,0,0,0.00,0,F1,65,,,,,
2026-08-04,2026-08-04,FO,NSE,IDO,60911,,NIFTY,,2030-06-25,2030-06-25,27000.00,PE,NIFTY30JUN27000PE,0.00,0.00,0.00,1286.05,0.00,1286.05,24614.90,1489.58,0,0,0,0.00,0,F1,65,,,,,
2026-08-04,2026-08-04,FO,NSE,IDO,55645,,NIFTY,,2030-06-25,2030-06-25,22500.00,PE,NIFTY30JUN22500PE,0.00,0.00,0.00,223.75,0.00,223.75,24614.90,521.54,0,0,0,0.00,0,F1,65,,,,,
2026-08-04,2026-08-04,FO,NSE,IDO,60893,,NIFTY,,2030-06-25,2030-06-25,18000.00,PE,NIFTY30JUN18000PE,0.00,0.00,0.00,116.65,0.00,116.65,24614.90,106.77,0,0,0,0.00,0,F1,65,,,,,
2026-08-04,2026-08-04,FO,NSE,IDO,61375,,NIFTY,,2029-12-24,2029-12-24,15000.00,PE,NIFTY29DEC15000PE,0.00,0.00,0.00,29.00,29.00,29.00,24614.90,18.06,65,0,0,0.00,0,F1,65,,,,,
2026-08-04,2026-08-04,FO,NSE,IDO,53632,,NIFTY,,2027-12-28,2027-12-28,27000.00,PE,NIFTY27DEC27000PE,1614.40,1667.90,1595.00,1616.45,1608.00,1622.05,24614.90,1616.45,44475,585,37,68832887.50,35,F1,65,,,,,
2026-08-04,2026-08-04,FO,NSE,IDO,55421,,NIFTY,,2027-12-28,2027-12-28,16500.00,PE,NIFTY27DEC16500PE,0.00,0.00,0.00,52.05,52.05,52.05,24614.90,8.23,130,0,0,0.00,0,F1,65,,,,,
2026-08-04,2026-08-04,FO,NSE,IDO,80277,,NIFTY,,2027-03-30,2027-03-30,27000.00,PE,NIFTY27MAR27000PE,1670.00,1760.00,1645.75,1714.20,1700.25,1720.00,24614.90,1714.20,6370,2990,97,180756923.75,56,F1,65,,,,,
2026-08-04,2026-08-04,FO,NSE,IDO,55333,,NIFTY,,2026-12-29,2026-12-29,31500.00,PE,NIFTY26DEC31500PE,0.00,0.00,0.00,4059.30,0.00,4059.30,24614.90,6082.17,0,0,0,0.00,0,F1,65,,,,,
2026-08-04,2026-08-04,FO,NSE,IDO,50548,,NIFTY,,2026-12-29,2026-12-29,28000.00,PE,NIFTY26DEC28000PE,2750.00,2864.35,2700.00,2802.20,2800.00,2762.65,24614.90,2802.20,853005,50,51,102048869.00,49,F1,65,,,,,
2026-08-04,2026-08-04,FO,NSE,IDO,58647,,NIFTY,,2026-12-29,2026-12-29,21000.00,PE,NIFTY26DEC21000PE,52.95,55.85,52.40,54.60,53.25,54.25,24614.90,54.60,1038030,14820,1761,2409961092.50,1172,F1,65,,,,,
2026-08-04,2026-08-04,FO,NSE,IDO,51531,,NIFTY,,2026-10-27,2026-10-27,27000.00,PE,NIFTY26OCT27000PE,2053.40,2100.00,2040.00,2100.00,2100.00,2720.00,24614.90,2164.73,65,65,3,5667571.00,3,F1,65,,,,,
2026-08-04,2026-08-04,FO,NSE,IDO,51503,,NIFTY,,2026-10-27,2026-10-27,26300.00,PE,NIFTY26OCT26300PE,0.00,0.00,0.00,2121.90,0.00,2121.90,24614.90,1615.19,0,0,0,0.00,0,F1,65,,,,,
2026-08-04,2026-08-04,FO,NSE,IDO,51453,,NIFTY,,2026-10-27,2026-10-27,25300.00,PE,NIFTY26OCT25300PE,695.95,756.90,695.95,756.85,756.85,715.00,24614.90,957.28,260,130,4,6770825.75,4,F1,65,,,,,
2026-08-04,2026-08-04,FO,NSE,IDO,51405,,NIFTY,,2026-10-27,2026-10-27,24250.00,PE,NIFTY26OCT24250PE,272.00,305.00,272.00,305.00,305.00,272.00,24614.90,468.05,650,0,3,4784776.75,3,F1,65,,,,,
2026-08-04,2026-08-04,FO,NSE,IDO,51397,,NIFTY,,2026-10-27,2026-10-27,24050.00,PE,NIFTY26OCT24050PE,0.00,0.00,0.00,656.15,0.00,656.15,24614.90,399.03,0,0,0,0.00,0,F1,65,,,,,
2026-08-04,2026-08-04,FO,NSE,IDO,51389,,NIFTY,,2026-10-27,2026-10-27,23900.00,PE,NIFTY26OCT23900PE,190.30,225.75,183.00,206.80,209.00,197.50,24614.90,206.80,10920,5070,116,181713064.00,88,F1,65,,,,,
2026-08-04,2026-08-04,FO,NSE,IDO,51363,,NIFTY,,2026-10-27,2026-10-27,23250.00,PE,NIFTY26OCT23250PE,0.00,0.00,0.00,356.75,0.00,356.75,24614.90,193.72,0,0,0,0.00,0,F1,65,,,,,
2026-08-04,2026-08-04,FO,NSE,IDO,51329,,NIFTY,,2026-10-27,2026-10-27,22450.00,PE,NIFTY26OCT22450PE,50.50,52.50,48.95,52.50,52.50,50.50,24614.90,80.35,455,-130,6,8775097.50,6,F1,65,,,,,
2026-08-04,2026-08-04,FO,NSE,IDO,51325,,NIFTY,,2026-10-27,2026-10-27,22350.00,PE,NIFTY26OCT22350PE,46.80,48.50,44.50,48.50,48.50,48.60,24614.90,71.09,585,0,7,10190095.50,6,F1,65,,,,,
2026-08-04,2026-08-04,FO,NSE,IDO,74486,,NIFTY,,2026-09-29,2026-09-29,26600.00,PE,NIFTY26SEP26600PE,0.00,0.00,0.00,2474.55,0.00,2474.55,24614.90,1850.96,0,0,0,0.00,0,F1,65,,,,,
2026-08-04,2026-08-04,FO,NSE,IDO,74468,,NIFTY,,2026-09-29,2026-09-29,26250.00,PE,NIFTY26SEP26250PE,0.00,0.00,0.00,2180.00,0.00,2180.00,24614.90,1563.15,0,0,0,0.00,0,F1,65,,,,,
2026-08-04,2026-08-04,FO,NSE,IDO,74443,,NIFTY,,2026-09-29,2026-09-29,26100.00,PE,NIFTY26SEP26100PE,0.00,0.00,0.00,2057.70,0.00,2057.70,24614.90,1445.51,0,0,0,0.00,0,F1,65,,,,,
2026-08-04,2026-08-04,FO,NSE,IDO,55287,,NIFTY,,2026-09-29,2026-09-29,25500.00,PE,NIFTY26SEP25500PE,869.95,962.85,805.25,913.35,913.40,854.05,24614.90,913.35,548470,18915,1304,2235401554.75,964,F1,65,,,,,
2026-08-04,2026-08-04,FO,NSE,IDO,74369,,NIFTY,,2026-09-29,2026-09-29,25100.00,PE,NIFTY26SEP25100PE,570.10,660.00,549.35,635.55,635.75,575.85,24614.90,635.55,18785,10530,206,343784057.50,199,F1,65,,,,,
2026-08-04,2026-08-04,FO,NSE,IDO,74046,,NIFTY,,2026-09-29,2026-09-29,23800.00,PE,NIFTY26SEP23800PE,125.30,155.80,114.80,138.80,142.80,128.35,24614.90,138.80,342355,40365,2858,4445478427.00,1788,F1,65,,,,,
2026-08-04,2026-08-04,FO,NSE,IDO,73907,,NIFTY,,2026-09-29,2026-09-29,23100.00,PE,NIFTY26SEP23100PE,56.00,66.25,51.75,61.10,61.05,57.90,24614.90,61.10,83980,-5330,685,1031147094.25,465,F1,65,,,,,
2026-08-04,2026-08-04,FO,NSE,IDO,73892,,NIFTY,,2026-09-29,2026-09-29,22700.00,PE,NIFTY26SEP22700PE,36.35,42.95,35.35,40.35,40.70,39.90,24614.90,40.35,49270,1755,263,388718320.25,158,F1,65,,,,,
2026-08-04,2026-08-04,FO,NSE,IDO,73866,,NIFTY,,2026-09-29,2026-09-29,22000.00,PE,NIFTY26SEP22000PE,25.30,25.65,22.00,23.65,22.95,25.00,24614.90,23.65,691340,11375,2543,3640448890.00,1322,F1,65,,,,,
2026-08-04,2026-08-04,FO,NSE,IDO,47068,,NIFTY,,2026-09-01,2026-09-01,26050.00,PE,NIFTY2690126050PE,0.00,0.00,0.00,1766.25,0.00,1766.25,24614.90,1391.84,0,0,0,0.00,0,F1,65,,,,,
2026-08-04,2026-08-04,FO,NSE,IDO,47010,,NIFTY,,2026-09-01,2026-09-01,24600.00,PE,NIFTY2690124600PE,262.00,337.50,238.00,304.00,304.05,261.65,24614.90,304.00,12415,2405,678,1096318587.00,410,F1,65,,,,,
2026-08-04,2026-08-04,FO,NSE,IDO,46972,,NIFTY,,2026-09-01,2026-09-01,23650.00,PE,NIFTY2690123650PE,0.00,0.00,0.00,264.15,0.00,264.15,24614.90,100.81,0,0,0,0.00,0,F1,65,,,,,
2026-08-04,2026-08-04,FO,NSE,IDO,46952,,NIFTY,,2026-09-01,2026-09-01,23150.00,PE,NIFTY2690123150PE,0.00,0.00,0.00,139.20,0.00,139.20,24614.90,39.05,0,0,0,0.00,0,F1,65,,,,,
2026-08-04,2026-08-04,FO,NSE,IDO,46942,,NIFTY,,2026-09-01,2026-09-01,22900.00,PE,NIFTY2690122900PE,20.60,22.20,19.05,19.15,19.05,21.50,24614.90,19.15,8190,845,39,58105190.00,12,F1,65,,,,,
2026-08-04,2026-08-04,FO,NSE,IDO,46918,,NIFTY,,2026-09-01,2026-09-01,22300.00,PE,NIFTY2690122300PE,11.80,11.80,11.80,11.80,11.80,16.20,24614.90,11.80,195,65,1,1450267.00,1,F1,65,,,,,
2026-08-04,2026-08-04,FO,NSE,IDO,62198,,NIFTY,,2026-08-25,2026-08-25,26800.00,PE,NIFTY26AUG26800PE,2100.00,2250.00,2100.00,2250.00,2250.00,2627.70,24614.90,2099.75,130,130,2,3766750.00,2,F1,65,,,,,
2026-08-04,2026-08-04,FO,NSE,IDO,62068,,NIFTY,,2026-08-25,2026-08-25,26300.00,PE,NIFTY26AUG26300PE,1630.00,1783.65,1611.80,1719.15,1721.00,1657.40,24614.90,1719.15,499135,1885,136,247488393.75,98,F1,65,,,,,
2026-08-04,2026-08-04,FO,NSE,IDO,62023,,NIFTY,,2026-08-25,2026-08-25,25900.00,PE,NIFTY26AUG25900PE,1320.00,1360.00,1320.00,1335.00,1335.00,1246.10,24614.90,1335.00,5915,195,5,8855275.00,5,F1,65,,,,,
2026-08-04,2026-08-04,FO,NSE,IDO,61982,,NIFTY,,2026-08-25,2026-08-25,25650.00,PE,NIFTY26AUG25650PE,0.00,0.00,0.00,1625.00,1625.00,1625.00,24614.90,1040.66,195,0,0,0.00,0,F1,65,,,,,
2026-08-04,2026-08-04,FO,NSE,IDO,61786,,NIFTY,,2026-08-25,2026-08-25,24650.00,PE,NIFTY26AUG24650PE,247.90,344.85,225.00,295.65,301.45,251.70,24614.90,295.65,196820,39845,11272,18259509128.25,8259,F1,65,,,,,
2026-08-04,2026-08-04,FO,NSE,IDO,61622,,NIFTY,,2026-08-25,2026-08-25,24100.00,PE,NIFTY26AUG24100PE,86.25,124.00,73.20,102.90,102.75,86.25,24614.90,102.90,1834625,-9620,15782,24820273143.25,12032,F1,65,,,,,
2026-08-04,2026-08-04,FO,NSE,IDO,61588,,NIFTY,,2026-08-25,2026-08-25,23950.00,PE,NIFTY26AUG23950PE,61.70,91.10,53.90,75.10,77.00,64.35,24614.90,75.10,97825,-14820,2415,3770407147.00,1537,F1,65,,,,,
2026-08-04,2026-08-04,FO,NSE,IDO,61586,,NIFTY,,2026-08-25,2026-08-25,23900.00,PE,NIFTY26AUG23900PE,56.60,82.50,49.15,68.65,67.50,59.20,24614.90,68.65,776100,19045,12702,19785476028.50,8538,F1,65,,,,,
2026-08-04,2026-08-04,FO,NSE,IDO,61458,,NIFTY,,2026-08-25,2026-08-25,23300.00,PE,NIFTY26AUG23300PE,21.60,26.95,18.50,22.00,21.50,21.95,24614.90,22.00,376220,3380,10664,16165635118.75,7225,F1,65,,,,,
2026-08-04,2026-08-04,FO,NSE,IDO,61155,,NIFTY,,2026-08-25,2026-08-25,21250.00,PE,NIFTY26AUG21250PE,5.80,5.80,4.55,5.20,5.20,5.80,24614.90,0.02,6760,-390,14,19342280.75,10,F1,65,,,,,
2026-08-04,2026-08-04,FO,NSE,IDO,45173,,NIFTY,,2026-08-18,2026-08-18,25550.00,PE,NIFTY2681825550PE,0.00,0.00,0.00,1452.05,0.00,1452.05,24614.90,936.52,0,0,0,0.00,0,F1,65,,,,,
2026-08-04,2026-08-04,FO,NSE,IDO,45101,,NIFTY,,2026-08-18,2026-08-18,24250.00,PE,NIFTY2681824250PE,74.50,126.25,66.30,100.55,98.95,80.35,24614.90,100.55,122590,52910,3425,5420250865.25,2118,F1,65,,,,,
2026-08-04,2026-08-04,FO,NSE,IDO,45093,,NIFTY,,2026-08-18,2026-08-18,24050.00,PE,NIFTY2681824050PE,44.70,72.10,38.45,61.80,60.60,49.65,24614.90,61.80,61880,19695,1858,2911019904.00,1170,F1,65,,,,,
2026-08-04,2026-08-04,FO,NSE,IDO,45055,,NIFTY,,2026-08-18,2026-08-18,23300.00,PE,NIFTY2681823300PE,11.20,12.60,8.55,10.60,9.55,12.10,24614.90,10.60,99450,10400,2831,4289535974.75,1916,F1,65,,,,,
2026-08-04,2026-08-04,FO,NSE,IDO,41142,,NIFTY,,2026-08-11,2026-08-11,27150.00,PE,NIFTY2681127150PE,0.00,0.00,0.00,2608.05,0.00,2608.05,24614.90,2503.46,0,0,0,0.00,0,F1,65,,,,,
2026-08-04,2026-08-04,FO,NSE,IDO,41130,,NIFTY,,2026-08-11,2026-08-11,26950.00,PE,NIFTY2681126950PE,0.00,0.00,0.00,2415.20,0.00,2415.20,24614.90,2303.70,0,0,0,0.00,0,F1,65,,,,,
2026-08-04,2026-08-04,FO,NSE,IDO,41106,,NIFTY,,2026-08-11,2026-08-11,26350.00,PE,NIFTY2681126350PE,0.00,0.00,0.00,1852.25,0.00,1852.25,24614.90,1704.74,0,0,0,0.00,0,F1,65,,,,,
2026-08-04,2026-08-04,FO,NSE,IDO,41068,,NIFTY,,2026-08-11,2026-08-11,25700.00,PE,NIFTY2681125700PE,1120.75,1193.85,1120.75,1193.85,1193.85,1450.00,24614.90,1063.42,325,65,2,3491449.00,2,F1,65,,,,,
2026-08-04,2026-08-04,FO,NSE,IDO,41008,,NIFTY,,2026-08-11,2026-08-11,24400.00,PE,NIFTY2681124400PE,68.15,132.30,52.05,100.50,101.75,72.05,24614.90,100.50,3094195,811785,330443,526099082382.25,193627,F1,65,,,,,
2026-08-04,2026-08-04,FO,NSE,IDO,40976,,NIFTY,,2026-08-11,2026-08-11,23650.00,PE,NIFTY2681123650PE,9.20,9.20,5.30,7.00,5.95,9.65,24614.90,7.00,334295,127985,27454,42216064328.75,14406,F1,65,,,,,
2026-08-04,2026-08-04,FO,NSE,IDO,40974,,NIFTY,,2026-08-11,2026-08-11,23600.00,PE,NIFTY2681123600PE,8.50,8.50,5.05,6.35,5.65,9.05,24614.90,6.35,1952535,848770,85598,131343876322.75,35967,F1,65,,,,,
2026-08-04,2026-08-04,FO,NSE,IDO,40968,,NIFTY,,2026-08-11,2026-08-11,23450.00,PE,NIFTY2681123450PE,7.35,7.35,4.00,5.25,4.50,7.80,24614.90,5.25,375115,183105,19682,30007191818.50,11638,F1,65,,,,,
2026-08-04,2026-08-04,FO,NSE,IDO,66085,,NIFTY,,2026-08-04,2026-08-04,26650.00,PE,NIFTY2680426650PE,0.00,0.00,0.00,2657.60,0.00,2657.60,24614.90,24614.90,0,0,0,0.00,0,F1,65,,,,,
2026-08-04,2026-08-04,FO,NSE,IDO,66081,,NIFTY,,2026-08-04,2026-08-04,26550.00,PE,NIFTY2680426550PE,0.00,0.00,0.00,2561.90,0.00,2561.90,24614.90,24614.90,0,0,0,0.00,0,F1,65,,,,,
2026-08-04,2026-08-04,FO,NSE,IDO,66073,,NIFTY,,2026-08-04,2026-08-04,26350.00,PE,NIFTY2680426350PE,0.00,0.00,0.00,2372.20,0.00,2372.20,24614.90,24614.90,0,0,0,0.00,0,F1,65,,,,,
2026-08-04,2026-08-04,FO,NSE,IDO,66031,,NIFTY,,2026-08-04,2026-08-04,25850.00,PE,NIFTY2680425850PE,1415.30,1415.30,1366.00,1366.00,1366.00,1250.00,24614.90,24614.90,130,-195,5,8850224.50,5,F1,65,,,,,
2026-08-04,2026-08-04,FO,NSE,IDO,65946,,NIFTY,,2026-08-04,2026-08-04,25550.00,PE,NIFTY2680425550PE,735.05,1114.15,735.05,940.00,940.00,1130.00,24614.90,24614.90,455,195,22,37989565.25,21,F1,65,,,,,
2026-08-04,2026-08-04,FO,NSE,IDO,65941,,NIFTY,,2026-08-04,2026-08-04,25450.00,PE,NIFTY2680425450PE,830.00,887.95,830.00,876.45,873.65,865.00,24614.90,24614.90,2665,2600,41,70156992.75,8,F1,65,,,,,
2026-08-04,2026-08-04,FO,NSE,IDO,65694,,NIFTY,,2026-08-04,2026-08-04,24000.00,PE,NIFTY2680424000PE,1.40,1.70,0.05,0.15,0.05,3.45,24614.90,24614.90,7905885,-6325085,2551524,3980475128548.75,384274,F1,65,,,,,
2026-08-04,2026-08-04,FO,NSE,IDO,65528,,NIFTY,,2026-08-04,2026-08-04,23250.00,PE,NIFTY2680423250PE,0.65,0.85,0.05,0.05,0.05,1.30,24614.90,24614.90,875680,-423930,86061,130061511248.50,20010,F1,65,,,,,
2026-08-04,2026-08-04,FO,NSE,IDO,65522,,NIFTY,,2026-08-04,2026-08-04,23100.00,PE,NIFTY2680423100PE,0.60,0.85,0.05,0.05,0.05,1.10,24614.90,24614.90,867295,-1330940,142131,213412342461.50,27230,F1,65,,,,,
2026-08-04,2026-08-04,FO,NSE,IDO,65444,,NIFTY,,2026-08-04,2026-08-04,22700.00,PE,NIFTY2680422700PE,0.70,0.70,0.05,0.05,0.05,0.85,24614.90,24614.90,368875,-377325,28546,42120026828.75,5059,F1,65,,,,,
2026-08-04,2026-08-04,FO,NSE,IDO,65203,,NIFTY,,2026-08-04,2026-08-04,21800.00,PE,NIFTY2680421800PE,0.50,0.95,0.05,0.05,0.05,0.45,24614.90,24614.90,263120,-49790,8063,11425388549.25,1737,F1,65,,,,,
2026-08-04,2026-08-04,FO,NSE,IDO,55766,,NIFTY,,2030-12-31,2030-12-31,33000.00,CE,NIFTY30DEC33000CE,0.00,0.00,0.00,3948.25,0.00,3948.25,24614.90,3414.07,0,0,0,0.00,0,F1,65,,,,,
2026-08-04,2026-08-04,FO,NSE,IDO,61794,,NIFTY,,2029-12-24,2029-12-24,27000.00,CE,NIFTY29DEC27000CE,0.00,0.00,0.00,6201.65,0.00,6201.65,24614.90,4594.49,0,0,0,0.00,0,F1,65,,,,,
2026-08-04,2026-08-04,FO,NSE,IDO,89630,,NIFTY,,2029-06-26,2029-06-26,24000.00,CE,NIFTY29JUN24000CE,0.00,0.00,0.00,8085.35,0.00,8085.35,24614.90,5596.26,0,0,0,0.00,0,F1,65,,,,,
2026-08-04,2026-08-04,FO,NSE,IDO,47198,,NIFTY,,2028-12-26,2028-12-26,33000.00,CE,NIFTY28DEC33000CE,0.00,0.00,0.00,2477.50,0.00,2477.50,24614.90,1305.00,0,0,0,0.00,0,F1,65,,,,,
2026-08-04,2026-08-04,FO,NSE,IDO,55518,,NIFTY,,2028-12-26,2028-12-26,19500.00,CE,NIFTY28DEC19500CE,0.00,0.00,0.00,9716.40,0.00,9716.40,24614.90,8113.50,0,0,0,0.00,0,F1,65,,,,,
2026-08-04,2026-08-04,FO,NSE,IDO,86145,,NIFTY,,2028-06-27,2028-06-27,21000.00,CE,NIFTY28JUN21000CE,0.00,0.00,0.00,5226.55,0.00,5226.55,24614.90,6343.38,0,0,0,0.00,0,F1,65,,,,,
2026-08-04,2026-08-04,FO,NSE,IDO,71547,,NIFTY,,2027-06-29,2027-06-29,18000.00,CE,NIFTY27JUN18000CE,0.00,0.00,0.00,4066.45,0.00,4066.45,24614.90,7662.21,0,0,0,0.00,0,F1,65,,,,,
2026-08-04,2026-08-04,FO,NSE,IDO,35235,,NIFTY,,2026-12-29,2026-12-29,30000.00,CE,NIFTY26DEC30000CE,18.75,19.60,17.20,17.70,18.55,18.60,24614.90,17.70,836955,-4295,685,1336564833.50,386,F1,65,,,,,
2026-08-04,2026-08-04,FO,NSE,IDO,71501,,NIFTY,,2026-12-29,2026-12-29,24000.00,CE,NIFTY26DEC24000CE,1433.00,1475.00,1359.50,1387.30,1385.55,1433.55,24614.90,1387.30,833400,7930,1661,2745253098.25,1273,F1,65,,,,,
2026-08-04,2026-08-04,FO,NSE,IDO,51538,,NIFTY,,2026-10-27,2026-10-27,27150.00,CE,NIFTY26OCT27150CE,0.00,0.00,0.00,96.75,0.00,96.75,24614.90,163.19,0,0,0,0.00,0,F1,65,,,,,
2026-08-04,2026-08-04,FO,NSE,IDO,51534,,NIFTY,,2026-10-27,2026-10-27,27050.00,CE,NIFTY26OCT27050CE,0.00,0.00,0.00,106.00,0.00,106.00,24614.90,177.74,0,0,0,0.00,0,F1,65,,,,,
2026-08-04,2026-08-04,FO,NSE,IDO,51486,,NIFTY,,2026-10-27,2026-10-27,25900.00,CE,NIFTY26OCT25900CE,0.00,0.00,0.00,277.95,0.00,277.95,24614.90,435.12,0,0,0,0.00,0,F1,65,,,,,
2026-08-04,2026-08-04,FO,NSE,IDO,51478,,NIFTY,,2026-10-27,2026-10-27,25700.00,CE,NIFTY26OCT25700CE,198.05,200.55,170.00,176.05,175.00,191.70,24614.90,176.05,24440,1885,121,203573470.75,110,F1,65,,,,,
2026-08-04,2026-08-04,FO,NSE,IDO,51470,,NIFTY,,2026-10-27,2026-10-27,25550.00,CE,NIFTY26OCT25550CE,0.00,0.00,0.00,361.35,0.00,361.35,24614.90,553.99,0,0,0,0.00,0,F1,65,,,,,
2026-08-04,2026-08-04,FO,NSE,IDO,51434,,NIFTY,,2026-10-27,2026-10-27,24900.00,CE,NIFTY26OCT24900CE,516.00,532.00,461.00,473.60,465.10,506.05,24614.90,473.60,6500,1235,65,107301506.00,44,F1,65,,,,,
2026-08-04,2026-08-04,FO,NSE,IDO,51412,,NIFTY,,2026-10-27,2026-10-27,24450.00,CE,NIFTY26OCT24450CE,0.00,0.00,0.00,754.35,0.00,754.35,24614.90,1077.03,0,0,0,0.00,0,F1,65,,,,,
2026-08-04,2026-08-04,FO,NSE,IDO,51410,,NIFTY,,2026-10-27,2026-10-27,24400.00,CE,NIFTY26OCT24400CE,839.25,839.25,744.00,750.00,750.00,819.95,24614.90,1106.40,3575,195,19,31111392.00,14,F1,65,,,,,
2026-08-04,2026-08-04,FO,NSE,IDO,51392,,NIFTY,,2026-10-27,2026-10-27,24000.00,CE,NIFTY26OCT24000CE,1107.00,1132.50,1000.00,1034.80,1027.25,1101.00,24614.90,1034.80,63245,1755,281,457932718.75,229,F1,65,,,,,
2026-08-04,2026-08-04,FO,NSE,IDO,51346,,NIFTY,,2026-10-27,2026-10-27,22850.00,CE,NIFTY26OCT22850CE,0.00,0.00,0.00,1729.40,0.00,1729.40,24614.90,2235.75,0,0,0,0.00,0,F1,65,,,,,
2026-08-04,2026-08-04,FO,NSE,IDO,51340,,NIFTY,,2026-10-27,2026-10-27,22700.00,CE,NIFTY26OCT22700CE,0.00,0.00,0.00,1844.00,0.00,1844.00,24614.90,2363.81,0,0,0,0.00,0,F1,65,,,,,
2026-08-04,2026-08-04,FO,NSE,IDO,51334,,NIFTY,,2026-10-27,2026-10-27,22600.00,CE,NIFTY26OCT22600CE,0.00,0.00,0.00,1922.30,0.00,1922.30,24614.90,2450.57,0,0,0,0.00,0,F1,65,,,,,
2026-08-04,2026-08-04,FO,NSE,IDO,51326,,NIFTY,,2026-10-27,2026-10-27,22400.00,CE,NIFTY26OCT22400CE,0.00,0.00,0.00,2083.15,0.00,2083.15,24614.90,2627.16,0,0,0,0.00,0,F1,65,,,,,
2026-08-04,2026-08-04,FO,NSE,IDO,51320,,NIFTY,,2026-10-27,2026-10-27,22300.00,CE,NIFTY26OCT22300CE,0.00,0.00,0.00,2165.60,0.00,2165.60,24614.90,2716.85,0,0,0,0.00,0,F1,65,,,,,
2026-08-04,2026-08-04,FO,NSE,IDO,55292,,NIFTY,,2026-09-29,2026-09-29,34500.00,CE,NIFTY26SEP34500CE,0.00,0.00,0.00,0.55,0.55,0.55,24614.90,0.00,9815,0,0,0.00,0,F1,65,,,,,
2026-08-04,2026-08-04,FO,NSE,IDO,74507,,NIFTY,,2026-09-29,2026-09-29,27200.00,CE,NIFTY26SEP27200CE,0.00,0.00,0.00,87.25,0.00,87.25,24614.90,67.24,0,0,0,0.00,0,F1,65,,,,,
2026-08-04,2026-08-04,FO,NSE,IDO,74483,,NIFTY,,2026-09-29,2026-09-29,26550.00,CE,NIFTY26SEP26550CE,0.00,0.00,0.00,154.75,0.00,154.75,24614.90,140.38,0,0,0,0.00,0,F1,65,,,,,
2026-08-04,2026-08-04,FO,NSE,IDO,74475,,NIFTY,,2026-09-29,2026-09-29,26350.00,CE,NIFTY26SEP26350CE,0.00,0.00,0.00,182.80,0.00,182.80,24614.90,173.14,0,0,0,0.00,0,F1,65,,,,,
2026-08-04,2026-08-04,FO,NSE,IDO,74467,,NIFTY,,2026-09-29,2026-09-29,26250.00,CE,NIFTY26SEP26250CE,0.00,0.00,0.00,198.40,0.00,198.40,24614.90,191.72,0,0,0,0.00,0,F1,65,,,,,
2026-08-04,2026-08-04,FO,NSE,IDO,74388,,NIFTY,,2026-09-29,2026-09-29,25350.00,CE,NIFTY26SEP25350CE,0.00,0.00,0.00,393.25,0.00,393.25,24614.90,439.67,0,0,0,0.00,0,F1,65,,,,,
2026-08-04,2026-08-04,FO,NSE,IDO,74068,,NIFTY,,2026-09-29,2026-09-29,24200.00,CE,NIFTY26SEP24200CE,799.95,809.35,688.20,713.50,709.00,771.30,24614.90,713.50,83135,-3185,656,1063231988.00,545,F1,65,,,,,
2026-08-04,2026-08-04,FO,NSE,IDO,74058,,NIFTY,,2026-09-29,2026-09-29,23950.00,CE,NIFTY26SEP23950CE,904.50,904.50,904.50,904.50,904.50,826.70,24614.90,1186.77,2730,-65,1,1615542.50,1,F1,65,,,,,
2026-08-04,2026-08-04,FO,NSE,IDO,73901,,NIFTY,,2026-09-29,2026-09-29,22950.00,CE,NIFTY26SEP22950CE,0.00,0.00,0.00,1377.20,1377.20,1377.20,24614.90,1979.71,390,0,0,0.00,0,F1,65,,,,,
2026-08-04,2026-08-04,FO,NSE,IDO,55284,,NIFTY,,2026-09-29,2026-09-29,22500.00,CE,NIFTY26SEP22500CE,2290.00,2316.00,2159.05,2181.60,2175.80,2269.05,24614.90,2181.60,180505,2405,137,220472343.00,111,F1,65,,,,,
2026-08-04,2026-08-04,FO,NSE,IDO,73856,,NIFTY,,2026-09-29,2026-09-29,21900.00,CE,NIFTY26SEP21900CE,0.00,0.00,0.00,2350.00,2350.00,2350.00,24614.90,2950.46,130,0,0,0.00,0,F1,65,,,,,
2026-08-04,2026-08-04,FO,NSE,IDO,47100,,NIFTY,,2026-09-01,2026-09-01,26750.00,CE,NIFTY2690126750CE,3.35,3.40,3.35,3.40,3.40,31.15,24614.90,22.48,975,975,15,26084535.75,2,F1,65,,,,,
2026-08-04,2026-08-04,FO,NSE,IDO,47077,,NIFTY,,2026-09-01,2026-09-01,26300.00,CE,NIFTY2690126300CE,0.00,0.00,0.00,60.45,0.00,60.45,24614.90,51.27,0,0,0,0.00,0,F1,65,,,,,
2026-08-04,2026-08-04,FO,NSE,IDO,47055,,NIFTY,,2026-09-01,2026-09-01,25750.00,CE,NIFTY2690125750CE,0.00,0.00,0.00,125.80,0.00,125.80,24614.90,124.29,0,0,0,0.00,0,F1,65,,,,,
2026-08-04,2026-08-04,FO,NSE,IDO,46997,,NIFTY,,2026-09-01,2026-09-01,24300.00,CE,NIFTY2690124300CE,531.35,560.00,444.10,470.60,472.35,522.15,24614.90,470.60,2015,-715,69,111145372.00,43,F1,65,,,,,
2026-08-04,2026-08-04,FO,NSE,IDO,46993,,NIFTY,,2026-09-01,2026-09-01,24200.00,CE,NIFTY2690124200CE,531.10,542.30,495.45,524.50,525.00,611.00,24614.90,524.50,2275,455,21,33744551.75,14,F1,65,,,,,
2026-08-04,2026-08-04,FO,NSE,IDO,46987,,NIFTY,,2026-09-01,2026-09-01,24050.00,CE,NIFTY2690124050CE,0.00,0.00,0.00,715.35,0.00,715.35,24614.90,867.38,0,0,0,0.00,0,F1,65,,,,,
2026-08-04,2026-08-04,FO,NSE,IDO,46973,,NIFTY,,2026-09-01,2026-09-01,23700.00,CE,NIFTY2690123700CE,0.00,0.00,0.00,590.00,590.00,590.00,24614.90,1134.97,0,0,0,0.00,0,F1,65,,,,,
2026-08-04,2026-08-04,FO,NSE,IDO,62227,,NIFTY,,2026-08-25,2026-08-25,26950.00,CE,NIFTY26AUG26950CE,2.25,2.80,1.85,2.75,2.75,120.85,24614.90,5.63,2405,2405,202,353887261.00,76,F1,65,,,,,
2026-08-04,2026-08-04,FO,NSE,IDO,62220,,NIFTY,,2026-08-25,2026-08-25,26850.00,CE,NIFTY26AUG26850CE,2.00,3.00,1.40,1.55,1.40,131.60,24614.90,1.55,4875,4875,197,343844614.75,122,F1,65,,,,,
2026-08-04,2026-08-04,FO,NSE,IDO,61983,,NIFTY,,2026-08-25,2026-08-25,25700.00,CE,NIFTY26AUG25700CE,13.95,14.00,9.45,11.15,10.90,11.45,24614.90,11.15,413790,31720,12664,21164357103.50,7975,F1,65,,,,,
2026-08-04,2026-08-04,FO,NSE,IDO,61981,,NIFTY,,2026-08-25,2026-08-25,25650.00,CE,NIFTY26AUG25650CE,13.55,15.25,11.00,12.65,12.45,12.85,24614.90,12.65,83980,-8580,1588,2648914336.25,1085,F1,65,,,,,
2026-08-04,2026-08-04,FO,NSE,IDO,61717,,NIFTY,,2026-08-25,2026-08-25,24350.00,CE,NIFTY26AUG24350CE,446.45,459.75,345.00,374.40,365.85,426.45,24614.90,374.40,134485,-5785,1149,1847438066.50,946,F1,65,,,,,
2026-08-04,2026-08-04,FO,NSE,IDO,61623,,NIFTY,,2026-08-25,2026-08-25,24150.00,CE,NIFTY26AUG24150CE,587.90,615.35,487.05,525.40,527.55,581.00,24614.90,525.40,53495,-3640,165,264915764.75,153,F1,65,,,,,
2026-08-04,2026-08-04,FO,NSE,IDO,61403,,NIFTY,,2026-08-25,2026-08-25,22650.00,CE,NIFTY26AUG22650CE,0.00,0.00,0.00,1653.90,1653.90,1653.90,24614.90,2049.33,780,0,0,0.00,0,F1,65,,,,,
2026-08-04,2026-08-04,FO,NSE,IDO,61271,,NIFTY,,2026-08-25,2026-08-25,21550.00,CE,NIFTY26AUG21550CE,0.00,0.00,0.00,2758.30,0.00,2758.30,24614.90,3140.24,0,0,0,0.00,0,F1,65,,,,,
2026-08-04,2026-08-04,FO,NSE,IDO,61177,,NIFTY,,2026-08-25,2026-08-25,21450.00,CE,NIFTY26AUG21450CE,0.00,0.00,0.00,2848.15,0.00,2848.15,24614.90,3239.86,0,0,0,0.00,0,F1,65,,,,,
2026-08-04,2026-08-04,FO,NSE,IDO,45259,,NIFTY,,2026-08-18,2026-08-18,26950.00,CE,NIFTY2681826950CE,1.35,1.35,0.90,0.90,0.90,10.00,24614.90,0.90,390,390,20,35036579.50,3,F1,65,,,,,
2026-08-04,2026-08-04,FO,NSE,IDO,45251,,NIFTY,,2026-08-18,2026-08-18,26800.00,CE,NIFTY2681826800CE,1.50,1.50,1.45,1.45,1.45,13.25,24614.90,1.62,390,390,14,24389352.00,2,F1,65,,,,,
2026-08-04,2026-08-04,FO,NSE,IDO,45231,,NIFTY,,2026-08-18,2026-08-18,26500.00,CE,NIFTY2681826500CE,1.65,1.95,1.25,1.25,1.25,22.70,24614.90,1.25,520,520,24,41342580.50,10,F1,65,,,,,
2026-08-04,2026-08-04,FO,NSE,IDO,45227,,NIFTY,,2026-08-18,2026-08-18,26400.00,CE,NIFTY2681826400CE,1.85,1.85,1.85,1.85,1.85,26.95,24614.90,6.10,520,520,8,13728962.00,1,F1,65,,,,,
2026-08-04,2026-08-04,FO,NSE,IDO,45194,,NIFTY,,2026-08-18,2026-08-18,25850.00,CE,NIFTY2681825850CE,4.45,4.65,2.35,2.95,2.65,4.20,24614.90,2.95,13260,9555,301,505817360.75,157,F1,65,,,,,
2026-08-04,2026-08-04,FO,NSE,IDO,45192,,NIFTY,,2026-08-18,2026-08-18,25800.00,CE,NIFTY2681825800CE,4.00,4.95,3.15,3.65,3.70,4.30,24614.90,3.65,32630,5590,789,1323359404.25,540,F1,65,,,,,
2026-08-04,2026-08-04,FO,NSE,IDO,45146,,NIFTY,,2026-08-18,2026-08-18,24950.00,CE,NIFTY2681824950CE,69.00,79.70,52.50,59.55,59.20,70.75,24614.90,59.55,71695,56550,2410,3918259998.25,1628,F1,65,,,,,
2026-08-04,2026-08-04,FO,NSE,IDO,45054,,NIFTY,,2026-08-18,2026-08-18,23300.00,CE,NIFTY2681823300CE,0.00,0.00,0.00,1060.70,0.00,1060.70,24614.90,1382.28,0,0,0,0.00,0,F1,65,,,,,
2026-08-04,2026-08-04,FO,NSE,IDO,41109,,NIFTY,,2026-08-11,2026-08-11,26450.00,CE,NIFTY2681126450CE,0.75,1.35,0.60,0.85,0.95,45.60,24614.90,0.85,585,585,33,56736897.75,26,F1,65,,,,,
2026-08-04,2026-08-04,FO,NSE,IDO,41037,,NIFTY,,2026-08-11,2026-08-11,25000.00,CE,NIFTY2681125000CE,23.35,29.80,14.75,17.65,17.00,23.35,24614.90,17.65,6218095,2675335,381663,620680288403.50,156023,F1,65,,,,,
2026-08-04,2026-08-04,FO,NSE,IDO,41020,,NIFTY,,2026-08-11,2026-08-11,24700.00,CE,NIFTY2681124700CE,118.10,120.00,61.20,70.85,68.80,96.25,24614.90,70.85,4678765,2284945,380932,613602958491.25,206099,F1,65,,,,,
2026-08-04,2026-08-04,FO,NSE,IDO,41015,,NIFTY,,2026-08-11,2026-08-11,24600.00,CE,NIFTY2681124600CE,155.00,164.90,92.35,106.45,103.25,142.00,24614.90,106.45,6412575,3603275,628795,1010433906417.00,340316,F1,65,,,,,
2026-08-04,2026-08-04,FO,NSE,IDO,41005,,NIFTY,,2026-08-11,2026-08-11,24350.00,CE,NIFTY2681124350CE,325.95,340.00,212.30,240.95,231.75,303.65,24614.90,240.95,289055,136565,21762,34795801293.50,14305,F1,65,,,,,
2026-08-04,2026-08-04,FO,NSE,IDO,40985,,NIFTY,,2026-08-11,2026-08-11,23850.00,CE,NIFTY2681123850CE,770.00,799.00,639.95,667.80,659.65,763.85,24614.90,667.80,20150,7800,175,279007914.25,89,F1,65,,,,,
2026-08-04,2026-08-04,FO,NSE,IDO,40889,,NIFTY,,2026-08-11,2026-08-11,21700.00,CE,NIFTY2681121700CE,0.00,0.00,0.00,2828.05,0.00,2828.05,24614.90,2940.19,0,0,0,0.00,0,F1,65,,,,,
2026-08-04,2026-08-04,FO,NSE,IDO,66094,,NIFTY,,2026-08-04,2026-08-04,26900.00,CE,NIFTY2680426900CE,0.50,1.05,0.05,0.05,0.05,0.35,24614.90,24614.90,73060,72215,2630,4598594815.75,827,F1,65,,,,,
2026-08-04,2026-08-04,FO,NSE,IDO,66060,,NIFTY,,2026-08-04,2026-08-04,26100.00,CE,NIFTY2680426100CE,0.50,0.65,0.05,0.05,0.05,0.40,24614.90,24614.90,426335,153140,35988,61054350844.50,5967,F1,65,,,,,
2026-08-04,2026-08-04,FO,NSE,IDO,65158,,NIFTY,,2026-08-04,2026-08-04,21650.00,CE,NIFTY2680421650CE,0.00,0.00,0.00,2396.15,2396.15,2396.15,24614.90,24614.90,0,0,0,0.00,0,F1,65,,,,,
2026-08-04,2026-08-04,FO,NSE,IDO,65419,,NIFTY,,2026-08-04,2026-08-04,22250.00,CE,NIFTY2680422250CE,0.00,0.00,0.00,2108.40,2108.40,2108.40,24614.90,24614.90,65,0,0,0.00,0,F1,65,,,,,
2026-08-04,2026-08-04,FO,NSE,IDO,65425,,NIFTY,,2026-08-04,2026-08-04,22350.00,CE,NIFTY2680422350CE,0.00,0.00,0.00,1705.25,0.00,1705.25,24614.90,24614.90,0,0,0,0.00,0,F1,65,,,,,
2026-08-04,2026-08-04,FO,NSE,IDO,65443,,NIFTY,,2026-08-04,2026-08-04,22700.00,CE,NIFTY2680422700CE,2000.00,2000.00,2000.00,2000.00,2000.00,1865.00,24614.90,24614.90,260,0,1,1605500.00,1,F1,65,,,,,
2026-08-04,2026-08-04,FO,NSE,IDO,65523,,NIFTY,,2026-08-04,2026-08-04,23150.00,CE,NIFTY2680423150CE,0.00,0.00,0.00,1448.30,1440.00,1448.30,24614.90,24614.90,650,0,0,0.00,0,F1,65,,,,,
2026-08-04,2026-08-04,FO,NSE,IDO,65527,,NIFTY,,2026-08-04,2026-08-04,23250.00,CE,NIFTY2680423250CE,1340.00,1345.00,1201.00,1201.00,1201.00,1345.25,24614.90,24614.90,3770,-195,8,12778840.75,8,F1,65,,,,,
2026-08-04,2026-08-04,FO,NSE,IDO,65697,,NIFTY,,2026-08-04,2026-08-04,24100.00,CE,NIFTY2680424100CE,531.00,539.00,335.60,425.75,514.30,475.90,24614.90,24614.90,578955,-286390,21295,33946754309.00,12141,F1,65,,,,,
2026-08-04,2026-08-04,FO,NSE,IDO,65806,,NIFTY,,2026-08-04,2026-08-04,24250.00,CE,NIFTY2680424250CE,379.00,389.55,188.30,277.40,365.00,329.55,24614.90,24614.90,309400,-582335,104798,166891911943.25,60686,F1,65,,,,,
2026-08-04,2026-08-04,FO,NSE,IDO,65854,,NIFTY,,2026-08-04,2026-08-04,24400.00,CE,NIFTY2680424400CE,231.50,248.60,63.05,124.10,215.00,188.65,24614.90,24614.90,2423005,327990,4053951,6457301570209.75,1973895,F1,65,,,,,
2026-08-04,2026-08-04,FO,NSE,IDO,66015,,NIFTY,,2026-08-04,2026-08-04,25850.00,CE,NIFTY2680425850CE,0.55,0.80,0.05,0.05,0.05,0.50,24614.90,24614.90,655525,522405,74227,124721529887.50,12266,F1,65,,,,,
2026-08-04,2026-08-04,FO,NSE,IDO,66076,,NIFTY,,2026-08-04,2026-08-04,26450.00,CE,NIFTY2680426450CE,0.70,0.70,0.05,0.05,0.05,28.60,24614.90,24614.90,94640,94640,3244,5577291206.50,881,F1,65,,,,,
2026-08-04,2026-08-04,FO,NSE,IDO,66084,,NIFTY,,2026-08-04,2026-08-04,26650.00,CE,NIFTY2680426650CE,0.50,1.10,0.05,0.10,0.05,20.85,24614.90,24614.90,29705,29705,1077,1865654241.75,372,F1,65,,,,,
2026-08-04,2026-08-04,FO,NSE,IDO,40885,,NIFTY,,2026-08-11,2026-08-11,21650.00,CE,NIFTY2681121650CE,0.00,0.00,0.00,2877.30,0.00,2877.30,24614.90,2990.13,0,0,0,0.00,0,F1,65,,,,,
2026-08-04,2026-08-04,FO,NSE,IDO,40949,,NIFTY,,2026-08-11,2026-08-11,23000.00,CE,NIFTY2681123000CE,1608.40,1641.65,1460.65,1501.25,1497.00,1593.90,24614.90,1501.25,58175,14755,341,544475038.25,225,F1,65,,,,,
2026-08-04,2026-08-04,FO,NSE,IDO,40961,,NIFTY,,2026-08-11,2026-08-11,23300.00,CE,NIFTY2681123300CE,1315.95,1315.95,1169.95,1208.70,1206.95,1299.50,24614.90,1208.70,12545,-7345,227,361836169.50,217,F1,65,,,,,
2026-08-04,2026-08-04,FO,NSE,IDO,41029,,NIFTY,,2026-08-11,2026-08-11,24850.00,CE,NIFTY2681124850CE,49.95,59.70,30.90,36.00,34.70,48.80,24614.90,36.00,935870,374920,106910,172973195755.75,62076,F1,65,,,,,
2026-08-04,2026-08-04,FO,NSE,IDO,41055,,NIFTY,,2026-08-11,2026-08-11,25450.00,CE,NIFTY2681125450CE,4.90,5.40,2.80,3.55,3.65,4.70,24614.90,3.55,338845,146835,28929,47862436115.00,16051,F1,65,,,,,
2026-08-04,2026-08-04,FO,NSE,IDO,41107,,NIFTY,,2026-08-11,2026-08-11,26400.00,CE,NIFTY2681126400CE,1.05,3.20,0.65,0.85,0.65,49.35,24614.90,0.85,12740,12740,502,861459326.00,285,F1,65,,,,,
2026-08-04,2026-08-04,FO,NSE,IDO,41115,,NIFTY,,2026-08-11,2026-08-11,26600.00,CE,NIFTY2681126600CE,0.65,2.85,0.65,0.75,0.85,35.80,24614.90,0.75,3510,3510,81,140053296.50,42,F1,65,,,,,
2026-08-04,2026-08-04,FO,NSE,IDO,41129,,NIFTY,,2026-08-11,2026-08-11,26950.00,CE,NIFTY2681126950CE,0.75,0.75,0.65,0.65,0.65,19.75,24614.90,0.01,195,195,6,10510773.00,6,F1,65,,,,,
2026-08-04,2026-08-04,FO,NSE,IDO,45017,,NIFTY,,2026-08-18,2026-08-18,22550.00,CE,NIFTY2681822550CE,0.00,0.00,0.00,1684.20,0.00,1684.20,24614.90,2118.16,0,0,0,0.00,0,F1,65,,,,,
2026-08-04,2026-08-04,FO,NSE,IDO,45076,,NIFTY,,2026-08-18,2026-08-18,23750.00,CE,NIFTY2681823750CE,0.00,0.00,0.00,710.00,710.00,710.00,24614.90,968.87,325,0,0,0.00,0,F1,65,,,,,
2026-08-04,2026-08-04,FO,NSE,IDO,45170,,NIFTY,,2026-08-18,2026-08-18,25500.00,CE,NIFTY2681825500CE,10.80,10.95,6.95,8.00,7.50,9.50,24614.90,8.00,551070,40625,14511,24059678363.50,7441,F1,65,,,,,
2026-08-04,2026-08-04,FO,NSE,IDO,45196,,NIFTY,,2026-08-18,2026-08-18,25900.00,CE,NIFTY2681825900CE,3.95,4.30,3.00,3.20,3.35,3.80,24614.90,3.20,13455,7020,268,451238628.75,173,F1,65,,,,,
2026-08-04,2026-08-04,FO,NSE,IDO,61344,,NIFTY,,2026-08-25,2026-08-25,21850.00,CE,NIFTY26AUG21850CE,0.00,0.00,0.00,2494.10,0.00,2494.10,24614.90,2841.50,0,0,0,0.00,0,F1,65,,,,,
2026-08-04,2026-08-04,FO,NSE,IDO,61350,,NIFTY,,2026-08-25,2026-08-25,21950.00,CE,NIFTY26AUG21950CE,0.00,0.00,0.00,2408.05,0.00,2408.05,24614.90,2742.00,0,0,0,0.00,0,F1,65,,,,,
2026-08-04,2026-08-04,FO,NSE,IDO,61411,,NIFTY,,2026-08-25,2026-08-25,22750.00,CE,NIFTY26AUG22750CE,0.00,0.00,0.00,1318.80,1318.80,1318.80,24614.90,1951.57,1300,0,0,0.00,0,F1,65,,,,,
2026-08-04,2026-08-04,FO,NSE,IDO,61436,,NIFTY,,2026-08-25,2026-08-25,23100.00,CE,NIFTY26AUG23100CE,0.00,0.00,0.00,1554.00,1554.00,1554.00,24614.90,1614.79,6045,0,0,0.00,0,F1,65,,,,,
2026-08-04,2026-08-04,FO,NSE,IDO,61450,,NIFTY,,2026-08-25,2026-08-25,23250.00,CE,NIFTY26AUG23250CE,0.00,0.00,0.00,1350.00,1350.00,1350.00,24614.90,1474.20,1430,0,0,0.00,0,F1,65,,,,,
2026-08-04,2026-08-04,FO,NSE,IDO,61459,,NIFTY,,2026-08-25,2026-08-25,23350.00,CE,NIFTY26AUG23350CE,0.00,0.00,0.00,1160.00,1160.00,1160.00,24614.90,1382.19,1430,0,0,0.00,0,F1,65,,,,,
2026-08-04,2026-08-04,FO,NSE,IDO,61501,,NIFTY,,2026-08-25,2026-08-25,23550.00,CE,NIFTY26AUG23550CE,1051.10,1051.10,1027.45,1027.45,1027.45,1125.00,24614.90,1203.34,6240,0,4,6393487.75,3,F1,65,,,,,
2026-08-04,2026-08-04,FO,NSE,IDO,61530,,NIFTY,,2026-08-25,2026-08-25,23700.00,CE,NIFTY26AUG23700CE,1000.00,1021.35,850.00,904.70,899.70,986.65,24614.90,904.70,188565,-7020,481,770459215.50,332,F1,65,,,,,
2026-08-04,2026-08-04,FO,NSE,IDO,61593,,NIFTY,,2026-08-25,2026-08-25,24000.00,CE,NIFTY26AUG24000CE,740.00,748.00,592.05,640.55,630.35,709.75,24614.90,640.55,5831280,-80665,13266,21265722185.50,9026,F1,65,,,,,
2026-08-04,2026-08-04,FO,NSE,IDO,61772,,NIFTY,,2026-08-25,2026-08-25,24550.00,CE,NIFTY26AUG24550CE,306.25,325.00,233.75,255.40,251.05,297.15,24614.90,255.40,195260,18915,7383,11911448880.50,5555,F1,65,,,,,
2026-08-04,2026-08-04,FO,NSE,IDO,61775,,NIFTY,,2026-08-25,2026-08-25,24600.00,CE,NIFTY26AUG24600CE,279.65,295.00,210.10,229.65,226.10,268.00,24614.90,229.65,1507220,-30940,71859,116050034613.50,50799,F1,65,,,,,
2026-08-04,2026-08-04,FO,NSE,IDO,61797,,NIFTY,,2026-08-25,2026-08-25,24750.00,CE,NIFTY26AUG24750CE,200.00,212.35,149.15,160.20,158.40,194.65,24614.90,160.20,211900,32045,6182,10014518575.75,5098,F1,65,,,,,
2026-08-04,2026-08-04,FO,NSE,IDO,61897,,NIFTY,,2026-08-25,2026-08-25,25000.00,CE,NIFTY26AUG25000CE,103.55,112.25,76.10,84.00,82.20,99.95,24614.90,84.00,5529095,128570,86061,140352712695.00,47227,F1,65,,,,,
2026-08-04,2026-08-04,FO,NSE,IDO,61994,,NIFTY,,2026-08-25,2026-08-25,25750.00,CE,NIFTY26AUG25750CE,10.50,11.65,8.65,9.80,9.15,10.20,24614.90,9.80,24050,8515,790,1322770247.50,478,F1,65,,,,,
2026-08-04,2026-08-04,FO,NSE,IDO,62170,,NIFTY,,2026-08-25,2026-08-25,26650.00,CE,NIFTY26AUG26650CE,2.10,3.20,2.10,2.40,2.10,155.70,24614.90,2.40,5395,5395,180,311836027.75,126,F1,65,,,,,
2026-08-04,2026-08-04,FO,NSE,IDO,62229,,NIFTY,,2026-08-25,2026-08-25,27000.00,CE,NIFTY26AUG27000CE,1.95,3.00,1.65,1.85,1.80,115.70,24614.90,1.85,9815,9815,455,798593978.00,185,F1,65,,,,,
2026-08-04,2026-08-04,FO,NSE,IDO,46925,,NIFTY,,2026-09-01,2026-09-01,22500.00,CE,NIFTY2690122500CE,0.00,0.00,0.00,1895.10,0.00,1895.10,24614.90,2228.15,0,0,0,0.00,0,F1,65,,,,,
2026-08-04,2026-08-04,FO,NSE,IDO,46935,,NIFTY,,2026-09-01,2026-09-01,22750.00,CE,NIFTY2690122750CE,0.00,0.00,0.00,1672.80,0.00,1672.80,24614.90,1986.74,0,0,0,0.00,0,F1,65,,,,,
2026-08-04,2026-08-04,FO,NSE,IDO,46979,,NIFTY,,2026-09-01,2026-09-01,23850.00,CE,NIFTY2690123850CE,0.00,0.00,0.00,630.00,630.00,630.00,24614.90,1016.30,65,0,0,0.00,0,F1,65,,,,,
2026-08-04,2026-08-04,FO,NSE,IDO,47007,,NIFTY,,2026-09-01,2026-09-01,24550.00,CE,NIFTY2690124550CE,306.00,322.00,305.00,306.00,306.00,354.05,24614.90,550.19,2470,2015,33,53320029.75,16,F1,65,,,,,
2026-08-04,2026-08-04,FO,NSE,IDO,47035,,NIFTY,,2026-09-01,2026-09-01,25250.00,CE,NIFTY2690125250CE,0.00,0.00,0.00,227.15,0.00,227.15,24614.90,248.02,0,0,0,0.00,0,F1,65,,,,,
2026-08-04,2026-08-04,FO,NSE,IDO,47067,,NIFTY,,2026-09-01,2026-09-01,26050.00,CE,NIFTY2690126050CE,0.00,0.00,0.00,85.25,0.00,85.25,24614.90,77.96,0,0,0,0.00,0,F1,65,,,,,
2026-08-04,2026-08-04,FO,NSE,IDO,47083,,NIFTY,,2026-09-01,2026-09-01,26450.00,CE,NIFTY2690126450CE,0.00,0.00,0.00,48.80,0.00,48.80,24614.90,39.34,0,0,0,0.00,0,F1,65,,,,,
2026-08-04,2026-08-04,FO,NSE,IDO,47114,,NIFTY,,2026-09-01,2026-09-01,27100.00,CE,NIFTY2690127100CE,2.00,2.00,2.00,2.00,2.00,17.90,24614.90,11.13,260,260,4,7046520.00,1,F1,65,,,,,
2026-08-04,2026-08-04,FO,NSE,IDO,73871,,NIFTY,,2026-09-29,2026-09-29,22150.00,CE,NIFTY26SEP22150CE,0.00,0.00,0.00,2200.35,0.00,2200.35,24614.90,2711.73,0,0,0,0.00,0,F1,65,,,,,
2026-08-04,2026-08-04,FO,NSE,IDO,73875,,NIFTY,,2026-09-29,2026-09-29,22250.00,CE,NIFTY26SEP22250CE,0.00,0.00,0.00,2117.80,0.00,2117.80,24614.90,2617.26,0,0,0,0.00,0,F1,65,,,,,
2026-08-04,2026-08-04,FO,NSE,IDO,73881,,NIFTY,,2026-09-29,2026-09-29,22400.00,CE,NIFTY26SEP22400CE,0.00,0.00,0.00,1741.40,1738.55,1741.40,24614.90,2476.86,195,0,0,0.00,0,F1,65,,,,,
2026-08-04,2026-08-04,FO,NSE,IDO,73921,,NIFTY,,2026-09-29,2026-09-29,23250.00,CE,NIFTY26SEP23250CE,0.00,0.00,0.00,1565.20,1565.20,1565.20,24614.90,1724.05,390,0,0,0.00,0,F1,65,,,,,
2026-08-04,2026-08-04,FO,NSE,IDO,73995,,NIFTY,,2026-09-29,2026-09-29,23550.00,CE,NIFTY26SEP23550CE,0.00,0.00,0.00,1090.30,1090.20,1090.30,24614.90,1482.61,780,0,0,0.00,0,F1,65,,,,,
2026-08-04,2026-08-04,FO,NSE,IDO,74045,,NIFTY,,2026-09-29,2026-09-29,23800.00,CE,NIFTY26SEP23800CE,1110.00,1114.45,982.35,1015.10,1010.30,1093.80,24614.90,1015.10,16120,-130,27,43574089.00,25,F1,65,,,,,
2026-08-04,2026-08-04,FO,NSE,IDO,74368,,NIFTY,,2026-09-29,2026-09-29,25100.00,CE,NIFTY26SEP25100CE,264.95,274.95,220.75,229.85,224.80,256.80,24614.90,229.85,131430,-1820,1005,1655458574.25,759,F1,65,,,,,
2026-08-04,2026-08-04,FO,NSE,IDO,74463,,NIFTY,,2026-09-29,2026-09-29,26150.00,CE,NIFTY26SEP26150CE,0.00,0.00,0.00,215.05,0.00,215.05,24614.90,211.88,0,0,0,0.00,0,F1,65,,,,,
2026-08-04,2026-08-04,FO,NSE,IDO,74501,,NIFTY,,2026-09-29,2026-09-29,27050.00,CE,NIFTY26SEP27050CE,0.00,0.00,0.00,100.00,0.00,100.00,24614.90,80.28,0,0,0,0.00,0,F1,65,,,,,
2026-08-04,2026-08-04,FO,NSE,IDO,51352,,NIFTY,,2026-10-27,2026-10-27,23000.00,CE,NIFTY26OCT23000CE,1962.35,1962.35,1850.00,1850.00,1850.00,1933.35,24614.90,2110.39,2015,260,4,6474679.25,4,F1,65,,,,,
2026-08-04,2026-08-04,FO,NSE,IDO,51354,,NIFTY,,2026-10-27,2026-10-27,23050.00,CE,NIFTY26OCT23050CE,0.00,0.00,0.00,1582.90,0.00,1582.90,24614.90,2069.24,0,0,0,0.00,0,F1,65,,,,,
2026-08-04,2026-08-04,FO,NSE,IDO,51442,,NIFTY,,2026-10-27,2026-10-27,25050.00,CE,NIFTY26OCT25050CE,0.00,0.00,0.00,513.75,0.00,513.75,24614.90,762.66,0,0,0,0.00,0,F1,65,,,,,
2026-08-04,2026-08-04,FO,NSE,IDO,51446,,NIFTY,,2026-10-27,2026-10-27,25150.00,CE,NIFTY26OCT25150CE,0.00,0.00,0.00,479.95,0.00,479.95,24614.90,717.12,0,0,0,0.00,0,F1,65,,,,,
2026-08-04,2026-08-04,FO,NSE,IDO,51476,,NIFTY,,2026-10-27,2026-10-27,25650.00,CE,NIFTY26OCT25650CE,211.05,211.05,190.75,191.45,191.45,208.90,24614.90,191.45,2145,-1365,45,75594223.25,14,F1,65,,,,,
2026-08-04,2026-08-04,FO,NSE,IDO,51540,,NIFTY,,2026-10-27,2026-10-27,27200.00,CE,NIFTY26OCT27200CE,0.00,0.00,0.00,92.40,0.00,92.40,24614.90,156.29,0,0,0,0.00,0,F1,65,,,,,
2026-08-04,2026-08-04,FO,NSE,IDO,58636,,NIFTY,,2026-12-29,2026-12-29,16000.00,CE,NIFTY26DEC16000CE,0.00,0.00,0.00,8600.00,8600.00,8600.00,24614.90,9033.34,115,0,0,0.00,0,F1,65,,,,,
2026-08-04,2026-08-04,FO,NSE,IDO,55326,,NIFTY,,2026-12-29,2026-12-29,22500.00,CE,NIFTY26DEC22500CE,2642.25,2711.15,2600.00,2646.75,2654.50,2710.00,24614.90,2646.75,13715,-1300,43,70293128.75,32,F1,65,,,,,
2026-08-04,2026-08-04,FO,NSE,IDO,55376,,NIFTY,,2027-06-29,2027-06-29,25500.00,CE,NIFTY27JUN25500CE,1300.00,1300.00,1300.00,1300.00,1300.00,1425.00,24614.90,1854.29,0,-65,1,1742000.00,1,F1,65,,,,,
2026-08-04,2026-08-04,FO,NSE,IDO,47192,,NIFTY,,2027-06-29,2027-06-29,33000.00,CE,NIFTY27JUN33000CE,0.00,0.00,0.00,1122.75,0.00,1122.75,24614.90,139.55,0,0,0,0.00,0,F1,65,,,,,
2026-08-04,2026-08-04,FO,NSE,IDO,47194,,NIFTY,,2027-12-28,2027-12-28,33000.00,CE,NIFTY27DEC33000CE,0.00,0.00,0.00,120.00,120.00,120.00,24614.90,440.08,3510,0,0,0.00,0,F1,65,,,,,
2026-08-04,2026-08-04,FO,NSE,IDO,55470,,NIFTY,,2028-06-27,2028-06-27,19500.00,CE,NIFTY28JUN19500CE,0.00,0.00,0.00,9209.10,0.00,9209.10,24614.90,7530.27,0,0,0,0.00,0,F1,65,,,,,
2026-08-04,2026-08-04,FO,NSE,IDO,89612,,NIFTY,,2029-06-26,2029-06-26,18000.00,CE,NIFTY29JUN18000CE,0.00,0.00,0.00,11678.65,0.00,11678.65,24614.90,9823.34,0,0,0,0.00,0,F1,65,,,,,
2026-08-04,2026-08-04,FO,NSE,IDO,89624,,NIFTY,,2029-06-26,2029-06-26,21000.00,CE,NIFTY29JUN21000CE,0.00,0.00,0.00,9799.75,0.00,9799.75,24614.90,7573.35,0,0,0,0.00,0,F1,65,,,,,
2026-08-04,2026-08-04,FO,NSE,IDO,89648,,NIFTY,,2029-06-26,2029-06-26,33000.00,CE,NIFTY29JUN33000CE,0.00,0.00,0.00,4179.45,0.00,4179.45,24614.90,1803.98,0,0,0,0.00,0,F1,65,,,,,
2026-08-04,2026-08-04,FO,NSE,IDO,55598,,NIFTY,,2029-12-24,2029-12-24,16500.00,CE,NIFTY29DEC16500CE,0.00,0.00,0.00,12984.85,0.00,12984.85,24614.90,11460.58,0,0,0,0.00,0,F1,65,,,,,
2026-08-04,2026-08-04,FO,NSE,IDO,55606,,NIFTY,,2029-12-24,2029-12-24,28500.00,CE,NIFTY29DEC28500CE,0.00,0.00,0.00,4802.10,0.00,4802.10,24614.90,3908.99,0,0,0,0.00,0,F1,65,,,,,
2026-08-04,2026-08-04,FO,NSE,IDO,60892,,NIFTY,,2030-06-25,2030-06-25,18000.00,CE,NIFTY30JUN18000CE,0.00,0.00,0.00,12423.90,0.00,12423.90,24614.90,10789.47,0,0,0,0.00,0,F1,65,,,,,
2026-08-04,2026-08-04,FO,NSE,IDO,55650,,NIFTY,,2030-06-25,2030-06-25,31500.00,CE,NIFTY30JUN31500CE,0.00,0.00,0.00,3984.80,0.00,3984.80,24614.90,3341.07,0,0,0,0.00,0,F1,65,,,,,
2026-08-04,2026-08-04,FO,NSE,IDO,55696,,NIFTY,,2030-12-31,2030-12-31,16500.00,CE,NIFTY30DEC16500CE,0.00,0.00,0.00,13763.55,0.00,13763.55,24614.90,12329.56,0,0,0,0.00,0,F1,65,,,,,
2026-08-04,2026-08-04,FO,NSE,IDO,74661,,NIFTY,,2031-06-24,2031-06-24,31500.00,CE,NIFTY31JUN31500CE,0.00,0.00,0.00,3928.35,0.00,3928.35,24614.90,4455.59,0,0,0,0.00,0,F1,65,,,,,
2026-08-04,2026-08-04,FO,NSE,IDO,65420,,NIFTY,,2026-08-04,2026-08-04,22250.00,PE,NIFTY2680422250PE,0.60,0.60,0.05,0.05,0.10,0.60,24614.90,24614.90,156975,-52260,7645,11056690700.25,2089,F1,65,,,,,
2026-08-04,2026-08-04,FO,NSE,IDO,65439,,NIFTY,,2026-08-04,2026-08-04,22600.00,PE,NIFTY2680422600PE,0.75,0.85,0.05,0.05,0.05,0.75,24614.90,24614.90,356980,-335660,22698,33343688101.75,4791,F1,65,,,,,
2026-08-04,2026-08-04,FO,NSE,IDO,65456,,NIFTY,,2026-08-04,2026-08-04,23000.00,PE,NIFTY2680423000PE,0.50,0.80,0.05,0.05,0.05,1.05,24614.90,24614.90,3982875,-4020315,389941,582969380061.25,56154,F1,65,,,,,
2026-08-04,2026-08-04,FO,NSE,IDO,66057,,NIFTY,,2026-08-04,2026-08-04,26000.00,PE,NIFTY2680426000PE,1421.60,1560.70,1368.00,1473.45,1388.00,1423.20,24614.90,24614.90,32110,-50570,1136,2027213028.75,887,F1,65,,,,,
2026-08-04,2026-08-04,FO,NSE,IDO,66059,,NIFTY,,2026-08-04,2026-08-04,26050.00,PE,NIFTY2680426050PE,0.00,0.00,0.00,2092.95,0.00,2092.95,24614.90,24614.90,0,0,0,0.00,0,F1,65,,,,,
2026-08-04,2026-08-04,FO,NSE,IDO,66063,,NIFTY,,2026-08-04,2026-08-04,26150.00,PE,NIFTY2680426150PE,0.00,0.00,0.00,2185.20,0.00,2185.20,24614.90,24614.90,0,0,0,0.00,0,F1,65,,,,,
2026-08-04,2026-08-04,FO,NSE,IDO,66069,,NIFTY,,2026-08-04,2026-08-04,26250.00,PE,NIFTY2680426250PE,0.00,0.00,0.00,2278.35,0.00,2278.35,24614.90,24614.90,0,0,0,0.00,0,F1,65,,,,,
2026-08-04,2026-08-04,FO,NSE,IDO,40940,,NIFTY,,2026-08-11,2026-08-11,22750.00,PE,NIFTY2681122750PE,3.80,3.85,1.85,2.35,2.35,3.90,24614.90,2.35,109850,82290,4221,6242475356.00,1550,F1,65,,,,,
2026-08-04,2026-08-04,FO,NSE,IDO,40948,,NIFTY,,2026-08-11,2026-08-11,22950.00,PE,NIFTY2681122950PE,4.15,4.60,2.25,2.90,2.25,4.75,24614.90,2.90,55575,-1755,6329,9442556344.00,3020,F1,65,,,,,
2026-08-04,2026-08-04,FO,NSE,IDO,41014,,NIFTY,,2026-08-11,2026-08-11,24550.00,PE,NIFTY2681124550PE,124.05,212.05,96.20,169.75,167.50,124.05,24614.90,169.75,794820,243555,164093,263418656575.75,103079,F1,65,,,,,
2026-08-04,2026-08-04,FO,NSE,IDO,41016,,NIFTY,,2026-08-11,2026-08-11,24600.00,PE,NIFTY2681124600PE,150.00,242.20,115.75,197.60,202.00,146.65,24614.90,197.60,2997475,493350,410146,660265476559.00,241915,F1,65,,,,,
2026-08-04,2026-08-04,FO,NSE,IDO,41064,,NIFTY,,2026-08-11,2026-08-11,25650.00,PE,NIFTY2681125650PE,1020.00,1020.00,1020.00,1020.00,1020.00,1826.70,24614.90,1015.39,520,520,8,13868400.00,2,F1,65,,,,,
2026-08-04,2026-08-04,FO,NSE,IDO,41072,,NIFTY,,2026-08-11,2026-08-11,25800.00,PE,NIFTY2681125800PE,1190.00,1291.90,1148.15,1289.35,1291.90,1192.90,24614.90,1289.35,1820,390,10,17563815.75,9,F1,65,,,,,
2026-08-04,2026-08-04,FO,NSE,IDO,41080,,NIFTY,,2026-08-11,2026-08-11,26000.00,PE,NIFTY2681126000PE,1387.55,1530.00,1350.70,1489.80,1493.00,1402.90,24614.90,1489.80,203450,123760,2015,3587825907.25,1402,F1,65,,,,,
2026-08-04,2026-08-04,FO,NSE,IDO,44992,,NIFTY,,2026-08-18,2026-08-18,22150.00,PE,NIFTY2681822150PE,4.05,6.50,3.55,4.10,3.55,6.00,24614.90,4.10,5200,3120,171,246252678.75,72,F1,65,,,,,
2026-08-04,2026-08-04,FO,NSE,IDO,45000,,NIFTY,,2026-08-18,2026-08-18,22250.00,PE,NIFTY2681822250PE,4.45,5.85,3.25,4.30,4.80,5.05,24614.90,4.30,2795,910,108,156228614.75,40,F1,65,,,,,
2026-08-04,2026-08-04,FO,NSE,IDO,45022,,NIFTY,,2026-08-18,2026-08-18,22650.00,PE,NIFTY2681822650PE,5.35,6.85,5.00,6.10,6.10,6.75,24614.90,6.10,2145,390,45,66269011.25,23,F1,65,,,,,
2026-08-04,2026-08-04,FO,NSE,IDO,45050,,NIFTY,,2026-08-18,2026-08-18,23200.00,PE,NIFTY2681823200PE,11.35,11.35,7.50,9.65,8.50,11.00,24614.90,9.65,59475,2275,920,1387918002.25,570,F1,65,,,,,
2026-08-04,2026-08-04,FO,NSE,IDO,45057,,NIFTY,,2026-08-18,2026-08-18,23350.00,PE,NIFTY2681823350PE,13.30,13.60,9.50,11.65,11.55,13.55,24614.90,11.65,21190,5070,395,599790763.00,176,F1,65,,,,,
2026-08-04,2026-08-04,FO,NSE,IDO,45070,,NIFTY,,2026-08-18,2026-08-18,23600.00,PE,NIFTY2681823600PE,18.05,22.85,13.90,19.55,18.10,19.75,24614.90,19.55,150410,28925,4271,6556705304.50,2854,F1,65,,,,,
2026-08-04,2026-08-04,FO,NSE,IDO,45091,,NIFTY,,2026-08-18,2026-08-18,24000.00,PE,NIFTY2681824000PE,40.15,65.75,34.00,53.05,53.40,44.00,24614.90,53.05,866970,429715,23537,36792205768.50,12538,F1,65,,,,,
2026-08-04,2026-08-04,FO,NSE,IDO,45117,,NIFTY,,2026-08-18,2026-08-18,24600.00,PE,NIFTY2681824600PE,185.90,282.55,165.00,239.90,249.95,193.90,24614.90,239.90,287105,-85670,14994,24187430133.75,10167,F1,65,,,,,
2026-08-04,2026-08-04,FO,NSE,IDO,45181,,NIFTY,,2026-08-18,2026-08-18,25600.00,PE,NIFTY2681825600PE,1100.00,1100.00,1080.00,1080.00,1080.00,1150.00,24614.90,979.73,65,-65,2,3469700.00,2,F1,65,,,,,
2026-08-04,2026-08-04,FO,NSE,IDO,45220,,NIFTY,,2026-08-18,2026-08-18,26300.00,PE,NIFTY2681826300PE,0.00,0.00,0.00,2128.25,0.00,2128.25,24614.90,1632.13,0,0,0,0.00,0,F1,65,,,,,
2026-08-04,2026-08-04,FO,NSE,IDO,45226,,NIFTY,,2026-08-18,2026-08-18,26350.00,PE,NIFTY2681826350PE,0.00,0.00,0.00,2175.40,0.00,2175.40,24614.90,1680.84,0,0,0,0.00,0,F1,65,,,,,
2026-08-04,2026-08-04,FO,NSE,IDO,45234,,NIFTY,,2026-08-18,2026-08-18,26550.00,PE,NIFTY2681826550PE,0.00,0.00,0.00,2365.65,0.00,2365.65,24614.90,1877.03,0,0,0,0.00,0,F1,65,,,,,
2026-08-04,2026-08-04,FO,NSE,IDO,61208,,NIFTY,,2026-08-25,2026-08-25,21450.00,PE,NIFTY26AUG21450PE,6.80,6.80,4.70,5.30,4.90,6.15,24614.90,5.30,5980,195,9,12551366.75,9,F1,65,,,,,
2026-08-04,2026-08-04,FO,NSE,IDO,61343,,NIFTY,,2026-08-25,2026-08-25,21800.00,PE,NIFTY26AUG21800PE,6.65,8.00,5.45,6.35,6.75,6.40,24614.90,6.35,64870,-195,326,462080138.00,248,F1,65,,,,,
2026-08-04,2026-08-04,FO,NSE,IDO,61365,,NIFTY,,2026-08-25,2026-08-25,22150.00,PE,NIFTY26AUG22150PE,7.45,8.45,6.10,6.35,6.10,7.30,24614.90,6.35,15600,-325,83,119539228.25,60,F1,65,,,,,
2026-08-04,2026-08-04,FO,NSE,IDO,61446,,NIFTY,,2026-08-25,2026-08-25,23200.00,PE,NIFTY26AUG23200PE,19.15,23.45,16.55,19.45,18.90,19.65,24614.90,19.45,604240,910,15565,23491547043.25,10990,F1,65,,,,,
2026-08-04,2026-08-04,FO,NSE,IDO,61492,,NIFTY,,2026-08-25,2026-08-25,23400.00,PE,NIFTY26AUG23400PE,27.40,31.75,21.35,26.10,24.70,25.40,24614.90,26.10,394485,-36010,9088,13837611528.00,6188,F1,65,,,,,
2026-08-04,2026-08-04,FO,NSE,IDO,61514,,NIFTY,,2026-08-25,2026-08-25,23550.00,PE,NIFTY26AUG23550PE,31.35,40.40,26.60,34.30,33.80,31.45,24614.90,34.30,89635,-4225,1137,1742918960.25,810,F1,65,,,,,
2026-08-04,2026-08-04,FO,NSE,IDO,61733,,NIFTY,,2026-08-25,2026-08-25,24450.00,PE,NIFTY26AUG24450PE,165.00,243.30,148.85,205.60,209.70,172.30,24614.90,205.60,114790,10335,7918,12688874753.75,5911,F1,65,,,,,
2026-08-04,2026-08-04,FO,NSE,IDO,61914,,NIFTY,,2026-08-25,2026-08-25,25100.00,PE,NIFTY26AUG25100PE,525.00,658.00,491.50,602.95,602.05,531.95,24614.90,602.95,63440,4745,460,767240240.00,364,F1,65,,,,,
2026-08-04,2026-08-04,FO,NSE,IDO,62056,,NIFTY,,2026-08-25,2026-08-25,26200.00,PE,NIFTY26AUG26200PE,1649.00,1660.00,1649.00,1650.60,1650.60,1555.00,24614.90,1526.29,47060,65,7,12673804.00,7,F1,65,,,,,
2026-08-04,2026-08-04,FO,NSE,IDO,46908,,NIFTY,,2026-09-01,2026-09-01,22050.00,PE,NIFTY2690122050PE,0.00,0.00,0.00,22.15,0.00,22.15,24614.90,2.41,0,0,0,0.00,0,F1,65,,,,,
2026-08-04,2026-08-04,FO,NSE,IDO,46910,,NIFTY,,2026-09-01,2026-09-01,22100.00,PE,NIFTY2690122100PE,0.00,0.00,0.00,9.00,9.00,9.00,24614.90,2.80,455,0,0,0.00,0,F1,65,,,,,
2026-08-04,2026-08-04,FO,NSE,IDO,46912,,NIFTY,,2026-09-01,2026-09-01,22150.00,PE,NIFTY2690122150PE,0.00,0.00,0.00,42.00,42.00,42.00,24614.90,3.25,65,0,0,0.00,0,F1,65,,,,,
2026-08-04,2026-08-04,FO,NSE,IDO,46956,,NIFTY,,2026-09-01,2026-09-01,23250.00,PE,NIFTY2690123250PE,0.00,0.00,0.00,159.65,0.00,159.65,24614.90,47.90,0,0,0,0.00,0,F1,65,,,,,
2026-08-04,2026-08-04,FO,NSE,IDO,46958,,NIFTY,,2026-09-01,2026-09-01,23300.00,PE,NIFTY2690123300PE,0.00,0.00,0.00,170.65,0.00,170.65,24614.90,52.89,0,0,0,0.00,0,F1,65,,,,,
2026-08-04,2026-08-04,FO,NSE,IDO,46960,,NIFTY,,2026-09-01,2026-09-01,23350.00,PE,NIFTY2690123350PE,0.00,0.00,0.00,182.25,0.00,182.25,24614.90,58.31,0,0,0,0.00,0,F1,65,,,,,
2026-08-04,2026-08-04,FO,NSE,IDO,46986,,NIFTY,,2026-09-01,2026-09-01,24000.00,PE,NIFTY2690124000PE,92.00,125.00,84.65,108.60,107.90,95.85,24614.90,108.60,43615,6435,934,1463301713.25,564,F1,65,,,,,
2026-08-04,2026-08-04,FO,NSE,IDO,47004,,NIFTY,,2026-09-01,2026-09-01,24450.00,PE,NIFTY2690124450PE,244.45,284.15,239.50,240.25,240.25,601.10,24614.90,328.30,1105,1105,33,52977515.50,30,F1,65,,,,,
2026-08-04,2026-08-04,FO,NSE,IDO,47028,,NIFTY,,2026-09-01,2026-09-01,25050.00,PE,NIFTY2690125050PE,0.00,0.00,0.00,970.45,0.00,970.45,24614.90,636.26,0,0,0,0.00,0,F1,65,,,,,
2026-08-04,2026-08-04,FO,NSE,IDO,47066,,NIFTY,,2026-09-01,2026-09-01,26000.00,PE,NIFTY2690126000PE,0.00,0.00,0.00,1722.45,0.00,1722.45,24614.90,1348.61,0,0,0,0.00,0,F1,65,,,,,
2026-08-04,2026-08-04,FO,NSE,IDO,47082,,NIFTY,,2026-09-01,2026-09-01,26400.00,PE,NIFTY2690126400PE,0.00,0.00,0.00,2081.00,0.00,2081.00,24614.90,1705.28,0,0,0,0.00,0,F1,65,,,,,
2026-08-04,2026-08-04,FO,NSE,IDO,47118,,NIFTY,,2026-09-01,2026-09-01,27150.00,PE,NIFTY2690127150PE,0.00,0.00,0.00,2789.80,0.00,2789.80,24614.90,2418.78,0,0,0,0.00,0,F1,65,,,,,
2026-08-04,2026-08-04,FO,NSE,IDO,65888,,NIFTY,,2026-09-29,2026-09-29,18000.00,PE,NIFTY26SEP18000PE,8.00,8.40,7.00,7.05,7.00,7.65,24614.90,7.05,1095900,-3120,880,1030007267.25,216,F1,65,,,,,
2026-08-04,2026-08-04,FO,NSE,IDO,73924,,NIFTY,,2026-09-29,2026-09-29,23300.00,PE,NIFTY26SEP23300PE,70.00,83.05,64.20,75.90,77.25,71.85,24614.90,75.90,135785,-4355,1325,2013009784.50,950,F1,65,,,,,
2026-08-04,2026-08-04,FO,NSE,IDO,74055,,NIFTY,,2026-09-29,2026-09-29,23850.00,PE,NIFTY26SEP23850PE,133.05,162.70,125.70,148.35,148.15,133.35,24614.90,148.35,9555,-260,99,154378714.75,71,F1,65,,,,,
2026-08-04,2026-08-04,FO,NSE,IDO,74113,,NIFTY,,2026-09-29,2026-09-29,24350.00,PE,NIFTY26SEP24350PE,274.00,301.40,235.05,278.75,275.45,255.25,24614.90,278.75,13130,0,112,179178723.75,97,F1,65,,,,,
2026-08-04,2026-08-04,FO,NSE,IDO,74371,,NIFTY,,2026-09-29,2026-09-29,25150.00,PE,NIFTY26SEP25150PE,589.00,653.00,589.00,653.00,653.00,586.30,24614.90,800.33,260,65,4,6698194.75,4,F1,65,,,,,
2026-08-04,2026-08-04,FO,NSE,IDO,74390,,NIFTY,,2026-09-29,2026-09-29,25350.00,PE,NIFTY26SEP25350PE,0.00,0.00,0.00,1488.65,0.00,1488.65,24614.90,920.14,0,0,0,0.00,0,F1,65,,,,,
2026-08-04,2026-08-04,FO,NSE,IDO,74490,,NIFTY,,2026-09-29,2026-09-29,26700.00,PE,NIFTY26SEP26700PE,0.00,0.00,0.00,2560.85,0.00,2560.85,24614.90,1936.24,0,0,0,0.00,0,F1,65,,,,,
2026-08-04,2026-08-04,FO,NSE,IDO,51331,,NIFTY,,2026-10-27,2026-10-27,22500.00,PE,NIFTY26OCT22500PE,52.80,56.90,49.00,53.95,53.50,52.90,24614.90,53.95,266630,-29055,2137,3132686180.00,1197,F1,65,,,,,
2026-08-04,2026-08-04,FO,NSE,IDO,51499,,NIFTY,,2026-10-27,2026-10-27,26200.00,PE,NIFTY26OCT26200PE,0.00,0.00,0.00,2040.50,0.00,2040.50,24614.90,1540.96,0,0,0,0.00,0,F1,65,,,,,
2026-08-04,2026-08-04,FO,NSE,IDO,51505,,NIFTY,,2026-10-27,2026-10-27,26350.00,PE,NIFTY26OCT26350PE,0.00,0.00,0.00,2163.00,0.00,2163.00,24614.90,1652.41,0,0,0,0.00,0,F1,65,,,,,
2026-08-04,2026-08-04,FO,NSE,IDO,51519,,NIFTY,,2026-10-27,2026-10-27,26700.00,PE,NIFTY26OCT26700PE,0.00,0.00,0.00,2458.10,0.00,2458.10,24614.90,1921.24,0,0,0,0.00,0,F1,65,,,,,
2026-08-04,2026-08-04,FO,NSE,IDO,55325,,NIFTY,,2026-12-29,2026-12-29,19500.00,PE,NIFTY26DEC19500PE,36.20,39.75,35.05,37.60,35.45,36.60,24614.90,37.60,105040,-2925,314,398762978.25,225,F1,65,,,,,
2026-08-04,2026-08-04,FO,NSE,IDO,61605,,NIFTY,,2026-08-25,2026-08-25,24050.00,CE,NIFTY26AUG24050CE,673.15,706.25,560.15,600.95,614.00,673.15,24614.90,600.95,36335,-1950,90,144497879.50,76,F1,65,,,,,
2026-08-04,2026-08-04,FO,NSE,IDO,61536,,NIFTY,,2026-08-25,2026-08-25,23850.00,CE,NIFTY26AUG23850CE,838.30,886.80,720.15,764.90,764.20,857.40,24614.90,764.90,19630,-1105,35,56077641.75,26,F1,65,,,,,
2026-08-04,2026-08-04,FO,NSE,IDO,61519,,NIFTY,,2026-08-25,2026-08-25,23650.00,CE,NIFTY26AUG23650CE,1019.00,1064.70,910.00,910.00,910.00,1019.70,24614.90,1116.97,8450,-195,14,22415783.00,11,F1,65,,,,,
2026-08-04,2026-08-04,FO,NSE,IDO,61430,,NIFTY,,2026-08-25,2026-08-25,23050.00,CE,NIFTY26AUG23050CE,0.00,0.00,0.00,1055.95,1055.95,1055.95,24614.90,1662.25,715,0,0,0.00,0,F1,65,,,,,
2026-08-04,2026-08-04,FO,NSE,IDO,55704,,NIFTY,,2030-12-31,2030-12-31,22500.00,CE,NIFTY30DEC22500CE,0.00,0.00,0.00,9536.95,0.00,9536.95,24614.90,8293.79,0,0,0,0.00,0,F1,65,,,,,
2026-08-04,2026-08-04,FO,NSE,IDO,55758,,NIFTY,,2030-12-31,2030-12-31,27000.00,CE,NIFTY30DEC27000CE,0.00,0.00,0.00,6772.80,0.00,6772.80,24614.90,5819.21,0,0,0,0.00,0,F1,65,,,,,
2026-08-04,2026-08-04,FO,NSE,IDO,65859,,NIFTY,,2026-08-04,2026-08-04,24450.00,PE,NIFTY2680424450PE,8.90,52.05,0.05,15.35,0.10,18.35,24614.90,24614.90,11750960,6086795,23597300,37538210878112.75,6527215,F1,65,,,,,
2026-08-04,2026-08-04,FO,NSE,IDO,65939,,NIFTY,,2026-08-04,2026-08-04,25400.00,PE,NIFTY2680425400PE,800.05,958.00,769.45,852.80,786.95,821.65,24614.90,24614.90,12805,8710,431,735762088.75,333,F1,65,,,,,
2026-08-04,2026-08-04,FO,NSE,IDO,66067,,NIFTY,,2026-08-04,2026-08-04,26200.00,PE,NIFTY2680426200PE,1615.00,1615.00,1615.00,1615.00,1615.00,1616.10,24614.90,24614.90,1365,-455,10,18079750.00,8,F1,65,,,,,
2026-08-04,2026-08-04,FO,NSE,IDO,66079,,NIFTY,,2026-08-04,2026-08-04,26500.00,PE,NIFTY2680426500PE,0.00,0.00,0.00,2514.25,0.00,2514.25,24614.90,24614.90,0,0,0,0.00,0,F1,65,,,,,
2026-08-04,2026-08-04,FO,NSE,IDO,65350,,NIFTY,,2026-08-04,2026-08-04,21950.00,CE,NIFTY2680421950CE,0.00,0.00,0.00,2090.00,2090.00,2090.00,24614.90,24614.90,0,0,0,0.00,0,F1,65,,,,,
2026-08-04,2026-08-04,FO,NSE,IDO,65413,,NIFTY,,2026-08-04,2026-08-04,22100.00,CE,NIFTY2680422100CE,0.00,0.00,0.00,1971.00,1971.00,1971.00,24614.90,24614.90,65,0,0,0.00,0,F1,65,,,,,
2026-08-04,2026-08-04,FO,NSE,IDO,65519,,NIFTY,,2026-08-04,2026-08-04,23050.00,CE,NIFTY2680423050CE,1530.30,1530.55,1530.30,1530.55,1530.55,1568.85,24614.90,24614.90,260,-65,2,3195455.25,2,F1,65,,,,,
2026-08-04,2026-08-04,FO,NSE,IDO,74642,,NIFTY,,2031-06-24,2031-06-24,18000.00,PE,NIFTY31JUN18000PE,0.00,0.00,0.00,173.45,0.00,173.45,24614.90,117.89,0,0,0,0.00,0,F1,65,,,,,
2026-08-04,2026-08-04,FO,NSE,IDO,61773,,NIFTY,,2029-12-24,2029-12-24,25000.00,PE,NIFTY29DEC25000PE,1100.00,1100.00,1100.00,1100.00,1100.00,1100.00,24614.90,1023.18,550,65,1,1696500.00,1,F1,65,,,,,
2026-08-04,2026-08-04,FO,NSE,IDO,55559,,NIFTY,,2029-06-26,2029-06-26,19500.00,PE,NIFTY29JUN19500PE,0.00,0.00,0.00,56.00,0.00,56.00,24614.90,173.16,0,0,0,0.00,0,F1,65,,,,,
2026-08-04,2026-08-04,FO,NSE,IDO,89613,,NIFTY,,2029-06-26,2029-06-26,18000.00,PE,NIFTY29JUN18000PE,0.00,0.00,0.00,118.45,0.00,118.45,24614.90,85.53,0,0,0,0.00,0,F1,65,,,,,
2026-08-04,2026-08-04,FO,NSE,IDO,65533,,NIFTY,,2026-08-04,2026-08-04,23400.00,CE,NIFTY2680423400CE,1199.00,1233.20,1051.95,1192.30,1216.40,1173.35,24614.90,24614.90,29770,-14105,491,783284703.50,407,F1,65,,,,,
2026-08-04,2026-08-04,FO,NSE,IDO,65695,,NIFTY,,2026-08-04,2026-08-04,24050.00,CE,NIFTY2680424050CE,565.80,586.25,386.80,482.85,565.25,527.80,24614.90,24614.90,93340,-76895,4704,7503174350.75,3323,F1,65,,,,,
2026-08-04,2026-08-04,FO,NSE,IDO,65998,,NIFTY,,2026-08-04,2026-08-04,25650.00,CE,NIFTY2680425650CE,0.60,0.85,0.05,0.05,0.05,0.60,24614.90,24614.90,847535,535470,137519,229281417534.00,23006,F1,65,,,,,
2026-08-04,2026-08-04,FO,NSE,IDO,66102,,NIFTY,,2026-08-04,2026-08-04,27100.00,CE,NIFTY2680427100CE,0.50,0.70,0.05,0.05,0.05,9.85,24614.90,24614.90,31655,31655,1292,2275877656.00,577,F1,65,,,,,
2026-08-04,2026-08-04,FO,NSE,IDO,40891,,NIFTY,,2026-08-11,2026-08-11,21750.00,CE,NIFTY2681121750CE,0.00,0.00,0.00,2778.90,0.00,2778.90,24614.90,2890.25,0,0,0,0.00,0,F1,65,,,,,
2026-08-04,2026-08-04,FO,NSE,IDO,40911,,NIFTY,,2026-08-11,2026-08-11,22100.00,CE,NIFTY2681122100CE,0.00,0.00,0.00,2436.90,0.00,2436.90,24614.90,2540.65,0,0,0,0.00,0,F1,65,,,,,
2026-08-04,2026-08-04,FO,NSE,IDO,55557,,NIFTY,,2029-06-26,2029-06-26,16500.00,PE,NIFTY29JUN16500PE,0.00,0.00,0.00,8.10,0.00,8.10,24614.90,36.98,0,0,0,0.00,0,F1,65,,,,,
2026-08-04,2026-08-04,FO,NSE,IDO,55527,,NIFTY,,2028-12-26,2028-12-26,31500.00,PE,NIFTY28DEC31500PE,0.00,0.00,0.00,2673.40,0.00,2673.40,24614.90,3961.39,0,0,0,0.00,0,F1,65,,,,,
2026-08-04,2026-08-04,FO,NSE,IDO,67783,,NIFTY,,2028-12-26,2028-12-26,24000.00,PE,NIFTY28DEC24000PE,760.00,760.00,701.00,755.00,755.00,770.05,24614.90,755.00,3900,65,3,4824040.00,3,F1,65,,,,,
2026-08-04,2026-08-04,FO,NSE,IDO,86164,,NIFTY,,2028-06-27,2028-06-27,27000.00,PE,NIFTY28JUN27000PE,0.00,0.00,0.00,2752.35,0.00,2752.35,24614.90,1859.59,0,0,0,0.00,0,F1,65,,,,,
2026-08-04,2026-08-04,FO,NSE,IDO,50984,,NIFTY,,2027-06-29,2027-06-29,27000.00,PE,NIFTY27JUN27000PE,0.00,0.00,0.00,6273.45,0.00,6273.45,24614.90,2039.39,0,0,0,0.00,0,F1,65,,,,,
2026-08-04,2026-08-04,FO,NSE,IDO,71548,,NIFTY,,2027-06-29,2027-06-29,18000.00,PE,NIFTY27JUN18000PE,0.00,0.00,0.00,220.00,220.00,220.00,24614.90,10.77,230,0,0,0.00,0,F1,65,,,,,
2026-08-04,2026-08-04,FO,NSE,IDO,80248,,NIFTY,,2027-03-30,2027-03-30,18000.00,PE,NIFTY27MAR18000PE,0.00,0.00,0.00,37.30,37.30,37.30,24614.90,3.78,65,0,0,0.00,0,F1,65,,,,,
2026-08-04,2026-08-04,FO,NSE,IDO,58649,,NIFTY,,2026-12-29,2026-12-29,22000.00,PE,NIFTY26DEC22000PE,83.00,87.50,78.10,83.15,83.50,82.80,24614.90,83.15,1577505,-27725,4143,5946685465.50,2166,F1,65,,,,,
2026-08-04,2026-08-04,FO,NSE,IDO,58643,,NIFTY,,2026-12-29,2026-12-29,19000.00,PE,NIFTY26DEC19000PE,33.75,35.00,32.95,34.10,33.35,33.75,24614.90,34.10,617215,-11180,739,914294290.00,466,F1,65,,,,,
2026-08-04,2026-08-04,FO,NSE,IDO,51489,,NIFTY,,2026-10-27,2026-10-27,25950.00,PE,NIFTY26OCT25950PE,0.00,0.00,0.00,1842.30,0.00,1842.30,24614.90,1364.96,0,0,0,0.00,0,F1,65,,,,,
2026-08-04,2026-08-04,FO,NSE,IDO,51455,,NIFTY,,2026-10-27,2026-10-27,25350.00,PE,NIFTY26OCT25350PE,0.00,0.00,0.00,1401.30,0.00,1401.30,24614.90,985.91,0,0,0,0.00,0,F1,65,,,,,
2026-08-04,2026-08-04,FO,NSE,IDO,51373,,NIFTY,,2026-10-27,2026-10-27,23500.00,PE,NIFTY26OCT23500PE,125.50,152.60,122.30,140.20,138.05,133.00,24614.90,140.20,200590,34255,1564,2402755910.75,1113,F1,65,,,,,
2026-08-04,2026-08-04,FO,NSE,IDO,51321,,NIFTY,,2026-10-27,2026-10-27,22300.00,PE,NIFTY26OCT22300PE,45.20,48.45,42.30,45.90,45.20,47.50,24614.90,45.90,4680,2405,55,79882708.75,46,F1,65,,,,,
2026-08-04,2026-08-04,FO,NSE,IDO,74484,,NIFTY,,2026-09-29,2026-09-29,26550.00,PE,NIFTY26SEP26550PE,0.00,0.00,0.00,2431.75,0.00,2431.75,24614.90,1808.80,0,0,0,0.00,0,F1,65,,,,,
2026-08-04,2026-08-04,FO,NSE,IDO,74478,,NIFTY,,2026-09-29,2026-09-29,26400.00,PE,NIFTY26SEP26400PE,0.00,0.00,0.00,2304.75,0.00,2304.75,24614.90,1684.34,0,0,0,0.00,0,F1,65,,,,,
2026-08-04,2026-08-04,FO,NSE,IDO,74476,,NIFTY,,2026-09-29,2026-09-29,26350.00,PE,NIFTY26SEP26350PE,0.00,0.00,0.00,2262.90,0.00,2262.90,24614.90,1643.57,0,0,0,0.00,0,F1,65,,,,,
2026-08-04,2026-08-04,FO,NSE,IDO,74464,,NIFTY,,2026-09-29,2026-09-29,26150.00,PE,NIFTY26SEP26150PE,0.00,0.00,0.00,2098.20,0.00,2098.20,24614.90,1484.31,0,0,0,0.00,0,F1,65,,,,,
2026-08-04,2026-08-04,FO,NSE,IDO,74288,,NIFTY,,2026-09-29,2026-09-29,24550.00,PE,NIFTY26SEP24550PE,312.75,386.25,301.50,354.00,361.45,322.65,24614.90,354.00,21905,5330,285,460817594.25,265,F1,65,,,,,
2026-08-04,2026-08-04,FO,NSE,IDO,65901,,NIFTY,,2026-09-29,2026-09-29,24000.00,PE,NIFTY26SEP24000PE,162.85,201.65,150.20,182.30,181.60,166.25,24614.90,182.30,2317460,87035,11708,18397528243.25,7100,F1,65,,,,,
2026-08-04,2026-08-04,FO,NSE,IDO,74002,,NIFTY,,2026-09-29,2026-09-29,23550.00,PE,NIFTY26SEP23550PE,92.55,112.05,86.50,101.55,104.90,93.10,24614.90,101.55,18265,-1560,246,378130584.00,162,F1,65,,,,,
2026-08-04,2026-08-04,FO,NSE,IDO,73994,,NIFTY,,2026-09-29,2026-09-29,23500.00,PE,NIFTY26SEP23500PE,85.00,108.00,80.75,97.30,98.90,90.00,24614.90,97.30,1009840,84175,9492,14557163390.25,5618,F1,65,,,,,
2026-08-04,2026-08-04,FO,NSE,IDO,47109,,NIFTY,,2026-09-01,2026-09-01,26950.00,PE,NIFTY2690126950PE,0.00,0.00,0.00,2597.50,0.00,2597.50,24614.90,2224.84,0,0,0,0.00,0,F1,65,,,,,
2026-08-04,2026-08-04,FO,NSE,IDO,47064,,NIFTY,,2026-09-01,2026-09-01,25950.00,PE,NIFTY2690125950PE,0.00,0.00,0.00,1679.00,0.00,1679.00,24614.90,1305.82,0,0,0,0.00,0,F1,65,,,,,
2026-08-04,2026-08-04,FO,NSE,IDO,47016,,NIFTY,,2026-09-01,2026-09-01,24750.00,PE,NIFTY2690124750PE,0.00,0.00,0.00,773.80,0.00,773.80,24614.90,466.81,0,0,0,0.00,0,F1,65,,,,,
2026-08-04,2026-08-04,FO,NSE,IDO,46978,,NIFTY,,2026-09-01,2026-09-01,23800.00,PE,NIFTY2690123800PE,66.85,84.85,57.10,73.45,74.00,65.90,24614.90,73.45,18200,1105,209,324289680.00,138,F1,65,,,,,
2026-08-04,2026-08-04,FO,NSE,IDO,46962,,NIFTY,,2026-09-01,2026-09-01,23400.00,PE,NIFTY2690123400PE,33.30,42.10,30.45,36.85,37.45,35.70,24614.90,36.85,7995,780,92,140140627.25,61,F1,65,,,,,
2026-08-04,2026-08-04,FO,NSE,IDO,46950,,NIFTY,,2026-09-01,2026-09-01,23100.00,PE,NIFTY2690123100PE,25.45,32.00,25.45,26.55,26.55,25.45,24614.90,35.17,390,130,17,25555029.50,11,F1,65,,,,,
2026-08-04,2026-08-04,FO,NSE,IDO,46936,,NIFTY,,2026-09-01,2026-09-01,22750.00,PE,NIFTY2690122750PE,19.80,19.80,17.85,17.85,17.85,18.00,24614.90,15.98,455,0,2,2959947.25,2,F1,65,,,,,
2026-08-04,2026-08-04,FO,NSE,IDO,46916,,NIFTY,,2026-09-01,2026-09-01,22250.00,PE,NIFTY2690122250PE,0.00,0.00,0.00,56.00,56.00,56.00,24614.90,4.33,325,0,0,0.00,0,F1,65,,,,,
2026-08-04,2026-08-04,FO,NSE,IDO,62196,,NIFTY,,2026-08-25,2026-08-25,26750.00,PE,NIFTY26AUG26750PE,0.00,0.00,0.00,2584.30,0.00,2584.30,24614.90,2051.00,0,0,0,0.00,0,F1,65,,,,,
2026-08-04,2026-08-04,FO,NSE,IDO,62171,,NIFTY,,2026-08-25,2026-08-25,26650.00,PE,NIFTY26AUG26650PE,0.00,0.00,0.00,2498.25,0.00,2498.25,24614.90,1953.90,0,0,0,0.00,0,F1,65,,,,,
2026-08-04,2026-08-04,FO,NSE,IDO,62126,,NIFTY,,2026-08-25,2026-08-25,26500.00,PE,NIFTY26AUG26500PE,1799.70,1992.00,1799.70,1992.00,1992.00,2370.90,24614.90,1809.43,2795,2795,48,88421888.75,41,F1,65,,,,,
2026-08-04,2026-08-04,FO,NSE,IDO,62059,,NIFTY,,2026-08-25,2026-08-25,26250.00,PE,NIFTY26AUG26250PE,0.00,0.00,0.00,1985.00,1985.00,1985.00,24614.90,1572.82,130,0,0,0.00,0,F1,65,,,,,
2026-08-04,2026-08-04,FO,NSE,IDO,40926,,NIFTY,,2026-08-11,2026-08-11,22450.00,CE,NIFTY2681122450CE,0.00,0.00,0.00,2101.00,0.00,2101.00,24614.90,2191.07,0,0,0,0.00,0,F1,65,,,,,
2026-08-04,2026-08-04,FO,NSE,IDO,40969,,NIFTY,,2026-08-11,2026-08-11,23500.00,CE,NIFTY2681123500CE,1070.60,1145.90,958.35,1008.00,1000.10,1098.05,24614.90,1008.00,119470,51545,1437,2291871318.75,1055,F1,65,,,,,
2026-08-04,2026-08-04,FO,NSE,IDO,40995,,NIFTY,,2026-08-11,2026-08-11,24100.00,CE,NIFTY2681124100CE,537.95,562.15,393.15,438.95,428.00,515.85,24614.90,438.95,378820,23725,4504,7191997195.50,3462,F1,65,,,,,
2026-08-04,2026-08-04,FO,NSE,IDO,41001,,NIFTY,,2026-08-11,2026-08-11,24250.00,CE,NIFTY2681124250CE,394.15,425.00,278.30,314.35,306.00,384.10,24614.90,314.35,199485,13390,5845,9338855080.75,3764,F1,65,,,,,
2026-08-04,2026-08-04,FO,NSE,IDO,41017,,NIFTY,,2026-08-11,2026-08-11,24650.00,CE,NIFTY2681124650CE,146.05,146.05,75.40,87.05,84.65,117.20,24614.90,87.05,2222285,1694355,206509,332232906421.00,113374,F1,65,,,,,
2026-08-04,2026-08-04,FO,NSE,IDO,41041,,NIFTY,,2026-08-11,2026-08-11,25100.00,CE,NIFTY2681125100CE,16.30,16.70,8.85,10.85,11.40,14.50,24614.90,10.85,4115020,2809690,210262,343197565269.00,97707,F1,65,,,,,
2026-08-04,2026-08-04,FO,NSE,IDO,41073,,NIFTY,,2026-08-11,2026-08-11,25850.00,CE,NIFTY2681125850CE,1.35,1.80,0.95,1.35,1.25,1.25,24614.90,1.35,288600,23465,13868,23302779045.00,4976,F1,65,,,,,
2026-08-04,2026-08-04,FO,NSE,IDO,41119,,NIFTY,,2026-08-11,2026-08-11,26700.00,CE,NIFTY2681126700CE,0.60,1.35,0.60,0.75,0.70,30.35,24614.90,0.75,9230,9230,310,538019755.00,202,F1,65,,,,,
2026-08-04,2026-08-04,FO,NSE,IDO,45003,,NIFTY,,2026-08-18,2026-08-18,22300.00,CE,NIFTY2681822300CE,0.00,0.00,0.00,1912.95,0.00,1912.95,24614.90,2367.07,0,0,0,0.00,0,F1,65,,,,,
2026-08-04,2026-08-04,FO,NSE,IDO,45043,,NIFTY,,2026-08-18,2026-08-18,23050.00,CE,NIFTY2681823050CE,0.00,0.00,0.00,1255.65,0.00,1255.65,24614.90,1624.14,0,0,0,0.00,0,F1,65,,,,,
2026-08-04,2026-08-04,FO,NSE,IDO,45056,,NIFTY,,2026-08-18,2026-08-18,23350.00,CE,NIFTY2681823350CE,0.00,0.00,0.00,994.20,994.20,994.20,24614.90,1334.67,520,0,0,0.00,0,F1,65,,,,,
2026-08-04,2026-08-04,FO,NSE,IDO,45058,,NIFTY,,2026-08-18,2026-08-18,23400.00,CE,NIFTY2681823400CE,0.00,0.00,0.00,986.80,0.00,986.80,24614.90,1287.39,0,0,0,0.00,0,F1,65,,,,,
2026-08-04,2026-08-04,FO,NSE,IDO,61978,,NIFTY,,2026-08-25,2026-08-25,25550.00,PE,NIFTY26AUG25550PE,0.00,0.00,0.00,1228.00,1228.00,1228.00,24614.90,959.15,5395,0,0,0.00,0,F1,65,,,,,
2026-08-04,2026-08-04,FO,NSE,IDO,61944,,NIFTY,,2026-08-25,2026-08-25,25300.00,PE,NIFTY26AUG25300PE,686.50,808.45,648.55,778.80,785.30,687.00,24614.90,778.80,37570,5135,263,444633345.00,195,F1,65,,,,,
2026-08-04,2026-08-04,FO,NSE,IDO,61798,,NIFTY,,2026-08-25,2026-08-25,24750.00,PE,NIFTY26AUG24750PE,296.20,400.40,271.90,351.55,350.40,298.50,24614.90,351.55,54730,23270,2092,3409816036.25,1446,F1,65,,,,,
2026-08-04,2026-08-04,FO,NSE,IDO,61417,,NIFTY,,2026-08-25,2026-08-25,22800.00,PE,NIFTY26AUG22800PE,12.70,14.50,10.90,12.05,13.10,12.65,24614.90,12.05,314795,-6955,5326,7897450775.50,4110,F1,65,,,,,
2026-08-04,2026-08-04,FO,NSE,IDO,61398,,NIFTY,,2026-08-25,2026-08-25,22500.00,PE,NIFTY26AUG22500PE,9.75,10.80,8.15,9.05,8.55,9.90,24614.90,9.05,1376050,-25870,13613,19917427370.75,8556,F1,65,,,,,
2026-08-04,2026-08-04,FO,NSE,IDO,61379,,NIFTY,,2026-08-25,2026-08-25,22350.00,PE,NIFTY26AUG22350PE,8.10,9.55,7.45,8.40,7.90,9.00,24614.90,8.40,18590,195,96,139514963.25,88,F1,65,,,,,
2026-08-04,2026-08-04,FO,NSE,IDO,45112,,NIFTY,,2026-08-18,2026-08-18,24550.00,CE,NIFTY2681824550CE,243.00,260.00,175.10,194.80,194.20,232.35,24614.90,194.80,103870,45110,3491,5617606458.75,2630,F1,65,,,,,
2026-08-04,2026-08-04,FO,NSE,IDO,45150,,NIFTY,,2026-08-18,2026-08-18,25050.00,CE,NIFTY2681825050CE,49.00,57.20,36.80,41.90,42.05,49.15,24614.90,41.90,29835,21190,1733,2826619552.25,1260,F1,65,,,,,
2026-08-04,2026-08-04,FO,NSE,IDO,45154,,NIFTY,,2026-08-18,2026-08-18,25150.00,CE,NIFTY2681825150CE,0.00,0.00,0.00,173.50,0.00,173.50,24614.90,141.63,0,0,0,0.00,0,F1,65,,,,,
2026-08-04,2026-08-04,FO,NSE,IDO,45212,,NIFTY,,2026-08-18,2026-08-18,26250.00,CE,NIFTY2681826250CE,1.70,2.25,1.70,2.00,1.95,34.70,24614.90,2.00,520,520,12,20476485.25,8,F1,65,,,,,
2026-08-04,2026-08-04,FO,NSE,IDO,45229,,NIFTY,,2026-08-18,2026-08-18,26450.00,CE,NIFTY2681826450CE,1.75,1.75,1.75,1.75,1.75,24.75,24614.90,5.21,520,520,9,15474273.75,2,F1,65,,,,,
2026-08-04,2026-08-04,FO,NSE,IDO,45245,,NIFTY,,2026-08-18,2026-08-18,26650.00,CE,NIFTY2681826650CE,1.60,1.60,1.40,1.40,1.40,17.40,24614.90,2.71,0,0,20,34646950.00,3,F1,65,,,,,
2026-08-04,2026-08-04,FO,NSE,IDO,45247,,NIFTY,,2026-08-18,2026-08-18,26700.00,CE,NIFTY2681826700CE,1.55,1.75,1.55,1.75,1.75,15.90,24614.90,2.29,780,780,12,20827235.00,2,F1,65,,,,,
2026-08-04,2026-08-04,FO,NSE,IDO,61389,,NIFTY,,2026-08-25,2026-08-25,22450.00,CE,NIFTY26AUG22450CE,0.00,0.00,0.00,1994.00,1994.00,1994.00,24614.90,2246.10,65,0,0,0.00,0,F1,65,,,,,
2026-08-04,2026-08-04,FO,NSE,IDO,61355,,NIFTY,,2026-08-25,2026-08-25,22050.00,PE,NIFTY26AUG22050PE,7.25,7.85,6.25,6.90,6.90,7.90,24614.90,6.90,8710,4355,98,140507087.50,20,F1,65,,,,,
2026-08-04,2026-08-04,FO,NSE,IDO,61176,,NIFTY,,2026-08-25,2026-08-25,21400.00,PE,NIFTY26AUG21400PE,5.75,18.00,4.90,5.30,5.00,5.75,24614.90,5.30,46930,-13845,1758,2446311559.25,485,F1,65,,,,,
2026-08-04,2026-08-04,FO,NSE,IDO,61172,,NIFTY,,2026-08-25,2026-08-25,21300.00,PE,NIFTY26AUG21300PE,5.30,6.80,4.35,4.85,4.35,6.00,24614.90,4.85,61360,2405,276,382222018.75,119,F1,65,,,,,
2026-08-04,2026-08-04,FO,NSE,IDO,45254,,NIFTY,,2026-08-18,2026-08-18,26850.00,PE,NIFTY2681826850PE,0.00,0.00,0.00,2655.25,0.00,2655.25,24614.90,2173.91,0,0,0,0.00,0,F1,65,,,,,
2026-08-04,2026-08-04,FO,NSE,IDO,45232,,NIFTY,,2026-08-18,2026-08-18,26500.00,PE,NIFTY2681826500PE,0.00,0.00,0.00,2317.85,0.00,2317.85,24614.90,1827.81,0,0,0,0.00,0,F1,65,,,,,
2026-08-04,2026-08-04,FO,NSE,IDO,45205,,NIFTY,,2026-08-18,2026-08-18,26050.00,PE,NIFTY2681826050PE,0.00,0.00,0.00,1895.70,0.00,1895.70,24614.90,1391.56,0,0,0,0.00,0,F1,65,,,,,
2026-08-04,2026-08-04,FO,NSE,IDO,61587,,NIFTY,,2026-08-25,2026-08-25,23950.00,CE,NIFTY26AUG23950CE,700.00,785.05,634.90,684.95,666.85,757.00,24614.90,684.95,31785,-3120,127,203702294.25,95,F1,65,,,,,
2026-08-04,2026-08-04,FO,NSE,IDO,61793,,NIFTY,,2026-08-25,2026-08-25,24700.00,CE,NIFTY26AUG24700CE,223.95,238.50,168.00,182.50,181.50,213.55,24614.90,182.50,1235390,-40885,35982,58227611380.25,25442,F1,65,,,,,
2026-08-04,2026-08-04,FO,NSE,IDO,61929,,NIFTY,,2026-08-25,2026-08-25,25200.00,CE,NIFTY26AUG25200CE,57.80,61.15,41.90,47.00,46.45,54.00,24614.90,47.00,1644955,104260,28285,46422532221.00,18610,F1,65,,,,,
2026-08-04,2026-08-04,FO,NSE,IDO,45147,,NIFTY,,2026-08-18,2026-08-18,24950.00,PE,NIFTY2681824950PE,376.65,513.55,365.75,469.90,469.90,386.30,24614.90,469.90,3445,3315,67,110400933.50,53,F1,65,,,,,
2026-08-04,2026-08-04,FO,NSE,IDO,45075,,NIFTY,,2026-08-18,2026-08-18,23700.00,PE,NIFTY2681823700PE,23.85,31.00,16.50,25.25,23.20,23.30,24614.90,25.25,270920,152035,8338,12857555789.00,4682,F1,65,,,,,
2026-08-04,2026-08-04,FO,NSE,IDO,45061,,NIFTY,,2026-08-18,2026-08-18,23450.00,PE,NIFTY2681823450PE,15.45,16.20,10.85,14.05,13.05,15.45,24614.90,14.05,16965,-130,256,390436969.00,132,F1,65,,,,,
2026-08-04,2026-08-04,FO,NSE,IDO,45016,,NIFTY,,2026-08-18,2026-08-18,22500.00,PE,NIFTY2681822500PE,5.85,7.00,4.00,5.35,5.10,6.20,24614.90,5.35,341510,212810,7669,11218655649.50,2620,F1,65,,,,,
2026-08-04,2026-08-04,FO,NSE,IDO,45012,,NIFTY,,2026-08-18,2026-08-18,22450.00,PE,NIFTY2681822450PE,4.00,6.20,3.70,5.25,5.65,6.35,24614.90,5.25,4550,520,72,105089897.25,24,F1,65,,,,,
2026-08-04,2026-08-04,FO,NSE,IDO,44998,,NIFTY,,2026-08-18,2026-08-18,22200.00,PE,NIFTY2681822200PE,4.00,6.00,3.60,4.15,3.90,5.00,24614.90,4.15,14235,780,200,288657125.25,132,F1,65,,,,,
2026-08-04,2026-08-04,FO,NSE,IDO,71504,,NIFTY,,2026-12-29,2026-12-29,25000.00,PE,NIFTY26DEC25000PE,614.65,674.90,585.00,637.95,645.00,619.55,24614.90,637.95,1980925,50825,4413,7351246838.00,2943,F1,65,,,,,
2026-08-04,2026-08-04,FO,NSE,IDO,55331,,NIFTY,,2026-12-29,2026-12-29,28500.00,PE,NIFTY26DEC28500PE,0.00,0.00,0.00,1948.15,0.00,1948.15,24614.90,3321.37,0,0,0,0.00,0,F1,65,,,,,
2026-08-04,2026-08-04,FO,NSE,IDO,80275,,NIFTY,,2027-03-30,2027-03-30,25500.00,PE,NIFTY27MAR25500PE,872.00,921.90,830.00,884.10,890.00,859.10,24614.90,884.10,101010,12870,541,927389411.00,426,F1,65,,,,,
2026-08-04,2026-08-04,FO,NSE,IDO,80310,,NIFTY,,2027-03-30,2027-03-30,30000.00,PE,NIFTY27MAR30000PE,4306.15,4306.15,4296.50,4301.35,4296.50,4501.00,24614.90,4301.35,455,130,2,4459172.25,2,F1,65,,,,,
2026-08-04,2026-08-04,FO,NSE,IDO,80312,,NIFTY,,2027-03-30,2027-03-30,31500.00,PE,NIFTY27MAR31500PE,0.00,0.00,0.00,7066.15,0.00,7066.15,24614.90,5670.06,0,0,0,0.00,0,F1,65,,,,,
2026-08-04,2026-08-04,FO,NSE,IDO,71561,,NIFTY,,2027-06-29,2027-06-29,24000.00,PE,NIFTY27JUN24000PE,485.35,486.00,465.10,480.00,480.00,480.00,24614.90,707.74,520,65,4,6364569.25,4,F1,65,,,,,
2026-08-04,2026-08-04,FO,NSE,IDO,55381,,NIFTY,,2027-06-29,2027-06-29,31500.00,PE,NIFTY27JUN31500PE,0.00,0.00,0.00,3604.70,0.00,3604.70,24614.90,5325.74,0,0,0,0.00,0,F1,65,,,,,
2026-08-04,2026-08-04,FO,NSE,IDO,53595,,NIFTY,,2027-12-28,2027-12-28,15000.00,PE,NIFTY27DEC15000PE,0.00,0.00,0.00,39.00,39.00,39.00,24614.90,1.62,625,0,0,0.00,0,F1,65,,,,,
2026-08-04,2026-08-04,FO,NSE,IDO,53617,,NIFTY,,2027-12-28,2027-12-28,22000.00,PE,NIFTY27DEC22000PE,336.50,341.20,330.00,339.00,339.00,337.95,24614.90,347.81,36355,455,28,40651377.00,26,F1,65,,,,,
2026-08-04,2026-08-04,FO,NSE,IDO,86146,,NIFTY,,2028-06-27,2028-06-27,21000.00,PE,NIFTY28JUN21000PE,0.00,0.00,0.00,907.20,0.00,907.20,24614.90,262.22,0,0,0,0.00,0,F1,65,,,,,
2026-08-04,2026-08-04,FO,NSE,IDO,67771,,NIFTY,,2028-12-26,2028-12-26,18000.00,PE,NIFTY28DEC18000PE,0.00,0.00,0.00,250.00,250.00,250.00,24614.90,70.16,75,0,0,0.00,0,F1,65,,,,,
2026-08-04,2026-08-04,FO,NSE,IDO,67785,,NIFTY,,2028-12-26,2028-12-26,25000.00,PE,NIFTY28DEC25000PE,0.00,0.00,0.00,1000.00,1000.00,1000.00,24614.90,1090.88,5815,0,0,0.00,0,F1,65,,,,,
2026-08-04,2026-08-04,FO,NSE,IDO,47199,,NIFTY,,2028-12-26,2028-12-26,33000.00,PE,NIFTY28DEC33000PE,0.00,0.00,0.00,3315.40,0.00,3315.40,24614.90,4874.48,0,0,0,0.00,0,F1,65,,,,,
2026-08-04,2026-08-04,FO,NSE,IDO,89625,,NIFTY,,2029-06-26,2029-06-26,21000.00,PE,NIFTY29JUN21000PE,0.00,0.00,0.00,320.25,0.00,320.25,24614.90,315.05,0,0,0,0.00,0,F1,65,,,,,
2026-08-04,2026-08-04,FO,NSE,IDO,55567,,NIFTY,,2029-06-26,2029-06-26,31500.00,PE,NIFTY29JUN31500PE,0.00,0.00,0.00,2443.35,0.00,2443.35,24614.90,3641.75,0,0,0,0.00,0,F1,65,,,,,
2026-08-04,2026-08-04,FO,NSE,IDO,55641,,NIFTY,,2030-06-25,2030-06-25,16500.00,PE,NIFTY30JUN16500PE,0.00,0.00,0.00,12.00,0.00,12.00,24614.90,52.21,0,0,0,0.00,0,F1,65,,,,,
2026-08-04,2026-08-04,FO,NSE,IDO,55643,,NIFTY,,2030-06-25,2030-06-25,19500.00,PE,NIFTY30JUN19500PE,0.00,0.00,0.00,64.95,0.00,64.95,24614.90,196.34,0,0,0,0.00,0,F1,65,,,,,
2026-08-04,2026-08-04,FO,NSE,IDO,60945,,NIFTY,,2030-06-25,2030-06-25,33000.00,PE,NIFTY30JUN33000PE,0.00,0.00,0.00,3143.90,0.00,3143.90,24614.90,3783.42,0,0,0,0.00,0,F1,65,,,,,
2026-08-04,2026-08-04,FO,NSE,IDO,55760,,NIFTY,,2030-12-31,2030-12-31,28500.00,CE,NIFTY30DEC28500CE,0.00,0.00,0.00,5968.30,0.00,5968.30,24614.90,5121.62,0,0,0,0.00,0,F1,65,,,,,
2026-08-04,2026-08-04,FO,NSE,IDO,40970,,NIFTY,,2026-08-11,2026-08-11,23500.00,PE,NIFTY2681123500PE,7.70,8.00,4.50,5.50,4.50,8.15,24614.90,5.50,4449250,2872675,180586,275911930287.50,66198,F1,65,,,,,
2026-08-04,2026-08-04,FO,NSE,IDO,40984,,NIFTY,,2026-08-11,2026-08-11,23800.00,PE,NIFTY2681123800PE,12.10,13.30,6.75,9.65,8.65,12.50,24614.90,9.65,3022955,1502605,164594,254728477484.00,68069,F1,65,,,,,
2026-08-04,2026-08-04,FO,NSE,IDO,40990,,NIFTY,,2026-08-11,2026-08-11,23950.00,PE,NIFTY2681123950PE,17.60,23.60,10.35,16.75,16.00,17.60,24614.90,16.75,472420,135980,50094,78033681131.25,28944,F1,65,,,,,
2026-08-04,2026-08-04,FO,NSE,IDO,41012,,NIFTY,,2026-08-11,2026-08-11,24500.00,PE,NIFTY2681124500PE,94.95,182.00,78.40,143.35,144.70,103.65,24614.90,143.35,3878420,1282775,534252,855441493211.50,306330,F1,65,,,,,
2026-08-04,2026-08-04,FO,NSE,IDO,41096,,NIFTY,,2026-08-11,2026-08-11,26200.00,PE,NIFTY2681126200PE,1600.00,1662.00,1585.00,1662.00,1662.00,1716.80,24614.90,1555.35,5200,5200,80,144583884.25,54,F1,65,,,,,
2026-08-04,2026-08-04,FO,NSE,IDO,41122,,NIFTY,,2026-08-11,2026-08-11,26750.00,PE,NIFTY2681126750PE,0.00,0.00,0.00,2224.45,0.00,2224.45,24614.90,2103.96,0,0,0,0.00,0,F1,65,,,,,
2026-08-04,2026-08-04,FO,NSE,IDO,41128,,NIFTY,,2026-08-11,2026-08-11,26900.00,PE,NIFTY2681126900PE,0.00,0.00,0.00,2367.30,0.00,2367.30,24614.90,2253.76,0,0,0,0.00,0,F1,65,,,,,
2026-08-04,2026-08-04,FO,NSE,IDO,41138,,NIFTY,,2026-08-11,2026-08-11,27050.00,PE,NIFTY2681127050PE,0.00,0.00,0.00,2511.40,0.00,2511.40,24614.90,2403.58,0,0,0,0.00,0,F1,65,,,,,
2026-08-04,2026-08-04,FO,NSE,IDO,44988,,NIFTY,,2026-08-18,2026-08-18,22050.00,PE,NIFTY2681822050PE,3.10,4.50,2.80,3.85,4.50,4.50,24614.90,3.85,5135,-65,77,110377647.25,28,F1,65,,,,,
2026-08-04,2026-08-04,FO,NSE,IDO,44990,,NIFTY,,2026-08-18,2026-08-18,22100.00,PE,NIFTY2681822100PE,3.45,4.40,3.30,4.00,4.00,4.85,24614.90,4.00,9620,4160,93,133618364.75,31,F1,65,,,,,
2026-08-04,2026-08-04,FO,NSE,IDO,45026,,NIFTY,,2026-08-18,2026-08-18,22750.00,PE,NIFTY2681822750PE,7.30,7.55,5.15,6.55,6.55,8.40,24614.90,6.55,9945,0,55,81355498.25,26,F1,65,,,,,
2026-08-04,2026-08-04,FO,NSE,IDO,45028,,NIFTY,,2026-08-18,2026-08-18,22800.00,PE,NIFTY2681822800PE,7.20,7.45,4.20,6.00,5.50,8.45,24614.90,6.00,57655,31005,1649,2444464473.75,932,F1,65,,,,,
2026-08-04,2026-08-04,FO,NSE,IDO,45032,,NIFTY,,2026-08-18,2026-08-18,22850.00,PE,NIFTY2681822850PE,6.20,9.80,5.75,7.10,7.05,8.45,24614.90,7.10,5590,-1690,182,270400926.25,76,F1,65,,,,,
2026-08-04,2026-08-04,FO,NSE,IDO,45066,,NIFTY,,2026-08-18,2026-08-18,23500.00,PE,NIFTY2681823500PE,16.30,19.45,11.75,15.55,14.80,16.85,24614.90,15.55,406900,143975,13858,21181769927.50,6697,F1,65,,,,,
2026-08-04,2026-08-04,FO,NSE,IDO,45068,,NIFTY,,2026-08-18,2026-08-18,23550.00,PE,NIFTY2681823550PE,15.50,20.20,12.85,17.55,15.95,17.95,24614.90,17.55,16835,780,224,343138594.50,136,F1,65,,,,,
2026-08-04,2026-08-04,FO,NSE,IDO,45072,,NIFTY,,2026-08-18,2026-08-18,23650.00,PE,NIFTY2681823650PE,18.20,25.55,15.70,22.70,21.10,21.10,24614.90,22.70,25935,7410,465,715475907.25,218,F1,65,,,,,
2026-08-04,2026-08-04,FO,NSE,IDO,45081,,NIFTY,,2026-08-18,2026-08-18,23850.00,PE,NIFTY2681823850PE,31.15,42.65,23.35,36.25,36.50,31.15,24614.90,36.25,34125,16770,1037,1609688375.75,575,F1,65,,,,,
2026-08-04,2026-08-04,FO,NSE,IDO,45111,,NIFTY,,2026-08-18,2026-08-18,24500.00,PE,NIFTY2681824500PE,147.20,230.15,128.05,188.40,191.00,153.30,24614.90,188.40,582530,215800,20966,33638167342.00,14790,F1,65,,,,,
2026-08-04,2026-08-04,FO,NSE,IDO,45163,,NIFTY,,2026-08-18,2026-08-18,25300.00,PE,NIFTY2681825300PE,731.00,810.00,731.00,810.00,810.00,710.00,24614.90,731.25,65,0,2,3389165.00,2,F1,65,,,,,
2026-08-04,2026-08-04,FO,NSE,IDO,45248,,NIFTY,,2026-08-18,2026-08-18,26700.00,PE,NIFTY2681826700PE,0.00,0.00,0.00,2509.90,0.00,2509.90,24614.90,2025.19,0,0,0,0.00,0,F1,65,,,,,
2026-08-04,2026-08-04,FO,NSE,IDO,45258,,NIFTY,,2026-08-18,2026-08-18,26900.00,PE,NIFTY2681826900PE,0.00,0.00,0.00,2703.85,0.00,2703.85,24614.90,2223.57,0,0,0,0.00,0,F1,65,,,,,
2026-08-04,2026-08-04,FO,NSE,IDO,45267,,NIFTY,,2026-08-18,2026-08-18,27100.00,PE,NIFTY2681827100PE,0.00,0.00,0.00,2899.20,0.00,2899.20,24614.90,2422.51,0,0,0,0.00,0,F1,65,,,,,
2026-08-04,2026-08-04,FO,NSE,IDO,61212,,NIFTY,,2026-08-25,2026-08-25,21500.00,PE,NIFTY26AUG21500PE,6.65,6.65,5.20,5.60,5.20,6.30,24614.90,5.60,870480,22815,4965,6940471684.25,1783,F1,65,,,,,
2026-08-04,2026-08-04,FO,NSE,IDO,61333,,NIFTY,,2026-08-25,2026-08-25,21550.00,PE,NIFTY26AUG21550PE,6.00,6.00,5.90,5.90,5.90,6.80,24614.90,0.08,5525,390,8,11209113.50,3,F1,65,,,,,
2026-08-04,2026-08-04,FO,NSE,IDO,61353,,NIFTY,,2026-08-25,2026-08-25,22000.00,PE,NIFTY26AUG22000PE,7.20,7.95,6.40,6.80,6.40,7.40,24614.90,6.80,1652820,36855,6354,9089152744.75,3190,F1,65,,,,,
2026-08-04,2026-08-04,FO,NSE,IDO,61396,,NIFTY,,2026-08-25,2026-08-25,22450.00,PE,NIFTY26AUG22450PE,9.80,10.60,8.15,8.85,8.50,9.80,24614.90,8.85,24895,-390,248,362048833.25,162,F1,65,,,,,
2026-08-04,2026-08-04,FO,NSE,IDO,61412,,NIFTY,,2026-08-25,2026-08-25,22750.00,PE,NIFTY26AUG22750PE,11.00,13.90,10.20,11.45,10.55,12.20,24614.90,11.45,39000,5005,1756,2598082139.25,1531,F1,65,,,,,
2026-08-04,2026-08-04,FO,NSE,IDO,61437,,NIFTY,,2026-08-25,2026-08-25,23100.00,PE,NIFTY26AUG23100PE,17.70,20.30,14.60,16.90,16.30,17.20,24614.90,16.90,199940,-65780,9991,15012443647.50,7521,F1,65,,,,,
2026-08-04,2026-08-04,FO,NSE,IDO,61454,,NIFTY,,2026-08-25,2026-08-25,23250.00,PE,NIFTY26AUG23250PE,19.90,24.65,17.60,20.95,19.70,20.70,24614.90,20.95,46800,-3900,4222,6386193313.50,3783,F1,65,,,,,
2026-08-04,2026-08-04,FO,NSE,IDO,61535,,NIFTY,,2026-08-25,2026-08-25,23800.00,PE,NIFTY26AUG23800PE,46.95,67.45,40.75,56.95,57.00,49.40,24614.90,56.95,1671865,60905,26813,41571057407.75,16957,F1,65,,,,,
2026-08-04,2026-08-04,FO,NSE,IDO,61984,,NIFTY,,2026-08-25,2026-08-25,25700.00,PE,NIFTY26AUG25700PE,0.00,0.00,0.00,1065.50,1048.00,1065.50,24614.90,1082.34,28600,0,0,0.00,0,F1,65,,,,,
2026-08-04,2026-08-04,FO,NSE,IDO,62118,,NIFTY,,2026-08-25,2026-08-25,26400.00,PE,NIFTY26AUG26400PE,0.00,0.00,0.00,2287.20,0.00,2287.20,24614.90,1714.07,0,0,0,0.00,0,F1,65,,,,,
2026-08-04,2026-08-04,FO,NSE,IDO,62237,,NIFTY,,2026-08-25,2026-08-25,27100.00,PE,NIFTY26AUG27100PE,0.00,0.00,0.00,2892.00,0.00,2892.00,24614.90,2394.27,0,0,0,0.00,0,F1,65,,,,,
2026-08-04,2026-08-04,FO,NSE,IDO,46984,,NIFTY,,2026-09-01,2026-09-01,23950.00,PE,NIFTY2690123950PE,0.00,0.00,0.00,369.60,0.00,369.60,24614.90,164.16,0,0,0,0.00,0,F1,65,,,,,
2026-08-04,2026-08-04,FO,NSE,IDO,47012,,NIFTY,,2026-09-01,2026-09-01,24650.00,PE,NIFTY2690124650PE,0.00,0.00,0.00,713.50,0.00,713.50,24614.90,417.25,0,0,0,0.00,0,F1,65,,,,,
2026-08-04,2026-08-04,FO,NSE,IDO,47024,,NIFTY,,2026-09-01,2026-09-01,24950.00,PE,NIFTY2690124950PE,0.00,0.00,0.00,902.35,0.00,902.35,24614.90,576.41,0,0,0,0.00,0,F1,65,,,,,
2026-08-04,2026-08-04,FO,NSE,IDO,47036,,NIFTY,,2026-09-01,2026-09-01,25250.00,PE,NIFTY2690125250PE,0.00,0.00,0.00,1113.75,0.00,1113.75,24614.90,765.63,0,0,0,0.00,0,F1,65,,,,,
2026-08-04,2026-08-04,FO,NSE,IDO,47042,,NIFTY,,2026-09-01,2026-09-01,25400.00,PE,NIFTY2690125400PE,0.00,0.00,0.00,1227.30,0.00,1227.30,24614.90,870.64,0,0,0,0.00,0,F1,65,,,,,
2026-08-04,2026-08-04,FO,NSE,IDO,47070,,NIFTY,,2026-09-01,2026-09-01,26100.00,PE,NIFTY2690126100PE,0.00,0.00,0.00,1810.35,0.00,1810.35,24614.90,1435.50,0,0,0,0.00,0,F1,65,,,,,
2026-08-04,2026-08-04,FO,NSE,IDO,47090,,NIFTY,,2026-09-01,2026-09-01,26600.00,PE,NIFTY2690126600PE,0.00,0.00,0.00,2266.30,0.00,2266.30,24614.90,1891.22,0,0,0,0.00,0,F1,65,,,,,
2026-08-04,2026-08-04,FO,NSE,IDO,73855,,NIFTY,,2026-09-29,2026-09-29,21850.00,PE,NIFTY26SEP21850PE,0.00,0.00,0.00,24.20,25.00,24.20,24614.90,14.20,1430,0,0,0.00,0,F1,65,,,,,
2026-08-04,2026-08-04,FO,NSE,IDO,73872,,NIFTY,,2026-09-29,2026-09-29,22150.00,PE,NIFTY26SEP22150PE,0.00,0.00,0.00,26.95,26.15,26.95,24614.90,24.35,20085,0,0,0.00,0,F1,65,,,,,
2026-08-04,2026-08-04,FO,NSE,IDO,73896,,NIFTY,,2026-09-29,2026-09-29,22800.00,PE,NIFTY26SEP22800PE,43.05,48.25,39.50,44.30,43.80,43.85,24614.90,44.30,175370,-390,832,1235348676.25,462,F1,65,,,,,
2026-08-04,2026-08-04,FO,NSE,IDO,73902,,NIFTY,,2026-09-29,2026-09-29,22950.00,PE,NIFTY26SEP22950PE,47.10,55.25,45.95,50.35,50.20,49.55,24614.90,50.35,22945,715,38,56808999.00,28,F1,65,,,,,
2026-08-04,2026-08-04,FO,NSE,IDO,74354,,NIFTY,,2026-09-29,2026-09-29,24700.00,PE,NIFTY26SEP24700PE,380.55,455.00,354.85,415.20,426.10,380.55,24614.90,415.20,120445,13780,1093,1783078222.25,807,F1,65,,,,,
2026-08-04,2026-08-04,FO,NSE,IDO,74421,,NIFTY,,2026-09-29,2026-09-29,25800.00,PE,NIFTY26SEP25800PE,1130.00,1130.00,1130.00,1130.00,1130.00,1075.00,24614.90,1221.78,715,0,1,1750450.00,1,F1,65,,,,,
2026-08-04,2026-08-04,FO,NSE,IDO,74488,,NIFTY,,2026-09-29,2026-09-29,26650.00,PE,NIFTY26SEP26650PE,0.00,0.00,0.00,2517.60,0.00,2517.60,24614.90,1893.44,0,0,0,0.00,0,F1,65,,,,,
2026-08-04,2026-08-04,FO,NSE,IDO,74494,,NIFTY,,2026-09-29,2026-09-29,26800.00,PE,NIFTY26SEP26800PE,0.00,0.00,0.00,2648.00,0.00,2648.00,24614.90,2022.72,0,0,0,0.00,0,F1,65,,,,,
2026-08-04,2026-08-04,FO,NSE,IDO,74504,,NIFTY,,2026-09-29,2026-09-29,27100.00,PE,NIFTY26SEP27100PE,0.00,0.00,0.00,2914.15,0.00,2914.15,24614.90,2288.61,0,0,0,0.00,0,F1,65,,,,,
2026-08-04,2026-08-04,FO,NSE,IDO,65924,,NIFTY,,2026-09-29,2026-09-29,30000.00,PE,NIFTY26SEP30000PE,5130.00,5275.00,5126.85,5235.00,5235.00,5155.00,24614.90,5084.89,144755,195,18,41142504.00,17,F1,65,,,,,
2026-08-04,2026-08-04,FO,NSE,IDO,51361,,NIFTY,,2026-10-27,2026-10-27,23200.00,PE,NIFTY26OCT23200PE,0.00,0.00,0.00,342.00,0.00,342.00,24614.90,184.24,0,0,0,0.00,0,F1,65,,,,,
2026-08-04,2026-08-04,FO,NSE,IDO,51381,,NIFTY,,2026-10-27,2026-10-27,23700.00,PE,NIFTY26OCT23700PE,158.45,185.10,148.20,171.95,169.80,158.15,24614.90,171.95,18200,6110,161,249750478.25,116,F1,65,,,,,
2026-08-04,2026-08-04,FO,NSE,IDO,51417,,NIFTY,,2026-10-27,2026-10-27,24450.00,PE,NIFTY26OCT24450PE,359.25,359.25,359.25,359.25,359.25,327.95,24614.90,359.25,130,65,1,1612601.25,1,F1,65,,,,,
2026-08-04,2026-08-04,FO,NSE,IDO,51483,,NIFTY,,2026-10-27,2026-10-27,25800.00,PE,NIFTY26OCT25800PE,1027.70,1027.70,1027.65,1027.65,1027.65,1025.85,24614.90,1264.26,325,-65,2,3487597.75,2,F1,65,,,,,
2026-08-04,2026-08-04,FO,NSE,IDO,51493,,NIFTY,,2026-10-27,2026-10-27,26050.00,PE,NIFTY26OCT26050PE,0.00,0.00,0.00,1920.65,0.00,1920.65,24614.90,1434.16,0,0,0,0.00,0,F1,65,,,,,
2026-08-04,2026-08-04,FO,NSE,IDO,55329,,NIFTY,,2026-12-29,2026-12-29,25500.00,PE,NIFTY26DEC25500PE,837.60,917.75,801.55,874.95,893.25,851.95,24614.90,874.95,289055,92885,2089,3575966553.25,1230,F1,65,,,,,
2026-08-04,2026-08-04,FO,NSE,IDO,80269,,NIFTY,,2027-03-30,2027-03-30,21000.00,PE,NIFTY27MAR21000PE,94.90,94.95,88.00,93.05,90.50,91.90,24614.90,93.05,343980,5590,485,664908809.50,277,F1,65,,,,,
2026-08-04,2026-08-04,FO,NSE,IDO,80306,,NIFTY,,2027-03-30,2027-03-30,28500.00,PE,NIFTY27MAR28500PE,0.00,0.00,0.00,4504.70,0.00,4504.70,24614.90,3137.79,0,0,0,0.00,0,F1,65,,,,,
2026-08-04,2026-08-04,FO,NSE,IDO,55371,,NIFTY,,2027-06-29,2027-06-29,16500.00,PE,NIFTY27JUN16500PE,21.80,21.80,21.80,21.80,21.80,24.15,24614.90,1.80,780,130,3,3221751.00,3,F1,65,,,,,
2026-08-04,2026-08-04,FO,NSE,IDO,55427,,NIFTY,,2027-12-28,2027-12-28,25500.00,PE,NIFTY27DEC25500PE,0.00,0.00,0.00,676.05,0.00,676.05,24614.90,1291.04,0,0,0,0.00,0,F1,65,,,,,
2026-08-04,2026-08-04,FO,NSE,IDO,55475,,NIFTY,,2028-06-27,2028-06-27,22500.00,PE,NIFTY28JUN22500PE,0.00,0.00,0.00,206.95,0.00,206.95,24614.90,486.69,0,0,0,0.00,0,F1,65,,,,,
2026-08-04,2026-08-04,FO,NSE,IDO,55481,,NIFTY,,2028-06-27,2028-06-27,31500.00,PE,NIFTY28JUN31500PE,0.00,0.00,0.00,2935.60,0.00,2935.60,24614.90,4330.84,0,0,0,0.00,0,F1,65,,,,,
2026-08-04,2026-08-04,FO,NSE,IDO,55519,,NIFTY,,2028-12-26,2028-12-26,19500.00,PE,NIFTY28DEC19500PE,0.00,0.00,0.00,49.00,0.00,49.00,24614.90,153.01,0,0,0,0.00,0,F1,65,,,,,
2026-08-04,2026-08-04,FO,NSE,IDO,55705,,NIFTY,,2030-12-31,2030-12-31,22500.00,PE,NIFTY30DEC22500PE,0.00,0.00,0.00,219.35,0.00,219.35,24614.90,510.76,0,0,0,0.00,0,F1,65,,,,,
2026-08-04,2026-08-04,FO,NSE,IDO,55761,,NIFTY,,2030-12-31,2030-12-31,28500.00,PE,NIFTY30DEC28500PE,0.00,0.00,0.00,1083.10,0.00,1083.10,24614.90,1827.09,0,0,0,0.00,0,F1,65,,,,,
2026-08-04,2026-08-04,FO,NSE,IDO,55765,,NIFTY,,2030-12-31,2030-12-31,31500.00,PE,NIFTY30DEC31500PE,0.00,0.00,0.00,1885.50,0.00,1885.50,24614.90,2871.69,0,0,0,0.00,0,F1,65,,,,,
2026-08-04,2026-08-04,FO,NSE,IDO,74648,,NIFTY,,2031-06-24,2031-06-24,22500.00,PE,NIFTY31JUN22500PE,0.00,0.00,0.00,663.60,0.00,663.60,24614.90,497.68,0,0,0,0.00,0,F1,65,,,,,
2026-08-04,2026-08-04,FO,NSE,IDO,74666,,NIFTY,,2031-06-24,2031-06-24,33000.00,PE,NIFTY31JUN33000PE,0.00,0.00,0.00,3810.15,0.00,3810.15,24614.90,3237.13,0,0,0,0.00,0,F1,65,,,,,
2026-08-04,2026-08-04,FO,NSE,IDO,66053,,NIFTY,,2026-08-04,2026-08-04,25900.00,PE,NIFTY2680425900PE,0.00,0.00,0.00,1600.00,1600.00,1600.00,24614.90,24614.90,0,0,0,0.00,0,F1,65,,,,,
2026-08-04,2026-08-04,FO,NSE,IDO,65921,,NIFTY,,2026-08-04,2026-08-04,25100.00,PE,NIFTY2680425100PE,500.00,654.50,463.90,551.20,484.50,528.20,24614.90,24614.90,38675,13845,3476,5793577936.25,2587,F1,65,,,,,
2026-08-04,2026-08-04,FO,NSE,IDO,65692,,NIFTY,,2026-08-04,2026-08-04,23950.00,PE,NIFTY2680423950PE,1.20,1.25,0.05,0.10,0.05,3.10,24614.90,24614.90,2236065,-955240,757207,1178805789755.75,162222,F1,65,,,,,
2026-08-04,2026-08-04,FO,NSE,IDO,65687,,NIFTY,,2026-08-04,2026-08-04,23850.00,PE,NIFTY2680423850PE,1.00,1.05,0.05,0.05,0.05,2.60,24614.90,24614.90,1730755,-553735,475027,736424005538.00,84878,F1,65,,,,,
2026-08-04,2026-08-04,FO,NSE,IDO,65161,,NIFTY,,2026-08-04,2026-08-04,21650.00,PE,NIFTY2680421650PE,0.40,0.50,0.05,0.05,0.05,0.50,24614.90,24614.90,297050,39065,5350,7528858340.25,1494,F1,65,,,,,
2026-08-04,2026-08-04,FO,NSE,IDO,74649,,NIFTY,,2031-06-24,2031-06-24,24000.00,CE,NIFTY31JUN24000CE,0.00,0.00,0.00,7181.90,0.00,7181.90,24614.90,7936.05,0,0,0,0.00,0,F1,65,,,,,
2026-08-04,2026-08-04,FO,NSE,IDO,55762,,NIFTY,,2030-12-31,2030-12-31,30000.00,CE,NIFTY30DEC30000CE,0.00,0.00,0.00,5227.20,0.00,5227.20,24614.90,4490.26,0,0,0,0.00,0,F1,65,,,,,
2026-08-04,2026-08-04,FO,NSE,IDO,55644,,NIFTY,,2030-06-25,2030-06-25,22500.00,CE,NIFTY30JUN22500CE,0.00,0.00,0.00,9012.40,0.00,9012.40,24614.90,7721.19,0,0,0,0.00,0,F1,65,,,,,
2026-08-04,2026-08-04,FO,NSE,IDO,55608,,NIFTY,,2029-12-24,2029-12-24,31500.00,CE,NIFTY29DEC31500CE,0.00,0.00,0.00,3429.30,0.00,3429.30,24614.90,2776.88,0,0,0,0.00,0,F1,65,,,,,
2026-08-04,2026-08-04,FO,NSE,IDO,89642,,NIFTY,,2029-06-26,2029-06-26,30000.00,CE,NIFTY29JUN30000CE,0.00,0.00,0.00,5268.40,0.00,5268.40,24614.90,2717.26,0,0,0,0.00,0,F1,65,,,,,
2026-08-04,2026-08-04,FO,NSE,IDO,55564,,NIFTY,,2029-06-26,2029-06-26,28500.00,CE,NIFTY29JUN28500CE,0.00,0.00,0.00,4213.30,0.00,4213.30,24614.90,3298.05,0,0,0,0.00,0,F1,65,,,,,
2026-08-04,2026-08-04,FO,NSE,IDO,86139,,NIFTY,,2028-06-27,2028-06-27,18000.00,CE,NIFTY28JUN18000CE,0.00,0.00,0.00,6809.35,0.00,6809.35,24614.90,8780.36,0,0,0,0.00,0,F1,65,,,,,
2026-08-04,2026-08-04,FO,NSE,IDO,55380,,NIFTY,,2027-06-29,2027-06-29,31500.00,CE,NIFTY27JUN31500CE,0.00,0.00,0.00,769.15,0.00,769.15,24614.90,254.58,0,0,0,0.00,0,F1,65,,,,,
2026-08-04,2026-08-04,FO,NSE,IDO,71549,,NIFTY,,2027-06-29,2027-06-29,19000.00,CE,NIFTY27JUN19000CE,0.00,0.00,0.00,7800.00,7800.00,7800.00,24614.90,6737.79,75,0,0,0.00,0,F1,65,,,,,
2026-08-04,2026-08-04,FO,NSE,IDO,37806,,NIFTY,,2026-12-29,2026-12-29,23000.00,CE,NIFTY26DEC23000CE,2271.45,2288.00,2152.00,2189.70,2163.10,2237.70,24614.90,2189.70,340095,-65,191,313027250.25,154,F1,65,,,,,
2026-08-04,2026-08-04,FO,NSE,IDO,51528,,NIFTY,,2026-10-27,2026-10-27,26950.00,CE,NIFTY26OCT26950CE,0.00,0.00,0.00,115.95,0.00,115.95,24614.90,193.36,0,0,0,0.00,0,F1,65,,,,,
2026-08-04,2026-08-04,FO,NSE,IDO,51522,,NIFTY,,2026-10-27,2026-10-27,26800.00,CE,NIFTY26OCT26800CE,0.00,0.00,0.00,132.40,0.00,132.40,24614.90,218.90,0,0,0,0.00,0,F1,65,,,,,
2026-08-04,2026-08-04,FO,NSE,IDO,51512,,NIFTY,,2026-10-27,2026-10-27,26550.00,CE,NIFTY26OCT26550CE,0.00,0.00,0.00,164.25,0.00,164.25,24614.90,267.56,0,0,0,0.00,0,F1,65,,,,,
2026-08-04,2026-08-04,FO,NSE,IDO,51496,,NIFTY,,2026-10-27,2026-10-27,26150.00,CE,NIFTY26OCT26150CE,0.00,0.00,0.00,228.35,0.00,228.35,24614.90,362.88,0,0,0,0.00,0,F1,65,,,,,
2026-08-04,2026-08-04,FO,NSE,IDO,51408,,NIFTY,,2026-10-27,2026-10-27,24350.00,CE,NIFTY26OCT24350CE,0.00,0.00,0.00,801.00,0.00,801.00,24614.90,1136.25,0,0,0,0.00,0,F1,65,,,,,
2026-08-04,2026-08-04,FO,NSE,IDO,51364,,NIFTY,,2026-10-27,2026-10-27,23300.00,CE,NIFTY26OCT23300CE,0.00,0.00,0.00,1407.30,0.00,1407.30,24614.90,1868.63,0,0,0,0.00,0,F1,65,,,,,
2026-08-04,2026-08-04,FO,NSE,IDO,51348,,NIFTY,,2026-10-27,2026-10-27,22900.00,CE,NIFTY26OCT22900CE,0.00,0.00,0.00,1691.95,0.00,1691.95,24614.90,2193.66,0,0,0,0.00,0,F1,65,,,,,
2026-08-04,2026-08-04,FO,NSE,IDO,74497,,NIFTY,,2026-09-29,2026-09-29,26900.00,CE,NIFTY26SEP26900CE,0.00,0.00,0.00,114.30,0.00,114.30,24614.90,95.43,0,0,0,0.00,0,F1,65,,,,,
2026-08-04,2026-08-04,FO,NSE,IDO,74489,,NIFTY,,2026-09-29,2026-09-29,26700.00,CE,NIFTY26SEP26700CE,0.00,0.00,0.00,136.15,0.00,136.15,24614.90,119.33,0,0,0,0.00,0,F1,65,,,,,
2026-08-04,2026-08-04,FO,NSE,IDO,74414,,NIFTY,,2026-09-29,2026-09-29,25650.00,CE,NIFTY26SEP25650CE,0.00,0.00,0.00,317.20,0.00,317.20,24614.90,339.07,0,0,0,0.00,0,F1,65,,,,,
2026-08-04,2026-08-04,FO,NSE,IDO,74359,,NIFTY,,2026-09-29,2026-09-29,24850.00,CE,NIFTY26SEP24850CE,380.10,389.60,319.40,332.30,326.55,368.85,24614.90,332.30,15600,715,84,137581541.50,67,F1,65,,,,,
2026-08-04,2026-08-04,FO,NSE,IDO,74064,,NIFTY,,2026-09-29,2026-09-29,24100.00,CE,NIFTY26SEP24100CE,874.40,875.80,758.00,784.50,767.30,853.05,24614.90,784.50,31070,390,114,184399367.75,92,F1,65,,,,,
2026-08-04,2026-08-04,FO,NSE,IDO,65900,,NIFTY,,2026-09-29,2026-09-29,24000.00,CE,NIFTY26SEP24000CE,934.00,959.15,825.00,863.10,849.50,924.95,24614.90,863.10,1397305,-34125,1988,3217688149.00,1477,F1,65,,,,,
2026-08-04,2026-08-04,FO,NSE,IDO,74056,,NIFTY,,2026-09-29,2026-09-29,23900.00,CE,NIFTY26SEP23900CE,1038.30,1040.85,910.70,943.55,944.70,1001.30,24614.90,943.55,24375,650,45,72776938.00,40,F1,65,,,,,
2026-08-04,2026-08-04,FO,NSE,IDO,47112,,NIFTY,,2026-09-01,2026-09-01,27050.00,CE,NIFTY2690127050CE,2.15,2.15,2.15,2.15,2.15,19.40,24614.90,12.34,325,325,5,8791948.75,1,F1,65,,,,,
2026-08-04,2026-08-04,FO,NSE,IDO,47106,,NIFTY,,2026-09-01,2026-09-01,26900.00,CE,NIFTY2690126900CE,2.60,2.65,2.60,2.65,2.65,24.70,24614.90,16.74,780,780,12,20984041.00,2,F1,65,,,,,
2026-08-04,2026-08-04,FO,NSE,IDO,47079,,NIFTY,,2026-09-01,2026-09-01,26350.00,CE,NIFTY2690126350CE,0.00,0.00,0.00,56.35,0.00,56.35,24614.90,46.99,0,0,0,0.00,0,F1,65,,,,,
2026-08-04,2026-08-04,FO,NSE,IDO,47053,,NIFTY,,2026-09-01,2026-09-01,25700.00,CE,NIFTY2690125700CE,23.50,24.35,18.65,21.90,20.25,57.05,24614.90,21.90,2860,2015,88,147125381.00,69,F1,65,,,,,
2026-08-04,2026-08-04,FO,NSE,IDO,47043,,NIFTY,,2026-09-01,2026-09-01,25450.00,CE,NIFTY2690125450CE,0.00,0.00,0.00,180.95,0.00,180.95,24614.90,190.41,0,0,0,0.00,0,F1,65,,,,,
2026-08-04,2026-08-04,FO,NSE,IDO,47039,,NIFTY,,2026-09-01,2026-09-01,25350.00,CE,NIFTY2690125350CE,0.00,0.00,0.00,203.15,0.00,203.15,24614.90,217.77,0,0,0,0.00,0,F1,65,,,,,
2026-08-04,2026-08-04,FO,NSE,IDO,46991,,NIFTY,,2026-09-01,2026-09-01,24150.00,CE,NIFTY2690124150CE,0.00,0.00,0.00,637.00,637.00,637.00,24614.90,797.46,130,0,0,0.00,0,F1,65,,,,,
2026-08-04,2026-08-04,FO,NSE,IDO,46963,,NIFTY,,2026-09-01,2026-09-01,23450.00,CE,NIFTY2690123450CE,0.00,0.00,0.00,1108.95,0.00,1108.95,24614.90,1344.49,0,0,0,0.00,0,F1,65,,,,,
2026-08-04,2026-08-04,FO,NSE,IDO,62197,,NIFTY,,2026-08-25,2026-08-25,26800.00,CE,NIFTY26AUG26800CE,2.10,2.85,1.70,2.00,1.75,137.30,24614.90,2.00,1885,1885,468,815326814.25,154,F1,65,,,,,
2026-08-04,2026-08-04,FO,NSE,IDO,62055,,NIFTY,,2026-08-25,2026-08-25,26200.00,CE,NIFTY26AUG26200CE,3.85,5.60,3.50,4.20,3.55,3.80,24614.90,4.20,75010,-23010,4385,7468905931.50,3241,F1,65,,,,,
2026-08-04,2026-08-04,FO,NSE,IDO,61973,,NIFTY,,2026-08-25,2026-08-25,25450.00,CE,NIFTY26AUG25450CE,26.30,27.70,19.20,22.00,21.35,24.35,24614.90,22.00,86060,14820,2835,4693987567.75,1844,F1,65,,,,,
2026-08-04,2026-08-04,FO,NSE,IDO,61426,,NIFTY,,2026-08-25,2026-08-25,22950.00,CE,NIFTY26AUG22950CE,0.00,0.00,0.00,1400.00,1400.00,1400.00,24614.90,1757.89,1300,0,0,0.00,0,F1,65,,,,,
2026-08-04,2026-08-04,FO,NSE,IDO,61346,,NIFTY,,2026-08-25,2026-08-25,21900.00,CE,NIFTY26AUG21900CE,2725.00,2725.00,2725.00,2725.00,2725.00,1940.00,24614.90,2791.75,455,390,6,9603750.00,3,F1,65,,,,,
2026-08-04,2026-08-04,FO,NSE,IDO,45198,,NIFTY,,2026-08-18,2026-08-18,25950.00,CE,NIFTY2681825950CE,3.40,3.40,2.30,2.65,2.75,3.55,24614.90,2.65,4095,2340,67,113024096.25,32,F1,65,,,,,
2026-08-04,2026-08-04,FO,NSE,IDO,45190,,NIFTY,,2026-08-18,2026-08-18,25750.00,CE,NIFTY2681825750CE,32.50,32.50,3.40,4.00,4.55,3.80,24614.90,4.00,10855,10660,365,611026406.25,192,F1,65,,,,,
2026-08-04,2026-08-04,FO,NSE,IDO,45172,,NIFTY,,2026-08-18,2026-08-18,25550.00,CE,NIFTY2681825550CE,9.80,10.00,5.90,6.55,7.05,8.35,24614.90,6.55,37765,23010,1359,2257580120.25,894,F1,65,,,,,
2026-08-04,2026-08-04,FO,NSE,IDO,45152,,NIFTY,,2026-08-18,2026-08-18,25100.00,CE,NIFTY2681825100CE,43.45,50.60,30.10,35.05,36.40,40.90,24614.90,35.05,262340,218270,24315,39731392239.50,14775,F1,65,,,,,
2026-08-04,2026-08-04,FO,NSE,IDO,45148,,NIFTY,,2026-08-18,2026-08-18,25000.00,CE,NIFTY2681825000CE,60.35,68.95,44.30,50.10,49.50,58.75,24614.90,50.10,1348295,888160,40255,65547036919.00,21687,F1,65,,,,,
2026-08-04,2026-08-04,FO,NSE,IDO,45144,,NIFTY,,2026-08-18,2026-08-18,24900.00,CE,NIFTY2681824900CE,85.00,96.95,61.15,69.10,66.20,85.30,24614.90,69.10,269620,170430,11660,18927427359.75,8978,F1,65,,,,,
2026-08-04,2026-08-04,FO,NSE,IDO,45086,,NIFTY,,2026-08-18,2026-08-18,24000.00,CE,NIFTY2681824000CE,664.70,693.25,537.35,578.30,568.65,660.55,24614.90,578.30,89310,11310,1384,2212908678.50,1071,F1,65,,,,,
2026-08-04,2026-08-04,FO,NSE,IDO,45082,,NIFTY,,2026-08-18,2026-08-18,23900.00,CE,NIFTY2681823900CE,750.00,774.00,631.50,668.95,668.95,759.25,24614.90,668.95,28730,455,26,41579908.50,22,F1,65,,,,,
2026-08-04,2026-08-04,FO,NSE,IDO,45060,,NIFTY,,2026-08-18,2026-08-18,23450.00,CE,NIFTY2681823450CE,0.00,0.00,0.00,951.00,0.00,951.00,24614.90,1240.47,0,0,0,0.00,0,F1,65,,,,,
2026-08-04,2026-08-04,FO,NSE,IDO,45029,,NIFTY,,2026-08-18,2026-08-18,22850.00,CE,NIFTY2681822850CE,0.00,0.00,0.00,1421.60,0.00,1421.60,24614.90,1820.73,0,0,0,0.00,0,F1,65,,,,,
2026-08-04,2026-08-04,FO,NSE,IDO,45005,,NIFTY,,2026-08-18,2026-08-18,22350.00,CE,NIFTY2681822350CE,0.00,0.00,0.00,1866.60,0.00,1866.60,24614.90,2317.25,0,0,0,0.00,0,F1,65,,,,,
2026-08-04,2026-08-04,FO,NSE,IDO,44999,,NIFTY,,2026-08-18,2026-08-18,22250.00,CE,NIFTY2681822250CE,0.00,0.00,0.00,1959.60,0.00,1959.60,24614.90,2416.90,0,0,0,0.00,0,F1,65,,,,,
2026-08-04,2026-08-04,FO,NSE,IDO,41139,,NIFTY,,2026-08-11,2026-08-11,27100.00,CE,NIFTY2681127100CE,0.85,2.80,0.50,0.75,0.85,15.15,24614.90,0.75,8905,8905,397,699336397.50,272,F1,65,,,,,
2026-08-04,2026-08-04,FO,NSE,IDO,41121,,NIFTY,,2026-08-11,2026-08-11,26750.00,CE,NIFTY2681126750CE,0.60,0.95,0.55,0.95,0.70,27.90,24614.90,0.95,975,975,27,46947520.75,14,F1,65,,,,,
2026-08-04,2026-08-04,FO,NSE,IDO,41113,,NIFTY,,2026-08-11,2026-08-11,26550.00,CE,NIFTY2681126550CE,0.90,0.90,0.65,0.80,0.80,38.85,24614.90,0.80,650,650,16,27612822.25,16,F1,65,,,,,
2026-08-04,2026-08-04,FO,NSE,IDO,41099,,NIFTY,,2026-08-11,2026-08-11,26300.00,CE,NIFTY2681126300CE,1.00,1.30,0.70,0.85,0.80,57.65,24614.90,0.85,33475,33475,1600,2735285224.75,621,F1,65,,,,,
2026-08-04,2026-08-04,FO,NSE,IDO,41083,,NIFTY,,2026-08-11,2026-08-11,26100.00,CE,NIFTY2681126100CE,1.05,1.25,0.85,1.00,0.90,0.90,24614.90,1.00,202475,86385,10701,18154912421.75,3488,F1,65,,,,,
2026-08-04,2026-08-04,FO,NSE,IDO,41081,,NIFTY,,2026-08-11,2026-08-11,26050.00,CE,NIFTY2681126050CE,1.00,1.25,0.85,1.00,0.90,1.00,24614.90,1.00,35880,15470,2013,3408637420.50,1107,F1,65,,,,,
2026-08-04,2026-08-04,FO,NSE,IDO,40983,,NIFTY,,2026-08-11,2026-08-11,23800.00,CE,NIFTY2681123800CE,825.00,850.00,673.65,712.70,704.85,797.85,24614.90,712.70,115570,22945,1170,1866511013.25,804,F1,65,,,,,
2026-08-04,2026-08-04,FO,NSE,IDO,40967,,NIFTY,,2026-08-11,2026-08-11,23450.00,CE,NIFTY2681123450CE,0.00,0.00,0.00,966.75,960.00,966.75,24614.90,1195.53,390,0,0,0.00,0,F1,65,,,,,
2026-08-04,2026-08-04,FO,NSE,IDO,40897,,NIFTY,,2026-08-11,2026-08-11,21850.00,CE,NIFTY2681121850CE,0.00,0.00,0.00,2680.75,0.00,2680.75,24614.90,2790.36,0,0,0,0.00,0,F1,65,,,,,
2026-08-04,2026-08-04,FO,NSE,IDO,40893,,NIFTY,,2026-08-11,2026-08-11,21800.00,CE,NIFTY2681121800CE,0.00,0.00,0.00,2729.80,0.00,2729.80,24614.90,2840.30,0,0,0,0.00,0,F1,65,,,,,
2026-08-04,2026-08-04,FO,NSE,IDO,66104,,NIFTY,,2026-08-04,2026-08-04,27150.00,CE,NIFTY2680427150CE,0.60,3.10,0.05,0.05,0.05,9.05,24614.90,24614.90,152880,152880,12330,21759697251.50,2111,F1,65,,,,,
2026-08-04,2026-08-04,FO,NSE,IDO,66068,,NIFTY,,2026-08-04,2026-08-04,26250.00,CE,NIFTY2680426250CE,0.50,0.50,0.05,0.05,0.05,38.75,24614.90,24614.90,14430,14430,881,1503218405.00,254,F1,65,,,,,
2026-08-04,2026-08-04,FO,NSE,IDO,65944,,NIFTY,,2026-08-04,2026-08-04,25550.00,CE,NIFTY2680425550CE,0.55,0.65,0.05,0.05,0.05,0.60,24614.90,24614.90,1512680,904670,132501,220054494920.00,26230,F1,65,,,,,
2026-08-04,2026-08-04,FO,NSE,IDO,65891,,NIFTY,,2026-08-04,2026-08-04,24750.00,CE,NIFTY2680424750CE,21.05,21.10,0.05,2.25,0.05,11.00,24614.90,24614.90,3884985,-2289170,6887196,11081397634381.75,1270237,F1,65,,,,,
2026-08-04,2026-08-04,FO,NSE,IDO,65858,,NIFTY,,2026-08-04,2026-08-04,24450.00,CE,NIFTY2680424450CE,175.00,198.60,35.75,84.00,164.85,144.45,24614.90,24614.90,3932890,2777645,8832896,14076063626157.00,3840183,F1,65,,,,,
2026-08-04,2026-08-04,FO,NSE,IDO,65852,,NIFTY,,2026-08-04,2026-08-04,24350.00,CE,NIFTY2680424350CE,294.60,301.00,98.95,172.25,264.35,234.80,24614.90,24614.90,543075,-285610,950822,1513795685291.50,523175,F1,65,,,,,
2026-08-04,2026-08-04,FO,NSE,IDO,65808,,NIFTY,,2026-08-04,2026-08-04,24300.00,CE,NIFTY2680424300CE,321.00,344.60,142.10,219.35,314.40,283.00,24614.90,24614.90,953615,-759720,568683,905640773748.75,297397,F1,65,,,,,
2026-08-04,2026-08-04,FO,NSE,IDO,65676,,NIFTY,,2026-08-04,2026-08-04,23600.00,CE,NIFTY2680423600CE,1093.65,1093.65,837.75,938.60,1013.70,974.90,24614.90,24614.90,66235,-20475,850,1356307377.75,593,F1,65,,,,,
2026-08-04,2026-08-04,FO,NSE,IDO,65529,,NIFTY,,2026-08-04,2026-08-04,23300.00,CE,NIFTY2680423300CE,1302.00,1330.00,1150.00,1208.45,1316.50,1271.80,24614.90,24614.90,25870,-4485,395,629486159.25,318,F1,65,,,,,
2026-08-04,2026-08-04,FO,NSE,IDO,65525,,NIFTY,,2026-08-04,2026-08-04,23200.00,CE,NIFTY2680423200CE,1430.00,1442.00,1169.00,1295.75,1318.65,1372.10,24614.90,24614.90,15600,-2665,69,109923554.00,51,F1,65,,,,,
2026-08-04,2026-08-04,FO,NSE,IDO,65451,,NIFTY,,2026-08-04,2026-08-04,22900.00,CE,NIFTY2680422900CE,1700.00,1700.00,1574.65,1589.50,1607.10,1677.00,24614.90,24614.90,22490,-130,12,19103958.25,9,F1,65,,,,,
2026-08-04,2026-08-04,FO,NSE,IDO,65429,,NIFTY,,2026-08-04,2026-08-04,22400.00,CE,NIFTY2680422400CE,0.00,0.00,0.00,1573.40,1573.40,1573.40,24614.90,24614.90,65,0,0,0.00,0,F1,65,,,,,
2026-08-04,2026-08-04,FO,NSE,IDO,40904,,NIFTY,,2026-08-11,2026-08-11,21900.00,PE,NIFTY2681121900PE,2.15,2.30,1.25,1.40,1.30,2.45,24614.90,1.40,75920,53950,1673,2381675955.75,805,F1,65,,,,,
2026-08-04,2026-08-04,FO,NSE,IDO,40916,,NIFTY,,2026-08-11,2026-08-11,22200.00,PE,NIFTY2681122200PE,2.85,3.00,1.20,1.60,1.30,2.85,24614.90,1.60,211055,8710,6318,9117651572.25,2641,F1,65,,,,,
2026-08-04,2026-08-04,FO,NSE,IDO,40925,,NIFTY,,2026-08-11,2026-08-11,22400.00,PE,NIFTY2681122400PE,2.55,3.25,1.45,1.70,1.50,3.10,24614.90,1.70,250120,-59605,16638,24227136141.00,8440,F1,65,,,,,
2026-08-04,2026-08-04,FO,NSE,IDO,40952,,NIFTY,,2026-08-11,2026-08-11,23050.00,PE,NIFTY2681123050PE,4.70,5.05,2.20,3.25,2.45,5.20,24614.90,3.25,70135,5525,7206,10797982640.25,3545,F1,65,,,,,
2026-08-04,2026-08-04,FO,NSE,IDO,40958,,NIFTY,,2026-08-11,2026-08-11,23200.00,PE,NIFTY2681123200PE,5.15,5.75,2.50,3.70,2.55,6.10,24614.90,3.70,2366455,631605,79822,120392774970.00,21920,F1,65,,,,,
2026-08-04,2026-08-04,FO,NSE,IDO,66052,,NIFTY,,2026-08-04,2026-08-04,25900.00,CE,NIFTY2680425900CE,0.50,0.75,0.05,0.05,0.05,0.50,24614.90,24614.90,395005,128570,76325,128494704718.25,19120,F1,65,,,,,
2026-08-04,2026-08-04,FO,NSE,IDO,66008,,NIFTY,,2026-08-04,2026-08-04,25800.00,CE,NIFTY2680425800CE,0.75,0.80,0.05,0.05,0.05,0.50,24614.90,24614.90,1870700,979485,169346,283997040879.50,44960,F1,65,,,,,
2026-08-04,2026-08-04,FO,NSE,IDO,66000,,NIFTY,,2026-08-04,2026-08-04,25700.00,CE,NIFTY2680425700CE,0.60,0.80,0.05,0.05,0.05,0.50,24614.90,24614.90,1917825,971555,252551,421891833132.25,43460,F1,65,,,,,
2026-08-04,2026-08-04,FO,NSE,IDO,65928,,NIFTY,,2026-08-04,2026-08-04,25250.00,CE,NIFTY2680425250CE,1.05,1.05,0.05,0.05,0.05,0.90,24614.90,24614.90,1334450,294190,439601,721508119195.50,82649,F1,65,,,,,
2026-08-04,2026-08-04,FO,NSE,IDO,65912,,NIFTY,,2026-08-04,2026-08-04,24900.00,CE,NIFTY2680424900CE,2.80,3.50,0.05,0.40,0.05,3.05,24614.90,24614.90,4383080,-1254370,2849898,4612734868300.00,462948,F1,65,,,,,
2026-08-04,2026-08-04,FO,NSE,IDO,65431,,NIFTY,,2026-08-04,2026-08-04,22450.00,CE,NIFTY2680422450CE,0.00,0.00,0.00,1874.65,1874.65,1874.65,24614.90,24614.90,65,0,0,0.00,0,F1,65,,,,,
2026-08-04,2026-08-04,FO,NSE,IDO,65218,,NIFTY,,2026-08-04,2026-08-04,21850.00,CE,NIFTY2680421850CE,0.00,0.00,0.00,2159.60,0.00,2159.60,24614.90,24614.90,0,0,0,0.00,0,F1,65,,,,,
2026-08-04,2026-08-04,FO,NSE,IDO,55703,,NIFTY,,2030-12-31,2030-12-31,21000.00,PE,NIFTY30DEC21000PE,0.00,0.00,0.00,455.05,455.05,455.05,24614.90,331.56,780,0,0,0.00,0,F1,65,,,,,
2026-08-04,2026-08-04,FO,NSE,IDO,55647,,NIFTY,,2030-06-25,2030-06-25,25500.00,PE,NIFTY30JUN25500PE,0.00,0.00,0.00,568.55,0.00,568.55,24614.90,1096.86,0,0,0,0.00,0,F1,65,,,,,
2026-08-04,2026-08-04,FO,NSE,IDO,60899,,NIFTY,,2030-06-25,2030-06-25,21000.00,PE,NIFTY30JUN21000PE,0.00,0.00,0.00,220.00,220.00,220.00,24614.90,331.40,65,0,0,0.00,0,F1,65,,,,,
2026-08-04,2026-08-04,FO,NSE,IDO,55609,,NIFTY,,2029-12-24,2029-12-24,31500.00,PE,NIFTY29DEC31500PE,0.00,0.00,0.00,2240.25,0.00,2240.25,24614.90,3361.09,0,0,0,0.00,0,F1,65,,,,,
2026-08-04,2026-08-04,FO,NSE,IDO,55605,,NIFTY,,2029-12-24,2029-12-24,25500.00,PE,NIFTY29DEC25500PE,0.00,0.00,0.00,597.30,0.00,597.30,24614.90,1148.50,0,0,0,0.00,0,F1,65,,,,,
2026-08-04,2026-08-04,FO,NSE,IDO,89631,,NIFTY,,2029-06-26,2029-06-26,24000.00,PE,NIFTY29JUN24000PE,0.00,0.00,0.00,825.00,825.00,825.00,24614.90,817.48,155,0,0,0.00,0,F1,65,,,,,
2026-08-04,2026-08-04,FO,NSE,IDO,55525,,NIFTY,,2028-12-26,2028-12-26,28500.00,PE,NIFTY28DEC28500PE,0.00,0.00,0.00,1451.15,0.00,1451.15,24614.90,2396.86,0,0,0,0.00,0,F1,65,,,,,
2026-08-04,2026-08-04,FO,NSE,IDO,67789,,NIFTY,,2028-12-26,2028-12-26,27000.00,PE,NIFTY28DEC27000PE,1600.00,1650.00,1580.00,1650.00,1650.00,1620.00,24614.90,1764.62,13035,0,8,14874249.00,8,F1,65,,,,,
2026-08-04,2026-08-04,FO,NSE,IDO,80267,,NIFTY,,2027-03-30,2027-03-30,19500.00,PE,NIFTY27MAR19500PE,62.00,62.95,59.00,60.75,61.50,60.45,24614.90,60.75,55900,-1170,72,91544144.25,58,F1,65,,,,,
2026-08-04,2026-08-04,FO,NSE,IDO,71506,,NIFTY,,2026-12-29,2026-12-29,26000.00,PE,NIFTY26DEC26000PE,1131.45,1220.00,1090.95,1171.90,1184.35,1141.95,24614.90,1171.90,1306155,8825,1139,2009575522.50,890,F1,65,,,,,
2026-08-04,2026-08-04,FO,NSE,IDO,58631,,NIFTY,,2026-12-29,2026-12-29,13000.00,PE,NIFTY26DEC13000PE,6.00,6.00,5.20,5.45,5.20,6.00,24614.90,5.45,10085,-260,13,10989602.00,2,F1,65,,,,,
2026-08-04,2026-08-04,FO,NSE,IDO,51497,,NIFTY,,2026-10-27,2026-10-27,26150.00,PE,NIFTY26OCT26150PE,0.00,0.00,0.00,2000.25,0.00,2000.25,24614.90,1504.97,0,0,0,0.00,0,F1,65,,,,,
2026-08-04,2026-08-04,FO,NSE,IDO,51487,,NIFTY,,2026-10-27,2026-10-27,25900.00,PE,NIFTY26OCT25900PE,0.00,0.00,0.00,1803.60,0.00,1803.60,24614.90,1330.97,0,0,0,0.00,0,F1,65,,,,,
2026-08-04,2026-08-04,FO,NSE,IDO,51481,,NIFTY,,2026-10-27,2026-10-27,25750.00,PE,NIFTY26OCT25750PE,0.00,0.00,0.00,1690.45,0.00,1690.45,24614.90,1231.55,0,0,0,0.00,0,F1,65,,,,,
2026-08-04,2026-08-04,FO,NSE,IDO,51347,,NIFTY,,2026-10-27,2026-10-27,22850.00,PE,NIFTY26OCT22850PE,0.00,0.00,0.00,250.85,0.00,250.85,24614.90,127.44,0,0,0,0.00,0,F1,65,,,,,
2026-08-04,2026-08-04,FO,NSE,IDO,51345,,NIFTY,,2026-10-27,2026-10-27,22800.00,PE,NIFTY26OCT22800PE,0.00,0.00,0.00,239.40,0.00,239.40,24614.90,120.59,0,0,0,0.00,0,F1,65,,,,,
2026-08-04,2026-08-04,FO,NSE,IDO,51339,,NIFTY,,2026-10-27,2026-10-27,22650.00,PE,NIFTY26OCT22650PE,59.80,61.70,59.30,61.70,61.70,207.45,24614.90,101.75,455,455,7,10333482.25,7,F1,65,,,,,
2026-08-04,2026-08-04,FO,NSE,IDO,51319,,NIFTY,,2026-10-27,2026-10-27,22250.00,PE,NIFTY26OCT22250PE,40.00,47.55,40.00,43.10,44.45,44.30,24614.90,43.10,36335,9945,222,321690853.25,126,F1,65,,,,,
2026-08-04,2026-08-04,FO,NSE,IDO,74508,,NIFTY,,2026-09-29,2026-09-29,27200.00,PE,NIFTY26SEP27200PE,0.00,0.00,0.00,3004.30,0.00,3004.30,24614.90,2379.13,0,0,0,0.00,0,F1,65,,,,,
2026-08-04,2026-08-04,FO,NSE,IDO,74472,,NIFTY,,2026-09-29,2026-09-29,26300.00,PE,NIFTY26SEP26300PE,0.00,0.00,0.00,2221.30,0.00,2221.30,24614.90,1603.17,0,0,0,0.00,0,F1,65,,,,,
2026-08-04,2026-08-04,FO,NSE,IDO,74419,,NIFTY,,2026-09-29,2026-09-29,25750.00,PE,NIFTY26SEP25750PE,0.00,0.00,0.00,1035.00,1035.00,1035.00,24614.90,1186.19,390,0,0,0.00,0,F1,65,,,,,
2026-08-04,2026-08-04,FO,NSE,IDO,74350,,NIFTY,,2026-09-29,2026-09-29,24600.00,PE,NIFTY26SEP24600PE,338.30,407.85,316.00,372.95,380.85,341.00,24614.90,372.95,166465,3510,1668,2706147125.50,1302,F1,65,,,,,
2026-08-04,2026-08-04,FO,NSE,IDO,74115,,NIFTY,,2026-09-29,2026-09-29,24400.00,PE,NIFTY26SEP24400PE,263.45,327.85,247.50,297.15,297.00,270.35,24614.90,297.15,150085,23205,1810,2904741115.25,1520,F1,65,,,,,
2026-08-04,2026-08-04,FO,NSE,IDO,74098,,NIFTY,,2026-09-29,2026-09-29,24250.00,PE,NIFTY26SEP24250PE,221.95,270.60,207.20,250.15,252.50,221.90,24614.90,250.15,28925,1625,515,819334002.50,376,F1,65,,,,,
2026-08-04,2026-08-04,FO,NSE,IDO,74065,,NIFTY,,2026-09-29,2026-09-29,24100.00,PE,NIFTY26SEP24100PE,183.05,229.00,170.05,205.10,207.75,187.75,24614.90,205.10,85865,-975,1193,1884099665.50,911,F1,65,,,,,
2026-08-04,2026-08-04,FO,NSE,IDO,74059,,NIFTY,,2026-09-29,2026-09-29,23950.00,PE,NIFTY26SEP23950PE,151.55,188.70,141.35,171.50,172.90,152.25,24614.90,171.50,11180,195,124,194361235.25,96,F1,65,,,,,
2026-08-04,2026-08-04,FO,NSE,IDO,74011,,NIFTY,,2026-09-29,2026-09-29,23750.00,PE,NIFTY26SEP23750PE,116.10,146.00,110.00,130.80,130.60,119.70,24614.90,130.80,32955,-1235,164,254534559.50,114,F1,65,,,,,
2026-08-04,2026-08-04,FO,NSE,IDO,74009,,NIFTY,,2026-09-29,2026-09-29,23700.00,PE,NIFTY26SEP23700PE,109.50,137.65,102.20,123.65,124.25,113.80,24614.90,123.65,128180,17615,1727,2673294269.75,1297,F1,65,,,,,
2026-08-04,2026-08-04,FO,NSE,IDO,73909,,NIFTY,,2026-09-29,2026-09-29,23150.00,PE,NIFTY26SEP23150PE,56.65,67.95,52.35,64.20,64.05,61.30,24614.90,64.20,17225,910,112,168983743.50,96,F1,65,,,,,
2026-08-04,2026-08-04,FO,NSE,IDO,73876,,NIFTY,,2026-09-29,2026-09-29,22250.00,PE,NIFTY26SEP22250PE,28.05,30.05,25.90,28.90,28.90,28.85,24614.90,28.87,11765,-585,34,49233362.75,30,F1,65,,,,,
2026-08-04,2026-08-04,FO,NSE,IDO,73874,,NIFTY,,2026-09-29,2026-09-29,22200.00,PE,NIFTY26SEP22200PE,27.50,29.50,25.05,27.80,28.30,28.45,24614.90,27.80,43550,1170,291,420415586.50,187,F1,65,,,,,
2026-08-04,2026-08-04,FO,NSE,IDO,73848,,NIFTY,,2026-09-29,2026-09-29,21700.00,PE,NIFTY26SEP21700PE,20.45,23.35,17.35,19.85,19.85,20.30,24614.90,19.85,14235,1235,61,86119572.50,33,F1,65,,,,,
2026-08-04,2026-08-04,FO,NSE,IDO,47111,,NIFTY,,2026-09-01,2026-09-01,27000.00,PE,NIFTY2690127000PE,0.00,0.00,0.00,2645.40,0.00,2645.40,24614.90,2273.14,0,0,0,0.00,0,F1,65,,,,,
2026-08-04,2026-08-04,FO,NSE,IDO,47099,,NIFTY,,2026-09-01,2026-09-01,26700.00,PE,NIFTY2690126700PE,0.00,0.00,0.00,2360.10,0.00,2360.10,24614.90,1985.61,0,0,0,0.00,0,F1,65,,,,,
2026-08-04,2026-08-04,FO,NSE,IDO,47078,,NIFTY,,2026-09-01,2026-09-01,26300.00,PE,NIFTY2690126300PE,0.00,0.00,0.00,1989.70,0.00,1989.70,24614.90,1613.99,0,0,0,0.00,0,F1,65,,,,,
2026-08-04,2026-08-04,FO,NSE,IDO,47048,,NIFTY,,2026-09-01,2026-09-01,25550.00,PE,NIFTY2690125550PE,0.00,0.00,0.00,1345.20,0.00,1345.20,24614.90,982.20,0,0,0,0.00,0,F1,65,,,,,
2026-08-04,2026-08-04,FO,NSE,IDO,47046,,NIFTY,,2026-09-01,2026-09-01,25500.00,PE,NIFTY2690125500PE,0.00,0.00,0.00,1305.40,0.00,1305.40,24614.90,945.31,0,0,0,0.00,0,F1,65,,,,,
2026-08-04,2026-08-04,FO,NSE,IDO,47030,,NIFTY,,2026-09-01,2026-09-01,25100.00,PE,NIFTY2690125100PE,0.00,0.00,0.00,1005.40,0.00,1005.40,24614.90,667.41,0,0,0,0.00,0,F1,65,,,,,
2026-08-04,2026-08-04,FO,NSE,IDO,47020,,NIFTY,,2026-09-01,2026-09-01,24850.00,PE,NIFTY2690124850PE,0.00,0.00,0.00,836.80,0.00,836.80,24614.90,519.91,0,0,0,0.00,0,F1,65,,,,,
2026-08-04,2026-08-04,FO,NSE,IDO,47002,,NIFTY,,2026-09-01,2026-09-01,24400.00,PE,NIFTY2690124400PE,195.25,253.45,169.55,218.15,220.50,190.50,24614.90,218.15,18460,9165,393,628634106.75,277,F1,65,,,,,
2026-08-04,2026-08-04,FO,NSE,IDO,46994,,NIFTY,,2026-09-01,2026-09-01,24200.00,PE,NIFTY2690124200PE,135.00,178.20,119.00,153.60,154.40,132.10,24614.90,153.60,31655,2405,271,428929104.50,176,F1,65,,,,,
2026-08-04,2026-08-04,FO,NSE,IDO,46948,,NIFTY,,2026-09-01,2026-09-01,23050.00,PE,NIFTY2690123050PE,0.00,0.00,0.00,24.10,24.10,24.10,24614.90,31.60,715,0,0,0.00,0,F1,65,,,,,
2026-08-04,2026-08-04,FO,NSE,IDO,46938,,NIFTY,,2026-09-01,2026-09-01,22800.00,PE,NIFTY2690122800PE,27.90,27.90,15.25,18.10,18.10,17.95,24614.90,17.99,2145,-260,17,25215251.75,7,F1,65,,,,,
2026-08-04,2026-08-04,FO,NSE,IDO,62221,,NIFTY,,2026-08-25,2026-08-25,26850.00,PE,NIFTY26AUG26850PE,0.00,0.00,0.00,2671.25,0.00,2671.25,24614.90,2148.61,0,0,0,0.00,0,F1,65,,,,,
2026-08-04,2026-08-04,FO,NSE,IDO,62000,,NIFTY,,2026-08-25,2026-08-25,25800.00,PE,NIFTY26AUG25800PE,1156.40,1281.05,1115.00,1231.65,1223.30,1156.40,24614.90,1231.65,12025,1950,88,154191277.50,72,F1,65,,,,,
2026-08-04,2026-08-04,FO,NSE,IDO,61922,,NIFTY,,2026-08-25,2026-08-25,25150.00,PE,NIFTY26AUG25150PE,583.60,678.75,555.00,678.25,678.25,575.30,24614.90,661.89,1170,260,11,18423551.25,10,F1,65,,,,,
2026-08-04,2026-08-04,FO,NSE,IDO,61774,,NIFTY,,2026-08-25,2026-08-25,24550.00,PE,NIFTY26AUG24550PE,210.00,290.65,183.00,248.70,249.60,209.00,24614.90,248.70,101010,-15080,8217,13236215872.75,5988,F1,65,,,,,
2026-08-04,2026-08-04,FO,NSE,IDO,61646,,NIFTY,,2026-08-25,2026-08-25,24150.00,PE,NIFTY26AUG24150PE,90.05,137.55,80.75,113.45,113.60,95.00,24614.90,113.45,281775,2535,2550,4020040066.25,1841,F1,65,,,,,
2026-08-04,2026-08-04,FO,NSE,IDO,61529,,NIFTY,,2026-08-25,2026-08-25,23650.00,PE,NIFTY26AUG23650PE,40.00,50.05,30.15,41.65,41.90,37.40,24614.90,41.65,70785,4290,1474,2269591909.00,946,F1,65,,,,,
2026-08-04,2026-08-04,FO,NSE,IDO,61429,,NIFTY,,2026-08-25,2026-08-25,23000.00,PE,NIFTY26AUG23000PE,14.20,18.15,13.20,14.95,14.35,15.65,24614.90,14.95,3189875,99515,28547,42706122351.75,17098,F1,65,,,,,
2026-08-04,2026-08-04,FO,NSE,IDO,61351,,NIFTY,,2026-08-25,2026-08-25,21950.00,PE,NIFTY26AUG21950PE,6.85,7.45,6.45,7.05,7.05,7.20,24614.90,7.05,3380,65,21,29971136.00,14,F1,65,,,,,
2026-08-04,2026-08-04,FO,NSE,IDO,45250,,NIFTY,,2026-08-18,2026-08-18,26750.00,PE,NIFTY2681826750PE,0.00,0.00,0.00,2558.25,0.00,2558.25,24614.90,2074.71,0,0,0,0.00,0,F1,65,,,,,
2026-08-04,2026-08-04,FO,NSE,IDO,45185,,NIFTY,,2026-08-18,2026-08-18,25650.00,PE,NIFTY2681825650PE,0.00,0.00,0.00,1538.00,0.00,1538.00,24614.90,1023.55,0,0,0,0.00,0,F1,65,,,,,
2026-08-04,2026-08-04,FO,NSE,IDO,45171,,NIFTY,,2026-08-18,2026-08-18,25500.00,PE,NIFTY2681825500PE,0.00,0.00,0.00,1409.70,0.00,1409.70,24614.90,893.97,0,0,0,0.00,0,F1,65,,,,,
2026-08-04,2026-08-04,FO,NSE,IDO,45143,,NIFTY,,2026-08-18,2026-08-18,24850.00,PE,NIFTY2681824850PE,327.70,440.00,302.00,401.75,395.50,331.85,24614.90,401.75,910,585,62,101552915.75,61,F1,65,,,,,
2026-08-04,2026-08-04,FO,NSE,IDO,45018,,NIFTY,,2026-08-18,2026-08-18,22550.00,PE,NIFTY2681822550PE,6.35,6.60,5.00,5.65,6.05,6.55,24614.90,5.65,2015,-65,67,98230076.75,25,F1,65,,,,,
2026-08-04,2026-08-04,FO,NSE,IDO,41132,,NIFTY,,2026-08-11,2026-08-11,27000.00,PE,NIFTY2681127000PE,2405.00,2501.00,2405.00,2501.00,2501.00,2463.20,24614.90,2353.64,1690,1690,26,49777273.00,25,F1,65,,,,,
2026-08-04,2026-08-04,FO,NSE,IDO,41100,,NIFTY,,2026-08-11,2026-08-11,26300.00,PE,NIFTY2681126300PE,0.00,0.00,0.00,1806.80,0.00,1806.80,24614.90,1654.91,0,0,0,0.00,0,F1,65,,,,,
2026-08-04,2026-08-04,FO,NSE,IDO,41040,,NIFTY,,2026-08-11,2026-08-11,25050.00,PE,NIFTY2681125050PE,440.05,579.30,421.75,555.75,565.25,469.40,24614.90,555.75,3120,1170,276,458837850.25,169,F1,65,,,,,
2026-08-04,2026-08-04,FO,NSE,IDO,41028,,NIFTY,,2026-08-11,2026-08-11,24800.00,PE,NIFTY2681124800PE,283.00,386.70,225.00,336.95,340.00,263.75,24614.90,336.95,419250,143780,38309,62469595022.25,25182,F1,65,,,,,
2026-08-04,2026-08-04,FO,NSE,IDO,40964,,NIFTY,,2026-08-11,2026-08-11,23350.00,PE,NIFTY2681123350PE,6.60,6.60,3.10,4.55,3.25,6.95,24614.90,4.55,225485,25155,12630,19173026486.25,6482,F1,65,,,,,
2026-08-04,2026-08-04,FO,NSE,IDO,40936,,NIFTY,,2026-08-11,2026-08-11,22650.00,PE,NIFTY2681122650PE,3.65,3.75,1.70,2.15,2.20,3.70,24614.90,2.15,50505,18720,2436,3586746686.25,930,F1,65,,,,,
2026-08-04,2026-08-04,FO,NSE,IDO,66097,,NIFTY,,2026-08-04,2026-08-04,26950.00,PE,NIFTY2680426950PE,0.00,0.00,0.00,2947.35,0.00,2947.35,24614.90,24614.90,0,0,0,0.00,0,F1,65,,,,,
2026-08-04,2026-08-04,FO,NSE,IDO,66077,,NIFTY,,2026-08-04,2026-08-04,26450.00,PE,NIFTY2680426450PE,0.00,0.00,0.00,2466.75,0.00,2466.75,24614.90,24614.90,0,0,0,0.00,0,F1,65,,,,,
2026-08-04,2026-08-04,FO,NSE,IDO,66075,,NIFTY,,2026-08-04,2026-08-04,26400.00,PE,NIFTY2680426400PE,0.00,0.00,0.00,2419.40,0.00,2419.40,24614.90,24614.90,0,0,0,0.00,0,F1,65,,,,,
2026-08-04,2026-08-04,FO,NSE,IDO,65933,,NIFTY,,2026-08-04,2026-08-04,25300.00,PE,NIFTY2680425300PE,685.85,859.00,667.25,739.00,684.25,724.75,24614.90,24614.90,18135,6760,633,1071558793.50,507,F1,65,,,,,
2026-08-04,2026-08-04,FO,NSE,IDO,65892,,NIFTY,,2026-08-04,2026-08-04,24750.00,PE,NIFTY2680424750PE,128.60,317.30,119.70,199.80,134.15,180.45,24614.90,24614.90,231400,-232375,814983,1320215110786.00,498194,F1,65,,,,,
2026-08-04,2026-08-04,FO,NSE,IDO,65434,,NIFTY,,2026-08-04,2026-08-04,22500.00,PE,NIFTY2680422500PE,0.35,0.50,0.05,0.10,0.05,0.70,24614.90,24614.90,1071070,-1733420,91916,134428688930.25,12794,F1,65,,,,,
2026-08-04,2026-08-04,FO,NSE,IDO,65416,,NIFTY,,2026-08-04,2026-08-04,22150.00,PE,NIFTY2680422150PE,0.45,0.80,0.05,0.05,0.05,0.55,24614.90,24614.90,96395,-10140,3251,4680684755.50,786,F1,65,,,,,
2026-08-04,2026-08-04,FO,NSE,IDO,74655,,NIFTY,,2031-06-24,2031-06-24,28500.00,CE,NIFTY31JUN28500CE,0.00,0.00,0.00,5048.95,0.00,5048.95,24614.90,5671.51,0,0,0,0.00,0,F1,65,,,,,
2026-08-04,2026-08-04,FO,NSE,IDO,55642,,NIFTY,,2030-06-25,2030-06-25,19500.00,CE,NIFTY30JUN19500CE,0.00,0.00,0.00,11140.25,0.00,11140.25,24614.90,9718.02,0,0,0,0.00,0,F1,65,,,,,
2026-08-04,2026-08-04,FO,NSE,IDO,55640,,NIFTY,,2030-06-25,2030-06-25,16500.00,CE,NIFTY30JUN16500CE,0.00,0.00,0.00,13374.05,0.00,13374.05,24614.90,11895.93,0,0,0,0.00,0,F1,65,,,,,
2026-08-04,2026-08-04,FO,NSE,IDO,55602,,NIFTY,,2029-12-24,2029-12-24,22500.00,CE,NIFTY29DEC22500CE,0.00,0.00,0.00,8486.15,0.00,8486.15,24614.90,7142.59,0,0,0,0.00,0,F1,65,,,,,
2026-08-04,2026-08-04,FO,NSE,IDO,67776,,NIFTY,,2028-12-26,2028-12-26,21000.00,CE,NIFTY28DEC21000CE,0.00,0.00,0.00,7512.50,0.00,7512.50,24614.90,6974.18,0,0,0,0.00,0,F1,65,,,,,
2026-08-04,2026-08-04,FO,NSE,IDO,55480,,NIFTY,,2028-06-27,2028-06-27,31500.00,CE,NIFTY28JUN31500CE,0.00,0.00,0.00,1784.80,0.00,1784.80,24614.90,1145.14,0,0,0,0.00,0,F1,65,,,,,
2026-08-04,2026-08-04,FO,NSE,IDO,55476,,NIFTY,,2028-06-27,2028-06-27,25500.00,CE,NIFTY28JUN25500CE,0.00,0.00,0.00,4676.60,0.00,4676.60,24614.90,3384.43,0,0,0,0.00,0,F1,65,,,,,
2026-08-04,2026-08-04,FO,NSE,IDO,55428,,NIFTY,,2027-12-28,2027-12-28,28500.00,CE,NIFTY27DEC28500CE,750.00,750.00,745.00,750.00,750.00,741.00,24614.90,750.00,11115,260,5,9505925.00,5,F1,65,,,,,
2026-08-04,2026-08-04,FO,NSE,IDO,55426,,NIFTY,,2027-12-28,2027-12-28,25500.00,CE,NIFTY27DEC25500CE,0.00,0.00,0.00,2400.00,2400.00,2400.00,24614.90,2650.04,0,0,0,0.00,0,F1,65,,,,,
2026-08-04,2026-08-04,FO,NSE,IDO,55424,,NIFTY,,2027-12-28,2027-12-28,22500.00,CE,NIFTY27DEC22500CE,0.00,0.00,0.00,6183.00,0.00,6183.00,24614.90,4530.15,0,0,0,0.00,0,F1,65,,,,,
2026-08-04,2026-08-04,FO,NSE,IDO,50981,,NIFTY,,2027-06-29,2027-06-29,27000.00,CE,NIFTY27JUN27000CE,0.00,0.00,0.00,695.95,695.95,695.95,24614.90,1209.10,195,0,0,0.00,0,F1,65,,,,,
2026-08-04,2026-08-04,FO,NSE,IDO,71560,,NIFTY,,2027-06-29,2027-06-29,24000.00,CE,NIFTY27JUN24000CE,2334.35,2334.35,2334.35,2334.35,2334.35,2377.35,24614.90,2704.69,990,0,1,1711732.75,1,F1,65,,,,,
2026-08-04,2026-08-04,FO,NSE,IDO,71553,,NIFTY,,2027-06-29,2027-06-29,21000.00,CE,NIFTY27JUN21000CE,0.00,0.00,0.00,3061.80,0.00,3061.80,24614.90,4962.68,0,0,0,0.00,0,F1,65,,,,,
2026-08-04,2026-08-04,FO,NSE,IDO,80192,,NIFTY,,2027-03-30,2027-03-30,18000.00,CE,NIFTY27MAR18000CE,0.00,0.00,0.00,5643.55,0.00,5643.55,24614.90,7374.64,0,0,0,0.00,0,F1,65,,,,,
2026-08-04,2026-08-04,FO,NSE,IDO,58646,,NIFTY,,2026-12-29,2026-12-29,21000.00,CE,NIFTY26DEC21000CE,4070.00,4082.85,3969.95,4012.95,4000.65,4058.80,24614.90,4012.95,191205,-65,37,60129761.25,36,F1,65,,,,,
2026-08-04,2026-08-04,FO,NSE,IDO,51520,,NIFTY,,2026-10-27,2026-10-27,26750.00,CE,NIFTY26OCT26750CE,0.00,0.00,0.00,138.30,0.00,138.30,24614.90,228.00,0,0,0,0.00,0,F1,65,,,,,
2026-08-04,2026-08-04,FO,NSE,IDO,51514,,NIFTY,,2026-10-27,2026-10-27,26600.00,CE,NIFTY26OCT26600CE,0.00,0.00,0.00,157.40,0.00,157.40,24614.90,257.18,0,0,0,0.00,0,F1,65,,,,,
2026-08-04,2026-08-04,FO,NSE,IDO,51490,,NIFTY,,2026-10-27,2026-10-27,26000.00,CE,NIFTY26OCT26000CE,127.65,137.15,111.85,116.55,114.95,126.05,24614.90,116.55,223405,27300,3464,5881959664.75,2138,F1,65,,,,,
2026-08-04,2026-08-04,FO,NSE,IDO,51458,,NIFTY,,2026-10-27,2026-10-27,25450.00,CE,NIFTY26OCT25450CE,0.00,0.00,0.00,388.60,0.00,388.60,24614.90,591.97,0,0,0,0.00,0,F1,65,,,,,
2026-08-04,2026-08-04,FO,NSE,IDO,51418,,NIFTY,,2026-10-27,2026-10-27,24500.00,CE,NIFTY26OCT24500CE,750.00,774.00,666.25,692.95,691.80,743.50,24614.90,692.95,99840,12805,709,1161861639.25,566,F1,65,,,,,
2026-08-04,2026-08-04,FO,NSE,IDO,51402,,NIFTY,,2026-10-27,2026-10-27,24200.00,CE,NIFTY26OCT24200CE,0.00,0.00,0.00,946.00,946.00,946.00,24614.90,1228.69,130,0,0,0.00,0,F1,65,,,,,
2026-08-04,2026-08-04,FO,NSE,IDO,51388,,NIFTY,,2026-10-27,2026-10-27,23900.00,CE,NIFTY26OCT23900CE,0.00,0.00,0.00,1154.35,1154.35,1154.35,24614.90,1426.21,65,0,0,0.00,0,F1,65,,,,,
2026-08-04,2026-08-04,FO,NSE,IDO,51350,,NIFTY,,2026-10-27,2026-10-27,22950.00,CE,NIFTY26OCT22950CE,0.00,0.00,0.00,1654.95,0.00,1654.95,24614.90,2151.87,0,0,0,0.00,0,F1,65,,,,,
2026-08-04,2026-08-04,FO,NSE,IDO,51324,,NIFTY,,2026-10-27,2026-10-27,22350.00,CE,NIFTY26OCT22350CE,0.00,0.00,0.00,2124.25,0.00,2124.25,24614.90,2671.89,0,0,0,0.00,0,F1,65,,,,,
2026-08-04,2026-08-04,FO,NSE,IDO,74477,,NIFTY,,2026-09-29,2026-09-29,26400.00,CE,NIFTY26SEP26400CE,0.00,0.00,0.00,175.40,0.00,175.40,24614.90,164.42,0,0,0,0.00,0,F1,65,,,,,
2026-08-04,2026-08-04,FO,NSE,IDO,74361,,NIFTY,,2026-09-29,2026-09-29,24900.00,CE,NIFTY26SEP24900CE,348.05,368.00,295.85,310.30,308.00,345.35,24614.90,310.30,115180,10270,914,1498704460.50,767,F1,65,,,,,
2026-08-04,2026-08-04,FO,NSE,IDO,74357,,NIFTY,,2026-09-29,2026-09-29,24800.00,CE,NIFTY26SEP24800CE,404.90,419.50,343.65,358.35,361.15,396.45,24614.90,358.35,223340,24050,1828,2991600855.75,1436,F1,65,,,,,
2026-08-04,2026-08-04,FO,NSE,IDO,74353,,NIFTY,,2026-09-29,2026-09-29,24700.00,CE,NIFTY26SEP24700CE,448.10,475.40,390.90,410.60,405.50,448.10,24614.90,410.60,130650,23400,987,1611977246.75,842,F1,65,,,,,
2026-08-04,2026-08-04,FO,NSE,IDO,74114,,NIFTY,,2026-09-29,2026-09-29,24400.00,CE,NIFTY26SEP24400CE,634.25,668.70,558.00,586.30,580.35,634.05,24614.90,586.30,103870,4355,580,942473041.25,503,F1,65,,,,,
2026-08-04,2026-08-04,FO,NSE,IDO,73869,,NIFTY,,2026-09-29,2026-09-29,22100.00,CE,NIFTY26SEP22100CE,0.00,0.00,0.00,2242.10,0.00,2242.10,24614.90,2759.20,0,0,0,0.00,0,F1,65,,,,,
2026-08-04,2026-08-04,FO,NSE,IDO,73852,,NIFTY,,2026-09-29,2026-09-29,21800.00,CE,NIFTY26SEP21800CE,0.00,0.00,0.00,2498.75,0.00,2498.75,24614.90,3046.80,0,0,0,0.00,0,F1,65,,,,,
2026-08-04,2026-08-04,FO,NSE,IDO,73849,,NIFTY,,2026-09-29,2026-09-29,21750.00,CE,NIFTY26SEP21750CE,0.00,0.00,0.00,2542.45,0.00,2542.45,24614.90,3095.12,0,0,0,0.00,0,F1,65,,,,,
2026-08-04,2026-08-04,FO,NSE,IDO,55282,,NIFTY,,2026-09-29,2026-09-29,19500.00,CE,NIFTY26SEP19500CE,5255.00,5255.00,5163.00,5163.00,5163.00,5201.10,24614.90,5310.81,141960,0,20,32104536.75,14,F1,65,,,,,
2026-08-04,2026-08-04,FO,NSE,IDO,47104,,NIFTY,,2026-09-01,2026-09-01,26850.00,CE,NIFTY2690126850CE,2.80,2.80,2.80,2.80,2.80,26.70,24614.90,18.49,715,715,11,19199752.00,1,F1,65,,,,,
2026-08-04,2026-08-04,FO,NSE,IDO,47102,,NIFTY,,2026-09-01,2026-09-01,26800.00,CE,NIFTY2690126800CE,2.55,6.45,2.55,5.00,3.50,28.85,24614.90,5.00,910,910,28,48782987.50,10,F1,65,,,,,
2026-08-04,2026-08-04,FO,NSE,IDO,47081,,NIFTY,,2026-09-01,2026-09-01,26400.00,CE,NIFTY2690126400CE,0.00,0.00,0.00,52.45,0.00,52.45,24614.90,43.02,0,0,0,0.00,0,F1,65,,,,,
2026-08-04,2026-08-04,FO,NSE,IDO,47075,,NIFTY,,2026-09-01,2026-09-01,26250.00,CE,NIFTY2690126250CE,0.00,0.00,0.00,64.85,0.00,64.85,24614.90,55.88,0,0,0,0.00,0,F1,65,,,,,
2026-08-04,2026-08-04,FO,NSE,IDO,47009,,NIFTY,,2026-09-01,2026-09-01,24600.00,CE,NIFTY2690124600CE,346.75,350.95,264.50,290.90,286.00,326.65,24614.90,290.90,16185,7085,532,861617653.00,354,F1,65,,,,,
2026-08-04,2026-08-04,FO,NSE,IDO,47003,,NIFTY,,2026-09-01,2026-09-01,24450.00,CE,NIFTY2690124450CE,411.00,411.00,344.90,370.05,369.50,508.95,24614.90,370.05,585,585,37,59676431.75,26,F1,65,,,,,
2026-08-04,2026-08-04,FO,NSE,IDO,46913,,NIFTY,,2026-09-01,2026-09-01,22200.00,CE,NIFTY2690122200CE,0.00,0.00,0.00,2171.80,0.00,2171.80,24614.90,2521.96,0,0,0,0.00,0,F1,65,,,,,
2026-08-04,2026-08-04,FO,NSE,IDO,46905,,NIFTY,,2026-09-01,2026-09-01,22000.00,CE,NIFTY2690122000CE,0.00,0.00,0.00,2360.90,0.00,2360.90,24614.90,2719.34,0,0,0,0.00,0,F1,65,,,,,
2026-08-04,2026-08-04,FO,NSE,IDO,62222,,NIFTY,,2026-08-25,2026-08-25,26900.00,CE,NIFTY26AUG26900CE,1.90,2.80,1.90,2.20,2.20,126.10,24614.90,6.40,845,845,79,138143170.75,35,F1,65,,,,,
2026-08-04,2026-08-04,FO,NSE,IDO,62058,,NIFTY,,2026-08-25,2026-08-25,26250.00,CE,NIFTY26AUG26250CE,3.90,5.45,3.25,3.90,3.30,3.95,24614.90,3.90,19890,-4680,1557,2657059590.25,1305,F1,65,,,,,
2026-08-04,2026-08-04,FO,NSE,IDO,62022,,NIFTY,,2026-08-25,2026-08-25,25900.00,CE,NIFTY26AUG25900CE,7.25,8.35,6.10,7.00,6.45,6.85,24614.90,7.00,97825,-9035,6058,10201442111.25,4918,F1,65,,,,,
2026-08-04,2026-08-04,FO,NSE,IDO,62002,,NIFTY,,2026-08-25,2026-08-25,25850.00,CE,NIFTY26AUG25850CE,0.00,0.00,0.00,6.60,6.60,6.60,24614.90,65.89,1495,0,0,0.00,0,F1,65,,,,,
2026-08-04,2026-08-04,FO,NSE,IDO,61727,,NIFTY,,2026-08-25,2026-08-25,24450.00,CE,NIFTY26AUG24450CE,372.05,390.10,285.95,312.80,305.05,358.35,24614.90,312.80,102830,13910,4603,7409847708.25,3734,F1,65,,,,,
2026-08-04,2026-08-04,FO,NSE,IDO,61397,,NIFTY,,2026-08-25,2026-08-25,22500.00,CE,NIFTY26AUG22500CE,2151.00,2181.50,1998.35,2058.75,2054.70,2137.80,24614.90,2058.75,315445,10660,1641,2624395826.00,1387,F1,65,,,,,
2026-08-04,2026-08-04,FO,NSE,IDO,61338,,NIFTY,,2026-08-25,2026-08-25,21700.00,CE,NIFTY26AUG21700CE,0.00,0.00,0.00,2625.10,0.00,2625.10,24614.90,2990.84,0,0,0,0.00,0,F1,65,,,,,
2026-08-04,2026-08-04,FO,NSE,IDO,61336,,NIFTY,,2026-08-25,2026-08-25,21650.00,CE,NIFTY26AUG21650CE,0.00,0.00,0.00,2669.30,0.00,2669.30,24614.90,3040.63,0,0,0,0.00,0,F1,65,,,,,
2026-08-04,2026-08-04,FO,NSE,IDO,61156,,NIFTY,,2026-08-25,2026-08-25,21300.00,CE,NIFTY26AUG21300CE,0.00,0.00,0.00,2725.00,2725.00,2725.00,24614.90,3389.31,3835,0,0,0.00,0,F1,65,,,,,
2026-08-04,2026-08-04,FO,NSE,IDO,45233,,NIFTY,,2026-08-18,2026-08-18,26550.00,CE,NIFTY2681826550CE,1.65,1.65,1.65,1.65,1.65,20.80,24614.90,3.78,520,520,10,17258572.50,3,F1,65,,,,,
2026-08-04,2026-08-04,FO,NSE,IDO,45132,,NIFTY,,2026-08-18,2026-08-18,24750.00,CE,NIFTY2681824750CE,134.85,154.05,100.00,109.85,112.10,137.35,24614.90,109.85,58955,33020,2371,3832608409.50,1863,F1,65,,,,,
2026-08-04,2026-08-04,FO,NSE,IDO,45027,,NIFTY,,2026-08-18,2026-08-18,22800.00,CE,NIFTY2681822800CE,0.00,0.00,0.00,1464.30,0.00,1464.30,24614.90,1870.14,0,0,0,0.00,0,F1,65,,,,,
2026-08-04,2026-08-04,FO,NSE,IDO,41101,,NIFTY,,2026-08-11,2026-08-11,26350.00,CE,NIFTY2681126350CE,1.10,3.25,0.70,0.90,0.75,53.35,24614.90,0.90,11635,11635,320,548099220.50,193,F1,65,,,,,
2026-08-04,2026-08-04,FO,NSE,IDO,41069,,NIFTY,,2026-08-11,2026-08-11,25750.00,CE,NIFTY2681125750CE,1.80,2.45,1.25,1.75,1.35,1.75,24614.90,1.75,392275,154830,14918,24970513613.50,7012,F1,65,,,,,
2026-08-04,2026-08-04,FO,NSE,IDO,41063,,NIFTY,,2026-08-11,2026-08-11,25650.00,CE,NIFTY2681125650CE,1.05,3.30,1.05,2.30,2.25,2.65,24614.90,2.30,529945,445315,24379,40649327654.00,13056,F1,65,,,,,
2026-08-04,2026-08-04,FO,NSE,IDO,41047,,NIFTY,,2026-08-11,2026-08-11,25250.00,CE,NIFTY2681125250CE,8.65,9.80,5.10,6.15,5.70,8.45,24614.90,6.15,823095,411775,64240,105459706917.50,30420,F1,65,,,,,
2026-08-04,2026-08-04,FO,NSE,IDO,40999,,NIFTY,,2026-08-11,2026-08-11,24200.00,CE,NIFTY2681124200CE,439.45,470.00,314.00,355.90,347.50,429.65,24614.90,355.90,1256450,-178230,34294,54755832160.25,22895,F1,65,,,,,
2026-08-04,2026-08-04,FO,NSE,IDO,40997,,NIFTY,,2026-08-11,2026-08-11,24150.00,CE,NIFTY2681124150CE,513.50,513.50,355.00,393.35,389.45,473.70,24614.90,393.35,67015,7085,1098,1753220735.50,850,F1,65,,,,,
2026-08-04,2026-08-04,FO,NSE,IDO,40953,,NIFTY,,2026-08-11,2026-08-11,23100.00,CE,NIFTY2681123100CE,1510.00,1530.00,1501.25,1501.25,1501.25,1502.00,24614.90,1542.27,1235,455,7,11198086.25,7,F1,65,,,,,
2026-08-04,2026-08-04,FO,NSE,IDO,40939,,NIFTY,,2026-08-11,2026-08-11,22750.00,CE,NIFTY2681122750CE,0.00,0.00,0.00,1821.15,0.00,1821.15,24614.90,1891.45,0,0,0,0.00,0,F1,65,,,,,
2026-08-04,2026-08-04,FO,NSE,IDO,40929,,NIFTY,,2026-08-11,2026-08-11,22500.00,CE,NIFTY2681122500CE,2125.00,2131.00,1985.00,1992.70,1994.00,2082.05,24614.90,1992.70,2340,2145,36,57399959.50,25,F1,65,,,,,
2026-08-04,2026-08-04,FO,NSE,IDO,66098,,NIFTY,,2026-08-04,2026-08-04,27000.00,CE,NIFTY2680427000CE,0.35,0.60,0.05,0.05,0.05,0.50,24614.90,24614.90,334425,333320,35254,61871196981.75,12046,F1,65,,,,,
2026-08-04,2026-08-04,FO,NSE,IDO,66090,,NIFTY,,2026-08-04,2026-08-04,26800.00,CE,NIFTY2680426800CE,0.50,1.35,0.05,0.05,0.05,16.35,24614.90,24614.90,75790,75790,4655,8109076501.50,1408,F1,65,,,,,
2026-08-04,2026-08-04,FO,NSE,IDO,66056,,NIFTY,,2026-08-04,2026-08-04,26000.00,CE,NIFTY2680426000CE,0.40,0.60,0.05,0.05,0.05,0.45,24614.90,24614.90,2725320,1038440,191042,322864861111.00,32981,F1,65,,,,,
2026-08-04,2026-08-04,FO,NSE,IDO,65455,,NIFTY,,2026-08-04,2026-08-04,23000.00,CE,NIFTY2680423000CE,1612.75,1637.00,1458.00,1544.80,1615.60,1577.15,24614.90,24614.90,97890,-29575,616,983935234.75,468,F1,65,,,,,
2026-08-04,2026-08-04,FO,NSE,IDO,66070,,NIFTY,,2026-08-04,2026-08-04,26300.00,CE,NIFTY2680426300CE,0.70,0.95,0.05,0.05,0.05,0.35,24614.90,24614.90,160160,159705,11941,20413319628.00,2607,F1,65,,,,,
2026-08-04,2026-08-04,FO,NSE,IDO,66096,,NIFTY,,2026-08-04,2026-08-04,26950.00,CE,NIFTY2680426950CE,0.70,4.90,0.05,0.05,0.05,12.75,24614.90,24614.90,37570,37570,1289,2258026416.75,402,F1,65,,,,,
2026-08-04,2026-08-04,FO,NSE,IDO,44983,,NIFTY,,2026-08-18,2026-08-18,22000.00,CE,NIFTY2681822000CE,0.00,0.00,0.00,2196.20,0.00,2196.20,24614.90,2666.19,0,0,0,0.00,0,F1,65,,,,,
2026-08-04,2026-08-04,FO,NSE,IDO,45039,,NIFTY,,2026-08-18,2026-08-18,23000.00,CE,NIFTY2681823000CE,0.00,0.00,0.00,1332.25,1332.25,1332.25,24614.90,1673.10,0,0,0,0.00,0,F1,65,,,,,
2026-08-04,2026-08-04,FO,NSE,IDO,45052,,NIFTY,,2026-08-18,2026-08-18,23250.00,CE,NIFTY2681823250CE,0.00,0.00,0.00,1037.55,1037.55,1037.55,24614.90,1430.18,325,0,0,0.00,0,F1,65,,,,,
2026-08-04,2026-08-04,FO,NSE,IDO,45080,,NIFTY,,2026-08-18,2026-08-18,23850.00,CE,NIFTY2681823850CE,819.55,838.15,685.20,685.20,685.20,780.05,24614.90,883.15,715,0,3,4803038.50,3,F1,65,,,,,
2026-08-04,2026-08-04,FO,NSE,IDO,61428,,NIFTY,,2026-08-25,2026-08-25,23000.00,CE,NIFTY26AUG23000CE,1670.00,1695.20,1500.00,1560.85,1558.10,1646.25,24614.90,1560.85,571870,-4485,932,1491012048.50,718,F1,65,,,,,
2026-08-04,2026-08-04,FO,NSE,IDO,46927,,NIFTY,,2026-09-01,2026-09-01,22550.00,CE,NIFTY2690122550CE,0.00,0.00,0.00,1849.95,0.00,1849.95,24614.90,2179.56,0,0,0,0.00,0,F1,65,,,,,
2026-08-04,2026-08-04,FO,NSE,IDO,46965,,NIFTY,,2026-09-01,2026-09-01,23500.00,CE,NIFTY2690123500CE,1140.80,1140.80,1140.80,1140.80,1140.80,1226.00,24614.90,1301.52,325,-65,1,1601652.00,1,F1,65,,,,,
2026-08-04,2026-08-04,FO,NSE,IDO,47041,,NIFTY,,2026-09-01,2026-09-01,25400.00,CE,NIFTY2690125400CE,0.00,0.00,0.00,86.45,86.45,86.45,24614.90,203.74,65,0,0,0.00,0,F1,65,,,,,
2026-08-04,2026-08-04,FO,NSE,IDO,47117,,NIFTY,,2026-09-01,2026-09-01,27150.00,CE,NIFTY2690127150CE,2.00,2.00,2.00,2.00,2.00,16.50,24614.90,10.02,260,260,4,7059520.00,1,F1,65,,,,,
2026-08-04,2026-08-04,FO,NSE,IDO,73899,,NIFTY,,2026-09-29,2026-09-29,22900.00,CE,NIFTY26SEP22900CE,0.00,0.00,0.00,1405.00,1405.00,1405.00,24614.90,2023.52,1040,0,0,0.00,0,F1,65,,,,,
2026-08-04,2026-08-04,FO,NSE,IDO,74442,,NIFTY,,2026-09-29,2026-09-29,26100.00,CE,NIFTY26SEP26100CE,0.00,0.00,0.00,223.80,0.00,223.80,24614.90,222.57,0,0,0,0.00,0,F1,65,,,,,
2026-08-04,2026-08-04,FO,NSE,IDO,65906,,NIFTY,,2026-09-29,2026-09-29,27000.00,CE,NIFTY26SEP27000CE,9.00,10.50,8.05,8.75,8.80,9.30,24614.90,8.75,1624805,7215,10568,18553221748.75,5533,F1,65,,,,,
2026-08-04,2026-08-04,FO,NSE,IDO,55332,,NIFTY,,2026-12-29,2026-12-29,31500.00,CE,NIFTY26DEC31500CE,12.60,13.35,11.50,12.05,12.45,12.95,24614.90,12.05,26520,-910,98,200734790.75,53,F1,65,,,,,
2026-08-04,2026-08-04,FO,NSE,IDO,80272,,NIFTY,,2027-03-30,2027-03-30,24000.00,CE,NIFTY27MAR24000CE,1880.00,1929.05,1794.95,1802.95,1802.95,1870.00,24614.90,1802.95,57265,130,121,203412488.50,104,F1,65,,,,,
2026-08-04,2026-08-04,FO,NSE,IDO,65219,,NIFTY,,2026-08-04,2026-08-04,21850.00,PE,NIFTY2680421850PE,0.75,0.80,0.05,0.05,0.05,0.45,24614.90,24614.90,126035,36725,3259,4628649993.50,829,F1,65,,,,,
2026-08-04,2026-08-04,FO,NSE,IDO,65861,,NIFTY,,2026-08-04,2026-08-04,24500.00,PE,NIFTY2680424500PE,8.00,85.00,0.05,23.55,0.05,28.95,24614.90,24614.90,7765810,-4656405,26288080,41922510709501.50,7570066,F1,65,,,,,
2026-08-04,2026-08-04,FO,NSE,IDO,73884,,NIFTY,,2026-09-29,2026-09-29,22450.00,PE,NIFTY26SEP22450PE,30.50,34.70,29.45,32.20,32.35,32.75,24614.90,32.20,5525,-845,59,86219779.75,33,F1,65,,,,,
2026-08-04,2026-08-04,FO,NSE,IDO,66014,,NIFTY,,2026-08-04,2026-08-04,25800.00,PE,NIFTY2680425800PE,1220.00,1351.00,1173.00,1315.00,1315.00,1220.00,24614.90,24614.90,1560,-390,44,77319401.25,35,F1,65,,,,,
2026-08-04,2026-08-04,FO,NSE,IDO,66091,,NIFTY,,2026-08-04,2026-08-04,26800.00,PE,NIFTY2680426800PE,0.00,0.00,0.00,2802.05,0.00,2802.05,24614.90,24614.90,0,0,0,0.00,0,F1,65,,,,,
2026-08-04,2026-08-04,FO,NSE,IDO,41046,,NIFTY,,2026-08-11,2026-08-11,25200.00,PE,NIFTY2681125200PE,590.00,746.40,560.50,696.15,706.55,611.65,24614.90,696.15,39130,32370,742,1245314187.00,549,F1,65,,,,,
2026-08-04,2026-08-04,FO,NSE,IDO,45006,,NIFTY,,2026-08-18,2026-08-18,22350.00,PE,NIFTY2681822350PE,5.10,5.25,3.85,4.70,4.70,6.00,24614.90,4.70,3315,-260,53,77011161.50,31,F1,65,,,,,
2026-08-04,2026-08-04,FO,NSE,IDO,61910,,NIFTY,,2026-08-25,2026-08-25,25050.00,PE,NIFTY26AUG25050PE,490.00,581.95,456.40,567.20,573.55,498.10,24614.90,567.20,1170,390,24,39887133.00,23,F1,65,,,,,
2026-08-04,2026-08-04,FO,NSE,IDO,47034,,NIFTY,,2026-09-01,2026-09-01,25200.00,PE,NIFTY2690125200PE,0.00,0.00,0.00,1077.05,0.00,1077.05,24614.90,732.11,0,0,0,0.00,0,F1,65,,,,,
2026-08-04,2026-08-04,FO,NSE,IDO,47107,,NIFTY,,2026-09-01,2026-09-01,26900.00,PE,NIFTY2690126900PE,0.00,0.00,0.00,2549.75,0.00,2549.75,24614.90,2176.67,0,0,0,0.00,0,F1,65,,,,,
2026-08-04,2026-08-04,FO,NSE,IDO,45021,,NIFTY,,2026-08-18,2026-08-18,22650.00,CE,NIFTY2681822650CE,0.00,0.00,0.00,1595.05,0.00,1595.05,24614.90,2018.80,0,0,0,0.00,0,F1,65,,,,,
2026-08-04,2026-08-04,FO,NSE,IDO,45033,,NIFTY,,2026-08-18,2026-08-18,22900.00,CE,NIFTY2681822900CE,0.00,0.00,0.00,1379.35,0.00,1379.35,24614.90,1771.40,0,0,0,0.00,0,F1,65,,,,,
2026-08-04,2026-08-04,FO,NSE,IDO,45047,,NIFTY,,2026-08-18,2026-08-18,23150.00,CE,NIFTY2681823150CE,0.00,0.00,0.00,1129.60,1129.60,1129.60,24614.90,1526.74,390,0,0,0.00,0,F1,65,,,,,
2026-08-04,2026-08-04,FO,NSE,IDO,45098,,NIFTY,,2026-08-18,2026-08-18,24200.00,CE,NIFTY2681824200CE,485.20,515.00,388.20,421.45,415.60,480.40,24614.90,421.45,76115,-34710,1726,2762737591.25,1178,F1,65,,,,,
2026-08-04,2026-08-04,FO,NSE,IDO,45100,,NIFTY,,2026-08-18,2026-08-18,24250.00,CE,NIFTY2681824250CE,456.35,478.00,348.75,381.20,378.70,445.30,24614.90,381.20,47905,7020,307,491697651.25,258,F1,65,,,,,
2026-08-04,2026-08-04,FO,NSE,IDO,45122,,NIFTY,,2026-08-18,2026-08-18,24700.00,CE,NIFTY2681824700CE,173.00,178.10,116.50,127.30,126.35,160.60,24614.90,127.30,542165,203710,17747,28647366195.50,10561,F1,65,,,,,
2026-08-04,2026-08-04,FO,NSE,IDO,45168,,NIFTY,,2026-08-18,2026-08-18,25450.00,CE,NIFTY2681825450CE,10.20,12.60,8.35,8.95,9.00,11.30,24614.90,8.95,45370,27625,1025,1696235108.75,559,F1,65,,,,,
2026-08-04,2026-08-04,FO,NSE,IDO,45200,,NIFTY,,2026-08-18,2026-08-18,26000.00,CE,NIFTY2681826000CE,2.85,4.00,2.60,2.80,2.65,3.25,24614.90,2.80,183755,72930,3617,6113450170.75,1584,F1,65,,,,,
2026-08-04,2026-08-04,FO,NSE,IDO,45257,,NIFTY,,2026-08-18,2026-08-18,26900.00,CE,NIFTY2681826900CE,1.35,1.40,0.90,0.90,0.90,11.00,24614.90,0.90,130,130,20,34971722.50,3,F1,65,,,,,
2026-08-04,2026-08-04,FO,NSE,IDO,45270,,NIFTY,,2026-08-18,2026-08-18,27200.00,CE,NIFTY2681827200CE,1.15,1.15,0.90,0.90,0.90,6.20,24614.90,0.90,520,520,17,30057157.00,4,F1,65,,,,,
2026-08-04,2026-08-04,FO,NSE,IDO,61334,,NIFTY,,2026-08-25,2026-08-25,21600.00,CE,NIFTY26AUG21600CE,0.00,0.00,0.00,2713.65,0.00,2713.65,24614.90,3090.43,0,0,0,0.00,0,F1,65,,,,,
2026-08-04,2026-08-04,FO,NSE,IDO,61378,,NIFTY,,2026-08-25,2026-08-25,22350.00,CE,NIFTY26AUG22350CE,0.00,0.00,0.00,1794.90,1794.90,1794.90,24614.90,2344.94,130,0,0,0.00,0,F1,65,,,,,
2026-08-04,2026-08-04,FO,NSE,IDO,62053,,NIFTY,,2026-08-25,2026-08-25,26150.00,CE,NIFTY26AUG26150CE,4.35,5.95,3.50,4.35,4.30,4.30,24614.90,4.35,18135,-10010,3593,6108294981.75,3065,F1,65,,,,,
2026-08-04,2026-08-04,FO,NSE,IDO,62166,,NIFTY,,2026-08-25,2026-08-25,26600.00,CE,NIFTY26AUG26600CE,2.15,3.25,2.15,2.45,2.15,162.25,24614.90,2.45,3185,3185,485,838653871.25,269,F1,65,,,,,
2026-08-04,2026-08-04,FO,NSE,IDO,62236,,NIFTY,,2026-08-25,2026-08-25,27100.00,CE,NIFTY26AUG27100CE,2.20,2.50,1.40,1.75,1.40,106.05,24614.90,1.75,5590,5590,354,623621449.75,176,F1,65,,,,,
2026-08-04,2026-08-04,FO,NSE,IDO,46915,,NIFTY,,2026-09-01,2026-09-01,22250.00,CE,NIFTY2690122250CE,0.00,0.00,0.00,2125.05,0.00,2125.05,24614.90,2472.77,0,0,0,0.00,0,F1,65,,,,,
2026-08-04,2026-08-04,FO,NSE,IDO,46923,,NIFTY,,2026-09-01,2026-09-01,22450.00,CE,NIFTY2690122450CE,0.00,0.00,0.00,1940.55,0.00,1940.55,24614.90,2276.86,0,0,0,0.00,0,F1,65,,,,,
2026-08-04,2026-08-04,FO,NSE,IDO,46931,,NIFTY,,2026-09-01,2026-09-01,22650.00,CE,NIFTY2690122650CE,0.00,0.00,0.00,1760.65,0.00,1760.65,24614.90,2082.82,0,0,0,0.00,0,F1,65,,,,,
2026-08-04,2026-08-04,FO,NSE,IDO,46941,,NIFTY,,2026-09-01,2026-09-01,22900.00,CE,NIFTY2690122900CE,0.00,0.00,0.00,1543.90,0.00,1543.90,24614.90,1844.13,0,0,0,0.00,0,F1,65,,,,,
2026-08-04,2026-08-04,FO,NSE,IDO,46949,,NIFTY,,2026-09-01,2026-09-01,23100.00,CE,NIFTY2690123100CE,0.00,0.00,0.00,1378.25,0.00,1378.25,24614.90,1657.56,0,0,0,0.00,0,F1,65,,,,,
2026-08-04,2026-08-04,FO,NSE,IDO,46957,,NIFTY,,2026-09-01,2026-09-01,23300.00,CE,NIFTY2690123300CE,0.00,0.00,0.00,1220.55,0.00,1220.55,24614.90,1476.21,0,0,0,0.00,0,F1,65,,,,,
2026-08-04,2026-08-04,FO,NSE,IDO,46961,,NIFTY,,2026-09-01,2026-09-01,23400.00,CE,NIFTY2690123400CE,0.00,0.00,0.00,1145.00,0.00,1145.00,24614.90,1387.94,0,0,0,0.00,0,F1,65,,,,,
2026-08-04,2026-08-04,FO,NSE,IDO,46983,,NIFTY,,2026-09-01,2026-09-01,23950.00,CE,NIFTY2690123950CE,0.00,0.00,0.00,542.40,542.40,542.40,24614.90,940.51,390,0,0,0.00,0,F1,65,,,,,
2026-08-04,2026-08-04,FO,NSE,IDO,47021,,NIFTY,,2026-09-01,2026-09-01,24900.00,CE,NIFTY2690124900CE,190.15,194.05,142.35,154.00,153.35,188.00,24614.90,154.00,3380,2340,146,237875280.50,104,F1,65,,,,,
2026-08-04,2026-08-04,FO,NSE,IDO,47023,,NIFTY,,2026-09-01,2026-09-01,24950.00,CE,NIFTY2690124950CE,244.65,244.65,176.00,176.00,176.00,313.70,24614.90,357.41,130,130,3,4904032.25,3,F1,65,,,,,
2026-08-04,2026-08-04,FO,NSE,IDO,47051,,NIFTY,,2026-09-01,2026-09-01,25650.00,CE,NIFTY2690125650CE,0.00,0.00,0.00,142.40,0.00,142.40,24614.90,143.94,0,0,0,0.00,0,F1,65,,,,,
2026-08-04,2026-08-04,FO,NSE,IDO,47087,,NIFTY,,2026-09-01,2026-09-01,26550.00,CE,NIFTY2690126550CE,0.00,0.00,0.00,42.15,0.00,42.15,24614.90,32.80,0,0,0,0.00,0,F1,65,,,,,
2026-08-04,2026-08-04,FO,NSE,IDO,73833,,NIFTY,,2026-09-29,2026-09-29,21700.00,CE,NIFTY26SEP21700CE,0.00,0.00,0.00,2586.45,0.00,2586.45,24614.90,3143.54,0,0,0,0.00,0,F1,65,,,,,
2026-08-04,2026-08-04,FO,NSE,IDO,73893,,NIFTY,,2026-09-29,2026-09-29,22750.00,CE,NIFTY26SEP22750CE,0.00,0.00,0.00,1386.55,1386.55,1386.55,24614.90,2156.77,260,0,0,0.00,0,F1,65,,,,,
2026-08-04,2026-08-04,FO,NSE,IDO,74010,,NIFTY,,2026-09-29,2026-09-29,23750.00,CE,NIFTY26SEP23750CE,0.00,0.00,0.00,920.90,920.90,920.90,24614.90,1330.76,1170,0,0,0.00,0,F1,65,,,,,
2026-08-04,2026-08-04,FO,NSE,IDO,41117,,NIFTY,,2026-08-11,2026-08-11,26650.00,CE,NIFTY2681126650CE,0.65,1.15,0.50,0.90,0.95,33.00,24614.90,0.90,715,715,39,67559667.50,28,F1,65,,,,,
2026-08-04,2026-08-04,FO,NSE,IDO,41097,,NIFTY,,2026-08-11,2026-08-11,26250.00,CE,NIFTY2681126250CE,0.90,1.30,0.70,0.85,0.85,0.80,24614.90,0.85,35750,33605,1307,2230145814.00,486,F1,65,,,,,
2026-08-04,2026-08-04,FO,NSE,IDO,41077,,NIFTY,,2026-08-11,2026-08-11,25950.00,CE,NIFTY2681125950CE,1.15,1.70,0.95,1.20,1.00,1.15,24614.90,1.20,163150,115830,8112,13683508348.25,3441,F1,65,,,,,
2026-08-04,2026-08-04,FO,NSE,IDO,41053,,NIFTY,,2026-08-11,2026-08-11,25400.00,CE,NIFTY2681125400CE,5.70,6.30,3.25,4.10,4.00,5.45,24614.90,4.10,1605045,840840,93809,154903042489.00,34771,F1,65,,,,,
2026-08-04,2026-08-04,FO,NSE,IDO,41045,,NIFTY,,2026-08-11,2026-08-11,25200.00,CE,NIFTY2681125200CE,10.40,11.55,5.95,7.35,7.90,10.00,24614.90,7.35,3228875,1591655,170844,279925051893.50,64929,F1,65,,,,,
2026-08-04,2026-08-04,FO,NSE,IDO,41013,,NIFTY,,2026-08-11,2026-08-11,24550.00,CE,NIFTY2681124550CE,180.00,194.50,111.05,127.95,124.50,169.05,24614.90,127.95,1614990,1108835,199024,319408258640.25,113764,F1,65,,,,,
2026-08-04,2026-08-04,FO,NSE,IDO,41011,,NIFTY,,2026-08-11,2026-08-11,24500.00,CE,NIFTY2681124500CE,210.00,226.00,133.35,152.60,146.10,198.05,24614.90,152.60,4722380,2850445,509304,816362494636.00,288214,F1,65,,,,,
2026-08-04,2026-08-04,FO,NSE,IDO,41009,,NIFTY,,2026-08-11,2026-08-11,24450.00,CE,NIFTY2681124450CE,260.00,261.00,158.00,179.55,175.10,230.40,24614.90,179.55,969085,763295,119933,192005074358.50,68434,F1,65,,,,,
2026-08-04,2026-08-04,FO,NSE,IDO,41003,,NIFTY,,2026-08-11,2026-08-11,24300.00,CE,NIFTY2681124300CE,379.95,382.00,244.00,277.70,268.90,343.60,24614.90,277.70,1052610,154505,47567,76030744738.00,26466,F1,65,,,,,
2026-08-04,2026-08-04,FO,NSE,IDO,40975,,NIFTY,,2026-08-11,2026-08-11,23650.00,CE,NIFTY2681123650CE,981.00,986.60,836.85,864.95,844.25,953.75,24614.90,864.95,5395,455,31,49458688.50,24,F1,65,,,,,
2026-08-04,2026-08-04,FO,NSE,IDO,74066,,NIFTY,,2026-09-29,2026-09-29,24150.00,CE,NIFTY26SEP24150CE,839.30,847.35,743.85,749.95,749.95,802.45,24614.90,1051.73,3900,-1105,51,82809996.75,45,F1,65,,,,,
2026-08-04,2026-08-04,FO,NSE,IDO,74241,,NIFTY,,2026-09-29,2026-09-29,24500.00,CE,NIFTY26SEP24500CE,584.95,598.70,497.65,519.70,516.50,568.00,24614.90,519.70,1400230,175955,8370,13624885222.00,6605,F1,65,,,,,
2026-08-04,2026-08-04,FO,NSE,IDO,74420,,NIFTY,,2026-09-29,2026-09-29,25800.00,CE,NIFTY26SEP25800CE,79.40,83.10,66.15,70.65,68.70,74.15,24614.90,70.65,222755,10530,2186,3676402801.50,1442,F1,65,,,,,
2026-08-04,2026-08-04,FO,NSE,IDO,51356,,NIFTY,,2026-10-27,2026-10-27,23100.00,CE,NIFTY26OCT23100CE,0.00,0.00,0.00,1547.05,0.00,1547.05,24614.90,2028.43,0,0,0,0.00,0,F1,65,,,,,
2026-08-04,2026-08-04,FO,NSE,IDO,51366,,NIFTY,,2026-10-27,2026-10-27,23350.00,CE,NIFTY26OCT23350CE,0.00,0.00,0.00,1373.70,0.00,1373.70,24614.90,1829.58,0,0,0,0.00,0,F1,65,,,,,
2026-08-04,2026-08-04,FO,NSE,IDO,51368,,NIFTY,,2026-10-27,2026-10-27,23400.00,CE,NIFTY26OCT23400CE,0.00,0.00,0.00,1340.60,0.00,1340.60,24614.90,1790.91,0,0,0,0.00,0,F1,65,,,,,
2026-08-04,2026-08-04,FO,NSE,IDO,51380,,NIFTY,,2026-10-27,2026-10-27,23700.00,CE,NIFTY26OCT23700CE,0.00,0.00,0.00,1151.60,0.00,1151.60,24614.90,1568.02,0,0,0,0.00,0,F1,65,,,,,
2026-08-04,2026-08-04,FO,NSE,IDO,51430,,NIFTY,,2026-10-27,2026-10-27,24800.00,CE,NIFTY26OCT24800CE,570.00,589.85,510.80,518.10,516.20,557.80,24614.90,518.10,5460,1365,46,75743898.75,39,F1,65,,,,,
2026-08-04,2026-08-04,FO,NSE,IDO,51436,,NIFTY,,2026-10-27,2026-10-27,24950.00,CE,NIFTY26OCT24950CE,487.05,499.45,434.00,446.35,446.35,483.30,24614.90,810.14,650,195,19,31405315.50,14,F1,65,,,,,
2026-08-04,2026-08-04,FO,NSE,IDO,51440,,NIFTY,,2026-10-27,2026-10-27,25000.00,CE,NIFTY26OCT25000CE,460.50,481.75,405.45,424.25,421.95,456.55,24614.90,424.25,125710,8970,1836,3036850518.00,1244,F1,65,,,,,
2026-08-04,2026-08-04,FO,NSE,IDO,51456,,NIFTY,,2026-10-27,2026-10-27,25400.00,CE,NIFTY26OCT25400CE,0.00,0.00,0.00,402.80,0.00,402.80,24614.90,611.65,0,0,0,0.00,0,F1,65,,,,,
2026-08-04,2026-08-04,FO,NSE,IDO,51492,,NIFTY,,2026-10-27,2026-10-27,26050.00,CE,NIFTY26OCT26050CE,0.00,0.00,0.00,247.25,0.00,247.25,24614.90,390.56,0,0,0,0.00,0,F1,65,,,,,
2026-08-04,2026-08-04,FO,NSE,IDO,51524,,NIFTY,,2026-10-27,2026-10-27,26850.00,CE,NIFTY26OCT26850CE,0.00,0.00,0.00,126.70,0.00,126.70,24614.90,210.09,0,0,0,0.00,0,F1,65,,,,,
2026-08-04,2026-08-04,FO,NSE,IDO,51530,,NIFTY,,2026-10-27,2026-10-27,27000.00,CE,NIFTY26OCT27000CE,0.00,0.00,0.00,110.90,0.00,110.90,24614.90,185.41,0,0,0,0.00,0,F1,65,,,,,
2026-08-04,2026-08-04,FO,NSE,IDO,51536,,NIFTY,,2026-10-27,2026-10-27,27100.00,CE,NIFTY26OCT27100CE,0.00,0.00,0.00,101.30,0.00,101.30,24614.90,170.33,0,0,0,0.00,0,F1,65,,,,,
2026-08-04,2026-08-04,FO,NSE,IDO,50547,,NIFTY,,2026-12-29,2026-12-29,28000.00,CE,NIFTY26DEC28000CE,46.90,48.60,44.50,45.20,44.50,46.95,24614.90,45.20,1530390,9295,1836,3347039387.25,1025,F1,65,,,,,
2026-08-04,2026-08-04,FO,NSE,IDO,55378,,NIFTY,,2027-06-29,2027-06-29,28500.00,CE,NIFTY27JUN28500CE,0.00,0.00,0.00,1711.90,0.00,1711.90,24614.90,751.20,0,0,0,0.00,0,F1,65,,,,,
2026-08-04,2026-08-04,FO,NSE,IDO,53626,,NIFTY,,2027-12-28,2027-12-28,25000.00,CE,NIFTY27DEC25000CE,2462.80,2490.00,2370.05,2380.00,2380.00,2450.00,24614.90,2920.60,33290,195,33,58803732.00,24,F1,65,,,,,
2026-08-04,2026-08-04,FO,NSE,IDO,53628,,NIFTY,,2027-12-28,2027-12-28,26000.00,CE,NIFTY27DEC26000CE,1900.00,1911.20,1812.00,1838.20,1838.20,1884.85,24614.90,1838.20,70435,715,77,139482349.50,70,F1,65,,,,,
2026-08-04,2026-08-04,FO,NSE,IDO,35346,,NIFTY,,2027-12-28,2027-12-28,30000.00,CE,NIFTY27DEC30000CE,408.00,413.40,380.00,381.50,380.00,408.55,24614.90,381.50,116415,260,26,51357338.50,17,F1,65,,,,,
2026-08-04,2026-08-04,FO,NSE,IDO,55430,,NIFTY,,2027-12-28,2027-12-28,31500.00,CE,NIFTY27DEC31500CE,195.00,195.00,195.00,195.00,195.00,195.00,24614.90,659.42,2145,0,2,4120350.00,2,F1,65,,,,,
2026-08-04,2026-08-04,FO,NSE,IDO,55468,,NIFTY,,2028-06-27,2028-06-27,16500.00,CE,NIFTY28JUN16500CE,0.00,0.00,0.00,11752.80,0.00,11752.80,24614.90,10070.23,0,0,0,0.00,0,F1,65,,,,,
2026-08-04,2026-08-04,FO,NSE,IDO,55558,,NIFTY,,2029-06-26,2029-06-26,19500.00,CE,NIFTY29JUN19500CE,0.00,0.00,0.00,10206.95,0.00,10206.95,24614.90,8671.22,0,0,0,0.00,0,F1,65,,,,,
2026-08-04,2026-08-04,FO,NSE,IDO,55600,,NIFTY,,2029-12-24,2029-12-24,19500.00,CE,NIFTY29DEC19500CE,0.00,0.00,0.00,10678.80,0.00,10678.80,24614.90,9202.55,0,0,0,0.00,0,F1,65,,,,,
2026-08-04,2026-08-04,FO,NSE,IDO,55646,,NIFTY,,2030-06-25,2030-06-25,25500.00,CE,NIFTY30JUN25500CE,0.00,0.00,0.00,7070.45,0.00,7070.45,24614.90,5974.49,0,0,0,0.00,0,F1,65,,,,,
2026-08-04,2026-08-04,FO,NSE,IDO,55754,,NIFTY,,2030-12-31,2030-12-31,24000.00,CE,NIFTY30DEC24000CE,0.00,0.00,0.00,8563.30,0.00,8563.30,24614.90,7406.93,0,0,0,0.00,0,F1,65,,,,,
2026-08-04,2026-08-04,FO,NSE,IDO,74638,,NIFTY,,2031-06-24,2031-06-24,16500.00,CE,NIFTY31JUN16500CE,0.00,0.00,0.00,11849.25,0.00,11849.25,24614.90,12717.10,0,0,0,0.00,0,F1,65,,,,,
2026-08-04,2026-08-04,FO,NSE,IDO,65165,,NIFTY,,2026-08-04,2026-08-04,21700.00,PE,NIFTY2680421700PE,0.40,0.55,0.05,0.05,0.05,0.45,24614.90,24614.90,649025,-80275,25530,36010389424.75,5487,F1,65,,,,,
2026-08-04,2026-08-04,FO,NSE,IDO,65371,,NIFTY,,2026-08-04,2026-08-04,22000.00,PE,NIFTY2680422000PE,0.40,0.50,0.05,0.05,0.05,0.60,24614.90,24614.90,841555,-673400,47664,68160261971.75,6967,F1,65,,,,,
2026-08-04,2026-08-04,FO,NSE,IDO,65530,,NIFTY,,2026-08-04,2026-08-04,23300.00,PE,NIFTY2680423300PE,0.65,0.80,0.05,0.05,0.05,1.30,24614.90,24614.90,1352780,-1589640,149888,227008686856.25,25104,F1,65,,,,,
2026-08-04,2026-08-04,FO,NSE,IDO,65589,,NIFTY,,2026-08-04,2026-08-04,23450.00,PE,NIFTY2680423450PE,0.60,1.15,0.05,0.05,0.05,1.55,24614.90,24614.90,729755,-664625,106431,162229781762.75,18234,F1,65,,,,,
2026-08-04,2026-08-04,FO,NSE,IDO,65698,,NIFTY,,2026-08-04,2026-08-04,24100.00,PE,NIFTY2680424100PE,1.80,1.80,0.05,0.25,0.05,4.25,24614.90,24614.90,4203485,-2963285,2192551,3434731723712.25,319336,F1,65,,,,,
2026-08-04,2026-08-04,FO,NSE,IDO,65880,,NIFTY,,2026-08-04,2026-08-04,24650.00,PE,NIFTY2680424650PE,80.00,219.40,34.65,61.65,35.00,101.85,24614.90,24614.90,1721850,90740,5463913,8784720170307.25,2738454,F1,65,,,,,
2026-08-04,2026-08-04,FO,NSE,IDO,65884,,NIFTY,,2026-08-04,2026-08-04,24700.00,PE,NIFTY2680424700PE,110.00,267.85,78.00,137.45,85.00,139.75,24614.90,24614.90,1032915,-616070,3040843,4907462667701.75,1608261,F1,65,,,,,
2026-08-04,2026-08-04,FO,NSE,IDO,65911,,NIFTY,,2026-08-04,2026-08-04,24850.00,PE,NIFTY2680424850PE,285.35,413.00,213.70,298.15,234.80,279.75,24614.90,24614.90,65910,5005,65954,107713269696.50,41696,F1,65,,,,,
2026-08-04,2026-08-04,FO,NSE,IDO,65915,,NIFTY,,2026-08-04,2026-08-04,24950.00,PE,NIFTY2680424950PE,342.35,507.85,312.40,420.80,334.65,375.70,24614.90,24614.90,49595,22360,10425,17162182898.25,7362,F1,65,,,,,
2026-08-04,2026-08-04,FO,NSE,IDO,65999,,NIFTY,,2026-08-04,2026-08-04,25650.00,PE,NIFTY2680425650PE,1025.00,1170.00,1015.85,1170.00,1170.00,1060.95,24614.90,24614.90,975,65,31,53795144.00,17,F1,65,,,,,
2026-08-04,2026-08-04,FO,NSE,IDO,66093,,NIFTY,,2026-08-04,2026-08-04,26850.00,PE,NIFTY2680426850PE,0.00,0.00,0.00,2850.40,0.00,2850.40,24614.90,24614.90,0,0,0,0.00,0,F1,65,,,,,
2026-08-04,2026-08-04,FO,NSE,IDO,66095,,NIFTY,,2026-08-04,2026-08-04,26900.00,PE,NIFTY2680426900PE,0.00,0.00,0.00,2898.85,0.00,2898.85,24614.90,24614.90,0,0,0,0.00,0,F1,65,,,,,
2026-08-04,2026-08-04,FO,NSE,IDO,40966,,NIFTY,,2026-08-11,2026-08-11,23400.00,PE,NIFTY2681123400PE,6.65,6.75,3.20,4.50,3.70,7.40,24614.90,4.50,1757340,343590,72087,109667877946.25,26700,F1,65,,,,,
2026-08-04,2026-08-04,FO,NSE,IDO,40982,,NIFTY,,2026-08-11,2026-08-11,23750.00,PE,NIFTY2681123750PE,11.30,11.30,6.10,8.65,7.95,11.05,24614.90,8.65,683670,255190,43635,67384890680.25,22477,F1,65,,,,,
2026-08-04,2026-08-04,FO,NSE,IDO,40994,,NIFTY,,2026-08-11,2026-08-11,24050.00,PE,NIFTY2681124050PE,21.70,35.15,13.80,24.75,23.65,23.15,24614.90,24.75,487175,9555,62918,98454062768.75,38370,F1,65,,,,,
2026-08-04,2026-08-04,FO,NSE,IDO,41000,,NIFTY,,2026-08-11,2026-08-11,24200.00,PE,NIFTY2681124200PE,34.05,64.45,23.80,44.95,45.00,35.90,24614.90,44.95,3104010,323960,222316,350318592926.25,134085,F1,65,,,,,
2026-08-04,2026-08-04,FO,NSE,IDO,41002,,NIFTY,,2026-08-11,2026-08-11,24250.00,PE,NIFTY2681124250PE,43.00,77.95,28.95,55.85,53.00,43.15,24614.90,55.85,928655,224640,92504,146115886608.25,57087,F1,65,,,,,
2026-08-04,2026-08-04,FO,NSE,IDO,41054,,NIFTY,,2026-08-11,2026-08-11,25400.00,PE,NIFTY2681125400PE,798.10,941.00,761.70,886.65,908.30,818.00,24614.90,886.65,3380,2210,72,123034509.00,58,F1,65,,,,,
2026-08-04,2026-08-04,FO,NSE,IDO,45077,,NIFTY,,2026-08-18,2026-08-18,23750.00,PE,NIFTY2681823750PE,23.95,32.40,18.65,28.10,28.30,25.75,24614.90,28.10,32370,3965,845,1305894141.50,485,F1,65,,,,,
2026-08-04,2026-08-04,FO,NSE,IDO,45121,,NIFTY,,2026-08-18,2026-08-18,24650.00,PE,NIFTY2681824650PE,214.85,311.40,188.20,266.80,275.55,216.65,24614.90,266.80,19890,3445,1962,3173893524.75,1477,F1,65,,,,,
2026-08-04,2026-08-04,FO,NSE,IDO,45145,,NIFTY,,2026-08-18,2026-08-18,24900.00,PE,NIFTY2681824900PE,377.80,475.30,331.55,437.75,435.25,368.60,24614.90,437.75,19435,15600,435,715590999.50,390,F1,65,,,,,
2026-08-04,2026-08-04,FO,NSE,IDO,45211,,NIFTY,,2026-08-18,2026-08-18,26200.00,PE,NIFTY2681826200PE,0.00,0.00,0.00,2034.55,0.00,2034.55,24614.90,1535.24,0,0,0,0.00,0,F1,65,,,,,
2026-08-04,2026-08-04,FO,NSE,IDO,45271,,NIFTY,,2026-08-18,2026-08-18,27200.00,PE,NIFTY2681827200PE,0.00,0.00,0.00,2997.30,0.00,2997.30,24614.90,2522.11,0,0,0,0.00,0,F1,65,,,,,
2026-08-04,2026-08-04,FO,NSE,IDO,61335,,NIFTY,,2026-08-25,2026-08-25,21600.00,PE,NIFTY26AUG21600PE,6.65,10.00,5.25,5.65,6.35,6.50,24614.90,5.65,33670,-1560,282,396048152.50,140,F1,65,,,,,
2026-08-04,2026-08-04,FO,NSE,IDO,61339,,NIFTY,,2026-08-25,2026-08-25,21700.00,PE,NIFTY26AUG21700PE,5.80,8.50,5.35,5.85,5.50,6.50,24614.90,5.85,40560,910,128,180597293.50,91,F1,65,,,,,
2026-08-04,2026-08-04,FO,NSE,IDO,61341,,NIFTY,,2026-08-25,2026-08-25,21750.00,PE,NIFTY26AUG21750PE,6.75,7.55,4.65,5.65,6.50,7.55,24614.90,5.65,4030,650,159,224848864.50,55,F1,65,,,,,
2026-08-04,2026-08-04,FO,NSE,IDO,61347,,NIFTY,,2026-08-25,2026-08-25,21900.00,PE,NIFTY26AUG21900PE,6.80,8.00,5.70,6.30,6.55,6.75,24614.90,6.30,32045,-1820,398,566725955.25,259,F1,65,,,,,
2026-08-04,2026-08-04,FO,NSE,IDO,61425,,NIFTY,,2026-08-25,2026-08-25,22900.00,PE,NIFTY26AUG22900PE,13.45,16.05,12.10,13.25,13.50,13.95,24614.90,13.25,242060,8905,5548,8263160350.25,4551,F1,65,,,,,
2026-08-04,2026-08-04,FO,NSE,IDO,61531,,NIFTY,,2026-08-25,2026-08-25,23700.00,PE,NIFTY26AUG23700PE,45.00,56.15,34.15,45.70,45.50,41.10,24614.90,45.70,869180,11375,18033,27829950281.25,11947,F1,65,,,,,
2026-08-04,2026-08-04,FO,NSE,IDO,61550,,NIFTY,,2026-08-25,2026-08-25,23850.00,PE,NIFTY26AUG23850PE,57.05,74.15,44.50,61.50,62.75,53.45,24614.90,61.50,107835,3380,2307,3584845121.00,1563,F1,65,,,,,
2026-08-04,2026-08-04,FO,NSE,IDO,61684,,NIFTY,,2026-08-25,2026-08-25,24250.00,PE,NIFTY26AUG24250PE,115.00,166.85,100.00,139.40,142.95,117.15,24614.90,139.40,168285,-24375,4360,6909514826.50,2898,F1,65,,,,,
2026-08-04,2026-08-04,FO,NSE,IDO,61796,,NIFTY,,2026-08-25,2026-08-25,24700.00,PE,NIFTY26AUG24700PE,274.90,372.65,245.30,324.55,329.80,278.85,24614.90,324.55,605280,-45565,22849,37143975963.25,17698,F1,65,,,,,
2026-08-04,2026-08-04,FO,NSE,IDO,61846,,NIFTY,,2026-08-25,2026-08-25,24800.00,PE,NIFTY26AUG24800PE,336.80,433.10,295.75,383.15,390.35,328.60,24614.90,383.15,355355,34710,8044,13150710287.00,5885,F1,65,,,,,
2026-08-04,2026-08-04,FO,NSE,IDO,61856,,NIFTY,,2026-08-25,2026-08-25,24850.00,PE,NIFTY26AUG24850PE,347.90,463.95,321.55,416.60,416.40,354.65,24614.90,416.60,12805,2405,426,698892249.25,376,F1,65,,,,,
2026-08-04,2026-08-04,FO,NSE,IDO,61974,,NIFTY,,2026-08-25,2026-08-25,25450.00,PE,NIFTY26AUG25450PE,973.55,974.00,948.00,948.00,948.00,823.95,24614.90,880.30,585,325,36,61799653.50,28,F1,65,,,,,
2026-08-04,2026-08-04,FO,NSE,IDO,61995,,NIFTY,,2026-08-25,2026-08-25,25750.00,PE,NIFTY26AUG25750PE,0.00,0.00,0.00,1105.00,1105.00,1105.00,24614.90,1124.59,195,0,0,0.00,0,F1,65,,,,,
2026-08-04,2026-08-04,FO,NSE,IDO,62003,,NIFTY,,2026-08-25,2026-08-25,25850.00,PE,NIFTY26AUG25850PE,0.00,0.00,0.00,1170.00,1170.00,1170.00,24614.90,1210.72,650,0,0,0.00,0,F1,65,,,,,
2026-08-04,2026-08-04,FO,NSE,IDO,62054,,NIFTY,,2026-08-25,2026-08-25,26150.00,PE,NIFTY26AUG26150PE,0.00,0.00,0.00,2082.50,0.00,2082.50,24614.90,1480.07,0,0,0,0.00,0,F1,65,,,,,
2026-08-04,2026-08-04,FO,NSE,IDO,40971,,NIFTY,,2026-08-11,2026-08-11,23550.00,CE,NIFTY2681123550CE,984.85,984.85,944.75,963.00,963.00,1049.60,24614.90,963.00,2340,-975,55,87605462.75,20,F1,65,,,,,
2026-08-04,2026-08-04,FO,NSE,IDO,40951,,NIFTY,,2026-08-11,2026-08-11,23050.00,CE,NIFTY2681123050CE,0.00,0.00,0.00,1552.25,0.00,1552.25,24614.90,1592.09,0,0,0,0.00,0,F1,65,,,,,
2026-08-04,2026-08-04,FO,NSE,IDO,40943,,NIFTY,,2026-08-11,2026-08-11,22850.00,CE,NIFTY2681122850CE,0.00,0.00,0.00,1730.10,0.00,1730.10,24614.90,1791.61,0,0,0,0.00,0,F1,65,,,,,
2026-08-04,2026-08-04,FO,NSE,IDO,40917,,NIFTY,,2026-08-11,2026-08-11,22250.00,CE,NIFTY2681122250CE,0.00,0.00,0.00,2292.00,0.00,2292.00,24614.90,2390.83,0,0,0,0.00,0,F1,65,,,,,
2026-08-04,2026-08-04,FO,NSE,IDO,40915,,NIFTY,,2026-08-11,2026-08-11,22200.00,CE,NIFTY2681122200CE,0.00,0.00,0.00,2340.15,0.00,2340.15,24614.90,2440.77,0,0,0,0.00,0,F1,65,,,,,
2026-08-04,2026-08-04,FO,NSE,IDO,40905,,NIFTY,,2026-08-11,2026-08-11,21950.00,CE,NIFTY2681121950CE,0.00,0.00,0.00,2582.90,0.00,2582.90,24614.90,2690.48,0,0,0,0.00,0,F1,65,,,,,
2026-08-04,2026-08-04,FO,NSE,IDO,40879,,NIFTY,,2026-08-11,2026-08-11,21600.00,CE,NIFTY2681121600CE,0.00,0.00,0.00,2926.60,2926.60,2926.60,24614.90,3040.07,65,0,0,0.00,0,F1,65,,,,,
2026-08-04,2026-08-04,FO,NSE,IDO,66078,,NIFTY,,2026-08-04,2026-08-04,26500.00,CE,NIFTY2680426500CE,0.70,0.95,0.05,0.05,0.05,26.45,24614.90,24614.90,290225,290225,23142,39862463793.75,4958,F1,65,,,,,
2026-08-04,2026-08-04,FO,NSE,IDO,66062,,NIFTY,,2026-08-04,2026-08-04,26150.00,CE,NIFTY2680426150CE,0.45,0.60,0.05,0.05,0.05,0.35,24614.90,24614.90,275795,38935,14368,24422274656.00,2391,F1,65,,,,,
2026-08-04,2026-08-04,FO,NSE,IDO,66054,,NIFTY,,2026-08-04,2026-08-04,25950.00,CE,NIFTY2680425950CE,0.55,0.65,0.05,0.05,0.05,0.45,24614.90,24614.90,205140,78780,31732,53524505333.00,6211,F1,65,,,,,
2026-08-04,2026-08-04,FO,NSE,IDO,65947,,NIFTY,,2026-08-04,2026-08-04,25600.00,CE,NIFTY2680425600CE,0.40,0.75,0.05,0.05,0.05,0.55,24614.90,24614.90,2853370,1497080,284339,473146692668.00,43780,F1,65,,,,,
2026-08-04,2026-08-04,FO,NSE,IDO,65916,,NIFTY,,2026-08-04,2026-08-04,25000.00,CE,NIFTY2680425000CE,1.80,2.05,0.05,0.20,0.05,2.20,24614.90,24614.90,8923785,-2963350,3048686,4954263746477.50,500160,F1,65,,,,,
2026-08-04,2026-08-04,FO,NSE,IDO,65879,,NIFTY,,2026-08-04,2026-08-04,24650.00,CE,NIFTY2680424650CE,57.00,57.00,0.05,4.95,0.05,27.80,24614.90,24614.90,10664745,3201705,17035749,27310333205285.00,4091243,F1,65,,,,,
2026-08-04,2026-08-04,FO,NSE,IDO,65686,,NIFTY,,2026-08-04,2026-08-04,23850.00,CE,NIFTY2680423850CE,744.60,785.00,597.90,669.60,765.85,728.55,24614.90,24614.90,51480,-22945,1590,2535505076.00,1276,F1,65,,,,,
2026-08-04,2026-08-04,FO,NSE,IDO,65682,,NIFTY,,2026-08-04,2026-08-04,23750.00,CE,NIFTY2680423750CE,850.05,886.40,698.10,839.20,865.40,831.35,24614.90,24614.90,59605,-18395,1730,2761575271.00,1234,F1,65,,,,,
2026-08-04,2026-08-04,FO,NSE,IDO,62120,,NIFTY,,2026-08-25,2026-08-25,26450.00,PE,NIFTY26AUG26450PE,0.00,0.00,0.00,2328.90,0.00,2328.90,24614.90,1761.64,0,0,0,0.00,0,F1,65,,,,,
2026-08-04,2026-08-04,FO,NSE,IDO,62176,,NIFTY,,2026-08-25,2026-08-25,26700.00,PE,NIFTY26AUG26700PE,0.00,0.00,0.00,2541.20,0.00,2541.20,24614.90,2002.38,0,0,0,0.00,0,F1,65,,,,,
2026-08-04,2026-08-04,FO,NSE,IDO,62228,,NIFTY,,2026-08-25,2026-08-25,26950.00,PE,NIFTY26AUG26950PE,0.00,0.00,0.00,2758.95,0.00,2758.95,24614.90,2246.62,0,0,0,0.00,0,F1,65,,,,,
2026-08-04,2026-08-04,FO,NSE,IDO,62235,,NIFTY,,2026-08-25,2026-08-25,27050.00,PE,NIFTY26AUG27050PE,0.00,0.00,0.00,2847.45,0.00,2847.45,24614.90,2344.98,0,0,0,0.00,0,F1,65,,,,,
2026-08-04,2026-08-04,FO,NSE,IDO,46914,,NIFTY,,2026-09-01,2026-09-01,22200.00,PE,NIFTY2690122200PE,0.00,0.00,0.00,13.50,13.50,13.50,24614.90,3.76,1820,0,0,0.00,0,F1,65,,,,,
2026-08-04,2026-08-04,FO,NSE,IDO,46932,,NIFTY,,2026-09-01,2026-09-01,22650.00,PE,NIFTY2690122650PE,0.00,0.00,0.00,63.55,63.55,63.55,24614.90,12.52,65,0,0,0.00,0,F1,65,,,,,
2026-08-04,2026-08-04,FO,NSE,IDO,46980,,NIFTY,,2026-09-01,2026-09-01,23850.00,PE,NIFTY2690123850PE,76.60,83.40,67.30,82.75,82.05,167.55,24614.90,82.75,1105,650,20,31098915.25,13,F1,65,,,,,
2026-08-04,2026-08-04,FO,NSE,IDO,47008,,NIFTY,,2026-09-01,2026-09-01,24550.00,PE,NIFTY2690124550PE,270.00,311.50,270.00,275.70,275.70,655.90,24614.90,275.70,1170,1170,19,30682850.25,19,F1,65,,,,,
2026-08-04,2026-08-04,FO,NSE,IDO,47044,,NIFTY,,2026-09-01,2026-09-01,25450.00,PE,NIFTY2690125450PE,0.00,0.00,0.00,1266.10,0.00,1266.10,24614.90,907.08,0,0,0,0.00,0,F1,65,,,,,
2026-08-04,2026-08-04,FO,NSE,IDO,47080,,NIFTY,,2026-09-01,2026-09-01,26350.00,PE,NIFTY2690126350PE,0.00,0.00,0.00,2035.25,0.00,2035.25,24614.90,1659.48,0,0,0,0.00,0,F1,65,,,,,
2026-08-04,2026-08-04,FO,NSE,IDO,47101,,NIFTY,,2026-09-01,2026-09-01,26750.00,PE,NIFTY2690126750PE,0.00,0.00,0.00,2407.30,0.00,2407.30,24614.90,2033.11,0,0,0,0.00,0,F1,65,,,,,
2026-08-04,2026-08-04,FO,NSE,IDO,47113,,NIFTY,,2026-09-01,2026-09-01,27050.00,PE,NIFTY2690127050PE,0.00,0.00,0.00,2693.45,0.00,2693.45,24614.90,2321.57,0,0,0,0.00,0,F1,65,,,,,
2026-08-04,2026-08-04,FO,NSE,IDO,55281,,NIFTY,,2026-09-29,2026-09-29,16500.00,PE,NIFTY26SEP16500PE,3.45,3.50,3.00,3.45,3.45,3.45,24614.90,0.00,137865,-2860,45,48272376.75,13,F1,65,,,,,
2026-08-04,2026-08-04,FO,NSE,IDO,73832,,NIFTY,,2026-09-29,2026-09-29,21650.00,PE,NIFTY26SEP21650PE,0.00,0.00,0.00,20.30,20.10,20.30,24614.90,9.68,2860,0,0,0.00,0,F1,65,,,,,
2026-08-04,2026-08-04,FO,NSE,IDO,65531,,NIFTY,,2026-08-04,2026-08-04,23350.00,CE,NIFTY2680423350CE,1264.00,1264.00,1117.00,1117.00,1117.00,1252.20,24614.90,24614.90,21450,-130,9,14359917.00,8,F1,65,,,,,
2026-08-04,2026-08-04,FO,NSE,IDO,65521,,NIFTY,,2026-08-04,2026-08-04,23100.00,CE,NIFTY2680423100CE,1500.00,1534.70,1368.50,1378.80,1378.80,1469.50,24614.90,24614.90,15600,650,114,182289848.00,49,F1,65,,,,,
2026-08-04,2026-08-04,FO,NSE,IDO,65415,,NIFTY,,2026-08-04,2026-08-04,22150.00,CE,NIFTY2680422150CE,0.00,0.00,0.00,1883.40,0.00,1883.40,24614.90,24614.90,0,0,0,0.00,0,F1,65,,,,,
2026-08-04,2026-08-04,FO,NSE,IDO,65411,,NIFTY,,2026-08-04,2026-08-04,22050.00,CE,NIFTY2680422050CE,0.00,0.00,0.00,1974.35,0.00,1974.35,24614.90,24614.90,0,0,0,0.00,0,F1,65,,,,,
2026-08-04,2026-08-04,FO,NSE,IDF,58072,,NIFTY,,2026-08-25,2026-08-25,,,NIFTY26AUGFUT,24684.80,24697.00,24500.00,24555.60,24552.30,24649.40,24614.90,24555.60,11783590,-113295,63185,100958420836.00,41841,F1,65,,,,,
2026-08-04,2026-08-04,FO,NSE,IDO,73868,,NIFTY,,2026-09-29,2026-09-29,22050.00,PE,NIFTY26SEP22050PE,24.50,26.25,23.05,25.20,25.20,25.55,24614.90,20.44,2080,-260,11,15783173.25,9,F1,65,,,,,
2026-08-04,2026-08-04,FO,NSE,IDO,73870,,NIFTY,,2026-09-29,2026-09-29,22100.00,PE,NIFTY26SEP22100PE,26.30,27.65,24.20,25.40,26.65,26.80,24614.90,25.40,187330,520,399,573837030.00,232,F1,65,,,,,
2026-08-04,2026-08-04,FO,NSE,IDO,73880,,NIFTY,,2026-09-29,2026-09-29,22350.00,PE,NIFTY26SEP22350PE,30.40,32.35,24.70,30.25,30.25,31.10,24614.90,30.25,6955,-260,68,98910974.50,26,F1,65,,,,,
2026-08-04,2026-08-04,FO,NSE,IDO,73894,,NIFTY,,2026-09-29,2026-09-29,22750.00,PE,NIFTY26SEP22750PE,39.50,47.85,37.60,42.60,43.65,42.40,24614.90,42.60,10595,-975,107,158534671.75,61,F1,65,,,,,
2026-08-04,2026-08-04,FO,NSE,IDO,73911,,NIFTY,,2026-09-29,2026-09-29,23200.00,PE,NIFTY26SEP23200PE,77.95,77.95,57.65,67.65,68.90,64.45,24614.90,67.65,205790,-14300,2032,3072705086.75,1279,F1,65,,,,,
2026-08-04,2026-08-04,FO,NSE,IDO,73982,,NIFTY,,2026-09-29,2026-09-29,23450.00,PE,NIFTY26SEP23450PE,79.65,99.55,76.75,94.05,93.75,82.70,24614.90,94.05,33345,715,128,195832068.25,94,F1,65,,,,,
2026-08-04,2026-08-04,FO,NSE,IDO,74063,,NIFTY,,2026-09-29,2026-09-29,24050.00,PE,NIFTY26SEP24050PE,171.20,210.95,160.40,193.60,197.50,173.15,24614.90,193.60,61360,-11180,526,828658008.75,432,F1,65,,,,,
2026-08-04,2026-08-04,FO,NSE,IDO,74067,,NIFTY,,2026-09-29,2026-09-29,24150.00,PE,NIFTY26SEP24150PE,187.95,230.05,184.70,218.45,218.45,195.90,24614.90,218.45,13780,-715,102,161482499.75,68,F1,65,,,,,
2026-08-04,2026-08-04,FO,NSE,IDO,74362,,NIFTY,,2026-09-29,2026-09-29,24900.00,PE,NIFTY26SEP24900PE,466.00,555.20,445.90,512.00,512.95,476.40,24614.90,512.00,13845,650,155,255818046.25,129,F1,65,,,,,
2026-08-04,2026-08-04,FO,NSE,IDO,74385,,NIFTY,,2026-09-29,2026-09-29,25250.00,PE,NIFTY26SEP25250PE,650.00,650.00,650.00,650.00,650.00,822.50,24614.90,859.09,325,0,1,1683500.00,1,F1,65,,,,,
2026-08-04,2026-08-04,FO,NSE,IDO,74427,,NIFTY,,2026-09-29,2026-09-29,25900.00,PE,NIFTY26SEP25900PE,0.00,0.00,0.00,1145.00,1145.00,1145.00,24614.90,1294.41,130,0,0,0.00,0,F1,65,,,,,
2026-08-04,2026-08-04,FO,NSE,IDO,74480,,NIFTY,,2026-09-29,2026-09-29,26450.00,PE,NIFTY26SEP26450PE,0.00,0.00,0.00,2346.80,0.00,2346.80,24614.90,1725.48,0,0,0,0.00,0,F1,65,,,,,
2026-08-04,2026-08-04,FO,NSE,IDO,51337,,NIFTY,,2026-10-27,2026-10-27,22600.00,PE,NIFTY26OCT22600PE,57.50,59.15,54.80,59.15,59.15,197.50,24614.90,96.02,455,455,7,10309435.50,7,F1,65,,,,,
2026-08-04,2026-08-04,FO,NSE,IDO,51343,,NIFTY,,2026-10-27,2026-10-27,22750.00,PE,NIFTY26OCT22750PE,0.00,0.00,0.00,228.35,0.00,228.35,24614.90,114.03,0,0,0,0.00,0,F1,65,,,,,
2026-08-04,2026-08-04,FO,NSE,IDO,51353,,NIFTY,,2026-10-27,2026-10-27,23000.00,PE,NIFTY26OCT23000PE,81.50,91.15,75.00,85.45,87.30,81.70,24614.90,85.45,170365,20995,1986,2979714097.75,1209,F1,65,,,,,
2026-08-04,2026-08-04,FO,NSE,IDO,51423,,NIFTY,,2026-10-27,2026-10-27,24600.00,PE,NIFTY26OCT24600PE,377.95,434.20,363.35,419.90,421.00,386.25,24614.90,419.90,15535,910,144,233961393.25,89,F1,65,,,,,
2026-08-04,2026-08-04,FO,NSE,IDO,51435,,NIFTY,,2026-10-27,2026-10-27,24900.00,PE,NIFTY26OCT24900PE,495.95,570.00,484.25,542.80,546.60,511.75,24614.90,542.80,5720,2015,106,175063827.25,55,F1,65,,,,,
2026-08-04,2026-08-04,FO,NSE,IDO,51445,,NIFTY,,2026-10-27,2026-10-27,25100.00,PE,NIFTY26OCT25100PE,589.95,676.00,573.00,668.00,668.00,604.00,24614.90,847.52,845,390,24,40109914.00,22,F1,65,,,,,
2026-08-04,2026-08-04,FO,NSE,IDO,51447,,NIFTY,,2026-10-27,2026-10-27,25150.00,PE,NIFTY26OCT25150PE,0.00,0.00,0.00,639.15,639.15,639.15,24614.90,874.24,325,0,0,0.00,0,F1,65,,,,,
2026-08-04,2026-08-04,FO,NSE,IDO,51457,,NIFTY,,2026-10-27,2026-10-27,25400.00,PE,NIFTY26OCT25400PE,860.00,860.00,836.00,836.00,836.00,772.00,24614.90,1015.01,260,0,8,13648960.00,2,F1,65,,,,,
2026-08-04,2026-08-04,FO,NSE,IDO,51469,,NIFTY,,2026-10-27,2026-10-27,25500.00,PE,NIFTY26OCT25500PE,825.95,941.05,796.00,889.95,881.15,832.35,24614.90,889.95,76505,27170,891,1525706754.00,841,F1,65,,,,,
2026-08-04,2026-08-04,FO,NSE,IDO,51529,,NIFTY,,2026-10-27,2026-10-27,26950.00,PE,NIFTY26OCT26950PE,0.00,0.00,0.00,2675.85,0.00,2675.85,24614.90,2123.43,0,0,0,0.00,0,F1,65,,,,,
2026-08-04,2026-08-04,FO,NSE,IDO,58635,,NIFTY,,2026-12-29,2026-12-29,15000.00,PE,NIFTY26DEC15000PE,14.15,15.00,14.15,14.25,14.25,14.95,24614.90,0.00,115815,1170,21,20494942.00,9,F1,65,,,,,
2026-08-04,2026-08-04,FO,NSE,IDO,58637,,NIFTY,,2026-12-29,2026-12-29,16000.00,PE,NIFTY26DEC16000PE,16.90,17.55,15.90,17.25,17.25,17.00,24614.90,17.25,124730,845,75,78082719.00,21,F1,65,,,,,
2026-08-04,2026-08-04,FO,NSE,IDO,71502,,NIFTY,,2026-12-29,2026-12-29,24000.00,PE,NIFTY26DEC24000PE,307.65,343.95,296.80,321.60,328.70,316.85,24614.90,321.60,2173440,-42695,6377,10081519688.50,4470,F1,65,,,,,
2026-08-04,2026-08-04,FO,NSE,IDO,47191,,NIFTY,,2026-12-29,2026-12-29,33000.00,PE,NIFTY26DEC33000PE,0.00,0.00,0.00,5263.45,0.00,5263.45,24614.90,7528.05,0,0,0,0.00,0,F1,65,,,,,
2026-08-04,2026-08-04,FO,NSE,IDO,55429,,NIFTY,,2027-12-28,2027-12-28,28500.00,PE,NIFTY27DEC28500PE,0.00,0.00,0.00,2979.70,2979.70,2979.70,24614.90,2765.01,260,0,0,0.00,0,F1,65,,,,,
2026-08-04,2026-08-04,FO,NSE,IDO,55431,,NIFTY,,2027-12-28,2027-12-28,31500.00,PE,NIFTY27DEC31500PE,0.00,0.00,0.00,3240.00,0.00,3240.00,24614.90,4772.38,0,0,0,0.00,0,F1,65,,,,,
2026-08-04,2026-08-04,FO,NSE,IDO,47195,,NIFTY,,2027-12-28,2027-12-28,33000.00,PE,NIFTY27DEC33000PE,0.00,0.00,0.00,4155.55,0.00,4155.55,24614.90,5921.04,0,0,0,0.00,0,F1,65,,,,,
2026-08-04,2026-08-04,FO,NSE,IDO,55471,,NIFTY,,2028-06-27,2028-06-27,19500.00,PE,NIFTY28JUN19500PE,0.00,0.00,0.00,40.05,0.00,40.05,24614.90,125.26,0,0,0,0.00,0,F1,65,,,,,
2026-08-04,2026-08-04,FO,NSE,IDO,35353,,NIFTY,,2028-06-27,2028-06-27,30000.00,PE,NIFTY28JUN30000PE,0.00,0.00,0.00,3779.25,0.00,3779.25,24614.90,3398.75,0,0,0,0.00,0,F1,65,,,,,
2026-08-04,2026-08-04,FO,NSE,IDO,55517,,NIFTY,,2028-12-26,2028-12-26,16500.00,PE,NIFTY28DEC16500PE,0.00,0.00,0.00,5.90,0.00,5.90,24614.90,27.55,0,0,0,0.00,0,F1,65,,,,,
2026-08-04,2026-08-04,FO,NSE,IDO,61391,,NIFTY,,2029-12-24,2029-12-24,18000.00,PE,NIFTY29DEC18000PE,0.00,0.00,0.00,96.50,0.00,96.50,24614.90,97.55,0,0,0,0.00,0,F1,65,,,,,
2026-08-04,2026-08-04,FO,NSE,IDO,61747,,NIFTY,,2029-12-24,2029-12-24,23000.00,PE,NIFTY29DEC23000PE,0.00,0.00,0.00,865.00,865.00,865.00,24614.90,609.31,1560,0,0,0.00,0,F1,65,,,,,
2026-08-04,2026-08-04,FO,NSE,IDO,61779,,NIFTY,,2029-12-24,2029-12-24,26000.00,PE,NIFTY29DEC26000PE,0.00,0.00,0.00,2150.00,2150.00,2150.00,24614.90,1282.96,3665,0,0,0.00,0,F1,65,,,,,
2026-08-04,2026-08-04,FO,NSE,IDO,60905,,NIFTY,,2030-06-25,2030-06-25,24000.00,PE,NIFTY30JUN24000PE,0.00,0.00,0.00,698.15,0.00,698.15,24614.90,774.65,0,0,0,0.00,0,F1,65,,,,,
2026-08-04,2026-08-04,FO,NSE,IDO,55757,,NIFTY,,2030-12-31,2030-12-31,25500.00,PE,NIFTY30DEC25500PE,0.00,0.00,0.00,538.25,0.00,538.25,24614.90,1042.69,0,0,0,0.00,0,F1,65,,,,,
2026-08-04,2026-08-04,FO,NSE,IDO,74664,,NIFTY,,2031-06-24,2031-06-24,31500.00,PE,NIFTY31JUN31500PE,0.00,0.00,0.00,3185.85,0.00,3185.85,24614.90,2673.49,0,0,0,0.00,0,F1,65,,,,,
2026-08-04,2026-08-04,FO,NSE,IDO,41123,,NIFTY,,2026-08-11,2026-08-11,26800.00,CE,NIFTY2681126800CE,0.60,1.15,0.60,0.70,0.70,25.65,24614.90,0.70,53300,53300,1854,3229762669.25,1170,F1,65,,,,,
2026-08-04,2026-08-04,FO,NSE,IDO,41133,,NIFTY,,2026-08-11,2026-08-11,27050.00,CE,NIFTY2681127050CE,1.35,1.35,0.60,0.70,0.65,16.55,24614.90,0.70,650,650,29,50990829.50,22,F1,65,,,,,
2026-08-04,2026-08-04,FO,NSE,IDO,45019,,NIFTY,,2026-08-18,2026-08-18,22600.00,CE,NIFTY2681822600CE,0.00,0.00,0.00,1639.40,0.00,1639.40,24614.90,2068.46,0,0,0,0.00,0,F1,65,,,,,
2026-08-04,2026-08-04,FO,NSE,IDO,65370,,NIFTY,,2026-08-04,2026-08-04,22000.00,CE,NIFTY2680422000CE,2888.00,2888.00,2444.90,2753.50,2753.50,2579.95,24614.90,24614.90,6045,-2015,90,143895254.75,37,F1,65,,,,,
2026-08-04,2026-08-04,FO,NSE,IDO,74654,,NIFTY,,2031-06-24,2031-06-24,27000.00,PE,NIFTY31JUN27000PE,0.00,0.00,0.00,1653.15,0.00,1653.15,24614.90,1324.85,0,0,0,0.00,0,F1,65,,,,,
2026-08-04,2026-08-04,FO,NSE,IDO,55607,,NIFTY,,2029-12-24,2029-12-24,28500.00,PE,NIFTY29DEC28500PE,0.00,0.00,0.00,1255.90,0.00,1255.90,24614.90,2093.28,0,0,0,0.00,0,F1,65,,,,,
2026-08-04,2026-08-04,FO,NSE,IDO,61795,,NIFTY,,2029-12-24,2029-12-24,27000.00,PE,NIFTY29DEC27000PE,0.00,0.00,0.00,1177.90,0.00,1177.90,24614.90,1578.82,0,0,0,0.00,0,F1,65,,,,,
2026-08-04,2026-08-04,FO,NSE,IDO,55603,,NIFTY,,2029-12-24,2029-12-24,22500.00,PE,NIFTY29DEC22500PE,0.00,0.00,0.00,225.70,0.00,225.70,24614.90,527.05,0,0,0,0.00,0,F1,65,,,,,
2026-08-04,2026-08-04,FO,NSE,IDO,89649,,NIFTY,,2029-06-26,2029-06-26,33000.00,PE,NIFTY29JUN33000PE,0.00,0.00,0.00,3022.85,0.00,3022.85,24614.90,4463.74,0,0,0,0.00,0,F1,65,,,,,
2026-08-04,2026-08-04,FO,NSE,IDO,55565,,NIFTY,,2029-06-26,2029-06-26,28500.00,PE,NIFTY29JUN28500PE,0.00,0.00,0.00,1349.10,0.00,1349.10,24614.90,2238.54,0,0,0,0.00,0,F1,65,,,,,
2026-08-04,2026-08-04,FO,NSE,IDO,55523,,NIFTY,,2028-12-26,2028-12-26,25500.00,PE,NIFTY28DEC25500PE,0.00,0.00,0.00,648.20,0.00,648.20,24614.90,1240.32,0,0,0,0.00,0,F1,65,,,,,
2026-08-04,2026-08-04,FO,NSE,IDO,86152,,NIFTY,,2028-06-27,2028-06-27,24000.00,PE,NIFTY28JUN24000PE,0.00,0.00,0.00,1692.75,0.00,1692.75,24614.90,820.09,0,0,0,0.00,0,F1,65,,,,,
2026-08-04,2026-08-04,FO,NSE,IDO,53615,,NIFTY,,2027-12-28,2027-12-28,21000.00,PE,NIFTY27DEC21000PE,251.55,251.55,240.05,250.00,250.00,251.55,24614.90,250.00,16495,65,9,12427983.75,9,F1,65,,,,,
2026-08-04,2026-08-04,FO,NSE,IDO,53602,,NIFTY,,2027-12-28,2027-12-28,17000.00,PE,NIFTY27DEC17000PE,0.00,0.00,0.00,57.20,57.20,57.20,24614.90,13.14,17750,0,0,0.00,0,F1,65,,,,,
2026-08-04,2026-08-04,FO,NSE,IDO,55377,,NIFTY,,2027-06-29,2027-06-29,25500.00,PE,NIFTY27JUN25500PE,0.00,0.00,0.00,667.15,0.00,667.15,24614.90,1270.96,0,0,0,0.00,0,F1,65,,,,,
2026-08-04,2026-08-04,FO,NSE,IDO,71554,,NIFTY,,2027-06-29,2027-06-29,21000.00,PE,NIFTY27JUN21000PE,151.00,151.00,151.00,151.00,151.00,150.00,24614.90,138.49,5620,0,1,1374815.00,1,F1,65,,,,,
2026-08-04,2026-08-04,FO,NSE,IDO,51507,,NIFTY,,2026-10-27,2026-10-27,26400.00,PE,NIFTY26OCT26400PE,0.00,0.00,0.00,2204.40,0.00,2204.40,24614.90,1689.98,0,0,0,0.00,0,F1,65,,,,,
2026-08-04,2026-08-04,FO,NSE,IDO,51501,,NIFTY,,2026-10-27,2026-10-27,26250.00,PE,NIFTY26OCT26250PE,0.00,0.00,0.00,2081.05,0.00,2081.05,24614.90,1577.34,0,0,0,0.00,0,F1,65,,,,,
2026-08-04,2026-08-04,FO,NSE,IDO,51479,,NIFTY,,2026-10-27,2026-10-27,25700.00,PE,NIFTY26OCT25700PE,0.00,0.00,0.00,1653.05,0.00,1653.05,24614.90,1199.27,0,0,0,0.00,0,F1,65,,,,,
2026-08-04,2026-08-04,FO,NSE,IDO,51385,,NIFTY,,2026-10-27,2026-10-27,23800.00,PE,NIFTY26OCT23800PE,175.35,204.10,164.10,186.55,183.55,175.05,24614.90,186.55,28405,8710,242,377206921.00,158,F1,65,,,,,
2026-08-04,2026-08-04,FO,NSE,IDO,51383,,NIFTY,,2026-10-27,2026-10-27,23750.00,PE,NIFTY26OCT23750PE,0.00,0.00,0.00,529.65,0.00,529.65,24614.90,310.27,0,0,0,0.00,0,F1,65,,,,,
2026-08-04,2026-08-04,FO,NSE,IDO,51359,,NIFTY,,2026-10-27,2026-10-27,23150.00,PE,NIFTY26OCT23150PE,0.00,0.00,0.00,327.65,0.00,327.65,24614.90,175.13,0,0,0,0.00,0,F1,65,,,,,
2026-08-04,2026-08-04,FO,NSE,IDO,51351,,NIFTY,,2026-10-27,2026-10-27,22950.00,PE,NIFTY26OCT22950PE,0.00,0.00,0.00,274.90,0.00,274.90,24614.90,142.05,0,0,0,0.00,0,F1,65,,,,,
2026-08-04,2026-08-04,FO,NSE,IDO,51349,,NIFTY,,2026-10-27,2026-10-27,22900.00,PE,NIFTY26OCT22900PE,0.00,0.00,0.00,262.65,0.00,262.65,24614.90,134.59,0,0,0,0.00,0,F1,65,,,,,
2026-08-04,2026-08-04,FO,NSE,IDO,55293,,NIFTY,,2026-09-29,2026-09-29,34500.00,PE,NIFTY26SEP34500PE,0.00,0.00,0.00,7064.95,0.00,7064.95,24614.90,9538.56,0,0,0,0.00,0,F1,65,,,,,
2026-08-04,2026-08-04,FO,NSE,IDO,74439,,NIFTY,,2026-09-29,2026-09-29,26050.00,PE,NIFTY26SEP26050PE,0.00,0.00,0.00,2017.50,0.00,2017.50,24614.90,1407.14,0,0,0,0.00,0,F1,65,,,,,
2026-08-04,2026-08-04,FO,NSE,IDO,65905,,NIFTY,,2026-09-29,2026-09-29,26000.00,PE,NIFTY26SEP26000PE,1244.60,1378.00,1212.00,1334.60,1335.00,1252.05,24614.90,1334.60,771665,15015,487,862845597.25,435,F1,65,,,,,
2026-08-04,2026-08-04,FO,NSE,IDO,74406,,NIFTY,,2026-09-29,2026-09-29,25550.00,PE,NIFTY26SEP25550PE,0.00,0.00,0.00,1632.65,0.00,1632.65,24614.90,1048.91,0,0,0,0.00,0,F1,65,,,,,
2026-08-04,2026-08-04,FO,NSE,IDO,74387,,NIFTY,,2026-09-29,2026-09-29,25300.00,PE,NIFTY26SEP25300PE,683.05,779.60,672.30,779.60,779.60,709.10,24614.90,889.33,7410,4095,92,155507833.00,92,F1,65,,,,,
2026-08-04,2026-08-04,FO,NSE,IDO,74367,,NIFTY,,2026-09-29,2026-09-29,25050.00,PE,NIFTY26SEP25050PE,597.70,597.70,597.70,597.70,597.70,555.65,24614.90,743.92,260,0,1,1667100.50,1,F1,65,,,,,
2026-08-04,2026-08-04,FO,NSE,IDO,74360,,NIFTY,,2026-09-29,2026-09-29,24850.00,PE,NIFTY26SEP24850PE,487.10,520.00,482.65,488.85,482.65,455.85,24614.90,488.85,8320,-1625,86,141660408.50,46,F1,65,,,,,
2026-08-04,2026-08-04,FO,NSE,IDO,73905,,NIFTY,,2026-09-29,2026-09-29,23050.00,PE,NIFTY26SEP23050PE,53.95,60.30,49.75,57.35,57.00,54.35,24614.90,57.35,22815,130,40,60071550.50,29,F1,65,,,,,
2026-08-04,2026-08-04,FO,NSE,IDO,73882,,NIFTY,,2026-09-29,2026-09-29,22400.00,PE,NIFTY26SEP22400PE,29.25,33.85,27.85,30.60,30.60,31.65,24614.90,30.60,47450,-390,172,250776526.00,102,F1,65,,,,,
2026-08-04,2026-08-04,FO,NSE,IDO,47105,,NIFTY,,2026-09-01,2026-09-01,26850.00,PE,NIFTY2690126850PE,0.00,0.00,0.00,2502.10,0.00,2502.10,24614.90,2128.65,0,0,0,0.00,0,F1,65,,,,,
2026-08-04,2026-08-04,FO,NSE,IDO,47074,,NIFTY,,2026-09-01,2026-09-01,26200.00,PE,NIFTY2690126200PE,0.00,0.00,0.00,1899.45,0.00,1899.45,24614.90,1524.01,0,0,0,0.00,0,F1,65,,,,,
2026-08-04,2026-08-04,FO,NSE,IDO,47058,,NIFTY,,2026-09-01,2026-09-01,25800.00,PE,NIFTY2690125800PE,0.00,0.00,0.00,1550.85,0.00,1550.85,24614.90,1180.36,0,0,0,0.00,0,F1,65,,,,,
2026-08-04,2026-08-04,FO,NSE,IDO,47006,,NIFTY,,2026-09-01,2026-09-01,24500.00,PE,NIFTY2690124500PE,210.05,290.50,200.60,250.00,257.00,221.85,24614.90,250.00,59475,19630,879,1414113333.75,586,F1,65,,,,,
2026-08-04,2026-08-04,FO,NSE,IDO,47000,,NIFTY,,2026-09-01,2026-09-01,24350.00,PE,NIFTY2690124350PE,176.35,215.25,155.00,213.40,213.40,180.60,24614.90,288.95,1820,845,37,59012781.75,35,F1,65,,,,,
2026-08-04,2026-08-04,FO,NSE,IDO,46992,,NIFTY,,2026-09-01,2026-09-01,24150.00,PE,NIFTY2690124150PE,0.00,0.00,0.00,453.70,0.00,453.70,24614.90,220.19,0,0,0,0.00,0,F1,65,,,,,
2026-08-04,2026-08-04,FO,NSE,IDO,46954,,NIFTY,,2026-09-01,2026-09-01,23200.00,PE,NIFTY2690123200PE,26.85,31.80,22.90,27.65,27.50,26.75,24614.90,27.65,12285,65,88,132863783.00,57,F1,65,,,,,
2026-08-04,2026-08-04,FO,NSE,IDO,46946,,NIFTY,,2026-09-01,2026-09-01,23000.00,PE,NIFTY2690123000PE,20.20,24.75,18.05,22.20,20.80,22.40,24614.90,22.20,31200,-2925,255,381578060.50,149,F1,65,,,,,
2026-08-04,2026-08-04,FO,NSE,IDO,46930,,NIFTY,,2026-09-01,2026-09-01,22600.00,PE,NIFTY2690122600PE,12.00,12.00,12.00,12.00,12.00,14.60,24614.90,11.05,6955,0,1,1469780.00,1,F1,65,,,,,
2026-08-04,2026-08-04,FO,NSE,IDO,46928,,NIFTY,,2026-09-01,2026-09-01,22550.00,PE,NIFTY2690122550PE,13.40,13.70,12.65,13.15,13.70,13.00,24614.90,13.15,130,0,20,29332059.25,7,F1,65,,,,,
2026-08-04,2026-08-04,FO,NSE,IDO,46922,,NIFTY,,2026-09-01,2026-09-01,22400.00,PE,NIFTY2690122400PE,0.00,0.00,0.00,16.55,16.55,16.55,24614.90,6.56,2210,0,0,0.00,0,F1,65,,,,,
2026-08-04,2026-08-04,FO,NSE,IDO,62226,,NIFTY,,2026-08-25,2026-08-25,26900.00,PE,NIFTY26AUG26900PE,0.00,0.00,0.00,2715.00,0.00,2715.00,24614.90,2197.57,0,0,0,0.00,0,F1,65,,,,,
2026-08-04,2026-08-04,FO,NSE,IDO,62106,,NIFTY,,2026-08-25,2026-08-25,26350.00,PE,NIFTY26AUG26350PE,0.00,0.00,0.00,2245.70,0.00,2245.70,24614.90,1666.73,0,0,0,0.00,0,F1,65,,,,,
2026-08-04,2026-08-04,FO,NSE,IDO,62044,,NIFTY,,2026-08-25,2026-08-25,26050.00,PE,NIFTY26AUG26050PE,0.00,0.00,0.00,1763.20,1763.20,1763.20,24614.90,1388.68,260,0,0,0.00,0,F1,65,,,,,
2026-08-04,2026-08-04,FO,NSE,IDO,62039,,NIFTY,,2026-08-25,2026-08-25,26000.00,PE,NIFTY26AUG26000PE,1335.90,1500.00,1309.15,1439.50,1441.45,1352.15,24614.90,1439.50,2213510,-11375,1304,2321623856.50,1013,F1,65,,,,,
2026-08-04,2026-08-04,FO,NSE,IDO,61976,,NIFTY,,2026-08-25,2026-08-25,25500.00,PE,NIFTY26AUG25500PE,840.00,1015.00,826.45,955.25,963.65,878.10,24614.90,955.25,1400165,-19175,2538,4351921216.50,2075,F1,65,,,,,
2026-08-04,2026-08-04,FO,NSE,IDO,61703,,NIFTY,,2026-08-25,2026-08-25,24300.00,PE,NIFTY26AUG24300PE,125.00,184.40,110.05,153.60,156.70,128.55,24614.90,153.60,1324440,-71305,24415,38794581302.75,15793,F1,65,,,,,
2026-08-04,2026-08-04,FO,NSE,IDO,61518,,NIFTY,,2026-08-25,2026-08-25,23600.00,PE,NIFTY26AUG23600PE,28.80,45.30,28.40,36.95,37.65,34.55,24614.90,36.95,1044485,288080,18703,28733304843.75,10526,F1,65,,,,,
2026-08-04,2026-08-04,FO,NSE,IDO,61467,,NIFTY,,2026-08-25,2026-08-25,23350.00,PE,NIFTY26AUG23350PE,22.65,29.10,19.60,23.90,23.15,23.55,24614.90,23.90,52195,2535,1844,2801462098.50,1547,F1,65,,,,,
2026-08-04,2026-08-04,FO,NSE,IDO,61402,,NIFTY,,2026-08-25,2026-08-25,22600.00,PE,NIFTY26AUG22600PE,10.30,12.05,9.00,9.85,9.10,10.70,24614.90,9.85,114725,-44460,3578,5258461754.00,2554,F1,65,,,,,
2026-08-04,2026-08-04,FO,NSE,IDO,61400,,NIFTY,,2026-08-25,2026-08-25,22550.00,PE,NIFTY26AUG22550PE,9.25,11.50,8.70,9.60,8.70,10.25,24614.90,9.60,23270,1950,890,1305117323.25,765,F1,65,,,,,
2026-08-04,2026-08-04,FO,NSE,IDO,45260,,NIFTY,,2026-08-18,2026-08-18,26950.00,PE,NIFTY2681826950PE,0.00,0.00,0.00,2752.60,0.00,2752.60,24614.90,2273.27,0,0,0,0.00,0,F1,65,,,,,
2026-08-04,2026-08-04,FO,NSE,IDO,45244,,NIFTY,,2026-08-18,2026-08-18,26600.00,PE,NIFTY2681826600PE,0.00,0.00,0.00,2413.60,0.00,2413.60,24614.90,1926.34,0,0,0,0.00,0,F1,65,,,,,
2026-08-04,2026-08-04,FO,NSE,IDO,45207,,NIFTY,,2026-08-18,2026-08-18,26100.00,PE,NIFTY2681826100PE,0.00,0.00,0.00,1650.00,1650.00,1650.00,24614.90,1439.20,65,0,0,0.00,0,F1,65,,,,,
2026-08-04,2026-08-04,FO,NSE,IDO,45197,,NIFTY,,2026-08-18,2026-08-18,25900.00,PE,NIFTY2681825900PE,0.00,0.00,0.00,1759.20,0.00,1759.20,24614.90,1250.49,0,0,0,0.00,0,F1,65,,,,,
2026-08-04,2026-08-04,FO,NSE,IDO,45195,,NIFTY,,2026-08-18,2026-08-18,25850.00,PE,NIFTY2681825850PE,0.00,0.00,0.00,1714.30,0.00,1714.30,24614.90,1204.19,0,0,0,0.00,0,F1,65,,,,,
2026-08-04,2026-08-04,FO,NSE,IDO,45191,,NIFTY,,2026-08-18,2026-08-18,25750.00,PE,NIFTY2681825750PE,0.00,0.00,0.00,1625.45,0.00,1625.45,24614.90,1112.88,0,0,0,0.00,0,F1,65,,,,,
2026-08-04,2026-08-04,FO,NSE,IDO,45167,,NIFTY,,2026-08-18,2026-08-18,25400.00,PE,NIFTY2681825400PE,0.00,0.00,0.00,1150.00,1150.00,1150.00,24614.90,811.02,65,0,0,0.00,0,F1,65,,,,,
2026-08-04,2026-08-04,FO,NSE,IDO,45115,,NIFTY,,2026-08-18,2026-08-18,24550.00,PE,NIFTY2681824550PE,165.00,252.15,148.00,210.85,220.25,170.90,24614.90,210.85,53690,-1040,3648,5869299244.25,2495,F1,65,,,,,
2026-08-04,2026-08-04,FO,NSE,IDO,45099,,NIFTY,,2026-08-18,2026-08-18,24200.00,PE,NIFTY2681824200PE,67.25,110.55,57.20,88.45,91.15,71.60,24614.90,88.45,323635,44655,10659,16822982806.50,7075,F1,65,,,,,
2026-08-04,2026-08-04,FO,NSE,IDO,45083,,NIFTY,,2026-08-18,2026-08-18,23900.00,PE,NIFTY2681823900PE,32.65,50.45,26.40,40.45,41.40,35.45,24614.90,40.45,366340,95485,8016,12472358343.25,5768,F1,65,,,,,
2026-08-04,2026-08-04,FO,NSE,IDO,45059,,NIFTY,,2026-08-18,2026-08-18,23400.00,PE,NIFTY2681823400PE,14.20,15.20,9.70,12.60,11.00,14.05,24614.90,12.60,156780,16900,4236,6446330127.25,2682,F1,65,,,,,
2026-08-04,2026-08-04,FO,NSE,IDO,45053,,NIFTY,,2026-08-18,2026-08-18,23250.00,PE,NIFTY2681823250PE,9.00,11.55,7.95,9.95,8.95,11.75,24614.90,9.95,9945,2470,196,296328067.75,79,F1,65,,,,,
2026-08-04,2026-08-04,FO,NSE,IDO,45010,,NIFTY,,2026-08-18,2026-08-18,22400.00,PE,NIFTY2681822400PE,4.45,5.80,4.35,4.90,5.00,5.90,24614.90,4.90,13325,65,64,93204991.75,36,F1,65,,,,,
2026-08-04,2026-08-04,FO,NSE,IDO,41118,,NIFTY,,2026-08-11,2026-08-11,26650.00,PE,NIFTY2681126650PE,0.00,0.00,0.00,2130.15,0.00,2130.15,24614.90,2004.10,0,0,0,0.00,0,F1,65,,,,,
2026-08-04,2026-08-04,FO,NSE,IDO,41050,,NIFTY,,2026-08-11,2026-08-11,25300.00,PE,NIFTY2681125300PE,680.00,840.20,659.80,789.70,802.70,706.00,24614.90,789.70,9490,7280,177,299343495.75,132,F1,65,,,,,
2026-08-04,2026-08-04,FO,NSE,IDO,41038,,NIFTY,,2026-08-11,2026-08-11,25000.00,PE,NIFTY2681125000PE,408.50,559.00,377.90,508.05,513.00,427.75,24614.90,508.05,483405,174525,13775,22786667995.00,9328,F1,65,,,,,
2026-08-04,2026-08-04,FO,NSE,IDO,41006,,NIFTY,,2026-08-11,2026-08-11,24350.00,PE,NIFTY2681124350PE,54.35,112.00,42.60,82.20,84.95,61.20,24614.90,82.20,842855,-66950,120585,191453584468.25,72359,F1,65,,,,,
2026-08-04,2026-08-04,FO,NSE,IDO,40998,,NIFTY,,2026-08-11,2026-08-11,24150.00,PE,NIFTY2681124150PE,29.85,53.30,19.90,36.95,33.60,30.90,24614.90,36.95,690755,253565,83905,131901892434.00,54842,F1,65,,,,,
2026-08-04,2026-08-04,FO,NSE,IDO,40942,,NIFTY,,2026-08-11,2026-08-11,22800.00,PE,NIFTY2681122800PE,3.70,4.10,1.85,2.35,1.85,4.05,24614.90,2.35,694590,169065,33534,49703086049.50,10948,F1,65,,,,,
2026-08-04,2026-08-04,FO,NSE,IDO,40927,,NIFTY,,2026-08-11,2026-08-11,22450.00,PE,NIFTY2681122450PE,2.35,3.35,1.45,1.70,1.45,3.05,24614.90,1.70,24635,6370,1326,1935131516.50,613,F1,65,,,,,
2026-08-04,2026-08-04,FO,NSE,IDO,40880,,NIFTY,,2026-08-11,2026-08-11,21600.00,PE,NIFTY2681121600PE,2.05,2.15,0.95,1.10,1.05,2.00,24614.90,1.10,3836365,1645735,51718,72616367710.25,10572,F1,65,,,,,
2026-08-04,2026-08-04,FO,NSE,IDO,65931,,NIFTY,,2026-08-04,2026-08-04,25250.00,PE,NIFTY2680425250PE,617.00,801.00,616.85,678.80,634.30,1396.40,24614.90,24614.90,15535,15535,409,689974762.75,349,F1,65,,,,,
2026-08-04,2026-08-04,FO,NSE,IDO,65919,,NIFTY,,2026-08-04,2026-08-04,25050.00,PE,NIFTY2680425050PE,442.50,600.90,412.40,514.85,434.55,475.35,24614.90,24614.90,29380,18980,2191,3637314934.50,1796,F1,65,,,,,
2026-08-04,2026-08-04,FO,NSE,IDO,65917,,NIFTY,,2026-08-04,2026-08-04,25000.00,PE,NIFTY2680425000PE,378.30,567.30,360.00,448.65,384.60,422.75,24614.90,24614.90,96135,-163475,34941,57766567118.00,17884,F1,65,,,,,
2026-08-04,2026-08-04,FO,NSE,IDO,65872,,NIFTY,,2026-08-04,2026-08-04,24600.00,PE,NIFTY2680424600PE,39.70,171.30,0.05,12.70,0.05,69.20,24614.90,24614.90,14514955,2953405,17466099,27990023751612.00,6341817,F1,65,,,,,
2026-08-04,2026-08-04,FO,NSE,IDO,65452,,NIFTY,,2026-08-04,2026-08-04,22900.00,PE,NIFTY2680422900PE,0.75,0.80,0.05,0.05,0.05,0.95,24614.90,24614.90,1047475,-347035,39248,58421545663.00,8199,F1,65,,,,,
2026-08-04,2026-08-04,FO,NSE,IDO,65448,,NIFTY,,2026-08-04,2026-08-04,22800.00,PE,NIFTY2680422800PE,0.55,0.70,0.05,0.05,0.05,0.85,24614.90,24614.90,667030,-932945,52844,78315817043.75,8026,F1,65,,,,,
2026-08-04,2026-08-04,FO,NSE,IDO,74665,,NIFTY,,2031-06-24,2031-06-24,33000.00,CE,NIFTY31JUN33000CE,0.00,0.00,0.00,3451.55,0.00,3451.55,24614.90,3931.95,0,0,0,0.00,0,F1,65,,,,,
2026-08-04,2026-08-04,FO,NSE,IDO,74645,,NIFTY,,2031-06-24,2031-06-24,21000.00,CE,NIFTY31JUN21000CE,0.00,0.00,0.00,8900.75,0.00,8900.75,24614.90,9721.42,0,0,0,0.00,0,F1,65,,,,,
2026-08-04,2026-08-04,FO,NSE,IDO,55764,,NIFTY,,2030-12-31,2030-12-31,31500.00,CE,NIFTY30DEC31500CE,0.00,0.00,0.00,4554.55,0.00,4554.55,24614.90,3921.97,0,0,0,0.00,0,F1,65,,,,,
2026-08-04,2026-08-04,FO,NSE,IDO,60898,,NIFTY,,2030-06-25,2030-06-25,21000.00,CE,NIFTY30JUN21000CE,0.00,0.00,0.00,10421.65,0.00,10421.65,24614.90,8692.07,0,0,0,0.00,0,F1,65,,,,,
2026-08-04,2026-08-04,FO,NSE,IDO,61390,,NIFTY,,2029-12-24,2029-12-24,18000.00,CE,NIFTY29DEC18000CE,0.00,0.00,0.00,11362.40,0.00,11362.40,24614.90,10312.96,0,0,0,0.00,0,F1,65,,,,,
2026-08-04,2026-08-04,FO,NSE,IDO,55418,,NIFTY,,2027-12-28,2027-12-28,16500.00,CE,NIFTY27DEC16500CE,0.00,0.00,0.00,11316.40,0.00,11316.40,24614.90,9575.20,0,0,0,0.00,0,F1,65,,,,,
2026-08-04,2026-08-04,FO,NSE,IDO,80311,,NIFTY,,2027-03-30,2027-03-30,31500.00,CE,NIFTY27MAR31500CE,0.00,0.00,0.00,94.65,0.00,94.65,24614.90,107.89,0,0,0,0.00,0,F1,65,,,,,
2026-08-04,2026-08-04,FO,NSE,IDO,80276,,NIFTY,,2027-03-30,2027-03-30,27000.00,CE,NIFTY27MAR27000CE,344.60,348.90,318.85,324.25,320.05,341.85,24614.90,324.25,263640,10400,890,1581301881.25,493,F1,65,,,,,
2026-08-04,2026-08-04,FO,NSE,IDO,42136,,NIFTY,,2026-12-29,2026-12-29,31000.00,CE,NIFTY26DEC31000CE,13.90,14.40,13.00,13.05,13.05,13.90,24614.90,13.05,155610,240,65,131031163.25,26,F1,65,,,,,
2026-08-04,2026-08-04,FO,NSE,IDO,38158,,NIFTY,,2026-12-29,2026-12-29,29000.00,CE,NIFTY26DEC29000CE,24.30,26.15,23.70,24.60,24.35,25.15,24614.90,24.60,499890,7865,714,1347043636.25,475,F1,65,,,,,
2026-08-04,2026-08-04,FO,NSE,IDO,55330,,NIFTY,,2026-12-29,2026-12-29,28500.00,CE,NIFTY26DEC28500CE,33.10,37.35,31.90,33.45,32.00,33.90,24614.90,33.45,126165,-260,424,786375905.25,237,F1,65,,,,,
2026-08-04,2026-08-04,FO,NSE,IDO,50978,,NIFTY,,2026-12-29,2026-12-29,27000.00,CE,NIFTY26DEC27000CE,117.65,122.50,109.00,111.15,109.10,117.55,24614.90,111.15,2360145,39945,5408,9531650147.50,2745,F1,65,,,,,
2026-08-04,2026-08-04,FO,NSE,IDO,58648,,NIFTY,,2026-12-29,2026-12-29,22000.00,CE,NIFTY26DEC22000CE,3140.00,3183.25,3048.35,3085.35,3074.10,3130.10,24614.90,3085.35,261690,65,74,120702445.50,62,F1,65,,,,,
2026-08-04,2026-08-04,FO,NSE,IDO,51502,,NIFTY,,2026-10-27,2026-10-27,26300.00,CE,NIFTY26OCT26300CE,0.00,0.00,0.00,202.25,0.00,202.25,24614.90,325.35,0,0,0,0.00,0,F1,65,,,,,
2026-08-04,2026-08-04,FO,NSE,IDO,51484,,NIFTY,,2026-10-27,2026-10-27,25850.00,CE,NIFTY26OCT25850CE,0.00,0.00,0.00,288.85,0.00,288.85,24614.90,450.80,0,0,0,0.00,0,F1,65,,,,,
2026-08-04,2026-08-04,FO,NSE,IDO,51480,,NIFTY,,2026-10-27,2026-10-27,25750.00,CE,NIFTY26OCT25750CE,183.25,187.85,157.95,167.40,157.95,182.85,24614.90,167.40,24115,-650,122,205594249.25,82,F1,65,,,,,
2026-08-04,2026-08-04,FO,NSE,IDO,51432,,NIFTY,,2026-10-27,2026-10-27,24850.00,CE,NIFTY26OCT24850CE,0.00,0.00,0.00,544.00,544.00,544.00,24614.90,859.67,65,0,0,0.00,0,F1,65,,,,,
2026-08-04,2026-08-04,FO,NSE,IDO,51428,,NIFTY,,2026-10-27,2026-10-27,24750.00,CE,NIFTY26OCT24750CE,551.95,551.95,551.95,551.95,551.95,625.75,24614.90,551.95,65,65,1,1644626.75,1,F1,65,,,,,
2026-08-04,2026-08-04,FO,NSE,IDO,51396,,NIFTY,,2026-10-27,2026-10-27,24050.00,CE,NIFTY26OCT24050CE,0.00,0.00,0.00,952.70,0.00,952.70,24614.90,1325.37,0,0,0,0.00,0,F1,65,,,,,
2026-08-04,2026-08-04,FO,NSE,IDO,51376,,NIFTY,,2026-10-27,2026-10-27,23600.00,CE,NIFTY26OCT23600CE,0.00,0.00,0.00,1212.70,0.00,1212.70,24614.90,1640.16,0,0,0,0.00,0,F1,65,,,,,
2026-08-04,2026-08-04,FO,NSE,IDO,51370,,NIFTY,,2026-10-27,2026-10-27,23450.00,CE,NIFTY26OCT23450CE,0.00,0.00,0.00,1307.95,0.00,1307.95,24614.90,1752.63,0,0,0,0.00,0,F1,65,,,,,
2026-08-04,2026-08-04,FO,NSE,IDO,51360,,NIFTY,,2026-10-27,2026-10-27,23200.00,CE,NIFTY26OCT23200CE,0.00,0.00,0.00,1475.80,0.00,1475.80,24614.90,1947.82,0,0,0,0.00,0,F1,65,,,,,
2026-08-04,2026-08-04,FO,NSE,IDO,51344,,NIFTY,,2026-10-27,2026-10-27,22800.00,CE,NIFTY26OCT22800CE,0.00,0.00,0.00,1767.20,0.00,1767.20,24614.90,2278.15,0,0,0,0.00,0,F1,65,,,,,
2026-08-04,2026-08-04,FO,NSE,IDO,74503,,NIFTY,,2026-09-29,2026-09-29,27100.00,CE,NIFTY26SEP27100CE,0.00,0.00,0.00,95.60,0.00,95.60,24614.90,75.71,0,0,0,0.00,0,F1,65,,,,,
2026-08-04,2026-08-04,FO,NSE,IDO,74493,,NIFTY,,2026-09-29,2026-09-29,26800.00,CE,NIFTY26SEP26800CE,0.00,0.00,0.00,124.80,0.00,124.80,24614.90,106.82,0,0,0,0.00,0,F1,65,,,,,
2026-08-04,2026-08-04,FO,NSE,IDO,74465,,NIFTY,,2026-09-29,2026-09-29,26200.00,CE,NIFTY26SEP26200CE,39.00,39.65,28.20,34.35,32.15,34.70,24614.90,34.35,150345,27170,5254,8959774846.75,3904,F1,65,,,,,
2026-08-04,2026-08-04,FO,NSE,IDO,74407,,NIFTY,,2026-09-29,2026-09-29,25600.00,CE,NIFTY26SEP25600CE,0.00,0.00,0.00,329.10,0.00,329.10,24614.90,354.50,0,0,0,0.00,0,F1,65,,,,,
2026-08-04,2026-08-04,FO,NSE,IDO,74372,,NIFTY,,2026-09-29,2026-09-29,25200.00,CE,NIFTY26SEP25200CE,226.25,235.00,188.20,197.05,192.35,219.70,24614.90,197.05,166790,33475,1590,2625669650.50,1165,F1,65,,,,,
2026-08-04,2026-08-04,FO,NSE,IDO,74007,,NIFTY,,2026-09-29,2026-09-29,23700.00,CE,NIFTY26SEP23700CE,1190.10,1190.10,1087.40,1095.60,1095.60,1166.40,24614.90,1367.99,15210,65,8,12900530.50,8,F1,65,,,,,
2026-08-04,2026-08-04,FO,NSE,IDO,73903,,NIFTY,,2026-09-29,2026-09-29,23000.00,CE,NIFTY26SEP23000CE,1820.00,1834.00,1672.55,1712.50,1709.20,1791.40,24614.90,1712.50,125905,-325,141,226749666.00,114,F1,65,,,,,
2026-08-04,2026-08-04,FO,NSE,IDO,73895,,NIFTY,,2026-09-29,2026-09-29,22800.00,CE,NIFTY26SEP22800CE,0.00,0.00,0.00,1650.50,1650.50,1650.50,24614.90,2112.06,455,0,0,0.00,0,F1,65,,,,,
2026-08-04,2026-08-04,FO,NSE,IDO,73873,,NIFTY,,2026-09-29,2026-09-29,22200.00,CE,NIFTY26SEP22200CE,0.00,0.00,0.00,2158.90,0.00,2158.90,24614.90,2664.41,0,0,0,0.00,0,F1,65,,,,,
2026-08-04,2026-08-04,FO,NSE,IDO,47110,,NIFTY,,2026-09-01,2026-09-01,27000.00,CE,NIFTY2690127000CE,2.15,4.70,2.15,4.70,4.70,21.05,24614.90,13.68,260,260,6,10531153.75,3,F1,65,,,,,
2026-08-04,2026-08-04,FO,NSE,IDO,46989,,NIFTY,,2026-09-01,2026-09-01,24100.00,CE,NIFTY2690124100CE,693.00,718.70,581.40,619.80,600.00,681.90,24614.90,619.80,19175,260,75,120517104.50,67,F1,65,,,,,
2026-08-04,2026-08-04,FO,NSE,IDO,46911,,NIFTY,,2026-09-01,2026-09-01,22150.00,CE,NIFTY2690122150CE,0.00,0.00,0.00,2218.80,0.00,2218.80,24614.90,2571.22,0,0,0,0.00,0,F1,65,,,,,
2026-08-04,2026-08-04,FO,NSE,IDO,46909,,NIFTY,,2026-09-01,2026-09-01,22100.00,CE,NIFTY2690122100CE,0.00,0.00,0.00,2265.95,0.00,2265.95,24614.90,2620.54,0,0,0,0.00,0,F1,65,,,,,
2026-08-04,2026-08-04,FO,NSE,IDO,62242,,NIFTY,,2026-08-25,2026-08-25,27200.00,CE,NIFTY26AUG27200CE,2.05,2.60,1.30,1.60,1.40,97.10,24614.90,1.60,11700,11700,437,772669228.50,239,F1,65,,,,,
2026-08-04,2026-08-04,FO,NSE,IDO,61921,,NIFTY,,2026-08-25,2026-08-25,25150.00,CE,NIFTY26AUG25150CE,65.00,70.90,49.10,54.45,52.95,63.30,24614.90,54.45,160485,38220,3812,6245963291.75,2773,F1,65,,,,,
2026-08-04,2026-08-04,FO,NSE,IDO,61778,,NIFTY,,2026-08-25,2026-08-25,24650.00,CE,NIFTY26AUG24650CE,235.80,266.00,189.10,205.20,202.15,240.60,24614.90,205.20,160225,47060,6574,10630780930.25,5276,F1,65,,,,,
2026-08-04,2026-08-04,FO,NSE,IDO,61685,,NIFTY,,2026-08-25,2026-08-25,24300.00,CE,NIFTY26AUG24300CE,498.00,499.00,376.65,408.40,403.50,462.70,24614.90,408.40,985790,-103935,9901,15916244175.00,7193,F1,65,,,,,
2026-08-04,2026-08-04,FO,NSE,IDO,61671,,NIFTY,,2026-08-25,2026-08-25,24250.00,CE,NIFTY26AUG24250CE,519.00,553.45,410.00,442.00,447.60,505.70,24614.90,442.00,95875,-3705,545,875780584.25,443,F1,65,,,,,
2026-08-04,2026-08-04,FO,NSE,IDO,61517,,NIFTY,,2026-08-25,2026-08-25,23600.00,CE,NIFTY26AUG23600CE,972.55,1101.00,951.55,989.30,995.00,1080.60,24614.90,989.30,218010,1040,74,118297013.25,53,F1,65,,,,,
2026-08-04,2026-08-04,FO,NSE,IDO,61468,,NIFTY,,2026-08-25,2026-08-25,23400.00,CE,NIFTY26AUG23400CE,1290.00,1303.50,1130.00,1180.00,1180.00,1272.20,24614.90,1180.00,23465,-780,43,68787748.25,40,F1,65,,,,,
2026-08-04,2026-08-04,FO,NSE,IDO,61445,,NIFTY,,2026-08-25,2026-08-25,23200.00,CE,NIFTY26AUG23200CE,0.00,0.00,0.00,1444.95,1444.95,1444.95,24614.90,1520.74,28015,0,0,0.00,0,F1,65,,,,,
2026-08-04,2026-08-04,FO,NSE,IDO,61409,,NIFTY,,2026-08-25,2026-08-25,22700.00,CE,NIFTY26AUG22700CE,0.00,0.00,0.00,1610.65,1610.60,1610.65,24614.90,2000.39,5850,0,0,0.00,0,F1,65,,,,,
2026-08-04,2026-08-04,FO,NSE,IDO,61399,,NIFTY,,2026-08-25,2026-08-25,22550.00,CE,NIFTY26AUG22550CE,0.00,0.00,0.00,1773.25,1773.25,1773.25,24614.90,2147.54,130,0,0,0.00,0,F1,65,,,,,
2026-08-04,2026-08-04,FO,NSE,IDO,61356,,NIFTY,,2026-08-25,2026-08-25,22100.00,CE,NIFTY26AUG22100CE,0.00,0.00,0.00,2281.05,0.00,2281.05,24614.90,2592.88,0,0,0,0.00,0,F1,65,,,,,
2026-08-04,2026-08-04,FO,NSE,IDO,45261,,NIFTY,,2026-08-18,2026-08-18,27000.00,CE,NIFTY2681827000CE,1.35,1.35,0.50,1.05,1.05,9.10,24614.90,0.78,65,65,20,35101579.50,5,F1,65,,,,,
2026-08-04,2026-08-04,FO,NSE,IDO,45249,,NIFTY,,2026-08-18,2026-08-18,26750.00,CE,NIFTY2681826750CE,1.50,1.50,1.50,1.50,1.50,14.55,24614.90,1.92,650,650,10,17388475.00,1,F1,65,,,,,
2026-08-04,2026-08-04,FO,NSE,IDO,45243,,NIFTY,,2026-08-18,2026-08-18,26600.00,CE,NIFTY2681826600CE,1.60,1.60,1.45,1.55,1.55,19.05,24614.90,3.20,130,130,18,31123829.75,3,F1,65,,,,,
2026-08-04,2026-08-04,FO,NSE,IDO,45210,,NIFTY,,2026-08-18,2026-08-18,26200.00,CE,NIFTY2681826200CE,2.00,3.90,1.45,2.20,1.50,37.65,24614.90,2.20,31460,31460,682,1161533584.25,416,F1,65,,,,,
2026-08-04,2026-08-04,FO,NSE,IDO,45166,,NIFTY,,2026-08-18,2026-08-18,25400.00,CE,NIFTY2681825400CE,14.50,16.10,9.70,11.85,11.25,13.05,24614.90,11.85,222885,136175,6514,10759524009.00,3793,F1,65,,,,,
2026-08-04,2026-08-04,FO,NSE,IDO,45164,,NIFTY,,2026-08-18,2026-08-18,25350.00,CE,NIFTY2681825350CE,16.60,19.35,11.65,13.90,14.30,15.65,24614.90,13.90,21125,12415,752,1239814046.25,469,F1,65,,,,,
2026-08-04,2026-08-04,FO,NSE,IDO,45162,,NIFTY,,2026-08-18,2026-08-18,25300.00,CE,NIFTY2681825300CE,20.65,23.20,14.05,16.70,16.40,18.90,24614.90,16.70,497640,318370,16309,26838268034.50,9014,F1,65,,,,,
2026-08-04,2026-08-04,FO,NSE,IDO,45104,,NIFTY,,2026-08-18,2026-08-18,24350.00,CE,NIFTY2681824350CE,380.15,397.80,278.00,314.15,307.15,370.90,24614.90,314.15,24505,8970,816,1308700672.50,556,F1,65,,,,,
2026-08-04,2026-08-04,FO,NSE,IDO,45102,,NIFTY,,2026-08-18,2026-08-18,24300.00,CE,NIFTY2681824300CE,412.50,431.55,315.25,343.05,340.00,400.05,24614.90,343.05,119795,-17290,2381,3815578091.00,1478,F1,65,,,,,
2026-08-04,2026-08-04,FO,NSE,IDO,45084,,NIFTY,,2026-08-18,2026-08-18,23950.00,CE,NIFTY2681823950CE,700.00,700.00,594.00,622.55,622.55,695.65,24614.90,800.45,2535,-130,6,9583960.75,6,F1,65,,,,,
2026-08-04,2026-08-04,FO,NSE,IDO,45023,,NIFTY,,2026-08-18,2026-08-18,22700.00,CE,NIFTY2681822700CE,0.00,0.00,0.00,1551.05,0.00,1551.05,24614.90,1969.18,0,0,0,0.00,0,F1,65,,,,,
2026-08-04,2026-08-04,FO,NSE,IDO,45011,,NIFTY,,2026-08-18,2026-08-18,22450.00,CE,NIFTY2681822450CE,0.00,0.00,0.00,1774.75,0.00,1774.75,24614.90,2217.66,0,0,0,0.00,0,F1,65,,,,,
2026-08-04,2026-08-04,FO,NSE,IDO,41079,,NIFTY,,2026-08-11,2026-08-11,26000.00,CE,NIFTY2681126000CE,1.15,1.30,0.85,1.10,0.95,1.10,24614.90,1.10,5407935,1993745,142735,241231488020.25,28507,F1,65,,,,,
2026-08-04,2026-08-04,FO,NSE,IDO,41061,,NIFTY,,2026-08-11,2026-08-11,25600.00,CE,NIFTY2681125600CE,3.15,5.65,2.10,2.85,2.65,3.10,24614.90,2.85,5550090,5038800,191499,318686139499.00,60978,F1,65,,,,,
2026-08-04,2026-08-04,FO,NSE,IDO,41051,,NIFTY,,2026-08-11,2026-08-11,25350.00,CE,NIFTY2681125350CE,6.65,7.00,3.70,4.70,4.00,6.30,24614.90,4.70,554255,404170,39914,65780010084.75,18870,F1,65,,,,,
2026-08-04,2026-08-04,FO,NSE,IDO,41049,,NIFTY,,2026-08-11,2026-08-11,25300.00,CE,NIFTY2681125300CE,8.30,8.35,4.45,5.40,5.05,7.35,24614.90,5.40,3858140,2181010,153312,252174796165.50,50955,F1,65,,,,,
2026-08-04,2026-08-04,FO,NSE,IDO,40987,,NIFTY,,2026-08-11,2026-08-11,23900.00,CE,NIFTY2681123900CE,721.60,750.00,575.00,621.80,613.70,702.65,24614.90,621.80,220870,6760,759,1211528795.75,608,F1,65,,,,,
2026-08-04,2026-08-04,FO,NSE,IDO,40979,,NIFTY,,2026-08-11,2026-08-11,23750.00,CE,NIFTY2681123750CE,839.25,900.00,722.00,761.40,760.15,855.50,24614.90,761.40,10400,1820,62,98843907.50,53,F1,65,,,,,
2026-08-04,2026-08-04,FO,NSE,IDO,40945,,NIFTY,,2026-08-11,2026-08-11,22900.00,CE,NIFTY2681122900CE,0.00,0.00,0.00,1120.00,1120.00,1120.00,24614.90,1741.71,195,0,0,0.00,0,F1,65,,,,,
2026-08-04,2026-08-04,FO,NSE,IDO,40919,,NIFTY,,2026-08-11,2026-08-11,22300.00,CE,NIFTY2681122300CE,0.00,0.00,0.00,2244.00,0.00,2244.00,24614.90,2340.89,0,0,0,0.00,0,F1,65,,,,,
2026-08-04,2026-08-04,FO,NSE,IDO,40913,,NIFTY,,2026-08-11,2026-08-11,22150.00,CE,NIFTY2681122150CE,0.00,0.00,0.00,2388.45,0.00,2388.45,24614.90,2490.71,0,0,0,0.00,0,F1,65,,,,,
2026-08-04,2026-08-04,FO,NSE,IDO,40909,,NIFTY,,2026-08-11,2026-08-11,22050.00,CE,NIFTY2681122050CE,0.00,0.00,0.00,2485.45,0.00,2485.45,24614.90,2590.60,0,0,0,0.00,0,F1,65,,,,,
2026-08-04,2026-08-04,FO,NSE,IDO,66066,,NIFTY,,2026-08-04,2026-08-04,26200.00,CE,NIFTY2680426200CE,0.35,0.80,0.05,0.05,0.05,0.35,24614.90,24614.90,1280565,166400,83368,141977210872.25,15156,F1,65,,,,,
2026-08-04,2026-08-04,FO,NSE,IDO,66058,,NIFTY,,2026-08-04,2026-08-04,26050.00,CE,NIFTY2680426050CE,0.75,0.85,0.05,0.05,0.05,0.40,24614.90,24614.90,439205,251095,41017,69452707103.00,7643,F1,65,,,,,
2026-08-04,2026-08-04,FO,NSE,IDO,66006,,NIFTY,,2026-08-04,2026-08-04,25750.00,CE,NIFTY2680425750CE,0.60,0.70,0.05,0.05,0.05,0.50,24614.90,24614.90,656955,298675,76947,128791655213.00,13295,F1,65,,,,,
2026-08-04,2026-08-04,FO,NSE,IDO,65684,,NIFTY,,2026-08-04,2026-08-04,23800.00,CE,NIFTY2680423800CE,753.10,837.00,638.00,735.55,815.10,776.90,24614.90,24614.90,334750,-66755,3325,5305107278.25,2387,F1,65,,,,,
2026-08-04,2026-08-04,FO,NSE,IDO,65672,,NIFTY,,2026-08-04,2026-08-04,23500.00,CE,NIFTY2680423500CE,907.55,1137.55,907.55,1055.80,1115.85,1076.95,24614.90,24614.90,104715,-82095,2107,3363751017.25,1319,F1,65,,,,,
2026-08-04,2026-08-04,FO,NSE,IDO,65588,,NIFTY,,2026-08-04,2026-08-04,23450.00,CE,NIFTY2680423450CE,1176.75,1176.75,1009.00,1017.85,1017.85,1128.95,24614.90,24614.90,30940,-715,50,79656271.50,38,F1,65,,,,,
2026-08-04,2026-08-04,FO,NSE,IDO,65435,,NIFTY,,2026-08-04,2026-08-04,22550.00,CE,NIFTY2680422550CE,0.00,0.00,0.00,1533.15,0.00,1533.15,24614.90,24614.90,0,0,0,0.00,0,F1,65,,,,,
2026-08-04,2026-08-04,FO,NSE,IDO,51527,,NIFTY,,2026-10-27,2026-10-27,26900.00,PE,NIFTY26OCT26900PE,0.00,0.00,0.00,2631.85,0.00,2631.85,24614.90,2082.40,0,0,0,0.00,0,F1,65,,,,,
2026-08-04,2026-08-04,FO,NSE,IDO,51495,,NIFTY,,2026-10-27,2026-10-27,26100.00,PE,NIFTY26OCT26100PE,0.00,0.00,0.00,1960.30,0.00,1960.30,24614.90,1469.37,0,0,0,0.00,0,F1,65,,,,,
2026-08-04,2026-08-04,FO,NSE,IDF,68407,,NIFTY,,2026-09-29,2026-09-29,,,NIFTY26SEPFUT,24799.00,24813.70,24628.00,24683.50,24670.00,24760.00,24614.90,24683.50,1155895,36920,3985,6403063010.50,3154,F1,65,,,,,
2026-08-04,2026-08-04,FO,NSE,IDO,65244,,NIFTY,,2026-08-04,2026-08-04,21900.00,CE,NIFTY2680421900CE,2700.00,2700.00,2700.00,2700.00,2700.00,2380.00,24614.90,24614.90,650,0,6,9594000.00,1,F1,65,,,,,
2026-08-04,2026-08-04,FO,NSE,IDO,65423,,NIFTY,,2026-08-04,2026-08-04,22300.00,CE,NIFTY2680422300CE,0.00,0.00,0.00,1749.25,0.00,1749.25,24614.90,24614.90,0,0,0,0.00,0,F1,65,,,,,
2026-08-04,2026-08-04,FO,NSE,IDO,65437,,NIFTY,,2026-08-04,2026-08-04,22600.00,CE,NIFTY2680422600CE,0.00,0.00,0.00,1491.15,0.00,1491.15,24614.90,24614.90,0,0,0,0.00,0,F1,65,,,,,
2026-08-04,2026-08-04,FO,NSE,IDO,65449,,NIFTY,,2026-08-04,2026-08-04,22850.00,CE,NIFTY2680422850CE,0.00,0.00,0.00,1385.90,1385.90,1385.90,24614.90,24614.90,65,0,0,0.00,0,F1,65,,,,,
2026-08-04,2026-08-04,FO,NSE,IDO,65680,,NIFTY,,2026-08-04,2026-08-04,23700.00,CE,NIFTY2680423700CE,912.15,939.15,747.85,835.75,914.95,874.80,24614.90,24614.90,98865,-44200,1801,2873044463.25,1322,F1,65,,,,,
2026-08-04,2026-08-04,FO,NSE,IDO,65910,,NIFTY,,2026-08-04,2026-08-04,24850.00,CE,NIFTY2680424850CE,7.00,7.00,0.05,0.85,0.05,4.65,24614.90,24614.90,3879265,-424645,3214984,5193292254182.50,498741,F1,65,,,,,
2026-08-04,2026-08-04,FO,NSE,IDO,65926,,NIFTY,,2026-08-04,2026-08-04,25200.00,CE,NIFTY2680425200CE,0.95,0.95,0.05,0.05,0.05,1.00,24614.90,24614.90,5216380,546325,1389426,2275926343453.75,249580,F1,65,,,,,
2026-08-04,2026-08-04,FO,NSE,IDO,66080,,NIFTY,,2026-08-04,2026-08-04,26550.00,CE,NIFTY2680426550CE,0.60,0.70,0.05,0.05,0.05,24.45,24614.90,24614.90,53820,53820,1501,2590368963.00,648,F1,65,,,,,
2026-08-04,2026-08-04,FO,NSE,IDO,66086,,NIFTY,,2026-08-04,2026-08-04,26700.00,CE,NIFTY2680426700CE,0.50,0.90,0.05,0.10,0.05,19.25,24614.90,24614.90,67470,67470,4276,7421038163.50,1233,F1,65,,,,,
2026-08-04,2026-08-04,FO,NSE,IDO,40923,,NIFTY,,2026-08-11,2026-08-11,22400.00,CE,NIFTY2681122400CE,0.00,0.00,0.00,2148.50,0.00,2148.50,24614.90,2241.01,0,0,0,0.00,0,F1,65,,,,,
2026-08-04,2026-08-04,FO,NSE,IDO,40931,,NIFTY,,2026-08-11,2026-08-11,22550.00,CE,NIFTY2681122550CE,0.00,0.00,0.00,2006.75,0.00,2006.75,24614.90,2091.19,0,0,0,0.00,0,F1,65,,,,,
2026-08-04,2026-08-04,FO,NSE,IDO,40957,,NIFTY,,2026-08-11,2026-08-11,23200.00,CE,NIFTY2681123200CE,1420.00,1432.60,1293.00,1305.00,1305.00,1403.40,24614.90,1305.00,4745,-325,10,15957864.00,6,F1,65,,,,,
2026-08-04,2026-08-04,FO,NSE,IDO,41043,,NIFTY,,2026-08-11,2026-08-11,25150.00,CE,NIFTY2681125150CE,13.40,13.60,6.55,9.05,6.55,11.50,24614.90,9.05,841165,486460,62650,102454481486.50,31073,F1,65,,,,,
2026-08-04,2026-08-04,FO,NSE,IDO,41143,,NIFTY,,2026-08-11,2026-08-11,27200.00,CE,NIFTY2681127200CE,0.60,1.10,0.55,0.70,0.60,12.60,24614.90,0.70,199745,199745,5077,8976363236.75,904,F1,65,,,,,
2026-08-04,2026-08-04,FO,NSE,IDO,44993,,NIFTY,,2026-08-18,2026-08-18,22200.00,CE,NIFTY2681822200CE,0.00,0.00,0.00,2006.50,0.00,2006.50,24614.90,2466.75,0,0,0,0.00,0,F1,65,,,,,
2026-08-04,2026-08-04,FO,NSE,IDO,45007,,NIFTY,,2026-08-18,2026-08-18,22400.00,CE,NIFTY2681822400CE,0.00,0.00,0.00,1820.55,0.00,1820.55,24614.90,2267.44,0,0,0,0.00,0,F1,65,,,,,
2026-08-04,2026-08-04,FO,NSE,IDO,45045,,NIFTY,,2026-08-18,2026-08-18,23100.00,CE,NIFTY2681823100CE,0.00,0.00,0.00,1193.70,1193.70,1193.70,24614.90,1575.35,130,0,0,0.00,0,F1,65,,,,,
2026-08-04,2026-08-04,FO,NSE,IDO,45094,,NIFTY,,2026-08-18,2026-08-18,24100.00,CE,NIFTY2681824100CE,564.50,603.00,456.80,500.55,496.70,559.25,24614.90,500.55,50895,-3705,331,529663790.50,192,F1,65,,,,,
2026-08-04,2026-08-04,FO,NSE,IDO,45108,,NIFTY,,2026-08-18,2026-08-18,24450.00,CE,NIFTY2681824450CE,307.70,324.75,227.65,249.10,240.20,297.90,24614.90,249.10,70005,50830,2792,4483227011.25,1825,F1,65,,,,,
2026-08-04,2026-08-04,FO,NSE,IDO,45142,,NIFTY,,2026-08-18,2026-08-18,24850.00,CE,NIFTY2681824850CE,96.90,112.65,73.90,81.40,80.55,99.35,24614.90,81.40,71175,22490,2253,3652293911.50,1707,F1,65,,,,,
2026-08-04,2026-08-04,FO,NSE,IDO,45158,,NIFTY,,2026-08-18,2026-08-18,25250.00,CE,NIFTY2681825250CE,25.90,27.80,17.20,20.10,18.90,24.05,24614.90,20.10,37180,15925,1943,3191607565.25,1455,F1,65,,,,,
2026-08-04,2026-08-04,FO,NSE,IDO,45204,,NIFTY,,2026-08-18,2026-08-18,26050.00,CE,NIFTY2681826050CE,3.15,3.45,2.40,2.70,2.60,3.45,24614.90,2.70,2990,-1105,44,74511092.50,27,F1,65,,,,,
2026-08-04,2026-08-04,FO,NSE,IDO,45208,,NIFTY,,2026-08-18,2026-08-18,26150.00,CE,NIFTY2681826150CE,3.00,3.10,1.75,2.15,1.80,2.85,24614.90,2.15,22035,4810,345,586467030.50,132,F1,65,,,,,
2026-08-04,2026-08-04,FO,NSE,IDO,45253,,NIFTY,,2026-08-18,2026-08-18,26850.00,CE,NIFTY2681826850CE,1.35,1.35,0.90,0.90,0.90,12.10,24614.90,0.90,130,130,20,34906693.25,4,F1,65,,,,,
2026-08-04,2026-08-04,FO,NSE,IDO,61352,,NIFTY,,2026-08-25,2026-08-25,22000.00,CE,NIFTY26AUG22000CE,2651.05,2679.00,2490.00,2542.30,2544.00,2618.80,24614.90,2542.30,665860,-130,285,455344506.50,216,F1,65,,,,,
2026-08-04,2026-08-04,FO,NSE,IDO,61366,,NIFTY,,2026-08-25,2026-08-25,22200.00,CE,NIFTY26AUG22200CE,0.00,0.00,0.00,1900.00,1900.00,1900.00,24614.90,2493.60,390,0,0,0.00,0,F1,65,,,,,
2026-08-04,2026-08-04,FO,NSE,IDO,61372,,NIFTY,,2026-08-25,2026-08-25,22250.00,CE,NIFTY26AUG22250CE,0.00,0.00,0.00,1585.40,1585.40,1585.40,24614.90,2444.00,65,0,0,0.00,0,F1,65,,,,,
2026-08-04,2026-08-04,FO,NSE,IDO,61380,,NIFTY,,2026-08-25,2026-08-25,22400.00,CE,NIFTY26AUG22400CE,0.00,0.00,0.00,2067.80,2067.80,2067.80,24614.90,2295.49,2145,0,0,0.00,0,F1,65,,,,,
2026-08-04,2026-08-04,FO,NSE,IDO,61416,,NIFTY,,2026-08-25,2026-08-25,22800.00,CE,NIFTY26AUG22800CE,1770.00,1779.70,1750.00,1750.00,1750.00,1523.75,24614.90,1902.90,6110,-1755,27,43113713.50,18,F1,65,,,,,
2026-08-04,2026-08-04,FO,NSE,IDO,61422,,NIFTY,,2026-08-25,2026-08-25,22850.00,CE,NIFTY26AUG22850CE,1725.00,1725.00,1725.00,1725.00,1725.00,1268.65,24614.90,1854.38,650,-65,2,3194750.00,2,F1,65,,,,,
2026-08-04,2026-08-04,FO,NSE,IDO,61493,,NIFTY,,2026-08-25,2026-08-25,23450.00,CE,NIFTY26AUG23450CE,0.00,0.00,0.00,906.30,906.30,906.30,24614.90,1291.83,2340,0,0,0.00,0,F1,65,,,,,
2026-08-04,2026-08-04,FO,NSE,IDO,61499,,NIFTY,,2026-08-25,2026-08-25,23500.00,CE,NIFTY26AUG23500CE,1197.10,1207.60,1031.50,1081.80,1072.95,1169.55,24614.90,1081.80,527150,-8710,932,1491818601.00,764,F1,65,,,,,
2026-08-04,2026-08-04,FO,NSE,IDO,61610,,NIFTY,,2026-08-25,2026-08-25,24100.00,CE,NIFTY26AUG24100CE,631.90,663.00,519.35,557.95,552.30,626.85,24614.90,557.95,1418040,-30615,2243,3601252603.00,1853,F1,65,,,,,
2026-08-04,2026-08-04,FO,NSE,IDO,61855,,NIFTY,,2026-08-25,2026-08-25,24850.00,CE,NIFTY26AUG24850CE,144.75,166.00,114.85,125.25,131.95,148.45,24614.90,125.25,138125,2990,4049,6578020566.00,3356,F1,65,,,,,
2026-08-04,2026-08-04,FO,NSE,IDO,61913,,NIFTY,,2026-08-25,2026-08-25,25100.00,CE,NIFTY26AUG25100CE,74.30,83.65,56.65,62.65,61.00,73.35,24614.90,62.65,892710,66040,18769,30702645554.75,14038,F1,65,,,,,
2026-08-04,2026-08-04,FO,NSE,IDO,62234,,NIFTY,,2026-08-25,2026-08-25,27050.00,CE,NIFTY26AUG27050CE,2.05,2.60,1.65,1.95,1.95,110.80,24614.90,1.95,3250,3250,89,156496418.00,32,F1,65,,,,,
2026-08-04,2026-08-04,FO,NSE,IDO,46959,,NIFTY,,2026-09-01,2026-09-01,23350.00,CE,NIFTY2690123350CE,0.00,0.00,0.00,1182.50,0.00,1182.50,24614.90,1431.86,0,0,0,0.00,0,F1,65,,,,,
2026-08-04,2026-08-04,FO,NSE,IDO,46985,,NIFTY,,2026-09-01,2026-09-01,24000.00,CE,NIFTY2690124000CE,808.50,808.50,645.15,690.00,680.40,752.95,24614.90,690.00,6110,-585,29,46580940.25,22,F1,65,,,,,
2026-08-04,2026-08-04,FO,NSE,IDO,46995,,NIFTY,,2026-09-01,2026-09-01,24250.00,CE,NIFTY2690124250CE,596.95,596.95,596.95,596.95,596.95,554.65,24614.90,730.69,650,0,1,1615051.75,1,F1,65,,,,,
2026-08-04,2026-08-04,FO,NSE,IDO,46999,,NIFTY,,2026-09-01,2026-09-01,24350.00,CE,NIFTY2690124350CE,0.00,0.00,0.00,492.40,492.40,492.40,24614.90,667.16,65,0,0,0.00,0,F1,65,,,,,
2026-08-04,2026-08-04,FO,NSE,IDO,47001,,NIFTY,,2026-09-01,2026-09-01,24400.00,CE,NIFTY2690124400CE,459.70,459.70,377.60,399.50,403.90,459.70,24614.90,399.50,1755,585,53,85434667.50,37,F1,65,,,,,
2026-08-04,2026-08-04,FO,NSE,IDO,47025,,NIFTY,,2026-09-01,2026-09-01,25000.00,CE,NIFTY2690125000CE,149.00,157.05,114.85,124.35,124.10,143.05,24614.90,124.35,97890,33280,1553,2537503107.75,1070,F1,65,,,,,
2026-08-04,2026-08-04,FO,NSE,IDO,47057,,NIFTY,,2026-09-01,2026-09-01,25800.00,CE,NIFTY2690125800CE,17.00,18.80,15.30,15.30,15.30,66.10,24614.90,15.30,195,130,8,13424706.75,8,F1,65,,,,,
2026-08-04,2026-08-04,FO,NSE,IDO,47061,,NIFTY,,2026-09-01,2026-09-01,25900.00,CE,NIFTY2690125900CE,14.50,16.35,11.65,13.55,12.80,12.80,24614.90,13.55,24830,9425,525,884328198.00,311,F1,65,,,,,
2026-08-04,2026-08-04,FO,NSE,IDO,47063,,NIFTY,,2026-09-01,2026-09-01,25950.00,CE,NIFTY2690125950CE,0.00,0.00,0.00,97.35,0.00,97.35,24614.90,91.47,0,0,0,0.00,0,F1,65,,,,,
2026-08-04,2026-08-04,FO,NSE,IDO,47108,,NIFTY,,2026-09-01,2026-09-01,26950.00,CE,NIFTY2690126950CE,2.50,4.80,2.50,4.80,4.80,22.80,24614.90,15.14,780,780,13,22775044.50,3,F1,65,,,,,
2026-08-04,2026-08-04,FO,NSE,IDO,73867,,NIFTY,,2026-09-29,2026-09-29,22050.00,CE,NIFTY26SEP22050CE,0.00,0.00,0.00,2284.20,0.00,2284.20,24614.90,2806.82,0,0,0,0.00,0,F1,65,,,,,
2026-08-04,2026-08-04,FO,NSE,IDO,73889,,NIFTY,,2026-09-29,2026-09-29,22650.00,CE,NIFTY26SEP22650CE,0.00,0.00,0.00,1410.05,1410.05,1410.05,24614.90,2247.01,325,0,0,0.00,0,F1,65,,,,,
2026-08-04,2026-08-04,FO,NSE,IDO,73904,,NIFTY,,2026-09-29,2026-09-29,23050.00,CE,NIFTY26SEP23050CE,0.00,0.00,0.00,1601.70,1601.70,1601.70,24614.90,1893.07,390,0,0,0.00,0,F1,65,,,,,
2026-08-04,2026-08-04,FO,NSE,IDO,73923,,NIFTY,,2026-09-29,2026-09-29,23300.00,CE,NIFTY26SEP23300CE,1420.00,1420.00,1420.00,1420.00,1420.00,1541.65,24614.90,1682.75,1040,0,1,1606800.00,1,F1,65,,,,,
2026-08-04,2026-08-04,FO,NSE,IDO,74003,,NIFTY,,2026-09-29,2026-09-29,23600.00,CE,NIFTY26SEP23600CE,0.00,0.00,0.00,1237.45,1237.45,1237.45,24614.90,1443.92,4875,0,0,0.00,0,F1,65,,,,,
2026-08-04,2026-08-04,FO,NSE,IDO,74060,,NIFTY,,2026-09-29,2026-09-29,24050.00,CE,NIFTY26SEP24050CE,886.65,920.00,851.55,851.55,851.55,885.10,24614.90,1118.13,4550,0,7,11347420.50,7,F1,65,,,,,
2026-08-04,2026-08-04,FO,NSE,IDO,74116,,NIFTY,,2026-09-29,2026-09-29,24450.00,CE,NIFTY26SEP24450CE,604.75,604.75,530.00,551.25,539.95,600.65,24614.90,551.25,10465,2145,58,94238846.00,57,F1,65,,,,,
2026-08-04,2026-08-04,FO,NSE,IDO,74370,,NIFTY,,2026-09-29,2026-09-29,25150.00,CE,NIFTY26SEP25150CE,247.50,252.45,205.45,213.15,216.60,240.45,24614.90,213.15,59735,-780,135,222639602.25,117,F1,65,,,,,
2026-08-04,2026-08-04,FO,NSE,IDO,74471,,NIFTY,,2026-09-29,2026-09-29,26300.00,CE,NIFTY26SEP26300CE,91.05,91.05,91.05,91.05,91.05,190.45,24614.90,182.24,130,130,2,3430836.50,1,F1,65,,,,,
2026-08-04,2026-08-04,FO,NSE,IDO,74499,,NIFTY,,2026-09-29,2026-09-29,26950.00,CE,NIFTY26SEP26950CE,0.00,0.00,0.00,109.35,0.00,109.35,24614.90,90.13,0,0,0,0.00,0,F1,65,,,,,
2026-08-04,2026-08-04,FO,NSE,IDO,65929,,NIFTY,,2026-09-29,2026-09-29,33000.00,CE,NIFTY26SEP33000CE,2.10,2.10,1.40,2.00,2.00,2.10,24614.90,0.00,28535,-130,7,15015854.75,7,F1,65,,,,,
2026-08-04,2026-08-04,FO,NSE,IDO,51372,,NIFTY,,2026-10-27,2026-10-27,23500.00,CE,NIFTY26OCT23500CE,1512.00,1512.00,1389.95,1445.05,1446.95,1521.95,24614.90,1445.05,12870,325,15,24317101.25,15,F1,65,,,,,
2026-08-04,2026-08-04,FO,NSE,IDO,51404,,NIFTY,,2026-10-27,2026-10-27,24250.00,CE,NIFTY26OCT24250CE,0.00,0.00,0.00,735.00,735.00,735.00,24614.90,1197.40,65,0,0,0.00,0,F1,65,,,,,
2026-08-04,2026-08-04,FO,NSE,IDO,51454,,NIFTY,,2026-10-27,2026-10-27,25350.00,CE,NIFTY26OCT25350CE,0.00,0.00,0.00,417.40,0.00,417.40,24614.90,631.80,0,0,0,0.00,0,F1,65,,,,,
2026-08-04,2026-08-04,FO,NSE,IDO,51498,,NIFTY,,2026-10-27,2026-10-27,26200.00,CE,NIFTY26OCT26200CE,0.00,0.00,0.00,219.35,0.00,219.35,24614.90,349.62,0,0,0,0.00,0,F1,65,,,,,
2026-08-04,2026-08-04,FO,NSE,IDO,51516,,NIFTY,,2026-10-27,2026-10-27,26650.00,CE,NIFTY26OCT26650CE,0.00,0.00,0.00,150.80,0.00,150.80,24614.90,247.14,0,0,0,0.00,0,F1,65,,,,,
2026-08-04,2026-08-04,FO,NSE,IDO,55322,,NIFTY,,2026-12-29,2026-12-29,16500.00,CE,NIFTY26DEC16500CE,0.00,0.00,0.00,10405.00,0.00,10405.00,24614.90,8546.43,0,0,0,0.00,0,F1,65,,,,,
2026-08-04,2026-08-04,FO,NSE,IDO,58642,,NIFTY,,2026-12-29,2026-12-29,19000.00,CE,NIFTY26DEC19000CE,5980.00,5980.00,5900.00,5922.65,5922.65,5980.00,24614.90,6114.38,58110,195,4,6482684.00,4,F1,65,,,,,
2026-08-04,2026-08-04,FO,NSE,IDO,80249,,NIFTY,,2027-03-30,2027-03-30,19500.00,CE,NIFTY27MAR19500CE,0.00,0.00,0.00,4365.40,0.00,4365.40,24614.90,5956.42,0,0,0,0.00,0,F1,65,,,,,
2026-08-04,2026-08-04,FO,NSE,IDO,80313,,NIFTY,,2027-03-30,2027-03-30,33000.00,CE,NIFTY27MAR33000CE,0.00,0.00,0.00,48.60,0.00,48.60,24614.90,48.20,0,0,0,0.00,0,F1,65,,,,,
2026-08-04,2026-08-04,FO,NSE,IDO,53603,,NIFTY,,2027-12-28,2027-12-28,18000.00,CE,NIFTY27DEC18000CE,0.00,0.00,0.00,6285.70,0.00,6285.70,24614.90,8229.52,0,0,0,0.00,0,F1,65,,,,,
2026-08-04,2026-08-04,FO,NSE,IDO,86151,,NIFTY,,2028-06-27,2028-06-27,24000.00,CE,NIFTY28JUN24000CE,0.00,0.00,0.00,3918.85,0.00,3918.85,24614.90,4253.58,0,0,0,0.00,0,F1,65,,,,,
2026-08-04,2026-08-04,FO,NSE,IDO,35352,,NIFTY,,2028-06-27,2028-06-27,30000.00,CE,NIFTY28JUN30000CE,0.00,0.00,0.00,2278.45,0.00,2278.45,24614.90,1536.89,0,0,0,0.00,0,F1,65,,,,,
2026-08-04,2026-08-04,FO,NSE,IDO,55520,,NIFTY,,2028-12-26,2028-12-26,22500.00,CE,NIFTY28DEC22500CE,0.00,0.00,0.00,7382.90,0.00,7382.90,24614.90,5912.17,0,0,0,0.00,0,F1,65,,,,,
2026-08-04,2026-08-04,FO,NSE,IDO,55526,,NIFTY,,2028-12-26,2028-12-26,31500.00,CE,NIFTY28DEC31500CE,0.00,0.00,0.00,2327.60,0.00,2327.60,24614.90,1673.03,0,0,0,0.00,0,F1,65,,,,,
2026-08-04,2026-08-04,FO,NSE,IDO,55566,,NIFTY,,2029-06-26,2029-06-26,31500.00,CE,NIFTY29JUN31500CE,0.00,0.00,0.00,2878.65,0.00,2878.65,24614.90,2221.75,0,0,0,0.00,0,F1,65,,,,,
2026-08-04,2026-08-04,FO,NSE,IDO,61748,,NIFTY,,2029-12-24,2029-12-24,24000.00,CE,NIFTY29DEC24000CE,0.00,0.00,0.00,7730.00,0.00,7730.00,24614.90,6215.03,0,0,0,0.00,0,F1,65,,,,,
2026-08-04,2026-08-04,FO,NSE,IDO,62006,,NIFTY,,2029-12-24,2029-12-24,33000.00,CE,NIFTY29DEC33000CE,0.00,0.00,0.00,3816.05,0.00,3816.05,24614.90,2321.13,0,0,0,0.00,0,F1,65,,,,,
2026-08-04,2026-08-04,FO,NSE,IDO,55698,,NIFTY,,2030-12-31,2030-12-31,18000.00,CE,NIFTY30DEC18000CE,0.00,0.00,0.00,12674.15,0.00,12674.15,24614.90,11263.00,0,0,0,0.00,0,F1,65,,,,,
2026-08-04,2026-08-04,FO,NSE,IDO,65167,,NIFTY,,2026-08-04,2026-08-04,21750.00,PE,NIFTY2680421750PE,0.45,0.50,0.05,0.05,0.05,0.50,24614.90,24614.90,96915,22880,2398,3390197879.25,633,F1,65,,,,,
2026-08-04,2026-08-04,FO,NSE,IDO,65245,,NIFTY,,2026-08-04,2026-08-04,21900.00,PE,NIFTY2680421900PE,0.45,0.65,0.05,0.05,0.05,0.55,24614.90,24614.90,134420,-57655,4776,6798704243.50,1315,F1,65,,,,,
2026-08-04,2026-08-04,FO,NSE,IDO,65424,,NIFTY,,2026-08-04,2026-08-04,22300.00,PE,NIFTY2680422300PE,0.55,0.70,0.05,0.05,0.05,0.65,24614.90,24614.90,232245,-64155,10786,15634467260.75,3363,F1,65,,,,,
2026-08-04,2026-08-04,FO,NSE,IDO,65432,,NIFTY,,2026-08-04,2026-08-04,22450.00,PE,NIFTY2680422450PE,0.50,0.65,0.05,0.10,0.10,0.70,24614.90,24614.90,118495,-13390,6592,9619463067.50,1876,F1,65,,,,,
2026-08-04,2026-08-04,FO,NSE,IDO,74660,,NIFTY,,2031-06-24,2031-06-24,30000.00,PE,NIFTY31JUN30000PE,0.00,0.00,0.00,2616.25,0.00,2616.25,24614.90,2165.33,0,0,0,0.00,0,F1,65,,,,,
2026-08-04,2026-08-04,FO,NSE,IDO,61720,,NIFTY,,2026-08-25,2026-08-25,24400.00,CE,NIFTY26AUG24400CE,422.50,426.00,315.55,343.60,337.45,393.00,24614.90,343.60,997945,-2860,26152,42081703007.50,16749,F1,65,,,,,
2026-08-04,2026-08-04,FO,NSE,IDO,74652,,NIFTY,,2031-06-24,2031-06-24,25500.00,PE,NIFTY31JUN25500PE,0.00,0.00,0.00,1262.85,0.00,1262.85,24614.90,992.86,0,0,0,0.00,0,F1,65,,,,,
2026-08-04,2026-08-04,FO,NSE,IDO,74650,,NIFTY,,2031-06-24,2031-06-24,24000.00,PE,NIFTY31JUN24000PE,0.00,0.00,0.00,933.85,933.85,933.85,24614.90,717.58,65,0,0,0.00,0,F1,65,,,,,
2026-08-04,2026-08-04,FO,NSE,IDO,65436,,NIFTY,,2026-08-04,2026-08-04,22550.00,PE,NIFTY2680422550PE,0.60,0.65,0.05,0.05,0.05,0.70,24614.90,24614.90,144755,-98930,10111,14820356950.75,2526,F1,65,,,,,
2026-08-04,2026-08-04,FO,NSE,IDO,65446,,NIFTY,,2026-08-04,2026-08-04,22750.00,PE,NIFTY2680422750PE,0.60,0.75,0.05,0.05,0.05,0.80,24614.90,24614.90,198770,-62205,11812,17467182684.25,3345,F1,65,,,,,
2026-08-04,2026-08-04,FO,NSE,IDO,65524,,NIFTY,,2026-08-04,2026-08-04,23150.00,PE,NIFTY2680423150PE,0.80,0.95,0.05,0.05,0.05,1.20,24614.90,24614.90,315510,-967525,51946,78167069103.50,14527,F1,65,,,,,
2026-08-04,2026-08-04,FO,NSE,IDO,65913,,NIFTY,,2026-08-04,2026-08-04,24900.00,PE,NIFTY2680424900PE,307.60,462.00,262.95,354.65,284.75,325.35,24614.90,24614.90,80730,5265,60265,98816449702.75,35994,F1,65,,,,,
2026-08-04,2026-08-04,FO,NSE,IDO,65925,,NIFTY,,2026-08-04,2026-08-04,25150.00,PE,NIFTY2680425150PE,532.85,700.25,515.90,626.90,534.55,572.50,24614.90,24614.90,26780,17030,1080,1808779973.00,969,F1,65,,,,,
2026-08-04,2026-08-04,FO,NSE,IDO,65927,,NIFTY,,2026-08-04,2026-08-04,25200.00,PE,NIFTY2680425200PE,584.00,759.45,566.45,642.35,585.90,622.75,24614.90,24614.90,29250,3315,1994,3347552994.50,1384,F1,65,,,,,
2026-08-04,2026-08-04,FO,NSE,IDO,66089,,NIFTY,,2026-08-04,2026-08-04,26750.00,PE,NIFTY2680426750PE,0.00,0.00,0.00,2753.80,0.00,2753.80,24614.90,24614.90,0,0,0,0.00,0,F1,65,,,,,
2026-08-04,2026-08-04,FO,NSE,IDO,66101,,NIFTY,,2026-08-04,2026-08-04,27050.00,PE,NIFTY2680427050PE,0.00,0.00,0.00,3044.65,0.00,3044.65,24614.90,24614.90,0,0,0,0.00,0,F1,65,,,,,
2026-08-04,2026-08-04,FO,NSE,IDO,66103,,NIFTY,,2026-08-04,2026-08-04,27100.00,PE,NIFTY2680427100PE,2627.00,2627.00,2255.95,2255.95,2255.95,3093.45,24614.90,24614.90,0,0,2,3840391.75,2,F1,65,,,,,
2026-08-04,2026-08-04,FO,NSE,IDO,40886,,NIFTY,,2026-08-11,2026-08-11,21650.00,PE,NIFTY2681121650PE,2.10,2.10,1.10,1.20,1.20,2.40,24614.90,1.20,18655,6565,569,800776288.00,261,F1,65,,,,,
2026-08-04,2026-08-04,FO,NSE,IDO,40962,,NIFTY,,2026-08-11,2026-08-11,23300.00,PE,NIFTY2681123300PE,6.00,6.25,3.00,4.15,3.25,6.75,24614.90,4.15,1402375,-25740,66736,101091257286.50,23397,F1,65,,,,,
2026-08-04,2026-08-04,FO,NSE,IDO,41026,,NIFTY,,2026-08-11,2026-08-11,24750.00,PE,NIFTY2681124750PE,223.35,346.70,192.15,295.80,300.00,228.50,24614.90,295.80,88270,32500,16834,27350979451.25,11000,F1,65,,,,,
2026-08-04,2026-08-04,FO,NSE,IDO,41036,,NIFTY,,2026-08-11,2026-08-11,24950.00,PE,NIFTY2681124950PE,361.50,505.00,337.00,462.10,476.85,384.70,24614.90,462.10,9425,2600,926,1526199200.50,691,F1,65,,,,,
2026-08-04,2026-08-04,FO,NSE,IDO,41048,,NIFTY,,2026-08-11,2026-08-11,25250.00,PE,NIFTY2681125250PE,0.00,0.00,0.00,985.30,985.30,985.30,24614.90,650.02,65,0,0,0.00,0,F1,65,,,,,
2026-08-04,2026-08-04,FO,NSE,IDO,41052,,NIFTY,,2026-08-11,2026-08-11,25350.00,PE,NIFTY2681125350PE,724.00,724.00,724.00,724.00,724.00,747.05,24614.90,737.21,650,520,8,13558480.00,4,F1,65,,,,,
2026-08-04,2026-08-04,FO,NSE,IDO,41076,,NIFTY,,2026-08-11,2026-08-11,25900.00,PE,NIFTY2681125900PE,0.00,0.00,0.00,2100.00,2100.00,2100.00,24614.90,1258.34,65,0,0,0.00,0,F1,65,,,,,
2026-08-04,2026-08-04,FO,NSE,IDO,41082,,NIFTY,,2026-08-11,2026-08-11,26050.00,PE,NIFTY2681126050PE,0.00,0.00,0.00,1584.30,0.00,1584.30,24614.90,1406.41,0,0,0,0.00,0,F1,65,,,,,
2026-08-04,2026-08-04,FO,NSE,IDO,41110,,NIFTY,,2026-08-11,2026-08-11,26450.00,PE,NIFTY2681126450PE,0.00,0.00,0.00,1943.90,0.00,1943.90,24614.90,1804.47,0,0,0,0.00,0,F1,65,,,,,
2026-08-04,2026-08-04,FO,NSE,IDO,41126,,NIFTY,,2026-08-11,2026-08-11,26850.00,PE,NIFTY2681126850PE,0.00,0.00,0.00,2319.50,0.00,2319.50,24614.90,2203.83,0,0,0,0.00,0,F1,65,,,,,
2026-08-04,2026-08-04,FO,NSE,IDO,45004,,NIFTY,,2026-08-18,2026-08-18,22300.00,PE,NIFTY2681822300PE,5.00,5.40,3.70,4.25,4.05,5.65,24614.90,4.25,13975,1755,235,340697773.00,97,F1,65,,,,,
2026-08-04,2026-08-04,FO,NSE,IDO,45042,,NIFTY,,2026-08-18,2026-08-18,23000.00,PE,NIFTY2681823000PE,8.60,10.05,6.50,7.75,7.00,9.65,24614.90,7.75,353925,89505,6965,10416283062.25,3666,F1,65,,,,,
2026-08-04,2026-08-04,FO,NSE,IDO,45228,,NIFTY,,2026-08-18,2026-08-18,26400.00,PE,NIFTY2681826400PE,0.00,0.00,0.00,2222.70,0.00,2222.70,24614.90,1729.70,0,0,0,0.00,0,F1,65,,,,,
2026-08-04,2026-08-04,FO,NSE,IDO,45252,,NIFTY,,2026-08-18,2026-08-18,26800.00,PE,NIFTY2681826800PE,0.00,0.00,0.00,2606.70,0.00,2606.70,24614.90,2124.29,0,0,0,0.00,0,F1,65,,,,,
2026-08-04,2026-08-04,FO,NSE,IDO,45269,,NIFTY,,2026-08-18,2026-08-18,27150.00,PE,NIFTY2681827150PE,0.00,0.00,0.00,2948.25,0.00,2948.25,24614.90,2472.30,0,0,0,0.00,0,F1,65,,,,,
2026-08-04,2026-08-04,FO,NSE,IDO,61410,,NIFTY,,2026-08-25,2026-08-25,22700.00,PE,NIFTY26AUG22700PE,11.30,13.20,10.10,11.05,11.50,11.85,24614.90,11.05,403650,-5915,5032,7428452469.75,3430,F1,65,,,,,
2026-08-04,2026-08-04,FO,NSE,IDO,61423,,NIFTY,,2026-08-25,2026-08-25,22850.00,PE,NIFTY26AUG22850PE,13.15,15.30,11.45,12.75,11.70,13.35,24614.90,12.75,15860,-2210,2039,3030192828.00,1946,F1,65,,,,,
2026-08-04,2026-08-04,FO,NSE,IDO,61866,,NIFTY,,2026-08-25,2026-08-25,24950.00,PE,NIFTY26AUG24950PE,404.85,536.70,387.70,474.55,477.70,422.15,24614.90,474.55,7800,1820,167,275524908.75,135,F1,65,,,,,
2026-08-04,2026-08-04,FO,NSE,IDO,61934,,NIFTY,,2026-08-25,2026-08-25,25250.00,PE,NIFTY26AUG25250PE,0.00,0.00,0.00,609.90,649.30,609.90,24614.90,731.37,2015,0,0,0.00,0,F1,65,,,,,
2026-08-04,2026-08-04,FO,NSE,IDO,61980,,NIFTY,,2026-08-25,2026-08-25,25600.00,PE,NIFTY26AUG25600PE,960.25,1085.10,920.90,1046.70,1046.70,964.30,24614.90,1046.70,15990,65,48,82941147.25,36,F1,65,,,,,
2026-08-04,2026-08-04,FO,NSE,IDO,46934,,NIFTY,,2026-09-01,2026-09-01,22700.00,PE,NIFTY2690122700PE,0.00,0.00,0.00,20.35,20.30,20.35,24614.90,14.16,650,0,0,0.00,0,F1,65,,,,,
2026-08-04,2026-08-04,FO,NSE,IDO,46964,,NIFTY,,2026-09-01,2026-09-01,23450.00,PE,NIFTY2690123450PE,0.00,0.00,0.00,208.05,0.00,208.05,24614.90,70.47,0,0,0,0.00,0,F1,65,,,,,
2026-08-04,2026-08-04,FO,NSE,IDO,46966,,NIFTY,,2026-09-01,2026-09-01,23500.00,PE,NIFTY2690123500PE,38.70,51.25,35.45,44.55,44.10,41.75,24614.90,44.55,32110,4550,415,635086322.00,281,F1,65,,,,,
2026-08-04,2026-08-04,FO,NSE,IDO,46970,,NIFTY,,2026-09-01,2026-09-01,23600.00,PE,NIFTY2690123600PE,38.60,58.75,38.60,53.60,52.40,50.05,24614.90,53.60,12545,325,71,109142026.50,58,F1,65,,,,,
2026-08-04,2026-08-04,FO,NSE,IDO,47014,,NIFTY,,2026-09-01,2026-09-01,24700.00,PE,NIFTY2690124700PE,295.35,369.15,279.35,342.25,357.75,305.80,24614.90,342.25,8775,5720,180,292909730.75,92,F1,65,,,,,
2026-08-04,2026-08-04,FO,NSE,IDO,47040,,NIFTY,,2026-09-01,2026-09-01,25350.00,PE,NIFTY2690125350PE,0.00,0.00,0.00,1189.00,0.00,1189.00,24614.90,834.91,0,0,0,0.00,0,F1,65,,,,,
2026-08-04,2026-08-04,FO,NSE,IDO,47052,,NIFTY,,2026-09-01,2026-09-01,25650.00,PE,NIFTY2690125650PE,0.00,0.00,0.00,1426.15,0.00,1426.15,24614.90,1059.69,0,0,0,0.00,0,F1,65,,,,,
2026-08-04,2026-08-04,FO,NSE,IDO,47088,,NIFTY,,2026-09-01,2026-09-01,26550.00,PE,NIFTY2690126550PE,0.00,0.00,0.00,2219.65,0.00,2219.65,24614.90,1844.35,0,0,0,0.00,0,F1,65,,,,,
2026-08-04,2026-08-04,FO,NSE,IDO,47115,,NIFTY,,2026-09-01,2026-09-01,27100.00,PE,NIFTY2690127100PE,0.00,0.00,0.00,2741.55,0.00,2741.55,24614.90,2370.12,0,0,0,0.00,0,F1,65,,,,,
2026-08-04,2026-08-04,FO,NSE,IDO,65882,,NIFTY,,2026-09-29,2026-09-29,15000.00,PE,NIFTY26SEP15000PE,3.40,3.40,1.95,1.95,1.95,2.85,24614.90,1.95,55510,325,96,93614397.50,26,F1,65,,,,,
2026-08-04,2026-08-04,FO,NSE,IDO,73858,,NIFTY,,2026-09-29,2026-09-29,21900.00,PE,NIFTY26SEP21900PE,20.60,30.15,20.50,22.95,24.75,23.70,24614.90,22.95,39975,-3445,201,286426016.50,128,F1,65,,,,,
2026-08-04,2026-08-04,FO,NSE,IDO,55285,,NIFTY,,2026-09-29,2026-09-29,22500.00,PE,NIFTY26SEP22500PE,35.75,38.70,30.50,34.05,33.10,33.70,24614.90,34.05,1157260,2470,3975,5822014984.50,2257,F1,65,,,,,
2026-08-04,2026-08-04,FO,NSE,IDO,73890,,NIFTY,,2026-09-29,2026-09-29,22650.00,PE,NIFTY26SEP22650PE,36.35,41.00,35.00,37.75,37.75,37.85,24614.90,37.75,8450,520,44,64888343.00,33,F1,65,,,,,
2026-08-04,2026-08-04,FO,NSE,IDO,74500,,NIFTY,,2026-09-29,2026-09-29,26950.00,PE,NIFTY26SEP26950PE,0.00,0.00,0.00,2780.25,0.00,2780.25,24614.90,2154.53,0,0,0,0.00,0,F1,65,,,,,
2026-08-04,2026-08-04,FO,NSE,IDO,65907,,NIFTY,,2026-09-29,2026-09-29,27000.00,PE,NIFTY26SEP27000PE,2160.00,2328.00,2155.00,2277.80,2274.60,2193.55,24614.90,2277.80,1430075,-780,210,398867790.75,203,F1,65,,,,,
2026-08-04,2026-08-04,FO,NSE,IDO,55291,,NIFTY,,2026-09-29,2026-09-29,31500.00,PE,NIFTY26SEP31500PE,0.00,0.00,0.00,4341.20,0.00,4341.20,24614.90,6568.77,0,0,0,0.00,0,F1,65,,,,,
2026-08-04,2026-08-04,FO,NSE,IDO,51327,,NIFTY,,2026-10-27,2026-10-27,22400.00,PE,NIFTY26OCT22400PE,49.30,54.60,41.45,49.50,51.00,51.95,24614.90,49.50,18135,260,54,78805629.50,48,F1,65,,,,,
2026-08-04,2026-08-04,FO,NSE,IDO,51399,,NIFTY,,2026-10-27,2026-10-27,24100.00,PE,NIFTY26OCT24100PE,0.00,0.00,0.00,678.90,0.00,678.90,24614.90,415.58,0,0,0,0.00,0,F1,65,,,,,
2026-08-04,2026-08-04,FO,NSE,IDO,51401,,NIFTY,,2026-10-27,2026-10-27,24150.00,PE,NIFTY26OCT24150PE,295.15,295.15,268.20,277.20,268.20,702.15,24614.90,277.20,195,195,3,4763300.75,3,F1,65,,,,,
2026-08-04,2026-08-04,FO,NSE,IDO,51443,,NIFTY,,2026-10-27,2026-10-27,25050.00,PE,NIFTY26OCT25050PE,0.00,0.00,0.00,569.85,569.85,569.85,24614.90,821.28,65,0,0,0.00,0,F1,65,,,,,
2026-08-04,2026-08-04,FO,NSE,IDO,51451,,NIFTY,,2026-10-27,2026-10-27,25250.00,PE,NIFTY26OCT25250PE,0.00,0.00,0.00,675.60,675.60,675.60,24614.90,929.12,65,0,0,0.00,0,F1,65,,,,,
2026-08-04,2026-08-04,FO,NSE,IDO,55763,,NIFTY,,2030-12-31,2030-12-31,30000.00,PE,NIFTY30DEC30000PE,0.00,0.00,0.00,1450.10,0.00,1450.10,24614.90,2317.86,0,0,0,0.00,0,F1,65,,,,,
2026-08-04,2026-08-04,FO,NSE,IDO,67779,,NIFTY,,2028-12-26,2028-12-26,22000.00,PE,NIFTY28DEC22000PE,0.00,0.00,0.00,524.95,524.95,524.95,24614.90,431.23,8865,0,0,0.00,0,F1,65,,,,,
2026-08-04,2026-08-04,FO,NSE,IDO,55479,,NIFTY,,2028-06-27,2028-06-27,28500.00,PE,NIFTY28JUN28500PE,0.00,0.00,0.00,1560.85,0.00,1560.85,24614.90,2570.53,0,0,0,0.00,0,F1,65,,,,,
2026-08-04,2026-08-04,FO,NSE,IDO,53611,,NIFTY,,2027-12-28,2027-12-28,20000.00,PE,NIFTY27DEC20000PE,170.00,178.00,170.00,177.95,177.95,174.10,24614.90,121.02,33375,195,17,22292591.75,14,F1,65,,,,,
2026-08-04,2026-08-04,FO,NSE,IDO,53606,,NIFTY,,2027-12-28,2027-12-28,19000.00,PE,NIFTY27DEC19000PE,0.00,0.00,0.00,132.50,140.00,132.50,24614.90,63.69,1975,0,0,0.00,0,F1,65,,,,,
2026-08-04,2026-08-04,FO,NSE,IDO,53604,,NIFTY,,2027-12-28,2027-12-28,18000.00,PE,NIFTY27DEC18000PE,0.00,0.00,0.00,181.05,195.00,181.05,24614.90,30.55,11915,0,0,0.00,0,F1,65,,,,,
2026-08-04,2026-08-04,FO,NSE,IDO,55373,,NIFTY,,2027-06-29,2027-06-29,19500.00,PE,NIFTY27JUN19500PE,0.00,0.00,0.00,17.30,0.00,17.30,24614.90,44.59,0,0,0,0.00,0,F1,65,,,,,
2026-08-04,2026-08-04,FO,NSE,IDO,71550,,NIFTY,,2027-06-29,2027-06-29,19000.00,PE,NIFTY27JUN19000PE,0.00,0.00,0.00,195.00,195.00,195.00,24614.90,28.77,1135,0,0,0.00,0,F1,65,,,,,
2026-08-04,2026-08-04,FO,NSE,IDO,80191,,NIFTY,,2027-03-30,2027-03-30,16500.00,PE,NIFTY27MAR16500PE,0.00,0.00,0.00,20.00,20.00,20.00,24614.90,0.39,1560,0,0,0.00,0,F1,65,,,,,
2026-08-04,2026-08-04,FO,NSE,IDO,51491,,NIFTY,,2026-10-27,2026-10-27,26000.00,PE,NIFTY26OCT26000PE,1180.00,1310.00,1155.00,1253.85,1253.85,1197.60,24614.90,1253.85,13325,4095,202,357577418.25,180,F1,65,,,,,
2026-08-04,2026-08-04,FO,NSE,IDO,51515,,NIFTY,,2026-10-27,2026-10-27,26600.00,PE,NIFTY26OCT26600PE,0.00,0.00,0.00,2372.55,0.00,2372.55,24614.90,1842.51,0,0,0,0.00,0,F1,65,,,,,
2026-08-04,2026-08-04,FO,NSE,IDO,58629,,NIFTY,,2026-12-29,2026-12-29,12000.00,PE,NIFTY26DEC12000PE,6.90,6.90,4.20,5.05,5.05,7.00,24614.90,5.05,20230,-845,34,26533039.00,12,F1,65,,,,,
2026-08-04,2026-08-04,FO,NSE,IDO,80314,,NIFTY,,2027-03-30,2027-03-30,33000.00,PE,NIFTY27MAR33000PE,0.00,0.00,0.00,8415.45,0.00,8415.45,24614.90,7047.37,0,0,0,0.00,0,F1,65,,,,,
2026-08-04,2026-08-04,FO,NSE,IDO,47193,,NIFTY,,2027-06-29,2027-06-29,33000.00,PE,NIFTY27JUN33000PE,0.00,0.00,0.00,4691.70,0.00,4691.70,24614.90,6624.32,0,0,0,0.00,0,F1,65,,,,,
2026-08-04,2026-08-04,FO,NSE,IDO,55423,,NIFTY,,2027-12-28,2027-12-28,19500.00,PE,NIFTY27DEC19500PE,0.00,0.00,0.00,29.25,0.00,29.25,24614.90,88.75,0,0,0,0.00,0,F1,65,,,,,
2026-08-04,2026-08-04,FO,NSE,IDO,65445,,NIFTY,,2026-08-04,2026-08-04,22750.00,CE,NIFTY2680422750CE,0.00,0.00,0.00,1826.75,1826.75,1826.75,24614.90,24614.90,455,0,0,0.00,0,F1,65,,,,,
2026-08-04,2026-08-04,FO,NSE,IDO,65447,,NIFTY,,2026-08-04,2026-08-04,22800.00,CE,NIFTY2680422800CE,1812.25,1937.55,1678.10,1749.50,1810.85,1791.20,24614.90,24614.90,4485,-3900,137,218677101.50,67,F1,65,,,,,
2026-08-04,2026-08-04,FO,NSE,IDO,65867,,NIFTY,,2026-08-04,2026-08-04,24550.00,CE,NIFTY2680424550CE,112.65,118.60,8.60,36.30,64.80,71.50,24614.90,24614.90,5408390,319475,18112152,28939589823576.25,5781655,F1,65,,,,,
2026-08-04,2026-08-04,FO,NSE,IDO,65871,,NIFTY,,2026-08-04,2026-08-04,24600.00,CE,NIFTY2680424600CE,74.95,79.95,4.30,16.60,14.90,45.50,24614.90,24614.90,10357685,-4705285,25976250,41575884027990.00,6993934,F1,65,,,,,
2026-08-04,2026-08-04,FO,NSE,IDO,65883,,NIFTY,,2026-08-04,2026-08-04,24700.00,CE,NIFTY2680424700CE,44.65,44.65,0.05,3.75,0.05,16.80,24614.90,24614.90,7611695,-2464085,13335761,21416665421505.25,2583112,F1,65,,,,,
2026-08-04,2026-08-04,FO,NSE,IDO,65920,,NIFTY,,2026-08-04,2026-08-04,25100.00,CE,NIFTY2680425100CE,1.20,1.20,0.05,0.10,0.05,1.35,24614.90,24614.90,4695470,-370045,1735523,2831571581926.75,321663,F1,65,,,,,
2026-08-04,2026-08-04,FO,NSE,IDO,65942,,NIFTY,,2026-08-04,2026-08-04,25500.00,CE,NIFTY2680425500CE,0.50,0.70,0.05,0.05,0.05,0.70,24614.90,24614.90,6462170,2053415,1141059,1891336665166.00,163039,F1,65,,,,,
2026-08-04,2026-08-04,FO,NSE,IDO,66074,,NIFTY,,2026-08-04,2026-08-04,26400.00,CE,NIFTY2680426400CE,0.70,1.05,0.05,0.05,0.05,30.90,24614.90,24614.90,123500,123500,5178,8885525870.00,1709,F1,65,,,,,
2026-08-04,2026-08-04,FO,NSE,IDO,66092,,NIFTY,,2026-08-04,2026-08-04,26850.00,CE,NIFTY2680426850CE,0.65,0.70,0.05,0.05,0.05,15.05,24614.90,24614.90,35230,35230,1014,1769693555.50,268,F1,65,,,,,
2026-08-04,2026-08-04,FO,NSE,IDO,40937,,NIFTY,,2026-08-11,2026-08-11,22700.00,CE,NIFTY2681122700CE,0.00,0.00,0.00,1867.15,0.00,1867.15,24614.90,1941.38,0,0,0,0.00,0,F1,65,,,,,
2026-08-04,2026-08-04,FO,NSE,IDO,40959,,NIFTY,,2026-08-11,2026-08-11,23250.00,CE,NIFTY2681123250CE,1350.00,1350.00,1208.40,1208.40,1208.40,1364.30,24614.90,1393.10,195,-130,3,4778592.00,3,F1,65,,,,,
2026-08-04,2026-08-04,FO,NSE,IDO,40963,,NIFTY,,2026-08-11,2026-08-11,23350.00,CE,NIFTY2681123350CE,1250.00,1250.00,1250.00,1250.00,1250.00,1258.80,24614.90,1294.05,1885,130,2,3198000.00,1,F1,65,,,,,
2026-08-04,2026-08-04,FO,NSE,IDO,41057,,NIFTY,,2026-08-11,2026-08-11,25500.00,CE,NIFTY2681125500CE,4.25,4.80,2.55,3.20,3.30,4.25,24614.90,3.20,4523740,2357355,196712,326090815017.50,58821,F1,65,,,,,
2026-08-04,2026-08-04,FO,NSE,IDO,41059,,NIFTY,,2026-08-11,2026-08-11,25550.00,CE,NIFTY2681125550CE,3.70,4.05,2.00,3.00,2.50,3.65,24614.90,3.00,524485,427310,27396,45502970932.25,14856,F1,65,,,,,
2026-08-04,2026-08-04,FO,NSE,IDO,41075,,NIFTY,,2026-08-11,2026-08-11,25900.00,CE,NIFTY2681125900CE,1.15,1.65,0.90,1.15,1.10,1.15,24614.90,1.15,1569750,667095,63247,106480742881.50,19899,F1,65,,,,,
2026-08-04,2026-08-04,FO,NSE,IDO,45067,,NIFTY,,2026-08-18,2026-08-18,23550.00,CE,NIFTY2681823550CE,1087.10,1102.15,1087.10,1102.15,1102.15,627.20,24614.90,1147.89,585,0,10,16022077.50,6,F1,65,,,,,
2026-08-04,2026-08-04,FO,NSE,IDO,45120,,NIFTY,,2026-08-18,2026-08-18,24650.00,CE,NIFTY2681824650CE,190.95,205.00,135.00,147.60,146.55,183.70,24614.90,147.60,81380,31720,4388,7076798755.00,3474,F1,65,,,,,
2026-08-04,2026-08-04,FO,NSE,IDO,45186,,NIFTY,,2026-08-18,2026-08-18,25700.00,CE,NIFTY2681825700CE,5.40,6.35,3.30,4.05,4.40,5.00,24614.90,4.05,111930,49530,3113,5201224752.75,1858,F1,65,,,,,
2026-08-04,2026-08-04,FO,NSE,IDO,45219,,NIFTY,,2026-08-18,2026-08-18,26300.00,CE,NIFTY2681826300CE,1.60,2.35,1.60,1.95,1.95,31.90,24614.90,1.95,520,520,8,13676949.00,8,F1,65,,,,,
2026-08-04,2026-08-04,FO,NSE,IDO,45225,,NIFTY,,2026-08-18,2026-08-18,26350.00,CE,NIFTY2681826350CE,1.40,1.40,1.40,1.40,1.40,29.35,24614.90,1.40,260,260,4,6851364.00,4,F1,65,,,,,
2026-08-04,2026-08-04,FO,NSE,IDO,45268,,NIFTY,,2026-08-18,2026-08-18,27150.00,CE,NIFTY2681827150CE,1.20,1.20,1.05,1.05,1.05,6.80,24614.90,0.44,0,0,16,28237170.00,2,F1,65,,,,,
2026-08-04,2026-08-04,FO,NSE,IDO,61557,,NIFTY,,2026-08-25,2026-08-25,23900.00,CE,NIFTY26AUG23900CE,818.85,839.10,676.25,718.10,716.00,798.65,24614.90,718.10,251030,-15730,781,1251486908.75,573,F1,65,,,,,
2026-08-04,2026-08-04,FO,NSE,IDO,61955,,NIFTY,,2026-08-25,2026-08-25,25400.00,CE,NIFTY26AUG25400CE,30.90,31.90,22.15,25.45,25.10,28.10,24614.90,25.45,498940,49465,13881,22941714796.00,9462,F1,65,,,,,
2026-08-04,2026-08-04,FO,NSE,IDO,61975,,NIFTY,,2026-08-25,2026-08-25,25500.00,CE,NIFTY26AUG25500CE,23.30,24.85,16.15,18.65,17.95,20.25,24614.90,18.65,2833545,-156325,32321,53612577456.75,19055,F1,65,,,,,
2026-08-04,2026-08-04,FO,NSE,IDO,61997,,NIFTY,,2026-08-25,2026-08-25,25800.00,CE,NIFTY26AUG25800CE,8.75,10.10,7.55,8.75,8.25,8.75,24614.90,8.75,239200,-67990,5501,9228302954.00,3443,F1,65,,,,,
2026-08-04,2026-08-04,FO,NSE,IDO,62135,,NIFTY,,2026-08-25,2026-08-25,26550.00,CE,NIFTY26AUG26550CE,2.30,3.20,2.25,2.85,2.30,169.05,24614.90,2.85,910,910,426,735245920.50,298,F1,65,,,,,
2026-08-04,2026-08-04,FO,NSE,IDO,46917,,NIFTY,,2026-09-01,2026-09-01,22300.00,CE,NIFTY2690122300CE,0.00,0.00,0.00,2078.55,0.00,2078.55,24614.90,2423.65,0,0,0,0.00,0,F1,65,,,,,
2026-08-04,2026-08-04,FO,NSE,IDO,46937,,NIFTY,,2026-09-01,2026-09-01,22800.00,CE,NIFTY2690122800CE,0.00,0.00,0.00,1629.40,0.00,1629.40,24614.90,1938.98,0,0,0,0.00,0,F1,65,,,,,
2026-08-04,2026-08-04,FO,NSE,IDO,46943,,NIFTY,,2026-09-01,2026-09-01,22950.00,CE,NIFTY2690122950CE,0.00,0.00,0.00,1501.80,0.00,1501.80,24614.90,1797.07,0,0,0,0.00,0,F1,65,,,,,
2026-08-04,2026-08-04,FO,NSE,IDO,47011,,NIFTY,,2026-09-01,2026-09-01,24650.00,CE,NIFTY2690124650CE,308.00,308.00,257.10,257.15,257.15,422.75,24614.90,496.85,260,260,6,9723454.00,5,F1,65,,,,,
2026-08-04,2026-08-04,FO,NSE,IDO,47029,,NIFTY,,2026-09-01,2026-09-01,25100.00,CE,NIFTY2690125100CE,119.25,122.90,84.85,93.45,94.95,110.15,24614.90,93.45,12610,2275,202,330943457.00,139,F1,65,,,,,
2026-08-04,2026-08-04,FO,NSE,IDO,47037,,NIFTY,,2026-09-01,2026-09-01,25300.00,CE,NIFTY2690125300CE,0.00,0.00,0.00,215.90,0.00,215.90,24614.90,232.53,0,0,0,0.00,0,F1,65,,,,,
2026-08-04,2026-08-04,FO,NSE,IDO,47049,,NIFTY,,2026-09-01,2026-09-01,25600.00,CE,NIFTY2690125600CE,0.00,0.00,0.00,151.35,0.00,151.35,24614.90,154.66,0,0,0,0.00,0,F1,65,,,,,
2026-08-04,2026-08-04,FO,NSE,IDO,47071,,NIFTY,,2026-09-01,2026-09-01,26150.00,CE,NIFTY2690126150CE,0.00,0.00,0.00,74.45,0.00,74.45,24614.90,66.15,0,0,0,0.00,0,F1,65,,,,,
2026-08-04,2026-08-04,FO,NSE,IDO,47073,,NIFTY,,2026-09-01,2026-09-01,26200.00,CE,NIFTY2690126200CE,0.00,0.00,0.00,69.55,0.00,69.55,24614.90,60.83,0,0,0,0.00,0,F1,65,,,,,
2026-08-04,2026-08-04,FO,NSE,IDO,47097,,NIFTY,,2026-09-01,2026-09-01,26700.00,CE,NIFTY2690126700CE,3.35,3.50,3.35,3.50,3.50,33.65,24614.90,24.75,715,715,11,19092934.25,2,F1,65,,,,,
2026-08-04,2026-08-04,FO,NSE,IDO,65881,,NIFTY,,2026-09-29,2026-09-29,15000.00,CE,NIFTY26SEP15000CE,0.00,0.00,0.00,10499.30,0.00,10499.30,24614.90,9765.57,0,0,0,0.00,0,F1,65,,,,,
2026-08-04,2026-08-04,FO,NSE,IDO,65887,,NIFTY,,2026-09-29,2026-09-29,18000.00,CE,NIFTY26SEP18000CE,0.00,0.00,0.00,6300.00,6300.00,6300.00,24614.90,6795.70,1300,0,0,0.00,0,F1,65,,,,,
2026-08-04,2026-08-04,FO,NSE,IDO,73877,,NIFTY,,2026-09-29,2026-09-29,22300.00,CE,NIFTY26SEP22300CE,0.00,0.00,0.00,1833.95,1831.70,1833.95,24614.90,2570.27,195,0,0,0.00,0,F1,65,,,,,
2026-08-04,2026-08-04,FO,NSE,IDO,73879,,NIFTY,,2026-09-29,2026-09-29,22350.00,CE,NIFTY26SEP22350CE,0.00,0.00,0.00,1788.15,1785.90,1788.15,24614.90,2523.47,195,0,0,0.00,0,F1,65,,,,,
2026-08-04,2026-08-04,FO,NSE,IDO,73910,,NIFTY,,2026-09-29,2026-09-29,23200.00,CE,NIFTY26SEP23200CE,0.00,0.00,0.00,1575.00,1575.00,1575.00,24614.90,1765.74,1820,0,0,0.00,0,F1,65,,,,,
2026-08-04,2026-08-04,FO,NSE,IDO,73927,,NIFTY,,2026-09-29,2026-09-29,23400.00,CE,NIFTY26SEP23400CE,1430.00,1430.00,1320.00,1325.45,1325.45,1400.00,24614.90,1601.39,3445,-1300,27,43523704.25,15,F1,65,,,,,
2026-08-04,2026-08-04,FO,NSE,IDO,73964,,NIFTY,,2026-09-29,2026-09-29,23450.00,CE,NIFTY26SEP23450CE,0.00,0.00,0.00,1402.05,1402.05,1402.05,24614.90,1561.35,390,0,0,0.00,0,F1,65,,,,,
2026-08-04,2026-08-04,FO,NSE,IDO,73985,,NIFTY,,2026-09-29,2026-09-29,23500.00,CE,NIFTY26SEP23500CE,1360.00,1382.00,1231.00,1270.00,1269.75,1338.80,24614.90,1270.00,135590,-1755,182,293397013.00,139,F1,65,,,,,
2026-08-04,2026-08-04,FO,NSE,IDO,74005,,NIFTY,,2026-09-29,2026-09-29,23650.00,CE,NIFTY26SEP23650CE,0.00,0.00,0.00,1221.60,1221.60,1221.60,24614.90,1405.72,650,0,0,0.00,0,F1,65,,,,,
2026-08-04,2026-08-04,FO,NSE,IDO,74097,,NIFTY,,2026-09-29,2026-09-29,24250.00,CE,NIFTY26SEP24250CE,760.25,763.85,666.00,675.70,688.95,735.95,24614.90,675.70,10660,-130,25,40542251.75,23,F1,65,,,,,
2026-08-04,2026-08-04,FO,NSE,IDO,74366,,NIFTY,,2026-09-29,2026-09-29,25050.00,CE,NIFTY26SEP25050CE,290.35,297.00,242.40,251.20,250.95,283.30,24614.90,251.20,32955,11115,300,493845189.50,255,F1,65,,,,,
2026-08-04,2026-08-04,FO,NSE,IDO,74384,,NIFTY,,2026-09-29,2026-09-29,25250.00,CE,NIFTY26SEP25250CE,0.00,0.00,0.00,422.05,0.00,422.05,24614.90,477.61,0,0,0,0.00,0,F1,65,,,,,
2026-08-04,2026-08-04,FO,NSE,IDO,74386,,NIFTY,,2026-09-29,2026-09-29,25300.00,CE,NIFTY26SEP25300CE,185.30,200.00,159.05,167.15,165.35,184.80,24614.90,167.15,408330,41275,4166,6899347679.25,3034,F1,65,,,,,
2026-08-04,2026-08-04,FO,NSE,IDO,74495,,NIFTY,,2026-09-29,2026-09-29,26850.00,CE,NIFTY26SEP26850CE,0.00,0.00,0.00,119.45,0.00,119.45,24614.90,100.99,0,0,0,0.00,0,F1,65,,,,,
2026-08-04,2026-08-04,FO,NSE,IDO,51318,,NIFTY,,2026-10-27,2026-10-27,22250.00,CE,NIFTY26OCT22250CE,0.00,0.00,0.00,2207.30,0.00,2207.30,24614.90,2762.01,0,0,0,0.00,0,F1,65,,,,,
2026-08-04,2026-08-04,FO,NSE,IDO,51328,,NIFTY,,2026-10-27,2026-10-27,22450.00,CE,NIFTY26OCT22450CE,0.00,0.00,0.00,2042.45,0.00,2042.45,24614.90,2582.65,0,0,0,0.00,0,F1,65,,,,,
2026-08-04,2026-08-04,FO,NSE,IDO,51342,,NIFTY,,2026-10-27,2026-10-27,22750.00,CE,NIFTY26OCT22750CE,0.00,0.00,0.00,1805.40,0.00,1805.40,24614.90,2320.84,0,0,0,0.00,0,F1,65,,,,,
2026-08-04,2026-08-04,FO,NSE,IDO,51358,,NIFTY,,2026-10-27,2026-10-27,23150.00,CE,NIFTY26OCT23150CE,0.00,0.00,0.00,1510.70,0.00,1510.70,24614.90,1987.95,0,0,0,0.00,0,F1,65,,,,,
2026-08-04,2026-08-04,FO,NSE,IDO,51420,,NIFTY,,2026-10-27,2026-10-27,24550.00,CE,NIFTY26OCT24550CE,715.00,715.00,649.95,649.95,649.95,715.00,24614.90,1019.76,1170,195,6,9843918.50,5,F1,65,,,,,
2026-08-04,2026-08-04,FO,NSE,IDO,51448,,NIFTY,,2026-10-27,2026-10-27,25200.00,CE,NIFTY26OCT25200CE,376.00,383.95,326.00,338.95,339.00,362.00,24614.90,338.95,8515,2795,138,229247632.25,85,F1,65,,,,,
2026-08-04,2026-08-04,FO,NSE,IDO,51500,,NIFTY,,2026-10-27,2026-10-27,26250.00,CE,NIFTY26OCT26250CE,0.00,0.00,0.00,210.65,0.00,210.65,24614.90,336.75,0,0,0,0.00,0,F1,65,,,,,
2026-08-04,2026-08-04,FO,NSE,IDO,51504,,NIFTY,,2026-10-27,2026-10-27,26350.00,CE,NIFTY26OCT26350CE,0.00,0.00,0.00,194.10,0.00,194.10,24614.90,313.32,0,0,0,0.00,0,F1,65,,,,,
2026-08-04,2026-08-04,FO,NSE,IDO,58640,,NIFTY,,2026-12-29,2026-12-29,18000.00,CE,NIFTY26DEC18000CE,0.00,0.00,0.00,6755.00,6755.00,6755.00,24614.90,7086.07,2145,0,0,0.00,0,F1,65,,,,,
2026-08-04,2026-08-04,FO,NSE,IDO,55336,,NIFTY,,2026-12-29,2026-12-29,34500.00,CE,NIFTY26DEC34500CE,5.00,5.00,5.00,5.00,5.00,7.95,24614.90,1.55,715,0,5,11214125.00,1,F1,65,,,,,
2026-08-04,2026-08-04,FO,NSE,IDO,80270,,NIFTY,,2027-03-30,2027-03-30,22500.00,CE,NIFTY27MAR22500CE,3015.75,3028.00,3007.15,3024.50,3028.00,2900.00,24614.90,3024.50,3120,65,6,9952858.50,4,F1,65,,,,,
2026-08-04,2026-08-04,FO,NSE,IDO,55516,,NIFTY,,2028-12-26,2028-12-26,16500.00,CE,NIFTY28DEC16500CE,0.00,0.00,0.00,12176.65,0.00,12176.65,24614.90,10550.26,0,0,0,0.00,0,F1,65,,,,,
2026-08-04,2026-08-04,FO,NSE,IDO,89636,,NIFTY,,2029-06-26,2029-06-26,27000.00,CE,NIFTY29JUN27000CE,0.00,0.00,0.00,6570.40,0.00,6570.40,24614.90,3969.63,0,0,0,0.00,0,F1,65,,,,,
2026-08-04,2026-08-04,FO,NSE,IDO,55604,,NIFTY,,2029-12-24,2029-12-24,25500.00,CE,NIFTY29DEC25500CE,0.00,0.00,0.00,6500.60,0.00,6500.60,24614.90,5364.13,0,0,0,0.00,0,F1,65,,,,,
2026-08-04,2026-08-04,FO,NSE,IDO,61932,,NIFTY,,2029-12-24,2029-12-24,30000.00,CE,NIFTY29DEC30000CE,0.00,0.00,0.00,2863.20,2863.20,2863.20,24614.90,3304.35,8145,0,0,0.00,0,F1,65,,,,,
2026-08-04,2026-08-04,FO,NSE,IDO,55702,,NIFTY,,2030-12-31,2030-12-31,21000.00,CE,NIFTY30DEC21000CE,0.00,0.00,0.00,10552.50,0.00,10552.50,24614.90,9236.71,0,0,0,0.00,0,F1,65,,,,,
2026-08-04,2026-08-04,FO,NSE,IDO,74653,,NIFTY,,2031-06-24,2031-06-24,27000.00,CE,NIFTY31JUN27000CE,0.00,0.00,0.00,5699.00,0.00,5699.00,24614.90,6368.77,0,0,0,0.00,0,F1,65,,,,,
2026-08-04,2026-08-04,FO,NSE,IDO,65414,,NIFTY,,2026-08-04,2026-08-04,22100.00,PE,NIFTY2680422100PE,0.25,0.60,0.05,0.05,0.05,0.50,24614.90,24614.90,314860,-151515,15846,22762992118.75,3587,F1,65,,,,,
2026-08-04,2026-08-04,FO,NSE,IDO,65430,,NIFTY,,2026-08-04,2026-08-04,22400.00,PE,NIFTY2680422400PE,0.50,0.70,0.05,0.05,0.05,0.65,24614.90,24614.90,235040,-183430,16913,24625572783.50,4053,F1,65,,,,,
2026-08-04,2026-08-04,FO,NSE,IDO,65520,,NIFTY,,2026-08-04,2026-08-04,23050.00,PE,NIFTY2680423050PE,0.80,1.00,0.05,0.05,0.05,1.05,24614.90,24614.90,468130,-335140,41665,62425367091.75,7553,F1,65,,,,,
2026-08-04,2026-08-04,FO,NSE,IDO,65853,,NIFTY,,2026-08-04,2026-08-04,24350.00,PE,NIFTY2680424350PE,2.15,15.00,0.05,4.95,0.05,9.50,24614.90,24614.90,3630250,-3014635,11285473,17866423347132.75,2005420,F1,65,,,,,
2026-08-04,2026-08-04,FO,NSE,IDO,65937,,NIFTY,,2026-08-04,2026-08-04,25350.00,PE,NIFTY2680425350PE,764.25,901.60,717.30,785.70,734.20,777.05,24614.90,24614.90,8775,7085,199,338422366.75,156,F1,65,,,,,
2026-08-04,2026-08-04,FO,NSE,IDO,65948,,NIFTY,,2026-08-04,2026-08-04,25600.00,PE,NIFTY2680425600PE,789.80,1150.60,789.80,1010.75,1010.75,1294.75,24614.90,24614.90,520,390,15,25952732.00,11,F1,65,,,,,
2026-08-04,2026-08-04,FO,NSE,IDO,66107,,NIFTY,,2026-08-04,2026-08-04,27200.00,PE,NIFTY2680427200PE,0.00,0.00,0.00,3191.15,0.00,3191.15,24614.90,24614.90,0,0,0,0.00,0,F1,65,,,,,
2026-08-04,2026-08-04,FO,NSE,IDO,40914,,NIFTY,,2026-08-11,2026-08-11,22150.00,PE,NIFTY2681122150PE,2.35,2.80,1.25,1.40,1.35,2.75,24614.90,1.40,16510,11635,622,895584111.50,262,F1,65,,,,,
2026-08-04,2026-08-04,FO,NSE,IDO,40950,,NIFTY,,2026-08-11,2026-08-11,23000.00,PE,NIFTY2681123000PE,4.65,4.90,2.40,3.10,2.50,4.95,24614.90,3.10,4074070,1314105,190140,284300024450.00,38379,F1,65,,,,,
2026-08-04,2026-08-04,FO,NSE,IDO,40960,,NIFTY,,2026-08-11,2026-08-11,23250.00,PE,NIFTY2681123250PE,6.65,6.65,2.70,4.00,2.70,6.40,24614.90,4.00,204750,57460,8942,13516059768.25,4472,F1,65,,,,,
2026-08-04,2026-08-04,FO,NSE,IDO,40992,,NIFTY,,2026-08-11,2026-08-11,24000.00,PE,NIFTY2681124000PE,21.00,29.05,12.15,20.25,19.10,20.15,24614.90,20.25,5301530,2139605,323689,505349040745.25,149005,F1,65,,,,,
2026-08-04,2026-08-04,FO,NSE,IDO,41019,,NIFTY,,2026-08-11,2026-08-11,24650.00,PE,NIFTY2681124650PE,165.00,273.85,137.75,229.20,230.00,170.20,24614.90,229.20,290875,105495,90147,145503248270.25,58447,F1,65,,,,,
2026-08-04,2026-08-04,FO,NSE,IDO,41032,,NIFTY,,2026-08-11,2026-08-11,24900.00,PE,NIFTY2681124900PE,335.20,471.40,297.00,419.25,426.40,341.80,24614.90,419.25,146835,51675,8708,14295324039.75,5668,F1,65,,,,,
2026-08-04,2026-08-04,FO,NSE,IDO,41078,,NIFTY,,2026-08-11,2026-08-11,25950.00,PE,NIFTY2681125950PE,0.00,0.00,0.00,1497.75,0.00,1497.75,24614.90,1307.57,0,0,0,0.00,0,F1,65,,,,,
2026-08-04,2026-08-04,FO,NSE,IDO,41112,,NIFTY,,2026-08-11,2026-08-11,26500.00,PE,NIFTY2681126500PE,2000.00,2000.00,2000.00,2000.00,2000.00,1990.10,24614.90,1854.36,65,65,1,1852500.00,1,F1,65,,,,,
2026-08-04,2026-08-04,FO,NSE,IDO,45024,,NIFTY,,2026-08-18,2026-08-18,22700.00,PE,NIFTY2681822700PE,7.10,7.30,5.35,6.15,5.35,7.80,24614.90,6.15,85280,7020,807,1191059242.75,470,F1,65,,,,,
2026-08-04,2026-08-04,FO,NSE,IDO,45046,,NIFTY,,2026-08-18,2026-08-18,23100.00,PE,NIFTY2681823100PE,10.05,10.05,6.75,8.95,7.55,10.25,24614.90,8.95,41470,9035,951,1428461622.25,625,F1,65,,,,,
2026-08-04,2026-08-04,FO,NSE,IDO,45079,,NIFTY,,2026-08-18,2026-08-18,23800.00,PE,NIFTY2681823800PE,26.35,37.90,20.20,31.30,31.50,28.05,24614.90,31.30,358150,181025,9593,14858045436.00,5885,F1,65,,,,,
2026-08-04,2026-08-04,FO,NSE,IDO,61931,,NIFTY,,2026-08-25,2026-08-25,25250.00,CE,NIFTY26AUG25250CE,47.75,52.00,36.20,40.35,40.10,53.15,24614.90,40.35,60840,59475,2770,4553954210.00,2085,F1,65,,,,,
2026-08-04,2026-08-04,FO,NSE,IDO,62038,,NIFTY,,2026-08-25,2026-08-25,26000.00,CE,NIFTY26AUG26000CE,6.45,7.20,5.00,5.80,6.15,6.00,24614.90,5.80,3173300,130520,21862,36955336112.50,12322,F1,65,,,,,
2026-08-04,2026-08-04,FO,NSE,IDO,62101,,NIFTY,,2026-08-25,2026-08-25,26350.00,CE,NIFTY26AUG26350CE,3.40,3.40,3.35,3.35,3.35,198.70,24614.90,3.35,520,520,8,13703755.00,5,F1,65,,,,,
2026-08-04,2026-08-04,FO,NSE,IDO,62125,,NIFTY,,2026-08-25,2026-08-25,26500.00,CE,NIFTY26AUG26500CE,2.70,4.80,2.50,2.95,2.55,176.10,24614.90,2.95,18200,18200,3745,6451543702.50,2677,F1,65,,,,,
2026-08-04,2026-08-04,FO,NSE,IDO,46947,,NIFTY,,2026-09-01,2026-09-01,23050.00,CE,NIFTY2690123050CE,0.00,0.00,0.00,1418.95,0.00,1418.95,24614.90,1703.76,0,0,0,0.00,0,F1,65,,,,,
2026-08-04,2026-08-04,FO,NSE,IDO,46955,,NIFTY,,2026-09-01,2026-09-01,23250.00,CE,NIFTY2690123250CE,0.00,0.00,0.00,1259.15,0.00,1259.15,24614.90,1520.98,0,0,0,0.00,0,F1,65,,,,,
2026-08-04,2026-08-04,FO,NSE,IDO,46967,,NIFTY,,2026-09-01,2026-09-01,23550.00,CE,NIFTY2690123550CE,0.00,0.00,0.00,1035.90,0.00,1035.90,24614.90,1259.06,0,0,0,0.00,0,F1,65,,,,,
2026-08-04,2026-08-04,FO,NSE,IDO,47033,,NIFTY,,2026-09-01,2026-09-01,25200.00,CE,NIFTY2690125200CE,91.05,94.30,70.55,75.55,73.15,82.70,24614.90,75.55,17810,11440,348,571864972.25,220,F1,65,,,,,
2026-08-04,2026-08-04,FO,NSE,IDO,47045,,NIFTY,,2026-09-01,2026-09-01,25500.00,CE,NIFTY2690125500CE,0.00,0.00,0.00,170.60,0.00,170.60,24614.90,178.87,0,0,0,0.00,0,F1,65,,,,,
2026-08-04,2026-08-04,FO,NSE,IDO,47059,,NIFTY,,2026-09-01,2026-09-01,25850.00,CE,NIFTY2690125850CE,16.30,17.25,14.00,14.85,15.00,15.40,24614.90,14.85,9165,1365,43,72294865.50,36,F1,65,,,,,
2026-08-04,2026-08-04,FO,NSE,IDO,47065,,NIFTY,,2026-09-01,2026-09-01,26000.00,CE,NIFTY2690126000CE,0.00,0.00,0.00,91.15,0.00,91.15,24614.90,84.49,0,0,0,0.00,0,F1,65,,,,,
2026-08-04,2026-08-04,FO,NSE,IDO,47094,,NIFTY,,2026-09-01,2026-09-01,26650.00,CE,NIFTY2690126650CE,3.35,3.35,3.35,3.35,3.35,36.30,24614.90,27.22,260,260,4,6929871.00,1,F1,65,,,,,
2026-08-04,2026-08-04,FO,NSE,IDO,73854,,NIFTY,,2026-09-29,2026-09-29,21850.00,CE,NIFTY26SEP21850CE,0.00,0.00,0.00,2455.30,0.00,2455.30,24614.90,2998.58,0,0,0,0.00,0,F1,65,,,,,
2026-08-04,2026-08-04,FO,NSE,IDO,73865,,NIFTY,,2026-09-29,2026-09-29,22000.00,CE,NIFTY26SEP22000CE,2753.45,2783.60,2645.00,2645.00,2645.00,2745.00,24614.90,2854.57,55640,-1365,51,81967834.00,37,F1,65,,,,,
2026-08-04,2026-08-04,FO,NSE,IDO,73883,,NIFTY,,2026-09-29,2026-09-29,22450.00,CE,NIFTY26SEP22450CE,0.00,0.00,0.00,1843.95,1843.95,1843.95,24614.90,2430.45,65,0,0,0.00,0,F1,65,,,,,
2026-08-04,2026-08-04,FO,NSE,IDO,73885,,NIFTY,,2026-09-29,2026-09-29,22550.00,CE,NIFTY26SEP22550CE,0.00,0.00,0.00,1786.75,1786.75,1786.75,24614.90,2338.27,260,0,0,0.00,0,F1,65,,,,,
2026-08-04,2026-08-04,FO,NSE,IDO,73891,,NIFTY,,2026-09-29,2026-09-29,22700.00,CE,NIFTY26SEP22700CE,0.00,0.00,0.00,1580.85,1580.85,1580.85,24614.90,2201.76,520,0,0,0.00,0,F1,65,,,,,
2026-08-04,2026-08-04,FO,NSE,IDO,73908,,NIFTY,,2026-09-29,2026-09-29,23150.00,CE,NIFTY26SEP23150CE,0.00,0.00,0.00,1642.85,1642.85,1642.85,24614.90,1807.82,325,0,0,0.00,0,F1,65,,,,,
2026-08-04,2026-08-04,FO,NSE,IDO,41114,,NIFTY,,2026-08-11,2026-08-11,26550.00,PE,NIFTY2681126550PE,0.00,0.00,0.00,2036.55,0.00,2036.55,24614.90,1904.27,0,0,0,0.00,0,F1,65,,,,,
2026-08-04,2026-08-04,FO,NSE,IDO,41098,,NIFTY,,2026-08-11,2026-08-11,26250.00,PE,NIFTY2681126250PE,0.00,0.00,0.00,1761.65,0.00,1761.65,24614.90,1605.11,0,0,0,0.00,0,F1,65,,,,,
2026-08-04,2026-08-04,FO,NSE,IDO,41058,,NIFTY,,2026-08-11,2026-08-11,25500.00,PE,NIFTY2681125500PE,889.80,1044.60,855.70,991.45,998.25,910.45,24614.90,991.45,111410,78325,1754,3017118256.75,1267,F1,65,,,,,
2026-08-04,2026-08-04,FO,NSE,IDO,41030,,NIFTY,,2026-08-11,2026-08-11,24850.00,PE,NIFTY2681124850PE,310.00,427.85,258.15,376.75,392.65,298.10,24614.90,376.75,37180,7020,2474,4047050540.00,2076,F1,65,,,,,
2026-08-04,2026-08-04,FO,NSE,IDO,41024,,NIFTY,,2026-08-11,2026-08-11,24700.00,PE,NIFTY2681124700PE,190.00,309.65,164.00,260.35,268.45,199.00,24614.90,260.35,709280,84240,122815,198924824608.25,80006,F1,65,,,,,
2026-08-04,2026-08-04,FO,NSE,IDO,41010,,NIFTY,,2026-08-11,2026-08-11,24450.00,PE,NIFTY2681124450PE,80.50,157.75,64.15,120.80,122.85,86.25,24614.90,120.80,1042730,642720,190252,303839772106.00,119348,F1,65,,,,,
2026-08-04,2026-08-04,FO,NSE,IDO,40996,,NIFTY,,2026-08-11,2026-08-11,24100.00,PE,NIFTY2681124100PE,25.45,43.45,16.30,30.90,30.75,26.90,24614.90,30.90,2518165,985140,175623,275443619464.00,101992,F1,65,,,,,
2026-08-04,2026-08-04,FO,NSE,IDO,40922,,NIFTY,,2026-08-11,2026-08-11,22350.00,PE,NIFTY2681122350PE,2.70,3.30,1.55,1.70,2.00,3.05,24614.90,1.70,33215,14105,772,1121619057.00,347,F1,65,,,,,
2026-08-04,2026-08-04,FO,NSE,IDO,40912,,NIFTY,,2026-08-11,2026-08-11,22100.00,PE,NIFTY2681122100PE,2.85,3.10,1.10,1.45,1.55,2.75,24614.90,1.45,182390,122655,6550,9409755114.50,2472,F1,65,,,,,
2026-08-04,2026-08-04,FO,NSE,IDO,74112,,NIFTY,,2026-09-29,2026-09-29,24350.00,CE,NIFTY26SEP24350CE,693.75,697.00,592.00,618.20,618.35,665.55,24614.90,618.20,9360,780,36,58474357.50,35,F1,65,,,,,
2026-08-04,2026-08-04,FO,NSE,IDO,74289,,NIFTY,,2026-09-29,2026-09-29,24600.00,CE,NIFTY26SEP24600CE,518.70,535.00,445.00,464.45,461.00,508.35,24614.90,464.45,135525,21645,1650,2690236402.75,1175,F1,65,,,,,
2026-08-04,2026-08-04,FO,NSE,IDO,74351,,NIFTY,,2026-09-29,2026-09-29,24650.00,CE,NIFTY26SEP24650CE,496.20,503.00,420.85,441.35,446.00,484.10,24614.90,441.35,13195,3250,164,267613502.00,152,F1,65,,,,,
2026-08-04,2026-08-04,FO,NSE,IDO,74355,,NIFTY,,2026-09-29,2026-09-29,24750.00,CE,NIFTY26SEP24750CE,433.55,445.40,369.50,379.55,384.60,419.45,24614.90,379.55,41795,1885,143,233774911.50,115,F1,65,,,,,
2026-08-04,2026-08-04,FO,NSE,IDO,74365,,NIFTY,,2026-09-29,2026-09-29,25000.00,CE,NIFTY26SEP25000CE,311.00,322.00,260.00,271.90,266.00,300.65,24614.90,271.90,1567020,126425,11929,19608288758.50,8249,F1,65,,,,,
2026-08-04,2026-08-04,FO,NSE,IDO,74395,,NIFTY,,2026-09-29,2026-09-29,25450.00,CE,NIFTY26SEP25450CE,0.00,0.00,0.00,366.00,0.00,366.00,24614.90,403.96,0,0,0,0.00,0,F1,65,,,,,
2026-08-04,2026-08-04,FO,NSE,IDO,74397,,NIFTY,,2026-09-29,2026-09-29,25550.00,CE,NIFTY26SEP25550CE,0.00,0.00,0.00,340.30,0.00,340.30,24614.90,370.45,0,0,0,0.00,0,F1,65,,,,,
2026-08-04,2026-08-04,FO,NSE,IDO,74416,,NIFTY,,2026-09-29,2026-09-29,25700.00,CE,NIFTY26SEP25700CE,93.75,99.00,79.30,84.20,81.00,89.70,24614.90,84.20,131170,7085,3156,5290378726.75,2274,F1,65,,,,,
2026-08-04,2026-08-04,FO,NSE,IDO,74426,,NIFTY,,2026-09-29,2026-09-29,25900.00,CE,NIFTY26SEP25900CE,0.00,0.00,0.00,261.75,0.00,261.75,24614.90,269.46,0,0,0,0.00,0,F1,65,,,,,
2026-08-04,2026-08-04,FO,NSE,IDO,74438,,NIFTY,,2026-09-29,2026-09-29,26050.00,CE,NIFTY26SEP26050CE,0.00,0.00,0.00,232.80,0.00,232.80,24614.90,233.70,0,0,0,0.00,0,F1,65,,,,,
2026-08-04,2026-08-04,FO,NSE,IDO,74479,,NIFTY,,2026-09-29,2026-09-29,26450.00,CE,NIFTY26SEP26450CE,0.00,0.00,0.00,168.30,0.00,168.30,24614.90,156.06,0,0,0,0.00,0,F1,65,,,,,
2026-08-04,2026-08-04,FO,NSE,IDO,74491,,NIFTY,,2026-09-29,2026-09-29,26750.00,CE,NIFTY26SEP26750CE,0.00,0.00,0.00,130.35,0.00,130.35,24614.90,112.93,0,0,0,0.00,0,F1,65,,,,,
2026-08-04,2026-08-04,FO,NSE,IDO,65923,,NIFTY,,2026-09-29,2026-09-29,30000.00,CE,NIFTY26SEP30000CE,3.90,5.00,3.15,3.40,3.30,3.95,24614.90,3.40,303270,-5785,1128,2199886786.50,346,F1,65,,,,,
2026-08-04,2026-08-04,FO,NSE,IDO,51332,,NIFTY,,2026-10-27,2026-10-27,22550.00,CE,NIFTY26OCT22550CE,0.00,0.00,0.00,1962.00,0.00,1962.00,24614.90,2494.35,0,0,0,0.00,0,F1,65,,,,,
2026-08-04,2026-08-04,FO,NSE,IDO,51390,,NIFTY,,2026-10-27,2026-10-27,23950.00,CE,NIFTY26OCT23950CE,0.00,0.00,0.00,1007.10,0.00,1007.10,24614.90,1392.14,0,0,0,0.00,0,F1,65,,,,,
2026-08-04,2026-08-04,FO,NSE,IDO,51444,,NIFTY,,2026-10-27,2026-10-27,25100.00,CE,NIFTY26OCT25100CE,418.50,428.00,368.00,375.05,375.05,415.70,24614.90,739.65,1170,845,38,62974359.50,26,F1,65,,,,,
2026-08-04,2026-08-04,FO,NSE,IDO,51452,,NIFTY,,2026-10-27,2026-10-27,25300.00,CE,NIFTY26OCT25300CE,0.00,0.00,0.00,432.40,0.00,432.40,24614.90,652.41,0,0,0,0.00,0,F1,65,,,,,
2026-08-04,2026-08-04,FO,NSE,IDO,51468,,NIFTY,,2026-10-27,2026-10-27,25500.00,CE,NIFTY26OCT25500CE,254.95,265.25,222.65,233.40,229.45,251.30,24614.90,233.40,439530,22620,2647,4429451643.50,1645,F1,65,,,,,
2026-08-04,2026-08-04,FO,NSE,IDO,51472,,NIFTY,,2026-10-27,2026-10-27,25600.00,CE,NIFTY26OCT25600CE,0.00,0.00,0.00,348.25,0.00,348.25,24614.90,535.68,0,0,0,0.00,0,F1,65,,,,,
2026-08-04,2026-08-04,FO,NSE,IDO,40910,,NIFTY,,2026-08-11,2026-08-11,22050.00,PE,NIFTY2681122050PE,2.40,2.40,1.25,1.40,1.65,2.50,24614.90,1.40,12415,4810,445,637840297.25,234,F1,65,,,,,
2026-08-04,2026-08-04,FO,NSE,IDO,51482,,NIFTY,,2026-10-27,2026-10-27,25800.00,CE,NIFTY26OCT25800CE,0.00,0.00,0.00,301.05,0.00,301.05,24614.90,466.91,0,0,0,0.00,0,F1,65,,,,,
2026-08-04,2026-08-04,FO,NSE,IDO,51494,,NIFTY,,2026-10-27,2026-10-27,26100.00,CE,NIFTY26OCT26100CE,0.00,0.00,0.00,237.65,0.00,237.65,24614.90,376.52,0,0,0,0.00,0,F1,65,,,,,
2026-08-04,2026-08-04,FO,NSE,IDO,51518,,NIFTY,,2026-10-27,2026-10-27,26700.00,CE,NIFTY26OCT26700CE,0.00,0.00,0.00,144.45,0.00,144.45,24614.90,237.41,0,0,0,0.00,0,F1,65,,,,,
2026-08-04,2026-08-04,FO,NSE,IDO,71503,,NIFTY,,2026-12-29,2026-12-29,25000.00,CE,NIFTY26DEC25000CE,783.00,810.00,725.00,740.20,735.00,774.50,24614.90,740.20,2216070,-90540,6297,10549865345.50,3576,F1,65,,,,,
2026-08-04,2026-08-04,FO,NSE,IDO,71505,,NIFTY,,2026-12-29,2026-12-29,26000.00,CE,NIFTY26DEC26000CE,343.95,346.00,308.00,314.25,313.10,332.55,24614.90,314.25,2592045,-5535,5740,9822121169.25,3312,F1,65,,,,,
2026-08-04,2026-08-04,FO,NSE,IDO,35262,,NIFTY,,2027-06-29,2027-06-29,30000.00,CE,NIFTY27JUN30000CE,0.00,0.00,0.00,1478.40,0.00,1478.40,24614.90,446.79,0,0,0,0.00,0,F1,65,,,,,
2026-08-04,2026-08-04,FO,NSE,IDO,53624,,NIFTY,,2027-12-28,2027-12-28,24000.00,CE,NIFTY27DEC24000CE,3159.95,3159.95,3025.00,3025.00,3025.00,3120.00,24614.90,3025.00,26715,130,5,8798396.75,4,F1,65,,,,,
2026-08-04,2026-08-04,FO,NSE,IDO,45085,,NIFTY,,2026-08-18,2026-08-18,23950.00,PE,NIFTY2681823950PE,35.05,55.00,29.85,47.25,44.60,39.25,24614.90,47.25,39845,5395,1087,1695112477.50,768,F1,65,,,,,
2026-08-04,2026-08-04,FO,NSE,IDO,45103,,NIFTY,,2026-08-18,2026-08-18,24300.00,PE,NIFTY2681824300PE,83.05,141.75,73.50,114.80,113.25,91.05,24614.90,114.80,877175,437190,18615,29539201529.50,9872,F1,65,,,,,
2026-08-04,2026-08-04,FO,NSE,IDO,45157,,NIFTY,,2026-08-18,2026-08-18,25200.00,PE,NIFTY2681825200PE,655.45,692.40,655.45,692.40,692.40,1165.40,24614.90,654.85,65,65,2,3363610.25,2,F1,65,,,,,
2026-08-04,2026-08-04,FO,NSE,IDO,45193,,NIFTY,,2026-08-18,2026-08-18,25800.00,PE,NIFTY2681825800PE,1300.00,1300.00,1300.00,1300.00,1300.00,1450.00,24614.90,1158.31,0,-65,1,1761500.00,1,F1,65,,,,,
2026-08-04,2026-08-04,FO,NSE,IDO,45209,,NIFTY,,2026-08-18,2026-08-18,26150.00,PE,NIFTY2681826150PE,0.00,0.00,0.00,1988.05,0.00,1988.05,24614.90,1487.10,0,0,0,0.00,0,F1,65,,,,,
2026-08-04,2026-08-04,FO,NSE,IDO,45262,,NIFTY,,2026-08-18,2026-08-18,27000.00,PE,NIFTY2681827000PE,0.00,0.00,0.00,2801.40,0.00,2801.40,24614.90,2322.99,0,0,0,0.00,0,F1,65,,,,,
2026-08-04,2026-08-04,FO,NSE,IDO,45265,,NIFTY,,2026-08-18,2026-08-18,27050.00,PE,NIFTY2681827050PE,0.00,0.00,0.00,2850.25,0.00,2850.25,24614.90,2372.74,0,0,0,0.00,0,F1,65,,,,,
2026-08-04,2026-08-04,FO,NSE,IDO,61337,,NIFTY,,2026-08-25,2026-08-25,21650.00,PE,NIFTY26AUG21650PE,0.00,0.00,0.00,6.70,6.70,6.70,24614.90,0.13,2535,0,0,0.00,0,F1,65,,,,,
2026-08-04,2026-08-04,FO,NSE,IDO,61377,,NIFTY,,2026-08-25,2026-08-25,22300.00,PE,NIFTY26AUG22300PE,8.05,9.00,6.60,7.25,6.60,8.05,24614.90,7.25,321295,-25675,2276,3300217511.50,1520,F1,65,,,,,
2026-08-04,2026-08-04,FO,NSE,IDO,61427,,NIFTY,,2026-08-25,2026-08-25,22950.00,PE,NIFTY26AUG22950PE,14.40,17.10,12.70,14.10,13.65,14.75,24614.90,14.10,76830,-21905,4004,5976775350.00,3794,F1,65,,,,,
2026-08-04,2026-08-04,FO,NSE,IDO,61533,,NIFTY,,2026-08-25,2026-08-25,23750.00,PE,NIFTY26AUG23750PE,42.80,60.60,37.45,50.40,51.45,44.80,24614.90,50.40,72020,5655,1539,2380657191.25,1029,F1,65,,,,,
2026-08-04,2026-08-04,FO,NSE,IDO,61609,,NIFTY,,2026-08-25,2026-08-25,24050.00,PE,NIFTY26AUG24050PE,74.00,111.45,66.55,92.35,92.65,78.40,24614.90,92.35,92755,1820,1558,2444494029.25,1147,F1,65,,,,,
2026-08-04,2026-08-04,FO,NSE,IDO,61771,,NIFTY,,2026-08-25,2026-08-25,24500.00,PE,NIFTY26AUG24500PE,180.80,268.65,165.70,226.35,229.95,190.85,24614.90,226.35,4265105,-79755,116101,186554675853.00,81595,F1,65,,,,,
2026-08-04,2026-08-04,FO,NSE,IDO,61956,,NIFTY,,2026-08-25,2026-08-25,25400.00,PE,NIFTY26AUG25400PE,760.00,887.90,736.85,862.70,865.00,774.00,24614.90,862.70,18070,910,96,163389697.25,68,F1,65,,,,,
2026-08-04,2026-08-04,FO,NSE,IDO,62037,,NIFTY,,2026-08-25,2026-08-25,25950.00,PE,NIFTY26AUG25950PE,0.00,0.00,0.00,1325.00,1325.00,1325.00,24614.90,1298.83,130,0,0,0.00,0,F1,65,,,,,
2026-08-04,2026-08-04,FO,NSE,IDO,62245,,NIFTY,,2026-08-25,2026-08-25,27200.00,PE,NIFTY26AUG27200PE,0.00,0.00,0.00,2981.55,0.00,2981.55,24614.90,2493.02,0,0,0,0.00,0,F1,65,,,,,
2026-08-04,2026-08-04,FO,NSE,IDO,46920,,NIFTY,,2026-09-01,2026-09-01,22350.00,PE,NIFTY2690122350PE,0.00,0.00,0.00,39.00,0.00,39.00,24614.90,5.72,0,0,0,0.00,0,F1,65,,,,,
2026-08-04,2026-08-04,FO,NSE,IDO,46944,,NIFTY,,2026-09-01,2026-09-01,22950.00,PE,NIFTY2690122950PE,21.45,22.05,21.45,22.05,22.05,21.45,24614.90,22.05,1430,715,19,28369818.75,7,F1,65,,,,,
2026-08-04,2026-08-04,FO,NSE,IDO,46988,,NIFTY,,2026-09-01,2026-09-01,24050.00,PE,NIFTY2690124050PE,0.00,0.00,0.00,410.25,0.00,410.25,24614.90,190.57,0,0,0,0.00,0,F1,65,,,,,
2026-08-04,2026-08-04,FO,NSE,IDO,46998,,NIFTY,,2026-09-01,2026-09-01,24300.00,PE,NIFTY2690124300PE,163.75,208.60,142.25,184.20,182.80,159.80,24614.90,184.20,13845,3185,296,470856675.25,189,F1,65,,,,,
2026-08-04,2026-08-04,FO,NSE,IDO,47038,,NIFTY,,2026-09-01,2026-09-01,25300.00,PE,NIFTY2690125300PE,0.00,0.00,0.00,1152.10,0.00,1152.10,24614.90,799.90,0,0,0,0.00,0,F1,65,,,,,
2026-08-04,2026-08-04,FO,NSE,IDO,47056,,NIFTY,,2026-09-01,2026-09-01,25750.00,PE,NIFTY2690125750PE,0.00,0.00,0.00,1508.85,0.00,1508.85,24614.90,1139.57,0,0,0,0.00,0,F1,65,,,,,
2026-08-04,2026-08-04,FO,NSE,IDO,47062,,NIFTY,,2026-09-01,2026-09-01,25900.00,PE,NIFTY2690125900PE,0.00,0.00,0.00,1635.90,0.00,1635.90,24614.90,1263.50,0,0,0,0.00,0,F1,65,,,,,
2026-08-04,2026-08-04,FO,NSE,IDO,47072,,NIFTY,,2026-09-01,2026-09-01,26150.00,PE,NIFTY2690126150PE,0.00,0.00,0.00,1854.75,0.00,1854.75,24614.90,1479.56,0,0,0,0.00,0,F1,65,,,,,
2026-08-04,2026-08-04,FO,NSE,IDO,47076,,NIFTY,,2026-09-01,2026-09-01,26250.00,PE,NIFTY2690126250PE,0.00,0.00,0.00,1944.45,0.00,1944.45,24614.90,1568.83,0,0,0,0.00,0,F1,65,,,,,
2026-08-04,2026-08-04,FO,NSE,IDO,47095,,NIFTY,,2026-09-01,2026-09-01,26650.00,PE,NIFTY2690126650PE,0.00,0.00,0.00,2313.10,0.00,2313.10,24614.90,1938.31,0,0,0,0.00,0,F1,65,,,,,
2026-08-04,2026-08-04,FO,NSE,IDO,55767,,NIFTY,,2030-12-31,2030-12-31,33000.00,PE,NIFTY30DEC33000PE,0.00,0.00,0.00,2387.30,0.00,2387.30,24614.90,3485.91,0,0,0,0.00,0,F1,65,,,,,
2026-08-04,2026-08-04,FO,NSE,IDO,55759,,NIFTY,,2030-12-31,2030-12-31,27000.00,PE,NIFTY30DEC27000PE,0.00,0.00,0.00,779.50,0.00,779.50,24614.90,1402.55,0,0,0,0.00,0,F1,65,,,,,
2026-08-04,2026-08-04,FO,NSE,IDO,55601,,NIFTY,,2029-12-24,2029-12-24,19500.00,PE,NIFTY29DEC19500PE,0.00,0.00,0.00,61.20,0.00,61.20,24614.90,187.10,0,0,0,0.00,0,F1,65,,,,,
2026-08-04,2026-08-04,FO,NSE,IDO,89635,,NIFTY,,2029-06-26,2029-06-26,26000.00,PE,NIFTY29JUN26000PE,0.00,0.00,0.00,1650.00,1650.00,1650.00,24614.90,1343.73,50,0,0,0.00,0,F1,65,,,,,
2026-08-04,2026-08-04,FO,NSE,IDO,55561,,NIFTY,,2029-06-26,2029-06-26,22500.00,PE,NIFTY29JUN22500PE,0.00,0.00,0.00,224.45,0.00,224.45,24614.90,525.62,0,0,0,0.00,0,F1,65,,,,,
2026-08-04,2026-08-04,FO,NSE,IDO,67795,,NIFTY,,2028-12-26,2028-12-26,30000.00,PE,NIFTY28DEC30000PE,0.00,0.00,0.00,2352.75,0.00,2352.75,24614.90,3132.01,0,0,0,0.00,0,F1,65,,,,,
2026-08-04,2026-08-04,FO,NSE,IDO,55521,,NIFTY,,2028-12-26,2028-12-26,22500.00,PE,NIFTY28DEC22500PE,0.00,0.00,0.00,218.80,0.00,218.80,24614.90,513.90,0,0,0,0.00,0,F1,65,,,,,
2026-08-04,2026-08-04,FO,NSE,IDO,67777,,NIFTY,,2028-12-26,2028-12-26,21000.00,PE,NIFTY28DEC21000PE,0.00,0.00,0.00,490.00,490.00,490.00,24614.90,294.79,6930,0,0,0.00,0,F1,65,,,,,
2026-08-04,2026-08-04,FO,NSE,IDO,55477,,NIFTY,,2028-06-27,2028-06-27,25500.00,PE,NIFTY28JUN25500PE,0.00,0.00,0.00,667.45,0.00,667.45,24614.90,1274.78,0,0,0,0.00,0,F1,65,,,,,
2026-08-04,2026-08-04,FO,NSE,IDO,86148,,NIFTY,,2028-06-27,2028-06-27,22000.00,PE,NIFTY28JUN22000PE,0.00,0.00,0.00,387.05,387.05,387.05,24614.90,400.74,1040,0,0,0.00,0,F1,65,,,,,
2026-08-04,2026-08-04,FO,NSE,IDO,86140,,NIFTY,,2028-06-27,2028-06-27,18000.00,PE,NIFTY28JUN18000PE,0.00,0.00,0.00,396.75,0.00,396.75,24614.90,51.51,0,0,0,0.00,0,F1,65,,,,,
2026-08-04,2026-08-04,FO,NSE,IDO,35347,,NIFTY,,2027-12-28,2027-12-28,30000.00,PE,NIFTY27DEC30000PE,0.00,0.00,0.00,3339.00,3339.00,3339.00,24614.90,3711.95,195,0,0,0.00,0,F1,65,,,,,
2026-08-04,2026-08-04,FO,NSE,IDO,55425,,NIFTY,,2027-12-28,2027-12-28,22500.00,PE,NIFTY27DEC22500PE,0.00,0.00,0.00,186.50,0.00,186.50,24614.90,435.15,0,0,0,0.00,0,F1,65,,,,,
2026-08-04,2026-08-04,FO,NSE,IDO,65894,,NIFTY,,2026-09-29,2026-09-29,21000.00,PE,NIFTY26SEP21000PE,18.25,19.50,16.45,17.25,16.75,18.35,24614.90,17.25,1486940,-21320,3254,4445400631.75,1302,F1,65,,,,,
2026-08-04,2026-08-04,FO,NSE,IDO,73864,,NIFTY,,2026-09-29,2026-09-29,21950.00,PE,NIFTY26SEP21950PE,22.45,23.45,21.55,23.45,23.45,25.50,24614.90,17.08,8775,390,36,51415234.00,34,F1,65,,,,,
2026-08-04,2026-08-04,FO,NSE,IDO,73886,,NIFTY,,2026-09-29,2026-09-29,22550.00,PE,NIFTY26SEP22550PE,33.95,37.70,32.65,35.30,35.30,35.45,24614.90,35.30,6565,325,38,55783669.50,23,F1,65,,,,,
2026-08-04,2026-08-04,FO,NSE,IDO,73888,,NIFTY,,2026-09-29,2026-09-29,22600.00,PE,NIFTY26SEP22600PE,35.00,39.80,32.20,36.60,36.60,37.25,24614.90,36.60,36790,3120,159,233941074.25,94,F1,65,,,,,
2026-08-04,2026-08-04,FO,NSE,IDO,73928,,NIFTY,,2026-09-29,2026-09-29,23400.00,PE,NIFTY26SEP23400PE,77.65,93.30,71.75,86.15,85.00,80.20,24614.90,86.15,117260,16185,894,1364564535.75,695,F1,65,,,,,
2026-08-04,2026-08-04,FO,NSE,IDO,74356,,NIFTY,,2026-09-29,2026-09-29,24750.00,PE,NIFTY26SEP24750PE,396.95,472.20,379.75,450.80,450.80,405.60,24614.90,450.80,35620,195,65,106342557.75,62,F1,65,,,,,
2026-08-04,2026-08-04,FO,NSE,IDO,74364,,NIFTY,,2026-09-29,2026-09-29,24950.00,PE,NIFTY26SEP24950PE,481.60,554.25,481.60,552.50,552.50,493.90,24614.90,689.87,910,260,8,13257344.75,8,F1,65,,,,,
2026-08-04,2026-08-04,FO,NSE,IDO,74415,,NIFTY,,2026-09-29,2026-09-29,25650.00,PE,NIFTY26SEP25650PE,0.00,0.00,0.00,1708.05,0.00,1708.05,24614.90,1116.52,0,0,0,0.00,0,F1,65,,,,,
2026-08-04,2026-08-04,FO,NSE,IDO,74417,,NIFTY,,2026-09-29,2026-09-29,25700.00,PE,NIFTY26SEP25700PE,997.60,1108.00,997.60,1108.00,1108.00,996.40,24614.90,1151.11,325,65,3,5213211.25,3,F1,65,,,,,
2026-08-04,2026-08-04,FO,NSE,IDO,74506,,NIFTY,,2026-09-29,2026-09-29,27150.00,PE,NIFTY26SEP27150PE,0.00,0.00,0.00,2959.15,0.00,2959.15,24614.90,2333.76,0,0,0,0.00,0,F1,65,,,,,
2026-08-04,2026-08-04,FO,NSE,IDO,65930,,NIFTY,,2026-09-29,2026-09-29,33000.00,PE,NIFTY26SEP33000PE,0.00,0.00,0.00,6552.15,0.00,6552.15,24614.90,8053.63,0,0,0,0.00,0,F1,65,,,,,
2026-08-04,2026-08-04,FO,NSE,IDO,51357,,NIFTY,,2026-10-27,2026-10-27,23100.00,PE,NIFTY26OCT23100PE,88.25,99.65,81.15,96.25,92.95,88.25,24614.90,96.25,11895,3185,127,191451201.50,81,F1,65,,,,,
2026-08-04,2026-08-04,FO,NSE,IDO,51371,,NIFTY,,2026-10-27,2026-10-27,23450.00,PE,NIFTY26OCT23450PE,116.15,137.60,116.15,133.50,132.80,125.45,24614.90,133.50,6955,-65,7,10727249.00,7,F1,65,,,,,
2026-08-04,2026-08-04,FO,NSE,IDO,51407,,NIFTY,,2026-10-27,2026-10-27,24300.00,PE,NIFTY26OCT24300PE,285.00,338.05,271.05,316.80,323.95,291.55,24614.90,316.80,8450,390,132,211022555.25,77,F1,65,,,,,
2026-08-04,2026-08-04,FO,NSE,IDO,51431,,NIFTY,,2026-10-27,2026-10-27,24800.00,PE,NIFTY26OCT24800PE,453.95,520.00,415.60,415.60,415.60,467.00,24614.90,415.60,3510,1040,63,103521915.25,40,F1,65,,,,,
2026-08-04,2026-08-04,FO,NSE,IDO,51433,,NIFTY,,2026-10-27,2026-10-27,24850.00,PE,NIFTY26OCT24850PE,480.10,480.10,480.10,480.10,480.10,487.95,24614.90,721.30,130,65,1,1646456.50,1,F1,65,,,,,
2026-08-04,2026-08-04,FO,NSE,IDO,51441,,NIFTY,,2026-10-27,2026-10-27,25000.00,PE,NIFTY26OCT25000PE,544.95,635.00,524.05,594.85,591.00,555.00,24614.90,594.85,159835,13000,1347,2238340793.00,979,F1,65,,,,,
2026-08-04,2026-08-04,FO,NSE,IDO,51449,,NIFTY,,2026-10-27,2026-10-27,25200.00,PE,NIFTY26OCT25200PE,646.00,726.00,646.00,716.05,716.05,654.30,24614.90,901.44,2145,585,10,16834873.25,5,F1,65,,,,,
2026-08-04,2026-08-04,FO,NSE,IDO,51473,,NIFTY,,2026-10-27,2026-10-27,25600.00,PE,NIFTY26OCT25600PE,0.00,0.00,0.00,1578.40,0.00,1578.40,24614.90,1136.04,0,0,0,0.00,0,F1,65,,,,,
2026-08-04,2026-08-04,FO,NSE,IDO,40955,,NIFTY,,2026-08-11,2026-08-11,23150.00,CE,NIFTY2681123150CE,0.00,0.00,0.00,921.30,921.30,921.30,24614.90,1492.49,195,0,0,0.00,0,F1,65,,,,,
2026-08-04,2026-08-04,FO,NSE,IDO,40907,,NIFTY,,2026-08-11,2026-08-11,22000.00,CE,NIFTY2681122000CE,2605.00,2606.00,2488.00,2497.50,2493.00,2593.80,24614.90,2497.50,4420,1625,30,47880683.50,29,F1,65,,,,,
2026-08-04,2026-08-04,FO,NSE,IDO,66100,,NIFTY,,2026-08-04,2026-08-04,27050.00,CE,NIFTY2680427050CE,0.60,0.65,0.05,0.05,0.05,10.75,24614.90,24614.90,42575,42575,1543,2712991775.00,467,F1,65,,,,,
2026-08-04,2026-08-04,FO,NSE,IDO,66088,,NIFTY,,2026-08-04,2026-08-04,26750.00,CE,NIFTY2680426750CE,0.70,0.80,0.05,0.05,0.05,17.75,24614.90,24614.90,33865,33865,1262,2194312094.00,359,F1,65,,,,,
2026-08-04,2026-08-04,FO,NSE,IDO,67770,,NIFTY,,2028-12-26,2028-12-26,18000.00,CE,NIFTY28DEC18000CE,0.00,0.00,0.00,9380.30,0.00,9380.30,24614.90,9311.76,0,0,0,0.00,0,F1,65,,,,,
2026-08-04,2026-08-04,FO,NSE,IDO,65691,,NIFTY,,2026-08-04,2026-08-04,23950.00,CE,NIFTY2680423950CE,603.55,688.00,486.10,616.45,664.95,629.60,24614.90,24614.90,95355,-44655,5396,8609058406.00,3733,F1,65,,,,,
2026-08-04,2026-08-04,FO,NSE,IDO,65674,,NIFTY,,2026-08-04,2026-08-04,23550.00,CE,NIFTY2680423550CE,1044.80,1085.00,929.35,986.65,1066.20,1028.10,24614.90,24614.90,39650,-10205,609,972176643.75,448,F1,65,,,,,
2026-08-04,2026-08-04,FO,NSE,IDO,65417,,NIFTY,,2026-08-04,2026-08-04,22200.00,CE,NIFTY2680422200CE,0.00,0.00,0.00,1838.35,0.00,1838.35,24614.90,24614.90,0,0,0,0.00,0,F1,65,,,,,
2026-08-04,2026-08-04,FO,NSE,IDO,65202,,NIFTY,,2026-08-04,2026-08-04,21800.00,CE,NIFTY2680421800CE,2810.00,2810.00,2810.00,2810.00,2810.00,2220.00,24614.90,24614.90,0,-65,1,1599650.00,1,F1,65,,,,,
2026-08-04,2026-08-04,FO,NSE,IDO,65126,,NIFTY,,2026-08-04,2026-08-04,21600.00,CE,NIFTY2680421600CE,3050.00,3050.00,2851.10,2855.40,2855.40,2990.00,24614.90,24614.90,390,-715,23,36760269.00,11,F1,65,,,,,
2026-08-04,2026-08-04,FO,NSE,IDO,74644,,NIFTY,,2031-06-24,2031-06-24,19500.00,PE,NIFTY31JUN19500PE,0.00,0.00,0.00,289.20,0.00,289.20,24614.90,204.08,0,0,0,0.00,0,F1,65,,,,,
2026-08-04,2026-08-04,FO,NSE,IDO,55755,,NIFTY,,2030-12-31,2030-12-31,24000.00,PE,NIFTY30DEC24000PE,0.00,0.00,0.00,1309.95,1309.95,1309.95,24614.90,746.03,325,0,0,0.00,0,F1,65,,,,,
2026-08-04,2026-08-04,FO,NSE,IDO,55649,,NIFTY,,2030-06-25,2030-06-25,28500.00,PE,NIFTY30JUN28500PE,0.00,0.00,0.00,1167.60,0.00,1167.60,24614.90,1957.35,0,0,0,0.00,0,F1,65,,,,,
2026-08-04,2026-08-04,FO,NSE,IDO,62007,,NIFTY,,2029-12-24,2029-12-24,33000.00,PE,NIFTY29DEC33000PE,0.00,0.00,0.00,2953.70,0.00,2953.70,24614.90,4105.29,0,0,0,0.00,0,F1,65,,,,,
2026-08-04,2026-08-04,FO,NSE,IDO,61749,,NIFTY,,2029-12-24,2029-12-24,24000.00,PE,NIFTY29DEC24000PE,0.00,0.00,0.00,1000.00,1000.00,1000.00,24614.90,799.44,390,0,0,0.00,0,F1,65,,,,,
2026-08-04,2026-08-04,FO,NSE,IDO,89643,,NIFTY,,2029-06-26,2029-06-26,30000.00,PE,NIFTY29JUN30000PE,0.00,0.00,0.00,2031.05,0.00,2031.05,24614.90,2897.50,0,0,0,0.00,0,F1,65,,,,,
2026-08-04,2026-08-04,FO,NSE,IDO,89637,,NIFTY,,2029-06-26,2029-06-26,27000.00,PE,NIFTY29JUN27000PE,0.00,0.00,0.00,1252.35,0.00,1252.35,24614.90,1670.36,0,0,0,0.00,0,F1,65,,,,,
2026-08-04,2026-08-04,FO,NSE,IDO,55563,,NIFTY,,2029-06-26,2029-06-26,25500.00,PE,NIFTY29JUN25500PE,0.00,0.00,0.00,624.25,0.00,624.25,24614.90,1197.25,0,0,0,0.00,0,F1,65,,,,,
2026-08-04,2026-08-04,FO,NSE,IDO,67787,,NIFTY,,2028-12-26,2028-12-26,26000.00,PE,NIFTY28DEC26000PE,1300.00,1300.00,1300.00,1300.00,1300.00,1295.40,24614.90,1402.93,6810,0,1,1774500.00,1,F1,65,,,,,
2026-08-04,2026-08-04,FO,NSE,IDO,67781,,NIFTY,,2028-12-26,2028-12-26,23000.00,PE,NIFTY28DEC23000PE,624.05,624.05,624.05,624.05,624.05,624.05,24614.90,606.90,1610,0,2,3071126.50,2,F1,65,,,,,
2026-08-04,2026-08-04,FO,NSE,IDO,47197,,NIFTY,,2028-06-27,2028-06-27,33000.00,PE,NIFTY28JUN33000PE,0.00,0.00,0.00,3707.80,0.00,3707.80,24614.90,5353.38,0,0,0,0.00,0,F1,65,,,,,
2026-08-04,2026-08-04,FO,NSE,IDO,53630,,NIFTY,,2027-12-28,2027-12-28,26000.00,PE,NIFTY27DEC26000PE,1221.65,1288.40,1191.15,1239.50,1239.00,1225.00,24614.90,1239.50,47030,1365,40,70833584.25,39,F1,65,,,,,
2026-08-04,2026-08-04,FO,NSE,IDO,53627,,NIFTY,,2027-12-28,2027-12-28,25000.00,PE,NIFTY27DEC25000PE,886.85,921.45,863.00,900.50,900.50,894.50,24614.90,900.50,64870,1495,70,117847879.50,68,F1,65,,,,,
2026-08-04,2026-08-04,FO,NSE,IDO,55375,,NIFTY,,2027-06-29,2027-06-29,22500.00,PE,NIFTY27JUN22500PE,231.70,231.70,231.70,231.70,231.70,231.70,24614.90,231.70,650,0,4,5910242.00,4,F1,65,,,,,
2026-08-04,2026-08-04,FO,NSE,IDO,80273,,NIFTY,,2027-03-30,2027-03-30,24000.00,PE,NIFTY27MAR24000PE,403.15,428.05,387.85,411.25,410.85,405.10,24614.90,411.25,900705,32370,2136,3388239094.50,1241,F1,65,,,,,
2026-08-04,2026-08-04,FO,NSE,IDO,35237,,NIFTY,,2026-12-29,2026-12-29,30000.00,PE,NIFTY26DEC30000PE,4659.95,4796.65,4609.30,4778.00,4778.00,4671.80,24614.90,4778.00,387000,-1235,70,158003335.75,62,F1,65,,,,,
2026-08-04,2026-08-04,FO,NSE,IDO,37810,,NIFTY,,2026-12-29,2026-12-29,23000.00,PE,NIFTY26DEC23000PE,158.00,169.95,147.95,157.95,159.00,158.25,24614.90,157.95,2421110,81180,5522,8311455948.25,2709,F1,65,,,,,
2026-08-04,2026-08-04,FO,NSE,IDO,51541,,NIFTY,,2026-10-27,2026-10-27,27200.00,PE,NIFTY26OCT27200PE,0.00,0.00,0.00,2898.55,0.00,2898.55,24614.90,2332.61,0,0,0,0.00,0,F1,65,,,,,
2026-08-04,2026-08-04,FO,NSE,IDO,51539,,NIFTY,,2026-10-27,2026-10-27,27150.00,PE,NIFTY26OCT27150PE,0.00,0.00,0.00,2853.65,0.00,2853.65,24614.90,2290.25,0,0,0,0.00,0,F1,65,,,,,
2026-08-04,2026-08-04,FO,NSE,IDO,51525,,NIFTY,,2026-10-27,2026-10-27,26850.00,PE,NIFTY26OCT26850PE,0.00,0.00,0.00,2588.10,0.00,2588.10,24614.90,2041.66,0,0,0,0.00,0,F1,65,,,,,
2026-08-04,2026-08-04,FO,NSE,IDO,51513,,NIFTY,,2026-10-27,2026-10-27,26550.00,PE,NIFTY26OCT26550PE,0.00,0.00,0.00,2330.10,0.00,2330.10,24614.90,1803.64,0,0,0,0.00,0,F1,65,,,,,
2026-08-04,2026-08-04,FO,NSE,IDO,51439,,NIFTY,,2026-10-27,2026-10-27,24950.00,PE,NIFTY26OCT24950PE,518.00,534.45,504.60,534.45,534.45,528.25,24614.90,770.27,2210,1040,19,31447923.00,10,F1,65,,,,,
2026-08-04,2026-08-04,FO,NSE,IDO,51427,,NIFTY,,2026-10-27,2026-10-27,24700.00,PE,NIFTY26OCT24700PE,414.95,480.00,400.00,458.60,456.95,422.45,24614.90,458.60,8710,4030,124,202510659.00,59,F1,65,,,,,
2026-08-04,2026-08-04,FO,NSE,IDO,51425,,NIFTY,,2026-10-27,2026-10-27,24650.00,PE,NIFTY26OCT24650PE,393.35,465.55,393.35,465.00,465.00,410.90,24614.90,629.07,2080,2015,37,60332109.50,16,F1,65,,,,,
2026-08-04,2026-08-04,FO,NSE,IDO,51403,,NIFTY,,2026-10-27,2026-10-27,24200.00,PE,NIFTY26OCT24200PE,254.75,303.00,245.05,286.65,302.85,261.25,24614.90,286.65,12415,4615,148,235369959.50,115,F1,65,,,,,
2026-08-04,2026-08-04,FO,NSE,IDO,51379,,NIFTY,,2026-10-27,2026-10-27,23650.00,PE,NIFTY26OCT23650PE,0.00,0.00,0.00,491.35,0.00,491.35,24614.90,284.03,0,0,0,0.00,0,F1,65,,,,,
2026-08-04,2026-08-04,FO,NSE,IDO,51377,,NIFTY,,2026-10-27,2026-10-27,23600.00,PE,NIFTY26OCT23600PE,143.40,166.50,134.30,153.75,153.95,144.15,24614.90,153.75,15340,5265,192,296386603.50,143,F1,65,,,,,
2026-08-04,2026-08-04,FO,NSE,IDO,51369,,NIFTY,,2026-10-27,2026-10-27,23400.00,PE,NIFTY26OCT23400PE,0.00,0.00,0.00,403.80,0.00,403.80,24614.90,224.34,0,0,0,0.00,0,F1,65,,,,,
2026-08-04,2026-08-04,FO,NSE,IDO,74433,,NIFTY,,2026-09-29,2026-09-29,25950.00,PE,NIFTY26SEP25950PE,0.00,0.00,0.00,1938.00,0.00,1938.00,24614.90,1332.55,0,0,0,0.00,0,F1,65,,,,,
2026-08-04,2026-08-04,FO,NSE,IDO,74396,,NIFTY,,2026-09-29,2026-09-29,25450.00,PE,NIFTY26SEP25450PE,0.00,0.00,0.00,810.00,810.00,810.00,24614.90,983.43,260,0,0,0.00,0,F1,65,,,,,
2026-08-04,2026-08-04,FO,NSE,IDO,74394,,NIFTY,,2026-09-29,2026-09-29,25400.00,PE,NIFTY26SEP25400PE,759.05,842.50,759.05,834.00,834.00,785.00,24614.90,834.00,975,-65,7,11932550.50,7,F1,65,,,,,
2026-08-04,2026-08-04,FO,NSE,IDO,74373,,NIFTY,,2026-09-29,2026-09-29,25200.00,PE,NIFTY26SEP25200PE,625.00,737.35,608.00,700.00,700.00,646.50,24614.90,700.00,14170,2275,81,136209047.00,68,F1,65,,,,,
2026-08-04,2026-08-04,FO,NSE,IDO,74352,,NIFTY,,2026-09-29,2026-09-29,24650.00,PE,NIFTY26SEP24650PE,350.90,420.25,338.00,391.75,391.45,359.30,24614.90,391.75,11375,1300,142,231124110.75,134,F1,65,,,,,
2026-08-04,2026-08-04,FO,NSE,IDO,74242,,NIFTY,,2026-09-29,2026-09-29,24500.00,PE,NIFTY26SEP24500PE,295.45,366.25,281.15,333.80,333.40,306.15,24614.90,333.80,1545180,-16510,14864,23982514260.25,10386,F1,65,,,,,
2026-08-04,2026-08-04,FO,NSE,IDO,74108,,NIFTY,,2026-09-29,2026-09-29,24300.00,PE,NIFTY26SEP24300PE,247.25,290.50,220.00,262.15,265.70,241.25,24614.90,262.15,212355,14690,1605,2561961749.75,1368,F1,65,,,,,
2026-08-04,2026-08-04,FO,NSE,IDO,74083,,NIFTY,,2026-09-29,2026-09-29,24200.00,PE,NIFTY26SEP24200PE,208.55,257.20,194.00,231.80,234.00,212.85,24614.90,231.80,316485,83265,4426,7025959814.25,3482,F1,65,,,,,
2026-08-04,2026-08-04,FO,NSE,IDO,73851,,NIFTY,,2026-09-29,2026-09-29,21750.00,PE,NIFTY26SEP21750PE,0.00,0.00,0.00,21.35,21.35,21.35,24614.90,11.75,5785,0,0,0.00,0,F1,65,,,,,
2026-08-04,2026-08-04,FO,NSE,IDO,55283,,NIFTY,,2026-09-29,2026-09-29,19500.00,PE,NIFTY26SEP19500PE,13.00,13.00,11.65,11.85,11.75,13.15,24614.90,11.85,822510,-74620,1555,1972175374.00,411,F1,65,,,,,
2026-08-04,2026-08-04,FO,NSE,IDO,47120,,NIFTY,,2026-09-01,2026-09-01,27200.00,PE,NIFTY2690127200PE,0.00,0.00,0.00,2838.15,0.00,2838.15,24614.90,2467.54,0,0,0,0.00,0,F1,65,,,,,
2026-08-04,2026-08-04,FO,NSE,IDO,47086,,NIFTY,,2026-09-01,2026-09-01,26500.00,PE,NIFTY2690126500PE,0.00,0.00,0.00,2173.20,0.00,2173.20,24614.90,1797.73,0,0,0,0.00,0,F1,65,,,,,
2026-08-04,2026-08-04,FO,NSE,IDO,47084,,NIFTY,,2026-09-01,2026-09-01,26450.00,PE,NIFTY2690126450PE,0.00,0.00,0.00,2127.00,0.00,2127.00,24614.90,1751.37,0,0,0,0.00,0,F1,65,,,,,
2026-08-04,2026-08-04,FO,NSE,IDO,47060,,NIFTY,,2026-09-01,2026-09-01,25850.00,PE,NIFTY2690125850PE,0.00,0.00,0.00,1593.20,0.00,1593.20,24614.90,1221.67,0,0,0,0.00,0,F1,65,,,,,
2026-08-04,2026-08-04,FO,NSE,IDO,47054,,NIFTY,,2026-09-01,2026-09-01,25700.00,PE,NIFTY2690125700PE,0.00,0.00,0.00,1467.30,0.00,1467.30,24614.90,1099.34,0,0,0,0.00,0,F1,65,,,,,
2026-08-04,2026-08-04,FO,NSE,IDO,46996,,NIFTY,,2026-09-01,2026-09-01,24250.00,PE,NIFTY2690124250PE,138.90,187.35,127.55,168.00,168.00,140.90,24614.90,168.00,6370,-455,44,69816184.75,39,F1,65,,,,,
2026-08-04,2026-08-04,FO,NSE,IDO,46968,,NIFTY,,2026-09-01,2026-09-01,23550.00,PE,NIFTY2690123550PE,0.00,0.00,0.00,234.30,0.00,234.30,24614.90,84.57,0,0,0,0.00,0,F1,65,,,,,
2026-08-04,2026-08-04,FO,NSE,IDO,46924,,NIFTY,,2026-09-01,2026-09-01,22450.00,PE,NIFTY2690122450PE,0.00,0.00,0.00,18.00,18.00,18.00,24614.90,7.50,2340,0,0,0.00,0,F1,65,,,,,
2026-08-04,2026-08-04,FO,NSE,IDO,62241,,NIFTY,,2026-08-25,2026-08-25,27150.00,PE,NIFTY26AUG27150PE,0.00,0.00,0.00,2936.70,0.00,2936.70,24614.90,2443.62,0,0,0,0.00,0,F1,65,,,,,
2026-08-04,2026-08-04,FO,NSE,IDO,62230,,NIFTY,,2026-08-25,2026-08-25,27000.00,PE,NIFTY26AUG27000PE,2320.00,2459.65,2320.00,2459.65,2459.65,2803.15,24614.90,2295.76,455,455,9,17201213.25,9,F1,65,,,,,
2026-08-04,2026-08-04,FO,NSE,IDO,61776,,NIFTY,,2026-08-25,2026-08-25,24600.00,PE,NIFTY26AUG24600PE,227.10,319.65,203.00,272.25,274.80,231.05,24614.90,272.25,1209455,-184015,74507,120396798492.75,52110,F1,65,,,,,
2026-08-04,2026-08-04,FO,NSE,IDO,61726,,NIFTY,,2026-08-25,2026-08-25,24400.00,PE,NIFTY26AUG24400PE,145.00,224.65,135.95,188.50,189.50,156.90,24614.90,188.50,1633125,14235,42304,67603558022.00,27954,F1,65,,,,,
2026-08-04,2026-08-04,FO,NSE,IDO,61444,,NIFTY,,2026-08-25,2026-08-25,23150.00,PE,NIFTY26AUG23150PE,17.15,21.40,15.00,17.85,16.85,18.20,24614.90,17.85,39260,3835,4324,6511713620.75,4135,F1,65,,,,,
2026-08-04,2026-08-04,FO,NSE,IDO,61431,,NIFTY,,2026-08-25,2026-08-25,23050.00,PE,NIFTY26AUG23050PE,15.45,19.00,13.90,15.85,14.85,16.50,24614.90,15.85,116155,-32240,3958,5934222814.00,3363,F1,65,,,,,
2026-08-04,2026-08-04,FO,NSE,IDO,61373,,NIFTY,,2026-08-25,2026-08-25,22250.00,PE,NIFTY26AUG22250PE,9.65,9.65,6.80,7.40,6.80,8.05,24614.90,7.40,10660,-1885,239,345777978.00,184,F1,65,,,,,
2026-08-04,2026-08-04,FO,NSE,IDO,61345,,NIFTY,,2026-08-25,2026-08-25,21850.00,PE,NIFTY26AUG21850PE,7.15,7.15,7.15,7.15,7.15,7.15,24614.90,0.30,4290,0,2,2841429.50,1,F1,65,,,,,
2026-08-04,2026-08-04,FO,NSE,IDO,45246,,NIFTY,,2026-08-18,2026-08-18,26650.00,PE,NIFTY2681826650PE,0.00,0.00,0.00,2461.70,0.00,2461.70,24614.90,1975.73,0,0,0,0.00,0,F1,65,,,,,
2026-08-04,2026-08-04,FO,NSE,IDO,45218,,NIFTY,,2026-08-18,2026-08-18,26250.00,PE,NIFTY2681826250PE,0.00,0.00,0.00,2081.30,0.00,2081.30,24614.90,1583.59,0,0,0,0.00,0,F1,65,,,,,
2026-08-04,2026-08-04,FO,NSE,IDO,45155,,NIFTY,,2026-08-18,2026-08-18,25150.00,PE,NIFTY2681825150PE,0.00,0.00,0.00,1126.45,0.00,1126.45,24614.90,618.15,0,0,0,0.00,0,F1,65,,,,,
2026-08-04,2026-08-04,FO,NSE,IDO,45153,,NIFTY,,2026-08-18,2026-08-18,25100.00,PE,NIFTY2681825100PE,505.10,614.45,479.15,604.25,604.25,518.05,24614.90,582.46,1820,0,20,33302282.00,20,F1,65,,,,,
2026-08-04,2026-08-04,FO,NSE,IDO,45133,,NIFTY,,2026-08-18,2026-08-18,24750.00,PE,NIFTY2681824750PE,263.05,377.10,239.75,321.50,331.50,270.15,24614.90,321.50,24570,20475,827,1346454050.50,655,F1,65,,,,,
2026-08-04,2026-08-04,FO,NSE,IDO,45123,,NIFTY,,2026-08-18,2026-08-18,24700.00,PE,NIFTY2681824700PE,246.75,343.90,213.00,297.70,304.40,242.85,24614.90,297.70,59930,13130,4146,6728204557.75,3290,F1,65,,,,,
2026-08-04,2026-08-04,FO,NSE,IDO,45109,,NIFTY,,2026-08-18,2026-08-18,24450.00,PE,NIFTY2681824450PE,137.35,201.40,113.95,165.90,168.10,134.00,24614.90,165.90,209560,183040,6055,9688493782.50,4265,F1,65,,,,,
2026-08-04,2026-08-04,FO,NSE,IDO,45107,,NIFTY,,2026-08-18,2026-08-18,24400.00,PE,NIFTY2681824400PE,105.00,182.20,98.65,147.70,147.70,116.30,24614.90,147.70,409565,97305,14194,22641956135.50,10284,F1,65,,,,,
2026-08-04,2026-08-04,FO,NSE,IDO,45095,,NIFTY,,2026-08-18,2026-08-18,24100.00,PE,NIFTY2681824100PE,51.95,84.20,43.05,67.65,69.90,56.05,24614.90,67.65,269295,85150,7972,12518903312.50,5047,F1,65,,,,,
2026-08-04,2026-08-04,FO,NSE,IDO,45048,,NIFTY,,2026-08-18,2026-08-18,23150.00,PE,NIFTY2681823150PE,8.75,10.50,6.85,9.35,9.15,11.00,24614.90,9.35,5135,975,107,161071075.75,60,F1,65,,,,,
2026-08-04,2026-08-04,FO,NSE,IDO,45020,,NIFTY,,2026-08-18,2026-08-18,22600.00,PE,NIFTY2681822600PE,6.75,6.85,4.60,5.80,6.85,6.75,24614.90,5.80,23140,4095,280,411426551.25,180,F1,65,,,,,
2026-08-04,2026-08-04,FO,NSE,IDO,41116,,NIFTY,,2026-08-11,2026-08-11,26600.00,PE,NIFTY2681126600PE,0.00,0.00,0.00,2083.25,0.00,2083.25,24614.90,1954.18,0,0,0,0.00,0,F1,65,,,,,
2026-08-04,2026-08-04,FO,NSE,IDO,41092,,NIFTY,,2026-08-11,2026-08-11,26100.00,PE,NIFTY2681126100PE,0.00,0.00,0.00,1628.10,0.00,1628.10,24614.90,1455.99,0,0,0,0.00,0,F1,65,,,,,
2026-08-04,2026-08-04,FO,NSE,IDO,41060,,NIFTY,,2026-08-11,2026-08-11,25550.00,PE,NIFTY2681125550PE,940.60,1082.00,940.60,1044.85,1046.15,946.10,24614.90,1044.85,1560,-845,36,62252970.00,23,F1,65,,,,,
2026-08-04,2026-08-04,FO,NSE,IDO,41056,,NIFTY,,2026-08-11,2026-08-11,25450.00,PE,NIFTY2681125450PE,0.00,0.00,0.00,825.00,825.00,825.00,24614.90,827.58,65,0,0,0.00,0,F1,65,,,,,
2026-08-04,2026-08-04,FO,NSE,IDO,41004,,NIFTY,,2026-08-11,2026-08-11,24300.00,PE,NIFTY2681124300PE,48.35,93.75,35.40,67.90,66.45,51.30,24614.90,67.90,2906670,755625,243636,385818987622.25,139439,F1,65,,,,,
2026-08-04,2026-08-04,FO,NSE,IDO,40988,,NIFTY,,2026-08-11,2026-08-11,23900.00,PE,NIFTY2681123900PE,14.90,19.25,8.85,13.90,12.10,15.35,24614.90,13.90,1963715,582010,105747,164368817223.00,53056,F1,65,,,,,
2026-08-04,2026-08-04,FO,NSE,IDO,40954,,NIFTY,,2026-08-11,2026-08-11,23100.00,PE,NIFTY2681123100PE,4.90,5.25,2.30,3.40,2.35,5.50,24614.90,3.40,720135,38935,38038,57122931294.00,13968,F1,65,,,,,
2026-08-04,2026-08-04,FO,NSE,IDO,40944,,NIFTY,,2026-08-11,2026-08-11,22850.00,PE,NIFTY2681122850PE,4.05,4.25,1.85,2.40,1.85,4.25,24614.90,2.40,47710,21580,3806,5653537773.00,1880,F1,65,,,,,
2026-08-04,2026-08-04,FO,NSE,IDO,40934,,NIFTY,,2026-08-11,2026-08-11,22600.00,PE,NIFTY2681122600PE,3.20,3.55,1.55,2.15,1.65,3.55,24614.90,2.15,275015,91715,17021,25006311138.25,6742,F1,65,,,,,
2026-08-04,2026-08-04,FO,NSE,IDO,40932,,NIFTY,,2026-08-11,2026-08-11,22550.00,PE,NIFTY2681122550PE,2.50,2.80,1.60,2.05,2.00,3.50,24614.90,2.05,25025,6240,1688,2474405033.75,775,F1,65,,,,,
2026-08-04,2026-08-04,FO,NSE,IDO,40894,,NIFTY,,2026-08-11,2026-08-11,21800.00,PE,NIFTY2681121800PE,2.10,2.70,1.20,1.30,1.20,2.35,24614.90,1.30,131040,1690,3183,4510620088.00,1298,F1,65,,,,,
2026-08-04,2026-08-04,FO,NSE,IDO,40892,,NIFTY,,2026-08-11,2026-08-11,21750.00,PE,NIFTY2681121750PE,2.60,2.60,1.10,1.25,1.30,2.20,24614.90,1.25,12415,1625,212,299734574.75,137,F1,65,,,,,
2026-08-04,2026-08-04,FO,NSE,IDO,66071,,NIFTY,,2026-08-04,2026-08-04,26300.00,PE,NIFTY2680426300PE,0.00,0.00,0.00,2325.20,0.00,2325.20,24614.90,24614.90,0,0,0,0.00,0,F1,65,,,,,
2026-08-04,2026-08-04,FO,NSE,IDO,66061,,NIFTY,,2026-08-04,2026-08-04,26100.00,PE,NIFTY2680426100PE,1473.60,1473.60,1473.60,1473.60,1473.60,1564.55,24614.90,24614.90,65,0,1,1792284.00,1,F1,65,,,,,
2026-08-04,2026-08-04,FO,NSE,IDO,66055,,NIFTY,,2026-08-04,2026-08-04,25950.00,PE,NIFTY2680425950PE,0.00,0.00,0.00,2001.55,0.00,2001.55,24614.90,24614.90,0,0,0,0.00,0,F1,65,,,,,
2026-08-04,2026-08-04,FO,NSE,IDO,66001,,NIFTY,,2026-08-04,2026-08-04,25700.00,PE,NIFTY2680425700PE,884.25,1254.90,884.25,1254.90,1254.90,1777.85,24614.90,24614.90,650,650,51,88920916.50,47,F1,65,,,,,
2026-08-04,2026-08-04,FO,NSE,IDO,65897,,NIFTY,,2026-08-04,2026-08-04,24800.00,PE,NIFTY2680424800PE,230.15,367.00,160.85,250.95,184.70,229.00,24614.90,24614.90,285025,-200395,491743,799813873105.00,273052,F1,65,,,,,
2026-08-04,2026-08-04,FO,NSE,IDO,65690,,NIFTY,,2026-08-04,2026-08-04,23900.00,PE,NIFTY2680423900PE,1.00,1.15,0.05,0.05,0.05,2.85,24614.90,24614.90,2984280,-3025620,1043669,1621372905941.75,213362,F1,65,,,,,
2026-08-04,2026-08-04,FO,NSE,IDO,65679,,NIFTY,,2026-08-04,2026-08-04,23650.00,PE,NIFTY2680423650PE,1.50,1.50,0.05,0.05,0.05,1.95,24614.90,24614.90,1362010,-73645,165017,253675921391.75,28078,F1,65,,,,,
2026-08-04,2026-08-04,FO,NSE,IDO,65534,,NIFTY,,2026-08-04,2026-08-04,23400.00,PE,NIFTY2680423400PE,0.80,0.95,0.05,0.05,0.05,1.45,24614.90,24614.90,2048995,-1977625,204107,310452331107.75,32665,F1,65,,,,,
2026-08-04,2026-08-04,FO,NSE,IDO,65454,,NIFTY,,2026-08-04,2026-08-04,22950.00,PE,NIFTY2680422950PE,0.80,0.80,0.05,0.05,0.05,1.00,24614.90,24614.90,306085,-204230,21839,32578653981.25,4070,F1,65,,,,,
2026-08-04,2026-08-04,FO,NSE,IDO,65450,,NIFTY,,2026-08-04,2026-08-04,22850.00,PE,NIFTY2680422850PE,0.55,0.80,0.05,0.05,0.05,0.85,24614.90,24614.90,322985,-76830,9901,14705647398.00,2428,F1,65,,,,,
2026-08-04,2026-08-04,FO,NSE,IDO,65442,,NIFTY,,2026-08-04,2026-08-04,22650.00,PE,NIFTY2680422650PE,0.60,0.75,0.05,0.05,0.05,0.80,24614.90,24614.90,175825,-43225,7922,11663288542.75,1709,F1,65,,,,,
2026-08-04,2026-08-04,FO,NSE,IDO,65426,,NIFTY,,2026-08-04,2026-08-04,22350.00,PE,NIFTY2680422350PE,0.60,0.60,0.05,0.05,0.05,0.60,24614.90,24614.90,158860,-41405,4261,6190244716.50,1289,F1,65,,,,,
2026-08-04,2026-08-04,FO,NSE,IDO,65418,,NIFTY,,2026-08-04,2026-08-04,22200.00,PE,NIFTY2680422200PE,0.70,0.70,0.05,0.05,0.05,0.60,24614.90,24614.90,281645,-405210,16847,24310489755.50,3519,F1,65,,,,,
2026-08-04,2026-08-04,FO,NSE,IDO,74651,,NIFTY,,2031-06-24,2031-06-24,25500.00,CE,NIFTY31JUN25500CE,0.00,0.00,0.00,6409.80,0.00,6409.80,24614.90,7124.06,0,0,0,0.00,0,F1,65,,,,,
2026-08-04,2026-08-04,FO,NSE,IDO,74643,,NIFTY,,2031-06-24,2031-06-24,19500.00,CE,NIFTY31JUN19500CE,0.00,0.00,0.00,9840.60,0.00,9840.60,24614.90,10684.38,0,0,0,0.00,0,F1,65,,,,,
2026-08-04,2026-08-04,FO,NSE,IDO,60910,,NIFTY,,2030-06-25,2030-06-25,27000.00,CE,NIFTY30JUN27000CE,0.00,0.00,0.00,6972.50,0.00,6972.50,24614.90,5206.18,0,0,0,0.00,0,F1,65,,,,,
2026-08-04,2026-08-04,FO,NSE,IDO,55556,,NIFTY,,2029-06-26,2029-06-26,16500.00,CE,NIFTY29JUN16500CE,0.00,0.00,0.00,12587.95,0.00,12587.95,24614.90,11014.55,0,0,0,0.00,0,F1,65,,,,,
2026-08-04,2026-08-04,FO,NSE,IDO,47196,,NIFTY,,2028-06-27,2028-06-27,33000.00,CE,NIFTY28JUN33000CE,0.00,0.00,0.00,2004.15,0.00,2004.15,24614.90,843.84,0,0,0,0.00,0,F1,65,,,,,
2026-08-04,2026-08-04,FO,NSE,IDO,53631,,NIFTY,,2027-12-28,2027-12-28,27000.00,CE,NIFTY27DEC27000CE,1387.90,1405.00,1330.00,1335.10,1330.00,1358.00,24614.90,1335.10,41625,-1690,109,201082680.50,92,F1,65,,,,,
2026-08-04,2026-08-04,FO,NSE,IDO,55422,,NIFTY,,2027-12-28,2027-12-28,19500.00,CE,NIFTY27DEC19500CE,0.00,0.00,0.00,8684.70,0.00,8684.70,24614.90,6919.73,0,0,0,0.00,0,F1,65,,,,,
2026-08-04,2026-08-04,FO,NSE,IDO,55374,,NIFTY,,2027-06-29,2027-06-29,22500.00,CE,NIFTY27JUN22500CE,0.00,0.00,0.00,5539.60,0.00,5539.60,24614.90,3753.17,0,0,0,0.00,0,F1,65,,,,,
2026-08-04,2026-08-04,FO,NSE,IDO,80274,,NIFTY,,2027-03-30,2027-03-30,25500.00,CE,NIFTY27MAR25500CE,941.65,957.30,873.25,890.50,894.30,921.95,24614.90,890.50,1002300,73385,3063,5261251505.25,1625,F1,65,,,,,
2026-08-04,2026-08-04,FO,NSE,IDO,47190,,NIFTY,,2026-12-29,2026-12-29,33000.00,CE,NIFTY26DEC33000CE,8.00,8.55,7.65,7.85,7.90,8.00,24614.90,7.85,99255,-1170,47,100839384.75,20,F1,65,,,,,
2026-08-04,2026-08-04,FO,NSE,IDO,51526,,NIFTY,,2026-10-27,2026-10-27,26900.00,CE,NIFTY26OCT26900CE,0.00,0.00,0.00,121.25,0.00,121.25,24614.90,201.58,0,0,0,0.00,0,F1,65,,,,,
2026-08-04,2026-08-04,FO,NSE,IDO,51506,,NIFTY,,2026-10-27,2026-10-27,26400.00,CE,NIFTY26OCT26400CE,0.00,0.00,0.00,186.25,0.00,186.25,24614.90,301.65,0,0,0,0.00,0,F1,65,,,,,
2026-08-04,2026-08-04,FO,NSE,IDO,51426,,NIFTY,,2026-10-27,2026-10-27,24700.00,CE,NIFTY26OCT24700CE,634.25,650.00,560.00,576.85,575.00,625.80,24614.90,576.85,7670,3835,157,258146629.00,66,F1,65,,,,,
2026-08-04,2026-08-04,FO,NSE,IDO,51406,,NIFTY,,2026-10-27,2026-10-27,24300.00,CE,NIFTY26OCT24300CE,813.00,818.00,812.00,818.00,818.00,877.95,24614.90,1166.59,1495,130,5,8162534.25,4,F1,65,,,,,
2026-08-04,2026-08-04,FO,NSE,IDO,51400,,NIFTY,,2026-10-27,2026-10-27,24150.00,CE,NIFTY26OCT24150CE,0.00,0.00,0.00,980.00,980.00,980.00,24614.90,1260.45,195,0,0,0.00,0,F1,65,,,,,
2026-08-04,2026-08-04,FO,NSE,IDO,51374,,NIFTY,,2026-10-27,2026-10-27,23550.00,CE,NIFTY26OCT23550CE,0.00,0.00,0.00,1244.00,0.00,1244.00,24614.90,1677.24,0,0,0,0.00,0,F1,65,,,,,
2026-08-04,2026-08-04,FO,NSE,IDO,55290,,NIFTY,,2026-09-29,2026-09-29,31500.00,CE,NIFTY26SEP31500CE,2.85,2.85,2.10,2.10,2.10,2.85,24614.90,2.10,12675,1300,40,81906747.00,15,F1,65,,,,,
2026-08-04,2026-08-04,FO,NSE,IDO,55288,,NIFTY,,2026-09-29,2026-09-29,28500.00,CE,NIFTY26SEP28500CE,4.90,5.40,4.10,4.70,4.90,4.75,24614.90,4.70,530595,2470,1167,2162217664.75,579,F1,65,,,,,
2026-08-04,2026-08-04,FO,NSE,IDO,74487,,NIFTY,,2026-09-29,2026-09-29,26650.00,CE,NIFTY26SEP26650CE,0.00,0.00,0.00,142.10,0.00,142.10,24614.90,126.03,0,0,0,0.00,0,F1,65,,,,,
2026-08-04,2026-08-04,FO,NSE,IDO,74481,,NIFTY,,2026-09-29,2026-09-29,26500.00,CE,NIFTY26SEP26500CE,0.00,0.00,0.00,161.40,0.00,161.40,24614.90,148.05,0,0,0,0.00,0,F1,65,,,,,
2026-08-04,2026-08-04,FO,NSE,IDO,74391,,NIFTY,,2026-09-29,2026-09-29,25400.00,CE,NIFTY26SEP25400CE,162.95,168.90,135.70,141.65,139.30,158.90,24614.90,141.65,134680,74750,2956,4910023826.50,2402,F1,65,,,,,
2026-08-04,2026-08-04,FO,NSE,IDO,74363,,NIFTY,,2026-09-29,2026-09-29,24950.00,CE,NIFTY26SEP24950CE,330.55,340.40,281.55,288.90,289.75,330.55,24614.90,288.90,19305,195,69,113283508.00,51,F1,65,,,,,
2026-08-04,2026-08-04,FO,NSE,IDO,74048,,NIFTY,,2026-09-29,2026-09-29,23850.00,CE,NIFTY26SEP23850CE,0.00,0.00,0.00,1033.30,1033.30,1033.30,24614.90,1258.59,1820,0,0,0.00,0,F1,65,,,,,
2026-08-04,2026-08-04,FO,NSE,IDO,73887,,NIFTY,,2026-09-29,2026-09-29,22600.00,CE,NIFTY26SEP22600CE,0.00,0.00,0.00,1734.30,1734.30,1734.30,24614.90,2292.52,195,0,0,0.00,0,F1,65,,,,,
2026-08-04,2026-08-04,FO,NSE,IDO,47089,,NIFTY,,2026-09-01,2026-09-01,26600.00,CE,NIFTY2690126600CE,0.00,0.00,0.00,39.10,0.00,39.10,24614.90,29.89,0,0,0,0.00,0,F1,65,,,,,
2026-08-04,2026-08-04,FO,NSE,IDO,47031,,NIFTY,,2026-09-01,2026-09-01,25150.00,CE,NIFTY2690125150CE,0.00,0.00,0.00,253.70,0.00,253.70,24614.90,281.30,0,0,0,0.00,0,F1,65,,,,,
2026-08-04,2026-08-04,FO,NSE,IDO,46977,,NIFTY,,2026-09-01,2026-09-01,23800.00,CE,NIFTY2690123800CE,828.20,828.20,828.20,828.20,828.20,941.00,24614.90,1055.22,1885,0,1,1600833.00,1,F1,65,,,,,
2026-08-04,2026-08-04,FO,NSE,IDO,46971,,NIFTY,,2026-09-01,2026-09-01,23650.00,CE,NIFTY2690123650CE,0.00,0.00,0.00,966.45,0.00,966.45,24614.90,1175.76,0,0,0,0.00,0,F1,65,,,,,
2026-08-04,2026-08-04,FO,NSE,IDO,46953,,NIFTY,,2026-09-01,2026-09-01,23200.00,CE,NIFTY2690123200CE,0.00,0.00,0.00,1298.35,0.00,1298.35,24614.90,1566.15,0,0,0,0.00,0,F1,65,,,,,
2026-08-04,2026-08-04,FO,NSE,IDO,46939,,NIFTY,,2026-09-01,2026-09-01,22850.00,CE,NIFTY2690122850CE,0.00,0.00,0.00,1586.45,0.00,1586.45,24614.90,1891.44,0,0,0,0.00,0,F1,65,,,,,
2026-08-04,2026-08-04,FO,NSE,IDO,46929,,NIFTY,,2026-09-01,2026-09-01,22600.00,CE,NIFTY2690122600CE,0.00,0.00,0.00,1805.15,0.00,1805.15,24614.90,2131.11,0,0,0,0.00,0,F1,65,,,,,
2026-08-04,2026-08-04,FO,NSE,IDO,61953,,NIFTY,,2026-08-25,2026-08-25,25350.00,CE,NIFTY26AUG25350CE,0.00,0.00,0.00,417.60,0.00,417.60,24614.90,158.64,0,0,0,0.00,0,F1,65,,,,,
2026-08-04,2026-08-04,FO,NSE,IDO,61440,,NIFTY,,2026-08-25,2026-08-25,23150.00,CE,NIFTY26AUG23150CE,1503.00,1503.00,1351.75,1351.75,1351.75,1344.45,24614.90,1567.62,780,-390,18,28814516.25,6,F1,65,,,,,
2026-08-04,2026-08-04,FO,NSE,IDO,61424,,NIFTY,,2026-08-25,2026-08-25,22900.00,CE,NIFTY26AUG22900CE,0.00,0.00,0.00,1572.00,1572.00,1572.00,24614.90,1806.04,5720,0,0,0.00,0,F1,65,,,,,
2026-08-04,2026-08-04,FO,NSE,IDO,61401,,NIFTY,,2026-08-25,2026-08-25,22600.00,CE,NIFTY26AUG22600CE,1878.55,1878.55,1878.55,1878.55,1878.55,1475.00,24614.90,2098.38,1820,0,1,1591105.75,1,F1,65,,,,,
2026-08-04,2026-08-04,FO,NSE,IDO,61340,,NIFTY,,2026-08-25,2026-08-25,21750.00,CE,NIFTY26AUG21750CE,0.00,0.00,0.00,2581.20,0.00,2581.20,24614.90,2941.05,0,0,0,0.00,0,F1,65,,,,,
2026-08-04,2026-08-04,FO,NSE,IDO,61173,,NIFTY,,2026-08-25,2026-08-25,21350.00,CE,NIFTY26AUG21350CE,0.00,0.00,0.00,2938.85,0.00,2938.85,24614.90,3339.49,0,0,0,0.00,0,F1,65,,,,,
2026-08-04,2026-08-04,FO,NSE,IDO,45266,,NIFTY,,2026-08-18,2026-08-18,27100.00,CE,NIFTY2681827100CE,1.25,1.25,1.05,1.05,1.05,7.50,24614.90,0.54,0,0,16,28185196.00,2,F1,65,,,,,
2026-08-04,2026-08-04,FO,NSE,IDO,45206,,NIFTY,,2026-08-18,2026-08-18,26100.00,CE,NIFTY2681826100CE,3.30,3.40,2.05,2.45,2.10,3.10,24614.90,2.45,18850,-780,452,766893169.25,266,F1,65,,,,,
2026-08-04,2026-08-04,FO,NSE,IDO,45096,,NIFTY,,2026-08-18,2026-08-18,24150.00,CE,NIFTY2681824150CE,516.80,562.15,437.85,451.65,446.80,517.30,24614.90,451.65,4680,715,70,112036977.00,51,F1,65,,,,,
2026-08-04,2026-08-04,FO,NSE,IDO,45092,,NIFTY,,2026-08-18,2026-08-18,24050.00,CE,NIFTY2681824050CE,637.15,642.20,508.50,546.90,549.05,598.90,24614.90,546.90,2080,65,20,31990019.75,20,F1,65,,,,,
2026-08-04,2026-08-04,FO,NSE,IDO,45078,,NIFTY,,2026-08-18,2026-08-18,23800.00,CE,NIFTY2681823800CE,841.85,870.45,725.00,752.70,743.65,829.00,24614.90,752.70,8840,2405,70,111753781.75,41,F1,65,,,,,
2026-08-04,2026-08-04,FO,NSE,IDO,45074,,NIFTY,,2026-08-18,2026-08-18,23700.00,CE,NIFTY2681823700CE,936.35,960.00,808.00,836.95,836.95,929.80,24614.90,1012.74,3640,-650,37,59135241.75,28,F1,65,,,,,
2026-08-04,2026-08-04,FO,NSE,IDO,45069,,NIFTY,,2026-08-18,2026-08-18,23600.00,CE,NIFTY2681823600CE,1054.20,1061.95,905.10,940.90,926.95,1020.85,24614.90,940.90,14040,11570,214,341401518.25,206,F1,65,,,,,
2026-08-04,2026-08-04,FO,NSE,IDO,45065,,NIFTY,,2026-08-18,2026-08-18,23500.00,CE,NIFTY2681823500CE,1020.00,1053.90,1020.00,1053.90,1053.90,1122.20,24614.90,1053.90,4355,-65,3,4783603.50,2,F1,65,,,,,
2026-08-04,2026-08-04,FO,NSE,IDO,45013,,NIFTY,,2026-08-18,2026-08-18,22500.00,CE,NIFTY2681822500CE,0.00,0.00,0.00,1729.30,0.00,1729.30,24614.90,2167.90,0,0,0,0.00,0,F1,65,,,,,
2026-08-04,2026-08-04,FO,NSE,IDO,44989,,NIFTY,,2026-08-18,2026-08-18,22100.00,CE,NIFTY2681822100CE,0.00,0.00,0.00,2100.90,0.00,2100.90,24614.90,2566.46,0,0,0,0.00,0,F1,65,,,,,
2026-08-04,2026-08-04,FO,NSE,IDO,44985,,NIFTY,,2026-08-18,2026-08-18,22050.00,CE,NIFTY2681822050CE,0.00,0.00,0.00,2148.45,0.00,2148.45,24614.90,2616.32,0,0,0,0.00,0,F1,65,,,,,
2026-08-04,2026-08-04,FO,NSE,IDO,41065,,NIFTY,,2026-08-11,2026-08-11,25700.00,CE,NIFTY2681125700CE,2.00,2.65,1.40,1.90,2.00,2.10,24614.90,1.90,1938300,1241305,80231,134034961310.25,27703,F1,65,,,,,
2026-08-04,2026-08-04,FO,NSE,IDO,41039,,NIFTY,,2026-08-11,2026-08-11,25050.00,CE,NIFTY2681125050CE,18.50,21.85,11.50,14.10,12.00,18.10,24614.90,14.10,1249040,462085,103601,168785700544.50,51074,F1,65,,,,,
2026-08-04,2026-08-04,FO,NSE,IDO,41033,,NIFTY,,2026-08-11,2026-08-11,24950.00,CE,NIFTY2681124950CE,33.85,35.10,19.00,22.35,21.70,29.40,24614.90,22.35,975195,603460,83975,136319156980.50,50209,F1,65,,,,,
2026-08-04,2026-08-04,FO,NSE,IDO,41031,,NIFTY,,2026-08-11,2026-08-11,24900.00,CE,NIFTY2681124900CE,38.20,45.05,24.35,28.05,26.20,37.80,24614.90,28.05,4059705,2712385,228988,371083551536.75,116658,F1,65,,,,,
2026-08-04,2026-08-04,FO,NSE,IDO,41027,,NIFTY,,2026-08-11,2026-08-11,24800.00,CE,NIFTY2681124800CE,62.25,74.25,39.30,45.70,43.50,62.50,24614.90,45.70,5206110,3058055,344790,556986565989.75,187072,F1,65,,,,,
2026-08-04,2026-08-04,FO,NSE,IDO,40993,,NIFTY,,2026-08-11,2026-08-11,24050.00,CE,NIFTY2681124050CE,582.75,605.00,444.35,479.95,472.00,565.85,24614.90,479.95,45110,6175,633,1010396273.25,493,F1,65,,,,,
2026-08-04,2026-08-04,FO,NSE,IDO,62172,,NIFTY,,2026-08-25,2026-08-25,26700.00,CE,NIFTY26AUG26700CE,0.30,3.60,0.30,2.25,1.70,149.35,24614.90,2.25,5720,5720,315,546735813.00,142,F1,65,,,,,
2026-08-04,2026-08-04,FO,NSE,IDO,61534,,NIFTY,,2026-08-25,2026-08-25,23800.00,CE,NIFTY26AUG23800CE,902.00,928.45,765.00,806.40,802.60,883.00,24614.90,806.40,517465,-5330,747,1196263568.50,537,F1,65,,,,,
2026-08-04,2026-08-04,FO,NSE,IDO,61647,,NIFTY,,2026-08-25,2026-08-25,24200.00,CE,NIFTY26AUG24200CE,535.65,583.00,442.70,481.05,473.95,543.80,24614.90,481.05,1185080,-96720,8551,13730566820.75,5668,F1,65,,,,,
2026-08-04,2026-08-04,FO,NSE,IDO,61734,,NIFTY,,2026-08-25,2026-08-25,24500.00,CE,NIFTY26AUG24500CE,345.00,358.00,260.00,284.05,280.50,329.05,24614.90,284.05,4858555,165685,104437,168321959880.75,68865,F1,65,,,,,
2026-08-04,2026-08-04,FO,NSE,IDO,61857,,NIFTY,,2026-08-25,2026-08-25,24900.00,CE,NIFTY26AUG24900CE,125.00,145.80,100.20,109.60,107.00,129.70,24614.90,109.60,940030,105495,19138,31123889943.25,14274,F1,65,,,,,
2026-08-04,2026-08-04,FO,NSE,IDO,61865,,NIFTY,,2026-08-25,2026-08-25,24950.00,CE,NIFTY26AUG24950CE,120.10,127.85,87.00,96.00,93.25,112.65,24614.90,96.00,105430,4095,2116,3445639132.00,1549,F1,65,,,,,
2026-08-04,2026-08-04,FO,NSE,IDO,61909,,NIFTY,,2026-08-25,2026-08-25,25050.00,CE,NIFTY26AUG25050CE,88.45,96.05,66.15,72.70,71.80,85.30,24614.90,72.70,139490,14690,2642,4315463051.25,2014,F1,65,,,,,
2026-08-04,2026-08-04,FO,NSE,IDO,61979,,NIFTY,,2026-08-25,2026-08-25,25600.00,CE,NIFTY26AUG25600CE,19.00,19.00,12.50,14.45,14.15,15.25,24614.90,14.45,548145,-13650,6115,10181226932.50,3886,F1,65,,,,,
2026-08-04,2026-08-04,FO,NSE,IDO,62036,,NIFTY,,2026-08-25,2026-08-25,25950.00,CE,NIFTY26AUG25950CE,5.80,7.90,5.40,6.25,5.80,5.80,24614.90,6.25,36595,-2860,3610,6090678135.75,3325,F1,65,,,,,
2026-08-04,2026-08-04,FO,NSE,IDO,62043,,NIFTY,,2026-08-25,2026-08-25,26050.00,CE,NIFTY26AUG26050CE,5.05,6.90,4.55,5.15,4.80,5.05,24614.90,5.15,29055,6240,2546,4311922540.25,2299,F1,65,,,,,
2026-08-04,2026-08-04,FO,NSE,IDO,61933,,NIFTY,,2029-12-24,2029-12-24,30000.00,PE,NIFTY29DEC30000PE,0.00,0.00,0.00,1953.50,0.00,1953.50,24614.90,2688.60,0,0,0,0.00,0,F1,65,,,,,
2026-08-04,2026-08-04,FO,NSE,IDO,61660,,NIFTY,,2029-12-24,2029-12-24,21000.00,PE,NIFTY29DEC21000PE,0.00,0.00,0.00,525.10,525.10,525.10,24614.90,326.38,650,0,0,0.00,0,F1,65,,,,,
2026-08-04,2026-08-04,FO,NSE,IDO,55599,,NIFTY,,2029-12-24,2029-12-24,16500.00,PE,NIFTY29DEC16500PE,0.00,0.00,0.00,10.15,0.00,10.15,24614.90,45.21,0,0,0,0.00,0,F1,65,,,,,
2026-08-04,2026-08-04,FO,NSE,IDO,51459,,NIFTY,,2026-10-27,2026-10-27,25450.00,PE,NIFTY26OCT25450PE,871.50,871.50,871.50,871.50,871.50,1471.00,24614.90,871.50,65,65,1,1710897.50,1,F1,65,,,,,
2026-08-04,2026-08-04,FO,NSE,IDO,51429,,NIFTY,,2026-10-27,2026-10-27,24750.00,PE,NIFTY26OCT24750PE,494.95,494.95,494.95,494.95,494.95,1018.65,24614.90,674.20,65,65,1,1640921.75,1,F1,65,,,,,
2026-08-04,2026-08-04,FO,NSE,IDO,51421,,NIFTY,,2026-10-27,2026-10-27,24550.00,PE,NIFTY26OCT24550PE,359.00,359.00,350.05,350.05,350.05,380.00,24614.90,585.90,1755,130,2,3237588.25,2,F1,65,,,,,
2026-08-04,2026-08-04,FO,NSE,IDO,51393,,NIFTY,,2026-10-27,2026-10-27,24000.00,PE,NIFTY26OCT24000PE,216.00,252.00,202.15,232.70,233.15,218.60,24614.90,232.70,164060,8710,2079,3273971512.50,1626,F1,65,,,,,
2026-08-04,2026-08-04,FO,NSE,IDO,65166,,NIFTY,,2026-08-04,2026-08-04,21750.00,CE,NIFTY2680421750CE,0.00,0.00,0.00,2253.60,0.00,2253.60,24614.90,24614.90,0,0,0,0.00,0,F1,65,,,,,
2026-08-04,2026-08-04,FO,NSE,IDO,65433,,NIFTY,,2026-08-04,2026-08-04,22500.00,CE,NIFTY2680422500CE,2398.00,2398.00,1940.85,2023.10,2161.20,2065.05,24614.90,24614.90,7085,-1300,53,84678275.50,25,F1,65,,,,,
2026-08-04,2026-08-04,FO,NSE,IDO,65678,,NIFTY,,2026-08-04,2026-08-04,23650.00,CE,NIFTY2680423650CE,950.05,996.05,810.00,918.70,966.10,929.45,24614.90,24614.90,38545,-2925,321,512264600.25,213,F1,65,,,,,
2026-08-04,2026-08-04,FO,NSE,IDO,65689,,NIFTY,,2026-08-04,2026-08-04,23900.00,CE,NIFTY2680423900CE,700.00,736.00,536.05,618.60,715.30,674.10,24614.90,24614.90,340600,-109850,4704,7502750076.25,3505,F1,65,,,,,
2026-08-04,2026-08-04,FO,NSE,IDO,65774,,NIFTY,,2026-08-04,2026-08-04,24200.00,CE,NIFTY2680424200CE,431.00,447.40,237.00,323.05,414.45,379.60,24614.90,24614.90,891150,-866905,127754,203532430894.00,56248,F1,65,,,,,
2026-08-04,2026-08-04,FO,NSE,IDO,51391,,NIFTY,,2026-10-27,2026-10-27,23950.00,PE,NIFTY26OCT23950PE,0.00,0.00,0.00,612.05,0.00,612.05,24614.90,367.30,0,0,0,0.00,0,F1,65,,,,,
2026-08-04,2026-08-04,FO,NSE,IDO,51367,,NIFTY,,2026-10-27,2026-10-27,23350.00,PE,NIFTY26OCT23350PE,0.00,0.00,0.00,387.65,0.00,387.65,24614.90,213.76,0,0,0,0.00,0,F1,65,,,,,
2026-08-04,2026-08-04,FO,NSE,IDO,51365,,NIFTY,,2026-10-27,2026-10-27,23300.00,PE,NIFTY26OCT23300PE,104.00,122.00,98.95,111.65,116.35,109.05,24614.90,111.65,34515,8320,266,404773112.25,184,F1,65,,,,,
2026-08-04,2026-08-04,FO,NSE,IDO,51355,,NIFTY,,2026-10-27,2026-10-27,23050.00,PE,NIFTY26OCT23050PE,0.00,0.00,0.00,301.35,0.00,301.35,24614.90,157.93,0,0,0,0.00,0,F1,65,,,,,
2026-08-04,2026-08-04,FO,NSE,IDO,55289,,NIFTY,,2026-09-29,2026-09-29,28500.00,PE,NIFTY26SEP28500PE,3728.60,3809.85,3638.00,3751.30,3751.00,3668.45,24614.90,3751.30,415610,-520,106,221854655.75,96,F1,65,,,,,
2026-08-04,2026-08-04,FO,NSE,IDO,74498,,NIFTY,,2026-09-29,2026-09-29,26900.00,PE,NIFTY26SEP26900PE,0.00,0.00,0.00,2735.95,0.00,2735.95,24614.90,2110.33,0,0,0,0.00,0,F1,65,,,,,
2026-08-04,2026-08-04,FO,NSE,IDO,74496,,NIFTY,,2026-09-29,2026-09-29,26850.00,PE,NIFTY26SEP26850PE,0.00,0.00,0.00,2691.90,0.00,2691.90,24614.90,2066.39,0,0,0,0.00,0,F1,65,,,,,
2026-08-04,2026-08-04,FO,NSE,IDO,74492,,NIFTY,,2026-09-29,2026-09-29,26750.00,PE,NIFTY26SEP26750PE,0.00,0.00,0.00,2604.30,0.00,2604.30,24614.90,1979.34,0,0,0,0.00,0,F1,65,,,,,
2026-08-04,2026-08-04,FO,NSE,IDO,74413,,NIFTY,,2026-09-29,2026-09-29,25600.00,PE,NIFTY26SEP25600PE,919.35,999.30,919.35,999.30,999.30,923.65,24614.90,1082.46,520,-65,3,5177051.75,3,F1,65,,,,,
2026-08-04,2026-08-04,FO,NSE,IDO,65903,,NIFTY,,2026-09-29,2026-09-29,25000.00,PE,NIFTY26SEP25000PE,520.00,616.40,495.05,572.65,572.45,528.30,24614.90,572.65,1090680,18980,5257,8730184836.75,4250,F1,65,,,,,
2026-08-04,2026-08-04,FO,NSE,IDO,74057,,NIFTY,,2026-09-29,2026-09-29,23900.00,PE,NIFTY26SEP23900PE,140.95,177.20,132.15,159.50,161.95,144.40,24614.90,159.50,97955,-4550,1127,1761805321.25,869,F1,65,,,,,
2026-08-04,2026-08-04,FO,NSE,IDO,73926,,NIFTY,,2026-09-29,2026-09-29,23350.00,PE,NIFTY26SEP23350PE,73.70,87.65,67.10,82.00,82.60,74.20,24614.90,82.00,9945,-455,130,197938120.25,107,F1,65,,,,,
2026-08-04,2026-08-04,FO,NSE,IDO,73922,,NIFTY,,2026-09-29,2026-09-29,23250.00,PE,NIFTY26SEP23250PE,64.85,76.15,61.30,72.95,73.85,67.15,24614.90,72.95,12350,325,140,212188190.50,129,F1,65,,,,,
2026-08-04,2026-08-04,FO,NSE,IDO,73898,,NIFTY,,2026-09-29,2026-09-29,22850.00,PE,NIFTY26SEP22850PE,43.25,49.75,42.20,48.50,48.50,45.25,24614.90,73.22,12805,585,28,41670359.25,23,F1,65,,,,,
2026-08-04,2026-08-04,FO,NSE,IDO,73878,,NIFTY,,2026-09-29,2026-09-29,22300.00,PE,NIFTY26SEP22300PE,28.80,31.35,26.75,28.45,28.60,30.00,24614.90,28.45,50895,-1560,230,333815482.00,131,F1,65,,,,,
2026-08-04,2026-08-04,FO,NSE,IDO,73853,,NIFTY,,2026-09-29,2026-09-29,21800.00,PE,NIFTY26SEP21800PE,21.50,22.30,20.35,21.05,20.50,22.20,24614.90,21.05,34255,7475,199,282258203.50,156,F1,65,,,,,
2026-08-04,2026-08-04,FO,NSE,IDO,73806,,NIFTY,,2026-09-29,2026-09-29,21600.00,PE,NIFTY26SEP21600PE,19.75,22.00,18.20,18.35,18.40,19.80,24614.90,18.35,44590,1300,54,75882696.50,47,F1,65,,,,,
2026-08-04,2026-08-04,FO,NSE,IDO,47103,,NIFTY,,2026-09-01,2026-09-01,26800.00,PE,NIFTY2690126800PE,0.00,0.00,0.00,2454.60,0.00,2454.60,24614.90,2080.80,0,0,0,0.00,0,F1,65,,,,,
2026-08-04,2026-08-04,FO,NSE,IDO,47050,,NIFTY,,2026-09-01,2026-09-01,25600.00,PE,NIFTY2690125600PE,0.00,0.00,0.00,1385.45,0.00,1385.45,24614.90,1020.63,0,0,0,0.00,0,F1,65,,,,,
2026-08-04,2026-08-04,FO,NSE,IDO,47032,,NIFTY,,2026-09-01,2026-09-01,25150.00,PE,NIFTY2690125150PE,0.00,0.00,0.00,1040.90,0.00,1040.90,24614.90,699.37,0,0,0,0.00,0,F1,65,,,,,
2026-08-04,2026-08-04,FO,NSE,IDO,47022,,NIFTY,,2026-09-01,2026-09-01,24900.00,PE,NIFTY2690124900PE,0.00,0.00,0.00,869.25,0.00,869.25,24614.90,547.74,0,0,0,0.00,0,F1,65,,,,,
2026-08-04,2026-08-04,FO,NSE,IDO,47018,,NIFTY,,2026-09-01,2026-09-01,24800.00,PE,NIFTY2690124800PE,347.20,439.65,347.20,401.00,401.00,356.10,24614.90,401.00,195,130,9,14746732.00,9,F1,65,,,,,
2026-08-04,2026-08-04,FO,NSE,IDO,46990,,NIFTY,,2026-09-01,2026-09-01,24100.00,PE,NIFTY2690124100PE,109.95,150.00,98.15,126.65,131.20,111.10,24614.90,126.65,11310,3900,213,335396795.50,141,F1,65,,,,,
