TradDt,BizDt,Sgmt,Src,FinInstrmTp,FinInstrmId,ISIN,TckrSymb,SctySrs,XpryDt,FininstrmActlXpryDt,StrkPric,OptnTp,FinInstrmNm,OpnPric,HghPric,LwPric,ClsPric,LastPric,PrvsClsgPric,UndrlygPric,SttlmPric,OpnIntrst,ChngInOpnIntrst,TtlTradgVol,TtlTrfVal,TtlNbOfTxsExctd,SsnId,NewBrdLotQty,Rmks,Rsvd1,Rsvd2,Rsvd3,Rsvd4
2026-07-27,2026-07-27,FO,NSE,IDO,69684,,BANKNIFTY,,2026-09-29,2026-09-29,53000.00,CE,BANKNIFTY26SEP53000CE,0.00,0.00,0.00,5914.50,0.00,5914.50,57087.20,5113.70,0,0,0,0.00,0,F1,30,,,,,
2026-07-27,2026-07-27,FO,NSE,IDO,69674,,BANKNIFTY,,2026-09-29,2026-09-29,52400.00,CE,BANKNIFTY26SEP52400CE,0.00,0.00,0.00,6400.20,0.00,6400.20,57087.20,5612.65,0,0,0,0.00,0,F1,30,,,,,
2026-07-27,2026-07-27,FO,NSE,IDO,69591,,BANKNIFTY,,2026-09-29,2026-09-29,50500.00,CE,BANKNIFTY26SEP50500CE,0.00,0.00,0.00,8035.05,0.00,8035.05,57087.20,7297.30,0,0,0,0.00,0,F1,30,,,,,
2026-07-27,2026-07-27,FO,NSE,IDO,59300,,BANKNIFTY,,2026-08-25,2026-08-25,63500.00,CE,BANKNIFTY26AUG63500CE,0.00,0.00,0.00,354.45,0.00,354.45,57087.20,61.55,0,0,0,0.00,0,F1,30,,,,,
2026-07-27,2026-07-27,FO,NSE,IDO,59298,,BANKNIFTY,,2026-08-25,2026-08-25,63400.00,CE,BANKNIFTY26AUG63400CE,0.00,0.00,0.00,365.00,0.00,365.00,57087.20,65.60,0,0,0,0.00,0,F1,30,,,,,
2026-07-27,2026-07-27,FO,NSE,IDO,59256,,BANKNIFTY,,2026-08-25,2026-08-25,62100.00,CE,BANKNIFTY26AUG62100CE,0.00,0.00,0.00,529.35,0.00,529.35,57087.20,145.35,0,0,0,0.00,0,F1,30,,,,,
2026-07-27,2026-07-27,FO,NSE,IDO,59254,,BANKNIFTY,,2026-08-25,2026-08-25,62000.00,CE,BANKNIFTY26AUG62000CE,33.00,33.05,23.20,24.25,25.00,26.65,57087.20,24.25,235710,69900,6066,11287635477.00,3180,F1,30,,,,,
2026-07-27,2026-07-27,FO,NSE,IDO,59252,,BANKNIFTY,,2026-08-25,2026-08-25,61900.00,CE,BANKNIFTY26AUG61900CE,0.00,0.00,0.00,559.50,0.00,559.50,57087.20,163.10,0,0,0,0.00,0,F1,30,,,,,
2026-07-27,2026-07-27,FO,NSE,IDO,59246,,BANKNIFTY,,2026-08-25,2026-08-25,61600.00,CE,BANKNIFTY26AUG61600CE,0.00,0.00,0.00,607.40,0.00,607.40,57087.20,193.15,0,0,0,0.00,0,F1,30,,,,,
2026-07-27,2026-07-27,FO,NSE,IDO,59228,,BANKNIFTY,,2026-08-25,2026-08-25,61200.00,CE,BANKNIFTY26AUG61200CE,53.10,55.80,36.25,40.00,40.95,45.30,57087.20,40.00,15120,5250,445,817616230.50,209,F1,30,,,,,
2026-07-27,2026-07-27,FO,NSE,IDO,59170,,BANKNIFTY,,2026-08-25,2026-08-25,60100.00,CE,BANKNIFTY26AUG60100CE,132.90,140.90,109.65,111.80,117.00,108.80,57087.20,111.80,4800,1710,322,581728755.00,210,F1,30,,,,,
2026-07-27,2026-07-27,FO,NSE,IDO,59147,,BANKNIFTY,,2026-08-25,2026-08-25,59100.00,CE,BANKNIFTY26AUG59100CE,300.00,319.65,239.20,266.90,270.25,250.95,57087.20,266.90,8910,1710,301,536175094.50,244,F1,30,,,,,
2026-07-27,2026-07-27,FO,NSE,IDO,59139,,BANKNIFTY,,2026-08-25,2026-08-25,58800.00,CE,BANKNIFTY26AUG58800CE,370.10,395.90,309.95,340.10,340.90,311.95,57087.20,340.10,13170,4140,593,1052140986.00,372,F1,30,,,,,
2026-07-27,2026-07-27,FO,NSE,IDO,59081,,BANKNIFTY,,2026-08-25,2026-08-25,57100.00,CE,BANKNIFTY26AUG57100CE,1090.00,1188.95,966.00,1067.65,1065.75,973.45,57087.20,1067.65,57030,34590,4954,8644185235.50,3260,F1,30,,,,,
2026-07-27,2026-07-27,FO,NSE,IDO,59055,,BANKNIFTY,,2026-08-25,2026-08-25,56500.00,CE,BANKNIFTY26AUG56500CE,1488.00,1560.00,1310.00,1434.50,1435.00,1312.70,57087.20,1434.50,155070,-44880,7132,12399489619.50,4376,F1,30,,,,,
2026-07-27,2026-07-27,FO,NSE,IDO,59042,,BANKNIFTY,,2026-08-25,2026-08-25,56100.00,CE,BANKNIFTY26AUG56100CE,1797.00,1841.75,1610.00,1710.55,1713.35,1570.40,57087.20,1710.55,7770,-750,100,173639181.00,79,F1,30,,,,,
2026-07-27,2026-07-27,FO,NSE,IDO,58736,,BANKNIFTY,,2026-08-25,2026-08-25,47000.00,CE,BANKNIFTY26AUG47000CE,10345.00,10345.00,10100.00,10271.15,10275.70,9940.00,57087.20,10271.15,10140,4560,161,276333670.50,135,F1,30,,,,,
2026-07-27,2026-07-27,FO,NSE,IDO,62093,,BANKNIFTY,,2026-07-28,2026-07-28,63900.00,CE,BANKNIFTY26JUL63900CE,0.00,0.00,0.00,1.35,1.35,1.35,57087.20,0.00,570,0,0,0.00,0,F1,30,,,,,
2026-07-27,2026-07-27,FO,NSE,IDO,62061,,BANKNIFTY,,2026-07-28,2026-07-28,62700.00,CE,BANKNIFTY26JUL62700CE,1.65,1.80,0.70,1.00,0.70,1.80,57087.20,1.00,6030,3150,242,455212047.00,59,F1,30,,,,,
2026-07-27,2026-07-27,FO,NSE,IDO,62033,,BANKNIFTY,,2026-07-28,2026-07-28,62100.00,CE,BANKNIFTY26JUL62100CE,1.50,1.90,0.75,0.90,1.05,1.50,57087.20,0.90,7350,-540,143,266414956.50,58,F1,30,,,,,
2026-07-27,2026-07-27,FO,NSE,IDO,62031,,BANKNIFTY,,2026-07-28,2026-07-28,62000.00,CE,BANKNIFTY26JUL62000CE,0.90,1.55,0.55,0.65,0.55,1.20,57087.20,0.65,452640,-63540,25800,47988688584.00,6694,F1,30,,,,,
2026-07-27,2026-07-27,FO,NSE,IDO,70017,,BANKNIFTY,,2026-09-29,2026-09-29,60400.00,CE,BANKNIFTY26SEP60400CE,0.00,0.00,0.00,1622.05,0.00,1622.05,57087.20,993.70,0,0,0,0.00,0,F1,30,,,,,
2026-07-27,2026-07-27,FO,NSE,IDO,69845,,BANKNIFTY,,2026-09-29,2026-09-29,58200.00,CE,BANKNIFTY26SEP58200CE,1150.35,1156.40,1095.00,1095.00,1095.00,975.00,57087.20,1789.75,2850,840,47,83629473.00,15,F1,30,,,,,
2026-07-27,2026-07-27,FO,NSE,IDO,69793,,BANKNIFTY,,2026-09-29,2026-09-29,56100.00,CE,BANKNIFTY26SEP56100CE,0.00,0.00,0.00,3705.95,0.00,3705.95,57087.20,2890.70,0,0,0,0.00,0,F1,30,,,,,
2026-07-27,2026-07-27,FO,NSE,IDO,69785,,BANKNIFTY,,2026-09-29,2026-09-29,55900.00,CE,BANKNIFTY26SEP55900CE,0.00,0.00,0.00,3831.40,0.00,3831.40,57087.20,3013.45,0,0,0,0.00,0,F1,30,,,,,
2026-07-27,2026-07-27,FO,NSE,IDO,52297,,BANKNIFTY,,2026-09-29,2026-09-29,55500.00,CE,BANKNIFTY26SEP55500CE,2860.00,2898.15,2728.25,2766.00,2767.85,2595.00,57087.20,2766.00,15780,-60,8,13991454.00,8,F1,30,,,,,
2026-07-27,2026-07-27,FO,NSE,IDO,58994,,BANKNIFTY,,2026-08-25,2026-08-25,54600.00,CE,BANKNIFTY26AUG54600CE,0.00,0.00,0.00,3000.00,3000.00,3000.00,57087.20,3120.20,90,0,0,0.00,0,F1,30,,,,,
2026-07-27,2026-07-27,FO,NSE,IDO,70247,,BANKNIFTY,,2026-09-29,2026-09-29,65500.00,PE,BANKNIFTY26SEP65500PE,0.00,0.00,0.00,7415.10,0.00,7415.10,57087.20,7838.95,0,0,0,0.00,0,F1,30,,,,,
2026-07-27,2026-07-27,FO,NSE,IDO,70108,,BANKNIFTY,,2026-09-29,2026-09-29,63600.00,PE,BANKNIFTY26SEP63600PE,0.00,0.00,0.00,5845.90,0.00,5845.90,57087.20,6140.75,0,0,0,0.00,0,F1,30,,,,,
2026-07-27,2026-07-27,FO,NSE,IDO,52405,,BANKNIFTY,,2026-09-29,2026-09-29,63000.00,PE,BANKNIFTY26SEP63000PE,0.00,0.00,0.00,4310.00,4310.00,4310.00,57087.20,5629.50,90,0,0,0.00,0,F1,30,,,,,
2026-07-27,2026-07-27,FO,NSE,IDO,70094,,BANKNIFTY,,2026-09-29,2026-09-29,62800.00,PE,BANKNIFTY26SEP62800PE,0.00,0.00,0.00,5228.65,0.00,5228.65,57087.20,5462.30,0,0,0,0.00,0,F1,30,,,,,
2026-07-27,2026-07-27,FO,NSE,IDO,70090,,BANKNIFTY,,2026-09-29,2026-09-29,62600.00,PE,BANKNIFTY26SEP62600PE,0.00,0.00,0.00,5077.95,0.00,5077.95,57087.20,5296.85,0,0,0,0.00,0,F1,30,,,,,
2026-07-27,2026-07-27,FO,NSE,IDO,70034,,BANKNIFTY,,2026-09-29,2026-09-29,61200.00,PE,BANKNIFTY26SEP61200PE,0.00,0.00,0.00,4076.75,0.00,4076.75,57087.20,4195.05,0,0,0,0.00,0,F1,30,,,,,
2026-07-27,2026-07-27,FO,NSE,IDO,69945,,BANKNIFTY,,2026-09-29,2026-09-29,59500.00,PE,BANKNIFTY26SEP59500PE,0.00,0.00,0.00,2707.60,2707.60,2707.60,57087.20,3005.05,420,0,0,0.00,0,F1,30,,,,,
2026-07-27,2026-07-27,FO,NSE,IDO,69916,,BANKNIFTY,,2026-09-29,2026-09-29,59300.00,PE,BANKNIFTY26SEP59300PE,0.00,0.00,0.00,2892.60,0.00,2892.60,57087.20,2878.05,0,0,0,0.00,0,F1,30,,,,,
2026-07-27,2026-07-27,FO,NSE,IDO,69821,,BANKNIFTY,,2026-09-29,2026-09-29,57400.00,PE,BANKNIFTY26SEP57400PE,0.00,0.00,0.00,1929.10,0.00,1929.10,57087.20,1820.00,0,0,0,0.00,0,F1,30,,,,,
2026-07-27,2026-07-27,FO,NSE,IDO,52335,,BANKNIFTY,,2026-09-29,2026-09-29,57000.00,PE,BANKNIFTY26SEP57000PE,977.05,1037.20,888.50,952.25,944.75,1159.50,57087.20,952.25,132570,15300,1425,2478027613.50,712,F1,30,,,,,
2026-07-27,2026-07-27,FO,NSE,IDO,69693,,BANKNIFTY,,2026-09-29,2026-09-29,53400.00,PE,BANKNIFTY26SEP53400PE,0.00,0.00,0.00,638.15,0.00,638.15,57087.20,489.30,0,0,0,0.00,0,F1,30,,,,,
2026-07-27,2026-07-27,FO,NSE,IDO,69681,,BANKNIFTY,,2026-09-29,2026-09-29,52800.00,PE,BANKNIFTY26SEP52800PE,0.00,0.00,0.00,521.75,0.00,521.75,57087.20,382.30,0,0,0,0.00,0,F1,30,,,,,
2026-07-27,2026-07-27,FO,NSE,IDO,69673,,BANKNIFTY,,2026-09-29,2026-09-29,52300.00,PE,BANKNIFTY26SEP52300PE,0.00,0.00,0.00,437.60,0.00,437.60,57087.20,307.70,0,0,0,0.00,0,F1,30,,,,,
2026-07-27,2026-07-27,FO,NSE,IDO,69667,,BANKNIFTY,,2026-09-29,2026-09-29,52000.00,PE,BANKNIFTY26SEP52000PE,131.65,144.80,110.00,126.10,127.35,172.15,57087.20,126.10,18180,990,185,289329660.00,95,F1,30,,,,,
2026-07-27,2026-07-27,FO,NSE,IDO,69565,,BANKNIFTY,,2026-09-29,2026-09-29,50000.00,PE,BANKNIFTY26SEP50000PE,60.70,67.50,57.10,65.15,66.60,79.65,57087.20,65.15,7410,270,78,117146215.50,38,F1,30,,,,,
2026-07-27,2026-07-27,FO,NSE,IDO,52273,,BANKNIFTY,,2026-09-29,2026-09-29,48000.00,PE,BANKNIFTY26SEP48000PE,48.00,50.00,40.65,47.85,47.85,52.50,57087.20,28.80,20280,0,28,40358988.00,16,F1,30,,,,,
2026-07-27,2026-07-27,FO,NSE,IDO,59297,,BANKNIFTY,,2026-08-25,2026-08-25,63300.00,PE,BANKNIFTY26AUG63300PE,0.00,0.00,0.00,7647.80,0.00,7647.80,57087.20,5978.70,0,0,0,0.00,0,F1,30,,,,,
2026-07-27,2026-07-27,FO,NSE,IDO,59281,,BANKNIFTY,,2026-08-25,2026-08-25,62800.00,PE,BANKNIFTY26AUG62800PE,0.00,0.00,0.00,7213.70,0.00,7213.70,57087.20,5506.85,0,0,0,0.00,0,F1,30,,,,,
2026-07-27,2026-07-27,FO,NSE,IDO,59245,,BANKNIFTY,,2026-08-25,2026-08-25,61500.00,PE,BANKNIFTY26AUG61500PE,3989.95,4262.40,3989.95,4100.00,4100.00,4525.00,57087.20,4321.55,3150,2250,112,220563622.50,71,F1,30,,,,,
2026-07-27,2026-07-27,FO,NSE,IDO,59227,,BANKNIFTY,,2026-08-25,2026-08-25,61100.00,PE,BANKNIFTY26AUG61100PE,0.00,0.00,0.00,2857.65,2857.65,2857.65,57087.20,3973.00,60,0,0,0.00,0,F1,30,,,,,
2026-07-27,2026-07-27,FO,NSE,IDO,59171,,BANKNIFTY,,2026-08-25,2026-08-25,60100.00,PE,BANKNIFTY26AUG60100PE,0.00,0.00,0.00,3042.60,3042.60,3042.60,57087.20,3146.30,180,0,0,0.00,0,F1,30,,,,,
2026-07-27,2026-07-27,FO,NSE,IDO,59164,,BANKNIFTY,,2026-08-25,2026-08-25,59800.00,PE,BANKNIFTY26AUG59800PE,0.00,0.00,0.00,2597.35,2597.35,2597.35,57087.20,2912.90,510,0,0,0.00,0,F1,30,,,,,
2026-07-27,2026-07-27,FO,NSE,IDO,59154,,BANKNIFTY,,2026-08-25,2026-08-25,59400.00,PE,BANKNIFTY26AUG59400PE,2183.10,2183.10,2183.10,2183.10,2183.10,2258.60,57087.20,2183.10,4950,-60,2,3694986.00,1,F1,30,,,,,
2026-07-27,2026-07-27,FO,NSE,IDO,59146,,BANKNIFTY,,2026-08-25,2026-08-25,59000.00,PE,BANKNIFTY26AUG59000PE,1900.05,2057.05,1764.30,1881.00,1880.00,2193.30,57087.20,1881.00,348330,-18180,2565,4685122099.50,1256,F1,30,,,,,
2026-07-27,2026-07-27,FO,NSE,IDO,59125,,BANKNIFTY,,2026-08-25,2026-08-25,58400.00,PE,BANKNIFTY26AUG58400PE,1380.05,1583.00,1379.20,1454.50,1469.55,1715.05,57087.20,1454.50,6570,540,49,87986050.50,36,F1,30,,,,,
2026-07-27,2026-07-27,FO,NSE,IDO,59082,,BANKNIFTY,,2026-08-25,2026-08-25,57100.00,PE,BANKNIFTY26AUG57100PE,630.00,896.00,630.00,774.40,781.00,1004.55,57087.20,774.40,28770,17880,2949,5123097339.00,2039,F1,30,,,,,
2026-07-27,2026-07-27,FO,NSE,IDO,58975,,BANKNIFTY,,2026-08-25,2026-08-25,53800.00,PE,BANKNIFTY26AUG53800PE,119.55,131.40,105.30,109.75,113.80,177.45,57087.20,109.75,7500,1290,164,265277332.50,87,F1,30,,,,,
2026-07-27,2026-07-27,FO,NSE,IDO,58935,,BANKNIFTY,,2026-08-25,2026-08-25,52700.00,PE,BANKNIFTY26AUG52700PE,58.45,66.45,56.20,58.40,59.25,94.90,57087.20,58.40,6720,-90,123,194680134.00,65,F1,30,,,,,
2026-07-27,2026-07-27,FO,NSE,IDO,58813,,BANKNIFTY,,2026-08-25,2026-08-25,49000.00,PE,BANKNIFTY26AUG49000PE,16.90,19.45,12.20,15.20,15.60,20.30,57087.20,15.20,28200,-420,1070,1573418410.50,590,F1,30,,,,,
2026-07-27,2026-07-27,FO,NSE,IDO,58719,,BANKNIFTY,,2026-08-25,2026-08-25,46500.00,PE,BANKNIFTY26AUG46500PE,12.20,13.40,12.00,12.10,12.10,16.65,57087.20,0.15,720,60,16,22325902.50,7,F1,30,,,,,
2026-07-27,2026-07-27,FO,NSE,IDO,62144,,BANKNIFTY,,2026-07-28,2026-07-28,65500.00,PE,BANKNIFTY26JUL65500PE,8700.00,8700.00,8171.00,8358.90,8355.00,8700.00,57087.20,8358.90,2400,-1740,88,194883748.50,45,F1,30,,,,,
2026-07-27,2026-07-27,FO,NSE,IDO,62042,,BANKNIFTY,,2026-07-28,2026-07-28,62300.00,PE,BANKNIFTY26JUL62300PE,0.00,0.00,0.00,6554.05,0.00,6554.05,57087.20,5202.50,0,0,0,0.00,0,F1,30,,,,,
2026-07-27,2026-07-27,FO,NSE,IDO,62040,,BANKNIFTY,,2026-07-28,2026-07-28,62200.00,PE,BANKNIFTY26JUL62200PE,0.00,0.00,0.00,5521.70,5521.70,5521.70,57087.20,5102.50,600,0,0,0.00,0,F1,30,,,,,
2026-07-27,2026-07-27,FO,NSE,IDF,61088,,BANKNIFTY,,2026-07-28,2026-07-28,,,BANKNIFTY26JULFUT,57075.00,57389.00,56959.00,57176.40,57169.00,56844.60,57087.20,57176.40,1078710,-318330,23229,39839624196.00,15167,F1,30,,,,,
2026-07-27,2026-07-27,FO,NSE,IDO,61599,,BANKNIFTY,,2026-07-28,2026-07-28,46500.00,CE,BANKNIFTY26JUL46500CE,10685.00,10685.00,10677.10,10677.10,10677.10,11654.00,57087.20,10594.95,120,-1260,46,78911982.00,18,F1,30,,,,,
2026-07-27,2026-07-27,FO,NSE,IDO,61651,,BANKNIFTY,,2026-07-28,2026-07-28,48700.00,CE,BANKNIFTY26JUL48700CE,0.00,0.00,0.00,7624.65,0.00,7624.65,57087.20,8395.30,0,0,0,0.00,0,F1,30,,,,,
2026-07-27,2026-07-27,FO,NSE,IDO,61683,,BANKNIFTY,,2026-07-28,2026-07-28,50100.00,CE,BANKNIFTY26JUL50100CE,0.00,0.00,0.00,6415.15,0.00,6415.15,57087.20,6995.55,0,0,0,0.00,0,F1,30,,,,,
2026-07-27,2026-07-27,FO,NSE,IDO,61699,,BANKNIFTY,,2026-07-28,2026-07-28,50700.00,CE,BANKNIFTY26JUL50700CE,0.00,0.00,0.00,5921.60,0.00,5921.60,57087.20,6395.65,0,0,0,0.00,0,F1,30,,,,,
2026-07-27,2026-07-27,FO,NSE,IDO,61704,,BANKNIFTY,,2026-07-28,2026-07-28,50900.00,CE,BANKNIFTY26JUL50900CE,0.00,0.00,0.00,5760.85,0.00,5760.85,57087.20,6195.65,0,0,0,0.00,0,F1,30,,,,,
2026-07-27,2026-07-27,FO,NSE,IDO,61714,,BANKNIFTY,,2026-07-28,2026-07-28,51400.00,CE,BANKNIFTY26JUL51400CE,0.00,0.00,0.00,5367.65,0.00,5367.65,57087.20,5695.75,0,0,0,0.00,0,F1,30,,,,,
2026-07-27,2026-07-27,FO,NSE,IDO,61731,,BANKNIFTY,,2026-07-28,2026-07-28,52000.00,CE,BANKNIFTY26JUL52000CE,5350.00,5350.00,5006.20,5187.30,5195.20,4846.90,57087.20,5187.30,8010,-6390,308,527946460.50,207,F1,30,,,,,
2026-07-27,2026-07-27,FO,NSE,IDO,61735,,BANKNIFTY,,2026-07-28,2026-07-28,52100.00,CE,BANKNIFTY26JUL52100CE,0.00,0.00,0.00,4841.45,0.00,4841.45,57087.20,4995.85,0,0,0,0.00,0,F1,30,,,,,
2026-07-27,2026-07-27,FO,NSE,IDO,61737,,BANKNIFTY,,2026-07-28,2026-07-28,52200.00,CE,BANKNIFTY26JUL52200CE,0.00,0.00,0.00,4768.10,0.00,4768.10,57087.20,4895.90,0,0,0,0.00,0,F1,30,,,,,
2026-07-27,2026-07-27,FO,NSE,IDO,61760,,BANKNIFTY,,2026-07-28,2026-07-28,53200.00,CE,BANKNIFTY26JUL53200CE,0.00,0.00,0.00,4698.00,4698.00,4698.00,57087.20,3896.05,330,0,0,0.00,0,F1,30,,,,,
2026-07-27,2026-07-27,FO,NSE,IDO,61780,,BANKNIFTY,,2026-07-28,2026-07-28,53800.00,CE,BANKNIFTY26JUL53800CE,0.00,0.00,0.00,2853.00,2853.00,2853.00,57087.20,3296.15,570,0,0,0.00,0,F1,30,,,,,
2026-07-27,2026-07-27,FO,NSE,IDO,61782,,BANKNIFTY,,2026-07-28,2026-07-28,53900.00,CE,BANKNIFTY26JUL53900CE,0.00,0.00,0.00,2847.40,2847.40,2847.40,57087.20,3196.15,1290,0,0,0.00,0,F1,30,,,,,
2026-07-27,2026-07-27,FO,NSE,IDO,61813,,BANKNIFTY,,2026-07-28,2026-07-28,55100.00,CE,BANKNIFTY26JUL55100CE,2247.95,2248.00,1987.60,2043.15,2043.15,1707.95,57087.20,1996.45,2610,-60,12,20586094.50,11,F1,30,,,,,
2026-07-27,2026-07-27,FO,NSE,IDO,61817,,BANKNIFTY,,2026-07-28,2026-07-28,55300.00,CE,BANKNIFTY26JUL55300CE,1995.00,2079.25,1700.00,1803.80,1803.80,1568.50,57087.20,1796.70,4200,-240,36,61712046.00,34,F1,30,,,,,
2026-07-27,2026-07-27,FO,NSE,IDO,61833,,BANKNIFTY,,2026-07-28,2026-07-28,55900.00,CE,BANKNIFTY26JUL55900CE,1410.55,1475.30,1100.00,1277.55,1279.15,998.95,57087.20,1277.55,41310,-5310,1150,1973853663.00,791,F1,30,,,,,
2026-07-27,2026-07-27,FO,NSE,IDO,61851,,BANKNIFTY,,2026-07-28,2026-07-28,56600.00,CE,BANKNIFTY26JUL56600CE,550.15,819.95,438.25,606.85,598.70,467.40,57087.20,606.85,65070,-63030,23987,41170009741.50,16089,F1,30,,,,,
2026-07-27,2026-07-27,FO,NSE,IDO,61937,,BANKNIFTY,,2026-07-28,2026-07-28,59400.00,CE,BANKNIFTY26JUL59400CE,6.05,10.85,2.40,2.75,2.85,5.90,57087.20,2.75,55740,-8130,14833,26434098010.50,6839,F1,30,,,,,
2026-07-27,2026-07-27,FO,NSE,IDO,61957,,BANKNIFTY,,2026-07-28,2026-07-28,60000.00,CE,BANKNIFTY26JUL60000CE,3.80,3.85,1.70,2.05,1.90,3.95,57087.20,2.05,1165080,-406800,117558,211613913004.50,33545,F1,30,,,,,
2026-07-27,2026-07-27,FO,NSE,IDO,61991,,BANKNIFTY,,2026-07-28,2026-07-28,60800.00,CE,BANKNIFTY26JUL60800CE,2.65,2.70,1.60,1.85,1.75,2.80,57087.20,1.85,15000,-690,1022,1864192473.00,423,F1,30,,,,,
2026-07-27,2026-07-27,FO,NSE,IDO,62048,,BANKNIFTY,,2026-07-28,2026-07-28,62400.00,CE,BANKNIFTY26JUL62400CE,1.10,2.00,0.70,0.90,0.80,1.60,57087.20,0.90,7470,-990,171,320118937.50,58,F1,30,,,,,
2026-07-27,2026-07-27,FO,NSE,IDO,62071,,BANKNIFTY,,2026-07-28,2026-07-28,62900.00,CE,BANKNIFTY26JUL62900CE,2.00,2.00,0.75,1.10,1.20,1.60,57087.20,1.10,4800,750,129,243428509.50,45,F1,30,,,,,
2026-07-27,2026-07-27,FO,NSE,IDO,58778,,BANKNIFTY,,2026-08-25,2026-08-25,48500.00,CE,BANKNIFTY26AUG48500CE,0.00,0.00,0.00,7539.00,0.00,7539.00,57087.20,8822.20,0,0,0,0.00,0,F1,30,,,,,
2026-07-27,2026-07-27,FO,NSE,IDO,58838,,BANKNIFTY,,2026-08-25,2026-08-25,49400.00,CE,BANKNIFTY26AUG49400CE,0.00,0.00,0.00,6755.05,0.00,6755.05,57087.20,7930.15,0,0,0,0.00,0,F1,30,,,,,
2026-07-27,2026-07-27,FO,NSE,IDO,58864,,BANKNIFTY,,2026-08-25,2026-08-25,50400.00,CE,BANKNIFTY26AUG50400CE,0.00,0.00,0.00,5922.40,0.00,5922.40,57087.20,6945.10,0,0,0,0.00,0,F1,30,,,,,
2026-07-27,2026-07-27,FO,NSE,IDO,58870,,BANKNIFTY,,2026-08-25,2026-08-25,50600.00,CE,BANKNIFTY26AUG50600CE,0.00,0.00,0.00,5761.40,0.00,5761.40,57087.20,6749.40,0,0,0,0.00,0,F1,30,,,,,
2026-07-27,2026-07-27,FO,NSE,IDO,58878,,BANKNIFTY,,2026-08-25,2026-08-25,51000.00,CE,BANKNIFTY26AUG51000CE,6450.00,6485.15,6247.75,6320.55,6320.55,6005.00,57087.20,6359.80,5760,810,34,58457703.00,31,F1,30,,,,,
2026-07-27,2026-07-27,FO,NSE,IDO,58880,,BANKNIFTY,,2026-08-25,2026-08-25,51100.00,CE,BANKNIFTY26AUG51100CE,0.00,0.00,0.00,5701.00,5701.00,5701.00,57087.20,6262.85,30,0,0,0.00,0,F1,30,,,,,
2026-07-27,2026-07-27,FO,NSE,IDO,58882,,BANKNIFTY,,2026-08-25,2026-08-25,51200.00,CE,BANKNIFTY26AUG51200CE,0.00,0.00,0.00,5290.25,0.00,5290.25,57087.20,6166.15,0,0,0,0.00,0,F1,30,,,,,
2026-07-27,2026-07-27,FO,NSE,IDO,59008,,BANKNIFTY,,2026-08-25,2026-08-25,55200.00,CE,BANKNIFTY26AUG55200CE,2554.95,2555.00,2391.40,2391.40,2391.40,2284.75,57087.20,2666.90,360,0,3,5193040.50,3,F1,30,,,,,
2026-07-27,2026-07-27,FO,NSE,IDO,59012,,BANKNIFTY,,2026-08-25,2026-08-25,55400.00,CE,BANKNIFTY26AUG55400CE,0.00,0.00,0.00,2590.35,0.00,2590.35,57087.20,2520.55,0,0,0,0.00,0,F1,30,,,,,
2026-07-27,2026-07-27,FO,NSE,IDO,59025,,BANKNIFTY,,2026-08-25,2026-08-25,55800.00,CE,BANKNIFTY26AUG55800CE,2044.00,2044.00,1900.00,1941.90,1941.90,1715.30,57087.20,1941.90,600,30,11,19057057.50,8,F1,30,,,,,
2026-07-27,2026-07-27,FO,NSE,IDO,59038,,BANKNIFTY,,2026-08-25,2026-08-25,56000.00,CE,BANKNIFTY26AUG56000CE,1798.95,1926.30,1649.00,1795.95,1795.90,1634.90,57087.20,1795.95,121590,26790,4610,7991173807.50,3248,F1,30,,,,,
2026-07-27,2026-07-27,FO,NSE,IDO,59094,,BANKNIFTY,,2026-08-25,2026-08-25,57700.00,CE,BANKNIFTY26AUG57700CE,815.00,838.30,675.00,745.00,746.95,677.75,57087.20,745.00,45660,420,971,1703066782.50,657,F1,30,,,,,
2026-07-27,2026-07-27,FO,NSE,IDO,59124,,BANKNIFTY,,2026-08-25,2026-08-25,58400.00,CE,BANKNIFTY26AUG58400CE,528.15,531.50,410.00,458.10,472.50,428.45,57087.20,458.10,24210,5130,620,1094984029.50,491,F1,30,,,,,
2026-07-27,2026-07-27,FO,NSE,IDO,61966,,BANKNIFTY,,2026-07-28,2026-07-28,60200.00,PE,BANKNIFTY26JUL60200PE,0.00,0.00,0.00,1825.00,1825.00,1825.00,57087.20,3102.85,330,0,0,0.00,0,F1,30,,,,,
2026-07-27,2026-07-27,FO,NSE,IDO,59163,,BANKNIFTY,,2026-08-25,2026-08-25,59800.00,CE,BANKNIFTY26AUG59800CE,178.50,182.00,139.00,146.50,153.20,146.30,57087.20,146.50,15810,4800,494,888502182.00,307,F1,30,,,,,
2026-07-27,2026-07-27,FO,NSE,IDO,61940,,BANKNIFTY,,2026-07-28,2026-07-28,59500.00,PE,BANKNIFTY26JUL59500PE,2200.00,2490.00,2152.30,2343.40,2313.55,2700.65,57087.20,2343.40,23700,-2430,201,372981870.00,128,F1,30,,,,,
2026-07-27,2026-07-27,FO,NSE,IDO,59165,,BANKNIFTY,,2026-08-25,2026-08-25,59900.00,CE,BANKNIFTY26AUG59900CE,0.00,0.00,0.00,949.50,0.00,949.50,57087.20,464.80,0,0,0,0.00,0,F1,30,,,,,
2026-07-27,2026-07-27,FO,NSE,IDO,59230,,BANKNIFTY,,2026-08-25,2026-08-25,61300.00,CE,BANKNIFTY26AUG61300CE,0.00,0.00,0.00,658.70,0.00,658.70,57087.20,227.80,0,0,0,0.00,0,F1,30,,,,,
2026-07-27,2026-07-27,FO,NSE,IDO,59312,,BANKNIFTY,,2026-08-25,2026-08-25,63800.00,CE,BANKNIFTY26AUG63800CE,0.00,0.00,0.00,324.25,0.00,324.25,57087.20,50.55,0,0,0,0.00,0,F1,30,,,,,
2026-07-27,2026-07-27,FO,NSE,IDO,69564,,BANKNIFTY,,2026-09-29,2026-09-29,50000.00,CE,BANKNIFTY26SEP50000CE,0.00,0.00,0.00,8500.00,8500.00,8500.00,57087.20,7761.10,90,0,0,0.00,0,F1,30,,,,,
2026-07-27,2026-07-27,FO,NSE,IDO,69656,,BANKNIFTY,,2026-09-29,2026-09-29,51500.00,CE,BANKNIFTY26SEP51500CE,0.00,0.00,0.00,7157.85,0.00,7157.85,57087.20,6393.10,0,0,0,0.00,0,F1,30,,,,,
2026-07-27,2026-07-27,FO,NSE,IDO,69694,,BANKNIFTY,,2026-09-29,2026-09-29,53500.00,CE,BANKNIFTY26SEP53500CE,0.00,0.00,0.00,5522.80,0.00,5522.80,57087.20,4712.85,0,0,0,0.00,0,F1,30,,,,,
2026-07-27,2026-07-27,FO,NSE,IDO,69704,,BANKNIFTY,,2026-09-29,2026-09-29,54100.00,CE,BANKNIFTY26SEP54100CE,0.00,0.00,0.00,5069.65,0.00,5069.65,57087.20,4251.50,0,0,0,0.00,0,F1,30,,,,,
2026-07-27,2026-07-27,FO,NSE,IDO,61842,,BANKNIFTY,,2026-07-28,2026-07-28,56300.00,PE,BANKNIFTY26JUL56300PE,74.75,74.75,13.40,15.55,15.85,144.05,57087.20,15.55,290910,-6270,180165,304456061250.00,105653,F1,30,,,,,
2026-07-27,2026-07-27,FO,NSE,IDO,61838,,BANKNIFTY,,2026-07-28,2026-07-28,56100.00,PE,BANKNIFTY26JUL56100PE,45.00,45.00,8.90,10.55,11.20,103.55,57087.20,10.55,285360,-1050,130872,220329383665.50,71319,F1,30,,,,,
2026-07-27,2026-07-27,FO,NSE,IDO,61808,,BANKNIFTY,,2026-07-28,2026-07-28,54800.00,PE,BANKNIFTY26JUL54800PE,5.05,6.20,1.70,2.75,2.10,15.00,57087.20,2.75,66540,-33450,16932,27838231945.50,7689,F1,30,,,,,
2026-07-27,2026-07-27,FO,NSE,IDO,61757,,BANKNIFTY,,2026-07-28,2026-07-28,53000.00,PE,BANKNIFTY26JUL53000PE,1.90,2.45,1.10,1.35,1.45,3.15,57087.20,1.35,438330,-219780,50861,80871410550.00,11487,F1,30,,,,,
2026-07-27,2026-07-27,FO,NSE,IDO,61751,,BANKNIFTY,,2026-07-28,2026-07-28,52700.00,PE,BANKNIFTY26JUL52700PE,2.45,2.75,1.15,1.70,1.65,3.50,57087.20,1.70,6330,1020,317,501194280.00,153,F1,30,,,,,
2026-07-27,2026-07-27,FO,NSE,IDO,61718,,BANKNIFTY,,2026-07-28,2026-07-28,51500.00,PE,BANKNIFTY26JUL51500PE,1.60,2.00,0.65,0.85,1.45,2.20,57087.20,0.85,72630,-4830,3879,5993177988.00,1317,F1,30,,,,,
2026-07-27,2026-07-27,FO,NSE,IDO,61707,,BANKNIFTY,,2026-07-28,2026-07-28,51000.00,PE,BANKNIFTY26JUL51000PE,1.90,2.30,0.55,0.75,0.60,2.45,57087.20,0.75,124110,-76710,9426,14422135807.50,2163,F1,30,,,,,
2026-07-27,2026-07-27,FO,NSE,IDO,61676,,BANKNIFTY,,2026-07-28,2026-07-28,49700.00,PE,BANKNIFTY26JUL49700PE,1.75,1.75,1.15,1.25,1.25,1.50,57087.20,0.00,510,-90,6,8946255.00,6,F1,30,,,,,
2026-07-27,2026-07-27,FO,NSE,IDO,61640,,BANKNIFTY,,2026-07-28,2026-07-28,48200.00,PE,BANKNIFTY26JUL48200PE,1.95,5.55,0.75,1.30,1.15,1.65,57087.20,1.30,5910,180,106,153279616.50,32,F1,30,,,,,
2026-07-27,2026-07-27,FO,NSE,IDO,70804,,BANKNIFTY,,2027-06-29,2027-06-29,66000.00,CE,BANKNIFTY27JUN66000CE,0.00,0.00,0.00,3102.40,0.00,3102.40,57087.20,2679.45,0,0,0,0.00,0,F1,30,,,,,
2026-07-27,2026-07-27,FO,NSE,IDO,53226,,BANKNIFTY,,2026-12-29,2026-12-29,55500.00,CE,BANKNIFTY26DEC55500CE,0.00,0.00,0.00,7987.45,0.00,7987.45,57087.20,4833.65,0,0,0,0.00,0,F1,30,,,,,
2026-07-27,2026-07-27,FO,NSE,IDO,70246,,BANKNIFTY,,2026-09-29,2026-09-29,65500.00,CE,BANKNIFTY26SEP65500CE,0.00,0.00,0.00,462.70,0.00,462.70,57087.20,180.90,0,0,0,0.00,0,F1,30,,,,,
2026-07-27,2026-07-27,FO,NSE,IDO,70078,,BANKNIFTY,,2026-09-29,2026-09-29,62100.00,CE,BANKNIFTY26SEP62100CE,0.00,0.00,0.00,1102.75,0.00,1102.75,57087.20,594.10,0,0,0,0.00,0,F1,30,,,,,
2026-07-27,2026-07-27,FO,NSE,IDO,62084,,BANKNIFTY,,2026-07-28,2026-07-28,63400.00,PE,BANKNIFTY26JUL63400PE,0.00,0.00,0.00,7491.80,0.00,7491.80,57087.20,6302.30,0,0,0,0.00,0,F1,30,,,,,
2026-07-27,2026-07-27,FO,NSE,IDO,59009,,BANKNIFTY,,2026-08-25,2026-08-25,55200.00,PE,BANKNIFTY26AUG55200PE,257.95,305.35,241.10,258.45,257.40,391.45,57087.20,258.45,11820,2730,243,404397895.50,152,F1,30,,,,,
2026-07-27,2026-07-27,FO,NSE,IDO,59058,,BANKNIFTY,,2026-08-25,2026-08-25,56600.00,PE,BANKNIFTY26AUG56600PE,574.55,685.00,544.55,586.95,591.00,807.35,57087.20,586.95,15240,-240,569,976424847.00,439,F1,30,,,,,
2026-07-27,2026-07-27,FO,NSE,IDO,59148,,BANKNIFTY,,2026-08-25,2026-08-25,59100.00,PE,BANKNIFTY26AUG59100PE,1944.75,2029.35,1944.75,2000.00,2000.00,2769.75,57087.20,2398.85,1200,30,6,10997752.50,5,F1,30,,,,,
2026-07-27,2026-07-27,FO,NSE,IDO,59205,,BANKNIFTY,,2026-08-25,2026-08-25,60600.00,PE,BANKNIFTY26AUG60600PE,0.00,0.00,0.00,2479.80,2479.80,2479.80,57087.20,3550.90,30,0,0,0.00,0,F1,30,,,,,
2026-07-27,2026-07-27,FO,NSE,IDO,59225,,BANKNIFTY,,2026-08-25,2026-08-25,61000.00,PE,BANKNIFTY26AUG61000PE,3520.00,3800.00,3490.00,3622.95,3629.90,3938.30,57087.20,3622.95,47340,25260,1090,2114079244.50,893,F1,30,,,,,
2026-07-27,2026-07-27,FO,NSE,IDO,59279,,BANKNIFTY,,2026-08-25,2026-08-25,62700.00,PE,BANKNIFTY26AUG62700PE,0.00,0.00,0.00,7127.80,0.00,7127.80,57087.20,5413.35,0,0,0,0.00,0,F1,30,,,,,
2026-07-27,2026-07-27,FO,NSE,IDO,59303,,BANKNIFTY,,2026-08-25,2026-08-25,63600.00,PE,BANKNIFTY26AUG63600PE,0.00,0.00,0.00,7911.60,0.00,7911.60,57087.20,6264.95,0,0,0,0.00,0,F1,30,,,,,
2026-07-27,2026-07-27,FO,NSE,IDO,59331,,BANKNIFTY,,2026-08-25,2026-08-25,64500.00,PE,BANKNIFTY26AUG64500PE,0.00,0.00,0.00,8716.60,0.00,8716.60,57087.20,7134.45,0,0,0,0.00,0,F1,30,,,,,
2026-07-27,2026-07-27,FO,NSE,IDO,59387,,BANKNIFTY,,2026-08-25,2026-08-25,66000.00,PE,BANKNIFTY26AUG66000PE,8350.00,8766.90,8350.00,8549.80,8553.55,8803.25,57087.20,8549.80,16470,5700,362,809630488.50,336,F1,30,,,,,
2026-07-27,2026-07-27,FO,NSE,IDO,52269,,BANKNIFTY,,2026-09-29,2026-09-29,45000.00,PE,BANKNIFTY26SEP45000PE,28.00,30.00,23.00,26.00,26.00,32.00,57087.20,2.90,9390,600,26,35120731.50,10,F1,30,,,,,
2026-07-27,2026-07-27,FO,NSE,IDO,69697,,BANKNIFTY,,2026-09-29,2026-09-29,53600.00,PE,BANKNIFTY26SEP53600PE,0.00,0.00,0.00,680.90,0.00,680.90,57087.20,529.55,0,0,0,0.00,0,F1,30,,,,,
2026-07-27,2026-07-27,FO,NSE,IDO,69760,,BANKNIFTY,,2026-09-29,2026-09-29,54600.00,PE,BANKNIFTY26SEP54600PE,0.00,0.00,0.00,928.20,0.00,928.20,57087.20,770.10,0,0,0,0.00,0,F1,30,,,,,
2026-07-27,2026-07-27,FO,NSE,IDO,69766,,BANKNIFTY,,2026-09-29,2026-09-29,54900.00,PE,BANKNIFTY26SEP54900PE,0.00,0.00,0.00,1010.25,0.00,1010.25,57087.20,852.40,0,0,0,0.00,0,F1,30,,,,,
2026-07-27,2026-07-27,FO,NSE,IDO,69792,,BANKNIFTY,,2026-09-29,2026-09-29,56000.00,PE,BANKNIFTY26SEP56000PE,719.60,719.60,590.05,635.60,631.55,802.55,57087.20,635.60,93000,7080,940,1597426146.00,527,F1,30,,,,,
2026-07-27,2026-07-27,FO,NSE,IDO,69794,,BANKNIFTY,,2026-09-29,2026-09-29,56100.00,PE,BANKNIFTY26SEP56100PE,0.00,0.00,0.00,868.95,867.05,868.95,57087.20,1257.05,420,0,0,0.00,0,F1,30,,,,,
2026-07-27,2026-07-27,FO,NSE,IDO,69796,,BANKNIFTY,,2026-09-29,2026-09-29,56200.00,PE,BANKNIFTY26SEP56200PE,0.00,0.00,0.00,1439.25,0.00,1439.25,57087.20,1295.70,0,0,0,0.00,0,F1,30,,,,,
2026-07-27,2026-07-27,FO,NSE,IDO,70114,,BANKNIFTY,,2026-09-29,2026-09-29,63900.00,PE,BANKNIFTY26SEP63900PE,0.00,0.00,0.00,6084.95,0.00,6084.95,57087.20,6401.40,0,0,0,0.00,0,F1,30,,,,,
2026-07-27,2026-07-27,FO,NSE,IDO,53221,,BANKNIFTY,,2026-12-29,2026-12-29,51000.00,PE,BANKNIFTY26DEC51000PE,361.85,361.85,240.00,240.00,240.00,241.70,57087.20,568.90,1170,-30,4,6152457.00,3,F1,30,,,,,
2026-07-27,2026-07-27,FO,NSE,IDO,53225,,BANKNIFTY,,2026-12-29,2026-12-29,54000.00,PE,BANKNIFTY26DEC54000PE,563.15,615.00,550.00,581.50,584.90,675.35,57087.20,581.50,17100,1320,117,191588805.00,79,F1,30,,,,,
2026-07-27,2026-07-27,FO,NSE,IDO,62076,,BANKNIFTY,,2026-07-28,2026-07-28,63100.00,PE,BANKNIFTY26JUL63100PE,0.00,0.00,0.00,7232.25,0.00,7232.25,57087.20,6002.35,0,0,0,0.00,0,F1,30,,,,,
2026-07-27,2026-07-27,FO,NSE,IDO,62064,,BANKNIFTY,,2026-07-28,2026-07-28,62700.00,PE,BANKNIFTY26JUL62700PE,0.00,0.00,0.00,6890.55,0.00,6890.55,57087.20,5602.40,0,0,0,0.00,0,F1,30,,,,,
2026-07-27,2026-07-27,FO,NSE,IDO,62020,,BANKNIFTY,,2026-07-28,2026-07-28,61600.00,PE,BANKNIFTY26JUL61600PE,0.00,0.00,0.00,5978.90,0.00,5978.90,57087.20,4502.60,0,0,0,0.00,0,F1,30,,,,,
2026-07-27,2026-07-27,FO,NSE,IDO,62004,,BANKNIFTY,,2026-07-28,2026-07-28,61100.00,PE,BANKNIFTY26JUL61100PE,3901.00,3901.00,3901.00,3901.00,3901.00,4425.00,57087.20,4002.70,120,-30,1,1950030.00,1,F1,30,,,,,
2026-07-27,2026-07-27,FO,NSE,IDO,61972,,BANKNIFTY,,2026-07-28,2026-07-28,60500.00,PE,BANKNIFTY26JUL60500PE,3350.00,3547.50,3299.55,3334.75,3335.00,3669.75,57087.20,3334.75,13560,-2340,210,402471841.50,140,F1,30,,,,,
2026-07-27,2026-07-27,FO,NSE,IDO,61892,,BANKNIFTY,,2026-07-28,2026-07-28,58100.00,PE,BANKNIFTY26JUL58100PE,900.00,1120.00,760.05,946.65,934.55,1317.20,57087.20,946.65,90270,-7830,1014,1795114374.00,680,F1,30,,,,,
2026-07-27,2026-07-27,FO,NSE,IDO,61852,,BANKNIFTY,,2026-07-28,2026-07-28,56600.00,PE,BANKNIFTY26JUL56600PE,102.50,111.35,29.85,34.20,35.60,235.05,57087.20,34.20,279900,40140,316692,538294097425.50,196980,F1,30,,,,,
2026-07-27,2026-07-27,FO,NSE,IDO,61850,,BANKNIFTY,,2026-07-28,2026-07-28,56500.00,PE,BANKNIFTY26JUL56500PE,54.00,99.95,22.80,26.30,26.50,199.45,57087.20,26.30,662400,-60810,585442,993135577578.00,322562,F1,30,,,,,
2026-07-27,2026-07-27,FO,NSE,IDO,61788,,BANKNIFTY,,2026-07-28,2026-07-28,54100.00,PE,BANKNIFTY26JUL54100PE,5.00,5.00,1.30,2.20,1.35,7.35,57087.20,2.20,37350,-10080,6711,10892467701.00,2848,F1,30,,,,,
2026-07-27,2026-07-27,FO,NSE,IDO,61769,,BANKNIFTY,,2026-07-28,2026-07-28,53600.00,PE,BANKNIFTY26JUL53600PE,3.45,3.95,1.20,1.80,1.45,4.60,57087.20,1.80,13140,-15990,3323,5343595971.00,1495,F1,30,,,,,
2026-07-27,2026-07-27,FO,NSE,IDO,61765,,BANKNIFTY,,2026-07-28,2026-07-28,53400.00,PE,BANKNIFTY26JUL53400PE,3.50,5.35,1.20,1.65,1.30,4.00,57087.20,1.65,12120,-5610,2105,3372332598.00,1073,F1,30,,,,,
2026-07-27,2026-07-27,FO,NSE,IDO,61755,,BANKNIFTY,,2026-07-28,2026-07-28,52900.00,PE,BANKNIFTY26JUL52900PE,2.50,2.50,1.10,1.80,2.05,3.45,57087.20,1.80,7200,-5670,967,1534683484.50,366,F1,30,,,,,
2026-07-27,2026-07-27,FO,NSE,IDO,61732,,BANKNIFTY,,2026-07-28,2026-07-28,52000.00,PE,BANKNIFTY26JUL52000PE,1.75,2.05,0.75,1.20,0.75,2.55,57087.20,1.20,140280,-123240,20365,31770279954.00,5085,F1,30,,,,,
2026-07-27,2026-07-27,FO,NSE,IDO,61724,,BANKNIFTY,,2026-07-28,2026-07-28,51700.00,PE,BANKNIFTY26JUL51700PE,2.70,2.95,0.95,2.30,0.95,2.70,57087.20,2.30,1740,-450,148,229555206.00,64,F1,30,,,,,
2026-07-27,2026-07-27,FO,NSE,IDO,61709,,BANKNIFTY,,2026-07-28,2026-07-28,51100.00,PE,BANKNIFTY26JUL51100PE,2.15,3.95,0.80,1.40,2.65,2.75,57087.20,1.40,3360,-180,224,343404951.00,88,F1,30,,,,,
2026-07-27,2026-07-27,FO,NSE,IDO,61694,,BANKNIFTY,,2026-07-28,2026-07-28,50400.00,PE,BANKNIFTY26JUL50400PE,1.85,2.20,0.70,1.20,1.15,1.50,57087.20,1.20,1350,-360,103,155740968.00,61,F1,30,,,,,
2026-07-27,2026-07-27,FO,NSE,IDO,61648,,BANKNIFTY,,2026-07-28,2026-07-28,48500.00,PE,BANKNIFTY26JUL48500PE,1.35,1.60,0.40,0.60,0.40,1.45,57087.20,0.60,11010,-210,289,420503085.00,123,F1,30,,,,,
2026-07-27,2026-07-27,FO,NSE,IDO,61630,,BANKNIFTY,,2026-07-28,2026-07-28,47700.00,PE,BANKNIFTY26JUL47700PE,2.40,2.40,0.55,1.55,1.65,2.40,57087.20,1.55,780,120,15,21465720.00,4,F1,30,,,,,
2026-07-27,2026-07-27,FO,NSE,IDO,61626,,BANKNIFTY,,2026-07-28,2026-07-28,47500.00,PE,BANKNIFTY26JUL47500PE,1.25,1.50,0.50,0.70,0.65,1.25,57087.20,0.70,13020,-600,616,877814860.50,132,F1,30,,,,,
2026-07-27,2026-07-27,FO,NSE,IDO,61585,,BANKNIFTY,,2026-07-28,2026-07-28,46000.00,PE,BANKNIFTY26JUL46000PE,0.50,0.65,0.30,0.35,0.30,0.50,57087.20,0.35,127920,-13560,3393,4682383680.00,1049,F1,30,,,,,
2026-07-27,2026-07-27,FO,NSE,IDO,76419,,BANKNIFTY,,2027-03-30,2027-03-30,61500.00,CE,BANKNIFTY27MAR61500CE,0.00,0.00,0.00,1629.75,0.00,1629.75,57087.20,3160.90,0,0,0,0.00,0,F1,30,,,,,
2026-07-27,2026-07-27,FO,NSE,IDO,76400,,BANKNIFTY,,2027-03-30,2027-03-30,58500.00,CE,BANKNIFTY27MAR58500CE,0.00,0.00,0.00,2367.80,0.00,2367.80,57087.20,4464.10,0,0,0,0.00,0,F1,30,,,,,
2026-07-27,2026-07-27,FO,NSE,IDO,53248,,BANKNIFTY,,2026-12-29,2026-12-29,64500.00,CE,BANKNIFTY26DEC64500CE,0.00,0.00,0.00,3029.80,0.00,3029.80,57087.20,1189.20,0,0,0,0.00,0,F1,30,,,,,
2026-07-27,2026-07-27,FO,NSE,IDO,53240,,BANKNIFTY,,2026-12-29,2026-12-29,60000.00,CE,BANKNIFTY26DEC60000CE,1525.00,1627.80,1500.00,1547.25,1550.00,1453.20,57087.20,1547.25,16320,210,108,199462818.00,76,F1,30,,,,,
2026-07-27,2026-07-27,FO,NSE,IDO,53224,,BANKNIFTY,,2026-12-29,2026-12-29,54000.00,CE,BANKNIFTY26DEC54000CE,0.00,0.00,0.00,9099.90,0.00,9099.90,57087.20,5815.30,0,0,0,0.00,0,F1,30,,,,,
2026-07-27,2026-07-27,FO,NSE,IDO,52426,,BANKNIFTY,,2026-09-29,2026-09-29,67500.00,CE,BANKNIFTY26SEP67500CE,0.00,0.00,0.00,1102.10,0.00,1102.10,57087.20,81.65,0,0,0,0.00,0,F1,30,,,,,
2026-07-27,2026-07-27,FO,NSE,IDO,70097,,BANKNIFTY,,2026-09-29,2026-09-29,63100.00,CE,BANKNIFTY26SEP63100CE,0.00,0.00,0.00,866.35,0.00,866.35,57087.20,428.00,0,0,0,0.00,0,F1,30,,,,,
2026-07-27,2026-07-27,FO,NSE,IDO,70019,,BANKNIFTY,,2026-09-29,2026-09-29,60500.00,CE,BANKNIFTY26SEP60500CE,400.00,400.00,315.25,337.80,337.80,315.05,57087.20,337.80,10410,3750,228,416134519.50,138,F1,30,,,,,
2026-07-27,2026-07-27,FO,NSE,IDO,69897,,BANKNIFTY,,2026-09-29,2026-09-29,59100.00,CE,BANKNIFTY26SEP59100CE,0.00,0.00,0.00,2129.85,0.00,2129.85,57087.20,1422.15,0,0,0,0.00,0,F1,30,,,,,
2026-07-27,2026-07-27,FO,NSE,IDO,69777,,BANKNIFTY,,2026-09-29,2026-09-29,55400.00,CE,BANKNIFTY26SEP55400CE,0.00,0.00,0.00,4155.75,0.00,4155.75,57087.20,3333.60,0,0,0,0.00,0,F1,30,,,,,
2026-07-27,2026-07-27,FO,NSE,IDO,69773,,BANKNIFTY,,2026-09-29,2026-09-29,55200.00,CE,BANKNIFTY26SEP55200CE,0.00,0.00,0.00,4289.75,0.00,4289.75,57087.20,3466.85,0,0,0,0.00,0,F1,30,,,,,
2026-07-27,2026-07-27,FO,NSE,IDO,59133,,BANKNIFTY,,2026-08-25,2026-08-25,58500.00,PE,BANKNIFTY26AUG58500PE,1487.95,1685.00,1434.05,1521.60,1527.50,1818.85,57087.20,1521.60,111690,10770,1210,2179904421.00,738,F1,30,,,,,
2026-07-27,2026-07-27,FO,NSE,IDO,59050,,BANKNIFTY,,2026-08-25,2026-08-25,56400.00,PE,BANKNIFTY26AUG56400PE,509.55,616.00,490.05,526.15,521.40,725.00,57087.20,526.15,19860,3720,645,1101735654.00,357,F1,30,,,,,
2026-07-27,2026-07-27,FO,NSE,IDO,58959,,BANKNIFTY,,2026-08-25,2026-08-25,53400.00,PE,BANKNIFTY26AUG53400PE,95.45,99.00,85.50,88.55,89.30,142.40,57087.20,88.55,1860,300,92,147639850.50,44,F1,30,,,,,
2026-07-27,2026-07-27,FO,NSE,IDO,58947,,BANKNIFTY,,2026-08-25,2026-08-25,53100.00,PE,BANKNIFTY26AUG53100PE,75.35,81.85,72.00,73.80,74.60,120.15,57087.20,73.80,2760,600,40,63811624.50,23,F1,30,,,,,
2026-07-27,2026-07-27,FO,NSE,IDO,58919,,BANKNIFTY,,2026-08-25,2026-08-25,51900.00,PE,BANKNIFTY26AUG51900PE,41.80,43.35,41.00,43.35,43.35,65.50,57087.20,59.40,630,-270,12,18699117.00,6,F1,30,,,,,
2026-07-27,2026-07-27,FO,NSE,IDO,58883,,BANKNIFTY,,2026-08-25,2026-08-25,51200.00,PE,BANKNIFTY26AUG51200PE,29.75,35.75,29.75,31.00,31.80,48.80,57087.20,31.00,300,-150,19,29201995.50,12,F1,30,,,,,
2026-07-27,2026-07-27,FO,NSE,IDO,58881,,BANKNIFTY,,2026-08-25,2026-08-25,51100.00,PE,BANKNIFTY26AUG51100PE,28.55,33.90,28.55,31.85,31.85,49.00,57087.20,31.85,300,-150,12,18406984.50,8,F1,30,,,,,
2026-07-27,2026-07-27,FO,NSE,IDO,58873,,BANKNIFTY,,2026-08-25,2026-08-25,50700.00,PE,BANKNIFTY26AUG50700PE,26.40,27.35,26.00,26.00,26.00,38.30,57087.20,26.00,270,-60,8,12174375.00,4,F1,30,,,,,
2026-07-27,2026-07-27,FO,NSE,IDO,58843,,BANKNIFTY,,2026-08-25,2026-08-25,49600.00,PE,BANKNIFTY26AUG49600PE,19.10,19.10,19.10,19.10,19.10,33.15,57087.20,7.05,150,0,3,4465719.00,1,F1,30,,,,,
2026-07-27,2026-07-27,FO,NSE,IDO,69678,,BANKNIFTY,,2026-09-29,2026-09-29,52700.00,CE,BANKNIFTY26SEP52700CE,0.00,0.00,0.00,6155.30,0.00,6155.30,57087.20,5360.85,0,0,0,0.00,0,F1,30,,,,,
2026-07-27,2026-07-27,FO,NSE,IDO,52286,,BANKNIFTY,,2026-09-29,2026-09-29,54000.00,CE,BANKNIFTY26SEP54000CE,4000.00,4179.70,3838.95,3838.95,3838.95,3789.00,57087.20,4326.80,4380,-1890,123,214107214.50,67,F1,30,,,,,
2026-07-27,2026-07-27,FO,NSE,IDO,69761,,BANKNIFTY,,2026-09-29,2026-09-29,54700.00,CE,BANKNIFTY26SEP54700CE,0.00,0.00,0.00,4637.60,0.00,4637.60,57087.20,3815.00,0,0,0,0.00,0,F1,30,,,,,
2026-07-27,2026-07-27,FO,NSE,IDO,69769,,BANKNIFTY,,2026-09-29,2026-09-29,55100.00,CE,BANKNIFTY26SEP55100CE,0.00,0.00,0.00,4357.65,0.00,4357.65,57087.20,3534.60,0,0,0,0.00,0,F1,30,,,,,
2026-07-27,2026-07-27,FO,NSE,IDO,69779,,BANKNIFTY,,2026-09-29,2026-09-29,55600.00,CE,BANKNIFTY26SEP55600CE,0.00,0.00,0.00,4024.15,0.00,4024.15,57087.20,3203.25,0,0,0,0.00,0,F1,30,,,,,
2026-07-27,2026-07-27,FO,NSE,IDO,69787,,BANKNIFTY,,2026-09-29,2026-09-29,56000.00,CE,BANKNIFTY26SEP56000CE,2499.95,2577.60,2274.40,2410.25,2410.00,2257.95,57087.20,2410.25,11640,-450,119,208550310.00,112,F1,30,,,,,
2026-07-27,2026-07-27,FO,NSE,IDO,69797,,BANKNIFTY,,2026-09-29,2026-09-29,56300.00,CE,BANKNIFTY26SEP56300CE,0.00,0.00,0.00,3583.05,0.00,3583.05,57087.20,2771.05,0,0,0,0.00,0,F1,30,,,,,
2026-07-27,2026-07-27,FO,NSE,IDO,69994,,BANKNIFTY,,2026-09-29,2026-09-29,59700.00,CE,BANKNIFTY26SEP59700CE,0.00,0.00,0.00,1882.85,0.00,1882.85,57087.20,1210.00,0,0,0,0.00,0,F1,30,,,,,
2026-07-27,2026-07-27,FO,NSE,IDO,70013,,BANKNIFTY,,2026-09-29,2026-09-29,60200.00,CE,BANKNIFTY26SEP60200CE,0.00,0.00,0.00,1693.65,0.00,1693.65,57087.20,1052.20,0,0,0,0.00,0,F1,30,,,,,
2026-07-27,2026-07-27,FO,NSE,IDO,70107,,BANKNIFTY,,2026-09-29,2026-09-29,63600.00,CE,BANKNIFTY26SEP63600CE,0.00,0.00,0.00,764.35,0.00,764.35,57087.20,360.80,0,0,0,0.00,0,F1,30,,,,,
2026-07-27,2026-07-27,FO,NSE,IDO,53222,,BANKNIFTY,,2026-12-29,2026-12-29,52500.00,CE,BANKNIFTY26DEC52500CE,0.00,0.00,0.00,10279.15,0.00,10279.15,57087.20,6895.20,0,0,0,0.00,0,F1,30,,,,,
2026-07-27,2026-07-27,FO,NSE,IDO,53246,,BANKNIFTY,,2026-12-29,2026-12-29,63000.00,CE,BANKNIFTY26DEC63000CE,620.00,626.55,544.25,585.20,595.00,573.85,57087.20,585.20,13170,1350,280,534182559.00,129,F1,30,,,,,
2026-07-27,2026-07-27,FO,NSE,IDO,70786,,BANKNIFTY,,2027-06-29,2027-06-29,54000.00,CE,BANKNIFTY27JUN54000CE,0.00,0.00,0.00,8730.20,0.00,8730.20,57087.20,8169.10,0,0,0,0.00,0,F1,30,,,,,
2026-07-27,2026-07-27,FO,NSE,IDO,61638,,BANKNIFTY,,2026-07-28,2026-07-28,48100.00,PE,BANKNIFTY26JUL48100PE,1.40,1.65,1.25,1.30,1.30,2.30,57087.20,0.00,360,0,8,11544346.50,8,F1,30,,,,,
2026-07-27,2026-07-27,FO,NSE,IDO,61672,,BANKNIFTY,,2026-07-28,2026-07-28,49500.00,PE,BANKNIFTY26JUL49500PE,1.90,1.90,0.60,0.75,0.60,1.90,57087.20,0.75,9240,-1260,254,377196730.50,154,F1,30,,,,,
2026-07-27,2026-07-27,FO,NSE,IDO,61686,,BANKNIFTY,,2026-07-28,2026-07-28,50100.00,PE,BANKNIFTY26JUL50100PE,1.75,1.90,1.10,1.65,1.65,1.65,57087.20,0.00,2010,-390,25,37576171.50,14,F1,30,,,,,
2026-07-27,2026-07-27,FO,NSE,IDO,61700,,BANKNIFTY,,2026-07-28,2026-07-28,50700.00,PE,BANKNIFTY26JUL50700PE,2.85,2.85,0.80,0.90,0.80,2.35,57087.20,0.90,2610,-210,41,62362824.00,35,F1,30,,,,,
2026-07-27,2026-07-27,FO,NSE,IDO,61785,,BANKNIFTY,,2026-07-28,2026-07-28,54000.00,PE,BANKNIFTY26JUL54000PE,5.10,5.10,1.60,2.10,1.90,6.15,57087.20,2.10,391890,-170820,58702,95101647486.00,17401,F1,30,,,,,
2026-07-27,2026-07-27,FO,NSE,IDO,61818,,BANKNIFTY,,2026-07-28,2026-07-28,55300.00,PE,BANKNIFTY26JUL55300PE,24.95,24.95,3.05,3.80,3.60,27.60,57087.20,3.80,94350,-92370,52384,86914174389.00,24428,F1,30,,,,,
2026-07-27,2026-07-27,FO,NSE,IDO,61830,,BANKNIFTY,,2026-07-28,2026-07-28,55700.00,PE,BANKNIFTY26JUL55700PE,20.00,20.00,4.80,6.00,5.65,52.20,57087.20,6.00,97470,-37860,46698,78045382692.00,22548,F1,30,,,,,
2026-07-27,2026-07-27,FO,NSE,IDO,61832,,BANKNIFTY,,2026-07-28,2026-07-28,55800.00,PE,BANKNIFTY26JUL55800PE,21.10,21.10,5.45,6.65,7.00,63.00,57087.20,6.65,144150,-189420,80757,135212785842.00,39987,F1,30,,,,,
2026-07-27,2026-07-27,FO,NSE,IDO,61902,,BANKNIFTY,,2026-07-28,2026-07-28,58500.00,PE,BANKNIFTY26JUL58500PE,1208.05,1541.20,1145.45,1331.30,1339.00,1683.10,57087.20,1331.30,275730,-27420,2070,3714173518.50,1239,F1,30,,,,,
2026-07-27,2026-07-27,FO,NSE,IDO,61928,,BANKNIFTY,,2026-07-28,2026-07-28,59300.00,PE,BANKNIFTY26JUL59300PE,2170.00,2211.00,2136.00,2136.00,2136.00,2512.60,57087.20,2136.00,7980,-90,31,57175452.00,13,F1,30,,,,,
2026-07-27,2026-07-27,FO,NSE,IDO,62060,,BANKNIFTY,,2026-07-28,2026-07-28,62600.00,PE,BANKNIFTY26JUL62600PE,0.00,0.00,0.00,6805.90,0.00,6805.90,57087.20,5502.45,0,0,0,0.00,0,F1,30,,,,,
2026-07-27,2026-07-27,FO,NSE,IDO,62096,,BANKNIFTY,,2026-07-28,2026-07-28,64000.00,PE,BANKNIFTY26JUL64000PE,6946.85,6975.00,6848.50,6868.85,6858.90,7207.50,57087.20,6868.85,1500,-450,22,46813765.50,22,F1,30,,,,,
2026-07-27,2026-07-27,FO,NSE,IDO,58869,,BANKNIFTY,,2026-08-25,2026-08-25,50500.00,PE,BANKNIFTY26AUG50500PE,21.50,34.15,21.50,25.00,25.00,31.65,57087.20,25.00,3150,570,68,103071853.50,37,F1,30,,,,,
2026-07-27,2026-07-27,FO,NSE,IDO,58887,,BANKNIFTY,,2026-08-25,2026-08-25,51400.00,PE,BANKNIFTY26AUG51400PE,32.35,35.50,32.35,33.35,33.35,46.70,57087.20,33.35,390,-120,14,21602287.50,9,F1,30,,,,,
2026-07-27,2026-07-27,FO,NSE,IDO,59037,,BANKNIFTY,,2026-08-25,2026-08-25,55900.00,PE,BANKNIFTY26AUG55900PE,368.75,460.20,368.75,398.65,397.90,558.15,57087.20,398.65,8700,-780,472,797291304.00,308,F1,30,,,,,
2026-07-27,2026-07-27,FO,NSE,IDO,59041,,BANKNIFTY,,2026-08-25,2026-08-25,56000.00,PE,BANKNIFTY26AUG56000PE,462.80,500.00,385.00,424.15,420.30,587.65,57087.20,424.15,413850,107190,20468,34656597027.00,12589,F1,30,,,,,
2026-07-27,2026-07-27,FO,NSE,IDO,59080,,BANKNIFTY,,2026-08-25,2026-08-25,57000.00,PE,BANKNIFTY26AUG57000PE,952.45,952.45,680.00,731.70,735.00,965.35,57087.20,731.70,484710,47760,23876,41373850569.00,15102,F1,30,,,,,
2026-07-27,2026-07-27,FO,NSE,IDO,59084,,BANKNIFTY,,2026-08-25,2026-08-25,57200.00,PE,BANKNIFTY26AUG57200PE,826.00,943.50,765.00,818.05,825.35,1051.60,57087.20,818.05,57810,44400,4578,7971115723.50,3150,F1,30,,,,,
2026-07-27,2026-07-27,FO,NSE,IDO,59097,,BANKNIFTY,,2026-08-25,2026-08-25,57800.00,PE,BANKNIFTY26AUG57800PE,1073.40,1232.95,1030.90,1104.20,1103.20,1330.00,57087.20,1104.20,17670,4500,330,583098684.00,219,F1,30,,,,,
2026-07-27,2026-07-27,FO,NSE,IDO,59118,,BANKNIFTY,,2026-08-25,2026-08-25,58200.00,PE,BANKNIFTY26AUG58200PE,1265.60,1496.30,1264.00,1328.90,1330.00,1614.10,57087.20,1328.90,8940,3120,135,241008744.00,56,F1,30,,,,,
2026-07-27,2026-07-27,FO,NSE,IDO,59144,,BANKNIFTY,,2026-08-25,2026-08-25,58900.00,PE,BANKNIFTY26AUG58900PE,1800.00,1800.00,1800.00,1800.00,1800.00,2650.00,57087.20,1800.00,1230,30,1,1821000.00,1,F1,30,,,,,
2026-07-27,2026-07-27,FO,NSE,IDO,59203,,BANKNIFTY,,2026-08-25,2026-08-25,60500.00,PE,BANKNIFTY26AUG60500PE,3160.00,3344.95,3126.00,3130.45,3159.15,3455.85,57087.20,3130.45,7350,5310,198,378396315.00,110,F1,30,,,,,
2026-07-27,2026-07-27,FO,NSE,IDO,59238,,BANKNIFTY,,2026-08-25,2026-08-25,61400.00,PE,BANKNIFTY26AUG61400PE,0.00,0.00,0.00,6041.20,0.00,6041.20,57087.20,4233.60,0,0,0,0.00,0,F1,30,,,,,
2026-07-27,2026-07-27,FO,NSE,IDO,59271,,BANKNIFTY,,2026-08-25,2026-08-25,62500.00,PE,BANKNIFTY26AUG62500PE,5150.00,5160.00,5100.00,5100.00,5100.00,5360.00,57087.20,5227.35,2490,720,24,48682800.00,5,F1,30,,,,,
2026-07-27,2026-07-27,FO,NSE,IDO,69663,,BANKNIFTY,,2026-09-29,2026-09-29,51800.00,PE,BANKNIFTY26SEP51800PE,0.00,0.00,0.00,364.20,0.00,364.20,57087.20,244.95,0,0,0,0.00,0,F1,30,,,,,
2026-07-27,2026-07-27,FO,NSE,IDO,69695,,BANKNIFTY,,2026-09-29,2026-09-29,53500.00,PE,BANKNIFTY26SEP53500PE,235.05,248.00,224.25,228.35,227.50,309.30,57087.20,228.35,2880,780,91,146701453.50,68,F1,30,,,,,
2026-07-27,2026-07-27,FO,NSE,IDO,69768,,BANKNIFTY,,2026-09-29,2026-09-29,55000.00,PE,BANKNIFTY26SEP55000PE,424.00,469.70,398.15,425.60,428.00,549.65,57087.20,425.60,49140,6930,661,1099218315.00,353,F1,30,,,,,
2026-07-27,2026-07-27,FO,NSE,IDO,69782,,BANKNIFTY,,2026-09-29,2026-09-29,55700.00,PE,BANKNIFTY26SEP55700PE,0.00,0.00,0.00,1262.00,0.00,1262.00,57087.20,1110.20,0,0,0,0.00,0,F1,30,,,,,
2026-07-27,2026-07-27,FO,NSE,IDO,70014,,BANKNIFTY,,2026-09-29,2026-09-29,60200.00,PE,BANKNIFTY26SEP60200PE,0.00,0.00,0.00,3427.35,0.00,3427.35,57087.20,3471.30,0,0,0,0.00,0,F1,30,,,,,
2026-07-27,2026-07-27,FO,NSE,IDO,70018,,BANKNIFTY,,2026-09-29,2026-09-29,60400.00,PE,BANKNIFTY26SEP60400PE,0.00,0.00,0.00,3552.70,0.00,3552.70,57087.20,3610.50,0,0,0,0.00,0,F1,30,,,,,
2026-07-27,2026-07-27,FO,NSE,IDO,70083,,BANKNIFTY,,2026-09-29,2026-09-29,62300.00,PE,BANKNIFTY26SEP62300PE,0.00,0.00,0.00,4853.00,0.00,4853.00,57087.20,5052.10,0,0,0,0.00,0,F1,30,,,,,
2026-07-27,2026-07-27,FO,NSE,IDO,70085,,BANKNIFTY,,2026-09-29,2026-09-29,62400.00,PE,BANKNIFTY26SEP62400PE,0.00,0.00,0.00,4929.15,0.00,4929.15,57087.20,5133.25,0,0,0,0.00,0,F1,30,,,,,
2026-07-27,2026-07-27,FO,NSE,IDO,70120,,BANKNIFTY,,2026-09-29,2026-09-29,64200.00,PE,BANKNIFTY26SEP64200PE,0.00,0.00,0.00,6327.50,0.00,6327.50,57087.20,6665.20,0,0,0,0.00,0,F1,30,,,,,
2026-07-27,2026-07-27,FO,NSE,IDO,53229,,BANKNIFTY,,2026-12-29,2026-12-29,57000.00,PE,BANKNIFTY26DEC57000PE,1250.00,1350.00,1220.05,1266.90,1250.30,1440.00,57087.20,1266.90,9390,1530,139,243127042.50,74,F1,30,,,,,
2026-07-27,2026-07-27,FO,NSE,IDO,76399,,BANKNIFTY,,2027-03-30,2027-03-30,57000.00,PE,BANKNIFTY27MAR57000PE,0.00,0.00,0.00,5580.05,0.00,5580.05,57087.20,2671.35,0,0,0,0.00,0,F1,30,,,,,
2026-07-27,2026-07-27,FO,NSE,IDO,76401,,BANKNIFTY,,2027-03-30,2027-03-30,58500.00,PE,BANKNIFTY27MAR58500PE,0.00,0.00,0.00,6512.10,0.00,6512.10,57087.20,3327.95,0,0,0,0.00,0,F1,30,,,,,
2026-07-27,2026-07-27,FO,NSE,IDO,76418,,BANKNIFTY,,2027-03-30,2027-03-30,60000.00,PE,BANKNIFTY27MAR60000PE,0.00,0.00,0.00,7507.95,0.00,7507.95,57087.20,4069.60,0,0,0,0.00,0,F1,30,,,,,
2026-07-27,2026-07-27,FO,NSE,IDO,59088,,BANKNIFTY,,2026-08-25,2026-08-25,57400.00,CE,BANKNIFTY26AUG57400CE,983.90,999.70,802.70,897.05,903.00,823.65,57087.20,897.05,37950,9780,1772,3099435298.50,1360,F1,30,,,,,
2026-07-27,2026-07-27,FO,NSE,IDO,59049,,BANKNIFTY,,2026-08-25,2026-08-25,56400.00,CE,BANKNIFTY26AUG56400CE,1600.00,1628.05,1353.75,1507.90,1503.40,1385.25,57087.20,1507.90,7590,-4650,332,577014409.50,220,F1,30,,,,,
2026-07-27,2026-07-27,FO,NSE,IDO,58984,,BANKNIFTY,,2026-08-25,2026-08-25,54300.00,CE,BANKNIFTY26AUG54300CE,0.00,0.00,0.00,3896.00,3896.00,3896.00,57087.20,3360.05,30,0,0,0.00,0,F1,30,,,,,
2026-07-27,2026-07-27,FO,NSE,IDO,58978,,BANKNIFTY,,2026-08-25,2026-08-25,54000.00,CE,BANKNIFTY26AUG54000CE,3600.00,3625.20,3276.40,3467.45,3471.80,3220.40,57087.20,3467.45,45750,5580,313,539403075.00,236,F1,30,,,,,
2026-07-27,2026-07-27,FO,NSE,IDO,58948,,BANKNIFTY,,2026-08-25,2026-08-25,53200.00,CE,BANKNIFTY26AUG53200CE,0.00,0.00,0.00,4328.15,4328.15,4328.15,57087.20,4298.35,30,0,0,0.00,0,F1,30,,,,,
2026-07-27,2026-07-27,FO,NSE,IDO,58910,,BANKNIFTY,,2026-08-25,2026-08-25,51700.00,CE,BANKNIFTY26AUG51700CE,0.00,0.00,0.00,4912.25,0.00,4912.25,57087.20,5686.00,0,0,0,0.00,0,F1,30,,,,,
2026-07-27,2026-07-27,FO,NSE,IDO,58874,,BANKNIFTY,,2026-08-25,2026-08-25,50800.00,CE,BANKNIFTY26AUG50800CE,0.00,0.00,0.00,5602.30,0.00,5602.30,57087.20,6554.25,0,0,0,0.00,0,F1,30,,,,,
2026-07-27,2026-07-27,FO,NSE,IDO,58860,,BANKNIFTY,,2026-08-25,2026-08-25,50200.00,CE,BANKNIFTY26AUG50200CE,0.00,0.00,0.00,6085.35,0.00,6085.35,57087.20,7141.35,0,0,0,0.00,0,F1,30,,,,,
2026-07-27,2026-07-27,FO,NSE,IDO,58850,,BANKNIFTY,,2026-08-25,2026-08-25,49900.00,CE,BANKNIFTY26AUG49900CE,0.00,0.00,0.00,6333.25,0.00,6333.25,57087.20,7436.50,0,0,0,0.00,0,F1,30,,,,,
2026-07-27,2026-07-27,FO,NSE,IDO,58816,,BANKNIFTY,,2026-08-25,2026-08-25,49200.00,CE,BANKNIFTY26AUG49200CE,0.00,0.00,0.00,6926.65,0.00,6926.65,57087.20,8128.10,0,0,0,0.00,0,F1,30,,,,,
2026-07-27,2026-07-27,FO,NSE,IDO,58766,,BANKNIFTY,,2026-08-25,2026-08-25,48000.00,CE,BANKNIFTY26AUG48000CE,9400.00,9428.95,9100.00,9274.15,9269.10,8945.60,57087.20,9274.15,4260,780,26,44668726.50,26,F1,30,,,,,
2026-07-27,2026-07-27,FO,NSE,IDO,62091,,BANKNIFTY,,2026-07-28,2026-07-28,63800.00,CE,BANKNIFTY26JUL63800CE,1.65,1.70,0.75,0.95,0.90,1.55,57087.20,0.95,6660,2250,141,269878843.50,33,F1,30,,,,,
2026-07-27,2026-07-27,FO,NSE,IDO,62077,,BANKNIFTY,,2026-07-28,2026-07-28,63200.00,CE,BANKNIFTY26JUL63200CE,1.65,2.00,1.00,1.65,1.65,1.65,57087.20,1.65,3720,600,51,96698178.00,14,F1,30,,,,,
2026-07-27,2026-07-27,FO,NSE,IDO,61998,,BANKNIFTY,,2026-07-28,2026-07-28,61000.00,CE,BANKNIFTY26JUL61000CE,2.30,2.35,1.05,1.30,1.40,2.25,57087.20,1.30,405000,-105360,32662,59773101130.50,9649,F1,30,,,,,
2026-07-27,2026-07-27,FO,NSE,IDO,61971,,BANKNIFTY,,2026-07-28,2026-07-28,60500.00,CE,BANKNIFTY26JUL60500CE,2.50,2.55,1.15,1.50,1.40,2.70,57087.20,1.50,303990,-194580,40570,73636872832.50,12055,F1,30,,,,,
2026-07-27,2026-07-27,FO,NSE,IDO,61927,,BANKNIFTY,,2026-07-28,2026-07-28,59300.00,CE,BANKNIFTY26JUL59300CE,4.40,7.00,2.35,2.75,3.35,6.40,57087.20,2.75,199770,-27270,26044,46335324177.00,11000,F1,30,,,,,
2026-07-27,2026-07-27,FO,NSE,IDO,61925,,BANKNIFTY,,2026-07-28,2026-07-28,59200.00,CE,BANKNIFTY26JUL59200CE,7.10,8.65,2.75,3.20,3.70,7.40,57087.20,3.20,119220,-5610,21077,37435632670.50,9000,F1,30,,,,,
2026-07-27,2026-07-27,FO,NSE,IDO,61858,,BANKNIFTY,,2026-07-28,2026-07-28,56800.00,CE,BANKNIFTY26JUL56800CE,471.40,642.95,294.60,436.70,433.20,349.25,57087.20,436.70,191340,-335640,137740,236465101831.50,85647,F1,30,,,,,
2026-07-27,2026-07-27,FO,NSE,IDO,61789,,BANKNIFTY,,2026-07-28,2026-07-28,54200.00,CE,BANKNIFTY26JUL54200CE,2882.35,2882.35,2882.35,2882.35,2882.35,2550.00,57087.20,2896.20,780,0,1,1712470.50,1,F1,30,,,,,
2026-07-27,2026-07-27,FO,NSE,IDO,61741,,BANKNIFTY,,2026-07-28,2026-07-28,52400.00,CE,BANKNIFTY26JUL52400CE,0.00,0.00,0.00,4623.10,0.00,4623.10,57087.20,4695.90,0,0,0,0.00,0,F1,30,,,,,
2026-07-27,2026-07-27,FO,NSE,IDO,61681,,BANKNIFTY,,2026-07-28,2026-07-28,50000.00,CE,BANKNIFTY26JUL50000CE,7227.20,7263.00,6965.20,7183.25,7179.20,6836.20,57087.20,7183.25,37680,-9840,618,1059082797.00,550,F1,30,,,,,
2026-07-27,2026-07-27,FO,NSE,IDO,61631,,BANKNIFTY,,2026-07-28,2026-07-28,47800.00,CE,BANKNIFTY26JUL47800CE,0.00,0.00,0.00,8437.45,0.00,8437.45,57087.20,9295.15,0,0,0,0.00,0,F1,30,,,,,
2026-07-27,2026-07-27,FO,NSE,IDO,59386,,BANKNIFTY,,2026-08-25,2026-08-25,66000.00,CE,BANKNIFTY26AUG66000CE,7.00,7.00,5.10,5.55,5.45,5.70,57087.20,5.55,16680,8700,622,1231664166.00,490,F1,30,,,,,
2026-07-27,2026-07-27,FO,NSE,IDO,59141,,BANKNIFTY,,2026-08-25,2026-08-25,58900.00,CE,BANKNIFTY26AUG58900CE,331.00,368.00,290.30,310.90,312.55,292.10,57087.20,310.90,13230,3630,474,842082430.50,278,F1,30,,,,,
2026-07-27,2026-07-27,FO,NSE,IDO,59155,,BANKNIFTY,,2026-08-25,2026-08-25,59500.00,CE,BANKNIFTY26AUG59500CE,219.95,235.00,173.95,189.25,192.00,184.90,57087.20,189.25,198690,4560,5322,9532041250.50,3068,F1,30,,,,,
2026-07-27,2026-07-27,FO,NSE,IDO,59248,,BANKNIFTY,,2026-08-25,2026-08-25,61700.00,CE,BANKNIFTY26AUG61700CE,0.00,0.00,0.00,591.05,0.00,591.05,57087.20,182.65,0,0,0,0.00,0,F1,30,,,,,
2026-07-27,2026-07-27,FO,NSE,IDO,59286,,BANKNIFTY,,2026-08-25,2026-08-25,63000.00,CE,BANKNIFTY26AUG63000CE,20.70,20.70,10.55,11.45,11.25,14.45,57087.20,11.45,129900,33840,2833,5355461277.00,2126,F1,30,,,,,
2026-07-27,2026-07-27,FO,NSE,IDO,59317,,BANKNIFTY,,2026-08-25,2026-08-25,64000.00,CE,BANKNIFTY26AUG64000CE,0.00,0.00,0.00,305.40,0.00,305.40,57087.20,44.25,0,0,0,0.00,0,F1,30,,,,,
2026-07-27,2026-07-27,FO,NSE,IDO,69664,,BANKNIFTY,,2026-09-29,2026-09-29,51900.00,CE,BANKNIFTY26SEP51900CE,0.00,0.00,0.00,6817.05,0.00,6817.05,57087.20,6041.85,0,0,0,0.00,0,F1,30,,,,,
2026-07-27,2026-07-27,FO,NSE,IDO,61689,,BANKNIFTY,,2026-07-28,2026-07-28,50200.00,CE,BANKNIFTY26JUL50200CE,0.00,0.00,0.00,8050.00,8050.00,8050.00,57087.20,6895.55,30,0,0,0.00,0,F1,30,,,,,
2026-07-27,2026-07-27,FO,NSE,IDO,61691,,BANKNIFTY,,2026-07-28,2026-07-28,50300.00,CE,BANKNIFTY26JUL50300CE,0.00,0.00,0.00,6248.85,0.00,6248.85,57087.20,6795.55,0,0,0,0.00,0,F1,30,,,,,
2026-07-27,2026-07-27,FO,NSE,IDO,61729,,BANKNIFTY,,2026-07-28,2026-07-28,51900.00,CE,BANKNIFTY26JUL51900CE,0.00,0.00,0.00,4987.55,0.00,4987.55,57087.20,5195.85,0,0,0,0.00,0,F1,30,,,,,
2026-07-27,2026-07-27,FO,NSE,IDO,61752,,BANKNIFTY,,2026-07-28,2026-07-28,52800.00,CE,BANKNIFTY26JUL52800CE,0.00,0.00,0.00,5130.20,5130.20,5130.20,57087.20,4296.00,390,0,0,0.00,0,F1,30,,,,,
2026-07-27,2026-07-27,FO,NSE,IDO,61758,,BANKNIFTY,,2026-07-28,2026-07-28,53100.00,CE,BANKNIFTY26JUL53100CE,0.00,0.00,0.00,4112.25,4112.25,4112.25,57087.20,3996.05,210,0,0,0.00,0,F1,30,,,,,
2026-07-27,2026-07-27,FO,NSE,IDO,61766,,BANKNIFTY,,2026-07-28,2026-07-28,53500.00,CE,BANKNIFTY26JUL53500CE,3701.00,3701.00,3501.00,3663.75,3670.00,3287.25,57087.20,3663.75,8100,-1350,47,80570359.50,34,F1,30,,,,,
2026-07-27,2026-07-27,FO,NSE,IDO,61787,,BANKNIFTY,,2026-07-28,2026-07-28,54100.00,CE,BANKNIFTY26JUL54100CE,3288.95,3288.95,3288.95,3288.95,3288.95,2722.10,57087.20,2996.20,780,0,1,1721668.50,1,F1,30,,,,,
2026-07-27,2026-07-27,FO,NSE,IDO,61791,,BANKNIFTY,,2026-07-28,2026-07-28,54300.00,CE,BANKNIFTY26JUL54300CE,0.00,0.00,0.00,2535.00,2535.00,2535.00,57087.20,2796.25,450,0,0,0.00,0,F1,30,,,,,
2026-07-27,2026-07-27,FO,NSE,IDO,61885,,BANKNIFTY,,2026-07-28,2026-07-28,57800.00,CE,BANKNIFTY26JUL57800CE,80.75,92.25,21.00,29.85,29.20,58.30,57087.20,29.85,476640,109830,216082,374942440533.00,116965,F1,30,,,,,
2026-07-27,2026-07-27,FO,NSE,IDO,61891,,BANKNIFTY,,2026-07-28,2026-07-28,58100.00,CE,BANKNIFTY26JUL58100CE,50.00,50.00,12.30,14.80,14.60,34.90,57087.20,14.80,436980,72870,93546,163108900383.00,53355,F1,30,,,,,
2026-07-27,2026-07-27,FO,NSE,IDO,61899,,BANKNIFTY,,2026-07-28,2026-07-28,58400.00,CE,BANKNIFTY26JUL58400CE,32.35,32.35,8.15,8.65,9.50,21.15,57087.20,8.65,368220,15270,82345,144299350735.50,42947,F1,30,,,,,
2026-07-27,2026-07-27,FO,NSE,IDO,61947,,BANKNIFTY,,2026-07-28,2026-07-28,59700.00,CE,BANKNIFTY26JUL59700CE,4.60,10.15,1.35,2.25,2.80,4.50,57087.20,2.25,60510,5040,19840,35535343560.00,7878,F1,30,,,,,
2026-07-27,2026-07-27,FO,NSE,IDO,61949,,BANKNIFTY,,2026-07-28,2026-07-28,59800.00,CE,BANKNIFTY26JUL59800CE,4.10,5.45,1.55,2.30,1.80,4.10,57087.20,2.30,68910,-6210,21460,38501196064.50,8626,F1,30,,,,,
2026-07-27,2026-07-27,FO,NSE,IDO,62005,,BANKNIFTY,,2026-07-28,2026-07-28,61200.00,CE,BANKNIFTY26JUL61200CE,2.30,3.10,1.50,1.75,1.50,2.40,57087.20,1.75,37170,5670,3035,5572433133.00,1270,F1,30,,,,,
2026-07-27,2026-07-27,FO,NSE,IDO,62017,,BANKNIFTY,,2026-07-28,2026-07-28,61500.00,CE,BANKNIFTY26JUL61500CE,1.50,2.00,0.70,0.90,0.85,1.75,57087.20,0.90,139650,-22740,10577,19514953165.50,3463,F1,30,,,,,
2026-07-27,2026-07-27,FO,NSE,IDO,62035,,BANKNIFTY,,2026-07-28,2026-07-28,62200.00,CE,BANKNIFTY26JUL62200CE,1.85,2.50,0.80,1.55,0.80,1.50,57087.20,1.55,9390,-270,702,1309963966.50,205,F1,30,,,,,
2026-07-27,2026-07-27,FO,NSE,IDO,62079,,BANKNIFTY,,2026-07-28,2026-07-28,63300.00,CE,BANKNIFTY26JUL63300CE,2.00,2.55,0.60,0.85,0.60,2.00,57087.20,0.85,5010,2490,183,347523552.00,57,F1,30,,,,,
2026-07-27,2026-07-27,FO,NSE,IDO,62099,,BANKNIFTY,,2026-07-28,2026-07-28,64200.00,CE,BANKNIFTY26JUL64200CE,1.15,1.70,0.10,0.75,0.70,1.55,57087.20,0.75,6720,-9090,949,1827792399.00,161,F1,30,,,,,
2026-07-27,2026-07-27,FO,NSE,IDO,62131,,BANKNIFTY,,2026-07-28,2026-07-28,65000.00,CE,BANKNIFTY26JUL65000CE,1.00,2.30,0.70,0.80,0.80,1.10,57087.20,0.80,306450,29730,9704,18923121222.00,3414,F1,30,,,,,
2026-07-27,2026-07-27,FO,NSE,IDO,58920,,BANKNIFTY,,2026-08-25,2026-08-25,52000.00,CE,BANKNIFTY26AUG52000CE,5449.95,5450.00,5191.90,5361.20,5367.80,5047.35,57087.20,5361.20,17400,5400,216,371404611.00,137,F1,30,,,,,
2026-07-27,2026-07-27,FO,NSE,IDO,58930,,BANKNIFTY,,2026-08-25,2026-08-25,52500.00,CE,BANKNIFTY26AUG52500CE,4850.00,4860.00,4840.00,4850.00,4850.00,4650.00,57087.20,4933.90,330,210,7,12043200.00,7,F1,30,,,,,
2026-07-27,2026-07-27,FO,NSE,IDO,58955,,BANKNIFTY,,2026-08-25,2026-08-25,53300.00,CE,BANKNIFTY26AUG53300CE,0.00,0.00,0.00,3800.00,0.00,3800.00,57087.20,4209.70,0,0,0,0.00,0,F1,30,,,,,
2026-07-27,2026-07-27,FO,NSE,IDO,58962,,BANKNIFTY,,2026-08-25,2026-08-25,53600.00,CE,BANKNIFTY26AUG53600CE,0.00,0.00,0.00,3523.55,3523.55,3523.55,57087.20,3947.50,180,0,0,0.00,0,F1,30,,,,,
2026-07-27,2026-07-27,FO,NSE,IDO,59044,,BANKNIFTY,,2026-08-25,2026-08-25,56200.00,CE,BANKNIFTY26AUG56200CE,1623.00,1786.90,1542.15,1651.45,1656.35,1502.65,57087.20,1651.45,8610,-2550,293,508823659.50,206,F1,30,,,,,
2026-07-27,2026-07-27,FO,NSE,IDO,59092,,BANKNIFTY,,2026-08-25,2026-08-25,57600.00,CE,BANKNIFTY26AUG57600CE,838.00,893.05,718.05,795.20,797.55,725.50,57087.20,795.20,36120,10170,1681,2945212029.00,1037,F1,30,,,,,
2026-07-27,2026-07-27,FO,NSE,IDO,59126,,BANKNIFTY,,2026-08-25,2026-08-25,58500.00,CE,BANKNIFTY26AUG58500CE,519.00,519.00,378.00,425.35,432.00,392.85,57087.20,425.35,327060,59880,12554,22196567721.00,7083,F1,30,,,,,
2026-07-27,2026-07-27,FO,NSE,IDO,59183,,BANKNIFTY,,2026-08-25,2026-08-25,60300.00,CE,BANKNIFTY26AUG60300CE,0.00,0.00,0.00,858.50,0.00,858.50,57087.20,382.70,0,0,0,0.00,0,F1,30,,,,,
2026-07-27,2026-07-27,FO,NSE,IDO,59260,,BANKNIFTY,,2026-08-25,2026-08-25,62300.00,CE,BANKNIFTY26AUG62300CE,0.00,0.00,0.00,500.60,0.00,500.60,57087.20,129.30,0,0,0,0.00,0,F1,30,,,,,
2026-07-27,2026-07-27,FO,NSE,IDO,59280,,BANKNIFTY,,2026-08-25,2026-08-25,62800.00,CE,BANKNIFTY26AUG62800CE,0.00,0.00,0.00,434.40,0.00,434.40,57087.20,95.65,0,0,0,0.00,0,F1,30,,,,,
2026-07-27,2026-07-27,FO,NSE,IDO,59290,,BANKNIFTY,,2026-08-25,2026-08-25,63200.00,CE,BANKNIFTY26AUG63200CE,0.00,0.00,0.00,387.00,0.00,387.00,57087.20,74.55,0,0,0,0.00,0,F1,30,,,,,
2026-07-27,2026-07-27,FO,NSE,IDO,52272,,BANKNIFTY,,2026-09-29,2026-09-29,48000.00,CE,BANKNIFTY26SEP48000CE,0.00,0.00,0.00,10129.10,10129.10,10129.10,57087.20,9669.15,150,0,0,0.00,0,F1,30,,,,,
2026-07-27,2026-07-27,FO,NSE,IDO,52280,,BANKNIFTY,,2026-09-29,2026-09-29,49500.00,CE,BANKNIFTY26SEP49500CE,0.00,0.00,0.00,8922.65,0.00,8922.65,57087.20,8231.15,0,0,0,0.00,0,F1,30,,,,,
2026-07-27,2026-07-27,FO,NSE,IDO,69660,,BANKNIFTY,,2026-09-29,2026-09-29,51700.00,CE,BANKNIFTY26SEP51700CE,0.00,0.00,0.00,6986.65,0.00,6986.65,57087.20,6216.65,0,0,0,0.00,0,F1,30,,,,,
2026-07-27,2026-07-27,FO,NSE,IDO,69698,,BANKNIFTY,,2026-09-29,2026-09-29,53700.00,CE,BANKNIFTY26SEP53700CE,0.00,0.00,0.00,5369.65,0.00,5369.65,57087.20,4556.55,0,0,0,0.00,0,F1,30,,,,,
2026-07-27,2026-07-27,FO,NSE,IDO,69702,,BANKNIFTY,,2026-09-29,2026-09-29,53900.00,CE,BANKNIFTY26SEP53900CE,0.00,0.00,0.00,5218.60,0.00,5218.60,57087.20,4402.75,0,0,0,0.00,0,F1,30,,,,,
2026-07-27,2026-07-27,FO,NSE,IDO,69781,,BANKNIFTY,,2026-09-29,2026-09-29,55700.00,CE,BANKNIFTY26SEP55700CE,0.00,0.00,0.00,3959.30,0.00,3959.30,57087.20,3139.25,0,0,0,0.00,0,F1,30,,,,,
2026-07-27,2026-07-27,FO,NSE,IDO,69824,,BANKNIFTY,,2026-09-29,2026-09-29,57600.00,CE,BANKNIFTY26SEP57600CE,0.00,0.00,0.00,1385.60,1385.60,1385.60,57087.20,2069.10,1710,0,0,0.00,0,F1,30,,,,,
2026-07-27,2026-07-27,FO,NSE,IDO,59010,,BANKNIFTY,,2026-08-25,2026-08-25,55300.00,CE,BANKNIFTY26AUG55300CE,2262.45,2340.00,2205.00,2340.00,2340.00,2150.00,57087.20,2592.00,570,360,37,63931543.50,23,F1,30,,,,,
2026-07-27,2026-07-27,FO,NSE,IDO,59016,,BANKNIFTY,,2026-08-25,2026-08-25,55600.00,CE,BANKNIFTY26AUG55600CE,0.00,0.00,0.00,1960.00,1960.00,1960.00,57087.20,2380.85,360,0,0,0.00,0,F1,30,,,,,
2026-07-27,2026-07-27,FO,NSE,IDO,59047,,BANKNIFTY,,2026-08-25,2026-08-25,56300.00,CE,BANKNIFTY26AUG56300CE,1658.60,1705.35,1467.00,1581.20,1584.25,1449.60,57087.20,1581.20,6540,-5190,484,840654658.50,275,F1,30,,,,,
2026-07-27,2026-07-27,FO,NSE,IDO,59096,,BANKNIFTY,,2026-08-25,2026-08-25,57800.00,CE,BANKNIFTY26AUG57800CE,750.00,815.30,630.90,699.90,714.45,637.15,57087.20,699.90,55860,11760,1165,2044489848.00,777,F1,30,,,,,
2026-07-27,2026-07-27,FO,NSE,IDO,62108,,BANKNIFTY,,2026-07-28,2026-07-28,64500.00,CE,BANKNIFTY26JUL64500CE,1.00,1.50,0.60,0.80,0.95,0.95,57087.20,0.80,27390,-5310,680,1315820757.00,236,F1,30,,,,,
2026-07-27,2026-07-27,FO,NSE,IDO,62097,,BANKNIFTY,,2026-07-28,2026-07-28,64100.00,CE,BANKNIFTY26JUL64100CE,1.25,1.70,0.80,1.40,1.40,1.55,57087.20,0.00,840,30,31,59614236.00,13,F1,30,,,,,
2026-07-27,2026-07-27,FO,NSE,IDO,61655,,BANKNIFTY,,2026-07-28,2026-07-28,48900.00,CE,BANKNIFTY26JUL48900CE,0.00,0.00,0.00,7447.45,0.00,7447.45,57087.20,8195.35,0,0,0,0.00,0,F1,30,,,,,
2026-07-27,2026-07-27,FO,NSE,IDO,70015,,BANKNIFTY,,2026-09-29,2026-09-29,60300.00,CE,BANKNIFTY26SEP60300CE,0.00,0.00,0.00,1657.55,0.00,1657.55,57087.20,1022.60,0,0,0,0.00,0,F1,30,,,,,
2026-07-27,2026-07-27,FO,NSE,IDO,69996,,BANKNIFTY,,2026-09-29,2026-09-29,59800.00,CE,BANKNIFTY26SEP59800CE,0.00,0.00,0.00,1843.85,0.00,1843.85,57087.20,1177.05,0,0,0,0.00,0,F1,30,,,,,
2026-07-27,2026-07-27,FO,NSE,IDO,69868,,BANKNIFTY,,2026-09-29,2026-09-29,58700.00,CE,BANKNIFTY26SEP58700CE,0.00,0.00,0.00,658.05,658.05,658.05,57087.20,1578.05,4200,0,0,0.00,0,F1,30,,,,,
2026-07-27,2026-07-27,FO,NSE,IDO,69820,,BANKNIFTY,,2026-09-29,2026-09-29,57400.00,CE,BANKNIFTY26SEP57400CE,0.00,0.00,0.00,2952.45,0.00,2952.45,57087.20,2168.65,0,0,0,0.00,0,F1,30,,,,,
2026-07-27,2026-07-27,FO,NSE,IDO,69801,,BANKNIFTY,,2026-09-29,2026-09-29,56500.00,CE,BANKNIFTY26SEP56500CE,1788.00,2194.45,1788.00,2053.70,2057.25,1896.80,57087.20,2053.70,20910,900,77,135292299.00,60,F1,30,,,,,
2026-07-27,2026-07-27,FO,NSE,IDO,69765,,BANKNIFTY,,2026-09-29,2026-09-29,54900.00,CE,BANKNIFTY26SEP54900CE,0.00,0.00,0.00,4495.20,0.00,4495.20,57087.20,3672.20,0,0,0,0.00,0,F1,30,,,,,
2026-07-27,2026-07-27,FO,NSE,IDO,69763,,BANKNIFTY,,2026-09-29,2026-09-29,54800.00,CE,BANKNIFTY26SEP54800CE,0.00,0.00,0.00,4564.90,0.00,4564.90,57087.20,3742.10,0,0,0,0.00,0,F1,30,,,,,
2026-07-27,2026-07-27,FO,NSE,IDO,69757,,BANKNIFTY,,2026-09-29,2026-09-29,54600.00,CE,BANKNIFTY26SEP54600CE,0.00,0.00,0.00,4708.60,0.00,4708.60,57087.20,3886.45,0,0,0,0.00,0,F1,30,,,,,
2026-07-27,2026-07-27,FO,NSE,IDO,69710,,BANKNIFTY,,2026-09-29,2026-09-29,54400.00,CE,BANKNIFTY26SEP54400CE,0.00,0.00,0.00,4852.25,0.00,4852.25,57087.20,4031.45,0,0,0,0.00,0,F1,30,,,,,
2026-07-27,2026-07-27,FO,NSE,IDO,69670,,BANKNIFTY,,2026-09-29,2026-09-29,52200.00,CE,BANKNIFTY26SEP52200CE,0.00,0.00,0.00,6565.65,0.00,6565.65,57087.20,5782.95,0,0,0,0.00,0,F1,30,,,,,
2026-07-27,2026-07-27,FO,NSE,IDO,69662,,BANKNIFTY,,2026-09-29,2026-09-29,51800.00,CE,BANKNIFTY26SEP51800CE,0.00,0.00,0.00,6901.65,0.00,6901.65,57087.20,6129.05,0,0,0,0.00,0,F1,30,,,,,
2026-07-27,2026-07-27,FO,NSE,IDO,59319,,BANKNIFTY,,2026-08-25,2026-08-25,64100.00,CE,BANKNIFTY26AUG64100CE,0.00,0.00,0.00,296.35,0.00,296.35,57087.20,41.40,0,0,0,0.00,0,F1,30,,,,,
2026-07-27,2026-07-27,FO,NSE,IDO,59247,,BANKNIFTY,,2026-08-25,2026-08-25,61600.00,PE,BANKNIFTY26AUG61600PE,0.00,0.00,0.00,6204.45,0.00,6204.45,57087.20,4410.10,0,0,0,0.00,0,F1,30,,,,,
2026-07-27,2026-07-27,FO,NSE,IDO,59249,,BANKNIFTY,,2026-08-25,2026-08-25,61700.00,PE,BANKNIFTY26AUG61700PE,0.00,0.00,0.00,6286.60,0.00,6286.60,57087.20,4499.10,0,0,0,0.00,0,F1,30,,,,,
2026-07-27,2026-07-27,FO,NSE,IDO,59261,,BANKNIFTY,,2026-08-25,2026-08-25,62300.00,PE,BANKNIFTY26AUG62300PE,0.00,0.00,0.00,6787.25,0.00,6787.25,57087.20,5042.85,0,0,0,0.00,0,F1,30,,,,,
2026-07-27,2026-07-27,FO,NSE,IDO,59299,,BANKNIFTY,,2026-08-25,2026-08-25,63400.00,PE,BANKNIFTY26AUG63400PE,0.00,0.00,0.00,7735.45,0.00,7735.45,57087.20,6073.90,0,0,0,0.00,0,F1,30,,,,,
2026-07-27,2026-07-27,FO,NSE,IDO,52281,,BANKNIFTY,,2026-09-29,2026-09-29,49500.00,PE,BANKNIFTY26SEP49500PE,55.00,56.65,53.10,56.65,56.65,65.90,57087.20,73.55,24690,60,92,136770271.50,41,F1,30,,,,,
2026-07-27,2026-07-27,FO,NSE,IDO,69683,,BANKNIFTY,,2026-09-29,2026-09-29,52900.00,PE,BANKNIFTY26SEP52900PE,0.00,0.00,0.00,539.95,0.00,539.95,57087.20,398.75,0,0,0,0.00,0,F1,30,,,,,
2026-07-27,2026-07-27,FO,NSE,IDO,69709,,BANKNIFTY,,2026-09-29,2026-09-29,54300.00,PE,BANKNIFTY26SEP54300PE,0.00,0.00,0.00,849.15,0.00,849.15,57087.20,692.05,0,0,0,0.00,0,F1,30,,,,,
2026-07-27,2026-07-27,FO,NSE,IDO,69778,,BANKNIFTY,,2026-09-29,2026-09-29,55400.00,PE,BANKNIFTY26SEP55400PE,0.00,0.00,0.00,1163.10,1163.10,1163.10,57087.20,1008.00,30,0,0,0.00,0,F1,30,,,,,
2026-07-27,2026-07-27,FO,NSE,IDO,69804,,BANKNIFTY,,2026-09-29,2026-09-29,56600.00,PE,BANKNIFTY26SEP56600PE,0.00,0.00,0.00,1241.10,1241.10,1241.10,57087.20,1457.95,1080,0,0,0.00,0,F1,30,,,,,
2026-07-27,2026-07-27,FO,NSE,IDO,69812,,BANKNIFTY,,2026-09-29,2026-09-29,56900.00,PE,BANKNIFTY26SEP56900PE,0.00,0.00,0.00,1713.85,0.00,1713.85,57087.20,1587.85,0,0,0,0.00,0,F1,30,,,,,
2026-07-27,2026-07-27,FO,NSE,IDO,69823,,BANKNIFTY,,2026-09-29,2026-09-29,57500.00,PE,BANKNIFTY26SEP57500PE,1379.80,1379.80,1075.75,1145.60,1150.05,1378.65,57087.20,1145.60,21540,3720,211,371334780.00,136,F1,30,,,,,
2026-07-27,2026-07-27,FO,NSE,IDO,69846,,BANKNIFTY,,2026-09-29,2026-09-29,58200.00,PE,BANKNIFTY26SEP58200PE,0.00,0.00,0.00,1652.85,1652.85,1652.85,57087.20,2231.90,750,0,0,0.00,0,F1,30,,,,,
2026-07-27,2026-07-27,FO,NSE,IDO,69993,,BANKNIFTY,,2026-09-29,2026-09-29,59600.00,PE,BANKNIFTY26SEP59600PE,0.00,0.00,0.00,3065.45,0.00,3065.45,57087.20,3069.60,0,0,0,0.00,0,F1,30,,,,,
2026-07-27,2026-07-27,FO,NSE,IDO,70003,,BANKNIFTY,,2026-09-29,2026-09-29,59800.00,PE,BANKNIFTY26SEP59800PE,0.00,0.00,0.00,3183.70,0.00,3183.70,57087.20,3200.80,0,0,0,0.00,0,F1,30,,,,,
2026-07-27,2026-07-27,FO,NSE,IDO,70046,,BANKNIFTY,,2026-09-29,2026-09-29,61800.00,PE,BANKNIFTY26SEP61800PE,0.00,0.00,0.00,4492.50,0.00,4492.50,57087.20,4653.80,0,0,0,0.00,0,F1,30,,,,,
2026-07-27,2026-07-27,FO,NSE,IDO,70079,,BANKNIFTY,,2026-09-29,2026-09-29,62100.00,PE,BANKNIFTY26SEP62100PE,0.00,0.00,0.00,4707.30,0.00,4707.30,57087.20,4891.30,0,0,0,0.00,0,F1,30,,,,,
2026-07-27,2026-07-27,FO,NSE,IDO,70096,,BANKNIFTY,,2026-09-29,2026-09-29,62900.00,PE,BANKNIFTY26SEP62900PE,0.00,0.00,0.00,5304.65,0.00,5304.65,57087.20,5545.70,0,0,0,0.00,0,F1,30,,,,,
2026-07-27,2026-07-27,FO,NSE,IDO,70102,,BANKNIFTY,,2026-09-29,2026-09-29,63300.00,PE,BANKNIFTY26SEP63300PE,0.00,0.00,0.00,5610.45,0.00,5610.45,57087.20,5883.35,0,0,0,0.00,0,F1,30,,,,,
2026-07-27,2026-07-27,FO,NSE,IDO,52421,,BANKNIFTY,,2026-09-29,2026-09-29,66000.00,PE,BANKNIFTY26SEP66000PE,0.00,0.00,0.00,8825.75,0.00,8825.75,57087.20,8301.50,0,0,0,0.00,0,F1,30,,,,,
2026-07-27,2026-07-27,FO,NSE,IDO,53227,,BANKNIFTY,,2026-12-29,2026-12-29,55500.00,PE,BANKNIFTY26DEC55500PE,0.00,0.00,0.00,1066.65,0.00,1066.65,57087.20,1710.25,0,0,0,0.00,0,F1,30,,,,,
2026-07-27,2026-07-27,FO,NSE,IDO,53251,,BANKNIFTY,,2026-12-29,2026-12-29,66000.00,PE,BANKNIFTY26DEC66000PE,0.00,0.00,0.00,7592.00,7592.00,7592.00,57087.20,7981.50,60,0,0,0.00,0,F1,30,,,,,
2026-07-27,2026-07-27,FO,NSE,IDO,76389,,BANKNIFTY,,2027-03-30,2027-03-30,49500.00,PE,BANKNIFTY27MAR49500PE,0.00,0.00,0.00,2038.80,0.00,2038.80,57087.20,626.50,0,0,0,0.00,0,F1,30,,,,,
2026-07-27,2026-07-27,FO,NSE,IDO,76391,,BANKNIFTY,,2027-03-30,2027-03-30,51000.00,PE,BANKNIFTY27MAR51000PE,0.00,0.00,0.00,2587.90,0.00,2587.90,57087.20,885.05,0,0,0,0.00,0,F1,30,,,,,
2026-07-27,2026-07-27,FO,NSE,IDO,76397,,BANKNIFTY,,2027-03-30,2027-03-30,55500.00,PE,BANKNIFTY27MAR55500PE,0.00,0.00,0.00,4717.35,0.00,4717.35,57087.20,2100.75,0,0,0,0.00,0,F1,30,,,,,
2026-07-27,2026-07-27,FO,NSE,IDO,76432,,BANKNIFTY,,2027-03-30,2027-03-30,64500.00,PE,BANKNIFTY27MAR64500PE,0.00,0.00,0.00,10820.75,0.00,10820.75,57087.20,6772.90,0,0,0,0.00,0,F1,30,,,,,
2026-07-27,2026-07-27,FO,NSE,IDO,58800,,BANKNIFTY,,2026-08-25,2026-08-25,48600.00,CE,BANKNIFTY26AUG48600CE,0.00,0.00,0.00,7450.45,0.00,7450.45,57087.20,8722.95,0,0,0,0.00,0,F1,30,,,,,
2026-07-27,2026-07-27,FO,NSE,IDO,59166,,BANKNIFTY,,2026-08-25,2026-08-25,59900.00,PE,BANKNIFTY26AUG59900PE,0.00,0.00,0.00,2982.90,2982.90,2982.90,57087.20,2989.85,30,0,0,0.00,0,F1,30,,,,,
2026-07-27,2026-07-27,FO,NSE,IDO,59140,,BANKNIFTY,,2026-08-25,2026-08-25,58800.00,PE,BANKNIFTY26AUG58800PE,0.00,0.00,0.00,2054.15,2054.15,2054.15,57087.20,2193.20,1380,0,0,0.00,0,F1,30,,,,,
2026-07-27,2026-07-27,FO,NSE,IDO,59095,,BANKNIFTY,,2026-08-25,2026-08-25,57700.00,PE,BANKNIFTY26AUG57700PE,1055.10,1164.05,984.95,1048.75,1044.85,1311.70,57087.20,1048.75,12600,2040,387,681973165.50,300,F1,30,,,,,
2026-07-27,2026-07-27,FO,NSE,IDO,59074,,BANKNIFTY,,2026-08-25,2026-08-25,56800.00,PE,BANKNIFTY26AUG56800PE,647.45,777.85,610.00,657.80,661.25,885.10,57087.20,657.80,26700,7050,1814,3129001168.50,1165,F1,30,,,,,
2026-07-27,2026-07-27,FO,NSE,IDO,59048,,BANKNIFTY,,2026-08-25,2026-08-25,56300.00,PE,BANKNIFTY26AUG56300PE,485.80,584.25,470.80,497.40,494.70,684.90,57087.20,497.40,32160,19320,5456,9299789143.50,3275,F1,30,,,,,
2026-07-27,2026-07-27,FO,NSE,IDO,59021,,BANKNIFTY,,2026-08-25,2026-08-25,55600.00,PE,BANKNIFTY26AUG55600PE,310.45,385.05,305.15,327.30,329.60,475.85,57087.20,327.30,9420,-30,116,194668638.00,80,F1,30,,,,,
2026-07-27,2026-07-27,FO,NSE,IDO,59015,,BANKNIFTY,,2026-08-25,2026-08-25,55500.00,PE,BANKNIFTY26AUG55500PE,357.15,367.95,288.00,310.00,311.30,447.60,57087.20,310.00,153270,35580,4830,8088109357.50,2839,F1,30,,,,,
2026-07-27,2026-07-27,FO,NSE,IDO,59011,,BANKNIFTY,,2026-08-25,2026-08-25,55300.00,PE,BANKNIFTY26AUG55300PE,273.10,330.85,261.15,277.65,272.90,404.00,57087.20,277.65,8340,990,211,351877776.00,155,F1,30,,,,,
2026-07-27,2026-07-27,FO,NSE,IDO,58993,,BANKNIFTY,,2026-08-25,2026-08-25,54500.00,PE,BANKNIFTY26AUG54500PE,220.00,220.00,156.15,171.10,167.55,261.85,57087.20,171.10,114450,-7170,5012,8220768120.00,2999,F1,30,,,,,
2026-07-27,2026-07-27,FO,NSE,IDO,58957,,BANKNIFTY,,2026-08-25,2026-08-25,53300.00,PE,BANKNIFTY26AUG53300PE,82.30,96.75,82.00,83.15,83.15,130.65,57087.20,83.15,2700,1110,77,123327235.50,32,F1,30,,,,,
2026-07-27,2026-07-27,FO,NSE,IDO,58937,,BANKNIFTY,,2026-08-25,2026-08-25,52800.00,PE,BANKNIFTY26AUG52800PE,65.05,71.80,59.10,62.20,62.65,101.80,57087.20,62.20,6360,390,199,315599299.50,90,F1,30,,,,,
2026-07-27,2026-07-27,FO,NSE,IDO,58921,,BANKNIFTY,,2026-08-25,2026-08-25,52000.00,PE,BANKNIFTY26AUG52000PE,52.00,65.45,39.10,41.15,41.75,63.85,57087.20,41.15,139200,6060,4721,7370819563.50,1858,F1,30,,,,,
2026-07-27,2026-07-27,FO,NSE,IDO,58917,,BANKNIFTY,,2026-08-25,2026-08-25,51800.00,PE,BANKNIFTY26AUG51800PE,35.90,48.20,34.90,40.10,38.65,55.45,57087.20,40.10,1410,-1920,169,262829119.50,64,F1,30,,,,,
2026-07-27,2026-07-27,FO,NSE,IDO,58804,,BANKNIFTY,,2026-08-25,2026-08-25,48700.00,CE,BANKNIFTY26AUG48700CE,0.00,0.00,0.00,7362.25,0.00,7362.25,57087.20,8623.70,0,0,0,0.00,0,F1,30,,,,,
2026-07-27,2026-07-27,FO,NSE,IDO,58928,,BANKNIFTY,,2026-08-25,2026-08-25,52400.00,CE,BANKNIFTY26AUG52400CE,0.00,0.00,0.00,4408.20,0.00,4408.20,57087.20,5026.60,0,0,0,0.00,0,F1,30,,,,,
2026-07-27,2026-07-27,FO,NSE,IDO,59282,,BANKNIFTY,,2026-08-25,2026-08-25,62900.00,CE,BANKNIFTY26AUG62900CE,0.00,0.00,0.00,422.10,0.00,422.10,57087.20,89.95,0,0,0,0.00,0,F1,30,,,,,
2026-07-27,2026-07-27,FO,NSE,IDO,59266,,BANKNIFTY,,2026-08-25,2026-08-25,62500.00,CE,BANKNIFTY26AUG62500CE,21.95,23.00,15.15,16.55,16.20,18.85,57087.20,16.55,44250,0,891,1671112764.00,573,F1,30,,,,,
2026-07-27,2026-07-27,FO,NSE,IDO,59159,,BANKNIFTY,,2026-08-25,2026-08-25,59600.00,CE,BANKNIFTY26AUG59600CE,198.95,214.95,159.00,174.80,179.00,170.60,57087.20,174.80,15210,2490,448,803493369.00,321,F1,30,,,,,
2026-07-27,2026-07-27,FO,NSE,IDO,61663,,BANKNIFTY,,2026-07-28,2026-07-28,49200.00,CE,BANKNIFTY26JUL49200CE,0.00,0.00,0.00,7184.25,0.00,7184.25,57087.20,7895.40,0,0,0,0.00,0,F1,30,,,,,
2026-07-27,2026-07-27,FO,NSE,IDO,61675,,BANKNIFTY,,2026-07-28,2026-07-28,49700.00,CE,BANKNIFTY26JUL49700CE,0.00,0.00,0.00,6752.95,0.00,6752.95,57087.20,7395.45,0,0,0,0.00,0,F1,30,,,,,
2026-07-27,2026-07-27,FO,NSE,IDO,61701,,BANKNIFTY,,2026-07-28,2026-07-28,50800.00,CE,BANKNIFTY26JUL50800CE,0.00,0.00,0.00,5841.00,0.00,5841.00,57087.20,6295.65,0,0,0,0.00,0,F1,30,,,,,
2026-07-27,2026-07-27,FO,NSE,IDO,61756,,BANKNIFTY,,2026-07-28,2026-07-28,53000.00,CE,BANKNIFTY26JUL53000CE,4346.70,4346.75,4000.25,4164.80,4167.15,3827.35,57087.20,4164.80,42750,-7980,755,1293837807.00,644,F1,30,,,,,
2026-07-27,2026-07-27,FO,NSE,IDO,61835,,BANKNIFTY,,2026-07-28,2026-07-28,56000.00,CE,BANKNIFTY26JUL56000CE,820.00,1385.00,820.00,1178.45,1179.35,920.80,57087.20,1178.45,167040,-81360,13242,22710492952.50,7891,F1,30,,,,,
2026-07-27,2026-07-27,FO,NSE,IDO,61869,,BANKNIFTY,,2026-07-28,2026-07-28,57100.00,CE,BANKNIFTY26JUL57100CE,260.00,411.30,142.35,225.85,218.00,213.80,57087.20,225.85,422610,235650,789532,1357818988185.00,476446,F1,30,,,,,
2026-07-27,2026-07-27,FO,NSE,IDO,61887,,BANKNIFTY,,2026-07-28,2026-07-28,57900.00,CE,BANKNIFTY26JUL57900CE,76.00,80.00,16.90,22.90,22.20,49.35,57087.20,22.90,389820,46260,169263,294168308457.00,89568,F1,30,,,,,
2026-07-27,2026-07-27,FO,NSE,IDO,61889,,BANKNIFTY,,2026-07-28,2026-07-28,58000.00,CE,BANKNIFTY26JUL58000CE,62.00,65.05,14.65,18.60,18.65,41.00,57087.20,18.60,1899750,19140,450248,783786987652.50,187859,F1,30,,,,,
2026-07-27,2026-07-27,FO,NSE,IDO,58877,,BANKNIFTY,,2026-08-25,2026-08-25,50900.00,PE,BANKNIFTY26AUG50900PE,27.00,29.15,26.95,27.70,27.70,40.65,57087.20,27.70,240,-90,13,19861881.00,7,F1,30,,,,,
2026-07-27,2026-07-27,FO,NSE,IDO,61917,,BANKNIFTY,,2026-07-28,2026-07-28,59000.00,CE,BANKNIFTY26JUL59000CE,7.80,10.90,3.20,3.80,4.20,9.70,57087.20,3.80,1414080,-195390,221739,392515092777.00,77694,F1,30,,,,,
2026-07-27,2026-07-27,FO,NSE,IDO,62019,,BANKNIFTY,,2026-07-28,2026-07-28,61600.00,CE,BANKNIFTY26JUL61600CE,1.90,2.90,1.20,1.45,1.25,1.95,57087.20,1.45,25890,3360,1617,2988302680.50,461,F1,30,,,,,
2026-07-27,2026-07-27,FO,NSE,IDO,62057,,BANKNIFTY,,2026-07-28,2026-07-28,62600.00,CE,BANKNIFTY26JUL62600CE,1.10,2.35,0.60,0.90,0.60,1.50,57087.20,0.90,8640,2220,283,531485275.50,117,F1,30,,,,,
2026-07-27,2026-07-27,FO,NSE,IDO,62065,,BANKNIFTY,,2026-07-28,2026-07-28,62800.00,CE,BANKNIFTY26JUL62800CE,1.20,1.85,1.00,1.15,1.15,1.60,57087.20,1.15,6360,960,108,203476207.50,37,F1,30,,,,,
2026-07-27,2026-07-27,FO,NSE,IDO,58871,,BANKNIFTY,,2026-08-25,2026-08-25,50600.00,PE,BANKNIFTY26AUG50600PE,24.60,28.65,24.60,24.60,24.60,37.15,57087.20,24.60,270,-90,5,7593811.50,3,F1,30,,,,,
2026-07-27,2026-07-27,FO,NSE,IDO,58865,,BANKNIFTY,,2026-08-25,2026-08-25,50400.00,PE,BANKNIFTY26AUG50400PE,24.20,24.40,24.20,24.40,24.40,36.80,57087.20,15.80,180,-60,7,10589106.00,3,F1,30,,,,,
2026-07-27,2026-07-27,FO,NSE,IDO,58853,,BANKNIFTY,,2026-08-25,2026-08-25,50000.00,PE,BANKNIFTY26AUG50000PE,27.40,28.70,19.15,20.40,19.90,27.35,57087.20,20.40,191040,34380,2500,3751544053.50,1718,F1,30,,,,,
2026-07-27,2026-07-27,FO,NSE,IDO,58767,,BANKNIFTY,,2026-08-25,2026-08-25,48000.00,PE,BANKNIFTY26AUG48000PE,17.45,17.65,11.00,13.75,14.30,18.10,57087.20,13.75,15570,-2160,379,545911242.00,218,F1,30,,,,,
2026-07-27,2026-07-27,FO,NSE,IDO,62074,,BANKNIFTY,,2026-07-28,2026-07-28,63000.00,PE,BANKNIFTY26JUL63000PE,5681.10,6035.00,5680.00,5846.00,5845.00,6170.95,57087.20,5846.00,55590,930,1244,2570878788.00,849,F1,30,,,,,
2026-07-27,2026-07-27,FO,NSE,IDO,61999,,BANKNIFTY,,2026-07-28,2026-07-28,61000.00,PE,BANKNIFTY26JUL61000PE,3680.05,4030.35,3650.00,3842.05,3830.00,4176.35,57087.20,3842.05,29340,-15150,821,1598045719.50,647,F1,30,,,,,
2026-07-27,2026-07-27,FO,NSE,IDO,61916,,BANKNIFTY,,2026-07-28,2026-07-28,58900.00,PE,BANKNIFTY26JUL58900PE,1654.00,1799.00,1654.00,1746.95,1755.00,2093.90,57087.20,1746.95,36150,-120,53,96440593.50,43,F1,30,,,,,
2026-07-27,2026-07-27,FO,NSE,IDO,61880,,BANKNIFTY,,2026-07-28,2026-07-28,57600.00,PE,BANKNIFTY26JUL57600PE,603.00,694.95,369.75,478.50,481.20,849.65,57087.20,478.50,73020,-7950,16729,29159274150.00,11537,F1,30,,,,,
2026-07-27,2026-07-27,FO,NSE,IDO,61840,,BANKNIFTY,,2026-07-28,2026-07-28,56200.00,PE,BANKNIFTY26JUL56200PE,60.00,62.25,10.85,12.65,13.00,122.25,57087.20,12.65,393210,-2790,172534,291008157535.50,86514,F1,30,,,,,
2026-07-27,2026-07-27,FO,NSE,IDO,61730,,BANKNIFTY,,2026-07-28,2026-07-28,51900.00,PE,BANKNIFTY26JUL51900PE,2.50,2.95,0.85,1.45,0.85,2.55,57087.20,1.45,4080,-1440,221,344108559.00,85,F1,30,,,,,
2026-07-27,2026-07-27,FO,NSE,IDO,61674,,BANKNIFTY,,2026-07-28,2026-07-28,49600.00,PE,BANKNIFTY26JUL49600PE,1.30,1.30,0.55,0.85,0.55,1.60,57087.20,0.85,2610,1230,97,144339024.00,23,F1,30,,,,,
2026-07-27,2026-07-27,FO,NSE,IDO,61668,,BANKNIFTY,,2026-07-28,2026-07-28,49400.00,PE,BANKNIFTY26JUL49400PE,2.10,2.10,1.00,1.00,1.00,2.10,57087.20,0.00,1050,30,51,75583876.50,11,F1,30,,,,,
2026-07-27,2026-07-27,FO,NSE,IDO,61656,,BANKNIFTY,,2026-07-28,2026-07-28,48900.00,PE,BANKNIFTY26JUL48900PE,1.30,1.45,1.30,1.35,1.35,1.20,57087.20,0.00,810,-60,6,8802244.50,4,F1,30,,,,,
2026-07-27,2026-07-27,FO,NSE,IDO,61652,,BANKNIFTY,,2026-07-28,2026-07-28,48700.00,PE,BANKNIFTY26JUL48700PE,1.60,1.65,0.45,0.90,0.60,1.75,57087.20,0.90,1740,1380,147,214771642.50,34,F1,30,,,,,
2026-07-27,2026-07-27,FO,NSE,IDO,76433,,BANKNIFTY,,2027-03-30,2027-03-30,66000.00,CE,BANKNIFTY27MAR66000CE,0.00,0.00,0.00,890.95,0.00,890.95,57087.20,1781.55,0,0,0,0.00,0,F1,30,,,,,
2026-07-27,2026-07-27,FO,NSE,IDO,76396,,BANKNIFTY,,2027-03-30,2027-03-30,55500.00,CE,BANKNIFTY27MAR55500CE,0.00,0.00,0.00,3363.80,0.00,3363.80,57087.20,6106.20,0,0,0,0.00,0,F1,30,,,,,
2026-07-27,2026-07-27,FO,NSE,IDO,70117,,BANKNIFTY,,2026-09-29,2026-09-29,64100.00,CE,BANKNIFTY26SEP64100CE,0.00,0.00,0.00,672.40,0.00,672.40,57087.20,302.75,0,0,0,0.00,0,F1,30,,,,,
2026-07-27,2026-07-27,FO,NSE,IDO,70037,,BANKNIFTY,,2026-09-29,2026-09-29,61400.00,CE,BANKNIFTY26SEP61400CE,0.00,0.00,0.00,1297.95,0.00,1297.95,57087.20,741.45,0,0,0,0.00,0,F1,30,,,,,
2026-07-27,2026-07-27,FO,NSE,IDO,70021,,BANKNIFTY,,2026-09-29,2026-09-29,60600.00,CE,BANKNIFTY26SEP60600CE,0.00,0.00,0.00,1552.75,0.00,1552.75,57087.20,937.75,0,0,0,0.00,0,F1,30,,,,,
2026-07-27,2026-07-27,FO,NSE,IDO,58946,,BANKNIFTY,,2026-08-25,2026-08-25,53100.00,CE,BANKNIFTY26AUG53100CE,0.00,0.00,0.00,3930.25,0.00,3930.25,57087.20,4387.55,0,0,0,0.00,0,F1,30,,,,,
2026-07-27,2026-07-27,FO,NSE,IDO,58976,,BANKNIFTY,,2026-08-25,2026-08-25,53900.00,CE,BANKNIFTY26AUG53900CE,0.00,0.00,0.00,3424.65,0.00,3424.65,57087.20,3691.25,0,0,0,0.00,0,F1,30,,,,,
2026-07-27,2026-07-27,FO,NSE,IDO,61653,,BANKNIFTY,,2026-07-28,2026-07-28,48800.00,CE,BANKNIFTY26JUL48800CE,0.00,0.00,0.00,7535.90,0.00,7535.90,57087.20,8295.30,0,0,0,0.00,0,F1,30,,,,,
2026-07-27,2026-07-27,FO,NSE,IDO,61967,,BANKNIFTY,,2026-07-28,2026-07-28,60300.00,CE,BANKNIFTY26JUL60300CE,5.60,5.60,1.45,1.80,1.50,3.40,57087.20,1.80,55380,11640,5737,10378644313.50,2394,F1,30,,,,,
2026-07-27,2026-07-27,FO,NSE,IDO,61987,,BANKNIFTY,,2026-07-28,2026-07-28,60600.00,CE,BANKNIFTY26JUL60600CE,2.50,10.50,0.90,1.80,0.90,2.75,57087.20,1.80,25650,2400,1121,2038054258.50,536,F1,30,,,,,
2026-07-27,2026-07-27,FO,NSE,IDO,62001,,BANKNIFTY,,2026-07-28,2026-07-28,61100.00,CE,BANKNIFTY26JUL61100CE,2.40,12.00,1.40,1.75,1.40,2.50,57087.20,1.75,20370,-630,1217,2230834204.50,590,F1,30,,,,,
2026-07-27,2026-07-27,FO,NSE,IDO,62015,,BANKNIFTY,,2026-07-28,2026-07-28,61400.00,CE,BANKNIFTY26JUL61400CE,1.50,2.30,1.30,1.70,1.50,2.15,57087.20,1.70,25590,-2160,1258,2317305166.50,551,F1,30,,,,,
2026-07-27,2026-07-27,FO,NSE,IDO,62085,,BANKNIFTY,,2026-07-28,2026-07-28,63500.00,CE,BANKNIFTY26JUL63500CE,1.00,1.00,0.65,0.85,0.85,1.05,57087.20,0.85,78210,4950,3216,6126560254.50,933,F1,30,,,,,
2026-07-27,2026-07-27,FO,NSE,IDO,62143,,BANKNIFTY,,2026-07-28,2026-07-28,65500.00,CE,BANKNIFTY26JUL65500CE,0.95,1.50,0.50,0.65,0.55,0.75,57087.20,0.65,77160,-7920,983,1931617129.50,296,F1,30,,,,,
2026-07-27,2026-07-27,FO,NSE,IDO,58858,,BANKNIFTY,,2026-08-25,2026-08-25,50100.00,CE,BANKNIFTY26AUG50100CE,0.00,0.00,0.00,6167.55,0.00,6167.55,57087.20,7239.60,0,0,0,0.00,0,F1,30,,,,,
2026-07-27,2026-07-27,FO,NSE,IDO,58908,,BANKNIFTY,,2026-08-25,2026-08-25,51600.00,CE,BANKNIFTY26AUG51600CE,0.00,0.00,0.00,4986.75,0.00,4986.75,57087.20,5781.50,0,0,0,0.00,0,F1,30,,,,,
2026-07-27,2026-07-27,FO,NSE,IDO,58958,,BANKNIFTY,,2026-08-25,2026-08-25,53400.00,CE,BANKNIFTY26AUG53400CE,0.00,0.00,0.00,3735.80,0.00,3735.80,57087.20,4121.65,0,0,0,0.00,0,F1,30,,,,,
2026-07-27,2026-07-27,FO,NSE,IDO,58965,,BANKNIFTY,,2026-08-25,2026-08-25,53700.00,CE,BANKNIFTY26AUG53700CE,0.00,0.00,0.00,3547.15,0.00,3547.15,57087.20,3861.40,0,0,0,0.00,0,F1,30,,,,,
2026-07-27,2026-07-27,FO,NSE,IDO,59022,,BANKNIFTY,,2026-08-25,2026-08-25,55700.00,CE,BANKNIFTY26AUG55700CE,1973.00,2011.50,1900.00,1912.95,1912.95,1839.35,57087.20,2312.60,420,-90,12,20751948.00,11,F1,30,,,,,
2026-07-27,2026-07-27,FO,NSE,IDO,59077,,BANKNIFTY,,2026-08-25,2026-08-25,56900.00,CE,BANKNIFTY26AUG56900CE,1226.20,1294.05,1076.05,1186.05,1207.90,1093.55,57087.20,1186.05,13920,870,1648,2870890950.00,1165,F1,30,,,,,
2026-07-27,2026-07-27,FO,NSE,IDO,59136,,BANKNIFTY,,2026-08-25,2026-08-25,58700.00,CE,BANKNIFTY26AUG58700CE,395.90,429.95,329.05,368.35,366.55,336.50,57087.20,368.35,16740,3990,453,802902835.50,307,F1,30,,,,,
2026-07-27,2026-07-27,FO,NSE,IDO,59151,,BANKNIFTY,,2026-08-25,2026-08-25,59300.00,CE,BANKNIFTY26AUG59300CE,249.70,268.20,206.90,226.40,233.40,215.25,57087.20,226.40,8280,1260,349,623353638.00,225,F1,30,,,,,
2026-07-27,2026-07-27,FO,NSE,IDO,59178,,BANKNIFTY,,2026-08-25,2026-08-25,60200.00,CE,BANKNIFTY26AUG60200CE,0.00,0.00,0.00,880.55,0.00,880.55,57087.20,402.05,0,0,0,0.00,0,F1,30,,,,,
2026-07-27,2026-07-27,FO,NSE,IDO,59340,,BANKNIFTY,,2026-08-25,2026-08-25,65000.00,CE,BANKNIFTY26AUG65000CE,13.00,13.00,7.00,7.60,7.55,13.05,57087.20,7.60,113850,32130,2575,5021856117.00,1713,F1,30,,,,,
2026-07-27,2026-07-27,FO,NSE,IDO,52268,,BANKNIFTY,,2026-09-29,2026-09-29,45000.00,CE,BANKNIFTY26SEP45000CE,0.00,0.00,0.00,12567.35,0.00,12567.35,57087.20,12608.65,0,0,0,0.00,0,F1,30,,,,,
2026-07-27,2026-07-27,FO,NSE,IDO,69686,,BANKNIFTY,,2026-09-29,2026-09-29,53100.00,CE,BANKNIFTY26SEP53100CE,0.00,0.00,0.00,5835.15,0.00,5835.15,57087.20,5032.40,0,0,0,0.00,0,F1,30,,,,,
2026-07-27,2026-07-27,FO,NSE,IDO,69688,,BANKNIFTY,,2026-09-29,2026-09-29,53200.00,CE,BANKNIFTY26SEP53200CE,0.00,0.00,0.00,5756.35,0.00,5756.35,57087.20,4951.65,0,0,0,0.00,0,F1,30,,,,,
2026-07-27,2026-07-27,FO,NSE,IDO,69696,,BANKNIFTY,,2026-09-29,2026-09-29,53600.00,CE,BANKNIFTY26SEP53600CE,0.00,0.00,0.00,5446.00,0.00,5446.00,57087.20,4634.40,0,0,0,0.00,0,F1,30,,,,,
2026-07-27,2026-07-27,FO,NSE,IDO,69700,,BANKNIFTY,,2026-09-29,2026-09-29,53800.00,CE,BANKNIFTY26SEP53800CE,0.00,0.00,0.00,5293.85,0.00,5293.85,57087.20,4479.35,0,0,0,0.00,0,F1,30,,,,,
2026-07-27,2026-07-27,FO,NSE,IDO,69811,,BANKNIFTY,,2026-09-29,2026-09-29,56900.00,CE,BANKNIFTY26SEP56900CE,0.00,0.00,0.00,1621.05,1621.05,1621.05,57087.20,2430.70,570,0,0,0.00,0,F1,30,,,,,
2026-07-27,2026-07-27,FO,NSE,IDO,69850,,BANKNIFTY,,2026-09-29,2026-09-29,58400.00,CE,BANKNIFTY26SEP58400CE,1063.55,1070.55,979.25,1001.15,1000.80,853.20,57087.20,1001.15,4800,1560,83,147975808.50,44,F1,30,,,,,
2026-07-27,2026-07-27,FO,NSE,IDO,69895,,BANKNIFTY,,2026-09-29,2026-09-29,59000.00,CE,BANKNIFTY26SEP59000CE,825.65,845.20,654.65,756.65,757.00,702.85,57087.20,756.65,38550,9780,767,1375030794.00,451,F1,30,,,,,
2026-07-27,2026-07-27,FO,NSE,IDO,70035,,BANKNIFTY,,2026-09-29,2026-09-29,61300.00,CE,BANKNIFTY26SEP61300CE,0.00,0.00,0.00,1327.90,0.00,1327.90,57087.20,764.20,0,0,0,0.00,0,F1,30,,,,,
2026-07-27,2026-07-27,FO,NSE,IDO,52388,,BANKNIFTY,,2026-09-29,2026-09-29,61500.00,CE,BANKNIFTY26SEP61500CE,213.65,217.00,180.00,190.20,194.35,183.25,57087.20,190.20,16200,-1980,273,505257211.50,154,F1,30,,,,,
2026-07-27,2026-07-27,FO,NSE,IDO,70082,,BANKNIFTY,,2026-09-29,2026-09-29,62300.00,CE,BANKNIFTY26SEP62300CE,0.00,0.00,0.00,1051.50,0.00,1051.50,57087.20,557.20,0,0,0,0.00,0,F1,30,,,,,
2026-07-27,2026-07-27,FO,NSE,IDO,70093,,BANKNIFTY,,2026-09-29,2026-09-29,62800.00,CE,BANKNIFTY26SEP62800CE,0.00,0.00,0.00,934.80,0.00,934.80,57087.20,473.15,0,0,0,0.00,0,F1,30,,,,,
2026-07-27,2026-07-27,FO,NSE,IDO,52404,,BANKNIFTY,,2026-09-29,2026-09-29,63000.00,CE,BANKNIFTY26SEP63000CE,97.10,100.00,84.75,87.45,89.00,85.90,57087.20,87.45,33510,-3510,359,679472008.50,194,F1,30,,,,,
2026-07-27,2026-07-27,FO,NSE,IDO,70101,,BANKNIFTY,,2026-09-29,2026-09-29,63300.00,CE,BANKNIFTY26SEP63300CE,0.00,0.00,0.00,824.30,0.00,824.30,57087.20,399.95,0,0,0,0.00,0,F1,30,,,,,
2026-07-27,2026-07-27,FO,NSE,IDO,70103,,BANKNIFTY,,2026-09-29,2026-09-29,63400.00,CE,BANKNIFTY26SEP63400CE,0.00,0.00,0.00,803.90,0.00,803.90,57087.20,386.55,0,0,0,0.00,0,F1,30,,,,,
2026-07-27,2026-07-27,FO,NSE,IDO,70109,,BANKNIFTY,,2026-09-29,2026-09-29,63700.00,CE,BANKNIFTY26SEP63700CE,0.00,0.00,0.00,745.15,0.00,745.15,57087.20,348.50,0,0,0,0.00,0,F1,30,,,,,
2026-07-27,2026-07-27,FO,NSE,IDO,70111,,BANKNIFTY,,2026-09-29,2026-09-29,63800.00,CE,BANKNIFTY26SEP63800CE,0.00,0.00,0.00,726.40,0.00,726.40,57087.20,336.55,0,0,0,0.00,0,F1,30,,,,,
2026-07-27,2026-07-27,FO,NSE,IDO,70113,,BANKNIFTY,,2026-09-29,2026-09-29,63900.00,CE,BANKNIFTY26SEP63900CE,0.00,0.00,0.00,708.00,0.00,708.00,57087.20,324.95,0,0,0,0.00,0,F1,30,,,,,
2026-07-27,2026-07-27,FO,NSE,IDO,76388,,BANKNIFTY,,2027-03-30,2027-03-30,49500.00,CE,BANKNIFTY27MAR49500CE,0.00,0.00,0.00,6266.75,0.00,6266.75,57087.20,10370.50,0,0,0,0.00,0,F1,30,,,,,
2026-07-27,2026-07-27,FO,NSE,IDO,76390,,BANKNIFTY,,2027-03-30,2027-03-30,51000.00,CE,BANKNIFTY27MAR51000CE,0.00,0.00,0.00,5420.45,0.00,5420.45,57087.20,9194.40,0,0,0,0.00,0,F1,30,,,,,
2026-07-27,2026-07-27,FO,NSE,IDO,76392,,BANKNIFTY,,2027-03-30,2027-03-30,52500.00,CE,BANKNIFTY27MAR52500CE,0.00,0.00,0.00,4655.40,0.00,4655.40,57087.20,8089.45,0,0,0,0.00,0,F1,30,,,,,
2026-07-27,2026-07-27,FO,NSE,IDO,70792,,BANKNIFTY,,2027-06-29,2027-06-29,57000.00,CE,BANKNIFTY27JUN57000CE,0.00,0.00,0.00,6924.35,0.00,6924.35,57087.20,6377.00,0,0,0,0.00,0,F1,30,,,,,
2026-07-27,2026-07-27,FO,NSE,IDO,61650,,BANKNIFTY,,2026-07-28,2026-07-28,48600.00,PE,BANKNIFTY26JUL48600PE,0.00,0.00,0.00,2.30,2.30,2.30,57087.20,0.00,510,0,0,0.00,0,F1,30,,,,,
2026-07-27,2026-07-27,FO,NSE,IDO,61713,,BANKNIFTY,,2026-07-28,2026-07-28,51300.00,PE,BANKNIFTY26JUL51300PE,2.15,2.15,0.85,1.15,1.30,2.90,57087.20,1.15,1890,-540,167,257020989.00,51,F1,30,,,,,
2026-07-27,2026-07-27,FO,NSE,IDO,61806,,BANKNIFTY,,2026-07-28,2026-07-28,54700.00,PE,BANKNIFTY26JUL54700PE,9.40,12.00,1.50,2.35,1.55,12.70,57087.20,2.35,48630,-45840,16042,26326726545.00,6853,F1,30,,,,,
2026-07-27,2026-07-27,FO,NSE,IDO,61814,,BANKNIFTY,,2026-07-28,2026-07-28,55100.00,PE,BANKNIFTY26JUL55100PE,5.90,8.50,2.50,3.25,2.50,20.85,57087.20,3.25,89940,-32760,28083,46425115675.50,12070,F1,30,,,,,
2026-07-27,2026-07-27,FO,NSE,IDO,61834,,BANKNIFTY,,2026-07-28,2026-07-28,55900.00,PE,BANKNIFTY26JUL55900PE,25.25,35.90,6.15,7.55,8.45,74.05,57087.20,7.55,190740,34860,71139,119326301515.50,38304,F1,30,,,,,
2026-07-27,2026-07-27,FO,NSE,IDO,61886,,BANKNIFTY,,2026-07-28,2026-07-28,57800.00,PE,BANKNIFTY26JUL57800PE,608.05,865.70,515.20,654.95,664.00,1018.55,57087.20,654.95,144330,7830,6369,11173498071.00,4109,F1,30,,,,,
2026-07-27,2026-07-27,FO,NSE,IDO,61888,,BANKNIFTY,,2026-07-28,2026-07-28,57900.00,PE,BANKNIFTY26JUL57900PE,697.95,956.45,596.50,747.85,759.05,1106.60,57087.20,747.85,124080,-1410,2528,4447963446.00,1873,F1,30,,,,,
2026-07-27,2026-07-27,FO,NSE,IDO,61896,,BANKNIFTY,,2026-07-28,2026-07-28,58300.00,PE,BANKNIFTY26JUL58300PE,1080.50,1356.05,953.90,1132.60,1124.90,1490.70,57087.20,1132.60,89430,-7740,787,1403009041.50,670,F1,30,,,,,
2026-07-27,2026-07-27,FO,NSE,IDO,61906,,BANKNIFTY,,2026-07-28,2026-07-28,58700.00,PE,BANKNIFTY26JUL58700PE,1500.05,1671.55,1357.05,1543.50,1546.30,1889.20,57087.20,1543.50,39000,-2130,91,164474310.00,73,F1,30,,,,,
2026-07-27,2026-07-27,FO,NSE,IDO,61938,,BANKNIFTY,,2026-07-28,2026-07-28,59400.00,PE,BANKNIFTY26JUL59400PE,2344.70,2408.90,2230.40,2230.40,2230.40,2278.60,57087.20,2303.00,5100,30,9,16679907.00,9,F1,30,,,,,
2026-07-27,2026-07-27,FO,NSE,IDO,62016,,BANKNIFTY,,2026-07-28,2026-07-28,61400.00,PE,BANKNIFTY26JUL61400PE,0.00,0.00,0.00,3902.10,3902.10,3902.10,57087.20,4302.65,240,0,0,0.00,0,F1,30,,,,,
2026-07-27,2026-07-27,FO,NSE,IDO,62018,,BANKNIFTY,,2026-07-28,2026-07-28,61500.00,PE,BANKNIFTY26JUL61500PE,4192.00,4491.00,4192.00,4347.55,4347.55,5227.50,57087.20,4402.60,15540,-2130,93,183753780.00,60,F1,30,,,,,
2026-07-27,2026-07-27,FO,NSE,IDO,62034,,BANKNIFTY,,2026-07-28,2026-07-28,62100.00,PE,BANKNIFTY26JUL62100PE,0.00,0.00,0.00,4169.70,4169.70,4169.70,57087.20,5002.50,30,0,0,0.00,0,F1,30,,,,,
2026-07-27,2026-07-27,FO,NSE,IDO,62098,,BANKNIFTY,,2026-07-28,2026-07-28,64100.00,PE,BANKNIFTY26JUL64100PE,0.00,0.00,0.00,8107.20,0.00,8107.20,57087.20,7002.20,0,0,0,0.00,0,F1,30,,,,,
2026-07-27,2026-07-27,FO,NSE,IDO,62154,,BANKNIFTY,,2026-07-28,2026-07-28,66000.00,PE,BANKNIFTY26JUL66000PE,0.00,0.00,0.00,7800.00,7800.00,7800.00,57087.20,8901.85,30,0,0,0.00,0,F1,30,,,,,
2026-07-27,2026-07-27,FO,NSE,IDO,58815,,BANKNIFTY,,2026-08-25,2026-08-25,49100.00,PE,BANKNIFTY26AUG49100PE,17.55,17.55,14.80,16.20,14.80,28.10,57087.20,16.20,30,30,2,2946970.50,2,F1,30,,,,,
2026-07-27,2026-07-27,FO,NSE,IDO,58907,,BANKNIFTY,,2026-08-25,2026-08-25,51500.00,PE,BANKNIFTY26AUG51500PE,32.70,38.80,29.40,32.35,32.00,50.25,57087.20,32.35,30840,2340,637,984814035.00,318,F1,30,,,,,
2026-07-27,2026-07-27,FO,NSE,IDO,58925,,BANKNIFTY,,2026-08-25,2026-08-25,52200.00,PE,BANKNIFTY26AUG52200PE,44.15,56.75,44.15,44.75,44.75,67.70,57087.20,44.75,3000,60,61,95616576.00,39,F1,30,,,,,
2026-07-27,2026-07-27,FO,NSE,IDO,58989,,BANKNIFTY,,2026-08-25,2026-08-25,54400.00,PE,BANKNIFTY26AUG54400PE,154.75,182.00,146.45,160.85,162.05,247.80,57087.20,160.85,3210,450,87,142415073.00,78,F1,30,,,,,
2026-07-27,2026-07-27,FO,NSE,IDO,58999,,BANKNIFTY,,2026-08-25,2026-08-25,54700.00,PE,BANKNIFTY26AUG54700PE,195.75,227.95,184.80,191.00,188.65,290.70,57087.20,191.00,3720,-90,78,128457472.50,71,F1,30,,,,,
2026-07-27,2026-07-27,FO,NSE,IDO,59029,,BANKNIFTY,,2026-08-25,2026-08-25,55800.00,PE,BANKNIFTY26AUG55800PE,385.10,433.35,343.55,370.35,375.30,524.00,57087.20,370.35,12450,1590,592,997899414.00,322,F1,30,,,,,
2026-07-27,2026-07-27,FO,NSE,IDO,59046,,BANKNIFTY,,2026-08-25,2026-08-25,56200.00,PE,BANKNIFTY26AUG56200PE,436.25,550.00,429.95,476.05,476.95,649.50,57087.20,476.05,17520,-390,760,1292294769.00,506,F1,30,,,,,
2026-07-27,2026-07-27,FO,NSE,IDO,59109,,BANKNIFTY,,2026-08-25,2026-08-25,58000.00,PE,BANKNIFTY26AUG58000PE,1300.00,1364.90,1129.70,1207.75,1214.45,1486.85,57087.20,1207.75,939330,357870,21224,37721347846.50,12155,F1,30,,,,,
2026-07-27,2026-07-27,FO,NSE,IDO,59180,,BANKNIFTY,,2026-08-25,2026-08-25,60200.00,PE,BANKNIFTY26AUG60200PE,2933.00,2933.00,2933.00,2933.00,2933.00,3223.70,57087.20,3225.70,360,-30,1,1893990.00,1,F1,30,,,,,
2026-07-27,2026-07-27,FO,NSE,IDO,59301,,BANKNIFTY,,2026-08-25,2026-08-25,63500.00,PE,BANKNIFTY26AUG63500PE,6000.00,6000.00,6000.00,6000.00,6000.00,6350.00,57087.20,6169.30,900,30,1,2085000.00,1,F1,30,,,,,
2026-07-27,2026-07-27,FO,NSE,IDO,52271,,BANKNIFTY,,2026-09-29,2026-09-29,46500.00,PE,BANKNIFTY26SEP46500PE,36.00,43.95,32.00,39.50,39.50,41.00,57087.20,39.50,13290,-180,95,132628075.50,22,F1,30,,,,,
2026-07-27,2026-07-27,FO,NSE,IDO,69665,,BANKNIFTY,,2026-09-29,2026-09-29,51900.00,PE,BANKNIFTY26SEP51900PE,0.00,0.00,0.00,378.05,0.00,378.05,57087.20,256.60,0,0,0,0.00,0,F1,30,,,,,
2026-07-27,2026-07-27,FO,NSE,IDO,69669,,BANKNIFTY,,2026-09-29,2026-09-29,52100.00,PE,BANKNIFTY26SEP52100PE,0.00,0.00,0.00,407.00,0.00,407.00,57087.20,281.25,0,0,0,0.00,0,F1,30,,,,,
2026-07-27,2026-07-27,FO,NSE,IDO,69687,,BANKNIFTY,,2026-09-29,2026-09-29,53100.00,PE,BANKNIFTY26SEP53100PE,0.00,0.00,0.00,577.80,0.00,577.80,57087.20,433.30,0,0,0,0.00,0,F1,30,,,,,
2026-07-27,2026-07-27,FO,NSE,IDO,69691,,BANKNIFTY,,2026-09-29,2026-09-29,53300.00,PE,BANKNIFTY26SEP53300PE,0.00,0.00,0.00,617.55,0.00,617.55,57087.20,470.05,0,0,0,0.00,0,F1,30,,,,,
2026-07-27,2026-07-27,FO,NSE,IDO,69699,,BANKNIFTY,,2026-09-29,2026-09-29,53700.00,PE,BANKNIFTY26SEP53700PE,0.00,0.00,0.00,703.05,0.00,703.05,57087.20,550.55,0,0,0,0.00,0,F1,30,,,,,
2026-07-27,2026-07-27,FO,NSE,IDO,69721,,BANKNIFTY,,2026-09-29,2026-09-29,54400.00,PE,BANKNIFTY26SEP54400PE,0.00,0.00,0.00,745.90,745.90,745.90,57087.20,717.40,30,0,0,0.00,0,F1,30,,,,,
2026-07-27,2026-07-27,FO,NSE,IDO,69774,,BANKNIFTY,,2026-09-29,2026-09-29,55200.00,PE,BANKNIFTY26SEP55200PE,0.00,0.00,0.00,1100.15,1100.15,1100.15,57087.20,943.55,30,0,0,0.00,0,F1,30,,,,,
2026-07-27,2026-07-27,FO,NSE,IDO,69802,,BANKNIFTY,,2026-09-29,2026-09-29,56500.00,PE,BANKNIFTY26SEP56500PE,800.00,877.00,745.00,778.40,783.00,983.75,57087.20,778.40,31080,6360,352,604959156.00,148,F1,30,,,,,
2026-07-27,2026-07-27,FO,NSE,IDO,69819,,BANKNIFTY,,2026-09-29,2026-09-29,57300.00,PE,BANKNIFTY26SEP57300PE,1159.40,1159.40,1060.75,1088.65,1088.65,1126.40,57087.20,1772.00,1140,270,16,28021392.00,10,F1,30,,,,,
2026-07-27,2026-07-27,FO,NSE,IDO,69869,,BANKNIFTY,,2026-09-29,2026-09-29,58700.00,PE,BANKNIFTY26SEP58700PE,0.00,0.00,0.00,1780.00,1780.00,1780.00,57087.20,2514.45,510,0,0,0.00,0,F1,30,,,,,
2026-07-27,2026-07-27,FO,NSE,IDF,68390,,BANKNIFTY,,2026-09-29,2026-09-29,,,BANKNIFTY26SEPFUT,57453.80,57950.00,57453.80,57793.60,57810.00,57453.60,57087.20,57793.60,147870,15780,1298,2250118914.00,1095,F1,30,,,,,
2026-07-27,2026-07-27,FO,NSE,IDO,69871,,BANKNIFTY,,2026-09-29,2026-09-29,58800.00,PE,BANKNIFTY26SEP58800PE,0.00,0.00,0.00,2616.85,0.00,2616.85,57087.20,2573.20,0,0,0,0.00,0,F1,30,,,,,
2026-07-27,2026-07-27,FO,NSE,IDO,52361,,BANKNIFTY,,2026-09-29,2026-09-29,60000.00,PE,BANKNIFTY26SEP60000PE,2560.00,2730.20,2480.00,2611.25,2595.75,2882.50,57087.20,2611.25,55890,300,112,210321093.00,100,F1,30,,,,,
2026-07-27,2026-07-27,FO,NSE,IDO,70012,,BANKNIFTY,,2026-09-29,2026-09-29,60100.00,PE,BANKNIFTY26SEP60100PE,0.00,0.00,0.00,3365.55,0.00,3365.55,57087.20,3402.65,0,0,0,0.00,0,F1,30,,,,,
2026-07-27,2026-07-27,FO,NSE,IDO,70028,,BANKNIFTY,,2026-09-29,2026-09-29,60900.00,PE,BANKNIFTY26SEP60900PE,0.00,0.00,0.00,3876.05,0.00,3876.05,57087.20,3969.50,0,0,0,0.00,0,F1,30,,,,,
2026-07-27,2026-07-27,FO,NSE,IDO,70077,,BANKNIFTY,,2026-09-29,2026-09-29,62000.00,PE,BANKNIFTY26SEP62000PE,0.00,0.00,0.00,4500.00,4500.00,4500.00,57087.20,4811.60,30,0,0,0.00,0,F1,30,,,,,
2026-07-27,2026-07-27,FO,NSE,IDO,70110,,BANKNIFTY,,2026-09-29,2026-09-29,63700.00,PE,BANKNIFTY26SEP63700PE,0.00,0.00,0.00,5925.20,0.00,5925.20,57087.20,6227.25,0,0,0,0.00,0,F1,30,,,,,
2026-07-27,2026-07-27,FO,NSE,IDO,70771,,BANKNIFTY,,2027-06-29,2027-06-29,52500.00,PE,BANKNIFTY27JUN52500PE,0.00,0.00,0.00,1541.40,0.00,1541.40,57087.20,1474.50,0,0,0,0.00,0,F1,30,,,,,
2026-07-27,2026-07-27,FO,NSE,IDO,70799,,BANKNIFTY,,2027-06-29,2027-06-29,61500.00,PE,BANKNIFTY27JUN61500PE,0.00,0.00,0.00,4995.95,0.00,4995.95,57087.20,4999.50,0,0,0,0.00,0,F1,30,,,,,
2026-07-27,2026-07-27,FO,NSE,IDO,61669,,BANKNIFTY,,2026-07-28,2026-07-28,49500.00,CE,BANKNIFTY26JUL49500CE,0.00,0.00,0.00,7320.00,7320.00,7320.00,57087.20,7595.45,330,0,0,0.00,0,F1,30,,,,,
2026-07-27,2026-07-27,FO,NSE,IDO,61743,,BANKNIFTY,,2026-07-28,2026-07-28,52500.00,CE,BANKNIFTY26JUL52500CE,4881.10,4881.10,4590.00,4691.90,4691.90,4050.00,57087.20,4595.95,1500,-270,11,18859317.00,11,F1,30,,,,,
2026-07-27,2026-07-27,FO,NSE,IDO,61754,,BANKNIFTY,,2026-07-28,2026-07-28,52900.00,CE,BANKNIFTY26JUL52900CE,0.00,0.00,0.00,4504.15,4504.15,4504.15,57087.20,4196.00,150,0,0,0.00,0,F1,30,,,,,
2026-07-27,2026-07-27,FO,NSE,IDO,61801,,BANKNIFTY,,2026-07-28,2026-07-28,54500.00,CE,BANKNIFTY26JUL54500CE,2810.00,2810.00,2541.00,2662.80,2680.00,2331.05,57087.20,2662.80,11550,-10200,351,601728216.00,99,F1,30,,,,,
2026-07-27,2026-07-27,FO,NSE,IDO,61826,,BANKNIFTY,,2026-07-28,2026-07-28,55600.00,CE,BANKNIFTY26JUL55600CE,1750.00,1750.00,1364.35,1576.35,1587.40,1275.40,57087.20,1576.35,3720,-30,119,204303825.00,79,F1,30,,,,,
2026-07-27,2026-07-27,FO,NSE,IDO,61831,,BANKNIFTY,,2026-07-28,2026-07-28,55800.00,CE,BANKNIFTY26JUL55800CE,1500.00,1584.45,1187.45,1384.55,1380.00,1095.70,57087.20,1384.55,19110,-1260,263,451500168.00,217,F1,30,,,,,
2026-07-27,2026-07-27,FO,NSE,IDO,61911,,BANKNIFTY,,2026-07-28,2026-07-28,58800.00,CE,BANKNIFTY26JUL58800CE,13.65,14.35,4.05,4.75,5.10,12.15,57087.20,4.75,194850,9180,43191,76197777714.00,23538,F1,30,,,,,
2026-07-27,2026-07-27,FO,NSE,IDO,61951,,BANKNIFTY,,2026-07-28,2026-07-28,59900.00,CE,BANKNIFTY26JUL59900CE,3.75,4.75,1.25,2.00,2.50,3.70,57087.20,2.00,74190,1410,21039,37808831739.00,7780,F1,30,,,,,
2026-07-27,2026-07-27,FO,NSE,IDO,61661,,BANKNIFTY,,2026-07-28,2026-07-28,49100.00,CE,BANKNIFTY26JUL49100CE,0.00,0.00,0.00,7271.60,0.00,7271.60,57087.20,7995.35,0,0,0,0.00,0,F1,30,,,,,
2026-07-27,2026-07-27,FO,NSE,IDO,61706,,BANKNIFTY,,2026-07-28,2026-07-28,51000.00,CE,BANKNIFTY26JUL51000CE,6351.25,6351.60,5985.00,6172.00,6172.00,5850.00,57087.20,6172.00,2490,-1890,88,150841375.50,73,F1,30,,,,,
2026-07-27,2026-07-27,FO,NSE,IDO,61811,,BANKNIFTY,,2026-07-28,2026-07-28,55000.00,CE,BANKNIFTY26JUL55000CE,2200.00,2373.75,1962.45,2182.65,2167.30,1849.40,57087.20,2182.65,69990,-18420,2885,4946038009.50,1638,F1,30,,,,,
2026-07-27,2026-07-27,FO,NSE,IDO,61993,,BANKNIFTY,,2026-07-28,2026-07-28,60900.00,CE,BANKNIFTY26JUL60900CE,2.90,3.25,1.25,1.75,1.50,2.55,57087.20,1.75,21750,3360,2058,3760092270.00,981,F1,30,,,,,
2026-07-27,2026-07-27,FO,NSE,IDO,58886,,BANKNIFTY,,2026-08-25,2026-08-25,51400.00,CE,BANKNIFTY26AUG51400CE,0.00,0.00,0.00,5137.40,0.00,5137.40,57087.20,5973.35,0,0,0,0.00,0,F1,30,,,,,
2026-07-27,2026-07-27,FO,NSE,IDO,59288,,BANKNIFTY,,2026-08-25,2026-08-25,63100.00,CE,BANKNIFTY26AUG63100CE,0.00,0.00,0.00,398.40,0.00,398.40,57087.20,79.40,0,0,0,0.00,0,F1,30,,,,,
2026-07-27,2026-07-27,FO,NSE,IDO,69808,,BANKNIFTY,,2026-09-29,2026-09-29,56800.00,CE,BANKNIFTY26SEP56800CE,0.00,0.00,0.00,3286.85,0.00,3286.85,57087.20,2485.45,0,0,0,0.00,0,F1,30,,,,,
2026-07-27,2026-07-27,FO,NSE,IDO,70031,,BANKNIFTY,,2026-09-29,2026-09-29,61100.00,CE,BANKNIFTY26SEP61100CE,0.00,0.00,0.00,1389.40,0.00,1389.40,57087.20,811.35,0,0,0,0.00,0,F1,30,,,,,
2026-07-27,2026-07-27,FO,NSE,IDO,70047,,BANKNIFTY,,2026-09-29,2026-09-29,61900.00,CE,BANKNIFTY26SEP61900CE,0.00,0.00,0.00,1156.00,0.00,1156.00,57087.20,632.95,0,0,0,0.00,0,F1,30,,,,,
2026-07-27,2026-07-27,FO,NSE,IDO,70796,,BANKNIFTY,,2027-06-29,2027-06-29,60000.00,CE,BANKNIFTY27JUN60000CE,0.00,0.00,0.00,5392.05,0.00,5392.05,57087.20,4873.70,0,0,0,0.00,0,F1,30,,,,,
2026-07-27,2026-07-27,FO,NSE,IDO,70798,,BANKNIFTY,,2027-06-29,2027-06-29,61500.00,CE,BANKNIFTY27JUN61500CE,0.00,0.00,0.00,4726.20,0.00,4726.20,57087.20,4227.75,0,0,0,0.00,0,F1,30,,,,,
2026-07-27,2026-07-27,FO,NSE,IDO,61628,,BANKNIFTY,,2026-07-28,2026-07-28,47600.00,PE,BANKNIFTY26JUL47600PE,2.15,2.15,0.55,0.75,0.55,2.15,57087.20,0.75,1440,540,107,152798680.50,23,F1,30,,,,,
2026-07-27,2026-07-27,FO,NSE,IDO,61644,,BANKNIFTY,,2026-07-28,2026-07-28,48400.00,PE,BANKNIFTY26JUL48400PE,1.70,2.15,0.35,0.80,0.75,1.25,57087.20,0.80,4170,2730,328,476269471.50,143,F1,30,,,,,
2026-07-27,2026-07-27,FO,NSE,IDO,61990,,BANKNIFTY,,2026-07-28,2026-07-28,60700.00,PE,BANKNIFTY26JUL60700PE,0.00,0.00,0.00,2361.30,2361.30,2361.30,57087.20,3602.75,60,0,0,0.00,0,F1,30,,,,,
2026-07-27,2026-07-27,FO,NSE,IDO,58971,,BANKNIFTY,,2026-08-25,2026-08-25,53700.00,PE,BANKNIFTY26AUG53700PE,125.00,125.00,99.80,103.30,106.30,163.80,57087.20,103.30,2280,630,93,150126235.50,58,F1,30,,,,,
2026-07-27,2026-07-27,FO,NSE,IDO,59024,,BANKNIFTY,,2026-08-25,2026-08-25,55700.00,PE,BANKNIFTY26AUG55700PE,343.55,399.60,324.95,352.20,345.60,491.20,57087.20,352.20,6630,120,166,279175024.50,107,F1,30,,,,,
2026-07-27,2026-07-27,FO,NSE,IDO,59135,,BANKNIFTY,,2026-08-25,2026-08-25,58600.00,PE,BANKNIFTY26AUG58600PE,1500.00,1735.60,1478.90,1600.00,1600.00,1918.50,57087.20,2061.30,1980,30,12,21667225.50,11,F1,30,,,,,
2026-07-27,2026-07-27,FO,NSE,IDO,59195,,BANKNIFTY,,2026-08-25,2026-08-25,60400.00,PE,BANKNIFTY26AUG60400PE,0.00,0.00,0.00,5249.35,0.00,5249.35,57087.20,3386.80,0,0,0,0.00,0,F1,30,,,,,
2026-07-27,2026-07-27,FO,NSE,IDO,59287,,BANKNIFTY,,2026-08-25,2026-08-25,63000.00,PE,BANKNIFTY26AUG63000PE,5399.65,5770.00,5399.65,5569.85,5588.15,5853.15,57087.20,5569.85,56220,32760,1283,2641027989.00,1160,F1,30,,,,,
2026-07-27,2026-07-27,FO,NSE,IDO,69780,,BANKNIFTY,,2026-09-29,2026-09-29,55600.00,PE,BANKNIFTY26SEP55600PE,0.00,0.00,0.00,1228.45,0.00,1228.45,57087.20,1075.40,0,0,0,0.00,0,F1,30,,,,,
2026-07-27,2026-07-27,FO,NSE,IDO,69833,,BANKNIFTY,,2026-09-29,2026-09-29,57900.00,PE,BANKNIFTY26SEP57900PE,0.00,0.00,0.00,2160.45,0.00,2160.45,57087.20,2071.55,0,0,0,0.00,0,F1,30,,,,,
2026-07-27,2026-07-27,FO,NSE,IDO,70026,,BANKNIFTY,,2026-09-29,2026-09-29,60800.00,PE,BANKNIFTY26SEP60800PE,0.00,0.00,0.00,3810.25,0.00,3810.25,57087.20,3896.50,0,0,0,0.00,0,F1,30,,,,,
2026-07-27,2026-07-27,FO,NSE,IDO,52389,,BANKNIFTY,,2026-09-29,2026-09-29,61500.00,PE,BANKNIFTY26SEP61500PE,0.00,0.00,0.00,3362.90,3362.90,3362.90,57087.20,4421.00,330,0,0,0.00,0,F1,30,,,,,
2026-07-27,2026-07-27,FO,NSE,IDO,70118,,BANKNIFTY,,2026-09-29,2026-09-29,64100.00,PE,BANKNIFTY26SEP64100PE,0.00,0.00,0.00,6246.30,0.00,6246.30,57087.20,6576.95,0,0,0,0.00,0,F1,30,,,,,
2026-07-27,2026-07-27,FO,NSE,IDO,53219,,BANKNIFTY,,2026-12-29,2026-12-29,49500.00,PE,BANKNIFTY26DEC49500PE,0.00,0.00,0.00,232.05,232.05,232.05,57087.20,361.45,30,0,0,0.00,0,F1,30,,,,,
2026-07-27,2026-07-27,FO,NSE,IDO,53236,,BANKNIFTY,,2026-12-29,2026-12-29,58500.00,PE,BANKNIFTY26DEC58500PE,0.00,0.00,0.00,2180.00,2180.00,2180.00,57087.20,2996.10,240,0,0,0.00,0,F1,30,,,,,
2026-07-27,2026-07-27,FO,NSE,IDO,61667,,BANKNIFTY,,2026-07-28,2026-07-28,49400.00,CE,BANKNIFTY26JUL49400CE,0.00,0.00,0.00,7010.60,0.00,7010.60,57087.20,7695.40,0,0,0,0.00,0,F1,30,,,,,
2026-07-27,2026-07-27,FO,NSE,IDO,61625,,BANKNIFTY,,2026-07-28,2026-07-28,47500.00,CE,BANKNIFTY26JUL47500CE,0.00,0.00,0.00,8713.35,0.00,8713.35,57087.20,9595.10,0,0,0,0.00,0,F1,30,,,,,
2026-07-27,2026-07-27,FO,NSE,IDO,70801,,BANKNIFTY,,2027-06-29,2027-06-29,63000.00,PE,BANKNIFTY27JUN63000PE,0.00,0.00,0.00,5804.40,0.00,5804.40,57087.20,5832.00,0,0,0,0.00,0,F1,30,,,,,
2026-07-27,2026-07-27,FO,NSE,IDO,76426,,BANKNIFTY,,2027-03-30,2027-03-30,63000.00,PE,BANKNIFTY27MAR63000PE,0.00,0.00,0.00,9669.30,0.00,9669.30,57087.20,5796.90,0,0,0,0.00,0,F1,30,,,,,
2026-07-27,2026-07-27,FO,NSE,IDO,76395,,BANKNIFTY,,2027-03-30,2027-03-30,54000.00,PE,BANKNIFTY27MAR54000PE,0.00,0.00,0.00,3928.75,0.00,3928.75,57087.20,1617.40,0,0,0,0.00,0,F1,30,,,,,
2026-07-27,2026-07-27,FO,NSE,IDO,70112,,BANKNIFTY,,2026-09-29,2026-09-29,63800.00,PE,BANKNIFTY26SEP63800PE,0.00,0.00,0.00,6004.90,0.00,6004.90,57087.20,6314.15,0,0,0,0.00,0,F1,30,,,,,
2026-07-27,2026-07-27,FO,NSE,IDO,70106,,BANKNIFTY,,2026-09-29,2026-09-29,63500.00,PE,BANKNIFTY26SEP63500PE,0.00,0.00,0.00,5767.00,0.00,5767.00,57087.20,6054.55,0,0,0,0.00,0,F1,30,,,,,
2026-07-27,2026-07-27,FO,NSE,IDO,70104,,BANKNIFTY,,2026-09-29,2026-09-29,63400.00,PE,BANKNIFTY26SEP63400PE,0.00,0.00,0.00,5688.50,0.00,5688.50,57087.20,5968.75,0,0,0,0.00,0,F1,30,,,,,
2026-07-27,2026-07-27,FO,NSE,IDO,70044,,BANKNIFTY,,2026-09-29,2026-09-29,61700.00,PE,BANKNIFTY26SEP61700PE,0.00,0.00,0.00,4421.90,0.00,4421.90,57087.20,4575.65,0,0,0,0.00,0,F1,30,,,,,
2026-07-27,2026-07-27,FO,NSE,IDO,69900,,BANKNIFTY,,2026-09-29,2026-09-29,59200.00,PE,BANKNIFTY26SEP59200PE,0.00,0.00,0.00,2836.20,0.00,2836.20,57087.20,2815.65,0,0,0,0.00,0,F1,30,,,,,
2026-07-27,2026-07-27,FO,NSE,IDO,69825,,BANKNIFTY,,2026-09-29,2026-09-29,57600.00,PE,BANKNIFTY26SEP57600PE,0.00,0.00,0.00,2019.70,0.00,2019.70,57087.20,1918.15,0,0,0,0.00,0,F1,30,,,,,
2026-07-27,2026-07-27,FO,NSE,IDO,69816,,BANKNIFTY,,2026-09-29,2026-09-29,57200.00,PE,BANKNIFTY26SEP57200PE,0.00,0.00,0.00,1841.10,0.00,1841.10,57087.20,1724.80,0,0,0,0.00,0,F1,30,,,,,
2026-07-27,2026-07-27,FO,NSE,IDO,69786,,BANKNIFTY,,2026-09-29,2026-09-29,55900.00,PE,BANKNIFTY26SEP55900PE,0.00,0.00,0.00,981.55,981.55,981.55,57087.20,1182.10,570,0,0,0.00,0,F1,30,,,,,
2026-07-27,2026-07-27,FO,NSE,IDO,69784,,BANKNIFTY,,2026-09-29,2026-09-29,55800.00,PE,BANKNIFTY26SEP55800PE,0.00,0.00,0.00,1296.25,0.00,1296.25,57087.20,1145.75,0,0,0,0.00,0,F1,30,,,,,
2026-07-27,2026-07-27,FO,NSE,IDO,69764,,BANKNIFTY,,2026-09-29,2026-09-29,54800.00,PE,BANKNIFTY26SEP54800PE,0.00,0.00,0.00,981.45,0.00,981.45,57087.20,823.40,0,0,0,0.00,0,F1,30,,,,,
2026-07-27,2026-07-27,FO,NSE,IDO,69671,,BANKNIFTY,,2026-09-29,2026-09-29,52200.00,PE,BANKNIFTY26SEP52200PE,0.00,0.00,0.00,422.10,0.00,422.10,57087.20,294.25,0,0,0,0.00,0,F1,30,,,,,
2026-07-27,2026-07-27,FO,NSE,IDO,52283,,BANKNIFTY,,2026-09-29,2026-09-29,51000.00,PE,BANKNIFTY26SEP51000PE,88.90,93.90,81.00,85.00,85.50,112.75,57087.20,85.00,15750,-510,166,254415378.00,82,F1,30,,,,,
2026-07-27,2026-07-27,FO,NSE,IDO,52265,,BANKNIFTY,,2026-09-29,2026-09-29,43500.00,PE,BANKNIFTY26SEP43500PE,0.00,0.00,0.00,23.00,23.00,23.00,57087.20,0.75,960,0,0,0.00,0,F1,30,,,,,
2026-07-27,2026-07-27,FO,NSE,IDO,59289,,BANKNIFTY,,2026-08-25,2026-08-25,63100.00,PE,BANKNIFTY26AUG63100PE,0.00,0.00,0.00,7473.30,0.00,7473.30,57087.20,5789.10,0,0,0,0.00,0,F1,30,,,,,
2026-07-27,2026-07-27,FO,NSE,IDO,59285,,BANKNIFTY,,2026-08-25,2026-08-25,62900.00,PE,BANKNIFTY26AUG62900PE,0.00,0.00,0.00,7299.95,0.00,7299.95,57087.20,5600.65,0,0,0,0.00,0,F1,30,,,,,
2026-07-27,2026-07-27,FO,NSE,IDO,59213,,BANKNIFTY,,2026-08-25,2026-08-25,60700.00,PE,BANKNIFTY26AUG60700PE,0.00,0.00,0.00,2552.30,2552.30,2552.30,57087.20,3634.00,30,0,0,0.00,0,F1,30,,,,,
2026-07-27,2026-07-27,FO,NSE,IDO,59152,,BANKNIFTY,,2026-08-25,2026-08-25,59300.00,PE,BANKNIFTY26AUG59300PE,2180.00,2180.00,2180.00,2180.00,2180.00,2403.60,57087.20,2540.85,1950,60,9,16599600.00,5,F1,30,,,,,
2026-07-27,2026-07-27,FO,NSE,IDO,59087,,BANKNIFTY,,2026-08-25,2026-08-25,57300.00,PE,BANKNIFTY26AUG57300PE,848.15,993.10,805.50,862.30,862.40,1103.80,57087.20,862.30,32310,20370,3271,5709231898.50,2083,F1,30,,,,,
2026-07-27,2026-07-27,FO,NSE,IDO,58977,,BANKNIFTY,,2026-08-25,2026-08-25,53900.00,PE,BANKNIFTY26AUG53900PE,130.60,142.10,112.95,116.40,118.40,193.70,57087.20,116.40,3060,1170,142,230144079.00,76,F1,30,,,,,
2026-07-27,2026-07-27,FO,NSE,IDO,58963,,BANKNIFTY,,2026-08-25,2026-08-25,53600.00,PE,BANKNIFTY26AUG53600PE,107.00,111.05,94.80,97.25,97.25,156.55,57087.20,97.25,3300,1410,156,251324347.50,81,F1,30,,,,,
2026-07-27,2026-07-27,FO,NSE,IDO,58885,,BANKNIFTY,,2026-08-25,2026-08-25,51300.00,PE,BANKNIFTY26AUG51300PE,32.05,34.15,32.05,33.50,33.50,50.00,57087.20,36.00,300,-270,10,15399915.00,4,F1,30,,,,,
2026-07-27,2026-07-27,FO,NSE,IDO,58845,,BANKNIFTY,,2026-08-25,2026-08-25,49700.00,PE,BANKNIFTY26AUG49700PE,20.10,20.10,20.10,20.10,20.10,27.85,57087.20,7.85,120,0,3,4474809.00,1,F1,30,,,,,
2026-07-27,2026-07-27,FO,NSE,IDO,58779,,BANKNIFTY,,2026-08-25,2026-08-25,48500.00,PE,BANKNIFTY26AUG48500PE,15.00,16.50,13.95,15.50,15.50,20.65,57087.20,2.05,660,-60,12,17465286.00,8,F1,30,,,,,
2026-07-27,2026-07-27,FO,NSE,IDO,62090,,BANKNIFTY,,2026-07-28,2026-07-28,63700.00,PE,BANKNIFTY26JUL63700PE,0.00,0.00,0.00,7753.90,0.00,7753.90,57087.20,6602.25,0,0,0,0.00,0,F1,30,,,,,
2026-07-27,2026-07-27,FO,NSE,IDO,62067,,BANKNIFTY,,2026-07-28,2026-07-28,62800.00,PE,BANKNIFTY26JUL62800PE,0.00,0.00,0.00,6975.50,0.00,6975.50,57087.20,5702.40,0,0,0,0.00,0,F1,30,,,,,
2026-07-27,2026-07-27,FO,NSE,IDO,62030,,BANKNIFTY,,2026-07-28,2026-07-28,61900.00,PE,BANKNIFTY26JUL61900PE,0.00,0.00,0.00,6223.15,0.00,6223.15,57087.20,4802.55,0,0,0,0.00,0,F1,30,,,,,
2026-07-27,2026-07-27,FO,NSE,IDO,61970,,BANKNIFTY,,2026-07-28,2026-07-28,60400.00,PE,BANKNIFTY26JUL60400PE,0.00,0.00,0.00,2350.00,2350.00,2350.00,57087.20,3302.80,150,0,0,0.00,0,F1,30,,,,,
2026-07-27,2026-07-27,FO,NSE,IDO,61920,,BANKNIFTY,,2026-07-28,2026-07-28,59100.00,PE,BANKNIFTY26JUL59100PE,1800.05,2059.70,1755.40,1997.45,1997.45,2337.00,57087.20,2003.15,12390,0,50,91626064.50,46,F1,30,,,,,
2026-07-27,2026-07-27,FO,NSE,IDO,61912,,BANKNIFTY,,2026-07-28,2026-07-28,58800.00,PE,BANKNIFTY26JUL58800PE,1490.00,1833.20,1490.00,1641.15,1624.50,1996.05,57087.20,1641.15,20820,-930,117,212011014.00,81,F1,30,,,,,
2026-07-27,2026-07-27,FO,NSE,IDO,61874,,BANKNIFTY,,2026-07-28,2026-07-28,57300.00,PE,BANKNIFTY26JUL57300PE,306.10,432.45,202.25,257.10,255.85,616.25,57087.20,257.10,263160,184890,310307,536169812757.00,209037,F1,30,,,,,
2026-07-27,2026-07-27,FO,NSE,IDO,61870,,BANKNIFTY,,2026-07-28,2026-07-28,57100.00,PE,BANKNIFTY26JUL57100PE,251.00,294.60,130.50,153.30,150.55,482.40,57087.20,153.30,401610,341730,734845,1263172945311.00,465029,F1,30,,,,,
2026-07-27,2026-07-27,FO,NSE,IDO,61777,,BANKNIFTY,,2026-07-28,2026-07-28,53700.00,PE,BANKNIFTY26JUL53700PE,3.95,3.95,1.00,2.20,1.00,4.85,57087.20,2.20,21930,-57390,5883,9477917682.00,2065,F1,30,,,,,
2026-07-27,2026-07-27,FO,NSE,IDO,61738,,BANKNIFTY,,2026-07-28,2026-07-28,52200.00,PE,BANKNIFTY26JUL52200PE,2.95,4.05,0.70,1.45,0.70,3.00,57087.20,1.45,7380,720,3898,6104482050.00,960,F1,30,,,,,
2026-07-27,2026-07-27,FO,NSE,IDO,61690,,BANKNIFTY,,2026-07-28,2026-07-28,50200.00,PE,BANKNIFTY26JUL50200PE,1.10,1.55,0.95,0.95,0.95,1.75,57087.20,0.00,3090,-150,33,49699200.00,10,F1,30,,,,,
2026-07-27,2026-07-27,FO,NSE,IDO,61654,,BANKNIFTY,,2026-07-28,2026-07-28,48800.00,PE,BANKNIFTY26JUL48800PE,1.75,1.75,1.75,1.75,1.75,2.45,57087.20,1.75,930,90,13,19032682.50,1,F1,30,,,,,
2026-07-27,2026-07-27,FO,NSE,IDO,76429,,BANKNIFTY,,2027-03-30,2027-03-30,64500.00,CE,BANKNIFTY27MAR64500CE,0.00,0.00,0.00,1094.95,0.00,1094.95,57087.20,2170.50,0,0,0,0.00,0,F1,30,,,,,
2026-07-27,2026-07-27,FO,NSE,IDO,76398,,BANKNIFTY,,2027-03-30,2027-03-30,57000.00,CE,BANKNIFTY27MAR57000CE,0.00,0.00,0.00,2831.15,0.00,2831.15,57087.20,5242.15,0,0,0,0.00,0,F1,30,,,,,
2026-07-27,2026-07-27,FO,NSE,IDO,53250,,BANKNIFTY,,2026-12-29,2026-12-29,66000.00,CE,BANKNIFTY26DEC66000CE,0.00,0.00,0.00,2499.10,0.00,2499.10,57087.20,895.55,0,0,0,0.00,0,F1,30,,,,,
2026-07-27,2026-07-27,FO,NSE,IDO,53235,,BANKNIFTY,,2026-12-29,2026-12-29,58500.00,CE,BANKNIFTY26DEC58500CE,2200.00,2235.00,2150.00,2230.00,2230.00,2150.00,57087.20,3202.55,1320,300,11,20033944.50,11,F1,30,,,,,
2026-07-27,2026-07-27,FO,NSE,IDO,53220,,BANKNIFTY,,2026-12-29,2026-12-29,51000.00,CE,BANKNIFTY26DEC51000CE,0.00,0.00,0.00,11516.25,0.00,11516.25,57087.20,8067.75,0,0,0,0.00,0,F1,30,,,,,
2026-07-27,2026-07-27,FO,NSE,IDO,52420,,BANKNIFTY,,2026-09-29,2026-09-29,66000.00,CE,BANKNIFTY26SEP66000CE,0.00,0.00,0.00,1369.25,0.00,1369.25,57087.20,149.25,0,0,0,0.00,0,F1,30,,,,,
2026-07-27,2026-07-27,FO,NSE,IDO,70154,,BANKNIFTY,,2026-09-29,2026-09-29,65000.00,CE,BANKNIFTY26SEP65000CE,0.00,0.00,0.00,530.10,0.00,530.10,57087.20,218.30,0,0,0,0.00,0,F1,30,,,,,
2026-07-27,2026-07-27,FO,NSE,IDO,70051,,BANKNIFTY,,2026-09-29,2026-09-29,62000.00,CE,BANKNIFTY26SEP62000CE,170.00,170.00,138.15,145.10,145.00,140.20,57087.20,145.10,21360,-2880,396,738319951.50,211,F1,30,,,,,
2026-07-27,2026-07-27,FO,NSE,IDO,70033,,BANKNIFTY,,2026-09-29,2026-09-29,61200.00,CE,BANKNIFTY26SEP61200CE,0.00,0.00,0.00,1358.35,0.00,1358.35,57087.20,787.45,0,0,0,0.00,0,F1,30,,,,,
2026-07-27,2026-07-27,FO,NSE,IDO,70029,,BANKNIFTY,,2026-09-29,2026-09-29,61000.00,CE,BANKNIFTY26SEP61000CE,270.20,294.25,239.00,256.00,254.00,238.70,57087.20,256.00,23010,90,576,1058520475.50,330,F1,30,,,,,
2026-07-27,2026-07-27,FO,NSE,IDO,70025,,BANKNIFTY,,2026-09-29,2026-09-29,60800.00,CE,BANKNIFTY26SEP60800CE,0.00,0.00,0.00,1485.75,0.00,1485.75,57087.20,884.30,0,0,0,0.00,0,F1,30,,,,,
2026-07-27,2026-07-27,FO,NSE,IDO,69917,,BANKNIFTY,,2026-09-29,2026-09-29,59400.00,CE,BANKNIFTY26SEP59400CE,0.00,0.00,0.00,2003.60,0.00,2003.60,57087.20,1312.90,0,0,0,0.00,0,F1,30,,,,,
2026-07-27,2026-07-27,FO,NSE,IDO,69870,,BANKNIFTY,,2026-09-29,2026-09-29,58800.00,CE,BANKNIFTY26SEP58800CE,0.00,0.00,0.00,2261.70,0.00,2261.70,57087.20,1537.95,0,0,0,0.00,0,F1,30,,,,,
2026-07-27,2026-07-27,FO,NSE,IDO,69838,,BANKNIFTY,,2026-09-29,2026-09-29,58000.00,CE,BANKNIFTY26SEP58000CE,1280.10,1304.50,1121.45,1188.55,1192.00,1098.65,57087.20,1188.55,137760,5730,877,1558010515.50,700,F1,30,,,,,
2026-07-27,2026-07-27,FO,NSE,IDO,69913,,BANKNIFTY,,2026-09-29,2026-09-29,59300.00,CE,BANKNIFTY26SEP59300CE,0.00,0.00,0.00,2045.10,0.00,2045.10,57087.20,1348.60,0,0,0,0.00,0,F1,30,,,,,
2026-07-27,2026-07-27,FO,NSE,IDO,70105,,BANKNIFTY,,2026-09-29,2026-09-29,63500.00,CE,BANKNIFTY26SEP63500CE,0.00,0.00,0.00,783.90,0.00,783.90,57087.20,373.50,0,0,0,0.00,0,F1,30,,,,,
2026-07-27,2026-07-27,FO,NSE,IDO,61839,,BANKNIFTY,,2026-07-28,2026-07-28,56200.00,CE,BANKNIFTY26JUL56200CE,976.10,1198.65,781.00,985.95,979.20,756.40,57087.20,985.95,59730,-25890,3160,5421567099.00,1965,F1,30,,,,,
2026-07-27,2026-07-27,FO,NSE,IDO,61883,,BANKNIFTY,,2026-07-28,2026-07-28,57700.00,CE,BANKNIFTY26JUL57700CE,96.00,115.75,26.40,39.55,38.15,70.35,57087.20,39.55,575460,260670,287609,498279021148.50,160769,F1,30,,,,,
2026-07-27,2026-07-27,FO,NSE,IDO,61915,,BANKNIFTY,,2026-07-28,2026-07-28,58900.00,CE,BANKNIFTY26JUL58900CE,10.55,13.55,3.95,4.45,4.95,10.55,57087.20,4.45,163560,11760,45874,81068438889.00,20052,F1,30,,,,,
2026-07-27,2026-07-27,FO,NSE,IDO,61919,,BANKNIFTY,,2026-07-28,2026-07-28,59100.00,CE,BANKNIFTY26JUL59100CE,9.85,10.20,2.75,3.25,3.50,8.50,57087.20,3.25,99120,-14250,25137,44571383850.00,11323,F1,30,,,,,
2026-07-27,2026-07-27,FO,NSE,IDO,69546,,BANKNIFTY,,2026-09-29,2026-09-29,49000.00,CE,BANKNIFTY26SEP49000CE,0.00,0.00,0.00,9405.90,0.00,9405.90,57087.20,8706.40,0,0,0,0.00,0,F1,30,,,,,
2026-07-27,2026-07-27,FO,NSE,IDO,61969,,BANKNIFTY,,2026-07-28,2026-07-28,60400.00,CE,BANKNIFTY26JUL60400CE,2.55,2.85,1.40,1.80,1.50,3.20,57087.20,1.80,41430,4200,4026,7295391769.50,1608,F1,30,,,,,
2026-07-27,2026-07-27,FO,NSE,IDO,62021,,BANKNIFTY,,2026-07-28,2026-07-28,61700.00,CE,BANKNIFTY26JUL61700CE,2.40,2.40,0.80,1.10,1.50,2.05,57087.20,1.10,7950,-30,109,201763773.00,64,F1,30,,,,,
2026-07-27,2026-07-27,FO,NSE,IDO,62050,,BANKNIFTY,,2026-07-28,2026-07-28,62500.00,CE,BANKNIFTY26JUL62500CE,3.00,3.00,0.80,0.90,0.90,1.40,57087.20,0.90,149910,2640,4517,8469538468.50,1280,F1,30,,,,,
2026-07-27,2026-07-27,FO,NSE,IDO,58818,,BANKNIFTY,,2026-08-25,2026-08-25,49300.00,CE,BANKNIFTY26AUG49300CE,0.00,0.00,0.00,6840.65,0.00,6840.65,57087.20,8029.10,0,0,0,0.00,0,F1,30,,,,,
2026-07-27,2026-07-27,FO,NSE,IDO,69708,,BANKNIFTY,,2026-09-29,2026-09-29,54300.00,CE,BANKNIFTY26SEP54300CE,0.00,0.00,0.00,4924.95,0.00,4924.95,57087.20,4104.95,0,0,0,0.00,0,F1,30,,,,,
2026-07-27,2026-07-27,FO,NSE,IDO,69706,,BANKNIFTY,,2026-09-29,2026-09-29,54200.00,CE,BANKNIFTY26SEP54200CE,0.00,0.00,0.00,4998.15,0.00,4998.15,57087.20,4176.80,0,0,0,0.00,0,F1,30,,,,,
2026-07-27,2026-07-27,FO,NSE,IDO,69692,,BANKNIFTY,,2026-09-29,2026-09-29,53400.00,CE,BANKNIFTY26SEP53400CE,0.00,0.00,0.00,5600.15,0.00,5600.15,57087.20,4791.85,0,0,0,0.00,0,F1,30,,,,,
2026-07-27,2026-07-27,FO,NSE,IDO,69682,,BANKNIFTY,,2026-09-29,2026-09-29,52900.00,CE,BANKNIFTY26SEP52900CE,0.00,0.00,0.00,5994.30,0.00,5994.30,57087.20,5195.55,0,0,0,0.00,0,F1,30,,,,,
2026-07-27,2026-07-27,FO,NSE,IDO,52284,,BANKNIFTY,,2026-09-29,2026-09-29,52500.00,CE,BANKNIFTY26SEP52500CE,0.00,0.00,0.00,6823.00,0.00,6823.00,57087.20,5528.20,0,0,0,0.00,0,F1,30,,,,,
2026-07-27,2026-07-27,FO,NSE,IDO,61815,,BANKNIFTY,,2026-07-28,2026-07-28,55200.00,CE,BANKNIFTY26JUL55200CE,1889.25,1995.45,1887.65,1982.10,1982.10,1662.75,57087.20,1896.55,2700,-90,10,17137567.50,10,F1,30,,,,,
2026-07-27,2026-07-27,FO,NSE,IDO,61799,,BANKNIFTY,,2026-07-28,2026-07-28,54400.00,CE,BANKNIFTY26JUL54400CE,0.00,0.00,0.00,3226.70,3226.70,3226.70,57087.20,2696.25,750,0,0,0.00,0,F1,30,,,,,
2026-07-27,2026-07-27,FO,NSE,IDO,61764,,BANKNIFTY,,2026-07-28,2026-07-28,53400.00,CE,BANKNIFTY26JUL53400CE,0.00,0.00,0.00,4659.15,4659.15,4659.15,57087.20,3696.10,450,0,0,0.00,0,F1,30,,,,,
2026-07-27,2026-07-27,FO,NSE,IDO,61725,,BANKNIFTY,,2026-07-28,2026-07-28,51800.00,CE,BANKNIFTY26JUL51800CE,0.00,0.00,0.00,5062.50,0.00,5062.50,57087.20,5295.80,0,0,0,0.00,0,F1,30,,,,,
2026-07-27,2026-07-27,FO,NSE,IDO,61723,,BANKNIFTY,,2026-07-28,2026-07-28,51700.00,CE,BANKNIFTY26JUL51700CE,0.00,0.00,0.00,5137.95,0.00,5137.95,57087.20,5395.80,0,0,0,0.00,0,F1,30,,,,,
2026-07-27,2026-07-27,FO,NSE,IDO,61693,,BANKNIFTY,,2026-07-28,2026-07-28,50400.00,CE,BANKNIFTY26JUL50400CE,0.00,0.00,0.00,6166.35,0.00,6166.35,57087.20,6695.60,0,0,0,0.00,0,F1,30,,,,,
2026-07-27,2026-07-27,FO,NSE,IDO,59134,,BANKNIFTY,,2026-08-25,2026-08-25,58600.00,CE,BANKNIFTY26AUG58600CE,451.40,460.00,351.00,394.90,395.85,370.70,57087.20,394.90,23970,6240,633,1120498833.00,410,F1,30,,,,,
2026-07-27,2026-07-27,FO,NSE,IDO,59192,,BANKNIFTY,,2026-08-25,2026-08-25,60400.00,CE,BANKNIFTY26AUG60400CE,106.40,110.30,82.25,85.90,86.60,88.40,57087.20,85.90,8580,1470,427,774914112.00,213,F1,30,,,,,
2026-07-27,2026-07-27,FO,NSE,IDO,58922,,BANKNIFTY,,2026-08-25,2026-08-25,52100.00,CE,BANKNIFTY26AUG52100CE,0.00,0.00,0.00,4621.65,0.00,4621.65,57087.20,5307.10,0,0,0,0.00,0,F1,30,,,,,
2026-07-27,2026-07-27,FO,NSE,IDO,58926,,BANKNIFTY,,2026-08-25,2026-08-25,52300.00,CE,BANKNIFTY26AUG52300CE,0.00,0.00,0.00,4478.75,0.00,4478.75,57087.20,5119.70,0,0,0,0.00,0,F1,30,,,,,
2026-07-27,2026-07-27,FO,NSE,IDO,58936,,BANKNIFTY,,2026-08-25,2026-08-25,52800.00,CE,BANKNIFTY26AUG52800CE,0.00,0.00,0.00,4130.40,0.00,4130.40,57087.20,4658.50,0,0,0,0.00,0,F1,30,,,,,
2026-07-27,2026-07-27,FO,NSE,IDO,58938,,BANKNIFTY,,2026-08-25,2026-08-25,52900.00,CE,BANKNIFTY26AUG52900CE,0.00,0.00,0.00,4063.05,0.00,4063.05,57087.20,4567.70,0,0,0,0.00,0,F1,30,,,,,
2026-07-27,2026-07-27,FO,NSE,IDO,58960,,BANKNIFTY,,2026-08-25,2026-08-25,53500.00,CE,BANKNIFTY26AUG53500CE,3834.65,3940.00,3730.40,3919.45,3915.00,3679.00,57087.20,3919.45,3090,510,21,36133747.50,19,F1,30,,,,,
2026-07-27,2026-07-27,FO,NSE,IDO,58990,,BANKNIFTY,,2026-08-25,2026-08-25,54500.00,CE,BANKNIFTY26AUG54500CE,3151.20,3151.20,2899.00,3036.65,3042.95,2771.20,57087.20,3036.65,2730,480,22,37947891.00,16,F1,30,,,,,
2026-07-27,2026-07-27,FO,NSE,IDO,58998,,BANKNIFTY,,2026-08-25,2026-08-25,54700.00,CE,BANKNIFTY26AUG54700CE,0.00,0.00,0.00,2961.05,0.00,2961.05,57087.20,3042.00,0,0,0,0.00,0,F1,30,,,,,
2026-07-27,2026-07-27,FO,NSE,IDO,70119,,BANKNIFTY,,2026-09-29,2026-09-29,64200.00,CE,BANKNIFTY26SEP64200CE,0.00,0.00,0.00,655.15,0.00,655.15,57087.20,292.20,0,0,0,0.00,0,F1,30,,,,,
2026-07-27,2026-07-27,FO,NSE,IDO,76394,,BANKNIFTY,,2027-03-30,2027-03-30,54000.00,CE,BANKNIFTY27MAR54000CE,0.00,0.00,0.00,3970.55,0.00,3970.55,57087.20,7057.50,0,0,0,0.00,0,F1,30,,,,,
2026-07-27,2026-07-27,FO,NSE,IDO,70788,,BANKNIFTY,,2027-06-29,2027-06-29,55500.00,CE,BANKNIFTY27JUN55500CE,0.00,0.00,0.00,7792.30,0.00,7792.30,57087.20,7236.15,0,0,0,0.00,0,F1,30,,,,,
2026-07-27,2026-07-27,FO,NSE,IDO,61634,,BANKNIFTY,,2026-07-28,2026-07-28,47900.00,PE,BANKNIFTY26JUL47900PE,1.40,1.40,0.55,0.55,0.55,1.90,57087.20,0.55,300,-90,5,7185171.00,5,F1,30,,,,,
2026-07-27,2026-07-27,FO,NSE,IDO,61664,,BANKNIFTY,,2026-07-28,2026-07-28,49200.00,PE,BANKNIFTY26JUL49200PE,1.70,1.70,0.60,0.75,0.75,2.10,57087.20,0.75,2250,1710,136,200740141.50,23,F1,30,,,,,
2026-07-27,2026-07-27,FO,NSE,IDO,61722,,BANKNIFTY,,2026-07-28,2026-07-28,51600.00,PE,BANKNIFTY26JUL51600PE,1.80,2.45,1.00,1.40,1.50,2.45,57087.20,1.40,2010,-510,215,332830344.00,63,F1,30,,,,,
2026-07-27,2026-07-27,FO,NSE,IDO,61740,,BANKNIFTY,,2026-07-28,2026-07-28,52300.00,PE,BANKNIFTY26JUL52300PE,2.85,3.75,0.80,2.05,0.90,3.00,57087.20,2.05,6420,2100,1458,2287689574.50,238,F1,30,,,,,
2026-07-27,2026-07-27,FO,NSE,IDO,61753,,BANKNIFTY,,2026-07-28,2026-07-28,52800.00,PE,BANKNIFTY26JUL52800PE,1.90,3.25,1.40,1.75,1.75,3.35,57087.20,1.75,5370,-390,524,830045659.50,274,F1,30,,,,,
2026-07-27,2026-07-27,FO,NSE,IDO,61812,,BANKNIFTY,,2026-07-28,2026-07-28,55000.00,PE,BANKNIFTY26JUL55000PE,12.40,12.40,1.95,2.70,2.55,18.05,57087.20,2.70,789990,-107040,154881,255573632181.00,43303,F1,30,,,,,
2026-07-27,2026-07-27,FO,NSE,IDO,61844,,BANKNIFTY,,2026-07-28,2026-07-28,56400.00,PE,BANKNIFTY26JUL56400PE,80.05,80.05,17.35,20.05,21.80,169.65,57087.20,20.05,248400,-39360,227395,384992957740.50,135924,F1,30,,,,,
2026-07-27,2026-07-27,FO,NSE,IDO,61862,,BANKNIFTY,,2026-07-28,2026-07-28,56800.00,PE,BANKNIFTY26JUL56800PE,140.30,150.20,54.75,63.15,63.00,317.40,57087.20,63.15,517320,116880,613707,1047568643014.50,353659,F1,30,,,,,
2026-07-27,2026-07-27,FO,NSE,IDO,61864,,BANKNIFTY,,2026-07-28,2026-07-28,56900.00,PE,BANKNIFTY26JUL56900PE,162.15,187.05,75.00,85.75,79.90,363.50,57087.20,85.75,404370,245880,632210,1081551628339.50,377090,F1,30,,,,,
2026-07-27,2026-07-27,FO,NSE,IDO,61900,,BANKNIFTY,,2026-07-28,2026-07-28,58400.00,PE,BANKNIFTY26JUL58400PE,1150.00,1421.90,1056.90,1236.60,1235.50,1571.10,57087.20,1236.60,105450,-3450,387,691968583.50,266,F1,30,,,,,
2026-07-27,2026-07-27,FO,NSE,IDO,62088,,BANKNIFTY,,2026-07-28,2026-07-28,63600.00,PE,BANKNIFTY26JUL63600PE,0.00,0.00,0.00,7666.25,0.00,7666.25,57087.20,6502.25,0,0,0,0.00,0,F1,30,,,,,
2026-07-27,2026-07-27,FO,NSE,IDO,62109,,BANKNIFTY,,2026-07-28,2026-07-28,64500.00,PE,BANKNIFTY26JUL64500PE,0.00,0.00,0.00,8100.00,8100.00,8100.00,57087.20,7402.10,90,0,0,0.00,0,F1,30,,,,,
2026-07-27,2026-07-27,FO,NSE,IDO,62132,,BANKNIFTY,,2026-07-28,2026-07-28,65000.00,PE,BANKNIFTY26JUL65000PE,7680.00,8022.80,7648.00,7838.25,7842.20,8166.80,57087.20,7838.25,19200,-33810,1227,2682938617.50,1058,F1,30,,,,,
2026-07-27,2026-07-27,FO,NSE,IDO,58817,,BANKNIFTY,,2026-08-25,2026-08-25,49200.00,PE,BANKNIFTY26AUG49200PE,0.00,0.00,0.00,24.70,26.35,24.70,57087.20,4.60,30,0,0,0.00,0,F1,30,,,,,
2026-07-27,2026-07-27,FO,NSE,IDO,58839,,BANKNIFTY,,2026-08-25,2026-08-25,49400.00,PE,BANKNIFTY26AUG49400PE,18.15,23.50,18.15,20.40,19.05,24.45,57087.20,20.40,690,630,33,48926412.00,11,F1,30,,,,,
2026-07-27,2026-07-27,FO,NSE,IDO,58849,,BANKNIFTY,,2026-08-25,2026-08-25,49800.00,PE,BANKNIFTY26AUG49800PE,19.80,19.80,19.80,19.80,19.80,26.65,57087.20,8.70,210,0,3,4483782.00,1,F1,30,,,,,
2026-07-27,2026-07-27,FO,NSE,IDO,58875,,BANKNIFTY,,2026-08-25,2026-08-25,50800.00,PE,BANKNIFTY26AUG50800PE,27.80,27.80,24.20,26.75,26.50,39.95,57087.20,26.75,330,-60,8,12198510.00,5,F1,30,,,,,
2026-07-27,2026-07-27,FO,NSE,IDO,58933,,BANKNIFTY,,2026-08-25,2026-08-25,52600.00,PE,BANKNIFTY26AUG52600PE,56.25,65.40,54.75,57.30,58.00,89.20,57087.20,57.30,2460,1320,131,206952463.50,37,F1,30,,,,,
2026-07-27,2026-07-27,FO,NSE,IDO,58940,,BANKNIFTY,,2026-08-25,2026-08-25,52900.00,PE,BANKNIFTY26AUG52900PE,67.05,75.20,60.65,64.90,65.95,105.65,57087.20,64.90,6930,510,160,254239588.50,89,F1,30,,,,,
2026-07-27,2026-07-27,FO,NSE,IDO,58942,,BANKNIFTY,,2026-08-25,2026-08-25,53000.00,PE,BANKNIFTY26AUG53000PE,90.00,90.00,65.95,69.60,71.95,112.15,57087.20,69.60,195090,16890,8212,13075059907.50,3419,F1,30,,,,,
2026-07-27,2026-07-27,FO,NSE,IDO,58983,,BANKNIFTY,,2026-08-25,2026-08-25,54200.00,PE,BANKNIFTY26AUG54200PE,148.85,160.45,129.70,140.30,141.00,222.20,57087.20,140.30,3060,870,125,203800935.00,70,F1,30,,,,,
2026-07-27,2026-07-27,FO,NSE,IDO,59007,,BANKNIFTY,,2026-08-25,2026-08-25,55100.00,PE,BANKNIFTY26AUG55100PE,241.95,281.95,230.00,244.15,248.45,354.90,57087.20,244.15,11430,6120,587,974815212.00,263,F1,30,,,,,
2026-07-27,2026-07-27,FO,NSE,IDO,59191,,BANKNIFTY,,2026-08-25,2026-08-25,60300.00,PE,BANKNIFTY26AUG60300PE,0.00,0.00,0.00,5174.70,0.00,5174.70,57087.20,3305.90,0,0,0,0.00,0,F1,30,,,,,
2026-07-27,2026-07-27,FO,NSE,IDO,59259,,BANKNIFTY,,2026-08-25,2026-08-25,62200.00,PE,BANKNIFTY26AUG62200PE,0.00,0.00,0.00,6702.95,0.00,6702.95,57087.20,4951.15,0,0,0,0.00,0,F1,30,,,,,
2026-07-27,2026-07-27,FO,NSE,IDO,59273,,BANKNIFTY,,2026-08-25,2026-08-25,62600.00,PE,BANKNIFTY26AUG62600PE,0.00,0.00,0.00,7042.20,0.00,7042.20,57087.20,5320.20,0,0,0,0.00,0,F1,30,,,,,
2026-07-27,2026-07-27,FO,NSE,IDO,59291,,BANKNIFTY,,2026-08-25,2026-08-25,63200.00,PE,BANKNIFTY26AUG63200PE,0.00,0.00,0.00,7560.40,0.00,7560.40,57087.20,5883.80,0,0,0,0.00,0,F1,30,,,,,
2026-07-27,2026-07-27,FO,NSE,IDO,69659,,BANKNIFTY,,2026-09-29,2026-09-29,51600.00,PE,BANKNIFTY26SEP51600PE,0.00,0.00,0.00,337.70,0.00,337.70,57087.20,222.90,0,0,0,0.00,0,F1,30,,,,,
2026-07-27,2026-07-27,FO,NSE,IDO,69689,,BANKNIFTY,,2026-09-29,2026-09-29,53200.00,PE,BANKNIFTY26SEP53200PE,0.00,0.00,0.00,597.40,0.00,597.40,57087.20,451.40,0,0,0,0.00,0,F1,30,,,,,
2026-07-27,2026-07-27,FO,NSE,IDO,69701,,BANKNIFTY,,2026-09-29,2026-09-29,53800.00,PE,BANKNIFTY26SEP53800PE,0.00,0.00,0.00,725.75,0.00,725.75,57087.20,572.20,0,0,0,0.00,0,F1,30,,,,,
2026-07-27,2026-07-27,FO,NSE,IDO,69707,,BANKNIFTY,,2026-09-29,2026-09-29,54200.00,PE,BANKNIFTY26SEP54200PE,0.00,0.00,0.00,823.90,0.00,823.90,57087.20,665.05,0,0,0,0.00,0,F1,30,,,,,
2026-07-27,2026-07-27,FO,NSE,IDO,69762,,BANKNIFTY,,2026-09-29,2026-09-29,54700.00,PE,BANKNIFTY26SEP54700PE,0.00,0.00,0.00,955.70,0.00,955.70,57087.20,797.50,0,0,0,0.00,0,F1,30,,,,,
2026-07-27,2026-07-27,FO,NSE,IDO,69798,,BANKNIFTY,,2026-09-29,2026-09-29,56300.00,PE,BANKNIFTY26SEP56300PE,0.00,0.00,0.00,1476.60,0.00,1476.60,57087.20,1335.10,0,0,0,0.00,0,F1,30,,,,,
2026-07-27,2026-07-27,FO,NSE,IDO,69800,,BANKNIFTY,,2026-09-29,2026-09-29,56400.00,PE,BANKNIFTY26SEP56400PE,0.00,0.00,0.00,1514.55,0.00,1514.55,57087.20,1375.25,0,0,0,0.00,0,F1,30,,,,,
2026-07-27,2026-07-27,FO,NSE,IDO,69918,,BANKNIFTY,,2026-09-29,2026-09-29,59400.00,PE,BANKNIFTY26SEP59400PE,0.00,0.00,0.00,2949.60,0.00,2949.60,57087.20,2941.20,0,0,0,0.00,0,F1,30,,,,,
2026-07-27,2026-07-27,FO,NSE,IDO,70010,,BANKNIFTY,,2026-09-29,2026-09-29,59900.00,PE,BANKNIFTY26SEP59900PE,0.00,0.00,0.00,3243.70,0.00,3243.70,57087.20,3267.40,0,0,0,0.00,0,F1,30,,,,,
2026-07-27,2026-07-27,FO,NSE,IDO,70022,,BANKNIFTY,,2026-09-29,2026-09-29,60600.00,PE,BANKNIFTY26SEP60600PE,0.00,0.00,0.00,3680.35,0.00,3680.35,57087.20,3752.25,0,0,0,0.00,0,F1,30,,,,,
2026-07-27,2026-07-27,FO,NSE,IDO,70024,,BANKNIFTY,,2026-09-29,2026-09-29,60700.00,PE,BANKNIFTY26SEP60700PE,0.00,0.00,0.00,3745.00,0.00,3745.00,57087.20,3824.05,0,0,0,0.00,0,F1,30,,,,,
2026-07-27,2026-07-27,FO,NSE,IDO,70092,,BANKNIFTY,,2026-09-29,2026-09-29,62700.00,PE,BANKNIFTY26SEP62700PE,0.00,0.00,0.00,5153.10,0.00,5153.10,57087.20,5379.35,0,0,0,0.00,0,F1,30,,,,,
2026-07-27,2026-07-27,FO,NSE,IDO,70098,,BANKNIFTY,,2026-09-29,2026-09-29,63100.00,PE,BANKNIFTY26SEP63100PE,0.00,0.00,0.00,5455.60,0.00,5455.60,57087.20,5713.70,0,0,0,0.00,0,F1,30,,,,,
2026-07-27,2026-07-27,FO,NSE,IDO,52440,,BANKNIFTY,,2026-09-29,2026-09-29,69000.00,PE,BANKNIFTY26SEP69000PE,0.00,0.00,0.00,9000.00,9000.00,9000.00,57087.20,11160.70,120,0,0,0.00,0,F1,30,,,,,
2026-07-27,2026-07-27,FO,NSE,IDO,70795,,BANKNIFTY,,2027-06-29,2027-06-29,58500.00,PE,BANKNIFTY27JUN58500PE,0.00,0.00,0.00,3574.05,0.00,3574.05,57087.20,3539.10,0,0,0,0.00,0,F1,30,,,,,
2026-07-27,2026-07-27,FO,NSE,IDO,59114,,BANKNIFTY,,2026-08-25,2026-08-25,58200.00,CE,BANKNIFTY26AUG58200CE,570.00,608.00,473.00,529.85,535.95,491.45,57087.20,529.85,36330,3270,1053,1855807321.50,700,F1,30,,,,,
2026-07-27,2026-07-27,FO,NSE,IDO,59083,,BANKNIFTY,,2026-08-25,2026-08-25,57200.00,CE,BANKNIFTY26AUG57200CE,1049.00,1131.25,913.65,1008.25,1010.75,923.70,57087.20,1008.25,60480,32730,5137,8971567617.00,3736,F1,30,,,,,
2026-07-27,2026-07-27,FO,NSE,IDO,59014,,BANKNIFTY,,2026-08-25,2026-08-25,55500.00,CE,BANKNIFTY26AUG55500CE,2272.90,2320.00,2025.00,2182.85,2190.00,2016.15,57087.20,2182.85,12450,1500,203,351112878.00,137,F1,30,,,,,
2026-07-27,2026-07-27,FO,NSE,IDO,59262,,BANKNIFTY,,2026-08-25,2026-08-25,62400.00,CE,BANKNIFTY26AUG62400CE,0.00,0.00,0.00,486.70,0.00,486.70,57087.20,121.85,0,0,0,0.00,0,F1,30,,,,,
2026-07-27,2026-07-27,FO,NSE,IDO,59304,,BANKNIFTY,,2026-08-25,2026-08-25,63700.00,CE,BANKNIFTY26AUG63700CE,0.00,0.00,0.00,334.05,0.00,334.05,57087.20,54.00,0,0,0,0.00,0,F1,30,,,,,
2026-07-27,2026-07-27,FO,NSE,IDO,59239,,BANKNIFTY,,2026-08-25,2026-08-25,61500.00,CE,BANKNIFTY26AUG61500CE,44.00,44.00,32.00,32.85,34.00,34.55,57087.20,32.85,98010,26220,3654,6745611195.00,1512,F1,30,,,,,
2026-07-27,2026-07-27,FO,NSE,IDO,69795,,BANKNIFTY,,2026-09-29,2026-09-29,56200.00,CE,BANKNIFTY26SEP56200CE,0.00,0.00,0.00,3644.20,0.00,3644.20,57087.20,2830.50,0,0,0,0.00,0,F1,30,,,,,
2026-07-27,2026-07-27,FO,NSE,IDO,69803,,BANKNIFTY,,2026-09-29,2026-09-29,56600.00,CE,BANKNIFTY26SEP56600CE,0.00,0.00,0.00,3403.45,0.00,3403.45,57087.20,2597.35,0,0,0,0.00,0,F1,30,,,,,
2026-07-27,2026-07-27,FO,NSE,IDO,70787,,BANKNIFTY,,2027-06-29,2027-06-29,54000.00,PE,BANKNIFTY27JUN54000PE,0.00,0.00,0.00,1949.60,0.00,1949.60,57087.20,1884.85,0,0,0,0.00,0,F1,30,,,,,
2026-07-27,2026-07-27,FO,NSE,IDO,70793,,BANKNIFTY,,2027-06-29,2027-06-29,57000.00,PE,BANKNIFTY27JUN57000PE,0.00,0.00,0.00,2963.90,0.00,2963.90,57087.20,2915.15,0,0,0,0.00,0,F1,30,,,,,
2026-07-27,2026-07-27,FO,NSE,IDO,62092,,BANKNIFTY,,2026-07-28,2026-07-28,63800.00,PE,BANKNIFTY26JUL63800PE,0.00,0.00,0.00,7841.85,0.00,7841.85,57087.20,6702.25,0,0,0,0.00,0,F1,30,,,,,
2026-07-27,2026-07-27,FO,NSE,IDO,62072,,BANKNIFTY,,2026-07-28,2026-07-28,62900.00,PE,BANKNIFTY26JUL62900PE,0.00,0.00,0.00,7060.75,0.00,7060.75,57087.20,5802.40,0,0,0,0.00,0,F1,30,,,,,
2026-07-27,2026-07-27,FO,NSE,IDO,52264,,BANKNIFTY,,2026-09-29,2026-09-29,43500.00,CE,BANKNIFTY26SEP43500CE,0.00,0.00,0.00,13878.45,0.00,13878.45,57087.20,14089.20,0,0,0,0.00,0,F1,30,,,,,
2026-07-27,2026-07-27,FO,NSE,IDO,69822,,BANKNIFTY,,2026-09-29,2026-09-29,57500.00,CE,BANKNIFTY26SEP57500CE,1558.30,1575.45,1372.70,1450.55,1446.40,1370.70,57087.20,1450.55,17070,2640,275,486411457.50,204,F1,30,,,,,
2026-07-27,2026-07-27,FO,NSE,IDO,70794,,BANKNIFTY,,2027-06-29,2027-06-29,58500.00,CE,BANKNIFTY27JUN58500CE,0.00,0.00,0.00,6124.45,0.00,6124.45,57087.20,5589.75,0,0,0,0.00,0,F1,30,,,,,
2026-07-27,2026-07-27,FO,NSE,IDO,69722,,BANKNIFTY,,2026-09-29,2026-09-29,54500.00,CE,BANKNIFTY26SEP54500CE,0.00,0.00,0.00,3389.15,3421.20,3389.15,57087.20,3958.60,150,0,0,0.00,0,F1,30,,,,,
2026-07-27,2026-07-27,FO,NSE,IDO,61629,,BANKNIFTY,,2026-07-28,2026-07-28,47700.00,CE,BANKNIFTY26JUL47700CE,0.00,0.00,0.00,8529.15,0.00,8529.15,57087.20,9395.15,0,0,0,0.00,0,F1,30,,,,,
2026-07-27,2026-07-27,FO,NSE,IDO,59330,,BANKNIFTY,,2026-08-25,2026-08-25,64500.00,CE,BANKNIFTY26AUG64500CE,19.35,19.35,8.20,9.30,9.90,14.70,57087.20,9.30,7080,2760,405,783792736.50,222,F1,30,,,,,
2026-07-27,2026-07-27,FO,NSE,IDO,59302,,BANKNIFTY,,2026-08-25,2026-08-25,63600.00,CE,BANKNIFTY26AUG63600CE,0.00,0.00,0.00,344.10,0.00,344.10,57087.20,57.65,0,0,0,0.00,0,F1,30,,,,,
2026-07-27,2026-07-27,FO,NSE,IDO,59296,,BANKNIFTY,,2026-08-25,2026-08-25,63300.00,CE,BANKNIFTY26AUG63300CE,54.00,54.00,54.00,54.00,54.00,375.85,57087.20,69.95,30,30,1,1900620.00,1,F1,30,,,,,
2026-07-27,2026-07-27,FO,NSE,IDO,59098,,BANKNIFTY,,2026-08-25,2026-08-25,57900.00,CE,BANKNIFTY26AUG57900CE,685.00,742.85,584.00,655.20,667.95,598.80,57087.20,655.20,44880,10620,1387,2436582028.50,1005,F1,30,,,,,
2026-07-27,2026-07-27,FO,NSE,IDO,61633,,BANKNIFTY,,2026-07-28,2026-07-28,47900.00,CE,BANKNIFTY26JUL47900CE,0.00,0.00,0.00,8346.00,0.00,8346.00,57087.20,9195.15,0,0,0,0.00,0,F1,30,,,,,
2026-07-27,2026-07-27,FO,NSE,IDO,61635,,BANKNIFTY,,2026-07-28,2026-07-28,48000.00,CE,BANKNIFTY26JUL48000CE,9180.00,9224.75,9070.00,9190.90,9190.95,8900.00,57087.20,9190.90,2250,-780,60,102924207.00,50,F1,30,,,,,
2026-07-27,2026-07-27,FO,NSE,IDO,61878,,BANKNIFTY,,2026-07-28,2026-07-28,57500.00,PE,BANKNIFTY26JUL57500PE,475.00,595.00,306.25,398.15,400.00,765.20,57087.20,398.15,339390,20070,126917,220598021898.00,79672,F1,30,,,,,
2026-07-27,2026-07-27,FO,NSE,IDO,61872,,BANKNIFTY,,2026-07-28,2026-07-28,57200.00,PE,BANKNIFTY26JUL57200PE,290.05,358.85,163.00,201.00,198.80,548.05,57087.20,201.00,311970,245370,555850,957889109952.00,366677,F1,30,,,,,
2026-07-27,2026-07-27,FO,NSE,IDO,61816,,BANKNIFTY,,2026-07-28,2026-07-28,55200.00,PE,BANKNIFTY26JUL55200PE,9.90,9.95,2.70,3.50,3.05,23.35,57087.20,3.50,112440,1020,29198,48356384550.00,12871,F1,30,,,,,
2026-07-27,2026-07-27,FO,NSE,IDO,61657,,BANKNIFTY,,2026-07-28,2026-07-28,49000.00,CE,BANKNIFTY26JUL49000CE,8130.00,8208.40,8130.00,8189.45,8194.15,7850.30,57087.20,8189.45,330,-60,7,12009199.50,7,F1,30,,,,,
2026-07-27,2026-07-27,FO,NSE,IDO,61679,,BANKNIFTY,,2026-07-28,2026-07-28,49900.00,CE,BANKNIFTY26JUL49900CE,0.00,0.00,0.00,6583.20,0.00,6583.20,57087.20,7195.50,0,0,0,0.00,0,F1,30,,,,,
2026-07-27,2026-07-27,FO,NSE,IDO,61695,,BANKNIFTY,,2026-07-28,2026-07-28,50500.00,CE,BANKNIFTY26JUL50500CE,0.00,0.00,0.00,6300.00,6300.00,6300.00,57087.20,6595.60,390,0,0,0.00,0,F1,30,,,,,
2026-07-27,2026-07-27,FO,NSE,IDO,61768,,BANKNIFTY,,2026-07-28,2026-07-28,53600.00,CE,BANKNIFTY26JUL53600CE,0.00,0.00,0.00,3983.50,3983.50,3983.50,57087.20,3496.10,600,0,0,0.00,0,F1,30,,,,,
2026-07-27,2026-07-27,FO,NSE,IDO,61803,,BANKNIFTY,,2026-07-28,2026-07-28,54600.00,CE,BANKNIFTY26JUL54600CE,2482.35,2493.00,2482.35,2493.00,2493.00,2495.00,57087.20,2496.30,1320,-30,2,3425260.50,2,F1,30,,,,,
2026-07-27,2026-07-27,FO,NSE,IDO,52360,,BANKNIFTY,,2026-09-29,2026-09-29,60000.00,CE,BANKNIFTY26SEP60000CE,440.00,512.00,420.00,446.30,450.00,417.75,57087.20,446.30,95220,510,1139,2065654453.50,714,F1,30,,,,,
2026-07-27,2026-07-27,FO,NSE,IDO,70041,,BANKNIFTY,,2026-09-29,2026-09-29,61600.00,CE,BANKNIFTY26SEP61600CE,0.00,0.00,0.00,1239.60,0.00,1239.60,57087.20,695.10,0,0,0,0.00,0,F1,30,,,,,
2026-07-27,2026-07-27,FO,NSE,IDO,70080,,BANKNIFTY,,2026-09-29,2026-09-29,62200.00,CE,BANKNIFTY26SEP62200CE,0.00,0.00,0.00,1076.90,0.00,1076.90,57087.20,575.40,0,0,0,0.00,0,F1,30,,,,,
2026-07-27,2026-07-27,FO,NSE,IDO,70115,,BANKNIFTY,,2026-09-29,2026-09-29,64000.00,CE,BANKNIFTY26SEP64000CE,0.00,0.00,0.00,690.00,0.00,690.00,57087.20,313.70,0,0,0,0.00,0,F1,30,,,,,
2026-07-27,2026-07-27,FO,NSE,IDO,70032,,BANKNIFTY,,2026-09-29,2026-09-29,61100.00,PE,BANKNIFTY26SEP61100PE,0.00,0.00,0.00,4009.30,0.00,4009.30,57087.20,4120.05,0,0,0,0.00,0,F1,30,,,,,
2026-07-27,2026-07-27,FO,NSE,IDO,70016,,BANKNIFTY,,2026-09-29,2026-09-29,60300.00,PE,BANKNIFTY26SEP60300PE,0.00,0.00,0.00,3489.75,0.00,3489.75,57087.20,3540.55,0,0,0,0.00,0,F1,30,,,,,
2026-07-27,2026-07-27,FO,NSE,IDO,52298,,BANKNIFTY,,2026-09-29,2026-09-29,55500.00,PE,BANKNIFTY26SEP55500PE,511.80,568.25,507.00,519.90,514.65,669.25,57087.20,519.90,85260,1530,280,470686714.50,154,F1,30,,,,,
2026-07-27,2026-07-27,FO,NSE,IDO,69776,,BANKNIFTY,,2026-09-29,2026-09-29,55300.00,PE,BANKNIFTY26SEP55300PE,0.00,0.00,0.00,1131.30,0.00,1131.30,57087.20,975.40,0,0,0,0.00,0,F1,30,,,,,
2026-07-27,2026-07-27,FO,NSE,IDO,52287,,BANKNIFTY,,2026-09-29,2026-09-29,54000.00,PE,BANKNIFTY26SEP54000PE,292.35,312.85,263.75,285.70,284.05,375.40,57087.20,285.70,90660,-180,829,1350244636.50,394,F1,30,,,,,
2026-07-27,2026-07-27,FO,NSE,IDO,69661,,BANKNIFTY,,2026-09-29,2026-09-29,51700.00,PE,BANKNIFTY26SEP51700PE,0.00,0.00,0.00,350.75,0.00,350.75,57087.20,233.70,0,0,0,0.00,0,F1,30,,,,,
2026-07-27,2026-07-27,FO,NSE,IDO,61809,,BANKNIFTY,,2026-07-28,2026-07-28,54900.00,CE,BANKNIFTY26JUL54900CE,2375.00,2375.00,2196.60,2196.60,2196.60,1410.00,57087.20,2196.35,420,-30,2,3431148.00,2,F1,30,,,,,
2026-07-27,2026-07-27,FO,NSE,IDO,61853,,BANKNIFTY,,2026-07-28,2026-07-28,56700.00,CE,BANKNIFTY26JUL56700CE,511.00,730.50,361.45,519.65,516.00,408.35,57087.20,519.65,154410,-322650,82303,141281300263.50,47350,F1,30,,,,,
2026-07-27,2026-07-27,FO,NSE,IDO,61871,,BANKNIFTY,,2026-07-28,2026-07-28,57200.00,CE,BANKNIFTY26JUL57200CE,250.00,343.65,107.00,173.70,167.95,179.10,57087.20,173.70,671370,395340,878115,1511750612086.50,511081,F1,30,,,,,
2026-07-27,2026-07-27,FO,NSE,IDO,61893,,BANKNIFTY,,2026-07-28,2026-07-28,58200.00,CE,BANKNIFTY26JUL58200CE,37.05,40.00,10.25,12.15,12.60,29.35,57087.20,12.15,479970,103890,94419,164903821164.00,51309,F1,30,,,,,
2026-07-27,2026-07-27,FO,NSE,IDO,61901,,BANKNIFTY,,2026-07-28,2026-07-28,58500.00,CE,BANKNIFTY26JUL58500CE,27.95,27.95,7.00,7.50,8.05,18.60,57087.20,7.50,1116930,-89400,210696,369841011472.50,79776,F1,30,,,,,
2026-07-27,2026-07-27,FO,NSE,IDO,61905,,BANKNIFTY,,2026-07-28,2026-07-28,58700.00,CE,BANKNIFTY26JUL58700CE,16.20,16.40,5.10,5.55,6.55,14.00,57087.20,5.55,220140,-19680,42369,74621710896.00,21025,F1,30,,,,,
2026-07-27,2026-07-27,FO,NSE,IDO,61939,,BANKNIFTY,,2026-07-28,2026-07-28,59500.00,CE,BANKNIFTY26JUL59500CE,3.85,5.85,2.00,2.50,2.20,5.25,57087.20,2.50,703830,-67860,120198,214565687245.50,34222,F1,30,,,,,
2026-07-27,2026-07-27,FO,NSE,IDO,61941,,BANKNIFTY,,2026-07-28,2026-07-28,59600.00,CE,BANKNIFTY26JUL59600CE,4.95,5.65,2.15,2.60,2.85,4.95,57087.20,2.60,73590,780,20762,37124534077.50,8206,F1,30,,,,,
2026-07-27,2026-07-27,FO,NSE,IDO,61781,,BANKNIFTY,,2026-07-28,2026-07-28,53800.00,PE,BANKNIFTY26JUL53800PE,4.35,4.35,1.30,2.05,2.15,5.20,57087.20,2.05,14460,-12090,3288,5307076609.50,1605,F1,30,,,,,
2026-07-27,2026-07-27,FO,NSE,IDO,61761,,BANKNIFTY,,2026-07-28,2026-07-28,53200.00,PE,BANKNIFTY26JUL53200PE,3.60,3.60,1.20,1.50,1.55,3.45,57087.20,1.50,12600,-7560,1508,2406854421.00,680,F1,30,,,,,
2026-07-27,2026-07-27,FO,NSE,IDO,58909,,BANKNIFTY,,2026-08-25,2026-08-25,51600.00,PE,BANKNIFTY26AUG51600PE,34.10,39.00,33.15,34.00,33.15,55.45,57087.20,34.00,510,-180,36,55767267.00,19,F1,30,,,,,
2026-07-27,2026-07-27,FO,NSE,IDO,61989,,BANKNIFTY,,2026-07-28,2026-07-28,60700.00,CE,BANKNIFTY26JUL60700CE,2.85,14.55,1.25,1.85,1.25,2.80,57087.20,1.85,32100,-1050,1755,3195977349.00,764,F1,30,,,,,
2026-07-27,2026-07-27,FO,NSE,IDO,62075,,BANKNIFTY,,2026-07-28,2026-07-28,63100.00,CE,BANKNIFTY26JUL63100CE,1.35,1.85,0.70,0.90,0.80,1.65,57087.20,0.90,8820,3720,280,530051055.00,91,F1,30,,,,,
2026-07-27,2026-07-27,FO,NSE,IDO,61746,,BANKNIFTY,,2026-07-28,2026-07-28,52600.00,PE,BANKNIFTY26JUL52600PE,3.40,3.40,1.20,1.80,1.50,3.45,57087.20,1.80,4050,90,407,642269887.50,216,F1,30,,,,,
2026-07-27,2026-07-27,FO,NSE,IDO,76434,,BANKNIFTY,,2027-03-30,2027-03-30,66000.00,PE,BANKNIFTY27MAR66000PE,0.00,0.00,0.00,12012.15,0.00,12012.15,57087.20,7818.65,0,0,0,0.00,0,F1,30,,,,,
2026-07-27,2026-07-27,FO,NSE,IDO,59318,,BANKNIFTY,,2026-08-25,2026-08-25,64000.00,PE,BANKNIFTY26AUG64000PE,6550.00,6670.00,6167.75,6400.10,6632.45,6850.00,57087.20,6400.10,4350,3300,121,256222573.50,59,F1,30,,,,,
2026-07-27,2026-07-27,FO,NSE,IDO,62083,,BANKNIFTY,,2026-07-28,2026-07-28,63400.00,CE,BANKNIFTY26JUL63400CE,1.50,1.90,0.60,0.95,0.60,1.55,57087.20,0.95,4170,90,113,214930138.50,35,F1,30,,,,,
2026-07-27,2026-07-27,FO,NSE,IDO,62087,,BANKNIFTY,,2026-07-28,2026-07-28,63600.00,CE,BANKNIFTY26JUL63600CE,2.50,2.50,0.85,0.85,0.85,1.40,57087.20,0.85,4830,210,89,169816285.50,33,F1,30,,,,,
2026-07-27,2026-07-27,FO,NSE,IDO,59253,,BANKNIFTY,,2026-08-25,2026-08-25,61900.00,PE,BANKNIFTY26AUG61900PE,0.00,0.00,0.00,6452.10,0.00,6452.10,57087.20,4678.55,0,0,0,0.00,0,F1,30,,,,,
2026-07-27,2026-07-27,FO,NSE,IDO,69657,,BANKNIFTY,,2026-09-29,2026-09-29,51500.00,PE,BANKNIFTY26SEP51500PE,0.00,0.00,0.00,325.00,0.00,325.00,57087.20,212.45,0,0,0,0.00,0,F1,30,,,,,
2026-07-27,2026-07-27,FO,NSE,IDO,69604,,BANKNIFTY,,2026-09-29,2026-09-29,50500.00,PE,BANKNIFTY26SEP50500PE,0.00,0.00,0.00,217.55,0.00,217.55,57087.20,128.20,0,0,0,0.00,0,F1,30,,,,,
2026-07-27,2026-07-27,FO,NSE,IDO,59322,,BANKNIFTY,,2026-08-25,2026-08-25,64200.00,PE,BANKNIFTY26AUG64200PE,5581.85,5581.85,5581.85,5581.85,5581.85,8446.15,57087.20,6843.10,30,30,1,2093455.50,1,F1,30,,,,,
2026-07-27,2026-07-27,FO,NSE,IDO,58737,,BANKNIFTY,,2026-08-25,2026-08-25,47000.00,PE,BANKNIFTY26AUG47000PE,14.65,14.65,11.00,11.85,12.55,15.70,57087.20,11.85,8790,4800,205,289125712.50,176,F1,30,,,,,
2026-07-27,2026-07-27,FO,NSE,IDO,61728,,BANKNIFTY,,2026-07-28,2026-07-28,51800.00,PE,BANKNIFTY26JUL51800PE,2.45,6.45,1.05,1.45,1.05,2.45,57087.20,1.45,3660,-750,141,219121165.50,69,F1,30,,,,,
2026-07-27,2026-07-27,FO,NSE,IDO,61711,,BANKNIFTY,,2026-07-28,2026-07-28,51200.00,PE,BANKNIFTY26JUL51200PE,1.65,2.70,0.80,1.00,1.10,2.05,57087.20,1.00,5730,-2490,235,360968946.00,90,F1,30,,,,,
2026-07-27,2026-07-27,FO,NSE,IDO,61666,,BANKNIFTY,,2026-07-28,2026-07-28,49300.00,PE,BANKNIFTY26JUL49300PE,1.55,1.60,0.60,0.75,0.85,3.15,57087.20,0.75,1650,1230,109,161214513.00,36,F1,30,,,,,
2026-07-27,2026-07-27,FO,NSE,IDO,61658,,BANKNIFTY,,2026-07-28,2026-07-28,49000.00,PE,BANKNIFTY26JUL49000PE,1.80,1.80,0.45,0.65,0.45,1.70,57087.20,0.65,51840,-5370,1356,1993350949.50,486,F1,30,,,,,
2026-07-27,2026-07-27,FO,NSE,IDO,61636,,BANKNIFTY,,2026-07-28,2026-07-28,48000.00,PE,BANKNIFTY26JUL48000PE,1.70,1.80,0.40,0.65,0.40,1.70,57087.20,0.65,64050,5070,1414,2036202399.00,640,F1,30,,,,,
2026-07-27,2026-07-27,FO,NSE,IDO,69676,,BANKNIFTY,,2026-09-29,2026-09-29,52600.00,CE,BANKNIFTY26SEP52600CE,0.00,0.00,0.00,6236.45,0.00,6236.45,57087.20,5444.25,0,0,0,0.00,0,F1,30,,,,,
2026-07-27,2026-07-27,FO,NSE,IDO,53244,,BANKNIFTY,,2026-12-29,2026-12-29,61500.00,CE,BANKNIFTY26DEC61500CE,931.10,980.00,931.10,980.00,980.00,931.10,57087.20,980.00,1950,90,3,5620552.50,3,F1,30,,,,,
2026-07-27,2026-07-27,FO,NSE,IDO,59229,,BANKNIFTY,,2026-08-25,2026-08-25,61200.00,PE,BANKNIFTY26AUG61200PE,3800.00,3800.00,3800.00,3800.00,3800.00,5879.50,57087.20,4059.30,30,30,1,1950000.00,1,F1,30,,,,,
2026-07-27,2026-07-27,FO,NSE,IDO,59156,,BANKNIFTY,,2026-08-25,2026-08-25,59500.00,PE,BANKNIFTY26AUG59500PE,2188.00,2441.55,2186.05,2273.80,2272.60,2569.30,57087.20,2273.80,42000,3990,310,574919553.00,195,F1,30,,,,,
2026-07-27,2026-07-27,FO,NSE,IDO,59150,,BANKNIFTY,,2026-08-25,2026-08-25,59200.00,PE,BANKNIFTY26AUG59200PE,0.00,0.00,0.00,2300.75,2303.95,2300.75,57087.20,2469.35,600,0,0,0.00,0,F1,30,,,,,
2026-07-27,2026-07-27,FO,NSE,IDO,59123,,BANKNIFTY,,2026-08-25,2026-08-25,58300.00,PE,BANKNIFTY26AUG58300PE,1440.00,1511.55,1380.20,1391.65,1393.25,1666.60,57087.20,1391.65,11040,330,61,109308951.00,44,F1,30,,,,,
2026-07-27,2026-07-27,FO,NSE,IDO,59078,,BANKNIFTY,,2026-08-25,2026-08-25,56900.00,PE,BANKNIFTY26AUG56900PE,694.35,810.00,654.00,696.30,710.65,923.20,57087.20,696.30,18240,7710,1329,2297944767.00,866,F1,30,,,,,
2026-07-27,2026-07-27,FO,NSE,IDO,59005,,BANKNIFTY,,2026-08-25,2026-08-25,55000.00,PE,BANKNIFTY26AUG55000PE,252.25,275.65,212.20,229.80,233.55,343.75,57087.20,229.80,368310,-2130,12974,21499487170.50,6801,F1,30,,,,,
2026-07-27,2026-07-27,FO,NSE,IDO,58981,,BANKNIFTY,,2026-08-25,2026-08-25,54100.00,PE,BANKNIFTY26AUG54100PE,126.20,151.00,126.00,131.50,131.35,212.00,57087.20,131.50,3030,960,67,109012324.50,55,F1,30,,,,,
2026-07-27,2026-07-27,FO,NSE,IDO,59079,,BANKNIFTY,,2026-08-25,2026-08-25,57000.00,CE,BANKNIFTY26AUG57000CE,1155.00,1224.50,1015.30,1121.05,1124.85,1024.15,57087.20,1121.05,531360,57360,28536,49759468227.00,17108,F1,30,,,,,
2026-07-27,2026-07-27,FO,NSE,IDO,61904,,BANKNIFTY,,2026-07-28,2026-07-28,58600.00,PE,BANKNIFTY26JUL58600PE,1300.05,1628.20,1248.50,1430.15,1431.05,1777.90,57087.20,1430.15,55380,-2940,299,538531560.00,269,F1,30,,,,,
2026-07-27,2026-07-27,FO,NSE,IDO,61942,,BANKNIFTY,,2026-07-28,2026-07-28,59600.00,PE,BANKNIFTY26JUL59600PE,0.00,0.00,0.00,2903.10,2903.10,2903.10,57087.20,2502.95,3180,0,0,0.00,0,F1,30,,,,,
2026-07-27,2026-07-27,FO,NSE,IDO,61948,,BANKNIFTY,,2026-07-28,2026-07-28,59700.00,PE,BANKNIFTY26JUL59700PE,2425.00,2685.00,2425.00,2525.00,2525.00,2935.25,57087.20,2525.00,2670,-90,27,50436888.00,8,F1,30,,,,,
2026-07-27,2026-07-27,FO,NSE,IDO,61952,,BANKNIFTY,,2026-07-28,2026-07-28,59900.00,PE,BANKNIFTY26JUL59900PE,0.00,0.00,0.00,3213.70,3213.70,3213.70,57087.20,2802.90,1230,0,0,0.00,0,F1,30,,,,,
2026-07-27,2026-07-27,FO,NSE,IDO,61958,,BANKNIFTY,,2026-07-28,2026-07-28,60000.00,PE,BANKNIFTY26JUL60000PE,2706.45,3052.35,2634.90,2829.95,2835.30,3170.40,57087.20,2829.95,458160,-60030,4183,7888937982.00,3975,F1,30,,,,,
2026-07-27,2026-07-27,FO,NSE,IDO,58972,,BANKNIFTY,,2026-08-25,2026-08-25,53800.00,CE,BANKNIFTY26AUG53800CE,0.00,0.00,0.00,3190.90,3190.90,3190.90,57087.20,3775.95,90,0,0,0.00,0,F1,30,,,,,
2026-07-27,2026-07-27,FO,NSE,IDO,58876,,BANKNIFTY,,2026-08-25,2026-08-25,50900.00,CE,BANKNIFTY26AUG50900CE,0.00,0.00,0.00,5523.50,0.00,5523.50,57087.20,6456.95,0,0,0,0.00,0,F1,30,,,,,
2026-07-27,2026-07-27,FO,NSE,IDO,61964,,BANKNIFTY,,2026-07-28,2026-07-28,60100.00,PE,BANKNIFTY26JUL60100PE,0.00,0.00,0.00,3048.50,3048.50,3048.50,57087.20,3002.85,720,0,0,0.00,0,F1,30,,,,,
2026-07-27,2026-07-27,FO,NSE,IDO,61992,,BANKNIFTY,,2026-07-28,2026-07-28,60800.00,PE,BANKNIFTY26JUL60800PE,3811.20,3811.20,3811.20,3811.20,3811.20,3056.75,57087.20,3702.75,420,-30,1,1938336.00,1,F1,30,,,,,
2026-07-27,2026-07-27,FO,NSE,IDO,62028,,BANKNIFTY,,2026-07-28,2026-07-28,61800.00,PE,BANKNIFTY26JUL61800PE,0.00,0.00,0.00,6141.35,0.00,6141.35,57087.20,4702.55,0,0,0,0.00,0,F1,30,,,,,
2026-07-27,2026-07-27,FO,NSE,IDO,58842,,BANKNIFTY,,2026-08-25,2026-08-25,49600.00,CE,BANKNIFTY26AUG49600CE,0.00,0.00,0.00,6585.05,0.00,6585.05,57087.20,7732.50,0,0,0,0.00,0,F1,30,,,,,
2026-07-27,2026-07-27,FO,NSE,IDO,70764,,BANKNIFTY,,2027-06-29,2027-06-29,49500.00,PE,BANKNIFTY27JUN49500PE,0.00,0.00,0.00,905.05,0.00,905.05,57087.20,843.05,0,0,0,0.00,0,F1,30,,,,,
2026-07-27,2026-07-27,FO,NSE,IDO,58755,,BANKNIFTY,,2026-08-25,2026-08-25,47500.00,PE,BANKNIFTY26AUG47500PE,12.20,14.80,11.40,12.35,12.95,17.35,57087.20,12.35,1680,150,61,86948250.00,38,F1,30,,,,,
2026-07-27,2026-07-27,FO,NSE,IDO,58809,,BANKNIFTY,,2026-08-25,2026-08-25,48800.00,PE,BANKNIFTY26AUG48800PE,0.00,0.00,0.00,260.55,0.00,260.55,57087.20,2.90,0,0,0,0.00,0,F1,30,,,,,
2026-07-27,2026-07-27,FO,NSE,IDO,58861,,BANKNIFTY,,2026-08-25,2026-08-25,50200.00,PE,BANKNIFTY26AUG50200PE,22.40,24.70,22.40,24.70,24.70,33.40,57087.20,13.00,300,60,7,10546959.00,3,F1,30,,,,,
2026-07-27,2026-07-27,FO,NSE,IDO,58863,,BANKNIFTY,,2026-08-25,2026-08-25,50300.00,PE,BANKNIFTY26AUG50300PE,23.75,23.75,23.75,23.75,23.75,34.05,57087.20,14.35,30,-90,3,4529137.50,1,F1,30,,,,,
2026-07-27,2026-07-27,FO,NSE,IDO,58929,,BANKNIFTY,,2026-08-25,2026-08-25,52400.00,PE,BANKNIFTY26AUG52400PE,51.05,59.50,49.85,50.40,50.10,76.65,57087.20,50.40,840,-150,26,40912918.50,12,F1,30,,,,,
2026-07-27,2026-07-27,FO,NSE,IDO,58949,,BANKNIFTY,,2026-08-25,2026-08-25,53200.00,PE,BANKNIFTY26AUG53200PE,77.00,94.00,72.90,78.20,77.30,119.80,57087.20,78.20,4230,1590,257,410806011.00,94,F1,30,,,,,
2026-07-27,2026-07-27,FO,NSE,IDO,58979,,BANKNIFTY,,2026-08-25,2026-08-25,54000.00,PE,BANKNIFTY26AUG54000PE,159.95,159.95,117.60,124.40,126.95,199.40,57087.20,124.40,283830,26760,9587,15568784322.00,4317,F1,30,,,,,
2026-07-27,2026-07-27,FO,NSE,IDO,59003,,BANKNIFTY,,2026-08-25,2026-08-25,54900.00,PE,BANKNIFTY26AUG54900PE,215.45,249.00,201.80,215.85,212.90,327.25,57087.20,215.85,5370,450,92,152138734.50,79,F1,30,,,,,
2026-07-27,2026-07-27,FO,NSE,IDO,62080,,BANKNIFTY,,2026-07-28,2026-07-28,63300.00,PE,BANKNIFTY26JUL63300PE,0.00,0.00,0.00,7405.00,0.00,7405.00,57087.20,6202.30,0,0,0,0.00,0,F1,30,,,,,
2026-07-27,2026-07-27,FO,NSE,IDO,61639,,BANKNIFTY,,2026-07-28,2026-07-28,48200.00,CE,BANKNIFTY26JUL48200CE,0.00,0.00,0.00,8073.25,0.00,8073.25,57087.20,8895.20,0,0,0,0.00,0,F1,30,,,,,
2026-07-27,2026-07-27,FO,NSE,IDO,61641,,BANKNIFTY,,2026-07-28,2026-07-28,48300.00,CE,BANKNIFTY26JUL48300CE,0.00,0.00,0.00,7982.95,0.00,7982.95,57087.20,8795.25,0,0,0,0.00,0,F1,30,,,,,
2026-07-27,2026-07-27,FO,NSE,IDO,61697,,BANKNIFTY,,2026-07-28,2026-07-28,50600.00,CE,BANKNIFTY26JUL50600CE,0.00,0.00,0.00,6002.70,0.00,6002.70,57087.20,6495.60,0,0,0,0.00,0,F1,30,,,,,
2026-07-27,2026-07-27,FO,NSE,IDO,61708,,BANKNIFTY,,2026-07-28,2026-07-28,51100.00,CE,BANKNIFTY26JUL51100CE,0.00,0.00,0.00,5602.05,0.00,5602.05,57087.20,5995.70,0,0,0,0.00,0,F1,30,,,,,
2026-07-27,2026-07-27,FO,NSE,IDO,61784,,BANKNIFTY,,2026-07-28,2026-07-28,54000.00,CE,BANKNIFTY26JUL54000CE,3334.70,3361.45,3008.90,3184.35,3178.10,2847.70,57087.20,3184.35,31290,-6270,423,725479710.00,303,F1,30,,,,,
2026-07-27,2026-07-27,FO,NSE,IDO,61805,,BANKNIFTY,,2026-07-28,2026-07-28,54700.00,CE,BANKNIFTY26JUL54700CE,0.00,0.00,0.00,1584.20,1584.20,1584.20,57087.20,2396.30,1020,0,0,0.00,0,F1,30,,,,,
2026-07-27,2026-07-27,FO,NSE,IDO,61819,,BANKNIFTY,,2026-07-28,2026-07-28,55400.00,CE,BANKNIFTY26JUL55400CE,1949.95,1950.00,1636.95,1784.50,1786.15,1451.90,57087.20,1784.50,3630,-270,36,61731661.50,33,F1,30,,,,,
2026-07-27,2026-07-27,FO,NSE,IDO,61843,,BANKNIFTY,,2026-07-28,2026-07-28,56400.00,CE,BANKNIFTY26JUL56400CE,837.90,1002.55,600.00,792.85,777.35,604.45,57087.20,792.85,43290,-31440,6283,10782522330.00,4549,F1,30,,,,,
2026-07-27,2026-07-27,FO,NSE,IDO,61875,,BANKNIFTY,,2026-07-28,2026-07-28,57400.00,CE,BANKNIFTY26JUL57400CE,184.80,229.35,60.30,97.20,93.00,123.65,57087.20,97.20,539220,259410,479030,826504962325.50,281636,F1,30,,,,,
2026-07-27,2026-07-27,FO,NSE,IDO,61877,,BANKNIFTY,,2026-07-28,2026-07-28,57500.00,CE,BANKNIFTY26JUL57500CE,150.20,184.40,45.90,72.05,69.00,102.50,57087.20,72.05,1140990,124440,879755,1519830794820.00,469887,F1,30,,,,,
2026-07-27,2026-07-27,FO,NSE,IDO,61879,,BANKNIFTY,,2026-07-28,2026-07-28,57600.00,CE,BANKNIFTY26JUL57600CE,121.00,146.00,34.00,52.80,51.00,84.75,57087.20,52.80,476040,213660,287061,496601148744.00,171995,F1,30,,,,,
2026-07-27,2026-07-27,FO,NSE,IDO,61963,,BANKNIFTY,,2026-07-28,2026-07-28,60100.00,CE,BANKNIFTY26JUL60100CE,9.70,9.75,1.15,1.65,1.20,3.60,57087.20,1.65,64170,20070,7866,14182978453.50,3377,F1,30,,,,,
2026-07-27,2026-07-27,FO,NSE,IDO,62073,,BANKNIFTY,,2026-07-28,2026-07-28,63000.00,CE,BANKNIFTY26JUL63000CE,1.35,1.55,0.45,0.60,0.55,1.30,57087.20,0.60,214440,-62250,9599,18142357069.50,2723,F1,30,,,,,
2026-07-27,2026-07-27,FO,NSE,IDO,58754,,BANKNIFTY,,2026-08-25,2026-08-25,47500.00,CE,BANKNIFTY26AUG47500CE,0.00,0.00,0.00,8441.50,0.00,8441.50,57087.20,9815.95,0,0,0,0.00,0,F1,30,,,,,
2026-07-27,2026-07-27,FO,NSE,IDO,58808,,BANKNIFTY,,2026-08-25,2026-08-25,48800.00,CE,BANKNIFTY26AUG48800CE,0.00,0.00,0.00,7274.40,0.00,7274.40,57087.20,8524.50,0,0,0,0.00,0,F1,30,,,,,
2026-07-27,2026-07-27,FO,NSE,IDO,58814,,BANKNIFTY,,2026-08-25,2026-08-25,49100.00,CE,BANKNIFTY26AUG49100CE,0.00,0.00,0.00,7013.00,0.00,7013.00,57087.20,8227.15,0,0,0,0.00,0,F1,30,,,,,
2026-07-27,2026-07-27,FO,NSE,IDO,58872,,BANKNIFTY,,2026-08-25,2026-08-25,50700.00,CE,BANKNIFTY26AUG50700CE,0.00,0.00,0.00,5681.60,0.00,5681.60,57087.20,6651.75,0,0,0,0.00,0,F1,30,,,,,
2026-07-27,2026-07-27,FO,NSE,IDO,58906,,BANKNIFTY,,2026-08-25,2026-08-25,51500.00,CE,BANKNIFTY26AUG51500CE,0.00,0.00,0.00,5061.80,0.00,5061.80,57087.20,5877.30,0,0,0,0.00,0,F1,30,,,,,
2026-07-27,2026-07-27,FO,NSE,IDO,58924,,BANKNIFTY,,2026-08-25,2026-08-25,52200.00,CE,BANKNIFTY26AUG52200CE,5150.00,5150.00,5130.00,5140.00,5140.00,4549.90,57087.20,5213.20,30,30,7,12040800.00,7,F1,30,,,,,
2026-07-27,2026-07-27,FO,NSE,IDO,58980,,BANKNIFTY,,2026-08-25,2026-08-25,54100.00,CE,BANKNIFTY26AUG54100CE,0.00,0.00,0.00,3304.80,0.00,3304.80,57087.20,3524.10,0,0,0,0.00,0,F1,30,,,,,
2026-07-27,2026-07-27,FO,NSE,IDO,59002,,BANKNIFTY,,2026-08-25,2026-08-25,54900.00,CE,BANKNIFTY26AUG54900CE,0.00,0.00,0.00,2851.80,0.00,2851.80,57087.20,2888.35,0,0,0,0.00,0,F1,30,,,,,
2026-07-27,2026-07-27,FO,NSE,IDO,59006,,BANKNIFTY,,2026-08-25,2026-08-25,55100.00,CE,BANKNIFTY26AUG55100CE,0.00,0.00,0.00,2745.20,0.00,2745.20,57087.20,2740.60,0,0,0,0.00,0,F1,30,,,,,
2026-07-27,2026-07-27,FO,NSE,IDO,59057,,BANKNIFTY,,2026-08-25,2026-08-25,56600.00,CE,BANKNIFTY26AUG56600CE,1443.95,1485.55,1257.65,1372.50,1382.00,1253.75,57087.20,1372.50,12060,-5850,668,1162193070.00,493,F1,30,,,,,
2026-07-27,2026-07-27,FO,NSE,IDO,59059,,BANKNIFTY,,2026-08-25,2026-08-25,56700.00,CE,BANKNIFTY26AUG56700CE,1400.00,1425.00,1185.60,1311.10,1324.05,1202.45,57087.20,1311.10,16680,-9090,999,1739195634.00,706,F1,30,,,,,
2026-07-27,2026-07-27,FO,NSE,IDO,59061,,BANKNIFTY,,2026-08-25,2026-08-25,56800.00,CE,BANKNIFTY26AUG56800CE,1277.00,1362.85,1121.35,1247.20,1250.05,1141.85,57087.20,1247.20,17460,-13680,1452,2529009885.00,1020,F1,30,,,,,
2026-07-27,2026-07-27,FO,NSE,IDO,59086,,BANKNIFTY,,2026-08-25,2026-08-25,57300.00,CE,BANKNIFTY26AUG57300CE,894.00,1060.45,853.00,951.45,951.85,869.20,57087.20,951.45,66960,30930,3809,6657188701.50,2561,F1,30,,,,,
2026-07-27,2026-07-27,FO,NSE,IDO,59202,,BANKNIFTY,,2026-08-25,2026-08-25,60500.00,CE,BANKNIFTY26AUG60500CE,101.10,102.15,75.40,79.30,82.35,81.35,57087.20,79.30,88140,2850,3152,5729001376.50,1780,F1,30,,,,,
2026-07-27,2026-07-27,FO,NSE,IDO,59204,,BANKNIFTY,,2026-08-25,2026-08-25,60600.00,CE,BANKNIFTY26AUG60600CE,0.00,0.00,0.00,792.50,0.00,792.50,57087.20,329.20,0,0,0,0.00,0,F1,30,,,,,
2026-07-27,2026-07-27,FO,NSE,IDO,59250,,BANKNIFTY,,2026-08-25,2026-08-25,61800.00,CE,BANKNIFTY26AUG61800CE,0.00,0.00,0.00,575.10,0.00,575.10,57087.20,172.65,0,0,0,0.00,0,F1,30,,,,,
2026-07-27,2026-07-27,FO,NSE,IDO,59272,,BANKNIFTY,,2026-08-25,2026-08-25,62600.00,CE,BANKNIFTY26AUG62600CE,0.00,0.00,0.00,459.90,0.00,459.90,57087.20,108.05,0,0,0,0.00,0,F1,30,,,,,
2026-07-27,2026-07-27,FO,NSE,IDO,59274,,BANKNIFTY,,2026-08-25,2026-08-25,62700.00,CE,BANKNIFTY26AUG62700CE,0.00,0.00,0.00,447.00,0.00,447.00,57087.20,101.70,0,0,0,0.00,0,F1,30,,,,,
2026-07-27,2026-07-27,FO,NSE,IDO,59321,,BANKNIFTY,,2026-08-25,2026-08-25,64200.00,CE,BANKNIFTY26AUG64200CE,0.00,0.00,0.00,287.50,0.00,287.50,57087.20,38.65,0,0,0,0.00,0,F1,30,,,,,
2026-07-27,2026-07-27,FO,NSE,IDO,59350,,BANKNIFTY,,2026-08-25,2026-08-25,65500.00,CE,BANKNIFTY26AUG65500CE,9.45,9.45,6.40,6.60,6.60,10.55,57087.20,15.40,2850,-390,74,145426077.00,56,F1,30,,,,,
2026-07-27,2026-07-27,FO,NSE,IDO,69668,,BANKNIFTY,,2026-09-29,2026-09-29,52100.00,CE,BANKNIFTY26SEP52100CE,0.00,0.00,0.00,6649.05,0.00,6649.05,57087.20,5868.80,0,0,0,0.00,0,F1,30,,,,,
2026-07-27,2026-07-27,FO,NSE,IDO,59168,,BANKNIFTY,,2026-08-25,2026-08-25,60000.00,PE,BANKNIFTY26AUG60000PE,2696.95,2909.30,2575.00,2704.60,2710.35,3008.20,57087.20,2704.60,246180,41700,2433,4579486573.50,1821,F1,30,,,,,
2026-07-27,2026-07-27,FO,NSE,IDO,59218,,BANKNIFTY,,2026-08-25,2026-08-25,60900.00,PE,BANKNIFTY26AUG60900PE,0.00,0.00,0.00,5640.00,0.00,5640.00,57087.20,3802.20,0,0,0,0.00,0,F1,30,,,,,
2026-07-27,2026-07-27,FO,NSE,IDO,59255,,BANKNIFTY,,2026-08-25,2026-08-25,62000.00,PE,BANKNIFTY26AUG62000PE,4412.00,4754.35,4412.00,4589.10,4592.35,4908.25,57087.20,4589.10,52770,19920,917,1833016660.50,711,F1,30,,,,,
2026-07-27,2026-07-27,FO,NSE,IDO,59265,,BANKNIFTY,,2026-08-25,2026-08-25,62400.00,PE,BANKNIFTY26AUG62400PE,0.00,0.00,0.00,6871.90,0.00,6871.90,57087.20,5134.90,0,0,0,0.00,0,F1,30,,,,,
2026-07-27,2026-07-27,FO,NSE,IDO,59341,,BANKNIFTY,,2026-08-25,2026-08-25,65000.00,PE,BANKNIFTY26AUG65000PE,7480.65,7732.10,7442.90,7553.15,7531.10,7860.65,57087.20,7553.15,58470,30270,1179,2567723511.00,1060,F1,30,,,,,
2026-07-27,2026-07-27,FO,NSE,IDO,59351,,BANKNIFTY,,2026-08-25,2026-08-25,65500.00,PE,BANKNIFTY26AUG65500PE,0.00,0.00,0.00,9631.45,0.00,9631.45,57087.20,8113.55,0,0,0,0.00,0,F1,30,,,,,
2026-07-27,2026-07-27,FO,NSE,IDO,69675,,BANKNIFTY,,2026-09-29,2026-09-29,52400.00,PE,BANKNIFTY26SEP52400PE,0.00,0.00,0.00,453.55,0.00,453.55,57087.20,321.60,0,0,0,0.00,0,F1,30,,,,,
2026-07-27,2026-07-27,FO,NSE,IDO,69677,,BANKNIFTY,,2026-09-29,2026-09-29,52600.00,PE,BANKNIFTY26SEP52600PE,0.00,0.00,0.00,486.75,0.00,486.75,57087.20,350.95,0,0,0,0.00,0,F1,30,,,,,
2026-07-27,2026-07-27,FO,NSE,IDO,69679,,BANKNIFTY,,2026-09-29,2026-09-29,52700.00,PE,BANKNIFTY26SEP52700PE,0.00,0.00,0.00,504.05,0.00,504.05,57087.20,366.35,0,0,0,0.00,0,F1,30,,,,,
2026-07-27,2026-07-27,FO,NSE,IDO,69756,,BANKNIFTY,,2026-09-29,2026-09-29,54500.00,PE,BANKNIFTY26SEP54500PE,0.00,0.00,0.00,901.30,0.00,901.30,57087.20,743.40,0,0,0,0.00,0,F1,30,,,,,
2026-07-27,2026-07-27,FO,NSE,IDO,69841,,BANKNIFTY,,2026-09-29,2026-09-29,58100.00,PE,BANKNIFTY26SEP58100PE,0.00,0.00,0.00,2257.45,0.00,2257.45,57087.20,2177.65,0,0,0,0.00,0,F1,30,,,,,
2026-07-27,2026-07-27,FO,NSE,IDO,69849,,BANKNIFTY,,2026-09-29,2026-09-29,58300.00,PE,BANKNIFTY26SEP58300PE,0.00,0.00,0.00,2356.80,0.00,2356.80,57087.20,2286.90,0,0,0,0.00,0,F1,30,,,,,
2026-07-27,2026-07-27,FO,NSE,IDO,69851,,BANKNIFTY,,2026-09-29,2026-09-29,58400.00,PE,BANKNIFTY26SEP58400PE,0.00,0.00,0.00,2216.35,2216.35,2216.35,57087.20,2342.65,840,0,0,0.00,0,F1,30,,,,,
2026-07-27,2026-07-27,FO,NSE,IDO,52359,,BANKNIFTY,,2026-09-29,2026-09-29,58500.00,PE,BANKNIFTY26SEP58500PE,1570.10,1729.55,1499.50,1626.20,1626.15,1914.60,57087.20,1626.20,59610,990,196,353151171.00,122,F1,30,,,,,
2026-07-27,2026-07-27,FO,NSE,IDO,69873,,BANKNIFTY,,2026-09-29,2026-09-29,58900.00,PE,BANKNIFTY26SEP58900PE,0.00,0.00,0.00,2670.75,0.00,2670.75,57087.20,2632.70,0,0,0,0.00,0,F1,30,,,,,
2026-07-27,2026-07-27,FO,NSE,IDO,69896,,BANKNIFTY,,2026-09-29,2026-09-29,59000.00,PE,BANKNIFTY26SEP59000PE,1842.65,2036.40,1841.00,1937.15,1927.45,2192.45,57087.20,1937.15,47760,6840,399,729044710.50,394,F1,30,,,,,
2026-07-27,2026-07-27,FO,NSE,IDO,69898,,BANKNIFTY,,2026-09-29,2026-09-29,59100.00,PE,BANKNIFTY26SEP59100PE,0.00,0.00,0.00,2780.45,0.00,2780.45,57087.20,2753.95,0,0,0,0.00,0,F1,30,,,,,
2026-07-27,2026-07-27,FO,NSE,IDO,70042,,BANKNIFTY,,2026-09-29,2026-09-29,61600.00,PE,BANKNIFTY26SEP61600PE,0.00,0.00,0.00,4351.85,0.00,4351.85,57087.20,4498.05,0,0,0,0.00,0,F1,30,,,,,
2026-07-27,2026-07-27,FO,NSE,IDO,52413,,BANKNIFTY,,2026-09-29,2026-09-29,64500.00,PE,BANKNIFTY26SEP64500PE,0.00,0.00,0.00,7730.90,0.00,7730.90,57087.20,6931.85,0,0,0,0.00,0,F1,30,,,,,
2026-07-27,2026-07-27,FO,NSE,IDO,70208,,BANKNIFTY,,2026-09-29,2026-09-29,65000.00,PE,BANKNIFTY26SEP65000PE,0.00,0.00,0.00,6080.00,6080.00,6080.00,57087.20,7382.10,90,0,0,0.00,0,F1,30,,,,,
2026-07-27,2026-07-27,FO,NSE,IDO,53213,,BANKNIFTY,,2026-12-29,2026-12-29,45000.00,PE,BANKNIFTY26DEC45000PE,64.00,83.95,64.00,75.25,75.25,81.85,57087.20,75.25,26280,330,27,36511117.50,23,F1,30,,,,,
2026-07-27,2026-07-27,FO,NSE,IDO,76393,,BANKNIFTY,,2027-03-30,2027-03-30,52500.00,PE,BANKNIFTY27MAR52500PE,0.00,0.00,0.00,3218.25,0.00,3218.25,57087.20,1214.75,0,0,0,0.00,0,F1,30,,,,,
2026-07-27,2026-07-27,FO,NSE,IDO,70803,,BANKNIFTY,,2027-06-29,2027-06-29,64500.00,PE,BANKNIFTY27JUN64500PE,0.00,0.00,0.00,6674.35,0.00,6674.35,57087.20,6728.40,0,0,0,0.00,0,F1,30,,,,,
2026-07-27,2026-07-27,FO,NSE,IDO,61736,,BANKNIFTY,,2026-07-28,2026-07-28,52100.00,PE,BANKNIFTY26JUL52100PE,2.90,3.35,0.95,1.55,2.00,2.95,57087.20,1.55,2490,-750,208,325114941.00,83,F1,30,,,,,
2026-07-27,2026-07-27,FO,NSE,IDO,61715,,BANKNIFTY,,2026-07-28,2026-07-28,51400.00,PE,BANKNIFTY26JUL51400PE,3.00,3.00,0.80,1.00,0.95,3.05,57087.20,1.00,3330,-360,240,370092745.50,109,F1,30,,,,,
2026-07-27,2026-07-27,FO,NSE,IDO,61705,,BANKNIFTY,,2026-07-28,2026-07-28,50900.00,PE,BANKNIFTY26JUL50900PE,2.65,2.65,1.25,1.40,1.30,2.70,57087.20,1.40,9210,1770,238,363438013.50,86,F1,30,,,,,
2026-07-27,2026-07-27,FO,NSE,IDO,61698,,BANKNIFTY,,2026-07-28,2026-07-28,50600.00,PE,BANKNIFTY26JUL50600PE,2.90,2.90,0.65,0.95,0.65,2.05,57087.20,0.95,1950,-300,40,60721398.00,17,F1,30,,,,,
2026-07-27,2026-07-27,FO,NSE,IDO,61696,,BANKNIFTY,,2026-07-28,2026-07-28,50500.00,PE,BANKNIFTY26JUL50500PE,1.65,2.10,0.50,0.75,0.50,2.35,57087.20,0.75,40200,-4590,1546,2342230998.00,505,F1,30,,,,,
2026-07-27,2026-07-27,FO,NSE,IDO,61642,,BANKNIFTY,,2026-07-28,2026-07-28,48300.00,PE,BANKNIFTY26JUL48300PE,1.10,1.55,1.10,1.15,1.10,2.80,57087.20,1.15,1020,-300,33,47818110.00,10,F1,30,,,,,
2026-07-27,2026-07-27,FO,NSE,IDO,61600,,BANKNIFTY,,2026-07-28,2026-07-28,46500.00,PE,BANKNIFTY26JUL46500PE,0.65,1.35,0.40,0.65,0.60,0.70,57087.20,0.65,15540,-1110,763,1064404279.50,394,F1,30,,,,,
2026-07-27,2026-07-27,FO,NSE,IDO,70802,,BANKNIFTY,,2027-06-29,2027-06-29,64500.00,CE,BANKNIFTY27JUN64500CE,0.00,0.00,0.00,3584.50,0.00,3584.50,57087.20,3134.25,0,0,0,0.00,0,F1,30,,,,,
2026-07-27,2026-07-27,FO,NSE,IDO,70761,,BANKNIFTY,,2027-06-29,2027-06-29,49500.00,CE,BANKNIFTY27JUN49500CE,0.00,0.00,0.00,11915.80,0.00,11915.80,57087.20,11360.90,0,0,0,0.00,0,F1,30,,,,,
2026-07-27,2026-07-27,FO,NSE,IDO,52439,,BANKNIFTY,,2026-09-29,2026-09-29,69000.00,CE,BANKNIFTY26SEP69000CE,0.00,0.00,0.00,882.60,0.00,882.60,57087.20,43.00,0,0,0,0.00,0,F1,30,,,,,
2026-07-27,2026-07-27,FO,NSE,IDO,52412,,BANKNIFTY,,2026-09-29,2026-09-29,64500.00,CE,BANKNIFTY26SEP64500CE,0.00,0.00,0.00,1685.65,0.00,1685.65,57087.20,262.30,0,0,0,0.00,0,F1,30,,,,,
2026-07-27,2026-07-27,FO,NSE,IDO,70099,,BANKNIFTY,,2026-09-29,2026-09-29,63200.00,CE,BANKNIFTY26SEP63200CE,0.00,0.00,0.00,845.10,0.00,845.10,57087.20,413.80,0,0,0,0.00,0,F1,30,,,,,
2026-07-27,2026-07-27,FO,NSE,IDO,70004,,BANKNIFTY,,2026-09-29,2026-09-29,59900.00,CE,BANKNIFTY26SEP59900CE,0.00,0.00,0.00,1805.40,0.00,1805.40,57087.20,1144.85,0,0,0,0.00,0,F1,30,,,,,
2026-07-27,2026-07-27,FO,NSE,IDO,69899,,BANKNIFTY,,2026-09-29,2026-09-29,59200.00,CE,BANKNIFTY26SEP59200CE,0.00,0.00,0.00,2087.15,0.00,2087.15,57087.20,1385.00,0,0,0,0.00,0,F1,30,,,,,
2026-07-27,2026-07-27,FO,NSE,IDO,52358,,BANKNIFTY,,2026-09-29,2026-09-29,58500.00,CE,BANKNIFTY26SEP58500CE,1043.95,1089.05,890.00,953.25,960.25,896.25,57087.20,953.25,68970,1680,557,994251571.50,316,F1,30,,,,,
2026-07-27,2026-07-27,FO,NSE,IDO,69848,,BANKNIFTY,,2026-09-29,2026-09-29,58300.00,CE,BANKNIFTY26SEP58300CE,0.00,0.00,0.00,2493.95,0.00,2493.95,57087.20,1745.90,0,0,0,0.00,0,F1,30,,,,,
2026-07-27,2026-07-27,FO,NSE,IDO,69828,,BANKNIFTY,,2026-09-29,2026-09-29,57800.00,CE,BANKNIFTY26SEP57800CE,0.00,0.00,0.00,1228.30,1234.40,1228.30,57087.20,1972.85,1290,0,0,0.00,0,F1,30,,,,,
2026-07-27,2026-07-27,FO,NSE,IDO,69806,,BANKNIFTY,,2026-09-29,2026-09-29,56700.00,CE,BANKNIFTY26SEP56700CE,0.00,0.00,0.00,3344.80,0.00,3344.80,57087.20,2541.00,0,0,0,0.00,0,F1,30,,,,,
2026-07-27,2026-07-27,FO,NSE,IDO,69672,,BANKNIFTY,,2026-09-29,2026-09-29,52300.00,CE,BANKNIFTY26SEP52300CE,0.00,0.00,0.00,6482.70,0.00,6482.70,57087.20,5697.55,0,0,0,0.00,0,F1,30,,,,,
2026-07-27,2026-07-27,FO,NSE,IDO,69658,,BANKNIFTY,,2026-09-29,2026-09-29,51600.00,CE,BANKNIFTY26SEP51600CE,0.00,0.00,0.00,7072.05,0.00,7072.05,57087.20,6304.70,0,0,0,0.00,0,F1,30,,,,,
2026-07-27,2026-07-27,FO,NSE,IDO,59258,,BANKNIFTY,,2026-08-25,2026-08-25,62200.00,CE,BANKNIFTY26AUG62200CE,0.00,0.00,0.00,514.80,0.00,514.80,57087.20,137.10,0,0,0,0.00,0,F1,30,,,,,
2026-07-27,2026-07-27,FO,NSE,IDO,59145,,BANKNIFTY,,2026-08-25,2026-08-25,59000.00,CE,BANKNIFTY26AUG59000CE,300.00,343.95,259.10,287.55,290.00,268.40,57087.20,287.55,745320,-62040,22379,39809455581.00,9805,F1,30,,,,,
2026-07-27,2026-07-27,FO,NSE,IDO,59111,,BANKNIFTY,,2026-08-25,2026-08-25,58100.00,CE,BANKNIFTY26AUG58100CE,585.00,654.95,507.20,571.95,570.55,515.45,57087.20,571.95,41460,8520,771,1357194309.00,507,F1,30,,,,,
2026-07-27,2026-07-27,FO,NSE,IDO,59030,,BANKNIFTY,,2026-08-25,2026-08-25,55900.00,CE,BANKNIFTY26AUG55900CE,1994.00,1994.00,1790.00,1866.40,1866.40,1707.45,57087.20,1866.40,1620,-90,13,22535608.50,13,F1,30,,,,,
2026-07-27,2026-07-27,FO,NSE,IDO,58988,,BANKNIFTY,,2026-08-25,2026-08-25,54400.00,CE,BANKNIFTY26AUG54400CE,0.00,0.00,0.00,3129.90,0.00,3129.90,57087.20,3279.25,0,0,0,0.00,0,F1,30,,,,,
2026-07-27,2026-07-27,FO,NSE,IDO,58932,,BANKNIFTY,,2026-08-25,2026-08-25,52600.00,CE,BANKNIFTY26AUG52600CE,0.00,0.00,0.00,4266.95,0.00,4266.95,57087.20,4841.65,0,0,0,0.00,0,F1,30,,,,,
2026-07-27,2026-07-27,FO,NSE,IDO,58884,,BANKNIFTY,,2026-08-25,2026-08-25,51300.00,CE,BANKNIFTY26AUG51300CE,0.00,0.00,0.00,5213.60,0.00,5213.60,57087.20,6069.60,0,0,0,0.00,0,F1,30,,,,,
2026-07-27,2026-07-27,FO,NSE,IDO,58868,,BANKNIFTY,,2026-08-25,2026-08-25,50500.00,CE,BANKNIFTY26AUG50500CE,0.00,0.00,0.00,7100.00,7100.00,7100.00,57087.20,6847.15,90,0,0,0.00,0,F1,30,,,,,
2026-07-27,2026-07-27,FO,NSE,IDO,62089,,BANKNIFTY,,2026-07-28,2026-07-28,63700.00,CE,BANKNIFTY26JUL63700CE,1.10,1.45,0.70,1.05,1.00,1.30,57087.20,1.05,25830,-1830,261,498779650.50,110,F1,30,,,,,
2026-07-27,2026-07-27,FO,NSE,IDO,62025,,BANKNIFTY,,2026-07-28,2026-07-28,61800.00,CE,BANKNIFTY26JUL61800CE,1.85,4.00,1.10,1.55,1.25,1.85,57087.20,1.55,31560,2040,1218,2258231848.50,444,F1,30,,,,,
2026-07-27,2026-07-27,FO,NSE,IDO,61895,,BANKNIFTY,,2026-07-28,2026-07-28,58300.00,CE,BANKNIFTY26JUL58300CE,37.70,37.70,9.25,10.25,11.50,25.00,57087.20,10.25,426060,122880,90704,158680720606.50,40511,F1,30,,,,,
2026-07-27,2026-07-27,FO,NSE,IDO,61673,,BANKNIFTY,,2026-07-28,2026-07-28,49600.00,CE,BANKNIFTY26JUL49600CE,0.00,0.00,0.00,6838.45,0.00,6838.45,57087.20,7495.45,0,0,0,0.00,0,F1,30,,,,,
2026-07-27,2026-07-27,FO,NSE,IDO,61649,,BANKNIFTY,,2026-07-28,2026-07-28,48600.00,CE,BANKNIFTY26JUL48600CE,0.00,0.00,0.00,7713.75,0.00,7713.75,57087.20,8495.30,0,0,0,0.00,0,F1,30,,,,,
2026-07-27,2026-07-27,FO,NSE,IDO,61744,,BANKNIFTY,,2026-07-28,2026-07-28,52500.00,PE,BANKNIFTY26JUL52500PE,3.20,3.20,1.25,1.65,1.65,3.25,57087.20,1.65,132780,-34500,11506,18122568279.00,3613,F1,30,,,,,
2026-07-27,2026-07-27,FO,NSE,IDO,61763,,BANKNIFTY,,2026-07-28,2026-07-28,53300.00,PE,BANKNIFTY26JUL53300PE,3.00,3.50,1.20,1.75,1.75,4.05,57087.20,1.75,14400,-240,1716,2743989325.50,648,F1,30,,,,,
2026-07-27,2026-07-27,FO,NSE,IDO,61767,,BANKNIFTY,,2026-07-28,2026-07-28,53500.00,PE,BANKNIFTY26JUL53500PE,2.95,3.30,1.30,2.05,2.65,4.10,57087.20,2.05,247080,-42780,32209,51697527675.00,9286,F1,30,,,,,
2026-07-27,2026-07-27,FO,NSE,IDO,61820,,BANKNIFTY,,2026-07-28,2026-07-28,55400.00,PE,BANKNIFTY26JUL55400PE,6.95,9.95,3.20,4.00,3.75,32.60,57087.20,4.00,80340,-46800,41000,68149759204.50,17735,F1,30,,,,,
2026-07-27,2026-07-27,FO,NSE,IDO,61827,,BANKNIFTY,,2026-07-28,2026-07-28,55600.00,PE,BANKNIFTY26JUL55600PE,12.55,15.80,4.15,5.30,4.95,45.50,57087.20,5.30,91620,-38040,44681,74538764829.00,21820,F1,30,,,,,
2026-07-27,2026-07-27,FO,NSE,IDO,61968,,BANKNIFTY,,2026-07-28,2026-07-28,60300.00,PE,BANKNIFTY26JUL60300PE,0.00,0.00,0.00,1960.40,1960.40,1960.40,57087.20,3202.80,120,0,0,0.00,0,F1,30,,,,,
2026-07-27,2026-07-27,FO,NSE,IDO,61996,,BANKNIFTY,,2026-07-28,2026-07-28,60900.00,PE,BANKNIFTY26JUL60900PE,0.00,0.00,0.00,2610.00,2610.00,2610.00,57087.20,3802.70,60,0,0,0.00,0,F1,30,,,,,
2026-07-27,2026-07-27,FO,NSE,IDO,62014,,BANKNIFTY,,2026-07-28,2026-07-28,61300.00,PE,BANKNIFTY26JUL61300PE,0.00,0.00,0.00,3160.00,3160.00,3160.00,57087.20,4202.65,90,0,0,0.00,0,F1,30,,,,,
2026-07-27,2026-07-27,FO,NSE,IDO,62024,,BANKNIFTY,,2026-07-28,2026-07-28,61700.00,PE,BANKNIFTY26JUL61700PE,0.00,0.00,0.00,3385.40,3385.40,3385.40,57087.20,4602.60,0,0,0,0.00,0,F1,30,,,,,
2026-07-27,2026-07-27,FO,NSE,IDO,62051,,BANKNIFTY,,2026-07-28,2026-07-28,62500.00,PE,BANKNIFTY26JUL62500PE,0.00,0.00,0.00,5950.00,5950.00,5950.00,57087.20,5402.45,1020,0,0,0.00,0,F1,30,,,,,
2026-07-27,2026-07-27,FO,NSE,IDO,58703,,BANKNIFTY,,2026-08-25,2026-08-25,46000.00,PE,BANKNIFTY26AUG46000PE,15.85,18.00,11.00,13.15,14.45,15.15,57087.20,13.15,151200,27840,1916,2644853221.50,1070,F1,30,,,,,
2026-07-27,2026-07-27,FO,NSE,IDO,61643,,BANKNIFTY,,2026-07-28,2026-07-28,48400.00,CE,BANKNIFTY26JUL48400CE,0.00,0.00,0.00,7892.90,0.00,7892.90,57087.20,8695.25,0,0,0,0.00,0,F1,30,,,,,
2026-07-27,2026-07-27,FO,NSE,IDO,61739,,BANKNIFTY,,2026-07-28,2026-07-28,52300.00,CE,BANKNIFTY26JUL52300CE,0.00,0.00,0.00,4695.30,0.00,4695.30,57087.20,4795.90,0,0,0,0.00,0,F1,30,,,,,
2026-07-27,2026-07-27,FO,NSE,IDO,61745,,BANKNIFTY,,2026-07-28,2026-07-28,52600.00,CE,BANKNIFTY26JUL52600CE,0.00,0.00,0.00,3327.90,3327.90,3327.90,57087.20,4495.95,90,0,0,0.00,0,F1,30,,,,,
2026-07-27,2026-07-27,FO,NSE,IDO,61770,,BANKNIFTY,,2026-07-28,2026-07-28,53700.00,CE,BANKNIFTY26JUL53700CE,3617.75,3617.75,3617.75,3617.75,3617.75,3758.30,57087.20,3396.15,450,0,1,1719532.50,1,F1,30,,,,,
2026-07-27,2026-07-27,FO,NSE,IDO,61873,,BANKNIFTY,,2026-07-28,2026-07-28,57300.00,CE,BANKNIFTY26JUL57300CE,190.05,283.00,80.00,130.85,126.35,149.00,57087.20,130.85,637590,355440,730277,1258595397420.00,451592,F1,30,,,,,
2026-07-27,2026-07-27,FO,NSE,IDO,62012,,BANKNIFTY,,2026-07-28,2026-07-28,61300.00,CE,BANKNIFTY26JUL61300CE,2.15,3.05,1.35,1.65,1.75,2.15,57087.20,1.65,11970,-1170,626,1151250165.00,245,F1,30,,,,,
2026-07-27,2026-07-27,FO,NSE,IDO,62153,,BANKNIFTY,,2026-07-28,2026-07-28,66000.00,CE,BANKNIFTY26JUL66000CE,0.65,0.65,0.35,0.40,0.35,0.65,57087.20,0.40,85710,-1020,3686,7298331903.00,1371,F1,30,,,,,
2026-07-27,2026-07-27,FO,NSE,IDO,58810,,BANKNIFTY,,2026-08-25,2026-08-25,48900.00,CE,BANKNIFTY26AUG48900CE,0.00,0.00,0.00,7186.90,0.00,7186.90,57087.20,8425.35,0,0,0,0.00,0,F1,30,,,,,
2026-07-27,2026-07-27,FO,NSE,IDO,58848,,BANKNIFTY,,2026-08-25,2026-08-25,49800.00,CE,BANKNIFTY26AUG49800CE,0.00,0.00,0.00,6416.75,0.00,6416.75,57087.20,7535.10,0,0,0,0.00,0,F1,30,,,,,
2026-07-27,2026-07-27,FO,NSE,IDO,58852,,BANKNIFTY,,2026-08-25,2026-08-25,50000.00,CE,BANKNIFTY26AUG50000CE,7526.75,7526.75,7155.00,7324.70,7320.00,6992.25,57087.20,7324.70,107820,17940,1014,1741758192.00,805,F1,30,,,,,
2026-07-27,2026-07-27,FO,NSE,IDO,58862,,BANKNIFTY,,2026-08-25,2026-08-25,50300.00,CE,BANKNIFTY26AUG50300CE,0.00,0.00,0.00,6003.65,0.00,6003.65,57087.20,7043.15,0,0,0,0.00,0,F1,30,,,,,
2026-07-27,2026-07-27,FO,NSE,IDO,58918,,BANKNIFTY,,2026-08-25,2026-08-25,51900.00,CE,BANKNIFTY26AUG51900CE,0.00,0.00,0.00,4766.95,0.00,4766.95,57087.20,5495.90,0,0,0,0.00,0,F1,30,,,,,
2026-07-27,2026-07-27,FO,NSE,IDO,59000,,BANKNIFTY,,2026-08-25,2026-08-25,54800.00,CE,BANKNIFTY26AUG54800CE,0.00,0.00,0.00,2602.75,2602.75,2602.75,57087.20,2964.70,300,0,0,0.00,0,F1,30,,,,,
2026-07-27,2026-07-27,FO,NSE,IDO,59090,,BANKNIFTY,,2026-08-25,2026-08-25,57500.00,CE,BANKNIFTY26AUG57500CE,881.90,940.00,759.40,843.65,851.00,772.90,57087.20,843.65,254640,29460,14611,25576066762.50,8850,F1,30,,,,,
2026-07-27,2026-07-27,FO,NSE,IDO,59108,,BANKNIFTY,,2026-08-25,2026-08-25,58000.00,CE,BANKNIFTY26AUG58000CE,625.40,691.00,537.70,607.50,613.40,548.55,57087.20,607.50,1414980,211260,43998,77359808260.50,26673,F1,30,,,,,
2026-07-27,2026-07-27,FO,NSE,IDO,59119,,BANKNIFTY,,2026-08-25,2026-08-25,58300.00,CE,BANKNIFTY26AUG58300CE,540.35,572.25,440.30,494.50,501.00,455.05,57087.20,494.50,26640,5490,685,1208435721.00,467,F1,30,,,,,
2026-07-27,2026-07-27,FO,NSE,IDO,59167,,BANKNIFTY,,2026-08-25,2026-08-25,60000.00,CE,BANKNIFTY26AUG60000CE,143.00,155.00,116.35,123.25,125.00,124.45,57087.20,123.25,625140,81720,19506,35188068030.00,8365,F1,30,,,,,
2026-07-27,2026-07-27,FO,NSE,IDO,59221,,BANKNIFTY,,2026-08-25,2026-08-25,61000.00,CE,BANKNIFTY26AUG61000CE,69.00,69.95,49.50,51.20,50.45,54.20,57087.20,51.20,350910,66270,10035,18380688417.00,4644,F1,30,,,,,
2026-07-27,2026-07-27,FO,NSE,IDO,52282,,BANKNIFTY,,2026-09-29,2026-09-29,51000.00,CE,BANKNIFTY26SEP51000CE,0.00,0.00,0.00,7836.25,0.00,7836.25,57087.20,6840.90,0,0,0,0.00,0,F1,30,,,,,
2026-07-27,2026-07-27,FO,NSE,IDO,69666,,BANKNIFTY,,2026-09-29,2026-09-29,52000.00,CE,BANKNIFTY26SEP52000CE,5700.00,5700.00,5700.00,5700.00,5700.00,6732.85,57087.20,5955.10,30,30,1,1731000.00,1,F1,30,,,,,
2026-07-27,2026-07-27,FO,NSE,IDO,69680,,BANKNIFTY,,2026-09-29,2026-09-29,52800.00,CE,BANKNIFTY26SEP52800CE,0.00,0.00,0.00,6074.55,0.00,6074.55,57087.20,5277.95,0,0,0,0.00,0,F1,30,,,,,
2026-07-27,2026-07-27,FO,NSE,IDO,69690,,BANKNIFTY,,2026-09-29,2026-09-29,53300.00,CE,BANKNIFTY26SEP53300CE,0.00,0.00,0.00,5678.00,0.00,5678.00,57087.20,4871.45,0,0,0,0.00,0,F1,30,,,,,
2026-07-27,2026-07-27,FO,NSE,IDO,69767,,BANKNIFTY,,2026-09-29,2026-09-29,55000.00,CE,BANKNIFTY26SEP55000CE,3130.00,3192.65,3104.00,3155.70,3155.70,3015.00,57087.20,3155.70,630,120,8,13955499.00,7,F1,30,,,,,
2026-07-27,2026-07-27,FO,NSE,IDO,69775,,BANKNIFTY,,2026-09-29,2026-09-29,55300.00,CE,BANKNIFTY26SEP55300CE,0.00,0.00,0.00,4222.45,0.00,4222.45,57087.20,3399.85,0,0,0,0.00,0,F1,30,,,,,
2026-07-27,2026-07-27,FO,NSE,IDO,69783,,BANKNIFTY,,2026-09-29,2026-09-29,55800.00,CE,BANKNIFTY26SEP55800CE,0.00,0.00,0.00,3895.05,0.00,3895.05,57087.20,3075.95,0,0,0,0.00,0,F1,30,,,,,
2026-07-27,2026-07-27,FO,NSE,IDO,52334,,BANKNIFTY,,2026-09-29,2026-09-29,57000.00,CE,BANKNIFTY26SEP57000CE,1799.00,1868.70,1630.00,1741.55,1754.50,1620.55,57087.20,1741.55,43350,750,459,808978440.00,376,F1,30,,,,,
2026-07-27,2026-07-27,FO,NSE,IDO,69832,,BANKNIFTY,,2026-09-29,2026-09-29,57900.00,CE,BANKNIFTY26SEP57900CE,1355.50,1355.50,1183.85,1253.15,1253.15,2691.45,57087.20,1925.90,1890,1890,95,168645247.50,71,F1,30,,,,,
2026-07-27,2026-07-27,FO,NSE,IDO,69853,,BANKNIFTY,,2026-09-29,2026-09-29,58600.00,CE,BANKNIFTY26SEP58600CE,0.00,0.00,0.00,1400.60,1400.60,1400.60,57087.20,1618.90,480,0,0,0.00,0,F1,30,,,,,
2026-07-27,2026-07-27,FO,NSE,IDO,70011,,BANKNIFTY,,2026-09-29,2026-09-29,60100.00,CE,BANKNIFTY26SEP60100CE,0.00,0.00,0.00,1730.30,0.00,1730.30,57087.20,1082.40,0,0,0,0.00,0,F1,30,,,,,
2026-07-27,2026-07-27,FO,NSE,IDO,70027,,BANKNIFTY,,2026-09-29,2026-09-29,60900.00,CE,BANKNIFTY26SEP60900CE,0.00,0.00,0.00,1453.10,0.00,1453.10,57087.20,858.50,0,0,0,0.00,0,F1,30,,,,,
2026-07-27,2026-07-27,FO,NSE,IDO,70084,,BANKNIFTY,,2026-09-29,2026-09-29,62400.00,CE,BANKNIFTY26SEP62400CE,0.00,0.00,0.00,1029.20,0.00,1029.20,57087.20,539.45,0,0,0,0.00,0,F1,30,,,,,
2026-07-27,2026-07-27,FO,NSE,IDO,70091,,BANKNIFTY,,2026-09-29,2026-09-29,62700.00,CE,BANKNIFTY26SEP62700CE,0.00,0.00,0.00,957.70,0.00,957.70,57087.20,489.05,0,0,0,0.00,0,F1,30,,,,,
2026-07-27,2026-07-27,FO,NSE,IDO,70800,,BANKNIFTY,,2027-06-29,2027-06-29,63000.00,CE,BANKNIFTY27JUN63000CE,0.00,0.00,0.00,4124.65,0.00,4124.65,57087.20,3649.05,0,0,0,0.00,0,F1,30,,,,,
2026-07-27,2026-07-27,FO,NSE,IDO,61614,,BANKNIFTY,,2026-07-28,2026-07-28,47000.00,PE,BANKNIFTY26JUL47000PE,0.55,1.45,0.50,0.60,0.50,0.65,57087.20,0.60,59640,-10230,1672,2357555533.50,560,F1,30,,,,,
2026-07-27,2026-07-27,FO,NSE,IDO,61632,,BANKNIFTY,,2026-07-28,2026-07-28,47800.00,PE,BANKNIFTY26JUL47800PE,2.50,2.50,0.75,0.95,0.80,2.10,57087.20,0.95,480,240,46,65965663.50,17,F1,30,,,,,
2026-07-27,2026-07-27,FO,NSE,IDO,61680,,BANKNIFTY,,2026-07-28,2026-07-28,49900.00,PE,BANKNIFTY26JUL49900PE,1.65,1.65,1.00,1.20,1.00,2.05,57087.20,1.20,780,300,36,53893314.00,5,F1,30,,,,,
2026-07-27,2026-07-27,FO,NSE,IDO,61692,,BANKNIFTY,,2026-07-28,2026-07-28,50300.00,PE,BANKNIFTY26JUL50300PE,2.00,2.00,0.85,1.00,1.10,3.55,57087.20,1.00,2100,180,25,37726173.00,9,F1,30,,,,,
2026-07-27,2026-07-27,FO,NSE,IDO,61759,,BANKNIFTY,,2026-07-28,2026-07-28,53100.00,PE,BANKNIFTY26JUL53100PE,3.15,3.15,1.30,1.90,2.35,3.65,57087.20,1.90,6090,-2400,1013,1613767425.00,429,F1,30,,,,,
2026-07-27,2026-07-27,FO,NSE,IDO,61790,,BANKNIFTY,,2026-07-28,2026-07-28,54200.00,PE,BANKNIFTY26JUL54200PE,3.10,6.90,1.65,2.35,1.95,7.60,57087.20,2.35,27150,-61020,10608,17249608102.50,4020,F1,30,,,,,
2026-07-27,2026-07-27,FO,NSE,IDO,61792,,BANKNIFTY,,2026-07-28,2026-07-28,54300.00,PE,BANKNIFTY26JUL54300PE,5.05,7.95,1.55,1.95,1.55,8.80,57087.20,1.95,26700,-11040,5937,9671895393.00,3353,F1,30,,,,,
2026-07-27,2026-07-27,FO,NSE,IDO,61721,,BANKNIFTY,,2026-07-28,2026-07-28,51600.00,CE,BANKNIFTY26JUL51600CE,0.00,0.00,0.00,5214.00,0.00,5214.00,57087.20,5495.80,0,0,0,0.00,0,F1,30,,,,,
2026-07-27,2026-07-27,FO,NSE,IDO,61800,,BANKNIFTY,,2026-07-28,2026-07-28,54400.00,PE,BANKNIFTY26JUL54400PE,3.40,10.50,1.45,2.25,1.70,9.20,57087.20,2.25,19320,-34200,8163,13322805669.00,4107,F1,30,,,,,
2026-07-27,2026-07-27,FO,NSE,IDO,61802,,BANKNIFTY,,2026-07-28,2026-07-28,54500.00,PE,BANKNIFTY26JUL54500PE,4.90,6.00,1.45,2.25,1.60,10.30,57087.20,2.25,306060,-163530,61294,100221648237.00,17705,F1,30,,,,,
2026-07-27,2026-07-27,FO,NSE,IDO,61804,,BANKNIFTY,,2026-07-28,2026-07-28,54600.00,PE,BANKNIFTY26JUL54600PE,5.90,5.90,1.40,2.45,1.45,11.85,57087.20,2.45,52860,1830,24607,40308643794.00,8361,F1,30,,,,,
2026-07-27,2026-07-27,FO,NSE,IDO,61810,,BANKNIFTY,,2026-07-28,2026-07-28,54900.00,PE,BANKNIFTY26JUL54900PE,15.85,15.90,0.75,2.55,2.00,16.40,57087.20,2.55,90420,-240,23116,38074747056.00,9596,F1,30,,,,,
2026-07-27,2026-07-27,FO,NSE,IDO,61876,,BANKNIFTY,,2026-07-28,2026-07-28,57400.00,PE,BANKNIFTY26JUL57400PE,405.00,511.95,250.75,322.70,327.40,693.50,57087.20,322.70,149130,53550,119668,207359921283.00,79774,F1,30,,,,,
2026-07-27,2026-07-27,FO,NSE,IDO,62049,,BANKNIFTY,,2026-07-28,2026-07-28,62400.00,PE,BANKNIFTY26JUL62400PE,0.00,0.00,0.00,6637.65,0.00,6637.65,57087.20,5302.45,0,0,0,0.00,0,F1,30,,,,,
2026-07-27,2026-07-27,FO,NSE,IDO,62094,,BANKNIFTY,,2026-07-28,2026-07-28,63900.00,PE,BANKNIFTY26JUL63900PE,0.00,0.00,0.00,7930.05,0.00,7930.05,57087.20,6802.20,0,0,0,0.00,0,F1,30,,,,,
2026-07-27,2026-07-27,FO,NSE,IDO,58819,,BANKNIFTY,,2026-08-25,2026-08-25,49300.00,PE,BANKNIFTY26AUG49300PE,0.00,0.00,0.00,24.60,24.60,24.60,57087.20,5.10,0,0,0,0.00,0,F1,30,,,,,
2026-07-27,2026-07-27,FO,NSE,IDO,58841,,BANKNIFTY,,2026-08-25,2026-08-25,49500.00,PE,BANKNIFTY26AUG49500PE,18.55,21.15,16.95,17.45,18.80,25.05,57087.20,17.45,1020,330,41,60907795.50,25,F1,30,,,,,
2026-07-27,2026-07-27,FO,NSE,IDO,58851,,BANKNIFTY,,2026-08-25,2026-08-25,49900.00,PE,BANKNIFTY26AUG49900PE,20.90,20.90,20.90,20.90,20.90,27.85,57087.20,9.65,30,-30,3,4492881.00,1,F1,30,,,,,
2026-07-27,2026-07-27,FO,NSE,IDO,58911,,BANKNIFTY,,2026-08-25,2026-08-25,51700.00,PE,BANKNIFTY26AUG51700PE,39.05,39.60,37.45,39.60,39.60,59.60,57087.20,50.50,240,-270,9,13969449.00,3,F1,30,,,,,
2026-07-27,2026-07-27,FO,NSE,IDO,58961,,BANKNIFTY,,2026-08-25,2026-08-25,53500.00,PE,BANKNIFTY26AUG53500PE,110.05,117.10,86.85,93.00,95.15,149.25,57087.20,93.00,74490,17550,3687,5928433795.50,1685,F1,30,,,,,
2026-07-27,2026-07-27,FO,NSE,IDO,58997,,BANKNIFTY,,2026-08-25,2026-08-25,54600.00,PE,BANKNIFTY26AUG54600PE,181.90,214.45,164.65,178.60,176.10,277.75,57087.20,178.60,4860,330,78,128202199.50,65,F1,30,,,,,
2026-07-27,2026-07-27,FO,NSE,IDO,59060,,BANKNIFTY,,2026-08-25,2026-08-25,56700.00,PE,BANKNIFTY26AUG56700PE,700.00,725.00,578.00,622.10,626.35,838.25,57087.20,622.10,19770,-330,1506,2590755249.00,1153,F1,30,,,,,
2026-07-27,2026-07-27,FO,NSE,IDO,59162,,BANKNIFTY,,2026-08-25,2026-08-25,59700.00,PE,BANKNIFTY26AUG59700PE,2461.70,2461.70,2461.70,2461.70,2461.70,2759.40,57087.20,2839.00,60,0,1,1864851.00,1,F1,30,,,,,
2026-07-27,2026-07-27,FO,NSE,IDO,59231,,BANKNIFTY,,2026-08-25,2026-08-25,61300.00,PE,BANKNIFTY26AUG61300PE,0.00,0.00,0.00,5960.15,0.00,5960.15,57087.20,4146.15,0,0,0,0.00,0,F1,30,,,,,
2026-07-27,2026-07-27,FO,NSE,IDO,59313,,BANKNIFTY,,2026-08-25,2026-08-25,63800.00,PE,BANKNIFTY26AUG63800PE,0.00,0.00,0.00,8088.80,0.00,8088.80,57087.20,6456.90,0,0,0,0.00,0,F1,30,,,,,
2026-07-27,2026-07-27,FO,NSE,IDO,59320,,BANKNIFTY,,2026-08-25,2026-08-25,64100.00,PE,BANKNIFTY26AUG64100PE,0.00,0.00,0.00,8356.45,0.00,8356.45,57087.20,6746.30,0,0,0,0.00,0,F1,30,,,,,
2026-07-27,2026-07-27,FO,NSE,IDO,69705,,BANKNIFTY,,2026-09-29,2026-09-29,54100.00,PE,BANKNIFTY26SEP54100PE,0.00,0.00,0.00,796.95,0.00,796.95,57087.20,640.90,0,0,0,0.00,0,F1,30,,,,,
2026-07-27,2026-07-27,FO,NSE,IDO,69807,,BANKNIFTY,,2026-09-29,2026-09-29,56700.00,PE,BANKNIFTY26SEP56700PE,0.00,0.00,0.00,1056.80,1051.50,1056.80,57087.20,1500.45,960,0,0,0.00,0,F1,30,,,,,
2026-07-27,2026-07-27,FO,NSE,IDO,69827,,BANKNIFTY,,2026-09-29,2026-09-29,57700.00,PE,BANKNIFTY26SEP57700PE,0.00,0.00,0.00,2066.00,0.00,2066.00,57087.20,1968.50,0,0,0,0.00,0,F1,30,,,,,
2026-07-27,2026-07-27,FO,NSE,IDO,69839,,BANKNIFTY,,2026-09-29,2026-09-29,58000.00,PE,BANKNIFTY26SEP58000PE,1350.00,1496.20,1272.20,1367.80,1376.95,1632.95,57087.20,1367.80,172440,22980,1261,2244412663.50,1208,F1,30,,,,,
2026-07-27,2026-07-27,FO,NSE,IDO,70081,,BANKNIFTY,,2026-09-29,2026-09-29,62200.00,PE,BANKNIFTY26SEP62200PE,0.00,0.00,0.00,4779.90,0.00,4779.90,57087.20,4971.45,0,0,0,0.00,0,F1,30,,,,,
2026-07-27,2026-07-27,FO,NSE,IDO,70087,,BANKNIFTY,,2026-09-29,2026-09-29,62500.00,PE,BANKNIFTY26SEP62500PE,0.00,0.00,0.00,5003.35,0.00,5003.35,57087.20,5214.80,0,0,0,0.00,0,F1,30,,,,,
2026-07-27,2026-07-27,FO,NSE,IDO,70100,,BANKNIFTY,,2026-09-29,2026-09-29,63200.00,PE,BANKNIFTY26SEP63200PE,0.00,0.00,0.00,5532.80,0.00,5532.80,57087.20,5798.35,0,0,0,0.00,0,F1,30,,,,,
2026-07-27,2026-07-27,FO,NSE,IDO,70116,,BANKNIFTY,,2026-09-29,2026-09-29,64000.00,PE,BANKNIFTY26SEP64000PE,0.00,0.00,0.00,6165.45,0.00,6165.45,57087.20,6489.00,0,0,0,0.00,0,F1,30,,,,,
2026-07-27,2026-07-27,FO,NSE,IDO,53223,,BANKNIFTY,,2026-12-29,2026-12-29,52500.00,PE,BANKNIFTY26DEC52500PE,528.35,529.80,375.00,491.05,375.00,520.00,57087.20,491.05,2280,30,7,11128114.50,4,F1,30,,,,,
2026-07-27,2026-07-27,FO,NSE,IDO,53241,,BANKNIFTY,,2026-12-29,2026-12-29,60000.00,PE,BANKNIFTY26DEC60000PE,2550.00,2660.00,2508.75,2542.90,2508.75,2850.90,57087.20,2542.90,16740,-30,28,52560352.50,14,F1,30,,,,,
2026-07-27,2026-07-27,FO,NSE,IDO,53249,,BANKNIFTY,,2026-12-29,2026-12-29,64500.00,PE,BANKNIFTY26DEC64500PE,0.00,0.00,0.00,4582.05,0.00,4582.05,57087.20,6816.70,0,0,0,0.00,0,F1,30,,,,,
2026-07-27,2026-07-27,FO,NSE,IDO,70797,,BANKNIFTY,,2027-06-29,2027-06-29,60000.00,PE,BANKNIFTY27JUN60000PE,0.00,0.00,0.00,4251.70,0.00,4251.70,57087.20,4234.25,0,0,0,0.00,0,F1,30,,,,,
2026-07-27,2026-07-27,FO,NSE,IDF,58067,,BANKNIFTY,,2026-08-25,2026-08-25,,,BANKNIFTY26AUGFUT,57499.00,57567.00,57190.00,57396.20,57377.80,57086.60,57087.20,57396.20,1670910,300630,20934,36032143122.00,13457,F1,30,,,,,
2026-07-27,2026-07-27,FO,NSE,IDO,61627,,BANKNIFTY,,2026-07-28,2026-07-28,47600.00,CE,BANKNIFTY26JUL47600CE,0.00,0.00,0.00,8621.10,0.00,8621.10,57087.20,9495.10,0,0,0,0.00,0,F1,30,,,,,
2026-07-27,2026-07-27,FO,NSE,IDO,61662,,BANKNIFTY,,2026-07-28,2026-07-28,49100.00,PE,BANKNIFTY26JUL49100PE,1.70,1.70,1.10,1.10,1.10,1.50,57087.20,0.00,720,270,32,47137252.50,14,F1,30,,,,,
2026-07-27,2026-07-27,FO,NSE,IDO,61678,,BANKNIFTY,,2026-07-28,2026-07-28,49800.00,PE,BANKNIFTY26JUL49800PE,1.40,1.85,0.45,0.95,0.80,1.55,57087.20,0.95,2910,-180,146,218129248.50,44,F1,30,,,,,
2026-07-27,2026-07-27,FO,NSE,IDO,61682,,BANKNIFTY,,2026-07-28,2026-07-28,50000.00,PE,BANKNIFTY26JUL50000PE,2.25,2.25,0.50,0.65,0.55,2.45,57087.20,0.65,201210,-221010,27085,40628341599.00,4785,F1,30,,,,,
2026-07-27,2026-07-27,FO,NSE,IDO,61783,,BANKNIFTY,,2026-07-28,2026-07-28,53900.00,PE,BANKNIFTY26JUL53900PE,4.25,4.25,1.30,2.00,1.35,5.95,57087.20,2.00,13770,-10530,2583,4176903684.00,1252,F1,30,,,,,
2026-07-27,2026-07-27,FO,NSE,IDO,61822,,BANKNIFTY,,2026-07-28,2026-07-28,55500.00,PE,BANKNIFTY26JUL55500PE,15.95,20.00,3.65,4.65,5.00,38.05,57087.20,4.65,507480,-349980,175709,292593635664.00,59792,F1,30,,,,,
2026-07-27,2026-07-27,FO,NSE,IDO,61884,,BANKNIFTY,,2026-07-28,2026-07-28,57700.00,PE,BANKNIFTY26JUL57700PE,540.05,771.75,433.85,565.40,568.85,950.25,57087.20,565.40,108000,-3480,10444,18261938607.00,7364,F1,30,,,,,
2026-07-27,2026-07-27,FO,NSE,IDO,61926,,BANKNIFTY,,2026-07-28,2026-07-28,59200.00,PE,BANKNIFTY26JUL59200PE,1949.05,2194.95,1949.05,2029.20,2029.20,2396.65,57087.20,2103.05,7410,-480,24,44148783.00,20,F1,30,,,,,
2026-07-27,2026-07-27,FO,NSE,IDO,61950,,BANKNIFTY,,2026-07-28,2026-07-28,59800.00,PE,BANKNIFTY26JUL59800PE,2625.00,2630.00,2615.00,2625.70,2615.00,3075.65,57087.20,2625.70,1890,-390,26,48692047.50,19,F1,30,,,,,
2026-07-27,2026-07-27,FO,NSE,IDO,61988,,BANKNIFTY,,2026-07-28,2026-07-28,60600.00,PE,BANKNIFTY26JUL60600PE,0.00,0.00,0.00,2670.05,2670.05,2670.05,57087.20,3502.75,150,0,0,0.00,0,F1,30,,,,,
2026-07-27,2026-07-27,FO,NSE,IDO,62032,,BANKNIFTY,,2026-07-28,2026-07-28,62000.00,PE,BANKNIFTY26JUL62000PE,4700.00,5010.00,4700.00,4833.65,4829.60,5170.20,57087.20,4833.65,64260,-2910,706,1416538018.50,608,F1,30,,,,,
2026-07-27,2026-07-27,FO,NSE,IDO,58801,,BANKNIFTY,,2026-08-25,2026-08-25,48600.00,PE,BANKNIFTY26AUG48600PE,0.00,0.00,0.00,239.55,0.00,239.55,57087.20,2.30,0,0,0,0.00,0,F1,30,,,,,
2026-07-27,2026-07-27,FO,NSE,IDO,58879,,BANKNIFTY,,2026-08-25,2026-08-25,51000.00,PE,BANKNIFTY26AUG51000PE,27.05,34.95,24.90,27.50,26.55,38.30,57087.20,27.50,94500,12540,2451,3752155152.00,990,F1,30,,,,,
2026-07-27,2026-07-27,FO,NSE,IDO,58987,,BANKNIFTY,,2026-08-25,2026-08-25,54300.00,PE,BANKNIFTY26AUG54300PE,152.05,175.00,140.50,151.40,150.90,229.20,57087.20,151.40,3180,1020,104,169907730.00,64,F1,30,,,,,
2026-07-27,2026-07-27,FO,NSE,IDO,59001,,BANKNIFTY,,2026-08-25,2026-08-25,54800.00,PE,BANKNIFTY26AUG54800PE,226.40,235.00,194.75,203.80,203.00,302.80,57087.20,203.80,6180,2040,190,313556001.00,120,F1,30,,,,,
2026-07-27,2026-07-27,FO,NSE,IDO,59013,,BANKNIFTY,,2026-08-25,2026-08-25,55400.00,PE,BANKNIFTY26AUG55400PE,336.65,336.65,272.80,294.30,293.00,427.20,57087.20,294.30,5490,630,166,277389696.00,120,F1,30,,,,,
2026-07-27,2026-07-27,FO,NSE,IDO,59043,,BANKNIFTY,,2026-08-25,2026-08-25,56100.00,PE,BANKNIFTY26AUG56100PE,462.20,514.00,400.55,445.30,439.65,620.25,57087.20,445.30,17100,-30,393,666781026.00,275,F1,30,,,,,
2026-07-27,2026-07-27,FO,NSE,IDO,59056,,BANKNIFTY,,2026-08-25,2026-08-25,56500.00,PE,BANKNIFTY26AUG56500PE,638.90,652.85,513.60,557.50,554.00,757.50,57087.20,557.50,291810,-25290,10291,17619370954.50,6127,F1,30,,,,,
2026-07-27,2026-07-27,FO,NSE,IDO,59089,,BANKNIFTY,,2026-08-25,2026-08-25,57400.00,PE,BANKNIFTY26AUG57400PE,899.30,1036.00,846.80,902.90,912.45,1155.50,57087.20,902.90,16680,8040,895,1565814595.50,608,F1,30,,,,,
2026-07-27,2026-07-27,FO,NSE,IDO,59112,,BANKNIFTY,,2026-08-25,2026-08-25,58100.00,PE,BANKNIFTY26AUG58100PE,1254.05,1382.65,1200.00,1268.10,1254.75,1553.50,57087.20,1268.10,7680,2370,101,179825722.50,49,F1,30,,,,,
2026-07-27,2026-07-27,FO,NSE,IDO,59138,,BANKNIFTY,,2026-08-25,2026-08-25,58700.00,PE,BANKNIFTY26AUG58700PE,1701.95,1809.00,1652.65,1652.70,1652.70,1947.55,57087.20,1652.70,1620,150,16,29000017.50,13,F1,30,,,,,
2026-07-27,2026-07-27,FO,NSE,IDO,59160,,BANKNIFTY,,2026-08-25,2026-08-25,59600.00,PE,BANKNIFTY26AUG59600PE,2444.75,2444.75,2360.00,2360.00,2360.00,2900.00,57087.20,2763.55,120,-90,3,5578942.50,2,F1,30,,,,,
2026-07-27,2026-07-27,FO,NSE,IDO,59215,,BANKNIFTY,,2026-08-25,2026-08-25,60800.00,PE,BANKNIFTY26AUG60800PE,0.00,0.00,0.00,2625.95,2625.95,2625.95,57087.20,3717.80,30,0,0,0.00,0,F1,30,,,,,
2026-07-27,2026-07-27,FO,NSE,IDO,59251,,BANKNIFTY,,2026-08-25,2026-08-25,61800.00,PE,BANKNIFTY26AUG61800PE,0.00,0.00,0.00,6369.15,0.00,6369.15,57087.20,4588.60,0,0,0,0.00,0,F1,30,,,,,
2026-07-27,2026-07-27,FO,NSE,IDO,69547,,BANKNIFTY,,2026-09-29,2026-09-29,49000.00,PE,BANKNIFTY26SEP49000PE,0.00,0.00,0.00,111.40,0.00,111.40,57087.20,54.60,0,0,0,0.00,0,F1,30,,,,,
2026-07-27,2026-07-27,FO,NSE,IDO,52285,,BANKNIFTY,,2026-09-29,2026-09-29,52500.00,PE,BANKNIFTY26SEP52500PE,146.80,164.95,144.90,151.15,148.70,205.10,57087.20,151.15,17610,600,97,153219847.50,49,F1,30,,,,,
2026-07-27,2026-07-27,FO,NSE,IDO,69829,,BANKNIFTY,,2026-09-29,2026-09-29,57800.00,PE,BANKNIFTY26SEP57800PE,0.00,0.00,0.00,1515.95,1515.95,1515.95,57087.20,2019.60,1350,0,0,0.00,0,F1,30,,,,,
2026-07-27,2026-07-27,FO,NSE,IDO,70030,,BANKNIFTY,,2026-09-29,2026-09-29,61000.00,PE,BANKNIFTY26SEP61000PE,3296.30,3419.90,3296.25,3419.90,3419.90,3500.00,57087.20,4045.65,180,150,6,11585124.00,5,F1,30,,,,,
2026-07-27,2026-07-27,FO,NSE,IDO,53217,,BANKNIFTY,,2026-12-29,2026-12-29,48000.00,PE,BANKNIFTY26DEC48000PE,139.55,139.55,139.55,139.55,139.55,130.00,57087.20,218.05,900,-30,1,1444186.50,1,F1,30,,,,,
2026-07-27,2026-07-27,FO,NSE,IDO,70766,,BANKNIFTY,,2027-06-29,2027-06-29,51000.00,PE,BANKNIFTY27JUN51000PE,0.00,0.00,0.00,1193.15,0.00,1193.15,57087.20,1127.30,0,0,0,0.00,0,F1,30,,,,,
2026-07-27,2026-07-27,FO,NSE,IDO,70791,,BANKNIFTY,,2027-06-29,2027-06-29,55500.00,PE,BANKNIFTY27JUN55500PE,0.00,0.00,0.00,2421.75,0.00,2421.75,57087.20,2363.15,0,0,0,0.00,0,F1,30,,,,,
2026-07-27,2026-07-27,FO,NSE,IDO,70805,,BANKNIFTY,,2027-06-29,2027-06-29,66000.00,PE,BANKNIFTY27JUN66000PE,0.00,0.00,0.00,7602.30,0.00,7602.30,57087.20,7684.75,0,0,0,0.00,0,F1,30,,,,,
2026-07-27,2026-07-27,FO,NSE,IDO,69982,,BANKNIFTY,,2026-09-29,2026-09-29,59600.00,CE,BANKNIFTY26SEP59600CE,0.00,0.00,0.00,1010.00,1010.00,1010.00,57087.20,1243.60,420,0,0,0.00,0,F1,30,,,,,
2026-07-27,2026-07-27,FO,NSE,IDO,69944,,BANKNIFTY,,2026-09-29,2026-09-29,59500.00,CE,BANKNIFTY26SEP59500CE,0.00,0.00,0.00,1962.75,0.00,1962.75,57087.20,1277.90,0,0,0,0.00,0,F1,30,,,,,
2026-07-27,2026-07-27,FO,NSE,IDO,69840,,BANKNIFTY,,2026-09-29,2026-09-29,58100.00,CE,BANKNIFTY26SEP58100CE,0.00,0.00,0.00,1722.60,1722.60,1722.60,57087.20,1834.35,120,0,0,0.00,0,F1,30,,,,,
2026-07-27,2026-07-27,FO,NSE,IDO,69815,,BANKNIFTY,,2026-09-29,2026-09-29,57200.00,CE,BANKNIFTY26SEP57200CE,0.00,0.00,0.00,3061.35,0.00,3061.35,57087.20,2271.10,0,0,0,0.00,0,F1,30,,,,,
2026-07-27,2026-07-27,FO,NSE,IDO,69799,,BANKNIFTY,,2026-09-29,2026-09-29,56400.00,CE,BANKNIFTY26SEP56400CE,0.00,0.00,0.00,3522.55,0.00,3522.55,57087.20,2712.35,0,0,0,0.00,0,F1,30,,,,,
2026-07-27,2026-07-27,FO,NSE,IDO,52270,,BANKNIFTY,,2026-09-29,2026-09-29,46500.00,CE,BANKNIFTY26SEP46500CE,0.00,0.00,0.00,11298.00,0.00,11298.00,57087.20,11132.90,0,0,0,0.00,0,F1,30,,,,,
2026-07-27,2026-07-27,FO,NSE,IDO,59314,,BANKNIFTY,,2026-08-25,2026-08-25,63900.00,CE,BANKNIFTY26AUG63900CE,0.00,0.00,0.00,314.70,0.00,314.70,57087.20,47.30,0,0,0,0.00,0,F1,30,,,,,
2026-07-27,2026-07-27,FO,NSE,IDO,59232,,BANKNIFTY,,2026-08-25,2026-08-25,61400.00,CE,BANKNIFTY26AUG61400CE,0.00,0.00,0.00,641.20,0.00,641.20,57087.20,215.70,0,0,0,0.00,0,F1,30,,,,,
2026-07-27,2026-07-27,FO,NSE,IDO,59226,,BANKNIFTY,,2026-08-25,2026-08-25,61100.00,CE,BANKNIFTY26AUG61100CE,0.00,0.00,0.00,694.85,0.00,694.85,57087.20,253.65,0,0,0,0.00,0,F1,30,,,,,
2026-07-27,2026-07-27,FO,NSE,IDO,59217,,BANKNIFTY,,2026-08-25,2026-08-25,60900.00,CE,BANKNIFTY26AUG60900CE,0.00,0.00,0.00,732.65,0.00,732.65,57087.20,281.95,0,0,0,0.00,0,F1,30,,,,,
2026-07-27,2026-07-27,FO,NSE,IDO,59214,,BANKNIFTY,,2026-08-25,2026-08-25,60800.00,CE,BANKNIFTY26AUG60800CE,0.00,0.00,0.00,752.15,0.00,752.15,57087.20,297.00,0,0,0,0.00,0,F1,30,,,,,
2026-07-27,2026-07-27,FO,NSE,IDO,59212,,BANKNIFTY,,2026-08-25,2026-08-25,60700.00,CE,BANKNIFTY26AUG60700CE,0.00,0.00,0.00,772.10,0.00,772.10,57087.20,312.75,0,0,0,0.00,0,F1,30,,,,,
2026-07-27,2026-07-27,FO,NSE,IDO,59161,,BANKNIFTY,,2026-08-25,2026-08-25,59700.00,CE,BANKNIFTY26AUG59700CE,0.00,0.00,0.00,997.85,0.00,997.85,57087.20,512.95,0,0,0,0.00,0,F1,30,,,,,
2026-07-27,2026-07-27,FO,NSE,IDO,59153,,BANKNIFTY,,2026-08-25,2026-08-25,59400.00,CE,BANKNIFTY26AUG59400CE,229.50,248.35,174.00,204.95,206.60,194.70,57087.20,204.95,5550,1980,257,459616515.00,207,F1,30,,,,,
2026-07-27,2026-07-27,FO,NSE,IDO,59149,,BANKNIFTY,,2026-08-25,2026-08-25,59200.00,CE,BANKNIFTY26AUG59200CE,265.00,297.15,226.15,244.60,245.30,231.40,57087.20,244.60,15780,750,426,759808561.50,316,F1,30,,,,,
2026-07-27,2026-07-27,FO,NSE,IDO,59004,,BANKNIFTY,,2026-08-25,2026-08-25,55000.00,CE,BANKNIFTY26AUG55000CE,2618.40,2745.10,2441.65,2582.80,2580.00,2382.50,57087.20,2582.80,90900,-16020,3342,5772811272.00,1495,F1,30,,,,,
2026-07-27,2026-07-27,FO,NSE,IDO,58982,,BANKNIFTY,,2026-08-25,2026-08-25,54200.00,CE,BANKNIFTY26AUG54200CE,0.00,0.00,0.00,3717.40,3717.40,3717.40,57087.20,3441.70,0,0,0,0.00,0,F1,30,,,,,
2026-07-27,2026-07-27,FO,NSE,IDO,58941,,BANKNIFTY,,2026-08-25,2026-08-25,53000.00,CE,BANKNIFTY26AUG53000CE,4485.95,4567.35,4211.00,4415.55,4402.90,4113.05,57087.20,4415.55,37020,17700,1037,1784134131.00,547,F1,30,,,,,
2026-07-27,2026-07-27,FO,NSE,IDO,58934,,BANKNIFTY,,2026-08-25,2026-08-25,52700.00,CE,BANKNIFTY26AUG52700CE,0.00,0.00,0.00,4198.35,0.00,4198.35,57087.20,4749.85,0,0,0,0.00,0,F1,30,,,,,
2026-07-27,2026-07-27,FO,NSE,IDO,58916,,BANKNIFTY,,2026-08-25,2026-08-25,51800.00,CE,BANKNIFTY26AUG51800CE,0.00,0.00,0.00,4838.30,0.00,4838.30,57087.20,5590.80,0,0,0,0.00,0,F1,30,,,,,
2026-07-27,2026-07-27,FO,NSE,IDO,58844,,BANKNIFTY,,2026-08-25,2026-08-25,49700.00,CE,BANKNIFTY26AUG49700CE,0.00,0.00,0.00,6500.70,0.00,6500.70,57087.20,7633.75,0,0,0,0.00,0,F1,30,,,,,
2026-07-27,2026-07-27,FO,NSE,IDO,58840,,BANKNIFTY,,2026-08-25,2026-08-25,49500.00,CE,BANKNIFTY26AUG49500CE,0.00,0.00,0.00,7450.00,7450.00,7450.00,57087.20,7831.30,1770,0,0,0.00,0,F1,30,,,,,
2026-07-27,2026-07-27,FO,NSE,IDO,58812,,BANKNIFTY,,2026-08-25,2026-08-25,49000.00,CE,BANKNIFTY26AUG49000CE,8300.00,8300.00,8284.85,8293.65,8289.65,8000.00,57087.20,8293.65,180,90,4,6875235.00,4,F1,30,,,,,
2026-07-27,2026-07-27,FO,NSE,IDO,58718,,BANKNIFTY,,2026-08-25,2026-08-25,46500.00,CE,BANKNIFTY26AUG46500CE,0.00,0.00,0.00,9370.10,0.00,9370.10,57087.20,10810.70,0,0,0,0.00,0,F1,30,,,,,
2026-07-27,2026-07-27,FO,NSE,IDO,58702,,BANKNIFTY,,2026-08-25,2026-08-25,46000.00,CE,BANKNIFTY26AUG46000CE,11169.70,11303.95,10340.00,11251.75,11257.75,10340.00,57087.20,11251.75,13080,13020,456,782583286.50,367,F1,30,,,,,
2026-07-27,2026-07-27,FO,NSE,IDO,62095,,BANKNIFTY,,2026-07-28,2026-07-28,64000.00,CE,BANKNIFTY26JUL64000CE,0.85,1.60,0.70,0.80,0.70,1.15,57087.20,0.80,78150,-14370,1907,3661496049.00,869,F1,30,,,,,
2026-07-27,2026-07-27,FO,NSE,IDO,62041,,BANKNIFTY,,2026-07-28,2026-07-28,62300.00,CE,BANKNIFTY26JUL62300CE,1.55,2.00,0.85,1.10,0.85,1.60,57087.20,1.10,23940,-1020,165,308391901.50,80,F1,30,,,,,
2026-07-27,2026-07-27,FO,NSE,IDO,62029,,BANKNIFTY,,2026-07-28,2026-07-28,61900.00,CE,BANKNIFTY26JUL61900CE,2.00,2.00,0.70,1.05,1.00,1.70,57087.20,1.05,15450,-510,84,155991099.00,39,F1,30,,,,,
2026-07-27,2026-07-27,FO,NSE,IDO,61965,,BANKNIFTY,,2026-07-28,2026-07-28,60200.00,CE,BANKNIFTY26JUL60200CE,18.00,18.00,1.20,1.60,4.70,3.40,57087.20,1.60,52440,-5310,8173,14760966597.00,3607,F1,30,,,,,
2026-07-27,2026-07-27,FO,NSE,IDO,61867,,BANKNIFTY,,2026-07-28,2026-07-28,57000.00,CE,BANKNIFTY26JUL57000CE,375.10,482.95,183.25,287.75,281.35,254.10,57087.20,287.75,1198800,183840,1041585,1789994353312.50,615760,F1,30,,,,,
2026-07-27,2026-07-27,FO,NSE,IDO,61863,,BANKNIFTY,,2026-07-28,2026-07-28,56900.00,CE,BANKNIFTY26JUL56900CE,431.10,563.60,235.60,357.80,348.20,301.10,57087.20,357.80,183450,-65760,206917,355325284161.00,136611,F1,30,,,,,
2026-07-27,2026-07-27,FO,NSE,IDO,61841,,BANKNIFTY,,2026-07-28,2026-07-28,56300.00,CE,BANKNIFTY26JUL56300CE,899.95,1095.30,688.00,886.65,881.15,677.55,57087.20,886.65,56520,-29250,4130,7085282499.00,2772,F1,30,,,,,
2026-07-27,2026-07-27,FO,NSE,IDO,61837,,BANKNIFTY,,2026-07-28,2026-07-28,56100.00,CE,BANKNIFTY26JUL56100CE,1154.95,1289.00,880.00,1082.00,1075.00,835.55,57087.20,1082.00,67380,-13740,1392,2387721196.50,1031,F1,30,,,,,
2026-07-27,2026-07-27,FO,NSE,IDO,61829,,BANKNIFTY,,2026-07-28,2026-07-28,55700.00,CE,BANKNIFTY26JUL55700CE,1617.35,1649.15,1268.65,1487.05,1485.25,1180.10,57087.20,1487.05,7470,300,155,266036221.50,125,F1,30,,,,,
2026-07-27,2026-07-27,FO,NSE,IDO,61821,,BANKNIFTY,,2026-07-28,2026-07-28,55500.00,CE,BANKNIFTY26JUL55500CE,1587.00,1881.35,1475.00,1675.55,1682.60,1368.25,57087.20,1675.55,39660,-3180,554,950652648.00,349,F1,30,,,,,
2026-07-27,2026-07-27,FO,NSE,IDO,61762,,BANKNIFTY,,2026-07-28,2026-07-28,53300.00,CE,BANKNIFTY26JUL53300CE,0.00,0.00,0.00,3200.00,3200.00,3200.00,57087.20,3796.05,480,0,0,0.00,0,F1,30,,,,,
2026-07-27,2026-07-27,FO,NSE,IDO,61716,,BANKNIFTY,,2026-07-28,2026-07-28,51500.00,CE,BANKNIFTY26JUL51500CE,6037.60,6037.60,5600.00,5600.00,5600.00,5224.00,57087.20,5595.75,270,-90,4,6865129.50,4,F1,30,,,,,
2026-07-27,2026-07-27,FO,NSE,IDO,61712,,BANKNIFTY,,2026-07-28,2026-07-28,51300.00,CE,BANKNIFTY26JUL51300CE,0.00,0.00,0.00,5445.25,0.00,5445.25,57087.20,5795.75,0,0,0,0.00,0,F1,30,,,,,
2026-07-27,2026-07-27,FO,NSE,IDO,61677,,BANKNIFTY,,2026-07-28,2026-07-28,49800.00,CE,BANKNIFTY26JUL49800CE,0.00,0.00,0.00,6667.90,0.00,6667.90,57087.20,7295.50,0,0,0,0.00,0,F1,30,,,,,
2026-07-27,2026-07-27,FO,NSE,IDO,61645,,BANKNIFTY,,2026-07-28,2026-07-28,48500.00,CE,BANKNIFTY26JUL48500CE,0.00,0.00,0.00,7803.15,0.00,7803.15,57087.20,8595.25,0,0,0,0.00,0,F1,30,,,,,
2026-07-27,2026-07-27,FO,NSE,IDO,61584,,BANKNIFTY,,2026-07-28,2026-07-28,46000.00,CE,BANKNIFTY26JUL46000CE,11200.00,11207.55,11014.55,11186.50,11204.05,10722.30,57087.20,11186.50,7020,-11910,453,776424190.50,248,F1,30,,,,,
2026-07-27,2026-07-27,FO,NSE,IDO,70023,,BANKNIFTY,,2026-09-29,2026-09-29,60700.00,CE,BANKNIFTY26SEP60700CE,0.00,0.00,0.00,1519.00,0.00,1519.00,57087.20,910.70,0,0,0,0.00,0,F1,30,,,,,
2026-07-27,2026-07-27,FO,NSE,IDO,70043,,BANKNIFTY,,2026-09-29,2026-09-29,61700.00,CE,BANKNIFTY26SEP61700CE,0.00,0.00,0.00,1211.20,0.00,1211.20,57087.20,673.85,0,0,0,0.00,0,F1,30,,,,,
2026-07-27,2026-07-27,FO,NSE,IDO,70088,,BANKNIFTY,,2026-09-29,2026-09-29,62600.00,CE,BANKNIFTY26SEP62600CE,0.00,0.00,0.00,981.05,0.00,981.05,57087.20,505.40,0,0,0,0.00,0,F1,30,,,,,
2026-07-27,2026-07-27,FO,NSE,IDO,70095,,BANKNIFTY,,2026-09-29,2026-09-29,62900.00,CE,BANKNIFTY26SEP62900CE,0.00,0.00,0.00,912.35,0.00,912.35,57087.20,457.70,0,0,0,0.00,0,F1,30,,,,,
2026-07-27,2026-07-27,FO,NSE,IDO,53228,,BANKNIFTY,,2026-12-29,2026-12-29,57000.00,CE,BANKNIFTY26DEC57000CE,2972.60,3147.55,2972.60,3129.15,3147.55,2972.60,57087.20,3129.15,1230,150,7,12621952.50,7,F1,30,,,,,
2026-07-27,2026-07-27,FO,NSE,IDO,70769,,BANKNIFTY,,2027-06-29,2027-06-29,52500.00,CE,BANKNIFTY27JUN52500CE,0.00,0.00,0.00,9732.10,0.00,9732.10,57087.20,9169.95,0,0,0,0.00,0,F1,30,,,,,
2026-07-27,2026-07-27,FO,NSE,IDO,61903,,BANKNIFTY,,2026-07-28,2026-07-28,58600.00,CE,BANKNIFTY26JUL58600CE,21.50,26.55,6.15,6.60,8.85,16.15,57087.20,6.60,381810,12750,85389,150136962231.00,42591,F1,30,,,,,
2026-07-27,2026-07-27,FO,NSE,IDO,61807,,BANKNIFTY,,2026-07-28,2026-07-28,54800.00,CE,BANKNIFTY26JUL54800CE,0.00,0.00,0.00,1640.00,1640.00,1640.00,57087.20,2296.35,600,0,0,0.00,0,F1,30,,,,,
2026-07-27,2026-07-27,FO,NSE,IDO,61750,,BANKNIFTY,,2026-07-28,2026-07-28,52700.00,CE,BANKNIFTY26JUL52700CE,0.00,0.00,0.00,5217.50,5217.50,5217.50,57087.20,4395.95,180,0,0,0.00,0,F1,30,,,,,
2026-07-27,2026-07-27,FO,NSE,IDO,61710,,BANKNIFTY,,2026-07-28,2026-07-28,51200.00,CE,BANKNIFTY26JUL51200CE,0.00,0.00,0.00,5523.40,0.00,5523.40,57087.20,5895.70,0,0,0,0.00,0,F1,30,,,,,
2026-07-27,2026-07-27,FO,NSE,IDO,61665,,BANKNIFTY,,2026-07-28,2026-07-28,49300.00,CE,BANKNIFTY26JUL49300CE,0.00,0.00,0.00,7097.20,0.00,7097.20,57087.20,7795.40,0,0,0,0.00,0,F1,30,,,,,
2026-07-27,2026-07-27,FO,NSE,IDO,61637,,BANKNIFTY,,2026-07-28,2026-07-28,48100.00,CE,BANKNIFTY26JUL48100CE,0.00,0.00,0.00,8163.90,0.00,8163.90,57087.20,8995.20,0,0,0,0.00,0,F1,30,,,,,
2026-07-27,2026-07-27,FO,NSE,IDO,61613,,BANKNIFTY,,2026-07-28,2026-07-28,47000.00,CE,BANKNIFTY26JUL47000CE,10200.00,10275.00,10050.00,10200.00,10200.00,9830.00,57087.20,10200.00,2550,-720,80,137219980.50,24,F1,30,,,,,
2026-07-27,2026-07-27,FO,NSE,IDO,61849,,BANKNIFTY,,2026-07-28,2026-07-28,56500.00,CE,BANKNIFTY26JUL56500CE,538.00,915.10,518.25,699.55,695.00,534.80,57087.20,699.55,286680,-200040,53655,92067522966.00,34163,F1,30,,,,,
2026-07-27,2026-07-27,FO,NSE,IDO,76424,,BANKNIFTY,,2027-03-30,2027-03-30,61500.00,PE,BANKNIFTY27MAR61500PE,0.00,0.00,0.00,8564.80,0.00,8564.80,57087.20,4894.00,0,0,0,0.00,0,F1,30,,,,,
2026-07-27,2026-07-27,FO,NSE,IDO,53247,,BANKNIFTY,,2026-12-29,2026-12-29,63000.00,PE,BANKNIFTY26DEC63000PE,0.00,0.00,0.00,4550.00,4550.00,4550.00,57087.20,5721.10,390,0,0,0.00,0,F1,30,,,,,
2026-07-27,2026-07-27,FO,NSE,IDO,53245,,BANKNIFTY,,2026-12-29,2026-12-29,61500.00,PE,BANKNIFTY26DEC61500PE,0.00,0.00,0.00,3006.00,3006.00,3006.00,57087.20,4714.45,30,0,0,0.00,0,F1,30,,,,,
2026-07-27,2026-07-27,FO,NSE,IDO,52427,,BANKNIFTY,,2026-09-29,2026-09-29,67500.00,PE,BANKNIFTY26SEP67500PE,0.00,0.00,0.00,9969.75,0.00,9969.75,57087.20,9716.60,0,0,0,0.00,0,F1,30,,,,,
2026-07-27,2026-07-27,FO,NSE,IDO,70049,,BANKNIFTY,,2026-09-29,2026-09-29,61900.00,PE,BANKNIFTY26SEP61900PE,0.00,0.00,0.00,4563.60,0.00,4563.60,57087.20,4732.45,0,0,0,0.00,0,F1,30,,,,,
2026-07-27,2026-07-27,FO,NSE,IDO,70038,,BANKNIFTY,,2026-09-29,2026-09-29,61400.00,PE,BANKNIFTY26SEP61400PE,0.00,0.00,0.00,4213.25,0.00,4213.25,57087.20,4346.75,0,0,0,0.00,0,F1,30,,,,,
2026-07-27,2026-07-27,FO,NSE,IDO,70036,,BANKNIFTY,,2026-09-29,2026-09-29,61300.00,PE,BANKNIFTY26SEP61300PE,0.00,0.00,0.00,4144.70,0.00,4144.70,57087.20,4270.60,0,0,0,0.00,0,F1,30,,,,,
2026-07-27,2026-07-27,FO,NSE,IDO,70020,,BANKNIFTY,,2026-09-29,2026-09-29,60500.00,PE,BANKNIFTY26SEP60500PE,0.00,0.00,0.00,3616.25,0.00,3616.25,57087.20,3681.05,0,0,0,0.00,0,F1,30,,,,,
2026-07-27,2026-07-27,FO,NSE,IDO,69995,,BANKNIFTY,,2026-09-29,2026-09-29,59700.00,PE,BANKNIFTY26SEP59700PE,0.00,0.00,0.00,3124.25,0.00,3124.25,57087.20,3134.85,0,0,0,0.00,0,F1,30,,,,,
2026-07-27,2026-07-27,FO,NSE,IDO,69854,,BANKNIFTY,,2026-09-29,2026-09-29,58600.00,PE,BANKNIFTY26SEP58600PE,0.00,0.00,0.00,2510.95,0.00,2510.95,57087.20,2456.40,0,0,0,0.00,0,F1,30,,,,,
2026-07-27,2026-07-27,FO,NSE,IDO,69814,,BANKNIFTY,,2026-09-29,2026-09-29,57100.00,PE,BANKNIFTY26SEP57100PE,1000.00,1041.50,891.00,992.25,987.45,1214.90,57087.20,992.25,3360,1440,67,116786716.50,43,F1,30,,,,,
2026-07-27,2026-07-27,FO,NSE,IDO,69810,,BANKNIFTY,,2026-09-29,2026-09-29,56800.00,PE,BANKNIFTY26SEP56800PE,0.00,0.00,0.00,1672.70,0.00,1672.70,57087.20,1543.75,0,0,0,0.00,0,F1,30,,,,,
2026-07-27,2026-07-27,FO,NSE,IDO,69772,,BANKNIFTY,,2026-09-29,2026-09-29,55100.00,PE,BANKNIFTY26SEP55100PE,0.00,0.00,0.00,1069.60,0.00,1069.60,57087.20,912.45,0,0,0,0.00,0,F1,30,,,,,
2026-07-27,2026-07-27,FO,NSE,IDO,69703,,BANKNIFTY,,2026-09-29,2026-09-29,53900.00,PE,BANKNIFTY26SEP53900PE,0.00,0.00,0.00,748.95,0.00,748.95,57087.20,594.45,0,0,0,0.00,0,F1,30,,,,,
2026-07-27,2026-07-27,FO,NSE,IDO,69685,,BANKNIFTY,,2026-09-29,2026-09-29,53000.00,PE,BANKNIFTY26SEP53000PE,187.00,214.00,175.50,187.10,182.45,248.95,57087.20,187.10,23850,5010,400,638356974.00,238,F1,30,,,,,
2026-07-27,2026-07-27,FO,NSE,IDO,59315,,BANKNIFTY,,2026-08-25,2026-08-25,63900.00,PE,BANKNIFTY26AUG63900PE,0.00,0.00,0.00,8177.75,0.00,8177.75,57087.20,6553.20,0,0,0,0.00,0,F1,30,,,,,
2026-07-27,2026-07-27,FO,NSE,IDO,59305,,BANKNIFTY,,2026-08-25,2026-08-25,63700.00,PE,BANKNIFTY26AUG63700PE,0.00,0.00,0.00,8000.05,0.00,8000.05,57087.20,6360.85,0,0,0,0.00,0,F1,30,,,,,
2026-07-27,2026-07-27,FO,NSE,IDO,59257,,BANKNIFTY,,2026-08-25,2026-08-25,62100.00,PE,BANKNIFTY26AUG62100PE,0.00,0.00,0.00,6619.00,0.00,6619.00,57087.20,4859.85,0,0,0,0.00,0,F1,30,,,,,
2026-07-27,2026-07-27,FO,NSE,IDO,59099,,BANKNIFTY,,2026-08-25,2026-08-25,57900.00,PE,BANKNIFTY26AUG57900PE,1151.70,1305.00,1085.00,1155.05,1163.90,1431.05,57087.20,1155.05,94680,85140,4708,8349428587.50,1927,F1,30,,,,,
2026-07-27,2026-07-27,FO,NSE,IDO,59093,,BANKNIFTY,,2026-08-25,2026-08-25,57600.00,PE,BANKNIFTY26AUG57600PE,1001.55,1128.65,938.30,996.55,994.35,1244.65,57087.20,996.55,11520,2550,400,703225098.00,319,F1,30,,,,,
2026-07-27,2026-07-27,FO,NSE,IDO,59091,,BANKNIFTY,,2026-08-25,2026-08-25,57500.00,PE,BANKNIFTY26AUG57500PE,1100.00,1100.00,889.55,952.90,947.75,1205.95,57087.20,952.90,198900,22950,8217,14414972319.00,5383,F1,30,,,,,
2026-07-27,2026-07-27,FO,NSE,IDO,58931,,BANKNIFTY,,2026-08-25,2026-08-25,52500.00,PE,BANKNIFTY26AUG52500PE,83.00,83.00,49.00,51.80,52.10,83.05,57087.20,51.80,85050,45180,4151,6544585779.00,1735,F1,30,,,,,
2026-07-27,2026-07-27,FO,NSE,IDO,58927,,BANKNIFTY,,2026-08-25,2026-08-25,52300.00,PE,BANKNIFTY26AUG52300PE,48.95,59.05,47.65,47.90,47.65,79.00,57087.20,47.90,960,-180,73,114649176.00,47,F1,30,,,,,
2026-07-27,2026-07-27,FO,NSE,IDO,58923,,BANKNIFTY,,2026-08-25,2026-08-25,52100.00,PE,BANKNIFTY26AUG52100PE,45.55,48.00,44.40,46.90,46.90,73.10,57087.20,69.65,600,-360,22,34416304.50,8,F1,30,,,,,
2026-07-27,2026-07-27,FO,NSE,IDO,58859,,BANKNIFTY,,2026-08-25,2026-08-25,50100.00,PE,BANKNIFTY26AUG50100PE,22.85,22.85,16.55,19.30,20.35,31.55,57087.20,19.30,450,360,37,55631907.00,17,F1,30,,,,,
2026-07-27,2026-07-27,FO,NSE,IDO,58811,,BANKNIFTY,,2026-08-25,2026-08-25,48900.00,PE,BANKNIFTY26AUG48900PE,16.45,16.45,14.85,14.85,14.85,21.55,57087.20,3.25,270,0,2,2934939.00,2,F1,30,,,,,
2026-07-27,2026-07-27,FO,NSE,IDO,58805,,BANKNIFTY,,2026-08-25,2026-08-25,48700.00,PE,BANKNIFTY26AUG48700PE,0.00,0.00,0.00,249.85,0.00,249.85,57087.20,2.60,0,0,0,0.00,0,F1,30,,,,,
2026-07-27,2026-07-27,FO,NSE,IDO,62100,,BANKNIFTY,,2026-07-28,2026-07-28,64200.00,PE,BANKNIFTY26JUL64200PE,0.00,0.00,0.00,8196.15,0.00,8196.15,57087.20,7102.15,0,0,0,0.00,0,F1,30,,,,,
2026-07-27,2026-07-27,FO,NSE,IDO,62086,,BANKNIFTY,,2026-07-28,2026-07-28,63500.00,PE,BANKNIFTY26JUL63500PE,6310.00,6450.00,6310.00,6350.00,6350.00,6709.40,57087.20,6350.00,4050,-30,69,144643818.00,26,F1,30,,,,,
2026-07-27,2026-07-27,FO,NSE,IDO,62078,,BANKNIFTY,,2026-07-28,2026-07-28,63200.00,PE,BANKNIFTY26JUL63200PE,0.00,0.00,0.00,7318.50,0.00,7318.50,57087.20,6102.35,0,0,0,0.00,0,F1,30,,,,,
2026-07-27,2026-07-27,FO,NSE,IDO,62011,,BANKNIFTY,,2026-07-28,2026-07-28,61200.00,PE,BANKNIFTY26JUL61200PE,0.00,0.00,0.00,4350.00,4350.00,4350.00,57087.20,4102.65,90,0,0,0.00,0,F1,30,,,,,
2026-07-27,2026-07-27,FO,NSE,IDO,61918,,BANKNIFTY,,2026-07-28,2026-07-28,59000.00,PE,BANKNIFTY26JUL59000PE,1721.00,2045.95,1635.75,1838.60,1838.20,2180.65,57087.20,1838.60,377430,-169950,15950,29123059272.00,10236,F1,30,,,,,
2026-07-27,2026-07-27,FO,NSE,IDO,61894,,BANKNIFTY,,2026-07-28,2026-07-28,58200.00,PE,BANKNIFTY26JUL58200PE,938.15,1247.25,860.00,1034.65,1025.75,1390.45,57087.20,1034.65,120630,-5160,1010,1794862938.00,835,F1,30,,,,,
2026-07-27,2026-07-27,FO,NSE,IDO,61890,,BANKNIFTY,,2026-07-28,2026-07-28,58000.00,PE,BANKNIFTY26JUL58000PE,962.00,1061.45,685.00,846.65,848.30,1208.50,57087.20,846.65,639210,-165810,24543,43342181248.50,16928,F1,30,,,,,
2026-07-27,2026-07-27,FO,NSE,IDO,61868,,BANKNIFTY,,2026-07-28,2026-07-28,57000.00,PE,BANKNIFTY26JUL57000PE,233.10,243.90,101.00,114.95,111.50,418.95,57087.20,114.95,1185960,527880,1332833,2285547726799.50,789779,F1,30,,,,,
2026-07-27,2026-07-27,FO,NSE,IDO,61854,,BANKNIFTY,,2026-07-28,2026-07-28,56700.00,PE,BANKNIFTY26JUL56700PE,91.50,146.05,40.35,46.55,47.40,271.85,57087.20,46.55,350490,-178050,456433,777426092556.00,271629,F1,30,,,,,
2026-07-27,2026-07-27,FO,NSE,IDO,61836,,BANKNIFTY,,2026-07-28,2026-07-28,56000.00,PE,BANKNIFTY26JUL56000PE,36.05,36.05,7.65,8.95,9.95,87.90,57087.20,8.95,934260,-71790,358062,601707135031.50,132137,F1,30,,,,,
2026-07-27,2026-07-27,FO,NSE,IDO,61742,,BANKNIFTY,,2026-07-28,2026-07-28,52400.00,PE,BANKNIFTY26JUL52400PE,2.00,4.00,1.00,1.75,2.00,3.30,57087.20,1.75,2430,-240,607,954235405.50,275,F1,30,,,,,
2026-07-27,2026-07-27,FO,NSE,IDO,61702,,BANKNIFTY,,2026-07-28,2026-07-28,50800.00,PE,BANKNIFTY26JUL50800PE,3.00,3.00,0.75,1.75,2.50,3.00,57087.20,1.75,2730,-360,85,129544413.00,35,F1,30,,,,,
2026-07-27,2026-07-27,FO,NSE,IDO,70765,,BANKNIFTY,,2027-06-29,2027-06-29,51000.00,CE,BANKNIFTY27JUN51000CE,0.00,0.00,0.00,10793.90,0.00,10793.90,57087.20,10233.95,0,0,0,0.00,0,F1,30,,,,,
2026-07-27,2026-07-27,FO,NSE,IDO,76425,,BANKNIFTY,,2027-03-30,2027-03-30,63000.00,CE,BANKNIFTY27MAR63000CE,1250.00,1450.00,1250.00,1450.00,1450.00,1290.00,57087.20,1450.00,1020,240,10,19304670.00,10,F1,30,,,,,
2026-07-27,2026-07-27,FO,NSE,IDO,76402,,BANKNIFTY,,2027-03-30,2027-03-30,60000.00,CE,BANKNIFTY27MAR60000CE,0.00,0.00,0.00,1968.25,0.00,1968.25,57087.20,3771.10,0,0,0,0.00,0,F1,30,,,,,
2026-07-27,2026-07-27,FO,NSE,IDO,53218,,BANKNIFTY,,2026-12-29,2026-12-29,49500.00,CE,BANKNIFTY26DEC49500CE,0.00,0.00,0.00,12801.50,0.00,12801.50,57087.20,9318.75,0,0,0,0.00,0,F1,30,,,,,
2026-07-27,2026-07-27,FO,NSE,IDO,70086,,BANKNIFTY,,2026-09-29,2026-09-29,62500.00,CE,BANKNIFTY26SEP62500CE,0.00,0.00,0.00,1004.90,0.00,1004.90,57087.20,522.20,0,0,0,0.00,0,F1,30,,,,,
2026-07-27,2026-07-27,FO,NSE,IDO,70045,,BANKNIFTY,,2026-09-29,2026-09-29,61800.00,CE,BANKNIFTY26SEP61800CE,0.00,0.00,0.00,1183.35,0.00,1183.35,57087.20,653.15,0,0,0,0.00,0,F1,30,,,,,
2026-07-27,2026-07-27,FO,NSE,IDO,69872,,BANKNIFTY,,2026-09-29,2026-09-29,58900.00,CE,BANKNIFTY26SEP58900CE,0.00,0.00,0.00,2217.10,0.00,2217.10,57087.20,1498.65,0,0,0,0.00,0,F1,30,,,,,
2026-07-27,2026-07-27,FO,NSE,IDO,69826,,BANKNIFTY,,2026-09-29,2026-09-29,57700.00,CE,BANKNIFTY26SEP57700CE,0.00,0.00,0.00,1280.70,1280.70,1280.70,57087.20,2020.60,690,0,0,0.00,0,F1,30,,,,,
2026-07-27,2026-07-27,FO,NSE,IDO,69817,,BANKNIFTY,,2026-09-29,2026-09-29,57300.00,CE,BANKNIFTY26SEP57300CE,1592.65,1592.65,1508.60,1516.15,1516.15,1486.05,57087.20,2219.50,1050,60,4,7059780.00,4,F1,30,,,,,
2026-07-27,2026-07-27,FO,NSE,IDO,69813,,BANKNIFTY,,2026-09-29,2026-09-29,57100.00,CE,BANKNIFTY26SEP57100CE,2072.75,2072.75,1687.50,1705.55,1687.50,1546.90,57087.20,1705.55,1710,150,13,22945176.00,13,F1,30,,,,,
2026-07-27,2026-07-27,FO,NSE,IDO,55640,,NIFTY,,2030-06-25,2030-06-25,16500.00,CE,NIFTY30JUN16500CE,0.00,0.00,0.00,13374.05,0.00,13374.05,23995.95,11321.40,0,0,0,0.00,0,F1,65,,,,,
2026-07-27,2026-07-27,FO,NSE,IDO,55642,,NIFTY,,2030-06-25,2030-06-25,19500.00,CE,NIFTY30JUN19500CE,0.00,0.00,0.00,11140.25,0.00,11140.25,23995.95,9171.75,0,0,0,0.00,0,F1,65,,,,,
2026-07-27,2026-07-27,FO,NSE,IDO,74655,,NIFTY,,2031-06-24,2031-06-24,28500.00,CE,NIFTY31JUN28500CE,0.00,0.00,0.00,5048.95,0.00,5048.95,23995.95,5263.15,0,0,0,0.00,0,F1,65,,,,,
2026-07-27,2026-07-27,FO,NSE,IDO,63852,,NIFTY,,2026-07-28,2026-07-28,21900.00,PE,NIFTY26JUL21900PE,0.85,1.00,0.70,0.80,0.95,1.00,23995.95,0.80,166855,-115830,18606,26486601774.75,3280,F1,65,,,,,
2026-07-27,2026-07-27,FO,NSE,IDO,63870,,NIFTY,,2026-07-28,2026-07-28,22350.00,PE,NIFTY26JUL22350PE,1.30,1.45,0.70,1.05,1.45,1.55,23995.95,1.05,283400,-101335,39005,56666962137.50,7382,F1,65,,,,,
2026-07-27,2026-07-27,FO,NSE,IDO,63888,,NIFTY,,2026-07-28,2026-07-28,22800.00,PE,NIFTY26JUL22800PE,1.80,1.90,1.10,1.50,1.80,3.25,23995.95,1.50,3307135,-963170,393370,583009663262.00,61796,F1,65,,,,,
2026-07-27,2026-07-27,FO,NSE,IDO,63924,,NIFTY,,2026-07-28,2026-07-28,23650.00,PE,NIFTY26JUL23650PE,21.00,21.00,4.10,4.75,5.00,57.35,23995.95,4.75,5174520,1132885,1429315,2198016633722.00,308046,F1,65,,,,,
2026-07-27,2026-07-27,FO,NSE,IDO,63934,,NIFTY,,2026-07-28,2026-07-28,23850.00,PE,NIFTY26JUL23850PE,49.05,61.05,11.40,13.60,11.90,139.05,23995.95,13.60,5787795,3543865,3511642,5450949815405.25,1188822,F1,65,,,,,
2026-07-27,2026-07-27,FO,NSE,IDO,63938,,NIFTY,,2026-07-28,2026-07-28,23950.00,PE,NIFTY26JUL23950PE,101.45,104.30,26.00,32.45,27.05,200.70,23995.95,32.45,9983025,8672105,7465095,11650750592978.25,3033120,F1,65,,,,,
2026-07-27,2026-07-27,FO,NSE,IDO,64003,,NIFTY,,2026-07-28,2026-07-28,25500.00,PE,NIFTY26JUL25500PE,1570.00,1593.90,1460.15,1475.20,1460.15,1705.65,23995.95,1475.20,641225,-184600,4423,7767626984.00,3700,F1,65,,,,,
2026-07-27,2026-07-27,FO,NSE,IDO,65416,,NIFTY,,2026-08-04,2026-08-04,22150.00,PE,NIFTY2680422150PE,3.45,4.15,2.65,3.60,4.15,5.85,23995.95,3.60,7800,-65,468,673905053.25,286,F1,65,,,,,
2026-07-27,2026-07-27,FO,NSE,IDO,65434,,NIFTY,,2026-08-04,2026-08-04,22500.00,PE,NIFTY2680422500PE,8.00,8.00,3.60,4.65,5.00,9.30,23995.95,4.65,2017210,775060,87897,128573738169.50,22349,F1,65,,,,,
2026-07-27,2026-07-27,FO,NSE,IDO,65892,,NIFTY,,2026-08-04,2026-08-04,24750.00,PE,NIFTY2680424750PE,775.00,775.00,723.95,730.00,730.00,1096.50,23995.95,756.00,780,650,13,21556112.50,13,F1,65,,,,,
2026-07-27,2026-07-27,FO,NSE,IDO,65933,,NIFTY,,2026-08-04,2026-08-04,25300.00,PE,NIFTY2680425300PE,1330.00,1330.00,1330.00,1330.00,1330.00,1437.15,23995.95,1274.75,715,715,11,19040450.00,5,F1,65,,,,,
2026-07-27,2026-07-27,FO,NSE,IDO,40936,,NIFTY,,2026-08-11,2026-08-11,22650.00,PE,NIFTY2681122650PE,17.95,17.95,10.35,10.80,10.50,28.80,23995.95,10.80,14820,3510,399,587752083.75,241,F1,65,,,,,
2026-07-27,2026-07-27,FO,NSE,IDO,40964,,NIFTY,,2026-08-11,2026-08-11,23350.00,PE,NIFTY2681123350PE,77.75,77.75,40.20,42.55,40.95,118.30,23995.95,42.55,15210,1820,778,1183613554.50,615,F1,65,,,,,
2026-07-27,2026-07-27,FO,NSE,IDO,41028,,NIFTY,,2026-08-11,2026-08-11,24800.00,PE,NIFTY2681124800PE,0.00,0.00,0.00,650.00,650.00,650.00,23995.95,826.80,520,0,0,0.00,0,F1,65,,,,,
2026-07-27,2026-07-27,FO,NSE,IDO,41040,,NIFTY,,2026-08-11,2026-08-11,25050.00,PE,NIFTY2681125050PE,0.00,0.00,0.00,800.15,800.15,800.15,23995.95,1039.80,65,0,0,0.00,0,F1,65,,,,,
2026-07-27,2026-07-27,FO,NSE,IDO,45018,,NIFTY,,2026-08-18,2026-08-18,22550.00,PE,NIFTY2681822550PE,22.70,23.50,17.15,17.40,17.20,41.10,23995.95,17.40,4550,-2925,73,107090932.00,30,F1,65,,,,,
2026-07-27,2026-07-27,FO,NSE,IDO,45143,,NIFTY,,2026-08-18,2026-08-18,24850.00,PE,NIFTY2681824850PE,0.00,0.00,0.00,905.00,0.00,905.00,23995.95,893.50,0,0,0,0.00,0,F1,65,,,,,
2026-07-27,2026-07-27,FO,NSE,IDO,45171,,NIFTY,,2026-08-18,2026-08-18,25500.00,PE,NIFTY2681825500PE,0.00,0.00,0.00,1409.70,0.00,1409.70,23995.95,1449.85,0,0,0,0.00,0,F1,65,,,,,
2026-07-27,2026-07-27,FO,NSE,IDO,45185,,NIFTY,,2026-08-18,2026-08-18,25650.00,PE,NIFTY2681825650PE,0.00,0.00,0.00,1538.00,0.00,1538.00,23995.95,1588.80,0,0,0,0.00,0,F1,65,,,,,
2026-07-27,2026-07-27,FO,NSE,IDO,61351,,NIFTY,,2026-08-25,2026-08-25,21950.00,PE,NIFTY26AUG21950PE,16.80,16.80,13.95,15.60,15.60,28.00,23995.95,9.75,5395,-455,49,69959643.00,37,F1,65,,,,,
2026-07-27,2026-07-27,FO,NSE,IDO,61429,,NIFTY,,2026-08-25,2026-08-25,23000.00,PE,NIFTY26AUG23000PE,90.00,92.70,51.80,53.50,52.10,116.20,23995.95,53.50,2747875,214500,39401,59071993688.50,24968,F1,65,,,,,
2026-07-27,2026-07-27,FO,NSE,IDO,61529,,NIFTY,,2026-08-25,2026-08-25,23650.00,PE,NIFTY26AUG23650PE,212.60,235.15,153.85,158.65,155.00,282.60,23995.95,158.65,49335,11375,1461,2264759087.50,797,F1,65,,,,,
2026-07-27,2026-07-27,FO,NSE,IDO,61646,,NIFTY,,2026-08-25,2026-08-25,24150.00,PE,NIFTY26AUG24150PE,409.95,442.50,334.90,343.50,338.35,520.55,23995.95,343.50,46410,11180,714,1138640928.75,476,F1,65,,,,,
2026-07-27,2026-07-27,FO,NSE,IDO,61774,,NIFTY,,2026-08-25,2026-08-25,24550.00,PE,NIFTY26AUG24550PE,675.60,682.45,561.15,575.25,566.00,764.90,23995.95,575.25,5915,-2145,144,235934968.75,84,F1,65,,,,,
2026-07-27,2026-07-27,FO,NSE,IDO,61922,,NIFTY,,2026-08-25,2026-08-25,25150.00,PE,NIFTY26AUG25150PE,1129.00,1145.00,1129.00,1145.00,1145.00,852.25,23995.95,1152.30,390,130,3,5126345.25,3,F1,65,,,,,
2026-07-27,2026-07-27,FO,NSE,IDO,62000,,NIFTY,,2026-08-25,2026-08-25,25800.00,PE,NIFTY26AUG25800PE,1775.00,1790.00,1673.85,1676.90,1673.85,1893.95,23995.95,1676.90,7410,4095,63,112817318.25,43,F1,65,,,,,
2026-07-27,2026-07-27,FO,NSE,IDO,46938,,NIFTY,,2026-09-01,2026-09-01,22800.00,PE,NIFTY2690122800PE,60.50,60.50,49.40,50.05,49.40,109.30,23995.95,50.05,910,130,5,7426945.50,4,F1,65,,,,,
2026-07-27,2026-07-27,FO,NSE,IDO,46948,,NIFTY,,2026-09-01,2026-09-01,23050.00,PE,NIFTY2690123050PE,0.00,0.00,0.00,120.80,0.00,120.80,23995.95,127.95,0,0,0,0.00,0,F1,65,,,,,
2026-07-27,2026-07-27,FO,NSE,IDO,46994,,NIFTY,,2026-09-01,2026-09-01,24200.00,PE,NIFTY2690124200PE,404.10,404.10,390.20,398.45,390.20,476.50,23995.95,398.45,455,455,7,11192662.00,4,F1,65,,,,,
2026-07-27,2026-07-27,FO,NSE,IDO,47002,,NIFTY,,2026-09-01,2026-09-01,24400.00,PE,NIFTY2690124400PE,0.00,0.00,0.00,574.75,0.00,574.75,23995.95,640.05,0,0,0,0.00,0,F1,65,,,,,
2026-07-27,2026-07-27,FO,NSE,IDO,47020,,NIFTY,,2026-09-01,2026-09-01,24850.00,PE,NIFTY2690124850PE,0.00,0.00,0.00,836.80,0.00,836.80,23995.95,931.60,0,0,0,0.00,0,F1,65,,,,,
2026-07-27,2026-07-27,FO,NSE,IDO,47030,,NIFTY,,2026-09-01,2026-09-01,25100.00,PE,NIFTY2690125100PE,0.00,0.00,0.00,1005.40,0.00,1005.40,23995.95,1116.90,0,0,0,0.00,0,F1,65,,,,,
2026-07-27,2026-07-27,FO,NSE,IDO,47046,,NIFTY,,2026-09-01,2026-09-01,25500.00,PE,NIFTY2690125500PE,0.00,0.00,0.00,1305.40,0.00,1305.40,23995.95,1441.40,0,0,0,0.00,0,F1,65,,,,,
2026-07-27,2026-07-27,FO,NSE,IDO,47048,,NIFTY,,2026-09-01,2026-09-01,25550.00,PE,NIFTY2690125550PE,0.00,0.00,0.00,1345.20,0.00,1345.20,23995.95,1484.00,0,0,0,0.00,0,F1,65,,,,,
2026-07-27,2026-07-27,FO,NSE,IDO,73848,,NIFTY,,2026-09-29,2026-09-29,21700.00,PE,NIFTY26SEP21700PE,44.00,48.75,32.70,33.05,32.70,55.00,23995.95,33.05,18655,-975,83,117276750.50,47,F1,65,,,,,
2026-07-27,2026-07-27,FO,NSE,IDO,73874,,NIFTY,,2026-09-29,2026-09-29,22200.00,PE,NIFTY26SEP22200PE,67.55,67.90,49.65,51.35,51.95,86.85,23995.95,51.35,44785,-2600,478,691535978.25,247,F1,65,,,,,
2026-07-27,2026-07-27,FO,NSE,IDO,73876,,NIFTY,,2026-09-29,2026-09-29,22250.00,PE,NIFTY26SEP22250PE,68.00,68.00,53.45,54.30,53.45,94.35,23995.95,54.30,13650,-910,29,42056855.75,25,F1,65,,,,,
2026-07-27,2026-07-27,FO,NSE,IDO,73909,,NIFTY,,2026-09-29,2026-09-29,23150.00,PE,NIFTY26SEP23150PE,188.05,190.50,146.85,148.00,147.70,239.80,23995.95,148.00,14495,4225,118,178781112.25,63,F1,65,,,,,
2026-07-27,2026-07-27,FO,NSE,IDO,74009,,NIFTY,,2026-09-29,2026-09-29,23700.00,PE,NIFTY26SEP23700PE,350.00,350.00,268.25,274.80,269.00,398.65,23995.95,274.80,67535,15470,647,1009077429.75,535,F1,65,,,,,
2026-07-27,2026-07-27,FO,NSE,IDO,74011,,NIFTY,,2026-09-29,2026-09-29,23750.00,PE,NIFTY26SEP23750PE,366.60,366.65,283.70,286.80,283.70,415.20,23995.95,286.80,9620,1885,45,70394314.25,32,F1,65,,,,,
2026-07-27,2026-07-27,FO,NSE,IDO,74059,,NIFTY,,2026-09-29,2026-09-29,23950.00,PE,NIFTY26SEP23950PE,420.00,420.00,360.15,361.70,360.15,503.75,23995.95,361.70,6890,1105,66,104430420.25,59,F1,65,,,,,
2026-07-27,2026-07-27,FO,NSE,IDO,74065,,NIFTY,,2026-09-29,2026-09-29,24100.00,PE,NIFTY26SEP24100PE,490.00,490.00,410.00,417.10,411.65,560.40,23995.95,417.10,36530,260,228,363763884.25,170,F1,65,,,,,
2026-07-27,2026-07-27,FO,NSE,IDO,74098,,NIFTY,,2026-09-29,2026-09-29,24250.00,PE,NIFTY26SEP24250PE,530.00,552.90,472.25,475.95,472.25,617.25,23995.95,475.95,9360,1365,40,64402754.00,38,F1,65,,,,,
2026-07-27,2026-07-27,FO,NSE,IDO,74115,,NIFTY,,2026-09-29,2026-09-29,24400.00,PE,NIFTY26SEP24400PE,616.00,629.70,549.50,553.05,551.45,709.35,23995.95,553.05,55250,845,111,180377193.75,76,F1,65,,,,,
2026-07-27,2026-07-27,FO,NSE,IDO,74350,,NIFTY,,2026-09-29,2026-09-29,24600.00,PE,NIFTY26SEP24600PE,750.00,750.00,650.00,655.05,650.00,845.60,23995.95,655.05,91715,28340,638,1050090525.25,294,F1,65,,,,,
2026-07-27,2026-07-27,FO,NSE,IDO,40956,,NIFTY,,2026-08-11,2026-08-11,23150.00,PE,NIFTY2681123150PE,47.05,48.20,23.75,26.15,25.10,77.60,23995.95,26.15,23075,15275,861,1297422613.50,578,F1,65,,,,,
2026-07-27,2026-07-27,FO,NSE,IDO,73806,,NIFTY,,2026-09-29,2026-09-29,21600.00,PE,NIFTY26SEP21600PE,39.95,40.50,30.80,31.20,31.00,48.60,23995.95,31.20,37895,-7215,496,697491730.00,286,F1,65,,,,,
2026-07-27,2026-07-27,FO,NSE,IDO,40978,,NIFTY,,2026-08-11,2026-08-11,23700.00,PE,NIFTY2681123700PE,160.00,164.05,94.60,99.75,95.60,219.00,23995.95,99.75,149500,56615,5899,9134392130.50,4544,F1,65,,,,,
2026-07-27,2026-07-27,FO,NSE,IDO,40986,,NIFTY,,2026-08-11,2026-08-11,23850.00,PE,NIFTY2681123850PE,206.90,214.05,135.70,140.90,136.95,290.05,23995.95,140.90,21970,4485,1628,2542486501.75,1154,F1,65,,,,,
2026-07-27,2026-07-27,FO,NSE,IDO,41042,,NIFTY,,2026-08-11,2026-08-11,25100.00,PE,NIFTY2681125100PE,0.00,0.00,0.00,900.00,900.00,900.00,23995.95,1084.30,65,0,0,0.00,0,F1,65,,,,,
2026-07-27,2026-07-27,FO,NSE,IDO,45036,,NIFTY,,2026-08-18,2026-08-18,22900.00,PE,NIFTY2681822900PE,44.45,45.85,28.30,29.40,28.65,73.50,23995.95,29.40,15925,4550,351,523288990.25,167,F1,65,,,,,
2026-07-27,2026-07-27,FO,NSE,IDO,45097,,NIFTY,,2026-08-18,2026-08-18,24150.00,PE,NIFTY2681824150PE,390.00,400.35,321.55,329.55,329.55,475.00,23995.95,429.40,3445,130,20,31878119.00,20,F1,65,,,,,
2026-07-27,2026-07-27,FO,NSE,IDO,45149,,NIFTY,,2026-08-18,2026-08-18,25000.00,PE,NIFTY2681825000PE,0.00,0.00,0.00,1012.85,0.00,1012.85,23995.95,1013.50,0,0,0,0.00,0,F1,65,,,,,
2026-07-27,2026-07-27,FO,NSE,IDO,45151,,NIFTY,,2026-08-18,2026-08-18,25050.00,PE,NIFTY2681825050PE,0.00,0.00,0.00,1051.15,0.00,1051.15,23995.95,1054.80,0,0,0,0.00,0,F1,65,,,,,
2026-07-27,2026-07-27,FO,NSE,IDO,45159,,NIFTY,,2026-08-18,2026-08-18,25250.00,PE,NIFTY2681825250PE,0.00,0.00,0.00,1204.85,0.00,1204.85,23995.95,1225.65,0,0,0,0.00,0,F1,65,,,,,
2026-07-27,2026-07-27,FO,NSE,IDO,45187,,NIFTY,,2026-08-18,2026-08-18,25700.00,PE,NIFTY2681825700PE,0.00,0.00,0.00,1581.55,0.00,1581.55,23995.95,1635.75,0,0,0,0.00,0,F1,65,,,,,
2026-07-27,2026-07-27,FO,NSE,IDO,45203,,NIFTY,,2026-08-18,2026-08-18,26000.00,PE,NIFTY2681826000PE,0.00,0.00,0.00,1849.95,0.00,1849.95,23995.95,1922.10,0,0,0,0.00,0,F1,65,,,,,
2026-07-27,2026-07-27,FO,NSE,IDO,61381,,NIFTY,,2026-08-25,2026-08-25,22400.00,PE,NIFTY26AUG22400PE,33.00,33.00,20.70,21.30,21.35,48.35,23995.95,21.30,106210,-16705,2658,3874503899.50,1803,F1,65,,,,,
2026-07-27,2026-07-27,FO,NSE,IDO,61498,,NIFTY,,2026-08-25,2026-08-25,23450.00,PE,NIFTY26AUG23450PE,156.85,180.60,109.00,111.90,110.60,217.00,23995.95,111.90,37180,6955,1423,2182301878.25,852,F1,65,,,,,
2026-07-27,2026-07-27,FO,NSE,IDO,47022,,NIFTY,,2026-09-01,2026-09-01,24900.00,PE,NIFTY2690124900PE,0.00,0.00,0.00,869.25,0.00,869.25,23995.95,967.35,0,0,0,0.00,0,F1,65,,,,,
2026-07-27,2026-07-27,FO,NSE,IDO,61933,,NIFTY,,2029-12-24,2029-12-24,30000.00,PE,NIFTY29DEC30000PE,0.00,0.00,0.00,1953.50,0.00,1953.50,23995.95,2929.95,0,0,0,0.00,0,F1,65,,,,,
2026-07-27,2026-07-27,FO,NSE,IDO,80276,,NIFTY,,2027-03-30,2027-03-30,27000.00,CE,NIFTY27MAR27000CE,264.80,264.95,249.70,260.65,261.20,247.55,23995.95,260.65,235820,30810,853,1511254390.75,596,F1,65,,,,,
2026-07-27,2026-07-27,FO,NSE,IDO,42136,,NIFTY,,2026-12-29,2026-12-29,31000.00,CE,NIFTY26DEC31000CE,14.25,14.90,13.90,14.35,14.80,14.25,23995.95,14.35,161090,1105,40,80637667.50,29,F1,65,,,,,
2026-07-27,2026-07-27,FO,NSE,IDO,38158,,NIFTY,,2026-12-29,2026-12-29,29000.00,CE,NIFTY26DEC29000CE,23.65,23.65,21.30,22.20,21.65,21.85,23995.95,22.20,472810,-5850,353,665916078.75,191,F1,65,,,,,
2026-07-27,2026-07-27,FO,NSE,IDO,55330,,NIFTY,,2026-12-29,2026-12-29,28500.00,CE,NIFTY26DEC28500CE,32.10,33.80,31.00,32.50,33.00,31.45,23995.95,32.50,91910,-2405,277,513724464.50,192,F1,65,,,,,
2026-07-27,2026-07-27,FO,NSE,IDO,50978,,NIFTY,,2026-12-29,2026-12-29,27000.00,CE,NIFTY26DEC27000CE,107.00,108.40,98.45,101.75,102.90,99.40,23995.95,101.75,2163610,6945,2612,4601260056.25,1817,F1,65,,,,,
2026-07-27,2026-07-27,FO,NSE,IDO,58648,,NIFTY,,2026-12-29,2026-12-29,22000.00,CE,NIFTY26DEC22000CE,2600.00,2680.80,2589.00,2667.70,2674.40,2504.65,23995.95,2667.70,190840,6955,628,1005242072.25,383,F1,65,,,,,
2026-07-27,2026-07-27,FO,NSE,IDO,74465,,NIFTY,,2026-09-29,2026-09-29,26200.00,CE,NIFTY26SEP26200CE,0.00,0.00,0.00,206.55,0.00,206.55,23995.95,124.65,0,0,0,0.00,0,F1,65,,,,,
2026-07-27,2026-07-27,FO,NSE,IDO,74407,,NIFTY,,2026-09-29,2026-09-29,25600.00,CE,NIFTY26SEP25600CE,0.00,0.00,0.00,329.10,0.00,329.10,23995.95,226.00,0,0,0,0.00,0,F1,65,,,,,
2026-07-27,2026-07-27,FO,NSE,IDO,74372,,NIFTY,,2026-09-29,2026-09-29,25200.00,CE,NIFTY26SEP25200CE,0.00,0.00,0.00,437.00,0.00,437.00,23995.95,324.20,0,0,0,0.00,0,F1,65,,,,,
2026-07-27,2026-07-27,FO,NSE,IDO,74007,,NIFTY,,2026-09-29,2026-09-29,23700.00,CE,NIFTY26SEP23700CE,772.75,817.00,748.00,811.35,817.00,707.50,23995.95,811.35,19695,-4355,89,141570026.00,54,F1,65,,,,,
2026-07-27,2026-07-27,FO,NSE,IDO,73903,,NIFTY,,2026-09-29,2026-09-29,23000.00,CE,NIFTY26SEP23000CE,1300.00,1365.75,1253.65,1353.00,1364.50,1196.70,23995.95,1353.00,103155,-2990,308,486510202.75,234,F1,65,,,,,
2026-07-27,2026-07-27,FO,NSE,IDO,73895,,NIFTY,,2026-09-29,2026-09-29,22800.00,CE,NIFTY26SEP22800CE,0.00,0.00,0.00,1370.50,1370.50,1370.50,23995.95,1626.20,455,0,0,0.00,0,F1,65,,,,,
2026-07-27,2026-07-27,FO,NSE,IDO,73873,,NIFTY,,2026-09-29,2026-09-29,22200.00,CE,NIFTY26SEP22200CE,0.00,0.00,0.00,2158.90,0.00,2158.90,23995.95,2130.45,0,0,0,0.00,0,F1,65,,,,,
2026-07-27,2026-07-27,FO,NSE,IDO,46989,,NIFTY,,2026-09-01,2026-09-01,24100.00,CE,NIFTY2690124100CE,372.00,381.90,338.40,372.60,376.00,321.00,23995.95,372.60,14495,6045,254,403884708.50,157,F1,65,,,,,
2026-07-27,2026-07-27,FO,NSE,IDO,46911,,NIFTY,,2026-09-01,2026-09-01,22150.00,CE,NIFTY2690122150CE,0.00,0.00,0.00,2218.80,0.00,2218.80,23995.95,2015.70,0,0,0,0.00,0,F1,65,,,,,
2026-07-27,2026-07-27,FO,NSE,IDO,46909,,NIFTY,,2026-09-01,2026-09-01,22100.00,CE,NIFTY2690122100CE,0.00,0.00,0.00,2265.95,0.00,2265.95,23995.95,2062.80,0,0,0,0.00,0,F1,65,,,,,
2026-07-27,2026-07-27,FO,NSE,IDO,61921,,NIFTY,,2026-08-25,2026-08-25,25150.00,CE,NIFTY26AUG25150CE,33.60,33.60,27.60,31.45,32.30,31.75,23995.95,31.45,74815,3380,452,739812924.50,308,F1,65,,,,,
2026-07-27,2026-07-27,FO,NSE,IDO,61778,,NIFTY,,2026-08-25,2026-08-25,24650.00,CE,NIFTY26AUG24650CE,108.75,117.80,93.65,108.95,112.00,94.70,23995.95,108.95,62075,18395,1255,2019359579.25,855,F1,65,,,,,
2026-07-27,2026-07-27,FO,NSE,IDO,61685,,NIFTY,,2026-08-25,2026-08-25,24300.00,CE,NIFTY26AUG24300CE,222.70,239.00,200.00,231.25,239.00,192.10,23995.95,231.25,1145300,74555,13584,21647938338.00,8217,F1,65,,,,,
2026-07-27,2026-07-27,FO,NSE,IDO,61671,,NIFTY,,2026-08-25,2026-08-25,24250.00,CE,NIFTY26AUG24250CE,241.70,263.55,220.00,253.60,259.00,209.45,23995.95,253.60,74360,11570,1210,1925965879.50,936,F1,65,,,,,
2026-07-27,2026-07-27,FO,NSE,IDO,61518,,NIFTY,,2026-08-25,2026-08-25,23600.00,PE,NIFTY26AUG23600PE,205.85,221.70,141.45,145.95,143.45,266.10,23995.95,145.95,581750,21125,9990,15439507645.25,6602,F1,65,,,,,
2026-07-27,2026-07-27,FO,NSE,IDO,61703,,NIFTY,,2026-08-25,2026-08-25,24300.00,PE,NIFTY26AUG24300PE,501.00,525.85,414.10,426.80,420.75,611.90,23995.95,426.80,822575,84565,6349,10215204470.25,4172,F1,65,,,,,
2026-07-27,2026-07-27,FO,NSE,IDO,61976,,NIFTY,,2026-08-25,2026-08-25,25500.00,PE,NIFTY26AUG25500PE,1500.00,1521.55,1379.90,1398.30,1380.00,1645.90,23995.95,1398.30,1394185,119470,3422,5997802785.00,2903,F1,65,,,,,
2026-07-27,2026-07-27,FO,NSE,IDO,62039,,NIFTY,,2026-08-25,2026-08-25,26000.00,PE,NIFTY26AUG26000PE,1965.45,2012.90,1861.10,1882.65,1861.50,2114.15,23995.95,1882.65,2043600,609245,12875,23379373202.25,10563,F1,65,,,,,
2026-07-27,2026-07-27,FO,NSE,IDO,61517,,NIFTY,,2026-08-25,2026-08-25,23600.00,CE,NIFTY26AUG23600CE,700.00,700.00,575.00,647.10,659.95,540.00,23995.95,647.10,248495,-52390,2757,4338504950.00,1793,F1,65,,,,,
2026-07-27,2026-07-27,FO,NSE,IDO,61468,,NIFTY,,2026-08-25,2026-08-25,23400.00,CE,NIFTY26AUG23400CE,740.00,818.20,726.85,803.55,818.20,677.65,23995.95,803.55,22230,-1885,230,361268518.00,170,F1,65,,,,,
2026-07-27,2026-07-27,FO,NSE,IDO,61445,,NIFTY,,2026-08-25,2026-08-25,23200.00,CE,NIFTY26AUG23200CE,920.00,983.40,875.00,977.30,978.95,823.65,23995.95,977.30,35425,6370,273,427962707.25,216,F1,65,,,,,
2026-07-27,2026-07-27,FO,NSE,IDO,61409,,NIFTY,,2026-08-25,2026-08-25,22700.00,CE,NIFTY26AUG22700CE,1335.15,1395.00,1335.15,1395.00,1395.00,1235.00,23995.95,1458.35,5460,0,27,42213931.50,18,F1,65,,,,,
2026-07-27,2026-07-27,FO,NSE,IDO,61399,,NIFTY,,2026-08-25,2026-08-25,22550.00,CE,NIFTY26AUG22550CE,0.00,0.00,0.00,1773.25,1773.25,1773.25,23995.95,1593.60,130,0,0,0.00,0,F1,65,,,,,
2026-07-27,2026-07-27,FO,NSE,IDO,61356,,NIFTY,,2026-08-25,2026-08-25,22100.00,CE,NIFTY26AUG22100CE,0.00,0.00,0.00,2281.05,0.00,2281.05,23995.95,2016.30,0,0,0,0.00,0,F1,65,,,,,
2026-07-27,2026-07-27,FO,NSE,IDO,45166,,NIFTY,,2026-08-18,2026-08-18,25400.00,CE,NIFTY2681825400CE,10.75,11.20,9.10,9.75,10.10,11.90,23995.95,9.75,10855,6500,292,482283425.00,228,F1,65,,,,,
2026-07-27,2026-07-27,FO,NSE,IDO,45164,,NIFTY,,2026-08-18,2026-08-18,25350.00,CE,NIFTY2681825350CE,0.00,0.00,0.00,133.55,0.00,133.55,23995.95,52.45,0,0,0,0.00,0,F1,65,,,,,
2026-07-27,2026-07-27,FO,NSE,IDO,62044,,NIFTY,,2026-08-25,2026-08-25,26050.00,PE,NIFTY26AUG26050PE,0.00,0.00,0.00,1910.00,1910.00,1910.00,23995.95,1954.55,260,0,0,0.00,0,F1,65,,,,,
2026-07-27,2026-07-27,FO,NSE,IDO,45162,,NIFTY,,2026-08-18,2026-08-18,25300.00,CE,NIFTY2681825300CE,0.00,0.00,0.00,109.95,109.95,109.95,23995.95,57.85,65,0,0,0.00,0,F1,65,,,,,
2026-07-27,2026-07-27,FO,NSE,IDO,45104,,NIFTY,,2026-08-18,2026-08-18,24350.00,CE,NIFTY2681824350CE,145.00,161.55,142.35,161.15,161.00,131.15,23995.95,161.15,8320,520,81,129006471.75,77,F1,65,,,,,
2026-07-27,2026-07-27,FO,NSE,IDO,45102,,NIFTY,,2026-08-18,2026-08-18,24300.00,CE,NIFTY2681824300CE,168.75,185.75,154.00,181.00,185.75,145.05,23995.95,181.00,26325,455,498,792093721.25,359,F1,65,,,,,
2026-07-27,2026-07-27,FO,NSE,IDO,45084,,NIFTY,,2026-08-18,2026-08-18,23950.00,CE,NIFTY2681823950CE,345.65,368.25,313.25,356.25,368.25,284.40,23995.95,356.25,7475,3900,262,413636902.25,206,F1,65,,,,,
2026-07-27,2026-07-27,FO,NSE,IDO,45023,,NIFTY,,2026-08-18,2026-08-18,22700.00,CE,NIFTY2681822700CE,0.00,0.00,0.00,1551.05,0.00,1551.05,23995.95,1411.55,0,0,0,0.00,0,F1,65,,,,,
2026-07-27,2026-07-27,FO,NSE,IDO,45011,,NIFTY,,2026-08-18,2026-08-18,22450.00,CE,NIFTY2681822450CE,0.00,0.00,0.00,1774.75,0.00,1774.75,23995.95,1645.30,0,0,0,0.00,0,F1,65,,,,,
2026-07-27,2026-07-27,FO,NSE,IDO,41079,,NIFTY,,2026-08-11,2026-08-11,26000.00,CE,NIFTY2681126000CE,2.70,2.95,1.55,1.75,1.55,2.55,23995.95,1.75,119600,33345,1951,3297460952.50,1094,F1,65,,,,,
2026-07-27,2026-07-27,FO,NSE,IDO,41061,,NIFTY,,2026-08-11,2026-08-11,25600.00,CE,NIFTY2681125600CE,3.45,4.75,2.10,2.25,2.35,3.45,23995.95,2.25,2730,455,193,321190831.00,69,F1,65,,,,,
2026-07-27,2026-07-27,FO,NSE,IDO,41051,,NIFTY,,2026-08-11,2026-08-11,25350.00,CE,NIFTY2681125350CE,4.75,6.35,3.55,4.20,4.05,5.20,23995.95,4.20,10335,9100,318,524080384.75,166,F1,65,,,,,
2026-07-27,2026-07-27,FO,NSE,IDO,41049,,NIFTY,,2026-08-11,2026-08-11,25300.00,CE,NIFTY2681125300CE,5.45,8.00,4.00,4.60,4.60,6.40,23995.95,4.60,62075,21710,2821,4640109600.75,1658,F1,65,,,,,
2026-07-27,2026-07-27,FO,NSE,IDO,46922,,NIFTY,,2026-09-01,2026-09-01,22400.00,PE,NIFTY2690122400PE,0.00,0.00,0.00,42.65,0.00,42.65,23995.95,42.35,0,0,0,0.00,0,F1,65,,,,,
2026-07-27,2026-07-27,FO,NSE,IDO,46928,,NIFTY,,2026-09-01,2026-09-01,22550.00,PE,NIFTY2690122550PE,0.00,0.00,0.00,65.55,65.55,65.55,23995.95,55.90,130,0,0,0.00,0,F1,65,,,,,
2026-07-27,2026-07-27,FO,NSE,IDO,46930,,NIFTY,,2026-09-01,2026-09-01,22600.00,PE,NIFTY2690122600PE,54.00,54.00,37.00,37.45,37.00,80.20,23995.95,37.45,4550,845,67,98627633.00,28,F1,65,,,,,
2026-07-27,2026-07-27,FO,NSE,IDO,46946,,NIFTY,,2026-09-01,2026-09-01,23000.00,PE,NIFTY2690123000PE,96.00,96.00,69.30,70.40,70.50,126.70,23995.95,70.40,4095,2535,63,94515310.50,36,F1,65,,,,,
2026-07-27,2026-07-27,FO,NSE,IDO,46954,,NIFTY,,2026-09-01,2026-09-01,23200.00,PE,NIFTY2690123200PE,106.05,106.05,106.05,106.05,106.05,149.15,23995.95,159.65,65,65,1,1514893.25,1,F1,65,,,,,
2026-07-27,2026-07-27,FO,NSE,IDO,46992,,NIFTY,,2026-09-01,2026-09-01,24150.00,PE,NIFTY2690124150PE,0.00,0.00,0.00,453.70,0.00,453.70,23995.95,503.85,0,0,0,0.00,0,F1,65,,,,,
2026-07-27,2026-07-27,FO,NSE,IDO,40987,,NIFTY,,2026-08-11,2026-08-11,23900.00,CE,NIFTY2681123900CE,304.15,338.20,272.20,325.85,338.20,249.40,23995.95,325.85,123890,-3965,7543,11864694546.25,5432,F1,65,,,,,
2026-07-27,2026-07-27,FO,NSE,IDO,40979,,NIFTY,,2026-08-11,2026-08-11,23750.00,CE,NIFTY2681123750CE,370.00,436.65,346.35,426.85,436.65,333.15,23995.95,426.85,12740,-4355,552,866348297.75,442,F1,65,,,,,
2026-07-27,2026-07-27,FO,NSE,IDO,40945,,NIFTY,,2026-08-11,2026-08-11,22900.00,CE,NIFTY2681122900CE,1110.00,1120.00,1110.00,1120.00,1120.00,1685.10,23995.95,1179.55,195,195,3,4683250.00,3,F1,65,,,,,
2026-07-27,2026-07-27,FO,NSE,IDO,40919,,NIFTY,,2026-08-11,2026-08-11,22300.00,CE,NIFTY2681122300CE,0.00,0.00,0.00,2244.00,0.00,2244.00,23995.95,1755.05,0,0,0,0.00,0,F1,65,,,,,
2026-07-27,2026-07-27,FO,NSE,IDO,40913,,NIFTY,,2026-08-11,2026-08-11,22150.00,CE,NIFTY2681122150CE,0.00,0.00,0.00,2388.45,0.00,2388.45,23995.95,1903.05,0,0,0,0.00,0,F1,65,,,,,
2026-07-27,2026-07-27,FO,NSE,IDO,40909,,NIFTY,,2026-08-11,2026-08-11,22050.00,CE,NIFTY2681122050CE,0.00,0.00,0.00,2485.45,0.00,2485.45,23995.95,2002.15,0,0,0,0.00,0,F1,65,,,,,
2026-07-27,2026-07-27,FO,NSE,IDO,66066,,NIFTY,,2026-08-04,2026-08-04,26200.00,CE,NIFTY2680426200CE,0.90,1.15,0.85,0.85,0.85,0.95,23995.95,0.85,128830,5200,5360,9128417525.50,1083,F1,65,,,,,
2026-07-27,2026-07-27,FO,NSE,IDO,66058,,NIFTY,,2026-08-04,2026-08-04,26050.00,CE,NIFTY2680426050CE,1.10,1.45,0.90,1.00,0.90,1.25,23995.95,1.00,15535,10400,825,1396991800.75,352,F1,65,,,,,
2026-07-27,2026-07-27,FO,NSE,IDO,66006,,NIFTY,,2026-08-04,2026-08-04,25750.00,CE,NIFTY2680425750CE,1.30,1.70,1.00,1.10,1.00,1.25,23995.95,1.10,10595,4745,714,1195120719.00,542,F1,65,,,,,
2026-07-27,2026-07-27,FO,NSE,IDO,65684,,NIFTY,,2026-08-04,2026-08-04,23800.00,CE,NIFTY2680423800CE,294.00,330.00,250.55,317.80,328.00,222.60,23995.95,317.80,803530,-463385,72027,112758307405.25,43647,F1,65,,,,,
2026-07-27,2026-07-27,FO,NSE,IDO,65672,,NIFTY,,2026-08-04,2026-08-04,23500.00,CE,NIFTY2680423500CE,506.00,583.50,469.10,572.45,583.00,422.05,23995.95,572.45,251680,50765,8366,13066009264.75,5023,F1,65,,,,,
2026-07-27,2026-07-27,FO,NSE,IDO,65588,,NIFTY,,2026-08-04,2026-08-04,23450.00,CE,NIFTY2680423450CE,536.15,635.25,515.40,614.00,635.25,448.25,23995.95,614.00,7020,-2860,174,271523801.25,166,F1,65,,,,,
2026-07-27,2026-07-27,FO,NSE,IDO,65435,,NIFTY,,2026-08-04,2026-08-04,22550.00,CE,NIFTY2680422550CE,0.00,0.00,0.00,1533.15,0.00,1533.15,23995.95,1476.90,0,0,0,0.00,0,F1,65,,,,,
2026-07-27,2026-07-27,FO,NSE,IDO,65370,,NIFTY,,2026-08-04,2026-08-04,22000.00,CE,NIFTY2680422000CE,2025.00,2025.00,2025.00,2025.00,2025.00,1824.00,23995.95,2025.00,585,65,1,1561625.00,1,F1,65,,,,,
2026-07-27,2026-07-27,FO,NSE,IDO,64031,,NIFTY,,2026-07-28,2026-07-28,26150.00,CE,NIFTY26JUL26150CE,0.45,0.55,0.25,0.40,0.25,0.45,23995.95,0.40,59345,-51480,5742,9760134855.25,1550,F1,65,,,,,
2026-07-27,2026-07-27,FO,NSE,IDO,64029,,NIFTY,,2026-07-28,2026-07-28,26100.00,CE,NIFTY26JUL26100CE,0.50,0.55,0.25,0.35,0.25,0.45,23995.95,0.35,204880,-100035,16388,27802716464.25,6492,F1,65,,,,,
2026-07-27,2026-07-27,FO,NSE,IDO,63993,,NIFTY,,2026-07-28,2026-07-28,25300.00,CE,NIFTY26JUL25300CE,0.80,1.20,0.35,0.40,0.35,0.80,23995.95,0.40,4060940,-2083770,348047,572375441816.75,41816,F1,65,,,,,
2026-07-27,2026-07-27,FO,NSE,IDO,63945,,NIFTY,,2026-07-28,2026-07-28,24150.00,CE,NIFTY26JUL24150CE,27.85,28.90,10.70,20.40,22.95,17.95,23995.95,20.40,5603065,1417780,2762447,4339431321299.75,789554,F1,65,,,,,
2026-07-27,2026-07-27,FO,NSE,IDO,63943,,NIFTY,,2026-07-28,2026-07-28,24100.00,CE,NIFTY26JUL24100CE,50.00,50.00,16.25,32.95,36.95,23.85,23995.95,32.95,10422620,206310,5413877,8490082316209.00,1621422,F1,65,,,,,
2026-07-27,2026-07-27,FO,NSE,IDO,63911,,NIFTY,,2026-07-28,2026-07-28,23400.00,CE,NIFTY26JUL23400CE,502.00,647.25,502.00,632.50,646.20,424.10,23995.95,632.50,89245,-42510,4123,6425186514.50,2339,F1,65,,,,,
2026-07-27,2026-07-27,FO,NSE,IDO,63847,,NIFTY,,2026-07-28,2026-07-28,21800.00,CE,NIFTY26JUL21800CE,2135.00,2135.00,2135.00,2135.00,2135.00,2230.00,23995.95,2199.60,65,-65,1,1555775.00,1,F1,65,,,,,
2026-07-27,2026-07-27,FO,NSE,IDO,47000,,NIFTY,,2026-09-01,2026-09-01,24350.00,PE,NIFTY2690124350PE,0.00,0.00,0.00,549.10,0.00,549.10,23995.95,611.30,0,0,0,0.00,0,F1,65,,,,,
2026-07-27,2026-07-27,FO,NSE,IDO,47006,,NIFTY,,2026-09-01,2026-09-01,24500.00,PE,NIFTY2690124500PE,0.00,0.00,0.00,688.00,688.00,688.00,23995.95,699.85,845,0,0,0.00,0,F1,65,,,,,
2026-07-27,2026-07-27,FO,NSE,IDO,47058,,NIFTY,,2026-09-01,2026-09-01,25800.00,PE,NIFTY2690125800PE,0.00,0.00,0.00,1550.85,0.00,1550.85,23995.95,1702.90,0,0,0,0.00,0,F1,65,,,,,
2026-07-27,2026-07-27,FO,NSE,IDO,73882,,NIFTY,,2026-09-29,2026-09-29,22400.00,PE,NIFTY26SEP22400PE,82.50,83.45,62.30,63.50,62.30,106.90,23995.95,63.50,92820,-5070,570,832521007.50,337,F1,65,,,,,
2026-07-27,2026-07-27,FO,NSE,IDO,73905,,NIFTY,,2026-09-29,2026-09-29,23050.00,PE,NIFTY26SEP23050PE,202.75,202.75,131.10,132.20,131.50,205.00,23995.95,132.20,17420,2860,160,241315558.25,108,F1,65,,,,,
2026-07-27,2026-07-27,FO,NSE,IDO,74360,,NIFTY,,2026-09-29,2026-09-29,24850.00,PE,NIFTY26SEP24850PE,0.00,0.00,0.00,880.00,880.00,880.00,23995.95,1002.80,5785,0,0,0.00,0,F1,65,,,,,
2026-07-27,2026-07-27,FO,NSE,IDO,74367,,NIFTY,,2026-09-29,2026-09-29,25050.00,PE,NIFTY26SEP25050PE,0.00,0.00,0.00,1007.80,1007.80,1007.80,23995.95,1134.10,130,0,0,0.00,0,F1,65,,,,,
2026-07-27,2026-07-27,FO,NSE,IDO,74387,,NIFTY,,2026-09-29,2026-09-29,25300.00,PE,NIFTY26SEP25300PE,0.00,0.00,0.00,1032.90,1038.10,1032.90,23995.95,1309.40,195,0,0,0.00,0,F1,65,,,,,
2026-07-27,2026-07-27,FO,NSE,IDO,74406,,NIFTY,,2026-09-29,2026-09-29,25550.00,PE,NIFTY26SEP25550PE,0.00,0.00,0.00,1632.65,0.00,1632.65,23995.95,1496.45,0,0,0,0.00,0,F1,65,,,,,
2026-07-27,2026-07-27,FO,NSE,IDO,65905,,NIFTY,,2026-09-29,2026-09-29,26000.00,PE,NIFTY26SEP26000PE,1827.60,1860.80,1743.00,1758.10,1743.00,1983.70,23995.95,1758.10,627610,10075,268,484539971.50,248,F1,65,,,,,
2026-07-27,2026-07-27,FO,NSE,IDO,74439,,NIFTY,,2026-09-29,2026-09-29,26050.00,PE,NIFTY26SEP26050PE,0.00,0.00,0.00,2017.50,0.00,2017.50,23995.95,1899.40,0,0,0,0.00,0,F1,65,,,,,
2026-07-27,2026-07-27,FO,NSE,IDO,55293,,NIFTY,,2026-09-29,2026-09-29,34500.00,PE,NIFTY26SEP34500PE,0.00,0.00,0.00,7064.95,0.00,7064.95,23995.95,10106.50,0,0,0,0.00,0,F1,65,,,,,
2026-07-27,2026-07-27,FO,NSE,IDO,71554,,NIFTY,,2027-06-29,2027-06-29,21000.00,PE,NIFTY27JUN21000PE,0.00,0.00,0.00,218.00,218.00,218.00,23995.95,196.15,4535,0,0,0.00,0,F1,65,,,,,
2026-07-27,2026-07-27,FO,NSE,IDO,55377,,NIFTY,,2027-06-29,2027-06-29,25500.00,PE,NIFTY27JUN25500PE,0.00,0.00,0.00,667.15,0.00,667.15,23995.95,1541.55,0,0,0,0.00,0,F1,65,,,,,
2026-07-27,2026-07-27,FO,NSE,IDO,53602,,NIFTY,,2027-12-28,2027-12-28,17000.00,PE,NIFTY27DEC17000PE,0.00,0.00,0.00,95.00,95.00,95.00,23995.95,19.55,17685,0,0,0.00,0,F1,65,,,,,
2026-07-27,2026-07-27,FO,NSE,IDO,53615,,NIFTY,,2027-12-28,2027-12-28,21000.00,PE,NIFTY27DEC21000PE,343.95,344.00,300.00,303.55,300.00,336.55,23995.95,303.55,14090,260,25,34649745.00,22,F1,65,,,,,
2026-07-27,2026-07-27,FO,NSE,IDO,86152,,NIFTY,,2028-06-27,2028-06-27,24000.00,PE,NIFTY28JUN24000PE,0.00,0.00,0.00,1692.75,0.00,1692.75,23995.95,964.60,0,0,0,0.00,0,F1,65,,,,,
2026-07-27,2026-07-27,FO,NSE,IDO,55523,,NIFTY,,2028-12-26,2028-12-26,25500.00,PE,NIFTY28DEC25500PE,0.00,0.00,0.00,648.20,0.00,648.20,23995.95,1413.70,0,0,0,0.00,0,F1,65,,,,,
2026-07-27,2026-07-27,FO,NSE,IDO,55565,,NIFTY,,2029-06-26,2029-06-26,28500.00,PE,NIFTY29JUN28500PE,0.00,0.00,0.00,1349.10,0.00,1349.10,23995.95,2470.70,0,0,0,0.00,0,F1,65,,,,,
2026-07-27,2026-07-27,FO,NSE,IDO,55603,,NIFTY,,2029-12-24,2029-12-24,22500.00,PE,NIFTY29DEC22500PE,0.00,0.00,0.00,225.70,0.00,225.70,23995.95,605.20,0,0,0,0.00,0,F1,65,,,,,
2026-07-27,2026-07-27,FO,NSE,IDO,61795,,NIFTY,,2029-12-24,2029-12-24,27000.00,PE,NIFTY29DEC27000PE,0.00,0.00,0.00,1177.90,0.00,1177.90,23995.95,1750.95,0,0,0,0.00,0,F1,65,,,,,
2026-07-27,2026-07-27,FO,NSE,IDO,55607,,NIFTY,,2029-12-24,2029-12-24,28500.00,PE,NIFTY29DEC28500PE,0.00,0.00,0.00,1255.90,0.00,1255.90,23995.95,2300.15,0,0,0,0.00,0,F1,65,,,,,
2026-07-27,2026-07-27,FO,NSE,IDO,74654,,NIFTY,,2031-06-24,2031-06-24,27000.00,PE,NIFTY31JUN27000PE,0.00,0.00,0.00,1653.15,0.00,1653.15,23995.95,1450.35,0,0,0,0.00,0,F1,65,,,,,
2026-07-27,2026-07-27,FO,NSE,IDO,45167,,NIFTY,,2026-08-18,2026-08-18,25400.00,PE,NIFTY2681825400PE,0.00,0.00,0.00,1326.35,0.00,1326.35,23995.95,1358.95,0,0,0,0.00,0,F1,65,,,,,
2026-07-27,2026-07-27,FO,NSE,IDO,45115,,NIFTY,,2026-08-18,2026-08-18,24550.00,PE,NIFTY2681824550PE,659.65,659.65,632.60,632.60,632.60,502.40,23995.95,673.35,65,-325,6,9824109.75,5,F1,65,,,,,
2026-07-27,2026-07-27,FO,NSE,IDO,45099,,NIFTY,,2026-08-18,2026-08-18,24200.00,PE,NIFTY2681824200PE,417.55,425.30,319.45,334.00,325.15,509.75,23995.95,334.00,7475,1950,135,215649031.00,106,F1,65,,,,,
2026-07-27,2026-07-27,FO,NSE,IDO,45083,,NIFTY,,2026-08-18,2026-08-18,23900.00,PE,NIFTY2681823900PE,273.35,285.05,192.20,199.50,198.75,346.40,23995.95,199.50,19565,7670,603,946275174.00,421,F1,65,,,,,
2026-07-27,2026-07-27,FO,NSE,IDO,45059,,NIFTY,,2026-08-18,2026-08-18,23400.00,PE,NIFTY2681823400PE,113.95,114.60,72.30,76.90,74.00,170.15,23995.95,76.90,13000,780,255,389404505.75,174,F1,65,,,,,
2026-07-27,2026-07-27,FO,NSE,IDO,45053,,NIFTY,,2026-08-18,2026-08-18,23250.00,PE,NIFTY2681823250PE,80.00,87.50,54.65,56.70,54.70,133.85,23995.95,56.70,6955,130,68,103055049.50,43,F1,65,,,,,
2026-07-27,2026-07-27,FO,NSE,IDO,45010,,NIFTY,,2026-08-18,2026-08-18,22400.00,PE,NIFTY2681822400PE,20.45,20.45,14.05,14.25,14.05,33.45,23995.95,14.25,5785,-2405,54,78680741.75,32,F1,65,,,,,
2026-07-27,2026-07-27,FO,NSE,IDO,45191,,NIFTY,,2026-08-18,2026-08-18,25750.00,PE,NIFTY2681825750PE,0.00,0.00,0.00,1625.45,0.00,1625.45,23995.95,1682.90,0,0,0,0.00,0,F1,65,,,,,
2026-07-27,2026-07-27,FO,NSE,IDO,45195,,NIFTY,,2026-08-18,2026-08-18,25850.00,PE,NIFTY2681825850PE,0.00,0.00,0.00,1714.30,0.00,1714.30,23995.95,1778.00,0,0,0,0.00,0,F1,65,,,,,
2026-07-27,2026-07-27,FO,NSE,IDO,45197,,NIFTY,,2026-08-18,2026-08-18,25900.00,PE,NIFTY2681825900PE,0.00,0.00,0.00,1759.20,0.00,1759.20,23995.95,1825.85,0,0,0,0.00,0,F1,65,,,,,
2026-07-27,2026-07-27,FO,NSE,IDO,45207,,NIFTY,,2026-08-18,2026-08-18,26100.00,PE,NIFTY2681826100PE,0.00,0.00,0.00,1941.75,0.00,1941.75,23995.95,2019.00,0,0,0,0.00,0,F1,65,,,,,
2026-07-27,2026-07-27,FO,NSE,IDO,41050,,NIFTY,,2026-08-11,2026-08-11,25300.00,PE,NIFTY2681125300PE,1260.00,1299.00,1260.00,1299.00,1299.00,1031.85,23995.95,1266.95,1560,1495,23,39740155.00,4,F1,65,,,,,
2026-07-27,2026-07-27,FO,NSE,IDO,41038,,NIFTY,,2026-08-11,2026-08-11,25000.00,PE,NIFTY2681125000PE,1030.00,1044.00,948.10,954.05,954.05,1232.00,23995.95,995.90,4550,3835,75,126622073.50,50,F1,65,,,,,
2026-07-27,2026-07-27,FO,NSE,IDO,41006,,NIFTY,,2026-08-11,2026-08-11,24350.00,PE,NIFTY2681124350PE,479.95,498.40,382.40,401.40,382.40,603.10,23995.95,401.40,7800,780,57,91842250.50,44,F1,65,,,,,
2026-07-27,2026-07-27,FO,NSE,IDO,40998,,NIFTY,,2026-08-11,2026-08-11,24150.00,PE,NIFTY2681124150PE,348.90,364.95,262.25,270.00,264.30,451.45,23995.95,270.00,11830,3250,286,454691194.75,256,F1,65,,,,,
2026-07-27,2026-07-27,FO,NSE,IDO,40942,,NIFTY,,2026-08-11,2026-08-11,22800.00,PE,NIFTY2681122800PE,21.15,22.40,12.30,13.00,13.40,38.00,23995.95,13.00,130260,53430,6782,10058327630.00,4532,F1,65,,,,,
2026-07-27,2026-07-27,FO,NSE,IDO,40927,,NIFTY,,2026-08-11,2026-08-11,22450.00,PE,NIFTY2681122450PE,18.50,18.50,8.05,8.35,8.10,20.85,23995.95,8.35,8840,260,166,242339769.75,121,F1,65,,,,,
2026-07-27,2026-07-27,FO,NSE,IDO,40880,,NIFTY,,2026-08-11,2026-08-11,21600.00,PE,NIFTY2681121600PE,5.55,5.95,4.10,4.95,5.95,7.40,23995.95,4.95,88530,52455,2121,2978548885.00,1142,F1,65,,,,,
2026-07-27,2026-07-27,FO,NSE,IDO,65931,,NIFTY,,2026-08-04,2026-08-04,25250.00,PE,NIFTY2680425250PE,0.00,0.00,0.00,1396.40,0.00,1396.40,23995.95,1225.85,0,0,0,0.00,0,F1,65,,,,,
2026-07-27,2026-07-27,FO,NSE,IDO,65919,,NIFTY,,2026-08-04,2026-08-04,25050.00,PE,NIFTY2680425050PE,1085.00,1085.00,1085.00,1085.00,1085.00,1298.20,23995.95,1032.75,520,455,8,13590200.00,7,F1,65,,,,,
2026-07-27,2026-07-27,FO,NSE,IDO,65917,,NIFTY,,2026-08-04,2026-08-04,25000.00,PE,NIFTY2680425000PE,1039.95,1076.40,937.30,950.20,937.90,1184.40,23995.95,950.20,171275,110955,1977,3342229904.00,1860,F1,65,,,,,
2026-07-27,2026-07-27,FO,NSE,IDO,65872,,NIFTY,,2026-08-04,2026-08-04,24600.00,PE,NIFTY2680424600PE,660.00,685.65,551.45,559.75,556.40,797.75,23995.95,559.75,39975,10335,1063,1742369765.50,793,F1,65,,,,,
2026-07-27,2026-07-27,FO,NSE,IDO,65452,,NIFTY,,2026-08-04,2026-08-04,22900.00,PE,NIFTY2680422900PE,9.80,13.80,6.35,7.60,7.30,21.20,23995.95,7.60,1056900,354055,68538,102053330450.50,25158,F1,65,,,,,
2026-07-27,2026-07-27,FO,NSE,IDO,65448,,NIFTY,,2026-08-04,2026-08-04,22800.00,PE,NIFTY2680422800PE,14.80,14.80,5.45,6.60,7.00,17.35,23995.95,6.60,1160835,615680,62945,93311065240.25,20249,F1,65,,,,,
2026-07-27,2026-07-27,FO,NSE,IDO,64026,,NIFTY,,2026-07-28,2026-07-28,26000.00,PE,NIFTY26JUL26000PE,2040.00,2100.00,1961.65,1985.70,1966.15,2196.50,23995.95,1985.70,1179295,-254215,13947,25405465809.75,10331,F1,65,,,,,
2026-07-27,2026-07-27,FO,NSE,IDO,64011,,NIFTY,,2026-07-28,2026-07-28,25700.00,PE,NIFTY26JUL25700PE,1750.00,1780.00,1670.00,1679.75,1673.30,1890.00,23995.95,1679.75,10855,-910,79,140816185.25,52,F1,65,,,,,
2026-07-27,2026-07-27,FO,NSE,IDO,63994,,NIFTY,,2026-07-28,2026-07-28,25300.00,PE,NIFTY26JUL25300PE,1320.00,1383.00,1275.00,1280.50,1275.00,1487.70,23995.95,1280.50,15795,-1430,35,60552644.75,28,F1,65,,,,,
2026-07-27,2026-07-27,FO,NSE,IDO,63952,,NIFTY,,2026-07-28,2026-07-28,24300.00,PE,NIFTY26JUL24300PE,362.35,403.00,260.50,277.05,263.00,499.55,23995.95,277.05,958685,-215215,63093,100966385263.25,35438,F1,65,,,,,
2026-07-27,2026-07-27,FO,NSE,IDO,63942,,NIFTY,,2026-07-28,2026-07-28,24050.00,PE,NIFTY26JUL24050PE,180.00,180.00,64.00,74.65,65.55,276.50,23995.95,74.65,2896725,2197715,1796931,2821889636241.00,1024879,F1,65,,,,,
2026-07-27,2026-07-27,FO,NSE,IDO,63830,,NIFTY,,2026-07-28,2026-07-28,21450.00,PE,NIFTY26JUL21450PE,0.80,0.85,0.45,0.65,0.55,0.80,23995.95,0.65,36465,-13325,2187,3049314034.00,650,F1,65,,,,,
2026-07-27,2026-07-27,FO,NSE,IDO,63812,,NIFTY,,2026-07-28,2026-07-28,21100.00,PE,NIFTY26JUL21100PE,0.65,0.95,0.35,0.60,0.65,0.65,23995.95,0.60,2319655,-323115,53128,72866919440.25,8789,F1,65,,,,,
2026-07-27,2026-07-27,FO,NSE,IDO,74645,,NIFTY,,2031-06-24,2031-06-24,21000.00,CE,NIFTY31JUN21000CE,0.00,0.00,0.00,8900.75,0.00,8900.75,23995.95,9190.70,0,0,0,0.00,0,F1,65,,,,,
2026-07-27,2026-07-27,FO,NSE,IDO,55764,,NIFTY,,2030-12-31,2030-12-31,31500.00,CE,NIFTY30DEC31500CE,0.00,0.00,0.00,4554.55,0.00,4554.55,23995.95,3589.65,0,0,0,0.00,0,F1,65,,,,,
2026-07-27,2026-07-27,FO,NSE,IDO,60898,,NIFTY,,2030-06-25,2030-06-25,21000.00,CE,NIFTY30JUN21000CE,0.00,0.00,0.00,10421.65,0.00,10421.65,23995.95,8166.10,0,0,0,0.00,0,F1,65,,,,,
2026-07-27,2026-07-27,FO,NSE,IDO,61400,,NIFTY,,2026-08-25,2026-08-25,22550.00,PE,NIFTY26AUG22550PE,40.05,46.30,25.85,26.55,26.35,57.95,23995.95,26.55,38285,9620,1459,2141636090.75,846,F1,65,,,,,
2026-07-27,2026-07-27,FO,NSE,IDO,61402,,NIFTY,,2026-08-25,2026-08-25,22600.00,PE,NIFTY26AUG22600PE,49.05,49.70,26.70,27.75,26.70,62.60,23995.95,27.75,172965,9490,4422,6505801490.50,2716,F1,65,,,,,
2026-07-27,2026-07-27,FO,NSE,IDO,61467,,NIFTY,,2026-08-25,2026-08-25,23350.00,PE,NIFTY26AUG23350PE,133.95,144.20,92.70,96.10,93.45,186.90,23995.95,96.10,44395,8385,958,1461143024.25,654,F1,65,,,,,
2026-07-27,2026-07-27,FO,NSE,IDO,61390,,NIFTY,,2029-12-24,2029-12-24,18000.00,CE,NIFTY29DEC18000CE,0.00,0.00,0.00,11362.40,0.00,11362.40,23995.95,9749.80,0,0,0,0.00,0,F1,65,,,,,
2026-07-27,2026-07-27,FO,NSE,IDO,55418,,NIFTY,,2027-12-28,2027-12-28,16500.00,CE,NIFTY27DEC16500CE,0.00,0.00,0.00,11316.40,0.00,11316.40,23995.95,8988.60,0,0,0,0.00,0,F1,65,,,,,
2026-07-27,2026-07-27,FO,NSE,IDO,80311,,NIFTY,,2027-03-30,2027-03-30,31500.00,CE,NIFTY27MAR31500CE,0.00,0.00,0.00,94.65,0.00,94.65,23995.95,77.00,0,0,0,0.00,0,F1,65,,,,,
2026-07-27,2026-07-27,FO,NSE,IDO,53627,,NIFTY,,2027-12-28,2027-12-28,25000.00,PE,NIFTY27DEC25000PE,1129.80,1129.80,1053.00,1059.90,1053.00,1152.55,23995.95,1059.90,61330,2145,65,110205498.00,41,F1,65,,,,,
2026-07-27,2026-07-27,FO,NSE,IDO,53630,,NIFTY,,2027-12-28,2027-12-28,26000.00,PE,NIFTY27DEC26000PE,1477.00,1477.00,1418.00,1442.85,1448.50,1552.10,23995.95,1442.85,41885,-130,11,19622512.00,10,F1,65,,,,,
2026-07-27,2026-07-27,FO,NSE,IDO,67781,,NIFTY,,2028-12-26,2028-12-26,23000.00,PE,NIFTY28DEC23000PE,720.00,720.00,660.00,681.05,681.05,735.65,23995.95,712.10,1480,-65,12,18469503.00,11,F1,65,,,,,
2026-07-27,2026-07-27,FO,NSE,IDO,67787,,NIFTY,,2028-12-26,2028-12-26,26000.00,PE,NIFTY28DEC26000PE,0.00,0.00,0.00,1450.00,1450.00,1450.00,23995.95,1591.15,6745,0,0,0.00,0,F1,65,,,,,
2026-07-27,2026-07-27,FO,NSE,IDO,55563,,NIFTY,,2029-06-26,2029-06-26,25500.00,PE,NIFTY29JUN25500PE,0.00,0.00,0.00,624.25,0.00,624.25,23995.95,1350.45,0,0,0,0.00,0,F1,65,,,,,
2026-07-27,2026-07-27,FO,NSE,IDO,40932,,NIFTY,,2026-08-11,2026-08-11,22550.00,PE,NIFTY2681122550PE,15.40,15.50,8.90,9.55,8.90,24.45,23995.95,9.55,9815,5720,270,395944110.25,172,F1,65,,,,,
2026-07-27,2026-07-27,FO,NSE,IDO,40894,,NIFTY,,2026-08-11,2026-08-11,21800.00,PE,NIFTY2681121800PE,5.85,7.05,4.60,6.20,6.30,8.70,23995.95,6.20,23400,15405,698,989327738.75,536,F1,65,,,,,
2026-07-27,2026-07-27,FO,NSE,IDO,66061,,NIFTY,,2026-08-04,2026-08-04,26100.00,PE,NIFTY2680426100PE,0.00,0.00,0.00,2138.95,0.00,2138.95,23995.95,2069.50,0,0,0,0.00,0,F1,65,,,,,
2026-07-27,2026-07-27,FO,NSE,IDO,66055,,NIFTY,,2026-08-04,2026-08-04,25950.00,PE,NIFTY2680425950PE,0.00,0.00,0.00,2001.55,0.00,2001.55,23995.95,1919.80,0,0,0,0.00,0,F1,65,,,,,
2026-07-27,2026-07-27,FO,NSE,IDO,66001,,NIFTY,,2026-08-04,2026-08-04,25700.00,PE,NIFTY2680425700PE,0.00,0.00,0.00,1777.85,0.00,1777.85,23995.95,1670.60,0,0,0,0.00,0,F1,65,,,,,
2026-07-27,2026-07-27,FO,NSE,IDO,65897,,NIFTY,,2026-08-04,2026-08-04,24800.00,PE,NIFTY2680424800PE,832.65,872.10,742.70,752.00,742.70,1001.10,23995.95,752.00,19825,-1820,463,770871452.00,395,F1,65,,,,,
2026-07-27,2026-07-27,FO,NSE,IDO,65690,,NIFTY,,2026-08-04,2026-08-04,23900.00,PE,NIFTY2680423900PE,182.25,182.25,91.00,101.85,92.55,256.45,23995.95,101.85,1388985,887445,167644,261949951272.75,103294,F1,65,,,,,
2026-07-27,2026-07-27,FO,NSE,IDO,40892,,NIFTY,,2026-08-11,2026-08-11,21750.00,PE,NIFTY2681121750PE,5.25,6.75,4.65,5.65,5.30,9.20,23995.95,5.65,4030,2730,130,183835398.50,104,F1,65,,,,,
2026-07-27,2026-07-27,FO,NSE,IDO,40954,,NIFTY,,2026-08-11,2026-08-11,23100.00,PE,NIFTY2681123100PE,52.15,66.75,21.70,23.10,22.10,70.05,23995.95,23.10,138515,92365,8712,13098812727.00,7029,F1,65,,,,,
2026-07-27,2026-07-27,FO,NSE,IDO,40944,,NIFTY,,2026-08-11,2026-08-11,22850.00,PE,NIFTY2681122850PE,26.75,26.75,12.60,13.75,14.20,43.95,23995.95,13.75,16315,4875,444,660001030.00,228,F1,65,,,,,
2026-07-27,2026-07-27,FO,NSE,IDO,65679,,NIFTY,,2026-08-04,2026-08-04,23650.00,PE,NIFTY2680423650PE,100.00,102.00,39.45,43.10,42.15,142.80,23995.95,43.10,474695,247260,29578,45587893897.00,19862,F1,65,,,,,
2026-07-27,2026-07-27,FO,NSE,IDO,40988,,NIFTY,,2026-08-11,2026-08-11,23900.00,PE,NIFTY2681123900PE,235.00,238.30,152.80,160.20,153.35,310.65,23995.95,160.20,173030,78780,7934,12427981364.50,5941,F1,65,,,,,
2026-07-27,2026-07-27,FO,NSE,IDO,65454,,NIFTY,,2026-08-04,2026-08-04,22950.00,PE,NIFTY2680422950PE,14.80,18.10,7.00,8.00,7.65,24.80,23995.95,8.00,221975,108680,14747,22007078788.50,8930,F1,65,,,,,
2026-07-27,2026-07-27,FO,NSE,IDO,65450,,NIFTY,,2026-08-04,2026-08-04,22850.00,PE,NIFTY2680422850PE,13.00,13.00,0.55,6.90,7.10,19.45,23995.95,6.90,122655,48360,10770,16001161559.50,6220,F1,65,,,,,
2026-07-27,2026-07-27,FO,NSE,IDO,65442,,NIFTY,,2026-08-04,2026-08-04,22650.00,PE,NIFTY2680422650PE,12.80,12.80,4.50,5.60,5.70,12.50,23995.95,5.60,75140,30875,4297,6327768362.50,2511,F1,65,,,,,
2026-07-27,2026-07-27,FO,NSE,IDO,65426,,NIFTY,,2026-08-04,2026-08-04,22350.00,PE,NIFTY2680422350PE,7.45,7.45,3.20,4.10,4.20,7.30,23995.95,4.10,30160,-19890,2614,3798130540.75,1304,F1,65,,,,,
2026-07-27,2026-07-27,FO,NSE,IDO,65418,,NIFTY,,2026-08-04,2026-08-04,22200.00,PE,NIFTY2680422200PE,4.15,4.65,2.90,3.80,4.45,6.10,23995.95,3.80,232505,64545,7477,10790939246.75,2795,F1,65,,,,,
2026-07-27,2026-07-27,FO,NSE,IDO,63918,,NIFTY,,2026-07-28,2026-07-28,23550.00,PE,NIFTY26JUL23550PE,15.75,15.75,3.20,3.70,4.10,35.20,23995.95,3.70,3654755,838695,906830,1388446478214.25,199087,F1,65,,,,,
2026-07-27,2026-07-27,FO,NSE,IDO,63902,,NIFTY,,2026-07-28,2026-07-28,23150.00,PE,NIFTY26JUL23150PE,3.90,3.90,1.50,1.95,2.25,7.10,23995.95,1.95,1706380,-142740,399390,601034240030.25,63878,F1,65,,,,,
2026-07-27,2026-07-27,FO,NSE,IDO,63886,,NIFTY,,2026-07-28,2026-07-28,22750.00,PE,NIFTY26JUL22750PE,2.55,3.10,1.10,1.35,1.50,3.05,23995.95,1.35,668525,-311610,108909,161058752374.00,16427,F1,65,,,,,
2026-07-27,2026-07-27,FO,NSE,IDO,63878,,NIFTY,,2026-07-28,2026-07-28,22550.00,PE,NIFTY26JUL22550PE,1.20,1.60,0.95,1.20,1.30,2.15,23995.95,1.20,285350,-17095,46524,68196088980.50,7118,F1,65,,,,,
2026-07-27,2026-07-27,FO,NSE,IDO,63860,,NIFTY,,2026-07-28,2026-07-28,22100.00,PE,NIFTY26JUL22100PE,1.10,1.10,0.70,1.00,0.95,1.15,23995.95,1.00,592605,-147290,34319,49301185163.75,5816,F1,65,,,,,
2026-07-27,2026-07-27,FO,NSE,IDO,63846,,NIFTY,,2026-07-28,2026-07-28,21750.00,PE,NIFTY26JUL21750PE,0.70,1.10,0.55,0.75,1.00,0.95,23995.95,0.75,46865,-2470,2913,4118384419.50,942,F1,65,,,,,
2026-07-27,2026-07-27,FO,NSE,IDO,74651,,NIFTY,,2031-06-24,2031-06-24,25500.00,CE,NIFTY31JUN25500CE,0.00,0.00,0.00,6409.80,0.00,6409.80,23995.95,6660.90,0,0,0,0.00,0,F1,65,,,,,
2026-07-27,2026-07-27,FO,NSE,IDO,74643,,NIFTY,,2031-06-24,2031-06-24,19500.00,CE,NIFTY31JUN19500CE,0.00,0.00,0.00,9840.60,0.00,9840.60,23995.95,10136.55,0,0,0,0.00,0,F1,65,,,,,
2026-07-27,2026-07-27,FO,NSE,IDO,74644,,NIFTY,,2031-06-24,2031-06-24,19500.00,PE,NIFTY31JUN19500PE,0.00,0.00,0.00,289.20,0.00,289.20,23995.95,234.05,0,0,0,0.00,0,F1,65,,,,,
2026-07-27,2026-07-27,FO,NSE,IDO,55755,,NIFTY,,2030-12-31,2030-12-31,24000.00,PE,NIFTY30DEC24000PE,0.00,0.00,0.00,1309.95,1309.95,1309.95,23995.95,834.45,325,0,0,0.00,0,F1,65,,,,,
2026-07-27,2026-07-27,FO,NSE,IDO,55649,,NIFTY,,2030-06-25,2030-06-25,28500.00,PE,NIFTY30JUN28500PE,0.00,0.00,0.00,1167.60,0.00,1167.60,23995.95,2142.45,0,0,0,0.00,0,F1,65,,,,,
2026-07-27,2026-07-27,FO,NSE,IDO,61749,,NIFTY,,2029-12-24,2029-12-24,24000.00,PE,NIFTY29DEC24000PE,0.00,0.00,0.00,1000.00,1000.00,1000.00,23995.95,905.75,390,0,0,0.00,0,F1,65,,,,,
2026-07-27,2026-07-27,FO,NSE,IDO,89643,,NIFTY,,2029-06-26,2029-06-26,30000.00,PE,NIFTY29JUN30000PE,0.00,0.00,0.00,2031.05,0.00,2031.05,23995.95,3168.15,0,0,0,0.00,0,F1,65,,,,,
2026-07-27,2026-07-27,FO,NSE,IDO,89637,,NIFTY,,2029-06-26,2029-06-26,27000.00,PE,NIFTY29JUN27000PE,0.00,0.00,0.00,1252.35,0.00,1252.35,23995.95,1863.35,0,0,0,0.00,0,F1,65,,,,,
2026-07-27,2026-07-27,FO,NSE,IDO,60910,,NIFTY,,2030-06-25,2030-06-25,27000.00,CE,NIFTY30JUN27000CE,0.00,0.00,0.00,6972.50,0.00,6972.50,23995.95,4796.15,0,0,0,0.00,0,F1,65,,,,,
2026-07-27,2026-07-27,FO,NSE,IDO,55556,,NIFTY,,2029-06-26,2029-06-26,16500.00,CE,NIFTY29JUN16500CE,0.00,0.00,0.00,12587.95,0.00,12587.95,23995.95,10437.05,0,0,0,0.00,0,F1,65,,,,,
2026-07-27,2026-07-27,FO,NSE,IDO,53631,,NIFTY,,2027-12-28,2027-12-28,27000.00,CE,NIFTY27DEC27000CE,1120.00,1154.00,1110.00,1134.40,1134.30,1104.10,23995.95,1134.40,42600,-195,40,73144971.25,40,F1,65,,,,,
2026-07-27,2026-07-27,FO,NSE,IDO,55422,,NIFTY,,2027-12-28,2027-12-28,19500.00,CE,NIFTY27DEC19500CE,0.00,0.00,0.00,8684.70,0.00,8684.70,23995.95,6365.50,0,0,0,0.00,0,F1,65,,,,,
2026-07-27,2026-07-27,FO,NSE,IDO,55374,,NIFTY,,2027-06-29,2027-06-29,22500.00,CE,NIFTY27JUN22500CE,0.00,0.00,0.00,5539.60,0.00,5539.60,23995.95,3284.10,0,0,0,0.00,0,F1,65,,,,,
2026-07-27,2026-07-27,FO,NSE,IDO,80274,,NIFTY,,2027-03-30,2027-03-30,25500.00,CE,NIFTY27MAR25500CE,694.05,725.90,682.00,720.80,725.00,658.15,23995.95,720.80,724620,23010,759,1292498389.00,531,F1,65,,,,,
2026-07-27,2026-07-27,FO,NSE,IDO,47190,,NIFTY,,2026-12-29,2026-12-29,33000.00,CE,NIFTY26DEC33000CE,8.60,8.60,8.20,8.35,8.35,6.60,23995.95,8.35,99775,260,25,53638741.00,12,F1,65,,,,,
2026-07-27,2026-07-27,FO,NSE,IDO,55290,,NIFTY,,2026-09-29,2026-09-29,31500.00,CE,NIFTY26SEP31500CE,2.25,2.85,2.15,2.85,2.85,2.70,23995.95,2.85,8970,-390,26,53238913.00,6,F1,65,,,,,
2026-07-27,2026-07-27,FO,NSE,IDO,55288,,NIFTY,,2026-09-29,2026-09-29,28500.00,CE,NIFTY26SEP28500CE,6.35,7.40,5.55,5.75,5.90,5.95,23995.95,5.75,552890,5200,598,1108024895.25,395,F1,65,,,,,
2026-07-27,2026-07-27,FO,NSE,IDO,74391,,NIFTY,,2026-09-29,2026-09-29,25400.00,CE,NIFTY26SEP25400CE,0.00,0.00,0.00,379.45,0.00,379.45,23995.95,272.50,0,0,0,0.00,0,F1,65,,,,,
2026-07-27,2026-07-27,FO,NSE,IDO,74363,,NIFTY,,2026-09-29,2026-09-29,24950.00,CE,NIFTY26SEP24950CE,185.40,195.00,174.65,192.90,195.00,164.10,23995.95,192.90,17355,2600,116,189496866.00,94,F1,65,,,,,
2026-07-27,2026-07-27,FO,NSE,IDO,74048,,NIFTY,,2026-09-29,2026-09-29,23850.00,CE,NIFTY26SEP23850CE,661.05,672.40,658.10,670.00,670.00,625.40,23995.95,899.25,2990,-845,29,46210921.25,21,F1,65,,,,,
2026-07-27,2026-07-27,FO,NSE,IDO,73887,,NIFTY,,2026-09-29,2026-09-29,22600.00,CE,NIFTY26SEP22600CE,0.00,0.00,0.00,1734.30,1734.30,1734.30,23995.95,1788.40,195,0,0,0.00,0,F1,65,,,,,
2026-07-27,2026-07-27,FO,NSE,IDO,47031,,NIFTY,,2026-09-01,2026-09-01,25150.00,CE,NIFTY2690125150CE,0.00,0.00,0.00,253.70,0.00,253.70,23995.95,165.05,0,0,0,0.00,0,F1,65,,,,,
2026-07-27,2026-07-27,FO,NSE,IDO,46977,,NIFTY,,2026-09-01,2026-09-01,23800.00,CE,NIFTY2690123800CE,0.00,0.00,0.00,481.35,480.95,481.35,23995.95,696.40,455,0,0,0.00,0,F1,65,,,,,
2026-07-27,2026-07-27,FO,NSE,IDO,46971,,NIFTY,,2026-09-01,2026-09-01,23650.00,CE,NIFTY2690123650CE,0.00,0.00,0.00,966.45,0.00,966.45,23995.95,789.15,0,0,0,0.00,0,F1,65,,,,,
2026-07-27,2026-07-27,FO,NSE,IDO,46953,,NIFTY,,2026-09-01,2026-09-01,23200.00,CE,NIFTY2690123200CE,0.00,0.00,0.00,1298.35,0.00,1298.35,23995.95,1106.35,0,0,0,0.00,0,F1,65,,,,,
2026-07-27,2026-07-27,FO,NSE,IDO,46939,,NIFTY,,2026-09-01,2026-09-01,22850.00,CE,NIFTY2690122850CE,0.00,0.00,0.00,1586.45,0.00,1586.45,23995.95,1387.90,0,0,0,0.00,0,F1,65,,,,,
2026-07-27,2026-07-27,FO,NSE,IDO,46929,,NIFTY,,2026-09-01,2026-09-01,22600.00,CE,NIFTY2690122600CE,0.00,0.00,0.00,1805.15,0.00,1805.15,23995.95,1603.90,0,0,0,0.00,0,F1,65,,,,,
2026-07-27,2026-07-27,FO,NSE,IDO,61953,,NIFTY,,2026-08-25,2026-08-25,25350.00,CE,NIFTY26AUG25350CE,0.00,0.00,0.00,417.60,0.00,417.60,23995.95,87.30,0,0,0,0.00,0,F1,65,,,,,
2026-07-27,2026-07-27,FO,NSE,IDO,61440,,NIFTY,,2026-08-25,2026-08-25,23150.00,CE,NIFTY26AUG23150CE,930.85,988.85,930.85,988.20,988.20,847.85,23995.95,1077.95,1105,-65,3,4703263.50,3,F1,65,,,,,
2026-07-27,2026-07-27,FO,NSE,IDO,61424,,NIFTY,,2026-08-25,2026-08-25,22900.00,CE,NIFTY26AUG22900CE,1149.85,1257.15,1149.85,1256.05,1257.15,1069.10,23995.95,1256.05,5525,0,11,17236319.75,11,F1,65,,,,,
2026-07-27,2026-07-27,FO,NSE,IDO,61401,,NIFTY,,2026-08-25,2026-08-25,22600.00,CE,NIFTY26AUG22600CE,1460.00,1475.00,1460.00,1475.00,1475.00,1327.35,23995.95,1548.15,1820,260,6,9386806.00,6,F1,65,,,,,
2026-07-27,2026-07-27,FO,NSE,IDO,61340,,NIFTY,,2026-08-25,2026-08-25,21750.00,CE,NIFTY26AUG21750CE,0.00,0.00,0.00,2581.20,0.00,2581.20,23995.95,2356.15,0,0,0,0.00,0,F1,65,,,,,
2026-07-27,2026-07-27,FO,NSE,IDO,61173,,NIFTY,,2026-08-25,2026-08-25,21350.00,CE,NIFTY26AUG21350CE,0.00,0.00,0.00,2938.85,0.00,2938.85,23995.95,2750.25,0,0,0,0.00,0,F1,65,,,,,
2026-07-27,2026-07-27,FO,NSE,IDO,45206,,NIFTY,,2026-08-18,2026-08-18,26100.00,CE,NIFTY2681826100CE,3.10,4.40,1.90,2.05,1.90,4.70,23995.95,2.05,2405,130,24,40720816.50,10,F1,65,,,,,
2026-07-27,2026-07-27,FO,NSE,IDO,45096,,NIFTY,,2026-08-18,2026-08-18,24150.00,CE,NIFTY2681824150CE,223.85,252.30,220.00,246.60,252.30,198.05,23995.95,246.60,5850,-325,54,85583504.50,43,F1,65,,,,,
2026-07-27,2026-07-27,FO,NSE,IDO,45092,,NIFTY,,2026-08-18,2026-08-18,24050.00,CE,NIFTY2681824050CE,263.70,306.00,263.70,301.35,305.95,242.20,23995.95,301.35,5525,65,57,90169693.25,55,F1,65,,,,,
2026-07-27,2026-07-27,FO,NSE,IDO,45078,,NIFTY,,2026-08-18,2026-08-18,23800.00,CE,NIFTY2681823800CE,413.20,467.00,399.65,457.05,462.05,366.20,23995.95,457.05,10400,-2860,339,533845042.25,238,F1,65,,,,,
2026-07-27,2026-07-27,FO,NSE,IDO,45074,,NIFTY,,2026-08-18,2026-08-18,23700.00,CE,NIFTY2681823700CE,476.25,534.15,464.70,525.80,534.15,423.65,23995.95,525.80,10400,-1625,93,146232762.00,68,F1,65,,,,,
2026-07-27,2026-07-27,FO,NSE,IDO,45069,,NIFTY,,2026-08-18,2026-08-18,23600.00,CE,NIFTY2681823600CE,550.95,619.95,535.00,608.65,610.15,482.70,23995.95,608.65,8320,-780,78,122607023.50,52,F1,65,,,,,
2026-07-27,2026-07-27,FO,NSE,IDO,45065,,NIFTY,,2026-08-18,2026-08-18,23500.00,CE,NIFTY2681823500CE,621.00,680.30,603.00,675.20,680.30,557.00,23995.95,675.20,4810,325,114,178799107.50,65,F1,65,,,,,
2026-07-27,2026-07-27,FO,NSE,IDO,45013,,NIFTY,,2026-08-18,2026-08-18,22500.00,CE,NIFTY2681822500CE,0.00,0.00,0.00,1729.30,0.00,1729.30,23995.95,1597.95,0,0,0,0.00,0,F1,65,,,,,
2026-07-27,2026-07-27,FO,NSE,IDO,44989,,NIFTY,,2026-08-18,2026-08-18,22100.00,CE,NIFTY2681822100CE,0.00,0.00,0.00,2100.90,0.00,2100.90,23995.95,1983.00,0,0,0,0.00,0,F1,65,,,,,
2026-07-27,2026-07-27,FO,NSE,IDO,44985,,NIFTY,,2026-08-18,2026-08-18,22050.00,CE,NIFTY2681822050CE,0.00,0.00,0.00,2148.45,0.00,2148.45,23995.95,2031.90,0,0,0,0.00,0,F1,65,,,,,
2026-07-27,2026-07-27,FO,NSE,IDO,41065,,NIFTY,,2026-08-11,2026-08-11,25700.00,CE,NIFTY2681125700CE,2.95,4.40,1.95,1.95,1.95,3.05,23995.95,1.95,7475,6435,192,320773287.25,107,F1,65,,,,,
2026-07-27,2026-07-27,FO,NSE,IDO,41039,,NIFTY,,2026-08-11,2026-08-11,25050.00,CE,NIFTY2681125050CE,12.00,13.00,7.90,10.00,10.00,11.30,23995.95,10.00,18330,14690,568,925254645.25,277,F1,65,,,,,
2026-07-27,2026-07-27,FO,NSE,IDO,41033,,NIFTY,,2026-08-11,2026-08-11,24950.00,CE,NIFTY2681124950CE,0.00,0.00,0.00,335.80,0.00,335.80,23995.95,60.65,0,0,0,0.00,0,F1,65,,,,,
2026-07-27,2026-07-27,FO,NSE,IDO,41004,,NIFTY,,2026-08-11,2026-08-11,24300.00,PE,NIFTY2681124300PE,445.25,460.85,350.00,364.40,350.05,548.80,23995.95,364.40,57005,6110,474,761129157.75,429,F1,65,,,,,
2026-07-27,2026-07-27,FO,NSE,IDO,41056,,NIFTY,,2026-08-11,2026-08-11,25450.00,PE,NIFTY2681125450PE,0.00,0.00,0.00,1091.80,0.00,1091.80,23995.95,1408.05,0,0,0,0.00,0,F1,65,,,,,
2026-07-27,2026-07-27,FO,NSE,IDO,41060,,NIFTY,,2026-08-11,2026-08-11,25550.00,PE,NIFTY2681125550PE,0.00,0.00,0.00,1168.95,0.00,1168.95,23995.95,1503.60,0,0,0,0.00,0,F1,65,,,,,
2026-07-27,2026-07-27,FO,NSE,IDO,41092,,NIFTY,,2026-08-11,2026-08-11,26100.00,PE,NIFTY2681126100PE,0.00,0.00,0.00,1628.10,0.00,1628.10,23995.95,2041.50,0,0,0,0.00,0,F1,65,,,,,
2026-07-27,2026-07-27,FO,NSE,IDO,45020,,NIFTY,,2026-08-18,2026-08-18,22600.00,PE,NIFTY2681822600PE,28.90,28.90,17.95,18.85,18.60,46.05,23995.95,18.85,13195,-3055,323,474933959.50,109,F1,65,,,,,
2026-07-27,2026-07-27,FO,NSE,IDO,45048,,NIFTY,,2026-08-18,2026-08-18,23150.00,PE,NIFTY2681823150PE,63.30,63.65,45.10,47.90,45.10,115.60,23995.95,47.90,5915,-910,46,69377152.00,18,F1,65,,,,,
2026-07-27,2026-07-27,FO,NSE,IDO,45095,,NIFTY,,2026-08-18,2026-08-18,24100.00,PE,NIFTY2681824100PE,370.35,370.35,273.80,283.90,275.25,446.75,23995.95,283.90,8970,3185,193,306183273.50,120,F1,65,,,,,
2026-07-27,2026-07-27,FO,NSE,IDO,45107,,NIFTY,,2026-08-18,2026-08-18,24400.00,PE,NIFTY2681824400PE,550.50,550.55,450.00,456.10,452.00,686.95,23995.95,456.10,3575,2600,82,132750673.25,70,F1,65,,,,,
2026-07-27,2026-07-27,FO,NSE,IDO,45109,,NIFTY,,2026-08-18,2026-08-18,24450.00,PE,NIFTY2681824450PE,557.40,558.50,556.70,556.70,556.70,579.70,23995.95,606.75,65,-585,9,14629667.00,5,F1,65,,,,,
2026-07-27,2026-07-27,FO,NSE,IDO,45123,,NIFTY,,2026-08-18,2026-08-18,24700.00,PE,NIFTY2681824700PE,0.00,0.00,0.00,803.00,0.00,803.00,23995.95,779.75,0,0,0,0.00,0,F1,65,,,,,
2026-07-27,2026-07-27,FO,NSE,IDO,45133,,NIFTY,,2026-08-18,2026-08-18,24750.00,PE,NIFTY2681824750PE,0.00,0.00,0.00,836.30,0.00,836.30,23995.95,817.90,0,0,0,0.00,0,F1,65,,,,,
2026-07-27,2026-07-27,FO,NSE,IDO,45153,,NIFTY,,2026-08-18,2026-08-18,25100.00,PE,NIFTY2681825100PE,0.00,0.00,0.00,1088.10,0.00,1088.10,23995.95,1096.70,0,0,0,0.00,0,F1,65,,,,,
2026-07-27,2026-07-27,FO,NSE,IDO,45155,,NIFTY,,2026-08-18,2026-08-18,25150.00,PE,NIFTY2681825150PE,0.00,0.00,0.00,1126.45,0.00,1126.45,23995.95,1139.15,0,0,0,0.00,0,F1,65,,,,,
2026-07-27,2026-07-27,FO,NSE,IDO,61345,,NIFTY,,2026-08-25,2026-08-25,21850.00,PE,NIFTY26AUG21850PE,16.85,24.20,12.00,12.05,12.15,25.10,23995.95,12.05,2535,-715,313,444832592.75,177,F1,65,,,,,
2026-07-27,2026-07-27,FO,NSE,IDO,61373,,NIFTY,,2026-08-25,2026-08-25,22250.00,PE,NIFTY26AUG22250PE,39.95,39.95,17.50,17.90,18.20,39.95,23995.95,17.90,11375,-130,173,250440479.25,128,F1,65,,,,,
2026-07-27,2026-07-27,FO,NSE,IDO,61431,,NIFTY,,2026-08-25,2026-08-25,23050.00,PE,NIFTY26AUG23050PE,99.60,99.60,55.90,57.30,56.60,119.50,23995.95,57.30,56940,23465,966,1452022929.50,784,F1,65,,,,,
2026-07-27,2026-07-27,FO,NSE,IDO,61444,,NIFTY,,2026-08-25,2026-08-25,23150.00,PE,NIFTY26AUG23150PE,100.55,110.00,64.70,67.05,66.55,139.40,23995.95,67.05,51025,15340,1065,1608478664.00,848,F1,65,,,,,
2026-07-27,2026-07-27,FO,NSE,IDO,61726,,NIFTY,,2026-08-25,2026-08-25,24400.00,PE,NIFTY26AUG24400PE,554.95,589.50,472.65,490.95,475.95,670.55,23995.95,490.95,445575,203385,7725,12516858617.25,4786,F1,65,,,,,
2026-07-27,2026-07-27,FO,NSE,IDO,41031,,NIFTY,,2026-08-11,2026-08-11,24900.00,CE,NIFTY2681124900CE,0.00,0.00,0.00,354.35,0.00,354.35,23995.95,67.85,0,0,0,0.00,0,F1,65,,,,,
2026-07-27,2026-07-27,FO,NSE,IDO,41027,,NIFTY,,2026-08-11,2026-08-11,24800.00,CE,NIFTY2681124800CE,24.70,28.50,20.20,24.05,24.50,24.00,23995.95,24.05,228670,68965,12847,20728466222.75,8752,F1,65,,,,,
2026-07-27,2026-07-27,FO,NSE,IDO,40993,,NIFTY,,2026-08-11,2026-08-11,24050.00,CE,NIFTY2681124050CE,210.35,246.75,197.55,239.80,245.45,181.85,23995.95,239.80,71045,25610,2075,3274223368.00,1606,F1,65,,,,,
2026-07-27,2026-07-27,FO,NSE,IDO,40955,,NIFTY,,2026-08-11,2026-08-11,23150.00,CE,NIFTY2681123150CE,901.05,921.30,901.05,921.30,921.30,662.50,23995.95,955.95,195,-650,10,15645028.75,7,F1,65,,,,,
2026-07-27,2026-07-27,FO,NSE,IDO,40907,,NIFTY,,2026-08-11,2026-08-11,22000.00,CE,NIFTY2681122000CE,0.00,0.00,0.00,2190.00,2190.00,2190.00,23995.95,2051.75,1950,0,0,0.00,0,F1,65,,,,,
2026-07-27,2026-07-27,FO,NSE,IDO,65691,,NIFTY,,2026-08-04,2026-08-04,23950.00,CE,NIFTY2680423950CE,206.85,225.00,168.50,217.15,225.00,150.60,23995.95,217.15,400790,170300,98142,154013050626.50,62023,F1,65,,,,,
2026-07-27,2026-07-27,FO,NSE,IDO,65674,,NIFTY,,2026-08-04,2026-08-04,23550.00,CE,NIFTY2680423550CE,461.95,540.00,428.55,531.75,540.00,380.20,23995.95,531.75,13910,-7865,606,946575860.75,421,F1,65,,,,,
2026-07-27,2026-07-27,FO,NSE,IDO,65417,,NIFTY,,2026-08-04,2026-08-04,22200.00,CE,NIFTY2680422200CE,0.00,0.00,0.00,1838.35,0.00,1838.35,23995.95,1825.55,0,0,0,0.00,0,F1,65,,,,,
2026-07-27,2026-07-27,FO,NSE,IDO,65202,,NIFTY,,2026-08-04,2026-08-04,21800.00,CE,NIFTY2680421800CE,0.00,0.00,0.00,2206.50,0.00,2206.50,23995.95,2224.90,0,0,0,0.00,0,F1,65,,,,,
2026-07-27,2026-07-27,FO,NSE,IDO,65126,,NIFTY,,2026-08-04,2026-08-04,21600.00,CE,NIFTY2680421600CE,2365.00,2447.25,2365.00,2447.25,2447.25,2396.10,23995.95,2447.25,1040,1040,16,24947250.25,13,F1,65,,,,,
2026-07-27,2026-07-27,FO,NSE,IDO,64039,,NIFTY,,2026-07-28,2026-07-28,26200.00,CE,NIFTY26JUL26200CE,0.60,0.70,0.25,0.30,0.25,0.50,23995.95,0.30,204620,-89440,15262,25991578928.25,4269,F1,65,,,,,
2026-07-27,2026-07-27,FO,NSE,IDO,64000,,NIFTY,,2026-07-28,2026-07-28,25450.00,CE,NIFTY26JUL25450CE,0.65,1.15,0.30,0.55,0.45,0.70,23995.95,0.55,269555,-493675,42746,70714287572.50,8878,F1,65,,,,,
2026-07-27,2026-07-27,FO,NSE,IDO,63991,,NIFTY,,2026-07-28,2026-07-28,25250.00,CE,NIFTY26JUL25250CE,0.90,1.20,0.35,0.50,0.35,0.90,23995.95,0.50,893815,-176020,64097,105201658997.50,15771,F1,65,,,,,
2026-07-27,2026-07-27,FO,NSE,IDO,63959,,NIFTY,,2026-07-28,2026-07-28,24500.00,CE,NIFTY26JUL24500CE,3.00,3.20,1.45,1.90,1.60,3.90,23995.95,1.90,10390575,-1293565,1427390,2273323441025.00,267452,F1,65,,,,,
2026-07-27,2026-07-27,FO,NSE,IDO,63887,,NIFTY,,2026-07-28,2026-07-28,22800.00,CE,NIFTY26JUL22800CE,1156.35,1223.40,1122.70,1217.50,1217.50,1016.65,23995.95,1199.75,9425,-8710,166,258626082.00,87,F1,65,,,,,
2026-07-27,2026-07-27,FO,NSE,IDO,65534,,NIFTY,,2026-08-04,2026-08-04,23400.00,PE,NIFTY2680423400PE,39.90,46.20,17.60,18.95,17.60,76.95,23995.95,18.95,1174745,533520,104550,159207767013.75,57418,F1,65,,,,,
2026-07-27,2026-07-27,FO,NSE,IDO,61776,,NIFTY,,2026-08-25,2026-08-25,24600.00,PE,NIFTY26AUG24600PE,697.75,727.35,600.00,617.10,603.90,835.50,23995.95,617.10,142805,18720,861,1414296000.00,673,F1,65,,,,,
2026-07-27,2026-07-27,FO,NSE,IDO,46924,,NIFTY,,2026-09-01,2026-09-01,22450.00,PE,NIFTY2690122450PE,0.00,0.00,0.00,70.00,70.00,70.00,23995.95,46.50,390,0,0,0.00,0,F1,65,,,,,
2026-07-27,2026-07-27,FO,NSE,IDO,46968,,NIFTY,,2026-09-01,2026-09-01,23550.00,PE,NIFTY2690123550PE,0.00,0.00,0.00,234.30,0.00,234.30,23995.95,255.75,0,0,0,0.00,0,F1,65,,,,,
2026-07-27,2026-07-27,FO,NSE,IDO,46996,,NIFTY,,2026-09-01,2026-09-01,24250.00,PE,NIFTY2690124250PE,0.00,0.00,0.00,500.05,0.00,500.05,23995.95,556.05,0,0,0,0.00,0,F1,65,,,,,
2026-07-27,2026-07-27,FO,NSE,IDO,47054,,NIFTY,,2026-09-01,2026-09-01,25700.00,PE,NIFTY2690125700PE,0.00,0.00,0.00,1467.30,0.00,1467.30,23995.95,1614.25,0,0,0,0.00,0,F1,65,,,,,
2026-07-27,2026-07-27,FO,NSE,IDO,47060,,NIFTY,,2026-09-01,2026-09-01,25850.00,PE,NIFTY2690125850PE,0.00,0.00,0.00,1593.20,0.00,1593.20,23995.95,1747.70,0,0,0,0.00,0,F1,65,,,,,
2026-07-27,2026-07-27,FO,NSE,IDO,55283,,NIFTY,,2026-09-29,2026-09-29,19500.00,PE,NIFTY26SEP19500PE,18.95,19.00,16.00,16.50,16.65,21.05,23995.95,16.50,898820,-40040,3544,4495888504.25,2446,F1,65,,,,,
2026-07-27,2026-07-27,FO,NSE,IDO,73851,,NIFTY,,2026-09-29,2026-09-29,21750.00,PE,NIFTY26SEP21750PE,42.50,42.50,34.40,34.85,34.40,57.00,23995.95,34.85,5980,-260,109,154363183.00,51,F1,65,,,,,
2026-07-27,2026-07-27,FO,NSE,IDO,74083,,NIFTY,,2026-09-29,2026-09-29,24200.00,PE,NIFTY26SEP24200PE,529.20,548.65,448.85,459.75,452.10,623.65,23995.95,459.75,70590,19825,892,1431818020.75,601,F1,65,,,,,
2026-07-27,2026-07-27,FO,NSE,IDO,74108,,NIFTY,,2026-09-29,2026-09-29,24300.00,PE,NIFTY26SEP24300PE,580.00,586.25,494.50,499.90,497.30,674.65,23995.95,499.90,30290,2210,265,427943171.50,176,F1,65,,,,,
2026-07-27,2026-07-27,FO,NSE,IDO,74242,,NIFTY,,2026-09-29,2026-09-29,24500.00,PE,NIFTY26SEP24500PE,700.00,700.00,593.90,602.20,597.55,779.35,23995.95,602.20,915070,40300,3152,5153119907.00,1617,F1,65,,,,,
2026-07-27,2026-07-27,FO,NSE,IDO,74352,,NIFTY,,2026-09-29,2026-09-29,24650.00,PE,NIFTY26SEP24650PE,0.00,0.00,0.00,770.00,770.00,770.00,23995.95,879.90,6565,0,0,0.00,0,F1,65,,,,,
2026-07-27,2026-07-27,FO,NSE,IDO,40934,,NIFTY,,2026-08-11,2026-08-11,22600.00,PE,NIFTY2681122600PE,17.30,29.10,8.65,9.55,9.90,26.20,23995.95,9.55,105170,44460,3549,5216049432.75,1884,F1,65,,,,,
2026-07-27,2026-07-27,FO,NSE,IDO,74373,,NIFTY,,2026-09-29,2026-09-29,25200.00,PE,NIFTY26SEP25200PE,0.00,0.00,0.00,1093.90,1093.90,1093.90,23995.95,1237.85,5460,0,0,0.00,0,F1,65,,,,,
2026-07-27,2026-07-27,FO,NSE,IDO,74394,,NIFTY,,2026-09-29,2026-09-29,25400.00,PE,NIFTY26SEP25400PE,0.00,0.00,0.00,1041.00,1041.00,1041.00,23995.95,1383.85,650,0,0,0.00,0,F1,65,,,,,
2026-07-27,2026-07-27,FO,NSE,IDO,74396,,NIFTY,,2026-09-29,2026-09-29,25450.00,PE,NIFTY26SEP25450PE,0.00,0.00,0.00,1559.90,0.00,1559.90,23995.95,1421.30,0,0,0,0.00,0,F1,65,,,,,
2026-07-27,2026-07-27,FO,NSE,IDO,74433,,NIFTY,,2026-09-29,2026-09-29,25950.00,PE,NIFTY26SEP25950PE,0.00,0.00,0.00,1938.00,0.00,1938.00,23995.95,1816.00,0,0,0,0.00,0,F1,65,,,,,
2026-07-27,2026-07-27,FO,NSE,IDO,37810,,NIFTY,,2026-12-29,2026-12-29,23000.00,PE,NIFTY26DEC23000PE,289.95,300.00,266.05,269.10,266.95,326.55,23995.95,269.10,2158765,41525,8409,12725996257.00,4010,F1,65,,,,,
2026-07-27,2026-07-27,FO,NSE,IDO,35237,,NIFTY,,2026-12-29,2026-12-29,30000.00,PE,NIFTY26DEC30000PE,5306.60,5306.60,5120.00,5126.60,5120.00,5369.00,23995.95,5126.60,411895,-3965,96,219701179.75,73,F1,65,,,,,
2026-07-27,2026-07-27,FO,NSE,IDO,63873,,NIFTY,,2026-07-28,2026-07-28,22450.00,CE,NIFTY26JUL22450CE,0.00,0.00,0.00,1400.00,1400.00,1400.00,23995.95,1549.70,325,0,0,0.00,0,F1,65,,,,,
2026-07-27,2026-07-27,FO,NSE,IDO,63815,,NIFTY,,2026-07-28,2026-07-28,21200.00,CE,NIFTY26JUL21200CE,0.00,0.00,0.00,2521.10,2521.10,2521.10,23995.95,2799.50,195,0,0,0.00,0,F1,65,,,,,
2026-07-27,2026-07-27,FO,NSE,IDO,80273,,NIFTY,,2027-03-30,2027-03-30,24000.00,PE,NIFTY27MAR24000PE,605.00,606.40,570.00,577.40,571.00,656.65,23995.95,577.40,180635,11310,1175,1877686401.50,905,F1,65,,,,,
2026-07-27,2026-07-27,FO,NSE,IDO,55375,,NIFTY,,2027-06-29,2027-06-29,22500.00,PE,NIFTY27JUN22500PE,0.00,0.00,0.00,413.15,413.15,413.15,23995.95,456.05,650,0,0,0.00,0,F1,65,,,,,
2026-07-27,2026-07-27,FO,NSE,IDO,66015,,NIFTY,,2026-08-04,2026-08-04,25850.00,CE,NIFTY2680425850CE,1.05,1.60,0.95,1.00,0.95,1.35,23995.95,1.00,5330,-845,208,349508786.25,132,F1,65,,,,,
2026-07-27,2026-07-27,FO,NSE,IDO,65806,,NIFTY,,2026-08-04,2026-08-04,24250.00,CE,NIFTY2680424250CE,75.05,83.55,59.00,78.65,81.75,58.50,23995.95,78.65,513175,71760,33346,52716639345.50,22925,F1,65,,,,,
2026-07-27,2026-07-27,FO,NSE,IDO,65697,,NIFTY,,2026-08-04,2026-08-04,24100.00,CE,NIFTY2680424100CE,137.00,143.00,104.00,137.15,142.65,96.75,23995.95,137.15,1532115,376350,162476,255803108733.25,94903,F1,65,,,,,
2026-07-27,2026-07-27,FO,NSE,IDO,65527,,NIFTY,,2026-08-04,2026-08-04,23250.00,CE,NIFTY2680423250CE,702.50,802.70,702.15,802.70,802.65,615.15,23995.95,802.70,1495,-390,30,46775472.25,30,F1,65,,,,,
2026-07-27,2026-07-27,FO,NSE,IDO,65523,,NIFTY,,2026-08-04,2026-08-04,23150.00,CE,NIFTY2680423150CE,793.50,825.95,793.50,810.00,810.00,685.90,23995.95,894.15,845,-325,9,14016002.00,7,F1,65,,,,,
2026-07-27,2026-07-27,FO,NSE,IDO,65443,,NIFTY,,2026-08-04,2026-08-04,22700.00,CE,NIFTY2680422700CE,1245.00,1245.00,1245.00,1245.00,1245.00,1130.00,23995.95,1328.35,65,65,1,1556425.00,1,F1,65,,,,,
2026-07-27,2026-07-27,FO,NSE,IDO,65425,,NIFTY,,2026-08-04,2026-08-04,22350.00,CE,NIFTY2680422350CE,0.00,0.00,0.00,1705.25,0.00,1705.25,23995.95,1675.95,0,0,0,0.00,0,F1,65,,,,,
2026-07-27,2026-07-27,FO,NSE,IDO,65419,,NIFTY,,2026-08-04,2026-08-04,22250.00,CE,NIFTY2680422250CE,0.00,0.00,0.00,1793.65,0.00,1793.65,23995.95,1775.65,0,0,0,0.00,0,F1,65,,,,,
2026-07-27,2026-07-27,FO,NSE,IDO,65158,,NIFTY,,2026-08-04,2026-08-04,21650.00,CE,NIFTY2680421650CE,0.00,0.00,0.00,2348.40,0.00,2348.40,23995.95,2374.70,0,0,0,0.00,0,F1,65,,,,,
2026-07-27,2026-07-27,FO,NSE,IDO,64027,,NIFTY,,2026-07-28,2026-07-28,26050.00,CE,NIFTY26JUL26050CE,0.55,1.50,0.25,0.45,0.30,0.50,23995.95,0.45,121875,-65845,13950,23621248082.25,2593,F1,65,,,,,
2026-07-27,2026-07-27,FO,NSE,IDO,64025,,NIFTY,,2026-07-28,2026-07-28,26000.00,CE,NIFTY26JUL26000CE,0.45,0.55,0.30,0.35,0.35,0.50,23995.95,0.35,3495570,-1743040,131134,221620156270.50,30510,F1,65,,,,,
2026-07-27,2026-07-27,FO,NSE,IDO,64013,,NIFTY,,2026-07-28,2026-07-28,25750.00,CE,NIFTY26JUL25750CE,0.70,0.70,0.30,0.45,0.45,0.65,23995.95,0.45,142285,-19435,17800,29793358767.25,5487,F1,65,,,,,
2026-07-27,2026-07-27,FO,NSE,IDO,63957,,NIFTY,,2026-07-28,2026-07-28,24450.00,CE,NIFTY26JUL24450CE,5.00,5.55,1.50,2.10,2.00,4.45,23995.95,2.10,2752230,683995,925881,1471606152084.25,163141,F1,65,,,,,
2026-07-27,2026-07-27,FO,NSE,IDO,63901,,NIFTY,,2026-07-28,2026-07-28,23150.00,CE,NIFTY26JUL23150CE,810.60,890.35,760.40,883.85,890.30,667.35,23995.95,883.85,8190,-65,71,110710232.75,57,F1,65,,,,,
2026-07-27,2026-07-27,FO,NSE,IDO,63897,,NIFTY,,2026-07-28,2026-07-28,23050.00,CE,NIFTY26JUL23050CE,916.80,984.10,859.60,975.55,978.95,752.25,23995.95,975.55,2080,260,29,45192452.50,25,F1,65,,,,,
2026-07-27,2026-07-27,FO,NSE,IDO,63869,,NIFTY,,2026-07-28,2026-07-28,22350.00,CE,NIFTY26JUL22350CE,0.00,0.00,0.00,1636.55,1636.55,1636.55,23995.95,1649.70,260,0,0,0.00,0,F1,65,,,,,
2026-07-27,2026-07-27,FO,NSE,IDO,63838,,NIFTY,,2026-07-28,2026-07-28,21600.00,CE,NIFTY26JUL21600CE,0.00,0.00,0.00,2783.40,0.00,2783.40,23995.95,2399.55,0,0,0,0.00,0,F1,65,,,,,
2026-07-27,2026-07-27,FO,NSE,IDO,65854,,NIFTY,,2026-08-04,2026-08-04,24400.00,CE,NIFTY2680424400CE,42.95,49.95,30.55,41.25,43.30,33.55,23995.95,41.25,1991470,510315,123950,196881086691.25,74420,F1,65,,,,,
2026-07-27,2026-07-27,FO,NSE,IDO,55643,,NIFTY,,2030-06-25,2030-06-25,19500.00,PE,NIFTY30JUN19500PE,0.00,0.00,0.00,64.95,0.00,64.95,23995.95,229.60,0,0,0,0.00,0,F1,65,,,,,
2026-07-27,2026-07-27,FO,NSE,IDO,55641,,NIFTY,,2030-06-25,2030-06-25,16500.00,PE,NIFTY30JUN16500PE,0.00,0.00,0.00,12.00,0.00,12.00,23995.95,63.25,0,0,0,0.00,0,F1,65,,,,,
2026-07-27,2026-07-27,FO,NSE,IDO,55567,,NIFTY,,2029-06-26,2029-06-26,31500.00,PE,NIFTY29JUN31500PE,0.00,0.00,0.00,2443.35,0.00,2443.35,23995.95,3948.80,0,0,0,0.00,0,F1,65,,,,,
2026-07-27,2026-07-27,FO,NSE,IDO,89625,,NIFTY,,2029-06-26,2029-06-26,21000.00,PE,NIFTY29JUN21000PE,0.00,0.00,0.00,320.25,0.00,320.25,23995.95,372.45,0,0,0,0.00,0,F1,65,,,,,
2026-07-27,2026-07-27,FO,NSE,IDO,67785,,NIFTY,,2028-12-26,2028-12-26,25000.00,PE,NIFTY28DEC25000PE,0.00,0.00,0.00,1200.00,1200.00,1200.00,23995.95,1248.60,5620,0,0,0.00,0,F1,65,,,,,
2026-07-27,2026-07-27,FO,NSE,IDO,67771,,NIFTY,,2028-12-26,2028-12-26,18000.00,PE,NIFTY28DEC18000PE,0.00,0.00,0.00,250.00,250.00,250.00,23995.95,89.10,75,0,0,0.00,0,F1,65,,,,,
2026-07-27,2026-07-27,FO,NSE,IDO,86146,,NIFTY,,2028-06-27,2028-06-27,21000.00,PE,NIFTY28JUN21000PE,0.00,0.00,0.00,907.20,0.00,907.20,23995.95,324.90,0,0,0,0.00,0,F1,65,,,,,
2026-07-27,2026-07-27,FO,NSE,IDO,53617,,NIFTY,,2027-12-28,2027-12-28,22000.00,PE,NIFTY27DEC22000PE,412.00,456.45,411.00,456.45,456.45,447.00,23995.95,439.20,29530,45,5,7290455.25,5,F1,65,,,,,
2026-07-27,2026-07-27,FO,NSE,IDO,53595,,NIFTY,,2027-12-28,2027-12-28,15000.00,PE,NIFTY27DEC15000PE,0.00,0.00,0.00,39.00,39.00,39.00,23995.95,2.65,625,0,0,0.00,0,F1,65,,,,,
2026-07-27,2026-07-27,FO,NSE,IDO,55381,,NIFTY,,2027-06-29,2027-06-29,31500.00,PE,NIFTY27JUN31500PE,0.00,0.00,0.00,3604.70,0.00,3604.70,23995.95,5832.70,0,0,0,0.00,0,F1,65,,,,,
2026-07-27,2026-07-27,FO,NSE,IDO,71561,,NIFTY,,2027-06-29,2027-06-29,24000.00,PE,NIFTY27JUN24000PE,660.00,660.00,660.00,660.00,660.00,5056.20,23995.95,660.00,65,65,1,1602900.00,1,F1,65,,,,,
2026-07-27,2026-07-27,FO,NSE,IDO,80312,,NIFTY,,2027-03-30,2027-03-30,31500.00,PE,NIFTY27MAR31500PE,0.00,0.00,0.00,7066.15,0.00,7066.15,23995.95,6208.55,0,0,0,0.00,0,F1,65,,,,,
2026-07-27,2026-07-27,FO,NSE,IDO,80310,,NIFTY,,2027-03-30,2027-03-30,30000.00,PE,NIFTY27MAR30000PE,0.00,0.00,0.00,5754.50,5754.50,5754.50,23995.95,4863.75,130,0,0,0.00,0,F1,65,,,,,
2026-07-27,2026-07-27,FO,NSE,IDO,80275,,NIFTY,,2027-03-30,2027-03-30,25500.00,PE,NIFTY27MAR25500PE,1207.00,1220.00,1165.00,1169.30,1165.00,1288.35,23995.95,1169.30,34645,1300,180,312313803.75,95,F1,65,,,,,
2026-07-27,2026-07-27,FO,NSE,IDO,55331,,NIFTY,,2026-12-29,2026-12-29,28500.00,PE,NIFTY26DEC28500PE,0.00,0.00,0.00,1948.15,0.00,1948.15,23995.95,3840.35,0,0,0,0.00,0,F1,65,,,,,
2026-07-27,2026-07-27,FO,NSE,IDO,71504,,NIFTY,,2026-12-29,2026-12-29,25000.00,PE,NIFTY26DEC25000PE,987.90,987.90,906.40,914.55,911.90,1061.95,23995.95,914.55,1700355,-14620,2087,3519917290.50,1493,F1,65,,,,,
2026-07-27,2026-07-27,FO,NSE,IDO,55325,,NIFTY,,2026-12-29,2026-12-29,19500.00,PE,NIFTY26DEC19500PE,45.00,49.60,44.15,46.15,45.40,50.10,23995.95,46.15,69095,65,85,107988890.75,38,F1,65,,,,,
2026-07-27,2026-07-27,FO,NSE,IDO,74390,,NIFTY,,2026-09-29,2026-09-29,25350.00,PE,NIFTY26SEP25350PE,0.00,0.00,0.00,1488.65,0.00,1488.65,23995.95,1345.90,0,0,0,0.00,0,F1,65,,,,,
2026-07-27,2026-07-27,FO,NSE,IDO,74371,,NIFTY,,2026-09-29,2026-09-29,25150.00,PE,NIFTY26SEP25150PE,0.00,0.00,0.00,1080.65,1080.65,1080.65,23995.95,1202.80,130,0,0,0.00,0,F1,65,,,,,
2026-07-27,2026-07-27,FO,NSE,IDO,74113,,NIFTY,,2026-09-29,2026-09-29,24350.00,PE,NIFTY26SEP24350PE,570.45,570.45,542.00,542.00,542.00,570.45,23995.95,712.10,10010,0,2,3237809.25,2,F1,65,,,,,
2026-07-27,2026-07-27,FO,NSE,IDO,74055,,NIFTY,,2026-09-29,2026-09-29,23850.00,PE,NIFTY26SEP23850PE,371.45,375.40,314.70,325.00,314.70,456.45,23995.95,325.00,6370,2275,72,113230841.75,45,F1,65,,,,,
2026-07-27,2026-07-27,FO,NSE,IDO,73924,,NIFTY,,2026-09-29,2026-09-29,23300.00,PE,NIFTY26SEP23300PE,218.05,222.75,172.55,175.30,173.80,266.95,23995.95,175.30,107120,5200,954,1457067641.25,593,F1,65,,,,,
2026-07-27,2026-07-27,FO,NSE,IDO,65888,,NIFTY,,2026-09-29,2026-09-29,18000.00,PE,NIFTY26SEP18000PE,9.95,9.95,8.70,9.50,9.80,10.15,23995.95,9.50,1055340,7475,1792,2097751821.75,528,F1,65,,,,,
2026-07-27,2026-07-27,FO,NSE,IDO,47028,,NIFTY,,2026-09-01,2026-09-01,25050.00,PE,NIFTY2690125050PE,0.00,0.00,0.00,970.45,0.00,970.45,23995.95,1078.70,0,0,0,0.00,0,F1,65,,,,,
2026-07-27,2026-07-27,FO,NSE,IDO,47004,,NIFTY,,2026-09-01,2026-09-01,24450.00,PE,NIFTY2690124450PE,0.00,0.00,0.00,601.10,0.00,601.10,23995.95,669.60,0,0,0,0.00,0,F1,65,,,,,
2026-07-27,2026-07-27,FO,NSE,IDO,46986,,NIFTY,,2026-09-01,2026-09-01,24000.00,PE,NIFTY2690124000PE,357.65,375.00,291.10,296.80,296.90,493.00,23995.95,296.80,7085,4745,162,256247706.00,103,F1,65,,,,,
2026-07-27,2026-07-27,FO,NSE,IDO,46960,,NIFTY,,2026-09-01,2026-09-01,23350.00,PE,NIFTY2690123350PE,0.00,0.00,0.00,182.25,0.00,182.25,23995.95,197.65,0,0,0,0.00,0,F1,65,,,,,
2026-07-27,2026-07-27,FO,NSE,IDO,46958,,NIFTY,,2026-09-01,2026-09-01,23300.00,PE,NIFTY2690123300PE,0.00,0.00,0.00,170.65,0.00,170.65,23995.95,184.75,0,0,0,0.00,0,F1,65,,,,,
2026-07-27,2026-07-27,FO,NSE,IDO,46956,,NIFTY,,2026-09-01,2026-09-01,23250.00,PE,NIFTY2690123250PE,0.00,0.00,0.00,159.65,0.00,159.65,23995.95,171.45,0,0,0,0.00,0,F1,65,,,,,
2026-07-27,2026-07-27,FO,NSE,IDO,46912,,NIFTY,,2026-09-01,2026-09-01,22150.00,PE,NIFTY2690122150PE,0.00,0.00,0.00,42.00,42.00,42.00,23995.95,25.80,65,0,0,0.00,0,F1,65,,,,,
2026-07-27,2026-07-27,FO,NSE,IDO,46910,,NIFTY,,2026-09-01,2026-09-01,22100.00,PE,NIFTY2690122100PE,31.50,31.50,21.90,22.00,22.00,40.00,23995.95,23.25,65,0,3,4314401.00,3,F1,65,,,,,
2026-07-27,2026-07-27,FO,NSE,IDO,46908,,NIFTY,,2026-09-01,2026-09-01,22050.00,PE,NIFTY2690122050PE,0.00,0.00,0.00,22.15,0.00,22.15,23995.95,20.95,0,0,0,0.00,0,F1,65,,,,,
2026-07-27,2026-07-27,FO,NSE,IDO,62056,,NIFTY,,2026-08-25,2026-08-25,26200.00,PE,NIFTY26AUG26200PE,2180.00,2200.00,2027.80,2071.30,2061.00,2317.75,23995.95,2071.30,23660,19630,329,605814339.00,271,F1,65,,,,,
2026-07-27,2026-07-27,FO,NSE,IDO,61914,,NIFTY,,2026-08-25,2026-08-25,25100.00,PE,NIFTY26AUG25100PE,1091.70,1133.15,1005.00,1030.05,1005.00,1231.60,23995.95,1030.05,25025,5785,108,183650522.25,68,F1,65,,,,,
2026-07-27,2026-07-27,FO,NSE,IDO,61733,,NIFTY,,2026-08-25,2026-08-25,24450.00,PE,NIFTY26AUG24450PE,610.20,610.20,508.05,508.05,508.05,721.70,23995.95,508.05,9620,-585,63,102548101.50,47,F1,65,,,,,
2026-07-27,2026-07-27,FO,NSE,IDO,61514,,NIFTY,,2026-08-25,2026-08-25,23550.00,PE,NIFTY26AUG23550PE,182.60,205.35,129.95,133.80,130.35,249.80,23995.95,133.80,41275,7280,964,1486227437.50,572,F1,65,,,,,
2026-07-27,2026-07-27,FO,NSE,IDO,61492,,NIFTY,,2026-08-25,2026-08-25,23400.00,PE,NIFTY26AUG23400PE,169.60,169.60,100.50,103.15,102.10,199.50,23995.95,103.15,447785,72215,8576,13112815673.75,5532,F1,65,,,,,
2026-07-27,2026-07-27,FO,NSE,IDO,61446,,NIFTY,,2026-08-25,2026-08-25,23200.00,PE,NIFTY26AUG23200PE,108.45,124.00,71.50,73.60,72.90,149.10,23995.95,73.60,848055,49010,14014,21216528905.00,8300,F1,65,,,,,
2026-07-27,2026-07-27,FO,NSE,IDO,61365,,NIFTY,,2026-08-25,2026-08-25,22150.00,PE,NIFTY26AUG22150PE,33.45,33.45,15.65,16.50,16.75,33.45,23995.95,16.50,15665,-2600,247,355913541.75,162,F1,65,,,,,
2026-07-27,2026-07-27,FO,NSE,IDO,61343,,NIFTY,,2026-08-25,2026-08-25,21800.00,PE,NIFTY26AUG21800PE,16.75,16.75,10.90,12.45,16.40,23.10,23995.95,12.45,55445,-2795,750,1063397546.25,441,F1,65,,,,,
2026-07-27,2026-07-27,FO,NSE,IDO,61208,,NIFTY,,2026-08-25,2026-08-25,21450.00,PE,NIFTY26AUG21450PE,12.00,12.00,8.80,9.65,10.70,18.50,23995.95,9.65,2665,-1235,106,147862087.75,62,F1,65,,,,,
2026-07-27,2026-07-27,FO,NSE,IDO,45181,,NIFTY,,2026-08-18,2026-08-18,25600.00,PE,NIFTY2681825600PE,0.00,0.00,0.00,1494.85,0.00,1494.85,23995.95,1542.20,0,0,0,0.00,0,F1,65,,,,,
2026-07-27,2026-07-27,FO,NSE,IDO,45117,,NIFTY,,2026-08-18,2026-08-18,24600.00,PE,NIFTY2681824600PE,0.00,0.00,0.00,738.50,0.00,738.50,23995.95,708.00,0,0,0,0.00,0,F1,65,,,,,
2026-07-27,2026-07-27,FO,NSE,IDO,45091,,NIFTY,,2026-08-18,2026-08-18,24000.00,PE,NIFTY2681824000PE,305.05,328.30,232.00,239.10,237.00,400.35,23995.95,239.10,50635,25155,1630,2572077059.50,1075,F1,65,,,,,
2026-07-27,2026-07-27,FO,NSE,IDO,45070,,NIFTY,,2026-08-18,2026-08-18,23600.00,PE,NIFTY2681823600PE,150.80,165.85,108.15,111.95,108.15,229.40,23995.95,111.95,14105,3445,353,544595779.00,276,F1,65,,,,,
2026-07-27,2026-07-27,FO,NSE,IDO,45057,,NIFTY,,2026-08-18,2026-08-18,23350.00,PE,NIFTY2681823350PE,103.00,103.00,66.40,68.00,66.40,158.85,23995.95,68.00,5980,-1105,82,124965503.00,30,F1,65,,,,,
2026-07-27,2026-07-27,FO,NSE,IDO,45050,,NIFTY,,2026-08-18,2026-08-18,23200.00,PE,NIFTY2681823200PE,110.60,110.60,49.65,51.15,49.75,121.90,23995.95,51.15,46150,7215,470,710819924.75,346,F1,65,,,,,
2026-07-27,2026-07-27,FO,NSE,IDO,45022,,NIFTY,,2026-08-18,2026-08-18,22650.00,PE,NIFTY2681822650PE,30.90,30.90,19.40,19.75,19.40,48.25,23995.95,19.75,6890,-1755,103,151812303.50,43,F1,65,,,,,
2026-07-27,2026-07-27,FO,NSE,IDO,45000,,NIFTY,,2026-08-18,2026-08-18,22250.00,PE,NIFTY2681822250PE,13.30,14.15,11.70,11.70,11.70,26.90,23995.95,11.70,3315,0,7,10129704.00,3,F1,65,,,,,
2026-07-27,2026-07-27,FO,NSE,IDO,44992,,NIFTY,,2026-08-18,2026-08-18,22150.00,PE,NIFTY2681822150PE,11.25,11.45,11.00,11.45,11.45,23.85,23995.95,7.55,1300,1300,20,28809625.00,4,F1,65,,,,,
2026-07-27,2026-07-27,FO,NSE,IDO,41080,,NIFTY,,2026-08-11,2026-08-11,26000.00,PE,NIFTY2681126000PE,0.00,0.00,0.00,2300.00,2300.00,2300.00,23995.95,1942.70,1170,0,0,0.00,0,F1,65,,,,,
2026-07-27,2026-07-27,FO,NSE,IDO,41072,,NIFTY,,2026-08-11,2026-08-11,25800.00,PE,NIFTY2681125800PE,1923.15,1923.15,1775.00,1775.00,1775.00,1923.15,23995.95,1746.15,780,715,13,23355029.75,10,F1,65,,,,,
2026-07-27,2026-07-27,FO,NSE,IDO,41064,,NIFTY,,2026-08-11,2026-08-11,25650.00,PE,NIFTY2681125650PE,0.00,0.00,0.00,1826.70,1826.70,1826.70,23995.95,1600.05,0,0,0,0.00,0,F1,65,,,,,
2026-07-27,2026-07-27,FO,NSE,IDO,41016,,NIFTY,,2026-08-11,2026-08-11,24600.00,PE,NIFTY2681124600PE,0.00,0.00,0.00,946.25,946.25,946.25,23995.95,670.95,2795,0,0,0.00,0,F1,65,,,,,
2026-07-27,2026-07-27,FO,NSE,IDO,41014,,NIFTY,,2026-08-11,2026-08-11,24550.00,PE,NIFTY2681124550PE,0.00,0.00,0.00,921.40,921.40,921.40,23995.95,633.00,1365,0,0,0.00,0,F1,65,,,,,
2026-07-27,2026-07-27,FO,NSE,IDO,40948,,NIFTY,,2026-08-11,2026-08-11,22950.00,PE,NIFTY2681122950PE,33.05,33.05,14.75,16.90,14.75,53.45,23995.95,16.90,24700,16445,608,907794446.00,343,F1,65,,,,,
2026-07-27,2026-07-27,FO,NSE,IDO,40940,,NIFTY,,2026-08-11,2026-08-11,22750.00,PE,NIFTY2681122750PE,24.10,24.10,11.35,12.10,12.15,36.25,23995.95,12.10,16055,8190,388,574171672.75,227,F1,65,,,,,
2026-07-27,2026-07-27,FO,NSE,IDO,66063,,NIFTY,,2026-08-04,2026-08-04,26150.00,PE,NIFTY2680426150PE,0.00,0.00,0.00,2185.20,0.00,2185.20,23995.95,2119.40,0,0,0,0.00,0,F1,65,,,,,
2026-07-27,2026-07-27,FO,NSE,IDO,66059,,NIFTY,,2026-08-04,2026-08-04,26050.00,PE,NIFTY2680426050PE,0.00,0.00,0.00,2092.95,0.00,2092.95,23995.95,2019.60,0,0,0,0.00,0,F1,65,,,,,
2026-07-27,2026-07-27,FO,NSE,IDO,66057,,NIFTY,,2026-08-04,2026-08-04,26000.00,PE,NIFTY2680426000PE,2046.45,2056.00,1845.45,1947.80,1930.30,2150.40,23995.95,1947.80,30290,20670,331,602139404.75,300,F1,65,,,,,
2026-07-27,2026-07-27,FO,NSE,IDO,65456,,NIFTY,,2026-08-04,2026-08-04,23000.00,PE,NIFTY2680423000PE,20.40,20.40,7.85,8.75,8.50,27.85,23995.95,8.75,2915900,1458015,133012,198935222089.50,48365,F1,65,,,,,
2026-07-27,2026-07-27,FO,NSE,IDO,65439,,NIFTY,,2026-08-04,2026-08-04,22600.00,PE,NIFTY2680422600PE,6.20,7.30,4.10,5.25,5.35,11.15,23995.95,5.25,389675,127985,25008,36744741858.50,9786,F1,65,,,,,
2026-07-27,2026-07-27,FO,NSE,IDO,65420,,NIFTY,,2026-08-04,2026-08-04,22250.00,PE,NIFTY2680422250PE,3.80,4.20,2.80,3.55,4.20,6.20,23995.95,3.55,98540,-52000,5024,7267039919.75,2419,F1,65,,,,,
2026-07-27,2026-07-27,FO,NSE,IDO,64044,,NIFTY,,2026-07-28,2026-07-28,26250.00,PE,NIFTY26JUL26250PE,0.00,0.00,0.00,1770.65,1770.65,1770.65,23995.95,2249.70,65,0,0,0.00,0,F1,65,,,,,
2026-07-27,2026-07-27,FO,NSE,IDO,63999,,NIFTY,,2026-07-28,2026-07-28,25400.00,PE,NIFTY26JUL25400PE,1450.00,1476.00,1370.00,1375.00,1370.00,1560.00,23995.95,1375.00,9035,-4810,92,160520665.50,51,F1,65,,,,,
2026-07-27,2026-07-27,FO,NSE,IDO,63992,,NIFTY,,2026-07-28,2026-07-28,25250.00,PE,NIFTY26JUL25250PE,1246.35,1246.35,1246.35,1246.35,1246.35,1375.60,23995.95,1246.35,1170,0,1,1722262.75,1,F1,65,,,,,
2026-07-27,2026-07-27,FO,NSE,IDO,63944,,NIFTY,,2026-07-28,2026-07-28,24100.00,PE,NIFTY26JUL24100PE,200.00,213.45,92.60,106.50,94.20,316.10,23995.95,106.50,3524950,1020045,1445098,2277620761227.50,831620,F1,65,,,,,
2026-07-27,2026-07-27,FO,NSE,IDO,63936,,NIFTY,,2026-07-28,2026-07-28,23900.00,PE,NIFTY26JUL23900PE,70.00,77.60,16.90,20.60,17.70,167.40,23995.95,20.60,12355005,9180340,8312324,12937792779544.75,2864498,F1,65,,,,,
2026-07-27,2026-07-27,FO,NSE,IDO,63914,,NIFTY,,2026-07-28,2026-07-28,23450.00,PE,NIFTY26JUL23450PE,10.00,12.60,2.40,2.95,3.35,21.90,23995.95,2.95,3349970,677170,968474,1476426102030.75,164941,F1,65,,,,,
2026-07-27,2026-07-27,FO,NSE,IDO,63876,,NIFTY,,2026-07-28,2026-07-28,22500.00,PE,NIFTY26JUL22500PE,1.65,1.85,0.90,1.30,1.50,2.10,23995.95,1.30,6482385,-512200,588101,860141211484.75,77303,F1,65,,,,,
2026-07-27,2026-07-27,FO,NSE,IDO,63866,,NIFTY,,2026-07-28,2026-07-28,22250.00,PE,NIFTY26JUL22250PE,1.20,1.40,0.70,1.00,1.00,1.35,23995.95,1.00,227435,-83005,22838,33030783639.75,4685,F1,65,,,,,
2026-07-27,2026-07-27,FO,NSE,IDO,74661,,NIFTY,,2031-06-24,2031-06-24,31500.00,CE,NIFTY31JUN31500CE,0.00,0.00,0.00,3928.35,0.00,3928.35,23995.95,4104.05,0,0,0,0.00,0,F1,65,,,,,
2026-07-27,2026-07-27,FO,NSE,IDO,55760,,NIFTY,,2030-12-31,2030-12-31,28500.00,CE,NIFTY30DEC28500CE,0.00,0.00,0.00,5968.30,0.00,5968.30,23995.95,4727.60,0,0,0,0.00,0,F1,65,,,,,
2026-07-27,2026-07-27,FO,NSE,IDO,55696,,NIFTY,,2030-12-31,2030-12-31,16500.00,CE,NIFTY30DEC16500CE,0.00,0.00,0.00,13763.55,0.00,13763.55,23995.95,11755.95,0,0,0,0.00,0,F1,65,,,,,
2026-07-27,2026-07-27,FO,NSE,IDO,55650,,NIFTY,,2030-06-25,2030-06-25,31500.00,CE,NIFTY30JUN31500CE,0.00,0.00,0.00,3984.80,0.00,3984.80,23995.95,3032.40,0,0,0,0.00,0,F1,65,,,,,
2026-07-27,2026-07-27,FO,NSE,IDO,60892,,NIFTY,,2030-06-25,2030-06-25,18000.00,CE,NIFTY30JUN18000CE,0.00,0.00,0.00,12423.90,0.00,12423.90,23995.95,10227.10,0,0,0,0.00,0,F1,65,,,,,
2026-07-27,2026-07-27,FO,NSE,IDO,55606,,NIFTY,,2029-12-24,2029-12-24,28500.00,CE,NIFTY29DEC28500CE,0.00,0.00,0.00,4802.10,0.00,4802.10,23995.95,3553.05,0,0,0,0.00,0,F1,65,,,,,
2026-07-27,2026-07-27,FO,NSE,IDO,55598,,NIFTY,,2029-12-24,2029-12-24,16500.00,CE,NIFTY29DEC16500CE,0.00,0.00,0.00,12984.85,0.00,12984.85,23995.95,10884.80,0,0,0,0.00,0,F1,65,,,,,
2026-07-27,2026-07-27,FO,NSE,IDO,89624,,NIFTY,,2029-06-26,2029-06-26,21000.00,CE,NIFTY29JUN21000CE,0.00,0.00,0.00,9799.75,0.00,9799.75,23995.95,7051.95,0,0,0,0.00,0,F1,65,,,,,
2026-07-27,2026-07-27,FO,NSE,IDO,89612,,NIFTY,,2029-06-26,2029-06-26,18000.00,CE,NIFTY29JUN18000CE,0.00,0.00,0.00,11678.65,0.00,11678.65,23995.95,9258.85,0,0,0,0.00,0,F1,65,,,,,
2026-07-27,2026-07-27,FO,NSE,IDO,55470,,NIFTY,,2028-06-27,2028-06-27,19500.00,CE,NIFTY28JUN19500CE,0.00,0.00,0.00,9209.10,0.00,9209.10,23995.95,6980.95,0,0,0,0.00,0,F1,65,,,,,
2026-07-27,2026-07-27,FO,NSE,IDO,47194,,NIFTY,,2027-12-28,2027-12-28,33000.00,CE,NIFTY27DEC33000CE,0.00,0.00,0.00,150.00,150.00,150.00,23995.95,354.35,2795,0,0,0.00,0,F1,65,,,,,
2026-07-27,2026-07-27,FO,NSE,IDO,55376,,NIFTY,,2027-06-29,2027-06-29,25500.00,CE,NIFTY27JUN25500CE,0.00,0.00,0.00,3312.45,0.00,3312.45,23995.95,1547.20,0,0,0,0.00,0,F1,65,,,,,
2026-07-27,2026-07-27,FO,NSE,IDO,55326,,NIFTY,,2026-12-29,2026-12-29,22500.00,CE,NIFTY26DEC22500CE,2178.45,2268.00,2178.45,2259.05,2260.00,2098.20,23995.95,2259.05,15795,0,22,35336944.50,22,F1,65,,,,,
2026-07-27,2026-07-27,FO,NSE,IDO,58636,,NIFTY,,2026-12-29,2026-12-29,16000.00,CE,NIFTY26DEC16000CE,0.00,0.00,0.00,6200.00,6200.00,6200.00,23995.95,8438.85,50,0,0,0.00,0,F1,65,,,,,
2026-07-27,2026-07-27,FO,NSE,IDO,74463,,NIFTY,,2026-09-29,2026-09-29,26150.00,CE,NIFTY26SEP26150CE,0.00,0.00,0.00,215.05,0.00,215.05,23995.95,131.30,0,0,0,0.00,0,F1,65,,,,,
2026-07-27,2026-07-27,FO,NSE,IDO,74368,,NIFTY,,2026-09-29,2026-09-29,25100.00,CE,NIFTY26SEP25100CE,145.90,156.00,137.60,151.70,156.00,132.15,23995.95,151.70,44590,8710,875,1435824500.50,622,F1,65,,,,,
2026-07-27,2026-07-27,FO,NSE,IDO,74045,,NIFTY,,2026-09-29,2026-09-29,23800.00,CE,NIFTY26SEP23800CE,699.70,756.35,690.00,748.55,753.85,649.70,23995.95,748.55,25285,-4160,252,401503024.00,189,F1,65,,,,,
2026-07-27,2026-07-27,FO,NSE,IDO,73995,,NIFTY,,2026-09-29,2026-09-29,23550.00,CE,NIFTY26SEP23550CE,0.00,0.00,0.00,812.55,812.55,812.55,23995.95,1083.10,910,0,0,0.00,0,F1,65,,,,,
2026-07-27,2026-07-27,FO,NSE,IDO,73921,,NIFTY,,2026-09-29,2026-09-29,23250.00,CE,NIFTY26SEP23250CE,0.00,0.00,0.00,1240.10,1240.10,1240.10,23995.95,1286.70,650,0,0,0.00,0,F1,65,,,,,
2026-07-27,2026-07-27,FO,NSE,IDO,73881,,NIFTY,,2026-09-29,2026-09-29,22400.00,CE,NIFTY26SEP22400CE,0.00,0.00,0.00,1741.40,1738.55,1741.40,23995.95,1956.75,195,0,0,0.00,0,F1,65,,,,,
2026-07-27,2026-07-27,FO,NSE,IDO,73875,,NIFTY,,2026-09-29,2026-09-29,22250.00,CE,NIFTY26SEP22250CE,0.00,0.00,0.00,2117.80,0.00,2117.80,23995.95,2086.55,0,0,0,0.00,0,F1,65,,,,,
2026-07-27,2026-07-27,FO,NSE,IDO,73871,,NIFTY,,2026-09-29,2026-09-29,22150.00,CE,NIFTY26SEP22150CE,0.00,0.00,0.00,2200.35,0.00,2200.35,23995.95,2174.65,0,0,0,0.00,0,F1,65,,,,,
2026-07-27,2026-07-27,FO,NSE,IDO,47035,,NIFTY,,2026-09-01,2026-09-01,25250.00,CE,NIFTY2690125250CE,0.00,0.00,0.00,227.15,0.00,227.15,23995.95,144.90,0,0,0,0.00,0,F1,65,,,,,
2026-07-27,2026-07-27,FO,NSE,IDO,47007,,NIFTY,,2026-09-01,2026-09-01,24550.00,CE,NIFTY2690124550CE,0.00,0.00,0.00,464.50,0.00,464.50,23995.95,336.30,0,0,0,0.00,0,F1,65,,,,,
2026-07-27,2026-07-27,FO,NSE,IDO,46979,,NIFTY,,2026-09-01,2026-09-01,23850.00,CE,NIFTY2690123850CE,491.65,495.90,491.65,491.80,491.80,465.20,23995.95,667.00,520,0,7,11076585.00,4,F1,65,,,,,
2026-07-27,2026-07-27,FO,NSE,IDO,46935,,NIFTY,,2026-09-01,2026-09-01,22750.00,CE,NIFTY2690122750CE,0.00,0.00,0.00,1672.80,0.00,1672.80,23995.95,1473.00,0,0,0,0.00,0,F1,65,,,,,
2026-07-27,2026-07-27,FO,NSE,IDO,46925,,NIFTY,,2026-09-01,2026-09-01,22500.00,CE,NIFTY2690122500CE,0.00,0.00,0.00,1895.10,0.00,1895.10,23995.95,1693.20,0,0,0,0.00,0,F1,65,,,,,
2026-07-27,2026-07-27,FO,NSE,IDO,61994,,NIFTY,,2026-08-25,2026-08-25,25750.00,CE,NIFTY26AUG25750CE,0.00,0.00,0.00,315.30,0.00,315.30,23995.95,44.50,0,0,0,0.00,0,F1,65,,,,,
2026-07-27,2026-07-27,FO,NSE,IDO,61897,,NIFTY,,2026-08-25,2026-08-25,25000.00,CE,NIFTY26AUG25000CE,49.85,53.75,40.30,46.75,48.45,44.35,23995.95,46.75,4002375,-51610,50648,82450469832.25,28517,F1,65,,,,,
2026-07-27,2026-07-27,FO,NSE,IDO,61797,,NIFTY,,2026-08-25,2026-08-25,24750.00,CE,NIFTY26AUG24750CE,83.90,96.05,73.90,86.70,88.75,75.95,23995.95,86.70,85410,11635,1594,2572842938.25,1208,F1,65,,,,,
2026-07-27,2026-07-27,FO,NSE,IDO,61775,,NIFTY,,2026-08-25,2026-08-25,24600.00,CE,NIFTY26AUG24600CE,129.95,131.60,104.55,122.90,128.70,104.65,23995.95,122.90,679640,46670,9912,15924184376.75,6460,F1,65,,,,,
2026-07-27,2026-07-27,FO,NSE,IDO,61772,,NIFTY,,2026-08-25,2026-08-25,24550.00,CE,NIFTY26AUG24550CE,132.35,145.65,118.10,137.90,141.00,116.45,23995.95,137.90,56160,3705,1181,1894657271.00,644,F1,65,,,,,
2026-07-27,2026-07-27,FO,NSE,IDO,61593,,NIFTY,,2026-08-25,2026-08-25,24000.00,CE,NIFTY26AUG24000CE,393.15,393.15,335.00,380.40,390.00,315.10,23995.95,380.40,7241975,441220,86894,137599870443.75,54408,F1,65,,,,,
2026-07-27,2026-07-27,FO,NSE,IDO,61530,,NIFTY,,2026-08-25,2026-08-25,23700.00,CE,NIFTY26AUG23700CE,481.00,610.00,434.70,572.55,582.00,480.05,23995.95,572.55,378625,-437645,15556,24507347380.75,6932,F1,65,,,,,
2026-07-27,2026-07-27,FO,NSE,IDO,61501,,NIFTY,,2026-08-25,2026-08-25,23550.00,CE,NIFTY26AUG23550CE,639.95,685.00,600.95,676.35,684.70,578.70,23995.95,676.35,6890,845,105,165085901.50,82,F1,65,,,,,
2026-07-27,2026-07-27,FO,NSE,IDO,61459,,NIFTY,,2026-08-25,2026-08-25,23350.00,CE,NIFTY26AUG23350CE,798.80,829.50,792.00,825.00,825.00,706.30,23995.95,925.30,2080,-455,11,17271894.25,9,F1,65,,,,,
2026-07-27,2026-07-27,FO,NSE,IDO,61450,,NIFTY,,2026-08-25,2026-08-25,23250.00,CE,NIFTY26AUG23250CE,845.00,905.45,845.00,905.45,905.45,783.30,23995.95,999.80,2275,130,8,12544701.00,8,F1,65,,,,,
2026-07-27,2026-07-27,FO,NSE,IDO,61436,,NIFTY,,2026-08-25,2026-08-25,23100.00,CE,NIFTY26AUG23100CE,983.60,1059.85,968.50,1059.85,1059.85,901.70,23995.95,1059.85,7280,1040,31,48577584.25,27,F1,65,,,,,
2026-07-27,2026-07-27,FO,NSE,IDO,61411,,NIFTY,,2026-08-25,2026-08-25,22750.00,CE,NIFTY26AUG22750CE,1311.10,1323.70,1301.00,1318.80,1318.80,1080.25,23995.95,1414.10,1300,-195,7,10949256.50,7,F1,65,,,,,
2026-07-27,2026-07-27,FO,NSE,IDO,61350,,NIFTY,,2026-08-25,2026-08-25,21950.00,CE,NIFTY26AUG21950CE,0.00,0.00,0.00,2408.05,0.00,2408.05,23995.95,2161.10,0,0,0,0.00,0,F1,65,,,,,
2026-07-27,2026-07-27,FO,NSE,IDO,61344,,NIFTY,,2026-08-25,2026-08-25,21850.00,CE,NIFTY26AUG21850CE,0.00,0.00,0.00,2494.10,0.00,2494.10,23995.95,2258.40,0,0,0,0.00,0,F1,65,,,,,
2026-07-27,2026-07-27,FO,NSE,IDO,45196,,NIFTY,,2026-08-18,2026-08-18,25900.00,CE,NIFTY2681825900CE,5.40,6.05,2.85,2.95,3.00,5.05,23995.95,2.95,325,65,15,25256637.25,11,F1,65,,,,,
2026-07-27,2026-07-27,FO,NSE,IDO,45170,,NIFTY,,2026-08-18,2026-08-18,25500.00,CE,NIFTY2681825500CE,9.85,9.85,7.60,7.95,8.20,10.10,23995.95,7.95,133705,38220,1552,2573283924.25,874,F1,65,,,,,
2026-07-27,2026-07-27,FO,NSE,IDO,45076,,NIFTY,,2026-08-18,2026-08-18,23750.00,CE,NIFTY2681823750CE,446.85,489.30,394.35,483.95,488.35,400.65,23995.95,483.95,3705,-260,64,100684132.25,51,F1,65,,,,,
2026-07-27,2026-07-27,FO,NSE,IDO,45017,,NIFTY,,2026-08-18,2026-08-18,22550.00,CE,NIFTY2681822550CE,0.00,0.00,0.00,1684.20,0.00,1684.20,23995.95,1550.85,0,0,0,0.00,0,F1,65,,,,,
2026-07-27,2026-07-27,FO,NSE,IDO,41055,,NIFTY,,2026-08-11,2026-08-11,25450.00,CE,NIFTY2681125450CE,5.90,5.90,3.05,3.35,3.05,5.15,23995.95,3.35,5525,2860,171,282919507.00,107,F1,65,,,,,
2026-07-27,2026-07-27,FO,NSE,IDO,41029,,NIFTY,,2026-08-11,2026-08-11,24850.00,CE,NIFTY2681124850CE,0.00,0.00,0.00,373.65,0.00,373.65,23995.95,75.80,0,0,0,0.00,0,F1,65,,,,,
2026-07-27,2026-07-27,FO,NSE,IDO,40961,,NIFTY,,2026-08-11,2026-08-11,23300.00,CE,NIFTY2681123300CE,700.00,809.05,700.00,793.25,808.55,631.80,23995.95,793.25,14625,11765,370,578401807.75,347,F1,65,,,,,
2026-07-27,2026-07-27,FO,NSE,IDO,40949,,NIFTY,,2026-08-11,2026-08-11,23000.00,CE,NIFTY2681123000CE,964.60,1095.10,964.60,1093.25,1095.10,899.85,23995.95,1093.25,7150,5590,154,240312689.50,130,F1,65,,,,,
2026-07-27,2026-07-27,FO,NSE,IDO,40885,,NIFTY,,2026-08-11,2026-08-11,21650.00,CE,NIFTY2681121650CE,0.00,0.00,0.00,2877.30,0.00,2877.30,23995.95,2400.05,0,0,0,0.00,0,F1,65,,,,,
2026-07-27,2026-07-27,FO,NSE,IDO,44983,,NIFTY,,2026-08-18,2026-08-18,22000.00,CE,NIFTY2681822000CE,0.00,0.00,0.00,2196.20,0.00,2196.20,23995.95,2080.90,0,0,0,0.00,0,F1,65,,,,,
2026-07-27,2026-07-27,FO,NSE,IDO,63840,,NIFTY,,2026-07-28,2026-07-28,21650.00,CE,NIFTY26JUL21650CE,0.00,0.00,0.00,1938.20,1938.20,1938.20,23995.95,2349.55,65,0,0,0.00,0,F1,65,,,,,
2026-07-27,2026-07-27,FO,NSE,IDO,66014,,NIFTY,,2026-08-04,2026-08-04,25800.00,PE,NIFTY2680425800PE,1830.00,1860.00,1745.00,1747.75,1745.00,2075.00,23995.95,1747.75,2405,1950,31,55575841.75,22,F1,65,,,,,
2026-07-27,2026-07-27,FO,NSE,IDO,41046,,NIFTY,,2026-08-11,2026-08-11,25200.00,PE,NIFTY2681125200PE,1000.00,1268.50,1000.00,1145.15,1141.05,939.75,23995.95,1145.15,260,195,15,25718832.75,14,F1,65,,,,,
2026-07-27,2026-07-27,FO,NSE,IDO,80272,,NIFTY,,2027-03-30,2027-03-30,24000.00,CE,NIFTY27MAR24000CE,1505.00,1554.35,1474.00,1543.40,1552.05,1423.70,23995.95,1543.40,38870,5070,129,213901853.75,118,F1,65,,,,,
2026-07-27,2026-07-27,FO,NSE,IDO,65219,,NIFTY,,2026-08-04,2026-08-04,21850.00,PE,NIFTY2680421850PE,3.85,4.15,2.35,3.15,3.30,4.70,23995.95,3.15,6565,-2535,402,571013917.50,275,F1,65,,,,,
2026-07-27,2026-07-27,FO,NSE,IDO,55332,,NIFTY,,2026-12-29,2026-12-29,31500.00,CE,NIFTY26DEC31500CE,13.40,13.40,11.75,11.75,11.75,13.30,23995.95,11.75,19435,1300,22,45062017.00,2,F1,65,,,,,
2026-07-27,2026-07-27,FO,NSE,IDO,65906,,NIFTY,,2026-09-29,2026-09-29,27000.00,CE,NIFTY26SEP27000CE,10.55,11.75,9.35,10.15,10.45,10.25,23995.95,10.15,1476735,10985,2127,3734287137.75,862,F1,65,,,,,
2026-07-27,2026-07-27,FO,NSE,IDO,74442,,NIFTY,,2026-09-29,2026-09-29,26100.00,CE,NIFTY26SEP26100CE,0.00,0.00,0.00,223.80,0.00,223.80,23995.95,138.25,0,0,0,0.00,0,F1,65,,,,,
2026-07-27,2026-07-27,FO,NSE,IDO,45006,,NIFTY,,2026-08-18,2026-08-18,22350.00,PE,NIFTY2681822350PE,15.70,17.00,13.50,13.50,13.50,31.80,23995.95,13.50,4810,-2860,55,79955398.25,28,F1,65,,,,,
2026-07-27,2026-07-27,FO,NSE,IDO,61910,,NIFTY,,2026-08-25,2026-08-25,25050.00,PE,NIFTY26AUG25050PE,1075.00,1075.00,1050.00,1050.00,1050.00,1185.00,23995.95,1071.85,390,130,2,3394625.00,2,F1,65,,,,,
2026-07-27,2026-07-27,FO,NSE,IDO,47034,,NIFTY,,2026-09-01,2026-09-01,25200.00,PE,NIFTY2690125200PE,0.00,0.00,0.00,1077.05,0.00,1077.05,23995.95,1195.00,0,0,0,0.00,0,F1,65,,,,,
2026-07-27,2026-07-27,FO,NSE,IDO,73884,,NIFTY,,2026-09-29,2026-09-29,22450.00,PE,NIFTY26SEP22450PE,82.75,83.45,67.70,68.05,67.70,120.10,23995.95,68.05,8450,-2145,52,76142378.00,43,F1,65,,,,,
2026-07-27,2026-07-27,FO,NSE,IDO,65455,,NIFTY,,2026-08-04,2026-08-04,23000.00,CE,NIFTY2680423000CE,970.00,1066.75,924.95,1045.50,1064.30,847.50,23995.95,1045.50,90805,53820,2000,3119137827.00,1625,F1,65,,,,,
2026-07-27,2026-07-27,FO,NSE,IDO,73899,,NIFTY,,2026-09-29,2026-09-29,22900.00,CE,NIFTY26SEP22900CE,1311.05,1405.00,1311.05,1405.00,1405.00,1292.25,23995.95,1547.60,1040,-65,2,3153543.25,2,F1,65,,,,,
2026-07-27,2026-07-27,FO,NSE,IDO,47041,,NIFTY,,2026-09-01,2026-09-01,25400.00,CE,NIFTY2690125400CE,0.00,0.00,0.00,191.80,0.00,191.80,23995.95,118.40,0,0,0,0.00,0,F1,65,,,,,
2026-07-27,2026-07-27,FO,NSE,IDO,46965,,NIFTY,,2026-09-01,2026-09-01,23500.00,CE,NIFTY2690123500CE,702.85,781.80,702.85,781.80,781.80,662.00,23995.95,781.80,650,-780,13,20478809.00,12,F1,65,,,,,
2026-07-27,2026-07-27,FO,NSE,IDO,46927,,NIFTY,,2026-09-01,2026-09-01,22550.00,CE,NIFTY2690122550CE,0.00,0.00,0.00,1849.95,0.00,1849.95,23995.95,1648.35,0,0,0,0.00,0,F1,65,,,,,
2026-07-27,2026-07-27,FO,NSE,IDO,61428,,NIFTY,,2026-08-25,2026-08-25,23000.00,CE,NIFTY26AUG23000CE,1082.00,1164.55,1038.00,1145.70,1160.75,982.95,23995.95,1145.70,558740,106405,4983,7807399434.25,4049,F1,65,,,,,
2026-07-27,2026-07-27,FO,NSE,IDO,45080,,NIFTY,,2026-08-18,2026-08-18,23850.00,CE,NIFTY2681823850CE,308.20,419.85,308.20,419.05,419.85,333.15,23995.95,419.05,3900,195,55,86644814.75,42,F1,65,,,,,
2026-07-27,2026-07-27,FO,NSE,IDO,45052,,NIFTY,,2026-08-18,2026-08-18,23250.00,CE,NIFTY2681823250CE,0.00,0.00,0.00,755.00,755.00,755.00,23995.95,937.20,1365,0,0,0.00,0,F1,65,,,,,
2026-07-27,2026-07-27,FO,NSE,IDO,65861,,NIFTY,,2026-08-04,2026-08-04,24500.00,PE,NIFTY2680424500PE,564.30,602.65,461.50,474.95,465.50,703.65,23995.95,474.95,460915,293605,8707,14155747489.00,6246,F1,65,,,,,
2026-07-27,2026-07-27,FO,NSE,IDO,64021,,NIFTY,,2026-07-28,2026-07-28,25900.00,CE,NIFTY26JUL25900CE,0.50,0.95,0.30,0.40,0.30,0.50,23995.95,0.40,250120,-144690,16006,26946615982.00,5794,F1,65,,,,,
2026-07-27,2026-07-27,FO,NSE,IDO,63969,,NIFTY,,2026-07-28,2026-07-28,24750.00,CE,NIFTY26JUL24750CE,1.60,1.85,0.65,1.00,0.70,2.00,23995.95,1.00,1677780,-116935,195543,314595951384.00,55298,F1,65,,,,,
2026-07-27,2026-07-27,FO,NSE,IDO,63855,,NIFTY,,2026-07-28,2026-07-28,22000.00,CE,NIFTY26JUL22000CE,1962.65,2049.10,1905.55,2031.30,2049.10,1809.10,23995.95,2031.30,331435,-61295,3665,5712390843.25,2972,F1,65,,,,,
2026-07-27,2026-07-27,FO,NSE,IDO,45039,,NIFTY,,2026-08-18,2026-08-18,23000.00,CE,NIFTY2681823000CE,0.00,0.00,0.00,1296.35,0.00,1296.35,23995.95,1144.40,0,0,0,0.00,0,F1,65,,,,,
2026-07-27,2026-07-27,FO,NSE,IDO,63875,,NIFTY,,2026-07-28,2026-07-28,22500.00,CE,NIFTY26JUL22500CE,1451.65,1545.80,1409.35,1529.50,1541.75,1308.95,23995.95,1529.50,146510,-53105,1736,2705739617.75,1330,F1,65,,,,,
2026-07-27,2026-07-27,FO,NSE,IDO,63844,,NIFTY,,2026-07-28,2026-07-28,21750.00,CE,NIFTY26JUL21750CE,0.00,0.00,0.00,2437.60,2437.60,2437.60,23995.95,2249.60,0,0,0,0.00,0,F1,65,,,,,
2026-07-27,2026-07-27,FO,NSE,IDF,58072,,NIFTY,,2026-08-25,2026-08-25,,,NIFTY26AUGFUT,23999.00,24120.00,23965.20,24101.80,24118.00,23874.60,23995.95,24101.80,10197135,2011230,52480,82013105453.50,34897,F1,65,,,,,
2026-07-27,2026-07-27,FO,NSE,IDO,63865,,NIFTY,,2026-07-28,2026-07-28,22250.00,CE,NIFTY26JUL22250CE,1733.55,1733.55,1733.55,1733.55,1733.55,1620.60,23995.95,1749.65,260,0,1,1558930.75,1,F1,65,,,,,
2026-07-27,2026-07-27,FO,NSE,IDO,74664,,NIFTY,,2031-06-24,2031-06-24,31500.00,PE,NIFTY31JUN31500PE,0.00,0.00,0.00,3185.85,0.00,3185.85,23995.95,2874.40,0,0,0,0.00,0,F1,65,,,,,
2026-07-27,2026-07-27,FO,NSE,IDO,55757,,NIFTY,,2030-12-31,2030-12-31,25500.00,PE,NIFTY30DEC25500PE,0.00,0.00,0.00,538.25,0.00,538.25,23995.95,1154.65,0,0,0,0.00,0,F1,65,,,,,
2026-07-27,2026-07-27,FO,NSE,IDO,60905,,NIFTY,,2030-06-25,2030-06-25,24000.00,PE,NIFTY30JUN24000PE,0.00,0.00,0.00,698.15,0.00,698.15,23995.95,871.95,0,0,0,0.00,0,F1,65,,,,,
2026-07-27,2026-07-27,FO,NSE,IDO,61779,,NIFTY,,2029-12-24,2029-12-24,26000.00,PE,NIFTY29DEC26000PE,0.00,0.00,0.00,2150.00,2150.00,2150.00,23995.95,1431.25,3665,0,0,0.00,0,F1,65,,,,,
2026-07-27,2026-07-27,FO,NSE,IDO,61747,,NIFTY,,2029-12-24,2029-12-24,23000.00,PE,NIFTY29DEC23000PE,865.00,865.00,865.00,865.00,865.00,865.00,23995.95,696.50,1560,0,1,1551225.00,1,F1,65,,,,,
2026-07-27,2026-07-27,FO,NSE,IDO,61391,,NIFTY,,2029-12-24,2029-12-24,18000.00,PE,NIFTY29DEC18000PE,0.00,0.00,0.00,96.50,0.00,96.50,23995.95,117.85,0,0,0,0.00,0,F1,65,,,,,
2026-07-27,2026-07-27,FO,NSE,IDO,55517,,NIFTY,,2028-12-26,2028-12-26,16500.00,PE,NIFTY28DEC16500PE,0.00,0.00,0.00,5.90,0.00,5.90,23995.95,36.15,0,0,0,0.00,0,F1,65,,,,,
2026-07-27,2026-07-27,FO,NSE,IDO,35353,,NIFTY,,2028-06-27,2028-06-27,30000.00,PE,NIFTY28JUN30000PE,0.00,0.00,0.00,3779.25,0.00,3779.25,23995.95,3747.40,0,0,0,0.00,0,F1,65,,,,,
2026-07-27,2026-07-27,FO,NSE,IDO,55471,,NIFTY,,2028-06-27,2028-06-27,19500.00,PE,NIFTY28JUN19500PE,0.00,0.00,0.00,40.05,0.00,40.05,23995.95,160.20,0,0,0,0.00,0,F1,65,,,,,
2026-07-27,2026-07-27,FO,NSE,IDO,55431,,NIFTY,,2027-12-28,2027-12-28,31500.00,PE,NIFTY27DEC31500PE,0.00,0.00,0.00,3240.00,0.00,3240.00,23995.95,5216.90,0,0,0,0.00,0,F1,65,,,,,
2026-07-27,2026-07-27,FO,NSE,IDO,55429,,NIFTY,,2027-12-28,2027-12-28,28500.00,PE,NIFTY27DEC28500PE,0.00,0.00,0.00,2979.70,2979.70,2979.70,23995.95,3115.65,260,0,0,0.00,0,F1,65,,,,,
2026-07-27,2026-07-27,FO,NSE,IDO,71502,,NIFTY,,2026-12-29,2026-12-29,24000.00,PE,NIFTY26DEC24000PE,549.95,549.95,500.00,511.30,503.95,599.95,23995.95,511.30,2039590,117880,7692,12261727848.50,4420,F1,65,,,,,
2026-07-27,2026-07-27,FO,NSE,IDO,58637,,NIFTY,,2026-12-29,2026-12-29,16000.00,PE,NIFTY26DEC16000PE,21.40,21.40,19.00,19.15,19.60,21.40,23995.95,19.15,124860,-3380,144,149940696.75,25,F1,65,,,,,
2026-07-27,2026-07-27,FO,NSE,IDO,58635,,NIFTY,,2026-12-29,2026-12-29,15000.00,PE,NIFTY26DEC15000PE,17.30,17.30,15.00,15.15,15.45,16.65,23995.95,15.15,116335,-455,51,49776402.00,30,F1,65,,,,,
2026-07-27,2026-07-27,FO,NSE,IDO,74427,,NIFTY,,2026-09-29,2026-09-29,25900.00,PE,NIFTY26SEP25900PE,0.00,0.00,0.00,1898.75,0.00,1898.75,23995.95,1774.80,0,0,0,0.00,0,F1,65,,,,,
2026-07-27,2026-07-27,FO,NSE,IDO,74385,,NIFTY,,2026-09-29,2026-09-29,25250.00,PE,NIFTY26SEP25250PE,1100.00,1100.00,1100.00,1100.00,1100.00,1425.00,23995.95,1100.00,390,-65,1,1712750.00,1,F1,65,,,,,
2026-07-27,2026-07-27,FO,NSE,IDO,74362,,NIFTY,,2026-09-29,2026-09-29,24900.00,PE,NIFTY26SEP24900PE,836.00,836.00,834.00,835.80,836.00,1008.70,23995.95,835.80,6110,-325,10,16728270.00,4,F1,65,,,,,
2026-07-27,2026-07-27,FO,NSE,IDO,74067,,NIFTY,,2026-09-29,2026-09-29,24150.00,PE,NIFTY26SEP24150PE,486.40,500.90,433.65,433.65,433.65,583.45,23995.95,433.65,6760,715,51,81654254.50,34,F1,65,,,,,
2026-07-27,2026-07-27,FO,NSE,IDO,74063,,NIFTY,,2026-09-29,2026-09-29,24050.00,PE,NIFTY26SEP24050PE,447.00,450.00,390.00,398.75,390.00,545.85,23995.95,398.75,13000,-260,59,93854735.00,39,F1,65,,,,,
2026-07-27,2026-07-27,FO,NSE,IDO,73982,,NIFTY,,2026-09-29,2026-09-29,23450.00,PE,NIFTY26SEP23450PE,250.10,257.00,207.00,208.95,207.00,314.55,23995.95,208.95,12935,-1495,128,196940542.50,106,F1,65,,,,,
2026-07-27,2026-07-27,FO,NSE,IDO,73911,,NIFTY,,2026-09-29,2026-09-29,23200.00,PE,NIFTY26SEP23200PE,196.50,200.35,154.25,156.50,155.00,240.15,23995.95,156.50,184210,51090,2197,3338011322.75,1233,F1,65,,,,,
2026-07-27,2026-07-27,FO,NSE,IDO,73894,,NIFTY,,2026-09-29,2026-09-29,22750.00,PE,NIFTY26SEP22750PE,123.60,123.60,93.90,94.05,93.90,149.75,23995.95,94.05,14820,195,63,93597546.25,37,F1,65,,,,,
2026-07-27,2026-07-27,FO,NSE,IDO,73880,,NIFTY,,2026-09-29,2026-09-29,22350.00,PE,NIFTY26SEP22350PE,78.25,78.50,59.80,61.15,59.80,97.30,23995.95,61.15,9165,2470,133,193855967.50,85,F1,65,,,,,
2026-07-27,2026-07-27,FO,NSE,IDO,73870,,NIFTY,,2026-09-29,2026-09-29,22100.00,PE,NIFTY26SEP22100PE,62.45,62.45,46.70,47.05,47.00,76.25,23995.95,47.05,394160,-10920,481,692589586.00,255,F1,65,,,,,
2026-07-27,2026-07-27,FO,NSE,IDO,73868,,NIFTY,,2026-09-29,2026-09-29,22050.00,PE,NIFTY26SEP22050PE,54.60,54.60,47.85,47.85,47.85,74.60,23995.95,63.85,3640,-65,9,12929013.50,6,F1,65,,,,,
2026-07-27,2026-07-27,FO,NSE,IDO,73832,,NIFTY,,2026-09-29,2026-09-29,21650.00,PE,NIFTY26SEP21650PE,36.50,36.60,31.00,31.55,32.75,54.10,23995.95,31.55,9880,455,85,119808195.00,69,F1,65,,,,,
2026-07-27,2026-07-27,FO,NSE,IDO,55281,,NIFTY,,2026-09-29,2026-09-29,16500.00,PE,NIFTY26SEP16500PE,6.15,6.15,3.95,4.45,4.05,6.25,23995.95,4.45,157170,-3445,573,614712533.50,66,F1,65,,,,,
2026-07-27,2026-07-27,FO,NSE,IDO,47044,,NIFTY,,2026-09-01,2026-09-01,25450.00,PE,NIFTY2690125450PE,0.00,0.00,0.00,1266.10,0.00,1266.10,23995.95,1399.15,0,0,0,0.00,0,F1,65,,,,,
2026-07-27,2026-07-27,FO,NSE,IDO,47008,,NIFTY,,2026-09-01,2026-09-01,24550.00,PE,NIFTY2690124550PE,0.00,0.00,0.00,655.90,0.00,655.90,23995.95,730.85,0,0,0,0.00,0,F1,65,,,,,
2026-07-27,2026-07-27,FO,NSE,IDO,46980,,NIFTY,,2026-09-01,2026-09-01,23850.00,PE,NIFTY2690123850PE,298.00,299.25,233.80,236.75,235.60,331.75,23995.95,236.75,455,455,20,31354287.25,11,F1,65,,,,,
2026-07-27,2026-07-27,FO,NSE,IDO,46932,,NIFTY,,2026-09-01,2026-09-01,22650.00,PE,NIFTY2690122650PE,63.55,63.55,63.55,63.55,63.55,65.30,23995.95,66.75,65,65,1,1476380.75,1,F1,65,,,,,
2026-07-27,2026-07-27,FO,NSE,IDO,46914,,NIFTY,,2026-09-01,2026-09-01,22200.00,PE,NIFTY2690122200PE,0.00,0.00,0.00,29.60,0.00,29.60,23995.95,28.60,0,0,0,0.00,0,F1,65,,,,,
2026-07-27,2026-07-27,FO,NSE,IDO,62054,,NIFTY,,2026-08-25,2026-08-25,26150.00,PE,NIFTY26AUG26150PE,0.00,0.00,0.00,2082.50,0.00,2082.50,23995.95,2049.55,0,0,0,0.00,0,F1,65,,,,,
2026-07-27,2026-07-27,FO,NSE,IDO,62003,,NIFTY,,2026-08-25,2026-08-25,25850.00,PE,NIFTY26AUG25850PE,1810.00,1845.00,1810.00,1835.00,1835.00,1950.00,23995.95,1767.05,585,260,8,14391975.00,8,F1,65,,,,,
2026-07-27,2026-07-27,FO,NSE,IDO,61995,,NIFTY,,2026-08-25,2026-08-25,25750.00,PE,NIFTY26AUG25750PE,0.00,0.00,0.00,1908.00,1908.00,1908.00,23995.95,1674.85,65,0,0,0.00,0,F1,65,,,,,
2026-07-27,2026-07-27,FO,NSE,IDO,61974,,NIFTY,,2026-08-25,2026-08-25,25450.00,PE,NIFTY26AUG25450PE,0.00,0.00,0.00,1135.00,1135.00,1135.00,23995.95,1406.05,260,0,0,0.00,0,F1,65,,,,,
2026-07-27,2026-07-27,FO,NSE,IDO,61856,,NIFTY,,2026-08-25,2026-08-25,24850.00,PE,NIFTY26AUG24850PE,865.00,865.00,864.00,864.00,864.00,1013.00,23995.95,918.05,1170,0,2,3342885.00,2,F1,65,,,,,
2026-07-27,2026-07-27,FO,NSE,IDO,61846,,NIFTY,,2026-08-25,2026-08-25,24800.00,PE,NIFTY26AUG24800PE,847.75,875.00,747.55,764.35,756.60,984.90,23995.95,764.35,219765,14105,1103,1837381695.50,850,F1,65,,,,,
2026-07-27,2026-07-27,FO,NSE,IDO,61796,,NIFTY,,2026-08-25,2026-08-25,24700.00,PE,NIFTY26AUG24700PE,780.00,805.65,671.05,683.70,672.60,899.70,23995.95,683.70,180050,13325,716,1184112423.00,523,F1,65,,,,,
2026-07-27,2026-07-27,FO,NSE,IDO,61684,,NIFTY,,2026-08-25,2026-08-25,24250.00,PE,NIFTY26AUG24250PE,473.90,495.00,386.25,395.35,387.00,572.85,23995.95,395.35,35945,-1105,552,886382012.75,368,F1,65,,,,,
2026-07-27,2026-07-27,FO,NSE,IDO,61550,,NIFTY,,2026-08-25,2026-08-25,23850.00,PE,NIFTY26AUG23850PE,281.90,308.20,212.50,219.20,214.60,361.65,23995.95,219.20,56615,10075,1772,2777054543.25,1152,F1,65,,,,,
2026-07-27,2026-07-27,FO,NSE,IDO,61531,,NIFTY,,2026-08-25,2026-08-25,23700.00,PE,NIFTY26AUG23700PE,170.05,269.55,165.70,171.95,166.45,303.85,23995.95,171.95,964340,314145,21276,33048553180.50,13054,F1,65,,,,,
2026-07-27,2026-07-27,FO,NSE,IDO,61425,,NIFTY,,2026-08-25,2026-08-25,22900.00,PE,NIFTY26AUG22900PE,84.55,84.55,43.10,44.50,43.85,97.85,23995.95,44.50,263575,-17160,6230,9295586131.00,4127,F1,65,,,,,
2026-07-27,2026-07-27,FO,NSE,IDO,61347,,NIFTY,,2026-08-25,2026-08-25,21900.00,PE,NIFTY26AUG21900PE,17.85,17.85,11.15,13.40,12.40,26.90,23995.95,13.40,23985,-5330,521,742132816.75,317,F1,65,,,,,
2026-07-27,2026-07-27,FO,NSE,IDO,61341,,NIFTY,,2026-08-25,2026-08-25,21750.00,PE,NIFTY26AUG21750PE,15.00,15.00,10.50,12.10,11.85,22.30,23995.95,12.10,2730,-780,105,148530729.75,48,F1,65,,,,,
2026-07-27,2026-07-27,FO,NSE,IDO,61339,,NIFTY,,2026-08-25,2026-08-25,21700.00,PE,NIFTY26AUG21700PE,23.15,23.15,10.65,11.40,12.50,22.05,23995.95,11.40,37310,-4810,471,664728541.75,286,F1,65,,,,,
2026-07-27,2026-07-27,FO,NSE,IDO,61335,,NIFTY,,2026-08-25,2026-08-25,21600.00,PE,NIFTY26AUG21600PE,19.55,19.55,9.80,10.35,10.30,19.55,23995.95,10.35,37960,-2210,270,379277258.75,211,F1,65,,,,,
2026-07-27,2026-07-27,FO,NSE,IDO,45145,,NIFTY,,2026-08-18,2026-08-18,24900.00,PE,NIFTY2681824900PE,0.00,0.00,0.00,940.30,0.00,940.30,23995.95,932.85,0,0,0,0.00,0,F1,65,,,,,
2026-07-27,2026-07-27,FO,NSE,IDO,45121,,NIFTY,,2026-08-18,2026-08-18,24650.00,PE,NIFTY2681824650PE,0.00,0.00,0.00,575.85,575.85,575.85,23995.95,743.45,65,0,0,0.00,0,F1,65,,,,,
2026-07-27,2026-07-27,FO,NSE,IDO,45077,,NIFTY,,2026-08-18,2026-08-18,23750.00,PE,NIFTY2681823750PE,222.10,222.10,145.65,149.70,145.65,284.60,23995.95,149.70,6110,-1755,125,194361544.00,82,F1,65,,,,,
2026-07-27,2026-07-27,FO,NSE,IDO,41054,,NIFTY,,2026-08-11,2026-08-11,25400.00,PE,NIFTY2681125400PE,1419.80,1419.80,1334.70,1346.15,1334.70,1054.95,23995.95,1346.15,260,260,7,12176190.00,6,F1,65,,,,,
2026-07-27,2026-07-27,FO,NSE,IDO,41002,,NIFTY,,2026-08-11,2026-08-11,24250.00,PE,NIFTY2681124250PE,408.45,426.35,327.80,334.50,327.80,521.85,23995.95,334.50,6565,-260,99,158474195.75,94,F1,65,,,,,
2026-07-27,2026-07-27,FO,NSE,IDO,41000,,NIFTY,,2026-08-11,2026-08-11,24200.00,PE,NIFTY2681124200PE,369.70,395.80,284.65,300.00,284.65,495.50,23995.95,300.00,124735,8970,1315,2097222929.75,1022,F1,65,,,,,
2026-07-27,2026-07-27,FO,NSE,IDO,40994,,NIFTY,,2026-08-11,2026-08-11,24050.00,PE,NIFTY2681124050PE,295.45,307.35,213.05,219.95,213.05,393.85,23995.95,219.95,28535,18785,953,1505840719.50,764,F1,65,,,,,
2026-07-27,2026-07-27,FO,NSE,IDO,40982,,NIFTY,,2026-08-11,2026-08-11,23750.00,PE,NIFTY2681123750PE,235.00,235.00,107.15,112.40,107.15,238.25,23995.95,112.40,31655,8515,1182,1835994634.50,942,F1,65,,,,,
2026-07-27,2026-07-27,FO,NSE,IDO,40966,,NIFTY,,2026-08-11,2026-08-11,23400.00,PE,NIFTY2681123400PE,77.60,88.85,45.80,48.10,47.10,126.05,23995.95,48.10,232960,144820,8779,13388850143.50,6334,F1,65,,,,,
2026-07-27,2026-07-27,FO,NSE,IDO,65999,,NIFTY,,2026-08-04,2026-08-04,25650.00,PE,NIFTY2680425650PE,1715.00,1715.00,1715.00,1715.00,1715.00,1647.20,23995.95,1620.85,520,455,8,14229800.00,8,F1,65,,,,,
2026-07-27,2026-07-27,FO,NSE,IDO,65915,,NIFTY,,2026-08-04,2026-08-04,24950.00,PE,NIFTY2680424950PE,876.00,876.00,876.00,876.00,876.00,1153.90,23995.95,876.00,325,130,2,3357380.00,1,F1,65,,,,,
2026-07-27,2026-07-27,FO,NSE,IDO,65911,,NIFTY,,2026-08-04,2026-08-04,24850.00,PE,NIFTY2680424850PE,900.60,900.60,791.65,807.10,791.65,1028.00,23995.95,807.10,260,-195,12,20021079.00,8,F1,65,,,,,
2026-07-27,2026-07-27,FO,NSE,IDO,65884,,NIFTY,,2026-08-04,2026-08-04,24700.00,PE,NIFTY2680424700PE,745.00,769.80,645.55,655.95,647.00,882.95,23995.95,655.95,16380,4810,149,246121580.25,105,F1,65,,,,,
2026-07-27,2026-07-27,FO,NSE,IDO,65880,,NIFTY,,2026-08-04,2026-08-04,24650.00,PE,NIFTY2680424650PE,720.00,724.00,600.00,607.25,604.00,839.00,23995.95,607.25,1625,520,22,36222277.00,18,F1,65,,,,,
2026-07-27,2026-07-27,FO,NSE,IDO,65698,,NIFTY,,2026-08-04,2026-08-04,24100.00,PE,NIFTY2680424100PE,235.20,287.50,178.00,188.70,178.00,373.20,23995.95,188.70,773435,429325,40336,63789195918.50,26330,F1,65,,,,,
2026-07-27,2026-07-27,FO,NSE,IDO,65589,,NIFTY,,2026-08-04,2026-08-04,23450.00,PE,NIFTY2680423450PE,50.00,52.65,20.25,22.10,20.25,88.55,23995.95,22.10,350935,195130,31541,48140667139.50,19625,F1,65,,,,,
2026-07-27,2026-07-27,FO,NSE,IDO,65530,,NIFTY,,2026-08-04,2026-08-04,23300.00,PE,NIFTY2680423300PE,40.00,40.00,14.00,14.70,14.30,60.75,23995.95,14.70,1384240,856570,107270,162603739564.50,59593,F1,65,,,,,
2026-07-27,2026-07-27,FO,NSE,IDO,65371,,NIFTY,,2026-08-04,2026-08-04,22000.00,PE,NIFTY2680422000PE,4.50,4.50,2.70,3.20,3.55,5.30,23995.95,3.20,1461980,480610,30295,43327915777.25,6755,F1,65,,,,,
2026-07-27,2026-07-27,FO,NSE,IDO,65165,,NIFTY,,2026-08-04,2026-08-04,21700.00,PE,NIFTY2680421700PE,2.80,3.10,2.30,2.95,3.05,4.00,23995.95,2.95,80275,30290,2110,2976528756.50,848,F1,65,,,,,
2026-07-27,2026-07-27,FO,NSE,IDO,64042,,NIFTY,,2026-07-28,2026-07-28,26200.00,PE,NIFTY26JUL26200PE,2265.00,2284.75,2160.00,2173.60,2160.00,2380.00,23995.95,2173.60,29380,-9555,207,382494950.50,154,F1,65,,,,,
2026-07-27,2026-07-27,FO,NSE,IDO,64009,,NIFTY,,2026-07-28,2026-07-28,25650.00,PE,NIFTY26JUL25650PE,1715.00,1715.00,1715.00,1715.00,1715.00,1485.00,23995.95,1649.80,390,-130,8,14229800.00,1,F1,65,,,,,
2026-07-27,2026-07-27,FO,NSE,IDO,63972,,NIFTY,,2026-07-28,2026-07-28,24800.00,PE,NIFTY26JUL24800PE,853.00,894.30,760.90,770.60,761.40,988.00,23995.95,770.60,127270,-48490,1880,3132145932.50,1353,F1,65,,,,,
2026-07-27,2026-07-27,FO,NSE,IDO,63958,,NIFTY,,2026-07-28,2026-07-28,24450.00,PE,NIFTY26JUL24450PE,515.50,549.60,408.05,422.20,409.95,638.60,23995.95,422.20,57265,-22620,2628,4258425726.75,1919,F1,65,,,,,
2026-07-27,2026-07-27,FO,NSE,IDO,63916,,NIFTY,,2026-07-28,2026-07-28,23500.00,PE,NIFTY26JUL23500PE,11.00,11.00,2.90,3.40,3.85,28.25,23995.95,3.40,10225800,-125125,1642930,2510058240040.00,311354,F1,65,,,,,
2026-07-27,2026-07-27,FO,NSE,IDO,63884,,NIFTY,,2026-07-28,2026-07-28,22700.00,PE,NIFTY26JUL22700PE,2.40,2.40,1.00,1.25,1.50,2.75,23995.95,1.25,1748825,-1359475,378220,558094463741.75,72947,F1,65,,,,,
2026-07-27,2026-07-27,FO,NSE,IDO,63854,,NIFTY,,2026-07-28,2026-07-28,21950.00,PE,NIFTY26JUL21950PE,0.90,1.35,0.65,0.95,0.85,1.05,23995.95,0.95,81380,34450,11229,16021589691.25,2628,F1,65,,,,,
2026-07-27,2026-07-27,FO,NSE,IDO,63850,,NIFTY,,2026-07-28,2026-07-28,21850.00,PE,NIFTY26JUL21850PE,0.90,1.15,0.60,0.80,0.75,1.00,23995.95,0.80,72540,35490,3762,5343171392.00,1169,F1,65,,,,,
2026-07-27,2026-07-27,FO,NSE,IDO,63837,,NIFTY,,2026-07-28,2026-07-28,21550.00,PE,NIFTY26JUL21550PE,0.95,1.40,0.40,0.60,0.60,0.80,23995.95,0.60,55965,13910,3126,4378880931.75,875,F1,65,,,,,
2026-07-27,2026-07-27,FO,NSE,IDO,74638,,NIFTY,,2031-06-24,2031-06-24,16500.00,CE,NIFTY31JUN16500CE,0.00,0.00,0.00,11849.25,0.00,11849.25,23995.95,12144.10,0,0,0,0.00,0,F1,65,,,,,
2026-07-27,2026-07-27,FO,NSE,IDO,55754,,NIFTY,,2030-12-31,2030-12-31,24000.00,CE,NIFTY30DEC24000CE,0.00,0.00,0.00,8563.30,0.00,8563.30,23995.95,6926.10,0,0,0,0.00,0,F1,65,,,,,
2026-07-27,2026-07-27,FO,NSE,IDO,55646,,NIFTY,,2030-06-25,2030-06-25,25500.00,CE,NIFTY30JUN25500CE,0.00,0.00,0.00,7070.45,0.00,7070.45,23995.95,5531.35,0,0,0,0.00,0,F1,65,,,,,
2026-07-27,2026-07-27,FO,NSE,IDO,55600,,NIFTY,,2029-12-24,2029-12-24,19500.00,CE,NIFTY29DEC19500CE,0.00,0.00,0.00,10678.80,0.00,10678.80,23995.95,8656.70,0,0,0,0.00,0,F1,65,,,,,
2026-07-27,2026-07-27,FO,NSE,IDO,55558,,NIFTY,,2029-06-26,2029-06-26,19500.00,CE,NIFTY29JUN19500CE,0.00,0.00,0.00,10206.95,0.00,10206.95,23995.95,8125.25,0,0,0,0.00,0,F1,65,,,,,
2026-07-27,2026-07-27,FO,NSE,IDO,55468,,NIFTY,,2028-06-27,2028-06-27,16500.00,CE,NIFTY28JUN16500CE,0.00,0.00,0.00,11752.80,0.00,11752.80,23995.95,9487.40,0,0,0,0.00,0,F1,65,,,,,
2026-07-27,2026-07-27,FO,NSE,IDO,55430,,NIFTY,,2027-12-28,2027-12-28,31500.00,CE,NIFTY27DEC31500CE,210.00,235.00,210.00,218.00,218.00,230.00,23995.95,218.00,2600,195,6,12371970.00,4,F1,65,,,,,
2026-07-27,2026-07-27,FO,NSE,IDO,35346,,NIFTY,,2027-12-28,2027-12-28,30000.00,CE,NIFTY27DEC30000CE,351.05,374.00,350.00,369.00,364.00,340.00,23995.95,369.00,110695,2145,51,100654011.25,33,F1,65,,,,,
2026-07-27,2026-07-27,FO,NSE,IDO,53628,,NIFTY,,2027-12-28,2027-12-28,26000.00,CE,NIFTY27DEC26000CE,1611.05,1634.55,1600.00,1619.75,1625.00,1580.15,23995.95,1619.75,71215,780,66,118483547.00,56,F1,65,,,,,
2026-07-27,2026-07-27,FO,NSE,IDO,53626,,NIFTY,,2027-12-28,2027-12-28,25000.00,CE,NIFTY27DEC25000CE,2199.95,2199.95,2117.55,2140.55,2143.90,2079.85,23995.95,2140.55,31015,-390,16,28234134.50,16,F1,65,,,,,
2026-07-27,2026-07-27,FO,NSE,IDO,55378,,NIFTY,,2027-06-29,2027-06-29,28500.00,CE,NIFTY27JUN28500CE,0.00,0.00,0.00,1711.90,0.00,1711.90,23995.95,598.65,0,0,0,0.00,0,F1,65,,,,,
2026-07-27,2026-07-27,FO,NSE,IDO,50547,,NIFTY,,2026-12-29,2026-12-29,28000.00,CE,NIFTY26DEC28000CE,46.90,46.90,42.50,43.40,43.15,42.75,23995.95,43.40,1490020,-6500,1110,2023335483.00,607,F1,65,,,,,
2026-07-27,2026-07-27,FO,NSE,IDO,74420,,NIFTY,,2026-09-29,2026-09-29,25800.00,CE,NIFTY26SEP25800CE,49.25,51.45,46.00,50.50,51.45,46.75,23995.95,50.50,77090,9750,708,1189564411.75,492,F1,65,,,,,
2026-07-27,2026-07-27,FO,NSE,IDO,74241,,NIFTY,,2026-09-29,2026-09-29,24500.00,CE,NIFTY26SEP24500CE,344.50,362.00,300.00,355.55,362.00,301.15,23995.95,355.55,929500,-94705,5954,9611843549.75,3539,F1,65,,,,,
2026-07-27,2026-07-27,FO,NSE,IDO,74066,,NIFTY,,2026-09-29,2026-09-29,24150.00,CE,NIFTY26SEP24150CE,491.95,536.35,483.95,527.70,536.35,423.65,23995.95,527.70,4615,-845,56,89731603.00,48,F1,65,,,,,
2026-07-27,2026-07-27,FO,NSE,IDO,74010,,NIFTY,,2026-09-29,2026-09-29,23750.00,CE,NIFTY26SEP23750CE,726.50,770.00,724.40,770.00,770.00,679.75,23995.95,958.30,1430,325,12,19102317.00,8,F1,65,,,,,
2026-07-27,2026-07-27,FO,NSE,IDO,73893,,NIFTY,,2026-09-29,2026-09-29,22750.00,CE,NIFTY26SEP22750CE,0.00,0.00,0.00,1386.55,1386.55,1386.55,23995.95,1666.15,260,0,0,0.00,0,F1,65,,,,,
2026-07-27,2026-07-27,FO,NSE,IDO,73833,,NIFTY,,2026-09-29,2026-09-29,21700.00,CE,NIFTY26SEP21700CE,0.00,0.00,0.00,2586.45,0.00,2586.45,23995.95,2583.90,0,0,0,0.00,0,F1,65,,,,,
2026-07-27,2026-07-27,FO,NSE,IDO,47051,,NIFTY,,2026-09-01,2026-09-01,25650.00,CE,NIFTY2690125650CE,0.00,0.00,0.00,142.40,0.00,142.40,23995.95,83.10,0,0,0,0.00,0,F1,65,,,,,
2026-07-27,2026-07-27,FO,NSE,IDO,47023,,NIFTY,,2026-09-01,2026-09-01,24950.00,CE,NIFTY2690124950CE,0.00,0.00,0.00,313.70,0.00,313.70,23995.95,211.85,0,0,0,0.00,0,F1,65,,,,,
2026-07-27,2026-07-27,FO,NSE,IDO,47021,,NIFTY,,2026-09-01,2026-09-01,24900.00,CE,NIFTY2690124900CE,0.00,0.00,0.00,330.25,0.00,330.25,23995.95,225.15,0,0,0,0.00,0,F1,65,,,,,
2026-07-27,2026-07-27,FO,NSE,IDO,46983,,NIFTY,,2026-09-01,2026-09-01,23950.00,CE,NIFTY2690123950CE,430.00,442.00,430.00,442.00,442.00,774.00,23995.95,610.50,0,0,2,3170180.00,2,F1,65,,,,,
2026-07-27,2026-07-27,FO,NSE,IDO,46961,,NIFTY,,2026-09-01,2026-09-01,23400.00,CE,NIFTY2690123400CE,0.00,0.00,0.00,1145.00,0.00,1145.00,23995.95,958.40,0,0,0,0.00,0,F1,65,,,,,
2026-07-27,2026-07-27,FO,NSE,IDO,46957,,NIFTY,,2026-09-01,2026-09-01,23300.00,CE,NIFTY2690123300CE,0.00,0.00,0.00,1220.55,0.00,1220.55,23995.95,1032.10,0,0,0,0.00,0,F1,65,,,,,
2026-07-27,2026-07-27,FO,NSE,IDO,46949,,NIFTY,,2026-09-01,2026-09-01,23100.00,CE,NIFTY2690123100CE,0.00,0.00,0.00,1378.25,0.00,1378.25,23995.95,1184.00,0,0,0,0.00,0,F1,65,,,,,
2026-07-27,2026-07-27,FO,NSE,IDO,46941,,NIFTY,,2026-09-01,2026-09-01,22900.00,CE,NIFTY2690122900CE,0.00,0.00,0.00,1543.90,0.00,1543.90,23995.95,1346.10,0,0,0,0.00,0,F1,65,,,,,
2026-07-27,2026-07-27,FO,NSE,IDO,46931,,NIFTY,,2026-09-01,2026-09-01,22650.00,CE,NIFTY2690122650CE,0.00,0.00,0.00,1760.65,0.00,1760.65,23995.95,1559.85,0,0,0,0.00,0,F1,65,,,,,
2026-07-27,2026-07-27,FO,NSE,IDO,46923,,NIFTY,,2026-09-01,2026-09-01,22450.00,CE,NIFTY2690122450CE,0.00,0.00,0.00,1940.55,0.00,1940.55,23995.95,1738.35,0,0,0,0.00,0,F1,65,,,,,
2026-07-27,2026-07-27,FO,NSE,IDO,46915,,NIFTY,,2026-09-01,2026-09-01,22250.00,CE,NIFTY2690122250CE,0.00,0.00,0.00,2125.05,0.00,2125.05,23995.95,1922.15,0,0,0,0.00,0,F1,65,,,,,
2026-07-27,2026-07-27,FO,NSE,IDO,62053,,NIFTY,,2026-08-25,2026-08-25,26150.00,CE,NIFTY26AUG26150CE,4.70,4.70,4.30,4.30,4.30,4.70,23995.95,4.30,2405,65,3,5100140.50,3,F1,65,,,,,
2026-07-27,2026-07-27,FO,NSE,IDO,61378,,NIFTY,,2026-08-25,2026-08-25,22350.00,CE,NIFTY26AUG22350CE,0.00,0.00,0.00,1794.90,1794.90,1794.90,23995.95,1778.80,130,0,0,0.00,0,F1,65,,,,,
2026-07-27,2026-07-27,FO,NSE,IDO,61334,,NIFTY,,2026-08-25,2026-08-25,21600.00,CE,NIFTY26AUG21600CE,0.00,0.00,0.00,2713.65,0.00,2713.65,23995.95,2503.45,0,0,0,0.00,0,F1,65,,,,,
2026-07-27,2026-07-27,FO,NSE,IDO,45200,,NIFTY,,2026-08-18,2026-08-18,26000.00,CE,NIFTY2681826000CE,3.75,3.90,2.20,2.40,2.20,4.35,23995.95,2.40,4680,2535,103,174091008.00,47,F1,65,,,,,
2026-07-27,2026-07-27,FO,NSE,IDO,45168,,NIFTY,,2026-08-18,2026-08-18,25450.00,CE,NIFTY2681825450CE,9.50,9.75,7.95,8.50,8.65,10.65,23995.95,8.50,3835,975,61,100944281.75,56,F1,65,,,,,
2026-07-27,2026-07-27,FO,NSE,IDO,45122,,NIFTY,,2026-08-18,2026-08-18,24700.00,CE,NIFTY2681824700CE,0.00,0.00,0.00,376.60,376.60,376.60,23995.95,165.75,65,0,0,0.00,0,F1,65,,,,,
2026-07-27,2026-07-27,FO,NSE,IDO,45100,,NIFTY,,2026-08-18,2026-08-18,24250.00,CE,NIFTY2681824250CE,196.00,205.00,175.00,202.15,205.00,159.65,23995.95,202.15,6825,-260,60,95314859.25,53,F1,65,,,,,
2026-07-27,2026-07-27,FO,NSE,IDO,45098,,NIFTY,,2026-08-18,2026-08-18,24200.00,CE,NIFTY2681824200CE,225.95,233.00,192.85,224.25,229.05,179.30,23995.95,224.25,56355,-1690,988,1567622150.25,701,F1,65,,,,,
2026-07-27,2026-07-27,FO,NSE,IDO,45047,,NIFTY,,2026-08-18,2026-08-18,23150.00,CE,NIFTY2681823150CE,0.00,0.00,0.00,721.75,721.75,721.75,23995.95,1018.10,845,0,0,0.00,0,F1,65,,,,,
2026-07-27,2026-07-27,FO,NSE,IDO,45033,,NIFTY,,2026-08-18,2026-08-18,22900.00,CE,NIFTY2681822900CE,0.00,0.00,0.00,1379.35,0.00,1379.35,23995.95,1231.50,0,0,0,0.00,0,F1,65,,,,,
2026-07-27,2026-07-27,FO,NSE,IDO,45021,,NIFTY,,2026-08-18,2026-08-18,22650.00,CE,NIFTY2681822650CE,0.00,0.00,0.00,1595.05,0.00,1595.05,23995.95,1457.65,0,0,0,0.00,0,F1,65,,,,,
2026-07-27,2026-07-27,FO,NSE,IDO,45019,,NIFTY,,2026-08-18,2026-08-18,22600.00,CE,NIFTY2681822600CE,0.00,0.00,0.00,1639.40,0.00,1639.40,23995.95,1504.10,0,0,0,0.00,0,F1,65,,,,,
2026-07-27,2026-07-27,FO,NSE,IDO,41077,,NIFTY,,2026-08-11,2026-08-11,25950.00,CE,NIFTY2681125950CE,0.00,0.00,0.00,3.45,3.45,3.45,23995.95,3.90,1755,0,0,0.00,0,F1,65,,,,,
2026-07-27,2026-07-27,FO,NSE,IDO,41053,,NIFTY,,2026-08-11,2026-08-11,25400.00,CE,NIFTY2681125400CE,5.00,5.80,3.00,3.35,3.20,5.20,23995.95,3.35,13910,11375,1009,1666145468.00,682,F1,65,,,,,
2026-07-27,2026-07-27,FO,NSE,IDO,41045,,NIFTY,,2026-08-11,2026-08-11,25200.00,CE,NIFTY2681125200CE,8.35,9.20,5.10,5.80,6.25,8.35,23995.95,5.80,74945,50245,3664,6003192416.00,1966,F1,65,,,,,
2026-07-27,2026-07-27,FO,NSE,IDO,41013,,NIFTY,,2026-08-11,2026-08-11,24550.00,CE,NIFTY2681124550CE,54.00,61.60,49.25,58.70,61.60,49.40,23995.95,58.70,65585,13975,1689,2701127568.75,1326,F1,65,,,,,
2026-07-27,2026-07-27,FO,NSE,IDO,41011,,NIFTY,,2026-08-11,2026-08-11,24500.00,CE,NIFTY2681124500CE,70.05,74.00,55.70,68.85,71.25,57.10,23995.95,68.85,335465,90545,14910,23806431922.00,10372,F1,65,,,,,
2026-07-27,2026-07-27,FO,NSE,IDO,41009,,NIFTY,,2026-08-11,2026-08-11,24450.00,CE,NIFTY2681124450CE,76.00,82.60,66.25,81.15,82.60,66.25,23995.95,81.15,31720,4810,1558,2483528251.75,1108,F1,65,,,,,
2026-07-27,2026-07-27,FO,NSE,IDO,41003,,NIFTY,,2026-08-11,2026-08-11,24300.00,CE,NIFTY2681124300CE,122.05,131.00,104.20,126.50,131.00,99.75,23995.95,126.50,235690,65130,8560,13585775401.25,4803,F1,65,,,,,
2026-07-27,2026-07-27,FO,NSE,IDO,40975,,NIFTY,,2026-08-11,2026-08-11,23650.00,CE,NIFTY2681123650CE,459.95,516.90,426.05,502.45,516.90,392.00,23995.95,502.45,9490,-2860,242,379362012.25,178,F1,65,,,,,
2026-07-27,2026-07-27,FO,NSE,IDO,40971,,NIFTY,,2026-08-11,2026-08-11,23550.00,CE,NIFTY2681123550CE,501.85,570.90,501.85,567.90,567.90,450.10,23995.95,635.85,3315,-1430,50,78282616.75,48,F1,65,,,,,
2026-07-27,2026-07-27,FO,NSE,IDO,40951,,NIFTY,,2026-08-11,2026-08-11,23050.00,CE,NIFTY2681123050CE,0.00,0.00,0.00,1552.25,0.00,1552.25,23995.95,1043.65,0,0,0,0.00,0,F1,65,,,,,
2026-07-27,2026-07-27,FO,NSE,IDO,40943,,NIFTY,,2026-08-11,2026-08-11,22850.00,CE,NIFTY2681122850CE,0.00,0.00,0.00,1730.10,0.00,1730.10,23995.95,1225.80,0,0,0,0.00,0,F1,65,,,,,
2026-07-27,2026-07-27,FO,NSE,IDO,40917,,NIFTY,,2026-08-11,2026-08-11,22250.00,CE,NIFTY2681122250CE,0.00,0.00,0.00,2292.00,0.00,2292.00,23995.95,1804.30,0,0,0,0.00,0,F1,65,,,,,
2026-07-27,2026-07-27,FO,NSE,IDO,40915,,NIFTY,,2026-08-11,2026-08-11,22200.00,CE,NIFTY2681122200CE,0.00,0.00,0.00,2340.15,0.00,2340.15,23995.95,1853.65,0,0,0,0.00,0,F1,65,,,,,
2026-07-27,2026-07-27,FO,NSE,IDO,40905,,NIFTY,,2026-08-11,2026-08-11,21950.00,CE,NIFTY2681121950CE,0.00,0.00,0.00,2582.90,0.00,2582.90,23995.95,2101.45,0,0,0,0.00,0,F1,65,,,,,
2026-07-27,2026-07-27,FO,NSE,IDO,40879,,NIFTY,,2026-08-11,2026-08-11,21600.00,CE,NIFTY2681121600CE,0.00,0.00,0.00,2926.60,2926.60,2926.60,23995.95,2449.85,65,0,0,0.00,0,F1,65,,,,,
2026-07-27,2026-07-27,FO,NSE,IDO,66062,,NIFTY,,2026-08-04,2026-08-04,26150.00,CE,NIFTY2680426150CE,1.35,1.35,0.90,0.95,0.90,1.15,23995.95,0.95,16510,8385,235,399457054.75,88,F1,65,,,,,
2026-07-27,2026-07-27,FO,NSE,IDO,66054,,NIFTY,,2026-08-04,2026-08-04,25950.00,CE,NIFTY2680425950CE,1.10,1.55,0.95,1.05,1.00,1.15,23995.95,1.05,9620,2340,198,333991589.75,165,F1,65,,,,,
2026-07-27,2026-07-27,FO,NSE,IDO,65947,,NIFTY,,2026-08-04,2026-08-04,25600.00,CE,NIFTY2680425600CE,0.90,1.85,0.90,1.20,1.10,1.45,23995.95,1.20,114725,59605,5368,8932850686.50,3393,F1,65,,,,,
2026-07-27,2026-07-27,FO,NSE,IDO,65916,,NIFTY,,2026-08-04,2026-08-04,25000.00,CE,NIFTY2680425000CE,4.40,5.00,2.75,3.65,3.55,3.65,23995.95,3.65,3518060,1504685,105505,171469499880.25,33008,F1,65,,,,,
2026-07-27,2026-07-27,FO,NSE,IDO,65879,,NIFTY,,2026-08-04,2026-08-04,24650.00,CE,NIFTY2680424650CE,13.70,14.30,9.75,12.20,12.70,12.55,23995.95,12.20,660335,520520,33077,53023066827.25,18728,F1,65,,,,,
2026-07-27,2026-07-27,FO,NSE,IDO,65686,,NIFTY,,2026-08-04,2026-08-04,23850.00,CE,NIFTY2680423850CE,250.10,293.00,222.00,283.90,290.00,195.35,23995.95,283.90,145210,-103285,21185,33188425114.00,14912,F1,65,,,,,
2026-07-27,2026-07-27,FO,NSE,IDO,65682,,NIFTY,,2026-08-04,2026-08-04,23750.00,CE,NIFTY2680423750CE,307.00,366.10,283.95,357.35,366.10,251.40,23995.95,357.35,76440,-104325,9917,15510527535.75,6194,F1,65,,,,,
2026-07-27,2026-07-27,FO,NSE,IDO,65531,,NIFTY,,2026-08-04,2026-08-04,23350.00,CE,NIFTY2680423350CE,632.10,697.60,597.85,691.70,691.70,541.60,23995.95,713.65,975,-1690,51,79564641.00,42,F1,65,,,,,
2026-07-27,2026-07-27,FO,NSE,IDO,65521,,NIFTY,,2026-08-04,2026-08-04,23100.00,CE,NIFTY2680423100CE,856.45,967.40,850.00,967.40,967.40,760.35,23995.95,967.40,2990,260,42,65535288.00,35,F1,65,,,,,
2026-07-27,2026-07-27,FO,NSE,IDO,65415,,NIFTY,,2026-08-04,2026-08-04,22150.00,CE,NIFTY2680422150CE,0.00,0.00,0.00,1883.40,0.00,1883.40,23995.95,1875.45,0,0,0,0.00,0,F1,65,,,,,
2026-07-27,2026-07-27,FO,NSE,IDO,65411,,NIFTY,,2026-08-04,2026-08-04,22050.00,CE,NIFTY2680422050CE,0.00,0.00,0.00,1974.35,0.00,1974.35,23995.95,1975.30,0,0,0,0.00,0,F1,65,,,,,
2026-07-27,2026-07-27,FO,NSE,IDO,64017,,NIFTY,,2026-07-28,2026-07-28,25850.00,CE,NIFTY26JUL25850CE,0.80,0.95,0.30,0.40,0.30,0.55,23995.95,0.40,88465,-57265,6418,10784062061.50,1393,F1,65,,,,,
2026-07-27,2026-07-27,FO,NSE,IDO,64008,,NIFTY,,2026-07-28,2026-07-28,25650.00,CE,NIFTY26JUL25650CE,0.75,0.80,0.40,0.45,0.40,0.65,23995.95,0.45,210275,-61815,48453,80785223548.25,5873,F1,65,,,,,
2026-07-27,2026-07-27,FO,NSE,IDO,63979,,NIFTY,,2026-07-28,2026-07-28,25000.00,CE,NIFTY26JUL25000CE,0.90,1.25,0.60,0.80,0.60,1.40,23995.95,0.80,11855285,-3193970,758461,1232545609249.50,100356,F1,65,,,,,
2026-07-27,2026-07-27,FO,NSE,IDO,47045,,NIFTY,,2026-09-01,2026-09-01,25500.00,CE,NIFTY2690125500CE,0.00,0.00,0.00,170.60,0.00,170.60,23995.95,103.05,0,0,0,0.00,0,F1,65,,,,,
2026-07-27,2026-07-27,FO,NSE,IDO,46967,,NIFTY,,2026-09-01,2026-09-01,23550.00,CE,NIFTY2690123550CE,0.00,0.00,0.00,1035.90,0.00,1035.90,23995.95,854.70,0,0,0,0.00,0,F1,65,,,,,
2026-07-27,2026-07-27,FO,NSE,IDO,46955,,NIFTY,,2026-09-01,2026-09-01,23250.00,CE,NIFTY2690123250CE,0.00,0.00,0.00,1259.15,0.00,1259.15,23995.95,1068.45,0,0,0,0.00,0,F1,65,,,,,
2026-07-27,2026-07-27,FO,NSE,IDO,67782,,NIFTY,,2028-12-26,2028-12-26,24000.00,CE,NIFTY28DEC24000CE,0.00,0.00,0.00,4002.05,4002.05,4002.05,23995.95,4499.20,260,0,0,0.00,0,F1,65,,,,,
2026-07-27,2026-07-27,FO,NSE,IDO,55522,,NIFTY,,2028-12-26,2028-12-26,25500.00,CE,NIFTY28DEC25500CE,0.00,0.00,0.00,3800.00,3800.00,3800.00,23995.95,3677.95,0,0,0,0.00,0,F1,65,,,,,
2026-07-27,2026-07-27,FO,NSE,IDO,67790,,NIFTY,,2028-12-26,2028-12-26,28000.00,CE,NIFTY28DEC28000CE,1999.75,1999.75,1999.75,1999.75,1999.75,2019.75,23995.95,2556.25,6250,0,1,1949983.75,1,F1,65,,,,,
2026-07-27,2026-07-27,FO,NSE,IDO,55524,,NIFTY,,2028-12-26,2028-12-26,28500.00,CE,NIFTY28DEC28500CE,0.00,0.00,0.00,3608.65,0.00,3608.65,23995.95,2367.45,0,0,0,0.00,0,F1,65,,,,,
2026-07-27,2026-07-27,FO,NSE,IDO,67794,,NIFTY,,2028-12-26,2028-12-26,30000.00,CE,NIFTY28DEC30000CE,0.00,0.00,0.00,1151.00,1151.00,1151.00,23995.95,1867.05,10450,0,0,0.00,0,F1,65,,,,,
2026-07-27,2026-07-27,FO,NSE,IDO,60904,,NIFTY,,2030-06-25,2030-06-25,24000.00,CE,NIFTY30JUN24000CE,0.00,0.00,0.00,8591.55,0.00,8591.55,23995.95,6340.20,0,0,0,0.00,0,F1,65,,,,,
2026-07-27,2026-07-27,FO,NSE,IDO,55704,,NIFTY,,2030-12-31,2030-12-31,22500.00,CE,NIFTY30DEC22500CE,0.00,0.00,0.00,9536.95,0.00,9536.95,23995.95,7787.30,0,0,0,0.00,0,F1,65,,,,,
2026-07-27,2026-07-27,FO,NSE,IDO,55758,,NIFTY,,2030-12-31,2030-12-31,27000.00,CE,NIFTY30DEC27000CE,0.00,0.00,0.00,6772.80,0.00,6772.80,23995.95,5394.40,0,0,0,0.00,0,F1,65,,,,,
2026-07-27,2026-07-27,FO,NSE,IDO,63832,,NIFTY,,2026-07-28,2026-07-28,21500.00,PE,NIFTY26JUL21500PE,0.65,1.45,0.45,0.70,0.80,0.75,23995.95,0.70,1451580,-826345,89811,125514510628.00,22616,F1,65,,,,,
2026-07-27,2026-07-27,FO,NSE,IDO,63858,,NIFTY,,2026-07-28,2026-07-28,22050.00,PE,NIFTY26JUL22050PE,0.90,1.25,0.65,0.90,1.05,1.15,23995.95,0.90,89765,5460,12188,17469101718.25,2304,F1,65,,,,,
2026-07-27,2026-07-27,FO,NSE,IDO,63872,,NIFTY,,2026-07-28,2026-07-28,22400.00,PE,NIFTY26JUL22400PE,1.25,1.50,0.75,1.05,1.10,1.70,23995.95,1.05,1194765,-410930,88839,129355304516.75,17704,F1,65,,,,,
2026-07-27,2026-07-27,FO,NSE,IDO,46947,,NIFTY,,2026-09-01,2026-09-01,23050.00,CE,NIFTY2690123050CE,0.00,0.00,0.00,1418.95,0.00,1418.95,23995.95,1223.70,0,0,0,0.00,0,F1,65,,,,,
2026-07-27,2026-07-27,FO,NSE,IDO,62038,,NIFTY,,2026-08-25,2026-08-25,26000.00,CE,NIFTY26AUG26000CE,6.45,6.45,3.60,4.05,3.85,5.80,23995.95,4.05,2512575,543205,27279,46109821108.00,17666,F1,65,,,,,
2026-07-27,2026-07-27,FO,NSE,IDO,61931,,NIFTY,,2026-08-25,2026-08-25,25250.00,CE,NIFTY26AUG25250CE,0.00,0.00,0.00,447.25,0.00,447.25,23995.95,102.15,0,0,0,0.00,0,F1,65,,,,,
2026-07-27,2026-07-27,FO,NSE,IDO,61929,,NIFTY,,2026-08-25,2026-08-25,25200.00,CE,NIFTY26AUG25200CE,33.05,33.20,24.00,27.30,27.45,27.85,23995.95,27.30,569140,6825,7535,12355506913.75,4809,F1,65,,,,,
2026-07-27,2026-07-27,FO,NSE,IDO,61793,,NIFTY,,2026-08-25,2026-08-25,24700.00,CE,NIFTY26AUG24700CE,99.00,105.80,82.40,96.80,99.95,84.30,23995.95,96.80,649935,41340,10646,17155885041.75,7099,F1,65,,,,,
2026-07-27,2026-07-27,FO,NSE,IDO,61587,,NIFTY,,2026-08-25,2026-08-25,23950.00,CE,NIFTY26AUG23950CE,345.00,421.15,345.00,412.80,418.05,336.70,23995.95,412.80,50635,15145,2024,3201875166.75,1412,F1,65,,,,,
2026-07-27,2026-07-27,FO,NSE,IDO,61389,,NIFTY,,2026-08-25,2026-08-25,22450.00,CE,NIFTY26AUG22450CE,0.00,0.00,0.00,1994.00,1994.00,1994.00,23995.95,1685.60,65,0,0,0.00,0,F1,65,,,,,
2026-07-27,2026-07-27,FO,NSE,IDO,45154,,NIFTY,,2026-08-18,2026-08-18,25150.00,CE,NIFTY2681825150CE,0.00,0.00,0.00,173.50,0.00,173.50,23995.95,76.80,0,0,0,0.00,0,F1,65,,,,,
2026-07-27,2026-07-27,FO,NSE,IDO,45150,,NIFTY,,2026-08-18,2026-08-18,25050.00,CE,NIFTY2681825050CE,0.00,0.00,0.00,197.65,0.00,197.65,23995.95,92.10,0,0,0,0.00,0,F1,65,,,,,
2026-07-27,2026-07-27,FO,NSE,IDO,45112,,NIFTY,,2026-08-18,2026-08-18,24550.00,CE,NIFTY2681824550CE,93.00,101.10,83.20,97.40,101.10,81.35,23995.95,97.40,10660,975,87,139343577.75,51,F1,65,,,,,
2026-07-27,2026-07-27,FO,NSE,IDO,45058,,NIFTY,,2026-08-18,2026-08-18,23400.00,CE,NIFTY2681823400CE,0.00,0.00,0.00,986.80,0.00,986.80,23995.95,821.40,0,0,0,0.00,0,F1,65,,,,,
2026-07-27,2026-07-27,FO,NSE,IDO,45056,,NIFTY,,2026-08-18,2026-08-18,23350.00,CE,NIFTY2681823350CE,753.20,753.20,695.75,695.75,695.75,550.00,23995.95,859.25,585,390,7,10962799.25,5,F1,65,,,,,
2026-07-27,2026-07-27,FO,NSE,IDO,63894,,NIFTY,,2026-07-28,2026-07-28,22950.00,PE,NIFTY26JUL22950PE,3.50,3.75,1.30,1.55,2.15,4.45,23995.95,1.55,1233895,-283725,334853,499551844580.75,44393,F1,65,,,,,
2026-07-27,2026-07-27,FO,NSE,IDO,63912,,NIFTY,,2026-07-28,2026-07-28,23400.00,PE,NIFTY26JUL23400PE,7.70,7.70,2.20,2.75,2.75,17.55,23995.95,2.75,6842225,-83200,1450580,2206635358479.50,238890,F1,65,,,,,
2026-07-27,2026-07-27,FO,NSE,IDO,63960,,NIFTY,,2026-07-28,2026-07-28,24500.00,PE,NIFTY26JUL24500PE,550.05,598.00,456.75,475.75,456.75,704.80,23995.95,475.75,1477320,-735995,32246,52453245867.75,18771,F1,65,,,,,
2026-07-27,2026-07-27,FO,NSE,IDO,63964,,NIFTY,,2026-07-28,2026-07-28,24600.00,PE,NIFTY26JUL24600PE,640.00,695.00,555.85,574.05,561.25,787.50,23995.95,574.05,195910,-89635,3968,6506444317.75,2470,F1,65,,,,,
2026-07-27,2026-07-27,FO,NSE,IDO,63978,,NIFTY,,2026-07-28,2026-07-28,24950.00,PE,NIFTY26JUL24950PE,1002.05,1024.50,914.15,927.20,918.35,1070.10,23995.95,927.20,12740,-130,41,69063140.25,38,F1,65,,,,,
2026-07-27,2026-07-27,FO,NSE,IDO,64030,,NIFTY,,2026-07-28,2026-07-28,26100.00,PE,NIFTY26JUL26100PE,2161.20,2178.95,2067.35,2078.35,2072.20,2301.05,23995.95,2078.35,9815,-15015,316,579420881.00,244,F1,65,,,,,
2026-07-27,2026-07-27,FO,NSE,IDO,65859,,NIFTY,,2026-08-04,2026-08-04,24450.00,PE,NIFTY2680424450PE,513.30,549.20,422.00,432.05,422.00,667.90,23995.95,432.05,7800,4550,213,345370866.75,146,F1,65,,,,,
2026-07-27,2026-07-27,FO,NSE,IDO,65939,,NIFTY,,2026-08-04,2026-08-04,25400.00,PE,NIFTY2680425400PE,1435.00,1445.00,1384.60,1384.60,1384.60,1445.00,23995.95,1373.10,520,455,11,19175468.00,11,F1,65,,,,,
2026-07-27,2026-07-27,FO,NSE,IDO,66067,,NIFTY,,2026-08-04,2026-08-04,26200.00,PE,NIFTY2680426200PE,0.00,0.00,0.00,2231.65,0.00,2231.65,23995.95,2169.35,0,0,0,0.00,0,F1,65,,,,,
2026-07-27,2026-07-27,FO,NSE,IDO,40910,,NIFTY,,2026-08-11,2026-08-11,22050.00,PE,NIFTY2681122050PE,7.15,8.05,5.65,6.85,7.20,12.30,23995.95,6.85,5850,2340,148,212187703.00,110,F1,65,,,,,
2026-07-27,2026-07-27,FO,NSE,IDO,40912,,NIFTY,,2026-08-11,2026-08-11,22100.00,PE,NIFTY2681122100PE,9.05,9.35,5.55,7.35,7.20,11.30,23995.95,7.35,11505,5005,299,429653318.25,214,F1,65,,,,,
2026-07-27,2026-07-27,FO,NSE,IDO,40922,,NIFTY,,2026-08-11,2026-08-11,22350.00,PE,NIFTY2681122350PE,11.60,11.60,7.20,8.50,9.20,17.60,23995.95,8.50,10075,2210,153,222360693.75,88,F1,65,,,,,
2026-07-27,2026-07-27,FO,NSE,IDO,40996,,NIFTY,,2026-08-11,2026-08-11,24100.00,PE,NIFTY2681124100PE,299.65,332.75,237.10,248.25,238.90,421.55,23995.95,248.25,106535,26130,2817,4464715719.75,1879,F1,65,,,,,
2026-07-27,2026-07-27,FO,NSE,IDO,41010,,NIFTY,,2026-08-11,2026-08-11,24450.00,PE,NIFTY2681124450PE,535.00,562.45,535.00,557.05,557.05,542.30,23995.95,562.15,1885,-650,21,34116267.25,19,F1,65,,,,,
2026-07-27,2026-07-27,FO,NSE,IDO,41024,,NIFTY,,2026-08-11,2026-08-11,24700.00,PE,NIFTY2681124700PE,690.00,690.00,690.00,690.00,690.00,1032.25,23995.95,746.70,1040,0,1,1650350.00,1,F1,65,,,,,
2026-07-27,2026-07-27,FO,NSE,IDO,41030,,NIFTY,,2026-08-11,2026-08-11,24850.00,PE,NIFTY2681124850PE,0.00,0.00,0.00,681.20,0.00,681.20,23995.95,868.05,0,0,0,0.00,0,F1,65,,,,,
2026-07-27,2026-07-27,FO,NSE,IDO,41058,,NIFTY,,2026-08-11,2026-08-11,25500.00,PE,NIFTY2681125500PE,1518.00,1518.00,1424.00,1424.00,1424.00,1800.00,23995.95,1424.00,2210,1105,17,29839806.75,8,F1,65,,,,,
2026-07-27,2026-07-27,FO,NSE,IDO,47033,,NIFTY,,2026-09-01,2026-09-01,25200.00,CE,NIFTY2690125200CE,0.00,0.00,0.00,240.15,0.00,240.15,23995.95,154.70,0,0,0,0.00,0,F1,65,,,,,
2026-07-27,2026-07-27,FO,NSE,IDO,44998,,NIFTY,,2026-08-18,2026-08-18,22200.00,PE,NIFTY2681822200PE,13.85,14.25,10.65,11.50,11.75,22.00,23995.95,11.50,9750,9165,238,343625766.25,128,F1,65,,,,,
2026-07-27,2026-07-27,FO,NSE,IDO,45012,,NIFTY,,2026-08-18,2026-08-18,22450.00,PE,NIFTY2681822450PE,17.70,18.90,14.75,14.95,14.75,36.45,23995.95,14.95,5915,-1625,45,65716631.50,26,F1,65,,,,,
2026-07-27,2026-07-27,FO,NSE,IDO,45016,,NIFTY,,2026-08-18,2026-08-18,22500.00,PE,NIFTY2681822500PE,24.50,24.50,15.05,15.35,15.30,37.05,23995.95,15.35,33280,8580,516,755280529.25,223,F1,65,,,,,
2026-07-27,2026-07-27,FO,NSE,IDO,45043,,NIFTY,,2026-08-18,2026-08-18,23050.00,CE,NIFTY2681823050CE,0.00,0.00,0.00,1255.65,0.00,1255.65,23995.95,1101.70,0,0,0,0.00,0,F1,65,,,,,
2026-07-27,2026-07-27,FO,NSE,IDO,45003,,NIFTY,,2026-08-18,2026-08-18,22300.00,CE,NIFTY2681822300CE,0.00,0.00,0.00,1912.95,0.00,1912.95,23995.95,1788.85,0,0,0,0.00,0,F1,65,,,,,
2026-07-27,2026-07-27,FO,NSE,IDO,41073,,NIFTY,,2026-08-11,2026-08-11,25850.00,CE,NIFTY2681125850CE,0.00,0.00,0.00,4.65,4.65,4.65,23995.95,5.35,455,0,0,0.00,0,F1,65,,,,,
2026-07-27,2026-07-27,FO,NSE,IDO,41041,,NIFTY,,2026-08-11,2026-08-11,25100.00,CE,NIFTY2681125100CE,18.50,18.50,7.70,8.30,8.30,10.00,23995.95,8.30,149175,133705,6057,9885418803.00,3762,F1,65,,,,,
2026-07-27,2026-07-27,FO,NSE,IDO,41017,,NIFTY,,2026-08-11,2026-08-11,24650.00,CE,NIFTY2681124650CE,42.00,43.20,34.40,41.35,42.90,36.65,23995.95,41.35,33800,22880,1767,2835571794.25,1341,F1,65,,,,,
2026-07-27,2026-07-27,FO,NSE,IDO,41001,,NIFTY,,2026-08-11,2026-08-11,24250.00,CE,NIFTY2681124250CE,139.05,151.25,120.30,146.35,151.05,114.95,23995.95,146.35,98800,9880,1555,2464499245.00,1341,F1,65,,,,,
2026-07-27,2026-07-27,FO,NSE,IDO,40995,,NIFTY,,2026-08-11,2026-08-11,24100.00,CE,NIFTY2681124100CE,181.05,220.00,175.00,212.45,218.00,163.15,23995.95,212.45,216645,43160,5900,9317538025.25,4247,F1,65,,,,,
2026-07-27,2026-07-27,FO,NSE,IDO,40969,,NIFTY,,2026-08-11,2026-08-11,23500.00,CE,NIFTY2681123500CE,559.20,633.70,540.00,624.95,631.30,495.75,23995.95,624.95,33345,7995,826,1292887014.25,533,F1,65,,,,,
2026-07-27,2026-07-27,FO,NSE,IDO,40926,,NIFTY,,2026-08-11,2026-08-11,22450.00,CE,NIFTY2681122450CE,0.00,0.00,0.00,2101.00,0.00,2101.00,23995.95,1608.05,0,0,0,0.00,0,F1,65,,,,,
2026-07-27,2026-07-27,FO,NSE,IDO,40911,,NIFTY,,2026-08-11,2026-08-11,22100.00,CE,NIFTY2681122100CE,0.00,0.00,0.00,2436.90,0.00,2436.90,23995.95,1952.60,0,0,0,0.00,0,F1,65,,,,,
2026-07-27,2026-07-27,FO,NSE,IDO,40891,,NIFTY,,2026-08-11,2026-08-11,21750.00,CE,NIFTY2681121750CE,0.00,0.00,0.00,2778.90,0.00,2778.90,23995.95,2300.40,0,0,0,0.00,0,F1,65,,,,,
2026-07-27,2026-07-27,FO,NSE,IDO,65998,,NIFTY,,2026-08-04,2026-08-04,25650.00,CE,NIFTY2680425650CE,1.20,1.85,1.00,1.05,1.05,1.40,23995.95,1.05,107120,99515,4456,7429625550.75,3241,F1,65,,,,,
2026-07-27,2026-07-27,FO,NSE,IDO,65695,,NIFTY,,2026-08-04,2026-08-04,24050.00,CE,NIFTY2680424050CE,130.00,168.00,122.35,162.20,166.70,113.60,23995.95,162.20,512070,181675,49183,77352190802.25,32167,F1,65,,,,,
2026-07-27,2026-07-27,FO,NSE,IDO,65533,,NIFTY,,2026-08-04,2026-08-04,23400.00,CE,NIFTY2680423400CE,609.90,679.30,556.10,667.55,679.30,496.25,23995.95,667.55,70135,15405,2634,4111411616.00,1608,F1,65,,,,,
2026-07-27,2026-07-27,FO,NSE,IDO,65519,,NIFTY,,2026-08-04,2026-08-04,23050.00,CE,NIFTY2680423050CE,923.15,925.50,907.85,907.85,907.85,844.80,23995.95,988.15,195,-65,3,4673922.50,3,F1,65,,,,,
2026-07-27,2026-07-27,FO,NSE,IDO,45061,,NIFTY,,2026-08-18,2026-08-18,23450.00,PE,NIFTY2681823450PE,142.50,142.50,80.65,84.85,80.65,180.90,23995.95,84.85,3705,1885,79,120935574.50,58,F1,65,,,,,
2026-07-27,2026-07-27,FO,NSE,IDO,45075,,NIFTY,,2026-08-18,2026-08-18,23700.00,PE,NIFTY2681823700PE,200.10,205.00,131.40,137.70,134.50,262.80,23995.95,137.70,26260,2210,428,663818580.75,298,F1,65,,,,,
2026-07-27,2026-07-27,FO,NSE,IDO,45147,,NIFTY,,2026-08-18,2026-08-18,24950.00,PE,NIFTY2681824950PE,0.00,0.00,0.00,976.25,0.00,976.25,23995.95,972.85,0,0,0,0.00,0,F1,65,,,,,
2026-07-27,2026-07-27,FO,NSE,IDO,45205,,NIFTY,,2026-08-18,2026-08-18,26050.00,PE,NIFTY2681826050PE,0.00,0.00,0.00,1895.70,0.00,1895.70,23995.95,1970.45,0,0,0,0.00,0,F1,65,,,,,
2026-07-27,2026-07-27,FO,NSE,IDO,61172,,NIFTY,,2026-08-25,2026-08-25,21300.00,PE,NIFTY26AUG21300PE,12.00,12.00,8.60,8.80,9.00,16.70,23995.95,8.80,51675,4290,227,314426346.00,167,F1,65,,,,,
2026-07-27,2026-07-27,FO,NSE,IDO,61176,,NIFTY,,2026-08-25,2026-08-25,21400.00,PE,NIFTY26AUG21400PE,11.95,11.95,9.00,9.45,9.00,17.45,23995.95,9.45,51935,-325,234,325643145.75,169,F1,65,,,,,
2026-07-27,2026-07-27,FO,NSE,IDO,61355,,NIFTY,,2026-08-25,2026-08-25,22050.00,PE,NIFTY26AUG22050PE,20.95,21.10,13.40,14.45,13.95,32.30,23995.95,14.45,5980,-910,119,170682271.50,77,F1,65,,,,,
2026-07-27,2026-07-27,FO,NSE,IDO,61379,,NIFTY,,2026-08-25,2026-08-25,22350.00,PE,NIFTY26AUG22350PE,33.35,33.35,19.65,20.20,20.40,43.35,23995.95,20.20,10920,-1170,206,299605351.50,148,F1,65,,,,,
2026-07-27,2026-07-27,FO,NSE,IDO,61398,,NIFTY,,2026-08-25,2026-08-25,22500.00,PE,NIFTY26AUG22500PE,39.95,50.00,23.00,24.10,24.30,54.85,23995.95,24.10,1616940,-90090,24778,36286095579.50,14793,F1,65,,,,,
2026-07-27,2026-07-27,FO,NSE,IDO,61417,,NIFTY,,2026-08-25,2026-08-25,22800.00,PE,NIFTY26AUG22800PE,73.60,73.60,36.20,37.85,36.70,84.85,23995.95,37.85,407810,-3965,10662,15833629285.50,6333,F1,65,,,,,
2026-07-27,2026-07-27,FO,NSE,IDO,61798,,NIFTY,,2026-08-25,2026-08-25,24750.00,PE,NIFTY26AUG24750PE,0.00,0.00,0.00,910.45,910.45,910.45,23995.95,845.25,1950,0,0,0.00,0,F1,65,,,,,
2026-07-27,2026-07-27,FO,NSE,IDO,61944,,NIFTY,,2026-08-25,2026-08-25,25300.00,PE,NIFTY26AUG25300PE,1300.00,1300.00,1187.45,1189.10,1189.00,1415.60,23995.95,1189.10,12935,2470,38,65564099.25,30,F1,65,,,,,
2026-07-27,2026-07-27,FO,NSE,IDO,71548,,NIFTY,,2027-06-29,2027-06-29,18000.00,PE,NIFTY27JUN18000PE,0.00,0.00,0.00,220.00,220.00,220.00,23995.95,18.00,230,0,0,0.00,0,F1,65,,,,,
2026-07-27,2026-07-27,FO,NSE,IDO,61978,,NIFTY,,2026-08-25,2026-08-25,25550.00,PE,NIFTY26AUG25550PE,1503.45,1503.45,1503.45,1503.45,1503.45,1249.75,23995.95,1494.20,195,130,2,3516948.50,2,F1,65,,,,,
2026-07-27,2026-07-27,FO,NSE,IDO,62059,,NIFTY,,2026-08-25,2026-08-25,26250.00,PE,NIFTY26AUG26250PE,0.00,0.00,0.00,1985.00,1985.00,1985.00,23995.95,2145.30,130,0,0,0.00,0,F1,65,,,,,
2026-07-27,2026-07-27,FO,NSE,IDO,46916,,NIFTY,,2026-09-01,2026-09-01,22250.00,PE,NIFTY2690122250PE,0.00,0.00,0.00,56.00,56.00,56.00,23995.95,31.60,325,0,0,0.00,0,F1,65,,,,,
2026-07-27,2026-07-27,FO,NSE,IDO,46936,,NIFTY,,2026-09-01,2026-09-01,22750.00,PE,NIFTY2690122750PE,0.00,0.00,0.00,76.75,0.00,76.75,23995.95,79.20,0,0,0,0.00,0,F1,65,,,,,
2026-07-27,2026-07-27,FO,NSE,IDO,46950,,NIFTY,,2026-09-01,2026-09-01,23100.00,PE,NIFTY2690123100PE,0.00,0.00,0.00,129.75,0.00,129.75,23995.95,137.95,0,0,0,0.00,0,F1,65,,,,,
2026-07-27,2026-07-27,FO,NSE,IDO,46962,,NIFTY,,2026-09-01,2026-09-01,23400.00,PE,NIFTY2690123400PE,148.50,151.00,135.70,135.70,135.70,194.40,23995.95,210.40,65,65,3,4591288.00,3,F1,65,,,,,
2026-07-27,2026-07-27,FO,NSE,IDO,46978,,NIFTY,,2026-09-01,2026-09-01,23800.00,PE,NIFTY2690123800PE,262.40,287.30,222.00,227.05,222.00,361.35,23995.95,227.05,1885,1625,36,56264250.25,21,F1,65,,,,,
2026-07-27,2026-07-27,FO,NSE,IDO,47016,,NIFTY,,2026-09-01,2026-09-01,24750.00,PE,NIFTY2690124750PE,0.00,0.00,0.00,773.80,0.00,773.80,23995.95,861.95,0,0,0,0.00,0,F1,65,,,,,
2026-07-27,2026-07-27,FO,NSE,IDO,47064,,NIFTY,,2026-09-01,2026-09-01,25950.00,PE,NIFTY2690125950PE,0.00,0.00,0.00,1679.00,0.00,1679.00,23995.95,1838.25,0,0,0,0.00,0,F1,65,,,,,
2026-07-27,2026-07-27,FO,NSE,IDO,73994,,NIFTY,,2026-09-29,2026-09-29,23500.00,PE,NIFTY26SEP23500PE,278.00,283.10,215.75,219.90,217.50,322.65,23995.95,219.90,706030,59670,4727,7295012855.00,2686,F1,65,,,,,
2026-07-27,2026-07-27,FO,NSE,IDO,74002,,NIFTY,,2026-09-29,2026-09-29,23550.00,PE,NIFTY26SEP23550PE,272.00,276.75,230.80,232.90,230.80,340.30,23995.95,232.90,15080,520,36,55705689.00,31,F1,65,,,,,
2026-07-27,2026-07-27,FO,NSE,IDO,65901,,NIFTY,,2026-09-29,2026-09-29,24000.00,PE,NIFTY26SEP24000PE,503.35,503.35,370.00,376.30,372.00,518.45,23995.95,376.30,1603470,-35815,7496,11891088667.25,4335,F1,65,,,,,
2026-07-27,2026-07-27,FO,NSE,IDO,74288,,NIFTY,,2026-09-29,2026-09-29,24550.00,PE,NIFTY26SEP24550PE,0.00,0.00,0.00,770.00,770.00,770.00,23995.95,821.70,11830,0,0,0.00,0,F1,65,,,,,
2026-07-27,2026-07-27,FO,NSE,IDO,74464,,NIFTY,,2026-09-29,2026-09-29,26150.00,PE,NIFTY26SEP26150PE,0.00,0.00,0.00,2098.20,0.00,2098.20,23995.95,1984.05,0,0,0,0.00,0,F1,65,,,,,
2026-07-27,2026-07-27,FO,NSE,IDO,58643,,NIFTY,,2026-12-29,2026-12-29,19000.00,PE,NIFTY26DEC19000PE,41.20,45.25,40.85,43.05,43.00,44.20,23995.95,43.05,592935,20410,1823,2256547949.50,976,F1,65,,,,,
2026-07-27,2026-07-27,FO,NSE,IDO,58649,,NIFTY,,2026-12-29,2026-12-29,22000.00,PE,NIFTY26DEC22000PE,150.00,152.50,137.55,139.10,137.60,170.10,23995.95,139.10,1486340,-38070,7682,11057656135.50,3440,F1,65,,,,,
2026-07-27,2026-07-27,FO,NSE,IDO,80248,,NIFTY,,2027-03-30,2027-03-30,18000.00,PE,NIFTY27MAR18000PE,0.00,0.00,0.00,37.30,37.30,37.30,23995.95,7.55,65,0,0,0.00,0,F1,65,,,,,
2026-07-27,2026-07-27,FO,NSE,IDO,65413,,NIFTY,,2026-08-04,2026-08-04,22100.00,CE,NIFTY2680422100CE,0.00,0.00,0.00,1928.70,0.00,1928.70,23995.95,1925.35,0,0,0,0.00,0,F1,65,,,,,
2026-07-27,2026-07-27,FO,NSE,IDO,65350,,NIFTY,,2026-08-04,2026-08-04,21950.00,CE,NIFTY2680421950CE,0.00,0.00,0.00,2066.45,0.00,2066.45,23995.95,2075.10,0,0,0,0.00,0,F1,65,,,,,
2026-07-27,2026-07-27,FO,NSE,IDO,63985,,NIFTY,,2026-07-28,2026-07-28,25150.00,CE,NIFTY26JUL25150CE,1.00,1.15,0.40,0.60,0.45,1.10,23995.95,0.60,566605,-174525,86860,141998598222.00,15701,F1,65,,,,,
2026-07-27,2026-07-27,FO,NSE,IDO,63977,,NIFTY,,2026-07-28,2026-07-28,24950.00,CE,NIFTY26JUL24950CE,1.20,1.40,0.50,0.70,0.55,1.45,23995.95,0.70,989755,-262925,125921,204220550222.00,23510,F1,65,,,,,
2026-07-27,2026-07-27,FO,NSE,IDO,63947,,NIFTY,,2026-07-28,2026-07-28,24200.00,CE,NIFTY26JUL24200CE,18.50,21.00,7.25,12.75,14.05,13.90,23995.95,12.75,14738490,1487785,3967068,6243109208059.75,857252,F1,65,,,,,
2026-07-27,2026-07-27,FO,NSE,IDO,63935,,NIFTY,,2026-07-28,2026-07-28,23900.00,CE,NIFTY26JUL23900CE,110.00,160.50,81.20,146.05,158.90,72.75,23995.95,146.05,3580005,-2317185,5989206,9347337829371.75,2879076,F1,65,,,,,
2026-07-27,2026-07-27,FO,NSE,IDO,63885,,NIFTY,,2026-07-28,2026-07-28,22750.00,CE,NIFTY26JUL22750CE,0.00,0.00,0.00,1080.25,1080.25,1080.25,23995.95,1249.75,4615,0,0,0.00,0,F1,65,,,,,
2026-07-27,2026-07-27,FO,NSE,IDO,63881,,NIFTY,,2026-07-28,2026-07-28,22650.00,CE,NIFTY26JUL22650CE,0.00,0.00,0.00,1260.95,1260.95,1260.95,23995.95,1349.75,3380,0,0,0.00,0,F1,65,,,,,
2026-07-27,2026-07-27,FO,NSE,IDO,63823,,NIFTY,,2026-07-28,2026-07-28,21350.00,CE,NIFTY26JUL21350CE,0.00,0.00,0.00,3009.55,0.00,3009.55,23995.95,2649.50,0,0,0,0.00,0,F1,65,,,,,
2026-07-27,2026-07-27,FO,NSE,IDO,63817,,NIFTY,,2026-07-28,2026-07-28,21250.00,CE,NIFTY26JUL21250CE,2765.00,2765.00,2765.00,2765.00,2765.00,2872.95,23995.95,2749.50,65,0,1,1560975.00,1,F1,65,,,,,
2026-07-27,2026-07-27,FO,NSE,IDO,74642,,NIFTY,,2031-06-24,2031-06-24,18000.00,PE,NIFTY31JUN18000PE,0.00,0.00,0.00,173.45,0.00,173.45,23995.95,136.95,0,0,0,0.00,0,F1,65,,,,,
2026-07-27,2026-07-27,FO,NSE,IDO,61773,,NIFTY,,2029-12-24,2029-12-24,25000.00,PE,NIFTY29DEC25000PE,0.00,0.00,0.00,1101.00,1101.00,1101.00,23995.95,1150.35,420,0,0,0.00,0,F1,65,,,,,
2026-07-27,2026-07-27,FO,NSE,IDO,55559,,NIFTY,,2029-06-26,2029-06-26,19500.00,PE,NIFTY29JUN19500PE,0.00,0.00,0.00,56.00,0.00,56.00,23995.95,208.80,0,0,0,0.00,0,F1,65,,,,,
2026-07-27,2026-07-27,FO,NSE,IDO,89613,,NIFTY,,2029-06-26,2029-06-26,18000.00,PE,NIFTY29JUN18000PE,0.00,0.00,0.00,118.45,0.00,118.45,23995.95,105.55,0,0,0,0.00,0,F1,65,,,,,
2026-07-27,2026-07-27,FO,NSE,IDO,55557,,NIFTY,,2029-06-26,2029-06-26,16500.00,PE,NIFTY29JUN16500PE,0.00,0.00,0.00,8.10,0.00,8.10,23995.95,46.85,0,0,0,0.00,0,F1,65,,,,,
2026-07-27,2026-07-27,FO,NSE,IDO,55527,,NIFTY,,2028-12-26,2028-12-26,31500.00,PE,NIFTY28DEC31500PE,0.00,0.00,0.00,2673.40,0.00,2673.40,23995.95,4306.55,0,0,0,0.00,0,F1,65,,,,,
2026-07-27,2026-07-27,FO,NSE,IDO,67783,,NIFTY,,2028-12-26,2028-12-26,24000.00,PE,NIFTY28DEC24000PE,882.00,882.00,882.00,882.00,882.00,1020.00,23995.95,956.60,3380,0,1,1617330.00,1,F1,65,,,,,
2026-07-27,2026-07-27,FO,NSE,IDO,86164,,NIFTY,,2028-06-27,2028-06-27,27000.00,PE,NIFTY28JUN27000PE,0.00,0.00,0.00,2752.35,0.00,2752.35,23995.95,2109.25,0,0,0,0.00,0,F1,65,,,,,
2026-07-27,2026-07-27,FO,NSE,IDO,50984,,NIFTY,,2027-06-29,2027-06-29,27000.00,PE,NIFTY27JUN27000PE,0.00,0.00,0.00,6273.45,0.00,6273.45,23995.95,2390.05,0,0,0,0.00,0,F1,65,,,,,
2026-07-27,2026-07-27,FO,NSE,IDO,67770,,NIFTY,,2028-12-26,2028-12-26,18000.00,CE,NIFTY28DEC18000CE,0.00,0.00,0.00,9380.30,0.00,9380.30,23995.95,8745.05,0,0,0,0.00,0,F1,65,,,,,
2026-07-27,2026-07-27,FO,NSE,IDO,53624,,NIFTY,,2027-12-28,2027-12-28,24000.00,CE,NIFTY27DEC24000CE,2817.95,2817.95,2767.25,2767.25,2767.25,2713.45,23995.95,3100.40,26520,65,4,6964438.00,4,F1,65,,,,,
2026-07-27,2026-07-27,FO,NSE,IDO,35262,,NIFTY,,2027-06-29,2027-06-29,30000.00,CE,NIFTY27JUN30000CE,0.00,0.00,0.00,1478.40,0.00,1478.40,23995.95,347.25,0,0,0,0.00,0,F1,65,,,,,
2026-07-27,2026-07-27,FO,NSE,IDO,71505,,NIFTY,,2026-12-29,2026-12-29,26000.00,CE,NIFTY26DEC26000CE,253.00,254.90,236.15,251.35,254.90,233.50,23995.95,251.35,2557505,62595,4102,6997703037.00,2861,F1,65,,,,,
2026-07-27,2026-07-27,FO,NSE,IDO,71503,,NIFTY,,2026-12-29,2026-12-29,25000.00,CE,NIFTY26DEC25000CE,565.00,589.50,539.95,582.10,588.00,525.40,23995.95,582.10,2222415,35190,10009,16624072276.50,4024,F1,65,,,,,
2026-07-27,2026-07-27,FO,NSE,IDO,65923,,NIFTY,,2026-09-29,2026-09-29,30000.00,CE,NIFTY26SEP30000CE,4.40,4.60,3.05,3.85,3.80,4.25,23995.95,3.85,305090,-1430,817,1593361344.25,585,F1,65,,,,,
2026-07-27,2026-07-27,FO,NSE,IDO,74438,,NIFTY,,2026-09-29,2026-09-29,26050.00,CE,NIFTY26SEP26050CE,0.00,0.00,0.00,232.80,0.00,232.80,23995.95,145.50,0,0,0,0.00,0,F1,65,,,,,
2026-07-27,2026-07-27,FO,NSE,IDO,74426,,NIFTY,,2026-09-29,2026-09-29,25900.00,CE,NIFTY26SEP25900CE,0.00,0.00,0.00,261.75,0.00,261.75,23995.95,169.20,0,0,0,0.00,0,F1,65,,,,,
2026-07-27,2026-07-27,FO,NSE,IDO,74416,,NIFTY,,2026-09-29,2026-09-29,25700.00,CE,NIFTY26SEP25700CE,0.00,0.00,0.00,305.70,0.00,305.70,23995.95,205.55,0,0,0,0.00,0,F1,65,,,,,
2026-07-27,2026-07-27,FO,NSE,IDO,74397,,NIFTY,,2026-09-29,2026-09-29,25550.00,CE,NIFTY26SEP25550CE,0.00,0.00,0.00,340.30,0.00,340.30,23995.95,236.80,0,0,0,0.00,0,F1,65,,,,,
2026-07-27,2026-07-27,FO,NSE,IDO,74395,,NIFTY,,2026-09-29,2026-09-29,25450.00,CE,NIFTY26SEP25450CE,0.00,0.00,0.00,366.00,0.00,366.00,23995.95,260.55,0,0,0,0.00,0,F1,65,,,,,
2026-07-27,2026-07-27,FO,NSE,IDO,74365,,NIFTY,,2026-09-29,2026-09-29,25000.00,CE,NIFTY26SEP25000CE,164.00,193.85,156.50,178.85,182.10,153.45,23995.95,178.85,1038310,28145,8852,14482361023.00,5342,F1,65,,,,,
2026-07-27,2026-07-27,FO,NSE,IDO,74355,,NIFTY,,2026-09-29,2026-09-29,24750.00,CE,NIFTY26SEP24750CE,238.95,260.00,229.65,253.55,260.00,217.90,23995.95,253.55,36790,910,113,183555589.75,73,F1,65,,,,,
2026-07-27,2026-07-27,FO,NSE,IDO,74351,,NIFTY,,2026-09-29,2026-09-29,24650.00,CE,NIFTY26SEP24650CE,278.25,295.15,268.00,289.10,295.15,243.50,23995.95,289.10,10075,-130,76,123145171.50,54,F1,65,,,,,
2026-07-27,2026-07-27,FO,NSE,IDO,74289,,NIFTY,,2026-09-29,2026-09-29,24600.00,CE,NIFTY26SEP24600CE,295.50,325.55,282.10,317.85,320.00,265.75,23995.95,317.85,71305,5655,460,744577772.25,356,F1,65,,,,,
2026-07-27,2026-07-27,FO,NSE,IDO,74112,,NIFTY,,2026-09-29,2026-09-29,24350.00,CE,NIFTY26SEP24350CE,388.85,432.05,387.45,427.00,432.05,372.30,23995.95,427.00,5460,-520,46,74001291.00,29,F1,65,,,,,
2026-07-27,2026-07-27,FO,NSE,IDO,73908,,NIFTY,,2026-09-29,2026-09-29,23150.00,CE,NIFTY26SEP23150CE,0.00,0.00,0.00,1302.00,1302.00,1302.00,23995.95,1359.90,585,0,0,0.00,0,F1,65,,,,,
2026-07-27,2026-07-27,FO,NSE,IDO,73891,,NIFTY,,2026-09-29,2026-09-29,22700.00,CE,NIFTY26SEP22700CE,0.00,0.00,0.00,1319.60,1319.60,1319.60,23995.95,1706.50,260,0,0,0.00,0,F1,65,,,,,
2026-07-27,2026-07-27,FO,NSE,IDO,73885,,NIFTY,,2026-09-29,2026-09-29,22550.00,CE,NIFTY26SEP22550CE,0.00,0.00,0.00,1786.75,1786.75,1786.75,23995.95,1829.95,260,0,0,0.00,0,F1,65,,,,,
2026-07-27,2026-07-27,FO,NSE,IDO,73883,,NIFTY,,2026-09-29,2026-09-29,22450.00,CE,NIFTY26SEP22450CE,0.00,0.00,0.00,1843.95,1843.95,1843.95,23995.95,1914.10,65,0,0,0.00,0,F1,65,,,,,
2026-07-27,2026-07-27,FO,NSE,IDO,73865,,NIFTY,,2026-09-29,2026-09-29,22000.00,CE,NIFTY26SEP22000CE,2113.10,2260.00,2113.05,2238.80,2260.00,2035.85,23995.95,2238.80,46215,6695,209,328536234.00,103,F1,65,,,,,
2026-07-27,2026-07-27,FO,NSE,IDO,73854,,NIFTY,,2026-09-29,2026-09-29,21850.00,CE,NIFTY26SEP21850CE,0.00,0.00,0.00,2455.30,0.00,2455.30,23995.95,2445.40,0,0,0,0.00,0,F1,65,,,,,
2026-07-27,2026-07-27,FO,NSE,IDO,47059,,NIFTY,,2026-09-01,2026-09-01,25850.00,CE,NIFTY2690125850CE,0.00,0.00,0.00,110.80,0.00,110.80,23995.95,61.65,0,0,0,0.00,0,F1,65,,,,,
2026-07-27,2026-07-27,FO,NSE,IDO,61647,,NIFTY,,2026-08-25,2026-08-25,24200.00,CE,NIFTY26AUG24200CE,272.95,284.75,241.25,276.70,281.85,229.15,23995.95,276.70,1793350,116285,16730,26603695420.25,10872,F1,65,,,,,
2026-07-27,2026-07-27,FO,NSE,IDO,61534,,NIFTY,,2026-08-25,2026-08-25,23800.00,CE,NIFTY26AUG23800CE,500.00,518.15,447.30,509.95,518.15,425.00,23995.95,509.95,810420,-128180,10996,17353890820.50,6743,F1,65,,,,,
2026-07-27,2026-07-27,FO,NSE,IDO,61532,,NIFTY,,2026-08-25,2026-08-25,23750.00,CE,NIFTY26AUG23750CE,509.95,544.55,477.05,536.50,544.55,449.25,23995.95,536.50,19630,-4160,322,507756411.50,249,F1,65,,,,,
2026-07-27,2026-07-27,FO,NSE,IDO,61376,,NIFTY,,2026-08-25,2026-08-25,22300.00,CE,NIFTY26AUG22300CE,1730.00,1750.00,1720.00,1748.00,1748.00,1755.00,23995.95,1825.85,1625,1560,25,39063072.75,16,F1,65,,,,,
2026-07-27,2026-07-27,FO,NSE,IDO,61364,,NIFTY,,2026-08-25,2026-08-25,22150.00,CE,NIFTY26AUG22150CE,0.00,0.00,0.00,2147.40,2147.40,2147.40,23995.95,1968.35,130,0,0,0.00,0,F1,65,,,,,
2026-07-27,2026-07-27,FO,NSE,IDO,61354,,NIFTY,,2026-08-25,2026-08-25,22050.00,CE,NIFTY26AUG22050CE,0.00,0.00,0.00,2323.10,0.00,2323.10,23995.95,2064.40,0,0,0,0.00,0,F1,65,,,,,
2026-07-27,2026-07-27,FO,NSE,IDO,61211,,NIFTY,,2026-08-25,2026-08-25,21500.00,CE,NIFTY26AUG21500CE,2490.00,2604.00,2460.00,2568.35,2602.55,2359.80,23995.95,2568.35,314080,274365,4847,7575824083.75,4028,F1,65,,,,,
2026-07-27,2026-07-27,FO,NSE,IDO,61175,,NIFTY,,2026-08-25,2026-08-25,21400.00,CE,NIFTY26AUG21400CE,0.00,0.00,0.00,2616.30,2616.30,2616.30,23995.95,2700.80,130,0,0,0.00,0,F1,65,,,,,
2026-07-27,2026-07-27,FO,NSE,IDO,61154,,NIFTY,,2026-08-25,2026-08-25,21250.00,CE,NIFTY26AUG21250CE,0.00,0.00,0.00,3030.30,0.00,3030.30,23995.95,2849.30,0,0,0,0.00,0,F1,65,,,,,
2026-07-27,2026-07-27,FO,NSE,IDO,45184,,NIFTY,,2026-08-18,2026-08-18,25650.00,CE,NIFTY2681825650CE,5.25,5.80,4.80,5.10,4.85,6.80,23995.95,5.10,715,390,15,25013888.25,10,F1,65,,,,,
2026-07-27,2026-07-27,FO,NSE,IDO,45156,,NIFTY,,2026-08-18,2026-08-18,25200.00,CE,NIFTY2681825200CE,0.00,0.00,0.00,162.75,0.00,162.75,23995.95,70.00,0,0,0,0.00,0,F1,65,,,,,
2026-07-27,2026-07-27,FO,NSE,IDO,45116,,NIFTY,,2026-08-18,2026-08-18,24600.00,CE,NIFTY2681824600CE,82.05,88.80,74.25,86.55,88.80,72.90,23995.95,86.55,32175,21970,750,1203282044.25,384,F1,65,,,,,
2026-07-27,2026-07-27,FO,NSE,IDO,45106,,NIFTY,,2026-08-18,2026-08-18,24400.00,CE,NIFTY2681824400CE,140.00,149.15,121.70,142.65,146.15,117.50,23995.95,142.65,34645,-1495,467,744783503.75,332,F1,65,,,,,
2026-07-27,2026-07-27,FO,NSE,IDO,45071,,NIFTY,,2026-08-18,2026-08-18,23650.00,CE,NIFTY2681823650CE,516.60,520.75,500.00,505.00,505.00,449.35,23995.95,644.95,2210,390,13,20419074.00,13,F1,65,,,,,
2026-07-27,2026-07-27,FO,NSE,IDO,45049,,NIFTY,,2026-08-18,2026-08-18,23200.00,CE,NIFTY2681823200CE,0.00,0.00,0.00,1136.90,0.00,1136.90,23995.95,977.30,0,0,0,0.00,0,F1,65,,,,,
2026-07-27,2026-07-27,FO,NSE,IDO,44991,,NIFTY,,2026-08-18,2026-08-18,22150.00,CE,NIFTY2681822150CE,0.00,0.00,0.00,2053.60,0.00,2053.60,23995.95,1934.25,0,0,0,0.00,0,F1,65,,,,,
2026-07-27,2026-07-27,FO,NSE,IDO,40989,,NIFTY,,2026-08-11,2026-08-11,23950.00,CE,NIFTY2681123950CE,270.00,302.20,246.65,293.80,301.00,225.40,23995.95,293.80,44265,8580,3316,5220843481.75,2490,F1,65,,,,,
2026-07-27,2026-07-27,FO,NSE,IDO,40930,,NIFTY,,2026-08-11,2026-08-11,22500.00,PE,NIFTY2681122500PE,14.95,14.95,8.35,8.95,9.60,22.15,23995.95,8.95,119665,45760,5426,7939054591.00,3308,F1,65,,,,,
2026-07-27,2026-07-27,FO,NSE,IDO,40908,,NIFTY,,2026-08-11,2026-08-11,22000.00,PE,NIFTY2681122000PE,8.95,8.95,5.45,7.15,7.40,11.45,23995.95,7.15,376480,303680,13303,19029562305.00,6934,F1,65,,,,,
2026-07-27,2026-07-27,FO,NSE,IDO,40906,,NIFTY,,2026-08-11,2026-08-11,21950.00,PE,NIFTY2681121950PE,7.00,8.10,5.25,7.00,6.80,10.40,23995.95,7.00,3900,1560,107,152708448.75,82,F1,65,,,,,
2026-07-27,2026-07-27,FO,NSE,IDO,40902,,NIFTY,,2026-08-11,2026-08-11,21850.00,PE,NIFTY2681121850PE,6.00,7.20,4.90,6.40,6.40,9.80,23995.95,6.40,3510,2405,73,103707730.75,65,F1,65,,,,,
2026-07-27,2026-07-27,FO,NSE,IDO,65868,,NIFTY,,2026-08-04,2026-08-04,24550.00,PE,NIFTY2680424550PE,582.00,596.25,503.20,522.00,507.90,743.65,23995.95,522.00,10530,5720,444,723876302.50,175,F1,65,,,,,
2026-07-27,2026-07-27,FO,NSE,IDO,65855,,NIFTY,,2026-08-04,2026-08-04,24400.00,PE,NIFTY2680424400PE,485.45,512.50,378.90,389.80,382.00,615.65,23995.95,389.80,158210,72345,3569,5761637644.75,2361,F1,65,,,,,
2026-07-27,2026-07-27,FO,NSE,IDO,65776,,NIFTY,,2026-08-04,2026-08-04,24200.00,PE,NIFTY2680424200PE,325.75,355.05,237.00,246.95,237.80,450.70,23995.95,246.95,710190,170560,19792,31513337531.00,12402,F1,65,,,,,
2026-07-27,2026-07-27,FO,NSE,IDO,65700,,NIFTY,,2026-08-04,2026-08-04,24150.00,PE,NIFTY2680424150PE,287.25,319.80,205.05,216.30,205.05,405.50,23995.95,216.30,82875,49140,4773,7572605300.00,3260,F1,65,,,,,
2026-07-27,2026-07-27,FO,NSE,IDO,65683,,NIFTY,,2026-08-04,2026-08-04,23750.00,PE,NIFTY2680423750PE,123.15,123.15,55.90,61.00,56.05,183.30,23995.95,61.00,536380,318045,40557,62835934138.25,27405,F1,65,,,,,
2026-07-27,2026-07-27,FO,NSE,IDO,65681,,NIFTY,,2026-08-04,2026-08-04,23700.00,PE,NIFTY2680423700PE,80.45,105.70,46.50,50.85,46.50,163.65,23995.95,50.85,2034630,873405,117879,182160346374.50,66603,F1,65,,,,,
2026-07-27,2026-07-27,FO,NSE,IDO,65677,,NIFTY,,2026-08-04,2026-08-04,23600.00,PE,NIFTY2680423600PE,77.95,81.40,32.95,35.70,33.20,128.70,23995.95,35.70,1368250,714220,89541,137662545205.25,49865,F1,65,,,,,
2026-07-27,2026-07-27,FO,NSE,IDO,65675,,NIFTY,,2026-08-04,2026-08-04,23550.00,PE,NIFTY2680423550PE,60.00,70.60,27.75,30.00,29.40,112.75,23995.95,30.00,629720,512720,32294,49523217311.75,20623,F1,65,,,,,
2026-07-27,2026-07-27,FO,NSE,IDO,65526,,NIFTY,,2026-08-04,2026-08-04,23200.00,PE,NIFTY2680423200PE,25.00,29.95,11.45,12.15,12.10,46.20,23995.95,12.15,1876225,567970,114947,173454610806.75,50026,F1,65,,,,,
2026-07-27,2026-07-27,FO,NSE,IDO,65412,,NIFTY,,2026-08-04,2026-08-04,22050.00,PE,NIFTY2680422050PE,3.00,3.80,2.55,3.35,3.80,5.25,23995.95,3.35,15210,-325,243,348328571.50,167,F1,65,,,,,
2026-07-27,2026-07-27,FO,NSE,IDO,65127,,NIFTY,,2026-08-04,2026-08-04,21600.00,PE,NIFTY2680421600PE,3.10,3.15,2.25,2.80,2.85,3.80,23995.95,2.80,2420860,1076920,47062,66082996307.25,7538,F1,65,,,,,
2026-07-27,2026-07-27,FO,NSE,IDO,64016,,NIFTY,,2026-07-28,2026-07-28,25800.00,PE,NIFTY26JUL25800PE,1860.00,1900.00,1750.60,1782.60,1750.60,1994.65,23995.95,1782.60,11765,-9230,234,420306825.25,146,F1,65,,,,,
2026-07-27,2026-07-27,FO,NSE,IDO,64007,,NIFTY,,2026-07-28,2026-07-28,25600.00,PE,NIFTY26JUL25600PE,1655.00,1675.00,1564.00,1580.70,1564.00,1810.00,23995.95,1580.70,9425,-2925,126,222925374.75,72,F1,65,,,,,
2026-07-27,2026-07-27,FO,NSE,IDO,63966,,NIFTY,,2026-07-28,2026-07-28,24650.00,PE,NIFTY26JUL24650PE,701.00,728.55,607.30,616.20,612.95,824.90,23995.95,616.20,25870,-11245,419,689651433.25,348,F1,65,,,,,
2026-07-27,2026-07-27,FO,NSE,IDO,63946,,NIFTY,,2026-07-28,2026-07-28,24150.00,PE,NIFTY26JUL24150PE,240.00,257.40,129.00,144.45,130.55,361.00,23995.95,144.45,570635,221065,313116,495303467561.50,195336,F1,65,,,,,
2026-07-27,2026-07-27,FO,NSE,IDO,63930,,NIFTY,,2026-07-28,2026-07-28,23800.00,PE,NIFTY26JUL23800PE,49.85,49.85,8.45,9.55,8.65,113.60,23995.95,9.55,10377965,2281565,4580234,7092026607487.25,1204396,F1,65,,,,,
2026-07-27,2026-07-27,FO,NSE,IDO,47018,,NIFTY,,2026-09-01,2026-09-01,24800.00,PE,NIFTY2690124800PE,0.00,0.00,0.00,804.95,0.00,804.95,23995.95,896.45,0,0,0,0.00,0,F1,65,,,,,
2026-07-27,2026-07-27,FO,NSE,IDO,46990,,NIFTY,,2026-09-01,2026-09-01,24100.00,PE,NIFTY2690124100PE,421.00,425.30,334.65,354.75,334.65,495.50,23995.95,354.75,8970,-4030,221,351514237.75,141,F1,65,,,,,
2026-07-27,2026-07-27,FO,NSE,IDO,46976,,NIFTY,,2026-09-01,2026-09-01,23750.00,PE,NIFTY2690123750PE,0.00,0.00,0.00,296.60,0.00,296.60,23995.95,326.30,0,0,0,0.00,0,F1,65,,,,,
2026-07-27,2026-07-27,FO,NSE,IDO,46974,,NIFTY,,2026-09-01,2026-09-01,23700.00,PE,NIFTY2690123700PE,0.00,0.00,0.00,320.00,320.00,320.00,23995.95,307.50,130,0,0,0.00,0,F1,65,,,,,
2026-07-27,2026-07-27,FO,NSE,IDO,46940,,NIFTY,,2026-09-01,2026-09-01,22850.00,PE,NIFTY2690122850PE,0.00,0.00,0.00,89.70,0.00,89.70,23995.95,93.45,0,0,0,0.00,0,F1,65,,,,,
2026-07-27,2026-07-27,FO,NSE,IDO,46926,,NIFTY,,2026-09-01,2026-09-01,22500.00,PE,NIFTY2690122500PE,41.00,43.00,33.10,33.50,33.10,65.55,23995.95,33.50,2015,390,22,32230828.50,14,F1,65,,,,,
2026-07-27,2026-07-27,FO,NSE,IDO,62052,,NIFTY,,2026-08-25,2026-08-25,26100.00,PE,NIFTY26AUG26100PE,1997.60,2055.00,1958.80,1978.35,1958.80,2172.50,23995.95,1978.35,20410,9815,205,374765901.25,127,F1,65,,,,,
2026-07-27,2026-07-27,FO,NSE,IDO,61859,,NIFTY,,2026-08-25,2026-08-25,24900.00,PE,NIFTY26AUG24900PE,930.00,974.40,829.00,840.75,830.75,1063.00,23995.95,840.75,102115,4225,211,353609392.50,145,F1,65,,,,,
2026-07-27,2026-07-27,FO,NSE,IDO,61670,,NIFTY,,2026-08-25,2026-08-25,24200.00,PE,NIFTY26AUG24200PE,383.10,472.50,360.75,373.15,361.00,548.05,23995.95,373.15,1354080,27300,15330,24517026140.75,10425,F1,65,,,,,
2026-07-27,2026-07-27,FO,NSE,IDO,61604,,NIFTY,,2026-08-25,2026-08-25,24000.00,PE,NIFTY26AUG24000PE,399.60,399.60,269.20,278.20,271.45,440.80,23995.95,278.20,7216820,860340,76876,121497040076.75,51245,F1,65,,,,,
2026-07-27,2026-07-27,FO,NSE,IDO,61500,,NIFTY,,2026-08-25,2026-08-25,23500.00,PE,NIFTY26AUG23500PE,199.60,199.60,119.00,122.95,120.55,233.00,23995.95,122.95,3041415,273520,40644,62480470464.75,24017,F1,65,,,,,
2026-07-27,2026-07-27,FO,NSE,IDO,63898,,NIFTY,,2026-07-28,2026-07-28,23050.00,PE,NIFTY26JUL23050PE,4.10,5.00,1.35,1.80,2.15,5.60,23995.95,1.80,880165,-357240,321389,481558900936.75,47218,F1,65,,,,,
2026-07-27,2026-07-27,FO,NSE,IDO,63892,,NIFTY,,2026-07-28,2026-07-28,22900.00,PE,NIFTY26JUL22900PE,2.40,2.40,1.15,1.50,1.60,3.95,23995.95,1.50,2605525,-158470,515497,767366629861.00,68577,F1,65,,,,,
2026-07-27,2026-07-27,FO,NSE,IDO,63880,,NIFTY,,2026-07-28,2026-07-28,22600.00,PE,NIFTY26JUL22600PE,2.55,2.55,0.95,1.25,1.55,2.35,23995.95,1.25,883415,-1588015,222742,327224912212.25,30286,F1,65,,,,,
2026-07-27,2026-07-27,FO,NSE,IDO,63868,,NIFTY,,2026-07-28,2026-07-28,22300.00,PE,NIFTY26JUL22300PE,1.30,1.40,0.70,1.10,1.35,1.45,23995.95,1.10,732225,-749580,92475,134048063516.25,19833,F1,65,,,,,
2026-07-27,2026-07-27,FO,NSE,IDO,63816,,NIFTY,,2026-07-28,2026-07-28,21200.00,PE,NIFTY26JUL21200PE,0.85,0.95,0.45,0.60,0.60,0.65,23995.95,0.60,656565,-105755,10602,14609938811.00,2457,F1,65,,,,,
2026-07-27,2026-07-27,FO,NSE,IDO,74647,,NIFTY,,2031-06-24,2031-06-24,22500.00,CE,NIFTY31JUN22500CE,0.00,0.00,0.00,8012.75,0.00,8012.75,23995.95,8292.75,0,0,0,0.00,0,F1,65,,,,,
2026-07-27,2026-07-27,FO,NSE,IDO,60936,,NIFTY,,2030-06-25,2030-06-25,30000.00,CE,NIFTY30JUN30000CE,0.00,0.00,0.00,5580.35,0.00,5580.35,23995.95,3549.95,0,0,0,0.00,0,F1,65,,,,,
2026-07-27,2026-07-27,FO,NSE,IDO,55648,,NIFTY,,2030-06-25,2030-06-25,28500.00,CE,NIFTY30JUN28500CE,0.00,0.00,0.00,5382.85,0.00,5382.85,23995.95,4136.75,0,0,0,0.00,0,F1,65,,,,,
2026-07-27,2026-07-27,FO,NSE,IDO,55560,,NIFTY,,2029-06-26,2029-06-26,22500.00,CE,NIFTY29JUN22500CE,0.00,0.00,0.00,7946.50,0.00,7946.50,23995.95,6053.25,0,0,0,0.00,0,F1,65,,,,,
2026-07-27,2026-07-27,FO,NSE,IDO,67788,,NIFTY,,2028-12-26,2028-12-26,27000.00,CE,NIFTY28DEC27000CE,0.00,0.00,0.00,2635.00,2635.00,2635.00,23995.95,2968.80,715,0,0,0.00,0,F1,65,,,,,
2026-07-27,2026-07-27,FO,NSE,IDO,55478,,NIFTY,,2028-06-27,2028-06-27,28500.00,CE,NIFTY28JUN28500CE,0.00,0.00,0.00,2990.00,0.00,2990.00,23995.95,1765.45,0,0,0,0.00,0,F1,65,,,,,
2026-07-27,2026-07-27,FO,NSE,IDO,55472,,NIFTY,,2028-06-27,2028-06-27,22500.00,CE,NIFTY28JUN22500CE,0.00,0.00,0.00,6796.05,0.00,6796.05,23995.95,4765.25,0,0,0,0.00,0,F1,65,,,,,
2026-07-27,2026-07-27,FO,NSE,IDO,80278,,NIFTY,,2027-03-30,2027-03-30,28500.00,CE,NIFTY27MAR28500CE,95.45,97.85,92.10,96.70,97.10,93.30,23995.95,96.70,27690,845,60,111519794.75,40,F1,65,,,,,
2026-07-27,2026-07-27,FO,NSE,IDO,80190,,NIFTY,,2027-03-30,2027-03-30,16500.00,CE,NIFTY27MAR16500CE,0.00,0.00,0.00,6995.90,0.00,6995.90,23995.95,8215.80,0,0,0,0.00,0,F1,65,,,,,
2026-07-27,2026-07-27,FO,NSE,IDO,73853,,NIFTY,,2026-09-29,2026-09-29,21800.00,PE,NIFTY26SEP21800PE,46.00,46.00,35.75,35.95,35.85,58.30,23995.95,35.95,25090,-455,160,227138197.00,92,F1,65,,,,,
2026-07-27,2026-07-27,FO,NSE,IDO,73878,,NIFTY,,2026-09-29,2026-09-29,22300.00,PE,NIFTY26SEP22300PE,77.40,77.65,55.95,57.00,56.70,96.85,23995.95,57.00,56875,-9750,706,1026330805.50,437,F1,65,,,,,
2026-07-27,2026-07-27,FO,NSE,IDO,73898,,NIFTY,,2026-09-29,2026-09-29,22850.00,PE,NIFTY26SEP22850PE,138.10,138.10,105.50,105.90,105.85,173.65,23995.95,105.90,10530,65,94,140375329.25,66,F1,65,,,,,
2026-07-27,2026-07-27,FO,NSE,IDO,73922,,NIFTY,,2026-09-29,2026-09-29,23250.00,PE,NIFTY26SEP23250PE,208.00,208.45,163.65,165.60,163.65,252.10,23995.95,165.60,8970,2080,111,169068425.50,80,F1,65,,,,,
2026-07-27,2026-07-27,FO,NSE,IDO,73926,,NIFTY,,2026-09-29,2026-09-29,23350.00,PE,NIFTY26SEP23350PE,225.25,225.25,184.80,185.15,184.85,283.00,23995.95,185.15,7735,2925,76,116345859.50,42,F1,65,,,,,
2026-07-27,2026-07-27,FO,NSE,IDO,74057,,NIFTY,,2026-09-29,2026-09-29,23900.00,PE,NIFTY26SEP23900PE,403.15,420.10,330.35,341.85,330.35,476.40,23995.95,341.85,36595,2340,510,804647437.75,352,F1,65,,,,,
2026-07-27,2026-07-27,FO,NSE,IDO,65903,,NIFTY,,2026-09-29,2026-09-29,25000.00,PE,NIFTY26SEP25000PE,996.05,1031.70,900.30,912.20,904.00,1133.25,23995.95,912.20,813150,-15990,1260,2126278323.00,939,F1,65,,,,,
2026-07-27,2026-07-27,FO,NSE,IDO,74413,,NIFTY,,2026-09-29,2026-09-29,25600.00,PE,NIFTY26SEP25600PE,0.00,0.00,0.00,1670.65,0.00,1670.65,23995.95,1535.05,0,0,0,0.00,0,F1,65,,,,,
2026-07-27,2026-07-27,FO,NSE,IDO,55289,,NIFTY,,2026-09-29,2026-09-29,28500.00,PE,NIFTY26SEP28500PE,4310.00,4315.00,4190.65,4193.75,4191.95,4440.75,23995.95,4193.75,410930,-845,360,766785542.25,212,F1,65,,,,,
2026-07-27,2026-07-27,FO,NSE,IDO,58633,,NIFTY,,2026-12-29,2026-12-29,14000.00,PE,NIFTY26DEC14000PE,12.00,12.00,12.00,12.00,12.00,12.40,23995.95,0.00,8245,65,1,910780.00,1,F1,65,,,,,
2026-07-27,2026-07-27,FO,NSE,IDO,55323,,NIFTY,,2026-12-29,2026-12-29,16500.00,PE,NIFTY26DEC16500PE,20.10,20.10,20.10,20.10,20.10,21.00,23995.95,0.10,3185,-455,7,7516645.50,4,F1,65,,,,,
2026-07-27,2026-07-27,FO,NSE,IDO,58641,,NIFTY,,2026-12-29,2026-12-29,18000.00,PE,NIFTY26DEC18000PE,29.60,31.85,28.55,30.60,30.95,31.25,23995.95,30.60,447270,15340,674,789925370.00,416,F1,65,,,,,
2026-07-27,2026-07-27,FO,NSE,IDO,58645,,NIFTY,,2026-12-29,2026-12-29,20000.00,PE,NIFTY26DEC20000PE,56.55,56.55,52.70,54.25,54.40,60.05,23995.95,54.25,1078885,18525,1238,1613794022.75,863,F1,65,,,,,
2026-07-27,2026-07-27,FO,NSE,IDO,80271,,NIFTY,,2027-03-30,2027-03-30,22500.00,PE,NIFTY27MAR22500PE,281.40,287.85,271.70,277.60,277.00,313.90,23995.95,277.60,899210,8775,497,735878633.75,405,F1,65,,,,,
2026-07-27,2026-07-27,FO,NSE,IDO,53625,,NIFTY,,2027-12-28,2027-12-28,24000.00,PE,NIFTY27DEC24000PE,815.00,815.00,778.05,787.95,787.95,843.40,23995.95,787.95,113020,-195,37,59638029.75,32,F1,65,,,,,
2026-07-27,2026-07-27,FO,NSE,IDO,55701,,NIFTY,,2030-12-31,2030-12-31,19500.00,PE,NIFTY30DEC19500PE,0.00,0.00,0.00,67.40,0.00,67.40,23995.95,233.40,0,0,0,0.00,0,F1,65,,,,,
2026-07-27,2026-07-27,FO,NSE,IDO,58644,,NIFTY,,2026-12-29,2026-12-29,20000.00,CE,NIFTY26DEC20000CE,4459.05,4498.95,4364.75,4484.85,4490.00,4267.90,23995.95,4484.85,581840,10010,560,889191332.25,326,F1,65,,,,,
2026-07-27,2026-07-27,FO,NSE,IDO,55697,,NIFTY,,2030-12-31,2030-12-31,16500.00,PE,NIFTY30DEC16500PE,0.00,0.00,0.00,13.65,0.00,13.65,23995.95,69.20,0,0,0,0.00,0,F1,65,,,,,
2026-07-27,2026-07-27,FO,NSE,IDF,61093,,NIFTY,,2026-07-28,2026-07-28,,,NIFTY26JULFUT,23940.00,24045.00,23902.40,24028.00,24040.00,23806.50,23995.95,24028.00,7729995,-2536300,60048,93601033038.50,38792,F1,65,,,,,
2026-07-27,2026-07-27,FO,NSE,IDO,63883,,NIFTY,,2026-07-28,2026-07-28,22700.00,CE,NIFTY26JUL22700CE,1250.00,1320.00,1230.00,1320.00,1320.00,1117.00,23995.95,1299.75,5525,-195,11,17136652.00,10,F1,65,,,,,
2026-07-27,2026-07-27,FO,NSE,IDO,63899,,NIFTY,,2026-07-28,2026-07-28,23100.00,CE,NIFTY26JUL23100CE,842.00,944.80,809.00,924.25,944.80,717.30,23995.95,924.25,34710,-14300,598,933359154.00,240,F1,65,,,,,
2026-07-27,2026-07-27,FO,NSE,IDO,63941,,NIFTY,,2026-07-28,2026-07-28,24050.00,CE,NIFTY26JUL24050CE,49.95,60.00,25.50,51.40,57.65,32.30,23995.95,51.40,6241560,2281630,4781865,7487794819293.75,1775705,F1,65,,,,,
2026-07-27,2026-07-27,FO,NSE,IDO,63951,,NIFTY,,2026-07-28,2026-07-28,24300.00,CE,NIFTY26JUL24300CE,7.90,9.95,3.90,4.80,4.80,8.25,23995.95,4.80,10627565,1676090,1807845,2856090152717.75,360034,F1,65,,,,,
2026-07-27,2026-07-27,FO,NSE,IDO,63955,,NIFTY,,2026-07-28,2026-07-28,24400.00,CE,NIFTY26JUL24400CE,4.40,5.35,1.95,2.70,1.95,5.35,23995.95,2.70,6908005,-179270,1572236,2493874120767.25,256923,F1,65,,,,,
2026-07-27,2026-07-27,FO,NSE,IDO,63983,,NIFTY,,2026-07-28,2026-07-28,25100.00,CE,NIFTY26JUL25100CE,1.00,1.10,0.50,0.60,0.50,1.15,23995.95,0.60,2387970,-875940,148513,242306869944.75,26030,F1,65,,,,,
2026-07-27,2026-07-27,FO,NSE,IDO,64015,,NIFTY,,2026-07-28,2026-07-28,25800.00,CE,NIFTY26JUL25800CE,0.50,0.95,0.25,0.40,0.30,0.55,23995.95,0.40,859690,-297115,65285,109484879286.25,10807,F1,65,,,,,
2026-07-27,2026-07-27,FO,NSE,IDO,64043,,NIFTY,,2026-07-28,2026-07-28,26250.00,CE,NIFTY26JUL26250CE,0.45,0.50,0.25,0.35,0.25,0.45,23995.95,0.35,120965,-81770,6294,10739302665.00,1205,F1,65,,,,,
2026-07-27,2026-07-27,FO,NSE,IDO,65166,,NIFTY,,2026-08-04,2026-08-04,21750.00,CE,NIFTY2680421750CE,0.00,0.00,0.00,2253.60,0.00,2253.60,23995.95,2274.85,0,0,0,0.00,0,F1,65,,,,,
2026-07-27,2026-07-27,FO,NSE,IDO,65433,,NIFTY,,2026-08-04,2026-08-04,22500.00,CE,NIFTY2680422500CE,1432.60,1555.00,1432.25,1533.60,1555.00,1333.00,23995.95,1533.60,13325,7215,234,364701155.00,150,F1,65,,,,,
2026-07-27,2026-07-27,FO,NSE,IDO,65678,,NIFTY,,2026-08-04,2026-08-04,23650.00,CE,NIFTY2680423650CE,383.75,455.10,352.00,437.00,452.25,310.75,23995.95,437.00,55575,-52650,3089,4828060285.75,2124,F1,65,,,,,
2026-07-27,2026-07-27,FO,NSE,IDO,65689,,NIFTY,,2026-08-04,2026-08-04,23900.00,CE,NIFTY2680423900CE,200.00,260.00,194.00,248.80,256.05,172.65,23995.95,248.80,964860,177515,165311,259173934526.00,102318,F1,65,,,,,
2026-07-27,2026-07-27,FO,NSE,IDO,65904,,NIFTY,,2026-09-29,2026-09-29,26000.00,CE,NIFTY26SEP26000CE,36.40,40.00,35.40,38.45,40.00,36.30,23995.95,38.45,1957660,19500,7388,12503615998.25,3877,F1,65,,,,,
2026-07-27,2026-07-27,FO,NSE,IDO,74422,,NIFTY,,2026-09-29,2026-09-29,25850.00,CE,NIFTY26SEP25850CE,0.00,0.00,0.00,117.25,117.25,117.25,23995.95,177.75,65,0,0,0.00,0,F1,65,,,,,
2026-07-27,2026-07-27,FO,NSE,IDO,74418,,NIFTY,,2026-09-29,2026-09-29,25750.00,CE,NIFTY26SEP25750CE,0.00,0.00,0.00,293.50,0.00,293.50,23995.95,195.90,0,0,0,0.00,0,F1,65,,,,,
2026-07-27,2026-07-27,FO,NSE,IDO,55286,,NIFTY,,2026-09-29,2026-09-29,25500.00,CE,NIFTY26SEP25500CE,80.00,84.30,73.50,82.00,84.30,73.00,23995.95,82.00,1394055,21450,8312,13819475969.00,4382,F1,65,,,,,
2026-07-27,2026-07-27,FO,NSE,IDO,74243,,NIFTY,,2026-09-29,2026-09-29,24550.00,CE,NIFTY26SEP24550CE,306.65,342.70,305.00,338.55,334.35,283.00,23995.95,338.55,9880,2145,55,88892345.75,35,F1,65,,,,,
2026-07-27,2026-07-27,FO,NSE,IDO,73925,,NIFTY,,2026-09-29,2026-09-29,23350.00,CE,NIFTY26SEP23350CE,0.00,0.00,0.00,1086.90,1086.90,1086.90,23995.95,1216.75,650,0,0,0.00,0,F1,65,,,,,
2026-07-27,2026-07-27,FO,NSE,IDO,73831,,NIFTY,,2026-09-29,2026-09-29,21650.00,CE,NIFTY26SEP21650CE,0.00,0.00,0.00,2630.65,0.00,2630.65,23995.95,2630.45,0,0,0,0.00,0,F1,65,,,,,
2026-07-27,2026-07-27,FO,NSE,IDO,55280,,NIFTY,,2026-09-29,2026-09-29,16500.00,CE,NIFTY26SEP16500CE,0.00,0.00,0.00,10168.85,0.00,10168.85,23995.95,7686.10,0,0,0,0.00,0,F1,65,,,,,
2026-07-27,2026-07-27,FO,NSE,IDO,47019,,NIFTY,,2026-09-01,2026-09-01,24850.00,CE,NIFTY2690124850CE,0.00,0.00,0.00,347.45,0.00,347.45,23995.95,239.00,0,0,0,0.00,0,F1,65,,,,,
2026-07-27,2026-07-27,FO,NSE,IDO,47017,,NIFTY,,2026-09-01,2026-09-01,24800.00,CE,NIFTY2690124800CE,0.00,0.00,0.00,365.30,0.00,365.30,23995.95,253.55,0,0,0,0.00,0,F1,65,,,,,
2026-07-27,2026-07-27,FO,NSE,IDO,47013,,NIFTY,,2026-09-01,2026-09-01,24700.00,CE,NIFTY2690124700CE,0.00,0.00,0.00,402.95,0.00,402.95,23995.95,284.60,0,0,0,0.00,0,F1,65,,,,,
2026-07-27,2026-07-27,FO,NSE,IDO,65774,,NIFTY,,2026-08-04,2026-08-04,24200.00,CE,NIFTY2680424200CE,75.00,103.00,69.90,95.70,98.85,69.35,23995.95,95.70,2492555,758680,191372,302087977740.25,100533,F1,65,,,,,
2026-07-27,2026-07-27,FO,NSE,IDO,65860,,NIFTY,,2026-08-04,2026-08-04,24500.00,CE,NIFTY2680424500CE,32.00,32.15,19.80,26.20,27.85,22.80,23995.95,26.20,2885350,946725,179710,286467884277.25,88201,F1,65,,,,,
2026-07-27,2026-07-27,FO,NSE,IDO,65932,,NIFTY,,2026-08-04,2026-08-04,25300.00,CE,NIFTY2680425300CE,1.70,2.05,1.35,1.45,1.35,1.70,23995.95,1.45,1154140,651105,55807,91780636129.00,19692,F1,65,,,,,
2026-07-27,2026-07-27,FO,NSE,IDO,65938,,NIFTY,,2026-08-04,2026-08-04,25400.00,CE,NIFTY2680425400CE,1.45,2.05,1.15,1.25,1.20,1.45,23995.95,1.25,839410,480610,34191,56452776406.00,15750,F1,65,,,,,
2026-07-27,2026-07-27,FO,NSE,IDO,40903,,NIFTY,,2026-08-11,2026-08-11,21900.00,CE,NIFTY2681121900CE,0.00,0.00,0.00,2631.80,0.00,2631.80,23995.95,2151.15,0,0,0,0.00,0,F1,65,,,,,
2026-07-27,2026-07-27,FO,NSE,IDO,40935,,NIFTY,,2026-08-11,2026-08-11,22650.00,CE,NIFTY2681122650CE,0.00,0.00,0.00,1913.40,0.00,1913.40,23995.95,1414.65,0,0,0,0.00,0,F1,65,,,,,
2026-07-27,2026-07-27,FO,NSE,IDO,40941,,NIFTY,,2026-08-11,2026-08-11,22800.00,CE,NIFTY2681122800CE,0.00,0.00,0.00,1775.45,0.00,1775.45,23995.95,1272.45,0,0,0,0.00,0,F1,65,,,,,
2026-07-27,2026-07-27,FO,NSE,IDO,40973,,NIFTY,,2026-08-11,2026-08-11,23600.00,CE,NIFTY2681123600CE,507.30,559.40,470.90,537.25,559.40,423.80,23995.95,537.25,32955,-1365,662,1037601825.00,564,F1,65,,,,,
2026-07-27,2026-07-27,FO,NSE,IDO,40977,,NIFTY,,2026-08-11,2026-08-11,23700.00,CE,NIFTY2681123700CE,360.15,474.00,360.10,462.65,474.00,360.50,23995.95,462.65,42510,-23140,1520,2383893034.25,1134,F1,65,,,,,
2026-07-27,2026-07-27,FO,NSE,IDO,55599,,NIFTY,,2029-12-24,2029-12-24,16500.00,PE,NIFTY29DEC16500PE,0.00,0.00,0.00,10.15,0.00,10.15,23995.95,55.85,0,0,0,0.00,0,F1,65,,,,,
2026-07-27,2026-07-27,FO,NSE,IDO,61660,,NIFTY,,2029-12-24,2029-12-24,21000.00,PE,NIFTY29DEC21000PE,0.00,0.00,0.00,525.10,525.10,525.10,23995.95,380.40,650,0,0,0.00,0,F1,65,,,,,
2026-07-27,2026-07-27,FO,NSE,IDO,46981,,NIFTY,,2026-09-01,2026-09-01,23900.00,CE,NIFTY2690123900CE,447.55,475.35,446.95,475.35,475.35,804.35,23995.95,638.35,390,390,10,15833626.25,10,F1,65,,,,,
2026-07-27,2026-07-27,FO,NSE,IDO,46969,,NIFTY,,2026-09-01,2026-09-01,23600.00,CE,NIFTY2690123600CE,0.00,0.00,0.00,585.55,585.55,585.55,23995.95,821.55,65,0,0,0.00,0,F1,65,,,,,
2026-07-27,2026-07-27,FO,NSE,IDO,46919,,NIFTY,,2026-09-01,2026-09-01,22350.00,CE,NIFTY2690122350CE,0.00,0.00,0.00,2032.25,0.00,2032.25,23995.95,1829.65,0,0,0,0.00,0,F1,65,,,,,
2026-07-27,2026-07-27,FO,NSE,IDO,46907,,NIFTY,,2026-09-01,2026-09-01,22050.00,CE,NIFTY2690122050CE,0.00,0.00,0.00,2313.35,0.00,2313.35,23995.95,2110.15,0,0,0,0.00,0,F1,65,,,,,
2026-07-27,2026-07-27,FO,NSE,IDO,62066,,NIFTY,,2026-08-25,2026-08-25,26300.00,CE,NIFTY26AUG26300CE,3.75,4.50,2.05,2.20,2.10,3.70,23995.95,2.20,585455,209170,12289,21010355083.25,7893,F1,65,,,,,
2026-07-27,2026-07-27,FO,NSE,IDO,62045,,NIFTY,,2026-08-25,2026-08-25,26100.00,CE,NIFTY26AUG26100CE,5.65,5.90,3.00,3.30,3.30,4.70,23995.95,3.30,25740,15990,340,576895185.75,193,F1,65,,,,,
2026-07-27,2026-07-27,FO,NSE,IDO,62043,,NIFTY,,2026-08-25,2026-08-25,26050.00,CE,NIFTY26AUG26050CE,5.00,5.45,3.60,3.65,3.65,4.70,23995.95,3.65,10010,1170,42,71129175.00,20,F1,65,,,,,
2026-07-27,2026-07-27,FO,NSE,IDO,62036,,NIFTY,,2026-08-25,2026-08-25,25950.00,CE,NIFTY26AUG25950CE,6.40,6.45,4.30,4.65,5.00,6.55,23995.95,4.65,4745,975,85,143401290.50,34,F1,65,,,,,
2026-07-27,2026-07-27,FO,NSE,IDO,61979,,NIFTY,,2026-08-25,2026-08-25,25600.00,CE,NIFTY26AUG25600CE,13.45,13.45,9.00,10.30,10.70,12.45,23995.95,10.30,318630,-10465,3690,6142708763.75,2299,F1,65,,,,,
2026-07-27,2026-07-27,FO,NSE,IDO,61909,,NIFTY,,2026-08-25,2026-08-25,25050.00,CE,NIFTY26AUG25050CE,40.05,42.70,35.70,40.85,42.40,39.60,23995.95,40.85,83980,4680,864,1409042774.75,589,F1,65,,,,,
2026-07-27,2026-07-27,FO,NSE,IDO,61865,,NIFTY,,2026-08-25,2026-08-25,24950.00,CE,NIFTY26AUG24950CE,56.00,56.00,45.65,52.70,54.00,48.80,23995.95,52.70,58630,7800,1557,2530152283.75,903,F1,65,,,,,
2026-07-27,2026-07-27,FO,NSE,IDO,61857,,NIFTY,,2026-08-25,2026-08-25,24900.00,CE,NIFTY26AUG24900CE,64.00,66.45,51.40,59.50,61.75,54.70,23995.95,59.50,463190,82420,8496,13782328810.25,5531,F1,65,,,,,
2026-07-27,2026-07-27,FO,NSE,IDO,61734,,NIFTY,,2026-08-25,2026-08-25,24500.00,CE,NIFTY26AUG24500CE,155.00,162.55,131.05,153.80,158.25,129.25,23995.95,153.80,4553445,279045,54438,87208248682.75,27227,F1,65,,,,,
2026-07-27,2026-07-27,FO,NSE,IDO,47050,,NIFTY,,2026-09-01,2026-09-01,25600.00,PE,NIFTY2690125600PE,0.00,0.00,0.00,1385.45,0.00,1385.45,23995.95,1527.05,0,0,0,0.00,0,F1,65,,,,,
2026-07-27,2026-07-27,FO,NSE,IDO,47032,,NIFTY,,2026-09-01,2026-09-01,25150.00,PE,NIFTY2690125150PE,0.00,0.00,0.00,1040.90,0.00,1040.90,23995.95,1155.70,0,0,0,0.00,0,F1,65,,,,,
2026-07-27,2026-07-27,FO,NSE,IDO,41081,,NIFTY,,2026-08-11,2026-08-11,26050.00,CE,NIFTY2681126050CE,4.80,4.80,1.40,1.90,1.70,4.60,23995.95,1.90,4485,3705,208,352233306.75,67,F1,65,,,,,
2026-07-27,2026-07-27,FO,NSE,IDO,41083,,NIFTY,,2026-08-11,2026-08-11,26100.00,CE,NIFTY2681126100CE,2.00,2.75,1.55,1.60,1.55,2.45,23995.95,1.60,14235,11440,270,458087662.50,126,F1,65,,,,,
2026-07-27,2026-07-27,FO,NSE,IDO,44999,,NIFTY,,2026-08-18,2026-08-18,22250.00,CE,NIFTY2681822250CE,0.00,0.00,0.00,1959.60,0.00,1959.60,23995.95,1837.15,0,0,0,0.00,0,F1,65,,,,,
2026-07-27,2026-07-27,FO,NSE,IDO,45005,,NIFTY,,2026-08-18,2026-08-18,22350.00,CE,NIFTY2681822350CE,0.00,0.00,0.00,1866.60,0.00,1866.60,23995.95,1740.80,0,0,0,0.00,0,F1,65,,,,,
2026-07-27,2026-07-27,FO,NSE,IDO,45029,,NIFTY,,2026-08-18,2026-08-18,22850.00,CE,NIFTY2681822850CE,0.00,0.00,0.00,1421.60,0.00,1421.60,23995.95,1275.80,0,0,0,0.00,0,F1,65,,,,,
2026-07-27,2026-07-27,FO,NSE,IDO,45060,,NIFTY,,2026-08-18,2026-08-18,23450.00,CE,NIFTY2681823450CE,0.00,0.00,0.00,951.00,0.00,951.00,23995.95,785.25,0,0,0,0.00,0,F1,65,,,,,
2026-07-27,2026-07-27,FO,NSE,IDO,45082,,NIFTY,,2026-08-18,2026-08-18,23900.00,CE,NIFTY2681823900CE,370.30,396.20,337.20,385.65,392.25,311.50,23995.95,385.65,14755,4095,662,1044110577.25,463,F1,65,,,,,
2026-07-27,2026-07-27,FO,NSE,IDO,45086,,NIFTY,,2026-08-18,2026-08-18,24000.00,CE,NIFTY2681824000CE,300.15,336.85,282.65,327.35,335.00,268.15,23995.95,327.35,66690,1430,1425,2251791964.50,1184,F1,65,,,,,
2026-07-27,2026-07-27,FO,NSE,IDO,45144,,NIFTY,,2026-08-18,2026-08-18,24900.00,CE,NIFTY2681824900CE,0.00,0.00,0.00,235.90,0.00,235.90,23995.95,119.55,0,0,0,0.00,0,F1,65,,,,,
2026-07-27,2026-07-27,FO,NSE,IDO,45148,,NIFTY,,2026-08-18,2026-08-18,25000.00,CE,NIFTY2681825000CE,0.00,0.00,0.00,209.05,0.00,209.05,23995.95,100.60,0,0,0,0.00,0,F1,65,,,,,
2026-07-27,2026-07-27,FO,NSE,IDO,45152,,NIFTY,,2026-08-18,2026-08-18,25100.00,CE,NIFTY2681825100CE,0.00,0.00,0.00,184.85,0.00,184.85,23995.95,84.15,0,0,0,0.00,0,F1,65,,,,,
2026-07-27,2026-07-27,FO,NSE,IDO,45172,,NIFTY,,2026-08-18,2026-08-18,25550.00,CE,NIFTY2681825550CE,8.10,8.10,7.00,7.05,7.05,8.65,23995.95,7.05,3445,715,28,46514854.75,21,F1,65,,,,,
2026-07-27,2026-07-27,FO,NSE,IDO,45190,,NIFTY,,2026-08-18,2026-08-18,25750.00,CE,NIFTY2681825750CE,4.45,4.45,3.80,3.80,3.80,6.15,23995.95,3.80,195,-195,5,8370069.50,4,F1,65,,,,,
2026-07-27,2026-07-27,FO,NSE,IDO,45198,,NIFTY,,2026-08-18,2026-08-18,25950.00,CE,NIFTY2681825950CE,0.00,0.00,0.00,4.10,4.10,4.10,23995.95,14.45,260,0,0,0.00,0,F1,65,,,,,
2026-07-27,2026-07-27,FO,NSE,IDO,61346,,NIFTY,,2026-08-25,2026-08-25,21900.00,CE,NIFTY26AUG21900CE,0.00,0.00,0.00,1940.00,1940.00,1940.00,23995.95,2209.70,65,0,0,0.00,0,F1,65,,,,,
2026-07-27,2026-07-27,FO,NSE,IDO,61426,,NIFTY,,2026-08-25,2026-08-25,22950.00,CE,NIFTY26AUG22950CE,1219.25,1219.25,1210.65,1215.95,1210.65,955.30,23995.95,1215.95,1300,-130,36,56548258.00,20,F1,65,,,,,
2026-07-27,2026-07-27,FO,NSE,IDO,61973,,NIFTY,,2026-08-25,2026-08-25,25450.00,CE,NIFTY26AUG25450CE,17.20,17.20,13.30,14.50,15.00,17.20,23995.95,14.50,23270,3705,314,519730607.50,218,F1,65,,,,,
2026-07-27,2026-07-27,FO,NSE,IDO,62055,,NIFTY,,2026-08-25,2026-08-25,26200.00,CE,NIFTY26AUG26200CE,3.55,5.00,2.25,2.70,2.60,4.30,23995.95,2.70,27950,21970,746,1270602996.00,513,F1,65,,,,,
2026-07-27,2026-07-27,FO,NSE,IDO,46963,,NIFTY,,2026-09-01,2026-09-01,23450.00,CE,NIFTY2690123450CE,0.00,0.00,0.00,1108.95,0.00,1108.95,23995.95,923.15,0,0,0,0.00,0,F1,65,,,,,
2026-07-27,2026-07-27,FO,NSE,IDO,46991,,NIFTY,,2026-09-01,2026-09-01,24150.00,CE,NIFTY2690124150CE,0.00,0.00,0.00,659.50,0.00,659.50,23995.95,506.75,0,0,0,0.00,0,F1,65,,,,,
2026-07-27,2026-07-27,FO,NSE,IDO,47039,,NIFTY,,2026-09-01,2026-09-01,25350.00,CE,NIFTY2690125350CE,0.00,0.00,0.00,203.15,0.00,203.15,23995.95,126.75,0,0,0,0.00,0,F1,65,,,,,
2026-07-27,2026-07-27,FO,NSE,IDO,47043,,NIFTY,,2026-09-01,2026-09-01,25450.00,CE,NIFTY2690125450CE,0.00,0.00,0.00,180.95,0.00,180.95,23995.95,110.50,0,0,0,0.00,0,F1,65,,,,,
2026-07-27,2026-07-27,FO,NSE,IDO,47053,,NIFTY,,2026-09-01,2026-09-01,25700.00,CE,NIFTY2690125700CE,0.00,0.00,0.00,133.90,0.00,133.90,23995.95,77.25,0,0,0,0.00,0,F1,65,,,,,
2026-07-27,2026-07-27,FO,NSE,IDO,74056,,NIFTY,,2026-09-29,2026-09-29,23900.00,CE,NIFTY26SEP23900CE,637.90,690.00,622.25,679.05,685.20,586.35,23995.95,679.05,25220,7085,368,587072970.25,228,F1,65,,,,,
2026-07-27,2026-07-27,FO,NSE,IDO,65900,,NIFTY,,2026-09-29,2026-09-29,24000.00,CE,NIFTY26SEP24000CE,594.95,626.00,560.60,618.80,623.05,529.10,23995.95,618.80,1463150,6825,4974,7950308557.75,3300,F1,65,,,,,
2026-07-27,2026-07-27,FO,NSE,IDO,74064,,NIFTY,,2026-09-29,2026-09-29,24100.00,CE,NIFTY26SEP24100CE,541.45,570.80,511.45,561.90,570.10,475.35,23995.95,561.90,40430,-130,321,514062672.50,217,F1,65,,,,,
2026-07-27,2026-07-27,FO,NSE,IDO,74359,,NIFTY,,2026-09-29,2026-09-29,24850.00,CE,NIFTY26SEP24850CE,204.05,225.00,203.20,224.70,225.00,187.65,23995.95,224.70,11505,1885,60,97727925.75,47,F1,65,,,,,
2026-07-27,2026-07-27,FO,NSE,IDO,74414,,NIFTY,,2026-09-29,2026-09-29,25650.00,CE,NIFTY26SEP25650CE,0.00,0.00,0.00,317.20,0.00,317.20,23995.95,215.60,0,0,0,0.00,0,F1,65,,,,,
2026-07-27,2026-07-27,FO,NSE,IDO,37806,,NIFTY,,2026-12-29,2026-12-29,23000.00,CE,NIFTY26DEC23000CE,1790.00,1862.00,1764.85,1854.05,1862.00,1709.25,23995.95,1854.05,326185,-11765,688,1109305483.00,481,F1,65,,,,,
2026-07-27,2026-07-27,FO,NSE,IDO,71549,,NIFTY,,2027-06-29,2027-06-29,19000.00,CE,NIFTY27JUN19000CE,0.00,0.00,0.00,7800.00,7800.00,7800.00,23995.95,6166.00,75,0,0,0.00,0,F1,65,,,,,
2026-07-27,2026-07-27,FO,NSE,IDO,55380,,NIFTY,,2027-06-29,2027-06-29,31500.00,CE,NIFTY27JUN31500CE,0.00,0.00,0.00,769.15,0.00,769.15,23995.95,193.60,0,0,0,0.00,0,F1,65,,,,,
2026-07-27,2026-07-27,FO,NSE,IDO,86139,,NIFTY,,2028-06-27,2028-06-27,18000.00,CE,NIFTY28JUN18000CE,0.00,0.00,0.00,6809.35,0.00,6809.35,23995.95,8210.25,0,0,0,0.00,0,F1,65,,,,,
2026-07-27,2026-07-27,FO,NSE,IDO,55564,,NIFTY,,2029-06-26,2029-06-26,28500.00,CE,NIFTY29JUN28500CE,0.00,0.00,0.00,4213.30,0.00,4213.30,23995.95,2965.80,0,0,0,0.00,0,F1,65,,,,,
2026-07-27,2026-07-27,FO,NSE,IDO,89642,,NIFTY,,2029-06-26,2029-06-26,30000.00,CE,NIFTY29JUN30000CE,0.00,0.00,0.00,5268.40,0.00,5268.40,23995.95,2426.35,0,0,0,0.00,0,F1,65,,,,,
2026-07-27,2026-07-27,FO,NSE,IDO,55608,,NIFTY,,2029-12-24,2029-12-24,31500.00,CE,NIFTY29DEC31500CE,0.00,0.00,0.00,3429.30,0.00,3429.30,23995.95,2494.75,0,0,0,0.00,0,F1,65,,,,,
2026-07-27,2026-07-27,FO,NSE,IDO,55644,,NIFTY,,2030-06-25,2030-06-25,22500.00,CE,NIFTY30JUN22500CE,0.00,0.00,0.00,9012.40,0.00,9012.40,23995.95,7219.60,0,0,0,0.00,0,F1,65,,,,,
2026-07-27,2026-07-27,FO,NSE,IDO,55762,,NIFTY,,2030-12-31,2030-12-31,30000.00,CE,NIFTY30DEC30000CE,0.00,0.00,0.00,5227.20,0.00,5227.20,23995.95,4127.20,0,0,0,0.00,0,F1,65,,,,,
2026-07-27,2026-07-27,FO,NSE,IDO,74649,,NIFTY,,2031-06-24,2031-06-24,24000.00,CE,NIFTY31JUN24000CE,0.00,0.00,0.00,7181.90,0.00,7181.90,23995.95,7448.10,0,0,0,0.00,0,F1,65,,,,,
2026-07-27,2026-07-27,FO,NSE,IDO,63874,,NIFTY,,2026-07-28,2026-07-28,22450.00,PE,NIFTY26JUL22450PE,1.85,1.95,0.85,1.15,0.90,1.90,23995.95,1.15,401505,88920,43524,63515408355.75,7672,F1,65,,,,,
2026-07-27,2026-07-27,FO,NSE,IDO,63906,,NIFTY,,2026-07-28,2026-07-28,23250.00,PE,NIFTY26JUL23250PE,5.00,5.00,1.70,2.15,2.65,9.55,23995.95,2.15,1831635,-546975,519511,785188927032.25,81861,F1,65,,,,,
2026-07-27,2026-07-27,FO,NSE,IDO,63921,,NIFTY,,2026-07-28,2026-07-28,23600.00,PE,NIFTY26JUL23600PE,19.45,19.45,3.65,4.15,4.20,45.00,23995.95,4.15,8285810,372060,1773723,2721673708715.00,349801,F1,65,,,,,
2026-07-27,2026-07-27,FO,NSE,IDO,63950,,NIFTY,,2026-07-28,2026-07-28,24250.00,PE,NIFTY26JUL24250PE,300.00,351.15,213.65,232.75,218.50,451.65,23995.95,232.75,376740,-27755,57358,91437348057.25,32663,F1,65,,,,,
2026-07-27,2026-07-27,FO,NSE,IDO,63982,,NIFTY,,2026-07-28,2026-07-28,25050.00,PE,NIFTY26JUL25050PE,1098.00,1118.80,1080.15,1080.85,1080.85,1247.05,23995.95,1049.90,2080,-325,23,39086372.00,16,F1,65,,,,,
2026-07-27,2026-07-27,FO,NSE,IDO,64005,,NIFTY,,2026-07-28,2026-07-28,25550.00,PE,NIFTY26JUL25550PE,1600.00,1600.00,1540.00,1541.10,1540.00,1208.30,23995.95,1541.10,325,-390,7,12334097.75,4,F1,65,,,,,
2026-07-27,2026-07-27,FO,NSE,IDO,64014,,NIFTY,,2026-07-28,2026-07-28,25750.00,PE,NIFTY26JUL25750PE,0.00,0.00,0.00,1966.30,1966.30,1966.30,23995.95,1749.80,650,0,0,0.00,0,F1,65,,,,,
2026-07-27,2026-07-27,FO,NSE,IDO,65161,,NIFTY,,2026-08-04,2026-08-04,21650.00,PE,NIFTY2680421650PE,3.40,3.45,2.20,2.70,3.25,3.90,23995.95,2.70,7605,-1820,357,502446600.50,234,F1,65,,,,,
2026-07-27,2026-07-27,FO,NSE,IDO,65687,,NIFTY,,2026-08-04,2026-08-04,23850.00,PE,NIFTY2680423850PE,142.20,155.10,77.30,85.00,77.55,228.45,23995.95,85.00,497705,328315,37775,58841325052.25,23519,F1,65,,,,,
2026-07-27,2026-07-27,FO,NSE,IDO,65692,,NIFTY,,2026-08-04,2026-08-04,23950.00,PE,NIFTY2680423950PE,182.25,201.55,112.10,120.15,112.50,281.30,23995.95,120.15,644605,564915,80022,125408082166.25,51089,F1,65,,,,,
2026-07-27,2026-07-27,FO,NSE,IDO,65921,,NIFTY,,2026-08-04,2026-08-04,25100.00,PE,NIFTY2680425100PE,1136.00,1160.25,1037.45,1039.05,1037.45,1277.00,23995.95,1039.05,2535,1235,62,105690877.50,43,F1,65,,,,,
2026-07-27,2026-07-27,FO,NSE,IDO,66053,,NIFTY,,2026-08-04,2026-08-04,25900.00,PE,NIFTY2680425900PE,0.00,0.00,0.00,1956.25,0.00,1956.25,23995.95,1869.90,0,0,0,0.00,0,F1,65,,,,,
2026-07-27,2026-07-27,FO,NSE,IDO,40904,,NIFTY,,2026-08-11,2026-08-11,21900.00,PE,NIFTY2681121900PE,7.40,7.40,4.90,6.70,7.10,10.20,23995.95,6.70,9555,5395,297,422895463.25,251,F1,65,,,,,
2026-07-27,2026-07-27,FO,NSE,IDO,40916,,NIFTY,,2026-08-11,2026-08-11,22200.00,PE,NIFTY2681122200PE,8.90,10.95,6.55,7.50,7.25,13.75,23995.95,7.50,28665,-3120,969,1398754097.00,670,F1,65,,,,,
2026-07-27,2026-07-27,FO,NSE,IDO,40925,,NIFTY,,2026-08-11,2026-08-11,22400.00,PE,NIFTY2681122400PE,12.25,16.05,7.10,8.50,8.40,18.10,23995.95,8.50,23270,-10270,1048,1526519735.00,630,F1,65,,,,,
2026-07-27,2026-07-27,FO,NSE,IDO,40952,,NIFTY,,2026-08-11,2026-08-11,23050.00,PE,NIFTY2681123050PE,37.85,37.85,19.85,20.60,19.85,62.70,23995.95,20.60,18070,12350,839,1258566741.25,618,F1,65,,,,,
2026-07-27,2026-07-27,FO,NSE,IDO,40958,,NIFTY,,2026-08-11,2026-08-11,23200.00,PE,NIFTY2681123200PE,60.00,60.00,28.00,30.45,29.00,86.75,23995.95,30.45,303875,189345,11445,17287413620.75,8099,F1,65,,,,,
2026-07-27,2026-07-27,FO,NSE,IDO,40970,,NIFTY,,2026-08-11,2026-08-11,23500.00,PE,NIFTY2681123500PE,98.75,108.45,57.55,61.05,58.80,152.05,23995.95,61.05,303030,73060,10552,16173152326.50,7079,F1,65,,,,,
2026-07-27,2026-07-27,FO,NSE,IDO,40984,,NIFTY,,2026-08-11,2026-08-11,23800.00,PE,NIFTY2681123800PE,184.15,198.85,119.00,125.65,120.70,262.55,23995.95,125.65,166725,42120,6375,9927187894.00,4696,F1,65,,,,,
2026-07-27,2026-07-27,FO,NSE,IDO,40990,,NIFTY,,2026-08-11,2026-08-11,23950.00,PE,NIFTY2681123950PE,245.05,261.65,171.30,179.70,173.60,339.60,23995.95,179.70,35490,23010,2488,3908794405.75,1856,F1,65,,,,,
2026-07-27,2026-07-27,FO,NSE,IDO,41012,,NIFTY,,2026-08-11,2026-08-11,24500.00,PE,NIFTY2681124500PE,602.60,608.40,486.95,501.10,486.95,713.60,23995.95,501.10,58110,37960,941,1531692584.50,779,F1,65,,,,,
2026-07-27,2026-07-27,FO,NSE,IDO,44988,,NIFTY,,2026-08-18,2026-08-18,22050.00,PE,NIFTY2681822050PE,10.65,11.60,9.50,9.85,10.40,19.25,23995.95,9.85,3965,3965,66,94640039.00,47,F1,65,,,,,
2026-07-27,2026-07-27,FO,NSE,IDO,44990,,NIFTY,,2026-08-18,2026-08-18,22100.00,PE,NIFTY2681822100PE,15.30,15.75,10.95,10.95,10.95,21.95,23995.95,10.95,1625,1300,55,79049902.75,27,F1,65,,,,,
2026-07-27,2026-07-27,FO,NSE,IDO,45026,,NIFTY,,2026-08-18,2026-08-18,22750.00,PE,NIFTY2681822750PE,31.20,33.45,22.05,22.05,22.05,59.90,23995.95,22.05,14495,6760,217,321272126.50,76,F1,65,,,,,
2026-07-27,2026-07-27,FO,NSE,IDO,45028,,NIFTY,,2026-08-18,2026-08-18,22800.00,PE,NIFTY2681822800PE,39.95,40.00,24.05,24.65,24.70,63.40,23995.95,24.65,18135,845,131,194402861.25,85,F1,65,,,,,
2026-07-27,2026-07-27,FO,NSE,IDO,45032,,NIFTY,,2026-08-18,2026-08-18,22850.00,PE,NIFTY2681822850PE,39.95,44.90,26.15,26.90,26.15,69.50,23995.95,26.90,6695,-2730,117,174059918.50,55,F1,65,,,,,
2026-07-27,2026-07-27,FO,NSE,IDO,45066,,NIFTY,,2026-08-18,2026-08-18,23500.00,PE,NIFTY2681823500PE,140.00,153.15,89.00,91.75,89.10,200.65,23995.95,91.75,32760,13065,961,1474981283.75,671,F1,65,,,,,
2026-07-27,2026-07-27,FO,NSE,IDO,45068,,NIFTY,,2026-08-18,2026-08-18,23550.00,PE,NIFTY2681823550PE,139.00,149.05,98.20,98.60,98.20,222.35,23995.95,98.60,2210,260,25,38481911.00,21,F1,65,,,,,
2026-07-27,2026-07-27,FO,NSE,IDO,45072,,NIFTY,,2026-08-18,2026-08-18,23650.00,PE,NIFTY2681823650PE,187.50,187.55,119.40,121.15,119.40,253.40,23995.95,121.15,3510,390,22,34034994.50,18,F1,65,,,,,
2026-07-27,2026-07-27,FO,NSE,IDO,45081,,NIFTY,,2026-08-18,2026-08-18,23850.00,PE,NIFTY2681823850PE,233.75,248.90,173.85,176.90,173.85,329.15,23995.95,176.90,3640,130,45,70399527.25,43,F1,65,,,,,
2026-07-27,2026-07-27,FO,NSE,IDO,45111,,NIFTY,,2026-08-18,2026-08-18,24500.00,PE,NIFTY2681824500PE,627.25,627.25,505.15,520.90,505.15,693.10,23995.95,520.90,5525,2210,133,216680122.75,91,F1,65,,,,,
2026-07-27,2026-07-27,FO,NSE,IDO,45163,,NIFTY,,2026-08-18,2026-08-18,25300.00,PE,NIFTY2681825300PE,0.00,0.00,0.00,1244.85,0.00,1244.85,23995.95,1269.65,0,0,0,0.00,0,F1,65,,,,,
2026-07-27,2026-07-27,FO,NSE,IDO,61212,,NIFTY,,2026-08-25,2026-08-25,21500.00,PE,NIFTY26AUG21500PE,17.75,17.75,9.25,9.80,10.10,18.50,23995.95,9.80,733590,199810,12532,17521951196.75,8996,F1,65,,,,,
2026-07-27,2026-07-27,FO,NSE,IDO,61333,,NIFTY,,2026-08-25,2026-08-25,21550.00,PE,NIFTY26AUG21550PE,12.15,12.15,9.30,9.75,10.20,22.05,23995.95,9.75,6435,2015,151,211626168.00,88,F1,65,,,,,
2026-07-27,2026-07-27,FO,NSE,IDO,61353,,NIFTY,,2026-08-25,2026-08-25,22000.00,PE,NIFTY26AUG22000PE,26.95,26.95,13.65,14.10,14.00,29.55,23995.95,14.10,1667120,-32760,27168,38878734180.00,16366,F1,65,,,,,
2026-07-27,2026-07-27,FO,NSE,IDO,61396,,NIFTY,,2026-08-25,2026-08-25,22450.00,PE,NIFTY26AUG22450PE,34.40,35.25,22.45,22.85,22.85,50.90,23995.95,22.85,18460,1430,351,512893628.00,211,F1,65,,,,,
2026-07-27,2026-07-27,FO,NSE,IDO,61412,,NIFTY,,2026-08-25,2026-08-25,22750.00,PE,NIFTY26AUG22750PE,50.95,55.45,34.35,35.25,35.20,79.00,23995.95,35.25,35815,455,600,889032114.75,421,F1,65,,,,,
2026-07-27,2026-07-27,FO,NSE,IDO,61437,,NIFTY,,2026-08-25,2026-08-25,23100.00,PE,NIFTY26AUG23100PE,90.80,104.65,59.95,61.65,62.20,128.05,23995.95,61.65,500825,47385,9168,13809963297.00,5745,F1,65,,,,,
2026-07-27,2026-07-27,FO,NSE,IDO,61454,,NIFTY,,2026-08-25,2026-08-25,23250.00,PE,NIFTY26AUG23250PE,124.85,129.90,76.85,80.35,79.00,167.10,23995.95,80.35,58240,7670,1450,2200645775.25,917,F1,65,,,,,
2026-07-27,2026-07-27,FO,NSE,IDO,61535,,NIFTY,,2026-08-25,2026-08-25,23800.00,PE,NIFTY26AUG23800PE,268.00,288.90,197.70,204.45,197.70,348.15,23995.95,204.45,1420705,56030,15882,24817975013.00,10364,F1,65,,,,,
2026-07-27,2026-07-27,FO,NSE,IDO,61984,,NIFTY,,2026-08-25,2026-08-25,25700.00,PE,NIFTY26AUG25700PE,1700.00,1700.00,1568.90,1586.30,1568.90,1820.00,23995.95,1586.30,25155,18265,285,506772197.75,171,F1,65,,,,,
2026-07-27,2026-07-27,FO,NSE,IDO,46984,,NIFTY,,2026-09-01,2026-09-01,23950.00,PE,NIFTY2690123950PE,0.00,0.00,0.00,369.60,0.00,369.60,23995.95,408.90,0,0,0,0.00,0,F1,65,,,,,
2026-07-27,2026-07-27,FO,NSE,IDO,47012,,NIFTY,,2026-09-01,2026-09-01,24650.00,PE,NIFTY2690124650PE,0.00,0.00,0.00,713.50,0.00,713.50,23995.95,795.00,0,0,0,0.00,0,F1,65,,,,,
2026-07-27,2026-07-27,FO,NSE,IDO,47024,,NIFTY,,2026-09-01,2026-09-01,24950.00,PE,NIFTY2690124950PE,0.00,0.00,0.00,902.35,0.00,902.35,23995.95,1003.80,0,0,0,0.00,0,F1,65,,,,,
2026-07-27,2026-07-27,FO,NSE,IDO,47036,,NIFTY,,2026-09-01,2026-09-01,25250.00,PE,NIFTY2690125250PE,0.00,0.00,0.00,1113.75,0.00,1113.75,23995.95,1234.85,0,0,0,0.00,0,F1,65,,,,,
2026-07-27,2026-07-27,FO,NSE,IDO,47042,,NIFTY,,2026-09-01,2026-09-01,25400.00,PE,NIFTY2690125400PE,0.00,0.00,0.00,1227.30,0.00,1227.30,23995.95,1357.40,0,0,0,0.00,0,F1,65,,,,,
2026-07-27,2026-07-27,FO,NSE,IDO,73855,,NIFTY,,2026-09-29,2026-09-29,21850.00,PE,NIFTY26SEP21850PE,42.80,42.80,38.05,38.15,38.30,63.15,23995.95,38.15,2860,65,8,11382611.50,5,F1,65,,,,,
2026-07-27,2026-07-27,FO,NSE,IDO,73872,,NIFTY,,2026-09-29,2026-09-29,22150.00,PE,NIFTY26SEP22150PE,60.20,60.20,48.15,48.15,48.15,79.40,23995.95,48.15,28925,-1820,92,132780566.75,40,F1,65,,,,,
2026-07-27,2026-07-27,FO,NSE,IDO,73896,,NIFTY,,2026-09-29,2026-09-29,22800.00,PE,NIFTY26SEP22800PE,136.70,136.70,97.25,99.20,97.50,160.95,23995.95,99.20,109590,4160,1193,1776893482.00,659,F1,65,,,,,
2026-07-27,2026-07-27,FO,NSE,IDO,73902,,NIFTY,,2026-09-29,2026-09-29,22950.00,PE,NIFTY26SEP22950PE,144.65,145.40,117.65,118.90,117.65,190.00,23995.95,118.90,16770,390,61,91523682.25,48,F1,65,,,,,
2026-07-27,2026-07-27,FO,NSE,IDO,74354,,NIFTY,,2026-09-29,2026-09-29,24700.00,PE,NIFTY26SEP24700PE,799.95,814.60,711.10,718.70,712.10,880.00,23995.95,718.70,60255,10595,316,523593915.00,195,F1,65,,,,,
2026-07-27,2026-07-27,FO,NSE,IDO,74421,,NIFTY,,2026-09-29,2026-09-29,25800.00,PE,NIFTY26SEP25800PE,0.00,0.00,0.00,1395.00,1395.00,1395.00,23995.95,1693.40,130,0,0,0.00,0,F1,65,,,,,
2026-07-27,2026-07-27,FO,NSE,IDO,65924,,NIFTY,,2026-09-29,2026-09-29,30000.00,PE,NIFTY26SEP30000PE,5850.00,5850.00,5682.85,5682.85,5682.85,5906.30,23995.95,5659.05,144820,-520,44,102205424.75,36,F1,65,,,,,
2026-07-27,2026-07-27,FO,NSE,IDO,55329,,NIFTY,,2026-12-29,2026-12-29,25500.00,PE,NIFTY26DEC25500PE,1243.15,1278.05,1175.15,1184.25,1175.15,1366.25,23995.95,1184.25,169910,390,58,100783998.25,50,F1,65,,,,,
2026-07-27,2026-07-27,FO,NSE,IDO,80269,,NIFTY,,2027-03-30,2027-03-30,21000.00,PE,NIFTY27MAR21000PE,137.50,140.05,133.00,134.70,134.95,149.95,23995.95,134.70,318630,2795,348,478114416.00,239,F1,65,,,,,
2026-07-27,2026-07-27,FO,NSE,IDO,80306,,NIFTY,,2027-03-30,2027-03-30,28500.00,PE,NIFTY27MAR28500PE,0.00,0.00,0.00,4504.70,0.00,4504.70,23995.95,3601.85,0,0,0,0.00,0,F1,65,,,,,
2026-07-27,2026-07-27,FO,NSE,IDO,55371,,NIFTY,,2027-06-29,2027-06-29,16500.00,PE,NIFTY27JUN16500PE,0.00,0.00,0.00,24.15,24.15,24.15,23995.95,3.35,650,0,0,0.00,0,F1,65,,,,,
2026-07-27,2026-07-27,FO,NSE,IDO,55427,,NIFTY,,2027-12-28,2027-12-28,25500.00,PE,NIFTY27DEC25500PE,0.00,0.00,0.00,676.05,0.00,676.05,23995.95,1518.40,0,0,0,0.00,0,F1,65,,,,,
2026-07-27,2026-07-27,FO,NSE,IDO,55475,,NIFTY,,2028-06-27,2028-06-27,22500.00,PE,NIFTY28JUN22500PE,0.00,0.00,0.00,206.95,0.00,206.95,23995.95,586.80,0,0,0,0.00,0,F1,65,,,,,
2026-07-27,2026-07-27,FO,NSE,IDO,55481,,NIFTY,,2028-06-27,2028-06-27,31500.00,PE,NIFTY28JUN31500PE,0.00,0.00,0.00,2935.60,0.00,2935.60,23995.95,4722.75,0,0,0,0.00,0,F1,65,,,,,
2026-07-27,2026-07-27,FO,NSE,IDO,55519,,NIFTY,,2028-12-26,2028-12-26,19500.00,PE,NIFTY28DEC19500PE,0.00,0.00,0.00,49.00,0.00,49.00,23995.95,188.95,0,0,0,0.00,0,F1,65,,,,,
2026-07-27,2026-07-27,FO,NSE,IDO,55705,,NIFTY,,2030-12-31,2030-12-31,22500.00,PE,NIFTY30DEC22500PE,0.00,0.00,0.00,219.35,0.00,219.35,23995.95,576.60,0,0,0,0.00,0,F1,65,,,,,
2026-07-27,2026-07-27,FO,NSE,IDO,55761,,NIFTY,,2030-12-31,2030-12-31,28500.00,PE,NIFTY30DEC28500PE,0.00,0.00,0.00,1083.10,0.00,1083.10,23995.95,1993.00,0,0,0,0.00,0,F1,65,,,,,
2026-07-27,2026-07-27,FO,NSE,IDO,55765,,NIFTY,,2030-12-31,2030-12-31,31500.00,PE,NIFTY30DEC31500PE,0.00,0.00,0.00,1885.50,0.00,1885.50,23995.95,3093.10,0,0,0,0.00,0,F1,65,,,,,
2026-07-27,2026-07-27,FO,NSE,IDO,74648,,NIFTY,,2031-06-24,2031-06-24,22500.00,PE,NIFTY31JUN22500PE,0.00,0.00,0.00,663.60,0.00,663.60,23995.95,558.50,0,0,0,0.00,0,F1,65,,,,,
2026-07-27,2026-07-27,FO,NSE,IDO,65852,,NIFTY,,2026-08-04,2026-08-04,24350.00,CE,NIFTY2680424350CE,53.10,56.80,38.35,51.60,53.55,40.30,23995.95,51.60,616395,164320,40778,64663580465.25,27467,F1,65,,,,,
2026-07-27,2026-07-27,FO,NSE,IDO,65808,,NIFTY,,2026-08-04,2026-08-04,24300.00,CE,NIFTY2680424300CE,65.15,68.05,47.75,64.20,67.55,48.60,23995.95,64.20,2173080,822575,124754,197514313210.50,69206,F1,65,,,,,
2026-07-27,2026-07-27,FO,NSE,IDO,65676,,NIFTY,,2026-08-04,2026-08-04,23600.00,CE,NIFTY2680423600CE,401.00,496.25,390.00,480.35,492.00,342.80,23995.95,480.35,205660,-22620,7037,10992128758.00,4786,F1,65,,,,,
2026-07-27,2026-07-27,FO,NSE,IDO,65529,,NIFTY,,2026-08-04,2026-08-04,23300.00,CE,NIFTY2680423300CE,680.85,772.80,649.20,763.65,772.45,576.20,23995.95,763.65,14495,-1690,431,672399721.50,314,F1,65,,,,,
2026-07-27,2026-07-27,FO,NSE,IDO,65525,,NIFTY,,2026-08-04,2026-08-04,23200.00,CE,NIFTY2680423200CE,791.60,870.20,744.00,864.05,870.20,661.25,23995.95,864.05,11180,-2535,399,622489942.75,285,F1,65,,,,,
2026-07-27,2026-07-27,FO,NSE,IDO,65451,,NIFTY,,2026-08-04,2026-08-04,22900.00,CE,NIFTY2680422900CE,1066.60,1165.05,1066.60,1155.10,1165.05,920.50,23995.95,1155.10,48620,48230,899,1403444428.75,531,F1,65,,,,,
2026-07-27,2026-07-27,FO,NSE,IDO,65429,,NIFTY,,2026-08-04,2026-08-04,22400.00,CE,NIFTY2680422400CE,0.00,0.00,0.00,1573.40,1573.40,1573.40,23995.95,1626.10,65,0,0,0.00,0,F1,65,,,,,
2026-07-27,2026-07-27,FO,NSE,IDO,64023,,NIFTY,,2026-07-28,2026-07-28,25950.00,CE,NIFTY26JUL25950CE,0.70,0.80,0.30,0.40,0.30,0.50,23995.95,0.40,82550,-68120,6969,11755188012.75,1760,F1,65,,,,,
2026-07-27,2026-07-27,FO,NSE,IDO,63995,,NIFTY,,2026-07-28,2026-07-28,25350.00,CE,NIFTY26JUL25350CE,0.80,1.50,0.30,0.45,0.35,0.80,23995.95,0.45,1524120,-678470,133048,219234293508.75,24019,F1,65,,,,,
2026-07-27,2026-07-27,FO,NSE,IDO,63987,,NIFTY,,2026-07-28,2026-07-28,25200.00,CE,NIFTY26JUL25200CE,0.80,1.15,0.40,0.50,0.40,0.95,23995.95,0.50,2688790,-2950805,317352,519836555540.25,48904,F1,65,,,,,
2026-07-27,2026-07-27,FO,NSE,IDO,63953,,NIFTY,,2026-07-28,2026-07-28,24350.00,CE,NIFTY26JUL24350CE,5.40,7.00,2.75,3.30,2.95,6.60,23995.95,3.30,3631875,1068795,1015789,1607991435677.25,209900,F1,65,,,,,
2026-07-27,2026-07-27,FO,NSE,IDO,63933,,NIFTY,,2026-07-28,2026-07-28,23850.00,CE,NIFTY26JUL23850CE,140.00,204.60,110.30,188.40,202.50,93.80,23995.95,188.40,1156025,-2458820,1994195,3110511146190.50,1154575,F1,65,,,,,
2026-07-27,2026-07-27,FO,NSE,IDO,63929,,NIFTY,,2026-07-28,2026-07-28,23800.00,CE,NIFTY26JUL23800CE,181.00,252.00,144.35,234.65,250.85,117.85,23995.95,234.65,2006290,-5236205,1512850,2358786984703.50,876121,F1,65,,,,,
2026-07-27,2026-07-27,FO,NSE,IDO,63917,,NIFTY,,2026-07-28,2026-07-28,23550.00,CE,NIFTY26JUL23550CE,399.70,497.60,362.10,482.70,497.00,292.05,23995.95,482.70,155675,-71890,10707,16683449120.00,6341,F1,65,,,,,
2026-07-27,2026-07-27,FO,NSE,IDO,63913,,NIFTY,,2026-07-28,2026-07-28,23450.00,CE,NIFTY26JUL23450CE,512.70,596.40,461.65,587.40,594.25,380.20,23995.95,587.40,69875,-13780,3527,5495386234.00,2093,F1,65,,,,,
2026-07-27,2026-07-27,FO,NSE,IDO,63851,,NIFTY,,2026-07-28,2026-07-28,21900.00,CE,NIFTY26JUL21900CE,0.00,0.00,0.00,2080.00,2080.00,2080.00,23995.95,2099.60,520,0,0,0.00,0,F1,65,,,,,
2026-07-27,2026-07-27,FO,NSE,IDO,65858,,NIFTY,,2026-08-04,2026-08-04,24450.00,CE,NIFTY2680424450CE,37.35,37.35,24.70,32.85,35.80,27.50,23995.95,32.85,459355,210730,32553,51798771849.50,18270,F1,65,,,,,
2026-07-27,2026-07-27,FO,NSE,IDO,65891,,NIFTY,,2026-08-04,2026-08-04,24750.00,CE,NIFTY2680424750CE,10.00,10.00,6.15,8.15,8.90,8.00,23995.95,8.15,499980,27235,34455,55446571969.75,16062,F1,65,,,,,
2026-07-27,2026-07-27,FO,NSE,IDO,65944,,NIFTY,,2026-08-04,2026-08-04,25550.00,CE,NIFTY2680425550CE,1.70,1.90,1.10,1.10,1.15,1.45,23995.95,1.10,192530,124215,4652,7726225607.75,4090,F1,65,,,,,
2026-07-27,2026-07-27,FO,NSE,IDO,40893,,NIFTY,,2026-08-11,2026-08-11,21800.00,CE,NIFTY2681121800CE,0.00,0.00,0.00,2729.80,0.00,2729.80,23995.95,2250.65,0,0,0,0.00,0,F1,65,,,,,
2026-07-27,2026-07-27,FO,NSE,IDO,40897,,NIFTY,,2026-08-11,2026-08-11,21850.00,CE,NIFTY2681121850CE,0.00,0.00,0.00,2680.75,0.00,2680.75,23995.95,2200.85,0,0,0,0.00,0,F1,65,,,,,
2026-07-27,2026-07-27,FO,NSE,IDO,40967,,NIFTY,,2026-08-11,2026-08-11,23450.00,CE,NIFTY2681123450CE,618.15,619.85,616.90,616.90,616.90,591.50,23995.95,710.65,1365,-455,8,12516019.75,6,F1,65,,,,,
2026-07-27,2026-07-27,FO,NSE,IDO,40983,,NIFTY,,2026-08-11,2026-08-11,23800.00,CE,NIFTY2681123800CE,365.00,400.00,330.45,391.90,397.25,304.50,23995.95,391.90,71175,-42315,3577,5618003800.50,2545,F1,65,,,,,
2026-07-27,2026-07-27,FO,NSE,IDO,74417,,NIFTY,,2026-09-29,2026-09-29,25700.00,PE,NIFTY26SEP25700PE,0.00,0.00,0.00,1665.00,1665.00,1665.00,23995.95,1613.45,65,0,0,0.00,0,F1,65,,,,,
2026-07-27,2026-07-27,FO,NSE,IDO,65930,,NIFTY,,2026-09-29,2026-09-29,33000.00,PE,NIFTY26SEP33000PE,0.00,0.00,0.00,6552.15,0.00,6552.15,23995.95,8623.80,0,0,0,0.00,0,F1,65,,,,,
2026-07-27,2026-07-27,FO,NSE,IDO,58629,,NIFTY,,2026-12-29,2026-12-29,12000.00,PE,NIFTY26DEC12000PE,5.50,5.50,5.50,5.50,5.50,6.65,23995.95,0.00,21530,0,2,1560715.00,2,F1,65,,,,,
2026-07-27,2026-07-27,FO,NSE,IDO,55423,,NIFTY,,2027-12-28,2027-12-28,19500.00,PE,NIFTY27DEC19500PE,0.00,0.00,0.00,29.25,0.00,29.25,23995.95,120.25,0,0,0,0.00,0,F1,65,,,,,
2026-07-27,2026-07-27,FO,NSE,IDO,55425,,NIFTY,,2027-12-28,2027-12-28,22500.00,PE,NIFTY27DEC22500PE,0.00,0.00,0.00,186.50,0.00,186.50,23995.95,542.95,0,0,0,0.00,0,F1,65,,,,,
2026-07-27,2026-07-27,FO,NSE,IDO,35347,,NIFTY,,2027-12-28,2027-12-28,30000.00,PE,NIFTY27DEC30000PE,0.00,0.00,0.00,4150.00,4150.00,4150.00,23995.95,4115.70,130,0,0,0.00,0,F1,65,,,,,
2026-07-27,2026-07-27,FO,NSE,IDO,86140,,NIFTY,,2028-06-27,2028-06-27,18000.00,PE,NIFTY28JUN18000PE,0.00,0.00,0.00,396.75,0.00,396.75,23995.95,68.35,0,0,0,0.00,0,F1,65,,,,,
2026-07-27,2026-07-27,FO,NSE,IDO,45085,,NIFTY,,2026-08-18,2026-08-18,23950.00,PE,NIFTY2681823950PE,287.50,290.80,215.55,222.25,217.10,367.15,23995.95,222.25,7865,3640,222,349228886.50,169,F1,65,,,,,
2026-07-27,2026-07-27,FO,NSE,IDO,63849,,NIFTY,,2026-07-28,2026-07-28,21850.00,CE,NIFTY26JUL21850CE,0.00,0.00,0.00,2031.20,2031.20,2031.20,23995.95,2149.60,65,0,0,0.00,0,F1,65,,,,,
2026-07-27,2026-07-27,FO,NSE,IDO,63871,,NIFTY,,2026-07-28,2026-07-28,22400.00,CE,NIFTY26JUL22400CE,0.00,0.00,0.00,1445.00,1445.00,1445.00,23995.95,1599.70,715,0,0,0.00,0,F1,65,,,,,
2026-07-27,2026-07-27,FO,NSE,IDO,63915,,NIFTY,,2026-07-28,2026-07-28,23500.00,CE,NIFTY26JUL23500CE,434.00,547.15,410.95,530.60,546.90,334.00,23995.95,530.60,624000,-344175,45305,70590337122.50,22457,F1,65,,,,,
2026-07-27,2026-07-27,FO,NSE,IDO,63919,,NIFTY,,2026-07-28,2026-07-28,23600.00,CE,NIFTY26JUL23600CE,331.00,447.35,275.00,433.30,443.15,250.65,23995.95,433.30,534755,-511160,68051,106041875806.75,39462,F1,65,,,,,
2026-07-27,2026-07-27,FO,NSE,IDO,63925,,NIFTY,,2026-07-28,2026-07-28,23700.00,CE,NIFTY26JUL23700CE,207.55,347.95,207.55,331.50,347.00,176.90,23995.95,331.50,1896050,-2104570,315967,492374529718.50,187535,F1,65,,,,,
2026-07-27,2026-07-27,FO,NSE,IDO,63971,,NIFTY,,2026-07-28,2026-07-28,24800.00,CE,NIFTY26JUL24800CE,1.20,1.60,0.55,0.90,0.65,1.85,23995.95,0.90,5870930,-518310,649667,1047311038059.00,100579,F1,65,,,,,
2026-07-27,2026-07-27,FO,NSE,IDO,63975,,NIFTY,,2026-07-28,2026-07-28,24900.00,CE,NIFTY26JUL24900CE,1.30,1.40,0.60,0.75,0.60,1.50,23995.95,0.75,2565875,-926445,305342,494215799415.00,49198,F1,65,,,,,
2026-07-27,2026-07-27,FO,NSE,IDO,63981,,NIFTY,,2026-07-28,2026-07-28,25050.00,CE,NIFTY26JUL25050CE,1.15,1.15,0.50,0.60,0.50,1.30,23995.95,0.60,626405,-24960,65772,107097061126.25,12951,F1,65,,,,,
2026-07-27,2026-07-27,FO,NSE,IDO,63998,,NIFTY,,2026-07-28,2026-07-28,25400.00,CE,NIFTY26JUL25400CE,0.65,1.40,0.25,0.55,0.35,0.75,23995.95,0.55,1055145,-2559245,166962,275660935696.25,33270,F1,65,,,,,
2026-07-27,2026-07-27,FO,NSE,IDO,65445,,NIFTY,,2026-08-04,2026-08-04,22750.00,CE,NIFTY2680422750CE,0.00,0.00,0.00,1368.05,0.00,1368.05,23995.95,1279.05,0,0,0,0.00,0,F1,65,,,,,
2026-07-27,2026-07-27,FO,NSE,IDO,65447,,NIFTY,,2026-08-04,2026-08-04,22800.00,CE,NIFTY2680422800CE,1149.00,1215.35,1137.60,1215.35,1215.35,1038.05,23995.95,1229.95,8775,4875,83,129359886.50,69,F1,65,,,,,
2026-07-27,2026-07-27,FO,NSE,IDO,65867,,NIFTY,,2026-08-04,2026-08-04,24550.00,CE,NIFTY2680424550CE,22.55,22.55,15.60,20.25,21.20,18.80,23995.95,20.25,593190,369460,31880,50911947567.00,18976,F1,65,,,,,
2026-07-27,2026-07-27,FO,NSE,IDO,65871,,NIFTY,,2026-08-04,2026-08-04,24600.00,CE,NIFTY2680424600CE,21.05,21.05,12.25,16.00,17.10,15.15,23995.95,16.00,1431430,606840,80835,129332801432.25,39560,F1,65,,,,,
2026-07-27,2026-07-27,FO,NSE,IDO,65883,,NIFTY,,2026-08-04,2026-08-04,24700.00,CE,NIFTY2680424700CE,11.70,15.00,7.55,9.75,9.90,10.15,23995.95,9.75,1827020,821470,106092,170394028070.50,46573,F1,65,,,,,
2026-07-27,2026-07-27,FO,NSE,IDO,65920,,NIFTY,,2026-08-04,2026-08-04,25100.00,CE,NIFTY2680425100CE,3.40,3.40,1.85,2.30,2.45,2.60,23995.95,2.30,1456975,362440,55155,89993782102.25,24634,F1,65,,,,,
2026-07-27,2026-07-27,FO,NSE,IDO,65942,,NIFTY,,2026-08-04,2026-08-04,25500.00,CE,NIFTY2680425500CE,1.60,1.95,1.15,1.25,1.25,1.55,23995.95,1.25,1853280,887380,85521,141759661446.00,19815,F1,65,,,,,
2026-07-27,2026-07-27,FO,NSE,IDO,40937,,NIFTY,,2026-08-11,2026-08-11,22700.00,CE,NIFTY2681122700CE,0.00,0.00,0.00,1867.15,0.00,1867.15,23995.95,1366.95,0,0,0,0.00,0,F1,65,,,,,
2026-07-27,2026-07-27,FO,NSE,IDO,40959,,NIFTY,,2026-08-11,2026-08-11,23250.00,CE,NIFTY2681123250CE,0.00,0.00,0.00,722.60,722.60,722.60,23995.95,871.00,390,0,0,0.00,0,F1,65,,,,,
2026-07-27,2026-07-27,FO,NSE,IDO,40963,,NIFTY,,2026-08-11,2026-08-11,23350.00,CE,NIFTY2681123350CE,0.00,0.00,0.00,607.25,607.25,607.25,23995.95,789.10,2275,0,0,0.00,0,F1,65,,,,,
2026-07-27,2026-07-27,FO,NSE,IDO,41057,,NIFTY,,2026-08-11,2026-08-11,25500.00,CE,NIFTY2681125500CE,3.75,4.70,2.75,3.05,3.00,3.35,23995.95,3.05,121355,34710,4895,8114583896.25,2668,F1,65,,,,,
2026-07-27,2026-07-27,FO,NSE,IDO,41059,,NIFTY,,2026-08-11,2026-08-11,25550.00,CE,NIFTY2681125550CE,2.75,4.20,2.70,3.15,3.15,4.50,23995.95,13.10,2470,0,56,93013407.50,46,F1,65,,,,,
2026-07-27,2026-07-27,FO,NSE,IDO,41075,,NIFTY,,2026-08-11,2026-08-11,25900.00,CE,NIFTY2681125900CE,2.20,3.05,1.65,1.85,1.80,2.25,23995.95,1.85,2275,650,54,90916241.00,34,F1,65,,,,,
2026-07-27,2026-07-27,FO,NSE,IDO,45067,,NIFTY,,2026-08-18,2026-08-18,23550.00,CE,NIFTY2681823550CE,593.75,625.60,593.75,625.60,625.60,655.25,23995.95,625.60,1105,650,13,20411631.50,8,F1,65,,,,,
2026-07-27,2026-07-27,FO,NSE,IDO,45120,,NIFTY,,2026-08-18,2026-08-18,24650.00,CE,NIFTY2681824650CE,70.90,74.75,62.30,72.95,73.30,63.95,23995.95,72.95,13780,1300,104,167104125.50,83,F1,65,,,,,
2026-07-27,2026-07-27,FO,NSE,IDO,45186,,NIFTY,,2026-08-18,2026-08-18,25700.00,CE,NIFTY2681825700CE,4.20,5.20,4.15,4.20,4.15,6.55,23995.95,4.20,1105,975,40,66831482.25,19,F1,65,,,,,
2026-07-27,2026-07-27,FO,NSE,IDO,61557,,NIFTY,,2026-08-25,2026-08-25,23900.00,CE,NIFTY26AUG23900CE,367.40,451.30,367.40,441.45,450.00,366.30,23995.95,441.45,502515,71760,14476,22877419529.25,9408,F1,65,,,,,
2026-07-27,2026-07-27,FO,NSE,IDO,61955,,NIFTY,,2026-08-25,2026-08-25,25400.00,CE,NIFTY26AUG25400CE,20.00,21.45,14.85,16.40,17.75,18.35,23995.95,16.40,219505,-14105,4806,7939838874.50,3380,F1,65,,,,,
2026-07-27,2026-07-27,FO,NSE,IDO,61975,,NIFTY,,2026-08-25,2026-08-25,25500.00,CE,NIFTY26AUG25500CE,16.95,17.00,11.55,12.75,12.90,14.70,23995.95,12.75,1870960,21905,26065,43224573223.00,15244,F1,65,,,,,
2026-07-27,2026-07-27,FO,NSE,IDO,61997,,NIFTY,,2026-08-25,2026-08-25,25800.00,CE,NIFTY26AUG25800CE,8.80,8.80,6.05,6.75,6.90,8.40,23995.95,6.75,16965,6890,374,627362463.00,250,F1,65,,,,,
2026-07-27,2026-07-27,FO,NSE,IDO,46917,,NIFTY,,2026-09-01,2026-09-01,22300.00,CE,NIFTY2690122300CE,0.00,0.00,0.00,2078.55,0.00,2078.55,23995.95,1875.75,0,0,0,0.00,0,F1,65,,,,,
2026-07-27,2026-07-27,FO,NSE,IDO,55759,,NIFTY,,2030-12-31,2030-12-31,27000.00,PE,NIFTY30DEC27000PE,0.00,0.00,0.00,779.50,0.00,779.50,23995.95,1540.80,0,0,0,0.00,0,F1,65,,,,,
2026-07-27,2026-07-27,FO,NSE,IDO,46937,,NIFTY,,2026-09-01,2026-09-01,22800.00,CE,NIFTY2690122800CE,0.00,0.00,0.00,1629.40,0.00,1629.40,23995.95,1430.20,0,0,0,0.00,0,F1,65,,,,,
2026-07-27,2026-07-27,FO,NSE,IDO,46943,,NIFTY,,2026-09-01,2026-09-01,22950.00,CE,NIFTY2690122950CE,0.00,0.00,0.00,1501.80,0.00,1501.80,23995.95,1304.75,0,0,0,0.00,0,F1,65,,,,,
2026-07-27,2026-07-27,FO,NSE,IDO,47011,,NIFTY,,2026-09-01,2026-09-01,24650.00,CE,NIFTY2690124650CE,0.00,0.00,0.00,422.75,0.00,422.75,23995.95,301.10,0,0,0,0.00,0,F1,65,,,,,
2026-07-27,2026-07-27,FO,NSE,IDO,47029,,NIFTY,,2026-09-01,2026-09-01,25100.00,CE,NIFTY2690125100CE,0.00,0.00,0.00,267.80,0.00,267.80,23995.95,175.95,0,0,0,0.00,0,F1,65,,,,,
2026-07-27,2026-07-27,FO,NSE,IDO,47037,,NIFTY,,2026-09-01,2026-09-01,25300.00,CE,NIFTY2690125300CE,0.00,0.00,0.00,215.90,0.00,215.90,23995.95,135.55,0,0,0,0.00,0,F1,65,,,,,
2026-07-27,2026-07-27,FO,NSE,IDO,47049,,NIFTY,,2026-09-01,2026-09-01,25600.00,CE,NIFTY2690125600CE,0.00,0.00,0.00,151.35,0.00,151.35,23995.95,89.35,0,0,0,0.00,0,F1,65,,,,,
2026-07-27,2026-07-27,FO,NSE,IDO,65881,,NIFTY,,2026-09-29,2026-09-29,15000.00,CE,NIFTY26SEP15000CE,0.00,0.00,0.00,10499.30,0.00,10499.30,23995.95,9168.80,0,0,0,0.00,0,F1,65,,,,,
2026-07-27,2026-07-27,FO,NSE,IDO,65887,,NIFTY,,2026-09-29,2026-09-29,18000.00,CE,NIFTY26SEP18000CE,0.00,0.00,0.00,6137.70,6137.70,6137.70,23995.95,6203.40,1300,0,0,0.00,0,F1,65,,,,,
2026-07-27,2026-07-27,FO,NSE,IDO,73877,,NIFTY,,2026-09-29,2026-09-29,22300.00,CE,NIFTY26SEP22300CE,0.00,0.00,0.00,1833.95,1831.70,1833.95,23995.95,2042.95,195,0,0,0.00,0,F1,65,,,,,
2026-07-27,2026-07-27,FO,NSE,IDO,73879,,NIFTY,,2026-09-29,2026-09-29,22350.00,CE,NIFTY26SEP22350CE,0.00,0.00,0.00,1788.15,1785.90,1788.15,23995.95,1999.70,195,0,0,0.00,0,F1,65,,,,,
2026-07-27,2026-07-27,FO,NSE,IDO,73910,,NIFTY,,2026-09-29,2026-09-29,23200.00,CE,NIFTY26SEP23200CE,0.00,0.00,0.00,1068.50,1068.50,1068.50,23995.95,1323.50,1885,0,0,0.00,0,F1,65,,,,,
2026-07-27,2026-07-27,FO,NSE,IDO,73927,,NIFTY,,2026-09-29,2026-09-29,23400.00,CE,NIFTY26SEP23400CE,979.95,1040.00,968.20,1028.15,1040.00,896.15,23995.95,1028.15,2470,455,17,26960537.50,16,F1,65,,,,,
2026-07-27,2026-07-27,FO,NSE,IDO,73964,,NIFTY,,2026-09-29,2026-09-29,23450.00,CE,NIFTY26SEP23450CE,0.00,0.00,0.00,1136.05,1136.05,1136.05,23995.95,1148.85,585,0,0,0.00,0,F1,65,,,,,
2026-07-27,2026-07-27,FO,NSE,IDO,73985,,NIFTY,,2026-09-29,2026-09-29,23500.00,CE,NIFTY26SEP23500CE,909.45,970.55,883.00,953.20,970.55,831.15,23995.95,953.20,130260,7150,632,1002970705.75,505,F1,65,,,,,
2026-07-27,2026-07-27,FO,NSE,IDO,74005,,NIFTY,,2026-09-29,2026-09-29,23650.00,CE,NIFTY26SEP23650CE,0.00,0.00,0.00,788.95,788.95,788.95,23995.95,1019.60,585,0,0,0.00,0,F1,65,,,,,
2026-07-27,2026-07-27,FO,NSE,IDO,74097,,NIFTY,,2026-09-29,2026-09-29,24250.00,CE,NIFTY26SEP24250CE,440.25,482.90,435.30,476.15,482.90,405.00,23995.95,476.15,8125,-585,51,81890864.25,46,F1,65,,,,,
2026-07-27,2026-07-27,FO,NSE,IDO,74366,,NIFTY,,2026-09-29,2026-09-29,25050.00,CE,NIFTY26SEP25050CE,160.40,168.35,149.20,165.60,166.60,141.20,23995.95,165.60,13390,1430,183,299814706.75,143,F1,65,,,,,
2026-07-27,2026-07-27,FO,NSE,IDO,74384,,NIFTY,,2026-09-29,2026-09-29,25250.00,CE,NIFTY26SEP25250CE,0.00,0.00,0.00,422.05,0.00,422.05,23995.95,310.30,0,0,0,0.00,0,F1,65,,,,,
2026-07-27,2026-07-27,FO,NSE,IDO,74386,,NIFTY,,2026-09-29,2026-09-29,25300.00,CE,NIFTY26SEP25300CE,110.00,119.40,99.00,111.60,114.00,96.85,23995.95,111.60,172640,37375,2327,3842749849.25,1270,F1,65,,,,,
2026-07-27,2026-07-27,FO,NSE,IDO,58640,,NIFTY,,2026-12-29,2026-12-29,18000.00,CE,NIFTY26DEC18000CE,0.00,0.00,0.00,6755.00,6755.00,6755.00,23995.95,6495.50,2145,0,0,0.00,0,F1,65,,,,,
2026-07-27,2026-07-27,FO,NSE,IDO,55336,,NIFTY,,2026-12-29,2026-12-29,34500.00,CE,NIFTY26DEC34500CE,0.00,0.00,0.00,7.05,7.05,7.05,23995.95,1.00,650,0,0,0.00,0,F1,65,,,,,
2026-07-27,2026-07-27,FO,NSE,IDO,80270,,NIFTY,,2027-03-30,2027-03-30,22500.00,CE,NIFTY27MAR22500CE,2550.00,2559.05,2550.00,2559.05,2559.05,2399.00,23995.95,2860.65,1755,0,2,3257088.25,2,F1,65,,,,,
2026-07-27,2026-07-27,FO,NSE,IDO,55516,,NIFTY,,2028-12-26,2028-12-26,16500.00,CE,NIFTY28DEC16500CE,0.00,0.00,0.00,12176.65,0.00,12176.65,23995.95,9970.45,0,0,0,0.00,0,F1,65,,,,,
2026-07-27,2026-07-27,FO,NSE,IDO,89636,,NIFTY,,2029-06-26,2029-06-26,27000.00,CE,NIFTY29JUN27000CE,0.00,0.00,0.00,6570.40,0.00,6570.40,23995.95,3595.30,0,0,0,0.00,0,F1,65,,,,,
2026-07-27,2026-07-27,FO,NSE,IDO,55604,,NIFTY,,2029-12-24,2029-12-24,25500.00,CE,NIFTY29DEC25500CE,0.00,0.00,0.00,6500.60,0.00,6500.60,23995.95,4933.45,0,0,0,0.00,0,F1,65,,,,,
2026-07-27,2026-07-27,FO,NSE,IDO,61932,,NIFTY,,2029-12-24,2029-12-24,30000.00,CE,NIFTY29DEC30000CE,0.00,0.00,0.00,2863.20,2863.20,2863.20,23995.95,2985.90,8145,0,0,0.00,0,F1,65,,,,,
2026-07-27,2026-07-27,FO,NSE,IDO,55702,,NIFTY,,2030-12-31,2030-12-31,21000.00,CE,NIFTY30DEC21000CE,0.00,0.00,0.00,10552.50,0.00,10552.50,23995.95,8708.25,0,0,0,0.00,0,F1,65,,,,,
2026-07-27,2026-07-27,FO,NSE,IDO,74653,,NIFTY,,2031-06-24,2031-06-24,27000.00,CE,NIFTY31JUN27000CE,0.00,0.00,0.00,5699.00,0.00,5699.00,23995.95,5932.30,0,0,0,0.00,0,F1,65,,,,,
2026-07-27,2026-07-27,FO,NSE,IDO,63818,,NIFTY,,2026-07-28,2026-07-28,21250.00,PE,NIFTY26JUL21250PE,1.30,1.45,0.50,0.60,0.65,0.70,23995.95,0.60,60580,23790,5066,6997620815.25,1203,F1,65,,,,,
2026-07-27,2026-07-27,FO,NSE,IDO,63848,,NIFTY,,2026-07-28,2026-07-28,21800.00,PE,NIFTY26JUL21800PE,1.00,1.10,0.60,0.75,0.75,1.00,23995.95,0.75,946530,-304070,39543,56034328213.50,5575,F1,65,,,,,
2026-07-27,2026-07-27,FO,NSE,IDO,63864,,NIFTY,,2026-07-28,2026-07-28,22200.00,PE,NIFTY26JUL22200PE,0.90,1.35,0.70,1.05,1.20,1.25,23995.95,1.05,671580,-340275,65045,93863721025.75,12302,F1,65,,,,,
2026-07-27,2026-07-27,FO,NSE,IDO,63954,,NIFTY,,2026-07-28,2026-07-28,24350.00,PE,NIFTY26JUL24350PE,403.60,451.80,308.45,324.80,311.30,551.15,23995.95,324.80,118235,1625,8951,14384416728.50,6089,F1,65,,,,,
2026-07-27,2026-07-27,FO,NSE,IDO,63980,,NIFTY,,2026-07-28,2026-07-28,25000.00,PE,NIFTY26JUL25000PE,1040.15,1099.00,958.05,975.95,961.80,1200.70,23995.95,975.95,978445,-428870,12371,20928201749.00,8452,F1,65,,,,,
2026-07-27,2026-07-27,FO,NSE,IDO,63984,,NIFTY,,2026-07-28,2026-07-28,25100.00,PE,NIFTY26JUL25100PE,1156.25,1193.15,1058.20,1081.55,1058.20,1314.50,23995.95,1081.55,26780,-11700,341,581426251.25,222,F1,65,,,,,
2026-07-27,2026-07-27,FO,NSE,IDO,63988,,NIFTY,,2026-07-28,2026-07-28,25200.00,PE,NIFTY26JUL25200PE,1253.00,1294.00,1158.95,1177.75,1158.95,1375.00,23995.95,1177.75,64805,-37635,1234,2120318684.25,955,F1,65,,,,,
2026-07-27,2026-07-27,FO,NSE,IDO,64024,,NIFTY,,2026-07-28,2026-07-28,25950.00,PE,NIFTY26JUL25950PE,1975.00,1975.00,1975.00,1975.00,1975.00,2074.80,23995.95,1949.75,455,-65,1,1815125.00,1,F1,65,,,,,
2026-07-27,2026-07-27,FO,NSE,IDO,55601,,NIFTY,,2029-12-24,2029-12-24,19500.00,PE,NIFTY29DEC19500PE,0.00,0.00,0.00,61.20,0.00,61.20,23995.95,221.75,0,0,0,0.00,0,F1,65,,,,,
2026-07-27,2026-07-27,FO,NSE,IDO,89635,,NIFTY,,2029-06-26,2029-06-26,26000.00,PE,NIFTY29JUN26000PE,0.00,0.00,0.00,1650.00,1650.00,1650.00,23995.95,1510.75,50,0,0,0.00,0,F1,65,,,,,
2026-07-27,2026-07-27,FO,NSE,IDO,55561,,NIFTY,,2029-06-26,2029-06-26,22500.00,PE,NIFTY29JUN22500PE,0.00,0.00,0.00,224.45,0.00,224.45,23995.95,610.60,0,0,0,0.00,0,F1,65,,,,,
2026-07-27,2026-07-27,FO,NSE,IDO,67795,,NIFTY,,2028-12-26,2028-12-26,30000.00,PE,NIFTY28DEC30000PE,0.00,0.00,0.00,2352.75,0.00,2352.75,23995.95,3437.80,0,0,0,0.00,0,F1,65,,,,,
2026-07-27,2026-07-27,FO,NSE,IDO,55521,,NIFTY,,2028-12-26,2028-12-26,22500.00,PE,NIFTY28DEC22500PE,0.00,0.00,0.00,218.80,0.00,218.80,23995.95,606.25,0,0,0,0.00,0,F1,65,,,,,
2026-07-27,2026-07-27,FO,NSE,IDO,67777,,NIFTY,,2028-12-26,2028-12-26,21000.00,PE,NIFTY28DEC21000PE,0.00,0.00,0.00,490.00,490.00,490.00,23995.95,355.25,6930,0,0,0.00,0,F1,65,,,,,
2026-07-27,2026-07-27,FO,NSE,IDO,55477,,NIFTY,,2028-06-27,2028-06-27,25500.00,PE,NIFTY28JUN25500PE,0.00,0.00,0.00,667.45,0.00,667.45,23995.95,1471.70,0,0,0,0.00,0,F1,65,,,,,
2026-07-27,2026-07-27,FO,NSE,IDO,86148,,NIFTY,,2028-06-27,2028-06-27,22000.00,PE,NIFTY28JUN22000PE,0.00,0.00,0.00,555.00,550.00,555.00,23995.95,487.35,845,0,0,0.00,0,F1,65,,,,,
2026-07-27,2026-07-27,FO,NSE,IDO,64047,,NIFTY,,2026-07-28,2026-07-28,26300.00,PE,NIFTY26JUL26300PE,2345.00,2403.20,2262.20,2279.35,2269.00,2501.65,23995.95,2279.35,337935,-121550,4514,8399797825.25,3250,F1,65,,,,,
2026-07-27,2026-07-27,FO,NSE,IDO,65414,,NIFTY,,2026-08-04,2026-08-04,22100.00,PE,NIFTY2680422100PE,4.00,4.15,2.70,3.55,4.15,5.65,23995.95,3.55,74620,10270,3232,4643444711.75,1232,F1,65,,,,,
2026-07-27,2026-07-27,FO,NSE,IDO,65430,,NIFTY,,2026-08-04,2026-08-04,22400.00,PE,NIFTY2680422400PE,7.80,7.80,3.30,4.30,4.75,7.80,23995.95,4.30,145925,12285,13024,18966288935.75,5574,F1,65,,,,,
2026-07-27,2026-07-27,FO,NSE,IDO,65520,,NIFTY,,2026-08-04,2026-08-04,23050.00,PE,NIFTY2680423050PE,20.10,20.10,8.45,9.35,9.95,31.10,23995.95,9.35,228800,-215085,25397,38068961190.00,13871,F1,65,,,,,
2026-07-27,2026-07-27,FO,NSE,IDO,65853,,NIFTY,,2026-08-04,2026-08-04,24350.00,PE,NIFTY2680424350PE,439.90,471.45,341.10,353.55,342.45,560.65,23995.95,353.55,18980,4225,662,1065034431.50,545,F1,65,,,,,
2026-07-27,2026-07-27,FO,NSE,IDO,65937,,NIFTY,,2026-08-04,2026-08-04,25350.00,PE,NIFTY2680425350PE,1420.00,1420.00,1420.00,1420.00,1420.00,1332.50,23995.95,1323.85,520,455,8,13920400.00,8,F1,65,,,,,
2026-07-27,2026-07-27,FO,NSE,IDO,65948,,NIFTY,,2026-08-04,2026-08-04,25600.00,PE,NIFTY2680425600PE,0.00,0.00,0.00,1597.05,1597.05,1597.05,23995.95,1571.15,130,0,0,0.00,0,F1,65,,,,,
2026-07-27,2026-07-27,FO,NSE,IDO,40914,,NIFTY,,2026-08-11,2026-08-11,22150.00,PE,NIFTY2681122150PE,7.05,8.65,6.20,7.45,7.60,12.95,23995.95,7.45,6175,1170,196,282282334.75,109,F1,65,,,,,
2026-07-27,2026-07-27,FO,NSE,IDO,40950,,NIFTY,,2026-08-11,2026-08-11,23000.00,PE,NIFTY2681123000PE,35.05,38.45,17.40,18.65,17.70,57.70,23995.95,18.65,678990,490815,71037,106319993633.75,39485,F1,65,,,,,
2026-07-27,2026-07-27,FO,NSE,IDO,40960,,NIFTY,,2026-08-11,2026-08-11,23250.00,PE,NIFTY2681123250PE,60.40,60.40,30.65,32.40,32.75,96.80,23995.95,32.40,30680,16250,1099,1664124273.50,869,F1,65,,,,,
2026-07-27,2026-07-27,FO,NSE,IDO,40992,,NIFTY,,2026-08-11,2026-08-11,24000.00,PE,NIFTY2681124000PE,274.95,284.90,191.45,199.45,193.90,360.55,23995.95,199.45,333060,103545,11332,17853413350.50,8344,F1,65,,,,,
2026-07-27,2026-07-27,FO,NSE,IDO,41019,,NIFTY,,2026-08-11,2026-08-11,24650.00,PE,NIFTY2681124650PE,0.00,0.00,0.00,578.25,578.25,578.25,23995.95,707.95,195,0,0,0.00,0,F1,65,,,,,
2026-07-27,2026-07-27,FO,NSE,IDO,41032,,NIFTY,,2026-08-11,2026-08-11,24900.00,PE,NIFTY2681124900PE,0.00,0.00,0.00,910.40,910.40,910.40,23995.95,910.00,65,0,0,0.00,0,F1,65,,,,,
2026-07-27,2026-07-27,FO,NSE,IDO,41078,,NIFTY,,2026-08-11,2026-08-11,25950.00,PE,NIFTY2681125950PE,0.00,0.00,0.00,1497.75,0.00,1497.75,23995.95,1893.40,0,0,0,0.00,0,F1,65,,,,,
2026-07-27,2026-07-27,FO,NSE,IDO,45024,,NIFTY,,2026-08-18,2026-08-18,22700.00,PE,NIFTY2681822700PE,35.35,35.35,21.15,21.65,21.90,53.00,23995.95,21.65,18070,3770,298,440206471.25,145,F1,65,,,,,
2026-07-27,2026-07-27,FO,NSE,IDO,45046,,NIFTY,,2026-08-18,2026-08-18,23100.00,PE,NIFTY2681823100PE,66.30,66.30,40.80,42.55,41.40,104.90,23995.95,42.55,24830,12090,553,832266269.25,201,F1,65,,,,,
2026-07-27,2026-07-27,FO,NSE,IDO,45079,,NIFTY,,2026-08-18,2026-08-18,23800.00,PE,NIFTY2681823800PE,235.00,244.35,160.05,164.70,161.45,307.30,23995.95,164.70,17160,-2535,469,731756613.25,402,F1,65,,,,,
2026-07-27,2026-07-27,FO,NSE,IDO,45103,,NIFTY,,2026-08-18,2026-08-18,24300.00,PE,NIFTY2681824300PE,472.85,473.60,387.05,388.75,389.00,584.45,23995.95,388.75,3250,780,35,56294943.25,34,F1,65,,,,,
2026-07-27,2026-07-27,FO,NSE,IDO,45157,,NIFTY,,2026-08-18,2026-08-18,25200.00,PE,NIFTY2681825200PE,0.00,0.00,0.00,1165.40,0.00,1165.40,23995.95,1182.15,0,0,0,0.00,0,F1,65,,,,,
2026-07-27,2026-07-27,FO,NSE,IDO,45193,,NIFTY,,2026-08-18,2026-08-18,25800.00,PE,NIFTY2681825800PE,0.00,0.00,0.00,1669.70,0.00,1669.70,23995.95,1730.35,0,0,0,0.00,0,F1,65,,,,,
2026-07-27,2026-07-27,FO,NSE,IDO,61337,,NIFTY,,2026-08-25,2026-08-25,21650.00,PE,NIFTY26AUG21650PE,12.55,13.10,11.65,12.30,12.30,21.30,23995.95,4.30,3120,195,46,64770212.00,39,F1,65,,,,,
2026-07-27,2026-07-27,FO,NSE,IDO,61377,,NIFTY,,2026-08-25,2026-08-25,22300.00,PE,NIFTY26AUG22300PE,27.55,28.95,17.55,18.50,18.70,41.50,23995.95,18.50,356135,-14625,3461,5021596879.00,2406,F1,65,,,,,
2026-07-27,2026-07-27,FO,NSE,IDO,61427,,NIFTY,,2026-08-25,2026-08-25,22950.00,PE,NIFTY26AUG22950PE,73.95,75.50,47.40,48.65,47.75,105.90,23995.95,48.65,38480,-11505,962,1438826834.25,686,F1,65,,,,,
2026-07-27,2026-07-27,FO,NSE,IDO,61533,,NIFTY,,2026-08-25,2026-08-25,23750.00,PE,NIFTY26AUG23750PE,246.20,273.80,181.05,185.60,182.40,325.20,23995.95,185.60,59280,12675,1146,1785770749.75,829,F1,65,,,,,
2026-07-27,2026-07-27,FO,NSE,IDO,61609,,NIFTY,,2026-08-25,2026-08-25,24050.00,PE,NIFTY26AUG24050PE,361.25,395.25,289.80,297.50,292.10,452.65,23995.95,297.50,79170,-2925,1395,2211910915.50,1079,F1,65,,,,,
2026-07-27,2026-07-27,FO,NSE,IDO,61771,,NIFTY,,2026-08-25,2026-08-25,24500.00,PE,NIFTY26AUG24500PE,659.90,659.90,533.15,547.60,538.00,751.95,23995.95,547.60,2355600,129415,9589,15640364847.25,6628,F1,65,,,,,
2026-07-27,2026-07-27,FO,NSE,IDO,61956,,NIFTY,,2026-08-25,2026-08-25,25400.00,PE,NIFTY26AUG25400PE,1368.00,1410.00,1282.05,1282.05,1282.05,1575.25,23995.95,1282.05,7670,4420,69,120100269.25,43,F1,65,,,,,
2026-07-27,2026-07-27,FO,NSE,IDO,62037,,NIFTY,,2026-08-25,2026-08-25,25950.00,PE,NIFTY26AUG25950PE,0.00,0.00,0.00,2100.00,2100.00,2100.00,23995.95,1860.30,260,0,0,0.00,0,F1,65,,,,,
2026-07-27,2026-07-27,FO,NSE,IDO,46920,,NIFTY,,2026-09-01,2026-09-01,22350.00,PE,NIFTY2690122350PE,0.00,0.00,0.00,39.00,0.00,39.00,23995.95,38.45,0,0,0,0.00,0,F1,65,,,,,
2026-07-27,2026-07-27,FO,NSE,IDO,46944,,NIFTY,,2026-09-01,2026-09-01,22950.00,PE,NIFTY2690122950PE,0.00,0.00,0.00,104.35,0.00,104.35,23995.95,109.65,0,0,0,0.00,0,F1,65,,,,,
2026-07-27,2026-07-27,FO,NSE,IDO,46988,,NIFTY,,2026-09-01,2026-09-01,24050.00,PE,NIFTY2690124050PE,0.00,0.00,0.00,410.25,0.00,410.25,23995.95,454.85,0,0,0,0.00,0,F1,65,,,,,
2026-07-27,2026-07-27,FO,NSE,IDO,46998,,NIFTY,,2026-09-01,2026-09-01,24300.00,PE,NIFTY2690124300PE,0.00,0.00,0.00,524.25,0.00,524.25,23995.95,583.30,0,0,0,0.00,0,F1,65,,,,,
2026-07-27,2026-07-27,FO,NSE,IDO,47038,,NIFTY,,2026-09-01,2026-09-01,25300.00,PE,NIFTY2690125300PE,0.00,0.00,0.00,1152.10,0.00,1152.10,23995.95,1275.20,0,0,0,0.00,0,F1,65,,,,,
2026-07-27,2026-07-27,FO,NSE,IDO,47056,,NIFTY,,2026-09-01,2026-09-01,25750.00,PE,NIFTY2690125750PE,0.00,0.00,0.00,1508.85,0.00,1508.85,23995.95,1658.40,0,0,0,0.00,0,F1,65,,,,,
2026-07-27,2026-07-27,FO,NSE,IDO,47062,,NIFTY,,2026-09-01,2026-09-01,25900.00,PE,NIFTY2690125900PE,0.00,0.00,0.00,1635.90,0.00,1635.90,23995.95,1792.85,0,0,0,0.00,0,F1,65,,,,,
2026-07-27,2026-07-27,FO,NSE,IDO,65894,,NIFTY,,2026-09-29,2026-09-29,21000.00,PE,NIFTY26SEP21000PE,28.50,31.70,25.25,26.10,26.30,34.85,23995.95,26.10,1620580,-5005,3905,5337014579.00,1933,F1,65,,,,,
2026-07-27,2026-07-27,FO,NSE,IDO,73864,,NIFTY,,2026-09-29,2026-09-29,21950.00,PE,NIFTY26SEP21950PE,44.90,47.15,42.50,45.30,45.30,68.50,23995.95,55.30,3640,260,10,14296782.50,7,F1,65,,,,,
2026-07-27,2026-07-27,FO,NSE,IDO,73886,,NIFTY,,2026-09-29,2026-09-29,22550.00,PE,NIFTY26SEP22550PE,99.05,99.05,74.00,75.75,74.00,121.00,23995.95,75.75,6435,-1430,57,83869682.00,47,F1,65,,,,,
2026-07-27,2026-07-27,FO,NSE,IDO,73888,,NIFTY,,2026-09-29,2026-09-29,22600.00,PE,NIFTY26SEP22600PE,104.35,104.85,78.10,79.25,78.75,133.70,23995.95,79.25,35620,1170,584,861259496.50,382,F1,65,,,,,
2026-07-27,2026-07-27,FO,NSE,IDO,73928,,NIFTY,,2026-09-29,2026-09-29,23400.00,PE,NIFTY26SEP23400PE,238.05,246.70,193.50,195.95,193.50,291.95,23995.95,195.95,60255,10920,723,1109946480.50,523,F1,65,,,,,
2026-07-27,2026-07-27,FO,NSE,IDO,74356,,NIFTY,,2026-09-29,2026-09-29,24750.00,PE,NIFTY26SEP24750PE,0.00,0.00,0.00,814.40,814.40,814.40,23995.95,940.25,32695,0,0,0.00,0,F1,65,,,,,
2026-07-27,2026-07-27,FO,NSE,IDO,74364,,NIFTY,,2026-09-29,2026-09-29,24950.00,PE,NIFTY26SEP24950PE,0.00,0.00,0.00,940.90,940.90,940.90,23995.95,1067.45,260,0,0,0.00,0,F1,65,,,,,
2026-07-27,2026-07-27,FO,NSE,IDO,74415,,NIFTY,,2026-09-29,2026-09-29,25650.00,PE,NIFTY26SEP25650PE,0.00,0.00,0.00,1708.05,0.00,1708.05,23995.95,1574.05,0,0,0,0.00,0,F1,65,,,,,
2026-07-27,2026-07-27,FO,NSE,IDO,63940,,NIFTY,,2026-07-28,2026-07-28,24000.00,PE,NIFTY26JUL24000PE,152.95,152.95,41.10,49.85,42.15,237.10,23995.95,49.85,13567970,8880235,7020028,10988053418849.00,3081015,F1,65,,,,,
2026-07-27,2026-07-27,FO,NSE,IDO,63928,,NIFTY,,2026-07-28,2026-07-28,23750.00,PE,NIFTY26JUL23750PE,41.00,45.00,6.10,7.00,6.95,91.80,23995.95,7.00,5552300,1659190,2078435,3210654588163.75,557679,F1,65,,,,,
2026-07-27,2026-07-27,FO,NSE,IDO,74639,,NIFTY,,2031-06-24,2031-06-24,16500.00,PE,NIFTY31JUN16500PE,0.00,0.00,0.00,95.65,0.00,95.65,23995.95,73.40,0,0,0,0.00,0,F1,65,,,,,
2026-07-27,2026-07-27,FO,NSE,IDO,46972,,NIFTY,,2026-09-01,2026-09-01,23650.00,PE,NIFTY2690123650PE,0.00,0.00,0.00,264.15,0.00,264.15,23995.95,289.50,0,0,0,0.00,0,F1,65,,,,,
2026-07-27,2026-07-27,FO,NSE,IDO,47010,,NIFTY,,2026-09-01,2026-09-01,24600.00,PE,NIFTY2690124600PE,0.00,0.00,0.00,684.35,0.00,684.35,23995.95,762.55,0,0,0,0.00,0,F1,65,,,,,
2026-07-27,2026-07-27,FO,NSE,IDO,73866,,NIFTY,,2026-09-29,2026-09-29,22000.00,PE,NIFTY26SEP22000PE,59.00,59.00,42.25,43.10,43.25,69.55,23995.95,43.10,715650,-8320,5954,8532456673.00,3692,F1,65,,,,,
2026-07-27,2026-07-27,FO,NSE,IDO,73892,,NIFTY,,2026-09-29,2026-09-29,22700.00,PE,NIFTY26SEP22700PE,115.85,116.90,84.60,88.00,87.55,151.25,23995.95,88.00,45240,3250,562,832801261.50,358,F1,65,,,,,
2026-07-27,2026-07-27,FO,NSE,IDO,73907,,NIFTY,,2026-09-29,2026-09-29,23100.00,PE,NIFTY26SEP23100PE,180.40,180.45,137.70,139.70,139.25,219.25,23995.95,139.70,98540,14365,692,1045720607.75,416,F1,65,,,,,
2026-07-27,2026-07-27,FO,NSE,IDO,74046,,NIFTY,,2026-09-29,2026-09-29,23800.00,PE,NIFTY26SEP23800PE,367.50,383.40,299.35,305.50,301.85,434.85,23995.95,305.50,126815,-4290,1056,1656540853.50,731,F1,65,,,,,
2026-07-27,2026-07-27,FO,NSE,IDO,74369,,NIFTY,,2026-09-29,2026-09-29,25100.00,PE,NIFTY26SEP25100PE,1040.00,1040.00,1000.00,1000.00,1000.00,1046.35,23995.95,1168.20,1625,65,2,3395600.00,2,F1,65,,,,,
2026-07-27,2026-07-27,FO,NSE,IDO,55287,,NIFTY,,2026-09-29,2026-09-29,25500.00,PE,NIFTY26SEP25500PE,1424.85,1424.85,1290.85,1298.10,1292.00,1524.25,23995.95,1298.10,299130,520,385,671913076.25,293,F1,65,,,,,
2026-07-27,2026-07-27,FO,NSE,IDO,46952,,NIFTY,,2026-09-01,2026-09-01,23150.00,PE,NIFTY2690123150PE,0.00,0.00,0.00,139.20,0.00,139.20,23995.95,148.50,0,0,0,0.00,0,F1,65,,,,,
2026-07-27,2026-07-27,FO,NSE,IDO,46997,,NIFTY,,2026-09-01,2026-09-01,24300.00,CE,NIFTY2690124300CE,0.00,0.00,0.00,581.10,0.00,581.10,23995.95,437.15,0,0,0,0.00,0,F1,65,,,,,
2026-07-27,2026-07-27,FO,NSE,IDO,46993,,NIFTY,,2026-09-01,2026-09-01,24200.00,CE,NIFTY2690124200CE,296.35,330.00,295.55,327.70,330.00,632.65,23995.95,327.70,585,585,13,20711665.00,9,F1,65,,,,,
2026-07-27,2026-07-27,FO,NSE,IDO,46987,,NIFTY,,2026-09-01,2026-09-01,24050.00,CE,NIFTY2690124050CE,0.00,0.00,0.00,715.35,0.00,715.35,23995.95,557.10,0,0,0,0.00,0,F1,65,,,,,
2026-07-27,2026-07-27,FO,NSE,IDO,46973,,NIFTY,,2026-09-01,2026-09-01,23700.00,CE,NIFTY2690123700CE,590.00,590.00,590.00,590.00,590.00,530.00,23995.95,757.50,0,-65,1,1578850.00,1,F1,65,,,,,
2026-07-27,2026-07-27,FO,NSE,IDO,61983,,NIFTY,,2026-08-25,2026-08-25,25700.00,CE,NIFTY26AUG25700CE,11.10,11.30,7.45,8.15,7.90,10.05,23995.95,8.15,119535,8970,1809,3022922932.25,1132,F1,65,,,,,
2026-07-27,2026-07-27,FO,NSE,IDO,61981,,NIFTY,,2026-08-25,2026-08-25,25650.00,CE,NIFTY26AUG25650CE,10.95,11.10,8.70,9.15,9.50,10.95,23995.95,9.15,37570,2925,188,313559535.25,126,F1,65,,,,,
2026-07-27,2026-07-27,FO,NSE,IDO,61717,,NIFTY,,2026-08-25,2026-08-25,24350.00,CE,NIFTY26AUG24350CE,199.85,240.75,182.05,210.60,215.00,174.00,23995.95,210.60,58955,13585,1196,1908487691.50,778,F1,65,,,,,
2026-07-27,2026-07-27,FO,NSE,IDO,61623,,NIFTY,,2026-08-25,2026-08-25,24150.00,CE,NIFTY26AUG24150CE,287.80,308.50,264.00,303.55,307.50,247.70,23995.95,303.55,65520,2275,795,1262692853.50,658,F1,65,,,,,
2026-07-27,2026-07-27,FO,NSE,IDO,61455,,NIFTY,,2026-08-25,2026-08-25,23300.00,CE,NIFTY26AUG23300CE,833.90,898.30,793.00,895.25,893.20,747.15,23995.95,895.25,26650,585,236,370413429.75,201,F1,65,,,,,
2026-07-27,2026-07-27,FO,NSE,IDO,61403,,NIFTY,,2026-08-25,2026-08-25,22650.00,CE,NIFTY26AUG22650CE,0.00,0.00,0.00,1560.55,1560.55,1560.55,23995.95,1503.05,845,0,0,0.00,0,F1,65,,,,,
2026-07-27,2026-07-27,FO,NSE,IDO,61271,,NIFTY,,2026-08-25,2026-08-25,21550.00,CE,NIFTY26AUG21550CE,0.00,0.00,0.00,2758.30,0.00,2758.30,23995.95,2552.70,0,0,0,0.00,0,F1,65,,,,,
2026-07-27,2026-07-27,FO,NSE,IDO,61177,,NIFTY,,2026-08-25,2026-08-25,21450.00,CE,NIFTY26AUG21450CE,0.00,0.00,0.00,2848.15,0.00,2848.15,23995.95,2651.40,0,0,0,0.00,0,F1,65,,,,,
2026-07-27,2026-07-27,FO,NSE,IDO,45194,,NIFTY,,2026-08-18,2026-08-18,25850.00,CE,NIFTY2681825850CE,4.30,4.35,3.05,3.10,3.05,5.35,23995.95,3.10,65,-130,12,20165993.25,8,F1,65,,,,,
2026-07-27,2026-07-27,FO,NSE,IDO,45192,,NIFTY,,2026-08-18,2026-08-18,25800.00,CE,NIFTY2681825800CE,5.15,5.15,2.80,3.40,3.00,5.15,23995.95,3.40,3965,2340,138,231462221.25,104,F1,65,,,,,
2026-07-27,2026-07-27,FO,NSE,IDO,45146,,NIFTY,,2026-08-18,2026-08-18,24950.00,CE,NIFTY2681824950CE,0.00,0.00,0.00,222.15,0.00,222.15,23995.95,109.75,0,0,0,0.00,0,F1,65,,,,,
2026-07-27,2026-07-27,FO,NSE,IDO,45054,,NIFTY,,2026-08-18,2026-08-18,23300.00,CE,NIFTY2681823300CE,0.00,0.00,0.00,1060.70,0.00,1060.70,23995.95,897.85,0,0,0,0.00,0,F1,65,,,,,
2026-07-27,2026-07-27,FO,NSE,IDO,41037,,NIFTY,,2026-08-11,2026-08-11,25000.00,CE,NIFTY2681125000CE,15.00,16.00,9.60,12.00,12.45,13.10,23995.95,12.00,316290,87360,67501,109745297041.25,34256,F1,65,,,,,
2026-07-27,2026-07-27,FO,NSE,IDO,41020,,NIFTY,,2026-08-11,2026-08-11,24700.00,CE,NIFTY2681124700CE,42.75,42.75,28.40,35.25,36.85,31.20,23995.95,35.25,416325,275990,15075,24235035253.00,10628,F1,65,,,,,
2026-07-27,2026-07-27,FO,NSE,IDO,41015,,NIFTY,,2026-08-11,2026-08-11,24600.00,CE,NIFTY2681124600CE,49.55,51.65,40.00,49.35,51.65,41.95,23995.95,49.35,335660,138580,10409,16675388297.75,7501,F1,65,,,,,
2026-07-27,2026-07-27,FO,NSE,IDO,41005,,NIFTY,,2026-08-11,2026-08-11,24350.00,CE,NIFTY2681124350CE,100.00,113.50,88.95,109.80,113.50,87.35,23995.95,109.80,31915,7410,1076,1710186374.00,852,F1,65,,,,,
2026-07-27,2026-07-27,FO,NSE,IDO,40985,,NIFTY,,2026-08-11,2026-08-11,23850.00,CE,NIFTY2681123850CE,298.00,370.50,298.00,357.45,370.50,276.70,23995.95,357.45,23400,-7085,856,1345599404.50,694,F1,65,,,,,
2026-07-27,2026-07-27,FO,NSE,IDO,40889,,NIFTY,,2026-08-11,2026-08-11,21700.00,CE,NIFTY2681121700CE,0.00,0.00,0.00,2828.05,0.00,2828.05,23995.95,2350.20,0,0,0,0.00,0,F1,65,,,,,
2026-07-27,2026-07-27,FO,NSE,IDO,66060,,NIFTY,,2026-08-04,2026-08-04,26100.00,CE,NIFTY2680426100CE,1.05,1.30,0.90,0.95,0.90,1.10,23995.95,0.95,21385,585,1359,2305635276.75,828,F1,65,,,,,
2026-07-27,2026-07-27,FO,NSE,IDO,65922,,NIFTY,,2026-08-04,2026-08-04,25150.00,CE,NIFTY2680425150CE,2.20,2.60,1.60,2.05,2.60,2.15,23995.95,2.05,259805,118755,9496,15524915708.25,5582,F1,65,,,,,
2026-07-27,2026-07-27,FO,NSE,IDO,65918,,NIFTY,,2026-08-04,2026-08-04,25050.00,CE,NIFTY2680425050CE,3.00,4.00,2.15,2.90,4.00,2.95,23995.95,2.90,278655,151970,11163,18178241945.50,7150,F1,65,,,,,
2026-07-27,2026-07-27,FO,NSE,IDO,65914,,NIFTY,,2026-08-04,2026-08-04,24950.00,CE,NIFTY2680424950CE,4.40,5.20,3.15,4.15,4.05,4.10,23995.95,4.15,260260,115895,10291,16692040166.75,5455,F1,65,,,,,
2026-07-27,2026-07-27,FO,NSE,IDO,63965,,NIFTY,,2026-07-28,2026-07-28,24650.00,CE,NIFTY26JUL24650CE,2.40,2.40,0.70,1.10,0.85,2.40,23995.95,1.10,1501435,-1360775,359404,575889352424.75,83948,F1,65,,,,,
2026-07-27,2026-07-27,FO,NSE,IDO,63963,,NIFTY,,2026-07-28,2026-07-28,24600.00,CE,NIFTY26JUL24600CE,2.45,2.45,0.80,1.25,0.95,2.80,23995.95,1.25,5086055,-169975,754592,1206670003386.25,144183,F1,65,,,,,
2026-07-27,2026-07-27,FO,NSE,IDO,63968,,NIFTY,,2026-07-28,2026-07-28,24700.00,PE,NIFTY26JUL24700PE,735.00,799.35,658.90,674.80,661.90,894.75,23995.95,674.80,114595,-41275,2153,3557874024.25,1353,F1,65,,,,,
2026-07-27,2026-07-27,FO,NSE,IDO,55699,,NIFTY,,2030-12-31,2030-12-31,18000.00,PE,NIFTY30DEC18000PE,0.00,0.00,0.00,32.30,0.00,32.30,23995.95,133.30,0,0,0,0.00,0,F1,65,,,,,
2026-07-27,2026-07-27,FO,NSE,IDO,60939,,NIFTY,,2030-06-25,2030-06-25,30000.00,PE,NIFTY30JUN30000PE,0.00,0.00,0.00,2100.85,0.00,2100.85,23995.95,2713.65,0,0,0,0.00,0,F1,65,,,,,
2026-07-27,2026-07-27,FO,NSE,IDO,60911,,NIFTY,,2030-06-25,2030-06-25,27000.00,PE,NIFTY30JUN27000PE,0.00,0.00,0.00,1286.05,0.00,1286.05,23995.95,1643.85,0,0,0,0.00,0,F1,65,,,,,
2026-07-27,2026-07-27,FO,NSE,IDO,63909,,NIFTY,,2026-07-28,2026-07-28,23350.00,CE,NIFTY26JUL23350CE,620.00,695.95,561.90,690.95,691.40,473.25,23995.95,690.95,56875,-10075,530,825787621.75,420,F1,65,,,,,
2026-07-27,2026-07-27,FO,NSE,IDO,63903,,NIFTY,,2026-07-28,2026-07-28,23200.00,CE,NIFTY26JUL23200CE,761.35,845.50,714.00,833.60,845.35,616.20,23995.95,833.60,47645,-11830,863,1344853919.50,537,F1,65,,,,,
2026-07-27,2026-07-27,FO,NSE,IDO,63895,,NIFTY,,2026-07-28,2026-07-28,23000.00,CE,NIFTY26JUL23000CE,925.00,1047.25,906.10,1034.15,1047.00,811.75,23995.95,1034.15,344825,-133445,6406,9984705289.00,4308,F1,65,,,,,
2026-07-27,2026-07-27,FO,NSE,IDO,63893,,NIFTY,,2026-07-28,2026-07-28,22950.00,CE,NIFTY26JUL22950CE,965.10,965.10,965.10,965.10,965.10,855.05,23995.95,1049.80,1495,0,1,1554481.50,1,F1,65,,,,,
2026-07-27,2026-07-27,FO,NSE,IDO,63891,,NIFTY,,2026-07-28,2026-07-28,22900.00,CE,NIFTY26JUL22900CE,1030.00,1138.20,1019.65,1138.15,1137.95,919.50,23995.95,1138.15,20995,-33800,847,1321589850.75,475,F1,65,,,,,
2026-07-27,2026-07-27,FO,NSE,IDO,63863,,NIFTY,,2026-07-28,2026-07-28,22200.00,CE,NIFTY26JUL22200CE,1755.00,1836.15,1755.00,1836.15,1836.15,1600.00,23995.95,1836.15,325,-1495,26,40530044.75,15,F1,65,,,,,
2026-07-27,2026-07-27,FO,NSE,IDO,63835,,NIFTY,,2026-07-28,2026-07-28,21550.00,CE,NIFTY26JUL21550CE,0.00,0.00,0.00,2828.20,0.00,2828.20,23995.95,2449.55,0,0,0,0.00,0,F1,65,,,,,
2026-07-27,2026-07-27,FO,NSE,IDO,46942,,NIFTY,,2026-09-01,2026-09-01,22900.00,PE,NIFTY2690122900PE,74.60,78.00,62.40,62.40,62.40,122.55,23995.95,101.30,1170,-1690,44,65696354.75,28,F1,65,,,,,
2026-07-27,2026-07-27,FO,NSE,IDO,46918,,NIFTY,,2026-09-01,2026-09-01,22300.00,PE,NIFTY2690122300PE,0.00,0.00,0.00,35.60,0.00,35.60,23995.95,34.90,0,0,0,0.00,0,F1,65,,,,,
2026-07-27,2026-07-27,FO,NSE,IDO,62068,,NIFTY,,2026-08-25,2026-08-25,26300.00,PE,NIFTY26AUG26300PE,2258.15,2305.00,2158.75,2175.05,2158.75,2411.65,23995.95,2175.05,413205,257465,4249,7880181627.50,3517,F1,65,,,,,
2026-07-27,2026-07-27,FO,NSE,IDO,62023,,NIFTY,,2026-08-25,2026-08-25,25900.00,PE,NIFTY26AUG25900PE,1900.00,1900.00,1890.00,1890.00,1890.00,2005.30,23995.95,1813.55,4550,1430,24,43367350.00,14,F1,65,,,,,
2026-07-27,2026-07-27,FO,NSE,IDO,61982,,NIFTY,,2026-08-25,2026-08-25,25650.00,PE,NIFTY26AUG25650PE,1625.00,1625.00,1625.00,1625.00,1625.00,1696.20,23995.95,1583.85,195,195,3,5318625.00,3,F1,65,,,,,
2026-07-27,2026-07-27,FO,NSE,IDO,61786,,NIFTY,,2026-08-25,2026-08-25,24650.00,PE,NIFTY26AUG24650PE,728.15,735.00,717.75,717.75,717.75,980.00,23995.95,775.30,2145,195,4,6598215.00,4,F1,65,,,,,
2026-07-27,2026-07-27,FO,NSE,IDO,61622,,NIFTY,,2026-08-25,2026-08-25,24100.00,PE,NIFTY26AUG24100PE,388.80,422.05,310.70,325.10,318.15,494.40,23995.95,325.10,1517165,10790,9896,15731452584.25,6901,F1,65,,,,,
2026-07-27,2026-07-27,FO,NSE,IDO,61588,,NIFTY,,2026-08-25,2026-08-25,23950.00,PE,NIFTY26AUG23950PE,333.00,371.15,249.00,256.65,249.75,410.65,23995.95,256.65,47515,19565,2446,3855469241.00,1664,F1,65,,,,,
2026-07-27,2026-07-27,FO,NSE,IDO,61586,,NIFTY,,2026-08-25,2026-08-25,23900.00,PE,NIFTY26AUG23900PE,354.55,354.55,230.80,238.95,232.00,390.65,23995.95,238.95,637195,152750,16589,26076636875.25,11883,F1,65,,,,,
2026-07-27,2026-07-27,FO,NSE,IDO,61458,,NIFTY,,2026-08-25,2026-08-25,23300.00,PE,NIFTY26AUG23300PE,132.00,141.60,85.45,87.70,86.50,172.00,23995.95,87.70,527865,57785,11844,18019268163.00,7659,F1,65,,,,,
2026-07-27,2026-07-27,FO,NSE,IDO,61155,,NIFTY,,2026-08-25,2026-08-25,21250.00,PE,NIFTY26AUG21250PE,10.50,10.85,7.70,8.20,8.65,14.75,23995.95,8.20,4550,-390,50,69094031.50,38,F1,65,,,,,
2026-07-27,2026-07-27,FO,NSE,IDO,45173,,NIFTY,,2026-08-18,2026-08-18,25550.00,PE,NIFTY2681825550PE,0.00,0.00,0.00,1452.05,0.00,1452.05,23995.95,1495.85,0,0,0,0.00,0,F1,65,,,,,
2026-07-27,2026-07-27,FO,NSE,IDO,45101,,NIFTY,,2026-08-18,2026-08-18,24250.00,PE,NIFTY2681824250PE,443.10,443.10,357.70,368.70,357.70,680.95,23995.95,368.70,1885,780,25,40078018.50,22,F1,65,,,,,
2026-07-27,2026-07-27,FO,NSE,IDO,45093,,NIFTY,,2026-08-18,2026-08-18,24050.00,PE,NIFTY2681824050PE,330.95,339.05,249.05,255.20,249.05,450.65,23995.95,255.20,4290,1105,48,75947738.75,34,F1,65,,,,,
2026-07-27,2026-07-27,FO,NSE,IDO,45055,,NIFTY,,2026-08-18,2026-08-18,23300.00,PE,NIFTY2681823300PE,98.35,101.65,60.00,62.65,60.00,141.05,23995.95,62.65,11505,-2210,279,423978135.75,204,F1,65,,,,,
2026-07-27,2026-07-27,FO,NSE,IDO,41068,,NIFTY,,2026-08-11,2026-08-11,25700.00,PE,NIFTY2681125700PE,1690.00,1690.00,1690.00,1690.00,1690.00,1288.70,23995.95,1648.60,260,260,4,7121400.00,3,F1,65,,,,,
2026-07-27,2026-07-27,FO,NSE,IDO,41008,,NIFTY,,2026-08-11,2026-08-11,24400.00,PE,NIFTY2681124400PE,512.00,538.60,413.15,428.40,416.65,651.65,23995.95,428.40,23660,12740,386,623636045.50,343,F1,65,,,,,
2026-07-27,2026-07-27,FO,NSE,IDO,40976,,NIFTY,,2026-08-11,2026-08-11,23650.00,PE,NIFTY2681123650PE,141.85,145.15,83.20,87.50,84.35,199.65,23995.95,87.50,31265,12415,1261,1947630876.75,966,F1,65,,,,,
2026-07-27,2026-07-27,FO,NSE,IDO,40974,,NIFTY,,2026-08-11,2026-08-11,23600.00,PE,NIFTY2681123600PE,152.35,152.45,73.15,79.55,75.10,184.35,23995.95,79.55,280475,211315,9078,13981589846.25,6303,F1,65,,,,,
2026-07-27,2026-07-27,FO,NSE,IDO,40968,,NIFTY,,2026-08-11,2026-08-11,23450.00,PE,NIFTY2681123450PE,94.85,95.00,50.85,52.90,52.40,141.50,23995.95,52.90,28405,17615,1266,1935452558.00,936,F1,65,,,,,
2026-07-27,2026-07-27,FO,NSE,IDO,55645,,NIFTY,,2030-06-25,2030-06-25,22500.00,PE,NIFTY30JUN22500PE,0.00,0.00,0.00,223.75,0.00,223.75,23995.95,593.35,0,0,0,0.00,0,F1,65,,,,,
2026-07-27,2026-07-27,FO,NSE,IDO,60893,,NIFTY,,2030-06-25,2030-06-25,18000.00,PE,NIFTY30JUN18000PE,0.00,0.00,0.00,116.65,0.00,116.65,23995.95,126.95,0,0,0,0.00,0,F1,65,,,,,
2026-07-27,2026-07-27,FO,NSE,IDO,61375,,NIFTY,,2029-12-24,2029-12-24,15000.00,PE,NIFTY29DEC15000PE,29.00,29.00,29.00,29.00,29.00,39.00,23995.95,22.90,65,65,1,976885.00,1,F1,65,,,,,
2026-07-27,2026-07-27,FO,NSE,IDO,53632,,NIFTY,,2027-12-28,2027-12-28,27000.00,PE,NIFTY27DEC27000PE,1876.00,1902.00,1830.05,1846.10,1830.50,2011.00,23995.95,1846.10,39870,325,21,39407254.25,20,F1,65,,,,,
2026-07-27,2026-07-27,FO,NSE,IDO,55421,,NIFTY,,2027-12-28,2027-12-28,16500.00,PE,NIFTY27DEC16500PE,0.00,0.00,0.00,52.05,52.05,52.05,23995.95,12.50,130,0,0,0.00,0,F1,65,,,,,
2026-07-27,2026-07-27,FO,NSE,IDO,80277,,NIFTY,,2027-03-30,2027-03-30,27000.00,PE,NIFTY27MAR27000PE,0.00,0.00,0.00,2210.00,2210.00,2210.00,23995.95,2473.10,195,0,0,0.00,0,F1,65,,,,,
2026-07-27,2026-07-27,FO,NSE,IDO,55333,,NIFTY,,2026-12-29,2026-12-29,31500.00,PE,NIFTY26DEC31500PE,0.00,0.00,0.00,4059.30,0.00,4059.30,23995.95,6645.60,0,0,0,0.00,0,F1,65,,,,,
2026-07-27,2026-07-27,FO,NSE,IDO,50548,,NIFTY,,2026-12-29,2026-12-29,28000.00,PE,NIFTY26DEC28000PE,3327.00,3340.00,3215.30,3235.00,3215.30,3457.00,23995.95,3235.00,846400,1105,102,207342300.75,85,F1,65,,,,,
2026-07-27,2026-07-27,FO,NSE,IDO,58647,,NIFTY,,2026-12-29,2026-12-29,21000.00,PE,NIFTY26DEC21000PE,82.95,83.60,77.10,79.25,78.40,92.90,23995.95,79.25,961590,-6045,1854,2540430080.50,1154,F1,65,,,,,
2026-07-27,2026-07-27,FO,NSE,IDO,74443,,NIFTY,,2026-09-29,2026-09-29,26100.00,PE,NIFTY26SEP26100PE,0.00,0.00,0.00,2057.70,0.00,2057.70,23995.95,1941.55,0,0,0,0.00,0,F1,65,,,,,
2026-07-27,2026-07-27,FO,NSE,IDO,66031,,NIFTY,,2026-08-04,2026-08-04,25850.00,PE,NIFTY2680425850PE,1861.00,1861.00,1800.00,1800.00,1800.00,1911.25,23995.95,1820.05,130,130,2,3598465.00,2,F1,65,,,,,
2026-07-27,2026-07-27,FO,NSE,IDO,65946,,NIFTY,,2026-08-04,2026-08-04,25550.00,PE,NIFTY2680425550PE,0.00,0.00,0.00,1538.40,1538.40,1538.40,23995.95,1521.50,195,0,0,0.00,0,F1,65,,,,,
2026-07-27,2026-07-27,FO,NSE,IDO,47055,,NIFTY,,2026-09-01,2026-09-01,25750.00,CE,NIFTY2690125750CE,0.00,0.00,0.00,125.80,0.00,125.80,23995.95,71.70,0,0,0,0.00,0,F1,65,,,,,
2026-07-27,2026-07-27,FO,NSE,IDO,73856,,NIFTY,,2026-09-29,2026-09-29,21900.00,CE,NIFTY26SEP21900CE,0.00,0.00,0.00,2350.00,2350.00,2350.00,23995.95,2399.65,130,0,0,0.00,0,F1,65,,,,,
2026-07-27,2026-07-27,FO,NSE,IDO,55284,,NIFTY,,2026-09-29,2026-09-29,22500.00,CE,NIFTY26SEP22500CE,1680.00,1795.00,1675.00,1783.40,1795.00,1618.70,23995.95,1783.40,174200,-585,89,140053891.25,58,F1,65,,,,,
2026-07-27,2026-07-27,FO,NSE,IDO,73901,,NIFTY,,2026-09-29,2026-09-29,22950.00,CE,NIFTY26SEP22950CE,0.00,0.00,0.00,1377.20,1377.20,1377.20,23995.95,1508.95,390,0,0,0.00,0,F1,65,,,,,
2026-07-27,2026-07-27,FO,NSE,IDO,74058,,NIFTY,,2026-09-29,2026-09-29,23950.00,CE,NIFTY26SEP23950CE,606.35,663.15,600.85,663.15,663.15,554.80,23995.95,663.15,3575,845,69,110177271.75,52,F1,65,,,,,
2026-07-27,2026-07-27,FO,NSE,IDO,74068,,NIFTY,,2026-09-29,2026-09-29,24200.00,CE,NIFTY26SEP24200CE,464.05,516.00,460.15,504.90,516.00,429.15,23995.95,504.90,131365,-4095,1090,1748761410.50,849,F1,65,,,,,
2026-07-27,2026-07-27,FO,NSE,IDO,74388,,NIFTY,,2026-09-29,2026-09-29,25350.00,CE,NIFTY26SEP25350CE,0.00,0.00,0.00,393.25,0.00,393.25,23995.95,283.95,0,0,0,0.00,0,F1,65,,,,,
2026-07-27,2026-07-27,FO,NSE,IDO,55292,,NIFTY,,2026-09-29,2026-09-29,34500.00,CE,NIFTY26SEP34500CE,0.00,0.00,0.00,0.95,0.85,0.95,23995.95,0.00,9815,0,0,0.00,0,F1,65,,,,,
2026-07-27,2026-07-27,FO,NSE,IDO,71501,,NIFTY,,2026-12-29,2026-12-29,24000.00,CE,NIFTY26DEC24000CE,1075.00,1141.40,1063.40,1132.00,1140.75,1027.05,23995.95,1132.00,968885,133750,4312,7030591568.00,1746,F1,65,,,,,
2026-07-27,2026-07-27,FO,NSE,IDO,35235,,NIFTY,,2026-12-29,2026-12-29,30000.00,CE,NIFTY26DEC30000CE,19.00,20.05,18.45,19.70,19.75,19.10,23995.95,19.70,805310,25025,842,1642975584.25,287,F1,65,,,,,
2026-07-27,2026-07-27,FO,NSE,IDO,71547,,NIFTY,,2027-06-29,2027-06-29,18000.00,CE,NIFTY27JUN18000CE,0.00,0.00,0.00,4066.45,0.00,4066.45,23995.95,7079.60,0,0,0,0.00,0,F1,65,,,,,
2026-07-27,2026-07-27,FO,NSE,IDO,65941,,NIFTY,,2026-08-04,2026-08-04,25450.00,PE,NIFTY2680425450PE,0.00,0.00,0.00,1480.00,1480.00,1480.00,23995.95,1422.50,65,0,0,0.00,0,F1,65,,,,,
2026-07-27,2026-07-27,FO,NSE,IDO,65694,,NIFTY,,2026-08-04,2026-08-04,24000.00,PE,NIFTY2680424000PE,211.05,228.00,131.50,140.85,131.70,311.00,23995.95,140.85,2828280,1440010,209174,328718227574.75,132870,F1,65,,,,,
2026-07-27,2026-07-27,FO,NSE,IDO,65528,,NIFTY,,2026-08-04,2026-08-04,23250.00,PE,NIFTY2680423250PE,40.00,40.00,12.15,13.10,13.00,52.55,23995.95,13.10,480675,32760,28425,42988917208.25,16687,F1,65,,,,,
2026-07-27,2026-07-27,FO,NSE,IDO,65522,,NIFTY,,2026-08-04,2026-08-04,23100.00,PE,NIFTY2680423100PE,21.55,21.55,9.20,9.85,9.65,35.80,23995.95,9.85,1405105,551655,78166,117424869025.75,35771,F1,65,,,,,
2026-07-27,2026-07-27,FO,NSE,IDO,65444,,NIFTY,,2026-08-04,2026-08-04,22700.00,PE,NIFTY2680422700PE,7.15,7.90,4.70,6.05,6.05,13.90,23995.95,6.05,1029015,638495,43813,64662441298.00,14526,F1,65,,,,,
2026-07-27,2026-07-27,FO,NSE,IDO,65203,,NIFTY,,2026-08-04,2026-08-04,21800.00,PE,NIFTY2680421800PE,3.80,3.80,2.45,3.05,3.35,4.40,23995.95,3.05,303615,74165,8968,12709304062.00,2629,F1,65,,,,,
2026-07-27,2026-07-27,FO,NSE,IDO,64028,,NIFTY,,2026-07-28,2026-07-28,26050.00,PE,NIFTY26JUL26050PE,0.00,0.00,0.00,2175.50,2175.50,2175.50,23995.95,2049.75,1040,0,0,0.00,0,F1,65,,,,,
2026-07-27,2026-07-27,FO,NSE,IDO,64018,,NIFTY,,2026-07-28,2026-07-28,25850.00,PE,NIFTY26JUL25850PE,1890.00,1890.00,1870.00,1870.00,1870.00,2050.00,23995.95,1849.80,130,-130,2,3604900.00,2,F1,65,,,,,
2026-07-27,2026-07-27,FO,NSE,IDO,64001,,NIFTY,,2026-07-28,2026-07-28,25450.00,PE,NIFTY26JUL25450PE,0.00,0.00,0.00,1500.00,1500.00,1500.00,23995.95,1449.85,195,0,0,0.00,0,F1,65,,,,,
2026-07-27,2026-07-27,FO,NSE,IDO,86145,,NIFTY,,2028-06-27,2028-06-27,21000.00,CE,NIFTY28JUN21000CE,0.00,0.00,0.00,5226.55,0.00,5226.55,23995.95,5824.50,0,0,0,0.00,0,F1,65,,,,,
2026-07-27,2026-07-27,FO,NSE,IDO,55518,,NIFTY,,2028-12-26,2028-12-26,19500.00,CE,NIFTY28DEC19500CE,0.00,0.00,0.00,9716.40,0.00,9716.40,23995.95,7566.55,0,0,0,0.00,0,F1,65,,,,,
2026-07-27,2026-07-27,FO,NSE,IDO,89630,,NIFTY,,2029-06-26,2029-06-26,24000.00,CE,NIFTY29JUN24000CE,0.00,0.00,0.00,8085.35,0.00,8085.35,23995.95,5140.65,0,0,0,0.00,0,F1,65,,,,,
2026-07-27,2026-07-27,FO,NSE,IDO,61794,,NIFTY,,2029-12-24,2029-12-24,27000.00,CE,NIFTY29DEC27000CE,0.00,0.00,0.00,6201.65,0.00,6201.65,23995.95,4200.90,0,0,0,0.00,0,F1,65,,,,,
2026-07-27,2026-07-27,FO,NSE,IDO,63820,,NIFTY,,2026-07-28,2026-07-28,21300.00,PE,NIFTY26JUL21300PE,0.70,1.00,0.40,0.55,0.45,0.70,23995.95,0.55,749190,-35035,28678,39705676062.00,6570,F1,65,,,,,
2026-07-27,2026-07-27,FO,NSE,IDO,63826,,NIFTY,,2026-07-28,2026-07-28,21400.00,PE,NIFTY26JUL21400PE,0.70,1.00,0.40,0.60,0.60,0.70,23995.95,0.60,352755,4485,26910,37432826518.75,8625,F1,65,,,,,
2026-07-27,2026-07-27,FO,NSE,IDO,63843,,NIFTY,,2026-07-28,2026-07-28,21700.00,PE,NIFTY26JUL21700PE,0.75,0.90,0.50,0.65,0.85,0.80,23995.95,0.65,235820,-14885,19306,27231934424.50,5012,F1,65,,,,,
2026-07-27,2026-07-27,FO,NSE,IDO,63882,,NIFTY,,2026-07-28,2026-07-28,22650.00,PE,NIFTY26JUL22650PE,1.35,1.65,0.95,1.25,1.45,2.50,23995.95,1.25,680745,-60645,100615,148138312500.75,15441,F1,65,,,,,
2026-07-27,2026-07-27,FO,NSE,IDO,63896,,NIFTY,,2026-07-28,2026-07-28,23000.00,PE,NIFTY26JUL23000PE,2.90,2.90,1.35,1.80,2.00,5.05,23995.95,1.80,14062945,841360,1386067,2072325791867.50,187756,F1,65,,,,,
2026-07-27,2026-07-27,FO,NSE,IDO,63908,,NIFTY,,2026-07-28,2026-07-28,23300.00,PE,NIFTY26JUL23300PE,5.05,5.05,1.85,2.30,2.75,11.45,23995.95,2.30,6251245,-1541930,1204605,1824573783184.75,187284,F1,65,,,,,
2026-07-27,2026-07-27,FO,NSE,IDO,63910,,NIFTY,,2026-07-28,2026-07-28,23350.00,PE,NIFTY26JUL23350PE,5.65,5.65,1.85,2.45,2.65,14.10,23995.95,2.45,2946385,22230,737353,1119252028700.00,123043,F1,65,,,,,
2026-07-27,2026-07-27,FO,NSE,IDO,63926,,NIFTY,,2026-07-28,2026-07-28,23700.00,PE,NIFTY26JUL23700PE,30.00,32.35,4.80,5.60,5.75,72.15,23995.95,5.60,10242375,1932125,2981419,4595036110609.75,632611,F1,65,,,,,
2026-07-27,2026-07-27,FO,NSE,IDO,63956,,NIFTY,,2026-07-28,2026-07-28,24400.00,PE,NIFTY26JUL24400PE,505.65,505.70,359.75,377.50,360.75,597.65,23995.95,377.50,691600,-44200,15815,25518658308.00,9741,F1,65,,,,,
2026-07-27,2026-07-27,FO,NSE,IDO,73858,,NIFTY,,2026-09-29,2026-09-29,21900.00,PE,NIFTY26SEP21900PE,47.35,54.25,38.70,39.15,39.05,63.20,23995.95,39.15,32695,19500,613,874326544.00,272,F1,65,,,,,
2026-07-27,2026-07-27,FO,NSE,IDO,55285,,NIFTY,,2026-09-29,2026-09-29,22500.00,PE,NIFTY26SEP22500PE,108.00,108.00,69.90,71.25,72.10,117.20,23995.95,71.25,1443715,-6890,7614,11174741786.00,4110,F1,65,,,,,
2026-07-27,2026-07-27,FO,NSE,IDO,74660,,NIFTY,,2031-06-24,2031-06-24,30000.00,PE,NIFTY31JUN30000PE,0.00,0.00,0.00,2616.25,0.00,2616.25,23995.95,2341.05,0,0,0,0.00,0,F1,65,,,,,
2026-07-27,2026-07-27,FO,NSE,IDO,74656,,NIFTY,,2031-06-24,2031-06-24,28500.00,PE,NIFTY31JUN28500PE,0.00,0.00,0.00,2104.20,0.00,2104.20,23995.95,1865.30,0,0,0,0.00,0,F1,65,,,,,
2026-07-27,2026-07-27,FO,NSE,IDO,74652,,NIFTY,,2031-06-24,2031-06-24,25500.00,PE,NIFTY31JUN25500PE,0.00,0.00,0.00,1262.85,0.00,1262.85,23995.95,1094.85,0,0,0,0.00,0,F1,65,,,,,
2026-07-27,2026-07-27,FO,NSE,IDO,74650,,NIFTY,,2031-06-24,2031-06-24,24000.00,PE,NIFTY31JUN24000PE,0.00,0.00,0.00,933.85,0.00,933.85,23995.95,797.90,0,0,0,0.00,0,F1,65,,,,,
2026-07-27,2026-07-27,FO,NSE,IDO,55763,,NIFTY,,2030-12-31,2030-12-31,30000.00,PE,NIFTY30DEC30000PE,0.00,0.00,0.00,1450.10,0.00,1450.10,23995.95,2511.60,0,0,0,0.00,0,F1,65,,,,,
2026-07-27,2026-07-27,FO,NSE,IDO,67779,,NIFTY,,2028-12-26,2028-12-26,22000.00,PE,NIFTY28DEC22000PE,0.00,0.00,0.00,600.00,600.00,600.00,23995.95,512.20,7850,0,0,0.00,0,F1,65,,,,,
2026-07-27,2026-07-27,FO,NSE,IDO,55479,,NIFTY,,2028-06-27,2028-06-27,28500.00,PE,NIFTY28JUN28500PE,0.00,0.00,0.00,1560.85,0.00,1560.85,23995.95,2871.70,0,0,0,0.00,0,F1,65,,,,,
2026-07-27,2026-07-27,FO,NSE,IDF,68407,,NIFTY,,2026-09-29,2026-09-29,,,NIFTY26SEPFUT,24250.00,24250.00,24105.40,24237.20,24250.00,24011.90,23995.95,24237.20,874770,53495,2702,4244900497.50,2127,F1,65,,,,,
2026-07-27,2026-07-27,FO,NSE,IDO,63813,,NIFTY,,2026-07-28,2026-07-28,21150.00,CE,NIFTY26JUL21150CE,0.00,0.00,0.00,2502.70,2502.70,2502.70,23995.95,2849.50,130,0,0,0.00,0,F1,65,,,,,
2026-07-27,2026-07-27,FO,NSE,IDO,63819,,NIFTY,,2026-07-28,2026-07-28,21300.00,CE,NIFTY26JUL21300CE,0.00,0.00,0.00,2615.00,2615.00,2615.00,23995.95,2699.50,2015,0,0,0.00,0,F1,65,,,,,
2026-07-27,2026-07-27,FO,NSE,IDO,63842,,NIFTY,,2026-07-28,2026-07-28,21700.00,CE,NIFTY26JUL21700CE,0.00,0.00,0.00,2305.00,2305.00,2305.00,23995.95,2299.55,0,0,0,0.00,0,F1,65,,,,,
2026-07-27,2026-07-27,FO,NSE,IDO,63857,,NIFTY,,2026-07-28,2026-07-28,22050.00,CE,NIFTY26JUL22050CE,0.00,0.00,0.00,1825.05,1825.05,1825.05,23995.95,1949.65,65,0,0,0.00,0,F1,65,,,,,
2026-07-27,2026-07-27,FO,NSE,IDO,63923,,NIFTY,,2026-07-28,2026-07-28,23650.00,CE,NIFTY26JUL23650CE,258.00,397.95,258.00,382.45,397.75,212.70,23995.95,382.45,644215,-519935,53456,83299181998.50,36000,F1,65,,,,,
2026-07-27,2026-07-27,FO,NSE,IDO,63949,,NIFTY,,2026-07-28,2026-07-28,24250.00,CE,NIFTY26JUL24250CE,12.00,13.95,5.10,7.60,8.40,10.55,23995.95,7.60,5864040,1919255,1716058,2705760101138.25,379278,F1,65,,,,,
2026-07-27,2026-07-27,FO,NSE,IDO,63973,,NIFTY,,2026-07-28,2026-07-28,24850.00,CE,NIFTY26JUL24850CE,1.50,1.50,0.55,0.80,0.60,1.70,23995.95,0.80,1432275,83915,178862,288919278573.25,42277,F1,65,,,,,
2026-07-27,2026-07-27,FO,NSE,IDO,64006,,NIFTY,,2026-07-28,2026-07-28,25600.00,CE,NIFTY26JUL25600CE,0.65,1.50,0.25,0.50,0.30,0.65,23995.95,0.50,848640,-620555,80236,133515586317.75,19396,F1,65,,,,,
2026-07-27,2026-07-27,FO,NSE,IDO,65244,,NIFTY,,2026-08-04,2026-08-04,21900.00,CE,NIFTY2680421900CE,0.00,0.00,0.00,2112.90,0.00,2112.90,23995.95,2125.05,0,0,0,0.00,0,F1,65,,,,,
2026-07-27,2026-07-27,FO,NSE,IDO,65423,,NIFTY,,2026-08-04,2026-08-04,22300.00,CE,NIFTY2680422300CE,0.00,0.00,0.00,1749.25,0.00,1749.25,23995.95,1725.80,0,0,0,0.00,0,F1,65,,,,,
2026-07-27,2026-07-27,FO,NSE,IDO,65437,,NIFTY,,2026-08-04,2026-08-04,22600.00,CE,NIFTY2680422600CE,0.00,0.00,0.00,1491.15,0.00,1491.15,23995.95,1427.30,0,0,0,0.00,0,F1,65,,,,,
2026-07-27,2026-07-27,FO,NSE,IDO,65449,,NIFTY,,2026-08-04,2026-08-04,22850.00,CE,NIFTY2680422850CE,0.00,0.00,0.00,1360.60,1360.60,1360.60,23995.95,1181.00,65,0,0,0.00,0,F1,65,,,,,
2026-07-27,2026-07-27,FO,NSE,IDO,65680,,NIFTY,,2026-08-04,2026-08-04,23700.00,CE,NIFTY2680423700CE,347.95,419.95,314.50,395.35,410.00,278.85,23995.95,395.35,392405,-428220,26823,41946885883.50,16721,F1,65,,,,,
2026-07-27,2026-07-27,FO,NSE,IDO,65910,,NIFTY,,2026-08-04,2026-08-04,24850.00,CE,NIFTY2680424850CE,7.00,7.00,4.25,5.65,5.75,5.65,23995.95,5.65,321880,161070,18870,30486308242.00,7967,F1,65,,,,,
2026-07-27,2026-07-27,FO,NSE,IDO,65926,,NIFTY,,2026-08-04,2026-08-04,25200.00,CE,NIFTY2680425200CE,2.25,2.50,1.55,1.75,1.75,1.90,23995.95,1.75,1330420,672555,54533,89332059943.75,20793,F1,65,,,,,
2026-07-27,2026-07-27,FO,NSE,IDO,40923,,NIFTY,,2026-08-11,2026-08-11,22400.00,CE,NIFTY2681122400CE,0.00,0.00,0.00,2148.50,0.00,2148.50,23995.95,1656.90,0,0,0,0.00,0,F1,65,,,,,
2026-07-27,2026-07-27,FO,NSE,IDO,40931,,NIFTY,,2026-08-11,2026-08-11,22550.00,CE,NIFTY2681122550CE,0.00,0.00,0.00,2006.75,0.00,2006.75,23995.95,1510.95,0,0,0,0.00,0,F1,65,,,,,
2026-07-27,2026-07-27,FO,NSE,IDO,40957,,NIFTY,,2026-08-11,2026-08-11,23200.00,CE,NIFTY2681123200CE,805.45,889.35,795.60,889.35,889.35,735.75,23995.95,889.35,4030,130,17,26552821.75,15,F1,65,,,,,
2026-07-27,2026-07-27,FO,NSE,IDO,41043,,NIFTY,,2026-08-11,2026-08-11,25150.00,CE,NIFTY2681125150CE,8.75,10.20,6.45,7.10,6.85,8.00,23995.95,7.10,18395,17225,612,1000775727.25,360,F1,65,,,,,
2026-07-27,2026-07-27,FO,NSE,IDO,44993,,NIFTY,,2026-08-18,2026-08-18,22200.00,CE,NIFTY2681822200CE,0.00,0.00,0.00,2006.50,0.00,2006.50,23995.95,1885.60,0,0,0,0.00,0,F1,65,,,,,
2026-07-27,2026-07-27,FO,NSE,IDO,45007,,NIFTY,,2026-08-18,2026-08-18,22400.00,CE,NIFTY2681822400CE,0.00,0.00,0.00,1820.55,0.00,1820.55,23995.95,1692.90,0,0,0,0.00,0,F1,65,,,,,
2026-07-27,2026-07-27,FO,NSE,IDO,45045,,NIFTY,,2026-08-18,2026-08-18,23100.00,CE,NIFTY2681823100CE,1040.00,1040.00,1040.00,1040.00,1040.00,857.15,23995.95,1040.00,975,-65,1,1569100.00,1,F1,65,,,,,
2026-07-27,2026-07-27,FO,NSE,IDO,45094,,NIFTY,,2026-08-18,2026-08-18,24100.00,CE,NIFTY2681824100CE,268.00,279.00,241.45,270.60,279.00,216.25,23995.95,270.60,39000,6890,340,538383300.00,262,F1,65,,,,,
2026-07-27,2026-07-27,FO,NSE,IDO,45108,,NIFTY,,2026-08-18,2026-08-18,24450.00,CE,NIFTY2681824450CE,119.15,127.75,109.45,126.20,124.60,103.35,23995.95,126.20,7670,130,23,36727593.50,22,F1,65,,,,,
2026-07-27,2026-07-27,FO,NSE,IDO,45142,,NIFTY,,2026-08-18,2026-08-18,24850.00,CE,NIFTY2681824850CE,0.00,0.00,0.00,250.30,0.00,250.30,23995.95,130.05,0,0,0,0.00,0,F1,65,,,,,
2026-07-27,2026-07-27,FO,NSE,IDO,45158,,NIFTY,,2026-08-18,2026-08-18,25250.00,CE,NIFTY2681825250CE,0.00,0.00,0.00,152.50,0.00,152.50,23995.95,63.65,0,0,0,0.00,0,F1,65,,,,,
2026-07-27,2026-07-27,FO,NSE,IDO,45204,,NIFTY,,2026-08-18,2026-08-18,26050.00,CE,NIFTY2681826050CE,3.35,3.35,2.50,2.50,2.50,3.90,23995.95,2.50,260,0,4,6773760.50,2,F1,65,,,,,
2026-07-27,2026-07-27,FO,NSE,IDO,61352,,NIFTY,,2026-08-25,2026-08-25,22000.00,CE,NIFTY26AUG22000CE,2024.95,2119.45,1964.55,2096.75,2119.45,1875.30,23995.95,2096.75,541515,177710,3372,5267075271.25,2978,F1,65,,,,,
2026-07-27,2026-07-27,FO,NSE,IDO,61366,,NIFTY,,2026-08-25,2026-08-25,22200.00,CE,NIFTY26AUG22200CE,1804.60,1804.60,1804.60,1804.60,1804.60,1718.10,23995.95,1804.60,325,65,1,1560299.00,1,F1,65,,,,,
2026-07-27,2026-07-27,FO,NSE,IDO,61372,,NIFTY,,2026-08-25,2026-08-25,22250.00,CE,NIFTY26AUG22250CE,0.00,0.00,0.00,1585.40,1585.40,1585.40,23995.95,1873.10,65,0,0,0.00,0,F1,65,,,,,
2026-07-27,2026-07-27,FO,NSE,IDO,61380,,NIFTY,,2026-08-25,2026-08-25,22400.00,CE,NIFTY26AUG22400CE,1601.30,1643.35,1600.15,1643.35,1643.35,1672.00,23995.95,1732.05,2080,2015,39,60855112.50,27,F1,65,,,,,
2026-07-27,2026-07-27,FO,NSE,IDO,61416,,NIFTY,,2026-08-25,2026-08-25,22800.00,CE,NIFTY26AUG22800CE,1233.20,1324.40,1228.60,1324.40,1324.35,1144.00,23995.95,1324.40,7540,195,16,25042361.50,15,F1,65,,,,,
2026-07-27,2026-07-27,FO,NSE,IDO,61422,,NIFTY,,2026-08-25,2026-08-25,22850.00,CE,NIFTY26AUG22850CE,0.00,0.00,0.00,1120.00,1120.00,1120.00,23995.95,1326.90,975,0,0,0.00,0,F1,65,,,,,
2026-07-27,2026-07-27,FO,NSE,IDO,61493,,NIFTY,,2026-08-25,2026-08-25,23450.00,CE,NIFTY26AUG23450CE,700.00,751.95,700.00,750.95,751.95,642.70,23995.95,750.95,2730,-130,14,22005675.25,12,F1,65,,,,,
2026-07-27,2026-07-27,FO,NSE,IDO,61499,,NIFTY,,2026-08-25,2026-08-25,23500.00,CE,NIFTY26AUG23500CE,686.65,740.00,645.80,723.35,733.00,604.60,23995.95,723.35,584740,-16315,6529,10263498566.75,4570,F1,65,,,,,
2026-07-27,2026-07-27,FO,NSE,IDO,61610,,NIFTY,,2026-08-25,2026-08-25,24100.00,CE,NIFTY26AUG24100CE,303.25,335.20,286.50,324.70,335.15,270.45,23995.95,324.70,1596400,10140,10857,17228155174.75,7740,F1,65,,,,,
2026-07-27,2026-07-27,FO,NSE,IDO,61855,,NIFTY,,2026-08-25,2026-08-25,24850.00,CE,NIFTY26AUG24850CE,70.00,73.95,58.00,67.90,68.85,61.45,23995.95,67.90,79235,4485,1056,1710122488.75,839,F1,65,,,,,
2026-07-27,2026-07-27,FO,NSE,IDO,61913,,NIFTY,,2026-08-25,2026-08-25,25100.00,CE,NIFTY26AUG25100CE,40.45,43.05,30.70,35.35,36.45,34.70,23995.95,35.35,488150,29445,7171,11715469330.50,4881,F1,65,,,,,
2026-07-27,2026-07-27,FO,NSE,IDO,46959,,NIFTY,,2026-09-01,2026-09-01,23350.00,CE,NIFTY2690123350CE,0.00,0.00,0.00,1182.50,0.00,1182.50,23995.95,995.35,0,0,0,0.00,0,F1,65,,,,,
2026-07-27,2026-07-27,FO,NSE,IDO,46985,,NIFTY,,2026-09-01,2026-09-01,24000.00,CE,NIFTY2690124000CE,413.15,445.65,388.15,436.65,438.60,360.30,23995.95,436.65,6695,6630,178,282464078.00,127,F1,65,,,,,
2026-07-27,2026-07-27,FO,NSE,IDO,46995,,NIFTY,,2026-09-01,2026-09-01,24250.00,CE,NIFTY2690124250CE,0.00,0.00,0.00,606.50,0.00,606.50,23995.95,459.55,0,0,0,0.00,0,F1,65,,,,,
2026-07-27,2026-07-27,FO,NSE,IDO,46999,,NIFTY,,2026-09-01,2026-09-01,24350.00,CE,NIFTY2690124350CE,0.00,0.00,0.00,556.30,0.00,556.30,23995.95,415.45,0,0,0,0.00,0,F1,65,,,,,
2026-07-27,2026-07-27,FO,NSE,IDO,47001,,NIFTY,,2026-09-01,2026-09-01,24400.00,CE,NIFTY2690124400CE,229.10,237.00,229.10,233.05,237.00,203.25,23995.95,233.05,260,65,2,3202296.50,2,F1,65,,,,,
2026-07-27,2026-07-27,FO,NSE,IDO,47025,,NIFTY,,2026-09-01,2026-09-01,25000.00,CE,NIFTY2690125000CE,69.15,72.55,63.00,69.00,68.60,64.05,23995.95,69.00,9945,6110,246,400811775.00,136,F1,65,,,,,
2026-07-27,2026-07-27,FO,NSE,IDO,47057,,NIFTY,,2026-09-01,2026-09-01,25800.00,CE,NIFTY2690125800CE,0.00,0.00,0.00,118.10,0.00,118.10,23995.95,66.50,0,0,0,0.00,0,F1,65,,,,,
2026-07-27,2026-07-27,FO,NSE,IDO,47061,,NIFTY,,2026-09-01,2026-09-01,25900.00,CE,NIFTY2690125900CE,0.00,0.00,0.00,103.90,0.00,103.90,23995.95,57.10,0,0,0,0.00,0,F1,65,,,,,
2026-07-27,2026-07-27,FO,NSE,IDO,47063,,NIFTY,,2026-09-01,2026-09-01,25950.00,CE,NIFTY2690125950CE,0.00,0.00,0.00,97.35,0.00,97.35,23995.95,52.80,0,0,0,0.00,0,F1,65,,,,,
2026-07-27,2026-07-27,FO,NSE,IDO,73867,,NIFTY,,2026-09-29,2026-09-29,22050.00,CE,NIFTY26SEP22050CE,0.00,0.00,0.00,2284.20,0.00,2284.20,23995.95,2263.90,0,0,0,0.00,0,F1,65,,,,,
2026-07-27,2026-07-27,FO,NSE,IDO,73889,,NIFTY,,2026-09-29,2026-09-29,22650.00,CE,NIFTY26SEP22650CE,0.00,0.00,0.00,1410.05,1410.05,1410.05,23995.95,1747.25,325,0,0,0.00,0,F1,65,,,,,
2026-07-27,2026-07-27,FO,NSE,IDO,73904,,NIFTY,,2026-09-29,2026-09-29,23050.00,CE,NIFTY26SEP23050CE,0.00,0.00,0.00,1394.20,1394.20,1394.20,23995.95,1433.05,650,0,0,0.00,0,F1,65,,,,,
2026-07-27,2026-07-27,FO,NSE,IDO,73923,,NIFTY,,2026-09-29,2026-09-29,23300.00,CE,NIFTY26SEP23300CE,0.00,0.00,0.00,968.00,968.00,968.00,23995.95,1251.45,1170,0,0,0.00,0,F1,65,,,,,
2026-07-27,2026-07-27,FO,NSE,IDO,74003,,NIFTY,,2026-09-29,2026-09-29,23600.00,CE,NIFTY26SEP23600CE,849.00,870.00,820.00,870.00,870.00,767.70,23995.95,1051.05,6110,-975,60,95313487.75,43,F1,65,,,,,
2026-07-27,2026-07-27,FO,NSE,IDO,74060,,NIFTY,,2026-09-29,2026-09-29,24050.00,CE,NIFTY26SEP24050CE,545.60,599.75,542.30,586.15,599.75,505.00,23995.95,586.15,5915,-1495,99,158408172.00,41,F1,65,,,,,
2026-07-27,2026-07-27,FO,NSE,IDO,53611,,NIFTY,,2027-12-28,2027-12-28,20000.00,PE,NIFTY27DEC20000PE,245.00,245.00,220.00,221.05,222.00,245.00,23995.95,221.05,28890,650,34,44702953.75,18,F1,65,,,,,
2026-07-27,2026-07-27,FO,NSE,IDO,53606,,NIFTY,,2027-12-28,2027-12-28,19000.00,PE,NIFTY27DEC19000PE,0.00,0.00,0.00,160.15,160.15,160.15,23995.95,87.75,1845,0,0,0.00,0,F1,65,,,,,
2026-07-27,2026-07-27,FO,NSE,IDO,53604,,NIFTY,,2027-12-28,2027-12-28,18000.00,PE,NIFTY27DEC18000PE,0.00,0.00,0.00,181.05,195.00,181.05,23995.95,43.65,11915,0,0,0.00,0,F1,65,,,,,
2026-07-27,2026-07-27,FO,NSE,IDO,55373,,NIFTY,,2027-06-29,2027-06-29,19500.00,PE,NIFTY27JUN19500PE,0.00,0.00,0.00,17.30,0.00,17.30,23995.95,68.10,0,0,0,0.00,0,F1,65,,,,,
2026-07-27,2026-07-27,FO,NSE,IDO,71550,,NIFTY,,2027-06-29,2027-06-29,19000.00,PE,NIFTY27JUN19000PE,0.00,0.00,0.00,195.00,195.00,195.00,23995.95,45.20,1135,0,0,0.00,0,F1,65,,,,,
2026-07-27,2026-07-27,FO,NSE,IDO,80191,,NIFTY,,2027-03-30,2027-03-30,16500.00,PE,NIFTY27MAR16500PE,0.00,0.00,0.00,38.00,38.00,38.00,23995.95,0.90,1625,0,0,0.00,0,F1,65,,,,,
2026-07-27,2026-07-27,FO,NSE,IDO,55291,,NIFTY,,2026-09-29,2026-09-29,31500.00,PE,NIFTY26SEP31500PE,0.00,0.00,0.00,4341.20,0.00,4341.20,23995.95,7141.15,0,0,0,0.00,0,F1,65,,,,,
2026-07-27,2026-07-27,FO,NSE,IDO,65907,,NIFTY,,2026-09-29,2026-09-29,27000.00,PE,NIFTY26SEP27000PE,2914.05,2914.05,2692.35,2709.45,2695.00,2936.15,23995.95,2709.45,1418310,12285,324,626968735.25,273,F1,65,,,,,
2026-07-27,2026-07-27,FO,NSE,IDO,73890,,NIFTY,,2026-09-29,2026-09-29,22650.00,PE,NIFTY26SEP22650PE,110.85,110.85,83.10,84.00,83.10,138.30,23995.95,84.00,9490,130,116,171518740.25,94,F1,65,,,,,
2026-07-27,2026-07-27,FO,NSE,IDO,74116,,NIFTY,,2026-09-29,2026-09-29,24450.00,CE,NIFTY26SEP24450CE,347.15,354.30,343.25,353.00,353.00,331.00,23995.95,593.50,5525,520,26,41909156.25,24,F1,65,,,,,
2026-07-27,2026-07-27,FO,NSE,IDO,74370,,NIFTY,,2026-09-29,2026-09-29,25150.00,CE,NIFTY26SEP25150CE,135.40,143.50,123.90,140.15,143.20,122.15,23995.95,140.15,35750,8255,274,450301614.75,165,F1,65,,,,,
2026-07-27,2026-07-27,FO,NSE,IDO,65929,,NIFTY,,2026-09-29,2026-09-29,33000.00,CE,NIFTY26SEP33000CE,2.45,2.45,1.60,1.65,1.65,2.50,23995.95,1.65,28145,-1625,43,92240430.75,11,F1,65,,,,,
2026-07-27,2026-07-27,FO,NSE,IDO,55322,,NIFTY,,2026-12-29,2026-12-29,16500.00,CE,NIFTY26DEC16500CE,0.00,0.00,0.00,10405.00,0.00,10405.00,23995.95,7952.75,0,0,0,0.00,0,F1,65,,,,,
2026-07-27,2026-07-27,FO,NSE,IDO,58642,,NIFTY,,2026-12-29,2026-12-29,19000.00,CE,NIFTY26DEC19000CE,5390.65,5459.00,5390.65,5459.00,5459.00,5206.75,23995.95,5459.00,60190,425,22,34883072.25,9,F1,65,,,,,
2026-07-27,2026-07-27,FO,NSE,IDO,80249,,NIFTY,,2027-03-30,2027-03-30,19500.00,CE,NIFTY27MAR19500CE,0.00,0.00,0.00,4365.40,0.00,4365.40,23995.95,5384.75,0,0,0,0.00,0,F1,65,,,,,
2026-07-27,2026-07-27,FO,NSE,IDO,53603,,NIFTY,,2027-12-28,2027-12-28,18000.00,CE,NIFTY27DEC18000CE,0.00,0.00,0.00,6285.70,0.00,6285.70,23995.95,7654.30,0,0,0,0.00,0,F1,65,,,,,
2026-07-27,2026-07-27,FO,NSE,IDO,86151,,NIFTY,,2028-06-27,2028-06-27,24000.00,CE,NIFTY28JUN24000CE,0.00,0.00,0.00,3918.85,0.00,3918.85,23995.95,3821.85,0,0,0,0.00,0,F1,65,,,,,
2026-07-27,2026-07-27,FO,NSE,IDO,35352,,NIFTY,,2028-06-27,2028-06-27,30000.00,CE,NIFTY28JUN30000CE,0.00,0.00,0.00,2278.45,0.00,2278.45,23995.95,1319.95,0,0,0,0.00,0,F1,65,,,,,
2026-07-27,2026-07-27,FO,NSE,IDO,55520,,NIFTY,,2028-12-26,2028-12-26,22500.00,CE,NIFTY28DEC22500CE,0.00,0.00,0.00,7382.90,0.00,7382.90,23995.95,5427.20,0,0,0,0.00,0,F1,65,,,,,
2026-07-27,2026-07-27,FO,NSE,IDO,55526,,NIFTY,,2028-12-26,2028-12-26,31500.00,CE,NIFTY28DEC31500CE,0.00,0.00,0.00,2327.60,0.00,2327.60,23995.95,1457.50,0,0,0,0.00,0,F1,65,,,,,
2026-07-27,2026-07-27,FO,NSE,IDO,55566,,NIFTY,,2029-06-26,2029-06-26,31500.00,CE,NIFTY29JUN31500CE,0.00,0.00,0.00,2878.65,0.00,2878.65,23995.95,1970.10,0,0,0,0.00,0,F1,65,,,,,
2026-07-27,2026-07-27,FO,NSE,IDO,61748,,NIFTY,,2029-12-24,2029-12-24,24000.00,CE,NIFTY29DEC24000CE,0.00,0.00,0.00,7730.00,0.00,7730.00,23995.95,5749.70,0,0,0,0.00,0,F1,65,,,,,
2026-07-27,2026-07-27,FO,NSE,IDO,55698,,NIFTY,,2030-12-31,2030-12-31,18000.00,CE,NIFTY30DEC18000CE,0.00,0.00,0.00,12674.15,0.00,12674.15,23995.95,10701.00,0,0,0,0.00,0,F1,65,,,,,
2026-07-27,2026-07-27,FO,NSE,IDO,63814,,NIFTY,,2026-07-28,2026-07-28,21150.00,PE,NIFTY26JUL21150PE,1.05,1.80,0.45,0.55,0.55,0.65,23995.95,0.55,152620,19955,11099,15258768404.75,1999,F1,65,,,,,
2026-07-27,2026-07-27,FO,NSE,IDO,63856,,NIFTY,,2026-07-28,2026-07-28,22000.00,PE,NIFTY26JUL22000PE,0.85,1.00,0.70,0.90,0.85,1.15,23995.95,0.90,2916225,-1899625,172030,246012057872.75,27830,F1,65,,,,,
2026-07-27,2026-07-27,FO,NSE,IDO,63862,,NIFTY,,2026-07-28,2026-07-28,22150.00,PE,NIFTY26JUL22150PE,1.00,1.25,0.70,1.00,1.25,1.25,23995.95,1.00,59670,-11050,9705,13973322681.50,2132,F1,65,,,,,
2026-07-27,2026-07-27,FO,NSE,IDO,63890,,NIFTY,,2026-07-28,2026-07-28,22850.00,PE,NIFTY26JUL22850PE,1.95,2.10,1.10,1.55,1.45,3.60,23995.95,1.55,736450,-348725,171848,255253470429.75,24921,F1,65,,,,,
2026-07-27,2026-07-27,FO,NSE,IDO,63900,,NIFTY,,2026-07-28,2026-07-28,23100.00,PE,NIFTY26JUL23100PE,3.90,4.00,1.40,1.90,2.35,6.25,23995.95,1.90,2811445,-625040,607591,912372154008.25,92814,F1,65,,,,,
2026-07-27,2026-07-27,FO,NSE,IDO,63904,,NIFTY,,2026-07-28,2026-07-28,23200.00,PE,NIFTY26JUL23200PE,3.90,3.90,1.55,2.10,2.45,8.15,23995.95,2.10,5221385,-853450,921704,1390060253734.75,146675,F1,65,,,,,
2026-07-27,2026-07-27,FO,NSE,IDO,63948,,NIFTY,,2026-07-28,2026-07-28,24200.00,PE,NIFTY26JUL24200PE,259.35,303.75,170.00,185.75,171.05,407.45,23995.95,185.75,2235545,-541970,370815,588864398918.25,207911,F1,65,,,,,
2026-07-27,2026-07-27,FO,NSE,IDO,63997,,NIFTY,,2026-07-28,2026-07-28,25350.00,PE,NIFTY26JUL25350PE,1420.00,1420.00,1310.00,1327.45,1315.00,1676.20,23995.95,1327.45,1040,-520,24,41669949.75,19,F1,65,,,,,
2026-07-27,2026-07-27,FO,NSE,IDO,65167,,NIFTY,,2026-08-04,2026-08-04,21750.00,PE,NIFTY2680421750PE,2.65,3.00,2.10,2.85,3.00,4.40,23995.95,2.85,9425,-1560,363,513253757.25,285,F1,65,,,,,
2026-07-27,2026-07-27,FO,NSE,IDO,65245,,NIFTY,,2026-08-04,2026-08-04,21900.00,PE,NIFTY2680421900PE,3.50,3.85,2.50,3.20,3.25,4.95,23995.95,3.20,97630,38350,3093,4403489554.75,1293,F1,65,,,,,
2026-07-27,2026-07-27,FO,NSE,IDO,65424,,NIFTY,,2026-08-04,2026-08-04,22300.00,PE,NIFTY2680422300PE,5.25,5.80,3.10,3.95,4.35,6.80,23995.95,3.95,190060,37050,9651,13991445474.50,3802,F1,65,,,,,
2026-07-27,2026-07-27,FO,NSE,IDO,65432,,NIFTY,,2026-08-04,2026-08-04,22450.00,PE,NIFTY2680422450PE,4.75,5.50,3.45,4.70,5.50,8.45,23995.95,4.70,61620,8320,3277,4782867638.25,1569,F1,65,,,,,
2026-07-27,2026-07-27,FO,NSE,IDO,65436,,NIFTY,,2026-08-04,2026-08-04,22550.00,PE,NIFTY2680422550PE,10.00,10.00,3.80,4.90,5.20,10.00,23995.95,4.90,66365,11505,3098,4541827631.25,1736,F1,65,,,,,
2026-07-27,2026-07-27,FO,NSE,IDO,65446,,NIFTY,,2026-08-04,2026-08-04,22750.00,PE,NIFTY2680422750PE,14.30,14.30,5.30,6.30,6.35,15.45,23995.95,6.30,208780,143520,10534,15581426523.00,5150,F1,65,,,,,
2026-07-27,2026-07-27,FO,NSE,IDO,65524,,NIFTY,,2026-08-04,2026-08-04,23150.00,PE,NIFTY2680423150PE,35.95,35.95,10.00,10.80,10.90,40.45,23995.95,10.80,386945,147615,32129,48372365333.50,17265,F1,65,,,,,
2026-07-27,2026-07-27,FO,NSE,IDO,65913,,NIFTY,,2026-08-04,2026-08-04,24900.00,PE,NIFTY2680424900PE,978.60,978.60,842.00,850.10,845.30,1077.00,23995.95,850.10,9685,7735,130,218203306.75,126,F1,65,,,,,
2026-07-27,2026-07-27,FO,NSE,IDO,65925,,NIFTY,,2026-08-04,2026-08-04,25150.00,PE,NIFTY2680425150PE,1212.00,1212.00,1212.00,1212.00,1212.00,1410.40,23995.95,1128.70,260,65,2,3427060.00,1,F1,65,,,,,
2026-07-27,2026-07-27,FO,NSE,IDO,65927,,NIFTY,,2026-08-04,2026-08-04,25200.00,PE,NIFTY2680425200PE,1227.15,1262.35,1135.40,1135.60,1135.40,1184.65,23995.95,1135.60,37375,37310,594,1020825178.75,498,F1,65,,,,,
2026-07-27,2026-07-27,FO,NSE,IDO,40886,,NIFTY,,2026-08-11,2026-08-11,21650.00,PE,NIFTY2681121650PE,7.65,7.65,4.00,6.00,6.00,7.30,23995.95,0.25,5005,1885,180,253359639.00,95,F1,65,,,,,
2026-07-27,2026-07-27,FO,NSE,IDO,40962,,NIFTY,,2026-08-11,2026-08-11,23300.00,PE,NIFTY2681123300PE,69.40,73.75,35.45,37.30,37.00,103.30,23995.95,37.30,194870,84695,9875,14987841472.50,7720,F1,65,,,,,
2026-07-27,2026-07-27,FO,NSE,IDO,41026,,NIFTY,,2026-08-11,2026-08-11,24750.00,PE,NIFTY2681124750PE,0.00,0.00,0.00,576.00,576.00,576.00,23995.95,786.35,65,0,0,0.00,0,F1,65,,,,,
2026-07-27,2026-07-27,FO,NSE,IDO,41036,,NIFTY,,2026-08-11,2026-08-11,24950.00,PE,NIFTY2681124950PE,0.00,0.00,0.00,717.50,717.50,717.50,23995.95,952.65,65,0,0,0.00,0,F1,65,,,,,
2026-07-27,2026-07-27,FO,NSE,IDO,41048,,NIFTY,,2026-08-11,2026-08-11,25250.00,PE,NIFTY2681125250PE,0.00,0.00,0.00,985.30,985.30,985.30,23995.95,1220.65,65,0,0,0.00,0,F1,65,,,,,
2026-07-27,2026-07-27,FO,NSE,IDO,41052,,NIFTY,,2026-08-11,2026-08-11,25350.00,PE,NIFTY2681125350PE,0.00,0.00,0.00,1016.70,0.00,1016.70,23995.95,1313.65,0,0,0,0.00,0,F1,65,,,,,
2026-07-27,2026-07-27,FO,NSE,IDO,41076,,NIFTY,,2026-08-11,2026-08-11,25900.00,PE,NIFTY2681125900PE,0.00,0.00,0.00,2100.00,2100.00,2100.00,23995.95,1844.20,65,0,0,0.00,0,F1,65,,,,,
2026-07-27,2026-07-27,FO,NSE,IDO,41082,,NIFTY,,2026-08-11,2026-08-11,26050.00,PE,NIFTY2681126050PE,0.00,0.00,0.00,1584.30,0.00,1584.30,23995.95,1992.10,0,0,0,0.00,0,F1,65,,,,,
2026-07-27,2026-07-27,FO,NSE,IDO,45004,,NIFTY,,2026-08-18,2026-08-18,22300.00,PE,NIFTY2681822300PE,16.60,16.60,12.30,12.95,13.40,27.60,23995.95,12.95,9945,-4745,286,414837332.00,104,F1,65,,,,,
2026-07-27,2026-07-27,FO,NSE,IDO,45042,,NIFTY,,2026-08-18,2026-08-18,23000.00,PE,NIFTY2681823000PE,57.90,58.65,32.40,34.60,33.75,86.30,23995.95,34.60,95420,34385,1650,2471524168.75,869,F1,65,,,,,
2026-07-27,2026-07-27,FO,NSE,IDO,61410,,NIFTY,,2026-08-25,2026-08-25,22700.00,PE,NIFTY26AUG22700PE,50.95,58.30,31.55,32.35,32.75,72.70,23995.95,32.35,475085,-18005,10823,15997825655.50,6758,F1,65,,,,,
2026-07-27,2026-07-27,FO,NSE,IDO,61423,,NIFTY,,2026-08-25,2026-08-25,22850.00,PE,NIFTY26AUG22850PE,65.15,65.50,40.10,41.15,40.20,89.50,23995.95,41.15,35490,-4485,832,1238562828.75,531,F1,65,,,,,
2026-07-27,2026-07-27,FO,NSE,IDO,61866,,NIFTY,,2026-08-25,2026-08-25,24950.00,PE,NIFTY26AUG24950PE,960.00,960.00,916.05,926.00,926.00,911.60,23995.95,993.80,1625,65,5,8413414.75,4,F1,65,,,,,
2026-07-27,2026-07-27,FO,NSE,IDO,61934,,NIFTY,,2026-08-25,2026-08-25,25250.00,PE,NIFTY26AUG25250PE,0.00,0.00,0.00,1736.20,1736.20,1736.20,23995.95,1234.95,65,0,0,0.00,0,F1,65,,,,,
2026-07-27,2026-07-27,FO,NSE,IDO,61980,,NIFTY,,2026-08-25,2026-08-25,25600.00,PE,NIFTY26AUG25600PE,1472.35,1601.75,1472.35,1498.85,1496.00,1718.25,23995.95,1498.85,8970,4810,92,162210269.00,56,F1,65,,,,,
2026-07-27,2026-07-27,FO,NSE,IDO,46934,,NIFTY,,2026-09-01,2026-09-01,22700.00,PE,NIFTY2690122700PE,53.50,53.50,53.50,53.50,53.50,100.65,23995.95,72.75,195,0,1,1478977.50,1,F1,65,,,,,
2026-07-27,2026-07-27,FO,NSE,IDO,46964,,NIFTY,,2026-09-01,2026-09-01,23450.00,PE,NIFTY2690123450PE,0.00,0.00,0.00,208.05,0.00,208.05,23995.95,224.80,0,0,0,0.00,0,F1,65,,,,,
2026-07-27,2026-07-27,FO,NSE,IDO,46966,,NIFTY,,2026-09-01,2026-09-01,23500.00,PE,NIFTY2690123500PE,196.00,201.60,144.10,150.10,144.15,251.15,23995.95,150.10,5070,1625,85,130728084.50,50,F1,65,,,,,
2026-07-27,2026-07-27,FO,NSE,IDO,46970,,NIFTY,,2026-09-01,2026-09-01,23600.00,PE,NIFTY2690123600PE,0.00,0.00,0.00,271.95,271.95,271.95,23995.95,272.25,260,0,0,0.00,0,F1,65,,,,,
2026-07-27,2026-07-27,FO,NSE,IDO,47014,,NIFTY,,2026-09-01,2026-09-01,24700.00,PE,NIFTY2690124700PE,0.00,0.00,0.00,856.35,856.35,856.35,23995.95,828.10,65,0,0,0.00,0,F1,65,,,,,
2026-07-27,2026-07-27,FO,NSE,IDO,47040,,NIFTY,,2026-09-01,2026-09-01,25350.00,PE,NIFTY2690125350PE,0.00,0.00,0.00,1189.00,0.00,1189.00,23995.95,1316.05,0,0,0,0.00,0,F1,65,,,,,
2026-07-27,2026-07-27,FO,NSE,IDO,47052,,NIFTY,,2026-09-01,2026-09-01,25650.00,PE,NIFTY2690125650PE,0.00,0.00,0.00,1426.15,0.00,1426.15,23995.95,1570.50,0,0,0,0.00,0,F1,65,,,,,
2026-07-27,2026-07-27,FO,NSE,IDO,65882,,NIFTY,,2026-09-29,2026-09-29,15000.00,PE,NIFTY26SEP15000PE,3.90,4.95,3.50,3.80,3.50,3.90,23995.95,3.80,52000,975,68,66316737.50,12,F1,65,,,,,
2026-07-27,2026-07-27,FO,NSE,IDO,65673,,NIFTY,,2026-08-04,2026-08-04,23500.00,PE,NIFTY2680423500PE,50.00,61.25,23.50,25.80,23.50,99.85,23995.95,25.80,2153580,950105,133307,203958396963.75,76645,F1,65,,,,,
2026-07-27,2026-07-27,FO,NSE,IDO,65685,,NIFTY,,2026-08-04,2026-08-04,23800.00,PE,NIFTY2680423800PE,185.00,185.00,65.30,72.20,65.45,205.15,23995.95,72.20,1898065,760890,167803,260705529613.75,94029,F1,65,,,,,
2026-07-27,2026-07-27,FO,NSE,IDO,65696,,NIFTY,,2026-08-04,2026-08-04,24050.00,PE,NIFTY2680424050PE,226.50,256.30,154.00,163.40,155.15,344.15,23995.95,163.40,304720,272350,19417,30603155238.50,13567,F1,65,,,,,
2026-07-27,2026-07-27,FO,NSE,IDO,65807,,NIFTY,,2026-08-04,2026-08-04,24250.00,PE,NIFTY2680424250PE,367.90,388.15,270.00,279.80,270.55,491.70,23995.95,279.80,43745,18265,1421,2269610512.00,1140,F1,65,,,,,
2026-07-27,2026-07-27,FO,NSE,IDO,65809,,NIFTY,,2026-08-04,2026-08-04,24300.00,PE,NIFTY2680424300PE,412.30,431.75,303.55,314.35,305.00,528.45,23995.95,314.35,329225,60710,6639,10643904433.50,4366,F1,65,,,,,
2026-07-27,2026-07-27,FO,NSE,IDO,65943,,NIFTY,,2026-08-04,2026-08-04,25500.00,PE,NIFTY2680425500PE,1566.20,1569.85,1428.45,1455.05,1432.95,1648.15,23995.95,1455.05,38480,30810,679,1192179703.00,600,F1,65,,,,,
2026-07-27,2026-07-27,FO,NSE,IDO,66007,,NIFTY,,2026-08-04,2026-08-04,25750.00,PE,NIFTY2680425750PE,0.00,0.00,0.00,1822.00,0.00,1822.00,23995.95,1720.40,0,0,0,0.00,0,F1,65,,,,,
2026-07-27,2026-07-27,FO,NSE,IDO,40890,,NIFTY,,2026-08-11,2026-08-11,21700.00,PE,NIFTY2681121700PE,5.00,6.35,4.10,5.85,6.00,7.90,23995.95,5.85,26975,23530,696,981932412.50,461,F1,65,,,,,
2026-07-27,2026-07-27,FO,NSE,IDO,40918,,NIFTY,,2026-08-11,2026-08-11,22250.00,PE,NIFTY2681122250PE,8.05,8.70,6.90,7.70,7.15,14.50,23995.95,7.70,8060,1300,204,295140859.00,134,F1,65,,,,,
2026-07-27,2026-07-27,FO,NSE,IDO,40920,,NIFTY,,2026-08-11,2026-08-11,22300.00,PE,NIFTY2681122300PE,15.00,15.00,6.80,8.00,8.30,15.75,23995.95,8.00,27690,14950,820,1189032169.00,484,F1,65,,,,,
2026-07-27,2026-07-27,FO,NSE,IDO,40938,,NIFTY,,2026-08-11,2026-08-11,22700.00,PE,NIFTY2681122700PE,19.60,19.60,10.90,11.25,11.25,31.05,23995.95,11.25,104390,22750,4292,6336559745.75,2506,F1,65,,,,,
2026-07-27,2026-07-27,FO,NSE,IDO,55469,,NIFTY,,2028-06-27,2028-06-27,16500.00,PE,NIFTY28JUN16500PE,0.00,0.00,0.00,3.80,0.00,3.80,23995.95,24.30,0,0,0,0.00,0,F1,65,,,,,
2026-07-27,2026-07-27,FO,NSE,IDO,63825,,NIFTY,,2026-07-28,2026-07-28,21400.00,CE,NIFTY26JUL21400CE,0.00,0.00,0.00,2963.90,0.00,2963.90,23995.95,2599.50,0,0,0,0.00,0,F1,65,,,,,
2026-07-27,2026-07-27,FO,NSE,IDO,63829,,NIFTY,,2026-07-28,2026-07-28,21450.00,CE,NIFTY26JUL21450CE,0.00,0.00,0.00,2918.50,0.00,2918.50,23995.95,2549.55,0,0,0,0.00,0,F1,65,,,,,
2026-07-27,2026-07-27,FO,NSE,IDO,63831,,NIFTY,,2026-07-28,2026-07-28,21500.00,CE,NIFTY26JUL21500CE,2476.25,2551.75,2410.10,2529.20,2551.75,2316.25,23995.95,2529.20,154115,-213395,4316,6734217740.25,2526,F1,65,,,,,
2026-07-27,2026-07-27,FO,NSE,IDO,63853,,NIFTY,,2026-07-28,2026-07-28,21950.00,CE,NIFTY26JUL21950CE,0.00,0.00,0.00,1875.90,1875.90,1875.90,23995.95,2049.60,455,0,0,0.00,0,F1,65,,,,,
2026-07-27,2026-07-27,FO,NSE,IDO,63861,,NIFTY,,2026-07-28,2026-07-28,22150.00,CE,NIFTY26JUL22150CE,0.00,0.00,0.00,1902.90,1902.90,1902.90,23995.95,1849.65,1560,0,0,0.00,0,F1,65,,,,,
2026-07-27,2026-07-27,FO,NSE,IDO,63867,,NIFTY,,2026-07-28,2026-07-28,22300.00,CE,NIFTY26JUL22300CE,0.00,0.00,0.00,1497.25,1497.25,1497.25,23995.95,1699.65,390,0,0,0.00,0,F1,65,,,,,
2026-07-27,2026-07-27,FO,NSE,IDO,63877,,NIFTY,,2026-07-28,2026-07-28,22550.00,CE,NIFTY26JUL22550CE,0.00,0.00,0.00,1639.65,1639.65,1639.65,23995.95,1449.70,260,0,0,0.00,0,F1,65,,,,,
2026-07-27,2026-07-27,FO,NSE,IDO,63889,,NIFTY,,2026-07-28,2026-07-28,22850.00,CE,NIFTY26JUL22850CE,0.00,0.00,0.00,958.85,958.85,958.85,23995.95,1149.75,910,0,0,0.00,0,F1,65,,,,,
2026-07-27,2026-07-27,FO,NSE,IDO,63907,,NIFTY,,2026-07-28,2026-07-28,23300.00,CE,NIFTY26JUL23300CE,650.00,746.25,610.00,736.30,746.25,520.40,23995.95,736.30,73710,-23855,1697,2644283970.25,1072,F1,65,,,,,
2026-07-27,2026-07-27,FO,NSE,IDO,63927,,NIFTY,,2026-07-28,2026-07-28,23750.00,CE,NIFTY26JUL23750CE,186.30,301.00,183.35,284.60,298.30,145.50,23995.95,284.60,422955,-1344265,276485,430949784495.75,184954,F1,65,,,,,
2026-07-27,2026-07-27,FO,NSE,IDO,63937,,NIFTY,,2026-07-28,2026-07-28,23950.00,CE,NIFTY26JUL23950CE,85.00,120.00,57.00,108.00,119.60,56.20,23995.95,108.00,3726840,758290,7424485,11597504734757.50,3232180,F1,65,,,,,
2026-07-27,2026-07-27,FO,NSE,IDO,63939,,NIFTY,,2026-07-28,2026-07-28,24000.00,CE,NIFTY26JUL24000CE,69.85,85.55,38.80,76.05,84.85,42.55,23995.95,76.05,12469015,-1010165,10162515,15892724809204.75,3726075,F1,65,,,,,
2026-07-27,2026-07-27,FO,NSE,IDO,63961,,NIFTY,,2026-07-28,2026-07-28,24550.00,CE,NIFTY26JUL24550CE,3.10,3.10,1.05,1.60,1.30,3.25,23995.95,1.60,2378415,321165,441130,703986855614.25,95678,F1,65,,,,,
2026-07-27,2026-07-27,FO,NSE,IDO,63967,,NIFTY,,2026-07-28,2026-07-28,24700.00,CE,NIFTY26JUL24700CE,1.90,1.90,0.70,1.05,0.85,2.25,23995.95,1.05,4396145,-917605,605490,972166604191.25,111925,F1,65,,,,,
2026-07-27,2026-07-27,FO,NSE,IDO,64002,,NIFTY,,2026-07-28,2026-07-28,25500.00,CE,NIFTY26JUL25500CE,0.65,0.75,0.35,0.45,0.45,0.75,23995.95,0.45,4946630,-2697955,218753,362591535426.25,39577,F1,65,,,,,
2026-07-27,2026-07-27,FO,NSE,IDO,65164,,NIFTY,,2026-08-04,2026-08-04,21700.00,CE,NIFTY2680421700CE,0.00,0.00,0.00,2300.90,0.00,2300.90,23995.95,2324.80,0,0,0,0.00,0,F1,65,,,,,
2026-07-27,2026-07-27,FO,NSE,IDO,65441,,NIFTY,,2026-08-04,2026-08-04,22650.00,CE,NIFTY2680422650CE,0.00,0.00,0.00,1119.00,1119.00,1119.00,23995.95,1377.75,195,0,0,0.00,0,F1,65,,,,,
2026-07-27,2026-07-27,FO,NSE,IDO,65453,,NIFTY,,2026-08-04,2026-08-04,22950.00,CE,NIFTY2680422950CE,0.00,0.00,0.00,945.15,945.15,945.15,23995.95,1083.90,130,0,0,0.00,0,F1,65,,,,,
2026-07-27,2026-07-27,FO,NSE,IDO,65693,,NIFTY,,2026-08-04,2026-08-04,24000.00,CE,NIFTY2680424000CE,158.00,196.00,144.85,187.35,194.90,130.90,23995.95,187.35,3163485,759590,303805,477249227741.00,175421,F1,65,,,,,
2026-07-27,2026-07-27,FO,NSE,IDO,65699,,NIFTY,,2026-08-04,2026-08-04,24150.00,CE,NIFTY2680424150CE,104.45,121.65,87.00,115.70,120.90,82.65,23995.95,115.70,566215,283985,40742,64230014537.00,26508,F1,65,,,,,
2026-07-27,2026-07-27,FO,NSE,IDO,65896,,NIFTY,,2026-08-04,2026-08-04,24800.00,CE,NIFTY2680424800CE,6.65,8.50,4.95,6.80,7.30,6.60,23995.95,6.80,1951040,898560,91933,148233065006.00,33665,F1,65,,,,,
2026-07-27,2026-07-27,FO,NSE,IDO,65934,,NIFTY,,2026-08-04,2026-08-04,25350.00,CE,NIFTY2680425350CE,1.60,2.15,1.20,1.40,1.20,1.60,23995.95,1.40,111995,28405,5769,9506482628.50,3492,F1,65,,,,,
2026-07-27,2026-07-27,FO,NSE,IDO,65940,,NIFTY,,2026-08-04,2026-08-04,25450.00,CE,NIFTY2680425450CE,1.30,2.00,1.15,1.20,1.15,1.45,23995.95,1.20,193245,95680,6967,11525844788.25,4641,F1,65,,,,,
2026-07-27,2026-07-27,FO,NSE,IDO,40921,,NIFTY,,2026-08-11,2026-08-11,22350.00,CE,NIFTY2681122350CE,0.00,0.00,0.00,2196.15,0.00,2196.15,23995.95,1705.90,0,0,0,0.00,0,F1,65,,,,,
2026-07-27,2026-07-27,FO,NSE,IDO,40933,,NIFTY,,2026-08-11,2026-08-11,22600.00,CE,NIFTY2681122600CE,0.00,0.00,0.00,1959.95,0.00,1959.95,23995.95,1462.65,0,0,0,0.00,0,F1,65,,,,,
2026-07-27,2026-07-27,FO,NSE,IDO,40947,,NIFTY,,2026-08-11,2026-08-11,22950.00,CE,NIFTY2681122950CE,0.00,0.00,0.00,1640.40,0.00,1640.40,23995.95,1133.70,0,0,0,0.00,0,F1,65,,,,,
2026-07-27,2026-07-27,FO,NSE,IDO,40965,,NIFTY,,2026-08-11,2026-08-11,23400.00,CE,NIFTY2681123400CE,648.65,720.90,627.75,711.75,717.60,565.35,23995.95,711.75,3250,-195,27,42222183.25,26,F1,65,,,,,
2026-07-27,2026-07-27,FO,NSE,IDO,40991,,NIFTY,,2026-08-11,2026-08-11,24000.00,CE,NIFTY2681124000CE,250.00,275.00,220.20,265.05,271.30,203.25,23995.95,265.05,372710,13650,18677,29435852702.75,11040,F1,65,,,,,
2026-07-27,2026-07-27,FO,NSE,IDO,41007,,NIFTY,,2026-08-11,2026-08-11,24400.00,CE,NIFTY2681124400CE,85.30,97.65,75.90,93.05,97.40,75.75,23995.95,93.05,438165,274495,12056,19189480238.50,8384,F1,65,,,,,
2026-07-27,2026-07-27,FO,NSE,IDO,41025,,NIFTY,,2026-08-11,2026-08-11,24750.00,CE,NIFTY2681124750CE,0.00,0.00,0.00,414.45,0.00,414.45,23995.95,93.85,0,0,0,0.00,0,F1,65,,,,,
2026-07-27,2026-07-27,FO,NSE,IDO,41071,,NIFTY,,2026-08-11,2026-08-11,25800.00,CE,NIFTY2681125800CE,2.50,3.25,1.60,1.90,1.60,2.85,23995.95,1.90,8840,2405,584,979459302.25,288,F1,65,,,,,
2026-07-27,2026-07-27,FO,NSE,IDO,41093,,NIFTY,,2026-08-11,2026-08-11,26150.00,CE,NIFTY2681126150CE,2.45,3.00,1.50,1.50,1.50,2.35,23995.95,1.50,26260,10920,502,853336142.75,255,F1,65,,,,,
2026-07-27,2026-07-27,FO,NSE,IDO,45025,,NIFTY,,2026-08-18,2026-08-18,22750.00,CE,NIFTY2681822750CE,0.00,0.00,0.00,1507.45,0.00,1507.45,23995.95,1365.90,0,0,0,0.00,0,F1,65,,,,,
2026-07-27,2026-07-27,FO,NSE,IDO,45037,,NIFTY,,2026-08-18,2026-08-18,22950.00,CE,NIFTY2681822950CE,0.00,0.00,0.00,1337.60,0.00,1337.60,23995.95,1187.65,0,0,0,0.00,0,F1,65,,,,,
2026-07-27,2026-07-27,FO,NSE,IDO,45110,,NIFTY,,2026-08-18,2026-08-18,24500.00,CE,NIFTY2681824500CE,122.25,122.25,95.00,112.05,115.00,93.40,23995.95,112.05,78390,10465,1636,2616548259.00,1129,F1,65,,,,,
2026-07-27,2026-07-27,FO,NSE,IDO,45140,,NIFTY,,2026-08-18,2026-08-18,24800.00,CE,NIFTY2681824800CE,49.30,50.00,41.00,48.10,50.00,43.55,23995.95,48.10,95355,49270,1884,3042521901.25,959,F1,65,,,,,
2026-07-27,2026-07-27,FO,NSE,IDO,45180,,NIFTY,,2026-08-18,2026-08-18,25600.00,CE,NIFTY2681825600CE,7.95,7.95,4.55,5.80,5.60,7.90,23995.95,5.80,16445,6370,260,432746642.25,208,F1,65,,,,,
2026-07-27,2026-07-27,FO,NSE,IDO,61148,,NIFTY,,2026-08-25,2026-08-25,21200.00,CE,NIFTY26AUG21200CE,2800.00,2882.00,2779.90,2875.45,2882.00,2650.80,23995.95,2875.45,5980,2405,37,57762617.25,31,F1,65,,,,,
2026-07-27,2026-07-27,FO,NSE,IDO,61342,,NIFTY,,2026-08-25,2026-08-25,21800.00,CE,NIFTY26AUG21800CE,0.00,0.00,0.00,2714.00,2714.00,2714.00,23995.95,2307.20,0,0,0,0.00,0,F1,65,,,,,
2026-07-27,2026-07-27,FO,NSE,IDO,61430,,NIFTY,,2026-08-25,2026-08-25,23050.00,CE,NIFTY26AUG23050CE,1035.00,1075.35,1027.55,1075.35,1075.35,929.30,23995.95,1075.35,975,-260,4,6264238.50,3,F1,65,,,,,
2026-07-27,2026-07-27,FO,NSE,IDO,61519,,NIFTY,,2026-08-25,2026-08-25,23650.00,CE,NIFTY26AUG23650CE,530.00,619.95,530.00,612.30,619.00,509.85,23995.95,612.30,13845,-1495,270,425073652.25,199,F1,65,,,,,
2026-07-27,2026-07-27,FO,NSE,IDO,61536,,NIFTY,,2026-08-25,2026-08-25,23850.00,CE,NIFTY26AUG23850CE,450.00,483.70,422.05,475.05,475.30,394.00,23995.95,475.05,24960,-5915,612,966574030.50,470,F1,65,,,,,
2026-07-27,2026-07-27,FO,NSE,IDO,61605,,NIFTY,,2026-08-25,2026-08-25,24050.00,CE,NIFTY26AUG24050CE,333.05,365.70,311.00,356.35,365.70,294.35,23995.95,356.35,53365,3770,1988,3151027405.50,1367,F1,65,,,,,
2026-07-27,2026-07-27,FO,NSE,IDO,61720,,NIFTY,,2026-08-25,2026-08-25,24400.00,CE,NIFTY26AUG24400CE,185.20,196.50,164.00,191.30,194.00,157.65,23995.95,191.30,608140,59995,9372,14974302079.75,6571,F1,65,,,,,
2026-07-27,2026-07-27,FO,NSE,IDO,61845,,NIFTY,,2026-08-25,2026-08-25,24800.00,CE,NIFTY26AUG24800CE,84.95,84.95,64.65,76.45,77.95,67.85,23995.95,76.45,747240,-26780,17807,28789682584.00,10446,F1,65,,,,,
2026-07-27,2026-07-27,FO,NSE,IDO,61943,,NIFTY,,2026-08-25,2026-08-25,25300.00,CE,NIFTY26AUG25300CE,25.00,26.20,18.85,21.20,21.50,22.25,23995.95,21.20,358800,6825,4967,8175026554.50,3037,F1,65,,,,,
2026-07-27,2026-07-27,FO,NSE,IDO,61977,,NIFTY,,2026-08-25,2026-08-25,25550.00,CE,NIFTY26AUG25550CE,0.00,0.00,0.00,362.90,0.00,362.90,23995.95,62.85,0,0,0,0.00,0,F1,65,,,,,
2026-07-27,2026-07-27,FO,NSE,IDO,46921,,NIFTY,,2026-09-01,2026-09-01,22400.00,CE,NIFTY2690122400CE,0.00,0.00,0.00,1986.25,0.00,1986.25,23995.95,1783.85,0,0,0,0.00,0,F1,65,,,,,
2026-07-27,2026-07-27,FO,NSE,IDO,46933,,NIFTY,,2026-09-01,2026-09-01,22700.00,CE,NIFTY2690122700CE,0.00,0.00,0.00,1716.55,0.00,1716.55,23995.95,1516.20,0,0,0,0.00,0,F1,65,,,,,
2026-07-27,2026-07-27,FO,NSE,IDO,46945,,NIFTY,,2026-09-01,2026-09-01,23000.00,CE,NIFTY2690123000CE,1050.00,1050.00,1050.00,1050.00,1050.00,900.00,23995.95,1263.95,650,0,2,3126500.00,2,F1,65,,,,,
2026-07-27,2026-07-27,FO,NSE,IDO,65351,,NIFTY,,2026-08-04,2026-08-04,21950.00,PE,NIFTY2680421950PE,3.25,3.45,2.50,3.25,3.45,5.15,23995.95,3.25,14040,-4290,281,400971795.25,166,F1,65,,,,,
2026-07-27,2026-07-27,FO,NSE,IDO,46951,,NIFTY,,2026-09-01,2026-09-01,23150.00,CE,NIFTY2690123150CE,0.00,0.00,0.00,1338.05,0.00,1338.05,23995.95,1144.90,0,0,0,0.00,0,F1,65,,,,,
2026-07-27,2026-07-27,FO,NSE,IDO,46975,,NIFTY,,2026-09-01,2026-09-01,23750.00,CE,NIFTY2690123750CE,0.00,0.00,0.00,899.60,0.00,899.60,23995.95,726.55,0,0,0,0.00,0,F1,65,,,,,
2026-07-27,2026-07-27,FO,NSE,IDO,47005,,NIFTY,,2026-09-01,2026-09-01,24500.00,CE,NIFTY2690124500CE,171.00,206.20,169.75,196.40,206.20,163.20,23995.95,196.40,2795,910,67,107496372.75,45,F1,65,,,,,
2026-07-27,2026-07-27,FO,NSE,IDO,47015,,NIFTY,,2026-09-01,2026-09-01,24750.00,CE,NIFTY2690124750CE,0.00,0.00,0.00,383.80,0.00,383.80,23995.95,268.70,0,0,0,0.00,0,F1,65,,,,,
2026-07-27,2026-07-27,FO,NSE,IDO,47027,,NIFTY,,2026-09-01,2026-09-01,25050.00,CE,NIFTY2690125050CE,0.00,0.00,0.00,282.50,0.00,282.50,23995.95,187.40,0,0,0,0.00,0,F1,65,,,,,
2026-07-27,2026-07-27,FO,NSE,IDO,47047,,NIFTY,,2026-09-01,2026-09-01,25550.00,CE,NIFTY2690125550CE,0.00,0.00,0.00,160.75,0.00,160.75,23995.95,96.00,0,0,0,0.00,0,F1,65,,,,,
2026-07-27,2026-07-27,FO,NSE,IDO,65893,,NIFTY,,2026-09-29,2026-09-29,21000.00,CE,NIFTY26SEP21000CE,3120.00,3224.60,3083.95,3198.65,3205.90,2980.95,23995.95,3198.65,484120,8580,249,390882485.50,230,F1,65,,,,,
2026-07-27,2026-07-27,FO,NSE,IDO,73805,,NIFTY,,2026-09-29,2026-09-29,21600.00,CE,NIFTY26SEP21600CE,0.00,0.00,0.00,2675.05,0.00,2675.05,23995.95,2677.20,0,0,0,0.00,0,F1,65,,,,,
2026-07-27,2026-07-27,FO,NSE,IDO,73859,,NIFTY,,2026-09-29,2026-09-29,21950.00,CE,NIFTY26SEP21950CE,0.00,0.00,0.00,2369.20,0.00,2369.20,23995.95,2354.15,0,0,0,0.00,0,F1,65,,,,,
2026-07-27,2026-07-27,FO,NSE,IDO,73897,,NIFTY,,2026-09-29,2026-09-29,22850.00,CE,NIFTY26SEP22850CE,0.00,0.00,0.00,1453.00,1453.00,1453.00,23995.95,1586.65,390,0,0,0.00,0,F1,65,,,,,
2026-07-27,2026-07-27,FO,NSE,IDO,73906,,NIFTY,,2026-09-29,2026-09-29,23100.00,CE,NIFTY26SEP23100CE,0.00,0.00,0.00,1111.30,1113.60,1111.30,23995.95,1395.80,845,0,0,0.00,0,F1,65,,,,,
2026-07-27,2026-07-27,FO,NSE,IDO,74107,,NIFTY,,2026-09-29,2026-09-29,24300.00,CE,NIFTY26SEP24300CE,431.95,459.50,409.00,447.45,459.50,382.85,23995.95,447.45,95030,3250,551,885689083.50,353,F1,65,,,,,
2026-07-27,2026-07-27,FO,NSE,IDO,74432,,NIFTY,,2026-09-29,2026-09-29,25950.00,CE,NIFTY26SEP25950CE,0.00,0.00,0.00,251.80,0.00,251.80,23995.95,160.95,0,0,0,0.00,0,F1,65,,,,,
2026-07-27,2026-07-27,FO,NSE,IDO,55324,,NIFTY,,2026-12-29,2026-12-29,19500.00,CE,NIFTY26DEC19500CE,0.00,0.00,0.00,7586.85,0.00,7586.85,23995.95,5048.90,0,0,0,0.00,0,F1,65,,,,,
2026-07-27,2026-07-27,FO,NSE,IDO,55328,,NIFTY,,2026-12-29,2026-12-29,25500.00,CE,NIFTY26DEC25500CE,373.20,389.70,358.75,384.10,389.00,347.10,23995.95,384.10,504335,-29835,3202,5384055764.75,1359,F1,65,,,,,
2026-07-27,2026-07-27,FO,NSE,IDO,80268,,NIFTY,,2027-03-30,2027-03-30,21000.00,CE,NIFTY27MAR21000CE,0.00,0.00,0.00,3217.45,0.00,3217.45,23995.95,4052.45,0,0,0,0.00,0,F1,65,,,,,
2026-07-27,2026-07-27,FO,NSE,IDO,80307,,NIFTY,,2027-03-30,2027-03-30,30000.00,CE,NIFTY27MAR30000CE,47.55,49.45,45.50,48.25,48.60,46.90,23995.95,48.25,84370,-8060,387,755861128.75,209,F1,65,,,,,
2026-07-27,2026-07-27,FO,NSE,IDO,55368,,NIFTY,,2027-06-29,2027-06-29,16500.00,CE,NIFTY27JUN16500CE,0.00,0.00,0.00,10867.20,0.00,10867.20,23995.95,8476.20,0,0,0,0.00,0,F1,65,,,,,
2026-07-27,2026-07-27,FO,NSE,IDO,55372,,NIFTY,,2027-06-29,2027-06-29,19500.00,CE,NIFTY27JUN19500CE,0.00,0.00,0.00,8143.40,0.00,8143.40,23995.95,5718.50,0,0,0,0.00,0,F1,65,,,,,
2026-07-27,2026-07-27,FO,NSE,IDO,53613,,NIFTY,,2027-12-28,2027-12-28,21000.00,CE,NIFTY27DEC21000CE,0.00,0.00,0.00,4902.40,0.00,4902.40,23995.95,5154.95,0,0,0,0.00,0,F1,65,,,,,
2026-07-27,2026-07-27,FO,NSE,IDO,86163,,NIFTY,,2028-06-27,2028-06-27,27000.00,CE,NIFTY28JUN27000CE,0.00,0.00,0.00,2885.15,0.00,2885.15,23995.95,2324.15,0,0,0,0.00,0,F1,65,,,,,
2026-07-27,2026-07-27,FO,NSE,IDO,55562,,NIFTY,,2029-06-26,2029-06-26,25500.00,CE,NIFTY29JUN25500CE,0.00,0.00,0.00,5917.35,0.00,5917.35,23995.95,4319.30,0,0,0,0.00,0,F1,65,,,,,
2026-07-27,2026-07-27,FO,NSE,IDO,61659,,NIFTY,,2029-12-24,2029-12-24,21000.00,CE,NIFTY29DEC21000CE,0.00,0.00,0.00,9463.95,0.00,9463.95,23995.95,7618.30,0,0,0,0.00,0,F1,65,,,,,
2026-07-27,2026-07-27,FO,NSE,IDO,55700,,NIFTY,,2030-12-31,2030-12-31,19500.00,CE,NIFTY30DEC19500CE,0.00,0.00,0.00,11601.15,0.00,11601.15,23995.95,9682.10,0,0,0,0.00,0,F1,65,,,,,
2026-07-27,2026-07-27,FO,NSE,IDO,55756,,NIFTY,,2030-12-31,2030-12-31,25500.00,CE,NIFTY30DEC25500CE,0.00,0.00,0.00,7639.65,0.00,7639.65,23995.95,6127.25,0,0,0,0.00,0,F1,65,,,,,
2026-07-27,2026-07-27,FO,NSE,IDO,74641,,NIFTY,,2031-06-24,2031-06-24,18000.00,CE,NIFTY31JUN18000CE,0.00,0.00,0.00,10825.95,0.00,10825.95,23995.95,11123.60,0,0,0,0.00,0,F1,65,,,,,
2026-07-27,2026-07-27,FO,NSE,IDO,74657,,NIFTY,,2031-06-24,2031-06-24,30000.00,CE,NIFTY31JUN30000CE,0.00,0.00,0.00,4459.90,0.00,4459.90,23995.95,4654.75,0,0,0,0.00,0,F1,65,,,,,
2026-07-27,2026-07-27,FO,NSE,IDO,63824,,NIFTY,,2026-07-28,2026-07-28,21350.00,PE,NIFTY26JUL21350PE,0.70,1.10,0.40,0.60,0.45,0.65,23995.95,0.60,168675,-8515,9664,13411568946.75,1858,F1,65,,,,,
2026-07-27,2026-07-27,FO,NSE,IDO,74646,,NIFTY,,2031-06-24,2031-06-24,21000.00,PE,NIFTY31JUN21000PE,0.00,0.00,0.00,450.50,0.00,450.50,23995.95,372.30,0,0,0,0.00,0,F1,65,,,,,
2026-07-27,2026-07-27,FO,NSE,IDO,55651,,NIFTY,,2030-06-25,2030-06-25,31500.00,PE,NIFTY30JUN31500PE,0.00,0.00,0.00,2056.30,0.00,2056.30,23995.95,3354.10,0,0,0,0.00,0,F1,65,,,,,
2026-07-27,2026-07-27,FO,NSE,IDO,67775,,NIFTY,,2028-12-26,2028-12-26,20000.00,PE,NIFTY28DEC20000PE,0.00,0.00,0.00,375.00,375.00,375.00,23995.95,236.05,2380,0,0,0.00,0,F1,65,,,,,
2026-07-27,2026-07-27,FO,NSE,IDO,53619,,NIFTY,,2027-12-28,2027-12-28,23000.00,PE,NIFTY27DEC23000PE,585.00,594.60,577.55,581.05,580.00,616.85,23995.95,581.05,44630,-910,76,116512441.50,62,F1,65,,,,,
2026-07-27,2026-07-27,FO,NSE,IDO,35263,,NIFTY,,2027-06-29,2027-06-29,30000.00,PE,NIFTY27JUN30000PE,0.00,0.00,0.00,4000.05,4000.05,4000.05,23995.95,4575.20,65,0,0,0.00,0,F1,65,,,,,
2026-07-27,2026-07-27,FO,NSE,IDO,55379,,NIFTY,,2027-06-29,2027-06-29,28500.00,PE,NIFTY27JUN28500PE,0.00,0.00,0.00,1807.05,0.00,1807.05,23995.95,3415.40,0,0,0,0.00,0,F1,65,,,,,
2026-07-27,2026-07-27,FO,NSE,IDO,80189,,NIFTY,,2027-03-30,2027-03-30,15000.00,PE,NIFTY27MAR15000PE,20.00,20.00,17.05,17.05,17.05,20.00,23995.95,0.10,520,65,3,2928708.25,3,F1,65,,,,,
2026-07-27,2026-07-27,FO,NSE,IDO,38159,,NIFTY,,2026-12-29,2026-12-29,29000.00,PE,NIFTY26DEC29000PE,4190.00,4196.90,4190.00,4193.60,4196.90,4418.95,23995.95,4193.60,223095,-65,3,6472745.50,3,F1,65,,,,,
2026-07-27,2026-07-27,FO,NSE,IDO,50979,,NIFTY,,2026-12-29,2026-12-29,27000.00,PE,NIFTY26DEC27000PE,2423.90,2440.00,2330.05,2340.55,2345.45,2537.10,23995.95,2340.55,875245,9545,545,1040950898.00,330,F1,65,,,,,
2026-07-27,2026-07-27,FO,NSE,IDO,55327,,NIFTY,,2026-12-29,2026-12-29,22500.00,PE,NIFTY26DEC22500PE,210.40,212.55,189.70,192.50,191.00,237.60,23995.95,192.50,540865,-124995,5866,8656119754.75,2620,F1,65,,,,,
2026-07-27,2026-07-27,FO,NSE,IDO,58639,,NIFTY,,2026-12-29,2026-12-29,17000.00,PE,NIFTY26DEC17000PE,26.00,26.90,22.05,24.35,24.00,26.85,23995.95,24.35,188510,-20670,506,559910370.50,200,F1,65,,,,,
2026-07-27,2026-07-27,FO,NSE,IDO,74466,,NIFTY,,2026-09-29,2026-09-29,26200.00,PE,NIFTY26SEP26200PE,0.00,0.00,0.00,1500.00,1500.00,1500.00,23995.95,2026.80,195,0,0,0.00,0,F1,65,,,,,
2026-07-27,2026-07-27,FO,NSE,IDO,74423,,NIFTY,,2026-09-29,2026-09-29,25850.00,PE,NIFTY26SEP25850PE,0.00,0.00,0.00,1859.75,0.00,1859.75,23995.95,1733.90,0,0,0,0.00,0,F1,65,,,,,
2026-07-27,2026-07-27,FO,NSE,IDO,74358,,NIFTY,,2026-09-29,2026-09-29,24800.00,PE,NIFTY26SEP24800PE,855.00,875.55,773.20,785.05,773.20,963.90,23995.95,785.05,46020,-455,40,66592695.00,28,F1,65,,,,,
2026-07-27,2026-07-27,FO,NSE,IDO,74240,,NIFTY,,2026-09-29,2026-09-29,24450.00,PE,NIFTY26SEP24450PE,615.00,620.60,614.95,614.95,614.95,863.65,23995.95,765.80,8515,0,6,9775704.25,4,F1,65,,,,,
2026-07-27,2026-07-27,FO,NSE,IDO,74006,,NIFTY,,2026-09-29,2026-09-29,23650.00,PE,NIFTY26SEP23650PE,306.85,308.90,268.95,269.00,269.00,386.60,23995.95,401.10,7800,2795,94,146244218.25,54,F1,65,,,,,
2026-07-27,2026-07-27,FO,NSE,IDO,74004,,NIFTY,,2026-09-29,2026-09-29,23600.00,PE,NIFTY26SEP23600PE,311.05,312.90,238.95,243.60,241.00,367.65,23995.95,243.60,73840,23010,996,1545454625.00,735,F1,65,,,,,
2026-07-27,2026-07-27,FO,NSE,IDO,65899,,NIFTY,,2026-09-29,2026-09-29,23000.00,PE,NIFTY26SEP23000PE,170.00,170.50,124.05,126.35,126.45,198.45,23995.95,126.35,2031125,23855,6892,10366559011.25,3853,F1,65,,,,,
2026-07-27,2026-07-27,FO,NSE,IDO,73900,,NIFTY,,2026-09-29,2026-09-29,22900.00,PE,NIFTY26SEP22900PE,150.85,150.85,110.00,113.80,110.00,180.15,23995.95,113.80,72540,3900,521,779786429.50,336,F1,65,,,,,
2026-07-27,2026-07-27,FO,NSE,IDO,47026,,NIFTY,,2026-09-01,2026-09-01,25000.00,PE,NIFTY2690125000PE,0.00,0.00,0.00,936.10,0.00,936.10,23995.95,1041.90,0,0,0,0.00,0,F1,65,,,,,
2026-07-27,2026-07-27,FO,NSE,IDO,46982,,NIFTY,,2026-09-01,2026-09-01,23900.00,PE,NIFTY2690123900PE,315.00,316.35,305.10,305.10,305.10,350.30,23995.95,387.10,260,260,6,9441363.75,4,F1,65,,,,,
2026-07-27,2026-07-27,FO,NSE,IDO,46906,,NIFTY,,2026-09-01,2026-09-01,22000.00,PE,NIFTY2690122000PE,19.15,19.15,19.15,19.15,19.15,20.05,23995.95,18.80,130,130,2,2862489.50,2,F1,65,,,,,
2026-07-27,2026-07-27,FO,NSE,IDO,61954,,NIFTY,,2026-08-25,2026-08-25,25350.00,PE,NIFTY26AUG25350PE,1350.00,1350.00,1230.00,1244.40,1230.00,808.20,23995.95,1244.40,1040,845,16,27673750.00,16,F1,65,,,,,
2026-07-27,2026-07-27,FO,NSE,IDO,61930,,NIFTY,,2026-08-25,2026-08-25,25200.00,PE,NIFTY26AUG25200PE,1221.00,1221.00,1096.75,1115.45,1099.00,1326.40,23995.95,1115.45,37765,20670,340,582241153.00,269,F1,65,,,,,
2026-07-27,2026-07-27,FO,NSE,IDO,61898,,NIFTY,,2026-08-25,2026-08-25,25000.00,PE,NIFTY26AUG25000PE,1050.00,1060.00,916.20,935.50,916.20,1170.45,23995.95,935.50,1806805,303030,10443,17641809012.75,8236,F1,65,,,,,
2026-07-27,2026-07-27,FO,NSE,IDO,61719,,NIFTY,,2026-08-25,2026-08-25,24350.00,PE,NIFTY26AUG24350PE,534.60,555.00,441.15,452.90,443.00,651.30,23995.95,452.90,20150,910,237,382942527.50,186,F1,65,,,,,
2026-07-27,2026-07-27,FO,NSE,IDO,61408,,NIFTY,,2026-08-25,2026-08-25,22650.00,PE,NIFTY26AUG22650PE,47.65,48.00,29.40,30.35,29.65,67.85,23995.95,30.35,21710,-975,462,681340036.00,280,F1,65,,,,,
2026-07-27,2026-07-27,FO,NSE,IDO,61367,,NIFTY,,2026-08-25,2026-08-25,22200.00,PE,NIFTY26AUG22200PE,24.90,38.00,16.30,17.15,17.05,36.75,23995.95,17.15,163670,1235,5825,8413747758.00,3286,F1,65,,,,,
2026-07-27,2026-07-27,FO,NSE,IDO,61357,,NIFTY,,2026-08-25,2026-08-25,22100.00,PE,NIFTY26AUG22100PE,22.25,22.75,15.10,15.55,15.10,32.50,23995.95,15.55,43225,-5135,882,1267987139.25,493,F1,65,,,,,
2026-07-27,2026-07-27,FO,NSE,IDO,61174,,NIFTY,,2026-08-25,2026-08-25,21350.00,PE,NIFTY26AUG21350PE,11.50,14.95,8.15,8.90,9.00,16.00,23995.95,8.90,3380,-1300,79,109682186.25,40,F1,65,,,,,
2026-07-27,2026-07-27,FO,NSE,IDO,61153,,NIFTY,,2026-08-25,2026-08-25,21200.00,PE,NIFTY26AUG21200PE,14.95,14.95,8.10,8.45,8.20,15.50,23995.95,8.45,533065,14365,7399,10200282004.25,3441,F1,65,,,,,
2026-07-27,2026-07-27,FO,NSE,IDO,45199,,NIFTY,,2026-08-18,2026-08-18,25950.00,PE,NIFTY2681825950PE,0.00,0.00,0.00,1804.45,0.00,1804.45,23995.95,1873.85,0,0,0,0.00,0,F1,65,,,,,
2026-07-27,2026-07-27,FO,NSE,IDO,45169,,NIFTY,,2026-08-18,2026-08-18,25450.00,PE,NIFTY2681825450PE,0.00,0.00,0.00,1367.80,0.00,1367.80,23995.95,1404.20,0,0,0,0.00,0,F1,65,,,,,
2026-07-27,2026-07-27,FO,NSE,IDO,45165,,NIFTY,,2026-08-18,2026-08-18,25350.00,PE,NIFTY2681825350PE,0.00,0.00,0.00,1285.35,0.00,1285.35,23995.95,1314.10,0,0,0,0.00,0,F1,65,,,,,
2026-07-27,2026-07-27,FO,NSE,IDO,45141,,NIFTY,,2026-08-18,2026-08-18,24800.00,PE,NIFTY2681824800PE,0.00,0.00,0.00,668.95,668.95,668.95,23995.95,854.90,130,0,0,0.00,0,F1,65,,,,,
2026-07-27,2026-07-27,FO,NSE,IDO,45105,,NIFTY,,2026-08-18,2026-08-18,24350.00,PE,NIFTY2681824350PE,512.60,519.00,378.70,378.70,378.70,727.90,23995.95,378.70,2015,1430,42,67855183.50,38,F1,65,,,,,
2026-07-27,2026-07-27,FO,NSE,IDO,45044,,NIFTY,,2026-08-18,2026-08-18,23050.00,PE,NIFTY2681823050PE,51.60,51.60,37.45,38.95,37.45,93.00,23995.95,38.95,5135,-2275,44,66049022.00,14,F1,65,,,,,
2026-07-27,2026-07-27,FO,NSE,IDO,45038,,NIFTY,,2026-08-18,2026-08-18,22950.00,PE,NIFTY2681822950PE,60.00,60.00,31.30,32.90,31.30,83.80,23995.95,32.90,6240,-1300,58,86669592.75,26,F1,65,,,,,
2026-07-27,2026-07-27,FO,NSE,IDO,44984,,NIFTY,,2026-08-18,2026-08-18,22000.00,PE,NIFTY2681822000PE,10.00,10.00,9.45,9.85,9.45,17.30,23995.95,9.85,65,65,3,4291914.25,2,F1,65,,,,,
2026-07-27,2026-07-27,FO,NSE,IDO,41094,,NIFTY,,2026-08-11,2026-08-11,26150.00,PE,NIFTY2681126150PE,0.00,0.00,0.00,1672.30,0.00,1672.30,23995.95,2091.05,0,0,0,0.00,0,F1,65,,,,,
2026-07-27,2026-07-27,FO,NSE,IDO,41074,,NIFTY,,2026-08-11,2026-08-11,25850.00,PE,NIFTY2681125850PE,0.00,0.00,0.00,1412.80,0.00,1412.80,23995.95,1795.10,0,0,0,0.00,0,F1,65,,,,,
2026-07-27,2026-07-27,FO,NSE,IDO,41070,,NIFTY,,2026-08-11,2026-08-11,25750.00,PE,NIFTY2681125750PE,0.00,0.00,0.00,1329.60,0.00,1329.60,23995.95,1697.30,0,0,0,0.00,0,F1,65,,,,,
2026-07-27,2026-07-27,FO,NSE,IDO,41062,,NIFTY,,2026-08-11,2026-08-11,25600.00,PE,NIFTY2681125600PE,0.00,0.00,0.00,1208.35,0.00,1208.35,23995.95,1551.70,0,0,0,0.00,0,F1,65,,,,,
2026-07-27,2026-07-27,FO,NSE,IDO,41044,,NIFTY,,2026-08-11,2026-08-11,25150.00,PE,NIFTY2681125150PE,0.00,0.00,0.00,884.05,884.05,884.05,23995.95,1129.25,65,0,0,0.00,0,F1,65,,,,,
2026-07-27,2026-07-27,FO,NSE,IDO,40972,,NIFTY,,2026-08-11,2026-08-11,23550.00,PE,NIFTY2681123550PE,116.60,117.40,65.40,68.65,66.10,170.70,23995.95,68.65,25025,12025,1222,1877377911.50,800,F1,65,,,,,
2026-07-27,2026-07-27,FO,NSE,IDO,40946,,NIFTY,,2026-08-11,2026-08-11,22900.00,PE,NIFTY2681122900PE,28.45,32.45,14.60,15.60,15.60,46.65,23995.95,15.60,132210,82810,8129,12110485991.50,6046,F1,65,,,,,
2026-07-27,2026-07-27,FO,NSE,IDO,63839,,NIFTY,,2026-07-28,2026-07-28,21600.00,PE,NIFTY26JUL21600PE,0.70,1.10,0.45,0.70,0.85,0.80,23995.95,0.70,238160,-119145,24400,34258609762.00,6865,F1,65,,,,,
2026-07-27,2026-07-27,FO,NSE,IDO,63841,,NIFTY,,2026-07-28,2026-07-28,21650.00,PE,NIFTY26JUL21650PE,0.95,1.20,0.40,0.70,0.90,0.80,23995.95,0.70,89895,43355,8202,11542628721.00,1458,F1,65,,,,,
2026-07-27,2026-07-27,FO,NSE,IDO,63962,,NIFTY,,2026-07-28,2026-07-28,24550.00,PE,NIFTY26JUL24550PE,603.25,634.00,508.50,516.95,511.30,739.35,23995.95,516.95,43420,-24895,1067,1742494477.75,846,F1,65,,,,,
2026-07-27,2026-07-27,FO,NSE,IDO,63970,,NIFTY,,2026-07-28,2026-07-28,24750.00,PE,NIFTY26JUL24750PE,790.00,828.40,710.55,713.60,710.55,951.35,23995.95,713.60,26520,-6695,182,301770004.25,170,F1,65,,,,,
2026-07-27,2026-07-27,FO,NSE,IDO,63974,,NIFTY,,2026-07-28,2026-07-28,24850.00,PE,NIFTY26JUL24850PE,923.05,923.30,823.15,824.20,825.05,1025.00,23995.95,824.20,18915,-195,110,183850199.00,75,F1,65,,,,,
2026-07-27,2026-07-27,FO,NSE,IDO,63976,,NIFTY,,2026-07-28,2026-07-28,24900.00,PE,NIFTY26JUL24900PE,931.05,1000.55,861.20,871.80,865.00,1103.30,23995.95,871.80,53300,-12090,468,785439827.25,356,F1,65,,,,,
2026-07-27,2026-07-27,FO,NSE,IDO,63986,,NIFTY,,2026-07-28,2026-07-28,25150.00,PE,NIFTY26JUL25150PE,1212.00,1212.00,1131.35,1131.35,1131.35,1276.35,23995.95,1149.90,1885,-65,7,11980728.50,6,F1,65,,,,,
2026-07-27,2026-07-27,FO,NSE,IDO,64022,,NIFTY,,2026-07-28,2026-07-28,25900.00,PE,NIFTY26JUL25900PE,1984.55,1985.00,1889.00,1889.00,1889.00,2090.00,23995.95,1899.75,2405,-1365,30,54355587.00,20,F1,65,,,,,
2026-07-27,2026-07-27,FO,NSE,IDO,64032,,NIFTY,,2026-07-28,2026-07-28,26150.00,PE,NIFTY26JUL26150PE,0.00,0.00,0.00,2060.00,2060.00,2060.00,23995.95,2149.75,65,0,0,0.00,0,F1,65,,,,,
2026-07-27,2026-07-27,FO,NSE,IDO,65532,,NIFTY,,2026-08-04,2026-08-04,23350.00,PE,NIFTY2680423350PE,40.00,40.35,15.40,16.30,15.40,68.20,23995.95,16.30,429520,279110,28795,43746413473.75,17871,F1,65,,,,,
2026-07-27,2026-07-27,FO,NSE,IDO,74419,,NIFTY,,2026-09-29,2026-09-29,25750.00,PE,NIFTY26SEP25750PE,0.00,0.00,0.00,1782.80,0.00,1782.80,23995.95,1653.25,0,0,0,0.00,0,F1,65,,,,,
2026-07-27,2026-07-27,FO,NSE,IDO,58631,,NIFTY,,2026-12-29,2026-12-29,13000.00,PE,NIFTY26DEC13000PE,8.00,8.00,8.00,8.00,8.00,7.75,23995.95,0.00,11060,0,1,845520.00,1,F1,65,,,,,
2026-07-27,2026-07-27,FO,NSE,IDO,71506,,NIFTY,,2026-12-29,2026-12-29,26000.00,PE,NIFTY26DEC26000PE,1600.00,1625.00,1518.35,1527.40,1528.50,1716.25,23995.95,1527.40,1291710,11130,914,1638159136.25,609,F1,65,,,,,
2026-07-27,2026-07-27,FO,NSE,IDO,80267,,NIFTY,,2027-03-30,2027-03-30,19500.00,PE,NIFTY27MAR19500PE,68.55,74.15,68.55,74.05,74.10,77.65,23995.95,74.05,43875,-520,66,83965781.25,41,F1,65,,,,,
2026-07-27,2026-07-27,FO,NSE,IDO,67789,,NIFTY,,2028-12-26,2028-12-26,27000.00,PE,NIFTY28DEC27000PE,1800.00,1800.00,1795.60,1799.60,1800.00,1923.75,23995.95,1799.60,11540,260,16,29951714.00,7,F1,65,,,,,
2026-07-27,2026-07-27,FO,NSE,IDO,55525,,NIFTY,,2028-12-26,2028-12-26,28500.00,PE,NIFTY28DEC28500PE,0.00,0.00,0.00,1451.15,0.00,1451.15,23995.95,2659.85,0,0,0,0.00,0,F1,65,,,,,
2026-07-27,2026-07-27,FO,NSE,IDO,89631,,NIFTY,,2029-06-26,2029-06-26,24000.00,PE,NIFTY29JUN24000PE,0.00,0.00,0.00,825.00,825.00,825.00,23995.95,934.90,155,0,0,0.00,0,F1,65,,,,,
2026-07-27,2026-07-27,FO,NSE,IDO,55605,,NIFTY,,2029-12-24,2029-12-24,25500.00,PE,NIFTY29DEC25500PE,0.00,0.00,0.00,597.30,0.00,597.30,23995.95,1286.55,0,0,0,0.00,0,F1,65,,,,,
2026-07-27,2026-07-27,FO,NSE,IDO,55609,,NIFTY,,2029-12-24,2029-12-24,31500.00,PE,NIFTY29DEC31500PE,0.00,0.00,0.00,2240.25,0.00,2240.25,23995.95,3635.80,0,0,0,0.00,0,F1,65,,,,,
2026-07-27,2026-07-27,FO,NSE,IDO,60899,,NIFTY,,2030-06-25,2030-06-25,21000.00,PE,NIFTY30JUN21000PE,0.00,0.00,0.00,220.00,220.00,220.00,23995.95,381.95,65,0,0,0.00,0,F1,65,,,,,
2026-07-27,2026-07-27,FO,NSE,IDO,55647,,NIFTY,,2030-06-25,2030-06-25,25500.00,PE,NIFTY30JUN25500PE,0.00,0.00,0.00,568.55,0.00,568.55,23995.95,1221.10,0,0,0,0.00,0,F1,65,,,,,
2026-07-27,2026-07-27,FO,NSE,IDO,55703,,NIFTY,,2030-12-31,2030-12-31,21000.00,PE,NIFTY30DEC21000PE,0.00,0.00,0.00,455.05,455.05,455.05,23995.95,378.55,780,0,0,0.00,0,F1,65,,,,,
2026-07-27,2026-07-27,FO,NSE,IDO,63811,,NIFTY,,2026-07-28,2026-07-28,21100.00,CE,NIFTY26JUL21100CE,2860.00,2953.50,2823.60,2937.50,2953.50,2690.20,23995.95,2937.50,14365,-11895,256,399074188.50,203,F1,65,,,,,
2026-07-27,2026-07-27,FO,NSE,IDO,63859,,NIFTY,,2026-07-28,2026-07-28,22100.00,CE,NIFTY26JUL22100CE,0.00,0.00,0.00,1586.15,1586.15,1586.15,23995.95,1899.65,195,0,0,0.00,0,F1,65,,,,,
2026-07-27,2026-07-27,FO,NSE,IDO,63879,,NIFTY,,2026-07-28,2026-07-28,22600.00,CE,NIFTY26JUL22600CE,1390.00,1445.00,1365.25,1436.45,1433.65,1189.35,23995.95,1436.45,1430,-520,19,29648105.50,14,F1,65,,,,,
2026-07-27,2026-07-27,FO,NSE,IDO,63905,,NIFTY,,2026-07-28,2026-07-28,23250.00,CE,NIFTY26JUL23250CE,700.80,795.40,666.50,788.55,790.75,567.50,23995.95,788.55,14755,-325,285,444323629.75,195,F1,65,,,,,
2026-07-27,2026-07-27,FO,NSE,IDO,64004,,NIFTY,,2026-07-28,2026-07-28,25550.00,CE,NIFTY26JUL25550CE,0.70,1.10,0.30,0.35,0.30,0.65,23995.95,0.35,494325,-246740,31894,52969039363.50,6906,F1,65,,,,,
2026-07-27,2026-07-27,FO,NSE,IDO,64010,,NIFTY,,2026-07-28,2026-07-28,25700.00,CE,NIFTY26JUL25700CE,0.60,0.65,0.30,0.35,0.30,0.60,23995.95,0.35,605995,-131300,30237,50511874978.50,6942,F1,65,,,,,
2026-07-27,2026-07-27,FO,NSE,IDO,64045,,NIFTY,,2026-07-28,2026-07-28,26300.00,CE,NIFTY26JUL26300CE,0.45,0.55,0.25,0.35,0.25,0.45,23995.95,0.35,774215,-308685,31048,53077371308.00,6790,F1,65,,,,,
2026-07-27,2026-07-27,FO,NSE,IDO,65218,,NIFTY,,2026-08-04,2026-08-04,21850.00,CE,NIFTY2680421850CE,0.00,0.00,0.00,2159.60,0.00,2159.60,23995.95,2175.00,0,0,0,0.00,0,F1,65,,,,,
2026-07-27,2026-07-27,FO,NSE,IDO,65431,,NIFTY,,2026-08-04,2026-08-04,22450.00,CE,NIFTY2680422450CE,0.00,0.00,0.00,1618.40,0.00,1618.40,23995.95,1576.35,0,0,0,0.00,0,F1,65,,,,,
2026-07-27,2026-07-27,FO,NSE,IDO,65912,,NIFTY,,2026-08-04,2026-08-04,24900.00,CE,NIFTY2680424900CE,6.20,6.20,3.50,4.80,4.80,4.60,23995.95,4.80,1269840,693030,52740,85374835312.00,20284,F1,65,,,,,
2026-07-27,2026-07-27,FO,NSE,IDO,65928,,NIFTY,,2026-08-04,2026-08-04,25250.00,CE,NIFTY2680425250CE,1.95,2.35,1.45,1.60,1.60,1.75,23995.95,1.60,214110,96590,7670,12589317289.25,4587,F1,65,,,,,
2026-07-27,2026-07-27,FO,NSE,IDO,66000,,NIFTY,,2026-08-04,2026-08-04,25700.00,CE,NIFTY2680425700CE,1.60,1.75,1.10,1.20,1.20,1.45,23995.95,1.20,627705,451685,21008,35095954708.75,7711,F1,65,,,,,
2026-07-27,2026-07-27,FO,NSE,IDO,66008,,NIFTY,,2026-08-04,2026-08-04,25800.00,CE,NIFTY2680425800CE,1.35,1.70,0.95,1.05,1.05,1.25,23995.95,1.05,73255,35360,2959,4962489132.25,1484,F1,65,,,,,
2026-07-27,2026-07-27,FO,NSE,IDO,66052,,NIFTY,,2026-08-04,2026-08-04,25900.00,CE,NIFTY2680425900CE,1.15,1.50,0.95,1.00,0.95,1.25,23995.95,1.00,35165,14170,2117,3564134174.25,909,F1,65,,,,,
2026-07-27,2026-07-27,FO,NSE,IDO,66056,,NIFTY,,2026-08-04,2026-08-04,26000.00,CE,NIFTY2680426000CE,1.30,1.35,0.90,1.00,1.00,1.20,23995.95,1.00,1411800,759460,33391,56433077145.25,8012,F1,65,,,,,
2026-07-27,2026-07-27,FO,NSE,IDO,40929,,NIFTY,,2026-08-11,2026-08-11,22500.00,CE,NIFTY2681122500CE,0.00,0.00,0.00,2053.75,0.00,2053.75,23995.95,1559.40,0,0,0,0.00,0,F1,65,,,,,
2026-07-27,2026-07-27,FO,NSE,IDO,40939,,NIFTY,,2026-08-11,2026-08-11,22750.00,CE,NIFTY2681122750CE,0.00,0.00,0.00,1821.15,0.00,1821.15,23995.95,1319.55,0,0,0,0.00,0,F1,65,,,,,
2026-07-27,2026-07-27,FO,NSE,IDO,40953,,NIFTY,,2026-08-11,2026-08-11,23100.00,CE,NIFTY2681123100CE,0.00,0.00,0.00,800.00,800.00,800.00,23995.95,999.50,650,0,0,0.00,0,F1,65,,,,,
2026-07-27,2026-07-27,FO,NSE,IDO,40997,,NIFTY,,2026-08-11,2026-08-11,24150.00,CE,NIFTY2681124150CE,174.00,198.45,157.20,190.05,198.45,144.65,23995.95,190.05,55705,14625,1358,2147176772.00,1184,F1,65,,,,,
2026-07-27,2026-07-27,FO,NSE,IDO,40999,,NIFTY,,2026-08-11,2026-08-11,24200.00,CE,NIFTY2681124200CE,149.90,173.90,136.85,166.60,173.90,129.40,23995.95,166.60,364650,125775,9287,14702670329.75,6655,F1,65,,,,,
2026-07-27,2026-07-27,FO,NSE,IDO,41047,,NIFTY,,2026-08-11,2026-08-11,25250.00,CE,NIFTY2681125250CE,6.20,7.35,4.85,5.60,5.55,7.85,23995.95,5.60,2210,650,59,96856389.50,47,F1,65,,,,,
2026-07-27,2026-07-27,FO,NSE,IDO,41063,,NIFTY,,2026-08-11,2026-08-11,25650.00,CE,NIFTY2681125650CE,3.05,4.45,2.40,2.75,2.75,4.60,23995.95,9.80,1885,585,109,181750084.75,70,F1,65,,,,,
2026-07-27,2026-07-27,FO,NSE,IDO,41069,,NIFTY,,2026-08-11,2026-08-11,25750.00,CE,NIFTY2681125750CE,0.00,0.00,0.00,4.05,4.05,4.05,23995.95,7.30,650,0,0,0.00,0,F1,65,,,,,
2026-07-27,2026-07-27,FO,NSE,IDO,45027,,NIFTY,,2026-08-18,2026-08-18,22800.00,CE,NIFTY2681822800CE,0.00,0.00,0.00,1464.30,0.00,1464.30,23995.95,1320.65,0,0,0,0.00,0,F1,65,,,,,
2026-07-27,2026-07-27,FO,NSE,IDO,45132,,NIFTY,,2026-08-18,2026-08-18,24750.00,CE,NIFTY2681824750CE,0.00,0.00,0.00,281.05,0.00,281.05,23995.95,154.10,0,0,0,0.00,0,F1,65,,,,,
2026-07-27,2026-07-27,FO,NSE,IDO,61156,,NIFTY,,2026-08-25,2026-08-25,21300.00,CE,NIFTY26AUG21300CE,0.00,0.00,0.00,2725.00,2725.00,2725.00,23995.95,2799.75,3835,0,0,0.00,0,F1,65,,,,,
2026-07-27,2026-07-27,FO,NSE,IDO,61336,,NIFTY,,2026-08-25,2026-08-25,21650.00,CE,NIFTY26AUG21650CE,0.00,0.00,0.00,2669.30,0.00,2669.30,23995.95,2454.25,0,0,0,0.00,0,F1,65,,,,,
2026-07-27,2026-07-27,FO,NSE,IDO,61338,,NIFTY,,2026-08-25,2026-08-25,21700.00,CE,NIFTY26AUG21700CE,0.00,0.00,0.00,2625.10,0.00,2625.10,23995.95,2405.15,0,0,0,0.00,0,F1,65,,,,,
2026-07-27,2026-07-27,FO,NSE,IDO,61397,,NIFTY,,2026-08-25,2026-08-25,22500.00,CE,NIFTY26AUG22500CE,1534.95,1628.00,1486.65,1605.30,1628.00,1406.50,23995.95,1605.30,320060,84890,2012,3145155500.50,1687,F1,65,,,,,
2026-07-27,2026-07-27,FO,NSE,IDO,61727,,NIFTY,,2026-08-25,2026-08-25,24450.00,CE,NIFTY26AUG24450CE,159.10,178.00,146.65,172.20,178.00,143.75,23995.95,172.20,41405,715,1234,1974128250.25,712,F1,65,,,,,
2026-07-27,2026-07-27,FO,NSE,IDO,62002,,NIFTY,,2026-08-25,2026-08-25,25850.00,CE,NIFTY26AUG25850CE,5.50,6.60,5.50,6.60,6.60,6.80,23995.95,6.60,1495,-65,2,3361286.50,2,F1,65,,,,,
2026-07-27,2026-07-27,FO,NSE,IDO,62022,,NIFTY,,2026-08-25,2026-08-25,25900.00,CE,NIFTY26AUG25900CE,7.00,7.80,4.75,5.45,5.85,7.80,23995.95,5.45,12220,5395,195,328360535.75,102,F1,65,,,,,
2026-07-27,2026-07-27,FO,NSE,IDO,62058,,NIFTY,,2026-08-25,2026-08-25,26250.00,CE,NIFTY26AUG26250CE,3.70,3.90,2.15,2.45,2.60,3.80,23995.95,2.45,9945,1040,107,182588779.75,65,F1,65,,,,,
2026-07-27,2026-07-27,FO,NSE,IDO,46905,,NIFTY,,2026-09-01,2026-09-01,22000.00,CE,NIFTY2690122000CE,0.00,0.00,0.00,2360.90,0.00,2360.90,23995.95,2157.70,0,0,0,0.00,0,F1,65,,,,,
2026-07-27,2026-07-27,FO,NSE,IDO,46913,,NIFTY,,2026-09-01,2026-09-01,22200.00,CE,NIFTY2690122200CE,0.00,0.00,0.00,2171.80,0.00,2171.80,23995.95,1968.80,0,0,0,0.00,0,F1,65,,,,,
2026-07-27,2026-07-27,FO,NSE,IDO,47003,,NIFTY,,2026-09-01,2026-09-01,24450.00,CE,NIFTY2690124450CE,0.00,0.00,0.00,508.95,0.00,508.95,23995.95,374.40,0,0,0,0.00,0,F1,65,,,,,
2026-07-27,2026-07-27,FO,NSE,IDO,47009,,NIFTY,,2026-09-01,2026-09-01,24600.00,CE,NIFTY2690124600CE,0.00,0.00,0.00,443.30,0.00,443.30,23995.95,318.35,0,0,0,0.00,0,F1,65,,,,,
2026-07-27,2026-07-27,FO,NSE,IDO,55282,,NIFTY,,2026-09-29,2026-09-29,19500.00,CE,NIFTY26SEP19500CE,4570.00,4727.20,4570.00,4727.20,4727.20,4488.50,23995.95,4727.20,150995,-2535,277,434610088.25,162,F1,65,,,,,
2026-07-27,2026-07-27,FO,NSE,IDO,73849,,NIFTY,,2026-09-29,2026-09-29,21750.00,CE,NIFTY26SEP21750CE,0.00,0.00,0.00,2542.45,0.00,2542.45,23995.95,2537.55,0,0,0,0.00,0,F1,65,,,,,
2026-07-27,2026-07-27,FO,NSE,IDO,73852,,NIFTY,,2026-09-29,2026-09-29,21800.00,CE,NIFTY26SEP21800CE,0.00,0.00,0.00,2498.75,0.00,2498.75,23995.95,2491.35,0,0,0,0.00,0,F1,65,,,,,
2026-07-27,2026-07-27,FO,NSE,IDO,73869,,NIFTY,,2026-09-29,2026-09-29,22100.00,CE,NIFTY26SEP22100CE,0.00,0.00,0.00,2242.10,0.00,2242.10,23995.95,2219.15,0,0,0,0.00,0,F1,65,,,,,
2026-07-27,2026-07-27,FO,NSE,IDO,74114,,NIFTY,,2026-09-29,2026-09-29,24400.00,CE,NIFTY26SEP24400CE,369.00,410.15,364.50,402.10,410.15,342.15,23995.95,402.10,64155,-13650,791,1274054551.25,544,F1,65,,,,,
2026-07-27,2026-07-27,FO,NSE,IDO,74353,,NIFTY,,2026-09-29,2026-09-29,24700.00,CE,NIFTY26SEP24700CE,249.00,280.40,247.00,272.50,280.40,235.20,23995.95,272.50,63310,3900,615,997813433.50,425,F1,65,,,,,
2026-07-27,2026-07-27,FO,NSE,IDO,74357,,NIFTY,,2026-09-29,2026-09-29,24800.00,CE,NIFTY26SEP24800CE,198.80,243.20,198.80,238.20,243.20,203.85,23995.95,238.20,144170,45435,2156,3507217239.50,1097,F1,65,,,,,
2026-07-27,2026-07-27,FO,NSE,IDO,74361,,NIFTY,,2026-09-29,2026-09-29,24900.00,CE,NIFTY26SEP24900CE,197.20,210.50,186.05,206.00,210.50,176.70,23995.95,206.00,55250,6760,400,652497150.50,315,F1,65,,,,,
2026-07-27,2026-07-27,FO,NSE,IDO,58646,,NIFTY,,2026-12-29,2026-12-29,21000.00,CE,NIFTY26DEC21000CE,3500.00,3577.90,3475.00,3560.45,3564.85,3389.15,23995.95,3560.45,181650,5915,190,302784911.00,111,F1,65,,,,,
2026-07-27,2026-07-27,FO,NSE,IDO,80192,,NIFTY,,2027-03-30,2027-03-30,18000.00,CE,NIFTY27MAR18000CE,0.00,0.00,0.00,5643.55,0.00,5643.55,23995.95,6787.75,0,0,0,0.00,0,F1,65,,,,,
2026-07-27,2026-07-27,FO,NSE,IDO,71553,,NIFTY,,2027-06-29,2027-06-29,21000.00,CE,NIFTY27JUN21000CE,0.00,0.00,0.00,3061.80,0.00,3061.80,23995.95,4435.40,0,0,0,0.00,0,F1,65,,,,,
2026-07-27,2026-07-27,FO,NSE,IDO,71560,,NIFTY,,2027-06-29,2027-06-29,24000.00,CE,NIFTY27JUN24000CE,1975.00,1975.00,1975.00,1975.00,1975.00,2250.00,23995.95,1975.00,930,130,2,3376750.00,1,F1,65,,,,,
2026-07-27,2026-07-27,FO,NSE,IDO,50981,,NIFTY,,2027-06-29,2027-06-29,27000.00,CE,NIFTY27JUN27000CE,0.00,0.00,0.00,1932.50,0.00,1932.50,23995.95,984.50,0,0,0,0.00,0,F1,65,,,,,
2026-07-27,2026-07-27,FO,NSE,IDO,55424,,NIFTY,,2027-12-28,2027-12-28,22500.00,CE,NIFTY27DEC22500CE,0.00,0.00,0.00,6183.00,0.00,6183.00,23995.95,4057.30,0,0,0,0.00,0,F1,65,,,,,
2026-07-27,2026-07-27,FO,NSE,IDO,55426,,NIFTY,,2027-12-28,2027-12-28,25500.00,CE,NIFTY27DEC25500CE,0.00,0.00,0.00,2400.00,2400.00,2400.00,23995.95,2301.90,0,0,0,0.00,0,F1,65,,,,,
2026-07-27,2026-07-27,FO,NSE,IDO,55428,,NIFTY,,2027-12-28,2027-12-28,28500.00,CE,NIFTY27DEC28500CE,662.55,663.20,662.55,663.20,663.20,635.00,23995.95,1168.25,7085,390,6,11373436.75,4,F1,65,,,,,
2026-07-27,2026-07-27,FO,NSE,IDO,55476,,NIFTY,,2028-06-27,2028-06-27,25500.00,CE,NIFTY28JUN25500CE,0.00,0.00,0.00,4676.60,0.00,4676.60,23995.95,3007.75,0,0,0,0.00,0,F1,65,,,,,
2026-07-27,2026-07-27,FO,NSE,IDO,55480,,NIFTY,,2028-06-27,2028-06-27,31500.00,CE,NIFTY28JUN31500CE,0.00,0.00,0.00,1784.80,0.00,1784.80,23995.95,974.15,0,0,0,0.00,0,F1,65,,,,,
2026-07-27,2026-07-27,FO,NSE,IDO,67776,,NIFTY,,2028-12-26,2028-12-26,21000.00,CE,NIFTY28DEC21000CE,0.00,0.00,0.00,7512.50,0.00,7512.50,23995.95,6454.50,0,0,0,0.00,0,F1,65,,,,,
2026-07-27,2026-07-27,FO,NSE,IDO,55602,,NIFTY,,2029-12-24,2029-12-24,22500.00,CE,NIFTY29DEC22500CE,0.00,0.00,0.00,8486.15,0.00,8486.15,23995.95,6646.15,0,0,0,0.00,0,F1,65,,,,,
