TradDt,BizDt,Sgmt,Src,FinInstrmTp,FinInstrmId,ISIN,TckrSymb,SctySrs,XpryDt,FininstrmActlXpryDt,StrkPric,OptnTp,FinInstrmNm,OpnPric,HghPric,LwPric,ClsPric,LastPric,PrvsClsgPric,UndrlygPric,SttlmPric,OpnIntrst,ChngInOpnIntrst,TtlTradgVol,TtlTrfVal,TtlNbOfTxsExctd,SsnId,NewBrdLotQty,Rmks,Rsvd1,Rsvd2,Rsvd3,Rsvd4
2026-08-20,2026-08-20,FO,NSE,IDO,52264,,BANKNIFTY,,2026-09-29,2026-09-29,43500.00,CE,BANKNIFTY26SEP43500CE,0.00,0.00,0.00,13878.45,0.00,13878.45,57495.90,14306.56,0,0,0,0.00,0,F1,30,,,,,
2026-08-20,2026-08-20,FO,NSE,IDO,69676,,BANKNIFTY,,2026-09-29,2026-09-29,52600.00,CE,BANKNIFTY26SEP52600CE,0.00,0.00,0.00,6236.45,0.00,6236.45,57495.90,5397.60,0,0,0,0.00,0,F1,30,,,,,
2026-08-20,2026-08-20,FO,NSE,IDO,69722,,BANKNIFTY,,2026-09-29,2026-09-29,54500.00,CE,BANKNIFTY26SEP54500CE,0.00,0.00,0.00,3225.00,3225.00,3225.00,57495.90,3759.29,300,0,0,0.00,0,F1,30,,,,,
2026-08-20,2026-08-20,FO,NSE,IDO,69822,,BANKNIFTY,,2026-09-29,2026-09-29,57500.00,CE,BANKNIFTY26SEP57500CE,1048.95,1195.95,1048.95,1077.10,1058.80,967.50,57495.90,1077.10,1163850,2880,10755,18917124243.00,8025,F1,30,,,,,
2026-08-20,2026-08-20,FO,NSE,IDO,52360,,BANKNIFTY,,2026-09-29,2026-09-29,60000.00,CE,BANKNIFTY26SEP60000CE,200.00,200.00,158.10,161.75,160.20,145.70,57495.90,161.75,435450,65220,10481,18921591190.50,5739,F1,30,,,,,
2026-08-20,2026-08-20,FO,NSE,IDO,70041,,BANKNIFTY,,2026-09-29,2026-09-29,61600.00,CE,BANKNIFTY26SEP61600CE,0.00,0.00,0.00,1239.60,0.00,1239.60,57495.90,385.84,0,0,0,0.00,0,F1,30,,,,,
2026-08-20,2026-08-20,FO,NSE,IDO,70080,,BANKNIFTY,,2026-09-29,2026-09-29,62200.00,CE,BANKNIFTY26SEP62200CE,0.00,0.00,0.00,1076.90,0.00,1076.90,57495.90,294.91,0,0,0,0.00,0,F1,30,,,,,
2026-08-20,2026-08-20,FO,NSE,IDO,70115,,BANKNIFTY,,2026-09-29,2026-09-29,64000.00,CE,BANKNIFTY26SEP64000CE,0.00,0.00,0.00,690.00,0.00,690.00,57495.90,122.21,0,0,0,0.00,0,F1,30,,,,,
2026-08-20,2026-08-20,FO,NSE,IDO,49355,,BANKNIFTY,,2026-10-27,2026-10-27,51500.00,CE,BANKNIFTY26OCT51500CE,0.00,0.00,0.00,6433.85,0.00,6433.85,57495.90,6794.82,0,0,0,0.00,0,F1,30,,,,,
2026-08-20,2026-08-20,FO,NSE,IDO,49377,,BANKNIFTY,,2026-10-27,2026-10-27,52500.00,CE,BANKNIFTY26OCT52500CE,0.00,0.00,0.00,5622.65,0.00,5622.65,57495.90,5913.18,0,0,0,0.00,0,F1,30,,,,,
2026-08-20,2026-08-20,FO,NSE,IDO,49511,,BANKNIFTY,,2026-10-27,2026-10-27,57700.00,CE,BANKNIFTY26OCT57700CE,0.00,0.00,0.00,1305.45,1305.45,1305.45,57495.90,2255.73,390,0,0,0.00,0,F1,30,,,,,
2026-08-20,2026-08-20,FO,NSE,IDO,49597,,BANKNIFTY,,2026-10-27,2026-10-27,61100.00,CE,BANKNIFTY26OCT61100CE,0.00,0.00,0.00,1095.30,0.00,1095.30,57495.90,934.08,0,0,0,0.00,0,F1,30,,,,,
2026-08-20,2026-08-20,FO,NSE,IDO,49623,,BANKNIFTY,,2026-10-27,2026-10-27,62200.00,CE,BANKNIFTY26OCT62200CE,0.00,0.00,0.00,833.75,0.00,833.75,57495.90,672.23,0,0,0,0.00,0,F1,30,,,,,
2026-08-20,2026-08-20,FO,NSE,IDO,49632,,BANKNIFTY,,2026-10-27,2026-10-27,62600.00,CE,BANKNIFTY26OCT62600CE,0.00,0.00,0.00,752.00,0.00,752.00,57495.90,593.02,0,0,0,0.00,0,F1,30,,,,,
2026-08-20,2026-08-20,FO,NSE,IDO,49653,,BANKNIFTY,,2026-10-27,2026-10-27,63300.00,CE,BANKNIFTY26OCT63300CE,0.00,0.00,0.00,624.90,0.00,624.90,57495.90,472.87,0,0,0,0.00,0,F1,30,,,,,
2026-08-20,2026-08-20,FO,NSE,IDO,49661,,BANKNIFTY,,2026-10-27,2026-10-27,63600.00,CE,BANKNIFTY26OCT63600CE,0.00,0.00,0.00,576.20,0.00,576.20,57495.90,427.97,0,0,0,0.00,0,F1,30,,,,,
2026-08-20,2026-08-20,FO,NSE,IDO,53244,,BANKNIFTY,,2026-12-29,2026-12-29,61500.00,CE,BANKNIFTY26DEC61500CE,743.05,778.00,713.00,716.35,715.80,670.10,57495.90,716.35,13410,2100,174,324951760.50,120,F1,30,,,,,
2026-08-20,2026-08-20,FO,NSE,IDO,70794,,BANKNIFTY,,2027-06-29,2027-06-29,58500.00,CE,BANKNIFTY27JUN58500CE,0.00,0.00,0.00,6124.45,0.00,6124.45,57495.90,5402.10,0,0,0,0.00,0,F1,30,,,,,
2026-08-20,2026-08-20,FO,NSE,IDO,58737,,BANKNIFTY,,2026-08-25,2026-08-25,47000.00,PE,BANKNIFTY26AUG47000PE,1.25,2.00,0.70,0.95,0.90,1.30,57495.90,0.95,32310,-3300,663,934853026.50,211,F1,30,,,,,
2026-08-20,2026-08-20,FO,NSE,IDO,69687,,BANKNIFTY,,2026-09-29,2026-09-29,53100.00,PE,BANKNIFTY26SEP53100PE,0.00,0.00,0.00,577.80,0.00,577.80,57495.90,171.96,0,0,0,0.00,0,F1,30,,,,,
2026-08-20,2026-08-20,FO,NSE,IDO,69691,,BANKNIFTY,,2026-09-29,2026-09-29,53300.00,PE,BANKNIFTY26SEP53300PE,0.00,0.00,0.00,617.55,0.00,617.55,57495.90,193.73,0,0,0,0.00,0,F1,30,,,,,
2026-08-20,2026-08-20,FO,NSE,IDO,69699,,BANKNIFTY,,2026-09-29,2026-09-29,53700.00,PE,BANKNIFTY26SEP53700PE,0.00,0.00,0.00,703.05,0.00,703.05,57495.90,243.84,0,0,0,0.00,0,F1,30,,,,,
2026-08-20,2026-08-20,FO,NSE,IDO,69721,,BANKNIFTY,,2026-09-29,2026-09-29,54400.00,PE,BANKNIFTY26SEP54400PE,92.00,92.00,79.15,87.15,84.10,118.10,57495.90,87.15,26160,6390,1030,1683523228.50,614,F1,30,,,,,
2026-08-20,2026-08-20,FO,NSE,IDO,69774,,BANKNIFTY,,2026-09-29,2026-09-29,55200.00,PE,BANKNIFTY26SEP55200PE,0.00,0.00,0.00,1100.15,1100.15,1100.15,57495.90,526.66,30,0,0,0.00,0,F1,30,,,,,
2026-08-20,2026-08-20,FO,NSE,IDO,69802,,BANKNIFTY,,2026-09-29,2026-09-29,56500.00,PE,BANKNIFTY26SEP56500PE,350.05,365.80,295.65,330.40,339.90,435.55,57495.90,330.40,213540,14460,5204,8870894482.50,3061,F1,30,,,,,
2026-08-20,2026-08-20,FO,NSE,IDO,69819,,BANKNIFTY,,2026-09-29,2026-09-29,57300.00,PE,BANKNIFTY26SEP57300PE,613.40,613.40,500.35,560.05,564.40,704.65,57495.90,560.05,254790,145950,8373,14536875150.00,4125,F1,30,,,,,
2026-08-20,2026-08-20,FO,NSE,IDO,69869,,BANKNIFTY,,2026-09-29,2026-09-29,58700.00,PE,BANKNIFTY26SEP58700PE,0.00,0.00,0.00,1429.10,1433.80,1429.10,57495.90,1973.96,2850,0,0,0.00,0,F1,30,,,,,
2026-08-20,2026-08-20,FO,NSE,IDO,69871,,BANKNIFTY,,2026-09-29,2026-09-29,58800.00,PE,BANKNIFTY26SEP58800PE,1199.95,1214.50,1199.95,1214.35,1214.35,1563.80,57495.90,2033.34,1770,330,12,21603742.50,12,F1,30,,,,,
2026-08-20,2026-08-20,FO,NSE,IDO,52361,,BANKNIFTY,,2026-09-29,2026-09-29,60000.00,PE,BANKNIFTY26SEP60000PE,2208.05,2208.05,2024.00,2171.10,2190.00,2426.25,57495.90,2171.10,162780,26160,1938,3609775246.50,1433,F1,30,,,,,
2026-08-20,2026-08-20,FO,NSE,IDO,70012,,BANKNIFTY,,2026-09-29,2026-09-29,60100.00,PE,BANKNIFTY26SEP60100PE,0.00,0.00,0.00,3365.55,0.00,3365.55,57495.90,2889.95,0,0,0,0.00,0,F1,30,,,,,
2026-08-20,2026-08-20,FO,NSE,IDO,70028,,BANKNIFTY,,2026-09-29,2026-09-29,60900.00,PE,BANKNIFTY26SEP60900PE,0.00,0.00,0.00,3876.05,0.00,3876.05,57495.90,3488.90,0,0,0,0.00,0,F1,30,,,,,
2026-08-20,2026-08-20,FO,NSE,IDO,49426,,BANKNIFTY,,2026-10-27,2026-10-27,54500.00,PE,BANKNIFTY26OCT54500PE,0.00,0.00,0.00,1081.95,0.00,1081.95,57495.90,638.93,0,0,0,0.00,0,F1,30,,,,,
2026-08-20,2026-08-20,FO,NSE,IDO,49366,,BANKNIFTY,,2026-10-27,2026-10-27,51900.00,PE,BANKNIFTY26OCT51900PE,0.00,0.00,0.00,468.65,0.00,468.65,57495.90,212.99,0,0,0,0.00,0,F1,30,,,,,
2026-08-20,2026-08-20,FO,NSE,IDO,49362,,BANKNIFTY,,2026-10-27,2026-10-27,51700.00,PE,BANKNIFTY26OCT51700PE,0.00,0.00,0.00,435.80,0.00,435.80,57495.90,193.38,0,0,0,0.00,0,F1,30,,,,,
2026-08-20,2026-08-20,FO,NSE,IDO,70247,,BANKNIFTY,,2026-09-29,2026-09-29,65500.00,PE,BANKNIFTY26SEP65500PE,0.00,0.00,0.00,7415.10,0.00,7415.10,57495.90,7590.23,0,0,0,0.00,0,F1,30,,,,,
2026-08-20,2026-08-20,FO,NSE,IDO,70108,,BANKNIFTY,,2026-09-29,2026-09-29,63600.00,PE,BANKNIFTY26SEP63600PE,0.00,0.00,0.00,5845.90,0.00,5845.90,57495.90,5799.98,0,0,0,0.00,0,F1,30,,,,,
2026-08-20,2026-08-20,FO,NSE,IDO,52405,,BANKNIFTY,,2026-09-29,2026-09-29,63000.00,PE,BANKNIFTY26SEP63000PE,4800.00,5015.20,4800.00,4997.50,4992.75,5243.80,57495.90,4997.50,3450,930,56,114096921.00,50,F1,30,,,,,
2026-08-20,2026-08-20,FO,NSE,IDO,70094,,BANKNIFTY,,2026-09-29,2026-09-29,62800.00,PE,BANKNIFTY26SEP62800PE,0.00,0.00,0.00,5228.65,0.00,5228.65,57495.90,5078.23,0,0,0,0.00,0,F1,30,,,,,
2026-08-20,2026-08-20,FO,NSE,IDO,70090,,BANKNIFTY,,2026-09-29,2026-09-29,62600.00,PE,BANKNIFTY26SEP62600PE,0.00,0.00,0.00,5077.95,0.00,5077.95,57495.90,4901.87,0,0,0,0.00,0,F1,30,,,,,
2026-08-20,2026-08-20,FO,NSE,IDO,70034,,BANKNIFTY,,2026-09-29,2026-09-29,61200.00,PE,BANKNIFTY26SEP61200PE,0.00,0.00,0.00,4076.75,0.00,4076.75,57495.90,3725.42,0,0,0,0.00,0,F1,30,,,,,
2026-08-20,2026-08-20,FO,NSE,IDO,69945,,BANKNIFTY,,2026-09-29,2026-09-29,59500.00,PE,BANKNIFTY26SEP59500PE,1758.30,1784.20,1660.00,1782.05,1782.05,2012.45,57495.90,1782.05,6090,720,338,620760480.00,202,F1,30,,,,,
2026-08-20,2026-08-20,FO,NSE,IDO,69916,,BANKNIFTY,,2026-09-29,2026-09-29,59300.00,PE,BANKNIFTY26SEP59300PE,1600.00,1600.00,1600.00,1600.00,1600.00,1869.75,57495.90,2344.58,330,30,1,1827000.00,1,F1,30,,,,,
2026-08-20,2026-08-20,FO,NSE,IDO,69821,,BANKNIFTY,,2026-09-29,2026-09-29,57400.00,PE,BANKNIFTY26SEP57400PE,580.05,643.40,533.25,593.85,609.35,745.45,57495.90,593.85,236040,60240,5152,8964222814.50,2953,F1,30,,,,,
2026-08-20,2026-08-20,FO,NSE,IDO,52335,,BANKNIFTY,,2026-09-29,2026-09-29,57000.00,PE,BANKNIFTY26SEP57000PE,579.00,579.00,413.00,459.90,473.00,591.45,57495.90,459.90,326970,29340,10018,17265921960.00,6114,F1,30,,,,,
2026-08-20,2026-08-20,FO,NSE,IDO,69693,,BANKNIFTY,,2026-09-29,2026-09-29,53400.00,PE,BANKNIFTY26SEP53400PE,0.00,0.00,0.00,638.15,0.00,638.15,57495.90,205.41,0,0,0,0.00,0,F1,30,,,,,
2026-08-20,2026-08-20,FO,NSE,IDO,69681,,BANKNIFTY,,2026-09-29,2026-09-29,52800.00,PE,BANKNIFTY26SEP52800PE,0.00,0.00,0.00,521.75,0.00,521.75,57495.90,143.04,0,0,0,0.00,0,F1,30,,,,,
2026-08-20,2026-08-20,FO,NSE,IDO,69673,,BANKNIFTY,,2026-09-29,2026-09-29,52300.00,PE,BANKNIFTY26SEP52300PE,0.00,0.00,0.00,437.60,0.00,437.60,57495.90,103.70,0,0,0,0.00,0,F1,30,,,,,
2026-08-20,2026-08-20,FO,NSE,IDO,69667,,BANKNIFTY,,2026-09-29,2026-09-29,52000.00,PE,BANKNIFTY26SEP52000PE,27.40,34.65,25.60,30.95,30.50,34.85,57495.90,30.95,126090,32370,3711,5792656731.00,1273,F1,30,,,,,
2026-08-20,2026-08-20,FO,NSE,IDO,69565,,BANKNIFTY,,2026-09-29,2026-09-29,50000.00,PE,BANKNIFTY26SEP50000PE,20.00,25.00,18.00,19.95,20.00,23.65,57495.90,19.95,138480,44910,2880,4321811274.00,1412,F1,30,,,,,
2026-08-20,2026-08-20,FO,NSE,IDO,52273,,BANKNIFTY,,2026-09-29,2026-09-29,48000.00,PE,BANKNIFTY26SEP48000PE,15.45,15.45,11.05,13.00,12.30,14.65,57495.90,13.00,47640,1710,204,293838288.00,115,F1,30,,,,,
2026-08-20,2026-08-20,FO,NSE,IDO,59297,,BANKNIFTY,,2026-08-25,2026-08-25,63300.00,PE,BANKNIFTY26AUG63300PE,0.00,0.00,0.00,7647.80,0.00,7647.80,57495.90,5751.58,0,0,0,0.00,0,F1,30,,,,,
2026-08-20,2026-08-20,FO,NSE,IDO,59281,,BANKNIFTY,,2026-08-25,2026-08-25,62800.00,PE,BANKNIFTY26AUG62800PE,0.00,0.00,0.00,7213.70,0.00,7213.70,57495.90,5252.03,0,0,0,0.00,0,F1,30,,,,,
2026-08-20,2026-08-20,FO,NSE,IDO,59245,,BANKNIFTY,,2026-08-25,2026-08-25,61500.00,PE,BANKNIFTY26AUG61500PE,3995.00,3995.00,3674.10,3860.30,3860.30,4070.00,57495.90,3860.30,9030,-1170,210,412361694.00,45,F1,30,,,,,
2026-08-20,2026-08-20,FO,NSE,IDO,59227,,BANKNIFTY,,2026-08-25,2026-08-25,61100.00,PE,BANKNIFTY26AUG61100PE,0.00,0.00,0.00,2857.65,2857.65,2857.65,57495.90,3556.00,60,0,0,0.00,0,F1,30,,,,,
2026-08-20,2026-08-20,FO,NSE,IDO,59171,,BANKNIFTY,,2026-08-25,2026-08-25,60100.00,PE,BANKNIFTY26AUG60100PE,0.00,0.00,0.00,2287.65,2287.65,2287.65,57495.90,2572.69,210,0,0,0.00,0,F1,30,,,,,
2026-08-20,2026-08-20,FO,NSE,IDO,59164,,BANKNIFTY,,2026-08-25,2026-08-25,59800.00,PE,BANKNIFTY26AUG59800PE,0.00,0.00,0.00,2026.80,2026.80,2026.80,57495.90,2285.39,300,0,0,0.00,0,F1,30,,,,,
2026-08-20,2026-08-20,FO,NSE,IDO,59154,,BANKNIFTY,,2026-08-25,2026-08-25,59400.00,PE,BANKNIFTY26AUG59400PE,1648.20,1648.20,1648.20,1648.20,1648.20,1936.45,57495.90,1913.21,5310,0,1,1831446.00,1,F1,30,,,,,
2026-08-20,2026-08-20,FO,NSE,IDO,59146,,BANKNIFTY,,2026-08-25,2026-08-25,59000.00,PE,BANKNIFTY26AUG59000PE,1401.25,1406.00,1180.00,1375.00,1400.00,1666.35,57495.90,1375.00,251130,-23280,4992,9027603786.00,3448,F1,30,,,,,
2026-08-20,2026-08-20,FO,NSE,IDO,59125,,BANKNIFTY,,2026-08-25,2026-08-25,58400.00,PE,BANKNIFTY26AUG58400PE,850.05,850.05,641.00,811.75,833.45,1105.00,57495.90,811.75,16200,-6030,2010,3565156827.00,1578,F1,30,,,,,
2026-08-20,2026-08-20,FO,NSE,IDO,59082,,BANKNIFTY,,2026-08-25,2026-08-25,57100.00,PE,BANKNIFTY26AUG57100PE,155.00,155.00,71.70,103.50,111.20,238.35,57495.90,103.50,286290,-27570,57202,98146263862.50,33837,F1,30,,,,,
2026-08-20,2026-08-20,FO,NSE,IDO,58975,,BANKNIFTY,,2026-08-25,2026-08-25,53800.00,PE,BANKNIFTY26AUG53800PE,3.95,6.70,3.60,3.90,3.80,4.55,57495.90,3.90,22980,-1890,542,874856425.50,248,F1,30,,,,,
2026-08-20,2026-08-20,FO,NSE,IDO,58935,,BANKNIFTY,,2026-08-25,2026-08-25,52700.00,PE,BANKNIFTY26AUG52700PE,3.60,4.00,2.45,2.90,3.00,3.65,57495.90,2.90,9120,0,83,131231070.00,39,F1,30,,,,,
2026-08-20,2026-08-20,FO,NSE,IDO,58813,,BANKNIFTY,,2026-08-25,2026-08-25,49000.00,PE,BANKNIFTY26AUG49000PE,1.75,2.60,0.85,1.60,0.85,1.55,57495.90,1.60,30990,-3300,226,332229999.00,120,F1,30,,,,,
2026-08-20,2026-08-20,FO,NSE,IDO,58719,,BANKNIFTY,,2026-08-25,2026-08-25,46500.00,PE,BANKNIFTY26AUG46500PE,0.90,1.75,0.80,0.95,0.85,0.90,57495.90,0.95,11040,330,243,338992687.50,151,F1,30,,,,,
2026-08-20,2026-08-20,FO,NSE,IDO,70804,,BANKNIFTY,,2027-06-29,2027-06-29,66000.00,CE,BANKNIFTY27JUN66000CE,0.00,0.00,0.00,3102.40,0.00,3102.40,57495.90,2450.23,0,0,0,0.00,0,F1,30,,,,,
2026-08-20,2026-08-20,FO,NSE,IDO,53226,,BANKNIFTY,,2026-12-29,2026-12-29,55500.00,CE,BANKNIFTY26DEC55500CE,0.00,0.00,0.00,7987.45,0.00,7987.45,57495.90,4657.74,0,0,0,0.00,0,F1,30,,,,,
2026-08-20,2026-08-20,FO,NSE,IDO,49645,,BANKNIFTY,,2026-10-27,2026-10-27,62900.00,CE,BANKNIFTY26OCT62900CE,0.00,0.00,0.00,695.15,0.00,695.15,57495.90,538.77,0,0,0,0.00,0,F1,30,,,,,
2026-08-20,2026-08-20,FO,NSE,IDO,49615,,BANKNIFTY,,2026-10-27,2026-10-27,61800.00,CE,BANKNIFTY26OCT61800CE,0.00,0.00,0.00,924.50,0.00,924.50,57495.90,761.98,0,0,0,0.00,0,F1,30,,,,,
2026-08-20,2026-08-20,FO,NSE,IDO,49577,,BANKNIFTY,,2026-10-27,2026-10-27,60200.00,CE,BANKNIFTY26OCT60200CE,0.00,0.00,0.00,1355.75,0.00,1355.75,57495.90,1204.03,0,0,0,0.00,0,F1,30,,,,,
2026-08-20,2026-08-20,FO,NSE,IDO,49565,,BANKNIFTY,,2026-10-27,2026-10-27,59700.00,CE,BANKNIFTY26OCT59700CE,0.00,0.00,0.00,1519.80,0.00,1519.80,57495.90,1377.54,0,0,0,0.00,0,F1,30,,,,,
2026-08-20,2026-08-20,FO,NSE,IDO,49517,,BANKNIFTY,,2026-10-27,2026-10-27,57900.00,CE,BANKNIFTY26OCT57900CE,1400.00,1400.00,1400.00,1400.00,1400.00,819.50,57495.90,2154.17,360,150,5,8895000.00,1,F1,30,,,,,
2026-08-20,2026-08-20,FO,NSE,IDO,49477,,BANKNIFTY,,2026-10-27,2026-10-27,56400.00,CE,BANKNIFTY26OCT56400CE,0.00,0.00,0.00,2989.40,0.00,2989.40,57495.90,2991.64,0,0,0,0.00,0,F1,30,,,,,
2026-08-20,2026-08-20,FO,NSE,IDO,49469,,BANKNIFTY,,2026-10-27,2026-10-27,56100.00,CE,BANKNIFTY26OCT56100CE,0.00,0.00,0.00,3158.05,0.00,3158.05,57495.90,3179.89,0,0,0,0.00,0,F1,30,,,,,
2026-08-20,2026-08-20,FO,NSE,IDO,49431,,BANKNIFTY,,2026-10-27,2026-10-27,54700.00,CE,BANKNIFTY26OCT54700CE,0.00,0.00,0.00,4022.45,0.00,4022.45,57495.90,4145.90,0,0,0,0.00,0,F1,30,,,,,
2026-08-20,2026-08-20,FO,NSE,IDO,49425,,BANKNIFTY,,2026-10-27,2026-10-27,54500.00,CE,BANKNIFTY26OCT54500CE,4080.00,4080.00,4080.00,4080.00,4080.00,4018.00,57495.90,4294.83,60,30,1,1757400.00,1,F1,30,,,,,
2026-08-20,2026-08-20,FO,NSE,IDO,49375,,BANKNIFTY,,2026-10-27,2026-10-27,52400.00,CE,BANKNIFTY26OCT52400CE,0.00,0.00,0.00,5701.60,0.00,5701.60,57495.90,5999.49,0,0,0,0.00,0,F1,30,,,,,
2026-08-20,2026-08-20,FO,NSE,IDO,49363,,BANKNIFTY,,2026-10-27,2026-10-27,51800.00,CE,BANKNIFTY26OCT51800CE,0.00,0.00,0.00,6185.60,0.00,6185.60,57495.90,6526.20,0,0,0,0.00,0,F1,30,,,,,
2026-08-20,2026-08-20,FO,NSE,IDO,70246,,BANKNIFTY,,2026-09-29,2026-09-29,65500.00,CE,BANKNIFTY26SEP65500CE,0.00,0.00,0.00,462.70,0.00,462.70,57495.90,53.90,0,0,0,0.00,0,F1,30,,,,,
2026-08-20,2026-08-20,FO,NSE,IDO,70078,,BANKNIFTY,,2026-09-29,2026-09-29,62100.00,CE,BANKNIFTY26SEP62100CE,0.00,0.00,0.00,1102.75,0.00,1102.75,57495.90,308.68,0,0,0,0.00,0,F1,30,,,,,
2026-08-20,2026-08-20,FO,NSE,IDO,70017,,BANKNIFTY,,2026-09-29,2026-09-29,60400.00,CE,BANKNIFTY26SEP60400CE,0.00,0.00,0.00,1622.05,0.00,1622.05,57495.90,635.70,0,0,0,0.00,0,F1,30,,,,,
2026-08-20,2026-08-20,FO,NSE,IDO,69845,,BANKNIFTY,,2026-09-29,2026-09-29,58200.00,CE,BANKNIFTY26SEP58200CE,702.00,790.00,682.50,701.65,697.35,621.20,57495.90,701.65,23460,5310,917,1621551774.00,642,F1,30,,,,,
2026-08-20,2026-08-20,FO,NSE,IDO,69793,,BANKNIFTY,,2026-09-29,2026-09-29,56100.00,CE,BANKNIFTY26SEP56100CE,0.00,0.00,0.00,3705.95,0.00,3705.95,57495.90,2580.21,0,0,0,0.00,0,F1,30,,,,,
2026-08-20,2026-08-20,FO,NSE,IDO,69785,,BANKNIFTY,,2026-09-29,2026-09-29,55900.00,CE,BANKNIFTY26SEP55900CE,0.00,0.00,0.00,3831.40,0.00,3831.40,57495.90,2715.10,0,0,0,0.00,0,F1,30,,,,,
2026-08-20,2026-08-20,FO,NSE,IDO,52297,,BANKNIFTY,,2026-09-29,2026-09-29,55500.00,CE,BANKNIFTY26SEP55500CE,2572.85,2747.55,2572.85,2599.45,2611.00,2440.00,57495.90,2599.45,6990,-90,31,54110425.50,25,F1,30,,,,,
2026-08-20,2026-08-20,FO,NSE,IDO,69704,,BANKNIFTY,,2026-09-29,2026-09-29,54100.00,CE,BANKNIFTY26SEP54100CE,0.00,0.00,0.00,5069.65,0.00,5069.65,57495.90,4085.89,0,0,0,0.00,0,F1,30,,,,,
2026-08-20,2026-08-20,FO,NSE,IDO,69694,,BANKNIFTY,,2026-09-29,2026-09-29,53500.00,CE,BANKNIFTY26SEP53500CE,4580.00,4618.35,4580.00,4618.35,4618.35,4238.80,57495.90,4595.62,300,-30,3,5228824.50,3,F1,30,,,,,
2026-08-20,2026-08-20,FO,NSE,IDO,69656,,BANKNIFTY,,2026-09-29,2026-09-29,51500.00,CE,BANKNIFTY26SEP51500CE,0.00,0.00,0.00,7157.85,0.00,7157.85,57495.90,6423.25,0,0,0,0.00,0,F1,30,,,,,
2026-08-20,2026-08-20,FO,NSE,IDO,69564,,BANKNIFTY,,2026-09-29,2026-09-29,50000.00,CE,BANKNIFTY26SEP50000CE,7850.00,8113.65,7850.00,7878.35,7855.50,7605.65,57495.90,7878.35,72060,22950,941,1637147220.00,706,F1,30,,,,,
2026-08-20,2026-08-20,FO,NSE,IDO,59312,,BANKNIFTY,,2026-08-25,2026-08-25,63800.00,CE,BANKNIFTY26AUG63800CE,1.20,1.75,0.85,1.60,1.60,2.25,57495.90,0.00,4590,0,73,139724956.50,29,F1,30,,,,,
2026-08-20,2026-08-20,FO,NSE,IDO,59230,,BANKNIFTY,,2026-08-25,2026-08-25,61300.00,CE,BANKNIFTY26AUG61300CE,3.15,3.50,1.75,1.95,2.20,3.55,57495.90,1.95,4320,1500,447,822068590.50,164,F1,30,,,,,
2026-08-20,2026-08-20,FO,NSE,IDO,59165,,BANKNIFTY,,2026-08-25,2026-08-25,59900.00,CE,BANKNIFTY26AUG59900CE,8.05,8.05,4.05,4.40,4.45,7.35,57495.90,4.40,64620,2640,2916,5240530380.00,1322,F1,30,,,,,
2026-08-20,2026-08-20,FO,NSE,IDO,59163,,BANKNIFTY,,2026-08-25,2026-08-25,59800.00,CE,BANKNIFTY26AUG59800CE,8.60,8.65,4.25,4.55,4.35,7.80,57495.90,4.55,104880,16260,5986,10739871355.50,2724,F1,30,,,,,
2026-08-20,2026-08-20,FO,NSE,IDO,59124,,BANKNIFTY,,2026-08-25,2026-08-25,58400.00,CE,BANKNIFTY26AUG58400CE,77.95,93.95,44.00,48.50,49.40,51.80,57495.90,48.50,194400,26430,61444,107774411364.00,41097,F1,30,,,,,
2026-08-20,2026-08-20,FO,NSE,IDO,59094,,BANKNIFTY,,2026-08-25,2026-08-25,57700.00,CE,BANKNIFTY26AUG57700CE,240.00,368.65,238.05,248.25,243.95,197.35,57495.90,248.25,778320,297750,204441,355834853560.50,142535,F1,30,,,,,
2026-08-20,2026-08-20,FO,NSE,IDO,59038,,BANKNIFTY,,2026-08-25,2026-08-25,56000.00,CE,BANKNIFTY26AUG56000CE,1599.95,1852.00,1599.95,1642.70,1619.45,1384.90,57495.90,1642.70,82140,-12900,2071,3586911819.00,1272,F1,30,,,,,
2026-08-20,2026-08-20,FO,NSE,IDO,59025,,BANKNIFTY,,2026-08-25,2026-08-25,55800.00,CE,BANKNIFTY26AUG55800CE,1930.10,2032.25,1930.10,1935.00,1935.00,1600.00,57495.90,1804.13,2160,270,10,17337871.50,9,F1,30,,,,,
2026-08-20,2026-08-20,FO,NSE,IDO,59012,,BANKNIFTY,,2026-08-25,2026-08-25,55400.00,CE,BANKNIFTY26AUG55400CE,0.00,0.00,0.00,1964.85,1964.85,1964.85,57495.90,2173.20,570,0,0,0.00,0,F1,30,,,,,
2026-08-20,2026-08-20,FO,NSE,IDO,59008,,BANKNIFTY,,2026-08-25,2026-08-25,55200.00,CE,BANKNIFTY26AUG55200CE,0.00,0.00,0.00,2113.75,2113.75,2113.75,57495.90,2363.35,240,0,0,0.00,0,F1,30,,,,,
2026-08-20,2026-08-20,FO,NSE,IDO,58994,,BANKNIFTY,,2026-08-25,2026-08-25,54600.00,CE,BANKNIFTY26AUG54600CE,0.00,0.00,0.00,3031.75,3031.75,3031.75,57495.90,2947.52,60,0,0,0.00,0,F1,30,,,,,
2026-08-20,2026-08-20,FO,NSE,IDO,58882,,BANKNIFTY,,2026-08-25,2026-08-25,51200.00,CE,BANKNIFTY26AUG51200CE,0.00,0.00,0.00,5290.25,0.00,5290.25,57495.90,6338.39,0,0,0,0.00,0,F1,30,,,,,
2026-08-20,2026-08-20,FO,NSE,IDO,58880,,BANKNIFTY,,2026-08-25,2026-08-25,51100.00,CE,BANKNIFTY26AUG51100CE,0.00,0.00,0.00,6325.00,6325.00,6325.00,57495.90,6438.30,90,0,0,0.00,0,F1,30,,,,,
2026-08-20,2026-08-20,FO,NSE,IDO,58878,,BANKNIFTY,,2026-08-25,2026-08-25,51000.00,CE,BANKNIFTY26AUG51000CE,6820.00,6820.00,6774.65,6790.00,6790.00,6360.00,57495.90,6538.22,7380,-60,4,6935239.50,4,F1,30,,,,,
2026-08-20,2026-08-20,FO,NSE,IDO,58870,,BANKNIFTY,,2026-08-25,2026-08-25,50600.00,CE,BANKNIFTY26AUG50600CE,0.00,0.00,0.00,5761.40,0.00,5761.40,57495.90,6937.89,0,0,0,0.00,0,F1,30,,,,,
2026-08-20,2026-08-20,FO,NSE,IDO,58864,,BANKNIFTY,,2026-08-25,2026-08-25,50400.00,CE,BANKNIFTY26AUG50400CE,0.00,0.00,0.00,5922.40,0.00,5922.40,57495.90,7137.72,0,0,0,0.00,0,F1,30,,,,,
2026-08-20,2026-08-20,FO,NSE,IDO,58838,,BANKNIFTY,,2026-08-25,2026-08-25,49400.00,CE,BANKNIFTY26AUG49400CE,0.00,0.00,0.00,6755.05,0.00,6755.05,57495.90,8136.89,0,0,0,0.00,0,F1,30,,,,,
2026-08-20,2026-08-20,FO,NSE,IDO,58778,,BANKNIFTY,,2026-08-25,2026-08-25,48500.00,CE,BANKNIFTY26AUG48500CE,0.00,0.00,0.00,7539.00,0.00,7539.00,57495.90,9036.14,0,0,0,0.00,0,F1,30,,,,,
2026-08-20,2026-08-20,FO,NSE,IDO,49664,,BANKNIFTY,,2026-10-27,2026-10-27,63700.00,PE,BANKNIFTY26OCT63700PE,0.00,0.00,0.00,6548.35,0.00,6548.35,57495.90,5846.51,0,0,0,0.00,0,F1,30,,,,,
2026-08-20,2026-08-20,FO,NSE,IDO,49644,,BANKNIFTY,,2026-10-27,2026-10-27,62800.00,PE,BANKNIFTY26OCT62800PE,0.00,0.00,0.00,5814.90,0.00,5814.90,57495.90,5099.96,0,0,0,0.00,0,F1,30,,,,,
2026-08-20,2026-08-20,FO,NSE,IDO,49580,,BANKNIFTY,,2026-10-27,2026-10-27,60300.00,PE,BANKNIFTY26OCT60300PE,0.00,0.00,0.00,2393.10,2393.10,2393.10,57495.90,3245.26,90,0,0,0.00,0,F1,30,,,,,
2026-08-20,2026-08-20,FO,NSE,IDO,49447,,BANKNIFTY,,2026-10-27,2026-10-27,55200.00,PE,BANKNIFTY26OCT55200PE,0.00,0.00,0.00,1314.65,0.00,1314.65,57495.90,820.08,0,0,0,0.00,0,F1,30,,,,,
2026-08-20,2026-08-20,FO,NSE,IDO,49424,,BANKNIFTY,,2026-10-27,2026-10-27,54400.00,PE,BANKNIFTY26OCT54400PE,0.00,0.00,0.00,1051.20,0.00,1051.20,57495.90,615.57,0,0,0,0.00,0,F1,30,,,,,
2026-08-20,2026-08-20,FO,NSE,IDO,49406,,BANKNIFTY,,2026-10-27,2026-10-27,53600.00,PE,BANKNIFTY26OCT53600PE,0.00,0.00,0.00,829.85,0.00,829.85,57495.90,450.73,0,0,0,0.00,0,F1,30,,,,,
2026-08-20,2026-08-20,FO,NSE,IDO,49390,,BANKNIFTY,,2026-10-27,2026-10-27,53100.00,PE,BANKNIFTY26OCT53100PE,0.00,0.00,0.00,706.45,0.00,706.45,57495.90,366.20,0,0,0,0.00,0,F1,30,,,,,
2026-08-20,2026-08-20,FO,NSE,IDO,49364,,BANKNIFTY,,2026-10-27,2026-10-27,51800.00,PE,BANKNIFTY26OCT51800PE,0.00,0.00,0.00,452.00,0.00,452.00,57495.90,203.00,0,0,0,0.00,0,F1,30,,,,,
2026-08-20,2026-08-20,FO,NSE,IDO,49404,,BANKNIFTY,,2026-10-27,2026-10-27,53500.00,PE,BANKNIFTY26OCT53500PE,0.00,0.00,0.00,804.60,0.00,804.60,57495.90,432.74,0,0,0,0.00,0,F1,30,,,,,
2026-08-20,2026-08-20,FO,NSE,IDO,49528,,BANKNIFTY,,2026-10-27,2026-10-27,58300.00,PE,BANKNIFTY26OCT58300PE,0.00,0.00,0.00,2727.15,0.00,2727.15,57495.90,2058.21,0,0,0,0.00,0,F1,30,,,,,
2026-08-20,2026-08-20,FO,NSE,IDO,49576,,BANKNIFTY,,2026-10-27,2026-10-27,60100.00,PE,BANKNIFTY26OCT60100PE,0.00,0.00,0.00,2234.15,2234.15,2234.15,57495.90,3113.62,150,0,0,0.00,0,F1,30,,,,,
2026-08-20,2026-08-20,FO,NSE,IDO,49582,,BANKNIFTY,,2026-10-27,2026-10-27,60400.00,PE,BANKNIFTY26OCT60400PE,0.00,0.00,0.00,4031.35,0.00,4031.35,57495.90,3312.10,0,0,0,0.00,0,F1,30,,,,,
2026-08-20,2026-08-20,FO,NSE,IDO,49660,,BANKNIFTY,,2026-10-27,2026-10-27,63500.00,PE,BANKNIFTY26OCT63500PE,0.00,0.00,0.00,6382.75,0.00,6382.75,57495.90,5677.63,0,0,0,0.00,0,F1,30,,,,,
2026-08-20,2026-08-20,FO,NSE,IDO,49650,,BANKNIFTY,,2026-10-27,2026-10-27,63100.00,PE,BANKNIFTY26OCT63100PE,0.00,0.00,0.00,6055.95,0.00,6055.95,57495.90,5344.88,0,0,0,0.00,0,F1,30,,,,,
2026-08-20,2026-08-20,FO,NSE,IDO,49614,,BANKNIFTY,,2026-10-27,2026-10-27,61700.00,PE,BANKNIFTY26OCT61700PE,0.00,0.00,0.00,4965.40,0.00,4965.40,57495.90,4242.00,0,0,0,0.00,0,F1,30,,,,,
2026-08-20,2026-08-20,FO,NSE,IDO,70797,,BANKNIFTY,,2027-06-29,2027-06-29,60000.00,PE,BANKNIFTY27JUN60000PE,0.00,0.00,0.00,4251.70,0.00,4251.70,57495.90,3899.19,0,0,0,0.00,0,F1,30,,,,,
2026-08-20,2026-08-20,FO,NSE,IDO,53249,,BANKNIFTY,,2026-12-29,2026-12-29,64500.00,PE,BANKNIFTY26DEC64500PE,0.00,0.00,0.00,4582.05,0.00,4582.05,57495.90,6462.36,0,0,0,0.00,0,F1,30,,,,,
2026-08-20,2026-08-20,FO,NSE,IDO,58909,,BANKNIFTY,,2026-08-25,2026-08-25,51600.00,PE,BANKNIFTY26AUG51600PE,0.00,0.00,0.00,2.55,2.55,2.55,57495.90,0.00,1020,0,0,0.00,0,F1,30,,,,,
2026-08-20,2026-08-20,FO,NSE,IDO,58981,,BANKNIFTY,,2026-08-25,2026-08-25,54100.00,PE,BANKNIFTY26AUG54100PE,4.35,5.30,3.35,3.75,4.40,4.90,57495.90,3.75,8910,-2850,451,732032140.50,267,F1,30,,,,,
2026-08-20,2026-08-20,FO,NSE,IDO,59005,,BANKNIFTY,,2026-08-25,2026-08-25,55000.00,PE,BANKNIFTY26AUG55000PE,6.25,7.30,4.05,5.50,6.00,9.10,57495.90,5.50,719070,72570,38712,63881640945.00,14001,F1,30,,,,,
2026-08-20,2026-08-20,FO,NSE,IDO,59078,,BANKNIFTY,,2026-08-25,2026-08-25,56900.00,PE,BANKNIFTY26AUG56900PE,140.00,140.00,49.35,69.95,75.00,172.45,57495.90,69.95,170700,20040,35014,59834164830.00,22819,F1,30,,,,,
2026-08-20,2026-08-20,FO,NSE,IDO,59123,,BANKNIFTY,,2026-08-25,2026-08-25,58300.00,PE,BANKNIFTY26AUG58300PE,748.05,776.30,563.65,730.25,746.95,1012.50,57495.90,730.25,54360,-18690,4125,7293814530.00,3404,F1,30,,,,,
2026-08-20,2026-08-20,FO,NSE,IDO,59150,,BANKNIFTY,,2026-08-25,2026-08-25,59200.00,PE,BANKNIFTY26AUG59200PE,1555.00,1583.15,1370.00,1572.45,1579.10,1859.45,57495.90,1572.45,16620,-2280,153,278555658.00,144,F1,30,,,,,
2026-08-20,2026-08-20,FO,NSE,IDO,59156,,BANKNIFTY,,2026-08-25,2026-08-25,59500.00,PE,BANKNIFTY26AUG59500PE,1995.00,1998.15,1674.65,1855.60,1871.45,2159.35,57495.90,1855.60,54630,-7140,600,1104460569.00,357,F1,30,,,,,
2026-08-20,2026-08-20,FO,NSE,IDO,59229,,BANKNIFTY,,2026-08-25,2026-08-25,61200.00,PE,BANKNIFTY26AUG61200PE,0.00,0.00,0.00,3250.00,3250.00,3250.00,57495.90,3655.41,30,0,0,0.00,0,F1,30,,,,,
2026-08-20,2026-08-20,FO,NSE,IDO,59253,,BANKNIFTY,,2026-08-25,2026-08-25,61900.00,PE,BANKNIFTY26AUG61900PE,0.00,0.00,0.00,6452.10,0.00,6452.10,57495.90,4353.15,0,0,0,0.00,0,F1,30,,,,,
2026-08-20,2026-08-20,FO,NSE,IDO,59318,,BANKNIFTY,,2026-08-25,2026-08-25,64000.00,PE,BANKNIFTY26AUG64000PE,6280.00,6280.00,6230.00,6230.00,6230.00,6737.85,57495.90,6450.99,2130,-60,2,4215300.00,2,F1,30,,,,,
2026-08-20,2026-08-20,FO,NSE,IDO,59322,,BANKNIFTY,,2026-08-25,2026-08-25,64200.00,PE,BANKNIFTY26AUG64200PE,0.00,0.00,0.00,5581.85,5581.85,5581.85,57495.90,6650.83,30,0,0,0.00,0,F1,30,,,,,
2026-08-20,2026-08-20,FO,NSE,IDO,69604,,BANKNIFTY,,2026-09-29,2026-09-29,50500.00,PE,BANKNIFTY26SEP50500PE,23.00,28.25,23.00,25.55,25.55,28.00,57495.90,27.66,690,390,17,25767898.50,13,F1,30,,,,,
2026-08-20,2026-08-20,FO,NSE,IDO,69657,,BANKNIFTY,,2026-09-29,2026-09-29,51500.00,PE,BANKNIFTY26SEP51500PE,0.00,0.00,0.00,325.00,0.00,325.00,57495.90,59.56,0,0,0,0.00,0,F1,30,,,,,
2026-08-20,2026-08-20,FO,NSE,IDO,69661,,BANKNIFTY,,2026-09-29,2026-09-29,51700.00,PE,BANKNIFTY26SEP51700PE,0.00,0.00,0.00,350.75,0.00,350.75,57495.90,68.74,0,0,0,0.00,0,F1,30,,,,,
2026-08-20,2026-08-20,FO,NSE,IDO,52287,,BANKNIFTY,,2026-09-29,2026-09-29,54000.00,PE,BANKNIFTY26SEP54000PE,71.40,74.50,64.55,70.05,73.50,94.00,57495.90,70.05,203340,20490,5147,8348737068.00,2961,F1,30,,,,,
2026-08-20,2026-08-20,FO,NSE,IDO,52298,,BANKNIFTY,,2026-09-29,2026-09-29,55500.00,PE,BANKNIFTY26SEP55500PE,198.00,198.00,151.55,167.55,174.80,236.80,57495.90,167.55,228720,24240,6352,10607827567.50,3765,F1,30,,,,,
2026-08-20,2026-08-20,FO,NSE,IDO,70016,,BANKNIFTY,,2026-09-29,2026-09-29,60300.00,PE,BANKNIFTY26SEP60300PE,0.00,0.00,0.00,3489.75,0.00,3489.75,57495.90,3034.82,0,0,0,0.00,0,F1,30,,,,,
2026-08-20,2026-08-20,FO,NSE,IDO,70032,,BANKNIFTY,,2026-09-29,2026-09-29,61100.00,PE,BANKNIFTY26SEP61100PE,0.00,0.00,0.00,4009.30,0.00,4009.30,57495.90,3645.89,0,0,0,0.00,0,F1,30,,,,,
2026-08-20,2026-08-20,FO,NSE,IDO,49301,,BANKNIFTY,,2026-10-27,2026-10-27,49500.00,PE,BANKNIFTY26OCT49500PE,0.00,0.00,0.00,179.20,0.00,179.20,57495.90,58.65,0,0,0,0.00,0,F1,30,,,,,
2026-08-20,2026-08-20,FO,NSE,IDO,49358,,BANKNIFTY,,2026-10-27,2026-10-27,51600.00,PE,BANKNIFTY26OCT51600PE,0.00,0.00,0.00,420.05,0.00,420.05,57495.90,184.13,0,0,0,0.00,0,F1,30,,,,,
2026-08-20,2026-08-20,FO,NSE,IDO,49372,,BANKNIFTY,,2026-10-27,2026-10-27,52200.00,PE,BANKNIFTY26OCT52200PE,0.00,0.00,0.00,521.40,0.00,521.40,57495.90,245.36,0,0,0,0.00,0,F1,30,,,,,
2026-08-20,2026-08-20,FO,NSE,IDO,49378,,BANKNIFTY,,2026-10-27,2026-10-27,52500.00,PE,BANKNIFTY26OCT52500PE,0.00,0.00,0.00,578.50,0.00,578.50,57495.90,281.50,0,0,0,0.00,0,F1,30,,,,,
2026-08-20,2026-08-20,FO,NSE,IDO,49382,,BANKNIFTY,,2026-10-27,2026-10-27,52700.00,PE,BANKNIFTY26OCT52700PE,0.00,0.00,0.00,619.10,0.00,619.10,57495.90,307.82,0,0,0,0.00,0,F1,30,,,,,
2026-08-20,2026-08-20,FO,NSE,IDO,49414,,BANKNIFTY,,2026-10-27,2026-10-27,53900.00,PE,BANKNIFTY26OCT53900PE,0.00,0.00,0.00,909.10,0.00,909.10,57495.90,508.09,0,0,0,0.00,0,F1,30,,,,,
2026-08-20,2026-08-20,FO,NSE,IDO,49442,,BANKNIFTY,,2026-10-27,2026-10-27,55000.00,PE,BANKNIFTY26OCT55000PE,245.00,253.20,220.00,232.30,237.00,293.65,57495.90,232.30,46560,720,569,942781150.50,279,F1,30,,,,,
2026-08-20,2026-08-20,FO,NSE,IDO,49460,,BANKNIFTY,,2026-10-27,2026-10-27,55600.00,PE,BANKNIFTY26OCT55600PE,0.00,0.00,0.00,1461.60,0.00,1461.60,57495.90,939.30,0,0,0,0.00,0,F1,30,,,,,
2026-08-20,2026-08-20,FO,NSE,IDO,49464,,BANKNIFTY,,2026-10-27,2026-10-27,55800.00,PE,BANKNIFTY26OCT55800PE,0.00,0.00,0.00,1538.95,0.00,1538.95,57495.90,1003.22,0,0,0,0.00,0,F1,30,,,,,
2026-08-20,2026-08-20,FO,NSE,IDO,49480,,BANKNIFTY,,2026-10-27,2026-10-27,56500.00,PE,BANKNIFTY26OCT56500PE,500.00,510.05,442.35,477.30,482.00,580.30,57495.90,477.30,24150,5010,401,685232781.00,294,F1,30,,,,,
2026-08-20,2026-08-20,FO,NSE,IDO,49492,,BANKNIFTY,,2026-10-27,2026-10-27,56800.00,PE,BANKNIFTY26OCT56800PE,0.00,0.00,0.00,1965.05,0.00,1965.05,57495.90,1367.52,0,0,0,0.00,0,F1,30,,,,,
2026-08-20,2026-08-20,FO,NSE,IDO,49504,,BANKNIFTY,,2026-10-27,2026-10-27,57400.00,PE,BANKNIFTY26OCT57400PE,0.00,0.00,0.00,734.25,745.00,734.25,57495.90,1622.89,960,0,0,0.00,0,F1,30,,,,,
2026-08-20,2026-08-20,FO,NSE,IDO,49510,,BANKNIFTY,,2026-10-27,2026-10-27,57600.00,PE,BANKNIFTY26OCT57600PE,0.00,0.00,0.00,2353.15,0.00,2353.15,57495.90,1714.23,0,0,0,0.00,0,F1,30,,,,,
2026-08-20,2026-08-20,FO,NSE,IDO,49546,,BANKNIFTY,,2026-10-27,2026-10-27,59000.00,PE,BANKNIFTY26OCT59000PE,1470.35,1483.90,1349.75,1456.10,1448.00,1639.00,57495.90,1456.10,10020,4050,283,512811886.50,234,F1,30,,,,,
2026-08-20,2026-08-20,FO,NSE,IDO,49553,,BANKNIFTY,,2026-10-27,2026-10-27,59200.00,PE,BANKNIFTY26OCT59200PE,0.00,0.00,0.00,1784.20,1784.20,1784.20,57495.90,2556.04,90,0,0,0.00,0,F1,30,,,,,
2026-08-20,2026-08-20,FO,NSE,IDO,49557,,BANKNIFTY,,2026-10-27,2026-10-27,59300.00,PE,BANKNIFTY26OCT59300PE,1611.65,1611.65,1611.65,1611.65,1611.65,3315.25,57495.90,2615.11,60,60,2,3654699.00,1,F1,30,,,,,
2026-08-20,2026-08-20,FO,NSE,IDO,49560,,BANKNIFTY,,2026-10-27,2026-10-27,59400.00,PE,BANKNIFTY26OCT59400PE,0.00,0.00,0.00,1832.65,1832.65,1832.65,57495.90,2674.91,120,0,0,0.00,0,F1,30,,,,,
2026-08-20,2026-08-20,FO,NSE,IDO,49604,,BANKNIFTY,,2026-10-27,2026-10-27,61400.00,PE,BANKNIFTY26OCT61400PE,0.00,0.00,0.00,4740.05,0.00,4740.05,57495.90,4016.00,0,0,0,0.00,0,F1,30,,,,,
2026-08-20,2026-08-20,FO,NSE,IDO,49608,,BANKNIFTY,,2026-10-27,2026-10-27,61500.00,PE,BANKNIFTY26OCT61500PE,0.00,0.00,0.00,4816.30,0.00,4816.30,57495.90,4092.36,0,0,0,0.00,0,F1,30,,,,,
2026-08-20,2026-08-20,FO,NSE,IDO,49620,,BANKNIFTY,,2026-10-27,2026-10-27,62000.00,PE,BANKNIFTY26OCT62000PE,0.00,0.00,0.00,5192.60,0.00,5192.60,57495.90,4468.21,0,0,0,0.00,0,F1,30,,,,,
2026-08-20,2026-08-20,FO,NSE,IDO,49640,,BANKNIFTY,,2026-10-27,2026-10-27,62700.00,PE,BANKNIFTY26OCT62700PE,0.00,0.00,0.00,5735.35,0.00,5735.35,57495.90,5019.25,0,0,0,0.00,0,F1,30,,,,,
2026-08-20,2026-08-20,FO,NSE,IDO,49678,,BANKNIFTY,,2026-10-27,2026-10-27,64000.00,PE,BANKNIFTY26OCT64000PE,0.00,0.00,0.00,6799.40,0.00,6799.40,57495.90,6102.77,0,0,0,0.00,0,F1,30,,,,,
2026-08-20,2026-08-20,FO,NSE,IDO,76434,,BANKNIFTY,,2027-03-30,2027-03-30,66000.00,PE,BANKNIFTY27MAR66000PE,0.00,0.00,0.00,12012.15,0.00,12012.15,57495.90,7488.18,0,0,0,0.00,0,F1,30,,,,,
2026-08-20,2026-08-20,FO,NSE,IDO,70764,,BANKNIFTY,,2027-06-29,2027-06-29,49500.00,PE,BANKNIFTY27JUN49500PE,0.00,0.00,0.00,905.05,0.00,905.05,57495.90,673.85,0,0,0,0.00,0,F1,30,,,,,
2026-08-20,2026-08-20,FO,NSE,IDO,70787,,BANKNIFTY,,2027-06-29,2027-06-29,54000.00,PE,BANKNIFTY27JUN54000PE,0.00,0.00,0.00,1949.60,0.00,1949.60,57495.90,1625.92,0,0,0,0.00,0,F1,30,,,,,
2026-08-20,2026-08-20,FO,NSE,IDO,70793,,BANKNIFTY,,2027-06-29,2027-06-29,57000.00,PE,BANKNIFTY27JUN57000PE,0.00,0.00,0.00,2963.90,0.00,2963.90,57495.90,2608.56,0,0,0,0.00,0,F1,30,,,,,
2026-08-20,2026-08-20,FO,NSE,IDO,49392,,BANKNIFTY,,2026-10-27,2026-10-27,53200.00,PE,BANKNIFTY26OCT53200PE,0.00,0.00,0.00,729.60,0.00,729.60,57495.90,382.05,0,0,0,0.00,0,F1,30,,,,,
2026-08-20,2026-08-20,FO,NSE,IDO,52440,,BANKNIFTY,,2026-09-29,2026-09-29,69000.00,PE,BANKNIFTY26SEP69000PE,10750.00,10750.00,10750.00,10750.00,10750.00,11100.00,57495.90,11017.32,420,30,1,2392500.00,1,F1,30,,,,,
2026-08-20,2026-08-20,FO,NSE,IDO,70098,,BANKNIFTY,,2026-09-29,2026-09-29,63100.00,PE,BANKNIFTY26SEP63100PE,0.00,0.00,0.00,5455.60,0.00,5455.60,57495.90,5345.99,0,0,0,0.00,0,F1,30,,,,,
2026-08-20,2026-08-20,FO,NSE,IDO,70092,,BANKNIFTY,,2026-09-29,2026-09-29,62700.00,PE,BANKNIFTY26SEP62700PE,0.00,0.00,0.00,5153.10,0.00,5153.10,57495.90,4989.83,0,0,0,0.00,0,F1,30,,,,,
2026-08-20,2026-08-20,FO,NSE,IDO,70024,,BANKNIFTY,,2026-09-29,2026-09-29,60700.00,PE,BANKNIFTY26SEP60700PE,0.00,0.00,0.00,3745.00,0.00,3745.00,57495.90,3334.74,0,0,0,0.00,0,F1,30,,,,,
2026-08-20,2026-08-20,FO,NSE,IDO,70022,,BANKNIFTY,,2026-09-29,2026-09-29,60600.00,PE,BANKNIFTY26SEP60600PE,0.00,0.00,0.00,3680.35,0.00,3680.35,57495.90,3260.96,0,0,0,0.00,0,F1,30,,,,,
2026-08-20,2026-08-20,FO,NSE,IDO,70010,,BANKNIFTY,,2026-09-29,2026-09-29,59900.00,PE,BANKNIFTY26SEP59900PE,0.00,0.00,0.00,3243.70,0.00,3243.70,57495.90,2748.39,0,0,0,0.00,0,F1,30,,,,,
2026-08-20,2026-08-20,FO,NSE,IDO,69918,,BANKNIFTY,,2026-09-29,2026-09-29,59400.00,PE,BANKNIFTY26SEP59400PE,0.00,0.00,0.00,2949.60,0.00,2949.60,57495.90,2409.64,0,0,0,0.00,0,F1,30,,,,,
2026-08-20,2026-08-20,FO,NSE,IDO,69800,,BANKNIFTY,,2026-09-29,2026-09-29,56400.00,PE,BANKNIFTY26SEP56400PE,0.00,0.00,0.00,1514.55,0.00,1514.55,57495.90,886.37,0,0,0,0.00,0,F1,30,,,,,
2026-08-20,2026-08-20,FO,NSE,IDO,69798,,BANKNIFTY,,2026-09-29,2026-09-29,56300.00,PE,BANKNIFTY26SEP56300PE,310.00,311.85,260.00,288.35,290.35,384.60,57495.90,288.35,9960,4740,236,400548348.00,130,F1,30,,,,,
2026-08-20,2026-08-20,FO,NSE,IDO,69762,,BANKNIFTY,,2026-09-29,2026-09-29,54700.00,PE,BANKNIFTY26SEP54700PE,0.00,0.00,0.00,955.70,0.00,955.70,57495.90,413.81,0,0,0,0.00,0,F1,30,,,,,
2026-08-20,2026-08-20,FO,NSE,IDO,69707,,BANKNIFTY,,2026-09-29,2026-09-29,54200.00,PE,BANKNIFTY26SEP54200PE,0.00,0.00,0.00,823.90,0.00,823.90,57495.90,320.22,0,0,0,0.00,0,F1,30,,,,,
2026-08-20,2026-08-20,FO,NSE,IDO,69701,,BANKNIFTY,,2026-09-29,2026-09-29,53800.00,PE,BANKNIFTY26SEP53800PE,0.00,0.00,0.00,725.75,0.00,725.75,57495.90,257.84,0,0,0,0.00,0,F1,30,,,,,
2026-08-20,2026-08-20,FO,NSE,IDO,69689,,BANKNIFTY,,2026-09-29,2026-09-29,53200.00,PE,BANKNIFTY26SEP53200PE,0.00,0.00,0.00,597.40,0.00,597.40,57495.90,182.59,0,0,0,0.00,0,F1,30,,,,,
2026-08-20,2026-08-20,FO,NSE,IDO,69659,,BANKNIFTY,,2026-09-29,2026-09-29,51600.00,PE,BANKNIFTY26SEP51600PE,0.00,0.00,0.00,337.70,0.00,337.70,57495.90,64.01,0,0,0,0.00,0,F1,30,,,,,
2026-08-20,2026-08-20,FO,NSE,IDO,59291,,BANKNIFTY,,2026-08-25,2026-08-25,63200.00,PE,BANKNIFTY26AUG63200PE,0.00,0.00,0.00,7560.40,0.00,7560.40,57495.90,5651.67,0,0,0,0.00,0,F1,30,,,,,
2026-08-20,2026-08-20,FO,NSE,IDO,59273,,BANKNIFTY,,2026-08-25,2026-08-25,62600.00,PE,BANKNIFTY26AUG62600PE,0.00,0.00,0.00,7042.20,0.00,7042.20,57495.90,5052.22,0,0,0,0.00,0,F1,30,,,,,
2026-08-20,2026-08-20,FO,NSE,IDO,59259,,BANKNIFTY,,2026-08-25,2026-08-25,62200.00,PE,BANKNIFTY26AUG62200PE,0.00,0.00,0.00,6702.95,0.00,6702.95,57495.90,4652.68,0,0,0,0.00,0,F1,30,,,,,
2026-08-20,2026-08-20,FO,NSE,IDO,59191,,BANKNIFTY,,2026-08-25,2026-08-25,60300.00,PE,BANKNIFTY26AUG60300PE,0.00,0.00,0.00,2680.00,2680.00,2680.00,57495.90,2766.91,30,0,0,0.00,0,F1,30,,,,,
2026-08-20,2026-08-20,FO,NSE,IDO,59007,,BANKNIFTY,,2026-08-25,2026-08-25,55100.00,PE,BANKNIFTY26AUG55100PE,7.30,7.60,5.30,5.60,6.05,9.95,57495.90,5.60,55260,13620,5589,9239687208.00,3583,F1,30,,,,,
2026-08-20,2026-08-20,FO,NSE,IDO,58983,,BANKNIFTY,,2026-08-25,2026-08-25,54200.00,PE,BANKNIFTY26AUG54200PE,4.30,5.45,3.60,4.25,4.65,5.05,57495.90,4.25,16230,-270,1194,1941599223.00,544,F1,30,,,,,
2026-08-20,2026-08-20,FO,NSE,IDO,58942,,BANKNIFTY,,2026-08-25,2026-08-25,53000.00,PE,BANKNIFTY26AUG53000PE,3.15,4.05,2.50,2.70,2.80,3.65,57495.90,2.70,342060,3930,7236,11505946810.50,2693,F1,30,,,,,
2026-08-20,2026-08-20,FO,NSE,IDO,58940,,BANKNIFTY,,2026-08-25,2026-08-25,52900.00,PE,BANKNIFTY26AUG52900PE,3.35,3.70,1.95,2.90,3.00,3.35,57495.90,2.90,6360,-330,60,95225505.00,22,F1,30,,,,,
2026-08-20,2026-08-20,FO,NSE,IDO,58933,,BANKNIFTY,,2026-08-25,2026-08-25,52600.00,PE,BANKNIFTY26AUG52600PE,3.60,4.40,2.80,3.15,3.10,3.30,57495.90,3.15,3960,0,111,175169748.00,39,F1,30,,,,,
2026-08-20,2026-08-20,FO,NSE,IDO,58875,,BANKNIFTY,,2026-08-25,2026-08-25,50800.00,PE,BANKNIFTY26AUG50800PE,2.55,4.65,2.20,3.25,3.10,2.15,57495.90,3.25,4500,4050,226,344444523.00,55,F1,30,,,,,
2026-08-20,2026-08-20,FO,NSE,IDO,58849,,BANKNIFTY,,2026-08-25,2026-08-25,49800.00,PE,BANKNIFTY26AUG49800PE,1.85,2.25,1.40,1.60,1.75,1.65,57495.90,1.60,330,0,31,46315830.00,24,F1,30,,,,,
2026-08-20,2026-08-20,FO,NSE,IDO,58839,,BANKNIFTY,,2026-08-25,2026-08-25,49400.00,PE,BANKNIFTY26AUG49400PE,0.00,0.00,0.00,3.55,3.55,3.55,57495.90,0.00,570,0,0,0.00,0,F1,30,,,,,
2026-08-20,2026-08-20,FO,NSE,IDO,58817,,BANKNIFTY,,2026-08-25,2026-08-25,49200.00,PE,BANKNIFTY26AUG49200PE,0.00,0.00,0.00,3.20,3.20,3.20,57495.90,0.00,1860,0,0,0.00,0,F1,30,,,,,
2026-08-20,2026-08-20,FO,NSE,IDO,70788,,BANKNIFTY,,2027-06-29,2027-06-29,55500.00,CE,BANKNIFTY27JUN55500CE,0.00,0.00,0.00,7792.30,0.00,7792.30,57495.90,7100.98,0,0,0,0.00,0,F1,30,,,,,
2026-08-20,2026-08-20,FO,NSE,IDO,76394,,BANKNIFTY,,2027-03-30,2027-03-30,54000.00,CE,BANKNIFTY27MAR54000CE,0.00,0.00,0.00,3970.55,0.00,3970.55,57495.90,6948.99,0,0,0,0.00,0,F1,30,,,,,
2026-08-20,2026-08-20,FO,NSE,IDO,49713,,BANKNIFTY,,2026-10-27,2026-10-27,65500.00,CE,BANKNIFTY26OCT65500CE,0.00,0.00,0.00,336.25,0.00,336.25,57495.90,219.12,0,0,0,0.00,0,F1,30,,,,,
2026-08-20,2026-08-20,FO,NSE,IDO,49663,,BANKNIFTY,,2026-10-27,2026-10-27,63700.00,CE,BANKNIFTY26OCT63700CE,0.00,0.00,0.00,560.70,0.00,560.70,57495.90,413.83,0,0,0,0.00,0,F1,30,,,,,
2026-08-20,2026-08-20,FO,NSE,IDO,49508,,BANKNIFTY,,2026-10-27,2026-10-27,57600.00,CE,BANKNIFTY26OCT57600CE,0.00,0.00,0.00,1421.60,1421.60,1421.60,57495.90,2307.68,270,0,0,0.00,0,F1,30,,,,,
2026-08-20,2026-08-20,FO,NSE,IDO,49419,,BANKNIFTY,,2026-10-27,2026-10-27,54200.00,CE,BANKNIFTY26OCT54200CE,0.00,0.00,0.00,4361.20,0.00,4361.20,57495.90,4523.01,0,0,0,0.00,0,F1,30,,,,,
2026-08-20,2026-08-20,FO,NSE,IDO,49409,,BANKNIFTY,,2026-10-27,2026-10-27,53700.00,CE,BANKNIFTY26OCT53700CE,0.00,0.00,0.00,4717.85,0.00,4717.85,57495.90,4915.50,0,0,0,0.00,0,F1,30,,,,,
2026-08-20,2026-08-20,FO,NSE,IDO,49391,,BANKNIFTY,,2026-10-27,2026-10-27,53200.00,CE,BANKNIFTY26OCT53200CE,0.00,0.00,0.00,5084.25,0.00,5084.25,57495.90,5322.21,0,0,0,0.00,0,F1,30,,,,,
2026-08-20,2026-08-20,FO,NSE,IDO,49383,,BANKNIFTY,,2026-10-27,2026-10-27,52800.00,CE,BANKNIFTY26OCT52800CE,0.00,0.00,0.00,5388.75,0.00,5388.75,57495.90,5657.01,0,0,0,0.00,0,F1,30,,,,,
2026-08-20,2026-08-20,FO,NSE,IDO,70119,,BANKNIFTY,,2026-09-29,2026-09-29,64200.00,CE,BANKNIFTY26SEP64200CE,0.00,0.00,0.00,655.15,0.00,655.15,57495.90,110.06,0,0,0,0.00,0,F1,30,,,,,
2026-08-20,2026-08-20,FO,NSE,IDO,70105,,BANKNIFTY,,2026-09-29,2026-09-29,63500.00,CE,BANKNIFTY26SEP63500CE,0.00,0.00,0.00,783.90,0.00,783.90,57495.90,157.85,0,0,0,0.00,0,F1,30,,,,,
2026-08-20,2026-08-20,FO,NSE,IDO,69913,,BANKNIFTY,,2026-09-29,2026-09-29,59300.00,CE,BANKNIFTY26SEP59300CE,0.00,0.00,0.00,2045.10,0.00,2045.10,57495.90,963.97,0,0,0,0.00,0,F1,30,,,,,
2026-08-20,2026-08-20,FO,NSE,IDO,69803,,BANKNIFTY,,2026-09-29,2026-09-29,56600.00,CE,BANKNIFTY26SEP56600CE,1772.55,1811.20,1772.55,1778.35,1778.35,1755.00,57495.90,2259.83,330,30,3,5254863.00,3,F1,30,,,,,
2026-08-20,2026-08-20,FO,NSE,IDO,69795,,BANKNIFTY,,2026-09-29,2026-09-29,56200.00,CE,BANKNIFTY26SEP56200CE,2100.00,2171.10,2058.70,2058.70,2058.70,1896.60,57495.90,2514.19,720,210,20,34995766.50,18,F1,30,,,,,
2026-08-20,2026-08-20,FO,NSE,IDO,69708,,BANKNIFTY,,2026-09-29,2026-09-29,54300.00,CE,BANKNIFTY26SEP54300CE,3650.00,3800.00,3650.00,3700.00,3700.00,3500.00,57495.90,3700.00,60,30,3,5221500.00,3,F1,30,,,,,
2026-08-20,2026-08-20,FO,NSE,IDO,69706,,BANKNIFTY,,2026-09-29,2026-09-29,54200.00,CE,BANKNIFTY26SEP54200CE,0.00,0.00,0.00,4998.15,0.00,4998.15,57495.90,4003.19,0,0,0,0.00,0,F1,30,,,,,
2026-08-20,2026-08-20,FO,NSE,IDO,69692,,BANKNIFTY,,2026-09-29,2026-09-29,53400.00,CE,BANKNIFTY26SEP53400CE,0.00,0.00,0.00,5600.15,0.00,5600.15,57495.90,4682.67,0,0,0,0.00,0,F1,30,,,,,
2026-08-20,2026-08-20,FO,NSE,IDO,69682,,BANKNIFTY,,2026-09-29,2026-09-29,52900.00,CE,BANKNIFTY26SEP52900CE,0.00,0.00,0.00,5994.30,0.00,5994.30,57495.90,5125.89,0,0,0,0.00,0,F1,30,,,,,
2026-08-20,2026-08-20,FO,NSE,IDO,52284,,BANKNIFTY,,2026-09-29,2026-09-29,52500.00,CE,BANKNIFTY26SEP52500CE,5550.00,5570.00,5550.00,5570.00,5570.00,6823.00,57495.90,5489.03,90,90,3,5225100.00,3,F1,30,,,,,
2026-08-20,2026-08-20,FO,NSE,IDO,69546,,BANKNIFTY,,2026-09-29,2026-09-29,49000.00,CE,BANKNIFTY26SEP49000CE,8750.00,8986.70,8750.00,8975.00,8975.00,8491.80,57495.90,8853.24,1140,750,25,43477762.50,15,F1,30,,,,,
2026-08-20,2026-08-20,FO,NSE,IDO,59304,,BANKNIFTY,,2026-08-25,2026-08-25,63700.00,CE,BANKNIFTY26AUG63700CE,1.15,2.10,0.75,0.90,0.80,1.50,57495.90,0.90,2910,-150,69,131861271.00,33,F1,30,,,,,
2026-08-20,2026-08-20,FO,NSE,IDO,59262,,BANKNIFTY,,2026-08-25,2026-08-25,62400.00,CE,BANKNIFTY26AUG62400CE,2.40,2.60,1.05,1.65,1.05,2.75,57495.90,1.65,2820,-90,100,187205949.00,52,F1,30,,,,,
2026-08-20,2026-08-20,FO,NSE,IDO,59239,,BANKNIFTY,,2026-08-25,2026-08-25,61500.00,CE,BANKNIFTY26AUG61500CE,3.00,3.60,1.60,1.90,2.00,3.00,57495.90,1.90,113970,1170,3418,6306434118.00,1461,F1,30,,,,,
2026-08-20,2026-08-20,FO,NSE,IDO,59192,,BANKNIFTY,,2026-08-25,2026-08-25,60400.00,CE,BANKNIFTY26AUG60400CE,4.30,5.40,3.20,3.40,3.30,5.50,57495.90,3.40,93390,-5160,3948,7154217282.00,1683,F1,30,,,,,
2026-08-20,2026-08-20,FO,NSE,IDO,59134,,BANKNIFTY,,2026-08-25,2026-08-25,58600.00,CE,BANKNIFTY26AUG58600CE,42.30,59.30,25.20,27.95,28.05,34.35,57495.90,27.95,240810,76200,47551,83651489737.50,30006,F1,30,,,,,
2026-08-20,2026-08-20,FO,NSE,IDO,59114,,BANKNIFTY,,2026-08-25,2026-08-25,58200.00,CE,BANKNIFTY26AUG58200CE,103.00,139.85,76.15,81.60,79.45,76.95,57495.90,81.60,333870,-12480,80173,140243332831.50,48321,F1,30,,,,,
2026-08-20,2026-08-20,FO,NSE,IDO,59083,,BANKNIFTY,,2026-08-25,2026-08-25,57200.00,CE,BANKNIFTY26AUG57200CE,526.00,728.45,505.00,560.00,553.45,426.15,57495.90,560.00,155010,-171870,28624,49659643536.00,18788,F1,30,,,,,
2026-08-20,2026-08-20,FO,NSE,IDO,59014,,BANKNIFTY,,2026-08-25,2026-08-25,55500.00,CE,BANKNIFTY26AUG55500CE,2150.05,2330.50,2127.00,2137.10,2127.00,1876.55,57495.90,2137.10,11400,-720,57,98675578.50,40,F1,30,,,,,
2026-08-20,2026-08-20,FO,NSE,IDO,58998,,BANKNIFTY,,2026-08-25,2026-08-25,54700.00,CE,BANKNIFTY26AUG54700CE,0.00,0.00,0.00,2961.05,0.00,2961.05,57495.90,2849.14,0,0,0,0.00,0,F1,30,,,,,
2026-08-20,2026-08-20,FO,NSE,IDO,58990,,BANKNIFTY,,2026-08-25,2026-08-25,54500.00,CE,BANKNIFTY26AUG54500CE,3222.05,3330.20,3080.70,3143.10,3140.00,2880.20,57495.90,3143.10,3240,90,110,190408563.00,75,F1,30,,,,,
2026-08-20,2026-08-20,FO,NSE,IDO,58960,,BANKNIFTY,,2026-08-25,2026-08-25,53500.00,CE,BANKNIFTY26AUG53500CE,4258.35,4280.00,4250.00,4250.00,4250.00,3873.80,57495.90,4040.69,7620,-60,3,5198650.50,3,F1,30,,,,,
2026-08-20,2026-08-20,FO,NSE,IDO,58938,,BANKNIFTY,,2026-08-25,2026-08-25,52900.00,CE,BANKNIFTY26AUG52900CE,0.00,0.00,0.00,4063.05,0.00,4063.05,57495.90,4639.86,0,0,0,0.00,0,F1,30,,,,,
2026-08-20,2026-08-20,FO,NSE,IDO,58936,,BANKNIFTY,,2026-08-25,2026-08-25,52800.00,CE,BANKNIFTY26AUG52800CE,0.00,0.00,0.00,4130.40,0.00,4130.40,57495.90,4739.76,0,0,0,0.00,0,F1,30,,,,,
2026-08-20,2026-08-20,FO,NSE,IDO,58926,,BANKNIFTY,,2026-08-25,2026-08-25,52300.00,CE,BANKNIFTY26AUG52300CE,0.00,0.00,0.00,4478.75,0.00,4478.75,57495.90,5239.31,0,0,0,0.00,0,F1,30,,,,,
2026-08-20,2026-08-20,FO,NSE,IDO,58922,,BANKNIFTY,,2026-08-25,2026-08-25,52100.00,CE,BANKNIFTY26AUG52100CE,0.00,0.00,0.00,4621.65,0.00,4621.65,57495.90,5439.14,0,0,0,0.00,0,F1,30,,,,,
2026-08-20,2026-08-20,FO,NSE,IDO,58818,,BANKNIFTY,,2026-08-25,2026-08-25,49300.00,CE,BANKNIFTY26AUG49300CE,0.00,0.00,0.00,6840.65,0.00,6840.65,57495.90,8236.81,0,0,0,0.00,0,F1,30,,,,,
2026-08-20,2026-08-20,FO,NSE,IDO,49386,,BANKNIFTY,,2026-10-27,2026-10-27,52900.00,PE,BANKNIFTY26OCT52900PE,0.00,0.00,0.00,661.70,0.00,661.70,57495.90,336.03,0,0,0,0.00,0,F1,30,,,,,
2026-08-20,2026-08-20,FO,NSE,IDO,70795,,BANKNIFTY,,2027-06-29,2027-06-29,58500.00,PE,BANKNIFTY27JUN58500PE,0.00,0.00,0.00,3574.05,0.00,3574.05,57495.90,3215.66,0,0,0,0.00,0,F1,30,,,,,
2026-08-20,2026-08-20,FO,NSE,IDO,49667,,BANKNIFTY,,2026-10-27,2026-10-27,63800.00,PE,BANKNIFTY26OCT63800PE,0.00,0.00,0.00,6631.70,0.00,6631.70,57495.90,5931.54,0,0,0,0.00,0,F1,30,,,,,
2026-08-20,2026-08-20,FO,NSE,IDO,49648,,BANKNIFTY,,2026-10-27,2026-10-27,63000.00,PE,BANKNIFTY26OCT63000PE,0.00,0.00,0.00,5975.20,0.00,5975.20,57495.90,5262.78,0,0,0,0.00,0,F1,30,,,,,
2026-08-20,2026-08-20,FO,NSE,IDO,49428,,BANKNIFTY,,2026-10-27,2026-10-27,54600.00,PE,BANKNIFTY26OCT54600PE,0.00,0.00,0.00,1113.35,0.00,1113.35,57495.90,662.93,0,0,0,0.00,0,F1,30,,,,,
2026-08-20,2026-08-20,FO,NSE,IDO,49585,,BANKNIFTY,,2026-10-27,2026-10-27,60600.00,CE,BANKNIFTY26OCT60600CE,0.00,0.00,0.00,1234.65,0.00,1234.65,57495.90,1077.54,0,0,0,0.00,0,F1,30,,,,,
2026-08-20,2026-08-20,FO,NSE,IDO,49573,,BANKNIFTY,,2026-10-27,2026-10-27,60000.00,CE,BANKNIFTY26OCT60000CE,450.00,513.85,439.00,442.15,439.00,402.75,57495.90,442.15,38310,8640,611,1108520844.00,441,F1,30,,,,,
2026-08-20,2026-08-20,FO,NSE,IDO,49563,,BANKNIFTY,,2026-10-27,2026-10-27,59600.00,CE,BANKNIFTY26OCT59600CE,0.00,0.00,0.00,1554.35,0.00,1554.35,57495.90,1414.36,0,0,0,0.00,0,F1,30,,,,,
2026-08-20,2026-08-20,FO,NSE,IDO,49561,,BANKNIFTY,,2026-10-27,2026-10-27,59500.00,CE,BANKNIFTY26OCT59500CE,0.00,0.00,0.00,1589.45,0.00,1589.45,57495.90,1451.89,0,0,0,0.00,0,F1,30,,,,,
2026-08-20,2026-08-20,FO,NSE,IDO,49543,,BANKNIFTY,,2026-10-27,2026-10-27,58900.00,CE,BANKNIFTY26OCT58900CE,0.00,0.00,0.00,1812.85,0.00,1812.85,57495.90,1692.49,0,0,0,0.00,0,F1,30,,,,,
2026-08-20,2026-08-20,FO,NSE,IDO,49531,,BANKNIFTY,,2026-10-27,2026-10-27,58500.00,CE,BANKNIFTY26OCT58500CE,1065.00,1111.85,1004.30,1011.80,1004.30,917.25,57495.90,1011.80,14760,4020,232,414660931.50,120,F1,30,,,,,
2026-08-20,2026-08-20,FO,NSE,IDO,49522,,BANKNIFTY,,2026-10-27,2026-10-27,58100.00,CE,BANKNIFTY26OCT58100CE,1327.70,1327.70,1319.55,1320.90,1320.90,2145.30,57495.90,2055.49,180,180,6,10696089.00,3,F1,30,,,,,
2026-08-20,2026-08-20,FO,NSE,IDO,49513,,BANKNIFTY,,2026-10-27,2026-10-27,57800.00,CE,BANKNIFTY26OCT57800CE,1518.15,1518.15,1518.15,1518.15,1518.15,2280.50,57495.90,2204.56,60,60,2,3559089.00,1,F1,30,,,,,
2026-08-20,2026-08-20,FO,NSE,IDO,49495,,BANKNIFTY,,2026-10-27,2026-10-27,57000.00,CE,BANKNIFTY26OCT57000CE,1899.95,2045.00,1800.00,1899.65,1891.90,1753.15,57495.90,1899.65,13770,840,215,380237595.00,144,F1,30,,,,,
2026-08-20,2026-08-20,FO,NSE,IDO,49487,,BANKNIFTY,,2026-10-27,2026-10-27,56700.00,CE,BANKNIFTY26OCT56700CE,0.00,0.00,0.00,2826.70,0.00,2826.70,57495.90,2810.22,0,0,0,0.00,0,F1,30,,,,,
2026-08-20,2026-08-20,FO,NSE,IDO,49463,,BANKNIFTY,,2026-10-27,2026-10-27,55800.00,CE,BANKNIFTY26OCT55800CE,0.00,0.00,0.00,3332.60,0.00,3332.60,57495.90,3374.86,0,0,0,0.00,0,F1,30,,,,,
2026-08-20,2026-08-20,FO,NSE,IDO,49423,,BANKNIFTY,,2026-10-27,2026-10-27,54400.00,CE,BANKNIFTY26OCT54400CE,0.00,0.00,0.00,4223.85,0.00,4223.85,57495.90,4370.26,0,0,0,0.00,0,F1,30,,,,,
2026-08-20,2026-08-20,FO,NSE,IDO,49421,,BANKNIFTY,,2026-10-27,2026-10-27,54300.00,CE,BANKNIFTY26OCT54300CE,0.00,0.00,0.00,4292.25,0.00,4292.25,57495.90,4446.32,0,0,0,0.00,0,F1,30,,,,,
2026-08-20,2026-08-20,FO,NSE,IDO,49359,,BANKNIFTY,,2026-10-27,2026-10-27,51700.00,CE,BANKNIFTY26OCT51700CE,0.00,0.00,0.00,6267.90,0.00,6267.90,57495.90,6615.38,0,0,0,0.00,0,F1,30,,,,,
2026-08-20,2026-08-20,FO,NSE,IDO,70113,,BANKNIFTY,,2026-09-29,2026-09-29,63900.00,CE,BANKNIFTY26SEP63900CE,0.00,0.00,0.00,708.00,0.00,708.00,57495.90,128.72,0,0,0,0.00,0,F1,30,,,,,
2026-08-20,2026-08-20,FO,NSE,IDO,70111,,BANKNIFTY,,2026-09-29,2026-09-29,63800.00,CE,BANKNIFTY26SEP63800CE,0.00,0.00,0.00,726.40,0.00,726.40,57495.90,135.52,0,0,0,0.00,0,F1,30,,,,,
2026-08-20,2026-08-20,FO,NSE,IDO,49356,,BANKNIFTY,,2026-10-27,2026-10-27,51500.00,PE,BANKNIFTY26OCT51500PE,0.00,0.00,0.00,404.75,0.00,404.75,57495.90,175.24,0,0,0,0.00,0,F1,30,,,,,
2026-08-20,2026-08-20,FO,NSE,IDO,49440,,BANKNIFTY,,2026-10-27,2026-10-27,54900.00,PE,BANKNIFTY26OCT54900PE,0.00,0.00,0.00,1211.15,0.00,1211.15,57495.90,740.77,0,0,0,0.00,0,F1,30,,,,,
2026-08-20,2026-08-20,FO,NSE,IDO,49518,,BANKNIFTY,,2026-10-27,2026-10-27,57900.00,PE,BANKNIFTY26OCT57900PE,0.00,0.00,0.00,2509.55,0.00,2509.55,57495.90,1857.09,0,0,0,0.00,0,F1,30,,,,,
2026-08-20,2026-08-20,FO,NSE,IDO,70109,,BANKNIFTY,,2026-09-29,2026-09-29,63700.00,CE,BANKNIFTY26SEP63700CE,0.00,0.00,0.00,745.15,0.00,745.15,57495.90,142.64,0,0,0,0.00,0,F1,30,,,,,
2026-08-20,2026-08-20,FO,NSE,IDO,70103,,BANKNIFTY,,2026-09-29,2026-09-29,63400.00,CE,BANKNIFTY26SEP63400CE,0.00,0.00,0.00,803.90,0.00,803.90,57495.90,165.97,0,0,0,0.00,0,F1,30,,,,,
2026-08-20,2026-08-20,FO,NSE,IDO,70101,,BANKNIFTY,,2026-09-29,2026-09-29,63300.00,CE,BANKNIFTY26SEP63300CE,0.00,0.00,0.00,824.30,0.00,824.30,57495.90,174.44,0,0,0,0.00,0,F1,30,,,,,
2026-08-20,2026-08-20,FO,NSE,IDO,52404,,BANKNIFTY,,2026-09-29,2026-09-29,63000.00,CE,BANKNIFTY26SEP63000CE,14.30,15.90,11.60,13.45,13.50,13.25,57495.90,13.45,184020,-5430,1919,3627692310.00,821,F1,30,,,,,
2026-08-20,2026-08-20,FO,NSE,IDO,70093,,BANKNIFTY,,2026-09-29,2026-09-29,62800.00,CE,BANKNIFTY26SEP62800CE,0.00,0.00,0.00,934.80,0.00,934.80,57495.90,222.62,0,0,0,0.00,0,F1,30,,,,,
2026-08-20,2026-08-20,FO,NSE,IDO,70082,,BANKNIFTY,,2026-09-29,2026-09-29,62300.00,CE,BANKNIFTY26SEP62300CE,0.00,0.00,0.00,1051.50,0.00,1051.50,57495.90,281.65,0,0,0,0.00,0,F1,30,,,,,
2026-08-20,2026-08-20,FO,NSE,IDO,52388,,BANKNIFTY,,2026-09-29,2026-09-29,61500.00,CE,BANKNIFTY26SEP61500CE,46.95,47.00,38.50,39.85,40.20,37.05,57495.90,39.85,96420,14760,3513,6486072291.00,1709,F1,30,,,,,
2026-08-20,2026-08-20,FO,NSE,IDO,70035,,BANKNIFTY,,2026-09-29,2026-09-29,61300.00,CE,BANKNIFTY26SEP61300CE,0.00,0.00,0.00,1327.90,0.00,1327.90,57495.90,439.28,0,0,0,0.00,0,F1,30,,,,,
2026-08-20,2026-08-20,FO,NSE,IDO,69895,,BANKNIFTY,,2026-09-29,2026-09-29,59000.00,CE,BANKNIFTY26SEP59000CE,373.10,446.20,373.00,387.15,381.00,341.80,57495.90,387.15,309480,50730,9877,17606863129.50,5727,F1,30,,,,,
2026-08-20,2026-08-20,FO,NSE,IDO,69850,,BANKNIFTY,,2026-09-29,2026-09-29,58400.00,CE,BANKNIFTY26SEP58400CE,628.95,693.90,606.00,611.30,606.35,539.85,57495.90,611.30,16260,1170,375,664254561.00,234,F1,30,,,,,
2026-08-20,2026-08-20,FO,NSE,IDO,69811,,BANKNIFTY,,2026-09-29,2026-09-29,56900.00,CE,BANKNIFTY26SEP56900CE,1436.70,1564.75,1436.70,1488.00,1492.00,1340.65,57495.90,1488.00,1200,-30,19,33288210.00,16,F1,30,,,,,
2026-08-20,2026-08-20,FO,NSE,IDO,69700,,BANKNIFTY,,2026-09-29,2026-09-29,53800.00,CE,BANKNIFTY26SEP53800CE,0.00,0.00,0.00,5293.85,0.00,5293.85,57495.90,4337.95,0,0,0,0.00,0,F1,30,,,,,
2026-08-20,2026-08-20,FO,NSE,IDO,69696,,BANKNIFTY,,2026-09-29,2026-09-29,53600.00,CE,BANKNIFTY26SEP53600CE,0.00,0.00,0.00,5446.00,0.00,5446.00,57495.90,4509.14,0,0,0,0.00,0,F1,30,,,,,
2026-08-20,2026-08-20,FO,NSE,IDO,49532,,BANKNIFTY,,2026-10-27,2026-10-27,58500.00,PE,BANKNIFTY26OCT58500PE,1240.00,1240.00,1112.00,1169.15,1175.00,1339.85,57495.90,1169.15,5850,180,36,64415481.00,30,F1,30,,,,,
2026-08-20,2026-08-20,FO,NSE,IDO,49574,,BANKNIFTY,,2026-10-27,2026-10-27,60000.00,PE,BANKNIFTY26OCT60000PE,2099.00,2126.45,1971.00,2108.00,2125.00,2328.45,57495.90,2108.00,12540,4770,214,398292592.50,192,F1,30,,,,,
2026-08-20,2026-08-20,FO,NSE,IDO,49584,,BANKNIFTY,,2026-10-27,2026-10-27,60500.00,PE,BANKNIFTY26OCT60500PE,0.00,0.00,0.00,4099.80,0.00,4099.80,57495.90,3379.60,0,0,0,0.00,0,F1,30,,,,,
2026-08-20,2026-08-20,FO,NSE,IDO,49662,,BANKNIFTY,,2026-10-27,2026-10-27,63600.00,PE,BANKNIFTY26OCT63600PE,0.00,0.00,0.00,6465.40,0.00,6465.40,57495.90,5761.86,0,0,0,0.00,0,F1,30,,,,,
2026-08-20,2026-08-20,FO,NSE,IDO,69688,,BANKNIFTY,,2026-09-29,2026-09-29,53200.00,CE,BANKNIFTY26SEP53200CE,0.00,0.00,0.00,5756.35,0.00,5756.35,57495.90,4858.42,0,0,0,0.00,0,F1,30,,,,,
2026-08-20,2026-08-20,FO,NSE,IDO,69686,,BANKNIFTY,,2026-09-29,2026-09-29,53100.00,CE,BANKNIFTY26SEP53100CE,0.00,0.00,0.00,5835.15,0.00,5835.15,57495.90,4947.08,0,0,0,0.00,0,F1,30,,,,,
2026-08-20,2026-08-20,FO,NSE,IDO,49688,,BANKNIFTY,,2026-10-27,2026-10-27,64500.00,PE,BANKNIFTY26OCT64500PE,0.00,0.00,0.00,7224.45,0.00,7224.45,57495.90,6537.19,0,0,0,0.00,0,F1,30,,,,,
2026-08-20,2026-08-20,FO,NSE,IDO,70771,,BANKNIFTY,,2027-06-29,2027-06-29,52500.00,PE,BANKNIFTY27JUN52500PE,0.00,0.00,0.00,1541.40,0.00,1541.40,57495.90,1242.10,0,0,0,0.00,0,F1,30,,,,,
2026-08-20,2026-08-20,FO,NSE,IDO,70799,,BANKNIFTY,,2027-06-29,2027-06-29,61500.00,PE,BANKNIFTY27JUN61500PE,0.00,0.00,0.00,4995.95,0.00,4995.95,57495.90,4658.13,0,0,0,0.00,0,F1,30,,,,,
2026-08-20,2026-08-20,FO,NSE,IDO,52268,,BANKNIFTY,,2026-09-29,2026-09-29,45000.00,CE,BANKNIFTY26SEP45000CE,0.00,0.00,0.00,12567.35,0.00,12567.35,57495.90,12817.34,0,0,0,0.00,0,F1,30,,,,,
2026-08-20,2026-08-20,FO,NSE,IDO,59340,,BANKNIFTY,,2026-08-25,2026-08-25,65000.00,CE,BANKNIFTY26AUG65000CE,0.90,1.00,0.70,0.85,0.75,1.20,57495.90,0.85,239400,-20460,1829,3566596269.00,700,F1,30,,,,,
2026-08-20,2026-08-20,FO,NSE,IDO,59178,,BANKNIFTY,,2026-08-25,2026-08-25,60200.00,CE,BANKNIFTY26AUG60200CE,5.55,5.85,3.10,3.65,3.10,6.20,57495.90,3.65,57420,-11970,2462,4446696040.50,1076,F1,30,,,,,
2026-08-20,2026-08-20,FO,NSE,IDO,59151,,BANKNIFTY,,2026-08-25,2026-08-25,59300.00,CE,BANKNIFTY26AUG59300CE,13.65,16.00,6.45,6.95,7.05,11.95,57495.90,6.95,95400,-8790,11700,20817549717.00,7016,F1,30,,,,,
2026-08-20,2026-08-20,FO,NSE,IDO,59136,,BANKNIFTY,,2026-08-25,2026-08-25,58700.00,CE,BANKNIFTY26AUG58700CE,38.95,48.50,19.10,21.40,21.95,28.20,57495.90,21.40,284910,90090,37651,66337225485.00,20730,F1,30,,,,,
2026-08-20,2026-08-20,FO,NSE,IDO,59077,,BANKNIFTY,,2026-08-25,2026-08-25,56900.00,CE,BANKNIFTY26AUG56900CE,776.95,992.30,768.60,796.70,793.65,623.75,57495.90,796.70,90450,-11070,2563,4442107078.50,1931,F1,30,,,,,
2026-08-20,2026-08-20,FO,NSE,IDO,59022,,BANKNIFTY,,2026-08-25,2026-08-25,55700.00,CE,BANKNIFTY26AUG55700CE,2028.75,2119.20,2028.70,2040.00,2040.00,1725.50,57495.90,1894.72,1530,570,24,41613609.00,22,F1,30,,,,,
2026-08-20,2026-08-20,FO,NSE,IDO,58965,,BANKNIFTY,,2026-08-25,2026-08-25,53700.00,CE,BANKNIFTY26AUG53700CE,0.00,0.00,0.00,3547.15,0.00,3547.15,57495.90,3841.15,0,0,0,0.00,0,F1,30,,,,,
2026-08-20,2026-08-20,FO,NSE,IDO,58958,,BANKNIFTY,,2026-08-25,2026-08-25,53400.00,CE,BANKNIFTY26AUG53400CE,0.00,0.00,0.00,3735.80,0.00,3735.80,57495.90,4140.51,0,0,0,0.00,0,F1,30,,,,,
2026-08-20,2026-08-20,FO,NSE,IDO,58908,,BANKNIFTY,,2026-08-25,2026-08-25,51600.00,CE,BANKNIFTY26AUG51600CE,0.00,0.00,0.00,4986.75,0.00,4986.75,57495.90,5938.72,0,0,0,0.00,0,F1,30,,,,,
2026-08-20,2026-08-20,FO,NSE,IDO,58858,,BANKNIFTY,,2026-08-25,2026-08-25,50100.00,CE,BANKNIFTY26AUG50100CE,0.00,0.00,0.00,6167.55,0.00,6167.55,57495.90,7437.47,0,0,0,0.00,0,F1,30,,,,,
2026-08-20,2026-08-20,FO,NSE,IDF,68390,,BANKNIFTY,,2026-09-29,2026-09-29,,,BANKNIFTY26SEPFUT,57860.00,58175.00,57817.40,57967.80,57970.00,57697.60,57495.90,57967.80,440430,137340,7038,12260076354.00,5260,F1,30,,,,,
2026-08-20,2026-08-20,FO,NSE,IDO,70110,,BANKNIFTY,,2026-09-29,2026-09-29,63700.00,PE,BANKNIFTY26SEP63700PE,0.00,0.00,0.00,5925.20,0.00,5925.20,57495.90,5891.83,0,0,0,0.00,0,F1,30,,,,,
2026-08-20,2026-08-20,FO,NSE,IDO,70077,,BANKNIFTY,,2026-09-29,2026-09-29,62000.00,PE,BANKNIFTY26SEP62000PE,4000.00,4033.55,3830.00,4013.20,4022.95,4262.30,57495.90,4013.20,24810,5940,289,571506979.50,252,F1,30,,,,,
2026-08-20,2026-08-20,FO,NSE,IDO,59095,,BANKNIFTY,,2026-08-25,2026-08-25,57700.00,PE,BANKNIFTY26AUG57700PE,410.00,417.30,220.75,311.85,325.05,542.65,57495.90,311.85,335490,154950,155888,271074203451.00,111564,F1,30,,,,,
2026-08-20,2026-08-20,FO,NSE,IDO,59074,,BANKNIFTY,,2026-08-25,2026-08-25,56800.00,PE,BANKNIFTY26AUG56800PE,83.00,87.90,41.00,57.05,59.60,144.70,57495.90,57.05,245550,34560,45491,77587981365.00,25626,F1,30,,,,,
2026-08-20,2026-08-20,FO,NSE,IDO,59048,,BANKNIFTY,,2026-08-25,2026-08-25,56300.00,PE,BANKNIFTY26AUG56300PE,41.00,41.00,17.60,21.65,21.90,59.70,57495.90,21.65,175200,68700,27541,46533822337.50,13510,F1,30,,,,,
2026-08-20,2026-08-20,FO,NSE,IDO,59021,,BANKNIFTY,,2026-08-25,2026-08-25,55600.00,PE,BANKNIFTY26AUG55600PE,14.95,14.95,7.60,8.15,8.85,18.50,57495.90,8.15,85200,-16170,13747,22933746139.50,7004,F1,30,,,,,
2026-08-20,2026-08-20,FO,NSE,IDO,59015,,BANKNIFTY,,2026-08-25,2026-08-25,55500.00,PE,BANKNIFTY26AUG55500PE,11.60,11.65,6.95,7.65,7.75,16.15,57495.90,7.65,426750,53490,50021,83297459067.00,25236,F1,30,,,,,
2026-08-20,2026-08-20,FO,NSE,IDO,59011,,BANKNIFTY,,2026-08-25,2026-08-25,55300.00,PE,BANKNIFTY26AUG55300PE,7.00,8.85,5.80,6.15,6.05,12.15,57495.90,6.15,68790,-14130,9603,15933397333.50,7287,F1,30,,,,,
2026-08-20,2026-08-20,FO,NSE,IDO,59166,,BANKNIFTY,,2026-08-25,2026-08-25,59900.00,PE,BANKNIFTY26AUG59900PE,2180.00,2180.00,2180.00,2180.00,2180.00,2223.20,57495.90,2380.52,90,0,2,3724800.00,1,F1,30,,,,,
2026-08-20,2026-08-20,FO,NSE,IDO,58800,,BANKNIFTY,,2026-08-25,2026-08-25,48600.00,CE,BANKNIFTY26AUG48600CE,0.00,0.00,0.00,7450.45,0.00,7450.45,57495.90,8936.23,0,0,0,0.00,0,F1,30,,,,,
2026-08-20,2026-08-20,FO,NSE,IDO,58804,,BANKNIFTY,,2026-08-25,2026-08-25,48700.00,CE,BANKNIFTY26AUG48700CE,0.00,0.00,0.00,7362.25,0.00,7362.25,57495.90,8836.31,0,0,0,0.00,0,F1,30,,,,,
2026-08-20,2026-08-20,FO,NSE,IDO,58928,,BANKNIFTY,,2026-08-25,2026-08-25,52400.00,CE,BANKNIFTY26AUG52400CE,0.00,0.00,0.00,4408.20,0.00,4408.20,57495.90,5139.39,0,0,0,0.00,0,F1,30,,,,,
2026-08-20,2026-08-20,FO,NSE,IDO,58946,,BANKNIFTY,,2026-08-25,2026-08-25,53100.00,CE,BANKNIFTY26AUG53100CE,0.00,0.00,0.00,3930.25,0.00,3930.25,57495.90,4440.08,0,0,0,0.00,0,F1,30,,,,,
2026-08-20,2026-08-20,FO,NSE,IDO,58976,,BANKNIFTY,,2026-08-25,2026-08-25,53900.00,CE,BANKNIFTY26AUG53900CE,0.00,0.00,0.00,3976.25,3976.25,3976.25,57495.90,3641.80,120,0,0,0.00,0,F1,30,,,,,
2026-08-20,2026-08-20,FO,NSE,IDO,59010,,BANKNIFTY,,2026-08-25,2026-08-25,55300.00,CE,BANKNIFTY26AUG55300CE,2470.00,2470.00,2470.00,2470.00,2470.00,2100.00,57495.90,2267.89,630,0,2,3466200.00,1,F1,30,,,,,
2026-08-20,2026-08-20,FO,NSE,IDO,59016,,BANKNIFTY,,2026-08-25,2026-08-25,55600.00,CE,BANKNIFTY26AUG55600CE,2172.25,2229.40,2172.25,2197.35,2197.35,1664.50,57495.90,1986.50,1620,180,11,19077505.50,9,F1,30,,,,,
2026-08-20,2026-08-20,FO,NSE,IDO,59047,,BANKNIFTY,,2026-08-25,2026-08-25,56300.00,CE,BANKNIFTY26AUG56300CE,1305.30,1550.00,1305.25,1359.50,1349.95,1112.65,57495.90,1359.50,7890,-1230,255,441750691.50,175,F1,30,,,,,
2026-08-20,2026-08-20,FO,NSE,IDO,59096,,BANKNIFTY,,2026-08-25,2026-08-25,57800.00,CE,BANKNIFTY26AUG57800CE,220.05,311.55,191.35,203.00,201.00,164.75,57495.90,203.00,510090,-38190,128869,224471090061.00,86505,F1,30,,,,,
2026-08-20,2026-08-20,FO,NSE,IDO,59159,,BANKNIFTY,,2026-08-25,2026-08-25,59600.00,CE,BANKNIFTY26AUG59600CE,8.95,11.25,4.65,5.20,5.35,9.15,57495.90,5.20,58860,-23340,7373,13184358499.50,3942,F1,30,,,,,
2026-08-20,2026-08-20,FO,NSE,IDO,59266,,BANKNIFTY,,2026-08-25,2026-08-25,62500.00,CE,BANKNIFTY26AUG62500CE,1.85,1.90,1.15,1.25,1.20,2.20,57495.90,1.25,92520,-11280,1318,2471309565.00,430,F1,30,,,,,
2026-08-20,2026-08-20,FO,NSE,IDO,59282,,BANKNIFTY,,2026-08-25,2026-08-25,62900.00,CE,BANKNIFTY26AUG62900CE,1.65,1.90,0.95,0.95,0.95,2.00,57495.90,0.95,4230,-180,54,101900515.50,16,F1,30,,,,,
2026-08-20,2026-08-20,FO,NSE,IDO,59319,,BANKNIFTY,,2026-08-25,2026-08-25,64100.00,CE,BANKNIFTY26AUG64100CE,1.75,2.00,0.90,0.90,0.90,1.40,57495.90,0.00,3180,0,4,7692175.50,4,F1,30,,,,,
2026-08-20,2026-08-20,FO,NSE,IDO,69662,,BANKNIFTY,,2026-09-29,2026-09-29,51800.00,CE,BANKNIFTY26SEP51800CE,0.00,0.00,0.00,6901.65,0.00,6901.65,57495.90,6139.60,0,0,0,0.00,0,F1,30,,,,,
2026-08-20,2026-08-20,FO,NSE,IDO,69670,,BANKNIFTY,,2026-09-29,2026-09-29,52200.00,CE,BANKNIFTY26SEP52200CE,0.00,0.00,0.00,6565.65,0.00,6565.65,57495.90,5765.71,0,0,0,0.00,0,F1,30,,,,,
2026-08-20,2026-08-20,FO,NSE,IDO,69710,,BANKNIFTY,,2026-09-29,2026-09-29,54400.00,CE,BANKNIFTY26SEP54400CE,0.00,0.00,0.00,4852.25,0.00,4852.25,57495.90,3839.87,0,0,0,0.00,0,F1,30,,,,,
2026-08-20,2026-08-20,FO,NSE,IDO,69757,,BANKNIFTY,,2026-09-29,2026-09-29,54600.00,CE,BANKNIFTY26SEP54600CE,0.00,0.00,0.00,4708.60,0.00,4708.60,57495.90,3679.44,0,0,0,0.00,0,F1,30,,,,,
2026-08-20,2026-08-20,FO,NSE,IDO,69763,,BANKNIFTY,,2026-09-29,2026-09-29,54800.00,CE,BANKNIFTY26SEP54800CE,0.00,0.00,0.00,4564.90,0.00,4564.90,57495.90,3522.03,0,0,0,0.00,0,F1,30,,,,,
2026-08-20,2026-08-20,FO,NSE,IDO,69765,,BANKNIFTY,,2026-09-29,2026-09-29,54900.00,CE,BANKNIFTY26SEP54900CE,0.00,0.00,0.00,4495.20,0.00,4495.20,57495.90,3444.50,0,0,0,0.00,0,F1,30,,,,,
2026-08-20,2026-08-20,FO,NSE,IDO,69801,,BANKNIFTY,,2026-09-29,2026-09-29,56500.00,CE,BANKNIFTY26SEP56500CE,1774.95,1915.55,1752.35,1776.95,1752.35,1606.70,57495.90,1776.95,34440,7590,758,1327073836.50,496,F1,30,,,,,
2026-08-20,2026-08-20,FO,NSE,IDO,69820,,BANKNIFTY,,2026-09-29,2026-09-29,57400.00,CE,BANKNIFTY26SEP57400CE,1206.20,1264.05,1120.50,1144.45,1131.70,1025.60,57495.90,1144.45,19830,-210,1083,1903994629.50,687,F1,30,,,,,
2026-08-20,2026-08-20,FO,NSE,IDO,69868,,BANKNIFTY,,2026-09-29,2026-09-29,58700.00,CE,BANKNIFTY26SEP58700CE,490.00,562.50,480.30,487.50,480.30,436.10,57495.90,487.50,16380,750,388,689396176.50,222,F1,30,,,,,
2026-08-20,2026-08-20,FO,NSE,IDO,69996,,BANKNIFTY,,2026-09-29,2026-09-29,59800.00,CE,BANKNIFTY26SEP59800CE,211.70,227.60,189.80,194.50,193.50,173.45,57495.90,194.50,5430,240,211,379892047.50,165,F1,30,,,,,
2026-08-20,2026-08-20,FO,NSE,IDO,70015,,BANKNIFTY,,2026-09-29,2026-09-29,60300.00,CE,BANKNIFTY26SEP60300CE,0.00,0.00,0.00,1657.55,0.00,1657.55,57495.90,661.35,0,0,0,0.00,0,F1,30,,,,,
2026-08-20,2026-08-20,FO,NSE,IDO,70021,,BANKNIFTY,,2026-09-29,2026-09-29,60600.00,CE,BANKNIFTY26SEP60600CE,0.00,0.00,0.00,1552.75,0.00,1552.75,57495.90,589.63,0,0,0,0.00,0,F1,30,,,,,
2026-08-20,2026-08-20,FO,NSE,IDO,70037,,BANKNIFTY,,2026-09-29,2026-09-29,61400.00,CE,BANKNIFTY26SEP61400CE,0.00,0.00,0.00,1297.95,0.00,1297.95,57495.90,420.84,0,0,0,0.00,0,F1,30,,,,,
2026-08-20,2026-08-20,FO,NSE,IDO,70117,,BANKNIFTY,,2026-09-29,2026-09-29,64100.00,CE,BANKNIFTY26SEP64100CE,0.00,0.00,0.00,672.40,0.00,672.40,57495.90,116.00,0,0,0,0.00,0,F1,30,,,,,
2026-08-20,2026-08-20,FO,NSE,IDO,49394,,BANKNIFTY,,2026-10-27,2026-10-27,53300.00,CE,BANKNIFTY26OCT53300CE,0.00,0.00,0.00,5009.50,0.00,5009.50,57495.90,5239.78,0,0,0,0.00,0,F1,30,,,,,
2026-08-20,2026-08-20,FO,NSE,IDO,49417,,BANKNIFTY,,2026-10-27,2026-10-27,54100.00,CE,BANKNIFTY26OCT54100CE,0.00,0.00,0.00,4430.75,0.00,4430.75,57495.90,4600.31,0,0,0,0.00,0,F1,30,,,,,
2026-08-20,2026-08-20,FO,NSE,IDO,49433,,BANKNIFTY,,2026-10-27,2026-10-27,54800.00,CE,BANKNIFTY26OCT54800CE,0.00,0.00,0.00,3956.60,0.00,3956.60,57495.90,4074.49,0,0,0,0.00,0,F1,30,,,,,
2026-08-20,2026-08-20,FO,NSE,IDO,49497,,BANKNIFTY,,2026-10-27,2026-10-27,57100.00,CE,BANKNIFTY26OCT57100CE,0.00,0.00,0.00,2618.95,0.00,2618.95,57495.90,2579.10,0,0,0,0.00,0,F1,30,,,,,
2026-08-20,2026-08-20,FO,NSE,IDO,49503,,BANKNIFTY,,2026-10-27,2026-10-27,57400.00,CE,BANKNIFTY26OCT57400CE,0.00,0.00,0.00,1477.70,1477.70,1477.70,57495.90,2413.91,690,0,0,0.00,0,F1,30,,,,,
2026-08-20,2026-08-20,FO,NSE,IDO,49527,,BANKNIFTY,,2026-10-27,2026-10-27,58300.00,CE,BANKNIFTY26OCT58300CE,0.00,0.00,0.00,1026.20,1026.20,1026.20,57495.90,1960.14,240,0,0,0.00,0,F1,30,,,,,
2026-08-20,2026-08-20,FO,NSE,IDO,49567,,BANKNIFTY,,2026-10-27,2026-10-27,59800.00,CE,BANKNIFTY26OCT59800CE,0.00,0.00,0.00,1485.85,0.00,1485.85,57495.90,1341.44,0,0,0,0.00,0,F1,30,,,,,
2026-08-20,2026-08-20,FO,NSE,IDO,49575,,BANKNIFTY,,2026-10-27,2026-10-27,60100.00,CE,BANKNIFTY26OCT60100CE,0.00,0.00,0.00,1387.45,0.00,1387.45,57495.90,1237.35,0,0,0,0.00,0,F1,30,,,,,
2026-08-20,2026-08-20,FO,NSE,IDO,49579,,BANKNIFTY,,2026-10-27,2026-10-27,60300.00,CE,BANKNIFTY26OCT60300CE,0.00,0.00,0.00,1324.65,0.00,1324.65,57495.90,1171.41,0,0,0,0.00,0,F1,30,,,,,
2026-08-20,2026-08-20,FO,NSE,IDO,49599,,BANKNIFTY,,2026-10-27,2026-10-27,61200.00,CE,BANKNIFTY26OCT61200CE,0.00,0.00,0.00,1068.95,0.00,1068.95,57495.90,907.27,0,0,0,0.00,0,F1,30,,,,,
2026-08-20,2026-08-20,FO,NSE,IDO,49603,,BANKNIFTY,,2026-10-27,2026-10-27,61400.00,CE,BANKNIFTY26OCT61400CE,0.00,0.00,0.00,1017.85,0.00,1017.85,57495.90,855.46,0,0,0,0.00,0,F1,30,,,,,
2026-08-20,2026-08-20,FO,NSE,IDO,49655,,BANKNIFTY,,2026-10-27,2026-10-27,63400.00,CE,BANKNIFTY26OCT63400CE,0.00,0.00,0.00,608.30,0.00,608.30,57495.90,457.49,0,0,0,0.00,0,F1,30,,,,,
2026-08-20,2026-08-20,FO,NSE,IDO,49677,,BANKNIFTY,,2026-10-27,2026-10-27,64000.00,CE,BANKNIFTY26OCT64000CE,0.00,0.00,0.00,231.00,231.00,231.00,57495.90,373.72,30,0,0,0.00,0,F1,30,,,,,
2026-08-20,2026-08-20,FO,NSE,IDO,76396,,BANKNIFTY,,2027-03-30,2027-03-30,55500.00,CE,BANKNIFTY27MAR55500CE,0.00,0.00,0.00,3363.80,0.00,3363.80,57495.90,5958.81,0,0,0,0.00,0,F1,30,,,,,
2026-08-20,2026-08-20,FO,NSE,IDO,76433,,BANKNIFTY,,2027-03-30,2027-03-30,66000.00,CE,BANKNIFTY27MAR66000CE,0.00,0.00,0.00,890.95,0.00,890.95,57495.90,1557.87,0,0,0,0.00,0,F1,30,,,,,
2026-08-20,2026-08-20,FO,NSE,IDO,58767,,BANKNIFTY,,2026-08-25,2026-08-25,48000.00,PE,BANKNIFTY26AUG48000PE,1.40,2.60,0.70,0.95,0.95,1.30,57495.90,0.95,35370,5130,416,599053197.00,104,F1,30,,,,,
2026-08-20,2026-08-20,FO,NSE,IDO,58853,,BANKNIFTY,,2026-08-25,2026-08-25,50000.00,PE,BANKNIFTY26AUG50000PE,1.45,2.70,1.00,1.25,1.20,1.90,57495.90,1.25,181920,-39090,7061,10591820142.00,1865,F1,30,,,,,
2026-08-20,2026-08-20,FO,NSE,IDO,58865,,BANKNIFTY,,2026-08-25,2026-08-25,50400.00,PE,BANKNIFTY26AUG50400PE,1.60,2.05,1.45,2.00,2.00,2.00,57495.90,2.00,1380,480,40,60482103.00,13,F1,30,,,,,
2026-08-20,2026-08-20,FO,NSE,IDO,58871,,BANKNIFTY,,2026-08-25,2026-08-25,50600.00,PE,BANKNIFTY26AUG50600PE,1.75,3.05,1.35,1.60,1.60,1.65,57495.90,0.00,3630,0,40,60722107.50,17,F1,30,,,,,
2026-08-20,2026-08-20,FO,NSE,IDO,58877,,BANKNIFTY,,2026-08-25,2026-08-25,50900.00,PE,BANKNIFTY26AUG50900PE,1.55,2.60,1.25,2.00,2.00,1.90,57495.90,0.00,1320,-90,16,24432990.00,10,F1,30,,,,,
2026-08-20,2026-08-20,FO,NSE,IDO,58917,,BANKNIFTY,,2026-08-25,2026-08-25,51800.00,PE,BANKNIFTY26AUG51800PE,2.95,3.85,2.35,2.70,2.70,2.85,57495.90,0.00,2370,450,80,124327383.00,30,F1,30,,,,,
2026-08-20,2026-08-20,FO,NSE,IDO,58921,,BANKNIFTY,,2026-08-25,2026-08-25,52000.00,PE,BANKNIFTY26AUG52000PE,2.95,3.40,2.00,2.55,2.50,3.30,57495.90,2.55,222060,-12870,7321,11421361539.00,1953,F1,30,,,,,
2026-08-20,2026-08-20,FO,NSE,IDO,58937,,BANKNIFTY,,2026-08-25,2026-08-25,52800.00,PE,BANKNIFTY26AUG52800PE,3.60,3.60,2.70,3.50,3.45,3.40,57495.90,3.50,10800,240,84,133063723.50,45,F1,30,,,,,
2026-08-20,2026-08-20,FO,NSE,IDO,58957,,BANKNIFTY,,2026-08-25,2026-08-25,53300.00,PE,BANKNIFTY26AUG53300PE,3.65,4.80,3.00,3.40,3.00,3.75,57495.90,3.40,4470,300,220,351805545.00,94,F1,30,,,,,
2026-08-20,2026-08-20,FO,NSE,IDO,58993,,BANKNIFTY,,2026-08-25,2026-08-25,54500.00,PE,BANKNIFTY26AUG54500PE,5.40,5.95,3.80,4.25,4.95,5.95,57495.90,4.25,250740,31320,18109,29610807039.00,6495,F1,30,,,,,
2026-08-20,2026-08-20,FO,NSE,IDO,76432,,BANKNIFTY,,2027-03-30,2027-03-30,64500.00,PE,BANKNIFTY27MAR64500PE,0.00,0.00,0.00,10820.75,0.00,10820.75,57495.90,6426.29,0,0,0,0.00,0,F1,30,,,,,
2026-08-20,2026-08-20,FO,NSE,IDO,76397,,BANKNIFTY,,2027-03-30,2027-03-30,55500.00,PE,BANKNIFTY27MAR55500PE,0.00,0.00,0.00,4717.35,0.00,4717.35,57495.90,1798.59,0,0,0,0.00,0,F1,30,,,,,
2026-08-20,2026-08-20,FO,NSE,IDO,76391,,BANKNIFTY,,2027-03-30,2027-03-30,51000.00,PE,BANKNIFTY27MAR51000PE,0.00,0.00,0.00,2587.90,0.00,2587.90,57495.90,687.44,0,0,0,0.00,0,F1,30,,,,,
2026-08-20,2026-08-20,FO,NSE,IDO,76389,,BANKNIFTY,,2027-03-30,2027-03-30,49500.00,PE,BANKNIFTY27MAR49500PE,0.00,0.00,0.00,2038.80,0.00,2038.80,57495.90,466.37,0,0,0,0.00,0,F1,30,,,,,
2026-08-20,2026-08-20,FO,NSE,IDO,53251,,BANKNIFTY,,2026-12-29,2026-12-29,66000.00,PE,BANKNIFTY26DEC66000PE,0.00,0.00,0.00,7592.00,7592.00,7592.00,57495.90,7660.88,60,0,0,0.00,0,F1,30,,,,,
2026-08-20,2026-08-20,FO,NSE,IDO,53227,,BANKNIFTY,,2026-12-29,2026-12-29,55500.00,PE,BANKNIFTY26DEC55500PE,545.05,550.45,510.05,536.40,539.05,593.60,57495.90,536.40,7020,-390,156,262206442.50,116,F1,30,,,,,
2026-08-20,2026-08-20,FO,NSE,IDO,49646,,BANKNIFTY,,2026-10-27,2026-10-27,62900.00,PE,BANKNIFTY26OCT62900PE,0.00,0.00,0.00,5894.85,0.00,5894.85,57495.90,5181.14,0,0,0,0.00,0,F1,30,,,,,
2026-08-20,2026-08-20,FO,NSE,IDO,49618,,BANKNIFTY,,2026-10-27,2026-10-27,61900.00,PE,BANKNIFTY26OCT61900PE,0.00,0.00,0.00,5116.40,0.00,5116.40,57495.90,4393.91,0,0,0,0.00,0,F1,30,,,,,
2026-08-20,2026-08-20,FO,NSE,IDO,49564,,BANKNIFTY,,2026-10-27,2026-10-27,59600.00,PE,BANKNIFTY26OCT59600PE,0.00,0.00,0.00,1954.55,1954.55,1954.55,57495.90,2796.69,90,0,0,0.00,0,F1,30,,,,,
2026-08-20,2026-08-20,FO,NSE,IDO,49524,,BANKNIFTY,,2026-10-27,2026-10-27,58100.00,PE,BANKNIFTY26OCT58100PE,0.00,0.00,0.00,2617.10,0.00,2617.10,57495.90,1955.99,0,0,0,0.00,0,F1,30,,,,,
2026-08-20,2026-08-20,FO,NSE,IDO,49502,,BANKNIFTY,,2026-10-27,2026-10-27,57300.00,PE,BANKNIFTY26OCT57300PE,0.00,0.00,0.00,2202.80,0.00,2202.80,57495.90,1578.38,0,0,0,0.00,0,F1,30,,,,,
2026-08-20,2026-08-20,FO,NSE,IDO,49476,,BANKNIFTY,,2026-10-27,2026-10-27,56300.00,PE,BANKNIFTY26OCT56300PE,0.00,0.00,0.00,1743.75,0.00,1743.75,57495.90,1175.93,0,0,0,0.00,0,F1,30,,,,,
2026-08-20,2026-08-20,FO,NSE,IDO,52421,,BANKNIFTY,,2026-09-29,2026-09-29,66000.00,PE,BANKNIFTY26SEP66000PE,7650.00,7867.70,7537.10,7792.90,7792.90,7650.00,57495.90,8073.10,1590,1440,50,110617920.00,30,F1,30,,,,,
2026-08-20,2026-08-20,FO,NSE,IDO,70102,,BANKNIFTY,,2026-09-29,2026-09-29,63300.00,PE,BANKNIFTY26SEP63300PE,0.00,0.00,0.00,5610.45,0.00,5610.45,57495.90,5526.49,0,0,0,0.00,0,F1,30,,,,,
2026-08-20,2026-08-20,FO,NSE,IDO,70096,,BANKNIFTY,,2026-09-29,2026-09-29,62900.00,PE,BANKNIFTY26SEP62900PE,0.00,0.00,0.00,5304.65,0.00,5304.65,57495.90,5167.06,0,0,0,0.00,0,F1,30,,,,,
2026-08-20,2026-08-20,FO,NSE,IDO,70079,,BANKNIFTY,,2026-09-29,2026-09-29,62100.00,PE,BANKNIFTY26SEP62100PE,0.00,0.00,0.00,4707.30,0.00,4707.30,57495.90,4469.30,0,0,0,0.00,0,F1,30,,,,,
2026-08-20,2026-08-20,FO,NSE,IDO,70046,,BANKNIFTY,,2026-09-29,2026-09-29,61800.00,PE,BANKNIFTY26SEP61800PE,0.00,0.00,0.00,4492.50,0.00,4492.50,57495.90,4216.02,0,0,0,0.00,0,F1,30,,,,,
2026-08-20,2026-08-20,FO,NSE,IDO,70003,,BANKNIFTY,,2026-09-29,2026-09-29,59800.00,PE,BANKNIFTY26SEP59800PE,0.00,0.00,0.00,3183.70,0.00,3183.70,57495.90,2678.89,0,0,0,0.00,0,F1,30,,,,,
2026-08-20,2026-08-20,FO,NSE,IDO,69993,,BANKNIFTY,,2026-09-29,2026-09-29,59600.00,PE,BANKNIFTY26SEP59600PE,0.00,0.00,0.00,3065.45,0.00,3065.45,57495.90,2542.49,0,0,0,0.00,0,F1,30,,,,,
2026-08-20,2026-08-20,FO,NSE,IDO,69846,,BANKNIFTY,,2026-09-29,2026-09-29,58200.00,PE,BANKNIFTY26SEP58200PE,941.35,985.30,860.60,937.95,942.00,1124.50,57495.90,937.95,8970,-180,342,606473358.00,270,F1,30,,,,,
2026-08-20,2026-08-20,FO,NSE,IDO,69823,,BANKNIFTY,,2026-09-29,2026-09-29,57500.00,PE,BANKNIFTY26SEP57500PE,686.05,696.35,558.55,627.25,643.20,780.20,57495.90,627.25,1285650,38610,17991,31365203328.00,12183,F1,30,,,,,
2026-08-20,2026-08-20,FO,NSE,IDO,69812,,BANKNIFTY,,2026-09-29,2026-09-29,56900.00,PE,BANKNIFTY26SEP56900PE,429.60,469.75,389.00,432.40,440.10,558.35,57495.90,432.40,8040,1950,265,455745163.50,208,F1,30,,,,,
2026-08-20,2026-08-20,FO,NSE,IDO,69804,,BANKNIFTY,,2026-09-29,2026-09-29,56600.00,PE,BANKNIFTY26SEP56600PE,354.05,391.05,318.75,354.20,358.00,462.70,57495.90,354.20,7260,1740,226,386154573.00,182,F1,30,,,,,
2026-08-20,2026-08-20,FO,NSE,IDO,69778,,BANKNIFTY,,2026-09-29,2026-09-29,55400.00,PE,BANKNIFTY26SEP55400PE,170.95,174.85,142.55,156.05,160.00,220.35,57495.90,156.05,7560,3360,490,816625618.50,440,F1,30,,,,,
2026-08-20,2026-08-20,FO,NSE,IDO,69709,,BANKNIFTY,,2026-09-29,2026-09-29,54300.00,PE,BANKNIFTY26SEP54300PE,0.00,0.00,0.00,849.15,0.00,849.15,57495.90,337.49,0,0,0,0.00,0,F1,30,,,,,
2026-08-20,2026-08-20,FO,NSE,IDO,69683,,BANKNIFTY,,2026-09-29,2026-09-29,52900.00,PE,BANKNIFTY26SEP52900PE,0.00,0.00,0.00,539.95,0.00,539.95,57495.90,152.21,0,0,0,0.00,0,F1,30,,,,,
2026-08-20,2026-08-20,FO,NSE,IDO,52281,,BANKNIFTY,,2026-09-29,2026-09-29,49500.00,PE,BANKNIFTY26SEP49500PE,18.00,25.35,15.55,16.20,16.50,22.00,57495.90,16.20,21480,-1380,578,858626320.50,313,F1,30,,,,,
2026-08-20,2026-08-20,FO,NSE,IDO,59299,,BANKNIFTY,,2026-08-25,2026-08-25,63400.00,PE,BANKNIFTY26AUG63400PE,0.00,0.00,0.00,7735.45,0.00,7735.45,57495.90,5851.50,0,0,0,0.00,0,F1,30,,,,,
2026-08-20,2026-08-20,FO,NSE,IDO,59261,,BANKNIFTY,,2026-08-25,2026-08-25,62300.00,PE,BANKNIFTY26AUG62300PE,0.00,0.00,0.00,6787.25,0.00,6787.25,57495.90,4752.56,0,0,0,0.00,0,F1,30,,,,,
2026-08-20,2026-08-20,FO,NSE,IDO,59249,,BANKNIFTY,,2026-08-25,2026-08-25,61700.00,PE,BANKNIFTY26AUG61700PE,0.00,0.00,0.00,6286.60,0.00,6286.60,57495.90,4153.57,0,0,0,0.00,0,F1,30,,,,,
2026-08-20,2026-08-20,FO,NSE,IDO,59247,,BANKNIFTY,,2026-08-25,2026-08-25,61600.00,PE,BANKNIFTY26AUG61600PE,0.00,0.00,0.00,6204.45,0.00,6204.45,57495.90,4053.83,0,0,0,0.00,0,F1,30,,,,,
2026-08-20,2026-08-20,FO,NSE,IDO,59140,,BANKNIFTY,,2026-08-25,2026-08-25,58800.00,PE,BANKNIFTY26AUG58800PE,1161.60,1201.65,991.00,1186.80,1188.00,1392.75,57495.90,1186.80,11340,-1770,819,1470936891.00,632,F1,30,,,,,
2026-08-20,2026-08-20,FO,NSE,IDO,58948,,BANKNIFTY,,2026-08-25,2026-08-25,53200.00,CE,BANKNIFTY26AUG53200CE,0.00,0.00,0.00,4328.15,4328.15,4328.15,57495.90,4340.21,30,0,0,0.00,0,F1,30,,,,,
2026-08-20,2026-08-20,FO,NSE,IDO,58910,,BANKNIFTY,,2026-08-25,2026-08-25,51700.00,CE,BANKNIFTY26AUG51700CE,0.00,0.00,0.00,4912.25,0.00,4912.25,57495.90,5838.80,0,0,0,0.00,0,F1,30,,,,,
2026-08-20,2026-08-20,FO,NSE,IDO,58874,,BANKNIFTY,,2026-08-25,2026-08-25,50800.00,CE,BANKNIFTY26AUG50800CE,0.00,0.00,0.00,5602.30,0.00,5602.30,57495.90,6738.05,0,0,0,0.00,0,F1,30,,,,,
2026-08-20,2026-08-20,FO,NSE,IDO,58860,,BANKNIFTY,,2026-08-25,2026-08-25,50200.00,CE,BANKNIFTY26AUG50200CE,0.00,0.00,0.00,6085.35,0.00,6085.35,57495.90,7337.56,0,0,0,0.00,0,F1,30,,,,,
2026-08-20,2026-08-20,FO,NSE,IDO,58850,,BANKNIFTY,,2026-08-25,2026-08-25,49900.00,CE,BANKNIFTY26AUG49900CE,0.00,0.00,0.00,6333.25,0.00,6333.25,57495.90,7637.31,0,0,0,0.00,0,F1,30,,,,,
2026-08-20,2026-08-20,FO,NSE,IDO,58816,,BANKNIFTY,,2026-08-25,2026-08-25,49200.00,CE,BANKNIFTY26AUG49200CE,0.00,0.00,0.00,6926.65,0.00,6926.65,57495.90,8336.73,0,0,0,0.00,0,F1,30,,,,,
2026-08-20,2026-08-20,FO,NSE,IDO,58766,,BANKNIFTY,,2026-08-25,2026-08-25,48000.00,CE,BANKNIFTY26AUG48000CE,9842.65,9842.65,9750.00,9750.00,9750.00,9261.00,57495.90,9535.73,4080,-120,7,12141987.00,6,F1,30,,,,,
2026-08-20,2026-08-20,FO,NSE,IDO,76418,,BANKNIFTY,,2027-03-30,2027-03-30,60000.00,PE,BANKNIFTY27MAR60000PE,0.00,0.00,0.00,7507.95,0.00,7507.95,57495.90,3711.94,0,0,0,0.00,0,F1,30,,,,,
2026-08-20,2026-08-20,FO,NSE,IDO,76401,,BANKNIFTY,,2027-03-30,2027-03-30,58500.00,PE,BANKNIFTY27MAR58500PE,0.00,0.00,0.00,6512.10,0.00,6512.10,57495.90,2981.40,0,0,0,0.00,0,F1,30,,,,,
2026-08-20,2026-08-20,FO,NSE,IDO,76399,,BANKNIFTY,,2027-03-30,2027-03-30,57000.00,PE,BANKNIFTY27MAR57000PE,1000.00,1025.00,973.65,1011.75,1001.20,1080.00,57495.90,1011.75,1440,540,18,31315842.00,17,F1,30,,,,,
2026-08-20,2026-08-20,FO,NSE,IDO,53229,,BANKNIFTY,,2026-12-29,2026-12-29,57000.00,PE,BANKNIFTY26DEC57000PE,880.05,902.00,829.20,870.85,874.00,987.80,57495.90,870.85,46080,-30,186,322836604.50,143,F1,30,,,,,
2026-08-20,2026-08-20,FO,NSE,IDO,49654,,BANKNIFTY,,2026-10-27,2026-10-27,63300.00,PE,BANKNIFTY26OCT63300PE,0.00,0.00,0.00,6218.60,0.00,6218.60,57495.90,5510.39,0,0,0,0.00,0,F1,30,,,,,
2026-08-20,2026-08-20,FO,NSE,IDO,49616,,BANKNIFTY,,2026-10-27,2026-10-27,61800.00,PE,BANKNIFTY26OCT61800PE,0.00,0.00,0.00,5040.70,0.00,5040.70,57495.90,4317.67,0,0,0,0.00,0,F1,30,,,,,
2026-08-20,2026-08-20,FO,NSE,IDO,58862,,BANKNIFTY,,2026-08-25,2026-08-25,50300.00,CE,BANKNIFTY26AUG50300CE,0.00,0.00,0.00,6003.65,0.00,6003.65,57495.90,7237.64,0,0,0,0.00,0,F1,30,,,,,
2026-08-20,2026-08-20,FO,NSE,IDO,58918,,BANKNIFTY,,2026-08-25,2026-08-25,51900.00,CE,BANKNIFTY26AUG51900CE,0.00,0.00,0.00,4766.95,0.00,4766.95,57495.90,5638.97,0,0,0,0.00,0,F1,30,,,,,
2026-08-20,2026-08-20,FO,NSE,IDO,59000,,BANKNIFTY,,2026-08-25,2026-08-25,54800.00,CE,BANKNIFTY26AUG54800CE,0.00,0.00,0.00,3120.10,3120.10,3120.10,57495.90,2751.09,0,0,0,0.00,0,F1,30,,,,,
2026-08-20,2026-08-20,FO,NSE,IDO,59090,,BANKNIFTY,,2026-08-25,2026-08-25,57500.00,CE,BANKNIFTY26AUG57500CE,350.00,497.50,339.70,355.50,346.00,275.10,57495.90,355.50,960510,-150120,225004,390994569304.50,146828,F1,30,,,,,
2026-08-20,2026-08-20,FO,NSE,IDO,59108,,BANKNIFTY,,2026-08-25,2026-08-25,58000.00,CE,BANKNIFTY26AUG58000CE,160.00,214.70,126.00,132.90,128.60,114.00,57495.90,132.90,2314950,-141150,221280,386182830585.00,134337,F1,30,,,,,
2026-08-20,2026-08-20,FO,NSE,IDO,59119,,BANKNIFTY,,2026-08-25,2026-08-25,58300.00,CE,BANKNIFTY26AUG58300CE,86.55,110.35,58.00,62.85,64.25,63.30,57495.90,62.85,271830,36150,76117,133324022977.50,46181,F1,30,,,,,
2026-08-20,2026-08-20,FO,NSE,IDO,59167,,BANKNIFTY,,2026-08-25,2026-08-25,60000.00,CE,BANKNIFTY26AUG60000CE,7.45,8.05,4.25,4.50,4.40,7.35,57495.90,4.50,1689690,-373590,69776,125607908224.50,21463,F1,30,,,,,
2026-08-20,2026-08-20,FO,NSE,IDO,59221,,BANKNIFTY,,2026-08-25,2026-08-25,61000.00,CE,BANKNIFTY26AUG61000CE,3.80,4.05,2.30,2.75,2.75,4.10,57495.90,2.75,787800,-161730,31591,57814304044.50,9625,F1,30,,,,,
2026-08-20,2026-08-20,FO,NSE,IDO,52282,,BANKNIFTY,,2026-09-29,2026-09-29,51000.00,CE,BANKNIFTY26SEP51000CE,7006.00,7027.05,6967.85,6967.85,6967.85,6616.60,57495.90,6901.14,2220,270,9,15658284.00,8,F1,30,,,,,
2026-08-20,2026-08-20,FO,NSE,IDO,69666,,BANKNIFTY,,2026-09-29,2026-09-29,52000.00,CE,BANKNIFTY26SEP52000CE,5849.65,6074.95,5849.65,5972.60,5972.60,5671.45,57495.90,5951.99,5580,2130,72,125355652.50,36,F1,30,,,,,
2026-08-20,2026-08-20,FO,NSE,IDO,69680,,BANKNIFTY,,2026-09-29,2026-09-29,52800.00,CE,BANKNIFTY26SEP52800CE,0.00,0.00,0.00,6074.55,0.00,6074.55,57495.90,5216.01,0,0,0,0.00,0,F1,30,,,,,
2026-08-20,2026-08-20,FO,NSE,IDO,69690,,BANKNIFTY,,2026-09-29,2026-09-29,53300.00,CE,BANKNIFTY26SEP53300CE,0.00,0.00,0.00,5678.00,0.00,5678.00,57495.90,4770.27,0,0,0,0.00,0,F1,30,,,,,
2026-08-20,2026-08-20,FO,NSE,IDO,69767,,BANKNIFTY,,2026-09-29,2026-09-29,55000.00,CE,BANKNIFTY26SEP55000CE,3066.55,3202.80,3030.00,3040.95,3032.25,2835.15,57495.90,3040.95,35970,3030,253,441176863.50,171,F1,30,,,,,
2026-08-20,2026-08-20,FO,NSE,IDO,69775,,BANKNIFTY,,2026-09-29,2026-09-29,55300.00,CE,BANKNIFTY26SEP55300CE,0.00,0.00,0.00,4222.45,0.00,4222.45,57495.90,3144.70,0,0,0,0.00,0,F1,30,,,,,
2026-08-20,2026-08-20,FO,NSE,IDO,69783,,BANKNIFTY,,2026-09-29,2026-09-29,55800.00,CE,BANKNIFTY26SEP55800CE,2505.90,2509.60,2474.75,2474.80,2474.80,3895.05,57495.90,2783.95,210,210,7,12242482.50,5,F1,30,,,,,
2026-08-20,2026-08-20,FO,NSE,IDO,52334,,BANKNIFTY,,2026-09-29,2026-09-29,57000.00,CE,BANKNIFTY26SEP57000CE,1399.95,1546.60,1398.00,1410.15,1401.40,1269.40,57495.90,1410.15,108870,-6000,3188,5591946475.50,2240,F1,30,,,,,
2026-08-20,2026-08-20,FO,NSE,IDO,69832,,BANKNIFTY,,2026-09-29,2026-09-29,57900.00,CE,BANKNIFTY26SEP57900CE,861.80,949.95,845.55,855.30,849.65,758.85,57495.90,855.30,14790,2280,642,1132720401.00,482,F1,30,,,,,
2026-08-20,2026-08-20,FO,NSE,IDO,69853,,BANKNIFTY,,2026-09-29,2026-09-29,58600.00,CE,BANKNIFTY26SEP58600CE,549.95,601.90,522.00,526.90,524.00,467.10,57495.90,526.90,14730,3930,299,530730430.50,226,F1,30,,,,,
2026-08-20,2026-08-20,FO,NSE,IDO,70011,,BANKNIFTY,,2026-09-29,2026-09-29,60100.00,CE,BANKNIFTY26SEP60100CE,0.00,0.00,0.00,1730.30,0.00,1730.30,57495.90,715.06,0,0,0,0.00,0,F1,30,,,,,
2026-08-20,2026-08-20,FO,NSE,IDO,53241,,BANKNIFTY,,2026-12-29,2026-12-29,60000.00,PE,BANKNIFTY26DEC60000PE,2100.00,2155.10,2000.05,2115.15,2125.80,2307.15,57495.90,2115.15,20310,-1170,258,480314464.50,236,F1,30,,,,,
2026-08-20,2026-08-20,FO,NSE,IDO,49600,,BANKNIFTY,,2026-10-27,2026-10-27,61200.00,PE,BANKNIFTY26OCT61200PE,0.00,0.00,0.00,4594.15,0.00,4594.15,57495.90,3870.23,0,0,0,0.00,0,F1,30,,,,,
2026-08-20,2026-08-20,FO,NSE,IDO,49594,,BANKNIFTY,,2026-10-27,2026-10-27,60900.00,PE,BANKNIFTY26OCT60900PE,0.00,0.00,0.00,4379.15,0.00,4379.15,57495.90,3656.15,0,0,0,0.00,0,F1,30,,,,,
2026-08-20,2026-08-20,FO,NSE,IDO,49538,,BANKNIFTY,,2026-10-27,2026-10-27,58600.00,PE,BANKNIFTY26OCT58600PE,0.00,0.00,0.00,2897.05,0.00,2897.05,57495.90,2217.33,0,0,0,0.00,0,F1,30,,,,,
2026-08-20,2026-08-20,FO,NSE,IDO,49512,,BANKNIFTY,,2026-10-27,2026-10-27,57700.00,PE,BANKNIFTY26OCT57700PE,0.00,0.00,0.00,1082.40,1082.40,1082.40,57495.90,1761.07,540,0,0,0.00,0,F1,30,,,,,
2026-08-20,2026-08-20,FO,NSE,IDO,49486,,BANKNIFTY,,2026-10-27,2026-10-27,56600.00,PE,BANKNIFTY26OCT56600PE,0.00,0.00,0.00,1874.55,0.00,1874.55,57495.90,1288.59,0,0,0,0.00,0,F1,30,,,,,
2026-08-20,2026-08-20,FO,NSE,IDO,49420,,BANKNIFTY,,2026-10-27,2026-10-27,54200.00,PE,BANKNIFTY26OCT54200PE,0.00,0.00,0.00,991.55,0.00,991.55,57495.90,570.74,0,0,0,0.00,0,F1,30,,,,,
2026-08-20,2026-08-20,FO,NSE,IDO,49416,,BANKNIFTY,,2026-10-27,2026-10-27,54000.00,PE,BANKNIFTY26OCT54000PE,0.00,0.00,0.00,936.70,0.00,936.70,57495.90,528.37,0,0,0,0.00,0,F1,30,,,,,
2026-08-20,2026-08-20,FO,NSE,IDO,49376,,BANKNIFTY,,2026-10-27,2026-10-27,52400.00,PE,BANKNIFTY26OCT52400PE,0.00,0.00,0.00,559.00,0.00,559.00,57495.90,269.02,0,0,0,0.00,0,F1,30,,,,,
2026-08-20,2026-08-20,FO,NSE,IDO,70120,,BANKNIFTY,,2026-09-29,2026-09-29,64200.00,PE,BANKNIFTY26SEP64200PE,0.00,0.00,0.00,6327.50,0.00,6327.50,57495.90,6355.67,0,0,0,0.00,0,F1,30,,,,,
2026-08-20,2026-08-20,FO,NSE,IDO,70085,,BANKNIFTY,,2026-09-29,2026-09-29,62400.00,PE,BANKNIFTY26SEP62400PE,0.00,0.00,0.00,4929.15,0.00,4929.15,57495.90,4727.36,0,0,0,0.00,0,F1,30,,,,,
2026-08-20,2026-08-20,FO,NSE,IDO,70083,,BANKNIFTY,,2026-09-29,2026-09-29,62300.00,PE,BANKNIFTY26SEP62300PE,0.00,0.00,0.00,4853.00,0.00,4853.00,57495.90,4640.83,0,0,0,0.00,0,F1,30,,,,,
2026-08-20,2026-08-20,FO,NSE,IDO,70018,,BANKNIFTY,,2026-09-29,2026-09-29,60400.00,PE,BANKNIFTY26SEP60400PE,0.00,0.00,0.00,3552.70,0.00,3552.70,57495.90,3108.46,0,0,0,0.00,0,F1,30,,,,,
2026-08-20,2026-08-20,FO,NSE,IDO,70014,,BANKNIFTY,,2026-09-29,2026-09-29,60200.00,PE,BANKNIFTY26SEP60200PE,0.00,0.00,0.00,3427.35,0.00,3427.35,57495.90,2961.98,0,0,0,0.00,0,F1,30,,,,,
2026-08-20,2026-08-20,FO,NSE,IDO,69782,,BANKNIFTY,,2026-09-29,2026-09-29,55700.00,PE,BANKNIFTY26SEP55700PE,0.00,0.00,0.00,1108.15,1108.15,1108.15,57495.90,660.05,30,0,0,0.00,0,F1,30,,,,,
2026-08-20,2026-08-20,FO,NSE,IDO,69768,,BANKNIFTY,,2026-09-29,2026-09-29,55000.00,PE,BANKNIFTY26SEP55000PE,140.00,145.00,111.60,123.75,127.85,174.40,57495.90,123.75,334050,26040,7647,12645951171.00,3785,F1,30,,,,,
2026-08-20,2026-08-20,FO,NSE,IDO,69695,,BANKNIFTY,,2026-09-29,2026-09-29,53500.00,PE,BANKNIFTY26SEP53500PE,50.45,55.45,47.95,51.40,47.95,69.75,57495.90,51.40,57660,14910,1625,2610624565.50,744,F1,30,,,,,
2026-08-20,2026-08-20,FO,NSE,IDO,69663,,BANKNIFTY,,2026-09-29,2026-09-29,51800.00,PE,BANKNIFTY26SEP51800PE,0.00,0.00,0.00,364.20,0.00,364.20,57495.90,73.77,0,0,0,0.00,0,F1,30,,,,,
2026-08-20,2026-08-20,FO,NSE,IDO,59271,,BANKNIFTY,,2026-08-25,2026-08-25,62500.00,PE,BANKNIFTY26AUG62500PE,4725.00,4725.00,4725.00,4725.00,4725.00,5166.85,57495.90,4952.33,3060,-60,2,4033500.00,1,F1,30,,,,,
2026-08-20,2026-08-20,FO,NSE,IDO,59238,,BANKNIFTY,,2026-08-25,2026-08-25,61400.00,PE,BANKNIFTY26AUG61400PE,0.00,0.00,0.00,6041.20,0.00,6041.20,57495.90,3854.49,0,0,0,0.00,0,F1,30,,,,,
2026-08-20,2026-08-20,FO,NSE,IDO,59203,,BANKNIFTY,,2026-08-25,2026-08-25,60500.00,PE,BANKNIFTY26AUG60500PE,2850.00,2850.00,2674.35,2720.00,2720.00,3200.00,57495.90,2962.71,11010,-240,21,39864241.50,15,F1,30,,,,,
2026-08-20,2026-08-20,FO,NSE,IDO,59144,,BANKNIFTY,,2026-08-25,2026-08-25,58900.00,PE,BANKNIFTY26AUG58900PE,1255.50,1289.95,1001.95,1282.30,1288.35,1562.70,57495.90,1282.30,7560,-1140,366,659672101.50,272,F1,30,,,,,
2026-08-20,2026-08-20,FO,NSE,IDO,59118,,BANKNIFTY,,2026-08-25,2026-08-25,58200.00,PE,BANKNIFTY26AUG58200PE,700.10,700.15,491.80,644.40,650.00,926.40,57495.90,644.40,114960,-16350,11130,19619238988.50,8733,F1,30,,,,,
2026-08-20,2026-08-20,FO,NSE,IDO,59097,,BANKNIFTY,,2026-08-25,2026-08-25,57800.00,PE,BANKNIFTY26AUG57800PE,455.05,455.05,262.60,367.80,383.00,612.90,57495.90,367.80,228900,74160,85095,148346214378.00,62776,F1,30,,,,,
2026-08-20,2026-08-20,FO,NSE,IDO,59084,,BANKNIFTY,,2026-08-25,2026-08-25,57200.00,PE,BANKNIFTY26AUG57200PE,207.00,207.00,86.90,125.70,133.35,277.10,57495.90,125.70,289170,-35340,69476,119449721860.50,45307,F1,30,,,,,
2026-08-20,2026-08-20,FO,NSE,IDO,59080,,BANKNIFTY,,2026-08-25,2026-08-25,57000.00,PE,BANKNIFTY26AUG57000PE,140.00,141.95,59.65,86.05,90.30,202.70,57495.90,86.05,1471380,317160,171170,293095322476.50,81605,F1,30,,,,,
2026-08-20,2026-08-20,FO,NSE,IDO,59041,,BANKNIFTY,,2026-08-25,2026-08-25,56000.00,PE,BANKNIFTY26AUG56000PE,24.95,25.00,12.00,13.45,14.25,35.80,57495.90,13.45,879420,-129090,79854,134188454269.50,35463,F1,30,,,,,
2026-08-20,2026-08-20,FO,NSE,IDO,59037,,BANKNIFTY,,2026-08-25,2026-08-25,55900.00,PE,BANKNIFTY26AUG55900PE,22.20,22.20,10.55,11.50,12.10,29.90,57495.90,11.50,67080,-12750,19234,32262713169.00,9513,F1,30,,,,,
2026-08-20,2026-08-20,FO,NSE,IDO,58887,,BANKNIFTY,,2026-08-25,2026-08-25,51400.00,PE,BANKNIFTY26AUG51400PE,3.00,3.25,1.60,2.40,2.40,1.95,57495.90,0.00,1770,-60,28,43178227.50,14,F1,30,,,,,
2026-08-20,2026-08-20,FO,NSE,IDO,58869,,BANKNIFTY,,2026-08-25,2026-08-25,50500.00,PE,BANKNIFTY26AUG50500PE,1.20,5.00,1.15,1.65,1.55,1.70,57495.90,1.65,18480,-2220,202,306040530.00,134,F1,30,,,,,
2026-08-20,2026-08-20,FO,NSE,IDO,70786,,BANKNIFTY,,2027-06-29,2027-06-29,54000.00,CE,BANKNIFTY27JUN54000CE,0.00,0.00,0.00,8730.20,0.00,8730.20,57495.90,8066.93,0,0,0,0.00,0,F1,30,,,,,
2026-08-20,2026-08-20,FO,NSE,IDO,53246,,BANKNIFTY,,2026-12-29,2026-12-29,63000.00,CE,BANKNIFTY26DEC63000CE,400.00,425.25,371.50,385.10,385.00,367.85,57495.90,385.10,28800,1170,262,498395113.50,168,F1,30,,,,,
2026-08-20,2026-08-20,FO,NSE,IDO,53222,,BANKNIFTY,,2026-12-29,2026-12-29,52500.00,CE,BANKNIFTY26DEC52500CE,0.00,0.00,0.00,10279.15,0.00,10279.15,57495.90,6828.42,0,0,0,0.00,0,F1,30,,,,,
2026-08-20,2026-08-20,FO,NSE,IDO,49629,,BANKNIFTY,,2026-10-27,2026-10-27,62500.00,CE,BANKNIFTY26OCT62500CE,0.00,0.00,0.00,771.80,0.00,771.80,57495.90,612.07,0,0,0,0.00,0,F1,30,,,,,
2026-08-20,2026-08-20,FO,NSE,IDO,49550,,BANKNIFTY,,2026-10-27,2026-10-27,59200.00,CE,BANKNIFTY26OCT59200CE,0.00,0.00,0.00,1698.45,0.00,1698.45,57495.90,1568.87,0,0,0,0.00,0,F1,30,,,,,
2026-08-20,2026-08-20,FO,NSE,IDO,49547,,BANKNIFTY,,2026-10-27,2026-10-27,59100.00,CE,BANKNIFTY26OCT59100CE,0.00,0.00,0.00,1735.95,0.00,1735.95,57495.90,1609.33,0,0,0,0.00,0,F1,30,,,,,
2026-08-20,2026-08-20,FO,NSE,IDO,49533,,BANKNIFTY,,2026-10-27,2026-10-27,58600.00,CE,BANKNIFTY26OCT58600CE,0.00,0.00,0.00,1932.80,0.00,1932.80,57495.90,1822.88,0,0,0,0.00,0,F1,30,,,,,
2026-08-20,2026-08-20,FO,NSE,IDO,49493,,BANKNIFTY,,2026-10-27,2026-10-27,56900.00,CE,BANKNIFTY26OCT56900CE,0.00,0.00,0.00,2721.50,0.00,2721.50,57495.90,2693.12,0,0,0,0.00,0,F1,30,,,,,
2026-08-20,2026-08-20,FO,NSE,IDO,49473,,BANKNIFTY,,2026-10-27,2026-10-27,56300.00,CE,BANKNIFTY26OCT56300CE,0.00,0.00,0.00,3044.95,0.00,3044.95,57495.90,3053.63,0,0,0,0.00,0,F1,30,,,,,
2026-08-20,2026-08-20,FO,NSE,IDO,49467,,BANKNIFTY,,2026-10-27,2026-10-27,56000.00,CE,BANKNIFTY26OCT56000CE,2694.55,2772.50,2638.90,2663.35,2640.30,2464.00,57495.90,2663.35,3090,300,43,75721447.50,33,F1,30,,,,,
2026-08-20,2026-08-20,FO,NSE,IDO,49465,,BANKNIFTY,,2026-10-27,2026-10-27,55900.00,CE,BANKNIFTY26OCT55900CE,0.00,0.00,0.00,3273.80,0.00,3273.80,57495.90,3309.13,0,0,0,0.00,0,F1,30,,,,,
2026-08-20,2026-08-20,FO,NSE,IDO,49435,,BANKNIFTY,,2026-10-27,2026-10-27,54900.00,CE,BANKNIFTY26OCT54900CE,0.00,0.00,0.00,3891.30,0.00,3891.30,57495.90,4001.52,0,0,0,0.00,0,F1,30,,,,,
2026-08-20,2026-08-20,FO,NSE,IDO,49415,,BANKNIFTY,,2026-10-27,2026-10-27,54000.00,CE,BANKNIFTY26OCT54000CE,4500.00,4500.00,4495.00,4495.00,4495.00,4100.00,57495.90,4678.22,240,150,5,8774850.00,3,F1,30,,,,,
2026-08-20,2026-08-20,FO,NSE,IDO,49401,,BANKNIFTY,,2026-10-27,2026-10-27,53400.00,CE,BANKNIFTY26OCT53400CE,0.00,0.00,0.00,4935.25,0.00,4935.25,57495.90,5157.89,0,0,0,0.00,0,F1,30,,,,,
2026-08-20,2026-08-20,FO,NSE,IDO,49371,,BANKNIFTY,,2026-10-27,2026-10-27,52200.00,CE,BANKNIFTY26OCT52200CE,0.00,0.00,0.00,5861.05,0.00,5861.05,57495.90,6173.41,0,0,0,0.00,0,F1,30,,,,,
2026-08-20,2026-08-20,FO,NSE,IDO,70107,,BANKNIFTY,,2026-09-29,2026-09-29,63600.00,CE,BANKNIFTY26SEP63600CE,0.00,0.00,0.00,764.35,0.00,764.35,57495.90,150.08,0,0,0,0.00,0,F1,30,,,,,
2026-08-20,2026-08-20,FO,NSE,IDO,70013,,BANKNIFTY,,2026-09-29,2026-09-29,60200.00,CE,BANKNIFTY26SEP60200CE,0.00,0.00,0.00,1693.65,0.00,1693.65,57495.90,687.80,0,0,0,0.00,0,F1,30,,,,,
2026-08-20,2026-08-20,FO,NSE,IDO,69994,,BANKNIFTY,,2026-09-29,2026-09-29,59700.00,CE,BANKNIFTY26SEP59700CE,0.00,0.00,0.00,1882.85,0.00,1882.85,57495.90,832.50,0,0,0,0.00,0,F1,30,,,,,
2026-08-20,2026-08-20,FO,NSE,IDO,69797,,BANKNIFTY,,2026-09-29,2026-09-29,56300.00,CE,BANKNIFTY26SEP56300CE,0.00,0.00,0.00,3583.05,0.00,3583.05,57495.90,2449.13,0,0,0,0.00,0,F1,30,,,,,
2026-08-20,2026-08-20,FO,NSE,IDO,69787,,BANKNIFTY,,2026-09-29,2026-09-29,56000.00,CE,BANKNIFTY26SEP56000CE,2125.00,2325.00,2125.00,2168.80,2150.00,1986.95,57495.90,2168.80,32460,6990,528,922364452.50,351,F1,30,,,,,
2026-08-20,2026-08-20,FO,NSE,IDO,69779,,BANKNIFTY,,2026-09-29,2026-09-29,55600.00,CE,BANKNIFTY26SEP55600CE,0.00,0.00,0.00,4024.15,0.00,4024.15,57495.90,2924.42,0,0,0,0.00,0,F1,30,,,,,
2026-08-20,2026-08-20,FO,NSE,IDO,69769,,BANKNIFTY,,2026-09-29,2026-09-29,55100.00,CE,BANKNIFTY26SEP55100CE,0.00,0.00,0.00,4357.65,0.00,4357.65,57495.90,3291.85,0,0,0,0.00,0,F1,30,,,,,
2026-08-20,2026-08-20,FO,NSE,IDO,69761,,BANKNIFTY,,2026-09-29,2026-09-29,54700.00,CE,BANKNIFTY26SEP54700CE,0.00,0.00,0.00,4637.60,0.00,4637.60,57495.90,3600.35,0,0,0,0.00,0,F1,30,,,,,
2026-08-20,2026-08-20,FO,NSE,IDO,52286,,BANKNIFTY,,2026-09-29,2026-09-29,54000.00,CE,BANKNIFTY26SEP54000CE,3939.95,4151.05,3939.95,3979.40,3979.40,3745.50,57495.90,3979.40,40320,3120,232,404270118.00,179,F1,30,,,,,
2026-08-20,2026-08-20,FO,NSE,IDO,69678,,BANKNIFTY,,2026-09-29,2026-09-29,52700.00,CE,BANKNIFTY26SEP52700CE,0.00,0.00,0.00,6155.30,0.00,6155.30,57495.90,5306.59,0,0,0,0.00,0,F1,30,,,,,
2026-08-20,2026-08-20,FO,NSE,IDO,69664,,BANKNIFTY,,2026-09-29,2026-09-29,51900.00,CE,BANKNIFTY26SEP51900CE,0.00,0.00,0.00,6817.05,0.00,6817.05,57495.90,6045.63,0,0,0,0.00,0,F1,30,,,,,
2026-08-20,2026-08-20,FO,NSE,IDO,59386,,BANKNIFTY,,2026-08-25,2026-08-25,66000.00,CE,BANKNIFTY26AUG66000CE,0.80,0.85,0.45,0.55,0.60,0.75,57495.90,0.55,75990,-1200,3213,6361803702.00,2238,F1,30,,,,,
2026-08-20,2026-08-20,FO,NSE,IDO,59317,,BANKNIFTY,,2026-08-25,2026-08-25,64000.00,CE,BANKNIFTY26AUG64000CE,1.20,1.35,0.65,0.75,0.65,1.35,57495.90,0.75,64140,-1170,838,1608983250.00,385,F1,30,,,,,
2026-08-20,2026-08-20,FO,NSE,IDO,59286,,BANKNIFTY,,2026-08-25,2026-08-25,63000.00,CE,BANKNIFTY26AUG63000CE,2.10,2.45,1.25,1.60,2.00,2.15,57495.90,1.60,245880,-11730,2728,5156045520.00,804,F1,30,,,,,
2026-08-20,2026-08-20,FO,NSE,IDO,59248,,BANKNIFTY,,2026-08-25,2026-08-25,61700.00,CE,BANKNIFTY26AUG61700CE,2.20,2.35,1.45,1.65,2.00,3.10,57495.90,1.65,7410,-210,59,109212796.50,24,F1,30,,,,,
2026-08-20,2026-08-20,FO,NSE,IDO,59155,,BANKNIFTY,,2026-08-25,2026-08-25,59500.00,CE,BANKNIFTY26AUG59500CE,11.15,13.00,5.50,5.80,6.10,9.95,57495.90,5.80,441270,-24570,36609,65355313564.50,16394,F1,30,,,,,
2026-08-20,2026-08-20,FO,NSE,IDO,59141,,BANKNIFTY,,2026-08-25,2026-08-25,58900.00,CE,BANKNIFTY26AUG58900CE,24.15,33.10,12.00,13.40,14.00,20.40,57495.90,13.40,140190,38040,23548,41622986160.00,12389,F1,30,,,,,
2026-08-20,2026-08-20,FO,NSE,IDO,59088,,BANKNIFTY,,2026-08-25,2026-08-25,57400.00,CE,BANKNIFTY26AUG57400CE,424.80,570.60,391.05,419.45,405.00,321.75,57495.90,419.45,249660,-121710,56286,97743000331.50,38023,F1,30,,,,,
2026-08-20,2026-08-20,FO,NSE,IDO,59049,,BANKNIFTY,,2026-08-25,2026-08-25,56400.00,CE,BANKNIFTY26AUG56400CE,1255.00,1450.00,1240.15,1250.70,1242.85,1018.15,57495.90,1250.70,9390,-1230,323,559664371.50,247,F1,30,,,,,
2026-08-20,2026-08-20,FO,NSE,IDO,58984,,BANKNIFTY,,2026-08-25,2026-08-25,54300.00,CE,BANKNIFTY26AUG54300CE,0.00,0.00,0.00,3100.00,3100.00,3100.00,57495.90,3244.13,30,0,0,0.00,0,F1,30,,,,,
2026-08-20,2026-08-20,FO,NSE,IDO,58978,,BANKNIFTY,,2026-08-25,2026-08-25,54000.00,CE,BANKNIFTY26AUG54000CE,3699.00,3826.80,3630.00,3633.60,3630.00,3362.80,57495.90,3633.60,25650,-1110,75,130016398.50,63,F1,30,,,,,
2026-08-20,2026-08-20,FO,NSE,IDO,52269,,BANKNIFTY,,2026-09-29,2026-09-29,45000.00,PE,BANKNIFTY26SEP45000PE,9.00,9.40,5.70,7.35,7.20,9.00,57495.90,7.35,128910,28290,1803,2434423267.50,350,F1,30,,,,,
2026-08-20,2026-08-20,FO,NSE,IDO,69697,,BANKNIFTY,,2026-09-29,2026-09-29,53600.00,PE,BANKNIFTY26SEP53600PE,0.00,0.00,0.00,680.90,0.00,680.90,57495.90,230.45,0,0,0,0.00,0,F1,30,,,,,
2026-08-20,2026-08-20,FO,NSE,IDO,69760,,BANKNIFTY,,2026-09-29,2026-09-29,54600.00,PE,BANKNIFTY26SEP54600PE,0.00,0.00,0.00,928.20,0.00,928.20,57495.90,393.62,0,0,0,0.00,0,F1,30,,,,,
2026-08-20,2026-08-20,FO,NSE,IDO,58754,,BANKNIFTY,,2026-08-25,2026-08-25,47500.00,CE,BANKNIFTY26AUG47500CE,10300.60,10300.60,10253.80,10253.80,10253.80,9750.85,57495.90,10035.32,120,0,2,3466632.00,2,F1,30,,,,,
2026-08-20,2026-08-20,FO,NSE,IDO,58808,,BANKNIFTY,,2026-08-25,2026-08-25,48800.00,CE,BANKNIFTY26AUG48800CE,0.00,0.00,0.00,7274.40,0.00,7274.40,57495.90,8736.39,0,0,0,0.00,0,F1,30,,,,,
2026-08-20,2026-08-20,FO,NSE,IDO,58814,,BANKNIFTY,,2026-08-25,2026-08-25,49100.00,CE,BANKNIFTY26AUG49100CE,0.00,0.00,0.00,7013.00,0.00,7013.00,57495.90,8436.64,0,0,0,0.00,0,F1,30,,,,,
2026-08-20,2026-08-20,FO,NSE,IDO,58872,,BANKNIFTY,,2026-08-25,2026-08-25,50700.00,CE,BANKNIFTY26AUG50700CE,0.00,0.00,0.00,5681.60,0.00,5681.60,57495.90,6837.97,0,0,0,0.00,0,F1,30,,,,,
2026-08-20,2026-08-20,FO,NSE,IDO,58906,,BANKNIFTY,,2026-08-25,2026-08-25,51500.00,CE,BANKNIFTY26AUG51500CE,0.00,0.00,0.00,5875.00,5875.00,5875.00,57495.90,6038.63,330,0,0,0.00,0,F1,30,,,,,
2026-08-20,2026-08-20,FO,NSE,IDO,58924,,BANKNIFTY,,2026-08-25,2026-08-25,52200.00,CE,BANKNIFTY26AUG52200CE,0.00,0.00,0.00,4900.00,4900.00,4900.00,57495.90,5339.22,30,0,0,0.00,0,F1,30,,,,,
2026-08-20,2026-08-20,FO,NSE,IDO,58980,,BANKNIFTY,,2026-08-25,2026-08-25,54100.00,CE,BANKNIFTY26AUG54100CE,0.00,0.00,0.00,3304.80,0.00,3304.80,57495.90,3442.74,0,0,0,0.00,0,F1,30,,,,,
2026-08-20,2026-08-20,FO,NSE,IDO,59002,,BANKNIFTY,,2026-08-25,2026-08-25,54900.00,CE,BANKNIFTY26AUG54900CE,0.00,0.00,0.00,2851.80,0.00,2851.80,57495.90,2653.42,0,0,0,0.00,0,F1,30,,,,,
2026-08-20,2026-08-20,FO,NSE,IDO,59006,,BANKNIFTY,,2026-08-25,2026-08-25,55100.00,CE,BANKNIFTY26AUG55100CE,0.00,0.00,0.00,2261.20,2260.00,2261.20,57495.90,2459.48,420,0,0,0.00,0,F1,30,,,,,
2026-08-20,2026-08-20,FO,NSE,IDO,59057,,BANKNIFTY,,2026-08-25,2026-08-25,56600.00,CE,BANKNIFTY26AUG56600CE,1053.15,1261.15,1053.15,1071.70,1060.35,852.95,57495.90,1071.70,9570,-1950,475,823105474.50,369,F1,30,,,,,
2026-08-20,2026-08-20,FO,NSE,IDO,59059,,BANKNIFTY,,2026-08-25,2026-08-25,56700.00,CE,BANKNIFTY26AUG56700CE,855.00,1170.10,855.00,978.25,968.75,767.45,57495.90,978.25,13620,-7590,1288,2232731506.50,827,F1,30,,,,,
2026-08-20,2026-08-20,FO,NSE,IDO,59061,,BANKNIFTY,,2026-08-25,2026-08-25,56800.00,CE,BANKNIFTY26AUG56800CE,872.10,1080.00,867.75,887.20,875.75,696.60,57495.90,887.20,38640,-5040,2066,3580122642.00,1558,F1,30,,,,,
2026-08-20,2026-08-20,FO,NSE,IDO,59086,,BANKNIFTY,,2026-08-25,2026-08-25,57300.00,CE,BANKNIFTY26AUG57300CE,450.00,646.00,449.65,485.30,477.00,370.95,57495.90,485.30,216930,-113550,40622,70507177414.50,28783,F1,30,,,,,
2026-08-20,2026-08-20,FO,NSE,IDO,59202,,BANKNIFTY,,2026-08-25,2026-08-25,60500.00,CE,BANKNIFTY26AUG60500CE,4.70,5.65,2.85,3.25,3.40,5.00,57495.90,3.25,364890,-128400,25220,45777033253.50,8793,F1,30,,,,,
2026-08-20,2026-08-20,FO,NSE,IDO,59204,,BANKNIFTY,,2026-08-25,2026-08-25,60600.00,CE,BANKNIFTY26AUG60600CE,4.30,4.40,2.80,3.05,3.15,4.95,57495.90,3.05,22860,-15900,1989,3616221897.00,1066,F1,30,,,,,
2026-08-20,2026-08-20,FO,NSE,IDO,59250,,BANKNIFTY,,2026-08-25,2026-08-25,61800.00,CE,BANKNIFTY26AUG61800CE,2.25,2.85,1.55,2.30,1.65,3.30,57495.90,2.30,4140,-180,134,248444644.50,55,F1,30,,,,,
2026-08-20,2026-08-20,FO,NSE,IDO,59272,,BANKNIFTY,,2026-08-25,2026-08-25,62600.00,CE,BANKNIFTY26AUG62600CE,1.60,1.90,1.15,1.25,1.35,2.20,57495.90,1.25,2970,-60,21,39438972.00,13,F1,30,,,,,
2026-08-20,2026-08-20,FO,NSE,IDO,59274,,BANKNIFTY,,2026-08-25,2026-08-25,62700.00,CE,BANKNIFTY26AUG62700CE,2.20,2.20,1.15,1.15,1.15,2.00,57495.90,1.15,5100,0,62,116625036.00,23,F1,30,,,,,
2026-08-20,2026-08-20,FO,NSE,IDO,59321,,BANKNIFTY,,2026-08-25,2026-08-25,64200.00,CE,BANKNIFTY26AUG64200CE,1.60,3.10,0.60,0.85,0.85,1.30,57495.90,0.00,12540,-30,25,48150853.50,24,F1,30,,,,,
2026-08-20,2026-08-20,FO,NSE,IDO,59350,,BANKNIFTY,,2026-08-25,2026-08-25,65500.00,CE,BANKNIFTY26AUG65500CE,0.85,0.85,0.50,0.55,0.50,0.80,57495.90,0.55,77340,0,734,1442324239.50,340,F1,30,,,,,
2026-08-20,2026-08-20,FO,NSE,IDO,69668,,BANKNIFTY,,2026-09-29,2026-09-29,52100.00,CE,BANKNIFTY26SEP52100CE,0.00,0.00,0.00,6649.05,0.00,6649.05,57495.90,5858.68,0,0,0,0.00,0,F1,30,,,,,
2026-08-20,2026-08-20,FO,NSE,IDO,69773,,BANKNIFTY,,2026-09-29,2026-09-29,55200.00,CE,BANKNIFTY26SEP55200CE,0.00,0.00,0.00,4289.75,0.00,4289.75,57495.90,3216.77,0,0,0,0.00,0,F1,30,,,,,
2026-08-20,2026-08-20,FO,NSE,IDO,69777,,BANKNIFTY,,2026-09-29,2026-09-29,55400.00,CE,BANKNIFTY26SEP55400CE,0.00,0.00,0.00,4155.75,0.00,4155.75,57495.90,3071.11,0,0,0,0.00,0,F1,30,,,,,
2026-08-20,2026-08-20,FO,NSE,IDO,69897,,BANKNIFTY,,2026-09-29,2026-09-29,59100.00,CE,BANKNIFTY26SEP59100CE,0.00,0.00,0.00,2129.85,0.00,2129.85,57495.90,1035.21,0,0,0,0.00,0,F1,30,,,,,
2026-08-20,2026-08-20,FO,NSE,IDO,70019,,BANKNIFTY,,2026-09-29,2026-09-29,60500.00,CE,BANKNIFTY26SEP60500CE,103.05,118.75,100.00,101.90,101.65,91.05,57495.90,101.90,111210,11700,2363,4296703506.00,1342,F1,30,,,,,
2026-08-20,2026-08-20,FO,NSE,IDO,70097,,BANKNIFTY,,2026-09-29,2026-09-29,63100.00,CE,BANKNIFTY26SEP63100CE,0.00,0.00,0.00,866.35,0.00,866.35,57495.90,192.51,0,0,0,0.00,0,F1,30,,,,,
2026-08-20,2026-08-20,FO,NSE,IDO,52426,,BANKNIFTY,,2026-09-29,2026-09-29,67500.00,CE,BANKNIFTY26SEP67500CE,2.50,9.95,2.50,4.40,4.15,1102.10,57495.90,4.40,5490,5490,267,540733119.00,89,F1,30,,,,,
2026-08-20,2026-08-20,FO,NSE,IDO,49365,,BANKNIFTY,,2026-10-27,2026-10-27,51900.00,CE,BANKNIFTY26OCT51900CE,0.00,0.00,0.00,6103.80,0.00,6103.80,57495.90,6437.41,0,0,0,0.00,0,F1,30,,,,,
2026-08-20,2026-08-20,FO,NSE,IDO,49367,,BANKNIFTY,,2026-10-27,2026-10-27,52000.00,CE,BANKNIFTY26OCT52000CE,0.00,0.00,0.00,6100.00,6100.00,6100.00,57495.90,6349.01,30,0,0,0.00,0,F1,30,,,,,
2026-08-20,2026-08-20,FO,NSE,IDO,49379,,BANKNIFTY,,2026-10-27,2026-10-27,52600.00,CE,BANKNIFTY26OCT52600CE,0.00,0.00,0.00,5544.15,0.00,5544.15,57495.90,5827.33,0,0,0,0.00,0,F1,30,,,,,
2026-08-20,2026-08-20,FO,NSE,IDO,49389,,BANKNIFTY,,2026-10-27,2026-10-27,53100.00,CE,BANKNIFTY26OCT53100CE,0.00,0.00,0.00,5159.60,0.00,5159.60,57495.90,5405.15,0,0,0,0.00,0,F1,30,,,,,
2026-08-20,2026-08-20,FO,NSE,IDO,49441,,BANKNIFTY,,2026-10-27,2026-10-27,55000.00,CE,BANKNIFTY26OCT55000CE,3600.00,3650.00,3600.00,3650.00,3650.00,3335.70,57495.90,3929.23,2250,90,16,28138498.50,12,F1,30,,,,,
2026-08-20,2026-08-20,FO,NSE,IDO,49448,,BANKNIFTY,,2026-10-27,2026-10-27,55300.00,CE,BANKNIFTY26OCT55300CE,0.00,0.00,0.00,3636.60,0.00,3636.60,57495.90,3714.42,0,0,0,0.00,0,F1,30,,,,,
2026-08-20,2026-08-20,FO,NSE,IDO,49539,,BANKNIFTY,,2026-10-27,2026-10-27,58700.00,CE,BANKNIFTY26OCT58700CE,0.00,0.00,0.00,1892.20,0.00,1892.20,57495.90,1778.66,0,0,0,0.00,0,F1,30,,,,,
2026-08-20,2026-08-20,FO,NSE,IDO,49554,,BANKNIFTY,,2026-10-27,2026-10-27,59300.00,CE,BANKNIFTY26OCT59300CE,0.00,0.00,0.00,1661.50,0.00,1661.50,57495.90,1529.14,0,0,0,0.00,0,F1,30,,,,,
2026-08-20,2026-08-20,FO,NSE,IDO,49569,,BANKNIFTY,,2026-10-27,2026-10-27,59900.00,CE,BANKNIFTY26OCT59900CE,0.00,0.00,0.00,1452.45,0.00,1452.45,57495.90,1306.04,0,0,0,0.00,0,F1,30,,,,,
2026-08-20,2026-08-20,FO,NSE,IDO,49607,,BANKNIFTY,,2026-10-27,2026-10-27,61500.00,CE,BANKNIFTY26OCT61500CE,0.00,0.00,0.00,995.60,0.00,995.60,57495.90,833.03,0,0,0,0.00,0,F1,30,,,,,
2026-08-20,2026-08-20,FO,NSE,IDO,49649,,BANKNIFTY,,2026-10-27,2026-10-27,63100.00,CE,BANKNIFTY26OCT63100CE,0.00,0.00,0.00,659.25,0.00,659.25,57495.90,504.93,0,0,0,0.00,0,F1,30,,,,,
2026-08-20,2026-08-20,FO,NSE,IDO,53224,,BANKNIFTY,,2026-12-29,2026-12-29,54000.00,CE,BANKNIFTY26DEC54000CE,0.00,0.00,0.00,9099.90,0.00,9099.90,57495.90,5691.72,0,0,0,0.00,0,F1,30,,,,,
2026-08-20,2026-08-20,FO,NSE,IDO,53240,,BANKNIFTY,,2026-12-29,2026-12-29,60000.00,CE,BANKNIFTY26DEC60000CE,1239.95,1342.40,1230.00,1238.40,1230.00,1161.20,57495.90,1238.40,38640,4920,348,639848898.00,272,F1,30,,,,,
2026-08-20,2026-08-20,FO,NSE,IDO,53248,,BANKNIFTY,,2026-12-29,2026-12-29,64500.00,CE,BANKNIFTY26DEC64500CE,0.00,0.00,0.00,3029.80,0.00,3029.80,57495.90,954.60,0,0,0,0.00,0,F1,30,,,,,
2026-08-20,2026-08-20,FO,NSE,IDO,76400,,BANKNIFTY,,2027-03-30,2027-03-30,58500.00,CE,BANKNIFTY27MAR58500CE,0.00,0.00,0.00,2367.80,0.00,2367.80,57495.90,4258.61,0,0,0,0.00,0,F1,30,,,,,
2026-08-20,2026-08-20,FO,NSE,IDO,76419,,BANKNIFTY,,2027-03-30,2027-03-30,61500.00,CE,BANKNIFTY27MAR61500CE,0.00,0.00,0.00,1629.75,0.00,1629.75,57495.90,2927.21,0,0,0,0.00,0,F1,30,,,,,
2026-08-20,2026-08-20,FO,NSE,IDO,58755,,BANKNIFTY,,2026-08-25,2026-08-25,47500.00,PE,BANKNIFTY26AUG47500PE,1.65,1.65,0.95,1.15,1.15,1.35,57495.90,0.00,13020,-60,64,91202574.00,24,F1,30,,,,,
2026-08-20,2026-08-20,FO,NSE,IDO,58809,,BANKNIFTY,,2026-08-25,2026-08-25,48800.00,PE,BANKNIFTY26AUG48800PE,2.20,2.45,2.05,2.05,2.05,1.45,57495.90,0.00,900,0,6,8784421.50,4,F1,30,,,,,
2026-08-20,2026-08-20,FO,NSE,IDO,58861,,BANKNIFTY,,2026-08-25,2026-08-25,50200.00,PE,BANKNIFTY26AUG50200PE,1.90,2.00,1.80,1.80,1.80,1.60,57495.90,0.00,1320,0,12,18072696.00,3,F1,30,,,,,
2026-08-20,2026-08-20,FO,NSE,IDO,58863,,BANKNIFTY,,2026-08-25,2026-08-25,50300.00,PE,BANKNIFTY26AUG50300PE,2.15,2.15,1.75,1.75,1.75,2.00,57495.90,0.00,1590,510,17,25653982.50,17,F1,30,,,,,
2026-08-20,2026-08-20,FO,NSE,IDO,58929,,BANKNIFTY,,2026-08-25,2026-08-25,52400.00,PE,BANKNIFTY26AUG52400PE,2.95,4.90,2.30,2.70,2.30,2.70,57495.90,2.70,5670,-150,66,103758994.50,22,F1,30,,,,,
2026-08-20,2026-08-20,FO,NSE,IDO,58949,,BANKNIFTY,,2026-08-25,2026-08-25,53200.00,PE,BANKNIFTY26AUG53200PE,3.25,4.30,2.30,3.10,2.30,3.15,57495.90,3.10,4530,-150,181,288895492.50,84,F1,30,,,,,
2026-08-20,2026-08-20,FO,NSE,IDO,58979,,BANKNIFTY,,2026-08-25,2026-08-25,54000.00,PE,BANKNIFTY26AUG54000PE,4.70,5.45,3.25,3.75,4.00,5.05,57495.90,3.75,431730,30210,18053,29248210203.00,6146,F1,30,,,,,
2026-08-20,2026-08-20,FO,NSE,IDO,59003,,BANKNIFTY,,2026-08-25,2026-08-25,54900.00,PE,BANKNIFTY26AUG54900PE,6.25,6.85,4.70,5.00,5.35,8.15,57495.90,5.00,47700,14670,3980,6555731112.00,2766,F1,30,,,,,
2026-08-20,2026-08-20,FO,NSE,IDO,59009,,BANKNIFTY,,2026-08-25,2026-08-25,55200.00,PE,BANKNIFTY26AUG55200PE,7.75,8.00,5.30,5.75,6.80,10.90,57495.90,5.75,120810,11520,9322,15439045065.00,5445,F1,30,,,,,
2026-08-20,2026-08-20,FO,NSE,IDO,59058,,BANKNIFTY,,2026-08-25,2026-08-25,56600.00,PE,BANKNIFTY26AUG56600PE,71.85,71.95,28.50,37.85,39.80,102.00,57495.90,37.85,328050,69660,40446,68720748994.50,21128,F1,30,,,,,
2026-08-20,2026-08-20,FO,NSE,IDO,59148,,BANKNIFTY,,2026-08-25,2026-08-25,59100.00,PE,BANKNIFTY26AUG59100PE,1470.85,1485.25,1292.30,1471.45,1477.60,1745.40,57495.90,1471.45,4800,-930,109,197657856.00,95,F1,30,,,,,
2026-08-20,2026-08-20,FO,NSE,IDO,53225,,BANKNIFTY,,2026-12-29,2026-12-29,54000.00,PE,BANKNIFTY26DEC54000PE,340.00,343.35,318.00,331.70,334.00,378.30,57495.90,331.70,20190,-1110,134,218395846.50,93,F1,30,,,,,
2026-08-20,2026-08-20,FO,NSE,IDO,53221,,BANKNIFTY,,2026-12-29,2026-12-29,51000.00,PE,BANKNIFTY26DEC51000PE,151.25,155.00,136.20,138.65,136.20,165.70,57495.90,138.65,2700,210,10,15342781.50,9,F1,30,,,,,
2026-08-20,2026-08-20,FO,NSE,IDO,49714,,BANKNIFTY,,2026-10-27,2026-10-27,65500.00,PE,BANKNIFTY26OCT65500PE,0.00,0.00,0.00,8096.85,0.00,8096.85,57495.90,7430.00,0,0,0,0.00,0,F1,30,,,,,
2026-08-20,2026-08-20,FO,NSE,IDO,49700,,BANKNIFTY,,2026-10-27,2026-10-27,65000.00,PE,BANKNIFTY26OCT65000PE,0.00,0.00,0.00,7657.20,0.00,7657.20,57495.90,6979.91,0,0,0,0.00,0,F1,30,,,,,
2026-08-20,2026-08-20,FO,NSE,IDO,49652,,BANKNIFTY,,2026-10-27,2026-10-27,63200.00,PE,BANKNIFTY26OCT63200PE,0.00,0.00,0.00,6137.05,0.00,6137.05,57495.90,5427.42,0,0,0,0.00,0,F1,30,,,,,
2026-08-20,2026-08-20,FO,NSE,IDO,49637,,BANKNIFTY,,2026-10-27,2026-10-27,62600.00,PE,BANKNIFTY26OCT62600PE,0.00,0.00,0.00,5656.20,0.00,5656.20,57495.90,4939.02,0,0,0,0.00,0,F1,30,,,,,
2026-08-20,2026-08-20,FO,NSE,IDO,49549,,BANKNIFTY,,2026-10-27,2026-10-27,59100.00,PE,BANKNIFTY26OCT59100PE,0.00,0.00,0.00,1664.20,1664.20,1664.20,57495.90,2497.72,150,0,0,0.00,0,F1,30,,,,,
2026-08-20,2026-08-20,FO,NSE,IDO,49450,,BANKNIFTY,,2026-10-27,2026-10-27,55300.00,PE,BANKNIFTY26OCT55300PE,0.00,0.00,0.00,1350.40,0.00,1350.40,57495.90,848.82,0,0,0,0.00,0,F1,30,,,,,
2026-08-20,2026-08-20,FO,NSE,IDO,49434,,BANKNIFTY,,2026-10-27,2026-10-27,54800.00,PE,BANKNIFTY26OCT54800PE,0.00,0.00,0.00,1177.90,0.00,1177.90,57495.90,714.95,0,0,0,0.00,0,F1,30,,,,,
2026-08-20,2026-08-20,FO,NSE,IDO,49380,,BANKNIFTY,,2026-10-27,2026-10-27,52600.00,PE,BANKNIFTY26OCT52600PE,0.00,0.00,0.00,598.55,0.00,598.55,57495.90,294.43,0,0,0,0.00,0,F1,30,,,,,
2026-08-20,2026-08-20,FO,NSE,IDO,70114,,BANKNIFTY,,2026-09-29,2026-09-29,63900.00,PE,BANKNIFTY26SEP63900PE,0.00,0.00,0.00,6084.95,0.00,6084.95,57495.90,6076.48,0,0,0,0.00,0,F1,30,,,,,
2026-08-20,2026-08-20,FO,NSE,IDO,69796,,BANKNIFTY,,2026-09-29,2026-09-29,56200.00,PE,BANKNIFTY26SEP56200PE,291.80,303.45,247.45,272.45,275.55,363.65,57495.90,272.45,11190,3450,347,587844400.50,269,F1,30,,,,,
2026-08-20,2026-08-20,FO,NSE,IDO,69794,,BANKNIFTY,,2026-09-29,2026-09-29,56100.00,PE,BANKNIFTY26SEP56100PE,0.00,0.00,0.00,868.95,867.05,868.95,57495.90,783.67,420,0,0,0.00,0,F1,30,,,,,
2026-08-20,2026-08-20,FO,NSE,IDO,69792,,BANKNIFTY,,2026-09-29,2026-09-29,56000.00,PE,BANKNIFTY26SEP56000PE,285.00,285.00,211.55,236.75,244.95,320.95,57495.90,236.75,318630,2070,7536,12713839096.50,4588,F1,30,,,,,
2026-08-20,2026-08-20,FO,NSE,IDO,69766,,BANKNIFTY,,2026-09-29,2026-09-29,54900.00,PE,BANKNIFTY26SEP54900PE,0.00,0.00,0.00,1010.25,0.00,1010.25,57495.90,456.53,0,0,0,0.00,0,F1,30,,,,,
2026-08-20,2026-08-20,FO,NSE,IDO,59205,,BANKNIFTY,,2026-08-25,2026-08-25,60600.00,PE,BANKNIFTY26AUG60600PE,0.00,0.00,0.00,3420.45,3420.45,3420.45,57495.90,3061.07,300,0,0,0.00,0,F1,30,,,,,
2026-08-20,2026-08-20,FO,NSE,IDO,59225,,BANKNIFTY,,2026-08-25,2026-08-25,61000.00,PE,BANKNIFTY26AUG61000PE,3350.00,3401.90,3161.00,3375.25,3380.00,3655.00,57495.90,3375.25,62880,-1500,364,701835444.00,198,F1,30,,,,,
2026-08-20,2026-08-20,FO,NSE,IDO,59279,,BANKNIFTY,,2026-08-25,2026-08-25,62700.00,PE,BANKNIFTY26AUG62700PE,0.00,0.00,0.00,7127.80,0.00,7127.80,57495.90,5152.12,0,0,0,0.00,0,F1,30,,,,,
2026-08-20,2026-08-20,FO,NSE,IDO,59303,,BANKNIFTY,,2026-08-25,2026-08-25,63600.00,PE,BANKNIFTY26AUG63600PE,0.00,0.00,0.00,7911.60,0.00,7911.60,57495.90,6051.33,0,0,0,0.00,0,F1,30,,,,,
2026-08-20,2026-08-20,FO,NSE,IDO,59331,,BANKNIFTY,,2026-08-25,2026-08-25,64500.00,PE,BANKNIFTY26AUG64500PE,0.00,0.00,0.00,8716.60,0.00,8716.60,57495.90,6950.58,0,0,0,0.00,0,F1,30,,,,,
2026-08-20,2026-08-20,FO,NSE,IDO,59387,,BANKNIFTY,,2026-08-25,2026-08-25,66000.00,PE,BANKNIFTY26AUG66000PE,8391.45,8391.45,8192.45,8379.75,8387.65,8620.05,57495.90,8379.75,17310,-840,78,173747356.50,40,F1,30,,,,,
2026-08-20,2026-08-20,FO,NSE,IDO,70154,,BANKNIFTY,,2026-09-29,2026-09-29,65000.00,CE,BANKNIFTY26SEP65000CE,8.20,9.75,5.80,6.05,6.40,7.45,57495.90,6.05,16560,11640,831,1620631527.00,318,F1,30,,,,,
2026-08-20,2026-08-20,FO,NSE,IDO,52420,,BANKNIFTY,,2026-09-29,2026-09-29,66000.00,CE,BANKNIFTY26SEP66000CE,5.95,7.50,5.05,5.50,5.05,6.75,57495.90,5.50,22770,990,142,281185422.00,64,F1,30,,,,,
2026-08-20,2026-08-20,FO,NSE,IDO,49300,,BANKNIFTY,,2026-10-27,2026-10-27,49500.00,CE,BANKNIFTY26OCT49500CE,0.00,0.00,0.00,8178.25,0.00,8178.25,57495.90,8654.00,0,0,0,0.00,0,F1,30,,,,,
2026-08-20,2026-08-20,FO,NSE,IDO,52283,,BANKNIFTY,,2026-09-29,2026-09-29,51000.00,PE,BANKNIFTY26SEP51000PE,25.00,28.75,22.55,25.20,25.00,28.15,57495.90,25.20,111360,30450,1467,2245652083.50,531,F1,30,,,,,
2026-08-20,2026-08-20,FO,NSE,IDO,52265,,BANKNIFTY,,2026-09-29,2026-09-29,43500.00,PE,BANKNIFTY26SEP43500PE,5.35,6.80,4.40,4.95,5.00,6.15,57495.90,4.95,111840,27720,1292,1686254980.50,196,F1,30,,,,,
2026-08-20,2026-08-20,FO,NSE,IDO,59289,,BANKNIFTY,,2026-08-25,2026-08-25,63100.00,PE,BANKNIFTY26AUG63100PE,0.00,0.00,0.00,7473.30,0.00,7473.30,57495.90,5551.76,0,0,0,0.00,0,F1,30,,,,,
2026-08-20,2026-08-20,FO,NSE,IDO,59285,,BANKNIFTY,,2026-08-25,2026-08-25,62900.00,PE,BANKNIFTY26AUG62900PE,0.00,0.00,0.00,7299.95,0.00,7299.95,57495.90,5351.94,0,0,0,0.00,0,F1,30,,,,,
2026-08-20,2026-08-20,FO,NSE,IDO,59213,,BANKNIFTY,,2026-08-25,2026-08-25,60700.00,PE,BANKNIFTY26AUG60700PE,0.00,0.00,0.00,2552.30,2552.30,2552.30,57495.90,3159.69,30,0,0,0.00,0,F1,30,,,,,
2026-08-20,2026-08-20,FO,NSE,IDO,59152,,BANKNIFTY,,2026-08-25,2026-08-25,59300.00,PE,BANKNIFTY26AUG59300PE,1672.80,1675.00,1479.00,1675.00,1675.00,1945.10,57495.90,1675.00,5910,-210,73,133272687.00,41,F1,30,,,,,
2026-08-20,2026-08-20,FO,NSE,IDO,70033,,BANKNIFTY,,2026-09-29,2026-09-29,61200.00,CE,BANKNIFTY26SEP61200CE,0.00,0.00,0.00,1358.35,0.00,1358.35,57495.90,458.38,0,0,0,0.00,0,F1,30,,,,,
2026-08-20,2026-08-20,FO,NSE,IDO,69671,,BANKNIFTY,,2026-09-29,2026-09-29,52200.00,PE,BANKNIFTY26SEP52200PE,0.00,0.00,0.00,422.10,0.00,422.10,57495.90,97.02,0,0,0,0.00,0,F1,30,,,,,
2026-08-20,2026-08-20,FO,NSE,IDO,69764,,BANKNIFTY,,2026-09-29,2026-09-29,54800.00,PE,BANKNIFTY26SEP54800PE,117.00,121.35,93.30,104.05,102.30,151.80,57495.90,104.05,16320,1800,495,815350281.00,299,F1,30,,,,,
2026-08-20,2026-08-20,FO,NSE,IDO,69784,,BANKNIFTY,,2026-09-29,2026-09-29,55800.00,PE,BANKNIFTY26SEP55800PE,0.00,0.00,0.00,747.05,747.05,747.05,57495.90,689.56,30,0,0,0.00,0,F1,30,,,,,
2026-08-20,2026-08-20,FO,NSE,IDO,69786,,BANKNIFTY,,2026-09-29,2026-09-29,55900.00,PE,BANKNIFTY26SEP55900PE,416.65,416.65,387.70,387.70,387.70,981.55,57495.90,719.99,720,150,6,10135260.00,3,F1,30,,,,,
2026-08-20,2026-08-20,FO,NSE,IDO,69816,,BANKNIFTY,,2026-09-29,2026-09-29,57200.00,PE,BANKNIFTY26SEP57200PE,541.00,577.00,471.60,525.00,538.75,668.60,57495.90,525.00,166320,87900,5738,9939133354.50,2990,F1,30,,,,,
2026-08-20,2026-08-20,FO,NSE,IDO,69825,,BANKNIFTY,,2026-09-29,2026-09-29,57600.00,PE,BANKNIFTY26SEP57600PE,710.05,717.35,600.00,664.95,678.80,829.15,57495.90,664.95,32010,15510,3374,5895551235.00,2452,F1,30,,,,,
2026-08-20,2026-08-20,FO,NSE,IDO,69900,,BANKNIFTY,,2026-09-29,2026-09-29,59200.00,PE,BANKNIFTY26SEP59200PE,0.00,0.00,0.00,1436.30,1436.30,1436.30,57495.90,2280.45,210,0,0,0.00,0,F1,30,,,,,
2026-08-20,2026-08-20,FO,NSE,IDO,70044,,BANKNIFTY,,2026-09-29,2026-09-29,61700.00,PE,BANKNIFTY26SEP61700PE,0.00,0.00,0.00,4421.90,0.00,4421.90,57495.90,4132.73,0,0,0,0.00,0,F1,30,,,,,
2026-08-20,2026-08-20,FO,NSE,IDO,70104,,BANKNIFTY,,2026-09-29,2026-09-29,63400.00,PE,BANKNIFTY26SEP63400PE,0.00,0.00,0.00,5688.50,0.00,5688.50,57495.90,5617.30,0,0,0,0.00,0,F1,30,,,,,
2026-08-20,2026-08-20,FO,NSE,IDO,70106,,BANKNIFTY,,2026-09-29,2026-09-29,63500.00,PE,BANKNIFTY26SEP63500PE,0.00,0.00,0.00,5767.00,0.00,5767.00,57495.90,5708.46,0,0,0,0.00,0,F1,30,,,,,
2026-08-20,2026-08-20,FO,NSE,IDO,70112,,BANKNIFTY,,2026-09-29,2026-09-29,63800.00,PE,BANKNIFTY26SEP63800PE,0.00,0.00,0.00,6004.90,0.00,6004.90,57495.90,5983.99,0,0,0,0.00,0,F1,30,,,,,
2026-08-20,2026-08-20,FO,NSE,IDO,49311,,BANKNIFTY,,2026-10-27,2026-10-27,50000.00,PE,BANKNIFTY26OCT50000PE,50.30,51.70,40.00,48.65,45.95,50.30,57495.90,48.65,4860,1560,153,229709500.50,58,F1,30,,,,,
2026-08-20,2026-08-20,FO,NSE,IDO,49321,,BANKNIFTY,,2026-10-27,2026-10-27,50500.00,PE,BANKNIFTY26OCT50500PE,0.00,0.00,0.00,274.10,0.00,274.10,57495.90,104.02,0,0,0,0.00,0,F1,30,,,,,
2026-08-20,2026-08-20,FO,NSE,IDO,49368,,BANKNIFTY,,2026-10-27,2026-10-27,52000.00,PE,BANKNIFTY26OCT52000PE,0.00,0.00,0.00,485.80,0.00,485.80,57495.90,223.38,0,0,0,0.00,0,F1,30,,,,,
2026-08-20,2026-08-20,FO,NSE,IDO,49370,,BANKNIFTY,,2026-10-27,2026-10-27,52100.00,PE,BANKNIFTY26OCT52100PE,0.00,0.00,0.00,503.35,0.00,503.35,57495.90,234.16,0,0,0,0.00,0,F1,30,,,,,
2026-08-20,2026-08-20,FO,NSE,IDO,49412,,BANKNIFTY,,2026-10-27,2026-10-27,53800.00,PE,BANKNIFTY26OCT53800PE,0.00,0.00,0.00,882.10,0.00,882.10,57495.90,488.39,0,0,0,0.00,0,F1,30,,,,,
2026-08-20,2026-08-20,FO,NSE,IDO,49418,,BANKNIFTY,,2026-10-27,2026-10-27,54100.00,PE,BANKNIFTY26OCT54100PE,0.00,0.00,0.00,962.60,0.00,962.60,57495.90,549.25,0,0,0,0.00,0,F1,30,,,,,
2026-08-20,2026-08-20,FO,NSE,IDO,59087,,BANKNIFTY,,2026-08-25,2026-08-25,57300.00,PE,BANKNIFTY26AUG57300PE,210.70,210.70,104.95,151.80,160.05,321.85,57495.90,151.80,235440,27030,72144,124302025812.00,50015,F1,30,,,,,
2026-08-20,2026-08-20,FO,NSE,IDO,58977,,BANKNIFTY,,2026-08-25,2026-08-25,53900.00,PE,BANKNIFTY26AUG53900PE,4.30,5.25,3.35,3.85,3.75,4.80,57495.90,3.85,7440,-690,302,488374887.00,162,F1,30,,,,,
2026-08-20,2026-08-20,FO,NSE,IDO,58963,,BANKNIFTY,,2026-08-25,2026-08-25,53600.00,PE,BANKNIFTY26AUG53600PE,4.20,13.15,2.35,3.15,3.20,4.30,57495.90,3.15,8820,-1980,646,1038853671.00,242,F1,30,,,,,
2026-08-20,2026-08-20,FO,NSE,IDO,58885,,BANKNIFTY,,2026-08-25,2026-08-25,51300.00,PE,BANKNIFTY26AUG51300PE,1.30,3.80,1.30,2.70,2.70,2.10,57495.90,0.00,1200,60,7,10773546.00,4,F1,30,,,,,
2026-08-20,2026-08-20,FO,NSE,IDO,58845,,BANKNIFTY,,2026-08-25,2026-08-25,49700.00,PE,BANKNIFTY26AUG49700PE,2.40,2.40,1.80,1.80,1.80,2.40,57495.90,0.00,1290,600,49,73062075.00,10,F1,30,,,,,
2026-08-20,2026-08-20,FO,NSE,IDO,58779,,BANKNIFTY,,2026-08-25,2026-08-25,48500.00,PE,BANKNIFTY26AUG48500PE,1.95,3.20,0.95,2.00,2.50,1.55,57495.90,2.00,11160,2310,323,469983208.50,147,F1,30,,,,,
2026-08-20,2026-08-20,FO,NSE,IDO,76429,,BANKNIFTY,,2027-03-30,2027-03-30,64500.00,CE,BANKNIFTY27MAR64500CE,0.00,0.00,0.00,1094.95,0.00,1094.95,57495.90,1937.49,0,0,0,0.00,0,F1,30,,,,,
2026-08-20,2026-08-20,FO,NSE,IDO,76398,,BANKNIFTY,,2027-03-30,2027-03-30,57000.00,CE,BANKNIFTY27MAR57000CE,0.00,0.00,0.00,2831.15,0.00,2831.15,57495.90,5062.20,0,0,0,0.00,0,F1,30,,,,,
2026-08-20,2026-08-20,FO,NSE,IDO,53250,,BANKNIFTY,,2026-12-29,2026-12-29,66000.00,CE,BANKNIFTY26DEC66000CE,0.00,0.00,0.00,2499.10,0.00,2499.10,57495.90,687.91,0,0,0,0.00,0,F1,30,,,,,
2026-08-20,2026-08-20,FO,NSE,IDO,53235,,BANKNIFTY,,2026-12-29,2026-12-29,58500.00,CE,BANKNIFTY26DEC58500CE,2000.00,2090.50,1969.50,1976.95,1974.40,1862.15,57495.90,1976.95,17940,1500,121,219713317.50,94,F1,30,,,,,
2026-08-20,2026-08-20,FO,NSE,IDO,53220,,BANKNIFTY,,2026-12-29,2026-12-29,51000.00,CE,BANKNIFTY26DEC51000CE,0.00,0.00,0.00,11516.25,0.00,11516.25,57495.90,8059.91,0,0,0,0.00,0,F1,30,,,,,
2026-08-20,2026-08-20,FO,NSE,IDO,49665,,BANKNIFTY,,2026-10-27,2026-10-27,63800.00,CE,BANKNIFTY26OCT63800CE,0.00,0.00,0.00,545.55,0.00,545.55,57495.90,400.07,0,0,0,0.00,0,F1,30,,,,,
2026-08-20,2026-08-20,FO,NSE,IDO,49657,,BANKNIFTY,,2026-10-27,2026-10-27,63500.00,CE,BANKNIFTY26OCT63500CE,0.00,0.00,0.00,592.10,0.00,592.10,57495.90,442.52,0,0,0,0.00,0,F1,30,,,,,
2026-08-20,2026-08-20,FO,NSE,IDO,58920,,BANKNIFTY,,2026-08-25,2026-08-25,52000.00,CE,BANKNIFTY26AUG52000CE,5800.00,5800.00,5715.00,5715.00,5715.00,5382.25,57495.90,5539.05,16500,-210,9,15591270.00,9,F1,30,,,,,
2026-08-20,2026-08-20,FO,NSE,IDO,58930,,BANKNIFTY,,2026-08-25,2026-08-25,52500.00,CE,BANKNIFTY26AUG52500CE,5300.00,5640.75,5293.25,5293.25,5293.25,4850.00,57495.90,5039.48,270,-60,5,8680020.00,3,F1,30,,,,,
2026-08-20,2026-08-20,FO,NSE,IDO,58955,,BANKNIFTY,,2026-08-25,2026-08-25,53300.00,CE,BANKNIFTY26AUG53300CE,0.00,0.00,0.00,3800.00,0.00,3800.00,57495.90,4240.35,0,0,0,0.00,0,F1,30,,,,,
2026-08-20,2026-08-20,FO,NSE,IDO,58962,,BANKNIFTY,,2026-08-25,2026-08-25,53600.00,CE,BANKNIFTY26AUG53600CE,4130.00,4130.00,4130.00,4130.00,4130.00,4284.45,57495.90,3940.90,90,-30,1,1731900.00,1,F1,30,,,,,
2026-08-20,2026-08-20,FO,NSE,IDO,59044,,BANKNIFTY,,2026-08-25,2026-08-25,56200.00,CE,BANKNIFTY26AUG56200CE,1431.75,1649.00,1428.45,1449.05,1428.45,1204.65,57495.90,1449.05,6840,-1590,282,488279095.50,169,F1,30,,,,,
2026-08-20,2026-08-20,FO,NSE,IDO,59092,,BANKNIFTY,,2026-08-25,2026-08-25,57600.00,CE,BANKNIFTY26AUG57600CE,330.00,430.90,284.75,298.85,292.95,233.85,57495.90,298.85,503430,113430,201071,349680261672.00,139821,F1,30,,,,,
2026-08-20,2026-08-20,FO,NSE,IDO,59126,,BANKNIFTY,,2026-08-25,2026-08-25,58500.00,CE,BANKNIFTY26AUG58500CE,61.70,76.40,33.65,37.05,36.15,41.90,57495.90,37.05,1086060,-33240,152247,267430991931.00,77424,F1,30,,,,,
2026-08-20,2026-08-20,FO,NSE,IDO,59183,,BANKNIFTY,,2026-08-25,2026-08-25,60300.00,CE,BANKNIFTY26AUG60300CE,5.10,5.15,3.00,3.70,3.50,5.75,57495.90,3.70,54720,10590,2158,3904078186.50,925,F1,30,,,,,
2026-08-20,2026-08-20,FO,NSE,IDO,59260,,BANKNIFTY,,2026-08-25,2026-08-25,62300.00,CE,BANKNIFTY26AUG62300CE,2.55,2.60,1.25,1.30,1.25,2.55,57495.90,1.30,7260,30,177,330823770.00,62,F1,30,,,,,
2026-08-20,2026-08-20,FO,NSE,IDO,59280,,BANKNIFTY,,2026-08-25,2026-08-25,62800.00,CE,BANKNIFTY26AUG62800CE,1.55,1.90,0.65,0.85,1.40,2.00,57495.90,0.85,4110,-210,95,178984054.50,16,F1,30,,,,,
2026-08-20,2026-08-20,FO,NSE,IDO,59290,,BANKNIFTY,,2026-08-25,2026-08-25,63200.00,CE,BANKNIFTY26AUG63200CE,1.65,1.65,1.35,1.35,1.35,2.35,57495.90,0.01,1440,0,11,20856535.50,3,F1,30,,,,,
2026-08-20,2026-08-20,FO,NSE,IDO,52272,,BANKNIFTY,,2026-09-29,2026-09-29,48000.00,CE,BANKNIFTY26SEP48000CE,8556.65,9981.10,8556.60,9825.00,9830.00,9550.00,57495.90,9825.00,2190,990,33,57199603.50,22,F1,30,,,,,
2026-08-20,2026-08-20,FO,NSE,IDO,49609,,BANKNIFTY,,2026-10-27,2026-10-27,61600.00,CE,BANKNIFTY26OCT61600CE,0.00,0.00,0.00,971.40,0.00,971.40,57495.90,808.77,0,0,0,0.00,0,F1,30,,,,,
2026-08-20,2026-08-20,FO,NSE,IDO,49593,,BANKNIFTY,,2026-10-27,2026-10-27,60900.00,CE,BANKNIFTY26OCT60900CE,0.00,0.00,0.00,1149.45,0.00,1149.45,57495.90,989.56,0,0,0,0.00,0,F1,30,,,,,
2026-08-20,2026-08-20,FO,NSE,IDO,49589,,BANKNIFTY,,2026-10-27,2026-10-27,60800.00,CE,BANKNIFTY26OCT60800CE,0.00,0.00,0.00,1177.30,0.00,1177.30,57495.90,1018.25,0,0,0,0.00,0,F1,30,,,,,
2026-08-20,2026-08-20,FO,NSE,IDO,49583,,BANKNIFTY,,2026-10-27,2026-10-27,60500.00,CE,BANKNIFTY26OCT60500CE,0.00,0.00,0.00,1264.10,0.00,1264.10,57495.90,1108.17,0,0,0,0.00,0,F1,30,,,,,
2026-08-20,2026-08-20,FO,NSE,IDO,49581,,BANKNIFTY,,2026-10-27,2026-10-27,60400.00,CE,BANKNIFTY26OCT60400CE,0.00,0.00,0.00,1294.10,0.00,1294.10,57495.90,1139.45,0,0,0,0.00,0,F1,30,,,,,
2026-08-20,2026-08-20,FO,NSE,IDO,49461,,BANKNIFTY,,2026-10-27,2026-10-27,55700.00,CE,BANKNIFTY26OCT55700CE,0.00,0.00,0.00,3392.10,0.00,3392.10,57495.90,3441.33,0,0,0,0.00,0,F1,30,,,,,
2026-08-20,2026-08-20,FO,NSE,IDO,49422,,BANKNIFTY,,2026-10-27,2026-10-27,54300.00,PE,BANKNIFTY26OCT54300PE,0.00,0.00,0.00,1021.05,0.00,1021.05,57495.90,592.84,0,0,0,0.00,0,F1,30,,,,,
2026-08-20,2026-08-20,FO,NSE,IDO,49445,,BANKNIFTY,,2026-10-27,2026-10-27,55100.00,PE,BANKNIFTY26OCT55100PE,0.00,0.00,0.00,1279.50,0.00,1279.50,57495.90,794.44,0,0,0,0.00,0,F1,30,,,,,
2026-08-20,2026-08-20,FO,NSE,IDO,49468,,BANKNIFTY,,2026-10-27,2026-10-27,56000.00,PE,BANKNIFTY26OCT56000PE,400.00,408.50,332.85,374.30,380.85,470.15,57495.90,374.30,9690,4590,309,522526618.50,194,F1,30,,,,,
2026-08-20,2026-08-20,FO,NSE,IDO,49470,,BANKNIFTY,,2026-10-27,2026-10-27,56100.00,PE,BANKNIFTY26OCT56100PE,0.00,0.00,0.00,1659.85,0.00,1659.85,57495.90,1104.61,0,0,0,0.00,0,F1,30,,,,,
2026-08-20,2026-08-20,FO,NSE,IDO,49490,,BANKNIFTY,,2026-10-27,2026-10-27,56700.00,PE,BANKNIFTY26OCT56700PE,0.00,0.00,0.00,1919.45,0.00,1919.45,57495.90,1327.67,0,0,0,0.00,0,F1,30,,,,,
2026-08-20,2026-08-20,FO,NSE,IDO,49494,,BANKNIFTY,,2026-10-27,2026-10-27,56900.00,PE,BANKNIFTY26OCT56900PE,0.00,0.00,0.00,2011.30,0.00,2011.30,57495.90,1408.15,0,0,0,0.00,0,F1,30,,,,,
2026-08-20,2026-08-20,FO,NSE,IDO,49570,,BANKNIFTY,,2026-10-27,2026-10-27,59900.00,PE,BANKNIFTY26OCT59900PE,0.00,0.00,0.00,2250.00,2250.00,2250.00,57495.90,2984.74,120,0,0,0.00,0,F1,30,,,,,
2026-08-20,2026-08-20,FO,NSE,IDO,49656,,BANKNIFTY,,2026-10-27,2026-10-27,63400.00,PE,BANKNIFTY26OCT63400PE,0.00,0.00,0.00,6300.50,0.00,6300.50,57495.90,5593.80,0,0,0,0.00,0,F1,30,,,,,
2026-08-20,2026-08-20,FO,NSE,IDO,76395,,BANKNIFTY,,2027-03-30,2027-03-30,54000.00,PE,BANKNIFTY27MAR54000PE,0.00,0.00,0.00,3928.75,0.00,3928.75,57495.90,1347.27,0,0,0,0.00,0,F1,30,,,,,
2026-08-20,2026-08-20,FO,NSE,IDO,76426,,BANKNIFTY,,2027-03-30,2027-03-30,63000.00,PE,BANKNIFTY27MAR63000PE,0.00,0.00,0.00,9669.30,0.00,9669.30,57495.90,5439.82,0,0,0,0.00,0,F1,30,,,,,
2026-08-20,2026-08-20,FO,NSE,IDO,70801,,BANKNIFTY,,2027-06-29,2027-06-29,63000.00,PE,BANKNIFTY27JUN63000PE,0.00,0.00,0.00,5804.40,0.00,5804.40,57495.90,5489.61,0,0,0,0.00,0,F1,30,,,,,
2026-08-20,2026-08-20,FO,NSE,IDO,49457,,BANKNIFTY,,2026-10-27,2026-10-27,55500.00,CE,BANKNIFTY26OCT55500CE,0.00,0.00,0.00,3400.00,3400.00,3400.00,57495.90,3576.44,0,0,0,0.00,0,F1,30,,,,,
2026-08-20,2026-08-20,FO,NSE,IDO,49405,,BANKNIFTY,,2026-10-27,2026-10-27,53600.00,CE,BANKNIFTY26OCT53600CE,0.00,0.00,0.00,4790.50,0.00,4790.50,57495.90,4995.74,0,0,0,0.00,0,F1,30,,,,,
2026-08-20,2026-08-20,FO,NSE,IDO,49385,,BANKNIFTY,,2026-10-27,2026-10-27,52900.00,CE,BANKNIFTY26OCT52900CE,0.00,0.00,0.00,5311.85,0.00,5311.85,57495.90,5572.56,0,0,0,0.00,0,F1,30,,,,,
2026-08-20,2026-08-20,FO,NSE,IDO,49381,,BANKNIFTY,,2026-10-27,2026-10-27,52700.00,CE,BANKNIFTY26OCT52700CE,0.00,0.00,0.00,5466.20,0.00,5466.20,57495.90,5741.93,0,0,0,0.00,0,F1,30,,,,,
2026-08-20,2026-08-20,FO,NSE,IDO,52280,,BANKNIFTY,,2026-09-29,2026-09-29,49500.00,CE,BANKNIFTY26SEP49500CE,0.00,0.00,0.00,8922.65,0.00,8922.65,57495.90,8361.17,0,0,0,0.00,0,F1,30,,,,,
2026-08-20,2026-08-20,FO,NSE,IDO,69660,,BANKNIFTY,,2026-09-29,2026-09-29,51700.00,CE,BANKNIFTY26SEP51700CE,0.00,0.00,0.00,6986.65,0.00,6986.65,57495.90,6233.86,0,0,0,0.00,0,F1,30,,,,,
2026-08-20,2026-08-20,FO,NSE,IDO,69698,,BANKNIFTY,,2026-09-29,2026-09-29,53700.00,CE,BANKNIFTY26SEP53700CE,0.00,0.00,0.00,5369.65,0.00,5369.65,57495.90,4423.24,0,0,0,0.00,0,F1,30,,,,,
2026-08-20,2026-08-20,FO,NSE,IDO,69702,,BANKNIFTY,,2026-09-29,2026-09-29,53900.00,CE,BANKNIFTY26SEP53900CE,0.00,0.00,0.00,5218.60,0.00,5218.60,57495.90,4253.29,0,0,0,0.00,0,F1,30,,,,,
2026-08-20,2026-08-20,FO,NSE,IDO,69781,,BANKNIFTY,,2026-09-29,2026-09-29,55700.00,CE,BANKNIFTY26SEP55700CE,0.00,0.00,0.00,3959.30,0.00,3959.30,57495.90,2853.73,0,0,0,0.00,0,F1,30,,,,,
2026-08-20,2026-08-20,FO,NSE,IDO,69824,,BANKNIFTY,,2026-09-29,2026-09-29,57600.00,CE,BANKNIFTY26SEP57600CE,1148.65,1148.75,1006.75,1021.15,1017.00,914.45,57495.90,1021.15,34260,13020,1709,3008775502.50,1288,F1,30,,,,,
2026-08-20,2026-08-20,FO,NSE,IDO,69838,,BANKNIFTY,,2026-09-29,2026-09-29,58000.00,CE,BANKNIFTY26SEP58000CE,761.00,898.65,761.00,799.15,799.30,712.85,57495.90,799.15,406620,39210,14877,26263767958.50,10230,F1,30,,,,,
2026-08-20,2026-08-20,FO,NSE,IDO,69870,,BANKNIFTY,,2026-09-29,2026-09-29,58800.00,CE,BANKNIFTY26SEP58800CE,465.00,522.30,447.40,451.70,448.00,400.50,57495.90,451.70,23880,2370,363,645599817.00,285,F1,30,,,,,
2026-08-20,2026-08-20,FO,NSE,IDO,69917,,BANKNIFTY,,2026-09-29,2026-09-29,59400.00,CE,BANKNIFTY26SEP59400CE,0.00,0.00,0.00,2003.60,0.00,2003.60,57495.90,929.75,0,0,0,0.00,0,F1,30,,,,,
2026-08-20,2026-08-20,FO,NSE,IDO,70025,,BANKNIFTY,,2026-09-29,2026-09-29,60800.00,CE,BANKNIFTY26SEP60800CE,0.00,0.00,0.00,1485.75,0.00,1485.75,57495.90,541.56,0,0,0,0.00,0,F1,30,,,,,
2026-08-20,2026-08-20,FO,NSE,IDO,70029,,BANKNIFTY,,2026-09-29,2026-09-29,61000.00,CE,BANKNIFTY26SEP61000CE,70.00,74.95,62.45,64.30,63.30,59.20,57495.90,64.30,181170,15150,4823,8836020597.00,2419,F1,30,,,,,
2026-08-20,2026-08-20,FO,NSE,IDO,70051,,BANKNIFTY,,2026-09-29,2026-09-29,62000.00,CE,BANKNIFTY26SEP62000CE,29.00,30.90,24.90,25.85,24.95,25.25,57495.90,25.85,166440,23340,4743,8826001396.50,2673,F1,30,,,,,
2026-08-20,2026-08-20,FO,NSE,IDO,49544,,BANKNIFTY,,2026-10-27,2026-10-27,58900.00,PE,BANKNIFTY26OCT58900PE,0.00,0.00,0.00,3072.60,0.00,3072.60,57495.90,2383.30,0,0,0,0.00,0,F1,30,,,,,
2026-08-20,2026-08-20,FO,NSE,IDO,49568,,BANKNIFTY,,2026-10-27,2026-10-27,59800.00,PE,BANKNIFTY26OCT59800PE,0.00,0.00,0.00,3632.10,0.00,3632.10,57495.90,2921.35,0,0,0,0.00,0,F1,30,,,,,
2026-08-20,2026-08-20,FO,NSE,IDO,49586,,BANKNIFTY,,2026-10-27,2026-10-27,60600.00,PE,BANKNIFTY26OCT60600PE,0.00,0.00,0.00,4168.85,0.00,4168.85,57495.90,3447.76,0,0,0,0.00,0,F1,30,,,,,
2026-08-20,2026-08-20,FO,NSE,IDO,70803,,BANKNIFTY,,2027-06-29,2027-06-29,64500.00,PE,BANKNIFTY27JUN64500PE,0.00,0.00,0.00,6674.35,0.00,6674.35,57495.90,6389.95,0,0,0,0.00,0,F1,30,,,,,
2026-08-20,2026-08-20,FO,NSE,IDO,58868,,BANKNIFTY,,2026-08-25,2026-08-25,50500.00,CE,BANKNIFTY26AUG50500CE,0.00,0.00,0.00,6930.00,6930.00,6930.00,57495.90,7037.80,150,0,0,0.00,0,F1,30,,,,,
2026-08-20,2026-08-20,FO,NSE,IDO,76393,,BANKNIFTY,,2027-03-30,2027-03-30,52500.00,PE,BANKNIFTY27MAR52500PE,0.00,0.00,0.00,3218.25,0.00,3218.25,57495.90,977.56,0,0,0,0.00,0,F1,30,,,,,
2026-08-20,2026-08-20,FO,NSE,IDO,53213,,BANKNIFTY,,2026-12-29,2026-12-29,45000.00,PE,BANKNIFTY26DEC45000PE,50.10,55.00,50.00,50.00,50.00,55.95,57495.90,29.10,31920,480,50,67576590.00,22,F1,30,,,,,
2026-08-20,2026-08-20,FO,NSE,IDO,49676,,BANKNIFTY,,2026-10-27,2026-10-27,63900.00,PE,BANKNIFTY26OCT63900PE,0.00,0.00,0.00,6715.40,0.00,6715.40,57495.90,6016.97,0,0,0,0.00,0,F1,30,,,,,
2026-08-20,2026-08-20,FO,NSE,IDO,49631,,BANKNIFTY,,2026-10-27,2026-10-27,62500.00,PE,BANKNIFTY26OCT62500PE,0.00,0.00,0.00,5577.50,0.00,5577.50,57495.90,4859.28,0,0,0,0.00,0,F1,30,,,,,
2026-08-20,2026-08-20,FO,NSE,IDO,58884,,BANKNIFTY,,2026-08-25,2026-08-25,51300.00,CE,BANKNIFTY26AUG51300CE,0.00,0.00,0.00,5213.60,0.00,5213.60,57495.90,6238.47,0,0,0,0.00,0,F1,30,,,,,
2026-08-20,2026-08-20,FO,NSE,IDO,58932,,BANKNIFTY,,2026-08-25,2026-08-25,52600.00,CE,BANKNIFTY26AUG52600CE,0.00,0.00,0.00,5215.35,5215.35,5215.35,57495.90,4939.57,0,0,0,0.00,0,F1,30,,,,,
2026-08-20,2026-08-20,FO,NSE,IDO,58988,,BANKNIFTY,,2026-08-25,2026-08-25,54400.00,CE,BANKNIFTY26AUG54400CE,0.00,0.00,0.00,2911.30,2911.30,2911.30,57495.90,3145.05,150,0,0,0.00,0,F1,30,,,,,
2026-08-20,2026-08-20,FO,NSE,IDO,59030,,BANKNIFTY,,2026-08-25,2026-08-25,55900.00,CE,BANKNIFTY26AUG55900CE,1773.35,1923.20,1746.70,1897.00,1897.00,1476.80,57495.90,1714.86,2640,600,25,43322734.50,23,F1,30,,,,,
2026-08-20,2026-08-20,FO,NSE,IDO,59111,,BANKNIFTY,,2026-08-25,2026-08-25,58100.00,CE,BANKNIFTY26AUG58100CE,125.20,174.20,98.65,105.15,104.60,93.60,57495.90,105.15,295290,-12000,61184,106899727830.00,41337,F1,30,,,,,
2026-08-20,2026-08-20,FO,NSE,IDO,59145,,BANKNIFTY,,2026-08-25,2026-08-25,59000.00,CE,BANKNIFTY26AUG59000CE,18.50,27.50,9.80,10.95,10.75,17.60,57495.90,10.95,1321590,-201870,91111,161309629078.50,36287,F1,30,,,,,
2026-08-20,2026-08-20,FO,NSE,IDO,59258,,BANKNIFTY,,2026-08-25,2026-08-25,62200.00,CE,BANKNIFTY26AUG62200CE,2.10,2.15,1.00,1.35,1.50,2.80,57495.90,1.35,2130,-90,57,106365172.50,17,F1,30,,,,,
2026-08-20,2026-08-20,FO,NSE,IDO,69658,,BANKNIFTY,,2026-09-29,2026-09-29,51600.00,CE,BANKNIFTY26SEP51600CE,0.00,0.00,0.00,7072.05,0.00,7072.05,57495.90,6328.42,0,0,0,0.00,0,F1,30,,,,,
2026-08-20,2026-08-20,FO,NSE,IDO,69672,,BANKNIFTY,,2026-09-29,2026-09-29,52300.00,CE,BANKNIFTY26SEP52300CE,0.00,0.00,0.00,6482.70,0.00,6482.70,57495.90,5673.11,0,0,0,0.00,0,F1,30,,,,,
2026-08-20,2026-08-20,FO,NSE,IDO,69806,,BANKNIFTY,,2026-09-29,2026-09-29,56700.00,CE,BANKNIFTY26SEP56700CE,1650.00,1756.00,1601.55,1611.65,1601.55,1493.80,57495.90,1611.65,9090,8550,337,590433828.00,152,F1,30,,,,,
2026-08-20,2026-08-20,FO,NSE,IDO,69828,,BANKNIFTY,,2026-09-29,2026-09-29,57800.00,CE,BANKNIFTY26SEP57800CE,900.00,1013.35,877.50,908.70,900.00,811.90,57495.90,908.70,29850,7530,1309,2307897718.50,1059,F1,30,,,,,
2026-08-20,2026-08-20,FO,NSE,IDO,69848,,BANKNIFTY,,2026-09-29,2026-09-29,58300.00,CE,BANKNIFTY26SEP58300CE,659.95,737.40,650.30,655.90,651.80,578.10,57495.90,655.90,15240,1020,191,338027989.50,165,F1,30,,,,,
2026-08-20,2026-08-20,FO,NSE,IDO,52358,,BANKNIFTY,,2026-09-29,2026-09-29,58500.00,CE,BANKNIFTY26SEP58500CE,599.85,646.05,556.00,566.00,560.00,503.55,57495.90,566.00,194580,-6630,6499,11524290036.00,4268,F1,30,,,,,
2026-08-20,2026-08-20,FO,NSE,IDO,69899,,BANKNIFTY,,2026-09-29,2026-09-29,59200.00,CE,BANKNIFTY26SEP59200CE,0.00,0.00,0.00,2087.15,0.00,2087.15,57495.90,999.12,0,0,0,0.00,0,F1,30,,,,,
2026-08-20,2026-08-20,FO,NSE,IDO,70004,,BANKNIFTY,,2026-09-29,2026-09-29,59900.00,CE,BANKNIFTY26SEP59900CE,0.00,0.00,0.00,1805.40,0.00,1805.40,57495.90,772.07,0,0,0,0.00,0,F1,30,,,,,
2026-08-20,2026-08-20,FO,NSE,IDO,70099,,BANKNIFTY,,2026-09-29,2026-09-29,63200.00,CE,BANKNIFTY26SEP63200CE,0.00,0.00,0.00,845.10,0.00,845.10,57495.90,183.29,0,0,0,0.00,0,F1,30,,,,,
2026-08-20,2026-08-20,FO,NSE,IDO,52412,,BANKNIFTY,,2026-09-29,2026-09-29,64500.00,CE,BANKNIFTY26SEP64500CE,0.00,0.00,0.00,1685.65,0.00,1685.65,57495.90,93.81,0,0,0,0.00,0,F1,30,,,,,
2026-08-20,2026-08-20,FO,NSE,IDO,52439,,BANKNIFTY,,2026-09-29,2026-09-29,69000.00,CE,BANKNIFTY26SEP69000CE,3.10,3.85,3.05,3.50,3.50,3.05,57495.90,3.50,3300,0,5,10350507.00,5,F1,30,,,,,
2026-08-20,2026-08-20,FO,NSE,IDO,49373,,BANKNIFTY,,2026-10-27,2026-10-27,52300.00,CE,BANKNIFTY26OCT52300CE,0.00,0.00,0.00,5781.10,0.00,5781.10,57495.90,6086.23,0,0,0,0.00,0,F1,30,,,,,
2026-08-20,2026-08-20,FO,NSE,IDO,49387,,BANKNIFTY,,2026-10-27,2026-10-27,53000.00,CE,BANKNIFTY26OCT53000CE,0.00,0.00,0.00,4850.00,4850.00,4850.00,57495.90,5488.61,60,0,0,0.00,0,F1,30,,,,,
2026-08-20,2026-08-20,FO,NSE,IDO,49443,,BANKNIFTY,,2026-10-27,2026-10-27,55100.00,CE,BANKNIFTY26OCT55100CE,0.00,0.00,0.00,3762.70,0.00,3762.70,57495.90,3857.62,0,0,0,0.00,0,F1,30,,,,,
2026-08-20,2026-08-20,FO,NSE,IDO,49501,,BANKNIFTY,,2026-10-27,2026-10-27,57300.00,CE,BANKNIFTY26OCT57300CE,1833.45,1833.45,1833.45,1833.45,1833.45,2519.05,57495.90,2468.20,60,60,2,3548007.00,1,F1,30,,,,,
2026-08-20,2026-08-20,FO,NSE,IDO,49541,,BANKNIFTY,,2026-10-27,2026-10-27,58800.00,CE,BANKNIFTY26OCT58800CE,0.00,0.00,0.00,1852.20,0.00,1852.20,57495.90,1735.20,0,0,0,0.00,0,F1,30,,,,,
2026-08-20,2026-08-20,FO,NSE,IDO,49601,,BANKNIFTY,,2026-10-27,2026-10-27,61300.00,CE,BANKNIFTY26OCT61300CE,0.00,0.00,0.00,1043.15,0.00,1043.15,57495.90,881.07,0,0,0,0.00,0,F1,30,,,,,
2026-08-20,2026-08-20,FO,NSE,IDO,49617,,BANKNIFTY,,2026-10-27,2026-10-27,61900.00,CE,BANKNIFTY26OCT61900CE,0.00,0.00,0.00,901.70,0.00,901.70,57495.90,739.43,0,0,0,0.00,0,F1,30,,,,,
2026-08-20,2026-08-20,FO,NSE,IDO,49619,,BANKNIFTY,,2026-10-27,2026-10-27,62000.00,CE,BANKNIFTY26OCT62000CE,0.00,0.00,0.00,879.40,0.00,879.40,57495.90,714.94,0,0,0,0.00,0,F1,30,,,,,
2026-08-20,2026-08-20,FO,NSE,IDO,49641,,BANKNIFTY,,2026-10-27,2026-10-27,62800.00,CE,BANKNIFTY26OCT62800CE,0.00,0.00,0.00,713.70,0.00,713.70,57495.90,556.38,0,0,0,0.00,0,F1,30,,,,,
2026-08-20,2026-08-20,FO,NSE,IDO,70761,,BANKNIFTY,,2027-06-29,2027-06-29,49500.00,CE,BANKNIFTY27JUN49500CE,0.00,0.00,0.00,11915.80,0.00,11915.80,57495.90,11369.43,0,0,0,0.00,0,F1,30,,,,,
2026-08-20,2026-08-20,FO,NSE,IDO,70802,,BANKNIFTY,,2027-06-29,2027-06-29,64500.00,CE,BANKNIFTY27JUN64500CE,0.00,0.00,0.00,3584.50,0.00,3584.50,57495.90,2903.63,0,0,0,0.00,0,F1,30,,,,,
2026-08-20,2026-08-20,FO,NSE,IDO,58703,,BANKNIFTY,,2026-08-25,2026-08-25,46000.00,PE,BANKNIFTY26AUG46000PE,0.45,0.45,0.30,0.35,0.35,0.45,57495.90,0.35,225750,-1230,2479,3421047909.00,1551,F1,30,,,,,
2026-08-20,2026-08-20,FO,NSE,IDO,58843,,BANKNIFTY,,2026-08-25,2026-08-25,49600.00,PE,BANKNIFTY26AUG49600PE,0.00,0.00,0.00,1.40,1.40,1.40,57495.90,0.00,1140,0,0,0.00,0,F1,30,,,,,
2026-08-20,2026-08-20,FO,NSE,IDO,58873,,BANKNIFTY,,2026-08-25,2026-08-25,50700.00,PE,BANKNIFTY26AUG50700PE,2.55,2.55,1.55,2.25,2.25,2.10,57495.90,0.00,630,-30,42,63884914.50,42,F1,30,,,,,
2026-08-20,2026-08-20,FO,NSE,IDO,58881,,BANKNIFTY,,2026-08-25,2026-08-25,51100.00,PE,BANKNIFTY26AUG51100PE,2.35,3.60,1.25,1.80,2.05,2.00,57495.90,1.80,3420,0,53,81252549.00,26,F1,30,,,,,
2026-08-20,2026-08-20,FO,NSE,IDO,58883,,BANKNIFTY,,2026-08-25,2026-08-25,51200.00,PE,BANKNIFTY26AUG51200PE,2.40,3.00,1.45,3.00,3.00,2.05,57495.90,3.00,12780,-420,73,112133043.00,48,F1,30,,,,,
2026-08-20,2026-08-20,FO,NSE,IDO,58919,,BANKNIFTY,,2026-08-25,2026-08-25,51900.00,PE,BANKNIFTY26AUG51900PE,2.40,3.90,1.80,2.20,2.55,2.20,57495.90,2.20,2580,-30,58,90310770.00,26,F1,30,,,,,
2026-08-20,2026-08-20,FO,NSE,IDO,58947,,BANKNIFTY,,2026-08-25,2026-08-25,53100.00,PE,BANKNIFTY26AUG53100PE,4.10,4.10,2.75,3.30,2.75,4.10,57495.90,3.30,4770,120,49,78062461.50,25,F1,30,,,,,
2026-08-20,2026-08-20,FO,NSE,IDO,58959,,BANKNIFTY,,2026-08-25,2026-08-25,53400.00,PE,BANKNIFTY26AUG53400PE,3.70,4.80,2.70,3.45,3.80,4.10,57495.90,3.45,5370,120,121,193856358.00,74,F1,30,,,,,
2026-08-20,2026-08-20,FO,NSE,IDO,49624,,BANKNIFTY,,2026-10-27,2026-10-27,62200.00,PE,BANKNIFTY26OCT62200PE,0.00,0.00,0.00,5343.90,0.00,5343.90,57495.90,4623.08,0,0,0,0.00,0,F1,30,,,,,
2026-08-20,2026-08-20,FO,NSE,IDO,49622,,BANKNIFTY,,2026-10-27,2026-10-27,62100.00,PE,BANKNIFTY26OCT62100PE,0.00,0.00,0.00,5266.95,0.00,5266.95,57495.90,4545.38,0,0,0,0.00,0,F1,30,,,,,
2026-08-20,2026-08-20,FO,NSE,IDO,49596,,BANKNIFTY,,2026-10-27,2026-10-27,61000.00,PE,BANKNIFTY26OCT61000PE,0.00,0.00,0.00,4450.30,0.00,4450.30,57495.90,3726.89,0,0,0,0.00,0,F1,30,,,,,
2026-08-20,2026-08-20,FO,NSE,IDO,49588,,BANKNIFTY,,2026-10-27,2026-10-27,60700.00,PE,BANKNIFTY26OCT60700PE,0.00,0.00,0.00,4238.45,0.00,4238.45,57495.90,3516.58,0,0,0,0.00,0,F1,30,,,,,
2026-08-20,2026-08-20,FO,NSE,IDO,59050,,BANKNIFTY,,2026-08-25,2026-08-25,56400.00,PE,BANKNIFTY26AUG56400PE,50.00,50.00,20.45,25.85,26.65,71.90,57495.90,25.85,176820,72720,25944,43916531401.50,14098,F1,30,,,,,
2026-08-20,2026-08-20,FO,NSE,IDO,59133,,BANKNIFTY,,2026-08-25,2026-08-25,58500.00,PE,BANKNIFTY26AUG58500PE,1010.00,1010.00,720.95,902.35,919.90,1192.90,57495.90,902.35,160740,-16080,6401,11389726875.00,4783,F1,30,,,,,
2026-08-20,2026-08-20,FO,NSE,IDO,59168,,BANKNIFTY,,2026-08-25,2026-08-25,60000.00,PE,BANKNIFTY26AUG60000PE,2435.15,2435.15,2169.00,2370.00,2395.45,2659.30,57495.90,2370.00,257490,-12420,2201,4111037725.50,1448,F1,30,,,,,
2026-08-20,2026-08-20,FO,NSE,IDO,59218,,BANKNIFTY,,2026-08-25,2026-08-25,60900.00,PE,BANKNIFTY26AUG60900PE,0.00,0.00,0.00,5640.00,0.00,5640.00,57495.90,3357.53,0,0,0,0.00,0,F1,30,,,,,
2026-08-20,2026-08-20,FO,NSE,IDO,59255,,BANKNIFTY,,2026-08-25,2026-08-25,62000.00,PE,BANKNIFTY26AUG62000PE,4360.35,4388.05,4195.00,4380.05,4388.05,4669.70,57495.90,4380.05,69600,-630,132,262313979.00,89,F1,30,,,,,
2026-08-20,2026-08-20,FO,NSE,IDO,59265,,BANKNIFTY,,2026-08-25,2026-08-25,62400.00,PE,BANKNIFTY26AUG62400PE,0.00,0.00,0.00,4481.80,4481.80,4481.80,57495.90,4852.44,0,0,0,0.00,0,F1,30,,,,,
2026-08-20,2026-08-20,FO,NSE,IDO,59341,,BANKNIFTY,,2026-08-25,2026-08-25,65000.00,PE,BANKNIFTY26AUG65000PE,7300.90,7412.65,7184.00,7385.00,7392.00,7667.00,57495.90,7385.00,61770,-4020,315,682747866.00,237,F1,30,,,,,
2026-08-20,2026-08-20,FO,NSE,IDO,59351,,BANKNIFTY,,2026-08-25,2026-08-25,65500.00,PE,BANKNIFTY26AUG65500PE,0.00,0.00,0.00,9631.45,0.00,9631.45,57495.90,7949.75,0,0,0,0.00,0,F1,30,,,,,
2026-08-20,2026-08-20,FO,NSE,IDO,69675,,BANKNIFTY,,2026-09-29,2026-09-29,52400.00,PE,BANKNIFTY26SEP52400PE,0.00,0.00,0.00,453.55,0.00,453.55,57495.90,110.76,0,0,0,0.00,0,F1,30,,,,,
2026-08-20,2026-08-20,FO,NSE,IDO,69677,,BANKNIFTY,,2026-09-29,2026-09-29,52600.00,PE,BANKNIFTY26SEP52600PE,0.00,0.00,0.00,486.75,0.00,486.75,57495.90,126.06,0,0,0,0.00,0,F1,30,,,,,
2026-08-20,2026-08-20,FO,NSE,IDO,69679,,BANKNIFTY,,2026-09-29,2026-09-29,52700.00,PE,BANKNIFTY26SEP52700PE,0.00,0.00,0.00,504.05,0.00,504.05,57495.90,134.33,0,0,0,0.00,0,F1,30,,,,,
2026-08-20,2026-08-20,FO,NSE,IDO,69756,,BANKNIFTY,,2026-09-29,2026-09-29,54500.00,PE,BANKNIFTY26SEP54500PE,0.00,0.00,0.00,901.30,0.00,901.30,57495.90,374.17,0,0,0,0.00,0,F1,30,,,,,
2026-08-20,2026-08-20,FO,NSE,IDO,69841,,BANKNIFTY,,2026-09-29,2026-09-29,58100.00,PE,BANKNIFTY26SEP58100PE,905.35,938.25,810.00,890.05,889.35,1079.35,57495.90,890.05,11970,3750,620,1096470975.00,385,F1,30,,,,,
2026-08-20,2026-08-20,FO,NSE,IDO,69849,,BANKNIFTY,,2026-09-29,2026-09-29,58300.00,PE,BANKNIFTY26SEP58300PE,1010.05,1038.15,902.30,995.05,998.85,1191.95,57495.90,995.05,12660,1770,233,414331018.50,191,F1,30,,,,,
2026-08-20,2026-08-20,FO,NSE,IDO,69851,,BANKNIFTY,,2026-09-29,2026-09-29,58400.00,PE,BANKNIFTY26SEP58400PE,1055.40,1091.65,965.00,1038.15,1038.15,1342.05,57495.90,1038.15,5250,-1170,165,294211435.50,115,F1,30,,,,,
2026-08-20,2026-08-20,FO,NSE,IDO,52359,,BANKNIFTY,,2026-09-29,2026-09-29,58500.00,PE,BANKNIFTY26SEP58500PE,1100.00,1147.95,998.55,1099.65,1115.00,1306.40,57495.90,1099.65,144750,29490,3263,5829391095.00,2152,F1,30,,,,,
2026-08-20,2026-08-20,FO,NSE,IDO,69873,,BANKNIFTY,,2026-09-29,2026-09-29,58900.00,PE,BANKNIFTY26SEP58900PE,0.00,0.00,0.00,1655.80,1655.80,1655.80,57495.90,2093.68,2130,0,0,0.00,0,F1,30,,,,,
2026-08-20,2026-08-20,FO,NSE,IDO,69896,,BANKNIFTY,,2026-09-29,2026-09-29,59000.00,PE,BANKNIFTY26SEP59000PE,1450.00,1450.00,1290.45,1402.55,1418.05,1639.05,57495.90,1402.55,163530,40830,2637,4774070889.00,1621,F1,30,,,,,
2026-08-20,2026-08-20,FO,NSE,IDO,69898,,BANKNIFTY,,2026-09-29,2026-09-29,59100.00,PE,BANKNIFTY26SEP59100PE,1400.00,1483.10,1389.85,1483.10,1483.10,1808.00,57495.90,2217.25,1200,-60,6,10894440.00,6,F1,30,,,,,
2026-08-20,2026-08-20,FO,NSE,IDO,70042,,BANKNIFTY,,2026-09-29,2026-09-29,61600.00,PE,BANKNIFTY26SEP61600PE,0.00,0.00,0.00,4351.85,0.00,4351.85,57495.90,4050.02,0,0,0,0.00,0,F1,30,,,,,
2026-08-20,2026-08-20,FO,NSE,IDO,52413,,BANKNIFTY,,2026-09-29,2026-09-29,64500.00,PE,BANKNIFTY26SEP64500PE,0.00,0.00,0.00,7730.90,0.00,7730.90,57495.90,6637.29,0,0,0,0.00,0,F1,30,,,,,
2026-08-20,2026-08-20,FO,NSE,IDO,70208,,BANKNIFTY,,2026-09-29,2026-09-29,65000.00,PE,BANKNIFTY26SEP65000PE,6900.00,7482.25,6797.55,6946.55,6966.30,7234.00,57495.90,6946.55,10140,4500,296,638302393.50,231,F1,30,,,,,
2026-08-20,2026-08-20,FO,NSE,IDO,49466,,BANKNIFTY,,2026-10-27,2026-10-27,55900.00,PE,BANKNIFTY26OCT55900PE,0.00,0.00,0.00,1578.60,0.00,1578.60,57495.90,1036.27,0,0,0,0.00,0,F1,30,,,,,
2026-08-20,2026-08-20,FO,NSE,IDO,49478,,BANKNIFTY,,2026-10-27,2026-10-27,56400.00,PE,BANKNIFTY26OCT56400PE,0.00,0.00,0.00,1786.70,0.00,1786.70,57495.90,1212.72,0,0,0,0.00,0,F1,30,,,,,
2026-08-20,2026-08-20,FO,NSE,IDO,49526,,BANKNIFTY,,2026-10-27,2026-10-27,58200.00,PE,BANKNIFTY26OCT58200PE,0.00,0.00,0.00,2671.80,0.00,2671.80,57495.90,2006.71,0,0,0,0.00,0,F1,30,,,,,
2026-08-20,2026-08-20,FO,NSE,IDO,69826,,BANKNIFTY,,2026-09-29,2026-09-29,57700.00,CE,BANKNIFTY26SEP57700CE,1054.90,1071.50,953.30,962.80,958.00,862.05,57495.90,962.80,26700,7770,1428,2515905952.50,1100,F1,30,,,,,
2026-08-20,2026-08-20,FO,NSE,IDO,69817,,BANKNIFTY,,2026-09-29,2026-09-29,57300.00,CE,BANKNIFTY26SEP57300CE,1190.70,1333.25,1190.15,1210.90,1204.60,1086.45,57495.90,1210.90,15000,-2190,575,1010052919.50,500,F1,30,,,,,
2026-08-20,2026-08-20,FO,NSE,IDO,69813,,BANKNIFTY,,2026-09-29,2026-09-29,57100.00,CE,BANKNIFTY26SEP57100CE,1349.95,1460.40,1323.25,1325.55,1325.55,1206.50,57495.90,1325.55,7650,-2100,231,405310269.00,201,F1,30,,,,,
2026-08-20,2026-08-20,FO,NSE,IDO,69684,,BANKNIFTY,,2026-09-29,2026-09-29,53000.00,CE,BANKNIFTY26SEP53000CE,5000.00,5100.00,4908.65,4932.90,4955.00,4666.05,57495.90,4932.90,13920,1350,77,134063167.50,63,F1,30,,,,,
2026-08-20,2026-08-20,FO,NSE,IDO,69674,,BANKNIFTY,,2026-09-29,2026-09-29,52400.00,CE,BANKNIFTY26SEP52400CE,0.00,0.00,0.00,6400.20,0.00,6400.20,57495.90,5580.87,0,0,0,0.00,0,F1,30,,,,,
2026-08-20,2026-08-20,FO,NSE,IDO,69591,,BANKNIFTY,,2026-09-29,2026-09-29,50500.00,CE,BANKNIFTY26SEP50500CE,0.00,0.00,0.00,7200.00,7200.00,7200.00,57495.90,7384.21,90,0,0,0.00,0,F1,30,,,,,
2026-08-20,2026-08-20,FO,NSE,IDO,59300,,BANKNIFTY,,2026-08-25,2026-08-25,63500.00,CE,BANKNIFTY26AUG63500CE,1.20,1.90,0.90,1.25,0.90,1.70,57495.90,1.25,19890,360,195,371482510.50,64,F1,30,,,,,
2026-08-20,2026-08-20,FO,NSE,IDO,59298,,BANKNIFTY,,2026-08-25,2026-08-25,63400.00,CE,BANKNIFTY26AUG63400CE,0.05,2.00,0.05,1.35,1.35,1.60,57495.90,0.01,3180,-60,74,140751160.50,17,F1,30,,,,,
2026-08-20,2026-08-20,FO,NSE,IDO,59256,,BANKNIFTY,,2026-08-25,2026-08-25,62100.00,CE,BANKNIFTY26AUG62100CE,2.30,2.35,1.35,1.50,1.35,3.00,57495.90,1.50,1200,-240,58,108057613.50,20,F1,30,,,,,
2026-08-20,2026-08-20,FO,NSE,IDO,59254,,BANKNIFTY,,2026-08-25,2026-08-25,62000.00,CE,BANKNIFTY26AUG62000CE,2.60,2.60,1.10,1.55,1.80,2.50,57495.90,1.55,380700,-56790,17631,32794492750.50,3769,F1,30,,,,,
2026-08-20,2026-08-20,FO,NSE,IDO,59252,,BANKNIFTY,,2026-08-25,2026-08-25,61900.00,CE,BANKNIFTY26AUG61900CE,2.15,3.05,1.60,1.85,1.60,2.30,57495.90,1.85,1680,270,273,506979550.50,80,F1,30,,,,,
2026-08-20,2026-08-20,FO,NSE,IDO,59246,,BANKNIFTY,,2026-08-25,2026-08-25,61600.00,CE,BANKNIFTY26AUG61600CE,2.20,2.90,1.35,1.65,1.80,3.20,57495.90,1.65,6060,-540,87,160781682.00,39,F1,30,,,,,
2026-08-20,2026-08-20,FO,NSE,IDO,59228,,BANKNIFTY,,2026-08-25,2026-08-25,61200.00,CE,BANKNIFTY26AUG61200CE,3.10,3.20,1.60,1.80,1.80,3.25,57495.90,1.80,57090,-3090,1337,2454821296.50,748,F1,30,,,,,
2026-08-20,2026-08-20,FO,NSE,IDO,69703,,BANKNIFTY,,2026-09-29,2026-09-29,53900.00,PE,BANKNIFTY26SEP53900PE,0.00,0.00,0.00,748.95,0.00,748.95,57495.90,272.46,0,0,0,0.00,0,F1,30,,,,,
2026-08-20,2026-08-20,FO,NSE,IDO,69772,,BANKNIFTY,,2026-09-29,2026-09-29,55100.00,PE,BANKNIFTY26SEP55100PE,0.00,0.00,0.00,1069.60,0.00,1069.60,57495.90,502.45,0,0,0,0.00,0,F1,30,,,,,
2026-08-20,2026-08-20,FO,NSE,IDO,69810,,BANKNIFTY,,2026-09-29,2026-09-29,56800.00,PE,BANKNIFTY26SEP56800PE,425.00,445.25,365.00,401.45,405.35,526.20,57495.90,401.45,12060,3750,484,830490030.00,352,F1,30,,,,,
2026-08-20,2026-08-20,FO,NSE,IDO,69814,,BANKNIFTY,,2026-09-29,2026-09-29,57100.00,PE,BANKNIFTY26SEP57100PE,555.00,555.00,442.05,492.35,497.65,627.60,57495.90,492.35,42720,20910,1700,2937634978.50,1308,F1,30,,,,,
2026-08-20,2026-08-20,FO,NSE,IDO,69854,,BANKNIFTY,,2026-09-29,2026-09-29,58600.00,PE,BANKNIFTY26SEP58600PE,1140.00,1175.10,1073.00,1155.20,1155.20,1367.45,57495.90,1155.20,3450,720,79,141513913.50,59,F1,30,,,,,
2026-08-20,2026-08-20,FO,NSE,IDO,59170,,BANKNIFTY,,2026-08-25,2026-08-25,60100.00,CE,BANKNIFTY26AUG60100CE,7.00,7.00,3.90,4.10,4.30,6.60,57495.90,4.10,48090,-6570,1647,2969772517.50,827,F1,30,,,,,
2026-08-20,2026-08-20,FO,NSE,IDO,59147,,BANKNIFTY,,2026-08-25,2026-08-25,59100.00,CE,BANKNIFTY26AUG59100CE,20.55,22.05,8.50,9.45,9.70,15.10,57495.90,9.45,100380,23070,12044,21358549953.00,6951,F1,30,,,,,
2026-08-20,2026-08-20,FO,NSE,IDO,59139,,BANKNIFTY,,2026-08-25,2026-08-25,58800.00,CE,BANKNIFTY26AUG58800CE,26.90,39.85,15.00,16.75,18.10,23.35,57495.90,16.75,190770,-39030,41544,73313296231.50,21727,F1,30,,,,,
2026-08-20,2026-08-20,FO,NSE,IDO,59081,,BANKNIFTY,,2026-08-25,2026-08-25,57100.00,CE,BANKNIFTY26AUG57100CE,510.00,810.00,510.00,635.55,616.90,487.15,57495.90,635.55,121680,-62280,12345,21405976381.50,8553,F1,30,,,,,
2026-08-20,2026-08-20,FO,NSE,IDO,59055,,BANKNIFTY,,2026-08-25,2026-08-25,56500.00,CE,BANKNIFTY26AUG56500CE,1099.95,1362.00,1099.95,1159.20,1146.95,932.80,57495.90,1159.20,128490,-4560,3214,5568059064.00,2163,F1,30,,,,,
2026-08-20,2026-08-20,FO,NSE,IDO,59042,,BANKNIFTY,,2026-08-25,2026-08-25,56100.00,CE,BANKNIFTY26AUG56100CE,1506.60,1728.80,1506.60,1623.10,1623.10,1295.30,57495.90,1540.77,10170,90,34,58908511.50,31,F1,30,,,,,
2026-08-20,2026-08-20,FO,NSE,IDO,58736,,BANKNIFTY,,2026-08-25,2026-08-25,47000.00,CE,BANKNIFTY26AUG47000CE,10800.00,10800.00,10641.55,10645.80,10641.55,10257.00,57495.90,10645.80,10110,-270,10,17320071.00,10,F1,30,,,,,
2026-08-20,2026-08-20,FO,NSE,IDO,69995,,BANKNIFTY,,2026-09-29,2026-09-29,59700.00,PE,BANKNIFTY26SEP59700PE,0.00,0.00,0.00,2101.00,2101.00,2101.00,57495.90,2610.25,30,0,0,0.00,0,F1,30,,,,,
2026-08-20,2026-08-20,FO,NSE,IDO,70020,,BANKNIFTY,,2026-09-29,2026-09-29,60500.00,PE,BANKNIFTY26SEP60500PE,2500.00,2586.30,2479.00,2580.50,2580.50,2866.05,57495.90,3185.54,1170,510,20,37833273.00,19,F1,30,,,,,
2026-08-20,2026-08-20,FO,NSE,IDO,70036,,BANKNIFTY,,2026-09-29,2026-09-29,61300.00,PE,BANKNIFTY26SEP61300PE,0.00,0.00,0.00,4144.70,0.00,4144.70,57495.90,3805.61,0,0,0,0.00,0,F1,30,,,,,
2026-08-20,2026-08-20,FO,NSE,IDO,70038,,BANKNIFTY,,2026-09-29,2026-09-29,61400.00,PE,BANKNIFTY26SEP61400PE,0.00,0.00,0.00,4213.25,0.00,4213.25,57495.90,3886.45,0,0,0,0.00,0,F1,30,,,,,
2026-08-20,2026-08-20,FO,NSE,IDO,70049,,BANKNIFTY,,2026-09-29,2026-09-29,61900.00,PE,BANKNIFTY26SEP61900PE,0.00,0.00,0.00,4563.60,0.00,4563.60,57495.90,4299.89,0,0,0,0.00,0,F1,30,,,,,
2026-08-20,2026-08-20,FO,NSE,IDO,52427,,BANKNIFTY,,2026-09-29,2026-09-29,67500.00,PE,BANKNIFTY26SEP67500PE,9000.00,9412.10,9000.00,9410.05,9407.95,9000.00,57495.90,9410.05,1950,1890,63,145092193.50,37,F1,30,,,,,
2026-08-20,2026-08-20,FO,NSE,IDO,49402,,BANKNIFTY,,2026-10-27,2026-10-27,53400.00,PE,BANKNIFTY26OCT53400PE,123.45,123.45,89.95,118.65,118.65,146.10,57495.90,415.31,5730,90,25,40135648.50,16,F1,30,,,,,
2026-08-20,2026-08-20,FO,NSE,IDO,49462,,BANKNIFTY,,2026-10-27,2026-10-27,55700.00,PE,BANKNIFTY26OCT55700PE,0.00,0.00,0.00,1499.95,0.00,1499.95,57495.90,970.89,0,0,0,0.00,0,F1,30,,,,,
2026-08-20,2026-08-20,FO,NSE,IDO,49472,,BANKNIFTY,,2026-10-27,2026-10-27,56200.00,PE,BANKNIFTY26OCT56200PE,0.00,0.00,0.00,1701.50,0.00,1701.50,57495.90,1139.89,0,0,0,0.00,0,F1,30,,,,,
2026-08-20,2026-08-20,FO,NSE,IDO,49498,,BANKNIFTY,,2026-10-27,2026-10-27,57100.00,PE,BANKNIFTY26OCT57100PE,0.00,0.00,0.00,2105.75,0.00,2105.75,57495.90,1491.71,0,0,0,0.00,0,F1,30,,,,,
2026-08-20,2026-08-20,FO,NSE,IDO,49516,,BANKNIFTY,,2026-10-27,2026-10-27,57800.00,PE,BANKNIFTY26OCT57800PE,0.00,0.00,0.00,2456.75,0.00,2456.75,57495.90,1808.69,0,0,0,0.00,0,F1,30,,,,,
2026-08-20,2026-08-20,FO,NSE,IDO,49592,,BANKNIFTY,,2026-10-27,2026-10-27,60800.00,PE,BANKNIFTY26OCT60800PE,0.00,0.00,0.00,4308.55,0.00,4308.55,57495.90,3586.05,0,0,0,0.00,0,F1,30,,,,,
2026-08-20,2026-08-20,FO,NSE,IDO,53245,,BANKNIFTY,,2026-12-29,2026-12-29,61500.00,PE,BANKNIFTY26DEC61500PE,0.00,0.00,0.00,3124.30,3124.30,3124.30,57495.90,4319.30,240,0,0,0.00,0,F1,30,,,,,
2026-08-20,2026-08-20,FO,NSE,IDO,53247,,BANKNIFTY,,2026-12-29,2026-12-29,63000.00,PE,BANKNIFTY26DEC63000PE,4068.55,4068.55,4013.65,4013.65,4013.65,3990.00,57495.90,5342.92,1260,30,6,12068970.00,3,F1,30,,,,,
2026-08-20,2026-08-20,FO,NSE,IDO,76424,,BANKNIFTY,,2027-03-30,2027-03-30,61500.00,PE,BANKNIFTY27MAR61500PE,0.00,0.00,0.00,8564.80,0.00,8564.80,57495.90,4533.00,0,0,0,0.00,0,F1,30,,,,,
2026-08-20,2026-08-20,FO,NSE,IDO,59099,,BANKNIFTY,,2026-08-25,2026-08-25,57900.00,PE,BANKNIFTY26AUG57900PE,500.00,500.00,310.15,429.20,451.50,685.95,57495.90,429.20,213960,43830,31146,54440419866.00,24457,F1,30,,,,,
2026-08-20,2026-08-20,FO,NSE,IDO,59093,,BANKNIFTY,,2026-08-25,2026-08-25,57600.00,PE,BANKNIFTY26AUG57600PE,399.35,399.35,184.10,262.65,273.55,482.15,57495.90,262.65,273240,105570,195555,339243496918.50,134757,F1,30,,,,,
2026-08-20,2026-08-20,FO,NSE,IDO,59091,,BANKNIFTY,,2026-08-25,2026-08-25,57500.00,PE,BANKNIFTY26AUG57500PE,376.85,376.90,153.75,220.65,232.00,422.35,57495.90,220.65,871260,247950,229350,396964050601.50,143083,F1,30,,,,,
2026-08-20,2026-08-20,FO,NSE,IDO,58931,,BANKNIFTY,,2026-08-25,2026-08-25,52500.00,PE,BANKNIFTY26AUG52500PE,3.50,6.65,2.60,2.90,2.75,3.65,57495.90,2.90,128100,6750,3054,4810358472.00,1430,F1,30,,,,,
2026-08-20,2026-08-20,FO,NSE,IDO,58927,,BANKNIFTY,,2026-08-25,2026-08-25,52300.00,PE,BANKNIFTY26AUG52300PE,2.70,4.90,2.70,3.00,3.00,2.75,57495.90,0.01,4410,210,42,65902782.00,14,F1,30,,,,,
2026-08-20,2026-08-20,FO,NSE,IDO,58923,,BANKNIFTY,,2026-08-25,2026-08-25,52100.00,PE,BANKNIFTY26AUG52100PE,0.00,0.00,0.00,2.65,2.80,2.65,57495.90,0.00,1530,0,0,0.00,0,F1,30,,,,,
2026-08-20,2026-08-20,FO,NSE,IDO,58859,,BANKNIFTY,,2026-08-25,2026-08-25,50100.00,PE,BANKNIFTY26AUG50100PE,1.50,1.95,1.10,1.25,1.50,1.85,57495.90,1.25,1380,-1140,68,102207094.50,10,F1,30,,,,,
2026-08-20,2026-08-20,FO,NSE,IDO,58811,,BANKNIFTY,,2026-08-25,2026-08-25,48900.00,PE,BANKNIFTY26AUG48900PE,2.10,3.90,1.45,1.80,2.50,1.40,57495.90,1.80,6690,390,79,115898488.50,33,F1,30,,,,,
2026-08-20,2026-08-20,FO,NSE,IDO,58805,,BANKNIFTY,,2026-08-25,2026-08-25,48700.00,PE,BANKNIFTY26AUG48700PE,2.00,2.00,1.60,1.60,1.60,1.70,57495.90,0.00,1050,0,7,10227360.00,2,F1,30,,,,,
2026-08-20,2026-08-20,FO,NSE,IDO,70765,,BANKNIFTY,,2027-06-29,2027-06-29,51000.00,CE,BANKNIFTY27JUN51000CE,0.00,0.00,0.00,10793.90,0.00,10793.90,57495.90,10204.47,0,0,0,0.00,0,F1,30,,,,,
2026-08-20,2026-08-20,FO,NSE,IDO,76425,,BANKNIFTY,,2027-03-30,2027-03-30,63000.00,CE,BANKNIFTY27MAR63000CE,1150.00,1200.00,1150.00,1160.00,1160.00,1120.00,57495.90,2392.52,3870,420,18,34655581.50,16,F1,30,,,,,
2026-08-20,2026-08-20,FO,NSE,IDO,76402,,BANKNIFTY,,2027-03-30,2027-03-30,60000.00,CE,BANKNIFTY27MAR60000CE,0.00,0.00,0.00,1968.25,0.00,1968.25,57495.90,3547.65,0,0,0,0.00,0,F1,30,,,,,
2026-08-20,2026-08-20,FO,NSE,IDO,53218,,BANKNIFTY,,2026-12-29,2026-12-29,49500.00,CE,BANKNIFTY26DEC49500CE,0.00,0.00,0.00,12801.50,0.00,12801.50,57495.90,9366.83,0,0,0,0.00,0,F1,30,,,,,
2026-08-20,2026-08-20,FO,NSE,IDO,49697,,BANKNIFTY,,2026-10-27,2026-10-27,65000.00,CE,BANKNIFTY26OCT65000CE,0.00,0.00,0.00,389.05,0.00,389.05,57495.90,262.97,0,0,0,0.00,0,F1,30,,,,,
2026-08-20,2026-08-20,FO,NSE,IDO,49651,,BANKNIFTY,,2026-10-27,2026-10-27,63200.00,CE,BANKNIFTY26OCT63200CE,0.00,0.00,0.00,641.90,0.00,641.90,57495.90,488.68,0,0,0,0.00,0,F1,30,,,,,
2026-08-20,2026-08-20,FO,NSE,IDO,49647,,BANKNIFTY,,2026-10-27,2026-10-27,63000.00,CE,BANKNIFTY26OCT63000CE,0.00,0.00,0.00,677.00,0.00,677.00,57495.90,521.62,0,0,0,0.00,0,F1,30,,,,,
2026-08-20,2026-08-20,FO,NSE,IDO,59257,,BANKNIFTY,,2026-08-25,2026-08-25,62100.00,PE,BANKNIFTY26AUG62100PE,0.00,0.00,0.00,6619.00,0.00,6619.00,57495.90,4552.82,0,0,0,0.00,0,F1,30,,,,,
2026-08-20,2026-08-20,FO,NSE,IDO,59305,,BANKNIFTY,,2026-08-25,2026-08-25,63700.00,PE,BANKNIFTY26AUG63700PE,0.00,0.00,0.00,8000.05,0.00,8000.05,57495.90,6151.25,0,0,0,0.00,0,F1,30,,,,,
2026-08-20,2026-08-20,FO,NSE,IDO,59315,,BANKNIFTY,,2026-08-25,2026-08-25,63900.00,PE,BANKNIFTY26AUG63900PE,0.00,0.00,0.00,8177.75,0.00,8177.75,57495.90,6351.08,0,0,0,0.00,0,F1,30,,,,,
2026-08-20,2026-08-20,FO,NSE,IDO,69685,,BANKNIFTY,,2026-09-29,2026-09-29,53000.00,PE,BANKNIFTY26SEP53000PE,41.25,47.35,40.00,42.10,41.70,53.80,57495.90,42.10,141660,21690,3880,6174029185.50,1527,F1,30,,,,,
2026-08-20,2026-08-20,FO,NSE,IDO,49545,,BANKNIFTY,,2026-10-27,2026-10-27,59000.00,CE,BANKNIFTY26OCT59000CE,812.90,870.85,780.00,792.25,811.05,718.30,57495.90,792.25,13860,6180,391,701873175.00,328,F1,30,,,,,
2026-08-20,2026-08-20,FO,NSE,IDO,49529,,BANKNIFTY,,2026-10-27,2026-10-27,58400.00,CE,BANKNIFTY26OCT58400CE,0.00,0.00,0.00,2015.90,0.00,2015.90,57495.90,1913.62,0,0,0,0.00,0,F1,30,,,,,
2026-08-20,2026-08-20,FO,NSE,IDO,49451,,BANKNIFTY,,2026-10-27,2026-10-27,55400.00,CE,BANKNIFTY26OCT55400CE,0.00,0.00,0.00,3574.50,0.00,3574.50,57495.90,3645.07,0,0,0,0.00,0,F1,30,,,,,
2026-08-20,2026-08-20,FO,NSE,IDO,49446,,BANKNIFTY,,2026-10-27,2026-10-27,55200.00,CE,BANKNIFTY26OCT55200CE,0.00,0.00,0.00,3699.30,0.00,3699.30,57495.90,3784.46,0,0,0,0.00,0,F1,30,,,,,
2026-08-20,2026-08-20,FO,NSE,IDO,70086,,BANKNIFTY,,2026-09-29,2026-09-29,62500.00,CE,BANKNIFTY26SEP62500CE,161.45,161.45,161.45,161.45,161.45,1004.90,57495.90,256.62,30,30,1,1879843.50,1,F1,30,,,,,
2026-08-20,2026-08-20,FO,NSE,IDO,70045,,BANKNIFTY,,2026-09-29,2026-09-29,61800.00,CE,BANKNIFTY26SEP61800CE,0.00,0.00,0.00,1183.35,0.00,1183.35,57495.90,353.26,0,0,0,0.00,0,F1,30,,,,,
2026-08-20,2026-08-20,FO,NSE,IDO,69872,,BANKNIFTY,,2026-09-29,2026-09-29,58900.00,CE,BANKNIFTY26SEP58900CE,0.00,0.00,0.00,2217.10,0.00,2217.10,57495.90,1110.22,0,0,0,0.00,0,F1,30,,,,,
2026-08-20,2026-08-20,FO,NSE,IDO,49578,,BANKNIFTY,,2026-10-27,2026-10-27,60200.00,PE,BANKNIFTY26OCT60200PE,0.00,0.00,0.00,2298.30,2298.30,2298.30,57495.90,3179.10,90,0,0,0.00,0,F1,30,,,,,
2026-08-20,2026-08-20,FO,NSE,IDO,49566,,BANKNIFTY,,2026-10-27,2026-10-27,59700.00,PE,BANKNIFTY26OCT59700PE,0.00,0.00,0.00,1977.65,1977.65,1977.65,57495.90,2858.66,120,0,0,0.00,0,F1,30,,,,,
2026-08-20,2026-08-20,FO,NSE,IDO,49562,,BANKNIFTY,,2026-10-27,2026-10-27,59500.00,PE,BANKNIFTY26OCT59500PE,1696.20,1697.05,1696.20,1697.05,1697.05,1752.30,57495.90,2735.44,120,60,2,3671797.50,2,F1,30,,,,,
2026-08-20,2026-08-20,FO,NSE,IDO,49542,,BANKNIFTY,,2026-10-27,2026-10-27,58800.00,PE,BANKNIFTY26OCT58800PE,0.00,0.00,0.00,3013.45,0.00,3013.45,57495.90,2327.22,0,0,0,0.00,0,F1,30,,,,,
2026-08-20,2026-08-20,FO,NSE,IDO,49540,,BANKNIFTY,,2026-10-27,2026-10-27,58700.00,PE,BANKNIFTY26OCT58700PE,0.00,0.00,0.00,2954.95,0.00,2954.95,57495.90,2271.89,0,0,0,0.00,0,F1,30,,,,,
2026-08-20,2026-08-20,FO,NSE,IDO,49530,,BANKNIFTY,,2026-10-27,2026-10-27,58400.00,PE,BANKNIFTY26OCT58400PE,0.00,0.00,0.00,2783.15,0.00,2783.15,57495.90,2110.48,0,0,0,0.00,0,F1,30,,,,,
2026-08-20,2026-08-20,FO,NSE,IDO,49521,,BANKNIFTY,,2026-10-27,2026-10-27,58000.00,PE,BANKNIFTY26OCT58000PE,952.65,1004.60,885.75,964.10,968.00,1123.95,57495.90,964.10,57540,5160,708,1251768225.00,516,F1,30,,,,,
2026-08-20,2026-08-20,FO,NSE,IDO,49500,,BANKNIFTY,,2026-10-27,2026-10-27,57200.00,PE,BANKNIFTY26OCT57200PE,0.00,0.00,0.00,2153.95,0.00,2153.95,57495.90,1534.66,0,0,0,0.00,0,F1,30,,,,,
2026-08-20,2026-08-20,FO,NSE,IDO,49496,,BANKNIFTY,,2026-10-27,2026-10-27,57000.00,PE,BANKNIFTY26OCT57000PE,618.75,648.65,555.95,605.90,614.00,728.00,57495.90,605.90,95910,4560,784,1354533904.50,450,F1,30,,,,,
2026-08-20,2026-08-20,FO,NSE,IDO,49456,,BANKNIFTY,,2026-10-27,2026-10-27,55400.00,PE,BANKNIFTY26OCT55400PE,0.00,0.00,0.00,1386.80,0.00,1386.80,57495.90,878.27,0,0,0,0.00,0,F1,30,,,,,
2026-08-20,2026-08-20,FO,NSE,IDO,49432,,BANKNIFTY,,2026-10-27,2026-10-27,54700.00,PE,BANKNIFTY26OCT54700PE,0.00,0.00,0.00,1145.30,0.00,1145.30,57495.90,687.58,0,0,0,0.00,0,F1,30,,,,,
2026-08-20,2026-08-20,FO,NSE,IDO,49410,,BANKNIFTY,,2026-10-27,2026-10-27,53700.00,PE,BANKNIFTY26OCT53700PE,0.00,0.00,0.00,855.70,0.00,855.70,57495.90,469.28,0,0,0,0.00,0,F1,30,,,,,
2026-08-20,2026-08-20,FO,NSE,IDO,49396,,BANKNIFTY,,2026-10-27,2026-10-27,53300.00,PE,BANKNIFTY26OCT53300PE,0.00,0.00,0.00,753.35,0.00,753.35,57495.90,398.41,0,0,0,0.00,0,F1,30,,,,,
2026-08-20,2026-08-20,FO,NSE,IDO,49388,,BANKNIFTY,,2026-10-27,2026-10-27,53000.00,PE,BANKNIFTY26OCT53000PE,0.00,0.00,0.00,683.80,0.00,683.80,57495.90,350.87,0,0,0,0.00,0,F1,30,,,,,
2026-08-20,2026-08-20,FO,NSE,IDO,49384,,BANKNIFTY,,2026-10-27,2026-10-27,52800.00,PE,BANKNIFTY26OCT52800PE,0.00,0.00,0.00,640.15,0.00,640.15,57495.90,321.69,0,0,0,0.00,0,F1,30,,,,,
2026-08-20,2026-08-20,FO,NSE,IDO,49374,,BANKNIFTY,,2026-10-27,2026-10-27,52300.00,PE,BANKNIFTY26OCT52300PE,0.00,0.00,0.00,539.95,0.00,539.95,57495.90,256.97,0,0,0,0.00,0,F1,30,,,,,
2026-08-20,2026-08-20,FO,NSE,IDO,49340,,BANKNIFTY,,2026-10-27,2026-10-27,51000.00,PE,BANKNIFTY26OCT51000PE,0.00,0.00,0.00,334.45,0.00,334.45,57495.90,135.85,0,0,0,0.00,0,F1,30,,,,,
2026-08-20,2026-08-20,FO,NSE,IDO,70030,,BANKNIFTY,,2026-09-29,2026-09-29,61000.00,PE,BANKNIFTY26SEP61000PE,3069.20,3083.75,2900.00,3066.75,3072.95,3330.00,57495.90,3066.75,12900,7440,357,685166592.00,259,F1,30,,,,,
2026-08-20,2026-08-20,FO,NSE,IDO,69829,,BANKNIFTY,,2026-09-29,2026-09-29,57800.00,PE,BANKNIFTY26SEP57800PE,602.05,798.15,602.00,750.45,760.00,926.00,57495.90,750.45,35160,7320,1285,2256155287.50,1096,F1,30,,,,,
2026-08-20,2026-08-20,FO,NSE,IDO,52285,,BANKNIFTY,,2026-09-29,2026-09-29,52500.00,PE,BANKNIFTY26SEP52500PE,35.00,37.45,31.55,36.05,35.85,41.10,57495.90,36.05,28050,-26130,1772,2792781183.00,575,F1,30,,,,,
2026-08-20,2026-08-20,FO,NSE,IDO,69547,,BANKNIFTY,,2026-09-29,2026-09-29,49000.00,PE,BANKNIFTY26SEP49000PE,15.00,17.80,11.50,14.60,14.55,17.95,57495.90,14.60,3330,2010,189,277920120.00,151,F1,30,,,,,
2026-08-20,2026-08-20,FO,NSE,IDO,59251,,BANKNIFTY,,2026-08-25,2026-08-25,61800.00,PE,BANKNIFTY26AUG61800PE,0.00,0.00,0.00,6369.15,0.00,6369.15,57495.90,4253.35,0,0,0,0.00,0,F1,30,,,,,
2026-08-20,2026-08-20,FO,NSE,IDO,59215,,BANKNIFTY,,2026-08-25,2026-08-25,60800.00,PE,BANKNIFTY26AUG60800PE,3050.00,3050.00,3050.00,3050.00,3050.00,2920.00,57495.90,3258.52,30,-30,1,1915500.00,1,F1,30,,,,,
2026-08-20,2026-08-20,FO,NSE,IDO,59160,,BANKNIFTY,,2026-08-25,2026-08-25,59600.00,PE,BANKNIFTY26AUG59600PE,0.00,0.00,0.00,1845.00,1845.00,1845.00,57495.90,2097.44,720,0,0,0.00,0,F1,30,,,,,
2026-08-20,2026-08-20,FO,NSE,IDO,59138,,BANKNIFTY,,2026-08-25,2026-08-25,58700.00,PE,BANKNIFTY26AUG58700PE,1080.05,1105.10,900.00,1094.65,1084.10,1384.15,57495.90,1094.65,7620,-3660,749,1340929528.50,574,F1,30,,,,,
2026-08-20,2026-08-20,FO,NSE,IDO,70805,,BANKNIFTY,,2027-06-29,2027-06-29,66000.00,PE,BANKNIFTY27JUN66000PE,0.00,0.00,0.00,7602.30,0.00,7602.30,57495.90,7354.75,0,0,0,0.00,0,F1,30,,,,,
2026-08-20,2026-08-20,FO,NSE,IDO,70791,,BANKNIFTY,,2027-06-29,2027-06-29,55500.00,PE,BANKNIFTY27JUN55500PE,0.00,0.00,0.00,2421.75,0.00,2421.75,57495.90,2078.16,0,0,0,0.00,0,F1,30,,,,,
2026-08-20,2026-08-20,FO,NSE,IDO,70766,,BANKNIFTY,,2027-06-29,2027-06-29,51000.00,PE,BANKNIFTY27JUN51000PE,0.00,0.00,0.00,1193.15,0.00,1193.15,57495.90,927.07,0,0,0,0.00,0,F1,30,,,,,
2026-08-20,2026-08-20,FO,NSE,IDO,53217,,BANKNIFTY,,2026-12-29,2026-12-29,48000.00,PE,BANKNIFTY26DEC48000PE,0.00,0.00,0.00,109.00,109.00,109.00,57495.90,121.83,1110,0,0,0.00,0,F1,30,,,,,
2026-08-20,2026-08-20,FO,NSE,IDO,49628,,BANKNIFTY,,2026-10-27,2026-10-27,62400.00,PE,BANKNIFTY26OCT62400PE,0.00,0.00,0.00,5499.20,0.00,5499.20,57495.90,4780.04,0,0,0,0.00,0,F1,30,,,,,
2026-08-20,2026-08-20,FO,NSE,IDO,58702,,BANKNIFTY,,2026-08-25,2026-08-25,46000.00,CE,BANKNIFTY26AUG46000CE,0.00,0.00,0.00,11342.00,11342.00,11342.00,57495.90,11534.07,21900,0,0,0.00,0,F1,30,,,,,
2026-08-20,2026-08-20,FO,NSE,IDO,58718,,BANKNIFTY,,2026-08-25,2026-08-25,46500.00,CE,BANKNIFTY26AUG46500CE,0.00,0.00,0.00,10745.35,10745.35,10745.35,57495.90,11034.49,120,0,0,0.00,0,F1,30,,,,,
2026-08-20,2026-08-20,FO,NSE,IDO,58812,,BANKNIFTY,,2026-08-25,2026-08-25,49000.00,CE,BANKNIFTY26AUG49000CE,8808.70,8808.70,8794.95,8794.95,8794.95,8279.55,57495.90,8536.56,600,-90,3,5202024.00,3,F1,30,,,,,
2026-08-20,2026-08-20,FO,NSE,IDO,58840,,BANKNIFTY,,2026-08-25,2026-08-25,49500.00,CE,BANKNIFTY26AUG49500CE,0.00,0.00,0.00,7595.35,7595.35,7595.35,57495.90,8036.97,1860,0,0,0.00,0,F1,30,,,,,
2026-08-20,2026-08-20,FO,NSE,IDO,58844,,BANKNIFTY,,2026-08-25,2026-08-25,49700.00,CE,BANKNIFTY26AUG49700CE,0.00,0.00,0.00,6500.70,0.00,6500.70,57495.90,7837.14,0,0,0,0.00,0,F1,30,,,,,
2026-08-20,2026-08-20,FO,NSE,IDO,58916,,BANKNIFTY,,2026-08-25,2026-08-25,51800.00,CE,BANKNIFTY26AUG51800CE,0.00,0.00,0.00,4838.30,0.00,4838.30,57495.90,5738.88,0,0,0,0.00,0,F1,30,,,,,
2026-08-20,2026-08-20,FO,NSE,IDO,58934,,BANKNIFTY,,2026-08-25,2026-08-25,52700.00,CE,BANKNIFTY26AUG52700CE,0.00,0.00,0.00,4198.35,0.00,4198.35,57495.90,4839.66,0,0,0,0.00,0,F1,30,,,,,
2026-08-20,2026-08-20,FO,NSE,IDO,58941,,BANKNIFTY,,2026-08-25,2026-08-25,53000.00,CE,BANKNIFTY26AUG53000CE,4800.00,4813.60,4613.30,4643.40,4665.30,4385.40,57495.90,4643.40,32130,-780,58,100490245.50,41,F1,30,,,,,
2026-08-20,2026-08-20,FO,NSE,IDO,58982,,BANKNIFTY,,2026-08-25,2026-08-25,54200.00,CE,BANKNIFTY26AUG54200CE,0.00,0.00,0.00,3717.40,3717.40,3717.40,57495.90,3343.37,0,0,0,0.00,0,F1,30,,,,,
2026-08-20,2026-08-20,FO,NSE,IDO,59004,,BANKNIFTY,,2026-08-25,2026-08-25,55000.00,CE,BANKNIFTY26AUG55000CE,2589.95,2840.45,2589.95,2637.50,2635.00,2356.10,57495.90,2637.50,41640,-1320,769,1331579193.00,521,F1,30,,,,,
2026-08-20,2026-08-20,FO,NSE,IDO,59149,,BANKNIFTY,,2026-08-25,2026-08-25,59200.00,CE,BANKNIFTY26AUG59200CE,16.10,19.85,7.10,7.85,7.85,13.60,57495.90,7.85,117450,-11100,13526,24026550430.50,7231,F1,30,,,,,
2026-08-20,2026-08-20,FO,NSE,IDO,59153,,BANKNIFTY,,2026-08-25,2026-08-25,59400.00,CE,BANKNIFTY26AUG59400CE,10.00,14.55,6.00,6.25,6.10,10.70,57495.90,6.25,64890,17760,7575,13500487060.50,5002,F1,30,,,,,
2026-08-20,2026-08-20,FO,NSE,IDO,59161,,BANKNIFTY,,2026-08-25,2026-08-25,59700.00,CE,BANKNIFTY26AUG59700CE,9.40,9.40,4.60,4.95,5.40,8.50,57495.90,4.95,51630,-16200,5304,9500464486.50,2823,F1,30,,,,,
2026-08-20,2026-08-20,FO,NSE,IDO,59212,,BANKNIFTY,,2026-08-25,2026-08-25,60700.00,CE,BANKNIFTY26AUG60700CE,4.65,4.65,2.15,3.00,3.10,4.75,57495.90,3.00,7950,-9990,1633,2973861312.00,969,F1,30,,,,,
2026-08-20,2026-08-20,FO,NSE,IDO,59214,,BANKNIFTY,,2026-08-25,2026-08-25,60800.00,CE,BANKNIFTY26AUG60800CE,3.20,4.05,2.25,2.65,2.65,4.35,57495.90,2.65,22650,-5670,1816,3312553999.50,996,F1,30,,,,,
2026-08-20,2026-08-20,FO,NSE,IDO,59217,,BANKNIFTY,,2026-08-25,2026-08-25,60900.00,CE,BANKNIFTY26AUG60900CE,3.70,4.00,2.50,2.80,2.90,4.25,57495.90,2.80,3420,-7200,817,1492733671.50,391,F1,30,,,,,
2026-08-20,2026-08-20,FO,NSE,IDO,59226,,BANKNIFTY,,2026-08-25,2026-08-25,61100.00,CE,BANKNIFTY26AUG61100CE,3.20,3.95,1.60,2.05,2.00,3.70,57495.90,2.05,11400,-1920,3835,7029890796.00,1379,F1,30,,,,,
2026-08-20,2026-08-20,FO,NSE,IDO,59232,,BANKNIFTY,,2026-08-25,2026-08-25,61400.00,CE,BANKNIFTY26AUG61400CE,2.80,3.50,2.10,2.40,2.25,3.70,57495.90,2.40,4560,-990,266,489992731.50,107,F1,30,,,,,
2026-08-20,2026-08-20,FO,NSE,IDO,59314,,BANKNIFTY,,2026-08-25,2026-08-25,63900.00,CE,BANKNIFTY26AUG63900CE,1.10,2.00,0.55,0.90,0.90,1.35,57495.90,0.00,7560,0,51,97768531.50,15,F1,30,,,,,
2026-08-20,2026-08-20,FO,NSE,IDO,52270,,BANKNIFTY,,2026-09-29,2026-09-29,46500.00,CE,BANKNIFTY26SEP46500CE,0.00,0.00,0.00,11298.00,0.00,11298.00,57495.90,11328.48,0,0,0,0.00,0,F1,30,,,,,
2026-08-20,2026-08-20,FO,NSE,IDO,69799,,BANKNIFTY,,2026-09-29,2026-09-29,56400.00,CE,BANKNIFTY26SEP56400CE,0.00,0.00,0.00,3522.55,0.00,3522.55,57495.90,2385.05,0,0,0,0.00,0,F1,30,,,,,
2026-08-20,2026-08-20,FO,NSE,IDO,69815,,BANKNIFTY,,2026-09-29,2026-09-29,57200.00,CE,BANKNIFTY26SEP57200CE,1290.00,1400.00,1261.15,1277.70,1276.20,1146.45,57495.90,1277.70,16020,-660,749,1315138729.50,541,F1,30,,,,,
2026-08-20,2026-08-20,FO,NSE,IDO,69840,,BANKNIFTY,,2026-09-29,2026-09-29,58100.00,CE,BANKNIFTY26SEP58100CE,760.00,842.60,737.30,748.85,737.30,664.05,57495.90,748.85,23220,4950,794,1403052747.00,552,F1,30,,,,,
2026-08-20,2026-08-20,FO,NSE,IDO,69944,,BANKNIFTY,,2026-09-29,2026-09-29,59500.00,CE,BANKNIFTY26SEP59500CE,270.15,295.00,246.60,253.55,250.05,222.30,57495.90,253.55,185970,33420,6397,11471513985.00,3348,F1,30,,,,,
2026-08-20,2026-08-20,FO,NSE,IDO,69982,,BANKNIFTY,,2026-09-29,2026-09-29,59600.00,CE,BANKNIFTY26SEP59600CE,251.25,270.10,226.95,233.05,226.95,206.15,57495.90,233.05,9150,-900,324,581741980.50,209,F1,30,,,,,
2026-08-20,2026-08-20,FO,NSE,IDO,70023,,BANKNIFTY,,2026-09-29,2026-09-29,60700.00,CE,BANKNIFTY26SEP60700CE,0.00,0.00,0.00,1519.00,0.00,1519.00,57495.90,564.13,0,0,0,0.00,0,F1,30,,,,,
2026-08-20,2026-08-20,FO,NSE,IDO,70043,,BANKNIFTY,,2026-09-29,2026-09-29,61700.00,CE,BANKNIFTY26SEP61700CE,0.00,0.00,0.00,1211.20,0.00,1211.20,57495.90,369.26,0,0,0,0.00,0,F1,30,,,,,
2026-08-20,2026-08-20,FO,NSE,IDO,70088,,BANKNIFTY,,2026-09-29,2026-09-29,62600.00,CE,BANKNIFTY26SEP62600CE,0.00,0.00,0.00,981.05,0.00,981.05,57495.90,244.83,0,0,0,0.00,0,F1,30,,,,,
2026-08-20,2026-08-20,FO,NSE,IDO,70095,,BANKNIFTY,,2026-09-29,2026-09-29,62900.00,CE,BANKNIFTY26SEP62900CE,0.00,0.00,0.00,912.35,0.00,912.35,57495.90,212.17,0,0,0,0.00,0,F1,30,,,,,
2026-08-20,2026-08-20,FO,NSE,IDO,49338,,BANKNIFTY,,2026-10-27,2026-10-27,51000.00,CE,BANKNIFTY26OCT51000CE,0.00,0.00,0.00,6856.05,0.00,6856.05,57495.90,7249.37,0,0,0,0.00,0,F1,30,,,,,
2026-08-20,2026-08-20,FO,NSE,IDO,49357,,BANKNIFTY,,2026-10-27,2026-10-27,51600.00,CE,BANKNIFTY26OCT51600CE,0.00,0.00,0.00,6350.65,0.00,6350.65,57495.90,6704.92,0,0,0,0.00,0,F1,30,,,,,
2026-08-20,2026-08-20,FO,NSE,IDO,49413,,BANKNIFTY,,2026-10-27,2026-10-27,53900.00,CE,BANKNIFTY26OCT53900CE,0.00,0.00,0.00,4574.25,0.00,4574.25,57495.90,4756.73,0,0,0,0.00,0,F1,30,,,,,
2026-08-20,2026-08-20,FO,NSE,IDO,49459,,BANKNIFTY,,2026-10-27,2026-10-27,55600.00,CE,BANKNIFTY26OCT55600CE,0.00,0.00,0.00,3452.25,0.00,3452.25,57495.90,3508.52,0,0,0,0.00,0,F1,30,,,,,
2026-08-20,2026-08-20,FO,NSE,IDO,49479,,BANKNIFTY,,2026-10-27,2026-10-27,56500.00,CE,BANKNIFTY26OCT56500CE,2325.00,2405.90,2325.00,2370.00,2370.00,2129.85,57495.90,2930.40,390,60,3,5298027.00,3,F1,30,,,,,
2026-08-20,2026-08-20,FO,NSE,IDO,49481,,BANKNIFTY,,2026-10-27,2026-10-27,56600.00,CE,BANKNIFTY26OCT56600CE,0.00,0.00,0.00,2880.25,0.00,2880.25,57495.90,2869.93,0,0,0,0.00,0,F1,30,,,,,
2026-08-20,2026-08-20,FO,NSE,IDO,49525,,BANKNIFTY,,2026-10-27,2026-10-27,58200.00,CE,BANKNIFTY26OCT58200CE,1279.15,1285.85,1278.40,1285.85,1285.85,2101.55,57495.90,2007.43,300,300,10,17844040.50,5,F1,30,,,,,
2026-08-20,2026-08-20,FO,NSE,IDO,49558,,BANKNIFTY,,2026-10-27,2026-10-27,59400.00,CE,BANKNIFTY26OCT59400CE,0.00,0.00,0.00,1625.20,0.00,1625.20,57495.90,1490.15,0,0,0,0.00,0,F1,30,,,,,
2026-08-20,2026-08-20,FO,NSE,IDO,49587,,BANKNIFTY,,2026-10-27,2026-10-27,60700.00,CE,BANKNIFTY26OCT60700CE,0.00,0.00,0.00,1205.70,0.00,1205.70,57495.90,1047.57,0,0,0,0.00,0,F1,30,,,,,
2026-08-20,2026-08-20,FO,NSE,IDO,49625,,BANKNIFTY,,2026-10-27,2026-10-27,62300.00,CE,BANKNIFTY26OCT62300CE,0.00,0.00,0.00,812.65,0.00,812.65,57495.90,651.67,0,0,0,0.00,0,F1,30,,,,,
2026-08-20,2026-08-20,FO,NSE,IDO,53228,,BANKNIFTY,,2026-12-29,2026-12-29,57000.00,CE,BANKNIFTY26DEC57000CE,2950.00,3010.90,2880.05,2896.00,2912.70,2800.00,57495.90,2896.00,9600,150,18,32373363.00,18,F1,30,,,,,
2026-08-20,2026-08-20,FO,NSE,IDO,70769,,BANKNIFTY,,2027-06-29,2027-06-29,52500.00,CE,BANKNIFTY27JUN52500CE,0.00,0.00,0.00,9732.10,0.00,9732.10,57495.90,9101.30,0,0,0,0.00,0,F1,30,,,,,
2026-08-20,2026-08-20,FO,NSE,IDO,58801,,BANKNIFTY,,2026-08-25,2026-08-25,48600.00,PE,BANKNIFTY26AUG48600PE,1.60,1.90,1.20,1.45,1.45,1.60,57495.90,0.00,1740,0,6,8748270.00,5,F1,30,,,,,
2026-08-20,2026-08-20,FO,NSE,IDO,58879,,BANKNIFTY,,2026-08-25,2026-08-25,51000.00,PE,BANKNIFTY26AUG51000PE,1.40,3.65,1.40,1.65,1.55,2.15,57495.90,1.65,93930,-25230,3311,5066008834.50,1179,F1,30,,,,,
2026-08-20,2026-08-20,FO,NSE,IDO,58987,,BANKNIFTY,,2026-08-25,2026-08-25,54300.00,PE,BANKNIFTY26AUG54300PE,3.90,5.60,3.55,3.80,3.55,5.25,57495.90,3.80,22770,-7920,2309,3761673514.50,1241,F1,30,,,,,
2026-08-20,2026-08-20,FO,NSE,IDO,59001,,BANKNIFTY,,2026-08-25,2026-08-25,54800.00,PE,BANKNIFTY26AUG54800PE,6.05,6.75,4.40,4.90,5.00,7.55,57495.90,4.90,58380,10020,3690,6066982018.50,2272,F1,30,,,,,
2026-08-20,2026-08-20,FO,NSE,IDO,59013,,BANKNIFTY,,2026-08-25,2026-08-25,55400.00,PE,BANKNIFTY26AUG55400PE,8.60,9.60,6.05,6.70,6.75,14.00,57495.90,6.70,66300,6330,13296,22101020941.50,10110,F1,30,,,,,
2026-08-20,2026-08-20,FO,NSE,IDO,59043,,BANKNIFTY,,2026-08-25,2026-08-25,56100.00,PE,BANKNIFTY26AUG56100PE,30.00,30.00,13.60,15.70,16.75,41.40,57495.90,15.70,127410,-4170,15141,25489489410.00,8826,F1,30,,,,,
2026-08-20,2026-08-20,FO,NSE,IDO,59056,,BANKNIFTY,,2026-08-25,2026-08-25,56500.00,PE,BANKNIFTY26AUG56500PE,52.00,55.55,24.25,31.30,32.05,86.30,57495.90,31.30,622800,-3510,80731,136913096298.00,35331,F1,30,,,,,
2026-08-20,2026-08-20,FO,NSE,IDO,59089,,BANKNIFTY,,2026-08-25,2026-08-25,57400.00,PE,BANKNIFTY26AUG57400PE,277.90,277.90,127.30,184.00,189.80,369.60,57495.90,184.00,251490,44760,66988,115678710403.50,49562,F1,30,,,,,
2026-08-20,2026-08-20,FO,NSE,IDO,59112,,BANKNIFTY,,2026-08-25,2026-08-25,58100.00,PE,BANKNIFTY26AUG58100PE,637.90,638.00,424.25,566.10,595.85,840.50,57495.90,566.10,205470,-12960,9220,16208089846.50,7613,F1,30,,,,,
2026-08-20,2026-08-20,FO,NSE,IDO,49626,,BANKNIFTY,,2026-10-27,2026-10-27,62300.00,PE,BANKNIFTY26OCT62300PE,0.00,0.00,0.00,5421.35,0.00,5421.35,57495.90,4701.30,0,0,0,0.00,0,F1,30,,,,,
2026-08-20,2026-08-20,FO,NSE,IDO,49598,,BANKNIFTY,,2026-10-27,2026-10-27,61100.00,PE,BANKNIFTY26OCT61100PE,0.00,0.00,0.00,4522.00,0.00,4522.00,57495.90,3798.25,0,0,0,0.00,0,F1,30,,,,,
2026-08-20,2026-08-20,FO,NSE,IDO,70116,,BANKNIFTY,,2026-09-29,2026-09-29,64000.00,PE,BANKNIFTY26SEP64000PE,5900.00,6089.35,5776.80,5800.00,5800.00,6300.00,57495.90,5800.00,930,840,44,92192686.50,26,F1,30,,,,,
2026-08-20,2026-08-20,FO,NSE,IDO,70100,,BANKNIFTY,,2026-09-29,2026-09-29,63200.00,PE,BANKNIFTY26SEP63200PE,0.00,0.00,0.00,5532.80,0.00,5532.80,57495.90,5436.04,0,0,0,0.00,0,F1,30,,,,,
2026-08-20,2026-08-20,FO,NSE,IDO,70087,,BANKNIFTY,,2026-09-29,2026-09-29,62500.00,PE,BANKNIFTY26SEP62500PE,4350.00,4350.00,4300.00,4300.00,4300.00,5003.35,57495.90,4814.38,120,120,4,8019000.00,3,F1,30,,,,,
2026-08-20,2026-08-20,FO,NSE,IDO,70081,,BANKNIFTY,,2026-09-29,2026-09-29,62200.00,PE,BANKNIFTY26SEP62200PE,0.00,0.00,0.00,4779.90,0.00,4779.90,57495.90,4554.81,0,0,0,0.00,0,F1,30,,,,,
2026-08-20,2026-08-20,FO,NSE,IDO,69839,,BANKNIFTY,,2026-09-29,2026-09-29,58000.00,PE,BANKNIFTY26SEP58000PE,851.05,887.55,756.40,838.60,855.00,1022.85,57495.90,838.60,489390,57180,11606,20477470296.00,8245,F1,30,,,,,
2026-08-20,2026-08-20,FO,NSE,IDO,69827,,BANKNIFTY,,2026-09-29,2026-09-29,57700.00,PE,BANKNIFTY26SEP57700PE,750.05,753.20,636.70,704.40,709.20,875.05,57495.90,704.40,37470,23790,2625,4598560053.00,2044,F1,30,,,,,
2026-08-20,2026-08-20,FO,NSE,IDO,69807,,BANKNIFTY,,2026-09-29,2026-09-29,56700.00,PE,BANKNIFTY26SEP56700PE,399.95,414.20,341.75,382.00,381.65,496.45,57495.90,382.00,8880,3240,367,628322160.00,259,F1,30,,,,,
2026-08-20,2026-08-20,FO,NSE,IDO,69705,,BANKNIFTY,,2026-09-29,2026-09-29,54100.00,PE,BANKNIFTY26SEP54100PE,0.00,0.00,0.00,796.95,0.00,796.95,57495.90,303.63,0,0,0,0.00,0,F1,30,,,,,
2026-08-20,2026-08-20,FO,NSE,IDO,59320,,BANKNIFTY,,2026-08-25,2026-08-25,64100.00,PE,BANKNIFTY26AUG64100PE,0.00,0.00,0.00,8356.45,0.00,8356.45,57495.90,6550.91,0,0,0,0.00,0,F1,30,,,,,
2026-08-20,2026-08-20,FO,NSE,IDO,59313,,BANKNIFTY,,2026-08-25,2026-08-25,63800.00,PE,BANKNIFTY26AUG63800PE,0.00,0.00,0.00,8088.80,0.00,8088.80,57495.90,6251.16,0,0,0,0.00,0,F1,30,,,,,
2026-08-20,2026-08-20,FO,NSE,IDO,59231,,BANKNIFTY,,2026-08-25,2026-08-25,61300.00,PE,BANKNIFTY26AUG61300PE,0.00,0.00,0.00,5960.15,0.00,5960.15,57495.90,3754.91,0,0,0,0.00,0,F1,30,,,,,
2026-08-20,2026-08-20,FO,NSE,IDO,59162,,BANKNIFTY,,2026-08-25,2026-08-25,59700.00,PE,BANKNIFTY26AUG59700PE,0.00,0.00,0.00,2366.00,2366.00,2366.00,57495.90,2191.00,600,0,0,0.00,0,F1,30,,,,,
2026-08-20,2026-08-20,FO,NSE,IDO,59060,,BANKNIFTY,,2026-08-25,2026-08-25,56700.00,PE,BANKNIFTY26AUG56700PE,74.90,74.95,33.95,46.70,50.00,122.15,57495.90,46.70,182880,1290,31670,53911082956.50,19665,F1,30,,,,,
2026-08-20,2026-08-20,FO,NSE,IDO,58997,,BANKNIFTY,,2026-08-25,2026-08-25,54600.00,PE,BANKNIFTY26AUG54600PE,4.85,6.30,4.05,4.50,5.05,6.40,57495.90,4.50,30720,6240,2044,3348387606.00,1171,F1,30,,,,,
2026-08-20,2026-08-20,FO,NSE,IDO,58961,,BANKNIFTY,,2026-08-25,2026-08-25,53500.00,PE,BANKNIFTY26AUG53500PE,3.90,4.85,2.80,3.15,3.25,4.30,57495.90,3.15,140250,-17850,5563,8929248918.00,2021,F1,30,,,,,
2026-08-20,2026-08-20,FO,NSE,IDO,58911,,BANKNIFTY,,2026-08-25,2026-08-25,51700.00,PE,BANKNIFTY26AUG51700PE,3.05,3.90,1.40,1.95,2.15,2.45,57495.90,1.95,2010,0,97,150454920.00,18,F1,30,,,,,
2026-08-20,2026-08-20,FO,NSE,IDO,58851,,BANKNIFTY,,2026-08-25,2026-08-25,49900.00,PE,BANKNIFTY26AUG49900PE,2.40,2.40,2.00,2.05,2.05,2.05,57495.90,0.00,240,0,54,80841525.00,48,F1,30,,,,,
2026-08-20,2026-08-20,FO,NSE,IDO,58841,,BANKNIFTY,,2026-08-25,2026-08-25,49500.00,PE,BANKNIFTY26AUG49500PE,1.25,3.80,1.10,1.35,1.30,1.50,57495.90,1.35,5760,0,47,69797500.50,26,F1,30,,,,,
2026-08-20,2026-08-20,FO,NSE,IDO,58819,,BANKNIFTY,,2026-08-25,2026-08-25,49300.00,PE,BANKNIFTY26AUG49300PE,0.00,0.00,0.00,1.55,1.50,1.55,57495.90,0.00,1380,0,0,0.00,0,F1,30,,,,,
2026-08-20,2026-08-20,FO,NSE,IDO,70800,,BANKNIFTY,,2027-06-29,2027-06-29,63000.00,CE,BANKNIFTY27JUN63000CE,0.00,0.00,0.00,4124.65,0.00,4124.65,57495.90,3421.47,0,0,0,0.00,0,F1,30,,,,,
2026-08-20,2026-08-20,FO,NSE,IDO,49638,,BANKNIFTY,,2026-10-27,2026-10-27,62700.00,CE,BANKNIFTY26OCT62700CE,0.00,0.00,0.00,732.65,0.00,732.65,57495.90,574.46,0,0,0,0.00,0,F1,30,,,,,
2026-08-20,2026-08-20,FO,NSE,IDO,49627,,BANKNIFTY,,2026-10-27,2026-10-27,62400.00,CE,BANKNIFTY26OCT62400CE,0.00,0.00,0.00,792.00,0.00,792.00,57495.90,631.62,0,0,0,0.00,0,F1,30,,,,,
2026-08-20,2026-08-20,FO,NSE,IDO,49611,,BANKNIFTY,,2026-10-27,2026-10-27,61700.00,CE,BANKNIFTY26OCT61700CE,0.00,0.00,0.00,947.70,0.00,947.70,57495.90,785.09,0,0,0,0.00,0,F1,30,,,,,
2026-08-20,2026-08-20,FO,NSE,IDO,49595,,BANKNIFTY,,2026-10-27,2026-10-27,61000.00,CE,BANKNIFTY26OCT61000CE,259.95,270.00,232.15,240.85,237.50,221.95,57495.90,240.85,32430,6600,662,1216637683.50,398,F1,30,,,,,
2026-08-20,2026-08-20,FO,NSE,IDO,49519,,BANKNIFTY,,2026-10-27,2026-10-27,58000.00,CE,BANKNIFTY26OCT58000CE,1299.00,1396.20,1263.05,1268.15,1263.85,1159.15,57495.90,1268.15,43890,5700,413,735157330.50,326,F1,30,,,,,
2026-08-20,2026-08-20,FO,NSE,IDO,49505,,BANKNIFTY,,2026-10-27,2026-10-27,57500.00,CE,BANKNIFTY26OCT57500CE,1598.90,1684.00,1555.40,1605.40,1578.55,1453.85,57495.90,1605.40,11250,2280,176,312237156.00,147,F1,30,,,,,
2026-08-20,2026-08-20,FO,NSE,IDO,49471,,BANKNIFTY,,2026-10-27,2026-10-27,56200.00,CE,BANKNIFTY26OCT56200CE,0.00,0.00,0.00,3101.20,0.00,3101.20,57495.90,3116.38,0,0,0,0.00,0,F1,30,,,,,
2026-08-20,2026-08-20,FO,NSE,IDO,49427,,BANKNIFTY,,2026-10-27,2026-10-27,54600.00,CE,BANKNIFTY26OCT54600CE,0.00,0.00,0.00,4089.00,0.00,4089.00,57495.90,4220.04,0,0,0,0.00,0,F1,30,,,,,
2026-08-20,2026-08-20,FO,NSE,IDO,49411,,BANKNIFTY,,2026-10-27,2026-10-27,53800.00,CE,BANKNIFTY26OCT53800CE,0.00,0.00,0.00,4645.75,0.00,4645.75,57495.90,4835.82,0,0,0,0.00,0,F1,30,,,,,
2026-08-20,2026-08-20,FO,NSE,IDO,49403,,BANKNIFTY,,2026-10-27,2026-10-27,53500.00,CE,BANKNIFTY26OCT53500CE,0.00,0.00,0.00,4863.70,0.00,4863.70,57495.90,5076.54,0,0,0,0.00,0,F1,30,,,,,
2026-08-20,2026-08-20,FO,NSE,IDO,49320,,BANKNIFTY,,2026-10-27,2026-10-27,50500.00,CE,BANKNIFTY26OCT50500CE,0.00,0.00,0.00,7288.15,0.00,7288.15,57495.90,7711.49,0,0,0,0.00,0,F1,30,,,,,
2026-08-20,2026-08-20,FO,NSE,IDO,49310,,BANKNIFTY,,2026-10-27,2026-10-27,50000.00,CE,BANKNIFTY26OCT50000CE,0.00,0.00,0.00,8600.00,8600.00,8600.00,57495.90,8180.04,90,0,0,0.00,0,F1,30,,,,,
2026-08-20,2026-08-20,FO,NSE,IDO,70091,,BANKNIFTY,,2026-09-29,2026-09-29,62700.00,CE,BANKNIFTY26SEP62700CE,0.00,0.00,0.00,957.70,0.00,957.70,57495.90,233.50,0,0,0,0.00,0,F1,30,,,,,
2026-08-20,2026-08-20,FO,NSE,IDO,70084,,BANKNIFTY,,2026-09-29,2026-09-29,62400.00,CE,BANKNIFTY26SEP62400CE,0.00,0.00,0.00,1029.20,0.00,1029.20,57495.90,268.89,0,0,0,0.00,0,F1,30,,,,,
2026-08-20,2026-08-20,FO,NSE,IDO,70027,,BANKNIFTY,,2026-09-29,2026-09-29,60900.00,CE,BANKNIFTY26SEP60900CE,0.00,0.00,0.00,1453.10,0.00,1453.10,57495.90,519.72,0,0,0,0.00,0,F1,30,,,,,
2026-08-20,2026-08-20,FO,NSE,IDO,58852,,BANKNIFTY,,2026-08-25,2026-08-25,50000.00,CE,BANKNIFTY26AUG50000CE,7694.40,7842.85,7638.65,7648.45,7638.65,7376.35,57495.90,7648.45,59610,-21270,806,1397012274.00,643,F1,30,,,,,
2026-08-20,2026-08-20,FO,NSE,IDO,58848,,BANKNIFTY,,2026-08-25,2026-08-25,49800.00,CE,BANKNIFTY26AUG49800CE,0.00,0.00,0.00,6416.75,0.00,6416.75,57495.90,7737.22,0,0,0,0.00,0,F1,30,,,,,
2026-08-20,2026-08-20,FO,NSE,IDO,58810,,BANKNIFTY,,2026-08-25,2026-08-25,48900.00,CE,BANKNIFTY26AUG48900CE,0.00,0.00,0.00,7186.90,0.00,7186.90,57495.90,8636.48,0,0,0,0.00,0,F1,30,,,,,
2026-08-20,2026-08-20,FO,NSE,IDF,48699,,BANKNIFTY,,2026-10-27,2026-10-27,,,BANKNIFTY26OCTFUT,58299.00,58470.80,58295.00,58306.20,58307.00,58047.40,57495.90,58306.20,55200,1800,580,1016016474.00,506,F1,30,,,,,
2026-08-20,2026-08-20,FO,NSE,IDF,58067,,BANKNIFTY,,2026-08-25,2026-08-25,,,BANKNIFTY26AUGFUT,57588.20,57900.00,57520.00,57638.60,57620.00,57349.80,57495.90,57638.60,1882470,-162660,20177,34951101942.00,13384,F1,30,,,,,
2026-08-20,2026-08-20,FO,NSE,IDO,53223,,BANKNIFTY,,2026-12-29,2026-12-29,52500.00,PE,BANKNIFTY26DEC52500PE,200.30,206.10,200.30,204.75,204.55,221.00,57495.90,204.75,8700,630,27,42690274.50,24,F1,30,,,,,
2026-08-20,2026-08-20,FO,NSE,IDO,59029,,BANKNIFTY,,2026-08-25,2026-08-25,55800.00,PE,BANKNIFTY26AUG55800PE,18.80,21.85,9.20,10.00,10.50,25.20,57495.90,10.00,122460,-38280,19375,32440223653.50,8992,F1,30,,,,,
2026-08-20,2026-08-20,FO,NSE,IDO,59046,,BANKNIFTY,,2026-08-25,2026-08-25,56200.00,PE,BANKNIFTY26AUG56200PE,27.60,27.60,15.15,18.00,18.25,49.40,57495.90,18.00,211470,49920,23766,40082305132.50,12137,F1,30,,,,,
2026-08-20,2026-08-20,FO,NSE,IDO,59109,,BANKNIFTY,,2026-08-25,2026-08-25,58000.00,PE,BANKNIFTY26AUG58000PE,689.90,758.60,363.25,497.20,518.90,763.50,57495.90,497.20,867330,-171330,91524,160437778041.00,54795,F1,30,,,,,
2026-08-20,2026-08-20,FO,NSE,IDO,59180,,BANKNIFTY,,2026-08-25,2026-08-25,60200.00,PE,BANKNIFTY26AUG60200PE,0.00,0.00,0.00,2366.80,2366.80,2366.80,57495.90,2669.58,360,0,0,0.00,0,F1,30,,,,,
2026-08-20,2026-08-20,FO,NSE,IDO,59301,,BANKNIFTY,,2026-08-25,2026-08-25,63500.00,PE,BANKNIFTY26AUG63500PE,5720.00,5730.00,5720.00,5730.00,5730.00,6174.35,57495.90,5951.41,810,-60,2,4153500.00,2,F1,30,,,,,
2026-08-20,2026-08-20,FO,NSE,IDO,52271,,BANKNIFTY,,2026-09-29,2026-09-29,46500.00,PE,BANKNIFTY26SEP46500PE,10.00,10.75,8.00,9.00,9.00,12.25,57495.90,9.00,10200,-390,34,47439538.50,22,F1,30,,,,,
2026-08-20,2026-08-20,FO,NSE,IDO,69665,,BANKNIFTY,,2026-09-29,2026-09-29,51900.00,PE,BANKNIFTY26SEP51900PE,0.00,0.00,0.00,378.05,0.00,378.05,57495.90,79.09,0,0,0,0.00,0,F1,30,,,,,
2026-08-20,2026-08-20,FO,NSE,IDO,69669,,BANKNIFTY,,2026-09-29,2026-09-29,52100.00,PE,BANKNIFTY26SEP52100PE,0.00,0.00,0.00,54.00,54.00,54.00,57495.90,90.71,300,0,0,0.00,0,F1,30,,,,,
2026-08-20,2026-08-20,FO,NSE,IDO,58999,,BANKNIFTY,,2026-08-25,2026-08-25,54700.00,PE,BANKNIFTY26AUG54700PE,5.50,6.50,4.25,4.65,5.10,6.85,57495.90,4.65,30840,4230,1803,2959009413.00,1309,F1,30,,,,,
2026-08-20,2026-08-20,FO,NSE,IDO,58989,,BANKNIFTY,,2026-08-25,2026-08-25,54400.00,PE,BANKNIFTY26AUG54400PE,5.65,5.85,2.90,4.25,4.85,5.55,57495.90,4.25,28050,3540,1795,2929695367.50,1086,F1,30,,,,,
2026-08-20,2026-08-20,FO,NSE,IDO,58925,,BANKNIFTY,,2026-08-25,2026-08-25,52200.00,PE,BANKNIFTY26AUG52200PE,3.05,4.45,2.00,2.15,2.00,2.45,57495.90,2.15,3510,600,447,700046698.50,95,F1,30,,,,,
2026-08-20,2026-08-20,FO,NSE,IDO,58907,,BANKNIFTY,,2026-08-25,2026-08-25,51500.00,PE,BANKNIFTY26AUG51500PE,1.60,6.90,1.25,1.50,1.50,2.40,57495.90,1.50,45690,-10980,2008,3102487875.00,654,F1,30,,,,,
2026-08-20,2026-08-20,FO,NSE,IDO,58815,,BANKNIFTY,,2026-08-25,2026-08-25,49100.00,PE,BANKNIFTY26AUG49100PE,0.00,0.00,0.00,1.35,1.35,1.35,57495.90,0.00,2040,0,0,0.00,0,F1,30,,,,,
2026-08-20,2026-08-20,FO,NSE,IDO,70792,,BANKNIFTY,,2027-06-29,2027-06-29,57000.00,CE,BANKNIFTY27JUN57000CE,0.00,0.00,0.00,6924.35,0.00,6924.35,57495.90,6213.19,0,0,0,0.00,0,F1,30,,,,,
2026-08-20,2026-08-20,FO,NSE,IDO,76392,,BANKNIFTY,,2027-03-30,2027-03-30,52500.00,CE,BANKNIFTY27MAR52500CE,0.00,0.00,0.00,4655.40,0.00,4655.40,57495.90,8020.79,0,0,0,0.00,0,F1,30,,,,,
2026-08-20,2026-08-20,FO,NSE,IDO,76390,,BANKNIFTY,,2027-03-30,2027-03-30,51000.00,CE,BANKNIFTY27MAR51000CE,0.00,0.00,0.00,5420.45,0.00,5420.45,57495.90,9172.18,0,0,0,0.00,0,F1,30,,,,,
2026-08-20,2026-08-20,FO,NSE,IDO,76388,,BANKNIFTY,,2027-03-30,2027-03-30,49500.00,CE,BANKNIFTY27MAR49500CE,0.00,0.00,0.00,6266.75,0.00,6266.75,57495.90,10392.61,0,0,0,0.00,0,F1,30,,,,,
2026-08-20,2026-08-20,FO,NSE,IDO,49668,,BANKNIFTY,,2026-10-27,2026-10-27,63900.00,CE,BANKNIFTY26OCT63900CE,0.00,0.00,0.00,530.75,0.00,530.75,57495.90,386.71,0,0,0,0.00,0,F1,30,,,,,
2026-08-20,2026-08-20,FO,NSE,IDO,58886,,BANKNIFTY,,2026-08-25,2026-08-25,51400.00,CE,BANKNIFTY26AUG51400CE,0.00,0.00,0.00,5137.40,0.00,5137.40,57495.90,6138.55,0,0,0,0.00,0,F1,30,,,,,
2026-08-20,2026-08-20,FO,NSE,IDO,59288,,BANKNIFTY,,2026-08-25,2026-08-25,63100.00,CE,BANKNIFTY26AUG63100CE,1.70,2.55,1.50,1.55,1.55,2.40,57495.90,0.02,1320,-240,38,71936026.50,11,F1,30,,,,,
2026-08-20,2026-08-20,FO,NSE,IDO,69808,,BANKNIFTY,,2026-09-29,2026-09-29,56800.00,CE,BANKNIFTY26SEP56800CE,1598.10,1677.00,1598.10,1629.85,1629.85,1400.25,57495.90,2138.59,1170,30,19,33311472.00,10,F1,30,,,,,
2026-08-20,2026-08-20,FO,NSE,IDO,70118,,BANKNIFTY,,2026-09-29,2026-09-29,64100.00,PE,BANKNIFTY26SEP64100PE,0.00,0.00,0.00,6246.30,0.00,6246.30,57495.90,6262.32,0,0,0,0.00,0,F1,30,,,,,
2026-08-20,2026-08-20,FO,NSE,IDO,49458,,BANKNIFTY,,2026-10-27,2026-10-27,55500.00,PE,BANKNIFTY26OCT55500PE,0.00,0.00,0.00,1423.90,0.00,1423.90,57495.90,908.43,0,0,0,0.00,0,F1,30,,,,,
2026-08-20,2026-08-20,FO,NSE,IDO,52389,,BANKNIFTY,,2026-09-29,2026-09-29,61500.00,PE,BANKNIFTY26SEP61500PE,3380.00,3465.00,3370.80,3465.00,3465.00,3800.00,57495.90,3967.93,1740,450,16,31146132.00,13,F1,30,,,,,
2026-08-20,2026-08-20,FO,NSE,IDO,70031,,BANKNIFTY,,2026-09-29,2026-09-29,61100.00,CE,BANKNIFTY26SEP61100CE,0.00,0.00,0.00,1389.40,0.00,1389.40,57495.90,478.14,0,0,0,0.00,0,F1,30,,,,,
2026-08-20,2026-08-20,FO,NSE,IDO,49506,,BANKNIFTY,,2026-10-27,2026-10-27,57500.00,PE,BANKNIFTY26OCT57500PE,810.00,810.00,700.00,766.50,775.00,898.05,57495.90,766.50,65880,3420,406,709362748.50,274,F1,30,,,,,
2026-08-20,2026-08-20,FO,NSE,IDO,49602,,BANKNIFTY,,2026-10-27,2026-10-27,61300.00,PE,BANKNIFTY26OCT61300PE,0.00,0.00,0.00,4666.85,0.00,4666.85,57495.90,3942.81,0,0,0,0.00,0,F1,30,,,,,
2026-08-20,2026-08-20,FO,NSE,IDO,70047,,BANKNIFTY,,2026-09-29,2026-09-29,61900.00,CE,BANKNIFTY26SEP61900CE,0.00,0.00,0.00,1156.00,0.00,1156.00,57495.90,337.85,0,0,0,0.00,0,F1,30,,,,,
2026-08-20,2026-08-20,FO,NSE,IDO,49610,,BANKNIFTY,,2026-10-27,2026-10-27,61600.00,PE,BANKNIFTY26OCT61600PE,0.00,0.00,0.00,4890.60,0.00,4890.60,57495.90,4166.89,0,0,0,0.00,0,F1,30,,,,,
2026-08-20,2026-08-20,FO,NSE,IDO,53219,,BANKNIFTY,,2026-12-29,2026-12-29,49500.00,PE,BANKNIFTY26DEC49500PE,0.00,0.00,0.00,232.05,232.05,232.05,57495.90,222.58,30,0,0,0.00,0,F1,30,,,,,
2026-08-20,2026-08-20,FO,NSE,IDO,53236,,BANKNIFTY,,2026-12-29,2026-12-29,58500.00,PE,BANKNIFTY26DEC58500PE,1423.20,1423.25,1330.00,1395.55,1403.50,1543.70,57495.90,1395.55,8730,-150,107,192134947.50,74,F1,30,,,,,
2026-08-20,2026-08-20,FO,NSE,IDO,49369,,BANKNIFTY,,2026-10-27,2026-10-27,52100.00,CE,BANKNIFTY26OCT52100CE,0.00,0.00,0.00,5941.50,0.00,5941.50,57495.90,6261.00,0,0,0,0.00,0,F1,30,,,,,
2026-08-20,2026-08-20,FO,NSE,IDO,49491,,BANKNIFTY,,2026-10-27,2026-10-27,56800.00,CE,BANKNIFTY26OCT56800CE,0.00,0.00,0.00,2773.75,0.00,2773.75,57495.90,2751.28,0,0,0,0.00,0,F1,30,,,,,
2026-08-20,2026-08-20,FO,NSE,IDO,49499,,BANKNIFTY,,2026-10-27,2026-10-27,57200.00,CE,BANKNIFTY26OCT57200CE,0.00,0.00,0.00,2568.65,0.00,2568.65,57495.90,2523.26,0,0,0,0.00,0,F1,30,,,,,
2026-08-20,2026-08-20,FO,NSE,IDO,70026,,BANKNIFTY,,2026-09-29,2026-09-29,60800.00,PE,BANKNIFTY26SEP60800PE,0.00,0.00,0.00,3810.25,0.00,3810.25,57495.90,3411.46,0,0,0,0.00,0,F1,30,,,,,
2026-08-20,2026-08-20,FO,NSE,IDO,49687,,BANKNIFTY,,2026-10-27,2026-10-27,64500.00,CE,BANKNIFTY26OCT64500CE,0.00,0.00,0.00,448.85,0.00,448.85,57495.90,314.20,0,0,0,0.00,0,F1,30,,,,,
2026-08-20,2026-08-20,FO,NSE,IDO,70796,,BANKNIFTY,,2027-06-29,2027-06-29,60000.00,CE,BANKNIFTY27JUN60000CE,0.00,0.00,0.00,5392.05,0.00,5392.05,57495.90,4667.43,0,0,0,0.00,0,F1,30,,,,,
2026-08-20,2026-08-20,FO,NSE,IDO,70798,,BANKNIFTY,,2027-06-29,2027-06-29,61500.00,CE,BANKNIFTY27JUN61500CE,0.00,0.00,0.00,4726.20,0.00,4726.20,57495.90,4008.18,0,0,0,0.00,0,F1,30,,,,,
2026-08-20,2026-08-20,FO,NSE,IDO,58971,,BANKNIFTY,,2026-08-25,2026-08-25,53700.00,PE,BANKNIFTY26AUG53700PE,4.45,5.70,3.15,3.60,3.75,4.75,57495.90,3.60,14370,-690,418,673452906.00,144,F1,30,,,,,
2026-08-20,2026-08-20,FO,NSE,IDO,59024,,BANKNIFTY,,2026-08-25,2026-08-25,55700.00,PE,BANKNIFTY26AUG55700PE,15.15,15.15,8.25,8.75,9.25,21.35,57495.90,8.75,192180,4800,11757,19649426698.50,6808,F1,30,,,,,
2026-08-20,2026-08-20,FO,NSE,IDO,59135,,BANKNIFTY,,2026-08-25,2026-08-25,58600.00,PE,BANKNIFTY26AUG58600PE,1009.90,1011.80,815.00,994.40,1002.40,1278.45,57495.90,994.40,10140,-5250,807,1440327999.00,668,F1,30,,,,,
2026-08-20,2026-08-20,FO,NSE,IDO,59195,,BANKNIFTY,,2026-08-25,2026-08-25,60400.00,PE,BANKNIFTY26AUG60400PE,0.00,0.00,0.00,5249.35,0.00,5249.35,57495.90,2864.64,0,0,0,0.00,0,F1,30,,,,,
2026-08-20,2026-08-20,FO,NSE,IDO,59287,,BANKNIFTY,,2026-08-25,2026-08-25,63000.00,PE,BANKNIFTY26AUG63000PE,5350.00,5380.00,5175.00,5366.90,5378.25,5600.30,57495.90,5366.90,68280,-300,160,327651315.00,101,F1,30,,,,,
2026-08-20,2026-08-20,FO,NSE,IDO,69780,,BANKNIFTY,,2026-09-29,2026-09-29,55600.00,PE,BANKNIFTY26SEP55600PE,0.00,0.00,0.00,1228.45,0.00,1228.45,57495.90,631.46,0,0,0,0.00,0,F1,30,,,,,
2026-08-20,2026-08-20,FO,NSE,IDO,69833,,BANKNIFTY,,2026-09-29,2026-09-29,57900.00,PE,BANKNIFTY26SEP57900PE,794.95,843.85,709.55,789.75,793.95,972.75,57495.90,789.75,8220,-2190,338,594936529.50,275,F1,30,,,,,
2026-08-20,2026-08-20,FO,NSE,IDO,69776,,BANKNIFTY,,2026-09-29,2026-09-29,55300.00,PE,BANKNIFTY26SEP55300PE,0.00,0.00,0.00,1131.30,0.00,1131.30,57495.90,553.87,0,0,0,0.00,0,F1,30,,,,,
2026-08-20,2026-08-20,FO,NSE,IDO,59330,,BANKNIFTY,,2026-08-25,2026-08-25,64500.00,CE,BANKNIFTY26AUG64500CE,0.90,1.20,0.80,0.95,0.85,1.30,57495.90,0.95,44670,-2850,313,605664490.50,139,F1,30,,,,,
2026-08-20,2026-08-20,FO,NSE,IDO,59302,,BANKNIFTY,,2026-08-25,2026-08-25,63600.00,CE,BANKNIFTY26AUG63600CE,0.00,0.00,0.00,2.35,2.35,2.35,57495.90,0.00,1440,0,0,0.00,0,F1,30,,,,,
2026-08-20,2026-08-20,FO,NSE,IDO,59296,,BANKNIFTY,,2026-08-25,2026-08-25,63300.00,CE,BANKNIFTY26AUG63300CE,2.80,2.80,0.80,0.80,0.80,2.30,57495.90,0.01,15090,0,21,39879967.50,13,F1,30,,,,,
2026-08-20,2026-08-20,FO,NSE,IDO,49621,,BANKNIFTY,,2026-10-27,2026-10-27,62100.00,CE,BANKNIFTY26OCT62100CE,0.00,0.00,0.00,855.25,0.00,855.25,57495.90,693.32,0,0,0,0.00,0,F1,30,,,,,
2026-08-20,2026-08-20,FO,NSE,IDO,59098,,BANKNIFTY,,2026-08-25,2026-08-25,57900.00,CE,BANKNIFTY26AUG57900CE,200.00,260.20,158.00,165.80,161.60,137.75,57495.90,165.80,598140,101670,100779,175706528794.50,73344,F1,30,,,,,
2026-08-20,2026-08-20,FO,NSE,IDO,59079,,BANKNIFTY,,2026-08-25,2026-08-25,57000.00,CE,BANKNIFTY26AUG57000CE,609.10,899.80,609.10,718.05,705.00,551.75,57495.90,718.05,622620,-152850,39653,68750195392.50,24975,F1,30,,,,,
2026-08-20,2026-08-20,FO,NSE,IDO,58972,,BANKNIFTY,,2026-08-25,2026-08-25,53800.00,CE,BANKNIFTY26AUG53800CE,4118.55,4118.55,4118.55,4118.55,4118.55,4091.70,57495.90,3741.44,90,0,1,1737556.50,1,F1,30,,,,,
2026-08-20,2026-08-20,FO,NSE,IDO,58876,,BANKNIFTY,,2026-08-25,2026-08-25,50900.00,CE,BANKNIFTY26AUG50900CE,0.00,0.00,0.00,5523.50,0.00,5523.50,57495.90,6638.14,0,0,0,0.00,0,F1,30,,,,,
2026-08-20,2026-08-20,FO,NSE,IDO,58842,,BANKNIFTY,,2026-08-25,2026-08-25,49600.00,CE,BANKNIFTY26AUG49600CE,0.00,0.00,0.00,6585.05,0.00,6585.05,57495.90,7937.06,0,0,0,0.00,0,F1,30,,,,,
2026-08-20,2026-08-20,FO,NSE,IDO,47072,,NIFTY,,2026-09-01,2026-09-01,26150.00,PE,NIFTY2690126150PE,0.00,0.00,0.00,1854.75,0.00,1854.75,24231.85,1867.60,0,0,0,0.00,0,F1,65,,,,,
2026-08-20,2026-08-20,FO,NSE,IDO,47062,,NIFTY,,2026-09-01,2026-09-01,25900.00,PE,NIFTY2690125900PE,0.00,0.00,0.00,1635.90,0.00,1635.90,24231.85,1620.49,0,0,0,0.00,0,F1,65,,,,,
2026-08-20,2026-08-20,FO,NSE,IDO,47056,,NIFTY,,2026-09-01,2026-09-01,25750.00,PE,NIFTY2690125750PE,0.00,0.00,0.00,1508.85,0.00,1508.85,24231.85,1473.53,0,0,0,0.00,0,F1,65,,,,,
2026-08-20,2026-08-20,FO,NSE,IDO,47038,,NIFTY,,2026-09-01,2026-09-01,25300.00,PE,NIFTY2690125300PE,0.00,0.00,0.00,1131.45,1131.45,1131.45,24231.85,1045.57,780,0,0,0.00,0,F1,65,,,,,
2026-08-20,2026-08-20,FO,NSE,IDO,46998,,NIFTY,,2026-09-01,2026-09-01,24300.00,PE,NIFTY2690124300PE,198.00,198.00,127.45,149.75,151.70,260.55,24231.85,149.75,1019200,600405,65281,103766634052.25,38936,F1,65,,,,,
2026-08-20,2026-08-20,FO,NSE,IDO,46988,,NIFTY,,2026-09-01,2026-09-01,24050.00,PE,NIFTY2690124050PE,83.25,83.40,55.25,65.40,66.10,133.30,24231.85,65.40,396825,246610,19879,31163396004.00,13432,F1,65,,,,,
2026-08-20,2026-08-20,FO,NSE,IDO,46944,,NIFTY,,2026-09-01,2026-09-01,22950.00,PE,NIFTY2690122950PE,3.20,6.15,3.20,4.65,4.75,7.25,24231.85,4.65,38025,12935,1912,2852860952.50,1161,F1,65,,,,,
2026-08-20,2026-08-20,FO,NSE,IDO,80272,,NIFTY,,2027-03-30,2027-03-30,24000.00,CE,NIFTY27MAR24000CE,1569.55,1606.20,1550.80,1584.20,1581.00,1493.70,24231.85,1584.20,305955,6045,391,649966473.00,262,F1,65,,,,,
2026-08-20,2026-08-20,FO,NSE,IDO,65906,,NIFTY,,2026-09-29,2026-09-29,27000.00,CE,NIFTY26SEP27000CE,5.15,5.35,2.95,3.80,3.75,5.15,24231.85,3.80,1819350,155805,11027,19355090095.25,5898,F1,65,,,,,
2026-08-20,2026-08-20,FO,NSE,IDO,74442,,NIFTY,,2026-09-29,2026-09-29,26100.00,CE,NIFTY26SEP26100CE,0.00,0.00,0.00,223.80,0.00,223.80,24231.85,70.44,0,0,0,0.00,0,F1,65,,,,,
2026-08-20,2026-08-20,FO,NSE,IDO,73899,,NIFTY,,2026-09-29,2026-09-29,22900.00,CE,NIFTY26SEP22900CE,1470.00,1500.00,1470.00,1500.00,1500.00,1375.00,24231.85,1570.50,715,65,2,3170050.00,2,F1,65,,,,,
2026-08-20,2026-08-20,FO,NSE,IDO,55332,,NIFTY,,2026-12-29,2026-12-29,31500.00,CE,NIFTY26DEC31500CE,7.85,7.85,6.60,6.80,7.25,8.25,24231.85,6.80,31655,1430,31,63486280.00,27,F1,65,,,,,
2026-08-20,2026-08-20,FO,NSE,IDO,61428,,NIFTY,,2026-08-25,2026-08-25,23000.00,CE,NIFTY26AUG23000CE,1245.00,1350.00,1233.35,1293.15,1292.05,1118.40,24231.85,1293.15,343265,-48880,1525,2407292153.50,1010,F1,65,,,,,
2026-08-20,2026-08-20,FO,NSE,IDO,46927,,NIFTY,,2026-09-01,2026-09-01,22550.00,CE,NIFTY2690122550CE,0.00,0.00,0.00,1849.95,0.00,1849.95,24231.85,1728.16,0,0,0,0.00,0,F1,65,,,,,
2026-08-20,2026-08-20,FO,NSE,IDO,46965,,NIFTY,,2026-09-01,2026-09-01,23500.00,CE,NIFTY2690123500CE,768.60,868.50,768.60,820.50,817.45,669.60,24231.85,820.50,15340,-4030,366,578133331.75,265,F1,65,,,,,
2026-08-20,2026-08-20,FO,NSE,IDO,47041,,NIFTY,,2026-09-01,2026-09-01,25400.00,CE,NIFTY2690125400CE,3.90,4.10,2.30,2.90,2.60,3.75,24231.85,2.90,357240,71305,8178,13503380595.25,4370,F1,65,,,,,
2026-08-20,2026-08-20,FO,NSE,IDO,47117,,NIFTY,,2026-09-01,2026-09-01,27150.00,CE,NIFTY2690127150CE,1.25,1.25,0.25,0.80,0.80,1.25,24231.85,0.01,520,260,8,14118432.25,8,F1,65,,,,,
2026-08-20,2026-08-20,FO,NSE,IDO,42579,,NIFTY,,2026-09-08,2026-09-08,22700.00,CE,NIFTY2690822700CE,0.00,0.00,0.00,2071.05,0.00,2071.05,24231.85,1614.85,0,0,0,0.00,0,F1,65,,,,,
2026-08-20,2026-08-20,FO,NSE,IDO,42687,,NIFTY,,2026-09-08,2026-09-08,25050.00,CE,NIFTY2690825050CE,0.00,0.00,0.00,381.40,0.00,381.40,24231.85,109.52,0,0,0,0.00,0,F1,65,,,,,
2026-08-20,2026-08-20,FO,NSE,IDO,42735,,NIFTY,,2026-09-08,2026-09-08,25850.00,CE,NIFTY2690825850CE,3.75,3.75,3.20,3.30,3.30,4.70,24231.85,3.30,1170,65,7,11763261.25,5,F1,65,,,,,
2026-08-20,2026-08-20,FO,NSE,IDO,47385,,NIFTY,,2026-09-15,2026-09-15,25400.00,CE,NIFTY2691525400CE,0.00,0.00,0.00,211.35,0.00,211.35,24231.85,93.84,0,0,0,0.00,0,F1,65,,,,,
2026-08-20,2026-08-20,FO,NSE,IDO,57379,,NIFTY,,2026-09-22,2026-09-22,24150.00,CE,NIFTY2692224150CE,0.00,0.00,0.00,563.95,0.00,563.95,24231.85,593.91,0,0,0,0.00,0,F1,65,,,,,
2026-08-20,2026-08-20,FO,NSE,IDO,57712,,NIFTY,,2026-09-22,2026-09-22,24700.00,CE,NIFTY2692224700CE,0.00,0.00,0.00,318.40,0.00,318.40,24231.85,334.56,0,0,0,0.00,0,F1,65,,,,,
2026-08-20,2026-08-20,FO,NSE,IDO,57756,,NIFTY,,2026-09-22,2026-09-22,24850.00,CE,NIFTY2692224850CE,0.00,0.00,0.00,267.55,0.00,267.55,24231.85,280.67,0,0,0,0.00,0,F1,65,,,,,
2026-08-20,2026-08-20,FO,NSE,IDO,73884,,NIFTY,,2026-09-29,2026-09-29,22450.00,PE,NIFTY26SEP22450PE,20.10,20.80,17.80,18.60,18.45,23.95,24231.85,18.60,8060,1365,84,122683882.75,62,F1,65,,,,,
2026-08-20,2026-08-20,FO,NSE,IDO,47294,,NIFTY,,2026-09-15,2026-09-15,23400.00,PE,NIFTY2691523400PE,44.25,50.00,24.55,26.55,27.20,51.35,24231.85,26.55,37960,37180,1004,1528946822.00,529,F1,65,,,,,
2026-08-20,2026-08-20,FO,NSE,IDO,47258,,NIFTY,,2026-09-15,2026-09-15,22500.00,PE,NIFTY2691522500PE,9.55,9.55,7.40,7.80,7.95,11.90,24231.85,7.80,25285,8190,202,295535071.00,66,F1,65,,,,,
2026-08-20,2026-08-20,FO,NSE,IDO,42636,,NIFTY,,2026-09-08,2026-09-08,23900.00,PE,NIFTY2690823900PE,76.80,78.10,56.70,63.20,64.50,117.60,24231.85,63.20,69615,42835,2429,3783832026.00,1732,F1,65,,,,,
2026-08-20,2026-08-20,FO,NSE,IDO,42588,,NIFTY,,2026-09-08,2026-09-08,22900.00,PE,NIFTY2690822900PE,9.30,10.35,7.40,7.65,7.70,12.60,24231.85,7.65,41015,-9360,870,1295483016.75,507,F1,65,,,,,
2026-08-20,2026-08-20,FO,NSE,IDO,47107,,NIFTY,,2026-09-01,2026-09-01,26900.00,PE,NIFTY2690126900PE,0.00,0.00,0.00,2549.75,0.00,2549.75,24231.85,2614.66,0,0,0,0.00,0,F1,65,,,,,
2026-08-20,2026-08-20,FO,NSE,IDO,47034,,NIFTY,,2026-09-01,2026-09-01,25200.00,PE,NIFTY2690125200PE,900.00,900.00,900.00,900.00,900.00,1042.85,24231.85,954.88,455,0,3,5089500.00,1,F1,65,,,,,
2026-08-20,2026-08-20,FO,NSE,IDO,61910,,NIFTY,,2026-08-25,2026-08-25,25050.00,PE,NIFTY26AUG25050PE,780.35,780.35,700.00,762.00,755.50,933.55,24231.85,762.00,9425,455,92,154242452.00,34,F1,65,,,,,
2026-08-20,2026-08-20,FO,NSE,IDO,55526,,NIFTY,,2028-12-26,2028-12-26,31500.00,CE,NIFTY28DEC31500CE,0.00,0.00,0.00,2327.60,0.00,2327.60,24231.85,1404.57,0,0,0,0.00,0,F1,65,,,,,
2026-08-20,2026-08-20,FO,NSE,IDO,55566,,NIFTY,,2029-06-26,2029-06-26,31500.00,CE,NIFTY29JUN31500CE,0.00,0.00,0.00,2878.65,0.00,2878.65,24231.85,1915.92,0,0,0,0.00,0,F1,65,,,,,
2026-08-20,2026-08-20,FO,NSE,IDO,61748,,NIFTY,,2029-12-24,2029-12-24,24000.00,CE,NIFTY29DEC24000CE,0.00,0.00,0.00,7730.00,0.00,7730.00,24231.85,5776.82,0,0,0,0.00,0,F1,65,,,,,
2026-08-20,2026-08-20,FO,NSE,IDO,74660,,NIFTY,,2031-06-24,2031-06-24,30000.00,PE,NIFTY31JUN30000PE,0.00,0.00,0.00,2616.25,0.00,2616.25,24231.85,2235.60,0,0,0,0.00,0,F1,65,,,,,
2026-08-20,2026-08-20,FO,NSE,IDO,74656,,NIFTY,,2031-06-24,2031-06-24,28500.00,PE,NIFTY31JUN28500PE,0.00,0.00,0.00,2104.20,0.00,2104.20,24231.85,1766.32,0,0,0,0.00,0,F1,65,,,,,
2026-08-20,2026-08-20,FO,NSE,IDO,74652,,NIFTY,,2031-06-24,2031-06-24,25500.00,PE,NIFTY31JUN25500PE,0.00,0.00,0.00,1262.85,0.00,1262.85,24231.85,1014.90,0,0,0,0.00,0,F1,65,,,,,
2026-08-20,2026-08-20,FO,NSE,IDO,74650,,NIFTY,,2031-06-24,2031-06-24,24000.00,PE,NIFTY31JUN24000PE,0.00,0.00,0.00,933.85,933.85,933.85,24231.85,729.57,65,0,0,0.00,0,F1,65,,,,,
2026-08-20,2026-08-20,FO,NSE,IDO,55763,,NIFTY,,2030-12-31,2030-12-31,30000.00,PE,NIFTY30DEC30000PE,0.00,0.00,0.00,1450.10,0.00,1450.10,24231.85,2401.68,0,0,0,0.00,0,F1,65,,,,,
2026-08-20,2026-08-20,FO,NSE,IDO,67779,,NIFTY,,2028-12-26,2028-12-26,22000.00,PE,NIFTY28DEC22000PE,0.00,0.00,0.00,484.95,484.95,484.95,24231.85,447.43,8670,0,0,0.00,0,F1,65,,,,,
2026-08-20,2026-08-20,FO,NSE,IDO,55479,,NIFTY,,2028-06-27,2028-06-27,28500.00,PE,NIFTY28JUN28500PE,0.00,0.00,0.00,1560.85,0.00,1560.85,24231.85,2737.28,0,0,0,0.00,0,F1,65,,,,,
2026-08-20,2026-08-20,FO,NSE,IDO,53611,,NIFTY,,2027-12-28,2027-12-28,20000.00,PE,NIFTY27DEC20000PE,178.00,186.80,177.00,177.10,177.10,186.00,24231.85,125.15,53265,1170,67,87875417.50,26,F1,65,,,,,
2026-08-20,2026-08-20,FO,NSE,IDO,53606,,NIFTY,,2027-12-28,2027-12-28,19000.00,PE,NIFTY27DEC19000PE,101.15,125.45,101.15,123.90,124.00,132.50,24231.85,123.90,4770,2795,64,79515962.50,50,F1,65,,,,,
2026-08-20,2026-08-20,FO,NSE,IDO,53604,,NIFTY,,2027-12-28,2027-12-28,18000.00,PE,NIFTY27DEC18000PE,0.00,0.00,0.00,181.05,195.00,181.05,24231.85,30.17,11915,0,0,0.00,0,F1,65,,,,,
2026-08-20,2026-08-20,FO,NSE,IDO,55373,,NIFTY,,2027-06-29,2027-06-29,19500.00,PE,NIFTY27JUN19500PE,0.00,0.00,0.00,17.30,0.00,17.30,24231.85,45.35,0,0,0,0.00,0,F1,65,,,,,
2026-08-20,2026-08-20,FO,NSE,IDO,71550,,NIFTY,,2027-06-29,2027-06-29,19000.00,PE,NIFTY27JUN19000PE,0.00,0.00,0.00,195.00,195.00,195.00,24231.85,28.71,1135,0,0,0.00,0,F1,65,,,,,
2026-08-20,2026-08-20,FO,NSE,IDO,80191,,NIFTY,,2027-03-30,2027-03-30,16500.00,PE,NIFTY27MAR16500PE,0.00,0.00,0.00,20.00,20.00,20.00,24231.85,0.29,1560,0,0,0.00,0,F1,65,,,,,
2026-08-20,2026-08-20,FO,NSE,IDO,51527,,NIFTY,,2026-10-27,2026-10-27,26900.00,PE,NIFTY26OCT26900PE,0.00,0.00,0.00,2631.85,0.00,2631.85,24231.85,2423.05,0,0,0,0.00,0,F1,65,,,,,
2026-08-20,2026-08-20,FO,NSE,IDO,51495,,NIFTY,,2026-10-27,2026-10-27,26100.00,PE,NIFTY26OCT26100PE,0.00,0.00,0.00,1960.30,0.00,1960.30,24231.85,1736.48,0,0,0,0.00,0,F1,65,,,,,
2026-08-20,2026-08-20,FO,NSE,IDO,51451,,NIFTY,,2026-10-27,2026-10-27,25250.00,PE,NIFTY26OCT25250PE,0.00,0.00,0.00,675.60,675.60,675.60,24231.85,1106.14,65,0,0,0.00,0,F1,65,,,,,
2026-08-20,2026-08-20,FO,NSE,IDO,51443,,NIFTY,,2026-10-27,2026-10-27,25050.00,PE,NIFTY26OCT25050PE,0.00,0.00,0.00,540.05,540.05,540.05,24231.85,977.43,325,0,0,0.00,0,F1,65,,,,,
2026-08-20,2026-08-20,FO,NSE,IDO,51401,,NIFTY,,2026-10-27,2026-10-27,24150.00,PE,NIFTY26OCT24150PE,274.30,274.70,255.05,268.00,268.00,323.55,24231.85,268.00,25090,195,28,44440119.75,17,F1,65,,,,,
2026-08-20,2026-08-20,FO,NSE,IDO,51399,,NIFTY,,2026-10-27,2026-10-27,24100.00,PE,NIFTY26OCT24100PE,300.40,300.40,229.00,246.05,252.45,310.35,24231.85,246.05,12285,-3770,358,566725617.25,183,F1,65,,,,,
2026-08-20,2026-08-20,FO,NSE,IDO,51327,,NIFTY,,2026-10-27,2026-10-27,22400.00,PE,NIFTY26OCT22400PE,36.40,36.40,31.50,33.20,34.05,43.85,24231.85,33.20,41405,1235,168,244971298.00,139,F1,65,,,,,
2026-08-20,2026-08-20,FO,NSE,IDO,55291,,NIFTY,,2026-09-29,2026-09-29,31500.00,PE,NIFTY26SEP31500PE,0.00,0.00,0.00,4341.20,0.00,4341.20,24231.85,7043.19,0,0,0,0.00,0,F1,65,,,,,
2026-08-20,2026-08-20,FO,NSE,IDO,65907,,NIFTY,,2026-09-29,2026-09-29,27000.00,PE,NIFTY26SEP27000PE,2602.60,2609.00,2519.45,2578.35,2580.10,2716.10,24231.85,2578.35,1467405,21515,471,905474784.50,468,F1,65,,,,,
2026-08-20,2026-08-20,FO,NSE,IDO,74500,,NIFTY,,2026-09-29,2026-09-29,26950.00,PE,NIFTY26SEP26950PE,0.00,0.00,0.00,2780.25,0.00,2780.25,24231.85,2543.97,0,0,0,0.00,0,F1,65,,,,,
2026-08-20,2026-08-20,FO,NSE,IDO,73890,,NIFTY,,2026-09-29,2026-09-29,22650.00,PE,NIFTY26SEP22650PE,24.20,26.20,21.20,22.90,22.70,29.85,24231.85,22.90,11505,2080,108,159166042.75,66,F1,65,,,,,
2026-08-20,2026-08-20,FO,NSE,IDO,55285,,NIFTY,,2026-09-29,2026-09-29,22500.00,PE,NIFTY26SEP22500PE,22.00,22.20,18.00,19.20,19.75,25.50,24231.85,19.20,1821495,103155,14837,21717864509.25,8057,F1,65,,,,,
2026-08-20,2026-08-20,FO,NSE,IDO,73858,,NIFTY,,2026-09-29,2026-09-29,21900.00,PE,NIFTY26SEP21900PE,12.50,12.75,11.50,12.05,12.05,15.00,24231.85,12.05,47840,1755,234,333284458.00,178,F1,65,,,,,
2026-08-20,2026-08-20,FO,NSE,IDO,65882,,NIFTY,,2026-09-29,2026-09-29,15000.00,PE,NIFTY26SEP15000PE,0.55,1.30,0.50,1.30,1.30,0.80,24231.85,0.00,47320,-585,14,13650874.25,7,F1,65,,,,,
2026-08-20,2026-08-20,FO,NSE,IDO,58015,,NIFTY,,2026-09-22,2026-09-22,25900.00,PE,NIFTY2692225900PE,0.00,0.00,0.00,1658.45,0.00,1658.45,24231.85,1580.03,0,0,0,0.00,0,F1,65,,,,,
2026-08-20,2026-08-20,FO,NSE,IDO,57446,,NIFTY,,2026-09-22,2026-09-22,24300.00,PE,NIFTY2692224300PE,240.05,258.90,211.00,231.20,235.80,344.10,24231.85,231.20,2860,2665,157,250261885.25,95,F1,65,,,,,
2026-08-20,2026-08-20,FO,NSE,IDO,57126,,NIFTY,,2026-09-22,2026-09-22,23900.00,PE,NIFTY2692223900PE,0.00,0.00,0.00,314.25,0.00,314.25,24231.85,271.81,0,0,0,0.00,0,F1,65,,,,,
2026-08-20,2026-08-20,FO,NSE,IDO,57006,,NIFTY,,2026-09-22,2026-09-22,23450.00,PE,NIFTY2692223450PE,0.00,0.00,0.00,173.40,0.00,173.40,24231.85,144.08,0,0,0,0.00,0,F1,65,,,,,
2026-08-20,2026-08-20,FO,NSE,IDO,56994,,NIFTY,,2026-09-22,2026-09-22,23300.00,PE,NIFTY2692223300PE,0.00,0.00,0.00,138.95,0.00,138.95,24231.85,113.64,0,0,0,0.00,0,F1,65,,,,,
2026-08-20,2026-08-20,FO,NSE,IDO,56902,,NIFTY,,2026-09-22,2026-09-22,22600.00,PE,NIFTY2692222600PE,0.00,0.00,0.00,41.40,0.00,41.40,24231.85,31.02,0,0,0,0.00,0,F1,65,,,,,
2026-08-20,2026-08-20,FO,NSE,IDO,47438,,NIFTY,,2026-09-15,2026-09-15,26100.00,PE,NIFTY2691526100PE,0.00,0.00,0.00,1559.20,0.00,1559.20,24231.85,1781.17,0,0,0,0.00,0,F1,65,,,,,
2026-08-20,2026-08-20,FO,NSE,IDO,47422,,NIFTY,,2026-09-15,2026-09-15,25900.00,PE,NIFTY2691525900PE,0.00,0.00,0.00,1387.75,0.00,1387.75,24231.85,1594.52,0,0,0,0.00,0,F1,65,,,,,
2026-08-20,2026-08-20,FO,NSE,IDO,47414,,NIFTY,,2026-09-15,2026-09-15,25800.00,PE,NIFTY2691525800PE,0.00,0.00,0.00,1304.65,0.00,1304.65,24231.85,1502.97,0,0,0,0.00,0,F1,65,,,,,
2026-08-20,2026-08-20,FO,NSE,IDO,47406,,NIFTY,,2026-09-15,2026-09-15,25700.00,PE,NIFTY2691525700PE,0.00,0.00,0.00,1223.40,0.00,1223.40,24231.85,1412.81,0,0,0,0.00,0,F1,65,,,,,
2026-08-20,2026-08-20,FO,NSE,IDO,47350,,NIFTY,,2026-09-15,2026-09-15,24700.00,PE,NIFTY2691524700PE,0.00,0.00,0.00,546.10,0.00,546.10,24231.85,630.31,0,0,0,0.00,0,F1,65,,,,,
2026-08-20,2026-08-20,FO,NSE,IDO,47328,,NIFTY,,2026-09-15,2026-09-15,24200.00,PE,NIFTY2691524200PE,183.25,189.40,147.95,165.45,168.30,250.55,24231.85,165.45,37570,15145,824,1305171315.50,658,F1,65,,,,,
2026-08-20,2026-08-20,FO,NSE,IDO,47320,,NIFTY,,2026-09-15,2026-09-15,24000.00,PE,NIFTY2691524000PE,123.05,124.30,95.15,106.75,107.20,172.40,24231.85,106.75,57330,8645,1155,1809935780.25,873,F1,65,,,,,
2026-08-20,2026-08-20,FO,NSE,IDO,47306,,NIFTY,,2026-09-15,2026-09-15,23700.00,PE,NIFTY2691523700PE,74.15,76.25,49.20,52.20,55.00,95.10,24231.85,52.20,35100,11245,581,897158314.00,452,F1,65,,,,,
2026-08-20,2026-08-20,FO,NSE,IDO,47256,,NIFTY,,2026-09-15,2026-09-15,22450.00,PE,NIFTY2691522450PE,0.00,0.00,0.00,17.60,0.00,17.60,24231.85,12.91,0,0,0,0.00,0,F1,65,,,,,
2026-08-20,2026-08-20,FO,NSE,IDF,68407,,NIFTY,,2026-09-29,2026-09-29,,,NIFTY26SEPFUT,24349.00,24450.00,24341.70,24392.60,24399.00,24238.80,24231.85,24392.60,5115240,2331290,43506,68965353905.50,32026,F1,65,,,,,
2026-08-20,2026-08-20,FO,NSE,IDO,61352,,NIFTY,,2026-08-25,2026-08-25,22000.00,CE,NIFTY26AUG22000CE,2250.00,2335.00,2248.00,2294.80,2288.00,2115.50,24231.85,2294.80,534365,-26975,560,884088055.50,478,F1,65,,,,,
2026-08-20,2026-08-20,FO,NSE,IDO,61366,,NIFTY,,2026-08-25,2026-08-25,22200.00,CE,NIFTY26AUG22200CE,0.00,0.00,0.00,2122.25,2122.25,2122.25,24231.85,2050.27,390,0,0,0.00,0,F1,65,,,,,
2026-08-20,2026-08-20,FO,NSE,IDO,61372,,NIFTY,,2026-08-25,2026-08-25,22250.00,CE,NIFTY26AUG22250CE,0.00,0.00,0.00,1585.40,1585.40,1585.40,24231.85,2000.31,65,0,0,0.00,0,F1,65,,,,,
2026-08-20,2026-08-20,FO,NSE,IDO,61380,,NIFTY,,2026-08-25,2026-08-25,22400.00,CE,NIFTY26AUG22400CE,0.00,0.00,0.00,1702.75,1702.75,1702.75,24231.85,1850.44,2015,0,0,0.00,0,F1,65,,,,,
2026-08-20,2026-08-20,FO,NSE,IDO,61416,,NIFTY,,2026-08-25,2026-08-25,22800.00,CE,NIFTY26AUG22800CE,1528.00,1548.00,1528.00,1548.00,1548.00,1317.45,24231.85,1450.85,5070,0,2,3163940.00,2,F1,65,,,,,
2026-08-20,2026-08-20,FO,NSE,IDO,61422,,NIFTY,,2026-08-25,2026-08-25,22850.00,CE,NIFTY26AUG22850CE,1428.60,1435.65,1402.05,1435.65,1435.65,1262.50,24231.85,1435.65,1885,-17290,303,477687622.75,301,F1,65,,,,,
2026-08-20,2026-08-20,FO,NSE,IDO,61493,,NIFTY,,2026-08-25,2026-08-25,23450.00,CE,NIFTY26AUG23450CE,809.75,883.00,809.20,877.35,877.35,677.70,24231.85,808.61,2340,-65,15,23712780.00,12,F1,65,,,,,
2026-08-20,2026-08-20,FO,NSE,IDO,61499,,NIFTY,,2026-08-25,2026-08-25,23500.00,CE,NIFTY26AUG23500CE,744.95,854.25,728.00,794.40,794.60,622.70,24231.85,794.40,420225,-59150,5451,8601939619.00,3152,F1,65,,,,,
2026-08-20,2026-08-20,FO,NSE,IDO,42754,,NIFTY,,2026-09-08,2026-09-08,26100.00,PE,NIFTY2690826100PE,0.00,0.00,0.00,1439.90,0.00,1439.90,24231.85,1796.21,0,0,0,0.00,0,F1,65,,,,,
2026-08-20,2026-08-20,FO,NSE,IDO,42712,,NIFTY,,2026-09-08,2026-09-08,25500.00,PE,NIFTY2690825500PE,0.00,0.00,0.00,1054.45,1054.45,1054.45,24231.85,1231.77,65,0,0,0.00,0,F1,65,,,,,
2026-08-20,2026-08-20,FO,NSE,IDO,42688,,NIFTY,,2026-09-08,2026-09-08,25050.00,PE,NIFTY2690825050PE,0.00,0.00,0.00,670.90,0.00,670.90,24231.85,848.77,0,0,0,0.00,0,F1,65,,,,,
2026-08-20,2026-08-20,FO,NSE,IDO,42660,,NIFTY,,2026-09-08,2026-09-08,24450.00,PE,NIFTY2690824450PE,282.95,292.15,236.65,259.35,261.35,380.95,24231.85,259.35,10920,130,183,293974590.00,175,F1,65,,,,,
2026-08-20,2026-08-20,FO,NSE,IDO,42642,,NIFTY,,2026-09-08,2026-09-08,24050.00,PE,NIFTY2690824050PE,108.60,114.15,84.00,96.30,98.00,168.85,24231.85,96.30,37700,8515,708,1111390861.75,554,F1,65,,,,,
2026-08-20,2026-08-20,FO,NSE,IDO,42621,,NIFTY,,2026-09-08,2026-09-08,23550.00,PE,NIFTY2690823550PE,30.85,32.50,22.50,24.95,25.60,50.55,24231.85,24.95,13065,2860,415,635952128.50,259,F1,65,,,,,
2026-08-20,2026-08-20,FO,NSE,IDO,61610,,NIFTY,,2026-08-25,2026-08-25,24100.00,CE,NIFTY26AUG24100CE,170.10,279.20,169.00,224.85,225.00,125.80,24231.85,224.85,3057730,-6806995,662625,1047206142378.50,368612,F1,65,,,,,
2026-08-20,2026-08-20,FO,NSE,IDO,61855,,NIFTY,,2026-08-25,2026-08-25,24850.00,CE,NIFTY26AUG24850CE,4.55,5.95,1.85,2.05,2.00,4.10,24231.85,2.05,1672970,6630,399106,644730024776.50,64264,F1,65,,,,,
2026-08-20,2026-08-20,FO,NSE,IDO,61913,,NIFTY,,2026-08-25,2026-08-25,25100.00,CE,NIFTY26AUG25100CE,2.40,3.40,1.00,1.10,1.10,2.35,24231.85,1.10,3068585,-967655,326507,532727990115.75,52860,F1,65,,,,,
2026-08-20,2026-08-20,FO,NSE,IDO,62234,,NIFTY,,2026-08-25,2026-08-25,27050.00,CE,NIFTY26AUG27050CE,0.85,0.95,0.35,0.40,0.40,0.55,24231.85,0.40,30290,1885,856,1505093203.25,357,F1,65,,,,,
2026-08-20,2026-08-20,FO,NSE,IDO,46959,,NIFTY,,2026-09-01,2026-09-01,23350.00,CE,NIFTY2690123350CE,0.00,0.00,0.00,925.85,925.85,925.85,24231.85,959.42,65,0,0,0.00,0,F1,65,,,,,
2026-08-20,2026-08-20,FO,NSE,IDO,46985,,NIFTY,,2026-09-01,2026-09-01,24000.00,CE,NIFTY2690124000CE,320.00,414.95,318.00,364.65,366.95,263.95,24231.85,364.65,318630,-169650,15445,24453619502.00,8710,F1,65,,,,,
2026-08-20,2026-08-20,FO,NSE,IDO,46995,,NIFTY,,2026-09-01,2026-09-01,24250.00,CE,NIFTY2690124250CE,169.05,230.00,167.60,190.60,190.30,131.40,24231.85,190.60,352430,141895,24346,38682113876.25,16342,F1,65,,,,,
2026-08-20,2026-08-20,FO,NSE,IDO,46999,,NIFTY,,2026-09-01,2026-09-01,24350.00,CE,NIFTY2690124350CE,120.15,169.20,120.10,136.65,138.35,94.05,24231.85,136.65,206115,-25285,15117,24062718169.75,9532,F1,65,,,,,
2026-08-20,2026-08-20,FO,NSE,IDO,47001,,NIFTY,,2026-09-01,2026-09-01,24400.00,CE,NIFTY2690124400CE,100.50,143.15,100.50,113.85,115.95,78.55,24231.85,113.85,919035,196820,39618,63132486413.75,26880,F1,65,,,,,
2026-08-20,2026-08-20,FO,NSE,IDO,47025,,NIFTY,,2026-09-01,2026-09-01,25000.00,CE,NIFTY2690125000CE,9.75,12.25,6.70,7.00,7.15,8.85,24231.85,7.00,1844830,753285,59526,96759931502.00,25599,F1,65,,,,,
2026-08-20,2026-08-20,FO,NSE,IDO,47057,,NIFTY,,2026-09-01,2026-09-01,25800.00,CE,NIFTY2690125800CE,2.10,2.25,1.20,1.60,2.05,2.05,24231.85,1.60,157820,1625,2169,3637623765.75,1485,F1,65,,,,,
2026-08-20,2026-08-20,FO,NSE,IDO,47061,,NIFTY,,2026-09-01,2026-09-01,25900.00,CE,NIFTY2690125900CE,2.00,2.15,1.10,1.50,1.80,2.00,24231.85,1.50,100035,-780,2602,4380688269.75,1229,F1,65,,,,,
2026-08-20,2026-08-20,FO,NSE,IDO,47063,,NIFTY,,2026-09-01,2026-09-01,25950.00,CE,NIFTY2690125950CE,2.15,2.25,0.85,1.70,2.25,1.80,24231.85,1.70,4485,-845,89,150128615.00,62,F1,65,,,,,
2026-08-20,2026-08-20,FO,NSE,IDO,47108,,NIFTY,,2026-09-01,2026-09-01,26950.00,CE,NIFTY2690126950CE,1.55,1.55,0.70,0.80,0.70,1.30,24231.85,0.80,36335,17485,462,809349310.25,221,F1,65,,,,,
2026-08-20,2026-08-20,FO,NSE,IDO,42631,,NIFTY,,2026-09-08,2026-09-08,23800.00,CE,NIFTY2690823800CE,533.20,610.00,533.05,579.90,579.90,466.25,24231.85,579.90,6825,5265,167,264695895.75,116,F1,65,,,,,
2026-08-20,2026-08-20,FO,NSE,IDO,42635,,NIFTY,,2026-09-08,2026-09-08,23900.00,CE,NIFTY2690823900CE,451.00,545.80,451.00,489.55,489.90,392.80,24231.85,489.55,3575,1950,113,179211532.50,97,F1,65,,,,,
2026-08-20,2026-08-20,FO,NSE,IDO,42671,,NIFTY,,2026-09-08,2026-09-08,24750.00,CE,NIFTY2690824750CE,59.00,65.00,48.85,53.10,52.80,43.70,24231.85,53.10,35360,9815,868,1399542488.50,607,F1,65,,,,,
2026-08-20,2026-08-20,FO,NSE,IDO,42673,,NIFTY,,2026-09-08,2026-09-08,24800.00,CE,NIFTY2690824800CE,45.35,54.00,40.50,44.75,46.10,36.55,24231.85,44.75,207155,36725,6059,9785339382.00,4349,F1,65,,,,,
2026-08-20,2026-08-20,FO,NSE,IDO,42677,,NIFTY,,2026-09-08,2026-09-08,24900.00,CE,NIFTY2690824900CE,0.00,0.00,0.00,444.55,0.00,444.55,24231.85,143.55,0,0,0,0.00,0,F1,65,,,,,
2026-08-20,2026-08-20,FO,NSE,IDO,42681,,NIFTY,,2026-09-08,2026-09-08,24950.00,CE,NIFTY2690824950CE,0.00,0.00,0.00,422.75,0.00,422.75,24231.85,131.49,0,0,0,0.00,0,F1,65,,,,,
2026-08-20,2026-08-20,FO,NSE,IDO,42611,,NIFTY,,2026-09-08,2026-09-08,23450.00,PE,NIFTY2690823450PE,24.60,25.65,17.65,19.35,20.00,40.60,24231.85,19.35,27235,12350,615,938227134.00,318,F1,65,,,,,
2026-08-20,2026-08-20,FO,NSE,IDO,42697,,NIFTY,,2026-09-08,2026-09-08,25200.00,CE,NIFTY2690825200CE,0.00,0.00,0.00,324.90,0.00,324.90,24231.85,82.12,0,0,0,0.00,0,F1,65,,,,,
2026-08-20,2026-08-20,FO,NSE,IDO,42701,,NIFTY,,2026-09-08,2026-09-08,25300.00,CE,NIFTY2690825300CE,10.00,10.85,7.15,8.35,8.45,9.15,24231.85,8.35,132470,38415,2934,4826566251.00,1973,F1,65,,,,,
2026-08-20,2026-08-20,FO,NSE,IDO,42725,,NIFTY,,2026-09-08,2026-09-08,25650.00,CE,NIFTY2690825650CE,4.35,4.75,3.60,4.45,4.45,5.20,24231.85,4.45,2015,780,40,66700643.75,33,F1,65,,,,,
2026-08-20,2026-08-20,FO,NSE,IDO,42733,,NIFTY,,2026-09-08,2026-09-08,25800.00,CE,NIFTY2690825800CE,4.60,4.60,3.25,3.50,3.50,4.70,24231.85,21.97,4615,3380,99,166046322.00,32,F1,65,,,,,
2026-08-20,2026-08-20,FO,NSE,IDO,47299,,NIFTY,,2026-09-15,2026-09-15,23550.00,CE,NIFTY2691523550CE,0.00,0.00,0.00,1191.15,0.00,1191.15,24231.85,919.44,0,0,0,0.00,0,F1,65,,,,,
2026-08-20,2026-08-20,FO,NSE,IDO,47303,,NIFTY,,2026-09-15,2026-09-15,23650.00,CE,NIFTY2691523650CE,0.00,0.00,0.00,1113.00,0.00,1113.00,24231.85,845.38,0,0,0,0.00,0,F1,65,,,,,
2026-08-20,2026-08-20,FO,NSE,IDO,47307,,NIFTY,,2026-09-15,2026-09-15,23750.00,CE,NIFTY2691523750CE,0.00,0.00,0.00,1037.30,0.00,1037.30,24231.85,772.57,0,0,0,0.00,0,F1,65,,,,,
2026-08-20,2026-08-20,FO,NSE,IDO,47309,,NIFTY,,2026-09-15,2026-09-15,23800.00,CE,NIFTY2691523800CE,0.00,0.00,0.00,1001.25,0.00,1001.25,24231.85,737.92,0,0,0,0.00,0,F1,65,,,,,
2026-08-20,2026-08-20,FO,NSE,IDO,47335,,NIFTY,,2026-09-15,2026-09-15,24400.00,CE,NIFTY2691524400CE,192.25,240.05,192.20,213.75,213.05,169.05,24231.85,213.75,39715,-195,453,724804518.75,352,F1,65,,,,,
2026-08-20,2026-08-20,FO,NSE,IDO,47349,,NIFTY,,2026-09-15,2026-09-15,24700.00,CE,NIFTY2691524700CE,0.00,0.00,0.00,310.00,310.00,310.00,24231.85,268.56,65,0,0,0.00,0,F1,65,,,,,
2026-08-20,2026-08-20,FO,NSE,IDO,47379,,NIFTY,,2026-09-15,2026-09-15,25300.00,CE,NIFTY2691525300CE,0.00,0.00,0.00,238.65,0.00,238.65,24231.85,110.72,0,0,0,0.00,0,F1,65,,,,,
2026-08-20,2026-08-20,FO,NSE,IDO,47421,,NIFTY,,2026-09-15,2026-09-15,25900.00,CE,NIFTY2691525900CE,0.00,0.00,0.00,109.55,0.00,109.55,24231.85,37.93,0,0,0,0.00,0,F1,65,,,,,
2026-08-20,2026-08-20,FO,NSE,IDO,47423,,NIFTY,,2026-09-15,2026-09-15,25950.00,CE,NIFTY2691525950CE,0.00,0.00,0.00,102.05,0.00,102.05,24231.85,34.40,0,0,0,0.00,0,F1,65,,,,,
2026-08-20,2026-08-20,FO,NSE,IDO,56877,,NIFTY,,2026-09-22,2026-09-22,22600.00,CE,NIFTY2692222600CE,0.00,0.00,0.00,1727.05,0.00,1727.05,24231.85,1796.11,0,0,0,0.00,0,F1,65,,,,,
2026-08-20,2026-08-20,FO,NSE,IDO,56907,,NIFTY,,2026-09-22,2026-09-22,22750.00,CE,NIFTY2692222750CE,0.00,0.00,0.00,1591.55,0.00,1591.55,24231.85,1658.11,0,0,0,0.00,0,F1,65,,,,,
2026-08-20,2026-08-20,FO,NSE,IDO,57031,,NIFTY,,2026-09-22,2026-09-22,23600.00,CE,NIFTY2692223600CE,0.00,0.00,0.00,905.10,0.00,905.10,24231.85,952.11,0,0,0,0.00,0,F1,65,,,,,
2026-08-20,2026-08-20,FO,NSE,IDO,57086,,NIFTY,,2026-09-22,2026-09-22,23850.00,CE,NIFTY2692223850CE,0.00,0.00,0.00,738.45,0.00,738.45,24231.85,777.09,0,0,0,0.00,0,F1,65,,,,,
2026-08-20,2026-08-20,FO,NSE,IDO,57617,,NIFTY,,2026-09-22,2026-09-22,24500.00,CE,NIFTY2692224500CE,0.00,0.00,0.00,396.65,0.00,396.65,24231.85,417.39,0,0,0,0.00,0,F1,65,,,,,
2026-08-20,2026-08-20,FO,NSE,IDO,57716,,NIFTY,,2026-09-22,2026-09-22,24750.00,CE,NIFTY2692224750CE,0.00,0.00,0.00,300.70,0.00,300.70,24231.85,315.83,0,0,0,0.00,0,F1,65,,,,,
2026-08-20,2026-08-20,FO,NSE,IDO,57794,,NIFTY,,2026-09-22,2026-09-22,24950.00,CE,NIFTY2692224950CE,0.00,0.00,0.00,237.20,0.00,237.20,24231.85,248.49,0,0,0,0.00,0,F1,65,,,,,
2026-08-20,2026-08-20,FO,NSE,IDO,57843,,NIFTY,,2026-09-22,2026-09-22,25100.00,CE,NIFTY2692225100CE,0.00,0.00,0.00,197.70,0.00,197.70,24231.85,205.52,0,0,0,0.00,0,F1,65,,,,,
2026-08-20,2026-08-20,FO,NSE,IDO,73867,,NIFTY,,2026-09-29,2026-09-29,22050.00,CE,NIFTY26SEP22050CE,0.00,0.00,0.00,2284.20,0.00,2284.20,24231.85,2354.12,0,0,0,0.00,0,F1,65,,,,,
2026-08-20,2026-08-20,FO,NSE,IDO,73889,,NIFTY,,2026-09-29,2026-09-29,22650.00,CE,NIFTY26SEP22650CE,0.00,0.00,0.00,1410.05,1410.05,1410.05,24231.85,1792.35,325,0,0,0.00,0,F1,65,,,,,
2026-08-20,2026-08-20,FO,NSE,IDO,73904,,NIFTY,,2026-09-29,2026-09-29,23050.00,CE,NIFTY26SEP23050CE,0.00,0.00,0.00,1234.00,1234.00,1234.00,24231.85,1442.19,520,0,0,0.00,0,F1,65,,,,,
2026-08-20,2026-08-20,FO,NSE,IDO,73923,,NIFTY,,2026-09-29,2026-09-29,23300.00,CE,NIFTY26SEP23300CE,1121.00,1169.10,1121.00,1152.00,1150.00,1009.10,24231.85,1152.00,2275,-65,12,19075966.00,12,F1,65,,,,,
2026-08-20,2026-08-20,FO,NSE,IDO,74003,,NIFTY,,2026-09-29,2026-09-29,23600.00,CE,NIFTY26SEP23600CE,850.00,920.00,842.00,874.80,873.75,758.85,24231.85,874.80,8190,0,39,62031508.50,37,F1,65,,,,,
2026-08-20,2026-08-20,FO,NSE,IDO,74060,,NIFTY,,2026-09-29,2026-09-29,24050.00,CE,NIFTY26SEP24050CE,464.75,562.45,464.75,525.50,525.70,437.55,24231.85,525.50,18070,-2600,285,455053313.00,242,F1,65,,,,,
2026-08-20,2026-08-20,FO,NSE,IDO,74116,,NIFTY,,2026-09-29,2026-09-29,24450.00,CE,NIFTY26SEP24450CE,267.95,306.65,262.45,279.60,282.20,226.40,24231.85,279.60,56550,-1820,853,1371211936.25,599,F1,65,,,,,
2026-08-20,2026-08-20,FO,NSE,IDO,74370,,NIFTY,,2026-09-29,2026-09-29,25150.00,CE,NIFTY26SEP25150CE,59.90,62.00,50.20,54.70,53.80,49.25,24231.85,54.70,100945,24375,2288,3748438317.00,1186,F1,65,,,,,
2026-08-20,2026-08-20,FO,NSE,IDO,74471,,NIFTY,,2026-09-29,2026-09-29,26300.00,CE,NIFTY26SEP26300CE,7.65,8.25,5.15,6.20,6.75,8.35,24231.85,6.20,82810,17160,1701,2908558142.75,1050,F1,65,,,,,
2026-08-20,2026-08-20,FO,NSE,IDO,74499,,NIFTY,,2026-09-29,2026-09-29,26950.00,CE,NIFTY26SEP26950CE,5.35,5.35,3.20,3.55,3.70,5.35,24231.85,3.55,1560,455,84,147165895.50,56,F1,65,,,,,
2026-08-20,2026-08-20,FO,NSE,IDO,65929,,NIFTY,,2026-09-29,2026-09-29,33000.00,CE,NIFTY26SEP33000CE,0.00,0.00,0.00,1.35,1.30,1.35,24231.85,0.00,35165,0,0,0.00,0,F1,65,,,,,
2026-08-20,2026-08-20,FO,NSE,IDO,51372,,NIFTY,,2026-10-27,2026-10-27,23500.00,CE,NIFTY26OCT23500CE,1088.00,1174.70,1088.00,1127.95,1122.75,1013.00,24231.85,1127.95,39585,-3380,120,192090297.75,97,F1,65,,,,,
2026-08-20,2026-08-20,FO,NSE,IDO,51404,,NIFTY,,2026-10-27,2026-10-27,24250.00,CE,NIFTY26OCT24250CE,557.70,601.55,555.00,580.00,580.00,500.50,24231.85,825.30,3055,195,15,24203237.50,14,F1,65,,,,,
2026-08-20,2026-08-20,FO,NSE,IDO,51454,,NIFTY,,2026-10-27,2026-10-27,25350.00,CE,NIFTY26OCT25350CE,0.00,0.00,0.00,417.40,0.00,417.40,24231.85,362.36,0,0,0,0.00,0,F1,65,,,,,
2026-08-20,2026-08-20,FO,NSE,IDO,51498,,NIFTY,,2026-10-27,2026-10-27,26200.00,CE,NIFTY26OCT26200CE,0.00,0.00,0.00,219.35,0.00,219.35,24231.85,167.30,0,0,0,0.00,0,F1,65,,,,,
2026-08-20,2026-08-20,FO,NSE,IDO,51516,,NIFTY,,2026-10-27,2026-10-27,26650.00,CE,NIFTY26OCT26650CE,0.00,0.00,0.00,150.80,0.00,150.80,24231.85,105.68,0,0,0,0.00,0,F1,65,,,,,
2026-08-20,2026-08-20,FO,NSE,IDO,55322,,NIFTY,,2026-12-29,2026-12-29,16500.00,CE,NIFTY26DEC16500CE,0.00,0.00,0.00,10405.00,0.00,10405.00,24231.85,8114.64,0,0,0,0.00,0,F1,65,,,,,
2026-08-20,2026-08-20,FO,NSE,IDO,58642,,NIFTY,,2026-12-29,2026-12-29,19000.00,CE,NIFTY26DEC19000CE,5690.25,5690.25,5690.25,5690.25,5690.25,5510.00,24231.85,5674.69,54210,-65,1,1604866.25,1,F1,65,,,,,
2026-08-20,2026-08-20,FO,NSE,IDO,80249,,NIFTY,,2027-03-30,2027-03-30,19500.00,CE,NIFTY27MAR19500CE,0.00,0.00,0.00,4365.40,0.00,4365.40,24231.85,5514.56,0,0,0,0.00,0,F1,65,,,,,
2026-08-20,2026-08-20,FO,NSE,IDO,80313,,NIFTY,,2027-03-30,2027-03-30,33000.00,CE,NIFTY27MAR33000CE,0.00,0.00,0.00,18.00,18.00,18.00,24231.85,22.39,3640,0,0,0.00,0,F1,65,,,,,
2026-08-20,2026-08-20,FO,NSE,IDO,53603,,NIFTY,,2027-12-28,2027-12-28,18000.00,CE,NIFTY27DEC18000CE,0.00,0.00,0.00,6285.70,0.00,6285.70,24231.85,7789.75,0,0,0,0.00,0,F1,65,,,,,
2026-08-20,2026-08-20,FO,NSE,IDO,86151,,NIFTY,,2028-06-27,2028-06-27,24000.00,CE,NIFTY28JUN24000CE,0.00,0.00,0.00,3918.85,0.00,3918.85,24231.85,3842.08,0,0,0,0.00,0,F1,65,,,,,
2026-08-20,2026-08-20,FO,NSE,IDO,35352,,NIFTY,,2028-06-27,2028-06-27,30000.00,CE,NIFTY28JUN30000CE,0.00,0.00,0.00,2278.45,0.00,2278.45,24231.85,1272.04,0,0,0,0.00,0,F1,65,,,,,
2026-08-20,2026-08-20,FO,NSE,IDO,42594,,NIFTY,,2026-09-08,2026-09-08,23050.00,PE,NIFTY2690823050PE,11.15,11.45,8.10,9.45,9.45,16.90,24231.85,9.45,16445,13455,417,625030419.00,101,F1,65,,,,,
2026-08-20,2026-08-20,FO,NSE,IDO,47115,,NIFTY,,2026-09-01,2026-09-01,27100.00,PE,NIFTY2690127100PE,0.00,0.00,0.00,2741.55,0.00,2741.55,24231.85,2814.23,0,0,0,0.00,0,F1,65,,,,,
2026-08-20,2026-08-20,FO,NSE,IDO,47088,,NIFTY,,2026-09-01,2026-09-01,26550.00,PE,NIFTY2690126550PE,0.00,0.00,0.00,2219.65,0.00,2219.65,24231.85,2265.58,0,0,0,0.00,0,F1,65,,,,,
2026-08-20,2026-08-20,FO,NSE,IDO,57997,,NIFTY,,2026-09-22,2026-09-22,25700.00,PE,NIFTY2692225700PE,0.00,0.00,0.00,1482.25,0.00,1482.25,24231.85,1404.98,0,0,0,0.00,0,F1,65,,,,,
2026-08-20,2026-08-20,FO,NSE,IDO,73994,,NIFTY,,2026-09-29,2026-09-29,23500.00,PE,NIFTY26SEP23500PE,80.80,80.80,59.95,70.10,70.90,97.20,24231.85,70.10,3037125,-460655,44111,67575269112.00,24333,F1,65,,,,,
2026-08-20,2026-08-20,FO,NSE,IDO,74002,,NIFTY,,2026-09-29,2026-09-29,23550.00,PE,NIFTY26SEP23550PE,80.90,82.00,65.90,75.25,77.20,106.25,24231.85,75.25,37700,-1885,587,901352985.00,427,F1,65,,,,,
2026-08-20,2026-08-20,FO,NSE,IDO,65901,,NIFTY,,2026-09-29,2026-09-29,24000.00,PE,NIFTY26SEP24000PE,197.90,197.90,140.30,158.70,160.05,221.80,24231.85,158.70,4030125,248560,48429,76049312205.75,26048,F1,65,,,,,
2026-08-20,2026-08-20,FO,NSE,IDO,74288,,NIFTY,,2026-09-29,2026-09-29,24550.00,PE,NIFTY26SEP24550PE,402.40,402.40,340.00,373.25,375.05,485.40,24231.85,373.25,30095,-2730,134,217069147.75,107,F1,65,,,,,
2026-08-20,2026-08-20,FO,NSE,IDO,74464,,NIFTY,,2026-09-29,2026-09-29,26150.00,PE,NIFTY26SEP26150PE,0.00,0.00,0.00,2098.20,0.00,2098.20,24231.85,1796.89,0,0,0,0.00,0,F1,65,,,,,
2026-08-20,2026-08-20,FO,NSE,IDO,74476,,NIFTY,,2026-09-29,2026-09-29,26350.00,PE,NIFTY26SEP26350PE,0.00,0.00,0.00,2262.90,0.00,2262.90,24231.85,1978.50,0,0,0,0.00,0,F1,65,,,,,
2026-08-20,2026-08-20,FO,NSE,IDO,74478,,NIFTY,,2026-09-29,2026-09-29,26400.00,PE,NIFTY26SEP26400PE,1988.00,1988.00,1889.20,1889.20,1889.20,2100.00,24231.85,2024.55,975,325,5,9219093.00,4,F1,65,,,,,
2026-08-20,2026-08-20,FO,NSE,IDO,74484,,NIFTY,,2026-09-29,2026-09-29,26550.00,PE,NIFTY26SEP26550PE,0.00,0.00,0.00,2431.75,0.00,2431.75,24231.85,2164.04,0,0,0,0.00,0,F1,65,,,,,
2026-08-20,2026-08-20,FO,NSE,IDO,51321,,NIFTY,,2026-10-27,2026-10-27,22300.00,PE,NIFTY26OCT22300PE,32.10,33.70,28.80,30.15,30.75,37.80,24231.85,30.15,63700,15470,402,583503076.00,200,F1,65,,,,,
2026-08-20,2026-08-20,FO,NSE,IDO,51373,,NIFTY,,2026-10-27,2026-10-27,23500.00,PE,NIFTY26OCT23500PE,130.00,134.10,107.45,117.70,120.00,151.95,24231.85,117.70,605540,59670,4658,7150419487.25,2893,F1,65,,,,,
2026-08-20,2026-08-20,FO,NSE,IDO,51455,,NIFTY,,2026-10-27,2026-10-27,25350.00,PE,NIFTY26OCT25350PE,0.00,0.00,0.00,783.00,783.00,783.00,24231.85,1173.52,130,0,0,0.00,0,F1,65,,,,,
2026-08-20,2026-08-20,FO,NSE,IDO,51489,,NIFTY,,2026-10-27,2026-10-27,25950.00,PE,NIFTY26OCT25950PE,0.00,0.00,0.00,1842.30,0.00,1842.30,24231.85,1616.61,0,0,0,0.00,0,F1,65,,,,,
2026-08-20,2026-08-20,FO,NSE,IDO,58643,,NIFTY,,2026-12-29,2026-12-29,19000.00,PE,NIFTY26DEC19000PE,27.40,28.20,25.00,25.70,25.00,29.10,24231.85,25.70,618775,7605,948,1172407996.50,353,F1,65,,,,,
2026-08-20,2026-08-20,FO,NSE,IDO,58649,,NIFTY,,2026-12-29,2026-12-29,22000.00,PE,NIFTY26DEC22000PE,80.10,80.10,68.05,69.80,70.80,80.10,24231.85,69.80,1598255,-18135,8279,11877255656.50,3950,F1,65,,,,,
2026-08-20,2026-08-20,FO,NSE,IDO,80248,,NIFTY,,2027-03-30,2027-03-30,18000.00,PE,NIFTY27MAR18000PE,0.00,0.00,0.00,37.30,37.30,37.30,24231.85,3.35,65,0,0,0.00,0,F1,65,,,,,
2026-08-20,2026-08-20,FO,NSE,IDO,71548,,NIFTY,,2027-06-29,2027-06-29,18000.00,PE,NIFTY27JUN18000PE,0.00,0.00,0.00,220.00,220.00,220.00,24231.85,10.26,230,0,0,0.00,0,F1,65,,,,,
2026-08-20,2026-08-20,FO,NSE,IDO,50984,,NIFTY,,2027-06-29,2027-06-29,27000.00,PE,NIFTY27JUN27000PE,0.00,0.00,0.00,1780.00,1780.00,1780.00,24231.85,2237.72,130,0,0,0.00,0,F1,65,,,,,
2026-08-20,2026-08-20,FO,NSE,IDO,86164,,NIFTY,,2028-06-27,2028-06-27,27000.00,PE,NIFTY28JUN27000PE,0.00,0.00,0.00,2752.35,0.00,2752.35,24231.85,1980.96,0,0,0,0.00,0,F1,65,,,,,
2026-08-20,2026-08-20,FO,NSE,IDO,67783,,NIFTY,,2028-12-26,2028-12-26,24000.00,PE,NIFTY28DEC24000PE,663.10,663.10,663.10,663.10,663.10,750.05,24231.85,866.15,4680,0,1,1603101.50,1,F1,65,,,,,
2026-08-20,2026-08-20,FO,NSE,IDO,55527,,NIFTY,,2028-12-26,2028-12-26,31500.00,PE,NIFTY28DEC31500PE,0.00,0.00,0.00,2673.40,0.00,2673.40,24231.85,4179.11,0,0,0,0.00,0,F1,65,,,,,
2026-08-20,2026-08-20,FO,NSE,IDO,55557,,NIFTY,,2029-06-26,2029-06-26,16500.00,PE,NIFTY29JUN16500PE,0.00,0.00,0.00,8.10,0.00,8.10,24231.85,35.63,0,0,0,0.00,0,F1,65,,,,,
2026-08-20,2026-08-20,FO,NSE,IDO,89613,,NIFTY,,2029-06-26,2029-06-26,18000.00,PE,NIFTY29JUN18000PE,0.00,0.00,0.00,118.45,0.00,118.45,24231.85,84.57,0,0,0,0.00,0,F1,65,,,,,
2026-08-20,2026-08-20,FO,NSE,IDO,55559,,NIFTY,,2029-06-26,2029-06-26,19500.00,PE,NIFTY29JUN19500PE,0.00,0.00,0.00,56.00,0.00,56.00,24231.85,174.51,0,0,0,0.00,0,F1,65,,,,,
2026-08-20,2026-08-20,FO,NSE,IDO,61773,,NIFTY,,2029-12-24,2029-12-24,25000.00,PE,NIFTY29DEC25000PE,0.00,0.00,0.00,950.00,950.00,950.00,24231.85,1060.39,615,0,0,0.00,0,F1,65,,,,,
2026-08-20,2026-08-20,FO,NSE,IDO,74642,,NIFTY,,2031-06-24,2031-06-24,18000.00,PE,NIFTY31JUN18000PE,0.00,0.00,0.00,173.45,0.00,173.45,24231.85,114.97,0,0,0,0.00,0,F1,65,,,,,
2026-08-20,2026-08-20,FO,NSE,IDO,61587,,NIFTY,,2026-08-25,2026-08-25,23950.00,CE,NIFTY26AUG23950CE,299.95,414.80,298.40,356.65,355.80,220.65,24231.85,356.65,211185,-230555,25841,40797594002.75,15085,F1,65,,,,,
2026-08-20,2026-08-20,FO,NSE,IDO,61793,,NIFTY,,2026-08-25,2026-08-25,24700.00,CE,NIFTY26AUG24700CE,10.05,10.20,3.70,4.15,4.35,6.55,24231.85,4.15,7556250,503620,681926,1095090605241.75,157289,F1,65,,,,,
2026-08-20,2026-08-20,FO,NSE,IDO,61929,,NIFTY,,2026-08-25,2026-08-25,25200.00,CE,NIFTY26AUG25200CE,2.25,2.70,0.80,0.90,0.85,2.05,24231.85,0.90,4977115,-1090440,355793,582817295794.50,59026,F1,65,,,,,
2026-08-20,2026-08-20,FO,NSE,IDO,47277,,NIFTY,,2026-09-15,2026-09-15,23000.00,CE,NIFTY2691523000CE,0.00,0.00,0.00,1658.15,0.00,1658.15,24231.85,1378.57,0,0,0,0.00,0,F1,65,,,,,
2026-08-20,2026-08-20,FO,NSE,IDO,47279,,NIFTY,,2026-09-15,2026-09-15,23050.00,CE,NIFTY2691523050CE,0.00,0.00,0.00,1613.50,0.00,1613.50,24231.85,1334.08,0,0,0,0.00,0,F1,65,,,,,
2026-08-20,2026-08-20,FO,NSE,IDO,47283,,NIFTY,,2026-09-15,2026-09-15,23150.00,CE,NIFTY2691523150CE,0.00,0.00,0.00,1525.35,0.00,1525.35,24231.85,1246.54,0,0,0,0.00,0,F1,65,,,,,
2026-08-20,2026-08-20,FO,NSE,IDO,47287,,NIFTY,,2026-09-15,2026-09-15,23250.00,CE,NIFTY2691523250CE,0.00,0.00,0.00,1438.90,0.00,1438.90,24231.85,1161.09,0,0,0,0.00,0,F1,65,,,,,
2026-08-20,2026-08-20,FO,NSE,IDO,47297,,NIFTY,,2026-09-15,2026-09-15,23500.00,CE,NIFTY2691523500CE,0.00,0.00,0.00,1231.15,0.00,1231.15,24231.85,958.02,0,0,0,0.00,0,F1,65,,,,,
2026-08-20,2026-08-20,FO,NSE,IDO,47323,,NIFTY,,2026-09-15,2026-09-15,24100.00,CE,NIFTY2691524100CE,352.00,436.05,352.00,396.45,402.00,317.50,24231.85,396.45,10010,-3965,279,444240358.25,222,F1,65,,,,,
2026-08-20,2026-08-20,FO,NSE,IDO,47356,,NIFTY,,2026-09-15,2026-09-15,24850.00,CE,NIFTY2691524850CE,0.00,0.00,0.00,395.35,0.00,395.35,24231.85,218.75,0,0,0,0.00,0,F1,65,,,,,
2026-08-20,2026-08-20,FO,NSE,IDO,47365,,NIFTY,,2026-09-15,2026-09-15,25050.00,CE,NIFTY2691525050CE,0.00,0.00,0.00,318.55,0.00,318.55,24231.85,164.64,0,0,0,0.00,0,F1,65,,,,,
2026-08-20,2026-08-20,FO,NSE,IDO,47373,,NIFTY,,2026-09-15,2026-09-15,25250.00,CE,NIFTY2691525250CE,0.00,0.00,0.00,253.25,0.00,253.25,24231.85,120.04,0,0,0,0.00,0,F1,65,,,,,
2026-08-20,2026-08-20,FO,NSE,IDO,47397,,NIFTY,,2026-09-15,2026-09-15,25650.00,CE,NIFTY2691525650CE,0.00,0.00,0.00,153.90,0.00,153.90,24231.85,60.65,0,0,0,0.00,0,F1,65,,,,,
2026-08-20,2026-08-20,FO,NSE,IDO,47407,,NIFTY,,2026-09-15,2026-09-15,25750.00,CE,NIFTY2691525750CE,0.00,0.00,0.00,134.65,0.00,134.65,24231.85,50.47,0,0,0,0.00,0,F1,65,,,,,
2026-08-20,2026-08-20,FO,NSE,IDO,47415,,NIFTY,,2026-09-15,2026-09-15,25850.00,CE,NIFTY2691525850CE,0.00,0.00,0.00,117.45,0.00,117.45,24231.85,41.78,0,0,0,0.00,0,F1,65,,,,,
2026-08-20,2026-08-20,FO,NSE,IDO,47437,,NIFTY,,2026-09-15,2026-09-15,26100.00,CE,NIFTY2691526100CE,2.80,3.30,2.80,2.80,2.80,4.15,24231.85,25.44,715,195,10,16966852.50,3,F1,65,,,,,
2026-08-20,2026-08-20,FO,NSE,IDO,47441,,NIFTY,,2026-09-15,2026-09-15,26200.00,CE,NIFTY2691526200CE,4.95,4.95,2.70,3.50,3.50,4.50,24231.85,3.50,1950,650,39,66426126.00,15,F1,65,,,,,
2026-08-20,2026-08-20,FO,NSE,IDO,57886,,NIFTY,,2026-09-22,2026-09-22,25300.00,CE,NIFTY2692225300CE,0.00,0.00,0.00,151.50,0.00,151.50,24231.85,157.65,0,0,0,0.00,0,F1,65,,,,,
2026-08-20,2026-08-20,FO,NSE,IDO,55282,,NIFTY,,2026-09-29,2026-09-29,19500.00,CE,NIFTY26SEP19500CE,4950.00,4950.00,4877.95,4878.15,4877.95,4719.05,24231.85,4878.15,140595,0,86,136400995.25,70,F1,65,,,,,
2026-08-20,2026-08-20,FO,NSE,IDO,73849,,NIFTY,,2026-09-29,2026-09-29,21750.00,CE,NIFTY26SEP21750CE,0.00,0.00,0.00,2542.45,0.00,2542.45,24231.85,2644.64,0,0,0,0.00,0,F1,65,,,,,
2026-08-20,2026-08-20,FO,NSE,IDO,73852,,NIFTY,,2026-09-29,2026-09-29,21800.00,CE,NIFTY26SEP21800CE,0.00,0.00,0.00,2929.00,2929.00,2929.00,24231.85,2595.93,65,0,0,0.00,0,F1,65,,,,,
2026-08-20,2026-08-20,FO,NSE,IDO,73869,,NIFTY,,2026-09-29,2026-09-29,22100.00,CE,NIFTY26SEP22100CE,0.00,0.00,0.00,2242.10,0.00,2242.10,24231.85,2306.17,0,0,0,0.00,0,F1,65,,,,,
2026-08-20,2026-08-20,FO,NSE,IDO,74114,,NIFTY,,2026-09-29,2026-09-29,24400.00,CE,NIFTY26SEP24400CE,275.00,335.00,274.95,306.15,308.45,248.45,24231.85,306.15,1400555,699140,27431,44040264924.50,21216,F1,65,,,,,
2026-08-20,2026-08-20,FO,NSE,IDO,74353,,NIFTY,,2026-09-29,2026-09-29,24700.00,CE,NIFTY26SEP24700CE,164.00,187.70,143.75,170.15,168.75,136.95,24231.85,170.15,488280,3250,6901,11154497887.00,4503,F1,65,,,,,
2026-08-20,2026-08-20,FO,NSE,IDO,74357,,NIFTY,,2026-09-29,2026-09-29,24800.00,CE,NIFTY26SEP24800CE,129.00,150.00,119.60,134.30,135.90,109.20,24231.85,134.30,853970,83135,11141,18056234914.25,7144,F1,65,,,,,
2026-08-20,2026-08-20,FO,NSE,IDO,74361,,NIFTY,,2026-09-29,2026-09-29,24900.00,CE,NIFTY26SEP24900CE,94.60,118.70,94.60,105.20,104.70,86.95,24231.85,105.20,437515,40820,8931,14515768387.25,5941,F1,65,,,,,
2026-08-20,2026-08-20,FO,NSE,IDO,74477,,NIFTY,,2026-09-29,2026-09-29,26400.00,CE,NIFTY26SEP26400CE,0.00,0.00,0.00,175.40,0.00,175.40,24231.85,44.93,0,0,0,0.00,0,F1,65,,,,,
2026-08-20,2026-08-20,FO,NSE,IDO,51324,,NIFTY,,2026-10-27,2026-10-27,22350.00,CE,NIFTY26OCT22350CE,0.00,0.00,0.00,2124.25,0.00,2124.25,24231.85,2224.43,0,0,0,0.00,0,F1,65,,,,,
2026-08-20,2026-08-20,FO,NSE,IDO,51350,,NIFTY,,2026-10-27,2026-10-27,22950.00,CE,NIFTY26OCT22950CE,0.00,0.00,0.00,1654.95,0.00,1654.95,24231.85,1713.86,0,0,0,0.00,0,F1,65,,,,,
2026-08-20,2026-08-20,FO,NSE,IDO,51388,,NIFTY,,2026-10-27,2026-10-27,23900.00,CE,NIFTY26OCT23900CE,791.80,840.00,791.80,840.00,840.00,721.05,24231.85,1029.49,1170,-130,5,8034711.75,5,F1,65,,,,,
2026-08-20,2026-08-20,FO,NSE,IDO,51402,,NIFTY,,2026-10-27,2026-10-27,24200.00,CE,NIFTY26OCT24200CE,594.95,640.05,587.05,607.70,609.00,525.50,24231.85,607.70,31460,715,280,451405084.00,217,F1,65,,,,,
2026-08-20,2026-08-20,FO,NSE,IDO,51418,,NIFTY,,2026-10-27,2026-10-27,24500.00,CE,NIFTY26OCT24500CE,410.00,456.25,410.00,432.50,433.30,370.35,24231.85,432.50,363675,38480,5073,8219888816.75,3529,F1,65,,,,,
2026-08-20,2026-08-20,FO,NSE,IDO,51458,,NIFTY,,2026-10-27,2026-10-27,25450.00,CE,NIFTY26OCT25450CE,0.00,0.00,0.00,388.60,0.00,388.60,24231.85,332.90,0,0,0,0.00,0,F1,65,,,,,
2026-08-20,2026-08-20,FO,NSE,IDO,51490,,NIFTY,,2026-10-27,2026-10-27,26000.00,CE,NIFTY26OCT26000CE,39.80,39.90,33.30,36.00,36.60,35.20,24231.85,36.00,770770,41145,6102,10326448531.75,3099,F1,65,,,,,
2026-08-20,2026-08-20,FO,NSE,IDO,51514,,NIFTY,,2026-10-27,2026-10-27,26600.00,CE,NIFTY26OCT26600CE,0.00,0.00,0.00,157.40,0.00,157.40,24231.85,111.41,0,0,0,0.00,0,F1,65,,,,,
2026-08-20,2026-08-20,FO,NSE,IDO,51520,,NIFTY,,2026-10-27,2026-10-27,26750.00,CE,NIFTY26OCT26750CE,0.00,0.00,0.00,138.30,0.00,138.30,24231.85,94.98,0,0,0,0.00,0,F1,65,,,,,
2026-08-20,2026-08-20,FO,NSE,IDO,58646,,NIFTY,,2026-12-29,2026-12-29,21000.00,CE,NIFTY26DEC21000CE,3700.00,3804.00,3700.00,3740.55,3733.30,3611.60,24231.85,3740.55,196080,130,68,109384171.00,58,F1,65,,,,,
2026-08-20,2026-08-20,FO,NSE,IDO,80192,,NIFTY,,2027-03-30,2027-03-30,18000.00,CE,NIFTY27MAR18000CE,0.00,0.00,0.00,5643.55,0.00,5643.55,24231.85,6937.14,0,0,0,0.00,0,F1,65,,,,,
2026-08-20,2026-08-20,FO,NSE,IDO,71553,,NIFTY,,2027-06-29,2027-06-29,21000.00,CE,NIFTY27JUN21000CE,0.00,0.00,0.00,3061.80,0.00,3061.80,24231.85,4523.95,0,0,0,0.00,0,F1,65,,,,,
2026-08-20,2026-08-20,FO,NSE,IDO,71560,,NIFTY,,2027-06-29,2027-06-29,24000.00,CE,NIFTY27JUN24000CE,0.00,0.00,0.00,2000.00,2000.00,2000.00,24231.85,2317.88,1190,0,0,0.00,0,F1,65,,,,,
2026-08-20,2026-08-20,FO,NSE,IDO,50981,,NIFTY,,2027-06-29,2027-06-29,27000.00,CE,NIFTY27JUN27000CE,570.00,570.00,570.00,570.00,570.00,540.00,24231.85,942.12,455,0,1,1792050.00,1,F1,65,,,,,
2026-08-20,2026-08-20,FO,NSE,IDO,55424,,NIFTY,,2027-12-28,2027-12-28,22500.00,CE,NIFTY27DEC22500CE,0.00,0.00,0.00,6183.00,0.00,6183.00,24231.85,4105.15,0,0,0,0.00,0,F1,65,,,,,
2026-08-20,2026-08-20,FO,NSE,IDO,55426,,NIFTY,,2027-12-28,2027-12-28,25500.00,CE,NIFTY27DEC25500CE,0.00,0.00,0.00,2400.00,2400.00,2400.00,24231.85,2288.14,0,0,0,0.00,0,F1,65,,,,,
2026-08-20,2026-08-20,FO,NSE,IDO,55428,,NIFTY,,2027-12-28,2027-12-28,28500.00,CE,NIFTY27DEC28500CE,605.10,615.00,605.10,615.00,615.00,600.00,24231.85,1124.44,11895,390,8,15139156.50,8,F1,65,,,,,
2026-08-20,2026-08-20,FO,NSE,IDO,55476,,NIFTY,,2028-06-27,2028-06-27,25500.00,CE,NIFTY28JUN25500CE,0.00,0.00,0.00,4676.60,0.00,4676.60,24231.85,3000.96,0,0,0,0.00,0,F1,65,,,,,
2026-08-20,2026-08-20,FO,NSE,IDO,55480,,NIFTY,,2028-06-27,2028-06-27,31500.00,CE,NIFTY28JUN31500CE,0.00,0.00,0.00,1784.80,0.00,1784.80,24231.85,924.25,0,0,0,0.00,0,F1,65,,,,,
2026-08-20,2026-08-20,FO,NSE,IDO,67776,,NIFTY,,2028-12-26,2028-12-26,21000.00,CE,NIFTY28DEC21000CE,0.00,0.00,0.00,7512.50,0.00,7512.50,24231.85,6531.11,0,0,0,0.00,0,F1,65,,,,,
2026-08-20,2026-08-20,FO,NSE,IDO,55602,,NIFTY,,2029-12-24,2029-12-24,22500.00,CE,NIFTY29DEC22500CE,0.00,0.00,0.00,8486.15,0.00,8486.15,24231.85,6696.83,0,0,0,0.00,0,F1,65,,,,,
2026-08-20,2026-08-20,FO,NSE,IDO,55640,,NIFTY,,2030-06-25,2030-06-25,16500.00,CE,NIFTY30JUN16500CE,0.00,0.00,0.00,13374.05,0.00,13374.05,24231.85,11454.25,0,0,0,0.00,0,F1,65,,,,,
2026-08-20,2026-08-20,FO,NSE,IDO,55642,,NIFTY,,2030-06-25,2030-06-25,19500.00,CE,NIFTY30JUN19500CE,0.00,0.00,0.00,11140.25,0.00,11140.25,24231.85,9267.60,0,0,0,0.00,0,F1,65,,,,,
2026-08-20,2026-08-20,FO,NSE,IDO,74655,,NIFTY,,2031-06-24,2031-06-24,28500.00,CE,NIFTY31JUN28500CE,0.00,0.00,0.00,5048.95,0.00,5048.95,24231.85,5240.04,0,0,0,0.00,0,F1,65,,,,,
2026-08-20,2026-08-20,FO,NSE,IDO,61351,,NIFTY,,2026-08-25,2026-08-25,21950.00,PE,NIFTY26AUG21950PE,2.00,2.20,0.75,1.05,1.00,1.60,24231.85,1.05,55900,38480,3273,4670024427.25,1791,F1,65,,,,,
2026-08-20,2026-08-20,FO,NSE,IDO,61429,,NIFTY,,2026-08-25,2026-08-25,23000.00,PE,NIFTY26AUG23000PE,2.70,3.30,1.70,1.95,2.15,3.05,24231.85,1.95,10061870,-38870,547607,818753775576.75,87837,F1,65,,,,,
2026-08-20,2026-08-20,FO,NSE,IDO,61529,,NIFTY,,2026-08-25,2026-08-25,23650.00,PE,NIFTY26AUG23650PE,12.00,12.00,3.60,4.05,4.55,12.00,24231.85,4.05,1926925,-102050,251260,386327889307.75,62304,F1,65,,,,,
2026-08-20,2026-08-20,FO,NSE,IDO,61646,,NIFTY,,2026-08-25,2026-08-25,24150.00,PE,NIFTY26AUG24150PE,55.95,72.65,34.45,42.55,43.85,134.20,24231.85,42.55,4652050,2728635,911666,1433897847882.50,354257,F1,65,,,,,
2026-08-20,2026-08-20,FO,NSE,IDO,61774,,NIFTY,,2026-08-25,2026-08-25,24550.00,PE,NIFTY26AUG24550PE,327.70,339.00,224.05,270.50,271.15,445.00,24231.85,270.50,190645,-48360,21769,35122947278.25,15813,F1,65,,,,,
2026-08-20,2026-08-20,FO,NSE,IDO,61922,,NIFTY,,2026-08-25,2026-08-25,25150.00,PE,NIFTY26AUG25150PE,998.95,998.95,893.60,893.60,893.60,1010.30,24231.85,902.53,2405,65,4,6778632.25,4,F1,65,,,,,
2026-08-20,2026-08-20,FO,NSE,IDO,62000,,NIFTY,,2026-08-25,2026-08-25,25800.00,PE,NIFTY26AUG25800PE,1542.00,1544.00,1486.00,1508.00,1508.00,1685.00,24231.85,1508.00,11505,-910,19,33725185.00,16,F1,65,,,,,
2026-08-20,2026-08-20,FO,NSE,IDO,62221,,NIFTY,,2026-08-25,2026-08-25,26850.00,PE,NIFTY26AUG26850PE,0.00,0.00,0.00,2671.25,0.00,2671.25,24231.85,2595.87,0,0,0,0.00,0,F1,65,,,,,
2026-08-20,2026-08-20,FO,NSE,IDO,46938,,NIFTY,,2026-09-01,2026-09-01,22800.00,PE,NIFTY2690122800PE,5.45,5.50,3.65,4.55,4.85,6.10,24231.85,4.55,152880,28340,7252,10749686112.75,4862,F1,65,,,,,
2026-08-20,2026-08-20,FO,NSE,IDO,46948,,NIFTY,,2026-09-01,2026-09-01,23050.00,PE,NIFTY2690123050PE,7.65,7.65,5.15,5.65,5.75,8.15,24231.85,5.65,26845,-9425,1516,2271922698.50,1089,F1,65,,,,,
2026-08-20,2026-08-20,FO,NSE,IDO,46994,,NIFTY,,2026-09-01,2026-09-01,24200.00,PE,NIFTY2690124200PE,131.45,139.40,92.10,108.35,110.05,202.55,24231.85,108.35,1403805,738725,85730,135489022448.00,55662,F1,65,,,,,
2026-08-20,2026-08-20,FO,NSE,IDO,47002,,NIFTY,,2026-09-01,2026-09-01,24400.00,PE,NIFTY2690124400PE,245.00,245.00,173.30,201.75,204.20,327.80,24231.85,201.75,508105,206765,17686,28286818439.75,11806,F1,65,,,,,
2026-08-20,2026-08-20,FO,NSE,IDO,47020,,NIFTY,,2026-09-01,2026-09-01,24850.00,PE,NIFTY2690124850PE,0.00,0.00,0.00,418.00,418.00,418.00,24231.85,659.02,65,0,0,0.00,0,F1,65,,,,,
2026-08-20,2026-08-20,FO,NSE,IDO,47030,,NIFTY,,2026-09-01,2026-09-01,25100.00,PE,NIFTY2690125100PE,740.85,783.10,740.85,780.85,782.75,941.55,24231.85,780.85,6045,5460,95,159792363.25,73,F1,65,,,,,
2026-08-20,2026-08-20,FO,NSE,IDO,47046,,NIFTY,,2026-09-01,2026-09-01,25500.00,PE,NIFTY2690125500PE,1209.00,1209.00,1147.10,1177.80,1181.00,1348.15,24231.85,1177.80,8905,5915,123,213274470.50,87,F1,65,,,,,
2026-08-20,2026-08-20,FO,NSE,IDO,47048,,NIFTY,,2026-09-01,2026-09-01,25550.00,PE,NIFTY2690125550PE,0.00,0.00,0.00,1380.15,1380.15,1380.15,24231.85,1280.24,65,0,0,0.00,0,F1,65,,,,,
2026-08-20,2026-08-20,FO,NSE,IDO,47078,,NIFTY,,2026-09-01,2026-09-01,26300.00,PE,NIFTY2690126300PE,0.00,0.00,0.00,1989.70,0.00,1989.70,24231.85,2016.61,0,0,0,0.00,0,F1,65,,,,,
2026-08-20,2026-08-20,FO,NSE,IDO,47099,,NIFTY,,2026-09-01,2026-09-01,26700.00,PE,NIFTY2690126700PE,0.00,0.00,0.00,2360.10,0.00,2360.10,24231.85,2415.15,0,0,0,0.00,0,F1,65,,,,,
2026-08-20,2026-08-20,FO,NSE,IDO,47111,,NIFTY,,2026-09-01,2026-09-01,27000.00,PE,NIFTY2690127000PE,0.00,0.00,0.00,2645.40,0.00,2645.40,24231.85,2714.44,0,0,0,0.00,0,F1,65,,,,,
2026-08-20,2026-08-20,FO,NSE,IDO,42600,,NIFTY,,2026-09-08,2026-09-08,23200.00,PE,NIFTY2690823200PE,16.15,16.20,10.80,11.20,11.60,22.15,24231.85,11.20,68445,27170,3147,4748303313.00,1704,F1,65,,,,,
2026-08-20,2026-08-20,FO,NSE,IDO,42628,,NIFTY,,2026-09-08,2026-09-08,23700.00,PE,NIFTY2690823700PE,44.05,46.80,33.15,36.70,38.75,71.80,24231.85,36.70,155415,19630,5286,8155910857.25,3690,F1,65,,,,,
2026-08-20,2026-08-20,FO,NSE,IDO,42670,,NIFTY,,2026-09-08,2026-09-08,24700.00,PE,NIFTY2690824700PE,452.35,465.00,382.70,426.40,427.00,549.85,24231.85,426.40,11115,715,94,153537809.75,91,F1,65,,,,,
2026-08-20,2026-08-20,FO,NSE,IDO,47260,,NIFTY,,2026-09-15,2026-09-15,22550.00,PE,NIFTY2691522550PE,0.00,0.00,0.00,12.00,12.00,12.00,24231.85,16.71,65,0,0,0.00,0,F1,65,,,,,
2026-08-20,2026-08-20,FO,NSE,IDO,47282,,NIFTY,,2026-09-15,2026-09-15,23100.00,PE,NIFTY2691523100PE,0.00,0.00,0.00,63.70,0.00,63.70,24231.85,58.71,0,0,0,0.00,0,F1,65,,,,,
2026-08-20,2026-08-20,FO,NSE,IDO,47292,,NIFTY,,2026-09-15,2026-09-15,23350.00,PE,NIFTY2691523350PE,0.00,0.00,0.00,97.30,0.00,97.30,24231.85,95.51,0,0,0,0.00,0,F1,65,,,,,
2026-08-20,2026-08-20,FO,NSE,IDO,47318,,NIFTY,,2026-09-15,2026-09-15,23950.00,PE,NIFTY2691523950PE,107.45,113.30,89.80,99.45,99.55,157.30,24231.85,99.45,7540,-260,68,106296115.25,56,F1,65,,,,,
2026-08-20,2026-08-20,FO,NSE,IDO,47332,,NIFTY,,2026-09-15,2026-09-15,24300.00,PE,NIFTY2691524300PE,222.05,230.15,182.70,204.70,208.35,302.70,24231.85,204.70,14690,7020,378,602014939.50,280,F1,65,,,,,
2026-08-20,2026-08-20,FO,NSE,IDO,47346,,NIFTY,,2026-09-15,2026-09-15,24600.00,PE,NIFTY2691524600PE,318.70,364.85,318.65,358.55,364.85,494.30,24231.85,358.55,2080,390,11,17838811.25,8,F1,65,,,,,
2026-08-20,2026-08-20,FO,NSE,IDO,47372,,NIFTY,,2026-09-15,2026-09-15,25200.00,PE,NIFTY2691525200PE,0.00,0.00,0.00,850.85,0.00,850.85,24231.85,989.57,0,0,0,0.00,0,F1,65,,,,,
2026-08-20,2026-08-20,FO,NSE,IDO,47436,,NIFTY,,2026-09-15,2026-09-15,26050.00,PE,NIFTY2691526050PE,0.00,0.00,0.00,1515.75,0.00,1515.75,24231.85,1734.11,0,0,0,0.00,0,F1,65,,,,,
2026-08-20,2026-08-20,FO,NSE,IDO,56864,,NIFTY,,2026-09-22,2026-09-22,22450.00,PE,NIFTY2692222450PE,0.00,0.00,0.00,30.65,0.00,30.65,24231.85,22.46,0,0,0,0.00,0,F1,65,,,,,
2026-08-20,2026-08-20,FO,NSE,IDO,56936,,NIFTY,,2026-09-22,2026-09-22,22850.00,PE,NIFTY2692222850PE,0.00,0.00,0.00,66.05,0.00,66.05,24231.85,51.23,0,0,0,0.00,0,F1,65,,,,,
2026-08-20,2026-08-20,FO,NSE,IDO,56948,,NIFTY,,2026-09-22,2026-09-22,22950.00,PE,NIFTY2692222950PE,0.00,0.00,0.00,78.75,0.00,78.75,24231.85,61.86,0,0,0,0.00,0,F1,65,,,,,
2026-08-20,2026-08-20,FO,NSE,IDO,57928,,NIFTY,,2026-09-22,2026-09-22,25550.00,PE,NIFTY2692225550PE,0.00,0.00,0.00,1354.25,0.00,1354.25,24231.85,1278.11,0,0,0,0.00,0,F1,65,,,,,
2026-08-20,2026-08-20,FO,NSE,IDO,73848,,NIFTY,,2026-09-29,2026-09-29,21700.00,PE,NIFTY26SEP21700PE,12.45,14.40,9.95,11.25,11.80,13.20,24231.85,11.25,47775,390,87,122776478.50,63,F1,65,,,,,
2026-08-20,2026-08-20,FO,NSE,IDO,73874,,NIFTY,,2026-09-29,2026-09-29,22200.00,PE,NIFTY26SEP22200PE,19.15,19.15,14.00,15.00,14.80,19.20,24231.85,15.00,81900,7995,1239,1789117648.50,842,F1,65,,,,,
2026-08-20,2026-08-20,FO,NSE,IDO,73876,,NIFTY,,2026-09-29,2026-09-29,22250.00,PE,NIFTY26SEP22250PE,15.35,16.70,15.30,15.75,15.90,19.75,24231.85,15.75,16705,1235,57,82496105.25,47,F1,65,,,,,
2026-08-20,2026-08-20,FO,NSE,IDO,73909,,NIFTY,,2026-09-29,2026-09-29,23150.00,PE,NIFTY26SEP23150PE,43.70,45.30,36.40,40.25,41.55,57.65,24231.85,40.25,23530,-3510,405,610478466.00,186,F1,65,,,,,
2026-08-20,2026-08-20,FO,NSE,IDO,74009,,NIFTY,,2026-09-29,2026-09-29,23700.00,PE,NIFTY26SEP23700PE,105.00,108.45,83.55,96.10,98.00,135.45,24231.85,96.10,575640,96200,10306,15939664061.75,7494,F1,65,,,,,
2026-08-20,2026-08-20,FO,NSE,IDO,74011,,NIFTY,,2026-09-29,2026-09-29,23750.00,PE,NIFTY26SEP23750PE,112.95,114.25,91.20,104.50,105.15,147.80,24231.85,104.50,68185,1820,1016,1575255314.75,707,F1,65,,,,,
2026-08-20,2026-08-20,FO,NSE,IDO,74059,,NIFTY,,2026-09-29,2026-09-29,23950.00,PE,NIFTY26SEP23950PE,159.65,163.60,129.10,144.95,147.70,204.25,24231.85,144.95,34645,-4810,779,1220152924.25,540,F1,65,,,,,
2026-08-20,2026-08-20,FO,NSE,IDO,74065,,NIFTY,,2026-09-29,2026-09-29,24100.00,PE,NIFTY26SEP24100PE,213.55,213.55,166.00,186.80,187.50,256.75,24231.85,186.80,364390,-5720,6468,10211004904.75,4531,F1,65,,,,,
2026-08-20,2026-08-20,FO,NSE,IDO,74098,,NIFTY,,2026-09-29,2026-09-29,24250.00,PE,NIFTY26SEP24250PE,293.90,293.90,213.40,237.20,240.95,322.90,24231.85,237.20,76895,-130,1356,2158112970.00,1103,F1,65,,,,,
2026-08-20,2026-08-20,FO,NSE,IDO,74115,,NIFTY,,2026-09-29,2026-09-29,24400.00,PE,NIFTY26SEP24400PE,335.00,335.95,270.00,300.45,303.00,398.50,24231.85,300.45,1277965,651170,26965,43305662582.00,21542,F1,65,,,,,
2026-08-20,2026-08-20,FO,NSE,IDO,74350,,NIFTY,,2026-09-29,2026-09-29,24600.00,PE,NIFTY26SEP24600PE,442.70,442.70,366.75,400.65,402.45,516.05,24231.85,400.65,406250,-8905,3012,4895219468.75,2332,F1,65,,,,,
2026-08-20,2026-08-20,FO,NSE,IDO,74419,,NIFTY,,2026-09-29,2026-09-29,25750.00,PE,NIFTY26SEP25750PE,0.00,0.00,0.00,1035.00,1035.00,1035.00,24231.85,1449.00,390,0,0,0.00,0,F1,65,,,,,
2026-08-20,2026-08-20,FO,NSE,IDO,74472,,NIFTY,,2026-09-29,2026-09-29,26300.00,PE,NIFTY26SEP26300PE,1890.00,1931.85,1803.20,1875.05,1888.00,2025.70,24231.85,1875.05,19630,8450,178,325946650.25,158,F1,65,,,,,
2026-08-20,2026-08-20,FO,NSE,IDO,74508,,NIFTY,,2026-09-29,2026-09-29,27200.00,PE,NIFTY26SEP27200PE,0.00,0.00,0.00,3004.30,0.00,3004.30,24231.85,2785.67,0,0,0,0.00,0,F1,65,,,,,
2026-08-20,2026-08-20,FO,NSE,IDO,51319,,NIFTY,,2026-10-27,2026-10-27,22250.00,PE,NIFTY26OCT22250PE,31.40,33.10,27.10,28.75,29.15,37.40,24231.85,28.75,158925,10400,860,1245403900.00,354,F1,65,,,,,
2026-08-20,2026-08-20,FO,NSE,IDO,51339,,NIFTY,,2026-10-27,2026-10-27,22650.00,PE,NIFTY26OCT22650PE,0.00,0.00,0.00,53.50,53.50,53.50,24231.85,106.92,910,0,0,0.00,0,F1,65,,,,,
2026-08-20,2026-08-20,FO,NSE,IDO,51345,,NIFTY,,2026-10-27,2026-10-27,22800.00,PE,NIFTY26OCT22800PE,0.00,0.00,0.00,239.40,0.00,239.40,24231.85,128.83,0,0,0,0.00,0,F1,65,,,,,
2026-08-20,2026-08-20,FO,NSE,IDO,51347,,NIFTY,,2026-10-27,2026-10-27,22850.00,PE,NIFTY26OCT22850PE,0.00,0.00,0.00,250.85,0.00,250.85,24231.85,136.86,0,0,0,0.00,0,F1,65,,,,,
2026-08-20,2026-08-20,FO,NSE,IDO,51481,,NIFTY,,2026-10-27,2026-10-27,25750.00,PE,NIFTY26OCT25750PE,0.00,0.00,0.00,1149.95,1149.95,1149.95,24231.85,1463.09,260,0,0,0.00,0,F1,65,,,,,
2026-08-20,2026-08-20,FO,NSE,IDO,51487,,NIFTY,,2026-10-27,2026-10-27,25900.00,PE,NIFTY26OCT25900PE,0.00,0.00,0.00,1231.50,1231.50,1231.50,24231.85,1577.40,65,0,0,0.00,0,F1,65,,,,,
2026-08-20,2026-08-20,FO,NSE,IDO,51497,,NIFTY,,2026-10-27,2026-10-27,26150.00,PE,NIFTY26OCT26150PE,0.00,0.00,0.00,1657.00,1657.00,1657.00,24231.85,1777.15,130,0,0,0.00,0,F1,65,,,,,
2026-08-20,2026-08-20,FO,NSE,IDO,58631,,NIFTY,,2026-12-29,2026-12-29,13000.00,PE,NIFTY26DEC13000PE,8.00,9.70,8.00,9.70,9.70,7.50,24231.85,0.00,8590,390,6,5073341.00,2,F1,65,,,,,
2026-08-20,2026-08-20,FO,NSE,IDO,71506,,NIFTY,,2026-12-29,2026-12-29,26000.00,PE,NIFTY26DEC26000PE,1356.80,1356.90,1276.30,1311.85,1317.15,1438.90,24231.85,1311.85,1405145,-3490,572,1015997531.25,338,F1,65,,,,,
2026-08-20,2026-08-20,FO,NSE,IDO,80267,,NIFTY,,2027-03-30,2027-03-30,19500.00,PE,NIFTY27MAR19500PE,55.00,55.45,52.50,54.60,54.50,57.00,24231.85,54.60,88400,1755,118,149975884.50,88,F1,65,,,,,
2026-08-20,2026-08-20,FO,NSE,IDO,67789,,NIFTY,,2028-12-26,2028-12-26,27000.00,PE,NIFTY28DEC27000PE,0.00,0.00,0.00,1655.00,1655.00,1655.00,24231.85,1863.01,13165,0,0,0.00,0,F1,65,,,,,
2026-08-20,2026-08-20,FO,NSE,IDO,55525,,NIFTY,,2028-12-26,2028-12-26,28500.00,PE,NIFTY28DEC28500PE,0.00,0.00,0.00,1451.15,0.00,1451.15,24231.85,2532.49,0,0,0,0.00,0,F1,65,,,,,
2026-08-20,2026-08-20,FO,NSE,IDO,89631,,NIFTY,,2029-06-26,2029-06-26,24000.00,PE,NIFTY29JUN24000PE,0.00,0.00,0.00,825.00,825.00,825.00,24231.85,849.86,155,0,0,0.00,0,F1,65,,,,,
2026-08-20,2026-08-20,FO,NSE,IDO,55605,,NIFTY,,2029-12-24,2029-12-24,25500.00,PE,NIFTY29DEC25500PE,0.00,0.00,0.00,597.30,0.00,597.30,24231.85,1192.07,0,0,0,0.00,0,F1,65,,,,,
2026-08-20,2026-08-20,FO,NSE,IDO,55609,,NIFTY,,2029-12-24,2029-12-24,31500.00,PE,NIFTY29DEC31500PE,0.00,0.00,0.00,2240.25,0.00,2240.25,24231.85,3514.45,0,0,0,0.00,0,F1,65,,,,,
2026-08-20,2026-08-20,FO,NSE,IDO,60899,,NIFTY,,2030-06-25,2030-06-25,21000.00,PE,NIFTY30JUN21000PE,0.00,0.00,0.00,220.00,220.00,220.00,24231.85,334.72,65,0,0,0.00,0,F1,65,,,,,
2026-08-20,2026-08-20,FO,NSE,IDO,55647,,NIFTY,,2030-06-25,2030-06-25,25500.00,PE,NIFTY30JUN25500PE,0.00,0.00,0.00,568.55,0.00,568.55,24231.85,1131.92,0,0,0,0.00,0,F1,65,,,,,
2026-08-20,2026-08-20,FO,NSE,IDO,55703,,NIFTY,,2030-12-31,2030-12-31,21000.00,PE,NIFTY30DEC21000PE,0.00,0.00,0.00,455.05,455.05,455.05,24231.85,333.19,780,0,0,0.00,0,F1,65,,,,,
2026-08-20,2026-08-20,FO,NSE,IDO,47104,,NIFTY,,2026-09-01,2026-09-01,26850.00,CE,NIFTY2690126850CE,1.00,1.00,1.00,1.00,1.00,1.40,24231.85,1.00,1235,0,2,3490630.00,1,F1,65,,,,,
2026-08-20,2026-08-20,FO,NSE,IDO,47102,,NIFTY,,2026-09-01,2026-09-01,26800.00,CE,NIFTY2690126800CE,1.15,1.25,0.75,1.00,1.05,1.25,24231.85,1.00,11050,1625,86,149817830.50,57,F1,65,,,,,
2026-08-20,2026-08-20,FO,NSE,IDO,47081,,NIFTY,,2026-09-01,2026-09-01,26400.00,CE,NIFTY2690126400CE,1.10,1.65,0.75,0.95,1.50,1.50,24231.85,0.95,17355,-520,176,302026344.75,74,F1,65,,,,,
2026-08-20,2026-08-20,FO,NSE,IDO,47075,,NIFTY,,2026-09-01,2026-09-01,26250.00,CE,NIFTY2690126250CE,1.00,1.60,0.95,1.35,1.60,1.40,24231.85,1.35,3705,585,69,117735800.00,28,F1,65,,,,,
2026-08-20,2026-08-20,FO,NSE,IDO,47009,,NIFTY,,2026-09-01,2026-09-01,24600.00,CE,NIFTY2690124600CE,50.00,65.90,43.95,48.65,49.15,38.00,24231.85,48.65,1242150,309075,50971,81672852196.00,29912,F1,65,,,,,
2026-08-20,2026-08-20,FO,NSE,IDO,47003,,NIFTY,,2026-09-01,2026-09-01,24450.00,CE,NIFTY2690124450CE,99.60,119.75,83.35,94.60,94.80,66.00,24231.85,94.60,382005,233480,14114,22519253828.50,9690,F1,65,,,,,
2026-08-20,2026-08-20,FO,NSE,IDO,46913,,NIFTY,,2026-09-01,2026-09-01,22200.00,CE,NIFTY2690122200CE,0.00,0.00,0.00,2171.80,0.00,2171.80,24231.85,2076.28,0,0,0,0.00,0,F1,65,,,,,
2026-08-20,2026-08-20,FO,NSE,IDO,46905,,NIFTY,,2026-09-01,2026-09-01,22000.00,CE,NIFTY2690122000CE,0.00,0.00,0.00,2360.90,0.00,2360.90,24231.85,2275.72,0,0,0,0.00,0,F1,65,,,,,
2026-08-20,2026-08-20,FO,NSE,IDO,62222,,NIFTY,,2026-08-25,2026-08-25,26900.00,CE,NIFTY26AUG26900CE,0.90,0.95,0.40,0.45,0.40,0.60,24231.85,0.45,114205,79755,3982,6962660701.75,911,F1,65,,,,,
2026-08-20,2026-08-20,FO,NSE,IDO,62058,,NIFTY,,2026-08-25,2026-08-25,26250.00,CE,NIFTY26AUG26250CE,0.80,1.00,0.40,0.55,0.40,0.75,24231.85,0.55,64350,-25610,2519,4298126582.75,627,F1,65,,,,,
2026-08-20,2026-08-20,FO,NSE,IDO,62022,,NIFTY,,2026-08-25,2026-08-25,25900.00,CE,NIFTY26AUG25900CE,1.00,1.20,0.40,0.45,0.45,0.85,24231.85,0.45,945230,-34645,20808,35031006682.75,4303,F1,65,,,,,
2026-08-20,2026-08-20,FO,NSE,IDO,62002,,NIFTY,,2026-08-25,2026-08-25,25850.00,CE,NIFTY26AUG25850CE,1.05,1.15,0.40,0.50,0.45,0.90,24231.85,0.50,200265,-17095,5407,9085308306.75,961,F1,65,,,,,
2026-08-20,2026-08-20,FO,NSE,IDO,61727,,NIFTY,,2026-08-25,2026-08-25,24450.00,CE,NIFTY26AUG24450CE,32.90,54.45,27.40,32.60,34.10,22.15,24231.85,32.60,2729935,192400,576863,918144656838.50,253603,F1,65,,,,,
2026-08-20,2026-08-20,FO,NSE,IDO,61397,,NIFTY,,2026-08-25,2026-08-25,22500.00,CE,NIFTY26AUG22500CE,1752.75,1833.35,1747.20,1795.55,1787.90,1617.10,24231.85,1795.55,249275,-17160,403,635965092.75,318,F1,65,,,,,
2026-08-20,2026-08-20,FO,NSE,IDO,61338,,NIFTY,,2026-08-25,2026-08-25,21700.00,CE,NIFTY26AUG21700CE,0.00,0.00,0.00,2535.00,2535.00,2535.00,24231.85,2549.86,650,0,0,0.00,0,F1,65,,,,,
2026-08-20,2026-08-20,FO,NSE,IDO,42765,,NIFTY,,2026-09-08,2026-09-08,26300.00,CE,NIFTY2690826300CE,3.10,3.10,2.00,2.35,2.35,2.20,24231.85,2.35,10790,2665,79,135064104.50,29,F1,65,,,,,
2026-08-20,2026-08-20,FO,NSE,IDO,50979,,NIFTY,,2026-12-29,2026-12-29,27000.00,PE,NIFTY26DEC27000PE,2246.45,2246.45,2102.00,2157.75,2154.40,2291.10,24231.85,2157.75,913780,1520,156,295658577.50,136,F1,65,,,,,
2026-08-20,2026-08-20,FO,NSE,IDO,38159,,NIFTY,,2026-12-29,2026-12-29,29000.00,PE,NIFTY26DEC29000PE,4070.00,4070.00,4010.00,4030.00,4030.00,4164.40,24231.85,4030.00,214450,-455,13,27918003.75,13,F1,65,,,,,
2026-08-20,2026-08-20,FO,NSE,IDO,80189,,NIFTY,,2027-03-30,2027-03-30,15000.00,PE,NIFTY27MAR15000PE,20.00,20.00,20.00,20.00,20.00,15.55,24231.85,0.01,715,65,1,976300.00,1,F1,65,,,,,
2026-08-20,2026-08-20,FO,NSE,IDO,55379,,NIFTY,,2027-06-29,2027-06-29,28500.00,PE,NIFTY27JUN28500PE,0.00,0.00,0.00,1807.05,0.00,1807.05,24231.85,3266.87,0,0,0,0.00,0,F1,65,,,,,
2026-08-20,2026-08-20,FO,NSE,IDO,35263,,NIFTY,,2027-06-29,2027-06-29,30000.00,PE,NIFTY27JUN30000PE,0.00,0.00,0.00,4000.00,4000.00,4000.00,24231.85,4439.09,455,0,0,0.00,0,F1,65,,,,,
2026-08-20,2026-08-20,FO,NSE,IDO,53619,,NIFTY,,2027-12-28,2027-12-28,23000.00,PE,NIFTY27DEC23000PE,479.75,486.00,460.30,463.00,463.00,496.00,24231.85,463.00,49830,-325,34,51859694.25,17,F1,65,,,,,
2026-08-20,2026-08-20,FO,NSE,IDO,55469,,NIFTY,,2028-06-27,2028-06-27,16500.00,PE,NIFTY28JUN16500PE,0.00,0.00,0.00,3.80,0.00,3.80,24231.85,16.78,0,0,0,0.00,0,F1,65,,,,,
2026-08-20,2026-08-20,FO,NSE,IDO,67775,,NIFTY,,2028-12-26,2028-12-26,20000.00,PE,NIFTY28DEC20000PE,0.00,0.00,0.00,279.00,279.00,279.00,24231.85,196.55,3875,0,0,0.00,0,F1,65,,,,,
2026-08-20,2026-08-20,FO,NSE,IDO,55651,,NIFTY,,2030-06-25,2030-06-25,31500.00,PE,NIFTY30JUN31500PE,0.00,0.00,0.00,2056.30,0.00,2056.30,24231.85,3236.48,0,0,0,0.00,0,F1,65,,,,,
2026-08-20,2026-08-20,FO,NSE,IDO,74646,,NIFTY,,2031-06-24,2031-06-24,21000.00,PE,NIFTY31JUN21000PE,0.00,0.00,0.00,450.50,0.00,450.50,24231.85,328.61,0,0,0,0.00,0,F1,65,,,,,
2026-08-20,2026-08-20,FO,NSE,IDF,48704,,NIFTY,,2026-10-27,2026-10-27,,,NIFTY26OCTFUT,24468.90,24570.00,24468.90,24518.80,24515.00,24377.00,24231.85,24518.80,646880,60190,3210,5113991200.50,2371,F1,65,,,,,
2026-08-20,2026-08-20,FO,NSE,IDO,61148,,NIFTY,,2026-08-25,2026-08-25,21200.00,CE,NIFTY26AUG21200CE,3044.60,3152.60,3044.60,3120.80,3120.80,2930.00,24231.85,3049.44,8060,-1820,37,58459024.00,37,F1,65,,,,,
2026-08-20,2026-08-20,FO,NSE,IDO,61342,,NIFTY,,2026-08-25,2026-08-25,21800.00,CE,NIFTY26AUG21800CE,0.00,0.00,0.00,2540.00,2540.00,2540.00,24231.85,2449.94,65,0,0,0.00,0,F1,65,,,,,
2026-08-20,2026-08-20,FO,NSE,IDO,61430,,NIFTY,,2026-08-25,2026-08-25,23050.00,CE,NIFTY26AUG23050CE,0.00,0.00,0.00,1088.05,1088.05,1088.05,24231.85,1201.53,390,0,0,0.00,0,F1,65,,,,,
2026-08-20,2026-08-20,FO,NSE,IDO,61519,,NIFTY,,2026-08-25,2026-08-25,23650.00,CE,NIFTY26AUG23650CE,580.00,709.25,580.00,643.30,645.85,478.80,24231.85,643.30,36595,-2405,542,855291346.00,457,F1,65,,,,,
2026-08-20,2026-08-20,FO,NSE,IDO,61536,,NIFTY,,2026-08-25,2026-08-25,23850.00,CE,NIFTY26AUG23850CE,393.80,511.25,391.25,450.40,451.30,299.40,24231.85,450.40,73775,-27430,4349,6863917056.75,3120,F1,65,,,,,
2026-08-20,2026-08-20,FO,NSE,IDO,61605,,NIFTY,,2026-08-25,2026-08-25,24050.00,CE,NIFTY26AUG24050CE,200.10,323.05,200.10,267.20,266.45,153.75,24231.85,267.20,613795,-2603705,162505,256682460979.75,99624,F1,65,,,,,
2026-08-20,2026-08-20,FO,NSE,IDO,61720,,NIFTY,,2026-08-25,2026-08-25,24400.00,CE,NIFTY26AUG24400CE,45.50,74.95,35.00,47.35,49.45,29.00,24231.85,47.35,8220680,-570310,1157875,1840208169098.00,498836,F1,65,,,,,
2026-08-20,2026-08-20,FO,NSE,IDO,61845,,NIFTY,,2026-08-25,2026-08-25,24800.00,CE,NIFTY26AUG24800CE,5.55,7.00,2.25,2.45,2.50,4.70,24231.85,2.45,6910995,-597935,905259,1459477385060.50,150633,F1,65,,,,,
2026-08-20,2026-08-20,FO,NSE,IDO,61943,,NIFTY,,2026-08-25,2026-08-25,25300.00,CE,NIFTY26AUG25300CE,1.70,2.15,0.70,0.75,0.70,1.70,24231.85,0.75,4576910,-433680,208618,343085811100.50,39412,F1,65,,,,,
2026-08-20,2026-08-20,FO,NSE,IDO,61977,,NIFTY,,2026-08-25,2026-08-25,25550.00,CE,NIFTY26AUG25550CE,1.05,1.45,0.50,0.55,0.55,1.15,24231.85,0.55,744120,-7150,19572,32505090917.00,4792,F1,65,,,,,
2026-08-20,2026-08-20,FO,NSE,IDO,62117,,NIFTY,,2026-08-25,2026-08-25,26400.00,CE,NIFTY26AUG26400CE,0.70,1.15,0.40,0.45,0.40,0.80,24231.85,0.45,124670,-12025,5805,9961574359.75,1342,F1,65,,,,,
2026-08-20,2026-08-20,FO,NSE,IDO,62119,,NIFTY,,2026-08-25,2026-08-25,26450.00,CE,NIFTY26AUG26450CE,0.95,0.95,0.40,0.50,0.55,0.75,24231.85,0.50,17485,1950,717,1232729650.75,280,F1,65,,,,,
2026-08-20,2026-08-20,FO,NSE,IDO,62195,,NIFTY,,2026-08-25,2026-08-25,26750.00,CE,NIFTY26AUG26750CE,0.95,0.95,0.40,0.45,0.40,0.70,24231.85,0.45,10530,-2730,592,1029360917.00,241,F1,65,,,,,
2026-08-20,2026-08-20,FO,NSE,IDO,46921,,NIFTY,,2026-09-01,2026-09-01,22400.00,CE,NIFTY2690122400CE,0.00,0.00,0.00,1986.25,0.00,1986.25,24231.85,1877.13,0,0,0,0.00,0,F1,65,,,,,
2026-08-20,2026-08-20,FO,NSE,IDO,46933,,NIFTY,,2026-09-01,2026-09-01,22700.00,CE,NIFTY2690122700CE,0.00,0.00,0.00,1716.55,0.00,1716.55,24231.85,1579.84,0,0,0,0.00,0,F1,65,,,,,
2026-08-20,2026-08-20,FO,NSE,IDO,46945,,NIFTY,,2026-09-01,2026-09-01,23000.00,CE,NIFTY2690123000CE,1270.00,1363.85,1270.00,1353.60,1353.60,1157.00,24231.85,1287.04,6695,1690,49,77385243.00,48,F1,65,,,,,
2026-08-20,2026-08-20,FO,NSE,IDO,46951,,NIFTY,,2026-09-01,2026-09-01,23150.00,CE,NIFTY2690123150CE,1180.00,1180.00,1180.00,1180.00,1180.00,1006.05,24231.85,1144.07,325,0,1,1581450.00,1,F1,65,,,,,
2026-08-20,2026-08-20,FO,NSE,IDO,46975,,NIFTY,,2026-09-01,2026-09-01,23750.00,CE,NIFTY2690123750CE,552.95,580.00,531.25,574.80,574.80,453.20,24231.85,574.80,5655,-455,14,22120416.50,14,F1,65,,,,,
2026-08-20,2026-08-20,FO,NSE,IDO,47005,,NIFTY,,2026-09-01,2026-09-01,24500.00,CE,NIFTY2690124500CE,68.00,99.00,67.45,75.75,75.70,54.65,24231.85,75.75,1436825,160095,78725,125773356891.00,42729,F1,65,,,,,
2026-08-20,2026-08-20,FO,NSE,IDO,47015,,NIFTY,,2026-09-01,2026-09-01,24750.00,CE,NIFTY2690124750CE,30.00,33.40,21.40,22.55,23.40,21.20,24231.85,22.55,256230,112775,12510,20146321929.50,8267,F1,65,,,,,
2026-08-20,2026-08-20,FO,NSE,IDO,47027,,NIFTY,,2026-09-01,2026-09-01,25050.00,CE,NIFTY2690125050CE,8.75,9.25,5.45,5.85,5.55,7.15,24231.85,5.85,132925,-123630,13776,22436216806.25,7934,F1,65,,,,,
2026-08-20,2026-08-20,FO,NSE,IDO,47047,,NIFTY,,2026-09-01,2026-09-01,25550.00,CE,NIFTY2690125550CE,3.25,3.25,0.80,2.10,2.10,3.05,24231.85,2.10,142155,-5720,2439,4050908572.75,1015,F1,65,,,,,
2026-08-20,2026-08-20,FO,NSE,IDO,47085,,NIFTY,,2026-09-01,2026-09-01,26500.00,CE,NIFTY2690126500CE,1.25,1.75,0.90,1.20,1.75,1.35,24231.85,1.20,35165,-585,520,895737225.50,168,F1,65,,,,,
2026-08-20,2026-08-20,FO,NSE,IDO,42573,,NIFTY,,2026-09-08,2026-09-08,22550.00,CE,NIFTY2690822550CE,0.00,0.00,0.00,2213.60,0.00,2213.60,24231.85,1760.08,0,0,0,0.00,0,F1,65,,,,,
2026-08-20,2026-08-20,FO,NSE,IDO,42639,,NIFTY,,2026-09-08,2026-09-08,24000.00,CE,NIFTY2690824000CE,378.00,465.75,339.65,416.45,419.95,328.40,24231.85,416.45,77935,7215,2048,3249351709.50,1412,F1,65,,,,,
2026-08-20,2026-08-20,FO,NSE,IDO,42659,,NIFTY,,2026-09-08,2026-09-08,24450.00,CE,NIFTY2690824450CE,143.25,170.55,134.60,143.60,145.45,108.85,24231.85,143.60,38480,3315,776,1240674737.25,644,F1,65,,,,,
2026-08-20,2026-08-20,FO,NSE,IDO,42691,,NIFTY,,2026-09-08,2026-09-08,25100.00,CE,NIFTY2690825100CE,17.40,19.00,13.25,14.90,15.00,14.70,24231.85,14.90,178425,47645,4422,7218974350.25,2427,F1,65,,,,,
2026-08-20,2026-08-20,FO,NSE,IDO,47285,,NIFTY,,2026-09-15,2026-09-15,23200.00,CE,NIFTY2691523200CE,0.00,0.00,0.00,1481.90,0.00,1481.90,24231.85,1203.54,0,0,0,0.00,0,F1,65,,,,,
2026-08-20,2026-08-20,FO,NSE,IDO,47301,,NIFTY,,2026-09-15,2026-09-15,23600.00,CE,NIFTY2691523600CE,782.20,790.75,780.75,784.90,784.90,683.35,24231.85,881.60,195,0,7,11095207.50,7,F1,65,,,,,
2026-08-20,2026-08-20,FO,NSE,IDO,47315,,NIFTY,,2026-09-15,2026-09-15,23900.00,CE,NIFTY2691523900CE,582.50,582.50,570.20,570.20,570.20,445.60,24231.85,671.18,1300,0,2,3181925.50,2,F1,65,,,,,
2026-08-20,2026-08-20,FO,NSE,IDO,47339,,NIFTY,,2026-09-15,2026-09-15,24500.00,CE,NIFTY2691524500CE,168.20,192.00,150.00,168.40,168.05,131.30,24231.85,168.40,143715,14755,1758,2818762183.25,1335,F1,65,,,,,
2026-08-20,2026-08-20,FO,NSE,IDO,47395,,NIFTY,,2026-09-15,2026-09-15,25600.00,CE,NIFTY2691525600CE,0.00,0.00,0.00,164.30,0.00,164.30,24231.85,66.36,0,0,0,0.00,0,F1,65,,,,,
2026-08-20,2026-08-20,FO,NSE,IDO,56939,,NIFTY,,2026-09-22,2026-09-22,22950.00,CE,NIFTY2692222950CE,0.00,0.00,0.00,1416.40,0.00,1416.40,24231.85,1479.01,0,0,0,0.00,0,F1,65,,,,,
2026-08-20,2026-08-20,FO,NSE,IDO,56983,,NIFTY,,2026-09-22,2026-09-22,23250.00,CE,NIFTY2692223250CE,0.00,0.00,0.00,1168.05,0.00,1168.05,24231.85,1223.60,0,0,0,0.00,0,F1,65,,,,,
2026-08-20,2026-08-20,FO,NSE,IDO,57052,,NIFTY,,2026-09-22,2026-09-22,23650.00,CE,NIFTY2692223650CE,0.00,0.00,0.00,870.30,0.00,870.30,24231.85,914.80,0,0,0,0.00,0,F1,65,,,,,
2026-08-20,2026-08-20,FO,NSE,IDO,57084,,NIFTY,,2026-09-22,2026-09-22,23800.00,CE,NIFTY2692223800CE,0.00,0.00,0.00,770.25,0.00,770.25,24231.85,810.39,0,0,0,0.00,0,F1,65,,,,,
2026-08-20,2026-08-20,FO,NSE,IDO,57251,,NIFTY,,2026-09-22,2026-09-22,24100.00,CE,NIFTY2692224100CE,419.55,476.05,419.55,442.60,448.50,364.80,24231.85,442.60,9165,-195,72,114867402.00,63,F1,65,,,,,
2026-08-20,2026-08-20,FO,NSE,IDO,57734,,NIFTY,,2026-09-22,2026-09-22,24800.00,CE,NIFTY2692224800CE,0.00,0.00,0.00,283.80,0.00,283.80,24231.85,297.87,0,0,0,0.00,0,F1,65,,,,,
2026-08-20,2026-08-20,FO,NSE,IDO,57796,,NIFTY,,2026-09-22,2026-09-22,25000.00,CE,NIFTY2692225000CE,0.00,0.00,0.00,223.05,0.00,223.05,24231.85,233.47,0,0,0,0.00,0,F1,65,,,,,
2026-08-20,2026-08-20,FO,NSE,IDO,57998,,NIFTY,,2026-09-22,2026-09-22,25750.00,CE,NIFTY2692225750CE,0.00,0.00,0.00,79.60,0.00,79.60,24231.85,81.81,0,0,0,0.00,0,F1,65,,,,,
2026-08-20,2026-08-20,FO,NSE,IDO,65893,,NIFTY,,2026-09-29,2026-09-29,21000.00,CE,NIFTY26SEP21000CE,3380.00,3425.25,3346.65,3367.50,3367.70,3234.60,24231.85,3367.50,477490,1885,125,198047752.50,114,F1,65,,,,,
2026-08-20,2026-08-20,FO,NSE,IDO,73805,,NIFTY,,2026-09-29,2026-09-29,21600.00,CE,NIFTY26SEP21600CE,0.00,0.00,0.00,2640.00,2640.00,2640.00,24231.85,2791.28,3250,0,0,0.00,0,F1,65,,,,,
2026-08-20,2026-08-20,FO,NSE,IDO,73859,,NIFTY,,2026-09-29,2026-09-29,21950.00,CE,NIFTY26SEP21950CE,0.00,0.00,0.00,2369.20,0.00,2369.20,24231.85,2450.46,0,0,0,0.00,0,F1,65,,,,,
2026-08-20,2026-08-20,FO,NSE,IDO,73897,,NIFTY,,2026-09-29,2026-09-29,22850.00,CE,NIFTY26SEP22850CE,0.00,0.00,0.00,1453.00,1453.00,1453.00,24231.85,1614.12,390,0,0,0.00,0,F1,65,,,,,
2026-08-20,2026-08-20,FO,NSE,IDO,73906,,NIFTY,,2026-09-29,2026-09-29,23100.00,CE,NIFTY26SEP23100CE,1307.00,1330.00,1307.00,1330.00,1330.00,1185.25,24231.85,1400.33,1365,0,3,4761032.25,3,F1,65,,,,,
2026-08-20,2026-08-20,FO,NSE,IDO,74107,,NIFTY,,2026-09-29,2026-09-29,24300.00,CE,NIFTY26SEP24300CE,344.00,394.40,330.60,362.75,363.00,296.40,24231.85,362.75,2111980,989625,36361,58272508684.00,27564,F1,65,,,,,
2026-08-20,2026-08-20,FO,NSE,IDO,74432,,NIFTY,,2026-09-29,2026-09-29,25950.00,CE,NIFTY26SEP25950CE,50.90,50.90,50.90,50.90,50.90,85.00,24231.85,87.24,130,65,1,1690058.50,1,F1,65,,,,,
2026-08-20,2026-08-20,FO,NSE,IDO,51338,,NIFTY,,2026-10-27,2026-10-27,22650.00,CE,NIFTY26OCT22650CE,0.00,0.00,0.00,1882.95,0.00,1882.95,24231.85,1963.06,0,0,0,0.00,0,F1,65,,,,,
2026-08-20,2026-08-20,FO,NSE,IDO,51362,,NIFTY,,2026-10-27,2026-10-27,23250.00,CE,NIFTY26OCT23250CE,0.00,0.00,0.00,1441.30,0.00,1441.30,24231.85,1479.10,0,0,0,0.00,0,F1,65,,,,,
2026-08-20,2026-08-20,FO,NSE,IDO,51378,,NIFTY,,2026-10-27,2026-10-27,23650.00,CE,NIFTY26OCT23650CE,0.00,0.00,0.00,1181.90,0.00,1181.90,24231.85,1191.94,0,0,0,0.00,0,F1,65,,,,,
2026-08-20,2026-08-20,FO,NSE,IDO,51398,,NIFTY,,2026-10-27,2026-10-27,24100.00,CE,NIFTY26OCT24100CE,654.20,692.60,650.05,676.80,675.85,588.10,24231.85,676.80,14495,-3835,260,418536153.75,120,F1,65,,,,,
2026-08-20,2026-08-20,FO,NSE,IDO,51422,,NIFTY,,2026-10-27,2026-10-27,24600.00,CE,NIFTY26OCT24600CE,369.95,400.00,362.30,375.65,379.00,323.65,24231.85,375.65,46410,5655,287,465929119.50,179,F1,65,,,,,
2026-08-20,2026-08-20,FO,NSE,IDO,51508,,NIFTY,,2026-10-27,2026-10-27,26450.00,CE,NIFTY26OCT26450CE,0.00,0.00,0.00,178.65,0.00,178.65,24231.85,130.17,0,0,0,0.00,0,F1,65,,,,,
2026-08-20,2026-08-20,FO,NSE,IDO,55324,,NIFTY,,2026-12-29,2026-12-29,19500.00,CE,NIFTY26DEC19500CE,0.00,0.00,0.00,7586.85,0.00,7586.85,24231.85,5189.08,0,0,0,0.00,0,F1,65,,,,,
2026-08-20,2026-08-20,FO,NSE,IDO,55328,,NIFTY,,2026-12-29,2026-12-29,25500.00,CE,NIFTY26DEC25500CE,335.90,346.70,325.00,330.65,331.00,307.75,24231.85,330.65,898560,52065,2823,4740241083.50,1950,F1,65,,,,,
2026-08-20,2026-08-20,FO,NSE,IDO,80268,,NIFTY,,2027-03-30,2027-03-30,21000.00,CE,NIFTY27MAR21000CE,0.00,0.00,0.00,3970.00,3970.00,3970.00,24231.85,4147.06,975,0,0,0.00,0,F1,65,,,,,
2026-08-20,2026-08-20,FO,NSE,IDO,80307,,NIFTY,,2027-03-30,2027-03-30,30000.00,CE,NIFTY27MAR30000CE,37.55,37.95,34.90,35.30,34.90,37.50,24231.85,35.30,88270,5070,132,257708639.50,67,F1,65,,,,,
2026-08-20,2026-08-20,FO,NSE,IDO,55368,,NIFTY,,2027-06-29,2027-06-29,16500.00,CE,NIFTY27JUN16500CE,0.00,0.00,0.00,10867.20,0.00,10867.20,24231.85,8633.30,0,0,0,0.00,0,F1,65,,,,,
2026-08-20,2026-08-20,FO,NSE,IDO,55372,,NIFTY,,2027-06-29,2027-06-29,19500.00,CE,NIFTY27JUN19500CE,0.00,0.00,0.00,8143.40,0.00,8143.40,24231.85,5840.71,0,0,0,0.00,0,F1,65,,,,,
2026-08-20,2026-08-20,FO,NSE,IDO,53613,,NIFTY,,2027-12-28,2027-12-28,21000.00,CE,NIFTY27DEC21000CE,0.00,0.00,0.00,4902.40,0.00,4902.40,24231.85,5237.06,0,0,0,0.00,0,F1,65,,,,,
2026-08-20,2026-08-20,FO,NSE,IDO,86163,,NIFTY,,2028-06-27,2028-06-27,27000.00,CE,NIFTY28JUN27000CE,0.00,0.00,0.00,1935.00,1935.00,1935.00,24231.85,2297.15,0,0,0,0.00,0,F1,65,,,,,
2026-08-20,2026-08-20,FO,NSE,IDO,55562,,NIFTY,,2029-06-26,2029-06-26,25500.00,CE,NIFTY29JUN25500CE,0.00,0.00,0.00,5917.35,0.00,5917.35,24231.85,4320.90,0,0,0,0.00,0,F1,65,,,,,
2026-08-20,2026-08-20,FO,NSE,IDO,61659,,NIFTY,,2029-12-24,2029-12-24,21000.00,CE,NIFTY29DEC21000CE,0.00,0.00,0.00,9463.95,0.00,9463.95,24231.85,7692.86,0,0,0,0.00,0,F1,65,,,,,
2026-08-20,2026-08-20,FO,NSE,IDO,55700,,NIFTY,,2030-12-31,2030-12-31,19500.00,CE,NIFTY30DEC19500CE,0.00,0.00,0.00,11601.15,0.00,11601.15,24231.85,9776.97,0,0,0,0.00,0,F1,65,,,,,
2026-08-20,2026-08-20,FO,NSE,IDO,55756,,NIFTY,,2030-12-31,2030-12-31,25500.00,CE,NIFTY30DEC25500CE,0.00,0.00,0.00,7639.65,0.00,7639.65,24231.85,6137.64,0,0,0,0.00,0,F1,65,,,,,
2026-08-20,2026-08-20,FO,NSE,IDO,74641,,NIFTY,,2031-06-24,2031-06-24,18000.00,CE,NIFTY31JUN18000CE,0.00,0.00,0.00,10825.95,0.00,10825.95,24231.85,11236.42,0,0,0,0.00,0,F1,65,,,,,
2026-08-20,2026-08-20,FO,NSE,IDO,74657,,NIFTY,,2031-06-24,2031-06-24,30000.00,CE,NIFTY31JUN30000CE,0.00,0.00,0.00,4459.90,0.00,4459.90,24231.85,4616.78,0,0,0,0.00,0,F1,65,,,,,
2026-08-20,2026-08-20,FO,NSE,IDO,61153,,NIFTY,,2026-08-25,2026-08-25,21200.00,PE,NIFTY26AUG21200PE,0.80,1.00,0.55,0.75,0.65,0.70,24231.85,0.75,2912650,34970,37943,52287203478.25,5996,F1,65,,,,,
2026-08-20,2026-08-20,FO,NSE,IDO,61174,,NIFTY,,2026-08-25,2026-08-25,21350.00,PE,NIFTY26AUG21350PE,1.25,1.45,0.65,0.80,0.80,0.85,24231.85,0.80,53625,21060,1898,2634062509.00,865,F1,65,,,,,
2026-08-20,2026-08-20,FO,NSE,IDO,61357,,NIFTY,,2026-08-25,2026-08-25,22100.00,PE,NIFTY26AUG22100PE,2.00,2.15,0.95,1.15,1.00,2.00,24231.85,1.15,633165,347035,32984,47384436866.00,8283,F1,65,,,,,
2026-08-20,2026-08-20,FO,NSE,IDO,61367,,NIFTY,,2026-08-25,2026-08-25,22200.00,PE,NIFTY26AUG22200PE,1.80,2.25,1.05,1.25,1.20,1.80,24231.85,1.25,721630,244335,38701,55849155235.25,9285,F1,65,,,,,
2026-08-20,2026-08-20,FO,NSE,IDO,61408,,NIFTY,,2026-08-25,2026-08-25,22650.00,PE,NIFTY26AUG22650PE,2.70,3.55,1.35,1.65,1.75,2.10,24231.85,1.65,115115,56550,13234,19485329386.25,5649,F1,65,,,,,
2026-08-20,2026-08-20,FO,NSE,IDO,61719,,NIFTY,,2026-08-25,2026-08-25,24350.00,PE,NIFTY26AUG24350PE,183.00,184.00,96.50,122.75,124.35,269.90,24231.85,122.75,1994200,1353820,408472,649844795996.50,245690,F1,65,,,,,
2026-08-20,2026-08-20,FO,NSE,IDO,61898,,NIFTY,,2026-08-25,2026-08-25,25000.00,PE,NIFTY26AUG25000PE,770.00,778.00,650.00,706.80,707.50,883.80,24231.85,706.80,1627340,-366210,12487,20878267231.25,9442,F1,65,,,,,
2026-08-20,2026-08-20,FO,NSE,IDO,61930,,NIFTY,,2026-08-25,2026-08-25,25200.00,PE,NIFTY26AUG25200PE,945.50,958.55,857.15,905.65,910.75,1088.85,24231.85,905.65,108355,-8450,241,409127410.25,211,F1,65,,,,,
2026-08-20,2026-08-20,FO,NSE,IDO,61954,,NIFTY,,2026-08-25,2026-08-25,25350.00,PE,NIFTY26AUG25350PE,0.00,0.00,0.00,1212.25,1212.25,1212.25,24231.85,1098.79,1560,0,0,0.00,0,F1,65,,,,,
2026-08-20,2026-08-20,FO,NSE,IDO,46906,,NIFTY,,2026-09-01,2026-09-01,22000.00,PE,NIFTY2690122000PE,4.90,4.90,2.95,3.15,3.40,3.90,24231.85,3.15,1758055,976755,40422,57812174631.25,9030,F1,65,,,,,
2026-08-20,2026-08-20,FO,NSE,IDO,46982,,NIFTY,,2026-09-01,2026-09-01,23900.00,PE,NIFTY2690123900PE,51.70,52.95,32.50,37.95,39.00,83.80,24231.85,37.95,857805,257725,36229,56374474776.75,21715,F1,65,,,,,
2026-08-20,2026-08-20,FO,NSE,IDO,47026,,NIFTY,,2026-09-01,2026-09-01,25000.00,PE,NIFTY2690125000PE,730.00,733.90,647.95,685.90,692.75,855.45,24231.85,685.90,59475,31265,802,1338922822.25,629,F1,65,,,,,
2026-08-20,2026-08-20,FO,NSE,IDO,42572,,NIFTY,,2026-09-08,2026-09-08,22500.00,PE,NIFTY2690822500PE,6.20,7.30,5.30,5.60,5.65,7.80,24231.85,5.60,23530,21710,726,1062056281.00,442,F1,65,,,,,
2026-08-20,2026-08-20,FO,NSE,IDO,42574,,NIFTY,,2026-09-08,2026-09-08,22550.00,PE,NIFTY2690822550PE,6.60,6.70,5.90,5.90,5.90,17.60,24231.85,5.90,390,390,18,26390903.50,14,F1,65,,,,,
2026-08-20,2026-08-20,FO,NSE,IDO,42682,,NIFTY,,2026-09-08,2026-09-08,24950.00,PE,NIFTY2690824950PE,0.00,0.00,0.00,777.25,777.25,777.25,24231.85,771.06,65,0,0,0.00,0,F1,65,,,,,
2026-08-20,2026-08-20,FO,NSE,IDO,42710,,NIFTY,,2026-09-08,2026-09-08,25450.00,PE,NIFTY2690825450PE,0.00,0.00,0.00,931.85,0.00,931.85,24231.85,1186.98,0,0,0,0.00,0,F1,65,,,,,
2026-08-20,2026-08-20,FO,NSE,IDO,42744,,NIFTY,,2026-09-08,2026-09-08,25950.00,PE,NIFTY2690825950PE,0.00,0.00,0.00,1315.00,0.00,1315.00,24231.85,1651.56,0,0,0,0.00,0,F1,65,,,,,
2026-08-20,2026-08-20,FO,NSE,IDO,42764,,NIFTY,,2026-09-08,2026-09-08,26250.00,PE,NIFTY2690826250PE,0.00,0.00,0.00,1568.65,0.00,1568.65,24231.85,1942.31,0,0,0,0.00,0,F1,65,,,,,
2026-08-20,2026-08-20,FO,NSE,IDO,47268,,NIFTY,,2026-09-15,2026-09-15,22750.00,PE,NIFTY2691522750PE,12.35,12.75,9.95,9.95,9.95,17.35,24231.85,9.95,1105,-130,19,28110943.25,7,F1,65,,,,,
2026-08-20,2026-08-20,FO,NSE,IDO,47272,,NIFTY,,2026-09-15,2026-09-15,22850.00,PE,NIFTY2691522850PE,0.00,0.00,0.00,40.15,0.00,40.15,24231.85,34.28,0,0,0,0.00,0,F1,65,,,,,
2026-08-20,2026-08-20,FO,NSE,IDO,47278,,NIFTY,,2026-09-15,2026-09-15,23000.00,PE,NIFTY2691523000PE,25.80,25.80,14.00,14.40,14.20,24.55,24231.85,14.40,53885,-16510,849,1270086564.50,423,F1,65,,,,,
2026-08-20,2026-08-20,FO,NSE,IDO,47392,,NIFTY,,2026-09-15,2026-09-15,25500.00,PE,NIFTY2691525500PE,0.00,0.00,0.00,1068.30,0.00,1068.30,24231.85,1237.43,0,0,0,0.00,0,F1,65,,,,,
2026-08-20,2026-08-20,FO,NSE,IDO,47440,,NIFTY,,2026-09-15,2026-09-15,26150.00,PE,NIFTY2691526150PE,0.00,0.00,0.00,1603.05,0.00,1603.05,24231.85,1828.46,0,0,0,0.00,0,F1,65,,,,,
2026-08-20,2026-08-20,FO,NSE,IDO,56862,,NIFTY,,2026-09-22,2026-09-22,22400.00,PE,NIFTY2692222400PE,0.00,0.00,0.00,27.65,0.00,27.65,24231.85,20.10,0,0,0,0.00,0,F1,65,,,,,
2026-08-20,2026-08-20,FO,NSE,IDO,56904,,NIFTY,,2026-09-22,2026-09-22,22650.00,PE,NIFTY2692222650PE,0.00,0.00,0.00,45.60,0.00,45.60,24231.85,34.42,0,0,0,0.00,0,F1,65,,,,,
2026-08-20,2026-08-20,FO,NSE,IDO,57002,,NIFTY,,2026-09-22,2026-09-22,23400.00,PE,NIFTY2692223400PE,0.00,0.00,0.00,161.30,0.00,161.30,24231.85,133.32,0,0,0,0.00,0,F1,65,,,,,
2026-08-20,2026-08-20,FO,NSE,IDO,57022,,NIFTY,,2026-09-22,2026-09-22,23500.00,PE,NIFTY2692223500PE,0.00,0.00,0.00,187.05,0.00,187.05,24231.85,155.48,0,0,0,0.00,0,F1,65,,,,,
2026-08-20,2026-08-20,FO,NSE,IDO,57030,,NIFTY,,2026-09-22,2026-09-22,23550.00,PE,NIFTY2692223550PE,0.00,0.00,0.00,199.50,0.00,199.50,24231.85,167.54,0,0,0,0.00,0,F1,65,,,,,
2026-08-20,2026-08-20,FO,NSE,IDO,57053,,NIFTY,,2026-09-22,2026-09-22,23650.00,PE,NIFTY2692223650PE,0.00,0.00,0.00,228.60,0.00,228.60,24231.85,193.52,0,0,0,0.00,0,F1,65,,,,,
2026-08-20,2026-08-20,FO,NSE,IDO,73900,,NIFTY,,2026-09-29,2026-09-29,22900.00,PE,NIFTY26SEP22900PE,32.75,33.25,27.15,30.10,30.50,41.00,24231.85,30.10,296270,-3640,3222,4802249546.25,2055,F1,65,,,,,
2026-08-20,2026-08-20,FO,NSE,IDO,65899,,NIFTY,,2026-09-29,2026-09-29,23000.00,PE,NIFTY26SEP23000PE,40.05,43.30,30.05,33.00,34.20,46.45,24231.85,33.00,3713810,38010,19898,29790577904.75,11902,F1,65,,,,,
2026-08-20,2026-08-20,FO,NSE,IDO,74004,,NIFTY,,2026-09-29,2026-09-29,23600.00,PE,NIFTY26SEP23600PE,97.60,99.00,70.65,80.75,82.15,115.20,24231.85,80.75,465140,18590,9509,14636416635.75,5920,F1,65,,,,,
2026-08-20,2026-08-20,FO,NSE,IDO,74006,,NIFTY,,2026-09-29,2026-09-29,23650.00,PE,NIFTY26SEP23650PE,99.60,99.60,78.90,88.05,89.60,125.30,24231.85,88.05,40820,4485,646,996788776.75,407,F1,65,,,,,
2026-08-20,2026-08-20,FO,NSE,IDO,74240,,NIFTY,,2026-09-29,2026-09-29,24450.00,PE,NIFTY26SEP24450PE,358.90,359.85,294.15,323.30,325.05,425.95,24231.85,323.30,26910,2015,306,492679138.25,238,F1,65,,,,,
2026-08-20,2026-08-20,FO,NSE,IDO,74358,,NIFTY,,2026-09-29,2026-09-29,24800.00,PE,NIFTY26SEP24800PE,550.00,562.25,482.55,526.45,527.35,655.50,24231.85,526.45,249795,22880,1124,1850256525.00,874,F1,65,,,,,
2026-08-20,2026-08-20,FO,NSE,IDO,74423,,NIFTY,,2026-09-29,2026-09-29,25850.00,PE,NIFTY26SEP25850PE,0.00,0.00,0.00,1859.75,0.00,1859.75,24231.85,1533.75,0,0,0,0.00,0,F1,65,,,,,
2026-08-20,2026-08-20,FO,NSE,IDO,74466,,NIFTY,,2026-09-29,2026-09-29,26200.00,PE,NIFTY26SEP26200PE,0.00,0.00,0.00,1940.00,1940.00,1940.00,24231.85,1841.88,585,0,0,0.00,0,F1,65,,,,,
2026-08-20,2026-08-20,FO,NSE,IDO,74482,,NIFTY,,2026-09-29,2026-09-29,26500.00,PE,NIFTY26SEP26500PE,2120.00,2120.00,2034.00,2081.50,2085.00,2229.95,24231.85,2081.50,108680,53755,885,1643621183.75,881,F1,65,,,,,
2026-08-20,2026-08-20,FO,NSE,IDO,74502,,NIFTY,,2026-09-29,2026-09-29,27050.00,PE,NIFTY26SEP27050PE,0.00,0.00,0.00,2869.35,0.00,2869.35,24231.85,2640.34,0,0,0,0.00,0,F1,65,,,,,
2026-08-20,2026-08-20,FO,NSE,IDO,51333,,NIFTY,,2026-10-27,2026-10-27,22550.00,PE,NIFTY26OCT22550PE,0.00,0.00,0.00,46.60,46.60,46.60,24231.85,94.01,715,0,0,0.00,0,F1,65,,,,,
2026-08-20,2026-08-20,FO,NSE,IDO,51341,,NIFTY,,2026-10-27,2026-10-27,22700.00,PE,NIFTY26OCT22700PE,48.80,50.00,41.80,44.55,46.00,58.00,24231.85,44.55,41470,1495,565,835350093.50,266,F1,65,,,,,
2026-08-20,2026-08-20,FO,NSE,IDO,51375,,NIFTY,,2026-10-27,2026-10-27,23550.00,PE,NIFTY26OCT23550PE,0.00,0.00,0.00,454.95,0.00,454.95,24231.85,293.60,0,0,0,0.00,0,F1,65,,,,,
2026-08-20,2026-08-20,FO,NSE,IDO,51387,,NIFTY,,2026-10-27,2026-10-27,23850.00,PE,NIFTY26OCT23850PE,0.00,0.00,0.00,569.90,0.00,569.90,24231.85,390.21,0,0,0,0.00,0,F1,65,,,,,
2026-08-20,2026-08-20,FO,NSE,IDO,51409,,NIFTY,,2026-10-27,2026-10-27,24350.00,PE,NIFTY26OCT24350PE,345.00,345.00,335.35,337.25,338.10,400.05,24231.85,337.25,2925,130,11,17652170.25,7,F1,65,,,,,
2026-08-20,2026-08-20,FO,NSE,IDO,51411,,NIFTY,,2026-10-27,2026-10-27,24400.00,PE,NIFTY26OCT24400PE,368.60,373.95,330.00,363.60,365.05,435.35,24231.85,363.60,48425,3770,271,436055698.00,213,F1,65,,,,,
2026-08-20,2026-08-20,FO,NSE,IDO,51419,,NIFTY,,2026-10-27,2026-10-27,24500.00,PE,NIFTY26OCT24500PE,425.75,425.75,365.95,400.00,400.95,485.85,24231.85,400.00,408850,6565,3934,6366422403.25,3065,F1,65,,,,,
2026-08-20,2026-08-20,FO,NSE,IDO,51471,,NIFTY,,2026-10-27,2026-10-27,25550.00,PE,NIFTY26OCT25550PE,0.00,0.00,0.00,901.90,901.90,901.90,24231.85,1314.05,130,0,0,0.00,0,F1,65,,,,,
2026-08-20,2026-08-20,FO,NSE,IDO,51485,,NIFTY,,2026-10-27,2026-10-27,25850.00,PE,NIFTY26OCT25850PE,0.00,0.00,0.00,1093.80,1093.80,1093.80,24231.85,1538.58,65,0,0,0.00,0,F1,65,,,,,
2026-08-20,2026-08-20,FO,NSE,IDO,51509,,NIFTY,,2026-10-27,2026-10-27,26450.00,PE,NIFTY26OCT26450PE,0.00,0.00,0.00,2246.05,0.00,2246.05,24231.85,2028.01,0,0,0,0.00,0,F1,65,,,,,
2026-08-20,2026-08-20,FO,NSE,IDO,51517,,NIFTY,,2026-10-27,2026-10-27,26650.00,PE,NIFTY26OCT26650PE,0.00,0.00,0.00,2415.20,0.00,2415.20,24231.85,2201.10,0,0,0,0.00,0,F1,65,,,,,
2026-08-20,2026-08-20,FO,NSE,IDO,51523,,NIFTY,,2026-10-27,2026-10-27,26800.00,PE,NIFTY26OCT26800PE,0.00,0.00,0.00,2544.55,0.00,2544.55,24231.85,2333.58,0,0,0,0.00,0,F1,65,,,,,
2026-08-20,2026-08-20,FO,NSE,IDO,51535,,NIFTY,,2026-10-27,2026-10-27,27050.00,PE,NIFTY26OCT27050PE,0.00,0.00,0.00,2764.35,0.00,2764.35,24231.85,2558.82,0,0,0,0.00,0,F1,65,,,,,
2026-08-20,2026-08-20,FO,NSE,IDO,51537,,NIFTY,,2026-10-27,2026-10-27,27100.00,PE,NIFTY26OCT27100PE,0.00,0.00,0.00,2808.90,0.00,2808.90,24231.85,2604.46,0,0,0,0.00,0,F1,65,,,,,
2026-08-20,2026-08-20,FO,NSE,IDO,58639,,NIFTY,,2026-12-29,2026-12-29,17000.00,PE,NIFTY26DEC17000PE,14.05,15.90,13.60,13.65,13.60,15.30,24231.85,13.65,187210,-2015,60,66356982.25,21,F1,65,,,,,
2026-08-20,2026-08-20,FO,NSE,IDO,55327,,NIFTY,,2026-12-29,2026-12-29,22500.00,PE,NIFTY26DEC22500PE,100.00,101.55,92.25,95.00,95.45,111.75,24231.85,95.00,931385,152295,6281,9225249328.75,2639,F1,65,,,,,
2026-08-20,2026-08-20,FO,NSE,IDO,47263,,NIFTY,,2026-09-15,2026-09-15,22650.00,CE,NIFTY2691522650CE,0.00,0.00,0.00,1979.90,0.00,1979.90,24231.85,1700.84,0,0,0,0.00,0,F1,65,,,,,
2026-08-20,2026-08-20,FO,NSE,IDO,42769,,NIFTY,,2026-09-08,2026-09-08,26400.00,CE,NIFTY2690826400CE,1.65,2.25,1.55,1.90,2.15,2.75,24231.85,1.90,12545,520,97,166463804.00,42,F1,65,,,,,
2026-08-20,2026-08-20,FO,NSE,IDO,42683,,NIFTY,,2026-09-08,2026-09-08,25000.00,CE,NIFTY2690825000CE,25.15,27.00,19.85,22.00,22.00,20.75,24231.85,22.00,885690,579865,23049,37490595574.25,13505,F1,65,,,,,
2026-08-20,2026-08-20,FO,NSE,IDO,42669,,NIFTY,,2026-09-08,2026-09-08,24700.00,CE,NIFTY2690824700CE,64.00,78.40,59.00,63.90,64.35,51.05,24231.85,63.90,144820,34905,3304,5318801137.00,2736,F1,65,,,,,
2026-08-20,2026-08-20,FO,NSE,IDO,42601,,NIFTY,,2026-09-08,2026-09-08,23250.00,CE,NIFTY2690823250CE,0.00,0.00,0.00,1568.45,0.00,1568.45,24231.85,1105.64,0,0,0,0.00,0,F1,65,,,,,
2026-08-20,2026-08-20,FO,NSE,IDO,42597,,NIFTY,,2026-09-08,2026-09-08,23150.00,CE,NIFTY2690823150CE,0.00,0.00,0.00,1656.90,0.00,1656.90,24231.85,1194.42,0,0,0,0.00,0,F1,65,,,,,
2026-08-20,2026-08-20,FO,NSE,IDO,42587,,NIFTY,,2026-09-08,2026-09-08,22900.00,CE,NIFTY2690822900CE,0.00,0.00,0.00,1884.10,0.00,1884.10,24231.85,1424.53,0,0,0,0.00,0,F1,65,,,,,
2026-08-20,2026-08-20,FO,NSE,IDO,47251,,NIFTY,,2026-09-15,2026-09-15,22350.00,CE,NIFTY2691522350CE,0.00,0.00,0.00,2265.30,0.00,2265.30,24231.85,1988.00,0,0,0,0.00,0,F1,65,,,,,
2026-08-20,2026-08-20,FO,NSE,IDO,61156,,NIFTY,,2026-08-25,2026-08-25,21300.00,CE,NIFTY26AUG21300CE,0.00,0.00,0.00,3070.00,3070.00,3070.00,24231.85,2949.52,3705,0,0,0.00,0,F1,65,,,,,
2026-08-20,2026-08-20,FO,NSE,IDO,61336,,NIFTY,,2026-08-25,2026-08-25,21650.00,CE,NIFTY26AUG21650CE,0.00,0.00,0.00,2669.30,0.00,2669.30,24231.85,2599.82,0,0,0,0.00,0,F1,65,,,,,
2026-08-20,2026-08-20,FO,NSE,IDO,80311,,NIFTY,,2027-03-30,2027-03-30,31500.00,CE,NIFTY27MAR31500CE,0.00,0.00,0.00,94.65,0.00,94.65,24231.85,56.86,0,0,0,0.00,0,F1,65,,,,,
2026-08-20,2026-08-20,FO,NSE,IDO,55418,,NIFTY,,2027-12-28,2027-12-28,16500.00,CE,NIFTY27DEC16500CE,0.00,0.00,0.00,11316.40,0.00,11316.40,24231.85,9139.97,0,0,0,0.00,0,F1,65,,,,,
2026-08-20,2026-08-20,FO,NSE,IDO,61390,,NIFTY,,2029-12-24,2029-12-24,18000.00,CE,NIFTY29DEC18000CE,0.00,0.00,0.00,11362.40,0.00,11362.40,24231.85,9867.55,0,0,0,0.00,0,F1,65,,,,,
2026-08-20,2026-08-20,FO,NSE,IDO,60898,,NIFTY,,2030-06-25,2030-06-25,21000.00,CE,NIFTY30JUN21000CE,0.00,0.00,0.00,10421.65,0.00,10421.65,24231.85,8240.27,0,0,0,0.00,0,F1,65,,,,,
2026-08-20,2026-08-20,FO,NSE,IDO,55764,,NIFTY,,2030-12-31,2030-12-31,31500.00,CE,NIFTY30DEC31500CE,0.00,0.00,0.00,4554.55,0.00,4554.55,24231.85,3537.50,0,0,0,0.00,0,F1,65,,,,,
2026-08-20,2026-08-20,FO,NSE,IDO,74645,,NIFTY,,2031-06-24,2031-06-24,21000.00,CE,NIFTY31JUN21000CE,0.00,0.00,0.00,8900.75,0.00,8900.75,24231.85,9265.00,0,0,0,0.00,0,F1,65,,,,,
2026-08-20,2026-08-20,FO,NSE,IDO,74665,,NIFTY,,2031-06-24,2031-06-24,33000.00,CE,NIFTY31JUN33000CE,0.00,0.00,0.00,3451.55,0.00,3451.55,24231.85,3547.89,0,0,0,0.00,0,F1,65,,,,,
2026-08-20,2026-08-20,FO,NSE,IDO,61400,,NIFTY,,2026-08-25,2026-08-25,22550.00,PE,NIFTY26AUG22550PE,2.35,2.60,1.35,1.60,1.65,2.35,24231.85,1.60,273260,31070,25488,37362127653.50,6448,F1,65,,,,,
2026-08-20,2026-08-20,FO,NSE,IDO,61402,,NIFTY,,2026-08-25,2026-08-25,22600.00,PE,NIFTY26AUG22600PE,2.70,2.70,1.25,1.55,1.65,2.10,24231.85,1.55,438165,29120,38304,56272983679.25,12286,F1,65,,,,,
2026-08-20,2026-08-20,FO,NSE,IDO,61467,,NIFTY,,2026-08-25,2026-08-25,23350.00,PE,NIFTY26AUG23350PE,3.90,4.30,2.30,2.65,3.00,4.60,24231.85,2.65,748475,-300495,222854,338283002648.50,37823,F1,65,,,,,
2026-08-20,2026-08-20,FO,NSE,IDO,61518,,NIFTY,,2026-08-25,2026-08-25,23600.00,PE,NIFTY26AUG23600PE,9.00,9.65,3.15,3.65,4.00,9.65,24231.85,3.65,5698355,905385,633148,971429039249.50,133990,F1,65,,,,,
2026-08-20,2026-08-20,FO,NSE,IDO,61703,,NIFTY,,2026-08-25,2026-08-25,24300.00,PE,NIFTY26AUG24300PE,110.00,152.00,75.60,96.05,98.00,231.70,24231.85,96.05,7477275,2664740,1448371,2297178138606.00,682621,F1,65,,,,,
2026-08-20,2026-08-20,FO,NSE,IDO,61976,,NIFTY,,2026-08-25,2026-08-25,25500.00,PE,NIFTY26AUG25500PE,1300.00,1300.00,1152.45,1207.20,1211.60,1381.65,24231.85,1207.20,1166165,-68705,3638,6317898437.50,3208,F1,65,,,,,
2026-08-20,2026-08-20,FO,NSE,IDO,62039,,NIFTY,,2026-08-25,2026-08-25,26000.00,PE,NIFTY26AUG26000PE,1775.05,1775.05,1650.00,1705.55,1711.40,1883.50,24231.85,1705.55,1863940,-281840,5170,9316218866.50,4627,F1,65,,,,,
2026-08-20,2026-08-20,FO,NSE,IDO,62044,,NIFTY,,2026-08-25,2026-08-25,26050.00,PE,NIFTY26AUG26050PE,0.00,0.00,0.00,1762.00,1762.00,1762.00,24231.85,1796.54,260,0,0,0.00,0,F1,65,,,,,
2026-08-20,2026-08-20,FO,NSE,IDO,62106,,NIFTY,,2026-08-25,2026-08-25,26350.00,PE,NIFTY26AUG26350PE,0.00,0.00,0.00,1699.45,1699.45,1699.45,24231.85,2096.29,65,0,0,0.00,0,F1,65,,,,,
2026-08-20,2026-08-20,FO,NSE,IDO,62226,,NIFTY,,2026-08-25,2026-08-25,26900.00,PE,NIFTY26AUG26900PE,0.00,0.00,0.00,2650.00,2650.00,2650.00,24231.85,2645.83,65,0,0,0.00,0,F1,65,,,,,
2026-08-20,2026-08-20,FO,NSE,IDO,46922,,NIFTY,,2026-09-01,2026-09-01,22400.00,PE,NIFTY2690122400PE,4.15,4.70,3.45,3.90,4.20,4.45,24231.85,3.90,88530,36205,1420,2067886648.75,906,F1,65,,,,,
2026-08-20,2026-08-20,FO,NSE,IDO,46928,,NIFTY,,2026-09-01,2026-09-01,22550.00,PE,NIFTY2690122550PE,4.80,4.95,3.75,4.10,4.10,5.05,24231.85,4.10,9490,2990,220,322526636.25,152,F1,65,,,,,
2026-08-20,2026-08-20,FO,NSE,IDO,46930,,NIFTY,,2026-09-01,2026-09-01,22600.00,PE,NIFTY2690122600PE,5.20,5.25,3.80,4.30,4.55,5.30,24231.85,4.30,136435,57200,5980,8786302401.50,3500,F1,65,,,,,
2026-08-20,2026-08-20,FO,NSE,IDO,46946,,NIFTY,,2026-09-01,2026-09-01,23000.00,PE,NIFTY2690123000PE,6.10,6.75,4.95,5.35,5.40,7.80,24231.85,5.35,800865,112060,30847,46127474068.00,14223,F1,65,,,,,
2026-08-20,2026-08-20,FO,NSE,IDO,46954,,NIFTY,,2026-09-01,2026-09-01,23200.00,PE,NIFTY2690123200PE,8.45,8.45,5.85,6.40,6.80,10.40,24231.85,6.40,378755,-137930,18567,28007152462.25,9010,F1,65,,,,,
2026-08-20,2026-08-20,FO,NSE,IDO,46992,,NIFTY,,2026-09-01,2026-09-01,24150.00,PE,NIFTY2690124150PE,116.15,118.30,77.75,91.40,95.00,177.00,24231.85,91.40,202345,81640,16747,26393662243.00,11403,F1,65,,,,,
2026-08-20,2026-08-20,FO,NSE,IDO,47000,,NIFTY,,2026-09-01,2026-09-01,24350.00,PE,NIFTY2690124350PE,214.10,214.10,149.80,173.90,178.85,291.35,24231.85,173.90,91650,51480,5420,8639709052.00,3925,F1,65,,,,,
2026-08-20,2026-08-20,FO,NSE,IDO,47006,,NIFTY,,2026-09-01,2026-09-01,24500.00,PE,NIFTY2690124500PE,308.00,314.95,229.30,263.25,264.00,401.35,24231.85,263.25,605085,298090,20608,33171059031.50,15201,F1,65,,,,,
2026-08-20,2026-08-20,FO,NSE,IDO,47058,,NIFTY,,2026-09-01,2026-09-01,25800.00,PE,NIFTY2690125800PE,1510.00,1510.00,1480.40,1480.40,1480.40,1550.85,24231.85,1480.40,130,130,2,3548376.00,2,F1,65,,,,,
2026-08-20,2026-08-20,FO,NSE,IDO,47074,,NIFTY,,2026-09-01,2026-09-01,26200.00,PE,NIFTY2690126200PE,0.00,0.00,0.00,1899.45,0.00,1899.45,24231.85,1917.23,0,0,0,0.00,0,F1,65,,,,,
2026-08-20,2026-08-20,FO,NSE,IDO,47105,,NIFTY,,2026-09-01,2026-09-01,26850.00,PE,NIFTY2690126850PE,0.00,0.00,0.00,2502.10,0.00,2502.10,24231.85,2564.78,0,0,0,0.00,0,F1,65,,,,,
2026-08-20,2026-08-20,FO,NSE,IDO,42634,,NIFTY,,2026-09-08,2026-09-08,23850.00,PE,NIFTY2690823850PE,105.90,105.90,51.15,55.00,57.30,173.75,24231.85,55.00,7865,7865,192,298314217.50,113,F1,65,,,,,
2026-08-20,2026-08-20,FO,NSE,IDO,42638,,NIFTY,,2026-09-08,2026-09-08,23950.00,PE,NIFTY2690823950PE,84.75,88.15,63.85,71.20,71.50,132.25,24231.85,71.20,265265,245505,6869,10724043317.00,4907,F1,65,,,,,
2026-08-20,2026-08-20,FO,NSE,IDO,42750,,NIFTY,,2026-09-08,2026-09-08,26050.00,PE,NIFTY2690826050PE,0.00,0.00,0.00,1397.80,0.00,1397.80,24231.85,1747.81,0,0,0,0.00,0,F1,65,,,,,
2026-08-20,2026-08-20,FO,NSE,IDO,42760,,NIFTY,,2026-09-08,2026-09-08,26150.00,PE,NIFTY2690826150PE,0.00,0.00,0.00,1482.45,0.00,1482.45,24231.85,1844.77,0,0,0,0.00,0,F1,65,,,,,
2026-08-20,2026-08-20,FO,NSE,IDO,42762,,NIFTY,,2026-09-08,2026-09-08,26200.00,PE,NIFTY2690826200PE,0.00,0.00,0.00,1525.35,0.00,1525.35,24231.85,1893.47,0,0,0,0.00,0,F1,65,,,,,
2026-08-20,2026-08-20,FO,NSE,IDO,42770,,NIFTY,,2026-09-08,2026-09-08,26400.00,PE,NIFTY2690826400PE,0.00,0.00,0.00,1700.80,0.00,1700.80,24231.85,2089.48,0,0,0,0.00,0,F1,65,,,,,
2026-08-20,2026-08-20,FO,NSE,IDO,47252,,NIFTY,,2026-09-15,2026-09-15,22350.00,PE,NIFTY2691522350PE,7.05,7.55,6.45,6.60,6.60,14.10,24231.85,6.60,5785,5785,91,132243016.75,43,F1,65,,,,,
2026-08-20,2026-08-20,FO,NSE,IDO,47270,,NIFTY,,2026-09-15,2026-09-15,22800.00,PE,NIFTY2691522800PE,12.95,12.95,10.00,10.75,11.25,17.60,24231.85,10.75,14950,1690,89,131962766.00,38,F1,65,,,,,
2026-08-20,2026-08-20,FO,NSE,IDO,47326,,NIFTY,,2026-09-15,2026-09-15,24150.00,PE,NIFTY2691524150PE,163.45,170.10,135.45,147.25,147.20,230.10,24231.85,147.25,3380,585,73,115322509.25,60,F1,65,,,,,
2026-08-20,2026-08-20,FO,NSE,IDO,47338,,NIFTY,,2026-09-15,2026-09-15,24450.00,PE,NIFTY2691524450PE,291.00,292.00,259.00,259.00,259.00,371.15,24231.85,481.82,455,65,3,4822480.00,3,F1,65,,,,,
2026-08-20,2026-08-20,FO,NSE,IDO,47340,,NIFTY,,2026-09-15,2026-09-15,24500.00,PE,NIFTY2691524500PE,325.15,335.10,268.30,301.40,306.20,419.35,24231.85,301.40,76375,4160,650,1048129020.25,587,F1,65,,,,,
2026-08-20,2026-08-20,FO,NSE,IDO,47384,,NIFTY,,2026-09-15,2026-09-15,25350.00,PE,NIFTY2691525350PE,0.00,0.00,0.00,956.10,0.00,956.10,24231.85,1110.95,0,0,0,0.00,0,F1,65,,,,,
2026-08-20,2026-08-20,FO,NSE,IDO,47432,,NIFTY,,2026-09-15,2026-09-15,26000.00,PE,NIFTY2691526000PE,0.00,0.00,0.00,1472.65,0.00,1472.65,24231.85,1687.31,0,0,0,0.00,0,F1,65,,,,,
2026-08-20,2026-08-20,FO,NSE,IDO,47442,,NIFTY,,2026-09-15,2026-09-15,26200.00,PE,NIFTY2691526200PE,0.00,0.00,0.00,1647.25,0.00,1647.25,24231.85,1875.97,0,0,0,0.00,0,F1,65,,,,,
2026-08-20,2026-08-20,FO,NSE,IDO,56966,,NIFTY,,2026-09-22,2026-09-22,23050.00,PE,NIFTY2692223050PE,0.00,0.00,0.00,93.30,0.00,93.30,24231.85,74.20,0,0,0,0.00,0,F1,65,,,,,
2026-08-20,2026-08-20,FO,NSE,IDO,57154,,NIFTY,,2026-09-22,2026-09-22,24000.00,PE,NIFTY2692224000PE,165.00,165.00,117.70,131.05,135.00,353.90,24231.85,131.05,4095,4095,209,327843324.25,119,F1,65,,,,,
2026-08-20,2026-08-20,FO,NSE,IDO,57229,,NIFTY,,2026-09-22,2026-09-22,24050.00,PE,NIFTY2692224050PE,0.00,0.00,0.00,374.90,0.00,374.90,24231.85,328.11,0,0,0,0.00,0,F1,65,,,,,
2026-08-20,2026-08-20,FO,NSE,IDO,73882,,NIFTY,,2026-09-29,2026-09-29,22400.00,PE,NIFTY26SEP22400PE,13.50,19.80,13.50,17.90,18.05,22.80,24231.85,17.90,58175,9490,561,817479822.25,432,F1,65,,,,,
2026-08-20,2026-08-20,FO,NSE,IDO,73905,,NIFTY,,2026-09-29,2026-09-29,23050.00,PE,NIFTY26SEP23050PE,39.05,39.70,31.65,36.10,37.15,50.10,24231.85,36.10,28015,-1950,249,373657293.75,166,F1,65,,,,,
2026-08-20,2026-08-20,FO,NSE,IDO,74360,,NIFTY,,2026-09-29,2026-09-29,24850.00,PE,NIFTY26SEP24850PE,596.55,596.55,524.35,554.00,554.00,702.20,24231.85,554.00,8255,65,28,46251705.50,26,F1,65,,,,,
2026-08-20,2026-08-20,FO,NSE,IDO,74367,,NIFTY,,2026-09-29,2026-09-29,25050.00,PE,NIFTY26SEP25050PE,764.00,764.00,682.15,688.60,688.60,865.50,24231.85,910.08,1560,-195,11,18416453.25,11,F1,65,,,,,
2026-08-20,2026-08-20,FO,NSE,IDO,74387,,NIFTY,,2026-09-29,2026-09-29,25300.00,PE,NIFTY26SEP25300PE,961.80,961.95,886.00,921.55,921.55,1077.00,24231.85,921.55,10205,130,43,73331482.25,34,F1,65,,,,,
2026-08-20,2026-08-20,FO,NSE,IDO,74406,,NIFTY,,2026-09-29,2026-09-29,25550.00,PE,NIFTY26SEP25550PE,0.00,0.00,0.00,930.00,930.00,930.00,24231.85,1284.68,130,0,0,0.00,0,F1,65,,,,,
2026-08-20,2026-08-20,FO,NSE,IDO,65905,,NIFTY,,2026-09-29,2026-09-29,26000.00,PE,NIFTY26SEP26000PE,1612.55,1631.05,1526.90,1585.85,1586.90,1740.10,24231.85,1585.85,1404245,247455,4995,8958315044.25,4849,F1,65,,,,,
2026-08-20,2026-08-20,FO,NSE,IDO,74439,,NIFTY,,2026-09-29,2026-09-29,26050.00,PE,NIFTY26SEP26050PE,0.00,0.00,0.00,2017.50,0.00,2017.50,24231.85,1707.82,0,0,0,0.00,0,F1,65,,,,,
2026-08-20,2026-08-20,FO,NSE,IDO,55293,,NIFTY,,2026-09-29,2026-09-29,34500.00,PE,NIFTY26SEP34500PE,0.00,0.00,0.00,7064.95,0.00,7064.95,24231.85,10021.77,0,0,0,0.00,0,F1,65,,,,,
2026-08-20,2026-08-20,FO,NSE,IDO,51349,,NIFTY,,2026-10-27,2026-10-27,22900.00,PE,NIFTY26OCT22900PE,0.00,0.00,0.00,262.65,0.00,262.65,24231.85,145.28,0,0,0,0.00,0,F1,65,,,,,
2026-08-20,2026-08-20,FO,NSE,IDO,51351,,NIFTY,,2026-10-27,2026-10-27,22950.00,PE,NIFTY26OCT22950PE,0.00,0.00,0.00,274.90,0.00,274.90,24231.85,154.08,0,0,0,0.00,0,F1,65,,,,,
2026-08-20,2026-08-20,FO,NSE,IDO,51359,,NIFTY,,2026-10-27,2026-10-27,23150.00,PE,NIFTY26OCT23150PE,0.00,0.00,0.00,327.65,0.00,327.65,24231.85,193.41,0,0,0,0.00,0,F1,65,,,,,
2026-08-20,2026-08-20,FO,NSE,IDO,51383,,NIFTY,,2026-10-27,2026-10-27,23750.00,PE,NIFTY26OCT23750PE,0.00,0.00,0.00,529.65,0.00,529.65,24231.85,355.87,0,0,0,0.00,0,F1,65,,,,,
2026-08-20,2026-08-20,FO,NSE,IDO,51385,,NIFTY,,2026-10-27,2026-10-27,23800.00,PE,NIFTY26OCT23800PE,180.00,181.00,156.30,170.25,173.75,215.50,24231.85,170.25,108940,195,738,1149838881.75,482,F1,65,,,,,
2026-08-20,2026-08-20,FO,NSE,IDO,51479,,NIFTY,,2026-10-27,2026-10-27,25700.00,PE,NIFTY26OCT25700PE,0.00,0.00,0.00,952.10,959.15,952.10,24231.85,1425.39,260,0,0,0.00,0,F1,65,,,,,
2026-08-20,2026-08-20,FO,NSE,IDO,51501,,NIFTY,,2026-10-27,2026-10-27,26250.00,PE,NIFTY26OCT26250PE,0.00,0.00,0.00,2081.05,0.00,2081.05,24231.85,1859.50,0,0,0,0.00,0,F1,65,,,,,
2026-08-20,2026-08-20,FO,NSE,IDO,51507,,NIFTY,,2026-10-27,2026-10-27,26400.00,PE,NIFTY26OCT26400PE,0.00,0.00,0.00,2204.40,0.00,2204.40,24231.85,1985.43,0,0,0,0.00,0,F1,65,,,,,
2026-08-20,2026-08-20,FO,NSE,IDO,71554,,NIFTY,,2027-06-29,2027-06-29,21000.00,PE,NIFTY27JUN21000PE,153.90,153.95,120.00,121.30,120.00,153.95,24231.85,121.30,7115,0,19,26105972.75,12,F1,65,,,,,
2026-08-20,2026-08-20,FO,NSE,IDO,55377,,NIFTY,,2027-06-29,2027-06-29,25500.00,PE,NIFTY27JUN25500PE,0.00,0.00,0.00,667.15,0.00,667.15,24231.85,1398.89,0,0,0,0.00,0,F1,65,,,,,
2026-08-20,2026-08-20,FO,NSE,IDO,53602,,NIFTY,,2027-12-28,2027-12-28,17000.00,PE,NIFTY27DEC17000PE,0.00,0.00,0.00,57.20,57.20,57.20,24231.85,12.56,17750,0,0,0.00,0,F1,65,,,,,
2026-08-20,2026-08-20,FO,NSE,IDO,53615,,NIFTY,,2027-12-28,2027-12-28,21000.00,PE,NIFTY27DEC21000PE,244.50,253.00,240.00,245.00,245.00,262.00,24231.85,222.86,33670,780,42,58000637.50,27,F1,65,,,,,
2026-08-20,2026-08-20,FO,NSE,IDO,86152,,NIFTY,,2028-06-27,2028-06-27,24000.00,PE,NIFTY28JUN24000PE,0.00,0.00,0.00,1692.75,0.00,1692.75,24231.85,868.59,0,0,0,0.00,0,F1,65,,,,,
2026-08-20,2026-08-20,FO,NSE,IDO,55523,,NIFTY,,2028-12-26,2028-12-26,25500.00,PE,NIFTY28DEC25500PE,0.00,0.00,0.00,648.20,0.00,648.20,24231.85,1306.40,0,0,0,0.00,0,F1,65,,,,,
2026-08-20,2026-08-20,FO,NSE,IDO,55565,,NIFTY,,2029-06-26,2029-06-26,28500.00,PE,NIFTY29JUN28500PE,0.00,0.00,0.00,1349.10,0.00,1349.10,24231.85,2349.78,0,0,0,0.00,0,F1,65,,,,,
2026-08-20,2026-08-20,FO,NSE,IDO,89649,,NIFTY,,2029-06-26,2029-06-26,33000.00,PE,NIFTY29JUN33000PE,0.00,0.00,0.00,3022.85,0.00,3022.85,24231.85,4683.25,0,0,0,0.00,0,F1,65,,,,,
2026-08-20,2026-08-20,FO,NSE,IDO,55603,,NIFTY,,2029-12-24,2029-12-24,22500.00,PE,NIFTY29DEC22500PE,0.00,0.00,0.00,225.70,0.00,225.70,24231.85,540.52,0,0,0,0.00,0,F1,65,,,,,
2026-08-20,2026-08-20,FO,NSE,IDO,61795,,NIFTY,,2029-12-24,2029-12-24,27000.00,PE,NIFTY29DEC27000PE,0.00,0.00,0.00,1177.90,0.00,1177.90,24231.85,1644.68,0,0,0,0.00,0,F1,65,,,,,
2026-08-20,2026-08-20,FO,NSE,IDO,55607,,NIFTY,,2029-12-24,2029-12-24,28500.00,PE,NIFTY29DEC28500PE,0.00,0.00,0.00,1255.90,0.00,1255.90,24231.85,2185.30,0,0,0,0.00,0,F1,65,,,,,
2026-08-20,2026-08-20,FO,NSE,IDO,74654,,NIFTY,,2031-06-24,2031-06-24,27000.00,PE,NIFTY31JUN27000PE,0.00,0.00,0.00,1653.15,0.00,1653.15,24231.85,1360.02,0,0,0,0.00,0,F1,65,,,,,
2026-08-20,2026-08-20,FO,NSE,IDO,51502,,NIFTY,,2026-10-27,2026-10-27,26300.00,CE,NIFTY26OCT26300CE,0.00,0.00,0.00,202.25,0.00,202.25,24231.85,151.52,0,0,0,0.00,0,F1,65,,,,,
2026-08-20,2026-08-20,FO,NSE,IDO,51484,,NIFTY,,2026-10-27,2026-10-27,25850.00,CE,NIFTY26OCT25850CE,0.00,0.00,0.00,288.85,0.00,288.85,24231.85,233.48,0,0,0,0.00,0,F1,65,,,,,
2026-08-20,2026-08-20,FO,NSE,IDO,51480,,NIFTY,,2026-10-27,2026-10-27,25750.00,CE,NIFTY26OCT25750CE,52.90,57.45,50.25,54.80,54.80,50.35,24231.85,54.80,55640,-650,275,461227188.50,176,F1,65,,,,,
2026-08-20,2026-08-20,FO,NSE,IDO,51432,,NIFTY,,2026-10-27,2026-10-27,24850.00,CE,NIFTY26OCT24850CE,260.00,273.10,260.00,271.60,271.60,223.60,24231.85,539.93,2860,130,11,17958047.25,5,F1,65,,,,,
2026-08-20,2026-08-20,FO,NSE,IDO,51428,,NIFTY,,2026-10-27,2026-10-27,24750.00,CE,NIFTY26OCT24750CE,311.25,311.25,311.25,311.25,311.25,264.75,24231.85,581.84,3055,65,1,1628981.25,1,F1,65,,,,,
2026-08-20,2026-08-20,FO,NSE,IDO,51396,,NIFTY,,2026-10-27,2026-10-27,24050.00,CE,NIFTY26OCT24050CE,669.75,693.90,669.75,689.75,689.75,618.10,24231.85,938.60,910,455,19,30553337.75,15,F1,65,,,,,
2026-08-20,2026-08-20,FO,NSE,IDO,51376,,NIFTY,,2026-10-27,2026-10-27,23600.00,CE,NIFTY26OCT23600CE,0.00,0.00,0.00,1212.70,0.00,1212.70,24231.85,1226.03,0,0,0,0.00,0,F1,65,,,,,
2026-08-20,2026-08-20,FO,NSE,IDO,51370,,NIFTY,,2026-10-27,2026-10-27,23450.00,CE,NIFTY26OCT23450CE,0.00,0.00,0.00,1307.95,0.00,1307.95,24231.85,1332.42,0,0,0,0.00,0,F1,65,,,,,
2026-08-20,2026-08-20,FO,NSE,IDO,51360,,NIFTY,,2026-10-27,2026-10-27,23200.00,CE,NIFTY26OCT23200CE,0.00,0.00,0.00,1475.80,0.00,1475.80,24231.85,1517.13,0,0,0,0.00,0,F1,65,,,,,
2026-08-20,2026-08-20,FO,NSE,IDO,51344,,NIFTY,,2026-10-27,2026-10-27,22800.00,CE,NIFTY26OCT22800CE,0.00,0.00,0.00,1767.20,0.00,1767.20,24231.85,1836.80,0,0,0,0.00,0,F1,65,,,,,
2026-08-20,2026-08-20,FO,NSE,IDO,74503,,NIFTY,,2026-09-29,2026-09-29,27100.00,CE,NIFTY26SEP27100CE,3.50,3.50,2.40,3.00,3.00,3.85,24231.85,3.00,6305,3055,71,125079675.50,52,F1,65,,,,,
2026-08-20,2026-08-20,FO,NSE,IDO,74493,,NIFTY,,2026-09-29,2026-09-29,26800.00,CE,NIFTY26SEP26800CE,4.40,5.15,3.30,3.95,4.00,6.60,24231.85,3.95,1625,390,200,348450232.00,117,F1,65,,,,,
2026-08-20,2026-08-20,FO,NSE,IDO,74465,,NIFTY,,2026-09-29,2026-09-29,26200.00,CE,NIFTY26SEP26200CE,9.00,9.50,5.65,7.75,8.15,8.95,24231.85,7.75,156715,9815,3703,6307996743.75,2461,F1,65,,,,,
2026-08-20,2026-08-20,FO,NSE,IDO,74407,,NIFTY,,2026-09-29,2026-09-29,25600.00,CE,NIFTY26SEP25600CE,21.65,22.25,15.95,18.40,18.55,19.35,24231.85,18.40,304525,-9425,4961,8260906225.00,3318,F1,65,,,,,
2026-08-20,2026-08-20,FO,NSE,IDO,74372,,NIFTY,,2026-09-29,2026-09-29,25200.00,CE,NIFTY26SEP25200CE,48.10,53.75,44.00,47.90,48.00,43.60,24231.85,47.90,932750,219115,16895,27726807940.00,7907,F1,65,,,,,
2026-08-20,2026-08-20,FO,NSE,IDO,74007,,NIFTY,,2026-09-29,2026-09-29,23700.00,CE,NIFTY26SEP23700CE,770.00,840.40,761.00,807.00,807.00,679.35,24231.85,940.47,21515,-2405,231,367588279.50,163,F1,65,,,,,
2026-08-20,2026-08-20,FO,NSE,IDO,73903,,NIFTY,,2026-09-29,2026-09-29,23000.00,CE,NIFTY26SEP23000CE,1364.00,1472.15,1364.00,1421.40,1417.50,1283.80,24231.85,1421.40,275340,65390,1581,2508847477.50,1314,F1,65,,,,,
2026-08-20,2026-08-20,FO,NSE,IDO,73895,,NIFTY,,2026-09-29,2026-09-29,22800.00,CE,NIFTY26SEP22800CE,1608.00,1608.00,1608.00,1608.00,1608.00,1463.85,24231.85,1658.13,1040,0,1,1586520.00,1,F1,65,,,,,
2026-08-20,2026-08-20,FO,NSE,IDO,73873,,NIFTY,,2026-09-29,2026-09-29,22200.00,CE,NIFTY26SEP22200CE,0.00,0.00,0.00,2158.90,0.00,2158.90,24231.85,2210.76,0,0,0,0.00,0,F1,65,,,,,
2026-08-20,2026-08-20,FO,NSE,IDO,57679,,NIFTY,,2026-09-22,2026-09-22,24600.00,CE,NIFTY2692224600CE,232.35,232.35,166.60,174.00,178.15,356.00,24231.85,174.00,585,585,11,17717596.00,8,F1,65,,,,,
2026-08-20,2026-08-20,FO,NSE,IDO,57427,,NIFTY,,2026-09-22,2026-09-22,24250.00,CE,NIFTY2692224250CE,318.80,378.15,318.80,345.60,345.60,283.25,24231.85,345.60,910,65,15,23983826.75,11,F1,65,,,,,
2026-08-20,2026-08-20,FO,NSE,IDO,57153,,NIFTY,,2026-09-22,2026-09-22,24000.00,CE,NIFTY2692224000CE,481.90,554.85,418.50,519.00,515.00,429.20,24231.85,519.00,2145,-845,69,109913196.25,44,F1,65,,,,,
2026-08-20,2026-08-20,FO,NSE,IDO,56827,,NIFTY,,2026-09-22,2026-09-22,22350.00,CE,NIFTY2692222350CE,0.00,0.00,0.00,1959.05,0.00,1959.05,24231.85,2031.56,0,0,0,0.00,0,F1,65,,,,,
2026-08-20,2026-08-20,FO,NSE,IDO,47435,,NIFTY,,2026-09-15,2026-09-15,26050.00,CE,NIFTY2691526050CE,4.00,4.45,2.65,3.50,3.50,3.80,24231.85,3.50,1105,455,20,33869189.25,7,F1,65,,,,,
2026-08-20,2026-08-20,FO,NSE,IDO,47413,,NIFTY,,2026-09-15,2026-09-15,25800.00,CE,NIFTY2691525800CE,0.00,0.00,0.00,125.80,0.00,125.80,24231.85,45.95,0,0,0,0.00,0,F1,65,,,,,
2026-08-20,2026-08-20,FO,NSE,IDO,47367,,NIFTY,,2026-09-15,2026-09-15,25100.00,CE,NIFTY2691525100CE,0.00,0.00,0.00,301.20,0.00,301.20,24231.85,151.79,0,0,0,0.00,0,F1,65,,,,,
2026-08-20,2026-08-20,FO,NSE,IDO,47317,,NIFTY,,2026-09-15,2026-09-15,23950.00,CE,NIFTY2691523950CE,0.00,0.00,0.00,893.55,0.00,893.55,24231.85,639.13,0,0,0,0.00,0,F1,65,,,,,
2026-08-20,2026-08-20,FO,NSE,IDO,47291,,NIFTY,,2026-09-15,2026-09-15,23350.00,CE,NIFTY2691523350CE,0.00,0.00,0.00,1354.25,0.00,1354.25,24231.85,1077.94,0,0,0,0.00,0,F1,65,,,,,
2026-08-20,2026-08-20,FO,NSE,IDO,42763,,NIFTY,,2026-09-08,2026-09-08,26250.00,CE,NIFTY2690826250CE,2.15,2.85,2.10,2.10,2.10,3.00,24231.85,6.83,1235,390,23,39247471.25,8,F1,65,,,,,
2026-08-20,2026-08-20,FO,NSE,IDO,42745,,NIFTY,,2026-09-08,2026-09-08,26000.00,CE,NIFTY2690826000CE,4.65,4.70,2.55,2.95,2.70,4.05,24231.85,2.95,75075,8580,988,1669910544.25,472,F1,65,,,,,
2026-08-20,2026-08-20,FO,NSE,IDO,42705,,NIFTY,,2026-09-08,2026-09-08,25350.00,CE,NIFTY2690825350CE,0.00,0.00,0.00,274.75,0.00,274.75,24231.85,60.57,0,0,0,0.00,0,F1,65,,,,,
2026-08-20,2026-08-20,FO,NSE,IDO,42699,,NIFTY,,2026-09-08,2026-09-08,25250.00,CE,NIFTY2690825250CE,0.00,0.00,0.00,307.50,0.00,307.50,24231.85,74.33,0,0,0,0.00,0,F1,65,,,,,
2026-08-20,2026-08-20,FO,NSE,IDO,42675,,NIFTY,,2026-09-08,2026-09-08,24850.00,CE,NIFTY2690824850CE,39.05,44.35,33.90,37.10,37.05,31.80,24231.85,37.10,75205,29575,1195,1933216535.25,761,F1,65,,,,,
2026-08-20,2026-08-20,FO,NSE,IDO,42661,,NIFTY,,2026-09-08,2026-09-08,24500.00,CE,NIFTY2690824500CE,119.95,148.70,114.50,125.05,127.55,95.05,24231.85,125.05,324155,37245,9022,14441914795.75,6365,F1,65,,,,,
2026-08-20,2026-08-20,FO,NSE,IDO,42647,,NIFTY,,2026-09-08,2026-09-08,24200.00,CE,NIFTY2690824200CE,267.95,316.40,254.50,275.95,280.00,213.15,24231.85,275.95,225290,10660,7657,12181532116.00,4938,F1,65,,,,,
2026-08-20,2026-08-20,FO,NSE,IDO,42637,,NIFTY,,2026-09-08,2026-09-08,23950.00,CE,NIFTY2690823950CE,486.30,486.30,455.00,460.30,470.30,359.35,24231.85,460.30,1235,390,21,33331161.50,20,F1,65,,,,,
2026-08-20,2026-08-20,FO,NSE,IDO,42571,,NIFTY,,2026-09-08,2026-09-08,22500.00,CE,NIFTY2690822500CE,0.00,0.00,0.00,2261.50,0.00,2261.50,24231.85,1808.84,0,0,0,0.00,0,F1,65,,,,,
2026-08-20,2026-08-20,FO,NSE,IDO,42569,,NIFTY,,2026-09-08,2026-09-08,22450.00,CE,NIFTY2690822450CE,0.00,0.00,0.00,2309.55,0.00,2309.55,24231.85,1857.75,0,0,0,0.00,0,F1,65,,,,,
2026-08-20,2026-08-20,FO,NSE,IDO,47110,,NIFTY,,2026-09-01,2026-09-01,27000.00,CE,NIFTY2690127000CE,1.00,1.15,0.80,0.90,0.95,1.05,24231.85,0.90,50765,-7800,917,1609387497.25,250,F1,65,,,,,
2026-08-20,2026-08-20,FO,NSE,IDO,46989,,NIFTY,,2026-09-01,2026-09-01,24100.00,CE,NIFTY2690124100CE,254.95,334.65,251.05,288.90,290.00,204.30,24231.85,288.90,289055,-222755,18900,29952314499.25,11792,F1,65,,,,,
2026-08-20,2026-08-20,FO,NSE,IDO,46911,,NIFTY,,2026-09-01,2026-09-01,22150.00,CE,NIFTY2690122150CE,0.00,0.00,0.00,2218.80,0.00,2218.80,24231.85,2126.12,0,0,0,0.00,0,F1,65,,,,,
2026-08-20,2026-08-20,FO,NSE,IDO,46909,,NIFTY,,2026-09-01,2026-09-01,22100.00,CE,NIFTY2690122100CE,0.00,0.00,0.00,2024.50,2024.50,2024.50,24231.85,2175.98,65,0,0,0.00,0,F1,65,,,,,
2026-08-20,2026-08-20,FO,NSE,IDO,62242,,NIFTY,,2026-08-25,2026-08-25,27200.00,CE,NIFTY26AUG27200CE,0.55,0.55,0.35,0.40,0.35,0.55,24231.85,0.40,399685,-52520,12788,22609542273.50,2391,F1,65,,,,,
2026-08-20,2026-08-20,FO,NSE,IDO,61921,,NIFTY,,2026-08-25,2026-08-25,25150.00,CE,NIFTY26AUG25150CE,2.60,2.85,0.90,1.00,0.95,2.25,24231.85,1.00,751985,26325,98704,161365360377.00,18493,F1,65,,,,,
2026-08-20,2026-08-20,FO,NSE,IDO,61778,,NIFTY,,2026-08-25,2026-08-25,24650.00,CE,NIFTY26AUG24650CE,14.90,14.90,5.65,6.20,6.30,8.25,24231.85,6.20,2892890,494130,465220,745651109973.25,117883,F1,65,,,,,
2026-08-20,2026-08-20,FO,NSE,IDO,61685,,NIFTY,,2026-08-25,2026-08-25,24300.00,CE,NIFTY26AUG24300CE,80.00,128.80,72.00,89.60,92.25,48.80,24231.85,89.60,9785880,-1823575,1907612,3024512675366.00,883232,F1,65,,,,,
2026-08-20,2026-08-20,FO,NSE,IDO,61671,,NIFTY,,2026-08-25,2026-08-25,24250.00,CE,NIFTY26AUG24250CE,92.50,163.45,92.50,117.55,119.00,63.35,24231.85,117.55,4170595,372515,1627325,2577541590435.50,822800,F1,65,,,,,
2026-08-20,2026-08-20,FO,NSE,IDO,61517,,NIFTY,,2026-08-25,2026-08-25,23600.00,CE,NIFTY26AUG23600CE,650.00,756.15,632.00,695.15,695.00,525.10,24231.85,695.15,234650,-20605,1436,2267391477.00,1263,F1,65,,,,,
2026-08-20,2026-08-20,FO,NSE,IDO,61468,,NIFTY,,2026-08-25,2026-08-25,23400.00,CE,NIFTY26AUG23400CE,862.00,936.20,846.60,893.05,891.95,727.45,24231.85,893.05,28925,-1235,104,164109172.50,103,F1,65,,,,,
2026-08-20,2026-08-20,FO,NSE,IDO,61445,,NIFTY,,2026-08-25,2026-08-25,23200.00,CE,NIFTY26AUG23200CE,1051.00,1133.50,1051.00,1097.50,1090.90,919.10,24231.85,1097.50,19955,-845,49,77319632.00,40,F1,65,,,,,
2026-08-20,2026-08-20,FO,NSE,IDO,61409,,NIFTY,,2026-08-25,2026-08-25,22700.00,CE,NIFTY26AUG22700CE,1595.50,1620.45,1558.70,1597.90,1597.30,1419.20,24231.85,1597.90,5070,-5980,102,160872835.50,102,F1,65,,,,,
2026-08-20,2026-08-20,FO,NSE,IDO,61399,,NIFTY,,2026-08-25,2026-08-25,22550.00,CE,NIFTY26AUG22550CE,1733.80,1733.80,1709.30,1719.55,1719.55,1571.55,24231.85,1700.57,1560,-5005,101,159324776.00,101,F1,65,,,,,
2026-08-20,2026-08-20,FO,NSE,IDO,61356,,NIFTY,,2026-08-25,2026-08-25,22100.00,CE,NIFTY26AUG22100CE,0.00,0.00,0.00,2281.05,0.00,2281.05,24231.85,2150.19,0,0,0,0.00,0,F1,65,,,,,
2026-08-20,2026-08-20,FO,NSE,IDO,58648,,NIFTY,,2026-12-29,2026-12-29,22000.00,CE,NIFTY26DEC22000CE,2795.00,2878.20,2778.40,2805.95,2802.30,2690.35,24231.85,2805.95,263250,-65,135,217960109.25,110,F1,65,,,,,
2026-08-20,2026-08-20,FO,NSE,IDO,50978,,NIFTY,,2026-12-29,2026-12-29,27000.00,CE,NIFTY26DEC27000CE,69.35,70.00,63.10,65.15,64.75,63.25,24231.85,65.15,2487165,-15090,4912,8641466073.50,2921,F1,65,,,,,
2026-08-20,2026-08-20,FO,NSE,IDO,55330,,NIFTY,,2026-12-29,2026-12-29,28500.00,CE,NIFTY26DEC28500CE,24.00,24.00,21.75,22.30,21.75,24.45,24231.85,22.30,116155,-4225,440,815750919.75,295,F1,65,,,,,
2026-08-20,2026-08-20,FO,NSE,IDO,38158,,NIFTY,,2026-12-29,2026-12-29,29000.00,CE,NIFTY26DEC29000CE,17.05,17.60,15.80,16.15,15.80,17.00,24231.85,16.15,548505,-505,1287,2427390842.50,1018,F1,65,,,,,
2026-08-20,2026-08-20,FO,NSE,IDO,42136,,NIFTY,,2026-12-29,2026-12-29,31000.00,CE,NIFTY26DEC31000CE,9.05,9.50,6.30,9.45,9.45,9.20,24231.85,9.45,158795,-1040,54,108838505.75,26,F1,65,,,,,
2026-08-20,2026-08-20,FO,NSE,IDO,80276,,NIFTY,,2027-03-30,2027-03-30,27000.00,CE,NIFTY27MAR27000CE,249.95,252.80,236.50,238.40,237.05,233.25,24231.85,238.40,666640,5005,947,1676888177.25,645,F1,65,,,,,
2026-08-20,2026-08-20,FO,NSE,IDO,56981,,NIFTY,,2026-09-22,2026-09-22,23200.00,PE,NIFTY2692223200PE,0.00,0.00,0.00,119.00,0.00,119.00,24231.85,96.28,0,0,0,0.00,0,F1,65,,,,,
2026-08-20,2026-08-20,FO,NSE,IDO,57083,,NIFTY,,2026-09-22,2026-09-22,23750.00,PE,NIFTY2692223750PE,0.00,0.00,0.00,260.60,0.00,260.60,24231.85,222.58,0,0,0,0.00,0,F1,65,,,,,
2026-08-20,2026-08-20,FO,NSE,IDO,57428,,NIFTY,,2026-09-22,2026-09-22,24250.00,PE,NIFTY2692224250PE,0.00,0.00,0.00,467.00,0.00,467.00,24231.85,414.55,0,0,0,0.00,0,F1,65,,,,,
2026-08-20,2026-08-20,FO,NSE,IDO,57894,,NIFTY,,2026-09-22,2026-09-22,25350.00,PE,NIFTY2692225350PE,0.00,0.00,0.00,1190.00,0.00,1190.00,24231.85,1115.85,0,0,0,0.00,0,F1,65,,,,,
2026-08-20,2026-08-20,FO,NSE,IDO,57921,,NIFTY,,2026-09-22,2026-09-22,25500.00,PE,NIFTY2692225500PE,0.00,0.00,0.00,1312.45,0.00,1312.45,24231.85,1236.77,0,0,0,0.00,0,F1,65,,,,,
2026-08-20,2026-08-20,FO,NSE,IDO,73866,,NIFTY,,2026-09-29,2026-09-29,22000.00,PE,NIFTY26SEP22000PE,14.40,15.95,12.40,13.15,13.30,16.15,24231.85,13.15,1119105,44915,11550,16526586911.25,5210,F1,65,,,,,
2026-08-20,2026-08-20,FO,NSE,IDO,73892,,NIFTY,,2026-09-29,2026-09-29,22700.00,PE,NIFTY26SEP22700PE,25.25,26.85,21.95,23.55,23.75,32.05,24231.85,23.55,275535,11635,2705,3995408579.50,1569,F1,65,,,,,
2026-08-20,2026-08-20,FO,NSE,IDO,73907,,NIFTY,,2026-09-29,2026-09-29,23100.00,PE,NIFTY26SEP23100PE,43.00,43.00,34.35,38.05,39.55,53.95,24231.85,38.05,454870,-9880,3551,5340695997.00,1907,F1,65,,,,,
2026-08-20,2026-08-20,FO,NSE,IDO,74046,,NIFTY,,2026-09-29,2026-09-29,23800.00,PE,NIFTY26SEP23800PE,139.90,139.90,99.35,113.10,115.10,160.05,24231.85,113.10,881465,105885,12842,19959569721.00,8532,F1,65,,,,,
2026-08-20,2026-08-20,FO,NSE,IDO,74369,,NIFTY,,2026-09-29,2026-09-29,25100.00,PE,NIFTY26SEP25100PE,790.00,790.00,703.90,749.60,748.00,897.40,24231.85,749.60,39975,16120,396,665513481.75,347,F1,65,,,,,
2026-08-20,2026-08-20,FO,NSE,IDO,55287,,NIFTY,,2026-09-29,2026-09-29,25500.00,PE,NIFTY26SEP25500PE,1155.00,1155.00,1043.90,1105.90,1109.40,1262.10,24231.85,1105.90,1008865,166790,3577,6185869088.75,3361,F1,65,,,,,
2026-08-20,2026-08-20,FO,NSE,IDO,74443,,NIFTY,,2026-09-29,2026-09-29,26100.00,PE,NIFTY26SEP26100PE,1706.00,1721.65,1650.00,1650.00,1650.00,1566.00,24231.85,1752.20,2015,1950,39,70493507.50,18,F1,65,,,,,
2026-08-20,2026-08-20,FO,NSE,IDO,74468,,NIFTY,,2026-09-29,2026-09-29,26250.00,PE,NIFTY26SEP26250PE,0.00,0.00,0.00,2180.00,0.00,2180.00,24231.85,1887.15,0,0,0,0.00,0,F1,65,,,,,
2026-08-20,2026-08-20,FO,NSE,IDO,74486,,NIFTY,,2026-09-29,2026-09-29,26600.00,PE,NIFTY26SEP26600PE,0.00,0.00,0.00,2474.55,0.00,2474.55,24231.85,2210.95,0,0,0,0.00,0,F1,65,,,,,
2026-08-20,2026-08-20,FO,NSE,IDO,51325,,NIFTY,,2026-10-27,2026-10-27,22350.00,PE,NIFTY26OCT22350PE,30.00,31.95,24.50,31.95,31.95,40.85,24231.85,71.92,2145,325,35,50912563.00,11,F1,65,,,,,
2026-08-20,2026-08-20,FO,NSE,IDO,51329,,NIFTY,,2026-10-27,2026-10-27,22450.00,PE,NIFTY26OCT22450PE,0.00,0.00,0.00,43.05,43.05,43.05,24231.85,82.37,845,0,0,0.00,0,F1,65,,,,,
2026-08-20,2026-08-20,FO,NSE,IDO,51363,,NIFTY,,2026-10-27,2026-10-27,23250.00,PE,NIFTY26OCT23250PE,0.00,0.00,0.00,356.75,0.00,356.75,24231.85,215.69,0,0,0,0.00,0,F1,65,,,,,
2026-08-20,2026-08-20,FO,NSE,IDO,51389,,NIFTY,,2026-10-27,2026-10-27,23900.00,PE,NIFTY26OCT23900PE,206.00,206.00,181.20,191.05,195.15,244.35,24231.85,191.05,67405,7865,494,773644413.75,320,F1,65,,,,,
2026-08-20,2026-08-20,FO,NSE,IDO,51397,,NIFTY,,2026-10-27,2026-10-27,24050.00,PE,NIFTY26OCT24050PE,0.00,0.00,0.00,656.15,0.00,656.15,24231.85,465.50,0,0,0,0.00,0,F1,65,,,,,
2026-08-20,2026-08-20,FO,NSE,IDO,51405,,NIFTY,,2026-10-27,2026-10-27,24250.00,PE,NIFTY26OCT24250PE,300.20,305.30,282.05,291.20,291.20,369.45,24231.85,549.78,9100,-1040,40,63814669.75,29,F1,65,,,,,
2026-08-20,2026-08-20,FO,NSE,IDO,51453,,NIFTY,,2026-10-27,2026-10-27,25300.00,PE,NIFTY26OCT25300PE,0.00,0.00,0.00,1007.65,1007.65,1007.65,24231.85,1139.58,780,0,0,0.00,0,F1,65,,,,,
2026-08-20,2026-08-20,FO,NSE,IDO,51503,,NIFTY,,2026-10-27,2026-10-27,26300.00,PE,NIFTY26OCT26300PE,0.00,0.00,0.00,2121.90,0.00,2121.90,24231.85,1901.17,0,0,0,0.00,0,F1,65,,,,,
2026-08-20,2026-08-20,FO,NSE,IDO,51531,,NIFTY,,2026-10-27,2026-10-27,27000.00,PE,NIFTY26OCT27000PE,2400.40,2457.30,2400.00,2431.75,2428.90,2576.85,24231.85,2431.75,19110,1300,23,44009839.25,23,F1,65,,,,,
2026-08-20,2026-08-20,FO,NSE,IDO,58647,,NIFTY,,2026-12-29,2026-12-29,21000.00,PE,NIFTY26DEC21000PE,45.55,46.10,41.60,42.90,43.50,48.45,24231.85,42.90,1095750,2080,2925,4001001267.25,1951,F1,65,,,,,
2026-08-20,2026-08-20,FO,NSE,IDO,50548,,NIFTY,,2026-12-29,2026-12-29,28000.00,PE,NIFTY26DEC28000PE,3124.00,3124.00,3052.60,3087.05,3088.40,3217.05,24231.85,3087.05,881890,1625,80,161709307.50,79,F1,65,,,,,
2026-08-20,2026-08-20,FO,NSE,IDO,55333,,NIFTY,,2026-12-29,2026-12-29,31500.00,PE,NIFTY26DEC31500PE,0.00,0.00,0.00,4059.30,0.00,4059.30,24231.85,6543.91,0,0,0,0.00,0,F1,65,,,,,
2026-08-20,2026-08-20,FO,NSE,IDO,80277,,NIFTY,,2027-03-30,2027-03-30,27000.00,PE,NIFTY27MAR27000PE,1940.00,1945.00,1875.35,1921.75,1924.25,2040.85,24231.85,1921.75,49595,-2015,196,368494015.50,145,F1,65,,,,,
2026-08-20,2026-08-20,FO,NSE,IDO,55421,,NIFTY,,2027-12-28,2027-12-28,16500.00,PE,NIFTY27DEC16500PE,0.00,0.00,0.00,52.05,52.05,52.05,24231.85,7.71,130,0,0,0.00,0,F1,65,,,,,
2026-08-20,2026-08-20,FO,NSE,IDO,53632,,NIFTY,,2027-12-28,2027-12-28,27000.00,PE,NIFTY27DEC27000PE,1710.00,1720.00,1680.00,1711.40,1718.00,1791.00,24231.85,1711.40,46305,455,21,39180310.00,19,F1,65,,,,,
2026-08-20,2026-08-20,FO,NSE,IDO,61375,,NIFTY,,2029-12-24,2029-12-24,15000.00,PE,NIFTY29DEC15000PE,0.00,0.00,0.00,29.00,29.00,29.00,24231.85,16.88,65,0,0,0.00,0,F1,65,,,,,
2026-08-20,2026-08-20,FO,NSE,IDO,60893,,NIFTY,,2030-06-25,2030-06-25,18000.00,PE,NIFTY30JUN18000PE,0.00,0.00,0.00,116.65,0.00,116.65,24231.85,104.83,0,0,0,0.00,0,F1,65,,,,,
2026-08-20,2026-08-20,FO,NSE,IDO,55645,,NIFTY,,2030-06-25,2030-06-25,22500.00,PE,NIFTY30JUN22500PE,0.00,0.00,0.00,223.75,0.00,223.75,24231.85,531.70,0,0,0,0.00,0,F1,65,,,,,
2026-08-20,2026-08-20,FO,NSE,IDO,60911,,NIFTY,,2030-06-25,2030-06-25,27000.00,PE,NIFTY30JUN27000PE,0.00,0.00,0.00,1286.05,0.00,1286.05,24231.85,1543.30,0,0,0,0.00,0,F1,65,,,,,
2026-08-20,2026-08-20,FO,NSE,IDO,60939,,NIFTY,,2030-06-25,2030-06-25,30000.00,PE,NIFTY30JUN30000PE,0.00,0.00,0.00,2100.85,0.00,2100.85,24231.85,2598.66,0,0,0,0.00,0,F1,65,,,,,
2026-08-20,2026-08-20,FO,NSE,IDO,55699,,NIFTY,,2030-12-31,2030-12-31,18000.00,PE,NIFTY30DEC18000PE,0.00,0.00,0.00,32.30,0.00,32.30,24231.85,111.14,0,0,0,0.00,0,F1,65,,,,,
2026-08-20,2026-08-20,FO,NSE,IDO,74639,,NIFTY,,2031-06-24,2031-06-24,16500.00,PE,NIFTY31JUN16500PE,0.00,0.00,0.00,95.65,0.00,95.65,24231.85,59.60,0,0,0,0.00,0,F1,65,,,,,
2026-08-20,2026-08-20,FO,NSE,IDO,51470,,NIFTY,,2026-10-27,2026-10-27,25550.00,CE,NIFTY26OCT25550CE,0.00,0.00,0.00,361.35,0.00,361.35,24231.85,305.32,0,0,0,0.00,0,F1,65,,,,,
2026-08-20,2026-08-20,FO,NSE,IDO,86145,,NIFTY,,2028-06-27,2028-06-27,21000.00,CE,NIFTY28JUN21000CE,0.00,0.00,0.00,5226.55,0.00,5226.55,24231.85,5903.15,0,0,0,0.00,0,F1,65,,,,,
2026-08-20,2026-08-20,FO,NSE,IDO,61177,,NIFTY,,2026-08-25,2026-08-25,21450.00,CE,NIFTY26AUG21450CE,0.00,0.00,0.00,2848.15,0.00,2848.15,24231.85,2799.65,0,0,0,0.00,0,F1,65,,,,,
2026-08-20,2026-08-20,FO,NSE,IDO,61271,,NIFTY,,2026-08-25,2026-08-25,21550.00,CE,NIFTY26AUG21550CE,0.00,0.00,0.00,2758.30,0.00,2758.30,24231.85,2699.73,0,0,0,0.00,0,F1,65,,,,,
2026-08-20,2026-08-20,FO,NSE,IDO,61403,,NIFTY,,2026-08-25,2026-08-25,22650.00,CE,NIFTY26AUG22650CE,1647.55,1647.55,1632.95,1637.05,1637.05,1481.90,24231.85,1600.66,2145,-4745,99,156274914.25,99,F1,65,,,,,
2026-08-20,2026-08-20,FO,NSE,IDO,61455,,NIFTY,,2026-08-25,2026-08-25,23300.00,CE,NIFTY26AUG23300CE,900.00,1042.55,900.00,996.45,993.20,824.55,24231.85,996.45,25220,-2015,69,108912371.75,52,F1,65,,,,,
2026-08-20,2026-08-20,FO,NSE,IDO,61623,,NIFTY,,2026-08-25,2026-08-25,24150.00,CE,NIFTY26AUG24150CE,143.50,237.20,143.50,185.90,187.35,101.40,24231.85,185.90,1252290,-2113215,560677,886568054199.75,325141,F1,65,,,,,
2026-08-20,2026-08-20,FO,NSE,IDO,61717,,NIFTY,,2026-08-25,2026-08-25,24350.00,CE,NIFTY26AUG24350CE,55.50,99.85,53.85,66.20,68.75,37.80,24231.85,66.20,3054545,534170,842015,1336520186644.50,403804,F1,65,,,,,
2026-08-20,2026-08-20,FO,NSE,IDO,61981,,NIFTY,,2026-08-25,2026-08-25,25650.00,CE,NIFTY26AUG25650CE,1.05,1.25,0.45,0.50,0.45,1.05,24231.85,0.50,793780,-3640,20208,33692625408.00,4162,F1,65,,,,,
2026-08-20,2026-08-20,FO,NSE,IDO,61983,,NIFTY,,2026-08-25,2026-08-25,25700.00,CE,NIFTY26AUG25700CE,1.20,1.35,0.45,0.45,0.45,1.00,24231.85,0.45,2403310,-250250,87380,145971575028.50,10461,F1,65,,,,,
2026-08-20,2026-08-20,FO,NSE,IDO,62220,,NIFTY,,2026-08-25,2026-08-25,26850.00,CE,NIFTY26AUG26850CE,0.70,0.80,0.40,0.50,0.45,0.65,24231.85,0.50,15730,-2665,448,781887125.50,216,F1,65,,,,,
2026-08-20,2026-08-20,FO,NSE,IDO,62227,,NIFTY,,2026-08-25,2026-08-25,26950.00,CE,NIFTY26AUG26950CE,0.65,0.85,0.35,0.50,0.55,0.65,24231.85,0.50,12155,2015,187,327583620.00,126,F1,65,,,,,
2026-08-20,2026-08-20,FO,NSE,IDO,46973,,NIFTY,,2026-09-01,2026-09-01,23700.00,CE,NIFTY2690123700CE,591.55,674.10,591.55,623.65,626.85,493.70,24231.85,623.65,24115,7735,482,762158614.75,362,F1,65,,,,,
2026-08-20,2026-08-20,FO,NSE,IDO,46987,,NIFTY,,2026-09-01,2026-09-01,24050.00,CE,NIFTY2690124050CE,273.00,372.65,273.00,326.70,327.45,233.95,24231.85,326.70,48295,-116870,4489,7109057881.25,2848,F1,65,,,,,
2026-08-20,2026-08-20,FO,NSE,IDO,46993,,NIFTY,,2026-09-01,2026-09-01,24200.00,CE,NIFTY2690124200CE,203.35,261.95,192.60,220.50,221.05,153.55,24231.85,220.50,1185665,249665,76040,120691785441.50,48407,F1,65,,,,,
2026-08-20,2026-08-20,FO,NSE,IDO,46997,,NIFTY,,2026-09-01,2026-09-01,24300.00,CE,NIFTY2690124300CE,111.00,197.95,111.00,161.70,163.55,111.25,24231.85,161.70,1271205,314860,71054,112981400272.00,46013,F1,65,,,,,
2026-08-20,2026-08-20,FO,NSE,IDO,47055,,NIFTY,,2026-09-01,2026-09-01,25750.00,CE,NIFTY2690125750CE,2.70,2.70,1.30,1.75,2.20,2.25,24231.85,1.75,20215,15665,431,721430885.50,267,F1,65,,,,,
2026-08-20,2026-08-20,FO,NSE,IDO,47077,,NIFTY,,2026-09-01,2026-09-01,26300.00,CE,NIFTY2690126300CE,1.05,1.65,0.80,1.15,1.65,1.40,24231.85,1.15,17355,-6110,308,526545184.75,125,F1,65,,,,,
2026-08-20,2026-08-20,FO,NSE,IDO,47100,,NIFTY,,2026-09-01,2026-09-01,26750.00,CE,NIFTY2690126750CE,1.65,1.65,1.65,1.65,1.65,1.15,24231.85,0.11,975,130,2,3477714.50,1,F1,65,,,,,
2026-08-20,2026-08-20,FO,NSE,IDO,42608,,NIFTY,,2026-09-08,2026-09-08,23400.00,CE,NIFTY2690823400CE,0.00,0.00,0.00,1438.90,0.00,1438.90,24231.85,976.86,0,0,0,0.00,0,F1,65,,,,,
2026-08-20,2026-08-20,FO,NSE,IDO,42729,,NIFTY,,2026-09-08,2026-09-08,25750.00,CE,NIFTY2690825750CE,5.15,5.25,3.50,4.00,3.65,5.55,24231.85,4.00,2600,1365,149,249428406.50,53,F1,65,,,,,
2026-08-20,2026-08-20,FO,NSE,IDO,42747,,NIFTY,,2026-09-08,2026-09-08,26050.00,CE,NIFTY2690826050CE,4.60,4.60,2.10,2.40,2.10,4.25,24231.85,2.40,40495,-2925,130,220145841.50,76,F1,65,,,,,
2026-08-20,2026-08-20,FO,NSE,IDO,47257,,NIFTY,,2026-09-15,2026-09-15,22500.00,CE,NIFTY2691522500CE,0.00,0.00,0.00,2121.70,0.00,2121.70,24231.85,1843.47,0,0,0,0.00,0,F1,65,,,,,
2026-08-20,2026-08-20,FO,NSE,IDO,47269,,NIFTY,,2026-09-15,2026-09-15,22800.00,CE,NIFTY2691522800CE,0.00,0.00,0.00,1840.25,0.00,1840.25,24231.85,1560.64,0,0,0,0.00,0,F1,65,,,,,
2026-08-20,2026-08-20,FO,NSE,IDO,47275,,NIFTY,,2026-09-15,2026-09-15,22950.00,CE,NIFTY2691522950CE,0.00,0.00,0.00,1703.20,0.00,1703.20,24231.85,1423.49,0,0,0,0.00,0,F1,65,,,,,
2026-08-20,2026-08-20,FO,NSE,IDO,56937,,NIFTY,,2026-09-22,2026-09-22,22900.00,CE,NIFTY2692222900CE,0.00,0.00,0.00,1459.55,0.00,1459.55,24231.85,1523.20,0,0,0,0.00,0,F1,65,,,,,
2026-08-20,2026-08-20,FO,NSE,IDO,56980,,NIFTY,,2026-09-22,2026-09-22,23200.00,CE,NIFTY2692223200CE,0.00,0.00,0.00,1208.10,0.00,1208.10,24231.85,1264.90,0,0,0,0.00,0,F1,65,,,,,
2026-08-20,2026-08-20,FO,NSE,IDO,57228,,NIFTY,,2026-09-22,2026-09-22,24050.00,CE,NIFTY2692224050CE,0.00,0.00,0.00,618.90,0.00,618.90,24231.85,651.74,0,0,0,0.00,0,F1,65,,,,,
2026-08-20,2026-08-20,FO,NSE,IDO,57441,,NIFTY,,2026-09-22,2026-09-22,24300.00,CE,NIFTY2692224300CE,290.00,347.55,290.00,320.15,321.45,271.00,24231.85,320.15,2145,2080,71,113627234.50,31,F1,65,,,,,
2026-08-20,2026-08-20,FO,NSE,IDO,57873,,NIFTY,,2026-09-22,2026-09-22,25250.00,CE,NIFTY2692225250CE,0.00,0.00,0.00,161.95,0.00,161.95,24231.85,168.74,0,0,0,0.00,0,F1,65,,,,,
2026-08-20,2026-08-20,FO,NSE,IDO,57951,,NIFTY,,2026-09-22,2026-09-22,25600.00,CE,NIFTY2692225600CE,0.00,0.00,0.00,99.50,0.00,99.50,24231.85,102.72,0,0,0,0.00,0,F1,65,,,,,
2026-08-20,2026-08-20,FO,NSE,IDO,57960,,NIFTY,,2026-09-22,2026-09-22,25650.00,CE,NIFTY2692225650CE,0.00,0.00,0.00,92.45,0.00,92.45,24231.85,95.31,0,0,0,0.00,0,F1,65,,,,,
2026-08-20,2026-08-20,FO,NSE,IDO,57996,,NIFTY,,2026-09-22,2026-09-22,25700.00,CE,NIFTY2692225700CE,0.00,0.00,0.00,85.85,0.00,85.85,24231.85,88.35,0,0,0,0.00,0,F1,65,,,,,
2026-08-20,2026-08-20,FO,NSE,IDO,58010,,NIFTY,,2026-09-22,2026-09-22,25800.00,CE,NIFTY2692225800CE,0.00,0.00,0.00,73.80,0.00,73.80,24231.85,75.68,0,0,0,0.00,0,F1,65,,,,,
2026-08-20,2026-08-20,FO,NSE,IDO,58014,,NIFTY,,2026-09-22,2026-09-22,25900.00,CE,NIFTY2692225900CE,10.80,10.80,5.25,6.95,6.70,7.00,24231.85,6.95,5200,1430,174,293006528.75,84,F1,65,,,,,
2026-08-20,2026-08-20,FO,NSE,IDO,73856,,NIFTY,,2026-09-29,2026-09-29,21900.00,CE,NIFTY26SEP21900CE,0.00,0.00,0.00,2350.00,2350.00,2350.00,24231.85,2498.84,130,0,0,0.00,0,F1,65,,,,,
2026-08-20,2026-08-20,FO,NSE,IDO,55284,,NIFTY,,2026-09-29,2026-09-29,22500.00,CE,NIFTY26SEP22500CE,1833.45,1955.00,1833.40,1908.25,1897.00,1757.55,24231.85,1908.25,345085,10595,492,780048818.25,395,F1,65,,,,,
2026-08-20,2026-08-20,FO,NSE,IDO,73901,,NIFTY,,2026-09-29,2026-09-29,22950.00,CE,NIFTY26SEP22950CE,0.00,0.00,0.00,1416.70,1416.70,1416.70,24231.85,1527.30,325,0,0,0.00,0,F1,65,,,,,
2026-08-20,2026-08-20,FO,NSE,IDO,74058,,NIFTY,,2026-09-29,2026-09-29,23950.00,CE,NIFTY26SEP23950CE,570.00,619.95,570.00,599.95,597.95,504.20,24231.85,599.95,4875,-455,35,55825932.50,25,F1,65,,,,,
2026-08-20,2026-08-20,FO,NSE,IDO,74068,,NIFTY,,2026-09-29,2026-09-29,24200.00,CE,NIFTY26SEP24200CE,400.00,458.40,395.60,423.75,425.00,350.70,24231.85,423.75,951405,355745,19260,30818198963.50,13288,F1,65,,,,,
2026-08-20,2026-08-20,FO,NSE,IDO,74388,,NIFTY,,2026-09-29,2026-09-29,25350.00,CE,NIFTY26SEP25350CE,36.95,38.05,29.85,31.95,32.60,31.35,24231.85,31.95,47060,19695,986,1626778588.50,782,F1,65,,,,,
2026-08-20,2026-08-20,FO,NSE,IDO,74467,,NIFTY,,2026-09-29,2026-09-29,26250.00,CE,NIFTY26SEP26250CE,0.00,0.00,0.00,198.40,0.00,198.40,24231.85,56.46,0,0,0,0.00,0,F1,65,,,,,
2026-08-20,2026-08-20,FO,NSE,IDO,74475,,NIFTY,,2026-09-29,2026-09-29,26350.00,CE,NIFTY26SEP26350CE,0.00,0.00,0.00,182.80,0.00,182.80,24231.85,48.53,0,0,0,0.00,0,F1,65,,,,,
2026-08-20,2026-08-20,FO,NSE,IDO,74483,,NIFTY,,2026-09-29,2026-09-29,26550.00,CE,NIFTY26SEP26550CE,0.00,0.00,0.00,154.75,0.00,154.75,24231.85,35.50,0,0,0,0.00,0,F1,65,,,,,
2026-08-20,2026-08-20,FO,NSE,IDO,74507,,NIFTY,,2026-09-29,2026-09-29,27200.00,CE,NIFTY26SEP27200CE,5.45,5.45,2.10,2.90,2.35,4.80,24231.85,2.90,46800,16900,4039,7141739949.50,2065,F1,65,,,,,
2026-08-20,2026-08-20,FO,NSE,IDO,55292,,NIFTY,,2026-09-29,2026-09-29,34500.00,CE,NIFTY26SEP34500CE,1.00,1.00,0.65,0.65,0.65,0.95,24231.85,0.00,10205,-130,3,6727656.00,3,F1,65,,,,,
2026-08-20,2026-08-20,FO,NSE,IDO,51320,,NIFTY,,2026-10-27,2026-10-27,22300.00,CE,NIFTY26OCT22300CE,0.00,0.00,0.00,2165.60,0.00,2165.60,24231.85,2269.01,0,0,0,0.00,0,F1,65,,,,,
2026-08-20,2026-08-20,FO,NSE,IDO,51326,,NIFTY,,2026-10-27,2026-10-27,22400.00,CE,NIFTY26OCT22400CE,0.00,0.00,0.00,2083.15,0.00,2083.15,24231.85,2180.12,0,0,0,0.00,0,F1,65,,,,,
2026-08-20,2026-08-20,FO,NSE,IDO,51334,,NIFTY,,2026-10-27,2026-10-27,22600.00,CE,NIFTY26OCT22600CE,0.00,0.00,0.00,1922.30,0.00,1922.30,24231.85,2005.84,0,0,0,0.00,0,F1,65,,,,,
2026-08-20,2026-08-20,FO,NSE,IDO,51340,,NIFTY,,2026-10-27,2026-10-27,22700.00,CE,NIFTY26OCT22700CE,0.00,0.00,0.00,1844.00,0.00,1844.00,24231.85,1920.62,0,0,0,0.00,0,F1,65,,,,,
2026-08-20,2026-08-20,FO,NSE,IDO,51346,,NIFTY,,2026-10-27,2026-10-27,22850.00,CE,NIFTY26OCT22850CE,0.00,0.00,0.00,1729.40,0.00,1729.40,24231.85,1795.43,0,0,0,0.00,0,F1,65,,,,,
2026-08-20,2026-08-20,FO,NSE,IDO,51392,,NIFTY,,2026-10-27,2026-10-27,24000.00,CE,NIFTY26OCT24000CE,714.95,781.00,709.55,743.00,741.00,649.65,24231.85,743.00,222755,18395,1639,2635759288.50,1078,F1,65,,,,,
2026-08-20,2026-08-20,FO,NSE,IDO,51410,,NIFTY,,2026-10-27,2026-10-27,24400.00,CE,NIFTY26OCT24400CE,450.00,510.10,450.00,485.60,488.75,420.25,24231.85,485.60,33150,-3055,501,810265595.75,316,F1,65,,,,,
2026-08-20,2026-08-20,FO,NSE,IDO,51412,,NIFTY,,2026-10-27,2026-10-27,24450.00,CE,NIFTY26OCT24450CE,444.10,470.45,444.10,453.90,453.90,393.90,24231.85,453.90,3185,65,7,11333130.25,7,F1,65,,,,,
2026-08-20,2026-08-20,FO,NSE,IDO,51434,,NIFTY,,2026-10-27,2026-10-27,24900.00,CE,NIFTY26OCT24900CE,234.30,260.00,231.00,242.90,241.50,207.90,24231.85,242.90,37050,4225,510,833431036.75,415,F1,65,,,,,
2026-08-20,2026-08-20,FO,NSE,IDO,51478,,NIFTY,,2026-10-27,2026-10-27,25700.00,CE,NIFTY26OCT25700CE,60.50,62.55,56.00,60.35,60.50,54.05,24231.85,60.35,139100,28405,1974,3305055487.50,1377,F1,65,,,,,
2026-08-20,2026-08-20,FO,NSE,IDO,51486,,NIFTY,,2026-10-27,2026-10-27,25900.00,CE,NIFTY26OCT25900CE,0.00,0.00,0.00,277.95,0.00,277.95,24231.85,222.91,0,0,0,0.00,0,F1,65,,,,,
2026-08-20,2026-08-20,FO,NSE,IDO,51534,,NIFTY,,2026-10-27,2026-10-27,27050.00,CE,NIFTY26OCT27050CE,0.00,0.00,0.00,106.00,0.00,106.00,24231.85,68.25,0,0,0,0.00,0,F1,65,,,,,
2026-08-20,2026-08-20,FO,NSE,IDO,51538,,NIFTY,,2026-10-27,2026-10-27,27150.00,CE,NIFTY26OCT27150CE,0.00,0.00,0.00,96.75,0.00,96.75,24231.85,60.92,0,0,0,0.00,0,F1,65,,,,,
2026-08-20,2026-08-20,FO,NSE,IDO,71501,,NIFTY,,2026-12-29,2026-12-29,24000.00,CE,NIFTY26DEC24000CE,1100.00,1170.00,1100.00,1130.25,1138.40,1047.20,24231.85,1130.25,1197320,-1690,1383,2258792679.00,1089,F1,65,,,,,
2026-08-20,2026-08-20,FO,NSE,IDO,35235,,NIFTY,,2026-12-29,2026-12-29,30000.00,CE,NIFTY26DEC30000CE,12.20,12.85,11.15,11.30,11.30,12.10,24231.85,11.30,787600,9815,884,1724479035.50,449,F1,65,,,,,
2026-08-20,2026-08-20,FO,NSE,IDO,71547,,NIFTY,,2027-06-29,2027-06-29,18000.00,CE,NIFTY27JUN18000CE,0.00,0.00,0.00,4066.45,0.00,4066.45,24231.85,7223.81,0,0,0,0.00,0,F1,65,,,,,
2026-08-20,2026-08-20,FO,NSE,IDO,55518,,NIFTY,,2028-12-26,2028-12-26,19500.00,CE,NIFTY28DEC19500CE,0.00,0.00,0.00,9716.40,0.00,9716.40,24231.85,7668.71,0,0,0,0.00,0,F1,65,,,,,
2026-08-20,2026-08-20,FO,NSE,IDO,47198,,NIFTY,,2028-12-26,2028-12-26,33000.00,CE,NIFTY28DEC33000CE,0.00,0.00,0.00,2477.50,0.00,2477.50,24231.85,1074.45,0,0,0,0.00,0,F1,65,,,,,
2026-08-20,2026-08-20,FO,NSE,IDO,89630,,NIFTY,,2029-06-26,2029-06-26,24000.00,CE,NIFTY29JUN24000CE,0.00,0.00,0.00,8085.35,0.00,8085.35,24231.85,5165.59,0,0,0,0.00,0,F1,65,,,,,
2026-08-20,2026-08-20,FO,NSE,IDO,61794,,NIFTY,,2029-12-24,2029-12-24,27000.00,CE,NIFTY29DEC27000CE,0.00,0.00,0.00,6201.65,0.00,6201.65,24231.85,4185.88,0,0,0,0.00,0,F1,65,,,,,
2026-08-20,2026-08-20,FO,NSE,IDO,55766,,NIFTY,,2030-12-31,2030-12-31,33000.00,CE,NIFTY30DEC33000CE,0.00,0.00,0.00,3948.25,0.00,3948.25,24231.85,3050.47,0,0,0,0.00,0,F1,65,,,,,
2026-08-20,2026-08-20,FO,NSE,IDO,61155,,NIFTY,,2026-08-25,2026-08-25,21250.00,PE,NIFTY26AUG21250PE,0.95,1.25,0.60,0.80,0.85,0.70,24231.85,0.80,100685,21775,4820,6657866562.75,2039,F1,65,,,,,
2026-08-20,2026-08-20,FO,NSE,IDO,61458,,NIFTY,,2026-08-25,2026-08-25,23300.00,PE,NIFTY26AUG23300PE,3.85,4.10,2.00,2.50,2.80,4.10,24231.85,2.50,3048435,1096875,410347,621548422277.25,69648,F1,65,,,,,
2026-08-20,2026-08-20,FO,NSE,IDO,61586,,NIFTY,,2026-08-25,2026-08-25,23900.00,PE,NIFTY26AUG23900PE,25.00,25.00,9.40,10.45,11.00,41.90,24231.85,10.45,6736015,2924415,559906,870242706697.00,166256,F1,65,,,,,
2026-08-20,2026-08-20,FO,NSE,IDO,61588,,NIFTY,,2026-08-25,2026-08-25,23950.00,PE,NIFTY26AUG23950PE,25.30,25.35,12.45,13.75,14.05,54.20,24231.85,13.75,3159585,1433900,359166,559487505541.25,124671,F1,65,,,,,
2026-08-20,2026-08-20,FO,NSE,IDO,61622,,NIFTY,,2026-08-25,2026-08-25,24100.00,PE,NIFTY26AUG24100PE,59.00,59.00,26.75,32.30,32.85,109.10,24231.85,32.30,7622420,778960,955764,1499441886543.25,394278,F1,65,,,,,
2026-08-20,2026-08-20,FO,NSE,IDO,61786,,NIFTY,,2026-08-25,2026-08-25,24650.00,PE,NIFTY26AUG24650PE,417.75,420.95,310.00,361.40,365.60,539.35,24231.85,361.40,181870,-16445,5434,8835666976.50,4413,F1,65,,,,,
2026-08-20,2026-08-20,FO,NSE,IDO,61982,,NIFTY,,2026-08-25,2026-08-25,25650.00,PE,NIFTY26AUG25650PE,0.00,0.00,0.00,1500.00,1500.00,1500.00,24231.85,1397.10,715,0,0,0.00,0,F1,65,,,,,
2026-08-20,2026-08-20,FO,NSE,IDO,62023,,NIFTY,,2026-08-25,2026-08-25,25900.00,PE,NIFTY26AUG25900PE,0.00,0.00,0.00,1520.00,1520.00,1520.00,24231.85,1646.69,4355,0,0,0.00,0,F1,65,,,,,
2026-08-20,2026-08-20,FO,NSE,IDO,62068,,NIFTY,,2026-08-25,2026-08-25,26300.00,PE,NIFTY26AUG26300PE,2053.25,2053.25,1970.00,2011.60,2015.00,2184.00,24231.85,2011.60,395200,-52715,930,1711035537.25,813,F1,65,,,,,
2026-08-20,2026-08-20,FO,NSE,IDO,62198,,NIFTY,,2026-08-25,2026-08-25,26800.00,PE,NIFTY26AUG26800PE,0.00,0.00,0.00,2250.00,2250.00,2250.00,24231.85,2545.91,130,0,0,0.00,0,F1,65,,,,,
2026-08-20,2026-08-20,FO,NSE,IDO,46918,,NIFTY,,2026-09-01,2026-09-01,22300.00,PE,NIFTY2690122300PE,4.15,4.70,3.35,3.55,3.70,4.80,24231.85,3.55,58630,17290,971,1407713814.00,605,F1,65,,,,,
2026-08-20,2026-08-20,FO,NSE,IDO,46942,,NIFTY,,2026-09-01,2026-09-01,22900.00,PE,NIFTY2690122900PE,5.40,5.95,4.40,4.90,5.10,6.70,24231.85,4.90,110500,24960,4937,7350358424.50,3097,F1,65,,,,,
2026-08-20,2026-08-20,FO,NSE,IDO,46952,,NIFTY,,2026-09-01,2026-09-01,23150.00,PE,NIFTY2690123150PE,6.05,7.30,5.65,6.00,5.70,9.45,24231.85,6.00,42185,19240,1135,1708365044.75,730,F1,65,,,,,
2026-08-20,2026-08-20,FO,NSE,IDO,46972,,NIFTY,,2026-09-01,2026-09-01,23650.00,PE,NIFTY2690123650PE,31.00,31.00,14.30,16.40,17.50,37.65,24231.85,16.40,131755,74620,6217,9563898574.75,4131,F1,65,,,,,
2026-08-20,2026-08-20,FO,NSE,IDO,47010,,NIFTY,,2026-09-01,2026-09-01,24600.00,PE,NIFTY2690124600PE,384.10,386.95,295.85,335.65,336.00,485.20,24231.85,335.65,177710,109200,4479,7263336102.75,2748,F1,65,,,,,
2026-08-20,2026-08-20,FO,NSE,IDO,47068,,NIFTY,,2026-09-01,2026-09-01,26050.00,PE,NIFTY2690126050PE,0.00,0.00,0.00,1766.25,0.00,1766.25,24231.85,1768.51,0,0,0,0.00,0,F1,65,,,,,
2026-08-20,2026-08-20,FO,NSE,IDO,42576,,NIFTY,,2026-09-08,2026-09-08,22600.00,PE,NIFTY2690822600PE,6.80,7.75,5.80,6.25,7.00,9.10,24231.85,6.25,10855,3055,466,684753095.00,252,F1,65,,,,,
2026-08-20,2026-08-20,FO,NSE,IDO,42584,,NIFTY,,2026-09-08,2026-09-08,22800.00,PE,NIFTY2690822800PE,7.50,9.05,6.75,7.15,7.65,10.95,24231.85,7.15,31980,9685,500,741253867.25,319,F1,65,,,,,
2026-08-20,2026-08-20,FO,NSE,IDO,42592,,NIFTY,,2026-09-08,2026-09-08,23000.00,PE,NIFTY2690823000PE,11.40,12.10,8.50,8.75,9.60,15.45,24231.85,8.75,153270,-31525,5373,8036022228.00,3436,F1,65,,,,,
2026-08-20,2026-08-20,FO,NSE,IDO,42630,,NIFTY,,2026-09-08,2026-09-08,23750.00,PE,NIFTY2690823750PE,0.00,0.00,0.00,150.75,0.00,150.75,24231.85,145.35,0,0,0,0.00,0,F1,65,,,,,
2026-08-20,2026-08-20,FO,NSE,IDO,42644,,NIFTY,,2026-09-08,2026-09-08,24100.00,PE,NIFTY2690824100PE,167.00,167.00,95.80,110.40,112.40,189.20,24231.85,110.40,305305,253695,8376,13180431069.00,6226,F1,65,,,,,
2026-08-20,2026-08-20,FO,NSE,IDO,42648,,NIFTY,,2026-09-08,2026-09-08,24200.00,PE,NIFTY2690824200PE,170.25,171.30,124.40,141.85,145.10,234.75,24231.85,141.85,249600,105625,7291,11537387511.00,5149,F1,65,,,,,
2026-08-20,2026-08-20,FO,NSE,IDO,42676,,NIFTY,,2026-09-08,2026-09-08,24850.00,PE,NIFTY2690824850PE,0.00,0.00,0.00,557.75,0.00,557.75,24231.85,696.51,0,0,0,0.00,0,F1,65,,,,,
2026-08-20,2026-08-20,FO,NSE,IDO,42715,,NIFTY,,2026-09-08,2026-09-08,25550.00,PE,NIFTY2690825550PE,0.00,0.00,0.00,1003.80,0.00,1003.80,24231.85,1277.01,0,0,0,0.00,0,F1,65,,,,,
2026-08-20,2026-08-20,FO,NSE,IDO,42736,,NIFTY,,2026-09-08,2026-09-08,25850.00,PE,NIFTY2690825850PE,0.00,0.00,0.00,1234.05,0.00,1234.05,24231.85,1556.18,0,0,0,0.00,0,F1,65,,,,,
2026-08-20,2026-08-20,FO,NSE,IDO,42746,,NIFTY,,2026-09-08,2026-09-08,26000.00,PE,NIFTY2690826000PE,0.00,0.00,0.00,1806.00,1806.00,1806.00,24231.85,1699.59,65,0,0,0.00,0,F1,65,,,,,
2026-08-20,2026-08-20,FO,NSE,IDO,47276,,NIFTY,,2026-09-15,2026-09-15,22950.00,PE,NIFTY2691522950PE,16.30,16.65,12.10,13.20,13.20,22.55,24231.85,13.20,3640,-130,35,52242619.00,20,F1,65,,,,,
2026-08-20,2026-08-20,FO,NSE,IDO,47296,,NIFTY,,2026-09-15,2026-09-15,23450.00,PE,NIFTY2691523450PE,0.00,0.00,0.00,114.05,0.00,114.05,24231.85,114.46,0,0,0,0.00,0,F1,65,,,,,
2026-08-20,2026-08-20,FO,NSE,IDO,47352,,NIFTY,,2026-09-15,2026-09-15,24750.00,PE,NIFTY2691524750PE,0.00,0.00,0.00,610.30,610.30,610.30,24231.85,662.66,260,0,0,0.00,0,F1,65,,,,,
2026-08-20,2026-08-20,FO,NSE,IDO,47355,,NIFTY,,2026-09-15,2026-09-15,24800.00,PE,NIFTY2691524800PE,0.00,0.00,0.00,601.05,0.00,601.05,24231.85,695.85,0,0,0,0.00,0,F1,65,,,,,
2026-08-20,2026-08-20,FO,NSE,IDO,56977,,NIFTY,,2026-09-22,2026-09-22,23100.00,PE,NIFTY2692223100PE,0.00,0.00,0.00,101.35,0.00,101.35,24231.85,81.06,0,0,0,0.00,0,F1,65,,,,,
2026-08-20,2026-08-20,FO,NSE,IDO,46968,,NIFTY,,2026-09-01,2026-09-01,23550.00,PE,NIFTY2690123550PE,15.65,15.70,10.75,12.40,12.35,28.10,24231.85,12.40,63635,4420,4144,6346838982.25,2749,F1,65,,,,,
2026-08-20,2026-08-20,FO,NSE,IDO,46996,,NIFTY,,2026-09-01,2026-09-01,24250.00,PE,NIFTY2690124250PE,162.00,162.00,109.00,127.20,130.40,230.70,24231.85,127.20,233740,124150,26429,41880896469.75,17639,F1,65,,,,,
2026-08-20,2026-08-20,FO,NSE,IDO,47054,,NIFTY,,2026-09-01,2026-09-01,25700.00,PE,NIFTY2690125700PE,0.00,0.00,0.00,1213.95,1213.95,1213.95,24231.85,1424.87,130,0,0,0.00,0,F1,65,,,,,
2026-08-20,2026-08-20,FO,NSE,IDO,47060,,NIFTY,,2026-09-01,2026-09-01,25850.00,PE,NIFTY2690125850PE,0.00,0.00,0.00,1593.20,0.00,1593.20,24231.85,1571.36,0,0,0,0.00,0,F1,65,,,,,
2026-08-20,2026-08-20,FO,NSE,IDO,47084,,NIFTY,,2026-09-01,2026-09-01,26450.00,PE,NIFTY2690126450PE,0.00,0.00,0.00,2127.00,0.00,2127.00,24231.85,2165.93,0,0,0,0.00,0,F1,65,,,,,
2026-08-20,2026-08-20,FO,NSE,IDO,47086,,NIFTY,,2026-09-01,2026-09-01,26500.00,PE,NIFTY2690126500PE,0.00,0.00,0.00,2173.20,0.00,2173.20,24231.85,2215.75,0,0,0,0.00,0,F1,65,,,,,
2026-08-20,2026-08-20,FO,NSE,IDO,47120,,NIFTY,,2026-09-01,2026-09-01,27200.00,PE,NIFTY2690127200PE,0.00,0.00,0.00,2838.15,0.00,2838.15,24231.85,2914.02,0,0,0,0.00,0,F1,65,,,,,
2026-08-20,2026-08-20,FO,NSE,IDO,42566,,NIFTY,,2026-09-08,2026-09-08,22350.00,PE,NIFTY2690822350PE,5.40,6.40,4.80,5.40,5.00,11.25,24231.85,5.40,2795,2795,141,204888498.75,57,F1,65,,,,,
2026-08-20,2026-08-20,FO,NSE,IDO,42582,,NIFTY,,2026-09-08,2026-09-08,22750.00,PE,NIFTY2690822750PE,0.00,0.00,0.00,10.50,10.50,10.50,24231.85,13.37,130,0,0,0.00,0,F1,65,,,,,
2026-08-20,2026-08-20,FO,NSE,IDO,42602,,NIFTY,,2026-09-08,2026-09-08,23250.00,PE,NIFTY2690823250PE,0.00,0.00,0.00,68.40,0.00,68.40,24231.85,50.56,0,0,0,0.00,0,F1,65,,,,,
2026-08-20,2026-08-20,FO,NSE,IDO,42624,,NIFTY,,2026-09-08,2026-09-08,23600.00,PE,NIFTY2690823600PE,37.95,39.00,25.85,28.55,30.10,56.70,24231.85,28.55,234325,221195,6975,10713220573.25,3956,F1,65,,,,,
2026-08-20,2026-08-20,FO,NSE,IDO,42640,,NIFTY,,2026-09-08,2026-09-08,24000.00,PE,NIFTY2690824000PE,105.00,109.60,73.80,83.05,86.60,149.05,24231.85,83.05,351845,186225,9365,14661155531.75,6122,F1,65,,,,,
2026-08-20,2026-08-20,FO,NSE,IDO,42650,,NIFTY,,2026-09-08,2026-09-08,24250.00,PE,NIFTY2690824250PE,194.85,194.90,142.05,160.80,164.00,260.90,24231.85,160.80,39845,29055,1445,2292869540.00,1139,F1,65,,,,,
2026-08-20,2026-08-20,FO,NSE,IDO,42654,,NIFTY,,2026-09-08,2026-09-08,24350.00,PE,NIFTY2690824350PE,258.20,258.20,181.70,206.15,208.45,318.55,24231.85,206.15,11375,2990,534,852490255.50,434,F1,65,,,,,
2026-08-20,2026-08-20,FO,NSE,IDO,42724,,NIFTY,,2026-09-08,2026-09-08,25600.00,PE,NIFTY2690825600PE,0.00,0.00,0.00,1041.75,0.00,1041.75,24231.85,1322.66,0,0,0,0.00,0,F1,65,,,,,
2026-08-20,2026-08-20,FO,NSE,IDO,42732,,NIFTY,,2026-09-08,2026-09-08,25750.00,PE,NIFTY2690825750PE,0.00,0.00,0.00,1155.15,0.00,1155.15,24231.85,1461.83,0,0,0,0.00,0,F1,65,,,,,
2026-08-20,2026-08-20,FO,NSE,IDO,47254,,NIFTY,,2026-09-15,2026-09-15,22400.00,PE,NIFTY2691522400PE,9.25,9.25,6.85,7.05,7.10,10.40,24231.85,7.05,4485,2600,58,84476756.00,25,F1,65,,,,,
2026-08-20,2026-08-20,FO,NSE,IDO,47290,,NIFTY,,2026-09-15,2026-09-15,23300.00,PE,NIFTY2691523300PE,0.00,0.00,0.00,89.65,0.00,89.65,24231.85,87.00,0,0,0,0.00,0,F1,65,,,,,
2026-08-20,2026-08-20,FO,NSE,IDO,47336,,NIFTY,,2026-09-15,2026-09-15,24400.00,PE,NIFTY2691524400PE,265.90,270.30,223.10,248.20,249.70,356.45,24231.85,248.20,10855,3770,180,288361781.50,143,F1,65,,,,,
2026-08-20,2026-08-20,FO,NSE,IDO,47380,,NIFTY,,2026-09-15,2026-09-15,25300.00,PE,NIFTY2691525300PE,0.00,0.00,0.00,920.35,0.00,920.35,24231.85,1069.89,0,0,0,0.00,0,F1,65,,,,,
2026-08-20,2026-08-20,FO,NSE,IDO,56908,,NIFTY,,2026-09-22,2026-09-22,22750.00,PE,NIFTY2692222750PE,0.00,0.00,0.00,55.05,0.00,55.05,24231.85,42.14,0,0,0,0.00,0,F1,65,,,,,
2026-08-20,2026-08-20,FO,NSE,IDO,57049,,NIFTY,,2026-09-22,2026-09-22,23600.00,PE,NIFTY2692223600PE,0.00,0.00,0.00,213.70,0.00,213.70,24231.85,181.13,0,0,0,0.00,0,F1,65,,,,,
2026-08-20,2026-08-20,FO,NSE,IDO,57085,,NIFTY,,2026-09-22,2026-09-22,23800.00,PE,NIFTY2692223800PE,0.00,0.00,0.00,305.45,305.45,305.45,24231.85,238.23,65,0,0,0.00,0,F1,65,,,,,
2026-08-20,2026-08-20,FO,NSE,IDO,57087,,NIFTY,,2026-09-22,2026-09-22,23850.00,PE,NIFTY2692223850PE,0.00,0.00,0.00,295.55,0.00,295.55,24231.85,254.63,0,0,0,0.00,0,F1,65,,,,,
2026-08-20,2026-08-20,FO,NSE,IDO,55283,,NIFTY,,2026-09-29,2026-09-29,19500.00,PE,NIFTY26SEP19500PE,7.70,8.00,6.20,6.55,6.50,7.70,24231.85,6.55,894335,-130,1017,1289486978.00,335,F1,65,,,,,
2026-08-20,2026-08-20,FO,NSE,IDO,73851,,NIFTY,,2026-09-29,2026-09-29,21750.00,PE,NIFTY26SEP21750PE,0.00,0.00,0.00,13.75,13.75,13.75,24231.85,7.46,4875,0,0,0.00,0,F1,65,,,,,
2026-08-20,2026-08-20,FO,NSE,IDO,74083,,NIFTY,,2026-09-29,2026-09-29,24200.00,PE,NIFTY26SEP24200PE,269.90,269.90,196.85,218.75,221.25,299.90,24231.85,218.75,1444755,584415,26816,42567854732.00,16606,F1,65,,,,,
2026-08-20,2026-08-20,FO,NSE,IDO,74108,,NIFTY,,2026-09-29,2026-09-29,24300.00,PE,NIFTY26SEP24300PE,314.90,314.90,230.10,256.35,256.45,346.85,24231.85,256.35,2104895,985075,36914,58933844931.00,27946,F1,65,,,,,
2026-08-20,2026-08-20,FO,NSE,IDO,74242,,NIFTY,,2026-09-29,2026-09-29,24500.00,PE,NIFTY26SEP24500PE,360.20,384.10,314.30,348.55,348.10,452.95,24231.85,348.55,3086070,595205,41548,67121532764.00,33148,F1,65,,,,,
2026-08-20,2026-08-20,FO,NSE,IDO,74352,,NIFTY,,2026-09-29,2026-09-29,24650.00,PE,NIFTY26SEP24650PE,456.85,456.85,402.00,417.00,417.00,548.40,24231.85,655.92,11700,-130,46,74987734.25,34,F1,65,,,,,
2026-08-20,2026-08-20,FO,NSE,IDO,74373,,NIFTY,,2026-09-29,2026-09-29,25200.00,PE,NIFTY26SEP25200PE,870.25,874.00,790.30,835.60,840.75,975.95,24231.85,835.60,40560,3250,175,296183407.00,136,F1,65,,,,,
2026-08-20,2026-08-20,FO,NSE,IDO,74394,,NIFTY,,2026-09-29,2026-09-29,25400.00,PE,NIFTY26SEP25400PE,1021.80,1033.30,974.80,1015.40,1016.50,1157.05,24231.85,1015.40,9880,1300,32,54944110.00,23,F1,65,,,,,
2026-08-20,2026-08-20,FO,NSE,IDO,74396,,NIFTY,,2026-09-29,2026-09-29,25450.00,PE,NIFTY26SEP25450PE,0.00,0.00,0.00,966.65,966.65,966.65,24231.85,1205.38,715,0,0,0.00,0,F1,65,,,,,
2026-08-20,2026-08-20,FO,NSE,IDO,74433,,NIFTY,,2026-09-29,2026-09-29,25950.00,PE,NIFTY26SEP25950PE,0.00,0.00,0.00,1299.00,1299.00,1299.00,24231.85,1620.07,65,0,0,0.00,0,F1,65,,,,,
2026-08-20,2026-08-20,FO,NSE,IDO,51369,,NIFTY,,2026-10-27,2026-10-27,23400.00,PE,NIFTY26OCT23400PE,0.00,0.00,0.00,403.80,0.00,403.80,24231.85,253.42,0,0,0,0.00,0,F1,65,,,,,
2026-08-20,2026-08-20,FO,NSE,IDO,51377,,NIFTY,,2026-10-27,2026-10-27,23600.00,PE,NIFTY26OCT23600PE,137.30,141.50,121.15,131.55,134.00,169.15,24231.85,131.55,40040,650,354,546054353.00,250,F1,65,,,,,
2026-08-20,2026-08-20,FO,NSE,IDO,51379,,NIFTY,,2026-10-27,2026-10-27,23650.00,PE,NIFTY26OCT23650PE,0.00,0.00,0.00,491.35,0.00,491.35,24231.85,323.69,0,0,0,0.00,0,F1,65,,,,,
2026-08-20,2026-08-20,FO,NSE,IDO,51403,,NIFTY,,2026-10-27,2026-10-27,24200.00,PE,NIFTY26OCT24200PE,298.50,298.55,260.10,281.95,283.60,347.65,24231.85,281.95,61555,5720,678,1078888356.00,451,F1,65,,,,,
2026-08-20,2026-08-20,FO,NSE,IDO,51425,,NIFTY,,2026-10-27,2026-10-27,24650.00,PE,NIFTY26OCT24650PE,460.00,460.00,460.00,460.00,460.00,510.05,24231.85,745.62,2470,-65,1,1632150.00,1,F1,65,,,,,
2026-08-20,2026-08-20,FO,NSE,IDO,51427,,NIFTY,,2026-10-27,2026-10-27,24700.00,PE,NIFTY26OCT24700PE,504.00,512.85,456.05,492.95,479.20,594.60,24231.85,492.95,57070,28925,792,1296617565.75,681,F1,65,,,,,
2026-08-20,2026-08-20,FO,NSE,IDO,51439,,NIFTY,,2026-10-27,2026-10-27,24950.00,PE,NIFTY26OCT24950PE,0.00,0.00,0.00,789.00,789.00,789.00,24231.85,916.21,4030,0,0,0.00,0,F1,65,,,,,
2026-08-20,2026-08-20,FO,NSE,IDO,51513,,NIFTY,,2026-10-27,2026-10-27,26550.00,PE,NIFTY26OCT26550PE,0.00,0.00,0.00,2330.10,0.00,2330.10,24231.85,2114.02,0,0,0,0.00,0,F1,65,,,,,
2026-08-20,2026-08-20,FO,NSE,IDO,51525,,NIFTY,,2026-10-27,2026-10-27,26850.00,PE,NIFTY26OCT26850PE,0.00,0.00,0.00,2588.10,0.00,2588.10,24231.85,2378.21,0,0,0,0.00,0,F1,65,,,,,
2026-08-20,2026-08-20,FO,NSE,IDO,51539,,NIFTY,,2026-10-27,2026-10-27,27150.00,PE,NIFTY26OCT27150PE,0.00,0.00,0.00,2853.65,0.00,2853.65,24231.85,2650.28,0,0,0,0.00,0,F1,65,,,,,
2026-08-20,2026-08-20,FO,NSE,IDO,51541,,NIFTY,,2026-10-27,2026-10-27,27200.00,PE,NIFTY26OCT27200PE,0.00,0.00,0.00,2898.55,0.00,2898.55,24231.85,2696.27,0,0,0,0.00,0,F1,65,,,,,
2026-08-20,2026-08-20,FO,NSE,IDO,37810,,NIFTY,,2026-12-29,2026-12-29,23000.00,PE,NIFTY26DEC23000PE,158.00,158.35,140.00,145.30,147.00,171.65,24231.85,145.30,2574870,35150,7181,10803711932.00,3257,F1,65,,,,,
2026-08-20,2026-08-20,FO,NSE,IDO,35237,,NIFTY,,2026-12-29,2026-12-29,30000.00,PE,NIFTY26DEC30000PE,5033.30,5033.30,4942.00,4983.00,4981.00,5113.40,24231.85,4983.00,379930,-245,60,136472443.25,50,F1,65,,,,,
2026-08-20,2026-08-20,FO,NSE,IDO,80273,,NIFTY,,2027-03-30,2027-03-30,24000.00,PE,NIFTY27MAR24000PE,425.70,434.35,406.60,423.50,427.30,468.70,24231.85,423.50,808665,4290,2101,3335118153.25,1039,F1,65,,,,,
2026-08-20,2026-08-20,FO,NSE,IDO,55375,,NIFTY,,2027-06-29,2027-06-29,22500.00,PE,NIFTY27JUN22500PE,0.00,0.00,0.00,236.45,236.45,236.45,24231.85,371.84,845,0,0,0.00,0,F1,65,,,,,
2026-08-20,2026-08-20,FO,NSE,IDO,53627,,NIFTY,,2027-12-28,2027-12-28,25000.00,PE,NIFTY27DEC25000PE,984.00,984.00,938.40,949.35,960.00,1016.85,24231.85,949.35,75825,1105,49,82659941.00,48,F1,65,,,,,
2026-08-20,2026-08-20,FO,NSE,IDO,53630,,NIFTY,,2027-12-28,2027-12-28,26000.00,PE,NIFTY27DEC26000PE,1309.00,1309.55,1263.15,1295.20,1308.85,1375.00,24231.85,1295.20,60250,2860,77,136581987.75,57,F1,65,,,,,
2026-08-20,2026-08-20,FO,NSE,IDO,47197,,NIFTY,,2028-06-27,2028-06-27,33000.00,PE,NIFTY28JUN33000PE,0.00,0.00,0.00,3707.80,0.00,3707.80,24231.85,5659.01,0,0,0,0.00,0,F1,65,,,,,
2026-08-20,2026-08-20,FO,NSE,IDO,67781,,NIFTY,,2028-12-26,2028-12-26,23000.00,PE,NIFTY28DEC23000PE,0.00,0.00,0.00,627.95,627.95,627.95,24231.85,633.43,1610,0,0,0.00,0,F1,65,,,,,
2026-08-20,2026-08-20,FO,NSE,IDO,67787,,NIFTY,,2028-12-26,2028-12-26,26000.00,PE,NIFTY28DEC26000PE,0.00,0.00,0.00,1220.10,1220.10,1220.10,24231.85,1479.14,6810,0,0,0.00,0,F1,65,,,,,
2026-08-20,2026-08-20,FO,NSE,IDO,55563,,NIFTY,,2029-06-26,2029-06-26,25500.00,PE,NIFTY29JUN25500PE,0.00,0.00,0.00,624.25,0.00,624.25,24231.85,1249.92,0,0,0,0.00,0,F1,65,,,,,
2026-08-20,2026-08-20,FO,NSE,IDO,89637,,NIFTY,,2029-06-26,2029-06-26,27000.00,PE,NIFTY29JUN27000PE,0.00,0.00,0.00,1252.35,0.00,1252.35,24231.85,1750.65,0,0,0,0.00,0,F1,65,,,,,
2026-08-20,2026-08-20,FO,NSE,IDO,89643,,NIFTY,,2029-06-26,2029-06-26,30000.00,PE,NIFTY29JUN30000PE,0.00,0.00,0.00,2031.05,0.00,2031.05,24231.85,3043.25,0,0,0,0.00,0,F1,65,,,,,
2026-08-20,2026-08-20,FO,NSE,IDO,61749,,NIFTY,,2029-12-24,2029-12-24,24000.00,PE,NIFTY29DEC24000PE,0.00,0.00,0.00,810.00,810.00,810.00,24231.85,825.55,390,0,0,0.00,0,F1,65,,,,,
2026-08-20,2026-08-20,FO,NSE,IDO,62007,,NIFTY,,2029-12-24,2029-12-24,33000.00,PE,NIFTY29DEC33000PE,0.00,0.00,0.00,2953.70,0.00,2953.70,24231.85,4291.98,0,0,0,0.00,0,F1,65,,,,,
2026-08-20,2026-08-20,FO,NSE,IDO,55649,,NIFTY,,2030-06-25,2030-06-25,28500.00,PE,NIFTY30JUN28500PE,0.00,0.00,0.00,1167.60,0.00,1167.60,24231.85,2033.22,0,0,0,0.00,0,F1,65,,,,,
2026-08-20,2026-08-20,FO,NSE,IDO,55755,,NIFTY,,2030-12-31,2030-12-31,24000.00,PE,NIFTY30DEC24000PE,0.00,0.00,0.00,1000.00,1000.00,1000.00,24231.85,761.87,520,0,0,0.00,0,F1,65,,,,,
2026-08-20,2026-08-20,FO,NSE,IDO,74644,,NIFTY,,2031-06-24,2031-06-24,19500.00,PE,NIFTY31JUN19500PE,0.00,0.00,0.00,289.20,0.00,289.20,24231.85,201.91,0,0,0,0.00,0,F1,65,,,,,
2026-08-20,2026-08-20,FO,NSE,IDO,61726,,NIFTY,,2026-08-25,2026-08-25,24400.00,PE,NIFTY26AUG24400PE,219.00,219.00,121.80,153.00,154.00,312.15,24231.85,153.00,3160365,17550,488421,779689305508.75,276672,F1,65,,,,,
2026-08-20,2026-08-20,FO,NSE,IDO,61444,,NIFTY,,2026-08-25,2026-08-25,23150.00,PE,NIFTY26AUG23150PE,3.30,3.60,1.85,2.50,2.50,3.40,24231.85,2.50,1492985,1171495,139674,210197631579.00,33020,F1,65,,,,,
2026-08-20,2026-08-20,FO,NSE,IDO,61431,,NIFTY,,2026-08-25,2026-08-25,23050.00,PE,NIFTY26AUG23050PE,3.30,3.40,1.70,2.10,2.30,3.10,24231.85,2.10,298805,-61165,81593,122259499833.25,16307,F1,65,,,,,
2026-08-20,2026-08-20,FO,NSE,IDO,61373,,NIFTY,,2026-08-25,2026-08-25,22250.00,PE,NIFTY26AUG22250PE,2.50,2.50,1.20,1.40,1.35,2.35,24231.85,1.40,239070,78520,17573,25416773447.00,5257,F1,65,,,,,
2026-08-20,2026-08-20,FO,NSE,IDO,61345,,NIFTY,,2026-08-25,2026-08-25,21850.00,PE,NIFTY26AUG21850PE,1.25,1.95,0.80,1.00,1.15,1.95,24231.85,1.00,40040,23270,1777,2523925940.25,955,F1,65,,,,,
2026-08-20,2026-08-20,FO,NSE,IDO,74651,,NIFTY,,2031-06-24,2031-06-24,25500.00,CE,NIFTY31JUN25500CE,0.00,0.00,0.00,6409.80,0.00,6409.80,24231.85,6673.68,0,0,0,0.00,0,F1,65,,,,,
2026-08-20,2026-08-20,FO,NSE,IDO,74643,,NIFTY,,2031-06-24,2031-06-24,19500.00,CE,NIFTY31JUN19500CE,0.00,0.00,0.00,9840.60,0.00,9840.60,24231.85,10230.83,0,0,0,0.00,0,F1,65,,,,,
2026-08-20,2026-08-20,FO,NSE,IDO,60910,,NIFTY,,2030-06-25,2030-06-25,27000.00,CE,NIFTY30JUN27000CE,0.00,0.00,0.00,6972.50,0.00,6972.50,24231.85,4784.20,0,0,0,0.00,0,F1,65,,,,,
2026-08-20,2026-08-20,FO,NSE,IDO,55556,,NIFTY,,2029-06-26,2029-06-26,16500.00,CE,NIFTY29JUN16500CE,0.00,0.00,0.00,12587.95,0.00,12587.95,24231.85,10575.15,0,0,0,0.00,0,F1,65,,,,,
2026-08-20,2026-08-20,FO,NSE,IDO,47196,,NIFTY,,2028-06-27,2028-06-27,33000.00,CE,NIFTY28JUN33000CE,0.00,0.00,0.00,2004.15,0.00,2004.15,24231.85,660.61,0,0,0,0.00,0,F1,65,,,,,
2026-08-20,2026-08-20,FO,NSE,IDO,53631,,NIFTY,,2027-12-28,2027-12-28,27000.00,CE,NIFTY27DEC27000CE,1176.00,1176.00,1140.00,1147.70,1150.00,1125.80,24231.85,1147.70,43250,2275,76,139084988.25,56,F1,65,,,,,
2026-08-20,2026-08-20,FO,NSE,IDO,55422,,NIFTY,,2027-12-28,2027-12-28,19500.00,CE,NIFTY27DEC19500CE,0.00,0.00,0.00,8684.70,0.00,8684.70,24231.85,6477.81,0,0,0,0.00,0,F1,65,,,,,
2026-08-20,2026-08-20,FO,NSE,IDO,55374,,NIFTY,,2027-06-29,2027-06-29,22500.00,CE,NIFTY27JUN22500CE,0.00,0.00,0.00,5539.60,0.00,5539.60,24231.85,3330.82,0,0,0,0.00,0,F1,65,,,,,
2026-08-20,2026-08-20,FO,NSE,IDO,80274,,NIFTY,,2027-03-30,2027-03-30,25500.00,CE,NIFTY27MAR25500CE,708.00,730.00,703.95,711.05,710.00,671.00,24231.85,711.05,506415,14430,1103,1879436653.25,868,F1,65,,,,,
2026-08-20,2026-08-20,FO,NSE,IDO,47190,,NIFTY,,2026-12-29,2026-12-29,33000.00,CE,NIFTY26DEC33000CE,4.70,4.95,4.35,4.55,4.35,4.70,24231.85,4.55,107250,1365,57,122282680.00,19,F1,65,,,,,
2026-08-20,2026-08-20,FO,NSE,IDO,51526,,NIFTY,,2026-10-27,2026-10-27,26900.00,CE,NIFTY26OCT26900CE,12.60,12.60,9.00,10.80,10.80,13.65,24231.85,80.67,4485,65,122,213402000.50,49,F1,65,,,,,
2026-08-20,2026-08-20,FO,NSE,IDO,51506,,NIFTY,,2026-10-27,2026-10-27,26400.00,CE,NIFTY26OCT26400CE,0.00,0.00,0.00,186.25,0.00,186.25,24231.85,136.99,0,0,0,0.00,0,F1,65,,,,,
2026-08-20,2026-08-20,FO,NSE,IDO,51426,,NIFTY,,2026-10-27,2026-10-27,24700.00,CE,NIFTY26OCT24700CE,322.40,349.80,313.40,326.75,327.00,279.85,24231.85,326.75,67080,7345,487,792254060.00,363,F1,65,,,,,
2026-08-20,2026-08-20,FO,NSE,IDO,51406,,NIFTY,,2026-10-27,2026-10-27,24300.00,CE,NIFTY26OCT24300CE,526.95,568.00,524.55,545.00,548.55,471.40,24231.85,545.00,26325,-12415,544,878280055.25,342,F1,65,,,,,
2026-08-20,2026-08-20,FO,NSE,IDO,51400,,NIFTY,,2026-10-27,2026-10-27,24150.00,CE,NIFTY26OCT24150CE,0.00,0.00,0.00,779.95,779.95,779.95,24231.85,880.82,65,0,0,0.00,0,F1,65,,,,,
2026-08-20,2026-08-20,FO,NSE,IDO,51374,,NIFTY,,2026-10-27,2026-10-27,23550.00,CE,NIFTY26OCT23550CE,0.00,0.00,0.00,1244.00,0.00,1244.00,24231.85,1260.64,0,0,0,0.00,0,F1,65,,,,,
2026-08-20,2026-08-20,FO,NSE,IDO,55290,,NIFTY,,2026-09-29,2026-09-29,31500.00,CE,NIFTY26SEP31500CE,1.50,1.50,1.50,1.50,1.50,1.50,24231.85,0.00,15145,0,4,8190390.00,1,F1,65,,,,,
2026-08-20,2026-08-20,FO,NSE,IDO,55288,,NIFTY,,2026-09-29,2026-09-29,28500.00,CE,NIFTY26SEP28500CE,1.70,1.70,1.25,1.40,1.35,1.75,24231.85,1.40,558935,-7735,1998,3701473808.50,433,F1,65,,,,,
2026-08-20,2026-08-20,FO,NSE,IDO,74487,,NIFTY,,2026-09-29,2026-09-29,26650.00,CE,NIFTY26SEP26650CE,5.00,5.70,4.20,4.20,4.20,7.15,24231.85,30.22,1235,455,64,110883893.25,38,F1,65,,,,,
2026-08-20,2026-08-20,FO,NSE,IDO,74481,,NIFTY,,2026-09-29,2026-09-29,26500.00,CE,NIFTY26SEP26500CE,6.80,7.30,4.55,5.25,5.00,7.00,24231.85,5.25,300040,3185,5386,9279306036.00,3907,F1,65,,,,,
2026-08-20,2026-08-20,FO,NSE,IDO,74391,,NIFTY,,2026-09-29,2026-09-29,25400.00,CE,NIFTY26SEP25400CE,29.10,34.20,26.15,28.95,28.90,28.40,24231.85,28.95,323570,10465,5198,8591537945.25,3106,F1,65,,,,,
2026-08-20,2026-08-20,FO,NSE,IDO,74363,,NIFTY,,2026-09-29,2026-09-29,24950.00,CE,NIFTY26SEP24950CE,95.00,104.65,85.80,93.50,91.85,77.50,24231.85,93.50,67080,10465,1003,1632736387.75,834,F1,65,,,,,
2026-08-20,2026-08-20,FO,NSE,IDO,74048,,NIFTY,,2026-09-29,2026-09-29,23850.00,CE,NIFTY26SEP23850CE,644.45,707.45,644.40,681.80,681.80,569.45,24231.85,839.79,2990,130,19,30270756.75,16,F1,65,,,,,
2026-08-20,2026-08-20,FO,NSE,IDO,73887,,NIFTY,,2026-09-29,2026-09-29,22600.00,CE,NIFTY26SEP22600CE,0.00,0.00,0.00,1785.85,1785.85,1785.85,24231.85,1837.76,260,0,0,0.00,0,F1,65,,,,,
2026-08-20,2026-08-20,FO,NSE,IDO,57501,,NIFTY,,2026-09-22,2026-09-22,24350.00,CE,NIFTY2692224350CE,0.00,0.00,0.00,463.50,0.00,463.50,24231.85,488.04,0,0,0,0.00,0,F1,65,,,,,
2026-08-20,2026-08-20,FO,NSE,IDO,57023,,NIFTY,,2026-09-22,2026-09-22,23550.00,CE,NIFTY2692223550CE,0.00,0.00,0.00,940.65,0.00,940.65,24231.85,988.22,0,0,0,0.00,0,F1,65,,,,,
2026-08-20,2026-08-20,FO,NSE,IDO,56905,,NIFTY,,2026-09-22,2026-09-22,22700.00,CE,NIFTY2692222700CE,0.00,0.00,0.00,1636.35,0.00,1636.35,24231.85,1703.79,0,0,0,0.00,0,F1,65,,,,,
2026-08-20,2026-08-20,FO,NSE,IDO,56875,,NIFTY,,2026-09-22,2026-09-22,22550.00,CE,NIFTY2692222550CE,0.00,0.00,0.00,1772.85,0.00,1772.85,24231.85,1842.70,0,0,0,0.00,0,F1,65,,,,,
2026-08-20,2026-08-20,FO,NSE,IDO,47389,,NIFTY,,2026-09-15,2026-09-15,25500.00,CE,NIFTY2691525500CE,0.00,0.00,0.00,187.75,0.00,187.75,24231.85,79.12,0,0,0,0.00,0,F1,65,,,,,
2026-08-20,2026-08-20,FO,NSE,IDO,47387,,NIFTY,,2026-09-15,2026-09-15,25450.00,CE,NIFTY2691525450CE,0.00,0.00,0.00,199.70,0.00,199.70,24231.85,86.22,0,0,0,0.00,0,F1,65,,,,,
2026-08-20,2026-08-20,FO,NSE,IDO,47353,,NIFTY,,2026-09-15,2026-09-15,24800.00,CE,NIFTY2691524800CE,0.00,0.00,0.00,416.45,0.00,416.45,24231.85,234.52,0,0,0,0.00,0,F1,65,,,,,
2026-08-20,2026-08-20,FO,NSE,IDO,47325,,NIFTY,,2026-09-15,2026-09-15,24150.00,CE,NIFTY2691524150CE,355.00,401.50,343.40,362.10,357.50,289.35,24231.85,362.10,5005,-1430,70,111547065.50,67,F1,65,,,,,
2026-08-20,2026-08-20,FO,NSE,IDO,47289,,NIFTY,,2026-09-15,2026-09-15,23300.00,CE,NIFTY2691523300CE,0.00,0.00,0.00,1396.35,0.00,1396.35,24231.85,1119.21,0,0,0,0.00,0,F1,65,,,,,
2026-08-20,2026-08-20,FO,NSE,IDO,47271,,NIFTY,,2026-09-15,2026-09-15,22850.00,CE,NIFTY2691522850CE,0.00,0.00,0.00,1794.25,0.00,1794.25,24231.85,1514.56,0,0,0,0.00,0,F1,65,,,,,
2026-08-20,2026-08-20,FO,NSE,IDO,47267,,NIFTY,,2026-09-15,2026-09-15,22750.00,CE,NIFTY2691522750CE,0.00,0.00,0.00,1886.50,0.00,1886.50,24231.85,1607.07,0,0,0,0.00,0,F1,65,,,,,
2026-08-20,2026-08-20,FO,NSE,IDO,47253,,NIFTY,,2026-09-15,2026-09-15,22400.00,CE,NIFTY2691522400CE,0.00,0.00,0.00,2217.25,0.00,2217.25,24231.85,1939.64,0,0,0,0.00,0,F1,65,,,,,
2026-08-20,2026-08-20,FO,NSE,IDO,42651,,NIFTY,,2026-09-08,2026-09-08,24300.00,CE,NIFTY2690824300CE,189.00,252.70,189.00,216.95,218.90,166.00,24231.85,216.95,228410,87360,7610,12128852440.25,5224,F1,65,,,,,
2026-08-20,2026-08-20,FO,NSE,IDO,42645,,NIFTY,,2026-09-08,2026-09-08,24150.00,CE,NIFTY2690824150CE,302.20,353.20,291.65,310.45,311.65,239.00,24231.85,310.45,38025,29900,864,1373586243.25,600,F1,65,,,,,
2026-08-20,2026-08-20,FO,NSE,IDO,42629,,NIFTY,,2026-09-08,2026-09-08,23750.00,CE,NIFTY2690823750CE,605.45,613.85,598.90,613.85,613.85,504.95,24231.85,702.00,455,0,3,4749433.00,3,F1,65,,,,,
2026-08-20,2026-08-20,FO,NSE,IDO,42615,,NIFTY,,2026-09-08,2026-09-08,23550.00,CE,NIFTY2690823550CE,0.00,0.00,0.00,1313.50,0.00,1313.50,24231.85,854.27,0,0,0,0.00,0,F1,65,,,,,
2026-08-20,2026-08-20,FO,NSE,IDO,42603,,NIFTY,,2026-09-08,2026-09-08,23300.00,CE,NIFTY2690823300CE,0.00,0.00,0.00,1524.85,0.00,1524.85,24231.85,1062.09,0,0,0,0.00,0,F1,65,,,,,
2026-08-20,2026-08-20,FO,NSE,IDO,42585,,NIFTY,,2026-09-08,2026-09-08,22850.00,CE,NIFTY2690822850CE,0.00,0.00,0.00,1930.45,0.00,1930.45,24231.85,1471.68,0,0,0,0.00,0,F1,65,,,,,
2026-08-20,2026-08-20,FO,NSE,IDO,42575,,NIFTY,,2026-09-08,2026-09-08,22600.00,CE,NIFTY2690822600CE,0.00,0.00,0.00,2165.90,0.00,2165.90,24231.85,1711.48,0,0,0,0.00,0,F1,65,,,,,
2026-08-20,2026-08-20,FO,NSE,IDO,47089,,NIFTY,,2026-09-01,2026-09-01,26600.00,CE,NIFTY2690126600CE,1.20,1.20,0.10,0.95,1.00,1.35,24231.85,0.95,6045,260,14,24206705.25,11,F1,65,,,,,
2026-08-20,2026-08-20,FO,NSE,IDO,47031,,NIFTY,,2026-09-01,2026-09-01,25150.00,CE,NIFTY2690125150CE,4.60,9.00,3.90,4.25,4.70,5.75,24231.85,4.25,46605,6110,2238,3659262945.00,1624,F1,65,,,,,
2026-08-20,2026-08-20,FO,NSE,IDO,46977,,NIFTY,,2026-09-01,2026-09-01,23800.00,CE,NIFTY2690123800CE,500.00,581.90,401.60,536.50,534.00,410.75,24231.85,536.50,52845,-12350,1750,2768001021.50,1174,F1,65,,,,,
2026-08-20,2026-08-20,FO,NSE,IDO,46971,,NIFTY,,2026-09-01,2026-09-01,23650.00,CE,NIFTY2690123650CE,639.15,708.95,638.10,708.95,708.95,555.00,24231.85,702.13,325,-195,6,9478576.25,6,F1,65,,,,,
2026-08-20,2026-08-20,FO,NSE,IDO,46953,,NIFTY,,2026-09-01,2026-09-01,23200.00,CE,NIFTY2690123200CE,1118.05,1147.00,1108.45,1108.45,1108.45,960.65,24231.85,1108.45,10205,9945,181,286334161.75,121,F1,65,,,,,
2026-08-20,2026-08-20,FO,NSE,IDO,46939,,NIFTY,,2026-09-01,2026-09-01,22850.00,CE,NIFTY2690122850CE,0.00,0.00,0.00,1586.45,0.00,1586.45,24231.85,1432.58,0,0,0,0.00,0,F1,65,,,,,
2026-08-20,2026-08-20,FO,NSE,IDO,46929,,NIFTY,,2026-09-01,2026-09-01,22600.00,CE,NIFTY2690122600CE,0.00,0.00,0.00,1805.15,0.00,1805.15,24231.85,1678.63,0,0,0,0.00,0,F1,65,,,,,
2026-08-20,2026-08-20,FO,NSE,IDO,61953,,NIFTY,,2026-08-25,2026-08-25,25350.00,CE,NIFTY26AUG25350CE,1.75,1.80,0.65,0.70,0.65,1.65,24231.85,0.70,632775,-10010,28671,47244473880.50,8848,F1,65,,,,,
2026-08-20,2026-08-20,FO,NSE,IDO,61440,,NIFTY,,2026-08-25,2026-08-25,23150.00,CE,NIFTY26AUG23150CE,1100.05,1128.30,1090.00,1118.90,1118.90,965.90,24231.85,1102.20,585,-195,14,22074835.25,12,F1,65,,,,,
2026-08-20,2026-08-20,FO,NSE,IDO,61424,,NIFTY,,2026-08-25,2026-08-25,22900.00,CE,NIFTY26AUG22900CE,1370.00,1370.00,1367.00,1367.00,1367.00,1233.00,24231.85,1351.03,4875,-65,7,11042655.00,4,F1,65,,,,,
2026-08-20,2026-08-20,FO,NSE,IDO,61401,,NIFTY,,2026-08-25,2026-08-25,22600.00,CE,NIFTY26AUG22600CE,1684.05,1700.00,1659.55,1684.25,1684.25,1531.40,24231.85,1684.25,2990,-5005,110,173584060.00,110,F1,65,,,,,
2026-08-20,2026-08-20,FO,NSE,IDO,61340,,NIFTY,,2026-08-25,2026-08-25,21750.00,CE,NIFTY26AUG21750CE,0.00,0.00,0.00,2581.20,0.00,2581.20,24231.85,2499.90,0,0,0,0.00,0,F1,65,,,,,
2026-08-20,2026-08-20,FO,NSE,IDO,61173,,NIFTY,,2026-08-25,2026-08-25,21350.00,CE,NIFTY26AUG21350CE,0.00,0.00,0.00,2938.85,0.00,2938.85,24231.85,2899.57,0,0,0,0.00,0,F1,65,,,,,
2026-08-20,2026-08-20,FO,NSE,IDO,61776,,NIFTY,,2026-08-25,2026-08-25,24600.00,PE,NIFTY26AUG24600PE,382.40,385.45,264.25,314.85,316.40,491.15,24231.85,314.85,949715,-236600,42743,69240879877.00,27404,F1,65,,,,,
2026-08-20,2026-08-20,FO,NSE,IDO,62230,,NIFTY,,2026-08-25,2026-08-25,27000.00,PE,NIFTY26AUG27000PE,2735.00,2742.55,2715.00,2715.00,2715.00,2758.85,24231.85,2715.00,42055,-455,9,17392336.00,8,F1,65,,,,,
2026-08-20,2026-08-20,FO,NSE,IDO,62241,,NIFTY,,2026-08-25,2026-08-25,27150.00,PE,NIFTY26AUG27150PE,0.00,0.00,0.00,2936.70,0.00,2936.70,24231.85,2895.62,0,0,0,0.00,0,F1,65,,,,,
2026-08-20,2026-08-20,FO,NSE,IDO,46924,,NIFTY,,2026-09-01,2026-09-01,22450.00,PE,NIFTY2690122450PE,4.35,4.65,2.65,3.75,4.00,4.65,24231.85,3.75,12675,2795,201,293360431.00,128,F1,65,,,,,
2026-08-20,2026-08-20,FO,NSE,IDO,42591,,NIFTY,,2026-09-08,2026-09-08,23000.00,CE,NIFTY2690823000CE,0.00,0.00,0.00,1792.25,0.00,1792.25,24231.85,1331.26,0,0,0,0.00,0,F1,65,,,,,
2026-08-20,2026-08-20,FO,NSE,IDO,42605,,NIFTY,,2026-09-08,2026-09-08,23350.00,CE,NIFTY2690823350CE,0.00,0.00,0.00,1481.65,0.00,1481.65,24231.85,1019.15,0,0,0,0.00,0,F1,65,,,,,
2026-08-20,2026-08-20,FO,NSE,IDO,42612,,NIFTY,,2026-09-08,2026-09-08,23500.00,CE,NIFTY2690823500CE,831.95,883.00,830.45,846.10,846.10,715.00,24231.85,846.10,1430,650,28,44341102.00,22,F1,65,,,,,
2026-08-20,2026-08-20,FO,NSE,IDO,42649,,NIFTY,,2026-09-08,2026-09-08,24250.00,CE,NIFTY2690824250CE,230.00,284.05,230.00,245.70,246.55,188.95,24231.85,245.70,45695,17485,1714,2729727487.50,1261,F1,65,,,,,
2026-08-20,2026-08-20,FO,NSE,IDO,42653,,NIFTY,,2026-09-08,2026-09-08,24350.00,CE,NIFTY2690824350CE,190.65,223.00,178.75,190.15,192.60,145.20,24231.85,190.15,36270,9490,676,1078411909.25,536,F1,65,,,,,
2026-08-20,2026-08-20,FO,NSE,IDO,47311,,NIFTY,,2026-09-15,2026-09-15,23850.00,CE,NIFTY2691523850CE,0.00,0.00,0.00,963.95,0.00,963.95,24231.85,704.12,0,0,0,0.00,0,F1,65,,,,,
2026-08-20,2026-08-20,FO,NSE,IDO,47327,,NIFTY,,2026-09-15,2026-09-15,24200.00,CE,NIFTY2691524200CE,269.10,366.85,269.10,327.65,326.05,261.70,24231.85,327.65,36465,-195,983,1567263142.25,785,F1,65,,,,,
2026-08-20,2026-08-20,FO,NSE,IDO,47329,,NIFTY,,2026-09-15,2026-09-15,24250.00,CE,NIFTY2691524250CE,294.30,335.80,284.75,298.65,301.35,234.30,24231.85,298.65,7280,2015,219,349569746.50,178,F1,65,,,,,
2026-08-20,2026-08-20,FO,NSE,IDO,47337,,NIFTY,,2026-09-15,2026-09-15,24450.00,CE,NIFTY2691524450CE,170.00,210.20,170.00,186.65,183.65,151.60,24231.85,186.65,4225,-325,64,102502208.25,58,F1,65,,,,,
2026-08-20,2026-08-20,FO,NSE,IDO,47351,,NIFTY,,2026-09-15,2026-09-15,24750.00,CE,NIFTY2691524750CE,0.00,0.00,0.00,438.30,0.00,438.30,24231.85,251.12,0,0,0,0.00,0,F1,65,,,,,
2026-08-20,2026-08-20,FO,NSE,IDO,47361,,NIFTY,,2026-09-15,2026-09-15,24950.00,CE,NIFTY2691524950CE,0.00,0.00,0.00,355.50,0.00,355.50,24231.85,189.62,0,0,0,0.00,0,F1,65,,,,,
2026-08-20,2026-08-20,FO,NSE,IDO,47381,,NIFTY,,2026-09-15,2026-09-15,25350.00,CE,NIFTY2691525350CE,0.00,0.00,0.00,224.65,0.00,224.65,24231.85,102.00,0,0,0,0.00,0,F1,65,,,,,
2026-08-20,2026-08-20,FO,NSE,IDO,56957,,NIFTY,,2026-09-22,2026-09-22,23050.00,CE,NIFTY2692223050CE,0.00,0.00,0.00,1331.55,0.00,1331.55,24231.85,1391.94,0,0,0,0.00,0,F1,65,,,,,
2026-08-20,2026-08-20,FO,NSE,IDO,56995,,NIFTY,,2026-09-22,2026-09-22,23350.00,CE,NIFTY2692223350CE,0.00,0.00,0.00,1089.75,0.00,1089.75,24231.85,1142.69,0,0,0,0.00,0,F1,65,,,,,
2026-08-20,2026-08-20,FO,NSE,IDO,56999,,NIFTY,,2026-09-22,2026-09-22,23400.00,CE,NIFTY2692223400CE,0.00,0.00,0.00,1051.55,0.00,1051.55,24231.85,1103.12,0,0,0,0.00,0,F1,65,,,,,
2026-08-20,2026-08-20,FO,NSE,IDO,57003,,NIFTY,,2026-09-22,2026-09-22,23450.00,CE,NIFTY2692223450CE,0.00,0.00,0.00,1013.95,0.00,1013.95,24231.85,1064.18,0,0,0,0.00,0,F1,65,,,,,
2026-08-20,2026-08-20,FO,NSE,IDO,57387,,NIFTY,,2026-09-22,2026-09-22,24200.00,CE,NIFTY2692224200CE,370.00,409.30,361.45,376.45,373.80,303.10,24231.85,376.45,1950,1885,55,87865378.25,42,F1,65,,,,,
2026-08-20,2026-08-20,FO,NSE,IDO,57701,,NIFTY,,2026-09-22,2026-09-22,24650.00,CE,NIFTY2692224650CE,0.00,0.00,0.00,336.80,0.00,336.80,24231.85,354.07,0,0,0,0.00,0,F1,65,,,,,
2026-08-20,2026-08-20,FO,NSE,IDO,74056,,NIFTY,,2026-09-29,2026-09-29,23900.00,CE,NIFTY26SEP23900CE,609.70,674.70,596.30,633.10,630.90,536.05,24231.85,633.10,42705,3185,335,533980489.25,251,F1,65,,,,,
2026-08-20,2026-08-20,FO,NSE,IDO,65900,,NIFTY,,2026-09-29,2026-09-29,24000.00,CE,NIFTY26SEP24000CE,528.00,599.65,522.35,560.50,563.00,471.20,24231.85,560.50,1864785,-49790,15555,24825991336.25,9914,F1,65,,,,,
2026-08-20,2026-08-20,FO,NSE,IDO,74064,,NIFTY,,2026-09-29,2026-09-29,24100.00,CE,NIFTY26SEP24100CE,462.95,526.95,458.55,488.85,486.15,406.80,24231.85,488.85,257855,-29315,4219,6741823894.00,2690,F1,65,,,,,
2026-08-20,2026-08-20,FO,NSE,IDO,74359,,NIFTY,,2026-09-29,2026-09-29,24850.00,CE,NIFTY26SEP24850CE,120.50,128.75,110.15,119.05,118.85,97.80,24231.85,119.05,55770,5135,899,1458974097.75,709,F1,65,,,,,
2026-08-20,2026-08-20,FO,NSE,IDO,74414,,NIFTY,,2026-09-29,2026-09-29,25650.00,CE,NIFTY26SEP25650CE,18.00,18.00,14.55,16.70,17.40,18.85,24231.85,16.70,18915,260,287,478800208.25,250,F1,65,,,,,
2026-08-20,2026-08-20,FO,NSE,IDO,74489,,NIFTY,,2026-09-29,2026-09-29,26700.00,CE,NIFTY26SEP26700CE,6.00,6.00,3.95,4.30,4.20,6.90,24231.85,4.30,1430,455,87,151013193.50,53,F1,65,,,,,
2026-08-20,2026-08-20,FO,NSE,IDO,74497,,NIFTY,,2026-09-29,2026-09-29,26900.00,CE,NIFTY26SEP26900CE,4.05,4.05,2.95,3.80,3.10,5.60,24231.85,3.80,2015,780,108,188861760.75,57,F1,65,,,,,
2026-08-20,2026-08-20,FO,NSE,IDO,51348,,NIFTY,,2026-10-27,2026-10-27,22900.00,CE,NIFTY26OCT22900CE,0.00,0.00,0.00,1691.95,0.00,1691.95,24231.85,1754.45,0,0,0,0.00,0,F1,65,,,,,
2026-08-20,2026-08-20,FO,NSE,IDO,51364,,NIFTY,,2026-10-27,2026-10-27,23300.00,CE,NIFTY26OCT23300CE,0.00,0.00,0.00,1407.30,0.00,1407.30,24231.85,1441.53,0,0,0,0.00,0,F1,65,,,,,
2026-08-20,2026-08-20,FO,NSE,IDO,51408,,NIFTY,,2026-10-27,2026-10-27,24350.00,CE,NIFTY26OCT24350CE,0.00,0.00,0.00,444.65,444.65,444.65,24231.85,772.08,520,0,0,0.00,0,F1,65,,,,,
2026-08-20,2026-08-20,FO,NSE,IDO,51496,,NIFTY,,2026-10-27,2026-10-27,26150.00,CE,NIFTY26OCT26150CE,0.00,0.00,0.00,228.35,0.00,228.35,24231.85,175.68,0,0,0,0.00,0,F1,65,,,,,
2026-08-20,2026-08-20,FO,NSE,IDO,51512,,NIFTY,,2026-10-27,2026-10-27,26550.00,CE,NIFTY26OCT26550CE,0.00,0.00,0.00,164.25,0.00,164.25,24231.85,117.39,0,0,0,0.00,0,F1,65,,,,,
2026-08-20,2026-08-20,FO,NSE,IDO,51522,,NIFTY,,2026-10-27,2026-10-27,26800.00,CE,NIFTY26OCT26800CE,0.00,0.00,0.00,132.40,0.00,132.40,24231.85,89.99,0,0,0,0.00,0,F1,65,,,,,
2026-08-20,2026-08-20,FO,NSE,IDO,51528,,NIFTY,,2026-10-27,2026-10-27,26950.00,CE,NIFTY26OCT26950CE,0.00,0.00,0.00,115.95,0.00,115.95,24231.85,76.33,0,0,0,0.00,0,F1,65,,,,,
2026-08-20,2026-08-20,FO,NSE,IDO,37806,,NIFTY,,2026-12-29,2026-12-29,23000.00,CE,NIFTY26DEC23000CE,1905.40,1963.90,1894.00,1916.90,1910.00,1805.95,24231.85,1916.90,330735,-390,197,319163666.25,144,F1,65,,,,,
2026-08-20,2026-08-20,FO,NSE,IDO,71549,,NIFTY,,2027-06-29,2027-06-29,19000.00,CE,NIFTY27JUN19000CE,0.00,0.00,0.00,7800.00,7800.00,7800.00,24231.85,6296.81,75,0,0,0.00,0,F1,65,,,,,
2026-08-20,2026-08-20,FO,NSE,IDO,55380,,NIFTY,,2027-06-29,2027-06-29,31500.00,CE,NIFTY27JUN31500CE,0.00,0.00,0.00,769.15,0.00,769.15,24231.85,162.68,0,0,0,0.00,0,F1,65,,,,,
2026-08-20,2026-08-20,FO,NSE,IDO,86139,,NIFTY,,2028-06-27,2028-06-27,18000.00,CE,NIFTY28JUN18000CE,0.00,0.00,0.00,6809.35,0.00,6809.35,24231.85,8339.23,0,0,0,0.00,0,F1,65,,,,,
2026-08-20,2026-08-20,FO,NSE,IDO,55564,,NIFTY,,2029-06-26,2029-06-26,28500.00,CE,NIFTY29JUN28500CE,0.00,0.00,0.00,4213.30,0.00,4213.30,24231.85,2931.24,0,0,0,0.00,0,F1,65,,,,,
2026-08-20,2026-08-20,FO,NSE,IDO,89642,,NIFTY,,2029-06-26,2029-06-26,30000.00,CE,NIFTY29JUN30000CE,0.00,0.00,0.00,5268.40,0.00,5268.40,24231.85,2379.95,0,0,0,0.00,0,F1,65,,,,,
2026-08-20,2026-08-20,FO,NSE,IDO,55608,,NIFTY,,2029-12-24,2029-12-24,31500.00,CE,NIFTY29DEC31500CE,0.00,0.00,0.00,3429.30,0.00,3429.30,24231.85,2440.55,0,0,0,0.00,0,F1,65,,,,,
2026-08-20,2026-08-20,FO,NSE,IDO,55644,,NIFTY,,2030-06-25,2030-06-25,22500.00,CE,NIFTY30JUN22500CE,0.00,0.00,0.00,9012.40,0.00,9012.40,24231.85,7271.09,0,0,0,0.00,0,F1,65,,,,,
2026-08-20,2026-08-20,FO,NSE,IDO,55762,,NIFTY,,2030-12-31,2030-12-31,30000.00,CE,NIFTY30DEC30000CE,0.00,0.00,0.00,5227.20,0.00,5227.20,24231.85,4086.86,0,0,0,0.00,0,F1,65,,,,,
2026-08-20,2026-08-20,FO,NSE,IDO,74649,,NIFTY,,2031-06-24,2031-06-24,24000.00,CE,NIFTY31JUN24000CE,0.00,0.00,0.00,7181.90,0.00,7181.90,24231.85,7480.89,0,0,0,0.00,0,F1,65,,,,,
2026-08-20,2026-08-20,FO,NSE,IDO,61212,,NIFTY,,2026-08-25,2026-08-25,21500.00,PE,NIFTY26AUG21500PE,0.75,1.55,0.70,0.85,0.90,0.95,24231.85,0.85,1625000,40235,28274,39514611587.75,5709,F1,65,,,,,
2026-08-20,2026-08-20,FO,NSE,IDO,61333,,NIFTY,,2026-08-25,2026-08-25,21550.00,PE,NIFTY26AUG21550PE,1.35,2.20,0.60,0.85,1.00,1.40,24231.85,0.85,27885,12870,1795,2514468632.00,917,F1,65,,,,,
2026-08-20,2026-08-20,FO,NSE,IDO,61353,,NIFTY,,2026-08-25,2026-08-25,22000.00,PE,NIFTY26AUG22000PE,1.25,2.15,0.80,1.05,1.10,1.45,24231.85,1.05,4653090,1521195,161850,231457957883.75,26200,F1,65,,,,,
2026-08-20,2026-08-20,FO,NSE,IDO,61396,,NIFTY,,2026-08-25,2026-08-25,22450.00,PE,NIFTY26AUG22450PE,2.10,2.55,1.30,1.50,1.60,2.65,24231.85,1.50,280475,83070,20495,29909649321.50,5467,F1,65,,,,,
2026-08-20,2026-08-20,FO,NSE,IDO,61412,,NIFTY,,2026-08-25,2026-08-25,22750.00,PE,NIFTY26AUG22750PE,2.70,2.75,1.40,1.80,1.75,2.25,24231.85,1.80,309205,138255,36070,53342941203.50,9276,F1,65,,,,,
2026-08-20,2026-08-20,FO,NSE,IDO,61437,,NIFTY,,2026-08-25,2026-08-25,23100.00,PE,NIFTY26AUG23100PE,2.70,3.45,1.75,2.20,2.15,3.20,24231.85,2.20,1128465,-12805,198552,298157877033.25,35199,F1,65,,,,,
2026-08-20,2026-08-20,FO,NSE,IDO,61454,,NIFTY,,2026-08-25,2026-08-25,23250.00,PE,NIFTY26AUG23250PE,2.25,3.90,1.95,2.45,2.60,3.85,24231.85,2.45,738790,187525,201379,304370734268.25,31244,F1,65,,,,,
2026-08-20,2026-08-20,FO,NSE,IDO,61535,,NIFTY,,2026-08-25,2026-08-25,23800.00,PE,NIFTY26AUG23800PE,13.25,13.25,5.90,6.65,7.20,25.25,24231.85,6.65,8085480,2696005,636890,985583218746.75,183049,F1,65,,,,,
2026-08-20,2026-08-20,FO,NSE,IDO,61984,,NIFTY,,2026-08-25,2026-08-25,25700.00,PE,NIFTY26AUG25700PE,1425.00,1425.00,1380.00,1380.00,1380.00,1588.70,24231.85,1446.99,17485,-650,12,21138783.25,11,F1,65,,,,,
2026-08-20,2026-08-20,FO,NSE,IDO,62118,,NIFTY,,2026-08-25,2026-08-25,26400.00,PE,NIFTY26AUG26400PE,0.00,0.00,0.00,1670.00,1670.00,1670.00,24231.85,2146.24,130,0,0,0.00,0,F1,65,,,,,
2026-08-20,2026-08-20,FO,NSE,IDO,62237,,NIFTY,,2026-08-25,2026-08-25,27100.00,PE,NIFTY26AUG27100PE,0.00,0.00,0.00,2800.00,2800.00,2800.00,24231.85,2845.66,130,0,0,0.00,0,F1,65,,,,,
2026-08-20,2026-08-20,FO,NSE,IDO,46984,,NIFTY,,2026-09-01,2026-09-01,23950.00,PE,NIFTY2690123950PE,74.00,74.00,38.90,45.10,47.10,98.30,24231.85,45.10,450450,304590,17309,26997316797.75,11697,F1,65,,,,,
2026-08-20,2026-08-20,FO,NSE,IDO,47012,,NIFTY,,2026-09-01,2026-09-01,24650.00,PE,NIFTY2690124650PE,419.25,419.25,333.05,374.55,376.00,533.00,24231.85,374.55,5200,-715,246,400297423.50,215,F1,65,,,,,
2026-08-20,2026-08-20,FO,NSE,IDO,47024,,NIFTY,,2026-09-01,2026-09-01,24950.00,PE,NIFTY2690124950PE,0.00,0.00,0.00,791.40,791.40,791.40,24231.85,739.49,975,0,0,0.00,0,F1,65,,,,,
2026-08-20,2026-08-20,FO,NSE,IDO,47036,,NIFTY,,2026-09-01,2026-09-01,25250.00,PE,NIFTY2690125250PE,985.80,985.80,985.80,985.80,985.80,1099.00,24231.85,999.95,260,0,3,5115981.00,1,F1,65,,,,,
2026-08-20,2026-08-20,FO,NSE,IDO,47042,,NIFTY,,2026-09-01,2026-09-01,25400.00,PE,NIFTY2690125400PE,1105.00,1105.00,1105.00,1105.00,1105.00,1254.55,24231.85,1138.25,325,65,1,1722825.00,1,F1,65,,,,,
2026-08-20,2026-08-20,FO,NSE,IDO,47070,,NIFTY,,2026-09-01,2026-09-01,26100.00,PE,NIFTY2690126100PE,0.00,0.00,0.00,1810.35,0.00,1810.35,24231.85,1818.02,0,0,0,0.00,0,F1,65,,,,,
2026-08-20,2026-08-20,FO,NSE,IDO,47090,,NIFTY,,2026-09-01,2026-09-01,26600.00,PE,NIFTY2690126600PE,0.00,0.00,0.00,2266.30,0.00,2266.30,24231.85,2315.43,0,0,0,0.00,0,F1,65,,,,,
2026-08-20,2026-08-20,FO,NSE,IDO,42604,,NIFTY,,2026-09-08,2026-09-08,23300.00,PE,NIFTY2690823300PE,37.30,37.30,12.95,13.85,13.85,74.50,24231.85,13.85,65910,65910,2449,3711256701.75,1440,F1,65,,,,,
2026-08-20,2026-08-20,FO,NSE,IDO,42658,,NIFTY,,2026-09-08,2026-09-08,24400.00,PE,NIFTY2690824400PE,259.10,263.00,202.95,231.50,233.80,349.25,24231.85,231.50,125645,66755,2699,4321002195.25,1768,F1,65,,,,,
2026-08-20,2026-08-20,FO,NSE,IDO,42662,,NIFTY,,2026-09-08,2026-09-08,24500.00,PE,NIFTY2690824500PE,328.00,328.05,255.00,292.15,294.35,418.90,24231.85,292.15,354965,228735,6644,10703684231.50,5175,F1,65,,,,,
2026-08-20,2026-08-20,FO,NSE,IDO,42692,,NIFTY,,2026-09-08,2026-09-08,25100.00,PE,NIFTY2690825100PE,0.00,0.00,0.00,701.05,0.00,701.05,24231.85,888.77,0,0,0,0.00,0,F1,65,,,,,
2026-08-20,2026-08-20,FO,NSE,IDO,42728,,NIFTY,,2026-09-08,2026-09-08,25700.00,PE,NIFTY2690825700PE,0.00,0.00,0.00,1116.50,0.00,1116.50,24231.85,1415.10,0,0,0,0.00,0,F1,65,,,,,
2026-08-20,2026-08-20,FO,NSE,IDO,42768,,NIFTY,,2026-09-08,2026-09-08,26350.00,PE,NIFTY2690826350PE,0.00,0.00,0.00,1656.40,0.00,1656.40,24231.85,2040.32,0,0,0,0.00,0,F1,65,,,,,
2026-08-20,2026-08-20,FO,NSE,IDO,47310,,NIFTY,,2026-09-15,2026-09-15,23800.00,PE,NIFTY2691523800PE,94.00,94.00,61.55,65.60,68.00,114.80,24231.85,65.60,67925,55185,1493,2315995097.00,1056,F1,65,,,,,
2026-08-20,2026-08-20,FO,NSE,IDO,47312,,NIFTY,,2026-09-15,2026-09-15,23850.00,PE,NIFTY2691523850PE,0.00,0.00,0.00,204.05,0.00,204.05,24231.85,219.54,0,0,0,0.00,0,F1,65,,,,,
2026-08-20,2026-08-20,FO,NSE,IDO,47324,,NIFTY,,2026-09-15,2026-09-15,24100.00,PE,NIFTY2691524100PE,150.35,156.35,119.85,137.05,137.00,209.05,24231.85,137.05,11765,6890,324,510429903.75,288,F1,65,,,,,
2026-08-20,2026-08-20,FO,NSE,IDO,47424,,NIFTY,,2026-09-15,2026-09-15,25950.00,PE,NIFTY2691525950PE,0.00,0.00,0.00,1430.00,0.00,1430.00,24231.85,1640.77,0,0,0,0.00,0,F1,65,,,,,
2026-08-20,2026-08-20,FO,NSE,IDO,57064,,NIFTY,,2026-09-22,2026-09-22,23700.00,PE,NIFTY2692223700PE,0.00,0.00,0.00,244.20,0.00,244.20,24231.85,207.69,0,0,0,0.00,0,F1,65,,,,,
2026-08-20,2026-08-20,FO,NSE,IDO,57502,,NIFTY,,2026-09-22,2026-09-22,24350.00,PE,NIFTY2692224350PE,0.00,0.00,0.00,517.75,0.00,517.75,24231.85,462.63,0,0,0,0.00,0,F1,65,,,,,
2026-08-20,2026-08-20,FO,NSE,IDO,57618,,NIFTY,,2026-09-22,2026-09-22,24500.00,PE,NIFTY2692224500PE,360.10,364.15,312.30,329.15,330.00,440.60,24231.85,329.15,2340,520,41,66179834.50,29,F1,65,,,,,
2026-08-20,2026-08-20,FO,NSE,IDO,57797,,NIFTY,,2026-09-22,2026-09-22,25000.00,PE,NIFTY2692225000PE,600.40,685.00,600.00,653.00,653.00,923.50,24231.85,854.24,65,65,13,21662468.75,7,F1,65,,,,,
2026-08-20,2026-08-20,FO,NSE,IDO,57847,,NIFTY,,2026-09-22,2026-09-22,25100.00,PE,NIFTY2692225100PE,0.00,0.00,0.00,997.60,0.00,997.60,24231.85,925.70,0,0,0,0.00,0,F1,65,,,,,
2026-08-20,2026-08-20,FO,NSE,IDO,57889,,NIFTY,,2026-09-22,2026-09-22,25300.00,PE,NIFTY2692225300PE,0.00,0.00,0.00,1150.25,0.00,1150.25,24231.85,1076.65,0,0,0,0.00,0,F1,65,,,,,
2026-08-20,2026-08-20,FO,NSE,IDO,57954,,NIFTY,,2026-09-22,2026-09-22,25600.00,PE,NIFTY2692225600PE,0.00,0.00,0.00,1396.50,0.00,1396.50,24231.85,1319.94,0,0,0,0.00,0,F1,65,,,,,
2026-08-20,2026-08-20,FO,NSE,IDO,73855,,NIFTY,,2026-09-29,2026-09-29,21850.00,PE,NIFTY26SEP21850PE,0.00,0.00,0.00,14.85,14.90,14.85,24231.85,9.44,1430,0,0,0.00,0,F1,65,,,,,
2026-08-20,2026-08-20,FO,NSE,IDO,73872,,NIFTY,,2026-09-29,2026-09-29,22150.00,PE,NIFTY26SEP22150PE,18.10,18.15,14.30,14.45,14.45,18.15,24231.85,18.34,22490,195,20,28816128.25,12,F1,65,,,,,
2026-08-20,2026-08-20,FO,NSE,IDO,73896,,NIFTY,,2026-09-29,2026-09-29,22800.00,PE,NIFTY26SEP22800PE,30.00,30.00,24.30,26.10,27.25,36.70,24231.85,26.10,408395,34580,4786,7101240246.75,2668,F1,65,,,,,
2026-08-20,2026-08-20,FO,NSE,IDO,73902,,NIFTY,,2026-09-29,2026-09-29,22950.00,PE,NIFTY26SEP22950PE,33.00,34.95,28.65,30.65,31.55,43.80,24231.85,30.65,20410,3640,437,652773758.00,316,F1,65,,,,,
2026-08-20,2026-08-20,FO,NSE,IDO,74354,,NIFTY,,2026-09-29,2026-09-29,24700.00,PE,NIFTY26SEP24700PE,491.90,494.15,424.70,462.60,465.80,580.45,24231.85,462.60,197145,15665,1303,2131582540.75,1025,F1,65,,,,,
2026-08-20,2026-08-20,FO,NSE,IDO,74421,,NIFTY,,2026-09-29,2026-09-29,25800.00,PE,NIFTY26SEP25800PE,1388.05,1388.30,1388.05,1388.25,1388.25,1249.40,24231.85,1388.25,1950,520,9,15905110.00,7,F1,65,,,,,
2026-08-20,2026-08-20,FO,NSE,IDO,74488,,NIFTY,,2026-09-29,2026-09-29,26650.00,PE,NIFTY26SEP26650PE,0.00,0.00,0.00,2517.60,0.00,2517.60,24231.85,2258.05,0,0,0,0.00,0,F1,65,,,,,
2026-08-20,2026-08-20,FO,NSE,IDO,74494,,NIFTY,,2026-09-29,2026-09-29,26800.00,PE,NIFTY26SEP26800PE,0.00,0.00,0.00,2648.00,0.00,2648.00,24231.85,2400.35,0,0,0,0.00,0,F1,65,,,,,
2026-08-20,2026-08-20,FO,NSE,IDO,74504,,NIFTY,,2026-09-29,2026-09-29,27100.00,PE,NIFTY26SEP27100PE,0.00,0.00,0.00,2914.15,0.00,2914.15,24231.85,2688.68,0,0,0,0.00,0,F1,65,,,,,
2026-08-20,2026-08-20,FO,NSE,IDO,65924,,NIFTY,,2026-09-29,2026-09-29,30000.00,PE,NIFTY26SEP30000PE,5544.00,5579.35,5485.00,5546.00,5546.00,5711.30,24231.85,5546.00,147420,0,20,46204252.25,20,F1,65,,,,,
2026-08-20,2026-08-20,FO,NSE,IDO,51361,,NIFTY,,2026-10-27,2026-10-27,23200.00,PE,NIFTY26OCT23200PE,0.00,0.00,0.00,342.00,0.00,342.00,24231.85,204.32,0,0,0,0.00,0,F1,65,,,,,
2026-08-20,2026-08-20,FO,NSE,IDO,51381,,NIFTY,,2026-10-27,2026-10-27,23700.00,PE,NIFTY26OCT23700PE,155.90,160.15,136.00,150.30,151.30,191.35,24231.85,150.30,186615,33280,1192,1847853943.00,785,F1,65,,,,,
2026-08-20,2026-08-20,FO,NSE,IDO,51417,,NIFTY,,2026-10-27,2026-10-27,24450.00,PE,NIFTY26OCT24450PE,370.25,380.75,370.25,371.75,371.75,452.05,24231.85,643.19,2600,1040,32,51638151.50,21,F1,65,,,,,
2026-08-20,2026-08-20,FO,NSE,IDO,51483,,NIFTY,,2026-10-27,2026-10-27,25800.00,PE,NIFTY26OCT25800PE,0.00,0.00,0.00,1055.90,1055.90,1055.90,24231.85,1500.15,390,0,0,0.00,0,F1,65,,,,,
2026-08-20,2026-08-20,FO,NSE,IDO,51493,,NIFTY,,2026-10-27,2026-10-27,26050.00,PE,NIFTY26OCT26050PE,0.00,0.00,0.00,1920.65,0.00,1920.65,24231.85,1696.16,0,0,0,0.00,0,F1,65,,,,,
2026-08-20,2026-08-20,FO,NSE,IDO,55329,,NIFTY,,2026-12-29,2026-12-29,25500.00,PE,NIFTY26DEC25500PE,1000.00,1000.05,927.10,966.90,972.75,1078.75,24231.85,966.90,378625,-3055,433,744923637.25,302,F1,65,,,,,
2026-08-20,2026-08-20,FO,NSE,IDO,80269,,NIFTY,,2027-03-30,2027-03-30,21000.00,PE,NIFTY27MAR21000PE,81.30,83.45,76.25,78.75,78.70,88.25,24231.85,78.75,414765,22035,1061,1453706140.25,402,F1,65,,,,,
2026-08-20,2026-08-20,FO,NSE,IDO,80306,,NIFTY,,2027-03-30,2027-03-30,28500.00,PE,NIFTY27MAR28500PE,0.00,0.00,0.00,2937.15,2937.15,2937.15,24231.85,3452.48,65,0,0,0.00,0,F1,65,,,,,
2026-08-20,2026-08-20,FO,NSE,IDO,55371,,NIFTY,,2027-06-29,2027-06-29,16500.00,PE,NIFTY27JUN16500PE,0.00,0.00,0.00,25.00,25.00,25.00,24231.85,1.56,780,0,0,0.00,0,F1,65,,,,,
2026-08-20,2026-08-20,FO,NSE,IDO,55427,,NIFTY,,2027-12-28,2027-12-28,25500.00,PE,NIFTY27DEC25500PE,0.00,0.00,0.00,676.05,0.00,676.05,24231.85,1392.01,0,0,0,0.00,0,F1,65,,,,,
2026-08-20,2026-08-20,FO,NSE,IDO,55475,,NIFTY,,2028-06-27,2028-06-27,22500.00,PE,NIFTY28JUN22500PE,0.00,0.00,0.00,206.95,0.00,206.95,24231.85,511.71,0,0,0,0.00,0,F1,65,,,,,
2026-08-20,2026-08-20,FO,NSE,IDO,55481,,NIFTY,,2028-06-27,2028-06-27,31500.00,PE,NIFTY28JUN31500PE,0.00,0.00,0.00,2935.60,0.00,2935.60,24231.85,4594.00,0,0,0,0.00,0,F1,65,,,,,
2026-08-20,2026-08-20,FO,NSE,IDO,55519,,NIFTY,,2028-12-26,2028-12-26,19500.00,PE,NIFTY28DEC19500PE,0.00,0.00,0.00,49.00,0.00,49.00,24231.85,155.10,0,0,0,0.00,0,F1,65,,,,,
2026-08-20,2026-08-20,FO,NSE,IDO,55705,,NIFTY,,2030-12-31,2030-12-31,22500.00,PE,NIFTY30DEC22500PE,0.00,0.00,0.00,219.35,0.00,219.35,24231.85,517.97,0,0,0,0.00,0,F1,65,,,,,
2026-08-20,2026-08-20,FO,NSE,IDO,55761,,NIFTY,,2030-12-31,2030-12-31,28500.00,PE,NIFTY30DEC28500PE,0.00,0.00,0.00,1083.10,0.00,1083.10,24231.85,1889.24,0,0,0,0.00,0,F1,65,,,,,
2026-08-20,2026-08-20,FO,NSE,IDO,55765,,NIFTY,,2030-12-31,2030-12-31,31500.00,PE,NIFTY30DEC31500PE,0.00,0.00,0.00,1885.50,0.00,1885.50,24231.85,2979.65,0,0,0,0.00,0,F1,65,,,,,
2026-08-20,2026-08-20,FO,NSE,IDO,74648,,NIFTY,,2031-06-24,2031-06-24,22500.00,PE,NIFTY31JUN22500PE,0.00,0.00,0.00,663.60,0.00,663.60,24231.85,502.47,0,0,0,0.00,0,F1,65,,,,,
2026-08-20,2026-08-20,FO,NSE,IDO,74666,,NIFTY,,2031-06-24,2031-06-24,33000.00,PE,NIFTY31JUN33000PE,0.00,0.00,0.00,3810.15,0.00,3810.15,24231.85,3351.77,0,0,0,0.00,0,F1,65,,,,,
2026-08-20,2026-08-20,FO,NSE,IDO,47112,,NIFTY,,2026-09-01,2026-09-01,27050.00,CE,NIFTY2690127050CE,0.00,0.00,0.00,1.75,1.75,1.75,24231.85,0.02,1625,0,0,0.00,0,F1,65,,,,,
2026-08-20,2026-08-20,FO,NSE,IDO,47106,,NIFTY,,2026-09-01,2026-09-01,26900.00,CE,NIFTY2690126900CE,1.20,1.25,0.85,1.00,1.00,1.40,24231.85,1.00,10790,4225,118,206331849.75,107,F1,65,,,,,
2026-08-20,2026-08-20,FO,NSE,IDO,47079,,NIFTY,,2026-09-01,2026-09-01,26350.00,CE,NIFTY2690126350CE,1.50,1.50,0.70,1.20,1.40,1.60,24231.85,1.20,975,-325,31,53097502.25,11,F1,65,,,,,
2026-08-20,2026-08-20,FO,NSE,IDO,47053,,NIFTY,,2026-09-01,2026-09-01,25700.00,CE,NIFTY2690125700CE,2.30,2.60,1.10,1.80,1.90,2.40,24231.85,1.80,163735,67015,3033,5066935701.75,1505,F1,65,,,,,
2026-08-20,2026-08-20,FO,NSE,IDO,47043,,NIFTY,,2026-09-01,2026-09-01,25450.00,CE,NIFTY2690125450CE,2.45,2.80,2.05,2.45,2.80,3.20,24231.85,2.45,11115,7215,348,575732816.75,224,F1,65,,,,,
2026-08-20,2026-08-20,FO,NSE,IDO,47039,,NIFTY,,2026-09-01,2026-09-01,25350.00,CE,NIFTY2690125350CE,4.00,4.00,1.65,2.65,2.60,3.95,24231.85,2.65,45045,30160,1037,1708902195.00,636,F1,65,,,,,
2026-08-20,2026-08-20,FO,NSE,IDO,46991,,NIFTY,,2026-09-01,2026-09-01,24150.00,CE,NIFTY2690124150CE,201.25,298.70,197.00,254.15,254.25,178.30,24231.85,254.15,101335,-72345,10171,16129417027.75,6432,F1,65,,,,,
2026-08-20,2026-08-20,FO,NSE,IDO,46963,,NIFTY,,2026-09-01,2026-09-01,23450.00,CE,NIFTY2690123450CE,0.00,0.00,0.00,700.25,700.25,700.25,24231.85,870.58,1040,0,0,0.00,0,F1,65,,,,,
2026-08-20,2026-08-20,FO,NSE,IDO,62197,,NIFTY,,2026-08-25,2026-08-25,26800.00,CE,NIFTY26AUG26800CE,0.90,1.00,0.35,0.55,0.45,0.65,24231.85,0.55,104325,39000,3626,6316619312.25,1163,F1,65,,,,,
2026-08-20,2026-08-20,FO,NSE,IDO,62055,,NIFTY,,2026-08-25,2026-08-25,26200.00,CE,NIFTY26AUG26200CE,0.80,1.00,0.40,0.45,0.40,0.75,24231.85,0.45,341835,-85735,5970,10167095006.25,976,F1,65,,,,,
2026-08-20,2026-08-20,FO,NSE,IDO,61973,,NIFTY,,2026-08-25,2026-08-25,25450.00,CE,NIFTY26AUG25450CE,1.55,1.65,0.60,0.65,0.60,1.45,24231.85,0.65,398515,96785,18644,30842913946.00,5646,F1,65,,,,,
2026-08-20,2026-08-20,FO,NSE,IDO,61426,,NIFTY,,2026-08-25,2026-08-25,22950.00,CE,NIFTY26AUG22950CE,0.00,0.00,0.00,1580.55,1580.55,1580.55,24231.85,1301.16,195,0,0,0.00,0,F1,65,,,,,
2026-08-20,2026-08-20,FO,NSE,IDO,61346,,NIFTY,,2026-08-25,2026-08-25,21900.00,CE,NIFTY26AUG21900CE,0.00,0.00,0.00,2340.00,2340.00,2340.00,24231.85,2350.02,390,0,0,0.00,0,F1,65,,,,,
2026-08-20,2026-08-20,FO,NSE,IDO,42567,,NIFTY,,2026-09-08,2026-09-08,22400.00,CE,NIFTY2690822400CE,0.00,0.00,0.00,2357.75,0.00,2357.75,24231.85,1906.78,0,0,0,0.00,0,F1,65,,,,,
2026-08-20,2026-08-20,FO,NSE,IDO,42581,,NIFTY,,2026-09-08,2026-09-08,22750.00,CE,NIFTY2690822750CE,0.00,0.00,0.00,2023.95,0.00,2023.95,24231.85,1566.87,0,0,0,0.00,0,F1,65,,,,,
2026-08-20,2026-08-20,FO,NSE,IDO,55757,,NIFTY,,2030-12-31,2030-12-31,25500.00,PE,NIFTY30DEC25500PE,0.00,0.00,0.00,538.25,0.00,538.25,24231.85,1070.46,0,0,0,0.00,0,F1,65,,,,,
2026-08-20,2026-08-20,FO,NSE,IDO,60905,,NIFTY,,2030-06-25,2030-06-25,24000.00,PE,NIFTY30JUN24000PE,0.00,0.00,0.00,698.15,0.00,698.15,24231.85,796.05,0,0,0,0.00,0,F1,65,,,,,
2026-08-20,2026-08-20,FO,NSE,IDO,61779,,NIFTY,,2029-12-24,2029-12-24,26000.00,PE,NIFTY29DEC26000PE,0.00,0.00,0.00,1798.95,1798.95,1798.95,24231.85,1332.47,3730,0,0,0.00,0,F1,65,,,,,
2026-08-20,2026-08-20,FO,NSE,IDO,61747,,NIFTY,,2029-12-24,2029-12-24,23000.00,PE,NIFTY29DEC23000PE,0.00,0.00,0.00,725.00,725.00,725.00,24231.85,626.51,1560,0,0,0.00,0,F1,65,,,,,
2026-08-20,2026-08-20,FO,NSE,IDO,61391,,NIFTY,,2029-12-24,2029-12-24,18000.00,PE,NIFTY29DEC18000PE,0.00,0.00,0.00,96.50,0.00,96.50,24231.85,96.13,0,0,0,0.00,0,F1,65,,,,,
2026-08-20,2026-08-20,FO,NSE,IDO,55517,,NIFTY,,2028-12-26,2028-12-26,16500.00,PE,NIFTY28DEC16500PE,0.00,0.00,0.00,5.90,0.00,5.90,24231.85,26.52,0,0,0,0.00,0,F1,65,,,,,
2026-08-20,2026-08-20,FO,NSE,IDO,35353,,NIFTY,,2028-06-27,2028-06-27,30000.00,PE,NIFTY28JUN30000PE,0.00,0.00,0.00,3779.25,0.00,3779.25,24231.85,3613.14,0,0,0,0.00,0,F1,65,,,,,
2026-08-20,2026-08-20,FO,NSE,IDO,55471,,NIFTY,,2028-06-27,2028-06-27,19500.00,PE,NIFTY28JUN19500PE,0.00,0.00,0.00,40.05,0.00,40.05,24231.85,127.74,0,0,0,0.00,0,F1,65,,,,,
2026-08-20,2026-08-20,FO,NSE,IDO,47195,,NIFTY,,2027-12-28,2027-12-28,33000.00,PE,NIFTY27DEC33000PE,0.00,0.00,0.00,4155.55,0.00,4155.55,24231.85,6283.85,0,0,0,0.00,0,F1,65,,,,,
2026-08-20,2026-08-20,FO,NSE,IDO,55431,,NIFTY,,2027-12-28,2027-12-28,31500.00,PE,NIFTY27DEC31500PE,0.00,0.00,0.00,3240.00,0.00,3240.00,24231.85,5089.54,0,0,0,0.00,0,F1,65,,,,,
2026-08-20,2026-08-20,FO,NSE,IDO,55429,,NIFTY,,2027-12-28,2027-12-28,28500.00,PE,NIFTY27DEC28500PE,0.00,0.00,0.00,2979.70,2979.70,2979.70,24231.85,2973.70,260,0,0,0.00,0,F1,65,,,,,
2026-08-20,2026-08-20,FO,NSE,IDO,47191,,NIFTY,,2026-12-29,2026-12-29,33000.00,PE,NIFTY26DEC33000PE,0.00,0.00,0.00,5263.45,0.00,5263.45,24231.85,8004.01,0,0,0,0.00,0,F1,65,,,,,
2026-08-20,2026-08-20,FO,NSE,IDO,71502,,NIFTY,,2026-12-29,2026-12-29,24000.00,PE,NIFTY26DEC24000PE,346.00,351.00,308.00,324.40,327.00,377.70,24231.85,324.40,2351065,80925,5316,8405543662.75,3206,F1,65,,,,,
2026-08-20,2026-08-20,FO,NSE,IDO,58637,,NIFTY,,2026-12-29,2026-12-29,16000.00,PE,NIFTY26DEC16000PE,13.70,14.00,12.70,13.60,13.50,13.70,24231.85,13.60,114070,-910,54,56207602.75,21,F1,65,,,,,
2026-08-20,2026-08-20,FO,NSE,IDO,58635,,NIFTY,,2026-12-29,2026-12-29,15000.00,PE,NIFTY26DEC15000PE,11.10,12.10,10.20,11.00,11.00,11.25,24231.85,0.00,117440,520,23,22441903.25,9,F1,65,,,,,
2026-08-20,2026-08-20,FO,NSE,IDO,51529,,NIFTY,,2026-10-27,2026-10-27,26950.00,PE,NIFTY26OCT26950PE,0.00,0.00,0.00,2675.85,0.00,2675.85,24231.85,2468.11,0,0,0,0.00,0,F1,65,,,,,
2026-08-20,2026-08-20,FO,NSE,IDO,51469,,NIFTY,,2026-10-27,2026-10-27,25500.00,PE,NIFTY26OCT25500PE,1065.95,1066.00,1002.00,1041.90,1048.40,1173.45,24231.85,1041.90,162435,3900,270,465755680.00,256,F1,65,,,,,
2026-08-20,2026-08-20,FO,NSE,IDO,51457,,NIFTY,,2026-10-27,2026-10-27,25400.00,PE,NIFTY26OCT25400PE,0.00,0.00,0.00,1100.00,1100.00,1100.00,24231.85,1207.94,910,0,0,0.00,0,F1,65,,,,,
2026-08-20,2026-08-20,FO,NSE,IDO,51447,,NIFTY,,2026-10-27,2026-10-27,25150.00,PE,NIFTY26OCT25150PE,0.00,0.00,0.00,639.15,639.15,639.15,24231.85,1040.75,325,0,0,0.00,0,F1,65,,,,,
2026-08-20,2026-08-20,FO,NSE,IDO,51445,,NIFTY,,2026-10-27,2026-10-27,25100.00,PE,NIFTY26OCT25100PE,731.95,742.45,724.45,731.55,741.30,844.20,24231.85,731.55,4160,2925,57,95705827.75,57,F1,65,,,,,
2026-08-20,2026-08-20,FO,NSE,IDO,51435,,NIFTY,,2026-10-27,2026-10-27,24900.00,PE,NIFTY26OCT24900PE,620.40,625.75,575.40,607.25,608.80,706.05,24231.85,607.25,42965,10725,469,777597379.00,466,F1,65,,,,,
2026-08-20,2026-08-20,FO,NSE,IDO,51423,,NIFTY,,2026-10-27,2026-10-27,24600.00,PE,NIFTY26OCT24600PE,457.95,461.40,414.45,445.75,449.55,534.95,24231.85,445.75,44135,3055,455,740838354.75,372,F1,65,,,,,
2026-08-20,2026-08-20,FO,NSE,IDO,51353,,NIFTY,,2026-10-27,2026-10-27,23000.00,PE,NIFTY26OCT23000PE,71.10,71.10,58.85,63.10,65.80,81.30,24231.85,63.10,797875,-51805,5745,8612857025.50,2985,F1,65,,,,,
2026-08-20,2026-08-20,FO,NSE,IDO,51343,,NIFTY,,2026-10-27,2026-10-27,22750.00,PE,NIFTY26OCT22750PE,0.00,0.00,0.00,228.35,0.00,228.35,24231.85,121.17,0,0,0,0.00,0,F1,65,,,,,
2026-08-20,2026-08-20,FO,NSE,IDO,51337,,NIFTY,,2026-10-27,2026-10-27,22600.00,PE,NIFTY26OCT22600PE,44.15,44.15,38.70,42.05,43.45,51.10,24231.85,42.05,11245,2990,192,282555575.25,156,F1,65,,,,,
2026-08-20,2026-08-20,FO,NSE,IDO,74480,,NIFTY,,2026-09-29,2026-09-29,26450.00,PE,NIFTY26SEP26450PE,0.00,0.00,0.00,2346.80,0.00,2346.80,24231.85,2070.83,0,0,0,0.00,0,F1,65,,,,,
2026-08-20,2026-08-20,FO,NSE,IDO,74427,,NIFTY,,2026-09-29,2026-09-29,25900.00,PE,NIFTY26SEP25900PE,1422.05,1526.15,1422.05,1471.25,1471.25,1077.70,24231.85,1576.73,1170,390,8,14229764.25,8,F1,65,,,,,
2026-08-20,2026-08-20,FO,NSE,IDO,74385,,NIFTY,,2026-09-29,2026-09-29,25250.00,PE,NIFTY26SEP25250PE,0.00,0.00,0.00,1010.00,1010.00,1010.00,24231.85,1052.93,390,0,0,0.00,0,F1,65,,,,,
2026-08-20,2026-08-20,FO,NSE,IDO,74362,,NIFTY,,2026-09-29,2026-09-29,24900.00,PE,NIFTY26SEP24900PE,625.05,632.65,555.30,591.90,600.50,731.00,24231.85,591.90,58825,390,125,207211173.00,113,F1,65,,,,,
2026-08-20,2026-08-20,FO,NSE,IDO,74067,,NIFTY,,2026-09-29,2026-09-29,24150.00,PE,NIFTY26SEP24150PE,244.60,244.60,180.25,201.60,207.50,277.50,24231.85,201.60,36335,2795,1022,1617779133.75,764,F1,65,,,,,
2026-08-20,2026-08-20,FO,NSE,IDO,74063,,NIFTY,,2026-09-29,2026-09-29,24050.00,PE,NIFTY26SEP24050PE,214.90,214.90,153.05,170.00,173.80,240.10,24231.85,170.00,32045,1430,621,977828868.25,468,F1,65,,,,,
2026-08-20,2026-08-20,FO,NSE,IDO,73982,,NIFTY,,2026-09-29,2026-09-29,23450.00,PE,NIFTY26SEP23450PE,69.20,70.35,56.85,64.45,66.15,91.35,24231.85,64.45,37765,-1495,445,680119531.00,304,F1,65,,,,,
2026-08-20,2026-08-20,FO,NSE,IDO,73911,,NIFTY,,2026-09-29,2026-09-29,23200.00,PE,NIFTY26SEP23200PE,51.00,51.00,39.15,43.95,44.95,62.20,24231.85,43.95,556010,-23205,14011,21168372741.75,7026,F1,65,,,,,
2026-08-20,2026-08-20,FO,NSE,IDO,73894,,NIFTY,,2026-09-29,2026-09-29,22750.00,PE,NIFTY26SEP22750PE,26.80,27.30,23.35,24.95,25.75,34.30,24231.85,24.95,20995,6695,241,356764320.25,131,F1,65,,,,,
2026-08-20,2026-08-20,FO,NSE,IDO,73880,,NIFTY,,2026-09-29,2026-09-29,22350.00,PE,NIFTY26SEP22350PE,17.95,18.55,16.25,17.05,16.90,21.60,24231.85,17.05,10985,2795,123,178827535.25,88,F1,65,,,,,
2026-08-20,2026-08-20,FO,NSE,IDO,73870,,NIFTY,,2026-09-29,2026-09-29,22100.00,PE,NIFTY26SEP22100PE,15.55,15.55,13.15,14.05,13.70,17.25,24231.85,14.05,55900,-30680,847,1217491551.25,608,F1,65,,,,,
2026-08-20,2026-08-20,FO,NSE,IDO,73868,,NIFTY,,2026-09-29,2026-09-29,22050.00,PE,NIFTY26SEP22050PE,13.50,13.70,12.95,13.50,13.50,16.60,24231.85,14.80,3510,-195,18,25813992.75,15,F1,65,,,,,
2026-08-20,2026-08-20,FO,NSE,IDO,73832,,NIFTY,,2026-09-29,2026-09-29,21650.00,PE,NIFTY26SEP21650PE,12.95,12.95,12.95,12.95,12.95,12.20,24231.85,5.85,3185,65,1,1408091.75,1,F1,65,,,,,
2026-08-20,2026-08-20,FO,NSE,IDO,55281,,NIFTY,,2026-09-29,2026-09-29,16500.00,PE,NIFTY26SEP16500PE,1.00,1.30,0.80,0.80,0.80,1.45,24231.85,0.00,134095,0,64,68643659.50,9,F1,65,,,,,
2026-08-20,2026-08-20,FO,NSE,IDO,58011,,NIFTY,,2026-09-22,2026-09-22,25800.00,PE,NIFTY2692225800PE,0.00,0.00,0.00,1569.65,0.00,1569.65,24231.85,1491.73,0,0,0,0.00,0,F1,65,,,,,
2026-08-20,2026-08-20,FO,NSE,IDO,57784,,NIFTY,,2026-09-22,2026-09-22,24900.00,PE,NIFTY2692224900PE,0.00,0.00,0.00,853.10,0.00,853.10,24231.85,785.57,0,0,0,0.00,0,F1,65,,,,,
2026-08-20,2026-08-20,FO,NSE,IDO,57723,,NIFTY,,2026-09-22,2026-09-22,24750.00,PE,NIFTY2692224750PE,0.00,0.00,0.00,752.65,0.00,752.65,24231.85,688.07,0,0,0,0.00,0,F1,65,,,,,
2026-08-20,2026-08-20,FO,NSE,IDO,57715,,NIFTY,,2026-09-22,2026-09-22,24700.00,PE,NIFTY2692224700PE,0.00,0.00,0.00,720.60,0.00,720.60,24231.85,657.09,0,0,0,0.00,0,F1,65,,,,,
2026-08-20,2026-08-20,FO,NSE,IDO,56984,,NIFTY,,2026-09-22,2026-09-22,23250.00,PE,NIFTY2692223250PE,0.00,0.00,0.00,128.65,0.00,128.65,24231.85,104.68,0,0,0,0.00,0,F1,65,,,,,
2026-08-20,2026-08-20,FO,NSE,IDO,56979,,NIFTY,,2026-09-22,2026-09-22,23150.00,PE,NIFTY2692223150PE,0.00,0.00,0.00,109.90,0.00,109.90,24231.85,88.41,0,0,0,0.00,0,F1,65,,,,,
2026-08-20,2026-08-20,FO,NSE,IDO,56938,,NIFTY,,2026-09-22,2026-09-22,22900.00,PE,NIFTY2692222900PE,0.00,0.00,0.00,72.20,0.00,72.20,24231.85,56.34,0,0,0,0.00,0,F1,65,,,,,
2026-08-20,2026-08-20,FO,NSE,IDO,47394,,NIFTY,,2026-09-15,2026-09-15,25550.00,PE,NIFTY2691525550PE,0.00,0.00,0.00,1105.50,0.00,1105.50,24231.85,1280.60,0,0,0,0.00,0,F1,65,,,,,
2026-08-20,2026-08-20,FO,NSE,IDO,47386,,NIFTY,,2026-09-15,2026-09-15,25400.00,PE,NIFTY2691525400PE,0.00,0.00,0.00,992.45,0.00,992.45,24231.85,1152.58,0,0,0,0.00,0,F1,65,,,,,
2026-08-20,2026-08-20,FO,NSE,IDO,47378,,NIFTY,,2026-09-15,2026-09-15,25250.00,PE,NIFTY2691525250PE,0.00,0.00,0.00,885.25,0.00,885.25,24231.85,1029.43,0,0,0,0.00,0,F1,65,,,,,
2026-08-20,2026-08-20,FO,NSE,IDO,47358,,NIFTY,,2026-09-15,2026-09-15,24850.00,PE,NIFTY2691524850PE,0.00,0.00,0.00,629.70,0.00,629.70,24231.85,729.86,0,0,0,0.00,0,F1,65,,,,,
2026-08-20,2026-08-20,FO,NSE,IDO,47348,,NIFTY,,2026-09-15,2026-09-15,24650.00,PE,NIFTY2691524650PE,0.00,0.00,0.00,353.15,353.15,353.15,24231.85,598.83,130,0,0,0.00,0,F1,65,,,,,
2026-08-20,2026-08-20,FO,NSE,IDO,47308,,NIFTY,,2026-09-15,2026-09-15,23750.00,PE,NIFTY2691523750PE,0.00,0.00,0.00,177.95,0.00,177.95,24231.85,188.42,0,0,0,0.00,0,F1,65,,,,,
2026-08-20,2026-08-20,FO,NSE,IDO,47264,,NIFTY,,2026-09-15,2026-09-15,22650.00,PE,NIFTY2691522650PE,0.00,0.00,0.00,26.95,0.00,26.95,24231.85,21.43,0,0,0,0.00,0,F1,65,,,,,
2026-08-20,2026-08-20,FO,NSE,IDO,42708,,NIFTY,,2026-09-08,2026-09-08,25400.00,PE,NIFTY2690825400PE,0.00,0.00,0.00,896.85,0.00,896.85,24231.85,1142.68,0,0,0,0.00,0,F1,65,,,,,
2026-08-20,2026-08-20,FO,NSE,IDO,42680,,NIFTY,,2026-09-08,2026-09-08,24900.00,PE,NIFTY2690824900PE,0.00,0.00,0.00,745.35,745.35,745.35,24231.85,733.27,1950,0,0,0.00,0,F1,65,,,,,
2026-08-20,2026-08-20,FO,NSE,IDO,42672,,NIFTY,,2026-09-08,2026-09-08,24750.00,PE,NIFTY2690824750PE,0.00,0.00,0.00,605.45,605.45,605.45,24231.85,625.68,2145,0,0,0.00,0,F1,65,,,,,
2026-08-20,2026-08-20,FO,NSE,IDO,42664,,NIFTY,,2026-09-08,2026-09-08,24550.00,PE,NIFTY2690824550PE,346.35,354.90,294.20,318.40,316.80,454.20,24231.85,318.40,3055,-1170,102,164971222.00,95,F1,65,,,,,
2026-08-20,2026-08-20,FO,NSE,IDO,42632,,NIFTY,,2026-09-08,2026-09-08,23800.00,PE,NIFTY2690823800PE,62.00,62.05,43.65,48.65,48.20,92.15,24231.85,48.65,142155,72735,3753,5817946134.00,2685,F1,65,,,,,
2026-08-20,2026-08-20,FO,NSE,IDO,42609,,NIFTY,,2026-09-08,2026-09-08,23400.00,PE,NIFTY2690823400PE,0.00,0.00,0.00,87.95,0.00,87.95,24231.85,71.31,0,0,0,0.00,0,F1,65,,,,,
2026-08-20,2026-08-20,FO,NSE,IDO,42607,,NIFTY,,2026-09-08,2026-09-08,23350.00,PE,NIFTY2690823350PE,21.35,22.00,13.80,15.40,15.80,32.70,24231.85,15.40,35490,-650,890,1351812328.75,416,F1,65,,,,,
2026-08-20,2026-08-20,FO,NSE,IDO,42586,,NIFTY,,2026-09-08,2026-09-08,22850.00,PE,NIFTY2690822850PE,9.00,9.25,7.00,7.55,7.00,12.10,24231.85,7.55,5395,-195,107,158978066.00,61,F1,65,,,,,
2026-08-20,2026-08-20,FO,NSE,IDO,47113,,NIFTY,,2026-09-01,2026-09-01,27050.00,PE,NIFTY2690127050PE,0.00,0.00,0.00,2693.45,0.00,2693.45,24231.85,2764.34,0,0,0,0.00,0,F1,65,,,,,
2026-08-20,2026-08-20,FO,NSE,IDO,47101,,NIFTY,,2026-09-01,2026-09-01,26750.00,PE,NIFTY2690126750PE,0.00,0.00,0.00,2407.30,0.00,2407.30,24231.85,2465.02,0,0,0,0.00,0,F1,65,,,,,
2026-08-20,2026-08-20,FO,NSE,IDO,47080,,NIFTY,,2026-09-01,2026-09-01,26350.00,PE,NIFTY2690126350PE,0.00,0.00,0.00,2035.25,0.00,2035.25,24231.85,2066.36,0,0,0,0.00,0,F1,65,,,,,
2026-08-20,2026-08-20,FO,NSE,IDO,47044,,NIFTY,,2026-09-01,2026-09-01,25450.00,PE,NIFTY2690125450PE,1130.00,1130.00,1130.00,1130.00,1130.00,1281.10,24231.85,1185.23,780,0,1,1727700.00,1,F1,65,,,,,
2026-08-20,2026-08-20,FO,NSE,IDO,47008,,NIFTY,,2026-09-01,2026-09-01,24550.00,PE,NIFTY2690124550PE,340.50,341.45,262.10,298.95,299.45,440.00,24231.85,298.95,13520,3250,500,807807838.50,407,F1,65,,,,,
2026-08-20,2026-08-20,FO,NSE,IDO,46980,,NIFTY,,2026-09-01,2026-09-01,23850.00,PE,NIFTY2690123850PE,41.15,41.15,26.95,31.40,32.55,71.65,24231.85,31.40,173225,81120,9466,14694769414.00,6503,F1,65,,,,,
2026-08-20,2026-08-20,FO,NSE,IDO,46932,,NIFTY,,2026-09-01,2026-09-01,22650.00,PE,NIFTY2690122650PE,5.90,5.90,3.75,4.10,4.05,5.45,24231.85,4.10,11050,65,490,721544356.00,391,F1,65,,,,,
2026-08-20,2026-08-20,FO,NSE,IDO,46914,,NIFTY,,2026-09-01,2026-09-01,22200.00,PE,NIFTY2690122200PE,5.30,5.35,2.95,3.40,3.75,4.20,24231.85,3.40,253175,180310,9097,13129096795.75,3849,F1,65,,,,,
2026-08-20,2026-08-20,FO,NSE,IDO,62235,,NIFTY,,2026-08-25,2026-08-25,27050.00,PE,NIFTY26AUG27050PE,0.00,0.00,0.00,2847.45,0.00,2847.45,24231.85,2795.70,0,0,0,0.00,0,F1,65,,,,,
2026-08-20,2026-08-20,FO,NSE,IDO,62228,,NIFTY,,2026-08-25,2026-08-25,26950.00,PE,NIFTY26AUG26950PE,0.00,0.00,0.00,2758.95,0.00,2758.95,24231.85,2695.79,0,0,0,0.00,0,F1,65,,,,,
2026-08-20,2026-08-20,FO,NSE,IDO,62176,,NIFTY,,2026-08-25,2026-08-25,26700.00,PE,NIFTY26AUG26700PE,0.00,0.00,0.00,2541.20,0.00,2541.20,24231.85,2445.99,0,0,0,0.00,0,F1,65,,,,,
2026-08-20,2026-08-20,FO,NSE,IDO,62120,,NIFTY,,2026-08-25,2026-08-25,26450.00,PE,NIFTY26AUG26450PE,0.00,0.00,0.00,2328.90,0.00,2328.90,24231.85,2196.20,0,0,0,0.00,0,F1,65,,,,,
2026-08-20,2026-08-20,FO,NSE,IDO,62054,,NIFTY,,2026-08-25,2026-08-25,26150.00,PE,NIFTY26AUG26150PE,0.00,0.00,0.00,2082.50,0.00,2082.50,24231.85,1896.46,0,0,0,0.00,0,F1,65,,,,,
2026-08-20,2026-08-20,FO,NSE,IDO,62003,,NIFTY,,2026-08-25,2026-08-25,25850.00,PE,NIFTY26AUG25850PE,0.00,0.00,0.00,1598.00,1598.00,1598.00,24231.85,1596.75,845,0,0,0.00,0,F1,65,,,,,
2026-08-20,2026-08-20,FO,NSE,IDO,61995,,NIFTY,,2026-08-25,2026-08-25,25750.00,PE,NIFTY26AUG25750PE,0.00,0.00,0.00,1621.15,1621.15,1621.15,24231.85,1496.90,260,0,0,0.00,0,F1,65,,,,,
2026-08-20,2026-08-20,FO,NSE,IDO,61974,,NIFTY,,2026-08-25,2026-08-25,25450.00,PE,NIFTY26AUG25450PE,1170.00,1170.00,1170.00,1170.00,1170.00,1203.70,24231.85,1197.93,1040,-65,1,1730300.00,1,F1,65,,,,,
2026-08-20,2026-08-20,FO,NSE,IDO,61856,,NIFTY,,2026-08-25,2026-08-25,24850.00,PE,NIFTY26AUG24850PE,601.30,609.50,504.70,555.05,560.30,732.30,24231.85,555.05,48945,-6110,365,602418410.75,313,F1,65,,,,,
2026-08-20,2026-08-20,FO,NSE,IDO,61846,,NIFTY,,2026-08-25,2026-08-25,24800.00,PE,NIFTY26AUG24800PE,575.00,576.25,451.75,509.05,509.25,685.90,24231.85,509.05,473005,-96785,6017,9900302847.50,4479,F1,65,,,,,
2026-08-20,2026-08-20,FO,NSE,IDO,61796,,NIFTY,,2026-08-25,2026-08-25,24700.00,PE,NIFTY26AUG24700PE,500.00,500.00,356.00,407.70,409.65,589.35,24231.85,407.70,865865,-105885,18590,30357717386.75,11690,F1,65,,,,,
2026-08-20,2026-08-20,FO,NSE,IDO,61684,,NIFTY,,2026-08-25,2026-08-25,24250.00,PE,NIFTY26AUG24250PE,116.90,116.90,58.65,74.20,76.05,195.90,24231.85,74.20,4977505,3927495,1633659,2583392135636.00,716080,F1,65,,,,,
2026-08-20,2026-08-20,FO,NSE,IDO,61550,,NIFTY,,2026-08-25,2026-08-25,23850.00,PE,NIFTY26AUG23850PE,17.00,17.00,7.20,8.15,8.60,32.55,24231.85,8.15,3782155,2147990,299207,464025347067.75,95385,F1,65,,,,,
2026-08-20,2026-08-20,FO,NSE,IDO,61531,,NIFTY,,2026-08-25,2026-08-25,23700.00,PE,NIFTY26AUG23700PE,9.45,9.45,3.95,4.55,5.20,15.20,24231.85,4.55,6693960,-1504945,599478,923703783509.00,148944,F1,65,,,,,
2026-08-20,2026-08-20,FO,NSE,IDO,61425,,NIFTY,,2026-08-25,2026-08-25,22900.00,PE,NIFTY26AUG22900PE,3.40,3.40,1.60,1.90,1.95,2.80,24231.85,1.90,1904890,-174980,182779,272092673580.00,28261,F1,65,,,,,
2026-08-20,2026-08-20,FO,NSE,IDO,61347,,NIFTY,,2026-08-25,2026-08-25,21900.00,PE,NIFTY26AUG21900PE,1.50,2.00,0.70,1.00,0.95,1.65,24231.85,1.00,259545,198770,19280,27446551457.00,5370,F1,65,,,,,
2026-08-20,2026-08-20,FO,NSE,IDO,61341,,NIFTY,,2026-08-25,2026-08-25,21750.00,PE,NIFTY26AUG21750PE,1.50,2.30,0.70,0.95,0.95,1.55,24231.85,0.95,57395,22230,3586,5069986606.75,1973,F1,65,,,,,
2026-08-20,2026-08-20,FO,NSE,IDO,61339,,NIFTY,,2026-08-25,2026-08-25,21700.00,PE,NIFTY26AUG21700PE,1.70,2.70,0.65,0.85,0.70,1.45,24231.85,0.85,277290,173095,16853,23772310792.75,4449,F1,65,,,,,
2026-08-20,2026-08-20,FO,NSE,IDO,61335,,NIFTY,,2026-08-25,2026-08-25,21600.00,PE,NIFTY26AUG21600PE,1.55,1.90,0.75,0.85,0.90,1.15,24231.85,0.85,204425,79560,8772,12316475128.75,2859,F1,65,,,,,
2026-08-20,2026-08-20,FO,NSE,IDO,74638,,NIFTY,,2031-06-24,2031-06-24,16500.00,CE,NIFTY31JUN16500CE,0.00,0.00,0.00,11849.25,0.00,11849.25,24231.85,12273.58,0,0,0,0.00,0,F1,65,,,,,
2026-08-20,2026-08-20,FO,NSE,IDO,55754,,NIFTY,,2030-12-31,2030-12-31,24000.00,CE,NIFTY30DEC24000CE,0.00,0.00,0.00,8563.30,0.00,8563.30,24231.85,6956.38,0,0,0,0.00,0,F1,65,,,,,
2026-08-20,2026-08-20,FO,NSE,IDO,55646,,NIFTY,,2030-06-25,2030-06-25,25500.00,CE,NIFTY30JUN25500CE,0.00,0.00,0.00,7070.45,0.00,7070.45,24231.85,5538.98,0,0,0,0.00,0,F1,65,,,,,
2026-08-20,2026-08-20,FO,NSE,IDO,55600,,NIFTY,,2029-12-24,2029-12-24,19500.00,CE,NIFTY29DEC19500CE,0.00,0.00,0.00,10678.80,0.00,10678.80,24231.85,8753.97,0,0,0,0.00,0,F1,65,,,,,
2026-08-20,2026-08-20,FO,NSE,IDO,55558,,NIFTY,,2029-06-26,2029-06-26,19500.00,CE,NIFTY29JUN19500CE,0.00,0.00,0.00,10206.95,0.00,10206.95,24231.85,8224.51,0,0,0,0.00,0,F1,65,,,,,
2026-08-20,2026-08-20,FO,NSE,IDO,55468,,NIFTY,,2028-06-27,2028-06-27,16500.00,CE,NIFTY28JUN16500CE,0.00,0.00,0.00,11752.80,0.00,11752.80,24231.85,9633.51,0,0,0,0.00,0,F1,65,,,,,
2026-08-20,2026-08-20,FO,NSE,IDO,55430,,NIFTY,,2027-12-28,2027-12-28,31500.00,CE,NIFTY27DEC31500CE,277.05,277.05,210.00,210.00,210.00,195.00,24231.85,494.91,1950,-195,11,22690157.75,8,F1,65,,,,,
2026-08-20,2026-08-20,FO,NSE,IDO,35346,,NIFTY,,2027-12-28,2027-12-28,30000.00,CE,NIFTY27DEC30000CE,351.15,364.75,348.60,355.40,355.90,345.00,24231.85,355.40,120705,-780,59,116412143.25,52,F1,65,,,,,
2026-08-20,2026-08-20,FO,NSE,IDO,53628,,NIFTY,,2027-12-28,2027-12-28,26000.00,CE,NIFTY27DEC26000CE,1640.20,1698.00,1625.60,1679.50,1664.10,1598.55,24231.85,1679.50,69980,1560,43,77343249.75,43,F1,65,,,,,
2026-08-20,2026-08-20,FO,NSE,IDO,53626,,NIFTY,,2027-12-28,2027-12-28,25000.00,CE,NIFTY27DEC25000CE,2258.90,2294.85,2233.15,2259.90,2276.95,2180.95,24231.85,2259.90,38100,780,29,51390394.25,29,F1,65,,,,,
2026-08-20,2026-08-20,FO,NSE,IDO,55378,,NIFTY,,2027-06-29,2027-06-29,28500.00,CE,NIFTY27JUN28500CE,0.00,0.00,0.00,1711.90,0.00,1711.90,24231.85,553.08,0,0,0,0.00,0,F1,65,,,,,
2026-08-20,2026-08-20,FO,NSE,IDO,50547,,NIFTY,,2026-12-29,2026-12-29,28000.00,CE,NIFTY26DEC28000CE,32.00,34.30,28.55,29.40,28.60,31.35,24231.85,29.40,1634250,1155,7504,13672221556.50,4388,F1,65,,,,,
2026-08-20,2026-08-20,FO,NSE,IDO,51536,,NIFTY,,2026-10-27,2026-10-27,27100.00,CE,NIFTY26OCT27100CE,0.00,0.00,0.00,101.30,0.00,101.30,24231.85,64.49,0,0,0,0.00,0,F1,65,,,,,
2026-08-20,2026-08-20,FO,NSE,IDO,51530,,NIFTY,,2026-10-27,2026-10-27,27000.00,CE,NIFTY26OCT27000CE,10.05,10.80,7.60,7.85,7.80,9.15,24231.85,7.85,162760,1625,971,1704638009.75,567,F1,65,,,,,
2026-08-20,2026-08-20,FO,NSE,IDO,51524,,NIFTY,,2026-10-27,2026-10-27,26850.00,CE,NIFTY26OCT26850CE,0.00,0.00,0.00,126.70,0.00,126.70,24231.85,85.22,0,0,0,0.00,0,F1,65,,,,,
2026-08-20,2026-08-20,FO,NSE,IDO,51492,,NIFTY,,2026-10-27,2026-10-27,26050.00,CE,NIFTY26OCT26050CE,0.00,0.00,0.00,247.25,0.00,247.25,24231.85,193.48,0,0,0,0.00,0,F1,65,,,,,
2026-08-20,2026-08-20,FO,NSE,IDO,51456,,NIFTY,,2026-10-27,2026-10-27,25400.00,CE,NIFTY26OCT25400CE,111.55,111.65,96.30,103.40,102.30,89.45,24231.85,103.40,184665,16120,1316,2181468916.25,883,F1,65,,,,,
2026-08-20,2026-08-20,FO,NSE,IDO,51440,,NIFTY,,2026-10-27,2026-10-27,25000.00,CE,NIFTY26OCT25000CE,209.85,223.50,196.65,207.65,207.35,179.10,24231.85,207.65,666900,131690,10161,16648227329.50,7428,F1,65,,,,,
2026-08-20,2026-08-20,FO,NSE,IDO,51436,,NIFTY,,2026-10-27,2026-10-27,24950.00,CE,NIFTY26OCT24950CE,229.80,235.50,222.00,225.25,227.15,191.30,24231.85,225.25,7930,0,10,16365020.75,9,F1,65,,,,,
2026-08-20,2026-08-20,FO,NSE,IDO,51430,,NIFTY,,2026-10-27,2026-10-27,24800.00,CE,NIFTY26OCT24800CE,267.00,303.00,267.00,283.10,280.85,241.50,24231.85,283.10,57135,20865,715,1165847488.00,585,F1,65,,,,,
2026-08-20,2026-08-20,FO,NSE,IDO,51380,,NIFTY,,2026-10-27,2026-10-27,23700.00,CE,NIFTY26OCT23700CE,952.95,995.00,946.05,995.00,995.00,865.40,24231.85,1158.38,1690,-130,17,27249738.75,15,F1,65,,,,,
2026-08-20,2026-08-20,FO,NSE,IDO,51368,,NIFTY,,2026-10-27,2026-10-27,23400.00,CE,NIFTY26OCT23400CE,0.00,0.00,0.00,1589.00,1589.00,1589.00,24231.85,1368.65,65,0,0,0.00,0,F1,65,,,,,
2026-08-20,2026-08-20,FO,NSE,IDO,51366,,NIFTY,,2026-10-27,2026-10-27,23350.00,CE,NIFTY26OCT23350CE,0.00,0.00,0.00,1373.70,0.00,1373.70,24231.85,1405.37,0,0,0,0.00,0,F1,65,,,,,
2026-08-20,2026-08-20,FO,NSE,IDO,51356,,NIFTY,,2026-10-27,2026-10-27,23100.00,CE,NIFTY26OCT23100CE,0.00,0.00,0.00,1547.05,0.00,1547.05,24231.85,1594.54,0,0,0,0.00,0,F1,65,,,,,
2026-08-20,2026-08-20,FO,NSE,IDO,74420,,NIFTY,,2026-09-29,2026-09-29,25800.00,CE,NIFTY26SEP25800CE,15.05,16.20,11.10,12.70,13.30,14.55,24231.85,12.70,366405,64480,6760,11342051643.00,4156,F1,65,,,,,
2026-08-20,2026-08-20,FO,NSE,IDO,74241,,NIFTY,,2026-09-29,2026-09-29,24500.00,CE,NIFTY26SEP24500CE,229.00,279.90,229.00,256.85,256.00,205.10,24231.85,256.85,3735030,517725,59895,96362398590.25,41845,F1,65,,,,,
2026-08-20,2026-08-20,FO,NSE,IDO,74066,,NIFTY,,2026-09-29,2026-09-29,24150.00,CE,NIFTY26SEP24150CE,435.00,489.35,432.25,456.35,457.80,377.05,24231.85,456.35,20475,650,248,396570846.75,234,F1,65,,,,,
2026-08-20,2026-08-20,FO,NSE,IDO,74010,,NIFTY,,2026-09-29,2026-09-29,23750.00,CE,NIFTY26SEP23750CE,736.00,792.20,736.00,759.95,759.95,646.00,24231.85,906.22,1885,-455,11,17527445.00,11,F1,65,,,,,
2026-08-20,2026-08-20,FO,NSE,IDO,73893,,NIFTY,,2026-09-29,2026-09-29,22750.00,CE,NIFTY26SEP22750CE,0.00,0.00,0.00,1386.55,1386.55,1386.55,24231.85,1702.52,260,0,0,0.00,0,F1,65,,,,,
2026-08-20,2026-08-20,FO,NSE,IDO,73833,,NIFTY,,2026-09-29,2026-09-29,21700.00,CE,NIFTY26SEP21700CE,0.00,0.00,0.00,2520.00,2520.00,2520.00,24231.85,2693.44,65,0,0,0.00,0,F1,65,,,,,
2026-08-20,2026-08-20,FO,NSE,IDO,57910,,NIFTY,,2026-09-22,2026-09-22,25400.00,CE,NIFTY2692225400CE,0.00,0.00,0.00,132.15,0.00,132.15,24231.85,137.21,0,0,0,0.00,0,F1,65,,,,,
2026-08-20,2026-08-20,FO,NSE,IDO,57893,,NIFTY,,2026-09-22,2026-09-22,25350.00,CE,NIFTY2692225350CE,0.00,0.00,0.00,141.55,0.00,141.55,24231.85,147.15,0,0,0,0.00,0,F1,65,,,,,
2026-08-20,2026-08-20,FO,NSE,IDO,57866,,NIFTY,,2026-09-22,2026-09-22,25200.00,CE,NIFTY2692225200CE,0.00,0.00,0.00,173.00,0.00,173.00,24231.85,181.38,0,0,0,0.00,0,F1,65,,,,,
2026-08-20,2026-08-20,FO,NSE,IDO,57828,,NIFTY,,2026-09-22,2026-09-22,25050.00,CE,NIFTY2692225050CE,0.00,0.00,0.00,209.50,0.00,209.50,24231.85,219.16,0,0,0,0.00,0,F1,65,,,,,
2026-08-20,2026-08-20,FO,NSE,IDO,57584,,NIFTY,,2026-09-22,2026-09-22,24450.00,CE,NIFTY2692224450CE,0.00,0.00,0.00,418.15,0.00,418.15,24231.85,440.11,0,0,0,0.00,0,F1,65,,,,,
2026-08-20,2026-08-20,FO,NSE,IDO,57063,,NIFTY,,2026-09-22,2026-09-22,23700.00,CE,NIFTY2692223700CE,0.00,0.00,0.00,836.20,0.00,836.20,24231.85,879.26,0,0,0,0.00,0,F1,65,,,,,
2026-08-20,2026-08-20,FO,NSE,IDO,56909,,NIFTY,,2026-09-22,2026-09-22,22800.00,CE,NIFTY2692222800CE,0.00,0.00,0.00,1547.15,0.00,1547.15,24231.85,1612.77,0,0,0,0.00,0,F1,65,,,,,
2026-08-20,2026-08-20,FO,NSE,IDO,47371,,NIFTY,,2026-09-15,2026-09-15,25200.00,CE,NIFTY2691525200CE,0.00,0.00,0.00,268.55,0.00,268.55,24231.85,129.97,0,0,0,0.00,0,F1,65,,,,,
2026-08-20,2026-08-20,FO,NSE,IDO,47331,,NIFTY,,2026-09-15,2026-09-15,24300.00,CE,NIFTY2691524300CE,259.00,304.00,254.35,267.90,269.65,211.90,24231.85,267.90,20735,-7540,681,1087591046.75,489,F1,65,,,,,
2026-08-20,2026-08-20,FO,NSE,IDO,47305,,NIFTY,,2026-09-15,2026-09-15,23700.00,CE,NIFTY2691523700CE,0.00,0.00,0.00,1074.80,0.00,1074.80,24231.85,808.05,0,0,0,0.00,0,F1,65,,,,,
2026-08-20,2026-08-20,FO,NSE,IDO,47273,,NIFTY,,2026-09-15,2026-09-15,22900.00,CE,NIFTY2691522900CE,0.00,0.00,0.00,1748.55,0.00,1748.55,24231.85,1468.83,0,0,0,0.00,0,F1,65,,,,,
2026-08-20,2026-08-20,FO,NSE,IDO,47265,,NIFTY,,2026-09-15,2026-09-15,22700.00,CE,NIFTY2691522700CE,0.00,0.00,0.00,1933.10,0.00,1933.10,24231.85,1653.81,0,0,0,0.00,0,F1,65,,,,,
2026-08-20,2026-08-20,FO,NSE,IDO,47259,,NIFTY,,2026-09-15,2026-09-15,22550.00,CE,NIFTY2691522550CE,0.00,0.00,0.00,2074.25,0.00,2074.25,24231.85,1795.70,0,0,0,0.00,0,F1,65,,,,,
2026-08-20,2026-08-20,FO,NSE,IDO,42727,,NIFTY,,2026-09-08,2026-09-08,25700.00,CE,NIFTY2690825700CE,4.85,5.05,3.55,4.40,4.00,5.65,24231.85,4.40,7215,2210,178,297397519.25,107,F1,65,,,,,
2026-08-20,2026-08-20,FO,NSE,IDO,42667,,NIFTY,,2026-09-08,2026-09-08,24650.00,CE,NIFTY2690824650CE,0.00,0.00,0.00,340.00,340.00,340.00,24231.85,218.13,65,0,0,0.00,0,F1,65,,,,,
2026-08-20,2026-08-20,FO,NSE,IDO,42657,,NIFTY,,2026-09-08,2026-09-08,24400.00,CE,NIFTY2690824400CE,155.00,195.55,150.25,166.40,172.15,125.05,24231.85,166.40,164255,59865,3849,6146534865.25,2639,F1,65,,,,,
2026-08-20,2026-08-20,FO,NSE,IDO,42627,,NIFTY,,2026-09-08,2026-09-08,23700.00,CE,NIFTY2690823700CE,650.00,687.05,610.15,687.05,687.05,544.60,24231.85,739.82,1105,-260,8,12664538.25,7,F1,65,,,,,
2026-08-20,2026-08-20,FO,NSE,IDO,42577,,NIFTY,,2026-09-08,2026-09-08,22650.00,CE,NIFTY2690822650CE,0.00,0.00,0.00,2118.35,0.00,2118.35,24231.85,1663.06,0,0,0,0.00,0,F1,65,,,,,
2026-08-20,2026-08-20,FO,NSE,IDO,47087,,NIFTY,,2026-09-01,2026-09-01,26550.00,CE,NIFTY2690126550CE,0.00,0.00,0.00,1.40,1.40,1.40,24231.85,0.27,1105,0,0,0.00,0,F1,65,,,,,
2026-08-20,2026-08-20,FO,NSE,IDO,47051,,NIFTY,,2026-09-01,2026-09-01,25650.00,CE,NIFTY2690125650CE,2.65,2.65,1.50,1.80,2.10,2.60,24231.85,1.80,16510,5330,229,381828206.50,139,F1,65,,,,,
2026-08-20,2026-08-20,FO,NSE,IDO,47023,,NIFTY,,2026-09-01,2026-09-01,24950.00,CE,NIFTY2690124950CE,12.85,13.95,7.70,8.15,8.60,10.30,24231.85,8.15,484770,390455,16597,26925485310.75,9775,F1,65,,,,,
2026-08-20,2026-08-20,FO,NSE,IDO,47021,,NIFTY,,2026-09-01,2026-09-01,24900.00,CE,NIFTY2690124900CE,16.70,16.75,9.65,10.35,10.25,11.90,24231.85,10.35,867490,220610,36922,59786790186.50,18139,F1,65,,,,,
2026-08-20,2026-08-20,FO,NSE,IDO,46983,,NIFTY,,2026-09-01,2026-09-01,23950.00,CE,NIFTY2690123950CE,365.95,440.55,365.90,406.55,402.85,299.20,24231.85,406.55,11180,-11570,657,1039447604.00,516,F1,65,,,,,
2026-08-20,2026-08-20,FO,NSE,IDO,46961,,NIFTY,,2026-09-01,2026-09-01,23400.00,CE,NIFTY2690123400CE,890.00,946.95,884.80,930.00,930.00,757.00,24231.85,914.67,13520,13130,215,339555986.25,209,F1,65,,,,,
2026-08-20,2026-08-20,FO,NSE,IDO,46957,,NIFTY,,2026-09-01,2026-09-01,23300.00,CE,NIFTY2690123300CE,1030.00,1032.20,1030.00,1032.20,1032.20,1080.00,24231.85,1004.80,195,130,2,3163043.00,2,F1,65,,,,,
2026-08-20,2026-08-20,FO,NSE,IDO,46949,,NIFTY,,2026-09-01,2026-09-01,23100.00,CE,NIFTY2690123100CE,0.00,0.00,0.00,1140.00,1140.00,1140.00,24231.85,1191.37,65,0,0,0.00,0,F1,65,,,,,
2026-08-20,2026-08-20,FO,NSE,IDO,46941,,NIFTY,,2026-09-01,2026-09-01,22900.00,CE,NIFTY2690122900CE,0.00,0.00,0.00,1543.90,0.00,1543.90,24231.85,1383.84,0,0,0,0.00,0,F1,65,,,,,
2026-08-20,2026-08-20,FO,NSE,IDO,46931,,NIFTY,,2026-09-01,2026-09-01,22650.00,CE,NIFTY2690122650CE,0.00,0.00,0.00,1760.65,0.00,1760.65,24231.85,1629.18,0,0,0,0.00,0,F1,65,,,,,
2026-08-20,2026-08-20,FO,NSE,IDO,46923,,NIFTY,,2026-09-01,2026-09-01,22450.00,CE,NIFTY2690122450CE,0.00,0.00,0.00,1940.55,0.00,1940.55,24231.85,1827.42,0,0,0,0.00,0,F1,65,,,,,
2026-08-20,2026-08-20,FO,NSE,IDO,46915,,NIFTY,,2026-09-01,2026-09-01,22250.00,CE,NIFTY2690122250CE,0.00,0.00,0.00,2125.05,0.00,2125.05,24231.85,2026.46,0,0,0,0.00,0,F1,65,,,,,
2026-08-20,2026-08-20,FO,NSE,IDO,62236,,NIFTY,,2026-08-25,2026-08-25,27100.00,CE,NIFTY26AUG27100CE,0.45,0.60,0.35,0.40,0.35,0.55,24231.85,0.40,78390,-21515,2874,5062637703.50,898,F1,65,,,,,
2026-08-20,2026-08-20,FO,NSE,IDO,62166,,NIFTY,,2026-08-25,2026-08-25,26600.00,CE,NIFTY26AUG26600CE,0.60,1.05,0.40,0.50,0.40,0.70,24231.85,0.50,49010,-8775,1065,1841423915.50,518,F1,65,,,,,
2026-08-20,2026-08-20,FO,NSE,IDO,62053,,NIFTY,,2026-08-25,2026-08-25,26150.00,CE,NIFTY26AUG26150CE,0.95,0.95,0.40,0.45,0.40,0.75,24231.85,0.45,87555,-8190,1511,2568372563.25,486,F1,65,,,,,
2026-08-20,2026-08-20,FO,NSE,IDO,61378,,NIFTY,,2026-08-25,2026-08-25,22350.00,CE,NIFTY26AUG22350CE,0.00,0.00,0.00,1780.00,1780.00,1780.00,24231.85,1900.40,130,0,0,0.00,0,F1,65,,,,,
2026-08-20,2026-08-20,FO,NSE,IDO,61334,,NIFTY,,2026-08-25,2026-08-25,21600.00,CE,NIFTY26AUG21600CE,0.00,0.00,0.00,2713.65,0.00,2713.65,24231.85,2649.77,0,0,0,0.00,0,F1,65,,,,,
2026-08-20,2026-08-20,FO,NSE,IDF,58072,,NIFTY,,2026-08-25,2026-08-25,,,NIFTY26AUGFUT,24236.10,24352.00,24226.30,24293.00,24290.50,24117.60,24231.85,24293.00,10834655,-2088190,56285,88856968798.00,34742,F1,65,,,,,
2026-08-20,2026-08-20,FO,NSE,IDO,74664,,NIFTY,,2031-06-24,2031-06-24,31500.00,PE,NIFTY31JUN31500PE,0.00,0.00,0.00,3185.85,0.00,3185.85,24231.85,2764.87,0,0,0,0.00,0,F1,65,,,,,
2026-08-20,2026-08-20,FO,NSE,IDO,74501,,NIFTY,,2026-09-29,2026-09-29,27050.00,CE,NIFTY26SEP27050CE,2.90,4.50,2.25,2.25,2.25,5.05,24231.85,2.25,2210,1300,345,606658708.50,236,F1,65,,,,,
2026-08-20,2026-08-20,FO,NSE,IDO,51352,,NIFTY,,2026-10-27,2026-10-27,23000.00,CE,NIFTY26OCT23000CE,1500.00,1590.55,1500.00,1554.20,1554.05,1427.55,24231.85,1554.20,12545,390,44,70195238.75,38,F1,65,,,,,
2026-08-20,2026-08-20,FO,NSE,IDO,51354,,NIFTY,,2026-10-27,2026-10-27,23050.00,CE,NIFTY26OCT23050CE,0.00,0.00,0.00,1582.90,0.00,1582.90,24231.85,1633.89,0,0,0,0.00,0,F1,65,,,,,
2026-08-20,2026-08-20,FO,NSE,IDO,51442,,NIFTY,,2026-10-27,2026-10-27,25050.00,CE,NIFTY26OCT25050CE,0.00,0.00,0.00,424.00,424.00,424.00,24231.85,462.64,1365,0,0,0.00,0,F1,65,,,,,
2026-08-20,2026-08-20,FO,NSE,IDO,51446,,NIFTY,,2026-10-27,2026-10-27,25150.00,CE,NIFTY26OCT25150CE,0.00,0.00,0.00,479.95,0.00,479.95,24231.85,427.17,0,0,0,0.00,0,F1,65,,,,,
2026-08-20,2026-08-20,FO,NSE,IDO,51476,,NIFTY,,2026-10-27,2026-10-27,25650.00,CE,NIFTY26OCT25650CE,63.05,67.65,60.70,65.25,65.70,58.25,24231.85,65.25,13520,-1495,84,140389551.25,76,F1,65,,,,,
2026-08-20,2026-08-20,FO,NSE,IDO,51540,,NIFTY,,2026-10-27,2026-10-27,27200.00,CE,NIFTY26OCT27200CE,0.00,0.00,0.00,92.40,0.00,92.40,24231.85,57.52,0,0,0,0.00,0,F1,65,,,,,
2026-08-20,2026-08-20,FO,NSE,IDO,58636,,NIFTY,,2026-12-29,2026-12-29,16000.00,CE,NIFTY26DEC16000CE,0.00,0.00,0.00,8178.15,8178.15,8178.15,24231.85,8603.04,245,0,0,0.00,0,F1,65,,,,,
2026-08-20,2026-08-20,FO,NSE,IDO,55326,,NIFTY,,2026-12-29,2026-12-29,22500.00,CE,NIFTY26DEC22500CE,2320.15,2370.00,2320.15,2351.10,2350.00,2241.25,24231.85,2351.10,16315,520,23,37163135.75,15,F1,65,,,,,
2026-08-20,2026-08-20,FO,NSE,IDO,55376,,NIFTY,,2027-06-29,2027-06-29,25500.00,CE,NIFTY27JUN25500CE,0.00,0.00,0.00,1300.00,1300.00,1300.00,24231.85,1521.49,0,0,0,0.00,0,F1,65,,,,,
2026-08-20,2026-08-20,FO,NSE,IDO,47192,,NIFTY,,2027-06-29,2027-06-29,33000.00,CE,NIFTY27JUN33000CE,0.00,0.00,0.00,1122.75,0.00,1122.75,24231.85,82.43,0,0,0,0.00,0,F1,65,,,,,
2026-08-20,2026-08-20,FO,NSE,IDO,47194,,NIFTY,,2027-12-28,2027-12-28,33000.00,CE,NIFTY27DEC33000CE,0.00,0.00,0.00,120.00,120.00,120.00,24231.85,316.53,3510,0,0,0.00,0,F1,65,,,,,
2026-08-20,2026-08-20,FO,NSE,IDO,55470,,NIFTY,,2028-06-27,2028-06-27,19500.00,CE,NIFTY28JUN19500CE,0.00,0.00,0.00,9209.10,0.00,9209.10,24231.85,7087.17,0,0,0,0.00,0,F1,65,,,,,
2026-08-20,2026-08-20,FO,NSE,IDO,89612,,NIFTY,,2029-06-26,2029-06-26,18000.00,CE,NIFTY29JUN18000CE,0.00,0.00,0.00,11678.65,0.00,11678.65,24231.85,9379.33,0,0,0,0.00,0,F1,65,,,,,
2026-08-20,2026-08-20,FO,NSE,IDO,89624,,NIFTY,,2029-06-26,2029-06-26,21000.00,CE,NIFTY29JUN21000CE,0.00,0.00,0.00,9799.75,0.00,9799.75,24231.85,7127.23,0,0,0,0.00,0,F1,65,,,,,
2026-08-20,2026-08-20,FO,NSE,IDO,89648,,NIFTY,,2029-06-26,2029-06-26,33000.00,CE,NIFTY29JUN33000CE,0.00,0.00,0.00,4179.45,0.00,4179.45,24231.85,1530.43,0,0,0,0.00,0,F1,65,,,,,
2026-08-20,2026-08-20,FO,NSE,IDO,55598,,NIFTY,,2029-12-24,2029-12-24,16500.00,CE,NIFTY29DEC16500CE,0.00,0.00,0.00,12984.85,0.00,12984.85,24231.85,11020.00,0,0,0,0.00,0,F1,65,,,,,
2026-08-20,2026-08-20,FO,NSE,IDO,55606,,NIFTY,,2029-12-24,2029-12-24,28500.00,CE,NIFTY29DEC28500CE,0.00,0.00,0.00,4802.10,0.00,4802.10,24231.85,3521.46,0,0,0,0.00,0,F1,65,,,,,
2026-08-20,2026-08-20,FO,NSE,IDO,60892,,NIFTY,,2030-06-25,2030-06-25,18000.00,CE,NIFTY30JUN18000CE,0.00,0.00,0.00,12423.90,0.00,12423.90,24231.85,10342.71,0,0,0,0.00,0,F1,65,,,,,
2026-08-20,2026-08-20,FO,NSE,IDO,55650,,NIFTY,,2030-06-25,2030-06-25,31500.00,CE,NIFTY30JUN31500CE,0.00,0.00,0.00,3984.80,0.00,3984.80,24231.85,2978.88,0,0,0,0.00,0,F1,65,,,,,
2026-08-20,2026-08-20,FO,NSE,IDO,55696,,NIFTY,,2030-12-31,2030-12-31,16500.00,CE,NIFTY30DEC16500CE,0.00,0.00,0.00,13763.55,0.00,13763.55,24231.85,11886.87,0,0,0,0.00,0,F1,65,,,,,
2026-08-20,2026-08-20,FO,NSE,IDO,55760,,NIFTY,,2030-12-31,2030-12-31,28500.00,CE,NIFTY30DEC28500CE,0.00,0.00,0.00,5968.30,0.00,5968.30,24231.85,4701.75,0,0,0,0.00,0,F1,65,,,,,
2026-08-20,2026-08-20,FO,NSE,IDO,74661,,NIFTY,,2031-06-24,2031-06-24,31500.00,CE,NIFTY31JUN31500CE,0.00,0.00,0.00,3928.35,0.00,3928.35,24231.85,4053.52,0,0,0,0.00,0,F1,65,,,,,
2026-08-20,2026-08-20,FO,NSE,IDO,61208,,NIFTY,,2026-08-25,2026-08-25,21450.00,PE,NIFTY26AUG21450PE,1.40,1.65,0.65,0.85,0.85,1.20,24231.85,0.85,34515,1755,1375,1917181987.50,767,F1,65,,,,,
2026-08-20,2026-08-20,FO,NSE,IDO,61343,,NIFTY,,2026-08-25,2026-08-25,21800.00,PE,NIFTY26AUG21800PE,3.00,3.00,0.70,0.95,0.90,1.35,24231.85,0.95,367510,256165,21676,30716455328.00,6710,F1,65,,,,,
2026-08-20,2026-08-20,FO,NSE,IDO,61365,,NIFTY,,2026-08-25,2026-08-25,22150.00,PE,NIFTY26AUG22150PE,3.00,3.00,1.10,1.25,1.30,2.30,24231.85,1.25,218270,65130,14287,20571112750.50,4676,F1,65,,,,,
2026-08-20,2026-08-20,FO,NSE,IDO,61446,,NIFTY,,2026-08-25,2026-08-25,23200.00,PE,NIFTY26AUG23200PE,2.95,3.75,1.75,2.25,2.55,3.65,24231.85,2.25,3482310,1262430,488718,737071796734.00,73225,F1,65,,,,,
2026-08-20,2026-08-20,FO,NSE,IDO,61492,,NIFTY,,2026-08-25,2026-08-25,23400.00,PE,NIFTY26AUG23400PE,5.00,5.00,2.40,2.90,3.05,5.10,24231.85,2.90,4199910,1674920,410590,624595811199.75,81665,F1,65,,,,,
2026-08-20,2026-08-20,FO,NSE,IDO,61514,,NIFTY,,2026-08-25,2026-08-25,23550.00,PE,NIFTY26AUG23550PE,7.30,8.05,2.95,3.35,3.95,7.90,24231.85,3.35,1617460,-91260,260138,398275710007.50,58060,F1,65,,,,,
2026-08-20,2026-08-20,FO,NSE,IDO,61733,,NIFTY,,2026-08-25,2026-08-25,24450.00,PE,NIFTY26AUG24450PE,245.00,252.30,151.00,189.25,191.45,354.20,24231.85,189.25,566670,124150,98792,158233355510.75,65223,F1,65,,,,,
2026-08-20,2026-08-20,FO,NSE,IDO,61914,,NIFTY,,2026-08-25,2026-08-25,25100.00,PE,NIFTY26AUG25100PE,861.00,861.00,750.00,802.75,812.20,984.75,24231.85,802.75,88140,-8385,272,457959489.00,210,F1,65,,,,,
2026-08-20,2026-08-20,FO,NSE,IDO,62056,,NIFTY,,2026-08-25,2026-08-25,26200.00,PE,NIFTY26AUG26200PE,1956.50,1956.50,1850.00,1892.00,1892.00,2083.00,24231.85,1892.00,43615,-195,6,10959276.25,6,F1,65,,,,,
2026-08-20,2026-08-20,FO,NSE,IDO,46908,,NIFTY,,2026-09-01,2026-09-01,22050.00,PE,NIFTY2690122050PE,4.50,4.50,2.65,3.00,2.95,4.15,24231.85,3.00,2535,455,72,103210669.25,63,F1,65,,,,,
2026-08-20,2026-08-20,FO,NSE,IDO,46910,,NIFTY,,2026-09-01,2026-09-01,22100.00,PE,NIFTY2690122100PE,5.00,5.30,2.80,3.25,3.75,4.35,24231.85,3.25,77480,12090,1325,1903673118.75,853,F1,65,,,,,
2026-08-20,2026-08-20,FO,NSE,IDO,46912,,NIFTY,,2026-09-01,2026-09-01,22150.00,PE,NIFTY2690122150PE,4.20,7.65,2.70,3.30,3.45,4.10,24231.85,3.30,3510,910,103,148321819.75,77,F1,65,,,,,
2026-08-20,2026-08-20,FO,NSE,IDO,46956,,NIFTY,,2026-09-01,2026-09-01,23250.00,PE,NIFTY2690123250PE,8.35,8.50,6.35,7.00,6.80,11.95,24231.85,7.00,158340,65585,3628,5484510599.75,2568,F1,65,,,,,
2026-08-20,2026-08-20,FO,NSE,IDO,46958,,NIFTY,,2026-09-01,2026-09-01,23300.00,PE,NIFTY2690123300PE,11.70,11.70,6.50,7.25,7.50,13.00,24231.85,7.25,433680,44850,19449,29465054853.00,11658,F1,65,,,,,
2026-08-20,2026-08-20,FO,NSE,IDO,46960,,NIFTY,,2026-09-01,2026-09-01,23350.00,PE,NIFTY2690123350PE,9.45,9.90,7.10,8.05,8.40,15.10,24231.85,8.05,25350,5265,1893,2874114217.00,1249,F1,65,,,,,
2026-08-20,2026-08-20,FO,NSE,IDO,46986,,NIFTY,,2026-09-01,2026-09-01,24000.00,PE,NIFTY2690124000PE,90.00,90.00,46.35,54.40,56.10,114.75,24231.85,54.40,1130545,258115,58859,92035861258.25,34399,F1,65,,,,,
2026-08-20,2026-08-20,FO,NSE,IDO,47004,,NIFTY,,2026-09-01,2026-09-01,24450.00,PE,NIFTY2690124450PE,274.70,274.75,199.95,230.75,233.10,362.35,24231.85,230.75,64480,-2145,1937,3107215397.00,1469,F1,65,,,,,
2026-08-20,2026-08-20,FO,NSE,IDO,47028,,NIFTY,,2026-09-01,2026-09-01,25050.00,PE,NIFTY2690125050PE,711.70,716.00,711.70,716.00,716.00,887.95,24231.85,823.43,715,-65,2,3349300.50,2,F1,65,,,,,
2026-08-20,2026-08-20,FO,NSE,IDO,47066,,NIFTY,,2026-09-01,2026-09-01,26000.00,PE,NIFTY2690126000PE,1670.00,1681.85,1670.00,1674.15,1681.85,1731.80,24231.85,1674.15,12285,9165,142,255429950.75,142,F1,65,,,,,
2026-08-20,2026-08-20,FO,NSE,IDO,47082,,NIFTY,,2026-09-01,2026-09-01,26400.00,PE,NIFTY2690126400PE,0.00,0.00,0.00,2081.00,0.00,2081.00,24231.85,2116.14,0,0,0,0.00,0,F1,65,,,,,
2026-08-20,2026-08-20,FO,NSE,IDO,47118,,NIFTY,,2026-09-01,2026-09-01,27150.00,PE,NIFTY2690127150PE,0.00,0.00,0.00,2789.80,0.00,2789.80,24231.85,2864.13,0,0,0,0.00,0,F1,65,,,,,
2026-08-20,2026-08-20,FO,NSE,IDO,57388,,NIFTY,,2026-09-22,2026-09-22,24200.00,PE,NIFTY2692224200PE,386.15,386.15,184.00,194.15,193.10,442.75,24231.85,194.15,1170,1170,24,38070782.75,16,F1,65,,,,,
2026-08-20,2026-08-20,FO,NSE,IDO,57252,,NIFTY,,2026-09-22,2026-09-22,24100.00,PE,NIFTY2692224100PE,182.15,182.30,143.75,156.85,156.85,232.15,24231.85,156.85,11050,910,77,121438424.25,66,F1,65,,,,,
2026-08-20,2026-08-20,FO,NSE,IDO,47420,,NIFTY,,2026-09-15,2026-09-15,25850.00,PE,NIFTY2691525850PE,0.00,0.00,0.00,1345.95,0.00,1345.95,24231.85,1548.58,0,0,0,0.00,0,F1,65,,,,,
2026-08-20,2026-08-20,FO,NSE,IDO,47362,,NIFTY,,2026-09-15,2026-09-15,24950.00,PE,NIFTY2691524950PE,0.00,0.00,0.00,689.20,0.00,689.20,24231.85,800.30,0,0,0,0.00,0,F1,65,,,,,
2026-08-20,2026-08-20,FO,NSE,IDO,47322,,NIFTY,,2026-09-15,2026-09-15,24050.00,PE,NIFTY2691524050PE,134.15,135.40,113.25,122.30,124.15,192.10,24231.85,122.30,2600,-390,47,73863601.50,38,F1,65,,,,,
2026-08-20,2026-08-20,FO,NSE,IDO,47316,,NIFTY,,2026-09-15,2026-09-15,23900.00,PE,NIFTY2691523900PE,99.40,99.45,76.15,85.75,85.50,142.65,24231.85,85.75,24440,18785,628,979296893.25,389,F1,65,,,,,
2026-08-20,2026-08-20,FO,NSE,IDO,47298,,NIFTY,,2026-09-15,2026-09-15,23500.00,PE,NIFTY2691523500PE,45.00,45.00,31.80,34.80,35.65,62.75,24231.85,34.80,47125,36530,1270,1942873299.25,892,F1,65,,,,,
2026-08-20,2026-08-20,FO,NSE,IDO,47280,,NIFTY,,2026-09-15,2026-09-15,23050.00,PE,NIFTY2691523050PE,0.00,0.00,0.00,58.25,0.00,58.25,24231.85,52.95,0,0,0,0.00,0,F1,65,,,,,
2026-08-20,2026-08-20,FO,NSE,IDO,42726,,NIFTY,,2026-09-08,2026-09-08,25650.00,PE,NIFTY2690825650PE,0.00,0.00,0.00,1079.40,0.00,1079.40,24231.85,1368.70,0,0,0,0.00,0,F1,65,,,,,
2026-08-20,2026-08-20,FO,NSE,IDO,42626,,NIFTY,,2026-09-08,2026-09-08,23650.00,PE,NIFTY2690823650PE,40.05,41.95,28.60,31.80,33.00,64.75,24231.85,31.80,29510,3835,468,720491924.75,301,F1,65,,,,,
2026-08-20,2026-08-20,FO,NSE,IDO,42590,,NIFTY,,2026-09-08,2026-09-08,22950.00,PE,NIFTY2690822950PE,13.45,13.45,7.90,8.30,8.05,13.45,24231.85,8.30,845,195,42,62679217.25,32,F1,65,,,,,
2026-08-20,2026-08-20,FO,NSE,IDO,42580,,NIFTY,,2026-09-08,2026-09-08,22700.00,PE,NIFTY2690822700PE,6.55,8.40,5.95,6.45,5.95,9.40,24231.85,6.45,13585,455,153,225823965.25,92,F1,65,,,,,
2026-08-20,2026-08-20,FO,NSE,IDO,42570,,NIFTY,,2026-09-08,2026-09-08,22450.00,PE,NIFTY2690822450PE,5.95,6.80,4.90,5.55,5.65,14.15,24231.85,5.55,1885,1885,168,245217732.50,75,F1,65,,,,,
2026-08-20,2026-08-20,FO,NSE,IDO,42568,,NIFTY,,2026-09-08,2026-09-08,22400.00,PE,NIFTY2690822400PE,6.35,6.90,4.70,5.65,5.55,7.25,24231.85,5.65,24505,21515,559,814111642.50,236,F1,65,,,,,
2026-08-20,2026-08-20,FO,NSE,IDO,55325,,NIFTY,,2026-12-29,2026-12-29,19500.00,PE,NIFTY26DEC19500PE,30.40,30.50,28.25,29.40,29.05,32.00,24231.85,29.40,136435,-3770,114,144712792.25,91,F1,65,,,,,
2026-08-20,2026-08-20,FO,NSE,IDO,51519,,NIFTY,,2026-10-27,2026-10-27,26700.00,PE,NIFTY26OCT26700PE,0.00,0.00,0.00,2458.10,0.00,2458.10,24231.85,2245.02,0,0,0,0.00,0,F1,65,,,,,
2026-08-20,2026-08-20,FO,NSE,IDO,51505,,NIFTY,,2026-10-27,2026-10-27,26350.00,PE,NIFTY26OCT26350PE,0.00,0.00,0.00,2163.00,0.00,2163.00,24231.85,1943.15,0,0,0,0.00,0,F1,65,,,,,
2026-08-20,2026-08-20,FO,NSE,IDO,51499,,NIFTY,,2026-10-27,2026-10-27,26200.00,PE,NIFTY26OCT26200PE,0.00,0.00,0.00,2040.50,0.00,2040.50,24231.85,1818.16,0,0,0,0.00,0,F1,65,,,,,
2026-08-20,2026-08-20,FO,NSE,IDO,51331,,NIFTY,,2026-10-27,2026-10-27,22500.00,PE,NIFTY26OCT22500PE,42.30,42.30,34.55,38.00,37.85,47.85,24231.85,38.00,383305,75400,3833,5615058949.50,1977,F1,65,,,,,
2026-08-20,2026-08-20,FO,NSE,IDO,74490,,NIFTY,,2026-09-29,2026-09-29,26700.00,PE,NIFTY26SEP26700PE,0.00,0.00,0.00,2560.85,0.00,2560.85,24231.85,2305.32,0,0,0,0.00,0,F1,65,,,,,
2026-08-20,2026-08-20,FO,NSE,IDO,74390,,NIFTY,,2026-09-29,2026-09-29,25350.00,PE,NIFTY26SEP25350PE,0.00,0.00,0.00,1010.00,1010.00,1010.00,24231.85,1128.16,65,0,0,0.00,0,F1,65,,,,,
2026-08-20,2026-08-20,FO,NSE,IDO,74371,,NIFTY,,2026-09-29,2026-09-29,25150.00,PE,NIFTY26SEP25150PE,841.10,841.10,760.00,762.00,762.00,659.95,24231.85,980.28,1430,130,9,15166788.00,5,F1,65,,,,,
2026-08-20,2026-08-20,FO,NSE,IDO,57857,,NIFTY,,2026-09-22,2026-09-22,25150.00,PE,NIFTY2692225150PE,0.00,0.00,0.00,1035.20,0.00,1035.20,24231.85,962.43,0,0,0,0.00,0,F1,65,,,,,
2026-08-20,2026-08-20,FO,NSE,IDO,65888,,NIFTY,,2026-09-29,2026-09-29,18000.00,PE,NIFTY26SEP18000PE,3.50,3.50,2.50,2.65,2.75,3.45,24231.85,2.65,1003405,3445,196,229355727.25,56,F1,65,,,,,
2026-08-20,2026-08-20,FO,NSE,IDO,73924,,NIFTY,,2026-09-29,2026-09-29,23300.00,PE,NIFTY26SEP23300PE,56.65,56.65,44.60,50.05,51.50,72.35,24231.85,50.05,673335,154115,13429,20381290647.25,7118,F1,65,,,,,
2026-08-20,2026-08-20,FO,NSE,IDO,74055,,NIFTY,,2026-09-29,2026-09-29,23850.00,PE,NIFTY26SEP23850PE,135.55,136.95,108.60,122.25,124.10,174.75,24231.85,122.25,44460,6630,515,802458598.50,430,F1,65,,,,,
2026-08-20,2026-08-20,FO,NSE,IDO,47333,,NIFTY,,2026-09-15,2026-09-15,24350.00,CE,NIFTY2691524350CE,230.05,262.25,229.15,240.65,242.25,184.30,24231.85,240.65,4810,650,49,78316520.75,47,F1,65,,,,,
2026-08-20,2026-08-20,FO,NSE,IDO,74113,,NIFTY,,2026-09-29,2026-09-29,24350.00,PE,NIFTY26SEP24350PE,309.85,313.00,250.45,275.45,278.65,370.85,24231.85,275.45,40820,3185,812,1300007998.25,587,F1,65,,,,,
2026-08-20,2026-08-20,FO,NSE,IDO,80275,,NIFTY,,2027-03-30,2027-03-30,25500.00,PE,NIFTY27MAR25500PE,980.10,989.00,925.00,951.50,952.60,1050.80,24231.85,951.50,175045,21775,597,1026553238.75,410,F1,65,,,,,
2026-08-20,2026-08-20,FO,NSE,IDO,55331,,NIFTY,,2026-12-29,2026-12-29,28500.00,PE,NIFTY26DEC28500PE,0.00,0.00,0.00,3320.25,3320.25,3320.25,24231.85,3697.41,130,0,0,0.00,0,F1,65,,,,,
2026-08-20,2026-08-20,FO,NSE,IDO,61530,,NIFTY,,2026-08-25,2026-08-25,23700.00,CE,NIFTY26AUG23700CE,514.00,656.45,514.00,597.75,594.40,432.35,24231.85,597.75,184795,-113360,5189,8189791119.25,3565,F1,65,,,,,
2026-08-20,2026-08-20,FO,NSE,IDO,61593,,NIFTY,,2026-08-25,2026-08-25,24000.00,CE,NIFTY26AUG24000CE,222.05,368.00,222.05,310.75,313.00,186.15,24231.85,310.75,6136000,-2165345,232134,366617735019.25,135914,F1,65,,,,,
2026-08-20,2026-08-20,FO,NSE,IDO,61772,,NIFTY,,2026-08-25,2026-08-25,24550.00,CE,NIFTY26AUG24550CE,15.05,26.60,13.35,14.40,15.30,13.00,24231.85,14.40,3028155,-410670,520828,831711103483.00,178577,F1,65,,,,,
2026-08-20,2026-08-20,FO,NSE,IDO,61501,,NIFTY,,2026-08-25,2026-08-25,23550.00,CE,NIFTY26AUG23550CE,683.25,803.05,683.25,746.75,739.35,576.95,24231.85,746.75,12220,-2275,129,203747300.25,84,F1,65,,,,,
2026-08-20,2026-08-20,FO,NSE,IDO,61459,,NIFTY,,2026-08-25,2026-08-25,23350.00,CE,NIFTY26AUG23350CE,747.75,950.00,747.75,950.00,950.00,769.85,24231.85,905.33,3055,-455,16,25211299.75,13,F1,65,,,,,
2026-08-20,2026-08-20,FO,NSE,IDO,61450,,NIFTY,,2026-08-25,2026-08-25,23250.00,CE,NIFTY26AUG23250CE,1020.00,1075.10,1020.00,1075.10,1075.10,863.90,24231.85,1003.35,2015,1105,23,36288024.50,8,F1,65,,,,,
2026-08-20,2026-08-20,FO,NSE,IDO,61344,,NIFTY,,2026-08-25,2026-08-25,21850.00,CE,NIFTY26AUG21850CE,0.00,0.00,0.00,2494.10,0.00,2494.10,24231.85,2399.98,0,0,0,0.00,0,F1,65,,,,,
2026-08-20,2026-08-20,FO,NSE,IDO,61350,,NIFTY,,2026-08-25,2026-08-25,21950.00,CE,NIFTY26AUG21950CE,0.00,0.00,0.00,2408.05,0.00,2408.05,24231.85,2300.06,0,0,0,0.00,0,F1,65,,,,,
2026-08-20,2026-08-20,FO,NSE,IDO,61411,,NIFTY,,2026-08-25,2026-08-25,22750.00,CE,NIFTY26AUG22750CE,1507.00,1568.35,1500.65,1568.35,1568.35,1372.05,24231.85,1500.78,455,-7475,127,200239354.25,127,F1,65,,,,,
2026-08-20,2026-08-20,FO,NSE,IDO,61436,,NIFTY,,2026-08-25,2026-08-25,23100.00,CE,NIFTY26AUG23100CE,1105.10,1234.45,1105.10,1221.50,1221.50,1016.60,24231.85,1151.82,4810,-325,18,28395090.75,15,F1,65,,,,,
2026-08-20,2026-08-20,FO,NSE,IDO,80310,,NIFTY,,2027-03-30,2027-03-30,30000.00,PE,NIFTY27MAR30000PE,4623.70,4623.70,4623.70,4623.70,4623.70,4605.00,24231.85,4732.97,3055,0,1,2250540.50,1,F1,65,,,,,
2026-08-20,2026-08-20,FO,NSE,IDO,80312,,NIFTY,,2027-03-30,2027-03-30,31500.00,PE,NIFTY27MAR31500PE,0.00,0.00,0.00,7066.15,0.00,7066.15,24231.85,6096.61,0,0,0,0.00,0,F1,65,,,,,
2026-08-20,2026-08-20,FO,NSE,IDO,71561,,NIFTY,,2027-06-29,2027-06-29,24000.00,PE,NIFTY27JUN24000PE,525.00,525.00,508.20,508.20,508.20,555.75,24231.85,777.10,18785,0,22,35048165.75,22,F1,65,,,,,
2026-08-20,2026-08-20,FO,NSE,IDO,55381,,NIFTY,,2027-06-29,2027-06-29,31500.00,PE,NIFTY27JUN31500PE,0.00,0.00,0.00,3604.70,0.00,3604.70,24231.85,5712.85,0,0,0,0.00,0,F1,65,,,,,
2026-08-20,2026-08-20,FO,NSE,IDO,53595,,NIFTY,,2027-12-28,2027-12-28,15000.00,PE,NIFTY27DEC15000PE,0.00,0.00,0.00,21.70,21.70,21.70,24231.85,1.41,755,0,0,0.00,0,F1,65,,,,,
2026-08-20,2026-08-20,FO,NSE,IDO,53617,,NIFTY,,2027-12-28,2027-12-28,22000.00,PE,NIFTY27DEC22000PE,338.90,338.90,320.00,322.00,323.95,350.40,24231.85,322.00,41835,800,30,43533187.75,26,F1,65,,,,,
2026-08-20,2026-08-20,FO,NSE,IDO,61775,,NIFTY,,2026-08-25,2026-08-25,24600.00,CE,NIFTY26AUG24600CE,13.55,17.95,8.50,9.25,9.80,10.15,24231.85,9.25,8231665,1201135,800828,1281153852933.50,239532,F1,65,,,,,
2026-08-20,2026-08-20,FO,NSE,IDO,61797,,NIFTY,,2026-08-25,2026-08-25,24750.00,CE,NIFTY26AUG24750CE,7.55,8.55,2.80,3.10,3.20,5.60,24231.85,3.10,2060825,-55250,328691,528877861872.75,82463,F1,65,,,,,
2026-08-20,2026-08-20,FO,NSE,IDO,61897,,NIFTY,,2026-08-25,2026-08-25,25000.00,CE,NIFTY26AUG25000CE,2.90,4.05,1.30,1.45,1.45,3.00,24231.85,1.45,11924120,-2670980,986702,1603520180453.75,151569,F1,65,,,,,
2026-08-20,2026-08-20,FO,NSE,IDO,61994,,NIFTY,,2026-08-25,2026-08-25,25750.00,CE,NIFTY26AUG25750CE,1.00,1.10,0.40,0.50,0.45,0.95,24231.85,0.50,707265,-4680,16626,27828354274.50,3042,F1,65,,,,,
2026-08-20,2026-08-20,FO,NSE,IDO,62170,,NIFTY,,2026-08-25,2026-08-25,26650.00,CE,NIFTY26AUG26650CE,0.70,0.85,0.40,0.50,0.40,0.70,24231.85,0.50,19695,-3900,663,1148506043.75,285,F1,65,,,,,
2026-08-20,2026-08-20,FO,NSE,IDO,62229,,NIFTY,,2026-08-25,2026-08-25,27000.00,CE,NIFTY26AUG27000CE,0.60,0.80,0.40,0.45,0.40,0.60,24231.85,0.45,167960,-49530,6837,11999138986.25,1402,F1,65,,,,,
2026-08-20,2026-08-20,FO,NSE,IDO,46925,,NIFTY,,2026-09-01,2026-09-01,22500.00,CE,NIFTY2690122500CE,0.00,0.00,0.00,2150.00,2150.00,2150.00,24231.85,1777.76,0,0,0,0.00,0,F1,65,,,,,
2026-08-20,2026-08-20,FO,NSE,IDO,46935,,NIFTY,,2026-09-01,2026-09-01,22750.00,CE,NIFTY2690122750CE,0.00,0.00,0.00,1672.80,0.00,1672.80,24231.85,1530.61,0,0,0,0.00,0,F1,65,,,,,
2026-08-20,2026-08-20,FO,NSE,IDO,46979,,NIFTY,,2026-09-01,2026-09-01,23850.00,CE,NIFTY2690123850CE,463.10,533.50,458.15,490.85,490.00,374.80,24231.85,490.85,3380,-2730,152,240361761.25,139,F1,65,,,,,
2026-08-20,2026-08-20,FO,NSE,IDO,47007,,NIFTY,,2026-09-01,2026-09-01,24550.00,CE,NIFTY2690124550CE,58.20,81.65,55.05,61.30,60.65,46.15,24231.85,61.30,200070,-63700,12750,20399022520.50,8949,F1,65,,,,,
2026-08-20,2026-08-20,FO,NSE,IDO,47035,,NIFTY,,2026-09-01,2026-09-01,25250.00,CE,NIFTY2690125250CE,13.80,13.80,3.05,3.50,3.50,227.15,24231.85,3.50,30420,30420,899,1475683267.50,583,F1,65,,,,,
2026-08-20,2026-08-20,FO,NSE,IDO,47067,,NIFTY,,2026-09-01,2026-09-01,26050.00,CE,NIFTY2690126050CE,1.15,1.65,0.90,1.25,1.65,1.65,24231.85,1.25,3705,-1040,64,108372897.75,41,F1,65,,,,,
2026-08-20,2026-08-20,FO,NSE,IDO,47083,,NIFTY,,2026-09-01,2026-09-01,26450.00,CE,NIFTY2690126450CE,0.00,0.00,0.00,1.55,1.55,1.55,24231.85,0.43,1625,0,0,0.00,0,F1,65,,,,,
2026-08-20,2026-08-20,FO,NSE,IDO,47114,,NIFTY,,2026-09-01,2026-09-01,27100.00,CE,NIFTY2690127100CE,1.00,1.35,0.70,0.70,0.70,1.10,24231.85,0.70,4745,1950,46,81032032.25,37,F1,65,,,,,
2026-08-20,2026-08-20,FO,NSE,IDO,86146,,NIFTY,,2028-06-27,2028-06-27,21000.00,PE,NIFTY28JUN21000PE,0.00,0.00,0.00,907.20,0.00,907.20,24231.85,272.37,0,0,0,0.00,0,F1,65,,,,,
2026-08-20,2026-08-20,FO,NSE,IDO,67771,,NIFTY,,2028-12-26,2028-12-26,18000.00,PE,NIFTY28DEC18000PE,0.00,0.00,0.00,250.00,250.00,250.00,24231.85,69.58,75,0,0,0.00,0,F1,65,,,,,
2026-08-20,2026-08-20,FO,NSE,IDO,67785,,NIFTY,,2028-12-26,2028-12-26,25000.00,PE,NIFTY28DEC25000PE,0.00,0.00,0.00,960.00,960.00,960.00,24231.85,1146.48,6075,0,0,0.00,0,F1,65,,,,,
2026-08-20,2026-08-20,FO,NSE,IDO,47199,,NIFTY,,2028-12-26,2028-12-26,33000.00,PE,NIFTY28DEC33000PE,0.00,0.00,0.00,3315.40,0.00,3315.40,24231.85,5135.01,0,0,0,0.00,0,F1,65,,,,,
2026-08-20,2026-08-20,FO,NSE,IDO,89625,,NIFTY,,2029-06-26,2029-06-26,21000.00,PE,NIFTY29JUN21000PE,0.00,0.00,0.00,320.25,0.00,320.25,24231.85,321.99,0,0,0,0.00,0,F1,65,,,,,
2026-08-20,2026-08-20,FO,NSE,IDO,55567,,NIFTY,,2029-06-26,2029-06-26,31500.00,PE,NIFTY29JUN31500PE,0.00,0.00,0.00,2443.35,0.00,2443.35,24231.85,3823.97,0,0,0,0.00,0,F1,65,,,,,
2026-08-20,2026-08-20,FO,NSE,IDO,55641,,NIFTY,,2030-06-25,2030-06-25,16500.00,PE,NIFTY30JUN16500PE,0.00,0.00,0.00,12.00,0.00,12.00,24231.85,50.20,0,0,0,0.00,0,F1,65,,,,,
2026-08-20,2026-08-20,FO,NSE,IDO,55643,,NIFTY,,2030-06-25,2030-06-25,19500.00,PE,NIFTY30JUN19500PE,0.00,0.00,0.00,64.95,0.00,64.95,24231.85,195.88,0,0,0,0.00,0,F1,65,,,,,
2026-08-20,2026-08-20,FO,NSE,IDO,60945,,NIFTY,,2030-06-25,2030-06-25,33000.00,PE,NIFTY30JUN33000PE,0.00,0.00,0.00,3143.90,0.00,3143.90,24231.85,3941.97,0,0,0,0.00,0,F1,65,,,,,
2026-08-20,2026-08-20,FO,NSE,IDO,57639,,NIFTY,,2026-09-22,2026-09-22,24550.00,PE,NIFTY2692224550PE,0.00,0.00,0.00,629.00,0.00,629.00,24231.85,568.89,0,0,0,0.00,0,F1,65,,,,,
2026-08-20,2026-08-20,FO,NSE,IDO,42595,,NIFTY,,2026-09-08,2026-09-08,23100.00,CE,NIFTY2690823100CE,0.00,0.00,0.00,1701.65,0.00,1701.65,24231.85,1239.58,0,0,0,0.00,0,F1,65,,,,,
2026-08-20,2026-08-20,FO,NSE,IDO,42663,,NIFTY,,2026-09-08,2026-09-08,24550.00,CE,NIFTY2690824550CE,103.95,127.40,99.45,106.05,107.60,81.30,24231.85,106.05,28275,11245,817,1309572390.75,666,F1,65,,,,,
2026-08-20,2026-08-20,FO,NSE,IDO,42711,,NIFTY,,2026-09-08,2026-09-08,25500.00,CE,NIFTY2690825500CE,0.00,0.00,0.00,230.65,0.00,230.65,24231.85,43.93,0,0,0,0.00,0,F1,65,,,,,
2026-08-20,2026-08-20,FO,NSE,IDO,42767,,NIFTY,,2026-09-08,2026-09-08,26350.00,CE,NIFTY2690826350CE,2.70,3.05,1.65,1.65,1.65,2.85,24231.85,1.65,3185,845,100,171292397.25,51,F1,65,,,,,
2026-08-20,2026-08-20,FO,NSE,IDO,47293,,NIFTY,,2026-09-15,2026-09-15,23400.00,CE,NIFTY2691523400CE,0.00,0.00,0.00,1312.70,0.00,1312.70,24231.85,1037.30,0,0,0,0.00,0,F1,65,,,,,
2026-08-20,2026-08-20,FO,NSE,IDO,47319,,NIFTY,,2026-09-15,2026-09-15,24000.00,CE,NIFTY2691524000CE,430.00,512.00,429.95,464.40,470.00,380.95,24231.85,464.40,28925,-8255,723,1149875311.00,478,F1,65,,,,,
2026-08-20,2026-08-20,FO,NSE,IDO,71504,,NIFTY,,2026-12-29,2026-12-29,25000.00,PE,NIFTY26DEC25000PE,722.05,725.70,663.95,694.10,698.00,784.55,24231.85,694.10,2085115,-13810,2615,4367944678.50,2120,F1,65,,,,,
2026-08-20,2026-08-20,FO,NSE,IDO,47439,,NIFTY,,2026-09-15,2026-09-15,26150.00,CE,NIFTY2691526150CE,2.75,3.45,2.75,3.45,3.45,4.20,24231.85,22.95,1235,520,9,15299488.75,5,F1,65,,,,,
2026-08-20,2026-08-20,FO,NSE,IDO,56863,,NIFTY,,2026-09-22,2026-09-22,22450.00,CE,NIFTY2692222450CE,0.00,0.00,0.00,1865.40,0.00,1865.40,24231.85,1936.67,0,0,0,0.00,0,F1,65,,,,,
2026-08-20,2026-08-20,FO,NSE,IDO,56865,,NIFTY,,2026-09-22,2026-09-22,22500.00,CE,NIFTY2692222500CE,0.00,0.00,0.00,1819.00,0.00,1819.00,24231.85,1889.56,0,0,0,0.00,0,F1,65,,,,,
2026-08-20,2026-08-20,FO,NSE,IDO,56903,,NIFTY,,2026-09-22,2026-09-22,22650.00,CE,NIFTY2692222650CE,0.00,0.00,0.00,1681.55,0.00,1681.55,24231.85,1749.80,0,0,0,0.00,0,F1,65,,,,,
2026-08-20,2026-08-20,FO,NSE,IDO,56935,,NIFTY,,2026-09-22,2026-09-22,22850.00,CE,NIFTY2692222850CE,0.00,0.00,0.00,1503.15,0.00,1503.15,24231.85,1567.79,0,0,0,0.00,0,F1,65,,,,,
2026-08-20,2026-08-20,FO,NSE,IDO,56949,,NIFTY,,2026-09-22,2026-09-22,23000.00,CE,NIFTY2692223000CE,0.00,0.00,0.00,1373.75,0.00,1373.75,24231.85,1435.25,0,0,0,0.00,0,F1,65,,,,,
2026-08-20,2026-08-20,FO,NSE,IDO,56967,,NIFTY,,2026-09-22,2026-09-22,23100.00,CE,NIFTY2692223100CE,0.00,0.00,0.00,1289.85,0.00,1289.85,24231.85,1349.09,0,0,0,0.00,0,F1,65,,,,,
2026-08-20,2026-08-20,FO,NSE,IDO,56978,,NIFTY,,2026-09-22,2026-09-22,23150.00,CE,NIFTY2692223150CE,0.00,0.00,0.00,1248.70,0.00,1248.70,24231.85,1306.74,0,0,0,0.00,0,F1,65,,,,,
2026-08-20,2026-08-20,FO,NSE,IDO,57082,,NIFTY,,2026-09-22,2026-09-22,23750.00,CE,NIFTY2692223750CE,0.00,0.00,0.00,802.85,0.00,802.85,24231.85,844.45,0,0,0,0.00,0,F1,65,,,,,
2026-08-20,2026-08-20,FO,NSE,IDO,57142,,NIFTY,,2026-09-22,2026-09-22,23950.00,CE,NIFTY2692223950CE,0.00,0.00,0.00,677.10,0.00,677.10,24231.85,712.83,0,0,0,0.00,0,F1,65,,,,,
2026-08-20,2026-08-20,FO,NSE,IDO,57783,,NIFTY,,2026-09-22,2026-09-22,24900.00,CE,NIFTY2692224900CE,0.00,0.00,0.00,252.05,0.00,252.05,24231.85,264.22,0,0,0,0.00,0,F1,65,,,,,
2026-08-20,2026-08-20,FO,NSE,IDO,57916,,NIFTY,,2026-09-22,2026-09-22,25450.00,CE,NIFTY2692225450CE,0.00,0.00,0.00,123.25,0.00,123.25,24231.85,127.82,0,0,0,0.00,0,F1,65,,,,,
2026-08-20,2026-08-20,FO,NSE,IDO,58012,,NIFTY,,2026-09-22,2026-09-22,25850.00,CE,NIFTY2692225850CE,0.00,0.00,0.00,68.30,0.00,68.30,24231.85,69.94,0,0,0,0.00,0,F1,65,,,,,
2026-08-20,2026-08-20,FO,NSE,IDO,73871,,NIFTY,,2026-09-29,2026-09-29,22150.00,CE,NIFTY26SEP22150CE,0.00,0.00,0.00,2200.35,0.00,2200.35,24231.85,2258.38,0,0,0,0.00,0,F1,65,,,,,
2026-08-20,2026-08-20,FO,NSE,IDO,73875,,NIFTY,,2026-09-29,2026-09-29,22250.00,CE,NIFTY26SEP22250CE,0.00,0.00,0.00,2117.80,0.00,2117.80,24231.85,2163.33,0,0,0,0.00,0,F1,65,,,,,
2026-08-20,2026-08-20,FO,NSE,IDO,73881,,NIFTY,,2026-09-29,2026-09-29,22400.00,CE,NIFTY26SEP22400CE,0.00,0.00,0.00,1741.40,1738.55,1741.40,24231.85,2022.31,195,0,0,0.00,0,F1,65,,,,,
2026-08-20,2026-08-20,FO,NSE,IDO,73921,,NIFTY,,2026-09-29,2026-09-29,23250.00,CE,NIFTY26SEP23250CE,0.00,0.00,0.00,1565.20,1565.20,1565.20,24231.85,1277.71,390,0,0,0.00,0,F1,65,,,,,
2026-08-20,2026-08-20,FO,NSE,IDO,73995,,NIFTY,,2026-09-29,2026-09-29,23550.00,CE,NIFTY26SEP23550CE,909.80,956.50,909.80,923.55,924.60,787.60,24231.85,923.55,1235,-325,12,19091822.75,12,F1,65,,,,,
2026-08-20,2026-08-20,FO,NSE,IDO,74045,,NIFTY,,2026-09-29,2026-09-29,23800.00,CE,NIFTY26SEP23800CE,688.10,755.00,680.50,710.95,707.40,607.90,24231.85,710.95,66040,-3380,319,508184573.00,257,F1,65,,,,,
2026-08-20,2026-08-20,FO,NSE,IDO,74368,,NIFTY,,2026-09-29,2026-09-29,25100.00,CE,NIFTY26SEP25100CE,60.05,70.65,57.35,62.70,62.00,54.70,24231.85,62.70,443560,37505,9670,15816219636.75,6038,F1,65,,,,,
2026-08-20,2026-08-20,FO,NSE,IDO,74463,,NIFTY,,2026-09-29,2026-09-29,26150.00,CE,NIFTY26SEP26150CE,0.00,0.00,0.00,215.05,0.00,215.05,24231.85,65.49,0,0,0,0.00,0,F1,65,,,,,
2026-08-20,2026-08-20,FO,NSE,IDO,55520,,NIFTY,,2028-12-26,2028-12-26,22500.00,CE,NIFTY28DEC22500CE,0.00,0.00,0.00,7382.90,0.00,7382.90,24231.85,5476.45,0,0,0,0.00,0,F1,65,,,,,
2026-08-20,2026-08-20,FO,NSE,IDO,62006,,NIFTY,,2029-12-24,2029-12-24,33000.00,CE,NIFTY29DEC33000CE,0.00,0.00,0.00,3816.05,0.00,3816.05,24231.85,2013.03,0,0,0,0.00,0,F1,65,,,,,
2026-08-20,2026-08-20,FO,NSE,IDO,55698,,NIFTY,,2030-12-31,2030-12-31,18000.00,CE,NIFTY30DEC18000CE,0.00,0.00,0.00,12674.15,0.00,12674.15,24231.85,10814.98,0,0,0,0.00,0,F1,65,,,,,
2026-08-20,2026-08-20,FO,NSE,IDO,61410,,NIFTY,,2026-08-25,2026-08-25,22700.00,PE,NIFTY26AUG22700PE,2.80,2.80,1.30,1.55,1.65,2.25,24231.85,1.55,1549405,734955,81245,119886494295.75,22729,F1,65,,,,,
2026-08-20,2026-08-20,FO,NSE,IDO,61423,,NIFTY,,2026-08-25,2026-08-25,22850.00,PE,NIFTY26AUG22850PE,2.70,3.05,1.45,1.80,1.95,2.60,24231.85,1.80,473005,277160,62538,92892835837.75,13712,F1,65,,,,,
2026-08-20,2026-08-20,FO,NSE,IDO,61866,,NIFTY,,2026-08-25,2026-08-25,24950.00,PE,NIFTY26AUG24950PE,702.00,702.00,600.00,655.75,663.25,834.80,24231.85,655.75,19760,-3575,242,403223746.25,97,F1,65,,,,,
2026-08-20,2026-08-20,FO,NSE,IDO,61934,,NIFTY,,2026-08-25,2026-08-25,25250.00,PE,NIFTY26AUG25250PE,984.70,993.80,924.30,933.00,933.00,1142.30,24231.85,1000.21,1625,65,8,13630012.50,8,F1,65,,,,,
2026-08-20,2026-08-20,FO,NSE,IDO,61980,,NIFTY,,2026-08-25,2026-08-25,25600.00,PE,NIFTY26AUG25600PE,1343.65,1343.65,1250.00,1308.45,1308.45,1509.55,24231.85,1347.24,14755,-1690,37,64708299.50,30,F1,65,,,,,
2026-08-20,2026-08-20,FO,NSE,IDO,46934,,NIFTY,,2026-09-01,2026-09-01,22700.00,PE,NIFTY2690122700PE,5.45,6.10,3.95,4.35,4.25,5.70,24231.85,4.35,130260,60190,14763,21787300024.75,7624,F1,65,,,,,
2026-08-20,2026-08-20,FO,NSE,IDO,46964,,NIFTY,,2026-09-01,2026-09-01,23450.00,PE,NIFTY2690123450PE,21.00,21.00,8.45,9.65,10.15,20.25,24231.85,9.65,129740,89245,6652,10143630929.25,3896,F1,65,,,,,
2026-08-20,2026-08-20,FO,NSE,IDO,46966,,NIFTY,,2026-09-01,2026-09-01,23500.00,PE,NIFTY2690123500PE,17.10,17.15,9.45,11.20,11.55,23.55,24231.85,11.20,1219530,-129545,42624,65139526468.25,20587,F1,65,,,,,
2026-08-20,2026-08-20,FO,NSE,IDO,46970,,NIFTY,,2026-09-01,2026-09-01,23600.00,PE,NIFTY2690123600PE,13.55,19.95,12.20,14.10,13.95,32.20,24231.85,14.10,889980,143910,30812,47295460121.00,16219,F1,65,,,,,
2026-08-20,2026-08-20,FO,NSE,IDO,47014,,NIFTY,,2026-09-01,2026-09-01,24700.00,PE,NIFTY2690124700PE,475.20,475.20,371.70,417.20,417.00,574.55,24231.85,417.20,73515,19175,1432,2338108357.00,1082,F1,65,,,,,
2026-08-20,2026-08-20,FO,NSE,IDO,47040,,NIFTY,,2026-09-01,2026-09-01,25350.00,PE,NIFTY2690125350PE,0.00,0.00,0.00,1180.85,1180.85,1180.85,24231.85,1091.69,65,0,0,0.00,0,F1,65,,,,,
2026-08-20,2026-08-20,FO,NSE,IDO,47052,,NIFTY,,2026-09-01,2026-09-01,25650.00,PE,NIFTY2690125650PE,0.00,0.00,0.00,1426.15,0.00,1426.15,24231.85,1376.42,0,0,0,0.00,0,F1,65,,,,,
2026-08-20,2026-08-20,FO,NSE,IDO,57962,,NIFTY,,2026-09-22,2026-09-22,25650.00,PE,NIFTY2692225650PE,0.00,0.00,0.00,1439.15,0.00,1439.15,24231.85,1362.24,0,0,0,0.00,0,F1,65,,,,,
2026-08-20,2026-08-20,FO,NSE,IDO,57757,,NIFTY,,2026-09-22,2026-09-22,24850.00,PE,NIFTY2692224850PE,0.00,0.00,0.00,818.90,0.00,818.90,24231.85,752.32,0,0,0,0.00,0,F1,65,,,,,
2026-08-20,2026-08-20,FO,NSE,IDO,57702,,NIFTY,,2026-09-22,2026-09-22,24650.00,PE,NIFTY2692224650PE,0.00,0.00,0.00,689.35,0.00,689.35,24231.85,626.90,0,0,0,0.00,0,F1,65,,,,,
2026-08-20,2026-08-20,FO,NSE,IDO,57680,,NIFTY,,2026-09-22,2026-09-22,24600.00,PE,NIFTY2692224600PE,0.00,0.00,0.00,658.80,0.00,658.80,24231.85,597.49,0,0,0,0.00,0,F1,65,,,,,
2026-08-20,2026-08-20,FO,NSE,IDO,57587,,NIFTY,,2026-09-22,2026-09-22,24450.00,PE,NIFTY2692224450PE,0.00,0.00,0.00,571.80,0.00,571.80,24231.85,514.12,0,0,0,0.00,0,F1,65,,,,,
2026-08-20,2026-08-20,FO,NSE,IDO,61389,,NIFTY,,2026-08-25,2026-08-25,22450.00,CE,NIFTY26AUG22450CE,0.00,0.00,0.00,2199.25,2199.25,2199.25,24231.85,1800.48,65,0,0,0.00,0,F1,65,,,,,
2026-08-20,2026-08-20,FO,NSE,IDO,57147,,NIFTY,,2026-09-22,2026-09-22,23950.00,PE,NIFTY2692223950PE,0.00,0.00,0.00,333.65,0.00,333.65,24231.85,289.78,0,0,0,0.00,0,F1,65,,,,,
2026-08-20,2026-08-20,FO,NSE,IDO,56996,,NIFTY,,2026-09-22,2026-09-22,23350.00,PE,NIFTY2692223350PE,0.00,0.00,0.00,149.80,0.00,149.80,24231.85,123.18,0,0,0,0.00,0,F1,65,,,,,
2026-08-20,2026-08-20,FO,NSE,IDO,56876,,NIFTY,,2026-09-22,2026-09-22,22550.00,PE,NIFTY2692222550PE,0.00,0.00,0.00,37.50,0.00,37.50,24231.85,27.91,0,0,0,0.00,0,F1,65,,,,,
2026-08-20,2026-08-20,FO,NSE,IDO,56874,,NIFTY,,2026-09-22,2026-09-22,22500.00,PE,NIFTY2692222500PE,12.00,13.60,12.00,13.15,12.75,33.95,24231.85,13.15,2665,2665,51,74630276.50,24,F1,65,,,,,
2026-08-20,2026-08-20,FO,NSE,IDO,47412,,NIFTY,,2026-09-15,2026-09-15,25750.00,PE,NIFTY2691525750PE,0.00,0.00,0.00,1263.75,0.00,1263.75,24231.85,1457.71,0,0,0,0.00,0,F1,65,,,,,
2026-08-20,2026-08-20,FO,NSE,IDO,47396,,NIFTY,,2026-09-15,2026-09-15,25600.00,PE,NIFTY2691525600PE,0.00,0.00,0.00,1144.25,0.00,1144.25,24231.85,1324.24,0,0,0,0.00,0,F1,65,,,,,
2026-08-20,2026-08-20,FO,NSE,IDO,47388,,NIFTY,,2026-09-15,2026-09-15,25450.00,PE,NIFTY2691525450PE,0.00,0.00,0.00,1030.55,0.00,1030.55,24231.85,1194.75,0,0,0,0.00,0,F1,65,,,,,
2026-08-20,2026-08-20,FO,NSE,IDO,47364,,NIFTY,,2026-09-15,2026-09-15,25000.00,PE,NIFTY2691525000PE,0.00,0.00,0.00,680.35,717.00,680.35,24231.85,836.67,65,0,0,0.00,0,F1,65,,,,,
2026-08-20,2026-08-20,FO,NSE,IDO,47343,,NIFTY,,2026-09-15,2026-09-15,24550.00,PE,NIFTY2691524550PE,0.00,0.00,0.00,292.05,292.05,292.05,24231.85,538.52,845,0,0,0.00,0,F1,65,,,,,
2026-08-20,2026-08-20,FO,NSE,IDO,47330,,NIFTY,,2026-09-15,2026-09-15,24250.00,PE,NIFTY2691524250PE,201.95,206.00,165.00,184.60,187.50,275.40,24231.85,184.60,6760,2600,331,525637872.50,203,F1,65,,,,,
2026-08-20,2026-08-20,FO,NSE,IDO,47286,,NIFTY,,2026-09-15,2026-09-15,23200.00,PE,NIFTY2691523200PE,0.00,0.00,0.00,75.80,0.00,75.80,24231.85,71.76,0,0,0,0.00,0,F1,65,,,,,
2026-08-20,2026-08-20,FO,NSE,IDO,47262,,NIFTY,,2026-09-15,2026-09-15,22600.00,PE,NIFTY2691522600PE,10.25,10.25,10.05,10.05,10.05,13.50,24231.85,18.95,650,0,9,13226918.25,5,F1,65,,,,,
2026-08-20,2026-08-20,FO,NSE,IDO,42734,,NIFTY,,2026-09-08,2026-09-08,25800.00,PE,NIFTY2690825800PE,0.00,0.00,0.00,1194.35,0.00,1194.35,24231.85,1508.86,0,0,0,0.00,0,F1,65,,,,,
2026-08-20,2026-08-20,FO,NSE,IDO,42674,,NIFTY,,2026-09-08,2026-09-08,24800.00,PE,NIFTY2690824800PE,465.00,504.80,460.00,504.65,504.50,679.40,24231.85,504.65,5135,65,19,31231976.75,15,F1,65,,,,,
2026-08-20,2026-08-20,FO,NSE,IDO,42666,,NIFTY,,2026-09-08,2026-09-08,24600.00,PE,NIFTY2690824600PE,380.15,389.15,323.95,355.65,357.55,493.10,24231.85,355.65,36400,1105,273,442849338.75,230,F1,65,,,,,
2026-08-20,2026-08-20,FO,NSE,IDO,57520,,NIFTY,,2026-09-22,2026-09-22,24400.00,PE,NIFTY2692224400PE,0.00,0.00,0.00,544.40,0.00,544.40,24231.85,487.97,0,0,0,0.00,0,F1,65,,,,,
2026-08-20,2026-08-20,FO,NSE,IDO,42652,,NIFTY,,2026-09-08,2026-09-08,24300.00,PE,NIFTY2690824300PE,215.25,215.90,158.60,182.35,184.80,288.10,24231.85,182.35,254410,158860,7112,11319445436.00,5222,F1,65,,,,,
2026-08-20,2026-08-20,FO,NSE,IDO,42596,,NIFTY,,2026-09-08,2026-09-08,23100.00,PE,NIFTY2690823100PE,12.55,13.35,9.15,10.00,10.25,18.50,24231.85,10.00,47450,12350,800,1201762614.00,523,F1,65,,,,,
2026-08-20,2026-08-20,FO,NSE,IDO,42578,,NIFTY,,2026-09-08,2026-09-08,22650.00,PE,NIFTY2690822650PE,7.15,7.30,6.35,6.35,6.35,8.95,24231.85,6.35,650,260,19,27981333.25,15,F1,65,,,,,
2026-08-20,2026-08-20,FO,NSE,IDO,47109,,NIFTY,,2026-09-01,2026-09-01,26950.00,PE,NIFTY2690126950PE,0.00,0.00,0.00,2597.50,0.00,2597.50,24231.85,2664.55,0,0,0,0.00,0,F1,65,,,,,
2026-08-20,2026-08-20,FO,NSE,IDO,47064,,NIFTY,,2026-09-01,2026-09-01,25950.00,PE,NIFTY2690125950PE,0.00,0.00,0.00,1679.00,0.00,1679.00,24231.85,1669.73,0,0,0,0.00,0,F1,65,,,,,
2026-08-20,2026-08-20,FO,NSE,IDO,47016,,NIFTY,,2026-09-01,2026-09-01,24750.00,PE,NIFTY2690124750PE,495.05,500.05,422.10,452.55,443.80,626.50,24231.85,452.55,1885,-520,39,63921819.00,38,F1,65,,,,,
2026-08-20,2026-08-20,FO,NSE,IDO,46978,,NIFTY,,2026-09-01,2026-09-01,23800.00,PE,NIFTY2690123800PE,40.00,40.00,22.75,26.10,27.60,60.65,24231.85,26.10,819195,195325,37576,58198560777.50,21934,F1,65,,,,,
2026-08-20,2026-08-20,FO,NSE,IDO,46962,,NIFTY,,2026-09-01,2026-09-01,23400.00,PE,NIFTY2690123400PE,14.50,14.50,7.70,8.65,8.60,17.40,24231.85,8.65,540540,214110,22977,34961353677.25,11820,F1,65,,,,,
2026-08-20,2026-08-20,FO,NSE,IDO,46950,,NIFTY,,2026-09-01,2026-09-01,23100.00,PE,NIFTY2690123100PE,6.95,7.00,5.30,5.80,5.75,8.75,24231.85,5.80,235690,117780,6543,9826861378.75,3825,F1,65,,,,,
2026-08-20,2026-08-20,FO,NSE,IDO,46936,,NIFTY,,2026-09-01,2026-09-01,22750.00,PE,NIFTY2690122750PE,5.20,5.90,3.95,4.40,4.85,5.95,24231.85,4.40,22490,12415,750,1109296162.00,547,F1,65,,,,,
2026-08-20,2026-08-20,FO,NSE,IDO,46916,,NIFTY,,2026-09-01,2026-09-01,22250.00,PE,NIFTY2690122250PE,3.05,4.05,2.70,3.35,3.35,4.35,24231.85,3.35,2665,65,43,62198474.00,40,F1,65,,,,,
2026-08-20,2026-08-20,FO,NSE,IDO,62196,,NIFTY,,2026-08-25,2026-08-25,26750.00,PE,NIFTY26AUG26750PE,0.00,0.00,0.00,2584.30,0.00,2584.30,24231.85,2495.95,0,0,0,0.00,0,F1,65,,,,,
2026-08-20,2026-08-20,FO,NSE,IDO,62171,,NIFTY,,2026-08-25,2026-08-25,26650.00,PE,NIFTY26AUG26650PE,0.00,0.00,0.00,2498.25,0.00,2498.25,24231.85,2396.04,0,0,0,0.00,0,F1,65,,,,,
2026-08-20,2026-08-20,FO,NSE,IDO,62126,,NIFTY,,2026-08-25,2026-08-25,26500.00,PE,NIFTY26AUG26500PE,2250.00,2250.00,2182.00,2182.50,2182.50,2372.00,24231.85,2246.16,5915,-325,10,18652192.00,9,F1,65,,,,,
2026-08-20,2026-08-20,FO,NSE,IDO,62059,,NIFTY,,2026-08-25,2026-08-25,26250.00,PE,NIFTY26AUG26250PE,0.00,0.00,0.00,2145.80,2145.80,2145.80,24231.85,1996.37,65,0,0,0.00,0,F1,65,,,,,
2026-08-20,2026-08-20,FO,NSE,IDO,61978,,NIFTY,,2026-08-25,2026-08-25,25550.00,PE,NIFTY26AUG25550PE,0.00,0.00,0.00,1080.00,1080.00,1080.00,24231.85,1297.42,5460,0,0,0.00,0,F1,65,,,,,
2026-08-20,2026-08-20,FO,NSE,IDO,61944,,NIFTY,,2026-08-25,2026-08-25,25300.00,PE,NIFTY26AUG25300PE,1061.65,1061.65,973.35,1004.55,1012.45,1191.00,24231.85,1004.55,72215,-9165,235,402361388.00,229,F1,65,,,,,
2026-08-20,2026-08-20,FO,NSE,IDO,61798,,NIFTY,,2026-08-25,2026-08-25,24750.00,PE,NIFTY26AUG24750PE,526.65,526.65,404.55,459.95,458.00,634.90,24231.85,459.95,95940,-17420,1901,3115302281.00,1688,F1,65,,,,,
2026-08-20,2026-08-20,FO,NSE,IDO,61417,,NIFTY,,2026-08-25,2026-08-25,22800.00,PE,NIFTY26AUG22800PE,2.75,2.85,1.45,1.75,1.75,2.35,24231.85,1.75,1661270,71435,172692,255951582909.75,31083,F1,65,,,,,
2026-08-20,2026-08-20,FO,NSE,IDO,61398,,NIFTY,,2026-08-25,2026-08-25,22500.00,PE,NIFTY26AUG22500PE,1.90,2.65,1.30,1.55,1.60,2.00,24231.85,1.55,4857450,935480,217683,318385521057.50,37443,F1,65,,,,,
2026-08-20,2026-08-20,FO,NSE,IDO,61379,,NIFTY,,2026-08-25,2026-08-25,22350.00,PE,NIFTY26AUG22350PE,2.20,2.55,1.20,1.45,1.55,2.25,24231.85,1.45,262080,99385,18180,26412999340.00,5082,F1,65,,,,,
2026-08-20,2026-08-20,FO,NSE,IDO,61355,,NIFTY,,2026-08-25,2026-08-25,22050.00,PE,NIFTY26AUG22050PE,1.60,2.30,0.90,1.20,1.10,1.65,24231.85,1.20,80405,52065,5718,8195849980.50,2625,F1,65,,,,,
2026-08-20,2026-08-20,FO,NSE,IDO,61176,,NIFTY,,2026-08-25,2026-08-25,21400.00,PE,NIFTY26AUG21400PE,1.70,1.70,0.60,0.75,0.70,0.85,24231.85,0.75,600665,15080,17808,24771905681.25,4528,F1,65,,,,,
2026-08-20,2026-08-20,FO,NSE,IDO,61172,,NIFTY,,2026-08-25,2026-08-25,21300.00,PE,NIFTY26AUG21300PE,0.95,1.45,0.55,0.70,0.95,0.75,24231.85,0.70,852995,-5135,12169,16848572975.00,3156,F1,65,,,,,
2026-08-20,2026-08-20,FO,NSE,IDO,55758,,NIFTY,,2030-12-31,2030-12-31,27000.00,CE,NIFTY30DEC27000CE,0.00,0.00,0.00,6772.80,0.00,6772.80,24231.85,5385.62,0,0,0,0.00,0,F1,65,,,,,
2026-08-20,2026-08-20,FO,NSE,IDO,55704,,NIFTY,,2030-12-31,2030-12-31,22500.00,CE,NIFTY30DEC22500CE,0.00,0.00,0.00,9536.95,0.00,9536.95,24231.85,7839.81,0,0,0,0.00,0,F1,65,,,,,
2026-08-20,2026-08-20,FO,NSE,IDO,60944,,NIFTY,,2030-06-25,2030-06-25,33000.00,CE,NIFTY30JUN33000CE,0.00,0.00,0.00,4416.45,0.00,4416.45,24231.85,2518.21,0,0,0,0.00,0,F1,65,,,,,
2026-08-20,2026-08-20,FO,NSE,IDO,60904,,NIFTY,,2030-06-25,2030-06-25,24000.00,CE,NIFTY30JUN24000CE,0.00,0.00,0.00,8591.55,0.00,8591.55,24231.85,6369.27,0,0,0,0.00,0,F1,65,,,,,
2026-08-20,2026-08-20,FO,NSE,IDO,67794,,NIFTY,,2028-12-26,2028-12-26,30000.00,CE,NIFTY28DEC30000CE,0.00,0.00,0.00,1221.00,1221.00,1221.00,24231.85,1819.51,11620,0,0,0.00,0,F1,65,,,,,
2026-08-20,2026-08-20,FO,NSE,IDO,55524,,NIFTY,,2028-12-26,2028-12-26,28500.00,CE,NIFTY28DEC28500CE,0.00,0.00,0.00,3608.65,0.00,3608.65,24231.85,2329.99,0,0,0,0.00,0,F1,65,,,,,
2026-08-20,2026-08-20,FO,NSE,IDO,67790,,NIFTY,,2028-12-26,2028-12-26,28000.00,CE,NIFTY28DEC28000CE,2042.00,2042.00,2042.00,2042.00,2042.00,2042.00,24231.85,2523.27,8265,-195,3,5858190.00,2,F1,65,,,,,
2026-08-20,2026-08-20,FO,NSE,IDO,55522,,NIFTY,,2028-12-26,2028-12-26,25500.00,CE,NIFTY28DEC25500CE,0.00,0.00,0.00,3800.00,3800.00,3800.00,24231.85,3675.93,0,0,0,0.00,0,F1,65,,,,,
2026-08-20,2026-08-20,FO,NSE,IDO,67782,,NIFTY,,2028-12-26,2028-12-26,24000.00,CE,NIFTY28DEC24000CE,0.00,0.00,0.00,4650.00,4650.00,4650.00,24231.85,4521.70,975,0,0,0.00,0,F1,65,,,,,
2026-08-20,2026-08-20,FO,NSE,IDO,67770,,NIFTY,,2028-12-26,2028-12-26,18000.00,CE,NIFTY28DEC18000CE,0.00,0.00,0.00,9380.30,0.00,9380.30,24231.85,8869.21,0,0,0,0.00,0,F1,65,,,,,
2026-08-20,2026-08-20,FO,NSE,IDO,53624,,NIFTY,,2027-12-28,2027-12-28,24000.00,CE,NIFTY27DEC24000CE,2865.15,2982.50,2865.15,2921.45,2914.30,2806.55,24231.85,2921.45,32305,3120,89,155711208.25,86,F1,65,,,,,
2026-08-20,2026-08-20,FO,NSE,IDO,35262,,NIFTY,,2027-06-29,2027-06-29,30000.00,CE,NIFTY27JUN30000CE,0.00,0.00,0.00,1478.40,0.00,1478.40,24231.85,307.11,0,0,0,0.00,0,F1,65,,,,,
2026-08-20,2026-08-20,FO,NSE,IDO,71505,,NIFTY,,2026-12-29,2026-12-29,26000.00,CE,NIFTY26DEC26000CE,199.95,206.10,192.00,194.85,194.75,183.70,24231.85,194.85,3145120,156425,7522,12808688451.00,5446,F1,65,,,,,
2026-08-20,2026-08-20,FO,NSE,IDO,71503,,NIFTY,,2026-12-29,2026-12-29,25000.00,CE,NIFTY26DEC25000CE,528.95,558.75,524.25,535.85,535.50,493.90,24231.85,535.85,2211585,-27760,3845,6382530956.75,2793,F1,65,,,,,
2026-08-20,2026-08-20,FO,NSE,IDO,51518,,NIFTY,,2026-10-27,2026-10-27,26700.00,CE,NIFTY26OCT26700CE,0.00,0.00,0.00,85.60,85.60,85.60,24231.85,100.21,65,0,0,0.00,0,F1,65,,,,,
2026-08-20,2026-08-20,FO,NSE,IDO,51494,,NIFTY,,2026-10-27,2026-10-27,26100.00,CE,NIFTY26OCT26100CE,0.00,0.00,0.00,237.65,0.00,237.65,24231.85,184.41,0,0,0,0.00,0,F1,65,,,,,
2026-08-20,2026-08-20,FO,NSE,IDO,51482,,NIFTY,,2026-10-27,2026-10-27,25800.00,CE,NIFTY26OCT25800CE,0.00,0.00,0.00,301.05,0.00,301.05,24231.85,244.45,0,0,0,0.00,0,F1,65,,,,,
2026-08-20,2026-08-20,FO,NSE,IDO,51472,,NIFTY,,2026-10-27,2026-10-27,25600.00,CE,NIFTY26OCT25600CE,72.20,74.90,66.65,71.35,71.80,63.50,24231.85,71.35,183820,19630,827,1379909761.75,584,F1,65,,,,,
2026-08-20,2026-08-20,FO,NSE,IDO,51468,,NIFTY,,2026-10-27,2026-10-27,25500.00,CE,NIFTY26OCT25500CE,89.95,92.35,81.95,86.90,86.15,76.00,24231.85,86.90,866255,105755,6294,10467270966.75,3813,F1,65,,,,,
2026-08-20,2026-08-20,FO,NSE,IDO,51452,,NIFTY,,2026-10-27,2026-10-27,25300.00,CE,NIFTY26OCT25300CE,0.00,0.00,0.00,432.40,0.00,432.40,24231.85,377.82,0,0,0,0.00,0,F1,65,,,,,
2026-08-20,2026-08-20,FO,NSE,IDO,51444,,NIFTY,,2026-10-27,2026-10-27,25100.00,CE,NIFTY26OCT25100CE,176.50,190.00,168.50,177.50,177.50,152.45,24231.85,177.50,109590,8905,944,1551084752.75,642,F1,65,,,,,
2026-08-20,2026-08-20,FO,NSE,IDO,51390,,NIFTY,,2026-10-27,2026-10-27,23950.00,CE,NIFTY26OCT23950CE,0.00,0.00,0.00,1007.10,0.00,1007.10,24231.85,998.63,0,0,0,0.00,0,F1,65,,,,,
2026-08-20,2026-08-20,FO,NSE,IDO,51332,,NIFTY,,2026-10-27,2026-10-27,22550.00,CE,NIFTY26OCT22550CE,0.00,0.00,0.00,1962.00,0.00,1962.00,24231.85,2048.95,0,0,0,0.00,0,F1,65,,,,,
2026-08-20,2026-08-20,FO,NSE,IDO,65923,,NIFTY,,2026-09-29,2026-09-29,30000.00,CE,NIFTY26SEP30000CE,1.80,1.90,1.60,1.65,1.60,1.90,24231.85,1.65,315275,1430,62,120906727.50,24,F1,65,,,,,
2026-08-20,2026-08-20,FO,NSE,IDO,74491,,NIFTY,,2026-09-29,2026-09-29,26750.00,CE,NIFTY26SEP26750CE,4.30,4.95,3.65,3.75,3.75,6.20,24231.85,25.64,975,-325,89,154773498.75,65,F1,65,,,,,
2026-08-20,2026-08-20,FO,NSE,IDO,74479,,NIFTY,,2026-09-29,2026-09-29,26450.00,CE,NIFTY26SEP26450CE,0.00,0.00,0.00,168.30,0.00,168.30,24231.85,41.57,0,0,0,0.00,0,F1,65,,,,,
2026-08-20,2026-08-20,FO,NSE,IDO,74438,,NIFTY,,2026-09-29,2026-09-29,26050.00,CE,NIFTY26SEP26050CE,0.00,0.00,0.00,232.80,0.00,232.80,24231.85,75.71,0,0,0,0.00,0,F1,65,,,,,
2026-08-20,2026-08-20,FO,NSE,IDO,74426,,NIFTY,,2026-09-29,2026-09-29,25900.00,CE,NIFTY26SEP25900CE,0.00,0.00,0.00,261.75,0.00,261.75,24231.85,93.54,0,0,0,0.00,0,F1,65,,,,,
2026-08-20,2026-08-20,FO,NSE,IDO,74416,,NIFTY,,2026-09-29,2026-09-29,25700.00,CE,NIFTY26SEP25700CE,18.00,19.00,12.95,15.00,15.65,16.90,24231.85,15.00,330265,57135,5963,9966755519.50,3542,F1,65,,,,,
2026-08-20,2026-08-20,FO,NSE,IDO,74397,,NIFTY,,2026-09-29,2026-09-29,25550.00,CE,NIFTY26SEP25550CE,22.70,22.85,17.45,20.95,21.10,21.50,24231.85,20.95,35685,-4160,456,757899493.00,332,F1,65,,,,,
2026-08-20,2026-08-20,FO,NSE,IDO,74395,,NIFTY,,2026-09-29,2026-09-29,25450.00,CE,NIFTY26SEP25450CE,30.70,30.75,22.95,25.70,26.65,25.95,24231.85,25.70,36790,3380,455,753441344.50,371,F1,65,,,,,
2026-08-20,2026-08-20,FO,NSE,IDO,74365,,NIFTY,,2026-09-29,2026-09-29,25000.00,CE,NIFTY26SEP25000CE,84.95,92.55,75.20,82.60,83.30,69.25,24231.85,82.60,4062500,444210,49344,80447560440.00,29469,F1,65,,,,,
2026-08-20,2026-08-20,FO,NSE,IDO,74355,,NIFTY,,2026-09-29,2026-09-29,24750.00,CE,NIFTY26SEP24750CE,146.90,164.80,138.75,150.70,150.55,121.95,24231.85,150.70,75985,2145,539,872346744.75,403,F1,65,,,,,
2026-08-20,2026-08-20,FO,NSE,IDO,74351,,NIFTY,,2026-09-29,2026-09-29,24650.00,CE,NIFTY26SEP24650CE,185.20,208.25,174.45,188.80,188.00,151.45,24231.85,188.80,60905,-2405,614,991330551.25,448,F1,65,,,,,
2026-08-20,2026-08-20,FO,NSE,IDO,74289,,NIFTY,,2026-09-29,2026-09-29,24600.00,CE,NIFTY26SEP24600CE,190.10,232.20,190.10,209.55,209.50,168.65,24231.85,209.55,605345,8515,6837,11024306413.25,4571,F1,65,,,,,
2026-08-20,2026-08-20,FO,NSE,IDO,74112,,NIFTY,,2026-09-29,2026-09-29,24350.00,CE,NIFTY26SEP24350CE,318.95,363.60,314.00,334.10,334.80,272.05,24231.85,334.10,44590,13650,802,1286477250.50,598,F1,65,,,,,
2026-08-20,2026-08-20,FO,NSE,IDO,73908,,NIFTY,,2026-09-29,2026-09-29,23150.00,CE,NIFTY26SEP23150CE,0.00,0.00,0.00,1642.85,1642.85,1642.85,24231.85,1358.95,325,0,0,0.00,0,F1,65,,,,,
2026-08-20,2026-08-20,FO,NSE,IDO,73891,,NIFTY,,2026-09-29,2026-09-29,22700.00,CE,NIFTY26SEP22700CE,1715.25,1715.25,1715.25,1715.25,1715.25,1580.85,24231.85,1747.27,585,65,1,1586991.25,1,F1,65,,,,,
2026-08-20,2026-08-20,FO,NSE,IDO,73885,,NIFTY,,2026-09-29,2026-09-29,22550.00,CE,NIFTY26SEP22550CE,0.00,0.00,0.00,1749.20,1749.20,1749.20,24231.85,1883.48,130,0,0,0.00,0,F1,65,,,,,
2026-08-20,2026-08-20,FO,NSE,IDO,73883,,NIFTY,,2026-09-29,2026-09-29,22450.00,CE,NIFTY26SEP22450CE,0.00,0.00,0.00,1843.95,1843.95,1843.95,24231.85,1975.77,65,0,0,0.00,0,F1,65,,,,,
2026-08-20,2026-08-20,FO,NSE,IDO,73865,,NIFTY,,2026-09-29,2026-09-29,22000.00,CE,NIFTY26SEP22000CE,2356.25,2441.40,2350.75,2386.25,2383.15,2235.15,24231.85,2386.25,183950,18460,563,892200302.50,457,F1,65,,,,,
2026-08-20,2026-08-20,FO,NSE,IDO,73854,,NIFTY,,2026-09-29,2026-09-29,21850.00,CE,NIFTY26SEP21850CE,0.00,0.00,0.00,2455.30,0.00,2455.30,24231.85,2547.33,0,0,0,0.00,0,F1,65,,,,,
2026-08-20,2026-08-20,FO,NSE,IDO,57927,,NIFTY,,2026-09-22,2026-09-22,25550.00,CE,NIFTY2692225550CE,0.00,0.00,0.00,106.95,0.00,106.95,24231.85,110.59,0,0,0,0.00,0,F1,65,,,,,
2026-08-20,2026-08-20,FO,NSE,IDO,57920,,NIFTY,,2026-09-22,2026-09-22,25500.00,CE,NIFTY2692225500CE,0.00,0.00,0.00,114.90,0.00,114.90,24231.85,118.95,0,0,0,0.00,0,F1,65,,,,,
2026-08-20,2026-08-20,FO,NSE,IDO,57007,,NIFTY,,2026-09-22,2026-09-22,23500.00,CE,NIFTY2692223500CE,0.00,0.00,0.00,815.80,815.80,815.80,24231.85,1025.87,65,0,0,0.00,0,F1,65,,,,,
2026-08-20,2026-08-20,FO,NSE,IDO,47429,,NIFTY,,2026-09-15,2026-09-15,26000.00,CE,NIFTY2691526000CE,6.00,6.00,3.65,4.55,4.25,5.40,24231.85,4.55,8060,5850,255,431023346.00,130,F1,65,,,,,
2026-08-20,2026-08-20,FO,NSE,IDO,47393,,NIFTY,,2026-09-15,2026-09-15,25550.00,CE,NIFTY2691525550CE,0.00,0.00,0.00,175.20,0.00,175.20,24231.85,72.50,0,0,0,0.00,0,F1,65,,,,,
2026-08-20,2026-08-20,FO,NSE,IDO,47369,,NIFTY,,2026-09-15,2026-09-15,25150.00,CE,NIFTY2691525150CE,0.00,0.00,0.00,284.50,0.00,284.50,24231.85,140.55,0,0,0,0.00,0,F1,65,,,,,
2026-08-20,2026-08-20,FO,NSE,IDO,47359,,NIFTY,,2026-09-15,2026-09-15,24900.00,CE,NIFTY2691524900CE,0.00,0.00,0.00,375.05,0.00,375.05,24231.85,203.79,0,0,0,0.00,0,F1,65,,,,,
2026-08-20,2026-08-20,FO,NSE,IDO,47347,,NIFTY,,2026-09-15,2026-09-15,24650.00,CE,NIFTY2691524650CE,115.95,130.35,105.50,111.45,114.00,87.70,24231.85,111.45,14625,5200,293,471633366.75,206,F1,65,,,,,
2026-08-20,2026-08-20,FO,NSE,IDO,47345,,NIFTY,,2026-09-15,2026-09-15,24600.00,CE,NIFTY2691524600CE,131.95,149.15,118.90,127.15,128.00,100.60,24231.85,127.15,61620,36465,1035,1663769565.25,770,F1,65,,,,,
2026-08-20,2026-08-20,FO,NSE,IDO,47321,,NIFTY,,2026-09-15,2026-09-15,24050.00,CE,NIFTY2691524050CE,400.00,461.10,400.00,417.45,417.45,347.90,24231.85,417.45,3705,-5980,160,254633167.75,95,F1,65,,,,,
2026-08-20,2026-08-20,FO,NSE,IDO,47281,,NIFTY,,2026-09-15,2026-09-15,23100.00,CE,NIFTY2691523100CE,0.00,0.00,0.00,1569.25,0.00,1569.25,24231.85,1290.06,0,0,0,0.00,0,F1,65,,,,,
2026-08-20,2026-08-20,FO,NSE,IDO,47261,,NIFTY,,2026-09-15,2026-09-15,22600.00,CE,NIFTY2691522600CE,0.00,0.00,0.00,2026.95,0.00,2026.95,24231.85,1748.14,0,0,0,0.00,0,F1,65,,,,,
2026-08-20,2026-08-20,FO,NSE,IDO,42759,,NIFTY,,2026-09-08,2026-09-08,26150.00,CE,NIFTY2690826150CE,3.95,3.95,2.40,2.40,2.40,3.85,24231.85,8.98,1040,0,6,10199735.00,5,F1,65,,,,,
2026-08-20,2026-08-20,FO,NSE,IDO,42707,,NIFTY,,2026-09-08,2026-09-08,25400.00,CE,NIFTY2690825400CE,0.00,0.00,0.00,259.40,0.00,259.40,24231.85,54.52,0,0,0,0.00,0,F1,65,,,,,
2026-08-20,2026-08-20,FO,NSE,IDO,42641,,NIFTY,,2026-09-08,2026-09-08,24050.00,CE,NIFTY2690824050CE,364.95,414.15,353.50,372.85,372.85,297.30,24231.85,372.85,10205,-4030,255,404730586.00,216,F1,65,,,,,
2026-08-20,2026-08-20,FO,NSE,IDO,42593,,NIFTY,,2026-09-08,2026-09-08,23050.00,CE,NIFTY2690823050CE,0.00,0.00,0.00,1746.80,0.00,1746.80,24231.85,1285.20,0,0,0,0.00,0,F1,65,,,,,
2026-08-20,2026-08-20,FO,NSE,IDO,42583,,NIFTY,,2026-09-08,2026-09-08,22800.00,CE,NIFTY2690822800CE,0.00,0.00,0.00,1977.10,0.00,1977.10,24231.85,1519.13,0,0,0,0.00,0,F1,65,,,,,
2026-08-20,2026-08-20,FO,NSE,IDO,47094,,NIFTY,,2026-09-01,2026-09-01,26650.00,CE,NIFTY2690126650CE,0.00,0.00,0.00,1.60,1.60,1.60,24231.85,0.17,1495,0,0,0.00,0,F1,65,,,,,
2026-08-20,2026-08-20,FO,NSE,IDO,47065,,NIFTY,,2026-09-01,2026-09-01,26000.00,CE,NIFTY2690126000CE,2.15,2.40,1.00,1.60,2.25,1.70,24231.85,1.60,395330,137020,8248,13939844174.75,2699,F1,65,,,,,
2026-08-20,2026-08-20,FO,NSE,IDO,47059,,NIFTY,,2026-09-01,2026-09-01,25850.00,CE,NIFTY2690125850CE,1.90,2.10,0.65,1.45,1.90,2.05,24231.85,1.45,18720,1105,243,408322820.75,168,F1,65,,,,,
2026-08-20,2026-08-20,FO,NSE,IDO,47045,,NIFTY,,2026-09-01,2026-09-01,25500.00,CE,NIFTY2690125500CE,3.70,4.10,1.95,2.40,2.20,3.05,24231.85,2.40,566605,148135,12782,21188078934.75,5073,F1,65,,,,,
2026-08-20,2026-08-20,FO,NSE,IDO,47033,,NIFTY,,2026-09-01,2026-09-01,25200.00,CE,NIFTY2690125200CE,6.45,6.80,3.50,4.00,3.50,5.10,24231.85,4.00,529945,-60580,22913,37537576859.25,11772,F1,65,,,,,
2026-08-20,2026-08-20,FO,NSE,IDO,46967,,NIFTY,,2026-09-01,2026-09-01,23550.00,CE,NIFTY2690123550CE,734.35,804.50,734.35,784.85,784.85,647.80,24231.85,784.66,585,-65,9,14216930.00,9,F1,65,,,,,
2026-08-20,2026-08-20,FO,NSE,IDO,46955,,NIFTY,,2026-09-01,2026-09-01,23250.00,CE,NIFTY2690123250CE,0.00,0.00,0.00,1259.15,0.00,1259.15,24231.85,1050.73,0,0,0,0.00,0,F1,65,,,,,
2026-08-20,2026-08-20,FO,NSE,IDO,46947,,NIFTY,,2026-09-01,2026-09-01,23050.00,CE,NIFTY2690123050CE,0.00,0.00,0.00,1109.40,1109.40,1109.40,24231.85,1239.04,0,0,0,0.00,0,F1,65,,,,,
2026-08-20,2026-08-20,FO,NSE,IDO,62125,,NIFTY,,2026-08-25,2026-08-25,26500.00,CE,NIFTY26AUG26500CE,0.65,0.80,0.40,0.50,0.40,0.65,24231.85,0.50,235495,-80990,6490,11179239880.25,1737,F1,65,,,,,
2026-08-20,2026-08-20,FO,NSE,IDO,62101,,NIFTY,,2026-08-25,2026-08-25,26350.00,CE,NIFTY26AUG26350CE,1.25,1.25,0.40,0.45,0.40,0.75,24231.85,0.45,25025,-1690,490,839267614.25,153,F1,65,,,,,
2026-08-20,2026-08-20,FO,NSE,IDO,62038,,NIFTY,,2026-08-25,2026-08-25,26000.00,CE,NIFTY26AUG26000CE,0.75,1.05,0.40,0.45,0.45,0.80,24231.85,0.45,6371625,-1506635,174559,295010743423.50,24433,F1,65,,,,,
2026-08-20,2026-08-20,FO,NSE,IDO,61931,,NIFTY,,2026-08-25,2026-08-25,25250.00,CE,NIFTY26AUG25250CE,1.95,2.50,0.75,0.80,0.80,1.95,24231.85,0.80,890630,-1251705,114504,187939247739.75,29848,F1,65,,,,,
2026-08-20,2026-08-20,FO,NSE,IDO,46990,,NIFTY,,2026-09-01,2026-09-01,24100.00,PE,NIFTY2690124100PE,110.00,110.00,66.00,77.30,79.10,153.60,24231.85,77.30,577395,95355,39593,62233822170.00,25115,F1,65,,,,,
2026-08-20,2026-08-20,FO,NSE,IDO,46974,,NIFTY,,2026-09-01,2026-09-01,23700.00,PE,NIFTY2690123700PE,27.85,27.85,16.30,18.80,19.40,44.05,24231.85,18.80,1079260,487565,44651,68842145251.75,24898,F1,65,,,,,
2026-08-20,2026-08-20,FO,NSE,IDO,46940,,NIFTY,,2026-09-01,2026-09-01,22850.00,PE,NIFTY2690122850PE,5.50,5.75,4.15,4.95,5.25,6.45,24231.85,4.95,15795,1040,354,525891931.50,249,F1,65,,,,,
2026-08-20,2026-08-20,FO,NSE,IDO,46926,,NIFTY,,2026-09-01,2026-09-01,22500.00,PE,NIFTY2690122500PE,4.85,5.35,3.65,4.10,4.60,4.95,24231.85,4.10,1267955,573820,28628,41876553566.25,12165,F1,65,,,,,
2026-08-20,2026-08-20,FO,NSE,IDO,62168,,NIFTY,,2026-08-25,2026-08-25,26600.00,PE,NIFTY26AUG26600PE,0.00,0.00,0.00,2455.55,0.00,2455.55,24231.85,2346.08,0,0,0,0.00,0,F1,65,,,,,
2026-08-20,2026-08-20,FO,NSE,IDO,62136,,NIFTY,,2026-08-25,2026-08-25,26550.00,PE,NIFTY26AUG26550PE,0.00,0.00,0.00,2413.10,0.00,2413.10,24231.85,2296.12,0,0,0,0.00,0,F1,65,,,,,
2026-08-20,2026-08-20,FO,NSE,IDO,62052,,NIFTY,,2026-08-25,2026-08-25,26100.00,PE,NIFTY26AUG26100PE,1840.85,1842.00,1779.95,1821.80,1821.80,1990.75,24231.85,1846.50,25610,-1235,37,67165774.00,18,F1,65,,,,,
2026-08-20,2026-08-20,FO,NSE,IDO,61859,,NIFTY,,2026-08-25,2026-08-25,24900.00,PE,NIFTY26AUG24900PE,664.00,664.00,553.20,606.45,608.50,785.00,24231.85,606.45,150150,-43875,1995,3309873973.25,1467,F1,65,,,,,
2026-08-20,2026-08-20,FO,NSE,IDO,61670,,NIFTY,,2026-08-25,2026-08-25,24200.00,PE,NIFTY26AUG24200PE,94.95,94.95,45.25,56.35,58.00,163.25,24231.85,56.35,13288990,6918145,3030619,4779322441487.75,1178161,F1,65,,,,,
2026-08-20,2026-08-20,FO,NSE,IDO,61604,,NIFTY,,2026-08-25,2026-08-25,24000.00,PE,NIFTY26AUG24000PE,38.70,38.70,16.40,18.40,19.20,69.50,24231.85,18.40,16347890,2678780,1144062,1786257859441.25,357750,F1,65,,,,,
2026-08-20,2026-08-20,FO,NSE,IDO,61500,,NIFTY,,2026-08-25,2026-08-25,23500.00,PE,NIFTY26AUG23500PE,5.50,5.50,2.80,3.25,3.50,6.90,24231.85,3.25,9567285,1130805,699983,1069400828596.75,146851,F1,65,,,,,
2026-08-20,2026-08-20,FO,NSE,IDO,61498,,NIFTY,,2026-08-25,2026-08-25,23450.00,PE,NIFTY26AUG23450PE,4.00,4.65,2.55,3.00,3.25,5.80,24231.85,3.00,1175590,167960,241017,367426776684.50,55244,F1,65,,,,,
2026-08-20,2026-08-20,FO,NSE,IDO,61381,,NIFTY,,2026-08-25,2026-08-25,22400.00,PE,NIFTY26AUG22400PE,2.20,2.50,1.15,1.45,1.45,2.30,24231.85,1.45,380120,4680,30624,44591882250.50,9029,F1,65,,,,,
2026-08-20,2026-08-20,FO,NSE,IDO,74647,,NIFTY,,2031-06-24,2031-06-24,22500.00,CE,NIFTY31JUN22500CE,0.00,0.00,0.00,8012.75,0.00,8012.75,24231.85,8346.32,0,0,0,0.00,0,F1,65,,,,,
2026-08-20,2026-08-20,FO,NSE,IDO,61154,,NIFTY,,2026-08-25,2026-08-25,21250.00,CE,NIFTY26AUG21250CE,0.00,0.00,0.00,2971.00,2971.00,2971.00,24231.85,2999.48,65,0,0,0.00,0,F1,65,,,,,
2026-08-20,2026-08-20,FO,NSE,IDO,46976,,NIFTY,,2026-09-01,2026-09-01,23750.00,PE,NIFTY2690123750PE,27.35,28.60,19.20,22.20,23.60,52.25,24231.85,22.20,187265,130325,7584,11718795647.00,5139,F1,65,,,,,
2026-08-20,2026-08-20,FO,NSE,IDO,61175,,NIFTY,,2026-08-25,2026-08-25,21400.00,CE,NIFTY26AUG21400CE,0.00,0.00,0.00,2616.30,2616.30,2616.30,24231.85,2849.61,130,0,0,0.00,0,F1,65,,,,,
2026-08-20,2026-08-20,FO,NSE,IDO,61211,,NIFTY,,2026-08-25,2026-08-25,21500.00,CE,NIFTY26AUG21500CE,2769.30,2831.85,2758.80,2792.95,2792.20,2621.55,24231.85,2792.95,320060,-11505,218,344179582.50,157,F1,65,,,,,
2026-08-20,2026-08-20,FO,NSE,IDO,61354,,NIFTY,,2026-08-25,2026-08-25,22050.00,CE,NIFTY26AUG22050CE,0.00,0.00,0.00,2323.10,0.00,2323.10,24231.85,2200.15,0,0,0,0.00,0,F1,65,,,,,
2026-08-20,2026-08-20,FO,NSE,IDO,61364,,NIFTY,,2026-08-25,2026-08-25,22150.00,CE,NIFTY26AUG22150CE,0.00,0.00,0.00,2147.40,2147.40,2147.40,24231.85,2100.23,130,0,0,0.00,0,F1,65,,,,,
2026-08-20,2026-08-20,FO,NSE,IDO,61376,,NIFTY,,2026-08-25,2026-08-25,22300.00,CE,NIFTY26AUG22300CE,0.00,0.00,0.00,2113.80,2113.80,2113.80,24231.85,1950.35,1820,0,0,0.00,0,F1,65,,,,,
2026-08-20,2026-08-20,FO,NSE,IDO,61532,,NIFTY,,2026-08-25,2026-08-25,23750.00,CE,NIFTY26AUG23750CE,492.40,606.05,485.15,549.15,544.10,386.85,24231.85,549.15,48750,-1885,1517,2393610729.25,1102,F1,65,,,,,
2026-08-20,2026-08-20,FO,NSE,IDO,61534,,NIFTY,,2026-08-25,2026-08-25,23800.00,CE,NIFTY26AUG23800CE,443.00,559.00,438.85,498.25,499.90,342.20,24231.85,498.25,623480,-175240,15589,24612524810.25,9075,F1,65,,,,,
2026-08-20,2026-08-20,FO,NSE,IDO,61647,,NIFTY,,2026-08-25,2026-08-25,24200.00,CE,NIFTY26AUG24200CE,115.10,198.00,111.50,150.45,150.30,80.40,24231.85,150.45,8408595,-2676245,2311365,3657740210130.50,1174859,F1,65,,,,,
2026-08-20,2026-08-20,FO,NSE,IDO,61734,,NIFTY,,2026-08-25,2026-08-25,24500.00,CE,NIFTY26AUG24500CE,25.25,38.45,19.15,21.90,23.10,17.25,24231.85,21.90,12514645,-2349620,1340280,2136594415835.75,441768,F1,65,,,,,
2026-08-20,2026-08-20,FO,NSE,IDO,61857,,NIFTY,,2026-08-25,2026-08-25,24900.00,CE,NIFTY26AUG24900CE,4.00,5.30,1.55,1.70,1.70,3.70,24231.85,1.70,3314480,-2530125,767529,1242368465130.00,117408,F1,65,,,,,
2026-08-20,2026-08-20,FO,NSE,IDO,61865,,NIFTY,,2026-08-25,2026-08-25,24950.00,CE,NIFTY26AUG24950CE,2.55,4.45,1.40,1.55,1.45,3.10,24231.85,1.55,1374165,-324675,314600,510245598456.75,50406,F1,65,,,,,
2026-08-20,2026-08-20,FO,NSE,IDO,61909,,NIFTY,,2026-08-25,2026-08-25,25050.00,CE,NIFTY26AUG25050CE,2.65,3.60,1.10,1.20,1.25,2.75,24231.85,1.20,925665,-705120,160475,261312038146.25,30055,F1,65,,,,,
2026-08-20,2026-08-20,FO,NSE,IDO,61979,,NIFTY,,2026-08-25,2026-08-25,25600.00,CE,NIFTY26AUG25600CE,1.20,1.50,0.45,0.50,0.50,1.10,24231.85,0.50,4299945,-41145,189636,315561680681.00,22636,F1,65,,,,,
2026-08-20,2026-08-20,FO,NSE,IDO,62036,,NIFTY,,2026-08-25,2026-08-25,25950.00,CE,NIFTY26AUG25950CE,1.05,1.20,0.35,0.40,0.45,0.85,24231.85,0.40,238160,-4160,7972,13447092987.25,2399,F1,65,,,,,
2026-08-20,2026-08-20,FO,NSE,IDO,62043,,NIFTY,,2026-08-25,2026-08-25,26050.00,CE,NIFTY26AUG26050CE,0.80,1.15,0.40,0.45,0.40,0.80,24231.85,0.45,152035,-61815,5502,9316451953.25,1854,F1,65,,,,,
2026-08-20,2026-08-20,FO,NSE,IDO,62045,,NIFTY,,2026-08-25,2026-08-25,26100.00,CE,NIFTY26AUG26100CE,0.80,1.15,0.40,0.45,0.40,0.75,24231.85,0.45,304460,-12610,5342,9062888029.00,1597,F1,65,,,,,
2026-08-20,2026-08-20,FO,NSE,IDO,62066,,NIFTY,,2026-08-25,2026-08-25,26300.00,CE,NIFTY26AUG26300CE,0.85,0.95,0.40,0.45,0.40,0.80,24231.85,0.45,719290,-72540,5421,9267383190.00,2063,F1,65,,,,,
2026-08-20,2026-08-20,FO,NSE,IDO,62172,,NIFTY,,2026-08-25,2026-08-25,26700.00,CE,NIFTY26AUG26700CE,0.70,0.90,0.40,0.50,0.40,0.70,24231.85,0.50,46865,2145,644,1117683658.00,337,F1,65,,,,,
2026-08-20,2026-08-20,FO,NSE,IDO,62238,,NIFTY,,2026-08-25,2026-08-25,27150.00,CE,NIFTY26AUG27150CE,0.85,1.05,0.30,0.35,0.40,0.55,24231.85,0.35,46605,15860,2216,3910759563.75,804,F1,65,,,,,
2026-08-20,2026-08-20,FO,NSE,IDO,46907,,NIFTY,,2026-09-01,2026-09-01,22050.00,CE,NIFTY2690122050CE,0.00,0.00,0.00,2313.35,0.00,2313.35,24231.85,2225.84,0,0,0,0.00,0,F1,65,,,,,
2026-08-20,2026-08-20,FO,NSE,IDO,46919,,NIFTY,,2026-09-01,2026-09-01,22350.00,CE,NIFTY2690122350CE,0.00,0.00,0.00,2032.25,0.00,2032.25,24231.85,1926.88,0,0,0,0.00,0,F1,65,,,,,
2026-08-20,2026-08-20,FO,NSE,IDO,46969,,NIFTY,,2026-09-01,2026-09-01,23600.00,CE,NIFTY2690123600CE,650.05,775.00,647.90,725.60,719.20,578.45,24231.85,725.60,4615,1235,117,184980055.00,110,F1,65,,,,,
2026-08-20,2026-08-20,FO,NSE,IDO,46981,,NIFTY,,2026-09-01,2026-09-01,23900.00,CE,NIFTY2690123900CE,407.35,498.60,406.25,448.00,450.00,333.15,24231.85,448.00,53170,-130,1393,2203963901.75,931,F1,65,,,,,
2026-08-20,2026-08-20,FO,NSE,IDO,47013,,NIFTY,,2026-09-01,2026-09-01,24700.00,CE,NIFTY2690124700CE,35.50,41.95,27.60,29.75,29.65,25.90,24231.85,29.75,1266785,345150,50603,81348541459.25,29854,F1,65,,,,,
2026-08-20,2026-08-20,FO,NSE,IDO,47017,,NIFTY,,2026-09-01,2026-09-01,24800.00,CE,NIFTY2690124800CE,22.60,25.45,16.50,17.30,17.10,17.55,24231.85,17.30,1398345,558285,63818,102955353598.50,32700,F1,65,,,,,
2026-08-20,2026-08-20,FO,NSE,IDO,47019,,NIFTY,,2026-09-01,2026-09-01,24850.00,CE,NIFTY2690124850CE,16.10,20.65,12.85,13.45,13.65,14.55,24231.85,13.45,208130,94705,12243,19787810614.00,8845,F1,65,,,,,
2026-08-20,2026-08-20,FO,NSE,IDO,47069,,NIFTY,,2026-09-01,2026-09-01,26100.00,CE,NIFTY2690126100CE,1.15,1.90,0.85,1.40,1.90,1.25,24231.85,1.40,22165,-195,244,413962445.00,130,F1,65,,,,,
2026-08-20,2026-08-20,FO,NSE,IDO,47119,,NIFTY,,2026-09-01,2026-09-01,27200.00,CE,NIFTY2690127200CE,1.00,1.30,0.75,0.75,0.75,1.00,24231.85,0.75,19500,4615,108,190950675.50,67,F1,65,,,,,
2026-08-20,2026-08-20,FO,NSE,IDO,42589,,NIFTY,,2026-09-08,2026-09-08,22950.00,CE,NIFTY2690822950CE,0.00,0.00,0.00,1838.05,0.00,1838.05,24231.85,1377.71,0,0,0,0.00,0,F1,65,,,,,
2026-08-20,2026-08-20,FO,NSE,IDO,42625,,NIFTY,,2026-09-08,2026-09-08,23650.00,CE,NIFTY2690823650CE,0.00,0.00,0.00,1232.50,0.00,1232.50,24231.85,776.47,0,0,0,0.00,0,F1,65,,,,,
2026-08-20,2026-08-20,FO,NSE,IDO,42633,,NIFTY,,2026-09-08,2026-09-08,23850.00,CE,NIFTY2690823850CE,525.60,562.85,525.60,562.85,562.85,432.80,24231.85,631.43,650,0,3,4755663.25,3,F1,65,,,,,
2026-08-20,2026-08-20,FO,NSE,IDO,42643,,NIFTY,,2026-09-08,2026-09-08,24100.00,CE,NIFTY2690824100CE,310.00,385.55,309.95,342.80,343.75,264.90,24231.85,342.80,85280,-15795,1950,3097875261.00,1384,F1,65,,,,,
2026-08-20,2026-08-20,FO,NSE,IDO,42709,,NIFTY,,2026-09-08,2026-09-08,25450.00,CE,NIFTY2690825450CE,0.00,0.00,0.00,244.70,0.00,244.70,24231.85,48.99,0,0,0,0.00,0,F1,65,,,,,
2026-08-20,2026-08-20,FO,NSE,IDO,42714,,NIFTY,,2026-09-08,2026-09-08,25550.00,CE,NIFTY2690825550CE,0.00,0.00,0.00,217.20,0.00,217.20,24231.85,39.33,0,0,0,0.00,0,F1,65,,,,,
2026-08-20,2026-08-20,FO,NSE,IDO,42723,,NIFTY,,2026-09-08,2026-09-08,25600.00,CE,NIFTY2690825600CE,6.55,6.60,4.20,4.85,4.60,5.85,24231.85,4.85,151710,46345,2363,3932751208.75,1203,F1,65,,,,,
2026-08-20,2026-08-20,FO,NSE,IDO,42741,,NIFTY,,2026-09-08,2026-09-08,25900.00,CE,NIFTY2690825900CE,3.90,4.00,2.55,2.85,3.10,4.85,24231.85,2.85,7670,-65,80,134696669.25,50,F1,65,,,,,
2026-08-20,2026-08-20,FO,NSE,IDO,42753,,NIFTY,,2026-09-08,2026-09-08,26100.00,CE,NIFTY2690826100CE,4.00,4.00,2.55,2.80,2.95,4.00,24231.85,2.80,9360,325,103,174758639.25,39,F1,65,,,,,
2026-08-20,2026-08-20,FO,NSE,IDO,42761,,NIFTY,,2026-09-08,2026-09-08,26200.00,CE,NIFTY2690826200CE,2.55,3.90,2.20,3.20,3.00,3.10,24231.85,3.20,4615,2665,142,241852045.50,90,F1,65,,,,,
2026-08-20,2026-08-20,FO,NSE,IDO,47295,,NIFTY,,2026-09-15,2026-09-15,23450.00,CE,NIFTY2691523450CE,0.00,0.00,0.00,1271.65,0.00,1271.65,24231.85,997.32,0,0,0,0.00,0,F1,65,,,,,
2026-08-20,2026-08-20,FO,NSE,IDO,47363,,NIFTY,,2026-09-15,2026-09-15,25000.00,CE,NIFTY2691525000CE,42.05,44.95,34.65,38.15,38.90,34.30,24231.85,38.15,147225,15665,2821,4591301211.25,1731,F1,65,,,,,
2026-08-20,2026-08-20,FO,NSE,IDO,56837,,NIFTY,,2026-09-22,2026-09-22,22400.00,CE,NIFTY2692222400CE,0.00,0.00,0.00,1912.10,0.00,1912.10,24231.85,1984.00,0,0,0,0.00,0,F1,65,,,,,
2026-08-20,2026-08-20,FO,NSE,IDO,57125,,NIFTY,,2026-09-22,2026-09-22,23900.00,CE,NIFTY2692223900CE,545.10,645.65,545.10,645.65,645.65,508.45,24231.85,744.56,520,130,3,4776265.00,3,F1,65,,,,,
2026-08-20,2026-08-20,FO,NSE,IDO,57638,,NIFTY,,2026-09-22,2026-09-22,24550.00,CE,NIFTY2692224550CE,0.00,0.00,0.00,375.95,0.00,375.95,24231.85,395.47,0,0,0,0.00,0,F1,65,,,,,
2026-08-20,2026-08-20,FO,NSE,IDO,55280,,NIFTY,,2026-09-29,2026-09-29,16500.00,CE,NIFTY26SEP16500CE,0.00,0.00,0.00,10168.85,0.00,10168.85,24231.85,7849.68,0,0,0,0.00,0,F1,65,,,,,
2026-08-20,2026-08-20,FO,NSE,IDO,73831,,NIFTY,,2026-09-29,2026-09-29,21650.00,CE,NIFTY26SEP21650CE,0.00,0.00,0.00,2630.65,0.00,2630.65,24231.85,2742.32,0,0,0,0.00,0,F1,65,,,,,
2026-08-20,2026-08-20,FO,NSE,IDO,73925,,NIFTY,,2026-09-29,2026-09-29,23350.00,CE,NIFTY26SEP23350CE,0.00,0.00,0.00,1009.80,1009.80,1009.80,24231.85,1198.63,585,0,0,0.00,0,F1,65,,,,,
2026-08-20,2026-08-20,FO,NSE,IDO,74243,,NIFTY,,2026-09-29,2026-09-29,24550.00,CE,NIFTY26SEP24550CE,223.95,256.00,216.35,232.00,231.00,186.50,24231.85,232.00,47580,1365,509,819811437.25,357,F1,65,,,,,
2026-08-20,2026-08-20,FO,NSE,IDO,55286,,NIFTY,,2026-09-29,2026-09-29,25500.00,CE,NIFTY26SEP25500CE,27.50,28.10,20.20,23.20,23.05,23.90,24231.85,23.20,2676115,302315,40415,67046936726.25,21707,F1,65,,,,,
2026-08-20,2026-08-20,FO,NSE,IDO,74418,,NIFTY,,2026-09-29,2026-09-29,25750.00,CE,NIFTY26SEP25750CE,0.00,0.00,0.00,293.50,0.00,293.50,24231.85,114.74,0,0,0,0.00,0,F1,65,,,,,
2026-08-20,2026-08-20,FO,NSE,IDO,74422,,NIFTY,,2026-09-29,2026-09-29,25850.00,CE,NIFTY26SEP25850CE,0.00,0.00,0.00,117.25,117.25,117.25,24231.85,100.21,65,0,0,0.00,0,F1,65,,,,,
2026-08-20,2026-08-20,FO,NSE,IDO,65904,,NIFTY,,2026-09-29,2026-09-29,26000.00,CE,NIFTY26SEP26000CE,12.55,13.00,8.25,9.55,9.85,11.40,24231.85,9.55,2899705,82940,33406,56476152892.25,20651,F1,65,,,,,
2026-08-20,2026-08-20,FO,NSE,IDO,74485,,NIFTY,,2026-09-29,2026-09-29,26600.00,CE,NIFTY26SEP26600CE,7.45,7.45,4.40,4.45,4.65,6.85,24231.85,4.45,52000,-910,454,785121808.25,294,F1,65,,,,,
2026-08-20,2026-08-20,FO,NSE,IDO,74505,,NIFTY,,2026-09-29,2026-09-29,27150.00,CE,NIFTY26SEP27150CE,3.95,4.65,2.10,2.95,3.00,4.90,24231.85,2.95,5005,2665,983,1734918480.75,461,F1,65,,,,,
2026-08-20,2026-08-20,FO,NSE,IDO,51330,,NIFTY,,2026-10-27,2026-10-27,22500.00,CE,NIFTY26OCT22500CE,2020.00,2051.00,2005.20,2051.00,2051.00,1887.00,24231.85,2092.37,4550,975,18,28690694.50,11,F1,65,,,,,
2026-08-20,2026-08-20,FO,NSE,IDO,51382,,NIFTY,,2026-10-27,2026-10-27,23750.00,CE,NIFTY26OCT23750CE,0.00,0.00,0.00,944.05,944.05,944.05,24231.85,1125.34,0,0,0,0.00,0,F1,65,,,,,
2026-08-20,2026-08-20,FO,NSE,IDO,51384,,NIFTY,,2026-10-27,2026-10-27,23800.00,CE,NIFTY26OCT23800CE,870.00,915.50,870.00,888.00,888.00,793.95,24231.85,1092.84,1040,0,15,24069019.00,14,F1,65,,,,,
2026-08-20,2026-08-20,FO,NSE,IDO,51386,,NIFTY,,2026-10-27,2026-10-27,23850.00,CE,NIFTY26OCT23850CE,0.00,0.00,0.00,1063.45,0.00,1063.45,24231.85,1060.89,0,0,0,0.00,0,F1,65,,,,,
2026-08-20,2026-08-20,FO,NSE,IDO,51424,,NIFTY,,2026-10-27,2026-10-27,24650.00,CE,NIFTY26OCT24650CE,341.00,355.00,341.00,355.00,355.00,298.60,24231.85,625.98,5070,390,15,24372107.50,12,F1,65,,,,,
2026-08-20,2026-08-20,FO,NSE,IDO,51450,,NIFTY,,2026-10-27,2026-10-27,25250.00,CE,NIFTY26OCT25250CE,0.00,0.00,0.00,447.85,0.00,447.85,24231.85,393.77,0,0,0,0.00,0,F1,65,,,,,
2026-08-20,2026-08-20,FO,NSE,IDO,51488,,NIFTY,,2026-10-27,2026-10-27,25950.00,CE,NIFTY26OCT25950CE,0.00,0.00,0.00,267.40,0.00,267.40,24231.85,212.72,0,0,0,0.00,0,F1,65,,,,,
2026-08-20,2026-08-20,FO,NSE,IDO,51510,,NIFTY,,2026-10-27,2026-10-27,26500.00,CE,NIFTY26OCT26500CE,19.95,19.95,15.25,16.05,15.30,17.65,24231.85,16.05,136305,-6695,1271,2190657937.00,695,F1,65,,,,,
2026-08-20,2026-08-20,FO,NSE,IDO,58644,,NIFTY,,2026-12-29,2026-12-29,20000.00,CE,NIFTY26DEC20000CE,4720.15,4749.40,4658.15,4702.75,4717.05,4572.15,24231.85,4702.75,570400,-195,128,205469595.50,124,F1,65,,,,,
2026-08-20,2026-08-20,FO,NSE,IDO,80190,,NIFTY,,2027-03-30,2027-03-30,16500.00,CE,NIFTY27MAR16500CE,0.00,0.00,0.00,6995.90,0.00,6995.90,24231.85,8375.59,0,0,0,0.00,0,F1,65,,,,,
2026-08-20,2026-08-20,FO,NSE,IDO,80278,,NIFTY,,2027-03-30,2027-03-30,28500.00,CE,NIFTY27MAR28500CE,80.95,80.95,74.50,76.10,75.05,76.40,24231.85,76.10,118040,130,282,523800316.00,146,F1,65,,,,,
2026-08-20,2026-08-20,FO,NSE,IDO,55472,,NIFTY,,2028-06-27,2028-06-27,22500.00,CE,NIFTY28JUN22500CE,0.00,0.00,0.00,6796.05,0.00,6796.05,24231.85,4813.85,0,0,0,0.00,0,F1,65,,,,,
2026-08-20,2026-08-20,FO,NSE,IDO,55478,,NIFTY,,2028-06-27,2028-06-27,28500.00,CE,NIFTY28JUN28500CE,0.00,0.00,0.00,2990.00,0.00,2990.00,24231.85,1724.83,0,0,0,0.00,0,F1,65,,,,,
2026-08-20,2026-08-20,FO,NSE,IDO,67788,,NIFTY,,2028-12-26,2028-12-26,27000.00,CE,NIFTY28DEC27000CE,0.00,0.00,0.00,2700.00,2700.00,2700.00,24231.85,2946.53,845,0,0,0.00,0,F1,65,,,,,
2026-08-20,2026-08-20,FO,NSE,IDO,55560,,NIFTY,,2029-06-26,2029-06-26,22500.00,CE,NIFTY29JUN22500CE,0.00,0.00,0.00,7946.50,0.00,7946.50,24231.85,6103.14,0,0,0,0.00,0,F1,65,,,,,
2026-08-20,2026-08-20,FO,NSE,IDO,55648,,NIFTY,,2030-06-25,2030-06-25,28500.00,CE,NIFTY30JUN28500CE,0.00,0.00,0.00,5382.85,0.00,5382.85,24231.85,4107.95,0,0,0,0.00,0,F1,65,,,,,
2026-08-20,2026-08-20,FO,NSE,IDO,60936,,NIFTY,,2030-06-25,2030-06-25,30000.00,CE,NIFTY30JUN30000CE,0.00,0.00,0.00,5580.35,0.00,5580.35,24231.85,3507.22,0,0,0,0.00,0,F1,65,,,,,
2026-08-20,2026-08-20,FO,NSE,IDO,55701,,NIFTY,,2030-12-31,2030-12-31,19500.00,PE,NIFTY30DEC19500PE,0.00,0.00,0.00,67.40,0.00,67.40,24231.85,200.46,0,0,0,0.00,0,F1,65,,,,,
2026-08-20,2026-08-20,FO,NSE,IDO,55697,,NIFTY,,2030-12-31,2030-12-31,16500.00,PE,NIFTY30DEC16500PE,0.00,0.00,0.00,13.65,0.00,13.65,24231.85,55.69,0,0,0,0.00,0,F1,65,,,,,
2026-08-20,2026-08-20,FO,NSE,IDO,61933,,NIFTY,,2029-12-24,2029-12-24,30000.00,PE,NIFTY29DEC30000PE,0.00,0.00,0.00,1953.50,0.00,1953.50,24231.85,2810.09,0,0,0,0.00,0,F1,65,,,,,
2026-08-20,2026-08-20,FO,NSE,IDO,61660,,NIFTY,,2029-12-24,2029-12-24,21000.00,PE,NIFTY29DEC21000PE,0.00,0.00,0.00,350.05,350.05,350.05,24231.85,331.51,715,0,0,0.00,0,F1,65,,,,,
2026-08-20,2026-08-20,FO,NSE,IDO,55599,,NIFTY,,2029-12-24,2029-12-24,16500.00,PE,NIFTY29DEC16500PE,0.00,0.00,0.00,10.15,0.00,10.15,24231.85,43.55,0,0,0,0.00,0,F1,65,,,,,
2026-08-20,2026-08-20,FO,NSE,IDO,53625,,NIFTY,,2027-12-28,2027-12-28,24000.00,PE,NIFTY27DEC24000PE,669.05,670.00,646.00,654.15,651.60,703.00,24231.85,654.15,142075,3835,151,241985305.25,142,F1,65,,,,,
2026-08-20,2026-08-20,FO,NSE,IDO,80271,,NIFTY,,2027-03-30,2027-03-30,22500.00,PE,NIFTY27MAR22500PE,176.10,178.40,167.05,171.25,172.35,191.00,24231.85,171.25,509990,-50960,2069,3049189117.00,873,F1,65,,,,,
2026-08-20,2026-08-20,FO,NSE,IDO,58645,,NIFTY,,2026-12-29,2026-12-29,20000.00,PE,NIFTY26DEC20000PE,34.75,34.95,32.25,33.60,33.10,35.75,24231.85,33.60,1151250,-13845,1983,2582241818.00,1102,F1,65,,,,,
2026-08-20,2026-08-20,FO,NSE,IDO,58641,,NIFTY,,2026-12-29,2026-12-29,18000.00,PE,NIFTY26DEC18000PE,21.30,21.30,19.40,19.85,20.00,21.25,24231.85,19.85,493030,-3965,380,445092882.00,188,F1,65,,,,,
2026-08-20,2026-08-20,FO,NSE,IDO,55323,,NIFTY,,2026-12-29,2026-12-29,16500.00,PE,NIFTY26DEC16500PE,0.00,0.00,0.00,12.50,12.50,12.50,24231.85,0.01,3380,0,0,0.00,0,F1,65,,,,,
2026-08-20,2026-08-20,FO,NSE,IDO,58633,,NIFTY,,2026-12-29,2026-12-29,14000.00,PE,NIFTY26DEC14000PE,8.20,9.75,8.20,9.75,9.75,8.20,24231.85,0.00,9415,1300,27,24586432.00,6,F1,65,,,,,
2026-08-20,2026-08-20,FO,NSE,IDO,51521,,NIFTY,,2026-10-27,2026-10-27,26750.00,PE,NIFTY26OCT26750PE,0.00,0.00,0.00,2501.20,0.00,2501.20,24231.85,2289.18,0,0,0,0.00,0,F1,65,,,,,
2026-08-20,2026-08-20,FO,NSE,IDO,51511,,NIFTY,,2026-10-27,2026-10-27,26500.00,PE,NIFTY26OCT26500PE,1926.00,1938.95,1926.00,1935.70,1934.60,2070.20,24231.85,1935.70,1885,195,5,9240968.75,4,F1,65,,,,,
2026-08-20,2026-08-20,FO,NSE,IDO,51477,,NIFTY,,2026-10-27,2026-10-27,25650.00,PE,NIFTY26OCT25650PE,0.00,0.00,0.00,944.65,944.65,944.65,24231.85,1388.12,130,0,0,0.00,0,F1,65,,,,,
2026-08-20,2026-08-20,FO,NSE,IDO,51459,,NIFTY,,2026-10-27,2026-10-27,25450.00,PE,NIFTY26OCT25450PE,0.00,0.00,0.00,848.50,848.50,848.50,24231.85,1242.85,130,0,0,0.00,0,F1,65,,,,,
2026-08-20,2026-08-20,FO,NSE,IDO,51429,,NIFTY,,2026-10-27,2026-10-27,24750.00,PE,NIFTY26OCT24750PE,0.00,0.00,0.00,486.95,486.95,486.95,24231.85,800.27,1170,0,0,0.00,0,F1,65,,,,,
2026-08-20,2026-08-20,FO,NSE,IDO,51421,,NIFTY,,2026-10-27,2026-10-27,24550.00,PE,NIFTY26OCT24550PE,438.00,438.00,398.00,420.45,426.50,510.50,24231.85,420.45,3510,520,17,27584735.75,16,F1,65,,,,,
2026-08-20,2026-08-20,FO,NSE,IDO,51393,,NIFTY,,2026-10-27,2026-10-27,24000.00,PE,NIFTY26OCT24000PE,250.05,250.05,202.15,220.90,221.65,278.15,24231.85,220.90,510120,31785,5376,8463573813.50,3513,F1,65,,,,,
2026-08-20,2026-08-20,FO,NSE,IDO,51391,,NIFTY,,2026-10-27,2026-10-27,23950.00,PE,NIFTY26OCT23950PE,0.00,0.00,0.00,612.05,0.00,612.05,24231.85,426.74,0,0,0,0.00,0,F1,65,,,,,
2026-08-20,2026-08-20,FO,NSE,IDO,51367,,NIFTY,,2026-10-27,2026-10-27,23350.00,PE,NIFTY26OCT23350PE,0.00,0.00,0.00,387.65,0.00,387.65,24231.85,240.75,0,0,0,0.00,0,F1,65,,,,,
2026-08-20,2026-08-20,FO,NSE,IDO,51365,,NIFTY,,2026-10-27,2026-10-27,23300.00,PE,NIFTY26OCT23300PE,96.35,96.70,80.00,89.95,93.65,117.20,24231.85,89.95,122265,12285,1320,2006810130.00,671,F1,65,,,,,
2026-08-20,2026-08-20,FO,NSE,IDO,51355,,NIFTY,,2026-10-27,2026-10-27,23050.00,PE,NIFTY26OCT23050PE,0.00,0.00,0.00,301.35,0.00,301.35,24231.85,172.90,0,0,0,0.00,0,F1,65,,,,,
2026-08-20,2026-08-20,FO,NSE,IDO,55289,,NIFTY,,2026-09-29,2026-09-29,28500.00,PE,NIFTY26SEP28500PE,4080.00,4086.10,4000.00,4055.00,4053.85,4200.60,24231.85,4055.00,428285,845,103,217947050.75,96,F1,65,,,,,
2026-08-20,2026-08-20,FO,NSE,IDO,74498,,NIFTY,,2026-09-29,2026-09-29,26900.00,PE,NIFTY26SEP26900PE,0.00,0.00,0.00,2127.90,2127.90,2127.90,24231.85,2495.96,65,0,0,0.00,0,F1,65,,,,,
2026-08-20,2026-08-20,FO,NSE,IDO,74496,,NIFTY,,2026-09-29,2026-09-29,26850.00,PE,NIFTY26SEP26850PE,0.00,0.00,0.00,2691.90,0.00,2691.90,24231.85,2448.09,0,0,0,0.00,0,F1,65,,,,,
2026-08-20,2026-08-20,FO,NSE,IDO,74492,,NIFTY,,2026-09-29,2026-09-29,26750.00,PE,NIFTY26SEP26750PE,0.00,0.00,0.00,2604.30,0.00,2604.30,24231.85,2352.75,0,0,0,0.00,0,F1,65,,,,,
2026-08-20,2026-08-20,FO,NSE,IDO,74413,,NIFTY,,2026-09-29,2026-09-29,25600.00,PE,NIFTY26SEP25600PE,1188.65,1209.60,1152.00,1196.80,1192.30,1092.85,24231.85,1196.80,4290,3900,85,147965889.50,62,F1,65,,,,,
2026-08-20,2026-08-20,FO,NSE,IDO,65903,,NIFTY,,2026-09-29,2026-09-29,25000.00,PE,NIFTY26SEP25000PE,785.00,785.05,621.45,669.80,674.50,809.75,24231.85,669.80,1601470,256885,12660,21130350530.25,9737,F1,65,,,,,
2026-08-20,2026-08-20,FO,NSE,IDO,74057,,NIFTY,,2026-09-29,2026-09-29,23900.00,PE,NIFTY26SEP23900PE,154.50,154.50,117.85,133.85,136.05,188.65,24231.85,133.85,511355,39195,9383,14659541009.75,5596,F1,65,,,,,
2026-08-20,2026-08-20,FO,NSE,IDO,73926,,NIFTY,,2026-09-29,2026-09-29,23350.00,PE,NIFTY26SEP23350PE,57.00,60.20,48.00,56.00,56.20,77.70,24231.85,56.00,47840,9490,1859,2827822611.25,969,F1,65,,,,,
2026-08-20,2026-08-20,FO,NSE,IDO,73922,,NIFTY,,2026-09-29,2026-09-29,23250.00,PE,NIFTY26SEP23250PE,49.95,52.00,41.40,47.35,48.00,66.50,24231.85,47.35,44785,17355,1179,1785269973.50,699,F1,65,,,,,
2026-08-20,2026-08-20,FO,NSE,IDO,73898,,NIFTY,,2026-09-29,2026-09-29,22850.00,PE,NIFTY26SEP22850PE,28.95,31.65,26.35,27.20,28.45,38.20,24231.85,27.20,15925,195,126,187377203.00,110,F1,65,,,,,
2026-08-20,2026-08-20,FO,NSE,IDO,73878,,NIFTY,,2026-09-29,2026-09-29,22300.00,PE,NIFTY26SEP22300PE,18.00,18.10,15.00,15.95,17.30,20.80,24231.85,15.95,150345,14625,955,1385294813.50,653,F1,65,,,,,
2026-08-20,2026-08-20,FO,NSE,IDO,73853,,NIFTY,,2026-09-29,2026-09-29,21800.00,PE,NIFTY26SEP21800PE,12.60,12.60,9.80,11.45,12.30,14.00,24231.85,11.45,76115,4680,689,976827881.25,489,F1,65,,,,,
2026-08-20,2026-08-20,FO,NSE,IDO,73806,,NIFTY,,2026-09-29,2026-09-29,21600.00,PE,NIFTY26SEP21600PE,9.05,12.70,9.05,10.65,11.00,12.05,24231.85,10.65,54210,5525,269,377850440.50,187,F1,65,,,,,
2026-08-20,2026-08-20,FO,NSE,IDO,58013,,NIFTY,,2026-09-22,2026-09-22,25850.00,PE,NIFTY2692225850PE,0.00,0.00,0.00,1613.85,0.00,1613.85,24231.85,1535.70,0,0,0,0.00,0,F1,65,,,,,
2026-08-20,2026-08-20,FO,NSE,IDO,57919,,NIFTY,,2026-09-22,2026-09-22,25450.00,PE,NIFTY2692225450PE,0.00,0.00,0.00,1271.15,0.00,1271.15,24231.85,1195.93,0,0,0,0.00,0,F1,65,,,,,
2026-08-20,2026-08-20,FO,NSE,IDO,57911,,NIFTY,,2026-09-22,2026-09-22,25400.00,PE,NIFTY2692225400PE,0.00,0.00,0.00,1230.35,0.00,1230.35,24231.85,1155.62,0,0,0,0.00,0,F1,65,,,,,
2026-08-20,2026-08-20,FO,NSE,IDO,57874,,NIFTY,,2026-09-22,2026-09-22,25250.00,PE,NIFTY2692225250PE,0.00,0.00,0.00,1111.00,0.00,1111.00,24231.85,1038.03,0,0,0,0.00,0,F1,65,,,,,
2026-08-20,2026-08-20,FO,NSE,IDO,57829,,NIFTY,,2026-09-22,2026-09-22,25050.00,PE,NIFTY2692225050PE,0.00,0.00,0.00,959.70,0.00,959.70,24231.85,889.63,0,0,0,0.00,0,F1,65,,,,,
2026-08-20,2026-08-20,FO,NSE,IDO,57795,,NIFTY,,2026-09-22,2026-09-22,24950.00,PE,NIFTY2692224950PE,0.00,0.00,0.00,887.95,0.00,887.95,24231.85,819.55,0,0,0,0.00,0,F1,65,,,,,
2026-08-20,2026-08-20,FO,NSE,IDO,57735,,NIFTY,,2026-09-22,2026-09-22,24800.00,PE,NIFTY2692224800PE,0.00,0.00,0.00,785.40,0.00,785.40,24231.85,719.82,0,0,0,0.00,0,F1,65,,,,,
2026-08-20,2026-08-20,FO,NSE,IDO,56956,,NIFTY,,2026-09-22,2026-09-22,23000.00,PE,NIFTY2692223000PE,0.00,0.00,0.00,85.80,0.00,85.80,24231.85,67.80,0,0,0,0.00,0,F1,65,,,,,
2026-08-20,2026-08-20,FO,NSE,IDO,47370,,NIFTY,,2026-09-15,2026-09-15,25150.00,PE,NIFTY2691525150PE,0.00,0.00,0.00,817.10,0.00,817.10,24231.85,950.37,0,0,0,0.00,0,F1,65,,,,,
2026-08-20,2026-08-20,FO,NSE,IDO,47368,,NIFTY,,2026-09-15,2026-09-15,25100.00,PE,NIFTY2691525100PE,0.00,0.00,0.00,901.00,901.00,901.00,24231.85,911.82,130,0,0,0.00,0,F1,65,,,,,
2026-08-20,2026-08-20,FO,NSE,IDO,47360,,NIFTY,,2026-09-15,2026-09-15,24900.00,PE,NIFTY2691524900PE,0.00,0.00,0.00,659.05,0.00,659.05,24231.85,764.68,0,0,0,0.00,0,F1,65,,,,,
2026-08-20,2026-08-20,FO,NSE,IDO,47334,,NIFTY,,2026-09-15,2026-09-15,24350.00,PE,NIFTY2691524350PE,250.95,251.00,201.80,221.20,223.25,330.30,24231.85,221.20,5005,2015,88,140552386.00,86,F1,65,,,,,
2026-08-20,2026-08-20,FO,NSE,IDO,47304,,NIFTY,,2026-09-15,2026-09-15,23650.00,PE,NIFTY2691523650PE,0.00,0.00,0.00,154.25,0.00,154.25,24231.85,161.66,0,0,0,0.00,0,F1,65,,,,,
2026-08-20,2026-08-20,FO,NSE,IDO,47274,,NIFTY,,2026-09-15,2026-09-15,22900.00,PE,NIFTY2691522900PE,0.00,0.00,0.00,44.15,0.00,44.15,24231.85,38.34,0,0,0,0.00,0,F1,65,,,,,
2026-08-20,2026-08-20,FO,NSE,IDO,42766,,NIFTY,,2026-09-08,2026-09-08,26300.00,PE,NIFTY2690826300PE,0.00,0.00,0.00,1612.35,0.00,1612.35,24231.85,1991.26,0,0,0,0.00,0,F1,65,,,,,
2026-08-20,2026-08-20,FO,NSE,IDO,42742,,NIFTY,,2026-09-08,2026-09-08,25900.00,PE,NIFTY2690825900PE,0.00,0.00,0.00,1274.25,0.00,1274.25,24231.85,1603.75,0,0,0,0.00,0,F1,65,,,,,
2026-08-20,2026-08-20,FO,NSE,IDO,42702,,NIFTY,,2026-09-08,2026-09-08,25300.00,PE,NIFTY2690825300PE,0.00,0.00,0.00,828.80,0.00,828.80,24231.85,1055.63,0,0,0,0.00,0,F1,65,,,,,
2026-08-20,2026-08-20,FO,NSE,IDO,42700,,NIFTY,,2026-09-08,2026-09-08,25250.00,PE,NIFTY2690825250PE,0.00,0.00,0.00,795.80,0.00,795.80,24231.85,1012.96,0,0,0,0.00,0,F1,65,,,,,
2026-08-20,2026-08-20,FO,NSE,IDO,42668,,NIFTY,,2026-09-08,2026-09-08,24650.00,PE,NIFTY2690824650PE,409.65,423.40,359.00,392.60,392.60,521.75,24231.85,392.60,2600,0,28,45607672.50,28,F1,65,,,,,
2026-08-20,2026-08-20,FO,NSE,IDO,42646,,NIFTY,,2026-09-08,2026-09-08,24150.00,PE,NIFTY2690824150PE,144.35,147.70,109.40,124.35,122.45,210.90,24231.85,124.35,32695,24050,1111,1753409498.75,867,F1,65,,,,,
2026-08-20,2026-08-20,FO,NSE,IDO,47103,,NIFTY,,2026-09-01,2026-09-01,26800.00,PE,NIFTY2690126800PE,0.00,0.00,0.00,2454.60,0.00,2454.60,24231.85,2514.89,0,0,0,0.00,0,F1,65,,,,,
2026-08-20,2026-08-20,FO,NSE,IDO,47050,,NIFTY,,2026-09-01,2026-09-01,25600.00,PE,NIFTY2690125600PE,0.00,0.00,0.00,1429.65,1429.65,1429.65,24231.85,1328.20,780,0,0,0.00,0,F1,65,,,,,
2026-08-20,2026-08-20,FO,NSE,IDO,47032,,NIFTY,,2026-09-01,2026-09-01,25150.00,PE,NIFTY2690125150PE,813.00,813.00,813.00,813.00,813.00,986.10,24231.85,910.40,780,0,2,3375190.00,2,F1,65,,,,,
2026-08-20,2026-08-20,FO,NSE,IDO,47022,,NIFTY,,2026-09-01,2026-09-01,24900.00,PE,NIFTY2690124900PE,626.00,629.00,550.00,595.95,596.85,763.05,24231.85,595.95,6565,780,111,183895442.25,67,F1,65,,,,,
2026-08-20,2026-08-20,FO,NSE,IDO,47018,,NIFTY,,2026-09-01,2026-09-01,24800.00,PE,NIFTY2690124800PE,550.05,550.05,453.20,503.05,504.00,661.80,24231.85,503.05,38090,11830,564,927676792.25,422,F1,65,,,,,
2026-08-20,2026-08-20,FO,NSE,IDO,46920,,NIFTY,,2026-09-01,2026-09-01,22350.00,PE,NIFTY2690122350PE,4.20,5.25,2.90,3.75,3.60,4.35,24231.85,3.75,8905,1300,475,690172190.50,234,F1,65,,,,,
2026-08-20,2026-08-20,FO,NSE,IDO,62245,,NIFTY,,2026-08-25,2026-08-25,27200.00,PE,NIFTY26AUG27200PE,0.00,0.00,0.00,2940.35,2941.10,2940.35,24231.85,2945.58,1170,0,0,0.00,0,F1,65,,,,,
2026-08-20,2026-08-20,FO,NSE,IDO,62037,,NIFTY,,2026-08-25,2026-08-25,25950.00,PE,NIFTY26AUG25950PE,0.00,0.00,0.00,1816.75,1816.75,1816.75,24231.85,1696.64,130,0,0,0.00,0,F1,65,,,,,
2026-08-20,2026-08-20,FO,NSE,IDO,61956,,NIFTY,,2026-08-25,2026-08-25,25400.00,PE,NIFTY26AUG25400PE,1150.00,1150.00,1068.00,1106.20,1106.15,1280.00,24231.85,1106.20,36530,-2275,45,77574578.25,28,F1,65,,,,,
2026-08-20,2026-08-20,FO,NSE,IDO,61771,,NIFTY,,2026-08-25,2026-08-25,24500.00,PE,NIFTY26AUG24500PE,309.95,309.95,185.75,228.15,231.00,397.80,24231.85,228.15,4003025,-1038830,235400,378470751148.75,140075,F1,65,,,,,
2026-08-20,2026-08-20,FO,NSE,IDO,61609,,NIFTY,,2026-08-25,2026-08-25,24050.00,PE,NIFTY26AUG24050PE,36.75,42.75,20.75,24.25,25.10,87.40,24231.85,24.25,3156530,140725,479855,750981366876.00,194807,F1,65,,,,,
2026-08-20,2026-08-20,FO,NSE,IDO,61533,,NIFTY,,2026-08-25,2026-08-25,23750.00,PE,NIFTY26AUG23750PE,5.00,10.85,4.85,5.40,6.10,19.45,24231.85,5.40,2265445,563225,296252,457460232095.75,80852,F1,65,,,,,
2026-08-20,2026-08-20,FO,NSE,IDO,61427,,NIFTY,,2026-08-25,2026-08-25,22950.00,PE,NIFTY26AUG22950PE,2.90,3.15,1.60,1.95,2.10,2.80,24231.85,1.95,279695,71240,57791,86218071693.00,12776,F1,65,,,,,
2026-08-20,2026-08-20,FO,NSE,IDO,61377,,NIFTY,,2026-08-25,2026-08-25,22300.00,PE,NIFTY26AUG22300PE,1.70,2.60,1.15,1.40,1.40,1.95,24231.85,1.40,686530,80535,33010,47851387103.00,9725,F1,65,,,,,
2026-08-20,2026-08-20,FO,NSE,IDO,61337,,NIFTY,,2026-08-25,2026-08-25,21650.00,PE,NIFTY26AUG21650PE,1.55,3.05,0.65,0.90,1.00,1.35,24231.85,0.90,33280,16770,1575,2216535015.50,852,F1,65,,,,,
2026-08-20,2026-08-20,FO,NSE,IDO,74653,,NIFTY,,2031-06-24,2031-06-24,27000.00,CE,NIFTY31JUN27000CE,0.00,0.00,0.00,5699.00,0.00,5699.00,24231.85,5926.28,0,0,0,0.00,0,F1,65,,,,,
2026-08-20,2026-08-20,FO,NSE,IDO,55702,,NIFTY,,2030-12-31,2030-12-31,21000.00,CE,NIFTY30DEC21000CE,0.00,0.00,0.00,10552.50,0.00,10552.50,24231.85,8782.37,0,0,0,0.00,0,F1,65,,,,,
2026-08-20,2026-08-20,FO,NSE,IDO,61932,,NIFTY,,2029-12-24,2029-12-24,30000.00,CE,NIFTY29DEC30000CE,0.00,0.00,0.00,2863.20,2863.20,2863.20,24231.85,2941.22,8145,0,0,0.00,0,F1,65,,,,,
2026-08-20,2026-08-20,FO,NSE,IDO,61557,,NIFTY,,2026-08-25,2026-08-25,23900.00,CE,NIFTY26AUG23900CE,352.85,462.95,345.45,402.85,404.00,258.45,24231.85,402.85,307450,-237445,26021,41076404408.00,13813,F1,65,,,,,
2026-08-20,2026-08-20,FO,NSE,IDO,61955,,NIFTY,,2026-08-25,2026-08-25,25400.00,CE,NIFTY26AUG25400CE,1.35,1.55,0.60,0.60,0.60,1.40,24231.85,0.60,4343690,13975,206615,341132131015.00,32586,F1,65,,,,,
2026-08-20,2026-08-20,FO,NSE,IDO,61975,,NIFTY,,2026-08-25,2026-08-25,25500.00,CE,NIFTY26AUG25500CE,1.75,1.75,0.55,0.60,0.60,1.45,24231.85,0.60,8799505,-2924285,399374,661982799981.75,48639,F1,65,,,,,
2026-08-20,2026-08-20,FO,NSE,IDO,61997,,NIFTY,,2026-08-25,2026-08-25,25800.00,CE,NIFTY26AUG25800CE,1.00,1.20,0.40,0.45,0.40,0.90,24231.85,0.45,1476150,-102050,35430,59417376109.00,4874,F1,65,,,,,
2026-08-20,2026-08-20,FO,NSE,IDO,62135,,NIFTY,,2026-08-25,2026-08-25,26550.00,CE,NIFTY26AUG26550CE,0.65,0.85,0.40,0.50,0.45,0.70,24231.85,0.50,18330,-3575,625,1078616110.00,207,F1,65,,,,,
2026-08-20,2026-08-20,FO,NSE,IDO,46917,,NIFTY,,2026-09-01,2026-09-01,22300.00,CE,NIFTY2690122300CE,0.00,0.00,0.00,2078.55,0.00,2078.55,24231.85,1976.65,0,0,0,0.00,0,F1,65,,,,,
2026-08-20,2026-08-20,FO,NSE,IDO,46937,,NIFTY,,2026-09-01,2026-09-01,22800.00,CE,NIFTY2690122800CE,0.00,0.00,0.00,1629.40,0.00,1629.40,24231.85,1481.51,0,0,0,0.00,0,F1,65,,,,,
2026-08-20,2026-08-20,FO,NSE,IDO,46943,,NIFTY,,2026-09-01,2026-09-01,22950.00,CE,NIFTY2690122950CE,0.00,0.00,0.00,1501.80,0.00,1501.80,24231.85,1335.31,0,0,0,0.00,0,F1,65,,,,,
2026-08-20,2026-08-20,FO,NSE,IDO,47011,,NIFTY,,2026-09-01,2026-09-01,24650.00,CE,NIFTY2690124650CE,40.00,52.55,34.75,38.15,38.10,31.20,24231.85,38.15,235495,46410,13271,21299273407.75,8834,F1,65,,,,,
2026-08-20,2026-08-20,FO,NSE,IDO,47029,,NIFTY,,2026-09-01,2026-09-01,25100.00,CE,NIFTY2690125100CE,7.85,7.95,4.70,4.90,5.05,6.40,24231.85,4.90,477425,37700,15632,25509056088.75,9268,F1,65,,,,,
2026-08-20,2026-08-20,FO,NSE,IDO,47037,,NIFTY,,2026-09-01,2026-09-01,25300.00,CE,NIFTY2690125300CE,5.60,5.60,2.80,3.40,3.35,4.35,24231.85,3.40,359970,154895,10133,16665945484.50,5014,F1,65,,,,,
2026-08-20,2026-08-20,FO,NSE,IDO,47049,,NIFTY,,2026-09-01,2026-09-01,25600.00,CE,NIFTY2690125600CE,2.75,3.20,1.55,2.00,2.30,2.75,24231.85,2.00,73385,5460,2318,3857461101.00,1717,F1,65,,,,,
2026-08-20,2026-08-20,FO,NSE,IDO,47071,,NIFTY,,2026-09-01,2026-09-01,26150.00,CE,NIFTY2690126150CE,1.05,1.50,0.85,1.25,1.50,1.55,24231.85,1.25,3380,-715,60,101989442.75,18,F1,65,,,,,
2026-08-20,2026-08-20,FO,NSE,IDO,47073,,NIFTY,,2026-09-01,2026-09-01,26200.00,CE,NIFTY2690126200CE,1.20,1.25,0.85,1.00,1.25,1.30,24231.85,1.00,28925,780,448,762971719.25,177,F1,65,,,,,
2026-08-20,2026-08-20,FO,NSE,IDO,47097,,NIFTY,,2026-09-01,2026-09-01,26700.00,CE,NIFTY2690126700CE,1.30,1.30,0.70,0.95,0.70,1.50,24231.85,0.95,8970,260,62,107605491.50,46,F1,65,,,,,
2026-08-20,2026-08-20,FO,NSE,IDO,42565,,NIFTY,,2026-09-08,2026-09-08,22350.00,CE,NIFTY2690822350CE,0.00,0.00,0.00,2406.10,0.00,2406.10,24231.85,1955.93,0,0,0,0.00,0,F1,65,,,,,
2026-08-20,2026-08-20,FO,NSE,IDO,42599,,NIFTY,,2026-09-08,2026-09-08,23200.00,CE,NIFTY2690823200CE,0.00,0.00,0.00,984.80,984.80,984.80,24231.85,1149.76,195,0,0,0.00,0,F1,65,,,,,
2026-08-20,2026-08-20,FO,NSE,IDO,42610,,NIFTY,,2026-09-08,2026-09-08,23450.00,CE,NIFTY2690823450CE,0.00,0.00,0.00,1396.60,0.00,1396.60,24231.85,935.26,0,0,0,0.00,0,F1,65,,,,,
2026-08-20,2026-08-20,FO,NSE,IDO,42623,,NIFTY,,2026-09-08,2026-09-08,23600.00,CE,NIFTY2690823600CE,741.10,790.00,733.00,790.00,790.00,647.85,24231.85,814.96,1105,715,23,36398037.00,21,F1,65,,,,,
2026-08-20,2026-08-20,FO,NSE,IDO,42665,,NIFTY,,2026-09-08,2026-09-08,24600.00,CE,NIFTY2690824600CE,89.95,108.90,82.75,89.95,90.30,69.95,24231.85,89.95,198835,31785,4148,6657493144.25,3179,F1,65,,,,,
2026-08-20,2026-08-20,FO,NSE,IDO,42694,,NIFTY,,2026-09-08,2026-09-08,25150.00,CE,NIFTY2690825150CE,0.00,0.00,0.00,343.00,0.00,343.00,24231.85,90.56,0,0,0,0.00,0,F1,65,,,,,
2026-08-20,2026-08-20,FO,NSE,IDO,42743,,NIFTY,,2026-09-08,2026-09-08,25950.00,CE,NIFTY2690825950CE,4.95,4.95,2.75,2.85,2.85,4.75,24231.85,15.14,1170,130,24,40487274.75,17,F1,65,,,,,
2026-08-20,2026-08-20,FO,NSE,IDO,47255,,NIFTY,,2026-09-15,2026-09-15,22450.00,CE,NIFTY2691522450CE,0.00,0.00,0.00,2169.40,0.00,2169.40,24231.85,1891.46,0,0,0,0.00,0,F1,65,,,,,
2026-08-20,2026-08-20,FO,NSE,IDO,47341,,NIFTY,,2026-09-15,2026-09-15,24550.00,CE,NIFTY2691524550CE,148.70,163.65,137.35,147.05,143.50,115.50,24231.85,147.05,4095,845,110,176598568.25,65,F1,65,,,,,
2026-08-20,2026-08-20,FO,NSE,IDO,47405,,NIFTY,,2026-09-15,2026-09-15,25700.00,CE,NIFTY2691525700CE,0.00,0.00,0.00,144.00,0.00,144.00,24231.85,55.36,0,0,0,0.00,0,F1,65,,,,,
2026-08-20,2026-08-20,FO,NSE,IDO,56985,,NIFTY,,2026-09-22,2026-09-22,23300.00,CE,NIFTY2692223300CE,0.00,0.00,0.00,1128.60,0.00,1128.60,24231.85,1182.86,0,0,0,0.00,0,F1,65,,,,,
2026-08-20,2026-08-20,FO,NSE,IDO,57519,,NIFTY,,2026-09-22,2026-09-22,24400.00,CE,NIFTY2692224400CE,280.05,280.05,250.00,260.10,260.00,440.40,24231.85,260.10,1040,1040,31,49699559.00,19,F1,65,,,,,
2026-08-20,2026-08-20,FO,NSE,IDO,57856,,NIFTY,,2026-09-22,2026-09-22,25150.00,CE,NIFTY2692225150CE,0.00,0.00,0.00,185.60,0.00,185.60,24231.85,192.55,0,0,0,0.00,0,F1,65,,,,,
2026-08-20,2026-08-20,FO,NSE,IDO,65881,,NIFTY,,2026-09-29,2026-09-29,15000.00,CE,NIFTY26SEP15000CE,0.00,0.00,0.00,10499.30,0.00,10499.30,24231.85,9338.97,0,0,0,0.00,0,F1,65,,,,,
2026-08-20,2026-08-20,FO,NSE,IDO,65887,,NIFTY,,2026-09-29,2026-09-29,18000.00,CE,NIFTY26SEP18000CE,0.00,0.00,0.00,6180.00,6180.00,6180.00,24231.85,6360.40,1235,0,0,0.00,0,F1,65,,,,,
2026-08-20,2026-08-20,FO,NSE,IDO,73877,,NIFTY,,2026-09-29,2026-09-29,22300.00,CE,NIFTY26SEP22300CE,0.00,0.00,0.00,1833.95,1831.70,1833.95,24231.85,2116.11,195,0,0,0.00,0,F1,65,,,,,
2026-08-20,2026-08-20,FO,NSE,IDO,73879,,NIFTY,,2026-09-29,2026-09-29,22350.00,CE,NIFTY26SEP22350CE,0.00,0.00,0.00,1788.15,1785.90,1788.15,24231.85,2069.09,195,0,0,0.00,0,F1,65,,,,,
2026-08-20,2026-08-20,FO,NSE,IDO,73910,,NIFTY,,2026-09-29,2026-09-29,23200.00,CE,NIFTY26SEP23200CE,1200.00,1264.30,1200.00,1234.55,1234.55,1094.60,24231.85,1234.55,12285,6760,193,306574394.75,98,F1,65,,,,,
2026-08-20,2026-08-20,FO,NSE,IDO,73927,,NIFTY,,2026-09-29,2026-09-29,23400.00,CE,NIFTY26SEP23400CE,1040.00,1084.05,1037.50,1065.00,1065.00,937.05,24231.85,1159.93,3835,-390,14,22269442.00,11,F1,65,,,,,
2026-08-20,2026-08-20,FO,NSE,IDO,73964,,NIFTY,,2026-09-29,2026-09-29,23450.00,CE,NIFTY26SEP23450CE,1029.30,1032.15,1029.30,1032.15,1032.15,917.70,24231.85,1121.83,585,-260,4,6365173.75,2,F1,65,,,,,
2026-08-20,2026-08-20,FO,NSE,IDO,73985,,NIFTY,,2026-09-29,2026-09-29,23500.00,CE,NIFTY26SEP23500CE,933.00,1011.60,922.90,963.70,962.00,839.85,24231.85,963.70,293670,11570,997,1584714667.25,840,F1,65,,,,,
2026-08-20,2026-08-20,FO,NSE,IDO,74005,,NIFTY,,2026-09-29,2026-09-29,23650.00,CE,NIFTY26SEP23650CE,800.00,877.30,800.00,858.10,858.10,730.00,24231.85,975.39,1560,-585,15,23867655.50,13,F1,65,,,,,
2026-08-20,2026-08-20,FO,NSE,IDO,74097,,NIFTY,,2026-09-29,2026-09-29,24250.00,CE,NIFTY26SEP24250CE,382.00,424.95,367.90,392.80,389.35,323.05,24231.85,392.80,76050,24050,1284,2057066911.25,896,F1,65,,,,,
2026-08-20,2026-08-20,FO,NSE,IDO,74366,,NIFTY,,2026-09-29,2026-09-29,25050.00,CE,NIFTY26SEP25050CE,75.90,79.50,65.60,71.15,71.25,61.25,24231.85,71.15,89960,15015,950,1551229043.00,600,F1,65,,,,,
2026-08-20,2026-08-20,FO,NSE,IDO,74384,,NIFTY,,2026-09-29,2026-09-29,25250.00,CE,NIFTY26SEP25250CE,46.40,46.40,38.25,41.55,42.40,39.10,24231.85,41.55,55900,13260,792,1302038062.00,582,F1,65,,,,,
2026-08-20,2026-08-20,FO,NSE,IDO,74386,,NIFTY,,2026-09-29,2026-09-29,25300.00,CE,NIFTY26SEP25300CE,36.05,42.70,33.75,36.70,36.25,34.70,24231.85,36.70,621205,47580,11100,18280846645.75,7150,F1,65,,,,,
2026-08-20,2026-08-20,FO,NSE,IDO,74495,,NIFTY,,2026-09-29,2026-09-29,26850.00,CE,NIFTY26SEP26850CE,5.15,5.85,3.35,4.15,4.15,5.75,24231.85,4.15,3445,260,16,27928280.25,10,F1,65,,,,,
2026-08-20,2026-08-20,FO,NSE,IDO,51318,,NIFTY,,2026-10-27,2026-10-27,22250.00,CE,NIFTY26OCT22250CE,0.00,0.00,0.00,2207.30,0.00,2207.30,24231.85,2313.86,0,0,0,0.00,0,F1,65,,,,,
2026-08-20,2026-08-20,FO,NSE,IDO,51328,,NIFTY,,2026-10-27,2026-10-27,22450.00,CE,NIFTY26OCT22450CE,0.00,0.00,0.00,2042.45,0.00,2042.45,24231.85,2136.10,0,0,0,0.00,0,F1,65,,,,,
2026-08-20,2026-08-20,FO,NSE,IDO,51342,,NIFTY,,2026-10-27,2026-10-27,22750.00,CE,NIFTY26OCT22750CE,0.00,0.00,0.00,1805.40,0.00,1805.40,24231.85,1878.53,0,0,0,0.00,0,F1,65,,,,,
2026-08-20,2026-08-20,FO,NSE,IDO,51358,,NIFTY,,2026-10-27,2026-10-27,23150.00,CE,NIFTY26OCT23150CE,0.00,0.00,0.00,1510.70,0.00,1510.70,24231.85,1555.61,0,0,0,0.00,0,F1,65,,,,,
2026-08-20,2026-08-20,FO,NSE,IDO,51420,,NIFTY,,2026-10-27,2026-10-27,24550.00,CE,NIFTY26OCT24550CE,394.05,413.25,394.05,402.25,404.25,348.00,24231.85,402.25,5395,130,30,48650819.75,19,F1,65,,,,,
2026-08-20,2026-08-20,FO,NSE,IDO,51448,,NIFTY,,2026-10-27,2026-10-27,25200.00,CE,NIFTY26OCT25200CE,151.15,157.65,140.40,147.80,147.40,126.70,24231.85,147.80,182000,-10530,1623,2673897515.25,1127,F1,65,,,,,
2026-08-20,2026-08-20,FO,NSE,IDO,51500,,NIFTY,,2026-10-27,2026-10-27,26250.00,CE,NIFTY26OCT26250CE,0.00,0.00,0.00,210.65,0.00,210.65,24231.85,159.25,0,0,0,0.00,0,F1,65,,,,,
2026-08-20,2026-08-20,FO,NSE,IDO,51504,,NIFTY,,2026-10-27,2026-10-27,26350.00,CE,NIFTY26OCT26350CE,0.00,0.00,0.00,194.10,0.00,194.10,24231.85,144.10,0,0,0,0.00,0,F1,65,,,,,
2026-08-20,2026-08-20,FO,NSE,IDO,58640,,NIFTY,,2026-12-29,2026-12-29,18000.00,CE,NIFTY26DEC18000CE,0.00,0.00,0.00,6570.45,6570.45,6570.45,24231.85,6649.72,1690,0,0,0.00,0,F1,65,,,,,
2026-08-20,2026-08-20,FO,NSE,IDO,55336,,NIFTY,,2026-12-29,2026-12-29,34500.00,CE,NIFTY26DEC34500CE,0.00,0.00,0.00,4.90,4.90,4.90,24231.85,0.28,975,0,0,0.00,0,F1,65,,,,,
2026-08-20,2026-08-20,FO,NSE,IDO,80270,,NIFTY,,2027-03-30,2027-03-30,22500.00,CE,NIFTY27MAR22500CE,2790.00,2790.00,2790.00,2790.00,2790.00,2650.00,24231.85,2906.66,5655,0,1,1643850.00,1,F1,65,,,,,
2026-08-20,2026-08-20,FO,NSE,IDO,55516,,NIFTY,,2028-12-26,2028-12-26,16500.00,CE,NIFTY28DEC16500CE,0.00,0.00,0.00,12176.65,0.00,12176.65,24231.85,10112.16,0,0,0,0.00,0,F1,65,,,,,
2026-08-20,2026-08-20,FO,NSE,IDO,89636,,NIFTY,,2029-06-26,2029-06-26,27000.00,CE,NIFTY29JUN27000CE,0.00,0.00,0.00,6570.40,0.00,6570.40,24231.85,3576.87,0,0,0,0.00,0,F1,65,,,,,
2026-08-20,2026-08-20,FO,NSE,IDO,55604,,NIFTY,,2029-12-24,2029-12-24,25500.00,CE,NIFTY29DEC25500CE,0.00,0.00,0.00,6500.60,0.00,6500.60,24231.85,4938.31,0,0,0,0.00,0,F1,65,,,,,
2026-08-20,2026-08-20,FO,NSE,IDO,55767,,NIFTY,,2030-12-31,2030-12-31,33000.00,PE,NIFTY30DEC33000PE,0.00,0.00,0.00,2387.30,0.00,2387.30,24231.85,3619.96,0,0,0,0.00,0,F1,65,,,,,
2026-08-20,2026-08-20,FO,NSE,IDO,55759,,NIFTY,,2030-12-31,2030-12-31,27000.00,PE,NIFTY30DEC27000PE,0.00,0.00,0.00,779.50,0.00,779.50,24231.85,1445.77,0,0,0,0.00,0,F1,65,,,,,
2026-08-20,2026-08-20,FO,NSE,IDO,55601,,NIFTY,,2029-12-24,2029-12-24,19500.00,PE,NIFTY29DEC19500PE,0.00,0.00,0.00,61.20,0.00,61.20,24231.85,187.59,0,0,0,0.00,0,F1,65,,,,,
2026-08-20,2026-08-20,FO,NSE,IDO,89635,,NIFTY,,2029-06-26,2029-06-26,26000.00,PE,NIFTY29JUN26000PE,0.00,0.00,0.00,1650.00,1650.00,1650.00,24231.85,1405.77,50,0,0,0.00,0,F1,65,,,,,
2026-08-20,2026-08-20,FO,NSE,IDO,55561,,NIFTY,,2029-06-26,2029-06-26,22500.00,PE,NIFTY29JUN22500PE,0.00,0.00,0.00,224.45,0.00,224.45,24231.85,542.65,0,0,0,0.00,0,F1,65,,,,,
2026-08-20,2026-08-20,FO,NSE,IDO,67795,,NIFTY,,2028-12-26,2028-12-26,30000.00,PE,NIFTY28DEC30000PE,0.00,0.00,0.00,2352.75,0.00,2352.75,24231.85,3308.03,0,0,0,0.00,0,F1,65,,,,,
2026-08-20,2026-08-20,FO,NSE,IDO,55521,,NIFTY,,2028-12-26,2028-12-26,22500.00,PE,NIFTY28DEC22500PE,0.00,0.00,0.00,218.80,0.00,218.80,24231.85,534.88,0,0,0,0.00,0,F1,65,,,,,
2026-08-20,2026-08-20,FO,NSE,IDO,67777,,NIFTY,,2028-12-26,2028-12-26,21000.00,PE,NIFTY28DEC21000PE,355.00,440.00,355.00,440.00,440.00,362.00,24231.85,303.52,7775,0,2,2781675.00,2,F1,65,,,,,
2026-08-20,2026-08-20,FO,NSE,IDO,55477,,NIFTY,,2028-06-27,2028-06-27,25500.00,PE,NIFTY28JUN25500PE,0.00,0.00,0.00,667.45,0.00,667.45,24231.85,1356.12,0,0,0,0.00,0,F1,65,,,,,
2026-08-20,2026-08-20,FO,NSE,IDO,86148,,NIFTY,,2028-06-27,2028-06-27,22000.00,PE,NIFTY28JUN22000PE,0.00,0.00,0.00,383.05,383.05,383.05,24231.85,419.88,1300,0,0,0.00,0,F1,65,,,,,
2026-08-20,2026-08-20,FO,NSE,IDO,86140,,NIFTY,,2028-06-27,2028-06-27,18000.00,PE,NIFTY28JUN18000PE,0.00,0.00,0.00,396.75,0.00,396.75,24231.85,51.15,0,0,0,0.00,0,F1,65,,,,,
2026-08-20,2026-08-20,FO,NSE,IDO,35347,,NIFTY,,2027-12-28,2027-12-28,30000.00,PE,NIFTY27DEC30000PE,0.00,0.00,0.00,3339.00,3339.00,3339.00,24231.85,3978.34,195,0,0,0.00,0,F1,65,,,,,
2026-08-20,2026-08-20,FO,NSE,IDO,55425,,NIFTY,,2027-12-28,2027-12-28,22500.00,PE,NIFTY27DEC22500PE,0.00,0.00,0.00,186.50,0.00,186.50,24231.85,463.65,0,0,0,0.00,0,F1,65,,,,,
2026-08-20,2026-08-20,FO,NSE,IDO,55423,,NIFTY,,2027-12-28,2027-12-28,19500.00,PE,NIFTY27DEC19500PE,0.00,0.00,0.00,29.25,0.00,29.25,24231.85,90.92,0,0,0,0.00,0,F1,65,,,,,
2026-08-20,2026-08-20,FO,NSE,IDO,47193,,NIFTY,,2027-06-29,2027-06-29,33000.00,PE,NIFTY27JUN33000PE,0.00,0.00,0.00,4691.70,0.00,4691.70,24231.85,7050.79,0,0,0,0.00,0,F1,65,,,,,
2026-08-20,2026-08-20,FO,NSE,IDO,80314,,NIFTY,,2027-03-30,2027-03-30,33000.00,PE,NIFTY27MAR33000PE,0.00,0.00,0.00,8415.45,0.00,8415.45,24231.85,7503.64,0,0,0,0.00,0,F1,65,,,,,
2026-08-20,2026-08-20,FO,NSE,IDO,58629,,NIFTY,,2026-12-29,2026-12-29,12000.00,PE,NIFTY26DEC12000PE,8.00,8.00,8.00,8.00,8.00,5.10,24231.85,0.00,18215,260,4,3122080.00,1,F1,65,,,,,
2026-08-20,2026-08-20,FO,NSE,IDO,51515,,NIFTY,,2026-10-27,2026-10-27,26600.00,PE,NIFTY26OCT26600PE,0.00,0.00,0.00,2372.55,0.00,2372.55,24231.85,2157.43,0,0,0,0.00,0,F1,65,,,,,
2026-08-20,2026-08-20,FO,NSE,IDO,51491,,NIFTY,,2026-10-27,2026-10-27,26000.00,PE,NIFTY26OCT26000PE,1524.00,1524.00,1431.00,1481.95,1489.90,1619.50,24231.85,1481.95,56290,9490,195,348361887.25,162,F1,65,,,,,
2026-08-20,2026-08-20,FO,NSE,IDO,51473,,NIFTY,,2026-10-27,2026-10-27,25600.00,PE,NIFTY26OCT25600PE,0.00,0.00,0.00,994.25,994.25,994.25,24231.85,1350.34,195,0,0,0.00,0,F1,65,,,,,
2026-08-20,2026-08-20,FO,NSE,IDO,51449,,NIFTY,,2026-10-27,2026-10-27,25200.00,PE,NIFTY26OCT25200PE,798.00,825.30,771.25,807.20,811.00,929.05,24231.85,807.20,7735,1755,115,194415542.75,111,F1,65,,,,,
2026-08-20,2026-08-20,FO,NSE,IDO,51441,,NIFTY,,2026-10-27,2026-10-27,25000.00,PE,NIFTY26OCT25000PE,699.15,699.15,621.60,671.65,677.70,780.65,24231.85,671.65,390455,46605,3418,5701407754.25,3105,F1,65,,,,,
2026-08-20,2026-08-20,FO,NSE,IDO,51433,,NIFTY,,2026-10-27,2026-10-27,24850.00,PE,NIFTY26OCT24850PE,0.00,0.00,0.00,510.05,510.05,510.05,24231.85,857.14,1430,0,0,0.00,0,F1,65,,,,,
2026-08-20,2026-08-20,FO,NSE,IDO,51431,,NIFTY,,2026-10-27,2026-10-27,24800.00,PE,NIFTY26OCT24800PE,559.95,568.80,505.80,547.00,546.50,648.80,24231.85,547.00,81250,39975,1052,1732692601.25,967,F1,65,,,,,
2026-08-20,2026-08-20,FO,NSE,IDO,51407,,NIFTY,,2026-10-27,2026-10-27,24300.00,PE,NIFTY26OCT24300PE,328.55,331.50,292.00,315.90,320.00,387.80,24231.85,315.90,53170,2600,366,585619463.00,242,F1,65,,,,,
2026-08-20,2026-08-20,FO,NSE,IDO,51371,,NIFTY,,2026-10-27,2026-10-27,23450.00,PE,NIFTY26OCT23450PE,113.45,116.00,102.55,109.15,109.40,138.55,24231.85,109.15,27170,-780,108,165386568.75,54,F1,65,,,,,
2026-08-20,2026-08-20,FO,NSE,IDO,51357,,NIFTY,,2026-10-27,2026-10-27,23100.00,PE,NIFTY26OCT23100PE,77.00,77.00,64.95,70.00,70.80,91.25,24231.85,70.00,59475,15405,605,911162720.00,391,F1,65,,,,,
2026-08-20,2026-08-20,FO,NSE,IDO,65930,,NIFTY,,2026-09-29,2026-09-29,33000.00,PE,NIFTY26SEP33000PE,0.00,0.00,0.00,6552.15,0.00,6552.15,24231.85,8532.48,0,0,0,0.00,0,F1,65,,,,,
2026-08-20,2026-08-20,FO,NSE,IDO,74506,,NIFTY,,2026-09-29,2026-09-29,27150.00,PE,NIFTY26SEP27150PE,0.00,0.00,0.00,2959.15,0.00,2959.15,24231.85,2737.13,0,0,0,0.00,0,F1,65,,,,,
2026-08-20,2026-08-20,FO,NSE,IDO,74417,,NIFTY,,2026-09-29,2026-09-29,25700.00,PE,NIFTY26SEP25700PE,1325.00,1325.00,1267.00,1295.45,1295.40,1442.35,24231.85,1295.45,1430,715,21,36830813.50,20,F1,65,,,,,
2026-08-20,2026-08-20,FO,NSE,IDO,74415,,NIFTY,,2026-09-29,2026-09-29,25650.00,PE,NIFTY26SEP25650PE,0.00,0.00,0.00,1016.85,1016.85,1016.85,24231.85,1365.93,65,0,0,0.00,0,F1,65,,,,,
2026-08-20,2026-08-20,FO,NSE,IDO,74364,,NIFTY,,2026-09-29,2026-09-29,24950.00,PE,NIFTY26SEP24950PE,636.05,637.10,594.70,637.05,637.10,774.00,24231.85,637.05,6695,-130,8,13297856.00,8,F1,65,,,,,
2026-08-20,2026-08-20,FO,NSE,IDO,74356,,NIFTY,,2026-09-29,2026-09-29,24750.00,PE,NIFTY26SEP24750PE,524.85,524.85,466.85,478.20,478.20,619.15,24231.85,715.29,35620,-845,48,78763174.75,41,F1,65,,,,,
2026-08-20,2026-08-20,FO,NSE,IDO,73928,,NIFTY,,2026-09-29,2026-09-29,23400.00,PE,NIFTY26SEP23400PE,71.00,71.00,52.20,59.35,61.25,84.55,24231.85,59.35,609050,8580,10120,15431007033.00,5941,F1,65,,,,,
2026-08-20,2026-08-20,FO,NSE,IDO,73888,,NIFTY,,2026-09-29,2026-09-29,22600.00,PE,NIFTY26SEP22600PE,23.00,24.30,20.25,21.30,22.00,28.75,24231.85,21.30,273715,-845,1997,2936397499.75,1326,F1,65,,,,,
2026-08-20,2026-08-20,FO,NSE,IDO,73886,,NIFTY,,2026-09-29,2026-09-29,22550.00,PE,NIFTY26SEP22550PE,24.20,24.25,19.55,20.40,20.95,26.70,24231.85,20.40,7215,-325,230,337443512.25,152,F1,65,,,,,
2026-08-20,2026-08-20,FO,NSE,IDO,73864,,NIFTY,,2026-09-29,2026-09-29,21950.00,PE,NIFTY26SEP21950PE,0.00,0.00,0.00,15.80,15.80,15.80,24231.85,11.86,10335,0,0,0.00,0,F1,65,,,,,
2026-08-20,2026-08-20,FO,NSE,IDO,65894,,NIFTY,,2026-09-29,2026-09-29,21000.00,PE,NIFTY26SEP21000PE,9.55,10.25,8.55,9.25,8.90,10.60,24231.85,9.25,1449435,-9035,3314,4525629221.75,1099,F1,65,,,,,
2026-08-20,2026-08-20,FO,NSE,IDO,58008,,NIFTY,,2026-09-22,2026-09-22,25750.00,PE,NIFTY2692225750PE,0.00,0.00,0.00,1525.75,0.00,1525.75,24231.85,1448.15,0,0,0,0.00,0,F1,65,,,,,
2026-08-20,2026-08-20,FO,NSE,IDO,57867,,NIFTY,,2026-09-22,2026-09-22,25200.00,PE,NIFTY2692225200PE,0.00,0.00,0.00,1072.35,0.00,1072.35,24231.85,1000.97,0,0,0,0.00,0,F1,65,,,,,
2026-08-20,2026-08-20,FO,NSE,IDO,57380,,NIFTY,,2026-09-22,2026-09-22,24150.00,PE,NIFTY2692224150PE,0.00,0.00,0.00,419.35,0.00,419.35,24231.85,369.68,0,0,0,0.00,0,F1,65,,,,,
2026-08-20,2026-08-20,FO,NSE,IDO,56934,,NIFTY,,2026-09-22,2026-09-22,22800.00,PE,NIFTY2692222800PE,0.00,0.00,0.00,60.35,0.00,60.35,24231.85,46.50,0,0,0,0.00,0,F1,65,,,,,
2026-08-20,2026-08-20,FO,NSE,IDO,56906,,NIFTY,,2026-09-22,2026-09-22,22700.00,PE,NIFTY2692222700PE,0.00,0.00,0.00,50.15,0.00,50.15,24231.85,38.12,0,0,0,0.00,0,F1,65,,,,,
2026-08-20,2026-08-20,FO,NSE,IDO,56836,,NIFTY,,2026-09-22,2026-09-22,22350.00,PE,NIFTY2692222350PE,0.00,0.00,0.00,24.90,0.00,24.90,24231.85,17.95,0,0,0,0.00,0,F1,65,,,,,
2026-08-20,2026-08-20,FO,NSE,IDO,47404,,NIFTY,,2026-09-15,2026-09-15,25650.00,PE,NIFTY2691525650PE,0.00,0.00,0.00,1183.55,0.00,1183.55,24231.85,1368.32,0,0,0,0.00,0,F1,65,,,,,
2026-08-20,2026-08-20,FO,NSE,IDO,47366,,NIFTY,,2026-09-15,2026-09-15,25050.00,PE,NIFTY2691525050PE,0.00,0.00,0.00,751.70,0.00,751.70,24231.85,874.89,0,0,0,0.00,0,F1,65,,,,,
2026-08-20,2026-08-20,FO,NSE,IDO,47302,,NIFTY,,2026-09-15,2026-09-15,23600.00,PE,NIFTY2691523600PE,0.00,0.00,0.00,143.35,0.00,143.35,24231.85,148.09,0,0,0,0.00,0,F1,65,,,,,
2026-08-20,2026-08-20,FO,NSE,IDO,47300,,NIFTY,,2026-09-15,2026-09-15,23550.00,PE,NIFTY2691523550PE,0.00,0.00,0.00,133.00,0.00,133.00,24231.85,136.15,0,0,0,0.00,0,F1,65,,,,,
2026-08-20,2026-08-20,FO,NSE,IDO,47288,,NIFTY,,2026-09-15,2026-09-15,23250.00,PE,NIFTY2691523250PE,0.00,0.00,0.00,82.50,0.00,82.50,24231.85,79.09,0,0,0,0.00,0,F1,65,,,,,
2026-08-20,2026-08-20,FO,NSE,IDO,47284,,NIFTY,,2026-09-15,2026-09-15,23150.00,PE,NIFTY2691523150PE,41.70,41.70,16.75,17.60,17.90,69.55,24231.85,17.60,4160,4160,116,174689641.75,82,F1,65,,,,,
2026-08-20,2026-08-20,FO,NSE,IDO,47266,,NIFTY,,2026-09-15,2026-09-15,22700.00,PE,NIFTY2691522700PE,11.60,11.75,9.30,10.10,10.10,15.10,24231.85,10.10,20475,1300,101,149093405.50,40,F1,65,,,,,
2026-08-20,2026-08-20,FO,NSE,IDO,42706,,NIFTY,,2026-09-08,2026-09-08,25350.00,PE,NIFTY2690825350PE,0.00,0.00,0.00,1029.90,1029.90,1029.90,24231.85,1098.88,65,0,0,0.00,0,F1,65,,,,,
2026-08-20,2026-08-20,FO,NSE,IDO,42698,,NIFTY,,2026-09-08,2026-09-08,25200.00,PE,NIFTY2690825200PE,0.00,0.00,0.00,723.75,723.75,723.75,24231.85,970.90,455,0,0,0.00,0,F1,65,,,,,
2026-08-20,2026-08-20,FO,NSE,IDO,42695,,NIFTY,,2026-09-08,2026-09-08,25150.00,PE,NIFTY2690825150PE,0.00,0.00,0.00,731.90,0.00,731.90,24231.85,929.49,0,0,0,0.00,0,F1,65,,,,,
2026-08-20,2026-08-20,FO,NSE,IDO,42684,,NIFTY,,2026-09-08,2026-09-08,25000.00,PE,NIFTY2690825000PE,705.10,717.00,630.05,683.65,684.25,840.40,24231.85,683.65,7930,2665,105,175285298.50,83,F1,65,,,,,
2026-08-20,2026-08-20,FO,NSE,IDO,42614,,NIFTY,,2026-09-08,2026-09-08,23500.00,PE,NIFTY2690823500PE,35.00,35.00,18.25,21.30,22.80,45.75,24231.85,21.30,635700,379080,18901,28898750715.25,9284,F1,65,,,,,
2026-08-20,2026-08-20,FO,NSE,IDO,42598,,NIFTY,,2026-09-08,2026-09-08,23150.00,PE,NIFTY2690823150PE,14.00,14.40,10.05,10.65,10.55,19.85,24231.85,10.65,33215,585,478,719654802.75,314,F1,65,,,,,
2026-08-20,2026-08-20,FO,NSE,IDO,47095,,NIFTY,,2026-09-01,2026-09-01,26650.00,PE,NIFTY2690126650PE,0.00,0.00,0.00,2313.10,0.00,2313.10,24231.85,2365.28,0,0,0,0.00,0,F1,65,,,,,
2026-08-20,2026-08-20,FO,NSE,IDO,47076,,NIFTY,,2026-09-01,2026-09-01,26250.00,PE,NIFTY2690126250PE,0.00,0.00,0.00,1944.45,0.00,1944.45,24231.85,1966.90,0,0,0,0.00,0,F1,65,,,,,
