TradDt,BizDt,Sgmt,Src,FinInstrmTp,FinInstrmId,ISIN,TckrSymb,SctySrs,XpryDt,FininstrmActlXpryDt,StrkPric,OptnTp,FinInstrmNm,OpnPric,HghPric,LwPric,ClsPric,LastPric,PrvsClsgPric,UndrlygPric,SttlmPric,OpnIntrst,ChngInOpnIntrst,TtlTradgVol,TtlTrfVal,TtlNbOfTxsExctd,SsnId,NewBrdLotQty,Rmks,Rsvd1,Rsvd2,Rsvd3,Rsvd4
2026-07-23,2026-07-23,FO,NSE,IDO,70794,,BANKNIFTY,,2027-06-29,2027-06-29,58500.00,CE,BANKNIFTY27JUN58500CE,0.00,0.00,0.00,6124.45,0.00,6124.45,56592.00,5354.70,0,0,0,0.00,0,F1,30,,,,,
2026-07-23,2026-07-23,FO,NSE,IDO,61636,,BANKNIFTY,,2026-07-28,2026-07-28,48000.00,PE,BANKNIFTY26JUL48000PE,2.25,3.20,1.40,1.95,1.80,2.20,56592.00,1.95,58410,990,595,856841523.00,259,F1,30,,,,,
2026-07-23,2026-07-23,FO,NSE,IDO,61658,,BANKNIFTY,,2026-07-28,2026-07-28,49000.00,PE,BANKNIFTY26JUL49000PE,2.15,3.50,1.80,2.10,1.85,2.30,56592.00,2.10,55950,-3540,711,1045223866.50,519,F1,30,,,,,
2026-07-23,2026-07-23,FO,NSE,IDO,61666,,BANKNIFTY,,2026-07-28,2026-07-28,49300.00,PE,BANKNIFTY26JUL49300PE,0.00,0.00,0.00,3.15,3.15,3.15,56592.00,0.00,420,0,0,0.00,0,F1,30,,,,,
2026-07-23,2026-07-23,FO,NSE,IDO,61711,,BANKNIFTY,,2026-07-28,2026-07-28,51200.00,PE,BANKNIFTY26JUL51200PE,3.45,3.90,2.50,2.80,2.75,3.40,56592.00,2.80,7770,1770,110,168970288.50,58,F1,30,,,,,
2026-07-23,2026-07-23,FO,NSE,IDO,61728,,BANKNIFTY,,2026-07-28,2026-07-28,51800.00,PE,BANKNIFTY26JUL51800PE,3.35,3.95,2.70,3.75,3.95,4.60,56592.00,3.75,3120,360,75,116557986.00,27,F1,30,,,,,
2026-07-23,2026-07-23,FO,NSE,IDO,61746,,BANKNIFTY,,2026-07-28,2026-07-28,52600.00,PE,BANKNIFTY26JUL52600PE,5.30,5.90,3.50,3.60,3.55,4.60,56592.00,3.60,3600,240,125,197267403.00,54,F1,30,,,,,
2026-07-23,2026-07-23,FO,NSE,IDO,61761,,BANKNIFTY,,2026-07-28,2026-07-28,53200.00,PE,BANKNIFTY26JUL53200PE,5.20,7.10,4.20,5.05,4.30,5.60,56592.00,5.05,16680,-2310,1262,2014371112.50,504,F1,30,,,,,
2026-07-23,2026-07-23,FO,NSE,IDO,61781,,BANKNIFTY,,2026-07-28,2026-07-28,53800.00,PE,BANKNIFTY26JUL53800PE,7.85,10.15,5.70,7.00,6.05,7.35,56592.00,7.00,25470,-690,2500,4035609667.50,1235,F1,30,,,,,
2026-07-23,2026-07-23,FO,NSE,IDO,61816,,BANKNIFTY,,2026-07-28,2026-07-28,55200.00,PE,BANKNIFTY26JUL55200PE,41.95,64.80,23.45,38.00,35.50,30.40,56592.00,38.00,96060,-1620,19180,31786147630.50,10156,F1,30,,,,,
2026-07-23,2026-07-23,FO,NSE,IDO,70793,,BANKNIFTY,,2027-06-29,2027-06-29,57000.00,PE,BANKNIFTY27JUN57000PE,0.00,0.00,0.00,2963.90,0.00,2963.90,56592.00,3112.10,0,0,0,0.00,0,F1,30,,,,,
2026-07-23,2026-07-23,FO,NSE,IDO,70787,,BANKNIFTY,,2027-06-29,2027-06-29,54000.00,PE,BANKNIFTY27JUN54000PE,0.00,0.00,0.00,1949.60,0.00,1949.60,56592.00,2032.55,0,0,0,0.00,0,F1,30,,,,,
2026-07-23,2026-07-23,FO,NSE,IDO,70764,,BANKNIFTY,,2027-06-29,2027-06-29,49500.00,PE,BANKNIFTY27JUN49500PE,0.00,0.00,0.00,905.05,0.00,905.05,56592.00,929.75,0,0,0,0.00,0,F1,30,,,,,
2026-07-23,2026-07-23,FO,NSE,IDO,61872,,BANKNIFTY,,2026-07-28,2026-07-28,57200.00,PE,BANKNIFTY26JUL57200PE,454.65,900.00,454.65,690.20,692.00,450.90,56592.00,690.20,78300,-81450,34022,59019249288.00,24709,F1,30,,,,,
2026-07-23,2026-07-23,FO,NSE,IDO,61878,,BANKNIFTY,,2026-07-28,2026-07-28,57500.00,PE,BANKNIFTY26JUL57500PE,750.00,1149.75,680.00,922.40,918.00,612.95,56592.00,922.40,371220,-199710,41139,72040206759.00,26104,F1,30,,,,,
2026-07-23,2026-07-23,FO,NSE,IDO,61904,,BANKNIFTY,,2026-07-28,2026-07-28,58600.00,PE,BANKNIFTY26JUL58600PE,1739.80,2150.00,1633.70,1948.05,1948.35,1442.70,56592.00,1948.05,59940,-2580,453,821354092.50,235,F1,30,,,,,
2026-07-23,2026-07-23,FO,NSE,IDO,61942,,BANKNIFTY,,2026-07-28,2026-07-28,59600.00,PE,BANKNIFTY26JUL59600PE,2903.10,2903.10,2903.10,2903.10,2903.10,2485.75,56592.00,2903.10,3180,0,2,3750186.00,1,F1,30,,,,,
2026-07-23,2026-07-23,FO,NSE,IDO,61948,,BANKNIFTY,,2026-07-28,2026-07-28,59700.00,PE,BANKNIFTY26JUL59700PE,0.00,0.00,0.00,2621.00,2621.00,2621.00,56592.00,3066.60,2790,0,0,0.00,0,F1,30,,,,,
2026-07-23,2026-07-23,FO,NSE,IDO,61952,,BANKNIFTY,,2026-07-28,2026-07-28,59900.00,PE,BANKNIFTY26JUL59900PE,3213.70,3213.70,3213.70,3213.70,3213.70,2853.95,56592.00,3213.70,1230,0,1,1893411.00,1,F1,30,,,,,
2026-07-23,2026-07-23,FO,NSE,IDO,61958,,BANKNIFTY,,2026-07-28,2026-07-28,60000.00,PE,BANKNIFTY26JUL60000PE,2834.75,3564.35,2834.75,3327.35,3317.90,2811.30,56592.00,3327.35,541680,-43020,3845,7305205755.00,2795,F1,30,,,,,
2026-07-23,2026-07-23,FO,NSE,IDO,61964,,BANKNIFTY,,2026-07-28,2026-07-28,60100.00,PE,BANKNIFTY26JUL60100PE,0.00,0.00,0.00,3048.50,3048.50,3048.50,56592.00,3461.75,720,0,0,0.00,0,F1,30,,,,,
2026-07-23,2026-07-23,FO,NSE,IDO,61992,,BANKNIFTY,,2026-07-28,2026-07-28,60800.00,PE,BANKNIFTY26JUL60800PE,0.00,0.00,0.00,3056.75,3056.75,3056.75,56592.00,4158.25,450,0,0,0.00,0,F1,30,,,,,
2026-07-23,2026-07-23,FO,NSE,IDO,62028,,BANKNIFTY,,2026-07-28,2026-07-28,61800.00,PE,BANKNIFTY26JUL61800PE,0.00,0.00,0.00,6141.35,0.00,6141.35,56592.00,5156.65,0,0,0,0.00,0,F1,30,,,,,
2026-07-23,2026-07-23,FO,NSE,IDO,62072,,BANKNIFTY,,2026-07-28,2026-07-28,62900.00,PE,BANKNIFTY26JUL62900PE,0.00,0.00,0.00,7060.75,0.00,7060.75,56592.00,6255.65,0,0,0,0.00,0,F1,30,,,,,
2026-07-23,2026-07-23,FO,NSE,IDO,62092,,BANKNIFTY,,2026-07-28,2026-07-28,63800.00,PE,BANKNIFTY26JUL63800PE,0.00,0.00,0.00,7841.85,0.00,7841.85,56592.00,7154.90,0,0,0,0.00,0,F1,30,,,,,
2026-07-23,2026-07-23,FO,NSE,IDO,58737,,BANKNIFTY,,2026-08-25,2026-08-25,47000.00,PE,BANKNIFTY26AUG47000PE,16.00,17.80,14.35,15.25,14.35,14.35,56592.00,15.25,2100,1320,52,73344781.50,41,F1,30,,,,,
2026-07-23,2026-07-23,FO,NSE,IDO,58909,,BANKNIFTY,,2026-08-25,2026-08-25,51600.00,PE,BANKNIFTY26AUG51600PE,44.55,63.30,44.55,56.25,53.35,44.95,56592.00,56.25,840,390,38,58882896.00,15,F1,30,,,,,
2026-07-23,2026-07-23,FO,NSE,IDO,58981,,BANKNIFTY,,2026-08-25,2026-08-25,54100.00,PE,BANKNIFTY26AUG54100PE,172.50,268.10,172.50,230.95,234.90,165.15,56592.00,230.95,1620,450,40,65198508.00,31,F1,30,,,,,
2026-07-23,2026-07-23,FO,NSE,IDO,59005,,BANKNIFTY,,2026-08-25,2026-08-25,55000.00,PE,BANKNIFTY26AUG55000PE,327.55,442.00,284.25,379.60,376.95,280.65,56592.00,379.60,256260,30480,11917,19793410789.50,6800,F1,30,,,,,
2026-07-23,2026-07-23,FO,NSE,IDO,59078,,BANKNIFTY,,2026-08-25,2026-08-25,56900.00,PE,BANKNIFTY26AUG56900PE,907.95,1126.00,819.10,997.30,987.00,772.95,56592.00,997.30,5040,1050,866,1502831962.50,552,F1,30,,,,,
2026-07-23,2026-07-23,FO,NSE,IDO,59123,,BANKNIFTY,,2026-08-25,2026-08-25,58300.00,PE,BANKNIFTY26AUG58300PE,1625.60,1938.95,1625.60,1811.00,1811.00,1425.65,56592.00,2224.25,10590,-120,19,34229992.50,17,F1,30,,,,,
2026-07-23,2026-07-23,FO,NSE,IDO,59150,,BANKNIFTY,,2026-08-25,2026-08-25,59200.00,PE,BANKNIFTY26AUG59200PE,2334.20,2334.20,2269.80,2269.80,2269.80,2065.40,56592.00,2851.60,600,0,2,3690120.00,2,F1,30,,,,,
2026-07-23,2026-07-23,FO,NSE,IDO,59156,,BANKNIFTY,,2026-08-25,2026-08-25,59500.00,PE,BANKNIFTY26AUG59500PE,2433.45,2900.00,2429.65,2738.75,2727.50,2271.50,56592.00,2738.75,32670,1380,99,184797753.00,49,F1,30,,,,,
2026-07-23,2026-07-23,FO,NSE,IDO,59229,,BANKNIFTY,,2026-08-25,2026-08-25,61200.00,PE,BANKNIFTY26AUG61200PE,0.00,0.00,0.00,5879.50,0.00,5879.50,56592.00,4476.75,0,0,0,0.00,0,F1,30,,,,,
2026-07-23,2026-07-23,FO,NSE,IDO,59253,,BANKNIFTY,,2026-08-25,2026-08-25,61900.00,PE,BANKNIFTY26AUG61900PE,0.00,0.00,0.00,6452.10,0.00,6452.10,56592.00,5100.75,0,0,0,0.00,0,F1,30,,,,,
2026-07-23,2026-07-23,FO,NSE,IDO,59318,,BANKNIFTY,,2026-08-25,2026-08-25,64000.00,PE,BANKNIFTY26AUG64000PE,6400.00,6400.00,6400.00,6400.00,6400.00,6500.00,56592.00,7074.20,810,30,1,2112000.00,1,F1,30,,,,,
2026-07-23,2026-07-23,FO,NSE,IDO,59322,,BANKNIFTY,,2026-08-25,2026-08-25,64200.00,PE,BANKNIFTY26AUG64200PE,0.00,0.00,0.00,8446.15,0.00,8446.15,56592.00,7267.40,0,0,0,0.00,0,F1,30,,,,,
2026-07-23,2026-07-23,FO,NSE,IDO,69604,,BANKNIFTY,,2026-09-29,2026-09-29,50500.00,PE,BANKNIFTY26SEP50500PE,0.00,0.00,0.00,217.55,0.00,217.55,56592.00,180.55,0,0,0,0.00,0,F1,30,,,,,
2026-07-23,2026-07-23,FO,NSE,IDO,69657,,BANKNIFTY,,2026-09-29,2026-09-29,51500.00,PE,BANKNIFTY26SEP51500PE,0.00,0.00,0.00,325.00,0.00,325.00,56592.00,287.80,0,0,0,0.00,0,F1,30,,,,,
2026-07-23,2026-07-23,FO,NSE,IDO,69661,,BANKNIFTY,,2026-09-29,2026-09-29,51700.00,PE,BANKNIFTY26SEP51700PE,0.00,0.00,0.00,350.75,0.00,350.75,56592.00,314.25,0,0,0,0.00,0,F1,30,,,,,
2026-07-23,2026-07-23,FO,NSE,IDO,52287,,BANKNIFTY,,2026-09-29,2026-09-29,54000.00,PE,BANKNIFTY26SEP54000PE,334.75,423.70,312.55,380.20,377.20,305.55,56592.00,380.20,78690,6630,919,1499011474.50,481,F1,30,,,,,
2026-07-23,2026-07-23,FO,NSE,IDO,61941,,BANKNIFTY,,2026-07-28,2026-07-28,59600.00,CE,BANKNIFTY26JUL59600CE,11.25,12.70,6.95,7.75,7.30,16.20,56592.00,7.75,99030,-12990,8125,14530020451.50,4639,F1,30,,,,,
2026-07-23,2026-07-23,FO,NSE,IDO,61873,,BANKNIFTY,,2026-07-28,2026-07-28,57300.00,CE,BANKNIFTY26JUL57300CE,290.00,298.60,120.00,144.10,147.00,394.90,56592.00,144.10,330930,54060,56569,97553602120.50,39956,F1,30,,,,,
2026-07-23,2026-07-23,FO,NSE,IDO,62012,,BANKNIFTY,,2026-07-28,2026-07-28,61300.00,CE,BANKNIFTY26JUL61300CE,4.05,6.40,3.00,3.70,3.50,5.25,56592.00,3.70,13620,-6540,908,1669932081.00,393,F1,30,,,,,
2026-07-23,2026-07-23,FO,NSE,IDO,62153,,BANKNIFTY,,2026-07-28,2026-07-28,66000.00,CE,BANKNIFTY26JUL66000CE,1.15,2.15,0.70,1.00,0.75,1.35,56592.00,1.00,85350,-450,3302,6538092859.50,1164,F1,30,,,,,
2026-07-23,2026-07-23,FO,NSE,IDO,58810,,BANKNIFTY,,2026-08-25,2026-08-25,48900.00,CE,BANKNIFTY26AUG48900CE,0.00,0.00,0.00,7186.90,0.00,7186.90,56592.00,7992.25,0,0,0,0.00,0,F1,30,,,,,
2026-07-23,2026-07-23,FO,NSE,IDO,58848,,BANKNIFTY,,2026-08-25,2026-08-25,49800.00,CE,BANKNIFTY26AUG49800CE,0.00,0.00,0.00,6416.75,0.00,6416.75,56592.00,7109.40,0,0,0,0.00,0,F1,30,,,,,
2026-07-23,2026-07-23,FO,NSE,IDO,58852,,BANKNIFTY,,2026-08-25,2026-08-25,50000.00,CE,BANKNIFTY26AUG50000CE,7014.40,7200.30,6656.45,6857.75,6842.85,7353.35,56592.00,6857.75,74640,28020,1051,1795157340.00,714,F1,30,,,,,
2026-07-23,2026-07-23,FO,NSE,IDO,58862,,BANKNIFTY,,2026-08-25,2026-08-25,50300.00,CE,BANKNIFTY26AUG50300CE,0.00,0.00,0.00,6003.65,0.00,6003.65,56592.00,6623.60,0,0,0,0.00,0,F1,30,,,,,
2026-07-23,2026-07-23,FO,NSE,IDO,58918,,BANKNIFTY,,2026-08-25,2026-08-25,51900.00,CE,BANKNIFTY26AUG51900CE,0.00,0.00,0.00,4766.95,0.00,4766.95,56592.00,5110.10,0,0,0,0.00,0,F1,30,,,,,
2026-07-23,2026-07-23,FO,NSE,IDO,59000,,BANKNIFTY,,2026-08-25,2026-08-25,54800.00,CE,BANKNIFTY26AUG54800CE,2600.05,2626.15,2437.75,2437.75,2437.75,2854.10,56592.00,2706.35,300,150,7,12040968.00,5,F1,30,,,,,
2026-07-23,2026-07-23,FO,NSE,IDO,59090,,BANKNIFTY,,2026-08-25,2026-08-25,57500.00,CE,BANKNIFTY26AUG57500CE,903.30,908.45,662.70,731.90,730.55,1010.05,56592.00,731.90,195330,56760,9637,16843715857.50,6473,F1,30,,,,,
2026-07-23,2026-07-23,FO,NSE,IDO,59108,,BANKNIFTY,,2026-08-25,2026-08-25,58000.00,CE,BANKNIFTY26AUG58000CE,650.00,684.45,481.70,534.45,526.55,765.65,56592.00,534.45,563760,184560,20352,35757838465.50,13125,F1,30,,,,,
2026-07-23,2026-07-23,FO,NSE,IDO,59119,,BANKNIFTY,,2026-08-25,2026-08-25,58300.00,CE,BANKNIFTY26AUG58300CE,500.00,569.00,395.55,434.70,427.75,635.70,56592.00,434.70,13500,2940,483,851342901.00,368,F1,30,,,,,
2026-07-23,2026-07-23,FO,NSE,IDO,59167,,BANKNIFTY,,2026-08-25,2026-08-25,60000.00,CE,BANKNIFTY26AUG60000CE,158.00,173.55,104.15,113.75,110.00,182.30,56592.00,113.75,478440,84990,17497,31559679423.00,9211,F1,30,,,,,
2026-07-23,2026-07-23,FO,NSE,IDO,59221,,BANKNIFTY,,2026-08-25,2026-08-25,61000.00,CE,BANKNIFTY26AUG61000CE,70.00,73.05,50.10,54.55,55.00,82.10,56592.00,54.55,214140,13260,8586,15727659772.50,3801,F1,30,,,,,
2026-07-23,2026-07-23,FO,NSE,IDO,52282,,BANKNIFTY,,2026-09-29,2026-09-29,51000.00,CE,BANKNIFTY26SEP51000CE,0.00,0.00,0.00,7836.25,0.00,7836.25,56592.00,6445.40,0,0,0,0.00,0,F1,30,,,,,
2026-07-23,2026-07-23,FO,NSE,IDO,70016,,BANKNIFTY,,2026-09-29,2026-09-29,60300.00,PE,BANKNIFTY26SEP60300PE,0.00,0.00,0.00,3489.75,0.00,3489.75,56592.00,3910.55,0,0,0,0.00,0,F1,30,,,,,
2026-07-23,2026-07-23,FO,NSE,IDO,52298,,BANKNIFTY,,2026-09-29,2026-09-29,55500.00,PE,BANKNIFTY26SEP55500PE,625.00,747.30,565.60,690.45,690.50,544.40,56592.00,690.45,80820,10770,686,1155514812.00,385,F1,30,,,,,
2026-07-23,2026-07-23,FO,NSE,IDO,69776,,BANKNIFTY,,2026-09-29,2026-09-29,55300.00,PE,BANKNIFTY26SEP55300PE,0.00,0.00,0.00,1131.30,0.00,1131.30,56592.00,1178.05,0,0,0,0.00,0,F1,30,,,,,
2026-07-23,2026-07-23,FO,NSE,IDO,62031,,BANKNIFTY,,2026-07-28,2026-07-28,62000.00,CE,BANKNIFTY26JUL62000CE,3.85,5.00,2.40,2.70,2.75,4.10,56592.00,2.70,534300,-27510,26175,48688431889.50,8138,F1,30,,,,,
2026-07-23,2026-07-23,FO,NSE,IDO,62033,,BANKNIFTY,,2026-07-28,2026-07-28,62100.00,CE,BANKNIFTY26JUL62100CE,2.55,5.00,2.30,2.95,3.40,4.05,56592.00,2.95,7290,5160,599,1115998155.00,220,F1,30,,,,,
2026-07-23,2026-07-23,FO,NSE,IDO,62061,,BANKNIFTY,,2026-07-28,2026-07-28,62700.00,CE,BANKNIFTY26JUL62700CE,3.70,5.55,2.75,3.25,2.90,4.15,56592.00,3.25,2400,1230,241,453349540.50,102,F1,30,,,,,
2026-07-23,2026-07-23,FO,NSE,IDO,62093,,BANKNIFTY,,2026-07-28,2026-07-28,63900.00,CE,BANKNIFTY26JUL63900CE,1.45,4.55,1.45,3.45,3.45,2.00,56592.00,3.45,360,240,83,159119920.50,44,F1,30,,,,,
2026-07-23,2026-07-23,FO,NSE,IDO,58736,,BANKNIFTY,,2026-08-25,2026-08-25,47000.00,CE,BANKNIFTY26AUG47000CE,10000.00,10090.00,9614.95,9790.25,9784.10,10342.00,56592.00,9790.25,3300,1380,47,80184937.50,33,F1,30,,,,,
2026-07-23,2026-07-23,FO,NSE,IDO,59042,,BANKNIFTY,,2026-08-25,2026-08-25,56100.00,CE,BANKNIFTY26AUG56100CE,1641.00,1641.00,1374.95,1494.15,1488.05,1849.75,56592.00,1494.15,540,120,20,34540659.00,20,F1,30,,,,,
2026-07-23,2026-07-23,FO,NSE,IDO,59055,,BANKNIFTY,,2026-08-25,2026-08-25,56500.00,CE,BANKNIFTY26AUG56500CE,1380.00,1472.95,1143.60,1243.75,1238.10,1606.85,56592.00,1243.75,50310,34260,4816,8342836710.00,3173,F1,30,,,,,
2026-07-23,2026-07-23,FO,NSE,IDO,59081,,BANKNIFTY,,2026-08-25,2026-08-25,57100.00,CE,BANKNIFTY26AUG57100CE,999.00,1119.00,850.00,919.50,915.95,1228.95,56592.00,919.50,16140,2130,618,1076263399.50,455,F1,30,,,,,
2026-07-23,2026-07-23,FO,NSE,IDO,59139,,BANKNIFTY,,2026-08-25,2026-08-25,58800.00,CE,BANKNIFTY26AUG58800CE,355.00,403.75,268.05,295.40,292.85,446.50,56592.00,295.40,13320,3930,532,943543342.50,402,F1,30,,,,,
2026-07-23,2026-07-23,FO,NSE,IDO,59147,,BANKNIFTY,,2026-08-25,2026-08-25,59100.00,CE,BANKNIFTY26AUG59100CE,285.05,319.00,210.50,232.25,228.95,365.90,56592.00,232.25,9930,3300,448,797825998.50,317,F1,30,,,,,
2026-07-23,2026-07-23,FO,NSE,IDO,59170,,BANKNIFTY,,2026-08-25,2026-08-25,60100.00,CE,BANKNIFTY26AUG60100CE,140.00,149.90,99.75,103.95,104.00,166.75,56592.00,103.95,1650,810,109,196897572.00,69,F1,30,,,,,
2026-07-23,2026-07-23,FO,NSE,IDO,59228,,BANKNIFTY,,2026-08-25,2026-08-25,61200.00,CE,BANKNIFTY26AUG61200CE,57.00,63.10,43.30,46.00,45.10,70.20,56592.00,46.00,10140,5790,415,762552267.00,139,F1,30,,,,,
2026-07-23,2026-07-23,FO,NSE,IDO,59246,,BANKNIFTY,,2026-08-25,2026-08-25,61600.00,CE,BANKNIFTY26AUG61600CE,0.00,0.00,0.00,607.40,0.00,607.40,56592.00,189.65,0,0,0,0.00,0,F1,30,,,,,
2026-07-23,2026-07-23,FO,NSE,IDO,59252,,BANKNIFTY,,2026-08-25,2026-08-25,61900.00,CE,BANKNIFTY26AUG61900CE,0.00,0.00,0.00,559.50,0.00,559.50,56592.00,161.60,0,0,0,0.00,0,F1,30,,,,,
2026-07-23,2026-07-23,FO,NSE,IDO,59254,,BANKNIFTY,,2026-08-25,2026-08-25,62000.00,CE,BANKNIFTY26AUG62000CE,33.05,36.55,25.95,27.70,27.20,39.55,56592.00,27.70,147270,3540,3728,6937337332.50,1974,F1,30,,,,,
2026-07-23,2026-07-23,FO,NSE,IDO,59256,,BANKNIFTY,,2026-08-25,2026-08-25,62100.00,CE,BANKNIFTY26AUG62100CE,0.00,0.00,0.00,529.35,0.00,529.35,56592.00,144.95,0,0,0,0.00,0,F1,30,,,,,
2026-07-23,2026-07-23,FO,NSE,IDO,59298,,BANKNIFTY,,2026-08-25,2026-08-25,63400.00,CE,BANKNIFTY26AUG63400CE,0.00,0.00,0.00,365.00,0.00,365.00,56592.00,68.70,0,0,0,0.00,0,F1,30,,,,,
2026-07-23,2026-07-23,FO,NSE,IDO,59300,,BANKNIFTY,,2026-08-25,2026-08-25,63500.00,CE,BANKNIFTY26AUG63500CE,0.00,0.00,0.00,354.45,0.00,354.45,56592.00,64.70,0,0,0,0.00,0,F1,30,,,,,
2026-07-23,2026-07-23,FO,NSE,IDO,69591,,BANKNIFTY,,2026-09-29,2026-09-29,50500.00,CE,BANKNIFTY26SEP50500CE,0.00,0.00,0.00,8035.05,0.00,8035.05,56592.00,6890.65,0,0,0,0.00,0,F1,30,,,,,
2026-07-23,2026-07-23,FO,NSE,IDO,69674,,BANKNIFTY,,2026-09-29,2026-09-29,52400.00,CE,BANKNIFTY26SEP52400CE,0.00,0.00,0.00,6400.20,0.00,6400.20,56592.00,5255.35,0,0,0,0.00,0,F1,30,,,,,
2026-07-23,2026-07-23,FO,NSE,IDO,69684,,BANKNIFTY,,2026-09-29,2026-09-29,53000.00,CE,BANKNIFTY26SEP53000CE,0.00,0.00,0.00,5914.50,0.00,5914.50,56592.00,4775.65,0,0,0,0.00,0,F1,30,,,,,
2026-07-23,2026-07-23,FO,NSE,IDO,69813,,BANKNIFTY,,2026-09-29,2026-09-29,57100.00,CE,BANKNIFTY26SEP57100CE,1420.00,1486.90,1415.75,1479.65,1486.90,1801.70,56592.00,1479.65,480,300,12,21077725.50,11,F1,30,,,,,
2026-07-23,2026-07-23,FO,NSE,IDO,69817,,BANKNIFTY,,2026-09-29,2026-09-29,57300.00,CE,BANKNIFTY26SEP57300CE,1400.00,1400.00,1363.65,1373.90,1385.10,1664.80,56592.00,1373.90,750,450,17,29925883.50,15,F1,30,,,,,
2026-07-23,2026-07-23,FO,NSE,IDO,69826,,BANKNIFTY,,2026-09-29,2026-09-29,57700.00,CE,BANKNIFTY26SEP57700CE,0.00,0.00,0.00,1479.80,1470.05,1479.80,56592.00,1859.20,660,0,0,0.00,0,F1,30,,,,,
2026-07-23,2026-07-23,FO,NSE,IDO,69872,,BANKNIFTY,,2026-09-29,2026-09-29,58900.00,CE,BANKNIFTY26SEP58900CE,0.00,0.00,0.00,2217.10,0.00,2217.10,56592.00,1377.45,0,0,0,0.00,0,F1,30,,,,,
2026-07-23,2026-07-23,FO,NSE,IDO,70045,,BANKNIFTY,,2026-09-29,2026-09-29,61800.00,CE,BANKNIFTY26SEP61800CE,0.00,0.00,0.00,1183.35,0.00,1183.35,56592.00,602.80,0,0,0,0.00,0,F1,30,,,,,
2026-07-23,2026-07-23,FO,NSE,IDO,70086,,BANKNIFTY,,2026-09-29,2026-09-29,62500.00,CE,BANKNIFTY26SEP62500CE,0.00,0.00,0.00,1004.90,0.00,1004.90,56592.00,483.15,0,0,0,0.00,0,F1,30,,,,,
2026-07-23,2026-07-23,FO,NSE,IDO,53218,,BANKNIFTY,,2026-12-29,2026-12-29,49500.00,CE,BANKNIFTY26DEC49500CE,0.00,0.00,0.00,12801.50,0.00,12801.50,56592.00,8926.40,0,0,0,0.00,0,F1,30,,,,,
2026-07-23,2026-07-23,FO,NSE,IDO,76402,,BANKNIFTY,,2027-03-30,2027-03-30,60000.00,CE,BANKNIFTY27MAR60000CE,0.00,0.00,0.00,1968.25,0.00,1968.25,56592.00,3581.85,0,0,0,0.00,0,F1,30,,,,,
2026-07-23,2026-07-23,FO,NSE,IDO,76425,,BANKNIFTY,,2027-03-30,2027-03-30,63000.00,CE,BANKNIFTY27MAR63000CE,1150.00,1270.00,1150.00,1250.00,1250.00,1357.00,56592.00,1250.00,720,390,17,32754693.00,17,F1,30,,,,,
2026-07-23,2026-07-23,FO,NSE,IDO,70765,,BANKNIFTY,,2027-06-29,2027-06-29,51000.00,CE,BANKNIFTY27JUN51000CE,0.00,0.00,0.00,10793.90,0.00,10793.90,56592.00,9879.80,0,0,0,0.00,0,F1,30,,,,,
2026-07-23,2026-07-23,FO,NSE,IDO,61702,,BANKNIFTY,,2026-07-28,2026-07-28,50800.00,PE,BANKNIFTY26JUL50800PE,2.50,4.15,2.20,2.80,2.20,3.30,56592.00,2.80,3030,-30,28,42674592.00,21,F1,30,,,,,
2026-07-23,2026-07-23,FO,NSE,IDO,61742,,BANKNIFTY,,2026-07-28,2026-07-28,52400.00,PE,BANKNIFTY26JUL52400PE,5.05,5.40,2.80,3.90,3.30,4.95,56592.00,3.90,2100,420,108,169789699.50,52,F1,30,,,,,
2026-07-23,2026-07-23,FO,NSE,IDO,61836,,BANKNIFTY,,2026-07-28,2026-07-28,56000.00,PE,BANKNIFTY26JUL56000PE,125.00,227.00,90.30,142.60,141.00,96.80,56592.00,142.60,926190,-125550,216083,363965138218.50,124899,F1,30,,,,,
2026-07-23,2026-07-23,FO,NSE,IDO,61854,,BANKNIFTY,,2026-07-28,2026-07-28,56700.00,PE,BANKNIFTY26JUL56700PE,280.00,549.65,263.45,390.20,385.00,253.40,56592.00,390.20,201780,88470,127221,217817943273.00,95195,F1,30,,,,,
2026-07-23,2026-07-23,FO,NSE,IDO,61868,,BANKNIFTY,,2026-07-28,2026-07-28,57000.00,PE,BANKNIFTY26JUL57000PE,457.80,749.00,391.00,560.50,556.80,361.20,56592.00,560.50,694650,-345390,187336,323269065939.00,124561,F1,30,,,,,
2026-07-23,2026-07-23,FO,NSE,IDO,61890,,BANKNIFTY,,2026-07-28,2026-07-28,58000.00,PE,BANKNIFTY26JUL58000PE,1151.00,1610.00,1066.00,1370.60,1365.05,960.60,56592.00,1370.60,880770,-147990,20836,37068591108.00,13436,F1,30,,,,,
2026-07-23,2026-07-23,FO,NSE,IDO,61894,,BANKNIFTY,,2026-07-28,2026-07-28,58200.00,PE,BANKNIFTY26JUL58200PE,1408.65,1774.50,1235.35,1553.15,1542.55,1120.95,56592.00,1553.15,136260,-25620,2209,3952766470.50,971,F1,30,,,,,
2026-07-23,2026-07-23,FO,NSE,IDO,61918,,BANKNIFTY,,2026-07-28,2026-07-28,59000.00,PE,BANKNIFTY26JUL59000PE,2061.85,2556.00,1984.50,2340.90,2335.30,1840.10,56592.00,2340.90,867330,-236010,9429,17343529510.50,3680,F1,30,,,,,
2026-07-23,2026-07-23,FO,NSE,IDO,62011,,BANKNIFTY,,2026-07-28,2026-07-28,61200.00,PE,BANKNIFTY26JUL61200PE,0.00,0.00,0.00,2825.20,2825.20,2825.20,56592.00,4557.40,120,0,0,0.00,0,F1,30,,,,,
2026-07-23,2026-07-23,FO,NSE,IDO,62078,,BANKNIFTY,,2026-07-28,2026-07-28,63200.00,PE,BANKNIFTY26JUL63200PE,0.00,0.00,0.00,7318.50,0.00,7318.50,56592.00,6555.40,0,0,0,0.00,0,F1,30,,,,,
2026-07-23,2026-07-23,FO,NSE,IDO,62086,,BANKNIFTY,,2026-07-28,2026-07-28,63500.00,PE,BANKNIFTY26JUL63500PE,6695.05,6903.80,6610.00,6903.80,6903.80,6392.60,56592.00,6855.15,4080,-30,26,54807613.50,16,F1,30,,,,,
2026-07-23,2026-07-23,FO,NSE,IDO,62100,,BANKNIFTY,,2026-07-28,2026-07-28,64200.00,PE,BANKNIFTY26JUL64200PE,0.00,0.00,0.00,8196.15,0.00,8196.15,56592.00,7554.55,0,0,0,0.00,0,F1,30,,,,,
2026-07-23,2026-07-23,FO,NSE,IDO,58805,,BANKNIFTY,,2026-08-25,2026-08-25,48700.00,PE,BANKNIFTY26AUG48700PE,0.00,0.00,0.00,249.85,0.00,249.85,56592.00,7.30,0,0,0,0.00,0,F1,30,,,,,
2026-07-23,2026-07-23,FO,NSE,IDO,58811,,BANKNIFTY,,2026-08-25,2026-08-25,48900.00,PE,BANKNIFTY26AUG48900PE,21.50,21.50,20.50,20.50,20.50,15.85,56592.00,20.50,90,0,4,5870520.00,4,F1,30,,,,,
2026-07-23,2026-07-23,FO,NSE,IDO,58859,,BANKNIFTY,,2026-08-25,2026-08-25,50100.00,PE,BANKNIFTY26AUG50100PE,32.45,32.50,29.05,29.05,29.05,52.65,56592.00,29.05,120,-180,14,21055194.00,6,F1,30,,,,,
2026-07-23,2026-07-23,FO,NSE,IDO,58923,,BANKNIFTY,,2026-08-25,2026-08-25,52100.00,PE,BANKNIFTY26AUG52100PE,0.00,0.00,0.00,56.35,56.35,56.35,56592.00,124.90,390,0,0,0.00,0,F1,30,,,,,
2026-07-23,2026-07-23,FO,NSE,IDO,58927,,BANKNIFTY,,2026-08-25,2026-08-25,52300.00,PE,BANKNIFTY26AUG52300PE,0.00,0.00,0.00,51.30,51.30,51.30,56592.00,142.85,480,0,0,0.00,0,F1,30,,,,,
2026-07-23,2026-07-23,FO,NSE,IDO,58931,,BANKNIFTY,,2026-08-25,2026-08-25,52500.00,PE,BANKNIFTY26AUG52500PE,67.10,108.15,67.10,89.35,90.05,64.85,56592.00,89.35,29910,3870,758,1195823518.50,421,F1,30,,,,,
2026-07-23,2026-07-23,FO,NSE,IDO,59091,,BANKNIFTY,,2026-08-25,2026-08-25,57500.00,PE,BANKNIFTY26AUG57500PE,1100.00,1453.00,1085.00,1309.70,1311.65,1024.85,56592.00,1309.70,144240,4920,4513,7956189972.00,3342,F1,30,,,,,
2026-07-23,2026-07-23,FO,NSE,IDO,59093,,BANKNIFTY,,2026-08-25,2026-08-25,57600.00,PE,BANKNIFTY26AUG57600PE,1258.25,1520.65,1135.60,1359.35,1353.45,1059.70,56592.00,1359.35,4710,-360,133,235032906.00,102,F1,30,,,,,
2026-07-23,2026-07-23,FO,NSE,IDO,59099,,BANKNIFTY,,2026-08-25,2026-08-25,57900.00,PE,BANKNIFTY26AUG57900PE,1450.00,1700.00,1324.00,1527.30,1535.60,1205.85,56592.00,1527.30,6150,-1140,78,138918462.00,64,F1,30,,,,,
2026-07-23,2026-07-23,FO,NSE,IDO,59257,,BANKNIFTY,,2026-08-25,2026-08-25,62100.00,PE,BANKNIFTY26AUG62100PE,0.00,0.00,0.00,6619.00,0.00,6619.00,56592.00,5282.95,0,0,0,0.00,0,F1,30,,,,,
2026-07-23,2026-07-23,FO,NSE,IDO,59305,,BANKNIFTY,,2026-08-25,2026-08-25,63700.00,PE,BANKNIFTY26AUG63700PE,0.00,0.00,0.00,8000.05,0.00,8000.05,56592.00,6785.70,0,0,0,0.00,0,F1,30,,,,,
2026-07-23,2026-07-23,FO,NSE,IDO,59315,,BANKNIFTY,,2026-08-25,2026-08-25,63900.00,PE,BANKNIFTY26AUG63900PE,0.00,0.00,0.00,8177.75,0.00,8177.75,56592.00,6977.90,0,0,0,0.00,0,F1,30,,,,,
2026-07-23,2026-07-23,FO,NSE,IDO,69685,,BANKNIFTY,,2026-09-29,2026-09-29,53000.00,PE,BANKNIFTY26SEP53000PE,228.35,276.25,190.95,256.60,258.55,201.05,56592.00,256.60,14730,2130,548,875142588.00,317,F1,30,,,,,
2026-07-23,2026-07-23,FO,NSE,IDO,69703,,BANKNIFTY,,2026-09-29,2026-09-29,53900.00,PE,BANKNIFTY26SEP53900PE,0.00,0.00,0.00,748.95,0.00,748.95,56592.00,746.50,0,0,0,0.00,0,F1,30,,,,,
2026-07-23,2026-07-23,FO,NSE,IDO,69772,,BANKNIFTY,,2026-09-29,2026-09-29,55100.00,PE,BANKNIFTY26SEP55100PE,0.00,0.00,0.00,1069.60,0.00,1069.60,56592.00,1107.45,0,0,0,0.00,0,F1,30,,,,,
2026-07-23,2026-07-23,FO,NSE,IDO,69810,,BANKNIFTY,,2026-09-29,2026-09-29,56800.00,PE,BANKNIFTY26SEP56800PE,0.00,0.00,0.00,1672.70,0.00,1672.70,56592.00,1803.65,0,0,0,0.00,0,F1,30,,,,,
2026-07-23,2026-07-23,FO,NSE,IDO,69814,,BANKNIFTY,,2026-09-29,2026-09-29,57100.00,PE,BANKNIFTY26SEP57100PE,1139.85,1139.85,1080.00,1080.00,1080.00,1169.50,56592.00,1949.15,360,180,12,20954733.00,8,F1,30,,,,,
2026-07-23,2026-07-23,FO,NSE,IDO,69854,,BANKNIFTY,,2026-09-29,2026-09-29,58600.00,PE,BANKNIFTY26SEP58600PE,0.00,0.00,0.00,2510.95,0.00,2510.95,56592.00,2778.95,0,0,0,0.00,0,F1,30,,,,,
2026-07-23,2026-07-23,FO,NSE,IDO,69995,,BANKNIFTY,,2026-09-29,2026-09-29,59700.00,PE,BANKNIFTY26SEP59700PE,0.00,0.00,0.00,3124.25,0.00,3124.25,56592.00,3489.60,0,0,0,0.00,0,F1,30,,,,,
2026-07-23,2026-07-23,FO,NSE,IDO,70020,,BANKNIFTY,,2026-09-29,2026-09-29,60500.00,PE,BANKNIFTY26SEP60500PE,0.00,0.00,0.00,3616.25,0.00,3616.25,56592.00,4055.70,0,0,0,0.00,0,F1,30,,,,,
2026-07-23,2026-07-23,FO,NSE,IDO,70036,,BANKNIFTY,,2026-09-29,2026-09-29,61300.00,PE,BANKNIFTY26SEP61300PE,0.00,0.00,0.00,4144.70,0.00,4144.70,56592.00,4660.15,0,0,0,0.00,0,F1,30,,,,,
2026-07-23,2026-07-23,FO,NSE,IDO,70038,,BANKNIFTY,,2026-09-29,2026-09-29,61400.00,PE,BANKNIFTY26SEP61400PE,0.00,0.00,0.00,4213.25,0.00,4213.25,56592.00,4738.00,0,0,0,0.00,0,F1,30,,,,,
2026-07-23,2026-07-23,FO,NSE,IDO,70049,,BANKNIFTY,,2026-09-29,2026-09-29,61900.00,PE,BANKNIFTY26SEP61900PE,0.00,0.00,0.00,4563.60,0.00,4563.60,56592.00,5134.75,0,0,0,0.00,0,F1,30,,,,,
2026-07-23,2026-07-23,FO,NSE,IDO,52427,,BANKNIFTY,,2026-09-29,2026-09-29,67500.00,PE,BANKNIFTY26SEP67500PE,0.00,0.00,0.00,9969.75,0.00,9969.75,56592.00,10160.15,0,0,0,0.00,0,F1,30,,,,,
2026-07-23,2026-07-23,FO,NSE,IDO,53245,,BANKNIFTY,,2026-12-29,2026-12-29,61500.00,PE,BANKNIFTY26DEC61500PE,0.00,0.00,0.00,3006.00,3006.00,3006.00,56592.00,5040.30,30,0,0,0.00,0,F1,30,,,,,
2026-07-23,2026-07-23,FO,NSE,IDO,53247,,BANKNIFTY,,2026-12-29,2026-12-29,63000.00,PE,BANKNIFTY26DEC63000PE,0.00,0.00,0.00,4550.00,4550.00,4550.00,56592.00,6072.40,390,0,0,0.00,0,F1,30,,,,,
2026-07-23,2026-07-23,FO,NSE,IDO,76424,,BANKNIFTY,,2027-03-30,2027-03-30,61500.00,PE,BANKNIFTY27MAR61500PE,0.00,0.00,0.00,8564.80,0.00,8564.80,56592.00,5183.40,0,0,0,0.00,0,F1,30,,,,,
2026-07-23,2026-07-23,FO,NSE,IDO,61710,,BANKNIFTY,,2026-07-28,2026-07-28,51200.00,CE,BANKNIFTY26JUL51200CE,0.00,0.00,0.00,5523.40,0.00,5523.40,56592.00,5434.65,0,0,0,0.00,0,F1,30,,,,,
2026-07-23,2026-07-23,FO,NSE,IDO,61613,,BANKNIFTY,,2026-07-28,2026-07-28,47000.00,CE,BANKNIFTY26JUL47000CE,9900.00,9964.75,9555.00,9652.00,9650.00,10125.00,56592.00,9652.00,3270,-900,36,61390237.50,26,F1,30,,,,,
2026-07-23,2026-07-23,FO,NSE,IDO,61637,,BANKNIFTY,,2026-07-28,2026-07-28,48100.00,CE,BANKNIFTY26JUL48100CE,0.00,0.00,0.00,8163.90,0.00,8163.90,56592.00,8532.05,0,0,0,0.00,0,F1,30,,,,,
2026-07-23,2026-07-23,FO,NSE,IDO,61665,,BANKNIFTY,,2026-07-28,2026-07-28,49300.00,CE,BANKNIFTY26JUL49300CE,0.00,0.00,0.00,7097.20,0.00,7097.20,56592.00,7333.05,0,0,0,0.00,0,F1,30,,,,,
2026-07-23,2026-07-23,FO,NSE,IDO,61750,,BANKNIFTY,,2026-07-28,2026-07-28,52700.00,CE,BANKNIFTY26JUL52700CE,0.00,0.00,0.00,5217.50,5217.50,5217.50,56592.00,3936.55,180,0,0,0.00,0,F1,30,,,,,
2026-07-23,2026-07-23,FO,NSE,IDO,61807,,BANKNIFTY,,2026-07-28,2026-07-28,54800.00,CE,BANKNIFTY26JUL54800CE,0.00,0.00,0.00,2383.30,2383.30,2383.30,56592.00,1894.85,630,0,0,0.00,0,F1,30,,,,,
2026-07-23,2026-07-23,FO,NSE,IDO,61849,,BANKNIFTY,,2026-07-28,2026-07-28,56500.00,CE,BANKNIFTY26JUL56500CE,740.00,746.30,374.95,472.40,473.35,885.45,56592.00,472.40,353970,294090,145712,249063689245.50,99759,F1,30,,,,,
2026-07-23,2026-07-23,FO,NSE,IDO,61903,,BANKNIFTY,,2026-07-28,2026-07-28,58600.00,CE,BANKNIFTY26JUL58600CE,45.90,45.90,19.35,20.25,19.80,61.00,56592.00,20.25,396330,57210,33526,58964915358.00,18319,F1,30,,,,,
2026-07-23,2026-07-23,FO,NSE,IDO,69782,,BANKNIFTY,,2026-09-29,2026-09-29,55700.00,PE,BANKNIFTY26SEP55700PE,0.00,0.00,0.00,1262.00,0.00,1262.00,56592.00,1328.25,0,0,0,0.00,0,F1,30,,,,,
2026-07-23,2026-07-23,FO,NSE,IDO,70014,,BANKNIFTY,,2026-09-29,2026-09-29,60200.00,PE,BANKNIFTY26SEP60200PE,0.00,0.00,0.00,3427.35,0.00,3427.35,56592.00,3838.85,0,0,0,0.00,0,F1,30,,,,,
2026-07-23,2026-07-23,FO,NSE,IDO,70018,,BANKNIFTY,,2026-09-29,2026-09-29,60400.00,PE,BANKNIFTY26SEP60400PE,0.00,0.00,0.00,3552.70,0.00,3552.70,56592.00,3982.85,0,0,0,0.00,0,F1,30,,,,,
2026-07-23,2026-07-23,FO,NSE,IDO,70083,,BANKNIFTY,,2026-09-29,2026-09-29,62300.00,PE,BANKNIFTY26SEP62300PE,0.00,0.00,0.00,4853.00,0.00,4853.00,56592.00,5460.65,0,0,0,0.00,0,F1,30,,,,,
2026-07-23,2026-07-23,FO,NSE,IDO,70085,,BANKNIFTY,,2026-09-29,2026-09-29,62400.00,PE,BANKNIFTY26SEP62400PE,0.00,0.00,0.00,4929.15,0.00,4929.15,56592.00,5543.20,0,0,0,0.00,0,F1,30,,,,,
2026-07-23,2026-07-23,FO,NSE,IDO,70120,,BANKNIFTY,,2026-09-29,2026-09-29,64200.00,PE,BANKNIFTY26SEP64200PE,0.00,0.00,0.00,6327.50,0.00,6327.50,56592.00,7094.90,0,0,0,0.00,0,F1,30,,,,,
2026-07-23,2026-07-23,FO,NSE,IDO,53229,,BANKNIFTY,,2026-12-29,2026-12-29,57000.00,PE,BANKNIFTY26DEC57000PE,1312.45,1706.20,1312.45,1480.00,1480.00,1301.15,56592.00,1480.00,7260,2190,103,180835389.00,57,F1,30,,,,,
2026-07-23,2026-07-23,FO,NSE,IDO,76418,,BANKNIFTY,,2027-03-30,2027-03-30,60000.00,PE,BANKNIFTY27MAR60000PE,0.00,0.00,0.00,7507.95,0.00,7507.95,56592.00,4334.00,0,0,0,0.00,0,F1,30,,,,,
2026-07-23,2026-07-23,FO,NSE,IDO,76401,,BANKNIFTY,,2027-03-30,2027-03-30,58500.00,PE,BANKNIFTY27MAR58500PE,0.00,0.00,0.00,6512.10,0.00,6512.10,56592.00,3565.65,0,0,0,0.00,0,F1,30,,,,,
2026-07-23,2026-07-23,FO,NSE,IDO,76399,,BANKNIFTY,,2027-03-30,2027-03-30,57000.00,PE,BANKNIFTY27MAR57000PE,0.00,0.00,0.00,5580.05,0.00,5580.05,56592.00,2881.65,0,0,0,0.00,0,F1,30,,,,,
2026-07-23,2026-07-23,FO,NSE,IDO,61925,,BANKNIFTY,,2026-07-28,2026-07-28,59200.00,CE,BANKNIFTY26JUL59200CE,25.50,25.50,9.85,10.75,10.60,25.40,56592.00,10.75,131880,-6150,16309,28971483873.00,8825,F1,30,,,,,
2026-07-23,2026-07-23,FO,NSE,IDO,61927,,BANKNIFTY,,2026-07-28,2026-07-28,59300.00,CE,BANKNIFTY26JUL59300CE,23.00,23.00,8.90,9.55,9.30,22.45,56592.00,9.55,99480,3750,11137,19816830742.50,5999,F1,30,,,,,
2026-07-23,2026-07-23,FO,NSE,IDO,61971,,BANKNIFTY,,2026-07-28,2026-07-28,60500.00,CE,BANKNIFTY26JUL60500CE,6.05,7.80,4.00,4.65,4.15,8.05,56592.00,4.65,457050,-82140,46419,84258886969.50,16736,F1,30,,,,,
2026-07-23,2026-07-23,FO,NSE,IDO,61998,,BANKNIFTY,,2026-07-28,2026-07-28,61000.00,CE,BANKNIFTY26JUL61000CE,6.40,6.80,3.50,3.95,3.85,6.05,56592.00,3.95,710190,-70560,50117,91721386146.00,17351,F1,30,,,,,
2026-07-23,2026-07-23,FO,NSE,IDO,62077,,BANKNIFTY,,2026-07-28,2026-07-28,63200.00,CE,BANKNIFTY26JUL63200CE,2.30,5.00,1.70,3.15,1.70,2.30,56592.00,3.15,2580,1470,213,403869052.50,53,F1,30,,,,,
2026-07-23,2026-07-23,FO,NSE,IDO,62091,,BANKNIFTY,,2026-07-28,2026-07-28,63800.00,CE,BANKNIFTY26JUL63800CE,2.35,4.90,1.45,2.25,2.25,1.90,56592.00,2.25,5010,690,519,993416523.00,155,F1,30,,,,,
2026-07-23,2026-07-23,FO,NSE,IDO,58766,,BANKNIFTY,,2026-08-25,2026-08-25,48000.00,CE,BANKNIFTY26AUG48000CE,9100.00,9100.00,8730.00,8731.20,8731.20,9307.20,56592.00,8881.50,2580,1650,57,97372704.00,57,F1,30,,,,,
2026-07-23,2026-07-23,FO,NSE,IDO,58816,,BANKNIFTY,,2026-08-25,2026-08-25,49200.00,CE,BANKNIFTY26AUG49200CE,0.00,0.00,0.00,6926.65,0.00,6926.65,56592.00,7697.05,0,0,0,0.00,0,F1,30,,,,,
2026-07-23,2026-07-23,FO,NSE,IDO,58850,,BANKNIFTY,,2026-08-25,2026-08-25,49900.00,CE,BANKNIFTY26AUG49900CE,0.00,0.00,0.00,6333.25,0.00,6333.25,56592.00,7011.90,0,0,0,0.00,0,F1,30,,,,,
2026-07-23,2026-07-23,FO,NSE,IDO,58860,,BANKNIFTY,,2026-08-25,2026-08-25,50200.00,CE,BANKNIFTY26AUG50200CE,0.00,0.00,0.00,6085.35,0.00,6085.35,56592.00,6720.40,0,0,0,0.00,0,F1,30,,,,,
2026-07-23,2026-07-23,FO,NSE,IDO,58874,,BANKNIFTY,,2026-08-25,2026-08-25,50800.00,CE,BANKNIFTY26AUG50800CE,0.00,0.00,0.00,5602.30,0.00,5602.30,56592.00,6142.70,0,0,0,0.00,0,F1,30,,,,,
2026-07-23,2026-07-23,FO,NSE,IDO,58910,,BANKNIFTY,,2026-08-25,2026-08-25,51700.00,CE,BANKNIFTY26AUG51700CE,0.00,0.00,0.00,4912.25,0.00,4912.25,56592.00,5294.60,0,0,0,0.00,0,F1,30,,,,,
2026-07-23,2026-07-23,FO,NSE,IDO,58948,,BANKNIFTY,,2026-08-25,2026-08-25,53200.00,CE,BANKNIFTY26AUG53200CE,0.00,0.00,0.00,4328.15,4328.15,4328.15,56592.00,3959.80,30,0,0,0.00,0,F1,30,,,,,
2026-07-23,2026-07-23,FO,NSE,IDO,58978,,BANKNIFTY,,2026-08-25,2026-08-25,54000.00,CE,BANKNIFTY26AUG54000CE,3449.45,3449.45,2930.35,3097.80,3093.35,3603.70,56592.00,3097.80,36960,1140,172,294822067.50,149,F1,30,,,,,
2026-07-23,2026-07-23,FO,NSE,IDO,58984,,BANKNIFTY,,2026-08-25,2026-08-25,54300.00,CE,BANKNIFTY26AUG54300CE,0.00,0.00,0.00,3896.00,3896.00,3896.00,56592.00,3074.95,30,0,0,0.00,0,F1,30,,,,,
2026-07-23,2026-07-23,FO,NSE,IDO,59049,,BANKNIFTY,,2026-08-25,2026-08-25,56400.00,CE,BANKNIFTY26AUG56400CE,1427.90,1488.70,1201.00,1303.05,1300.00,1682.95,56592.00,1303.05,8310,6150,803,1388979714.00,568,F1,30,,,,,
2026-07-23,2026-07-23,FO,NSE,IDO,59088,,BANKNIFTY,,2026-08-25,2026-08-25,57400.00,CE,BANKNIFTY26AUG57400CE,904.85,976.65,710.00,786.40,772.10,1073.45,56592.00,786.40,17100,720,629,1098585223.50,480,F1,30,,,,,
2026-07-23,2026-07-23,FO,NSE,IDO,59141,,BANKNIFTY,,2026-08-25,2026-08-25,58900.00,CE,BANKNIFTY26AUG58900CE,360.00,375.80,250.50,269.80,264.30,423.55,56592.00,269.80,13170,3360,461,818701089.00,365,F1,30,,,,,
2026-07-23,2026-07-23,FO,NSE,IDO,59155,,BANKNIFTY,,2026-08-25,2026-08-25,59500.00,CE,BANKNIFTY26AUG59500CE,200.80,238.00,154.00,166.10,162.00,269.35,56592.00,166.10,161460,45330,6975,12488471794.50,3861,F1,30,,,,,
2026-07-23,2026-07-23,FO,NSE,IDO,59248,,BANKNIFTY,,2026-08-25,2026-08-25,61700.00,CE,BANKNIFTY26AUG61700CE,0.00,0.00,0.00,591.05,0.00,591.05,56592.00,179.85,0,0,0,0.00,0,F1,30,,,,,
2026-07-23,2026-07-23,FO,NSE,IDO,59286,,BANKNIFTY,,2026-08-25,2026-08-25,63000.00,CE,BANKNIFTY26AUG63000CE,18.10,20.55,13.05,14.50,14.50,19.45,56592.00,14.50,82980,9060,2184,4128746097.00,1100,F1,30,,,,,
2026-07-23,2026-07-23,FO,NSE,IDO,59317,,BANKNIFTY,,2026-08-25,2026-08-25,64000.00,CE,BANKNIFTY26AUG64000CE,0.00,0.00,0.00,305.40,0.00,305.40,56592.00,47.55,0,0,0,0.00,0,F1,30,,,,,
2026-07-23,2026-07-23,FO,NSE,IDO,59386,,BANKNIFTY,,2026-08-25,2026-08-25,66000.00,CE,BANKNIFTY26AUG66000CE,6.35,7.45,5.70,6.30,6.45,8.95,56592.00,6.30,2370,1140,200,396037552.50,73,F1,30,,,,,
2026-07-23,2026-07-23,FO,NSE,IDO,69664,,BANKNIFTY,,2026-09-29,2026-09-29,51900.00,CE,BANKNIFTY26SEP51900CE,0.00,0.00,0.00,6817.05,0.00,6817.05,56592.00,5669.80,0,0,0,0.00,0,F1,30,,,,,
2026-07-23,2026-07-23,FO,NSE,IDO,69678,,BANKNIFTY,,2026-09-29,2026-09-29,52700.00,CE,BANKNIFTY26SEP52700CE,0.00,0.00,0.00,6155.30,0.00,6155.30,56592.00,5013.00,0,0,0,0.00,0,F1,30,,,,,
2026-07-23,2026-07-23,FO,NSE,IDO,52286,,BANKNIFTY,,2026-09-29,2026-09-29,54000.00,CE,BANKNIFTY26SEP54000CE,3799.95,3850.00,3399.35,3460.05,3460.05,4100.00,56592.00,4025.75,5220,840,41,70926916.50,27,F1,30,,,,,
2026-07-23,2026-07-23,FO,NSE,IDO,69761,,BANKNIFTY,,2026-09-29,2026-09-29,54700.00,CE,BANKNIFTY26SEP54700CE,0.00,0.00,0.00,4637.60,0.00,4637.60,56592.00,3536.40,0,0,0,0.00,0,F1,30,,,,,
2026-07-23,2026-07-23,FO,NSE,IDO,69769,,BANKNIFTY,,2026-09-29,2026-09-29,55100.00,CE,BANKNIFTY26SEP55100CE,0.00,0.00,0.00,4357.65,0.00,4357.65,56592.00,3273.80,0,0,0,0.00,0,F1,30,,,,,
2026-07-23,2026-07-23,FO,NSE,IDO,61631,,BANKNIFTY,,2026-07-28,2026-07-28,47800.00,CE,BANKNIFTY26JUL47800CE,0.00,0.00,0.00,8437.45,0.00,8437.45,56592.00,8831.80,0,0,0,0.00,0,F1,30,,,,,
2026-07-23,2026-07-23,FO,NSE,IDO,61681,,BANKNIFTY,,2026-07-28,2026-07-28,50000.00,CE,BANKNIFTY26JUL50000CE,6995.05,6995.05,6456.75,6677.85,6679.90,7196.85,56592.00,6677.85,59220,-10050,1008,1715700940.50,771,F1,30,,,,,
2026-07-23,2026-07-23,FO,NSE,IDO,61741,,BANKNIFTY,,2026-07-28,2026-07-28,52400.00,CE,BANKNIFTY26JUL52400CE,0.00,0.00,0.00,4623.10,0.00,4623.10,56592.00,4235.95,0,0,0,0.00,0,F1,30,,,,,
2026-07-23,2026-07-23,FO,NSE,IDO,61789,,BANKNIFTY,,2026-07-28,2026-07-28,54200.00,CE,BANKNIFTY26JUL54200CE,2550.05,2550.05,2550.00,2550.00,2550.00,3319.90,56592.00,2457.20,780,-60,2,3405001.50,2,F1,30,,,,,
2026-07-23,2026-07-23,FO,NSE,IDO,61858,,BANKNIFTY,,2026-07-28,2026-07-28,56800.00,CE,BANKNIFTY26JUL56800CE,500.00,588.70,249.00,317.10,318.30,671.80,56592.00,317.10,297810,217770,129147,221522991613.50,93641,F1,30,,,,,
2026-07-23,2026-07-23,FO,NSE,IDO,69779,,BANKNIFTY,,2026-09-29,2026-09-29,55600.00,CE,BANKNIFTY26SEP55600CE,0.00,0.00,0.00,4024.15,0.00,4024.15,56592.00,2962.05,0,0,0,0.00,0,F1,30,,,,,
2026-07-23,2026-07-23,FO,NSE,IDO,69787,,BANKNIFTY,,2026-09-29,2026-09-29,56000.00,CE,BANKNIFTY26SEP56000CE,2300.00,2385.05,2020.20,2136.85,2130.00,2561.25,56592.00,2136.85,5820,3930,214,373347072.00,164,F1,30,,,,,
2026-07-23,2026-07-23,FO,NSE,IDO,69797,,BANKNIFTY,,2026-09-29,2026-09-29,56300.00,CE,BANKNIFTY26SEP56300CE,0.00,0.00,0.00,3583.05,0.00,3583.05,56592.00,2557.20,0,0,0,0.00,0,F1,30,,,,,
2026-07-23,2026-07-23,FO,NSE,IDO,69994,,BANKNIFTY,,2026-09-29,2026-09-29,59700.00,CE,BANKNIFTY26SEP59700CE,0.00,0.00,0.00,1882.85,0.00,1882.85,56592.00,1112.25,0,0,0,0.00,0,F1,30,,,,,
2026-07-23,2026-07-23,FO,NSE,IDO,70013,,BANKNIFTY,,2026-09-29,2026-09-29,60200.00,CE,BANKNIFTY26SEP60200CE,0.00,0.00,0.00,1693.65,0.00,1693.65,56592.00,967.60,0,0,0,0.00,0,F1,30,,,,,
2026-07-23,2026-07-23,FO,NSE,IDO,70107,,BANKNIFTY,,2026-09-29,2026-09-29,63600.00,CE,BANKNIFTY26SEP63600CE,0.00,0.00,0.00,764.35,0.00,764.35,56592.00,335.50,0,0,0,0.00,0,F1,30,,,,,
2026-07-23,2026-07-23,FO,NSE,IDO,53222,,BANKNIFTY,,2026-12-29,2026-12-29,52500.00,CE,BANKNIFTY26DEC52500CE,0.00,0.00,0.00,10279.15,0.00,10279.15,56592.00,6561.40,0,0,0,0.00,0,F1,30,,,,,
2026-07-23,2026-07-23,FO,NSE,IDO,53246,,BANKNIFTY,,2026-12-29,2026-12-29,63000.00,CE,BANKNIFTY26DEC63000CE,681.55,681.55,502.55,544.35,550.00,681.55,56592.00,544.35,10710,1290,131,249804033.00,84,F1,30,,,,,
2026-07-23,2026-07-23,FO,NSE,IDO,70786,,BANKNIFTY,,2027-06-29,2027-06-29,54000.00,CE,BANKNIFTY27JUN54000CE,0.00,0.00,0.00,8730.20,0.00,8730.20,56592.00,7858.40,0,0,0,0.00,0,F1,30,,,,,
2026-07-23,2026-07-23,FO,NSE,IDO,61638,,BANKNIFTY,,2026-07-28,2026-07-28,48100.00,PE,BANKNIFTY26JUL48100PE,2.85,2.85,2.30,2.30,2.30,2.40,56592.00,0.00,360,0,2,2886154.50,2,F1,30,,,,,
2026-07-23,2026-07-23,FO,NSE,IDO,61672,,BANKNIFTY,,2026-07-28,2026-07-28,49500.00,PE,BANKNIFTY26JUL49500PE,2.55,3.70,1.90,2.25,1.95,2.65,56592.00,2.25,10560,-1470,193,286620268.50,128,F1,30,,,,,
2026-07-23,2026-07-23,FO,NSE,IDO,61686,,BANKNIFTY,,2026-07-28,2026-07-28,50100.00,PE,BANKNIFTY26JUL50100PE,3.90,3.90,2.30,3.50,3.50,3.20,56592.00,0.00,2820,330,53,79664149.50,10,F1,30,,,,,
2026-07-23,2026-07-23,FO,NSE,IDO,61700,,BANKNIFTY,,2026-07-28,2026-07-28,50700.00,PE,BANKNIFTY26JUL50700PE,2.60,4.75,2.60,3.05,3.00,3.30,56592.00,3.05,2760,150,78,118645780.50,35,F1,30,,,,,
2026-07-23,2026-07-23,FO,NSE,IDO,61785,,BANKNIFTY,,2026-07-28,2026-07-28,54000.00,PE,BANKNIFTY26JUL54000PE,8.70,12.15,6.00,8.15,7.30,8.70,56592.00,8.15,428100,-80880,38179,61859752875.00,15973,F1,30,,,,,
2026-07-23,2026-07-23,FO,NSE,IDO,61818,,BANKNIFTY,,2026-07-28,2026-07-28,55300.00,PE,BANKNIFTY26JUL55300PE,49.90,76.30,27.70,44.65,41.95,34.80,56592.00,44.65,93090,25200,21324,35408302431.00,12462,F1,30,,,,,
2026-07-23,2026-07-23,FO,NSE,IDO,61830,,BANKNIFTY,,2026-07-28,2026-07-28,55700.00,PE,BANKNIFTY26JUL55700PE,75.00,145.05,54.55,87.30,87.00,62.30,56592.00,87.30,126900,33900,33063,55339882345.50,21167,F1,30,,,,,
2026-07-23,2026-07-23,FO,NSE,IDO,61832,,BANKNIFTY,,2026-07-28,2026-07-28,55800.00,PE,BANKNIFTY26JUL55800PE,80.05,168.30,64.70,101.95,97.85,72.05,56592.00,101.95,359580,69510,45971,77107536138.00,31505,F1,30,,,,,
2026-07-23,2026-07-23,FO,NSE,IDO,61902,,BANKNIFTY,,2026-07-28,2026-07-28,58500.00,PE,BANKNIFTY26JUL58500PE,1649.95,2057.85,1510.80,1826.55,1839.60,1365.05,56592.00,1826.55,360870,-48750,4573,8269416310.50,2124,F1,30,,,,,
2026-07-23,2026-07-23,FO,NSE,IDO,61928,,BANKNIFTY,,2026-07-28,2026-07-28,59300.00,PE,BANKNIFTY26JUL59300PE,2755.00,2755.00,2620.00,2656.00,2656.00,2164.35,56592.00,2675.90,8160,-30,7,13012824.00,5,F1,30,,,,,
2026-07-23,2026-07-23,FO,NSE,IDO,69666,,BANKNIFTY,,2026-09-29,2026-09-29,52000.00,CE,BANKNIFTY26SEP52000CE,0.00,0.00,0.00,6732.85,0.00,6732.85,56592.00,5585.90,0,0,0,0.00,0,F1,30,,,,,
2026-07-23,2026-07-23,FO,NSE,IDO,69680,,BANKNIFTY,,2026-09-29,2026-09-29,52800.00,CE,BANKNIFTY26SEP52800CE,0.00,0.00,0.00,6074.55,0.00,6074.55,56592.00,4933.30,0,0,0,0.00,0,F1,30,,,,,
2026-07-23,2026-07-23,FO,NSE,IDO,69690,,BANKNIFTY,,2026-09-29,2026-09-29,53300.00,CE,BANKNIFTY26SEP53300CE,0.00,0.00,0.00,5678.00,0.00,5678.00,56592.00,4543.60,0,0,0,0.00,0,F1,30,,,,,
2026-07-23,2026-07-23,FO,NSE,IDO,69767,,BANKNIFTY,,2026-09-29,2026-09-29,55000.00,CE,BANKNIFTY26SEP55000CE,0.00,0.00,0.00,4426.15,0.00,4426.15,56592.00,3338.35,0,0,0,0.00,0,F1,30,,,,,
2026-07-23,2026-07-23,FO,NSE,IDO,69775,,BANKNIFTY,,2026-09-29,2026-09-29,55300.00,CE,BANKNIFTY26SEP55300CE,0.00,0.00,0.00,4222.45,0.00,4222.45,56592.00,3146.90,0,0,0,0.00,0,F1,30,,,,,
2026-07-23,2026-07-23,FO,NSE,IDO,69783,,BANKNIFTY,,2026-09-29,2026-09-29,55800.00,CE,BANKNIFTY26SEP55800CE,0.00,0.00,0.00,3895.05,0.00,3895.05,56592.00,2842.60,0,0,0,0.00,0,F1,30,,,,,
2026-07-23,2026-07-23,FO,NSE,IDO,52334,,BANKNIFTY,,2026-09-29,2026-09-29,57000.00,CE,BANKNIFTY26SEP57000CE,1627.10,1752.55,1440.00,1530.25,1525.00,1880.95,56592.00,1530.25,38340,-2220,645,1132585302.00,381,F1,30,,,,,
2026-07-23,2026-07-23,FO,NSE,IDO,69832,,BANKNIFTY,,2026-09-29,2026-09-29,57900.00,CE,BANKNIFTY26SEP57900CE,0.00,0.00,0.00,2691.45,0.00,2691.45,56592.00,1771.60,0,0,0,0.00,0,F1,30,,,,,
2026-07-23,2026-07-23,FO,NSE,IDO,69853,,BANKNIFTY,,2026-09-29,2026-09-29,58600.00,CE,BANKNIFTY26SEP58600CE,0.00,0.00,0.00,1400.60,1400.60,1400.60,56592.00,1488.20,480,0,0,0.00,0,F1,30,,,,,
2026-07-23,2026-07-23,FO,NSE,IDO,70011,,BANKNIFTY,,2026-09-29,2026-09-29,60100.00,CE,BANKNIFTY26SEP60100CE,0.00,0.00,0.00,1730.30,0.00,1730.30,56592.00,995.30,0,0,0,0.00,0,F1,30,,,,,
2026-07-23,2026-07-23,FO,NSE,IDO,70027,,BANKNIFTY,,2026-09-29,2026-09-29,60900.00,CE,BANKNIFTY26SEP60900CE,0.00,0.00,0.00,1453.10,0.00,1453.10,56592.00,793.30,0,0,0,0.00,0,F1,30,,,,,
2026-07-23,2026-07-23,FO,NSE,IDO,70084,,BANKNIFTY,,2026-09-29,2026-09-29,62400.00,CE,BANKNIFTY26SEP62400CE,0.00,0.00,0.00,1029.20,0.00,1029.20,56592.00,498.95,0,0,0,0.00,0,F1,30,,,,,
2026-07-23,2026-07-23,FO,NSE,IDO,70091,,BANKNIFTY,,2026-09-29,2026-09-29,62700.00,CE,BANKNIFTY26SEP62700CE,0.00,0.00,0.00,957.70,0.00,957.70,56592.00,452.85,0,0,0,0.00,0,F1,30,,,,,
2026-07-23,2026-07-23,FO,NSE,IDO,70800,,BANKNIFTY,,2027-06-29,2027-06-29,63000.00,CE,BANKNIFTY27JUN63000CE,0.00,0.00,0.00,4124.65,0.00,4124.65,56592.00,3482.50,0,0,0,0.00,0,F1,30,,,,,
2026-07-23,2026-07-23,FO,NSE,IDO,61614,,BANKNIFTY,,2026-07-28,2026-07-28,47000.00,PE,BANKNIFTY26JUL47000PE,0.95,1.60,0.80,1.25,1.05,1.25,56592.00,1.25,68790,-3330,602,848843697.00,340,F1,30,,,,,
2026-07-23,2026-07-23,FO,NSE,IDO,61632,,BANKNIFTY,,2026-07-28,2026-07-28,47800.00,PE,BANKNIFTY26JUL47800PE,2.75,2.75,1.95,2.10,2.10,2.30,56592.00,0.00,240,-60,24,34417579.50,10,F1,30,,,,,
2026-07-23,2026-07-23,FO,NSE,IDO,61680,,BANKNIFTY,,2026-07-28,2026-07-28,49900.00,PE,BANKNIFTY26JUL49900PE,2.40,3.10,2.00,2.80,2.00,3.75,56592.00,2.80,450,30,9,13473709.50,8,F1,30,,,,,
2026-07-23,2026-07-23,FO,NSE,IDO,61692,,BANKNIFTY,,2026-07-28,2026-07-28,50300.00,PE,BANKNIFTY26JUL50300PE,2.25,4.40,2.20,3.30,3.20,3.45,56592.00,3.30,1710,180,44,66400318.50,32,F1,30,,,,,
2026-07-23,2026-07-23,FO,NSE,IDO,61759,,BANKNIFTY,,2026-07-28,2026-07-28,53100.00,PE,BANKNIFTY26JUL53100PE,5.90,6.90,4.20,4.75,4.55,5.80,56592.00,4.75,8670,1530,730,1163018062.50,247,F1,30,,,,,
2026-07-23,2026-07-23,FO,NSE,IDO,61790,,BANKNIFTY,,2026-07-28,2026-07-28,54200.00,PE,BANKNIFTY26JUL54200PE,9.80,14.85,7.25,9.70,9.05,9.65,56592.00,9.70,49170,8910,4389,7138078771.50,2392,F1,30,,,,,
2026-07-23,2026-07-23,FO,NSE,IDO,61792,,BANKNIFTY,,2026-07-28,2026-07-28,54300.00,PE,BANKNIFTY26JUL54300PE,11.30,16.95,8.00,10.75,9.50,10.25,56592.00,10.75,39210,17610,4623,7532590771.50,2473,F1,30,,,,,
2026-07-23,2026-07-23,FO,NSE,IDO,61800,,BANKNIFTY,,2026-07-28,2026-07-28,54400.00,PE,BANKNIFTY26JUL54400PE,12.60,18.80,8.75,11.95,10.50,11.65,56592.00,11.95,41820,23550,5750,9386387931.00,2847,F1,30,,,,,
2026-07-23,2026-07-23,FO,NSE,IDO,61802,,BANKNIFTY,,2026-07-28,2026-07-28,54500.00,PE,BANKNIFTY26JUL54500PE,21.00,22.10,9.20,13.45,12.30,12.85,56592.00,13.45,385380,57780,40139,65644810167.00,18125,F1,30,,,,,
2026-07-23,2026-07-23,FO,NSE,IDO,61804,,BANKNIFTY,,2026-07-28,2026-07-28,54600.00,PE,BANKNIFTY26JUL54600PE,18.00,25.25,10.50,14.85,13.90,14.05,56592.00,14.85,50190,15510,7046,11544958669.50,3901,F1,30,,,,,
2026-07-23,2026-07-23,FO,NSE,IDO,61810,,BANKNIFTY,,2026-07-28,2026-07-28,54900.00,PE,BANKNIFTY26JUL54900PE,25.00,39.30,15.55,22.50,21.50,20.80,56592.00,22.50,83370,23430,9355,15414812134.50,5420,F1,30,,,,,
2026-07-23,2026-07-23,FO,NSE,IDO,61876,,BANKNIFTY,,2026-07-28,2026-07-28,57400.00,PE,BANKNIFTY26JUL57400PE,680.00,1061.95,570.05,849.15,839.00,557.30,56592.00,849.15,101820,-55320,11570,20195501481.00,8242,F1,30,,,,,
2026-07-23,2026-07-23,FO,NSE,IDO,62049,,BANKNIFTY,,2026-07-28,2026-07-28,62400.00,PE,BANKNIFTY26JUL62400PE,0.00,0.00,0.00,6637.65,0.00,6637.65,56592.00,5756.10,0,0,0,0.00,0,F1,30,,,,,
2026-07-23,2026-07-23,FO,NSE,IDO,62094,,BANKNIFTY,,2026-07-28,2026-07-28,63900.00,PE,BANKNIFTY26JUL63900PE,0.00,0.00,0.00,7930.05,0.00,7930.05,56592.00,7254.80,0,0,0,0.00,0,F1,30,,,,,
2026-07-23,2026-07-23,FO,NSE,IDO,58819,,BANKNIFTY,,2026-08-25,2026-08-25,49300.00,PE,BANKNIFTY26AUG49300PE,24.05,24.25,22.55,23.40,24.25,17.90,56592.00,23.40,0,-90,7,10358016.00,5,F1,30,,,,,
2026-07-23,2026-07-23,FO,NSE,IDO,58841,,BANKNIFTY,,2026-08-25,2026-08-25,49500.00,PE,BANKNIFTY26AUG49500PE,25.80,28.25,23.60,24.05,24.20,19.00,56592.00,24.05,300,60,20,29715366.00,13,F1,30,,,,,
2026-07-23,2026-07-23,FO,NSE,IDO,58851,,BANKNIFTY,,2026-08-25,2026-08-25,49900.00,PE,BANKNIFTY26AUG49900PE,30.40,30.45,27.50,27.95,27.50,22.65,56592.00,27.95,210,-30,7,10485241.50,5,F1,30,,,,,
2026-07-23,2026-07-23,FO,NSE,IDO,58911,,BANKNIFTY,,2026-08-25,2026-08-25,51700.00,PE,BANKNIFTY26AUG51700PE,53.95,67.15,53.50,58.80,58.30,46.50,56592.00,58.80,750,420,25,38819703.00,11,F1,30,,,,,
2026-07-23,2026-07-23,FO,NSE,IDO,58961,,BANKNIFTY,,2026-08-25,2026-08-25,53500.00,PE,BANKNIFTY26AUG53500PE,140.00,191.70,119.90,161.85,161.90,117.70,56592.00,161.85,54750,10740,1372,2208644994.00,779,F1,30,,,,,
2026-07-23,2026-07-23,FO,NSE,IDO,58997,,BANKNIFTY,,2026-08-25,2026-08-25,54600.00,PE,BANKNIFTY26AUG54600PE,229.70,353.80,229.70,306.90,300.90,224.10,56592.00,306.90,2970,1620,102,168026865.00,75,F1,30,,,,,
2026-07-23,2026-07-23,FO,NSE,IDO,59060,,BANKNIFTY,,2026-08-25,2026-08-25,56700.00,PE,BANKNIFTY26AUG56700PE,841.40,1029.45,735.00,901.15,892.70,689.80,56592.00,901.15,7440,2400,1687,2914683843.00,1102,F1,30,,,,,
2026-07-23,2026-07-23,FO,NSE,IDO,59162,,BANKNIFTY,,2026-08-25,2026-08-25,59700.00,PE,BANKNIFTY26AUG59700PE,0.00,0.00,0.00,4722.95,0.00,4722.95,56592.00,3231.60,0,0,0,0.00,0,F1,30,,,,,
2026-07-23,2026-07-23,FO,NSE,IDO,59231,,BANKNIFTY,,2026-08-25,2026-08-25,61300.00,PE,BANKNIFTY26AUG61300PE,0.00,0.00,0.00,5960.15,0.00,5960.15,56592.00,4564.45,0,0,0,0.00,0,F1,30,,,,,
2026-07-23,2026-07-23,FO,NSE,IDO,59313,,BANKNIFTY,,2026-08-25,2026-08-25,63800.00,PE,BANKNIFTY26AUG63800PE,0.00,0.00,0.00,8088.80,0.00,8088.80,56592.00,6881.70,0,0,0,0.00,0,F1,30,,,,,
2026-07-23,2026-07-23,FO,NSE,IDO,59320,,BANKNIFTY,,2026-08-25,2026-08-25,64100.00,PE,BANKNIFTY26AUG64100PE,0.00,0.00,0.00,8356.45,0.00,8356.45,56592.00,7170.75,0,0,0,0.00,0,F1,30,,,,,
2026-07-23,2026-07-23,FO,NSE,IDO,69705,,BANKNIFTY,,2026-09-29,2026-09-29,54100.00,PE,BANKNIFTY26SEP54100PE,0.00,0.00,0.00,796.95,0.00,796.95,56592.00,799.85,0,0,0,0.00,0,F1,30,,,,,
2026-07-23,2026-07-23,FO,NSE,IDO,69807,,BANKNIFTY,,2026-09-29,2026-09-29,56700.00,PE,BANKNIFTY26SEP56700PE,0.00,0.00,0.00,1632.20,0.00,1632.20,56592.00,1756.65,0,0,0,0.00,0,F1,30,,,,,
2026-07-23,2026-07-23,FO,NSE,IDO,69827,,BANKNIFTY,,2026-09-29,2026-09-29,57700.00,PE,BANKNIFTY26SEP57700PE,0.00,0.00,0.00,2066.00,0.00,2066.00,56592.00,2261.00,0,0,0,0.00,0,F1,30,,,,,
2026-07-23,2026-07-23,FO,NSE,IDO,69839,,BANKNIFTY,,2026-09-29,2026-09-29,58000.00,PE,BANKNIFTY26SEP58000PE,1550.00,1840.00,1476.05,1688.40,1699.20,1407.15,56592.00,1688.40,123090,11940,1632,2920189255.50,1014,F1,30,,,,,
2026-07-23,2026-07-23,FO,NSE,IDO,70081,,BANKNIFTY,,2026-09-29,2026-09-29,62200.00,PE,BANKNIFTY26SEP62200PE,0.00,0.00,0.00,4779.90,0.00,4779.90,56592.00,5378.50,0,0,0,0.00,0,F1,30,,,,,
2026-07-23,2026-07-23,FO,NSE,IDO,70087,,BANKNIFTY,,2026-09-29,2026-09-29,62500.00,PE,BANKNIFTY26SEP62500PE,0.00,0.00,0.00,5003.35,0.00,5003.35,56592.00,5626.20,0,0,0,0.00,0,F1,30,,,,,
2026-07-23,2026-07-23,FO,NSE,IDO,70100,,BANKNIFTY,,2026-09-29,2026-09-29,63200.00,PE,BANKNIFTY26SEP63200PE,0.00,0.00,0.00,5532.80,0.00,5532.80,56592.00,6218.50,0,0,0,0.00,0,F1,30,,,,,
2026-07-23,2026-07-23,FO,NSE,IDO,70116,,BANKNIFTY,,2026-09-29,2026-09-29,64000.00,PE,BANKNIFTY26SEP64000PE,0.00,0.00,0.00,6165.45,0.00,6165.45,56592.00,6917.05,0,0,0,0.00,0,F1,30,,,,,
2026-07-23,2026-07-23,FO,NSE,IDO,53223,,BANKNIFTY,,2026-12-29,2026-12-29,52500.00,PE,BANKNIFTY26DEC52500PE,520.00,520.00,520.00,520.00,520.00,400.75,56592.00,979.25,2250,30,1,1590600.00,1,F1,30,,,,,
2026-07-23,2026-07-23,FO,NSE,IDO,53241,,BANKNIFTY,,2026-12-29,2026-12-29,60000.00,PE,BANKNIFTY26DEC60000PE,2710.00,3031.05,2670.00,2915.00,2915.00,2609.30,56592.00,2915.00,16710,1650,96,181142193.00,89,F1,30,,,,,
2026-07-23,2026-07-23,FO,NSE,IDO,53249,,BANKNIFTY,,2026-12-29,2026-12-29,64500.00,PE,BANKNIFTY26DEC64500PE,0.00,0.00,0.00,4582.05,0.00,4582.05,56592.00,7187.60,0,0,0,0.00,0,F1,30,,,,,
2026-07-23,2026-07-23,FO,NSE,IDO,70797,,BANKNIFTY,,2027-06-29,2027-06-29,60000.00,PE,BANKNIFTY27JUN60000PE,0.00,0.00,0.00,4251.70,0.00,4251.70,56592.00,4477.40,0,0,0,0.00,0,F1,30,,,,,
2026-07-23,2026-07-23,FO,NSE,IDF,58067,,BANKNIFTY,,2026-08-25,2026-08-25,,,BANKNIFTY26AUGFUT,57008.00,57297.80,56730.00,56919.00,56915.00,57469.20,56592.00,56919.00,941910,321930,14604,24955473198.00,10538,F1,30,,,,,
2026-07-23,2026-07-23,FO,NSE,IDO,61627,,BANKNIFTY,,2026-07-28,2026-07-28,47600.00,CE,BANKNIFTY26JUL47600CE,0.00,0.00,0.00,8621.10,0.00,8621.10,56592.00,9031.65,0,0,0,0.00,0,F1,30,,,,,
2026-07-23,2026-07-23,FO,NSE,IDO,61643,,BANKNIFTY,,2026-07-28,2026-07-28,48400.00,CE,BANKNIFTY26JUL48400CE,0.00,0.00,0.00,7892.90,0.00,7892.90,56592.00,8232.30,0,0,0,0.00,0,F1,30,,,,,
2026-07-23,2026-07-23,FO,NSE,IDO,61721,,BANKNIFTY,,2026-07-28,2026-07-28,51600.00,CE,BANKNIFTY26JUL51600CE,0.00,0.00,0.00,5214.00,0.00,5214.00,56592.00,5035.00,0,0,0,0.00,0,F1,30,,,,,
2026-07-23,2026-07-23,FO,NSE,IDO,61739,,BANKNIFTY,,2026-07-28,2026-07-28,52300.00,CE,BANKNIFTY26JUL52300CE,0.00,0.00,0.00,4695.30,0.00,4695.30,56592.00,4335.80,0,0,0,0.00,0,F1,30,,,,,
2026-07-23,2026-07-23,FO,NSE,IDO,61745,,BANKNIFTY,,2026-07-28,2026-07-28,52600.00,CE,BANKNIFTY26JUL52600CE,0.00,0.00,0.00,3327.90,3327.90,3327.90,56592.00,4036.30,90,0,0,0.00,0,F1,30,,,,,
2026-07-23,2026-07-23,FO,NSE,IDO,61770,,BANKNIFTY,,2026-07-28,2026-07-28,53700.00,CE,BANKNIFTY26JUL53700CE,0.00,0.00,0.00,3758.30,3758.30,3758.30,56592.00,2944.05,450,0,0,0.00,0,F1,30,,,,,
2026-07-23,2026-07-23,FO,NSE,IDO,59111,,BANKNIFTY,,2026-08-25,2026-08-25,58100.00,CE,BANKNIFTY26AUG58100CE,586.30,645.70,455.35,498.80,491.80,725.95,56592.00,498.80,20730,2820,599,1053365365.50,380,F1,30,,,,,
2026-07-23,2026-07-23,FO,NSE,IDO,59030,,BANKNIFTY,,2026-08-25,2026-08-25,55900.00,CE,BANKNIFTY26AUG55900CE,1800.00,1800.00,1499.45,1599.10,1599.10,1970.00,56592.00,1984.55,480,180,14,24184560.00,9,F1,30,,,,,
2026-07-23,2026-07-23,FO,NSE,IDO,58988,,BANKNIFTY,,2026-08-25,2026-08-25,54400.00,CE,BANKNIFTY26AUG54400CE,0.00,0.00,0.00,3129.90,0.00,3129.90,56592.00,2999.50,0,0,0,0.00,0,F1,30,,,,,
2026-07-23,2026-07-23,FO,NSE,IDO,58932,,BANKNIFTY,,2026-08-25,2026-08-25,52600.00,CE,BANKNIFTY26AUG52600CE,0.00,0.00,0.00,4266.95,0.00,4266.95,56592.00,4478.95,0,0,0,0.00,0,F1,30,,,,,
2026-07-23,2026-07-23,FO,NSE,IDO,58884,,BANKNIFTY,,2026-08-25,2026-08-25,51300.00,CE,BANKNIFTY26AUG51300CE,0.00,0.00,0.00,5213.60,0.00,5213.60,56592.00,5668.25,0,0,0,0.00,0,F1,30,,,,,
2026-07-23,2026-07-23,FO,NSE,IDO,58868,,BANKNIFTY,,2026-08-25,2026-08-25,50500.00,CE,BANKNIFTY26AUG50500CE,0.00,0.00,0.00,7100.00,7100.00,7100.00,56592.00,6430.55,90,0,0,0.00,0,F1,30,,,,,
2026-07-23,2026-07-23,FO,NSE,IDO,62089,,BANKNIFTY,,2026-07-28,2026-07-28,63700.00,CE,BANKNIFTY26JUL63700CE,2.15,6.50,1.70,2.90,3.00,2.05,56592.00,2.90,29010,10080,1504,2874300063.00,548,F1,30,,,,,
2026-07-23,2026-07-23,FO,NSE,IDO,62025,,BANKNIFTY,,2026-07-28,2026-07-28,61800.00,CE,BANKNIFTY26JUL61800CE,4.10,6.35,2.70,3.40,2.75,4.40,56592.00,3.40,32340,7440,1642,3044491314.00,632,F1,30,,,,,
2026-07-23,2026-07-23,FO,NSE,IDO,61895,,BANKNIFTY,,2026-07-28,2026-07-28,58300.00,CE,BANKNIFTY26JUL58300CE,65.10,65.10,27.95,29.75,29.15,98.00,56592.00,29.75,320490,-48660,53994,94497586894.50,25328,F1,30,,,,,
2026-07-23,2026-07-23,FO,NSE,IDO,61673,,BANKNIFTY,,2026-07-28,2026-07-28,49600.00,CE,BANKNIFTY26JUL49600CE,0.00,0.00,0.00,6838.45,0.00,6838.45,56592.00,7033.30,0,0,0,0.00,0,F1,30,,,,,
2026-07-23,2026-07-23,FO,NSE,IDO,61649,,BANKNIFTY,,2026-07-28,2026-07-28,48600.00,CE,BANKNIFTY26JUL48600CE,0.00,0.00,0.00,7713.75,0.00,7713.75,56592.00,8032.50,0,0,0,0.00,0,F1,30,,,,,
2026-07-23,2026-07-23,FO,NSE,IDO,70761,,BANKNIFTY,,2027-06-29,2027-06-29,49500.00,CE,BANKNIFTY27JUN49500CE,0.00,0.00,0.00,11915.80,0.00,11915.80,56592.00,10986.05,0,0,0,0.00,0,F1,30,,,,,
2026-07-23,2026-07-23,FO,NSE,IDO,70802,,BANKNIFTY,,2027-06-29,2027-06-29,64500.00,CE,BANKNIFTY27JUN64500CE,0.00,0.00,0.00,3584.50,0.00,3584.50,56592.00,2988.05,0,0,0,0.00,0,F1,30,,,,,
2026-07-23,2026-07-23,FO,NSE,IDO,61600,,BANKNIFTY,,2026-07-28,2026-07-28,46500.00,PE,BANKNIFTY26JUL46500PE,1.35,1.85,0.85,1.25,1.50,1.10,56592.00,1.25,15480,-1110,457,637532133.00,222,F1,30,,,,,
2026-07-23,2026-07-23,FO,NSE,IDO,61642,,BANKNIFTY,,2026-07-28,2026-07-28,48300.00,PE,BANKNIFTY26JUL48300PE,3.10,3.20,1.90,2.80,1.90,3.05,56592.00,2.80,1320,-990,483,699903417.00,88,F1,30,,,,,
2026-07-23,2026-07-23,FO,NSE,IDO,61696,,BANKNIFTY,,2026-07-28,2026-07-28,50500.00,PE,BANKNIFTY26JUL50500PE,3.20,3.90,2.35,3.10,2.85,3.55,56592.00,3.10,46830,-1200,459,695429305.50,251,F1,30,,,,,
2026-07-23,2026-07-23,FO,NSE,IDO,61698,,BANKNIFTY,,2026-07-28,2026-07-28,50600.00,PE,BANKNIFTY26JUL50600PE,4.00,4.10,2.65,2.80,2.75,3.45,56592.00,2.80,2250,60,38,57687921.00,9,F1,30,,,,,
2026-07-23,2026-07-23,FO,NSE,IDO,61705,,BANKNIFTY,,2026-07-28,2026-07-28,50900.00,PE,BANKNIFTY26JUL50900PE,3.05,5.50,2.50,3.20,3.00,3.05,56592.00,3.20,7440,60,182,277932528.00,91,F1,30,,,,,
2026-07-23,2026-07-23,FO,NSE,IDO,61715,,BANKNIFTY,,2026-07-28,2026-07-28,51400.00,PE,BANKNIFTY26JUL51400PE,3.40,4.10,2.80,3.60,3.60,4.35,56592.00,0.05,2430,30,46,70936692.00,17,F1,30,,,,,
2026-07-23,2026-07-23,FO,NSE,IDO,61736,,BANKNIFTY,,2026-07-28,2026-07-28,52100.00,PE,BANKNIFTY26JUL52100PE,4.25,4.75,3.10,3.55,3.10,4.25,56592.00,3.55,3120,870,224,350139109.50,132,F1,30,,,,,
2026-07-23,2026-07-23,FO,NSE,IDO,59168,,BANKNIFTY,,2026-08-25,2026-08-25,60000.00,PE,BANKNIFTY26AUG60000PE,2996.90,3360.70,2827.70,3174.15,3165.30,2700.95,56592.00,3174.15,184230,38490,1879,3559271490.00,1513,F1,30,,,,,
2026-07-23,2026-07-23,FO,NSE,IDO,61767,,BANKNIFTY,,2026-07-28,2026-07-28,53500.00,PE,BANKNIFTY26JUL53500PE,6.95,8.60,4.75,6.10,5.10,6.40,56592.00,6.10,234780,66810,19624,31500350914.50,10318,F1,30,,,,,
2026-07-23,2026-07-23,FO,NSE,IDO,61820,,BANKNIFTY,,2026-07-28,2026-07-28,55400.00,PE,BANKNIFTY26JUL55400PE,61.85,89.85,32.75,52.05,49.10,40.00,56592.00,52.05,112110,55530,24920,41462864811.00,16722,F1,30,,,,,
2026-07-23,2026-07-23,FO,NSE,IDO,61827,,BANKNIFTY,,2026-07-28,2026-07-28,55600.00,PE,BANKNIFTY26JUL55600PE,80.00,123.25,45.75,73.75,71.40,54.55,56592.00,73.75,101040,38850,30188,50426456136.00,19454,F1,30,,,,,
2026-07-23,2026-07-23,FO,NSE,IDO,61968,,BANKNIFTY,,2026-07-28,2026-07-28,60300.00,PE,BANKNIFTY26JUL60300PE,0.00,0.00,0.00,1960.40,1960.40,1960.40,56592.00,3660.30,120,0,0,0.00,0,F1,30,,,,,
2026-07-23,2026-07-23,FO,NSE,IDO,61996,,BANKNIFTY,,2026-07-28,2026-07-28,60900.00,PE,BANKNIFTY26JUL60900PE,0.00,0.00,0.00,2610.00,2610.00,2610.00,56592.00,4258.00,60,0,0,0.00,0,F1,30,,,,,
2026-07-23,2026-07-23,FO,NSE,IDO,70803,,BANKNIFTY,,2027-06-29,2027-06-29,64500.00,PE,BANKNIFTY27JUN64500PE,0.00,0.00,0.00,6674.35,0.00,6674.35,56592.00,7033.45,0,0,0,0.00,0,F1,30,,,,,
2026-07-23,2026-07-23,FO,NSE,IDO,76393,,BANKNIFTY,,2027-03-30,2027-03-30,52500.00,PE,BANKNIFTY27MAR52500PE,0.00,0.00,0.00,3218.25,0.00,3218.25,56592.00,1342.35,0,0,0,0.00,0,F1,30,,,,,
2026-07-23,2026-07-23,FO,NSE,IDO,53213,,BANKNIFTY,,2026-12-29,2026-12-29,45000.00,PE,BANKNIFTY26DEC45000PE,81.00,91.05,80.00,87.40,90.95,82.85,56592.00,87.40,24810,1260,140,189365253.00,44,F1,30,,,,,
2026-07-23,2026-07-23,FO,NSE,IDO,70208,,BANKNIFTY,,2026-09-29,2026-09-29,65000.00,PE,BANKNIFTY26SEP65000PE,0.00,0.00,0.00,6080.00,6080.00,6080.00,56592.00,7817.25,90,0,0,0.00,0,F1,30,,,,,
2026-07-23,2026-07-23,FO,NSE,IDO,52413,,BANKNIFTY,,2026-09-29,2026-09-29,64500.00,PE,BANKNIFTY26SEP64500PE,0.00,0.00,0.00,7730.90,0.00,7730.90,56592.00,7363.80,0,0,0,0.00,0,F1,30,,,,,
2026-07-23,2026-07-23,FO,NSE,IDO,70042,,BANKNIFTY,,2026-09-29,2026-09-29,61600.00,PE,BANKNIFTY26SEP61600PE,0.00,0.00,0.00,4351.85,0.00,4351.85,56592.00,4895.25,0,0,0,0.00,0,F1,30,,,,,
2026-07-23,2026-07-23,FO,NSE,IDO,69898,,BANKNIFTY,,2026-09-29,2026-09-29,59100.00,PE,BANKNIFTY26SEP59100PE,0.00,0.00,0.00,2780.45,0.00,2780.45,56592.00,3091.80,0,0,0,0.00,0,F1,30,,,,,
2026-07-23,2026-07-23,FO,NSE,IDO,69896,,BANKNIFTY,,2026-09-29,2026-09-29,59000.00,PE,BANKNIFTY26SEP59000PE,2180.00,2480.90,2036.65,2297.25,2284.85,1995.65,56592.00,2297.25,40800,2400,245,449634940.50,194,F1,30,,,,,
2026-07-23,2026-07-23,FO,NSE,IDO,69873,,BANKNIFTY,,2026-09-29,2026-09-29,58900.00,PE,BANKNIFTY26SEP58900PE,0.00,0.00,0.00,2670.75,0.00,2670.75,56592.00,2964.60,0,0,0,0.00,0,F1,30,,,,,
2026-07-23,2026-07-23,FO,NSE,IDO,52359,,BANKNIFTY,,2026-09-29,2026-09-29,58500.00,PE,BANKNIFTY26SEP58500PE,1800.00,2121.90,1769.70,1980.60,1982.55,1676.65,56592.00,1980.60,51600,-2340,300,543904777.50,166,F1,30,,,,,
2026-07-23,2026-07-23,FO,NSE,IDO,69851,,BANKNIFTY,,2026-09-29,2026-09-29,58400.00,PE,BANKNIFTY26SEP58400PE,1950.00,2050.00,1950.00,2000.00,2000.00,1680.00,56592.00,2658.80,900,210,12,21748899.00,11,F1,30,,,,,
2026-07-23,2026-07-23,FO,NSE,IDO,69849,,BANKNIFTY,,2026-09-29,2026-09-29,58300.00,PE,BANKNIFTY26SEP58300PE,0.00,0.00,0.00,2356.80,0.00,2356.80,56592.00,2599.75,0,0,0,0.00,0,F1,30,,,,,
2026-07-23,2026-07-23,FO,NSE,IDO,69841,,BANKNIFTY,,2026-09-29,2026-09-29,58100.00,PE,BANKNIFTY26SEP58100PE,0.00,0.00,0.00,2257.45,0.00,2257.45,56592.00,2483.90,0,0,0,0.00,0,F1,30,,,,,
2026-07-23,2026-07-23,FO,NSE,IDO,69756,,BANKNIFTY,,2026-09-29,2026-09-29,54500.00,PE,BANKNIFTY26SEP54500PE,0.00,0.00,0.00,901.30,0.00,901.30,56592.00,912.95,0,0,0,0.00,0,F1,30,,,,,
2026-07-23,2026-07-23,FO,NSE,IDO,69679,,BANKNIFTY,,2026-09-29,2026-09-29,52700.00,PE,BANKNIFTY26SEP52700PE,0.00,0.00,0.00,504.05,0.00,504.05,56592.00,476.00,0,0,0,0.00,0,F1,30,,,,,
2026-07-23,2026-07-23,FO,NSE,IDO,69677,,BANKNIFTY,,2026-09-29,2026-09-29,52600.00,PE,BANKNIFTY26SEP52600PE,0.00,0.00,0.00,486.75,0.00,486.75,56592.00,457.45,0,0,0,0.00,0,F1,30,,,,,
2026-07-23,2026-07-23,FO,NSE,IDO,69675,,BANKNIFTY,,2026-09-29,2026-09-29,52400.00,PE,BANKNIFTY26SEP52400PE,0.00,0.00,0.00,453.55,0.00,453.55,56592.00,422.00,0,0,0,0.00,0,F1,30,,,,,
2026-07-23,2026-07-23,FO,NSE,IDO,59351,,BANKNIFTY,,2026-08-25,2026-08-25,65500.00,PE,BANKNIFTY26AUG65500PE,0.00,0.00,0.00,9631.45,0.00,9631.45,56592.00,8535.55,0,0,0,0.00,0,F1,30,,,,,
2026-07-23,2026-07-23,FO,NSE,IDO,59341,,BANKNIFTY,,2026-08-25,2026-08-25,65000.00,PE,BANKNIFTY26AUG65000PE,7745.35,8195.60,7672.35,7994.40,8030.30,7477.85,56592.00,7994.40,18060,6180,241,527004628.50,226,F1,30,,,,,
2026-07-23,2026-07-23,FO,NSE,IDO,59265,,BANKNIFTY,,2026-08-25,2026-08-25,62400.00,PE,BANKNIFTY26AUG62400PE,0.00,0.00,0.00,6871.90,0.00,6871.90,56592.00,5558.95,0,0,0,0.00,0,F1,30,,,,,
2026-07-23,2026-07-23,FO,NSE,IDO,59255,,BANKNIFTY,,2026-08-25,2026-08-25,62000.00,PE,BANKNIFTY26AUG62000PE,4849.00,5250.00,4744.25,5010.35,5010.35,4500.00,56592.00,5010.35,21210,3030,119,238929337.50,101,F1,30,,,,,
2026-07-23,2026-07-23,FO,NSE,IDO,59218,,BANKNIFTY,,2026-08-25,2026-08-25,60900.00,PE,BANKNIFTY26AUG60900PE,0.00,0.00,0.00,5640.00,0.00,5640.00,56592.00,4216.65,0,0,0,0.00,0,F1,30,,,,,
2026-07-23,2026-07-23,FO,NSE,IDO,59133,,BANKNIFTY,,2026-08-25,2026-08-25,58500.00,PE,BANKNIFTY26AUG58500PE,1755.50,2101.00,1647.35,1931.55,1922.35,1588.75,56592.00,1931.55,84630,780,566,1024933506.00,446,F1,30,,,,,
2026-07-23,2026-07-23,FO,NSE,IDO,59050,,BANKNIFTY,,2026-08-25,2026-08-25,56400.00,PE,BANKNIFTY26AUG56400PE,712.05,898.50,644.05,788.50,787.50,594.30,56592.00,788.50,9510,5580,918,1576414741.50,596,F1,30,,,,,
2026-07-23,2026-07-23,FO,NSE,IDO,58959,,BANKNIFTY,,2026-08-25,2026-08-25,53400.00,PE,BANKNIFTY26AUG53400PE,117.60,181.15,117.60,148.85,148.85,112.70,56592.00,148.85,1260,-60,39,62665428.00,28,F1,30,,,,,
2026-07-23,2026-07-23,FO,NSE,IDO,58947,,BANKNIFTY,,2026-08-25,2026-08-25,53100.00,PE,BANKNIFTY26AUG53100PE,105.80,148.65,99.90,127.80,126.35,95.15,56592.00,127.80,2070,720,81,129333723.00,44,F1,30,,,,,
2026-07-23,2026-07-23,FO,NSE,IDO,58919,,BANKNIFTY,,2026-08-25,2026-08-25,51900.00,PE,BANKNIFTY26AUG51900PE,51.20,72.35,51.20,66.55,66.35,51.00,56592.00,66.55,1260,600,34,53002963.50,24,F1,30,,,,,
2026-07-23,2026-07-23,FO,NSE,IDO,61744,,BANKNIFTY,,2026-07-28,2026-07-28,52500.00,PE,BANKNIFTY26JUL52500PE,4.25,5.55,3.70,4.05,3.75,4.60,56592.00,4.05,139560,5460,10618,16724847672.00,5349,F1,30,,,,,
2026-07-23,2026-07-23,FO,NSE,IDO,61763,,BANKNIFTY,,2026-07-28,2026-07-28,53300.00,PE,BANKNIFTY26JUL53300PE,5.65,7.50,4.10,5.35,4.10,5.40,56592.00,5.35,25230,14400,2005,3206347735.50,897,F1,30,,,,,
2026-07-23,2026-07-23,FO,NSE,IDO,58883,,BANKNIFTY,,2026-08-25,2026-08-25,51200.00,PE,BANKNIFTY26AUG51200PE,43.40,51.70,43.40,45.00,45.00,37.25,56592.00,45.00,450,240,23,35360719.50,9,F1,30,,,,,
2026-07-23,2026-07-23,FO,NSE,IDO,58881,,BANKNIFTY,,2026-08-25,2026-08-25,51100.00,PE,BANKNIFTY26AUG51100PE,42.10,49.20,42.10,46.40,46.40,36.75,56592.00,60.70,360,60,18,27618601.50,6,F1,30,,,,,
2026-07-23,2026-07-23,FO,NSE,IDO,58873,,BANKNIFTY,,2026-08-25,2026-08-25,50700.00,PE,BANKNIFTY26AUG50700PE,36.30,43.55,36.30,39.25,39.25,30.80,56592.00,44.35,270,30,16,24354856.50,6,F1,30,,,,,
2026-07-23,2026-07-23,FO,NSE,IDO,58843,,BANKNIFTY,,2026-08-25,2026-08-25,49600.00,PE,BANKNIFTY26AUG49600PE,21.30,26.55,21.30,25.10,25.10,21.60,56592.00,25.10,150,-210,16,23819676.00,11,F1,30,,,,,
2026-07-23,2026-07-23,FO,NSE,IDO,58703,,BANKNIFTY,,2026-08-25,2026-08-25,46000.00,PE,BANKNIFTY26AUG46000PE,15.90,17.95,15.15,16.25,16.35,15.90,56592.00,16.25,99690,4980,488,673686228.00,144,F1,30,,,,,
2026-07-23,2026-07-23,FO,NSE,IDO,62051,,BANKNIFTY,,2026-07-28,2026-07-28,62500.00,PE,BANKNIFTY26JUL62500PE,5950.00,5950.00,5950.00,5950.00,5950.00,4163.60,56592.00,5856.00,1020,-30,2,4107000.00,2,F1,30,,,,,
2026-07-23,2026-07-23,FO,NSE,IDO,62024,,BANKNIFTY,,2026-07-28,2026-07-28,61700.00,PE,BANKNIFTY26JUL61700PE,0.00,0.00,0.00,3385.40,3385.40,3385.40,56592.00,5056.75,0,0,0,0.00,0,F1,30,,,,,
2026-07-23,2026-07-23,FO,NSE,IDO,62014,,BANKNIFTY,,2026-07-28,2026-07-28,61300.00,PE,BANKNIFTY26JUL61300PE,0.00,0.00,0.00,3160.00,3160.00,3160.00,56592.00,4657.25,90,0,0,0.00,0,F1,30,,,,,
2026-07-23,2026-07-23,FO,NSE,IDO,52439,,BANKNIFTY,,2026-09-29,2026-09-29,69000.00,CE,BANKNIFTY26SEP69000CE,0.00,0.00,0.00,882.60,0.00,882.60,56592.00,41.95,0,0,0,0.00,0,F1,30,,,,,
2026-07-23,2026-07-23,FO,NSE,IDO,52412,,BANKNIFTY,,2026-09-29,2026-09-29,64500.00,CE,BANKNIFTY26SEP64500CE,0.00,0.00,0.00,1685.65,0.00,1685.65,56592.00,245.20,0,0,0,0.00,0,F1,30,,,,,
2026-07-23,2026-07-23,FO,NSE,IDO,70099,,BANKNIFTY,,2026-09-29,2026-09-29,63200.00,CE,BANKNIFTY26SEP63200CE,0.00,0.00,0.00,845.10,0.00,845.10,56592.00,384.00,0,0,0,0.00,0,F1,30,,,,,
2026-07-23,2026-07-23,FO,NSE,IDO,70004,,BANKNIFTY,,2026-09-29,2026-09-29,59900.00,CE,BANKNIFTY26SEP59900CE,0.00,0.00,0.00,1805.40,0.00,1805.40,56592.00,1052.55,0,0,0,0.00,0,F1,30,,,,,
2026-07-23,2026-07-23,FO,NSE,IDO,69899,,BANKNIFTY,,2026-09-29,2026-09-29,59200.00,CE,BANKNIFTY26SEP59200CE,0.00,0.00,0.00,2087.15,0.00,2087.15,56592.00,1272.95,0,0,0,0.00,0,F1,30,,,,,
2026-07-23,2026-07-23,FO,NSE,IDO,52358,,BANKNIFTY,,2026-09-29,2026-09-29,58500.00,CE,BANKNIFTY26SEP58500CE,988.00,988.00,776.00,838.45,820.35,1076.45,56592.00,838.45,73860,-10920,811,1444779753.00,421,F1,30,,,,,
2026-07-23,2026-07-23,FO,NSE,IDO,69848,,BANKNIFTY,,2026-09-29,2026-09-29,58300.00,CE,BANKNIFTY26SEP58300CE,0.00,0.00,0.00,2493.95,0.00,2493.95,56592.00,1605.30,0,0,0,0.00,0,F1,30,,,,,
2026-07-23,2026-07-23,FO,NSE,IDO,69828,,BANKNIFTY,,2026-09-29,2026-09-29,57800.00,CE,BANKNIFTY26SEP57800CE,0.00,0.00,0.00,1827.20,1823.00,1827.20,56592.00,1815.05,120,0,0,0.00,0,F1,30,,,,,
2026-07-23,2026-07-23,FO,NSE,IDO,69806,,BANKNIFTY,,2026-09-29,2026-09-29,56700.00,CE,BANKNIFTY26SEP56700CE,0.00,0.00,0.00,3344.80,0.00,3344.80,56592.00,2342.60,0,0,0,0.00,0,F1,30,,,,,
2026-07-23,2026-07-23,FO,NSE,IDO,69672,,BANKNIFTY,,2026-09-29,2026-09-29,52300.00,CE,BANKNIFTY26SEP52300CE,0.00,0.00,0.00,6482.70,0.00,6482.70,56592.00,5337.20,0,0,0,0.00,0,F1,30,,,,,
2026-07-23,2026-07-23,FO,NSE,IDO,69658,,BANKNIFTY,,2026-09-29,2026-09-29,51600.00,CE,BANKNIFTY26SEP51600CE,0.00,0.00,0.00,7072.05,0.00,7072.05,56592.00,5924.35,0,0,0,0.00,0,F1,30,,,,,
2026-07-23,2026-07-23,FO,NSE,IDO,59258,,BANKNIFTY,,2026-08-25,2026-08-25,62200.00,CE,BANKNIFTY26AUG62200CE,0.00,0.00,0.00,514.80,0.00,514.80,56592.00,137.20,0,0,0,0.00,0,F1,30,,,,,
2026-07-23,2026-07-23,FO,NSE,IDO,59145,,BANKNIFTY,,2026-08-25,2026-08-25,59000.00,CE,BANKNIFTY26AUG59000CE,395.00,395.00,226.90,247.60,241.10,395.00,56592.00,247.60,849450,376110,30501,54235725330.00,15523,F1,30,,,,,
2026-07-23,2026-07-23,FO,NSE,IDO,58941,,BANKNIFTY,,2026-08-25,2026-08-25,53000.00,CE,BANKNIFTY26AUG53000CE,4203.00,4340.00,3811.00,4006.35,3988.55,4464.00,56592.00,4006.35,12660,3000,196,335402038.50,169,F1,30,,,,,
2026-07-23,2026-07-23,FO,NSE,IDO,58982,,BANKNIFTY,,2026-08-25,2026-08-25,54200.00,CE,BANKNIFTY26AUG54200CE,0.00,0.00,0.00,3717.40,3717.40,3717.40,56592.00,3151.30,0,0,0,0.00,0,F1,30,,,,,
2026-07-23,2026-07-23,FO,NSE,IDO,59004,,BANKNIFTY,,2026-08-25,2026-08-25,55000.00,CE,BANKNIFTY26AUG55000CE,2500.00,2570.00,2113.75,2265.45,2266.20,2726.20,56592.00,2265.45,56190,5850,1007,1731847305.00,753,F1,30,,,,,
2026-07-23,2026-07-23,FO,NSE,IDO,59149,,BANKNIFTY,,2026-08-25,2026-08-25,59200.00,CE,BANKNIFTY26AUG59200CE,270.75,299.50,198.00,213.45,212.80,343.95,56592.00,213.45,18060,6750,807,1438902708.00,426,F1,30,,,,,
2026-07-23,2026-07-23,FO,NSE,IDO,59153,,BANKNIFTY,,2026-08-25,2026-08-25,59400.00,CE,BANKNIFTY26AUG59400CE,238.20,265.70,166.30,181.20,179.65,294.45,56592.00,181.20,4890,2070,200,357613887.00,133,F1,30,,,,,
2026-07-23,2026-07-23,FO,NSE,IDO,59161,,BANKNIFTY,,2026-08-25,2026-08-25,59700.00,CE,BANKNIFTY26AUG59700CE,0.00,0.00,0.00,997.85,0.00,997.85,56592.00,479.35,0,0,0,0.00,0,F1,30,,,,,
2026-07-23,2026-07-23,FO,NSE,IDO,59212,,BANKNIFTY,,2026-08-25,2026-08-25,60700.00,CE,BANKNIFTY26AUG60700CE,0.00,0.00,0.00,772.10,0.00,772.10,56592.00,299.75,0,0,0,0.00,0,F1,30,,,,,
2026-07-23,2026-07-23,FO,NSE,IDO,59214,,BANKNIFTY,,2026-08-25,2026-08-25,60800.00,CE,BANKNIFTY26AUG60800CE,0.00,0.00,0.00,752.15,0.00,752.15,56592.00,285.35,0,0,0,0.00,0,F1,30,,,,,
2026-07-23,2026-07-23,FO,NSE,IDO,59217,,BANKNIFTY,,2026-08-25,2026-08-25,60900.00,CE,BANKNIFTY26AUG60900CE,0.00,0.00,0.00,732.65,0.00,732.65,56592.00,271.50,0,0,0,0.00,0,F1,30,,,,,
2026-07-23,2026-07-23,FO,NSE,IDO,59226,,BANKNIFTY,,2026-08-25,2026-08-25,61100.00,CE,BANKNIFTY26AUG61100CE,0.00,0.00,0.00,694.85,0.00,694.85,56592.00,245.55,0,0,0,0.00,0,F1,30,,,,,
2026-07-23,2026-07-23,FO,NSE,IDO,59232,,BANKNIFTY,,2026-08-25,2026-08-25,61400.00,CE,BANKNIFTY26AUG61400CE,0.00,0.00,0.00,641.20,0.00,641.20,56592.00,210.55,0,0,0,0.00,0,F1,30,,,,,
2026-07-23,2026-07-23,FO,NSE,IDO,59314,,BANKNIFTY,,2026-08-25,2026-08-25,63900.00,CE,BANKNIFTY26AUG63900CE,0.00,0.00,0.00,314.70,0.00,314.70,56592.00,50.60,0,0,0,0.00,0,F1,30,,,,,
2026-07-23,2026-07-23,FO,NSE,IDO,52270,,BANKNIFTY,,2026-09-29,2026-09-29,46500.00,CE,BANKNIFTY26SEP46500CE,0.00,0.00,0.00,11298.00,0.00,11298.00,56592.00,10678.05,0,0,0,0.00,0,F1,30,,,,,
2026-07-23,2026-07-23,FO,NSE,IDO,69799,,BANKNIFTY,,2026-09-29,2026-09-29,56400.00,CE,BANKNIFTY26SEP56400CE,0.00,0.00,0.00,3522.55,0.00,3522.55,56592.00,2502.40,0,0,0,0.00,0,F1,30,,,,,
2026-07-23,2026-07-23,FO,NSE,IDO,69815,,BANKNIFTY,,2026-09-29,2026-09-29,57200.00,CE,BANKNIFTY26SEP57200CE,0.00,0.00,0.00,3061.35,0.00,3061.35,56592.00,2091.30,0,0,0,0.00,0,F1,30,,,,,
2026-07-23,2026-07-23,FO,NSE,IDO,69840,,BANKNIFTY,,2026-09-29,2026-09-29,58100.00,CE,BANKNIFTY26SEP58100CE,0.00,0.00,0.00,1722.60,1722.60,1722.60,56592.00,1687.00,120,0,0,0.00,0,F1,30,,,,,
2026-07-23,2026-07-23,FO,NSE,IDO,61837,,BANKNIFTY,,2026-07-28,2026-07-28,56100.00,CE,BANKNIFTY26JUL56100CE,900.05,1004.35,598.00,742.35,743.00,1195.10,56592.00,742.35,11280,9270,2640,4499364987.00,1988,F1,30,,,,,
2026-07-23,2026-07-23,FO,NSE,IDO,61829,,BANKNIFTY,,2026-07-28,2026-07-28,55700.00,CE,BANKNIFTY26JUL55700CE,1200.05,1370.00,900.05,1049.90,1061.50,1525.25,56592.00,1049.90,2850,1650,415,706830724.50,333,F1,30,,,,,
2026-07-23,2026-07-23,FO,NSE,IDO,61821,,BANKNIFTY,,2026-07-28,2026-07-28,55500.00,CE,BANKNIFTY26JUL55500CE,1402.70,1560.00,1035.15,1234.60,1237.35,1733.30,56592.00,1234.60,35730,3270,3367,5725597987.50,2111,F1,30,,,,,
2026-07-23,2026-07-23,FO,NSE,IDO,61762,,BANKNIFTY,,2026-07-28,2026-07-28,53300.00,CE,BANKNIFTY26JUL53300CE,0.00,0.00,0.00,4075.00,4075.00,4075.00,56592.00,3339.35,510,0,0,0.00,0,F1,30,,,,,
2026-07-23,2026-07-23,FO,NSE,IDO,61716,,BANKNIFTY,,2026-07-28,2026-07-28,51500.00,CE,BANKNIFTY26JUL51500CE,5224.00,5224.00,5224.00,5224.00,5224.00,5577.95,56592.00,5134.90,360,-30,1,1701720.00,1,F1,30,,,,,
2026-07-23,2026-07-23,FO,NSE,IDO,61712,,BANKNIFTY,,2026-07-28,2026-07-28,51300.00,CE,BANKNIFTY26JUL51300CE,0.00,0.00,0.00,5445.25,0.00,5445.25,56592.00,5334.75,0,0,0,0.00,0,F1,30,,,,,
2026-07-23,2026-07-23,FO,NSE,IDO,61677,,BANKNIFTY,,2026-07-28,2026-07-28,49800.00,CE,BANKNIFTY26JUL49800CE,0.00,0.00,0.00,6667.90,0.00,6667.90,56592.00,6833.50,0,0,0,0.00,0,F1,30,,,,,
2026-07-23,2026-07-23,FO,NSE,IDO,61645,,BANKNIFTY,,2026-07-28,2026-07-28,48500.00,CE,BANKNIFTY26JUL48500CE,0.00,0.00,0.00,7803.15,0.00,7803.15,56592.00,8132.40,0,0,0,0.00,0,F1,30,,,,,
2026-07-23,2026-07-23,FO,NSE,IDO,61584,,BANKNIFTY,,2026-07-28,2026-07-28,46000.00,CE,BANKNIFTY26JUL46000CE,10850.00,10900.00,10450.00,10450.00,10450.00,11120.00,56592.00,10630.30,20940,-480,16,27201000.00,9,F1,30,,,,,
2026-07-23,2026-07-23,FO,NSE,IDO,69944,,BANKNIFTY,,2026-09-29,2026-09-29,59500.00,CE,BANKNIFTY26SEP59500CE,0.00,0.00,0.00,1962.75,0.00,1962.75,56592.00,1174.55,0,0,0,0.00,0,F1,30,,,,,
2026-07-23,2026-07-23,FO,NSE,IDO,69982,,BANKNIFTY,,2026-09-29,2026-09-29,59600.00,CE,BANKNIFTY26SEP59600CE,0.00,0.00,0.00,1010.00,1010.00,1010.00,56592.00,1143.10,420,0,0,0.00,0,F1,30,,,,,
2026-07-23,2026-07-23,FO,NSE,IDO,70023,,BANKNIFTY,,2026-09-29,2026-09-29,60700.00,CE,BANKNIFTY26SEP60700CE,0.00,0.00,0.00,1519.00,0.00,1519.00,56592.00,840.75,0,0,0,0.00,0,F1,30,,,,,
2026-07-23,2026-07-23,FO,NSE,IDO,70043,,BANKNIFTY,,2026-09-29,2026-09-29,61700.00,CE,BANKNIFTY26SEP61700CE,0.00,0.00,0.00,1211.20,0.00,1211.20,56592.00,621.75,0,0,0,0.00,0,F1,30,,,,,
2026-07-23,2026-07-23,FO,NSE,IDO,70088,,BANKNIFTY,,2026-09-29,2026-09-29,62600.00,CE,BANKNIFTY26SEP62600CE,0.00,0.00,0.00,981.05,0.00,981.05,56592.00,467.80,0,0,0,0.00,0,F1,30,,,,,
2026-07-23,2026-07-23,FO,NSE,IDO,70095,,BANKNIFTY,,2026-09-29,2026-09-29,62900.00,CE,BANKNIFTY26SEP62900CE,0.00,0.00,0.00,912.35,0.00,912.35,56592.00,424.15,0,0,0,0.00,0,F1,30,,,,,
2026-07-23,2026-07-23,FO,NSE,IDO,53228,,BANKNIFTY,,2026-12-29,2026-12-29,57000.00,CE,BANKNIFTY26DEC57000CE,2880.00,2880.00,2880.00,2880.00,2880.00,3200.00,56592.00,3737.20,750,30,1,1796400.00,1,F1,30,,,,,
2026-07-23,2026-07-23,FO,NSE,IDO,70769,,BANKNIFTY,,2027-06-29,2027-06-29,52500.00,CE,BANKNIFTY27JUN52500CE,0.00,0.00,0.00,9732.10,0.00,9732.10,56592.00,8837.75,0,0,0,0.00,0,F1,30,,,,,
2026-07-23,2026-07-23,FO,NSE,IDO,61662,,BANKNIFTY,,2026-07-28,2026-07-28,49100.00,PE,BANKNIFTY26JUL49100PE,0.00,0.00,0.00,3.25,3.25,3.25,56592.00,0.00,420,0,0,0.00,0,F1,30,,,,,
2026-07-23,2026-07-23,FO,NSE,IDO,61678,,BANKNIFTY,,2026-07-28,2026-07-28,49800.00,PE,BANKNIFTY26JUL49800PE,3.15,5.00,2.20,2.70,2.80,2.80,56592.00,2.70,2610,420,65,97115668.50,40,F1,30,,,,,
2026-07-23,2026-07-23,FO,NSE,IDO,61682,,BANKNIFTY,,2026-07-28,2026-07-28,50000.00,PE,BANKNIFTY26JUL50000PE,5.00,5.00,2.25,2.60,2.25,3.15,56592.00,2.60,352080,-15510,6277,9416113737.00,2704,F1,30,,,,,
2026-07-23,2026-07-23,FO,NSE,IDO,61783,,BANKNIFTY,,2026-07-28,2026-07-28,53900.00,PE,BANKNIFTY26JUL53900PE,6.00,11.10,5.65,7.10,6.45,8.00,56592.00,7.10,27510,2430,5155,8336827078.50,2188,F1,30,,,,,
2026-07-23,2026-07-23,FO,NSE,IDO,61822,,BANKNIFTY,,2026-07-28,2026-07-28,55500.00,PE,BANKNIFTY26JUL55500PE,55.05,105.00,38.50,61.00,59.20,46.40,56592.00,61.00,837420,137670,127882,213176164287.00,72809,F1,30,,,,,
2026-07-23,2026-07-23,FO,NSE,IDO,61884,,BANKNIFTY,,2026-07-28,2026-07-28,57700.00,PE,BANKNIFTY26JUL57700PE,900.00,1327.45,826.80,1094.95,1093.70,743.95,56592.00,1094.95,127020,-26490,2668,4700778066.00,1948,F1,30,,,,,
2026-07-23,2026-07-23,FO,NSE,IDO,61926,,BANKNIFTY,,2026-07-28,2026-07-28,59200.00,PE,BANKNIFTY26JUL59200PE,2189.05,2776.95,2174.85,2584.75,2584.75,1992.00,56592.00,2579.25,8070,-330,28,51866320.50,21,F1,30,,,,,
2026-07-23,2026-07-23,FO,NSE,IDO,61950,,BANKNIFTY,,2026-07-28,2026-07-28,59800.00,PE,BANKNIFTY26JUL59800PE,3018.45,3076.15,3018.45,3075.65,3075.15,2636.80,56592.00,3075.65,2280,-30,6,11310753.00,3,F1,30,,,,,
2026-07-23,2026-07-23,FO,NSE,IDO,61988,,BANKNIFTY,,2026-07-28,2026-07-28,60600.00,PE,BANKNIFTY26JUL60600PE,0.00,0.00,0.00,2670.05,2670.05,2670.05,56592.00,3958.85,150,0,0,0.00,0,F1,30,,,,,
2026-07-23,2026-07-23,FO,NSE,IDO,62032,,BANKNIFTY,,2026-07-28,2026-07-28,62000.00,PE,BANKNIFTY26JUL62000PE,5016.35,5540.00,5016.35,5304.85,5301.05,4784.00,56592.00,5304.85,70560,-1470,255,514390275.00,147,F1,30,,,,,
2026-07-23,2026-07-23,FO,NSE,IDO,58801,,BANKNIFTY,,2026-08-25,2026-08-25,48600.00,PE,BANKNIFTY26AUG48600PE,0.00,0.00,0.00,239.55,0.00,239.55,56592.00,6.60,0,0,0,0.00,0,F1,30,,,,,
2026-07-23,2026-07-23,FO,NSE,IDO,58879,,BANKNIFTY,,2026-08-25,2026-08-25,51000.00,PE,BANKNIFTY26AUG51000PE,36.05,46.25,30.05,39.30,40.65,33.25,56592.00,39.30,50130,10080,1157,1771575309.00,634,F1,30,,,,,
2026-07-23,2026-07-23,FO,NSE,IDO,58987,,BANKNIFTY,,2026-08-25,2026-08-25,54300.00,PE,BANKNIFTY26AUG54300PE,196.50,309.00,194.45,270.00,270.00,189.00,56592.00,270.00,2040,180,40,65479860.00,36,F1,30,,,,,
2026-07-23,2026-07-23,FO,NSE,IDO,59001,,BANKNIFTY,,2026-08-25,2026-08-25,54800.00,PE,BANKNIFTY26AUG54800PE,260.40,384.00,260.40,344.30,344.15,254.05,56592.00,344.30,3090,930,93,153796683.00,66,F1,30,,,,,
2026-07-23,2026-07-23,FO,NSE,IDO,59013,,BANKNIFTY,,2026-08-25,2026-08-25,55400.00,PE,BANKNIFTY26AUG55400PE,390.60,531.10,355.50,466.00,469.00,348.85,56592.00,466.00,2820,720,65,108921223.50,57,F1,30,,,,,
2026-07-23,2026-07-23,FO,NSE,IDO,59043,,BANKNIFTY,,2026-08-25,2026-08-25,56100.00,PE,BANKNIFTY26AUG56100PE,615.10,770.00,537.50,680.25,668.75,505.40,56592.00,680.25,5670,-2040,336,572144052.00,217,F1,30,,,,,
2026-07-23,2026-07-23,FO,NSE,IDO,59056,,BANKNIFTY,,2026-08-25,2026-08-25,56500.00,PE,BANKNIFTY26AUG56500PE,699.05,937.00,662.95,822.65,820.00,626.50,56592.00,822.65,220770,35280,7368,12668019976.50,5100,F1,30,,,,,
2026-07-23,2026-07-23,FO,NSE,IDO,59089,,BANKNIFTY,,2026-08-25,2026-08-25,57400.00,PE,BANKNIFTY26AUG57400PE,1150.00,1376.35,1046.05,1256.35,1264.95,981.65,56592.00,1256.35,6240,-2760,364,640316898.00,233,F1,30,,,,,
2026-07-23,2026-07-23,FO,NSE,IDO,59112,,BANKNIFTY,,2026-08-25,2026-08-25,58100.00,PE,BANKNIFTY26AUG58100PE,1525.00,1769.65,1432.25,1765.60,1765.60,1348.55,56592.00,2095.40,4290,-780,47,84200263.50,34,F1,30,,,,,
2026-07-23,2026-07-23,FO,NSE,IDO,59138,,BANKNIFTY,,2026-08-25,2026-08-25,58700.00,PE,BANKNIFTY26AUG58700PE,1918.65,2239.40,1818.20,2084.25,2084.25,1751.00,56592.00,2084.25,1320,-90,37,67491606.00,33,F1,30,,,,,
2026-07-23,2026-07-23,FO,NSE,IDO,59160,,BANKNIFTY,,2026-08-25,2026-08-25,59600.00,PE,BANKNIFTY26AUG59600PE,2641.65,2945.00,2641.65,2900.00,2900.00,2371.60,56592.00,3154.10,210,90,7,13111098.00,6,F1,30,,,,,
2026-07-23,2026-07-23,FO,NSE,IDO,59215,,BANKNIFTY,,2026-08-25,2026-08-25,60800.00,PE,BANKNIFTY26AUG60800PE,0.00,0.00,0.00,2625.95,2625.95,2625.95,56592.00,4131.05,30,0,0,0.00,0,F1,30,,,,,
2026-07-23,2026-07-23,FO,NSE,IDO,59251,,BANKNIFTY,,2026-08-25,2026-08-25,61800.00,PE,BANKNIFTY26AUG61800PE,0.00,0.00,0.00,6369.15,0.00,6369.15,56592.00,5010.30,0,0,0,0.00,0,F1,30,,,,,
2026-07-23,2026-07-23,FO,NSE,IDO,69547,,BANKNIFTY,,2026-09-29,2026-09-29,49000.00,PE,BANKNIFTY26SEP49000PE,0.00,0.00,0.00,111.40,0.00,111.40,56592.00,82.15,0,0,0,0.00,0,F1,30,,,,,
2026-07-23,2026-07-23,FO,NSE,IDO,52285,,BANKNIFTY,,2026-09-29,2026-09-29,52500.00,PE,BANKNIFTY26SEP52500PE,184.55,225.00,172.20,204.25,200.90,160.00,56592.00,204.25,16440,1020,132,208669980.00,65,F1,30,,,,,
2026-07-23,2026-07-23,FO,NSE,IDO,69829,,BANKNIFTY,,2026-09-29,2026-09-29,57800.00,PE,BANKNIFTY26SEP57800PE,0.00,0.00,0.00,1333.55,1333.55,1333.55,56592.00,2315.60,1350,0,0,0.00,0,F1,30,,,,,
2026-07-23,2026-07-23,FO,NSE,IDO,70030,,BANKNIFTY,,2026-09-29,2026-09-29,61000.00,PE,BANKNIFTY26SEP61000PE,3500.00,3500.00,3500.00,3500.00,3500.00,3942.40,56592.00,4431.85,30,30,1,1935000.00,1,F1,30,,,,,
2026-07-23,2026-07-23,FO,NSE,IDO,53217,,BANKNIFTY,,2026-12-29,2026-12-29,48000.00,PE,BANKNIFTY26DEC48000PE,0.00,0.00,0.00,130.00,130.00,130.00,56592.00,264.70,930,0,0,0.00,0,F1,30,,,,,
2026-07-23,2026-07-23,FO,NSE,IDO,70766,,BANKNIFTY,,2027-06-29,2027-06-29,51000.00,PE,BANKNIFTY27JUN51000PE,0.00,0.00,0.00,1193.15,0.00,1193.15,56592.00,1233.65,0,0,0,0.00,0,F1,30,,,,,
2026-07-23,2026-07-23,FO,NSE,IDO,70791,,BANKNIFTY,,2027-06-29,2027-06-29,55500.00,PE,BANKNIFTY27JUN55500PE,0.00,0.00,0.00,2421.75,0.00,2421.75,56592.00,2536.60,0,0,0,0.00,0,F1,30,,,,,
2026-07-23,2026-07-23,FO,NSE,IDO,70805,,BANKNIFTY,,2027-06-29,2027-06-29,66000.00,PE,BANKNIFTY27JUN66000PE,0.00,0.00,0.00,7602.30,0.00,7602.30,56592.00,8007.60,0,0,0,0.00,0,F1,30,,,,,
2026-07-23,2026-07-23,FO,NSE,IDO,58916,,BANKNIFTY,,2026-08-25,2026-08-25,51800.00,CE,BANKNIFTY26AUG51800CE,0.00,0.00,0.00,4838.30,0.00,4838.30,56592.00,5202.15,0,0,0,0.00,0,F1,30,,,,,
2026-07-23,2026-07-23,FO,NSE,IDO,61841,,BANKNIFTY,,2026-07-28,2026-07-28,56300.00,CE,BANKNIFTY26JUL56300CE,780.00,884.10,478.00,597.95,599.25,1033.35,56592.00,597.95,31710,27540,16962,28940034628.50,12028,F1,30,,,,,
2026-07-23,2026-07-23,FO,NSE,IDO,61863,,BANKNIFTY,,2026-07-28,2026-07-28,56900.00,CE,BANKNIFTY26JUL56900CE,404.75,483.55,215.45,273.70,271.15,613.30,56592.00,273.70,275490,215370,95420,163822274716.50,70866,F1,30,,,,,
2026-07-23,2026-07-23,FO,NSE,IDO,61867,,BANKNIFTY,,2026-07-28,2026-07-28,57000.00,CE,BANKNIFTY26JUL57000CE,498.00,498.00,184.95,233.70,237.95,549.55,56592.00,233.70,1173780,605340,252159,433259099616.00,166014,F1,30,,,,,
2026-07-23,2026-07-23,FO,NSE,IDO,61965,,BANKNIFTY,,2026-07-28,2026-07-28,60200.00,CE,BANKNIFTY26JUL60200CE,10.90,10.90,4.05,5.25,4.10,9.75,56592.00,5.25,54210,-28740,5534,9995559018.00,3103,F1,30,,,,,
2026-07-23,2026-07-23,FO,NSE,IDO,62029,,BANKNIFTY,,2026-07-28,2026-07-28,61900.00,CE,BANKNIFTY26JUL61900CE,3.10,5.95,2.35,3.20,2.75,4.85,56592.00,3.20,15420,-1770,1307,2427236739.00,459,F1,30,,,,,
2026-07-23,2026-07-23,FO,NSE,IDO,62041,,BANKNIFTY,,2026-07-28,2026-07-28,62300.00,CE,BANKNIFTY26JUL62300CE,2.95,5.35,2.60,3.00,2.70,4.00,56592.00,3.00,24870,8460,1370,2560696374.00,469,F1,30,,,,,
2026-07-23,2026-07-23,FO,NSE,IDO,62095,,BANKNIFTY,,2026-07-28,2026-07-28,64000.00,CE,BANKNIFTY26JUL64000CE,1.95,3.30,1.45,1.90,1.50,2.30,56592.00,1.90,105360,-1620,5400,10368358536.00,1934,F1,30,,,,,
2026-07-23,2026-07-23,FO,NSE,IDO,58702,,BANKNIFTY,,2026-08-25,2026-08-25,46000.00,CE,BANKNIFTY26AUG46000CE,0.00,0.00,0.00,9842.05,0.00,9842.05,56592.00,10866.40,0,0,0,0.00,0,F1,30,,,,,
2026-07-23,2026-07-23,FO,NSE,IDO,58718,,BANKNIFTY,,2026-08-25,2026-08-25,46500.00,CE,BANKNIFTY26AUG46500CE,0.00,0.00,0.00,9370.10,0.00,9370.10,56592.00,10369.65,0,0,0,0.00,0,F1,30,,,,,
2026-07-23,2026-07-23,FO,NSE,IDO,58812,,BANKNIFTY,,2026-08-25,2026-08-25,49000.00,CE,BANKNIFTY26AUG49000CE,8120.00,8120.00,7477.45,7477.45,7477.45,7700.00,56592.00,7477.45,90,0,2,3407923.50,2,F1,30,,,,,
2026-07-23,2026-07-23,FO,NSE,IDO,58840,,BANKNIFTY,,2026-08-25,2026-08-25,49500.00,CE,BANKNIFTY26AUG49500CE,7300.00,7300.00,7300.00,7300.00,7300.00,7900.00,56592.00,7402.70,90,-30,1,1704000.00,1,F1,30,,,,,
2026-07-23,2026-07-23,FO,NSE,IDO,58844,,BANKNIFTY,,2026-08-25,2026-08-25,49700.00,CE,BANKNIFTY26AUG49700CE,0.00,0.00,0.00,6500.70,0.00,6500.70,56592.00,7207.05,0,0,0,0.00,0,F1,30,,,,,
2026-07-23,2026-07-23,FO,NSE,IDO,58934,,BANKNIFTY,,2026-08-25,2026-08-25,52700.00,CE,BANKNIFTY26AUG52700CE,0.00,0.00,0.00,4198.35,0.00,4198.35,56592.00,4390.90,0,0,0,0.00,0,F1,30,,,,,
2026-07-23,2026-07-23,FO,NSE,IDO,62060,,BANKNIFTY,,2026-07-28,2026-07-28,62600.00,PE,BANKNIFTY26JUL62600PE,0.00,0.00,0.00,6805.90,0.00,6805.90,56592.00,5955.90,0,0,0,0.00,0,F1,30,,,,,
2026-07-23,2026-07-23,FO,NSE,IDO,62096,,BANKNIFTY,,2026-07-28,2026-07-28,64000.00,PE,BANKNIFTY26JUL64000PE,7097.30,7520.00,7070.35,7352.00,7352.00,6602.60,56592.00,7352.00,2190,-210,26,55694646.00,24,F1,30,,,,,
2026-07-23,2026-07-23,FO,NSE,IDO,58869,,BANKNIFTY,,2026-08-25,2026-08-25,50500.00,PE,BANKNIFTY26AUG50500PE,34.85,37.95,32.10,33.45,32.10,28.90,56592.00,33.45,1890,990,65,98541967.50,30,F1,30,,,,,
2026-07-23,2026-07-23,FO,NSE,IDO,58887,,BANKNIFTY,,2026-08-25,2026-08-25,51400.00,PE,BANKNIFTY26AUG51400PE,46.35,57.15,46.35,57.15,57.15,40.65,56592.00,76.05,630,360,21,32414485.50,9,F1,30,,,,,
2026-07-23,2026-07-23,FO,NSE,IDO,59037,,BANKNIFTY,,2026-08-25,2026-08-25,55900.00,PE,BANKNIFTY26AUG55900PE,553.45,703.45,473.90,616.20,615.80,462.20,56592.00,616.20,4950,2040,293,496679706.00,223,F1,30,,,,,
2026-07-23,2026-07-23,FO,NSE,IDO,59041,,BANKNIFTY,,2026-08-25,2026-08-25,56000.00,PE,BANKNIFTY26AUG56000PE,529.95,740.10,503.50,641.30,653.00,483.45,56592.00,641.30,263220,15240,13097,22252491712.50,8354,F1,30,,,,,
2026-07-23,2026-07-23,FO,NSE,IDO,59080,,BANKNIFTY,,2026-08-25,2026-08-25,57000.00,PE,BANKNIFTY26AUG57000PE,905.00,1177.75,851.80,1043.75,1030.15,809.15,56592.00,1043.75,338430,70200,14234,24770187214.50,10635,F1,30,,,,,
2026-07-23,2026-07-23,FO,NSE,IDO,59084,,BANKNIFTY,,2026-08-25,2026-08-25,57200.00,PE,BANKNIFTY26AUG57200PE,1010.00,1280.00,907.00,1142.90,1145.90,889.65,56592.00,1142.90,8340,-10200,1230,2150063640.00,899,F1,30,,,,,
2026-07-23,2026-07-23,FO,NSE,IDO,59097,,BANKNIFTY,,2026-08-25,2026-08-25,57800.00,PE,BANKNIFTY26AUG57800PE,1308.45,1632.20,1235.60,1472.35,1453.70,1169.40,56592.00,1472.35,10770,-1110,145,257492559.00,118,F1,30,,,,,
2026-07-23,2026-07-23,FO,NSE,IDO,59118,,BANKNIFTY,,2026-08-25,2026-08-25,58200.00,PE,BANKNIFTY26AUG58200PE,1618.40,1896.40,1468.00,1720.00,1720.00,1380.40,56592.00,1720.00,5250,420,89,159680245.50,87,F1,30,,,,,
2026-07-23,2026-07-23,FO,NSE,IDO,59144,,BANKNIFTY,,2026-08-25,2026-08-25,58900.00,PE,BANKNIFTY26AUG58900PE,2058.20,2384.20,2000.00,2237.45,2237.45,1949.10,56592.00,2237.45,1200,-180,21,38520967.50,21,F1,30,,,,,
2026-07-23,2026-07-23,FO,NSE,IDO,59203,,BANKNIFTY,,2026-08-25,2026-08-25,60500.00,PE,BANKNIFTY26AUG60500PE,3405.00,3761.00,3405.00,3606.15,3612.05,3195.00,56592.00,3606.15,1980,60,8,15388567.50,8,F1,30,,,,,
2026-07-23,2026-07-23,FO,NSE,IDO,59238,,BANKNIFTY,,2026-08-25,2026-08-25,61400.00,PE,BANKNIFTY26AUG61400PE,0.00,0.00,0.00,6041.20,0.00,6041.20,56592.00,4652.70,0,0,0,0.00,0,F1,30,,,,,
2026-07-23,2026-07-23,FO,NSE,IDO,59271,,BANKNIFTY,,2026-08-25,2026-08-25,62500.00,PE,BANKNIFTY26AUG62500PE,5300.00,5758.60,5300.00,5705.00,5705.00,5050.00,56592.00,5651.65,1140,1110,38,77626749.00,28,F1,30,,,,,
2026-07-23,2026-07-23,FO,NSE,IDO,69663,,BANKNIFTY,,2026-09-29,2026-09-29,51800.00,PE,BANKNIFTY26SEP51800PE,0.00,0.00,0.00,364.20,0.00,364.20,56592.00,328.20,0,0,0,0.00,0,F1,30,,,,,
2026-07-23,2026-07-23,FO,NSE,IDO,69695,,BANKNIFTY,,2026-09-29,2026-09-29,53500.00,PE,BANKNIFTY26SEP53500PE,277.25,332.85,255.35,311.80,312.00,247.50,56592.00,311.80,2070,1170,109,175884573.00,59,F1,30,,,,,
2026-07-23,2026-07-23,FO,NSE,IDO,69768,,BANKNIFTY,,2026-09-29,2026-09-29,55000.00,PE,BANKNIFTY26SEP55000PE,494.95,625.75,472.00,564.20,565.00,450.90,56592.00,564.20,43170,6450,999,1664490457.50,449,F1,30,,,,,
2026-07-23,2026-07-23,FO,NSE,IDO,70105,,BANKNIFTY,,2026-09-29,2026-09-29,63500.00,CE,BANKNIFTY26SEP63500CE,0.00,0.00,0.00,783.90,0.00,783.90,56592.00,347.15,0,0,0,0.00,0,F1,30,,,,,
2026-07-23,2026-07-23,FO,NSE,IDO,70119,,BANKNIFTY,,2026-09-29,2026-09-29,64200.00,CE,BANKNIFTY26SEP64200CE,0.00,0.00,0.00,655.15,0.00,655.15,56592.00,272.65,0,0,0,0.00,0,F1,30,,,,,
2026-07-23,2026-07-23,FO,NSE,IDO,76394,,BANKNIFTY,,2027-03-30,2027-03-30,54000.00,CE,BANKNIFTY27MAR54000CE,0.00,0.00,0.00,3970.55,0.00,3970.55,56592.00,6752.05,0,0,0,0.00,0,F1,30,,,,,
2026-07-23,2026-07-23,FO,NSE,IDO,70788,,BANKNIFTY,,2027-06-29,2027-06-29,55500.00,CE,BANKNIFTY27JUN55500CE,0.00,0.00,0.00,7792.30,0.00,7792.30,56592.00,6952.25,0,0,0,0.00,0,F1,30,,,,,
2026-07-23,2026-07-23,FO,NSE,IDO,61634,,BANKNIFTY,,2026-07-28,2026-07-28,47900.00,PE,BANKNIFTY26JUL47900PE,3.05,3.05,2.05,2.05,2.05,2.55,56592.00,2.05,480,150,18,25867404.00,5,F1,30,,,,,
2026-07-23,2026-07-23,FO,NSE,IDO,61664,,BANKNIFTY,,2026-07-28,2026-07-28,49200.00,PE,BANKNIFTY26JUL49200PE,0.00,0.00,0.00,3.05,3.05,3.05,56592.00,0.00,570,0,0,0.00,0,F1,30,,,,,
2026-07-23,2026-07-23,FO,NSE,IDO,61722,,BANKNIFTY,,2026-07-28,2026-07-28,51600.00,PE,BANKNIFTY26JUL51600PE,3.90,5.15,2.55,3.10,3.60,3.90,56592.00,3.10,3030,1800,175,270917481.00,40,F1,30,,,,,
2026-07-23,2026-07-23,FO,NSE,IDO,61740,,BANKNIFTY,,2026-07-28,2026-07-28,52300.00,PE,BANKNIFTY26JUL52300PE,3.90,8.90,2.80,3.55,3.75,4.85,56592.00,3.55,4020,1260,217,340500477.00,73,F1,30,,,,,
2026-07-23,2026-07-23,FO,NSE,IDO,61753,,BANKNIFTY,,2026-07-28,2026-07-28,52800.00,PE,BANKNIFTY26JUL52800PE,4.30,6.45,3.60,4.15,4.35,4.65,56592.00,4.15,5430,1710,594,940986462.00,218,F1,30,,,,,
2026-07-23,2026-07-23,FO,NSE,IDO,61812,,BANKNIFTY,,2026-07-28,2026-07-28,55000.00,PE,BANKNIFTY26JUL55000PE,24.95,46.75,17.75,26.85,25.50,21.95,56592.00,26.85,730560,-24870,105502,174172287721.50,45664,F1,30,,,,,
2026-07-23,2026-07-23,FO,NSE,IDO,61844,,BANKNIFTY,,2026-07-28,2026-07-28,56400.00,PE,BANKNIFTY26JUL56400PE,222.00,387.50,170.40,260.90,258.00,171.55,56592.00,260.90,183870,71730,96986,164954030376.00,73773,F1,30,,,,,
2026-07-23,2026-07-23,FO,NSE,IDO,61862,,BANKNIFTY,,2026-07-28,2026-07-28,56800.00,PE,BANKNIFTY26JUL56800PE,390.70,613.90,302.20,440.80,441.00,290.60,56592.00,440.80,157620,6300,134447,230737821550.50,98919,F1,30,,,,,
2026-07-23,2026-07-23,FO,NSE,IDO,61864,,BANKNIFTY,,2026-07-28,2026-07-28,56900.00,PE,BANKNIFTY26JUL56900PE,331.00,680.00,321.00,500.95,493.95,327.05,56592.00,500.95,145560,-19020,88764,152746000209.00,68433,F1,30,,,,,
2026-07-23,2026-07-23,FO,NSE,IDO,61900,,BANKNIFTY,,2026-07-28,2026-07-28,58400.00,PE,BANKNIFTY26JUL58400PE,1450.00,1958.00,1414.25,1748.40,1733.20,1275.35,56592.00,1748.40,113970,-3870,694,1250193724.50,332,F1,30,,,,,
2026-07-23,2026-07-23,FO,NSE,IDO,62088,,BANKNIFTY,,2026-07-28,2026-07-28,63600.00,PE,BANKNIFTY26JUL63600PE,0.00,0.00,0.00,7666.25,0.00,7666.25,56592.00,6955.05,0,0,0,0.00,0,F1,30,,,,,
2026-07-23,2026-07-23,FO,NSE,IDO,62109,,BANKNIFTY,,2026-07-28,2026-07-28,64500.00,PE,BANKNIFTY26JUL64500PE,0.00,0.00,0.00,6750.00,6750.00,6750.00,56592.00,7854.30,120,0,0,0.00,0,F1,30,,,,,
2026-07-23,2026-07-23,FO,NSE,IDO,62132,,BANKNIFTY,,2026-07-28,2026-07-28,65000.00,PE,BANKNIFTY26JUL65000PE,8200.00,8564.65,8020.10,8336.60,8345.00,7827.05,56592.00,8336.60,63180,-3840,269,591546619.50,228,F1,30,,,,,
2026-07-23,2026-07-23,FO,NSE,IDO,58817,,BANKNIFTY,,2026-08-25,2026-08-25,49200.00,PE,BANKNIFTY26AUG49200PE,23.40,24.30,22.20,23.25,22.20,17.35,56592.00,23.25,60,-30,4,5906799.00,4,F1,30,,,,,
2026-07-23,2026-07-23,FO,NSE,IDO,58839,,BANKNIFTY,,2026-08-25,2026-08-25,49400.00,PE,BANKNIFTY26AUG49400PE,24.80,25.40,23.45,24.45,25.40,18.25,56592.00,24.45,60,-30,7,10379190.00,5,F1,30,,,,,
2026-07-23,2026-07-23,FO,NSE,IDO,58849,,BANKNIFTY,,2026-08-25,2026-08-25,49800.00,PE,BANKNIFTY26AUG49800PE,27.00,29.10,26.65,26.65,26.65,20.65,56592.00,26.65,210,-30,10,14948412.00,6,F1,30,,,,,
2026-07-23,2026-07-23,FO,NSE,IDO,58875,,BANKNIFTY,,2026-08-25,2026-08-25,50800.00,PE,BANKNIFTY26AUG50800PE,33.25,41.30,33.25,40.85,40.85,34.85,56592.00,48.00,330,90,19,28978357.50,7,F1,30,,,,,
2026-07-23,2026-07-23,FO,NSE,IDO,58933,,BANKNIFTY,,2026-08-25,2026-08-25,52600.00,PE,BANKNIFTY26AUG52600PE,69.70,109.05,69.70,90.60,90.65,71.45,56592.00,90.60,1410,570,28,44260674.00,16,F1,30,,,,,
2026-07-23,2026-07-23,FO,NSE,IDO,58940,,BANKNIFTY,,2026-08-25,2026-08-25,52900.00,PE,BANKNIFTY26AUG52900PE,78.55,134.70,78.55,110.05,110.05,82.25,56592.00,110.05,6420,1560,95,151051125.00,40,F1,30,,,,,
2026-07-23,2026-07-23,FO,NSE,IDO,58942,,BANKNIFTY,,2026-08-25,2026-08-25,53000.00,PE,BANKNIFTY26AUG53000PE,104.00,144.70,84.00,117.75,117.15,83.55,56592.00,117.75,146820,38820,4949,7886453805.00,2538,F1,30,,,,,
2026-07-23,2026-07-23,FO,NSE,IDO,59288,,BANKNIFTY,,2026-08-25,2026-08-25,63100.00,CE,BANKNIFTY26AUG63100CE,0.00,0.00,0.00,398.40,0.00,398.40,56592.00,82.10,0,0,0,0.00,0,F1,30,,,,,
2026-07-23,2026-07-23,FO,NSE,IDO,58886,,BANKNIFTY,,2026-08-25,2026-08-25,51400.00,CE,BANKNIFTY26AUG51400CE,0.00,0.00,0.00,5137.40,0.00,5137.40,56592.00,5574.30,0,0,0,0.00,0,F1,30,,,,,
2026-07-23,2026-07-23,FO,NSE,IDO,59024,,BANKNIFTY,,2026-08-25,2026-08-25,55700.00,PE,BANKNIFTY26AUG55700PE,503.95,634.00,431.00,548.20,552.00,405.35,56592.00,548.20,4320,1230,141,237934851.00,114,F1,30,,,,,
2026-07-23,2026-07-23,FO,NSE,IDO,59135,,BANKNIFTY,,2026-08-25,2026-08-25,58600.00,PE,BANKNIFTY26AUG58600PE,1960.00,2180.00,1960.00,2013.75,2013.75,1632.30,56592.00,2013.75,1890,0,8,14563929.00,7,F1,30,,,,,
2026-07-23,2026-07-23,FO,NSE,IDO,61993,,BANKNIFTY,,2026-07-28,2026-07-28,60900.00,CE,BANKNIFTY26JUL60900CE,5.10,7.60,3.40,4.35,3.40,6.35,56592.00,4.35,17850,-8070,5426,9914113692.00,1720,F1,30,,,,,
2026-07-23,2026-07-23,FO,NSE,IDO,61811,,BANKNIFTY,,2026-07-28,2026-07-28,55000.00,CE,BANKNIFTY26JUL55000CE,1855.45,2058.00,1498.90,1700.25,1714.15,2226.35,56592.00,1700.25,86490,6390,2467,4193615284.50,1325,F1,30,,,,,
2026-07-23,2026-07-23,FO,NSE,IDO,61706,,BANKNIFTY,,2026-07-28,2026-07-28,51000.00,CE,BANKNIFTY26JUL51000CE,5992.35,5992.35,5530.00,5659.90,5660.00,6123.00,56592.00,5659.90,4680,-1320,100,170216458.50,85,F1,30,,,,,
2026-07-23,2026-07-23,FO,NSE,IDO,59195,,BANKNIFTY,,2026-08-25,2026-08-25,60400.00,PE,BANKNIFTY26AUG60400PE,0.00,0.00,0.00,5249.35,0.00,5249.35,56592.00,3794.65,0,0,0,0.00,0,F1,30,,,,,
2026-07-23,2026-07-23,FO,NSE,IDO,59287,,BANKNIFTY,,2026-08-25,2026-08-25,63000.00,PE,BANKNIFTY26AUG63000PE,5680.00,6225.00,5664.25,6014.00,6010.00,5514.45,56592.00,6014.00,20430,3810,169,349301158.50,119,F1,30,,,,,
2026-07-23,2026-07-23,FO,NSE,IDO,69808,,BANKNIFTY,,2026-09-29,2026-09-29,56800.00,CE,BANKNIFTY26SEP56800CE,0.00,0.00,0.00,3286.85,0.00,3286.85,56592.00,2290.85,0,0,0,0.00,0,F1,30,,,,,
2026-07-23,2026-07-23,FO,NSE,IDO,69780,,BANKNIFTY,,2026-09-29,2026-09-29,55600.00,PE,BANKNIFTY26SEP55600PE,0.00,0.00,0.00,1228.45,0.00,1228.45,56592.00,1289.60,0,0,0,0.00,0,F1,30,,,,,
2026-07-23,2026-07-23,FO,NSE,IDO,70031,,BANKNIFTY,,2026-09-29,2026-09-29,61100.00,CE,BANKNIFTY26SEP61100CE,0.00,0.00,0.00,1389.40,0.00,1389.40,56592.00,745.75,0,0,0,0.00,0,F1,30,,,,,
2026-07-23,2026-07-23,FO,NSE,IDO,70047,,BANKNIFTY,,2026-09-29,2026-09-29,61900.00,CE,BANKNIFTY26SEP61900CE,0.00,0.00,0.00,1156.00,0.00,1156.00,56592.00,584.35,0,0,0,0.00,0,F1,30,,,,,
2026-07-23,2026-07-23,FO,NSE,IDO,70796,,BANKNIFTY,,2027-06-29,2027-06-29,60000.00,CE,BANKNIFTY27JUN60000CE,0.00,0.00,0.00,5392.05,0.00,5392.05,56592.00,4662.55,0,0,0,0.00,0,F1,30,,,,,
2026-07-23,2026-07-23,FO,NSE,IDO,58971,,BANKNIFTY,,2026-08-25,2026-08-25,53700.00,PE,BANKNIFTY26AUG53700PE,155.00,210.00,143.00,180.65,183.80,126.70,56592.00,180.65,1320,210,33,53338168.50,25,F1,30,,,,,
2026-07-23,2026-07-23,FO,NSE,IDO,69833,,BANKNIFTY,,2026-09-29,2026-09-29,57900.00,PE,BANKNIFTY26SEP57900PE,0.00,0.00,0.00,2160.45,0.00,2160.45,56592.00,2370.95,0,0,0,0.00,0,F1,30,,,,,
2026-07-23,2026-07-23,FO,NSE,IDO,70026,,BANKNIFTY,,2026-09-29,2026-09-29,60800.00,PE,BANKNIFTY26SEP60800PE,0.00,0.00,0.00,3810.25,0.00,3810.25,56592.00,4280.65,0,0,0,0.00,0,F1,30,,,,,
2026-07-23,2026-07-23,FO,NSE,IDO,70798,,BANKNIFTY,,2027-06-29,2027-06-29,61500.00,CE,BANKNIFTY27JUN61500CE,0.00,0.00,0.00,4726.20,0.00,4726.20,56592.00,4039.50,0,0,0,0.00,0,F1,30,,,,,
2026-07-23,2026-07-23,FO,NSE,IDO,61628,,BANKNIFTY,,2026-07-28,2026-07-28,47600.00,PE,BANKNIFTY26JUL47600PE,1.95,2.35,1.80,1.95,1.95,1.90,56592.00,0.00,600,90,38,54266413.50,17,F1,30,,,,,
2026-07-23,2026-07-23,FO,NSE,IDO,53236,,BANKNIFTY,,2026-12-29,2026-12-29,58500.00,PE,BANKNIFTY26DEC58500PE,1900.00,2200.00,1900.00,2180.00,2180.00,1900.00,56592.00,3260.20,240,-30,14,25440900.00,13,F1,30,,,,,
2026-07-23,2026-07-23,FO,NSE,IDO,53219,,BANKNIFTY,,2026-12-29,2026-12-29,49500.00,PE,BANKNIFTY26DEC49500PE,0.00,0.00,0.00,232.05,232.05,232.05,56592.00,429.40,30,0,0,0.00,0,F1,30,,,,,
2026-07-23,2026-07-23,FO,NSE,IDO,61644,,BANKNIFTY,,2026-07-28,2026-07-28,48400.00,PE,BANKNIFTY26JUL48400PE,3.25,3.25,1.95,2.60,2.60,2.80,56592.00,0.00,660,0,31,45014283.00,13,F1,30,,,,,
2026-07-23,2026-07-23,FO,NSE,IDO,61990,,BANKNIFTY,,2026-07-28,2026-07-28,60700.00,PE,BANKNIFTY26JUL60700PE,0.00,0.00,0.00,2361.30,2361.30,2361.30,56592.00,4058.55,60,0,0,0.00,0,F1,30,,,,,
2026-07-23,2026-07-23,FO,NSE,IDO,70118,,BANKNIFTY,,2026-09-29,2026-09-29,64100.00,PE,BANKNIFTY26SEP64100PE,0.00,0.00,0.00,6246.30,0.00,6246.30,56592.00,7005.80,0,0,0,0.00,0,F1,30,,,,,
2026-07-23,2026-07-23,FO,NSE,IDO,52389,,BANKNIFTY,,2026-09-29,2026-09-29,61500.00,PE,BANKNIFTY26SEP61500PE,0.00,0.00,0.00,3362.90,3362.90,3362.90,56592.00,4816.35,330,0,0,0.00,0,F1,30,,,,,
2026-07-23,2026-07-23,FO,NSE,IDO,61782,,BANKNIFTY,,2026-07-28,2026-07-28,53900.00,CE,BANKNIFTY26JUL53900CE,2793.55,2847.40,2793.55,2847.40,2847.40,3318.40,56592.00,2748.00,1290,30,2,3403228.50,2,F1,30,,,,,
2026-07-23,2026-07-23,FO,NSE,IDO,61780,,BANKNIFTY,,2026-07-28,2026-07-28,53800.00,CE,BANKNIFTY26JUL53800CE,3034.90,3034.90,2853.00,2853.00,2853.00,4134.65,56592.00,2845.85,570,-60,3,5104227.00,2,F1,30,,,,,
2026-07-23,2026-07-23,FO,NSE,IDO,61760,,BANKNIFTY,,2026-07-28,2026-07-28,53200.00,CE,BANKNIFTY26JUL53200CE,0.00,0.00,0.00,4698.00,4698.00,4698.00,56592.00,3438.65,330,0,0,0.00,0,F1,30,,,,,
2026-07-23,2026-07-23,FO,NSE,IDO,61737,,BANKNIFTY,,2026-07-28,2026-07-28,52200.00,CE,BANKNIFTY26JUL52200CE,0.00,0.00,0.00,4768.10,0.00,4768.10,56592.00,4435.65,0,0,0,0.00,0,F1,30,,,,,
2026-07-23,2026-07-23,FO,NSE,IDO,61735,,BANKNIFTY,,2026-07-28,2026-07-28,52100.00,CE,BANKNIFTY26JUL52100CE,0.00,0.00,0.00,4841.45,0.00,4841.45,56592.00,4535.50,0,0,0,0.00,0,F1,30,,,,,
2026-07-23,2026-07-23,FO,NSE,IDO,61731,,BANKNIFTY,,2026-07-28,2026-07-28,52000.00,CE,BANKNIFTY26JUL52000CE,5000.00,5000.00,4475.00,4679.05,4687.90,5235.00,56592.00,4679.05,22560,-1830,117,199002366.00,91,F1,30,,,,,
2026-07-23,2026-07-23,FO,NSE,IDO,58983,,BANKNIFTY,,2026-08-25,2026-08-25,54200.00,PE,BANKNIFTY26AUG54200PE,202.00,279.45,191.00,259.25,259.25,180.00,56592.00,259.25,1890,750,59,96358858.50,42,F1,30,,,,,
2026-07-23,2026-07-23,FO,NSE,IDO,59007,,BANKNIFTY,,2026-08-25,2026-08-25,55100.00,PE,BANKNIFTY26AUG55100PE,359.00,466.95,310.70,399.85,393.85,294.30,56592.00,399.85,2880,840,91,151502737.50,83,F1,30,,,,,
2026-07-23,2026-07-23,FO,NSE,IDO,59191,,BANKNIFTY,,2026-08-25,2026-08-25,60300.00,PE,BANKNIFTY26AUG60300PE,0.00,0.00,0.00,5174.70,0.00,5174.70,56592.00,3712.15,0,0,0,0.00,0,F1,30,,,,,
2026-07-23,2026-07-23,FO,NSE,IDO,59259,,BANKNIFTY,,2026-08-25,2026-08-25,62200.00,PE,BANKNIFTY26AUG62200PE,0.00,0.00,0.00,6702.95,0.00,6702.95,56592.00,5374.60,0,0,0,0.00,0,F1,30,,,,,
2026-07-23,2026-07-23,FO,NSE,IDO,59273,,BANKNIFTY,,2026-08-25,2026-08-25,62600.00,PE,BANKNIFTY26AUG62600PE,0.00,0.00,0.00,7042.20,0.00,7042.20,56592.00,5744.65,0,0,0,0.00,0,F1,30,,,,,
2026-07-23,2026-07-23,FO,NSE,IDO,59291,,BANKNIFTY,,2026-08-25,2026-08-25,63200.00,PE,BANKNIFTY26AUG63200PE,0.00,0.00,0.00,7560.40,0.00,7560.40,56592.00,6308.85,0,0,0,0.00,0,F1,30,,,,,
2026-07-23,2026-07-23,FO,NSE,IDO,69659,,BANKNIFTY,,2026-09-29,2026-09-29,51600.00,PE,BANKNIFTY26SEP51600PE,0.00,0.00,0.00,337.70,0.00,337.70,56592.00,300.80,0,0,0,0.00,0,F1,30,,,,,
2026-07-23,2026-07-23,FO,NSE,IDO,69689,,BANKNIFTY,,2026-09-29,2026-09-29,53200.00,PE,BANKNIFTY26SEP53200PE,0.00,0.00,0.00,597.40,0.00,597.40,56592.00,577.25,0,0,0,0.00,0,F1,30,,,,,
2026-07-23,2026-07-23,FO,NSE,IDO,69701,,BANKNIFTY,,2026-09-29,2026-09-29,53800.00,PE,BANKNIFTY26SEP53800PE,0.00,0.00,0.00,725.75,0.00,725.75,56592.00,720.85,0,0,0,0.00,0,F1,30,,,,,
2026-07-23,2026-07-23,FO,NSE,IDO,69707,,BANKNIFTY,,2026-09-29,2026-09-29,54200.00,PE,BANKNIFTY26SEP54200PE,0.00,0.00,0.00,823.90,0.00,823.90,56592.00,825.25,0,0,0,0.00,0,F1,30,,,,,
2026-07-23,2026-07-23,FO,NSE,IDO,69762,,BANKNIFTY,,2026-09-29,2026-09-29,54700.00,PE,BANKNIFTY26SEP54700PE,0.00,0.00,0.00,955.70,0.00,955.70,56592.00,974.90,0,0,0,0.00,0,F1,30,,,,,
2026-07-23,2026-07-23,FO,NSE,IDO,69798,,BANKNIFTY,,2026-09-29,2026-09-29,56300.00,PE,BANKNIFTY26SEP56300PE,0.00,0.00,0.00,1476.60,0.00,1476.60,56592.00,1576.15,0,0,0,0.00,0,F1,30,,,,,
2026-07-23,2026-07-23,FO,NSE,IDO,69800,,BANKNIFTY,,2026-09-29,2026-09-29,56400.00,PE,BANKNIFTY26SEP56400PE,0.00,0.00,0.00,1514.55,0.00,1514.55,56592.00,1620.10,0,0,0,0.00,0,F1,30,,,,,
2026-07-23,2026-07-23,FO,NSE,IDO,69918,,BANKNIFTY,,2026-09-29,2026-09-29,59400.00,PE,BANKNIFTY26SEP59400PE,0.00,0.00,0.00,2949.60,0.00,2949.60,56592.00,3287.70,0,0,0,0.00,0,F1,30,,,,,
2026-07-23,2026-07-23,FO,NSE,IDO,70010,,BANKNIFTY,,2026-09-29,2026-09-29,59900.00,PE,BANKNIFTY26SEP59900PE,0.00,0.00,0.00,3243.70,0.00,3243.70,56592.00,3627.40,0,0,0,0.00,0,F1,30,,,,,
2026-07-23,2026-07-23,FO,NSE,IDO,70022,,BANKNIFTY,,2026-09-29,2026-09-29,60600.00,PE,BANKNIFTY26SEP60600PE,0.00,0.00,0.00,3680.35,0.00,3680.35,56592.00,4131.65,0,0,0,0.00,0,F1,30,,,,,
2026-07-23,2026-07-23,FO,NSE,IDO,70024,,BANKNIFTY,,2026-09-29,2026-09-29,60700.00,PE,BANKNIFTY26SEP60700PE,0.00,0.00,0.00,3745.00,0.00,3745.00,56592.00,4205.85,0,0,0,0.00,0,F1,30,,,,,
2026-07-23,2026-07-23,FO,NSE,IDO,70092,,BANKNIFTY,,2026-09-29,2026-09-29,62700.00,PE,BANKNIFTY26SEP62700PE,0.00,0.00,0.00,5153.10,0.00,5153.10,56592.00,5793.50,0,0,0,0.00,0,F1,30,,,,,
2026-07-23,2026-07-23,FO,NSE,IDO,70098,,BANKNIFTY,,2026-09-29,2026-09-29,63100.00,PE,BANKNIFTY26SEP63100PE,0.00,0.00,0.00,5455.60,0.00,5455.60,56592.00,6132.75,0,0,0,0.00,0,F1,30,,,,,
2026-07-23,2026-07-23,FO,NSE,IDO,52440,,BANKNIFTY,,2026-09-29,2026-09-29,69000.00,PE,BANKNIFTY26SEP69000PE,0.00,0.00,0.00,9000.00,9000.00,9000.00,56592.00,11605.45,120,0,0,0.00,0,F1,30,,,,,
2026-07-23,2026-07-23,FO,NSE,IDO,70795,,BANKNIFTY,,2027-06-29,2027-06-29,58500.00,PE,BANKNIFTY27JUN58500PE,0.00,0.00,0.00,3574.05,0.00,3574.05,56592.00,3759.40,0,0,0,0.00,0,F1,30,,,,,
2026-07-23,2026-07-23,FO,NSE,IDO,69913,,BANKNIFTY,,2026-09-29,2026-09-29,59300.00,CE,BANKNIFTY26SEP59300CE,0.00,0.00,0.00,2045.10,0.00,2045.10,56592.00,1239.50,0,0,0,0.00,0,F1,30,,,,,
2026-07-23,2026-07-23,FO,NSE,IDO,69803,,BANKNIFTY,,2026-09-29,2026-09-29,56600.00,CE,BANKNIFTY26SEP56600CE,0.00,0.00,0.00,3403.45,0.00,3403.45,56592.00,2395.10,0,0,0,0.00,0,F1,30,,,,,
2026-07-23,2026-07-23,FO,NSE,IDO,69795,,BANKNIFTY,,2026-09-29,2026-09-29,56200.00,CE,BANKNIFTY26SEP56200CE,0.00,0.00,0.00,3644.20,0.00,3644.20,56592.00,2612.75,0,0,0,0.00,0,F1,30,,,,,
2026-07-23,2026-07-23,FO,NSE,IDO,69706,,BANKNIFTY,,2026-09-29,2026-09-29,54200.00,CE,BANKNIFTY26SEP54200CE,0.00,0.00,0.00,4998.15,0.00,4998.15,56592.00,3880.60,0,0,0,0.00,0,F1,30,,,,,
2026-07-23,2026-07-23,FO,NSE,IDO,69692,,BANKNIFTY,,2026-09-29,2026-09-29,53400.00,CE,BANKNIFTY26SEP53400CE,0.00,0.00,0.00,5600.15,0.00,5600.15,56592.00,4467.45,0,0,0,0.00,0,F1,30,,,,,
2026-07-23,2026-07-23,FO,NSE,IDO,69682,,BANKNIFTY,,2026-09-29,2026-09-29,52900.00,CE,BANKNIFTY26SEP52900CE,0.00,0.00,0.00,5994.30,0.00,5994.30,56592.00,4854.20,0,0,0,0.00,0,F1,30,,,,,
2026-07-23,2026-07-23,FO,NSE,IDO,52284,,BANKNIFTY,,2026-09-29,2026-09-29,52500.00,CE,BANKNIFTY26SEP52500CE,0.00,0.00,0.00,6823.00,0.00,6823.00,56592.00,5174.00,0,0,0,0.00,0,F1,30,,,,,
2026-07-23,2026-07-23,FO,NSE,IDO,69546,,BANKNIFTY,,2026-09-29,2026-09-29,49000.00,CE,BANKNIFTY26SEP49000CE,0.00,0.00,0.00,9405.90,0.00,9405.90,56592.00,8273.90,0,0,0,0.00,0,F1,30,,,,,
2026-07-23,2026-07-23,FO,NSE,IDO,59304,,BANKNIFTY,,2026-08-25,2026-08-25,63700.00,CE,BANKNIFTY26AUG63700CE,0.00,0.00,0.00,334.05,0.00,334.05,56592.00,57.25,0,0,0,0.00,0,F1,30,,,,,
2026-07-23,2026-07-23,FO,NSE,IDO,59262,,BANKNIFTY,,2026-08-25,2026-08-25,62400.00,CE,BANKNIFTY26AUG62400CE,0.00,0.00,0.00,486.70,0.00,486.70,56592.00,122.75,0,0,0,0.00,0,F1,30,,,,,
2026-07-23,2026-07-23,FO,NSE,IDO,59239,,BANKNIFTY,,2026-08-25,2026-08-25,61500.00,CE,BANKNIFTY26AUG61500CE,44.50,49.50,34.90,36.75,37.15,55.00,56592.00,36.75,58950,6720,2098,3873312561.00,1025,F1,30,,,,,
2026-07-23,2026-07-23,FO,NSE,IDO,59192,,BANKNIFTY,,2026-08-25,2026-08-25,60400.00,CE,BANKNIFTY26AUG60400CE,101.75,116.40,79.35,83.45,82.75,134.30,56592.00,83.45,4560,330,203,368417628.00,118,F1,30,,,,,
2026-07-23,2026-07-23,FO,NSE,IDO,59134,,BANKNIFTY,,2026-08-25,2026-08-25,58600.00,CE,BANKNIFTY26AUG58600CE,418.00,471.00,317.00,348.25,351.05,530.15,56592.00,348.25,14070,3720,600,1061247312.00,384,F1,30,,,,,
2026-07-23,2026-07-23,FO,NSE,IDO,59114,,BANKNIFTY,,2026-08-25,2026-08-25,58200.00,CE,BANKNIFTY26AUG58200CE,550.00,599.00,425.00,467.85,459.80,676.15,56592.00,467.85,18480,3840,751,1322311816.50,530,F1,30,,,,,
2026-07-23,2026-07-23,FO,NSE,IDO,59083,,BANKNIFTY,,2026-08-25,2026-08-25,57200.00,CE,BANKNIFTY26AUG57200CE,1000.00,1075.00,795.00,875.05,876.10,1178.65,56592.00,875.05,19080,4890,941,1640492281.50,758,F1,30,,,,,
2026-07-23,2026-07-23,FO,NSE,IDO,59014,,BANKNIFTY,,2026-08-25,2026-08-25,55500.00,CE,BANKNIFTY26AUG55500CE,2060.80,2147.55,1775.30,1915.55,1912.00,2313.35,56592.00,1915.55,6750,1800,136,234229383.00,104,F1,30,,,,,
2026-07-23,2026-07-23,FO,NSE,IDO,58998,,BANKNIFTY,,2026-08-25,2026-08-25,54700.00,CE,BANKNIFTY26AUG54700CE,0.00,0.00,0.00,2961.05,0.00,2961.05,56592.00,2780.40,0,0,0,0.00,0,F1,30,,,,,
2026-07-23,2026-07-23,FO,NSE,IDO,58990,,BANKNIFTY,,2026-08-25,2026-08-25,54500.00,CE,BANKNIFTY26AUG54500CE,2850.00,2850.00,2531.45,2692.85,2692.85,3100.00,56592.00,2692.85,1500,90,16,27412653.00,11,F1,30,,,,,
2026-07-23,2026-07-23,FO,NSE,IDO,58960,,BANKNIFTY,,2026-08-25,2026-08-25,53500.00,CE,BANKNIFTY26AUG53500CE,0.00,0.00,0.00,4040.00,4040.00,4040.00,56592.00,3709.20,1350,0,0,0.00,0,F1,30,,,,,
2026-07-23,2026-07-23,FO,NSE,IDO,58938,,BANKNIFTY,,2026-08-25,2026-08-25,52900.00,CE,BANKNIFTY26AUG52900CE,0.00,0.00,0.00,4063.05,0.00,4063.05,56592.00,4216.55,0,0,0,0.00,0,F1,30,,,,,
2026-07-23,2026-07-23,FO,NSE,IDO,58936,,BANKNIFTY,,2026-08-25,2026-08-25,52800.00,CE,BANKNIFTY26AUG52800CE,0.00,0.00,0.00,4130.40,0.00,4130.40,56592.00,4303.45,0,0,0,0.00,0,F1,30,,,,,
2026-07-23,2026-07-23,FO,NSE,IDO,58926,,BANKNIFTY,,2026-08-25,2026-08-25,52300.00,CE,BANKNIFTY26AUG52300CE,0.00,0.00,0.00,4478.75,0.00,4478.75,56592.00,4746.45,0,0,0,0.00,0,F1,30,,,,,
2026-07-23,2026-07-23,FO,NSE,IDO,58922,,BANKNIFTY,,2026-08-25,2026-08-25,52100.00,CE,BANKNIFTY26AUG52100CE,0.00,0.00,0.00,4621.65,0.00,4621.65,56592.00,4927.35,0,0,0,0.00,0,F1,30,,,,,
2026-07-23,2026-07-23,FO,NSE,IDO,58818,,BANKNIFTY,,2026-08-25,2026-08-25,49300.00,CE,BANKNIFTY26AUG49300CE,0.00,0.00,0.00,6840.65,0.00,6840.65,56592.00,7598.80,0,0,0,0.00,0,F1,30,,,,,
2026-07-23,2026-07-23,FO,NSE,IDO,62050,,BANKNIFTY,,2026-07-28,2026-07-28,62500.00,CE,BANKNIFTY26JUL62500CE,2.90,4.85,2.40,2.70,2.45,3.60,56592.00,2.70,150210,6930,4611,8646152977.50,1706,F1,30,,,,,
2026-07-23,2026-07-23,FO,NSE,IDO,62021,,BANKNIFTY,,2026-07-28,2026-07-28,61700.00,CE,BANKNIFTY26JUL61700CE,3.00,5.65,3.00,3.40,3.30,4.95,56592.00,3.40,8370,3450,826,1529026828.50,288,F1,30,,,,,
2026-07-23,2026-07-23,FO,NSE,IDO,61969,,BANKNIFTY,,2026-07-28,2026-07-28,60400.00,CE,BANKNIFTY26JUL60400CE,9.80,9.80,4.55,5.05,4.80,8.40,56592.00,5.05,36990,-10440,3346,6063597991.50,1964,F1,30,,,,,
2026-07-23,2026-07-23,FO,NSE,IDO,61919,,BANKNIFTY,,2026-07-28,2026-07-28,59100.00,CE,BANKNIFTY26JUL59100CE,20.25,20.25,10.85,11.60,11.15,29.15,56592.00,11.60,128250,5790,12985,23028193635.00,7280,F1,30,,,,,
2026-07-23,2026-07-23,FO,NSE,IDO,61915,,BANKNIFTY,,2026-07-28,2026-07-28,58900.00,CE,BANKNIFTY26JUL58900CE,20.05,25.80,13.40,14.20,13.85,39.35,56592.00,14.20,141900,60,15328,27093010207.50,8549,F1,30,,,,,
2026-07-23,2026-07-23,FO,NSE,IDO,61883,,BANKNIFTY,,2026-07-28,2026-07-28,57700.00,CE,BANKNIFTY26JUL57700CE,150.00,168.25,63.65,73.05,74.85,237.80,56592.00,73.05,341010,2100,51994,90153681094.50,32746,F1,30,,,,,
2026-07-23,2026-07-23,FO,NSE,IDO,61839,,BANKNIFTY,,2026-07-28,2026-07-28,56200.00,CE,BANKNIFTY26JUL56200CE,804.00,952.10,535.90,669.90,675.00,1080.15,56592.00,669.90,22290,18150,7880,13433815549.50,5360,F1,30,,,,,
2026-07-23,2026-07-23,FO,NSE,IDO,61815,,BANKNIFTY,,2026-07-28,2026-07-28,55200.00,CE,BANKNIFTY26JUL55200CE,1449.00,1521.85,1321.30,1521.85,1521.85,1975.60,56592.00,1521.85,2280,120,64,108650070.00,55,F1,30,,,,,
2026-07-23,2026-07-23,FO,NSE,IDO,61799,,BANKNIFTY,,2026-07-28,2026-07-28,54400.00,CE,BANKNIFTY26JUL54400CE,0.00,0.00,0.00,3226.70,3226.70,3226.70,56592.00,2266.30,750,0,0,0.00,0,F1,30,,,,,
2026-07-23,2026-07-23,FO,NSE,IDO,61764,,BANKNIFTY,,2026-07-28,2026-07-28,53400.00,CE,BANKNIFTY26JUL53400CE,0.00,0.00,0.00,4659.15,4659.15,4659.15,56592.00,3240.25,450,0,0,0.00,0,F1,30,,,,,
2026-07-23,2026-07-23,FO,NSE,IDO,61725,,BANKNIFTY,,2026-07-28,2026-07-28,51800.00,CE,BANKNIFTY26JUL51800CE,0.00,0.00,0.00,5062.50,0.00,5062.50,56592.00,4835.20,0,0,0,0.00,0,F1,30,,,,,
2026-07-23,2026-07-23,FO,NSE,IDO,61723,,BANKNIFTY,,2026-07-28,2026-07-28,51700.00,CE,BANKNIFTY26JUL51700CE,0.00,0.00,0.00,5137.95,0.00,5137.95,56592.00,4935.10,0,0,0,0.00,0,F1,30,,,,,
2026-07-23,2026-07-23,FO,NSE,IDO,61693,,BANKNIFTY,,2026-07-28,2026-07-28,50400.00,CE,BANKNIFTY26JUL50400CE,0.00,0.00,0.00,6166.35,0.00,6166.35,56592.00,6234.00,0,0,0,0.00,0,F1,30,,,,,
2026-07-23,2026-07-23,FO,NSE,IDO,69708,,BANKNIFTY,,2026-09-29,2026-09-29,54300.00,CE,BANKNIFTY26SEP54300CE,0.00,0.00,0.00,4924.95,0.00,4924.95,56592.00,3810.40,0,0,0,0.00,0,F1,30,,,,,
2026-07-23,2026-07-23,FO,NSE,IDO,69773,,BANKNIFTY,,2026-09-29,2026-09-29,55200.00,CE,BANKNIFTY26SEP55200CE,0.00,0.00,0.00,4289.75,0.00,4289.75,56592.00,3210.00,0,0,0,0.00,0,F1,30,,,,,
2026-07-23,2026-07-23,FO,NSE,IDO,69668,,BANKNIFTY,,2026-09-29,2026-09-29,52100.00,CE,BANKNIFTY26SEP52100CE,0.00,0.00,0.00,6649.05,0.00,6649.05,56592.00,5502.50,0,0,0,0.00,0,F1,30,,,,,
2026-07-23,2026-07-23,FO,NSE,IDO,59350,,BANKNIFTY,,2026-08-25,2026-08-25,65500.00,CE,BANKNIFTY26AUG65500CE,7.10,9.95,7.00,9.85,9.85,11.95,56592.00,17.80,2310,2280,90,176872420.50,17,F1,30,,,,,
2026-07-23,2026-07-23,FO,NSE,IDO,59321,,BANKNIFTY,,2026-08-25,2026-08-25,64200.00,CE,BANKNIFTY26AUG64200CE,0.00,0.00,0.00,287.50,0.00,287.50,56592.00,41.95,0,0,0,0.00,0,F1,30,,,,,
2026-07-23,2026-07-23,FO,NSE,IDO,59274,,BANKNIFTY,,2026-08-25,2026-08-25,62700.00,CE,BANKNIFTY26AUG62700CE,0.00,0.00,0.00,447.00,0.00,447.00,56592.00,103.60,0,0,0,0.00,0,F1,30,,,,,
2026-07-23,2026-07-23,FO,NSE,IDO,59272,,BANKNIFTY,,2026-08-25,2026-08-25,62600.00,CE,BANKNIFTY26AUG62600CE,0.00,0.00,0.00,459.90,0.00,459.90,56592.00,109.65,0,0,0,0.00,0,F1,30,,,,,
2026-07-23,2026-07-23,FO,NSE,IDO,59250,,BANKNIFTY,,2026-08-25,2026-08-25,61800.00,CE,BANKNIFTY26AUG61800CE,0.00,0.00,0.00,575.10,0.00,575.10,56592.00,170.50,0,0,0,0.00,0,F1,30,,,,,
2026-07-23,2026-07-23,FO,NSE,IDO,59204,,BANKNIFTY,,2026-08-25,2026-08-25,60600.00,CE,BANKNIFTY26AUG60600CE,0.00,0.00,0.00,792.50,0.00,792.50,56592.00,314.70,0,0,0,0.00,0,F1,30,,,,,
2026-07-23,2026-07-23,FO,NSE,IDO,59202,,BANKNIFTY,,2026-08-25,2026-08-25,60500.00,CE,BANKNIFTY26AUG60500CE,95.00,107.95,73.15,77.95,76.05,122.65,56592.00,77.95,76200,4560,3746,6808712392.50,1913,F1,30,,,,,
2026-07-23,2026-07-23,FO,NSE,IDO,59086,,BANKNIFTY,,2026-08-25,2026-08-25,57300.00,CE,BANKNIFTY26AUG57300CE,930.00,1003.05,745.25,823.00,817.85,1128.30,56592.00,823.00,26460,4410,1520,2652702921.00,1204,F1,30,,,,,
2026-07-23,2026-07-23,FO,NSE,IDO,59061,,BANKNIFTY,,2026-08-25,2026-08-25,56800.00,CE,BANKNIFTY26AUG56800CE,1165.70,1291.00,990.00,1076.10,1064.25,1406.80,56592.00,1076.10,17100,15360,1765,3067079263.50,1301,F1,30,,,,,
2026-07-23,2026-07-23,FO,NSE,IDO,59059,,BANKNIFTY,,2026-08-25,2026-08-25,56700.00,CE,BANKNIFTY26AUG56700CE,1250.05,1350.00,1035.30,1130.30,1120.10,1431.05,56592.00,1130.30,12300,10920,1388,2409938499.00,1056,F1,30,,,,,
2026-07-23,2026-07-23,FO,NSE,IDO,59057,,BANKNIFTY,,2026-08-25,2026-08-25,56600.00,CE,BANKNIFTY26AUG56600CE,1380.95,1380.95,1090.00,1189.20,1185.00,1558.95,56592.00,1189.20,8850,7950,833,1443912186.00,649,F1,30,,,,,
2026-07-23,2026-07-23,FO,NSE,IDO,59006,,BANKNIFTY,,2026-08-25,2026-08-25,55100.00,CE,BANKNIFTY26AUG55100CE,0.00,0.00,0.00,2745.20,0.00,2745.20,56592.00,2497.15,0,0,0,0.00,0,F1,30,,,,,
2026-07-23,2026-07-23,FO,NSE,IDO,59002,,BANKNIFTY,,2026-08-25,2026-08-25,54900.00,CE,BANKNIFTY26AUG54900CE,0.00,0.00,0.00,2851.80,0.00,2851.80,56592.00,2635.60,0,0,0,0.00,0,F1,30,,,,,
2026-07-23,2026-07-23,FO,NSE,IDO,58980,,BANKNIFTY,,2026-08-25,2026-08-25,54100.00,CE,BANKNIFTY26AUG54100CE,0.00,0.00,0.00,3304.80,0.00,3304.80,56592.00,3228.50,0,0,0,0.00,0,F1,30,,,,,
2026-07-23,2026-07-23,FO,NSE,IDO,58924,,BANKNIFTY,,2026-08-25,2026-08-25,52200.00,CE,BANKNIFTY26AUG52200CE,0.00,0.00,0.00,4549.90,0.00,4549.90,56592.00,4836.65,0,0,0,0.00,0,F1,30,,,,,
2026-07-23,2026-07-23,FO,NSE,IDO,58906,,BANKNIFTY,,2026-08-25,2026-08-25,51500.00,CE,BANKNIFTY26AUG51500CE,0.00,0.00,0.00,5061.80,0.00,5061.80,56592.00,5480.70,0,0,0,0.00,0,F1,30,,,,,
2026-07-23,2026-07-23,FO,NSE,IDO,58872,,BANKNIFTY,,2026-08-25,2026-08-25,50700.00,CE,BANKNIFTY26AUG50700CE,0.00,0.00,0.00,5681.60,0.00,5681.60,56592.00,6238.40,0,0,0,0.00,0,F1,30,,,,,
2026-07-23,2026-07-23,FO,NSE,IDO,58814,,BANKNIFTY,,2026-08-25,2026-08-25,49100.00,CE,BANKNIFTY26AUG49100CE,0.00,0.00,0.00,7013.00,0.00,7013.00,56592.00,7795.35,0,0,0,0.00,0,F1,30,,,,,
2026-07-23,2026-07-23,FO,NSE,IDO,58808,,BANKNIFTY,,2026-08-25,2026-08-25,48800.00,CE,BANKNIFTY26AUG48800CE,0.00,0.00,0.00,7274.40,0.00,7274.40,56592.00,8090.80,0,0,0,0.00,0,F1,30,,,,,
2026-07-23,2026-07-23,FO,NSE,IDO,58754,,BANKNIFTY,,2026-08-25,2026-08-25,47500.00,CE,BANKNIFTY26AUG47500CE,0.00,0.00,0.00,8441.50,0.00,8441.50,56592.00,9377.05,0,0,0,0.00,0,F1,30,,,,,
2026-07-23,2026-07-23,FO,NSE,IDO,62073,,BANKNIFTY,,2026-07-28,2026-07-28,63000.00,CE,BANKNIFTY26JUL63000CE,2.45,4.50,1.90,2.60,2.25,2.85,56592.00,2.60,354780,-16890,13450,25421927170.50,3650,F1,30,,,,,
2026-07-23,2026-07-23,FO,NSE,IDO,61963,,BANKNIFTY,,2026-07-28,2026-07-28,60100.00,CE,BANKNIFTY26JUL60100CE,10.45,10.70,4.75,5.35,5.00,10.45,56592.00,5.35,51330,-360,4639,8365142973.00,3154,F1,30,,,,,
2026-07-23,2026-07-23,FO,NSE,IDO,61879,,BANKNIFTY,,2026-07-28,2026-07-28,57600.00,CE,BANKNIFTY26JUL57600CE,198.00,198.00,74.00,86.40,89.35,271.15,56592.00,86.40,315630,70680,44345,76774145746.50,29513,F1,30,,,,,
2026-07-23,2026-07-23,FO,NSE,IDO,61877,,BANKNIFTY,,2026-07-28,2026-07-28,57500.00,CE,BANKNIFTY26JUL57500CE,200.00,245.80,86.75,102.75,105.00,308.20,56592.00,102.75,956010,-86220,175413,303250534066.50,98723,F1,30,,,,,
2026-07-23,2026-07-23,FO,NSE,IDO,61875,,BANKNIFTY,,2026-07-28,2026-07-28,57400.00,CE,BANKNIFTY26JUL57400CE,311.10,311.10,102.55,121.75,123.85,349.45,56592.00,121.75,296580,42900,50944,87969980329.50,33900,F1,30,,,,,
2026-07-23,2026-07-23,FO,NSE,IDO,61843,,BANKNIFTY,,2026-07-28,2026-07-28,56400.00,CE,BANKNIFTY26JUL56400CE,659.95,812.35,423.30,533.30,538.95,967.05,56592.00,533.30,78240,69630,45251,77238618853.50,30942,F1,30,,,,,
2026-07-23,2026-07-23,FO,NSE,IDO,61819,,BANKNIFTY,,2026-07-28,2026-07-28,55400.00,CE,BANKNIFTY26JUL55400CE,1630.00,1630.00,1132.35,1324.70,1326.70,1825.00,56592.00,1324.70,2640,240,222,377308026.00,165,F1,30,,,,,
2026-07-23,2026-07-23,FO,NSE,IDO,61805,,BANKNIFTY,,2026-07-28,2026-07-28,54700.00,CE,BANKNIFTY26JUL54700CE,0.00,0.00,0.00,2410.00,2410.00,2410.00,56592.00,1986.15,1020,0,0,0.00,0,F1,30,,,,,
2026-07-23,2026-07-23,FO,NSE,IDO,61784,,BANKNIFTY,,2026-07-28,2026-07-28,54000.00,CE,BANKNIFTY26JUL54000CE,2800.00,2958.60,2486.15,2683.65,2662.65,3205.50,56592.00,2683.65,44190,-2610,192,326528587.50,172,F1,30,,,,,
2026-07-23,2026-07-23,FO,NSE,IDO,61708,,BANKNIFTY,,2026-07-28,2026-07-28,51100.00,CE,BANKNIFTY26JUL51100CE,0.00,0.00,0.00,5602.05,0.00,5602.05,56592.00,5534.55,0,0,0,0.00,0,F1,30,,,,,
2026-07-23,2026-07-23,FO,NSE,IDO,61697,,BANKNIFTY,,2026-07-28,2026-07-28,50600.00,CE,BANKNIFTY26JUL50600CE,0.00,0.00,0.00,6002.70,0.00,6002.70,56592.00,6034.15,0,0,0,0.00,0,F1,30,,,,,
2026-07-23,2026-07-23,FO,NSE,IDO,61641,,BANKNIFTY,,2026-07-28,2026-07-28,48300.00,CE,BANKNIFTY26JUL48300CE,0.00,0.00,0.00,7982.95,0.00,7982.95,56592.00,8332.25,0,0,0,0.00,0,F1,30,,,,,
2026-07-23,2026-07-23,FO,NSE,IDO,61639,,BANKNIFTY,,2026-07-28,2026-07-28,48200.00,CE,BANKNIFTY26JUL48200CE,0.00,0.00,0.00,8073.25,0.00,8073.25,56592.00,8432.15,0,0,0,0.00,0,F1,30,,,,,
2026-07-23,2026-07-23,FO,NSE,IDO,70019,,BANKNIFTY,,2026-09-29,2026-09-29,60500.00,CE,BANKNIFTY26SEP60500CE,357.25,385.00,281.55,307.50,301.70,429.35,56592.00,307.50,3390,1740,247,450760462.50,105,F1,30,,,,,
2026-07-23,2026-07-23,FO,NSE,IDO,70097,,BANKNIFTY,,2026-09-29,2026-09-29,63100.00,CE,BANKNIFTY26SEP63100CE,0.00,0.00,0.00,866.35,0.00,866.35,56592.00,397.05,0,0,0,0.00,0,F1,30,,,,,
2026-07-23,2026-07-23,FO,NSE,IDO,52426,,BANKNIFTY,,2026-09-29,2026-09-29,67500.00,CE,BANKNIFTY26SEP67500CE,0.00,0.00,0.00,1102.10,0.00,1102.10,56592.00,78.25,0,0,0,0.00,0,F1,30,,,,,
2026-07-23,2026-07-23,FO,NSE,IDO,53224,,BANKNIFTY,,2026-12-29,2026-12-29,54000.00,CE,BANKNIFTY26DEC54000CE,0.00,0.00,0.00,9099.90,0.00,9099.90,56592.00,5513.70,0,0,0,0.00,0,F1,30,,,,,
2026-07-23,2026-07-23,FO,NSE,IDO,53240,,BANKNIFTY,,2026-12-29,2026-12-29,60000.00,CE,BANKNIFTY26DEC60000CE,1535.00,1555.00,1320.10,1390.65,1383.00,1640.40,56592.00,1390.65,14100,1470,283,521386789.50,170,F1,30,,,,,
2026-07-23,2026-07-23,FO,NSE,IDO,53248,,BANKNIFTY,,2026-12-29,2026-12-29,64500.00,CE,BANKNIFTY26DEC64500CE,0.00,0.00,0.00,3029.80,0.00,3029.80,56592.00,1110.35,0,0,0,0.00,0,F1,30,,,,,
2026-07-23,2026-07-23,FO,NSE,IDO,76400,,BANKNIFTY,,2027-03-30,2027-03-30,58500.00,CE,BANKNIFTY27MAR58500CE,0.00,0.00,0.00,2367.80,0.00,2367.80,56592.00,4247.10,0,0,0,0.00,0,F1,30,,,,,
2026-07-23,2026-07-23,FO,NSE,IDO,76419,,BANKNIFTY,,2027-03-30,2027-03-30,61500.00,CE,BANKNIFTY27MAR61500CE,0.00,0.00,0.00,1629.75,0.00,1629.75,56592.00,2997.65,0,0,0,0.00,0,F1,30,,,,,
2026-07-23,2026-07-23,FO,NSE,IDO,61585,,BANKNIFTY,,2026-07-28,2026-07-28,46000.00,PE,BANKNIFTY26JUL46000PE,0.90,1.10,0.75,0.90,0.85,0.90,56592.00,0.90,138030,-1230,1926,2657930151.00,661,F1,30,,,,,
2026-07-23,2026-07-23,FO,NSE,IDO,61626,,BANKNIFTY,,2026-07-28,2026-07-28,47500.00,PE,BANKNIFTY26JUL47500PE,1.65,2.30,1.20,1.95,2.00,1.80,56592.00,1.95,12570,-1050,463,659802298.50,225,F1,30,,,,,
2026-07-23,2026-07-23,FO,NSE,IDO,61630,,BANKNIFTY,,2026-07-28,2026-07-28,47700.00,PE,BANKNIFTY26JUL47700PE,1.60,2.75,1.60,1.65,1.65,2.00,56592.00,1.65,390,-60,19,27190248.00,9,F1,30,,,,,
2026-07-23,2026-07-23,FO,NSE,IDO,61648,,BANKNIFTY,,2026-07-28,2026-07-28,48500.00,PE,BANKNIFTY26JUL48500PE,2.00,3.35,1.75,1.85,1.95,2.20,56592.00,1.85,11970,-1050,292,424880985.00,169,F1,30,,,,,
2026-07-23,2026-07-23,FO,NSE,IDO,61694,,BANKNIFTY,,2026-07-28,2026-07-28,50400.00,PE,BANKNIFTY26JUL50400PE,0.00,0.00,0.00,3.45,3.45,3.45,56592.00,0.00,1530,0,0,0.00,0,F1,30,,,,,
2026-07-23,2026-07-23,FO,NSE,IDO,61709,,BANKNIFTY,,2026-07-28,2026-07-28,51100.00,PE,BANKNIFTY26JUL51100PE,3.85,4.00,3.00,3.25,3.00,4.00,56592.00,3.25,2970,870,77,118048842.00,42,F1,30,,,,,
2026-07-23,2026-07-23,FO,NSE,IDO,61724,,BANKNIFTY,,2026-07-28,2026-07-28,51700.00,PE,BANKNIFTY26JUL51700PE,5.40,7.40,3.15,5.10,4.20,4.50,56592.00,5.10,2040,1200,75,116336034.00,20,F1,30,,,,,
2026-07-23,2026-07-23,FO,NSE,IDO,61732,,BANKNIFTY,,2026-07-28,2026-07-28,52000.00,PE,BANKNIFTY26JUL52000PE,4.25,4.60,2.90,3.35,3.20,4.30,56592.00,3.35,260640,-690,6079,9483934422.00,2760,F1,30,,,,,
2026-07-23,2026-07-23,FO,NSE,IDO,61755,,BANKNIFTY,,2026-07-28,2026-07-28,52900.00,PE,BANKNIFTY26JUL52900PE,5.35,6.05,3.80,4.50,3.80,5.35,56592.00,4.50,8220,2100,635,1007845764.00,289,F1,30,,,,,
2026-07-23,2026-07-23,FO,NSE,IDO,61765,,BANKNIFTY,,2026-07-28,2026-07-28,53400.00,PE,BANKNIFTY26JUL53400PE,6.15,7.90,4.55,5.85,4.55,6.35,56592.00,5.85,8790,2460,1586,2541069192.00,825,F1,30,,,,,
2026-07-23,2026-07-23,FO,NSE,IDO,61769,,BANKNIFTY,,2026-07-28,2026-07-28,53600.00,PE,BANKNIFTY26JUL53600PE,6.50,8.75,5.10,6.35,5.15,6.75,56592.00,6.35,16830,-4950,1537,2471805526.50,802,F1,30,,,,,
2026-07-23,2026-07-23,FO,NSE,IDO,61788,,BANKNIFTY,,2026-07-28,2026-07-28,54100.00,PE,BANKNIFTY26JUL54100PE,9.65,15.00,6.35,9.35,8.25,8.95,56592.00,9.35,22770,-480,2969,4819611903.00,1431,F1,30,,,,,
2026-07-23,2026-07-23,FO,NSE,IDO,61850,,BANKNIFTY,,2026-07-28,2026-07-28,56500.00,PE,BANKNIFTY26JUL56500PE,255.00,438.65,197.50,300.05,292.60,193.40,56592.00,300.05,598470,118620,249029,424444756782.00,169707,F1,30,,,,,
2026-07-23,2026-07-23,FO,NSE,IDO,61852,,BANKNIFTY,,2026-07-28,2026-07-28,56600.00,PE,BANKNIFTY26JUL56600PE,300.05,492.70,229.15,343.55,337.55,221.65,56592.00,343.55,168420,73200,122585,209439072510.00,90972,F1,30,,,,,
2026-07-23,2026-07-23,FO,NSE,IDO,61892,,BANKNIFTY,,2026-07-28,2026-07-28,58100.00,PE,BANKNIFTY26JUL58100PE,1023.20,1699.00,1023.20,1449.10,1447.60,1048.40,56592.00,1449.10,114390,-5040,919,1641229075.50,616,F1,30,,,,,
2026-07-23,2026-07-23,FO,NSE,IDO,61972,,BANKNIFTY,,2026-07-28,2026-07-28,60500.00,PE,BANKNIFTY26JUL60500PE,3750.70,4036.20,3750.00,3858.50,3841.85,3266.40,56592.00,3858.50,22500,-390,18,34808719.50,15,F1,30,,,,,
2026-07-23,2026-07-23,FO,NSE,IDO,62004,,BANKNIFTY,,2026-07-28,2026-07-28,61100.00,PE,BANKNIFTY26JUL61100PE,4425.00,4425.00,4425.00,4425.00,4425.00,2960.00,56592.00,4425.00,150,30,1,1965750.00,1,F1,30,,,,,
2026-07-23,2026-07-23,FO,NSE,IDO,62020,,BANKNIFTY,,2026-07-28,2026-07-28,61600.00,PE,BANKNIFTY26JUL61600PE,0.00,0.00,0.00,5978.90,0.00,5978.90,56592.00,4956.85,0,0,0,0.00,0,F1,30,,,,,
2026-07-23,2026-07-23,FO,NSE,IDO,62064,,BANKNIFTY,,2026-07-28,2026-07-28,62700.00,PE,BANKNIFTY26JUL62700PE,0.00,0.00,0.00,6890.55,0.00,6890.55,56592.00,6055.85,0,0,0,0.00,0,F1,30,,,,,
2026-07-23,2026-07-23,FO,NSE,IDO,62076,,BANKNIFTY,,2026-07-28,2026-07-28,63100.00,PE,BANKNIFTY26JUL63100PE,0.00,0.00,0.00,7232.25,0.00,7232.25,56592.00,6455.50,0,0,0,0.00,0,F1,30,,,,,
2026-07-23,2026-07-23,FO,NSE,IDO,62080,,BANKNIFTY,,2026-07-28,2026-07-28,63300.00,PE,BANKNIFTY26JUL63300PE,0.00,0.00,0.00,7405.00,0.00,7405.00,56592.00,6655.30,0,0,0,0.00,0,F1,30,,,,,
2026-07-23,2026-07-23,FO,NSE,IDO,62084,,BANKNIFTY,,2026-07-28,2026-07-28,63400.00,PE,BANKNIFTY26JUL63400PE,0.00,0.00,0.00,7491.80,0.00,7491.80,56592.00,6755.25,0,0,0,0.00,0,F1,30,,,,,
2026-07-23,2026-07-23,FO,NSE,IDO,58755,,BANKNIFTY,,2026-08-25,2026-08-25,47500.00,PE,BANKNIFTY26AUG47500PE,17.50,17.50,17.50,17.50,17.50,15.50,56592.00,2.00,1260,0,1,1425525.00,1,F1,30,,,,,
2026-07-23,2026-07-23,FO,NSE,IDO,58809,,BANKNIFTY,,2026-08-25,2026-08-25,48800.00,PE,BANKNIFTY26AUG48800PE,0.00,0.00,0.00,260.55,0.00,260.55,56592.00,8.05,0,0,0,0.00,0,F1,30,,,,,
2026-07-23,2026-07-23,FO,NSE,IDO,58861,,BANKNIFTY,,2026-08-25,2026-08-25,50200.00,PE,BANKNIFTY26AUG50200PE,32.45,35.75,32.45,35.75,35.75,25.80,56592.00,29.30,300,-90,9,13563175.50,3,F1,30,,,,,
2026-07-23,2026-07-23,FO,NSE,IDO,58863,,BANKNIFTY,,2026-08-25,2026-08-25,50300.00,PE,BANKNIFTY26AUG50300PE,35.25,35.25,31.80,32.25,31.80,29.45,56592.00,32.25,150,-90,14,21140293.50,6,F1,30,,,,,
2026-07-23,2026-07-23,FO,NSE,IDO,58929,,BANKNIFTY,,2026-08-25,2026-08-25,52400.00,PE,BANKNIFTY26AUG52400PE,61.40,93.70,61.40,83.50,83.50,63.05,56592.00,83.50,1470,600,31,48806445.00,14,F1,30,,,,,
2026-07-23,2026-07-23,FO,NSE,IDO,58949,,BANKNIFTY,,2026-08-25,2026-08-25,53200.00,PE,BANKNIFTY26AUG53200PE,116.45,157.00,100.00,135.90,138.05,99.60,56592.00,135.90,1890,480,46,73582437.00,25,F1,30,,,,,
2026-07-23,2026-07-23,FO,NSE,IDO,58979,,BANKNIFTY,,2026-08-25,2026-08-25,54000.00,PE,BANKNIFTY26AUG54000PE,187.45,256.50,159.45,215.55,210.20,157.95,56592.00,215.55,215160,51330,8775,14270638836.00,4488,F1,30,,,,,
2026-07-23,2026-07-23,FO,NSE,IDO,59003,,BANKNIFTY,,2026-08-25,2026-08-25,54900.00,PE,BANKNIFTY26AUG54900PE,300.00,418.00,279.70,365.00,357.20,266.15,56592.00,365.00,2100,570,77,127590895.50,64,F1,30,,,,,
2026-07-23,2026-07-23,FO,NSE,IDO,59009,,BANKNIFTY,,2026-08-25,2026-08-25,55200.00,PE,BANKNIFTY26AUG55200PE,318.95,486.15,318.95,428.50,427.40,309.95,56592.00,428.50,2730,1080,76,126799458.00,62,F1,30,,,,,
2026-07-23,2026-07-23,FO,NSE,IDO,59058,,BANKNIFTY,,2026-08-25,2026-08-25,56600.00,PE,BANKNIFTY26AUG56600PE,799.40,982.30,695.20,868.75,858.75,660.45,56592.00,868.75,9300,5970,1158,1996175400.00,847,F1,30,,,,,
2026-07-23,2026-07-23,FO,NSE,IDO,59148,,BANKNIFTY,,2026-08-25,2026-08-25,59100.00,PE,BANKNIFTY26AUG59100PE,2500.00,2500.00,2498.40,2498.40,2498.40,2025.90,56592.00,2778.25,1140,120,4,7391856.00,2,F1,30,,,,,
2026-07-23,2026-07-23,FO,NSE,IDO,59205,,BANKNIFTY,,2026-08-25,2026-08-25,60600.00,PE,BANKNIFTY26AUG60600PE,0.00,0.00,0.00,2479.80,2479.80,2479.80,56592.00,3961.65,30,0,0,0.00,0,F1,30,,,,,
2026-07-23,2026-07-23,FO,NSE,IDO,59225,,BANKNIFTY,,2026-08-25,2026-08-25,61000.00,PE,BANKNIFTY26AUG61000PE,3850.00,4253.90,3840.00,4062.60,4095.00,3588.50,56592.00,4062.60,16350,2310,101,197128521.00,85,F1,30,,,,,
2026-07-23,2026-07-23,FO,NSE,IDO,59279,,BANKNIFTY,,2026-08-25,2026-08-25,62700.00,PE,BANKNIFTY26AUG62700PE,0.00,0.00,0.00,7127.80,0.00,7127.80,56592.00,5838.00,0,0,0,0.00,0,F1,30,,,,,
2026-07-23,2026-07-23,FO,NSE,IDO,59303,,BANKNIFTY,,2026-08-25,2026-08-25,63600.00,PE,BANKNIFTY26AUG63600PE,0.00,0.00,0.00,7911.60,0.00,7911.60,56592.00,6689.90,0,0,0,0.00,0,F1,30,,,,,
2026-07-23,2026-07-23,FO,NSE,IDO,59331,,BANKNIFTY,,2026-08-25,2026-08-25,64500.00,PE,BANKNIFTY26AUG64500PE,0.00,0.00,0.00,8716.60,0.00,8716.60,56592.00,7558.30,0,0,0,0.00,0,F1,30,,,,,
2026-07-23,2026-07-23,FO,NSE,IDO,59387,,BANKNIFTY,,2026-08-25,2026-08-25,66000.00,PE,BANKNIFTY26AUG66000PE,8700.00,9100.00,8635.75,8969.00,8969.00,8428.90,56592.00,8969.00,5580,1620,55,123564102.00,43,F1,30,,,,,
2026-07-23,2026-07-23,FO,NSE,IDO,52269,,BANKNIFTY,,2026-09-29,2026-09-29,45000.00,PE,BANKNIFTY26SEP45000PE,29.00,35.00,29.00,35.00,35.00,22.60,56592.00,35.00,8100,210,14,18912360.00,5,F1,30,,,,,
2026-07-23,2026-07-23,FO,NSE,IDO,69697,,BANKNIFTY,,2026-09-29,2026-09-29,53600.00,PE,BANKNIFTY26SEP53600PE,0.00,0.00,0.00,680.90,0.00,680.90,56592.00,669.05,0,0,0,0.00,0,F1,30,,,,,
2026-07-23,2026-07-23,FO,NSE,IDO,69760,,BANKNIFTY,,2026-09-29,2026-09-29,54600.00,PE,BANKNIFTY26SEP54600PE,0.00,0.00,0.00,928.20,0.00,928.20,56592.00,943.60,0,0,0,0.00,0,F1,30,,,,,
2026-07-23,2026-07-23,FO,NSE,IDO,69766,,BANKNIFTY,,2026-09-29,2026-09-29,54900.00,PE,BANKNIFTY26SEP54900PE,0.00,0.00,0.00,1010.25,0.00,1010.25,56592.00,1039.75,0,0,0,0.00,0,F1,30,,,,,
2026-07-23,2026-07-23,FO,NSE,IDO,69792,,BANKNIFTY,,2026-09-29,2026-09-29,56000.00,PE,BANKNIFTY26SEP56000PE,745.30,914.95,691.70,836.15,834.00,679.75,56592.00,836.15,80040,6660,903,1538619286.50,612,F1,30,,,,,
2026-07-23,2026-07-23,FO,NSE,IDO,69794,,BANKNIFTY,,2026-09-29,2026-09-29,56100.00,PE,BANKNIFTY26SEP56100PE,1369.30,1369.30,867.05,868.95,867.05,1402.55,56592.00,868.95,420,420,15,25660018.50,8,F1,30,,,,,
2026-07-23,2026-07-23,FO,NSE,IDO,69796,,BANKNIFTY,,2026-09-29,2026-09-29,56200.00,PE,BANKNIFTY26SEP56200PE,0.00,0.00,0.00,1439.25,0.00,1439.25,56592.00,1532.90,0,0,0,0.00,0,F1,30,,,,,
2026-07-23,2026-07-23,FO,NSE,IDO,70114,,BANKNIFTY,,2026-09-29,2026-09-29,63900.00,PE,BANKNIFTY26SEP63900PE,0.00,0.00,0.00,6084.95,0.00,6084.95,56592.00,6828.60,0,0,0,0.00,0,F1,30,,,,,
2026-07-23,2026-07-23,FO,NSE,IDO,53221,,BANKNIFTY,,2026-12-29,2026-12-29,51000.00,PE,BANKNIFTY26DEC51000PE,0.00,0.00,0.00,241.70,241.70,241.70,56592.00,663.00,1200,0,0,0.00,0,F1,30,,,,,
2026-07-23,2026-07-23,FO,NSE,IDO,53225,,BANKNIFTY,,2026-12-29,2026-12-29,54000.00,PE,BANKNIFTY26DEC54000PE,634.85,729.70,593.55,663.95,671.40,600.85,56592.00,663.95,12870,780,115,188568126.00,80,F1,30,,,,,
2026-07-23,2026-07-23,FO,NSE,IDO,69897,,BANKNIFTY,,2026-09-29,2026-09-29,59100.00,CE,BANKNIFTY26SEP59100CE,0.00,0.00,0.00,2129.85,0.00,2129.85,56592.00,1307.10,0,0,0,0.00,0,F1,30,,,,,
2026-07-23,2026-07-23,FO,NSE,IDO,69777,,BANKNIFTY,,2026-09-29,2026-09-29,55400.00,CE,BANKNIFTY26SEP55400CE,0.00,0.00,0.00,4155.75,0.00,4155.75,56592.00,3084.55,0,0,0,0.00,0,F1,30,,,,,
2026-07-23,2026-07-23,FO,NSE,IDO,61691,,BANKNIFTY,,2026-07-28,2026-07-28,50300.00,CE,BANKNIFTY26JUL50300CE,0.00,0.00,0.00,6248.85,0.00,6248.85,56592.00,6333.90,0,0,0,0.00,0,F1,30,,,,,
2026-07-23,2026-07-23,FO,NSE,IDO,61729,,BANKNIFTY,,2026-07-28,2026-07-28,51900.00,CE,BANKNIFTY26JUL51900CE,0.00,0.00,0.00,4987.55,0.00,4987.55,56592.00,4735.30,0,0,0,0.00,0,F1,30,,,,,
2026-07-23,2026-07-23,FO,NSE,IDO,61752,,BANKNIFTY,,2026-07-28,2026-07-28,52800.00,CE,BANKNIFTY26JUL52800CE,0.00,0.00,0.00,5130.20,5130.20,5130.20,56592.00,3836.85,390,0,0,0.00,0,F1,30,,,,,
2026-07-23,2026-07-23,FO,NSE,IDO,61758,,BANKNIFTY,,2026-07-28,2026-07-28,53100.00,CE,BANKNIFTY26JUL53100CE,0.00,0.00,0.00,4112.25,4112.25,4112.25,56592.00,3538.05,210,0,0,0.00,0,F1,30,,,,,
2026-07-23,2026-07-23,FO,NSE,IDO,61766,,BANKNIFTY,,2026-07-28,2026-07-28,53500.00,CE,BANKNIFTY26JUL53500CE,3025.00,3199.00,3025.00,3199.00,3199.00,3625.00,56592.00,3199.00,9960,-150,6,10184067.00,5,F1,30,,,,,
2026-07-23,2026-07-23,FO,NSE,IDO,61787,,BANKNIFTY,,2026-07-28,2026-07-28,54100.00,CE,BANKNIFTY26JUL54100CE,0.00,0.00,0.00,3860.15,3860.15,3860.15,56592.00,2553.60,780,0,0,0.00,0,F1,30,,,,,
2026-07-23,2026-07-23,FO,NSE,IDO,61791,,BANKNIFTY,,2026-07-28,2026-07-28,54300.00,CE,BANKNIFTY26JUL54300CE,2350.00,2364.25,2350.00,2364.25,2364.25,3646.95,56592.00,2361.40,450,-60,2,3399427.50,2,F1,30,,,,,
2026-07-23,2026-07-23,FO,NSE,IDO,61885,,BANKNIFTY,,2026-07-28,2026-07-28,57800.00,CE,BANKNIFTY26JUL57800CE,150.00,150.00,54.95,62.15,61.95,207.10,56592.00,62.15,418710,34260,53859,93523296714.00,32161,F1,30,,,,,
2026-07-23,2026-07-23,FO,NSE,IDO,61891,,BANKNIFTY,,2026-07-28,2026-07-28,58100.00,CE,BANKNIFTY26JUL58100CE,101.00,101.00,36.70,39.50,38.90,132.15,56592.00,39.50,430230,56550,43345,75616749322.50,24980,F1,30,,,,,
2026-07-23,2026-07-23,FO,NSE,IDO,61899,,BANKNIFTY,,2026-07-28,2026-07-28,58400.00,CE,BANKNIFTY26JUL58400CE,60.00,60.00,24.00,25.55,25.10,83.75,56592.00,25.55,306060,31410,33636,58964074942.50,19000,F1,30,,,,,
2026-07-23,2026-07-23,FO,NSE,IDO,61947,,BANKNIFTY,,2026-07-28,2026-07-28,59700.00,CE,BANKNIFTY26JUL59700CE,15.85,15.85,6.10,6.95,6.50,14.45,56592.00,6.95,54330,-13110,6903,12365226022.50,3789,F1,30,,,,,
2026-07-23,2026-07-23,FO,NSE,IDO,61949,,BANKNIFTY,,2026-07-28,2026-07-28,59800.00,CE,BANKNIFTY26JUL59800CE,11.75,11.75,5.85,6.50,6.70,13.35,56592.00,6.50,88980,-3120,6982,12527578612.50,3972,F1,30,,,,,
2026-07-23,2026-07-23,FO,NSE,IDO,62005,,BANKNIFTY,,2026-07-28,2026-07-28,61200.00,CE,BANKNIFTY26JUL61200CE,4.25,7.30,3.50,4.00,3.80,5.35,56592.00,4.00,34260,-9570,2370,4351667460.00,1063,F1,30,,,,,
2026-07-23,2026-07-23,FO,NSE,IDO,62017,,BANKNIFTY,,2026-07-28,2026-07-28,61500.00,CE,BANKNIFTY26JUL61500CE,4.30,5.85,2.85,3.40,2.85,4.90,56592.00,3.40,214740,-35850,13994,25820774167.50,4746,F1,30,,,,,
2026-07-23,2026-07-23,FO,NSE,IDO,62035,,BANKNIFTY,,2026-07-28,2026-07-28,62200.00,CE,BANKNIFTY26JUL62200CE,2.65,5.10,2.25,3.00,2.85,3.30,56592.00,3.00,8250,3030,591,1102874602.50,189,F1,30,,,,,
2026-07-23,2026-07-23,FO,NSE,IDO,62079,,BANKNIFTY,,2026-07-28,2026-07-28,63300.00,CE,BANKNIFTY26JUL63300CE,3.65,4.30,1.75,2.40,2.25,2.55,56592.00,2.40,2640,1110,253,480469800.00,77,F1,30,,,,,
2026-07-23,2026-07-23,FO,NSE,IDO,62099,,BANKNIFTY,,2026-07-28,2026-07-28,64200.00,CE,BANKNIFTY26JUL64200CE,1.80,3.85,1.15,2.35,1.60,2.65,56592.00,2.35,15240,14910,809,1558215204.00,148,F1,30,,,,,
2026-07-23,2026-07-23,FO,NSE,IDO,62131,,BANKNIFTY,,2026-07-28,2026-07-28,65000.00,CE,BANKNIFTY26JUL65000CE,1.70,3.40,1.30,1.70,1.55,1.95,56592.00,1.70,273330,51990,7587,14795160729.00,2535,F1,30,,,,,
2026-07-23,2026-07-23,FO,NSE,IDO,58920,,BANKNIFTY,,2026-08-25,2026-08-25,52000.00,CE,BANKNIFTY26AUG52000CE,4384.00,5243.90,4384.00,4865.80,4865.80,5446.05,56592.00,5018.50,3270,570,84,143404696.50,52,F1,30,,,,,
2026-07-23,2026-07-23,FO,NSE,IDO,58930,,BANKNIFTY,,2026-08-25,2026-08-25,52500.00,CE,BANKNIFTY26AUG52500CE,4450.00,4450.00,4280.00,4280.00,4280.00,4336.15,56592.00,4567.60,90,90,3,5116200.00,3,F1,30,,,,,
2026-07-23,2026-07-23,FO,NSE,IDO,58955,,BANKNIFTY,,2026-08-25,2026-08-25,53300.00,CE,BANKNIFTY26AUG53300CE,0.00,0.00,0.00,3800.00,0.00,3800.00,56592.00,3875.55,0,0,0,0.00,0,F1,30,,,,,
2026-07-23,2026-07-23,FO,NSE,IDO,58962,,BANKNIFTY,,2026-08-25,2026-08-25,53600.00,CE,BANKNIFTY26AUG53600CE,3525.00,3525.00,3473.25,3473.25,3473.25,3609.40,56592.00,3473.25,90,90,3,5138145.00,3,F1,30,,,,,
2026-07-23,2026-07-23,FO,NSE,IDO,59044,,BANKNIFTY,,2026-08-25,2026-08-25,56200.00,CE,BANKNIFTY26AUG56200CE,1549.30,1624.45,1320.00,1420.15,1405.80,1813.75,56592.00,1420.15,1050,390,40,69122574.00,36,F1,30,,,,,
2026-07-23,2026-07-23,FO,NSE,IDO,59092,,BANKNIFTY,,2026-08-25,2026-08-25,57600.00,CE,BANKNIFTY26AUG57600CE,769.00,855.00,630.00,693.85,681.75,960.60,56592.00,693.85,13500,960,644,1126623451.50,464,F1,30,,,,,
2026-07-23,2026-07-23,FO,NSE,IDO,59126,,BANKNIFTY,,2026-08-25,2026-08-25,58500.00,CE,BANKNIFTY26AUG58500CE,460.00,500.00,340.00,373.50,367.70,561.25,56592.00,373.50,174360,31020,7060,12475070406.00,4065,F1,30,,,,,
2026-07-23,2026-07-23,FO,NSE,IDO,59183,,BANKNIFTY,,2026-08-25,2026-08-25,60300.00,CE,BANKNIFTY26AUG60300CE,0.00,0.00,0.00,858.50,0.00,858.50,56592.00,363.45,0,0,0,0.00,0,F1,30,,,,,
2026-07-23,2026-07-23,FO,NSE,IDO,59260,,BANKNIFTY,,2026-08-25,2026-08-25,62300.00,CE,BANKNIFTY26AUG62300CE,0.00,0.00,0.00,500.60,0.00,500.60,56592.00,129.80,0,0,0,0.00,0,F1,30,,,,,
2026-07-23,2026-07-23,FO,NSE,IDO,59280,,BANKNIFTY,,2026-08-25,2026-08-25,62800.00,CE,BANKNIFTY26AUG62800CE,0.00,0.00,0.00,434.40,0.00,434.40,56592.00,97.80,0,0,0,0.00,0,F1,30,,,,,
2026-07-23,2026-07-23,FO,NSE,IDO,59290,,BANKNIFTY,,2026-08-25,2026-08-25,63200.00,CE,BANKNIFTY26AUG63200CE,0.00,0.00,0.00,387.00,0.00,387.00,56592.00,77.40,0,0,0,0.00,0,F1,30,,,,,
2026-07-23,2026-07-23,FO,NSE,IDO,52272,,BANKNIFTY,,2026-09-29,2026-09-29,48000.00,CE,BANKNIFTY26SEP48000CE,0.00,0.00,0.00,10129.10,10129.10,10129.10,56592.00,9225.05,150,0,0,0.00,0,F1,30,,,,,
2026-07-23,2026-07-23,FO,NSE,IDO,52280,,BANKNIFTY,,2026-09-29,2026-09-29,49500.00,CE,BANKNIFTY26SEP49500CE,0.00,0.00,0.00,8922.65,0.00,8922.65,56592.00,7806.00,0,0,0,0.00,0,F1,30,,,,,
2026-07-23,2026-07-23,FO,NSE,IDO,69660,,BANKNIFTY,,2026-09-29,2026-09-29,51700.00,CE,BANKNIFTY26SEP51700CE,0.00,0.00,0.00,6986.65,0.00,6986.65,56592.00,5839.00,0,0,0,0.00,0,F1,30,,,,,
2026-07-23,2026-07-23,FO,NSE,IDO,69698,,BANKNIFTY,,2026-09-29,2026-09-29,53700.00,CE,BANKNIFTY26SEP53700CE,0.00,0.00,0.00,5369.65,0.00,5369.65,56592.00,4242.85,0,0,0,0.00,0,F1,30,,,,,
2026-07-23,2026-07-23,FO,NSE,IDO,69702,,BANKNIFTY,,2026-09-29,2026-09-29,53900.00,CE,BANKNIFTY26SEP53900CE,0.00,0.00,0.00,5218.60,0.00,5218.60,56592.00,4098.20,0,0,0,0.00,0,F1,30,,,,,
2026-07-23,2026-07-23,FO,NSE,IDO,69781,,BANKNIFTY,,2026-09-29,2026-09-29,55700.00,CE,BANKNIFTY26SEP55700CE,0.00,0.00,0.00,3959.30,0.00,3959.30,56592.00,2901.95,0,0,0,0.00,0,F1,30,,,,,
2026-07-23,2026-07-23,FO,NSE,IDO,69824,,BANKNIFTY,,2026-09-29,2026-09-29,57600.00,CE,BANKNIFTY26SEP57600CE,0.00,0.00,0.00,2846.15,0.00,2846.15,56592.00,1904.10,0,0,0,0.00,0,F1,30,,,,,
2026-07-23,2026-07-23,FO,NSE,IDO,69838,,BANKNIFTY,,2026-09-29,2026-09-29,58000.00,CE,BANKNIFTY26SEP58000CE,1150.00,1218.65,960.25,1041.25,1040.60,1318.95,56592.00,1041.25,124710,43080,2058,3646412238.00,909,F1,30,,,,,
2026-07-23,2026-07-23,FO,NSE,IDO,69870,,BANKNIFTY,,2026-09-29,2026-09-29,58800.00,CE,BANKNIFTY26SEP58800CE,0.00,0.00,0.00,2261.70,0.00,2261.70,56592.00,1413.65,0,0,0,0.00,0,F1,30,,,,,
2026-07-23,2026-07-23,FO,NSE,IDO,69917,,BANKNIFTY,,2026-09-29,2026-09-29,59400.00,CE,BANKNIFTY26SEP59400CE,0.00,0.00,0.00,2003.60,0.00,2003.60,56592.00,1206.70,0,0,0,0.00,0,F1,30,,,,,
2026-07-23,2026-07-23,FO,NSE,IDO,70025,,BANKNIFTY,,2026-09-29,2026-09-29,60800.00,CE,BANKNIFTY26SEP60800CE,0.00,0.00,0.00,1485.75,0.00,1485.75,56592.00,816.75,0,0,0,0.00,0,F1,30,,,,,
2026-07-23,2026-07-23,FO,NSE,IDO,70029,,BANKNIFTY,,2026-09-29,2026-09-29,61000.00,CE,BANKNIFTY26SEP61000CE,280.85,315.50,220.30,232.25,233.55,338.35,56592.00,232.25,16200,5340,521,957481995.00,353,F1,30,,,,,
2026-07-23,2026-07-23,FO,NSE,IDO,70033,,BANKNIFTY,,2026-09-29,2026-09-29,61200.00,CE,BANKNIFTY26SEP61200CE,0.00,0.00,0.00,1358.35,0.00,1358.35,56592.00,723.80,0,0,0,0.00,0,F1,30,,,,,
2026-07-23,2026-07-23,FO,NSE,IDO,70051,,BANKNIFTY,,2026-09-29,2026-09-29,62000.00,CE,BANKNIFTY26SEP62000CE,164.25,172.15,130.15,137.55,135.00,196.30,56592.00,137.55,21270,1950,566,1055346696.00,285,F1,30,,,,,
2026-07-23,2026-07-23,FO,NSE,IDO,70154,,BANKNIFTY,,2026-09-29,2026-09-29,65000.00,CE,BANKNIFTY26SEP65000CE,0.00,0.00,0.00,530.10,0.00,530.10,56592.00,204.80,0,0,0,0.00,0,F1,30,,,,,
2026-07-23,2026-07-23,FO,NSE,IDO,52420,,BANKNIFTY,,2026-09-29,2026-09-29,66000.00,CE,BANKNIFTY26SEP66000CE,0.00,0.00,0.00,1369.25,0.00,1369.25,56592.00,141.10,0,0,0,0.00,0,F1,30,,,,,
2026-07-23,2026-07-23,FO,NSE,IDO,53220,,BANKNIFTY,,2026-12-29,2026-12-29,51000.00,CE,BANKNIFTY26DEC51000CE,0.00,0.00,0.00,11516.25,0.00,11516.25,56592.00,7702.55,0,0,0,0.00,0,F1,30,,,,,
2026-07-23,2026-07-23,FO,NSE,IDO,53235,,BANKNIFTY,,2026-12-29,2026-12-29,58500.00,CE,BANKNIFTY26DEC58500CE,2004.70,2060.70,2000.00,2049.00,2049.00,2362.55,56592.00,3012.65,510,150,14,25419615.00,12,F1,30,,,,,
2026-07-23,2026-07-23,FO,NSE,IDO,53250,,BANKNIFTY,,2026-12-29,2026-12-29,66000.00,CE,BANKNIFTY26DEC66000CE,0.00,0.00,0.00,2499.10,0.00,2499.10,56592.00,837.25,0,0,0,0.00,0,F1,30,,,,,
2026-07-23,2026-07-23,FO,NSE,IDO,76398,,BANKNIFTY,,2027-03-30,2027-03-30,57000.00,CE,BANKNIFTY27MAR57000CE,0.00,0.00,0.00,2831.15,0.00,2831.15,56592.00,4996.75,0,0,0,0.00,0,F1,30,,,,,
2026-07-23,2026-07-23,FO,NSE,IDO,76429,,BANKNIFTY,,2027-03-30,2027-03-30,64500.00,CE,BANKNIFTY27MAR64500CE,0.00,0.00,0.00,1094.95,0.00,1094.95,56592.00,2053.20,0,0,0,0.00,0,F1,30,,,,,
2026-07-23,2026-07-23,FO,NSE,IDO,61654,,BANKNIFTY,,2026-07-28,2026-07-28,48800.00,PE,BANKNIFTY26JUL48800PE,2.95,2.95,2.10,2.45,2.45,2.70,56592.00,0.00,840,-60,4,5856313.50,3,F1,30,,,,,
2026-07-23,2026-07-23,FO,NSE,IDO,61690,,BANKNIFTY,,2026-07-28,2026-07-28,50200.00,PE,BANKNIFTY26JUL50200PE,3.60,3.60,2.40,2.90,2.90,2.90,56592.00,0.00,3270,60,36,54219157.50,25,F1,30,,,,,
2026-07-23,2026-07-23,FO,NSE,IDO,61738,,BANKNIFTY,,2026-07-28,2026-07-28,52200.00,PE,BANKNIFTY26JUL52200PE,3.65,4.60,3.10,3.20,3.15,4.85,56592.00,3.20,2760,390,51,79872016.50,34,F1,30,,,,,
2026-07-23,2026-07-23,FO,NSE,IDO,61777,,BANKNIFTY,,2026-07-28,2026-07-28,53700.00,PE,BANKNIFTY26JUL53700PE,5.40,9.65,5.05,6.90,5.50,7.10,56592.00,6.90,19770,-1200,1676,2700405204.00,830,F1,30,,,,,
2026-07-23,2026-07-23,FO,NSE,IDO,61870,,BANKNIFTY,,2026-07-28,2026-07-28,57100.00,PE,BANKNIFTY26JUL57100PE,511.00,823.05,441.30,625.30,623.05,410.35,56592.00,625.30,71910,-67590,30445,52670129865.00,23302,F1,30,,,,,
2026-07-23,2026-07-23,FO,NSE,IDO,61874,,BANKNIFTY,,2026-07-28,2026-07-28,57300.00,PE,BANKNIFTY26JUL57300PE,585.00,982.00,554.80,770.25,764.00,504.95,56592.00,770.25,153720,-5940,18819,32750184103.50,12141,F1,30,,,,,
2026-07-23,2026-07-23,FO,NSE,IDO,61912,,BANKNIFTY,,2026-07-28,2026-07-28,58800.00,PE,BANKNIFTY26JUL58800PE,1942.25,2335.70,1817.10,2140.05,2126.95,1645.50,56592.00,2140.05,24300,-690,221,402838020.00,155,F1,30,,,,,
2026-07-23,2026-07-23,FO,NSE,IDO,61920,,BANKNIFTY,,2026-07-28,2026-07-28,59100.00,PE,BANKNIFTY26JUL59100PE,2250.00,2555.00,2247.60,2450.00,2450.00,1917.05,56592.00,2450.00,12630,90,11,20287855.50,8,F1,30,,,,,
2026-07-23,2026-07-23,FO,NSE,IDO,61970,,BANKNIFTY,,2026-07-28,2026-07-28,60400.00,PE,BANKNIFTY26JUL60400PE,0.00,0.00,0.00,2350.00,2350.00,2350.00,56592.00,3759.75,150,0,0,0.00,0,F1,30,,,,,
2026-07-23,2026-07-23,FO,NSE,IDO,62030,,BANKNIFTY,,2026-07-28,2026-07-28,61900.00,PE,BANKNIFTY26JUL61900PE,0.00,0.00,0.00,6223.15,0.00,6223.15,56592.00,5256.55,0,0,0,0.00,0,F1,30,,,,,
2026-07-23,2026-07-23,FO,NSE,IDO,62067,,BANKNIFTY,,2026-07-28,2026-07-28,62800.00,PE,BANKNIFTY26JUL62800PE,0.00,0.00,0.00,6975.50,0.00,6975.50,56592.00,6155.75,0,0,0,0.00,0,F1,30,,,,,
2026-07-23,2026-07-23,FO,NSE,IDO,62090,,BANKNIFTY,,2026-07-28,2026-07-28,63700.00,PE,BANKNIFTY26JUL63700PE,0.00,0.00,0.00,7753.90,0.00,7753.90,56592.00,7055.00,0,0,0,0.00,0,F1,30,,,,,
2026-07-23,2026-07-23,FO,NSE,IDO,58779,,BANKNIFTY,,2026-08-25,2026-08-25,48500.00,PE,BANKNIFTY26AUG48500PE,20.50,20.55,18.15,18.35,18.50,17.00,56592.00,18.35,690,90,15,21833865.00,8,F1,30,,,,,
2026-07-23,2026-07-23,FO,NSE,IDO,58845,,BANKNIFTY,,2026-08-25,2026-08-25,49700.00,PE,BANKNIFTY26AUG49700PE,27.70,27.70,25.75,26.20,26.60,21.30,56592.00,26.20,120,-30,4,5967232.50,4,F1,30,,,,,
2026-07-23,2026-07-23,FO,NSE,IDO,58885,,BANKNIFTY,,2026-08-25,2026-08-25,51300.00,PE,BANKNIFTY26AUG51300PE,45.25,52.75,44.65,50.35,50.35,38.70,56592.00,50.35,630,420,27,41593338.00,11,F1,30,,,,,
2026-07-23,2026-07-23,FO,NSE,IDO,58963,,BANKNIFTY,,2026-08-25,2026-08-25,53600.00,PE,BANKNIFTY26AUG53600PE,139.35,201.45,131.95,169.40,169.40,126.80,56592.00,169.40,1440,300,30,48382170.00,28,F1,30,,,,,
2026-07-23,2026-07-23,FO,NSE,IDO,58977,,BANKNIFTY,,2026-08-25,2026-08-25,53900.00,PE,BANKNIFTY26AUG53900PE,158.50,241.85,158.50,203.55,199.95,150.90,56592.00,203.55,1380,360,32,51938256.00,27,F1,30,,,,,
2026-07-23,2026-07-23,FO,NSE,IDO,59087,,BANKNIFTY,,2026-08-25,2026-08-25,57300.00,PE,BANKNIFTY26AUG57300PE,1108.15,1327.40,990.00,1190.25,1200.30,929.65,56592.00,1190.25,6570,-1320,462,809695909.50,334,F1,30,,,,,
2026-07-23,2026-07-23,FO,NSE,IDO,59152,,BANKNIFTY,,2026-08-25,2026-08-25,59300.00,PE,BANKNIFTY26AUG59300PE,2340.00,2669.75,2340.00,2669.75,2669.75,2097.05,56592.00,2928.35,2040,30,10,18567427.50,10,F1,30,,,,,
2026-07-23,2026-07-23,FO,NSE,IDO,59213,,BANKNIFTY,,2026-08-25,2026-08-25,60700.00,PE,BANKNIFTY26AUG60700PE,0.00,0.00,0.00,2552.30,2552.30,2552.30,56592.00,4046.05,30,0,0,0.00,0,F1,30,,,,,
2026-07-23,2026-07-23,FO,NSE,IDO,59285,,BANKNIFTY,,2026-08-25,2026-08-25,62900.00,PE,BANKNIFTY26AUG62900PE,0.00,0.00,0.00,7299.95,0.00,7299.95,56592.00,6025.50,0,0,0,0.00,0,F1,30,,,,,
2026-07-23,2026-07-23,FO,NSE,IDO,59289,,BANKNIFTY,,2026-08-25,2026-08-25,63100.00,PE,BANKNIFTY26AUG63100PE,0.00,0.00,0.00,7473.30,0.00,7473.30,56592.00,6214.15,0,0,0,0.00,0,F1,30,,,,,
2026-07-23,2026-07-23,FO,NSE,IDO,52265,,BANKNIFTY,,2026-09-29,2026-09-29,43500.00,PE,BANKNIFTY26SEP43500PE,0.00,0.00,0.00,23.00,23.00,23.00,56592.00,1.50,960,0,0,0.00,0,F1,30,,,,,
2026-07-23,2026-07-23,FO,NSE,IDO,52283,,BANKNIFTY,,2026-09-29,2026-09-29,51000.00,PE,BANKNIFTY26SEP51000PE,100.00,126.00,85.05,114.50,107.95,94.85,56592.00,114.50,12960,990,209,320461026.00,93,F1,30,,,,,
2026-07-23,2026-07-23,FO,NSE,IDO,69671,,BANKNIFTY,,2026-09-29,2026-09-29,52200.00,PE,BANKNIFTY26SEP52200PE,0.00,0.00,0.00,422.10,0.00,422.10,56592.00,388.70,0,0,0,0.00,0,F1,30,,,,,
2026-07-23,2026-07-23,FO,NSE,IDO,69764,,BANKNIFTY,,2026-09-29,2026-09-29,54800.00,PE,BANKNIFTY26SEP54800PE,0.00,0.00,0.00,981.45,0.00,981.45,56592.00,1006.95,0,0,0,0.00,0,F1,30,,,,,
2026-07-23,2026-07-23,FO,NSE,IDO,69784,,BANKNIFTY,,2026-09-29,2026-09-29,55800.00,PE,BANKNIFTY26SEP55800PE,0.00,0.00,0.00,1296.25,0.00,1296.25,56592.00,1367.65,0,0,0,0.00,0,F1,30,,,,,
2026-07-23,2026-07-23,FO,NSE,IDO,69786,,BANKNIFTY,,2026-09-29,2026-09-29,55900.00,PE,BANKNIFTY26SEP55900PE,0.00,0.00,0.00,1331.05,0.00,1331.05,56592.00,1407.85,0,0,0,0.00,0,F1,30,,,,,
2026-07-23,2026-07-23,FO,NSE,IDO,69816,,BANKNIFTY,,2026-09-29,2026-09-29,57200.00,PE,BANKNIFTY26SEP57200PE,0.00,0.00,0.00,1841.10,0.00,1841.10,56592.00,1999.20,0,0,0,0.00,0,F1,30,,,,,
2026-07-23,2026-07-23,FO,NSE,IDO,69825,,BANKNIFTY,,2026-09-29,2026-09-29,57600.00,PE,BANKNIFTY26SEP57600PE,0.00,0.00,0.00,2019.70,0.00,2019.70,56592.00,2207.15,0,0,0,0.00,0,F1,30,,,,,
2026-07-23,2026-07-23,FO,NSE,IDO,69900,,BANKNIFTY,,2026-09-29,2026-09-29,59200.00,PE,BANKNIFTY26SEP59200PE,0.00,0.00,0.00,2836.20,0.00,2836.20,56592.00,3156.40,0,0,0,0.00,0,F1,30,,,,,
2026-07-23,2026-07-23,FO,NSE,IDO,70044,,BANKNIFTY,,2026-09-29,2026-09-29,61700.00,PE,BANKNIFTY26SEP61700PE,0.00,0.00,0.00,4421.90,0.00,4421.90,56592.00,4974.60,0,0,0,0.00,0,F1,30,,,,,
2026-07-23,2026-07-23,FO,NSE,IDO,70104,,BANKNIFTY,,2026-09-29,2026-09-29,63400.00,PE,BANKNIFTY26SEP63400PE,0.00,0.00,0.00,5688.50,0.00,5688.50,56592.00,6391.10,0,0,0,0.00,0,F1,30,,,,,
2026-07-23,2026-07-23,FO,NSE,IDO,70106,,BANKNIFTY,,2026-09-29,2026-09-29,63500.00,PE,BANKNIFTY26SEP63500PE,0.00,0.00,0.00,5767.00,0.00,5767.00,56592.00,6477.95,0,0,0,0.00,0,F1,30,,,,,
2026-07-23,2026-07-23,FO,NSE,IDO,70112,,BANKNIFTY,,2026-09-29,2026-09-29,63800.00,PE,BANKNIFTY26SEP63800PE,0.00,0.00,0.00,6004.90,0.00,6004.90,56592.00,6740.45,0,0,0,0.00,0,F1,30,,,,,
2026-07-23,2026-07-23,FO,NSE,IDO,76395,,BANKNIFTY,,2027-03-30,2027-03-30,54000.00,PE,BANKNIFTY27MAR54000PE,0.00,0.00,0.00,3928.75,0.00,3928.75,56592.00,1769.75,0,0,0,0.00,0,F1,30,,,,,
2026-07-23,2026-07-23,FO,NSE,IDO,76426,,BANKNIFTY,,2027-03-30,2027-03-30,63000.00,PE,BANKNIFTY27MAR63000PE,0.00,0.00,0.00,9669.30,0.00,9669.30,56592.00,6109.30,0,0,0,0.00,0,F1,30,,,,,
2026-07-23,2026-07-23,FO,NSE,IDO,70801,,BANKNIFTY,,2027-06-29,2027-06-29,63000.00,PE,BANKNIFTY27JUN63000PE,0.00,0.00,0.00,5804.40,0.00,5804.40,56592.00,6117.75,0,0,0,0.00,0,F1,30,,,,,
2026-07-23,2026-07-23,FO,NSE,IDO,61625,,BANKNIFTY,,2026-07-28,2026-07-28,47500.00,CE,BANKNIFTY26JUL47500CE,0.00,0.00,0.00,8713.35,0.00,8713.35,56592.00,9131.55,0,0,0,0.00,0,F1,30,,,,,
2026-07-23,2026-07-23,FO,NSE,IDO,61667,,BANKNIFTY,,2026-07-28,2026-07-28,49400.00,CE,BANKNIFTY26JUL49400CE,0.00,0.00,0.00,7010.60,0.00,7010.60,56592.00,7233.15,0,0,0,0.00,0,F1,30,,,,,
2026-07-23,2026-07-23,FO,NSE,IDO,61689,,BANKNIFTY,,2026-07-28,2026-07-28,50200.00,CE,BANKNIFTY26JUL50200CE,0.00,0.00,0.00,8050.00,8050.00,8050.00,56592.00,6433.80,30,0,0,0.00,0,F1,30,,,,,
2026-07-23,2026-07-23,FO,NSE,IDO,59140,,BANKNIFTY,,2026-08-25,2026-08-25,58800.00,PE,BANKNIFTY26AUG58800PE,1980.00,2338.70,1901.20,2167.75,2167.75,1821.65,56592.00,2563.55,1560,30,43,78470044.50,43,F1,30,,,,,
2026-07-23,2026-07-23,FO,NSE,IDO,59095,,BANKNIFTY,,2026-08-25,2026-08-25,57700.00,PE,BANKNIFTY26AUG57700PE,1250.05,1560.00,1190.05,1414.95,1391.50,1108.90,56592.00,1414.95,5760,-1320,117,207233088.00,102,F1,30,,,,,
2026-07-23,2026-07-23,FO,NSE,IDO,59074,,BANKNIFTY,,2026-08-25,2026-08-25,56800.00,PE,BANKNIFTY26AUG56800PE,883.75,1076.90,768.65,954.35,952.00,720.55,56592.00,954.35,8940,4560,1730,2995004125.50,1223,F1,30,,,,,
2026-07-23,2026-07-23,FO,NSE,IDO,59048,,BANKNIFTY,,2026-08-25,2026-08-25,56300.00,PE,BANKNIFTY26AUG56300PE,693.95,857.20,597.00,754.75,745.00,569.25,56592.00,754.75,7380,3780,615,1052883480.00,443,F1,30,,,,,
2026-07-23,2026-07-23,FO,NSE,IDO,59021,,BANKNIFTY,,2026-08-25,2026-08-25,55600.00,PE,BANKNIFTY26AUG55600PE,434.05,601.95,405.30,524.15,533.30,389.40,56592.00,524.15,8190,5070,309,520456848.00,183,F1,30,,,,,
2026-07-23,2026-07-23,FO,NSE,IDO,59015,,BANKNIFTY,,2026-08-25,2026-08-25,55500.00,PE,BANKNIFTY26AUG55500PE,430.00,574.40,382.45,499.40,497.05,368.25,56592.00,499.40,119880,11160,4431,7441866615.00,3130,F1,30,,,,,
2026-07-23,2026-07-23,FO,NSE,IDO,59011,,BANKNIFTY,,2026-08-25,2026-08-25,55300.00,PE,BANKNIFTY26AUG55300PE,346.95,516.65,338.15,446.35,439.55,330.45,56592.00,446.35,3090,1140,124,207336534.00,120,F1,30,,,,,
2026-07-23,2026-07-23,FO,NSE,IDO,58993,,BANKNIFTY,,2026-08-25,2026-08-25,54500.00,PE,BANKNIFTY26AUG54500PE,251.55,336.95,209.90,287.95,286.75,210.20,56592.00,287.95,91020,25560,3414,5610165807.00,2053,F1,30,,,,,
2026-07-23,2026-07-23,FO,NSE,IDO,58957,,BANKNIFTY,,2026-08-25,2026-08-25,53300.00,PE,BANKNIFTY26AUG53300PE,113.55,157.25,109.00,150.75,150.75,103.90,56592.00,150.75,1380,180,17,27251689.50,10,F1,30,,,,,
2026-07-23,2026-07-23,FO,NSE,IDO,58937,,BANKNIFTY,,2026-08-25,2026-08-25,52800.00,PE,BANKNIFTY26AUG52800PE,85.45,124.05,82.05,106.05,106.30,77.55,56592.00,106.05,2130,1320,96,152368411.50,38,F1,30,,,,,
2026-07-23,2026-07-23,FO,NSE,IDO,58921,,BANKNIFTY,,2026-08-25,2026-08-25,52000.00,PE,BANKNIFTY26AUG52000PE,59.85,79.55,50.05,67.25,67.00,50.75,56592.00,67.25,98520,28980,2741,4281468024.00,1622,F1,30,,,,,
2026-07-23,2026-07-23,FO,NSE,IDO,58917,,BANKNIFTY,,2026-08-25,2026-08-25,51800.00,PE,BANKNIFTY26AUG51800PE,50.10,69.50,50.10,59.95,62.50,46.70,56592.00,59.95,2280,1050,60,93341781.00,21,F1,30,,,,,
2026-07-23,2026-07-23,FO,NSE,IDO,58877,,BANKNIFTY,,2026-08-25,2026-08-25,50900.00,PE,BANKNIFTY26AUG50900PE,39.70,45.15,39.70,45.15,45.15,31.55,56592.00,51.95,360,210,10,15282856.50,4,F1,30,,,,,
2026-07-23,2026-07-23,FO,NSE,IDO,58871,,BANKNIFTY,,2026-08-25,2026-08-25,50600.00,PE,BANKNIFTY26AUG50600PE,34.85,39.20,34.85,37.95,37.95,29.35,56592.00,40.90,360,240,12,18229599.00,4,F1,30,,,,,
2026-07-23,2026-07-23,FO,NSE,IDO,58865,,BANKNIFTY,,2026-08-25,2026-08-25,50400.00,PE,BANKNIFTY26AUG50400PE,27.90,36.80,27.90,32.85,32.85,27.20,56592.00,32.85,240,0,23,34798168.50,16,F1,30,,,,,
2026-07-23,2026-07-23,FO,NSE,IDO,58853,,BANKNIFTY,,2026-08-25,2026-08-25,50000.00,PE,BANKNIFTY26AUG50000PE,24.95,31.90,23.00,27.45,26.80,22.70,56592.00,27.45,123780,37890,3723,5587518079.50,1924,F1,30,,,,,
2026-07-23,2026-07-23,FO,NSE,IDO,58767,,BANKNIFTY,,2026-08-25,2026-08-25,48000.00,PE,BANKNIFTY26AUG48000PE,17.95,20.60,15.20,18.05,17.40,17.20,56592.00,18.05,14580,2880,321,462422287.50,162,F1,30,,,,,
2026-07-23,2026-07-23,FO,NSE,IDO,62074,,BANKNIFTY,,2026-07-28,2026-07-28,63000.00,PE,BANKNIFTY26JUL63000PE,6183.60,6538.85,6045.00,6321.65,6313.70,5870.65,56592.00,6321.65,69390,-4050,185,384194488.50,154,F1,30,,,,,
2026-07-23,2026-07-23,FO,NSE,IDO,61999,,BANKNIFTY,,2026-07-28,2026-07-28,61000.00,PE,BANKNIFTY26JUL61000PE,4100.20,4545.00,4000.20,4323.70,4329.50,3888.00,56592.00,4323.70,50880,-10260,606,1184852434.50,375,F1,30,,,,,
2026-07-23,2026-07-23,FO,NSE,IDO,61916,,BANKNIFTY,,2026-07-28,2026-07-28,58900.00,PE,BANKNIFTY26JUL58900PE,2039.50,2446.80,1944.60,2235.35,2200.80,1711.95,56592.00,2235.35,36630,150,95,173835733.50,80,F1,30,,,,,
2026-07-23,2026-07-23,FO,NSE,IDO,61880,,BANKNIFTY,,2026-07-28,2026-07-28,57600.00,PE,BANKNIFTY26JUL57600PE,788.00,1225.00,758.00,1011.00,995.10,677.65,56592.00,1011.00,128910,-3810,4039,7092186258.00,2547,F1,30,,,,,
2026-07-23,2026-07-23,FO,NSE,IDO,61840,,BANKNIFTY,,2026-07-28,2026-07-28,56200.00,PE,BANKNIFTY26JUL56200PE,208.80,298.35,125.50,193.30,191.60,130.85,56592.00,193.30,195840,73020,56045,94840985572.50,42036,F1,30,,,,,
2026-07-23,2026-07-23,FO,NSE,IDO,61730,,BANKNIFTY,,2026-07-28,2026-07-28,51900.00,PE,BANKNIFTY26JUL51900PE,4.00,4.40,2.20,2.75,2.20,4.35,56592.00,2.75,4620,1500,107,166609050.00,33,F1,30,,,,,
2026-07-23,2026-07-23,FO,NSE,IDO,69709,,BANKNIFTY,,2026-09-29,2026-09-29,54300.00,PE,BANKNIFTY26SEP54300PE,0.00,0.00,0.00,849.15,0.00,849.15,56592.00,853.80,0,0,0,0.00,0,F1,30,,,,,
2026-07-23,2026-07-23,FO,NSE,IDO,69778,,BANKNIFTY,,2026-09-29,2026-09-29,55400.00,PE,BANKNIFTY26SEP55400PE,1163.10,1163.10,1163.10,1163.10,1163.10,1163.10,56592.00,1214.50,30,30,1,1696893.00,1,F1,30,,,,,
2026-07-23,2026-07-23,FO,NSE,IDO,69804,,BANKNIFTY,,2026-09-29,2026-09-29,56600.00,PE,BANKNIFTY26SEP56600PE,1592.35,1592.35,951.10,951.10,951.10,1592.35,56592.00,1710.35,420,420,22,38080884.00,15,F1,30,,,,,
2026-07-23,2026-07-23,FO,NSE,IDO,69812,,BANKNIFTY,,2026-09-29,2026-09-29,56900.00,PE,BANKNIFTY26SEP56900PE,0.00,0.00,0.00,1713.85,0.00,1713.85,56592.00,1851.45,0,0,0,0.00,0,F1,30,,,,,
2026-07-23,2026-07-23,FO,NSE,IDO,69823,,BANKNIFTY,,2026-09-29,2026-09-29,57500.00,PE,BANKNIFTY26SEP57500PE,1250.00,1540.00,1236.25,1442.50,1455.60,1210.00,56592.00,1442.50,11700,990,171,302037166.50,137,F1,30,,,,,
2026-07-23,2026-07-23,FO,NSE,IDO,69846,,BANKNIFTY,,2026-09-29,2026-09-29,58200.00,PE,BANKNIFTY26SEP58200PE,1652.85,1652.85,1652.85,1652.85,1652.85,1453.00,56592.00,2541.45,750,0,1,1795585.50,1,F1,30,,,,,
2026-07-23,2026-07-23,FO,NSE,IDO,69993,,BANKNIFTY,,2026-09-29,2026-09-29,59600.00,PE,BANKNIFTY26SEP59600PE,0.00,0.00,0.00,3065.45,0.00,3065.45,56592.00,3421.65,0,0,0,0.00,0,F1,30,,,,,
2026-07-23,2026-07-23,FO,NSE,IDO,70003,,BANKNIFTY,,2026-09-29,2026-09-29,59800.00,PE,BANKNIFTY26SEP59800PE,0.00,0.00,0.00,3183.70,0.00,3183.70,56592.00,3558.20,0,0,0,0.00,0,F1,30,,,,,
2026-07-23,2026-07-23,FO,NSE,IDO,70046,,BANKNIFTY,,2026-09-29,2026-09-29,61800.00,PE,BANKNIFTY26SEP61800PE,0.00,0.00,0.00,4492.50,0.00,4492.50,56592.00,5054.45,0,0,0,0.00,0,F1,30,,,,,
2026-07-23,2026-07-23,FO,NSE,IDO,70079,,BANKNIFTY,,2026-09-29,2026-09-29,62100.00,PE,BANKNIFTY26SEP62100PE,0.00,0.00,0.00,4707.30,0.00,4707.30,56592.00,5296.80,0,0,0,0.00,0,F1,30,,,,,
2026-07-23,2026-07-23,FO,NSE,IDO,70096,,BANKNIFTY,,2026-09-29,2026-09-29,62900.00,PE,BANKNIFTY26SEP62900PE,0.00,0.00,0.00,5304.65,0.00,5304.65,56592.00,5962.35,0,0,0,0.00,0,F1,30,,,,,
2026-07-23,2026-07-23,FO,NSE,IDO,70102,,BANKNIFTY,,2026-09-29,2026-09-29,63300.00,PE,BANKNIFTY26SEP63300PE,0.00,0.00,0.00,5610.45,0.00,5610.45,56592.00,6304.65,0,0,0,0.00,0,F1,30,,,,,
2026-07-23,2026-07-23,FO,NSE,IDO,61674,,BANKNIFTY,,2026-07-28,2026-07-28,49600.00,PE,BANKNIFTY26JUL49600PE,0.00,0.00,0.00,3.25,3.25,3.25,56592.00,0.00,1230,0,0,0.00,0,F1,30,,,,,
2026-07-23,2026-07-23,FO,NSE,IDO,61668,,BANKNIFTY,,2026-07-28,2026-07-28,49400.00,PE,BANKNIFTY26JUL49400PE,2.05,2.05,2.05,2.05,2.05,2.60,56592.00,2.05,990,-90,3,4446184.50,3,F1,30,,,,,
2026-07-23,2026-07-23,FO,NSE,IDO,61656,,BANKNIFTY,,2026-07-28,2026-07-28,48900.00,PE,BANKNIFTY26JUL48900PE,2.50,2.50,1.70,1.90,2.05,3.40,56592.00,1.90,840,150,9,13203600.00,3,F1,30,,,,,
2026-07-23,2026-07-23,FO,NSE,IDO,61652,,BANKNIFTY,,2026-07-28,2026-07-28,48700.00,PE,BANKNIFTY26JUL48700PE,2.45,2.80,2.30,2.70,2.70,2.85,56592.00,0.00,360,0,44,64287501.00,12,F1,30,,,,,
2026-07-23,2026-07-23,FO,NSE,IDO,76433,,BANKNIFTY,,2027-03-30,2027-03-30,66000.00,CE,BANKNIFTY27MAR66000CE,0.00,0.00,0.00,890.95,0.00,890.95,56592.00,1684.15,0,0,0,0.00,0,F1,30,,,,,
2026-07-23,2026-07-23,FO,NSE,IDO,76396,,BANKNIFTY,,2027-03-30,2027-03-30,55500.00,CE,BANKNIFTY27MAR55500CE,0.00,0.00,0.00,3363.80,0.00,3363.80,56592.00,5831.80,0,0,0,0.00,0,F1,30,,,,,
2026-07-23,2026-07-23,FO,NSE,IDO,70117,,BANKNIFTY,,2026-09-29,2026-09-29,64100.00,CE,BANKNIFTY26SEP64100CE,0.00,0.00,0.00,672.40,0.00,672.40,56592.00,282.35,0,0,0,0.00,0,F1,30,,,,,
2026-07-23,2026-07-23,FO,NSE,IDO,70037,,BANKNIFTY,,2026-09-29,2026-09-29,61400.00,CE,BANKNIFTY26SEP61400CE,0.00,0.00,0.00,1297.95,0.00,1297.95,56592.00,681.45,0,0,0,0.00,0,F1,30,,,,,
2026-07-23,2026-07-23,FO,NSE,IDO,70021,,BANKNIFTY,,2026-09-29,2026-09-29,60600.00,CE,BANKNIFTY26SEP60600CE,0.00,0.00,0.00,1552.75,0.00,1552.75,56592.00,865.35,0,0,0,0.00,0,F1,30,,,,,
2026-07-23,2026-07-23,FO,NSE,IDO,70015,,BANKNIFTY,,2026-09-29,2026-09-29,60300.00,CE,BANKNIFTY26SEP60300CE,0.00,0.00,0.00,1657.55,0.00,1657.55,56592.00,940.55,0,0,0,0.00,0,F1,30,,,,,
2026-07-23,2026-07-23,FO,NSE,IDO,69996,,BANKNIFTY,,2026-09-29,2026-09-29,59800.00,CE,BANKNIFTY26SEP59800CE,0.00,0.00,0.00,1843.85,0.00,1843.85,56592.00,1082.10,0,0,0,0.00,0,F1,30,,,,,
2026-07-23,2026-07-23,FO,NSE,IDO,69868,,BANKNIFTY,,2026-09-29,2026-09-29,58700.00,CE,BANKNIFTY26SEP58700CE,975.00,975.00,700.00,760.20,766.85,1014.10,56592.00,760.20,4170,3150,124,221179332.00,34,F1,30,,,,,
2026-07-23,2026-07-23,FO,NSE,IDO,69820,,BANKNIFTY,,2026-09-29,2026-09-29,57400.00,CE,BANKNIFTY26SEP57400CE,0.00,0.00,0.00,2952.45,0.00,2952.45,56592.00,1996.20,0,0,0,0.00,0,F1,30,,,,,
2026-07-23,2026-07-23,FO,NSE,IDO,69801,,BANKNIFTY,,2026-09-29,2026-09-29,56500.00,CE,BANKNIFTY26SEP56500CE,1700.00,1851.30,1700.00,1813.55,1829.35,2215.15,56592.00,1813.55,3300,2280,99,173153055.00,61,F1,30,,,,,
2026-07-23,2026-07-23,FO,NSE,IDO,69765,,BANKNIFTY,,2026-09-29,2026-09-29,54900.00,CE,BANKNIFTY26SEP54900CE,0.00,0.00,0.00,4495.20,0.00,4495.20,56592.00,3403.65,0,0,0,0.00,0,F1,30,,,,,
2026-07-23,2026-07-23,FO,NSE,IDO,69763,,BANKNIFTY,,2026-09-29,2026-09-29,54800.00,CE,BANKNIFTY26SEP54800CE,0.00,0.00,0.00,4564.90,0.00,4564.90,56592.00,3469.65,0,0,0,0.00,0,F1,30,,,,,
2026-07-23,2026-07-23,FO,NSE,IDO,69757,,BANKNIFTY,,2026-09-29,2026-09-29,54600.00,CE,BANKNIFTY26SEP54600CE,0.00,0.00,0.00,4708.60,0.00,4708.60,56592.00,3603.85,0,0,0,0.00,0,F1,30,,,,,
2026-07-23,2026-07-23,FO,NSE,IDO,69710,,BANKNIFTY,,2026-09-29,2026-09-29,54400.00,CE,BANKNIFTY26SEP54400CE,0.00,0.00,0.00,4852.25,0.00,4852.25,56592.00,3740.85,0,0,0,0.00,0,F1,30,,,,,
2026-07-23,2026-07-23,FO,NSE,IDO,69670,,BANKNIFTY,,2026-09-29,2026-09-29,52200.00,CE,BANKNIFTY26SEP52200CE,0.00,0.00,0.00,6565.65,0.00,6565.65,56592.00,5419.60,0,0,0,0.00,0,F1,30,,,,,
2026-07-23,2026-07-23,FO,NSE,IDO,69662,,BANKNIFTY,,2026-09-29,2026-09-29,51800.00,CE,BANKNIFTY26SEP51800CE,0.00,0.00,0.00,6901.65,0.00,6901.65,56592.00,5754.15,0,0,0,0.00,0,F1,30,,,,,
2026-07-23,2026-07-23,FO,NSE,IDO,59319,,BANKNIFTY,,2026-08-25,2026-08-25,64100.00,CE,BANKNIFTY26AUG64100CE,0.00,0.00,0.00,296.35,0.00,296.35,56592.00,44.65,0,0,0,0.00,0,F1,30,,,,,
2026-07-23,2026-07-23,FO,NSE,IDO,59282,,BANKNIFTY,,2026-08-25,2026-08-25,62900.00,CE,BANKNIFTY26AUG62900CE,0.00,0.00,0.00,422.10,0.00,422.10,56592.00,92.30,0,0,0,0.00,0,F1,30,,,,,
2026-07-23,2026-07-23,FO,NSE,IDO,59266,,BANKNIFTY,,2026-08-25,2026-08-25,62500.00,CE,BANKNIFTY26AUG62500CE,22.05,25.50,16.75,18.05,17.35,26.85,56592.00,18.05,49410,7560,1555,2916563005.50,802,F1,30,,,,,
2026-07-23,2026-07-23,FO,NSE,IDO,59159,,BANKNIFTY,,2026-08-25,2026-08-25,59600.00,CE,BANKNIFTY26AUG59600CE,209.65,223.20,143.25,153.35,155.85,248.45,56592.00,153.35,13620,2880,477,855290869.50,355,F1,30,,,,,
2026-07-23,2026-07-23,FO,NSE,IDO,59096,,BANKNIFTY,,2026-08-25,2026-08-25,57800.00,CE,BANKNIFTY26AUG57800CE,692.95,767.15,555.00,613.60,611.00,868.20,56592.00,613.60,29340,4290,1249,2189907261.00,670,F1,30,,,,,
2026-07-23,2026-07-23,FO,NSE,IDO,59047,,BANKNIFTY,,2026-08-25,2026-08-25,56300.00,CE,BANKNIFTY26AUG56300CE,1526.40,1545.05,1262.95,1361.80,1378.00,1698.70,56592.00,1361.80,8130,7620,386,668955268.50,198,F1,30,,,,,
2026-07-23,2026-07-23,FO,NSE,IDO,59016,,BANKNIFTY,,2026-08-25,2026-08-25,55600.00,CE,BANKNIFTY26AUG55600CE,0.00,0.00,0.00,2180.00,2180.00,2180.00,56592.00,2168.80,90,0,0,0.00,0,F1,30,,,,,
2026-07-23,2026-07-23,FO,NSE,IDO,59010,,BANKNIFTY,,2026-08-25,2026-08-25,55300.00,CE,BANKNIFTY26AUG55300CE,0.00,0.00,0.00,3250.00,3250.00,3250.00,56592.00,2362.70,60,0,0,0.00,0,F1,30,,,,,
2026-07-23,2026-07-23,FO,NSE,IDO,58976,,BANKNIFTY,,2026-08-25,2026-08-25,53900.00,CE,BANKNIFTY26AUG53900CE,0.00,0.00,0.00,3424.65,0.00,3424.65,56592.00,3385.50,0,0,0,0.00,0,F1,30,,,,,
2026-07-23,2026-07-23,FO,NSE,IDO,58946,,BANKNIFTY,,2026-08-25,2026-08-25,53100.00,CE,BANKNIFTY26AUG53100CE,0.00,0.00,0.00,3930.25,0.00,3930.25,56592.00,4044.75,0,0,0,0.00,0,F1,30,,,,,
2026-07-23,2026-07-23,FO,NSE,IDO,58928,,BANKNIFTY,,2026-08-25,2026-08-25,52400.00,CE,BANKNIFTY26AUG52400CE,0.00,0.00,0.00,4408.20,0.00,4408.20,56592.00,4656.75,0,0,0,0.00,0,F1,30,,,,,
2026-07-23,2026-07-23,FO,NSE,IDO,58804,,BANKNIFTY,,2026-08-25,2026-08-25,48700.00,CE,BANKNIFTY26AUG48700CE,0.00,0.00,0.00,7362.25,0.00,7362.25,56592.00,8189.45,0,0,0,0.00,0,F1,30,,,,,
2026-07-23,2026-07-23,FO,NSE,IDO,58800,,BANKNIFTY,,2026-08-25,2026-08-25,48600.00,CE,BANKNIFTY26AUG48600CE,0.00,0.00,0.00,7450.45,0.00,7450.45,56592.00,8288.15,0,0,0,0.00,0,F1,30,,,,,
2026-07-23,2026-07-23,FO,NSE,IDO,52421,,BANKNIFTY,,2026-09-29,2026-09-29,66000.00,PE,BANKNIFTY26SEP66000PE,0.00,0.00,0.00,8825.75,0.00,8825.75,56592.00,8741.30,0,0,0,0.00,0,F1,30,,,,,
2026-07-23,2026-07-23,FO,NSE,IDO,53227,,BANKNIFTY,,2026-12-29,2026-12-29,55500.00,PE,BANKNIFTY26DEC55500PE,0.00,0.00,0.00,1066.65,0.00,1066.65,56592.00,1903.85,0,0,0,0.00,0,F1,30,,,,,
2026-07-23,2026-07-23,FO,NSE,IDO,62108,,BANKNIFTY,,2026-07-28,2026-07-28,64500.00,CE,BANKNIFTY26JUL64500CE,1.25,3.55,1.25,2.05,2.00,1.80,56592.00,2.05,31230,7560,1147,2219530759.50,774,F1,30,,,,,
2026-07-23,2026-07-23,FO,NSE,IDO,62097,,BANKNIFTY,,2026-07-28,2026-07-28,64100.00,CE,BANKNIFTY26JUL64100CE,1.70,4.30,1.70,2.85,2.85,3.00,56592.00,2.85,810,510,65,125001862.50,21,F1,30,,,,,
2026-07-23,2026-07-23,FO,NSE,IDO,62065,,BANKNIFTY,,2026-07-28,2026-07-28,62800.00,CE,BANKNIFTY26JUL62800CE,3.50,5.00,2.30,2.60,2.65,3.85,56592.00,2.60,3960,1290,167,314646730.50,49,F1,30,,,,,
2026-07-23,2026-07-23,FO,NSE,IDO,62057,,BANKNIFTY,,2026-07-28,2026-07-28,62600.00,CE,BANKNIFTY26JUL62600CE,2.15,5.00,2.15,3.00,2.85,3.55,56592.00,3.00,6510,3630,403,756882352.50,146,F1,30,,,,,
2026-07-23,2026-07-23,FO,NSE,IDO,62019,,BANKNIFTY,,2026-07-28,2026-07-28,61600.00,CE,BANKNIFTY26JUL61600CE,3.65,6.75,2.75,3.65,3.70,4.90,56592.00,3.65,18600,-60,2053,3794252689.50,830,F1,30,,,,,
2026-07-23,2026-07-23,FO,NSE,IDO,61917,,BANKNIFTY,,2026-07-28,2026-07-28,59000.00,CE,BANKNIFTY26JUL59000CE,21.05,28.60,11.55,12.40,12.00,32.80,56592.00,12.40,1959780,-327330,163241,289015165354.50,72566,F1,30,,,,,
2026-07-23,2026-07-23,FO,NSE,IDO,61889,,BANKNIFTY,,2026-07-28,2026-07-28,58000.00,CE,BANKNIFTY26JUL58000CE,109.95,110.00,42.00,45.60,45.90,154.25,56592.00,45.60,2054370,-162750,223789,389785142947.50,108410,F1,30,,,,,
2026-07-23,2026-07-23,FO,NSE,IDO,61887,,BANKNIFTY,,2026-07-28,2026-07-28,57900.00,CE,BANKNIFTY26JUL57900CE,149.80,149.80,47.80,53.30,53.70,179.80,56592.00,53.30,387450,44850,43983,76489861624.50,27379,F1,30,,,,,
2026-07-23,2026-07-23,FO,NSE,IDO,61869,,BANKNIFTY,,2026-07-28,2026-07-28,57100.00,CE,BANKNIFTY26JUL57100CE,349.95,377.80,162.05,200.40,205.75,494.00,56592.00,200.40,192090,57780,55220,95002327800.00,41088,F1,30,,,,,
2026-07-23,2026-07-23,FO,NSE,IDO,61835,,BANKNIFTY,,2026-07-28,2026-07-28,56000.00,CE,BANKNIFTY26JUL56000CE,1026.05,1132.40,664.50,814.45,825.00,1290.75,56592.00,814.45,146760,56940,24489,41737718074.50,17363,F1,30,,,,,
2026-07-23,2026-07-23,FO,NSE,IDO,61756,,BANKNIFTY,,2026-07-28,2026-07-28,53000.00,CE,BANKNIFTY26JUL53000CE,3810.00,4001.30,3480.00,3669.90,3670.00,4154.35,56592.00,3669.90,54120,5730,535,912279165.00,320,F1,30,,,,,
2026-07-23,2026-07-23,FO,NSE,IDO,53251,,BANKNIFTY,,2026-12-29,2026-12-29,66000.00,PE,BANKNIFTY26DEC66000PE,0.00,0.00,0.00,7592.00,7592.00,7592.00,56592.00,8371.95,60,0,0,0.00,0,F1,30,,,,,
2026-07-23,2026-07-23,FO,NSE,IDO,76389,,BANKNIFTY,,2027-03-30,2027-03-30,49500.00,PE,BANKNIFTY27MAR49500PE,0.00,0.00,0.00,2038.80,0.00,2038.80,56592.00,707.35,0,0,0,0.00,0,F1,30,,,,,
2026-07-23,2026-07-23,FO,NSE,IDO,76391,,BANKNIFTY,,2027-03-30,2027-03-30,51000.00,PE,BANKNIFTY27MAR51000PE,0.00,0.00,0.00,2587.90,0.00,2587.90,56592.00,988.30,0,0,0,0.00,0,F1,30,,,,,
2026-07-23,2026-07-23,FO,NSE,IDO,76397,,BANKNIFTY,,2027-03-30,2027-03-30,55500.00,PE,BANKNIFTY27MAR55500PE,0.00,0.00,0.00,4717.35,0.00,4717.35,56592.00,2283.10,0,0,0,0.00,0,F1,30,,,,,
2026-07-23,2026-07-23,FO,NSE,IDO,76432,,BANKNIFTY,,2027-03-30,2027-03-30,64500.00,PE,BANKNIFTY27MAR64500PE,0.00,0.00,0.00,10820.75,0.00,10820.75,56592.00,7106.15,0,0,0,0.00,0,F1,30,,,,,
2026-07-23,2026-07-23,FO,NSE,IDO,61701,,BANKNIFTY,,2026-07-28,2026-07-28,50800.00,CE,BANKNIFTY26JUL50800CE,0.00,0.00,0.00,5841.00,0.00,5841.00,56592.00,5834.30,0,0,0,0.00,0,F1,30,,,,,
2026-07-23,2026-07-23,FO,NSE,IDO,61675,,BANKNIFTY,,2026-07-28,2026-07-28,49700.00,CE,BANKNIFTY26JUL49700CE,0.00,0.00,0.00,6752.95,0.00,6752.95,56592.00,6933.40,0,0,0,0.00,0,F1,30,,,,,
2026-07-23,2026-07-23,FO,NSE,IDO,61663,,BANKNIFTY,,2026-07-28,2026-07-28,49200.00,CE,BANKNIFTY26JUL49200CE,0.00,0.00,0.00,7184.25,0.00,7184.25,56592.00,7433.00,0,0,0,0.00,0,F1,30,,,,,
2026-07-23,2026-07-23,FO,NSE,IDO,61655,,BANKNIFTY,,2026-07-28,2026-07-28,48900.00,CE,BANKNIFTY26JUL48900CE,0.00,0.00,0.00,7447.45,0.00,7447.45,56592.00,7732.75,0,0,0,0.00,0,F1,30,,,,,
2026-07-23,2026-07-23,FO,NSE,IDO,69683,,BANKNIFTY,,2026-09-29,2026-09-29,52900.00,PE,BANKNIFTY26SEP52900PE,0.00,0.00,0.00,539.95,0.00,539.95,56592.00,514.75,0,0,0,0.00,0,F1,30,,,,,
2026-07-23,2026-07-23,FO,NSE,IDO,52281,,BANKNIFTY,,2026-09-29,2026-09-29,49500.00,PE,BANKNIFTY26SEP49500PE,63.00,72.00,59.45,66.10,65.65,60.75,56592.00,66.10,25770,-1680,646,960547699.50,166,F1,30,,,,,
2026-07-23,2026-07-23,FO,NSE,IDO,59299,,BANKNIFTY,,2026-08-25,2026-08-25,63400.00,PE,BANKNIFTY26AUG63400PE,0.00,0.00,0.00,7735.45,0.00,7735.45,56592.00,6498.95,0,0,0,0.00,0,F1,30,,,,,
2026-07-23,2026-07-23,FO,NSE,IDO,59261,,BANKNIFTY,,2026-08-25,2026-08-25,62300.00,PE,BANKNIFTY26AUG62300PE,0.00,0.00,0.00,6787.25,0.00,6787.25,56592.00,5466.60,0,0,0,0.00,0,F1,30,,,,,
2026-07-23,2026-07-23,FO,NSE,IDO,59249,,BANKNIFTY,,2026-08-25,2026-08-25,61700.00,PE,BANKNIFTY26AUG61700PE,0.00,0.00,0.00,6286.60,0.00,6286.60,56592.00,4920.25,0,0,0,0.00,0,F1,30,,,,,
2026-07-23,2026-07-23,FO,NSE,IDO,59247,,BANKNIFTY,,2026-08-25,2026-08-25,61600.00,PE,BANKNIFTY26AUG61600PE,0.00,0.00,0.00,6204.45,0.00,6204.45,56592.00,4830.60,0,0,0,0.00,0,F1,30,,,,,
2026-07-23,2026-07-23,FO,NSE,IDO,59166,,BANKNIFTY,,2026-08-25,2026-08-25,59900.00,PE,BANKNIFTY26AUG59900PE,0.00,0.00,0.00,2035.00,2035.00,2035.00,56592.00,3388.90,90,0,0,0.00,0,F1,30,,,,,
2026-07-23,2026-07-23,FO,NSE,IDO,61951,,BANKNIFTY,,2026-07-28,2026-07-28,59900.00,CE,BANKNIFTY26JUL59900CE,8.60,10.45,5.60,6.15,6.05,12.30,56592.00,6.15,58710,-9630,5265,9462505998.00,3225,F1,30,,,,,
2026-07-23,2026-07-23,FO,NSE,IDO,61987,,BANKNIFTY,,2026-07-28,2026-07-28,60600.00,CE,BANKNIFTY26JUL60600CE,7.15,17.10,3.75,4.60,3.90,7.75,56592.00,4.60,30720,-18660,6812,12385486905.00,3075,F1,30,,,,,
2026-07-23,2026-07-23,FO,NSE,IDO,62001,,BANKNIFTY,,2026-07-28,2026-07-28,61100.00,CE,BANKNIFTY26JUL61100CE,3.75,7.55,3.40,4.10,3.90,5.70,56592.00,4.10,21300,210,1390,2548080195.00,751,F1,30,,,,,
2026-07-23,2026-07-23,FO,NSE,IDO,62015,,BANKNIFTY,,2026-07-28,2026-07-28,61400.00,CE,BANKNIFTY26JUL61400CE,4.65,7.65,3.00,3.65,3.00,4.90,56592.00,3.65,28080,6360,1783,3284553412.50,696,F1,30,,,,,
2026-07-23,2026-07-23,FO,NSE,IDO,62085,,BANKNIFTY,,2026-07-28,2026-07-28,63500.00,CE,BANKNIFTY26JUL63500CE,2.00,3.60,1.55,1.85,1.75,2.45,56592.00,1.85,76950,-2880,4254,8104215832.50,1582,F1,30,,,,,
2026-07-23,2026-07-23,FO,NSE,IDO,62143,,BANKNIFTY,,2026-07-28,2026-07-28,65500.00,CE,BANKNIFTY26JUL65500CE,1.45,2.60,1.05,1.55,1.50,1.50,56592.00,1.55,92220,780,1934,3800420232.00,766,F1,30,,,,,
2026-07-23,2026-07-23,FO,NSE,IDO,58858,,BANKNIFTY,,2026-08-25,2026-08-25,50100.00,CE,BANKNIFTY26AUG50100CE,0.00,0.00,0.00,6167.55,0.00,6167.55,56592.00,6817.40,0,0,0,0.00,0,F1,30,,,,,
2026-07-23,2026-07-23,FO,NSE,IDO,58908,,BANKNIFTY,,2026-08-25,2026-08-25,51600.00,CE,BANKNIFTY26AUG51600CE,0.00,0.00,0.00,4986.75,0.00,4986.75,56592.00,5387.50,0,0,0,0.00,0,F1,30,,,,,
2026-07-23,2026-07-23,FO,NSE,IDO,58958,,BANKNIFTY,,2026-08-25,2026-08-25,53400.00,CE,BANKNIFTY26AUG53400CE,0.00,0.00,0.00,3735.80,0.00,3735.80,56592.00,3792.00,0,0,0,0.00,0,F1,30,,,,,
2026-07-23,2026-07-23,FO,NSE,IDO,58965,,BANKNIFTY,,2026-08-25,2026-08-25,53700.00,CE,BANKNIFTY26AUG53700CE,0.00,0.00,0.00,3547.15,0.00,3547.15,56592.00,3545.80,0,0,0,0.00,0,F1,30,,,,,
2026-07-23,2026-07-23,FO,NSE,IDO,61967,,BANKNIFTY,,2026-07-28,2026-07-28,60300.00,CE,BANKNIFTY26JUL60300CE,9.90,9.90,3.85,4.90,4.60,8.90,56592.00,4.90,69300,-18900,5979,10817202603.00,2749,F1,30,,,,,
2026-07-23,2026-07-23,FO,NSE,IDO,70799,,BANKNIFTY,,2027-06-29,2027-06-29,61500.00,PE,BANKNIFTY27JUN61500PE,0.00,0.00,0.00,4995.95,0.00,4995.95,56592.00,5264.50,0,0,0,0.00,0,F1,30,,,,,
2026-07-23,2026-07-23,FO,NSE,IDO,70771,,BANKNIFTY,,2027-06-29,2027-06-29,52500.00,PE,BANKNIFTY27JUN52500PE,0.00,0.00,0.00,1541.40,0.00,1541.40,56592.00,1601.80,0,0,0,0.00,0,F1,30,,,,,
2026-07-23,2026-07-23,FO,NSE,IDO,70110,,BANKNIFTY,,2026-09-29,2026-09-29,63700.00,PE,BANKNIFTY26SEP63700PE,0.00,0.00,0.00,5925.20,0.00,5925.20,56592.00,6652.65,0,0,0,0.00,0,F1,30,,,,,
2026-07-23,2026-07-23,FO,NSE,IDO,70077,,BANKNIFTY,,2026-09-29,2026-09-29,62000.00,PE,BANKNIFTY26SEP62000PE,4500.00,4500.00,4500.00,4500.00,4500.00,4635.20,56592.00,5215.55,30,30,1,1995000.00,1,F1,30,,,,,
2026-07-23,2026-07-23,FO,NSE,IDO,70028,,BANKNIFTY,,2026-09-29,2026-09-29,60900.00,PE,BANKNIFTY26SEP60900PE,0.00,0.00,0.00,3876.05,0.00,3876.05,56592.00,4355.95,0,0,0,0.00,0,F1,30,,,,,
2026-07-23,2026-07-23,FO,NSE,IDO,70012,,BANKNIFTY,,2026-09-29,2026-09-29,60100.00,PE,BANKNIFTY26SEP60100PE,0.00,0.00,0.00,3365.55,0.00,3365.55,56592.00,3767.75,0,0,0,0.00,0,F1,30,,,,,
2026-07-23,2026-07-23,FO,NSE,IDO,52361,,BANKNIFTY,,2026-09-29,2026-09-29,60000.00,PE,BANKNIFTY26SEP60000PE,2900.00,3189.10,2723.30,3007.65,2993.30,2615.10,56592.00,3007.65,55800,-2100,390,737866519.50,256,F1,30,,,,,
2026-07-23,2026-07-23,FO,NSE,IDO,69871,,BANKNIFTY,,2026-09-29,2026-09-29,58800.00,PE,BANKNIFTY26SEP58800PE,0.00,0.00,0.00,2616.85,0.00,2616.85,56592.00,2902.00,0,0,0,0.00,0,F1,30,,,,,
2026-07-23,2026-07-23,FO,NSE,IDO,69869,,BANKNIFTY,,2026-09-29,2026-09-29,58700.00,PE,BANKNIFTY26SEP58700PE,0.00,0.00,0.00,1780.00,1780.00,1780.00,56592.00,2840.15,510,0,0,0.00,0,F1,30,,,,,
2026-07-23,2026-07-23,FO,NSE,IDO,69819,,BANKNIFTY,,2026-09-29,2026-09-29,57300.00,PE,BANKNIFTY26SEP57300PE,0.00,0.00,0.00,1126.40,1126.40,1126.40,56592.00,2050.05,870,0,0,0.00,0,F1,30,,,,,
2026-07-23,2026-07-23,FO,NSE,IDO,69802,,BANKNIFTY,,2026-09-29,2026-09-29,56500.00,PE,BANKNIFTY26SEP56500PE,900.05,1121.60,864.20,1017.85,1019.55,817.50,56592.00,1017.85,4650,3480,253,436709653.50,197,F1,30,,,,,
2026-07-23,2026-07-23,FO,NSE,IDO,69774,,BANKNIFTY,,2026-09-29,2026-09-29,55200.00,PE,BANKNIFTY26SEP55200PE,1100.15,1100.15,1100.15,1100.15,1100.15,1100.15,56592.00,1142.40,30,30,1,1689004.50,1,F1,30,,,,,
2026-07-23,2026-07-23,FO,NSE,IDO,69721,,BANKNIFTY,,2026-09-29,2026-09-29,54400.00,PE,BANKNIFTY26SEP54400PE,0.00,0.00,0.00,745.90,745.90,745.90,56592.00,883.05,30,0,0,0.00,0,F1,30,,,,,
2026-07-23,2026-07-23,FO,NSE,IDO,69699,,BANKNIFTY,,2026-09-29,2026-09-29,53700.00,PE,BANKNIFTY26SEP53700PE,0.00,0.00,0.00,703.05,0.00,703.05,56592.00,693.60,0,0,0,0.00,0,F1,30,,,,,
2026-07-23,2026-07-23,FO,NSE,IDO,69691,,BANKNIFTY,,2026-09-29,2026-09-29,53300.00,PE,BANKNIFTY26SEP53300PE,0.00,0.00,0.00,617.55,0.00,617.55,56592.00,599.25,0,0,0,0.00,0,F1,30,,,,,
2026-07-23,2026-07-23,FO,NSE,IDO,69687,,BANKNIFTY,,2026-09-29,2026-09-29,53100.00,PE,BANKNIFTY26SEP53100PE,0.00,0.00,0.00,577.80,0.00,577.80,56592.00,555.80,0,0,0,0.00,0,F1,30,,,,,
2026-07-23,2026-07-23,FO,NSE,IDO,69669,,BANKNIFTY,,2026-09-29,2026-09-29,52100.00,PE,BANKNIFTY26SEP52100PE,0.00,0.00,0.00,407.00,0.00,407.00,56592.00,372.85,0,0,0,0.00,0,F1,30,,,,,
2026-07-23,2026-07-23,FO,NSE,IDO,69665,,BANKNIFTY,,2026-09-29,2026-09-29,51900.00,PE,BANKNIFTY26SEP51900PE,0.00,0.00,0.00,378.05,0.00,378.05,56592.00,342.60,0,0,0,0.00,0,F1,30,,,,,
2026-07-23,2026-07-23,FO,NSE,IDO,52271,,BANKNIFTY,,2026-09-29,2026-09-29,46500.00,PE,BANKNIFTY26SEP46500PE,34.05,39.00,34.05,39.00,39.00,31.00,56592.00,16.95,13470,570,22,30713751.00,15,F1,30,,,,,
2026-07-23,2026-07-23,FO,NSE,IDO,59301,,BANKNIFTY,,2026-08-25,2026-08-25,63500.00,PE,BANKNIFTY26AUG63500PE,6310.00,6505.00,6310.00,6505.00,6505.00,5175.00,56592.00,6594.30,390,90,3,6294450.00,3,F1,30,,,,,
2026-07-23,2026-07-23,FO,NSE,IDO,59180,,BANKNIFTY,,2026-08-25,2026-08-25,60200.00,PE,BANKNIFTY26AUG60200PE,3148.70,3456.30,3042.05,3456.30,3456.30,2920.00,56592.00,3630.30,390,-210,17,32317330.50,15,F1,30,,,,,
2026-07-23,2026-07-23,FO,NSE,IDO,59109,,BANKNIFTY,,2026-08-25,2026-08-25,58000.00,PE,BANKNIFTY26AUG58000PE,1398.00,1778.00,1359.05,1606.25,1612.30,1272.35,56592.00,1606.25,401100,93840,8547,15275043276.00,6632,F1,30,,,,,
2026-07-23,2026-07-23,FO,NSE,IDO,59046,,BANKNIFTY,,2026-08-25,2026-08-25,56200.00,PE,BANKNIFTY26AUG56200PE,634.55,818.05,564.45,714.25,712.00,533.05,56592.00,714.25,5940,1290,356,607936753.50,267,F1,30,,,,,
2026-07-23,2026-07-23,FO,NSE,IDO,59029,,BANKNIFTY,,2026-08-25,2026-08-25,55800.00,PE,BANKNIFTY26AUG55800PE,471.90,668.80,443.35,577.15,583.25,449.40,56592.00,577.15,9750,600,229,387338239.50,177,F1,30,,,,,
2026-07-23,2026-07-23,FO,NSE,IDO,58999,,BANKNIFTY,,2026-08-25,2026-08-25,54700.00,PE,BANKNIFTY26AUG54700PE,243.35,373.55,243.35,319.90,316.65,237.45,56592.00,319.90,2010,450,89,146867067.00,81,F1,30,,,,,
2026-07-23,2026-07-23,FO,NSE,IDO,58989,,BANKNIFTY,,2026-08-25,2026-08-25,54400.00,PE,BANKNIFTY26AUG54400PE,215.10,319.70,215.05,276.80,270.75,203.95,56592.00,276.80,1860,630,77,126317065.50,45,F1,30,,,,,
2026-07-23,2026-07-23,FO,NSE,IDO,58925,,BANKNIFTY,,2026-08-25,2026-08-25,52200.00,PE,BANKNIFTY26AUG52200PE,58.75,86.55,58.75,75.05,75.05,58.45,56592.00,75.05,2340,690,45,70571535.00,23,F1,30,,,,,
2026-07-23,2026-07-23,FO,NSE,IDO,58907,,BANKNIFTY,,2026-08-25,2026-08-25,51500.00,PE,BANKNIFTY26AUG51500PE,41.25,58.85,38.80,50.35,48.60,39.05,56592.00,50.35,20190,15810,705,1090253224.50,460,F1,30,,,,,
2026-07-23,2026-07-23,FO,NSE,IDO,58815,,BANKNIFTY,,2026-08-25,2026-08-25,49100.00,PE,BANKNIFTY26AUG49100PE,22.65,22.65,22.45,22.45,22.45,16.85,56592.00,22.45,90,0,2,2947353.00,2,F1,30,,,,,
2026-07-23,2026-07-23,FO,NSE,IDO,62154,,BANKNIFTY,,2026-07-28,2026-07-28,66000.00,PE,BANKNIFTY26JUL66000PE,0.00,0.00,0.00,7800.00,7800.00,7800.00,56592.00,9353.05,30,0,0,0.00,0,F1,30,,,,,
2026-07-23,2026-07-23,FO,NSE,IDO,62098,,BANKNIFTY,,2026-07-28,2026-07-28,64100.00,PE,BANKNIFTY26JUL64100PE,0.00,0.00,0.00,8107.20,0.00,8107.20,56592.00,7454.65,0,0,0,0.00,0,F1,30,,,,,
2026-07-23,2026-07-23,FO,NSE,IDO,62034,,BANKNIFTY,,2026-07-28,2026-07-28,62100.00,PE,BANKNIFTY26JUL62100PE,0.00,0.00,0.00,4169.70,4169.70,4169.70,56592.00,5456.35,30,0,0,0.00,0,F1,30,,,,,
2026-07-23,2026-07-23,FO,NSE,IDO,62018,,BANKNIFTY,,2026-07-28,2026-07-28,61500.00,PE,BANKNIFTY26JUL61500PE,4560.00,5000.00,4560.00,4969.00,4969.00,4311.10,56592.00,4856.95,18030,-450,15,29885640.00,10,F1,30,,,,,
2026-07-23,2026-07-23,FO,NSE,IDO,62016,,BANKNIFTY,,2026-07-28,2026-07-28,61400.00,PE,BANKNIFTY26JUL61400PE,0.00,0.00,0.00,3902.10,3902.10,3902.10,56592.00,4757.10,240,0,0,0.00,0,F1,30,,,,,
2026-07-23,2026-07-23,FO,NSE,IDO,61938,,BANKNIFTY,,2026-07-28,2026-07-28,59400.00,PE,BANKNIFTY26JUL59400PE,0.00,0.00,0.00,2278.60,2278.60,2278.60,56592.00,2773.00,5070,0,0,0.00,0,F1,30,,,,,
2026-07-23,2026-07-23,FO,NSE,IDO,61906,,BANKNIFTY,,2026-07-28,2026-07-28,58700.00,PE,BANKNIFTY26JUL58700PE,1800.00,2288.55,1739.80,2014.95,2028.55,1542.85,56592.00,2014.95,46410,-960,196,356676480.00,117,F1,30,,,,,
2026-07-23,2026-07-23,FO,NSE,IDO,61896,,BANKNIFTY,,2026-07-28,2026-07-28,58300.00,PE,BANKNIFTY26JUL58300PE,1484.65,1868.15,1334.25,1657.80,1649.75,1193.05,56592.00,1657.80,104490,-3240,552,991573348.50,400,F1,30,,,,,
2026-07-23,2026-07-23,FO,NSE,IDO,61888,,BANKNIFTY,,2026-07-28,2026-07-28,57900.00,PE,BANKNIFTY26JUL57900PE,1152.35,1508.15,992.30,1273.15,1275.80,885.85,56592.00,1273.15,166770,-89820,5170,9182712234.00,2606,F1,30,,,,,
2026-07-23,2026-07-23,FO,NSE,IDO,61886,,BANKNIFTY,,2026-07-28,2026-07-28,57800.00,PE,BANKNIFTY26JUL57800PE,1100.00,1411.30,911.35,1176.45,1171.50,799.05,56592.00,1176.45,152400,-45900,4645,8216647171.50,2736,F1,30,,,,,
2026-07-23,2026-07-23,FO,NSE,IDO,61834,,BANKNIFTY,,2026-07-28,2026-07-28,55900.00,PE,BANKNIFTY26JUL55900PE,88.95,196.30,76.55,121.65,117.65,84.80,56592.00,121.65,112590,38340,34259,57586263379.50,24692,F1,30,,,,,
2026-07-23,2026-07-23,FO,NSE,IDO,61814,,BANKNIFTY,,2026-07-28,2026-07-28,55100.00,PE,BANKNIFTY26JUL55100PE,37.00,54.60,20.85,31.70,30.80,25.55,56592.00,31.70,124710,30270,14293,23641708855.50,7209,F1,30,,,,,
2026-07-23,2026-07-23,FO,NSE,IDO,61806,,BANKNIFTY,,2026-07-28,2026-07-28,54700.00,PE,BANKNIFTY26JUL54700PE,17.00,28.95,11.85,16.90,16.00,15.40,56592.00,16.90,73080,14190,9370,15381579660.00,4910,F1,30,,,,,
2026-07-23,2026-07-23,FO,NSE,IDO,61713,,BANKNIFTY,,2026-07-28,2026-07-28,51300.00,PE,BANKNIFTY26JUL51300PE,4.70,5.00,2.80,3.10,2.80,3.95,56592.00,3.10,1770,90,60,92346336.00,34,F1,30,,,,,
2026-07-23,2026-07-23,FO,NSE,IDO,61650,,BANKNIFTY,,2026-07-28,2026-07-28,48600.00,PE,BANKNIFTY26JUL48600PE,3.40,3.40,1.95,2.35,2.35,2.95,56592.00,0.00,450,180,9,13122663.00,5,F1,30,,,,,
2026-07-23,2026-07-23,FO,NSE,IDO,70792,,BANKNIFTY,,2027-06-29,2027-06-29,57000.00,CE,BANKNIFTY27JUN57000CE,0.00,0.00,0.00,6924.35,0.00,6924.35,56592.00,6117.60,0,0,0,0.00,0,F1,30,,,,,
2026-07-23,2026-07-23,FO,NSE,IDO,76392,,BANKNIFTY,,2027-03-30,2027-03-30,52500.00,CE,BANKNIFTY27MAR52500CE,0.00,0.00,0.00,4655.40,0.00,4655.40,56592.00,7758.25,0,0,0,0.00,0,F1,30,,,,,
2026-07-23,2026-07-23,FO,NSE,IDO,76388,,BANKNIFTY,,2027-03-30,2027-03-30,49500.00,CE,BANKNIFTY27MAR49500CE,0.00,0.00,0.00,6266.75,0.00,6266.75,56592.00,9990.45,0,0,0,0.00,0,F1,30,,,,,
2026-07-23,2026-07-23,FO,NSE,IDO,70113,,BANKNIFTY,,2026-09-29,2026-09-29,63900.00,CE,BANKNIFTY26SEP63900CE,0.00,0.00,0.00,708.00,0.00,708.00,56592.00,302.70,0,0,0,0.00,0,F1,30,,,,,
2026-07-23,2026-07-23,FO,NSE,IDO,70111,,BANKNIFTY,,2026-09-29,2026-09-29,63800.00,CE,BANKNIFTY26SEP63800CE,0.00,0.00,0.00,726.40,0.00,726.40,56592.00,313.30,0,0,0,0.00,0,F1,30,,,,,
2026-07-23,2026-07-23,FO,NSE,IDO,70109,,BANKNIFTY,,2026-09-29,2026-09-29,63700.00,CE,BANKNIFTY26SEP63700CE,0.00,0.00,0.00,745.15,0.00,745.15,56592.00,324.25,0,0,0,0.00,0,F1,30,,,,,
2026-07-23,2026-07-23,FO,NSE,IDO,70103,,BANKNIFTY,,2026-09-29,2026-09-29,63400.00,CE,BANKNIFTY26SEP63400CE,0.00,0.00,0.00,803.90,0.00,803.90,56592.00,359.05,0,0,0,0.00,0,F1,30,,,,,
2026-07-23,2026-07-23,FO,NSE,IDO,70101,,BANKNIFTY,,2026-09-29,2026-09-29,63300.00,CE,BANKNIFTY26SEP63300CE,0.00,0.00,0.00,824.30,0.00,824.30,56592.00,371.35,0,0,0,0.00,0,F1,30,,,,,
2026-07-23,2026-07-23,FO,NSE,IDO,52404,,BANKNIFTY,,2026-09-29,2026-09-29,63000.00,CE,BANKNIFTY26SEP63000CE,118.25,118.25,77.05,82.60,80.55,115.40,56592.00,82.60,36600,-8940,1306,2471885830.50,495,F1,30,,,,,
2026-07-23,2026-07-23,FO,NSE,IDO,70093,,BANKNIFTY,,2026-09-29,2026-09-29,62800.00,CE,BANKNIFTY26SEP62800CE,0.00,0.00,0.00,934.80,0.00,934.80,56592.00,438.30,0,0,0,0.00,0,F1,30,,,,,
2026-07-23,2026-07-23,FO,NSE,IDO,70082,,BANKNIFTY,,2026-09-29,2026-09-29,62300.00,CE,BANKNIFTY26SEP62300CE,0.00,0.00,0.00,1051.50,0.00,1051.50,56592.00,515.15,0,0,0,0.00,0,F1,30,,,,,
2026-07-23,2026-07-23,FO,NSE,IDO,52388,,BANKNIFTY,,2026-09-29,2026-09-29,61500.00,CE,BANKNIFTY26SEP61500CE,230.00,231.50,170.00,179.80,179.50,259.45,56592.00,179.80,13650,2100,308,570094741.50,165,F1,30,,,,,
2026-07-23,2026-07-23,FO,NSE,IDO,70035,,BANKNIFTY,,2026-09-29,2026-09-29,61300.00,CE,BANKNIFTY26SEP61300CE,0.00,0.00,0.00,1327.90,0.00,1327.90,56592.00,702.40,0,0,0,0.00,0,F1,30,,,,,
2026-07-23,2026-07-23,FO,NSE,IDO,69895,,BANKNIFTY,,2026-09-29,2026-09-29,59000.00,CE,BANKNIFTY26SEP59000CE,775.25,808.55,615.80,665.40,660.00,877.95,56592.00,665.40,25500,-840,693,1241162559.00,398,F1,30,,,,,
2026-07-23,2026-07-23,FO,NSE,IDO,69850,,BANKNIFTY,,2026-09-29,2026-09-29,58400.00,CE,BANKNIFTY26SEP58400CE,920.00,920.00,830.00,853.20,853.20,1150.30,56592.00,1565.55,3240,2280,315,560148996.00,82,F1,30,,,,,
2026-07-23,2026-07-23,FO,NSE,IDO,69811,,BANKNIFTY,,2026-09-29,2026-09-29,56900.00,CE,BANKNIFTY26SEP56900CE,0.00,0.00,0.00,3040.00,3040.00,3040.00,56592.00,2239.85,30,0,0,0.00,0,F1,30,,,,,
2026-07-23,2026-07-23,FO,NSE,IDO,69700,,BANKNIFTY,,2026-09-29,2026-09-29,53800.00,CE,BANKNIFTY26SEP53800CE,0.00,0.00,0.00,5293.85,0.00,5293.85,56592.00,4171.30,0,0,0,0.00,0,F1,30,,,,,
2026-07-23,2026-07-23,FO,NSE,IDO,69696,,BANKNIFTY,,2026-09-29,2026-09-29,53600.00,CE,BANKNIFTY26SEP53600CE,0.00,0.00,0.00,5446.00,0.00,5446.00,56592.00,4317.10,0,0,0,0.00,0,F1,30,,,,,
2026-07-23,2026-07-23,FO,NSE,IDO,69688,,BANKNIFTY,,2026-09-29,2026-09-29,53200.00,CE,BANKNIFTY26SEP53200CE,0.00,0.00,0.00,5756.35,0.00,5756.35,56592.00,4620.35,0,0,0,0.00,0,F1,30,,,,,
2026-07-23,2026-07-23,FO,NSE,IDO,69686,,BANKNIFTY,,2026-09-29,2026-09-29,53100.00,CE,BANKNIFTY26SEP53100CE,0.00,0.00,0.00,5835.15,0.00,5835.15,56592.00,4697.70,0,0,0,0.00,0,F1,30,,,,,
2026-07-23,2026-07-23,FO,NSE,IDO,52268,,BANKNIFTY,,2026-09-29,2026-09-29,45000.00,CE,BANKNIFTY26SEP45000CE,0.00,0.00,0.00,12567.35,0.00,12567.35,56592.00,12148.25,0,0,0,0.00,0,F1,30,,,,,
2026-07-23,2026-07-23,FO,NSE,IDO,59340,,BANKNIFTY,,2026-08-25,2026-08-25,65000.00,CE,BANKNIFTY26AUG65000CE,10.15,14.25,7.35,8.50,8.55,10.75,56592.00,8.50,67140,-8610,1770,3451964028.00,623,F1,30,,,,,
2026-07-23,2026-07-23,FO,NSE,IDO,59178,,BANKNIFTY,,2026-08-25,2026-08-25,60200.00,CE,BANKNIFTY26AUG60200CE,0.00,0.00,0.00,880.55,0.00,880.55,56592.00,381.00,0,0,0,0.00,0,F1,30,,,,,
2026-07-23,2026-07-23,FO,NSE,IDO,59151,,BANKNIFTY,,2026-08-25,2026-08-25,59300.00,CE,BANKNIFTY26AUG59300CE,255.50,277.45,182.55,196.60,195.00,314.10,56592.00,196.60,8400,2640,292,521397688.50,207,F1,30,,,,,
2026-07-23,2026-07-23,FO,NSE,IDO,59136,,BANKNIFTY,,2026-08-25,2026-08-25,58700.00,CE,BANKNIFTY26AUG58700CE,380.00,430.00,290.00,320.55,317.55,495.55,56592.00,320.55,12660,3210,437,774004890.00,293,F1,30,,,,,
2026-07-23,2026-07-23,FO,NSE,IDO,59077,,BANKNIFTY,,2026-08-25,2026-08-25,56900.00,CE,BANKNIFTY26AUG56900CE,1200.45,1226.65,935.00,1022.35,1021.20,1307.45,56592.00,1022.35,5340,4080,519,902317116.00,399,F1,30,,,,,
2026-07-23,2026-07-23,FO,NSE,IDO,59022,,BANKNIFTY,,2026-08-25,2026-08-25,55700.00,CE,BANKNIFTY26AUG55700CE,0.00,0.00,0.00,2816.90,2816.90,2816.90,56592.00,2106.30,90,0,0,0.00,0,F1,30,,,,,
2026-07-23,2026-07-23,FO,NSE,IDF,68390,,BANKNIFTY,,2026-09-29,2026-09-29,,,BANKNIFTY26SEPFUT,57555.00,57741.40,57102.00,57314.80,57320.00,57899.20,56592.00,57314.80,125670,13650,1592,2742221136.00,1368,F1,30,,,,,
2026-07-23,2026-07-23,FO,NSE,IDO,61653,,BANKNIFTY,,2026-07-28,2026-07-28,48800.00,CE,BANKNIFTY26JUL48800CE,0.00,0.00,0.00,7535.90,0.00,7535.90,56592.00,7832.65,0,0,0,0.00,0,F1,30,,,,,
2026-07-23,2026-07-23,FO,NSE,IDO,61661,,BANKNIFTY,,2026-07-28,2026-07-28,49100.00,CE,BANKNIFTY26JUL49100CE,0.00,0.00,0.00,7271.60,0.00,7271.60,56592.00,7532.90,0,0,0,0.00,0,F1,30,,,,,
2026-07-23,2026-07-23,FO,NSE,IDO,61669,,BANKNIFTY,,2026-07-28,2026-07-28,49500.00,CE,BANKNIFTY26JUL49500CE,0.00,0.00,0.00,7650.00,7650.00,7650.00,56592.00,7133.25,1860,0,0,0.00,0,F1,30,,,,,
2026-07-23,2026-07-23,FO,NSE,IDO,61743,,BANKNIFTY,,2026-07-28,2026-07-28,52500.00,CE,BANKNIFTY26JUL52500CE,4478.55,4478.55,3999.00,4161.85,4175.25,4643.00,56592.00,4161.85,1800,-540,25,42502965.00,21,F1,30,,,,,
2026-07-23,2026-07-23,FO,NSE,IDO,61754,,BANKNIFTY,,2026-07-28,2026-07-28,52900.00,CE,BANKNIFTY26JUL52900CE,0.00,0.00,0.00,4504.15,4504.15,4504.15,56592.00,3737.15,150,0,0,0.00,0,F1,30,,,,,
2026-07-23,2026-07-23,FO,NSE,IDO,61801,,BANKNIFTY,,2026-07-28,2026-07-28,54500.00,CE,BANKNIFTY26JUL54500CE,2350.00,2500.00,1982.80,2194.95,2197.55,2583.55,56592.00,2194.95,13680,1050,215,365935867.50,130,F1,30,,,,,
2026-07-23,2026-07-23,FO,NSE,IDO,61826,,BANKNIFTY,,2026-07-28,2026-07-28,55600.00,CE,BANKNIFTY26JUL55600CE,1315.40,1450.00,970.30,1149.05,1149.05,1564.30,56592.00,1149.05,2580,960,344,585232311.00,303,F1,30,,,,,
2026-07-23,2026-07-23,FO,NSE,IDO,61831,,BANKNIFTY,,2026-07-28,2026-07-28,55800.00,CE,BANKNIFTY26JUL55800CE,1120.00,1260.65,818.00,976.05,980.00,1428.75,56592.00,976.05,5160,1170,620,1055727012.00,483,F1,30,,,,,
2026-07-23,2026-07-23,FO,NSE,IDO,61911,,BANKNIFTY,,2026-07-28,2026-07-28,58800.00,CE,BANKNIFTY26JUL58800CE,29.75,31.30,15.05,15.90,15.55,45.05,56592.00,15.90,164580,-23580,28706,50655233446.50,15605,F1,30,,,,,
2026-07-23,2026-07-23,FO,NSE,IDO,61813,,BANKNIFTY,,2026-07-28,2026-07-28,55100.00,CE,BANKNIFTY26JUL55100CE,1719.05,1918.00,1391.95,1447.55,1447.55,2043.00,56592.00,1628.75,2730,-1500,64,108841228.50,18,F1,30,,,,,
2026-07-23,2026-07-23,FO,NSE,IDO,61817,,BANKNIFTY,,2026-07-28,2026-07-28,55300.00,CE,BANKNIFTY26JUL55300CE,1234.95,1362.00,1234.95,1290.85,1290.85,1874.15,56592.00,1459.05,3600,-180,23,39055926.00,18,F1,30,,,,,
2026-07-23,2026-07-23,FO,NSE,IDO,61833,,BANKNIFTY,,2026-07-28,2026-07-28,55900.00,CE,BANKNIFTY26JUL55900CE,1030.00,1204.80,740.00,897.10,895.15,1331.70,56592.00,897.10,3930,1410,508,865151478.00,406,F1,30,,,,,
2026-07-23,2026-07-23,FO,NSE,IDO,61851,,BANKNIFTY,,2026-07-28,2026-07-28,56600.00,CE,BANKNIFTY26JUL56600CE,599.00,668.25,328.75,416.65,420.00,809.55,56592.00,416.65,167250,144960,91212,156040985589.00,64875,F1,30,,,,,
2026-07-23,2026-07-23,FO,NSE,IDO,61937,,BANKNIFTY,,2026-07-28,2026-07-28,59400.00,CE,BANKNIFTY26JUL59400CE,14.05,14.75,8.05,9.15,8.45,20.00,56592.00,9.15,59640,-12480,13252,23619680197.50,7742,F1,30,,,,,
2026-07-23,2026-07-23,FO,NSE,IDO,61957,,BANKNIFTY,,2026-07-28,2026-07-28,60000.00,CE,BANKNIFTY26JUL60000CE,8.05,10.05,5.00,5.70,5.05,11.65,56592.00,5.70,2086410,1800,145621,262152457183.50,50224,F1,30,,,,,
2026-07-23,2026-07-23,FO,NSE,IDO,61991,,BANKNIFTY,,2026-07-28,2026-07-28,60800.00,CE,BANKNIFTY26JUL60800CE,5.05,7.40,3.65,4.40,4.40,6.70,56592.00,4.40,16920,-19470,2818,5140518153.00,1472,F1,30,,,,,
2026-07-23,2026-07-23,FO,NSE,IDO,62048,,BANKNIFTY,,2026-07-28,2026-07-28,62400.00,CE,BANKNIFTY26JUL62400CE,4.00,5.15,2.55,2.90,2.90,4.50,56592.00,2.90,6930,2580,381,713279407.50,100,F1,30,,,,,
2026-07-23,2026-07-23,FO,NSE,IDO,62071,,BANKNIFTY,,2026-07-28,2026-07-28,62900.00,CE,BANKNIFTY26JUL62900CE,2.55,4.90,2.35,2.65,2.60,2.85,56592.00,2.65,4050,1410,316,596325448.50,121,F1,30,,,,,
2026-07-23,2026-07-23,FO,NSE,IDO,58778,,BANKNIFTY,,2026-08-25,2026-08-25,48500.00,CE,BANKNIFTY26AUG48500CE,0.00,0.00,0.00,7539.00,0.00,7539.00,56592.00,8386.90,0,0,0,0.00,0,F1,30,,,,,
2026-07-23,2026-07-23,FO,NSE,IDO,58838,,BANKNIFTY,,2026-08-25,2026-08-25,49400.00,CE,BANKNIFTY26AUG49400CE,0.00,0.00,0.00,6755.05,0.00,6755.05,56592.00,7500.70,0,0,0,0.00,0,F1,30,,,,,
2026-07-23,2026-07-23,FO,NSE,IDO,58864,,BANKNIFTY,,2026-08-25,2026-08-25,50400.00,CE,BANKNIFTY26AUG50400CE,0.00,0.00,0.00,5922.40,0.00,5922.40,56592.00,6527.00,0,0,0,0.00,0,F1,30,,,,,
2026-07-23,2026-07-23,FO,NSE,IDO,58870,,BANKNIFTY,,2026-08-25,2026-08-25,50600.00,CE,BANKNIFTY26AUG50600CE,0.00,0.00,0.00,5761.40,0.00,5761.40,56592.00,6334.40,0,0,0,0.00,0,F1,30,,,,,
2026-07-23,2026-07-23,FO,NSE,IDO,58878,,BANKNIFTY,,2026-08-25,2026-08-25,51000.00,CE,BANKNIFTY26AUG51000CE,6145.00,6169.25,5674.10,5870.85,5839.55,6380.00,56592.00,5870.85,4590,1110,58,98932233.00,48,F1,30,,,,,
2026-07-23,2026-07-23,FO,NSE,IDO,58880,,BANKNIFTY,,2026-08-25,2026-08-25,51100.00,CE,BANKNIFTY26AUG51100CE,0.00,0.00,0.00,5367.50,0.00,5367.50,56592.00,5857.15,0,0,0,0.00,0,F1,30,,,,,
2026-07-23,2026-07-23,FO,NSE,IDO,58882,,BANKNIFTY,,2026-08-25,2026-08-25,51200.00,CE,BANKNIFTY26AUG51200CE,0.00,0.00,0.00,5290.25,0.00,5290.25,56592.00,5762.55,0,0,0,0.00,0,F1,30,,,,,
2026-07-23,2026-07-23,FO,NSE,IDO,58994,,BANKNIFTY,,2026-08-25,2026-08-25,54600.00,CE,BANKNIFTY26AUG54600CE,0.00,0.00,0.00,3000.00,3000.00,3000.00,56592.00,2853.30,90,0,0,0.00,0,F1,30,,,,,
2026-07-23,2026-07-23,FO,NSE,IDO,59008,,BANKNIFTY,,2026-08-25,2026-08-25,55200.00,CE,BANKNIFTY26AUG55200CE,2122.15,2125.30,2122.15,2125.30,2125.30,3475.05,56592.00,2429.40,210,120,5,8598606.00,4,F1,30,,,,,
2026-07-23,2026-07-23,FO,NSE,IDO,59012,,BANKNIFTY,,2026-08-25,2026-08-25,55400.00,CE,BANKNIFTY26AUG55400CE,0.00,0.00,0.00,2590.35,0.00,2590.35,56592.00,2297.00,0,0,0,0.00,0,F1,30,,,,,
2026-07-23,2026-07-23,FO,NSE,IDO,59025,,BANKNIFTY,,2026-08-25,2026-08-25,55800.00,CE,BANKNIFTY26AUG55800CE,0.00,0.00,0.00,2103.95,2103.95,2103.95,56592.00,2044.90,120,0,0,0.00,0,F1,30,,,,,
2026-07-23,2026-07-23,FO,NSE,IDO,59038,,BANKNIFTY,,2026-08-25,2026-08-25,56000.00,CE,BANKNIFTY26AUG56000CE,1810.00,1810.00,1434.60,1550.55,1552.75,1942.30,56592.00,1550.55,64740,28260,2720,4696095168.00,2102,F1,30,,,,,
2026-07-23,2026-07-23,FO,NSE,IDO,59094,,BANKNIFTY,,2026-08-25,2026-08-25,57700.00,CE,BANKNIFTY26AUG57700CE,772.00,808.50,590.00,653.20,645.20,914.40,56592.00,653.20,29280,2250,546,956199031.50,394,F1,30,,,,,
2026-07-23,2026-07-23,FO,NSE,IDO,59124,,BANKNIFTY,,2026-08-25,2026-08-25,58400.00,CE,BANKNIFTY26AUG58400CE,490.65,527.55,366.65,400.85,400.00,602.20,56592.00,400.85,11160,3300,451,796083058.50,352,F1,30,,,,,
2026-07-23,2026-07-23,FO,NSE,IDO,59163,,BANKNIFTY,,2026-08-25,2026-08-25,59800.00,CE,BANKNIFTY26AUG59800CE,165.00,188.70,123.10,132.40,130.50,212.95,56592.00,132.40,13200,2430,574,1032256701.00,318,F1,30,,,,,
2026-07-23,2026-07-23,FO,NSE,IDO,59165,,BANKNIFTY,,2026-08-25,2026-08-25,59900.00,CE,BANKNIFTY26AUG59900CE,0.00,0.00,0.00,949.50,0.00,949.50,56592.00,437.80,0,0,0,0.00,0,F1,30,,,,,
2026-07-23,2026-07-23,FO,NSE,IDO,59230,,BANKNIFTY,,2026-08-25,2026-08-25,61300.00,CE,BANKNIFTY26AUG61300CE,0.00,0.00,0.00,658.70,0.00,658.70,56592.00,221.70,0,0,0,0.00,0,F1,30,,,,,
2026-07-23,2026-07-23,FO,NSE,IDO,59312,,BANKNIFTY,,2026-08-25,2026-08-25,63800.00,CE,BANKNIFTY26AUG63800CE,0.00,0.00,0.00,324.25,0.00,324.25,56592.00,53.85,0,0,0,0.00,0,F1,30,,,,,
2026-07-23,2026-07-23,FO,NSE,IDO,69564,,BANKNIFTY,,2026-09-29,2026-09-29,50000.00,CE,BANKNIFTY26SEP50000CE,0.00,0.00,0.00,8500.00,8500.00,8500.00,56592.00,7344.55,90,0,0,0.00,0,F1,30,,,,,
2026-07-23,2026-07-23,FO,NSE,IDO,69656,,BANKNIFTY,,2026-09-29,2026-09-29,51500.00,CE,BANKNIFTY26SEP51500CE,0.00,0.00,0.00,7157.85,0.00,7157.85,56592.00,6010.10,0,0,0,0.00,0,F1,30,,,,,
2026-07-23,2026-07-23,FO,NSE,IDO,69694,,BANKNIFTY,,2026-09-29,2026-09-29,53500.00,CE,BANKNIFTY26SEP53500CE,0.00,0.00,0.00,5522.80,0.00,5522.80,56592.00,4391.95,0,0,0,0.00,0,F1,30,,,,,
2026-07-23,2026-07-23,FO,NSE,IDO,69704,,BANKNIFTY,,2026-09-29,2026-09-29,54100.00,CE,BANKNIFTY26SEP54100CE,0.00,0.00,0.00,5069.65,0.00,5069.65,56592.00,3954.00,0,0,0,0.00,0,F1,30,,,,,
2026-07-23,2026-07-23,FO,NSE,IDO,52297,,BANKNIFTY,,2026-09-29,2026-09-29,55500.00,CE,BANKNIFTY26SEP55500CE,2700.00,2776.00,2344.05,2440.00,2445.05,2902.15,56592.00,2440.00,15690,-1590,90,156515683.50,46,F1,30,,,,,
2026-07-23,2026-07-23,FO,NSE,IDO,69785,,BANKNIFTY,,2026-09-29,2026-09-29,55900.00,CE,BANKNIFTY26SEP55900CE,0.00,0.00,0.00,3831.40,0.00,3831.40,56592.00,2784.00,0,0,0,0.00,0,F1,30,,,,,
2026-07-23,2026-07-23,FO,NSE,IDO,69793,,BANKNIFTY,,2026-09-29,2026-09-29,56100.00,CE,BANKNIFTY26SEP56100CE,0.00,0.00,0.00,3705.95,0.00,3705.95,56592.00,2669.05,0,0,0,0.00,0,F1,30,,,,,
2026-07-23,2026-07-23,FO,NSE,IDO,69845,,BANKNIFTY,,2026-09-29,2026-09-29,58200.00,CE,BANKNIFTY26SEP58200CE,1092.60,1092.60,851.35,975.00,975.00,1297.85,56592.00,1645.80,2010,1560,77,136824427.50,24,F1,30,,,,,
2026-07-23,2026-07-23,FO,NSE,IDO,70017,,BANKNIFTY,,2026-09-29,2026-09-29,60400.00,CE,BANKNIFTY26SEP60400CE,0.00,0.00,0.00,1622.05,0.00,1622.05,56592.00,914.05,0,0,0,0.00,0,F1,30,,,,,
2026-07-23,2026-07-23,FO,NSE,IDO,70078,,BANKNIFTY,,2026-09-29,2026-09-29,62100.00,CE,BANKNIFTY26SEP62100CE,0.00,0.00,0.00,1102.75,0.00,1102.75,56592.00,548.85,0,0,0,0.00,0,F1,30,,,,,
2026-07-23,2026-07-23,FO,NSE,IDO,70246,,BANKNIFTY,,2026-09-29,2026-09-29,65500.00,CE,BANKNIFTY26SEP65500CE,0.00,0.00,0.00,462.70,0.00,462.70,56592.00,170.30,0,0,0,0.00,0,F1,30,,,,,
2026-07-23,2026-07-23,FO,NSE,IDO,53226,,BANKNIFTY,,2026-12-29,2026-12-29,55500.00,CE,BANKNIFTY26DEC55500CE,0.00,0.00,0.00,7987.45,0.00,7987.45,56592.00,4571.10,0,0,0,0.00,0,F1,30,,,,,
2026-07-23,2026-07-23,FO,NSE,IDO,70804,,BANKNIFTY,,2027-06-29,2027-06-29,66000.00,CE,BANKNIFTY27JUN66000CE,0.00,0.00,0.00,3102.40,0.00,3102.40,56592.00,2552.05,0,0,0,0.00,0,F1,30,,,,,
2026-07-23,2026-07-23,FO,NSE,IDO,61640,,BANKNIFTY,,2026-07-28,2026-07-28,48200.00,PE,BANKNIFTY26JUL48200PE,3.15,3.85,2.55,3.85,3.85,2.65,56592.00,0.00,5790,30,12,17353045.50,10,F1,30,,,,,
2026-07-23,2026-07-23,FO,NSE,IDO,61676,,BANKNIFTY,,2026-07-28,2026-07-28,49700.00,PE,BANKNIFTY26JUL49700PE,0.00,0.00,0.00,3.35,3.35,3.35,56592.00,0.00,570,0,0,0.00,0,F1,30,,,,,
2026-07-23,2026-07-23,FO,NSE,IDO,61707,,BANKNIFTY,,2026-07-28,2026-07-28,51000.00,PE,BANKNIFTY26JUL51000PE,2.85,4.25,2.35,3.30,2.80,3.35,56592.00,3.30,149010,-12600,4109,6287179264.50,1504,F1,30,,,,,
2026-07-23,2026-07-23,FO,NSE,IDO,61718,,BANKNIFTY,,2026-07-28,2026-07-28,51500.00,PE,BANKNIFTY26JUL51500PE,3.90,7.60,2.60,2.95,2.75,3.85,56592.00,2.95,77490,720,3915,6049049778.00,1532,F1,30,,,,,
2026-07-23,2026-07-23,FO,NSE,IDO,61751,,BANKNIFTY,,2026-07-28,2026-07-28,52700.00,PE,BANKNIFTY26JUL52700PE,5.10,10.40,3.15,3.70,3.15,5.10,56592.00,3.70,9750,5190,379,599246245.50,281,F1,30,,,,,
2026-07-23,2026-07-23,FO,NSE,IDO,61757,,BANKNIFTY,,2026-07-28,2026-07-28,53000.00,PE,BANKNIFTY26JUL53000PE,5.15,6.40,3.80,4.55,3.90,5.60,56592.00,4.55,539910,133140,26910,42791104528.50,11141,F1,30,,,,,
2026-07-23,2026-07-23,FO,NSE,IDO,61808,,BANKNIFTY,,2026-07-28,2026-07-28,54800.00,PE,BANKNIFTY26JUL54800PE,19.35,33.85,13.40,19.80,17.95,17.60,56592.00,19.80,132660,72810,15718,25851682858.50,7113,F1,30,,,,,
2026-07-23,2026-07-23,FO,NSE,IDO,61838,,BANKNIFTY,,2026-07-28,2026-07-28,56100.00,PE,BANKNIFTY26JUL56100PE,160.75,260.75,106.60,165.95,159.95,114.70,56592.00,165.95,136080,22020,40637,68611401898.50,29920,F1,30,,,,,
2026-07-23,2026-07-23,FO,NSE,IDO,61842,,BANKNIFTY,,2026-07-28,2026-07-28,56300.00,PE,BANKNIFTY26JUL56300PE,242.55,341.50,145.85,225.70,225.35,150.10,56592.00,225.70,168030,77190,68209,115711446276.00,51917,F1,30,,,,,
2026-07-23,2026-07-23,FO,NSE,IDO,61940,,BANKNIFTY,,2026-07-28,2026-07-28,59500.00,PE,BANKNIFTY26JUL59500PE,2648.05,3030.00,2500.00,2806.10,2831.70,2337.70,56592.00,2806.10,26610,-5340,276,515701672.50,132,F1,30,,,,,
2026-07-23,2026-07-23,FO,NSE,IDO,61966,,BANKNIFTY,,2026-07-28,2026-07-28,60200.00,PE,BANKNIFTY26JUL60200PE,0.00,0.00,0.00,1825.00,1825.00,1825.00,56592.00,3561.00,330,0,0,0.00,0,F1,30,,,,,
2026-07-23,2026-07-23,FO,NSE,IDO,62040,,BANKNIFTY,,2026-07-28,2026-07-28,62200.00,PE,BANKNIFTY26JUL62200PE,5539.95,5757.20,5539.95,5757.20,5757.20,4012.05,56592.00,5556.25,780,-1020,34,69249036.00,10,F1,30,,,,,
2026-07-23,2026-07-23,FO,NSE,IDO,62042,,BANKNIFTY,,2026-07-28,2026-07-28,62300.00,PE,BANKNIFTY26JUL62300PE,0.00,0.00,0.00,6554.05,0.00,6554.05,56592.00,5656.15,0,0,0,0.00,0,F1,30,,,,,
2026-07-23,2026-07-23,FO,NSE,IDO,62144,,BANKNIFTY,,2026-07-28,2026-07-28,65500.00,PE,BANKNIFTY26JUL65500PE,8575.00,9018.25,8520.00,9018.25,9018.25,8400.00,56592.00,8853.50,5640,-480,16,35600578.50,15,F1,30,,,,,
2026-07-23,2026-07-23,FO,NSE,IDO,58719,,BANKNIFTY,,2026-08-25,2026-08-25,46500.00,PE,BANKNIFTY26AUG46500PE,17.40,17.40,17.40,17.40,17.40,15.30,56592.00,0.60,330,0,5,6977610.00,3,F1,30,,,,,
2026-07-23,2026-07-23,FO,NSE,IDO,58813,,BANKNIFTY,,2026-08-25,2026-08-25,49000.00,PE,BANKNIFTY26AUG49000PE,19.20,22.40,18.05,19.40,18.50,17.90,56592.00,19.40,23040,-120,339,498536622.00,174,F1,30,,,,,
2026-07-23,2026-07-23,FO,NSE,IDO,58935,,BANKNIFTY,,2026-08-25,2026-08-25,52700.00,PE,BANKNIFTY26AUG52700PE,74.15,116.05,73.95,99.25,100.05,71.95,56592.00,99.25,6720,1290,114,180557775.00,45,F1,30,,,,,
2026-07-23,2026-07-23,FO,NSE,IDO,58975,,BANKNIFTY,,2026-08-25,2026-08-25,53800.00,PE,BANKNIFTY26AUG53800PE,149.10,230.10,145.80,190.65,188.75,136.85,56592.00,190.65,4890,1410,116,187892404.50,82,F1,30,,,,,
2026-07-23,2026-07-23,FO,NSE,IDO,59082,,BANKNIFTY,,2026-08-25,2026-08-25,57100.00,PE,BANKNIFTY26AUG57100PE,930.00,1226.45,900.00,1088.75,1092.95,853.30,56592.00,1088.75,7110,120,396,691037055.00,274,F1,30,,,,,
2026-07-23,2026-07-23,FO,NSE,IDO,59125,,BANKNIFTY,,2026-08-25,2026-08-25,58400.00,PE,BANKNIFTY26AUG58400PE,1708.75,1985.65,1708.75,1882.15,1882.15,1506.00,56592.00,2290.20,5640,0,9,16262677.50,9,F1,30,,,,,
2026-07-23,2026-07-23,FO,NSE,IDO,59146,,BANKNIFTY,,2026-08-25,2026-08-25,59000.00,PE,BANKNIFTY26AUG59000PE,2102.85,2496.15,2005.00,2288.50,2307.75,1910.25,56592.00,2288.50,322440,215190,9427,17327425117.50,6412,F1,30,,,,,
2026-07-23,2026-07-23,FO,NSE,IDO,59154,,BANKNIFTY,,2026-08-25,2026-08-25,59400.00,PE,BANKNIFTY26AUG59400PE,0.00,0.00,0.00,2258.60,2258.60,2258.60,56592.00,3003.65,5010,0,0,0.00,0,F1,30,,,,,
2026-07-23,2026-07-23,FO,NSE,IDO,59164,,BANKNIFTY,,2026-08-25,2026-08-25,59800.00,PE,BANKNIFTY26AUG59800PE,0.00,0.00,0.00,2597.35,2597.35,2597.35,56592.00,3309.90,510,0,0,0.00,0,F1,30,,,,,
2026-07-23,2026-07-23,FO,NSE,IDO,59171,,BANKNIFTY,,2026-08-25,2026-08-25,60100.00,PE,BANKNIFTY26AUG60100PE,0.00,0.00,0.00,3042.60,3042.60,3042.60,56592.00,3549.10,180,0,0,0.00,0,F1,30,,,,,
2026-07-23,2026-07-23,FO,NSE,IDO,59227,,BANKNIFTY,,2026-08-25,2026-08-25,61100.00,PE,BANKNIFTY26AUG61100PE,0.00,0.00,0.00,2857.65,2857.65,2857.65,56592.00,4389.50,60,0,0,0.00,0,F1,30,,,,,
2026-07-23,2026-07-23,FO,NSE,IDO,59245,,BANKNIFTY,,2026-08-25,2026-08-25,61500.00,PE,BANKNIFTY26AUG61500PE,4700.00,4750.00,4680.00,4680.00,4680.00,4021.25,56592.00,4741.40,780,330,11,21844200.00,5,F1,30,,,,,
2026-07-23,2026-07-23,FO,NSE,IDO,59281,,BANKNIFTY,,2026-08-25,2026-08-25,62800.00,PE,BANKNIFTY26AUG62800PE,0.00,0.00,0.00,7213.70,0.00,7213.70,56592.00,5931.60,0,0,0,0.00,0,F1,30,,,,,
2026-07-23,2026-07-23,FO,NSE,IDO,59297,,BANKNIFTY,,2026-08-25,2026-08-25,63300.00,PE,BANKNIFTY26AUG63300PE,0.00,0.00,0.00,7647.80,0.00,7647.80,56592.00,6403.75,0,0,0,0.00,0,F1,30,,,,,
2026-07-23,2026-07-23,FO,NSE,IDO,52273,,BANKNIFTY,,2026-09-29,2026-09-29,48000.00,PE,BANKNIFTY26SEP48000PE,48.00,54.40,41.20,54.40,54.40,45.00,56592.00,45.60,20190,-870,102,147020664.00,18,F1,30,,,,,
2026-07-23,2026-07-23,FO,NSE,IDO,69565,,BANKNIFTY,,2026-09-29,2026-09-29,50000.00,PE,BANKNIFTY26SEP50000PE,66.15,85.05,66.15,79.50,80.95,69.20,56592.00,79.50,4650,1320,89,133712326.50,37,F1,30,,,,,
2026-07-23,2026-07-23,FO,NSE,IDO,69667,,BANKNIFTY,,2026-09-29,2026-09-29,52000.00,PE,BANKNIFTY26SEP52000PE,153.60,190.00,123.05,169.25,174.00,136.50,56592.00,169.25,13380,3180,321,502413408.00,185,F1,30,,,,,
2026-07-23,2026-07-23,FO,NSE,IDO,69673,,BANKNIFTY,,2026-09-29,2026-09-29,52300.00,PE,BANKNIFTY26SEP52300PE,0.00,0.00,0.00,437.60,0.00,437.60,56592.00,405.10,0,0,0,0.00,0,F1,30,,,,,
2026-07-23,2026-07-23,FO,NSE,IDO,69681,,BANKNIFTY,,2026-09-29,2026-09-29,52800.00,PE,BANKNIFTY26SEP52800PE,0.00,0.00,0.00,521.75,0.00,521.75,56592.00,495.10,0,0,0,0.00,0,F1,30,,,,,
2026-07-23,2026-07-23,FO,NSE,IDO,69693,,BANKNIFTY,,2026-09-29,2026-09-29,53400.00,PE,BANKNIFTY26SEP53400PE,0.00,0.00,0.00,638.15,0.00,638.15,56592.00,621.90,0,0,0,0.00,0,F1,30,,,,,
2026-07-23,2026-07-23,FO,NSE,IDO,52335,,BANKNIFTY,,2026-09-29,2026-09-29,57000.00,PE,BANKNIFTY26SEP57000PE,1124.55,1305.00,1033.75,1193.55,1206.80,984.20,56592.00,1193.55,115860,-5220,1157,2019062128.50,680,F1,30,,,,,
2026-07-23,2026-07-23,FO,NSE,IDO,69821,,BANKNIFTY,,2026-09-29,2026-09-29,57400.00,PE,BANKNIFTY26SEP57400PE,0.00,0.00,0.00,1929.10,0.00,1929.10,56592.00,2101.70,0,0,0,0.00,0,F1,30,,,,,
2026-07-23,2026-07-23,FO,NSE,IDO,69916,,BANKNIFTY,,2026-09-29,2026-09-29,59300.00,PE,BANKNIFTY26SEP59300PE,0.00,0.00,0.00,2892.60,0.00,2892.60,56592.00,3221.75,0,0,0,0.00,0,F1,30,,,,,
2026-07-23,2026-07-23,FO,NSE,IDO,69945,,BANKNIFTY,,2026-09-29,2026-09-29,59500.00,PE,BANKNIFTY26SEP59500PE,2500.00,2707.60,2500.00,2707.60,2707.60,2298.05,56592.00,3354.35,420,-30,3,5586228.00,3,F1,30,,,,,
2026-07-23,2026-07-23,FO,NSE,IDO,70034,,BANKNIFTY,,2026-09-29,2026-09-29,61200.00,PE,BANKNIFTY26SEP61200PE,0.00,0.00,0.00,4076.75,0.00,4076.75,56592.00,4582.80,0,0,0,0.00,0,F1,30,,,,,
2026-07-23,2026-07-23,FO,NSE,IDO,70090,,BANKNIFTY,,2026-09-29,2026-09-29,62600.00,PE,BANKNIFTY26SEP62600PE,0.00,0.00,0.00,5077.95,0.00,5077.95,56592.00,5709.65,0,0,0,0.00,0,F1,30,,,,,
2026-07-23,2026-07-23,FO,NSE,IDO,70094,,BANKNIFTY,,2026-09-29,2026-09-29,62800.00,PE,BANKNIFTY26SEP62800PE,0.00,0.00,0.00,5228.65,0.00,5228.65,56592.00,5877.70,0,0,0,0.00,0,F1,30,,,,,
2026-07-23,2026-07-23,FO,NSE,IDO,52405,,BANKNIFTY,,2026-09-29,2026-09-29,63000.00,PE,BANKNIFTY26SEP63000PE,0.00,0.00,0.00,4310.00,4310.00,4310.00,56592.00,6047.35,90,0,0,0.00,0,F1,30,,,,,
2026-07-23,2026-07-23,FO,NSE,IDO,70108,,BANKNIFTY,,2026-09-29,2026-09-29,63600.00,PE,BANKNIFTY26SEP63600PE,0.00,0.00,0.00,5845.90,0.00,5845.90,56592.00,6565.10,0,0,0,0.00,0,F1,30,,,,,
2026-07-23,2026-07-23,FO,NSE,IDO,70247,,BANKNIFTY,,2026-09-29,2026-09-29,65500.00,PE,BANKNIFTY26SEP65500PE,0.00,0.00,0.00,7415.10,0.00,7415.10,56592.00,8276.65,0,0,0,0.00,0,F1,30,,,,,
2026-07-23,2026-07-23,FO,NSE,IDO,61683,,BANKNIFTY,,2026-07-28,2026-07-28,50100.00,CE,BANKNIFTY26JUL50100CE,0.00,0.00,0.00,6415.15,0.00,6415.15,56592.00,6533.75,0,0,0,0.00,0,F1,30,,,,,
2026-07-23,2026-07-23,FO,NSE,IDO,61651,,BANKNIFTY,,2026-07-28,2026-07-28,48700.00,CE,BANKNIFTY26JUL48700CE,0.00,0.00,0.00,7624.65,0.00,7624.65,56592.00,7932.55,0,0,0,0.00,0,F1,30,,,,,
2026-07-23,2026-07-23,FO,NSE,IDO,61599,,BANKNIFTY,,2026-07-28,2026-07-28,46500.00,CE,BANKNIFTY26JUL46500CE,0.00,0.00,0.00,11654.00,11654.00,11654.00,56592.00,10130.75,1380,0,0,0.00,0,F1,30,,,,,
2026-07-23,2026-07-23,FO,NSE,IDF,61088,,BANKNIFTY,,2026-07-28,2026-07-28,,,BANKNIFTY26JULFUT,56900.20,57040.00,56451.00,56665.40,56673.80,57198.60,56592.00,56665.40,1805580,-186270,21736,36976730112.00,15121,F1,30,,,,,
2026-07-23,2026-07-23,FO,NSE,IDO,61699,,BANKNIFTY,,2026-07-28,2026-07-28,50700.00,CE,BANKNIFTY26JUL50700CE,0.00,0.00,0.00,5921.60,0.00,5921.60,56592.00,5934.25,0,0,0,0.00,0,F1,30,,,,,
2026-07-23,2026-07-23,FO,NSE,IDO,61704,,BANKNIFTY,,2026-07-28,2026-07-28,50900.00,CE,BANKNIFTY26JUL50900CE,0.00,0.00,0.00,5760.85,0.00,5760.85,56592.00,5734.40,0,0,0,0.00,0,F1,30,,,,,
2026-07-23,2026-07-23,FO,NSE,IDO,61714,,BANKNIFTY,,2026-07-28,2026-07-28,51400.00,CE,BANKNIFTY26JUL51400CE,0.00,0.00,0.00,5367.65,0.00,5367.65,56592.00,5234.80,0,0,0,0.00,0,F1,30,,,,,
2026-07-23,2026-07-23,FO,NSE,IDO,76390,,BANKNIFTY,,2027-03-30,2027-03-30,51000.00,CE,BANKNIFTY27MAR51000CE,0.00,0.00,0.00,5420.45,0.00,5420.45,56592.00,8837.80,0,0,0,0.00,0,F1,30,,,,,
2026-07-23,2026-07-23,FO,NSE,IDO,70032,,BANKNIFTY,,2026-09-29,2026-09-29,61100.00,PE,BANKNIFTY26SEP61100PE,0.00,0.00,0.00,4009.30,0.00,4009.30,56592.00,4505.95,0,0,0,0.00,0,F1,30,,,,,
2026-07-23,2026-07-23,FO,NSE,IDO,76434,,BANKNIFTY,,2027-03-30,2027-03-30,66000.00,PE,BANKNIFTY27MAR66000PE,0.00,0.00,0.00,12012.15,0.00,12012.15,56592.00,8170.70,0,0,0,0.00,0,F1,30,,,,,
2026-07-23,2026-07-23,FO,NSE,IDO,61629,,BANKNIFTY,,2026-07-28,2026-07-28,47700.00,CE,BANKNIFTY26JUL47700CE,0.00,0.00,0.00,8529.15,0.00,8529.15,56592.00,8931.75,0,0,0,0.00,0,F1,30,,,,,
2026-07-23,2026-07-23,FO,NSE,IDO,61633,,BANKNIFTY,,2026-07-28,2026-07-28,47900.00,CE,BANKNIFTY26JUL47900CE,0.00,0.00,0.00,8346.00,0.00,8346.00,56592.00,8731.90,0,0,0,0.00,0,F1,30,,,,,
2026-07-23,2026-07-23,FO,NSE,IDO,61635,,BANKNIFTY,,2026-07-28,2026-07-28,48000.00,CE,BANKNIFTY26JUL48000CE,8858.45,8978.75,8450.00,8580.00,8580.00,9100.00,56592.00,8632.00,3330,-1530,62,105708195.00,54,F1,30,,,,,
2026-07-23,2026-07-23,FO,NSE,IDO,61657,,BANKNIFTY,,2026-07-28,2026-07-28,49000.00,CE,BANKNIFTY26JUL49000CE,7897.50,7975.70,7607.40,7607.40,7607.40,8362.00,56592.00,7632.80,540,-480,18,30730122.00,17,F1,30,,,,,
2026-07-23,2026-07-23,FO,NSE,IDO,61679,,BANKNIFTY,,2026-07-28,2026-07-28,49900.00,CE,BANKNIFTY26JUL49900CE,0.00,0.00,0.00,6583.20,0.00,6583.20,56592.00,6733.55,0,0,0,0.00,0,F1,30,,,,,
2026-07-23,2026-07-23,FO,NSE,IDO,61695,,BANKNIFTY,,2026-07-28,2026-07-28,50500.00,CE,BANKNIFTY26JUL50500CE,6300.00,6300.00,6300.00,6300.00,6300.00,6887.90,56592.00,6134.05,390,0,1,1704000.00,1,F1,30,,,,,
2026-07-23,2026-07-23,FO,NSE,IDO,61768,,BANKNIFTY,,2026-07-28,2026-07-28,53600.00,CE,BANKNIFTY26JUL53600CE,0.00,0.00,0.00,3983.50,3983.50,3983.50,56592.00,3042.55,600,0,0,0.00,0,F1,30,,,,,
2026-07-23,2026-07-23,FO,NSE,IDO,61803,,BANKNIFTY,,2026-07-28,2026-07-28,54600.00,CE,BANKNIFTY26JUL54600CE,0.00,0.00,0.00,2495.00,2495.00,2495.00,56592.00,2078.60,1350,0,0,0.00,0,F1,30,,,,,
2026-07-23,2026-07-23,FO,NSE,IDO,61809,,BANKNIFTY,,2026-07-28,2026-07-28,54900.00,CE,BANKNIFTY26JUL54900CE,1960.70,1960.70,1599.70,1599.70,1599.70,3102.05,56592.00,1804.75,390,-90,5,8517546.00,3,F1,30,,,,,
2026-07-23,2026-07-23,FO,NSE,IDO,61853,,BANKNIFTY,,2026-07-28,2026-07-28,56700.00,CE,BANKNIFTY26JUL56700CE,588.00,603.40,287.85,365.35,368.95,731.30,56592.00,365.35,208170,153120,110174,188761166733.00,79745,F1,30,,,,,
2026-07-23,2026-07-23,FO,NSE,IDO,61871,,BANKNIFTY,,2026-07-28,2026-07-28,57200.00,CE,BANKNIFTY26JUL57200CE,320.00,332.00,139.95,170.45,174.00,444.30,56592.00,170.45,278250,93780,58795,101270756899.50,43019,F1,30,,,,,
2026-07-23,2026-07-23,FO,NSE,IDO,61893,,BANKNIFTY,,2026-07-28,2026-07-28,58200.00,CE,BANKNIFTY26JUL58200CE,84.90,84.90,32.55,34.15,34.35,113.70,56592.00,34.15,424380,-6480,46136,80616872902.50,27671,F1,30,,,,,
2026-07-23,2026-07-23,FO,NSE,IDO,61901,,BANKNIFTY,,2026-07-28,2026-07-28,58500.00,CE,BANKNIFTY26JUL58500CE,52.00,52.00,21.15,22.75,23.30,72.00,56592.00,22.75,1269660,112110,139880,245612448738.00,62373,F1,30,,,,,
2026-07-23,2026-07-23,FO,NSE,IDO,61905,,BANKNIFTY,,2026-07-28,2026-07-28,58700.00,CE,BANKNIFTY26JUL58700CE,36.00,36.00,16.90,18.05,18.00,52.55,56592.00,18.05,244590,15750,27274,48048538692.00,14270,F1,30,,,,,
2026-07-23,2026-07-23,FO,NSE,IDO,61939,,BANKNIFTY,,2026-07-28,2026-07-28,59500.00,CE,BANKNIFTY26JUL59500CE,12.00,15.60,7.15,8.15,7.65,17.75,56592.00,8.15,683970,-29160,93325,166615131430.50,36772,F1,30,,,,,
2026-07-23,2026-07-23,FO,NSE,IDO,61989,,BANKNIFTY,,2026-07-28,2026-07-28,60700.00,CE,BANKNIFTY26JUL60700CE,5.20,7.60,4.10,4.50,4.15,7.20,56592.00,4.50,35820,-5940,6431,11712023016.00,3083,F1,30,,,,,
2026-07-23,2026-07-23,FO,NSE,IDO,62075,,BANKNIFTY,,2026-07-28,2026-07-28,63100.00,CE,BANKNIFTY26JUL63100CE,2.80,4.80,2.10,2.90,2.90,2.80,56592.00,2.90,5550,2550,284,537642444.00,93,F1,30,,,,,
2026-07-23,2026-07-23,FO,NSE,IDO,62083,,BANKNIFTY,,2026-07-28,2026-07-28,63400.00,CE,BANKNIFTY26JUL63400CE,2.90,4.05,2.20,2.80,3.60,2.45,56592.00,2.80,3750,1230,120,228251827.50,34,F1,30,,,,,
2026-07-23,2026-07-23,FO,NSE,IDO,62087,,BANKNIFTY,,2026-07-28,2026-07-28,63600.00,CE,BANKNIFTY26JUL63600CE,1.65,4.00,1.60,2.80,2.60,2.35,56592.00,2.80,4590,180,87,166003101.00,27,F1,30,,,,,
2026-07-23,2026-07-23,FO,NSE,IDO,58842,,BANKNIFTY,,2026-08-25,2026-08-25,49600.00,CE,BANKNIFTY26AUG49600CE,0.00,0.00,0.00,6585.05,0.00,6585.05,56592.00,7304.80,0,0,0,0.00,0,F1,30,,,,,
2026-07-23,2026-07-23,FO,NSE,IDO,58876,,BANKNIFTY,,2026-08-25,2026-08-25,50900.00,CE,BANKNIFTY26AUG50900CE,0.00,0.00,0.00,5523.50,0.00,5523.50,56592.00,6047.25,0,0,0,0.00,0,F1,30,,,,,
2026-07-23,2026-07-23,FO,NSE,IDO,58972,,BANKNIFTY,,2026-08-25,2026-08-25,53800.00,CE,BANKNIFTY26AUG53800CE,3311.60,3311.60,3188.65,3190.90,3190.90,3485.60,56592.00,3465.25,90,90,5,8552122.50,5,F1,30,,,,,
2026-07-23,2026-07-23,FO,NSE,IDO,59079,,BANKNIFTY,,2026-08-25,2026-08-25,57000.00,CE,BANKNIFTY26AUG57000CE,1150.00,1170.15,884.15,966.65,960.00,1289.25,56592.00,966.65,235770,128190,16875,29363476740.00,12388,F1,30,,,,,
2026-07-23,2026-07-23,FO,NSE,IDO,59098,,BANKNIFTY,,2026-08-25,2026-08-25,57900.00,CE,BANKNIFTY26AUG57900CE,641.90,731.45,520.00,574.20,564.80,816.20,56592.00,574.20,21840,2910,726,1274041728.00,506,F1,30,,,,,
2026-07-23,2026-07-23,FO,NSE,IDO,59296,,BANKNIFTY,,2026-08-25,2026-08-25,63300.00,CE,BANKNIFTY26AUG63300CE,0.00,0.00,0.00,375.85,0.00,375.85,56592.00,72.95,0,0,0,0.00,0,F1,30,,,,,
2026-07-23,2026-07-23,FO,NSE,IDO,59302,,BANKNIFTY,,2026-08-25,2026-08-25,63600.00,CE,BANKNIFTY26AUG63600CE,0.00,0.00,0.00,344.10,0.00,344.10,56592.00,60.85,0,0,0,0.00,0,F1,30,,,,,
2026-07-23,2026-07-23,FO,NSE,IDO,59330,,BANKNIFTY,,2026-08-25,2026-08-25,64500.00,CE,BANKNIFTY26AUG64500CE,0.00,0.00,0.00,262.40,0.00,262.40,56592.00,34.60,0,0,0,0.00,0,F1,30,,,,,
2026-07-23,2026-07-23,FO,NSE,IDO,52264,,BANKNIFTY,,2026-09-29,2026-09-29,43500.00,CE,BANKNIFTY26SEP43500CE,0.00,0.00,0.00,13878.45,0.00,13878.45,56592.00,13625.90,0,0,0,0.00,0,F1,30,,,,,
2026-07-23,2026-07-23,FO,NSE,IDO,69676,,BANKNIFTY,,2026-09-29,2026-09-29,52600.00,CE,BANKNIFTY26SEP52600CE,0.00,0.00,0.00,6236.45,0.00,6236.45,56592.00,5093.20,0,0,0,0.00,0,F1,30,,,,,
2026-07-23,2026-07-23,FO,NSE,IDO,69722,,BANKNIFTY,,2026-09-29,2026-09-29,54500.00,CE,BANKNIFTY26SEP54500CE,0.00,0.00,0.00,4780.15,0.00,4780.15,56592.00,3672.00,0,0,0,0.00,0,F1,30,,,,,
2026-07-23,2026-07-23,FO,NSE,IDO,69822,,BANKNIFTY,,2026-09-29,2026-09-29,57500.00,CE,BANKNIFTY26SEP57500CE,1385.05,1480.00,1199.95,1266.15,1263.30,1596.15,56592.00,1266.15,10860,4290,348,614054149.50,228,F1,30,,,,,
2026-07-23,2026-07-23,FO,NSE,IDO,52360,,BANKNIFTY,,2026-09-29,2026-09-29,60000.00,CE,BANKNIFTY26SEP60000CE,454.95,502.50,375.05,406.80,402.80,554.20,56592.00,406.80,84120,-150,1556,2820585861.00,747,F1,30,,,,,
2026-07-23,2026-07-23,FO,NSE,IDO,70041,,BANKNIFTY,,2026-09-29,2026-09-29,61600.00,CE,BANKNIFTY26SEP61600CE,0.00,0.00,0.00,1239.60,0.00,1239.60,56592.00,641.15,0,0,0,0.00,0,F1,30,,,,,
2026-07-23,2026-07-23,FO,NSE,IDO,70080,,BANKNIFTY,,2026-09-29,2026-09-29,62200.00,CE,BANKNIFTY26SEP62200CE,0.00,0.00,0.00,1076.90,0.00,1076.90,56592.00,531.75,0,0,0,0.00,0,F1,30,,,,,
2026-07-23,2026-07-23,FO,NSE,IDO,70115,,BANKNIFTY,,2026-09-29,2026-09-29,64000.00,CE,BANKNIFTY26SEP64000CE,0.00,0.00,0.00,690.00,0.00,690.00,56592.00,292.35,0,0,0,0.00,0,F1,30,,,,,
2026-07-23,2026-07-23,FO,NSE,IDO,53244,,BANKNIFTY,,2026-12-29,2026-12-29,61500.00,CE,BANKNIFTY26DEC61500CE,990.00,990.00,810.10,855.05,900.00,1150.00,56592.00,855.05,540,120,15,28079703.00,10,F1,30,,,,,
2026-07-23,2026-07-23,FO,NSE,IDO,45187,,NIFTY,,2026-08-18,2026-08-18,25700.00,PE,NIFTY2681825700PE,0.00,0.00,0.00,1581.55,0.00,1581.55,23869.60,1748.55,0,0,0,0.00,0,F1,65,,,,,
2026-07-23,2026-07-23,FO,NSE,IDO,45203,,NIFTY,,2026-08-18,2026-08-18,26000.00,PE,NIFTY2681826000PE,0.00,0.00,0.00,1849.95,0.00,1849.95,23869.60,2033.80,0,0,0,0.00,0,F1,65,,,,,
2026-07-23,2026-07-23,FO,NSE,IDO,61381,,NIFTY,,2026-08-25,2026-08-25,22400.00,PE,NIFTY26AUG22400PE,35.40,43.40,27.95,36.80,36.45,32.30,23869.60,36.80,95680,15145,1690,2464481841.25,1259,F1,65,,,,,
2026-07-23,2026-07-23,FO,NSE,IDO,61498,,NIFTY,,2026-08-25,2026-08-25,23450.00,PE,NIFTY26AUG23450PE,158.25,213.00,146.00,188.80,186.25,153.95,23869.60,188.80,29770,-1625,418,642142608.25,329,F1,65,,,,,
2026-07-23,2026-07-23,FO,NSE,IDO,61500,,NIFTY,,2026-08-25,2026-08-25,23500.00,PE,NIFTY26AUG23500PE,188.00,230.90,155.25,205.70,202.95,166.75,23869.60,205.70,2617355,54795,45434,69979706813.25,29489,F1,65,,,,,
2026-07-23,2026-07-23,FO,NSE,IDO,61604,,NIFTY,,2026-08-25,2026-08-25,24000.00,PE,NIFTY26AUG24000PE,379.90,437.70,324.35,397.95,392.70,332.20,23869.60,397.95,6404775,3229265,122112,193426723035.00,89043,F1,65,,,,,
2026-07-23,2026-07-23,FO,NSE,IDO,61670,,NIFTY,,2026-08-25,2026-08-25,24200.00,PE,NIFTY26AUG24200PE,472.30,553.00,421.85,504.90,503.00,426.80,23869.60,504.90,1312480,318110,16905,27119168352.25,13107,F1,65,,,,,
2026-07-23,2026-07-23,FO,NSE,IDO,61859,,NIFTY,,2026-08-25,2026-08-25,24900.00,PE,NIFTY26AUG24900PE,864.75,1057.00,864.75,998.00,998.00,886.90,23869.60,998.00,74620,325,76,127952925.75,75,F1,65,,,,,
2026-07-23,2026-07-23,FO,NSE,IDO,62052,,NIFTY,,2026-08-25,2026-08-25,26100.00,PE,NIFTY26AUG26100PE,2070.00,2070.00,2070.00,2070.00,2070.00,1919.10,23869.60,2101.20,195,130,2,3662100.00,2,F1,65,,,,,
2026-07-23,2026-07-23,FO,NSE,IDO,46926,,NIFTY,,2026-09-01,2026-09-01,22500.00,PE,NIFTY2690122500PE,58.00,59.65,49.90,49.90,49.90,50.80,23869.60,49.90,65,65,3,4398390.75,3,F1,65,,,,,
2026-07-23,2026-07-23,FO,NSE,IDO,46940,,NIFTY,,2026-09-01,2026-09-01,22850.00,PE,NIFTY2690122850PE,0.00,0.00,0.00,89.70,0.00,89.70,23869.60,127.30,0,0,0,0.00,0,F1,65,,,,,
2026-07-23,2026-07-23,FO,NSE,IDO,46974,,NIFTY,,2026-09-01,2026-09-01,23700.00,PE,NIFTY2690123700PE,0.00,0.00,0.00,280.05,0.00,280.05,23869.60,373.85,0,0,0,0.00,0,F1,65,,,,,
2026-07-23,2026-07-23,FO,NSE,IDO,46976,,NIFTY,,2026-09-01,2026-09-01,23750.00,PE,NIFTY2690123750PE,0.00,0.00,0.00,296.60,0.00,296.60,23869.60,394.55,0,0,0,0.00,0,F1,65,,,,,
2026-07-23,2026-07-23,FO,NSE,IDO,46990,,NIFTY,,2026-09-01,2026-09-01,24100.00,PE,NIFTY2690124100PE,418.10,502.75,394.00,465.75,468.20,401.30,23869.60,465.75,6630,260,18,28735473.00,15,F1,65,,,,,
2026-07-23,2026-07-23,FO,NSE,IDO,47018,,NIFTY,,2026-09-01,2026-09-01,24800.00,PE,NIFTY2690124800PE,0.00,0.00,0.00,804.95,0.00,804.95,23869.60,995.75,0,0,0,0.00,0,F1,65,,,,,
2026-07-23,2026-07-23,FO,NSE,IDO,47022,,NIFTY,,2026-09-01,2026-09-01,24900.00,PE,NIFTY2690124900PE,0.00,0.00,0.00,869.25,0.00,869.25,23869.60,1068.50,0,0,0,0.00,0,F1,65,,,,,
2026-07-23,2026-07-23,FO,NSE,IDO,47032,,NIFTY,,2026-09-01,2026-09-01,25150.00,PE,NIFTY2690125150PE,0.00,0.00,0.00,1040.90,0.00,1040.90,23869.60,1260.35,0,0,0,0.00,0,F1,65,,,,,
2026-07-23,2026-07-23,FO,NSE,IDO,47050,,NIFTY,,2026-09-01,2026-09-01,25600.00,PE,NIFTY2690125600PE,0.00,0.00,0.00,1385.45,0.00,1385.45,23869.60,1635.25,0,0,0,0.00,0,F1,65,,,,,
2026-07-23,2026-07-23,FO,NSE,IDO,73806,,NIFTY,,2026-09-29,2026-09-29,21600.00,PE,NIFTY26SEP21600PE,38.50,45.20,34.80,41.90,41.30,37.65,23869.60,41.90,34645,6110,626,880641882.25,495,F1,65,,,,,
2026-07-23,2026-07-23,FO,NSE,IDO,73853,,NIFTY,,2026-09-29,2026-09-29,21800.00,PE,NIFTY26SEP21800PE,44.70,55.45,37.45,50.40,49.10,43.10,23869.60,50.40,12675,1430,116,164737699.75,77,F1,65,,,,,
2026-07-23,2026-07-23,FO,NSE,IDO,73878,,NIFTY,,2026-09-29,2026-09-29,22300.00,PE,NIFTY26SEP22300PE,75.95,89.60,66.00,81.20,79.20,69.85,23869.60,81.20,64805,11830,434,631358539.50,250,F1,65,,,,,
2026-07-23,2026-07-23,FO,NSE,IDO,73898,,NIFTY,,2026-09-29,2026-09-29,22850.00,PE,NIFTY26SEP22850PE,137.00,162.35,128.00,149.20,149.40,128.25,23869.60,149.20,8515,-195,58,86692856.25,51,F1,65,,,,,
2026-07-23,2026-07-23,FO,NSE,IDO,73922,,NIFTY,,2026-09-29,2026-09-29,23250.00,PE,NIFTY26SEP23250PE,201.50,247.55,189.85,239.30,235.75,197.35,23869.60,239.30,5915,-715,44,67126354.75,34,F1,65,,,,,
2026-07-23,2026-07-23,FO,NSE,IDO,73926,,NIFTY,,2026-09-29,2026-09-29,23350.00,PE,NIFTY26SEP23350PE,234.25,269.80,224.20,251.75,251.00,219.10,23869.60,251.75,4745,-195,29,44480774.00,25,F1,65,,,,,
2026-07-23,2026-07-23,FO,NSE,IDO,74057,,NIFTY,,2026-09-29,2026-09-29,23900.00,PE,NIFTY26SEP23900PE,419.00,470.00,380.00,441.70,433.85,386.05,23869.60,441.70,27495,1430,592,936158359.50,391,F1,65,,,,,
2026-07-23,2026-07-23,FO,NSE,IDO,65903,,NIFTY,,2026-09-29,2026-09-29,25000.00,PE,NIFTY26SEP25000PE,1020.05,1114.10,962.00,1066.55,1059.20,963.80,23869.60,1066.55,854925,-3315,1458,2466449319.75,983,F1,65,,,,,
2026-07-23,2026-07-23,FO,NSE,IDO,74413,,NIFTY,,2026-09-29,2026-09-29,25600.00,PE,NIFTY26SEP25600PE,0.00,0.00,0.00,1670.65,0.00,1670.65,23869.60,1634.20,0,0,0,0.00,0,F1,65,,,,,
2026-07-23,2026-07-23,FO,NSE,IDO,55289,,NIFTY,,2026-09-29,2026-09-29,28500.00,PE,NIFTY26SEP28500PE,4344.40,4365.60,4190.00,4332.80,4327.35,4169.40,23869.60,4332.80,464620,130,85,181166508.25,83,F1,65,,,,,
2026-07-23,2026-07-23,FO,NSE,IDO,58633,,NIFTY,,2026-12-29,2026-12-29,14000.00,PE,NIFTY26DEC14000PE,0.00,0.00,0.00,12.40,12.40,12.40,23869.60,0.00,8180,0,0,0.00,0,F1,65,,,,,
2026-07-23,2026-07-23,FO,NSE,IDO,55323,,NIFTY,,2026-12-29,2026-12-29,16500.00,PE,NIFTY26DEC16500PE,0.00,0.00,0.00,21.00,21.00,21.00,23869.60,0.10,3640,0,0,0.00,0,F1,65,,,,,
2026-07-23,2026-07-23,FO,NSE,IDO,58641,,NIFTY,,2026-12-29,2026-12-29,18000.00,PE,NIFTY26DEC18000PE,30.10,31.05,28.40,29.90,29.50,30.10,23869.60,29.90,438885,-2795,273,319934985.50,209,F1,65,,,,,
2026-07-23,2026-07-23,FO,NSE,IDO,58645,,NIFTY,,2026-12-29,2026-12-29,20000.00,PE,NIFTY26DEC20000PE,56.35,59.50,53.10,57.20,56.25,54.15,23869.60,57.20,1048790,-9620,1251,1630918724.50,697,F1,65,,,,,
2026-07-23,2026-07-23,FO,NSE,IDO,80271,,NIFTY,,2027-03-30,2027-03-30,22500.00,PE,NIFTY27MAR22500PE,300.55,315.00,277.20,301.70,297.30,284.05,23869.60,301.70,891800,5070,325,481643318.00,260,F1,65,,,,,
2026-07-23,2026-07-23,FO,NSE,IDO,53625,,NIFTY,,2027-12-28,2027-12-28,24000.00,PE,NIFTY27DEC24000PE,805.00,849.80,805.00,834.50,825.30,807.70,23869.60,834.50,112500,-2795,88,142072996.00,41,F1,65,,,,,
2026-07-23,2026-07-23,FO,NSE,IDO,55599,,NIFTY,,2029-12-24,2029-12-24,16500.00,PE,NIFTY29DEC16500PE,0.00,0.00,0.00,10.15,0.00,10.15,23869.60,58.85,0,0,0,0.00,0,F1,65,,,,,
2026-07-23,2026-07-23,FO,NSE,IDO,61660,,NIFTY,,2029-12-24,2029-12-24,21000.00,PE,NIFTY29DEC21000PE,0.00,0.00,0.00,525.10,525.10,525.10,23869.60,394.20,650,0,0,0.00,0,F1,65,,,,,
2026-07-23,2026-07-23,FO,NSE,IDO,61933,,NIFTY,,2029-12-24,2029-12-24,30000.00,PE,NIFTY29DEC30000PE,0.00,0.00,0.00,1953.50,0.00,1953.50,23869.60,2983.80,0,0,0,0.00,0,F1,65,,,,,
2026-07-23,2026-07-23,FO,NSE,IDO,55697,,NIFTY,,2030-12-31,2030-12-31,16500.00,PE,NIFTY30DEC16500PE,0.00,0.00,0.00,13.65,0.00,13.65,23869.60,72.35,0,0,0,0.00,0,F1,65,,,,,
2026-07-23,2026-07-23,FO,NSE,IDO,55701,,NIFTY,,2030-12-31,2030-12-31,19500.00,PE,NIFTY30DEC19500PE,0.00,0.00,0.00,67.40,0.00,67.40,23869.60,241.80,0,0,0,0.00,0,F1,65,,,,,
2026-07-23,2026-07-23,FO,NSE,IDO,55280,,NIFTY,,2026-09-29,2026-09-29,16500.00,CE,NIFTY26SEP16500CE,0.00,0.00,0.00,10168.85,0.00,10168.85,23869.60,7571.55,0,0,0,0.00,0,F1,65,,,,,
2026-07-23,2026-07-23,FO,NSE,IDO,47019,,NIFTY,,2026-09-01,2026-09-01,24850.00,CE,NIFTY2690124850CE,0.00,0.00,0.00,347.45,0.00,347.45,23869.60,230.80,0,0,0,0.00,0,F1,65,,,,,
2026-07-23,2026-07-23,FO,NSE,IDO,47017,,NIFTY,,2026-09-01,2026-09-01,24800.00,CE,NIFTY2690124800CE,0.00,0.00,0.00,365.30,0.00,365.30,23869.60,244.35,0,0,0,0.00,0,F1,65,,,,,
2026-07-23,2026-07-23,FO,NSE,IDO,47013,,NIFTY,,2026-09-01,2026-09-01,24700.00,CE,NIFTY2690124700CE,0.00,0.00,0.00,402.95,0.00,402.95,23869.60,273.35,0,0,0,0.00,0,F1,65,,,,,
2026-07-23,2026-07-23,FO,NSE,IDO,46981,,NIFTY,,2026-09-01,2026-09-01,23900.00,CE,NIFTY2690123900CE,0.00,0.00,0.00,804.35,0.00,804.35,23869.60,603.05,0,0,0,0.00,0,F1,65,,,,,
2026-07-23,2026-07-23,FO,NSE,IDO,46969,,NIFTY,,2026-09-01,2026-09-01,23600.00,CE,NIFTY2690123600CE,0.00,0.00,0.00,1000.85,0.00,1000.85,23869.60,774.65,0,0,0,0.00,0,F1,65,,,,,
2026-07-23,2026-07-23,FO,NSE,IDO,46919,,NIFTY,,2026-09-01,2026-09-01,22350.00,CE,NIFTY2690122350CE,0.00,0.00,0.00,2032.25,0.00,2032.25,23869.60,1738.20,0,0,0,0.00,0,F1,65,,,,,
2026-07-23,2026-07-23,FO,NSE,IDO,65681,,NIFTY,,2026-08-04,2026-08-04,23700.00,PE,NIFTY2680423700PE,141.45,171.85,100.00,140.20,137.00,115.20,23869.60,140.20,605345,166270,27877,43192187863.50,20462,F1,65,,,,,
2026-07-23,2026-07-23,FO,NSE,IDO,62066,,NIFTY,,2026-08-25,2026-08-25,26300.00,CE,NIFTY26AUG26300CE,5.95,6.45,4.70,4.90,4.70,6.30,23869.60,4.90,324090,48815,4615,7890977519.75,3308,F1,65,,,,,
2026-07-23,2026-07-23,FO,NSE,IDO,62045,,NIFTY,,2026-08-25,2026-08-25,26100.00,CE,NIFTY26AUG26100CE,6.65,6.65,6.05,6.30,6.15,241.70,23869.60,6.30,910,910,19,32241283.75,14,F1,65,,,,,
2026-07-23,2026-07-23,FO,NSE,IDO,62043,,NIFTY,,2026-08-25,2026-08-25,26050.00,CE,NIFTY26AUG26050CE,0.00,0.00,0.00,251.15,0.00,251.15,23869.60,28.75,0,0,0,0.00,0,F1,65,,,,,
2026-07-23,2026-07-23,FO,NSE,IDO,62036,,NIFTY,,2026-08-25,2026-08-25,25950.00,CE,NIFTY26AUG25950CE,0.00,0.00,0.00,270.95,0.00,270.95,23869.60,34.25,0,0,0,0.00,0,F1,65,,,,,
2026-07-23,2026-07-23,FO,NSE,IDO,61979,,NIFTY,,2026-08-25,2026-08-25,25600.00,CE,NIFTY26AUG25600CE,16.00,17.60,13.20,13.70,13.45,18.25,23869.60,13.70,336960,-36985,4639,7723816538.75,2698,F1,65,,,,,
2026-07-23,2026-07-23,FO,NSE,IDO,61909,,NIFTY,,2026-08-25,2026-08-25,25050.00,CE,NIFTY26AUG25050CE,51.80,54.95,41.60,44.25,44.20,59.40,23869.60,44.25,91195,12285,1032,1683466547.75,703,F1,65,,,,,
2026-07-23,2026-07-23,FO,NSE,IDO,61865,,NIFTY,,2026-08-25,2026-08-25,24950.00,CE,NIFTY26AUG24950CE,63.85,68.95,52.30,55.40,55.90,75.20,23869.60,55.40,57200,-2860,975,1585019904.00,633,F1,65,,,,,
2026-07-23,2026-07-23,FO,NSE,IDO,61857,,NIFTY,,2026-08-25,2026-08-25,24900.00,CE,NIFTY26AUG24900CE,77.05,77.10,58.00,61.90,62.55,83.40,23869.60,61.90,434460,42250,12082,19605683932.25,8236,F1,65,,,,,
2026-07-23,2026-07-23,FO,NSE,IDO,61734,,NIFTY,,2026-08-25,2026-08-25,24500.00,CE,NIFTY26AUG24500CE,167.00,176.40,132.70,144.30,147.50,188.35,23869.60,144.30,3838120,382265,44163,70763985568.25,25361,F1,65,,,,,
2026-07-23,2026-07-23,FO,NSE,IDO,61647,,NIFTY,,2026-08-25,2026-08-25,24200.00,CE,NIFTY26AUG24200CE,273.00,296.50,231.30,251.30,251.55,314.35,23869.60,251.30,1469780,406185,20193,32112429329.50,15080,F1,65,,,,,
2026-07-23,2026-07-23,FO,NSE,IDO,61534,,NIFTY,,2026-08-25,2026-08-25,23800.00,CE,NIFTY26AUG23800CE,477.05,518.00,417.90,448.60,454.50,535.95,23869.60,448.60,231660,131950,8339,13145209853.75,6154,F1,65,,,,,
2026-07-23,2026-07-23,FO,NSE,IDO,61532,,NIFTY,,2026-08-25,2026-08-25,23750.00,CE,NIFTY26AUG23750CE,513.95,543.55,449.90,479.55,480.85,573.25,23869.60,479.55,6890,585,156,245757265.00,126,F1,65,,,,,
2026-07-23,2026-07-23,FO,NSE,IDO,61376,,NIFTY,,2026-08-25,2026-08-25,22300.00,CE,NIFTY26AUG22300CE,0.00,0.00,0.00,1755.00,1755.00,1755.00,23869.60,1739.80,65,0,0,0.00,0,F1,65,,,,,
2026-07-23,2026-07-23,FO,NSE,IDO,61364,,NIFTY,,2026-08-25,2026-08-25,22150.00,CE,NIFTY26AUG22150CE,0.00,0.00,0.00,2147.40,2147.40,2147.40,23869.60,1878.95,130,0,0,0.00,0,F1,65,,,,,
2026-07-23,2026-07-23,FO,NSE,IDO,61354,,NIFTY,,2026-08-25,2026-08-25,22050.00,CE,NIFTY26AUG22050CE,0.00,0.00,0.00,2323.10,0.00,2323.10,23869.60,1973.05,0,0,0,0.00,0,F1,65,,,,,
2026-07-23,2026-07-23,FO,NSE,IDO,61211,,NIFTY,,2026-08-25,2026-08-25,21500.00,CE,NIFTY26AUG21500CE,2532.00,2555.00,2377.00,2432.90,2437.00,2566.70,23869.60,2432.90,29575,2145,113,175997282.50,101,F1,65,,,,,
2026-07-23,2026-07-23,FO,NSE,IDO,61175,,NIFTY,,2026-08-25,2026-08-25,21400.00,CE,NIFTY26AUG21400CE,0.00,0.00,0.00,2616.30,2616.30,2616.30,23869.60,2601.65,130,0,0,0.00,0,F1,65,,,,,
2026-07-23,2026-07-23,FO,NSE,IDO,61154,,NIFTY,,2026-08-25,2026-08-25,21250.00,CE,NIFTY26AUG21250CE,0.00,0.00,0.00,3030.30,0.00,3030.30,23869.60,2749.20,0,0,0,0.00,0,F1,65,,,,,
2026-07-23,2026-07-23,FO,NSE,IDO,45184,,NIFTY,,2026-08-18,2026-08-18,25650.00,CE,NIFTY2681825650CE,0.00,0.00,0.00,87.90,0.00,87.90,23869.60,32.25,0,0,0,0.00,0,F1,65,,,,,
2026-07-23,2026-07-23,FO,NSE,IDO,45156,,NIFTY,,2026-08-18,2026-08-18,25200.00,CE,NIFTY2681825200CE,0.00,0.00,0.00,162.75,0.00,162.75,23869.60,74.00,0,0,0,0.00,0,F1,65,,,,,
2026-07-23,2026-07-23,FO,NSE,IDO,45116,,NIFTY,,2026-08-18,2026-08-18,24600.00,CE,NIFTY2681824600CE,0.00,0.00,0.00,332.35,0.00,332.35,23869.60,190.80,0,0,0,0.00,0,F1,65,,,,,
2026-07-23,2026-07-23,FO,NSE,IDO,45106,,NIFTY,,2026-08-18,2026-08-18,24400.00,CE,NIFTY2681824400CE,150.00,166.10,125.00,137.25,136.00,183.90,23869.60,137.25,21840,14105,644,1027594694.75,452,F1,65,,,,,
2026-07-23,2026-07-23,FO,NSE,IDO,45071,,NIFTY,,2026-08-18,2026-08-18,23650.00,CE,NIFTY2681823650CE,0.00,0.00,0.00,579.40,579.40,579.40,23869.60,605.00,715,0,0,0.00,0,F1,65,,,,,
2026-07-23,2026-07-23,FO,NSE,IDO,45049,,NIFTY,,2026-08-18,2026-08-18,23200.00,CE,NIFTY2681823200CE,0.00,0.00,0.00,1136.90,0.00,1136.90,23869.60,913.30,0,0,0,0.00,0,F1,65,,,,,
2026-07-23,2026-07-23,FO,NSE,IDO,40989,,NIFTY,,2026-08-11,2026-08-11,23950.00,CE,NIFTY2681123950CE,287.95,313.00,232.90,255.85,259.25,330.30,23869.60,255.85,31720,21710,1223,1925488568.25,882,F1,65,,,,,
2026-07-23,2026-07-23,FO,NSE,IDO,40977,,NIFTY,,2026-08-11,2026-08-11,23700.00,CE,NIFTY2681123700CE,427.00,468.95,364.00,392.45,400.00,491.05,23869.60,392.45,13455,8905,468,732966783.25,375,F1,65,,,,,
2026-07-23,2026-07-23,FO,NSE,IDO,40973,,NIFTY,,2026-08-11,2026-08-11,23600.00,CE,NIFTY2681123600CE,508.00,525.05,426.10,462.85,473.45,560.05,23869.60,462.85,4290,1690,81,126636087.50,57,F1,65,,,,,
2026-07-23,2026-07-23,FO,NSE,IDO,40941,,NIFTY,,2026-08-11,2026-08-11,22800.00,CE,NIFTY2681122800CE,0.00,0.00,0.00,1775.45,0.00,1775.45,23869.60,1184.65,0,0,0,0.00,0,F1,65,,,,,
2026-07-23,2026-07-23,FO,NSE,IDO,40935,,NIFTY,,2026-08-11,2026-08-11,22650.00,CE,NIFTY2681122650CE,0.00,0.00,0.00,1913.40,0.00,1913.40,23869.60,1320.70,0,0,0,0.00,0,F1,65,,,,,
2026-07-23,2026-07-23,FO,NSE,IDO,40903,,NIFTY,,2026-08-11,2026-08-11,21900.00,CE,NIFTY2681121900CE,0.00,0.00,0.00,2631.80,0.00,2631.80,23869.60,2041.80,0,0,0,0.00,0,F1,65,,,,,
2026-07-23,2026-07-23,FO,NSE,IDO,65938,,NIFTY,,2026-08-04,2026-08-04,25400.00,CE,NIFTY2680425400CE,3.05,4.90,3.05,3.65,3.10,4.45,23869.60,3.65,128115,6565,5458,9012469706.50,3516,F1,65,,,,,
2026-07-23,2026-07-23,FO,NSE,IDO,65932,,NIFTY,,2026-08-04,2026-08-04,25300.00,CE,NIFTY2680425300CE,4.15,4.90,3.65,3.95,3.65,5.15,23869.60,3.95,359385,124345,11684,19217473213.25,5946,F1,65,,,,,
2026-07-23,2026-07-23,FO,NSE,IDO,65860,,NIFTY,,2026-08-04,2026-08-04,24500.00,CE,NIFTY2680424500CE,46.75,50.40,31.45,35.65,35.90,60.75,23869.60,35.65,1423825,309920,70912,113106799227.50,43539,F1,65,,,,,
2026-07-23,2026-07-23,FO,NSE,IDO,65774,,NIFTY,,2026-08-04,2026-08-04,24200.00,CE,NIFTY2680424200CE,115.80,129.00,81.60,91.95,93.05,143.25,23869.60,91.95,1414595,155610,58086,91754770692.00,35872,F1,65,,,,,
2026-07-23,2026-07-23,FO,NSE,IDO,65689,,NIFTY,,2026-08-04,2026-08-04,23900.00,CE,NIFTY2680423900CE,230.10,271.90,183.00,205.45,210.90,286.60,23869.60,205.45,648960,485160,53037,83152796499.50,36780,F1,65,,,,,
2026-07-23,2026-07-23,FO,NSE,IDO,65678,,NIFTY,,2026-08-04,2026-08-04,23650.00,CE,NIFTY2680423650CE,372.55,437.55,318.80,349.30,355.05,453.00,23869.60,349.30,14625,4355,750,1170150790.25,604,F1,65,,,,,
2026-07-23,2026-07-23,FO,NSE,IDO,65433,,NIFTY,,2026-08-04,2026-08-04,22500.00,CE,NIFTY2680422500CE,1327.00,1394.95,1327.00,1373.60,1392.15,1575.55,23869.60,1373.60,4225,4225,67,103953122.00,51,F1,65,,,,,
2026-07-23,2026-07-23,FO,NSE,IDO,65166,,NIFTY,,2026-08-04,2026-08-04,21750.00,CE,NIFTY2680421750CE,0.00,0.00,0.00,2253.60,0.00,2253.60,23869.60,2163.25,0,0,0,0.00,0,F1,65,,,,,
2026-07-23,2026-07-23,FO,NSE,IDO,64043,,NIFTY,,2026-07-28,2026-07-28,26250.00,CE,NIFTY26JUL26250CE,1.05,1.40,0.60,0.65,0.60,0.95,23869.60,0.65,228930,9750,14164,24168174010.50,2679,F1,65,,,,,
2026-07-23,2026-07-23,FO,NSE,IDO,64015,,NIFTY,,2026-07-28,2026-07-28,25800.00,CE,NIFTY26JUL25800CE,1.30,1.60,0.75,0.95,1.00,1.30,23869.60,0.95,1350440,-54145,57683,96738357868.75,15305,F1,65,,,,,
2026-07-23,2026-07-23,FO,NSE,IDO,63983,,NIFTY,,2026-07-28,2026-07-28,25100.00,CE,NIFTY26JUL25100CE,2.30,3.15,1.75,1.95,1.80,3.30,23869.60,1.95,4719390,1043315,258277,421417001073.25,57662,F1,65,,,,,
2026-07-23,2026-07-23,FO,NSE,IDO,63955,,NIFTY,,2026-07-28,2026-07-28,24400.00,CE,NIFTY26JUL24400CE,26.10,26.10,9.80,11.60,12.00,30.05,23869.60,11.60,6722040,1486485,679274,1077971639621.50,193920,F1,65,,,,,
2026-07-23,2026-07-23,FO,NSE,IDO,45053,,NIFTY,,2026-08-18,2026-08-18,23250.00,PE,NIFTY2681823250PE,121.30,121.30,115.40,115.40,115.40,86.80,23869.60,156.65,1235,-130,2,3037885.50,2,F1,65,,,,,
2026-07-23,2026-07-23,FO,NSE,IDO,45010,,NIFTY,,2026-08-18,2026-08-18,22400.00,PE,NIFTY2681822400PE,22.25,27.90,17.85,23.65,23.65,21.10,23869.60,23.65,2405,390,80,116598566.50,41,F1,65,,,,,
2026-07-23,2026-07-23,FO,NSE,IDO,41050,,NIFTY,,2026-08-11,2026-08-11,25300.00,PE,NIFTY2681125300PE,0.00,0.00,0.00,1031.85,1031.85,1031.85,23869.60,1382.65,65,0,0,0.00,0,F1,65,,,,,
2026-07-23,2026-07-23,FO,NSE,IDO,41038,,NIFTY,,2026-08-11,2026-08-11,25000.00,PE,NIFTY2681125000PE,0.00,0.00,0.00,972.75,972.75,972.75,23869.60,1113.00,910,0,0,0.00,0,F1,65,,,,,
2026-07-23,2026-07-23,FO,NSE,IDO,41006,,NIFTY,,2026-08-11,2026-08-11,24350.00,PE,NIFTY2681124350PE,520.30,578.00,475.00,558.30,551.90,465.05,23869.60,558.30,6955,455,88,142287187.25,49,F1,65,,,,,
2026-07-23,2026-07-23,FO,NSE,IDO,40998,,NIFTY,,2026-08-11,2026-08-11,24150.00,PE,NIFTY2681124150PE,401.75,454.10,337.45,418.10,409.00,343.80,23869.60,418.10,11765,-3250,216,344418376.25,171,F1,65,,,,,
2026-07-23,2026-07-23,FO,NSE,IDO,40942,,NIFTY,,2026-08-11,2026-08-11,22800.00,PE,NIFTY2681122800PE,26.90,35.15,20.00,28.70,28.00,25.20,23869.60,28.70,42120,18785,1040,1543115063.75,646,F1,65,,,,,
2026-07-23,2026-07-23,FO,NSE,IDO,40927,,NIFTY,,2026-08-11,2026-08-11,22450.00,PE,NIFTY2681122450PE,14.05,17.70,11.95,15.30,13.80,13.85,23869.60,15.30,7020,5850,153,223410307.25,61,F1,65,,,,,
2026-07-23,2026-07-23,FO,NSE,IDO,40880,,NIFTY,,2026-08-11,2026-08-11,21600.00,PE,NIFTY2681121600PE,6.60,7.40,5.55,6.60,6.60,6.65,23869.60,6.60,25285,4810,220,308973418.00,97,F1,65,,,,,
2026-07-23,2026-07-23,FO,NSE,IDO,65931,,NIFTY,,2026-08-04,2026-08-04,25250.00,PE,NIFTY2680425250PE,0.00,0.00,0.00,1396.40,0.00,1396.40,23869.60,1341.35,0,0,0,0.00,0,F1,65,,,,,
2026-07-23,2026-07-23,FO,NSE,IDO,65919,,NIFTY,,2026-08-04,2026-08-04,25050.00,PE,NIFTY2680425050PE,1159.15,1159.15,1159.15,1159.15,1159.15,1237.80,23869.60,1151.50,65,65,1,1703594.75,1,F1,65,,,,,
2026-07-23,2026-07-23,FO,NSE,IDO,65917,,NIFTY,,2026-08-04,2026-08-04,25000.00,PE,NIFTY2680425000PE,1090.25,1180.90,1007.00,1119.50,1106.85,1003.10,23869.60,1119.50,37960,9425,331,562055900.25,236,F1,65,,,,,
2026-07-23,2026-07-23,FO,NSE,IDO,65872,,NIFTY,,2026-08-04,2026-08-04,24600.00,PE,NIFTY2680424600PE,711.30,786.90,631.15,737.15,728.00,634.05,23869.60,737.15,27365,-845,151,248519722.75,126,F1,65,,,,,
2026-07-23,2026-07-23,FO,NSE,IDO,65452,,NIFTY,,2026-08-04,2026-08-04,22900.00,PE,NIFTY2680422900PE,16.15,21.05,10.90,15.75,15.60,14.45,23869.60,15.75,360750,52975,13397,19955259480.00,8317,F1,65,,,,,
2026-07-23,2026-07-23,FO,NSE,IDO,65448,,NIFTY,,2026-08-04,2026-08-04,22800.00,PE,NIFTY2680422800PE,12.75,16.70,9.10,12.50,12.55,11.60,23869.60,12.50,262470,8190,13158,19510614314.75,7798,F1,65,,,,,
2026-07-23,2026-07-23,FO,NSE,IDO,64026,,NIFTY,,2026-07-28,2026-07-28,26000.00,PE,NIFTY26JUL26000PE,2119.90,2194.00,2006.15,2132.60,2114.15,2010.55,23869.60,2132.60,1765465,-221455,5213,9519890302.00,4583,F1,65,,,,,
2026-07-23,2026-07-23,FO,NSE,IDO,64011,,NIFTY,,2026-07-28,2026-07-28,25700.00,PE,NIFTY26JUL25700PE,1720.00,1885.00,1719.70,1832.35,1790.15,1720.00,23869.60,1832.35,12545,-2860,193,345646860.00,170,F1,65,,,,,
2026-07-23,2026-07-23,FO,NSE,IDO,63994,,NIFTY,,2026-07-28,2026-07-28,25300.00,PE,NIFTY26JUL25300PE,1391.00,1420.00,1320.00,1420.00,1420.00,1330.00,23869.60,1420.00,22165,-390,10,17329399.75,9,F1,65,,,,,
2026-07-23,2026-07-23,FO,NSE,IDO,63952,,NIFTY,,2026-07-28,2026-07-28,24300.00,PE,NIFTY26JUL24300PE,399.95,512.00,335.15,443.15,433.85,364.05,23869.60,443.15,1543880,-872560,66510,106812960959.25,40151,F1,65,,,,,
2026-07-23,2026-07-23,FO,NSE,IDO,63942,,NIFTY,,2026-07-28,2026-07-28,24050.00,PE,NIFTY26JUL24050PE,230.05,295.20,158.40,233.35,227.40,189.25,23869.60,233.35,1020760,-1647035,313331,494079889819.75,213128,F1,65,,,,,
2026-07-23,2026-07-23,FO,NSE,IDO,63830,,NIFTY,,2026-07-28,2026-07-28,21450.00,PE,NIFTY26JUL21450PE,1.40,1.60,0.70,0.80,0.75,1.15,23869.60,0.80,17420,1430,2192,3056361954.75,1048,F1,65,,,,,
2026-07-23,2026-07-23,FO,NSE,IDO,63812,,NIFTY,,2026-07-28,2026-07-28,21100.00,PE,NIFTY26JUL21100PE,1.10,1.10,0.70,0.75,0.70,0.85,23869.60,0.75,2685735,3055,20529,28156664812.25,3982,F1,65,,,,,
2026-07-23,2026-07-23,FO,NSE,IDO,74645,,NIFTY,,2031-06-24,2031-06-24,21000.00,CE,NIFTY31JUN21000CE,0.00,0.00,0.00,8900.75,0.00,8900.75,23869.60,9086.80,0,0,0,0.00,0,F1,65,,,,,
2026-07-23,2026-07-23,FO,NSE,IDO,55764,,NIFTY,,2030-12-31,2030-12-31,31500.00,CE,NIFTY30DEC31500CE,0.00,0.00,0.00,4554.55,0.00,4554.55,23869.60,3530.65,0,0,0,0.00,0,F1,65,,,,,
2026-07-23,2026-07-23,FO,NSE,IDO,60898,,NIFTY,,2030-06-25,2030-06-25,21000.00,CE,NIFTY30JUN21000CE,0.00,0.00,0.00,10421.65,0.00,10421.65,23869.60,8064.50,0,0,0,0.00,0,F1,65,,,,,
2026-07-23,2026-07-23,FO,NSE,IDO,61390,,NIFTY,,2029-12-24,2029-12-24,18000.00,CE,NIFTY29DEC18000CE,0.00,0.00,0.00,11362.40,0.00,11362.40,23869.60,9639.35,0,0,0,0.00,0,F1,65,,,,,
2026-07-23,2026-07-23,FO,NSE,IDO,55418,,NIFTY,,2027-12-28,2027-12-28,16500.00,CE,NIFTY27DEC16500CE,0.00,0.00,0.00,11316.40,0.00,11316.40,23869.60,8874.50,0,0,0,0.00,0,F1,65,,,,,
2026-07-23,2026-07-23,FO,NSE,IDO,80311,,NIFTY,,2027-03-30,2027-03-30,31500.00,CE,NIFTY27MAR31500CE,0.00,0.00,0.00,94.65,0.00,94.65,23869.60,74.30,0,0,0,0.00,0,F1,65,,,,,
2026-07-23,2026-07-23,FO,NSE,IDO,80276,,NIFTY,,2027-03-30,2027-03-30,27000.00,CE,NIFTY27MAR27000CE,277.10,285.00,259.95,267.40,267.00,288.60,23869.60,267.40,195325,845,1006,1783265266.25,610,F1,65,,,,,
2026-07-23,2026-07-23,FO,NSE,IDO,42136,,NIFTY,,2026-12-29,2026-12-29,31000.00,CE,NIFTY26DEC31000CE,12.15,14.40,12.15,14.25,14.25,13.55,23869.60,19.70,160375,1755,54,108857947.25,29,F1,65,,,,,
2026-07-23,2026-07-23,FO,NSE,IDO,38158,,NIFTY,,2026-12-29,2026-12-29,29000.00,CE,NIFTY26DEC29000CE,25.10,26.10,24.25,24.80,24.75,25.35,23869.60,24.80,481320,1560,397,748989757.75,236,F1,65,,,,,
2026-07-23,2026-07-23,FO,NSE,IDO,55330,,NIFTY,,2026-12-29,2026-12-29,28500.00,CE,NIFTY26DEC28500CE,34.00,37.80,31.65,33.95,33.40,34.85,23869.60,33.95,100230,-2470,175,324574640.00,107,F1,65,,,,,
2026-07-23,2026-07-23,FO,NSE,IDO,50978,,NIFTY,,2026-12-29,2026-12-29,27000.00,CE,NIFTY26DEC27000CE,109.95,116.00,104.00,106.10,107.00,117.55,23869.60,106.10,2109525,18850,4069,7169816212.00,2351,F1,65,,,,,
2026-07-23,2026-07-23,FO,NSE,IDO,58648,,NIFTY,,2026-12-29,2026-12-29,22000.00,CE,NIFTY26DEC22000CE,2669.40,2669.65,2535.00,2555.75,2586.20,2679.90,23869.60,2555.75,178295,-65,126,201381586.25,91,F1,65,,,,,
2026-07-23,2026-07-23,FO,NSE,IDO,74465,,NIFTY,,2026-09-29,2026-09-29,26200.00,CE,NIFTY26SEP26200CE,0.00,0.00,0.00,206.55,0.00,206.55,23869.60,121.10,0,0,0,0.00,0,F1,65,,,,,
2026-07-23,2026-07-23,FO,NSE,IDO,74407,,NIFTY,,2026-09-29,2026-09-29,25600.00,CE,NIFTY26SEP25600CE,0.00,0.00,0.00,329.10,0.00,329.10,23869.60,217.10,0,0,0,0.00,0,F1,65,,,,,
2026-07-23,2026-07-23,FO,NSE,IDO,74372,,NIFTY,,2026-09-29,2026-09-29,25200.00,CE,NIFTY26SEP25200CE,0.00,0.00,0.00,437.00,0.00,437.00,23869.60,309.80,0,0,0,0.00,0,F1,65,,,,,
2026-07-23,2026-07-23,FO,NSE,IDO,74007,,NIFTY,,2026-09-29,2026-09-29,23700.00,CE,NIFTY26SEP23700CE,794.00,816.00,710.00,740.05,740.05,820.40,23869.60,740.05,8190,780,30,47701839.25,25,F1,65,,,,,
2026-07-23,2026-07-23,FO,NSE,IDO,73903,,NIFTY,,2026-09-29,2026-09-29,23000.00,CE,NIFTY26SEP23000CE,1303.45,1339.95,1199.25,1242.00,1245.00,1359.60,23869.60,1242.00,74100,10465,290,457187630.25,235,F1,65,,,,,
2026-07-23,2026-07-23,FO,NSE,IDO,73895,,NIFTY,,2026-09-29,2026-09-29,22800.00,CE,NIFTY26SEP22800CE,1389.00,1389.00,1389.00,1389.00,1389.00,1471.20,23869.60,1551.20,390,130,2,3144570.00,1,F1,65,,,,,
2026-07-23,2026-07-23,FO,NSE,IDO,73873,,NIFTY,,2026-09-29,2026-09-29,22200.00,CE,NIFTY26SEP22200CE,0.00,0.00,0.00,2158.90,0.00,2158.90,23869.60,2041.20,0,0,0,0.00,0,F1,65,,,,,
2026-07-23,2026-07-23,FO,NSE,IDO,46989,,NIFTY,,2026-09-01,2026-09-01,24100.00,CE,NIFTY2690124100CE,397.15,397.15,327.05,342.80,349.05,417.40,23869.60,342.80,7085,585,63,100127566.50,49,F1,65,,,,,
2026-07-23,2026-07-23,FO,NSE,IDO,61921,,NIFTY,,2026-08-25,2026-08-25,25150.00,CE,NIFTY26AUG25150CE,43.25,44.80,33.65,35.40,35.70,47.70,23869.60,35.40,70070,11375,1479,2421537365.00,861,F1,65,,,,,
2026-07-23,2026-07-23,FO,NSE,IDO,61778,,NIFTY,,2026-08-25,2026-08-25,24650.00,CE,NIFTY26AUG24650CE,120.05,129.35,98.90,106.90,107.85,140.95,23869.60,106.90,27300,2730,1098,1767055582.50,781,F1,65,,,,,
2026-07-23,2026-07-23,FO,NSE,IDO,61685,,NIFTY,,2026-08-25,2026-08-25,24300.00,CE,NIFTY26AUG24300CE,230.50,252.10,193.80,209.65,210.55,266.95,23869.60,209.65,1001260,155480,12793,20392665858.50,9289,F1,65,,,,,
2026-07-23,2026-07-23,FO,NSE,IDO,61671,,NIFTY,,2026-08-25,2026-08-25,24250.00,CE,NIFTY26AUG24250CE,250.00,271.25,212.00,230.00,231.65,288.50,23869.60,230.00,60970,5200,1420,2259801989.25,894,F1,65,,,,,
2026-07-23,2026-07-23,FO,NSE,IDO,61517,,NIFTY,,2026-08-25,2026-08-25,23600.00,CE,NIFTY26AUG23600CE,603.95,650.00,537.10,569.55,585.15,674.35,23869.60,569.55,33605,12675,571,896990217.50,392,F1,65,,,,,
2026-07-23,2026-07-23,FO,NSE,IDO,61468,,NIFTY,,2026-08-25,2026-08-25,23400.00,CE,NIFTY26AUG23400CE,775.00,790.00,675.00,711.05,718.35,822.40,23869.60,711.05,13260,2210,157,246017424.25,130,F1,65,,,,,
2026-07-23,2026-07-23,FO,NSE,IDO,61445,,NIFTY,,2026-08-25,2026-08-25,23200.00,CE,NIFTY26AUG23200CE,905.05,951.00,820.00,860.75,875.85,983.95,23869.60,860.75,12740,1690,120,187767388.25,98,F1,65,,,,,
2026-07-23,2026-07-23,FO,NSE,IDO,61409,,NIFTY,,2026-08-25,2026-08-25,22700.00,CE,NIFTY26AUG22700CE,0.00,0.00,0.00,1578.10,1578.10,1578.10,23869.60,1384.00,1950,0,0,0.00,0,F1,65,,,,,
2026-07-23,2026-07-23,FO,NSE,IDO,61399,,NIFTY,,2026-08-25,2026-08-25,22550.00,CE,NIFTY26AUG22550CE,0.00,0.00,0.00,1773.25,1773.25,1773.25,23869.60,1514.40,130,0,0,0.00,0,F1,65,,,,,
2026-07-23,2026-07-23,FO,NSE,IDO,61356,,NIFTY,,2026-08-25,2026-08-25,22100.00,CE,NIFTY26AUG22100CE,0.00,0.00,0.00,2281.05,0.00,2281.05,23869.60,1925.90,0,0,0,0.00,0,F1,65,,,,,
2026-07-23,2026-07-23,FO,NSE,IDO,45166,,NIFTY,,2026-08-18,2026-08-18,25400.00,CE,NIFTY2681825400CE,0.00,0.00,0.00,124.85,0.00,124.85,23869.60,51.80,0,0,0,0.00,0,F1,65,,,,,
2026-07-23,2026-07-23,FO,NSE,IDO,45164,,NIFTY,,2026-08-18,2026-08-18,25350.00,CE,NIFTY2681825350CE,0.00,0.00,0.00,133.55,0.00,133.55,23869.60,56.75,0,0,0,0.00,0,F1,65,,,,,
2026-07-23,2026-07-23,FO,NSE,IDO,45162,,NIFTY,,2026-08-18,2026-08-18,25300.00,CE,NIFTY2681825300CE,0.00,0.00,0.00,109.95,109.95,109.95,23869.60,62.05,65,0,0,0.00,0,F1,65,,,,,
2026-07-23,2026-07-23,FO,NSE,IDO,45104,,NIFTY,,2026-08-18,2026-08-18,24350.00,CE,NIFTY2681824350CE,165.30,185.00,136.00,149.65,149.80,201.10,23869.60,149.65,5915,2665,263,418862476.50,143,F1,65,,,,,
2026-07-23,2026-07-23,FO,NSE,IDO,45102,,NIFTY,,2026-08-18,2026-08-18,24300.00,CE,NIFTY2681824300CE,187.10,202.90,154.45,168.00,171.45,220.80,23869.60,168.00,18785,2535,319,507479768.25,245,F1,65,,,,,
2026-07-23,2026-07-23,FO,NSE,IDO,45084,,NIFTY,,2026-08-18,2026-08-18,23950.00,CE,NIFTY2681823950CE,345.00,374.15,303.35,308.25,320.00,387.50,23869.60,308.25,3640,1950,100,157876530.50,79,F1,65,,,,,
2026-07-23,2026-07-23,FO,NSE,IDO,45023,,NIFTY,,2026-08-18,2026-08-18,22700.00,CE,NIFTY2681822700CE,0.00,0.00,0.00,1551.05,0.00,1551.05,23869.60,1324.70,0,0,0,0.00,0,F1,65,,,,,
2026-07-23,2026-07-23,FO,NSE,IDO,45011,,NIFTY,,2026-08-18,2026-08-18,22450.00,CE,NIFTY2681822450CE,0.00,0.00,0.00,1774.75,0.00,1774.75,23869.60,1549.95,0,0,0,0.00,0,F1,65,,,,,
2026-07-23,2026-07-23,FO,NSE,IDO,41079,,NIFTY,,2026-08-11,2026-08-11,26000.00,CE,NIFTY2681126000CE,3.90,4.40,3.30,3.95,4.00,4.15,23869.60,3.95,75660,1365,718,1213598743.50,290,F1,65,,,,,
2026-07-23,2026-07-23,FO,NSE,IDO,41061,,NIFTY,,2026-08-11,2026-08-11,25600.00,CE,NIFTY2681125600CE,5.40,6.05,4.90,5.65,5.65,155.15,23869.60,15.80,195,195,29,48266214.75,15,F1,65,,,,,
2026-07-23,2026-07-23,FO,NSE,IDO,41051,,NIFTY,,2026-08-11,2026-08-11,25350.00,CE,NIFTY2681125350CE,0.00,0.00,0.00,212.05,0.00,212.05,23869.60,28.75,0,0,0,0.00,0,F1,65,,,,,
2026-07-23,2026-07-23,FO,NSE,IDO,41049,,NIFTY,,2026-08-11,2026-08-11,25300.00,CE,NIFTY2681125300CE,13.25,13.25,9.65,10.05,10.05,12.95,23869.60,10.05,34710,27105,1477,2429955401.25,858,F1,65,,,,,
2026-07-23,2026-07-23,FO,NSE,IDO,40987,,NIFTY,,2026-08-11,2026-08-11,23900.00,CE,NIFTY2681123900CE,314.00,341.95,257.00,279.95,283.00,360.60,23869.60,279.95,117780,85800,6594,10369531006.25,3851,F1,65,,,,,
2026-07-23,2026-07-23,FO,NSE,IDO,40979,,NIFTY,,2026-08-11,2026-08-11,23750.00,CE,NIFTY2681123750CE,397.95,434.95,335.00,364.85,367.20,454.65,23869.60,364.85,5850,2990,188,294632942.50,135,F1,65,,,,,
2026-07-23,2026-07-23,FO,NSE,IDO,40945,,NIFTY,,2026-08-11,2026-08-11,22900.00,CE,NIFTY2681122900CE,0.00,0.00,0.00,1685.10,0.00,1685.10,23869.60,1096.45,0,0,0,0.00,0,F1,65,,,,,
2026-07-23,2026-07-23,FO,NSE,IDO,40919,,NIFTY,,2026-08-11,2026-08-11,22300.00,CE,NIFTY2681122300CE,0.00,0.00,0.00,2244.00,0.00,2244.00,23869.60,1651.15,0,0,0,0.00,0,F1,65,,,,,
2026-07-23,2026-07-23,FO,NSE,IDO,40913,,NIFTY,,2026-08-11,2026-08-11,22150.00,CE,NIFTY2681122150CE,0.00,0.00,0.00,2388.45,0.00,2388.45,23869.60,1796.55,0,0,0,0.00,0,F1,65,,,,,
2026-07-23,2026-07-23,FO,NSE,IDO,40909,,NIFTY,,2026-08-11,2026-08-11,22050.00,CE,NIFTY2681122050CE,0.00,0.00,0.00,2485.45,0.00,2485.45,23869.60,1894.30,0,0,0,0.00,0,F1,65,,,,,
2026-07-23,2026-07-23,FO,NSE,IDO,66066,,NIFTY,,2026-08-04,2026-08-04,26200.00,CE,NIFTY2680426200CE,1.75,2.75,1.45,1.95,1.80,1.75,23869.60,1.95,74425,6565,2286,3893353574.50,1340,F1,65,,,,,
2026-07-23,2026-07-23,FO,NSE,IDO,66058,,NIFTY,,2026-08-04,2026-08-04,26050.00,CE,NIFTY2680426050CE,1.70,3.00,1.65,1.80,1.70,2.05,23869.60,1.80,2990,-130,27,45721201.50,20,F1,65,,,,,
2026-07-23,2026-07-23,FO,NSE,IDO,66006,,NIFTY,,2026-08-04,2026-08-04,25750.00,CE,NIFTY2680425750CE,2.20,4.30,2.10,2.60,2.45,2.75,23869.60,2.60,6630,1625,207,346501925.25,77,F1,65,,,,,
2026-07-23,2026-07-23,FO,NSE,IDO,55702,,NIFTY,,2030-12-31,2030-12-31,21000.00,CE,NIFTY30DEC21000CE,0.00,0.00,0.00,10552.50,0.00,10552.50,23869.60,8605.45,0,0,0,0.00,0,F1,65,,,,,
2026-07-23,2026-07-23,FO,NSE,IDO,61932,,NIFTY,,2029-12-24,2029-12-24,30000.00,CE,NIFTY29DEC30000CE,0.00,0.00,0.00,2863.20,2863.20,2863.20,23869.60,2930.70,8145,0,0,0.00,0,F1,65,,,,,
2026-07-23,2026-07-23,FO,NSE,IDO,55604,,NIFTY,,2029-12-24,2029-12-24,25500.00,CE,NIFTY29DEC25500CE,0.00,0.00,0.00,6500.60,0.00,6500.60,23869.60,4854.55,0,0,0,0.00,0,F1,65,,,,,
2026-07-23,2026-07-23,FO,NSE,IDO,89636,,NIFTY,,2029-06-26,2029-06-26,27000.00,CE,NIFTY29JUN27000CE,0.00,0.00,0.00,6570.40,0.00,6570.40,23869.60,3529.20,0,0,0,0.00,0,F1,65,,,,,
2026-07-23,2026-07-23,FO,NSE,IDO,55516,,NIFTY,,2028-12-26,2028-12-26,16500.00,CE,NIFTY28DEC16500CE,0.00,0.00,0.00,12176.65,0.00,12176.65,23869.60,9856.75,0,0,0,0.00,0,F1,65,,,,,
2026-07-23,2026-07-23,FO,NSE,IDO,80270,,NIFTY,,2027-03-30,2027-03-30,22500.00,CE,NIFTY27MAR22500CE,0.00,0.00,0.00,2868.30,2868.30,2868.30,23869.60,2780.05,195,0,0,0.00,0,F1,65,,,,,
2026-07-23,2026-07-23,FO,NSE,IDO,55336,,NIFTY,,2026-12-29,2026-12-29,34500.00,CE,NIFTY26DEC34500CE,0.00,0.00,0.00,7.05,7.05,7.05,23869.60,1.00,650,0,0,0.00,0,F1,65,,,,,
2026-07-23,2026-07-23,FO,NSE,IDO,58640,,NIFTY,,2026-12-29,2026-12-29,18000.00,CE,NIFTY26DEC18000CE,0.00,0.00,0.00,6755.00,6755.00,6755.00,23869.60,6382.25,2145,0,0,0.00,0,F1,65,,,,,
2026-07-23,2026-07-23,FO,NSE,IDO,74386,,NIFTY,,2026-09-29,2026-09-29,25300.00,CE,NIFTY26SEP25300CE,118.00,128.25,104.95,109.10,108.80,133.95,23869.60,109.10,106925,21450,1968,3250852741.50,1280,F1,65,,,,,
2026-07-23,2026-07-23,FO,NSE,IDO,74384,,NIFTY,,2026-09-29,2026-09-29,25250.00,CE,NIFTY26SEP25250CE,0.00,0.00,0.00,422.05,0.00,422.05,23869.60,296.70,0,0,0,0.00,0,F1,65,,,,,
2026-07-23,2026-07-23,FO,NSE,IDO,74366,,NIFTY,,2026-09-29,2026-09-29,25050.00,CE,NIFTY26SEP25050CE,175.85,182.00,152.10,158.75,159.40,193.40,23869.60,158.75,12610,1950,164,268770853.00,103,F1,65,,,,,
2026-07-23,2026-07-23,FO,NSE,IDO,61427,,NIFTY,,2026-08-25,2026-08-25,22950.00,PE,NIFTY26AUG22950PE,81.05,101.60,66.20,87.70,87.35,73.25,23869.60,87.70,40950,-4940,604,904138183.00,391,F1,65,,,,,
2026-07-23,2026-07-23,FO,NSE,IDO,63849,,NIFTY,,2026-07-28,2026-07-28,21850.00,CE,NIFTY26JUL21850CE,0.00,0.00,0.00,2031.20,2031.20,2031.20,23869.60,2037.80,65,0,0,0.00,0,F1,65,,,,,
2026-07-23,2026-07-23,FO,NSE,IDO,63871,,NIFTY,,2026-07-28,2026-07-28,22400.00,CE,NIFTY26JUL22400CE,1500.00,1500.00,1411.00,1411.00,1411.00,1585.00,23869.60,1488.35,715,-130,2,3101215.00,2,F1,65,,,,,
2026-07-23,2026-07-23,FO,NSE,IDO,63915,,NIFTY,,2026-07-28,2026-07-28,23500.00,CE,NIFTY26JUL23500CE,450.00,511.40,344.00,397.60,405.45,510.20,23869.60,397.60,820170,-32565,45827,71209572193.50,27795,F1,65,,,,,
2026-07-23,2026-07-23,FO,NSE,IDO,63919,,NIFTY,,2026-07-28,2026-07-28,23600.00,CE,NIFTY26JUL23600CE,354.35,419.90,264.85,310.55,321.55,423.05,23869.60,310.55,367315,126880,59613,92678854609.25,37986,F1,65,,,,,
2026-07-23,2026-07-23,FO,NSE,IDO,63925,,NIFTY,,2026-07-28,2026-07-28,23700.00,CE,NIFTY26JUL23700CE,265.05,333.75,195.45,233.05,243.90,339.45,23869.60,233.05,796055,536055,200045,311346648999.75,123180,F1,65,,,,,
2026-07-23,2026-07-23,FO,NSE,IDO,63971,,NIFTY,,2026-07-28,2026-07-28,24800.00,CE,NIFTY26JUL24800CE,6.00,6.00,2.85,3.20,3.20,6.40,23869.60,3.20,6327750,749190,434694,700835433298.00,100038,F1,65,,,,,
2026-07-23,2026-07-23,FO,NSE,IDO,63975,,NIFTY,,2026-07-28,2026-07-28,24900.00,CE,NIFTY26JUL24900CE,4.50,4.50,2.35,2.70,2.70,5.10,23869.60,2.70,3436745,11960,376410,609296865703.50,78365,F1,65,,,,,
2026-07-23,2026-07-23,FO,NSE,IDO,63981,,NIFTY,,2026-07-28,2026-07-28,25050.00,CE,NIFTY26JUL25050CE,3.20,3.55,1.90,2.15,2.05,3.75,23869.60,2.15,925470,-278850,102373,166705768199.75,24904,F1,65,,,,,
2026-07-23,2026-07-23,FO,NSE,IDO,63998,,NIFTY,,2026-07-28,2026-07-28,25400.00,CE,NIFTY26JUL25400CE,1.60,2.25,1.25,1.40,1.25,1.90,23869.60,1.40,3914300,-511485,171240,282734381397.00,38726,F1,65,,,,,
2026-07-23,2026-07-23,FO,NSE,IDO,65445,,NIFTY,,2026-08-04,2026-08-04,22750.00,CE,NIFTY2680422750CE,0.00,0.00,0.00,1368.05,0.00,1368.05,23869.60,1180.15,0,0,0,0.00,0,F1,65,,,,,
2026-07-23,2026-07-23,FO,NSE,IDO,65447,,NIFTY,,2026-08-04,2026-08-04,22800.00,CE,NIFTY2680422800CE,0.00,0.00,0.00,1328.00,0.00,1328.00,23869.60,1133.05,0,0,0,0.00,0,F1,65,,,,,
2026-07-23,2026-07-23,FO,NSE,IDO,65867,,NIFTY,,2026-08-04,2026-08-04,24550.00,CE,NIFTY2680424550CE,40.10,53.25,26.70,30.10,30.50,51.70,23869.60,30.10,159055,41665,9166,14646365981.00,6534,F1,65,,,,,
2026-07-23,2026-07-23,FO,NSE,IDO,65871,,NIFTY,,2026-08-04,2026-08-04,24600.00,CE,NIFTY2680424600CE,32.15,35.45,22.30,25.25,25.70,43.60,23869.60,25.25,718380,-132145,48587,77776971034.75,33388,F1,65,,,,,
2026-07-23,2026-07-23,FO,NSE,IDO,65883,,NIFTY,,2026-08-04,2026-08-04,24700.00,CE,NIFTY2680424700CE,23.05,24.85,15.90,17.95,18.25,31.05,23869.60,17.95,559650,5005,29886,48020639407.00,19913,F1,65,,,,,
2026-07-23,2026-07-23,FO,NSE,IDO,65920,,NIFTY,,2026-08-04,2026-08-04,25100.00,CE,NIFTY2680425100CE,7.95,7.95,5.60,6.10,5.85,8.50,23869.60,6.10,325715,5785,14670,23940000990.75,7912,F1,65,,,,,
2026-07-23,2026-07-23,FO,NSE,IDO,65942,,NIFTY,,2026-08-04,2026-08-04,25500.00,CE,NIFTY2680425500CE,3.70,3.95,2.60,3.15,2.85,3.65,23869.60,3.15,436410,133900,10071,16694906738.25,4463,F1,65,,,,,
2026-07-23,2026-07-23,FO,NSE,IDO,40937,,NIFTY,,2026-08-11,2026-08-11,22700.00,CE,NIFTY2681122700CE,0.00,0.00,0.00,1867.15,0.00,1867.15,23869.60,1274.85,0,0,0,0.00,0,F1,65,,,,,
2026-07-23,2026-07-23,FO,NSE,IDO,40959,,NIFTY,,2026-08-11,2026-08-11,23250.00,CE,NIFTY2681123250CE,723.80,723.80,722.60,722.60,722.60,1381.00,23869.60,808.20,390,390,6,9349392.00,4,F1,65,,,,,
2026-07-23,2026-07-23,FO,NSE,IDO,40963,,NIFTY,,2026-08-11,2026-08-11,23350.00,CE,NIFTY2681123350CE,687.55,706.10,613.00,641.65,641.65,783.90,23869.60,641.65,845,650,15,23403532.75,14,F1,65,,,,,
2026-07-23,2026-07-23,FO,NSE,IDO,41057,,NIFTY,,2026-08-11,2026-08-11,25500.00,CE,NIFTY2681125500CE,8.65,8.65,5.65,6.05,6.50,8.45,23869.60,6.05,33735,10725,546,905233962.75,263,F1,65,,,,,
2026-07-23,2026-07-23,FO,NSE,IDO,41059,,NIFTY,,2026-08-11,2026-08-11,25550.00,CE,NIFTY2681125550CE,5.90,7.95,5.75,5.95,5.90,165.45,23869.60,5.95,2470,2470,61,101332679.50,16,F1,65,,,,,
2026-07-23,2026-07-23,FO,NSE,IDO,41075,,NIFTY,,2026-08-11,2026-08-11,25900.00,CE,NIFTY2681125900CE,3.90,5.20,3.90,4.65,4.65,3.90,23869.60,7.25,1690,260,16,26940637.75,9,F1,65,,,,,
2026-07-23,2026-07-23,FO,NSE,IDO,63951,,NIFTY,,2026-07-28,2026-07-28,24300.00,CE,NIFTY26JUL24300CE,34.65,34.65,15.35,18.15,19.20,46.40,23869.60,18.15,8298030,752505,861055,1361354028498.75,307066,F1,65,,,,,
2026-07-23,2026-07-23,FO,NSE,IDO,63941,,NIFTY,,2026-07-28,2026-07-28,24050.00,CE,NIFTY26JUL24050CE,90.00,106.45,47.70,59.65,63.20,123.95,23869.60,59.65,4270045,-527280,813303,1275472515229.25,422887,F1,65,,,,,
2026-07-23,2026-07-23,FO,NSE,IDO,63899,,NIFTY,,2026-07-28,2026-07-28,23100.00,CE,NIFTY26JUL23100CE,840.00,886.00,718.70,779.30,789.00,890.55,23869.60,779.30,46475,-1950,134,208139483.50,123,F1,65,,,,,
2026-07-23,2026-07-23,FO,NSE,IDO,63883,,NIFTY,,2026-07-28,2026-07-28,22700.00,CE,NIFTY26JUL22700CE,1249.15,1285.00,1185.00,1185.00,1185.00,1292.00,23869.60,1185.00,5785,-2665,110,171207413.00,106,F1,65,,,,,
2026-07-23,2026-07-23,FO,NSE,IDF,61093,,NIFTY,,2026-07-28,2026-07-28,,,NIFTY26JULFUT,23880.00,23996.00,23808.60,23873.60,23886.00,23988.40,23869.60,23873.60,11808940,-2640430,80807,125535781455.50,45934,F1,65,,,,,
2026-07-23,2026-07-23,FO,NSE,IDO,74243,,NIFTY,,2026-09-29,2026-09-29,24550.00,CE,NIFTY26SEP24550CE,0.00,0.00,0.00,443.80,443.80,443.80,23869.60,523.55,4940,0,0,0.00,0,F1,65,,,,,
2026-07-23,2026-07-23,FO,NSE,IDO,73925,,NIFTY,,2026-09-29,2026-09-29,23350.00,CE,NIFTY26SEP23350CE,0.00,0.00,0.00,1086.90,1086.90,1086.90,23869.60,1157.15,650,0,0,0.00,0,F1,65,,,,,
2026-07-23,2026-07-23,FO,NSE,IDO,55286,,NIFTY,,2026-09-29,2026-09-29,25500.00,CE,NIFTY26SEP25500CE,90.00,96.70,79.15,82.00,81.20,101.10,23869.60,82.00,1341275,96915,12362,20560163601.25,6359,F1,65,,,,,
2026-07-23,2026-07-23,FO,NSE,IDO,74418,,NIFTY,,2026-09-29,2026-09-29,25750.00,CE,NIFTY26SEP25750CE,0.00,0.00,0.00,293.50,0.00,293.50,23869.60,188.70,0,0,0,0.00,0,F1,65,,,,,
2026-07-23,2026-07-23,FO,NSE,IDO,74422,,NIFTY,,2026-09-29,2026-09-29,25850.00,CE,NIFTY26SEP25850CE,0.00,0.00,0.00,117.25,117.25,117.25,23869.60,171.45,65,0,0,0.00,0,F1,65,,,,,
2026-07-23,2026-07-23,FO,NSE,IDO,65904,,NIFTY,,2026-09-29,2026-09-29,26000.00,CE,NIFTY26SEP26000CE,43.75,46.55,38.45,39.70,39.15,47.30,23869.60,39.70,1865425,-87535,11089,18770903180.25,5408,F1,65,,,,,
2026-07-23,2026-07-23,FO,NSE,IDO,58644,,NIFTY,,2026-12-29,2026-12-29,20000.00,CE,NIFTY26DEC20000CE,4425.00,4442.00,4291.10,4326.20,4384.25,4463.00,23869.60,4326.20,571375,2730,99,156687115.00,62,F1,65,,,,,
2026-07-23,2026-07-23,FO,NSE,IDO,80190,,NIFTY,,2027-03-30,2027-03-30,16500.00,CE,NIFTY27MAR16500CE,0.00,0.00,0.00,6995.90,0.00,6995.90,23869.60,8101.10,0,0,0,0.00,0,F1,65,,,,,
2026-07-23,2026-07-23,FO,NSE,IDO,80278,,NIFTY,,2027-03-30,2027-03-30,28500.00,CE,NIFTY27MAR28500CE,105.90,112.00,100.95,102.80,104.50,111.85,23869.60,102.80,31720,-455,222,412765499.25,143,F1,65,,,,,
2026-07-23,2026-07-23,FO,NSE,IDO,55472,,NIFTY,,2028-06-27,2028-06-27,22500.00,CE,NIFTY28JUN22500CE,0.00,0.00,0.00,6796.05,0.00,6796.05,23869.60,4678.00,0,0,0,0.00,0,F1,65,,,,,
2026-07-23,2026-07-23,FO,NSE,IDO,45146,,NIFTY,,2026-08-18,2026-08-18,24950.00,CE,NIFTY2681824950CE,0.00,0.00,0.00,222.15,0.00,222.15,23869.60,112.25,0,0,0,0.00,0,F1,65,,,,,
2026-07-23,2026-07-23,FO,NSE,IDO,45194,,NIFTY,,2026-08-18,2026-08-18,25850.00,CE,NIFTY2681825850CE,6.15,6.15,6.15,6.15,6.15,65.40,23869.60,21.55,130,130,2,3361299.50,1,F1,65,,,,,
2026-07-23,2026-07-23,FO,NSE,IDO,61177,,NIFTY,,2026-08-25,2026-08-25,21450.00,CE,NIFTY26AUG21450CE,0.00,0.00,0.00,2848.15,0.00,2848.15,23869.60,2552.55,0,0,0,0.00,0,F1,65,,,,,
2026-07-23,2026-07-23,FO,NSE,IDO,61271,,NIFTY,,2026-08-25,2026-08-25,21550.00,CE,NIFTY26AUG21550CE,0.00,0.00,0.00,2758.30,0.00,2758.30,23869.60,2454.70,0,0,0,0.00,0,F1,65,,,,,
2026-07-23,2026-07-23,FO,NSE,IDO,61403,,NIFTY,,2026-08-25,2026-08-25,22650.00,CE,NIFTY26AUG22650CE,0.00,0.00,0.00,1560.55,1560.55,1560.55,23869.60,1427.00,845,0,0,0.00,0,F1,65,,,,,
2026-07-23,2026-07-23,FO,NSE,IDO,61455,,NIFTY,,2026-08-25,2026-08-25,23300.00,CE,NIFTY26AUG23300CE,858.55,875.55,745.00,788.30,798.05,899.70,23869.60,788.30,12870,1885,117,183259924.25,97,F1,65,,,,,
2026-07-23,2026-07-23,FO,NSE,IDO,61623,,NIFTY,,2026-08-25,2026-08-25,24150.00,CE,NIFTY26AUG24150CE,309.00,316.40,250.00,269.75,269.35,335.95,23869.60,269.75,71045,6240,731,1160754601.50,565,F1,65,,,,,
2026-07-23,2026-07-23,FO,NSE,IDO,61717,,NIFTY,,2026-08-25,2026-08-25,24350.00,CE,NIFTY26AUG24350CE,229.55,229.95,177.90,190.55,194.00,245.65,23869.60,190.55,43420,0,549,876041052.25,460,F1,65,,,,,
2026-07-23,2026-07-23,FO,NSE,IDO,61981,,NIFTY,,2026-08-25,2026-08-25,25650.00,CE,NIFTY26AUG25650CE,15.75,16.30,11.00,12.20,11.75,16.45,23869.60,12.20,58240,-8320,368,613876776.50,241,F1,65,,,,,
2026-07-23,2026-07-23,FO,NSE,IDO,61983,,NIFTY,,2026-08-25,2026-08-25,25700.00,CE,NIFTY26AUG25700CE,14.45,14.90,10.80,11.10,11.10,14.95,23869.60,11.10,136045,-2470,3123,5219440700.50,2061,F1,65,,,,,
2026-07-23,2026-07-23,FO,NSE,IDO,46973,,NIFTY,,2026-09-01,2026-09-01,23700.00,CE,NIFTY2690123700CE,0.00,0.00,0.00,932.70,0.00,932.70,23869.60,714.50,0,0,0,0.00,0,F1,65,,,,,
2026-07-23,2026-07-23,FO,NSE,IDO,46987,,NIFTY,,2026-09-01,2026-09-01,24050.00,CE,NIFTY2690124050CE,0.00,0.00,0.00,715.35,0.00,715.35,23869.60,527.15,0,0,0,0.00,0,F1,65,,,,,
2026-07-23,2026-07-23,FO,NSE,IDO,46993,,NIFTY,,2026-09-01,2026-09-01,24200.00,CE,NIFTY2690124200CE,0.00,0.00,0.00,632.65,0.00,632.65,23869.60,457.95,0,0,0,0.00,0,F1,65,,,,,
2026-07-23,2026-07-23,FO,NSE,IDO,46997,,NIFTY,,2026-09-01,2026-09-01,24300.00,CE,NIFTY2690124300CE,0.00,0.00,0.00,581.10,0.00,581.10,23869.60,415.45,0,0,0,0.00,0,F1,65,,,,,
2026-07-23,2026-07-23,FO,NSE,IDO,47055,,NIFTY,,2026-09-01,2026-09-01,25750.00,CE,NIFTY2690125750CE,0.00,0.00,0.00,125.80,0.00,125.80,23869.60,72.65,0,0,0,0.00,0,F1,65,,,,,
2026-07-23,2026-07-23,FO,NSE,IDO,73856,,NIFTY,,2026-09-29,2026-09-29,21900.00,CE,NIFTY26SEP21900CE,0.00,0.00,0.00,2350.00,2350.00,2350.00,23869.60,2304.70,130,0,0,0.00,0,F1,65,,,,,
2026-07-23,2026-07-23,FO,NSE,IDO,55284,,NIFTY,,2026-09-29,2026-09-29,22500.00,CE,NIFTY26SEP22500CE,1692.00,1764.40,1620.00,1659.65,1668.85,1770.00,23869.60,1659.65,171925,3055,150,235477125.00,108,F1,65,,,,,
2026-07-23,2026-07-23,FO,NSE,IDO,73901,,NIFTY,,2026-09-29,2026-09-29,22950.00,CE,NIFTY26SEP22950CE,0.00,0.00,0.00,1377.20,1377.20,1377.20,23869.60,1438.00,390,0,0,0.00,0,F1,65,,,,,
2026-07-23,2026-07-23,FO,NSE,IDO,74058,,NIFTY,,2026-09-29,2026-09-29,23950.00,CE,NIFTY26SEP23950CE,632.00,633.15,571.00,571.00,571.00,667.70,23869.60,800.20,1885,455,8,12770819.75,7,F1,65,,,,,
2026-07-23,2026-07-23,FO,NSE,IDO,74068,,NIFTY,,2026-09-29,2026-09-29,24200.00,CE,NIFTY26SEP24200CE,484.05,517.20,440.00,462.30,463.90,534.10,23869.60,462.30,137475,54535,2277,3650144949.75,1662,F1,65,,,,,
2026-07-23,2026-07-23,FO,NSE,IDO,74388,,NIFTY,,2026-09-29,2026-09-29,25350.00,CE,NIFTY26SEP25350CE,0.00,0.00,0.00,393.25,0.00,393.25,23869.60,272.95,0,0,0,0.00,0,F1,65,,,,,
2026-07-23,2026-07-23,FO,NSE,IDO,55292,,NIFTY,,2026-09-29,2026-09-29,34500.00,CE,NIFTY26SEP34500CE,1.50,1.50,0.90,1.40,1.40,1.30,23869.60,0.00,9815,975,37,82975477.00,7,F1,65,,,,,
2026-07-23,2026-07-23,FO,NSE,IDO,71501,,NIFTY,,2026-12-29,2026-12-29,24000.00,CE,NIFTY26DEC24000CE,1121.05,1145.95,1042.75,1072.05,1073.10,1161.25,23869.60,1072.05,786450,1300,2331,3801831335.25,1738,F1,65,,,,,
2026-07-23,2026-07-23,FO,NSE,IDO,35235,,NIFTY,,2026-12-29,2026-12-29,30000.00,CE,NIFTY26DEC30000CE,17.55,22.75,17.55,18.45,18.20,18.55,23869.60,18.45,749995,10140,775,1512242199.00,318,F1,65,,,,,
2026-07-23,2026-07-23,FO,NSE,IDO,71547,,NIFTY,,2027-06-29,2027-06-29,18000.00,CE,NIFTY27JUN18000CE,0.00,0.00,0.00,4066.45,0.00,4066.45,23869.60,6967.90,0,0,0,0.00,0,F1,65,,,,,
2026-07-23,2026-07-23,FO,NSE,IDO,86145,,NIFTY,,2028-06-27,2028-06-27,21000.00,CE,NIFTY28JUN21000CE,0.00,0.00,0.00,5226.55,0.00,5226.55,23869.60,5727.70,0,0,0,0.00,0,F1,65,,,,,
2026-07-23,2026-07-23,FO,NSE,IDO,55518,,NIFTY,,2028-12-26,2028-12-26,19500.00,CE,NIFTY28DEC19500CE,0.00,0.00,0.00,9716.40,0.00,9716.40,23869.60,7461.80,0,0,0,0.00,0,F1,65,,,,,
2026-07-23,2026-07-23,FO,NSE,IDO,89630,,NIFTY,,2029-06-26,2029-06-26,24000.00,CE,NIFTY29JUN24000CE,0.00,0.00,0.00,8085.35,0.00,8085.35,23869.60,5056.85,0,0,0,0.00,0,F1,65,,,,,
2026-07-23,2026-07-23,FO,NSE,IDO,61794,,NIFTY,,2029-12-24,2029-12-24,27000.00,CE,NIFTY29DEC27000CE,0.00,0.00,0.00,6201.65,0.00,6201.65,23869.60,4130.05,0,0,0,0.00,0,F1,65,,,,,
2026-07-23,2026-07-23,FO,NSE,IDO,63820,,NIFTY,,2026-07-28,2026-07-28,21300.00,PE,NIFTY26JUL21300PE,1.15,1.30,0.65,0.70,0.70,0.95,23869.60,0.70,719810,196495,12372,17129844342.00,3808,F1,65,,,,,
2026-07-23,2026-07-23,FO,NSE,IDO,63826,,NIFTY,,2026-07-28,2026-07-28,21400.00,PE,NIFTY26JUL21400PE,1.45,1.45,0.70,0.75,0.75,1.05,23869.60,0.75,241345,-1105,11393,15848418787.50,3326,F1,65,,,,,
2026-07-23,2026-07-23,FO,NSE,IDO,63843,,NIFTY,,2026-07-28,2026-07-28,21700.00,PE,NIFTY26JUL21700PE,1.25,1.80,0.85,0.90,0.90,1.35,23869.60,0.90,243945,77870,13291,18748017427.75,4359,F1,65,,,,,
2026-07-23,2026-07-23,FO,NSE,IDO,63882,,NIFTY,,2026-07-28,2026-07-28,22650.00,PE,NIFTY26JUL22650PE,4.10,4.30,1.85,2.10,1.95,3.00,23869.60,2.10,600990,-184665,111320,163910192537.00,26174,F1,65,,,,,
2026-07-23,2026-07-23,FO,NSE,IDO,63896,,NIFTY,,2026-07-28,2026-07-28,23000.00,PE,NIFTY26JUL23000PE,5.55,7.80,3.30,3.80,3.45,5.25,23869.60,3.80,10680475,-727090,573645,857777755142.75,131730,F1,65,,,,,
2026-07-23,2026-07-23,FO,NSE,IDO,63908,,NIFTY,,2026-07-28,2026-07-28,23300.00,PE,NIFTY26JUL23300PE,11.20,17.00,7.00,9.50,9.15,11.25,23869.60,9.50,4851600,761345,512953,777230593750.00,132847,F1,65,,,,,
2026-07-23,2026-07-23,FO,NSE,IDO,63910,,NIFTY,,2026-07-28,2026-07-28,23350.00,PE,NIFTY26JUL23350PE,14.55,20.70,8.30,11.75,11.10,13.50,23869.60,11.75,2178605,844415,299104,454221047549.75,94903,F1,65,,,,,
2026-07-23,2026-07-23,FO,NSE,IDO,63926,,NIFTY,,2026-07-28,2026-07-28,23700.00,PE,NIFTY26JUL23700PE,72.55,90.60,36.75,61.35,59.00,54.85,23869.60,61.35,5082740,-228150,1071391,1654812584018.75,471132,F1,65,,,,,
2026-07-23,2026-07-23,FO,NSE,IDO,63928,,NIFTY,,2026-07-28,2026-07-28,23750.00,PE,NIFTY26JUL23750PE,92.50,110.85,46.30,77.05,73.05,67.20,23869.60,77.05,1814865,783055,741888,1149064058363.00,393531,F1,65,,,,,
2026-07-23,2026-07-23,FO,NSE,IDO,63940,,NIFTY,,2026-07-28,2026-07-28,24000.00,PE,NIFTY26JUL24000PE,193.30,257.85,132.30,201.05,193.95,161.80,23869.60,201.05,6282120,-5932810,1878149,2951774132349.25,1134829,F1,65,,,,,
2026-07-23,2026-07-23,FO,NSE,IDO,63956,,NIFTY,,2026-07-28,2026-07-28,24400.00,PE,NIFTY26JUL24400PE,490.00,607.75,422.60,535.60,527.90,443.80,23869.60,535.60,822185,-213200,16917,27374068403.50,11849,F1,65,,,,,
2026-07-23,2026-07-23,FO,NSE,IDO,63968,,NIFTY,,2026-07-28,2026-07-28,24700.00,PE,NIFTY26JUL24700PE,804.05,899.10,707.15,820.30,814.85,719.15,23869.60,820.30,239070,-37635,2328,3857635684.50,1409,F1,65,,,,,
2026-07-23,2026-07-23,FO,NSE,IDO,64001,,NIFTY,,2026-07-28,2026-07-28,25450.00,PE,NIFTY26JUL25450PE,1500.00,1500.00,1500.00,1500.00,1500.00,1275.00,23869.60,1559.30,195,0,1,1751750.00,1,F1,65,,,,,
2026-07-23,2026-07-23,FO,NSE,IDO,64018,,NIFTY,,2026-07-28,2026-07-28,25850.00,PE,NIFTY26JUL25850PE,0.00,0.00,0.00,1660.00,1660.00,1660.00,23869.60,1958.90,325,0,0,0.00,0,F1,65,,,,,
2026-07-23,2026-07-23,FO,NSE,IDO,64028,,NIFTY,,2026-07-28,2026-07-28,26050.00,PE,NIFTY26JUL26050PE,2175.50,2175.50,2175.50,2175.50,2175.50,1980.90,23869.60,2158.75,1040,0,1,1834657.50,1,F1,65,,,,,
2026-07-23,2026-07-23,FO,NSE,IDO,65203,,NIFTY,,2026-08-04,2026-08-04,21800.00,PE,NIFTY2680421800PE,3.60,4.30,3.35,3.95,3.95,3.85,23869.60,3.95,218335,53430,2807,3978224133.00,1044,F1,65,,,,,
2026-07-23,2026-07-23,FO,NSE,IDO,65444,,NIFTY,,2026-08-04,2026-08-04,22700.00,PE,NIFTY2680422700PE,10.60,13.30,7.55,10.00,9.75,9.55,23869.60,10.00,155350,31980,6346,9367783928.75,3760,F1,65,,,,,
2026-07-23,2026-07-23,FO,NSE,IDO,65522,,NIFTY,,2026-08-04,2026-08-04,23100.00,PE,NIFTY2680423100PE,28.00,35.60,18.35,26.60,27.35,24.05,23869.60,26.60,600275,98670,26029,39128530733.50,18820,F1,65,,,,,
2026-07-23,2026-07-23,FO,NSE,IDO,65528,,NIFTY,,2026-08-04,2026-08-04,23250.00,PE,NIFTY2680423250PE,42.65,53.00,27.75,40.05,41.55,34.75,23869.60,40.05,90350,25155,4555,6895234290.75,3370,F1,65,,,,,
2026-07-23,2026-07-23,FO,NSE,IDO,65694,,NIFTY,,2026-08-04,2026-08-04,24000.00,PE,NIFTY2680424000PE,258.00,327.10,211.95,279.40,276.30,229.40,23869.60,279.40,1522365,420420,70498,111181524356.50,48121,F1,65,,,,,
2026-07-23,2026-07-23,FO,NSE,IDO,65941,,NIFTY,,2026-08-04,2026-08-04,25450.00,PE,NIFTY2680425450PE,1480.00,1480.00,1480.00,1480.00,1480.00,1562.10,23869.60,1535.40,65,65,1,1750450.00,1,F1,65,,,,,
2026-07-23,2026-07-23,FO,NSE,IDO,66031,,NIFTY,,2026-08-04,2026-08-04,25850.00,PE,NIFTY2680425850PE,0.00,0.00,0.00,1911.25,0.00,1911.25,23869.60,1930.10,0,0,0,0.00,0,F1,65,,,,,
2026-07-23,2026-07-23,FO,NSE,IDO,40968,,NIFTY,,2026-08-11,2026-08-11,23450.00,PE,NIFTY2681123450PE,111.55,136.45,88.90,119.40,113.95,97.35,23869.60,119.40,5395,455,175,267986039.75,158,F1,65,,,,,
2026-07-23,2026-07-23,FO,NSE,IDO,40974,,NIFTY,,2026-08-11,2026-08-11,23600.00,PE,NIFTY2681123600PE,153.00,185.00,120.00,161.20,158.15,130.65,23869.60,161.20,42835,18525,1500,2316002991.25,1041,F1,65,,,,,
2026-07-23,2026-07-23,FO,NSE,IDO,40976,,NIFTY,,2026-08-11,2026-08-11,23650.00,PE,NIFTY2681123650PE,168.05,201.10,135.45,176.55,173.50,144.45,23869.60,176.55,16835,4160,330,510884848.50,278,F1,65,,,,,
2026-07-23,2026-07-23,FO,NSE,IDO,41008,,NIFTY,,2026-08-11,2026-08-11,24400.00,PE,NIFTY2681124400PE,545.00,640.00,505.35,594.25,592.90,498.40,23869.60,594.25,13390,845,75,121825548.00,60,F1,65,,,,,
2026-07-23,2026-07-23,FO,NSE,IDO,41068,,NIFTY,,2026-08-11,2026-08-11,25700.00,PE,NIFTY2681125700PE,0.00,0.00,0.00,1288.70,0.00,1288.70,23869.60,1761.45,0,0,0,0.00,0,F1,65,,,,,
2026-07-23,2026-07-23,FO,NSE,IDO,45055,,NIFTY,,2026-08-18,2026-08-18,23300.00,PE,NIFTY2681823300PE,109.30,133.40,93.80,119.80,117.35,101.35,23869.60,119.80,3120,845,86,130857057.50,69,F1,65,,,,,
2026-07-23,2026-07-23,FO,NSE,IDO,45093,,NIFTY,,2026-08-18,2026-08-18,24050.00,PE,NIFTY2681824050PE,351.00,424.10,323.15,386.75,386.95,326.20,23869.60,386.75,3640,-65,54,85690244.25,47,F1,65,,,,,
2026-07-23,2026-07-23,FO,NSE,IDO,45101,,NIFTY,,2026-08-18,2026-08-18,24250.00,PE,NIFTY2681824250PE,431.30,545.30,431.30,525.50,524.65,427.00,23869.60,525.50,1495,-1105,29,46674280.25,24,F1,65,,,,,
2026-07-23,2026-07-23,FO,NSE,IDO,45173,,NIFTY,,2026-08-18,2026-08-18,25550.00,PE,NIFTY2681825550PE,0.00,0.00,0.00,1452.05,0.00,1452.05,23869.60,1609.10,0,0,0,0.00,0,F1,65,,,,,
2026-07-23,2026-07-23,FO,NSE,IDO,61155,,NIFTY,,2026-08-25,2026-08-25,21250.00,PE,NIFTY26AUG21250PE,12.00,14.35,11.20,11.85,12.50,13.10,23869.60,11.85,5005,260,23,31788032.25,22,F1,65,,,,,
2026-07-23,2026-07-23,FO,NSE,IDO,61458,,NIFTY,,2026-08-25,2026-08-25,23300.00,PE,NIFTY26AUG23300PE,138.25,172.20,113.90,150.35,148.90,123.00,23869.60,150.35,401635,51545,6150,9371975336.75,4021,F1,65,,,,,
2026-07-23,2026-07-23,FO,NSE,IDO,61586,,NIFTY,,2026-08-25,2026-08-25,23900.00,PE,NIFTY26AUG23900PE,330.00,388.05,284.00,347.55,346.65,293.60,23869.60,347.55,507065,202085,17276,27219793337.75,11741,F1,65,,,,,
2026-07-23,2026-07-23,FO,NSE,IDO,61588,,NIFTY,,2026-08-25,2026-08-25,23950.00,PE,NIFTY26AUG23950PE,349.15,411.85,305.00,373.95,366.80,312.75,23869.60,373.95,31785,2925,1327,2096387725.25,975,F1,65,,,,,
2026-07-23,2026-07-23,FO,NSE,IDO,61622,,NIFTY,,2026-08-25,2026-08-25,24100.00,PE,NIFTY26AUG24100PE,428.20,492.85,370.65,449.15,446.55,378.25,23869.60,449.15,1718795,814515,27877,44421188353.75,20752,F1,65,,,,,
2026-07-23,2026-07-23,FO,NSE,IDO,61786,,NIFTY,,2026-08-25,2026-08-25,24650.00,PE,NIFTY26AUG24650PE,765.55,842.70,730.05,830.20,830.20,701.90,23869.60,868.95,2145,-455,15,24802033.75,14,F1,65,,,,,
2026-07-23,2026-07-23,FO,NSE,IDO,61982,,NIFTY,,2026-08-25,2026-08-25,25650.00,PE,NIFTY26AUG25650PE,0.00,0.00,0.00,1696.20,0.00,1696.20,23869.60,1684.20,0,0,0,0.00,0,F1,65,,,,,
2026-07-23,2026-07-23,FO,NSE,IDO,62023,,NIFTY,,2026-08-25,2026-08-25,25900.00,PE,NIFTY26AUG25900PE,0.00,0.00,0.00,1686.35,1686.35,1686.35,23869.60,1913.40,260,0,0,0.00,0,F1,65,,,,,
2026-07-23,2026-07-23,FO,NSE,IDO,62068,,NIFTY,,2026-08-25,2026-08-25,26300.00,PE,NIFTY26AUG26300PE,2185.00,2398.20,2185.00,2337.60,2321.75,2188.75,23869.60,2337.60,84240,55770,1006,1869269190.75,894,F1,65,,,,,
2026-07-23,2026-07-23,FO,NSE,IDO,46918,,NIFTY,,2026-09-01,2026-09-01,22300.00,PE,NIFTY2690122300PE,0.00,0.00,0.00,35.60,0.00,35.60,23869.60,52.50,0,0,0,0.00,0,F1,65,,,,,
2026-07-23,2026-07-23,FO,NSE,IDO,46942,,NIFTY,,2026-09-01,2026-09-01,22900.00,PE,NIFTY2690122900PE,0.00,0.00,0.00,96.80,0.00,96.80,23869.60,136.90,0,0,0,0.00,0,F1,65,,,,,
2026-07-23,2026-07-23,FO,NSE,IDO,46952,,NIFTY,,2026-09-01,2026-09-01,23150.00,PE,NIFTY2690123150PE,0.00,0.00,0.00,139.20,0.00,139.20,23869.60,194.20,0,0,0,0.00,0,F1,65,,,,,
2026-07-23,2026-07-23,FO,NSE,IDO,46972,,NIFTY,,2026-09-01,2026-09-01,23650.00,PE,NIFTY2690123650PE,0.00,0.00,0.00,264.15,0.00,264.15,23869.60,353.90,0,0,0,0.00,0,F1,65,,,,,
2026-07-23,2026-07-23,FO,NSE,IDO,47010,,NIFTY,,2026-09-01,2026-09-01,24600.00,PE,NIFTY2690124600PE,0.00,0.00,0.00,684.35,0.00,684.35,23869.60,857.70,0,0,0,0.00,0,F1,65,,,,,
2026-07-23,2026-07-23,FO,NSE,IDO,73866,,NIFTY,,2026-09-29,2026-09-29,22000.00,PE,NIFTY26SEP22000PE,55.00,67.00,48.05,60.05,62.80,51.45,23869.60,60.05,671255,84240,5215,7477747475.25,3155,F1,65,,,,,
2026-07-23,2026-07-23,FO,NSE,IDO,73892,,NIFTY,,2026-09-29,2026-09-29,22700.00,PE,NIFTY26SEP22700PE,119.95,138.70,104.00,128.30,123.75,107.20,23869.60,128.30,39195,3965,285,422820784.75,177,F1,65,,,,,
2026-07-23,2026-07-23,FO,NSE,IDO,73907,,NIFTY,,2026-09-29,2026-09-29,23100.00,PE,NIFTY26SEP23100PE,184.65,212.20,160.45,196.90,193.00,164.90,23869.60,196.90,82485,2730,265,401092149.25,193,F1,65,,,,,
2026-07-23,2026-07-23,FO,NSE,IDO,74046,,NIFTY,,2026-09-29,2026-09-29,23800.00,PE,NIFTY26SEP23800PE,349.50,433.30,344.95,401.70,401.00,350.45,23869.60,401.70,115245,52715,2173,3418876903.00,1577,F1,65,,,,,
2026-07-23,2026-07-23,FO,NSE,IDO,74369,,NIFTY,,2026-09-29,2026-09-29,25100.00,PE,NIFTY26SEP25100PE,0.00,0.00,0.00,1046.35,1046.35,1046.35,23869.60,1260.55,1560,0,0,0.00,0,F1,65,,,,,
2026-07-23,2026-07-23,FO,NSE,IDO,55287,,NIFTY,,2026-09-29,2026-09-29,25500.00,PE,NIFTY26SEP25500PE,1403.45,1508.15,1347.00,1455.40,1447.55,1342.55,23869.60,1455.40,301210,24895,681,1190609985.50,620,F1,65,,,,,
2026-07-23,2026-07-23,FO,NSE,IDO,74443,,NIFTY,,2026-09-29,2026-09-29,26100.00,PE,NIFTY26SEP26100PE,0.00,0.00,0.00,2057.70,0.00,2057.70,23869.60,2045.00,0,0,0,0.00,0,F1,65,,,,,
2026-07-23,2026-07-23,FO,NSE,IDO,58647,,NIFTY,,2026-12-29,2026-12-29,21000.00,PE,NIFTY26DEC21000PE,81.75,91.90,80.15,85.65,84.65,81.30,23869.60,85.65,927010,-23205,1975,2706961705.50,856,F1,65,,,,,
2026-07-23,2026-07-23,FO,NSE,IDO,50548,,NIFTY,,2026-12-29,2026-12-29,28000.00,PE,NIFTY26DEC28000PE,3245.00,3405.00,3245.00,3367.55,3350.00,3245.60,23869.60,3367.55,843450,-520,86,175216548.00,84,F1,65,,,,,
2026-07-23,2026-07-23,FO,NSE,IDO,55333,,NIFTY,,2026-12-29,2026-12-29,31500.00,PE,NIFTY26DEC31500PE,0.00,0.00,0.00,4059.30,0.00,4059.30,23869.60,6749.55,0,0,0,0.00,0,F1,65,,,,,
2026-07-23,2026-07-23,FO,NSE,IDO,80277,,NIFTY,,2027-03-30,2027-03-30,27000.00,PE,NIFTY27MAR27000PE,2143.00,2247.00,2143.00,2210.00,2210.00,3350.65,23869.60,2556.65,195,195,4,7592650.00,3,F1,65,,,,,
2026-07-23,2026-07-23,FO,NSE,IDO,55421,,NIFTY,,2027-12-28,2027-12-28,16500.00,PE,NIFTY27DEC16500PE,0.00,0.00,0.00,52.05,52.05,52.05,23869.60,13.85,130,0,0,0.00,0,F1,65,,,,,
2026-07-23,2026-07-23,FO,NSE,IDO,53632,,NIFTY,,2027-12-28,2027-12-28,27000.00,PE,NIFTY27DEC27000PE,1893.40,1995.00,1875.00,1990.00,1990.00,1867.70,23869.60,2307.45,39155,715,75,141209942.25,40,F1,65,,,,,
2026-07-23,2026-07-23,FO,NSE,IDO,61375,,NIFTY,,2029-12-24,2029-12-24,15000.00,PE,NIFTY29DEC15000PE,0.00,0.00,0.00,39.00,39.00,39.00,23869.60,24.30,0,0,0,0.00,0,F1,65,,,,,
2026-07-23,2026-07-23,FO,NSE,IDO,60893,,NIFTY,,2030-06-25,2030-06-25,18000.00,PE,NIFTY30JUN18000PE,0.00,0.00,0.00,116.65,0.00,116.65,23869.60,132.40,0,0,0,0.00,0,F1,65,,,,,
2026-07-23,2026-07-23,FO,NSE,IDO,55645,,NIFTY,,2030-06-25,2030-06-25,22500.00,PE,NIFTY30JUN22500PE,0.00,0.00,0.00,223.75,0.00,223.75,23869.60,611.35,0,0,0,0.00,0,F1,65,,,,,
2026-07-23,2026-07-23,FO,NSE,IDO,60911,,NIFTY,,2030-06-25,2030-06-25,27000.00,PE,NIFTY30JUN27000PE,0.00,0.00,0.00,1286.05,0.00,1286.05,23869.60,1680.15,0,0,0,0.00,0,F1,65,,,,,
2026-07-23,2026-07-23,FO,NSE,IDO,60939,,NIFTY,,2030-06-25,2030-06-25,30000.00,PE,NIFTY30JUN30000PE,0.00,0.00,0.00,2100.85,0.00,2100.85,23869.60,2762.65,0,0,0,0.00,0,F1,65,,,,,
2026-07-23,2026-07-23,FO,NSE,IDO,55699,,NIFTY,,2030-12-31,2030-12-31,18000.00,PE,NIFTY30DEC18000PE,0.00,0.00,0.00,32.30,0.00,32.30,23869.60,138.65,0,0,0,0.00,0,F1,65,,,,,
2026-07-23,2026-07-23,FO,NSE,IDO,74639,,NIFTY,,2031-06-24,2031-06-24,16500.00,PE,NIFTY31JUN16500PE,0.00,0.00,0.00,95.65,0.00,95.65,23869.60,76.50,0,0,0,0.00,0,F1,65,,,,,
2026-07-23,2026-07-23,FO,NSE,IDO,41015,,NIFTY,,2026-08-11,2026-08-11,24600.00,CE,NIFTY2681124600CE,65.00,74.55,51.70,56.10,57.10,82.80,23869.60,56.10,152295,31135,5567,8923791357.00,4356,F1,65,,,,,
2026-07-23,2026-07-23,FO,NSE,IDO,41005,,NIFTY,,2026-08-11,2026-08-11,24350.00,CE,NIFTY2681124350CE,125.70,136.00,97.90,106.30,107.55,150.80,23869.60,106.30,27690,1820,588,934932924.25,467,F1,65,,,,,
2026-07-23,2026-07-23,FO,NSE,IDO,40985,,NIFTY,,2026-08-11,2026-08-11,23850.00,CE,NIFTY2681123850CE,332.05,370.00,280.05,307.10,311.90,393.70,23869.60,307.10,25740,22620,1119,1756945001.50,835,F1,65,,,,,
2026-07-23,2026-07-23,FO,NSE,IDO,40889,,NIFTY,,2026-08-11,2026-08-11,21700.00,CE,NIFTY2681121700CE,0.00,0.00,0.00,2828.05,0.00,2828.05,23869.60,2239.65,0,0,0,0.00,0,F1,65,,,,,
2026-07-23,2026-07-23,FO,NSE,IDO,66060,,NIFTY,,2026-08-04,2026-08-04,26100.00,CE,NIFTY2680426100CE,1.75,2.85,1.70,2.00,1.70,1.95,23869.60,2.00,24310,-2535,448,760095368.50,325,F1,65,,,,,
2026-07-23,2026-07-23,FO,NSE,IDO,65922,,NIFTY,,2026-08-04,2026-08-04,25150.00,CE,NIFTY2680425150CE,6.00,6.05,4.85,5.50,5.10,7.05,23869.60,5.50,79625,-131235,11648,19045693533.75,6545,F1,65,,,,,
2026-07-23,2026-07-23,FO,NSE,IDO,65918,,NIFTY,,2026-08-04,2026-08-04,25050.00,CE,NIFTY2680425050CE,9.00,9.00,5.65,6.65,6.70,10.10,23869.60,6.65,65650,19370,3625,5904125383.00,2140,F1,65,,,,,
2026-07-23,2026-07-23,FO,NSE,IDO,65914,,NIFTY,,2026-08-04,2026-08-04,24950.00,CE,NIFTY2680424950CE,10.10,11.70,7.95,8.65,8.85,13.85,23869.60,8.65,39780,6890,4398,7135118289.00,2776,F1,65,,,,,
2026-07-23,2026-07-23,FO,NSE,IDO,63965,,NIFTY,,2026-07-28,2026-07-28,24650.00,CE,NIFTY26JUL24650CE,9.30,9.80,4.15,4.60,4.90,10.45,23869.60,4.60,2876640,323895,269761,432320140232.50,74734,F1,65,,,,,
2026-07-23,2026-07-23,FO,NSE,IDO,63963,,NIFTY,,2026-07-28,2026-07-28,24600.00,CE,NIFTY26JUL24600CE,9.75,11.40,4.95,5.45,5.65,12.70,23869.60,5.45,6172855,794820,554160,886337066774.25,143904,F1,65,,,,,
2026-07-23,2026-07-23,FO,NSE,IDO,63909,,NIFTY,,2026-07-28,2026-07-28,23350.00,CE,NIFTY26JUL23350CE,570.85,654.00,475.10,536.30,546.40,650.75,23869.60,536.30,49660,3900,1615,2506780181.75,1310,F1,65,,,,,
2026-07-23,2026-07-23,FO,NSE,IDO,63903,,NIFTY,,2026-07-28,2026-07-28,23200.00,CE,NIFTY26JUL23200CE,689.55,800.15,618.90,681.80,694.75,788.60,23869.60,681.80,54275,390,719,1115788466.00,577,F1,65,,,,,
2026-07-23,2026-07-23,FO,NSE,IDO,63895,,NIFTY,,2026-07-28,2026-07-28,23000.00,CE,NIFTY26JUL23000CE,919.00,998.00,813.15,871.15,889.15,989.00,23869.60,871.15,605150,-52455,5069,7870273856.25,3235,F1,65,,,,,
2026-07-23,2026-07-23,FO,NSE,IDO,63893,,NIFTY,,2026-07-28,2026-07-28,22950.00,CE,NIFTY26JUL22950CE,1028.70,1028.70,877.50,910.25,910.25,1036.90,23869.60,910.25,1430,65,9,13973300.25,9,F1,65,,,,,
2026-07-23,2026-07-23,FO,NSE,IDO,63891,,NIFTY,,2026-07-28,2026-07-28,22900.00,CE,NIFTY26JUL22900CE,1045.00,1085.00,931.90,982.35,987.60,1102.20,23869.60,982.35,55055,-780,125,194109633.25,78,F1,65,,,,,
2026-07-23,2026-07-23,FO,NSE,IDO,63863,,NIFTY,,2026-07-28,2026-07-28,22200.00,CE,NIFTY26JUL22200CE,0.00,0.00,0.00,1784.55,1784.55,1784.55,23869.60,1688.10,1950,0,0,0.00,0,F1,65,,,,,
2026-07-23,2026-07-23,FO,NSE,IDO,63835,,NIFTY,,2026-07-28,2026-07-28,21550.00,CE,NIFTY26JUL21550CE,0.00,0.00,0.00,2828.20,0.00,2828.20,23869.60,2337.55,0,0,0,0.00,0,F1,65,,,,,
2026-07-23,2026-07-23,FO,NSE,IDO,45192,,NIFTY,,2026-08-18,2026-08-18,25800.00,CE,NIFTY2681825800CE,6.50,7.15,6.50,7.15,7.15,70.50,23869.60,7.15,195,195,3,5032309.75,2,F1,65,,,,,
2026-07-23,2026-07-23,FO,NSE,IDO,41020,,NIFTY,,2026-08-11,2026-08-11,24700.00,CE,NIFTY2681124700CE,50.45,57.65,38.90,42.35,41.50,65.70,23869.60,42.35,157560,-345735,16350,26295891254.75,11139,F1,65,,,,,
2026-07-23,2026-07-23,FO,NSE,IDO,41037,,NIFTY,,2026-08-11,2026-08-11,25000.00,CE,NIFTY2681125000CE,24.00,24.75,17.20,18.10,18.00,27.85,23869.60,18.10,148785,106275,5068,8241992934.50,2557,F1,65,,,,,
2026-07-23,2026-07-23,FO,NSE,IDO,45054,,NIFTY,,2026-08-18,2026-08-18,23300.00,CE,NIFTY2681823300CE,0.00,0.00,0.00,1060.70,0.00,1060.70,23869.60,838.90,0,0,0,0.00,0,F1,65,,,,,
2026-07-23,2026-07-23,FO,NSE,IDO,53613,,NIFTY,,2027-12-28,2027-12-28,21000.00,CE,NIFTY27DEC21000CE,0.00,0.00,0.00,4902.40,0.00,4902.40,23869.60,5058.95,0,0,0,0.00,0,F1,65,,,,,
2026-07-23,2026-07-23,FO,NSE,IDO,86163,,NIFTY,,2028-06-27,2028-06-27,27000.00,CE,NIFTY28JUN27000CE,0.00,0.00,0.00,2885.15,0.00,2885.15,23869.60,2270.65,0,0,0,0.00,0,F1,65,,,,,
2026-07-23,2026-07-23,FO,NSE,IDO,55562,,NIFTY,,2029-06-26,2029-06-26,25500.00,CE,NIFTY29JUN25500CE,0.00,0.00,0.00,5917.35,0.00,5917.35,23869.60,4244.30,0,0,0,0.00,0,F1,65,,,,,
2026-07-23,2026-07-23,FO,NSE,IDO,61659,,NIFTY,,2029-12-24,2029-12-24,21000.00,CE,NIFTY29DEC21000CE,0.00,0.00,0.00,9463.95,0.00,9463.95,23869.60,7517.90,0,0,0,0.00,0,F1,65,,,,,
2026-07-23,2026-07-23,FO,NSE,IDO,55700,,NIFTY,,2030-12-31,2030-12-31,19500.00,CE,NIFTY30DEC19500CE,0.00,0.00,0.00,11601.15,0.00,11601.15,23869.60,9574.70,0,0,0,0.00,0,F1,65,,,,,
2026-07-23,2026-07-23,FO,NSE,IDO,55756,,NIFTY,,2030-12-31,2030-12-31,25500.00,CE,NIFTY30DEC25500CE,0.00,0.00,0.00,7639.65,0.00,7639.65,23869.60,6041.90,0,0,0,0.00,0,F1,65,,,,,
2026-07-23,2026-07-23,FO,NSE,IDO,74641,,NIFTY,,2031-06-24,2031-06-24,18000.00,CE,NIFTY31JUN18000CE,0.00,0.00,0.00,10825.95,0.00,10825.95,23869.60,11011.85,0,0,0,0.00,0,F1,65,,,,,
2026-07-23,2026-07-23,FO,NSE,IDO,74657,,NIFTY,,2031-06-24,2031-06-24,30000.00,CE,NIFTY31JUN30000CE,0.00,0.00,0.00,4459.90,0.00,4459.90,23869.60,4585.30,0,0,0,0.00,0,F1,65,,,,,
2026-07-23,2026-07-23,FO,NSE,IDO,63824,,NIFTY,,2026-07-28,2026-07-28,21350.00,PE,NIFTY26JUL21350PE,1.05,1.45,0.70,0.80,0.75,1.10,23869.60,0.80,79820,10985,3989,5536014123.25,1597,F1,65,,,,,
2026-07-23,2026-07-23,FO,NSE,IDO,63839,,NIFTY,,2026-07-28,2026-07-28,21600.00,PE,NIFTY26JUL21600PE,1.45,1.65,0.75,0.90,0.85,1.35,23869.60,0.90,414115,160030,18767,26350249857.75,4373,F1,65,,,,,
2026-07-23,2026-07-23,FO,NSE,IDO,63841,,NIFTY,,2026-07-28,2026-07-28,21650.00,PE,NIFTY26JUL21650PE,1.55,1.75,0.85,0.95,0.90,1.35,23869.60,0.95,27300,9620,2156,3034224888.50,1303,F1,65,,,,,
2026-07-23,2026-07-23,FO,NSE,IDO,63962,,NIFTY,,2026-07-28,2026-07-28,24550.00,PE,NIFTY26JUL24550PE,664.40,754.65,563.20,680.30,670.05,577.10,23869.60,680.30,88595,-9945,708,1159564064.75,435,F1,65,,,,,
2026-07-23,2026-07-23,FO,NSE,IDO,63970,,NIFTY,,2026-07-28,2026-07-28,24750.00,PE,NIFTY26JUL24750PE,870.00,938.00,772.60,874.40,864.25,768.95,23869.60,874.40,32695,-520,199,331244387.50,137,F1,65,,,,,
2026-07-23,2026-07-23,FO,NSE,IDO,63974,,NIFTY,,2026-07-28,2026-07-28,24850.00,PE,NIFTY26JUL24850PE,908.45,1044.55,864.00,975.55,969.90,865.20,23869.60,975.55,19630,520,53,88880197.25,39,F1,65,,,,,
2026-07-23,2026-07-23,FO,NSE,IDO,63976,,NIFTY,,2026-07-28,2026-07-28,24900.00,PE,NIFTY26JUL24900PE,1000.00,1090.00,910.00,1011.10,1012.35,912.55,23869.60,1011.10,84500,2535,325,547837140.50,263,F1,65,,,,,
2026-07-23,2026-07-23,FO,NSE,IDO,63986,,NIFTY,,2026-07-28,2026-07-28,25150.00,PE,NIFTY26JUL25150PE,1276.35,1276.35,1276.35,1276.35,1276.35,968.65,23869.60,1260.15,1950,65,1,1717712.75,1,F1,65,,,,,
2026-07-23,2026-07-23,FO,NSE,IDO,64022,,NIFTY,,2026-07-28,2026-07-28,25900.00,PE,NIFTY26JUL25900PE,1950.00,1960.00,1920.00,1950.00,1950.00,1922.45,23869.60,2008.85,4485,-65,18,32570850.00,18,F1,65,,,,,
2026-07-23,2026-07-23,FO,NSE,IDO,64032,,NIFTY,,2026-07-28,2026-07-28,26150.00,PE,NIFTY26JUL26150PE,0.00,0.00,0.00,2060.00,2060.00,2060.00,23869.60,2258.65,65,0,0,0.00,0,F1,65,,,,,
2026-07-23,2026-07-23,FO,NSE,IDO,65351,,NIFTY,,2026-08-04,2026-08-04,21950.00,PE,NIFTY2680421950PE,4.15,4.75,3.60,4.15,4.15,3.95,23869.60,4.15,5005,2795,203,289684921.50,159,F1,65,,,,,
2026-07-23,2026-07-23,FO,NSE,IDO,65532,,NIFTY,,2026-08-04,2026-08-04,23350.00,PE,NIFTY2680423350PE,56.35,70.10,37.05,53.50,52.70,45.05,23869.60,53.50,107770,52195,5697,8666898649.50,4203,F1,65,,,,,
2026-07-23,2026-07-23,FO,NSE,IDO,65673,,NIFTY,,2026-08-04,2026-08-04,23500.00,PE,NIFTY2680423500PE,77.65,104.65,57.00,82.80,81.35,68.65,23869.60,82.80,873470,118365,43496,66670168214.00,30083,F1,65,,,,,
2026-07-23,2026-07-23,FO,NSE,IDO,65685,,NIFTY,,2026-08-04,2026-08-04,23800.00,PE,NIFTY2680423800PE,174.95,216.00,130.05,179.30,177.35,146.20,23869.60,179.30,694005,226785,55051,85799375606.75,35351,F1,65,,,,,
2026-07-23,2026-07-23,FO,NSE,IDO,65696,,NIFTY,,2026-08-04,2026-08-04,24050.00,PE,NIFTY2680424050PE,300.00,359.30,237.00,308.30,306.85,253.30,23869.60,308.30,44460,-39585,5593,8846256711.50,3953,F1,65,,,,,
2026-07-23,2026-07-23,FO,NSE,IDO,65893,,NIFTY,,2026-09-29,2026-09-29,21000.00,CE,NIFTY26SEP21000CE,3099.95,3184.45,2989.85,3063.55,3070.20,3205.65,23869.60,3063.55,475605,6435,186,290660977.75,177,F1,65,,,,,
2026-07-23,2026-07-23,FO,NSE,IDO,65809,,NIFTY,,2026-08-04,2026-08-04,24300.00,PE,NIFTY2680424300PE,472.30,540.15,392.25,483.95,477.65,407.20,23869.60,483.95,279500,-55510,4190,6741665632.00,2660,F1,65,,,,,
2026-07-23,2026-07-23,FO,NSE,IDO,65943,,NIFTY,,2026-08-04,2026-08-04,25500.00,PE,NIFTY2680425500PE,1556.65,1660.85,1532.00,1612.40,1598.90,1494.80,23869.60,1612.40,6760,4225,86,151525260.25,68,F1,65,,,,,
2026-07-23,2026-07-23,FO,NSE,IDO,66007,,NIFTY,,2026-08-04,2026-08-04,25750.00,PE,NIFTY2680425750PE,0.00,0.00,0.00,1822.00,0.00,1822.00,23869.60,1830.95,0,0,0,0.00,0,F1,65,,,,,
2026-07-23,2026-07-23,FO,NSE,IDO,40890,,NIFTY,,2026-08-11,2026-08-11,21700.00,PE,NIFTY2681121700PE,6.80,7.50,6.80,6.80,6.80,6.80,23869.60,6.80,2860,65,20,28219119.50,7,F1,65,,,,,
2026-07-23,2026-07-23,FO,NSE,IDO,40918,,NIFTY,,2026-08-11,2026-08-11,22250.00,PE,NIFTY2681122250PE,11.00,16.20,9.60,11.05,11.05,10.70,23869.60,11.05,3770,2275,88,127338029.00,37,F1,65,,,,,
2026-07-23,2026-07-23,FO,NSE,IDO,40920,,NIFTY,,2026-08-11,2026-08-11,22300.00,PE,NIFTY2681122300PE,11.30,14.00,8.90,11.30,11.70,11.75,23869.60,11.30,2535,1495,63,91364016.25,32,F1,65,,,,,
2026-07-23,2026-07-23,FO,NSE,IDO,40938,,NIFTY,,2026-08-11,2026-08-11,22700.00,PE,NIFTY2681122700PE,22.00,32.10,17.15,23.75,22.70,20.40,23869.60,23.75,52325,15925,927,1369116378.50,618,F1,65,,,,,
2026-07-23,2026-07-23,FO,NSE,IDO,40946,,NIFTY,,2026-08-11,2026-08-11,22900.00,PE,NIFTY2681122900PE,36.00,43.45,25.60,36.05,35.20,30.70,23869.60,36.05,39260,18980,1218,1815715430.75,710,F1,65,,,,,
2026-07-23,2026-07-23,FO,NSE,IDO,40972,,NIFTY,,2026-08-11,2026-08-11,23550.00,PE,NIFTY2681123550PE,135.00,168.70,108.05,148.45,139.60,118.60,23869.60,148.45,10010,3055,233,358795804.25,195,F1,65,,,,,
2026-07-23,2026-07-23,FO,NSE,IDO,41044,,NIFTY,,2026-08-11,2026-08-11,25150.00,PE,NIFTY2681125150PE,0.00,0.00,0.00,884.05,884.05,884.05,23869.60,1245.85,65,0,0,0.00,0,F1,65,,,,,
2026-07-23,2026-07-23,FO,NSE,IDO,41062,,NIFTY,,2026-08-11,2026-08-11,25600.00,PE,NIFTY2681125600PE,0.00,0.00,0.00,1208.35,0.00,1208.35,23869.60,1665.30,0,0,0,0.00,0,F1,65,,,,,
2026-07-23,2026-07-23,FO,NSE,IDO,41070,,NIFTY,,2026-08-11,2026-08-11,25750.00,PE,NIFTY2681125750PE,0.00,0.00,0.00,1329.60,0.00,1329.60,23869.60,1809.80,0,0,0,0.00,0,F1,65,,,,,
2026-07-23,2026-07-23,FO,NSE,IDO,41074,,NIFTY,,2026-08-11,2026-08-11,25850.00,PE,NIFTY2681125850PE,0.00,0.00,0.00,1412.80,0.00,1412.80,23869.60,1907.00,0,0,0,0.00,0,F1,65,,,,,
2026-07-23,2026-07-23,FO,NSE,IDO,41094,,NIFTY,,2026-08-11,2026-08-11,26150.00,PE,NIFTY2681126150PE,0.00,0.00,0.00,1672.30,0.00,1672.30,23869.60,2201.35,0,0,0,0.00,0,F1,65,,,,,
2026-07-23,2026-07-23,FO,NSE,IDO,45038,,NIFTY,,2026-08-18,2026-08-18,22950.00,PE,NIFTY2681822950PE,55.00,74.95,54.00,69.55,69.55,54.20,23869.60,92.55,2145,455,14,20944270.75,13,F1,65,,,,,
2026-07-23,2026-07-23,FO,NSE,IDO,45044,,NIFTY,,2026-08-18,2026-08-18,23050.00,PE,NIFTY2681823050PE,78.05,83.95,75.50,75.50,75.50,62.95,23869.60,110.90,1625,-520,12,18041068.50,12,F1,65,,,,,
2026-07-23,2026-07-23,FO,NSE,IDO,45105,,NIFTY,,2026-08-18,2026-08-18,24350.00,PE,NIFTY2681824350PE,510.95,613.50,510.95,565.95,565.95,485.15,23869.60,644.30,975,-520,15,24300987.75,11,F1,65,,,,,
2026-07-23,2026-07-23,FO,NSE,IDO,45141,,NIFTY,,2026-08-18,2026-08-18,24800.00,PE,NIFTY2681824800PE,0.00,0.00,0.00,668.95,668.95,668.95,23869.60,965.20,130,0,0,0.00,0,F1,65,,,,,
2026-07-23,2026-07-23,FO,NSE,IDO,45165,,NIFTY,,2026-08-18,2026-08-18,25350.00,PE,NIFTY2681825350PE,0.00,0.00,0.00,1285.35,0.00,1285.35,23869.60,1427.60,0,0,0,0.00,0,F1,65,,,,,
2026-07-23,2026-07-23,FO,NSE,IDO,45169,,NIFTY,,2026-08-18,2026-08-18,25450.00,PE,NIFTY2681825450PE,0.00,0.00,0.00,1367.80,0.00,1367.80,23869.60,1517.65,0,0,0,0.00,0,F1,65,,,,,
2026-07-23,2026-07-23,FO,NSE,IDO,45199,,NIFTY,,2026-08-18,2026-08-18,25950.00,PE,NIFTY2681825950PE,0.00,0.00,0.00,1804.45,0.00,1804.45,23869.60,1985.75,0,0,0,0.00,0,F1,65,,,,,
2026-07-23,2026-07-23,FO,NSE,IDO,61153,,NIFTY,,2026-08-25,2026-08-25,21200.00,PE,NIFTY26AUG21200PE,11.35,15.00,10.95,12.75,12.30,12.45,23869.60,12.75,487825,1300,4708,6491471522.25,2910,F1,65,,,,,
2026-07-23,2026-07-23,FO,NSE,IDO,61174,,NIFTY,,2026-08-25,2026-08-25,21350.00,PE,NIFTY26AUG21350PE,11.55,13.00,11.55,12.25,12.25,14.45,23869.60,3.95,1950,910,20,27771510.00,16,F1,65,,,,,
2026-07-23,2026-07-23,FO,NSE,IDO,61357,,NIFTY,,2026-08-25,2026-08-25,22100.00,PE,NIFTY26AUG22100PE,22.15,27.90,18.60,24.30,23.05,22.30,23869.60,24.30,27820,5655,333,478853872.25,205,F1,65,,,,,
2026-07-23,2026-07-23,FO,NSE,IDO,61367,,NIFTY,,2026-08-25,2026-08-25,22200.00,PE,NIFTY26AUG22200PE,26.80,32.45,21.05,27.40,27.10,24.80,23869.60,27.40,133705,13910,2191,3165391069.75,1627,F1,65,,,,,
2026-07-23,2026-07-23,FO,NSE,IDO,61408,,NIFTY,,2026-08-25,2026-08-25,22650.00,PE,NIFTY26AUG22650PE,51.50,61.85,40.85,53.75,54.35,46.40,23869.60,53.75,22620,1885,363,535692651.00,233,F1,65,,,,,
2026-07-23,2026-07-23,FO,NSE,IDO,61719,,NIFTY,,2026-08-25,2026-08-25,24350.00,PE,NIFTY26AUG24350PE,540.00,630.00,513.80,598.40,589.00,512.10,23869.60,598.40,20735,-975,167,270643668.75,143,F1,65,,,,,
2026-07-23,2026-07-23,FO,NSE,IDO,61898,,NIFTY,,2026-08-25,2026-08-25,25000.00,PE,NIFTY26AUG25000PE,1025.00,1157.70,976.00,1095.65,1096.40,971.45,23869.60,1095.65,1355770,209300,7409,12539057566.75,6535,F1,65,,,,,
2026-07-23,2026-07-23,FO,NSE,IDO,61930,,NIFTY,,2026-08-25,2026-08-25,25200.00,PE,NIFTY26AUG25200PE,1177.40,1330.00,1163.15,1266.70,1264.00,1147.00,23869.60,1266.70,16640,-65,15,25779006.50,15,F1,65,,,,,
2026-07-23,2026-07-23,FO,NSE,IDO,61954,,NIFTY,,2026-08-25,2026-08-25,25350.00,PE,NIFTY26AUG25350PE,0.00,0.00,0.00,808.20,808.20,808.20,23869.60,1419.75,195,0,0,0.00,0,F1,65,,,,,
2026-07-23,2026-07-23,FO,NSE,IDO,46982,,NIFTY,,2026-09-01,2026-09-01,23900.00,PE,NIFTY2690123900PE,0.00,0.00,0.00,350.30,0.00,350.30,23869.60,460.95,0,0,0,0.00,0,F1,65,,,,,
2026-07-23,2026-07-23,FO,NSE,IDO,47026,,NIFTY,,2026-09-01,2026-09-01,25000.00,PE,NIFTY2690125000PE,0.00,0.00,0.00,936.10,0.00,936.10,23869.60,1143.75,0,0,0,0.00,0,F1,65,,,,,
2026-07-23,2026-07-23,FO,NSE,IDO,73900,,NIFTY,,2026-09-29,2026-09-29,22900.00,PE,NIFTY26SEP22900PE,147.20,172.40,128.00,157.70,156.60,135.05,23869.60,157.70,72540,10270,569,852786636.00,435,F1,65,,,,,
2026-07-23,2026-07-23,FO,NSE,IDO,65899,,NIFTY,,2026-09-29,2026-09-29,23000.00,PE,NIFTY26SEP23000PE,165.00,194.85,145.35,176.65,177.95,151.95,23869.60,176.65,2046025,43420,9014,13577498405.25,4902,F1,65,,,,,
2026-07-23,2026-07-23,FO,NSE,IDO,74004,,NIFTY,,2026-09-29,2026-09-29,23600.00,PE,NIFTY26SEP23600PE,311.10,354.05,280.00,328.25,327.60,281.80,23869.60,328.25,47515,7670,344,534624356.50,217,F1,65,,,,,
2026-07-23,2026-07-23,FO,NSE,IDO,74006,,NIFTY,,2026-09-29,2026-09-29,23650.00,PE,NIFTY26SEP23650PE,296.50,371.25,296.50,363.45,363.45,293.50,23869.60,459.65,8060,195,18,28072746.00,12,F1,65,,,,,
2026-07-23,2026-07-23,FO,NSE,IDO,74240,,NIFTY,,2026-09-29,2026-09-29,24450.00,PE,NIFTY26SEP24450PE,650.60,740.20,650.60,729.05,729.05,623.20,23869.60,729.05,8840,-65,7,11440659.75,6,F1,65,,,,,
2026-07-23,2026-07-23,FO,NSE,IDO,74358,,NIFTY,,2026-09-29,2026-09-29,24800.00,PE,NIFTY26SEP24800PE,856.00,966.75,833.55,923.75,902.80,825.40,23869.60,923.75,47190,7410,210,350544899.25,193,F1,65,,,,,
2026-07-23,2026-07-23,FO,NSE,IDO,74423,,NIFTY,,2026-09-29,2026-09-29,25850.00,PE,NIFTY26SEP25850PE,0.00,0.00,0.00,1859.75,0.00,1859.75,23869.60,1835.50,0,0,0,0.00,0,F1,65,,,,,
2026-07-23,2026-07-23,FO,NSE,IDO,74466,,NIFTY,,2026-09-29,2026-09-29,26200.00,PE,NIFTY26SEP26200PE,0.00,0.00,0.00,1500.00,1500.00,1500.00,23869.60,2130.85,195,0,0,0.00,0,F1,65,,,,,
2026-07-23,2026-07-23,FO,NSE,IDO,58639,,NIFTY,,2026-12-29,2026-12-29,17000.00,PE,NIFTY26DEC17000PE,26.50,27.00,24.90,25.40,25.00,25.80,23869.60,25.40,209570,-1235,79,87428308.50,36,F1,65,,,,,
2026-07-23,2026-07-23,FO,NSE,IDO,55327,,NIFTY,,2026-12-29,2026-12-29,22500.00,PE,NIFTY26DEC22500PE,215.00,235.80,201.00,221.60,219.90,204.50,23869.60,221.60,609050,171795,4648,6862875035.25,1371,F1,65,,,,,
2026-07-23,2026-07-23,FO,NSE,IDO,50979,,NIFTY,,2026-12-29,2026-12-29,27000.00,PE,NIFTY26DEC27000PE,2439.00,2514.95,2365.05,2455.95,2441.50,2359.30,23869.60,2455.95,860500,-1625,217,415575455.75,139,F1,65,,,,,
2026-07-23,2026-07-23,FO,NSE,IDO,38159,,NIFTY,,2026-12-29,2026-12-29,29000.00,PE,NIFTY26DEC29000PE,4199.95,4350.00,4199.95,4335.60,4335.60,4185.00,23869.60,4393.25,222835,-65,19,41108486.25,17,F1,65,,,,,
2026-07-23,2026-07-23,FO,NSE,IDO,80189,,NIFTY,,2027-03-30,2027-03-30,15000.00,PE,NIFTY27MAR15000PE,0.00,0.00,0.00,20.00,20.00,20.00,23869.60,0.10,455,0,0,0.00,0,F1,65,,,,,
2026-07-23,2026-07-23,FO,NSE,IDO,55379,,NIFTY,,2027-06-29,2027-06-29,28500.00,PE,NIFTY27JUN28500PE,0.00,0.00,0.00,1807.05,0.00,1807.05,23869.60,3501.80,0,0,0,0.00,0,F1,65,,,,,
2026-07-23,2026-07-23,FO,NSE,IDO,35263,,NIFTY,,2027-06-29,2027-06-29,30000.00,PE,NIFTY27JUN30000PE,0.00,0.00,0.00,4000.05,4000.05,4000.05,23869.60,4668.85,65,0,0,0.00,0,F1,65,,,,,
2026-07-23,2026-07-23,FO,NSE,IDO,53619,,NIFTY,,2027-12-28,2027-12-28,23000.00,PE,NIFTY27DEC23000PE,621.65,633.20,595.85,633.20,633.20,591.70,23869.60,693.85,42160,-520,30,46054690.50,27,F1,65,,,,,
2026-07-23,2026-07-23,FO,NSE,IDO,55469,,NIFTY,,2028-06-27,2028-06-27,16500.00,PE,NIFTY28JUN16500PE,0.00,0.00,0.00,3.80,0.00,3.80,23869.60,26.35,0,0,0,0.00,0,F1,65,,,,,
2026-07-23,2026-07-23,FO,NSE,IDO,67775,,NIFTY,,2028-12-26,2028-12-26,20000.00,PE,NIFTY28DEC20000PE,415.00,415.00,375.00,375.00,375.00,390.00,23869.60,247.35,2380,0,4,5302700.00,4,F1,65,,,,,
2026-07-23,2026-07-23,FO,NSE,IDO,55651,,NIFTY,,2030-06-25,2030-06-25,31500.00,PE,NIFTY30JUN31500PE,0.00,0.00,0.00,2056.30,0.00,2056.30,23869.60,3409.10,0,0,0,0.00,0,F1,65,,,,,
2026-07-23,2026-07-23,FO,NSE,IDO,74646,,NIFTY,,2031-06-24,2031-06-24,21000.00,PE,NIFTY31JUN21000PE,0.00,0.00,0.00,450.50,0.00,450.50,23869.60,383.75,0,0,0,0.00,0,F1,65,,,,,
2026-07-23,2026-07-23,FO,NSE,IDO,47047,,NIFTY,,2026-09-01,2026-09-01,25550.00,CE,NIFTY2690125550CE,0.00,0.00,0.00,160.75,0.00,160.75,23869.60,96.00,0,0,0,0.00,0,F1,65,,,,,
2026-07-23,2026-07-23,FO,NSE,IDO,47027,,NIFTY,,2026-09-01,2026-09-01,25050.00,CE,NIFTY2690125050CE,0.00,0.00,0.00,282.50,0.00,282.50,23869.60,182.50,0,0,0,0.00,0,F1,65,,,,,
2026-07-23,2026-07-23,FO,NSE,IDO,47015,,NIFTY,,2026-09-01,2026-09-01,24750.00,CE,NIFTY2690124750CE,0.00,0.00,0.00,383.80,0.00,383.80,23869.60,258.55,0,0,0,0.00,0,F1,65,,,,,
2026-07-23,2026-07-23,FO,NSE,IDO,47005,,NIFTY,,2026-09-01,2026-09-01,24500.00,CE,NIFTY2690124500CE,0.00,0.00,0.00,486.40,0.00,486.40,23869.60,339.00,0,0,0,0.00,0,F1,65,,,,,
2026-07-23,2026-07-23,FO,NSE,IDO,46975,,NIFTY,,2026-09-01,2026-09-01,23750.00,CE,NIFTY2690123750CE,0.00,0.00,0.00,899.60,0.00,899.60,23869.60,685.55,0,0,0,0.00,0,F1,65,,,,,
2026-07-23,2026-07-23,FO,NSE,IDO,46951,,NIFTY,,2026-09-01,2026-09-01,23150.00,CE,NIFTY2690123150CE,0.00,0.00,0.00,1338.05,0.00,1338.05,23869.60,1080.85,0,0,0,0.00,0,F1,65,,,,,
2026-07-23,2026-07-23,FO,NSE,IDO,46945,,NIFTY,,2026-09-01,2026-09-01,23000.00,CE,NIFTY2690123000CE,1460.00,1460.00,1089.35,1089.35,1089.35,1460.15,23869.60,1193.30,130,130,2,3155707.75,2,F1,65,,,,,
2026-07-23,2026-07-23,FO,NSE,IDO,46933,,NIFTY,,2026-09-01,2026-09-01,22700.00,CE,NIFTY2690122700CE,0.00,0.00,0.00,1716.55,0.00,1716.55,23869.60,1435.05,0,0,0,0.00,0,F1,65,,,,,
2026-07-23,2026-07-23,FO,NSE,IDO,65807,,NIFTY,,2026-08-04,2026-08-04,24250.00,PE,NIFTY2680424250PE,429.20,500.00,359.90,441.80,439.20,371.10,23869.60,441.80,37310,-4290,670,1074790983.50,524,F1,65,,,,,
2026-07-23,2026-07-23,FO,NSE,IDO,46921,,NIFTY,,2026-09-01,2026-09-01,22400.00,CE,NIFTY2690122400CE,0.00,0.00,0.00,1986.25,0.00,1986.25,23869.60,1693.70,0,0,0,0.00,0,F1,65,,,,,
2026-07-23,2026-07-23,FO,NSE,IDO,61977,,NIFTY,,2026-08-25,2026-08-25,25550.00,CE,NIFTY26AUG25550CE,0.00,0.00,0.00,362.90,0.00,362.90,23869.60,66.45,0,0,0,0.00,0,F1,65,,,,,
2026-07-23,2026-07-23,FO,NSE,IDO,61943,,NIFTY,,2026-08-25,2026-08-25,25300.00,CE,NIFTY26AUG25300CE,31.00,32.00,23.70,25.10,24.85,33.90,23869.60,25.10,350155,-67535,7783,12812626693.75,4623,F1,65,,,,,
2026-07-23,2026-07-23,FO,NSE,IDO,61845,,NIFTY,,2026-08-25,2026-08-25,24800.00,CE,NIFTY26AUG24800CE,89.60,95.00,71.40,77.15,76.10,102.50,23869.60,77.15,644865,37635,16566,26791663824.25,9602,F1,65,,,,,
2026-07-23,2026-07-23,FO,NSE,IDO,61720,,NIFTY,,2026-08-25,2026-08-25,24400.00,CE,NIFTY26AUG24400CE,193.60,212.35,162.00,173.25,179.30,225.70,23869.60,173.25,488410,108940,9972,15934858943.25,6620,F1,65,,,,,
2026-07-23,2026-07-23,FO,NSE,IDO,61605,,NIFTY,,2026-08-25,2026-08-25,24050.00,CE,NIFTY26AUG24050CE,336.50,372.40,292.80,315.50,316.25,389.95,23869.60,315.50,39325,12545,896,1419765184.50,719,F1,65,,,,,
2026-07-23,2026-07-23,FO,NSE,IDO,61536,,NIFTY,,2026-08-25,2026-08-25,23850.00,CE,NIFTY26AUG23850CE,450.00,482.00,391.40,419.25,426.00,501.50,23869.60,419.25,27105,20020,1111,1752475832.25,834,F1,65,,,,,
2026-07-23,2026-07-23,FO,NSE,IDO,61519,,NIFTY,,2026-08-25,2026-08-25,23650.00,CE,NIFTY26AUG23650CE,590.00,608.00,512.05,541.60,546.80,639.20,23869.60,541.60,5460,1040,79,124320397.50,53,F1,65,,,,,
2026-07-23,2026-07-23,FO,NSE,IDO,61430,,NIFTY,,2026-08-25,2026-08-25,23050.00,CE,NIFTY26AUG23050CE,1088.75,1088.75,944.00,988.20,988.20,1300.00,23869.60,1097.35,845,650,12,18748970.50,8,F1,65,,,,,
2026-07-23,2026-07-23,FO,NSE,IDO,61342,,NIFTY,,2026-08-25,2026-08-25,21800.00,CE,NIFTY26AUG21800CE,0.00,0.00,0.00,2714.00,2714.00,2714.00,23869.60,2211.95,0,0,0,0.00,0,F1,65,,,,,
2026-07-23,2026-07-23,FO,NSE,IDO,61148,,NIFTY,,2026-08-25,2026-08-25,21200.00,CE,NIFTY26AUG21200CE,2820.00,2836.50,2659.95,2677.25,2677.25,3076.30,23869.60,2798.50,2535,2535,41,63869656.50,40,F1,65,,,,,
2026-07-23,2026-07-23,FO,NSE,IDO,45180,,NIFTY,,2026-08-18,2026-08-18,25600.00,CE,NIFTY2681825600CE,10.85,10.85,8.75,9.35,9.15,11.90,23869.60,9.35,9035,1170,136,226388253.00,79,F1,65,,,,,
2026-07-23,2026-07-23,FO,NSE,IDO,45140,,NIFTY,,2026-08-18,2026-08-18,24800.00,CE,NIFTY2681824800CE,63.85,67.50,50.30,53.45,53.50,75.65,23869.60,53.45,39455,1105,665,1074438449.50,511,F1,65,,,,,
2026-07-23,2026-07-23,FO,NSE,IDO,45110,,NIFTY,,2026-08-18,2026-08-18,24500.00,CE,NIFTY2681824500CE,121.20,135.35,101.50,112.30,113.00,148.45,23869.60,112.30,55120,16770,1062,1699247163.25,751,F1,65,,,,,
2026-07-23,2026-07-23,FO,NSE,IDO,45037,,NIFTY,,2026-08-18,2026-08-18,22950.00,CE,NIFTY2681822950CE,0.00,0.00,0.00,1337.60,0.00,1337.60,23869.60,1111.35,0,0,0,0.00,0,F1,65,,,,,
2026-07-23,2026-07-23,FO,NSE,IDO,45025,,NIFTY,,2026-08-18,2026-08-18,22750.00,CE,NIFTY2681822750CE,0.00,0.00,0.00,1507.45,0.00,1507.45,23869.60,1280.95,0,0,0,0.00,0,F1,65,,,,,
2026-07-23,2026-07-23,FO,NSE,IDO,41093,,NIFTY,,2026-08-11,2026-08-11,26150.00,CE,NIFTY2681126150CE,3.00,3.85,2.50,2.70,2.55,3.05,23869.60,2.70,13325,3055,89,151294286.00,39,F1,65,,,,,
2026-07-23,2026-07-23,FO,NSE,IDO,41071,,NIFTY,,2026-08-11,2026-08-11,25800.00,CE,NIFTY2681125800CE,5.25,5.65,4.10,4.25,4.65,4.70,23869.60,4.25,2665,1235,73,122442245.25,31,F1,65,,,,,
2026-07-23,2026-07-23,FO,NSE,IDO,41025,,NIFTY,,2026-08-11,2026-08-11,24750.00,CE,NIFTY2681124750CE,0.00,0.00,0.00,414.45,0.00,414.45,23869.60,100.65,0,0,0,0.00,0,F1,65,,,,,
2026-07-23,2026-07-23,FO,NSE,IDO,41007,,NIFTY,,2026-08-11,2026-08-11,24400.00,CE,NIFTY2681124400CE,114.90,121.95,86.30,94.40,96.00,135.00,23869.60,94.40,112580,59995,3287,5233930091.00,2461,F1,65,,,,,
2026-07-23,2026-07-23,FO,NSE,IDO,40991,,NIFTY,,2026-08-11,2026-08-11,24000.00,CE,NIFTY2681124000CE,255.85,286.40,210.00,231.25,234.00,303.55,23869.60,231.25,256035,109005,7077,11153953872.75,4693,F1,65,,,,,
2026-07-23,2026-07-23,FO,NSE,IDO,40965,,NIFTY,,2026-08-11,2026-08-11,23400.00,CE,NIFTY2681123400CE,648.90,648.90,568.85,602.60,606.95,706.70,23869.60,602.60,1365,585,11,17164371.25,9,F1,65,,,,,
2026-07-23,2026-07-23,FO,NSE,IDO,40947,,NIFTY,,2026-08-11,2026-08-11,22950.00,CE,NIFTY2681122950CE,0.00,0.00,0.00,1640.40,0.00,1640.40,23869.60,1053.20,0,0,0,0.00,0,F1,65,,,,,
2026-07-23,2026-07-23,FO,NSE,IDO,40933,,NIFTY,,2026-08-11,2026-08-11,22600.00,CE,NIFTY2681122600CE,0.00,0.00,0.00,1959.95,0.00,1959.95,23869.60,1366.90,0,0,0,0.00,0,F1,65,,,,,
2026-07-23,2026-07-23,FO,NSE,IDO,40921,,NIFTY,,2026-08-11,2026-08-11,22350.00,CE,NIFTY2681122350CE,0.00,0.00,0.00,2196.15,0.00,2196.15,23869.60,1603.10,0,0,0,0.00,0,F1,65,,,,,
2026-07-23,2026-07-23,FO,NSE,IDO,65940,,NIFTY,,2026-08-04,2026-08-04,25450.00,CE,NIFTY2680425450CE,3.95,4.35,2.90,3.40,3.10,3.85,23869.60,3.40,2405,-3055,147,243207250.00,94,F1,65,,,,,
2026-07-23,2026-07-23,FO,NSE,IDO,65934,,NIFTY,,2026-08-04,2026-08-04,25350.00,CE,NIFTY2680425350CE,3.95,4.65,3.20,3.70,3.50,4.75,23869.60,3.70,49270,-18915,946,1559014928.25,643,F1,65,,,,,
2026-07-23,2026-07-23,FO,NSE,IDO,65896,,NIFTY,,2026-08-04,2026-08-04,24800.00,CE,NIFTY2680424800CE,18.00,18.05,11.60,12.95,13.40,22.05,23869.60,12.95,727220,104000,38716,62445602602.50,22232,F1,65,,,,,
2026-07-23,2026-07-23,FO,NSE,IDO,65699,,NIFTY,,2026-08-04,2026-08-04,24150.00,CE,NIFTY2680424150CE,135.00,148.65,94.65,106.20,109.90,163.55,23869.60,106.20,237900,57005,10351,16326842171.25,7494,F1,65,,,,,
2026-07-23,2026-07-23,FO,NSE,IDO,65693,,NIFTY,,2026-08-04,2026-08-04,24000.00,CE,NIFTY2680424000CE,213.60,216.90,141.75,159.80,164.00,231.75,23869.60,159.80,1960660,951275,95837,150602938034.25,64196,F1,65,,,,,
2026-07-23,2026-07-23,FO,NSE,IDO,65453,,NIFTY,,2026-08-04,2026-08-04,22950.00,CE,NIFTY2680422950CE,997.60,997.60,945.15,945.15,945.15,1050.95,23869.60,994.55,130,65,3,4665943.75,3,F1,65,,,,,
2026-07-23,2026-07-23,FO,NSE,IDO,65441,,NIFTY,,2026-08-04,2026-08-04,22650.00,CE,NIFTY2680422650CE,0.00,0.00,0.00,1363.25,1363.25,1363.25,23869.60,1275.45,195,0,0,0.00,0,F1,65,,,,,
2026-07-23,2026-07-23,FO,NSE,IDO,65164,,NIFTY,,2026-08-04,2026-08-04,21700.00,CE,NIFTY2680421700CE,0.00,0.00,0.00,2300.90,0.00,2300.90,23869.60,2213.10,0,0,0,0.00,0,F1,65,,,,,
2026-07-23,2026-07-23,FO,NSE,IDO,64002,,NIFTY,,2026-07-28,2026-07-28,25500.00,CE,NIFTY26JUL25500CE,1.80,2.25,1.20,1.35,1.35,1.85,23869.60,1.35,12342590,-1473615,470739,780296800156.25,76788,F1,65,,,,,
2026-07-23,2026-07-23,FO,NSE,IDO,63967,,NIFTY,,2026-07-28,2026-07-28,24700.00,CE,NIFTY26JUL24700CE,8.00,8.00,3.70,4.10,4.15,8.70,23869.60,4.10,7079150,1633385,606339,973674334688.25,120922,F1,65,,,,,
2026-07-23,2026-07-23,FO,NSE,IDO,63961,,NIFTY,,2026-07-28,2026-07-28,24550.00,CE,NIFTY26JUL24550CE,15.60,15.60,5.80,6.60,6.75,15.60,23869.60,6.60,2285010,328315,293315,468209785819.75,80874,F1,65,,,,,
2026-07-23,2026-07-23,FO,NSE,IDO,63939,,NIFTY,,2026-07-28,2026-07-28,24000.00,CE,NIFTY26JUL24000CE,100.00,130.00,59.65,75.15,78.85,147.50,23869.60,75.15,12948195,-497770,2485659,3892860864597.25,1234269,F1,65,,,,,
2026-07-23,2026-07-23,FO,NSE,IDO,63937,,NIFTY,,2026-07-28,2026-07-28,23950.00,CE,NIFTY26JUL23950CE,133.00,156.95,74.00,93.10,98.40,171.65,23869.60,93.10,3582410,969215,1421463,2223797007675.75,837508,F1,65,,,,,
2026-07-23,2026-07-23,FO,NSE,IDO,63927,,NIFTY,,2026-07-28,2026-07-28,23750.00,CE,NIFTY26JUL23750CE,228.25,294.50,165.00,199.00,209.00,301.40,23869.60,199.00,375895,255970,171471,267018431338.75,119721,F1,65,,,,,
2026-07-23,2026-07-23,FO,NSE,IDO,63907,,NIFTY,,2026-07-28,2026-07-28,23300.00,CE,NIFTY26JUL23300CE,607.60,702.15,522.10,582.40,594.95,694.60,23869.60,582.40,80665,-780,5414,8405857495.75,4071,F1,65,,,,,
2026-07-23,2026-07-23,FO,NSE,IDO,63889,,NIFTY,,2026-07-28,2026-07-28,22850.00,CE,NIFTY26JUL22850CE,0.00,0.00,0.00,1154.50,1154.50,1154.50,23869.60,1040.55,845,0,0,0.00,0,F1,65,,,,,
2026-07-23,2026-07-23,FO,NSE,IDO,63877,,NIFTY,,2026-07-28,2026-07-28,22550.00,CE,NIFTY26JUL22550CE,0.00,0.00,0.00,1639.65,1639.65,1639.65,23869.60,1338.60,260,0,0,0.00,0,F1,65,,,,,
2026-07-23,2026-07-23,FO,NSE,IDO,63867,,NIFTY,,2026-07-28,2026-07-28,22300.00,CE,NIFTY26JUL22300CE,0.00,0.00,0.00,1893.00,1893.00,1893.00,23869.60,1588.20,520,0,0,0.00,0,F1,65,,,,,
2026-07-23,2026-07-23,FO,NSE,IDO,63861,,NIFTY,,2026-07-28,2026-07-28,22150.00,CE,NIFTY26JUL22150CE,0.00,0.00,0.00,1902.90,1902.90,1902.90,23869.60,1738.05,1560,0,0,0.00,0,F1,65,,,,,
2026-07-23,2026-07-23,FO,NSE,IDO,63853,,NIFTY,,2026-07-28,2026-07-28,21950.00,CE,NIFTY26JUL21950CE,1925.95,1925.95,1925.95,1925.95,1925.95,1968.90,23869.60,1937.90,130,0,1,1551936.75,1,F1,65,,,,,
2026-07-23,2026-07-23,FO,NSE,IDO,63831,,NIFTY,,2026-07-28,2026-07-28,21500.00,CE,NIFTY26JUL21500CE,2417.75,2488.50,2323.00,2378.15,2389.00,2479.90,23869.60,2378.15,405600,-19890,383,594631098.75,329,F1,65,,,,,
2026-07-23,2026-07-23,FO,NSE,IDO,63829,,NIFTY,,2026-07-28,2026-07-28,21450.00,CE,NIFTY26JUL21450CE,0.00,0.00,0.00,2918.50,0.00,2918.50,23869.60,2437.50,0,0,0,0.00,0,F1,65,,,,,
2026-07-23,2026-07-23,FO,NSE,IDO,63825,,NIFTY,,2026-07-28,2026-07-28,21400.00,CE,NIFTY26JUL21400CE,0.00,0.00,0.00,2963.90,0.00,2963.90,23869.60,2487.45,0,0,0,0.00,0,F1,65,,,,,
2026-07-23,2026-07-23,FO,NSE,IDO,73805,,NIFTY,,2026-09-29,2026-09-29,21600.00,CE,NIFTY26SEP21600CE,0.00,0.00,0.00,2675.05,0.00,2675.05,23869.60,2577.50,0,0,0,0.00,0,F1,65,,,,,
2026-07-23,2026-07-23,FO,NSE,IDO,73859,,NIFTY,,2026-09-29,2026-09-29,21950.00,CE,NIFTY26SEP21950CE,0.00,0.00,0.00,2369.20,0.00,2369.20,23869.60,2260.05,0,0,0,0.00,0,F1,65,,,,,
2026-07-23,2026-07-23,FO,NSE,IDO,73897,,NIFTY,,2026-09-29,2026-09-29,22850.00,CE,NIFTY26SEP22850CE,0.00,0.00,0.00,1453.00,1453.00,1453.00,23869.60,1513.05,390,0,0,0.00,0,F1,65,,,,,
2026-07-23,2026-07-23,FO,NSE,IDO,73906,,NIFTY,,2026-09-29,2026-09-29,23100.00,CE,NIFTY26SEP23100CE,0.00,0.00,0.00,1377.95,1377.95,1377.95,23869.60,1328.75,520,0,0,0.00,0,F1,65,,,,,
2026-07-23,2026-07-23,FO,NSE,IDO,74107,,NIFTY,,2026-09-29,2026-09-29,24300.00,CE,NIFTY26SEP24300CE,440.05,464.00,393.00,412.30,415.00,481.20,23869.60,412.30,74035,13650,777,1248336550.50,498,F1,65,,,,,
2026-07-23,2026-07-23,FO,NSE,IDO,74432,,NIFTY,,2026-09-29,2026-09-29,25950.00,CE,NIFTY26SEP25950CE,0.00,0.00,0.00,251.80,0.00,251.80,23869.60,155.55,0,0,0,0.00,0,F1,65,,,,,
2026-07-23,2026-07-23,FO,NSE,IDO,55324,,NIFTY,,2026-12-29,2026-12-29,19500.00,CE,NIFTY26DEC19500CE,0.00,0.00,0.00,7586.85,0.00,7586.85,23869.60,4939.35,0,0,0,0.00,0,F1,65,,,,,
2026-07-23,2026-07-23,FO,NSE,IDO,55328,,NIFTY,,2026-12-29,2026-12-29,25500.00,CE,NIFTY26DEC25500CE,399.00,414.70,365.70,374.90,375.15,422.35,23869.60,374.90,465400,24765,3157,5312586256.25,1892,F1,65,,,,,
2026-07-23,2026-07-23,FO,NSE,IDO,80268,,NIFTY,,2027-03-30,2027-03-30,21000.00,CE,NIFTY27MAR21000CE,0.00,0.00,0.00,3217.45,0.00,3217.45,23869.60,3955.45,0,0,0,0.00,0,F1,65,,,,,
2026-07-23,2026-07-23,FO,NSE,IDO,80307,,NIFTY,,2027-03-30,2027-03-30,30000.00,CE,NIFTY27MAR30000CE,51.60,53.80,50.00,51.75,52.40,51.70,23869.60,51.75,78325,-4810,362,707112883.75,163,F1,65,,,,,
2026-07-23,2026-07-23,FO,NSE,IDO,55368,,NIFTY,,2027-06-29,2027-06-29,16500.00,CE,NIFTY27JUN16500CE,0.00,0.00,0.00,10867.20,0.00,10867.20,23869.60,8361.65,0,0,0,0.00,0,F1,65,,,,,
2026-07-23,2026-07-23,FO,NSE,IDO,55372,,NIFTY,,2027-06-29,2027-06-29,19500.00,CE,NIFTY27JUN19500CE,0.00,0.00,0.00,8143.40,0.00,8143.40,23869.60,5612.55,0,0,0,0.00,0,F1,65,,,,,
2026-07-23,2026-07-23,FO,NSE,IDO,40934,,NIFTY,,2026-08-11,2026-08-11,22600.00,PE,NIFTY2681122600PE,18.90,22.80,14.20,19.40,19.50,16.90,23869.60,19.40,21645,3120,358,526325156.50,211,F1,65,,,,,
2026-07-23,2026-07-23,FO,NSE,IDO,40944,,NIFTY,,2026-08-11,2026-08-11,22850.00,PE,NIFTY2681122850PE,30.00,39.10,23.60,33.60,31.45,27.90,23869.60,33.60,5850,1365,113,168047613.50,52,F1,65,,,,,
2026-07-23,2026-07-23,FO,NSE,IDO,40954,,NIFTY,,2026-08-11,2026-08-11,23100.00,PE,NIFTY2681123100PE,50.65,67.05,39.85,55.35,54.10,47.05,23869.60,55.35,17420,2795,482,725441008.50,343,F1,65,,,,,
2026-07-23,2026-07-23,FO,NSE,IDO,40988,,NIFTY,,2026-08-11,2026-08-11,23900.00,PE,NIFTY2681123900PE,263.25,313.20,215.95,275.75,273.00,230.90,23869.60,275.75,81575,48815,5716,8976878504.75,3807,F1,65,,,,,
2026-07-23,2026-07-23,FO,NSE,IDO,41004,,NIFTY,,2026-08-11,2026-08-11,24300.00,PE,NIFTY2681124300PE,499.95,566.00,437.40,515.55,508.00,438.25,23869.60,515.55,52845,195,218,351362079.25,177,F1,65,,,,,
2026-07-23,2026-07-23,FO,NSE,IDO,41056,,NIFTY,,2026-08-11,2026-08-11,25450.00,PE,NIFTY2681125450PE,0.00,0.00,0.00,1091.80,0.00,1091.80,23869.60,1522.70,0,0,0,0.00,0,F1,65,,,,,
2026-07-23,2026-07-23,FO,NSE,IDO,41060,,NIFTY,,2026-08-11,2026-08-11,25550.00,PE,NIFTY2681125550PE,0.00,0.00,0.00,1168.95,0.00,1168.95,23869.60,1617.50,0,0,0,0.00,0,F1,65,,,,,
2026-07-23,2026-07-23,FO,NSE,IDO,41092,,NIFTY,,2026-08-11,2026-08-11,26100.00,PE,NIFTY2681126100PE,0.00,0.00,0.00,1628.10,0.00,1628.10,23869.60,2152.10,0,0,0,0.00,0,F1,65,,,,,
2026-07-23,2026-07-23,FO,NSE,IDO,45020,,NIFTY,,2026-08-18,2026-08-18,22600.00,PE,NIFTY2681822600PE,28.20,38.65,24.80,36.05,33.95,29.25,23869.60,36.05,13325,2015,97,142680352.75,52,F1,65,,,,,
2026-07-23,2026-07-23,FO,NSE,IDO,45048,,NIFTY,,2026-08-18,2026-08-18,23150.00,PE,NIFTY2681823150PE,100.00,100.00,90.20,94.65,94.65,77.00,23869.60,131.90,1300,-195,6,9066092.75,5,F1,65,,,,,
2026-07-23,2026-07-23,FO,NSE,IDO,45095,,NIFTY,,2026-08-18,2026-08-18,24100.00,PE,NIFTY2681824100PE,379.15,455.75,340.65,421.60,421.60,353.45,23869.60,421.60,7150,325,71,113037089.75,61,F1,65,,,,,
2026-07-23,2026-07-23,FO,NSE,IDO,45107,,NIFTY,,2026-08-18,2026-08-18,24400.00,PE,NIFTY2681824400PE,559.00,638.35,521.70,607.25,607.25,513.25,23869.60,676.80,1495,-780,47,76278299.50,42,F1,65,,,,,
2026-07-23,2026-07-23,FO,NSE,IDO,45109,,NIFTY,,2026-08-18,2026-08-18,24450.00,PE,NIFTY2681824450PE,605.90,605.90,579.70,579.70,579.70,425.40,23869.60,710.15,650,0,2,3255564.00,2,F1,65,,,,,
2026-07-23,2026-07-23,FO,NSE,IDO,45123,,NIFTY,,2026-08-18,2026-08-18,24700.00,PE,NIFTY2681824700PE,0.00,0.00,0.00,803.00,0.00,803.00,23869.60,889.65,0,0,0,0.00,0,F1,65,,,,,
2026-07-23,2026-07-23,FO,NSE,IDO,45133,,NIFTY,,2026-08-18,2026-08-18,24750.00,PE,NIFTY2681824750PE,0.00,0.00,0.00,836.30,0.00,836.30,23869.60,926.65,0,0,0,0.00,0,F1,65,,,,,
2026-07-23,2026-07-23,FO,NSE,IDO,45153,,NIFTY,,2026-08-18,2026-08-18,25100.00,PE,NIFTY2681825100PE,0.00,0.00,0.00,1088.10,0.00,1088.10,23869.60,1209.65,0,0,0,0.00,0,F1,65,,,,,
2026-07-23,2026-07-23,FO,NSE,IDO,45155,,NIFTY,,2026-08-18,2026-08-18,25150.00,PE,NIFTY2681825150PE,0.00,0.00,0.00,1126.45,0.00,1126.45,23869.60,1252.35,0,0,0,0.00,0,F1,65,,,,,
2026-07-23,2026-07-23,FO,NSE,IDO,61345,,NIFTY,,2026-08-25,2026-08-25,21850.00,PE,NIFTY26AUG21850PE,17.15,21.00,16.05,19.20,21.00,16.70,23869.60,19.20,1885,780,46,65387819.25,34,F1,65,,,,,
2026-07-23,2026-07-23,FO,NSE,IDO,61373,,NIFTY,,2026-08-25,2026-08-25,22250.00,PE,NIFTY26AUG22250PE,27.30,33.70,24.45,29.90,28.90,26.55,23869.60,29.90,8710,-65,123,178107930.00,100,F1,65,,,,,
2026-07-23,2026-07-23,FO,NSE,IDO,61431,,NIFTY,,2026-08-25,2026-08-25,23050.00,PE,NIFTY26AUG23050PE,92.00,113.50,76.30,101.50,100.70,84.75,23869.60,101.50,36205,6890,591,889345255.50,312,F1,65,,,,,
2026-07-23,2026-07-23,FO,NSE,IDO,61444,,NIFTY,,2026-08-25,2026-08-25,23150.00,PE,NIFTY26AUG23150PE,99.30,134.20,89.70,118.75,118.95,99.30,23869.60,118.75,27495,260,364,550394263.25,288,F1,65,,,,,
2026-07-23,2026-07-23,FO,NSE,IDO,61726,,NIFTY,,2026-08-25,2026-08-25,24400.00,PE,NIFTY26AUG24400PE,602.00,677.90,532.75,628.80,619.30,538.90,23869.60,628.80,242450,71630,2865,4653710828.00,2499,F1,65,,,,,
2026-07-23,2026-07-23,FO,NSE,IDO,61776,,NIFTY,,2026-08-25,2026-08-25,24600.00,PE,NIFTY26AUG24600PE,736.00,827.30,665.95,773.60,759.45,665.15,23869.60,773.60,119405,-35750,2089,3442616745.75,1354,F1,65,,,,,
2026-07-23,2026-07-23,FO,NSE,IDO,46924,,NIFTY,,2026-09-01,2026-09-01,22450.00,PE,NIFTY2690122450PE,50.00,59.10,50.00,59.10,59.10,41.00,23869.60,67.95,325,195,4,5850591.50,2,F1,65,,,,,
2026-07-23,2026-07-23,FO,NSE,IDO,46968,,NIFTY,,2026-09-01,2026-09-01,23550.00,PE,NIFTY2690123550PE,0.00,0.00,0.00,234.30,0.00,234.30,23869.60,316.20,0,0,0,0.00,0,F1,65,,,,,
2026-07-23,2026-07-23,FO,NSE,IDO,46996,,NIFTY,,2026-09-01,2026-09-01,24250.00,PE,NIFTY2690124250PE,0.00,0.00,0.00,500.05,0.00,500.05,23869.60,641.70,0,0,0,0.00,0,F1,65,,,,,
2026-07-23,2026-07-23,FO,NSE,IDO,47054,,NIFTY,,2026-09-01,2026-09-01,25700.00,PE,NIFTY2690125700PE,0.00,0.00,0.00,1467.30,0.00,1467.30,23869.60,1722.90,0,0,0,0.00,0,F1,65,,,,,
2026-07-23,2026-07-23,FO,NSE,IDO,47060,,NIFTY,,2026-09-01,2026-09-01,25850.00,PE,NIFTY2690125850PE,0.00,0.00,0.00,1593.20,0.00,1593.20,23869.60,1856.75,0,0,0,0.00,0,F1,65,,,,,
2026-07-23,2026-07-23,FO,NSE,IDO,55283,,NIFTY,,2026-09-29,2026-09-29,19500.00,PE,NIFTY26SEP19500PE,17.25,21.50,16.65,18.25,17.75,17.75,23869.60,18.25,907270,4030,3263,4139950288.50,1877,F1,65,,,,,
2026-07-23,2026-07-23,FO,NSE,IDO,73851,,NIFTY,,2026-09-29,2026-09-29,21750.00,PE,NIFTY26SEP21750PE,41.50,51.85,30.00,51.80,51.80,41.80,23869.60,54.25,5395,1430,116,164330692.50,64,F1,65,,,,,
2026-07-23,2026-07-23,FO,NSE,IDO,74083,,NIFTY,,2026-09-29,2026-09-29,24200.00,PE,NIFTY26SEP24200PE,549.00,607.85,500.40,576.85,564.90,510.60,23869.60,576.85,58370,1495,698,1123195043.75,452,F1,65,,,,,
2026-07-23,2026-07-23,FO,NSE,IDO,74108,,NIFTY,,2026-09-29,2026-09-29,24300.00,PE,NIFTY26SEP24300PE,578.00,660.00,550.15,623.10,619.00,557.65,23869.60,623.10,41080,-4160,318,514857684.25,211,F1,65,,,,,
2026-07-23,2026-07-23,FO,NSE,IDO,74242,,NIFTY,,2026-09-29,2026-09-29,24500.00,PE,NIFTY26SEP24500PE,700.00,783.00,651.00,736.15,728.30,655.95,23869.60,736.15,847275,24570,2458,4029389942.50,1681,F1,65,,,,,
2026-07-23,2026-07-23,FO,NSE,IDO,74352,,NIFTY,,2026-09-29,2026-09-29,24650.00,PE,NIFTY26SEP24650PE,774.35,775.00,770.00,770.00,770.00,750.00,23869.60,963.80,6565,-130,4,6610093.75,4,F1,65,,,,,
2026-07-23,2026-07-23,FO,NSE,IDO,74373,,NIFTY,,2026-09-29,2026-09-29,25200.00,PE,NIFTY26SEP25200PE,0.00,0.00,0.00,1093.90,1093.90,1093.90,23869.60,1331.80,5460,0,0,0.00,0,F1,65,,,,,
2026-07-23,2026-07-23,FO,NSE,IDO,74394,,NIFTY,,2026-09-29,2026-09-29,25400.00,PE,NIFTY26SEP25400PE,0.00,0.00,0.00,1041.00,1041.00,1041.00,23869.60,1480.80,650,0,0,0.00,0,F1,65,,,,,
2026-07-23,2026-07-23,FO,NSE,IDO,74433,,NIFTY,,2026-09-29,2026-09-29,25950.00,PE,NIFTY26SEP25950PE,0.00,0.00,0.00,1938.00,0.00,1938.00,23869.60,1918.35,0,0,0,0.00,0,F1,65,,,,,
2026-07-23,2026-07-23,FO,NSE,IDO,37810,,NIFTY,,2026-12-29,2026-12-29,23000.00,PE,NIFTY26DEC23000PE,299.00,329.00,282.45,311.60,312.20,286.90,23869.60,311.60,2101325,19010,5946,9006711203.75,2897,F1,65,,,,,
2026-07-23,2026-07-23,FO,NSE,IDO,35237,,NIFTY,,2026-12-29,2026-12-29,30000.00,PE,NIFTY26DEC30000PE,5110.00,5299.20,5110.00,5223.25,5223.25,5101.75,23869.60,5223.25,417225,195,25,57223890.75,25,F1,65,,,,,
2026-07-23,2026-07-23,FO,NSE,IDO,80273,,NIFTY,,2027-03-30,2027-03-30,24000.00,PE,NIFTY27MAR24000PE,632.95,679.85,602.00,648.35,644.00,608.70,23869.60,648.35,128895,7280,589,943630467.00,441,F1,65,,,,,
2026-07-23,2026-07-23,FO,NSE,IDO,55375,,NIFTY,,2027-06-29,2027-06-29,22500.00,PE,NIFTY27JUN22500PE,0.00,0.00,0.00,350.00,350.00,350.00,23869.60,486.10,650,0,0,0.00,0,F1,65,,,,,
2026-07-23,2026-07-23,FO,NSE,IDO,53627,,NIFTY,,2027-12-28,2027-12-28,25000.00,PE,NIFTY27DEC25000PE,1121.00,1177.40,1116.90,1177.40,1177.40,1133.20,23869.60,1177.40,58665,260,51,86664808.75,30,F1,65,,,,,
2026-07-23,2026-07-23,FO,NSE,IDO,53630,,NIFTY,,2027-12-28,2027-12-28,26000.00,PE,NIFTY27DEC26000PE,1478.85,1596.05,1466.00,1533.10,1542.35,1473.50,23869.60,1533.10,41170,130,44,78747561.75,35,F1,65,,,,,
2026-07-23,2026-07-23,FO,NSE,IDO,67781,,NIFTY,,2028-12-26,2028-12-26,23000.00,PE,NIFTY28DEC23000PE,745.00,745.00,718.00,718.00,718.00,738.05,23869.60,737.55,1805,-455,9,13880106.50,5,F1,65,,,,,
2026-07-23,2026-07-23,FO,NSE,IDO,67787,,NIFTY,,2028-12-26,2028-12-26,26000.00,PE,NIFTY28DEC26000PE,0.00,0.00,0.00,1450.00,1450.00,1450.00,23869.60,1634.40,6745,0,0,0.00,0,F1,65,,,,,
2026-07-23,2026-07-23,FO,NSE,IDO,55563,,NIFTY,,2029-06-26,2029-06-26,25500.00,PE,NIFTY29JUN25500PE,0.00,0.00,0.00,624.25,0.00,624.25,23869.60,1386.55,0,0,0,0.00,0,F1,65,,,,,
2026-07-23,2026-07-23,FO,NSE,IDO,89637,,NIFTY,,2029-06-26,2029-06-26,27000.00,PE,NIFTY29JUN27000PE,0.00,0.00,0.00,1252.35,0.00,1252.35,23869.60,1907.45,0,0,0,0.00,0,F1,65,,,,,
2026-07-23,2026-07-23,FO,NSE,IDO,89643,,NIFTY,,2029-06-26,2029-06-26,30000.00,PE,NIFTY29JUN30000PE,0.00,0.00,0.00,2031.05,0.00,2031.05,23869.60,3227.45,0,0,0,0.00,0,F1,65,,,,,
2026-07-23,2026-07-23,FO,NSE,IDO,61749,,NIFTY,,2029-12-24,2029-12-24,24000.00,PE,NIFTY29DEC24000PE,0.00,0.00,0.00,1000.00,1000.00,1000.00,23869.60,931.55,390,0,0,0.00,0,F1,65,,,,,
2026-07-23,2026-07-23,FO,NSE,IDO,55649,,NIFTY,,2030-06-25,2030-06-25,28500.00,PE,NIFTY30JUN28500PE,0.00,0.00,0.00,1167.60,0.00,1167.60,23869.60,2185.20,0,0,0,0.00,0,F1,65,,,,,
2026-07-23,2026-07-23,FO,NSE,IDO,55755,,NIFTY,,2030-12-31,2030-12-31,24000.00,PE,NIFTY30DEC24000PE,0.00,0.00,0.00,1309.95,1309.95,1309.95,23869.60,856.15,325,0,0,0.00,0,F1,65,,,,,
2026-07-23,2026-07-23,FO,NSE,IDO,74644,,NIFTY,,2031-06-24,2031-06-24,19500.00,PE,NIFTY31JUN19500PE,0.00,0.00,0.00,289.20,0.00,289.20,23869.60,242.00,0,0,0,0.00,0,F1,65,,,,,
2026-07-23,2026-07-23,FO,NSE,IDO,65450,,NIFTY,,2026-08-04,2026-08-04,22850.00,PE,NIFTY2680422850PE,13.90,18.45,10.00,13.80,13.95,12.95,23869.60,13.80,44330,20475,1629,2421023250.75,1136,F1,65,,,,,
2026-07-23,2026-07-23,FO,NSE,IDO,65442,,NIFTY,,2026-08-04,2026-08-04,22650.00,PE,NIFTY2680422650PE,9.45,11.70,7.15,8.70,8.60,8.75,23869.60,8.70,36985,16185,980,1443373512.75,536,F1,65,,,,,
2026-07-23,2026-07-23,FO,NSE,IDO,65426,,NIFTY,,2026-08-04,2026-08-04,22350.00,PE,NIFTY2680422350PE,6.05,7.10,4.90,5.80,5.35,6.00,23869.60,5.80,6500,4420,320,465007318.75,187,F1,65,,,,,
2026-07-23,2026-07-23,FO,NSE,IDO,65418,,NIFTY,,2026-08-04,2026-08-04,22200.00,PE,NIFTY2680422200PE,4.60,5.95,4.30,4.95,4.85,4.80,23869.60,4.95,96265,15600,2625,3788725450.25,1551,F1,65,,,,,
2026-07-23,2026-07-23,FO,NSE,IDO,63918,,NIFTY,,2026-07-28,2026-07-28,23550.00,PE,NIFTY26JUL23550PE,35.10,48.00,18.55,30.65,29.15,29.95,23869.60,30.65,1361425,121810,379875,582271885724.75,161357,F1,65,,,,,
2026-07-23,2026-07-23,FO,NSE,IDO,63902,,NIFTY,,2026-07-28,2026-07-28,23150.00,PE,NIFTY26JUL23150PE,11.00,11.00,4.60,5.40,5.30,7.15,23869.60,5.40,1498640,908375,218128,328320427646.25,58075,F1,65,,,,,
2026-07-23,2026-07-23,FO,NSE,IDO,63886,,NIFTY,,2026-07-28,2026-07-28,22750.00,PE,NIFTY26JUL22750PE,3.25,5.25,2.10,2.35,2.20,3.25,23869.60,2.35,344175,38220,103958,153747281548.25,24783,F1,65,,,,,
2026-07-23,2026-07-23,FO,NSE,IDO,63878,,NIFTY,,2026-07-28,2026-07-28,22550.00,PE,NIFTY26JUL22550PE,2.75,3.80,1.70,1.85,1.85,2.55,23869.60,1.85,156000,72280,36053,52850310383.00,8291,F1,65,,,,,
2026-07-23,2026-07-23,FO,NSE,IDO,63860,,NIFTY,,2026-07-28,2026-07-28,22100.00,PE,NIFTY26JUL22100PE,2.65,2.65,1.20,1.40,1.35,1.80,23869.60,1.40,557245,28340,44501,63931015781.75,10008,F1,65,,,,,
2026-07-23,2026-07-23,FO,NSE,IDO,63846,,NIFTY,,2026-07-28,2026-07-28,21750.00,PE,NIFTY26JUL21750PE,1.30,1.85,0.90,1.00,1.00,1.45,23869.60,1.00,31850,6045,2299,3250421089.50,1192,F1,65,,,,,
2026-07-23,2026-07-23,FO,NSE,IDO,74651,,NIFTY,,2031-06-24,2031-06-24,25500.00,CE,NIFTY31JUN25500CE,0.00,0.00,0.00,6409.80,0.00,6409.80,23869.60,6573.00,0,0,0,0.00,0,F1,65,,,,,
2026-07-23,2026-07-23,FO,NSE,IDO,74643,,NIFTY,,2031-06-24,2031-06-24,19500.00,CE,NIFTY31JUN19500CE,0.00,0.00,0.00,9840.60,0.00,9840.60,23869.60,10028.40,0,0,0,0.00,0,F1,65,,,,,
2026-07-23,2026-07-23,FO,NSE,IDO,60910,,NIFTY,,2030-06-25,2030-06-25,27000.00,CE,NIFTY30JUN27000CE,0.00,0.00,0.00,6972.50,0.00,6972.50,23869.60,4721.15,0,0,0,0.00,0,F1,65,,,,,
2026-07-23,2026-07-23,FO,NSE,IDO,55556,,NIFTY,,2029-06-26,2029-06-26,16500.00,CE,NIFTY29JUN16500CE,0.00,0.00,0.00,12587.95,0.00,12587.95,23869.60,10323.35,0,0,0,0.00,0,F1,65,,,,,
2026-07-23,2026-07-23,FO,NSE,IDO,53631,,NIFTY,,2027-12-28,2027-12-28,27000.00,CE,NIFTY27DEC27000CE,1180.00,1190.00,1121.00,1138.00,1150.00,1214.00,23869.60,1138.00,42080,390,61,111676971.25,57,F1,65,,,,,
2026-07-23,2026-07-23,FO,NSE,IDO,55422,,NIFTY,,2027-12-28,2027-12-28,19500.00,CE,NIFTY27DEC19500CE,0.00,0.00,0.00,8684.70,0.00,8684.70,23869.60,6260.75,0,0,0,0.00,0,F1,65,,,,,
2026-07-23,2026-07-23,FO,NSE,IDO,55374,,NIFTY,,2027-06-29,2027-06-29,22500.00,CE,NIFTY27JUN22500CE,0.00,0.00,0.00,5539.60,0.00,5539.60,23869.60,3203.15,0,0,0,0.00,0,F1,65,,,,,
2026-07-23,2026-07-23,FO,NSE,IDO,80274,,NIFTY,,2027-03-30,2027-03-30,25500.00,CE,NIFTY27MAR25500CE,728.45,750.00,690.80,708.05,710.00,758.20,23869.60,708.05,655590,-780,743,1265843865.00,554,F1,65,,,,,
2026-07-23,2026-07-23,FO,NSE,IDO,47190,,NIFTY,,2026-12-29,2026-12-29,33000.00,CE,NIFTY26DEC33000CE,7.95,7.95,7.10,7.60,7.60,7.85,23869.60,7.60,97565,-195,6,12872928.25,6,F1,65,,,,,
2026-07-23,2026-07-23,FO,NSE,IDO,55290,,NIFTY,,2026-09-29,2026-09-29,31500.00,CE,NIFTY26SEP31500CE,3.10,3.10,2.00,2.20,2.00,3.10,23869.60,2.20,17745,8710,290,593819963.75,154,F1,65,,,,,
2026-07-23,2026-07-23,FO,NSE,IDO,55288,,NIFTY,,2026-09-29,2026-09-29,28500.00,CE,NIFTY26SEP28500CE,5.40,6.25,4.65,5.10,5.35,5.55,23869.60,5.10,551525,0,817,1513778906.25,462,F1,65,,,,,
2026-07-23,2026-07-23,FO,NSE,IDO,74391,,NIFTY,,2026-09-29,2026-09-29,25400.00,CE,NIFTY26SEP25400CE,0.00,0.00,0.00,379.45,0.00,379.45,23869.60,261.25,0,0,0,0.00,0,F1,65,,,,,
2026-07-23,2026-07-23,FO,NSE,IDO,74363,,NIFTY,,2026-09-29,2026-09-29,24950.00,CE,NIFTY26SEP24950CE,201.40,210.15,175.70,181.70,182.95,222.05,23869.60,181.70,13715,2210,229,374301950.75,145,F1,65,,,,,
2026-07-23,2026-07-23,FO,NSE,IDO,74048,,NIFTY,,2026-09-29,2026-09-29,23850.00,CE,NIFTY26SEP23850CE,636.95,661.10,625.05,655.75,661.10,727.95,23869.60,655.75,3770,2600,49,78003165.50,47,F1,65,,,,,
2026-07-23,2026-07-23,FO,NSE,IDO,73887,,NIFTY,,2026-09-29,2026-09-29,22600.00,CE,NIFTY26SEP22600CE,0.00,0.00,0.00,1734.30,1734.30,1734.30,23869.60,1708.30,195,0,0,0.00,0,F1,65,,,,,
2026-07-23,2026-07-23,FO,NSE,IDO,47031,,NIFTY,,2026-09-01,2026-09-01,25150.00,CE,NIFTY2690125150CE,0.00,0.00,0.00,253.70,0.00,253.70,23869.60,161.50,0,0,0,0.00,0,F1,65,,,,,
2026-07-23,2026-07-23,FO,NSE,IDO,46977,,NIFTY,,2026-09-01,2026-09-01,23800.00,CE,NIFTY2690123800CE,0.00,0.00,0.00,867.20,0.00,867.20,23869.60,657.30,0,0,0,0.00,0,F1,65,,,,,
2026-07-23,2026-07-23,FO,NSE,IDO,46971,,NIFTY,,2026-09-01,2026-09-01,23650.00,CE,NIFTY2690123650CE,0.00,0.00,0.00,966.45,0.00,966.45,23869.60,744.20,0,0,0,0.00,0,F1,65,,,,,
2026-07-23,2026-07-23,FO,NSE,IDO,46953,,NIFTY,,2026-09-01,2026-09-01,23200.00,CE,NIFTY2690123200CE,0.00,0.00,0.00,1298.35,0.00,1298.35,23869.60,1044.20,0,0,0,0.00,0,F1,65,,,,,
2026-07-23,2026-07-23,FO,NSE,IDO,46939,,NIFTY,,2026-09-01,2026-09-01,22850.00,CE,NIFTY2690122850CE,0.00,0.00,0.00,1586.45,0.00,1586.45,23869.60,1311.85,0,0,0,0.00,0,F1,65,,,,,
2026-07-23,2026-07-23,FO,NSE,IDO,46929,,NIFTY,,2026-09-01,2026-09-01,22600.00,CE,NIFTY2690122600CE,0.00,0.00,0.00,1805.15,0.00,1805.15,23869.60,1519.55,0,0,0,0.00,0,F1,65,,,,,
2026-07-23,2026-07-23,FO,NSE,IDO,61953,,NIFTY,,2026-08-25,2026-08-25,25350.00,CE,NIFTY26AUG25350CE,0.00,0.00,0.00,417.60,0.00,417.60,23869.60,90.40,0,0,0,0.00,0,F1,65,,,,,
2026-07-23,2026-07-23,FO,NSE,IDO,61440,,NIFTY,,2026-08-25,2026-08-25,23150.00,CE,NIFTY26AUG23150CE,908.00,917.85,875.15,875.15,875.15,1033.95,23869.60,1020.75,715,130,13,20320894.75,11,F1,65,,,,,
2026-07-23,2026-07-23,FO,NSE,IDO,61424,,NIFTY,,2026-08-25,2026-08-25,22900.00,CE,NIFTY26AUG22900CE,1200.00,1206.95,1071.60,1131.35,1131.35,1239.15,23869.60,1131.35,5785,910,32,49984766.00,27,F1,65,,,,,
2026-07-23,2026-07-23,FO,NSE,IDO,61401,,NIFTY,,2026-08-25,2026-08-25,22600.00,CE,NIFTY26AUG22600CE,1420.35,1420.35,1379.35,1379.35,1379.35,1512.35,23869.60,1470.50,1430,0,2,3119980.50,2,F1,65,,,,,
2026-07-23,2026-07-23,FO,NSE,IDO,61340,,NIFTY,,2026-08-25,2026-08-25,21750.00,CE,NIFTY26AUG21750CE,0.00,0.00,0.00,2581.20,0.00,2581.20,23869.60,2260.25,0,0,0,0.00,0,F1,65,,,,,
2026-07-23,2026-07-23,FO,NSE,IDO,61173,,NIFTY,,2026-08-25,2026-08-25,21350.00,CE,NIFTY26AUG21350CE,0.00,0.00,0.00,2938.85,0.00,2938.85,23869.60,2650.75,0,0,0,0.00,0,F1,65,,,,,
2026-07-23,2026-07-23,FO,NSE,IDO,45206,,NIFTY,,2026-08-18,2026-08-18,26100.00,CE,NIFTY2681826100CE,4.65,5.20,4.25,4.75,4.75,5.30,23869.60,4.75,2080,1690,50,84840704.00,14,F1,65,,,,,
2026-07-23,2026-07-23,FO,NSE,IDO,45096,,NIFTY,,2026-08-18,2026-08-18,24150.00,CE,NIFTY2681824150CE,249.55,267.05,207.80,220.90,219.70,285.30,23869.60,220.90,5590,390,118,186984473.00,82,F1,65,,,,,
2026-07-23,2026-07-23,FO,NSE,IDO,45092,,NIFTY,,2026-08-18,2026-08-18,24050.00,CE,NIFTY2681824050CE,298.00,314.40,250.00,263.70,263.70,334.45,23869.60,263.70,4875,-325,96,151844455.75,76,F1,65,,,,,
2026-07-23,2026-07-23,FO,NSE,IDO,74396,,NIFTY,,2026-09-29,2026-09-29,25450.00,PE,NIFTY26SEP25450PE,0.00,0.00,0.00,1559.90,0.00,1559.90,23869.60,1517.85,0,0,0,0.00,0,F1,65,,,,,
2026-07-23,2026-07-23,FO,NSE,IDO,45078,,NIFTY,,2026-08-18,2026-08-18,23800.00,CE,NIFTY2681823800CE,429.35,460.75,368.05,392.20,397.95,475.75,23869.60,392.20,5005,3510,180,283057264.75,149,F1,65,,,,,
2026-07-23,2026-07-23,FO,NSE,IDO,45074,,NIFTY,,2026-08-18,2026-08-18,23700.00,CE,NIFTY2681823700CE,443.70,467.15,422.20,443.15,443.15,552.80,23869.60,575.10,1885,975,40,62764175.50,33,F1,65,,,,,
2026-07-23,2026-07-23,FO,NSE,IDO,45069,,NIFTY,,2026-08-18,2026-08-18,23600.00,CE,NIFTY2681823600CE,572.75,572.75,498.00,524.35,524.35,614.05,23869.60,635.85,3900,2080,39,61129620.50,22,F1,65,,,,,
2026-07-23,2026-07-23,FO,NSE,IDO,45065,,NIFTY,,2026-08-18,2026-08-18,23500.00,CE,NIFTY2681823500CE,664.45,664.45,561.00,595.45,606.75,695.00,23869.60,595.45,2145,585,30,46996716.00,29,F1,65,,,,,
2026-07-23,2026-07-23,FO,NSE,IDO,45013,,NIFTY,,2026-08-18,2026-08-18,22500.00,CE,NIFTY2681822500CE,0.00,0.00,0.00,1729.30,0.00,1729.30,23869.60,1504.10,0,0,0,0.00,0,F1,65,,,,,
2026-07-23,2026-07-23,FO,NSE,IDO,41065,,NIFTY,,2026-08-11,2026-08-11,25700.00,CE,NIFTY2681125700CE,5.30,5.40,4.40,4.75,4.40,5.85,23869.60,4.75,585,130,16,26733177.25,10,F1,65,,,,,
2026-07-23,2026-07-23,FO,NSE,IDO,41039,,NIFTY,,2026-08-11,2026-08-11,25050.00,CE,NIFTY2681125050CE,0.00,0.00,0.00,300.80,0.00,300.80,23869.60,55.55,0,0,0,0.00,0,F1,65,,,,,
2026-07-23,2026-07-23,FO,NSE,IDO,41033,,NIFTY,,2026-08-11,2026-08-11,24950.00,CE,NIFTY2681124950CE,0.00,0.00,0.00,335.80,0.00,335.80,23869.60,68.20,0,0,0,0.00,0,F1,65,,,,,
2026-07-23,2026-07-23,FO,NSE,IDO,41031,,NIFTY,,2026-08-11,2026-08-11,24900.00,CE,NIFTY2681124900CE,0.00,0.00,0.00,354.35,0.00,354.35,23869.60,75.35,0,0,0,0.00,0,F1,65,,,,,
2026-07-23,2026-07-23,FO,NSE,IDO,41027,,NIFTY,,2026-08-11,2026-08-11,24800.00,CE,NIFTY2681124800CE,38.15,42.70,30.00,32.30,31.95,76.10,23869.60,32.30,95420,95290,3282,5298007061.75,2346,F1,65,,,,,
2026-07-23,2026-07-23,FO,NSE,IDO,40993,,NIFTY,,2026-08-11,2026-08-11,24050.00,CE,NIFTY2681124050CE,232.65,260.70,191.10,209.20,212.05,277.85,23869.60,209.20,45890,11895,636,1003255584.50,519,F1,65,,,,,
2026-07-23,2026-07-23,FO,NSE,IDO,40955,,NIFTY,,2026-08-11,2026-08-11,23150.00,CE,NIFTY2681123150CE,0.00,0.00,0.00,1465.70,0.00,1465.70,23869.60,886.90,0,0,0,0.00,0,F1,65,,,,,
2026-07-23,2026-07-23,FO,NSE,IDO,40907,,NIFTY,,2026-08-11,2026-08-11,22000.00,CE,NIFTY2681122000CE,0.00,0.00,0.00,2190.00,2190.00,2190.00,23869.60,1943.35,1950,0,0,0.00,0,F1,65,,,,,
2026-07-23,2026-07-23,FO,NSE,IDO,65691,,NIFTY,,2026-08-04,2026-08-04,23950.00,CE,NIFTY2680423950CE,202.90,243.60,161.35,182.65,185.35,258.25,23869.60,182.65,227955,170170,19783,31059775373.25,13449,F1,65,,,,,
2026-07-23,2026-07-23,FO,NSE,IDO,65674,,NIFTY,,2026-08-04,2026-08-04,23550.00,CE,NIFTY2680423550CE,442.55,512.45,386.00,424.50,435.95,523.20,23869.60,424.50,7735,4225,233,363128398.75,186,F1,65,,,,,
2026-07-23,2026-07-23,FO,NSE,IDO,65417,,NIFTY,,2026-08-04,2026-08-04,22200.00,CE,NIFTY2680422200CE,0.00,0.00,0.00,1838.35,0.00,1838.35,23869.60,1715.65,0,0,0,0.00,0,F1,65,,,,,
2026-07-23,2026-07-23,FO,NSE,IDO,65202,,NIFTY,,2026-08-04,2026-08-04,21800.00,CE,NIFTY2680421800CE,0.00,0.00,0.00,2206.50,0.00,2206.50,23869.60,2113.40,0,0,0,0.00,0,F1,65,,,,,
2026-07-23,2026-07-23,FO,NSE,IDO,65126,,NIFTY,,2026-08-04,2026-08-04,21600.00,CE,NIFTY2680421600CE,0.00,0.00,0.00,2396.10,0.00,2396.10,23869.60,2312.85,0,0,0,0.00,0,F1,65,,,,,
2026-07-23,2026-07-23,FO,NSE,IDO,64039,,NIFTY,,2026-07-28,2026-07-28,26200.00,CE,NIFTY26JUL26200CE,0.70,1.30,0.60,0.70,0.60,1.10,23869.60,0.70,380120,4810,12771,21749769275.00,2886,F1,65,,,,,
2026-07-23,2026-07-23,FO,NSE,IDO,64000,,NIFTY,,2026-07-28,2026-07-28,25450.00,CE,NIFTY26JUL25450CE,2.40,2.40,1.20,1.35,1.25,1.85,23869.60,1.35,757835,-79560,24020,39737460454.25,7729,F1,65,,,,,
2026-07-23,2026-07-23,FO,NSE,IDO,63991,,NIFTY,,2026-07-28,2026-07-28,25250.00,CE,NIFTY26JUL25250CE,2.20,2.70,1.40,1.65,1.45,2.55,23869.60,1.65,943670,-82095,43294,71061717278.50,10724,F1,65,,,,,
2026-07-23,2026-07-23,FO,NSE,IDO,63959,,NIFTY,,2026-07-28,2026-07-28,24500.00,CE,NIFTY26JUL24500CE,6.25,13.85,6.25,7.95,8.30,19.35,23869.60,7.95,10881260,1127945,771549,1229179999648.25,203853,F1,65,,,,,
2026-07-23,2026-07-23,FO,NSE,IDO,63887,,NIFTY,,2026-07-28,2026-07-28,22800.00,CE,NIFTY26JUL22800CE,1163.70,1175.35,1021.55,1080.45,1089.45,1175.25,23869.60,1080.45,21775,-18070,465,723974075.50,428,F1,65,,,,,
2026-07-23,2026-07-23,FO,NSE,IDO,63873,,NIFTY,,2026-07-28,2026-07-28,22450.00,CE,NIFTY26JUL22450CE,1400.00,1400.00,1400.00,1400.00,1400.00,1737.95,23869.60,1438.40,325,0,1,1550250.00,1,F1,65,,,,,
2026-07-23,2026-07-23,FO,NSE,IDO,63815,,NIFTY,,2026-07-28,2026-07-28,21200.00,CE,NIFTY26JUL21200CE,2676.15,2676.15,2676.15,2676.15,2676.15,2030.40,23869.60,2687.25,195,0,1,1551949.75,1,F1,65,,,,,
2026-07-23,2026-07-23,FO,NSE,IDO,65454,,NIFTY,,2026-08-04,2026-08-04,22950.00,PE,NIFTY2680422950PE,18.00,24.00,12.20,18.00,17.60,16.45,23869.60,18.00,61425,16120,2447,3653198276.00,1627,F1,65,,,,,
2026-07-23,2026-07-23,FO,NSE,IDO,65534,,NIFTY,,2026-08-04,2026-08-04,23400.00,PE,NIFTY2680423400PE,65.45,80.60,42.60,62.00,62.10,51.15,23869.60,62.00,633815,211445,26758,40805368896.50,20880,F1,65,,,,,
2026-07-23,2026-07-23,FO,NSE,IDO,65679,,NIFTY,,2026-08-04,2026-08-04,23650.00,PE,NIFTY2680423650PE,125.85,152.10,87.20,123.20,122.00,100.35,23869.60,123.20,102375,36270,7430,11480429938.25,5947,F1,65,,,,,
2026-07-23,2026-07-23,FO,NSE,IDO,65690,,NIFTY,,2026-08-04,2026-08-04,23900.00,PE,NIFTY2680423900PE,225.25,267.75,167.30,224.70,221.45,184.80,23869.60,224.70,679835,387335,60090,94186178277.75,43073,F1,65,,,,,
2026-07-23,2026-07-23,FO,NSE,IDO,65897,,NIFTY,,2026-08-04,2026-08-04,24800.00,PE,NIFTY2680424800PE,849.15,980.00,821.05,948.10,927.45,812.55,23869.60,948.10,20995,2015,81,135288452.00,52,F1,65,,,,,
2026-07-23,2026-07-23,FO,NSE,IDO,66001,,NIFTY,,2026-08-04,2026-08-04,25700.00,PE,NIFTY2680425700PE,0.00,0.00,0.00,1777.85,0.00,1777.85,23869.60,1781.45,0,0,0,0.00,0,F1,65,,,,,
2026-07-23,2026-07-23,FO,NSE,IDO,66055,,NIFTY,,2026-08-04,2026-08-04,25950.00,PE,NIFTY2680425950PE,0.00,0.00,0.00,2001.55,0.00,2001.55,23869.60,2029.50,0,0,0,0.00,0,F1,65,,,,,
2026-07-23,2026-07-23,FO,NSE,IDO,66061,,NIFTY,,2026-08-04,2026-08-04,26100.00,PE,NIFTY2680426100PE,0.00,0.00,0.00,2138.95,0.00,2138.95,23869.60,2178.75,0,0,0,0.00,0,F1,65,,,,,
2026-07-23,2026-07-23,FO,NSE,IDO,40892,,NIFTY,,2026-08-11,2026-08-11,21750.00,PE,NIFTY2681121750PE,7.10,8.00,6.50,7.05,7.15,7.20,23869.60,7.05,1495,-715,16,22627631.00,7,F1,65,,,,,
2026-07-23,2026-07-23,FO,NSE,IDO,40894,,NIFTY,,2026-08-11,2026-08-11,21800.00,PE,NIFTY2681121800PE,7.90,8.40,7.30,8.40,8.40,8.30,23869.60,2.10,3640,1430,39,55283169.50,27,F1,65,,,,,
2026-07-23,2026-07-23,FO,NSE,IDO,40932,,NIFTY,,2026-08-11,2026-08-11,22550.00,PE,NIFTY2681122550PE,15.30,20.70,13.30,18.45,17.40,16.30,23869.60,18.45,4940,910,98,143750028.50,53,F1,65,,,,,
2026-07-23,2026-07-23,FO,NSE,IDO,55480,,NIFTY,,2028-06-27,2028-06-27,31500.00,CE,NIFTY28JUN31500CE,0.00,0.00,0.00,1784.80,0.00,1784.80,23869.60,948.40,0,0,0,0.00,0,F1,65,,,,,
2026-07-23,2026-07-23,FO,NSE,IDO,67776,,NIFTY,,2028-12-26,2028-12-26,21000.00,CE,NIFTY28DEC21000CE,0.00,0.00,0.00,7512.50,0.00,7512.50,23869.60,6356.60,0,0,0,0.00,0,F1,65,,,,,
2026-07-23,2026-07-23,FO,NSE,IDO,55602,,NIFTY,,2029-12-24,2029-12-24,22500.00,CE,NIFTY29DEC22500CE,0.00,0.00,0.00,8486.15,0.00,8486.15,23869.60,6552.25,0,0,0,0.00,0,F1,65,,,,,
2026-07-23,2026-07-23,FO,NSE,IDO,55640,,NIFTY,,2030-06-25,2030-06-25,16500.00,CE,NIFTY30JUN16500CE,0.00,0.00,0.00,13374.05,0.00,13374.05,23869.60,11207.35,0,0,0,0.00,0,F1,65,,,,,
2026-07-23,2026-07-23,FO,NSE,IDO,55642,,NIFTY,,2030-06-25,2030-06-25,19500.00,CE,NIFTY30JUN19500CE,0.00,0.00,0.00,11140.25,0.00,11140.25,23869.60,9065.10,0,0,0,0.00,0,F1,65,,,,,
2026-07-23,2026-07-23,FO,NSE,IDO,74655,,NIFTY,,2031-06-24,2031-06-24,28500.00,CE,NIFTY31JUN28500CE,0.00,0.00,0.00,5048.95,0.00,5048.95,23869.60,5187.50,0,0,0,0.00,0,F1,65,,,,,
2026-07-23,2026-07-23,FO,NSE,IDO,63852,,NIFTY,,2026-07-28,2026-07-28,21900.00,PE,NIFTY26JUL21900PE,1.80,2.10,1.05,1.20,1.10,1.60,23869.60,1.20,238290,25480,13187,18773021403.50,3740,F1,65,,,,,
2026-07-23,2026-07-23,FO,NSE,IDO,63870,,NIFTY,,2026-07-28,2026-07-28,22350.00,PE,NIFTY26JUL22350PE,2.20,2.90,1.30,1.65,1.30,2.05,23869.60,1.65,194155,68705,26006,37783451520.75,5714,F1,65,,,,,
2026-07-23,2026-07-23,FO,NSE,IDO,63888,,NIFTY,,2026-07-28,2026-07-28,22800.00,PE,NIFTY26JUL22800PE,3.45,4.85,2.20,2.45,2.25,3.45,23869.60,2.45,3273855,109590,254542,377282305760.75,60800,F1,65,,,,,
2026-07-23,2026-07-23,FO,NSE,IDO,63924,,NIFTY,,2026-07-28,2026-07-28,23650.00,PE,NIFTY26JUL23650PE,52.50,73.75,29.10,48.95,46.60,45.00,23869.60,48.95,1365845,319150,486528,749482299930.00,238326,F1,65,,,,,
2026-07-23,2026-07-23,FO,NSE,IDO,63934,,NIFTY,,2026-07-28,2026-07-28,23850.00,PE,NIFTY26JUL23850PE,122.00,160.00,72.15,115.95,110.65,97.55,23869.60,115.95,4027075,2940405,1523849,2374059941116.50,885304,F1,65,,,,,
2026-07-23,2026-07-23,FO,NSE,IDO,63938,,NIFTY,,2026-07-28,2026-07-28,23950.00,PE,NIFTY26JUL23950PE,162.45,222.20,109.15,168.75,162.85,139.15,23869.60,168.75,1766830,-1846520,1399717,2192496138566.50,886509,F1,65,,,,,
2026-07-23,2026-07-23,FO,NSE,IDO,64003,,NIFTY,,2026-07-28,2026-07-28,25500.00,PE,NIFTY26JUL25500PE,1605.05,1699.85,1510.00,1630.75,1620.90,1520.95,23869.60,1630.75,1098435,-97240,6241,10986005374.50,5182,F1,65,,,,,
2026-07-23,2026-07-23,FO,NSE,IDO,65416,,NIFTY,,2026-08-04,2026-08-04,22150.00,PE,NIFTY2680422150PE,4.95,8.70,4.05,4.50,4.40,4.60,23869.60,4.50,3835,325,129,185768345.75,70,F1,65,,,,,
2026-07-23,2026-07-23,FO,NSE,IDO,65434,,NIFTY,,2026-08-04,2026-08-04,22500.00,PE,NIFTY2680422500PE,8.00,9.10,5.80,6.95,7.15,6.85,23869.60,6.95,934830,69810,20506,29999549154.25,10508,F1,65,,,,,
2026-07-23,2026-07-23,FO,NSE,IDO,65892,,NIFTY,,2026-08-04,2026-08-04,24750.00,PE,NIFTY2680424750PE,825.00,927.25,825.00,927.25,927.25,600.25,23869.60,879.85,325,-195,3,4994096.25,3,F1,65,,,,,
2026-07-23,2026-07-23,FO,NSE,IDO,65933,,NIFTY,,2026-08-04,2026-08-04,25300.00,PE,NIFTY2680425300PE,0.00,0.00,0.00,1437.15,0.00,1437.15,23869.60,1389.55,0,0,0,0.00,0,F1,65,,,,,
2026-07-23,2026-07-23,FO,NSE,IDO,40936,,NIFTY,,2026-08-11,2026-08-11,22650.00,PE,NIFTY2681122650PE,20.80,25.20,15.80,22.35,20.85,18.30,23869.60,22.35,5785,780,149,219560519.75,105,F1,65,,,,,
2026-07-23,2026-07-23,FO,NSE,IDO,40964,,NIFTY,,2026-08-11,2026-08-11,23350.00,PE,NIFTY2681123350PE,88.40,112.65,71.00,94.90,92.10,78.15,23869.60,94.90,6630,1495,359,546954658.25,273,F1,65,,,,,
2026-07-23,2026-07-23,FO,NSE,IDO,41028,,NIFTY,,2026-08-11,2026-08-11,24800.00,PE,NIFTY2681124800PE,0.00,0.00,0.00,650.00,650.00,650.00,23869.60,943.60,520,0,0,0.00,0,F1,65,,,,,
2026-07-23,2026-07-23,FO,NSE,IDO,41040,,NIFTY,,2026-08-11,2026-08-11,25050.00,PE,NIFTY2681125050PE,0.00,0.00,0.00,800.15,800.15,800.15,23869.60,1156.80,65,0,0,0.00,0,F1,65,,,,,
2026-07-23,2026-07-23,FO,NSE,IDO,45018,,NIFTY,,2026-08-18,2026-08-18,22550.00,PE,NIFTY2681822550PE,26.25,33.05,23.80,31.20,31.20,26.70,23869.60,31.20,2665,1365,61,89520691.00,31,F1,65,,,,,
2026-07-23,2026-07-23,FO,NSE,IDO,45143,,NIFTY,,2026-08-18,2026-08-18,24850.00,PE,NIFTY2681824850PE,0.00,0.00,0.00,905.00,0.00,905.00,23869.60,1004.45,0,0,0,0.00,0,F1,65,,,,,
2026-07-23,2026-07-23,FO,NSE,IDO,45171,,NIFTY,,2026-08-18,2026-08-18,25500.00,PE,NIFTY2681825500PE,0.00,0.00,0.00,1409.70,0.00,1409.70,23869.60,1563.25,0,0,0,0.00,0,F1,65,,,,,
2026-07-23,2026-07-23,FO,NSE,IDO,45185,,NIFTY,,2026-08-18,2026-08-18,25650.00,PE,NIFTY2681825650PE,0.00,0.00,0.00,1538.00,0.00,1538.00,23869.60,1701.80,0,0,0,0.00,0,F1,65,,,,,
2026-07-23,2026-07-23,FO,NSE,IDO,61351,,NIFTY,,2026-08-25,2026-08-25,21950.00,PE,NIFTY26AUG21950PE,19.90,23.00,18.00,20.85,20.65,19.20,23869.60,20.85,2730,715,52,74258265.25,36,F1,65,,,,,
2026-07-23,2026-07-23,FO,NSE,IDO,61429,,NIFTY,,2026-08-25,2026-08-25,23000.00,PE,NIFTY26AUG23000PE,83.35,110.25,70.50,95.95,94.75,79.50,23869.60,95.95,2264925,150995,35859,53818917958.00,21601,F1,65,,,,,
2026-07-23,2026-07-23,FO,NSE,IDO,61529,,NIFTY,,2026-08-25,2026-08-25,23650.00,PE,NIFTY26AUG23650PE,235.10,280.00,202.00,252.05,244.45,205.60,23869.60,252.05,22360,-650,474,736166492.75,343,F1,65,,,,,
2026-07-23,2026-07-23,FO,NSE,IDO,61646,,NIFTY,,2026-08-25,2026-08-25,24150.00,PE,NIFTY26AUG24150PE,452.80,517.95,399.55,469.05,469.45,401.25,23869.60,469.05,35685,-3250,321,513416020.00,207,F1,65,,,,,
2026-07-23,2026-07-23,FO,NSE,IDO,61774,,NIFTY,,2026-08-25,2026-08-25,24550.00,PE,NIFTY26AUG24550PE,668.80,761.15,668.80,714.35,714.35,631.65,23869.60,714.35,7865,1755,59,96972304.00,24,F1,65,,,,,
2026-07-23,2026-07-23,FO,NSE,IDO,61922,,NIFTY,,2026-08-25,2026-08-25,25150.00,PE,NIFTY26AUG25150PE,0.00,0.00,0.00,852.25,854.00,852.25,23869.60,1251.65,260,0,0,0.00,0,F1,65,,,,,
2026-07-23,2026-07-23,FO,NSE,IDO,62000,,NIFTY,,2026-08-25,2026-08-25,25800.00,PE,NIFTY26AUG25800PE,1653.15,1817.00,1653.15,1817.00,1817.00,1472.60,23869.60,1817.00,585,325,5,8950461.00,4,F1,65,,,,,
2026-07-23,2026-07-23,FO,NSE,IDO,46938,,NIFTY,,2026-09-01,2026-09-01,22800.00,PE,NIFTY2690122800PE,0.00,0.00,0.00,83.05,0.00,83.05,23869.60,118.25,0,0,0,0.00,0,F1,65,,,,,
2026-07-23,2026-07-23,FO,NSE,IDO,46948,,NIFTY,,2026-09-01,2026-09-01,23050.00,PE,NIFTY2690123050PE,0.00,0.00,0.00,120.80,0.00,120.80,23869.60,169.00,0,0,0,0.00,0,F1,65,,,,,
2026-07-23,2026-07-23,FO,NSE,IDO,46994,,NIFTY,,2026-09-01,2026-09-01,24200.00,PE,NIFTY2690124200PE,0.00,0.00,0.00,476.50,0.00,476.50,23869.60,613.65,0,0,0,0.00,0,F1,65,,,,,
2026-07-23,2026-07-23,FO,NSE,IDO,47002,,NIFTY,,2026-09-01,2026-09-01,24400.00,PE,NIFTY2690124400PE,0.00,0.00,0.00,574.75,0.00,574.75,23869.60,730.10,0,0,0,0.00,0,F1,65,,,,,
2026-07-23,2026-07-23,FO,NSE,IDO,47020,,NIFTY,,2026-09-01,2026-09-01,24850.00,PE,NIFTY2690124850PE,0.00,0.00,0.00,836.80,0.00,836.80,23869.60,1031.85,0,0,0,0.00,0,F1,65,,,,,
2026-07-23,2026-07-23,FO,NSE,IDO,47030,,NIFTY,,2026-09-01,2026-09-01,25100.00,PE,NIFTY2690125100PE,0.00,0.00,0.00,1005.40,0.00,1005.40,23869.60,1220.95,0,0,0,0.00,0,F1,65,,,,,
2026-07-23,2026-07-23,FO,NSE,IDO,47046,,NIFTY,,2026-09-01,2026-09-01,25500.00,PE,NIFTY2690125500PE,0.00,0.00,0.00,1305.40,0.00,1305.40,23869.60,1549.05,0,0,0,0.00,0,F1,65,,,,,
2026-07-23,2026-07-23,FO,NSE,IDO,47048,,NIFTY,,2026-09-01,2026-09-01,25550.00,PE,NIFTY2690125550PE,0.00,0.00,0.00,1345.20,0.00,1345.20,23869.60,1592.00,0,0,0,0.00,0,F1,65,,,,,
2026-07-23,2026-07-23,FO,NSE,IDO,73848,,NIFTY,,2026-09-29,2026-09-29,21700.00,PE,NIFTY26SEP21700PE,39.35,48.05,38.00,45.05,45.00,39.80,23869.60,45.05,15795,130,172,243111163.75,112,F1,65,,,,,
2026-07-23,2026-07-23,FO,NSE,IDO,73874,,NIFTY,,2026-09-29,2026-09-29,22200.00,PE,NIFTY26SEP22200PE,68.90,81.25,59.05,73.95,70.75,62.90,23869.60,73.95,36530,6760,200,289513110.25,143,F1,65,,,,,
2026-07-23,2026-07-23,FO,NSE,IDO,73876,,NIFTY,,2026-09-29,2026-09-29,22250.00,PE,NIFTY26SEP22250PE,71.35,80.05,69.35,78.95,78.95,66.75,23869.60,106.45,6955,195,13,18864504.75,11,F1,65,,,,,
2026-07-23,2026-07-23,FO,NSE,IDO,73909,,NIFTY,,2026-09-29,2026-09-29,23150.00,PE,NIFTY26SEP23150PE,179.25,222.75,175.10,207.25,205.90,177.10,23869.60,207.25,9425,-845,63,95604538.25,52,F1,65,,,,,
2026-07-23,2026-07-23,FO,NSE,IDO,74009,,NIFTY,,2026-09-29,2026-09-29,23700.00,PE,NIFTY26SEP23700PE,344.30,391.30,309.00,366.45,358.65,315.90,23869.60,366.45,41210,3055,329,514399388.75,220,F1,65,,,,,
2026-07-23,2026-07-23,FO,NSE,IDO,74011,,NIFTY,,2026-09-29,2026-09-29,23750.00,PE,NIFTY26SEP23750PE,358.00,409.60,336.85,386.90,377.05,332.95,23869.60,386.90,6305,195,38,59584463.25,30,F1,65,,,,,
2026-07-23,2026-07-23,FO,NSE,IDO,74059,,NIFTY,,2026-09-29,2026-09-29,23950.00,PE,NIFTY26SEP23950PE,404.75,489.15,395.50,489.15,489.15,404.70,23869.60,587.45,4810,1105,67,106208830.00,35,F1,65,,,,,
2026-07-23,2026-07-23,FO,NSE,IDO,74065,,NIFTY,,2026-09-29,2026-09-29,24100.00,PE,NIFTY26SEP24100PE,478.00,560.00,462.95,530.10,516.85,459.70,23869.60,530.10,34385,8125,407,651407194.75,283,F1,65,,,,,
2026-07-23,2026-07-23,FO,NSE,IDO,74098,,NIFTY,,2026-09-29,2026-09-29,24250.00,PE,NIFTY26SEP24250PE,557.70,629.60,527.65,598.20,596.15,531.10,23869.60,598.20,8060,-130,45,72624704.75,29,F1,65,,,,,
2026-07-23,2026-07-23,FO,NSE,IDO,74115,,NIFTY,,2026-09-29,2026-09-29,24400.00,PE,NIFTY26SEP24400PE,640.00,718.95,600.20,677.65,667.20,603.05,23869.60,677.65,61035,-6760,268,436496154.25,165,F1,65,,,,,
2026-07-23,2026-07-23,FO,NSE,IDO,74350,,NIFTY,,2026-09-29,2026-09-29,24600.00,PE,NIFTY26SEP24600PE,732.00,831.05,718.00,819.25,790.05,709.60,23869.60,819.25,61880,-520,123,202671933.75,79,F1,65,,,,,
2026-07-23,2026-07-23,FO,NSE,IDO,74419,,NIFTY,,2026-09-29,2026-09-29,25750.00,PE,NIFTY26SEP25750PE,0.00,0.00,0.00,1782.80,0.00,1782.80,23869.60,1753.90,0,0,0,0.00,0,F1,65,,,,,
2026-07-23,2026-07-23,FO,NSE,IDO,58631,,NIFTY,,2026-12-29,2026-12-29,13000.00,PE,NIFTY26DEC13000PE,0.00,0.00,0.00,8.25,8.00,8.25,23869.60,0.00,11295,0,0,0.00,0,F1,65,,,,,
2026-07-23,2026-07-23,FO,NSE,IDO,71506,,NIFTY,,2026-12-29,2026-12-29,26000.00,PE,NIFTY26DEC26000PE,1629.00,1705.00,1569.70,1656.80,1655.05,1559.70,23869.60,1656.80,1280420,12505,600,1078308832.25,321,F1,65,,,,,
2026-07-23,2026-07-23,FO,NSE,IDO,80267,,NIFTY,,2027-03-30,2027-03-30,19500.00,PE,NIFTY27MAR19500PE,77.60,82.00,72.00,74.05,76.25,76.10,23869.60,74.05,39065,5915,201,255774899.25,97,F1,65,,,,,
2026-07-23,2026-07-23,FO,NSE,IDO,67789,,NIFTY,,2028-12-26,2028-12-26,27000.00,PE,NIFTY28DEC27000PE,1804.00,1804.00,1799.00,1800.00,1800.00,1750.00,23869.60,2032.10,11345,0,3,5616195.00,3,F1,65,,,,,
2026-07-23,2026-07-23,FO,NSE,IDO,55525,,NIFTY,,2028-12-26,2028-12-26,28500.00,PE,NIFTY28DEC28500PE,0.00,0.00,0.00,1451.15,0.00,1451.15,23869.60,2717.75,0,0,0,0.00,0,F1,65,,,,,
2026-07-23,2026-07-23,FO,NSE,IDO,89631,,NIFTY,,2029-06-26,2029-06-26,24000.00,PE,NIFTY29JUN24000PE,0.00,0.00,0.00,825.00,825.00,825.00,23869.60,963.10,155,0,0,0.00,0,F1,65,,,,,
2026-07-23,2026-07-23,FO,NSE,IDO,55605,,NIFTY,,2029-12-24,2029-12-24,25500.00,PE,NIFTY29DEC25500PE,0.00,0.00,0.00,597.30,0.00,597.30,23869.60,1319.25,0,0,0,0.00,0,F1,65,,,,,
2026-07-23,2026-07-23,FO,NSE,IDO,55609,,NIFTY,,2029-12-24,2029-12-24,31500.00,PE,NIFTY29DEC31500PE,0.00,0.00,0.00,2240.25,0.00,2240.25,23869.60,3696.05,0,0,0,0.00,0,F1,65,,,,,
2026-07-23,2026-07-23,FO,NSE,IDO,60899,,NIFTY,,2030-06-25,2030-06-25,21000.00,PE,NIFTY30JUN21000PE,0.00,0.00,0.00,220.00,220.00,220.00,23869.60,394.90,65,0,0,0.00,0,F1,65,,,,,
2026-07-23,2026-07-23,FO,NSE,IDO,55647,,NIFTY,,2030-06-25,2030-06-25,25500.00,PE,NIFTY30JUN25500PE,0.00,0.00,0.00,568.55,0.00,568.55,23869.60,1250.90,0,0,0,0.00,0,F1,65,,,,,
2026-07-23,2026-07-23,FO,NSE,IDO,55703,,NIFTY,,2030-12-31,2030-12-31,21000.00,PE,NIFTY30DEC21000PE,0.00,0.00,0.00,555.00,555.00,555.00,23869.60,390.75,715,0,0,0.00,0,F1,65,,,,,
2026-07-23,2026-07-23,FO,NSE,IDO,55428,,NIFTY,,2027-12-28,2027-12-28,28500.00,CE,NIFTY27DEC28500CE,662.10,662.20,641.00,648.10,660.00,671.40,23869.60,648.10,6630,-130,13,24633329.50,10,F1,65,,,,,
2026-07-23,2026-07-23,FO,NSE,IDO,55426,,NIFTY,,2027-12-28,2027-12-28,25500.00,CE,NIFTY27DEC25500CE,0.00,0.00,0.00,2400.00,2400.00,2400.00,23869.60,2244.10,0,0,0,0.00,0,F1,65,,,,,
2026-07-23,2026-07-23,FO,NSE,IDO,55424,,NIFTY,,2027-12-28,2027-12-28,22500.00,CE,NIFTY27DEC22500CE,0.00,0.00,0.00,6183.00,0.00,6183.00,23869.60,3973.50,0,0,0,0.00,0,F1,65,,,,,
2026-07-23,2026-07-23,FO,NSE,IDO,50981,,NIFTY,,2027-06-29,2027-06-29,27000.00,CE,NIFTY27JUN27000CE,0.00,0.00,0.00,1932.50,0.00,1932.50,23869.60,952.05,0,0,0,0.00,0,F1,65,,,,,
2026-07-23,2026-07-23,FO,NSE,IDO,71560,,NIFTY,,2027-06-29,2027-06-29,24000.00,CE,NIFTY27JUN24000CE,0.00,0.00,0.00,2250.00,2250.00,2250.00,23869.60,2247.55,800,0,0,0.00,0,F1,65,,,,,
2026-07-23,2026-07-23,FO,NSE,IDO,71553,,NIFTY,,2027-06-29,2027-06-29,21000.00,CE,NIFTY27JUN21000CE,0.00,0.00,0.00,3061.80,0.00,3061.80,23869.60,4339.35,0,0,0,0.00,0,F1,65,,,,,
2026-07-23,2026-07-23,FO,NSE,IDO,80192,,NIFTY,,2027-03-30,2027-03-30,18000.00,CE,NIFTY27MAR18000CE,0.00,0.00,0.00,5643.55,0.00,5643.55,23869.60,6675.30,0,0,0,0.00,0,F1,65,,,,,
2026-07-23,2026-07-23,FO,NSE,IDO,58646,,NIFTY,,2026-12-29,2026-12-29,21000.00,CE,NIFTY26DEC21000CE,3475.00,3475.00,3390.00,3434.10,3423.35,3561.35,23869.60,3434.10,178075,520,42,66689470.25,29,F1,65,,,,,
2026-07-23,2026-07-23,FO,NSE,IDO,74361,,NIFTY,,2026-09-29,2026-09-29,24900.00,CE,NIFTY26SEP24900CE,212.00,224.00,187.40,196.60,196.00,237.50,23869.60,196.60,39130,-9945,738,1204328658.00,471,F1,65,,,,,
2026-07-23,2026-07-23,FO,NSE,IDO,74357,,NIFTY,,2026-09-29,2026-09-29,24800.00,CE,NIFTY26SEP24800CE,255.55,259.00,212.00,223.20,219.95,270.15,23869.60,223.20,103545,53365,2068,3365035388.00,1307,F1,65,,,,,
2026-07-23,2026-07-23,FO,NSE,IDO,74353,,NIFTY,,2026-09-29,2026-09-29,24700.00,CE,NIFTY26SEP24700CE,290.00,292.10,242.95,255.80,257.60,306.60,23869.60,255.80,59670,14885,1111,1803088355.25,611,F1,65,,,,,
2026-07-23,2026-07-23,FO,NSE,IDO,74114,,NIFTY,,2026-09-29,2026-09-29,24400.00,CE,NIFTY26SEP24400CE,400.00,417.00,353.95,369.75,374.15,433.95,23869.60,369.75,69485,15535,806,1297817920.75,492,F1,65,,,,,
2026-07-23,2026-07-23,FO,NSE,IDO,73869,,NIFTY,,2026-09-29,2026-09-29,22100.00,CE,NIFTY26SEP22100CE,0.00,0.00,0.00,2242.10,0.00,2242.10,23869.60,2127.85,0,0,0,0.00,0,F1,65,,,,,
2026-07-23,2026-07-23,FO,NSE,IDO,73852,,NIFTY,,2026-09-29,2026-09-29,21800.00,CE,NIFTY26SEP21800CE,0.00,0.00,0.00,2498.75,0.00,2498.75,23869.60,2394.70,0,0,0,0.00,0,F1,65,,,,,
2026-07-23,2026-07-23,FO,NSE,IDO,73849,,NIFTY,,2026-09-29,2026-09-29,21750.00,CE,NIFTY26SEP21750CE,0.00,0.00,0.00,2542.45,0.00,2542.45,23869.60,2440.05,0,0,0,0.00,0,F1,65,,,,,
2026-07-23,2026-07-23,FO,NSE,IDO,55282,,NIFTY,,2026-09-29,2026-09-29,19500.00,CE,NIFTY26SEP19500CE,4650.80,4650.80,4453.00,4477.50,4485.00,4615.00,23869.60,4477.50,161200,0,48,74863967.75,19,F1,65,,,,,
2026-07-23,2026-07-23,FO,NSE,IDO,47009,,NIFTY,,2026-09-01,2026-09-01,24600.00,CE,NIFTY2690124600CE,0.00,0.00,0.00,443.30,0.00,443.30,23869.60,304.85,0,0,0,0.00,0,F1,65,,,,,
2026-07-23,2026-07-23,FO,NSE,IDO,47003,,NIFTY,,2026-09-01,2026-09-01,24450.00,CE,NIFTY2690124450CE,0.00,0.00,0.00,508.95,0.00,508.95,23869.60,357.05,0,0,0,0.00,0,F1,65,,,,,
2026-07-23,2026-07-23,FO,NSE,IDO,62058,,NIFTY,,2026-08-25,2026-08-25,26250.00,CE,NIFTY26AUG26250CE,6.10,6.70,4.95,5.30,4.95,215.05,23869.60,5.30,6045,6045,184,314016842.75,108,F1,65,,,,,
2026-07-23,2026-07-23,FO,NSE,IDO,62022,,NIFTY,,2026-08-25,2026-08-25,25900.00,CE,NIFTY26AUG25900CE,0.00,0.00,0.00,281.35,0.00,281.35,23869.60,37.35,0,0,0,0.00,0,F1,65,,,,,
2026-07-23,2026-07-23,FO,NSE,IDO,62002,,NIFTY,,2026-08-25,2026-08-25,25850.00,CE,NIFTY26AUG25850CE,0.00,0.00,0.00,292.05,0.00,292.05,23869.60,40.65,0,0,0,0.00,0,F1,65,,,,,
2026-07-23,2026-07-23,FO,NSE,IDO,61727,,NIFTY,,2026-08-25,2026-08-25,24450.00,CE,NIFTY26AUG24450CE,175.00,193.55,148.00,158.50,160.15,204.55,23869.60,158.50,37765,3185,1058,1693007917.25,794,F1,65,,,,,
2026-07-23,2026-07-23,FO,NSE,IDO,61397,,NIFTY,,2026-08-25,2026-08-25,22500.00,CE,NIFTY26AUG22500CE,1569.20,1573.90,1410.40,1459.90,1475.00,1604.70,23869.60,1459.90,121940,61620,1588,2474363121.75,1462,F1,65,,,,,
2026-07-23,2026-07-23,FO,NSE,IDO,61338,,NIFTY,,2026-08-25,2026-08-25,21700.00,CE,NIFTY26AUG21700CE,0.00,0.00,0.00,2625.10,0.00,2625.10,23869.60,2308.70,0,0,0,0.00,0,F1,65,,,,,
2026-07-23,2026-07-23,FO,NSE,IDO,61336,,NIFTY,,2026-08-25,2026-08-25,21650.00,CE,NIFTY26AUG21650CE,0.00,0.00,0.00,2669.30,0.00,2669.30,23869.60,2357.25,0,0,0,0.00,0,F1,65,,,,,
2026-07-23,2026-07-23,FO,NSE,IDO,61156,,NIFTY,,2026-08-25,2026-08-25,21300.00,CE,NIFTY26AUG21300CE,2685.00,2725.00,2675.00,2725.00,2725.00,2740.00,23869.60,2699.95,3835,1170,18,28084355.00,15,F1,65,,,,,
2026-07-23,2026-07-23,FO,NSE,IDO,45132,,NIFTY,,2026-08-18,2026-08-18,24750.00,CE,NIFTY2681824750CE,0.00,0.00,0.00,281.05,0.00,281.05,23869.60,153.20,0,0,0,0.00,0,F1,65,,,,,
2026-07-23,2026-07-23,FO,NSE,IDO,45027,,NIFTY,,2026-08-18,2026-08-18,22800.00,CE,NIFTY2681822800CE,0.00,0.00,0.00,1464.30,0.00,1464.30,23869.60,1237.70,0,0,0,0.00,0,F1,65,,,,,
2026-07-23,2026-07-23,FO,NSE,IDO,41069,,NIFTY,,2026-08-11,2026-08-11,25750.00,CE,NIFTY2681125750CE,4.75,4.75,4.25,4.50,4.50,5.50,23869.60,10.75,650,0,5,8370212.50,3,F1,65,,,,,
2026-07-23,2026-07-23,FO,NSE,IDO,41063,,NIFTY,,2026-08-11,2026-08-11,25650.00,CE,NIFTY2681125650CE,5.65,6.10,4.50,5.60,6.05,6.65,23869.60,5.60,1040,780,30,50028140.50,15,F1,65,,,,,
2026-07-23,2026-07-23,FO,NSE,IDO,41047,,NIFTY,,2026-08-11,2026-08-11,25250.00,CE,NIFTY2681125250CE,0.00,0.00,0.00,239.05,0.00,239.05,23869.60,36.05,0,0,0,0.00,0,F1,65,,,,,
2026-07-23,2026-07-23,FO,NSE,IDO,40999,,NIFTY,,2026-08-11,2026-08-11,24200.00,CE,NIFTY2681124200CE,170.00,192.00,138.00,150.95,152.60,208.75,23869.60,150.95,228930,46020,4223,6686652729.25,2961,F1,65,,,,,
2026-07-23,2026-07-23,FO,NSE,IDO,40997,,NIFTY,,2026-08-11,2026-08-11,24150.00,CE,NIFTY2681124150CE,193.00,213.50,156.00,168.35,172.55,230.90,23869.60,168.35,43030,12740,486,768531744.50,396,F1,65,,,,,
2026-07-23,2026-07-23,FO,NSE,IDO,40953,,NIFTY,,2026-08-11,2026-08-11,23100.00,CE,NIFTY2681123100CE,0.00,0.00,0.00,1508.75,0.00,1508.75,23869.60,927.40,0,0,0,0.00,0,F1,65,,,,,
2026-07-23,2026-07-23,FO,NSE,IDO,40939,,NIFTY,,2026-08-11,2026-08-11,22750.00,CE,NIFTY2681122750CE,0.00,0.00,0.00,1821.15,0.00,1821.15,23869.60,1229.50,0,0,0,0.00,0,F1,65,,,,,
2026-07-23,2026-07-23,FO,NSE,IDO,40929,,NIFTY,,2026-08-11,2026-08-11,22500.00,CE,NIFTY2681122500CE,0.00,0.00,0.00,2053.75,0.00,2053.75,23869.60,1460.45,0,0,0,0.00,0,F1,65,,,,,
2026-07-23,2026-07-23,FO,NSE,IDO,66056,,NIFTY,,2026-08-04,2026-08-04,26000.00,CE,NIFTY2680426000CE,1.80,3.10,1.75,2.30,2.15,2.10,23869.60,2.30,671125,420680,17877,30214900277.25,5543,F1,65,,,,,
2026-07-23,2026-07-23,FO,NSE,IDO,66052,,NIFTY,,2026-08-04,2026-08-04,25900.00,CE,NIFTY2680425900CE,2.10,3.25,2.05,2.55,2.75,2.35,23869.60,2.55,22945,780,273,459641754.00,214,F1,65,,,,,
2026-07-23,2026-07-23,FO,NSE,IDO,66008,,NIFTY,,2026-08-04,2026-08-04,25800.00,CE,NIFTY2680425800CE,2.00,3.35,1.75,2.70,2.40,2.50,23869.60,2.70,41275,-52260,3199,5365267219.00,1638,F1,65,,,,,
2026-07-23,2026-07-23,FO,NSE,IDO,66000,,NIFTY,,2026-08-04,2026-08-04,25700.00,CE,NIFTY2680425700CE,2.20,3.25,2.20,2.55,2.30,2.90,23869.60,2.55,38285,-455,720,1202881933.50,422,F1,65,,,,,
2026-07-23,2026-07-23,FO,NSE,IDO,65928,,NIFTY,,2026-08-04,2026-08-04,25250.00,CE,NIFTY2680425250CE,3.75,5.50,3.55,4.50,4.50,149.70,23869.60,4.50,7540,7540,530,870019868.25,349,F1,65,,,,,
2026-07-23,2026-07-23,FO,NSE,IDO,65912,,NIFTY,,2026-08-04,2026-08-04,24900.00,CE,NIFTY2680424900CE,12.80,13.15,9.10,9.75,10.00,15.85,23869.60,9.75,322790,-156390,20318,32899061409.50,10782,F1,65,,,,,
2026-07-23,2026-07-23,FO,NSE,IDO,65431,,NIFTY,,2026-08-04,2026-08-04,22450.00,CE,NIFTY2680422450CE,0.00,0.00,0.00,1618.40,0.00,1618.40,23869.60,1469.35,0,0,0,0.00,0,F1,65,,,,,
2026-07-23,2026-07-23,FO,NSE,IDO,65218,,NIFTY,,2026-08-04,2026-08-04,21850.00,CE,NIFTY2680421850CE,0.00,0.00,0.00,2159.60,0.00,2159.60,23869.60,2063.55,0,0,0,0.00,0,F1,65,,,,,
2026-07-23,2026-07-23,FO,NSE,IDO,64045,,NIFTY,,2026-07-28,2026-07-28,26300.00,CE,NIFTY26JUL26300CE,0.75,1.20,0.55,0.65,0.60,0.85,23869.60,0.65,1250925,-227955,71297,121885761133.50,10447,F1,65,,,,,
2026-07-23,2026-07-23,FO,NSE,IDO,64010,,NIFTY,,2026-07-28,2026-07-28,25700.00,CE,NIFTY26JUL25700CE,1.35,1.70,0.90,1.00,0.95,1.50,23869.60,1.00,1142310,-197795,43611,72855686894.25,8208,F1,65,,,,,
2026-07-23,2026-07-23,FO,NSE,IDO,64004,,NIFTY,,2026-07-28,2026-07-28,25550.00,CE,NIFTY26JUL25550CE,1.65,2.00,0.95,1.15,1.00,1.65,23869.60,1.15,1041495,-18525,27852,46257763656.00,7625,F1,65,,,,,
2026-07-23,2026-07-23,FO,NSE,IDO,63905,,NIFTY,,2026-07-28,2026-07-28,23250.00,CE,NIFTY26JUL23250CE,710.00,744.05,572.35,634.15,644.00,747.75,23869.60,634.15,14950,11180,576,893621524.25,456,F1,65,,,,,
2026-07-23,2026-07-23,FO,NSE,IDO,63879,,NIFTY,,2026-07-28,2026-07-28,22600.00,CE,NIFTY26JUL22600CE,0.00,0.00,0.00,1404.20,1404.20,1404.20,23869.60,1288.75,2405,0,0,0.00,0,F1,65,,,,,
2026-07-23,2026-07-23,FO,NSE,IDO,63859,,NIFTY,,2026-07-28,2026-07-28,22100.00,CE,NIFTY26JUL22100CE,1771.80,1771.80,1771.80,1771.80,1771.80,1855.35,23869.60,1788.00,130,0,1,1551667.00,1,F1,65,,,,,
2026-07-23,2026-07-23,FO,NSE,IDO,63811,,NIFTY,,2026-07-28,2026-07-28,21100.00,CE,NIFTY26JUL21100CE,2832.45,2897.50,2734.35,2767.50,2775.00,2875.00,23869.60,2767.50,32760,-4680,79,122768857.25,77,F1,65,,,,,
2026-07-23,2026-07-23,FO,NSE,IDO,55476,,NIFTY,,2028-06-27,2028-06-27,25500.00,CE,NIFTY28JUN25500CE,0.00,0.00,0.00,4676.60,0.00,4676.60,23869.60,2942.95,0,0,0,0.00,0,F1,65,,,,,
2026-07-23,2026-07-23,FO,NSE,IDO,45060,,NIFTY,,2026-08-18,2026-08-18,23450.00,CE,NIFTY2681823450CE,0.00,0.00,0.00,951.00,0.00,951.00,23869.60,733.55,0,0,0,0.00,0,F1,65,,,,,
2026-07-23,2026-07-23,FO,NSE,IDO,45086,,NIFTY,,2026-08-18,2026-08-18,24000.00,CE,NIFTY2681824000CE,340.00,345.55,268.65,290.70,293.70,363.15,23869.60,290.70,45305,23335,1470,2321847424.00,1003,F1,65,,,,,
2026-07-23,2026-07-23,FO,NSE,IDO,45144,,NIFTY,,2026-08-18,2026-08-18,24900.00,CE,NIFTY2681824900CE,0.00,0.00,0.00,235.90,0.00,235.90,23869.60,121.55,0,0,0,0.00,0,F1,65,,,,,
2026-07-23,2026-07-23,FO,NSE,IDO,45148,,NIFTY,,2026-08-18,2026-08-18,25000.00,CE,NIFTY2681825000CE,0.00,0.00,0.00,209.05,0.00,209.05,23869.60,103.50,0,0,0,0.00,0,F1,65,,,,,
2026-07-23,2026-07-23,FO,NSE,IDO,45152,,NIFTY,,2026-08-18,2026-08-18,25100.00,CE,NIFTY2681825100CE,0.00,0.00,0.00,184.85,0.00,184.85,23869.60,87.75,0,0,0,0.00,0,F1,65,,,,,
2026-07-23,2026-07-23,FO,NSE,IDO,45172,,NIFTY,,2026-08-18,2026-08-18,25550.00,CE,NIFTY2681825550CE,0.00,0.00,0.00,101.40,0.00,101.40,23869.60,39.15,0,0,0,0.00,0,F1,65,,,,,
2026-07-23,2026-07-23,FO,NSE,IDO,45190,,NIFTY,,2026-08-18,2026-08-18,25750.00,CE,NIFTY2681825750CE,0.00,0.00,0.00,75.95,0.00,75.95,23869.60,26.45,0,0,0,0.00,0,F1,65,,,,,
2026-07-23,2026-07-23,FO,NSE,IDO,45198,,NIFTY,,2026-08-18,2026-08-18,25950.00,CE,NIFTY2681825950CE,5.90,6.25,5.30,5.30,5.30,56.10,23869.60,17.50,260,260,13,21932651.00,7,F1,65,,,,,
2026-07-23,2026-07-23,FO,NSE,IDO,61346,,NIFTY,,2026-08-25,2026-08-25,21900.00,CE,NIFTY26AUG21900CE,0.00,0.00,0.00,2450.95,0.00,2450.95,23869.60,2115.85,0,0,0,0.00,0,F1,65,,,,,
2026-07-23,2026-07-23,FO,NSE,IDO,61426,,NIFTY,,2026-08-25,2026-08-25,22950.00,CE,NIFTY26AUG22950CE,0.00,0.00,0.00,1212.30,1212.30,1212.30,23869.60,1176.45,1105,0,0,0.00,0,F1,65,,,,,
2026-07-23,2026-07-23,FO,NSE,IDO,61973,,NIFTY,,2026-08-25,2026-08-25,25450.00,CE,NIFTY26AUG25450CE,21.15,23.25,17.65,18.25,18.45,24.40,23869.60,18.25,21385,-2990,308,509908321.00,194,F1,65,,,,,
2026-07-23,2026-07-23,FO,NSE,IDO,62055,,NIFTY,,2026-08-25,2026-08-25,26200.00,CE,NIFTY26AUG26200CE,6.45,7.10,4.80,5.05,4.90,223.65,23869.60,5.05,3835,3835,130,221438935.25,95,F1,65,,,,,
2026-07-23,2026-07-23,FO,NSE,IDO,46963,,NIFTY,,2026-09-01,2026-09-01,23450.00,CE,NIFTY2690123450CE,0.00,0.00,0.00,1108.95,0.00,1108.95,23869.60,870.20,0,0,0,0.00,0,F1,65,,,,,
2026-07-23,2026-07-23,FO,NSE,IDO,46991,,NIFTY,,2026-09-01,2026-09-01,24150.00,CE,NIFTY2690124150CE,0.00,0.00,0.00,659.50,0.00,659.50,23869.60,480.25,0,0,0,0.00,0,F1,65,,,,,
2026-07-23,2026-07-23,FO,NSE,IDO,47039,,NIFTY,,2026-09-01,2026-09-01,25350.00,CE,NIFTY2690125350CE,0.00,0.00,0.00,203.15,0.00,203.15,23869.60,125.30,0,0,0,0.00,0,F1,65,,,,,
2026-07-23,2026-07-23,FO,NSE,IDO,47043,,NIFTY,,2026-09-01,2026-09-01,25450.00,CE,NIFTY2690125450CE,0.00,0.00,0.00,180.95,0.00,180.95,23869.60,109.85,0,0,0,0.00,0,F1,65,,,,,
2026-07-23,2026-07-23,FO,NSE,IDO,47053,,NIFTY,,2026-09-01,2026-09-01,25700.00,CE,NIFTY2690125700CE,0.00,0.00,0.00,133.90,0.00,133.90,23869.60,78.00,0,0,0,0.00,0,F1,65,,,,,
2026-07-23,2026-07-23,FO,NSE,IDO,74056,,NIFTY,,2026-09-29,2026-09-29,23900.00,CE,NIFTY26SEP23900CE,658.30,682.00,594.65,626.00,630.00,707.45,23869.60,626.00,10920,4940,236,376396943.00,177,F1,65,,,,,
2026-07-23,2026-07-23,FO,NSE,IDO,65900,,NIFTY,,2026-09-29,2026-09-29,24000.00,CE,NIFTY26SEP24000CE,631.70,631.70,534.00,563.50,568.30,649.20,23869.60,563.50,1352260,184600,7554,12070557466.50,5916,F1,65,,,,,
2026-07-23,2026-07-23,FO,NSE,IDO,74064,,NIFTY,,2026-09-29,2026-09-29,24100.00,CE,NIFTY26SEP24100CE,548.10,571.95,492.05,512.45,515.00,590.00,23869.60,512.45,21710,4680,267,427343598.50,204,F1,65,,,,,
2026-07-23,2026-07-23,FO,NSE,IDO,74359,,NIFTY,,2026-09-29,2026-09-29,24850.00,CE,NIFTY26SEP24850CE,230.80,239.15,201.00,209.85,210.40,253.95,23869.60,209.85,11310,2535,121,197236035.75,76,F1,65,,,,,
2026-07-23,2026-07-23,FO,NSE,IDO,74414,,NIFTY,,2026-09-29,2026-09-29,25650.00,CE,NIFTY26SEP25650CE,0.00,0.00,0.00,317.20,0.00,317.20,23869.60,207.30,0,0,0,0.00,0,F1,65,,,,,
2026-07-23,2026-07-23,FO,NSE,IDO,37806,,NIFTY,,2026-12-29,2026-12-29,23000.00,CE,NIFTY26DEC23000CE,1817.70,1850.00,1719.75,1757.15,1770.00,1868.75,23869.60,1757.15,317410,5395,503,810139570.50,357,F1,65,,,,,
2026-07-23,2026-07-23,FO,NSE,IDO,71549,,NIFTY,,2027-06-29,2027-06-29,19000.00,CE,NIFTY27JUN19000CE,0.00,0.00,0.00,7800.00,7800.00,7800.00,23869.60,6057.70,75,0,0,0.00,0,F1,65,,,,,
2026-07-23,2026-07-23,FO,NSE,IDO,55380,,NIFTY,,2027-06-29,2027-06-29,31500.00,CE,NIFTY27JUN31500CE,0.00,0.00,0.00,769.15,0.00,769.15,23869.60,186.75,0,0,0,0.00,0,F1,65,,,,,
2026-07-23,2026-07-23,FO,NSE,IDO,86139,,NIFTY,,2028-06-27,2028-06-27,18000.00,CE,NIFTY28JUN18000CE,0.00,0.00,0.00,6809.35,0.00,6809.35,23869.60,8100.15,0,0,0,0.00,0,F1,65,,,,,
2026-07-23,2026-07-23,FO,NSE,IDO,55564,,NIFTY,,2029-06-26,2029-06-26,28500.00,CE,NIFTY29JUN28500CE,0.00,0.00,0.00,4213.30,0.00,4213.30,23869.60,2908.35,0,0,0,0.00,0,F1,65,,,,,
2026-07-23,2026-07-23,FO,NSE,IDO,89642,,NIFTY,,2029-06-26,2029-06-26,30000.00,CE,NIFTY29JUN30000CE,0.00,0.00,0.00,5268.40,0.00,5268.40,23869.60,2377.20,0,0,0,0.00,0,F1,65,,,,,
2026-07-23,2026-07-23,FO,NSE,IDO,55608,,NIFTY,,2029-12-24,2029-12-24,31500.00,CE,NIFTY29DEC31500CE,0.00,0.00,0.00,3429.30,0.00,3429.30,23869.60,2446.80,0,0,0,0.00,0,F1,65,,,,,
2026-07-23,2026-07-23,FO,NSE,IDO,55644,,NIFTY,,2030-06-25,2030-06-25,22500.00,CE,NIFTY30JUN22500CE,0.00,0.00,0.00,9012.40,0.00,9012.40,23869.60,7123.80,0,0,0,0.00,0,F1,65,,,,,
2026-07-23,2026-07-23,FO,NSE,IDO,55762,,NIFTY,,2030-12-31,2030-12-31,30000.00,CE,NIFTY30DEC30000CE,0.00,0.00,0.00,5227.20,0.00,5227.20,23869.60,4061.75,0,0,0,0.00,0,F1,65,,,,,
2026-07-23,2026-07-23,FO,NSE,IDO,74649,,NIFTY,,2031-06-24,2031-06-24,24000.00,CE,NIFTY31JUN24000CE,0.00,0.00,0.00,7181.90,0.00,7181.90,23869.60,7354.45,0,0,0,0.00,0,F1,65,,,,,
2026-07-23,2026-07-23,FO,NSE,IDO,63874,,NIFTY,,2026-07-28,2026-07-28,22450.00,PE,NIFTY26JUL22450PE,2.45,2.80,1.50,1.80,1.50,2.30,23869.60,1.80,115180,24895,28516,41616076911.50,6830,F1,65,,,,,
2026-07-23,2026-07-23,FO,NSE,IDO,63906,,NIFTY,,2026-07-28,2026-07-28,23250.00,PE,NIFTY26JUL23250PE,10.40,14.35,6.15,7.85,7.50,9.60,23869.60,7.85,1321255,471705,243562,368226136066.75,67207,F1,65,,,,,
2026-07-23,2026-07-23,FO,NSE,IDO,63921,,NIFTY,,2026-07-28,2026-07-28,23600.00,PE,NIFTY26JUL23600PE,47.95,59.55,23.25,38.50,37.10,36.75,23869.60,38.50,5212545,1024465,839169,1289433428344.75,338492,F1,65,,,,,
2026-07-23,2026-07-23,FO,NSE,IDO,63950,,NIFTY,,2026-07-28,2026-07-28,24250.00,PE,NIFTY26JUL24250PE,390.00,466.45,295.40,394.85,388.65,321.05,23869.60,394.85,542100,-234000,27120,43399038049.25,18326,F1,65,,,,,
2026-07-23,2026-07-23,FO,NSE,IDO,63982,,NIFTY,,2026-07-28,2026-07-28,25050.00,PE,NIFTY26JUL25050PE,1180.00,1180.00,1179.00,1179.00,1179.00,1064.70,23869.60,1160.85,2405,195,3,5114759.00,3,F1,65,,,,,
2026-07-23,2026-07-23,FO,NSE,IDO,64005,,NIFTY,,2026-07-28,2026-07-28,25550.00,PE,NIFTY26JUL25550PE,0.00,0.00,0.00,1208.30,1208.30,1208.30,23869.60,1659.20,715,0,0,0.00,0,F1,65,,,,,
2026-07-23,2026-07-23,FO,NSE,IDO,64014,,NIFTY,,2026-07-28,2026-07-28,25750.00,PE,NIFTY26JUL25750PE,1874.45,1874.45,1873.95,1873.95,1873.95,1735.75,23869.60,1859.00,715,325,5,8977868.25,5,F1,65,,,,,
2026-07-23,2026-07-23,FO,NSE,IDO,65161,,NIFTY,,2026-08-04,2026-08-04,21650.00,PE,NIFTY2680421650PE,4.00,5.40,3.30,3.45,3.55,3.65,23869.60,3.45,3640,1365,148,208307856.25,99,F1,65,,,,,
2026-07-23,2026-07-23,FO,NSE,IDO,65687,,NIFTY,,2026-08-04,2026-08-04,23850.00,PE,NIFTY2680423850PE,200.00,240.30,147.85,201.35,198.00,164.70,23869.60,201.35,145990,74620,19129,29905949235.50,13503,F1,65,,,,,
2026-07-23,2026-07-23,FO,NSE,IDO,65692,,NIFTY,,2026-08-04,2026-08-04,23950.00,PE,NIFTY2680423950PE,250.05,295.95,189.40,249.90,248.40,207.20,23869.60,249.90,113360,20930,19605,30815836525.50,12912,F1,65,,,,,
2026-07-23,2026-07-23,FO,NSE,IDO,65921,,NIFTY,,2026-08-04,2026-08-04,25100.00,PE,NIFTY2680425100PE,1171.70,1220.80,1122.15,1220.70,1220.70,1088.00,23869.60,1198.45,1105,130,8,13675938.25,8,F1,65,,,,,
2026-07-23,2026-07-23,FO,NSE,IDO,66053,,NIFTY,,2026-08-04,2026-08-04,25900.00,PE,NIFTY2680425900PE,0.00,0.00,0.00,1956.25,0.00,1956.25,23869.60,1979.80,0,0,0,0.00,0,F1,65,,,,,
2026-07-23,2026-07-23,FO,NSE,IDO,40904,,NIFTY,,2026-08-11,2026-08-11,21900.00,PE,NIFTY2681121900PE,8.20,9.15,8.05,9.15,9.15,8.00,23869.60,3.00,2925,780,37,52689458.25,33,F1,65,,,,,
2026-07-23,2026-07-23,FO,NSE,IDO,40916,,NIFTY,,2026-08-11,2026-08-11,22200.00,PE,NIFTY2681122200PE,10.55,12.05,9.00,10.65,10.10,11.40,23869.60,10.65,23530,260,156,225212201.50,70,F1,65,,,,,
2026-07-23,2026-07-23,FO,NSE,IDO,40925,,NIFTY,,2026-08-11,2026-08-11,22400.00,PE,NIFTY2681122400PE,13.00,16.40,11.00,14.10,12.40,12.70,23869.60,14.10,22490,20280,525,764878536.50,201,F1,65,,,,,
2026-07-23,2026-07-23,FO,NSE,IDO,40952,,NIFTY,,2026-08-11,2026-08-11,23050.00,PE,NIFTY2681123050PE,46.40,59.45,37.15,50.00,48.90,42.85,23869.60,50.00,4095,715,62,93089038.25,56,F1,65,,,,,
2026-07-23,2026-07-23,FO,NSE,IDO,40958,,NIFTY,,2026-08-11,2026-08-11,23200.00,PE,NIFTY2681123200PE,65.00,81.90,49.55,69.15,67.00,57.90,23869.60,69.15,75465,16445,1009,1525873904.75,685,F1,65,,,,,
2026-07-23,2026-07-23,FO,NSE,IDO,40970,,NIFTY,,2026-08-11,2026-08-11,23500.00,PE,NIFTY2681123500PE,128.25,153.50,96.00,131.80,128.45,107.35,23869.60,131.80,145405,7345,3766,5782738734.50,2793,F1,65,,,,,
2026-07-23,2026-07-23,FO,NSE,IDO,40984,,NIFTY,,2026-08-11,2026-08-11,23800.00,PE,NIFTY2681123800PE,225.10,266.60,179.65,235.15,228.30,192.40,23869.60,235.15,116090,70005,4926,7695615401.50,3338,F1,65,,,,,
2026-07-23,2026-07-23,FO,NSE,IDO,40990,,NIFTY,,2026-08-11,2026-08-11,23950.00,PE,NIFTY2681123950PE,272.20,340.45,238.00,299.90,300.90,247.25,23869.60,299.90,12415,-1820,1093,1721432969.75,803,F1,65,,,,,
2026-07-23,2026-07-23,FO,NSE,IDO,41012,,NIFTY,,2026-08-11,2026-08-11,24500.00,PE,NIFTY2681124500PE,621.50,719.00,576.00,668.55,661.00,574.35,23869.60,668.55,20410,-2535,140,228945284.75,102,F1,65,,,,,
2026-07-23,2026-07-23,FO,NSE,IDO,45026,,NIFTY,,2026-08-18,2026-08-18,22750.00,PE,NIFTY2681822750PE,38.00,52.90,35.50,42.95,42.95,38.45,23869.60,42.95,2990,455,23,34073806.00,16,F1,65,,,,,
2026-07-23,2026-07-23,FO,NSE,IDO,45028,,NIFTY,,2026-08-18,2026-08-18,22800.00,PE,NIFTY2681822800PE,42.10,57.05,35.75,48.00,47.50,40.85,23869.60,48.00,15275,3705,188,279171860.50,119,F1,65,,,,,
2026-07-23,2026-07-23,FO,NSE,IDO,45032,,NIFTY,,2026-08-18,2026-08-18,22850.00,PE,NIFTY2681822850PE,44.05,60.00,42.50,59.95,59.95,45.85,23869.60,76.70,1755,455,14,20839952.25,13,F1,65,,,,,
2026-07-23,2026-07-23,FO,NSE,IDO,45066,,NIFTY,,2026-08-18,2026-08-18,23500.00,PE,NIFTY2681823500PE,155.95,193.00,129.00,169.05,167.95,140.40,23869.60,169.05,14560,715,294,452182467.75,216,F1,65,,,,,
2026-07-23,2026-07-23,FO,NSE,IDO,45068,,NIFTY,,2026-08-18,2026-08-18,23550.00,PE,NIFTY2681823550PE,174.40,192.15,158.05,192.10,192.10,152.75,23869.60,246.15,2730,390,45,69386281.25,42,F1,65,,,,,
2026-07-23,2026-07-23,FO,NSE,IDO,45072,,NIFTY,,2026-08-18,2026-08-18,23650.00,PE,NIFTY2681823650PE,194.55,226.65,181.15,210.50,210.50,181.85,23869.60,210.50,3120,-1625,46,71365222.50,42,F1,65,,,,,
2026-07-23,2026-07-23,FO,NSE,IDO,45081,,NIFTY,,2026-08-18,2026-08-18,23850.00,PE,NIFTY2681823850PE,277.10,324.10,232.90,289.65,288.25,249.05,23869.60,289.65,3900,-260,115,180413743.25,91,F1,65,,,,,
2026-07-23,2026-07-23,FO,NSE,IDO,45111,,NIFTY,,2026-08-18,2026-08-18,24500.00,PE,NIFTY2681824500PE,650.00,723.00,611.70,671.35,668.00,595.60,23869.60,671.35,3250,-715,30,49058646.00,26,F1,65,,,,,
2026-07-23,2026-07-23,FO,NSE,IDO,45163,,NIFTY,,2026-08-18,2026-08-18,25300.00,PE,NIFTY2681825300PE,0.00,0.00,0.00,1244.85,0.00,1244.85,23869.60,1383.15,0,0,0,0.00,0,F1,65,,,,,
2026-07-23,2026-07-23,FO,NSE,IDO,61212,,NIFTY,,2026-08-25,2026-08-25,21500.00,PE,NIFTY26AUG21500PE,14.45,16.20,12.80,14.80,14.50,14.45,23869.60,14.80,482040,5980,3042,4254068016.25,1955,F1,65,,,,,
2026-07-23,2026-07-23,FO,NSE,IDO,61333,,NIFTY,,2026-08-25,2026-08-25,21550.00,PE,NIFTY26AUG21550PE,15.00,15.00,14.25,14.25,14.25,13.40,23869.60,6.70,1560,585,16,22427502.50,5,F1,65,,,,,
2026-07-23,2026-07-23,FO,NSE,IDO,61353,,NIFTY,,2026-08-25,2026-08-25,22000.00,PE,NIFTY26AUG22000PE,21.05,25.15,17.25,21.65,21.50,20.00,23869.60,21.65,1175590,156780,12153,17395435213.00,8015,F1,65,,,,,
2026-07-23,2026-07-23,FO,NSE,IDO,61396,,NIFTY,,2026-08-25,2026-08-25,22450.00,PE,NIFTY26AUG22450PE,35.80,45.45,30.35,41.75,40.35,34.80,23869.60,41.75,18460,3445,371,542333142.00,207,F1,65,,,,,
2026-07-23,2026-07-23,FO,NSE,IDO,61412,,NIFTY,,2026-08-25,2026-08-25,22750.00,PE,NIFTY26AUG22750PE,57.00,74.20,46.85,62.85,63.10,53.75,23869.60,62.85,30420,2210,235,348449981.75,163,F1,65,,,,,
2026-07-23,2026-07-23,FO,NSE,IDO,61437,,NIFTY,,2026-08-25,2026-08-25,23100.00,PE,NIFTY26AUG23100PE,99.05,127.45,81.95,110.50,110.70,90.90,23869.60,110.50,338910,8190,4685,7066349735.25,3194,F1,65,,,,,
2026-07-23,2026-07-23,FO,NSE,IDO,61454,,NIFTY,,2026-08-25,2026-08-25,23250.00,PE,NIFTY26AUG23250PE,126.05,156.60,105.05,142.25,136.00,114.30,23869.60,142.25,41210,-520,332,504591720.75,256,F1,65,,,,,
2026-07-23,2026-07-23,FO,NSE,IDO,61535,,NIFTY,,2026-08-25,2026-08-25,23800.00,PE,NIFTY26AUG23800PE,266.80,342.70,245.25,310.00,304.00,254.80,23869.60,310.00,630630,133640,14444,22630418050.50,10455,F1,65,,,,,
2026-07-23,2026-07-23,FO,NSE,IDO,61984,,NIFTY,,2026-08-25,2026-08-25,25700.00,PE,NIFTY26AUG25700PE,1640.00,1800.00,1640.00,1752.25,1746.00,1600.00,23869.60,1752.25,5590,4355,69,123077483.75,52,F1,65,,,,,
2026-07-23,2026-07-23,FO,NSE,IDO,46984,,NIFTY,,2026-09-01,2026-09-01,23950.00,PE,NIFTY2690123950PE,0.00,0.00,0.00,369.60,0.00,369.60,23869.60,484.55,0,0,0,0.00,0,F1,65,,,,,
2026-07-23,2026-07-23,FO,NSE,IDO,47012,,NIFTY,,2026-09-01,2026-09-01,24650.00,PE,NIFTY2690124650PE,0.00,0.00,0.00,713.50,0.00,713.50,23869.60,891.25,0,0,0,0.00,0,F1,65,,,,,
2026-07-23,2026-07-23,FO,NSE,IDO,47024,,NIFTY,,2026-09-01,2026-09-01,24950.00,PE,NIFTY2690124950PE,0.00,0.00,0.00,902.35,0.00,902.35,23869.60,1106.85,0,0,0,0.00,0,F1,65,,,,,
2026-07-23,2026-07-23,FO,NSE,IDO,47036,,NIFTY,,2026-09-01,2026-09-01,25250.00,PE,NIFTY2690125250PE,0.00,0.00,0.00,1113.75,0.00,1113.75,23869.60,1340.60,0,0,0,0.00,0,F1,65,,,,,
2026-07-23,2026-07-23,FO,NSE,IDO,47042,,NIFTY,,2026-09-01,2026-09-01,25400.00,PE,NIFTY2690125400PE,0.00,0.00,0.00,1227.30,0.00,1227.30,23869.60,1464.40,0,0,0,0.00,0,F1,65,,,,,
2026-07-23,2026-07-23,FO,NSE,IDO,73855,,NIFTY,,2026-09-29,2026-09-29,21850.00,PE,NIFTY26SEP21850PE,46.20,53.90,44.00,51.80,51.80,43.30,23869.60,62.55,2535,260,21,29894081.75,16,F1,65,,,,,
2026-07-23,2026-07-23,FO,NSE,IDO,73872,,NIFTY,,2026-09-29,2026-09-29,22150.00,PE,NIFTY26SEP22150PE,64.30,73.25,64.30,70.05,70.05,58.65,23869.60,93.70,27820,325,35,50552219.25,22,F1,65,,,,,
2026-07-23,2026-07-23,FO,NSE,IDO,73896,,NIFTY,,2026-09-29,2026-09-29,22800.00,PE,NIFTY26SEP22800PE,131.10,154.80,114.80,140.85,139.40,120.20,23869.60,140.85,103155,7410,565,842227831.25,332,F1,65,,,,,
2026-07-23,2026-07-23,FO,NSE,IDO,73902,,NIFTY,,2026-09-29,2026-09-29,22950.00,PE,NIFTY26SEP22950PE,156.25,181.10,140.45,166.05,165.65,142.60,23869.60,166.05,15990,-715,110,165189596.00,85,F1,65,,,,,
2026-07-23,2026-07-23,FO,NSE,IDO,74354,,NIFTY,,2026-09-29,2026-09-29,24700.00,PE,NIFTY26SEP24700PE,793.00,890.00,771.95,857.90,857.95,766.70,23869.60,857.90,49660,6955,227,376552949.50,185,F1,65,,,,,
2026-07-23,2026-07-23,FO,NSE,IDO,74421,,NIFTY,,2026-09-29,2026-09-29,25800.00,PE,NIFTY26SEP25800PE,0.00,0.00,0.00,1395.00,1395.00,1395.00,23869.60,1794.55,130,0,0,0.00,0,F1,65,,,,,
2026-07-23,2026-07-23,FO,NSE,IDO,65924,,NIFTY,,2026-09-29,2026-09-29,30000.00,PE,NIFTY26SEP30000PE,5688.05,5835.25,5666.20,5780.00,5780.00,5685.40,23869.60,5764.05,146250,0,22,51097501.00,20,F1,65,,,,,
2026-07-23,2026-07-23,FO,NSE,IDO,55329,,NIFTY,,2026-12-29,2026-12-29,25500.00,PE,NIFTY26DEC25500PE,1276.50,1350.00,1260.00,1303.10,1308.00,1226.10,23869.60,1303.10,171405,-65,117,203798127.00,94,F1,65,,,,,
2026-07-23,2026-07-23,FO,NSE,IDO,80269,,NIFTY,,2027-03-30,2027-03-30,21000.00,PE,NIFTY27MAR21000PE,138.00,149.20,135.00,137.50,137.50,134.10,23869.60,137.50,298480,-1625,175,240481169.50,137,F1,65,,,,,
2026-07-23,2026-07-23,FO,NSE,IDO,80306,,NIFTY,,2027-03-30,2027-03-30,28500.00,PE,NIFTY27MAR28500PE,0.00,0.00,0.00,4504.70,0.00,4504.70,23869.60,3695.55,0,0,0,0.00,0,F1,65,,,,,
2026-07-23,2026-07-23,FO,NSE,IDO,55371,,NIFTY,,2027-06-29,2027-06-29,16500.00,PE,NIFTY27JUN16500PE,0.00,0.00,0.00,24.15,24.15,24.15,23869.60,3.95,650,0,0,0.00,0,F1,65,,,,,
2026-07-23,2026-07-23,FO,NSE,IDO,55427,,NIFTY,,2027-12-28,2027-12-28,25500.00,PE,NIFTY27DEC25500PE,0.00,0.00,0.00,676.05,0.00,676.05,23869.60,1570.20,0,0,0,0.00,0,F1,65,,,,,
2026-07-23,2026-07-23,FO,NSE,IDO,55475,,NIFTY,,2028-06-27,2028-06-27,22500.00,PE,NIFTY28JUN22500PE,0.00,0.00,0.00,206.95,0.00,206.95,23869.60,611.60,0,0,0,0.00,0,F1,65,,,,,
2026-07-23,2026-07-23,FO,NSE,IDO,55481,,NIFTY,,2028-06-27,2028-06-27,31500.00,PE,NIFTY28JUN31500PE,0.00,0.00,0.00,2935.60,0.00,2935.60,23869.60,4803.25,0,0,0,0.00,0,F1,65,,,,,
2026-07-23,2026-07-23,FO,NSE,IDO,55519,,NIFTY,,2028-12-26,2028-12-26,19500.00,PE,NIFTY28DEC19500PE,0.00,0.00,0.00,49.00,0.00,49.00,23869.60,198.50,0,0,0,0.00,0,F1,65,,,,,
2026-07-23,2026-07-23,FO,NSE,IDO,55705,,NIFTY,,2030-12-31,2030-12-31,22500.00,PE,NIFTY30DEC22500PE,0.00,0.00,0.00,219.35,0.00,219.35,23869.60,593.30,0,0,0,0.00,0,F1,65,,,,,
2026-07-23,2026-07-23,FO,NSE,IDO,55761,,NIFTY,,2030-12-31,2030-12-31,28500.00,PE,NIFTY30DEC28500PE,0.00,0.00,0.00,1083.10,0.00,1083.10,23869.60,2031.90,0,0,0,0.00,0,F1,65,,,,,
2026-07-23,2026-07-23,FO,NSE,IDO,55765,,NIFTY,,2030-12-31,2030-12-31,31500.00,PE,NIFTY30DEC31500PE,0.00,0.00,0.00,1885.50,0.00,1885.50,23869.60,3143.45,0,0,0,0.00,0,F1,65,,,,,
2026-07-23,2026-07-23,FO,NSE,IDO,74648,,NIFTY,,2031-06-24,2031-06-24,22500.00,PE,NIFTY31JUN22500PE,0.00,0.00,0.00,663.60,0.00,663.60,23869.60,574.00,0,0,0,0.00,0,F1,65,,,,,
2026-07-23,2026-07-23,FO,NSE,IDO,41081,,NIFTY,,2026-08-11,2026-08-11,26050.00,CE,NIFTY2681126050CE,3.05,3.25,3.05,3.25,3.25,3.70,23869.60,4.80,715,65,4,6773832.00,2,F1,65,,,,,
2026-07-23,2026-07-23,FO,NSE,IDO,40983,,NIFTY,,2026-08-11,2026-08-11,23800.00,CE,NIFTY2681123800CE,413.80,413.80,305.30,333.90,335.25,419.60,23869.60,333.90,56225,44200,2894,4539664759.50,2184,F1,65,,,,,
2026-07-23,2026-07-23,FO,NSE,IDO,40967,,NIFTY,,2026-08-11,2026-08-11,23450.00,CE,NIFTY2681123450CE,0.00,0.00,0.00,661.35,661.35,661.35,23869.60,661.05,975,0,0,0.00,0,F1,65,,,,,
2026-07-23,2026-07-23,FO,NSE,IDO,40897,,NIFTY,,2026-08-11,2026-08-11,21850.00,CE,NIFTY2681121850CE,0.00,0.00,0.00,2680.75,0.00,2680.75,23869.60,2091.15,0,0,0,0.00,0,F1,65,,,,,
2026-07-23,2026-07-23,FO,NSE,IDO,40893,,NIFTY,,2026-08-11,2026-08-11,21800.00,CE,NIFTY2681121800CE,0.00,0.00,0.00,2729.80,0.00,2729.80,23869.60,2140.60,0,0,0,0.00,0,F1,65,,,,,
2026-07-23,2026-07-23,FO,NSE,IDO,65944,,NIFTY,,2026-08-04,2026-08-04,25550.00,CE,NIFTY2680425550CE,3.80,3.80,2.50,2.90,2.50,3.55,23869.60,2.90,11635,5915,285,473372068.00,151,F1,65,,,,,
2026-07-23,2026-07-23,FO,NSE,IDO,65891,,NIFTY,,2026-08-04,2026-08-04,24750.00,CE,NIFTY2680424750CE,21.20,21.25,13.50,15.10,14.85,26.00,23869.60,15.10,274235,108485,12562,20223087300.00,7275,F1,65,,,,,
2026-07-23,2026-07-23,FO,NSE,IDO,65858,,NIFTY,,2026-08-04,2026-08-04,24450.00,CE,NIFTY2680424450CE,64.50,64.55,37.35,42.05,42.75,71.20,23869.60,42.05,188565,96785,9949,15840915431.25,7365,F1,65,,,,,
2026-07-23,2026-07-23,FO,NSE,IDO,65852,,NIFTY,,2026-08-04,2026-08-04,24350.00,CE,NIFTY2680424350CE,68.05,82.80,51.65,58.50,60.20,94.25,23869.60,58.50,232700,50895,10113,16047491677.75,7529,F1,65,,,,,
2026-07-23,2026-07-23,FO,NSE,IDO,65808,,NIFTY,,2026-08-04,2026-08-04,24300.00,CE,NIFTY2680424300CE,84.35,96.10,60.45,68.60,68.15,109.05,23869.60,68.60,1140295,255645,49972,79169991527.25,32734,F1,65,,,,,
2026-07-23,2026-07-23,FO,NSE,IDO,65676,,NIFTY,,2026-08-04,2026-08-04,23600.00,CE,NIFTY2680423600CE,410.05,478.65,351.00,386.10,392.35,488.00,23869.60,386.10,32370,15080,1777,2771421038.75,1313,F1,65,,,,,
2026-07-23,2026-07-23,FO,NSE,IDO,65529,,NIFTY,,2026-08-04,2026-08-04,23300.00,CE,NIFTY2680423300CE,654.35,727.10,579.10,627.45,633.85,729.20,23869.60,627.45,8385,7345,273,424740478.50,173,F1,65,,,,,
2026-07-23,2026-07-23,FO,NSE,IDO,65525,,NIFTY,,2026-08-04,2026-08-04,23200.00,CE,NIFTY2680423200CE,749.95,812.30,673.85,712.95,724.80,824.85,23869.60,712.95,1885,1040,55,85485855.00,41,F1,65,,,,,
2026-07-23,2026-07-23,FO,NSE,IDO,65451,,NIFTY,,2026-08-04,2026-08-04,22900.00,CE,NIFTY2680422900CE,1040.75,1077.75,1040.75,1077.75,1077.75,1098.10,23869.60,1040.20,260,65,2,3114702.50,2,F1,65,,,,,
2026-07-23,2026-07-23,FO,NSE,IDO,65429,,NIFTY,,2026-08-04,2026-08-04,22400.00,CE,NIFTY2680422400CE,1600.00,1600.00,1573.40,1573.40,1573.40,1661.65,23869.60,1518.35,65,65,2,3118271.00,2,F1,65,,,,,
2026-07-23,2026-07-23,FO,NSE,IDO,64023,,NIFTY,,2026-07-28,2026-07-28,25950.00,CE,NIFTY26JUL25950CE,1.25,1.50,0.70,0.80,0.75,1.25,23869.60,0.80,183300,-1885,11783,19875819213.25,2769,F1,65,,,,,
2026-07-23,2026-07-23,FO,NSE,IDO,63995,,NIFTY,,2026-07-28,2026-07-28,25350.00,CE,NIFTY26JUL25350CE,1.95,2.45,1.45,1.60,1.45,2.25,23869.60,1.60,2010385,76570,81606,134475778489.00,15956,F1,65,,,,,
2026-07-23,2026-07-23,FO,NSE,IDO,63987,,NIFTY,,2026-07-28,2026-07-28,25200.00,CE,NIFTY26JUL25200CE,2.40,2.85,1.55,1.75,1.70,2.75,23869.60,1.75,6029595,-122850,293911,481464341845.50,63332,F1,65,,,,,
2026-07-23,2026-07-23,FO,NSE,IDO,63953,,NIFTY,,2026-07-28,2026-07-28,24350.00,CE,NIFTY26JUL24350CE,27.00,27.00,12.15,14.35,14.85,37.15,23869.60,14.35,3737695,1272960,422953,669928212521.75,141036,F1,65,,,,,
2026-07-23,2026-07-23,FO,NSE,IDO,63933,,NIFTY,,2026-07-28,2026-07-28,23850.00,CE,NIFTY26JUL23850CE,186.00,219.95,113.35,138.85,147.50,232.20,23869.60,138.85,3462225,3194035,1019175,1589615024601.50,631621,F1,65,,,,,
2026-07-23,2026-07-23,FO,NSE,IDO,63929,,NIFTY,,2026-07-28,2026-07-28,23800.00,CE,NIFTY26JUL23800CE,194.95,255.70,137.30,166.05,175.50,265.40,23869.60,166.05,3405805,2456610,980353,1527876541561.50,579897,F1,65,,,,,
2026-07-23,2026-07-23,FO,NSE,IDO,63917,,NIFTY,,2026-07-28,2026-07-28,23550.00,CE,NIFTY26JUL23550CE,370.80,466.55,303.00,353.15,362.50,465.90,23869.60,353.15,48685,12805,7715,11990281566.25,6058,F1,65,,,,,
2026-07-23,2026-07-23,FO,NSE,IDO,63913,,NIFTY,,2026-07-28,2026-07-28,23450.00,CE,NIFTY26JUL23450CE,455.20,557.35,386.00,442.90,452.90,553.95,23869.60,442.90,35880,8060,2778,4314815921.00,2210,F1,65,,,,,
2026-07-23,2026-07-23,FO,NSE,IDO,63851,,NIFTY,,2026-07-28,2026-07-28,21900.00,CE,NIFTY26JUL21900CE,0.00,0.00,0.00,2080.00,2080.00,2080.00,23869.60,1987.85,520,0,0,0.00,0,F1,65,,,,,
2026-07-23,2026-07-23,FO,NSE,IDO,45082,,NIFTY,,2026-08-18,2026-08-18,23900.00,CE,NIFTY2681823900CE,390.70,397.30,318.20,341.55,346.90,420.75,23869.60,341.55,7865,6630,376,592580940.25,313,F1,65,,,,,
2026-07-23,2026-07-23,FO,NSE,IDO,41083,,NIFTY,,2026-08-11,2026-08-11,26100.00,CE,NIFTY2681126100CE,2.95,3.50,2.55,3.30,3.30,3.40,23869.60,4.15,2275,0,28,47507346.25,11,F1,65,,,,,
2026-07-23,2026-07-23,FO,NSE,IDO,44999,,NIFTY,,2026-08-18,2026-08-18,22250.00,CE,NIFTY2681822250CE,0.00,0.00,0.00,1959.60,0.00,1959.60,23869.60,1736.65,0,0,0,0.00,0,F1,65,,,,,
2026-07-23,2026-07-23,FO,NSE,IDO,45005,,NIFTY,,2026-08-18,2026-08-18,22350.00,CE,NIFTY2681822350CE,0.00,0.00,0.00,1866.60,0.00,1866.60,23869.60,1642.70,0,0,0,0.00,0,F1,65,,,,,
2026-07-23,2026-07-23,FO,NSE,IDO,45029,,NIFTY,,2026-08-18,2026-08-18,22850.00,CE,NIFTY2681822850CE,0.00,0.00,0.00,1421.60,0.00,1421.60,23869.60,1195.05,0,0,0,0.00,0,F1,65,,,,,
2026-07-23,2026-07-23,FO,NSE,IDO,63884,,NIFTY,,2026-07-28,2026-07-28,22700.00,PE,NIFTY26JUL22700PE,2.95,4.40,1.90,2.15,1.95,3.00,23869.60,2.15,1562795,199160,158633,234091110825.00,37815,F1,65,,,,,
2026-07-23,2026-07-23,FO,NSE,IDO,63916,,NIFTY,,2026-07-28,2026-07-28,23500.00,PE,NIFTY26JUL23500PE,32.05,38.80,15.20,23.85,22.75,24.65,23869.60,23.85,8940945,629785,1106608,1692181523613.75,390938,F1,65,,,,,
2026-07-23,2026-07-23,FO,NSE,IDO,63958,,NIFTY,,2026-07-28,2026-07-28,24450.00,PE,NIFTY26JUL24450PE,563.85,653.50,470.15,579.25,573.55,489.15,23869.60,579.25,96785,-28015,2145,3484881400.00,1575,F1,65,,,,,
2026-07-23,2026-07-23,FO,NSE,IDO,63972,,NIFTY,,2026-07-28,2026-07-28,24800.00,PE,NIFTY26JUL24800PE,890.05,991.00,806.65,921.15,913.40,819.95,23869.60,921.15,279435,-20150,942,1573049279.75,672,F1,65,,,,,
2026-07-23,2026-07-23,FO,NSE,IDO,64009,,NIFTY,,2026-07-28,2026-07-28,25650.00,PE,NIFTY26JUL25650PE,0.00,0.00,0.00,1485.00,1485.00,1485.00,23869.60,1759.10,520,0,0,0.00,0,F1,65,,,,,
2026-07-23,2026-07-23,FO,NSE,IDO,64042,,NIFTY,,2026-07-28,2026-07-28,26200.00,PE,NIFTY26JUL26200PE,2293.10,2390.05,2218.30,2325.80,2313.95,2220.00,23869.60,2325.80,39260,-5850,134,248193643.75,125,F1,65,,,,,
2026-07-23,2026-07-23,FO,NSE,IDO,65165,,NIFTY,,2026-08-04,2026-08-04,21700.00,PE,NIFTY2680421700PE,3.40,4.05,3.20,3.75,3.90,3.75,23869.60,3.75,13000,3705,237,334343730.50,153,F1,65,,,,,
2026-07-23,2026-07-23,FO,NSE,IDO,65371,,NIFTY,,2026-08-04,2026-08-04,22000.00,PE,NIFTY2680422000PE,4.45,6.05,3.35,4.30,4.75,4.05,23869.60,4.30,819390,118625,10409,14887785698.50,3954,F1,65,,,,,
2026-07-23,2026-07-23,FO,NSE,IDO,65530,,NIFTY,,2026-08-04,2026-08-04,23300.00,PE,NIFTY2680423300PE,47.15,61.65,31.85,46.65,46.05,39.50,23869.60,46.65,445055,3575,21451,32551021061.00,15806,F1,65,,,,,
2026-07-23,2026-07-23,FO,NSE,IDO,65589,,NIFTY,,2026-08-04,2026-08-04,23450.00,PE,NIFTY2680423450PE,70.65,91.95,49.20,70.95,69.85,60.90,23869.60,70.95,84240,15730,5188,7931604450.25,3982,F1,65,,,,,
2026-07-23,2026-07-23,FO,NSE,IDO,65698,,NIFTY,,2026-08-04,2026-08-04,24100.00,PE,NIFTY2680424100PE,356.20,393.40,265.00,341.20,338.55,280.20,23869.60,341.20,392470,-114205,15433,24497298371.00,10304,F1,65,,,,,
2026-07-23,2026-07-23,FO,NSE,IDO,65880,,NIFTY,,2026-08-04,2026-08-04,24650.00,PE,NIFTY2680424650PE,684.60,789.45,678.80,789.45,789.45,701.00,23869.60,794.25,1625,-195,4,6593665.00,4,F1,65,,,,,
2026-07-23,2026-07-23,FO,NSE,IDO,65884,,NIFTY,,2026-08-04,2026-08-04,24700.00,PE,NIFTY2680424700PE,800.00,887.10,726.25,834.35,819.00,726.90,23869.60,834.35,7410,-195,52,86171267.00,49,F1,65,,,,,
2026-07-23,2026-07-23,FO,NSE,IDO,65911,,NIFTY,,2026-08-04,2026-08-04,24850.00,PE,NIFTY2680424850PE,910.05,981.80,910.05,981.80,981.80,849.00,23869.60,968.20,195,0,4,6703823.75,4,F1,65,,,,,
2026-07-23,2026-07-23,FO,NSE,IDO,65915,,NIFTY,,2026-08-04,2026-08-04,24950.00,PE,NIFTY2680424950PE,0.00,0.00,0.00,744.20,744.20,744.20,23869.60,1058.85,65,0,0,0.00,0,F1,65,,,,,
2026-07-23,2026-07-23,FO,NSE,IDO,55754,,NIFTY,,2030-12-31,2030-12-31,24000.00,CE,NIFTY30DEC24000CE,0.00,0.00,0.00,8563.30,0.00,8563.30,23869.60,6834.40,0,0,0,0.00,0,F1,65,,,,,
2026-07-23,2026-07-23,FO,NSE,IDO,40966,,NIFTY,,2026-08-11,2026-08-11,23400.00,PE,NIFTY2681123400PE,101.30,126.15,78.35,106.40,105.75,89.95,23869.60,106.40,79690,13975,1551,2369356710.50,1056,F1,65,,,,,
2026-07-23,2026-07-23,FO,NSE,IDO,40982,,NIFTY,,2026-08-11,2026-08-11,23750.00,PE,NIFTY2681123750PE,208.25,243.70,164.60,211.90,206.00,171.90,23869.60,211.90,12220,3640,340,529385961.00,293,F1,65,,,,,
2026-07-23,2026-07-23,FO,NSE,IDO,40994,,NIFTY,,2026-08-11,2026-08-11,24050.00,PE,NIFTY2681124050PE,337.15,394.70,285.75,354.95,347.60,296.95,23869.60,354.95,11310,-5590,260,412011723.50,225,F1,65,,,,,
2026-07-23,2026-07-23,FO,NSE,IDO,41000,,NIFTY,,2026-08-11,2026-08-11,24200.00,PE,NIFTY2681124200PE,425.00,494.75,364.20,451.30,440.00,375.65,23869.60,451.30,120705,-13130,820,1312098089.25,522,F1,65,,,,,
2026-07-23,2026-07-23,FO,NSE,IDO,41002,,NIFTY,,2026-08-11,2026-08-11,24250.00,PE,NIFTY2681124250PE,439.70,530.70,400.00,483.00,477.50,400.85,23869.60,483.00,8190,-585,40,64301961.75,37,F1,65,,,,,
2026-07-23,2026-07-23,FO,NSE,IDO,41054,,NIFTY,,2026-08-11,2026-08-11,25400.00,PE,NIFTY2681125400PE,0.00,0.00,0.00,1054.95,0.00,1054.95,23869.60,1475.70,0,0,0,0.00,0,F1,65,,,,,
2026-07-23,2026-07-23,FO,NSE,IDO,45077,,NIFTY,,2026-08-18,2026-08-18,23750.00,PE,NIFTY2681823750PE,229.15,284.35,200.00,246.90,246.90,201.25,23869.60,246.90,4745,-715,83,129532611.00,62,F1,65,,,,,
2026-07-23,2026-07-23,FO,NSE,IDO,45121,,NIFTY,,2026-08-18,2026-08-18,24650.00,PE,NIFTY2681824650PE,0.00,0.00,0.00,575.85,575.85,575.85,23869.60,851.35,65,0,0,0.00,0,F1,65,,,,,
2026-07-23,2026-07-23,FO,NSE,IDO,45145,,NIFTY,,2026-08-18,2026-08-18,24900.00,PE,NIFTY2681824900PE,0.00,0.00,0.00,940.30,0.00,940.30,23869.60,1044.35,0,0,0,0.00,0,F1,65,,,,,
2026-07-23,2026-07-23,FO,NSE,IDO,61335,,NIFTY,,2026-08-25,2026-08-25,21600.00,PE,NIFTY26AUG21600PE,17.40,18.70,13.45,15.70,15.65,15.10,23869.60,15.70,32825,455,95,133476421.00,78,F1,65,,,,,
2026-07-23,2026-07-23,FO,NSE,IDO,61339,,NIFTY,,2026-08-25,2026-08-25,21700.00,PE,NIFTY26AUG21700PE,15.00,18.30,15.00,17.40,17.10,16.20,23869.60,17.40,28340,1235,91,128456857.75,52,F1,65,,,,,
2026-07-23,2026-07-23,FO,NSE,IDO,61341,,NIFTY,,2026-08-25,2026-08-25,21750.00,PE,NIFTY26AUG21750PE,18.65,19.00,18.00,19.00,19.00,16.85,23869.60,11.05,1430,195,13,18394463.75,8,F1,65,,,,,
2026-07-23,2026-07-23,FO,NSE,IDO,61347,,NIFTY,,2026-08-25,2026-08-25,21900.00,PE,NIFTY26AUG21900PE,18.00,24.95,17.15,19.85,19.45,17.95,23869.60,19.85,14170,1040,165,235090547.25,119,F1,65,,,,,
2026-07-23,2026-07-23,FO,NSE,IDO,61425,,NIFTY,,2026-08-25,2026-08-25,22900.00,PE,NIFTY26AUG22900PE,75.85,94.35,59.75,81.05,81.70,67.85,23869.60,81.05,257920,55185,3544,5292868288.50,2431,F1,65,,,,,
2026-07-23,2026-07-23,FO,NSE,IDO,61531,,NIFTY,,2026-08-25,2026-08-25,23700.00,PE,NIFTY26AUG23700PE,231.40,300.00,211.55,269.65,269.50,221.50,23869.60,269.65,307060,51805,5212,8117422803.75,3624,F1,65,,,,,
2026-07-23,2026-07-23,FO,NSE,IDO,61550,,NIFTY,,2026-08-25,2026-08-25,23850.00,PE,NIFTY26AUG23850PE,305.00,362.00,266.80,328.20,327.50,271.10,23869.60,328.20,39910,16055,1353,2126708662.00,985,F1,65,,,,,
2026-07-23,2026-07-23,FO,NSE,IDO,61684,,NIFTY,,2026-08-25,2026-08-25,24250.00,PE,NIFTY26AUG24250PE,504.05,569.75,452.10,538.45,528.30,452.00,23869.60,538.45,37115,-1300,221,355822330.50,158,F1,65,,,,,
2026-07-23,2026-07-23,FO,NSE,IDO,61796,,NIFTY,,2026-08-25,2026-08-25,24700.00,PE,NIFTY26AUG24700PE,812.00,902.10,737.60,848.30,832.50,730.75,23869.60,848.30,108745,7930,478,792650550.25,380,F1,65,,,,,
2026-07-23,2026-07-23,FO,NSE,IDO,61846,,NIFTY,,2026-08-25,2026-08-25,24800.00,PE,NIFTY26AUG24800PE,889.00,980.50,812.00,922.55,915.00,803.35,23869.60,922.55,96850,14235,616,1028026850.50,516,F1,65,,,,,
2026-07-23,2026-07-23,FO,NSE,IDO,61856,,NIFTY,,2026-08-25,2026-08-25,24850.00,PE,NIFTY26AUG24850PE,909.95,1013.00,875.10,1013.00,1013.00,862.00,23869.60,1015.85,1170,195,11,18427912.75,11,F1,65,,,,,
2026-07-23,2026-07-23,FO,NSE,IDO,61974,,NIFTY,,2026-08-25,2026-08-25,25450.00,PE,NIFTY26AUG25450PE,0.00,0.00,0.00,1135.00,1135.00,1135.00,23869.60,1506.40,260,0,0,0.00,0,F1,65,,,,,
2026-07-23,2026-07-23,FO,NSE,IDO,61995,,NIFTY,,2026-08-25,2026-08-25,25750.00,PE,NIFTY26AUG25750PE,0.00,0.00,0.00,1771.20,0.00,1771.20,23869.60,1775.05,0,0,0,0.00,0,F1,65,,,,,
2026-07-23,2026-07-23,FO,NSE,IDO,62003,,NIFTY,,2026-08-25,2026-08-25,25850.00,PE,NIFTY26AUG25850PE,1893.10,1893.10,1893.10,1893.10,1893.10,1780.00,23869.60,1867.05,390,0,1,1803301.50,1,F1,65,,,,,
2026-07-23,2026-07-23,FO,NSE,IDO,62054,,NIFTY,,2026-08-25,2026-08-25,26150.00,PE,NIFTY26AUG26150PE,0.00,0.00,0.00,2082.50,0.00,2082.50,23869.60,2148.60,0,0,0,0.00,0,F1,65,,,,,
2026-07-23,2026-07-23,FO,NSE,IDO,46932,,NIFTY,,2026-09-01,2026-09-01,22650.00,PE,NIFTY2690122650PE,0.00,0.00,0.00,65.30,0.00,65.30,23869.60,94.00,0,0,0,0.00,0,F1,65,,,,,
2026-07-23,2026-07-23,FO,NSE,IDO,46980,,NIFTY,,2026-09-01,2026-09-01,23850.00,PE,NIFTY2690123850PE,0.00,0.00,0.00,331.75,0.00,331.75,23869.60,438.05,0,0,0,0.00,0,F1,65,,,,,
2026-07-23,2026-07-23,FO,NSE,IDO,47008,,NIFTY,,2026-09-01,2026-09-01,24550.00,PE,NIFTY2690124550PE,0.00,0.00,0.00,655.90,0.00,655.90,23869.60,824.80,0,0,0,0.00,0,F1,65,,,,,
2026-07-23,2026-07-23,FO,NSE,IDO,47044,,NIFTY,,2026-09-01,2026-09-01,25450.00,PE,NIFTY2690125450PE,0.00,0.00,0.00,1266.10,0.00,1266.10,23869.60,1506.55,0,0,0,0.00,0,F1,65,,,,,
2026-07-23,2026-07-23,FO,NSE,IDO,55281,,NIFTY,,2026-09-29,2026-09-29,16500.00,PE,NIFTY26SEP16500PE,6.75,7.85,6.45,6.80,6.80,6.75,23869.60,0.00,159770,-1820,43,46136285.00,11,F1,65,,,,,
2026-07-23,2026-07-23,FO,NSE,IDO,73832,,NIFTY,,2026-09-29,2026-09-29,21650.00,PE,NIFTY26SEP21650PE,40.00,46.50,38.35,44.00,44.00,39.30,23869.60,44.00,8385,-65,95,133962367.50,62,F1,65,,,,,
2026-07-23,2026-07-23,FO,NSE,IDO,73868,,NIFTY,,2026-09-29,2026-09-29,22050.00,PE,NIFTY26SEP22050PE,55.25,65.70,55.25,63.70,63.70,55.10,23869.60,63.70,2925,910,29,41683044.00,20,F1,65,,,,,
2026-07-23,2026-07-23,FO,NSE,IDO,73870,,NIFTY,,2026-09-29,2026-09-29,22100.00,PE,NIFTY26SEP22100PE,58.20,70.30,53.75,67.45,65.90,56.20,23869.60,67.45,399360,520,205,295331299.25,126,F1,65,,,,,
2026-07-23,2026-07-23,FO,NSE,IDO,73880,,NIFTY,,2026-09-29,2026-09-29,22350.00,PE,NIFTY26SEP22350PE,78.30,93.25,73.25,84.70,83.85,74.50,23869.60,84.70,5720,325,34,49575071.00,30,F1,65,,,,,
2026-07-23,2026-07-23,FO,NSE,IDO,73894,,NIFTY,,2026-09-29,2026-09-29,22750.00,PE,NIFTY26SEP22750PE,124.85,145.80,109.75,134.90,129.80,111.90,23869.60,134.90,12805,-260,49,72876635.00,38,F1,65,,,,,
2026-07-23,2026-07-23,FO,NSE,IDO,73911,,NIFTY,,2026-09-29,2026-09-29,23200.00,PE,NIFTY26SEP23200PE,202.00,231.15,176.70,217.10,216.85,186.45,23869.60,217.10,128375,13195,592,900609095.75,423,F1,65,,,,,
2026-07-23,2026-07-23,FO,NSE,IDO,73982,,NIFTY,,2026-09-29,2026-09-29,23450.00,PE,NIFTY26SEP23450PE,244.00,300.00,244.00,290.15,282.00,244.00,23869.60,290.15,14040,780,62,95670139.50,60,F1,65,,,,,
2026-07-23,2026-07-23,FO,NSE,IDO,74063,,NIFTY,,2026-09-29,2026-09-29,24050.00,PE,NIFTY26SEP24050PE,470.00,536.50,442.80,505.00,505.00,441.95,23869.60,505.00,5200,650,69,110117221.50,50,F1,65,,,,,
2026-07-23,2026-07-23,FO,NSE,IDO,74067,,NIFTY,,2026-09-29,2026-09-29,24150.00,PE,NIFTY26SEP24150PE,515.00,583.45,490.00,583.45,583.45,499.95,23869.60,683.80,6045,-260,26,41723389.50,20,F1,65,,,,,
2026-07-23,2026-07-23,FO,NSE,IDO,74362,,NIFTY,,2026-09-29,2026-09-29,24900.00,PE,NIFTY26SEP24900PE,1000.00,1027.05,990.35,1008.70,990.40,906.70,23869.60,1008.70,6435,0,6,10103262.00,5,F1,65,,,,,
2026-07-23,2026-07-23,FO,NSE,IDO,74385,,NIFTY,,2026-09-29,2026-09-29,25250.00,PE,NIFTY26SEP25250PE,0.00,0.00,0.00,1158.80,1158.80,1158.80,23869.60,1368.10,390,0,0,0.00,0,F1,65,,,,,
2026-07-23,2026-07-23,FO,NSE,IDO,74427,,NIFTY,,2026-09-29,2026-09-29,25900.00,PE,NIFTY26SEP25900PE,0.00,0.00,0.00,1898.75,0.00,1898.75,23869.60,1876.75,0,0,0,0.00,0,F1,65,,,,,
2026-07-23,2026-07-23,FO,NSE,IDO,58635,,NIFTY,,2026-12-29,2026-12-29,15000.00,PE,NIFTY26DEC15000PE,17.00,17.50,16.35,17.50,17.50,17.60,23869.60,17.50,115035,-520,32,31235061.00,16,F1,65,,,,,
2026-07-23,2026-07-23,FO,NSE,IDO,58637,,NIFTY,,2026-12-29,2026-12-29,16000.00,PE,NIFTY26DEC16000PE,21.35,21.35,20.60,21.00,21.00,21.40,23869.60,21.00,128565,260,58,60399589.25,9,F1,65,,,,,
2026-07-23,2026-07-23,FO,NSE,IDO,71502,,NIFTY,,2026-12-29,2026-12-29,24000.00,PE,NIFTY26DEC24000PE,573.90,604.95,529.25,576.15,576.35,536.95,23869.60,576.15,1898830,-5620,3569,5700376981.00,2520,F1,65,,,,,
2026-07-23,2026-07-23,FO,NSE,IDO,55429,,NIFTY,,2027-12-28,2027-12-28,28500.00,PE,NIFTY27DEC28500PE,0.00,0.00,0.00,2700.00,2700.00,2700.00,23869.60,3189.90,260,0,0,0.00,0,F1,65,,,,,
2026-07-23,2026-07-23,FO,NSE,IDO,55431,,NIFTY,,2027-12-28,2027-12-28,31500.00,PE,NIFTY27DEC31500PE,0.00,0.00,0.00,3240.00,0.00,3240.00,23869.60,5305.95,0,0,0,0.00,0,F1,65,,,,,
2026-07-23,2026-07-23,FO,NSE,IDO,55471,,NIFTY,,2028-06-27,2028-06-27,19500.00,PE,NIFTY28JUN19500PE,0.00,0.00,0.00,40.05,0.00,40.05,23869.60,169.60,0,0,0,0.00,0,F1,65,,,,,
2026-07-23,2026-07-23,FO,NSE,IDO,35353,,NIFTY,,2028-06-27,2028-06-27,30000.00,PE,NIFTY28JUN30000PE,0.00,0.00,0.00,3779.25,0.00,3779.25,23869.60,3820.90,0,0,0,0.00,0,F1,65,,,,,
2026-07-23,2026-07-23,FO,NSE,IDO,55517,,NIFTY,,2028-12-26,2028-12-26,16500.00,PE,NIFTY28DEC16500PE,0.00,0.00,0.00,5.90,0.00,5.90,23869.60,38.65,0,0,0,0.00,0,F1,65,,,,,
2026-07-23,2026-07-23,FO,NSE,IDO,61391,,NIFTY,,2029-12-24,2029-12-24,18000.00,PE,NIFTY29DEC18000PE,0.00,0.00,0.00,96.50,0.00,96.50,23869.60,123.40,0,0,0,0.00,0,F1,65,,,,,
2026-07-23,2026-07-23,FO,NSE,IDO,61747,,NIFTY,,2029-12-24,2029-12-24,23000.00,PE,NIFTY29DEC23000PE,0.00,0.00,0.00,865.00,865.00,865.00,23869.60,718.00,1560,0,0,0.00,0,F1,65,,,,,
2026-07-23,2026-07-23,FO,NSE,IDO,61779,,NIFTY,,2029-12-24,2029-12-24,26000.00,PE,NIFTY29DEC26000PE,0.00,0.00,0.00,2150.00,2150.00,2150.00,23869.60,1466.40,3665,0,0,0.00,0,F1,65,,,,,
2026-07-23,2026-07-23,FO,NSE,IDO,60905,,NIFTY,,2030-06-25,2030-06-25,24000.00,PE,NIFTY30JUN24000PE,0.00,0.00,0.00,698.15,0.00,698.15,23869.60,895.60,0,0,0,0.00,0,F1,65,,,,,
2026-07-23,2026-07-23,FO,NSE,IDO,55757,,NIFTY,,2030-12-31,2030-12-31,25500.00,PE,NIFTY30DEC25500PE,0.00,0.00,0.00,538.25,0.00,538.25,23869.60,1181.85,0,0,0,0.00,0,F1,65,,,,,
2026-07-23,2026-07-23,FO,NSE,IDO,74664,,NIFTY,,2031-06-24,2031-06-24,31500.00,PE,NIFTY31JUN31500PE,0.00,0.00,0.00,3185.85,0.00,3185.85,23869.60,2920.90,0,0,0,0.00,0,F1,65,,,,,
2026-07-23,2026-07-23,FO,NSE,IDO,55646,,NIFTY,,2030-06-25,2030-06-25,25500.00,CE,NIFTY30JUN25500CE,0.00,0.00,0.00,7070.45,0.00,7070.45,23869.60,5449.05,0,0,0,0.00,0,F1,65,,,,,
2026-07-23,2026-07-23,FO,NSE,IDO,55600,,NIFTY,,2029-12-24,2029-12-24,19500.00,CE,NIFTY29DEC19500CE,0.00,0.00,0.00,10678.80,0.00,10678.80,23869.60,8550.75,0,0,0,0.00,0,F1,65,,,,,
2026-07-23,2026-07-23,FO,NSE,IDO,55558,,NIFTY,,2029-06-26,2029-06-26,19500.00,CE,NIFTY29JUN19500CE,0.00,0.00,0.00,10206.95,0.00,10206.95,23869.60,8019.90,0,0,0,0.00,0,F1,65,,,,,
2026-07-23,2026-07-23,FO,NSE,IDO,55468,,NIFTY,,2028-06-27,2028-06-27,16500.00,CE,NIFTY28JUN16500CE,0.00,0.00,0.00,11752.80,0.00,11752.80,23869.60,9373.60,0,0,0,0.00,0,F1,65,,,,,
2026-07-23,2026-07-23,FO,NSE,IDO,55430,,NIFTY,,2027-12-28,2027-12-28,31500.00,CE,NIFTY27DEC31500CE,0.00,0.00,0.00,330.00,330.00,330.00,23869.60,522.10,2210,0,0,0.00,0,F1,65,,,,,
2026-07-23,2026-07-23,FO,NSE,IDO,35346,,NIFTY,,2027-12-28,2027-12-28,30000.00,CE,NIFTY27DEC30000CE,357.00,370.00,342.00,352.40,345.00,361.05,23869.60,352.40,108030,-1105,139,274287994.50,93,F1,65,,,,,
2026-07-23,2026-07-23,FO,NSE,IDO,53628,,NIFTY,,2027-12-28,2027-12-28,26000.00,CE,NIFTY27DEC26000CE,1722.35,1729.00,1642.55,1649.30,1650.65,1754.00,23869.60,1649.30,70240,65,85,152847230.25,73,F1,65,,,,,
2026-07-23,2026-07-23,FO,NSE,IDO,53626,,NIFTY,,2027-12-28,2027-12-28,25000.00,CE,NIFTY27DEC25000CE,2240.00,2250.00,2145.50,2193.05,2170.00,2310.00,23869.60,2193.05,30300,-390,24,42428815.00,22,F1,65,,,,,
2026-07-23,2026-07-23,FO,NSE,IDO,55378,,NIFTY,,2027-06-29,2027-06-29,28500.00,CE,NIFTY27JUN28500CE,0.00,0.00,0.00,1711.90,0.00,1711.90,23869.60,578.15,0,0,0,0.00,0,F1,65,,,,,
2026-07-23,2026-07-23,FO,NSE,IDO,50547,,NIFTY,,2026-12-29,2026-12-29,28000.00,CE,NIFTY26DEC28000CE,53.00,53.00,48.00,48.70,48.90,51.80,23869.60,48.70,1464230,14300,2254,4109514269.25,1081,F1,65,,,,,
2026-07-23,2026-07-23,FO,NSE,IDO,74420,,NIFTY,,2026-09-29,2026-09-29,25800.00,CE,NIFTY26SEP25800CE,57.60,68.50,50.85,52.35,52.00,62.05,23869.60,52.35,78065,4355,1995,3352919960.00,1432,F1,65,,,,,
2026-07-23,2026-07-23,FO,NSE,IDO,74241,,NIFTY,,2026-09-29,2026-09-29,24500.00,CE,NIFTY26SEP24500CE,365.00,371.20,310.65,328.05,325.95,386.20,23869.60,328.05,929825,13845,5989,9667747404.25,3904,F1,65,,,,,
2026-07-23,2026-07-23,FO,NSE,IDO,74066,,NIFTY,,2026-09-29,2026-09-29,24150.00,CE,NIFTY26SEP24150CE,540.00,544.90,464.85,485.00,485.00,566.35,23869.60,485.00,4875,715,26,41659878.00,23,F1,65,,,,,
2026-07-23,2026-07-23,FO,NSE,IDO,74010,,NIFTY,,2026-09-29,2026-09-29,23750.00,CE,NIFTY26SEP23750CE,694.85,694.85,694.85,694.85,694.85,983.15,23869.60,910.30,585,65,1,1588915.25,1,F1,65,,,,,
2026-07-23,2026-07-23,FO,NSE,IDO,73893,,NIFTY,,2026-09-29,2026-09-29,22750.00,CE,NIFTY26SEP22750CE,0.00,0.00,0.00,1512.95,1512.95,1512.95,23869.60,1589.85,130,0,0,0.00,0,F1,65,,,,,
2026-07-23,2026-07-23,FO,NSE,IDO,73833,,NIFTY,,2026-09-29,2026-09-29,21700.00,CE,NIFTY26SEP21700CE,0.00,0.00,0.00,2586.45,0.00,2586.45,23869.60,2485.65,0,0,0,0.00,0,F1,65,,,,,
2026-07-23,2026-07-23,FO,NSE,IDO,47051,,NIFTY,,2026-09-01,2026-09-01,25650.00,CE,NIFTY2690125650CE,0.00,0.00,0.00,142.40,0.00,142.40,23869.60,83.65,0,0,0,0.00,0,F1,65,,,,,
2026-07-23,2026-07-23,FO,NSE,IDO,47023,,NIFTY,,2026-09-01,2026-09-01,24950.00,CE,NIFTY2690124950CE,0.00,0.00,0.00,313.70,0.00,313.70,23869.60,206.50,0,0,0,0.00,0,F1,65,,,,,
2026-07-23,2026-07-23,FO,NSE,IDO,47021,,NIFTY,,2026-09-01,2026-09-01,24900.00,CE,NIFTY2690124900CE,0.00,0.00,0.00,330.25,0.00,330.25,23869.60,217.80,0,0,0,0.00,0,F1,65,,,,,
2026-07-23,2026-07-23,FO,NSE,IDO,46983,,NIFTY,,2026-09-01,2026-09-01,23950.00,CE,NIFTY2690123950CE,0.00,0.00,0.00,774.00,0.00,774.00,23869.60,577.05,0,0,0,0.00,0,F1,65,,,,,
2026-07-23,2026-07-23,FO,NSE,IDO,46961,,NIFTY,,2026-09-01,2026-09-01,23400.00,CE,NIFTY2690123400CE,0.00,0.00,0.00,1145.00,0.00,1145.00,23869.60,903.45,0,0,0,0.00,0,F1,65,,,,,
2026-07-23,2026-07-23,FO,NSE,IDO,46957,,NIFTY,,2026-09-01,2026-09-01,23300.00,CE,NIFTY2690123300CE,0.00,0.00,0.00,1220.55,0.00,1220.55,23869.60,972.00,0,0,0,0.00,0,F1,65,,,,,
2026-07-23,2026-07-23,FO,NSE,IDO,46949,,NIFTY,,2026-09-01,2026-09-01,23100.00,CE,NIFTY2690123100CE,0.00,0.00,0.00,1378.25,0.00,1378.25,23869.60,1117.15,0,0,0,0.00,0,F1,65,,,,,
2026-07-23,2026-07-23,FO,NSE,IDO,46941,,NIFTY,,2026-09-01,2026-09-01,22900.00,CE,NIFTY2690122900CE,0.00,0.00,0.00,1543.90,0.00,1543.90,23869.60,1271.80,0,0,0,0.00,0,F1,65,,,,,
2026-07-23,2026-07-23,FO,NSE,IDO,46931,,NIFTY,,2026-09-01,2026-09-01,22650.00,CE,NIFTY2690122650CE,0.00,0.00,0.00,1760.65,0.00,1760.65,23869.60,1477.10,0,0,0,0.00,0,F1,65,,,,,
2026-07-23,2026-07-23,FO,NSE,IDO,46923,,NIFTY,,2026-09-01,2026-09-01,22450.00,CE,NIFTY2690122450CE,0.00,0.00,0.00,1940.55,0.00,1940.55,23869.60,1649.60,0,0,0,0.00,0,F1,65,,,,,
2026-07-23,2026-07-23,FO,NSE,IDO,46915,,NIFTY,,2026-09-01,2026-09-01,22250.00,CE,NIFTY2690122250CE,0.00,0.00,0.00,2125.05,0.00,2125.05,23869.60,1828.25,0,0,0,0.00,0,F1,65,,,,,
2026-07-23,2026-07-23,FO,NSE,IDO,62053,,NIFTY,,2026-08-25,2026-08-25,26150.00,CE,NIFTY26AUG26150CE,6.30,6.30,5.75,5.80,5.80,232.55,23869.60,24.00,1885,1885,40,68005388.75,27,F1,65,,,,,
2026-07-23,2026-07-23,FO,NSE,IDO,61378,,NIFTY,,2026-08-25,2026-08-25,22350.00,CE,NIFTY26AUG22350CE,0.00,0.00,0.00,1794.90,1794.90,1794.90,23869.60,1694.05,130,0,0,0.00,0,F1,65,,,,,
2026-07-23,2026-07-23,FO,NSE,IDO,61334,,NIFTY,,2026-08-25,2026-08-25,21600.00,CE,NIFTY26AUG21600CE,0.00,0.00,0.00,2713.65,0.00,2713.65,23869.60,2405.95,0,0,0,0.00,0,F1,65,,,,,
2026-07-23,2026-07-23,FO,NSE,IDO,45200,,NIFTY,,2026-08-18,2026-08-18,26000.00,CE,NIFTY2681826000CE,5.85,5.85,4.60,4.65,4.70,6.15,23869.60,4.65,1430,1430,39,65922970.75,14,F1,65,,,,,
2026-07-23,2026-07-23,FO,NSE,IDO,45168,,NIFTY,,2026-08-18,2026-08-18,25450.00,CE,NIFTY2681825450CE,0.00,0.00,0.00,116.60,0.00,116.60,23869.60,47.25,0,0,0,0.00,0,F1,65,,,,,
2026-07-23,2026-07-23,FO,NSE,IDO,45122,,NIFTY,,2026-08-18,2026-08-18,24700.00,CE,NIFTY2681824700CE,0.00,0.00,0.00,376.60,376.60,376.60,23869.60,166.00,65,0,0,0.00,0,F1,65,,,,,
2026-07-23,2026-07-23,FO,NSE,IDO,45100,,NIFTY,,2026-08-18,2026-08-18,24250.00,CE,NIFTY2681824250CE,219.05,225.50,174.50,183.90,186.15,240.00,23869.60,183.90,6175,260,112,177973032.25,62,F1,65,,,,,
2026-07-23,2026-07-23,FO,NSE,IDO,45098,,NIFTY,,2026-08-18,2026-08-18,24200.00,CE,NIFTY2681824200CE,229.65,248.95,190.00,204.50,205.15,261.05,23869.60,204.50,52455,12220,562,891925320.00,424,F1,65,,,,,
2026-07-23,2026-07-23,FO,NSE,IDO,45047,,NIFTY,,2026-08-18,2026-08-18,23150.00,CE,NIFTY2681823150CE,0.00,0.00,0.00,1175.90,0.00,1175.90,23869.60,951.55,0,0,0,0.00,0,F1,65,,,,,
2026-07-23,2026-07-23,FO,NSE,IDO,45033,,NIFTY,,2026-08-18,2026-08-18,22900.00,CE,NIFTY2681822900CE,0.00,0.00,0.00,1379.35,0.00,1379.35,23869.60,1152.90,0,0,0,0.00,0,F1,65,,,,,
2026-07-23,2026-07-23,FO,NSE,IDO,45021,,NIFTY,,2026-08-18,2026-08-18,22650.00,CE,NIFTY2681822650CE,0.00,0.00,0.00,1595.05,0.00,1595.05,23869.60,1368.90,0,0,0,0.00,0,F1,65,,,,,
2026-07-23,2026-07-23,FO,NSE,IDO,45019,,NIFTY,,2026-08-18,2026-08-18,22600.00,CE,NIFTY2681822600CE,0.00,0.00,0.00,1639.40,0.00,1639.40,23869.60,1413.55,0,0,0,0.00,0,F1,65,,,,,
2026-07-23,2026-07-23,FO,NSE,IDO,41077,,NIFTY,,2026-08-11,2026-08-11,25950.00,CE,NIFTY2681125950CE,3.60,4.40,3.30,4.05,4.05,4.45,23869.60,4.05,1690,-845,59,99532790.50,20,F1,65,,,,,
2026-07-23,2026-07-23,FO,NSE,IDO,41053,,NIFTY,,2026-08-11,2026-08-11,25400.00,CE,NIFTY2681125400CE,0.00,0.00,0.00,200.60,0.00,200.60,23869.60,25.60,0,0,0,0.00,0,F1,65,,,,,
2026-07-23,2026-07-23,FO,NSE,IDO,41045,,NIFTY,,2026-08-11,2026-08-11,25200.00,CE,NIFTY2681125200CE,0.00,0.00,0.00,253.50,0.00,253.50,23869.60,40.30,0,0,0,0.00,0,F1,65,,,,,
2026-07-23,2026-07-23,FO,NSE,IDO,41013,,NIFTY,,2026-08-11,2026-08-11,24550.00,CE,NIFTY2681124550CE,75.00,84.05,59.40,64.50,64.80,94.75,23869.60,64.50,14820,3705,605,968157050.25,468,F1,65,,,,,
2026-07-23,2026-07-23,FO,NSE,IDO,41011,,NIFTY,,2026-08-11,2026-08-11,24500.00,CE,NIFTY2681124500CE,87.75,95.15,67.35,74.75,76.20,106.40,23869.60,74.75,602290,470015,18534,29605789388.50,12163,F1,65,,,,,
2026-07-23,2026-07-23,FO,NSE,IDO,41009,,NIFTY,,2026-08-11,2026-08-11,24450.00,CE,NIFTY2681124450CE,121.20,121.20,76.65,83.65,83.70,120.45,23869.60,83.65,28925,15405,939,1497580997.25,637,F1,65,,,,,
2026-07-23,2026-07-23,FO,NSE,IDO,41003,,NIFTY,,2026-08-11,2026-08-11,24300.00,CE,NIFTY2681124300CE,143.40,154.00,110.00,121.05,125.00,168.30,23869.60,121.05,122265,21710,2487,3948785155.25,2023,F1,65,,,,,
2026-07-23,2026-07-23,FO,NSE,IDO,40975,,NIFTY,,2026-08-11,2026-08-11,23650.00,CE,NIFTY2681123650CE,454.30,454.30,394.05,416.60,416.60,515.25,23869.60,529.40,3185,715,20,31288562.50,19,F1,65,,,,,
2026-07-23,2026-07-23,FO,NSE,IDO,40971,,NIFTY,,2026-08-11,2026-08-11,23550.00,CE,NIFTY2681123550CE,534.75,554.75,464.50,505.30,505.30,584.40,23869.60,505.30,2860,1170,46,71926283.00,42,F1,65,,,,,
2026-07-23,2026-07-23,FO,NSE,IDO,40951,,NIFTY,,2026-08-11,2026-08-11,23050.00,CE,NIFTY2681123050CE,0.00,0.00,0.00,1552.25,0.00,1552.25,23869.60,968.65,0,0,0,0.00,0,F1,65,,,,,
2026-07-23,2026-07-23,FO,NSE,IDO,40943,,NIFTY,,2026-08-11,2026-08-11,22850.00,CE,NIFTY2681122850CE,0.00,0.00,0.00,1730.10,0.00,1730.10,23869.60,1140.25,0,0,0,0.00,0,F1,65,,,,,
2026-07-23,2026-07-23,FO,NSE,IDO,40917,,NIFTY,,2026-08-11,2026-08-11,22250.00,CE,NIFTY2681122250CE,0.00,0.00,0.00,2292.00,0.00,2292.00,23869.60,1699.45,0,0,0,0.00,0,F1,65,,,,,
2026-07-23,2026-07-23,FO,NSE,IDO,40915,,NIFTY,,2026-08-11,2026-08-11,22200.00,CE,NIFTY2681122200CE,0.00,0.00,0.00,2340.15,0.00,2340.15,23869.60,1747.90,0,0,0,0.00,0,F1,65,,,,,
2026-07-23,2026-07-23,FO,NSE,IDO,40905,,NIFTY,,2026-08-11,2026-08-11,21950.00,CE,NIFTY2681121950CE,0.00,0.00,0.00,2582.90,0.00,2582.90,23869.60,1992.55,0,0,0,0.00,0,F1,65,,,,,
2026-07-23,2026-07-23,FO,NSE,IDO,40879,,NIFTY,,2026-08-11,2026-08-11,21600.00,CE,NIFTY2681121600CE,0.00,0.00,0.00,2926.60,2926.60,2926.60,23869.60,2338.85,65,0,0,0.00,0,F1,65,,,,,
2026-07-23,2026-07-23,FO,NSE,IDO,66062,,NIFTY,,2026-08-04,2026-08-04,26150.00,CE,NIFTY2680426150CE,1.85,2.80,1.70,2.25,1.70,2.00,23869.60,2.25,3965,-975,76,129192128.00,38,F1,65,,,,,
2026-07-23,2026-07-23,FO,NSE,IDO,66054,,NIFTY,,2026-08-04,2026-08-04,25950.00,CE,NIFTY2680425950CE,2.50,2.95,1.65,2.30,1.95,2.40,23869.60,2.30,5980,650,123,207489379.50,52,F1,65,,,,,
2026-07-23,2026-07-23,FO,NSE,IDO,65947,,NIFTY,,2026-08-04,2026-08-04,25600.00,CE,NIFTY2680425600CE,3.80,3.80,2.30,2.85,3.00,3.20,23869.60,2.85,38935,4355,1345,2238345830.50,881,F1,65,,,,,
2026-07-23,2026-07-23,FO,NSE,IDO,65916,,NIFTY,,2026-08-04,2026-08-04,25000.00,CE,NIFTY2680425000CE,8.00,10.50,7.10,7.60,7.65,11.95,23869.60,7.60,1162460,218335,43965,71466227810.25,19740,F1,65,,,,,
2026-07-23,2026-07-23,FO,NSE,IDO,65879,,NIFTY,,2026-08-04,2026-08-04,24650.00,CE,NIFTY2680424650CE,27.55,29.45,19.15,21.40,22.00,37.15,23869.60,21.40,139815,84630,8215,13174959346.25,5861,F1,65,,,,,
2026-07-23,2026-07-23,FO,NSE,IDO,65686,,NIFTY,,2026-08-04,2026-08-04,23850.00,CE,NIFTY2680423850CE,270.20,301.10,207.40,230.95,234.05,316.60,23869.60,230.95,214435,165815,15157,23727128646.00,10942,F1,65,,,,,
2026-07-23,2026-07-23,FO,NSE,IDO,65682,,NIFTY,,2026-08-04,2026-08-04,23750.00,CE,NIFTY2680423750CE,308.60,366.50,257.25,287.15,294.80,378.70,23869.60,287.15,30095,10725,2199,3437014941.75,1689,F1,65,,,,,
2026-07-23,2026-07-23,FO,NSE,IDO,65531,,NIFTY,,2026-08-04,2026-08-04,23350.00,CE,NIFTY2680423350CE,647.35,647.35,537.00,537.00,537.00,679.75,23869.60,654.95,1300,910,15,23313946.50,15,F1,65,,,,,
2026-07-23,2026-07-23,FO,NSE,IDO,65521,,NIFTY,,2026-08-04,2026-08-04,23100.00,CE,NIFTY2680423100CE,759.00,808.15,757.50,799.05,799.00,930.15,23869.60,799.05,1105,520,14,21743159.75,14,F1,65,,,,,
2026-07-23,2026-07-23,FO,NSE,IDO,65415,,NIFTY,,2026-08-04,2026-08-04,22150.00,CE,NIFTY2680422150CE,0.00,0.00,0.00,1883.40,0.00,1883.40,23869.60,1765.20,0,0,0,0.00,0,F1,65,,,,,
2026-07-23,2026-07-23,FO,NSE,IDO,65411,,NIFTY,,2026-08-04,2026-08-04,22050.00,CE,NIFTY2680422050CE,0.00,0.00,0.00,1974.35,0.00,1974.35,23869.60,1864.50,0,0,0,0.00,0,F1,65,,,,,
2026-07-23,2026-07-23,FO,NSE,IDO,64017,,NIFTY,,2026-07-28,2026-07-28,25850.00,CE,NIFTY26JUL25850CE,1.35,1.60,0.80,1.00,1.00,1.35,23869.60,1.00,150150,-27820,16029,26933979878.00,5213,F1,65,,,,,
2026-07-23,2026-07-23,FO,NSE,IDO,64008,,NIFTY,,2026-07-28,2026-07-28,25650.00,CE,NIFTY26JUL25650CE,1.40,1.85,0.80,0.95,1.05,1.50,23869.60,0.95,661505,22620,24637,41078006758.75,3982,F1,65,,,,,
2026-07-23,2026-07-23,FO,NSE,IDO,63979,,NIFTY,,2026-07-28,2026-07-28,25000.00,CE,NIFTY26JUL25000CE,3.20,3.80,2.10,2.40,2.20,4.20,23869.60,2.40,16051165,2774135,786289,1277860116731.25,158453,F1,65,,,,,
2026-07-23,2026-07-23,FO,NSE,IDO,63875,,NIFTY,,2026-07-28,2026-07-28,22500.00,CE,NIFTY26JUL22500CE,1400.00,1489.60,1309.95,1377.80,1386.15,1491.55,23869.60,1377.80,207610,-40495,1018,1581213513.75,755,F1,65,,,,,
2026-07-23,2026-07-23,FO,NSE,IDO,63865,,NIFTY,,2026-07-28,2026-07-28,22250.00,CE,NIFTY26JUL22250CE,1620.50,1620.60,1620.50,1620.60,1620.60,1730.00,23869.60,1638.15,260,0,2,3103171.50,2,F1,65,,,,,
2026-07-23,2026-07-23,FO,NSE,IDO,63844,,NIFTY,,2026-07-28,2026-07-28,21750.00,CE,NIFTY26JUL21750CE,0.00,0.00,0.00,2437.60,2437.60,2437.60,23869.60,2137.75,0,0,0,0.00,0,F1,65,,,,,
2026-07-23,2026-07-23,FO,NSE,IDF,58072,,NIFTY,,2026-08-25,2026-08-25,,,NIFTY26AUGFUT,24000.00,24062.80,23870.70,23934.20,23950.00,24079.70,23869.60,23934.20,6001580,3083470,58277,90795524781.00,32312,F1,65,,,,,
2026-07-23,2026-07-23,FO,NSE,IDO,65999,,NIFTY,,2026-08-04,2026-08-04,25650.00,PE,NIFTY2680425650PE,0.00,0.00,0.00,1647.20,1647.20,1647.20,23869.60,1732.05,65,0,0,0.00,0,F1,65,,,,,
2026-07-23,2026-07-23,FO,NSE,IDO,74638,,NIFTY,,2031-06-24,2031-06-24,16500.00,CE,NIFTY31JUN16500CE,0.00,0.00,0.00,11849.25,0.00,11849.25,23869.60,12029.55,0,0,0,0.00,0,F1,65,,,,,
2026-07-23,2026-07-23,FO,NSE,IDO,63837,,NIFTY,,2026-07-28,2026-07-28,21550.00,PE,NIFTY26JUL21550PE,1.30,1.95,0.75,0.85,0.80,1.25,23869.60,0.85,17615,6565,1758,2462670379.00,1131,F1,65,,,,,
2026-07-23,2026-07-23,FO,NSE,IDO,63850,,NIFTY,,2026-07-28,2026-07-28,21850.00,PE,NIFTY26JUL21850PE,1.40,2.05,0.90,1.05,1.05,1.50,23869.60,1.05,49725,26520,3216,4567818079.50,1601,F1,65,,,,,
2026-07-23,2026-07-23,FO,NSE,IDO,63854,,NIFTY,,2026-07-28,2026-07-28,21950.00,PE,NIFTY26JUL21950PE,1.65,2.10,1.05,1.20,1.05,1.60,23869.60,1.20,25025,-4355,1877,2678214071.00,1274,F1,65,,,,,
2026-07-23,2026-07-23,FO,NSE,IDO,63901,,NIFTY,,2026-07-28,2026-07-28,23150.00,CE,NIFTY26JUL23150CE,820.00,833.60,697.05,714.10,714.10,858.70,23869.60,714.10,2665,325,16,24865831.25,15,F1,65,,,,,
2026-07-23,2026-07-23,FO,NSE,IDO,63957,,NIFTY,,2026-07-28,2026-07-28,24450.00,CE,NIFTY26JUL24450CE,17.10,17.10,8.10,9.35,10.00,24.10,23869.60,9.35,2977130,601965,370079,588428795136.00,113041,F1,65,,,,,
2026-07-23,2026-07-23,FO,NSE,IDO,64013,,NIFTY,,2026-07-28,2026-07-28,25750.00,CE,NIFTY26JUL25750CE,1.35,1.75,0.85,1.00,1.00,1.40,23869.60,1.00,218855,-3380,6799,11380371242.50,1909,F1,65,,,,,
2026-07-23,2026-07-23,FO,NSE,IDO,64025,,NIFTY,,2026-07-28,2026-07-28,26000.00,CE,NIFTY26JUL26000CE,1.00,1.40,0.65,0.80,0.75,1.10,23869.60,0.80,5638230,-95550,175100,295929790763.75,33555,F1,65,,,,,
2026-07-23,2026-07-23,FO,NSE,IDO,64027,,NIFTY,,2026-07-28,2026-07-28,26050.00,CE,NIFTY26JUL26050CE,0.70,1.45,0.65,0.80,0.65,1.15,23869.60,0.80,202150,42250,10100,17102517383.25,2355,F1,65,,,,,
2026-07-23,2026-07-23,FO,NSE,IDO,65158,,NIFTY,,2026-08-04,2026-08-04,21650.00,CE,NIFTY2680421650CE,0.00,0.00,0.00,2348.40,0.00,2348.40,23869.60,2262.95,0,0,0,0.00,0,F1,65,,,,,
2026-07-23,2026-07-23,FO,NSE,IDO,65419,,NIFTY,,2026-08-04,2026-08-04,22250.00,CE,NIFTY2680422250CE,0.00,0.00,0.00,1793.65,0.00,1793.65,23869.60,1666.15,0,0,0,0.00,0,F1,65,,,,,
2026-07-23,2026-07-23,FO,NSE,IDO,65425,,NIFTY,,2026-08-04,2026-08-04,22350.00,CE,NIFTY2680422350CE,0.00,0.00,0.00,1705.25,0.00,1705.25,23869.60,1567.50,0,0,0,0.00,0,F1,65,,,,,
2026-07-23,2026-07-23,FO,NSE,IDO,65443,,NIFTY,,2026-08-04,2026-08-04,22700.00,CE,NIFTY2680422700CE,0.00,0.00,0.00,1408.60,0.00,1408.60,23869.60,1227.60,0,0,0,0.00,0,F1,65,,,,,
2026-07-23,2026-07-23,FO,NSE,IDO,65523,,NIFTY,,2026-08-04,2026-08-04,23150.00,CE,NIFTY2680423150CE,0.00,0.00,0.00,882.85,882.85,882.85,23869.60,818.30,325,0,0,0.00,0,F1,65,,,,,
2026-07-23,2026-07-23,FO,NSE,IDO,65527,,NIFTY,,2026-08-04,2026-08-04,23250.00,CE,NIFTY2680423250CE,0.00,0.00,0.00,758.90,758.90,758.90,23869.60,734.80,390,0,0,0.00,0,F1,65,,,,,
2026-07-23,2026-07-23,FO,NSE,IDO,65697,,NIFTY,,2026-08-04,2026-08-04,24100.00,CE,NIFTY2680424100CE,144.90,169.40,109.00,123.35,126.40,183.85,23869.60,123.35,1004640,199550,41163,64844937157.00,28385,F1,65,,,,,
2026-07-23,2026-07-23,FO,NSE,IDO,65806,,NIFTY,,2026-08-04,2026-08-04,24250.00,CE,NIFTY2680424250CE,96.25,112.00,70.60,79.85,81.00,126.25,23869.60,79.85,254670,-46930,15848,25070391755.50,10085,F1,65,,,,,
2026-07-23,2026-07-23,FO,NSE,IDO,65854,,NIFTY,,2026-08-04,2026-08-04,24400.00,CE,NIFTY2680424400CE,58.75,70.30,43.70,49.80,50.95,82.40,23869.60,49.80,859755,299650,42539,67615719879.50,28933,F1,65,,,,,
2026-07-23,2026-07-23,FO,NSE,IDO,66015,,NIFTY,,2026-08-04,2026-08-04,25850.00,CE,NIFTY2680425850CE,2.00,3.95,2.00,2.65,2.30,2.25,23869.60,2.65,4420,1365,82,137795008.00,46,F1,65,,,,,
2026-07-23,2026-07-23,FO,NSE,IDO,40885,,NIFTY,,2026-08-11,2026-08-11,21650.00,CE,NIFTY2681121650CE,0.00,0.00,0.00,2877.30,0.00,2877.30,23869.60,2289.20,0,0,0,0.00,0,F1,65,,,,,
2026-07-23,2026-07-23,FO,NSE,IDO,40949,,NIFTY,,2026-08-11,2026-08-11,23000.00,CE,NIFTY2681123000CE,0.00,0.00,0.00,1596.15,0.00,1596.15,23869.60,1010.60,0,0,0,0.00,0,F1,65,,,,,
2026-07-23,2026-07-23,FO,NSE,IDO,40961,,NIFTY,,2026-08-11,2026-08-11,23300.00,CE,NIFTY2681123300CE,729.45,773.00,656.15,685.60,695.15,962.70,23869.60,685.60,2015,1755,44,68637143.25,40,F1,65,,,,,
2026-07-23,2026-07-23,FO,NSE,IDO,41029,,NIFTY,,2026-08-11,2026-08-11,24850.00,CE,NIFTY2681124850CE,0.00,0.00,0.00,373.65,0.00,373.65,23869.60,83.15,0,0,0,0.00,0,F1,65,,,,,
2026-07-23,2026-07-23,FO,NSE,IDO,41055,,NIFTY,,2026-08-11,2026-08-11,25450.00,CE,NIFTY2681125450CE,7.10,8.35,7.10,7.65,7.65,187.70,23869.60,7.65,715,715,14,23166429.00,6,F1,65,,,,,
2026-07-23,2026-07-23,FO,NSE,IDO,45017,,NIFTY,,2026-08-18,2026-08-18,22550.00,CE,NIFTY2681822550CE,0.00,0.00,0.00,1684.20,0.00,1684.20,23869.60,1458.60,0,0,0,0.00,0,F1,65,,,,,
2026-07-23,2026-07-23,FO,NSE,IDO,45076,,NIFTY,,2026-08-18,2026-08-18,23750.00,CE,NIFTY2681823750CE,470.00,470.00,404.75,432.55,432.70,515.95,23869.60,432.55,975,260,15,23576696.00,12,F1,65,,,,,
2026-07-23,2026-07-23,FO,NSE,IDO,45170,,NIFTY,,2026-08-18,2026-08-18,25500.00,CE,NIFTY2681825500CE,14.55,14.55,10.25,10.75,11.15,14.55,23869.60,10.75,52390,715,759,1258634227.50,423,F1,65,,,,,
2026-07-23,2026-07-23,FO,NSE,IDO,45196,,NIFTY,,2026-08-18,2026-08-18,25900.00,CE,NIFTY2681825900CE,5.70,6.35,5.65,5.70,5.70,60.60,23869.60,19.45,260,260,17,28626091.00,9,F1,65,,,,,
2026-07-23,2026-07-23,FO,NSE,IDO,61344,,NIFTY,,2026-08-25,2026-08-25,21850.00,CE,NIFTY26AUG21850CE,0.00,0.00,0.00,2494.10,0.00,2494.10,23869.60,2163.80,0,0,0,0.00,0,F1,65,,,,,
2026-07-23,2026-07-23,FO,NSE,IDO,61350,,NIFTY,,2026-08-25,2026-08-25,21950.00,CE,NIFTY26AUG21950CE,0.00,0.00,0.00,2408.05,0.00,2408.05,23869.60,2068.05,0,0,0,0.00,0,F1,65,,,,,
2026-07-23,2026-07-23,FO,NSE,IDO,61411,,NIFTY,,2026-08-25,2026-08-25,22750.00,CE,NIFTY26AUG22750CE,0.00,0.00,0.00,1554.40,1554.40,1554.40,23869.60,1341.45,1300,0,0,0.00,0,F1,65,,,,,
2026-07-23,2026-07-23,FO,NSE,IDO,61436,,NIFTY,,2026-08-25,2026-08-25,23100.00,CE,NIFTY26AUG23100CE,1045.70,1045.70,901.00,949.90,949.20,1069.00,23869.60,949.90,5590,2860,94,146930114.50,83,F1,65,,,,,
2026-07-23,2026-07-23,FO,NSE,IDO,61450,,NIFTY,,2026-08-25,2026-08-25,23250.00,CE,NIFTY26AUG23250CE,0.00,0.00,0.00,924.15,924.15,924.15,23869.60,947.55,910,0,0,0.00,0,F1,65,,,,,
2026-07-23,2026-07-23,FO,NSE,IDO,61459,,NIFTY,,2026-08-25,2026-08-25,23350.00,CE,NIFTY26AUG23350CE,818.35,818.35,723.85,751.70,751.20,841.90,23869.60,751.70,2535,845,23,36036006.50,20,F1,65,,,,,
2026-07-23,2026-07-23,FO,NSE,IDO,61501,,NIFTY,,2026-08-25,2026-08-25,23550.00,CE,NIFTY26AUG23550CE,656.00,676.05,584.00,603.80,606.80,692.00,23869.60,603.80,4160,1300,65,102090335.75,50,F1,65,,,,,
2026-07-23,2026-07-23,FO,NSE,IDO,61530,,NIFTY,,2026-08-25,2026-08-25,23700.00,CE,NIFTY26AUG23700CE,555.60,582.50,476.00,509.40,512.10,601.55,23869.60,509.40,54080,30745,2281,3589772247.75,1510,F1,65,,,,,
2026-07-23,2026-07-23,FO,NSE,IDO,61593,,NIFTY,,2026-08-25,2026-08-25,24000.00,CE,NIFTY26AUG24000CE,358.30,398.00,314.10,339.85,344.40,416.20,23869.60,339.85,6279520,3880110,118356,187423754521.25,87518,F1,65,,,,,
2026-07-23,2026-07-23,FO,NSE,IDO,61772,,NIFTY,,2026-08-25,2026-08-25,24550.00,CE,NIFTY26AUG24550CE,148.65,158.70,121.85,132.85,133.55,169.85,23869.60,132.85,39650,-8710,1214,1947887337.50,833,F1,65,,,,,
2026-07-23,2026-07-23,FO,NSE,IDO,61775,,NIFTY,,2026-08-25,2026-08-25,24600.00,CE,NIFTY26AUG24600CE,128.65,143.95,108.95,118.05,117.85,155.05,23869.60,118.05,480740,27430,10980,17644916617.25,6398,F1,65,,,,,
2026-07-23,2026-07-23,FO,NSE,IDO,61797,,NIFTY,,2026-08-25,2026-08-25,24750.00,CE,NIFTY26AUG24750CE,97.55,105.90,81.00,86.45,86.95,114.95,23869.60,86.45,70265,20020,2234,3607246080.75,1466,F1,65,,,,,
2026-07-23,2026-07-23,FO,NSE,IDO,61897,,NIFTY,,2026-08-25,2026-08-25,25000.00,CE,NIFTY26AUG25000CE,55.15,62.40,46.60,49.75,50.10,66.80,23869.60,49.75,3683550,91650,58644,95502139629.00,34187,F1,65,,,,,
2026-07-23,2026-07-23,FO,NSE,IDO,61994,,NIFTY,,2026-08-25,2026-08-25,25750.00,CE,NIFTY26AUG25750CE,0.00,0.00,0.00,315.30,0.00,315.30,23869.60,48.05,0,0,0,0.00,0,F1,65,,,,,
2026-07-23,2026-07-23,FO,NSE,IDO,46925,,NIFTY,,2026-09-01,2026-09-01,22500.00,CE,NIFTY2690122500CE,0.00,0.00,0.00,1895.10,0.00,1895.10,23869.60,1605.85,0,0,0,0.00,0,F1,65,,,,,
2026-07-23,2026-07-23,FO,NSE,IDO,46935,,NIFTY,,2026-09-01,2026-09-01,22750.00,CE,NIFTY2690122750CE,0.00,0.00,0.00,1672.80,0.00,1672.80,23869.60,1393.45,0,0,0,0.00,0,F1,65,,,,,
2026-07-23,2026-07-23,FO,NSE,IDO,46979,,NIFTY,,2026-09-01,2026-09-01,23850.00,CE,NIFTY2690123850CE,492.10,494.00,492.10,493.65,494.00,835.45,23869.60,493.65,325,325,5,7911676.50,2,F1,65,,,,,
2026-07-23,2026-07-23,FO,NSE,IDO,47007,,NIFTY,,2026-09-01,2026-09-01,24550.00,CE,NIFTY2690124550CE,0.00,0.00,0.00,464.50,0.00,464.50,23869.60,321.60,0,0,0,0.00,0,F1,65,,,,,
2026-07-23,2026-07-23,FO,NSE,IDO,47035,,NIFTY,,2026-09-01,2026-09-01,25250.00,CE,NIFTY2690125250CE,0.00,0.00,0.00,227.15,0.00,227.15,23869.60,142.45,0,0,0,0.00,0,F1,65,,,,,
2026-07-23,2026-07-23,FO,NSE,IDO,73875,,NIFTY,,2026-09-29,2026-09-29,22250.00,CE,NIFTY26SEP22250CE,0.00,0.00,0.00,2117.80,0.00,2117.80,23869.60,1998.35,0,0,0,0.00,0,F1,65,,,,,
2026-07-23,2026-07-23,FO,NSE,IDO,73881,,NIFTY,,2026-09-29,2026-09-29,22400.00,CE,NIFTY26SEP22400CE,1747.10,1747.10,1738.55,1741.40,1738.55,1996.35,23869.60,1741.40,195,195,3,4707573.00,3,F1,65,,,,,
2026-07-23,2026-07-23,FO,NSE,IDO,73921,,NIFTY,,2026-09-29,2026-09-29,23250.00,CE,NIFTY26SEP23250CE,0.00,0.00,0.00,1240.10,1240.10,1240.10,23869.60,1224.25,650,0,0,0.00,0,F1,65,,,,,
2026-07-23,2026-07-23,FO,NSE,IDO,73995,,NIFTY,,2026-09-29,2026-09-29,23550.00,CE,NIFTY26SEP23550CE,884.40,889.95,884.40,889.95,889.95,926.20,23869.60,1029.35,780,0,2,3176832.75,2,F1,65,,,,,
2026-07-23,2026-07-23,FO,NSE,IDO,74045,,NIFTY,,2026-09-29,2026-09-29,23800.00,CE,NIFTY26SEP23800CE,730.00,746.00,655.00,681.80,688.00,771.75,23869.60,681.80,13975,5525,249,396254693.25,197,F1,65,,,,,
2026-07-23,2026-07-23,FO,NSE,IDO,74368,,NIFTY,,2026-09-29,2026-09-29,25100.00,CE,NIFTY26SEP25100CE,162.15,170.55,141.45,146.95,147.50,180.10,23869.60,146.95,33605,9945,780,1280373350.75,508,F1,65,,,,,
2026-07-23,2026-07-23,FO,NSE,IDO,74463,,NIFTY,,2026-09-29,2026-09-29,26150.00,CE,NIFTY26SEP26150CE,0.00,0.00,0.00,215.05,0.00,215.05,23869.60,127.40,0,0,0,0.00,0,F1,65,,,,,
2026-07-23,2026-07-23,FO,NSE,IDO,58636,,NIFTY,,2026-12-29,2026-12-29,16000.00,CE,NIFTY26DEC16000CE,0.00,0.00,0.00,6200.00,6200.00,6200.00,23869.60,8323.80,50,0,0,0.00,0,F1,65,,,,,
2026-07-23,2026-07-23,FO,NSE,IDO,55326,,NIFTY,,2026-12-29,2026-12-29,22500.00,CE,NIFTY26DEC22500CE,2233.00,2233.00,2130.00,2160.00,2160.00,2264.50,23869.60,2318.35,15925,130,10,16025600.50,10,F1,65,,,,,
2026-07-23,2026-07-23,FO,NSE,IDO,55376,,NIFTY,,2027-06-29,2027-06-29,25500.00,CE,NIFTY27JUN25500CE,0.00,0.00,0.00,3312.45,0.00,3312.45,23869.60,1499.60,0,0,0,0.00,0,F1,65,,,,,
2026-07-23,2026-07-23,FO,NSE,IDO,47194,,NIFTY,,2027-12-28,2027-12-28,33000.00,CE,NIFTY27DEC33000CE,0.00,0.00,0.00,150.00,150.00,150.00,23869.60,343.20,2795,0,0,0.00,0,F1,65,,,,,
2026-07-23,2026-07-23,FO,NSE,IDO,55470,,NIFTY,,2028-06-27,2028-06-27,19500.00,CE,NIFTY28JUN19500CE,0.00,0.00,0.00,9209.10,0.00,9209.10,23869.60,6876.45,0,0,0,0.00,0,F1,65,,,,,
2026-07-23,2026-07-23,FO,NSE,IDO,89612,,NIFTY,,2029-06-26,2029-06-26,18000.00,CE,NIFTY29JUN18000CE,0.00,0.00,0.00,11678.65,0.00,11678.65,23869.60,9148.70,0,0,0,0.00,0,F1,65,,,,,
2026-07-23,2026-07-23,FO,NSE,IDO,89624,,NIFTY,,2029-06-26,2029-06-26,21000.00,CE,NIFTY29JUN21000CE,0.00,0.00,0.00,9799.75,0.00,9799.75,23869.60,6952.75,0,0,0,0.00,0,F1,65,,,,,
2026-07-23,2026-07-23,FO,NSE,IDO,55598,,NIFTY,,2029-12-24,2029-12-24,16500.00,CE,NIFTY29DEC16500CE,0.00,0.00,0.00,12984.85,0.00,12984.85,23869.60,10770.95,0,0,0,0.00,0,F1,65,,,,,
2026-07-23,2026-07-23,FO,NSE,IDO,55606,,NIFTY,,2029-12-24,2029-12-24,28500.00,CE,NIFTY29DEC28500CE,0.00,0.00,0.00,4802.10,0.00,4802.10,23869.60,3490.20,0,0,0,0.00,0,F1,65,,,,,
2026-07-23,2026-07-23,FO,NSE,IDO,60892,,NIFTY,,2030-06-25,2030-06-25,18000.00,CE,NIFTY30JUN18000CE,0.00,0.00,0.00,12423.90,0.00,12423.90,23869.60,10116.30,0,0,0,0.00,0,F1,65,,,,,
2026-07-23,2026-07-23,FO,NSE,IDO,55650,,NIFTY,,2030-06-25,2030-06-25,31500.00,CE,NIFTY30JUN31500CE,0.00,0.00,0.00,3984.80,0.00,3984.80,23869.60,2978.70,0,0,0,0.00,0,F1,65,,,,,
2026-07-23,2026-07-23,FO,NSE,IDO,55696,,NIFTY,,2030-12-31,2030-12-31,16500.00,CE,NIFTY30DEC16500CE,0.00,0.00,0.00,13763.55,0.00,13763.55,23869.60,11641.65,0,0,0,0.00,0,F1,65,,,,,
2026-07-23,2026-07-23,FO,NSE,IDO,55760,,NIFTY,,2030-12-31,2030-12-31,28500.00,CE,NIFTY30DEC28500CE,0.00,0.00,0.00,5968.30,0.00,5968.30,23869.60,4655.55,0,0,0,0.00,0,F1,65,,,,,
2026-07-23,2026-07-23,FO,NSE,IDO,74661,,NIFTY,,2031-06-24,2031-06-24,31500.00,CE,NIFTY31JUN31500CE,0.00,0.00,0.00,3928.35,0.00,3928.35,23869.60,4040.65,0,0,0,0.00,0,F1,65,,,,,
2026-07-23,2026-07-23,FO,NSE,IDO,63866,,NIFTY,,2026-07-28,2026-07-28,22250.00,PE,NIFTY26JUL22250PE,2.20,2.35,1.35,1.55,1.45,1.80,23869.60,1.55,113100,-32890,14804,21412071294.25,4541,F1,65,,,,,
2026-07-23,2026-07-23,FO,NSE,IDO,63876,,NIFTY,,2026-07-28,2026-07-28,22500.00,PE,NIFTY26JUL22500PE,2.95,3.50,1.70,1.90,1.85,2.50,23869.60,1.90,5619705,1494350,275180,402490813803.00,42902,F1,65,,,,,
2026-07-23,2026-07-23,FO,NSE,IDO,63914,,NIFTY,,2026-07-28,2026-07-28,23450.00,PE,NIFTY26JUL23450PE,26.10,31.05,12.00,19.05,17.80,19.90,23869.60,19.05,1337570,-501215,377432,575797569438.00,141434,F1,65,,,,,
2026-07-23,2026-07-23,FO,NSE,IDO,63936,,NIFTY,,2026-07-28,2026-07-28,23900.00,PE,NIFTY26JUL23900PE,156.60,189.65,89.20,139.50,135.45,116.70,23869.60,139.50,6463340,2509390,2609877,4076895042207.00,1470222,F1,65,,,,,
2026-07-23,2026-07-23,FO,NSE,IDO,63944,,NIFTY,,2026-07-28,2026-07-28,24100.00,PE,NIFTY26JUL24100PE,260.30,335.75,188.00,271.15,263.10,218.15,23869.60,271.15,3257735,-2028715,422787,668985531964.75,281605,F1,65,,,,,
2026-07-23,2026-07-23,FO,NSE,IDO,63992,,NIFTY,,2026-07-28,2026-07-28,25250.00,PE,NIFTY26JUL25250PE,1376.10,1376.10,1375.60,1375.60,1375.60,1277.45,23869.60,1359.75,1170,130,2,3461360.50,2,F1,65,,,,,
2026-07-23,2026-07-23,FO,NSE,IDO,63999,,NIFTY,,2026-07-28,2026-07-28,25400.00,PE,NIFTY26JUL25400PE,1432.60,1572.40,1432.60,1542.95,1542.00,1432.60,23869.60,1542.95,14300,-2405,40,69976864.75,27,F1,65,,,,,
2026-07-23,2026-07-23,FO,NSE,IDO,64044,,NIFTY,,2026-07-28,2026-07-28,26250.00,PE,NIFTY26JUL26250PE,0.00,0.00,0.00,1770.65,1770.65,1770.65,23869.60,2358.55,65,0,0,0.00,0,F1,65,,,,,
2026-07-23,2026-07-23,FO,NSE,IDO,65420,,NIFTY,,2026-08-04,2026-08-04,22250.00,PE,NIFTY2680422250PE,4.75,6.20,3.10,5.00,4.75,5.45,23869.60,5.00,38610,27365,801,1158718405.00,390,F1,65,,,,,
2026-07-23,2026-07-23,FO,NSE,IDO,65439,,NIFTY,,2026-08-04,2026-08-04,22600.00,PE,NIFTY2680422600PE,8.35,10.95,6.60,8.30,8.20,8.10,23869.60,8.30,196885,68120,6491,9538748709.75,3601,F1,65,,,,,
2026-07-23,2026-07-23,FO,NSE,IDO,65456,,NIFTY,,2026-08-04,2026-08-04,23000.00,PE,NIFTY2680423000PE,22.85,27.70,14.20,21.05,20.80,19.00,23869.60,21.05,1084980,354250,41223,61684129104.00,24041,F1,65,,,,,
2026-07-23,2026-07-23,FO,NSE,IDO,66057,,NIFTY,,2026-08-04,2026-08-04,26000.00,PE,NIFTY2680426000PE,2103.75,2150.40,1981.00,2150.40,2150.40,1948.00,23869.60,2150.40,9620,9165,142,259431510.00,142,F1,65,,,,,
2026-07-23,2026-07-23,FO,NSE,IDO,66059,,NIFTY,,2026-08-04,2026-08-04,26050.00,PE,NIFTY2680426050PE,0.00,0.00,0.00,2092.95,0.00,2092.95,23869.60,2129.00,0,0,0,0.00,0,F1,65,,,,,
2026-07-23,2026-07-23,FO,NSE,IDO,66063,,NIFTY,,2026-08-04,2026-08-04,26150.00,PE,NIFTY2680426150PE,0.00,0.00,0.00,2185.20,0.00,2185.20,23869.60,2228.60,0,0,0,0.00,0,F1,65,,,,,
2026-07-23,2026-07-23,FO,NSE,IDO,40940,,NIFTY,,2026-08-11,2026-08-11,22750.00,PE,NIFTY2681122750PE,23.00,29.80,19.65,25.65,25.15,22.80,23869.60,25.65,4810,1820,89,131756121.25,53,F1,65,,,,,
2026-07-23,2026-07-23,FO,NSE,IDO,40948,,NIFTY,,2026-08-11,2026-08-11,22950.00,PE,NIFTY2681122950PE,38.20,45.65,28.35,40.90,39.05,34.25,23869.60,40.90,7215,2015,84,125501538.50,63,F1,65,,,,,
2026-07-23,2026-07-23,FO,NSE,IDO,41014,,NIFTY,,2026-08-11,2026-08-11,24550.00,PE,NIFTY2681124550PE,0.00,0.00,0.00,638.45,638.45,638.45,23869.60,748.10,1430,0,0,0.00,0,F1,65,,,,,
2026-07-23,2026-07-23,FO,NSE,IDO,41016,,NIFTY,,2026-08-11,2026-08-11,24600.00,PE,NIFTY2681124600PE,666.25,805.00,649.60,791.50,791.50,650.00,23869.60,784.95,2990,-130,11,18134545.00,11,F1,65,,,,,
2026-07-23,2026-07-23,FO,NSE,IDO,41064,,NIFTY,,2026-08-11,2026-08-11,25650.00,PE,NIFTY2681125650PE,1740.30,1740.30,1740.30,1740.30,1740.30,1248.25,23869.60,1713.25,65,65,1,1780369.50,1,F1,65,,,,,
2026-07-23,2026-07-23,FO,NSE,IDO,65946,,NIFTY,,2026-08-04,2026-08-04,25550.00,PE,NIFTY2680425550PE,0.00,0.00,0.00,1538.40,1538.40,1538.40,23869.60,1633.50,195,0,0,0.00,0,F1,65,,,,,
2026-07-23,2026-07-23,FO,NSE,IDO,41072,,NIFTY,,2026-08-11,2026-08-11,25800.00,PE,NIFTY2681125800PE,0.00,0.00,0.00,1371.00,0.00,1371.00,23869.60,1858.35,0,0,0,0.00,0,F1,65,,,,,
2026-07-23,2026-07-23,FO,NSE,IDO,45000,,NIFTY,,2026-08-18,2026-08-18,22250.00,PE,NIFTY2681822250PE,17.20,21.65,15.50,20.45,20.45,29.25,23869.60,20.45,1820,1820,40,57896910.50,17,F1,65,,,,,
2026-07-23,2026-07-23,FO,NSE,IDO,45022,,NIFTY,,2026-08-18,2026-08-18,22650.00,PE,NIFTY2681822650PE,34.10,40.35,29.05,40.00,40.00,32.45,23869.60,51.40,2080,455,33,48654277.75,21,F1,65,,,,,
2026-07-23,2026-07-23,FO,NSE,IDO,45050,,NIFTY,,2026-08-18,2026-08-18,23200.00,PE,NIFTY2681823200PE,84.00,116.75,74.45,101.15,97.50,83.55,23869.60,101.15,12870,1820,92,139299277.00,84,F1,65,,,,,
2026-07-23,2026-07-23,FO,NSE,IDO,45057,,NIFTY,,2026-08-18,2026-08-18,23350.00,PE,NIFTY2681823350PE,109.50,141.70,109.50,140.00,140.00,114.15,23869.60,182.45,1430,-325,19,29009812.00,9,F1,65,,,,,
2026-07-23,2026-07-23,FO,NSE,IDO,45070,,NIFTY,,2026-08-18,2026-08-18,23600.00,PE,NIFTY2681823600PE,187.60,223.20,155.10,199.65,194.90,161.60,23869.60,199.65,6175,-4550,147,227374065.75,125,F1,65,,,,,
2026-07-23,2026-07-23,FO,NSE,IDO,45091,,NIFTY,,2026-08-18,2026-08-18,24000.00,PE,NIFTY2681824000PE,306.90,405.80,299.85,366.65,358.65,306.90,23869.60,366.65,28535,-4420,950,1503743995.00,652,F1,65,,,,,
2026-07-23,2026-07-23,FO,NSE,IDO,45117,,NIFTY,,2026-08-18,2026-08-18,24600.00,PE,NIFTY2681824600PE,0.00,0.00,0.00,738.50,0.00,738.50,23869.60,814.90,0,0,0,0.00,0,F1,65,,,,,
2026-07-23,2026-07-23,FO,NSE,IDO,45181,,NIFTY,,2026-08-18,2026-08-18,25600.00,PE,NIFTY2681825600PE,0.00,0.00,0.00,1494.85,0.00,1494.85,23869.60,1655.30,0,0,0,0.00,0,F1,65,,,,,
2026-07-23,2026-07-23,FO,NSE,IDO,61208,,NIFTY,,2026-08-25,2026-08-25,21450.00,PE,NIFTY26AUG21450PE,13.85,14.85,12.50,13.25,13.25,13.85,23869.60,5.15,2145,260,17,23717245.50,11,F1,65,,,,,
2026-07-23,2026-07-23,FO,NSE,IDO,61343,,NIFTY,,2026-08-25,2026-08-25,21800.00,PE,NIFTY26AUG21800PE,18.30,20.10,14.95,17.80,17.50,17.25,23869.60,17.80,37440,1885,272,385741258.50,153,F1,65,,,,,
2026-07-23,2026-07-23,FO,NSE,IDO,61365,,NIFTY,,2026-08-25,2026-08-25,22150.00,PE,NIFTY26AUG22150PE,24.15,30.00,20.65,25.55,26.00,23.60,23869.60,25.55,14885,3445,245,353121336.75,176,F1,65,,,,,
2026-07-23,2026-07-23,FO,NSE,IDO,61446,,NIFTY,,2026-08-25,2026-08-25,23200.00,PE,NIFTY26AUG23200PE,116.70,148.65,96.85,129.60,130.00,105.50,23869.60,129.60,616135,89895,7539,11428100677.50,5208,F1,65,,,,,
2026-07-23,2026-07-23,FO,NSE,IDO,61492,,NIFTY,,2026-08-25,2026-08-25,23400.00,PE,NIFTY26AUG23400PE,158.10,198.70,133.70,175.30,173.85,142.25,23869.60,175.30,349440,22685,4232,6482439824.25,3197,F1,65,,,,,
2026-07-23,2026-07-23,FO,NSE,IDO,61514,,NIFTY,,2026-08-25,2026-08-25,23550.00,PE,NIFTY26AUG23550PE,198.55,243.30,170.00,218.70,215.00,179.70,23869.60,218.70,26520,-5525,366,565145181.25,304,F1,65,,,,,
2026-07-23,2026-07-23,FO,NSE,IDO,61733,,NIFTY,,2026-08-25,2026-08-25,24450.00,PE,NIFTY26AUG24450PE,605.10,692.30,571.85,660.00,660.00,571.85,23869.60,660.00,10595,-910,78,127197460.00,56,F1,65,,,,,
2026-07-23,2026-07-23,FO,NSE,IDO,61914,,NIFTY,,2026-08-25,2026-08-25,25100.00,PE,NIFTY26AUG25100PE,1090.00,1230.00,1072.00,1179.00,1179.00,1058.10,23869.60,1179.00,15600,3250,130,221643779.50,75,F1,65,,,,,
2026-07-23,2026-07-23,FO,NSE,IDO,62056,,NIFTY,,2026-08-25,2026-08-25,26200.00,PE,NIFTY26AUG26200PE,2100.00,2290.00,2100.00,2236.95,2220.75,2090.00,23869.60,2236.95,3770,3185,60,110906357.25,57,F1,65,,,,,
2026-07-23,2026-07-23,FO,NSE,IDO,46956,,NIFTY,,2026-09-01,2026-09-01,23250.00,PE,NIFTY2690123250PE,0.00,0.00,0.00,159.65,0.00,159.65,23869.60,219.85,0,0,0,0.00,0,F1,65,,,,,
2026-07-23,2026-07-23,FO,NSE,IDO,46958,,NIFTY,,2026-09-01,2026-09-01,23300.00,PE,NIFTY2690123300PE,0.00,0.00,0.00,170.65,0.00,170.65,23869.60,234.25,0,0,0,0.00,0,F1,65,,,,,
2026-07-23,2026-07-23,FO,NSE,IDO,46960,,NIFTY,,2026-09-01,2026-09-01,23350.00,PE,NIFTY2690123350PE,0.00,0.00,0.00,182.25,0.00,182.25,23869.60,249.25,0,0,0,0.00,0,F1,65,,,,,
2026-07-23,2026-07-23,FO,NSE,IDO,46986,,NIFTY,,2026-09-01,2026-09-01,24000.00,PE,NIFTY2690124000PE,352.90,449.65,346.00,414.50,414.50,352.90,23869.60,414.50,1885,1365,39,61914615.75,25,F1,65,,,,,
2026-07-23,2026-07-23,FO,NSE,IDO,47004,,NIFTY,,2026-09-01,2026-09-01,24450.00,PE,NIFTY2690124450PE,0.00,0.00,0.00,601.10,0.00,601.10,23869.60,761.00,0,0,0,0.00,0,F1,65,,,,,
2026-07-23,2026-07-23,FO,NSE,IDO,47028,,NIFTY,,2026-09-01,2026-09-01,25050.00,PE,NIFTY2690125050PE,0.00,0.00,0.00,970.45,0.00,970.45,23869.60,1182.10,0,0,0,0.00,0,F1,65,,,,,
2026-07-23,2026-07-23,FO,NSE,IDO,65888,,NIFTY,,2026-09-29,2026-09-29,18000.00,PE,NIFTY26SEP18000PE,9.95,10.50,9.55,9.85,9.55,9.85,23869.60,9.85,983710,2990,886,1037193043.25,280,F1,65,,,,,
2026-07-23,2026-07-23,FO,NSE,IDO,73924,,NIFTY,,2026-09-29,2026-09-29,23300.00,PE,NIFTY26SEP23300PE,225.00,261.80,200.00,241.20,240.15,206.25,23869.60,241.20,94705,3965,269,411410941.50,200,F1,65,,,,,
2026-07-23,2026-07-23,FO,NSE,IDO,74055,,NIFTY,,2026-09-29,2026-09-29,23850.00,PE,NIFTY26SEP23850PE,390.05,450.05,371.15,421.00,418.95,368.05,23869.60,421.00,5460,1495,111,174971004.00,85,F1,65,,,,,
2026-07-23,2026-07-23,FO,NSE,IDO,74113,,NIFTY,,2026-09-29,2026-09-29,24350.00,PE,NIFTY26SEP24350PE,0.00,0.00,0.00,570.45,570.45,570.45,23869.60,789.25,10010,0,0,0.00,0,F1,65,,,,,
2026-07-23,2026-07-23,FO,NSE,IDO,63817,,NIFTY,,2026-07-28,2026-07-28,21250.00,CE,NIFTY26JUL21250CE,0.00,0.00,0.00,2872.95,2872.95,2872.95,23869.60,2637.30,65,0,0,0.00,0,F1,65,,,,,
2026-07-23,2026-07-23,FO,NSE,IDO,74642,,NIFTY,,2031-06-24,2031-06-24,18000.00,PE,NIFTY31JUN18000PE,0.00,0.00,0.00,173.45,0.00,173.45,23869.60,142.15,0,0,0,0.00,0,F1,65,,,,,
2026-07-23,2026-07-23,FO,NSE,IDO,61773,,NIFTY,,2029-12-24,2029-12-24,25000.00,PE,NIFTY29DEC25000PE,0.00,0.00,0.00,1101.00,1101.00,1101.00,23869.60,1180.70,420,0,0,0.00,0,F1,65,,,,,
2026-07-23,2026-07-23,FO,NSE,IDO,55559,,NIFTY,,2029-06-26,2029-06-26,19500.00,PE,NIFTY29JUN19500PE,0.00,0.00,0.00,56.00,0.00,56.00,23869.60,218.20,0,0,0,0.00,0,F1,65,,,,,
2026-07-23,2026-07-23,FO,NSE,IDO,89613,,NIFTY,,2029-06-26,2029-06-26,18000.00,PE,NIFTY29JUN18000PE,0.00,0.00,0.00,118.45,0.00,118.45,23869.60,111.00,0,0,0,0.00,0,F1,65,,,,,
2026-07-23,2026-07-23,FO,NSE,IDO,55557,,NIFTY,,2029-06-26,2029-06-26,16500.00,PE,NIFTY29JUN16500PE,0.00,0.00,0.00,8.10,0.00,8.10,23869.60,49.65,0,0,0,0.00,0,F1,65,,,,,
2026-07-23,2026-07-23,FO,NSE,IDO,55527,,NIFTY,,2028-12-26,2028-12-26,31500.00,PE,NIFTY28DEC31500PE,0.00,0.00,0.00,2673.40,0.00,2673.40,23869.60,4379.30,0,0,0,0.00,0,F1,65,,,,,
2026-07-23,2026-07-23,FO,NSE,IDO,67783,,NIFTY,,2028-12-26,2028-12-26,24000.00,PE,NIFTY28DEC24000PE,1019.95,1020.00,1019.95,1020.00,1020.00,999.00,23869.60,987.75,3380,0,2,3252596.75,2,F1,65,,,,,
2026-07-23,2026-07-23,FO,NSE,IDO,86164,,NIFTY,,2028-06-27,2028-06-27,27000.00,PE,NIFTY28JUN27000PE,0.00,0.00,0.00,2752.35,0.00,2752.35,23869.60,2164.85,0,0,0,0.00,0,F1,65,,,,,
2026-07-23,2026-07-23,FO,NSE,IDO,50984,,NIFTY,,2027-06-29,2027-06-29,27000.00,PE,NIFTY27JUN27000PE,0.00,0.00,0.00,6273.45,0.00,6273.45,23869.60,2465.55,0,0,0,0.00,0,F1,65,,,,,
2026-07-23,2026-07-23,FO,NSE,IDO,71548,,NIFTY,,2027-06-29,2027-06-29,18000.00,PE,NIFTY27JUN18000PE,0.00,0.00,0.00,220.00,220.00,220.00,23869.60,20.40,230,0,0,0.00,0,F1,65,,,,,
2026-07-23,2026-07-23,FO,NSE,IDO,80248,,NIFTY,,2027-03-30,2027-03-30,18000.00,PE,NIFTY27MAR18000PE,0.00,0.00,0.00,37.30,37.30,37.30,23869.60,8.95,65,0,0,0.00,0,F1,65,,,,,
2026-07-23,2026-07-23,FO,NSE,IDO,58649,,NIFTY,,2026-12-29,2026-12-29,22000.00,PE,NIFTY26DEC22000PE,155.05,169.50,144.65,160.65,158.65,147.25,23869.60,160.65,1525140,13815,4572,6585109310.00,2292,F1,65,,,,,
2026-07-23,2026-07-23,FO,NSE,IDO,58643,,NIFTY,,2026-12-29,2026-12-29,19000.00,PE,NIFTY26DEC19000PE,41.55,44.05,40.05,42.40,43.15,41.35,23869.60,42.40,566740,-845,425,526037508.75,271,F1,65,,,,,
2026-07-23,2026-07-23,FO,NSE,IDO,74464,,NIFTY,,2026-09-29,2026-09-29,26150.00,PE,NIFTY26SEP26150PE,0.00,0.00,0.00,2098.20,0.00,2098.20,23869.60,2087.75,0,0,0,0.00,0,F1,65,,,,,
2026-07-23,2026-07-23,FO,NSE,IDO,74288,,NIFTY,,2026-09-29,2026-09-29,24550.00,PE,NIFTY26SEP24550PE,770.00,770.00,770.00,770.00,770.00,696.75,23869.60,770.00,11830,-65,1,1645800.00,1,F1,65,,,,,
2026-07-23,2026-07-23,FO,NSE,IDO,65901,,NIFTY,,2026-09-29,2026-09-29,24000.00,PE,NIFTY26SEP24000PE,459.95,515.00,415.00,480.50,478.55,417.80,23869.60,480.50,1669510,121885,9338,14845045133.75,6403,F1,65,,,,,
2026-07-23,2026-07-23,FO,NSE,IDO,74002,,NIFTY,,2026-09-29,2026-09-29,23550.00,PE,NIFTY26SEP23550PE,297.15,334.50,297.15,313.00,309.00,270.50,23869.60,313.00,13910,-325,30,46541885.00,25,F1,65,,,,,
2026-07-23,2026-07-23,FO,NSE,IDO,73994,,NIFTY,,2026-09-29,2026-09-29,23500.00,PE,NIFTY26SEP23500PE,284.80,322.85,250.60,298.20,295.00,255.05,23869.60,298.20,650260,24765,4122,6373517393.75,2845,F1,65,,,,,
2026-07-23,2026-07-23,FO,NSE,IDO,47064,,NIFTY,,2026-09-01,2026-09-01,25950.00,PE,NIFTY2690125950PE,0.00,0.00,0.00,1679.00,0.00,1679.00,23869.60,1947.40,0,0,0,0.00,0,F1,65,,,,,
2026-07-23,2026-07-23,FO,NSE,IDO,47016,,NIFTY,,2026-09-01,2026-09-01,24750.00,PE,NIFTY2690124750PE,0.00,0.00,0.00,773.80,0.00,773.80,23869.60,960.30,0,0,0,0.00,0,F1,65,,,,,
2026-07-23,2026-07-23,FO,NSE,IDO,46978,,NIFTY,,2026-09-01,2026-09-01,23800.00,PE,NIFTY2690123800PE,309.00,348.00,309.00,328.00,328.00,313.85,23869.60,328.00,65,65,11,17251754.00,8,F1,65,,,,,
2026-07-23,2026-07-23,FO,NSE,IDO,46962,,NIFTY,,2026-09-01,2026-09-01,23400.00,PE,NIFTY2690123400PE,0.00,0.00,0.00,194.40,0.00,194.40,23869.60,264.95,0,0,0,0.00,0,F1,65,,,,,
2026-07-23,2026-07-23,FO,NSE,IDO,46950,,NIFTY,,2026-09-01,2026-09-01,23100.00,PE,NIFTY2690123100PE,0.00,0.00,0.00,129.75,0.00,129.75,23869.60,180.85,0,0,0,0.00,0,F1,65,,,,,
2026-07-23,2026-07-23,FO,NSE,IDO,46936,,NIFTY,,2026-09-01,2026-09-01,22750.00,PE,NIFTY2690122750PE,0.00,0.00,0.00,76.75,0.00,76.75,23869.60,109.65,0,0,0,0.00,0,F1,65,,,,,
2026-07-23,2026-07-23,FO,NSE,IDO,46916,,NIFTY,,2026-09-01,2026-09-01,22250.00,PE,NIFTY2690122250PE,0.00,0.00,0.00,32.50,0.00,32.50,23869.60,48.05,0,0,0,0.00,0,F1,65,,,,,
2026-07-23,2026-07-23,FO,NSE,IDO,62059,,NIFTY,,2026-08-25,2026-08-25,26250.00,PE,NIFTY26AUG26250PE,0.00,0.00,0.00,1985.00,1985.00,1985.00,23869.60,2244.00,130,0,0,0.00,0,F1,65,,,,,
2026-07-23,2026-07-23,FO,NSE,IDO,61978,,NIFTY,,2026-08-25,2026-08-25,25550.00,PE,NIFTY26AUG25550PE,0.00,0.00,0.00,1249.75,1249.75,1249.75,23869.60,1594.60,65,0,0,0.00,0,F1,65,,,,,
2026-07-23,2026-07-23,FO,NSE,IDO,61944,,NIFTY,,2026-08-25,2026-08-25,25300.00,PE,NIFTY26AUG25300PE,1305.00,1305.00,1255.00,1296.55,1296.55,1239.85,23869.60,1377.05,5590,195,3,5184175.75,3,F1,65,,,,,
2026-07-23,2026-07-23,FO,NSE,IDO,61798,,NIFTY,,2026-08-25,2026-08-25,24750.00,PE,NIFTY26AUG24750PE,820.00,910.45,820.00,910.45,910.45,796.50,23869.60,940.50,1950,-65,5,8324007.25,5,F1,65,,,,,
2026-07-23,2026-07-23,FO,NSE,IDO,61417,,NIFTY,,2026-08-25,2026-08-25,22800.00,PE,NIFTY26AUG22800PE,64.40,80.75,50.80,69.15,70.00,57.75,23869.60,69.15,327015,43030,5742,8534303765.00,3539,F1,65,,,,,
2026-07-23,2026-07-23,FO,NSE,IDO,61398,,NIFTY,,2026-08-25,2026-08-25,22500.00,PE,NIFTY26AUG22500PE,38.95,50.00,31.10,42.70,41.85,36.65,23869.60,42.70,1533740,346060,20296,29736404899.50,13686,F1,65,,,,,
2026-07-23,2026-07-23,FO,NSE,IDO,61379,,NIFTY,,2026-08-25,2026-08-25,22350.00,PE,NIFTY26AUG22350PE,29.00,38.40,27.40,36.00,35.70,30.10,23869.60,36.00,9555,2145,73,106211020.50,45,F1,65,,,,,
2026-07-23,2026-07-23,FO,NSE,IDO,61355,,NIFTY,,2026-08-25,2026-08-25,22050.00,PE,NIFTY26AUG22050PE,21.00,26.05,18.40,23.60,23.25,20.80,23869.60,23.60,3965,1560,78,111906444.00,62,F1,65,,,,,
2026-07-23,2026-07-23,FO,NSE,IDO,61176,,NIFTY,,2026-08-25,2026-08-25,21400.00,PE,NIFTY26AUG21400PE,13.05,14.90,12.15,14.10,14.15,14.90,23869.60,14.10,42510,975,39,54282081.75,31,F1,65,,,,,
2026-07-23,2026-07-23,FO,NSE,IDO,61172,,NIFTY,,2026-08-25,2026-08-25,21300.00,PE,NIFTY26AUG21300PE,11.60,14.20,11.30,12.35,12.20,12.85,23869.60,12.35,47645,7865,270,374030348.25,188,F1,65,,,,,
2026-07-23,2026-07-23,FO,NSE,IDO,45205,,NIFTY,,2026-08-18,2026-08-18,26050.00,PE,NIFTY2681826050PE,0.00,0.00,0.00,1895.70,0.00,1895.70,23869.60,2081.95,0,0,0,0.00,0,F1,65,,,,,
2026-07-23,2026-07-23,FO,NSE,IDO,45147,,NIFTY,,2026-08-18,2026-08-18,24950.00,PE,NIFTY2681824950PE,0.00,0.00,0.00,976.25,0.00,976.25,23869.60,1084.80,0,0,0,0.00,0,F1,65,,,,,
2026-07-23,2026-07-23,FO,NSE,IDO,45075,,NIFTY,,2026-08-18,2026-08-18,23700.00,PE,NIFTY2681823700PE,223.95,261.05,191.00,234.80,226.65,195.15,23869.60,234.80,6760,-195,170,264425902.00,125,F1,65,,,,,
2026-07-23,2026-07-23,FO,NSE,IDO,45067,,NIFTY,,2026-08-18,2026-08-18,23550.00,CE,NIFTY2681823550CE,0.00,0.00,0.00,655.25,655.25,655.25,23869.60,667.55,455,0,0,0.00,0,F1,65,,,,,
2026-07-23,2026-07-23,FO,NSE,IDO,45120,,NIFTY,,2026-08-18,2026-08-18,24650.00,CE,NIFTY2681824650CE,92.45,97.90,72.05,77.30,79.70,106.60,23869.60,77.30,5395,585,100,160769131.25,70,F1,65,,,,,
2026-07-23,2026-07-23,FO,NSE,IDO,45186,,NIFTY,,2026-08-18,2026-08-18,25700.00,CE,NIFTY2681825700CE,0.00,0.00,0.00,81.75,0.00,81.75,23869.60,29.20,0,0,0,0.00,0,F1,65,,,,,
2026-07-23,2026-07-23,FO,NSE,IDO,61557,,NIFTY,,2026-08-25,2026-08-25,23900.00,CE,NIFTY26AUG23900CE,415.00,455.00,363.85,392.10,394.80,475.05,23869.60,392.10,391950,298610,14315,22611896030.75,9739,F1,65,,,,,
2026-07-23,2026-07-23,FO,NSE,IDO,61955,,NIFTY,,2026-08-25,2026-08-25,25400.00,CE,NIFTY26AUG25400CE,24.00,25.70,18.70,19.90,20.15,27.20,23869.60,19.90,225095,-33800,5323,8795718922.25,3591,F1,65,,,,,
2026-07-23,2026-07-23,FO,NSE,IDO,61975,,NIFTY,,2026-08-25,2026-08-25,25500.00,CE,NIFTY26AUG25500CE,18.80,21.20,15.20,15.85,15.55,21.75,23869.60,15.85,1837940,239980,23051,38233573920.75,14562,F1,65,,,,,
2026-07-23,2026-07-23,FO,NSE,IDO,61997,,NIFTY,,2026-08-25,2026-08-25,25800.00,CE,NIFTY26AUG25800CE,0.00,0.00,0.00,304.05,0.00,304.05,23869.60,44.25,0,0,0,0.00,0,F1,65,,,,,
2026-07-23,2026-07-23,FO,NSE,IDO,46917,,NIFTY,,2026-09-01,2026-09-01,22300.00,CE,NIFTY2690122300CE,0.00,0.00,0.00,2078.55,0.00,2078.55,23869.60,1783.05,0,0,0,0.00,0,F1,65,,,,,
2026-07-23,2026-07-23,FO,NSE,IDO,46937,,NIFTY,,2026-09-01,2026-09-01,22800.00,CE,NIFTY2690122800CE,0.00,0.00,0.00,1629.40,0.00,1629.40,23869.60,1352.40,0,0,0,0.00,0,F1,65,,,,,
2026-07-23,2026-07-23,FO,NSE,IDO,46943,,NIFTY,,2026-09-01,2026-09-01,22950.00,CE,NIFTY2690122950CE,0.00,0.00,0.00,1501.80,0.00,1501.80,23869.60,1232.25,0,0,0,0.00,0,F1,65,,,,,
2026-07-23,2026-07-23,FO,NSE,IDO,47011,,NIFTY,,2026-09-01,2026-09-01,24650.00,CE,NIFTY2690124650CE,0.00,0.00,0.00,422.75,0.00,422.75,23869.60,288.80,0,0,0,0.00,0,F1,65,,,,,
2026-07-23,2026-07-23,FO,NSE,IDO,46920,,NIFTY,,2026-09-01,2026-09-01,22350.00,PE,NIFTY2690122350PE,0.00,0.00,0.00,39.00,0.00,39.00,23869.60,57.30,0,0,0,0.00,0,F1,65,,,,,
2026-07-23,2026-07-23,FO,NSE,IDO,47029,,NIFTY,,2026-09-01,2026-09-01,25100.00,CE,NIFTY2690125100CE,0.00,0.00,0.00,267.80,0.00,267.80,23869.60,171.75,0,0,0,0.00,0,F1,65,,,,,
2026-07-23,2026-07-23,FO,NSE,IDO,47037,,NIFTY,,2026-09-01,2026-09-01,25300.00,CE,NIFTY2690125300CE,0.00,0.00,0.00,215.90,0.00,215.90,23869.60,133.65,0,0,0,0.00,0,F1,65,,,,,
2026-07-23,2026-07-23,FO,NSE,IDO,47049,,NIFTY,,2026-09-01,2026-09-01,25600.00,CE,NIFTY2690125600CE,0.00,0.00,0.00,151.35,0.00,151.35,23869.60,89.65,0,0,0,0.00,0,F1,65,,,,,
2026-07-23,2026-07-23,FO,NSE,IDO,65881,,NIFTY,,2026-09-29,2026-09-29,15000.00,CE,NIFTY26SEP15000CE,0.00,0.00,0.00,10499.30,0.00,10499.30,23869.60,9053.20,0,0,0,0.00,0,F1,65,,,,,
2026-07-23,2026-07-23,FO,NSE,IDO,65887,,NIFTY,,2026-09-29,2026-09-29,18000.00,CE,NIFTY26SEP18000CE,0.00,0.00,0.00,6137.70,6137.70,6137.70,23869.60,6089.95,1300,0,0,0.00,0,F1,65,,,,,
2026-07-23,2026-07-23,FO,NSE,IDO,73877,,NIFTY,,2026-09-29,2026-09-29,22300.00,CE,NIFTY26SEP22300CE,1838.40,1838.40,1831.70,1833.95,1831.70,2077.00,23869.60,1833.95,195,195,3,4706117.00,2,F1,65,,,,,
2026-07-23,2026-07-23,FO,NSE,IDO,73879,,NIFTY,,2026-09-29,2026-09-29,22350.00,CE,NIFTY26SEP22350CE,1792.60,1792.60,1785.90,1788.15,1785.90,2036.50,23869.60,1788.15,195,195,3,4706936.00,2,F1,65,,,,,
2026-07-23,2026-07-23,FO,NSE,IDO,73910,,NIFTY,,2026-09-29,2026-09-29,23200.00,CE,NIFTY26SEP23200CE,1090.00,1097.80,1057.15,1072.00,1080.00,1187.65,23869.60,1072.00,1300,325,16,25244930.75,13,F1,65,,,,,
2026-07-23,2026-07-23,FO,NSE,IDO,73927,,NIFTY,,2026-09-29,2026-09-29,23400.00,CE,NIFTY26SEP23400CE,947.95,950.10,914.00,944.00,944.00,1047.75,23869.60,944.00,975,195,12,18977058.75,12,F1,65,,,,,
2026-07-23,2026-07-23,FO,NSE,IDO,73964,,NIFTY,,2026-09-29,2026-09-29,23450.00,CE,NIFTY26SEP23450CE,0.00,0.00,0.00,1136.05,1136.05,1136.05,23869.60,1092.20,585,0,0,0.00,0,F1,65,,,,,
2026-07-23,2026-07-23,FO,NSE,IDO,73985,,NIFTY,,2026-09-29,2026-09-29,23500.00,CE,NIFTY26SEP23500CE,900.20,950.50,838.45,869.00,878.35,968.95,23869.60,869.00,88335,19500,745,1181538660.25,654,F1,65,,,,,
2026-07-23,2026-07-23,FO,NSE,IDO,74005,,NIFTY,,2026-09-29,2026-09-29,23650.00,CE,NIFTY26SEP23650CE,815.75,822.15,788.95,788.95,788.95,959.55,23869.60,788.95,585,0,3,4769495.25,3,F1,65,,,,,
2026-07-23,2026-07-23,FO,NSE,IDO,74097,,NIFTY,,2026-09-29,2026-09-29,24250.00,CE,NIFTY26SEP24250CE,492.45,492.45,420.00,437.15,435.20,513.55,23869.60,437.15,9295,2275,61,97966891.75,50,F1,65,,,,,
2026-07-23,2026-07-23,FO,NSE,IDO,55759,,NIFTY,,2030-12-31,2030-12-31,27000.00,PE,NIFTY30DEC27000PE,0.00,0.00,0.00,779.50,0.00,779.50,23869.60,1572.80,0,0,0,0.00,0,F1,65,,,,,
2026-07-23,2026-07-23,FO,NSE,IDO,55601,,NIFTY,,2029-12-24,2029-12-24,19500.00,PE,NIFTY29DEC19500PE,0.00,0.00,0.00,61.20,0.00,61.20,23869.60,230.90,0,0,0,0.00,0,F1,65,,,,,
2026-07-23,2026-07-23,FO,NSE,IDO,89635,,NIFTY,,2029-06-26,2029-06-26,26000.00,PE,NIFTY29JUN26000PE,0.00,0.00,0.00,1650.00,1650.00,1650.00,23869.60,1549.50,50,0,0,0.00,0,F1,65,,,,,
2026-07-23,2026-07-23,FO,NSE,IDO,55561,,NIFTY,,2029-06-26,2029-06-26,22500.00,PE,NIFTY29JUN22500PE,0.00,0.00,0.00,224.45,0.00,224.45,23869.60,631.60,0,0,0,0.00,0,F1,65,,,,,
2026-07-23,2026-07-23,FO,NSE,IDO,67795,,NIFTY,,2028-12-26,2028-12-26,30000.00,PE,NIFTY28DEC30000PE,0.00,0.00,0.00,2352.75,0.00,2352.75,23869.60,3503.60,0,0,0,0.00,0,F1,65,,,,,
2026-07-23,2026-07-23,FO,NSE,IDO,55521,,NIFTY,,2028-12-26,2028-12-26,22500.00,PE,NIFTY28DEC22500PE,0.00,0.00,0.00,218.80,0.00,218.80,23869.60,629.05,0,0,0,0.00,0,F1,65,,,,,
2026-07-23,2026-07-23,FO,NSE,IDO,67777,,NIFTY,,2028-12-26,2028-12-26,21000.00,PE,NIFTY28DEC21000PE,0.00,0.00,0.00,490.00,490.00,490.00,23869.60,370.70,6930,0,0,0.00,0,F1,65,,,,,
2026-07-23,2026-07-23,FO,NSE,IDO,55477,,NIFTY,,2028-06-27,2028-06-27,25500.00,PE,NIFTY28JUN25500PE,0.00,0.00,0.00,667.45,0.00,667.45,23869.60,1516.95,0,0,0,0.00,0,F1,65,,,,,
2026-07-23,2026-07-23,FO,NSE,IDO,86148,,NIFTY,,2028-06-27,2028-06-27,22000.00,PE,NIFTY28JUN22000PE,670.00,680.00,550.00,555.00,550.00,585.00,23869.60,555.00,845,-130,4,5879900.00,4,F1,65,,,,,
2026-07-23,2026-07-23,FO,NSE,IDO,86140,,NIFTY,,2028-06-27,2028-06-27,18000.00,PE,NIFTY28JUN18000PE,0.00,0.00,0.00,396.75,0.00,396.75,23869.60,73.10,0,0,0,0.00,0,F1,65,,,,,
2026-07-23,2026-07-23,FO,NSE,IDO,35347,,NIFTY,,2027-12-28,2027-12-28,30000.00,PE,NIFTY27DEC30000PE,4150.00,4150.00,4150.00,4150.00,4150.00,4140.90,23869.60,4198.50,130,130,2,4439500.00,2,F1,65,,,,,
2026-07-23,2026-07-23,FO,NSE,IDO,55425,,NIFTY,,2027-12-28,2027-12-28,22500.00,PE,NIFTY27DEC22500PE,0.00,0.00,0.00,186.50,0.00,186.50,23869.60,570.65,0,0,0,0.00,0,F1,65,,,,,
2026-07-23,2026-07-23,FO,NSE,IDO,55423,,NIFTY,,2027-12-28,2027-12-28,19500.00,PE,NIFTY27DEC19500PE,0.00,0.00,0.00,29.25,0.00,29.25,23869.60,129.05,0,0,0,0.00,0,F1,65,,,,,
2026-07-23,2026-07-23,FO,NSE,IDO,58629,,NIFTY,,2026-12-29,2026-12-29,12000.00,PE,NIFTY26DEC12000PE,6.00,6.00,4.50,4.50,4.50,6.15,23869.60,4.50,21660,-65,7,5462535.00,5,F1,65,,,,,
2026-07-23,2026-07-23,FO,NSE,IDO,65930,,NIFTY,,2026-09-29,2026-09-29,33000.00,PE,NIFTY26SEP33000PE,0.00,0.00,0.00,6552.15,0.00,6552.15,23869.60,8726.55,0,0,0,0.00,0,F1,65,,,,,
2026-07-23,2026-07-23,FO,NSE,IDO,74417,,NIFTY,,2026-09-29,2026-09-29,25700.00,PE,NIFTY26SEP25700PE,1665.00,1665.00,1665.00,1665.00,1665.00,1745.75,23869.60,1713.65,65,65,1,1778725.00,1,F1,65,,,,,
2026-07-23,2026-07-23,FO,NSE,IDO,74415,,NIFTY,,2026-09-29,2026-09-29,25650.00,PE,NIFTY26SEP25650PE,0.00,0.00,0.00,1708.05,0.00,1708.05,23869.60,1673.75,0,0,0,0.00,0,F1,65,,,,,
2026-07-23,2026-07-23,FO,NSE,IDO,74364,,NIFTY,,2026-09-29,2026-09-29,24950.00,PE,NIFTY26SEP24950PE,0.00,0.00,0.00,940.90,940.90,940.90,23869.60,1157.20,260,0,0,0.00,0,F1,65,,,,,
2026-07-23,2026-07-23,FO,NSE,IDO,74356,,NIFTY,,2026-09-29,2026-09-29,24750.00,PE,NIFTY26SEP24750PE,814.40,814.40,814.40,814.40,814.40,803.90,23869.60,1026.25,32695,-65,1,1661686.00,1,F1,65,,,,,
2026-07-23,2026-07-23,FO,NSE,IDO,73928,,NIFTY,,2026-09-29,2026-09-29,23400.00,PE,NIFTY26SEP23400PE,252.00,288.05,227.75,269.05,268.10,231.50,23869.60,269.05,45435,1170,326,501456254.00,258,F1,65,,,,,
2026-07-23,2026-07-23,FO,NSE,IDO,73888,,NIFTY,,2026-09-29,2026-09-29,22600.00,PE,NIFTY26SEP22600PE,103.60,123.85,92.80,111.85,112.00,96.00,23869.60,111.85,31980,2080,198,292238462.75,144,F1,65,,,,,
2026-07-23,2026-07-23,FO,NSE,IDO,73886,,NIFTY,,2026-09-29,2026-09-29,22550.00,PE,NIFTY26SEP22550PE,100.00,112.00,88.00,104.70,104.70,92.10,23869.60,104.70,8060,-520,31,45634517.50,24,F1,65,,,,,
2026-07-23,2026-07-23,FO,NSE,IDO,73864,,NIFTY,,2026-09-29,2026-09-29,21950.00,PE,NIFTY26SEP21950PE,50.25,59.75,46.75,57.60,56.85,49.55,23869.60,57.60,3120,0,14,20023276.00,10,F1,65,,,,,
2026-07-23,2026-07-23,FO,NSE,IDO,65894,,NIFTY,,2026-09-29,2026-09-29,21000.00,PE,NIFTY26SEP21000PE,30.50,34.10,26.55,31.60,31.25,28.55,23869.60,31.60,1720940,-16705,3795,5187827277.75,1860,F1,65,,,,,
2026-07-23,2026-07-23,FO,NSE,IDO,47062,,NIFTY,,2026-09-01,2026-09-01,25900.00,PE,NIFTY2690125900PE,0.00,0.00,0.00,1635.90,0.00,1635.90,23869.60,1901.95,0,0,0,0.00,0,F1,65,,,,,
2026-07-23,2026-07-23,FO,NSE,IDO,47056,,NIFTY,,2026-09-01,2026-09-01,25750.00,PE,NIFTY2690125750PE,0.00,0.00,0.00,1508.85,0.00,1508.85,23869.60,1767.20,0,0,0,0.00,0,F1,65,,,,,
2026-07-23,2026-07-23,FO,NSE,IDO,47038,,NIFTY,,2026-09-01,2026-09-01,25300.00,PE,NIFTY2690125300PE,0.00,0.00,0.00,1152.10,0.00,1152.10,23869.60,1381.45,0,0,0,0.00,0,F1,65,,,,,
2026-07-23,2026-07-23,FO,NSE,IDO,46998,,NIFTY,,2026-09-01,2026-09-01,24300.00,PE,NIFTY2690124300PE,0.00,0.00,0.00,524.25,0.00,524.25,23869.60,670.45,0,0,0,0.00,0,F1,65,,,,,
2026-07-23,2026-07-23,FO,NSE,IDO,46988,,NIFTY,,2026-09-01,2026-09-01,24050.00,PE,NIFTY2690124050PE,0.00,0.00,0.00,410.25,0.00,410.25,23869.60,533.95,0,0,0,0.00,0,F1,65,,,,,
2026-07-23,2026-07-23,FO,NSE,IDO,46944,,NIFTY,,2026-09-01,2026-09-01,22950.00,PE,NIFTY2690122950PE,0.00,0.00,0.00,104.35,0.00,104.35,23869.60,147.05,0,0,0,0.00,0,F1,65,,,,,
2026-07-23,2026-07-23,FO,NSE,IDO,62037,,NIFTY,,2026-08-25,2026-08-25,25950.00,PE,NIFTY26AUG25950PE,0.00,0.00,0.00,1850.00,1850.00,1850.00,23869.60,1960.05,195,0,0,0.00,0,F1,65,,,,,
2026-07-23,2026-07-23,FO,NSE,IDO,61956,,NIFTY,,2026-08-25,2026-08-25,25400.00,PE,NIFTY26AUG25400PE,1344.90,1495.00,1344.90,1473.70,1466.75,1322.80,23869.60,1473.70,2990,1495,24,41924844.00,19,F1,65,,,,,
2026-07-23,2026-07-23,FO,NSE,IDO,61771,,NIFTY,,2026-08-25,2026-08-25,24500.00,PE,NIFTY26AUG24500PE,650.00,748.90,597.60,700.90,692.85,600.15,23869.60,700.90,2255630,-15210,13463,22027505857.50,9750,F1,65,,,,,
2026-07-23,2026-07-23,FO,NSE,IDO,61609,,NIFTY,,2026-08-25,2026-08-25,24050.00,PE,NIFTY26AUG24050PE,392.15,463.50,349.00,422.25,417.00,353.20,23869.60,422.25,80795,-5850,1035,1644818831.50,821,F1,65,,,,,
2026-07-23,2026-07-23,FO,NSE,IDO,61533,,NIFTY,,2026-08-25,2026-08-25,23750.00,PE,NIFTY26AUG23750PE,265.70,319.00,230.20,297.65,290.50,237.40,23869.60,297.65,29055,-650,564,881172994.00,351,F1,65,,,,,
2026-07-23,2026-07-23,FO,NSE,IDO,61377,,NIFTY,,2026-08-25,2026-08-25,22300.00,PE,NIFTY26AUG22300PE,28.70,37.05,23.65,31.45,30.65,27.65,23869.60,31.45,361400,19175,2057,2985609068.00,1483,F1,65,,,,,
2026-07-23,2026-07-23,FO,NSE,IDO,61337,,NIFTY,,2026-08-25,2026-08-25,21650.00,PE,NIFTY26AUG21650PE,14.15,17.25,14.15,17.25,17.25,14.25,23869.60,8.65,1235,0,12,16899720.50,7,F1,65,,,,,
2026-07-23,2026-07-23,FO,NSE,IDO,45193,,NIFTY,,2026-08-18,2026-08-18,25800.00,PE,NIFTY2681825800PE,0.00,0.00,0.00,1669.70,0.00,1669.70,23869.60,1842.80,0,0,0,0.00,0,F1,65,,,,,
2026-07-23,2026-07-23,FO,NSE,IDO,45157,,NIFTY,,2026-08-18,2026-08-18,25200.00,PE,NIFTY2681825200PE,0.00,0.00,0.00,1165.40,0.00,1165.40,23869.60,1295.50,0,0,0,0.00,0,F1,65,,,,,
2026-07-23,2026-07-23,FO,NSE,IDO,45103,,NIFTY,,2026-08-18,2026-08-18,24300.00,PE,NIFTY2681824300PE,476.80,575.15,476.05,550.50,542.00,459.90,23869.60,550.50,1950,-2145,47,75899424.25,31,F1,65,,,,,
2026-07-23,2026-07-23,FO,NSE,IDO,45085,,NIFTY,,2026-08-18,2026-08-18,23950.00,PE,NIFTY2681823950PE,300.00,373.85,283.15,335.40,336.80,288.35,23869.60,335.40,5330,715,125,197173853.50,92,F1,65,,,,,
2026-07-23,2026-07-23,FO,NSE,IDO,45079,,NIFTY,,2026-08-18,2026-08-18,23800.00,PE,NIFTY2681823800PE,257.80,309.70,220.00,276.20,269.70,227.70,23869.60,276.20,18265,6630,461,721527098.50,319,F1,65,,,,,
2026-07-23,2026-07-23,FO,NSE,IDO,45046,,NIFTY,,2026-08-18,2026-08-18,23100.00,PE,NIFTY2681823100PE,73.45,96.55,67.60,83.00,83.00,70.70,23869.60,83.00,4290,130,73,110004401.00,52,F1,65,,,,,
2026-07-23,2026-07-23,FO,NSE,IDO,45024,,NIFTY,,2026-08-18,2026-08-18,22700.00,PE,NIFTY2681822700PE,35.35,46.80,30.25,39.95,39.80,33.75,23869.60,39.95,11245,1105,129,190660190.50,95,F1,65,,,,,
2026-07-23,2026-07-23,FO,NSE,IDO,41078,,NIFTY,,2026-08-11,2026-08-11,25950.00,PE,NIFTY2681125950PE,0.00,0.00,0.00,1497.75,0.00,1497.75,23869.60,2004.70,0,0,0,0.00,0,F1,65,,,,,
2026-07-23,2026-07-23,FO,NSE,IDO,41032,,NIFTY,,2026-08-11,2026-08-11,24900.00,PE,NIFTY2681124900PE,0.00,0.00,0.00,910.40,910.40,910.40,23869.60,1027.10,65,0,0,0.00,0,F1,65,,,,,
2026-07-23,2026-07-23,FO,NSE,IDO,41019,,NIFTY,,2026-08-11,2026-08-11,24650.00,PE,NIFTY2681124650PE,0.00,0.00,0.00,578.25,578.25,578.25,23869.60,823.50,195,0,0,0.00,0,F1,65,,,,,
2026-07-23,2026-07-23,FO,NSE,IDO,40992,,NIFTY,,2026-08-11,2026-08-11,24000.00,PE,NIFTY2681124000PE,319.00,368.85,260.00,327.20,326.10,273.70,23869.60,327.20,208130,23595,6453,10194030015.00,4254,F1,65,,,,,
2026-07-23,2026-07-23,FO,NSE,IDO,40960,,NIFTY,,2026-08-11,2026-08-11,23250.00,PE,NIFTY2681123250PE,66.00,91.75,55.95,77.90,75.50,64.55,23869.60,77.90,11960,7085,216,327610773.75,104,F1,65,,,,,
2026-07-23,2026-07-23,FO,NSE,IDO,40950,,NIFTY,,2026-08-11,2026-08-11,23000.00,PE,NIFTY2681123000PE,43.20,54.75,31.50,44.60,43.45,38.25,23869.60,44.60,129545,16120,3460,5182189421.50,2502,F1,65,,,,,
2026-07-23,2026-07-23,FO,NSE,IDO,40914,,NIFTY,,2026-08-11,2026-08-11,22150.00,PE,NIFTY2681122150PE,9.70,18.00,9.65,11.85,11.85,9.80,23869.60,6.95,3900,2470,96,138290236.50,37,F1,65,,,,,
2026-07-23,2026-07-23,FO,NSE,IDO,65948,,NIFTY,,2026-08-04,2026-08-04,25600.00,PE,NIFTY2680425600PE,0.00,0.00,0.00,1597.05,1597.05,1597.05,23869.60,1682.70,130,0,0,0.00,0,F1,65,,,,,
2026-07-23,2026-07-23,FO,NSE,IDO,65937,,NIFTY,,2026-08-04,2026-08-04,25350.00,PE,NIFTY2680425350PE,0.00,0.00,0.00,1332.50,1332.50,1332.50,23869.60,1438.00,65,0,0,0.00,0,F1,65,,,,,
2026-07-23,2026-07-23,FO,NSE,IDO,65853,,NIFTY,,2026-08-04,2026-08-04,24350.00,PE,NIFTY2680424350PE,520.15,582.35,429.30,519.85,521.65,434.85,23869.60,519.85,16120,-3120,186,300382777.50,148,F1,65,,,,,
2026-07-23,2026-07-23,FO,NSE,IDO,65520,,NIFTY,,2026-08-04,2026-08-04,23050.00,PE,NIFTY2680423050PE,23.60,31.25,15.95,23.20,23.45,21.25,23869.60,23.20,53170,27755,3651,5475580331.00,2316,F1,65,,,,,
2026-07-23,2026-07-23,FO,NSE,IDO,65430,,NIFTY,,2026-08-04,2026-08-04,22400.00,PE,NIFTY2680422400PE,7.15,8.15,4.30,6.10,6.45,6.10,23869.60,6.10,53495,27365,2184,3180782020.00,1378,F1,65,,,,,
2026-07-23,2026-07-23,FO,NSE,IDO,65414,,NIFTY,,2026-08-04,2026-08-04,22100.00,PE,NIFTY2680422100PE,4.40,5.70,3.65,4.55,4.80,4.50,23869.60,4.55,39195,5460,962,1382206494.50,517,F1,65,,,,,
2026-07-23,2026-07-23,FO,NSE,IDO,64047,,NIFTY,,2026-07-28,2026-07-28,26300.00,PE,NIFTY26JUL26300PE,2415.00,2493.00,2308.50,2420.35,2413.00,2312.20,23869.60,2420.35,518440,-38740,954,1778397094.50,833,F1,65,,,,,
2026-07-23,2026-07-23,FO,NSE,IDO,64024,,NIFTY,,2026-07-28,2026-07-28,25950.00,PE,NIFTY26JUL25950PE,2074.80,2074.80,2074.80,2074.80,2074.80,1990.90,23869.60,2058.80,520,65,1,1821612.00,1,F1,65,,,,,
2026-07-23,2026-07-23,FO,NSE,IDO,63988,,NIFTY,,2026-07-28,2026-07-28,25200.00,PE,NIFTY26JUL25200PE,1286.30,1377.15,1214.85,1326.70,1316.20,1212.85,23869.60,1326.70,106080,-28470,615,1057969224.00,589,F1,65,,,,,
2026-07-23,2026-07-23,FO,NSE,IDO,63984,,NIFTY,,2026-07-28,2026-07-28,25100.00,PE,NIFTY26JUL25100PE,1144.55,1297.00,1119.95,1226.85,1210.80,1108.05,23869.60,1226.85,45240,-3835,257,439795122.00,141,F1,65,,,,,
2026-07-23,2026-07-23,FO,NSE,IDO,63980,,NIFTY,,2026-07-28,2026-07-28,25000.00,PE,NIFTY26JUL25000PE,1094.55,1197.85,1007.00,1126.10,1118.15,1016.80,23869.60,1126.10,1618045,-307580,7486,12688063794.25,6344,F1,65,,,,,
2026-07-23,2026-07-23,FO,NSE,IDO,63954,,NIFTY,,2026-07-28,2026-07-28,24350.00,PE,NIFTY26JUL24350PE,465.00,556.70,377.60,483.10,479.95,401.55,23869.60,483.10,212810,15925,6482,10452329192.50,4186,F1,65,,,,,
2026-07-23,2026-07-23,FO,NSE,IDO,63864,,NIFTY,,2026-07-28,2026-07-28,22200.00,PE,NIFTY26JUL22200PE,2.00,2.60,1.10,1.40,1.35,1.75,23869.60,1.40,778570,162305,44858,64735447198.50,10687,F1,65,,,,,
2026-07-23,2026-07-23,FO,NSE,IDO,63848,,NIFTY,,2026-07-28,2026-07-28,21800.00,PE,NIFTY26JUL21800PE,1.75,1.95,1.00,1.10,1.05,1.55,23869.60,1.10,994695,29185,25572,36237986261.75,6659,F1,65,,,,,
2026-07-23,2026-07-23,FO,NSE,IDO,63818,,NIFTY,,2026-07-28,2026-07-28,21250.00,PE,NIFTY26JUL21250PE,1.05,1.35,0.70,0.80,0.75,1.00,23869.60,0.80,35100,-2860,2418,3340028623.75,1081,F1,65,,,,,
2026-07-23,2026-07-23,FO,NSE,IDO,74653,,NIFTY,,2031-06-24,2031-06-24,27000.00,CE,NIFTY31JUN27000CE,0.00,0.00,0.00,5699.00,0.00,5699.00,23869.60,5850.45,0,0,0,0.00,0,F1,65,,,,,
2026-07-23,2026-07-23,FO,NSE,IDO,73890,,NIFTY,,2026-09-29,2026-09-29,22650.00,PE,NIFTY26SEP22650PE,113.10,127.10,99.20,120.10,118.10,102.90,23869.60,120.10,10400,2730,115,170176487.00,106,F1,65,,,,,
2026-07-23,2026-07-23,FO,NSE,IDO,74660,,NIFTY,,2031-06-24,2031-06-24,30000.00,PE,NIFTY31JUN30000PE,0.00,0.00,0.00,2616.25,0.00,2616.25,23869.60,2382.20,0,0,0,0.00,0,F1,65,,,,,
2026-07-23,2026-07-23,FO,NSE,IDO,74656,,NIFTY,,2031-06-24,2031-06-24,28500.00,PE,NIFTY31JUN28500PE,0.00,0.00,0.00,2104.20,0.00,2104.20,23869.60,1901.10,0,0,0,0.00,0,F1,65,,,,,
2026-07-23,2026-07-23,FO,NSE,IDO,74652,,NIFTY,,2031-06-24,2031-06-24,25500.00,PE,NIFTY31JUN25500PE,0.00,0.00,0.00,1262.85,0.00,1262.85,23869.60,1119.90,0,0,0,0.00,0,F1,65,,,,,
2026-07-23,2026-07-23,FO,NSE,IDO,74650,,NIFTY,,2031-06-24,2031-06-24,24000.00,PE,NIFTY31JUN24000PE,0.00,0.00,0.00,933.85,0.00,933.85,23869.60,818.05,0,0,0,0.00,0,F1,65,,,,,
2026-07-23,2026-07-23,FO,NSE,IDO,55763,,NIFTY,,2030-12-31,2030-12-31,30000.00,PE,NIFTY30DEC30000PE,0.00,0.00,0.00,1450.10,0.00,1450.10,23869.60,2556.30,0,0,0,0.00,0,F1,65,,,,,
2026-07-23,2026-07-23,FO,NSE,IDO,67779,,NIFTY,,2028-12-26,2028-12-26,22000.00,PE,NIFTY28DEC22000PE,0.00,0.00,0.00,600.00,600.00,600.00,23869.60,532.40,7850,0,0,0.00,0,F1,65,,,,,
2026-07-23,2026-07-23,FO,NSE,IDO,55479,,NIFTY,,2028-06-27,2028-06-27,28500.00,PE,NIFTY28JUN28500PE,0.00,0.00,0.00,1560.85,0.00,1560.85,23869.60,2936.90,0,0,0,0.00,0,F1,65,,,,,
2026-07-23,2026-07-23,FO,NSE,IDO,53611,,NIFTY,,2027-12-28,2027-12-28,20000.00,PE,NIFTY27DEC20000PE,254.40,257.00,245.25,245.55,245.55,259.95,23869.60,245.55,28565,325,30,39487750.25,13,F1,65,,,,,
2026-07-23,2026-07-23,FO,NSE,IDO,53606,,NIFTY,,2027-12-28,2027-12-28,19000.00,PE,NIFTY27DEC19000PE,190.00,190.00,155.00,160.15,160.15,142.20,23869.60,160.15,1845,-195,8,9970044.50,5,F1,65,,,,,
2026-07-23,2026-07-23,FO,NSE,IDO,53604,,NIFTY,,2027-12-28,2027-12-28,18000.00,PE,NIFTY27DEC18000PE,0.00,0.00,0.00,181.05,195.00,181.05,23869.60,47.50,11915,0,0,0.00,0,F1,65,,,,,
2026-07-23,2026-07-23,FO,NSE,IDO,55373,,NIFTY,,2027-06-29,2027-06-29,19500.00,PE,NIFTY27JUN19500PE,0.00,0.00,0.00,17.30,0.00,17.30,23869.60,75.15,0,0,0,0.00,0,F1,65,,,,,
2026-07-23,2026-07-23,FO,NSE,IDO,71550,,NIFTY,,2027-06-29,2027-06-29,19000.00,PE,NIFTY27JUN19000PE,0.00,0.00,0.00,195.00,195.00,195.00,23869.60,50.30,1135,0,0,0.00,0,F1,65,,,,,
2026-07-23,2026-07-23,FO,NSE,IDO,80191,,NIFTY,,2027-03-30,2027-03-30,16500.00,PE,NIFTY27MAR16500PE,0.00,0.00,0.00,38.00,38.00,38.00,23869.60,1.15,1625,0,0,0.00,0,F1,65,,,,,
2026-07-23,2026-07-23,FO,NSE,IDO,55291,,NIFTY,,2026-09-29,2026-09-29,31500.00,PE,NIFTY26SEP31500PE,0.00,0.00,0.00,4341.20,0.00,4341.20,23869.60,7244.95,0,0,0,0.00,0,F1,65,,,,,
2026-07-23,2026-07-23,FO,NSE,IDO,65907,,NIFTY,,2026-09-29,2026-09-29,27000.00,PE,NIFTY26SEP27000PE,2789.90,2910.00,2730.00,2847.45,2840.00,2712.25,23869.60,2847.45,1396080,26130,528,1023754023.50,497,F1,65,,,,,
2026-07-23,2026-07-23,FO,NSE,IDO,55285,,NIFTY,,2026-09-29,2026-09-29,22500.00,PE,NIFTY26SEP22500PE,98.40,112.75,83.40,101.45,102.45,87.05,23869.60,101.45,1439620,45435,5720,8401830138.00,3179,F1,65,,,,,
2026-07-23,2026-07-23,FO,NSE,IDO,73858,,NIFTY,,2026-09-29,2026-09-29,21900.00,PE,NIFTY26SEP21900PE,49.00,59.50,43.40,58.50,58.50,47.35,23869.60,67.05,7670,-1170,86,122698891.25,59,F1,65,,,,,
2026-07-23,2026-07-23,FO,NSE,IDO,65882,,NIFTY,,2026-09-29,2026-09-29,15000.00,PE,NIFTY26SEP15000PE,4.50,4.95,4.00,4.20,4.25,4.50,23869.60,4.20,51155,0,27,26332959.25,9,F1,65,,,,,
2026-07-23,2026-07-23,FO,NSE,IDO,47052,,NIFTY,,2026-09-01,2026-09-01,25650.00,PE,NIFTY2690125650PE,0.00,0.00,0.00,1426.15,0.00,1426.15,23869.60,1678.90,0,0,0,0.00,0,F1,65,,,,,
2026-07-23,2026-07-23,FO,NSE,IDO,47040,,NIFTY,,2026-09-01,2026-09-01,25350.00,PE,NIFTY2690125350PE,0.00,0.00,0.00,1189.00,0.00,1189.00,23869.60,1422.70,0,0,0,0.00,0,F1,65,,,,,
2026-07-23,2026-07-23,FO,NSE,IDO,47014,,NIFTY,,2026-09-01,2026-09-01,24700.00,PE,NIFTY2690124700PE,856.35,856.35,856.35,856.35,856.35,743.30,23869.60,925.45,65,65,1,1661162.75,1,F1,65,,,,,
2026-07-23,2026-07-23,FO,NSE,IDO,46970,,NIFTY,,2026-09-01,2026-09-01,23600.00,PE,NIFTY2690123600PE,0.00,0.00,0.00,248.90,0.00,248.90,23869.60,334.70,0,0,0,0.00,0,F1,65,,,,,
2026-07-23,2026-07-23,FO,NSE,IDO,46966,,NIFTY,,2026-09-01,2026-09-01,23500.00,PE,NIFTY2690123500PE,198.00,244.00,198.00,232.95,235.00,220.30,23869.60,232.95,585,585,23,35474478.00,16,F1,65,,,,,
2026-07-23,2026-07-23,FO,NSE,IDO,46964,,NIFTY,,2026-09-01,2026-09-01,23450.00,PE,NIFTY2690123450PE,0.00,0.00,0.00,208.05,0.00,208.05,23869.60,281.35,0,0,0,0.00,0,F1,65,,,,,
2026-07-23,2026-07-23,FO,NSE,IDO,46934,,NIFTY,,2026-09-01,2026-09-01,22700.00,PE,NIFTY2690122700PE,0.00,0.00,0.00,70.85,0.00,70.85,23869.60,101.60,0,0,0,0.00,0,F1,65,,,,,
2026-07-23,2026-07-23,FO,NSE,IDO,61980,,NIFTY,,2026-08-25,2026-08-25,25600.00,PE,NIFTY26AUG25600PE,1590.00,1700.15,1590.00,1664.00,1638.00,1510.15,23869.60,1664.00,2340,1885,29,51378999.75,24,F1,65,,,,,
2026-07-23,2026-07-23,FO,NSE,IDO,61934,,NIFTY,,2026-08-25,2026-08-25,25250.00,PE,NIFTY26AUG25250PE,0.00,0.00,0.00,1736.20,1736.20,1736.20,23869.60,1334.80,65,0,0,0.00,0,F1,65,,,,,
2026-07-23,2026-07-23,FO,NSE,IDO,61866,,NIFTY,,2026-08-25,2026-08-25,24950.00,PE,NIFTY26AUG24950PE,0.00,0.00,0.00,911.60,904.85,911.60,23869.60,1091.60,1560,0,0,0.00,0,F1,65,,,,,
2026-07-23,2026-07-23,FO,NSE,IDO,61423,,NIFTY,,2026-08-25,2026-08-25,22850.00,PE,NIFTY26AUG22850PE,68.35,86.00,54.80,74.00,72.60,62.60,23869.60,74.00,34385,10660,836,1245106551.00,494,F1,65,,,,,
2026-07-23,2026-07-23,FO,NSE,IDO,61410,,NIFTY,,2026-08-25,2026-08-25,22700.00,PE,NIFTY26AUG22700PE,49.75,69.10,43.90,59.40,58.90,50.00,23869.60,59.40,460915,9750,3646,5392811069.75,2558,F1,65,,,,,
2026-07-23,2026-07-23,FO,NSE,IDO,45042,,NIFTY,,2026-08-18,2026-08-18,23000.00,PE,NIFTY2681823000PE,69.75,81.00,52.05,69.75,69.90,59.65,23869.60,69.75,39195,9490,742,1112433751.00,473,F1,65,,,,,
2026-07-23,2026-07-23,FO,NSE,IDO,45004,,NIFTY,,2026-08-18,2026-08-18,22300.00,PE,NIFTY2681822300PE,18.95,24.50,16.35,22.25,21.05,19.05,23869.60,22.25,5785,2405,104,150883066.75,53,F1,65,,,,,
2026-07-23,2026-07-23,FO,NSE,IDO,41082,,NIFTY,,2026-08-11,2026-08-11,26050.00,PE,NIFTY2681126050PE,0.00,0.00,0.00,1584.30,0.00,1584.30,23869.60,2102.85,0,0,0,0.00,0,F1,65,,,,,
2026-07-23,2026-07-23,FO,NSE,IDO,41076,,NIFTY,,2026-08-11,2026-08-11,25900.00,PE,NIFTY2681125900PE,0.00,0.00,0.00,1455.05,0.00,1455.05,23869.60,1955.80,0,0,0,0.00,0,F1,65,,,,,
2026-07-23,2026-07-23,FO,NSE,IDO,41052,,NIFTY,,2026-08-11,2026-08-11,25350.00,PE,NIFTY2681125350PE,0.00,0.00,0.00,1016.70,0.00,1016.70,23869.60,1429.05,0,0,0,0.00,0,F1,65,,,,,
2026-07-23,2026-07-23,FO,NSE,IDO,41048,,NIFTY,,2026-08-11,2026-08-11,25250.00,PE,NIFTY2681125250PE,0.00,0.00,0.00,985.30,985.30,985.30,23869.60,1336.65,65,0,0,0.00,0,F1,65,,,,,
2026-07-23,2026-07-23,FO,NSE,IDO,41036,,NIFTY,,2026-08-11,2026-08-11,24950.00,PE,NIFTY2681124950PE,0.00,0.00,0.00,717.50,717.50,717.50,23869.60,1069.75,65,0,0,0.00,0,F1,65,,,,,
2026-07-23,2026-07-23,FO,NSE,IDO,41026,,NIFTY,,2026-08-11,2026-08-11,24750.00,PE,NIFTY2681124750PE,0.00,0.00,0.00,576.00,576.00,576.00,23869.60,902.85,65,0,0,0.00,0,F1,65,,,,,
2026-07-23,2026-07-23,FO,NSE,IDO,40962,,NIFTY,,2026-08-11,2026-08-11,23300.00,PE,NIFTY2681123300PE,85.00,101.20,62.10,87.15,84.05,71.55,23869.60,87.15,76115,53170,2062,3134692557.75,1505,F1,65,,,,,
2026-07-23,2026-07-23,FO,NSE,IDO,40886,,NIFTY,,2026-08-11,2026-08-11,21650.00,PE,NIFTY2681121650PE,7.10,7.70,6.10,6.30,6.10,6.30,23869.60,6.30,3575,-65,32,45046046.50,17,F1,65,,,,,
2026-07-23,2026-07-23,FO,NSE,IDO,65927,,NIFTY,,2026-08-04,2026-08-04,25200.00,PE,NIFTY2680425200PE,0.00,0.00,0.00,1184.65,1184.65,1184.65,23869.60,1293.45,65,0,0,0.00,0,F1,65,,,,,
2026-07-23,2026-07-23,FO,NSE,IDO,65925,,NIFTY,,2026-08-04,2026-08-04,25150.00,PE,NIFTY2680425150PE,1258.50,1258.50,1258.50,1258.50,1258.50,1145.00,23869.60,1245.80,195,0,1,1716552.50,1,F1,65,,,,,
2026-07-23,2026-07-23,FO,NSE,IDO,65913,,NIFTY,,2026-08-04,2026-08-04,24900.00,PE,NIFTY2680424900PE,1020.00,1022.05,1020.00,1022.00,1022.00,703.15,23869.60,1013.25,325,260,5,8424526.50,5,F1,65,,,,,
2026-07-23,2026-07-23,FO,NSE,IDO,65524,,NIFTY,,2026-08-04,2026-08-04,23150.00,PE,NIFTY2680423150PE,39.35,40.65,20.05,30.45,30.75,26.75,23869.60,30.45,202735,162695,8091,12189087638.00,5395,F1,65,,,,,
2026-07-23,2026-07-23,FO,NSE,IDO,65446,,NIFTY,,2026-08-04,2026-08-04,22750.00,PE,NIFTY2680422750PE,11.60,14.30,8.20,10.95,11.00,10.45,23869.60,10.95,41340,14040,2232,3302126811.75,1291,F1,65,,,,,
2026-07-23,2026-07-23,FO,NSE,IDO,65436,,NIFTY,,2026-08-04,2026-08-04,22550.00,PE,NIFTY2680422550PE,8.00,9.55,6.20,7.30,7.45,7.50,23869.60,7.30,37180,15145,781,1145130785.50,421,F1,65,,,,,
2026-07-23,2026-07-23,FO,NSE,IDO,65432,,NIFTY,,2026-08-04,2026-08-04,22450.00,PE,NIFTY2680422450PE,6.80,7.95,5.35,6.70,6.40,6.55,23869.60,6.70,27235,23530,690,1007189865.50,426,F1,65,,,,,
2026-07-23,2026-07-23,FO,NSE,IDO,65424,,NIFTY,,2026-08-04,2026-08-04,22300.00,PE,NIFTY2680422300PE,5.20,6.60,4.70,5.40,5.65,5.40,23869.60,5.40,43810,22295,1731,2509694791.50,1109,F1,65,,,,,
2026-07-23,2026-07-23,FO,NSE,IDO,65245,,NIFTY,,2026-08-04,2026-08-04,21900.00,PE,NIFTY2680421900PE,4.05,4.55,3.60,4.15,3.90,4.00,23869.60,4.15,33215,6955,698,993786745.25,354,F1,65,,,,,
2026-07-23,2026-07-23,FO,NSE,IDO,65167,,NIFTY,,2026-08-04,2026-08-04,21750.00,PE,NIFTY2680421750PE,3.80,3.95,3.25,3.45,3.25,3.80,23869.60,3.45,2405,975,73,103220900.25,55,F1,65,,,,,
2026-07-23,2026-07-23,FO,NSE,IDO,63997,,NIFTY,,2026-07-28,2026-07-28,25350.00,PE,NIFTY26JUL25350PE,0.00,0.00,0.00,1180.00,1180.00,1180.00,23869.60,1459.50,1820,0,0,0.00,0,F1,65,,,,,
2026-07-23,2026-07-23,FO,NSE,IDO,63948,,NIFTY,,2026-07-28,2026-07-28,24200.00,PE,NIFTY26JUL24200PE,338.70,421.95,256.20,353.85,344.75,285.80,23869.60,353.85,3873155,-3986060,258437,412006779538.25,164047,F1,65,,,,,
2026-07-23,2026-07-23,FO,NSE,IDO,63904,,NIFTY,,2026-07-28,2026-07-28,23200.00,PE,NIFTY26JUL23200PE,8.75,12.30,5.45,6.55,6.25,8.30,23869.60,6.55,4338555,666510,404217,609762533831.75,96492,F1,65,,,,,
2026-07-23,2026-07-23,FO,NSE,IDO,63900,,NIFTY,,2026-07-28,2026-07-28,23100.00,PE,NIFTY26JUL23100PE,6.30,9.70,4.00,4.75,4.55,6.35,23869.60,4.75,2505230,354965,318163,477840655145.75,79796,F1,65,,,,,
2026-07-23,2026-07-23,FO,NSE,IDO,63890,,NIFTY,,2026-07-28,2026-07-28,22850.00,PE,NIFTY26JUL22850PE,4.40,5.20,2.40,2.65,2.40,3.85,23869.60,2.65,1043315,333450,139650,207445871997.00,33674,F1,65,,,,,
2026-07-23,2026-07-23,FO,NSE,IDO,63862,,NIFTY,,2026-07-28,2026-07-28,22150.00,PE,NIFTY26JUL22150PE,2.30,2.60,1.20,1.40,1.40,1.85,23869.60,1.40,51155,10725,4417,6359907921.25,2366,F1,65,,,,,
2026-07-23,2026-07-23,FO,NSE,IDO,63856,,NIFTY,,2026-07-28,2026-07-28,22000.00,PE,NIFTY26JUL22000PE,2.10,2.60,1.05,1.25,1.15,1.70,23869.60,1.25,4390165,-69810,110171,157556150856.00,19750,F1,65,,,,,
2026-07-23,2026-07-23,FO,NSE,IDO,63814,,NIFTY,,2026-07-28,2026-07-28,21150.00,PE,NIFTY26JUL21150PE,0.85,1.10,0.65,0.70,0.70,0.85,23869.60,0.70,127205,130,14915,20505182958.00,3354,F1,65,,,,,
2026-07-23,2026-07-23,FO,NSE,IDO,55698,,NIFTY,,2030-12-31,2030-12-31,18000.00,CE,NIFTY30DEC18000CE,0.00,0.00,0.00,12674.15,0.00,12674.15,23869.60,10589.75,0,0,0,0.00,0,F1,65,,,,,
2026-07-23,2026-07-23,FO,NSE,IDO,61748,,NIFTY,,2029-12-24,2029-12-24,24000.00,CE,NIFTY29DEC24000CE,0.00,0.00,0.00,7730.00,0.00,7730.00,23869.60,5663.00,0,0,0,0.00,0,F1,65,,,,,
2026-07-23,2026-07-23,FO,NSE,IDO,55566,,NIFTY,,2029-06-26,2029-06-26,31500.00,CE,NIFTY29JUN31500CE,0.00,0.00,0.00,2878.65,0.00,2878.65,23869.60,1928.55,0,0,0,0.00,0,F1,65,,,,,
2026-07-23,2026-07-23,FO,NSE,IDO,55526,,NIFTY,,2028-12-26,2028-12-26,31500.00,CE,NIFTY28DEC31500CE,0.00,0.00,0.00,2327.60,0.00,2327.60,23869.60,1423.35,0,0,0,0.00,0,F1,65,,,,,
2026-07-23,2026-07-23,FO,NSE,IDO,55520,,NIFTY,,2028-12-26,2028-12-26,22500.00,CE,NIFTY28DEC22500CE,0.00,0.00,0.00,7382.90,0.00,7382.90,23869.60,5337.50,0,0,0,0.00,0,F1,65,,,,,
2026-07-23,2026-07-23,FO,NSE,IDO,35352,,NIFTY,,2028-06-27,2028-06-27,30000.00,CE,NIFTY28JUN30000CE,0.00,0.00,0.00,2278.45,0.00,2278.45,23869.60,1286.25,0,0,0,0.00,0,F1,65,,,,,
2026-07-23,2026-07-23,FO,NSE,IDO,86151,,NIFTY,,2028-06-27,2028-06-27,24000.00,CE,NIFTY28JUN24000CE,0.00,0.00,0.00,3918.85,0.00,3918.85,23869.60,3745.55,0,0,0,0.00,0,F1,65,,,,,
2026-07-23,2026-07-23,FO,NSE,IDO,53603,,NIFTY,,2027-12-28,2027-12-28,18000.00,CE,NIFTY27DEC18000CE,0.00,0.00,0.00,6285.70,0.00,6285.70,23869.60,7543.70,0,0,0,0.00,0,F1,65,,,,,
2026-07-23,2026-07-23,FO,NSE,IDO,80249,,NIFTY,,2027-03-30,2027-03-30,19500.00,CE,NIFTY27MAR19500CE,0.00,0.00,0.00,4365.40,0.00,4365.40,23869.60,5277.40,0,0,0,0.00,0,F1,65,,,,,
2026-07-23,2026-07-23,FO,NSE,IDO,58642,,NIFTY,,2026-12-29,2026-12-29,19000.00,CE,NIFTY26DEC19000CE,5425.00,5450.00,5275.00,5275.00,5275.00,5463.55,23869.60,5417.15,56485,-260,10,15848108.25,9,F1,65,,,,,
2026-07-23,2026-07-23,FO,NSE,IDO,55322,,NIFTY,,2026-12-29,2026-12-29,16500.00,CE,NIFTY26DEC16500CE,0.00,0.00,0.00,10405.00,0.00,10405.00,23869.60,7838.05,0,0,0,0.00,0,F1,65,,,,,
2026-07-23,2026-07-23,FO,NSE,IDO,65929,,NIFTY,,2026-09-29,2026-09-29,33000.00,CE,NIFTY26SEP33000CE,2.35,2.35,2.35,2.35,2.35,2.40,23869.60,2.35,30030,65,10,21451527.50,5,F1,65,,,,,
2026-07-23,2026-07-23,FO,NSE,IDO,74370,,NIFTY,,2026-09-29,2026-09-29,25150.00,CE,NIFTY26SEP25150CE,153.40,163.00,130.45,136.60,135.80,167.95,23869.60,136.60,12220,5720,304,499806352.50,211,F1,65,,,,,
2026-07-23,2026-07-23,FO,NSE,IDO,74116,,NIFTY,,2026-09-29,2026-09-29,24450.00,CE,NIFTY26SEP24450CE,390.00,390.00,331.30,342.80,342.80,410.45,23869.60,564.10,4615,1105,29,46761760.50,20,F1,65,,,,,
2026-07-23,2026-07-23,FO,NSE,IDO,74060,,NIFTY,,2026-09-29,2026-09-29,24050.00,CE,NIFTY26SEP24050CE,581.00,581.00,514.80,541.90,541.90,617.45,23869.60,541.90,7995,2340,60,95898494.25,47,F1,65,,,,,
2026-07-23,2026-07-23,FO,NSE,IDO,74003,,NIFTY,,2026-09-29,2026-09-29,23600.00,CE,NIFTY26SEP23600CE,852.00,852.00,775.20,807.00,807.00,898.05,23869.60,807.00,2080,390,15,23795619.25,9,F1,65,,,,,
2026-07-23,2026-07-23,FO,NSE,IDO,73923,,NIFTY,,2026-09-29,2026-09-29,23300.00,CE,NIFTY26SEP23300CE,1071.25,1087.15,987.15,987.15,987.15,1132.05,23869.60,1190.45,780,195,15,23747083.75,15,F1,65,,,,,
2026-07-23,2026-07-23,FO,NSE,IDO,73904,,NIFTY,,2026-09-29,2026-09-29,23050.00,CE,NIFTY26SEP23050CE,0.00,0.00,0.00,1394.20,1394.20,1394.20,23869.60,1365.65,650,0,0,0.00,0,F1,65,,,,,
2026-07-23,2026-07-23,FO,NSE,IDO,73889,,NIFTY,,2026-09-29,2026-09-29,22650.00,CE,NIFTY26SEP22650CE,0.00,0.00,0.00,1671.25,1671.25,1671.25,23869.60,1668.40,65,0,0,0.00,0,F1,65,,,,,
2026-07-23,2026-07-23,FO,NSE,IDO,73867,,NIFTY,,2026-09-29,2026-09-29,22050.00,CE,NIFTY26SEP22050CE,0.00,0.00,0.00,2284.20,0.00,2284.20,23869.60,2171.65,0,0,0,0.00,0,F1,65,,,,,
2026-07-23,2026-07-23,FO,NSE,IDO,47063,,NIFTY,,2026-09-01,2026-09-01,25950.00,CE,NIFTY2690125950CE,0.00,0.00,0.00,97.35,0.00,97.35,23869.60,54.30,0,0,0,0.00,0,F1,65,,,,,
2026-07-23,2026-07-23,FO,NSE,IDO,47061,,NIFTY,,2026-09-01,2026-09-01,25900.00,CE,NIFTY2690125900CE,0.00,0.00,0.00,103.90,0.00,103.90,23869.60,58.50,0,0,0,0.00,0,F1,65,,,,,
2026-07-23,2026-07-23,FO,NSE,IDO,47057,,NIFTY,,2026-09-01,2026-09-01,25800.00,CE,NIFTY2690125800CE,0.00,0.00,0.00,118.10,0.00,118.10,23869.60,67.65,0,0,0,0.00,0,F1,65,,,,,
2026-07-23,2026-07-23,FO,NSE,IDO,47025,,NIFTY,,2026-09-01,2026-09-01,25000.00,CE,NIFTY2690125000CE,0.00,0.00,0.00,297.80,0.00,297.80,23869.60,193.80,0,0,0,0.00,0,F1,65,,,,,
2026-07-23,2026-07-23,FO,NSE,IDO,47001,,NIFTY,,2026-09-01,2026-09-01,24400.00,CE,NIFTY2690124400CE,0.00,0.00,0.00,532.25,0.00,532.25,23869.60,375.80,0,0,0,0.00,0,F1,65,,,,,
2026-07-23,2026-07-23,FO,NSE,IDO,46999,,NIFTY,,2026-09-01,2026-09-01,24350.00,CE,NIFTY2690124350CE,0.00,0.00,0.00,556.30,0.00,556.30,23869.60,395.30,0,0,0,0.00,0,F1,65,,,,,
2026-07-23,2026-07-23,FO,NSE,IDO,46995,,NIFTY,,2026-09-01,2026-09-01,24250.00,CE,NIFTY2690124250CE,0.00,0.00,0.00,606.50,0.00,606.50,23869.60,436.35,0,0,0,0.00,0,F1,65,,,,,
2026-07-23,2026-07-23,FO,NSE,IDO,46985,,NIFTY,,2026-09-01,2026-09-01,24000.00,CE,NIFTY2690124000CE,0.00,0.00,0.00,744.30,0.00,744.30,23869.60,551.75,0,0,0,0.00,0,F1,65,,,,,
2026-07-23,2026-07-23,FO,NSE,IDO,46959,,NIFTY,,2026-09-01,2026-09-01,23350.00,CE,NIFTY2690123350CE,0.00,0.00,0.00,1182.50,0.00,1182.50,23869.60,937.40,0,0,0,0.00,0,F1,65,,,,,
2026-07-23,2026-07-23,FO,NSE,IDO,61913,,NIFTY,,2026-08-25,2026-08-25,25100.00,CE,NIFTY26AUG25100CE,46.00,49.30,36.55,39.15,39.70,53.05,23869.60,39.15,505570,66430,12561,20527228595.25,7246,F1,65,,,,,
2026-07-23,2026-07-23,FO,NSE,IDO,61855,,NIFTY,,2026-08-25,2026-08-25,24850.00,CE,NIFTY26AUG24850CE,80.00,86.50,64.85,69.30,70.35,93.35,23869.60,69.30,71500,15470,1294,2096266825.25,826,F1,65,,,,,
2026-07-23,2026-07-23,FO,NSE,IDO,61610,,NIFTY,,2026-08-25,2026-08-25,24100.00,CE,NIFTY26AUG24100CE,321.00,344.50,269.50,291.90,297.30,362.85,23869.60,291.90,1737320,870285,30038,47667519354.00,22345,F1,65,,,,,
2026-07-23,2026-07-23,FO,NSE,IDO,61499,,NIFTY,,2026-08-25,2026-08-25,23500.00,CE,NIFTY26AUG23500CE,700.00,724.90,603.20,640.65,651.95,744.85,23869.60,640.65,456300,33410,5519,8663171185.50,3944,F1,65,,,,,
2026-07-23,2026-07-23,FO,NSE,IDO,61493,,NIFTY,,2026-08-25,2026-08-25,23450.00,CE,NIFTY26AUG23450CE,678.55,678.55,678.55,678.55,678.55,778.85,23869.60,807.25,1950,0,2,3136711.50,2,F1,65,,,,,
2026-07-23,2026-07-23,FO,NSE,IDO,61422,,NIFTY,,2026-08-25,2026-08-25,22850.00,CE,NIFTY26AUG22850CE,1120.00,1120.00,1120.00,1120.00,1120.00,1377.75,23869.60,1257.85,975,0,1,1558050.00,1,F1,65,,,,,
2026-07-23,2026-07-23,FO,NSE,IDO,61416,,NIFTY,,2026-08-25,2026-08-25,22800.00,CE,NIFTY26AUG22800CE,1259.05,1259.05,1200.15,1200.15,1200.15,1342.20,23869.60,1200.15,6565,650,13,20292031.50,10,F1,65,,,,,
2026-07-23,2026-07-23,FO,NSE,IDO,61380,,NIFTY,,2026-08-25,2026-08-25,22400.00,CE,NIFTY26AUG22400CE,0.00,0.00,0.00,1672.00,1672.00,1672.00,23869.60,1648.60,65,0,0,0.00,0,F1,65,,,,,
2026-07-23,2026-07-23,FO,NSE,IDO,61372,,NIFTY,,2026-08-25,2026-08-25,22250.00,CE,NIFTY26AUG22250CE,0.00,0.00,0.00,1585.40,1585.40,1585.40,23869.60,1785.90,65,0,0,0.00,0,F1,65,,,,,
2026-07-23,2026-07-23,FO,NSE,IDO,61366,,NIFTY,,2026-08-25,2026-08-25,22200.00,CE,NIFTY26AUG22200CE,0.00,0.00,0.00,1486.10,1486.10,1486.10,23869.60,1832.30,65,0,0,0.00,0,F1,65,,,,,
2026-07-23,2026-07-23,FO,NSE,IDO,61352,,NIFTY,,2026-08-25,2026-08-25,22000.00,CE,NIFTY26AUG22000CE,1973.05,2063.00,1881.10,1940.85,1946.50,2069.85,23869.60,1940.85,184405,87815,1635,2547255490.00,1509,F1,65,,,,,
2026-07-23,2026-07-23,FO,NSE,IDO,45204,,NIFTY,,2026-08-18,2026-08-18,26050.00,CE,NIFTY2681826050CE,5.40,5.55,4.75,4.75,4.75,6.05,23869.60,14.15,260,260,16,27097291.00,10,F1,65,,,,,
2026-07-23,2026-07-23,FO,NSE,IDO,45158,,NIFTY,,2026-08-18,2026-08-18,25250.00,CE,NIFTY2681825250CE,0.00,0.00,0.00,152.50,0.00,152.50,23869.60,67.80,0,0,0,0.00,0,F1,65,,,,,
2026-07-23,2026-07-23,FO,NSE,IDO,45142,,NIFTY,,2026-08-18,2026-08-18,24850.00,CE,NIFTY2681824850CE,0.00,0.00,0.00,250.30,0.00,250.30,23869.60,131.45,0,0,0,0.00,0,F1,65,,,,,
2026-07-23,2026-07-23,FO,NSE,IDO,45108,,NIFTY,,2026-08-18,2026-08-18,24450.00,CE,NIFTY2681824450CE,141.30,151.15,113.55,120.70,120.95,163.25,23869.60,120.70,2210,130,37,59122050.00,34,F1,65,,,,,
2026-07-23,2026-07-23,FO,NSE,IDO,45094,,NIFTY,,2026-08-18,2026-08-18,24100.00,CE,NIFTY2681824100CE,264.20,288.40,227.35,246.75,249.35,307.05,23869.60,246.75,11895,390,190,300851804.50,155,F1,65,,,,,
2026-07-23,2026-07-23,FO,NSE,IDO,45045,,NIFTY,,2026-08-18,2026-08-18,23100.00,CE,NIFTY2681823100CE,0.00,0.00,0.00,1215.50,0.00,1215.50,23869.60,990.45,0,0,0,0.00,0,F1,65,,,,,
2026-07-23,2026-07-23,FO,NSE,IDO,45007,,NIFTY,,2026-08-18,2026-08-18,22400.00,CE,NIFTY2681822400CE,0.00,0.00,0.00,1820.55,0.00,1820.55,23869.60,1596.15,0,0,0,0.00,0,F1,65,,,,,
2026-07-23,2026-07-23,FO,NSE,IDO,41043,,NIFTY,,2026-08-11,2026-08-11,25150.00,CE,NIFTY2681125150CE,0.00,0.00,0.00,268.60,0.00,268.60,23869.60,44.90,0,0,0,0.00,0,F1,65,,,,,
2026-07-23,2026-07-23,FO,NSE,IDO,40957,,NIFTY,,2026-08-11,2026-08-11,23200.00,CE,NIFTY2681123200CE,770.90,770.90,749.00,749.00,749.00,1423.10,23869.60,749.00,325,325,5,7789119.00,2,F1,65,,,,,
2026-07-23,2026-07-23,FO,NSE,IDO,40931,,NIFTY,,2026-08-11,2026-08-11,22550.00,CE,NIFTY2681122550CE,0.00,0.00,0.00,2006.75,0.00,2006.75,23869.60,1413.50,0,0,0,0.00,0,F1,65,,,,,
2026-07-23,2026-07-23,FO,NSE,IDO,40923,,NIFTY,,2026-08-11,2026-08-11,22400.00,CE,NIFTY2681122400CE,0.00,0.00,0.00,2148.50,0.00,2148.50,23869.60,1555.25,0,0,0,0.00,0,F1,65,,,,,
2026-07-23,2026-07-23,FO,NSE,IDO,65926,,NIFTY,,2026-08-04,2026-08-04,25200.00,CE,NIFTY2680425200CE,3.95,5.80,3.95,4.90,4.55,6.55,23869.60,4.90,247195,-10465,10244,16783016711.50,5621,F1,65,,,,,
2026-07-23,2026-07-23,FO,NSE,IDO,65910,,NIFTY,,2026-08-04,2026-08-04,24850.00,CE,NIFTY2680424850CE,15.00,15.15,10.30,11.15,11.25,19.00,23869.60,11.15,118105,19175,4924,7957388049.00,3193,F1,65,,,,,
2026-07-23,2026-07-23,FO,NSE,IDO,65680,,NIFTY,,2026-08-04,2026-08-04,23700.00,CE,NIFTY2680423700CE,341.65,401.90,288.00,318.60,328.80,416.75,23869.60,318.60,83915,53950,5935,9270564849.00,3863,F1,65,,,,,
2026-07-23,2026-07-23,FO,NSE,IDO,65449,,NIFTY,,2026-08-04,2026-08-04,22850.00,CE,NIFTY2680422850CE,0.00,0.00,0.00,1360.60,1360.60,1360.60,23869.60,1086.40,65,0,0,0.00,0,F1,65,,,,,
2026-07-23,2026-07-23,FO,NSE,IDO,65437,,NIFTY,,2026-08-04,2026-08-04,22600.00,CE,NIFTY2680422600CE,0.00,0.00,0.00,1491.15,0.00,1491.15,23869.60,1323.55,0,0,0,0.00,0,F1,65,,,,,
2026-07-23,2026-07-23,FO,NSE,IDO,65423,,NIFTY,,2026-08-04,2026-08-04,22300.00,CE,NIFTY2680422300CE,0.00,0.00,0.00,1749.25,0.00,1749.25,23869.60,1616.80,0,0,0,0.00,0,F1,65,,,,,
2026-07-23,2026-07-23,FO,NSE,IDO,65244,,NIFTY,,2026-08-04,2026-08-04,21900.00,CE,NIFTY2680421900CE,0.00,0.00,0.00,2112.90,0.00,2112.90,23869.60,2013.75,0,0,0,0.00,0,F1,65,,,,,
2026-07-23,2026-07-23,FO,NSE,IDO,64006,,NIFTY,,2026-07-28,2026-07-28,25600.00,CE,NIFTY26JUL25600CE,1.40,1.90,0.95,1.15,1.10,1.60,23869.60,1.15,2262845,-144625,66199,110160763713.00,13900,F1,65,,,,,
2026-07-23,2026-07-23,FO,NSE,IDO,63973,,NIFTY,,2026-07-28,2026-07-28,24850.00,CE,NIFTY26JUL24850CE,5.00,5.00,2.65,2.95,2.95,5.80,23869.60,2.95,1683890,576550,232811,376100277865.00,46494,F1,65,,,,,
2026-07-23,2026-07-23,FO,NSE,IDO,63949,,NIFTY,,2026-07-28,2026-07-28,24250.00,CE,NIFTY26JUL24250CE,40.45,42.85,19.30,23.15,24.35,57.20,23869.60,23.15,3748030,315055,453055,714998376209.00,193405,F1,65,,,,,
2026-07-23,2026-07-23,FO,NSE,IDO,63923,,NIFTY,,2026-07-28,2026-07-28,23650.00,CE,NIFTY26JUL23650CE,298.05,376.85,228.85,271.70,281.25,380.85,23869.60,271.70,133900,91715,35315,54931823063.00,26773,F1,65,,,,,
2026-07-23,2026-07-23,FO,NSE,IDO,63857,,NIFTY,,2026-07-28,2026-07-28,22050.00,CE,NIFTY26JUL22050CE,1825.05,1825.05,1825.05,1825.05,1825.05,2230.00,23869.60,1838.00,65,0,1,1551878.25,1,F1,65,,,,,
2026-07-23,2026-07-23,FO,NSE,IDO,63842,,NIFTY,,2026-07-28,2026-07-28,21700.00,CE,NIFTY26JUL21700CE,0.00,0.00,0.00,2305.00,2305.00,2305.00,23869.60,2187.70,0,0,0,0.00,0,F1,65,,,,,
2026-07-23,2026-07-23,FO,NSE,IDO,63819,,NIFTY,,2026-07-28,2026-07-28,21300.00,CE,NIFTY26JUL21300CE,2619.30,2678.00,2615.00,2615.00,2615.00,2675.00,23869.60,2587.35,2015,-715,23,35792890.25,21,F1,65,,,,,
2026-07-23,2026-07-23,FO,NSE,IDO,63813,,NIFTY,,2026-07-28,2026-07-28,21150.00,CE,NIFTY26JUL21150CE,0.00,0.00,0.00,2502.70,2502.70,2502.70,23869.60,2737.25,130,0,0,0.00,0,F1,65,,,,,
2026-07-23,2026-07-23,FO,NSE,IDF,68407,,NIFTY,,2026-09-29,2026-09-29,,,NIFTY26SEPFUT,24189.90,24220.00,24022.00,24082.50,24091.50,24230.30,23869.60,24082.50,699010,109915,4369,6850786234.50,2680,F1,65,,,,,
2026-07-23,2026-07-23,FO,NSE,IDO,63969,,NIFTY,,2026-07-28,2026-07-28,24750.00,CE,NIFTY26JUL24750CE,5.25,6.75,3.20,3.60,3.75,7.50,23869.60,3.60,2022085,162045,223249,359215502317.75,55275,F1,65,,,,,
2026-07-23,2026-07-23,FO,NSE,IDO,65455,,NIFTY,,2026-08-04,2026-08-04,23000.00,CE,NIFTY2680423000CE,940.00,1010.00,845.00,899.55,899.90,1020.35,23869.60,899.55,9100,6175,495,769359594.25,423,F1,65,,,,,
2026-07-23,2026-07-23,FO,NSE,IDO,63840,,NIFTY,,2026-07-28,2026-07-28,21650.00,CE,NIFTY26JUL21650CE,0.00,0.00,0.00,1938.20,1938.20,1938.20,23869.60,2237.65,65,0,0,0.00,0,F1,65,,,,,
2026-07-23,2026-07-23,FO,NSE,IDO,63855,,NIFTY,,2026-07-28,2026-07-28,22000.00,CE,NIFTY26JUL22000CE,1872.10,1996.40,1813.00,1878.65,1892.30,1988.95,23869.60,1878.65,515255,-82095,1639,2546106277.00,1453,F1,65,,,,,
2026-07-23,2026-07-23,FO,NSE,IDO,73884,,NIFTY,,2026-09-29,2026-09-29,22450.00,PE,NIFTY26SEP22450PE,87.95,98.65,81.70,93.35,93.35,82.65,23869.60,93.35,9490,-715,122,178738017.25,72,F1,65,,,,,
2026-07-23,2026-07-23,FO,NSE,IDO,47034,,NIFTY,,2026-09-01,2026-09-01,25200.00,PE,NIFTY2690125200PE,0.00,0.00,0.00,1077.05,0.00,1077.05,23869.60,1300.25,0,0,0,0.00,0,F1,65,,,,,
2026-07-23,2026-07-23,FO,NSE,IDO,61910,,NIFTY,,2026-08-25,2026-08-25,25050.00,PE,NIFTY26AUG25050PE,1050.00,1185.00,1050.00,1185.00,1185.00,796.00,23869.60,1170.55,260,0,2,3401775.00,2,F1,65,,,,,
2026-07-23,2026-07-23,FO,NSE,IDO,45006,,NIFTY,,2026-08-18,2026-08-18,22350.00,PE,NIFTY2681822350PE,20.15,25.00,16.45,25.00,25.00,20.00,23869.60,26.50,2080,715,78,113408954.75,25,F1,65,,,,,
2026-07-23,2026-07-23,FO,NSE,IDO,41046,,NIFTY,,2026-08-11,2026-08-11,25200.00,PE,NIFTY2681125200PE,0.00,0.00,0.00,939.75,939.75,939.75,23869.60,1291.05,65,0,0,0.00,0,F1,65,,,,,
2026-07-23,2026-07-23,FO,NSE,IDO,66014,,NIFTY,,2026-08-04,2026-08-04,25800.00,PE,NIFTY2680425800PE,0.00,0.00,0.00,1454.20,1454.20,1454.20,23869.60,1880.50,65,0,0,0.00,0,F1,65,,,,,
2026-07-23,2026-07-23,FO,NSE,IDO,65861,,NIFTY,,2026-08-04,2026-08-04,24500.00,PE,NIFTY2680424500PE,629.00,712.85,545.00,648.40,642.45,553.45,23869.60,648.40,120445,-2990,1120,1829132682.00,862,F1,65,,,,,
2026-07-23,2026-07-23,FO,NSE,IDO,65219,,NIFTY,,2026-08-04,2026-08-04,21850.00,PE,NIFTY2680421850PE,3.95,4.45,3.40,3.85,3.70,3.80,23869.60,3.85,7475,4680,421,598028239.25,317,F1,65,,,,,
2026-07-23,2026-07-23,FO,NSE,IDO,80272,,NIFTY,,2027-03-30,2027-03-30,24000.00,CE,NIFTY27MAR24000CE,1555.05,1568.00,1469.65,1500.90,1503.40,1590.00,23869.60,1500.90,29705,1820,111,184046079.75,94,F1,65,,,,,
2026-07-23,2026-07-23,FO,NSE,IDO,55332,,NIFTY,,2026-12-29,2026-12-29,31500.00,CE,NIFTY26DEC31500CE,0.00,0.00,0.00,13.80,13.80,13.80,23869.60,13.25,17875,0,0,0.00,0,F1,65,,,,,
2026-07-23,2026-07-23,FO,NSE,IDO,65906,,NIFTY,,2026-09-29,2026-09-29,27000.00,CE,NIFTY26SEP27000CE,13.55,13.65,11.15,11.65,11.25,13.30,23869.60,11.65,1429480,-16640,3954,6942473570.50,2153,F1,65,,,,,
2026-07-23,2026-07-23,FO,NSE,IDO,74442,,NIFTY,,2026-09-29,2026-09-29,26100.00,CE,NIFTY26SEP26100CE,0.00,0.00,0.00,223.80,0.00,223.80,23869.60,134.00,0,0,0,0.00,0,F1,65,,,,,
2026-07-23,2026-07-23,FO,NSE,IDO,73899,,NIFTY,,2026-09-29,2026-09-29,22900.00,CE,NIFTY26SEP22900CE,1350.00,1350.00,1350.00,1350.00,1350.00,1587.00,23869.60,1475.30,390,65,1,1576250.00,1,F1,65,,,,,
2026-07-23,2026-07-23,FO,NSE,IDO,47041,,NIFTY,,2026-09-01,2026-09-01,25400.00,CE,NIFTY2690125400CE,0.00,0.00,0.00,191.80,0.00,191.80,23869.60,117.35,0,0,0,0.00,0,F1,65,,,,,
2026-07-23,2026-07-23,FO,NSE,IDO,46965,,NIFTY,,2026-09-01,2026-09-01,23500.00,CE,NIFTY2690123500CE,775.70,775.70,657.30,666.60,666.60,784.20,23869.60,837.65,650,455,8,12585488.50,5,F1,65,,,,,
2026-07-23,2026-07-23,FO,NSE,IDO,46927,,NIFTY,,2026-09-01,2026-09-01,22550.00,CE,NIFTY2690122550CE,0.00,0.00,0.00,1849.95,0.00,1849.95,23869.60,1562.50,0,0,0,0.00,0,F1,65,,,,,
2026-07-23,2026-07-23,FO,NSE,IDO,61428,,NIFTY,,2026-08-25,2026-08-25,23000.00,CE,NIFTY26AUG23000CE,1069.95,1128.35,977.00,1024.20,1026.30,1147.15,23869.60,1024.20,387595,46345,2502,3910755455.75,2067,F1,65,,,,,
2026-07-23,2026-07-23,FO,NSE,IDO,45080,,NIFTY,,2026-08-18,2026-08-18,23850.00,CE,NIFTY2681823850CE,400.00,410.75,341.25,366.60,370.00,447.95,23869.60,366.60,2860,2600,101,158972710.00,79,F1,65,,,,,
2026-07-23,2026-07-23,FO,NSE,IDO,45052,,NIFTY,,2026-08-18,2026-08-18,23250.00,CE,NIFTY2681823250CE,0.00,0.00,0.00,1098.45,0.00,1098.45,23869.60,876.75,0,0,0,0.00,0,F1,65,,,,,
2026-07-23,2026-07-23,FO,NSE,IDO,45039,,NIFTY,,2026-08-18,2026-08-18,23000.00,CE,NIFTY2681823000CE,0.00,0.00,0.00,1296.35,0.00,1296.35,23869.60,1070.40,0,0,0,0.00,0,F1,65,,,,,
2026-07-23,2026-07-23,FO,NSE,IDO,64021,,NIFTY,,2026-07-28,2026-07-28,25900.00,CE,NIFTY26JUL25900CE,1.25,1.55,0.75,0.90,0.80,1.35,23869.60,0.90,396110,-106925,38469,64765493172.25,14967,F1,65,,,,,
2026-07-23,2026-07-23,FO,NSE,IDO,41080,,NIFTY,,2026-08-11,2026-08-11,26000.00,PE,NIFTY2681126000PE,2030.20,2109.10,2030.20,2109.10,2109.10,1940.00,23869.60,2053.75,260,0,3,5472983.75,3,F1,65,,,,,
2026-07-23,2026-07-23,FO,NSE,IDO,74371,,NIFTY,,2026-09-29,2026-09-29,25150.00,PE,NIFTY26SEP25150PE,0.00,0.00,0.00,1080.65,1080.65,1080.65,23869.60,1295.95,130,0,0,0.00,0,F1,65,,,,,
2026-07-23,2026-07-23,FO,NSE,IDO,74390,,NIFTY,,2026-09-29,2026-09-29,25350.00,PE,NIFTY26SEP25350PE,0.00,0.00,0.00,1488.65,0.00,1488.65,23869.60,1443.10,0,0,0,0.00,0,F1,65,,,,,
2026-07-23,2026-07-23,FO,NSE,IDO,55325,,NIFTY,,2026-12-29,2026-12-29,19500.00,PE,NIFTY26DEC19500PE,46.05,49.35,44.65,47.75,46.80,46.05,23869.60,47.75,67665,650,56,71151713.75,39,F1,65,,,,,
2026-07-23,2026-07-23,FO,NSE,IDO,71504,,NIFTY,,2026-12-29,2026-12-29,25000.00,PE,NIFTY26DEC25000PE,999.95,1064.35,950.00,1022.90,1019.90,951.30,23869.60,1022.90,1748895,-13375,2013,3404479071.50,1679,F1,65,,,,,
2026-07-23,2026-07-23,FO,NSE,IDO,55331,,NIFTY,,2026-12-29,2026-12-29,28500.00,PE,NIFTY26DEC28500PE,0.00,0.00,0.00,1948.15,0.00,1948.15,23869.60,3941.95,0,0,0,0.00,0,F1,65,,,,,
2026-07-23,2026-07-23,FO,NSE,IDO,80275,,NIFTY,,2027-03-30,2027-03-30,25500.00,PE,NIFTY27MAR25500PE,1230.00,1314.95,1209.00,1263.30,1260.00,1209.55,23869.60,1263.30,29900,5070,113,196676424.75,93,F1,65,,,,,
2026-07-23,2026-07-23,FO,NSE,IDO,80310,,NIFTY,,2027-03-30,2027-03-30,30000.00,PE,NIFTY27MAR30000PE,0.00,0.00,0.00,5754.50,5754.50,5754.50,23869.60,4963.10,130,0,0,0.00,0,F1,65,,,,,
2026-07-23,2026-07-23,FO,NSE,IDO,80312,,NIFTY,,2027-03-30,2027-03-30,31500.00,PE,NIFTY27MAR31500PE,0.00,0.00,0.00,7066.15,0.00,7066.15,23869.60,6310.35,0,0,0,0.00,0,F1,65,,,,,
2026-07-23,2026-07-23,FO,NSE,IDO,71561,,NIFTY,,2027-06-29,2027-06-29,24000.00,PE,NIFTY27JUN24000PE,0.00,0.00,0.00,5056.20,0.00,5056.20,23869.60,940.70,0,0,0,0.00,0,F1,65,,,,,
2026-07-23,2026-07-23,FO,NSE,IDO,55381,,NIFTY,,2027-06-29,2027-06-29,31500.00,PE,NIFTY27JUN31500PE,0.00,0.00,0.00,3604.70,0.00,3604.70,23869.60,5930.75,0,0,0,0.00,0,F1,65,,,,,
2026-07-23,2026-07-23,FO,NSE,IDO,53595,,NIFTY,,2027-12-28,2027-12-28,15000.00,PE,NIFTY27DEC15000PE,0.00,0.00,0.00,39.00,39.00,39.00,23869.60,3.00,625,0,0,0.00,0,F1,65,,,,,
2026-07-23,2026-07-23,FO,NSE,IDO,53617,,NIFTY,,2027-12-28,2027-12-28,22000.00,PE,NIFTY27DEC22000PE,432.00,455.80,421.40,447.00,447.00,439.65,23869.60,462.35,29420,65,16,23333651.25,14,F1,65,,,,,
2026-07-23,2026-07-23,FO,NSE,IDO,86146,,NIFTY,,2028-06-27,2028-06-27,21000.00,PE,NIFTY28JUN21000PE,0.00,0.00,0.00,907.20,0.00,907.20,23869.60,341.05,0,0,0,0.00,0,F1,65,,,,,
2026-07-23,2026-07-23,FO,NSE,IDO,67771,,NIFTY,,2028-12-26,2028-12-26,18000.00,PE,NIFTY28DEC18000PE,0.00,0.00,0.00,250.00,250.00,250.00,23869.60,94.35,75,0,0,0.00,0,F1,65,,,,,
2026-07-23,2026-07-23,FO,NSE,IDO,67785,,NIFTY,,2028-12-26,2028-12-26,25000.00,PE,NIFTY28DEC25000PE,0.00,0.00,0.00,1200.00,1200.00,1200.00,23869.60,1285.80,5620,0,0,0.00,0,F1,65,,,,,
2026-07-23,2026-07-23,FO,NSE,IDO,89625,,NIFTY,,2029-06-26,2029-06-26,21000.00,PE,NIFTY29JUN21000PE,0.00,0.00,0.00,320.25,0.00,320.25,23869.60,387.05,0,0,0,0.00,0,F1,65,,,,,
2026-07-23,2026-07-23,FO,NSE,IDO,55567,,NIFTY,,2029-06-26,2029-06-26,31500.00,PE,NIFTY29JUN31500PE,0.00,0.00,0.00,2443.35,0.00,2443.35,23869.60,4014.80,0,0,0,0.00,0,F1,65,,,,,
2026-07-23,2026-07-23,FO,NSE,IDO,55641,,NIFTY,,2030-06-25,2030-06-25,16500.00,PE,NIFTY30JUN16500PE,0.00,0.00,0.00,12.00,0.00,12.00,23869.60,66.35,0,0,0,0.00,0,F1,65,,,,,
2026-07-23,2026-07-23,FO,NSE,IDO,55643,,NIFTY,,2030-06-25,2030-06-25,19500.00,PE,NIFTY30JUN19500PE,0.00,0.00,0.00,64.95,0.00,64.95,23869.60,238.35,0,0,0,0.00,0,F1,65,,,,,
2026-07-23,2026-07-23,FO,NSE,IDO,73871,,NIFTY,,2026-09-29,2026-09-29,22150.00,CE,NIFTY26SEP22150CE,0.00,0.00,0.00,2200.35,0.00,2200.35,23869.60,2084.40,0,0,0,0.00,0,F1,65,,,,,
2026-07-23,2026-07-23,FO,NSE,IDO,63838,,NIFTY,,2026-07-28,2026-07-28,21600.00,CE,NIFTY26JUL21600CE,0.00,0.00,0.00,2783.40,0.00,2783.40,23869.60,2287.60,0,0,0,0.00,0,F1,65,,,,,
2026-07-23,2026-07-23,FO,NSE,IDO,63869,,NIFTY,,2026-07-28,2026-07-28,22350.00,CE,NIFTY26JUL22350CE,0.00,0.00,0.00,1636.55,1636.55,1636.55,23869.60,1538.25,260,0,0,0.00,0,F1,65,,,,,
2026-07-23,2026-07-23,FO,NSE,IDO,63897,,NIFTY,,2026-07-28,2026-07-28,23050.00,CE,NIFTY26JUL23050CE,899.10,899.20,768.30,823.05,823.05,958.35,23869.60,823.05,1235,-520,21,32642070.50,13,F1,65,,,,,
2026-07-23,2026-07-23,FO,NSE,IDO,63823,,NIFTY,,2026-07-28,2026-07-28,21350.00,CE,NIFTY26JUL21350CE,0.00,0.00,0.00,3009.55,0.00,3009.55,23869.60,2537.40,0,0,0,0.00,0,F1,65,,,,,
2026-07-23,2026-07-23,FO,NSE,IDO,63881,,NIFTY,,2026-07-28,2026-07-28,22650.00,CE,NIFTY26JUL22650CE,1306.20,1330.10,1202.60,1260.95,1260.95,1336.75,23869.60,1260.95,3380,-3185,104,161917232.75,104,F1,65,,,,,
2026-07-23,2026-07-23,FO,NSE,IDO,63885,,NIFTY,,2026-07-28,2026-07-28,22750.00,CE,NIFTY26JUL22750CE,1198.30,1219.30,1080.40,1156.45,1156.45,1200.40,23869.60,1156.45,4420,-13000,267,415578406.75,267,F1,65,,,,,
2026-07-23,2026-07-23,FO,NSE,IDO,63935,,NIFTY,,2026-07-28,2026-07-28,23900.00,CE,NIFTY26JUL23900CE,158.95,186.95,91.50,114.50,121.00,201.45,23869.60,114.50,6888115,5192135,2295655,3586253728645.25,1275497,F1,65,,,,,
2026-07-23,2026-07-23,FO,NSE,IDO,63947,,NIFTY,,2026-07-28,2026-07-28,24200.00,CE,NIFTY26JUL24200CE,50.10,54.75,24.40,29.45,30.80,70.10,23869.60,29.45,12875915,-2245165,1255162,1977487181208.50,503915,F1,65,,,,,
2026-07-23,2026-07-23,FO,NSE,IDO,63977,,NIFTY,,2026-07-28,2026-07-28,24950.00,CE,NIFTY26JUL24950CE,4.70,4.70,2.30,2.55,2.45,4.75,23869.60,2.55,2318745,-1973205,187069,303416422913.50,44138,F1,65,,,,,
2026-07-23,2026-07-23,FO,NSE,IDO,63985,,NIFTY,,2026-07-28,2026-07-28,25150.00,CE,NIFTY26JUL25150CE,2.75,3.05,1.65,1.85,1.75,3.10,23869.60,1.85,986635,-107835,64384,105260849986.50,15812,F1,65,,,,,
2026-07-23,2026-07-23,FO,NSE,IDO,65350,,NIFTY,,2026-08-04,2026-08-04,21950.00,CE,NIFTY2680421950CE,0.00,0.00,0.00,2066.45,0.00,2066.45,23869.60,1963.95,0,0,0,0.00,0,F1,65,,,,,
2026-07-23,2026-07-23,FO,NSE,IDO,65413,,NIFTY,,2026-08-04,2026-08-04,22100.00,CE,NIFTY2680422100CE,0.00,0.00,0.00,1928.70,0.00,1928.70,23869.60,1814.80,0,0,0,0.00,0,F1,65,,,,,
2026-07-23,2026-07-23,FO,NSE,IDO,65519,,NIFTY,,2026-08-04,2026-08-04,23050.00,CE,NIFTY2680423050CE,0.00,0.00,0.00,973.75,973.75,973.75,23869.60,905.05,260,0,0,0.00,0,F1,65,,,,,
2026-07-23,2026-07-23,FO,NSE,IDO,65533,,NIFTY,,2026-08-04,2026-08-04,23400.00,CE,NIFTY2680423400CE,559.20,639.95,497.30,543.65,550.00,650.80,23869.60,543.65,22620,16900,599,931818855.50,342,F1,65,,,,,
2026-07-23,2026-07-23,FO,NSE,IDO,65695,,NIFTY,,2026-08-04,2026-08-04,24050.00,CE,NIFTY2680424050CE,167.75,192.60,125.00,140.95,144.00,207.25,23869.60,140.95,238225,35750,11545,18165362715.50,8800,F1,65,,,,,
2026-07-23,2026-07-23,FO,NSE,IDO,65998,,NIFTY,,2026-08-04,2026-08-04,25650.00,CE,NIFTY2680425650CE,2.50,3.65,2.50,3.15,3.60,3.00,23869.60,3.15,8775,1365,51,85039493.50,27,F1,65,,,,,
2026-07-23,2026-07-23,FO,NSE,IDO,40891,,NIFTY,,2026-08-11,2026-08-11,21750.00,CE,NIFTY2681121750CE,0.00,0.00,0.00,2778.90,0.00,2778.90,23869.60,2190.10,0,0,0,0.00,0,F1,65,,,,,
2026-07-23,2026-07-23,FO,NSE,IDO,40911,,NIFTY,,2026-08-11,2026-08-11,22100.00,CE,NIFTY2681122100CE,0.00,0.00,0.00,2436.90,0.00,2436.90,23869.60,1845.35,0,0,0,0.00,0,F1,65,,,,,
2026-07-23,2026-07-23,FO,NSE,IDO,40926,,NIFTY,,2026-08-11,2026-08-11,22450.00,CE,NIFTY2681122450CE,0.00,0.00,0.00,2101.00,0.00,2101.00,23869.60,1507.70,0,0,0,0.00,0,F1,65,,,,,
2026-07-23,2026-07-23,FO,NSE,IDO,40969,,NIFTY,,2026-08-11,2026-08-11,23500.00,CE,NIFTY2681123500CE,569.50,619.95,495.40,529.55,536.00,634.95,23869.60,529.55,17420,-5915,865,1353101126.00,509,F1,65,,,,,
2026-07-23,2026-07-23,FO,NSE,IDO,40995,,NIFTY,,2026-08-11,2026-08-11,24100.00,CE,NIFTY2681124100CE,221.35,235.15,172.00,188.75,190.60,252.95,23869.60,188.75,150605,39520,2608,4120143462.50,1840,F1,65,,,,,
2026-07-23,2026-07-23,FO,NSE,IDO,41001,,NIFTY,,2026-08-11,2026-08-11,24250.00,CE,NIFTY2681124250CE,160.00,173.75,124.45,136.15,138.25,185.70,23869.60,136.15,71370,35360,1183,1875624994.75,720,F1,65,,,,,
2026-07-23,2026-07-23,FO,NSE,IDO,41017,,NIFTY,,2026-08-11,2026-08-11,24650.00,CE,NIFTY2681124650CE,0.00,0.00,0.00,458.25,0.00,458.25,23869.60,120.95,0,0,0,0.00,0,F1,65,,,,,
2026-07-23,2026-07-23,FO,NSE,IDO,41041,,NIFTY,,2026-08-11,2026-08-11,25100.00,CE,NIFTY2681125100CE,0.00,0.00,0.00,284.40,0.00,284.40,23869.60,50.00,0,0,0,0.00,0,F1,65,,,,,
2026-07-23,2026-07-23,FO,NSE,IDO,41073,,NIFTY,,2026-08-11,2026-08-11,25850.00,CE,NIFTY2681125850CE,4.15,4.65,3.70,4.65,4.65,4.80,23869.60,8.30,455,195,14,23527341.50,7,F1,65,,,,,
2026-07-23,2026-07-23,FO,NSE,IDO,45003,,NIFTY,,2026-08-18,2026-08-18,22300.00,CE,NIFTY2681822300CE,0.00,0.00,0.00,1912.95,0.00,1912.95,23869.60,1689.55,0,0,0,0.00,0,F1,65,,,,,
2026-07-23,2026-07-23,FO,NSE,IDO,45043,,NIFTY,,2026-08-18,2026-08-18,23050.00,CE,NIFTY2681823050CE,0.00,0.00,0.00,1255.65,0.00,1255.65,23869.60,1030.10,0,0,0,0.00,0,F1,65,,,,,
2026-07-23,2026-07-23,FO,NSE,IDO,45056,,NIFTY,,2026-08-18,2026-08-18,23350.00,CE,NIFTY2681823350CE,686.00,704.20,686.00,704.20,704.20,1024.40,23869.60,803.00,195,195,3,4689386.00,2,F1,65,,,,,
2026-07-23,2026-07-23,FO,NSE,IDO,45058,,NIFTY,,2026-08-18,2026-08-18,23400.00,CE,NIFTY2681823400CE,0.00,0.00,0.00,986.80,0.00,986.80,23869.60,767.85,0,0,0,0.00,0,F1,65,,,,,
2026-07-23,2026-07-23,FO,NSE,IDO,45112,,NIFTY,,2026-08-18,2026-08-18,24550.00,CE,NIFTY2681824550CE,112.95,122.05,90.90,98.10,100.35,134.95,23869.60,98.10,1495,-325,60,96160489.75,41,F1,65,,,,,
2026-07-23,2026-07-23,FO,NSE,IDO,45150,,NIFTY,,2026-08-18,2026-08-18,25050.00,CE,NIFTY2681825050CE,0.00,0.00,0.00,197.65,0.00,197.65,23869.60,95.35,0,0,0,0.00,0,F1,65,,,,,
2026-07-23,2026-07-23,FO,NSE,IDO,45154,,NIFTY,,2026-08-18,2026-08-18,25150.00,CE,NIFTY2681825150CE,0.00,0.00,0.00,173.50,0.00,173.50,23869.60,80.60,0,0,0,0.00,0,F1,65,,,,,
2026-07-23,2026-07-23,FO,NSE,IDO,61389,,NIFTY,,2026-08-25,2026-08-25,22450.00,CE,NIFTY26AUG22450CE,0.00,0.00,0.00,1994.00,1994.00,1994.00,23869.60,1603.50,65,0,0,0.00,0,F1,65,,,,,
2026-07-23,2026-07-23,FO,NSE,IDO,61587,,NIFTY,,2026-08-25,2026-08-25,23950.00,CE,NIFTY26AUG23950CE,421.95,424.30,340.20,364.00,370.00,444.65,23869.60,364.00,32500,20605,1216,1923735713.25,848,F1,65,,,,,
2026-07-23,2026-07-23,FO,NSE,IDO,61793,,NIFTY,,2026-08-25,2026-08-25,24700.00,CE,NIFTY26AUG24700CE,106.80,118.00,88.80,96.25,97.00,126.90,23869.60,96.25,490815,101790,12755,20560441694.00,8621,F1,65,,,,,
2026-07-23,2026-07-23,FO,NSE,IDO,61929,,NIFTY,,2026-08-25,2026-08-25,25200.00,CE,NIFTY26AUG25200CE,37.00,39.35,29.00,31.20,30.40,42.30,23869.60,31.20,632970,-49270,11623,19063621833.75,6689,F1,65,,,,,
2026-07-23,2026-07-23,FO,NSE,IDO,61931,,NIFTY,,2026-08-25,2026-08-25,25250.00,CE,NIFTY26AUG25250CE,0.00,0.00,0.00,447.25,0.00,447.25,23869.60,104.85,0,0,0,0.00,0,F1,65,,,,,
2026-07-23,2026-07-23,FO,NSE,IDO,62038,,NIFTY,,2026-08-25,2026-08-25,26000.00,CE,NIFTY26AUG26000CE,8.25,9.80,5.95,7.05,6.90,9.15,23869.60,7.05,1820910,151515,18140,30665909062.75,11606,F1,65,,,,,
2026-07-23,2026-07-23,FO,NSE,IDO,46947,,NIFTY,,2026-09-01,2026-09-01,23050.00,CE,NIFTY2690123050CE,0.00,0.00,0.00,1418.95,0.00,1418.95,23869.60,1154.95,0,0,0,0.00,0,F1,65,,,,,
2026-07-23,2026-07-23,FO,NSE,IDO,46955,,NIFTY,,2026-09-01,2026-09-01,23250.00,CE,NIFTY2690123250CE,0.00,0.00,0.00,1259.15,0.00,1259.15,23869.60,1007.25,0,0,0,0.00,0,F1,65,,,,,
2026-07-23,2026-07-23,FO,NSE,IDO,46967,,NIFTY,,2026-09-01,2026-09-01,23550.00,CE,NIFTY2690123550CE,0.00,0.00,0.00,1035.90,0.00,1035.90,23869.60,805.80,0,0,0,0.00,0,F1,65,,,,,
2026-07-23,2026-07-23,FO,NSE,IDO,47033,,NIFTY,,2026-09-01,2026-09-01,25200.00,CE,NIFTY2690125200CE,0.00,0.00,0.00,240.15,0.00,240.15,23869.60,151.75,0,0,0,0.00,0,F1,65,,,,,
2026-07-23,2026-07-23,FO,NSE,IDO,47045,,NIFTY,,2026-09-01,2026-09-01,25500.00,CE,NIFTY2690125500CE,0.00,0.00,0.00,170.60,0.00,170.60,23869.60,102.70,0,0,0,0.00,0,F1,65,,,,,
2026-07-23,2026-07-23,FO,NSE,IDO,47059,,NIFTY,,2026-09-01,2026-09-01,25850.00,CE,NIFTY2690125850CE,0.00,0.00,0.00,110.80,0.00,110.80,23869.60,62.90,0,0,0,0.00,0,F1,65,,,,,
2026-07-23,2026-07-23,FO,NSE,IDO,73854,,NIFTY,,2026-09-29,2026-09-29,21850.00,CE,NIFTY26SEP21850CE,0.00,0.00,0.00,2455.30,0.00,2455.30,23869.60,2349.55,0,0,0,0.00,0,F1,65,,,,,
2026-07-23,2026-07-23,FO,NSE,IDO,73865,,NIFTY,,2026-09-29,2026-09-29,22000.00,CE,NIFTY26SEP22000CE,2149.95,2207.95,2058.00,2097.00,2100.00,2221.45,23869.60,2097.00,14885,8255,149,233384768.50,126,F1,65,,,,,
2026-07-23,2026-07-23,FO,NSE,IDO,73883,,NIFTY,,2026-09-29,2026-09-29,22450.00,CE,NIFTY26SEP22450CE,0.00,0.00,0.00,1843.95,1843.95,1843.95,23869.60,1830.40,65,0,0,0.00,0,F1,65,,,,,
2026-07-23,2026-07-23,FO,NSE,IDO,73885,,NIFTY,,2026-09-29,2026-09-29,22550.00,CE,NIFTY26SEP22550CE,0.00,0.00,0.00,1786.75,1786.75,1786.75,23869.60,1748.60,260,0,0,0.00,0,F1,65,,,,,
2026-07-23,2026-07-23,FO,NSE,IDO,73891,,NIFTY,,2026-09-29,2026-09-29,22700.00,CE,NIFTY26SEP22700CE,0.00,0.00,0.00,1578.55,1578.55,1578.55,23869.60,1628.90,130,0,0,0.00,0,F1,65,,,,,
2026-07-23,2026-07-23,FO,NSE,IDO,73908,,NIFTY,,2026-09-29,2026-09-29,23150.00,CE,NIFTY26SEP23150CE,0.00,0.00,0.00,1302.00,1302.00,1302.00,23869.60,1293.40,585,0,0,0.00,0,F1,65,,,,,
2026-07-23,2026-07-23,FO,NSE,IDO,74112,,NIFTY,,2026-09-29,2026-09-29,24350.00,CE,NIFTY26SEP24350CE,430.00,430.00,376.90,386.70,386.70,460.35,23869.60,606.85,5655,975,43,69176718.00,30,F1,65,,,,,
2026-07-23,2026-07-23,FO,NSE,IDO,74289,,NIFTY,,2026-09-29,2026-09-29,24600.00,CE,NIFTY26SEP24600CE,311.60,327.80,277.30,290.65,288.50,344.15,23869.60,290.65,66885,-5460,814,1317532346.00,444,F1,65,,,,,
2026-07-23,2026-07-23,FO,NSE,IDO,74351,,NIFTY,,2026-09-29,2026-09-29,24650.00,CE,NIFTY26SEP24650CE,299.25,308.65,259.40,270.95,270.95,336.60,23869.60,270.95,8645,1365,68,110212079.25,48,F1,65,,,,,
2026-07-23,2026-07-23,FO,NSE,IDO,74355,,NIFTY,,2026-09-29,2026-09-29,24750.00,CE,NIFTY26SEP24750CE,259.00,273.20,229.15,239.55,239.55,289.15,23869.60,239.55,33150,1430,210,341290079.00,150,F1,65,,,,,
2026-07-23,2026-07-23,FO,NSE,IDO,74365,,NIFTY,,2026-09-29,2026-09-29,25000.00,CE,NIFTY26SEP25000CE,207.00,207.00,162.10,169.85,166.30,206.85,23869.60,169.85,899405,68705,9483,15519154332.50,5378,F1,65,,,,,
2026-07-23,2026-07-23,FO,NSE,IDO,74395,,NIFTY,,2026-09-29,2026-09-29,25450.00,CE,NIFTY26SEP25450CE,0.00,0.00,0.00,366.00,0.00,366.00,23869.60,248.95,0,0,0,0.00,0,F1,65,,,,,
2026-07-23,2026-07-23,FO,NSE,IDO,74397,,NIFTY,,2026-09-29,2026-09-29,25550.00,CE,NIFTY26SEP25550CE,0.00,0.00,0.00,340.30,0.00,340.30,23869.60,227.35,0,0,0,0.00,0,F1,65,,,,,
2026-07-23,2026-07-23,FO,NSE,IDO,74416,,NIFTY,,2026-09-29,2026-09-29,25700.00,CE,NIFTY26SEP25700CE,0.00,0.00,0.00,305.70,0.00,305.70,23869.60,197.80,0,0,0,0.00,0,F1,65,,,,,
2026-07-23,2026-07-23,FO,NSE,IDO,74426,,NIFTY,,2026-09-29,2026-09-29,25900.00,CE,NIFTY26SEP25900CE,0.00,0.00,0.00,261.75,0.00,261.75,23869.60,163.35,0,0,0,0.00,0,F1,65,,,,,
2026-07-23,2026-07-23,FO,NSE,IDO,74438,,NIFTY,,2026-09-29,2026-09-29,26050.00,CE,NIFTY26SEP26050CE,0.00,0.00,0.00,232.80,0.00,232.80,23869.60,140.90,0,0,0,0.00,0,F1,65,,,,,
2026-07-23,2026-07-23,FO,NSE,IDO,65923,,NIFTY,,2026-09-29,2026-09-29,30000.00,CE,NIFTY26SEP30000CE,3.85,3.95,3.00,3.15,3.00,3.65,23869.60,3.15,322835,8125,1194,2328555677.50,807,F1,65,,,,,
2026-07-23,2026-07-23,FO,NSE,IDO,71503,,NIFTY,,2026-12-29,2026-12-29,25000.00,CE,NIFTY26DEC25000CE,580.00,603.90,543.00,558.65,560.00,617.20,23869.60,558.65,2077700,46140,4854,8067011316.00,3370,F1,65,,,,,
2026-07-23,2026-07-23,FO,NSE,IDO,71505,,NIFTY,,2026-12-29,2026-12-29,26000.00,CE,NIFTY26DEC26000CE,274.00,276.45,242.60,250.00,250.00,280.60,23869.60,250.00,2460680,70190,6771,11556104816.75,4354,F1,65,,,,,
2026-07-23,2026-07-23,FO,NSE,IDO,35262,,NIFTY,,2027-06-29,2027-06-29,30000.00,CE,NIFTY27JUN30000CE,0.00,0.00,0.00,1478.40,0.00,1478.40,23869.60,335.00,0,0,0,0.00,0,F1,65,,,,,
2026-07-23,2026-07-23,FO,NSE,IDO,53624,,NIFTY,,2027-12-28,2027-12-28,24000.00,CE,NIFTY27DEC24000CE,2810.00,2862.00,2740.10,2745.10,2747.00,2865.75,23869.60,2745.10,26325,260,24,41770904.50,19,F1,65,,,,,
2026-07-23,2026-07-23,FO,NSE,IDO,67770,,NIFTY,,2028-12-26,2028-12-26,18000.00,CE,NIFTY28DEC18000CE,0.00,0.00,0.00,9380.30,0.00,9380.30,23869.60,8635.05,0,0,0,0.00,0,F1,65,,,,,
2026-07-23,2026-07-23,FO,NSE,IDO,67782,,NIFTY,,2028-12-26,2028-12-26,24000.00,CE,NIFTY28DEC24000CE,4450.00,4450.00,4450.00,4450.00,4450.00,4664.35,23869.60,4418.85,260,0,1,1849250.00,1,F1,65,,,,,
2026-07-23,2026-07-23,FO,NSE,IDO,55522,,NIFTY,,2028-12-26,2028-12-26,25500.00,CE,NIFTY28DEC25500CE,3500.00,3500.00,3500.00,3500.00,3500.00,4450.00,23869.60,3607.60,130,0,2,3770000.00,1,F1,65,,,,,
2026-07-23,2026-07-23,FO,NSE,IDO,67790,,NIFTY,,2028-12-26,2028-12-26,28000.00,CE,NIFTY28DEC28000CE,0.00,0.00,0.00,1701.00,1701.00,1701.00,23869.60,2502.30,6250,0,0,0.00,0,F1,65,,,,,
2026-07-23,2026-07-23,FO,NSE,IDO,55524,,NIFTY,,2028-12-26,2028-12-26,28500.00,CE,NIFTY28DEC28500CE,0.00,0.00,0.00,3608.65,0.00,3608.65,23869.60,2316.60,0,0,0,0.00,0,F1,65,,,,,
2026-07-23,2026-07-23,FO,NSE,IDO,67794,,NIFTY,,2028-12-26,2028-12-26,30000.00,CE,NIFTY28DEC30000CE,0.00,0.00,0.00,1151.00,1151.00,1151.00,23869.60,1825.05,10450,0,0,0.00,0,F1,65,,,,,
2026-07-23,2026-07-23,FO,NSE,IDO,60904,,NIFTY,,2030-06-25,2030-06-25,24000.00,CE,NIFTY30JUN24000CE,0.00,0.00,0.00,8591.55,0.00,8591.55,23869.60,6250.90,0,0,0,0.00,0,F1,65,,,,,
2026-07-23,2026-07-23,FO,NSE,IDO,55704,,NIFTY,,2030-12-31,2030-12-31,22500.00,CE,NIFTY30DEC22500CE,0.00,0.00,0.00,9536.95,0.00,9536.95,23869.60,7689.75,0,0,0,0.00,0,F1,65,,,,,
2026-07-23,2026-07-23,FO,NSE,IDO,55758,,NIFTY,,2030-12-31,2030-12-31,27000.00,CE,NIFTY30DEC27000CE,0.00,0.00,0.00,6772.80,0.00,6772.80,23869.60,5314.65,0,0,0,0.00,0,F1,65,,,,,
2026-07-23,2026-07-23,FO,NSE,IDO,63832,,NIFTY,,2026-07-28,2026-07-28,21500.00,PE,NIFTY26JUL21500PE,1.20,1.65,0.75,0.85,0.80,1.15,23869.60,0.85,1946555,83785,38304,53532775757.50,9237,F1,65,,,,,
2026-07-23,2026-07-23,FO,NSE,IDO,63858,,NIFTY,,2026-07-28,2026-07-28,22050.00,PE,NIFTY26JUL22050PE,1.70,2.25,1.15,1.30,1.15,1.65,23869.60,1.30,69420,21840,3073,4404694047.00,1540,F1,65,,,,,
2026-07-23,2026-07-23,FO,NSE,IDO,63872,,NIFTY,,2026-07-28,2026-07-28,22400.00,PE,NIFTY26JUL22400PE,2.65,3.00,1.45,1.80,1.70,2.20,23869.60,1.80,1404065,1016860,68590,99875741212.00,14619,F1,65,,,,,
2026-07-23,2026-07-23,FO,NSE,IDO,63894,,NIFTY,,2026-07-28,2026-07-28,22950.00,PE,NIFTY26JUL22950PE,4.60,6.85,2.85,3.25,3.05,4.60,23869.60,3.25,930085,92170,132210,197260249316.00,37917,F1,65,,,,,
2026-07-23,2026-07-23,FO,NSE,IDO,63912,,NIFTY,,2026-07-28,2026-07-28,23400.00,PE,NIFTY26JUL23400PE,17.30,25.20,9.95,14.75,14.25,16.50,23869.60,14.75,5488535,2240745,574196,873965379537.25,183100,F1,65,,,,,
2026-07-23,2026-07-23,FO,NSE,IDO,63960,,NIFTY,,2026-07-28,2026-07-28,24500.00,PE,NIFTY26JUL24500PE,614.95,703.20,515.00,629.60,625.00,532.45,23869.60,629.60,2544945,-430820,28057,45769157505.50,19711,F1,65,,,,,
2026-07-23,2026-07-23,FO,NSE,IDO,63964,,NIFTY,,2026-07-28,2026-07-28,24600.00,PE,NIFTY26JUL24600PE,707.30,800.00,611.60,723.85,722.35,625.10,23869.60,723.85,394680,-98540,4296,7061265610.75,3528,F1,65,,,,,
2026-07-23,2026-07-23,FO,NSE,IDO,63978,,NIFTY,,2026-07-28,2026-07-28,24950.00,PE,NIFTY26JUL24950PE,1030.70,1124.45,973.10,1070.10,1068.45,959.05,23869.60,1070.10,12870,455,71,120004547.00,51,F1,65,,,,,
2026-07-23,2026-07-23,FO,NSE,IDO,64030,,NIFTY,,2026-07-28,2026-07-28,26100.00,PE,NIFTY26JUL26100PE,2155.00,2250.00,2155.00,2208.90,2208.90,2120.00,23869.60,2208.70,35165,-130,3,5519403.50,3,F1,65,,,,,
2026-07-23,2026-07-23,FO,NSE,IDO,65859,,NIFTY,,2026-08-04,2026-08-04,24450.00,PE,NIFTY2680424450PE,553.00,660.00,510.00,605.50,605.35,510.75,23869.60,605.50,3185,-325,66,107311064.25,54,F1,65,,,,,
2026-07-23,2026-07-23,FO,NSE,IDO,65939,,NIFTY,,2026-08-04,2026-08-04,25400.00,PE,NIFTY2680425400PE,1445.00,1445.00,1445.00,1445.00,1445.00,1520.05,23869.60,1486.60,65,65,1,1744925.00,1,F1,65,,,,,
2026-07-23,2026-07-23,FO,NSE,IDO,66067,,NIFTY,,2026-08-04,2026-08-04,26200.00,PE,NIFTY2680426200PE,0.00,0.00,0.00,2231.65,0.00,2231.65,23869.60,2278.40,0,0,0,0.00,0,F1,65,,,,,
2026-07-23,2026-07-23,FO,NSE,IDO,40910,,NIFTY,,2026-08-11,2026-08-11,22050.00,PE,NIFTY2681122050PE,9.80,10.35,9.35,10.35,10.35,9.30,23869.60,5.05,2340,325,26,37281127.00,16,F1,65,,,,,
2026-07-23,2026-07-23,FO,NSE,IDO,40912,,NIFTY,,2026-08-11,2026-08-11,22100.00,PE,NIFTY2681122100PE,9.35,12.15,8.75,9.70,9.05,9.65,23869.60,9.70,6695,260,116,166708821.50,81,F1,65,,,,,
2026-07-23,2026-07-23,FO,NSE,IDO,40922,,NIFTY,,2026-08-11,2026-08-11,22350.00,PE,NIFTY2681122350PE,12.00,14.55,10.75,13.40,12.40,12.00,23869.60,13.40,1625,1170,65,94481907.00,38,F1,65,,,,,
2026-07-23,2026-07-23,FO,NSE,IDO,40996,,NIFTY,,2026-08-11,2026-08-11,24100.00,PE,NIFTY2681124100PE,364.05,427.85,307.90,383.75,376.90,321.05,23869.60,383.75,79885,7995,1050,1668675476.00,672,F1,65,,,,,
2026-07-23,2026-07-23,FO,NSE,IDO,41010,,NIFTY,,2026-08-11,2026-08-11,24450.00,PE,NIFTY2681124450PE,0.00,0.00,0.00,542.30,542.30,542.30,23869.60,674.20,2535,0,0,0.00,0,F1,65,,,,,
2026-07-23,2026-07-23,FO,NSE,IDO,41024,,NIFTY,,2026-08-11,2026-08-11,24700.00,PE,NIFTY2681124700PE,783.80,877.45,740.00,877.45,877.45,736.00,23869.60,862.80,1040,0,9,14931962.50,9,F1,65,,,,,
2026-07-23,2026-07-23,FO,NSE,IDO,41030,,NIFTY,,2026-08-11,2026-08-11,24850.00,PE,NIFTY2681124850PE,0.00,0.00,0.00,681.20,0.00,681.20,23869.60,985.00,0,0,0,0.00,0,F1,65,,,,,
2026-07-23,2026-07-23,FO,NSE,IDO,41058,,NIFTY,,2026-08-11,2026-08-11,25500.00,PE,NIFTY2681125500PE,0.00,0.00,0.00,1448.80,1448.80,1448.80,23869.60,1570.00,65,0,0,0.00,0,F1,65,,,,,
2026-07-23,2026-07-23,FO,NSE,IDO,45012,,NIFTY,,2026-08-18,2026-08-18,22450.00,PE,NIFTY2681822450PE,22.75,27.95,22.05,27.95,27.95,23.75,23869.60,33.35,3380,1235,40,58435715.00,16,F1,65,,,,,
2026-07-23,2026-07-23,FO,NSE,IDO,45016,,NIFTY,,2026-08-18,2026-08-18,22500.00,PE,NIFTY2681822500PE,27.15,33.80,20.75,28.25,28.00,24.65,23869.60,28.25,14820,975,235,344093779.25,120,F1,65,,,,,
2026-07-23,2026-07-23,FO,NSE,IDO,45061,,NIFTY,,2026-08-18,2026-08-18,23450.00,PE,NIFTY2681823450PE,135.95,170.00,135.95,153.70,153.70,135.95,23869.60,153.70,1365,-65,6,9208355.00,6,F1,65,,,,,
2026-07-23,2026-07-23,FO,NSE,IDO,45059,,NIFTY,,2026-08-18,2026-08-18,23400.00,PE,NIFTY2681823400PE,123.10,159.25,113.80,143.00,142.00,120.10,23869.60,143.00,2795,-260,74,113226178.00,51,F1,65,,,,,
2026-07-23,2026-07-23,FO,NSE,IDO,45083,,NIFTY,,2026-08-18,2026-08-18,23900.00,PE,NIFTY2681823900PE,300.20,350.15,262.50,310.35,310.30,265.95,23869.60,310.35,12610,5200,292,459426269.25,213,F1,65,,,,,
2026-07-23,2026-07-23,FO,NSE,IDO,45099,,NIFTY,,2026-08-18,2026-08-18,24200.00,PE,NIFTY2681824200PE,424.30,513.90,396.45,486.00,470.10,399.55,23869.60,486.00,7280,-1365,81,129891391.50,65,F1,65,,,,,
2026-07-23,2026-07-23,FO,NSE,IDO,45115,,NIFTY,,2026-08-18,2026-08-18,24550.00,PE,NIFTY2681824550PE,0.00,0.00,0.00,502.40,502.40,502.40,23869.60,779.20,390,0,0,0.00,0,F1,65,,,,,
2026-07-23,2026-07-23,FO,NSE,IDO,45167,,NIFTY,,2026-08-18,2026-08-18,25400.00,PE,NIFTY2681825400PE,0.00,0.00,0.00,1326.35,0.00,1326.35,23869.60,1472.45,0,0,0,0.00,0,F1,65,,,,,
2026-07-23,2026-07-23,FO,NSE,IDO,45191,,NIFTY,,2026-08-18,2026-08-18,25750.00,PE,NIFTY2681825750PE,0.00,0.00,0.00,1625.45,0.00,1625.45,23869.60,1795.55,0,0,0,0.00,0,F1,65,,,,,
2026-07-23,2026-07-23,FO,NSE,IDO,45195,,NIFTY,,2026-08-18,2026-08-18,25850.00,PE,NIFTY2681825850PE,0.00,0.00,0.00,1714.30,0.00,1714.30,23869.60,1890.25,0,0,0,0.00,0,F1,65,,,,,
2026-07-23,2026-07-23,FO,NSE,IDO,45197,,NIFTY,,2026-08-18,2026-08-18,25900.00,PE,NIFTY2681825900PE,0.00,0.00,0.00,1759.20,0.00,1759.20,23869.60,1937.90,0,0,0,0.00,0,F1,65,,,,,
2026-07-23,2026-07-23,FO,NSE,IDO,45207,,NIFTY,,2026-08-18,2026-08-18,26100.00,PE,NIFTY2681826100PE,0.00,0.00,0.00,1941.75,0.00,1941.75,23869.60,2130.30,0,0,0,0.00,0,F1,65,,,,,
2026-07-23,2026-07-23,FO,NSE,IDO,61400,,NIFTY,,2026-08-25,2026-08-25,22550.00,PE,NIFTY26AUG22550PE,39.00,51.50,35.05,47.25,45.50,39.60,23869.60,47.25,23400,1820,119,174768594.00,76,F1,65,,,,,
2026-07-23,2026-07-23,FO,NSE,IDO,61402,,NIFTY,,2026-08-25,2026-08-25,22600.00,PE,NIFTY26AUG22600PE,44.00,58.70,37.05,49.60,49.05,42.40,23869.60,49.60,157300,28665,2124,3126955042.25,1411,F1,65,,,,,
2026-07-23,2026-07-23,FO,NSE,IDO,61467,,NIFTY,,2026-08-25,2026-08-25,23350.00,PE,NIFTY26AUG23350PE,138.95,184.80,123.45,160.85,161.40,132.35,23869.60,160.85,27950,910,578,883344033.00,402,F1,65,,,,,
2026-07-23,2026-07-23,FO,NSE,IDO,61518,,NIFTY,,2026-08-25,2026-08-25,23600.00,PE,NIFTY26AUG23600PE,218.20,262.00,181.45,233.20,234.65,192.10,23869.60,233.20,295685,27755,6175,9564620110.50,4385,F1,65,,,,,
2026-07-23,2026-07-23,FO,NSE,IDO,61703,,NIFTY,,2026-08-25,2026-08-25,24300.00,PE,NIFTY26AUG24300PE,500.00,610.90,475.60,561.00,567.75,479.35,23869.60,561.00,768300,114855,8403,13564973175.00,6227,F1,65,,,,,
2026-07-23,2026-07-23,FO,NSE,IDO,61976,,NIFTY,,2026-08-25,2026-08-25,25500.00,PE,NIFTY26AUG25500PE,1503.00,1622.05,1426.75,1563.25,1554.80,1425.55,23869.60,1563.25,1168245,417560,7206,12654446723.75,6456,F1,65,,,,,
2026-07-23,2026-07-23,FO,NSE,IDO,62039,,NIFTY,,2026-08-25,2026-08-25,26000.00,PE,NIFTY26AUG26000PE,1980.85,2108.85,1909.50,2044.70,2042.95,1895.65,23869.60,2044.70,1047865,291850,5716,10404039792.25,5368,F1,65,,,,,
2026-07-23,2026-07-23,FO,NSE,IDO,62044,,NIFTY,,2026-08-25,2026-08-25,26050.00,PE,NIFTY26AUG26050PE,0.00,0.00,0.00,1910.00,1910.00,1910.00,23869.60,2053.90,260,0,0,0.00,0,F1,65,,,,,
2026-07-23,2026-07-23,FO,NSE,IDO,46922,,NIFTY,,2026-09-01,2026-09-01,22400.00,PE,NIFTY2690122400PE,0.00,0.00,0.00,42.65,0.00,42.65,23869.60,62.45,0,0,0,0.00,0,F1,65,,,,,
2026-07-23,2026-07-23,FO,NSE,IDO,46928,,NIFTY,,2026-09-01,2026-09-01,22550.00,PE,NIFTY2690122550PE,65.45,65.55,65.45,65.55,65.55,55.30,23869.60,80.15,130,130,2,2940015.00,2,F1,65,,,,,
2026-07-23,2026-07-23,FO,NSE,IDO,46930,,NIFTY,,2026-09-01,2026-09-01,22600.00,PE,NIFTY2690122600PE,56.00,70.85,56.00,64.30,56.60,60.15,23869.60,64.30,1040,1040,20,29458585.00,9,F1,65,,,,,
2026-07-23,2026-07-23,FO,NSE,IDO,46946,,NIFTY,,2026-09-01,2026-09-01,23000.00,PE,NIFTY2690123000PE,101.55,101.55,101.55,101.55,101.55,112.35,23869.60,101.55,65,65,1,1501600.75,1,F1,65,,,,,
2026-07-23,2026-07-23,FO,NSE,IDO,46954,,NIFTY,,2026-09-01,2026-09-01,23200.00,PE,NIFTY2690123200PE,0.00,0.00,0.00,149.15,0.00,149.15,23869.60,207.15,0,0,0,0.00,0,F1,65,,,,,
2026-07-23,2026-07-23,FO,NSE,IDO,46992,,NIFTY,,2026-09-01,2026-09-01,24150.00,PE,NIFTY2690124150PE,0.00,0.00,0.00,453.70,0.00,453.70,23869.60,586.35,0,0,0,0.00,0,F1,65,,,,,
2026-07-23,2026-07-23,FO,NSE,IDO,47000,,NIFTY,,2026-09-01,2026-09-01,24350.00,PE,NIFTY2690124350PE,0.00,0.00,0.00,549.10,0.00,549.10,23869.60,699.95,0,0,0,0.00,0,F1,65,,,,,
2026-07-23,2026-07-23,FO,NSE,IDO,47006,,NIFTY,,2026-09-01,2026-09-01,24500.00,PE,NIFTY2690124500PE,646.95,744.00,645.00,688.00,688.00,628.15,23869.60,688.00,845,845,15,24558420.25,13,F1,65,,,,,
2026-07-23,2026-07-23,FO,NSE,IDO,47058,,NIFTY,,2026-09-01,2026-09-01,25800.00,PE,NIFTY2690125800PE,0.00,0.00,0.00,1550.85,0.00,1550.85,23869.60,1811.85,0,0,0,0.00,0,F1,65,,,,,
2026-07-23,2026-07-23,FO,NSE,IDO,73905,,NIFTY,,2026-09-29,2026-09-29,23050.00,PE,NIFTY26SEP23050PE,174.40,196.90,156.90,183.70,182.30,158.45,23869.60,183.70,13780,-1495,80,120783672.75,54,F1,65,,,,,
2026-07-23,2026-07-23,FO,NSE,IDO,74360,,NIFTY,,2026-09-29,2026-09-29,24850.00,PE,NIFTY26SEP24850PE,0.00,0.00,0.00,880.00,880.00,880.00,23869.60,1090.75,5785,0,0,0.00,0,F1,65,,,,,
2026-07-23,2026-07-23,FO,NSE,IDO,74367,,NIFTY,,2026-09-29,2026-09-29,25050.00,PE,NIFTY26SEP25050PE,0.00,0.00,0.00,1007.80,1007.80,1007.80,23869.60,1225.65,130,0,0,0.00,0,F1,65,,,,,
2026-07-23,2026-07-23,FO,NSE,IDO,74387,,NIFTY,,2026-09-29,2026-09-29,25300.00,PE,NIFTY26SEP25300PE,0.00,0.00,0.00,1032.90,1038.10,1032.90,23869.60,1405.85,195,0,0,0.00,0,F1,65,,,,,
2026-07-23,2026-07-23,FO,NSE,IDO,74406,,NIFTY,,2026-09-29,2026-09-29,25550.00,PE,NIFTY26SEP25550PE,0.00,0.00,0.00,1632.65,0.00,1632.65,23869.60,1595.05,0,0,0,0.00,0,F1,65,,,,,
2026-07-23,2026-07-23,FO,NSE,IDO,65905,,NIFTY,,2026-09-29,2026-09-29,26000.00,PE,NIFTY26SEP26000PE,1840.00,1960.00,1786.05,1916.65,1895.00,1774.80,23869.60,1916.65,600025,2860,173,313625253.50,135,F1,65,,,,,
2026-07-23,2026-07-23,FO,NSE,IDO,74439,,NIFTY,,2026-09-29,2026-09-29,26050.00,PE,NIFTY26SEP26050PE,0.00,0.00,0.00,2017.50,0.00,2017.50,23869.60,2002.50,0,0,0,0.00,0,F1,65,,,,,
2026-07-23,2026-07-23,FO,NSE,IDO,55293,,NIFTY,,2026-09-29,2026-09-29,34500.00,PE,NIFTY26SEP34500PE,0.00,0.00,0.00,7064.95,0.00,7064.95,23869.60,10208.15,0,0,0,0.00,0,F1,65,,,,,
2026-07-23,2026-07-23,FO,NSE,IDO,71554,,NIFTY,,2027-06-29,2027-06-29,21000.00,PE,NIFTY27JUN21000PE,218.00,218.00,218.00,218.00,218.00,197.60,23869.60,212.15,4535,65,1,1379170.00,1,F1,65,,,,,
2026-07-23,2026-07-23,FO,NSE,IDO,55377,,NIFTY,,2027-06-29,2027-06-29,25500.00,PE,NIFTY27JUN25500PE,0.00,0.00,0.00,667.15,0.00,667.15,23869.60,1602.90,0,0,0,0.00,0,F1,65,,,,,
2026-07-23,2026-07-23,FO,NSE,IDO,53602,,NIFTY,,2027-12-28,2027-12-28,17000.00,PE,NIFTY27DEC17000PE,44.10,95.00,44.10,95.00,95.00,70.00,23869.60,21.55,17685,-130,7,7769593.00,5,F1,65,,,,,
2026-07-23,2026-07-23,FO,NSE,IDO,53615,,NIFTY,,2027-12-28,2027-12-28,21000.00,PE,NIFTY27DEC21000PE,344.25,344.85,321.25,321.25,321.25,304.00,23869.60,321.25,12725,0,5,6934414.50,5,F1,65,,,,,
2026-07-23,2026-07-23,FO,NSE,IDO,86152,,NIFTY,,2028-06-27,2028-06-27,24000.00,PE,NIFTY28JUN24000PE,0.00,0.00,0.00,1692.75,0.00,1692.75,23869.60,999.35,0,0,0,0.00,0,F1,65,,,,,
2026-07-23,2026-07-23,FO,NSE,IDO,55523,,NIFTY,,2028-12-26,2028-12-26,25500.00,PE,NIFTY28DEC25500PE,0.00,0.00,0.00,648.20,0.00,648.20,23869.60,1453.95,0,0,0,0.00,0,F1,65,,,,,
2026-07-23,2026-07-23,FO,NSE,IDO,55565,,NIFTY,,2029-06-26,2029-06-26,28500.00,PE,NIFTY29JUN28500PE,0.00,0.00,0.00,1349.10,0.00,1349.10,23869.60,2522.60,0,0,0,0.00,0,F1,65,,,,,
2026-07-23,2026-07-23,FO,NSE,IDO,55603,,NIFTY,,2029-12-24,2029-12-24,22500.00,PE,NIFTY29DEC22500PE,0.00,0.00,0.00,225.70,0.00,225.70,23869.60,624.65,0,0,0,0.00,0,F1,65,,,,,
2026-07-23,2026-07-23,FO,NSE,IDO,61795,,NIFTY,,2029-12-24,2029-12-24,27000.00,PE,NIFTY29DEC27000PE,0.00,0.00,0.00,1177.90,0.00,1177.90,23869.60,1790.90,0,0,0,0.00,0,F1,65,,,,,
2026-07-23,2026-07-23,FO,NSE,IDO,55607,,NIFTY,,2029-12-24,2029-12-24,28500.00,PE,NIFTY29DEC28500PE,0.00,0.00,0.00,1255.90,0.00,1255.90,23869.60,2347.15,0,0,0,0.00,0,F1,65,,,,,
2026-07-23,2026-07-23,FO,NSE,IDO,74654,,NIFTY,,2031-06-24,2031-06-24,27000.00,PE,NIFTY31JUN27000PE,0.00,0.00,0.00,1653.15,0.00,1653.15,23869.60,1480.70,0,0,0,0.00,0,F1,65,,,,,
2026-07-23,2026-07-23,FO,NSE,IDO,64029,,NIFTY,,2026-07-28,2026-07-28,26100.00,CE,NIFTY26JUL26100CE,0.75,1.35,0.60,0.70,0.70,1.05,23869.60,0.70,340145,-35230,26383,44760369017.00,10114,F1,65,,,,,
2026-07-23,2026-07-23,FO,NSE,IDO,63993,,NIFTY,,2026-07-28,2026-07-28,25300.00,CE,NIFTY26JUL25300CE,2.30,2.50,1.50,1.65,1.55,2.25,23869.60,1.65,5017090,-1011790,250889,412615820922.50,44265,F1,65,,,,,
2026-07-23,2026-07-23,FO,NSE,IDO,63945,,NIFTY,,2026-07-28,2026-07-28,24150.00,CE,NIFTY26JUL24150CE,50.05,68.65,30.15,36.90,38.80,85.45,23869.60,36.90,4305535,252980,614196,966028556554.75,292397,F1,65,,,,,
2026-07-23,2026-07-23,FO,NSE,IDO,63943,,NIFTY,,2026-07-28,2026-07-28,24100.00,CE,NIFTY26JUL24100CE,63.00,86.00,38.05,47.00,49.60,103.65,23869.60,47.00,9857315,816660,1216040,1909657132951.75,569508,F1,65,,,,,
2026-07-23,2026-07-23,FO,NSE,IDO,63911,,NIFTY,,2026-07-28,2026-07-28,23400.00,CE,NIFTY26JUL23400CE,569.10,605.00,430.00,490.70,503.85,602.35,23869.60,490.70,89830,3055,5294,8219244276.75,3801,F1,65,,,,,
2026-07-23,2026-07-23,FO,NSE,IDO,63847,,NIFTY,,2026-07-28,2026-07-28,21800.00,CE,NIFTY26JUL21800CE,0.00,0.00,0.00,2230.00,2230.00,2230.00,23869.60,2087.75,130,0,0,0.00,0,F1,65,,,,,
2026-07-23,2026-07-23,FO,NSE,IDO,73882,,NIFTY,,2026-09-29,2026-09-29,22400.00,PE,NIFTY26SEP22400PE,82.30,99.25,73.00,88.45,88.10,76.00,23869.60,88.45,94965,4355,422,616819134.75,219,F1,65,,,,,
2026-07-23,2026-07-23,FO,NSE,IDO,64031,,NIFTY,,2026-07-28,2026-07-28,26150.00,CE,NIFTY26JUL26150CE,0.95,1.35,0.60,0.70,0.75,1.10,23869.60,0.70,159900,29250,8265,14048946531.75,2036,F1,65,,,,,
2026-07-23,2026-07-23,FO,NSE,IDO,65370,,NIFTY,,2026-08-04,2026-08-04,22000.00,CE,NIFTY2680422000CE,0.00,0.00,0.00,2020.30,0.00,2020.30,23869.60,1914.20,0,0,0,0.00,0,F1,65,,,,,
2026-07-23,2026-07-23,FO,NSE,IDO,65435,,NIFTY,,2026-08-04,2026-08-04,22550.00,CE,NIFTY2680422550CE,0.00,0.00,0.00,1533.15,0.00,1533.15,23869.60,1371.95,0,0,0,0.00,0,F1,65,,,,,
2026-07-23,2026-07-23,FO,NSE,IDO,65588,,NIFTY,,2026-08-04,2026-08-04,23450.00,CE,NIFTY2680423450CE,527.30,593.70,460.00,513.60,514.95,586.65,23869.60,513.60,2470,1365,51,79468905.75,48,F1,65,,,,,
2026-07-23,2026-07-23,FO,NSE,IDO,65672,,NIFTY,,2026-08-04,2026-08-04,23500.00,CE,NIFTY2680423500CE,480.05,559.75,421.85,463.70,470.95,568.10,23869.60,463.70,74685,28535,4134,6441466206.50,2818,F1,65,,,,,
2026-07-23,2026-07-23,FO,NSE,IDO,65684,,NIFTY,,2026-08-04,2026-08-04,23800.00,CE,NIFTY2680423800CE,278.60,334.70,231.95,258.50,263.40,348.40,23869.60,258.50,425230,329290,29466,46087247043.50,20899,F1,65,,,,,
2026-07-23,2026-07-23,FO,NSE,IDO,55478,,NIFTY,,2028-06-27,2028-06-27,28500.00,CE,NIFTY28JUN28500CE,0.00,0.00,0.00,2990.00,0.00,2990.00,23869.60,1722.45,0,0,0,0.00,0,F1,65,,,,,
2026-07-23,2026-07-23,FO,NSE,IDO,67788,,NIFTY,,2028-12-26,2028-12-26,27000.00,CE,NIFTY28DEC27000CE,0.00,0.00,0.00,2635.00,2635.00,2635.00,23869.60,2908.35,715,0,0,0.00,0,F1,65,,,,,
2026-07-23,2026-07-23,FO,NSE,IDO,55560,,NIFTY,,2029-06-26,2029-06-26,22500.00,CE,NIFTY29JUN22500CE,0.00,0.00,0.00,7946.50,0.00,7946.50,23869.60,5961.30,0,0,0,0.00,0,F1,65,,,,,
2026-07-23,2026-07-23,FO,NSE,IDO,55648,,NIFTY,,2030-06-25,2030-06-25,28500.00,CE,NIFTY30JUN28500CE,0.00,0.00,0.00,5382.85,0.00,5382.85,23869.60,4069.05,0,0,0,0.00,0,F1,65,,,,,
2026-07-23,2026-07-23,FO,NSE,IDO,60936,,NIFTY,,2030-06-25,2030-06-25,30000.00,CE,NIFTY30JUN30000CE,0.00,0.00,0.00,5580.35,0.00,5580.35,23869.60,3489.35,0,0,0,0.00,0,F1,65,,,,,
2026-07-23,2026-07-23,FO,NSE,IDO,74647,,NIFTY,,2031-06-24,2031-06-24,22500.00,CE,NIFTY31JUN22500CE,0.00,0.00,0.00,8012.75,0.00,8012.75,23869.60,8193.75,0,0,0,0.00,0,F1,65,,,,,
2026-07-23,2026-07-23,FO,NSE,IDO,63816,,NIFTY,,2026-07-28,2026-07-28,21200.00,PE,NIFTY26JUL21200PE,1.00,1.15,0.65,0.70,0.70,0.90,23869.60,0.70,680745,65455,14066,19383818099.75,2800,F1,65,,,,,
2026-07-23,2026-07-23,FO,NSE,IDO,63868,,NIFTY,,2026-07-28,2026-07-28,22300.00,PE,NIFTY26JUL22300PE,1.75,2.75,1.30,1.55,1.50,1.95,23869.60,1.55,1062880,-9750,49708,72057641165.25,14584,F1,65,,,,,
2026-07-23,2026-07-23,FO,NSE,IDO,63880,,NIFTY,,2026-07-28,2026-07-28,22600.00,PE,NIFTY26JUL22600PE,3.25,4.05,1.75,1.95,1.85,2.75,23869.60,1.95,1309295,204360,101621,149297434084.50,22725,F1,65,,,,,
2026-07-23,2026-07-23,FO,NSE,IDO,63892,,NIFTY,,2026-07-28,2026-07-28,22900.00,PE,NIFTY26JUL22900PE,4.15,6.25,2.65,2.95,2.85,4.15,23869.60,2.95,1707290,317590,221201,329311207901.00,56531,F1,65,,,,,
2026-07-23,2026-07-23,FO,NSE,IDO,63898,,NIFTY,,2026-07-28,2026-07-28,23050.00,PE,NIFTY26JUL23050PE,6.05,7.90,3.55,4.15,3.85,5.75,23869.60,4.15,771680,74815,132862,199105052432.00,42275,F1,65,,,,,
2026-07-23,2026-07-23,FO,NSE,IDO,63930,,NIFTY,,2026-07-28,2026-07-28,23800.00,PE,NIFTY26JUL23800PE,110.20,134.00,58.15,94.95,91.00,81.35,23869.60,94.95,7909395,2511145,1982538,3079349048256.00,981448,F1,65,,,,,
2026-07-23,2026-07-23,FO,NSE,IDO,63946,,NIFTY,,2026-07-28,2026-07-28,24150.00,PE,NIFTY26JUL24150PE,298.00,378.00,220.60,310.70,304.25,249.40,23869.60,310.70,472940,-330330,77144,122504750764.50,53907,F1,65,,,,,
2026-07-23,2026-07-23,FO,NSE,IDO,63966,,NIFTY,,2026-07-28,2026-07-28,24650.00,PE,NIFTY26JUL24650PE,758.95,832.30,663.80,776.45,766.15,673.85,23869.60,776.45,38675,-1625,118,194770030.00,92,F1,65,,,,,
2026-07-23,2026-07-23,FO,NSE,IDO,64007,,NIFTY,,2026-07-28,2026-07-28,25600.00,PE,NIFTY26JUL25600PE,1650.00,1800.00,1642.55,1765.00,1765.00,1430.00,23869.60,1765.00,14430,-2340,54,95898374.00,46,F1,65,,,,,
2026-07-23,2026-07-23,FO,NSE,IDO,64016,,NIFTY,,2026-07-28,2026-07-28,25800.00,PE,NIFTY26JUL25800PE,1820.00,1965.00,1820.00,1950.00,1950.00,1814.60,23869.60,1908.95,25870,-1170,20,36055500.00,9,F1,65,,,,,
2026-07-23,2026-07-23,FO,NSE,IDO,65127,,NIFTY,,2026-08-04,2026-08-04,21600.00,PE,NIFTY2680421600PE,3.20,4.00,2.85,3.65,3.70,3.65,23869.60,3.65,830180,355485,12601,17694751902.75,3572,F1,65,,,,,
2026-07-23,2026-07-23,FO,NSE,IDO,65412,,NIFTY,,2026-08-04,2026-08-04,22050.00,PE,NIFTY2680422050PE,4.35,5.05,3.70,4.55,4.55,4.30,23869.60,4.55,4745,1560,81,116116195.00,58,F1,65,,,,,
2026-07-23,2026-07-23,FO,NSE,IDO,65526,,NIFTY,,2026-08-04,2026-08-04,23200.00,PE,NIFTY2680423200PE,34.55,46.85,23.80,35.30,34.40,30.10,23869.60,35.30,1039740,10595,29032,43845414174.25,20206,F1,65,,,,,
2026-07-23,2026-07-23,FO,NSE,IDO,65675,,NIFTY,,2026-08-04,2026-08-04,23550.00,PE,NIFTY2680423550PE,83.30,119.45,66.05,94.25,92.30,77.80,23869.60,94.25,78000,15990,6570,10096928842.00,5233,F1,65,,,,,
2026-07-23,2026-07-23,FO,NSE,IDO,65677,,NIFTY,,2026-08-04,2026-08-04,23600.00,PE,NIFTY2680423600PE,109.40,135.00,75.50,107.55,105.60,89.20,23869.60,107.55,544700,198055,27263,42007895458.75,20305,F1,65,,,,,
2026-07-23,2026-07-23,FO,NSE,IDO,73831,,NIFTY,,2026-09-29,2026-09-29,21650.00,CE,NIFTY26SEP21650CE,0.00,0.00,0.00,2630.65,0.00,2630.65,23869.60,2531.50,0,0,0,0.00,0,F1,65,,,,,
2026-07-23,2026-07-23,FO,NSE,IDO,65683,,NIFTY,,2026-08-04,2026-08-04,23750.00,PE,NIFTY2680423750PE,153.70,192.95,114.85,157.25,157.05,130.55,23869.60,157.25,71955,8125,9452,14688098577.75,7081,F1,65,,,,,
2026-07-23,2026-07-23,FO,NSE,IDO,65700,,NIFTY,,2026-08-04,2026-08-04,24150.00,PE,NIFTY2680424150PE,368.10,425.30,294.20,376.45,368.95,309.00,23869.60,376.45,33670,-13520,1490,2372507341.75,1112,F1,65,,,,,
2026-07-23,2026-07-23,FO,NSE,IDO,65776,,NIFTY,,2026-08-04,2026-08-04,24200.00,PE,NIFTY2680424200PE,397.20,466.00,324.85,413.15,404.10,338.40,23869.60,413.15,546715,-185705,13962,22311256061.25,8009,F1,65,,,,,
2026-07-23,2026-07-23,FO,NSE,IDO,65855,,NIFTY,,2026-08-04,2026-08-04,24400.00,PE,NIFTY2680424400PE,570.40,621.15,468.80,555.40,558.90,476.95,23869.60,555.40,89570,-12805,1039,1683846827.00,724,F1,65,,,,,
2026-07-23,2026-07-23,FO,NSE,IDO,65868,,NIFTY,,2026-08-04,2026-08-04,24550.00,PE,NIFTY2680424550PE,634.00,700.10,605.60,699.75,699.75,590.90,23869.60,711.85,2145,-65,9,14739016.50,9,F1,65,,,,,
2026-07-23,2026-07-23,FO,NSE,IDO,40902,,NIFTY,,2026-08-11,2026-08-11,21850.00,PE,NIFTY2681121850PE,7.90,8.40,7.90,7.90,7.90,8.00,23869.60,2.50,1495,-390,19,26994672.25,15,F1,65,,,,,
2026-07-23,2026-07-23,FO,NSE,IDO,40906,,NIFTY,,2026-08-11,2026-08-11,21950.00,PE,NIFTY2681121950PE,9.05,9.60,8.55,9.45,9.45,8.50,23869.60,3.60,1560,-195,18,25691961.75,15,F1,65,,,,,
2026-07-23,2026-07-23,FO,NSE,IDO,40908,,NIFTY,,2026-08-11,2026-08-11,22000.00,PE,NIFTY2681122000PE,9.20,11.65,8.05,9.20,8.80,9.00,23869.60,9.20,52910,21320,1055,1509300380.25,663,F1,65,,,,,
2026-07-23,2026-07-23,FO,NSE,IDO,40930,,NIFTY,,2026-08-11,2026-08-11,22500.00,PE,NIFTY2681122500PE,15.60,20.35,12.05,15.55,15.45,14.60,23869.60,15.55,57980,30550,1043,1526465112.25,444,F1,65,,,,,
2026-07-23,2026-07-23,FO,NSE,IDO,40956,,NIFTY,,2026-08-11,2026-08-11,23150.00,PE,NIFTY2681123150PE,55.30,73.85,46.85,59.85,60.45,53.95,23869.60,59.85,5460,1170,139,209722503.25,91,F1,65,,,,,
2026-07-23,2026-07-23,FO,NSE,IDO,40978,,NIFTY,,2026-08-11,2026-08-11,23700.00,PE,NIFTY2681123700PE,184.45,223.00,148.35,193.30,189.80,158.70,23869.60,193.30,40560,9230,1577,2448695853.50,1181,F1,65,,,,,
2026-07-23,2026-07-23,FO,NSE,IDO,40986,,NIFTY,,2026-08-11,2026-08-11,23850.00,PE,NIFTY2681123850PE,239.20,287.75,198.55,253.90,250.00,210.75,23869.60,253.90,17095,5005,1322,2071695652.00,895,F1,65,,,,,
2026-07-23,2026-07-23,FO,NSE,IDO,41042,,NIFTY,,2026-08-11,2026-08-11,25100.00,PE,NIFTY2681125100PE,0.00,0.00,0.00,900.00,900.00,900.00,23869.60,1201.10,65,0,0,0.00,0,F1,65,,,,,
2026-07-23,2026-07-23,FO,NSE,IDO,45036,,NIFTY,,2026-08-18,2026-08-18,22900.00,PE,NIFTY2681822900PE,50.00,67.65,42.25,59.50,58.85,48.65,23869.60,59.50,8970,-19500,443,661076984.75,226,F1,65,,,,,
2026-07-23,2026-07-23,FO,NSE,IDO,45097,,NIFTY,,2026-08-18,2026-08-18,24150.00,PE,NIFTY2681824150PE,375.55,482.80,371.35,448.35,439.75,379.70,23869.60,448.35,3640,65,71,113275646.25,58,F1,65,,,,,
2026-07-23,2026-07-23,FO,NSE,IDO,45149,,NIFTY,,2026-08-18,2026-08-18,25000.00,PE,NIFTY2681825000PE,0.00,0.00,0.00,1012.85,0.00,1012.85,23869.60,1125.90,0,0,0,0.00,0,F1,65,,,,,
2026-07-23,2026-07-23,FO,NSE,IDO,45151,,NIFTY,,2026-08-18,2026-08-18,25050.00,PE,NIFTY2681825050PE,0.00,0.00,0.00,1051.15,0.00,1051.15,23869.60,1167.50,0,0,0,0.00,0,F1,65,,,,,
2026-07-23,2026-07-23,FO,NSE,IDO,45159,,NIFTY,,2026-08-18,2026-08-18,25250.00,PE,NIFTY2681825250PE,0.00,0.00,0.00,1204.85,0.00,1204.85,23869.60,1339.10,0,0,0,0.00,0,F1,65,,,,,
