TradDt,BizDt,Sgmt,Src,FinInstrmTp,FinInstrmId,ISIN,TckrSymb,SctySrs,XpryDt,FininstrmActlXpryDt,StrkPric,OptnTp,FinInstrmNm,OpnPric,HghPric,LwPric,ClsPric,LastPric,PrvsClsgPric,UndrlygPric,SttlmPric,OpnIntrst,ChngInOpnIntrst,TtlTradgVol,TtlTrfVal,TtlNbOfTxsExctd,SsnId,NewBrdLotQty,Rmks,Rsvd1,Rsvd2,Rsvd3,Rsvd4
2026-08-26,2026-08-26,FO,NSE,IDO,49418,,BANKNIFTY,,2026-10-27,2026-10-27,54100.00,PE,BANKNIFTY26OCT54100PE,0.00,0.00,0.00,962.60,0.00,962.60,57783.75,439.00,0,0,0,0.00,0,F1,30,,,,,
2026-08-26,2026-08-26,FO,NSE,IDO,49412,,BANKNIFTY,,2026-10-27,2026-10-27,53800.00,PE,BANKNIFTY26OCT53800PE,0.00,0.00,0.00,882.10,0.00,882.10,57783.75,386.05,0,0,0,0.00,0,F1,30,,,,,
2026-08-26,2026-08-26,FO,NSE,IDO,69708,,BANKNIFTY,,2026-09-29,2026-09-29,54300.00,CE,BANKNIFTY26SEP54300CE,3650.00,4050.00,3650.00,3900.00,3900.00,3480.00,57783.75,3900.00,330,120,7,12232491.00,6,F1,30,,,,,
2026-08-26,2026-08-26,FO,NSE,IDO,69706,,BANKNIFTY,,2026-09-29,2026-09-29,54200.00,CE,BANKNIFTY26SEP54200CE,0.00,0.00,0.00,4998.15,0.00,4998.15,57783.75,4129.60,0,0,0,0.00,0,F1,30,,,,,
2026-08-26,2026-08-26,FO,NSE,IDO,69812,,BANKNIFTY,,2026-09-29,2026-09-29,56900.00,PE,BANKNIFTY26SEP56900PE,390.00,390.00,273.00,286.85,283.05,431.35,57783.75,286.85,24300,4560,2828,4852337677.50,1960,F1,30,,,,,
2026-08-26,2026-08-26,FO,NSE,IDO,69804,,BANKNIFTY,,2026-09-29,2026-09-29,56600.00,PE,BANKNIFTY26SEP56600PE,289.00,289.00,218.05,226.65,225.00,355.10,57783.75,226.65,35190,17460,4465,7612905117.00,3070,F1,30,,,,,
2026-08-26,2026-08-26,FO,NSE,IDO,70037,,BANKNIFTY,,2026-09-29,2026-09-29,61400.00,CE,BANKNIFTY26SEP61400CE,0.00,0.00,0.00,1297.95,0.00,1297.95,57783.75,373.15,0,0,0,0.00,0,F1,30,,,,,
2026-08-26,2026-08-26,FO,NSE,IDO,70021,,BANKNIFTY,,2026-09-29,2026-09-29,60600.00,CE,BANKNIFTY26SEP60600CE,0.00,0.00,0.00,1552.75,0.00,1552.75,57783.75,540.82,0,0,0,0.00,0,F1,30,,,,,
2026-08-26,2026-08-26,FO,NSE,IDO,62210,,BANKNIFTY,,2026-11-23,2026-11-23,57100.00,PE,BANKNIFTY26NOV57100PE,0.00,0.00,0.00,1697.40,0.00,1697.40,57783.75,1549.86,0,0,0,0.00,0,F1,30,,,,,
2026-08-26,2026-08-26,FO,NSE,IDO,69662,,BANKNIFTY,,2026-09-29,2026-09-29,51800.00,CE,BANKNIFTY26SEP51800CE,0.00,0.00,0.00,6901.65,0.00,6901.65,57783.75,6337.84,0,0,0,0.00,0,F1,30,,,,,
2026-08-26,2026-08-26,FO,NSE,IDO,69670,,BANKNIFTY,,2026-09-29,2026-09-29,52200.00,CE,BANKNIFTY26SEP52200CE,0.00,0.00,0.00,6565.65,0.00,6565.65,57783.75,5955.04,0,0,0,0.00,0,F1,30,,,,,
2026-08-26,2026-08-26,FO,NSE,IDO,69710,,BANKNIFTY,,2026-09-29,2026-09-29,54400.00,CE,BANKNIFTY26SEP54400CE,0.00,0.00,0.00,4852.25,0.00,4852.25,57783.75,3958.59,0,0,0,0.00,0,F1,30,,,,,
2026-08-26,2026-08-26,FO,NSE,IDO,69757,,BANKNIFTY,,2026-09-29,2026-09-29,54600.00,CE,BANKNIFTY26SEP54600CE,0.00,0.00,0.00,4708.60,0.00,4708.60,57783.75,3790.30,0,0,0,0.00,0,F1,30,,,,,
2026-08-26,2026-08-26,FO,NSE,IDO,69763,,BANKNIFTY,,2026-09-29,2026-09-29,54800.00,CE,BANKNIFTY26SEP54800CE,0.00,0.00,0.00,4564.90,0.00,4564.90,57783.75,3624.90,0,0,0,0.00,0,F1,30,,,,,
2026-08-26,2026-08-26,FO,NSE,IDO,69765,,BANKNIFTY,,2026-09-29,2026-09-29,54900.00,CE,BANKNIFTY26SEP54900CE,0.00,0.00,0.00,4495.20,0.00,4495.20,57783.75,3543.33,0,0,0,0.00,0,F1,30,,,,,
2026-08-26,2026-08-26,FO,NSE,IDO,69801,,BANKNIFTY,,2026-09-29,2026-09-29,56500.00,CE,BANKNIFTY26SEP56500CE,1809.95,2056.95,1809.95,1913.55,1896.35,1647.60,57783.75,1913.55,52920,-1980,966,1693642795.50,653,F1,30,,,,,
2026-08-26,2026-08-26,FO,NSE,IDO,69820,,BANKNIFTY,,2026-09-29,2026-09-29,57400.00,CE,BANKNIFTY26SEP57400CE,1010.00,1350.65,1010.00,1222.80,1215.50,1007.90,57783.75,1222.80,77850,-39120,5775,10156459588.50,4256,F1,30,,,,,
2026-08-26,2026-08-26,FO,NSE,IDO,69868,,BANKNIFTY,,2026-09-29,2026-09-29,58700.00,CE,BANKNIFTY26SEP58700CE,403.00,576.60,403.00,503.00,503.60,392.55,57783.75,503.00,46380,11700,7214,12815658598.50,5791,F1,30,,,,,
2026-08-26,2026-08-26,FO,NSE,IDO,69996,,BANKNIFTY,,2026-09-29,2026-09-29,59800.00,CE,BANKNIFTY26SEP59800CE,166.95,209.10,162.45,178.05,180.10,141.80,57783.75,178.05,68970,35790,8369,15060387835.50,5487,F1,30,,,,,
2026-08-26,2026-08-26,FO,NSE,IDO,70015,,BANKNIFTY,,2026-09-29,2026-09-29,60300.00,CE,BANKNIFTY26SEP60300CE,0.00,0.00,0.00,1657.55,0.00,1657.55,57783.75,613.27,0,0,0,0.00,0,F1,30,,,,,
2026-08-26,2026-08-26,FO,NSE,IDO,49637,,BANKNIFTY,,2026-10-27,2026-10-27,62600.00,PE,BANKNIFTY26OCT62600PE,0.00,0.00,0.00,5656.20,0.00,5656.20,57783.75,4686.98,0,0,0,0.00,0,F1,30,,,,,
2026-08-26,2026-08-26,FO,NSE,IDO,49610,,BANKNIFTY,,2026-10-27,2026-10-27,61600.00,PE,BANKNIFTY26OCT61600PE,0.00,0.00,0.00,4890.60,0.00,4890.60,57783.75,3916.30,0,0,0,0.00,0,F1,30,,,,,
2026-08-26,2026-08-26,FO,NSE,IDO,69808,,BANKNIFTY,,2026-09-29,2026-09-29,56800.00,CE,BANKNIFTY26SEP56800CE,1535.40,1779.00,1535.35,1656.50,1650.00,1402.45,57783.75,1656.50,2850,-210,84,147432340.50,67,F1,30,,,,,
2026-08-26,2026-08-26,FO,NSE,IDO,70031,,BANKNIFTY,,2026-09-29,2026-09-29,61100.00,CE,BANKNIFTY26SEP61100CE,0.00,0.00,0.00,1389.40,0.00,1389.40,57783.75,429.56,0,0,0,0.00,0,F1,30,,,,,
2026-08-26,2026-08-26,FO,NSE,IDO,70047,,BANKNIFTY,,2026-09-29,2026-09-29,61900.00,CE,BANKNIFTY26SEP61900CE,0.00,0.00,0.00,1156.00,0.00,1156.00,57783.75,292.65,0,0,0,0.00,0,F1,30,,,,,
2026-08-26,2026-08-26,FO,NSE,IDO,49369,,BANKNIFTY,,2026-10-27,2026-10-27,52100.00,CE,BANKNIFTY26OCT52100CE,0.00,0.00,0.00,5941.50,0.00,5941.50,57783.75,6432.45,0,0,0,0.00,0,F1,30,,,,,
2026-08-26,2026-08-26,FO,NSE,IDO,49491,,BANKNIFTY,,2026-10-27,2026-10-27,56800.00,CE,BANKNIFTY26OCT56800CE,0.00,0.00,0.00,2773.75,0.00,2773.75,57783.75,2797.50,0,0,0,0.00,0,F1,30,,,,,
2026-08-26,2026-08-26,FO,NSE,IDO,49499,,BANKNIFTY,,2026-10-27,2026-10-27,57200.00,CE,BANKNIFTY26OCT57200CE,0.00,0.00,0.00,1510.00,1510.00,1510.00,57783.75,2559.50,210,0,0,0.00,0,F1,30,,,,,
2026-08-26,2026-08-26,FO,NSE,IDO,49687,,BANKNIFTY,,2026-10-27,2026-10-27,64500.00,CE,BANKNIFTY26OCT64500CE,0.00,0.00,0.00,448.85,0.00,448.85,57783.75,286.99,0,0,0,0.00,0,F1,30,,,,,
2026-08-26,2026-08-26,FO,NSE,IDO,62177,,BANKNIFTY,,2026-11-23,2026-11-23,55800.00,CE,BANKNIFTY26NOV55800CE,0.00,0.00,0.00,3743.95,0.00,3743.95,57783.75,3951.16,0,0,0,0.00,0,F1,30,,,,,
2026-08-26,2026-08-26,FO,NSE,IDO,62181,,BANKNIFTY,,2026-11-23,2026-11-23,55900.00,CE,BANKNIFTY26NOV55900CE,0.00,0.00,0.00,3679.65,0.00,3679.65,57783.75,3884.71,0,0,0,0.00,0,F1,30,,,,,
2026-08-26,2026-08-26,FO,NSE,IDO,62301,,BANKNIFTY,,2026-11-23,2026-11-23,60000.00,CE,BANKNIFTY26NOV60000CE,0.00,0.00,0.00,1618.90,0.00,1618.90,57783.75,1734.08,0,0,0,0.00,0,F1,30,,,,,
2026-08-26,2026-08-26,FO,NSE,IDO,69780,,BANKNIFTY,,2026-09-29,2026-09-29,55600.00,PE,BANKNIFTY26SEP55600PE,134.50,134.50,103.70,107.30,107.00,1228.45,57783.75,107.30,19020,19020,2566,4288609165.50,1254,F1,30,,,,,
2026-08-26,2026-08-26,FO,NSE,IDO,69833,,BANKNIFTY,,2026-09-29,2026-09-29,57900.00,PE,BANKNIFTY26SEP57900PE,675.00,687.80,548.00,589.05,584.65,822.70,57783.75,589.05,167460,137970,61714,108291672714.00,43288,F1,30,,,,,
2026-08-26,2026-08-26,FO,NSE,IDO,70026,,BANKNIFTY,,2026-09-29,2026-09-29,60800.00,PE,BANKNIFTY26SEP60800PE,0.00,0.00,0.00,3810.25,0.00,3810.25,57783.75,3139.04,0,0,0,0.00,0,F1,30,,,,,
2026-08-26,2026-08-26,FO,NSE,IDO,52389,,BANKNIFTY,,2026-09-29,2026-09-29,61500.00,PE,BANKNIFTY26SEP61500PE,3395.90,3395.90,3196.20,3286.35,3286.35,3693.75,57783.75,3286.35,11700,5790,209,405826054.50,104,F1,30,,,,,
2026-08-26,2026-08-26,FO,NSE,IDO,70118,,BANKNIFTY,,2026-09-29,2026-09-29,64100.00,PE,BANKNIFTY26SEP64100PE,0.00,0.00,0.00,6246.30,0.00,6246.30,57783.75,6014.92,0,0,0,0.00,0,F1,30,,,,,
2026-08-26,2026-08-26,FO,NSE,IDO,49458,,BANKNIFTY,,2026-10-27,2026-10-27,55500.00,PE,BANKNIFTY26OCT55500PE,0.00,0.00,0.00,1423.90,0.00,1423.90,57783.75,760.11,0,0,0,0.00,0,F1,30,,,,,
2026-08-26,2026-08-26,FO,NSE,IDO,49506,,BANKNIFTY,,2026-10-27,2026-10-27,57500.00,PE,BANKNIFTY26OCT57500PE,636.30,656.65,577.95,594.65,598.65,789.60,57783.75,594.65,86460,5520,906,1579162260.00,650,F1,30,,,,,
2026-08-26,2026-08-26,FO,NSE,IDO,49602,,BANKNIFTY,,2026-10-27,2026-10-27,61300.00,PE,BANKNIFTY26OCT61300PE,0.00,0.00,0.00,4666.85,0.00,4666.85,57783.75,3693.52,0,0,0,0.00,0,F1,30,,,,,
2026-08-26,2026-08-26,FO,NSE,IDO,62192,,BANKNIFTY,,2026-11-23,2026-11-23,56400.00,PE,BANKNIFTY26NOV56400PE,0.00,0.00,0.00,1416.00,0.00,1416.00,57783.75,1284.80,0,0,0,0.00,0,F1,30,,,,,
2026-08-26,2026-08-26,FO,NSE,IDO,62274,,BANKNIFTY,,2026-11-23,2026-11-23,58900.00,PE,BANKNIFTY26NOV58900PE,0.00,0.00,0.00,2572.70,0.00,2572.70,57783.75,2383.30,0,0,0,0.00,0,F1,30,,,,,
2026-08-26,2026-08-26,FO,NSE,IDO,52427,,BANKNIFTY,,2026-09-29,2026-09-29,67500.00,PE,BANKNIFTY26SEP67500PE,0.00,0.00,0.00,9314.35,9314.35,9314.35,57783.75,9315.06,2880,0,0,0.00,0,F1,30,,,,,
2026-08-26,2026-08-26,FO,NSE,IDO,49402,,BANKNIFTY,,2026-10-27,2026-10-27,53400.00,PE,BANKNIFTY26OCT53400PE,94.75,94.75,69.00,77.05,79.00,103.80,57783.75,77.05,15960,5250,668,1071692002.50,324,F1,30,,,,,
2026-08-26,2026-08-26,FO,NSE,IDO,49462,,BANKNIFTY,,2026-10-27,2026-10-27,55700.00,PE,BANKNIFTY26OCT55700PE,0.00,0.00,0.00,1499.95,0.00,1499.95,57783.75,817.16,0,0,0,0.00,0,F1,30,,,,,
2026-08-26,2026-08-26,FO,NSE,IDO,49472,,BANKNIFTY,,2026-10-27,2026-10-27,56200.00,PE,BANKNIFTY26OCT56200PE,0.00,0.00,0.00,1701.50,0.00,1701.50,57783.75,972.88,0,0,0,0.00,0,F1,30,,,,,
2026-08-26,2026-08-26,FO,NSE,IDO,49498,,BANKNIFTY,,2026-10-27,2026-10-27,57100.00,PE,BANKNIFTY26OCT57100PE,0.00,0.00,0.00,2105.75,0.00,2105.75,57783.75,1302.26,0,0,0,0.00,0,F1,30,,,,,
2026-08-26,2026-08-26,FO,NSE,IDO,49516,,BANKNIFTY,,2026-10-27,2026-10-27,57800.00,PE,BANKNIFTY26OCT57800PE,0.00,0.00,0.00,2456.75,0.00,2456.75,57783.75,1603.65,0,0,0,0.00,0,F1,30,,,,,
2026-08-26,2026-08-26,FO,NSE,IDO,49592,,BANKNIFTY,,2026-10-27,2026-10-27,60800.00,PE,BANKNIFTY26OCT60800PE,0.00,0.00,0.00,4308.55,0.00,4308.55,57783.75,3339.54,0,0,0,0.00,0,F1,30,,,,,
2026-08-26,2026-08-26,FO,NSE,IDO,49451,,BANKNIFTY,,2026-10-27,2026-10-27,55400.00,CE,BANKNIFTY26OCT55400CE,0.00,0.00,0.00,3574.50,0.00,3574.50,57783.75,3731.93,0,0,0,0.00,0,F1,30,,,,,
2026-08-26,2026-08-26,FO,NSE,IDO,69685,,BANKNIFTY,,2026-09-29,2026-09-29,53000.00,PE,BANKNIFTY26SEP53000PE,30.05,32.90,24.85,25.65,24.90,36.45,57783.75,25.65,225270,-3990,15487,24637165075.50,7980,F1,30,,,,,
2026-08-26,2026-08-26,FO,NSE,IDO,69703,,BANKNIFTY,,2026-09-29,2026-09-29,53900.00,PE,BANKNIFTY26SEP53900PE,0.00,0.00,0.00,748.95,0.00,748.95,57783.75,179.25,0,0,0,0.00,0,F1,30,,,,,
2026-08-26,2026-08-26,FO,NSE,IDO,69772,,BANKNIFTY,,2026-09-29,2026-09-29,55100.00,PE,BANKNIFTY26SEP55100PE,0.00,0.00,0.00,1069.60,0.00,1069.60,57783.75,363.64,0,0,0,0.00,0,F1,30,,,,,
2026-08-26,2026-08-26,FO,NSE,IDO,69810,,BANKNIFTY,,2026-09-29,2026-09-29,56800.00,PE,BANKNIFTY26SEP56800PE,370.00,370.00,254.10,265.15,262.35,402.10,57783.75,265.15,46440,20070,5826,9974719515.00,3403,F1,30,,,,,
2026-08-26,2026-08-26,FO,NSE,IDO,69814,,BANKNIFTY,,2026-09-29,2026-09-29,57100.00,PE,BANKNIFTY26SEP57100PE,411.60,411.65,315.00,332.90,333.50,504.50,57783.75,332.90,41940,-1590,3418,5889888334.50,2406,F1,30,,,,,
2026-08-26,2026-08-26,FO,NSE,IDO,69854,,BANKNIFTY,,2026-09-29,2026-09-29,58600.00,PE,BANKNIFTY26SEP58600PE,989.90,1000.15,855.60,920.90,907.50,1184.05,57783.75,920.90,13020,9120,1431,2554946286.00,1087,F1,30,,,,,
2026-08-26,2026-08-26,FO,NSE,IDO,49697,,BANKNIFTY,,2026-10-27,2026-10-27,65000.00,CE,BANKNIFTY26OCT65000CE,0.00,0.00,0.00,389.05,0.00,389.05,57783.75,237.38,0,0,0,0.00,0,F1,30,,,,,
2026-08-26,2026-08-26,FO,NSE,IDO,62123,,BANKNIFTY,,2026-11-23,2026-11-23,53800.00,CE,BANKNIFTY26NOV53800CE,0.00,0.00,0.00,5161.15,0.00,5161.15,57783.75,5408.23,0,0,0,0.00,0,F1,30,,,,,
2026-08-26,2026-08-26,FO,NSE,IDO,62131,,BANKNIFTY,,2026-11-23,2026-11-23,53900.00,CE,BANKNIFTY26NOV53900CE,0.00,0.00,0.00,5084.80,0.00,5084.80,57783.75,5330.05,0,0,0,0.00,0,F1,30,,,,,
2026-08-26,2026-08-26,FO,NSE,IDO,62145,,BANKNIFTY,,2026-11-23,2026-11-23,54500.00,CE,BANKNIFTY26NOV54500CE,0.00,0.00,0.00,4640.20,0.00,4640.20,57783.75,4872.24,0,0,0,0.00,0,F1,30,,,,,
2026-08-26,2026-08-26,FO,NSE,IDO,62309,,BANKNIFTY,,2026-11-23,2026-11-23,60300.00,CE,BANKNIFTY26NOV60300CE,0.00,0.00,0.00,1511.35,0.00,1511.35,57783.75,1620.49,0,0,0,0.00,0,F1,30,,,,,
2026-08-26,2026-08-26,FO,NSE,IDO,62339,,BANKNIFTY,,2026-11-23,2026-11-23,61200.00,CE,BANKNIFTY26NOV61200CE,0.00,0.00,0.00,1220.85,0.00,1220.85,57783.75,1312.87,0,0,0,0.00,0,F1,30,,,,,
2026-08-26,2026-08-26,FO,NSE,IDO,69817,,BANKNIFTY,,2026-09-29,2026-09-29,57300.00,CE,BANKNIFTY26SEP57300CE,1084.90,1419.10,1084.90,1292.45,1283.40,1070.10,57783.75,1292.45,58440,-24270,4192,7372597405.50,3019,F1,30,,,,,
2026-08-26,2026-08-26,FO,NSE,IDO,69995,,BANKNIFTY,,2026-09-29,2026-09-29,59700.00,PE,BANKNIFTY26SEP59700PE,1721.65,1721.65,1590.00,1680.85,1680.85,2070.50,57783.75,1680.85,450,90,5,9203488.50,5,F1,30,,,,,
2026-08-26,2026-08-26,FO,NSE,IDO,70020,,BANKNIFTY,,2026-09-29,2026-09-29,60500.00,PE,BANKNIFTY26SEP60500PE,2391.00,2391.00,2231.00,2300.00,2300.00,2700.00,57783.75,2913.06,9480,-30,16,30148921.50,14,F1,30,,,,,
2026-08-26,2026-08-26,FO,NSE,IDO,70036,,BANKNIFTY,,2026-09-29,2026-09-29,61300.00,PE,BANKNIFTY26SEP61300PE,0.00,0.00,0.00,4144.70,0.00,4144.70,57783.75,3534.62,0,0,0,0.00,0,F1,30,,,,,
2026-08-26,2026-08-26,FO,NSE,IDO,70038,,BANKNIFTY,,2026-09-29,2026-09-29,61400.00,PE,BANKNIFTY26SEP61400PE,0.00,0.00,0.00,4213.25,0.00,4213.25,57783.75,3615.92,0,0,0,0.00,0,F1,30,,,,,
2026-08-26,2026-08-26,FO,NSE,IDO,70016,,BANKNIFTY,,2026-09-29,2026-09-29,60300.00,PE,BANKNIFTY26SEP60300PE,0.00,0.00,0.00,3489.75,0.00,3489.75,57783.75,2762.73,0,0,0,0.00,0,F1,30,,,,,
2026-08-26,2026-08-26,FO,NSE,IDO,49529,,BANKNIFTY,,2026-10-27,2026-10-27,58400.00,CE,BANKNIFTY26OCT58400CE,0.00,0.00,0.00,2015.90,0.00,2015.90,57783.75,1923.61,0,0,0,0.00,0,F1,30,,,,,
2026-08-26,2026-08-26,FO,NSE,IDO,49545,,BANKNIFTY,,2026-10-27,2026-10-27,59000.00,CE,BANKNIFTY26OCT59000CE,725.00,863.15,725.00,785.90,788.30,674.75,57783.75,785.90,46950,8940,670,1202126322.00,451,F1,30,,,,,
2026-08-26,2026-08-26,FO,NSE,IDO,49647,,BANKNIFTY,,2026-10-27,2026-10-27,63000.00,CE,BANKNIFTY26OCT63000CE,282.75,282.75,282.75,282.75,282.75,677.00,57783.75,491.82,300,300,10,18984825.00,1,F1,30,,,,,
2026-08-26,2026-08-26,FO,NSE,IDO,49651,,BANKNIFTY,,2026-10-27,2026-10-27,63200.00,CE,BANKNIFTY26OCT63200CE,0.00,0.00,0.00,641.90,0.00,641.90,57783.75,458.96,0,0,0,0.00,0,F1,30,,,,,
2026-08-26,2026-08-26,FO,NSE,IDO,62190,,BANKNIFTY,,2026-11-23,2026-11-23,56300.00,PE,BANKNIFTY26NOV56300PE,0.00,0.00,0.00,1378.50,0.00,1378.50,57783.75,1249.59,0,0,0,0.00,0,F1,30,,,,,
2026-08-26,2026-08-26,FO,NSE,IDO,62200,,BANKNIFTY,,2026-11-23,2026-11-23,56600.00,PE,BANKNIFTY26NOV56600PE,0.00,0.00,0.00,1493.05,0.00,1493.05,57783.75,1357.20,0,0,0,0.00,0,F1,30,,,,,
2026-08-26,2026-08-26,FO,NSE,IDO,62322,,BANKNIFTY,,2026-11-23,2026-11-23,60700.00,PE,BANKNIFTY26NOV60700PE,0.00,0.00,0.00,3660.45,0.00,3660.45,57783.75,3432.23,0,0,0,0.00,0,F1,30,,,,,
2026-08-26,2026-08-26,FO,NSE,IDO,62488,,BANKNIFTY,,2026-11-23,2026-11-23,62500.00,PE,BANKNIFTY26NOV62500PE,0.00,0.00,0.00,4940.60,0.00,4940.60,57783.75,4678.89,0,0,0,0.00,0,F1,30,,,,,
2026-08-26,2026-08-26,FO,NSE,IDO,62552,,BANKNIFTY,,2026-11-23,2026-11-23,63500.00,PE,BANKNIFTY26NOV63500PE,0.00,0.00,0.00,5717.70,0.00,5717.70,57783.75,5441.07,0,0,0,0.00,0,F1,30,,,,,
2026-08-26,2026-08-26,FO,NSE,IDO,69826,,BANKNIFTY,,2026-09-29,2026-09-29,57700.00,CE,BANKNIFTY26SEP57700CE,894.60,1141.10,856.05,1024.10,1015.20,835.20,57783.75,1024.10,161640,-38430,12197,21492931515.00,8810,F1,30,,,,,
2026-08-26,2026-08-26,FO,NSE,IDO,69872,,BANKNIFTY,,2026-09-29,2026-09-29,58900.00,CE,BANKNIFTY26SEP58900CE,480.00,486.60,409.25,425.55,425.00,2217.10,57783.75,425.55,31920,31920,3118,5550993645.00,2410,F1,30,,,,,
2026-08-26,2026-08-26,FO,NSE,IDO,70045,,BANKNIFTY,,2026-09-29,2026-09-29,61800.00,CE,BANKNIFTY26SEP61800CE,0.00,0.00,0.00,1183.35,0.00,1183.35,57783.75,307.48,0,0,0,0.00,0,F1,30,,,,,
2026-08-26,2026-08-26,FO,NSE,IDO,69813,,BANKNIFTY,,2026-09-29,2026-09-29,57100.00,CE,BANKNIFTY26SEP57100CE,1355.10,1574.15,1340.00,1442.20,1428.00,1205.10,57783.75,1442.20,9660,-210,307,539439177.00,264,F1,30,,,,,
2026-08-26,2026-08-26,FO,NSE,IDO,69684,,BANKNIFTY,,2026-09-29,2026-09-29,53000.00,CE,BANKNIFTY26SEP53000CE,5150.00,5300.00,5150.00,5176.70,5176.70,4796.70,57783.75,5203.92,36180,150,28,48922837.50,24,F1,30,,,,,
2026-08-26,2026-08-26,FO,NSE,IDO,69674,,BANKNIFTY,,2026-09-29,2026-09-29,52400.00,CE,BANKNIFTY26SEP52400CE,0.00,0.00,0.00,6400.20,0.00,6400.20,57783.75,5765.27,0,0,0,0.00,0,F1,30,,,,,
2026-08-26,2026-08-26,FO,NSE,IDO,69591,,BANKNIFTY,,2026-09-29,2026-09-29,50500.00,CE,BANKNIFTY26SEP50500CE,0.00,0.00,0.00,7000.00,7000.00,7000.00,57783.75,7603.24,120,0,0,0.00,0,F1,30,,,,,
2026-08-26,2026-08-26,FO,NSE,IDO,70086,,BANKNIFTY,,2026-09-29,2026-09-29,62500.00,CE,BANKNIFTY26SEP62500CE,124.80,124.80,12.00,13.05,12.95,161.45,57783.75,13.05,14610,14580,1257,2357387857.50,806,F1,30,,,,,
2026-08-26,2026-08-26,FO,NSE,IDO,49446,,BANKNIFTY,,2026-10-27,2026-10-27,55200.00,CE,BANKNIFTY26OCT55200CE,0.00,0.00,0.00,3699.30,0.00,3699.30,57783.75,3877.37,0,0,0,0.00,0,F1,30,,,,,
2026-08-26,2026-08-26,FO,NSE,IDO,70049,,BANKNIFTY,,2026-09-29,2026-09-29,61900.00,PE,BANKNIFTY26SEP61900PE,0.00,0.00,0.00,4563.60,0.00,4563.60,57783.75,4032.37,0,0,0,0.00,0,F1,30,,,,,
2026-08-26,2026-08-26,FO,NSE,IDO,49564,,BANKNIFTY,,2026-10-27,2026-10-27,59600.00,PE,BANKNIFTY26OCT59600PE,1550.00,1550.00,1550.00,1550.00,1550.00,1954.55,57783.75,2561.53,120,30,1,1834500.00,1,F1,30,,,,,
2026-08-26,2026-08-26,FO,NSE,IDO,49618,,BANKNIFTY,,2026-10-27,2026-10-27,61900.00,PE,BANKNIFTY26OCT61900PE,0.00,0.00,0.00,5116.40,0.00,5116.40,57783.75,4142.53,0,0,0,0.00,0,F1,30,,,,,
2026-08-26,2026-08-26,FO,NSE,IDO,49646,,BANKNIFTY,,2026-10-27,2026-10-27,62900.00,PE,BANKNIFTY26OCT62900PE,0.00,0.00,0.00,5894.85,0.00,5894.85,57783.75,4929.26,0,0,0,0.00,0,F1,30,,,,,
2026-08-26,2026-08-26,FO,NSE,IDO,62078,,BANKNIFTY,,2026-11-23,2026-11-23,52000.00,PE,BANKNIFTY26NOV52000PE,0.00,0.00,0.00,335.15,0.00,335.15,57783.75,289.32,0,0,0,0.00,0,F1,30,,,,,
2026-08-26,2026-08-26,FO,NSE,IDO,62160,,BANKNIFTY,,2026-11-23,2026-11-23,55200.00,PE,BANKNIFTY26NOV55200PE,0.00,0.00,0.00,1008.95,0.00,1008.95,57783.75,907.14,0,0,0,0.00,0,F1,30,,,,,
2026-08-26,2026-08-26,FO,NSE,IDO,62162,,BANKNIFTY,,2026-11-23,2026-11-23,55300.00,PE,BANKNIFTY26NOV55300PE,0.00,0.00,0.00,1039.35,0.00,1039.35,57783.75,932.92,0,0,0,0.00,0,F1,30,,,,,
2026-08-26,2026-08-26,FO,NSE,IDO,62186,,BANKNIFTY,,2026-11-23,2026-11-23,56100.00,PE,BANKNIFTY26NOV56100PE,0.00,0.00,0.00,1305.45,0.00,1305.45,57783.75,1181.13,0,0,0,0.00,0,F1,30,,,,,
2026-08-26,2026-08-26,FO,NSE,IDO,49579,,BANKNIFTY,,2026-10-27,2026-10-27,60300.00,CE,BANKNIFTY26OCT60300CE,0.00,0.00,0.00,1324.65,0.00,1324.65,57783.75,1153.58,0,0,0,0.00,0,F1,30,,,,,
2026-08-26,2026-08-26,FO,NSE,IDO,49575,,BANKNIFTY,,2026-10-27,2026-10-27,60100.00,CE,BANKNIFTY26OCT60100CE,0.00,0.00,0.00,1387.45,0.00,1387.45,57783.75,1221.62,0,0,0,0.00,0,F1,30,,,,,
2026-08-26,2026-08-26,FO,NSE,IDO,49567,,BANKNIFTY,,2026-10-27,2026-10-27,59800.00,CE,BANKNIFTY26OCT59800CE,0.00,0.00,0.00,1485.85,0.00,1485.85,57783.75,1329.22,0,0,0,0.00,0,F1,30,,,,,
2026-08-26,2026-08-26,FO,NSE,IDO,49527,,BANKNIFTY,,2026-10-27,2026-10-27,58300.00,CE,BANKNIFTY26OCT58300CE,1157.80,1232.55,1124.50,1142.00,1143.75,1026.20,57783.75,1142.00,1230,990,36,64226080.50,36,F1,30,,,,,
2026-08-26,2026-08-26,FO,NSE,IDO,49677,,BANKNIFTY,,2026-10-27,2026-10-27,64000.00,CE,BANKNIFTY26OCT64000CE,0.00,0.00,0.00,231.00,231.00,231.00,57783.75,345.20,30,0,0,0.00,0,F1,30,,,,,
2026-08-26,2026-08-26,FO,NSE,IDO,62097,,BANKNIFTY,,2026-11-23,2026-11-23,53000.00,CE,BANKNIFTY26NOV53000CE,0.00,0.00,0.00,5791.15,0.00,5791.15,57783.75,6051.74,0,0,0,0.00,0,F1,30,,,,,
2026-08-26,2026-08-26,FO,NSE,IDO,62115,,BANKNIFTY,,2026-11-23,2026-11-23,53700.00,CE,BANKNIFTY26NOV53700CE,0.00,0.00,0.00,5238.10,0.00,5238.10,57783.75,5486.93,0,0,0,0.00,0,F1,30,,,,,
2026-08-26,2026-08-26,FO,NSE,IDO,62157,,BANKNIFTY,,2026-11-23,2026-11-23,55100.00,CE,BANKNIFTY26NOV55100CE,0.00,0.00,0.00,4211.90,0.00,4211.90,57783.75,4436.46,0,0,0,0.00,0,F1,30,,,,,
2026-08-26,2026-08-26,FO,NSE,IDO,62169,,BANKNIFTY,,2026-11-23,2026-11-23,55600.00,CE,BANKNIFTY26NOV55600CE,0.00,0.00,0.00,3874.50,0.00,3874.50,57783.75,4085.96,0,0,0,0.00,0,F1,30,,,,,
2026-08-26,2026-08-26,FO,NSE,IDO,62215,,BANKNIFTY,,2026-11-23,2026-11-23,57400.00,CE,BANKNIFTY26NOV57400CE,0.00,0.00,0.00,2795.00,0.00,2795.00,57783.75,2966.75,0,0,0,0.00,0,F1,30,,,,,
2026-08-26,2026-08-26,FO,NSE,IDO,62240,,BANKNIFTY,,2026-11-23,2026-11-23,58000.00,CE,BANKNIFTY26NOV58000CE,1649.00,1760.00,1649.00,1750.00,1750.00,2483.65,57783.75,2641.93,1140,1140,40,71676271.50,35,F1,30,,,,,
2026-08-26,2026-08-26,FO,NSE,IDO,62250,,BANKNIFTY,,2026-11-23,2026-11-23,58200.00,CE,BANKNIFTY26NOV58200CE,0.00,0.00,0.00,2385.05,0.00,2385.05,57783.75,2539.10,0,0,0,0.00,0,F1,30,,,,,
2026-08-26,2026-08-26,FO,NSE,IDO,62252,,BANKNIFTY,,2026-11-23,2026-11-23,58300.00,CE,BANKNIFTY26NOV58300CE,0.00,0.00,0.00,2336.90,0.00,2336.90,57783.75,2488.70,0,0,0,0.00,0,F1,30,,,,,
2026-08-26,2026-08-26,FO,NSE,IDO,62275,,BANKNIFTY,,2026-11-23,2026-11-23,59000.00,CE,BANKNIFTY26NOV59000CE,0.00,0.00,0.00,2018.40,0.00,2018.40,57783.75,2154.61,0,0,0,0.00,0,F1,30,,,,,
2026-08-26,2026-08-26,FO,NSE,IDO,62315,,BANKNIFTY,,2026-11-23,2026-11-23,60600.00,CE,BANKNIFTY26NOV60600CE,0.00,0.00,0.00,1409.25,0.00,1409.25,57783.75,1512.50,0,0,0,0.00,0,F1,30,,,,,
2026-08-26,2026-08-26,FO,NSE,IDO,49494,,BANKNIFTY,,2026-10-27,2026-10-27,56900.00,PE,BANKNIFTY26OCT56900PE,0.00,0.00,0.00,2011.30,0.00,2011.30,57783.75,1223.48,0,0,0,0.00,0,F1,30,,,,,
2026-08-26,2026-08-26,FO,NSE,IDO,49570,,BANKNIFTY,,2026-10-27,2026-10-27,59900.00,PE,BANKNIFTY26OCT59900PE,0.00,0.00,0.00,2250.00,2250.00,2250.00,57783.75,2746.10,120,0,0,0.00,0,F1,30,,,,,
2026-08-26,2026-08-26,FO,NSE,IDO,49656,,BANKNIFTY,,2026-10-27,2026-10-27,63400.00,PE,BANKNIFTY26OCT63400PE,0.00,0.00,0.00,6300.50,0.00,6300.50,57783.75,5342.71,0,0,0,0.00,0,F1,30,,,,,
2026-08-26,2026-08-26,FO,NSE,IDO,62112,,BANKNIFTY,,2026-11-23,2026-11-23,53500.00,PE,BANKNIFTY26NOV53500PE,0.00,0.00,0.00,584.55,0.00,584.55,57783.75,514.43,0,0,0,0.00,0,F1,30,,,,,
2026-08-26,2026-08-26,FO,NSE,IDO,62116,,BANKNIFTY,,2026-11-23,2026-11-23,53700.00,PE,BANKNIFTY26NOV53700PE,0.00,0.00,0.00,626.15,0.00,626.15,57783.75,552.33,0,0,0,0.00,0,F1,30,,,,,
2026-08-26,2026-08-26,FO,NSE,IDO,62148,,BANKNIFTY,,2026-11-23,2026-11-23,54600.00,PE,BANKNIFTY26NOV54600PE,0.00,0.00,0.00,842.35,0.00,842.35,57783.75,749.03,0,0,0,0.00,0,F1,30,,,,,
2026-08-26,2026-08-26,FO,NSE,IDO,62278,,BANKNIFTY,,2026-11-23,2026-11-23,59100.00,PE,BANKNIFTY26NOV59100PE,0.00,0.00,0.00,2683.40,0.00,2683.40,57783.75,2489.44,0,0,0,0.00,0,F1,30,,,,,
2026-08-26,2026-08-26,FO,NSE,IDO,62294,,BANKNIFTY,,2026-11-23,2026-11-23,59600.00,PE,BANKNIFTY26NOV59600PE,0.00,0.00,0.00,2971.45,0.00,2971.45,57783.75,2766.39,0,0,0,0.00,0,F1,30,,,,,
2026-08-26,2026-08-26,FO,NSE,IDO,70112,,BANKNIFTY,,2026-09-29,2026-09-29,63800.00,PE,BANKNIFTY26SEP63800PE,0.00,0.00,0.00,6004.90,0.00,6004.90,57783.75,5733.68,0,0,0,0.00,0,F1,30,,,,,
2026-08-26,2026-08-26,FO,NSE,IDO,70106,,BANKNIFTY,,2026-09-29,2026-09-29,63500.00,PE,BANKNIFTY26SEP63500PE,0.00,0.00,0.00,5657.90,5657.90,5657.90,57783.75,5455.21,120,0,0,0.00,0,F1,30,,,,,
2026-08-26,2026-08-26,FO,NSE,IDO,70104,,BANKNIFTY,,2026-09-29,2026-09-29,63400.00,PE,BANKNIFTY26SEP63400PE,0.00,0.00,0.00,5688.50,0.00,5688.50,57783.75,5363.07,0,0,0,0.00,0,F1,30,,,,,
2026-08-26,2026-08-26,FO,NSE,IDO,70044,,BANKNIFTY,,2026-09-29,2026-09-29,61700.00,PE,BANKNIFTY26SEP61700PE,0.00,0.00,0.00,4421.90,0.00,4421.90,57783.75,3863.87,0,0,0,0.00,0,F1,30,,,,,
2026-08-26,2026-08-26,FO,NSE,IDO,69900,,BANKNIFTY,,2026-09-29,2026-09-29,59200.00,PE,BANKNIFTY26SEP59200PE,1263.85,1343.00,1206.10,1314.40,1313.35,1592.60,57783.75,1314.40,1080,840,54,97995166.50,52,F1,30,,,,,
2026-08-26,2026-08-26,FO,NSE,IDO,69825,,BANKNIFTY,,2026-09-29,2026-09-29,57600.00,PE,BANKNIFTY26SEP57600PE,658.30,658.30,445.05,477.05,476.05,679.45,57783.75,477.05,87000,6450,14088,24549276690.00,10306,F1,30,,,,,
2026-08-26,2026-08-26,FO,NSE,IDO,69816,,BANKNIFTY,,2026-09-29,2026-09-29,57200.00,PE,BANKNIFTY26SEP57200PE,460.90,460.90,339.65,358.90,358.25,530.40,57783.75,358.90,188670,-1110,5564,9608982535.50,3847,F1,30,,,,,
2026-08-26,2026-08-26,FO,NSE,IDO,69786,,BANKNIFTY,,2026-09-29,2026-09-29,55900.00,PE,BANKNIFTY26SEP55900PE,199.55,225.75,128.95,132.55,130.45,212.55,57783.75,132.55,25830,15750,2502,4206323707.50,1345,F1,30,,,,,
2026-08-26,2026-08-26,FO,NSE,IDO,69784,,BANKNIFTY,,2026-09-29,2026-09-29,55800.00,PE,BANKNIFTY26SEP55800PE,159.00,159.00,120.00,124.85,122.50,201.65,57783.75,124.85,31170,17910,3079,5166195621.00,1686,F1,30,,,,,
2026-08-26,2026-08-26,FO,NSE,IDO,69764,,BANKNIFTY,,2026-09-29,2026-09-29,54800.00,PE,BANKNIFTY26SEP54800PE,67.60,77.35,59.25,61.95,62.00,102.70,57783.75,61.95,35310,1260,2338,3848205729.00,1407,F1,30,,,,,
2026-08-26,2026-08-26,FO,NSE,IDO,69671,,BANKNIFTY,,2026-09-29,2026-09-29,52200.00,PE,BANKNIFTY26SEP52200PE,0.00,0.00,0.00,422.10,0.00,422.10,57783.75,53.77,0,0,0,0.00,0,F1,30,,,,,
2026-08-26,2026-08-26,FO,NSE,IDO,52283,,BANKNIFTY,,2026-09-29,2026-09-29,51000.00,PE,BANKNIFTY26SEP51000PE,14.50,20.85,14.50,17.40,17.85,22.00,57783.75,17.40,204810,13860,6324,9679168668.00,3424,F1,30,,,,,
2026-08-26,2026-08-26,FO,NSE,IDO,52265,,BANKNIFTY,,2026-09-29,2026-09-29,43500.00,PE,BANKNIFTY26SEP43500PE,4.70,5.75,3.50,3.55,3.50,4.40,57783.75,3.55,140640,3090,562,733483885.50,201,F1,30,,,,,
2026-08-26,2026-08-26,FO,NSE,IDO,62666,,BANKNIFTY,,2026-11-23,2026-11-23,64500.00,CE,BANKNIFTY26NOV64500CE,0.00,0.00,0.00,510.70,0.00,510.70,57783.75,554.32,0,0,0,0.00,0,F1,30,,,,,
2026-08-26,2026-08-26,FO,NSE,IDO,62313,,BANKNIFTY,,2026-11-23,2026-11-23,60500.00,CE,BANKNIFTY26NOV60500CE,0.00,0.00,0.00,1442.65,0.00,1442.65,57783.75,1547.88,0,0,0,0.00,0,F1,30,,,,,
2026-08-26,2026-08-26,FO,NSE,IDO,62271,,BANKNIFTY,,2026-11-23,2026-11-23,58800.00,CE,BANKNIFTY26NOV58800CE,0.00,0.00,0.00,2106.10,0.00,2106.10,57783.75,2246.63,0,0,0,0.00,0,F1,30,,,,,
2026-08-26,2026-08-26,FO,NSE,IDO,62219,,BANKNIFTY,,2026-11-23,2026-11-23,57600.00,CE,BANKNIFTY26NOV57600CE,0.00,0.00,0.00,2688.50,0.00,2688.50,57783.75,2855.76,0,0,0,0.00,0,F1,30,,,,,
2026-08-26,2026-08-26,FO,NSE,IDO,62153,,BANKNIFTY,,2026-11-23,2026-11-23,54900.00,CE,BANKNIFTY26NOV54900CE,0.00,0.00,0.00,4353.65,0.00,4353.65,57783.75,4580.20,0,0,0,0.00,0,F1,30,,,,,
2026-08-26,2026-08-26,FO,NSE,IDO,62091,,BANKNIFTY,,2026-11-23,2026-11-23,52700.00,CE,BANKNIFTY26NOV52700CE,0.00,0.00,0.00,6035.60,0.00,6035.60,57783.75,6300.84,0,0,0,0.00,0,F1,30,,,,,
2026-08-26,2026-08-26,FO,NSE,IDO,49665,,BANKNIFTY,,2026-10-27,2026-10-27,63800.00,CE,BANKNIFTY26OCT63800CE,0.00,0.00,0.00,545.55,0.00,545.55,57783.75,371.14,0,0,0,0.00,0,F1,30,,,,,
2026-08-26,2026-08-26,FO,NSE,IDO,49657,,BANKNIFTY,,2026-10-27,2026-10-27,63500.00,CE,BANKNIFTY26OCT63500CE,0.00,0.00,0.00,592.10,0.00,592.10,57783.75,413.10,0,0,0,0.00,0,F1,30,,,,,
2026-08-26,2026-08-26,FO,NSE,IDO,49609,,BANKNIFTY,,2026-10-27,2026-10-27,61600.00,CE,BANKNIFTY26OCT61600CE,0.00,0.00,0.00,971.40,0.00,971.40,57783.75,781.62,0,0,0,0.00,0,F1,30,,,,,
2026-08-26,2026-08-26,FO,NSE,IDO,49593,,BANKNIFTY,,2026-10-27,2026-10-27,60900.00,CE,BANKNIFTY26OCT60900CE,0.00,0.00,0.00,1149.45,0.00,1149.45,57783.75,966.57,0,0,0,0.00,0,F1,30,,,,,
2026-08-26,2026-08-26,FO,NSE,IDO,49589,,BANKNIFTY,,2026-10-27,2026-10-27,60800.00,CE,BANKNIFTY26OCT60800CE,0.00,0.00,0.00,1177.30,0.00,1177.30,57783.75,996.00,0,0,0,0.00,0,F1,30,,,,,
2026-08-26,2026-08-26,FO,NSE,IDO,49583,,BANKNIFTY,,2026-10-27,2026-10-27,60500.00,CE,BANKNIFTY26OCT60500CE,626.15,626.15,626.15,626.15,626.15,1264.10,57783.75,1088.43,30,30,1,1833784.50,1,F1,30,,,,,
2026-08-26,2026-08-26,FO,NSE,IDO,49581,,BANKNIFTY,,2026-10-27,2026-10-27,60400.00,CE,BANKNIFTY26OCT60400CE,0.00,0.00,0.00,1294.10,0.00,1294.10,57783.75,1120.65,0,0,0,0.00,0,F1,30,,,,,
2026-08-26,2026-08-26,FO,NSE,IDO,49461,,BANKNIFTY,,2026-10-27,2026-10-27,55700.00,CE,BANKNIFTY26OCT55700CE,0.00,0.00,0.00,3392.10,0.00,3392.10,57783.75,3517.20,0,0,0,0.00,0,F1,30,,,,,
2026-08-26,2026-08-26,FO,NSE,IDO,49457,,BANKNIFTY,,2026-10-27,2026-10-27,55500.00,CE,BANKNIFTY26OCT55500CE,0.00,0.00,0.00,2840.00,2840.00,2840.00,57783.75,3657.93,60,0,0,0.00,0,F1,30,,,,,
2026-08-26,2026-08-26,FO,NSE,IDO,49405,,BANKNIFTY,,2026-10-27,2026-10-27,53600.00,CE,BANKNIFTY26OCT53600CE,0.00,0.00,0.00,4790.50,0.00,4790.50,57783.75,5130.37,0,0,0,0.00,0,F1,30,,,,,
2026-08-26,2026-08-26,FO,NSE,IDO,49385,,BANKNIFTY,,2026-10-27,2026-10-27,52900.00,CE,BANKNIFTY26OCT52900CE,0.00,0.00,0.00,5311.85,0.00,5311.85,57783.75,5725.26,0,0,0,0.00,0,F1,30,,,,,
2026-08-26,2026-08-26,FO,NSE,IDO,49381,,BANKNIFTY,,2026-10-27,2026-10-27,52700.00,CE,BANKNIFTY26OCT52700CE,0.00,0.00,0.00,5466.20,0.00,5466.20,57783.75,5899.52,0,0,0,0.00,0,F1,30,,,,,
2026-08-26,2026-08-26,FO,NSE,IDO,49300,,BANKNIFTY,,2026-10-27,2026-10-27,49500.00,CE,BANKNIFTY26OCT49500CE,0.00,0.00,0.00,8178.25,0.00,8178.25,57783.75,8868.81,0,0,0,0.00,0,F1,30,,,,,
2026-08-26,2026-08-26,FO,NSE,IDO,52420,,BANKNIFTY,,2026-09-29,2026-09-29,66000.00,CE,BANKNIFTY26SEP66000CE,4.40,6.20,3.80,5.25,5.55,4.30,57783.75,5.25,51420,17730,6844,13552166463.00,3578,F1,30,,,,,
2026-08-26,2026-08-26,FO,NSE,IDO,70154,,BANKNIFTY,,2026-09-29,2026-09-29,65000.00,CE,BANKNIFTY26SEP65000CE,4.75,7.80,4.35,6.20,6.45,4.65,57783.75,6.20,104970,35460,10601,20673859498.50,5240,F1,30,,,,,
2026-08-26,2026-08-26,FO,NSE,IDO,70051,,BANKNIFTY,,2026-09-29,2026-09-29,62000.00,CE,BANKNIFTY26SEP62000CE,15.10,24.50,15.10,17.70,18.80,18.70,57783.75,17.70,354900,94650,23289,43330787539.50,11678,F1,30,,,,,
2026-08-26,2026-08-26,FO,NSE,IDO,70033,,BANKNIFTY,,2026-09-29,2026-09-29,61200.00,CE,BANKNIFTY26SEP61200CE,0.00,0.00,0.00,1358.35,0.00,1358.35,57783.75,410.04,0,0,0,0.00,0,F1,30,,,,,
2026-08-26,2026-08-26,FO,NSE,IDO,70029,,BANKNIFTY,,2026-09-29,2026-09-29,61000.00,CE,BANKNIFTY26SEP61000CE,44.45,54.95,42.50,46.80,49.85,43.40,57783.75,46.80,544440,160800,38614,70721056359.00,20237,F1,30,,,,,
2026-08-26,2026-08-26,FO,NSE,IDO,70025,,BANKNIFTY,,2026-09-29,2026-09-29,60800.00,CE,BANKNIFTY26SEP60800CE,0.00,0.00,0.00,1485.75,0.00,1485.75,57783.75,492.62,0,0,0,0.00,0,F1,30,,,,,
2026-08-26,2026-08-26,FO,NSE,IDO,69917,,BANKNIFTY,,2026-09-29,2026-09-29,59400.00,CE,BANKNIFTY26SEP59400CE,266.45,312.00,243.75,265.55,265.50,207.20,57783.75,265.55,26400,15720,6344,11358487036.50,4937,F1,30,,,,,
2026-08-26,2026-08-26,FO,NSE,IDO,69870,,BANKNIFTY,,2026-09-29,2026-09-29,58800.00,CE,BANKNIFTY26SEP58800CE,426.95,531.10,416.35,463.10,459.10,354.40,57783.75,463.10,96840,49290,11496,20444076556.50,8581,F1,30,,,,,
2026-08-26,2026-08-26,FO,NSE,IDO,69838,,BANKNIFTY,,2026-09-29,2026-09-29,58000.00,CE,BANKNIFTY26SEP58000CE,736.95,950.00,681.25,847.60,845.00,681.25,57783.75,847.60,1071600,51930,103010,181928677431.00,68088,F1,30,,,,,
2026-08-26,2026-08-26,FO,NSE,IDO,69824,,BANKNIFTY,,2026-09-29,2026-09-29,57600.00,CE,BANKNIFTY26SEP57600CE,920.00,1206.75,881.85,1092.30,1092.00,891.00,57783.75,1092.30,74730,-30660,10768,18963734068.50,7865,F1,30,,,,,
2026-08-26,2026-08-26,FO,NSE,IDO,69781,,BANKNIFTY,,2026-09-29,2026-09-29,55700.00,CE,BANKNIFTY26SEP55700CE,2883.45,2883.45,2883.45,2883.45,2883.45,3959.30,57783.75,2920.44,30,30,1,1757503.50,1,F1,30,,,,,
2026-08-26,2026-08-26,FO,NSE,IDO,52404,,BANKNIFTY,,2026-09-29,2026-09-29,63000.00,CE,BANKNIFTY26SEP63000CE,10.35,18.00,9.25,10.00,10.25,10.10,57783.75,10.00,268590,47190,13343,25222487898.00,8165,F1,30,,,,,
2026-08-26,2026-08-26,FO,NSE,IDO,70101,,BANKNIFTY,,2026-09-29,2026-09-29,63300.00,CE,BANKNIFTY26SEP63300CE,0.00,0.00,0.00,824.30,0.00,824.30,57783.75,140.07,0,0,0,0.00,0,F1,30,,,,,
2026-08-26,2026-08-26,FO,NSE,IDO,70103,,BANKNIFTY,,2026-09-29,2026-09-29,63400.00,CE,BANKNIFTY26SEP63400CE,0.00,0.00,0.00,803.90,0.00,803.90,57783.75,132.47,0,0,0,0.00,0,F1,30,,,,,
2026-08-26,2026-08-26,FO,NSE,IDO,70109,,BANKNIFTY,,2026-09-29,2026-09-29,63700.00,CE,BANKNIFTY26SEP63700CE,0.00,0.00,0.00,745.15,0.00,745.15,57783.75,111.76,0,0,0,0.00,0,F1,30,,,,,
2026-08-26,2026-08-26,FO,NSE,IDO,70111,,BANKNIFTY,,2026-09-29,2026-09-29,63800.00,CE,BANKNIFTY26SEP63800CE,0.00,0.00,0.00,726.40,0.00,726.40,57783.75,105.52,0,0,0,0.00,0,F1,30,,,,,
2026-08-26,2026-08-26,FO,NSE,IDO,70113,,BANKNIFTY,,2026-09-29,2026-09-29,63900.00,CE,BANKNIFTY26SEP63900CE,0.00,0.00,0.00,708.00,0.00,708.00,57783.75,99.58,0,0,0,0.00,0,F1,30,,,,,
2026-08-26,2026-08-26,FO,NSE,IDO,49359,,BANKNIFTY,,2026-10-27,2026-10-27,51700.00,CE,BANKNIFTY26OCT51700CE,0.00,0.00,0.00,6267.90,0.00,6267.90,57783.75,6795.31,0,0,0,0.00,0,F1,30,,,,,
2026-08-26,2026-08-26,FO,NSE,IDO,49421,,BANKNIFTY,,2026-10-27,2026-10-27,54300.00,CE,BANKNIFTY26OCT54300CE,0.00,0.00,0.00,4292.25,0.00,4292.25,57783.75,4561.79,0,0,0,0.00,0,F1,30,,,,,
2026-08-26,2026-08-26,FO,NSE,IDO,49423,,BANKNIFTY,,2026-10-27,2026-10-27,54400.00,CE,BANKNIFTY26OCT54400CE,0.00,0.00,0.00,4223.85,0.00,4223.85,57783.75,4482.93,0,0,0,0.00,0,F1,30,,,,,
2026-08-26,2026-08-26,FO,NSE,IDO,49463,,BANKNIFTY,,2026-10-27,2026-10-27,55800.00,CE,BANKNIFTY26OCT55800CE,0.00,0.00,0.00,3332.60,0.00,3332.60,57783.75,3447.94,0,0,0,0.00,0,F1,30,,,,,
2026-08-26,2026-08-26,FO,NSE,IDO,49487,,BANKNIFTY,,2026-10-27,2026-10-27,56700.00,CE,BANKNIFTY26OCT56700CE,0.00,0.00,0.00,2826.70,0.00,2826.70,57783.75,2859.01,0,0,0,0.00,0,F1,30,,,,,
2026-08-26,2026-08-26,FO,NSE,IDO,49495,,BANKNIFTY,,2026-10-27,2026-10-27,57000.00,CE,BANKNIFTY26OCT57000CE,1899.95,2100.00,1894.90,1959.20,1962.75,1750.90,57783.75,1959.20,19590,2280,328,580655305.50,192,F1,30,,,,,
2026-08-26,2026-08-26,FO,NSE,IDO,49513,,BANKNIFTY,,2026-10-27,2026-10-27,57800.00,CE,BANKNIFTY26OCT57800CE,1460.05,1500.00,1419.05,1438.65,1419.05,1253.55,57783.75,1438.65,2220,60,16,28437274.50,14,F1,30,,,,,
2026-08-26,2026-08-26,FO,NSE,IDO,49522,,BANKNIFTY,,2026-10-27,2026-10-27,58100.00,CE,BANKNIFTY26OCT58100CE,1270.00,1324.20,1247.00,1247.00,1247.00,1081.95,57783.75,1247.00,3480,1170,53,94419808.50,42,F1,30,,,,,
2026-08-26,2026-08-26,FO,NSE,IDO,49531,,BANKNIFTY,,2026-10-27,2026-10-27,58500.00,CE,BANKNIFTY26OCT58500CE,995.00,1120.00,995.00,1019.45,1011.25,891.60,57783.75,1019.45,22710,3660,342,611013685.50,228,F1,30,,,,,
2026-08-26,2026-08-26,FO,NSE,IDO,49543,,BANKNIFTY,,2026-10-27,2026-10-27,58900.00,CE,BANKNIFTY26OCT58900CE,828.65,919.20,813.70,840.80,845.40,716.10,57783.75,840.80,2880,1710,92,164933094.00,90,F1,30,,,,,
2026-08-26,2026-08-26,FO,NSE,IDO,49561,,BANKNIFTY,,2026-10-27,2026-10-27,59500.00,CE,BANKNIFTY26OCT59500CE,0.00,0.00,0.00,1589.45,0.00,1589.45,57783.75,1443.62,0,0,0,0.00,0,F1,30,,,,,
2026-08-26,2026-08-26,FO,NSE,IDO,49563,,BANKNIFTY,,2026-10-27,2026-10-27,59600.00,CE,BANKNIFTY26OCT59600CE,0.00,0.00,0.00,1554.35,0.00,1554.35,57783.75,1404.72,0,0,0,0.00,0,F1,30,,,,,
2026-08-26,2026-08-26,FO,NSE,IDO,49573,,BANKNIFTY,,2026-10-27,2026-10-27,60000.00,CE,BANKNIFTY26OCT60000CE,384.90,480.00,379.95,427.50,428.60,376.15,57783.75,427.50,78210,14010,1421,2576649373.50,872,F1,30,,,,,
2026-08-26,2026-08-26,FO,NSE,IDO,69702,,BANKNIFTY,,2026-09-29,2026-09-29,53900.00,CE,BANKNIFTY26SEP53900CE,0.00,0.00,0.00,5218.60,0.00,5218.60,57783.75,4390.87,0,0,0,0.00,0,F1,30,,,,,
2026-08-26,2026-08-26,FO,NSE,IDO,69698,,BANKNIFTY,,2026-09-29,2026-09-29,53700.00,CE,BANKNIFTY26SEP53700CE,0.00,0.00,0.00,5369.65,0.00,5369.65,57783.75,4567.98,0,0,0,0.00,0,F1,30,,,,,
2026-08-26,2026-08-26,FO,NSE,IDO,69660,,BANKNIFTY,,2026-09-29,2026-09-29,51700.00,CE,BANKNIFTY26SEP51700CE,0.00,0.00,0.00,6986.65,0.00,6986.65,57783.75,6434.13,0,0,0,0.00,0,F1,30,,,,,
2026-08-26,2026-08-26,FO,NSE,IDO,52280,,BANKNIFTY,,2026-09-29,2026-09-29,49500.00,CE,BANKNIFTY26SEP49500CE,0.00,0.00,0.00,8160.00,8160.00,8160.00,57783.75,8589.33,90,0,0,0.00,0,F1,30,,,,,
2026-08-26,2026-08-26,FO,NSE,IDO,52272,,BANKNIFTY,,2026-09-29,2026-09-29,48000.00,CE,BANKNIFTY26SEP48000CE,0.00,0.00,0.00,9687.35,9706.05,9687.35,57783.75,10076.52,7200,0,0,0.00,0,F1,30,,,,,
2026-08-26,2026-08-26,FO,NSE,IDO,49311,,BANKNIFTY,,2026-10-27,2026-10-27,50000.00,PE,BANKNIFTY26OCT50000PE,37.30,38.75,26.70,29.90,26.70,39.05,57783.75,29.90,15750,6990,493,739952805.00,379,F1,30,,,,,
2026-08-26,2026-08-26,FO,NSE,IDO,49321,,BANKNIFTY,,2026-10-27,2026-10-27,50500.00,PE,BANKNIFTY26OCT50500PE,0.00,0.00,0.00,274.10,0.00,274.10,57783.75,70.41,0,0,0,0.00,0,F1,30,,,,,
2026-08-26,2026-08-26,FO,NSE,IDO,49368,,BANKNIFTY,,2026-10-27,2026-10-27,52000.00,PE,BANKNIFTY26OCT52000PE,0.00,0.00,0.00,485.80,0.00,485.80,57783.75,163.54,0,0,0,0.00,0,F1,30,,,,,
2026-08-26,2026-08-26,FO,NSE,IDO,49370,,BANKNIFTY,,2026-10-27,2026-10-27,52100.00,PE,BANKNIFTY26OCT52100PE,0.00,0.00,0.00,503.35,0.00,503.35,57783.75,172.25,0,0,0,0.00,0,F1,30,,,,,
2026-08-26,2026-08-26,FO,NSE,IDO,49554,,BANKNIFTY,,2026-10-27,2026-10-27,59300.00,CE,BANKNIFTY26OCT59300CE,0.00,0.00,0.00,1661.50,0.00,1661.50,57783.75,1523.75,0,0,0,0.00,0,F1,30,,,,,
2026-08-26,2026-08-26,FO,NSE,IDO,69668,,BANKNIFTY,,2026-09-29,2026-09-29,52100.00,CE,BANKNIFTY26SEP52100CE,0.00,0.00,0.00,6649.05,0.00,6649.05,57783.75,6050.36,0,0,0,0.00,0,F1,30,,,,,
2026-08-26,2026-08-26,FO,NSE,IDO,69773,,BANKNIFTY,,2026-09-29,2026-09-29,55200.00,CE,BANKNIFTY26SEP55200CE,0.00,0.00,0.00,4289.75,0.00,4289.75,57783.75,3303.38,0,0,0,0.00,0,F1,30,,,,,
2026-08-26,2026-08-26,FO,NSE,IDO,69777,,BANKNIFTY,,2026-09-29,2026-09-29,55400.00,CE,BANKNIFTY26SEP55400CE,0.00,0.00,0.00,4155.75,0.00,4155.75,57783.75,3147.57,0,0,0,0.00,0,F1,30,,,,,
2026-08-26,2026-08-26,FO,NSE,IDO,69897,,BANKNIFTY,,2026-09-29,2026-09-29,59100.00,CE,BANKNIFTY26SEP59100CE,399.20,399.20,342.25,353.30,359.00,2129.85,57783.75,353.30,7590,7590,879,1568260860.00,711,F1,30,,,,,
2026-08-26,2026-08-26,FO,NSE,IDO,70019,,BANKNIFTY,,2026-09-29,2026-09-29,60500.00,CE,BANKNIFTY26SEP60500CE,76.85,97.70,75.80,81.50,83.20,72.40,57783.75,81.50,419520,140160,32903,59805555864.00,18859,F1,30,,,,,
2026-08-26,2026-08-26,FO,NSE,IDO,70097,,BANKNIFTY,,2026-09-29,2026-09-29,63100.00,CE,BANKNIFTY26SEP63100CE,0.00,0.00,0.00,866.35,0.00,866.35,57783.75,156.41,0,0,0,0.00,0,F1,30,,,,,
2026-08-26,2026-08-26,FO,NSE,IDO,52426,,BANKNIFTY,,2026-09-29,2026-09-29,67500.00,CE,BANKNIFTY26SEP67500CE,4.00,5.45,3.40,3.85,3.65,3.90,57783.75,3.85,33720,8880,2306,4669940814.00,600,F1,30,,,,,
2026-08-26,2026-08-26,FO,NSE,IDO,49365,,BANKNIFTY,,2026-10-27,2026-10-27,51900.00,CE,BANKNIFTY26OCT51900CE,0.00,0.00,0.00,6103.80,0.00,6103.80,57783.75,6613.18,0,0,0,0.00,0,F1,30,,,,,
2026-08-26,2026-08-26,FO,NSE,IDO,49539,,BANKNIFTY,,2026-10-27,2026-10-27,58700.00,CE,BANKNIFTY26OCT58700CE,0.00,0.00,0.00,1892.20,0.00,1892.20,57783.75,1783.09,0,0,0,0.00,0,F1,30,,,,,
2026-08-26,2026-08-26,FO,NSE,IDO,49367,,BANKNIFTY,,2026-10-27,2026-10-27,52000.00,CE,BANKNIFTY26OCT52000CE,0.00,0.00,0.00,6100.00,6100.00,6100.00,57783.75,6522.64,30,0,0,0.00,0,F1,30,,,,,
2026-08-26,2026-08-26,FO,NSE,IDO,49379,,BANKNIFTY,,2026-10-27,2026-10-27,52600.00,CE,BANKNIFTY26OCT52600CE,0.00,0.00,0.00,5544.15,0.00,5544.15,57783.75,5987.32,0,0,0,0.00,0,F1,30,,,,,
2026-08-26,2026-08-26,FO,NSE,IDO,49389,,BANKNIFTY,,2026-10-27,2026-10-27,53100.00,CE,BANKNIFTY26OCT53100CE,0.00,0.00,0.00,5159.60,0.00,5159.60,57783.75,5552.82,0,0,0,0.00,0,F1,30,,,,,
2026-08-26,2026-08-26,FO,NSE,IDO,49441,,BANKNIFTY,,2026-10-27,2026-10-27,55000.00,CE,BANKNIFTY26OCT55000CE,3605.75,3713.00,3605.75,3619.95,3619.95,3325.00,57783.75,3619.95,3660,960,42,73905841.50,25,F1,30,,,,,
2026-08-26,2026-08-26,FO,NSE,IDO,49448,,BANKNIFTY,,2026-10-27,2026-10-27,55300.00,CE,BANKNIFTY26OCT55300CE,0.00,0.00,0.00,3636.60,0.00,3636.60,57783.75,3804.30,0,0,0,0.00,0,F1,30,,,,,
2026-08-26,2026-08-26,FO,NSE,IDO,62282,,BANKNIFTY,,2026-11-23,2026-11-23,59200.00,PE,BANKNIFTY26NOV59200PE,0.00,0.00,0.00,2739.70,0.00,2739.70,57783.75,2543.51,0,0,0,0.00,0,F1,30,,,,,
2026-08-26,2026-08-26,FO,NSE,IDO,62263,,BANKNIFTY,,2026-11-23,2026-11-23,58400.00,PE,BANKNIFTY26NOV58400PE,0.00,0.00,0.00,2307.60,0.00,2307.60,57783.75,2129.92,0,0,0,0.00,0,F1,30,,,,,
2026-08-26,2026-08-26,FO,NSE,IDO,62223,,BANKNIFTY,,2026-11-23,2026-11-23,57600.00,PE,BANKNIFTY26NOV57600PE,0.00,0.00,0.00,1918.65,0.00,1918.65,57783.75,1759.37,0,0,0,0.00,0,F1,30,,,,,
2026-08-26,2026-08-26,FO,NSE,IDO,62202,,BANKNIFTY,,2026-11-23,2026-11-23,56700.00,PE,BANKNIFTY26NOV56700PE,0.00,0.00,0.00,1532.55,0.00,1532.55,57783.75,1394.39,0,0,0,0.00,0,F1,30,,,,,
2026-08-26,2026-08-26,FO,NSE,IDO,62182,,BANKNIFTY,,2026-11-23,2026-11-23,55900.00,PE,BANKNIFTY26NOV55900PE,0.00,0.00,0.00,1235.05,0.00,1235.05,57783.75,1115.26,0,0,0,0.00,0,F1,30,,,,,
2026-08-26,2026-08-26,FO,NSE,IDO,62178,,BANKNIFTY,,2026-11-23,2026-11-23,55800.00,PE,BANKNIFTY26NOV55800PE,0.00,0.00,0.00,1200.80,0.00,1200.80,57783.75,1083.29,0,0,0,0.00,0,F1,30,,,,,
2026-08-26,2026-08-26,FO,NSE,IDO,62114,,BANKNIFTY,,2026-11-23,2026-11-23,53600.00,PE,BANKNIFTY26NOV53600PE,0.00,0.00,0.00,605.10,0.00,605.10,57783.75,533.13,0,0,0,0.00,0,F1,30,,,,,
2026-08-26,2026-08-26,FO,NSE,IDO,49714,,BANKNIFTY,,2026-10-27,2026-10-27,65500.00,PE,BANKNIFTY26OCT65500PE,0.00,0.00,0.00,8096.85,0.00,8096.85,57783.75,7186.89,0,0,0,0.00,0,F1,30,,,,,
2026-08-26,2026-08-26,FO,NSE,IDO,49700,,BANKNIFTY,,2026-10-27,2026-10-27,65000.00,PE,BANKNIFTY26OCT65000PE,0.00,0.00,0.00,7657.20,0.00,7657.20,57783.75,6734.45,0,0,0,0.00,0,F1,30,,,,,
2026-08-26,2026-08-26,FO,NSE,IDO,49652,,BANKNIFTY,,2026-10-27,2026-10-27,63200.00,PE,BANKNIFTY26OCT63200PE,0.00,0.00,0.00,6137.05,0.00,6137.05,57783.75,5175.94,0,0,0,0.00,0,F1,30,,,,,
2026-08-26,2026-08-26,FO,NSE,IDO,69828,,BANKNIFTY,,2026-09-29,2026-09-29,57800.00,CE,BANKNIFTY26SEP57800CE,801.00,1075.00,773.35,967.95,960.00,781.20,57783.75,967.95,176040,15390,37301,65778192235.50,27003,F1,30,,,,,
2026-08-26,2026-08-26,FO,NSE,IDO,69848,,BANKNIFTY,,2026-09-29,2026-09-29,58300.00,CE,BANKNIFTY26SEP58300CE,600.00,776.85,600.00,692.60,683.35,541.85,57783.75,692.60,195660,155580,22972,40668087525.00,18412,F1,30,,,,,
2026-08-26,2026-08-26,FO,NSE,IDO,52358,,BANKNIFTY,,2026-09-29,2026-09-29,58500.00,CE,BANKNIFTY26SEP58500CE,481.05,672.10,462.00,588.90,588.00,463.75,57783.75,588.90,499290,101250,52974,93937923954.00,35707,F1,30,,,,,
2026-08-26,2026-08-26,FO,NSE,IDO,69899,,BANKNIFTY,,2026-09-29,2026-09-29,59200.00,CE,BANKNIFTY26SEP59200CE,380.00,380.00,310.15,323.40,320.55,2087.15,57783.75,323.40,24630,24630,3634,6490789441.50,2702,F1,30,,,,,
2026-08-26,2026-08-26,FO,NSE,IDO,70004,,BANKNIFTY,,2026-09-29,2026-09-29,59900.00,CE,BANKNIFTY26SEP59900CE,240.00,241.10,153.20,158.85,159.95,1805.40,57783.75,158.85,4320,4320,514,926210853.00,341,F1,30,,,,,
2026-08-26,2026-08-26,FO,NSE,IDO,70099,,BANKNIFTY,,2026-09-29,2026-09-29,63200.00,CE,BANKNIFTY26SEP63200CE,0.00,0.00,0.00,845.10,0.00,845.10,57783.75,148.05,0,0,0,0.00,0,F1,30,,,,,
2026-08-26,2026-08-26,FO,NSE,IDO,52412,,BANKNIFTY,,2026-09-29,2026-09-29,64500.00,CE,BANKNIFTY26SEP64500CE,0.00,0.00,0.00,1685.65,0.00,1685.65,57783.75,69.73,0,0,0,0.00,0,F1,30,,,,,
2026-08-26,2026-08-26,FO,NSE,IDO,52439,,BANKNIFTY,,2026-09-29,2026-09-29,69000.00,CE,BANKNIFTY26SEP69000CE,3.75,4.75,3.05,3.45,3.20,2.80,57783.75,3.45,25860,20520,2352,4868908938.00,783,F1,30,,,,,
2026-08-26,2026-08-26,FO,NSE,IDO,49373,,BANKNIFTY,,2026-10-27,2026-10-27,52300.00,CE,BANKNIFTY26OCT52300CE,0.00,0.00,0.00,5781.10,0.00,5781.10,57783.75,6253.21,0,0,0,0.00,0,F1,30,,,,,
2026-08-26,2026-08-26,FO,NSE,IDO,49387,,BANKNIFTY,,2026-10-27,2026-10-27,53000.00,CE,BANKNIFTY26OCT53000CE,0.00,0.00,0.00,4850.00,4850.00,4850.00,57783.75,5638.81,60,0,0,0.00,0,F1,30,,,,,
2026-08-26,2026-08-26,FO,NSE,IDO,49443,,BANKNIFTY,,2026-10-27,2026-10-27,55100.00,CE,BANKNIFTY26OCT55100CE,0.00,0.00,0.00,3762.70,0.00,3762.70,57783.75,3948.89,0,0,0,0.00,0,F1,30,,,,,
2026-08-26,2026-08-26,FO,NSE,IDO,49501,,BANKNIFTY,,2026-10-27,2026-10-27,57300.00,CE,BANKNIFTY26OCT57300CE,1778.95,1796.50,1751.60,1751.60,1751.60,1568.00,57783.75,2502.02,1290,-60,7,12408279.00,7,F1,30,,,,,
2026-08-26,2026-08-26,FO,NSE,IDO,49541,,BANKNIFTY,,2026-10-27,2026-10-27,58800.00,CE,BANKNIFTY26OCT58800CE,0.00,0.00,0.00,1852.20,0.00,1852.20,57783.75,1737.87,0,0,0,0.00,0,F1,30,,,,,
2026-08-26,2026-08-26,FO,NSE,IDO,62652,,BANKNIFTY,,2026-11-23,2026-11-23,64000.00,PE,BANKNIFTY26NOV64000PE,0.00,0.00,0.00,6123.20,0.00,6123.20,57783.75,5839.79,0,0,0,0.00,0,F1,30,,,,,
2026-08-26,2026-08-26,FO,NSE,IDO,62462,,BANKNIFTY,,2026-11-23,2026-11-23,62100.00,PE,BANKNIFTY26NOV62100PE,0.00,0.00,0.00,4641.50,0.00,4641.50,57783.75,4384.46,0,0,0,0.00,0,F1,30,,,,,
2026-08-26,2026-08-26,FO,NSE,IDO,62340,,BANKNIFTY,,2026-11-23,2026-11-23,61200.00,PE,BANKNIFTY26NOV61200PE,0.00,0.00,0.00,3997.50,0.00,3997.50,57783.75,3759.45,0,0,0,0.00,0,F1,30,,,,,
2026-08-26,2026-08-26,FO,NSE,IDO,62338,,BANKNIFTY,,2026-11-23,2026-11-23,61100.00,PE,BANKNIFTY26NOV61100PE,0.00,0.00,0.00,3928.95,0.00,3928.95,57783.75,3692.83,0,0,0,0.00,0,F1,30,,,,,
2026-08-26,2026-08-26,FO,NSE,IDO,62324,,BANKNIFTY,,2026-11-23,2026-11-23,60800.00,PE,BANKNIFTY26NOV60800PE,0.00,0.00,0.00,3726.70,0.00,3726.70,57783.75,3496.49,0,0,0,0.00,0,F1,30,,,,,
2026-08-26,2026-08-26,FO,NSE,IDO,62316,,BANKNIFTY,,2026-11-23,2026-11-23,60600.00,PE,BANKNIFTY26NOV60600PE,0.00,0.00,0.00,3594.80,0.00,3594.80,57783.75,3368.59,0,0,0,0.00,0,F1,30,,,,,
2026-08-26,2026-08-26,FO,NSE,IDO,62310,,BANKNIFTY,,2026-11-23,2026-11-23,60300.00,PE,BANKNIFTY26NOV60300PE,0.00,0.00,0.00,3401.35,0.00,3401.35,57783.75,3181.32,0,0,0,0.00,0,F1,30,,,,,
2026-08-26,2026-08-26,FO,NSE,IDO,62308,,BANKNIFTY,,2026-11-23,2026-11-23,60200.00,PE,BANKNIFTY26NOV60200PE,0.00,0.00,0.00,3338.10,0.00,3338.10,57783.75,3120.14,0,0,0,0.00,0,F1,30,,,,,
2026-08-26,2026-08-26,FO,NSE,IDO,62253,,BANKNIFTY,,2026-11-23,2026-11-23,58300.00,PE,BANKNIFTY26NOV58300PE,0.00,0.00,0.00,2256.60,0.00,2256.60,57783.75,2081.22,0,0,0,0.00,0,F1,30,,,,,
2026-08-26,2026-08-26,FO,NSE,IDO,62212,,BANKNIFTY,,2026-11-23,2026-11-23,57200.00,PE,BANKNIFTY26NOV57200PE,0.00,0.00,0.00,1740.30,0.00,1740.30,57783.75,1590.41,0,0,0,0.00,0,F1,30,,,,,
2026-08-26,2026-08-26,FO,NSE,IDO,62090,,BANKNIFTY,,2026-11-23,2026-11-23,52600.00,PE,BANKNIFTY26NOV52600PE,0.00,0.00,0.00,422.40,0.00,422.40,57783.75,367.59,0,0,0,0.00,0,F1,30,,,,,
2026-08-26,2026-08-26,FO,NSE,IDO,49676,,BANKNIFTY,,2026-10-27,2026-10-27,63900.00,PE,BANKNIFTY26OCT63900PE,0.00,0.00,0.00,6715.40,0.00,6715.40,57783.75,5767.21,0,0,0,0.00,0,F1,30,,,,,
2026-08-26,2026-08-26,FO,NSE,IDO,49631,,BANKNIFTY,,2026-10-27,2026-10-27,62500.00,PE,BANKNIFTY26OCT62500PE,0.00,0.00,0.00,5577.50,0.00,5577.50,57783.75,4607.25,0,0,0,0.00,0,F1,30,,,,,
2026-08-26,2026-08-26,FO,NSE,IDO,49624,,BANKNIFTY,,2026-10-27,2026-10-27,62200.00,PE,BANKNIFTY26OCT62200PE,0.00,0.00,0.00,5343.90,0.00,5343.90,57783.75,4371.24,0,0,0,0.00,0,F1,30,,,,,
2026-08-26,2026-08-26,FO,NSE,IDO,49622,,BANKNIFTY,,2026-10-27,2026-10-27,62100.00,PE,BANKNIFTY26OCT62100PE,0.00,0.00,0.00,5266.95,0.00,5266.95,57783.75,4293.67,0,0,0,0.00,0,F1,30,,,,,
2026-08-26,2026-08-26,FO,NSE,IDO,49596,,BANKNIFTY,,2026-10-27,2026-10-27,61000.00,PE,BANKNIFTY26OCT61000PE,2550.00,2650.00,2550.00,2650.00,2650.00,4450.30,57783.75,3479.14,60,60,2,3816000.00,2,F1,30,,,,,
2026-08-26,2026-08-26,FO,NSE,IDO,49588,,BANKNIFTY,,2026-10-27,2026-10-27,60700.00,PE,BANKNIFTY26OCT60700PE,0.00,0.00,0.00,4238.45,0.00,4238.45,57783.75,3270.76,0,0,0,0.00,0,F1,30,,,,,
2026-08-26,2026-08-26,FO,NSE,IDO,49586,,BANKNIFTY,,2026-10-27,2026-10-27,60600.00,PE,BANKNIFTY26OCT60600PE,0.00,0.00,0.00,4168.85,0.00,4168.85,57783.75,3202.68,0,0,0,0.00,0,F1,30,,,,,
2026-08-26,2026-08-26,FO,NSE,IDO,49568,,BANKNIFTY,,2026-10-27,2026-10-27,59800.00,PE,BANKNIFTY26OCT59800PE,0.00,0.00,0.00,3632.10,0.00,3632.10,57783.75,2683.82,0,0,0,0.00,0,F1,30,,,,,
2026-08-26,2026-08-26,FO,NSE,IDO,49544,,BANKNIFTY,,2026-10-27,2026-10-27,58900.00,PE,BANKNIFTY26OCT58900PE,0.00,0.00,0.00,3072.60,0.00,3072.60,57783.75,2158.01,0,0,0,0.00,0,F1,30,,,,,
2026-08-26,2026-08-26,FO,NSE,IDO,49526,,BANKNIFTY,,2026-10-27,2026-10-27,58200.00,PE,BANKNIFTY26OCT58200PE,0.00,0.00,0.00,2671.80,0.00,2671.80,57783.75,1793.90,0,0,0,0.00,0,F1,30,,,,,
2026-08-26,2026-08-26,FO,NSE,IDO,49478,,BANKNIFTY,,2026-10-27,2026-10-27,56400.00,PE,BANKNIFTY26OCT56400PE,0.00,0.00,0.00,1786.70,0.00,1786.70,57783.75,1040.54,0,0,0,0.00,0,F1,30,,,,,
2026-08-26,2026-08-26,FO,NSE,IDO,49466,,BANKNIFTY,,2026-10-27,2026-10-27,55900.00,PE,BANKNIFTY26OCT55900PE,0.00,0.00,0.00,1578.60,0.00,1578.60,57783.75,877.18,0,0,0,0.00,0,F1,30,,,,,
2026-08-26,2026-08-26,FO,NSE,IDO,70208,,BANKNIFTY,,2026-09-29,2026-09-29,65000.00,PE,BANKNIFTY26SEP65000PE,6788.00,6788.00,6600.00,6711.95,6732.00,7113.30,57783.75,6711.95,59640,-630,176,378518655.00,111,F1,30,,,,,
2026-08-26,2026-08-26,FO,NSE,IDO,52413,,BANKNIFTY,,2026-09-29,2026-09-29,64500.00,PE,BANKNIFTY26SEP64500PE,0.00,0.00,0.00,6700.00,6700.00,6700.00,57783.75,6393.64,840,0,0,0.00,0,F1,30,,,,,
2026-08-26,2026-08-26,FO,NSE,IDO,70042,,BANKNIFTY,,2026-09-29,2026-09-29,61600.00,PE,BANKNIFTY26SEP61600PE,0.00,0.00,0.00,4351.85,0.00,4351.85,57783.75,3780.57,0,0,0,0.00,0,F1,30,,,,,
2026-08-26,2026-08-26,FO,NSE,IDO,69898,,BANKNIFTY,,2026-09-29,2026-09-29,59100.00,PE,BANKNIFTY26SEP59100PE,1229.00,1274.20,1162.40,1232.95,1229.85,1580.15,57783.75,1232.95,1980,420,73,132095011.50,51,F1,30,,,,,
2026-08-26,2026-08-26,FO,NSE,IDO,69896,,BANKNIFTY,,2026-09-29,2026-09-29,59000.00,PE,BANKNIFTY26SEP59000PE,1411.00,1450.00,1075.00,1152.95,1156.15,1478.35,57783.75,1152.95,314370,51690,8511,15357674250.00,5869,F1,30,,,,,
2026-08-26,2026-08-26,FO,NSE,IDO,69873,,BANKNIFTY,,2026-09-29,2026-09-29,58900.00,PE,BANKNIFTY26SEP58900PE,1214.35,1214.35,1019.60,1102.30,1108.45,1283.25,57783.75,1102.30,19470,17160,1266,2278149303.00,896,F1,30,,,,,
2026-08-26,2026-08-26,FO,NSE,IDO,52359,,BANKNIFTY,,2026-09-29,2026-09-29,58500.00,PE,BANKNIFTY26SEP58500PE,1050.00,1050.00,801.60,869.30,877.60,1149.55,57783.75,869.30,278070,66120,14305,25474627710.00,10606,F1,30,,,,,
2026-08-26,2026-08-26,FO,NSE,IDO,69851,,BANKNIFTY,,2026-09-29,2026-09-29,58400.00,PE,BANKNIFTY26SEP58400PE,900.05,902.50,754.00,815.25,815.05,1054.75,57783.75,815.25,36630,29670,4601,8172575478.00,3590,F1,30,,,,,
2026-08-26,2026-08-26,FO,NSE,IDO,69849,,BANKNIFTY,,2026-09-29,2026-09-29,58300.00,PE,BANKNIFTY26SEP58300PE,853.50,856.95,708.00,760.15,768.80,1034.50,57783.75,760.15,180090,162330,17711,31379200917.00,14293,F1,30,,,,,
2026-08-26,2026-08-26,FO,NSE,IDO,69841,,BANKNIFTY,,2026-09-29,2026-09-29,58100.00,PE,BANKNIFTY26SEP58100PE,774.90,779.90,622.70,671.95,675.65,920.80,57783.75,671.95,61560,36870,17486,30831285931.50,13177,F1,30,,,,,
2026-08-26,2026-08-26,FO,NSE,IDO,69756,,BANKNIFTY,,2026-09-29,2026-09-29,54500.00,PE,BANKNIFTY26SEP54500PE,63.85,65.20,48.20,51.25,51.85,81.75,57783.75,51.25,62970,42660,11170,18280876861.50,5513,F1,30,,,,,
2026-08-26,2026-08-26,FO,NSE,IDO,69679,,BANKNIFTY,,2026-09-29,2026-09-29,52700.00,PE,BANKNIFTY26SEP52700PE,0.00,0.00,0.00,504.05,0.00,504.05,57783.75,78.67,0,0,0,0.00,0,F1,30,,,,,
2026-08-26,2026-08-26,FO,NSE,IDO,69677,,BANKNIFTY,,2026-09-29,2026-09-29,52600.00,PE,BANKNIFTY26SEP52600PE,0.00,0.00,0.00,486.75,0.00,486.75,57783.75,73.04,0,0,0,0.00,0,F1,30,,,,,
2026-08-26,2026-08-26,FO,NSE,IDO,69675,,BANKNIFTY,,2026-09-29,2026-09-29,52400.00,PE,BANKNIFTY26SEP52400PE,0.00,0.00,0.00,453.55,0.00,453.55,57783.75,62.79,0,0,0,0.00,0,F1,30,,,,,
2026-08-26,2026-08-26,FO,NSE,IDO,62414,,BANKNIFTY,,2026-11-23,2026-11-23,61700.00,CE,BANKNIFTY26NOV61700CE,0.00,0.00,0.00,1079.35,0.00,1079.35,57783.75,1162.49,0,0,0,0.00,0,F1,30,,,,,
2026-08-26,2026-08-26,FO,NSE,IDO,62335,,BANKNIFTY,,2026-11-23,2026-11-23,61000.00,CE,BANKNIFTY26NOV61000CE,0.00,0.00,0.00,1281.35,0.00,1281.35,57783.75,1377.04,0,0,0,0.00,0,F1,30,,,,,
2026-08-26,2026-08-26,FO,NSE,IDO,62233,,BANKNIFTY,,2026-11-23,2026-11-23,57900.00,CE,BANKNIFTY26NOV57900CE,0.00,0.00,0.00,2533.85,0.00,2533.85,57783.75,2694.37,0,0,0,0.00,0,F1,30,,,,,
2026-08-26,2026-08-26,FO,NSE,IDO,62193,,BANKNIFTY,,2026-11-23,2026-11-23,56500.00,CE,BANKNIFTY26NOV56500CE,0.00,0.00,0.00,3307.75,0.00,3307.75,57783.75,3499.63,0,0,0,0.00,0,F1,30,,,,,
2026-08-26,2026-08-26,FO,NSE,IDO,62165,,BANKNIFTY,,2026-11-23,2026-11-23,55500.00,CE,BANKNIFTY26NOV55500CE,0.00,0.00,0.00,3940.70,0.00,3940.70,57783.75,4154.30,0,0,0,0.00,0,F1,30,,,,,
2026-08-26,2026-08-26,FO,NSE,IDO,49601,,BANKNIFTY,,2026-10-27,2026-10-27,61300.00,CE,BANKNIFTY26OCT61300CE,0.00,0.00,0.00,1043.15,0.00,1043.15,57783.75,855.51,0,0,0,0.00,0,F1,30,,,,,
2026-08-26,2026-08-26,FO,NSE,IDO,49617,,BANKNIFTY,,2026-10-27,2026-10-27,61900.00,CE,BANKNIFTY26OCT61900CE,0.00,0.00,0.00,901.70,0.00,901.70,57783.75,711.16,0,0,0,0.00,0,F1,30,,,,,
2026-08-26,2026-08-26,FO,NSE,IDO,49619,,BANKNIFTY,,2026-10-27,2026-10-27,62000.00,CE,BANKNIFTY26OCT62000CE,0.00,0.00,0.00,879.40,0.00,879.40,57783.75,686.40,0,0,0,0.00,0,F1,30,,,,,
2026-08-26,2026-08-26,FO,NSE,IDO,49641,,BANKNIFTY,,2026-10-27,2026-10-27,62800.00,CE,BANKNIFTY26OCT62800CE,0.00,0.00,0.00,713.70,0.00,713.70,57783.75,526.59,0,0,0,0.00,0,F1,30,,,,,
2026-08-26,2026-08-26,FO,NSE,IDO,62011,,BANKNIFTY,,2026-11-23,2026-11-23,50000.00,CE,BANKNIFTY26NOV50000CE,0.00,0.00,0.00,8397.95,0.00,8397.95,57783.75,8694.14,0,0,0,0.00,0,F1,30,,,,,
2026-08-26,2026-08-26,FO,NSE,IDO,62061,,BANKNIFTY,,2026-11-23,2026-11-23,51500.00,CE,BANKNIFTY26NOV51500CE,0.00,0.00,0.00,7052.95,0.00,7052.95,57783.75,7334.39,0,0,0,0.00,0,F1,30,,,,,
2026-08-26,2026-08-26,FO,NSE,IDO,62089,,BANKNIFTY,,2026-11-23,2026-11-23,52600.00,CE,BANKNIFTY26NOV52600CE,0.00,0.00,0.00,6118.05,0.00,6118.05,57783.75,6384.76,0,0,0,0.00,0,F1,30,,,,,
2026-08-26,2026-08-26,FO,NSE,IDO,62095,,BANKNIFTY,,2026-11-23,2026-11-23,52900.00,CE,BANKNIFTY26NOV52900CE,0.00,0.00,0.00,5872.15,0.00,5872.15,57783.75,6134.32,0,0,0,0.00,0,F1,30,,,,,
2026-08-26,2026-08-26,FO,NSE,IDO,62147,,BANKNIFTY,,2026-11-23,2026-11-23,54600.00,CE,BANKNIFTY26NOV54600CE,0.00,0.00,0.00,4567.65,0.00,4567.65,57783.75,4797.88,0,0,0,0.00,0,F1,30,,,,,
2026-08-26,2026-08-26,FO,NSE,IDO,62155,,BANKNIFTY,,2026-11-23,2026-11-23,55000.00,CE,BANKNIFTY26NOV55000CE,0.00,0.00,0.00,4281.30,0.00,4281.30,57783.75,4508.03,0,0,0,0.00,0,F1,30,,,,,
2026-08-26,2026-08-26,FO,NSE,IDO,69658,,BANKNIFTY,,2026-09-29,2026-09-29,51600.00,CE,BANKNIFTY26SEP51600CE,0.00,0.00,0.00,7072.05,0.00,7072.05,57783.75,6530.64,0,0,0,0.00,0,F1,30,,,,,
2026-08-26,2026-08-26,FO,NSE,IDO,69672,,BANKNIFTY,,2026-09-29,2026-09-29,52300.00,CE,BANKNIFTY26SEP52300CE,0.00,0.00,0.00,6482.70,0.00,6482.70,57783.75,5860.01,0,0,0,0.00,0,F1,30,,,,,
2026-08-26,2026-08-26,FO,NSE,IDO,69806,,BANKNIFTY,,2026-09-29,2026-09-29,56700.00,CE,BANKNIFTY26SEP56700CE,1631.10,1841.70,1631.10,1756.90,1725.00,1492.55,57783.75,1756.90,65970,-11130,707,1240183846.50,236,F1,30,,,,,
2026-08-26,2026-08-26,FO,NSE,IDO,49595,,BANKNIFTY,,2026-10-27,2026-10-27,61000.00,CE,BANKNIFTY26OCT61000CE,209.00,235.00,201.15,207.90,212.00,192.15,57783.75,207.90,67950,9360,1434,2633454928.50,933,F1,30,,,,,
2026-08-26,2026-08-26,FO,NSE,IDO,49519,,BANKNIFTY,,2026-10-27,2026-10-27,58000.00,CE,BANKNIFTY26OCT58000CE,1200.00,1408.00,1200.00,1305.35,1306.45,1132.35,57783.75,1305.35,81750,7140,1072,1908335382.00,801,F1,30,,,,,
2026-08-26,2026-08-26,FO,NSE,IDO,49505,,BANKNIFTY,,2026-10-27,2026-10-27,57500.00,CE,BANKNIFTY26OCT57500CE,1550.00,1740.00,1528.50,1636.90,1649.30,1420.10,57783.75,1636.90,18420,-270,343,608652330.00,223,F1,30,,,,,
2026-08-26,2026-08-26,FO,NSE,IDO,62482,,BANKNIFTY,,2026-11-23,2026-11-23,62200.00,PE,BANKNIFTY26NOV62200PE,0.00,0.00,0.00,4715.50,0.00,4715.50,57783.75,4456.63,0,0,0,0.00,0,F1,30,,,,,
2026-08-26,2026-08-26,FO,NSE,IDO,62351,,BANKNIFTY,,2026-11-23,2026-11-23,61400.00,PE,BANKNIFTY26NOV61400PE,0.00,0.00,0.00,4136.30,0.00,4136.30,57783.75,3894.43,0,0,0,0.00,0,F1,30,,,,,
2026-08-26,2026-08-26,FO,NSE,IDO,62266,,BANKNIFTY,,2026-11-23,2026-11-23,58500.00,PE,BANKNIFTY26NOV58500PE,0.00,0.00,0.00,2359.30,0.00,2359.30,57783.75,2179.06,0,0,0,0.00,0,F1,30,,,,,
2026-08-26,2026-08-26,FO,NSE,IDO,62251,,BANKNIFTY,,2026-11-23,2026-11-23,58200.00,PE,BANKNIFTY26NOV58200PE,0.00,0.00,0.00,2206.25,0.00,2206.25,57783.75,2033.20,0,0,0,0.00,0,F1,30,,,,,
2026-08-26,2026-08-26,FO,NSE,IDO,62232,,BANKNIFTY,,2026-11-23,2026-11-23,57800.00,PE,BANKNIFTY26NOV57800PE,0.00,0.00,0.00,2011.90,0.00,2011.90,57783.75,1847.93,0,0,0,0.00,0,F1,30,,,,,
2026-08-26,2026-08-26,FO,NSE,IDO,62188,,BANKNIFTY,,2026-11-23,2026-11-23,56200.00,PE,BANKNIFTY26NOV56200PE,0.00,0.00,0.00,1341.65,0.00,1341.65,57783.75,1215.03,0,0,0,0.00,0,F1,30,,,,,
2026-08-26,2026-08-26,FO,NSE,IDO,69783,,BANKNIFTY,,2026-09-29,2026-09-29,55800.00,CE,BANKNIFTY26SEP55800CE,2500.00,2545.00,2500.00,2524.40,2524.40,2213.75,57783.75,2848.64,810,0,5,8748432.00,5,F1,30,,,,,
2026-08-26,2026-08-26,FO,NSE,IDO,49528,,BANKNIFTY,,2026-10-27,2026-10-27,58300.00,PE,BANKNIFTY26OCT58300PE,0.00,0.00,0.00,2727.15,0.00,2727.15,57783.75,1843.28,0,0,0,0.00,0,F1,30,,,,,
2026-08-26,2026-08-26,FO,NSE,IDO,49576,,BANKNIFTY,,2026-10-27,2026-10-27,60100.00,PE,BANKNIFTY26OCT60100PE,0.00,0.00,0.00,2234.15,2234.15,2234.15,57783.75,2872.90,150,0,0,0.00,0,F1,30,,,,,
2026-08-26,2026-08-26,FO,NSE,IDO,49582,,BANKNIFTY,,2026-10-27,2026-10-27,60400.00,PE,BANKNIFTY26OCT60400PE,0.00,0.00,0.00,4031.35,0.00,4031.35,57783.75,3068.61,0,0,0,0.00,0,F1,30,,,,,
2026-08-26,2026-08-26,FO,NSE,IDO,49614,,BANKNIFTY,,2026-10-27,2026-10-27,61700.00,PE,BANKNIFTY26OCT61700PE,0.00,0.00,0.00,4965.40,0.00,4965.40,57783.75,3991.11,0,0,0,0.00,0,F1,30,,,,,
2026-08-26,2026-08-26,FO,NSE,IDO,70100,,BANKNIFTY,,2026-09-29,2026-09-29,63200.00,PE,BANKNIFTY26SEP63200PE,0.00,0.00,0.00,5532.80,0.00,5532.80,57783.75,5179.86,0,0,0,0.00,0,F1,30,,,,,
2026-08-26,2026-08-26,FO,NSE,IDO,70116,,BANKNIFTY,,2026-09-29,2026-09-29,64000.00,PE,BANKNIFTY26SEP64000PE,5680.00,5680.00,5654.70,5654.70,5654.70,6160.00,57783.75,5920.89,4110,60,2,4180041.00,2,F1,30,,,,,
2026-08-26,2026-08-26,FO,NSE,IDO,62164,,BANKNIFTY,,2026-11-23,2026-11-23,55400.00,PE,BANKNIFTY26NOV55400PE,0.00,0.00,0.00,1070.35,0.00,1070.35,57783.75,961.74,0,0,0,0.00,0,F1,30,,,,,
2026-08-26,2026-08-26,FO,NSE,IDO,62154,,BANKNIFTY,,2026-11-23,2026-11-23,54900.00,PE,BANKNIFTY26NOV54900PE,0.00,0.00,0.00,923.85,0.00,923.85,57783.75,826.59,0,0,0,0.00,0,F1,30,,,,,
2026-08-26,2026-08-26,FO,NSE,IDO,49310,,BANKNIFTY,,2026-10-27,2026-10-27,50000.00,CE,BANKNIFTY26OCT50000CE,8450.00,8450.00,8450.00,8450.00,8450.00,8600.00,57783.75,8388.66,180,90,3,5260500.00,3,F1,30,,,,,
2026-08-26,2026-08-26,FO,NSE,IDO,70091,,BANKNIFTY,,2026-09-29,2026-09-29,62700.00,CE,BANKNIFTY26SEP62700CE,0.00,0.00,0.00,957.70,0.00,957.70,57783.75,194.05,0,0,0,0.00,0,F1,30,,,,,
2026-08-26,2026-08-26,FO,NSE,IDO,70084,,BANKNIFTY,,2026-09-29,2026-09-29,62400.00,CE,BANKNIFTY26SEP62400CE,0.00,0.00,0.00,1029.20,0.00,1029.20,57783.75,227.09,0,0,0,0.00,0,F1,30,,,,,
2026-08-26,2026-08-26,FO,NSE,IDO,70027,,BANKNIFTY,,2026-09-29,2026-09-29,60900.00,CE,BANKNIFTY26SEP60900CE,0.00,0.00,0.00,1453.10,0.00,1453.10,57783.75,470.83,0,0,0,0.00,0,F1,30,,,,,
2026-08-26,2026-08-26,FO,NSE,IDO,70011,,BANKNIFTY,,2026-09-29,2026-09-29,60100.00,CE,BANKNIFTY26SEP60100CE,120.00,151.30,117.00,127.65,128.95,114.75,57783.75,127.65,40860,39780,5091,9199896882.00,3880,F1,30,,,,,
2026-08-26,2026-08-26,FO,NSE,IDO,62146,,BANKNIFTY,,2026-11-23,2026-11-23,54500.00,PE,BANKNIFTY26NOV54500PE,0.00,0.00,0.00,816.40,0.00,816.40,57783.75,724.97,0,0,0,0.00,0,F1,30,,,,,
2026-08-26,2026-08-26,FO,NSE,IDO,70087,,BANKNIFTY,,2026-09-29,2026-09-29,62500.00,PE,BANKNIFTY26SEP62500PE,0.00,0.00,0.00,4700.00,4700.00,4700.00,57783.75,4551.66,3180,0,0,0.00,0,F1,30,,,,,
2026-08-26,2026-08-26,FO,NSE,IDO,70081,,BANKNIFTY,,2026-09-29,2026-09-29,62200.00,PE,BANKNIFTY26SEP62200PE,0.00,0.00,0.00,4779.90,0.00,4779.90,57783.75,4289.56,0,0,0,0.00,0,F1,30,,,,,
2026-08-26,2026-08-26,FO,NSE,IDO,69839,,BANKNIFTY,,2026-09-29,2026-09-29,58000.00,PE,BANKNIFTY26SEP58000PE,798.95,801.00,584.25,630.35,631.00,869.55,57783.75,630.35,1112010,279600,107512,189104699457.00,72870,F1,30,,,,,
2026-08-26,2026-08-26,FO,NSE,IDO,69827,,BANKNIFTY,,2026-09-29,2026-09-29,57700.00,PE,BANKNIFTY26SEP57700PE,650.00,690.65,477.00,511.35,513.40,732.10,57783.75,511.35,154170,10170,19003,33190100697.00,13927,F1,30,,,,,
2026-08-26,2026-08-26,FO,NSE,IDO,69807,,BANKNIFTY,,2026-09-29,2026-09-29,56700.00,PE,BANKNIFTY26SEP56700PE,290.70,290.95,236.25,246.10,243.75,375.75,57783.75,246.10,36990,7440,2801,4785768385.50,2006,F1,30,,,,,
2026-08-26,2026-08-26,FO,NSE,IDO,69705,,BANKNIFTY,,2026-09-29,2026-09-29,54100.00,PE,BANKNIFTY26SEP54100PE,0.00,0.00,0.00,796.95,0.00,796.95,57783.75,203.24,0,0,0,0.00,0,F1,30,,,,,
2026-08-26,2026-08-26,FO,NSE,IDO,49585,,BANKNIFTY,,2026-10-27,2026-10-27,60600.00,CE,BANKNIFTY26OCT60600CE,0.00,0.00,0.00,1234.65,0.00,1234.65,57783.75,1056.93,0,0,0,0.00,0,F1,30,,,,,
2026-08-26,2026-08-26,FO,NSE,IDO,49621,,BANKNIFTY,,2026-10-27,2026-10-27,62100.00,CE,BANKNIFTY26OCT62100CE,0.00,0.00,0.00,855.25,0.00,855.25,57783.75,664.51,0,0,0,0.00,0,F1,30,,,,,
2026-08-26,2026-08-26,FO,NSE,IDO,49668,,BANKNIFTY,,2026-10-27,2026-10-27,63900.00,CE,BANKNIFTY26OCT63900CE,0.00,0.00,0.00,530.75,0.00,530.75,57783.75,357.97,0,0,0,0.00,0,F1,30,,,,,
2026-08-26,2026-08-26,FO,NSE,IDO,62267,,BANKNIFTY,,2026-11-23,2026-11-23,58600.00,CE,BANKNIFTY26NOV58600CE,0.00,0.00,0.00,2196.40,0.00,2196.40,57783.75,2341.34,0,0,0,0.00,0,F1,30,,,,,
2026-08-26,2026-08-26,FO,NSE,IDO,62291,,BANKNIFTY,,2026-11-23,2026-11-23,59500.00,CE,BANKNIFTY26NOV59500CE,0.00,0.00,0.00,1810.65,0.00,1810.65,57783.75,1936.18,0,0,0,0.00,0,F1,30,,,,,
2026-08-26,2026-08-26,FO,NSE,IDO,52271,,BANKNIFTY,,2026-09-29,2026-09-29,46500.00,PE,BANKNIFTY26SEP46500PE,9.60,9.70,7.75,8.55,8.00,9.85,57783.75,8.55,18150,1230,288,401833684.50,204,F1,30,,,,,
2026-08-26,2026-08-26,FO,NSE,IDO,69665,,BANKNIFTY,,2026-09-29,2026-09-29,51900.00,PE,BANKNIFTY26SEP51900PE,0.00,0.00,0.00,378.05,0.00,378.05,57783.75,42.32,0,0,0,0.00,0,F1,30,,,,,
2026-08-26,2026-08-26,FO,NSE,IDO,69669,,BANKNIFTY,,2026-09-29,2026-09-29,52100.00,PE,BANKNIFTY26SEP52100PE,28.80,28.80,19.70,19.70,19.70,40.25,57783.75,49.69,2580,2280,123,192326808.00,75,F1,30,,,,,
2026-08-26,2026-08-26,FO,NSE,IDO,69687,,BANKNIFTY,,2026-09-29,2026-09-29,53100.00,PE,BANKNIFTY26SEP53100PE,0.00,0.00,0.00,577.80,0.00,577.80,57783.75,104.95,0,0,0,0.00,0,F1,30,,,,,
2026-08-26,2026-08-26,FO,NSE,IDO,69691,,BANKNIFTY,,2026-09-29,2026-09-29,53300.00,PE,BANKNIFTY26SEP53300PE,0.00,0.00,0.00,617.55,0.00,617.55,57783.75,120.59,0,0,0,0.00,0,F1,30,,,,,
2026-08-26,2026-08-26,FO,NSE,IDO,69699,,BANKNIFTY,,2026-09-29,2026-09-29,53700.00,PE,BANKNIFTY26SEP53700PE,0.00,0.00,0.00,703.05,0.00,703.05,57783.75,157.59,0,0,0,0.00,0,F1,30,,,,,
2026-08-26,2026-08-26,FO,NSE,IDO,69721,,BANKNIFTY,,2026-09-29,2026-09-29,54400.00,PE,BANKNIFTY26SEP54400PE,66.15,66.15,46.10,48.40,48.50,78.60,57783.75,48.40,38160,780,3057,4993753188.00,1364,F1,30,,,,,
2026-08-26,2026-08-26,FO,NSE,IDO,69774,,BANKNIFTY,,2026-09-29,2026-09-29,55200.00,PE,BANKNIFTY26SEP55200PE,117.15,117.15,77.05,79.90,82.00,127.20,57783.75,79.90,18750,13710,1401,2323561516.50,777,F1,30,,,,,
2026-08-26,2026-08-26,FO,NSE,IDO,69802,,BANKNIFTY,,2026-09-29,2026-09-29,56500.00,PE,BANKNIFTY26SEP56500PE,313.00,313.00,203.85,210.85,209.20,333.70,57783.75,210.85,326850,31890,20101,34202638344.00,13236,F1,30,,,,,
2026-08-26,2026-08-26,FO,NSE,IDO,69819,,BANKNIFTY,,2026-09-29,2026-09-29,57300.00,PE,BANKNIFTY26SEP57300PE,525.00,525.00,364.00,384.95,387.45,568.20,57783.75,384.95,304920,-7830,9073,15703735284.00,6680,F1,30,,,,,
2026-08-26,2026-08-26,FO,NSE,IDO,69869,,BANKNIFTY,,2026-09-29,2026-09-29,58700.00,PE,BANKNIFTY26SEP58700PE,1250.00,1250.00,907.70,972.35,967.85,1286.60,57783.75,972.35,10590,6990,1238,2215915546.50,1046,F1,30,,,,,
2026-08-26,2026-08-26,FO,NSE,IDO,69871,,BANKNIFTY,,2026-09-29,2026-09-29,58800.00,PE,BANKNIFTY26SEP58800PE,1090.05,1127.25,958.10,1034.65,1022.60,1332.55,57783.75,1034.65,4680,2340,483,866896762.50,402,F1,30,,,,,
2026-08-26,2026-08-26,FO,NSE,IDO,62481,,BANKNIFTY,,2026-11-23,2026-11-23,62200.00,CE,BANKNIFTY26NOV62200CE,0.00,0.00,0.00,953.75,0.00,953.75,57783.75,1025.90,0,0,0,0.00,0,F1,30,,,,,
2026-08-26,2026-08-26,FO,NSE,IDO,62295,,BANKNIFTY,,2026-11-23,2026-11-23,59700.00,CE,BANKNIFTY26NOV59700CE,0.00,0.00,0.00,1732.05,0.00,1732.05,57783.75,1853.40,0,0,0,0.00,0,F1,30,,,,,
2026-08-26,2026-08-26,FO,NSE,IDO,69853,,BANKNIFTY,,2026-09-29,2026-09-29,58600.00,CE,BANKNIFTY26SEP58600CE,477.95,623.05,477.95,544.10,540.00,427.15,57783.75,544.10,59490,33600,9338,16575080638.50,7370,F1,30,,,,,
2026-08-26,2026-08-26,FO,NSE,IDO,69832,,BANKNIFTY,,2026-09-29,2026-09-29,57900.00,CE,BANKNIFTY26SEP57900CE,765.65,1011.70,765.65,908.85,906.90,730.80,57783.75,908.85,147720,91080,48126,84938927551.50,33908,F1,30,,,,,
2026-08-26,2026-08-26,FO,NSE,IDO,52334,,BANKNIFTY,,2026-09-29,2026-09-29,57000.00,CE,BANKNIFTY26SEP57000CE,1283.50,1648.00,1275.45,1513.55,1516.60,1265.85,57783.75,1513.55,214680,3960,7906,13883130705.00,5420,F1,30,,,,,
2026-08-26,2026-08-26,FO,NSE,IDO,49364,,BANKNIFTY,,2026-10-27,2026-10-27,51800.00,PE,BANKNIFTY26OCT51800PE,0.00,0.00,0.00,452.00,0.00,452.00,57783.75,147.19,0,0,0,0.00,0,F1,30,,,,,
2026-08-26,2026-08-26,FO,NSE,IDO,62273,,BANKNIFTY,,2026-11-23,2026-11-23,58900.00,CE,BANKNIFTY26NOV58900CE,0.00,0.00,0.00,2061.90,0.00,2061.90,57783.75,2200.29,0,0,0,0.00,0,F1,30,,,,,
2026-08-26,2026-08-26,FO,NSE,IDO,49320,,BANKNIFTY,,2026-10-27,2026-10-27,50500.00,CE,BANKNIFTY26OCT50500CE,0.00,0.00,0.00,7288.15,0.00,7288.15,57783.75,7912.91,0,0,0,0.00,0,F1,30,,,,,
2026-08-26,2026-08-26,FO,NSE,IDO,49650,,BANKNIFTY,,2026-10-27,2026-10-27,63100.00,PE,BANKNIFTY26OCT63100PE,0.00,0.00,0.00,6055.95,0.00,6055.95,57783.75,5093.24,0,0,0,0.00,0,F1,30,,,,,
2026-08-26,2026-08-26,FO,NSE,IDF,48699,,BANKNIFTY,,2026-10-27,2026-10-27,,,BANKNIFTY26OCTFUT,58360.20,58675.00,58360.20,58540.20,58560.00,58178.60,57783.75,58540.20,116460,9060,1622,2849909982.00,1305,F1,30,,,,,
2026-08-26,2026-08-26,FO,NSE,IDO,52282,,BANKNIFTY,,2026-09-29,2026-09-29,51000.00,CE,BANKNIFTY26SEP51000CE,7050.00,7300.00,7049.95,7190.00,7190.00,6760.00,57783.75,7190.00,8520,390,29,50605743.00,25,F1,30,,,,,
2026-08-26,2026-08-26,FO,NSE,IDO,69666,,BANKNIFTY,,2026-09-29,2026-09-29,52000.00,CE,BANKNIFTY26SEP52000CE,6200.00,6251.20,6200.00,6220.00,6220.00,5788.25,57783.75,6145.94,13380,90,4,6986901.00,4,F1,30,,,,,
2026-08-26,2026-08-26,FO,NSE,IDO,69680,,BANKNIFTY,,2026-09-29,2026-09-29,52800.00,CE,BANKNIFTY26SEP52800CE,0.00,0.00,0.00,6074.55,0.00,6074.55,57783.75,5389.58,0,0,0,0.00,0,F1,30,,,,,
2026-08-26,2026-08-26,FO,NSE,IDO,69690,,BANKNIFTY,,2026-09-29,2026-09-29,53300.00,CE,BANKNIFTY26SEP53300CE,0.00,0.00,0.00,5678.00,0.00,5678.00,57783.75,4928.55,0,0,0,0.00,0,F1,30,,,,,
2026-08-26,2026-08-26,FO,NSE,IDO,69767,,BANKNIFTY,,2026-09-29,2026-09-29,55000.00,CE,BANKNIFTY26SEP55000CE,2980.00,3400.00,2922.80,3269.85,3269.85,2890.75,57783.75,3269.85,64410,3570,633,1106744023.50,489,F1,30,,,,,
2026-08-26,2026-08-26,FO,NSE,IDO,69775,,BANKNIFTY,,2026-09-29,2026-09-29,55300.00,CE,BANKNIFTY26SEP55300CE,0.00,0.00,0.00,4222.45,0.00,4222.45,57783.75,3225.05,0,0,0,0.00,0,F1,30,,,,,
2026-08-26,2026-08-26,FO,NSE,IDO,62134,,BANKNIFTY,,2026-11-23,2026-11-23,54000.00,PE,BANKNIFTY26NOV54000PE,0.00,0.00,0.00,692.55,0.00,692.55,57783.75,613.05,0,0,0,0.00,0,F1,30,,,,,
2026-08-26,2026-08-26,FO,NSE,IDO,49403,,BANKNIFTY,,2026-10-27,2026-10-27,53500.00,CE,BANKNIFTY26OCT53500CE,0.00,0.00,0.00,4863.70,0.00,4863.70,57783.75,5213.83,0,0,0,0.00,0,F1,30,,,,,
2026-08-26,2026-08-26,FO,NSE,IDO,49411,,BANKNIFTY,,2026-10-27,2026-10-27,53800.00,CE,BANKNIFTY26OCT53800CE,0.00,0.00,0.00,4645.75,0.00,4645.75,57783.75,4965.07,0,0,0,0.00,0,F1,30,,,,,
2026-08-26,2026-08-26,FO,NSE,IDO,49427,,BANKNIFTY,,2026-10-27,2026-10-27,54600.00,CE,BANKNIFTY26OCT54600CE,0.00,0.00,0.00,4089.00,0.00,4089.00,57783.75,4327.08,0,0,0,0.00,0,F1,30,,,,,
2026-08-26,2026-08-26,FO,NSE,IDO,49471,,BANKNIFTY,,2026-10-27,2026-10-27,56200.00,CE,BANKNIFTY26OCT56200CE,0.00,0.00,0.00,3101.20,0.00,3101.20,57783.75,3178.45,0,0,0,0.00,0,F1,30,,,,,
2026-08-26,2026-08-26,FO,NSE,IDO,49404,,BANKNIFTY,,2026-10-27,2026-10-27,53500.00,PE,BANKNIFTY26OCT53500PE,0.00,0.00,0.00,804.60,0.00,804.60,57783.75,338.14,0,0,0,0.00,0,F1,30,,,,,
2026-08-26,2026-08-26,FO,NSE,IDO,62040,,BANKNIFTY,,2026-11-23,2026-11-23,51000.00,PE,BANKNIFTY26NOV51000PE,0.00,0.00,0.00,221.50,0.00,221.50,57783.75,188.54,0,0,0,0.00,0,F1,30,,,,,
2026-08-26,2026-08-26,FO,NSE,IDO,49660,,BANKNIFTY,,2026-10-27,2026-10-27,63500.00,PE,BANKNIFTY26OCT63500PE,0.00,0.00,0.00,6382.75,0.00,6382.75,57783.75,5426.76,0,0,0,0.00,0,F1,30,,,,,
2026-08-26,2026-08-26,FO,NSE,IDO,62211,,BANKNIFTY,,2026-11-23,2026-11-23,57200.00,CE,BANKNIFTY26NOV57200CE,0.00,0.00,0.00,2904.20,0.00,2904.20,57783.75,3080.46,0,0,0,0.00,0,F1,30,,,,,
2026-08-26,2026-08-26,FO,NSE,IDO,62207,,BANKNIFTY,,2026-11-23,2026-11-23,57000.00,CE,BANKNIFTY26NOV57000CE,2400.00,2400.00,2400.00,2400.00,2400.00,3016.15,57783.75,3196.87,30,30,1,1782000.00,1,F1,30,,,,,
2026-08-26,2026-08-26,FO,NSE,IDO,62199,,BANKNIFTY,,2026-11-23,2026-11-23,56600.00,CE,BANKNIFTY26NOV56600CE,0.00,0.00,0.00,3248.10,0.00,3248.10,57783.75,3437.74,0,0,0,0.00,0,F1,30,,,,,
2026-08-26,2026-08-26,FO,NSE,IDO,62183,,BANKNIFTY,,2026-11-23,2026-11-23,56000.00,CE,BANKNIFTY26NOV56000CE,3020.00,3020.00,3020.00,3020.00,3020.00,3616.05,57783.75,3818.91,30,30,1,1770600.00,1,F1,30,,,,,
2026-08-26,2026-08-26,FO,NSE,IDO,62151,,BANKNIFTY,,2026-11-23,2026-11-23,54800.00,CE,BANKNIFTY26NOV54800CE,0.00,0.00,0.00,4424.35,0.00,4424.35,57783.75,4652.96,0,0,0,0.00,0,F1,30,,,,,
2026-08-26,2026-08-26,FO,NSE,IDO,62104,,BANKNIFTY,,2026-11-23,2026-11-23,53300.00,CE,BANKNIFTY26NOV53300CE,0.00,0.00,0.00,5551.05,0.00,5551.05,57783.75,5806.77,0,0,0,0.00,0,F1,30,,,,,
2026-08-26,2026-08-26,FO,NSE,IDO,62099,,BANKNIFTY,,2026-11-23,2026-11-23,53100.00,CE,BANKNIFTY26NOV53100CE,0.00,0.00,0.00,5710.65,0.00,5710.65,57783.75,5969.61,0,0,0,0.00,0,F1,30,,,,,
2026-08-26,2026-08-26,FO,NSE,IDO,49638,,BANKNIFTY,,2026-10-27,2026-10-27,62700.00,CE,BANKNIFTY26OCT62700CE,0.00,0.00,0.00,732.65,0.00,732.65,57783.75,544.72,0,0,0,0.00,0,F1,30,,,,,
2026-08-26,2026-08-26,FO,NSE,IDO,49627,,BANKNIFTY,,2026-10-27,2026-10-27,62400.00,CE,BANKNIFTY26OCT62400CE,0.00,0.00,0.00,792.00,0.00,792.00,57783.75,602.20,0,0,0,0.00,0,F1,30,,,,,
2026-08-26,2026-08-26,FO,NSE,IDO,49611,,BANKNIFTY,,2026-10-27,2026-10-27,61700.00,CE,BANKNIFTY26OCT61700CE,0.00,0.00,0.00,947.70,0.00,947.70,57783.75,757.53,0,0,0,0.00,0,F1,30,,,,,
2026-08-26,2026-08-26,FO,NSE,IDO,62679,,BANKNIFTY,,2026-11-23,2026-11-23,65000.00,CE,BANKNIFTY26NOV65000CE,0.00,0.00,0.00,442.05,0.00,442.05,57783.75,480.37,0,0,0,0.00,0,F1,30,,,,,
2026-08-26,2026-08-26,FO,NSE,IDO,62422,,BANKNIFTY,,2026-11-23,2026-11-23,61900.00,CE,BANKNIFTY26NOV61900CE,0.00,0.00,0.00,1026.45,0.00,1026.45,57783.75,1106.24,0,0,0,0.00,0,F1,30,,,,,
2026-08-26,2026-08-26,FO,NSE,IDO,62358,,BANKNIFTY,,2026-11-23,2026-11-23,61500.00,CE,BANKNIFTY26NOV61500CE,0.00,0.00,0.00,1134.30,0.00,1134.30,57783.75,1220.95,0,0,0,0.00,0,F1,30,,,,,
2026-08-26,2026-08-26,FO,NSE,IDO,62289,,BANKNIFTY,,2026-11-23,2026-11-23,59400.00,CE,BANKNIFTY26NOV59400CE,0.00,0.00,0.00,1850.90,0.00,1850.90,57783.75,1978.54,0,0,0,0.00,0,F1,30,,,,,
2026-08-26,2026-08-26,FO,NSE,IDO,62231,,BANKNIFTY,,2026-11-23,2026-11-23,57800.00,CE,BANKNIFTY26NOV57800CE,0.00,0.00,0.00,2584.75,0.00,2584.75,57783.75,2747.48,0,0,0,0.00,0,F1,30,,,,,
2026-08-26,2026-08-26,FO,NSE,IDO,62217,,BANKNIFTY,,2026-11-23,2026-11-23,57500.00,CE,BANKNIFTY26NOV57500CE,0.00,0.00,0.00,2741.45,0.00,2741.45,57783.75,2910.92,0,0,0,0.00,0,F1,30,,,,,
2026-08-26,2026-08-26,FO,NSE,IDO,62187,,BANKNIFTY,,2026-11-23,2026-11-23,56200.00,CE,BANKNIFTY26NOV56200CE,0.00,0.00,0.00,3490.75,0.00,3490.75,57783.75,3689.24,0,0,0,0.00,0,F1,30,,,,,
2026-08-26,2026-08-26,FO,NSE,IDO,49382,,BANKNIFTY,,2026-10-27,2026-10-27,52700.00,PE,BANKNIFTY26OCT52700PE,0.00,0.00,0.00,619.10,0.00,619.10,57783.75,232.68,0,0,0,0.00,0,F1,30,,,,,
2026-08-26,2026-08-26,FO,NSE,IDO,49414,,BANKNIFTY,,2026-10-27,2026-10-27,53900.00,PE,BANKNIFTY26OCT53900PE,0.00,0.00,0.00,909.10,0.00,909.10,57783.75,403.13,0,0,0,0.00,0,F1,30,,,,,
2026-08-26,2026-08-26,FO,NSE,IDO,49442,,BANKNIFTY,,2026-10-27,2026-10-27,55000.00,PE,BANKNIFTY26OCT55000PE,210.00,210.05,147.40,155.20,159.40,221.85,57783.75,155.20,71070,7800,1594,2637847941.00,1033,F1,30,,,,,
2026-08-26,2026-08-26,FO,NSE,IDO,49460,,BANKNIFTY,,2026-10-27,2026-10-27,55600.00,PE,BANKNIFTY26OCT55600PE,0.00,0.00,0.00,1461.60,0.00,1461.60,57783.75,788.27,0,0,0,0.00,0,F1,30,,,,,
2026-08-26,2026-08-26,FO,NSE,IDO,49464,,BANKNIFTY,,2026-10-27,2026-10-27,55800.00,PE,BANKNIFTY26OCT55800PE,0.00,0.00,0.00,1538.95,0.00,1538.95,57783.75,846.80,0,0,0,0.00,0,F1,30,,,,,
2026-08-26,2026-08-26,FO,NSE,IDO,49480,,BANKNIFTY,,2026-10-27,2026-10-27,56500.00,PE,BANKNIFTY26OCT56500PE,395.00,399.15,336.25,344.70,342.65,476.70,57783.75,344.70,60420,5340,738,1258797852.00,543,F1,30,,,,,
2026-08-26,2026-08-26,FO,NSE,IDO,49492,,BANKNIFTY,,2026-10-27,2026-10-27,56800.00,PE,BANKNIFTY26OCT56800PE,0.00,0.00,0.00,1965.05,0.00,1965.05,57783.75,1185.29,0,0,0,0.00,0,F1,30,,,,,
2026-08-26,2026-08-26,FO,NSE,IDO,49504,,BANKNIFTY,,2026-10-27,2026-10-27,57400.00,PE,BANKNIFTY26OCT57400PE,0.00,0.00,0.00,734.25,745.00,734.25,57783.75,1426.52,960,0,0,0.00,0,F1,30,,,,,
2026-08-26,2026-08-26,FO,NSE,IDO,49510,,BANKNIFTY,,2026-10-27,2026-10-27,57600.00,PE,BANKNIFTY26OCT57600PE,680.05,680.05,607.65,629.05,624.25,818.10,57783.75,629.05,6120,3360,225,393031854.00,114,F1,30,,,,,
2026-08-26,2026-08-26,FO,NSE,IDO,49546,,BANKNIFTY,,2026-10-27,2026-10-27,59000.00,PE,BANKNIFTY26OCT59000PE,1300.05,1300.05,1186.95,1233.00,1229.30,1501.60,57783.75,1233.00,27450,2100,269,486055320.00,186,F1,30,,,,,
2026-08-26,2026-08-26,FO,NSE,IDO,62161,,BANKNIFTY,,2026-11-23,2026-11-23,55300.00,CE,BANKNIFTY26NOV55300CE,0.00,0.00,0.00,4075.05,0.00,4075.05,57783.75,4292.86,0,0,0,0.00,0,F1,30,,,,,
2026-08-26,2026-08-26,FO,NSE,IDO,62137,,BANKNIFTY,,2026-11-23,2026-11-23,54100.00,CE,BANKNIFTY26NOV54100CE,0.00,0.00,0.00,4933.65,0.00,4933.65,57783.75,5175.27,0,0,0,0.00,0,F1,30,,,,,
2026-08-26,2026-08-26,FO,NSE,IDO,49661,,BANKNIFTY,,2026-10-27,2026-10-27,63600.00,CE,BANKNIFTY26OCT63600CE,0.00,0.00,0.00,576.20,0.00,576.20,57783.75,398.69,0,0,0,0.00,0,F1,30,,,,,
2026-08-26,2026-08-26,FO,NSE,IDO,49653,,BANKNIFTY,,2026-10-27,2026-10-27,63300.00,CE,BANKNIFTY26OCT63300CE,0.00,0.00,0.00,624.90,0.00,624.90,57783.75,443.22,0,0,0,0.00,0,F1,30,,,,,
2026-08-26,2026-08-26,FO,NSE,IDO,49632,,BANKNIFTY,,2026-10-27,2026-10-27,62600.00,CE,BANKNIFTY26OCT62600CE,0.00,0.00,0.00,752.00,0.00,752.00,57783.75,563.36,0,0,0,0.00,0,F1,30,,,,,
2026-08-26,2026-08-26,FO,NSE,IDO,49623,,BANKNIFTY,,2026-10-27,2026-10-27,62200.00,CE,BANKNIFTY26OCT62200CE,0.00,0.00,0.00,833.75,0.00,833.75,57783.75,643.19,0,0,0,0.00,0,F1,30,,,,,
2026-08-26,2026-08-26,FO,NSE,IDO,49597,,BANKNIFTY,,2026-10-27,2026-10-27,61100.00,CE,BANKNIFTY26OCT61100CE,210.30,220.00,187.65,193.45,191.80,182.90,57783.75,193.45,3750,3120,207,380693907.00,105,F1,30,,,,,
2026-08-26,2026-08-26,FO,NSE,IDO,49511,,BANKNIFTY,,2026-10-27,2026-10-27,57700.00,CE,BANKNIFTY26OCT57700CE,1560.00,1588.00,1459.45,1508.65,1498.50,1275.45,57783.75,1508.65,2640,840,38,67543846.50,27,F1,30,,,,,
2026-08-26,2026-08-26,FO,NSE,IDO,49377,,BANKNIFTY,,2026-10-27,2026-10-27,52500.00,CE,BANKNIFTY26OCT52500CE,0.00,0.00,0.00,5622.65,0.00,5622.65,57783.75,6075.54,0,0,0,0.00,0,F1,30,,,,,
2026-08-26,2026-08-26,FO,NSE,IDO,49355,,BANKNIFTY,,2026-10-27,2026-10-27,51500.00,CE,BANKNIFTY26OCT51500CE,0.00,0.00,0.00,6433.85,0.00,6433.85,57783.75,6978.75,0,0,0,0.00,0,F1,30,,,,,
2026-08-26,2026-08-26,FO,NSE,IDO,70115,,BANKNIFTY,,2026-09-29,2026-09-29,64000.00,CE,BANKNIFTY26SEP64000CE,7.60,11.85,5.80,8.00,8.45,6.60,57783.75,8.00,115860,113280,13555,26029189710.00,5442,F1,30,,,,,
2026-08-26,2026-08-26,FO,NSE,IDO,70080,,BANKNIFTY,,2026-09-29,2026-09-29,62200.00,CE,BANKNIFTY26SEP62200CE,0.00,0.00,0.00,1076.90,0.00,1076.90,57783.75,251.66,0,0,0,0.00,0,F1,30,,,,,
2026-08-26,2026-08-26,FO,NSE,IDO,70041,,BANKNIFTY,,2026-09-29,2026-09-29,61600.00,CE,BANKNIFTY26SEP61600CE,0.00,0.00,0.00,1239.60,0.00,1239.60,57783.75,339.02,0,0,0,0.00,0,F1,30,,,,,
2026-08-26,2026-08-26,FO,NSE,IDO,52360,,BANKNIFTY,,2026-09-29,2026-09-29,60000.00,CE,BANKNIFTY26SEP60000CE,120.05,168.55,113.25,143.55,145.15,114.40,57783.75,143.55,761520,128940,56754,102412789374.00,32618,F1,30,,,,,
2026-08-26,2026-08-26,FO,NSE,IDO,69822,,BANKNIFTY,,2026-09-29,2026-09-29,57500.00,CE,BANKNIFTY26SEP57500CE,971.00,1275.60,944.00,1151.90,1154.00,948.00,57783.75,1151.90,1793580,-19650,31824,56011185019.50,21944,F1,30,,,,,
2026-08-26,2026-08-26,FO,NSE,IDO,69722,,BANKNIFTY,,2026-09-29,2026-09-29,54500.00,CE,BANKNIFTY26SEP54500CE,3650.00,3859.10,3650.00,3719.25,3719.25,3386.05,57783.75,3874.10,4200,2160,105,183739497.00,101,F1,30,,,,,
2026-08-26,2026-08-26,FO,NSE,IDO,69676,,BANKNIFTY,,2026-09-29,2026-09-29,52600.00,CE,BANKNIFTY26SEP52600CE,0.00,0.00,0.00,6236.45,0.00,6236.45,57783.75,5576.74,0,0,0,0.00,0,F1,30,,,,,
2026-08-26,2026-08-26,FO,NSE,IDO,49553,,BANKNIFTY,,2026-10-27,2026-10-27,59200.00,PE,BANKNIFTY26OCT59200PE,0.00,0.00,0.00,1522.35,1522.35,1522.35,57783.75,2326.23,150,0,0,0.00,0,F1,30,,,,,
2026-08-26,2026-08-26,FO,NSE,IDO,49557,,BANKNIFTY,,2026-10-27,2026-10-27,59300.00,PE,BANKNIFTY26OCT59300PE,0.00,0.00,0.00,1568.35,1568.35,1568.35,57783.75,2383.88,180,0,0,0.00,0,F1,30,,,,,
2026-08-26,2026-08-26,FO,NSE,IDO,49560,,BANKNIFTY,,2026-10-27,2026-10-27,59400.00,PE,BANKNIFTY26OCT59400PE,1430.00,1430.00,1401.00,1401.00,1401.00,1832.65,57783.75,2442.32,150,30,2,3648930.00,2,F1,30,,,,,
2026-08-26,2026-08-26,FO,NSE,IDO,49604,,BANKNIFTY,,2026-10-27,2026-10-27,61400.00,PE,BANKNIFTY26OCT61400PE,0.00,0.00,0.00,4740.05,0.00,4740.05,57783.75,3766.27,0,0,0,0.00,0,F1,30,,,,,
2026-08-26,2026-08-26,FO,NSE,IDO,49608,,BANKNIFTY,,2026-10-27,2026-10-27,61500.00,PE,BANKNIFTY26OCT61500PE,0.00,0.00,0.00,4816.30,0.00,4816.30,57783.75,3839.66,0,0,0,0.00,0,F1,30,,,,,
2026-08-26,2026-08-26,FO,NSE,IDO,49620,,BANKNIFTY,,2026-10-27,2026-10-27,62000.00,PE,BANKNIFTY26OCT62000PE,3200.00,3404.05,3200.00,3404.05,3404.05,5192.60,57783.75,4216.66,240,240,9,17652970.50,7,F1,30,,,,,
2026-08-26,2026-08-26,FO,NSE,IDO,49640,,BANKNIFTY,,2026-10-27,2026-10-27,62700.00,PE,BANKNIFTY26OCT62700PE,0.00,0.00,0.00,5735.35,0.00,5735.35,57783.75,4767.24,0,0,0,0.00,0,F1,30,,,,,
2026-08-26,2026-08-26,FO,NSE,IDO,49678,,BANKNIFTY,,2026-10-27,2026-10-27,64000.00,PE,BANKNIFTY26OCT64000PE,0.00,0.00,0.00,6799.40,0.00,6799.40,57783.75,5853.33,0,0,0,0.00,0,F1,30,,,,,
2026-08-26,2026-08-26,FO,NSE,IDO,62012,,BANKNIFTY,,2026-11-23,2026-11-23,50000.00,PE,BANKNIFTY26NOV50000PE,0.00,0.00,0.00,141.00,0.00,141.00,57783.75,118.17,0,0,0,0.00,0,F1,30,,,,,
2026-08-26,2026-08-26,FO,NSE,IDO,62105,,BANKNIFTY,,2026-11-23,2026-11-23,53300.00,PE,BANKNIFTY26NOV53300PE,0.00,0.00,0.00,545.05,0.00,545.05,57783.75,478.51,0,0,0,0.00,0,F1,30,,,,,
2026-08-26,2026-08-26,FO,NSE,IDO,62124,,BANKNIFTY,,2026-11-23,2026-11-23,53800.00,PE,BANKNIFTY26NOV53800PE,0.00,0.00,0.00,647.75,0.00,647.75,57783.75,572.05,0,0,0,0.00,0,F1,30,,,,,
2026-08-26,2026-08-26,FO,NSE,IDO,62138,,BANKNIFTY,,2026-11-23,2026-11-23,54100.00,PE,BANKNIFTY26NOV54100PE,0.00,0.00,0.00,715.75,0.00,715.75,57783.75,634.34,0,0,0,0.00,0,F1,30,,,,,
2026-08-26,2026-08-26,FO,NSE,IDO,62156,,BANKNIFTY,,2026-11-23,2026-11-23,55000.00,PE,BANKNIFTY26NOV55000PE,0.00,0.00,0.00,950.05,0.00,950.05,57783.75,852.84,0,0,0,0.00,0,F1,30,,,,,
2026-08-26,2026-08-26,FO,NSE,IDO,62158,,BANKNIFTY,,2026-11-23,2026-11-23,55100.00,PE,BANKNIFTY26NOV55100PE,0.00,0.00,0.00,979.15,0.00,979.15,57783.75,879.69,0,0,0,0.00,0,F1,30,,,,,
2026-08-26,2026-08-26,FO,NSE,IDO,62167,,BANKNIFTY,,2026-11-23,2026-11-23,55500.00,PE,BANKNIFTY26NOV55500PE,0.00,0.00,0.00,1102.00,0.00,1102.00,57783.75,991.19,0,0,0,0.00,0,F1,30,,,,,
2026-08-26,2026-08-26,FO,NSE,IDO,62208,,BANKNIFTY,,2026-11-23,2026-11-23,57000.00,PE,BANKNIFTY26NOV57000PE,0.00,0.00,0.00,1655.15,0.00,1655.15,57783.75,1509.99,0,0,0,0.00,0,F1,30,,,,,
2026-08-26,2026-08-26,FO,NSE,IDO,62304,,BANKNIFTY,,2026-11-23,2026-11-23,60000.00,PE,BANKNIFTY26NOV60000PE,0.00,0.00,0.00,3213.35,0.00,3213.35,57783.75,2999.67,0,0,0,0.00,0,F1,30,,,,,
2026-08-26,2026-08-26,FO,NSE,IDO,62306,,BANKNIFTY,,2026-11-23,2026-11-23,60100.00,PE,BANKNIFTY26NOV60100PE,0.00,0.00,0.00,3275.40,0.00,3275.40,57783.75,3059.59,0,0,0,0.00,0,F1,30,,,,,
2026-08-26,2026-08-26,FO,NSE,IDO,62312,,BANKNIFTY,,2026-11-23,2026-11-23,60400.00,PE,BANKNIFTY26NOV60400PE,0.00,0.00,0.00,3465.25,0.00,3465.25,57783.75,3243.13,0,0,0,0.00,0,F1,30,,,,,
2026-08-26,2026-08-26,FO,NSE,IDO,62347,,BANKNIFTY,,2026-11-23,2026-11-23,61300.00,PE,BANKNIFTY26NOV61300PE,0.00,0.00,0.00,4066.60,0.00,4066.60,57783.75,3826.65,0,0,0,0.00,0,F1,30,,,,,
2026-08-26,2026-08-26,FO,NSE,IDO,62364,,BANKNIFTY,,2026-11-23,2026-11-23,61500.00,PE,BANKNIFTY26NOV61500PE,0.00,0.00,0.00,4206.50,0.00,4206.50,57783.75,3962.77,0,0,0,0.00,0,F1,30,,,,,
2026-08-26,2026-08-26,FO,NSE,IDO,52361,,BANKNIFTY,,2026-09-29,2026-09-29,60000.00,PE,BANKNIFTY26SEP60000PE,2198.90,2199.00,1793.30,1915.25,1924.40,2293.05,57783.75,1915.25,337740,-10950,3338,6198826096.50,2193,F1,30,,,,,
2026-08-26,2026-08-26,FO,NSE,IDO,70012,,BANKNIFTY,,2026-09-29,2026-09-29,60100.00,PE,BANKNIFTY26SEP60100PE,2598.45,2598.45,1869.05,1983.35,1983.35,3365.55,57783.75,2618.53,300,300,10,18624985.50,10,F1,30,,,,,
2026-08-26,2026-08-26,FO,NSE,IDO,70028,,BANKNIFTY,,2026-09-29,2026-09-29,60900.00,PE,BANKNIFTY26SEP60900PE,0.00,0.00,0.00,3876.05,0.00,3876.05,57783.75,3216.64,0,0,0,0.00,0,F1,30,,,,,
2026-08-26,2026-08-26,FO,NSE,IDO,70077,,BANKNIFTY,,2026-09-29,2026-09-29,62000.00,PE,BANKNIFTY26SEP62000PE,3800.00,3900.00,3622.00,3766.75,3777.20,4183.95,57783.75,3766.75,89340,180,127,250523127.00,80,F1,30,,,,,
2026-08-26,2026-08-26,FO,NSE,IDO,62389,,BANKNIFTY,,2026-11-23,2026-11-23,61600.00,PE,BANKNIFTY26NOV61600PE,0.00,0.00,0.00,4277.25,0.00,4277.25,57783.75,4031.68,0,0,0,0.00,0,F1,30,,,,,
2026-08-26,2026-08-26,FO,NSE,IDO,62290,,BANKNIFTY,,2026-11-23,2026-11-23,59400.00,PE,BANKNIFTY26NOV59400PE,0.00,0.00,0.00,2854.30,0.00,2854.30,57783.75,2653.64,0,0,0,0.00,0,F1,30,,,,,
2026-08-26,2026-08-26,FO,NSE,IDO,62268,,BANKNIFTY,,2026-11-23,2026-11-23,58600.00,PE,BANKNIFTY26NOV58600PE,0.00,0.00,0.00,2411.65,0.00,2411.65,57783.75,2229.11,0,0,0,0.00,0,F1,30,,,,,
2026-08-26,2026-08-26,FO,NSE,IDO,62243,,BANKNIFTY,,2026-11-23,2026-11-23,58000.00,PE,BANKNIFTY26NOV58000PE,0.00,0.00,0.00,2107.85,0.00,2107.85,57783.75,1939.21,0,0,0,0.00,0,F1,30,,,,,
2026-08-26,2026-08-26,FO,NSE,IDO,70110,,BANKNIFTY,,2026-09-29,2026-09-29,63700.00,PE,BANKNIFTY26SEP63700PE,0.00,0.00,0.00,5925.20,0.00,5925.20,57783.75,5640.54,0,0,0,0.00,0,F1,30,,,,,
2026-08-26,2026-08-26,FO,NSE,IDO,49356,,BANKNIFTY,,2026-10-27,2026-10-27,51500.00,PE,BANKNIFTY26OCT51500PE,0.00,0.00,0.00,404.75,0.00,404.75,57783.75,125.18,0,0,0,0.00,0,F1,30,,,,,
2026-08-26,2026-08-26,FO,NSE,IDO,49440,,BANKNIFTY,,2026-10-27,2026-10-27,54900.00,PE,BANKNIFTY26OCT54900PE,0.00,0.00,0.00,1211.15,0.00,1211.15,57783.75,606.98,0,0,0,0.00,0,F1,30,,,,,
2026-08-26,2026-08-26,FO,NSE,IDO,49518,,BANKNIFTY,,2026-10-27,2026-10-27,57900.00,PE,BANKNIFTY26OCT57900PE,989.20,989.20,728.40,737.15,741.00,2509.55,57783.75,737.15,900,900,32,56310351.00,26,F1,30,,,,,
2026-08-26,2026-08-26,FO,NSE,IDO,49532,,BANKNIFTY,,2026-10-27,2026-10-27,58500.00,PE,BANKNIFTY26OCT58500PE,1039.30,1040.00,941.35,980.95,980.60,1239.40,57783.75,980.95,19830,2400,328,585284094.00,258,F1,30,,,,,
2026-08-26,2026-08-26,FO,NSE,IDO,49574,,BANKNIFTY,,2026-10-27,2026-10-27,60000.00,PE,BANKNIFTY26OCT60000PE,1951.05,1975.05,1779.00,1858.80,1857.95,2250.00,57783.75,1858.80,25200,870,191,354473956.50,138,F1,30,,,,,
2026-08-26,2026-08-26,FO,NSE,IDO,49584,,BANKNIFTY,,2026-10-27,2026-10-27,60500.00,PE,BANKNIFTY26OCT60500PE,0.00,0.00,0.00,2320.00,2320.00,2320.00,57783.75,3135.29,450,0,0,0.00,0,F1,30,,,,,
2026-08-26,2026-08-26,FO,NSE,IDO,49662,,BANKNIFTY,,2026-10-27,2026-10-27,63600.00,PE,BANKNIFTY26OCT63600PE,0.00,0.00,0.00,6465.40,0.00,6465.40,57783.75,5511.25,0,0,0,0.00,0,F1,30,,,,,
2026-08-26,2026-08-26,FO,NSE,IDO,49688,,BANKNIFTY,,2026-10-27,2026-10-27,64500.00,PE,BANKNIFTY26OCT64500PE,0.00,0.00,0.00,7224.45,0.00,7224.45,57783.75,6289.59,0,0,0,0.00,0,F1,30,,,,,
2026-08-26,2026-08-26,FO,NSE,IDO,62024,,BANKNIFTY,,2026-11-23,2026-11-23,50500.00,PE,BANKNIFTY26NOV50500PE,0.00,0.00,0.00,177.60,0.00,177.60,57783.75,150.02,0,0,0,0.00,0,F1,30,,,,,
2026-08-26,2026-08-26,FO,NSE,IDO,69840,,BANKNIFTY,,2026-09-29,2026-09-29,58100.00,CE,BANKNIFTY26SEP58100CE,695.00,890.10,695.00,794.25,786.70,629.00,57783.75,794.25,105420,11970,17993,31803213963.00,13809,F1,30,,,,,
2026-08-26,2026-08-26,FO,NSE,IDO,69944,,BANKNIFTY,,2026-09-29,2026-09-29,59500.00,CE,BANKNIFTY26SEP59500CE,193.45,282.50,185.10,241.30,241.40,187.20,57783.75,241.30,364590,80310,22742,40766751591.00,15732,F1,30,,,,,
2026-08-26,2026-08-26,FO,NSE,IDO,69982,,BANKNIFTY,,2026-09-29,2026-09-29,59600.00,CE,BANKNIFTY26SEP59600CE,209.85,255.10,196.95,219.35,219.05,170.75,57783.75,219.35,30240,5040,4118,7391319100.50,2963,F1,30,,,,,
2026-08-26,2026-08-26,FO,NSE,IDO,70023,,BANKNIFTY,,2026-09-29,2026-09-29,60700.00,CE,BANKNIFTY26SEP60700CE,0.00,0.00,0.00,1519.00,0.00,1519.00,57783.75,515.20,0,0,0,0.00,0,F1,30,,,,,
2026-08-26,2026-08-26,FO,NSE,IDO,70043,,BANKNIFTY,,2026-09-29,2026-09-29,61700.00,CE,BANKNIFTY26SEP61700CE,0.00,0.00,0.00,1211.20,0.00,1211.20,57783.75,322.93,0,0,0,0.00,0,F1,30,,,,,
2026-08-26,2026-08-26,FO,NSE,IDO,70088,,BANKNIFTY,,2026-09-29,2026-09-29,62600.00,CE,BANKNIFTY26SEP62600CE,0.00,0.00,0.00,981.05,0.00,981.05,57783.75,204.58,0,0,0,0.00,0,F1,30,,,,,
2026-08-26,2026-08-26,FO,NSE,IDO,70095,,BANKNIFTY,,2026-09-29,2026-09-29,62900.00,CE,BANKNIFTY26SEP62900CE,0.00,0.00,0.00,912.35,0.00,912.35,57783.75,174.36,0,0,0,0.00,0,F1,30,,,,,
2026-08-26,2026-08-26,FO,NSE,IDO,49338,,BANKNIFTY,,2026-10-27,2026-10-27,51000.00,CE,BANKNIFTY26OCT51000CE,0.00,0.00,0.00,6856.05,0.00,6856.05,57783.75,7442.58,0,0,0,0.00,0,F1,30,,,,,
2026-08-26,2026-08-26,FO,NSE,IDO,49357,,BANKNIFTY,,2026-10-27,2026-10-27,51600.00,CE,BANKNIFTY26OCT51600CE,0.00,0.00,0.00,6350.65,0.00,6350.65,57783.75,6886.87,0,0,0,0.00,0,F1,30,,,,,
2026-08-26,2026-08-26,FO,NSE,IDO,49413,,BANKNIFTY,,2026-10-27,2026-10-27,53900.00,CE,BANKNIFTY26OCT53900CE,0.00,0.00,0.00,4574.25,0.00,4574.25,57783.75,4883.25,0,0,0,0.00,0,F1,30,,,,,
2026-08-26,2026-08-26,FO,NSE,IDO,62088,,BANKNIFTY,,2026-11-23,2026-11-23,52500.00,PE,BANKNIFTY26NOV52500PE,0.00,0.00,0.00,406.80,0.00,406.80,57783.75,353.52,0,0,0,0.00,0,F1,30,,,,,
2026-08-26,2026-08-26,FO,NSE,IDO,49628,,BANKNIFTY,,2026-10-27,2026-10-27,62400.00,PE,BANKNIFTY26OCT62400PE,0.00,0.00,0.00,5499.20,0.00,5499.20,57783.75,4528.04,0,0,0,0.00,0,F1,30,,,,,
2026-08-26,2026-08-26,FO,NSE,IDO,49626,,BANKNIFTY,,2026-10-27,2026-10-27,62300.00,PE,BANKNIFTY26OCT62300PE,0.00,0.00,0.00,5421.35,0.00,5421.35,57783.75,4449.36,0,0,0,0.00,0,F1,30,,,,,
2026-08-26,2026-08-26,FO,NSE,IDO,49598,,BANKNIFTY,,2026-10-27,2026-10-27,61100.00,PE,BANKNIFTY26OCT61100PE,0.00,0.00,0.00,4522.00,0.00,4522.00,57783.75,3549.94,0,0,0,0.00,0,F1,30,,,,,
2026-08-26,2026-08-26,FO,NSE,IDO,49578,,BANKNIFTY,,2026-10-27,2026-10-27,60200.00,PE,BANKNIFTY26OCT60200PE,0.00,0.00,0.00,2298.30,2298.30,2298.30,57783.75,2937.41,90,0,0,0.00,0,F1,30,,,,,
2026-08-26,2026-08-26,FO,NSE,IDO,49566,,BANKNIFTY,,2026-10-27,2026-10-27,59700.00,PE,BANKNIFTY26OCT59700PE,0.00,0.00,0.00,1977.65,1977.65,1977.65,57783.75,2622.30,120,0,0,0.00,0,F1,30,,,,,
2026-08-26,2026-08-26,FO,NSE,IDO,49562,,BANKNIFTY,,2026-10-27,2026-10-27,59500.00,PE,BANKNIFTY26OCT59500PE,1510.00,1520.00,1510.00,1520.00,1520.00,1898.50,57783.75,1520.00,240,30,3,5491200.00,3,F1,30,,,,,
2026-08-26,2026-08-26,FO,NSE,IDO,49542,,BANKNIFTY,,2026-10-27,2026-10-27,58800.00,PE,BANKNIFTY26OCT58800PE,0.00,0.00,0.00,1473.15,1473.15,1473.15,57783.75,2103.53,90,0,0,0.00,0,F1,30,,,,,
2026-08-26,2026-08-26,FO,NSE,IDO,62103,,BANKNIFTY,,2026-11-23,2026-11-23,53200.00,PE,BANKNIFTY26NOV53200PE,0.00,0.00,0.00,526.10,0.00,526.10,57783.75,461.28,0,0,0,0.00,0,F1,30,,,,,
2026-08-26,2026-08-26,FO,NSE,IDO,62109,,BANKNIFTY,,2026-11-23,2026-11-23,53400.00,PE,BANKNIFTY26NOV53400PE,0.00,0.00,0.00,564.55,0.00,564.55,57783.75,496.23,0,0,0,0.00,0,F1,30,,,,,
2026-08-26,2026-08-26,FO,NSE,IDO,62152,,BANKNIFTY,,2026-11-23,2026-11-23,54800.00,PE,BANKNIFTY26NOV54800PE,0.00,0.00,0.00,896.10,0.00,896.10,57783.75,800.94,0,0,0,0.00,0,F1,30,,,,,
2026-08-26,2026-08-26,FO,NSE,IDO,62216,,BANKNIFTY,,2026-11-23,2026-11-23,57400.00,PE,BANKNIFTY26NOV57400PE,0.00,0.00,0.00,1828.10,0.00,1828.10,57783.75,1673.53,0,0,0,0.00,0,F1,30,,,,,
2026-08-26,2026-08-26,FO,NSE,IDO,62225,,BANKNIFTY,,2026-11-23,2026-11-23,57700.00,PE,BANKNIFTY26NOV57700PE,0.00,0.00,0.00,1964.90,0.00,1964.90,57783.75,1803.31,0,0,0,0.00,0,F1,30,,,,,
2026-08-26,2026-08-26,FO,NSE,IDO,62276,,BANKNIFTY,,2026-11-23,2026-11-23,59000.00,PE,BANKNIFTY26NOV59000PE,0.00,0.00,0.00,2627.70,0.00,2627.70,57783.75,2436.04,0,0,0,0.00,0,F1,30,,,,,
2026-08-26,2026-08-26,FO,NSE,IDO,62300,,BANKNIFTY,,2026-11-23,2026-11-23,59900.00,PE,BANKNIFTY26NOV59900PE,0.00,0.00,0.00,3151.95,0.00,3151.95,57783.75,2940.39,0,0,0,0.00,0,F1,30,,,,,
2026-08-26,2026-08-26,FO,NSE,IDO,62314,,BANKNIFTY,,2026-11-23,2026-11-23,60500.00,PE,BANKNIFTY26NOV60500PE,0.00,0.00,0.00,3529.70,0.00,3529.70,57783.75,3305.55,0,0,0,0.00,0,F1,30,,,,,
2026-08-26,2026-08-26,FO,NSE,IDO,62484,,BANKNIFTY,,2026-11-23,2026-11-23,62300.00,PE,BANKNIFTY26NOV62300PE,0.00,0.00,0.00,4790.05,0.00,4790.05,57783.75,4529.31,0,0,0,0.00,0,F1,30,,,,,
2026-08-26,2026-08-26,FO,NSE,IDO,52264,,BANKNIFTY,,2026-09-29,2026-09-29,43500.00,CE,BANKNIFTY26SEP43500CE,0.00,0.00,0.00,13878.45,0.00,13878.45,57783.75,14548.35,0,0,0,0.00,0,F1,30,,,,,
2026-08-26,2026-08-26,FO,NSE,IDO,69657,,BANKNIFTY,,2026-09-29,2026-09-29,51500.00,PE,BANKNIFTY26SEP51500PE,0.00,0.00,0.00,325.00,0.00,325.00,57783.75,30.34,0,0,0,0.00,0,F1,30,,,,,
2026-08-26,2026-08-26,FO,NSE,IDO,49378,,BANKNIFTY,,2026-10-27,2026-10-27,52500.00,PE,BANKNIFTY26OCT52500PE,0.00,0.00,0.00,578.50,0.00,578.50,57783.75,210.91,0,0,0,0.00,0,F1,30,,,,,
2026-08-26,2026-08-26,FO,NSE,IDO,49372,,BANKNIFTY,,2026-10-27,2026-10-27,52200.00,PE,BANKNIFTY26OCT52200PE,0.00,0.00,0.00,521.40,0.00,521.40,57783.75,181.33,0,0,0,0.00,0,F1,30,,,,,
2026-08-26,2026-08-26,FO,NSE,IDO,49358,,BANKNIFTY,,2026-10-27,2026-10-27,51600.00,PE,BANKNIFTY26OCT51600PE,0.00,0.00,0.00,420.05,0.00,420.05,57783.75,132.20,0,0,0,0.00,0,F1,30,,,,,
2026-08-26,2026-08-26,FO,NSE,IDO,49301,,BANKNIFTY,,2026-10-27,2026-10-27,49500.00,PE,BANKNIFTY26OCT49500PE,0.00,0.00,0.00,179.20,0.00,179.20,57783.75,37.37,0,0,0,0.00,0,F1,30,,,,,
2026-08-26,2026-08-26,FO,NSE,IDO,70032,,BANKNIFTY,,2026-09-29,2026-09-29,61100.00,PE,BANKNIFTY26SEP61100PE,0.00,0.00,0.00,4009.30,0.00,4009.30,57783.75,3374.15,0,0,0,0.00,0,F1,30,,,,,
2026-08-26,2026-08-26,FO,NSE,IDO,52298,,BANKNIFTY,,2026-09-29,2026-09-29,55500.00,PE,BANKNIFTY26SEP55500PE,163.40,163.40,95.15,99.80,99.25,159.45,57783.75,99.80,375090,81810,18034,30082569444.00,10245,F1,30,,,,,
2026-08-26,2026-08-26,FO,NSE,IDO,69782,,BANKNIFTY,,2026-09-29,2026-09-29,55700.00,PE,BANKNIFTY26SEP55700PE,0.00,0.00,0.00,1108.15,1108.15,1108.15,57783.75,497.88,30,0,0,0.00,0,F1,30,,,,,
2026-08-26,2026-08-26,FO,NSE,IDO,70014,,BANKNIFTY,,2026-09-29,2026-09-29,60200.00,PE,BANKNIFTY26SEP60200PE,0.00,0.00,0.00,2500.00,2500.00,2500.00,57783.75,2690.18,60,0,0,0.00,0,F1,30,,,,,
2026-08-26,2026-08-26,FO,NSE,IDO,70018,,BANKNIFTY,,2026-09-29,2026-09-29,60400.00,PE,BANKNIFTY26SEP60400PE,0.00,0.00,0.00,3552.70,0.00,3552.70,57783.75,2836.16,0,0,0,0.00,0,F1,30,,,,,
2026-08-26,2026-08-26,FO,NSE,IDO,70083,,BANKNIFTY,,2026-09-29,2026-09-29,62300.00,PE,BANKNIFTY26SEP62300PE,0.00,0.00,0.00,4853.00,0.00,4853.00,57783.75,4376.40,0,0,0,0.00,0,F1,30,,,,,
2026-08-26,2026-08-26,FO,NSE,IDO,70085,,BANKNIFTY,,2026-09-29,2026-09-29,62400.00,PE,BANKNIFTY26SEP62400PE,0.00,0.00,0.00,4929.15,0.00,4929.15,57783.75,4463.77,0,0,0,0.00,0,F1,30,,,,,
2026-08-26,2026-08-26,FO,NSE,IDO,70120,,BANKNIFTY,,2026-09-29,2026-09-29,64200.00,PE,BANKNIFTY26SEP64200PE,0.00,0.00,0.00,6327.50,0.00,6327.50,57783.75,6109.22,0,0,0,0.00,0,F1,30,,,,,
2026-08-26,2026-08-26,FO,NSE,IDO,49376,,BANKNIFTY,,2026-10-27,2026-10-27,52400.00,PE,BANKNIFTY26OCT52400PE,0.00,0.00,0.00,559.00,0.00,559.00,57783.75,200.65,0,0,0,0.00,0,F1,30,,,,,
2026-08-26,2026-08-26,FO,NSE,IDO,49416,,BANKNIFTY,,2026-10-27,2026-10-27,54000.00,PE,BANKNIFTY26OCT54000PE,0.00,0.00,0.00,936.70,0.00,936.70,57783.75,420.78,0,0,0,0.00,0,F1,30,,,,,
2026-08-26,2026-08-26,FO,NSE,IDO,49420,,BANKNIFTY,,2026-10-27,2026-10-27,54200.00,PE,BANKNIFTY26OCT54200PE,0.00,0.00,0.00,991.55,0.00,991.55,57783.75,457.82,0,0,0,0.00,0,F1,30,,,,,
2026-08-26,2026-08-26,FO,NSE,IDO,49486,,BANKNIFTY,,2026-10-27,2026-10-27,56600.00,PE,BANKNIFTY26OCT56600PE,0.00,0.00,0.00,1874.55,0.00,1874.55,57783.75,1111.33,0,0,0,0.00,0,F1,30,,,,,
2026-08-26,2026-08-26,FO,NSE,IDO,49512,,BANKNIFTY,,2026-10-27,2026-10-27,57700.00,PE,BANKNIFTY26OCT57700PE,705.45,705.45,640.00,666.85,671.20,869.45,57783.75,666.85,5790,1800,141,246873754.50,83,F1,30,,,,,
2026-08-26,2026-08-26,FO,NSE,IDO,49538,,BANKNIFTY,,2026-10-27,2026-10-27,58600.00,PE,BANKNIFTY26OCT58600PE,1057.55,1064.50,998.00,1027.45,1030.00,1292.80,57783.75,1027.45,1170,1020,45,80500651.50,40,F1,30,,,,,
2026-08-26,2026-08-26,FO,NSE,IDO,69787,,BANKNIFTY,,2026-09-29,2026-09-29,56000.00,CE,BANKNIFTY26SEP56000CE,2078.10,2480.80,1897.60,2332.85,2326.70,2027.45,57783.75,2332.85,60960,4860,759,1329334147.50,567,F1,30,,,,,
2026-08-26,2026-08-26,FO,NSE,IDO,69797,,BANKNIFTY,,2026-09-29,2026-09-29,56300.00,CE,BANKNIFTY26SEP56300CE,0.00,0.00,0.00,3583.05,0.00,3583.05,57783.75,2491.16,0,0,0,0.00,0,F1,30,,,,,
2026-08-26,2026-08-26,FO,NSE,IDO,69994,,BANKNIFTY,,2026-09-29,2026-09-29,59700.00,CE,BANKNIFTY26SEP59700CE,408.50,408.50,188.25,196.45,197.20,1882.85,57783.75,196.45,12180,12180,1500,2695991523.00,1057,F1,30,,,,,
2026-08-26,2026-08-26,FO,NSE,IDO,70013,,BANKNIFTY,,2026-09-29,2026-09-29,60200.00,CE,BANKNIFTY26SEP60200CE,0.00,0.00,0.00,1693.65,0.00,1693.65,57783.75,640.11,0,0,0,0.00,0,F1,30,,,,,
2026-08-26,2026-08-26,FO,NSE,IDO,70107,,BANKNIFTY,,2026-09-29,2026-09-29,63600.00,CE,BANKNIFTY26SEP63600CE,0.00,0.00,0.00,764.35,0.00,764.35,57783.75,118.32,0,0,0,0.00,0,F1,30,,,,,
2026-08-26,2026-08-26,FO,NSE,IDO,49371,,BANKNIFTY,,2026-10-27,2026-10-27,52200.00,CE,BANKNIFTY26OCT52200CE,0.00,0.00,0.00,5861.05,0.00,5861.05,57783.75,6342.64,0,0,0,0.00,0,F1,30,,,,,
2026-08-26,2026-08-26,FO,NSE,IDO,49401,,BANKNIFTY,,2026-10-27,2026-10-27,53400.00,CE,BANKNIFTY26OCT53400CE,0.00,0.00,0.00,4935.25,0.00,4935.25,57783.75,5297.82,0,0,0,0.00,0,F1,30,,,,,
2026-08-26,2026-08-26,FO,NSE,IDO,49415,,BANKNIFTY,,2026-10-27,2026-10-27,54000.00,CE,BANKNIFTY26OCT54000CE,4650.00,4650.00,4650.00,4650.00,4650.00,3965.00,57783.75,4650.00,480,120,5,8797500.00,2,F1,30,,,,,
2026-08-26,2026-08-26,FO,NSE,IDO,62325,,BANKNIFTY,,2026-11-23,2026-11-23,60900.00,CE,BANKNIFTY26NOV60900CE,0.00,0.00,0.00,1312.45,0.00,1312.45,57783.75,1410.01,0,0,0,0.00,0,F1,30,,,,,
2026-08-26,2026-08-26,FO,NSE,IDO,62420,,BANKNIFTY,,2026-11-23,2026-11-23,61800.00,CE,BANKNIFTY26NOV61800CE,0.00,0.00,0.00,1052.65,0.00,1052.65,57783.75,1134.10,0,0,0,0.00,0,F1,30,,,,,
2026-08-26,2026-08-26,FO,NSE,IDO,62483,,BANKNIFTY,,2026-11-23,2026-11-23,62300.00,CE,BANKNIFTY26NOV62300CE,0.00,0.00,0.00,929.75,0.00,929.75,57783.75,1000.17,0,0,0,0.00,0,F1,30,,,,,
2026-08-26,2026-08-26,FO,NSE,IDO,62485,,BANKNIFTY,,2026-11-23,2026-11-23,62400.00,CE,BANKNIFTY26NOV62400CE,0.00,0.00,0.00,906.25,0.00,906.25,57783.75,977.47,0,0,0,0.00,0,F1,30,,,,,
2026-08-26,2026-08-26,FO,NSE,IDO,62442,,BANKNIFTY,,2026-11-23,2026-11-23,62000.00,PE,BANKNIFTY26NOV62000PE,0.00,0.00,0.00,4565.55,0.00,4565.55,57783.75,4312.83,0,0,0,0.00,0,F1,30,,,,,
2026-08-26,2026-08-26,FO,NSE,IDO,62334,,BANKNIFTY,,2026-11-23,2026-11-23,60900.00,PE,BANKNIFTY26NOV60900PE,0.00,0.00,0.00,3793.55,0.00,3793.55,57783.75,3561.34,0,0,0,0.00,0,F1,30,,,,,
2026-08-26,2026-08-26,FO,NSE,IDO,62239,,BANKNIFTY,,2026-11-23,2026-11-23,57900.00,PE,BANKNIFTY26NOV57900PE,0.00,0.00,0.00,2059.50,0.00,2059.50,57783.75,1893.23,0,0,0,0.00,0,F1,30,,,,,
2026-08-26,2026-08-26,FO,NSE,IDO,49655,,BANKNIFTY,,2026-10-27,2026-10-27,63400.00,CE,BANKNIFTY26OCT63400CE,0.00,0.00,0.00,608.30,0.00,608.30,57783.75,427.94,0,0,0,0.00,0,F1,30,,,,,
2026-08-26,2026-08-26,FO,NSE,IDO,49603,,BANKNIFTY,,2026-10-27,2026-10-27,61400.00,CE,BANKNIFTY26OCT61400CE,0.00,0.00,0.00,824.05,824.05,824.05,57783.75,829.37,90,0,0,0.00,0,F1,30,,,,,
2026-08-26,2026-08-26,FO,NSE,IDO,49599,,BANKNIFTY,,2026-10-27,2026-10-27,61200.00,CE,BANKNIFTY26OCT61200CE,0.00,0.00,0.00,1068.95,0.00,1068.95,57783.75,882.29,0,0,0,0.00,0,F1,30,,,,,
2026-08-26,2026-08-26,FO,NSE,IDO,52421,,BANKNIFTY,,2026-09-29,2026-09-29,66000.00,PE,BANKNIFTY26SEP66000PE,7800.05,7800.05,7579.85,7709.15,7709.15,8094.50,57783.75,7709.15,13740,2430,96,212055288.00,49,F1,30,,,,,
2026-08-26,2026-08-26,FO,NSE,IDO,49476,,BANKNIFTY,,2026-10-27,2026-10-27,56300.00,PE,BANKNIFTY26OCT56300PE,0.00,0.00,0.00,1743.75,0.00,1743.75,57783.75,1006.32,0,0,0,0.00,0,F1,30,,,,,
2026-08-26,2026-08-26,FO,NSE,IDO,49502,,BANKNIFTY,,2026-10-27,2026-10-27,57300.00,PE,BANKNIFTY26OCT57300PE,0.00,0.00,0.00,2202.80,0.00,2202.80,57783.75,1384.29,0,0,0,0.00,0,F1,30,,,,,
2026-08-26,2026-08-26,FO,NSE,IDO,49524,,BANKNIFTY,,2026-10-27,2026-10-27,58100.00,PE,BANKNIFTY26OCT58100PE,0.00,0.00,0.00,2617.10,0.00,2617.10,57783.75,1745.10,0,0,0,0.00,0,F1,30,,,,,
2026-08-26,2026-08-26,FO,NSE,IDO,62132,,BANKNIFTY,,2026-11-23,2026-11-23,53900.00,PE,BANKNIFTY26NOV53900PE,0.00,0.00,0.00,669.85,0.00,669.85,57783.75,592.29,0,0,0,0.00,0,F1,30,,,,,
2026-08-26,2026-08-26,FO,NSE,IDF,68390,,BANKNIFTY,,2026-09-29,2026-09-29,,,BANKNIFTY26SEPFUT,58010.00,58380.00,57900.00,58221.20,58220.00,57842.20,57783.75,58221.20,1998840,12810,19397,33896098680.00,12871,F1,30,,,,,
2026-08-26,2026-08-26,FO,NSE,IDO,52268,,BANKNIFTY,,2026-09-29,2026-09-29,45000.00,CE,BANKNIFTY26SEP45000CE,12902.05,12902.05,12902.05,12902.05,12902.05,12607.80,57783.75,12902.05,24270,30,1,1737061.50,1,F1,30,,,,,
2026-08-26,2026-08-26,FO,NSE,IDO,69686,,BANKNIFTY,,2026-09-29,2026-09-29,53100.00,CE,BANKNIFTY26SEP53100CE,0.00,0.00,0.00,5835.15,0.00,5835.15,57783.75,5111.70,0,0,0,0.00,0,F1,30,,,,,
2026-08-26,2026-08-26,FO,NSE,IDO,69688,,BANKNIFTY,,2026-09-29,2026-09-29,53200.00,CE,BANKNIFTY26SEP53200CE,0.00,0.00,0.00,5756.35,0.00,5756.35,57783.75,5019.90,0,0,0,0.00,0,F1,30,,,,,
2026-08-26,2026-08-26,FO,NSE,IDO,69696,,BANKNIFTY,,2026-09-29,2026-09-29,53600.00,CE,BANKNIFTY26SEP53600CE,0.00,0.00,0.00,4150.00,4150.00,4150.00,57783.75,4657.36,30,0,0,0.00,0,F1,30,,,,,
2026-08-26,2026-08-26,FO,NSE,IDO,69700,,BANKNIFTY,,2026-09-29,2026-09-29,53800.00,CE,BANKNIFTY26SEP53800CE,0.00,0.00,0.00,5293.85,0.00,5293.85,57783.75,4479.14,0,0,0,0.00,0,F1,30,,,,,
2026-08-26,2026-08-26,FO,NSE,IDO,69811,,BANKNIFTY,,2026-09-29,2026-09-29,56900.00,CE,BANKNIFTY26SEP56900CE,1528.35,1710.00,1498.30,1592.80,1585.10,1347.30,57783.75,1592.80,2370,-420,88,154469509.50,75,F1,30,,,,,
2026-08-26,2026-08-26,FO,NSE,IDO,69850,,BANKNIFTY,,2026-09-29,2026-09-29,58400.00,CE,BANKNIFTY26SEP58400CE,537.10,724.00,537.05,639.65,632.10,493.35,57783.75,639.65,78420,33030,10685,18931710868.50,8692,F1,30,,,,,
2026-08-26,2026-08-26,FO,NSE,IDO,69895,,BANKNIFTY,,2026-09-29,2026-09-29,59000.00,CE,BANKNIFTY26SEP59000CE,301.85,447.75,300.00,385.85,386.00,301.85,57783.75,385.85,660990,77070,49887,88903711308.00,33413,F1,30,,,,,
2026-08-26,2026-08-26,FO,NSE,IDO,70035,,BANKNIFTY,,2026-09-29,2026-09-29,61300.00,CE,BANKNIFTY26SEP61300CE,0.00,0.00,0.00,1327.90,0.00,1327.90,57783.75,391.25,0,0,0,0.00,0,F1,30,,,,,
2026-08-26,2026-08-26,FO,NSE,IDO,52388,,BANKNIFTY,,2026-09-29,2026-09-29,61500.00,CE,BANKNIFTY26SEP61500CE,28.80,34.20,25.50,27.20,28.25,26.80,57783.75,27.20,323520,155010,23930,44171753428.50,12149,F1,30,,,,,
2026-08-26,2026-08-26,FO,NSE,IDO,70082,,BANKNIFTY,,2026-09-29,2026-09-29,62300.00,CE,BANKNIFTY26SEP62300CE,0.00,0.00,0.00,1051.50,0.00,1051.50,57783.75,239.11,0,0,0,0.00,0,F1,30,,,,,
2026-08-26,2026-08-26,FO,NSE,IDO,70093,,BANKNIFTY,,2026-09-29,2026-09-29,62800.00,CE,BANKNIFTY26SEP62800CE,0.00,0.00,0.00,934.80,0.00,934.80,57783.75,183.98,0,0,0,0.00,0,F1,30,,,,,
2026-08-26,2026-08-26,FO,NSE,IDO,62299,,BANKNIFTY,,2026-11-23,2026-11-23,59900.00,CE,BANKNIFTY26NOV59900CE,0.00,0.00,0.00,1656.00,0.00,1656.00,57783.75,1773.22,0,0,0,0.00,0,F1,30,,,,,
2026-08-26,2026-08-26,FO,NSE,IDO,62523,,BANKNIFTY,,2026-11-23,2026-11-23,63000.00,CE,BANKNIFTY26NOV63000CE,0.00,0.00,0.00,772.60,0.00,772.60,57783.75,837.56,0,0,0,0.00,0,F1,30,,,,,
2026-08-26,2026-08-26,FO,NSE,IDO,52273,,BANKNIFTY,,2026-09-29,2026-09-29,48000.00,PE,BANKNIFTY26SEP48000PE,9.65,13.95,9.60,11.00,10.35,10.85,57783.75,11.00,75990,25740,3492,5029635799.50,1802,F1,30,,,,,
2026-08-26,2026-08-26,FO,NSE,IDO,49577,,BANKNIFTY,,2026-10-27,2026-10-27,60200.00,CE,BANKNIFTY26OCT60200CE,0.00,0.00,0.00,1355.75,0.00,1355.75,57783.75,1187.23,0,0,0,0.00,0,F1,30,,,,,
2026-08-26,2026-08-26,FO,NSE,IDO,49565,,BANKNIFTY,,2026-10-27,2026-10-27,59700.00,CE,BANKNIFTY26OCT59700CE,0.00,0.00,0.00,1519.80,0.00,1519.80,57783.75,1366.59,0,0,0,0.00,0,F1,30,,,,,
2026-08-26,2026-08-26,FO,NSE,IDO,49517,,BANKNIFTY,,2026-10-27,2026-10-27,57900.00,CE,BANKNIFTY26OCT57900CE,0.00,0.00,0.00,1109.15,1109.15,1109.15,57783.75,2174.36,1320,0,0,0.00,0,F1,30,,,,,
2026-08-26,2026-08-26,FO,NSE,IDO,49477,,BANKNIFTY,,2026-10-27,2026-10-27,56400.00,CE,BANKNIFTY26OCT56400CE,0.00,0.00,0.00,2411.65,2411.65,2411.65,57783.75,3048.32,30,0,0,0.00,0,F1,30,,,,,
2026-08-26,2026-08-26,FO,NSE,IDO,49469,,BANKNIFTY,,2026-10-27,2026-10-27,56100.00,CE,BANKNIFTY26OCT56100CE,0.00,0.00,0.00,3158.05,0.00,3158.05,57783.75,3244.67,0,0,0,0.00,0,F1,30,,,,,
2026-08-26,2026-08-26,FO,NSE,IDO,69565,,BANKNIFTY,,2026-09-29,2026-09-29,50000.00,PE,BANKNIFTY26SEP50000PE,14.85,20.50,14.10,15.30,15.80,17.80,57783.75,15.30,411390,203070,16714,25079354310.00,6836,F1,30,,,,,
2026-08-26,2026-08-26,FO,NSE,IDO,49431,,BANKNIFTY,,2026-10-27,2026-10-27,54700.00,CE,BANKNIFTY26OCT54700CE,0.00,0.00,0.00,4022.45,0.00,4022.45,57783.75,4250.12,0,0,0,0.00,0,F1,30,,,,,
2026-08-26,2026-08-26,FO,NSE,IDO,49425,,BANKNIFTY,,2026-10-27,2026-10-27,54500.00,CE,BANKNIFTY26OCT54500CE,0.00,0.00,0.00,4080.00,4080.00,4080.00,57783.75,4404.69,60,0,0,0.00,0,F1,30,,,,,
2026-08-26,2026-08-26,FO,NSE,IDO,49375,,BANKNIFTY,,2026-10-27,2026-10-27,52400.00,CE,BANKNIFTY26OCT52400CE,0.00,0.00,0.00,5701.60,0.00,5701.60,57783.75,6164.17,0,0,0,0.00,0,F1,30,,,,,
2026-08-26,2026-08-26,FO,NSE,IDO,49363,,BANKNIFTY,,2026-10-27,2026-10-27,51800.00,CE,BANKNIFTY26OCT51800CE,0.00,0.00,0.00,6185.60,0.00,6185.60,57783.75,6704.08,0,0,0,0.00,0,F1,30,,,,,
2026-08-26,2026-08-26,FO,NSE,IDO,70246,,BANKNIFTY,,2026-09-29,2026-09-29,65500.00,CE,BANKNIFTY26SEP65500CE,0.00,0.00,0.00,462.70,0.00,462.70,57783.75,37.24,0,0,0,0.00,0,F1,30,,,,,
2026-08-26,2026-08-26,FO,NSE,IDO,70078,,BANKNIFTY,,2026-09-29,2026-09-29,62100.00,CE,BANKNIFTY26SEP62100CE,0.00,0.00,0.00,1102.75,0.00,1102.75,57783.75,264.75,0,0,0,0.00,0,F1,30,,,,,
2026-08-26,2026-08-26,FO,NSE,IDO,70017,,BANKNIFTY,,2026-09-29,2026-09-29,60400.00,CE,BANKNIFTY26SEP60400CE,0.00,0.00,0.00,1622.05,0.00,1622.05,57783.75,587.31,0,0,0,0.00,0,F1,30,,,,,
2026-08-26,2026-08-26,FO,NSE,IDO,69845,,BANKNIFTY,,2026-09-29,2026-09-29,58200.00,CE,BANKNIFTY26SEP58200CE,602.00,834.50,602.00,738.20,740.00,591.75,57783.75,738.20,127350,61470,17999,31835684863.50,13978,F1,30,,,,,
2026-08-26,2026-08-26,FO,NSE,IDO,69793,,BANKNIFTY,,2026-09-29,2026-09-29,56100.00,CE,BANKNIFTY26SEP56100CE,2174.05,2317.30,2174.05,2249.65,2249.65,1920.30,57783.75,2630.13,300,210,12,21018429.00,7,F1,30,,,,,
2026-08-26,2026-08-26,FO,NSE,IDO,69785,,BANKNIFTY,,2026-09-29,2026-09-29,55900.00,CE,BANKNIFTY26SEP55900CE,0.00,0.00,0.00,2144.95,2144.95,2144.95,57783.75,2775.48,330,0,0,0.00,0,F1,30,,,,,
2026-08-26,2026-08-26,FO,NSE,IDO,52297,,BANKNIFTY,,2026-09-29,2026-09-29,55500.00,CE,BANKNIFTY26SEP55500CE,2589.70,2940.00,2589.70,2802.40,2785.15,2453.60,57783.75,2802.40,13620,1230,238,416712610.50,208,F1,30,,,,,
2026-08-26,2026-08-26,FO,NSE,IDO,69667,,BANKNIFTY,,2026-09-29,2026-09-29,52000.00,PE,BANKNIFTY26SEP52000PE,27.75,27.75,18.70,19.45,19.95,27.05,57783.75,19.45,306030,76800,10837,16912584028.50,5385,F1,30,,,,,
2026-08-26,2026-08-26,FO,NSE,IDO,69673,,BANKNIFTY,,2026-09-29,2026-09-29,52300.00,PE,BANKNIFTY26SEP52300PE,0.00,0.00,0.00,437.60,0.00,437.60,57783.75,58.13,0,0,0,0.00,0,F1,30,,,,,
2026-08-26,2026-08-26,FO,NSE,IDO,69681,,BANKNIFTY,,2026-09-29,2026-09-29,52800.00,PE,BANKNIFTY26SEP52800PE,0.00,0.00,0.00,521.75,0.00,521.75,57783.75,84.66,0,0,0,0.00,0,F1,30,,,,,
2026-08-26,2026-08-26,FO,NSE,IDO,69693,,BANKNIFTY,,2026-09-29,2026-09-29,53400.00,PE,BANKNIFTY26SEP53400PE,0.00,0.00,0.00,638.15,0.00,638.15,57783.75,129.09,0,0,0,0.00,0,F1,30,,,,,
2026-08-26,2026-08-26,FO,NSE,IDO,52335,,BANKNIFTY,,2026-09-29,2026-09-29,57000.00,PE,BANKNIFTY26SEP57000PE,430.00,444.95,292.15,309.50,305.65,461.20,57783.75,309.50,657060,42510,37218,63993626163.00,24079,F1,30,,,,,
2026-08-26,2026-08-26,FO,NSE,IDO,69821,,BANKNIFTY,,2026-09-29,2026-09-29,57400.00,PE,BANKNIFTY26SEP57400PE,512.15,512.15,388.95,415.50,415.00,612.30,57783.75,415.50,304230,-32640,16593,28783409181.00,12188,F1,30,,,,,
2026-08-26,2026-08-26,FO,NSE,IDO,69916,,BANKNIFTY,,2026-09-29,2026-09-29,59300.00,PE,BANKNIFTY26SEP59300PE,1301.90,1335.00,1301.90,1330.00,1330.00,1737.85,57783.75,2079.45,690,90,7,12730009.50,6,F1,30,,,,,
2026-08-26,2026-08-26,FO,NSE,IDO,69945,,BANKNIFTY,,2026-09-29,2026-09-29,59500.00,PE,BANKNIFTY26SEP59500PE,1667.25,1667.25,1411.00,1509.35,1510.00,1897.60,57783.75,1509.35,35400,5460,767,1403326405.50,492,F1,30,,,,,
2026-08-26,2026-08-26,FO,NSE,IDO,70034,,BANKNIFTY,,2026-09-29,2026-09-29,61200.00,PE,BANKNIFTY26SEP61200PE,0.00,0.00,0.00,4076.75,0.00,4076.75,57783.75,3454.02,0,0,0,0.00,0,F1,30,,,,,
2026-08-26,2026-08-26,FO,NSE,IDO,70090,,BANKNIFTY,,2026-09-29,2026-09-29,62600.00,PE,BANKNIFTY26SEP62600PE,0.00,0.00,0.00,5077.95,0.00,5077.95,57783.75,4640.04,0,0,0,0.00,0,F1,30,,,,,
2026-08-26,2026-08-26,FO,NSE,IDO,70094,,BANKNIFTY,,2026-09-29,2026-09-29,62800.00,PE,BANKNIFTY26SEP62800PE,0.00,0.00,0.00,5228.65,0.00,5228.65,57783.75,4818.23,0,0,0,0.00,0,F1,30,,,,,
2026-08-26,2026-08-26,FO,NSE,IDO,52405,,BANKNIFTY,,2026-09-29,2026-09-29,63000.00,PE,BANKNIFTY26SEP63000PE,4844.65,4844.65,4650.00,4771.60,4772.00,5156.05,57783.75,4771.60,47520,120,57,115867528.50,38,F1,30,,,,,
2026-08-26,2026-08-26,FO,NSE,IDO,70108,,BANKNIFTY,,2026-09-29,2026-09-29,63600.00,PE,BANKNIFTY26SEP63600PE,0.00,0.00,0.00,5845.90,0.00,5845.90,57783.75,5547.71,0,0,0,0.00,0,F1,30,,,,,
2026-08-26,2026-08-26,FO,NSE,IDO,70247,,BANKNIFTY,,2026-09-29,2026-09-29,65500.00,PE,BANKNIFTY26SEP65500PE,0.00,0.00,0.00,7415.10,0.00,7415.10,57783.75,7355.07,0,0,0,0.00,0,F1,30,,,,,
2026-08-26,2026-08-26,FO,NSE,IDO,49362,,BANKNIFTY,,2026-10-27,2026-10-27,51700.00,PE,BANKNIFTY26OCT51700PE,0.00,0.00,0.00,435.80,0.00,435.80,57783.75,139.53,0,0,0,0.00,0,F1,30,,,,,
2026-08-26,2026-08-26,FO,NSE,IDO,49366,,BANKNIFTY,,2026-10-27,2026-10-27,51900.00,PE,BANKNIFTY26OCT51900PE,0.00,0.00,0.00,468.65,0.00,468.65,57783.75,155.19,0,0,0,0.00,0,F1,30,,,,,
2026-08-26,2026-08-26,FO,NSE,IDO,49390,,BANKNIFTY,,2026-10-27,2026-10-27,53100.00,PE,BANKNIFTY26OCT53100PE,0.00,0.00,0.00,706.45,0.00,706.45,57783.75,281.56,0,0,0,0.00,0,F1,30,,,,,
2026-08-26,2026-08-26,FO,NSE,IDO,49406,,BANKNIFTY,,2026-10-27,2026-10-27,53600.00,PE,BANKNIFTY26OCT53600PE,0.00,0.00,0.00,829.85,0.00,829.85,57783.75,353.57,0,0,0,0.00,0,F1,30,,,,,
2026-08-26,2026-08-26,FO,NSE,IDO,49424,,BANKNIFTY,,2026-10-27,2026-10-27,54400.00,PE,BANKNIFTY26OCT54400PE,0.00,0.00,0.00,1051.20,0.00,1051.20,57783.75,497.28,0,0,0,0.00,0,F1,30,,,,,
2026-08-26,2026-08-26,FO,NSE,IDO,49447,,BANKNIFTY,,2026-10-27,2026-10-27,55200.00,PE,BANKNIFTY26OCT55200PE,0.00,0.00,0.00,1314.65,0.00,1314.65,57783.75,682.87,0,0,0,0.00,0,F1,30,,,,,
2026-08-26,2026-08-26,FO,NSE,IDO,49580,,BANKNIFTY,,2026-10-27,2026-10-27,60300.00,PE,BANKNIFTY26OCT60300PE,0.00,0.00,0.00,2393.10,2393.10,2393.10,57783.75,3002.65,90,0,0,0.00,0,F1,30,,,,,
2026-08-26,2026-08-26,FO,NSE,IDO,49644,,BANKNIFTY,,2026-10-27,2026-10-27,62800.00,PE,BANKNIFTY26OCT62800PE,0.00,0.00,0.00,5814.90,0.00,5814.90,57783.75,4848.00,0,0,0,0.00,0,F1,30,,,,,
2026-08-26,2026-08-26,FO,NSE,IDO,49664,,BANKNIFTY,,2026-10-27,2026-10-27,63700.00,PE,BANKNIFTY26OCT63700PE,0.00,0.00,0.00,6548.35,0.00,6548.35,57783.75,5596.16,0,0,0,0.00,0,F1,30,,,,,
2026-08-26,2026-08-26,FO,NSE,IDO,62100,,BANKNIFTY,,2026-11-23,2026-11-23,53100.00,PE,BANKNIFTY26NOV53100PE,0.00,0.00,0.00,507.60,0.00,507.60,57783.75,444.52,0,0,0,0.00,0,F1,30,,,,,
2026-08-26,2026-08-26,FO,NSE,IDO,62142,,BANKNIFTY,,2026-11-23,2026-11-23,54300.00,PE,BANKNIFTY26NOV54300PE,0.00,0.00,0.00,763.95,0.00,763.95,57783.75,678.55,0,0,0,0.00,0,F1,30,,,,,
2026-08-26,2026-08-26,FO,NSE,IDO,62144,,BANKNIFTY,,2026-11-23,2026-11-23,54400.00,PE,BANKNIFTY26NOV54400PE,0.00,0.00,0.00,791.00,0.00,791.00,57783.75,701.48,0,0,0,0.00,0,F1,30,,,,,
2026-08-26,2026-08-26,FO,NSE,IDO,62150,,BANKNIFTY,,2026-11-23,2026-11-23,54700.00,PE,BANKNIFTY26NOV54700PE,0.00,0.00,0.00,868.90,0.00,868.90,57783.75,773.66,0,0,0,0.00,0,F1,30,,,,,
2026-08-26,2026-08-26,FO,NSE,IDO,62204,,BANKNIFTY,,2026-11-23,2026-11-23,56800.00,PE,BANKNIFTY26NOV56800PE,0.00,0.00,0.00,1572.75,0.00,1572.75,57783.75,1432.26,0,0,0,0.00,0,F1,30,,,,,
2026-08-26,2026-08-26,FO,NSE,IDO,62218,,BANKNIFTY,,2026-11-23,2026-11-23,57500.00,PE,BANKNIFTY26NOV57500PE,0.00,0.00,0.00,1873.00,0.00,1873.00,57783.75,1716.11,0,0,0,0.00,0,F1,30,,,,,
2026-08-26,2026-08-26,FO,NSE,IDO,62249,,BANKNIFTY,,2026-11-23,2026-11-23,58100.00,PE,BANKNIFTY26NOV58100PE,0.00,0.00,0.00,2156.60,0.00,2156.60,57783.75,1985.87,0,0,0,0.00,0,F1,30,,,,,
2026-08-26,2026-08-26,FO,NSE,IDO,62272,,BANKNIFTY,,2026-11-23,2026-11-23,58800.00,PE,BANKNIFTY26NOV58800PE,0.00,0.00,0.00,2518.35,0.00,2518.35,57783.75,2331.23,0,0,0,0.00,0,F1,30,,,,,
2026-08-26,2026-08-26,FO,NSE,IDO,62286,,BANKNIFTY,,2026-11-23,2026-11-23,59300.00,PE,BANKNIFTY26NOV59300PE,0.00,0.00,0.00,2796.65,0.00,2796.65,57783.75,2598.25,0,0,0,0.00,0,F1,30,,,,,
2026-08-26,2026-08-26,FO,NSE,IDO,62292,,BANKNIFTY,,2026-11-23,2026-11-23,59500.00,PE,BANKNIFTY26NOV59500PE,0.00,0.00,0.00,2912.55,0.00,2912.55,57783.75,2709.69,0,0,0,0.00,0,F1,30,,,,,
2026-08-26,2026-08-26,FO,NSE,IDO,62415,,BANKNIFTY,,2026-11-23,2026-11-23,61700.00,PE,BANKNIFTY26NOV61700PE,0.00,0.00,0.00,4348.55,0.00,4348.55,57783.75,4101.15,0,0,0,0.00,0,F1,30,,,,,
2026-08-26,2026-08-26,FO,NSE,IDO,49435,,BANKNIFTY,,2026-10-27,2026-10-27,54900.00,CE,BANKNIFTY26OCT54900CE,0.00,0.00,0.00,3891.30,0.00,3891.30,57783.75,4098.16,0,0,0,0.00,0,F1,30,,,,,
2026-08-26,2026-08-26,FO,NSE,IDO,49465,,BANKNIFTY,,2026-10-27,2026-10-27,55900.00,CE,BANKNIFTY26OCT55900CE,0.00,0.00,0.00,3273.80,0.00,3273.80,57783.75,3379.43,0,0,0,0.00,0,F1,30,,,,,
2026-08-26,2026-08-26,FO,NSE,IDO,49467,,BANKNIFTY,,2026-10-27,2026-10-27,56000.00,CE,BANKNIFTY26OCT56000CE,2675.85,2883.95,2675.85,2770.00,2770.00,2442.50,57783.75,2770.00,4770,690,38,67021033.50,32,F1,30,,,,,
2026-08-26,2026-08-26,FO,NSE,IDO,49594,,BANKNIFTY,,2026-10-27,2026-10-27,60900.00,PE,BANKNIFTY26OCT60900PE,0.00,0.00,0.00,4379.15,0.00,4379.15,57783.75,3409.00,0,0,0,0.00,0,F1,30,,,,,
2026-08-26,2026-08-26,FO,NSE,IDO,49616,,BANKNIFTY,,2026-10-27,2026-10-27,61800.00,PE,BANKNIFTY26OCT61800PE,0.00,0.00,0.00,5040.70,0.00,5040.70,57783.75,4066.52,0,0,0,0.00,0,F1,30,,,,,
2026-08-26,2026-08-26,FO,NSE,IDO,49654,,BANKNIFTY,,2026-10-27,2026-10-27,63300.00,PE,BANKNIFTY26OCT63300PE,0.00,0.00,0.00,6218.60,0.00,6218.60,57783.75,5259.10,0,0,0,0.00,0,F1,30,,,,,
2026-08-26,2026-08-26,FO,NSE,IDO,62094,,BANKNIFTY,,2026-11-23,2026-11-23,52800.00,PE,BANKNIFTY26NOV52800PE,0.00,0.00,0.00,455.05,0.00,455.05,57783.75,397.03,0,0,0,0.00,0,F1,30,,,,,
2026-08-26,2026-08-26,FO,NSE,IDO,62098,,BANKNIFTY,,2026-11-23,2026-11-23,53000.00,PE,BANKNIFTY26NOV53000PE,0.00,0.00,0.00,489.60,0.00,489.60,57783.75,428.23,0,0,0,0.00,0,F1,30,,,,,
2026-08-26,2026-08-26,FO,NSE,IDO,62184,,BANKNIFTY,,2026-11-23,2026-11-23,56000.00,PE,BANKNIFTY26NOV56000PE,0.00,0.00,0.00,1269.90,0.00,1269.90,57783.75,1147.87,0,0,0,0.00,0,F1,30,,,,,
2026-08-26,2026-08-26,FO,NSE,IDO,49473,,BANKNIFTY,,2026-10-27,2026-10-27,56300.00,CE,BANKNIFTY26OCT56300CE,0.00,0.00,0.00,3044.95,0.00,3044.95,57783.75,3112.99,0,0,0,0.00,0,F1,30,,,,,
2026-08-26,2026-08-26,FO,NSE,IDO,49493,,BANKNIFTY,,2026-10-27,2026-10-27,56900.00,CE,BANKNIFTY26OCT56900CE,0.00,0.00,0.00,2721.50,0.00,2721.50,57783.75,2736.79,0,0,0,0.00,0,F1,30,,,,,
2026-08-26,2026-08-26,FO,NSE,IDO,49533,,BANKNIFTY,,2026-10-27,2026-10-27,58600.00,CE,BANKNIFTY26OCT58600CE,0.00,0.00,0.00,1932.80,0.00,1932.80,57783.75,1829.12,0,0,0,0.00,0,F1,30,,,,,
2026-08-26,2026-08-26,FO,NSE,IDO,49547,,BANKNIFTY,,2026-10-27,2026-10-27,59100.00,CE,BANKNIFTY26OCT59100CE,0.00,0.00,0.00,1735.95,0.00,1735.95,57783.75,1607.01,0,0,0,0.00,0,F1,30,,,,,
2026-08-26,2026-08-26,FO,NSE,IDO,62486,,BANKNIFTY,,2026-11-23,2026-11-23,62400.00,PE,BANKNIFTY26NOV62400PE,0.00,0.00,0.00,4865.10,0.00,4865.10,57783.75,4605.03,0,0,0,0.00,0,F1,30,,,,,
2026-08-26,2026-08-26,FO,NSE,IDO,62667,,BANKNIFTY,,2026-11-23,2026-11-23,64500.00,PE,BANKNIFTY26NOV64500PE,0.00,0.00,0.00,6538.30,0.00,6538.30,57783.75,6248.61,0,0,0,0.00,0,F1,30,,,,,
2026-08-26,2026-08-26,FO,NSE,IDO,49540,,BANKNIFTY,,2026-10-27,2026-10-27,58700.00,PE,BANKNIFTY26OCT58700PE,1083.60,1089.60,1059.60,1089.60,1089.60,1368.10,57783.75,2049.86,840,120,4,7173174.00,4,F1,30,,,,,
2026-08-26,2026-08-26,FO,NSE,IDO,49530,,BANKNIFTY,,2026-10-27,2026-10-27,58400.00,PE,BANKNIFTY26OCT58400PE,943.15,951.20,911.95,938.70,944.05,1161.65,57783.75,938.70,1200,570,30,53400744.00,29,F1,30,,,,,
2026-08-26,2026-08-26,FO,NSE,IDO,49521,,BANKNIFTY,,2026-10-27,2026-10-27,58000.00,PE,BANKNIFTY26OCT58000PE,1088.00,1088.00,736.55,771.70,770.00,987.80,57783.75,771.70,122250,10770,1491,2629056133.50,1105,F1,30,,,,,
2026-08-26,2026-08-26,FO,NSE,IDO,49500,,BANKNIFTY,,2026-10-27,2026-10-27,57200.00,PE,BANKNIFTY26OCT57200PE,0.00,0.00,0.00,2153.95,0.00,2153.95,57783.75,1342.87,0,0,0,0.00,0,F1,30,,,,,
2026-08-26,2026-08-26,FO,NSE,IDO,49496,,BANKNIFTY,,2026-10-27,2026-10-27,57000.00,PE,BANKNIFTY26OCT57000PE,552.55,552.55,444.00,454.40,456.55,610.50,57783.75,454.40,106050,3750,1205,2077343548.50,853,F1,30,,,,,
2026-08-26,2026-08-26,FO,NSE,IDO,49456,,BANKNIFTY,,2026-10-27,2026-10-27,55400.00,PE,BANKNIFTY26OCT55400PE,0.00,0.00,0.00,1386.80,0.00,1386.80,57783.75,735.22,0,0,0,0.00,0,F1,30,,,,,
2026-08-26,2026-08-26,FO,NSE,IDO,49432,,BANKNIFTY,,2026-10-27,2026-10-27,54700.00,PE,BANKNIFTY26OCT54700PE,0.00,0.00,0.00,1145.30,0.00,1145.30,57783.75,561.15,0,0,0,0.00,0,F1,30,,,,,
2026-08-26,2026-08-26,FO,NSE,IDO,49410,,BANKNIFTY,,2026-10-27,2026-10-27,53700.00,PE,BANKNIFTY26OCT53700PE,0.00,0.00,0.00,855.70,0.00,855.70,57783.75,369.54,0,0,0,0.00,0,F1,30,,,,,
2026-08-26,2026-08-26,FO,NSE,IDO,49396,,BANKNIFTY,,2026-10-27,2026-10-27,53300.00,PE,BANKNIFTY26OCT53300PE,0.00,0.00,0.00,753.35,0.00,753.35,57783.75,308.84,0,0,0,0.00,0,F1,30,,,,,
2026-08-26,2026-08-26,FO,NSE,IDO,49388,,BANKNIFTY,,2026-10-27,2026-10-27,53000.00,PE,BANKNIFTY26OCT53000PE,0.00,0.00,0.00,683.80,0.00,683.80,57783.75,268.64,0,0,0,0.00,0,F1,30,,,,,
2026-08-26,2026-08-26,FO,NSE,IDO,49384,,BANKNIFTY,,2026-10-27,2026-10-27,52800.00,PE,BANKNIFTY26OCT52800PE,0.00,0.00,0.00,640.15,0.00,640.15,57783.75,244.22,0,0,0,0.00,0,F1,30,,,,,
2026-08-26,2026-08-26,FO,NSE,IDO,49374,,BANKNIFTY,,2026-10-27,2026-10-27,52300.00,PE,BANKNIFTY26OCT52300PE,0.00,0.00,0.00,539.95,0.00,539.95,57783.75,190.79,0,0,0,0.00,0,F1,30,,,,,
2026-08-26,2026-08-26,FO,NSE,IDO,49340,,BANKNIFTY,,2026-10-27,2026-10-27,51000.00,PE,BANKNIFTY26OCT51000PE,0.00,0.00,0.00,334.45,0.00,334.45,57783.75,94.55,0,0,0,0.00,0,F1,30,,,,,
2026-08-26,2026-08-26,FO,NSE,IDO,70030,,BANKNIFTY,,2026-09-29,2026-09-29,61000.00,PE,BANKNIFTY26SEP61000PE,2897.15,2897.15,2682.00,2811.90,2825.00,3205.35,57783.75,2811.90,63300,-570,484,925916856.00,268,F1,30,,,,,
2026-08-26,2026-08-26,FO,NSE,IDO,69829,,BANKNIFTY,,2026-09-29,2026-09-29,57800.00,PE,BANKNIFTY26SEP57800PE,710.00,710.00,509.00,549.60,548.10,776.10,57783.75,549.60,181050,89940,46547,81492987421.50,32518,F1,30,,,,,
2026-08-26,2026-08-26,FO,NSE,IDO,52285,,BANKNIFTY,,2026-09-29,2026-09-29,52500.00,PE,BANKNIFTY26SEP52500PE,30.30,30.30,21.55,22.20,21.55,30.30,57783.75,22.20,70770,24570,4812,7582321692.00,2625,F1,30,,,,,
2026-08-26,2026-08-26,FO,NSE,IDO,69547,,BANKNIFTY,,2026-09-29,2026-09-29,49000.00,PE,BANKNIFTY26SEP49000PE,12.75,18.95,11.35,12.50,11.35,12.95,57783.75,12.50,42900,37170,4970,7307823567.00,2525,F1,30,,,,,
2026-08-26,2026-08-26,FO,NSE,IDO,62461,,BANKNIFTY,,2026-11-23,2026-11-23,62100.00,CE,BANKNIFTY26NOV62100CE,0.00,0.00,0.00,978.20,0.00,978.20,57783.75,1052.15,0,0,0,0.00,0,F1,30,,,,,
2026-08-26,2026-08-26,FO,NSE,IDO,62350,,BANKNIFTY,,2026-11-23,2026-11-23,61400.00,CE,BANKNIFTY26NOV61400CE,0.00,0.00,0.00,1162.60,0.00,1162.60,57783.75,1251.02,0,0,0,0.00,0,F1,30,,,,,
2026-08-26,2026-08-26,FO,NSE,IDO,62311,,BANKNIFTY,,2026-11-23,2026-11-23,60400.00,CE,BANKNIFTY26NOV60400CE,0.00,0.00,0.00,1476.70,0.00,1476.70,57783.75,1583.88,0,0,0,0.00,0,F1,30,,,,,
2026-08-26,2026-08-26,FO,NSE,IDO,62209,,BANKNIFTY,,2026-11-23,2026-11-23,57100.00,CE,BANKNIFTY26NOV57100CE,0.00,0.00,0.00,2959.85,0.00,2959.85,57783.75,3138.32,0,0,0,0.00,0,F1,30,,,,,
2026-08-26,2026-08-26,FO,NSE,IDO,62189,,BANKNIFTY,,2026-11-23,2026-11-23,56300.00,CE,BANKNIFTY26NOV56300CE,0.00,0.00,0.00,3429.05,0.00,3429.05,57783.75,3625.38,0,0,0,0.00,0,F1,30,,,,,
2026-08-26,2026-08-26,FO,NSE,IDO,62143,,BANKNIFTY,,2026-11-23,2026-11-23,54400.00,CE,BANKNIFTY26NOV54400CE,0.00,0.00,0.00,4713.35,0.00,4713.35,57783.75,4947.17,0,0,0,0.00,0,F1,30,,,,,
2026-08-26,2026-08-26,FO,NSE,IDO,62077,,BANKNIFTY,,2026-11-23,2026-11-23,52000.00,CE,BANKNIFTY26NOV52000CE,0.00,0.00,0.00,6621.85,0.00,6621.85,57783.75,6896.98,0,0,0,0.00,0,F1,30,,,,,
2026-08-26,2026-08-26,FO,NSE,IDO,49625,,BANKNIFTY,,2026-10-27,2026-10-27,62300.00,CE,BANKNIFTY26OCT62300CE,0.00,0.00,0.00,812.65,0.00,812.65,57783.75,622.42,0,0,0,0.00,0,F1,30,,,,,
2026-08-26,2026-08-26,FO,NSE,IDO,49587,,BANKNIFTY,,2026-10-27,2026-10-27,60700.00,CE,BANKNIFTY26OCT60700CE,0.00,0.00,0.00,1205.70,0.00,1205.70,57783.75,1026.12,0,0,0,0.00,0,F1,30,,,,,
2026-08-26,2026-08-26,FO,NSE,IDO,49558,,BANKNIFTY,,2026-10-27,2026-10-27,59400.00,CE,BANKNIFTY26OCT59400CE,0.00,0.00,0.00,1625.20,0.00,1625.20,57783.75,1483.30,0,0,0,0.00,0,F1,30,,,,,
2026-08-26,2026-08-26,FO,NSE,IDO,49525,,BANKNIFTY,,2026-10-27,2026-10-27,58200.00,CE,BANKNIFTY26OCT58200CE,1214.70,1290.80,1198.00,1198.00,1198.00,1285.85,57783.75,1198.00,1050,750,28,49917942.00,28,F1,30,,,,,
2026-08-26,2026-08-26,FO,NSE,IDO,49481,,BANKNIFTY,,2026-10-27,2026-10-27,56600.00,CE,BANKNIFTY26OCT56600CE,0.00,0.00,0.00,2880.25,0.00,2880.25,57783.75,2921.32,0,0,0,0.00,0,F1,30,,,,,
2026-08-26,2026-08-26,FO,NSE,IDO,49479,,BANKNIFTY,,2026-10-27,2026-10-27,56500.00,CE,BANKNIFTY26OCT56500CE,2405.00,2405.00,2405.00,2405.00,2405.00,2100.15,57783.75,2984.42,720,30,1,1767150.00,1,F1,30,,,,,
2026-08-26,2026-08-26,FO,NSE,IDO,49459,,BANKNIFTY,,2026-10-27,2026-10-27,55600.00,CE,BANKNIFTY26OCT55600CE,0.00,0.00,0.00,3452.25,0.00,3452.25,57783.75,3587.20,0,0,0,0.00,0,F1,30,,,,,
2026-08-26,2026-08-26,FO,NSE,IDO,52270,,BANKNIFTY,,2026-09-29,2026-09-29,46500.00,CE,BANKNIFTY26SEP46500CE,0.00,0.00,0.00,11298.00,0.00,11298.00,57783.75,11566.70,0,0,0,0.00,0,F1,30,,,,,
2026-08-26,2026-08-26,FO,NSE,IDO,69799,,BANKNIFTY,,2026-09-29,2026-09-29,56400.00,CE,BANKNIFTY26SEP56400CE,2050.00,2066.25,1985.95,1995.30,1995.30,1691.90,57783.75,1995.30,720,-90,7,12266925.00,7,F1,30,,,,,
2026-08-26,2026-08-26,FO,NSE,IDO,69815,,BANKNIFTY,,2026-09-29,2026-09-29,57200.00,CE,BANKNIFTY26SEP57200CE,1224.95,1496.65,1224.95,1367.00,1367.00,1135.50,57783.75,1367.00,30270,-1350,1166,2049425944.50,880,F1,30,,,,,
2026-08-26,2026-08-26,FO,NSE,IDO,62093,,BANKNIFTY,,2026-11-23,2026-11-23,52800.00,CE,BANKNIFTY26NOV52800CE,0.00,0.00,0.00,5953.65,0.00,5953.65,57783.75,6217.36,0,0,0,0.00,0,F1,30,,,,,
2026-08-26,2026-08-26,FO,NSE,IDO,62035,,BANKNIFTY,,2026-11-23,2026-11-23,51000.00,CE,BANKNIFTY26NOV51000CE,0.00,0.00,0.00,7493.35,0.00,7493.35,57783.75,7780.35,0,0,0,0.00,0,F1,30,,,,,
2026-08-26,2026-08-26,FO,NSE,IDO,49645,,BANKNIFTY,,2026-10-27,2026-10-27,62900.00,CE,BANKNIFTY26OCT62900CE,0.00,0.00,0.00,695.15,0.00,695.15,57783.75,508.96,0,0,0,0.00,0,F1,30,,,,,
2026-08-26,2026-08-26,FO,NSE,IDO,62159,,BANKNIFTY,,2026-11-23,2026-11-23,55200.00,CE,BANKNIFTY26NOV55200CE,0.00,0.00,0.00,4143.20,0.00,4143.20,57783.75,4365.50,0,0,0,0.00,0,F1,30,,,,,
2026-08-26,2026-08-26,FO,NSE,IDO,62163,,BANKNIFTY,,2026-11-23,2026-11-23,55400.00,CE,BANKNIFTY26NOV55400CE,0.00,0.00,0.00,4007.55,0.00,4007.55,57783.75,4223.27,0,0,0,0.00,0,F1,30,,,,,
2026-08-26,2026-08-26,FO,NSE,IDO,62191,,BANKNIFTY,,2026-11-23,2026-11-23,56400.00,CE,BANKNIFTY26NOV56400CE,0.00,0.00,0.00,3368.10,0.00,3368.10,57783.75,3562.17,0,0,0,0.00,0,F1,30,,,,,
2026-08-26,2026-08-26,FO,NSE,IDO,49615,,BANKNIFTY,,2026-10-27,2026-10-27,61800.00,CE,BANKNIFTY26OCT61800CE,0.00,0.00,0.00,924.50,0.00,924.50,57783.75,734.05,0,0,0,0.00,0,F1,30,,,,,
2026-08-26,2026-08-26,FO,NSE,IDO,62201,,BANKNIFTY,,2026-11-23,2026-11-23,56700.00,CE,BANKNIFTY26NOV56700CE,0.00,0.00,0.00,3189.10,0.00,3189.10,57783.75,3376.52,0,0,0,0.00,0,F1,30,,,,,
2026-08-26,2026-08-26,FO,NSE,IDO,62285,,BANKNIFTY,,2026-11-23,2026-11-23,59300.00,CE,BANKNIFTY26NOV59300CE,0.00,0.00,0.00,1891.80,0.00,1891.80,57783.75,2021.57,0,0,0,0.00,0,F1,30,,,,,
2026-08-26,2026-08-26,FO,NSE,IDO,62297,,BANKNIFTY,,2026-11-23,2026-11-23,59800.00,CE,BANKNIFTY26NOV59800CE,0.00,0.00,0.00,1693.70,0.00,1693.70,57783.75,1812.99,0,0,0,0.00,0,F1,30,,,,,
2026-08-26,2026-08-26,FO,NSE,IDO,69776,,BANKNIFTY,,2026-09-29,2026-09-29,55300.00,PE,BANKNIFTY26SEP55300PE,0.00,0.00,0.00,1131.30,0.00,1131.30,57783.75,404.92,0,0,0,0.00,0,F1,30,,,,,
2026-08-26,2026-08-26,FO,NSE,IDO,52287,,BANKNIFTY,,2026-09-29,2026-09-29,54000.00,PE,BANKNIFTY26SEP54000PE,50.05,50.90,37.20,38.90,39.00,63.40,57783.75,38.90,515520,78690,29157,47271246177.00,14182,F1,30,,,,,
2026-08-26,2026-08-26,FO,NSE,IDO,69661,,BANKNIFTY,,2026-09-29,2026-09-29,51700.00,PE,BANKNIFTY26SEP51700PE,0.00,0.00,0.00,350.75,0.00,350.75,57783.75,35.90,0,0,0,0.00,0,F1,30,,,,,
2026-08-26,2026-08-26,FO,NSE,IDO,69604,,BANKNIFTY,,2026-09-29,2026-09-29,50500.00,PE,BANKNIFTY26SEP50500PE,21.00,21.00,14.70,15.95,16.30,21.60,57783.75,15.95,4920,-7110,1336,2024718181.50,718,F1,30,,,,,
2026-08-26,2026-08-26,FO,NSE,IDO,69761,,BANKNIFTY,,2026-09-29,2026-09-29,54700.00,CE,BANKNIFTY26SEP54700CE,0.00,0.00,0.00,4637.60,0.00,4637.60,57783.75,3707.23,0,0,0,0.00,0,F1,30,,,,,
2026-08-26,2026-08-26,FO,NSE,IDO,52286,,BANKNIFTY,,2026-09-29,2026-09-29,54000.00,CE,BANKNIFTY26SEP54000CE,4055.00,4323.60,4055.00,4227.20,4229.35,3816.35,57783.75,4227.20,65130,30,278,485800794.00,216,F1,30,,,,,
2026-08-26,2026-08-26,FO,NSE,IDO,69678,,BANKNIFTY,,2026-09-29,2026-09-29,52700.00,CE,BANKNIFTY26SEP52700CE,0.00,0.00,0.00,6155.30,0.00,6155.30,57783.75,5482.99,0,0,0,0.00,0,F1,30,,,,,
2026-08-26,2026-08-26,FO,NSE,IDO,69664,,BANKNIFTY,,2026-09-29,2026-09-29,51900.00,CE,BANKNIFTY26SEP51900CE,0.00,0.00,0.00,6817.05,0.00,6817.05,57783.75,6241.77,0,0,0,0.00,0,F1,30,,,,,
2026-08-26,2026-08-26,FO,NSE,IDO,62691,,BANKNIFTY,,2026-11-23,2026-11-23,65000.00,PE,BANKNIFTY26NOV65000PE,0.00,0.00,0.00,6962.20,0.00,6962.20,57783.75,6666.73,0,0,0,0.00,0,F1,30,,,,,
2026-08-26,2026-08-26,FO,NSE,IDO,62421,,BANKNIFTY,,2026-11-23,2026-11-23,61800.00,PE,BANKNIFTY26NOV61800PE,0.00,0.00,0.00,4420.35,0.00,4420.35,57783.75,4171.16,0,0,0,0.00,0,F1,30,,,,,
2026-08-26,2026-08-26,FO,NSE,IDO,62336,,BANKNIFTY,,2026-11-23,2026-11-23,61000.00,PE,BANKNIFTY26NOV61000PE,0.00,0.00,0.00,3860.95,0.00,3860.95,57783.75,3626.79,0,0,0,0.00,0,F1,30,,,,,
2026-08-26,2026-08-26,FO,NSE,IDO,62298,,BANKNIFTY,,2026-11-23,2026-11-23,59800.00,PE,BANKNIFTY26NOV59800PE,0.00,0.00,0.00,3091.15,0.00,3091.15,57783.75,2881.74,0,0,0,0.00,0,F1,30,,,,,
2026-08-26,2026-08-26,FO,NSE,IDO,62296,,BANKNIFTY,,2026-11-23,2026-11-23,59700.00,PE,BANKNIFTY26NOV59700PE,0.00,0.00,0.00,3031.00,0.00,3031.00,57783.75,2823.74,0,0,0,0.00,0,F1,30,,,,,
2026-08-26,2026-08-26,FO,NSE,IDO,62214,,BANKNIFTY,,2026-11-23,2026-11-23,57300.00,PE,BANKNIFTY26NOV57300PE,0.00,0.00,0.00,1783.85,0.00,1783.85,57783.75,1631.63,0,0,0,0.00,0,F1,30,,,,,
2026-08-26,2026-08-26,FO,NSE,IDO,62206,,BANKNIFTY,,2026-11-23,2026-11-23,56900.00,PE,BANKNIFTY26NOV56900PE,0.00,0.00,0.00,1613.65,0.00,1613.65,57783.75,1470.79,0,0,0,0.00,0,F1,30,,,,,
2026-08-26,2026-08-26,FO,NSE,IDO,62194,,BANKNIFTY,,2026-11-23,2026-11-23,56500.00,PE,BANKNIFTY26NOV56500PE,0.00,0.00,0.00,1454.20,0.00,1454.20,57783.75,1320.67,0,0,0,0.00,0,F1,30,,,,,
2026-08-26,2026-08-26,FO,NSE,IDO,62650,,BANKNIFTY,,2026-11-23,2026-11-23,64000.00,CE,BANKNIFTY26NOV64000CE,0.00,0.00,0.00,588.20,0.00,588.20,57783.75,637.58,0,0,0,0.00,0,F1,30,,,,,
2026-08-26,2026-08-26,FO,NSE,IDO,62388,,BANKNIFTY,,2026-11-23,2026-11-23,61600.00,CE,BANKNIFTY26NOV61600CE,0.00,0.00,0.00,1106.55,0.00,1106.55,57783.75,1191.44,0,0,0,0.00,0,F1,30,,,,,
2026-08-26,2026-08-26,FO,NSE,IDO,62323,,BANKNIFTY,,2026-11-23,2026-11-23,60800.00,CE,BANKNIFTY26NOV60800CE,0.00,0.00,0.00,1344.15,0.00,1344.15,57783.75,1443.57,0,0,0,0.00,0,F1,30,,,,,
2026-08-26,2026-08-26,FO,NSE,IDO,49600,,BANKNIFTY,,2026-10-27,2026-10-27,61200.00,PE,BANKNIFTY26OCT61200PE,0.00,0.00,0.00,4594.15,0.00,4594.15,57783.75,3621.40,0,0,0,0.00,0,F1,30,,,,,
2026-08-26,2026-08-26,FO,NSE,IDO,69663,,BANKNIFTY,,2026-09-29,2026-09-29,51800.00,PE,BANKNIFTY26SEP51800PE,0.00,0.00,0.00,364.20,0.00,364.20,57783.75,39.00,0,0,0,0.00,0,F1,30,,,,,
2026-08-26,2026-08-26,FO,NSE,IDO,62277,,BANKNIFTY,,2026-11-23,2026-11-23,59100.00,CE,BANKNIFTY26NOV59100CE,0.00,0.00,0.00,1975.55,0.00,1975.55,57783.75,2109.60,0,0,0,0.00,0,F1,30,,,,,
2026-08-26,2026-08-26,FO,NSE,IDO,62265,,BANKNIFTY,,2026-11-23,2026-11-23,58500.00,CE,BANKNIFTY26NOV58500CE,0.00,0.00,0.00,2242.55,0.00,2242.55,57783.75,2389.71,0,0,0,0.00,0,F1,30,,,,,
2026-08-26,2026-08-26,FO,NSE,IDO,62254,,BANKNIFTY,,2026-11-23,2026-11-23,58400.00,CE,BANKNIFTY26NOV58400CE,0.00,0.00,0.00,2289.40,0.00,2289.40,57783.75,2438.98,0,0,0,0.00,0,F1,30,,,,,
2026-08-26,2026-08-26,FO,NSE,IDO,62213,,BANKNIFTY,,2026-11-23,2026-11-23,57300.00,CE,BANKNIFTY26NOV57300CE,0.00,0.00,0.00,2849.30,0.00,2849.30,57783.75,3023.27,0,0,0,0.00,0,F1,30,,,,,
2026-08-26,2026-08-26,FO,NSE,IDO,62205,,BANKNIFTY,,2026-11-23,2026-11-23,56900.00,CE,BANKNIFTY26NOV56900CE,0.00,0.00,0.00,3073.10,0.00,3073.10,57783.75,3256.08,0,0,0,0.00,0,F1,30,,,,,
2026-08-26,2026-08-26,FO,NSE,IDO,62141,,BANKNIFTY,,2026-11-23,2026-11-23,54300.00,CE,BANKNIFTY26NOV54300CE,0.00,0.00,0.00,4784.80,0.00,4784.80,57783.75,5022.65,0,0,0,0.00,0,F1,30,,,,,
2026-08-26,2026-08-26,FO,NSE,IDO,62133,,BANKNIFTY,,2026-11-23,2026-11-23,54000.00,CE,BANKNIFTY26NOV54000CE,4850.00,4850.00,4850.00,4850.00,4850.00,5008.95,57783.75,5252.39,30,30,1,1765500.00,1,F1,30,,,,,
2026-08-26,2026-08-26,FO,NSE,IDO,62111,,BANKNIFTY,,2026-11-23,2026-11-23,53500.00,CE,BANKNIFTY26NOV53500CE,0.00,0.00,0.00,5393.55,0.00,5393.55,57783.75,5645.85,0,0,0,0.00,0,F1,30,,,,,
2026-08-26,2026-08-26,FO,NSE,IDO,62021,,BANKNIFTY,,2026-11-23,2026-11-23,50500.00,CE,BANKNIFTY26NOV50500CE,0.00,0.00,0.00,7942.00,0.00,7942.00,57783.75,8233.91,0,0,0,0.00,0,F1,30,,,,,
2026-08-26,2026-08-26,FO,NSE,IDO,49629,,BANKNIFTY,,2026-10-27,2026-10-27,62500.00,CE,BANKNIFTY26OCT62500CE,0.00,0.00,0.00,771.80,0.00,771.80,57783.75,582.52,0,0,0,0.00,0,F1,30,,,,,
2026-08-26,2026-08-26,FO,NSE,IDO,49550,,BANKNIFTY,,2026-10-27,2026-10-27,59200.00,CE,BANKNIFTY26OCT59200CE,0.00,0.00,0.00,1698.45,0.00,1698.45,57783.75,1564.99,0,0,0,0.00,0,F1,30,,,,,
2026-08-26,2026-08-26,FO,NSE,IDO,69823,,BANKNIFTY,,2026-09-29,2026-09-29,57500.00,PE,BANKNIFTY26SEP57500PE,599.95,599.95,416.00,443.35,443.95,640.65,57783.75,443.35,1743210,46470,49658,86331672163.50,33149,F1,30,,,,,
2026-08-26,2026-08-26,FO,NSE,IDO,69846,,BANKNIFTY,,2026-09-29,2026-09-29,58200.00,PE,BANKNIFTY26SEP58200PE,815.00,817.15,665.25,720.10,721.20,974.60,57783.75,720.10,121140,85110,18837,33295559238.00,14247,F1,30,,,,,
2026-08-26,2026-08-26,FO,NSE,IDO,69993,,BANKNIFTY,,2026-09-29,2026-09-29,59600.00,PE,BANKNIFTY26SEP59600PE,1542.00,1612.00,1542.00,1612.00,1612.00,3065.45,57783.75,1612.00,120,120,4,7343166.00,4,F1,30,,,,,
2026-08-26,2026-08-26,FO,NSE,IDO,70003,,BANKNIFTY,,2026-09-29,2026-09-29,59800.00,PE,BANKNIFTY26SEP59800PE,1718.75,1771.00,1706.95,1731.45,1731.45,3183.70,57783.75,2409.11,120,120,4,7383844.50,4,F1,30,,,,,
2026-08-26,2026-08-26,FO,NSE,IDO,70117,,BANKNIFTY,,2026-09-29,2026-09-29,64100.00,CE,BANKNIFTY26SEP64100CE,0.00,0.00,0.00,672.40,0.00,672.40,57783.75,88.57,0,0,0,0.00,0,F1,30,,,,,
2026-08-26,2026-08-26,FO,NSE,IDO,49394,,BANKNIFTY,,2026-10-27,2026-10-27,53300.00,CE,BANKNIFTY26OCT53300CE,0.00,0.00,0.00,5009.50,0.00,5009.50,57783.75,5382.32,0,0,0,0.00,0,F1,30,,,,,
2026-08-26,2026-08-26,FO,NSE,IDO,49417,,BANKNIFTY,,2026-10-27,2026-10-27,54100.00,CE,BANKNIFTY26OCT54100CE,0.00,0.00,0.00,4430.75,0.00,4430.75,57783.75,4721.34,0,0,0,0.00,0,F1,30,,,,,
2026-08-26,2026-08-26,FO,NSE,IDO,49433,,BANKNIFTY,,2026-10-27,2026-10-27,54800.00,CE,BANKNIFTY26OCT54800CE,0.00,0.00,0.00,3956.60,0.00,3956.60,57783.75,4173.81,0,0,0,0.00,0,F1,30,,,,,
2026-08-26,2026-08-26,FO,NSE,IDO,49497,,BANKNIFTY,,2026-10-27,2026-10-27,57100.00,CE,BANKNIFTY26OCT57100CE,2000.00,2005.65,2000.00,2005.50,2005.50,1653.30,57783.75,2617.78,450,210,8,14185162.50,8,F1,30,,,,,
2026-08-26,2026-08-26,FO,NSE,IDO,49503,,BANKNIFTY,,2026-10-27,2026-10-27,57400.00,CE,BANKNIFTY26OCT57400CE,1623.25,1847.35,1623.25,1847.35,1847.35,1474.45,57783.75,2445.37,1620,-30,5,8865414.00,5,F1,30,,,,,
2026-08-26,2026-08-26,FO,NSE,IDO,70046,,BANKNIFTY,,2026-09-29,2026-09-29,61800.00,PE,BANKNIFTY26SEP61800PE,0.00,0.00,0.00,4492.50,0.00,4492.50,57783.75,3947.81,0,0,0,0.00,0,F1,30,,,,,
2026-08-26,2026-08-26,FO,NSE,IDO,70079,,BANKNIFTY,,2026-09-29,2026-09-29,62100.00,PE,BANKNIFTY26SEP62100PE,0.00,0.00,0.00,4707.30,0.00,4707.30,57783.75,4203.26,0,0,0,0.00,0,F1,30,,,,,
2026-08-26,2026-08-26,FO,NSE,IDO,70096,,BANKNIFTY,,2026-09-29,2026-09-29,62900.00,PE,BANKNIFTY26SEP62900PE,0.00,0.00,0.00,5304.65,0.00,5304.65,57783.75,4908.00,0,0,0,0.00,0,F1,30,,,,,
2026-08-26,2026-08-26,FO,NSE,IDO,70102,,BANKNIFTY,,2026-09-29,2026-09-29,63300.00,PE,BANKNIFTY26SEP63300PE,0.00,0.00,0.00,5610.45,0.00,5610.45,57783.75,5271.28,0,0,0,0.00,0,F1,30,,,,,
2026-08-26,2026-08-26,FO,NSE,IDO,69778,,BANKNIFTY,,2026-09-29,2026-09-29,55400.00,PE,BANKNIFTY26SEP55400PE,119.85,119.85,89.80,92.55,92.00,149.85,57783.75,92.55,44190,25740,3478,5790586197.00,2289,F1,30,,,,,
2026-08-26,2026-08-26,FO,NSE,IDO,69709,,BANKNIFTY,,2026-09-29,2026-09-29,54300.00,PE,BANKNIFTY26SEP54300PE,0.00,0.00,0.00,849.15,0.00,849.15,57783.75,229.72,0,0,0,0.00,0,F1,30,,,,,
2026-08-26,2026-08-26,FO,NSE,IDO,69683,,BANKNIFTY,,2026-09-29,2026-09-29,52900.00,PE,BANKNIFTY26SEP52900PE,0.00,0.00,0.00,539.95,0.00,539.95,57783.75,91.03,0,0,0,0.00,0,F1,30,,,,,
2026-08-26,2026-08-26,FO,NSE,IDO,52281,,BANKNIFTY,,2026-09-29,2026-09-29,49500.00,PE,BANKNIFTY26SEP49500PE,13.10,19.50,11.85,14.30,14.20,14.60,57783.75,14.30,29820,4200,1395,2072188372.50,634,F1,30,,,,,
2026-08-26,2026-08-26,FO,NSE,IDO,69692,,BANKNIFTY,,2026-09-29,2026-09-29,53400.00,CE,BANKNIFTY26SEP53400CE,0.00,0.00,0.00,5600.15,0.00,5600.15,57783.75,4837.66,0,0,0,0.00,0,F1,30,,,,,
2026-08-26,2026-08-26,FO,NSE,IDO,69682,,BANKNIFTY,,2026-09-29,2026-09-29,52900.00,CE,BANKNIFTY26SEP52900CE,0.00,0.00,0.00,5994.30,0.00,5994.30,57783.75,5296.56,0,0,0,0.00,0,F1,30,,,,,
2026-08-26,2026-08-26,FO,NSE,IDO,52284,,BANKNIFTY,,2026-09-29,2026-09-29,52500.00,CE,BANKNIFTY26SEP52500CE,0.00,0.00,0.00,5130.00,5130.00,5130.00,57783.75,5670.85,300,0,0,0.00,0,F1,30,,,,,
2026-08-26,2026-08-26,FO,NSE,IDO,69798,,BANKNIFTY,,2026-09-29,2026-09-29,56300.00,PE,BANKNIFTY26SEP56300PE,307.65,323.80,175.85,181.25,180.55,287.85,57783.75,181.25,18360,390,1945,3296142579.00,1253,F1,30,,,,,
2026-08-26,2026-08-26,FO,NSE,IDO,49508,,BANKNIFTY,,2026-10-27,2026-10-27,57600.00,CE,BANKNIFTY26OCT57600CE,0.00,0.00,0.00,1335.25,1348.25,1335.25,57783.75,2334.50,1800,0,0,0.00,0,F1,30,,,,,
2026-08-26,2026-08-26,FO,NSE,IDO,49663,,BANKNIFTY,,2026-10-27,2026-10-27,63700.00,CE,BANKNIFTY26OCT63700CE,0.00,0.00,0.00,560.70,0.00,560.70,57783.75,384.71,0,0,0,0.00,0,F1,30,,,,,
2026-08-26,2026-08-26,FO,NSE,IDO,62307,,BANKNIFTY,,2026-11-23,2026-11-23,60200.00,CE,BANKNIFTY26NOV60200CE,0.00,0.00,0.00,1546.60,0.00,1546.60,57783.75,1657.72,0,0,0,0.00,0,F1,30,,,,,
2026-08-26,2026-08-26,FO,NSE,IDO,62305,,BANKNIFTY,,2026-11-23,2026-11-23,60100.00,CE,BANKNIFTY26NOV60100CE,0.00,0.00,0.00,1582.45,0.00,1582.45,57783.75,1695.59,0,0,0,0.00,0,F1,30,,,,,
2026-08-26,2026-08-26,FO,NSE,IDO,62293,,BANKNIFTY,,2026-11-23,2026-11-23,59600.00,CE,BANKNIFTY26NOV59600CE,0.00,0.00,0.00,1771.05,0.00,1771.05,57783.75,1894.47,0,0,0,0.00,0,F1,30,,,,,
2026-08-26,2026-08-26,FO,NSE,IDO,62281,,BANKNIFTY,,2026-11-23,2026-11-23,59200.00,CE,BANKNIFTY26NOV59200CE,0.00,0.00,0.00,1933.35,0.00,1933.35,57783.75,2065.25,0,0,0,0.00,0,F1,30,,,,,
2026-08-26,2026-08-26,FO,NSE,IDO,62203,,BANKNIFTY,,2026-11-23,2026-11-23,56800.00,CE,BANKNIFTY26NOV56800CE,0.00,0.00,0.00,3130.75,0.00,3130.75,57783.75,3315.97,0,0,0,0.00,0,F1,30,,,,,
2026-08-26,2026-08-26,FO,NSE,IDO,62149,,BANKNIFTY,,2026-11-23,2026-11-23,54700.00,CE,BANKNIFTY26NOV54700CE,0.00,0.00,0.00,4495.70,0.00,4495.70,57783.75,4724.10,0,0,0,0.00,0,F1,30,,,,,
2026-08-26,2026-08-26,FO,NSE,IDO,70098,,BANKNIFTY,,2026-09-29,2026-09-29,63100.00,PE,BANKNIFTY26SEP63100PE,0.00,0.00,0.00,5455.60,0.00,5455.60,57783.75,5088.84,0,0,0,0.00,0,F1,30,,,,,
2026-08-26,2026-08-26,FO,NSE,IDO,52440,,BANKNIFTY,,2026-09-29,2026-09-29,69000.00,PE,BANKNIFTY26SEP69000PE,10600.00,10638.80,10600.00,10638.80,10638.80,11089.25,57783.75,10638.80,2940,90,4,9553164.00,2,F1,30,,,,,
2026-08-26,2026-08-26,FO,NSE,IDO,49386,,BANKNIFTY,,2026-10-27,2026-10-27,52900.00,PE,BANKNIFTY26OCT52900PE,0.00,0.00,0.00,661.70,0.00,661.70,57783.75,256.20,0,0,0,0.00,0,F1,30,,,,,
2026-08-26,2026-08-26,FO,NSE,IDO,49392,,BANKNIFTY,,2026-10-27,2026-10-27,53200.00,PE,BANKNIFTY26OCT53200PE,0.00,0.00,0.00,729.60,0.00,729.60,57783.75,294.95,0,0,0,0.00,0,F1,30,,,,,
2026-08-26,2026-08-26,FO,NSE,IDO,49426,,BANKNIFTY,,2026-10-27,2026-10-27,54500.00,PE,BANKNIFTY26OCT54500PE,0.00,0.00,0.00,1081.95,0.00,1081.95,57783.75,517.93,0,0,0,0.00,0,F1,30,,,,,
2026-08-26,2026-08-26,FO,NSE,IDO,49428,,BANKNIFTY,,2026-10-27,2026-10-27,54600.00,PE,BANKNIFTY26OCT54600PE,0.00,0.00,0.00,1113.35,0.00,1113.35,57783.75,539.22,0,0,0,0.00,0,F1,30,,,,,
2026-08-26,2026-08-26,FO,NSE,IDO,49648,,BANKNIFTY,,2026-10-27,2026-10-27,63000.00,PE,BANKNIFTY26OCT63000PE,0.00,0.00,0.00,5975.20,0.00,5975.20,57783.75,5011.01,0,0,0,0.00,0,F1,30,,,,,
2026-08-26,2026-08-26,FO,NSE,IDO,49667,,BANKNIFTY,,2026-10-27,2026-10-27,63800.00,PE,BANKNIFTY26OCT63800PE,0.00,0.00,0.00,6631.70,0.00,6631.70,57783.75,5681.48,0,0,0,0.00,0,F1,30,,,,,
2026-08-26,2026-08-26,FO,NSE,IDO,62064,,BANKNIFTY,,2026-11-23,2026-11-23,51500.00,PE,BANKNIFTY26NOV51500PE,0.00,0.00,0.00,273.70,0.00,273.70,57783.75,234.66,0,0,0,0.00,0,F1,30,,,,,
2026-08-26,2026-08-26,FO,NSE,IDO,62092,,BANKNIFTY,,2026-11-23,2026-11-23,52700.00,PE,BANKNIFTY26NOV52700PE,0.00,0.00,0.00,438.50,0.00,438.50,57783.75,382.09,0,0,0,0.00,0,F1,30,,,,,
2026-08-26,2026-08-26,FO,NSE,IDO,62096,,BANKNIFTY,,2026-11-23,2026-11-23,52900.00,PE,BANKNIFTY26NOV52900PE,0.00,0.00,0.00,472.10,0.00,472.10,57783.75,412.40,0,0,0,0.00,0,F1,30,,,,,
2026-08-26,2026-08-26,FO,NSE,IDO,62140,,BANKNIFTY,,2026-11-23,2026-11-23,54200.00,PE,BANKNIFTY26NOV54200PE,0.00,0.00,0.00,739.55,0.00,739.55,57783.75,656.17,0,0,0,0.00,0,F1,30,,,,,
2026-08-26,2026-08-26,FO,NSE,IDO,62173,,BANKNIFTY,,2026-11-23,2026-11-23,55600.00,PE,BANKNIFTY26NOV55600PE,0.00,0.00,0.00,1134.30,0.00,1134.30,57783.75,1021.26,0,0,0,0.00,0,F1,30,,,,,
2026-08-26,2026-08-26,FO,NSE,IDO,62175,,BANKNIFTY,,2026-11-23,2026-11-23,55700.00,PE,BANKNIFTY26NOV55700PE,0.00,0.00,0.00,1167.25,0.00,1167.25,57783.75,1051.96,0,0,0,0.00,0,F1,30,,,,,
2026-08-26,2026-08-26,FO,NSE,IDO,62270,,BANKNIFTY,,2026-11-23,2026-11-23,58700.00,PE,BANKNIFTY26NOV58700PE,0.00,0.00,0.00,2464.70,0.00,2464.70,57783.75,2279.84,0,0,0,0.00,0,F1,30,,,,,
2026-08-26,2026-08-26,FO,NSE,IDO,62429,,BANKNIFTY,,2026-11-23,2026-11-23,61900.00,PE,BANKNIFTY26NOV61900PE,0.00,0.00,0.00,4492.70,0.00,4492.70,57783.75,4241.73,0,0,0,0.00,0,F1,30,,,,,
2026-08-26,2026-08-26,FO,NSE,IDO,62337,,BANKNIFTY,,2026-11-23,2026-11-23,61100.00,CE,BANKNIFTY26NOV61100CE,0.00,0.00,0.00,1250.85,0.00,1250.85,57783.75,1344.67,0,0,0,0.00,0,F1,30,,,,,
2026-08-26,2026-08-26,FO,NSE,IDO,62341,,BANKNIFTY,,2026-11-23,2026-11-23,61300.00,CE,BANKNIFTY26NOV61300CE,0.00,0.00,0.00,1191.45,0.00,1191.45,57783.75,1281.66,0,0,0,0.00,0,F1,30,,,,,
2026-08-26,2026-08-26,FO,NSE,IDO,49409,,BANKNIFTY,,2026-10-27,2026-10-27,53700.00,CE,BANKNIFTY26OCT53700CE,0.00,0.00,0.00,4717.85,0.00,4717.85,57783.75,5047.44,0,0,0,0.00,0,F1,30,,,,,
2026-08-26,2026-08-26,FO,NSE,IDO,69659,,BANKNIFTY,,2026-09-29,2026-09-29,51600.00,PE,BANKNIFTY26SEP51600PE,0.00,0.00,0.00,337.70,0.00,337.70,57783.75,33.02,0,0,0,0.00,0,F1,30,,,,,
2026-08-26,2026-08-26,FO,NSE,IDO,69689,,BANKNIFTY,,2026-09-29,2026-09-29,53200.00,PE,BANKNIFTY26SEP53200PE,0.00,0.00,0.00,597.40,0.00,597.40,57783.75,112.55,0,0,0,0.00,0,F1,30,,,,,
2026-08-26,2026-08-26,FO,NSE,IDO,69701,,BANKNIFTY,,2026-09-29,2026-09-29,53800.00,PE,BANKNIFTY26SEP53800PE,0.00,0.00,0.00,725.75,0.00,725.75,57783.75,168.14,0,0,0,0.00,0,F1,30,,,,,
2026-08-26,2026-08-26,FO,NSE,IDO,69707,,BANKNIFTY,,2026-09-29,2026-09-29,54200.00,PE,BANKNIFTY26SEP54200PE,0.00,0.00,0.00,823.90,0.00,823.90,57783.75,216.16,0,0,0,0.00,0,F1,30,,,,,
2026-08-26,2026-08-26,FO,NSE,IDO,69762,,BANKNIFTY,,2026-09-29,2026-09-29,54700.00,PE,BANKNIFTY26SEP54700PE,0.00,0.00,0.00,955.70,0.00,955.70,57783.75,290.75,0,0,0,0.00,0,F1,30,,,,,
2026-08-26,2026-08-26,FO,NSE,IDO,49419,,BANKNIFTY,,2026-10-27,2026-10-27,54200.00,CE,BANKNIFTY26OCT54200CE,0.00,0.00,0.00,3923.80,3923.80,3923.80,57783.75,4641.26,0,0,0,0.00,0,F1,30,,,,,
2026-08-26,2026-08-26,FO,NSE,IDO,49391,,BANKNIFTY,,2026-10-27,2026-10-27,53200.00,CE,BANKNIFTY26OCT53200CE,0.00,0.00,0.00,5084.25,0.00,5084.25,57783.75,5467.33,0,0,0,0.00,0,F1,30,,,,,
2026-08-26,2026-08-26,FO,NSE,IDO,49383,,BANKNIFTY,,2026-10-27,2026-10-27,52800.00,CE,BANKNIFTY26OCT52800CE,0.00,0.00,0.00,5388.75,0.00,5388.75,57783.75,5812.17,0,0,0,0.00,0,F1,30,,,,,
2026-08-26,2026-08-26,FO,NSE,IDO,70119,,BANKNIFTY,,2026-09-29,2026-09-29,64200.00,CE,BANKNIFTY26SEP64200CE,0.00,0.00,0.00,655.15,0.00,655.15,57783.75,83.48,0,0,0,0.00,0,F1,30,,,,,
2026-08-26,2026-08-26,FO,NSE,IDO,70105,,BANKNIFTY,,2026-09-29,2026-09-29,63500.00,CE,BANKNIFTY26SEP63500CE,0.00,0.00,0.00,783.90,0.00,783.90,57783.75,125.22,0,0,0,0.00,0,F1,30,,,,,
2026-08-26,2026-08-26,FO,NSE,IDO,69913,,BANKNIFTY,,2026-09-29,2026-09-29,59300.00,CE,BANKNIFTY26SEP59300CE,351.00,351.00,281.45,295.60,296.65,2045.10,57783.75,295.60,16050,16050,1880,3361838394.00,1548,F1,30,,,,,
2026-08-26,2026-08-26,FO,NSE,IDO,69803,,BANKNIFTY,,2026-09-29,2026-09-29,56600.00,CE,BANKNIFTY26SEP56600CE,1778.60,1950.00,1778.60,1821.10,1822.35,1563.00,57783.75,1821.10,1410,-150,39,68440452.00,33,F1,30,,,,,
2026-08-26,2026-08-26,FO,NSE,IDO,69795,,BANKNIFTY,,2026-09-29,2026-09-29,56200.00,CE,BANKNIFTY26SEP56200CE,2074.95,2308.10,2057.80,2164.85,2164.85,1898.65,57783.75,2164.85,780,-510,73,127931662.50,71,F1,30,,,,,
2026-08-26,2026-08-26,FO,NSE,IDO,70092,,BANKNIFTY,,2026-09-29,2026-09-29,62700.00,PE,BANKNIFTY26SEP62700PE,0.00,0.00,0.00,5153.10,0.00,5153.10,57783.75,4728.90,0,0,0,0.00,0,F1,30,,,,,
2026-08-26,2026-08-26,FO,NSE,IDO,62551,,BANKNIFTY,,2026-11-23,2026-11-23,63500.00,CE,BANKNIFTY26NOV63500CE,0.00,0.00,0.00,675.20,0.00,675.20,57783.75,730.94,0,0,0,0.00,0,F1,30,,,,,
2026-08-26,2026-08-26,FO,NSE,IDO,49713,,BANKNIFTY,,2026-10-27,2026-10-27,65500.00,CE,BANKNIFTY26OCT65500CE,0.00,0.00,0.00,336.25,0.00,336.25,57783.75,195.36,0,0,0,0.00,0,F1,30,,,,,
2026-08-26,2026-08-26,FO,NSE,IDO,62087,,BANKNIFTY,,2026-11-23,2026-11-23,52500.00,CE,BANKNIFTY26NOV52500CE,0.00,0.00,0.00,6200.90,0.00,6200.90,57783.75,6469.10,0,0,0,0.00,0,F1,30,,,,,
2026-08-26,2026-08-26,FO,NSE,IDO,62102,,BANKNIFTY,,2026-11-23,2026-11-23,53200.00,CE,BANKNIFTY26NOV53200CE,0.00,0.00,0.00,5630.60,0.00,5630.60,57783.75,5887.95,0,0,0,0.00,0,F1,30,,,,,
2026-08-26,2026-08-26,FO,NSE,IDO,62113,,BANKNIFTY,,2026-11-23,2026-11-23,53600.00,CE,BANKNIFTY26NOV53600CE,0.00,0.00,0.00,5315.55,0.00,5315.55,57783.75,5566.14,0,0,0,0.00,0,F1,30,,,,,
2026-08-26,2026-08-26,FO,NSE,IDF,61466,,BANKNIFTY,,2026-11-23,2026-11-23,,,BANKNIFTY26NOVFUT,58300.00,59032.80,58089.80,58876.40,58915.60,58381.60,57783.75,58876.40,6900,6900,402,710512266.00,321,F1,30,,,,,
2026-08-26,2026-08-26,FO,NSE,IDO,69546,,BANKNIFTY,,2026-09-29,2026-09-29,49000.00,CE,BANKNIFTY26SEP49000CE,9135.00,9135.00,9135.00,9135.00,9135.00,8671.05,57783.75,9084.40,2130,90,3,5232150.00,1,F1,30,,,,,
2026-08-26,2026-08-26,FO,NSE,IDO,70024,,BANKNIFTY,,2026-09-29,2026-09-29,60700.00,PE,BANKNIFTY26SEP60700PE,0.00,0.00,0.00,3745.00,0.00,3745.00,57783.75,3062.23,0,0,0,0.00,0,F1,30,,,,,
2026-08-26,2026-08-26,FO,NSE,IDO,70022,,BANKNIFTY,,2026-09-29,2026-09-29,60600.00,PE,BANKNIFTY26SEP60600PE,0.00,0.00,0.00,3680.35,0.00,3680.35,57783.75,2988.45,0,0,0,0.00,0,F1,30,,,,,
2026-08-26,2026-08-26,FO,NSE,IDO,70010,,BANKNIFTY,,2026-09-29,2026-09-29,59900.00,PE,BANKNIFTY26SEP59900PE,1732.15,1865.00,1732.15,1839.85,1839.85,2281.85,57783.75,2477.98,720,690,28,51854008.50,18,F1,30,,,,,
2026-08-26,2026-08-26,FO,NSE,IDO,69918,,BANKNIFTY,,2026-09-29,2026-09-29,59400.00,PE,BANKNIFTY26SEP59400PE,1547.85,1547.85,1287.80,1450.15,1446.15,1845.00,57783.75,1450.15,1260,1200,242,441305049.00,120,F1,30,,,,,
2026-08-26,2026-08-26,FO,NSE,IDO,69800,,BANKNIFTY,,2026-09-29,2026-09-29,56400.00,PE,BANKNIFTY26SEP56400PE,251.00,251.00,189.00,195.10,195.90,310.05,57783.75,195.10,20910,1890,2424,4116120853.50,1859,F1,30,,,,,
2026-08-26,2026-08-26,FO,NSE,IDO,62108,,BANKNIFTY,,2026-11-23,2026-11-23,53400.00,CE,BANKNIFTY26NOV53400CE,0.00,0.00,0.00,5472.05,0.00,5472.05,57783.75,5726.07,0,0,0,0.00,0,F1,30,,,,,
2026-08-26,2026-08-26,FO,NSE,IDO,62139,,BANKNIFTY,,2026-11-23,2026-11-23,54200.00,CE,BANKNIFTY26NOV54200CE,0.00,0.00,0.00,4858.95,0.00,4858.95,57783.75,5098.69,0,0,0,0.00,0,F1,30,,,,,
2026-08-26,2026-08-26,FO,NSE,IDO,69564,,BANKNIFTY,,2026-09-29,2026-09-29,50000.00,CE,BANKNIFTY26SEP50000CE,8040.00,8281.35,8040.00,8152.25,8144.00,7727.70,57783.75,8152.25,113220,1110,96,167688295.50,84,F1,30,,,,,
2026-08-26,2026-08-26,FO,NSE,IDO,69656,,BANKNIFTY,,2026-09-29,2026-09-29,51500.00,CE,BANKNIFTY26SEP51500CE,0.00,0.00,0.00,7157.85,0.00,7157.85,57783.75,6627.35,0,0,0,0.00,0,F1,30,,,,,
2026-08-26,2026-08-26,FO,NSE,IDO,69694,,BANKNIFTY,,2026-09-29,2026-09-29,53500.00,CE,BANKNIFTY26SEP53500CE,4660.30,4675.00,4607.65,4675.00,4675.00,4296.90,57783.75,4747.26,5100,120,5,8721324.00,4,F1,30,,,,,
2026-08-26,2026-08-26,FO,NSE,IDO,69704,,BANKNIFTY,,2026-09-29,2026-09-29,54100.00,CE,BANKNIFTY26SEP54100CE,0.00,0.00,0.00,5069.65,0.00,5069.65,57783.75,4216.07,0,0,0,0.00,0,F1,30,,,,,
2026-08-26,2026-08-26,FO,NSE,IDO,62524,,BANKNIFTY,,2026-11-23,2026-11-23,63000.00,PE,BANKNIFTY26NOV63000PE,0.00,0.00,0.00,5322.50,0.00,5322.50,57783.75,5055.61,0,0,0,0.00,0,F1,30,,,,,
2026-08-26,2026-08-26,FO,NSE,IDO,49490,,BANKNIFTY,,2026-10-27,2026-10-27,56700.00,PE,BANKNIFTY26OCT56700PE,0.00,0.00,0.00,1919.45,0.00,1919.45,57783.75,1147.91,0,0,0,0.00,0,F1,30,,,,,
2026-08-26,2026-08-26,FO,NSE,IDO,49470,,BANKNIFTY,,2026-10-27,2026-10-27,56100.00,PE,BANKNIFTY26OCT56100PE,0.00,0.00,0.00,1659.85,0.00,1659.85,57783.75,940.21,0,0,0,0.00,0,F1,30,,,,,
2026-08-26,2026-08-26,FO,NSE,IDO,49468,,BANKNIFTY,,2026-10-27,2026-10-27,56000.00,PE,BANKNIFTY26OCT56000PE,345.00,345.00,255.35,262.20,260.05,369.50,57783.75,262.20,29430,10950,1046,1765847805.00,601,F1,30,,,,,
2026-08-26,2026-08-26,FO,NSE,IDO,49445,,BANKNIFTY,,2026-10-27,2026-10-27,55100.00,PE,BANKNIFTY26OCT55100PE,0.00,0.00,0.00,1279.50,0.00,1279.50,57783.75,655.49,0,0,0,0.00,0,F1,30,,,,,
2026-08-26,2026-08-26,FO,NSE,IDO,49549,,BANKNIFTY,,2026-10-27,2026-10-27,59100.00,PE,BANKNIFTY26OCT59100PE,0.00,0.00,0.00,1664.20,1664.20,1664.20,57783.75,2269.36,150,0,0,0.00,0,F1,30,,,,,
2026-08-26,2026-08-26,FO,NSE,IDO,49450,,BANKNIFTY,,2026-10-27,2026-10-27,55300.00,PE,BANKNIFTY26OCT55300PE,0.00,0.00,0.00,1350.40,0.00,1350.40,57783.75,708.69,0,0,0,0.00,0,F1,30,,,,,
2026-08-26,2026-08-26,FO,NSE,IDO,49434,,BANKNIFTY,,2026-10-27,2026-10-27,54800.00,PE,BANKNIFTY26OCT54800PE,0.00,0.00,0.00,1177.90,0.00,1177.90,57783.75,583.73,0,0,0,0.00,0,F1,30,,,,,
2026-08-26,2026-08-26,FO,NSE,IDO,49380,,BANKNIFTY,,2026-10-27,2026-10-27,52600.00,PE,BANKNIFTY26OCT52600PE,0.00,0.00,0.00,598.55,0.00,598.55,57783.75,221.58,0,0,0,0.00,0,F1,30,,,,,
2026-08-26,2026-08-26,FO,NSE,IDO,70114,,BANKNIFTY,,2026-09-29,2026-09-29,63900.00,PE,BANKNIFTY26SEP63900PE,0.00,0.00,0.00,6084.95,0.00,6084.95,57783.75,5827.14,0,0,0,0.00,0,F1,30,,,,,
2026-08-26,2026-08-26,FO,NSE,IDO,69796,,BANKNIFTY,,2026-09-29,2026-09-29,56200.00,PE,BANKNIFTY26SEP56200PE,195.00,202.90,163.00,167.70,166.30,259.50,57783.75,167.70,30240,-330,2810,4752364089.00,1822,F1,30,,,,,
2026-08-26,2026-08-26,FO,NSE,IDO,69794,,BANKNIFTY,,2026-09-29,2026-09-29,56100.00,PE,BANKNIFTY26SEP56100PE,0.00,0.00,0.00,868.95,867.05,868.95,57783.75,605.13,420,0,0,0.00,0,F1,30,,,,,
2026-08-26,2026-08-26,FO,NSE,IDO,69792,,BANKNIFTY,,2026-09-29,2026-09-29,56000.00,PE,BANKNIFTY26SEP56000PE,201.60,201.60,138.60,143.60,143.90,232.10,57783.75,143.60,586440,103260,37561,63271175235.00,23343,F1,30,,,,,
2026-08-26,2026-08-26,FO,NSE,IDO,69766,,BANKNIFTY,,2026-09-29,2026-09-29,54900.00,PE,BANKNIFTY26SEP54900PE,0.00,0.00,0.00,1010.25,0.00,1010.25,57783.75,325.64,0,0,0,0.00,0,F1,30,,,,,
2026-08-26,2026-08-26,FO,NSE,IDO,69760,,BANKNIFTY,,2026-09-29,2026-09-29,54600.00,PE,BANKNIFTY26SEP54600PE,0.00,0.00,0.00,928.20,0.00,928.20,57783.75,274.43,0,0,0,0.00,0,F1,30,,,,,
2026-08-26,2026-08-26,FO,NSE,IDO,69697,,BANKNIFTY,,2026-09-29,2026-09-29,53600.00,PE,BANKNIFTY26SEP53600PE,0.00,0.00,0.00,680.90,0.00,680.90,57783.75,147.57,0,0,0,0.00,0,F1,30,,,,,
2026-08-26,2026-08-26,FO,NSE,IDO,52269,,BANKNIFTY,,2026-09-29,2026-09-29,45000.00,PE,BANKNIFTY26SEP45000PE,5.60,6.85,5.30,6.25,6.00,6.70,57783.75,6.25,184140,-930,581,784457916.00,244,F1,30,,,,,
2026-08-26,2026-08-26,FO,NSE,IDO,62487,,BANKNIFTY,,2026-11-23,2026-11-23,62500.00,CE,BANKNIFTY26NOV62500CE,0.00,0.00,0.00,883.30,0.00,883.30,57783.75,952.91,0,0,0,0.00,0,F1,30,,,,,
2026-08-26,2026-08-26,FO,NSE,IDO,62441,,BANKNIFTY,,2026-11-23,2026-11-23,62000.00,CE,BANKNIFTY26NOV62000CE,0.00,0.00,0.00,1000.80,0.00,1000.80,57783.75,1078.93,0,0,0,0.00,0,F1,30,,,,,
2026-08-26,2026-08-26,FO,NSE,IDO,62317,,BANKNIFTY,,2026-11-23,2026-11-23,60700.00,CE,BANKNIFTY26NOV60700CE,0.00,0.00,0.00,1376.40,0.00,1376.40,57783.75,1477.74,0,0,0,0.00,0,F1,30,,,,,
2026-08-26,2026-08-26,FO,NSE,IDO,62269,,BANKNIFTY,,2026-11-23,2026-11-23,58700.00,CE,BANKNIFTY26NOV58700CE,0.00,0.00,0.00,2150.90,0.00,2150.90,57783.75,2293.65,0,0,0,0.00,0,F1,30,,,,,
2026-08-26,2026-08-26,FO,NSE,IDO,62244,,BANKNIFTY,,2026-11-23,2026-11-23,58100.00,CE,BANKNIFTY26NOV58100CE,0.00,0.00,0.00,2433.90,0.00,2433.90,57783.75,2590.17,0,0,0,0.00,0,F1,30,,,,,
2026-08-26,2026-08-26,FO,NSE,IDO,62224,,BANKNIFTY,,2026-11-23,2026-11-23,57700.00,CE,BANKNIFTY26NOV57700CE,0.00,0.00,0.00,2636.30,0.00,2636.30,57783.75,2801.28,0,0,0,0.00,0,F1,30,,,,,
2026-08-26,2026-08-26,FO,NSE,IDO,62185,,BANKNIFTY,,2026-11-23,2026-11-23,56100.00,CE,BANKNIFTY26NOV56100CE,0.00,0.00,0.00,3553.05,0.00,3553.05,57783.75,3753.75,0,0,0,0.00,0,F1,30,,,,,
2026-08-26,2026-08-26,FO,NSE,IDO,62174,,BANKNIFTY,,2026-11-23,2026-11-23,55700.00,CE,BANKNIFTY26NOV55700CE,0.00,0.00,0.00,3808.90,0.00,3808.90,57783.75,4018.24,0,0,0,0.00,0,F1,30,,,,,
2026-08-26,2026-08-26,FO,NSE,IDO,49649,,BANKNIFTY,,2026-10-27,2026-10-27,63100.00,CE,BANKNIFTY26OCT63100CE,0.00,0.00,0.00,659.25,0.00,659.25,57783.75,475.15,0,0,0,0.00,0,F1,30,,,,,
2026-08-26,2026-08-26,FO,NSE,IDO,49607,,BANKNIFTY,,2026-10-27,2026-10-27,61500.00,CE,BANKNIFTY26OCT61500CE,0.00,0.00,0.00,995.60,0.00,995.60,57783.75,803.87,0,0,0,0.00,0,F1,30,,,,,
2026-08-26,2026-08-26,FO,NSE,IDO,49569,,BANKNIFTY,,2026-10-27,2026-10-27,59900.00,CE,BANKNIFTY26OCT59900CE,0.00,0.00,0.00,1452.45,0.00,1452.45,57783.75,1292.60,0,0,0,0.00,0,F1,30,,,,,
2026-08-26,2026-08-26,FO,NSE,IDO,69769,,BANKNIFTY,,2026-09-29,2026-09-29,55100.00,CE,BANKNIFTY26SEP55100CE,0.00,0.00,0.00,4357.65,0.00,4357.65,57783.75,3382.55,0,0,0,0.00,0,F1,30,,,,,
2026-08-26,2026-08-26,FO,NSE,IDO,69779,,BANKNIFTY,,2026-09-29,2026-09-29,55600.00,CE,BANKNIFTY26SEP55600CE,0.00,0.00,0.00,4024.15,0.00,4024.15,57783.75,2995.25,0,0,0,0.00,0,F1,30,,,,,
2026-08-26,2026-08-26,FO,NSE,IDO,69695,,BANKNIFTY,,2026-09-29,2026-09-29,53500.00,PE,BANKNIFTY26SEP53500PE,40.05,40.05,29.20,30.20,30.20,44.80,57783.75,30.20,174960,36060,13888,22303898806.50,6802,F1,30,,,,,
2026-08-26,2026-08-26,FO,NSE,IDO,69768,,BANKNIFTY,,2026-09-29,2026-09-29,55000.00,PE,BANKNIFTY26SEP55000PE,91.15,91.25,66.90,70.75,70.85,113.35,57783.75,70.75,457560,-1740,23906,39497891929.50,13105,F1,30,,,,,
2026-08-26,2026-08-26,FO,NSE,IDO,49422,,BANKNIFTY,,2026-10-27,2026-10-27,54300.00,PE,BANKNIFTY26OCT54300PE,0.00,0.00,0.00,1021.05,0.00,1021.05,57783.75,477.24,0,0,0,0.00,0,F1,30,,,,,
2026-08-26,2026-08-26,FO,NSE,IDO,47058,,NIFTY,,2026-09-01,2026-09-01,25800.00,PE,NIFTY2690125800PE,0.00,0.00,0.00,1530.00,1530.00,1530.00,24207.75,1566.71,650,0,0,0.00,0,F1,65,,,,,
2026-08-26,2026-08-26,FO,NSE,IDO,47105,,NIFTY,,2026-09-01,2026-09-01,26850.00,PE,NIFTY2690126850PE,0.00,0.00,0.00,2502.10,0.00,2502.10,24207.75,2615.47,0,0,0,0.00,0,F1,65,,,,,
2026-08-26,2026-08-26,FO,NSE,IDO,42634,,NIFTY,,2026-09-08,2026-09-08,23850.00,PE,NIFTY2690823850PE,24.10,31.55,17.90,27.65,27.35,26.95,24207.75,27.65,201435,45305,11439,17750698277.00,7089,F1,65,,,,,
2026-08-26,2026-08-26,FO,NSE,IDO,42638,,NIFTY,,2026-09-08,2026-09-08,23950.00,PE,NIFTY2690823950PE,32.50,44.25,24.00,37.75,39.85,37.45,24207.75,37.75,268970,-20995,11659,18176016985.75,8185,F1,65,,,,,
2026-08-26,2026-08-26,FO,NSE,IDO,42750,,NIFTY,,2026-09-08,2026-09-08,26050.00,PE,NIFTY2690826050PE,0.00,0.00,0.00,1397.80,0.00,1397.80,24207.75,1788.62,0,0,0,0.00,0,F1,65,,,,,
2026-08-26,2026-08-26,FO,NSE,IDO,42760,,NIFTY,,2026-09-08,2026-09-08,26150.00,PE,NIFTY2690826150PE,0.00,0.00,0.00,1482.45,0.00,1482.45,24207.75,1887.58,0,0,0,0.00,0,F1,65,,,,,
2026-08-26,2026-08-26,FO,NSE,IDO,42762,,NIFTY,,2026-09-08,2026-09-08,26200.00,PE,NIFTY2690826200PE,0.00,0.00,0.00,1525.35,0.00,1525.35,24207.75,1937.16,0,0,0,0.00,0,F1,65,,,,,
2026-08-26,2026-08-26,FO,NSE,IDO,42770,,NIFTY,,2026-09-08,2026-09-08,26400.00,PE,NIFTY2690826400PE,0.00,0.00,0.00,1700.80,0.00,1700.80,24207.75,2135.91,0,0,0,0.00,0,F1,65,,,,,
2026-08-26,2026-08-26,FO,NSE,IDO,47252,,NIFTY,,2026-09-15,2026-09-15,22350.00,PE,NIFTY2691522350PE,4.00,5.75,3.10,4.15,4.15,5.05,24207.75,4.15,16250,390,110,159832809.50,25,F1,65,,,,,
2026-08-26,2026-08-26,FO,NSE,IDO,47442,,NIFTY,,2026-09-15,2026-09-15,26200.00,PE,NIFTY2691526200PE,0.00,0.00,0.00,1647.25,0.00,1647.25,24207.75,1913.53,0,0,0,0.00,0,F1,65,,,,,
2026-08-26,2026-08-26,FO,NSE,IDO,47432,,NIFTY,,2026-09-15,2026-09-15,26000.00,PE,NIFTY2691526000PE,1555.85,1555.85,1555.85,1555.85,1555.85,1565.00,24207.75,1719.82,130,65,1,1791130.25,1,F1,65,,,,,
2026-08-26,2026-08-26,FO,NSE,IDO,47384,,NIFTY,,2026-09-15,2026-09-15,25350.00,PE,NIFTY2691525350PE,0.00,0.00,0.00,956.10,0.00,956.10,24207.75,1119.47,0,0,0,0.00,0,F1,65,,,,,
2026-08-26,2026-08-26,FO,NSE,IDO,47340,,NIFTY,,2026-09-15,2026-09-15,24500.00,PE,NIFTY2691524500PE,200.10,268.15,181.35,248.20,256.55,239.20,24207.75,248.20,183885,57200,4723,7590011279.50,4074,F1,65,,,,,
2026-08-26,2026-08-26,FO,NSE,IDO,42743,,NIFTY,,2026-09-08,2026-09-08,25950.00,CE,NIFTY2690825950CE,1.45,2.10,1.45,1.90,2.10,2.15,24207.75,1.90,4745,3120,273,460512250.25,163,F1,65,,,,,
2026-08-26,2026-08-26,FO,NSE,IDO,42694,,NIFTY,,2026-09-08,2026-09-08,25150.00,CE,NIFTY2690825150CE,43.00,43.00,6.35,6.95,7.15,343.00,24207.75,6.95,59085,59085,3653,5973493636.50,2522,F1,65,,,,,
2026-08-26,2026-08-26,FO,NSE,IDO,42665,,NIFTY,,2026-09-08,2026-09-08,24600.00,CE,NIFTY2690824600CE,86.00,109.55,60.85,68.90,64.15,83.55,24207.75,68.90,1012700,215085,34686,55647754532.50,22019,F1,65,,,,,
2026-08-26,2026-08-26,FO,NSE,IDO,42623,,NIFTY,,2026-09-08,2026-09-08,23600.00,CE,NIFTY2690823600CE,881.00,881.00,765.00,806.80,806.75,824.10,24207.75,806.80,2990,0,25,39701970.75,18,F1,65,,,,,
2026-08-26,2026-08-26,FO,NSE,IDO,42610,,NIFTY,,2026-09-08,2026-09-08,23450.00,CE,NIFTY2690823450CE,0.00,0.00,0.00,887.90,887.90,887.90,24207.75,857.69,65,0,0,0.00,0,F1,65,,,,,
2026-08-26,2026-08-26,FO,NSE,IDO,42599,,NIFTY,,2026-09-08,2026-09-08,23200.00,CE,NIFTY2690823200CE,1205.50,1205.50,1205.50,1205.50,1205.50,1153.05,24207.75,1081.28,1235,65,1,1586357.50,1,F1,65,,,,,
2026-08-26,2026-08-26,FO,NSE,IDO,42565,,NIFTY,,2026-09-08,2026-09-08,22350.00,CE,NIFTY2690822350CE,0.00,0.00,0.00,2406.10,0.00,2406.10,24207.75,1906.83,0,0,0,0.00,0,F1,65,,,,,
2026-08-26,2026-08-26,FO,NSE,IDO,47097,,NIFTY,,2026-09-01,2026-09-01,26700.00,CE,NIFTY2690126700CE,0.95,1.15,0.55,0.60,0.55,0.75,24207.75,0.60,56290,36400,3400,5900840289.50,864,F1,65,,,,,
2026-08-26,2026-08-26,FO,NSE,IDO,47073,,NIFTY,,2026-09-01,2026-09-01,26200.00,CE,NIFTY2690126200CE,0.70,0.80,0.60,0.65,0.60,0.65,24207.75,0.65,161980,84045,11118,18934440996.25,2371,F1,65,,,,,
2026-08-26,2026-08-26,FO,NSE,IDO,47071,,NIFTY,,2026-09-01,2026-09-01,26150.00,CE,NIFTY2690126150CE,0.95,1.00,0.65,0.70,0.75,0.75,24207.75,0.70,29835,19240,1255,2133248130.00,262,F1,65,,,,,
2026-08-26,2026-08-26,FO,NSE,IDO,47049,,NIFTY,,2026-09-01,2026-09-01,25600.00,CE,NIFTY2690125600CE,0.85,1.10,0.75,0.90,0.90,0.85,24207.75,0.90,2145975,584935,183284,304995266358.25,34071,F1,65,,,,,
2026-08-26,2026-08-26,FO,NSE,IDO,47037,,NIFTY,,2026-09-01,2026-09-01,25300.00,CE,NIFTY2690125300CE,1.35,1.95,1.30,1.60,1.80,1.45,24207.75,1.60,2351765,752830,238806,392742402705.25,36974,F1,65,,,,,
2026-08-26,2026-08-26,FO,NSE,IDO,47029,,NIFTY,,2026-09-01,2026-09-01,25100.00,CE,NIFTY2690125100CE,2.70,3.50,2.00,2.65,2.65,2.55,24207.75,2.65,4359680,2868125,472485,770942361871.50,69760,F1,65,,,,,
2026-08-26,2026-08-26,FO,NSE,IDO,47011,,NIFTY,,2026-09-01,2026-09-01,24650.00,CE,NIFTY2690124650CE,30.00,37.50,15.25,18.25,16.25,24.85,24207.75,18.25,2401035,852215,495278,794368248895.00,181816,F1,65,,,,,
2026-08-26,2026-08-26,FO,NSE,IDO,46943,,NIFTY,,2026-09-01,2026-09-01,22950.00,CE,NIFTY2690122950CE,0.00,0.00,0.00,1501.80,0.00,1501.80,24207.75,1281.33,0,0,0,0.00,0,F1,65,,,,,
2026-08-26,2026-08-26,FO,NSE,IDO,46937,,NIFTY,,2026-09-01,2026-09-01,22800.00,CE,NIFTY2690122800CE,0.00,0.00,0.00,1629.40,0.00,1629.40,24207.75,1430.73,0,0,0,0.00,0,F1,65,,,,,
2026-08-26,2026-08-26,FO,NSE,IDO,46917,,NIFTY,,2026-09-01,2026-09-01,22300.00,CE,NIFTY2690122300CE,0.00,0.00,0.00,2078.55,0.00,2078.55,24207.75,1929.99,0,0,0,0.00,0,F1,65,,,,,
2026-08-26,2026-08-26,FO,NSE,IDO,46920,,NIFTY,,2026-09-01,2026-09-01,22350.00,PE,NIFTY2690122350PE,1.15,1.60,1.00,1.15,1.10,1.60,24207.75,1.15,29900,16445,1733,2517757027.50,874,F1,65,,,,,
2026-08-26,2026-08-26,FO,NSE,IDO,46944,,NIFTY,,2026-09-01,2026-09-01,22950.00,PE,NIFTY2690122950PE,1.90,2.60,1.45,1.80,1.55,2.65,24207.75,1.80,68835,12350,19135,28546952635.50,3868,F1,65,,,,,
2026-08-26,2026-08-26,FO,NSE,IDO,46998,,NIFTY,,2026-09-01,2026-09-01,24300.00,PE,NIFTY2690124300PE,59.00,106.00,47.25,85.85,95.35,80.25,24207.75,85.85,5796830,1378975,3587638,5684873813242.00,1504411,F1,65,,,,,
2026-08-26,2026-08-26,FO,NSE,IDO,47038,,NIFTY,,2026-09-01,2026-09-01,25300.00,PE,NIFTY2690125300PE,882.00,981.10,846.85,941.25,978.30,921.00,24207.75,941.25,19110,1950,94,160127496.75,81,F1,65,,,,,
2026-08-26,2026-08-26,FO,NSE,IDO,47056,,NIFTY,,2026-09-01,2026-09-01,25750.00,PE,NIFTY2690125750PE,0.00,0.00,0.00,1508.85,0.00,1508.85,24207.75,1516.83,0,0,0,0.00,0,F1,65,,,,,
2026-08-26,2026-08-26,FO,NSE,IDO,47062,,NIFTY,,2026-09-01,2026-09-01,25900.00,PE,NIFTY2690125900PE,0.00,0.00,0.00,1500.00,1500.00,1500.00,24207.75,1666.52,260,0,0,0.00,0,F1,65,,,,,
2026-08-26,2026-08-26,FO,NSE,IDO,47072,,NIFTY,,2026-09-01,2026-09-01,26150.00,PE,NIFTY2690126150PE,0.00,0.00,0.00,1854.75,0.00,1854.75,24207.75,1916.19,0,0,0,0.00,0,F1,65,,,,,
2026-08-26,2026-08-26,FO,NSE,IDO,47076,,NIFTY,,2026-09-01,2026-09-01,26250.00,PE,NIFTY2690126250PE,0.00,0.00,0.00,1944.45,0.00,1944.45,24207.75,2016.08,0,0,0,0.00,0,F1,65,,,,,
2026-08-26,2026-08-26,FO,NSE,IDO,47095,,NIFTY,,2026-09-01,2026-09-01,26650.00,PE,NIFTY2690126650PE,0.00,0.00,0.00,2313.10,0.00,2313.10,24207.75,2415.67,0,0,0,0.00,0,F1,65,,,,,
2026-08-26,2026-08-26,FO,NSE,IDO,42598,,NIFTY,,2026-09-08,2026-09-08,23150.00,PE,NIFTY2690823150PE,6.10,6.85,4.60,5.60,5.25,6.20,24207.75,5.60,25285,5005,612,921125871.25,372,F1,65,,,,,
2026-08-26,2026-08-26,FO,NSE,IDO,42614,,NIFTY,,2026-09-08,2026-09-08,23500.00,PE,NIFTY2690823500PE,9.50,11.00,8.00,10.05,10.35,11.05,24207.75,10.05,1049295,240370,29880,45659631260.75,13202,F1,65,,,,,
2026-08-26,2026-08-26,FO,NSE,IDO,42684,,NIFTY,,2026-09-08,2026-09-08,25000.00,PE,NIFTY2690825000PE,570.35,659.90,523.00,634.15,659.90,603.75,24207.75,634.15,37245,0,655,1088957142.00,559,F1,65,,,,,
2026-08-26,2026-08-26,FO,NSE,IDO,42695,,NIFTY,,2026-09-08,2026-09-08,25150.00,PE,NIFTY2690825150PE,0.00,0.00,0.00,731.90,0.00,731.90,24207.75,932.50,0,0,0,0.00,0,F1,65,,,,,
2026-08-26,2026-08-26,FO,NSE,IDO,42698,,NIFTY,,2026-09-08,2026-09-08,25200.00,PE,NIFTY2690825200PE,731.45,798.40,730.00,798.40,798.40,794.25,24207.75,976.88,520,65,15,25312696.50,13,F1,65,,,,,
2026-08-26,2026-08-26,FO,NSE,IDO,42706,,NIFTY,,2026-09-08,2026-09-08,25350.00,PE,NIFTY2690825350PE,965.00,965.00,965.00,965.00,965.00,1029.90,24207.75,1113.31,65,0,1,1710475.00,1,F1,65,,,,,
2026-08-26,2026-08-26,FO,NSE,IDO,47266,,NIFTY,,2026-09-15,2026-09-15,22700.00,PE,NIFTY2691522700PE,5.40,7.15,4.80,6.00,5.55,6.75,24207.75,6.00,23465,845,52,76746835.75,21,F1,65,,,,,
2026-08-26,2026-08-26,FO,NSE,IDO,47284,,NIFTY,,2026-09-15,2026-09-15,23150.00,PE,NIFTY2691523150PE,9.05,16.00,9.05,10.00,9.50,13.35,24207.75,10.00,23335,11245,542,815950635.50,165,F1,65,,,,,
2026-08-26,2026-08-26,FO,NSE,IDO,47288,,NIFTY,,2026-09-15,2026-09-15,23250.00,PE,NIFTY2691523250PE,0.00,0.00,0.00,82.50,0.00,82.50,24207.75,56.08,0,0,0,0.00,0,F1,65,,,,,
2026-08-26,2026-08-26,FO,NSE,IDO,47300,,NIFTY,,2026-09-15,2026-09-15,23550.00,PE,NIFTY2691523550PE,0.00,0.00,0.00,133.00,0.00,133.00,24207.75,106.69,0,0,0,0.00,0,F1,65,,,,,
2026-08-26,2026-08-26,FO,NSE,IDO,47302,,NIFTY,,2026-09-15,2026-09-15,23600.00,PE,NIFTY2691523600PE,0.00,0.00,0.00,143.35,0.00,143.35,24207.75,117.75,0,0,0,0.00,0,F1,65,,,,,
2026-08-26,2026-08-26,FO,NSE,IDO,47366,,NIFTY,,2026-09-15,2026-09-15,25050.00,PE,NIFTY2691525050PE,0.00,0.00,0.00,751.70,0.00,751.70,24207.75,869.03,0,0,0,0.00,0,F1,65,,,,,
2026-08-26,2026-08-26,FO,NSE,IDO,47404,,NIFTY,,2026-09-15,2026-09-15,25650.00,PE,NIFTY2691525650PE,0.00,0.00,0.00,1183.55,0.00,1183.55,24207.75,1389.22,0,0,0,0.00,0,F1,65,,,,,
2026-08-26,2026-08-26,FO,NSE,IDO,47405,,NIFTY,,2026-09-15,2026-09-15,25700.00,CE,NIFTY2691525700CE,0.00,0.00,0.00,144.00,0.00,144.00,24207.75,28.67,0,0,0,0.00,0,F1,65,,,,,
2026-08-26,2026-08-26,FO,NSE,IDO,47341,,NIFTY,,2026-09-15,2026-09-15,24550.00,CE,NIFTY2691524550CE,163.45,183.70,117.55,127.40,119.10,152.10,24207.75,127.40,36075,2405,613,984071000.25,469,F1,65,,,,,
2026-08-26,2026-08-26,FO,NSE,IDO,47255,,NIFTY,,2026-09-15,2026-09-15,22450.00,CE,NIFTY2691522450CE,0.00,0.00,0.00,2169.40,0.00,2169.40,24207.75,1838.51,0,0,0,0.00,0,F1,65,,,,,
2026-08-26,2026-08-26,FO,NSE,IDO,46914,,NIFTY,,2026-09-01,2026-09-01,22200.00,PE,NIFTY2690122200PE,1.20,1.45,0.90,1.05,1.10,1.35,24207.75,1.05,588185,198965,17028,24572544694.75,5176,F1,65,,,,,
2026-08-26,2026-08-26,FO,NSE,IDO,47371,,NIFTY,,2026-09-15,2026-09-15,25200.00,CE,NIFTY2691525200CE,0.00,0.00,0.00,268.55,0.00,268.55,24207.75,82.82,0,0,0,0.00,0,F1,65,,,,,
2026-08-26,2026-08-26,FO,NSE,IDO,47331,,NIFTY,,2026-09-15,2026-09-15,24300.00,CE,NIFTY2691524300CE,300.00,339.45,234.85,251.85,243.65,277.55,24207.75,251.85,166660,82810,5266,8413367537.25,3922,F1,65,,,,,
2026-08-26,2026-08-26,FO,NSE,IDO,47305,,NIFTY,,2026-09-15,2026-09-15,23700.00,CE,NIFTY2691523700CE,819.80,819.80,711.85,719.00,719.00,1074.80,24207.75,719.00,2405,2405,40,63697387.00,18,F1,65,,,,,
2026-08-26,2026-08-26,FO,NSE,IDO,47273,,NIFTY,,2026-09-15,2026-09-15,22900.00,CE,NIFTY2691522900CE,0.00,0.00,0.00,1748.55,0.00,1748.55,24207.75,1407.28,0,0,0,0.00,0,F1,65,,,,,
2026-08-26,2026-08-26,FO,NSE,IDO,47265,,NIFTY,,2026-09-15,2026-09-15,22700.00,CE,NIFTY2691522700CE,0.00,0.00,0.00,1933.10,0.00,1933.10,24207.75,1596.54,0,0,0,0.00,0,F1,65,,,,,
2026-08-26,2026-08-26,FO,NSE,IDO,47259,,NIFTY,,2026-09-15,2026-09-15,22550.00,CE,NIFTY2691522550CE,0.00,0.00,0.00,2074.25,0.00,2074.25,24207.75,1741.17,0,0,0,0.00,0,F1,65,,,,,
2026-08-26,2026-08-26,FO,NSE,IDO,42727,,NIFTY,,2026-09-08,2026-09-08,25700.00,CE,NIFTY2690825700CE,3.45,3.45,2.05,2.45,2.30,2.65,24207.75,2.45,52260,7280,2818,4707900353.00,1598,F1,65,,,,,
2026-08-26,2026-08-26,FO,NSE,IDO,42667,,NIFTY,,2026-09-08,2026-09-08,24650.00,CE,NIFTY2690824650CE,87.30,90.25,50.00,57.40,52.25,67.65,24207.75,57.40,211250,115700,13748,22086258304.50,9237,F1,65,,,,,
2026-08-26,2026-08-26,FO,NSE,IDO,42632,,NIFTY,,2026-09-08,2026-09-08,23800.00,PE,NIFTY2690823800PE,16.40,26.40,15.45,22.75,22.80,23.25,24207.75,22.75,772200,399880,37747,58445616037.25,19508,F1,65,,,,,
2026-08-26,2026-08-26,FO,NSE,IDO,42664,,NIFTY,,2026-09-08,2026-09-08,24550.00,PE,NIFTY2690824550PE,204.90,285.00,186.25,258.30,277.75,245.85,24207.75,258.30,16965,7215,1586,2554471978.50,1091,F1,65,,,,,
2026-08-26,2026-08-26,FO,NSE,IDO,42672,,NIFTY,,2026-09-08,2026-09-08,24750.00,PE,NIFTY2690824750PE,335.05,435.80,315.00,415.30,435.80,378.75,24207.75,415.30,5070,3575,106,172991666.25,90,F1,65,,,,,
2026-08-26,2026-08-26,FO,NSE,IDO,42680,,NIFTY,,2026-09-08,2026-09-08,24900.00,PE,NIFTY2690824900PE,494.15,558.45,433.50,523.90,546.00,538.50,24207.75,523.90,16120,13455,309,510424749.25,286,F1,65,,,,,
2026-08-26,2026-08-26,FO,NSE,IDO,42708,,NIFTY,,2026-09-08,2026-09-08,25400.00,PE,NIFTY2690825400PE,0.00,0.00,0.00,896.85,0.00,896.85,24207.75,1159.74,0,0,0,0.00,0,F1,65,,,,,
2026-08-26,2026-08-26,FO,NSE,IDO,47264,,NIFTY,,2026-09-15,2026-09-15,22650.00,PE,NIFTY2691522650PE,8.80,8.80,6.20,6.20,6.20,26.95,24207.75,11.58,65,65,2,2945475.00,2,F1,65,,,,,
2026-08-26,2026-08-26,FO,NSE,IDO,47308,,NIFTY,,2026-09-15,2026-09-15,23750.00,PE,NIFTY2691523750PE,0.00,0.00,0.00,105.20,105.20,105.20,24207.75,155.95,1040,0,0,0.00,0,F1,65,,,,,
2026-08-26,2026-08-26,FO,NSE,IDO,47348,,NIFTY,,2026-09-15,2026-09-15,24650.00,PE,NIFTY2691524650PE,289.45,356.65,258.65,353.75,356.05,317.30,24207.75,353.75,4030,3055,117,189799138.75,114,F1,65,,,,,
2026-08-26,2026-08-26,FO,NSE,IDO,42657,,NIFTY,,2026-09-08,2026-09-08,24400.00,CE,NIFTY2690824400CE,195.20,211.70,128.75,142.95,133.55,167.15,24207.75,142.95,790530,417365,41045,65535694285.75,28640,F1,65,,,,,
2026-08-26,2026-08-26,FO,NSE,IDO,42627,,NIFTY,,2026-09-08,2026-09-08,23700.00,CE,NIFTY2690823700CE,745.00,802.55,648.20,670.75,648.20,720.35,24207.75,670.75,3510,715,106,168193333.75,85,F1,65,,,,,
2026-08-26,2026-08-26,FO,NSE,IDO,42577,,NIFTY,,2026-09-08,2026-09-08,22650.00,CE,NIFTY2690822650CE,0.00,0.00,0.00,2118.35,0.00,2118.35,24207.75,1609.78,0,0,0,0.00,0,F1,65,,,,,
2026-08-26,2026-08-26,FO,NSE,IDO,47087,,NIFTY,,2026-09-01,2026-09-01,26550.00,CE,NIFTY2690126550CE,0.90,0.90,0.55,0.60,0.60,0.80,24207.75,0.60,5720,3640,480,828380806.50,140,F1,65,,,,,
2026-08-26,2026-08-26,FO,NSE,IDO,47051,,NIFTY,,2026-09-01,2026-09-01,25650.00,CE,NIFTY2690125650CE,0.90,1.00,0.75,0.85,0.80,0.85,24207.75,0.85,343265,99775,19053,31767177146.25,3728,F1,65,,,,,
2026-08-26,2026-08-26,FO,NSE,IDO,47023,,NIFTY,,2026-09-01,2026-09-01,24950.00,CE,NIFTY2690124950CE,4.55,6.70,3.65,4.00,3.70,4.35,24207.75,4.00,1198535,508755,217502,352797468361.00,48636,F1,65,,,,,
2026-08-26,2026-08-26,FO,NSE,IDO,47021,,NIFTY,,2026-09-01,2026-09-01,24900.00,CE,NIFTY2690124900CE,7.80,8.40,4.35,4.85,4.65,5.20,24207.75,4.85,3614520,1666340,370088,599121320495.75,94498,F1,65,,,,,
2026-08-26,2026-08-26,FO,NSE,IDO,46983,,NIFTY,,2026-09-01,2026-09-01,23950.00,CE,NIFTY2690123950CE,436.70,525.60,372.75,404.85,387.05,436.70,24207.75,404.85,59865,20800,4895,7759366202.25,3839,F1,65,,,,,
2026-08-26,2026-08-26,FO,NSE,IDO,46961,,NIFTY,,2026-09-01,2026-09-01,23400.00,CE,NIFTY2690123400CE,1039.95,1068.55,919.20,959.30,924.35,984.55,24207.75,959.30,14365,4225,179,283671872.25,126,F1,65,,,,,
2026-08-26,2026-08-26,FO,NSE,IDO,46957,,NIFTY,,2026-09-01,2026-09-01,23300.00,CE,NIFTY2690123300CE,1095.95,1165.80,1014.20,1058.25,1020.00,1082.80,24207.75,1058.25,5135,2275,97,153675210.00,96,F1,65,,,,,
2026-08-26,2026-08-26,FO,NSE,IDO,46949,,NIFTY,,2026-09-01,2026-09-01,23100.00,CE,NIFTY2690123100CE,0.00,0.00,0.00,1141.95,1139.65,1141.95,24207.75,1132.60,260,0,0,0.00,0,F1,65,,,,,
2026-08-26,2026-08-26,FO,NSE,IDO,46941,,NIFTY,,2026-09-01,2026-09-01,22900.00,CE,NIFTY2690122900CE,0.00,0.00,0.00,1543.90,0.00,1543.90,24207.75,1331.08,0,0,0,0.00,0,F1,65,,,,,
2026-08-26,2026-08-26,FO,NSE,IDO,46931,,NIFTY,,2026-09-01,2026-09-01,22650.00,CE,NIFTY2690122650CE,0.00,0.00,0.00,1760.65,0.00,1760.65,24207.75,1580.42,0,0,0,0.00,0,F1,65,,,,,
2026-08-26,2026-08-26,FO,NSE,IDO,46923,,NIFTY,,2026-09-01,2026-09-01,22450.00,CE,NIFTY2690122450CE,0.00,0.00,0.00,1940.55,0.00,1940.55,24207.75,1780.15,0,0,0,0.00,0,F1,65,,,,,
2026-08-26,2026-08-26,FO,NSE,IDO,46915,,NIFTY,,2026-09-01,2026-09-01,22250.00,CE,NIFTY2690122250CE,0.00,0.00,0.00,2125.05,0.00,2125.05,24207.75,1979.94,0,0,0,0.00,0,F1,65,,,,,
2026-08-26,2026-08-26,FO,NSE,IDO,47358,,NIFTY,,2026-09-15,2026-09-15,24850.00,PE,NIFTY2691524850PE,0.00,0.00,0.00,629.70,0.00,629.70,24207.75,716.19,0,0,0,0.00,0,F1,65,,,,,
2026-08-26,2026-08-26,FO,NSE,IDO,47378,,NIFTY,,2026-09-15,2026-09-15,25250.00,PE,NIFTY2691525250PE,0.00,0.00,0.00,885.25,0.00,885.25,24207.75,1033.50,0,0,0,0.00,0,F1,65,,,,,
2026-08-26,2026-08-26,FO,NSE,IDO,47386,,NIFTY,,2026-09-15,2026-09-15,25400.00,PE,NIFTY2691525400PE,0.00,0.00,0.00,992.45,0.00,992.45,24207.75,1163.28,0,0,0,0.00,0,F1,65,,,,,
2026-08-26,2026-08-26,FO,NSE,IDO,47394,,NIFTY,,2026-09-15,2026-09-15,25550.00,PE,NIFTY2691525550PE,0.00,0.00,0.00,1105.50,0.00,1105.50,24207.75,1297.58,0,0,0,0.00,0,F1,65,,,,,
2026-08-26,2026-08-26,FO,NSE,IDO,42609,,NIFTY,,2026-09-08,2026-09-08,23400.00,PE,NIFTY2690823400PE,7.70,8.55,6.85,8.05,8.10,8.85,24207.75,8.05,234130,19695,11279,17160878978.75,5939,F1,65,,,,,
2026-08-26,2026-08-26,FO,NSE,IDO,42607,,NIFTY,,2026-09-08,2026-09-08,23350.00,PE,NIFTY2690823350PE,7.50,7.90,6.35,7.35,7.05,8.45,24207.75,7.35,34580,1560,622,944318170.25,410,F1,65,,,,,
2026-08-26,2026-08-26,FO,NSE,IDO,42586,,NIFTY,,2026-09-08,2026-09-08,22850.00,PE,NIFTY2690822850PE,3.50,5.20,3.20,4.20,4.10,5.00,24207.75,4.20,6500,0,223,331270322.50,166,F1,65,,,,,
2026-08-26,2026-08-26,FO,NSE,IDO,47113,,NIFTY,,2026-09-01,2026-09-01,27050.00,PE,NIFTY2690127050PE,0.00,0.00,0.00,2693.45,0.00,2693.45,24207.75,2815.27,0,0,0,0.00,0,F1,65,,,,,
2026-08-26,2026-08-26,FO,NSE,IDO,47101,,NIFTY,,2026-09-01,2026-09-01,26750.00,PE,NIFTY2690126750PE,0.00,0.00,0.00,2407.30,0.00,2407.30,24207.75,2515.57,0,0,0,0.00,0,F1,65,,,,,
2026-08-26,2026-08-26,FO,NSE,IDO,47080,,NIFTY,,2026-09-01,2026-09-01,26350.00,PE,NIFTY2690126350PE,0.00,0.00,0.00,2035.25,0.00,2035.25,24207.75,2115.97,0,0,0,0.00,0,F1,65,,,,,
2026-08-26,2026-08-26,FO,NSE,IDO,47044,,NIFTY,,2026-09-01,2026-09-01,25450.00,PE,NIFTY2690125450PE,0.00,0.00,0.00,1130.00,1130.00,1130.00,24207.75,1218.47,780,0,0,0.00,0,F1,65,,,,,
2026-08-26,2026-08-26,FO,NSE,IDO,47008,,NIFTY,,2026-09-01,2026-09-01,24550.00,PE,NIFTY2690124550PE,168.00,271.30,150.25,237.65,258.15,217.70,24207.75,237.65,240825,138190,148769,239324497941.75,103976,F1,65,,,,,
2026-08-26,2026-08-26,FO,NSE,IDO,46980,,NIFTY,,2026-09-01,2026-09-01,23850.00,PE,NIFTY2690123850PE,9.75,11.10,6.55,8.10,8.40,11.20,24207.75,8.10,1185795,94380,353422,548087194443.75,75924,F1,65,,,,,
2026-08-26,2026-08-26,FO,NSE,IDO,46932,,NIFTY,,2026-09-01,2026-09-01,22650.00,PE,NIFTY2690122650PE,1.80,1.90,1.20,1.40,1.25,2.00,24207.75,1.40,56680,13845,5106,7517801232.50,1972,F1,65,,,,,
2026-08-26,2026-08-26,FO,NSE,IDO,46908,,NIFTY,,2026-09-01,2026-09-01,22050.00,PE,NIFTY2690122050PE,1.20,1.25,0.80,0.85,0.85,1.25,24207.75,0.85,31590,23725,1927,2761991534.25,692,F1,65,,,,,
2026-08-26,2026-08-26,FO,NSE,IDO,46935,,NIFTY,,2026-09-01,2026-09-01,22750.00,CE,NIFTY2690122750CE,0.00,0.00,0.00,1672.80,0.00,1672.80,24207.75,1480.61,0,0,0,0.00,0,F1,65,,,,,
2026-08-26,2026-08-26,FO,NSE,IDO,46979,,NIFTY,,2026-09-01,2026-09-01,23850.00,CE,NIFTY2690123850CE,575.00,623.45,475.10,503.40,480.75,526.65,24207.75,503.40,55185,26455,1928,3056709168.50,1640,F1,65,,,,,
2026-08-26,2026-08-26,FO,NSE,IDO,47007,,NIFTY,,2026-09-01,2026-09-01,24550.00,CE,NIFTY2690124550CE,65.00,68.45,28.35,34.95,30.70,45.00,24207.75,34.95,2554565,869830,781125,1248843344716.50,325452,F1,65,,,,,
2026-08-26,2026-08-26,FO,NSE,IDO,47035,,NIFTY,,2026-09-01,2026-09-01,25250.00,CE,NIFTY2690125250CE,1.90,2.15,1.60,1.75,1.95,1.70,24207.75,1.75,930540,798720,133152,218551879224.25,23393,F1,65,,,,,
2026-08-26,2026-08-26,FO,NSE,IDO,47067,,NIFTY,,2026-09-01,2026-09-01,26050.00,CE,NIFTY2690126050CE,0.80,1.30,0.65,0.70,0.70,0.75,24207.75,0.70,38870,30485,3283,5559104076.50,1043,F1,65,,,,,
2026-08-26,2026-08-26,FO,NSE,IDO,47083,,NIFTY,,2026-09-01,2026-09-01,26450.00,CE,NIFTY2690126450CE,0.95,0.95,0.55,0.65,0.60,0.60,24207.75,0.65,20735,18330,2286,3930308050.50,834,F1,65,,,,,
2026-08-26,2026-08-26,FO,NSE,IDO,47114,,NIFTY,,2026-09-01,2026-09-01,27100.00,CE,NIFTY2690127100CE,0.65,0.90,0.50,0.55,0.50,0.60,24207.75,0.55,46930,29120,1780,3135538601.00,764,F1,65,,,,,
2026-08-26,2026-08-26,FO,NSE,IDO,42595,,NIFTY,,2026-09-08,2026-09-08,23100.00,CE,NIFTY2690823100CE,0.00,0.00,0.00,1701.65,0.00,1701.65,24207.75,1174.54,0,0,0,0.00,0,F1,65,,,,,
2026-08-26,2026-08-26,FO,NSE,IDO,42663,,NIFTY,,2026-09-08,2026-09-08,24550.00,CE,NIFTY2690824550CE,125.50,131.00,74.20,84.75,76.15,102.30,24207.75,84.75,116155,34775,8853,14182906845.25,6705,F1,65,,,,,
2026-08-26,2026-08-26,FO,NSE,IDO,42711,,NIFTY,,2026-09-08,2026-09-08,25500.00,CE,NIFTY2690825500CE,3.80,3.80,2.80,3.10,3.00,2.85,24207.75,3.10,303615,97045,8210,13609766807.00,4375,F1,65,,,,,
2026-08-26,2026-08-26,FO,NSE,IDO,42767,,NIFTY,,2026-09-08,2026-09-08,26350.00,CE,NIFTY2690826350CE,2.00,2.00,1.10,1.40,1.50,1.20,24207.75,1.40,6435,1885,127,217529936.00,61,F1,65,,,,,
2026-08-26,2026-08-26,FO,NSE,IDO,47293,,NIFTY,,2026-09-15,2026-09-15,23400.00,CE,NIFTY2691523400CE,0.00,0.00,0.00,1312.70,0.00,1312.70,24207.75,963.68,0,0,0,0.00,0,F1,65,,,,,
2026-08-26,2026-08-26,FO,NSE,IDO,47319,,NIFTY,,2026-09-15,2026-09-15,24000.00,CE,NIFTY2691524000CE,530.95,570.00,445.80,459.70,449.85,498.75,24207.75,459.70,33085,-3120,655,1042980744.00,382,F1,65,,,,,
2026-08-26,2026-08-26,FO,NSE,IDO,47333,,NIFTY,,2026-09-15,2026-09-15,24350.00,CE,NIFTY2691524350CE,287.85,301.65,209.15,222.00,211.50,251.10,24207.75,222.00,31720,21255,1292,2066423378.50,970,F1,65,,,,,
2026-08-26,2026-08-26,FO,NSE,IDO,47439,,NIFTY,,2026-09-15,2026-09-15,26150.00,CE,NIFTY2691526150CE,3.25,3.25,3.25,3.25,3.25,3.25,24207.75,9.45,1560,260,4,6799845.00,1,F1,65,,,,,
2026-08-26,2026-08-26,FO,NSE,IDO,47420,,NIFTY,,2026-09-15,2026-09-15,25850.00,PE,NIFTY2691525850PE,0.00,0.00,0.00,1345.95,0.00,1345.95,24207.75,1576.55,0,0,0,0.00,0,F1,65,,,,,
2026-08-26,2026-08-26,FO,NSE,IDO,47362,,NIFTY,,2026-09-15,2026-09-15,24950.00,PE,NIFTY2691524950PE,0.00,0.00,0.00,689.20,0.00,689.20,24207.75,791.08,0,0,0,0.00,0,F1,65,,,,,
2026-08-26,2026-08-26,FO,NSE,IDO,47322,,NIFTY,,2026-09-15,2026-09-15,24050.00,PE,NIFTY2691524050PE,65.95,85.35,54.00,82.70,82.00,76.65,24207.75,82.70,20605,8450,648,1015758523.00,374,F1,65,,,,,
2026-08-26,2026-08-26,FO,NSE,IDO,47316,,NIFTY,,2026-09-15,2026-09-15,23900.00,PE,NIFTY2691523900PE,43.50,59.55,36.20,52.70,55.55,54.10,24207.75,52.70,374985,50310,4062,6322413490.25,2332,F1,65,,,,,
2026-08-26,2026-08-26,FO,NSE,IDO,47298,,NIFTY,,2026-09-15,2026-09-15,23500.00,PE,NIFTY2691523500PE,22.15,22.15,14.40,19.05,18.55,21.10,24207.75,19.05,238550,57590,4933,7540805379.25,2344,F1,65,,,,,
2026-08-26,2026-08-26,FO,NSE,IDO,47280,,NIFTY,,2026-09-15,2026-09-15,23050.00,PE,NIFTY2691523050PE,0.00,0.00,0.00,58.25,0.00,58.25,24207.75,34.68,0,0,0,0.00,0,F1,65,,,,,
2026-08-26,2026-08-26,FO,NSE,IDO,42726,,NIFTY,,2026-09-08,2026-09-08,25650.00,PE,NIFTY2690825650PE,0.00,0.00,0.00,1079.40,0.00,1079.40,24207.75,1397.27,0,0,0,0.00,0,F1,65,,,,,
2026-08-26,2026-08-26,FO,NSE,IDO,42626,,NIFTY,,2026-09-08,2026-09-08,23650.00,PE,NIFTY2690823650PE,12.55,16.25,10.45,14.40,14.90,15.55,24207.75,14.40,109005,38545,4927,7578097569.25,3292,F1,65,,,,,
2026-08-26,2026-08-26,FO,NSE,IDO,42590,,NIFTY,,2026-09-08,2026-09-08,22950.00,PE,NIFTY2690822950PE,4.60,4.95,4.15,4.70,4.40,6.95,24207.75,4.70,6435,1105,145,216346276.25,81,F1,65,,,,,
2026-08-26,2026-08-26,FO,NSE,IDO,42580,,NIFTY,,2026-09-08,2026-09-08,22700.00,PE,NIFTY2690822700PE,3.15,4.25,3.10,4.00,4.10,4.85,24207.75,4.00,82875,53300,2558,3774963185.50,1101,F1,65,,,,,
2026-08-26,2026-08-26,FO,NSE,IDO,42570,,NIFTY,,2026-09-08,2026-09-08,22450.00,PE,NIFTY2690822450PE,4.50,4.50,2.75,3.60,4.50,3.85,24207.75,3.60,3965,910,125,182434603.00,65,F1,65,,,,,
2026-08-26,2026-08-26,FO,NSE,IDO,42568,,NIFTY,,2026-09-08,2026-09-08,22400.00,PE,NIFTY2690822400PE,3.45,3.75,2.95,3.60,3.55,4.15,24207.75,3.60,747695,534040,15378,22393836565.75,3599,F1,65,,,,,
2026-08-26,2026-08-26,FO,NSE,IDO,47118,,NIFTY,,2026-09-01,2026-09-01,27150.00,PE,NIFTY2690127150PE,0.00,0.00,0.00,2789.80,0.00,2789.80,24207.75,2915.17,0,0,0,0.00,0,F1,65,,,,,
2026-08-26,2026-08-26,FO,NSE,IDO,47082,,NIFTY,,2026-09-01,2026-09-01,26400.00,PE,NIFTY2690126400PE,0.00,0.00,0.00,2081.00,0.00,2081.00,24207.75,2165.92,0,0,0,0.00,0,F1,65,,,,,
2026-08-26,2026-08-26,FO,NSE,IDO,47066,,NIFTY,,2026-09-01,2026-09-01,26000.00,PE,NIFTY2690126000PE,1560.00,1675.75,1536.70,1656.05,1675.75,1616.85,24207.75,1656.05,163085,3770,117,210254619.25,81,F1,65,,,,,
2026-08-26,2026-08-26,FO,NSE,IDO,47028,,NIFTY,,2026-09-01,2026-09-01,25050.00,PE,NIFTY2690125050PE,598.95,737.00,592.85,713.40,729.00,825.00,24207.75,713.40,5005,4225,150,250791999.25,109,F1,65,,,,,
2026-08-26,2026-08-26,FO,NSE,IDO,47004,,NIFTY,,2026-09-01,2026-09-01,24450.00,PE,NIFTY2690124450PE,119.00,195.80,97.00,161.20,179.75,151.60,24207.75,161.20,841880,547560,580188,927321587702.25,357895,F1,65,,,,,
2026-08-26,2026-08-26,FO,NSE,IDO,46986,,NIFTY,,2026-09-01,2026-09-01,24000.00,PE,NIFTY2690124000PE,17.00,23.85,11.30,17.55,18.80,19.90,24207.75,17.55,5634915,1514110,1034495,1614958060075.75,289012,F1,65,,,,,
2026-08-26,2026-08-26,FO,NSE,IDO,46925,,NIFTY,,2026-09-01,2026-09-01,22500.00,CE,NIFTY2690122500CE,1875.40,1875.40,1875.40,1875.40,1875.40,1875.40,24207.75,1730.21,11895,65,1,1584401.00,1,F1,65,,,,,
2026-08-26,2026-08-26,FO,NSE,IDO,46960,,NIFTY,,2026-09-01,2026-09-01,23350.00,PE,NIFTY2690123350PE,3.70,3.85,2.15,2.40,2.15,4.30,24207.75,2.40,778765,53300,90506,137381135352.50,17627,F1,65,,,,,
2026-08-26,2026-08-26,FO,NSE,IDO,46958,,NIFTY,,2026-09-01,2026-09-01,23300.00,PE,NIFTY2690123300PE,3.35,3.75,2.00,2.30,2.05,3.95,24207.75,2.30,2079675,-796770,253991,384710509641.25,44633,F1,65,,,,,
2026-08-26,2026-08-26,FO,NSE,IDO,46956,,NIFTY,,2026-09-01,2026-09-01,23250.00,PE,NIFTY2690123250PE,3.10,3.70,1.85,2.20,1.90,3.75,24207.75,2.20,243880,-20735,45280,68436438986.50,8848,F1,65,,,,,
2026-08-26,2026-08-26,FO,NSE,IDO,46912,,NIFTY,,2026-09-01,2026-09-01,22150.00,PE,NIFTY2690122150PE,1.60,1.60,0.90,1.00,0.95,1.30,24207.75,1.00,43420,36400,2345,3376377738.50,839,F1,65,,,,,
2026-08-26,2026-08-26,FO,NSE,IDO,46910,,NIFTY,,2026-09-01,2026-09-01,22100.00,PE,NIFTY2690122100PE,1.05,1.25,0.80,0.90,0.80,1.15,24207.75,0.90,1328405,233480,21843,31378816979.25,6630,F1,65,,,,,
2026-08-26,2026-08-26,FO,NSE,IDO,46906,,NIFTY,,2026-09-01,2026-09-01,22000.00,PE,NIFTY2690122000PE,0.95,1.25,0.75,0.85,0.75,1.25,24207.75,0.85,4050280,-824915,107395,153580925420.00,13417,F1,65,,,,,
2026-08-26,2026-08-26,FO,NSE,IDO,46982,,NIFTY,,2026-09-01,2026-09-01,23900.00,PE,NIFTY2690123900PE,11.30,14.30,7.90,10.10,10.75,13.20,24207.75,10.10,4604340,2503085,664200,1032288735734.75,153419,F1,65,,,,,
2026-08-26,2026-08-26,FO,NSE,IDO,47026,,NIFTY,,2026-09-01,2026-09-01,25000.00,PE,NIFTY2690125000PE,597.60,694.15,501.05,642.85,677.50,620.05,24207.75,642.85,339365,54015,6939,11554341379.75,4441,F1,65,,,,,
2026-08-26,2026-08-26,FO,NSE,IDO,42572,,NIFTY,,2026-09-08,2026-09-08,22500.00,PE,NIFTY2690822500PE,3.55,3.95,3.20,3.75,3.65,4.40,24207.75,3.75,567190,165815,10622,15537143677.25,2727,F1,65,,,,,
2026-08-26,2026-08-26,FO,NSE,IDO,42574,,NIFTY,,2026-09-08,2026-09-08,22550.00,PE,NIFTY2690822550PE,4.80,4.80,2.85,3.60,3.95,4.00,24207.75,3.60,2990,975,101,148064068.75,48,F1,65,,,,,
2026-08-26,2026-08-26,FO,NSE,IDO,42682,,NIFTY,,2026-09-08,2026-09-08,24950.00,PE,NIFTY2690824950PE,0.00,0.00,0.00,777.25,777.25,777.25,24207.75,761.87,65,0,0,0.00,0,F1,65,,,,,
2026-08-26,2026-08-26,FO,NSE,IDO,42710,,NIFTY,,2026-09-08,2026-09-08,25450.00,PE,NIFTY2690825450PE,0.00,0.00,0.00,931.85,0.00,931.85,24207.75,1206.58,0,0,0,0.00,0,F1,65,,,,,
2026-08-26,2026-08-26,FO,NSE,IDO,42744,,NIFTY,,2026-09-08,2026-09-08,25950.00,PE,NIFTY2690825950PE,0.00,0.00,0.00,1315.00,0.00,1315.00,24207.75,1689.98,0,0,0,0.00,0,F1,65,,,,,
2026-08-26,2026-08-26,FO,NSE,IDO,42764,,NIFTY,,2026-09-08,2026-09-08,26250.00,PE,NIFTY2690826250PE,0.00,0.00,0.00,1568.65,0.00,1568.65,24207.75,1986.79,0,0,0,0.00,0,F1,65,,,,,
2026-08-26,2026-08-26,FO,NSE,IDO,47268,,NIFTY,,2026-09-15,2026-09-15,22750.00,PE,NIFTY2691522750PE,9.25,9.25,9.25,9.25,9.25,7.75,24207.75,15.50,1560,0,5,7396756.25,1,F1,65,,,,,
2026-08-26,2026-08-26,FO,NSE,IDO,47272,,NIFTY,,2026-09-15,2026-09-15,22850.00,PE,NIFTY2691522850PE,0.00,0.00,0.00,11.20,8.00,11.20,24207.75,20.51,1105,0,0,0.00,0,F1,65,,,,,
2026-08-26,2026-08-26,FO,NSE,IDO,47440,,NIFTY,,2026-09-15,2026-09-15,26150.00,PE,NIFTY2691526150PE,0.00,0.00,0.00,1603.05,0.00,1603.05,24207.75,1864.87,0,0,0,0.00,0,F1,65,,,,,
2026-08-26,2026-08-26,FO,NSE,IDO,47392,,NIFTY,,2026-09-15,2026-09-15,25500.00,PE,NIFTY2691525500PE,0.00,0.00,0.00,1068.30,0.00,1068.30,24207.75,1252.36,0,0,0,0.00,0,F1,65,,,,,
2026-08-26,2026-08-26,FO,NSE,IDO,47278,,NIFTY,,2026-09-15,2026-09-15,23000.00,PE,NIFTY2691523000PE,7.95,9.15,7.35,8.75,8.95,9.90,24207.75,8.75,156780,35685,2111,3157095249.75,1035,F1,65,,,,,
2026-08-26,2026-08-26,FO,NSE,IDO,46921,,NIFTY,,2026-09-01,2026-09-01,22400.00,CE,NIFTY2690122400CE,0.00,0.00,0.00,1986.25,0.00,1986.25,24207.75,1830.10,0,0,0,0.00,0,F1,65,,,,,
2026-08-26,2026-08-26,FO,NSE,IDO,46933,,NIFTY,,2026-09-01,2026-09-01,22700.00,CE,NIFTY2690122700CE,0.00,0.00,0.00,1716.55,0.00,1716.55,24207.75,1530.50,0,0,0,0.00,0,F1,65,,,,,
2026-08-26,2026-08-26,FO,NSE,IDO,46945,,NIFTY,,2026-09-01,2026-09-01,23000.00,CE,NIFTY2690123000CE,1530.70,1530.70,1310.30,1324.00,1323.00,1368.05,24207.75,1324.00,46020,-3185,552,876182739.25,356,F1,65,,,,,
2026-08-26,2026-08-26,FO,NSE,IDO,46951,,NIFTY,,2026-09-01,2026-09-01,23150.00,CE,NIFTY2690123150CE,0.00,0.00,0.00,1180.00,1180.00,1180.00,24207.75,1083.29,325,0,0,0.00,0,F1,65,,,,,
2026-08-26,2026-08-26,FO,NSE,IDO,46975,,NIFTY,,2026-09-01,2026-09-01,23750.00,CE,NIFTY2690123750CE,668.00,722.00,566.40,605.30,575.70,620.65,24207.75,605.30,45630,27430,789,1251871998.00,683,F1,65,,,,,
2026-08-26,2026-08-26,FO,NSE,IDO,47005,,NIFTY,,2026-09-01,2026-09-01,24500.00,CE,NIFTY2690124500CE,76.10,89.80,38.25,47.05,41.15,61.30,24207.75,47.05,10391940,4925960,1922348,3069018526671.50,752540,F1,65,,,,,
2026-08-26,2026-08-26,FO,NSE,IDO,47015,,NIFTY,,2026-09-01,2026-09-01,24750.00,CE,NIFTY2690124750CE,14.60,19.60,8.30,9.95,8.90,12.40,24207.75,9.95,3551795,2305745,435689,701278819393.75,126889,F1,65,,,,,
2026-08-26,2026-08-26,FO,NSE,IDO,47027,,NIFTY,,2026-09-01,2026-09-01,25050.00,CE,NIFTY2690125050CE,3.20,4.05,2.80,3.00,3.00,3.05,24207.75,3.00,1448785,961480,224760,366010997855.75,39349,F1,65,,,,,
2026-08-26,2026-08-26,FO,NSE,IDO,47047,,NIFTY,,2026-09-01,2026-09-01,25550.00,CE,NIFTY2690125550CE,1.10,1.25,0.85,1.00,1.10,1.00,24207.75,1.00,624780,357955,50495,83862955614.75,10503,F1,65,,,,,
2026-08-26,2026-08-26,FO,NSE,IDO,47085,,NIFTY,,2026-09-01,2026-09-01,26500.00,CE,NIFTY2690126500CE,0.70,1.05,0.55,0.65,0.65,0.70,24207.75,0.65,139425,78650,7527,12965578778.75,1800,F1,65,,,,,
2026-08-26,2026-08-26,FO,NSE,IDO,42573,,NIFTY,,2026-09-08,2026-09-08,22550.00,CE,NIFTY2690822550CE,0.00,0.00,0.00,2213.60,0.00,2213.60,24207.75,1708.48,0,0,0,0.00,0,F1,65,,,,,
2026-08-26,2026-08-26,FO,NSE,IDO,42639,,NIFTY,,2026-09-08,2026-09-08,24000.00,CE,NIFTY2690824000CE,488.70,523.05,386.90,414.70,396.00,438.40,24207.75,414.70,238550,88140,5036,8001942698.75,3352,F1,65,,,,,
2026-08-26,2026-08-26,FO,NSE,IDO,42659,,NIFTY,,2026-09-08,2026-09-08,24450.00,CE,NIFTY2690824450CE,165.00,181.75,107.15,121.00,111.30,143.40,24207.75,121.00,623350,531310,18771,29993369887.00,13855,F1,65,,,,,
2026-08-26,2026-08-26,FO,NSE,IDO,42691,,NIFTY,,2026-09-08,2026-09-08,25100.00,CE,NIFTY2690825100CE,10.30,12.05,7.40,8.25,7.90,7.90,24207.75,8.25,1169480,20865,39509,64481997092.50,19298,F1,65,,,,,
2026-08-26,2026-08-26,FO,NSE,IDO,42765,,NIFTY,,2026-09-08,2026-09-08,26300.00,CE,NIFTY2690826300CE,1.85,1.85,1.10,1.25,1.30,1.50,24207.75,1.25,27950,325,216,369269754.75,83,F1,65,,,,,
2026-08-26,2026-08-26,FO,NSE,IDO,47285,,NIFTY,,2026-09-15,2026-09-15,23200.00,CE,NIFTY2691523200CE,0.00,0.00,0.00,1481.90,0.00,1481.90,24207.75,1134.72,0,0,0,0.00,0,F1,65,,,,,
2026-08-26,2026-08-26,FO,NSE,IDO,47301,,NIFTY,,2026-09-15,2026-09-15,23600.00,CE,NIFTY2691523600CE,0.00,0.00,0.00,784.90,784.90,784.90,24207.75,803.86,195,0,0,0.00,0,F1,65,,,,,
2026-08-26,2026-08-26,FO,NSE,IDO,47315,,NIFTY,,2026-09-15,2026-09-15,23900.00,CE,NIFTY2691523900CE,628.00,650.00,576.70,579.65,579.65,569.65,24207.75,589.85,975,-130,7,11152329.50,7,F1,65,,,,,
2026-08-26,2026-08-26,FO,NSE,IDO,47339,,NIFTY,,2026-09-15,2026-09-15,24500.00,CE,NIFTY2691524500CE,200.00,210.50,136.50,148.70,139.85,170.50,24207.75,148.70,424840,158340,9282,14883727105.00,6718,F1,65,,,,,
2026-08-26,2026-08-26,FO,NSE,IDO,47395,,NIFTY,,2026-09-15,2026-09-15,25600.00,CE,NIFTY2691525600CE,0.00,0.00,0.00,164.30,0.00,164.30,24207.75,35.97,0,0,0,0.00,0,F1,65,,,,,
2026-08-26,2026-08-26,FO,NSE,IDO,47424,,NIFTY,,2026-09-15,2026-09-15,25950.00,PE,NIFTY2691525950PE,0.00,0.00,0.00,1430.00,0.00,1430.00,24207.75,1671.84,0,0,0,0.00,0,F1,65,,,,,
2026-08-26,2026-08-26,FO,NSE,IDO,47324,,NIFTY,,2026-09-15,2026-09-15,24100.00,PE,NIFTY2691524100PE,80.00,101.00,62.20,92.85,93.35,90.05,24207.75,92.85,132145,24635,3409,5357838616.00,2303,F1,65,,,,,
2026-08-26,2026-08-26,FO,NSE,IDO,47312,,NIFTY,,2026-09-15,2026-09-15,23850.00,PE,NIFTY2691523850PE,0.00,0.00,0.00,204.05,0.00,204.05,24207.75,186.17,0,0,0,0.00,0,F1,65,,,,,
2026-08-26,2026-08-26,FO,NSE,IDO,47310,,NIFTY,,2026-09-15,2026-09-15,23800.00,PE,NIFTY2691523800PE,35.50,44.30,27.50,38.95,42.50,41.95,24207.75,38.95,185250,60320,3437,5324713829.50,2238,F1,65,,,,,
2026-08-26,2026-08-26,FO,NSE,IDO,42768,,NIFTY,,2026-09-08,2026-09-08,26350.00,PE,NIFTY2690826350PE,0.00,0.00,0.00,1656.40,0.00,1656.40,24207.75,2086.17,0,0,0,0.00,0,F1,65,,,,,
2026-08-26,2026-08-26,FO,NSE,IDO,42728,,NIFTY,,2026-09-08,2026-09-08,25700.00,PE,NIFTY2690825700PE,0.00,0.00,0.00,1116.50,0.00,1116.50,24207.75,1445.60,0,0,0,0.00,0,F1,65,,,,,
2026-08-26,2026-08-26,FO,NSE,IDO,42692,,NIFTY,,2026-09-08,2026-09-08,25100.00,PE,NIFTY2690825100PE,0.00,0.00,0.00,821.65,821.65,821.65,24207.75,888.77,65,0,0,0.00,0,F1,65,,,,,
2026-08-26,2026-08-26,FO,NSE,IDO,42662,,NIFTY,,2026-09-08,2026-09-08,24500.00,PE,NIFTY2690824500PE,188.00,253.95,160.45,231.35,244.00,218.45,24207.75,231.35,662740,451490,31028,49828869925.25,22239,F1,65,,,,,
2026-08-26,2026-08-26,FO,NSE,IDO,42658,,NIFTY,,2026-09-08,2026-09-08,24400.00,PE,NIFTY2690824400PE,140.05,194.25,116.80,172.85,184.10,164.45,24207.75,172.85,632515,406445,39686,63348430340.00,28277,F1,65,,,,,
2026-08-26,2026-08-26,FO,NSE,IDO,42604,,NIFTY,,2026-09-08,2026-09-08,23300.00,PE,NIFTY2690823300PE,7.45,7.45,5.95,6.70,6.55,8.30,24207.75,6.70,276380,-3380,16629,25191644981.75,7737,F1,65,,,,,
2026-08-26,2026-08-26,FO,NSE,IDO,47090,,NIFTY,,2026-09-01,2026-09-01,26600.00,PE,NIFTY2690126600PE,0.00,0.00,0.00,2266.30,0.00,2266.30,24207.75,2365.72,0,0,0,0.00,0,F1,65,,,,,
2026-08-26,2026-08-26,FO,NSE,IDO,47070,,NIFTY,,2026-09-01,2026-09-01,26100.00,PE,NIFTY2690126100PE,0.00,0.00,0.00,1870.00,1870.00,1870.00,24207.75,1866.24,130,0,0,0.00,0,F1,65,,,,,
2026-08-26,2026-08-26,FO,NSE,IDO,47042,,NIFTY,,2026-09-01,2026-09-01,25400.00,PE,NIFTY2690125400PE,961.25,1044.20,940.25,1042.75,1044.20,1028.20,24207.75,1042.75,37180,650,51,87458156.50,50,F1,65,,,,,
2026-08-26,2026-08-26,FO,NSE,IDO,47036,,NIFTY,,2026-09-01,2026-09-01,25250.00,PE,NIFTY2690125250PE,809.95,822.30,808.60,822.30,822.30,985.80,24207.75,1021.71,1170,910,14,23717271.50,14,F1,65,,,,,
2026-08-26,2026-08-26,FO,NSE,IDO,47024,,NIFTY,,2026-09-01,2026-09-01,24950.00,PE,NIFTY2690124950PE,547.60,635.60,487.90,599.50,631.20,577.45,24207.75,599.50,20150,13065,1108,1835850185.00,979,F1,65,,,,,
2026-08-26,2026-08-26,FO,NSE,IDO,47012,,NIFTY,,2026-09-01,2026-09-01,24650.00,PE,NIFTY2690124650PE,274.60,356.65,219.90,331.95,340.05,299.40,24207.75,331.95,154635,51155,36115,58521587101.25,26653,F1,65,,,,,
2026-08-26,2026-08-26,FO,NSE,IDO,46984,,NIFTY,,2026-09-01,2026-09-01,23950.00,PE,NIFTY2690123950PE,14.00,18.40,9.35,13.20,14.20,16.15,24207.75,13.20,1588535,498940,439903,685202864466.25,123625,F1,65,,,,,
2026-08-26,2026-08-26,FO,NSE,IDO,47381,,NIFTY,,2026-09-15,2026-09-15,25350.00,CE,NIFTY2691525350CE,0.00,0.00,0.00,224.65,0.00,224.65,24207.75,61.40,0,0,0,0.00,0,F1,65,,,,,
2026-08-26,2026-08-26,FO,NSE,IDO,47361,,NIFTY,,2026-09-15,2026-09-15,24950.00,CE,NIFTY2691524950CE,0.00,0.00,0.00,355.50,0.00,355.50,24207.75,131.67,0,0,0,0.00,0,F1,65,,,,,
2026-08-26,2026-08-26,FO,NSE,IDO,47351,,NIFTY,,2026-09-15,2026-09-15,24750.00,CE,NIFTY2691524750CE,0.00,0.00,0.00,438.30,0.00,438.30,24207.75,184.88,0,0,0,0.00,0,F1,65,,,,,
2026-08-26,2026-08-26,FO,NSE,IDO,47337,,NIFTY,,2026-09-15,2026-09-15,24450.00,CE,NIFTY2691524450CE,216.10,237.85,157.85,168.10,159.45,199.10,24207.75,168.10,20995,9555,708,1133974494.25,524,F1,65,,,,,
2026-08-26,2026-08-26,FO,NSE,IDO,47329,,NIFTY,,2026-09-15,2026-09-15,24250.00,CE,NIFTY2691524250CE,340.40,368.00,266.60,281.20,271.45,308.45,24207.75,281.20,21190,4615,1559,2489603593.75,1009,F1,65,,,,,
2026-08-26,2026-08-26,FO,NSE,IDO,47327,,NIFTY,,2026-09-15,2026-09-15,24200.00,CE,NIFTY2691524200CE,360.00,411.00,297.10,309.60,301.95,343.95,24207.75,309.60,100555,-8905,2651,4231050645.25,1818,F1,65,,,,,
2026-08-26,2026-08-26,FO,NSE,IDO,47311,,NIFTY,,2026-09-15,2026-09-15,23850.00,CE,NIFTY2691523850CE,0.00,0.00,0.00,963.95,0.00,963.95,24207.75,623.11,0,0,0,0.00,0,F1,65,,,,,
2026-08-26,2026-08-26,FO,NSE,IDO,42653,,NIFTY,,2026-09-08,2026-09-08,24350.00,CE,NIFTY2690824350CE,210.00,244.90,153.80,168.95,159.00,196.55,24207.75,168.95,241865,172835,12954,20669353214.25,9579,F1,65,,,,,
2026-08-26,2026-08-26,FO,NSE,IDO,42649,,NIFTY,,2026-09-08,2026-09-08,24250.00,CE,NIFTY2690824250CE,305.10,313.95,208.05,227.70,215.65,255.10,24207.75,227.70,166400,68705,8128,12941927407.50,5703,F1,65,,,,,
2026-08-26,2026-08-26,FO,NSE,IDO,42612,,NIFTY,,2026-09-08,2026-09-08,23500.00,CE,NIFTY2690823500CE,961.30,980.00,850.90,854.20,850.90,910.35,24207.75,854.20,19045,1625,78,123753340.75,65,F1,65,,,,,
2026-08-26,2026-08-26,FO,NSE,IDO,42605,,NIFTY,,2026-09-08,2026-09-08,23350.00,CE,NIFTY2690823350CE,0.00,0.00,0.00,1481.65,0.00,1481.65,24207.75,945.23,0,0,0,0.00,0,F1,65,,,,,
2026-08-26,2026-08-26,FO,NSE,IDO,42591,,NIFTY,,2026-09-08,2026-09-08,23000.00,CE,NIFTY2690823000CE,0.00,0.00,0.00,1371.55,1371.55,1371.55,24207.75,1269.40,130,0,0,0.00,0,F1,65,,,,,
2026-08-26,2026-08-26,FO,NSE,IDO,42581,,NIFTY,,2026-09-08,2026-09-08,22750.00,CE,NIFTY2690822750CE,0.00,0.00,0.00,2023.95,0.00,2023.95,24207.75,1511.57,0,0,0,0.00,0,F1,65,,,,,
2026-08-26,2026-08-26,FO,NSE,IDO,42567,,NIFTY,,2026-09-08,2026-09-08,22400.00,CE,NIFTY2690822400CE,0.00,0.00,0.00,2357.75,0.00,2357.75,24207.75,1857.16,0,0,0,0.00,0,F1,65,,,,,
2026-08-26,2026-08-26,FO,NSE,IDO,47112,,NIFTY,,2026-09-01,2026-09-01,27050.00,CE,NIFTY2690127050CE,0.65,1.10,0.50,0.55,0.50,0.75,24207.75,0.55,20605,12805,1531,2691944294.00,587,F1,65,,,,,
2026-08-26,2026-08-26,FO,NSE,IDO,47106,,NIFTY,,2026-09-01,2026-09-01,26900.00,CE,NIFTY2690126900CE,0.85,1.00,0.50,0.60,0.55,0.75,24207.75,0.60,27755,-10855,2107,3684176102.75,881,F1,65,,,,,
2026-08-26,2026-08-26,FO,NSE,IDO,47079,,NIFTY,,2026-09-01,2026-09-01,26350.00,CE,NIFTY2690126350CE,0.80,1.00,0.60,0.65,0.65,0.70,24207.75,0.65,8710,5395,755,1293160940.50,253,F1,65,,,,,
2026-08-26,2026-08-26,FO,NSE,IDO,47053,,NIFTY,,2026-09-01,2026-09-01,25700.00,CE,NIFTY2690125700CE,0.80,0.90,0.65,0.75,0.75,0.80,24207.75,0.75,2037230,604565,125661,209923164103.25,24963,F1,65,,,,,
2026-08-26,2026-08-26,FO,NSE,IDO,47043,,NIFTY,,2026-09-01,2026-09-01,25450.00,CE,NIFTY2690125450CE,1.05,1.45,1.05,1.15,1.10,1.10,24207.75,1.15,433030,344760,43528,72009673862.75,11383,F1,65,,,,,
2026-08-26,2026-08-26,FO,NSE,IDO,47039,,NIFTY,,2026-09-01,2026-09-01,25350.00,CE,NIFTY2690125350CE,1.65,1.75,1.25,1.40,1.25,1.30,24207.75,1.40,700375,573820,103911,171229486814.75,17364,F1,65,,,,,
2026-08-26,2026-08-26,FO,NSE,IDO,46991,,NIFTY,,2026-09-01,2026-09-01,24150.00,CE,NIFTY2690124150CE,291.80,338.80,205.20,235.90,215.70,261.15,24207.75,235.90,750295,8775,79785,126593977802.50,55027,F1,65,,,,,
2026-08-26,2026-08-26,FO,NSE,IDO,46963,,NIFTY,,2026-09-01,2026-09-01,23450.00,CE,NIFTY2690123450CE,900.00,941.80,895.70,909.00,896.75,937.70,24207.75,909.00,1950,260,10,15831504.00,10,F1,65,,,,,
2026-08-26,2026-08-26,FO,NSE,IDO,46929,,NIFTY,,2026-09-01,2026-09-01,22600.00,CE,NIFTY2690122600CE,0.00,0.00,0.00,1805.15,0.00,1805.15,24207.75,1630.34,0,0,0,0.00,0,F1,65,,,,,
2026-08-26,2026-08-26,FO,NSE,IDO,46939,,NIFTY,,2026-09-01,2026-09-01,22850.00,CE,NIFTY2690122850CE,0.00,0.00,0.00,1586.45,0.00,1586.45,24207.75,1380.89,0,0,0,0.00,0,F1,65,,,,,
2026-08-26,2026-08-26,FO,NSE,IDO,46953,,NIFTY,,2026-09-01,2026-09-01,23200.00,CE,NIFTY2690123200CE,1250.00,1250.00,1133.00,1171.25,1170.95,1161.40,24207.75,1171.25,14625,1820,43,68116366.50,43,F1,65,,,,,
2026-08-26,2026-08-26,FO,NSE,IDO,46971,,NIFTY,,2026-09-01,2026-09-01,23650.00,CE,NIFTY2690123650CE,786.70,821.10,675.90,710.75,675.90,716.20,24207.75,710.75,26650,23530,513,814907154.75,470,F1,65,,,,,
2026-08-26,2026-08-26,FO,NSE,IDO,46977,,NIFTY,,2026-09-01,2026-09-01,23800.00,CE,NIFTY2690123800CE,640.10,672.05,516.15,560.95,528.00,580.70,24207.75,560.95,164255,-4615,8086,12811455416.50,4723,F1,65,,,,,
2026-08-26,2026-08-26,FO,NSE,IDO,47031,,NIFTY,,2026-09-01,2026-09-01,25150.00,CE,NIFTY2690125150CE,2.50,2.90,2.05,2.25,2.45,2.10,24207.75,2.25,868465,665600,178246,291414834477.00,28802,F1,65,,,,,
2026-08-26,2026-08-26,FO,NSE,IDO,47089,,NIFTY,,2026-09-01,2026-09-01,26600.00,CE,NIFTY2690126600CE,1.00,1.00,0.55,0.65,0.70,0.75,24207.75,0.65,47190,27560,1985,3432149834.75,530,F1,65,,,,,
2026-08-26,2026-08-26,FO,NSE,IDO,42575,,NIFTY,,2026-09-08,2026-09-08,22600.00,CE,NIFTY2690822600CE,0.00,0.00,0.00,2165.90,0.00,2165.90,24207.75,1659.08,0,0,0,0.00,0,F1,65,,,,,
2026-08-26,2026-08-26,FO,NSE,IDO,42585,,NIFTY,,2026-09-08,2026-09-08,22850.00,CE,NIFTY2690822850CE,0.00,0.00,0.00,1930.45,0.00,1930.45,24207.75,1414.02,0,0,0,0.00,0,F1,65,,,,,
2026-08-26,2026-08-26,FO,NSE,IDO,42603,,NIFTY,,2026-09-08,2026-09-08,23300.00,CE,NIFTY2690823300CE,0.00,0.00,0.00,1524.85,0.00,1524.85,24207.75,990.00,0,0,0,0.00,0,F1,65,,,,,
2026-08-26,2026-08-26,FO,NSE,IDO,42615,,NIFTY,,2026-09-08,2026-09-08,23550.00,CE,NIFTY2690823550CE,0.00,0.00,0.00,1313.50,0.00,1313.50,24207.75,773.19,0,0,0,0.00,0,F1,65,,,,,
2026-08-26,2026-08-26,FO,NSE,IDO,42629,,NIFTY,,2026-09-08,2026-09-08,23750.00,CE,NIFTY2690823750CE,623.20,632.25,616.85,621.15,632.25,692.20,24207.75,621.15,1365,390,8,12672988.25,7,F1,65,,,,,
2026-08-26,2026-08-26,FO,NSE,IDO,42645,,NIFTY,,2026-09-08,2026-09-08,24150.00,CE,NIFTY2690824150CE,344.00,392.50,271.85,292.00,281.80,323.00,24207.75,292.00,96005,715,1383,2200121121.25,1141,F1,65,,,,,
2026-08-26,2026-08-26,FO,NSE,IDO,42651,,NIFTY,,2026-09-08,2026-09-08,24300.00,CE,NIFTY2690824300CE,227.60,278.50,178.60,196.80,185.85,221.85,24207.75,196.80,897585,429065,48076,76619617538.75,33636,F1,65,,,,,
2026-08-26,2026-08-26,FO,NSE,IDO,47253,,NIFTY,,2026-09-15,2026-09-15,22400.00,CE,NIFTY2691522400CE,0.00,0.00,0.00,2217.25,0.00,2217.25,24207.75,1887.41,0,0,0,0.00,0,F1,65,,,,,
2026-08-26,2026-08-26,FO,NSE,IDO,47267,,NIFTY,,2026-09-15,2026-09-15,22750.00,CE,NIFTY2691522750CE,0.00,0.00,0.00,1886.50,0.00,1886.50,24207.75,1548.79,0,0,0,0.00,0,F1,65,,,,,
2026-08-26,2026-08-26,FO,NSE,IDO,47271,,NIFTY,,2026-09-15,2026-09-15,22850.00,CE,NIFTY2691522850CE,0.00,0.00,0.00,1794.25,0.00,1794.25,24207.75,1454.13,0,0,0,0.00,0,F1,65,,,,,
2026-08-26,2026-08-26,FO,NSE,IDO,47289,,NIFTY,,2026-09-15,2026-09-15,23300.00,CE,NIFTY2691523300CE,0.00,0.00,0.00,1396.35,0.00,1396.35,24207.75,1047.94,0,0,0,0.00,0,F1,65,,,,,
2026-08-26,2026-08-26,FO,NSE,IDO,47325,,NIFTY,,2026-09-15,2026-09-15,24150.00,CE,NIFTY2691524150CE,409.05,443.05,335.00,347.90,335.00,382.90,24207.75,347.90,6760,-1365,91,145127671.00,83,F1,65,,,,,
2026-08-26,2026-08-26,FO,NSE,IDO,47353,,NIFTY,,2026-09-15,2026-09-15,24800.00,CE,NIFTY2691524800CE,0.00,0.00,0.00,416.45,0.00,416.45,24207.75,170.22,0,0,0,0.00,0,F1,65,,,,,
2026-08-26,2026-08-26,FO,NSE,IDO,47387,,NIFTY,,2026-09-15,2026-09-15,25450.00,CE,NIFTY2691525450CE,0.00,0.00,0.00,199.70,0.00,199.70,24207.75,49.84,0,0,0,0.00,0,F1,65,,,,,
2026-08-26,2026-08-26,FO,NSE,IDO,47389,,NIFTY,,2026-09-15,2026-09-15,25500.00,CE,NIFTY2691525500CE,0.00,0.00,0.00,187.75,0.00,187.75,24207.75,44.79,0,0,0,0.00,0,F1,65,,,,,
2026-08-26,2026-08-26,FO,NSE,IDO,46924,,NIFTY,,2026-09-01,2026-09-01,22450.00,PE,NIFTY2690122450PE,1.80,1.95,1.05,1.20,1.05,1.75,24207.75,1.20,99385,56615,13832,20185530322.75,3077,F1,65,,,,,
2026-08-26,2026-08-26,FO,NSE,IDO,46968,,NIFTY,,2026-09-01,2026-09-01,23550.00,PE,NIFTY2690123550PE,4.95,6.00,2.80,3.20,3.30,5.75,24207.75,3.20,515775,35035,108620,166295704123.25,23632,F1,65,,,,,
2026-08-26,2026-08-26,FO,NSE,IDO,46996,,NIFTY,,2026-09-01,2026-09-01,24250.00,PE,NIFTY2690124250PE,48.00,84.35,36.55,67.85,75.10,63.25,24207.75,67.85,2812030,-539825,1781580,2815628145209.75,727689,F1,65,,,,,
2026-08-26,2026-08-26,FO,NSE,IDO,47054,,NIFTY,,2026-09-01,2026-09-01,25700.00,PE,NIFTY2690125700PE,0.00,0.00,0.00,1213.95,1213.95,1213.95,24207.75,1466.98,130,0,0,0.00,0,F1,65,,,,,
2026-08-26,2026-08-26,FO,NSE,IDO,47060,,NIFTY,,2026-09-01,2026-09-01,25850.00,PE,NIFTY2690125850PE,0.00,0.00,0.00,1593.20,0.00,1593.20,24207.75,1616.60,0,0,0,0.00,0,F1,65,,,,,
2026-08-26,2026-08-26,FO,NSE,IDO,47084,,NIFTY,,2026-09-01,2026-09-01,26450.00,PE,NIFTY2690126450PE,0.00,0.00,0.00,2127.00,0.00,2127.00,24207.75,2215.87,0,0,0,0.00,0,F1,65,,,,,
2026-08-26,2026-08-26,FO,NSE,IDO,47086,,NIFTY,,2026-09-01,2026-09-01,26500.00,PE,NIFTY2690126500PE,2150.00,2153.00,2150.00,2153.00,2153.00,2275.75,24207.75,2265.82,325,65,2,3724695.00,2,F1,65,,,,,
2026-08-26,2026-08-26,FO,NSE,IDO,47120,,NIFTY,,2026-09-01,2026-09-01,27200.00,PE,NIFTY2690127200PE,0.00,0.00,0.00,2801.50,2811.30,2801.50,24207.75,2965.12,2080,0,0,0.00,0,F1,65,,,,,
2026-08-26,2026-08-26,FO,NSE,IDO,42566,,NIFTY,,2026-09-08,2026-09-08,22350.00,PE,NIFTY2690822350PE,3.50,3.65,3.00,3.45,3.50,4.20,24207.75,3.45,280605,200330,5041,7324419014.25,1383,F1,65,,,,,
2026-08-26,2026-08-26,FO,NSE,IDO,42582,,NIFTY,,2026-09-08,2026-09-08,22750.00,PE,NIFTY2690822750PE,5.80,6.00,2.50,3.90,3.30,5.75,24207.75,3.90,6890,5395,212,313547724.75,152,F1,65,,,,,
2026-08-26,2026-08-26,FO,NSE,IDO,42602,,NIFTY,,2026-09-08,2026-09-08,23250.00,PE,NIFTY2690823250PE,6.15,6.60,5.60,6.25,6.20,68.40,24207.75,6.25,23465,23465,628,949310469.25,453,F1,65,,,,,
2026-08-26,2026-08-26,FO,NSE,IDO,42624,,NIFTY,,2026-09-08,2026-09-08,23600.00,PE,NIFTY2690823600PE,10.45,13.85,9.15,12.30,12.65,13.20,24207.75,12.30,1273480,477425,33521,51445135036.75,17046,F1,65,,,,,
2026-08-26,2026-08-26,FO,NSE,IDO,42640,,NIFTY,,2026-09-08,2026-09-08,24000.00,PE,NIFTY2690824000PE,35.00,53.70,29.00,44.25,47.85,45.45,24207.75,44.25,980395,430105,50706,79235444281.50,31705,F1,65,,,,,
2026-08-26,2026-08-26,FO,NSE,IDO,42650,,NIFTY,,2026-09-08,2026-09-08,24250.00,PE,NIFTY2690824250PE,90.00,123.85,70.10,109.60,114.05,105.20,24207.75,109.60,227565,127855,15781,24978041390.25,11259,F1,65,,,,,
2026-08-26,2026-08-26,FO,NSE,IDO,42654,,NIFTY,,2026-09-08,2026-09-08,24350.00,PE,NIFTY2690824350PE,129.90,167.70,99.00,149.95,160.60,139.75,24207.75,149.95,129285,81185,15731,25032605893.75,12228,F1,65,,,,,
2026-08-26,2026-08-26,FO,NSE,IDO,42724,,NIFTY,,2026-09-08,2026-09-08,25600.00,PE,NIFTY2690825600PE,0.00,0.00,0.00,1041.75,0.00,1041.75,24207.75,1349.17,0,0,0,0.00,0,F1,65,,,,,
2026-08-26,2026-08-26,FO,NSE,IDO,42732,,NIFTY,,2026-09-08,2026-09-08,25750.00,PE,NIFTY2690825750PE,0.00,0.00,0.00,1155.15,0.00,1155.15,24207.75,1494.15,0,0,0,0.00,0,F1,65,,,,,
2026-08-26,2026-08-26,FO,NSE,IDO,47254,,NIFTY,,2026-09-15,2026-09-15,22400.00,PE,NIFTY2691522400PE,5.90,5.90,3.30,4.15,4.15,6.00,24207.75,5.28,7085,0,33,48056973.25,19,F1,65,,,,,
2026-08-26,2026-08-26,FO,NSE,IDO,47290,,NIFTY,,2026-09-15,2026-09-15,23300.00,PE,NIFTY2691523300PE,0.00,0.00,0.00,89.65,0.00,89.65,24207.75,62.82,0,0,0,0.00,0,F1,65,,,,,
2026-08-26,2026-08-26,FO,NSE,IDO,47336,,NIFTY,,2026-09-15,2026-09-15,24400.00,PE,NIFTY2691524400PE,155.10,212.95,141.00,197.85,206.05,192.95,24207.75,197.85,117910,77805,4360,6967503972.00,3044,F1,65,,,,,
2026-08-26,2026-08-26,FO,NSE,IDO,47380,,NIFTY,,2026-09-15,2026-09-15,25300.00,PE,NIFTY2691525300PE,0.00,0.00,0.00,920.35,0.00,920.35,24207.75,1076.20,0,0,0,0.00,0,F1,65,,,,,
2026-08-26,2026-08-26,FO,NSE,IDO,47019,,NIFTY,,2026-09-01,2026-09-01,24850.00,CE,NIFTY2690124850CE,9.00,10.95,5.15,6.00,5.65,6.90,24207.75,6.00,1829555,766545,244607,395216081861.25,69860,F1,65,,,,,
2026-08-26,2026-08-26,FO,NSE,IDO,47017,,NIFTY,,2026-09-01,2026-09-01,24800.00,CE,NIFTY2690124800CE,11.00,14.90,6.30,7.50,6.60,8.75,24207.75,7.50,7389005,2180555,639609,1031440461665.25,165126,F1,65,,,,,
2026-08-26,2026-08-26,FO,NSE,IDO,47013,,NIFTY,,2026-09-01,2026-09-01,24700.00,CE,NIFTY2690124700CE,29.15,32.20,11.20,13.45,12.30,17.75,24207.75,13.45,5400720,2093065,701429,1126958642101.50,206400,F1,65,,,,,
2026-08-26,2026-08-26,FO,NSE,IDO,46981,,NIFTY,,2026-09-01,2026-09-01,23900.00,CE,NIFTY2690123900CE,506.30,574.10,419.10,446.55,438.75,486.20,24207.75,446.55,215215,-48100,8847,14024684449.75,5770,F1,65,,,,,
2026-08-26,2026-08-26,FO,NSE,IDO,46969,,NIFTY,,2026-09-01,2026-09-01,23600.00,CE,NIFTY2690123600CE,816.65,869.50,721.45,752.20,725.70,777.40,24207.75,752.20,43420,12870,700,1110639666.50,633,F1,65,,,,,
2026-08-26,2026-08-26,FO,NSE,IDO,46919,,NIFTY,,2026-09-01,2026-09-01,22350.00,CE,NIFTY2690122350CE,0.00,0.00,0.00,2032.25,0.00,2032.25,24207.75,1880.05,0,0,0,0.00,0,F1,65,,,,,
2026-08-26,2026-08-26,FO,NSE,IDO,46907,,NIFTY,,2026-09-01,2026-09-01,22050.00,CE,NIFTY2690122050CE,0.00,0.00,0.00,2313.35,0.00,2313.35,24207.75,2179.74,0,0,0,0.00,0,F1,65,,,,,
2026-08-26,2026-08-26,FO,NSE,IDO,47370,,NIFTY,,2026-09-15,2026-09-15,25150.00,PE,NIFTY2691525150PE,0.00,0.00,0.00,817.10,0.00,817.10,24207.75,949.92,0,0,0,0.00,0,F1,65,,,,,
2026-08-26,2026-08-26,FO,NSE,IDO,47368,,NIFTY,,2026-09-15,2026-09-15,25100.00,PE,NIFTY2691525100PE,635.05,635.05,635.05,635.05,635.05,836.55,24207.75,909.12,130,0,1,1672778.25,1,F1,65,,,,,
2026-08-26,2026-08-26,FO,NSE,IDO,47360,,NIFTY,,2026-09-15,2026-09-15,24900.00,PE,NIFTY2691524900PE,476.25,476.25,464.35,464.35,464.35,658.65,24207.75,754.18,260,65,3,4946821.75,3,F1,65,,,,,
2026-08-26,2026-08-26,FO,NSE,IDO,47334,,NIFTY,,2026-09-15,2026-09-15,24350.00,PE,NIFTY2691524350PE,155.05,186.85,124.55,174.55,181.40,165.50,24207.75,174.55,12545,1690,1143,1820569539.75,736,F1,65,,,,,
2026-08-26,2026-08-26,FO,NSE,IDO,47304,,NIFTY,,2026-09-15,2026-09-15,23650.00,PE,NIFTY2691523650PE,22.30,29.65,19.40,25.50,25.50,29.55,24207.75,25.50,12870,10010,329,506273218.75,214,F1,65,,,,,
2026-08-26,2026-08-26,FO,NSE,IDO,47274,,NIFTY,,2026-09-15,2026-09-15,22900.00,PE,NIFTY2691522900PE,9.25,9.25,6.45,7.15,6.95,8.55,24207.75,7.15,10205,6110,105,156342741.75,77,F1,65,,,,,
2026-08-26,2026-08-26,FO,NSE,IDO,42766,,NIFTY,,2026-09-08,2026-09-08,26300.00,PE,NIFTY2690826300PE,0.00,0.00,0.00,1612.35,0.00,1612.35,24207.75,2036.46,0,0,0,0.00,0,F1,65,,,,,
2026-08-26,2026-08-26,FO,NSE,IDO,42742,,NIFTY,,2026-09-08,2026-09-08,25900.00,PE,NIFTY2690825900PE,0.00,0.00,0.00,1274.25,0.00,1274.25,24207.75,1640.82,0,0,0,0.00,0,F1,65,,,,,
2026-08-26,2026-08-26,FO,NSE,IDO,42702,,NIFTY,,2026-09-08,2026-09-08,25300.00,PE,NIFTY2690825300PE,0.00,0.00,0.00,1025.00,1025.00,1025.00,24207.75,1067.33,585,0,0,0.00,0,F1,65,,,,,
2026-08-26,2026-08-26,FO,NSE,IDO,42700,,NIFTY,,2026-09-08,2026-09-08,25250.00,PE,NIFTY2690825250PE,0.00,0.00,0.00,795.80,0.00,795.80,24207.75,1021.83,0,0,0,0.00,0,F1,65,,,,,
2026-08-26,2026-08-26,FO,NSE,IDO,42668,,NIFTY,,2026-09-08,2026-09-08,24650.00,PE,NIFTY2690824650PE,269.55,362.95,247.75,331.45,353.65,315.10,24207.75,331.45,10725,7085,462,749383131.25,403,F1,65,,,,,
2026-08-26,2026-08-26,FO,NSE,IDO,42646,,NIFTY,,2026-09-08,2026-09-08,24150.00,PE,NIFTY2690824150PE,57.10,89.55,49.45,76.20,79.60,75.20,24207.75,76.20,347555,111800,14883,23429377172.50,10425,F1,65,,,,,
2026-08-26,2026-08-26,FO,NSE,IDO,47103,,NIFTY,,2026-09-01,2026-09-01,26800.00,PE,NIFTY2690126800PE,0.00,0.00,0.00,2454.60,0.00,2454.60,24207.75,2565.52,0,0,0,0.00,0,F1,65,,,,,
2026-08-26,2026-08-26,FO,NSE,IDO,47050,,NIFTY,,2026-09-01,2026-09-01,25600.00,PE,NIFTY2690125600PE,0.00,0.00,0.00,1363.55,1363.55,1363.55,24207.75,1367.39,1105,0,0,0.00,0,F1,65,,,,,
2026-08-26,2026-08-26,FO,NSE,IDO,47032,,NIFTY,,2026-09-01,2026-09-01,25150.00,PE,NIFTY2690125150PE,715.80,828.00,688.00,806.40,828.00,800.00,24207.75,806.40,3185,2015,78,131439558.25,54,F1,65,,,,,
2026-08-26,2026-08-26,FO,NSE,IDO,47022,,NIFTY,,2026-09-01,2026-09-01,24900.00,PE,NIFTY2690124900PE,497.60,593.70,439.40,555.10,581.95,517.20,24207.75,555.10,46540,23400,3539,5843221309.25,2885,F1,65,,,,,
2026-08-26,2026-08-26,FO,NSE,IDO,47018,,NIFTY,,2026-09-01,2026-09-01,24800.00,PE,NIFTY2690124800PE,403.95,499.75,346.00,459.25,480.70,425.75,24207.75,459.25,152425,26910,13593,22278496886.75,8817,F1,65,,,,,
2026-08-26,2026-08-26,FO,NSE,IDO,46990,,NIFTY,,2026-09-01,2026-09-01,24100.00,PE,NIFTY2690124100PE,22.00,40.15,17.35,31.05,32.85,31.05,24207.75,31.05,4091620,63570,1013148,1588979131541.75,351077,F1,65,,,,,
2026-08-26,2026-08-26,FO,NSE,IDO,46976,,NIFTY,,2026-09-01,2026-09-01,23750.00,PE,NIFTY2690123750PE,8.50,8.50,4.55,5.35,5.30,8.50,24207.75,5.35,1173055,221000,289338,446776449057.25,57746,F1,65,,,,,
2026-08-26,2026-08-26,FO,NSE,IDO,46974,,NIFTY,,2026-09-01,2026-09-01,23700.00,PE,NIFTY2690123700PE,5.95,7.45,3.85,4.70,4.65,7.50,24207.75,4.70,4313010,1606020,560501,863633865877.25,96997,F1,65,,,,,
2026-08-26,2026-08-26,FO,NSE,IDO,46940,,NIFTY,,2026-09-01,2026-09-01,22850.00,PE,NIFTY2690122850PE,1.70,2.40,1.40,1.65,1.50,2.35,24207.75,1.65,43745,-4615,7795,11578390723.25,2531,F1,65,,,,,
2026-08-26,2026-08-26,FO,NSE,IDO,46926,,NIFTY,,2026-09-01,2026-09-01,22500.00,PE,NIFTY2690122500PE,1.35,1.80,1.25,1.40,1.25,1.80,24207.75,1.40,4286230,758290,118330,173068565510.75,21365,F1,65,,,,,
2026-08-26,2026-08-26,FO,NSE,IDO,47363,,NIFTY,,2026-09-15,2026-09-15,25000.00,CE,NIFTY2691525000CE,36.50,43.10,25.65,28.60,26.70,32.25,24207.75,28.60,471315,201890,13632,22181096141.75,7615,F1,65,,,,,
2026-08-26,2026-08-26,FO,NSE,IDO,47295,,NIFTY,,2026-09-15,2026-09-15,23450.00,CE,NIFTY2691523450CE,0.00,0.00,0.00,1271.65,0.00,1271.65,24207.75,922.58,0,0,0,0.00,0,F1,65,,,,,
2026-08-26,2026-08-26,FO,NSE,IDO,42761,,NIFTY,,2026-09-08,2026-09-08,26200.00,CE,NIFTY2690826200CE,1.60,1.95,1.15,1.45,1.45,1.55,24207.75,1.45,5070,715,188,320181098.25,94,F1,65,,,,,
2026-08-26,2026-08-26,FO,NSE,IDO,42753,,NIFTY,,2026-09-08,2026-09-08,26100.00,CE,NIFTY2690826100CE,1.80,1.80,1.25,1.50,1.25,1.90,24207.75,1.50,9230,3575,326,553090411.25,214,F1,65,,,,,
2026-08-26,2026-08-26,FO,NSE,IDO,42741,,NIFTY,,2026-09-08,2026-09-08,25900.00,CE,NIFTY2690825900CE,2.05,2.40,1.45,1.95,1.95,2.00,24207.75,1.95,28275,16120,934,1572502343.75,541,F1,65,,,,,
2026-08-26,2026-08-26,FO,NSE,IDO,42723,,NIFTY,,2026-09-08,2026-09-08,25600.00,CE,NIFTY2690825600CE,3.60,3.85,2.50,2.90,2.90,3.10,24207.75,2.90,533455,32890,12256,20396234456.00,5020,F1,65,,,,,
2026-08-26,2026-08-26,FO,NSE,IDO,42714,,NIFTY,,2026-09-08,2026-09-08,25550.00,CE,NIFTY2690825550CE,3.70,3.70,2.65,3.10,3.05,2.90,24207.75,3.10,16510,9490,478,793933127.00,339,F1,65,,,,,
2026-08-26,2026-08-26,FO,NSE,IDO,42709,,NIFTY,,2026-09-08,2026-09-08,25450.00,CE,NIFTY2690825450CE,0.00,0.00,0.00,244.70,0.00,244.70,24207.75,19.30,0,0,0,0.00,0,F1,65,,,,,
2026-08-26,2026-08-26,FO,NSE,IDO,42643,,NIFTY,,2026-09-08,2026-09-08,24100.00,CE,NIFTY2690824100CE,362.20,433.80,308.50,337.90,320.40,365.85,24207.75,337.90,233415,8840,3434,5460794738.75,2508,F1,65,,,,,
2026-08-26,2026-08-26,FO,NSE,IDO,42633,,NIFTY,,2026-09-08,2026-09-08,23850.00,CE,NIFTY2690823850CE,616.70,645.00,518.25,518.25,518.25,525.00,24207.75,518.25,585,-65,14,22243208.00,14,F1,65,,,,,
2026-08-26,2026-08-26,FO,NSE,IDO,42625,,NIFTY,,2026-09-08,2026-09-08,23650.00,CE,NIFTY2690823650CE,0.00,0.00,0.00,690.00,690.00,690.00,24207.75,692.18,65,0,0,0.00,0,F1,65,,,,,
2026-08-26,2026-08-26,FO,NSE,IDO,42589,,NIFTY,,2026-09-08,2026-09-08,22950.00,CE,NIFTY2690822950CE,0.00,0.00,0.00,1838.05,0.00,1838.05,24207.75,1317.34,0,0,0,0.00,0,F1,65,,,,,
2026-08-26,2026-08-26,FO,NSE,IDO,47119,,NIFTY,,2026-09-01,2026-09-01,27200.00,CE,NIFTY2690127200CE,0.60,0.65,0.45,0.55,0.45,0.60,24207.75,0.55,349765,200850,14025,24796696505.75,3159,F1,65,,,,,
2026-08-26,2026-08-26,FO,NSE,IDO,47069,,NIFTY,,2026-09-01,2026-09-01,26100.00,CE,NIFTY2690126100CE,0.95,0.95,0.65,0.70,0.65,0.75,24207.75,0.70,127530,25025,5781,9807735648.75,1305,F1,65,,,,,
2026-08-26,2026-08-26,FO,NSE,IDO,47074,,NIFTY,,2026-09-01,2026-09-01,26200.00,PE,NIFTY2690126200PE,0.00,0.00,0.00,1950.00,1950.00,1950.00,24207.75,1966.13,65,0,0,0.00,0,F1,65,,,,,
2026-08-26,2026-08-26,FO,NSE,IDO,46916,,NIFTY,,2026-09-01,2026-09-01,22250.00,PE,NIFTY2690122250PE,1.10,1.55,0.95,1.05,1.15,1.40,24207.75,1.05,27040,9360,2518,3641847150.50,1022,F1,65,,,,,
2026-08-26,2026-08-26,FO,NSE,IDO,46936,,NIFTY,,2026-09-01,2026-09-01,22750.00,PE,NIFTY2690122750PE,1.60,2.15,1.25,1.50,1.25,2.15,24207.75,1.50,70395,25220,8905,13169180706.50,2986,F1,65,,,,,
2026-08-26,2026-08-26,FO,NSE,IDO,46950,,NIFTY,,2026-09-01,2026-09-01,23100.00,PE,NIFTY2690123100PE,2.35,2.90,1.70,2.00,1.75,3.10,24207.75,2.00,1417715,716495,110121,165361503700.25,22192,F1,65,,,,,
2026-08-26,2026-08-26,FO,NSE,IDO,46962,,NIFTY,,2026-09-01,2026-09-01,23400.00,PE,NIFTY2690123400PE,3.65,4.25,2.30,2.65,2.40,4.70,24207.75,2.65,1955915,-1883570,268538,408497110362.25,47249,F1,65,,,,,
2026-08-26,2026-08-26,FO,NSE,IDO,46978,,NIFTY,,2026-09-01,2026-09-01,23800.00,PE,NIFTY2690123800PE,7.20,9.00,5.30,6.50,6.85,9.55,24207.75,6.50,4556695,1486875,622286,962957370277.50,119462,F1,65,,,,,
2026-08-26,2026-08-26,FO,NSE,IDO,47016,,NIFTY,,2026-09-01,2026-09-01,24750.00,PE,NIFTY2690124750PE,328.35,449.80,301.75,420.15,434.30,380.65,24207.75,420.15,79365,45890,9268,15132959198.50,7174,F1,65,,,,,
2026-08-26,2026-08-26,FO,NSE,IDO,47064,,NIFTY,,2026-09-01,2026-09-01,25950.00,PE,NIFTY2690125950PE,0.00,0.00,0.00,1679.00,0.00,1679.00,24207.75,1716.44,0,0,0,0.00,0,F1,65,,,,,
2026-08-26,2026-08-26,FO,NSE,IDO,47109,,NIFTY,,2026-09-01,2026-09-01,26950.00,PE,NIFTY2690126950PE,0.00,0.00,0.00,2597.50,0.00,2597.50,24207.75,2715.37,0,0,0,0.00,0,F1,65,,,,,
2026-08-26,2026-08-26,FO,NSE,IDO,42578,,NIFTY,,2026-09-08,2026-09-08,22650.00,PE,NIFTY2690822650PE,3.60,4.10,3.20,4.00,4.10,4.75,24207.75,4.00,4160,975,38,55954808.00,36,F1,65,,,,,
2026-08-26,2026-08-26,FO,NSE,IDO,42596,,NIFTY,,2026-09-08,2026-09-08,23100.00,PE,NIFTY2690823100PE,5.10,11.00,4.70,5.30,5.40,6.35,24207.75,5.30,161135,90350,6319,9490106931.50,3892,F1,65,,,,,
2026-08-26,2026-08-26,FO,NSE,IDO,42652,,NIFTY,,2026-09-08,2026-09-08,24300.00,PE,NIFTY2690824300PE,96.55,144.95,83.40,128.65,138.00,122.90,24207.75,128.65,1295710,753090,74775,118675855054.25,52837,F1,65,,,,,
2026-08-26,2026-08-26,FO,NSE,IDO,42666,,NIFTY,,2026-09-08,2026-09-08,24600.00,PE,NIFTY2690824600PE,250.05,325.00,214.35,305.35,314.90,278.15,24207.75,305.35,131300,64935,5884,9512825013.25,4467,F1,65,,,,,
2026-08-26,2026-08-26,FO,NSE,IDO,42674,,NIFTY,,2026-09-08,2026-09-08,24800.00,PE,NIFTY2690824800PE,380.30,478.60,353.00,440.40,478.60,432.00,24207.75,440.40,17160,6435,678,1110908883.50,461,F1,65,,,,,
2026-08-26,2026-08-26,FO,NSE,IDO,42734,,NIFTY,,2026-09-08,2026-09-08,25800.00,PE,NIFTY2690825800PE,0.00,0.00,0.00,1194.35,0.00,1194.35,24207.75,1542.88,0,0,0,0.00,0,F1,65,,,,,
2026-08-26,2026-08-26,FO,NSE,IDO,47262,,NIFTY,,2026-09-15,2026-09-15,22600.00,PE,NIFTY2691522600PE,6.85,6.85,6.85,6.85,6.85,6.85,24207.75,9.96,910,0,4,5877781.00,1,F1,65,,,,,
2026-08-26,2026-08-26,FO,NSE,IDO,47286,,NIFTY,,2026-09-15,2026-09-15,23200.00,PE,NIFTY2691523200PE,0.00,0.00,0.00,75.80,0.00,75.80,24207.75,49.93,0,0,0,0.00,0,F1,65,,,,,
2026-08-26,2026-08-26,FO,NSE,IDO,47330,,NIFTY,,2026-09-15,2026-09-15,24250.00,PE,NIFTY2691524250PE,104.85,147.90,94.35,133.95,140.95,131.45,24207.75,133.95,18590,-2470,990,1568570441.75,723,F1,65,,,,,
2026-08-26,2026-08-26,FO,NSE,IDO,47343,,NIFTY,,2026-09-15,2026-09-15,24550.00,PE,NIFTY2691524550PE,233.55,290.00,206.45,275.10,276.75,258.60,24207.75,275.10,5655,2340,159,256205953.25,149,F1,65,,,,,
2026-08-26,2026-08-26,FO,NSE,IDO,47364,,NIFTY,,2026-09-15,2026-09-15,25000.00,PE,NIFTY2691525000PE,536.00,655.25,536.00,655.25,655.25,601.05,24207.75,655.25,975,910,22,36573299.75,19,F1,65,,,,,
2026-08-26,2026-08-26,FO,NSE,IDO,47388,,NIFTY,,2026-09-15,2026-09-15,25450.00,PE,NIFTY2691525450PE,0.00,0.00,0.00,1030.55,0.00,1030.55,24207.75,1207.58,0,0,0,0.00,0,F1,65,,,,,
2026-08-26,2026-08-26,FO,NSE,IDO,47396,,NIFTY,,2026-09-15,2026-09-15,25600.00,PE,NIFTY2691525600PE,0.00,0.00,0.00,1144.25,0.00,1144.25,24207.75,1343.21,0,0,0,0.00,0,F1,65,,,,,
2026-08-26,2026-08-26,FO,NSE,IDO,47412,,NIFTY,,2026-09-15,2026-09-15,25750.00,PE,NIFTY2691525750PE,0.00,0.00,0.00,1263.75,0.00,1263.75,24207.75,1482.28,0,0,0,0.00,0,F1,65,,,,,
2026-08-26,2026-08-26,FO,NSE,IDO,46967,,NIFTY,,2026-09-01,2026-09-01,23550.00,CE,NIFTY2690123550CE,889.20,919.60,782.05,817.55,783.35,810.10,24207.75,817.55,16510,1885,121,191953375.25,83,F1,65,,,,,
2026-08-26,2026-08-26,FO,NSE,IDO,46955,,NIFTY,,2026-09-01,2026-09-01,23250.00,CE,NIFTY2690123250CE,0.00,0.00,0.00,1259.15,0.00,1259.15,24207.75,985.29,0,0,0,0.00,0,F1,65,,,,,
2026-08-26,2026-08-26,FO,NSE,IDO,46947,,NIFTY,,2026-09-01,2026-09-01,23050.00,CE,NIFTY2690123050CE,0.00,0.00,0.00,1182.00,1182.00,1182.00,24207.75,1182.07,65,0,0,0.00,0,F1,65,,,,,
2026-08-26,2026-08-26,FO,NSE,IDO,47033,,NIFTY,,2026-09-01,2026-09-01,25200.00,CE,NIFTY2690125200CE,1.75,2.35,1.55,2.00,2.15,1.85,24207.75,2.00,3032380,1657370,322044,527551317296.25,53837,F1,65,,,,,
2026-08-26,2026-08-26,FO,NSE,IDO,47281,,NIFTY,,2026-09-15,2026-09-15,23100.00,CE,NIFTY2691523100CE,0.00,0.00,0.00,1569.25,0.00,1569.25,24207.75,1223.72,0,0,0,0.00,0,F1,65,,,,,
2026-08-26,2026-08-26,FO,NSE,IDO,47321,,NIFTY,,2026-09-15,2026-09-15,24050.00,CE,NIFTY2691524050CE,462.55,464.75,432.40,434.15,432.40,462.25,24207.75,434.15,2210,0,12,19112632.50,8,F1,65,,,,,
2026-08-26,2026-08-26,FO,NSE,IDO,47261,,NIFTY,,2026-09-15,2026-09-15,22600.00,CE,NIFTY2691522600CE,0.00,0.00,0.00,2026.95,0.00,2026.95,24207.75,1692.75,0,0,0,0.00,0,F1,65,,,,,
2026-08-26,2026-08-26,FO,NSE,IDO,42759,,NIFTY,,2026-09-08,2026-09-08,26150.00,CE,NIFTY2690826150CE,1.70,1.70,1.25,1.45,1.45,1.60,24207.75,1.81,585,-195,14,23797910.50,7,F1,65,,,,,
2026-08-26,2026-08-26,FO,NSE,IDO,42707,,NIFTY,,2026-09-08,2026-09-08,25400.00,CE,NIFTY2690825400CE,3.85,4.40,3.05,3.85,3.80,3.45,24207.75,3.85,160355,132210,7937,13106009046.00,4995,F1,65,,,,,
2026-08-26,2026-08-26,FO,NSE,IDO,42641,,NIFTY,,2026-09-08,2026-09-08,24050.00,CE,NIFTY2690824050CE,450.80,471.85,347.95,374.50,355.00,403.35,24207.75,374.50,12350,3705,496,788232347.50,357,F1,65,,,,,
2026-08-26,2026-08-26,FO,NSE,IDO,42593,,NIFTY,,2026-09-08,2026-09-08,23050.00,CE,NIFTY2690823050CE,0.00,0.00,0.00,1746.80,0.00,1746.80,24207.75,1221.79,0,0,0,0.00,0,F1,65,,,,,
2026-08-26,2026-08-26,FO,NSE,IDO,42583,,NIFTY,,2026-09-08,2026-09-08,22800.00,CE,NIFTY2690822800CE,0.00,0.00,0.00,1977.10,0.00,1977.10,24207.75,1462.70,0,0,0,0.00,0,F1,65,,,,,
2026-08-26,2026-08-26,FO,NSE,IDO,47094,,NIFTY,,2026-09-01,2026-09-01,26650.00,CE,NIFTY2690126650CE,0.75,0.80,0.55,0.65,0.60,0.85,24207.75,0.65,6760,4940,1014,1756544874.50,224,F1,65,,,,,
2026-08-26,2026-08-26,FO,NSE,IDO,47065,,NIFTY,,2026-09-01,2026-09-01,26000.00,CE,NIFTY2690126000CE,0.75,0.80,0.65,0.70,0.65,0.75,24207.75,0.70,4128085,463710,163057,275573925562.00,20964,F1,65,,,,,
2026-08-26,2026-08-26,FO,NSE,IDO,47059,,NIFTY,,2026-09-01,2026-09-01,25850.00,CE,NIFTY2690125850CE,0.80,0.85,0.65,0.70,0.70,0.80,24207.75,0.70,198640,140985,8558,14379988051.00,1688,F1,65,,,,,
2026-08-26,2026-08-26,FO,NSE,IDO,47045,,NIFTY,,2026-09-01,2026-09-01,25500.00,CE,NIFTY2690125500CE,1.25,1.40,1.00,1.15,1.20,1.05,24207.75,1.15,6422455,3124550,353253,585543836254.00,78134,F1,65,,,,,
2026-08-26,2026-08-26,FO,NSE,IDO,47345,,NIFTY,,2026-09-15,2026-09-15,24600.00,CE,NIFTY2691524600CE,154.05,159.35,99.10,107.45,99.80,127.70,24207.75,107.45,125840,32435,3029,4868381703.25,2172,F1,65,,,,,
2026-08-26,2026-08-26,FO,NSE,IDO,47347,,NIFTY,,2026-09-15,2026-09-15,24650.00,CE,NIFTY2691524650CE,125.70,137.00,86.00,92.20,86.00,108.80,24207.75,92.20,24570,1430,595,957570467.75,404,F1,65,,,,,
2026-08-26,2026-08-26,FO,NSE,IDO,47359,,NIFTY,,2026-09-15,2026-09-15,24900.00,CE,NIFTY2691524900CE,0.00,0.00,0.00,375.05,0.00,375.05,24207.75,144.61,0,0,0,0.00,0,F1,65,,,,,
2026-08-26,2026-08-26,FO,NSE,IDO,47369,,NIFTY,,2026-09-15,2026-09-15,25150.00,CE,NIFTY2691525150CE,0.00,0.00,0.00,284.50,0.00,284.50,24207.75,91.18,0,0,0,0.00,0,F1,65,,,,,
2026-08-26,2026-08-26,FO,NSE,IDO,47393,,NIFTY,,2026-09-15,2026-09-15,25550.00,CE,NIFTY2691525550CE,0.00,0.00,0.00,175.20,0.00,175.20,24207.75,40.17,0,0,0,0.00,0,F1,65,,,,,
2026-08-26,2026-08-26,FO,NSE,IDO,47429,,NIFTY,,2026-09-15,2026-09-15,26000.00,CE,NIFTY2691526000CE,3.45,3.45,2.45,3.20,3.25,3.05,24207.75,3.20,34580,780,665,1123979993.50,277,F1,65,,,,,
2026-08-26,2026-08-26,FO,NSE,IDO,47385,,NIFTY,,2026-09-15,2026-09-15,25400.00,CE,NIFTY2691525400CE,0.00,0.00,0.00,211.35,0.00,211.35,24207.75,55.37,0,0,0,0.00,0,F1,65,,,,,
2026-08-26,2026-08-26,FO,NSE,IDO,42735,,NIFTY,,2026-09-08,2026-09-08,25850.00,CE,NIFTY2690825850CE,2.05,2.20,1.60,2.10,2.00,3.30,24207.75,2.10,5525,3835,386,648622201.50,209,F1,65,,,,,
2026-08-26,2026-08-26,FO,NSE,IDO,46927,,NIFTY,,2026-09-01,2026-09-01,22550.00,CE,NIFTY2690122550CE,0.00,0.00,0.00,1849.95,0.00,1849.95,24207.75,1680.27,0,0,0,0.00,0,F1,65,,,,,
2026-08-26,2026-08-26,FO,NSE,IDO,46965,,NIFTY,,2026-09-01,2026-09-01,23500.00,CE,NIFTY2690123500CE,927.00,969.35,810.00,839.05,823.45,876.60,24207.75,839.05,141115,13780,1419,2248681184.75,975,F1,65,,,,,
2026-08-26,2026-08-26,FO,NSE,IDO,47041,,NIFTY,,2026-09-01,2026-09-01,25400.00,CE,NIFTY2690125400CE,1.65,2.20,1.10,1.25,1.35,1.20,24207.75,1.25,1953445,1226550,258402,426644514829.00,54346,F1,65,,,,,
2026-08-26,2026-08-26,FO,NSE,IDO,47117,,NIFTY,,2026-09-01,2026-09-01,27150.00,CE,NIFTY2690127150CE,0.80,0.80,0.50,0.55,0.50,0.60,24207.75,0.55,32565,31330,1277,2253634084.00,527,F1,65,,,,,
2026-08-26,2026-08-26,FO,NSE,IDO,42579,,NIFTY,,2026-09-08,2026-09-08,22700.00,CE,NIFTY2690822700CE,0.00,0.00,0.00,2071.05,0.00,2071.05,24207.75,1560.61,0,0,0,0.00,0,F1,65,,,,,
2026-08-26,2026-08-26,FO,NSE,IDO,42687,,NIFTY,,2026-09-08,2026-09-08,25050.00,CE,NIFTY2690825050CE,45.60,45.60,8.65,10.45,9.95,381.40,24207.75,10.45,86255,86255,2201,3585299048.50,1460,F1,65,,,,,
2026-08-26,2026-08-26,FO,NSE,IDO,47294,,NIFTY,,2026-09-15,2026-09-15,23400.00,PE,NIFTY2691523400PE,16.05,17.80,12.00,15.65,16.10,17.85,24207.75,15.65,64090,2795,803,1222120467.75,267,F1,65,,,,,
2026-08-26,2026-08-26,FO,NSE,IDO,47258,,NIFTY,,2026-09-15,2026-09-15,22500.00,PE,NIFTY2691522500PE,5.20,5.95,4.30,5.15,4.85,5.70,24207.75,5.15,39910,5850,468,684609932.50,199,F1,65,,,,,
2026-08-26,2026-08-26,FO,NSE,IDO,42636,,NIFTY,,2026-09-08,2026-09-08,23900.00,PE,NIFTY2690823900PE,18.65,37.60,18.65,31.80,33.70,32.45,24207.75,31.80,1238770,951990,47581,74003542980.25,27304,F1,65,,,,,
2026-08-26,2026-08-26,FO,NSE,IDO,42588,,NIFTY,,2026-09-08,2026-09-08,22900.00,PE,NIFTY2690822900PE,4.20,4.90,3.90,4.55,4.80,5.70,24207.75,4.55,96655,33345,4641,6909421337.00,2464,F1,65,,,,,
2026-08-26,2026-08-26,FO,NSE,IDO,47107,,NIFTY,,2026-09-01,2026-09-01,26900.00,PE,NIFTY2690126900PE,0.00,0.00,0.00,2549.75,0.00,2549.75,24207.75,2665.42,0,0,0,0.00,0,F1,65,,,,,
2026-08-26,2026-08-26,FO,NSE,IDO,47034,,NIFTY,,2026-09-01,2026-09-01,25200.00,PE,NIFTY2690125200PE,780.00,890.00,738.05,867.15,876.75,818.50,24207.75,867.15,39715,3315,175,295904098.75,146,F1,65,,,,,
2026-08-26,2026-08-26,FO,NSE,IDO,42769,,NIFTY,,2026-09-08,2026-09-08,26400.00,CE,NIFTY2690826400CE,1.20,1.25,1.05,1.15,1.10,1.35,24207.75,1.15,29380,1430,806,1383154890.00,286,F1,65,,,,,
2026-08-26,2026-08-26,FO,NSE,IDO,46918,,NIFTY,,2026-09-01,2026-09-01,22300.00,PE,NIFTY2690122300PE,1.55,1.55,1.05,1.15,1.15,1.50,24207.75,1.15,284440,108420,11086,16070010011.25,3762,F1,65,,,,,
2026-08-26,2026-08-26,FO,NSE,IDO,46942,,NIFTY,,2026-09-01,2026-09-01,22900.00,PE,NIFTY2690122900PE,1.80,2.25,1.25,1.70,1.40,2.45,24207.75,1.70,530790,131105,50009,74444198062.00,11082,F1,65,,,,,
2026-08-26,2026-08-26,FO,NSE,IDO,46952,,NIFTY,,2026-09-01,2026-09-01,23150.00,PE,NIFTY2690123150PE,2.35,3.10,1.70,2.00,1.75,3.25,24207.75,2.00,214370,58890,33311,50129446146.00,7983,F1,65,,,,,
2026-08-26,2026-08-26,FO,NSE,IDO,46972,,NIFTY,,2026-09-01,2026-09-01,23650.00,PE,NIFTY2690123650PE,6.90,6.90,3.40,3.95,4.05,6.60,24207.75,3.95,996255,116545,362910,557989960986.25,57011,F1,65,,,,,
2026-08-26,2026-08-26,FO,NSE,IDO,47010,,NIFTY,,2026-09-01,2026-09-01,24600.00,PE,NIFTY2690124600PE,253.90,313.95,183.85,281.30,296.75,256.45,24207.75,281.30,604175,200590,201571,325452628234.50,122942,F1,65,,,,,
2026-08-26,2026-08-26,FO,NSE,IDO,47068,,NIFTY,,2026-09-01,2026-09-01,26050.00,PE,NIFTY2690126050PE,0.00,0.00,0.00,1800.00,1800.00,1800.00,24207.75,1816.30,65,0,0,0.00,0,F1,65,,,,,
2026-08-26,2026-08-26,FO,NSE,IDO,42576,,NIFTY,,2026-09-08,2026-09-08,22600.00,PE,NIFTY2690822600PE,3.05,4.50,3.05,3.90,4.50,4.35,24207.75,3.90,71370,42640,2105,3092747963.50,802,F1,65,,,,,
2026-08-26,2026-08-26,FO,NSE,IDO,42584,,NIFTY,,2026-09-08,2026-09-08,22800.00,PE,NIFTY2690822800PE,3.85,4.45,3.60,4.20,4.45,4.75,24207.75,4.20,93600,52845,3259,4830677042.75,1700,F1,65,,,,,
2026-08-26,2026-08-26,FO,NSE,IDO,42592,,NIFTY,,2026-09-08,2026-09-08,23000.00,PE,NIFTY2690823000PE,4.75,5.05,4.30,4.85,4.70,6.05,24207.75,4.85,441870,99450,10455,15633444593.00,5604,F1,65,,,,,
2026-08-26,2026-08-26,FO,NSE,IDO,42630,,NIFTY,,2026-09-08,2026-09-08,23750.00,PE,NIFTY2690823750PE,19.65,22.30,13.40,19.50,20.15,20.35,24207.75,19.50,145340,82680,6235,9632290499.00,3741,F1,65,,,,,
2026-08-26,2026-08-26,FO,NSE,IDO,42644,,NIFTY,,2026-09-08,2026-09-08,24100.00,PE,NIFTY2690824100PE,50.00,75.40,41.00,63.85,67.60,64.30,24207.75,63.85,971750,555490,40800,64066011145.50,24817,F1,65,,,,,
2026-08-26,2026-08-26,FO,NSE,IDO,42648,,NIFTY,,2026-09-08,2026-09-08,24200.00,PE,NIFTY2690824200PE,76.30,105.55,58.75,92.25,96.55,90.20,24207.75,92.25,868855,128895,41930,66183651131.00,28038,F1,65,,,,,
2026-08-26,2026-08-26,FO,NSE,IDO,42676,,NIFTY,,2026-09-08,2026-09-08,24850.00,PE,NIFTY2690824850PE,420.25,507.00,396.80,504.40,507.00,535.60,24207.75,504.40,1625,1560,50,82244266.00,41,F1,65,,,,,
2026-08-26,2026-08-26,FO,NSE,IDO,42715,,NIFTY,,2026-09-08,2026-09-08,25550.00,PE,NIFTY2690825550PE,0.00,0.00,0.00,1003.80,0.00,1003.80,24207.75,1301.33,0,0,0,0.00,0,F1,65,,,,,
2026-08-26,2026-08-26,FO,NSE,IDO,42736,,NIFTY,,2026-09-08,2026-09-08,25850.00,PE,NIFTY2690825850PE,0.00,0.00,0.00,1234.05,0.00,1234.05,24207.75,1591.78,0,0,0,0.00,0,F1,65,,,,,
2026-08-26,2026-08-26,FO,NSE,IDO,42746,,NIFTY,,2026-09-08,2026-09-08,26000.00,PE,NIFTY2690826000PE,1615.00,1615.00,1615.00,1615.00,1615.00,1576.20,24207.75,1739.25,130,65,1,1794975.00,1,F1,65,,,,,
2026-08-26,2026-08-26,FO,NSE,IDO,47276,,NIFTY,,2026-09-15,2026-09-15,22950.00,PE,NIFTY2691522950PE,9.00,9.15,6.30,9.00,9.00,9.45,24207.75,26.82,6305,260,90,134302974.00,31,F1,65,,,,,
2026-08-26,2026-08-26,FO,NSE,IDO,47296,,NIFTY,,2026-09-15,2026-09-15,23450.00,PE,NIFTY2691523450PE,0.00,0.00,0.00,114.05,0.00,114.05,24207.75,86.97,0,0,0,0.00,0,F1,65,,,,,
2026-08-26,2026-08-26,FO,NSE,IDO,47352,,NIFTY,,2026-09-15,2026-09-15,24750.00,PE,NIFTY2691524750PE,359.95,423.80,323.90,392.45,392.45,384.55,24207.75,644.95,2925,2405,61,99540662.00,56,F1,65,,,,,
2026-08-26,2026-08-26,FO,NSE,IDO,47355,,NIFTY,,2026-09-15,2026-09-15,24800.00,PE,NIFTY2691524800PE,409.25,430.90,383.85,430.00,430.00,415.00,24207.75,680.12,130,65,11,18028393.50,10,F1,65,,,,,
2026-08-26,2026-08-26,FO,NSE,IDO,47275,,NIFTY,,2026-09-15,2026-09-15,22950.00,CE,NIFTY2691522950CE,0.00,0.00,0.00,1703.20,0.00,1703.20,24207.75,1360.78,0,0,0,0.00,0,F1,65,,,,,
2026-08-26,2026-08-26,FO,NSE,IDO,47269,,NIFTY,,2026-09-15,2026-09-15,22800.00,CE,NIFTY2691522800CE,0.00,0.00,0.00,1840.25,0.00,1840.25,24207.75,1501.31,0,0,0,0.00,0,F1,65,,,,,
2026-08-26,2026-08-26,FO,NSE,IDO,47257,,NIFTY,,2026-09-15,2026-09-15,22500.00,CE,NIFTY2691522500CE,0.00,0.00,0.00,2121.70,0.00,2121.70,24207.75,1789.76,0,0,0,0.00,0,F1,65,,,,,
2026-08-26,2026-08-26,FO,NSE,IDO,42747,,NIFTY,,2026-09-08,2026-09-08,26050.00,CE,NIFTY2690826050CE,2.00,2.00,1.30,1.70,1.60,2.05,24207.75,1.70,33540,2535,385,651939801.50,261,F1,65,,,,,
2026-08-26,2026-08-26,FO,NSE,IDO,42729,,NIFTY,,2026-09-08,2026-09-08,25750.00,CE,NIFTY2690825750CE,2.10,2.70,1.90,2.30,2.40,2.05,24207.75,2.30,10920,2340,750,1255419844.25,447,F1,65,,,,,
2026-08-26,2026-08-26,FO,NSE,IDO,42608,,NIFTY,,2026-09-08,2026-09-08,23400.00,CE,NIFTY2690823400CE,0.00,0.00,0.00,1438.90,0.00,1438.90,24207.75,901.11,0,0,0,0.00,0,F1,65,,,,,
2026-08-26,2026-08-26,FO,NSE,IDO,47100,,NIFTY,,2026-09-01,2026-09-01,26750.00,CE,NIFTY2690126750CE,0.90,0.95,0.55,0.70,0.65,0.80,24207.75,0.70,7540,4810,621,1079791014.25,289,F1,65,,,,,
2026-08-26,2026-08-26,FO,NSE,IDO,47077,,NIFTY,,2026-09-01,2026-09-01,26300.00,CE,NIFTY2690126300CE,0.70,0.80,0.60,0.70,0.60,0.65,24207.75,0.70,172380,104585,6858,11724051469.00,1369,F1,65,,,,,
2026-08-26,2026-08-26,FO,NSE,IDO,47055,,NIFTY,,2026-09-01,2026-09-01,25750.00,CE,NIFTY2690125750CE,0.95,0.95,0.70,0.75,0.70,0.90,24207.75,0.75,357955,140855,18039,30193705194.25,4032,F1,65,,,,,
2026-08-26,2026-08-26,FO,NSE,IDO,46997,,NIFTY,,2026-09-01,2026-09-01,24300.00,CE,NIFTY2690124300CE,195.00,215.00,111.20,133.65,120.15,157.20,24207.75,133.65,8845785,5067660,2248121,3573633445593.25,1164494,F1,65,,,,,
2026-08-26,2026-08-26,FO,NSE,IDO,46993,,NIFTY,,2026-09-01,2026-09-01,24200.00,CE,NIFTY2690124200CE,243.00,295.00,170.20,197.70,181.85,223.35,24207.75,197.70,3650855,-170105,573479,910368840270.50,348414,F1,65,,,,,
2026-08-26,2026-08-26,FO,NSE,IDO,46987,,NIFTY,,2026-09-01,2026-09-01,24050.00,CE,NIFTY2690124050CE,380.75,430.60,283.90,316.85,299.25,346.85,24207.75,316.85,223665,22100,20196,32026694618.75,14034,F1,65,,,,,
2026-08-26,2026-08-26,FO,NSE,IDO,46973,,NIFTY,,2026-09-01,2026-09-01,23700.00,CE,NIFTY2690123700CE,702.30,771.25,613.60,642.75,625.85,681.25,24207.75,642.75,182455,-9685,2292,3635741034.25,1634,F1,65,,,,,
2026-08-26,2026-08-26,FO,NSE,IDO,47260,,NIFTY,,2026-09-15,2026-09-15,22550.00,PE,NIFTY2691522550PE,0.00,0.00,0.00,12.00,12.00,12.00,24207.75,8.54,65,0,0,0.00,0,F1,65,,,,,
2026-08-26,2026-08-26,FO,NSE,IDO,47282,,NIFTY,,2026-09-15,2026-09-15,23100.00,PE,NIFTY2691523100PE,9.40,11.25,7.40,8.45,7.40,10.00,24207.75,8.45,9750,7475,162,243341897.50,105,F1,65,,,,,
2026-08-26,2026-08-26,FO,NSE,IDO,46905,,NIFTY,,2026-09-01,2026-09-01,22000.00,CE,NIFTY2690122000CE,2450.00,2460.00,2270.00,2355.00,2355.00,2356.85,24207.75,2229.69,5200,2275,38,60312203.25,33,F1,65,,,,,
2026-08-26,2026-08-26,FO,NSE,IDO,46913,,NIFTY,,2026-09-01,2026-09-01,22200.00,CE,NIFTY2690122200CE,0.00,0.00,0.00,2171.80,0.00,2171.80,24207.75,2029.89,0,0,0,0.00,0,F1,65,,,,,
2026-08-26,2026-08-26,FO,NSE,IDO,47003,,NIFTY,,2026-09-01,2026-09-01,24450.00,CE,NIFTY2690124450CE,100.20,115.35,51.30,63.60,55.30,80.30,24207.75,63.60,4299945,3244865,1076912,1717164717300.50,523032,F1,65,,,,,
2026-08-26,2026-08-26,FO,NSE,IDO,47009,,NIFTY,,2026-09-01,2026-09-01,24600.00,CE,NIFTY2690124600CE,41.60,51.70,20.70,25.45,22.65,34.15,24207.75,25.45,6043180,2381080,1017896,1629865964636.00,376358,F1,65,,,,,
2026-08-26,2026-08-26,FO,NSE,IDO,47075,,NIFTY,,2026-09-01,2026-09-01,26250.00,CE,NIFTY2690126250CE,0.70,0.90,0.60,0.65,0.65,0.70,24207.75,0.65,37570,7475,707,1206351194.75,304,F1,65,,,,,
2026-08-26,2026-08-26,FO,NSE,IDO,47081,,NIFTY,,2026-09-01,2026-09-01,26400.00,CE,NIFTY2690126400CE,0.75,1.15,0.55,0.65,0.60,0.70,24207.75,0.65,77870,59540,5461,9371314173.00,1150,F1,65,,,,,
2026-08-26,2026-08-26,FO,NSE,IDO,47102,,NIFTY,,2026-09-01,2026-09-01,26800.00,CE,NIFTY2690126800CE,0.90,0.90,0.50,0.65,0.60,0.75,24207.75,0.65,24310,14495,1953,3402203658.75,911,F1,65,,,,,
2026-08-26,2026-08-26,FO,NSE,IDO,47104,,NIFTY,,2026-09-01,2026-09-01,26850.00,CE,NIFTY2690126850CE,0.80,0.95,0.50,0.55,0.55,0.70,24207.75,0.55,18200,13000,1598,2788976394.75,459,F1,65,,,,,
2026-08-26,2026-08-26,FO,NSE,IDO,42587,,NIFTY,,2026-09-08,2026-09-08,22900.00,CE,NIFTY2690822900CE,0.00,0.00,0.00,1884.10,0.00,1884.10,24207.75,1365.55,0,0,0,0.00,0,F1,65,,,,,
2026-08-26,2026-08-26,FO,NSE,IDO,42597,,NIFTY,,2026-09-08,2026-09-08,23150.00,CE,NIFTY2690823150CE,0.00,0.00,0.00,1656.90,0.00,1656.90,24207.75,1127.68,0,0,0,0.00,0,F1,65,,,,,
2026-08-26,2026-08-26,FO,NSE,IDO,42601,,NIFTY,,2026-09-08,2026-09-08,23250.00,CE,NIFTY2690823250CE,0.00,0.00,0.00,1568.45,0.00,1568.45,24207.75,1035.37,0,0,0,0.00,0,F1,65,,,,,
2026-08-26,2026-08-26,FO,NSE,IDO,42669,,NIFTY,,2026-09-08,2026-09-08,24700.00,CE,NIFTY2690824700CE,65.65,74.55,40.80,46.30,42.65,55.05,24207.75,46.30,911300,408070,46703,75144588138.75,27546,F1,65,,,,,
2026-08-26,2026-08-26,FO,NSE,IDO,42683,,NIFTY,,2026-09-08,2026-09-08,25000.00,CE,NIFTY2690825000CE,18.00,20.90,11.25,12.45,12.00,13.60,24207.75,12.45,1677325,350935,66768,108561046392.50,29888,F1,65,,,,,
2026-08-26,2026-08-26,FO,NSE,IDO,47251,,NIFTY,,2026-09-15,2026-09-15,22350.00,CE,NIFTY2691522350CE,0.00,0.00,0.00,2265.30,0.00,2265.30,24207.75,1936.44,0,0,0,0.00,0,F1,65,,,,,
2026-08-26,2026-08-26,FO,NSE,IDO,47263,,NIFTY,,2026-09-15,2026-09-15,22650.00,CE,NIFTY2691522650CE,0.00,0.00,0.00,1979.90,0.00,1979.90,24207.75,1644.54,0,0,0,0.00,0,F1,65,,,,,
2026-08-26,2026-08-26,FO,NSE,IDO,47277,,NIFTY,,2026-09-15,2026-09-15,23000.00,CE,NIFTY2691523000CE,0.00,0.00,0.00,1460.75,1460.75,1460.75,24207.75,1314.66,65,0,0,0.00,0,F1,65,,,,,
2026-08-26,2026-08-26,FO,NSE,IDO,47279,,NIFTY,,2026-09-15,2026-09-15,23050.00,CE,NIFTY2691523050CE,0.00,0.00,0.00,1613.50,0.00,1613.50,24207.75,1268.97,0,0,0,0.00,0,F1,65,,,,,
2026-08-26,2026-08-26,FO,NSE,IDO,47283,,NIFTY,,2026-09-15,2026-09-15,23150.00,CE,NIFTY2691523150CE,0.00,0.00,0.00,1525.35,0.00,1525.35,24207.75,1178.96,0,0,0,0.00,0,F1,65,,,,,
2026-08-26,2026-08-26,FO,NSE,IDO,47287,,NIFTY,,2026-09-15,2026-09-15,23250.00,CE,NIFTY2691523250CE,0.00,0.00,0.00,1438.90,0.00,1438.90,24207.75,1091.03,0,0,0,0.00,0,F1,65,,,,,
2026-08-26,2026-08-26,FO,NSE,IDO,47297,,NIFTY,,2026-09-15,2026-09-15,23500.00,CE,NIFTY2691523500CE,0.00,0.00,0.00,1231.15,0.00,1231.15,24207.75,882.22,0,0,0,0.00,0,F1,65,,,,,
2026-08-26,2026-08-26,FO,NSE,IDO,47323,,NIFTY,,2026-09-15,2026-09-15,24100.00,CE,NIFTY2691524100CE,436.20,484.55,368.70,393.60,368.70,415.00,24207.75,393.60,14040,-1170,311,495806320.75,246,F1,65,,,,,
2026-08-26,2026-08-26,FO,NSE,IDO,47356,,NIFTY,,2026-09-15,2026-09-15,24850.00,CE,NIFTY2691524850CE,0.00,0.00,0.00,395.35,0.00,395.35,24207.75,156.45,0,0,0,0.00,0,F1,65,,,,,
2026-08-26,2026-08-26,FO,NSE,IDO,47365,,NIFTY,,2026-09-15,2026-09-15,25050.00,CE,NIFTY2691525050CE,0.00,0.00,0.00,318.55,0.00,318.55,24207.75,109.96,0,0,0,0.00,0,F1,65,,,,,
2026-08-26,2026-08-26,FO,NSE,IDO,47373,,NIFTY,,2026-09-15,2026-09-15,25250.00,CE,NIFTY2691525250CE,0.00,0.00,0.00,253.25,0.00,253.25,24207.75,75.09,0,0,0,0.00,0,F1,65,,,,,
2026-08-26,2026-08-26,FO,NSE,IDO,47397,,NIFTY,,2026-09-15,2026-09-15,25650.00,CE,NIFTY2691525650CE,0.00,0.00,0.00,153.90,0.00,153.90,24207.75,32.14,0,0,0,0.00,0,F1,65,,,,,
2026-08-26,2026-08-26,FO,NSE,IDO,47407,,NIFTY,,2026-09-15,2026-09-15,25750.00,CE,NIFTY2691525750CE,0.00,0.00,0.00,134.65,0.00,134.65,24207.75,25.53,0,0,0,0.00,0,F1,65,,,,,
2026-08-26,2026-08-26,FO,NSE,IDO,47415,,NIFTY,,2026-09-15,2026-09-15,25850.00,CE,NIFTY2691525850CE,2.20,3.80,1.80,3.80,3.80,2.70,24207.75,20.13,2665,1625,73,122674197.75,19,F1,65,,,,,
2026-08-26,2026-08-26,FO,NSE,IDO,47437,,NIFTY,,2026-09-15,2026-09-15,26100.00,CE,NIFTY2691526100CE,4.80,4.80,1.40,1.95,1.95,4.45,24207.75,10.77,1300,-195,8,13573189.50,6,F1,65,,,,,
2026-08-26,2026-08-26,FO,NSE,IDO,47441,,NIFTY,,2026-09-15,2026-09-15,26200.00,CE,NIFTY2691526200CE,3.30,3.30,2.05,2.50,2.15,2.60,24207.75,2.50,6370,845,97,165207428.75,38,F1,65,,,,,
2026-08-26,2026-08-26,FO,NSE,IDO,46938,,NIFTY,,2026-09-01,2026-09-01,22800.00,PE,NIFTY2690122800PE,2.10,2.10,1.30,1.55,1.35,2.15,24207.75,1.55,971620,-134095,69825,103488083536.50,16232,F1,65,,,,,
2026-08-26,2026-08-26,FO,NSE,IDO,46948,,NIFTY,,2026-09-01,2026-09-01,23050.00,PE,NIFTY2690123050PE,2.50,2.75,1.55,1.85,1.75,3.05,24207.75,1.85,102050,-15405,23435,35114551377.75,5078,F1,65,,,,,
2026-08-26,2026-08-26,FO,NSE,IDO,46994,,NIFTY,,2026-09-01,2026-09-01,24200.00,PE,NIFTY2690124200PE,42.90,66.50,28.30,52.95,57.95,50.60,24207.75,52.95,6197945,-1127555,1848955,2914170255116.25,695820,F1,65,,,,,
2026-08-26,2026-08-26,FO,NSE,IDO,47002,,NIFTY,,2026-09-01,2026-09-01,24400.00,PE,NIFTY2690124400PE,98.00,161.40,77.60,135.20,147.90,121.75,24207.75,135.20,2825420,709930,1886329,3005958121660.00,983335,F1,65,,,,,
2026-08-26,2026-08-26,FO,NSE,IDO,47020,,NIFTY,,2026-09-01,2026-09-01,24850.00,PE,NIFTY2690124850PE,406.80,539.95,392.20,508.75,529.65,467.05,24207.75,508.75,30485,27365,2763,4544660305.25,2435,F1,65,,,,,
2026-08-26,2026-08-26,FO,NSE,IDO,47030,,NIFTY,,2026-09-01,2026-09-01,25100.00,PE,NIFTY2690125100PE,689.95,781.10,635.90,770.85,779.90,720.20,24207.75,770.85,48035,5525,328,550343976.00,295,F1,65,,,,,
2026-08-26,2026-08-26,FO,NSE,IDO,47046,,NIFTY,,2026-09-01,2026-09-01,25500.00,PE,NIFTY2690125500PE,1060.00,1189.00,1034.00,1163.70,1171.95,1131.35,24207.75,1163.70,317265,17485,546,943286155.50,297,F1,65,,,,,
2026-08-26,2026-08-26,FO,NSE,IDO,47048,,NIFTY,,2026-09-01,2026-09-01,25550.00,PE,NIFTY2690125550PE,0.00,0.00,0.00,1310.00,1310.00,1310.00,24207.75,1317.67,585,0,0,0.00,0,F1,65,,,,,
2026-08-26,2026-08-26,FO,NSE,IDO,47078,,NIFTY,,2026-09-01,2026-09-01,26300.00,PE,NIFTY2690126300PE,0.00,0.00,0.00,1841.35,1841.35,1841.35,24207.75,2066.03,2210,0,0,0.00,0,F1,65,,,,,
2026-08-26,2026-08-26,FO,NSE,IDO,47436,,NIFTY,,2026-09-15,2026-09-15,26050.00,PE,NIFTY2691526050PE,0.00,0.00,0.00,1515.75,0.00,1515.75,24207.75,1768.00,0,0,0,0.00,0,F1,65,,,,,
2026-08-26,2026-08-26,FO,NSE,IDO,47372,,NIFTY,,2026-09-15,2026-09-15,25200.00,PE,NIFTY2691525200PE,0.00,0.00,0.00,850.00,850.00,850.00,24207.75,991.39,130,0,0,0.00,0,F1,65,,,,,
2026-08-26,2026-08-26,FO,NSE,IDO,47346,,NIFTY,,2026-09-15,2026-09-15,24600.00,PE,NIFTY2691524600PE,260.00,324.00,231.85,318.90,321.55,298.00,24207.75,318.90,12870,6175,420,679243932.25,379,F1,65,,,,,
2026-08-26,2026-08-26,FO,NSE,IDO,47332,,NIFTY,,2026-09-15,2026-09-15,24300.00,PE,NIFTY2691524300PE,128.70,169.00,108.80,155.55,158.35,147.50,24207.75,155.55,126555,55185,6019,9560858043.75,4748,F1,65,,,,,
2026-08-26,2026-08-26,FO,NSE,IDO,47318,,NIFTY,,2026-09-15,2026-09-15,23950.00,PE,NIFTY2691523950PE,50.40,66.05,40.70,55.75,62.30,59.80,24207.75,55.75,21905,4160,410,639660206.25,270,F1,65,,,,,
2026-08-26,2026-08-26,FO,NSE,IDO,47292,,NIFTY,,2026-09-15,2026-09-15,23350.00,PE,NIFTY2691523350PE,0.00,0.00,0.00,97.30,0.00,97.30,24207.75,70.19,0,0,0,0.00,0,F1,65,,,,,
2026-08-26,2026-08-26,FO,NSE,IDO,47099,,NIFTY,,2026-09-01,2026-09-01,26700.00,PE,NIFTY2690126700PE,0.00,0.00,0.00,2360.10,0.00,2360.10,24207.75,2465.62,0,0,0,0.00,0,F1,65,,,,,
2026-08-26,2026-08-26,FO,NSE,IDO,47111,,NIFTY,,2026-09-01,2026-09-01,27000.00,PE,NIFTY2690127000PE,0.00,0.00,0.00,2610.50,2610.50,2610.50,24207.75,2765.32,65,0,0,0.00,0,F1,65,,,,,
2026-08-26,2026-08-26,FO,NSE,IDO,42600,,NIFTY,,2026-09-08,2026-09-08,23200.00,PE,NIFTY2690823200PE,5.75,6.40,3.85,5.90,5.45,7.15,24207.75,5.90,244920,73970,8066,12166449178.00,4465,F1,65,,,,,
2026-08-26,2026-08-26,FO,NSE,IDO,42628,,NIFTY,,2026-09-08,2026-09-08,23700.00,PE,NIFTY2690823700PE,16.00,18.90,11.65,16.75,17.70,17.30,24207.75,16.75,654550,197210,20518,31627667708.00,13112,F1,65,,,,,
2026-08-26,2026-08-26,FO,NSE,IDO,42670,,NIFTY,,2026-09-08,2026-09-08,24700.00,PE,NIFTY2690824700PE,298.05,401.15,279.05,372.75,393.10,352.15,24207.75,372.75,42835,26910,3133,5098599515.75,1800,F1,65,,,,,
2026-08-26,2026-08-26,FO,NSE,IDO,47421,,NIFTY,,2026-09-15,2026-09-15,25900.00,CE,NIFTY2691525900CE,2.75,4.10,2.60,4.10,4.10,3.40,24207.75,4.10,4030,910,32,53878808.75,13,F1,65,,,,,
2026-08-26,2026-08-26,FO,NSE,IDO,47423,,NIFTY,,2026-09-15,2026-09-15,25950.00,CE,NIFTY2691525950CE,3.00,4.45,2.35,2.95,2.95,2.35,24207.75,15.76,1040,-130,43,72538388.00,14,F1,65,,,,,
2026-08-26,2026-08-26,FO,NSE,IDO,46934,,NIFTY,,2026-09-01,2026-09-01,22700.00,PE,NIFTY2690122700PE,2.10,2.15,1.25,1.45,1.25,2.00,24207.75,1.45,408655,-455,24430,36048899695.25,7164,F1,65,,,,,
2026-08-26,2026-08-26,FO,NSE,IDO,46964,,NIFTY,,2026-09-01,2026-09-01,23450.00,PE,NIFTY2690123450PE,4.05,5.45,2.45,2.75,2.50,4.95,24207.75,2.75,682890,120055,100566,153307582343.50,20426,F1,65,,,,,
2026-08-26,2026-08-26,FO,NSE,IDO,46966,,NIFTY,,2026-09-01,2026-09-01,23500.00,PE,NIFTY2690123500PE,4.50,4.85,2.70,3.05,2.90,5.35,24207.75,3.05,5378945,1358565,509256,778002087609.50,92999,F1,65,,,,,
2026-08-26,2026-08-26,FO,NSE,IDO,46970,,NIFTY,,2026-09-01,2026-09-01,23600.00,PE,NIFTY2690123600PE,5.80,5.85,3.05,3.50,3.40,6.05,24207.75,3.50,2882425,-231140,430591,660639643706.25,75804,F1,65,,,,,
2026-08-26,2026-08-26,FO,NSE,IDO,47014,,NIFTY,,2026-09-01,2026-09-01,24700.00,PE,NIFTY2690124700PE,317.60,404.45,259.55,376.45,386.60,338.90,24207.75,376.45,300235,59735,42469,69074846532.25,29044,F1,65,,,,,
2026-08-26,2026-08-26,FO,NSE,IDO,47040,,NIFTY,,2026-09-01,2026-09-01,25350.00,PE,NIFTY2690125350PE,909.30,1025.00,908.00,997.00,1025.00,1180.85,24207.75,997.00,2470,2405,51,87242876.50,39,F1,65,,,,,
2026-08-26,2026-08-26,FO,NSE,IDO,47052,,NIFTY,,2026-09-01,2026-09-01,25650.00,PE,NIFTY2690125650PE,1260.00,1315.00,1260.00,1315.00,1315.00,1426.15,24207.75,1315.00,1040,1040,16,28015000.00,4,F1,65,,,,,
2026-08-26,2026-08-26,FO,NSE,IDO,47088,,NIFTY,,2026-09-01,2026-09-01,26550.00,PE,NIFTY2690126550PE,0.00,0.00,0.00,2219.65,0.00,2219.65,24207.75,2315.77,0,0,0,0.00,0,F1,65,,,,,
2026-08-26,2026-08-26,FO,NSE,IDO,47115,,NIFTY,,2026-09-01,2026-09-01,27100.00,PE,NIFTY2690127100PE,0.00,0.00,0.00,2741.55,0.00,2741.55,24207.75,2865.22,0,0,0,0.00,0,F1,65,,,,,
2026-08-26,2026-08-26,FO,NSE,IDO,42594,,NIFTY,,2026-09-08,2026-09-08,23050.00,PE,NIFTY2690823050PE,5.35,6.05,4.05,5.10,4.85,8.35,24207.75,5.10,37375,2145,618,926117809.50,449,F1,65,,,,,
2026-08-26,2026-08-26,FO,NSE,IDO,42611,,NIFTY,,2026-09-08,2026-09-08,23450.00,PE,NIFTY2690823450PE,8.30,9.60,6.30,8.90,9.00,9.70,24207.75,8.90,83395,43680,2793,4258720017.50,1948,F1,65,,,,,
2026-08-26,2026-08-26,FO,NSE,IDO,42621,,NIFTY,,2026-09-08,2026-09-08,23550.00,PE,NIFTY2690823550PE,9.55,12.15,8.55,11.30,11.40,12.25,24207.75,11.30,60970,26260,3917,5998479587.75,2784,F1,65,,,,,
2026-08-26,2026-08-26,FO,NSE,IDO,42642,,NIFTY,,2026-09-08,2026-09-08,24050.00,PE,NIFTY2690824050PE,50.95,63.55,34.50,52.85,56.05,52.95,24207.75,52.85,149045,49660,13844,21685061957.00,10151,F1,65,,,,,
2026-08-26,2026-08-26,FO,NSE,IDO,42660,,NIFTY,,2026-09-08,2026-09-08,24450.00,PE,NIFTY2690824450PE,151.10,222.30,137.00,197.60,208.65,188.40,24207.75,197.60,393770,366730,11648,18652763444.25,8306,F1,65,,,,,
2026-08-26,2026-08-26,FO,NSE,IDO,42688,,NIFTY,,2026-09-08,2026-09-08,25050.00,PE,NIFTY2690825050PE,0.00,0.00,0.00,670.90,0.00,670.90,24207.75,845.71,0,0,0,0.00,0,F1,65,,,,,
2026-08-26,2026-08-26,FO,NSE,IDO,42712,,NIFTY,,2026-09-08,2026-09-08,25500.00,PE,NIFTY2690825500PE,1030.00,1124.05,1020.00,1124.05,1124.05,1235.00,24207.75,1253.79,1430,1170,18,31099172.00,16,F1,65,,,,,
2026-08-26,2026-08-26,FO,NSE,IDO,42754,,NIFTY,,2026-09-08,2026-09-08,26100.00,PE,NIFTY2690826100PE,0.00,0.00,0.00,1439.90,0.00,1439.90,24207.75,1838.07,0,0,0,0.00,0,F1,65,,,,,
2026-08-26,2026-08-26,FO,NSE,IDO,47256,,NIFTY,,2026-09-15,2026-09-15,22450.00,PE,NIFTY2691522450PE,0.00,0.00,0.00,17.60,0.00,17.60,24207.75,6.22,0,0,0,0.00,0,F1,65,,,,,
2026-08-26,2026-08-26,FO,NSE,IDO,47306,,NIFTY,,2026-09-15,2026-09-15,23700.00,PE,NIFTY2691523700PE,28.00,34.35,19.35,29.75,31.15,32.85,24207.75,29.75,85735,26975,2589,3992847927.25,1419,F1,65,,,,,
2026-08-26,2026-08-26,FO,NSE,IDO,47320,,NIFTY,,2026-09-15,2026-09-15,24000.00,PE,NIFTY2691524000PE,57.10,76.50,46.40,69.00,69.70,68.30,24207.75,69.00,268710,99710,7404,11578036837.25,4691,F1,65,,,,,
2026-08-26,2026-08-26,FO,NSE,IDO,47328,,NIFTY,,2026-09-15,2026-09-15,24200.00,PE,NIFTY2691524200PE,100.40,132.05,81.75,117.95,121.50,115.95,24207.75,117.95,204425,24700,5455,8619091494.00,3556,F1,65,,,,,
2026-08-26,2026-08-26,FO,NSE,IDO,47307,,NIFTY,,2026-09-15,2026-09-15,23750.00,CE,NIFTY2691523750CE,0.00,0.00,0.00,1037.30,0.00,1037.30,24207.75,692.56,0,0,0,0.00,0,F1,65,,,,,
2026-08-26,2026-08-26,FO,NSE,IDO,47303,,NIFTY,,2026-09-15,2026-09-15,23650.00,CE,NIFTY2691523650CE,0.00,0.00,0.00,1113.00,0.00,1113.00,24207.75,765.92,0,0,0,0.00,0,F1,65,,,,,
2026-08-26,2026-08-26,FO,NSE,IDO,47299,,NIFTY,,2026-09-15,2026-09-15,23550.00,CE,NIFTY2691523550CE,0.00,0.00,0.00,1191.15,0.00,1191.15,24207.75,842.64,0,0,0,0.00,0,F1,65,,,,,
2026-08-26,2026-08-26,FO,NSE,IDO,42733,,NIFTY,,2026-09-08,2026-09-08,25800.00,CE,NIFTY2690825800CE,2.10,2.70,1.75,2.10,2.15,2.10,24207.75,2.10,76310,38025,3135,5257811598.00,1715,F1,65,,,,,
2026-08-26,2026-08-26,FO,NSE,IDO,42725,,NIFTY,,2026-09-08,2026-09-08,25650.00,CE,NIFTY2690825650CE,2.45,3.05,2.25,2.55,2.50,2.35,24207.75,2.55,11180,1430,332,553581684.50,221,F1,65,,,,,
2026-08-26,2026-08-26,FO,NSE,IDO,42701,,NIFTY,,2026-09-08,2026-09-08,25300.00,CE,NIFTY2690825300CE,5.55,5.90,4.35,4.95,5.00,4.20,24207.75,4.95,464750,143650,18252,30021356875.25,10263,F1,65,,,,,
2026-08-26,2026-08-26,FO,NSE,IDO,42697,,NIFTY,,2026-09-08,2026-09-08,25200.00,CE,NIFTY2690825200CE,28.25,28.25,5.60,6.10,6.00,324.90,24207.75,6.10,128765,128765,8922,14617852837.25,5660,F1,65,,,,,
2026-08-26,2026-08-26,FO,NSE,IDO,42681,,NIFTY,,2026-09-08,2026-09-08,24950.00,CE,NIFTY2690824950CE,66.90,66.90,13.50,15.80,14.65,422.75,24207.75,15.80,155740,155740,8545,13867282159.25,6334,F1,65,,,,,
2026-08-26,2026-08-26,FO,NSE,IDO,42677,,NIFTY,,2026-09-08,2026-09-08,24900.00,CE,NIFTY2690824900CE,47.95,47.95,17.05,20.35,18.45,444.55,24207.75,20.35,508820,508820,29063,47078881469.75,17809,F1,65,,,,,
2026-08-26,2026-08-26,FO,NSE,IDO,42673,,NIFTY,,2026-09-08,2026-09-08,24800.00,CE,NIFTY2690824800CE,50.00,50.95,26.75,31.20,27.60,37.15,24207.75,31.20,1423760,257855,47889,77306949349.50,27470,F1,65,,,,,
2026-08-26,2026-08-26,FO,NSE,IDO,42671,,NIFTY,,2026-09-08,2026-09-08,24750.00,CE,NIFTY2690824750CE,55.80,60.15,32.90,38.05,35.05,45.85,24207.75,38.05,426530,269490,20404,32880592712.50,15186,F1,65,,,,,
2026-08-26,2026-08-26,FO,NSE,IDO,42635,,NIFTY,,2026-09-08,2026-09-08,23900.00,CE,NIFTY2690823900CE,559.80,611.00,471.35,492.05,477.85,531.20,24207.75,492.05,11440,1820,184,292149780.00,152,F1,65,,,,,
2026-08-26,2026-08-26,FO,NSE,IDO,42631,,NIFTY,,2026-09-08,2026-09-08,23800.00,CE,NIFTY2690823800CE,648.05,701.55,553.40,570.00,568.25,629.45,24207.75,570.00,17420,2925,326,517546636.75,214,F1,65,,,,,
2026-08-26,2026-08-26,FO,NSE,IDO,47108,,NIFTY,,2026-09-01,2026-09-01,26950.00,CE,NIFTY2690126950CE,1.20,1.25,0.55,0.60,0.65,0.65,24207.75,0.60,60450,23790,3466,6071722627.75,1171,F1,65,,,,,
2026-08-26,2026-08-26,FO,NSE,IDO,47063,,NIFTY,,2026-09-01,2026-09-01,25950.00,CE,NIFTY2690125950CE,0.80,0.90,0.65,0.70,0.65,0.80,24207.75,0.70,125515,103935,6621,11168281306.00,1368,F1,65,,,,,
2026-08-26,2026-08-26,FO,NSE,IDO,47061,,NIFTY,,2026-09-01,2026-09-01,25900.00,CE,NIFTY2690125900CE,0.70,0.80,0.60,0.70,0.65,0.75,24207.75,0.70,740740,44850,34126,57452714774.00,6143,F1,65,,,,,
2026-08-26,2026-08-26,FO,NSE,IDO,47057,,NIFTY,,2026-09-01,2026-09-01,25800.00,CE,NIFTY2690125800CE,0.80,0.90,0.65,0.75,0.70,0.75,24207.75,0.75,1782625,695370,135253,226825913210.00,19682,F1,65,,,,,
2026-08-26,2026-08-26,FO,NSE,IDO,47025,,NIFTY,,2026-09-01,2026-09-01,25000.00,CE,NIFTY2690125000CE,4.60,5.25,3.30,3.55,3.40,3.70,24207.75,3.55,8901880,3668405,665814,1082112667395.50,109778,F1,65,,,,,
2026-08-26,2026-08-26,FO,NSE,IDO,47001,,NIFTY,,2026-09-01,2026-09-01,24400.00,CE,NIFTY2690124400CE,125.00,144.80,67.85,83.10,73.80,103.05,24207.75,83.10,8697260,5270590,2242944,3572309689672.75,1078241,F1,65,,,,,
2026-08-26,2026-08-26,FO,NSE,IDO,46999,,NIFTY,,2026-09-01,2026-09-01,24350.00,CE,NIFTY2690124350CE,145.35,178.45,87.65,107.10,94.85,128.75,24207.75,107.10,5701930,3828565,1800589,2865262524224.75,933600,F1,65,,,,,
2026-08-26,2026-08-26,FO,NSE,IDO,46995,,NIFTY,,2026-09-01,2026-09-01,24250.00,CE,NIFTY2690124250CE,207.10,253.20,138.70,164.30,147.75,187.85,24207.75,164.30,2202655,762970,665261,1056527656476.50,404719,F1,65,,,,,
2026-08-26,2026-08-26,FO,NSE,IDO,46985,,NIFTY,,2026-09-01,2026-09-01,24000.00,CE,NIFTY2690124000CE,406.70,477.85,326.45,357.40,341.05,396.05,24207.75,357.40,952380,198640,93468,148187361903.75,43034,F1,65,,,,,
2026-08-26,2026-08-26,FO,NSE,IDO,47350,,NIFTY,,2026-09-15,2026-09-15,24700.00,PE,NIFTY2691524700PE,311.50,396.45,288.95,390.00,392.50,557.00,24207.75,390.00,2795,2730,94,152960466.75,75,F1,65,,,,,
2026-08-26,2026-08-26,FO,NSE,IDO,47406,,NIFTY,,2026-09-15,2026-09-15,25700.00,PE,NIFTY2691525700PE,0.00,0.00,0.00,1223.40,0.00,1223.40,24207.75,1435.59,0,0,0,0.00,0,F1,65,,,,,
2026-08-26,2026-08-26,FO,NSE,IDO,47414,,NIFTY,,2026-09-15,2026-09-15,25800.00,PE,NIFTY2691525800PE,0.00,0.00,0.00,1304.65,0.00,1304.65,24207.75,1529.27,0,0,0,0.00,0,F1,65,,,,,
2026-08-26,2026-08-26,FO,NSE,IDO,47422,,NIFTY,,2026-09-15,2026-09-15,25900.00,PE,NIFTY2691525900PE,0.00,0.00,0.00,1387.75,0.00,1387.75,24207.75,1624.08,0,0,0,0.00,0,F1,65,,,,,
2026-08-26,2026-08-26,FO,NSE,IDO,47438,,NIFTY,,2026-09-15,2026-09-15,26100.00,PE,NIFTY2691526100PE,0.00,0.00,0.00,1559.20,0.00,1559.20,24207.75,1816.35,0,0,0,0.00,0,F1,65,,,,,
2026-08-26,2026-08-26,FO,NSE,IDO,46959,,NIFTY,,2026-09-01,2026-09-01,23350.00,CE,NIFTY2690123350CE,0.00,0.00,0.00,960.10,960.10,960.10,24207.75,888.47,65,0,0,0.00,0,F1,65,,,,,
2026-08-26,2026-08-26,FO,NSE,IDO,47309,,NIFTY,,2026-09-15,2026-09-15,23800.00,CE,NIFTY2691523800CE,629.80,647.55,606.85,622.80,613.90,582.70,24207.75,622.80,2405,1950,51,81010553.00,27,F1,65,,,,,
2026-08-26,2026-08-26,FO,NSE,IDO,47335,,NIFTY,,2026-09-15,2026-09-15,24400.00,CE,NIFTY2691524400CE,234.95,268.20,180.05,194.15,186.45,217.15,24207.75,194.15,175370,75205,6158,9853306921.25,4310,F1,65,,,,,
2026-08-26,2026-08-26,FO,NSE,IDO,47349,,NIFTY,,2026-09-15,2026-09-15,24700.00,CE,NIFTY2691524700CE,104.90,118.00,72.30,79.55,76.45,92.85,24207.75,79.55,110175,43745,3046,4908911611.50,2194,F1,65,,,,,
2026-08-26,2026-08-26,FO,NSE,IDO,47379,,NIFTY,,2026-09-15,2026-09-15,25300.00,CE,NIFTY2691525300CE,12.10,13.40,9.70,10.45,9.80,11.10,24207.75,10.45,65910,43680,2072,3408901743.00,905,F1,65,,,,,
2026-08-26,2026-08-26,FO,NSE,IDO,46988,,NIFTY,,2026-09-01,2026-09-01,24050.00,PE,NIFTY2690124050PE,20.00,30.90,13.85,22.90,25.15,25.85,24207.75,22.90,1483040,519155,569005,890317765509.25,197832,F1,65,,,,,
2026-08-26,2026-08-26,FO,NSE,IDO,47338,,NIFTY,,2026-09-15,2026-09-15,24450.00,PE,NIFTY2691524450PE,176.65,235.30,160.65,215.95,229.75,209.00,24207.75,215.95,5655,130,359,575173612.00,230,F1,65,,,,,
2026-08-26,2026-08-26,FO,NSE,IDO,47326,,NIFTY,,2026-09-15,2026-09-15,24150.00,PE,NIFTY2691524150PE,88.95,115.00,72.05,105.15,108.05,99.65,24207.75,105.15,29770,1690,644,1014966397.25,447,F1,65,,,,,
2026-08-26,2026-08-26,FO,NSE,IDO,47270,,NIFTY,,2026-09-15,2026-09-15,22800.00,PE,NIFTY2691522800PE,8.00,10.50,4.65,6.75,6.75,7.70,24207.75,6.75,20670,-2405,174,257943247.25,58,F1,65,,,,,
2026-08-26,2026-08-26,FO,NSE,IDO,46909,,NIFTY,,2026-09-01,2026-09-01,22100.00,CE,NIFTY2690122100CE,0.00,0.00,0.00,2024.50,2024.50,2024.50,24207.75,2129.79,65,0,0,0.00,0,F1,65,,,,,
2026-08-26,2026-08-26,FO,NSE,IDO,46911,,NIFTY,,2026-09-01,2026-09-01,22150.00,CE,NIFTY2690122150CE,0.00,0.00,0.00,2218.80,0.00,2218.80,24207.75,2079.84,0,0,0,0.00,0,F1,65,,,,,
2026-08-26,2026-08-26,FO,NSE,IDO,46989,,NIFTY,,2026-09-01,2026-09-01,24100.00,CE,NIFTY2690124100CE,329.00,384.00,243.25,274.35,257.00,303.15,24207.75,274.35,1236170,67925,114569,181708827755.00,63893,F1,65,,,,,
2026-08-26,2026-08-26,FO,NSE,IDO,47110,,NIFTY,,2026-09-01,2026-09-01,27000.00,CE,NIFTY2690127000CE,0.65,0.75,0.50,0.55,0.50,0.65,24207.75,0.55,306865,188305,13614,23893079340.00,2315,F1,65,,,,,
2026-08-26,2026-08-26,FO,NSE,IDO,42569,,NIFTY,,2026-09-08,2026-09-08,22450.00,CE,NIFTY2690822450CE,0.00,0.00,0.00,2309.55,0.00,2309.55,24207.75,1807.53,0,0,0,0.00,0,F1,65,,,,,
2026-08-26,2026-08-26,FO,NSE,IDO,42571,,NIFTY,,2026-09-08,2026-09-08,22500.00,CE,NIFTY2690822500CE,0.00,0.00,0.00,2261.50,0.00,2261.50,24207.75,1757.97,0,0,0,0.00,0,F1,65,,,,,
2026-08-26,2026-08-26,FO,NSE,IDO,42637,,NIFTY,,2026-09-08,2026-09-08,23950.00,CE,NIFTY2690823950CE,515.95,549.25,434.00,455.85,434.00,488.65,24207.75,455.85,7020,1040,70,111133158.50,62,F1,65,,,,,
2026-08-26,2026-08-26,FO,NSE,IDO,42647,,NIFTY,,2026-09-08,2026-09-08,24200.00,CE,NIFTY2690824200CE,286.15,352.75,238.20,259.55,247.10,289.05,24207.75,259.55,599365,174655,24110,38371162186.50,15453,F1,65,,,,,
2026-08-26,2026-08-26,FO,NSE,IDO,42661,,NIFTY,,2026-09-08,2026-09-08,24500.00,CE,NIFTY2690824500CE,139.95,155.00,89.30,100.45,92.55,120.85,24207.75,100.45,1610635,970580,61915,99069771612.50,37468,F1,65,,,,,
2026-08-26,2026-08-26,FO,NSE,IDO,42675,,NIFTY,,2026-09-08,2026-09-08,24850.00,CE,NIFTY2690824850CE,35.85,38.45,21.35,24.35,22.10,28.15,24207.75,24.35,382590,780,17935,29002542871.25,13022,F1,65,,,,,
2026-08-26,2026-08-26,FO,NSE,IDO,42699,,NIFTY,,2026-09-08,2026-09-08,25250.00,CE,NIFTY2690825250CE,0.00,0.00,0.00,307.50,0.00,307.50,24207.75,34.11,0,0,0,0.00,0,F1,65,,,,,
2026-08-26,2026-08-26,FO,NSE,IDO,42705,,NIFTY,,2026-09-08,2026-09-08,25350.00,CE,NIFTY2690825350CE,0.00,0.00,0.00,274.75,0.00,274.75,24207.75,25.81,0,0,0,0.00,0,F1,65,,,,,
2026-08-26,2026-08-26,FO,NSE,IDO,42745,,NIFTY,,2026-09-08,2026-09-08,26000.00,CE,NIFTY2690826000CE,2.10,2.10,1.40,1.55,1.45,1.95,24207.75,1.55,363740,176150,9664,16333189869.75,3097,F1,65,,,,,
2026-08-26,2026-08-26,FO,NSE,IDO,42763,,NIFTY,,2026-09-08,2026-09-08,26250.00,CE,NIFTY2690826250CE,1.95,1.95,1.15,1.45,1.45,2.40,24207.75,1.45,1690,260,41,69960263.75,23,F1,65,,,,,
2026-08-26,2026-08-26,FO,NSE,IDO,47291,,NIFTY,,2026-09-15,2026-09-15,23350.00,CE,NIFTY2691523350CE,0.00,0.00,0.00,1354.25,0.00,1354.25,24207.75,1005.48,0,0,0,0.00,0,F1,65,,,,,
2026-08-26,2026-08-26,FO,NSE,IDO,47317,,NIFTY,,2026-09-15,2026-09-15,23950.00,CE,NIFTY2691523950CE,520.00,520.00,520.00,520.00,520.00,893.55,24207.75,557.60,65,65,1,1590550.00,1,F1,65,,,,,
2026-08-26,2026-08-26,FO,NSE,IDO,47367,,NIFTY,,2026-09-15,2026-09-15,25100.00,CE,NIFTY2691525100CE,0.00,0.00,0.00,301.20,0.00,301.20,24207.75,100.22,0,0,0,0.00,0,F1,65,,,,,
2026-08-26,2026-08-26,FO,NSE,IDO,47413,,NIFTY,,2026-09-15,2026-09-15,25800.00,CE,NIFTY2691525800CE,3.10,5.50,3.05,4.05,4.20,3.85,24207.75,4.05,18395,6500,341,571943625.50,188,F1,65,,,,,
2026-08-26,2026-08-26,FO,NSE,IDO,47435,,NIFTY,,2026-09-15,2026-09-15,26050.00,CE,NIFTY2691526050CE,2.00,3.35,2.00,3.25,3.25,2.65,24207.75,12.25,2405,325,34,57576675.00,10,F1,65,,,,,
2026-08-26,2026-08-26,FO,NSE,IDO,46922,,NIFTY,,2026-09-01,2026-09-01,22400.00,PE,NIFTY2690122400PE,1.20,1.70,1.00,1.10,1.20,1.70,24207.75,1.10,212680,49855,17756,25854206228.50,5240,F1,65,,,,,
2026-08-26,2026-08-26,FO,NSE,IDO,46928,,NIFTY,,2026-09-01,2026-09-01,22550.00,PE,NIFTY2690122550PE,2.00,2.00,1.20,1.35,1.20,1.95,24207.75,1.35,39520,20215,2875,4214300028.25,1274,F1,65,,,,,
2026-08-26,2026-08-26,FO,NSE,IDO,46930,,NIFTY,,2026-09-01,2026-09-01,22600.00,PE,NIFTY2690122600PE,1.70,1.90,1.20,1.35,1.20,1.85,24207.75,1.35,223340,-8775,18594,27316367910.00,4723,F1,65,,,,,
2026-08-26,2026-08-26,FO,NSE,IDO,46946,,NIFTY,,2026-09-01,2026-09-01,23000.00,PE,NIFTY2690123000PE,2.50,2.50,1.60,1.85,1.60,2.95,24207.75,1.85,4549090,616590,232877,348180734278.00,33110,F1,65,,,,,
2026-08-26,2026-08-26,FO,NSE,IDO,46954,,NIFTY,,2026-09-01,2026-09-01,23200.00,PE,NIFTY2690123200PE,2.75,3.20,1.70,2.10,1.75,3.50,24207.75,2.10,1644500,-205920,202045,304712994007.50,35342,F1,65,,,,,
2026-08-26,2026-08-26,FO,NSE,IDO,46992,,NIFTY,,2026-09-01,2026-09-01,24150.00,PE,NIFTY2690124150PE,38.50,52.00,22.15,40.50,43.35,39.95,24207.75,40.50,2325570,-225355,797432,1253687998488.25,297171,F1,65,,,,,
2026-08-26,2026-08-26,FO,NSE,IDO,47000,,NIFTY,,2026-09-01,2026-09-01,24350.00,PE,NIFTY2690124350PE,87.90,133.60,60.75,108.70,120.35,101.10,24207.75,108.70,2584270,1240525,2229174,3541613425551.50,1047213,F1,65,,,,,
2026-08-26,2026-08-26,FO,NSE,IDO,47006,,NIFTY,,2026-09-01,2026-09-01,24500.00,PE,NIFTY2690124500PE,146.00,231.25,122.40,199.60,216.35,184.85,24207.75,199.60,2165475,835835,761346,1220903780112.25,461023,F1,65,,,,,
